// GENERATED by tools/pack/mkmanafoldpage.py — do not edit, do not track.
// Creature 02 direct-colour page: one atlas (body/loop/hinge rows)
// + one separate eye page. Regenerate: python tools/pack/mkmanafoldpage.py
#ifndef ZHAO_REEL_UNNAMED02_PAGE_H
#define ZHAO_REEL_UNNAMED02_PAGE_H
namespace u02 {
constexpr int kU02AtlasW = 256;
constexpr int kU02AtlasH = 256;
constexpr int kU02AtlasWords = 87380;
constexpr uint16_t kU02Atlas[87380] = {
    0xFA51, 0xFA51, 0xFA51, 0xFA51, 0xFA51, 0xFA51, 0xFA51, 0xFA50, 0xF250, 0xF230, 0xF230, 0xF230,
    0xEA30, 0xEA2F, 0xE22F, 0xDA0F, 0xE22F, 0xE22F, 0xEA30, 0xEA30, 0xEA30, 0xEA2F, 0xEA2F, 0xEA2F,
    0xEA30, 0xF230, 0xF230, 0xF230, 0xF230, 0xF230, 0xEA30, 0xEA2F, 0xE22F, 0xDA0F, 0xDA0F, 0xDA0E,
    0xDA0F, 0xDA0F, 0xDA0F, 0xE20F, 0xE20F, 0xE22F, 0xEA2F, 0xEA30, 0xF230, 0xF250, 0xF250, 0xF250,
    0xEA30, 0xEA2F, 0xE22F, 0xE22F, 0xE22F, 0xE22F, 0xE22F, 0xE22F, 0xDA0F, 0xDA0F, 0xDA0F, 0xE20F,
    0xE22F, 0xE22F, 0xE20F, 0xDA0F, 0xDA0E, 0xDA0E, 0xDA0E, 0xDA0E, 0xDA0F, 0xE20F, 0xE22F, 0xEA2F,
    0xEA2F, 0xEA2F, 0xEA2F, 0xEA2F, 0xE22F, 0xE20F, 0xDA0F, 0xDA0F, 0xDA0F, 0xDA0F, 0xDA0F, 0xDA0F,
    0xE20F, 0xE22F, 0xE20F, 0xDA0F, 0xDA0E, 0xDA0E, 0xDA0E, 0xDA0F, 0xE20F, 0xDA0F, 0xDA0E, 0xDA0E,
    0xD20E, 0xD20E, 0xD20E, 0xD20E, 0xD20E, 0xD20E, 0xD1EE, 0xC9EE, 0xC9ED, 0xC1ED, 0xC1CD, 0xB9CD,
    0xC1ED, 0xC1ED, 0xC9ED, 0xC9EE, 0xC9EE, 0xD1EE, 0xD1EE, 0xD1EE, 0xC9EE, 0xC9EE, 0xC9EE, 0xC9ED,
    0xC9ED, 0xC9ED, 0xC9ED, 0xC9ED, 0xC9EE, 0xC9ED, 0xC9ED, 0xC9ED, 0xC9EE, 0xD1EE, 0xD20E, 0xDA0E,
    0xDA0E, 0xDA0E, 0xDA0F, 0xDA0F, 0xE20F, 0xE22F, 0xE22F, 0xE22F, 0xDA0F, 0xDA0F, 0xDA0F, 0xEC95,
    0xE20F, 0xE22F, 0xE22F, 0xDA0F, 0xDA0F, 0xDA0F, 0xE22F, 0xEA2F, 0xF230, 0xF230, 0xF250, 0xF250,
    0xFA50, 0xFA50, 0xFA50, 0xFA50, 0xFA50, 0xFA51, 0xFA51, 0xFA51, 0xFA50, 0xF250, 0xF230, 0xF250,
    0xFA50, 0xFA51, 0xFA50, 0xF250, 0xF230, 0xEA30, 0xEA30, 0xEA30, 0xEA2F, 0xEA2F, 0xEA30, 0xEA30,
    0xF230, 0xF230, 0xEA30, 0xEA2F, 0xEA2F, 0xEA2F, 0xEA2F, 0xE22F, 0xE22F, 0xDA0F, 0xDA0F, 0xDA0F,
    0xDA0F, 0xDA0F, 0xDA0F, 0xE20F, 0xE22F, 0xE22F, 0xE22F, 0xE22F, 0xDA0F, 0xDA0E, 0xD20E, 0xD20E,
    0xD20E, 0xD1EE, 0xC9ED, 0xC1ED, 0xB9CD, 0xB9CC, 0xB9CC, 0xB9CC, 0xB9CC, 0xB9CC, 0xB9CD, 0xC1CD,
    0xC1ED, 0xC1ED, 0xC1ED, 0xC9ED, 0xC1ED, 0xB9CD, 0xB9CC, 0xB9CC, 0xB9CC, 0xB9CC, 0xB9CC, 0xB1CC,
    0xB1AC, 0xA9AC, 0xCC73, 0xB1AC, 0xB1CC, 0xB1CC, 0xB1AC, 0xB1AC, 0xA9AC, 0xB1AC, 0xB1CC, 0xB9CC,
    0xB9CC, 0xB9CC, 0xB1CC, 0xB1CC, 0xB1CC, 0xB1CC, 0xB1CC, 0xB9CC, 0xB9CC, 0xB9CD, 0xC1CD, 0xC1CD,
    0xB9CD, 0xB9CD, 0xB9CC, 0xB9CC, 0xFA51, 0xFA51, 0xFA51, 0xFA51, 0xFA51, 0xFA51, 0xFA51, 0xFA50,
    0xF250, 0xF250, 0xF250, 0xF230, 0xF230, 0xEA2F, 0xE22F, 0xE20F, 0xE22F, 0xEA2F, 0xEA30, 0xF230,
    0xEA30, 0xEA2F, 0xEA2F, 0xEA2F, 0xEA30, 0xF250, 0xF250, 0xF250, 0xF250, 0xF250, 0xEA30, 0xEA2F,
    0xE22F, 0xDA0F, 0xDA0F, 0xDA0F, 0xDA0F, 0xE20F, 0xE20F, 0xE20F, 0xEC95, 0xE22F, 0xEA2F, 0xEA30,
    0xF230, 0xF250, 0xFA50, 0xF250, 0xF230, 0xEA2F, 0xE22F, 0xE22F, 0xE22F, 0xE22F, 0xEA2F, 0xE22F,
    0xE20F, 0xDA0F, 0xDA0F, 0xE20F, 0xE22F, 0xE22F, 0xE20F, 0xDA0F, 0xDA0E, 0xDA0E, 0xDA0E, 0xDA0F,
    0xDA0F, 0xE22F, 0xE22F, 0xEA2F, 0xEA2F, 0xEA2F, 0xEA2F, 0xEA2F, 0xE22F, 0xE20F, 0xDA0F, 0xDA0F,
    0xDA0F, 0xDA0F, 0xDA0F, 0xE20F, 0xE22F, 0xE22F, 0xE22F, 0xDA0F, 0xDA0F, 0xDA0E, 0xDA0F, 0xDA0F,
    0xE20F, 0xE20F, 0xDA0F, 0xDA0E, 0xE495, 0xDA0E, 0xDA0E, 0xDA0E, 0xD20E, 0xD20E, 0xD1EE, 0xC9EE,
    0xC9ED, 0xC1ED, 0xC1ED, 0xC1CD, 0xC1ED, 0xC9ED, 0xC9ED, 0xC9EE, 0xD1EE, 0xD1EE, 0xD20E, 0xD1EE,
    0xD1EE, 0xC9EE, 0xC9EE, 0xC9EE, 0xC9ED, 0xC9ED, 0xC9ED, 0xC9EE, 0xC9EE, 0xC9EE, 0xC9ED, 0xC9ED,
    0xC9EE, 0xD20E, 0xD20E, 0xDA0E, 0xDA0E, 0xDA0F, 0xDA0F, 0xDA0F, 0xE22F, 0xE22F, 0xE22F, 0xE22F,
    0xEC95, 0xDA0F, 0xDA0F, 0xE20F, 0xE22F, 0xE22F, 0xE22F, 0xE20F, 0xDA0F, 0xE20F, 0xE22F, 0xEA30,
    0xF230, 0xF250, 0xF250, 0xF250, 0xFA50, 0xFA50, 0xFA50, 0xFA50, 0xFA51, 0xFA51, 0xFA51, 0xFA51,
    0xFA50, 0xFA50, 0xF250, 0xF250, 0xFA50, 0xFA51, 0xFA51, 0xF250, 0xF230, 0xEA30, 0xEA30, 0xEA30,
    0xEA30, 0xEA30, 0xEA30, 0xF230, 0xF230, 0xF230, 0xEA30, 0xEA30, 0xEA2F, 0xEA2F, 0xEA2F, 0xEA2F,
    0xE22F, 0xE20F, 0xE20F, 0xDA0F, 0xDA0F, 0xE20F, 0xE20F, 0xE22F, 0xE22F, 0xE22F, 0xE22F, 0xE22F,
    0xDA0F, 0xDA0E, 0xD20E, 0xD20E, 0xD20E, 0xD1EE, 0xC9ED, 0xC1ED, 0xB9CD, 0xB9CC, 0xB9CC, 0xB9CC,
    0xB9CC, 0xB9CC, 0xB9CD, 0xC1ED, 0xC1ED, 0xC1ED, 0xC9ED, 0xC9ED, 0xC1ED, 0xB9CD, 0xB9CC, 0xB9CC,
    0xB9CC, 0xB9CC, 0xB9CC, 0xB1CC, 0xB1AC, 0xA9AC, 0xA9AC, 0xB1AC, 0xB1CC, 0xB1CC, 0xB1CC, 0xB1AC,
    0xB1AC, 0xB1AC, 0xB1CC, 0xB9CC, 0xB9CC, 0xB9CC, 0xB9CC, 0xB1CC, 0xB1CC, 0xB1CC, 0xB1CC, 0xB9CC,
    0xB9CD, 0xB9CD, 0xC1ED, 0xC1ED, 0xC1CD, 0xB9CD, 0xB9CD, 0xB9CD, 0xFA51, 0xFA51, 0xFA51, 0xFA51,
    0xFA51, 0xFA50, 0xFA50, 0xF250, 0xF230, 0xF230, 0xF230, 0xF230, 0xEA30, 0xEA2F, 0xE22F, 0xDA0F,
    0xE20F, 0xE22F, 0xEA2F, 0xEA30, 0xEA2F, 0xEA2F, 0xE22F, 0xEA2F, 0xEA30, 0xF230, 0xF230, 0xF230,
    0xEA30, 0xEA30, 0xEA2F, 0xE22F, 0xE20F, 0xDA0F, 0xDA0E, 0xDA0E, 0xDA0F, 0xDA0F, 0xDA0F, 0xE20F,
    0xE20F, 0xE22F, 0xE22F, 0xEA2F, 0xEA30, 0xF230, 0xF250, 0xF230, 0xEA30, 0xEA2F, 0xE20F, 0xE20F,
    0xE20F, 0xE20F, 0xE22F, 0xDA0F, 0xDA0E, 0xDA0E, 0xDA0E, 0xDA0F, 0xDA0F, 0xE20F, 0xDA0F, 0xDA0E,
    0xDA0E, 0xDA0E, 0xDA0E, 0xDA0E, 0xDA0F, 0xE20F, 0xE22F, 0xE22F, 0xE22F, 0xE22F, 0xE22F, 0xE22F,
    0xE22F, 0xE20F, 0xDA0F, 0xDA0F, 0xDA0F, 0xDA0F, 0xDA0F, 0xDA0F, 0xE20F, 0xE20F, 0xDA0F, 0xDA0F,
    0xDA0E, 0xD20E, 0xDA0E, 0xDA0E, 0xDA0F, 0xDA0E, 0xDA0E, 0xD20E, 0xD20E, 0xD20E, 0xD20E, 0xD20E,
    0xD1EE, 0xD1EE, 0xC9ED, 0xC9ED, 0xC1ED, 0xC1ED, 0xB9CD, 0xD474, 0xC1CD, 0xC1ED, 0xC9ED, 0xC9ED,
    0xC9ED, 0xC9ED, 0xC9EE, 0xC9EE, 0xC9EE, 0xC9EE, 0xC9EE, 0xC9EE, 0xC9ED, 0xC9ED, 0xC9ED, 0xC9ED,
    0xC9ED, 0xC9ED, 0xC9ED, 0xC9ED, 0xC9ED, 0xC9EE, 0xD20E, 0xDA0E, 0xDA0E, 0xDA0E, 0xDA0E, 0xDA0F,
    0xDA0F, 0xE20F, 0xE22F, 0xE20F, 0xDA0F, 0xDA0E, 0xDA0E, 0xDA0F, 0xDA0F, 0xE20F, 0xE20F, 0xDA0F,
    0xDA0E, 0xDA0F, 0xE22F, 0xEA2F, 0xF230, 0xF230, 0xF230, 0xF230, 0xF250, 0xF250, 0xFA50, 0xF250,
    0xFA50, 0xFA50, 0xFA51, 0xFA51, 0xFA50, 0xF250, 0xF230, 0xF230, 0xF250, 0xF250, 0xF250, 0xF230,
    0xF230, 0xEA30, 0xEA30, 0xEA2F, 0xEA2F, 0xEA2F, 0xEA2F, 0xEA30, 0xEA30, 0xEA30, 0xEA2F, 0xEA2F,
    0xEA2F, 0xEA2F, 0xE22F, 0xE22F, 0xE22F, 0xDA0F, 0xDA0F, 0xDA0F, 0xDA0F, 0xDA0F, 0xDA0F, 0xE20F,
    0xE20F, 0xE22F, 0xE22F, 0xE20F, 0xDA0F, 0xDA0E, 0xD20E, 0xD20E, 0xD1EE, 0xD1EE, 0xC9ED, 0xC1ED,
    0xB9CD, 0xB9CC, 0xB9CC, 0xB9CC, 0xB9CC, 0xB9CC, 0xB9CD, 0xC1CD, 0xC1CD, 0xC1ED, 0xC1ED, 0xC1ED,
    0xC1CD, 0xB9CD, 0xB1CC, 0xB1CC, 0xB1CC, 0xB1CC, 0xB1CC, 0xB1CC, 0xB1AC, 0xA9AB, 0xA9AB, 0xA9AC,
    0xB1AC, 0xB1AC, 0xB1AC, 0xB1AC, 0xB1AC, 0xB1AC, 0xB1CC, 0xB1CC, 0xB1CC, 0xB1CC, 0xB1CC, 0xB1CC,
    0xB1CC, 0xB1CC, 0xB1CC, 0xB1CC, 0xB9CC, 0xB9CC, 0xB9CD, 0xB9CD, 0xB9CD, 0xB9CD, 0xB9CC, 0xB9CC,
    0xF230, 0xF230, 0xF230, 0xF230, 0xF230, 0xF230, 0xF230, 0xEA30, 0xEA30, 0xEA30, 0xEA2F, 0xEA2F,
    0xEA2F, 0xE20F, 0xDA0F, 0xDA0E, 0xDA0E, 0xDA0F, 0xE20F, 0xE22F, 0xE20F, 0xE20F, 0xE20F, 0xE20F,
    0xE22F, 0xEA2F, 0xEA2F, 0xEA2F, 0xE22F, 0xE22F, 0xE20F, 0xDA0F, 0xDA0E, 0xDA0E, 0xDA0E, 0xDA0E,
    0xDA0E, 0xDA0E, 0xDA0E, 0xDA0F, 0xDA0F, 0xE20F, 0xE20F, 0xE20F, 0xE22F, 0xEA30, 0xEA30, 0xEA30,
    0xEA2F, 0xE20F, 0xDA0E, 0xDA0E, 0xDA0E, 0xDA0E, 0xDA0E, 0xD20E, 0xD20E, 0xD20E, 0xD20E, 0xD20E,
    0xDA0E, 0xDA0E, 0xDA0E, 0xD20E, 0xD20E, 0xD20E, 0xD20E, 0xDA0E, 0xDA0E, 0xDA0E, 0xDA0F, 0xE20F,
    0xE20F, 0xE20F, 0xE20F, 0xE20F, 0xDA0F, 0xDA0F, 0xDA0E, 0xDA0E, 0xDA0E, 0xDA0E, 0xDA0E, 0xDA0E,
    0xDA0E, 0xDA0E, 0xDA0E, 0xD20E, 0xD20E, 0xD1EE, 0xD1EE, 0xD20E, 0xD20E, 0xD20E, 0xD1EE, 0xD1EE,
    0xC9EE, 0xC9EE, 0xC9ED, 0xC9ED, 0xC9ED, 0xC1ED, 0xC1ED, 0xC1CD, 0xB9CD, 0xB9CD, 0xB9CC, 0xB9CC,
    0xB9CC, 0xB9CD, 0xC1CD, 0xC1ED, 0xC1ED, 0xC1ED, 0xC1ED, 0xC9ED, 0xC9ED, 0xC9ED, 0xC9ED, 0xC9ED,
    0xC9ED, 0xC9ED, 0xC9ED, 0xC1ED, 0xC1ED, 0xC1ED, 0xC1ED, 0xC1CD, 0xC1ED, 0xC9ED, 0xC9EE, 0xD1EE,
    0xD20E, 0xD20E, 0xD20E, 0xDA0E, 0xDA0E, 0xDA0F, 0xDA0F, 0xDA0E, 0xDA0E, 0xD20E, 0xD20E, 0xDA0E,
    0xDA0E, 0xDA0E, 0xDA0E, 0xDA0E, 0xD20E, 0xDA0E, 0xDA0F, 0xE22F, 0xEA30, 0xEA30, 0xEA30, 0xEA30,
    0xEA30, 0xF230, 0xF230, 0xF230, 0xF230, 0xF230, 0xF230, 0xF230, 0xF230, 0xF230, 0xEA30, 0xEA30,
    0xEA30, 0xEA30, 0xEA30, 0xEA30, 0xEA2F, 0xEA2F, 0xE22F, 0xE22F, 0xE22F, 0xE22F, 0xE22F, 0xE22F,
    0xE22F, 0xEC95, 0xE22F, 0xE22F, 0xE20F, 0xE20F, 0xE20F, 0xE20F, 0xDA0F, 0xDA0E, 0xDA0E, 0xDA0E,
    0xDA0E, 0xDA0E, 0xDA0E, 0xDA0E, 0xDA0F, 0xDA0F, 0xDA0F, 0xDA0F, 0xDA0E, 0xD1EE, 0xD1EE, 0xC9EE,
    0xC9EE, 0xC9ED, 0xC1ED, 0xC1CD, 0xB9CD, 0xB9CC, 0xB1CC, 0xB1CC, 0xB1CC, 0xB1CC, 0xB9CC, 0xB9CD,
    0xB9CD, 0xB9CD, 0xB9CD, 0xB9CD, 0xB9CC, 0xB1CC, 0xB1AC, 0xB1AC, 0xB1AC, 0xB1AC, 0xB1AC, 0xA9AC,
    0xA9AB, 0xA9AB, 0xA9AB, 0xA9AB, 0xA9AB, 0xA9AB, 0xA9AC, 0xA9AC, 0xA9AC, 0xB1AC, 0xB1AC, 0xB1AC,
    0xB1AC, 0xB1AC, 0xB1AC, 0xB1AC, 0xB1AC, 0xB1AC, 0xB1AC, 0xB1AC, 0xB1AC, 0xB1CC, 0xB1CC, 0xB1CC,
    0xB1CC, 0xB1CC, 0xB9CC, 0xB9CC, 0xEA2F, 0xEA2F, 0xEA2F, 0xEA2F, 0xEA2F, 0xEA2F, 0xE22F, 0xE22F,
    0xE20F, 0xE20F, 0xE20F, 0xE20F, 0xE20F, 0xDA0F, 0xDA0E, 0xD20E, 0xD20E, 0xDA0E, 0xDA0E, 0xDA0E,
    0xDA0E, 0xDA0E, 0xDA0E, 0xDA0F, 0xE20F, 0xE20F, 0xE20F, 0xE20F, 0xDA0F, 0xDA0F, 0xDA0E, 0xDA0E,
    0xD1EE, 0xD1EE, 0xD1EE, 0xD1EE, 0xD1EE, 0xD20E, 0xDA0E, 0xDA0E, 0xDA0E, 0xDA0E, 0xDA0E, 0xDA0E,
    0xDA0F, 0xE20F, 0xEA2F, 0xE22F, 0xEC95, 0xDA0E, 0xE495, 0xD1EE, 0xD1EE, 0xD1EE, 0xD1EE, 0xC9EE,
    0xC9ED, 0xC9ED, 0xC9ED, 0xC9EE, 0xD1EE, 0xD1EE, 0xD1EE, 0xD1EE, 0xD1EE, 0xD1EE, 0xD1EE, 0xD1EE,
    0xD1EE, 0xD20E, 0xDA0E, 0xDA0E, 0xDA0E, 0xDA0E, 0xDA0E, 0xDA0E, 0xDA0E, 0xDA0E, 0xDA0E, 0xDA0E,
    0xDA0E, 0xDA0E, 0xD20E, 0xD20E, 0xD1EE, 0xD1EE, 0xD1EE, 0xC9EE, 0xC9ED, 0xC9ED, 0xC9ED, 0xC9ED,
    0xC9ED, 0xC9ED, 0xC9ED, 0xC9ED, 0xC1ED, 0xC1ED, 0xC1ED, 0xC1CD, 0xC1CD, 0xB9CD, 0xB9CC, 0xB9CC,
    0xB1CC, 0xB1CC, 0xB1AC, 0xB1AC, 0xB1CC, 0xB9CC, 0xB9CC, 0xB9CC, 0xB9CC, 0xB9CD, 0xB9CD, 0xC1CD,
    0xC1CD, 0xC1ED, 0xC1ED, 0xC9ED, 0xC9ED, 0xC1ED, 0xC1ED, 0xC1CD, 0xDC74, 0xB9CD, 0xB9CD, 0xB9CC,
    0xB9CD, 0xC1CD, 0xC9ED, 0xC9ED, 0xC9EE, 0xC9EE, 0xD1EE, 0xD1EE, 0xD1EE, 0xD20E, 0xDA0E, 0xD20E,
    0xD1EE, 0xD1EE, 0xC9EE, 0xD1EE, 0xD1EE, 0xD1EE, 0xD1EE, 0xD1EE, 0xD1EE, 0xD1EE, 0xDA0E, 0xE20F,
    0xE22F, 0xE22F, 0xE22F, 0xE22F, 0xEA2F, 0xEA2F, 0xEA2F, 0xEA2F, 0xEA2F, 0xEA30, 0xEA30, 0xEA30,
    0xEA30, 0xEA2F, 0xEA2F, 0xE22F, 0xE20F, 0xE20F, 0xE20F, 0xEC95, 0xE20F, 0xE20F, 0xE20F, 0xE20F,
    0xDA0F, 0xDA0F, 0xDA0F, 0xDA0F, 0xDA0F, 0xDA0F, 0xDA0F, 0xDA0F, 0xDA0F, 0xDA0F, 0xDA0F, 0xDA0E,
    0xDA0E, 0xD20E, 0xDA0E, 0xD20E, 0xD20E, 0xD20E, 0xD1EE, 0xD20E, 0xD20E, 0xDA0E, 0xDA0E, 0xD20E,
    0xD1EE, 0xC9ED, 0xC9ED, 0xC9ED, 0xC9ED, 0xC1ED, 0xC1CD, 0xB9CD, 0xB9CC, 0xB1CC, 0xB1AC, 0xB1AC,
    0xB1AC, 0xB1AC, 0xB1CC, 0xB1CC, 0xB1CC, 0xB1CC, 0xB1CC, 0xB1CC, 0xB1CC, 0xB1AC, 0xA9AC, 0xA9AB,
    0xA9AB, 0xA9AB, 0xA9AB, 0xA9AB, 0xA1AB, 0xA1AB, 0xA18B, 0xA18B, 0xA18B, 0xA1AB, 0xA9AB, 0xA9AB,
    0xA9AB, 0xA9AB, 0xA9AB, 0xA9AB, 0xA9AB, 0xA9AB, 0xA9AB, 0xA9AB, 0xA9AB, 0xA9AB, 0xA9AB, 0xA9AB,
    0xA9AB, 0xA9AC, 0xB1AC, 0xB1AC, 0xB1AC, 0xB1AC, 0xB1AC, 0xB1AC, 0xE20F, 0xE20F, 0xE20F, 0xE20F,
    0xE20F, 0xE20F, 0xE20F, 0xE20F, 0xE20F, 0xE20F, 0xDA0F, 0xDA0F, 0xDA0F, 0xDA0E, 0xD1EE, 0xD1EE,
    0xD1EE, 0xD1EE, 0xD1EE, 0xD1EE, 0xD1EE, 0xD20E, 0xD20E, 0xDA0E, 0xDA0E, 0xDA0F, 0xDA0F, 0xDA0E,
    0xDA0E, 0xD20E, 0xD1EE, 0xD1EE, 0xC9EE, 0xC9ED, 0xC9ED, 0xC9EE, 0xD1EE, 0xD1EE, 0xD1EE, 0xD1EE,
    0xD1EE, 0xD1EE, 0xD1EE, 0xD1EE, 0xE495, 0xDA0F, 0xE20F, 0xE20F, 0xDA0E, 0xDA0E, 0xD1EE, 0xC9EE,
    0xC9ED, 0xC9ED, 0xC9ED, 0xC9ED, 0xC1ED, 0xC1ED, 0xC9ED, 0xC9ED, 0xC9ED, 0xC9ED, 0xC9ED, 0xC9ED,
    0xC9ED, 0xC9EE, 0xC9EE, 0xD1EE, 0xD1EE, 0xD1EE, 0xD1EE, 0xD1EE, 0xD1EE, 0xD1EE, 0xD1EE, 0xD1EE,
    0xD1EE, 0xD1EE, 0xD1EE, 0xD1EE, 0xD1EE, 0xD1EE, 0xD1EE, 0xD1EE, 0xC9EE, 0xC9ED, 0xC9ED, 0xC9ED,
    0xC9ED, 0xC1ED, 0xC1CD, 0xC1CD, 0xC1CD, 0xC1CD, 0xC1CD, 0xC1CD, 0xC1CD, 0xC1CD, 0xB9CD, 0xB9CD,
    0xB9CC, 0xB1CC, 0xB1AC, 0xB1AC, 0xB1AC, 0xB1AC, 0xA9AC, 0xA9AB, 0xB1AC, 0xB1AC, 0xB1CC, 0xB1CC,
    0xB1CC, 0xB1AC, 0xB1CC, 0xB9CC, 0xB9CD, 0xC1CD, 0xC1CD, 0xC1CD, 0xC1CD, 0xC1CD, 0xC1CD, 0xB9CD,
    0xB9CC, 0xB9CC, 0xB1CC, 0xB1CC, 0xB9CC, 0xB9CD, 0xC1CD, 0xC9ED, 0xC9ED, 0xC9ED, 0xC9ED, 0xC9ED,
    0xC9EE, 0xD1EE, 0xD1EE, 0xD1EE, 0xC9ED, 0xC9ED, 0xC9ED, 0xC9ED, 0xC9ED, 0xC9ED, 0xC9ED, 0xC9ED,
    0xC9ED, 0xD1EE, 0xD1EE, 0xDA0E, 0xE20F, 0xE20F, 0xE20F, 0xE20F, 0xE20F, 0xE20F, 0xE20F, 0xE20F,
    0xE20F, 0xE20F, 0xEA2F, 0xEA2F, 0xE20F, 0xE20F, 0xE20F, 0xE20F, 0xDA0F, 0xDA0E, 0xDA0E, 0xDA0E,
    0xDA0F, 0xDA0F, 0xDA0F, 0xDA0E, 0xDA0E, 0xDA0E, 0xDA0E, 0xDA0E, 0xDA0E, 0xDA0E, 0xDA0E, 0xDA0E,
    0xDA0E, 0xDA0E, 0xDA0E, 0xDA0E, 0xD1EE, 0xD1EE, 0xD1EE, 0xD1EE, 0xD1EE, 0xD1EE, 0xD1EE, 0xD1EE,
    0xD1EE, 0xD1EE, 0xD1EE, 0xD1EE, 0xC9ED, 0xC1ED, 0xC1CD, 0xC1CD, 0xC1CD, 0xC1CD, 0xB9CD, 0xB9CC,
    0xB1CC, 0xB1AC, 0xB1AC, 0xA9AC, 0xA9AB, 0xA9AC, 0xB1AC, 0xB1AC, 0xB1AC, 0xB1AC, 0xB1AC, 0xB1AC,
    0xB1AC, 0xA9AB, 0xA9AB, 0xA9AB, 0xA1AB, 0xA18B, 0xA18B, 0xA18B, 0xA18B, 0xA18B, 0xA18B, 0xA18B,
    0xA18B, 0xA18B, 0xA18B, 0xA9AB, 0xA9AB, 0xA9AB, 0xA9AB, 0xA18B, 0xA18B, 0xA18B, 0xA1AB, 0xA9AB,
    0xA9AB, 0xA9AB, 0xA1AB, 0xA1AB, 0xA9AB, 0xA9AB, 0xA9AB, 0xA9AB, 0xA9AB, 0xA9AC, 0xB1AC, 0xB1AC,
    0xE20F, 0xE20F, 0xE20F, 0xE20F, 0xE20F, 0xE20F, 0xE20F, 0xE20F, 0xE20F, 0xDA0F, 0xDA0F, 0xDA0E,
    0xDA0E, 0xDA0E, 0xD1EE, 0xD1EE, 0xD1EE, 0xD1EE, 0xD1EE, 0xD1EE, 0xD1EE, 0xD1EE, 0xD1EE, 0xDA0E,
    0xDA0E, 0xDA0E, 0xDA0E, 0xDA0E, 0xDA0E, 0xD20E, 0xD1EE, 0xD1EE, 0xC9EE, 0xC9ED, 0xC9ED, 0xC9ED,
    0xD1EE, 0xD1EE, 0xD1EE, 0xD1EE, 0xD1EE, 0xD1EE, 0xD1EE, 0xD1EE, 0xDA0E, 0xDA0E, 0xDA0F, 0xDA0F,
    0xDA0E, 0xD1EE, 0xD1EE, 0xD1EE, 0xC9ED, 0xC9ED, 0xC9ED, 0xC1ED, 0xC1CD, 0xC1ED, 0xC1ED, 0xC9ED,
    0xC9ED, 0xC9ED, 0xC9ED, 0xC9ED, 0xC9ED, 0xC9ED, 0xC9ED, 0xC9ED, 0xC9EE, 0xD1EE, 0xD1EE, 0xD1EE,
    0xD1EE, 0xD1EE, 0xD1EE, 0xE495, 0xD1EE, 0xD1EE, 0xD1EE, 0xD1EE, 0xD1EE, 0xD1EE, 0xD1EE, 0xC9EE,
    0xC9ED, 0xC9ED, 0xC9ED, 0xC9ED, 0xC9ED, 0xC1ED, 0xC1ED, 0xC1CD, 0xC1CD, 0xC1CD, 0xC1CD, 0xC1CD,
    0xC1CD, 0xC1CD, 0xB9CD, 0xB9CC, 0xB9CC, 0xB1CC, 0xB1AC, 0xB1AC, 0xB1AC, 0xA9AC, 0xA9AB, 0xA9AB,
    0xA9AC, 0xB1AC, 0xB1AC, 0xB1AC, 0xB1AC, 0xB1AC, 0xB1AC, 0xB1CC, 0xB9CC, 0xB9CD, 0xB9CD, 0xDC74,
    0xC1CD, 0xC1CD, 0xB9CD, 0xB9CC, 0xD474, 0xB9CC, 0xB1CC, 0xB1CC, 0xB9CC, 0xB9CD, 0xC1CD, 0xC1CD,
    0xC1ED, 0xC9ED, 0xC9ED, 0xC9ED, 0xC9ED, 0xC9ED, 0xC9ED, 0xC9ED, 0xC9ED, 0xC9ED, 0xC9ED, 0xC9ED,
    0xC9ED, 0xC9ED, 0xC9ED, 0xC9ED, 0xC9ED, 0xC9EE, 0xD1EE, 0xDA0E, 0xDA0F, 0xDA0F, 0xE20F, 0xE20F,
    0xE20F, 0xE20F, 0xE20F, 0xE20F, 0xE20F, 0xE20F, 0xE20F, 0xE20F, 0xE20F, 0xE20F, 0xDA0F, 0xDA0F,
    0xDA0E, 0xDA0E, 0xDA0E, 0xDA0E, 0xDA0E, 0xDA0F, 0xDA0E, 0xDA0E, 0xDA0E, 0xDA0E, 0xDA0E, 0xDA0E,
    0xDA0E, 0xDA0E, 0xDA0E, 0xDA0E, 0xDA0E, 0xDA0E, 0xD1EE, 0xD1EE, 0xD1EE, 0xD1EE, 0xD1EE, 0xD1EE,
    0xD1EE, 0xD1EE, 0xC9EE, 0xC9EE, 0xC9EE, 0xD1EE, 0xC9EE, 0xC9EE, 0xC9ED, 0xC1ED, 0xC1CD, 0xC1CD,
    0xB9CD, 0xB9CC, 0xB9CC, 0xB1CC, 0xB1AC, 0xA9AC, 0xA9AB, 0xA9AB, 0xA9AB, 0xA9AB, 0xA9AB, 0xB1AC,
    0xB1AC, 0xB1AC, 0xB1AC, 0xB1AC, 0xA9AC, 0xA9AB, 0xA9AB, 0xA9AB, 0xA1AB, 0xA18B, 0xA18B, 0xA18B,
    0xA18B, 0xA18B, 0xA18B, 0xA18B, 0xA18B, 0xA18B, 0xA18B, 0xA9AB, 0xA9AB, 0xA9AB, 0xA1AB, 0xA18B,
    0xA18B, 0xA18B, 0xA18B, 0xA9AB, 0xA9AB, 0xA9AB, 0xA9AB, 0xA9AB, 0xA9AB, 0xA9AB, 0xA9AB, 0xA9AB,
    0xA9AB, 0xA9AC, 0xB1AC, 0xB1AC, 0xE20F, 0xE20F, 0xE20F, 0xE20F, 0xE20F, 0xE20F, 0xE20F, 0xE20F,
    0xE20F, 0xE20F, 0xE20F, 0xDA0F, 0xDA0F, 0xDA0E, 0xDA0E, 0xDA0E, 0xDA0E, 0xDA0E, 0xDA0E, 0xDA0E,
    0xDA0E, 0xDA0E, 0xDA0E, 0xDA0E, 0xDA0F, 0xE20F, 0xE20F, 0xDA0F, 0xDA0F, 0xDA0E, 0xDA0E, 0xD20E,
    0xD1EE, 0xD1EE, 0xD1EE, 0xD1EE, 0xD1EE, 0xD1EE, 0xD1EE, 0xD20E, 0xDA0E, 0xDA0E, 0xDA0E, 0xDA0E,
    0xDA0E, 0xDA0F, 0xE20F, 0xDA0F, 0xDA0F, 0xDA0E, 0xDA0E, 0xD1EE, 0xD1EE, 0xC9EE, 0xC9ED, 0xDC74,
    0xC9ED, 0xC9ED, 0xC9ED, 0xC9ED, 0xC9EE, 0xC9EE, 0xC9EE, 0xC9EE, 0xC9ED, 0xC9ED, 0xC9EE, 0xD1EE,
    0xD1EE, 0xD1EE, 0xD1EE, 0xD1EE, 0xD1EE, 0xD1EE, 0xD20E, 0xDA0E, 0xD1EE, 0xD1EE, 0xD1EE, 0xD1EE,
    0xD1EE, 0xD1EE, 0xD1EE, 0xD1EE, 0xC9ED, 0xC9ED, 0xC9ED, 0xC9ED, 0xC9ED, 0xC9ED, 0xC9ED, 0xC9ED,
    0xC1ED, 0xC1CD, 0xC1CD, 0xC1CD, 0xC1CD, 0xC1CD, 0xC1CD, 0xB9CD, 0xB9CD, 0xB9CC, 0xB9CC, 0xB1CC,
    0xB1AC, 0xB1AC, 0xB1AC, 0xA9AC, 0xB1AC, 0xB1AC, 0xB1CC, 0xB1CC, 0xB1AC, 0xB1AC, 0xB1AC, 0xB1CC,
    0xB9CC, 0xB9CD, 0xB9CD, 0xC1CD, 0xC1CD, 0xC1CD, 0xB9CD, 0xB9CD, 0xB9CC, 0xB9CC, 0xB9CC, 0xB9CC,
    0xB9CD, 0xC1CD, 0xC1CD, 0xC9ED, 0xC9ED, 0xC9ED, 0xC9ED, 0xC9ED, 0xC9ED, 0xC9ED, 0xC9ED, 0xC9ED,
    0xC9ED, 0xC9ED, 0xC9ED, 0xC9ED, 0xC9EE, 0xD1EE, 0xD1EE, 0xC9EE, 0xC9EE, 0xD1EE, 0xD20E, 0xDA0E,
    0xE20F, 0xE20F, 0xE20F, 0xE20F, 0xE20F, 0xE20F, 0xE20F, 0xE20F, 0xE20F, 0xE20F, 0xE20F, 0xE20F,
    0xE20F, 0xE20F, 0xDA0F, 0xDA0F, 0xDA0F, 0xDA0F, 0xDA0F, 0xDA0F, 0xE20F, 0xE20F, 0xE20F, 0xE20F,
    0xDA0F, 0xDA0F, 0xDA0F, 0xDA0E, 0xDA0E, 0xEC95, 0xDA0E, 0xDA0E, 0xDA0E, 0xDA0E, 0xDA0E, 0xD20E,
    0xD20E, 0xD1EE, 0xD1EE, 0xD1EE, 0xD1EE, 0xD1EE, 0xD1EE, 0xD1EE, 0xD1EE, 0xD1EE, 0xD1EE, 0xD1EE,
    0xC9ED, 0xC9ED, 0xC1ED, 0xC1CD, 0xB9CD, 0xB9CC, 0xB9CC, 0xB1CC, 0xB1AC, 0xB1AC, 0xA9AB, 0xA9AB,
    0xA9AB, 0xA9AB, 0xA9AB, 0xB1AC, 0xB1AC, 0xB1AC, 0xB1AC, 0xB1AC, 0xB1AC, 0xA9AC, 0xA9AB, 0xA9AB,
    0xA9AB, 0xA9AB, 0xA9AB, 0xA9AB, 0xA9AB, 0xA9AB, 0xA9AB, 0xA9AB, 0xA18B, 0xA18B, 0xA9AB, 0xA9AB,
    0xA9AC, 0xA9AB, 0xA9AB, 0xA9AB, 0xA1AB, 0xA9AB, 0xA9AB, 0xA9AB, 0xA9AB, 0xA9AB, 0xA9AC, 0xA9AC,
    0xA9AC, 0xA9AC, 0xA9AC, 0xA9AC, 0xB1AC, 0xB1AC, 0xB1AC, 0xB1AC, 0xE22F, 0xE22F, 0xE22F, 0xE22F,
    0xE20F, 0xE20F, 0xE20F, 0xE22F, 0xE22F, 0xE22F, 0xEA2F, 0xEA30, 0xEA30, 0xEA30, 0xEA30, 0xEA30,
    0xEA30, 0xEA30, 0xEA30, 0xEA30, 0xEA30, 0xEA30, 0xEA30, 0xEA2F, 0xE22F, 0xE22F, 0xE20F, 0xE22F,
    0xE22F, 0xE22F, 0xE22F, 0xEA2F, 0xEA2F, 0xEA30, 0xEA30, 0xF230, 0xF230, 0xF230, 0xEA30, 0xEA2F,
    0xE22F, 0xEA2F, 0xEA30, 0xEA30, 0xEA30, 0xEA2F, 0xE22F, 0xE22F, 0xE20F, 0xE20F, 0xDA0F, 0xDA0E,
    0xDA0E, 0xD20E, 0xD20E, 0xD20E, 0xD20E, 0xDA0E, 0xD20E, 0xD20E, 0xD1EE, 0xC9EE, 0xC9ED, 0xDC74,
    0xC1ED, 0xC1CD, 0xC1CD, 0xC1ED, 0xC1ED, 0xC1CD, 0xC1CD, 0xB9CD, 0xC1CD, 0xC1ED, 0xC1ED, 0xC1ED,
    0xC1ED, 0xC1CD, 0xB9CD, 0xB9CD, 0xB9CD, 0xC1CD, 0xC1CD, 0xC1CD, 0xB9CD, 0xB9CD, 0xB9CD, 0xB9CC,
    0xB1CC, 0xB1CC, 0xB1CC, 0xB9CC, 0xB9CC, 0xB9CC, 0xB9CD, 0xB9CD, 0xC1CD, 0xC1ED, 0xC1ED, 0xC9ED,
    0xC9ED, 0xC9EE, 0xC9EE, 0xD1EE, 0xD1EE, 0xD20E, 0xD20E, 0xD20E, 0xD1EE, 0xC9EE, 0xC9ED, 0xD1EE,
    0xD20E, 0xD20E, 0xD20E, 0xD20E, 0xD20E, 0xDA0E, 0xDA0E, 0xDA0E, 0xDA0E, 0xDA0E, 0xDA0E, 0xDA0E,
    0xDA0E, 0xDA0F, 0xDA0F, 0xDA0F, 0xDA0F, 0xE20F, 0xE20F, 0xE20F, 0xE20F, 0xDA0F, 0xDA0F, 0xDA0F,
    0xE22F, 0xE22F, 0xEA2F, 0xE22F, 0xDA0F, 0xDA0E, 0xDA0E, 0xD20E, 0xD20E, 0xD1EE, 0xD1EE, 0xD1EE,
    0xD1EE, 0xC9EE, 0xC9ED, 0xC9ED, 0xC9ED, 0xC1ED, 0xC1ED, 0xC1ED, 0xC1ED, 0xC1ED, 0xC1ED, 0xC1ED,
    0xC1ED, 0xC1CD, 0xC1CD, 0xC1CD, 0xC1ED, 0xC1ED, 0xC1ED, 0xC9ED, 0xC9EE, 0xD1EE, 0xD1EE, 0xD1EE,
    0xD20E, 0xD20E, 0xD1EE, 0xC9EE, 0xC9ED, 0xC9ED, 0xC9EE, 0xD1EE, 0xD20E, 0xD1EE, 0xC9EE, 0xC9ED,
    0xC9ED, 0xC9ED, 0xC9ED, 0xC1ED, 0xC9ED, 0xC9EE, 0xD20E, 0xDA0E, 0xDA0E, 0xDA0E, 0xDA0F, 0xDA0F,
    0xE20F, 0xE22F, 0xE22F, 0xE22F, 0xE22F, 0xE22F, 0xE22F, 0xE22F, 0xEA2F, 0xEA2F, 0xEA2F, 0xE22F,
    0xE22F, 0xE22F, 0xE22F, 0xE22F, 0xE22F, 0xE22F, 0xE22F, 0xE22F, 0xE22F, 0xEA2F, 0xEA2F, 0xEA2F,
    0xECB6, 0xE22F, 0xE22F, 0xE22F, 0xE20F, 0xE20F, 0xE20F, 0xE22F, 0xE22F, 0xEA2F, 0xEA2F, 0xEA2F,
    0xEA2F, 0xEA2F, 0xEA30, 0xF230, 0xFA50, 0xF250, 0xF250, 0xF230, 0xF230, 0xF250, 0xFA50, 0xFA51,
    0xFA50, 0xFA50, 0xF250, 0xF250, 0xFA50, 0xFA51, 0xFA51, 0xFA51, 0xFA50, 0xF250, 0xF250, 0xF250,
    0xE22F, 0xE22F, 0xE22F, 0xE22F, 0xE22F, 0xE22F, 0xE22F, 0xE22F, 0xE22F, 0xE22F, 0xEA2F, 0xEA30,
    0xF230, 0xF230, 0xF230, 0xF230, 0xF230, 0xF230, 0xF230, 0xEA30, 0xEA30, 0xEA30, 0xEA2F, 0xEA2F,
    0xE22F, 0xE22F, 0xE22F, 0xE22F, 0xEA2F, 0xEA2F, 0xEA30, 0xEA30, 0xEA30, 0xEA30, 0xEA30, 0xEA30,
    0xEA30, 0xEA30, 0xEA30, 0xEA2F, 0xEA2F, 0xEA30, 0xEA30, 0xEA30, 0xEA30, 0xEA2F, 0xE22F, 0xE20F,
    0xE20F, 0xE20F, 0xDA0F, 0xDA0F, 0xDA0F, 0xDA0E, 0xDA0E, 0xDA0E, 0xDA0E, 0xDA0E, 0xD20E, 0xE495,
    0xD1EE, 0xC9ED, 0xC9ED, 0xC9ED, 0xC9ED, 0xC1ED, 0xC1ED, 0xC1ED, 0xC1ED, 0xC1ED, 0xC1ED, 0xC1ED,
    0xC1ED, 0xC1ED, 0xC1ED, 0xC1ED, 0xC1ED, 0xC1CD, 0xB9CD, 0xB9CC, 0xB9CC, 0xB9CC, 0xB9CC, 0xB9CC,
    0xB9CD, 0xB9CD, 0xB9CC, 0xB9CC, 0xB9CC, 0xB9CC, 0xB9CC, 0xB9CC, 0xB9CC, 0xB9CC, 0xB9CD, 0xB9CD,
    0xB9CD, 0xC1ED, 0xC1ED, 0xDC74, 0xC9ED, 0xC9ED, 0xC9ED, 0xC9EE, 0xD1EE, 0xD20E, 0xD20E, 0xD20E,
    0xD20E, 0xD20E, 0xD20E, 0xD20E, 0xD20E, 0xD20E, 0xD20E, 0xD20E, 0xD20E, 0xD20E, 0xD20E, 0xDA0E,
    0xDA0F, 0xDA0F, 0xDA0F, 0xDA0E, 0xDA0E, 0xDA0F, 0xE20F, 0xE22F, 0xE22F, 0xE22F, 0xE22F, 0xE20F,
    0xE22F, 0xE22F, 0xE22F, 0xE22F, 0xE22F, 0xE22F, 0xE22F, 0xE22F, 0xDA0F, 0xDA0E, 0xDA0E, 0xD20E,
    0xD20E, 0xD20E, 0xD20E, 0xD20E, 0xD1EE, 0xD1EE, 0xC9EE, 0xC9EE, 0xC9EE, 0xC9ED, 0xC9ED, 0xC9ED,
    0xC1ED, 0xC1ED, 0xC1ED, 0xC1ED, 0xC1ED, 0xC1ED, 0xC1ED, 0xC1ED, 0xC1ED, 0xC9ED, 0xC9ED, 0xC9EE,
    0xD1EE, 0xD1EE, 0xD1EE, 0xD20E, 0xD20E, 0xD20E, 0xD20E, 0xD20E, 0xD1EE, 0xC9EE, 0xC9EE, 0xC9EE,
    0xC9EE, 0xC9ED, 0xC9ED, 0xC9ED, 0xC9ED, 0xC9ED, 0xC9EE, 0xC9EE, 0xD1EE, 0xD20E, 0xD20E, 0xDA0E,
    0xDA0E, 0xDA0E, 0xDA0E, 0xDA0F, 0xE20F, 0xE22F, 0xE22F, 0xE22F, 0xE22F, 0xE22F, 0xE22F, 0xEA2F,
    0xEA2F, 0xEA2F, 0xEA2F, 0xE22F, 0xE22F, 0xE22F, 0xECB5, 0xE22F, 0xE22F, 0xE22F, 0xE22F, 0xE22F,
    0xE22F, 0xE22F, 0xEA2F, 0xEA2F, 0xEA2F, 0xE22F, 0xE22F, 0xE22F, 0xE22F, 0xE22F, 0xE22F, 0xE22F,
    0xE22F, 0xEA2F, 0xEA2F, 0xEA2F, 0xEA30, 0xEA30, 0xF230, 0xF230, 0xF250, 0xF250, 0xF250, 0xF230,
    0xF230, 0xF250, 0xFA50, 0xFA51, 0xFA51, 0xFA50, 0xFA50, 0xF250, 0xFA50, 0xFA50, 0xFA51, 0xFA51,
    0xFA50, 0xF250, 0xF250, 0xF250, 0xDA0F, 0xDA0F, 0xDA0F, 0xE20F, 0xE22F, 0xE22F, 0xE22F, 0xE20F,
    0xE20F, 0xE20F, 0xE22F, 0xEA2F, 0xEA2F, 0xEA30, 0xEA30, 0xF230, 0xF230, 0xEA30, 0xEA30, 0xEA30,
    0xEA2F, 0xEA2F, 0xE22F, 0xE22F, 0xEC95, 0xE22F, 0xE22F, 0xE22F, 0xEA2F, 0xEA30, 0xEA30, 0xEA2F,
    0xEA2F, 0xEA2F, 0xEA2F, 0xE22F, 0xE22F, 0xE22F, 0xEA2F, 0xEA2F, 0xEA2F, 0xEA30, 0xEA30, 0xEA2F,
    0xEA2F, 0xE22F, 0xDA0F, 0xDA0E, 0xDA0F, 0xDA0F, 0xDA0F, 0xDA0F, 0xDA0F, 0xDA0F, 0xDA0E, 0xDA0E,
    0xD20E, 0xD20E, 0xD1EE, 0xC9EE, 0xC9ED, 0xC9ED, 0xC9ED, 0xC9ED, 0xC9ED, 0xC9ED, 0xC1ED, 0xC1ED,
    0xC1CD, 0xC1CD, 0xC1ED, 0xC1ED, 0xC1ED, 0xC1ED, 0xC1ED, 0xC1ED, 0xC1CD, 0xB9CC, 0xB1CC, 0xB1CC,
    0xB1CC, 0xB1CC, 0xB1CC, 0xB1CC, 0xB1CC, 0xB1CC, 0xB1CC, 0xB1CC, 0xB9CC, 0xB9CC, 0xB9CC, 0xD474,
    0xB9CC, 0xB9CC, 0xB9CC, 0xB9CC, 0xB9CC, 0xB9CD, 0xB9CD, 0xC1CD, 0xC1ED, 0xC1ED, 0xC1ED, 0xC1ED,
    0xC9ED, 0xC9EE, 0xD20E, 0xD20E, 0xD20E, 0xD20E, 0xDA0E, 0xD20E, 0xD1EE, 0xC9EE, 0xC9ED, 0xC9ED,
    0xC9ED, 0xC9EE, 0xD1EE, 0xD20E, 0xDA0E, 0xDA0F, 0xDA0E, 0xDA0E, 0xD20E, 0xDA0E, 0xE20F, 0xE22F,
    0xE22F, 0xE22F, 0xE20F, 0xDA0F, 0xE20F, 0xE22F, 0xE22F, 0xE22F, 0xE22F, 0xE22F, 0xE22F, 0xE20F,
    0xDA0F, 0xDA0E, 0xD20E, 0xD20E, 0xD20E, 0xD20E, 0xD20E, 0xD1EE, 0xC9EE, 0xC9EE, 0xC9EE, 0xD1EE,
    0xD1EE, 0xC9EE, 0xC9ED, 0xC9ED, 0xC1ED, 0xC1ED, 0xC1ED, 0xC1ED, 0xC1ED, 0xC1ED, 0xC1CD, 0xC1ED,
    0xC1ED, 0xDC95, 0xC9EE, 0xC9EE, 0xC9EE, 0xC9EE, 0xC9ED, 0xC9EE, 0xD1EE, 0xD20E, 0xD20E, 0xD20E,
    0xD1EE, 0xD1EE, 0xC9ED, 0xC9ED, 0xC1ED, 0xC1ED, 0xC1ED, 0xC9ED, 0xC9ED, 0xC9ED, 0xC9EE, 0xD1EE,
    0xD20E, 0xD20E, 0xDA0E, 0xDA0E, 0xDA0E, 0xD20E, 0xD20E, 0xDA0E, 0xDA0E, 0xDA0F, 0xE20F, 0xE22F,
    0xE22F, 0xE22F, 0xE22F, 0xE22F, 0xE22F, 0xE22F, 0xE22F, 0xE22F, 0xE22F, 0xE22F, 0xE22F, 0xE22F,
    0xE22F, 0xE20F, 0xDA0F, 0xDA0E, 0xDA0F, 0xE20F, 0xE22F, 0xE22F, 0xE22F, 0xE22F, 0xE20F, 0xE20F,
    0xE20F, 0xE20F, 0xE20F, 0xE22F, 0xE22F, 0xE22F, 0xEA2F, 0xEA2F, 0xEA30, 0xEA30, 0xEA30, 0xEA30,
    0xEA30, 0xEA30, 0xEA30, 0xEA30, 0xF230, 0xF230, 0xF250, 0xFA50, 0xFA50, 0xF250, 0xF230, 0xF230,
    0xF230, 0xF4B6, 0xF250, 0xF250, 0xF230, 0xF230, 0xEA30, 0xEA30, 0xE495, 0xDA0E, 0xDA0E, 0xDA0E,
    0xDA0F, 0xDA0F, 0xDA0F, 0xDA0F, 0xDA0F, 0xDA0F, 0xDA0F, 0xDA0F, 0xDA0F, 0xE20F, 0xE20F, 0xEC95,
    0xE22F, 0xEC95, 0xE20F, 0xE20F, 0xE20F, 0xE20F, 0xDA0F, 0xDA0F, 0xDA0F, 0xDA0E, 0xDA0E, 0xDA0F,
    0xDA0F, 0xDA0F, 0xDA0F, 0xDA0F, 0xE20F, 0xE20F, 0xE20F, 0xE22F, 0xE22F, 0xE22F, 0xE20F, 0xE20F,
    0xE20F, 0xE20F, 0xE20F, 0xE20F, 0xDA0F, 0xDA0E, 0xD20E, 0xD20E, 0xD20E, 0xDA0E, 0xDA0E, 0xDA0E,
    0xD20E, 0xD20E, 0xD1EE, 0xC9EE, 0xC9EE, 0xC9ED, 0xDC94, 0xC9ED, 0xC9ED, 0xC9ED, 0xC1ED, 0xC1CD,
    0xB9CD, 0xB9CD, 0xB9CD, 0xB9CD, 0xB9CD, 0xB9CD, 0xB9CD, 0xB9CD, 0xB9CD, 0xB9CC, 0xB9CC, 0xB1CC,
    0xB1CC, 0xB1CC, 0xB1CC, 0xB1CC, 0xB1CC, 0xB1CC, 0xB1CC, 0xB1CC, 0xB1CC, 0xB1AC, 0xB1AC, 0xB1AC,
    0xB1AC, 0xB1AC, 0xB1CC, 0xB1CC, 0xB9CC, 0xB9CC, 0xB9CC, 0xB9CC, 0xB9CC, 0xB9CC, 0xB9CC, 0xB9CC,
    0xB9CC, 0xB9CD, 0xC1CD, 0xC1ED, 0xC9ED, 0xC9ED, 0xC9EE, 0xD1EE, 0xD1EE, 0xD1EE, 0xD1EE, 0xD1EE,
    0xE495, 0xD1EE, 0xD1EE, 0xD1EE, 0xD1EE, 0xD1EE, 0xD1EE, 0xD1EE, 0xD1EE, 0xD1EE, 0xD1EE, 0xD20E,
    0xD20E, 0xDA0E, 0xDA0E, 0xDA0E, 0xDA0E, 0xDA0E, 0xDA0E, 0xDA0E, 0xDA0E, 0xDA0E, 0xDA0E, 0xDA0E,
    0xDA0E, 0xDA0E, 0xDA0E, 0xDA0E, 0xDA0E, 0xDA0E, 0xDA0E, 0xDA0E, 0xD20E, 0xD20E, 0xD1EE, 0xD1EE,
    0xC9EE, 0xC9ED, 0xC9ED, 0xC9ED, 0xC9ED, 0xC1ED, 0xC1CD, 0xB9CD, 0xB9CC, 0xB9CC, 0xB9CC, 0xB9CD,
    0xB9CD, 0xB9CD, 0xB9CD, 0xC1CD, 0xC1CD, 0xC1ED, 0xC9ED, 0xC9ED, 0xC9ED, 0xC9ED, 0xC9ED, 0xC9ED,
    0xC9ED, 0xC9ED, 0xC9ED, 0xC9ED, 0xC9ED, 0xC9ED, 0xC9ED, 0xC9ED, 0xC9ED, 0xC9ED, 0xC1ED, 0xC1ED,
    0xC1ED, 0xC1ED, 0xC1ED, 0xC1ED, 0xC9ED, 0xC9EE, 0xD1EE, 0xD20E, 0xD20E, 0xDA0E, 0xDA0E, 0xDA0E,
    0xDA0E, 0xDA0E, 0xDA0F, 0xDA0F, 0xDA0F, 0xE20F, 0xDA0F, 0xDA0F, 0xDA0E, 0xDA0E, 0xDA0E, 0xDA0E,
    0xDA0E, 0xDA0E, 0xDA0E, 0xDA0E, 0xDA0E, 0xDA0E, 0xDA0E, 0xDA0E, 0xDA0E, 0xDA0E, 0xDA0E, 0xDA0E,
    0xDA0E, 0xDA0E, 0xDA0E, 0xDA0E, 0xDA0F, 0xDA0F, 0xE20F, 0xDA0F, 0xDA0F, 0xDA0F, 0xE20F, 0xEC95,
    0xE22F, 0xE22F, 0xE22F, 0xE20F, 0xE20F, 0xE20F, 0xE22F, 0xE22F, 0xEA2F, 0xEA30, 0xEA30, 0xEA30,
    0xEA30, 0xEA2F, 0xEA2F, 0xE22F, 0xEA2F, 0xEA2F, 0xEA2F, 0xEA2F, 0xEA2F, 0xE22F, 0xE22F, 0xE22F,
    0xD20E, 0xD20E, 0xD20E, 0xD20E, 0xD20E, 0xD20E, 0xDA0E, 0xDA0E, 0xDA0E, 0xDA0E, 0xDA0E, 0xDA0E,
    0xDA0E, 0xDA0E, 0xDA0E, 0xDA0E, 0xDA0E, 0xDA0E, 0xDA0E, 0xD20E, 0xD20E, 0xD20E, 0xD20E, 0xD20E,
    0xD1EE, 0xD1EE, 0xD1EE, 0xD1EE, 0xD20E, 0xD20E, 0xD20E, 0xD20E, 0xDA0E, 0xDA0E, 0xDA0E, 0xDA0F,
    0xDA0F, 0xDA0F, 0xDA0E, 0xDA0E, 0xDA0E, 0xDA0E, 0xDA0E, 0xDA0E, 0xD20E, 0xD1EE, 0xC9EE, 0xC9ED,
    0xC9EE, 0xD1EE, 0xD20E, 0xD1EE, 0xD1EE, 0xC9EE, 0xC9ED, 0xC9ED, 0xC9ED, 0xC9ED, 0xC1ED, 0xC1ED,
    0xC1ED, 0xC1CD, 0xB9CD, 0xB9CC, 0xB9CC, 0xB1CC, 0xB1CC, 0xD474, 0xB9CC, 0xB9CC, 0xB1CC, 0xB1CC,
    0xB1CC, 0xB1CC, 0xB1AC, 0xB1AC, 0xD474, 0xB1AC, 0xB1AC, 0xB1AC, 0xB1AC, 0xB1AC, 0xB1AC, 0xB1AC,
    0xB1AC, 0xB1AC, 0xB1AC, 0xB1AC, 0xB1AC, 0xA9AC, 0xB1AC, 0xB1AC, 0xB1AC, 0xB1AC, 0xB1AC, 0xB1AC,
    0xB1AC, 0xB1AC, 0xB1AC, 0xB1AC, 0xB1CC, 0xB9CC, 0xB9CC, 0xB9CC, 0xB9CD, 0xC1CD, 0xC1ED, 0xC9ED,
    0xC9ED, 0xC9ED, 0xC9ED, 0xC9ED, 0xC9ED, 0xC9ED, 0xC9ED, 0xC9ED, 0xC9ED, 0xC9ED, 0xC9ED, 0xC9ED,
    0xC9ED, 0xC9ED, 0xC9ED, 0xC9EE, 0xD1EE, 0xD1EE, 0xD1EE, 0xD20E, 0xDA0E, 0xD20E, 0xD1EE, 0xD1EE,
    0xD1EE, 0xD20E, 0xD20E, 0xD20E, 0xD20E, 0xD1EE, 0xD1EE, 0xD1EE, 0xD20E, 0xD20E, 0xD20E, 0xD1EE,
    0xD1EE, 0xD1EE, 0xC9EE, 0xC9ED, 0xC9ED, 0xC9ED, 0xC1ED, 0xC1ED, 0xC1ED, 0xC1CD, 0xB9CD, 0xB9CC,
    0xB1CC, 0xB1CC, 0xB9CC, 0xB9CC, 0xB9CC, 0xB9CC, 0xB9CC, 0xB9CD, 0xB9CD, 0xB9CD, 0xC1CD, 0xC1CD,
    0xC1ED, 0xC9ED, 0xC9ED, 0xC1ED, 0xC1ED, 0xC1ED, 0xC1CD, 0xC1CD, 0xC1CD, 0xC1CD, 0xC1CD, 0xC1CD,
    0xC1ED, 0xC1CD, 0xC1CD, 0xC1CD, 0xC1CD, 0xC1ED, 0xC1ED, 0xC1ED, 0xC9ED, 0xC9ED, 0xC9ED, 0xC9EE,
    0xD1EE, 0xD1EE, 0xD1EE, 0xD1EE, 0xD1EE, 0xD1EE, 0xD1EE, 0xD1EE, 0xD1EE, 0xD1EE, 0xD1EE, 0xD1EE,
    0xD1EE, 0xD1EE, 0xD1EE, 0xD1EE, 0xD20E, 0xD20E, 0xD1EE, 0xD1EE, 0xD1EE, 0xD20E, 0xDA0E, 0xDA0E,
    0xDA0E, 0xDA0E, 0xDA0E, 0xDA0E, 0xD20E, 0xD1EE, 0xD1EE, 0xD1EE, 0xD20E, 0xDA0E, 0xDA0E, 0xDA0E,
    0xDA0E, 0xDA0E, 0xDA0E, 0xDA0E, 0xDA0E, 0xDA0F, 0xDA0F, 0xDA0F, 0xDA0F, 0xDA0F, 0xDA0F, 0xE20F,
    0xE20F, 0xE20F, 0xE20F, 0xE20F, 0xE20F, 0xE20F, 0xDA0F, 0xDA0F, 0xDA0F, 0xDA0F, 0xDA0F, 0xDA0E,
    0xDA0E, 0xDA0E, 0xDA0E, 0xDA0E, 0xD1EE, 0xD1EE, 0xD1EE, 0xD1EE, 0xD1EE, 0xD1EE, 0xD1EE, 0xD1EE,
    0xD20E, 0xDA0E, 0xDA0E, 0xDA0E, 0xDA0E, 0xD20E, 0xD1EE, 0xD1EE, 0xD1EE, 0xD1EE, 0xC9EE, 0xC9ED,
    0xC9ED, 0xC9ED, 0xC9ED, 0xC9ED, 0xC9ED, 0xC9ED, 0xC9EE, 0xD1EE, 0xD1EE, 0xD1EE, 0xD1EE, 0xD1EE,
    0xD1EE, 0xD1EE, 0xD1EE, 0xD20E, 0xDA0E, 0xD20E, 0xD1EE, 0xD1EE, 0xD1EE, 0xD1EE, 0xD1EE, 0xD1EE,
    0xD1EE, 0xC9ED, 0xC1ED, 0xC1CD, 0xC9ED, 0xC9ED, 0xD1EE, 0xD1EE, 0xC9EE, 0xC9ED, 0xC9ED, 0xC9ED,
    0xC9ED, 0xC9ED, 0xC1ED, 0xC1CD, 0xB9CD, 0xB9CC, 0xB9CC, 0xB1CC, 0xB1CC, 0xB1AC, 0xB1AC, 0xB1AC,
    0xB1AC, 0xB1AC, 0xB1AC, 0xA9AC, 0xA9AC, 0xB1AC, 0xB1AC, 0xB1AC, 0xB1AC, 0xB1AC, 0xB1AC, 0xB1AC,
    0xB1AC, 0xB1AC, 0xB1AC, 0xB1AC, 0xB1AC, 0xB1AC, 0xB1AC, 0xB1AC, 0xB1AC, 0xA9AC, 0xA9AB, 0xA9AB,
    0xA1AB, 0xA18B, 0xA1AB, 0xA1AB, 0xA1AB, 0xA9AB, 0xA9AB, 0xB1AC, 0xB1AC, 0xB1AC, 0xB1AC, 0xB1AC,
    0xB1CC, 0xB9CC, 0xB9CD, 0xC1CD, 0xC1CD, 0xC1CD, 0xC1ED, 0xC1CD, 0xC1CD, 0xC1CD, 0xB9CD, 0xB9CD,
    0xB9CD, 0xB9CD, 0xB9CD, 0xC1CD, 0xC1CD, 0xC1ED, 0xC9ED, 0xC9ED, 0xC9ED, 0xC9EE, 0xD1EE, 0xDA0E,
    0xDA0E, 0xD1EE, 0xD1EE, 0xD1EE, 0xD1EE, 0xD1EE, 0xD1EE, 0xD1EE, 0xD1EE, 0xD1EE, 0xC9EE, 0xD1EE,
    0xD1EE, 0xD1EE, 0xC9EE, 0xC9EE, 0xC9ED, 0xC9ED, 0xC9ED, 0xC9ED, 0xC1ED, 0xC1CD, 0xC1CD, 0xC1CD,
    0xC1CD, 0xB9CD, 0xB9CC, 0xB9CC, 0xB1CC, 0xB1CC, 0xB9CC, 0xB9CC, 0xB9CC, 0xB9CC, 0xB9CC, 0xB9CC,
    0xB9CC, 0xB9CC, 0xB9CC, 0xB9CD, 0xC1CD, 0xC1ED, 0xC9ED, 0xC1ED, 0xC1CD, 0xC1CD, 0xB9CD, 0xB9CC,
    0xB9CC, 0xB1CC, 0xB1CC, 0xB9CC, 0xB9CC, 0xB9CD, 0xC1CD, 0xC1CD, 0xC1ED, 0xC9ED, 0xC9ED, 0xC9ED,
    0xC9ED, 0xC9ED, 0xC1ED, 0xC1ED, 0xC9ED, 0xC9ED, 0xC9ED, 0xC9ED, 0xC9ED, 0xC9ED, 0xC9ED, 0xC9ED,
    0xC9ED, 0xC9ED, 0xC9ED, 0xC9ED, 0xC9ED, 0xC9ED, 0xC9ED, 0xC9EE, 0xD1EE, 0xD1EE, 0xD1EE, 0xD1EE,
    0xD1EE, 0xD1EE, 0xD1EE, 0xD1EE, 0xD1EE, 0xD20E, 0xDA0E, 0xDA0E, 0xD1EE, 0xD1EE, 0xD1EE, 0xC9EE,
    0xC9EE, 0xC9EE, 0xD1EE, 0xD1EE, 0xD20E, 0xDA0E, 0xDA0E, 0xD20E, 0xD1EE, 0xD1EE, 0xD20E, 0xDA0E,
    0xDA0E, 0xDA0E, 0xDA0E, 0xDA0E, 0xDA0E, 0xDA0E, 0xD20E, 0xD1EE, 0xD1EE, 0xD1EE, 0xDA0E, 0xDA0E,
    0xD1EE, 0xD1EE, 0xD1EE, 0xD1EE, 0xD1EE, 0xC9EE, 0xC9EE, 0xC9EE, 0xD1EE, 0xD1EE, 0xD1EE, 0xD1EE,
    0xDA0E, 0xDA0E, 0xDA0E, 0xDA0E, 0xDA0E, 0xD1EE, 0xD1EE, 0xC9EE, 0xC9ED, 0xC9ED, 0xC9ED, 0xC9ED,
    0xC9ED, 0xC9ED, 0xC9ED, 0xC9ED, 0xC9ED, 0xC1ED, 0xC1CD, 0xC1CD, 0xC1CD, 0xC1CD, 0xC1CD, 0xC9ED,
    0xC9ED, 0xC9ED, 0xC9EE, 0xD1EE, 0xD1EE, 0xD1EE, 0xD1EE, 0xDA0E, 0xDA0E, 0xD1EE, 0xD1EE, 0xD1EE,
    0xD1EE, 0xD1EE, 0xC9ED, 0xC9ED, 0xC1ED, 0xC1CD, 0xC1CD, 0xC1ED, 0xC9ED, 0xC9ED, 0xC9ED, 0xC9EE,
    0xC9EE, 0xC9EE, 0xC9ED, 0xC9ED, 0xC9ED, 0xC1ED, 0xC1CD, 0xC1CD, 0xB9CD, 0xB9CC, 0xB9CC, 0xB1CC,
    0xB1CC, 0xB1AC, 0xB1AC, 0xA9AC, 0xA9AC, 0xA9AB, 0xA9AB, 0xA9AB, 0xA9AB, 0xA9AB, 0xA9AC, 0xB1AC,
    0xB1AC, 0xB1AC, 0xB1AC, 0xB1AC, 0xB1AC, 0xB1AC, 0xB1AC, 0xB1AC, 0xB1AC, 0xB1AC, 0xB1AC, 0xB1AC,
    0xB1AC, 0xA9AC, 0xA9AC, 0xA9AB, 0xA9AB, 0xA9AB, 0xA9AB, 0xA9AB, 0xA9AB, 0xA1AB, 0xA9AB, 0xA9AB,
    0xA9AC, 0xB1AC, 0xB1AC, 0xB1AC, 0xB9CC, 0xB9CD, 0xC1CD, 0xC1ED, 0xC1ED, 0xC1ED, 0xC1CD, 0xC1CD,
    0xC1CD, 0xC1CD, 0xC1CD, 0xC1CD, 0xC1CD, 0xC1CD, 0xC1CD, 0xC1ED, 0xC9ED, 0xC9ED, 0xC9ED, 0xC9ED,
    0xC9ED, 0xC9ED, 0xC9EE, 0xD1EE, 0xD1EE, 0xD1EE, 0xD1EE, 0xD1EE, 0xD1EE, 0xD1EE, 0xD1EE, 0xD1EE,
    0xD1EE, 0xD1EE, 0xC9EE, 0xC9ED, 0xC9ED, 0xC9ED, 0xC9ED, 0xC9ED, 0xC9ED, 0xC1ED, 0xC9ED, 0xC9ED,
    0xC9ED, 0xDC74, 0xC9ED, 0xC9ED, 0xC1ED, 0xC1CD, 0xB9CD, 0xB1CC, 0xB1AC, 0xB1CC, 0xB9CC, 0xB9CD,
    0xB9CC, 0xB9CC, 0xB9CC, 0xB9CC, 0xB9CD, 0xB9CD, 0xC1CD, 0xC1CD, 0xC1CD, 0xC1CD, 0xC1CD, 0xC1CD,
    0xB9CD, 0xB9CD, 0xB9CC, 0xB9CC, 0xB9CC, 0xB9CC, 0xB9CC, 0xB9CC, 0xB9CC, 0xB9CC, 0xB9CD, 0xB9CD,
    0xC1CD, 0xC1CD, 0xC1ED, 0xC9ED, 0xC9ED, 0xC9ED, 0xC9ED, 0xC9ED, 0xC1ED, 0xC1CD, 0xC1CD, 0xC1CD,
    0xC1CD, 0xC1CD, 0xC1CD, 0xC1CD, 0xC1CD, 0xC1ED, 0xC1ED, 0xC9ED, 0xC9ED, 0xC9ED, 0xC9ED, 0xD1EE,
    0xD1EE, 0xD1EE, 0xD1EE, 0xD1EE, 0xD1EE, 0xD1EE, 0xD1EE, 0xC9EE, 0xE495, 0xD1EE, 0xD1EE, 0xD1EE,
    0xD1EE, 0xD1EE, 0xD1EE, 0xD1EE, 0xD1EE, 0xC9EE, 0xC9EE, 0xD1EE, 0xD1EE, 0xD1EE, 0xD1EE, 0xD1EE,
    0xD1EE, 0xD1EE, 0xD1EE, 0xD1EE, 0xD1EE, 0xD1EE, 0xD1EE, 0xD1EE, 0xD1EE, 0xD1EE, 0xD1EE, 0xD1EE,
    0xD1EE, 0xD1EE, 0xC9EE, 0xC9EE, 0xC9ED, 0xC9ED, 0xC9ED, 0xC9ED, 0xC9ED, 0xC9ED, 0xC9ED, 0xC9ED,
    0xDA0E, 0xDA0E, 0xDA0E, 0xDA0E, 0xDA0E, 0xDA0E, 0xDA0E, 0xDA0E, 0xDA0E, 0xDA0E, 0xD1EE, 0xC9EE,
    0xC9ED, 0xC9ED, 0xC9ED, 0xC9ED, 0xC9ED, 0xC9ED, 0xC9ED, 0xC9EE, 0xC9ED, 0xC9ED, 0xC9ED, 0xC9ED,
    0xC9ED, 0xC9ED, 0xC9ED, 0xC9ED, 0xC9EE, 0xD1EE, 0xD1EE, 0xD1EE, 0xD20E, 0xDA0E, 0xDA0E, 0xDA0E,
    0xDA0E, 0xDA0E, 0xDA0E, 0xDA0E, 0xDA0E, 0xD1EE, 0xD1EE, 0xC9ED, 0xC9ED, 0xC9ED, 0xC9ED, 0xC9ED,
    0xC9ED, 0xC9ED, 0xC9ED, 0xC9ED, 0xC9ED, 0xC9ED, 0xC9ED, 0xC9ED, 0xC9ED, 0xC1ED, 0xC1CD, 0xC1CD,
    0xB9CD, 0xB9CD, 0xB9CC, 0xB9CC, 0xB9CC, 0xB9CC, 0xB1AC, 0xB1AC, 0xB1AC, 0xB1AC, 0xB1AC, 0xB1AC,
    0xB1AC, 0xB1AC, 0xB1AC, 0xB1AC, 0xB1CC, 0xB9CC, 0xB9CC, 0xB9CC, 0xB9CC, 0xB1CC, 0xD474, 0xB1AC,
    0xB1AC, 0xB1AC, 0xB1AC, 0xB1AC, 0xB1AC, 0xB1AC, 0xB1AC, 0xB1AC, 0xB1AC, 0xB1AC, 0xA9AC, 0xA9AB,
    0xA9AB, 0xA9AB, 0xA9AB, 0xA9AB, 0xB1AC, 0xB1AC, 0xB1CC, 0xB9CC, 0xC1CD, 0xC1CD, 0xC9ED, 0xC9ED,
    0xC9ED, 0xC9ED, 0xC9ED, 0xC9ED, 0xC9ED, 0xC9ED, 0xC9ED, 0xC9ED, 0xC9ED, 0xC9ED, 0xC9ED, 0xC9EE,
    0xE495, 0xD1EE, 0xD1EE, 0xD1EE, 0xD1EE, 0xD1EE, 0xD1EE, 0xD1EE, 0xD1EE, 0xD1EE, 0xD1EE, 0xD1EE,
    0xD1EE, 0xD1EE, 0xD1EE, 0xD1EE, 0xD1EE, 0xD1EE, 0xC9EE, 0xC9ED, 0xC9ED, 0xC9ED, 0xC9ED, 0xC9ED,
    0xDC74, 0xC9ED, 0xC9ED, 0xC9ED, 0xC9ED, 0xC9ED, 0xC9ED, 0xC9ED, 0xC9ED, 0xC1CD, 0xB9CD, 0xB1CC,
    0xB1AC, 0xB1CC, 0xB9CC, 0xB9CC, 0xB9CC, 0xB9CC, 0xB9CC, 0xB9CD, 0xB9CD, 0xC1CD, 0xC1CD, 0xC1CD,
    0xC1CD, 0xC1CD, 0xC1CD, 0xC1CD, 0xC1CD, 0xC1CD, 0xC1CD, 0xC1CD, 0xC1CD, 0xC1CD, 0xC1CD, 0xC1CD,
    0xC1CD, 0xC1CD, 0xC1CD, 0xC1CD, 0xC1CD, 0xC9ED, 0xC9ED, 0xD1EE, 0xD1EE, 0xD1EE, 0xD1EE, 0xD1EE,
    0xC9ED, 0xC9ED, 0xC1ED, 0xC9ED, 0xC9ED, 0xC9ED, 0xC9EE, 0xC9ED, 0xC9ED, 0xC9EE, 0xC9EE, 0xC9EE,
    0xC9EE, 0xD1EE, 0xE495, 0xD1EE, 0xD1EE, 0xD1EE, 0xD1EE, 0xD1EE, 0xD1EE, 0xD1EE, 0xD1EE, 0xD1EE,
    0xD1EE, 0xD1EE, 0xD1EE, 0xD1EE, 0xD20E, 0xDA0E, 0xDA0E, 0xDA0E, 0xDA0E, 0xD20E, 0xD1EE, 0xD20E,
    0xD20E, 0xDA0E, 0xDA0E, 0xDA0E, 0xDA0E, 0xD20E, 0xD1EE, 0xD1EE, 0xD1EE, 0xD1EE, 0xD1EE, 0xD1EE,
    0xD1EE, 0xD1EE, 0xD1EE, 0xD1EE, 0xD1EE, 0xD1EE, 0xC9EE, 0xC9EE, 0xC9ED, 0xC9ED, 0xC9ED, 0xC9ED,
    0xC9ED, 0xC9ED, 0xC9ED, 0xC9ED, 0xE22F, 0xE22F, 0xE20F, 0xE20F, 0xE20F, 0xDA0F, 0xE20F, 0xE20F,
    0xE20F, 0xDA0F, 0xDA0E, 0xD20E, 0xD1EE, 0xD1EE, 0xD1EE, 0xD1EE, 0xD1EE, 0xD1EE, 0xD1EE, 0xD1EE,
    0xD1EE, 0xD20E, 0xD20E, 0xDA0E, 0xDA0E, 0xDA0E, 0xDA0E, 0xDA0E, 0xDA0E, 0xDA0E, 0xDA0E, 0xDA0E,
    0xDA0F, 0xDA0F, 0xDA0F, 0xDA0E, 0xDA0E, 0xDA0E, 0xDA0E, 0xDA0F, 0xDA0F, 0xDA0F, 0xDA0E, 0xDA0E,
    0xDA0E, 0xDA0E, 0xD20E, 0xD20E, 0xD1EE, 0xD1EE, 0xC9ED, 0xC9ED, 0xC9ED, 0xC9ED, 0xC9ED, 0xC9ED,
    0xC9ED, 0xC1ED, 0xC1ED, 0xC1CD, 0xC1CD, 0xC1CD, 0xC1CD, 0xC1CD, 0xC1ED, 0xC1CD, 0xC1CD, 0xC1CD,
    0xC1CD, 0xB9CD, 0xB9CD, 0xB9CD, 0xB9CD, 0xB9CD, 0xB9CD, 0xB9CD, 0xC1CD, 0xC1CD, 0xC1ED, 0xC1ED,
    0xC1CD, 0xC1CD, 0xB9CD, 0xB9CD, 0xB9CC, 0xB9CC, 0xB9CC, 0xB9CC, 0xB9CC, 0xB1CC, 0xB1CC, 0xB1AC,
    0xB1AC, 0xA9AC, 0xA9AC, 0xA9AC, 0xA9AC, 0xA9AB, 0xA9AC, 0xB1AC, 0xB1CC, 0xB9CC, 0xB9CD, 0xC1CD,
    0xC1ED, 0xC9ED, 0xD1EE, 0xD1EE, 0xD1EE, 0xD1EE, 0xD1EE, 0xD1EE, 0xD1EE, 0xD1EE, 0xD1EE, 0xD1EE,
    0xD1EE, 0xD20E, 0xD20E, 0xDA0E, 0xDA0E, 0xDA0E, 0xDA0F, 0xDA0F, 0xDA0F, 0xDA0F, 0xDA0F, 0xE20F,
    0xDA0F, 0xDA0E, 0xDA0E, 0xD20E, 0xDA0E, 0xDA0E, 0xDA0F, 0xDA0E, 0xDA0E, 0xD1EE, 0xD1EE, 0xD1EE,
    0xD1EE, 0xD1EE, 0xD20E, 0xD1EE, 0xD1EE, 0xD1EE, 0xC9EE, 0xC9ED, 0xC1ED, 0xC1ED, 0xC1ED, 0xC1ED,
    0xC1ED, 0xC1CD, 0xB9CD, 0xB9CC, 0xB1CC, 0xB1CC, 0xB1CC, 0xB9CC, 0xB9CC, 0xB9CD, 0xC1CD, 0xC1ED,
    0xC1CD, 0xC1CD, 0xC1CD, 0xC1CD, 0xC1ED, 0xC1ED, 0xC9ED, 0xC9ED, 0xC9ED, 0xC9EE, 0xC9EE, 0xC9EE,
    0xC9EE, 0xC9EE, 0xC9ED, 0xC9EE, 0xC9EE, 0xC9EE, 0xC9EE, 0xC9EE, 0xD1EE, 0xD1EE, 0xDA0E, 0xDA0E,
    0xDA0F, 0xDA0F, 0xDA0F, 0xDA0F, 0xDA0E, 0xD20E, 0xD1EE, 0xD20E, 0xDA0E, 0xDA0E, 0xDA0F, 0xDA0F,
    0xDA0F, 0xDA0F, 0xDA0E, 0xDA0E, 0xD20E, 0xD20E, 0xD20E, 0xD20E, 0xD20E, 0xD20E, 0xD20E, 0xD20E,
    0xD20E, 0xDA0E, 0xDA0F, 0xE20F, 0xE20F, 0xDA0F, 0xDA0F, 0xDA0F, 0xE20F, 0xE20F, 0xE20F, 0xE20F,
    0xE20F, 0xE20F, 0xE22F, 0xE22F, 0xE22F, 0xE22F, 0xE20F, 0xE20F, 0xE20F, 0xE20F, 0xDA0F, 0xDA0E,
    0xD20E, 0xD20E, 0xD1EE, 0xD1EE, 0xD1EE, 0xD1EE, 0xD1EE, 0xD1EE, 0xD1EE, 0xD1EE, 0xD20E, 0xD20E,
    0xD1EE, 0xD1EE, 0xC9EE, 0xC9EE, 0xD1EE, 0xD1EE, 0xD1EE, 0xD1EE, 0xEA30, 0xEA30, 0xEA2F, 0xEA2F,
    0xEA2F, 0xE22F, 0xE22F, 0xE22F, 0xEA2F, 0xE22F, 0xE20F, 0xDA0F, 0xDA0E, 0xDA0E, 0xDA0E, 0xD20E,
    0xDA0E, 0xDA0E, 0xDA0E, 0xDA0E, 0xDA0F, 0xE20F, 0xE22F, 0xEC95, 0xE22F, 0xEA2F, 0xEA2F, 0xE22F,
    0xE20F, 0xDA0F, 0xDA0F, 0xE20F, 0xE22F, 0xE22F, 0xE20F, 0xDA0F, 0xDA0F, 0xDA0F, 0xDA0F, 0xE20F,
    0xE20F, 0xE20F, 0xE22F, 0xE22F, 0xE20F, 0xE20F, 0xDA0F, 0xDA0F, 0xDA0E, 0xDA0E, 0xDA0E, 0xDA0E,
    0xDA0E, 0xDA0E, 0xDA0E, 0xD20E, 0xD1EE, 0xC9ED, 0xC9ED, 0xC9ED, 0xC9ED, 0xC9ED, 0xC9ED, 0xC9ED,
    0xC9ED, 0xC9ED, 0xC1ED, 0xC1ED, 0xC1CD, 0xC1CD, 0xC1CD, 0xC1CD, 0xC1CD, 0xC1ED, 0xC1ED, 0xC1ED,
    0xC9ED, 0xC9ED, 0xC9ED, 0xC1ED, 0xC1ED, 0xC1ED, 0xC1ED, 0xC1ED, 0xC1ED, 0xC9ED, 0xC9ED, 0xC9ED,
    0xC9ED, 0xC9ED, 0xC1ED, 0xC1ED, 0xB9CD, 0xB9CD, 0xB9CD, 0xB9CC, 0xB9CC, 0xB9CC, 0xB9CC, 0xB9CD,
    0xC1CD, 0xC1ED, 0xC9ED, 0xC9ED, 0xC9EE, 0xD1EE, 0xD20E, 0xD20E, 0xD20E, 0xD20E, 0xD20E, 0xD20E,
    0xDA0E, 0xDA0E, 0xDA0F, 0xDA0F, 0xDA0F, 0xDA0F, 0xDA0F, 0xDA0F, 0xDA0F, 0xE20F, 0xE22F, 0xE22F,
    0xEA2F, 0xEA2F, 0xEA2F, 0xEA2F, 0xEA2F, 0xE22F, 0xE22F, 0xE20F, 0xE20F, 0xE20F, 0xE20F, 0xE20F,
    0xDA0F, 0xDA0E, 0xD20E, 0xDA0E, 0xDA0E, 0xDA0E, 0xDA0E, 0xDA0E, 0xD20E, 0xD1EE, 0xD1EE, 0xC9EE,
    0xC9EE, 0xC9EE, 0xC9EE, 0xC9EE, 0xC9EE, 0xC9ED, 0xC9ED, 0xC1ED, 0xC1CD, 0xC1CD, 0xC1CD, 0xC1CD,
    0xC1ED, 0xC1ED, 0xC1ED, 0xC1ED, 0xC9ED, 0xC9ED, 0xC9EE, 0xD1EE, 0xD1EE, 0xD20E, 0xD20E, 0xD20E,
    0xD20E, 0xD20E, 0xD20E, 0xDA0E, 0xDA0E, 0xDA0E, 0xDA0E, 0xDA0F, 0xDA0F, 0xDA0F, 0xE20F, 0xE20F,
    0xE22F, 0xE22F, 0xE22F, 0xEA2F, 0xEA2F, 0xEA2F, 0xEA2F, 0xEA2F, 0xEA2F, 0xEA2F, 0xE22F, 0xEA2F,
    0xEA2F, 0xEA30, 0xEA30, 0xEA30, 0xEA2F, 0xEA2F, 0xE22F, 0xE22F, 0xE20F, 0xE20F, 0xE20F, 0xE20F,
    0xE20F, 0xE20F, 0xE20F, 0xE22F, 0xE22F, 0xEA2F, 0xEA2F, 0xEA30, 0xEA30, 0xEA30, 0xEA30, 0xEA30,
    0xEA30, 0xEA30, 0xEA30, 0xEA30, 0xEA2F, 0xEA2F, 0xEA2F, 0xEA2F, 0xEA2F, 0xEA2F, 0xEA2F, 0xE22F,
    0xE22F, 0xE22F, 0xE22F, 0xE22F, 0xE22F, 0xE20F, 0xDA0F, 0xDA0F, 0xDA0E, 0xDA0E, 0xDA0E, 0xDA0E,
    0xDA0E, 0xDA0F, 0xDA0F, 0xDA0F, 0xDA0F, 0xDA0F, 0xDA0E, 0xDA0E, 0xDA0E, 0xDA0E, 0xDA0E, 0xDA0E,
    0xF4B6, 0xF250, 0xF250, 0xF250, 0xF230, 0xF230, 0xF4B6, 0xF230, 0xF230, 0xEA30, 0xEA2F, 0xE22F,
    0xE22F, 0xE22F, 0xDA0F, 0xDA0F, 0xDA0F, 0xE20F, 0xE22F, 0xE22F, 0xE22F, 0xEA30, 0xEA30, 0xF230,
    0xF250, 0xF250, 0xF250, 0xEA30, 0xEA30, 0xEA2F, 0xEA2F, 0xEA2F, 0xEA2F, 0xEA2F, 0xE22F, 0xE22F,
    0xE20F, 0xE22F, 0xE22F, 0xE22F, 0xEA2F, 0xEA2F, 0xEA2F, 0xEA2F, 0xEA2F, 0xEA2F, 0xE22F, 0xE22F,
    0xE22F, 0xE22F, 0xE22F, 0xE22F, 0xE22F, 0xE22F, 0xE20F, 0xDA0F, 0xDA0E, 0xD20E, 0xD20E, 0xD20E,
    0xD20E, 0xD20E, 0xD20E, 0xD20E, 0xD20E, 0xC9EE, 0xC9ED, 0xC9ED, 0xC1ED, 0xC1ED, 0xC1ED, 0xC1ED,
    0xC9ED, 0xC9ED, 0xC9EE, 0xC9EE, 0xC9EE, 0xC9EE, 0xC9ED, 0xC9ED, 0xC9ED, 0xC9ED, 0xC9EE, 0xD1EE,
    0xD20E, 0xD20E, 0xD20E, 0xDA0E, 0xDA0E, 0xD20E, 0xD20E, 0xD1EE, 0xC9ED, 0xC9ED, 0xC1ED, 0xC1ED,
    0xC1ED, 0xC1ED, 0xC1ED, 0xC1ED, 0xC9ED, 0xC9EE, 0xD20E, 0xD20E, 0xD20E, 0xDA0E, 0xDA0E, 0xDA0E,
    0xDA0E, 0xDA0E, 0xDA0E, 0xDA0F, 0xDA0F, 0xE22F, 0xE22F, 0xE22F, 0xE22F, 0xE22F, 0xE22F, 0xE22F,
    0xEA2F, 0xEA2F, 0xEA30, 0xEA30, 0xF250, 0xF250, 0xF250, 0xFA50, 0xF250, 0xF250, 0xF230, 0xEA30,
    0xEA30, 0xEA2F, 0xEA2F, 0xE22F, 0xE22F, 0xE22F, 0xDA0F, 0xDA0F, 0xDA0F, 0xE20F, 0xDA0F, 0xDA0E,
    0xDA0E, 0xD20E, 0xD20E, 0xD20E, 0xD20E, 0xD20E, 0xD20E, 0xD20E, 0xD20E, 0xC9EE, 0xC9ED, 0xC9ED,
    0xC1ED, 0xC9ED, 0xC9ED, 0xC9ED, 0xC9ED, 0xC9ED, 0xC9ED, 0xC9ED, 0xC9EE, 0xD20E, 0xDA0E, 0xDA0E,
    0xDA0F, 0xDA0F, 0xDA0F, 0xDA0F, 0xDA0F, 0xDA0F, 0xE22F, 0xE22F, 0xE22F, 0xE22F, 0xEA2F, 0xEA30,
    0xEA30, 0xF230, 0xF250, 0xF250, 0xF250, 0xF250, 0xF250, 0xF250, 0xF250, 0xF250, 0xF250, 0xF250,
    0xF250, 0xFA50, 0xFA50, 0xFA50, 0xFA50, 0xFA50, 0xFA50, 0xFA50, 0xFA50, 0xF250, 0xF250, 0xF230,
    0xEA30, 0xEA30, 0xEA30, 0xEA30, 0xEA30, 0xEA30, 0xEA30, 0xF230, 0xF250, 0xF250, 0xF250, 0xFA50,
    0xFA50, 0xFA50, 0xFA50, 0xFA50, 0xFA50, 0xFA50, 0xFA50, 0xF250, 0xF250, 0xF230, 0xEA30, 0xEA30,
    0xF230, 0xF230, 0xEA30, 0xF4B6, 0xEA30, 0xEA2F, 0xEA2F, 0xEA30, 0xEA30, 0xEA2F, 0xEA2F, 0xE22F,
    0xE22F, 0xE22F, 0xE22F, 0xE22F, 0xE22F, 0xE22F, 0xE22F, 0xE22F, 0xE22F, 0xE22F, 0xE22F, 0xE22F,
    0xE22F, 0xE22F, 0xE22F, 0xE22F, 0xFA71, 0xFA71, 0xFA71, 0xFA51, 0xFA51, 0xFA50, 0xFA50, 0xFA50,
    0xFA51, 0xFA50, 0xF250, 0xEA30, 0xEA2F, 0xE22F, 0xE22F, 0xE22F, 0xE22F, 0xE22F, 0xE22F, 0xEA2F,
    0xEA30, 0xEA30, 0xF250, 0xF250, 0xF250, 0xF250, 0xF250, 0xF250, 0xF250, 0xF250, 0xF250, 0xF250,
    0xEA30, 0xEA30, 0xE22F, 0xE22F, 0xDA0F, 0xE22F, 0xE22F, 0xEA2F, 0xEA30, 0xEA30, 0xEA30, 0xEA2F,
    0xEA30, 0xEA30, 0xEA30, 0xEA2F, 0xEA2F, 0xE22F, 0xE22F, 0xE22F, 0xE22F, 0xE22F, 0xE22F, 0xE22F,
    0xDA0F, 0xE495, 0xDA0E, 0xDA0E, 0xDA0E, 0xDA0E, 0xDA0E, 0xD20E, 0xD20E, 0xD20E, 0xC9EE, 0xC9EE,
    0xC9EE, 0xD20E, 0xD20E, 0xD20E, 0xD20E, 0xD20E, 0xD20E, 0xD20E, 0xD20E, 0xD20E, 0xD20E, 0xD20E,
    0xD20E, 0xD20E, 0xDA0E, 0xDA0E, 0xDA0F, 0xDA0F, 0xDA2F, 0xDA2F, 0xDA0F, 0xDA0F, 0xDA0E, 0xD20E,
    0xD20E, 0xC9EE, 0xC9ED, 0xC9ED, 0xC1ED, 0xC1ED, 0xC9ED, 0xC9EE, 0xD20E, 0xD20E, 0xD20E, 0xDA0E,
    0xDA0E, 0xDA0F, 0xDA0F, 0xE22F, 0xE22F, 0xE22F, 0xE22F, 0xE22F, 0xE22F, 0xE22F, 0xE22F, 0xE22F,
    0xE22F, 0xE22F, 0xEA30, 0xF250, 0xF250, 0xFA50, 0xFA50, 0xFA50, 0xFA50, 0xFA51, 0xFA71, 0xFA71,
    0xFA71, 0xFA71, 0xFA51, 0xFA50, 0xF250, 0xF250, 0xF250, 0xEA30, 0xEA30, 0xEA2F, 0xE22F, 0xECB5,
    0xE22F, 0xE22F, 0xE22F, 0xDA0F, 0xDA0F, 0xDA0E, 0xDA0E, 0xD20E, 0xD20E, 0xD20E, 0xCA0E, 0xC9EE,
    0xC9EE, 0xC9ED, 0xC9ED, 0xC1ED, 0xC1ED, 0xC1ED, 0xC9ED, 0xC9ED, 0xC9EE, 0xD20E, 0xD20E, 0xD20E,
    0xDA0E, 0xDA0E, 0xDA0F, 0xE22F, 0xE22F, 0xE22F, 0xE22F, 0xE22F, 0xE22F, 0xE22F, 0xEA2F, 0xEA30,
    0xEA30, 0xF250, 0xFA50, 0xFA51, 0xFA51, 0xFA51, 0xFA51, 0xFA51, 0xFA51, 0xFA51, 0xFA51, 0xFA51,
    0xFA51, 0xFA51, 0xFA51, 0xFA51, 0xFA51, 0xFA71, 0xFA71, 0xFCD6, 0xFA71, 0xFA71, 0xFA71, 0xFA71,
    0xFA51, 0xFA51, 0xFA51, 0xFA50, 0xF250, 0xF250, 0xF250, 0xF250, 0xFA50, 0xF250, 0xF250, 0xF250,
    0xF250, 0xFA50, 0xFA51, 0xFA51, 0xFA51, 0xFA51, 0xFA71, 0xFA71, 0xFA71, 0xFA51, 0xFA51, 0xFA51,
    0xFA51, 0xFA50, 0xFA50, 0xFA50, 0xFA50, 0xFA50, 0xFA50, 0xFA50, 0xF250, 0xF250, 0xF250, 0xEA30,
    0xEA2F, 0xEA2F, 0xEA30, 0xEA30, 0xEA30, 0xEA30, 0xEA2F, 0xE22F, 0xE22F, 0xE22F, 0xE22F, 0xE22F,
    0xE22F, 0xEA2F, 0xEA2F, 0xEA2F, 0xEA2F, 0xE22F, 0xE22F, 0xE22F, 0xFA71, 0xFA71, 0xFA71, 0xFA71,
    0xFA71, 0xFA51, 0xFA51, 0xFA51, 0xFA51, 0xFA51, 0xFA50, 0xF250, 0xF250, 0xF250, 0xEA30, 0xEA30,
    0xEA30, 0xEA30, 0xEA30, 0xEA30, 0xEA50, 0xF250, 0xF250, 0xF250, 0xF250, 0xF250, 0xF250, 0xF250,
    0xF250, 0xF250, 0xF250, 0xEA30, 0xEA2F, 0xE22F, 0xE22F, 0xDA2F, 0xDA0F, 0xE22F, 0xE22F, 0xE22F,
    0xEA2F, 0xEA2F, 0xEA2F, 0xEA30, 0xEA30, 0xEA30, 0xF4B6, 0xEA2F, 0xE22F, 0xE22F, 0xE22F, 0xDA2F,
    0xDA0F, 0xDA0F, 0xDA0E, 0xDA0E, 0xD20E, 0xD20E, 0xD20E, 0xD20E, 0xD20E, 0xD20E, 0xD20E, 0xD20E,
    0xD20E, 0xC9EE, 0xDC95, 0xC9EE, 0xC9EE, 0xCA0E, 0xD20E, 0xD20E, 0xD20E, 0xD20E, 0xD20E, 0xD20E,
    0xD20E, 0xD20E, 0xD20E, 0xDA0E, 0xDA0E, 0xDA0E, 0xDA0F, 0xDA0F, 0xDA0F, 0xDA0F, 0xDA0F, 0xDA0F,
    0xDA0E, 0xDA0E, 0xD20E, 0xD20E, 0xD20E, 0xCA0E, 0xC9EE, 0xC9ED, 0xC9ED, 0xC9ED, 0xC9ED, 0xC9EE,
    0xD20E, 0xD20E, 0xD20E, 0xD20E, 0xD20E, 0xDA0E, 0xDA0E, 0xDA0F, 0xE22F, 0xE22F, 0xE22F, 0xECB5,
    0xE22F, 0xE22F, 0xEA2F, 0xEA2F, 0xEA30, 0xEA30, 0xF250, 0xF250, 0xF250, 0xFA50, 0xFA51, 0xFA51,
    0xFA51, 0xFA71, 0xFA71, 0xFA71, 0xFA71, 0xFA71, 0xFA51, 0xFA51, 0xF250, 0xF250, 0xF250, 0xEA30,
    0xEA30, 0xEA30, 0xEA2F, 0xE22F, 0xE22F, 0xDA2F, 0xDA0F, 0xDA0F, 0xDA2F, 0xE22F, 0xDA0F, 0xDA0F,
    0xDA0E, 0xDA0E, 0xD20E, 0xD20E, 0xC9EE, 0xC9ED, 0xC9ED, 0xC1ED, 0xC1ED, 0xC1ED, 0xC1ED, 0xC9ED,
    0xC9EE, 0xD20E, 0xD20E, 0xDA0E, 0xDA0E, 0xDA0E, 0xDA0F, 0xDA2F, 0xE22F, 0xE22F, 0xEA2F, 0xEA2F,
    0xEA2F, 0xEA2F, 0xEA2F, 0xEA30, 0xF250, 0xF250, 0xF250, 0xFA50, 0xFA51, 0xFA51, 0xFA50, 0xFA50,
    0xFA50, 0xFA51, 0xFA51, 0xFA51, 0xFA51, 0xFA51, 0xFA51, 0xFA71, 0xFA51, 0xFA51, 0xFA51, 0xFA51,
    0xFA51, 0xFA71, 0xFA71, 0xFA71, 0xFA71, 0xFA71, 0xFA51, 0xFA50, 0xF250, 0xF250, 0xF250, 0xF250,
    0xF250, 0xF250, 0xF250, 0xF250, 0xFA50, 0xFA51, 0xFA51, 0xFA51, 0xFA51, 0xFCB6, 0xFA51, 0xFA51,
    0xFA51, 0xFA51, 0xFA51, 0xFA51, 0xFA51, 0xFA51, 0xFA51, 0xFA51, 0xFA50, 0xF250, 0xF250, 0xF250,
    0xF250, 0xF250, 0xF250, 0xF250, 0xF250, 0xF250, 0xF250, 0xF250, 0xF250, 0xF250, 0xEA30, 0xE22F,
    0xE22F, 0xE22F, 0xE22F, 0xE22F, 0xE22F, 0xE22F, 0xE22F, 0xE22F, 0xE22F, 0xE22F, 0xE22F, 0xE22F,
    0xFA71, 0xFA71, 0xFA71, 0xFA71, 0xFA71, 0xFCD6, 0xFA51, 0xFA51, 0xFA50, 0xFA50, 0xFA50, 0xFA50,
    0xFA50, 0xF250, 0xF250, 0xF250, 0xEA30, 0xEA30, 0xEA30, 0xEA30, 0xF250, 0xF250, 0xF250, 0xF250,
    0xF250, 0xF250, 0xEA30, 0xEA30, 0xEA30, 0xEA30, 0xEA30, 0xE22F, 0xE22F, 0xDA0F, 0xDA0F, 0xDA0E,
    0xDA0F, 0xDA0F, 0xDA0F, 0xDA2F, 0xE22F, 0xE22F, 0xE22F, 0xE22F, 0xE22F, 0xE22F, 0xE22F, 0xE22F,
    0xE22F, 0xDA0F, 0xDA0F, 0xDA0E, 0xD20E, 0xD20E, 0xD20E, 0xD20E, 0xC9EE, 0xC9EE, 0xC9EE, 0xC9EE,
    0xC9EE, 0xC9EE, 0xC9EE, 0xC9ED, 0xC9ED, 0xC9ED, 0xC9ED, 0xC9ED, 0xC9ED, 0xC9EE, 0xC9EE, 0xD20E,
    0xD20E, 0xD20E, 0xE495, 0xD20E, 0xD20E, 0xD20E, 0xD20E, 0xD20E, 0xDA0E, 0xDA0E, 0xDA0E, 0xDA0E,
    0xDA0E, 0xD20E, 0xD20E, 0xD20E, 0xD20E, 0xD20E, 0xD20E, 0xD20E, 0xC9EE, 0xC9EE, 0xC9EE, 0xC9ED,
    0xC9ED, 0xC9ED, 0xC9ED, 0xC9ED, 0xC9ED, 0xC9EE, 0xC9EE, 0xD20E, 0xD20E, 0xD20E, 0xDA0E, 0xDA0F,
    0xDA0F, 0xE22F, 0xE22F, 0xE22F, 0xE22F, 0xE22F, 0xEA2F, 0xEA2F, 0xEA30, 0xEA30, 0xEA30, 0xEA30,
    0xF250, 0xF250, 0xFA50, 0xFA51, 0xFCB6, 0xFA71, 0xFA71, 0xFA71, 0xFA71, 0xFA51, 0xFA51, 0xFA50,
    0xF250, 0xF250, 0xEA30, 0xEA30, 0xEA2F, 0xEA2F, 0xE22F, 0xE22F, 0xDA0F, 0xDA0E, 0xDA0E, 0xDA0F,
    0xDA0F, 0xE22F, 0xDA2F, 0xDA0F, 0xDA0E, 0xDA0E, 0xD20E, 0xC9EE, 0xC9ED, 0xC9ED, 0xC9ED, 0xC9ED,
    0xC1ED, 0xC1ED, 0xC1ED, 0xC1ED, 0xC9ED, 0xD20E, 0xD20E, 0xE495, 0xDA0E, 0xDA0E, 0xDA0E, 0xDA0F,
    0xE22F, 0xE22F, 0xEA2F, 0xEA2F, 0xEA2F, 0xEA2F, 0xEA30, 0xEA30, 0xEA30, 0xF250, 0xF250, 0xF250,
    0xF250, 0xF250, 0xF250, 0xF250, 0xF250, 0xF250, 0xF250, 0xF250, 0xF250, 0xFA51, 0xFA51, 0xFA51,
    0xFA51, 0xFA50, 0xF250, 0xF250, 0xFA50, 0xFA51, 0xFA51, 0xFA51, 0xFA51, 0xFA51, 0xFA51, 0xFA50,
    0xF250, 0xF250, 0xF250, 0xEA30, 0xF4B6, 0xEA30, 0xF250, 0xF250, 0xFA50, 0xFA50, 0xFA50, 0xFA50,
    0xFA50, 0xFA50, 0xFA50, 0xFA51, 0xFA51, 0xFA51, 0xFA51, 0xFA51, 0xFA51, 0xFA51, 0xFA51, 0xFA51,
    0xF250, 0xF250, 0xF250, 0xF250, 0xF4B6, 0xF230, 0xF4B6, 0xF250, 0xF250, 0xF250, 0xF250, 0xF250,
    0xF250, 0xF250, 0xEA30, 0xE22F, 0xE22F, 0xE22F, 0xE22F, 0xE22F, 0xE22F, 0xE22F, 0xE22F, 0xE22F,
    0xE22F, 0xE22F, 0xE22F, 0xE22F, 0xFA51, 0xFA51, 0xFA51, 0xFA51, 0xFA51, 0xFA51, 0xFA50, 0xF250,
    0xF250, 0xF250, 0xF250, 0xF250, 0xF250, 0xF250, 0xF250, 0xF230, 0xF230, 0xEA30, 0xEA30, 0xEA30,
    0xEA30, 0xEA30, 0xEA30, 0xEA2F, 0xE22F, 0xE22F, 0xE22F, 0xE22F, 0xE22F, 0xE22F, 0xE22F, 0xE20F,
    0xDA0F, 0xDA0E, 0xDA0E, 0xDA0E, 0xDA0E, 0xDA0E, 0xDA0E, 0xDA0E, 0xD20E, 0xD20E, 0xD20E, 0xD20E,
    0xD20E, 0xDA0E, 0xDA0E, 0xDA0E, 0xDA0E, 0xDA0E, 0xDA0E, 0xE495, 0xD20E, 0xD20E, 0xD20E, 0xC9EE,
    0xC9EE, 0xC9EE, 0xC9ED, 0xC9ED, 0xC9ED, 0xC9ED, 0xC9ED, 0xC1ED, 0xC1ED, 0xC1ED, 0xC1ED, 0xC9ED,
    0xC9EE, 0xD1EE, 0xD20E, 0xD20E, 0xD20E, 0xD20E, 0xD20E, 0xD20E, 0xD20E, 0xD1EE, 0xC9EE, 0xC9EE,
    0xC9EE, 0xC9EE, 0xC9EE, 0xC9EE, 0xD1EE, 0xD20E, 0xD20E, 0xC9EE, 0xC9ED, 0xC9ED, 0xC9ED, 0xC9ED,
    0xC9ED, 0xC9ED, 0xC1ED, 0xC1ED, 0xC1ED, 0xC1ED, 0xC1ED, 0xC1CD, 0xC1ED, 0xC1ED, 0xC9ED, 0xD1EE,
    0xD20E, 0xDA0E, 0xDA0E, 0xDA0F, 0xDA0F, 0xDA0F, 0xDA0F, 0xE22F, 0xE22F, 0xE22F, 0xE22F, 0xE22F,
    0xE22F, 0xE22F, 0xE22F, 0xE22F, 0xEA2F, 0xEA30, 0xF230, 0xF250, 0xFA50, 0xFA51, 0xFA51, 0xFA51,
    0xFA51, 0xFA51, 0xFA50, 0xF250, 0xF250, 0xEA30, 0xEA30, 0xEA2F, 0xE22F, 0xDA0F, 0xDA0F, 0xDA0E,
    0xDA0E, 0xDA0E, 0xDA0E, 0xDA0E, 0xDA0F, 0xDA0F, 0xDA0E, 0xD20E, 0xD20E, 0xC9EE, 0xC9ED, 0xC9ED,
    0xC9ED, 0xC9ED, 0xC9ED, 0xC9ED, 0xC9ED, 0xC9ED, 0xC9ED, 0xC9ED, 0xC9ED, 0xC9EE, 0xD20E, 0xD20E,
    0xDA0E, 0xDA0F, 0xE22F, 0xE22F, 0xE22F, 0xEA2F, 0xEA2F, 0xEA2F, 0xEA2F, 0xEA30, 0xEA30, 0xEA30,
    0xF230, 0xF250, 0xF250, 0xF250, 0xF250, 0xF250, 0xF250, 0xF250, 0xF250, 0xF250, 0xF250, 0xF250,
    0xF250, 0xF250, 0xFA50, 0xFA51, 0xFA50, 0xF250, 0xF250, 0xF250, 0xF4B6, 0xF250, 0xF250, 0xF250,
    0xF250, 0xF250, 0xF250, 0xF250, 0xF250, 0xF250, 0xEA30, 0xEA2F, 0xE22F, 0xEA2F, 0xEA30, 0xF250,
    0xF250, 0xF250, 0xF250, 0xF250, 0xF250, 0xFA50, 0xFA50, 0xFA51, 0xFA51, 0xFA51, 0xFA51, 0xFA51,
    0xFA51, 0xFA51, 0xFA51, 0xFA50, 0xF250, 0xF250, 0xF250, 0xF230, 0xEA30, 0xEA30, 0xEA30, 0xF230,
    0xF250, 0xF250, 0xF250, 0xF250, 0xF250, 0xEA30, 0xECB6, 0xE22F, 0xE22F, 0xE22F, 0xE22F, 0xE22F,
    0xDA0F, 0xDA0F, 0xDA0F, 0xDA0F, 0xE22F, 0xE22F, 0xE22F, 0xE22F, 0xF250, 0xF250, 0xF250, 0xF250,
    0xFA50, 0xFA50, 0xF250, 0xF250, 0xF230, 0xF230, 0xF230, 0xF250, 0xF250, 0xF230, 0xF230, 0xEA30,
    0xEA30, 0xEA2F, 0xEA2F, 0xEA2F, 0xE22F, 0xE22F, 0xDA0F, 0xDA0F, 0xDA0F, 0xDA0F, 0xDA0E, 0xDA0E,
    0xDA0E, 0xDA0E, 0xDA0E, 0xD20E, 0xD20E, 0xD20E, 0xD20E, 0xD1EE, 0xD1EE, 0xD1EE, 0xD1EE, 0xC9EE,
    0xC9EE, 0xC9EE, 0xC9EE, 0xC9EE, 0xC9EE, 0xC9ED, 0xC9ED, 0xC9ED, 0xC9ED, 0xC9ED, 0xC9ED, 0xC9EE,
    0xC9EE, 0xC9EE, 0xC9ED, 0xC9ED, 0xC9ED, 0xC9ED, 0xC9ED, 0xC1ED, 0xC1ED, 0xC1ED, 0xC1ED, 0xB9CD,
    0xB9CD, 0xB9CD, 0xC1ED, 0xC1ED, 0xC9ED, 0xC9ED, 0xC9ED, 0xC9ED, 0xC9ED, 0xC9ED, 0xC9EE, 0xD1EE,
    0xC9EE, 0xC9ED, 0xC9ED, 0xC9ED, 0xC9ED, 0xC9EE, 0xC9EE, 0xC9EE, 0xC9EE, 0xD1EE, 0xC9EE, 0xC9EE,
    0xC9ED, 0xC1ED, 0xDC74, 0xC1ED, 0xB9CD, 0xB9CD, 0xB9CD, 0xD474, 0xB9CC, 0xB9CC, 0xB9CC, 0xB9CC,
    0xB9CD, 0xC1ED, 0xC9ED, 0xC9EE, 0xD20E, 0xD20E, 0xDA0E, 0xDA0F, 0xDA0E, 0xDA0E, 0xDA0E, 0xDA0E,
    0xDA0E, 0xDA0E, 0xDA0E, 0xDA0E, 0xDA0F, 0xDA0F, 0xDA0F, 0xE20F, 0xE22F, 0xE22F, 0xEA2F, 0xEA30,
    0xEA30, 0xF230, 0xF250, 0xF4B6, 0xFA50, 0xF250, 0xF250, 0xF250, 0xF230, 0xEA30, 0xEA2F, 0xE22F,
    0xE22F, 0xE20F, 0xDA0F, 0xDA0F, 0xDA0E, 0xDA0E, 0xDA0E, 0xDA0E, 0xDA0E, 0xDA0E, 0xD20E, 0xD20E,
    0xD20E, 0xC9EE, 0xC9EE, 0xC9EE, 0xC9ED, 0xC9ED, 0xC9ED, 0xC1ED, 0xC1ED, 0xC1ED, 0xC1ED, 0xC1ED,
    0xC1ED, 0xC9ED, 0xC9EE, 0xD20E, 0xD20E, 0xDA0E, 0xDA0F, 0xE22F, 0xE22F, 0xE22F, 0xEA2F, 0xEA2F,
    0xEA2F, 0xEA2F, 0xEA2F, 0xEA2F, 0xEA2F, 0xEA2F, 0xEA2F, 0xEA2F, 0xEA2F, 0xEA30, 0xEA30, 0xEA30,
    0xEA30, 0xF230, 0xF230, 0xF230, 0xF250, 0xF250, 0xF230, 0xF230, 0xF230, 0xF230, 0xF230, 0xF230,
    0xEA30, 0xEA30, 0xEA30, 0xEA30, 0xEA2F, 0xEA2F, 0xEA2F, 0xEA2F, 0xEA30, 0xEA30, 0xEA2F, 0xE22F,
    0xE22F, 0xE22F, 0xE22F, 0xEA30, 0xEA30, 0xEA30, 0xEA30, 0xEA30, 0xEA30, 0xF230, 0xF250, 0xFA50,
    0xFA51, 0xFA51, 0xFA51, 0xFA50, 0xFA50, 0xF250, 0xF250, 0xF230, 0xEA30, 0xEA30, 0xEA30, 0xEA30,
    0xEA30, 0xF4B6, 0xEA30, 0xEA30, 0xF230, 0xF230, 0xF230, 0xF230, 0xF230, 0xEA30, 0xEA2F, 0xE22F,
    0xE22F, 0xE20F, 0xE20F, 0xDA0F, 0xDA0E, 0xDA0E, 0xD20E, 0xD20E, 0xD20E, 0xDA0E, 0xDA0E, 0xE495,
    0xEA30, 0xEA30, 0xEA30, 0xF230, 0xF230, 0xF230, 0xF230, 0xF230, 0xEA30, 0xEA30, 0xEA30, 0xF230,
    0xF230, 0xEA30, 0xEA2F, 0xE22F, 0xE22F, 0xE22F, 0xE22F, 0xE22F, 0xE20F, 0xDA0F, 0xDA0E, 0xDA0E,
    0xDA0E, 0xDA0E, 0xDA0E, 0xDA0E, 0xE495, 0xD20E, 0xD1EE, 0xD1EE, 0xC9EE, 0xC9EE, 0xC9EE, 0xDC95,
    0xC9ED, 0xC9ED, 0xC9ED, 0xC9ED, 0xC9ED, 0xC9ED, 0xC9ED, 0xC9ED, 0xC9ED, 0xC1ED, 0xC1CD, 0xB9CD,
    0xC1CD, 0xC1ED, 0xC1ED, 0xC1ED, 0xC1ED, 0xC9ED, 0xC9ED, 0xC9ED, 0xC9ED, 0xC9ED, 0xDC74, 0xC1ED,
    0xC1ED, 0xC1CD, 0xC1CD, 0xB9CD, 0xDC74, 0xB9CD, 0xC1CD, 0xC1ED, 0xC1ED, 0xC1ED, 0xC1ED, 0xC1ED,
    0xC1ED, 0xC9ED, 0xC9ED, 0xC9EE, 0xC9ED, 0xC9ED, 0xC9ED, 0xC9ED, 0xC9ED, 0xC9EE, 0xD1EE, 0xD1EE,
    0xC9EE, 0xC9ED, 0xC9ED, 0xC9ED, 0xC9ED, 0xC1ED, 0xC1CD, 0xB9CD, 0xB9CC, 0xB1CC, 0xB1CC, 0xB1CC,
    0xB1AC, 0xB1CC, 0xB1CC, 0xB9CC, 0xC1CD, 0xC1ED, 0xC1ED, 0xC9ED, 0xC9EE, 0xE495, 0xD20E, 0xDA0E,
    0xDA0E, 0xDA0E, 0xDA0E, 0xDA0E, 0xD20E, 0xD20E, 0xD20E, 0xDA0E, 0xDA0E, 0xDA0F, 0xDA0F, 0xE20F,
    0xE20F, 0xE22F, 0xE22F, 0xE22F, 0xE22F, 0xEA2F, 0xEA30, 0xF230, 0xF230, 0xF230, 0xF230, 0xF230,
    0xEA30, 0xEA2F, 0xE22F, 0xE22F, 0xE22F, 0xE22F, 0xE20F, 0xDA0F, 0xDA0F, 0xDA0E, 0xDA0E, 0xDA0E,
    0xD20E, 0xD20E, 0xD20E, 0xD20E, 0xD20E, 0xD20E, 0xD20E, 0xD1EE, 0xC9EE, 0xC9ED, 0xC1ED, 0xC1CD,
    0xB9CD, 0xB9CD, 0xB9CD, 0xB9CD, 0xC1ED, 0xC1ED, 0xC9ED, 0xC9EE, 0xD20E, 0xD20E, 0xDA0E, 0xDA0E,
    0xDA0F, 0xE20F, 0xE20F, 0xE22F, 0xE22F, 0xE22F, 0xE22F, 0xE20F, 0xE20F, 0xDA0F, 0xE20F, 0xE20F,
    0xE20F, 0xE22F, 0xE22F, 0xEA2F, 0xEA30, 0xF230, 0xF230, 0xF230, 0xF230, 0xF230, 0xEA30, 0xEA30,
    0xEA30, 0xEA30, 0xF230, 0xEA30, 0xEA30, 0xEA2F, 0xEA2F, 0xE22F, 0xE22F, 0xE20F, 0xE22F, 0xE22F,
    0xE22F, 0xE22F, 0xE22F, 0xE22F, 0xE22F, 0xE22F, 0xE22F, 0xE22F, 0xEA2F, 0xEA2F, 0xEA2F, 0xE22F,
    0xEA2F, 0xEA30, 0xEA30, 0xF230, 0xF230, 0xF250, 0xF250, 0xF250, 0xF230, 0xF230, 0xEA30, 0xEA30,
    0xEA2F, 0xEA2F, 0xEA2F, 0xEA2F, 0xEA30, 0xEA30, 0xEA30, 0xEA30, 0xEA2F, 0xEA30, 0xEA30, 0xEA30,
    0xEA30, 0xEA2F, 0xE22F, 0xE22F, 0xE20F, 0xE20F, 0xDA0F, 0xDA0F, 0xDA0E, 0xD20E, 0xD20E, 0xD20E,
    0xD20E, 0xD20E, 0xD20E, 0xD20E, 0xEA2F, 0xEA2F, 0xEA30, 0xEA30, 0xEA30, 0xEA30, 0xEA30, 0xEA2F,
    0xEA2F, 0xEA2F, 0xEA2F, 0xE22F, 0xE22F, 0xE22F, 0xE22F, 0xE22F, 0xE22F, 0xE20F, 0xE20F, 0xE20F,
    0xE20F, 0xDA0F, 0xDA0F, 0xDA0F, 0xDA0E, 0xDA0E, 0xD20E, 0xD20E, 0xD1EE, 0xC9EE, 0xC9EE, 0xC9ED,
    0xC9ED, 0xC9ED, 0xC9ED, 0xC9ED, 0xC9ED, 0xC9ED, 0xC1ED, 0xC1ED, 0xDC74, 0xC1ED, 0xC1ED, 0xC1ED,
    0xC1ED, 0xC1CD, 0xB9CD, 0xB9CD, 0xB9CD, 0xC1CD, 0xC1ED, 0xC1ED, 0xC1ED, 0xC1CD, 0xC1CD, 0xC1ED,
    0xC1ED, 0xC1ED, 0xC1ED, 0xC1ED, 0xC1ED, 0xC1ED, 0xC1ED, 0xC1ED, 0xC9ED, 0xC1ED, 0xC1ED, 0xC1ED,
    0xC1ED, 0xC1ED, 0xC1ED, 0xC9ED, 0xC9ED, 0xC9ED, 0xC9ED, 0xC9EE, 0xC9EE, 0xC9EE, 0xC9EE, 0xC9EE,
    0xC9EE, 0xC9EE, 0xC9EE, 0xC9ED, 0xC1ED, 0xC1ED, 0xDC74, 0xC1ED, 0xC9ED, 0xC9ED, 0xC1ED, 0xB9CD,
    0xD474, 0xB1CC, 0xB1CC, 0xB1CC, 0xB1AC, 0xB1CC, 0xB9CC, 0xB9CD, 0xC1CD, 0xC1CD, 0xC1CD, 0xC1CD,
    0xC1ED, 0xC9ED, 0xC9EE, 0xD20E, 0xD20E, 0xDA0E, 0xDA0E, 0xDA0E, 0xDA0E, 0xDA0F, 0xDA0E, 0xDA0E,
    0xDA0E, 0xDA0E, 0xDA0F, 0xE20F, 0xE22F, 0xE22F, 0xEA2F, 0xEA2F, 0xEA2F, 0xEA30, 0xF230, 0xF250,
    0xF250, 0xF230, 0xF230, 0xEA30, 0xEA30, 0xECB6, 0xE22F, 0xE22F, 0xE22F, 0xE20F, 0xDA0F, 0xDA0E,
    0xDA0E, 0xD20E, 0xD20E, 0xD20E, 0xD20E, 0xD20E, 0xD20E, 0xD20E, 0xDA0E, 0xD20E, 0xD20E, 0xC9EE,
    0xC9ED, 0xC9ED, 0xC1ED, 0xC1ED, 0xC1CD, 0xC1CD, 0xC1CD, 0xC1CD, 0xC1ED, 0xC9ED, 0xC9EE, 0xE495,
    0xD1EE, 0xD20E, 0xD20E, 0xD20E, 0xD20E, 0xD20E, 0xDA0E, 0xDA0F, 0xDA0F, 0xE22F, 0xE22F, 0xE22F,
    0xE22F, 0xE20F, 0xE20F, 0xE20F, 0xE20F, 0xE22F, 0xEA2F, 0xEA30, 0xF230, 0xF230, 0xF230, 0xF230,
    0xF230, 0xF230, 0xF230, 0xF230, 0xF230, 0xF230, 0xF230, 0xEA30, 0xEA2F, 0xE22F, 0xE20F, 0xE22F,
    0xE22F, 0xE22F, 0xE22F, 0xE22F, 0xE22F, 0xE22F, 0xE22F, 0xE22F, 0xEA2F, 0xE22F, 0xE22F, 0xE22F,
    0xE22F, 0xEA2F, 0xEA30, 0xEA30, 0xEA30, 0xEA30, 0xEA30, 0xEA2F, 0xEA30, 0xEA2F, 0xEA2F, 0xEA30,
    0xEA30, 0xEA30, 0xEA30, 0xEA30, 0xEA30, 0xEA30, 0xEA30, 0xEA30, 0xEA30, 0xEA30, 0xEA2F, 0xEA2F,
    0xEA2F, 0xEA2F, 0xE22F, 0xE22F, 0xE22F, 0xE22F, 0xE20F, 0xDA0F, 0xDA0F, 0xDA0F, 0xDA0E, 0xDA0E,
    0xDA0E, 0xDA0F, 0xDA0F, 0xDA0F, 0xDA0F, 0xDA0E, 0xDA0E, 0xDA0E, 0xEA30, 0xEA30, 0xEA30, 0xEA30,
    0xEA30, 0xEA30, 0xEA30, 0xEA30, 0xEA30, 0xEA30, 0xEA2F, 0xE22F, 0xE22F, 0xE22F, 0xE22F, 0xE22F,
    0xE22F, 0xE22F, 0xE22F, 0xE22F, 0xE22F, 0xE20F, 0xE20F, 0xDA0F, 0xDA0E, 0xD20E, 0xD20E, 0xD20E,
    0xD20E, 0xD20E, 0xD20E, 0xD20E, 0xD1EE, 0xC9EE, 0xC9EE, 0xC9EE, 0xC9EE, 0xC9ED, 0xC9ED, 0xC1ED,
    0xC1ED, 0xC1ED, 0xC1ED, 0xC1ED, 0xC1ED, 0xC1ED, 0xC1CD, 0xB9CD, 0xC1CD, 0xC1ED, 0xC1ED, 0xC1ED,
    0xC1ED, 0xC1ED, 0xC1ED, 0xC1ED, 0xC9ED, 0xC1ED, 0xC1ED, 0xC1ED, 0xC9ED, 0xC9ED, 0xC9ED, 0xC9ED,
    0xDC95, 0xC9ED, 0xC9ED, 0xC9ED, 0xC9ED, 0xC9ED, 0xC9ED, 0xC9ED, 0xC9ED, 0xC9ED, 0xC9ED, 0xC9ED,
    0xC9EE, 0xC9EE, 0xD1EE, 0xD1EE, 0xC9EE, 0xC9EE, 0xC9EE, 0xC9ED, 0xC1ED, 0xC1ED, 0xDC74, 0xC1ED,
    0xC1ED, 0xC9ED, 0xC1ED, 0xC1ED, 0xC1CD, 0xB9CD, 0xB9CD, 0xB9CC, 0xB9CC, 0xB9CC, 0xB9CC, 0xB9CD,
    0xC1CD, 0xC1ED, 0xC1ED, 0xC1ED, 0xC9ED, 0xC9ED, 0xC9EE, 0xD20E, 0xD20E, 0xDA0E, 0xDA0F, 0xDA0F,
    0xDA0F, 0xDA0F, 0xDA0F, 0xDA0F, 0xDA0F, 0xE20F, 0xE22F, 0xE22F, 0xE22F, 0xEA2F, 0xEA2F, 0xEA30,
    0xEA30, 0xF230, 0xF250, 0xF250, 0xF250, 0xF250, 0xF250, 0xF250, 0xF230, 0xEA30, 0xEA30, 0xEA2F,
    0xEA2F, 0xE22F, 0xE22F, 0xE20F, 0xDA0F, 0xE495, 0xDA0E, 0xD20E, 0xD20E, 0xD20E, 0xDA0E, 0xDA0E,
    0xDA0F, 0xDA0F, 0xDA0E, 0xD20E, 0xC9EE, 0xC9ED, 0xC9ED, 0xC1ED, 0xC1ED, 0xC1ED, 0xC1ED, 0xC1ED,
    0xC1ED, 0xC9ED, 0xC9EE, 0xD1EE, 0xD20E, 0xD20E, 0xD20E, 0xD20E, 0xD20E, 0xDA0E, 0xDA0E, 0xDA0F,
    0xE20F, 0xE22F, 0xE22F, 0xE22F, 0xE20F, 0xE20F, 0xE20F, 0xE22F, 0xE22F, 0xEA2F, 0xEA30, 0xF230,
    0xF250, 0xF250, 0xF250, 0xF250, 0xFA50, 0xFA50, 0xFA50, 0xFA50, 0xFA50, 0xF250, 0xF250, 0xF250,
    0xF230, 0xEA30, 0xEA2F, 0xEA2F, 0xEA2F, 0xEA2F, 0xE22F, 0xE22F, 0xE22F, 0xEA2F, 0xEA2F, 0xEA30,
    0xEA30, 0xEA30, 0xEA30, 0xEA30, 0xEA30, 0xEA30, 0xEA30, 0xF230, 0xEA30, 0xEA30, 0xEA2F, 0xEA2F,
    0xEA2F, 0xEA2F, 0xEA2F, 0xEA30, 0xEA30, 0xF230, 0xF230, 0xF230, 0xEA30, 0xEA30, 0xF230, 0xF230,
    0xF230, 0xEA30, 0xEA30, 0xEA2F, 0xE22F, 0xE22F, 0xE22F, 0xE20F, 0xDA0F, 0xDA0F, 0xDA0F, 0xDA0F,
    0xDA0F, 0xDA0F, 0xDA0F, 0xDA0F, 0xDA0F, 0xDA0F, 0xE20F, 0xE20F, 0xE20F, 0xE20F, 0xE20F, 0xE20F,
    0xF250, 0xF250, 0xF250, 0xF250, 0xF230, 0xF4B6, 0xF230, 0xF4B6, 0xF250, 0xF230, 0xEA30, 0xEA30,
    0xEA30, 0xEA30, 0xEA30, 0xEA30, 0xEA30, 0xEA30, 0xEA30, 0xEA2F, 0xE22F, 0xE22F, 0xE22F, 0xDA0F,
    0xDA0F, 0xDA0E, 0xDA0E, 0xDA0E, 0xDA0F, 0xDA0F, 0xDA0F, 0xDA0F, 0xDA0E, 0xDA0E, 0xD20E, 0xD20E,
    0xD20E, 0xD20E, 0xD1EE, 0xC9EE, 0xC9EE, 0xC9EE, 0xC9ED, 0xC9ED, 0xC9ED, 0xC9ED, 0xC9ED, 0xC9ED,
    0xC9ED, 0xC9ED, 0xC9ED, 0xC9EE, 0xD1EE, 0xD20E, 0xD20E, 0xD20E, 0xD20E, 0xC9EE, 0xC9EE, 0xC9EE,
    0xC9EE, 0xC9EE, 0xD1EE, 0xD20E, 0xD20E, 0xD20E, 0xD20E, 0xD20E, 0xD20E, 0xD20E, 0xD20E, 0xD20E,
    0xD1EE, 0xC9EE, 0xC9EE, 0xDC95, 0xC9EE, 0xD20E, 0xD20E, 0xD20E, 0xD20E, 0xD20E, 0xD20E, 0xC9EE,
    0xC9ED, 0xC1ED, 0xC1ED, 0xC1ED, 0xC1ED, 0xC9ED, 0xC9ED, 0xC1ED, 0xC1ED, 0xC1ED, 0xC1ED, 0xC1ED,
    0xC1ED, 0xC1ED, 0xC1CD, 0xB9CD, 0xC1ED, 0xC1ED, 0xC9ED, 0xD20E, 0xD20E, 0xD20E, 0xD20E, 0xDA0E,
    0xDA0E, 0xDA0F, 0xDA0F, 0xDA0F, 0xDA0F, 0xDA0E, 0xDA0F, 0xE20F, 0xE22F, 0xE22F, 0xE22F, 0xE22F,
    0xE22F, 0xEA2F, 0xEA30, 0xEA30, 0xF250, 0xF250, 0xF250, 0xF250, 0xF250, 0xF250, 0xF250, 0xFA50,
    0xF250, 0xF250, 0xF250, 0xF230, 0xEA30, 0xEA30, 0xECB6, 0xE22F, 0xE22F, 0xDA0F, 0xDA0F, 0xDA0F,
    0xDA0E, 0xDA0E, 0xDA0F, 0xE22F, 0xE22F, 0xE22F, 0xDA0F, 0xDA0E, 0xDA0E, 0xD20E, 0xD20E, 0xC9EE,
    0xC9ED, 0xC9ED, 0xC9ED, 0xC9ED, 0xC9EE, 0xC9EE, 0xD20E, 0xD20E, 0xD20E, 0xDA0E, 0xDA0E, 0xDA0E,
    0xDA0E, 0xDA0F, 0xDA0F, 0xDA0F, 0xE22F, 0xE22F, 0xE22F, 0xE20F, 0xDA0F, 0xDA0F, 0xDA0F, 0xE22F,
    0xE22F, 0xEA2F, 0xEA30, 0xF250, 0xFA50, 0xFA50, 0xFA51, 0xFA51, 0xFA51, 0xFA51, 0xFA51, 0xFA51,
    0xFA51, 0xFA51, 0xFA51, 0xFA50, 0xF250, 0xF250, 0xF250, 0xEA30, 0xEA2F, 0xE22F, 0xEA2F, 0xEA2F,
    0xEA2F, 0xEA30, 0xEA30, 0xEA30, 0xF250, 0xF250, 0xF230, 0xF230, 0xEA30, 0xEA30, 0xEA30, 0xEA30,
    0xEA30, 0xEA2F, 0xEA2F, 0xE22F, 0xEA2F, 0xEA30, 0xEA30, 0xEA30, 0xF230, 0xF250, 0xF250, 0xF250,
    0xF230, 0xF230, 0xF250, 0xF250, 0xF250, 0xF250, 0xF230, 0xEA2F, 0xE22F, 0xE22F, 0xE22F, 0xDA0F,
    0xEC95, 0xDA0F, 0xE22F, 0xE22F, 0xE22F, 0xE22F, 0xE22F, 0xE22F, 0xE22F, 0xE22F, 0xE22F, 0xE22F,
    0xE22F, 0xE22F, 0xE22F, 0xE22F, 0xFA50, 0xFA50, 0xF250, 0xF250, 0xF250, 0xF250, 0xF250, 0xF250,
    0xF250, 0xF250, 0xF250, 0xF250, 0xF250, 0xF250, 0xF250, 0xF250, 0xF250, 0xF250, 0xF250, 0xEA30,
    0xEA30, 0xEA30, 0xEA2F, 0xEA2F, 0xE22F, 0xE22F, 0xE22F, 0xE22F, 0xE22F, 0xDA0F, 0xDA0F, 0xE22F,
    0xE22F, 0xE22F, 0xDA2F, 0xDA0F, 0xDA0E, 0xD20E, 0xD20E, 0xD20E, 0xD20E, 0xD20E, 0xDA0E, 0xDA0E,
    0xDA0E, 0xD20E, 0xD20E, 0xD20E, 0xD20E, 0xD20E, 0xDA0E, 0xDA0E, 0xDA0E, 0xDA0F, 0xDA0F, 0xDA2F,
    0xE22F, 0xDA2F, 0xDA0F, 0xDA0F, 0xDA0F, 0xDA0F, 0xDA0F, 0xDA0F, 0xDA0F, 0xDA0F, 0xDA0E, 0xDA0E,
    0xDA0E, 0xD20E, 0xD20E, 0xD20E, 0xD20E, 0xD20E, 0xD20E, 0xD20E, 0xDA0E, 0xDA0E, 0xDA0E, 0xDA0E,
    0xDA0E, 0xD20E, 0xD20E, 0xD20E, 0xC9EE, 0xC9ED, 0xC9ED, 0xC1ED, 0xC9ED, 0xC9ED, 0xC9ED, 0xC9ED,
    0xC9EE, 0xC9EE, 0xC9EE, 0xC9EE, 0xC9EE, 0xC9ED, 0xC9ED, 0xC1ED, 0xC9ED, 0xC9ED, 0xD20E, 0xD20E,
    0xE495, 0xD20E, 0xD20E, 0xDA0E, 0xDA0E, 0xDA0E, 0xDA0F, 0xDA2F, 0xE22F, 0xE22F, 0xE22F, 0xE22F,
    0xE22F, 0xE22F, 0xE22F, 0xEA2F, 0xEA30, 0xEA30, 0xF250, 0xF250, 0xF250, 0xF250, 0xF4B6, 0xF250,
    0xF250, 0xF250, 0xF250, 0xF250, 0xF250, 0xF250, 0xF250, 0xF250, 0xEA30, 0xE22F, 0xE22F, 0xE22F,
    0xE22F, 0xE22F, 0xE22F, 0xE22F, 0xEA2F, 0xEA2F, 0xEA2F, 0xEA2F, 0xEA2F, 0xE22F, 0xE22F, 0xE22F,
    0xE22F, 0xE22F, 0xDA0F, 0xDA0F, 0xDA0E, 0xDA0E, 0xDA0E, 0xDA0E, 0xDA0E, 0xDA0E, 0xDA0F, 0xDA0F,
    0xDA0E, 0xDA0E, 0xDA0E, 0xDA0E, 0xD20E, 0xDA0E, 0xDA0E, 0xDA0E, 0xDA0F, 0xDA0F, 0xDA2F, 0xE22F,
    0xE22F, 0xE22F, 0xE22F, 0xE22F, 0xEA2F, 0xEA30, 0xF250, 0xF250, 0xFA50, 0xFA50, 0xFA50, 0xFA50,
    0xFA51, 0xFA51, 0xFA51, 0xFA51, 0xFCB6, 0xFA51, 0xFA51, 0xFA51, 0xFA51, 0xFA50, 0xF250, 0xF250,
    0xF250, 0xEA30, 0xEA30, 0xF250, 0xF250, 0xF250, 0xF250, 0xF250, 0xF250, 0xF250, 0xF250, 0xEA30,
    0xEA30, 0xEA30, 0xEA30, 0xEA30, 0xEA2F, 0xEA2F, 0xEA2F, 0xE22F, 0xE22F, 0xEA2F, 0xEA30, 0xEA30,
    0xEA30, 0xF250, 0xF250, 0xF250, 0xF250, 0xF250, 0xFA51, 0xFA51, 0xFCB6, 0xFA50, 0xF250, 0xEA30,
    0xE22F, 0xE22F, 0xECB5, 0xE22F, 0xE22F, 0xE22F, 0xE22F, 0xEA2F, 0xEA30, 0xEA30, 0xF250, 0xF250,
    0xF250, 0xFA50, 0xFA51, 0xFA51, 0xFA50, 0xFA50, 0xFA50, 0xFA50, 0xFA51, 0xFA51, 0xFA51, 0xFA51,
    0xFA50, 0xFA50, 0xFA50, 0xFA50, 0xFA50, 0xFA50, 0xFA50, 0xFA50, 0xFA50, 0xFA51, 0xFA51, 0xFA51,
    0xFA50, 0xFA50, 0xFA50, 0xFA50, 0xF250, 0xF250, 0xF250, 0xF250, 0xF250, 0xF250, 0xEA50, 0xEA2F,
    0xE22F, 0xE22F, 0xE22F, 0xE22F, 0xE22F, 0xE22F, 0xE22F, 0xDA0F, 0xDA0E, 0xDA0E, 0xDA0E, 0xD20E,
    0xD20E, 0xDA0E, 0xDA0F, 0xE22F, 0xE22F, 0xDA0F, 0xDA0E, 0xDA0E, 0xDA0E, 0xDA0E, 0xDA0F, 0xDA0F,
    0xDA0F, 0xDA0F, 0xDA2F, 0xE22F, 0xE22F, 0xE22F, 0xE22F, 0xE22F, 0xDA2F, 0xEC95, 0xDA0F, 0xDA0F,
    0xDA0F, 0xDA0F, 0xDA0E, 0xDA0E, 0xD20E, 0xDA0E, 0xDA0E, 0xDA0E, 0xDA0E, 0xDA0E, 0xD20E, 0xD20E,
    0xDA0E, 0xDA0E, 0xDA0E, 0xDA0E, 0xD20E, 0xD20E, 0xD20E, 0xD20E, 0xD20E, 0xCA0E, 0xC9EE, 0xC9EE,
    0xC9EE, 0xC9EE, 0xC9EE, 0xD20E, 0xD20E, 0xD20E, 0xCA0E, 0xC9EE, 0xC9ED, 0xC9ED, 0xC9EE, 0xC9EE,
    0xD20E, 0xD20E, 0xD20E, 0xD20E, 0xD20E, 0xD20E, 0xD20E, 0xDA0E, 0xE495, 0xDA0F, 0xDA0F, 0xE22F,
    0xE22F, 0xE22F, 0xEA2F, 0xEA2F, 0xEA2F, 0xEA2F, 0xEA2F, 0xEA30, 0xEA30, 0xF250, 0xF250, 0xF250,
    0xFA50, 0xF250, 0xF250, 0xF250, 0xF250, 0xF250, 0xF250, 0xF250, 0xF250, 0xF250, 0xF250, 0xF250,
    0xEA30, 0xE22F, 0xE22F, 0xE22F, 0xE22F, 0xE22F, 0xE22F, 0xE22F, 0xEA2F, 0xEA2F, 0xEA2F, 0xE22F,
    0xE22F, 0xE22F, 0xE22F, 0xE22F, 0xE22F, 0xE22F, 0xDA0F, 0xDA0F, 0xDA0E, 0xDA0F, 0xDA0F, 0xDA0F,
    0xDA0F, 0xDA0F, 0xDA0F, 0xDA0F, 0xDA0E, 0xDA0E, 0xDA0E, 0xDA0E, 0xDA0E, 0xDA0E, 0xDA0F, 0xDA0F,
    0xDA0F, 0xDA0F, 0xDA0F, 0xE22F, 0xE22F, 0xECB5, 0xE22F, 0xE22F, 0xEA2F, 0xEA30, 0xF250, 0xF250,
    0xFA50, 0xFA50, 0xF250, 0xF250, 0xFA50, 0xFA51, 0xFA51, 0xFA51, 0xFA51, 0xFA51, 0xFA51, 0xFA51,
    0xFA50, 0xF250, 0xF250, 0xF250, 0xF250, 0xF250, 0xF250, 0xF250, 0xF250, 0xF250, 0xF250, 0xF250,
    0xEA30, 0xEA30, 0xEA30, 0xF250, 0xF250, 0xF250, 0xEA50, 0xEA50, 0xEA30, 0xEA30, 0xEA30, 0xEA2F,
    0xEA2F, 0xEA30, 0xEA30, 0xEA30, 0xF250, 0xF250, 0xF250, 0xF250, 0xF250, 0xFA50, 0xFA50, 0xFA50,
    0xF250, 0xF250, 0xF250, 0xEA30, 0xEA30, 0xEA30, 0xEA2F, 0xEA2F, 0xE22F, 0xE22F, 0xEA2F, 0xEA2F,
    0xEA30, 0xEA30, 0xF4B6, 0xF250, 0xF250, 0xFA51, 0xFA51, 0xFA51, 0xFA51, 0xFA50, 0xF250, 0xF250,
    0xFA51, 0xFA51, 0xFA51, 0xFA51, 0xFA50, 0xF250, 0xFA51, 0xFA51, 0xFA51, 0xFA51, 0xFA51, 0xFA51,
    0xFA50, 0xFA50, 0xFA51, 0xFA51, 0xFA51, 0xFA51, 0xFA51, 0xFA51, 0xFA51, 0xFA51, 0xFA51, 0xFA50,
    0xFA50, 0xFA50, 0xF250, 0xEA30, 0xEA2F, 0xE22F, 0xE22F, 0xE22F, 0xDA0F, 0xEC95, 0xDA0F, 0xDA0F,
    0xDA0F, 0xDA0F, 0xDA0E, 0xDA0E, 0xDA0E, 0xDA0F, 0xDA2F, 0xE22F, 0xE22F, 0xE22F, 0xE22F, 0xDA2F,
    0xDA0F, 0xDA0F, 0xDA0E, 0xDA0E, 0xDA0E, 0xDA0E, 0xDA0E, 0xDA0F, 0xDA0F, 0xDA2F, 0xDA0F, 0xDA0F,
    0xDA0E, 0xDA0E, 0xDA0E, 0xDA0E, 0xDA0E, 0xDA0E, 0xD20E, 0xD20E, 0xD20E, 0xD20E, 0xDA0E, 0xDA0F,
    0xDA0F, 0xDA0E, 0xDA0E, 0xD20E, 0xD20E, 0xD20E, 0xD20E, 0xD20E, 0xD20E, 0xD20E, 0xC9EE, 0xCA0E,
    0xD20E, 0xD20E, 0xCA0E, 0xC9EE, 0xD20E, 0xD20E, 0xD20E, 0xD20E, 0xD20E, 0xD20E, 0xC9ED, 0xC9ED,
    0xC1ED, 0xC9ED, 0xC9EE, 0xD20E, 0xD20E, 0xD20E, 0xC9EE, 0xC9EE, 0xD20E, 0xD20E, 0xD20E, 0xDA0E,
    0xDA0E, 0xDA0F, 0xE22F, 0xE22F, 0xE22F, 0xE22F, 0xE22F, 0xE22F, 0xEA30, 0xEA30, 0xEA30, 0xEA30,
    0xEA2F, 0xEA30, 0xEA30, 0xF250, 0xF250, 0xF250, 0xF250, 0xF250, 0xF250, 0xEA30, 0xEA30, 0xEA2F,
    0xEA30, 0xEA30, 0xEA30, 0xEA30, 0xEA2F, 0xE22F, 0xE22F, 0xE22F, 0xE22F, 0xE22F, 0xE22F, 0xE22F,
    0xE22F, 0xDA0F, 0xDA2F, 0xDA2F, 0xDA2F, 0xDA2F, 0xDA0F, 0xDA0F, 0xDA0F, 0xDA0E, 0xD20E, 0xD20E,
    0xD20E, 0xD20E, 0xE495, 0xDA0F, 0xE495, 0xDA0E, 0xD20E, 0xD20E, 0xD20E, 0xD20E, 0xD20E, 0xDA0E,
    0xDA0E, 0xDA0F, 0xDA0F, 0xDA0F, 0xDA0E, 0xDA0E, 0xDA0E, 0xDA0E, 0xDA0F, 0xDA0F, 0xDA0F, 0xE22F,
    0xE22F, 0xE22F, 0xEA30, 0xF250, 0xF250, 0xF250, 0xF250, 0xF250, 0xF250, 0xF250, 0xF250, 0xF250,
    0xF250, 0xF250, 0xF250, 0xF250, 0xF250, 0xEA30, 0xEA30, 0xF250, 0xF250, 0xF250, 0xF250, 0xF250,
    0xF250, 0xF4B6, 0xEA30, 0xEA30, 0xE22F, 0xEA2F, 0xEA30, 0xF250, 0xF250, 0xF250, 0xF250, 0xF250,
    0xF250, 0xEA30, 0xEA30, 0xEA2F, 0xEA2F, 0xEA30, 0xEA30, 0xEA30, 0xF250, 0xF250, 0xF250, 0xF250,
    0xF250, 0xF250, 0xF250, 0xF250, 0xEA30, 0xEA30, 0xEA30, 0xF250, 0xF250, 0xEA30, 0xEA30, 0xE22F,
    0xE22F, 0xE22F, 0xE22F, 0xE22F, 0xE22F, 0xE22F, 0xE22F, 0xEA2F, 0xEA30, 0xF250, 0xFA50, 0xF250,
    0xF250, 0xF250, 0xEA30, 0xEA30, 0xF250, 0xF250, 0xF250, 0xF250, 0xF250, 0xF250, 0xF250, 0xF250,
    0xF250, 0xF250, 0xF250, 0xF250, 0xF250, 0xF250, 0xF250, 0xF230, 0xF230, 0xF250, 0xF250, 0xF250,
    0xF250, 0xF4B6, 0xF250, 0xF250, 0xF250, 0xF230, 0xEA30, 0xEA30, 0xEA2F, 0xE22F, 0xE22F, 0xE22F,
    0xDA0F, 0xDA0E, 0xD20E, 0xD20E, 0xD20E, 0xD20E, 0xD20E, 0xD20E, 0xDA0E, 0xDA0E, 0xDA0F, 0xE22F,
    0xE22F, 0xE22F, 0xE22F, 0xE22F, 0xDA0F, 0xDA0E, 0xDA0E, 0xDA0E, 0xDA0E, 0xDA0F, 0xDA0F, 0xDA0F,
    0xDA0F, 0xDA0F, 0xDA0F, 0xDA0F, 0xDA0F, 0xDA0E, 0xDA0E, 0xDA0E, 0xD20E, 0xD20E, 0xD20E, 0xD20E,
    0xD20E, 0xD20E, 0xD20E, 0xD20E, 0xD20E, 0xD20E, 0xD20E, 0xD20E, 0xD20E, 0xD20E, 0xC9EE, 0xC9ED,
    0xC9EE, 0xC9EE, 0xC9EE, 0xC9EE, 0xC9EE, 0xC9EE, 0xC9ED, 0xC9ED, 0xC9ED, 0xC1ED, 0xC9ED, 0xC9ED,
    0xC9ED, 0xC9ED, 0xC9ED, 0xC1ED, 0xC1ED, 0xC1ED, 0xC1ED, 0xC9ED, 0xC9ED, 0xC9ED, 0xC1ED, 0xC1ED,
    0xC9ED, 0xC9ED, 0xD1EE, 0xD20E, 0xD20E, 0xD20E, 0xD20E, 0xDA0E, 0xDA0F, 0xE22F, 0xE22F, 0xE22F,
    0xE22F, 0xE22F, 0xE22F, 0xE22F, 0xE22F, 0xE22F, 0xE22F, 0xE22F, 0xE22F, 0xE22F, 0xE22F, 0xEA2F,
    0xE22F, 0xE22F, 0xE22F, 0xDA0F, 0xDA0F, 0xE22F, 0xE22F, 0xE22F, 0xE22F, 0xE22F, 0xE22F, 0xE22F,
    0xE22F, 0xE22F, 0xDA0F, 0xDA0E, 0xDA0E, 0xD20E, 0xD20E, 0xDA0E, 0xDA0E, 0xDA0E, 0xDA0E, 0xDA0E,
    0xD20E, 0xD20E, 0xD20E, 0xC9EE, 0xC9EE, 0xD20E, 0xD20E, 0xDA0E, 0xDA0E, 0xDA0E, 0xDA0E, 0xD20E,
    0xD20E, 0xD20E, 0xD20E, 0xD20E, 0xD20E, 0xD20E, 0xD20E, 0xD20E, 0xDA0E, 0xDA0E, 0xDA0E, 0xDA0E,
    0xDA0E, 0xDA0E, 0xDA0E, 0xDA0F, 0xDA0F, 0xDA0F, 0xE22F, 0xE22F, 0xE22F, 0xE22F, 0xE22F, 0xE22F,
    0xE22F, 0xE22F, 0xE22F, 0xE22F, 0xE22F, 0xE22F, 0xE22F, 0xE22F, 0xEA2F, 0xEA2F, 0xEA2F, 0xEA30,
    0xEA30, 0xEA30, 0xEA30, 0xEA2F, 0xE22F, 0xE22F, 0xE22F, 0xDA0F, 0xDA0F, 0xDA0F, 0xDA0F, 0xE22F,
    0xE22F, 0xE22F, 0xE22F, 0xEA2F, 0xEA2F, 0xEA2F, 0xE22F, 0xE22F, 0xE22F, 0xE22F, 0xE22F, 0xEA2F,
    0xEA2F, 0xEA30, 0xEA30, 0xEA30, 0xEA2F, 0xEA2F, 0xEA2F, 0xE22F, 0xE22F, 0xE22F, 0xE22F, 0xE22F,
    0xEA2F, 0xE22F, 0xE22F, 0xE22F, 0xE22F, 0xE22F, 0xECB5, 0xE22F, 0xE22F, 0xE22F, 0xE22F, 0xE22F,
    0xE22F, 0xEA2F, 0xEA30, 0xEA30, 0xEA30, 0xEA30, 0xEA30, 0xEA30, 0xEA30, 0xEA30, 0xEA30, 0xEA30,
    0xEA30, 0xF230, 0xEA30, 0xEA30, 0xEA30, 0xEA30, 0xEA30, 0xEA30, 0xEA30, 0xEA30, 0xEA2F, 0xEA2F,
    0xEA2F, 0xEA2F, 0xEA30, 0xEA30, 0xEA30, 0xEA30, 0xEA30, 0xEA30, 0xEA30, 0xEA2F, 0xE22F, 0xE22F,
    0xE22F, 0xE22F, 0xE22F, 0xDA0F, 0xDA0E, 0xD20E, 0xD1EE, 0xE495, 0xC9EE, 0xD1EE, 0xD1EE, 0xD20E,
    0xD20E, 0xD20E, 0xDA0E, 0xDA0E, 0xDA0E, 0xDA0F, 0xDA0F, 0xDA0F, 0xDA0E, 0xDA0E, 0xD20E, 0xD20E,
    0xD20E, 0xDA0E, 0xDA0E, 0xDA0E, 0xDA0E, 0xDA0E, 0xD20E, 0xD20E, 0xD20E, 0xD20E, 0xD20E, 0xD1EE,
    0xD1EE, 0xD1EE, 0xD1EE, 0xD20E, 0xD20E, 0xD20E, 0xD1EE, 0xD1EE, 0xC9EE, 0xC9EE, 0xC9EE, 0xC9EE,
    0xC9EE, 0xC9ED, 0xC9ED, 0xC9ED, 0xC9ED, 0xC9ED, 0xC9ED, 0xC9ED, 0xC1ED, 0xC1ED, 0xC1ED, 0xC1CD,
    0xC1CD, 0xC1CD, 0xC1CD, 0xC1CD, 0xC1CD, 0xC1CD, 0xC1CD, 0xC1CD, 0xB9CD, 0xB9CD, 0xC1CD, 0xC1CD,
    0xC1CD, 0xC1CD, 0xB9CD, 0xB9CD, 0xC1CD, 0xC1ED, 0xC1ED, 0xC1ED, 0xC9ED, 0xC9ED, 0xC9EE, 0xD20E,
    0xD20E, 0xDA0E, 0xDA0E, 0xDA0E, 0xDA0F, 0xDA0F, 0xDA0F, 0xDA0F, 0xDA0F, 0xDA0E, 0xDA0E, 0xD20E,
    0xD20E, 0xD20E, 0xDA0E, 0xDA0E, 0xE495, 0xDA0E, 0xD20E, 0xD20E, 0xD20E, 0xD20E, 0xD20E, 0xD20E,
    0xDA0E, 0xDA0F, 0xDA0F, 0xDA0E, 0xDA0E, 0xD20E, 0xD20E, 0xE495, 0xC9ED, 0xC9ED, 0xC9ED, 0xC9ED,
    0xC9ED, 0xC9EE, 0xC9EE, 0xC9EE, 0xC9EE, 0xC9EE, 0xC9ED, 0xC9ED, 0xC9ED, 0xC9ED, 0xC9EE, 0xC9EE,
    0xD1EE, 0xD20E, 0xD20E, 0xD20E, 0xD20E, 0xD1EE, 0xD1EE, 0xC9EE, 0xC9EE, 0xC9EE, 0xC9EE, 0xC9EE,
    0xD1EE, 0xD1EE, 0xD20E, 0xD20E, 0xD20E, 0xD20E, 0xD20E, 0xD20E, 0xD20E, 0xD20E, 0xD20E, 0xD20E,
    0xD20E, 0xDA0E, 0xDA0E, 0xDA0E, 0xDA0E, 0xD20E, 0xD20E, 0xDA0E, 0xDA0E, 0xDA0E, 0xDA0F, 0xDA0F,
    0xDA0F, 0xE20F, 0xE22F, 0xE22F, 0xE22F, 0xE22F, 0xE22F, 0xDA0F, 0xDA0F, 0xE495, 0xD20E, 0xD20E,
    0xD1EE, 0xD1EE, 0xD20E, 0xD20E, 0xDA0E, 0xDA0E, 0xDA0E, 0xDA0E, 0xDA0F, 0xDA0F, 0xDA0F, 0xDA0F,
    0xDA0F, 0xDA0F, 0xDA0E, 0xDA0F, 0xDA0F, 0xDA0F, 0xE20F, 0xDA0F, 0xDA0F, 0xDA0E, 0xDA0E, 0xDA0E,
    0xDA0E, 0xDA0E, 0xDA0E, 0xEC95, 0xDA0F, 0xDA0F, 0xDA0E, 0xDA0E, 0xDA0E, 0xDA0E, 0xDA0F, 0xE20F,
    0xDA0F, 0xDA0F, 0xDA0E, 0xDA0E, 0xDA0E, 0xDA0F, 0xDA0F, 0xDA0F, 0xE20F, 0xE20F, 0xE22F, 0xE22F,
    0xEA2F, 0xEA2F, 0xEA2F, 0xEA2F, 0xE22F, 0xE20F, 0xE20F, 0xE20F, 0xE20F, 0xE20F, 0xE20F, 0xE20F,
    0xE20F, 0xE20F, 0xE20F, 0xE20F, 0xE20F, 0xE20F, 0xE20F, 0xE20F, 0xE22F, 0xEA2F, 0xEA2F, 0xEA2F,
    0xEA2F, 0xE22F, 0xE20F, 0xE20F, 0xE20F, 0xE20F, 0xDA0F, 0xDA0E, 0xD20E, 0xD1EE, 0xD1EE, 0xC9EE,
    0xC9EE, 0xD1EE, 0xD1EE, 0xD1EE, 0xD1EE, 0xD1EE, 0xD1EE, 0xD1EE, 0xD1EE, 0xD20E, 0xD20E, 0xDA0E,
    0xD20E, 0xD1EE, 0xD1EE, 0xD1EE, 0xC9EE, 0xC9EE, 0xC9ED, 0xDC95, 0xC9ED, 0xC9ED, 0xC9ED, 0xC9ED,
    0xC1ED, 0xC1ED, 0xC9ED, 0xC9ED, 0xC9ED, 0xC9ED, 0xC9ED, 0xC9ED, 0xC9ED, 0xC9ED, 0xC9ED, 0xC1ED,
    0xC1ED, 0xC1ED, 0xC1ED, 0xC1ED, 0xC9ED, 0xC9ED, 0xC9ED, 0xC9ED, 0xC1ED, 0xC1ED, 0xC1ED, 0xC1CD,
    0xB9CC, 0xB1CC, 0xB1CC, 0xB9CC, 0xB9CD, 0xC1CD, 0xB9CD, 0xB9CC, 0xB9CC, 0xB1CC, 0xB1CC, 0xB1CC,
    0xB1CC, 0xB9CC, 0xB9CC, 0xB9CD, 0xB9CD, 0xB9CD, 0xB9CD, 0xB9CC, 0xB9CC, 0xB9CC, 0xB1CC, 0xB9CC,
    0xB9CD, 0xC1ED, 0xC9ED, 0xC9ED, 0xC1ED, 0xC1ED, 0xC9ED, 0xC9EE, 0xD1EE, 0xDA0E, 0xD20E, 0xE495,
    0xC9EE, 0xC9ED, 0xC9ED, 0xC9ED, 0xC9ED, 0xC9ED, 0xC9EE, 0xD1EE, 0xD1EE, 0xD1EE, 0xD1EE, 0xD1EE,
    0xC9EE, 0xC9ED, 0xC9ED, 0xC9ED, 0xC9ED, 0xD1EE, 0xD20E, 0xD1EE, 0xC9ED, 0xC1ED, 0xC1ED, 0xC1CD,
    0xC1CD, 0xC1CD, 0xB9CD, 0xB9CD, 0xB9CD, 0xB9CD, 0xC1CD, 0xC1ED, 0xC9ED, 0xC9ED, 0xC9ED, 0xC9ED,
    0xC9ED, 0xC9ED, 0xC1ED, 0xC1ED, 0xC1ED, 0xC9ED, 0xC9ED, 0xC9ED, 0xC9ED, 0xC9ED, 0xC9ED, 0xC1ED,
    0xC1ED, 0xC1ED, 0xC1ED, 0xC1ED, 0xC1CD, 0xC1CD, 0xC1ED, 0xC1ED, 0xC9ED, 0xC9ED, 0xC9ED, 0xC9ED,
    0xC9EE, 0xC9EE, 0xC9ED, 0xC9ED, 0xC9ED, 0xC9EE, 0xD1EE, 0xD20E, 0xD1EE, 0xD1EE, 0xD1EE, 0xD1EE,
    0xD1EE, 0xD1EE, 0xD20E, 0xDA0E, 0xDA0E, 0xDA0E, 0xDA0F, 0xE20F, 0xE20F, 0xDA0F, 0xDA0E, 0xDA0E,
    0xD20E, 0xD1EE, 0xC9EE, 0xC9ED, 0xC9ED, 0xC9ED, 0xC9ED, 0xD1EE, 0xD1EE, 0xD1EE, 0xC9EE, 0xC9EE,
    0xC9EE, 0xD1EE, 0xD1EE, 0xD1EE, 0xD1EE, 0xD1EE, 0xD1EE, 0xD1EE, 0xD1EE, 0xD20E, 0xD20E, 0xD1EE,
    0xD1EE, 0xD1EE, 0xD1EE, 0xD1EE, 0xC9EE, 0xD1EE, 0xD1EE, 0xD20E, 0xD20E, 0xD20E, 0xD1EE, 0xD1EE,
    0xC9EE, 0xD1EE, 0xD20E, 0xDA0E, 0xDA0E, 0xDA0E, 0xD20E, 0xD20E, 0xD20E, 0xD20E, 0xD20E, 0xD20E,
    0xD20E, 0xD1EE, 0xD1EE, 0xD1EE, 0xE20F, 0xE20F, 0xE20F, 0xE20F, 0xE20F, 0xE20F, 0xE20F, 0xDA0F,
    0xDA0E, 0xDA0E, 0xDA0E, 0xDA0E, 0xDA0E, 0xDA0E, 0xDA0E, 0xDA0E, 0xDA0E, 0xDA0E, 0xDA0E, 0xDA0E,
    0xDA0F, 0xE20F, 0xE20F, 0xE20F, 0xE20F, 0xDA0F, 0xDA0E, 0xDA0E, 0xDA0F, 0xDA0F, 0xDA0E, 0xD1EE,
    0xD1EE, 0xC9ED, 0xC9ED, 0xC9ED, 0xC9EE, 0xD1EE, 0xD1EE, 0xD1EE, 0xD1EE, 0xD1EE, 0xD1EE, 0xD1EE,
    0xD1EE, 0xD1EE, 0xD20E, 0xD20E, 0xD1EE, 0xD1EE, 0xD1EE, 0xC9ED, 0xC9ED, 0xC9ED, 0xC1CD, 0xC1CD,
    0xC1CD, 0xC1CD, 0xC1CD, 0xC1CD, 0xB9CD, 0xB9CD, 0xB9CD, 0xC1CD, 0xC1CD, 0xC1CD, 0xC1CD, 0xC1CD,
    0xC1CD, 0xC1CD, 0xC1CD, 0xC1CD, 0xC1CD, 0xB9CD, 0xB9CD, 0xB9CC, 0xB9CD, 0xB9CD, 0xB9CD, 0xB9CD,
    0xB9CD, 0xB9CC, 0xB9CC, 0xB9CC, 0xB1CC, 0xB1CC, 0xB1CC, 0xB9CC, 0xB9CC, 0xB9CD, 0xB9CC, 0xB9CC,
    0xB1CC, 0xB1CC, 0xB1CC, 0xB1CC, 0xB1CC, 0xB9CC, 0xB9CC, 0xB9CD, 0xB9CD, 0xB9CD, 0xB9CC, 0xB9CC,
    0xB9CC, 0xB9CC, 0xB9CC, 0xB9CC, 0xB9CC, 0xB9CD, 0xC1CD, 0xC1CD, 0xC1CD, 0xC1CD, 0xC1CD, 0xC1ED,
    0xC9ED, 0xC9ED, 0xC9ED, 0xC9ED, 0xC9ED, 0xC9ED, 0xC9ED, 0xC1ED, 0xC1ED, 0xC1ED, 0xC1CD, 0xC1CD,
    0xC1CD, 0xC1CD, 0xC1ED, 0xC1ED, 0xC1CD, 0xC1CD, 0xB9CD, 0xC1CD, 0xC1CD, 0xC1ED, 0xC9ED, 0xC1ED,
    0xC1CD, 0xB9CD, 0xB9CC, 0xB9CD, 0xB9CD, 0xB9CD, 0xB9CD, 0xB9CC, 0xB9CC, 0xB9CC, 0xB9CC, 0xB9CD,
    0xC1CD, 0xC1CD, 0xC1CD, 0xC1CD, 0xC1CD, 0xC1ED, 0xC9ED, 0xC1ED, 0xC1ED, 0xC1ED, 0xC1ED, 0xC1ED,
    0xC1CD, 0xC1CD, 0xB9CD, 0xB9CD, 0xB9CD, 0xB9CD, 0xC1CD, 0xC1CD, 0xC1CD, 0xB9CD, 0xC1CD, 0xC1CD,
    0xC1CD, 0xC1ED, 0xC1ED, 0xC1ED, 0xC1ED, 0xC1ED, 0xC1ED, 0xC1CD, 0xC1CD, 0xC1ED, 0xC9ED, 0xC9ED,
    0xC1ED, 0xC1CD, 0xC1CD, 0xC1CD, 0xC1ED, 0xC9ED, 0xC9EE, 0xD1EE, 0xD1EE, 0xD1EE, 0xD20E, 0xDA0E,
    0xD20E, 0xD1EE, 0xD1EE, 0xD1EE, 0xC9ED, 0xDC74, 0xC9ED, 0xC9ED, 0xC1ED, 0xC1ED, 0xC9ED, 0xC9ED,
    0xC9ED, 0xC1ED, 0xC1ED, 0xC1CD, 0xC1ED, 0xC9ED, 0xC9ED, 0xDC95, 0xC9ED, 0xC9ED, 0xC9ED, 0xC9ED,
    0xC9ED, 0xC9ED, 0xC9EE, 0xC9EE, 0xC9EE, 0xD1EE, 0xD1EE, 0xC9EE, 0xC9EE, 0xC9ED, 0xC9ED, 0xC9ED,
    0xC9ED, 0xC9ED, 0xC9ED, 0xE495, 0xC9EE, 0xD1EE, 0xD1EE, 0xD1EE, 0xD1EE, 0xD1EE, 0xD1EE, 0xD1EE,
    0xD1EE, 0xD1EE, 0xD1EE, 0xD1EE, 0xD1EE, 0xD20E, 0xD20E, 0xD20E, 0xE20F, 0xE20F, 0xE20F, 0xE20F,
    0xE20F, 0xE20F, 0xDA0F, 0xDA0E, 0xDA0E, 0xDA0E, 0xD1EE, 0xD1EE, 0xD1EE, 0xD1EE, 0xD1EE, 0xD1EE,
    0xD1EE, 0xD1EE, 0xD1EE, 0xD20E, 0xDA0E, 0xDA0E, 0xDA0F, 0xDA0F, 0xDA0F, 0xDA0F, 0xDA0E, 0xE495,
    0xDA0E, 0xDA0E, 0xDA0E, 0xD1EE, 0xC9EE, 0xC9ED, 0xC9ED, 0xC9ED, 0xC9EE, 0xD1EE, 0xD1EE, 0xD1EE,
    0xD1EE, 0xD1EE, 0xD1EE, 0xD1EE, 0xD1EE, 0xD1EE, 0xD1EE, 0xD1EE, 0xD1EE, 0xD1EE, 0xD1EE, 0xC9ED,
    0xC9ED, 0xC1CD, 0xC1CD, 0xC1CD, 0xC1CD, 0xC1CD, 0xB9CD, 0xB9CD, 0xD474, 0xB9CC, 0xB9CC, 0xB9CC,
    0xB9CD, 0xB9CC, 0xB9CC, 0xB9CC, 0xB9CC, 0xB9CC, 0xB9CD, 0xB9CD, 0xB9CD, 0xB9CD, 0xD474, 0xB9CC,
    0xB9CC, 0xB9CC, 0xB9CC, 0xB9CC, 0xB9CC, 0xB9CC, 0xB1CC, 0xB1CC, 0xB1CC, 0xB1CC, 0xB1CC, 0xB9CC,
    0xB9CC, 0xB9CD, 0xB9CC, 0xB9CC, 0xB9CC, 0xB9CC, 0xB9CC, 0xB9CC, 0xB9CC, 0xB9CC, 0xB9CC, 0xB9CD,
    0xB9CD, 0xB9CC, 0xB9CC, 0xB9CC, 0xB9CC, 0xB9CC, 0xB9CC, 0xB9CC, 0xB9CC, 0xB9CC, 0xB9CC, 0xB9CD,
    0xB9CD, 0xB9CD, 0xC1CD, 0xC1CD, 0xC1CD, 0xC1CD, 0xC1CD, 0xC1CD, 0xC1ED, 0xC1ED, 0xC1ED, 0xC1CD,
    0xC1CD, 0xC1CD, 0xC1CD, 0xB9CD, 0xB9CD, 0xB9CD, 0xC1CD, 0xC1CD, 0xB9CD, 0xB9CD, 0xB9CC, 0xD474,
    0xB9CD, 0xB9CD, 0xC1CD, 0xB9CD, 0xB9CC, 0xB9CC, 0xB1CC, 0xB9CC, 0xB9CC, 0xB9CC, 0xB9CC, 0xB1CC,
    0xB1AC, 0xB1CC, 0xB9CC, 0xB9CC, 0xB9CD, 0xB9CD, 0xC1CD, 0xC1CD, 0xC1CD, 0xC9ED, 0xC9ED, 0xC9ED,
    0xC9ED, 0xC1ED, 0xC1CD, 0xC1CD, 0xB9CD, 0xB9CC, 0xB9CC, 0xB9CC, 0xB9CC, 0xB9CD, 0xB9CD, 0xB9CD,
    0xB9CD, 0xB9CD, 0xB9CD, 0xC1CD, 0xC1CD, 0xC1CD, 0xC1CD, 0xC1CD, 0xC1CD, 0xC1CD, 0xC1CD, 0xB9CD,
    0xB9CD, 0xC1CD, 0xC1CD, 0xC1CD, 0xC1CD, 0xB9CD, 0xB9CC, 0xB9CC, 0xC1CD, 0xC1CD, 0xC9ED, 0xC9ED,
    0xC9ED, 0xC9ED, 0xC9EE, 0xD1EE, 0xD1EE, 0xC9EE, 0xC9ED, 0xC9ED, 0xC9ED, 0xC9ED, 0xC1ED, 0xC1ED,
    0xC1ED, 0xC1CD, 0xC1CD, 0xC1CD, 0xC1CD, 0xC1CD, 0xC1CD, 0xC1CD, 0xC1CD, 0xC1CD, 0xC1CD, 0xC1CD,
    0xC1CD, 0xC1CD, 0xC1CD, 0xC1ED, 0xC9ED, 0xC9ED, 0xC9ED, 0xC9EE, 0xD1EE, 0xD1EE, 0xD1EE, 0xD1EE,
    0xD1EE, 0xC9EE, 0xC9ED, 0xC9ED, 0xC9ED, 0xC9ED, 0xC9ED, 0xC9EE, 0xD1EE, 0xC9EE, 0xC9EE, 0xC9EE,
    0xC9EE, 0xD1EE, 0xD1EE, 0xD1EE, 0xD1EE, 0xD1EE, 0xD1EE, 0xDA0E, 0xDA0E, 0xDA0E, 0xDA0E, 0xDA0E,
    0xDA0F, 0xDA0F, 0xDA0F, 0xDA0F, 0xDA0F, 0xDA0F, 0xDA0F, 0xDA0E, 0xDA0E, 0xDA0E, 0xD1EE, 0xD1EE,
    0xC9EE, 0xD1EE, 0xD1EE, 0xD1EE, 0xD1EE, 0xD1EE, 0xD1EE, 0xE495, 0xD1EE, 0xDA0E, 0xDA0F, 0xE20F,
    0xE20F, 0xE20F, 0xE20F, 0xE20F, 0xDA0F, 0xDA0E, 0xDA0E, 0xD20E, 0xD1EE, 0xD1EE, 0xD1EE, 0xD1EE,
    0xD1EE, 0xD1EE, 0xD1EE, 0xDA0E, 0xDA0E, 0xDA0E, 0xDA0E, 0xDA0E, 0xDA0E, 0xDA0E, 0xD20E, 0xD1EE,
    0xD1EE, 0xD1EE, 0xD1EE, 0xC9EE, 0xC9ED, 0xC9ED, 0xC1ED, 0xC1CD, 0xB9CD, 0xB9CD, 0xB9CC, 0xB9CC,
    0xB9CC, 0xB1CC, 0xB9CC, 0xB9CC, 0xB9CC, 0xB9CC, 0xB1CC, 0xB1CC, 0xB1CC, 0xB9CC, 0xB9CC, 0xB9CD,
    0xC1CD, 0xC1CD, 0xC1CD, 0xC1CD, 0xC1CD, 0xC1CD, 0xC1CD, 0xC1CD, 0xC1CD, 0xB9CD, 0xB9CC, 0xB9CC,
    0xB9CC, 0xB1CC, 0xB1CC, 0xB9CC, 0xB9CD, 0xC1CD, 0xB9CD, 0xB9CD, 0xB9CC, 0xB9CC, 0xB9CD, 0xC1CD,
    0xC1CD, 0xDC74, 0xB9CD, 0xB9CD, 0xB9CC, 0xB9CC, 0xB9CC, 0xB1CC, 0xB1CC, 0xB1CC, 0xB1CC, 0xB1CC,
    0xB9CC, 0xB9CC, 0xB9CD, 0xB9CD, 0xB9CD, 0xC1CD, 0xC1CD, 0xB9CD, 0xB9CD, 0xB9CD, 0xB9CD, 0xC1CD,
    0xC1CD, 0xC1CD, 0xC1ED, 0xC1ED, 0xC1ED, 0xC1CD, 0xC1CD, 0xC1CD, 0xC1CD, 0xC1CD, 0xC1CD, 0xC1CD,
    0xC1CD, 0xB9CD, 0xB9CC, 0xB9CC, 0xB9CC, 0xB9CC, 0xB9CC, 0xB9CC, 0xB9CC, 0xB1CC, 0xB1CC, 0xB1AC,
    0xB1AC, 0xB1AC, 0xB1AC, 0xB1AC, 0xB1AC, 0xB1AC, 0xB1CC, 0xB9CC, 0xB9CD, 0xC1CD, 0xC1ED, 0xC9ED,
    0xC9ED, 0xC9ED, 0xC9EE, 0xC9ED, 0xC9ED, 0xC9ED, 0xC1ED, 0xC1CD, 0xC1CD, 0xB9CD, 0xB9CC, 0xB9CC,
    0xB9CC, 0xB9CC, 0xB9CD, 0xB9CD, 0xB9CD, 0xB9CD, 0xB9CD, 0xB9CD, 0xB9CD, 0xB9CD, 0xC1CD, 0xC1CD,
    0xC1CD, 0xDC74, 0xB9CD, 0xB9CC, 0xB9CC, 0xB9CC, 0xB9CD, 0xB9CD, 0xB9CD, 0xB9CC, 0xD474, 0xB9CD,
    0xB9CD, 0xB9CD, 0xB9CD, 0xC1CD, 0xC1CD, 0xC1ED, 0xC9ED, 0xC9ED, 0xC9ED, 0xC9EE, 0xC9ED, 0xC9ED,
    0xC9ED, 0xC9ED, 0xC9ED, 0xC1ED, 0xC1CD, 0xC1CD, 0xC1CD, 0xC1CD, 0xC1CD, 0xC1CD, 0xC1CD, 0xC1ED,
    0xC1CD, 0xC1CD, 0xB9CD, 0xB9CC, 0xB9CC, 0xB9CD, 0xC1CD, 0xC1CD, 0xC9ED, 0xC9ED, 0xE495, 0xD1EE,
    0xDA0E, 0xDA0E, 0xDA0E, 0xDA0E, 0xDA0E, 0xD1EE, 0xD1EE, 0xD1EE, 0xD1EE, 0xD1EE, 0xD1EE, 0xD1EE,
    0xD1EE, 0xD1EE, 0xD1EE, 0xD1EE, 0xD1EE, 0xD1EE, 0xD20E, 0xDA0E, 0xDA0E, 0xDA0E, 0xDA0E, 0xDA0F,
    0xDA0F, 0xDA0F, 0xDA0F, 0xDA0F, 0xE20F, 0xE20F, 0xE20F, 0xE20F, 0xE20F, 0xE20F, 0xE20F, 0xE20F,
    0xDA0F, 0xDA0E, 0xDA0E, 0xD20E, 0xD1EE, 0xD1EE, 0xD1EE, 0xD1EE, 0xD1EE, 0xD20E, 0xD20E, 0xD20E,
    0xDA0E, 0xDA0F, 0xE20F, 0xE20F, 0xE22F, 0xEA2F, 0xE20F, 0xE20F, 0xE20F, 0xDA0F, 0xDA0F, 0xDA0F,
    0xDA0E, 0xDA0E, 0xDA0E, 0xDA0E, 0xDA0E, 0xDA0E, 0xDA0E, 0xDA0F, 0xE20F, 0xE20F, 0xE20F, 0xE20F,
    0xE20F, 0xE20F, 0xEC95, 0xDA0E, 0xDA0E, 0xD20E, 0xD1EE, 0xD1EE, 0xC9EE, 0xC9ED, 0xC1ED, 0xDC74,
    0xC1CD, 0xC1CD, 0xB9CD, 0xB9CD, 0xB9CC, 0xB9CC, 0xB9CC, 0xB9CC, 0xB9CC, 0xB9CC, 0xB1CC, 0xB1CC,
    0xB1CC, 0xB9CC, 0xB9CC, 0xB9CD, 0xC1CD, 0xC1CD, 0xC1CD, 0xC1ED, 0xC9ED, 0xC9ED, 0xC9ED, 0xC1ED,
    0xC1ED, 0xC1CD, 0xC1CD, 0xC1CD, 0xB9CD, 0xB9CC, 0xB9CC, 0xB9CD, 0xC1CD, 0xC1CD, 0xC1CD, 0xC1CD,
    0xB9CD, 0xC1CD, 0xC1CD, 0xC1ED, 0xC9ED, 0xC9ED, 0xC9ED, 0xC1ED, 0xC1ED, 0xC1CD, 0xC1CD, 0xB9CD,
    0xB9CD, 0xB9CD, 0xB9CD, 0xB9CD, 0xB9CD, 0xB9CD, 0xB9CD, 0xC1CD, 0xC1CD, 0xC1CD, 0xC1CD, 0xC1CD,
    0xB9CD, 0xB9CD, 0xB9CD, 0xC1CD, 0xC1CD, 0xC1CD, 0xC1CD, 0xC1ED, 0xC1ED, 0xC1ED, 0xC1CD, 0xC1CD,
    0xC1CD, 0xDC74, 0xC1ED, 0xC1ED, 0xC1CD, 0xC1CD, 0xB9CC, 0xB9CC, 0xB9CC, 0xB1CC, 0xB1CC, 0xB1CC,
    0xB1CC, 0xB1CC, 0xB1CC, 0xB1CC, 0xB1AC, 0xB1AC, 0xB1CC, 0xB9CC, 0xB9CC, 0xB9CD, 0xC1CD, 0xC1CD,
    0xC1CD, 0xC1ED, 0xC9ED, 0xC9ED, 0xD1EE, 0xD1EE, 0xD1EE, 0xD1EE, 0xC9EE, 0xC9ED, 0xC9ED, 0xC1ED,
    0xC1CD, 0xC1CD, 0xB9CD, 0xB9CD, 0xB9CD, 0xB9CD, 0xC1CD, 0xC1CD, 0xC1CD, 0xC1CD, 0xC1CD, 0xC1CD,
    0xC1CD, 0xC1CD, 0xC1CD, 0xC1CD, 0xC1CD, 0xC1CD, 0xB9CD, 0xB9CC, 0xB9CC, 0xB9CC, 0xB9CD, 0xB9CD,
    0xB9CD, 0xB9CD, 0xB9CD, 0xC1CD, 0xC1CD, 0xC1CD, 0xC1CD, 0xC1CD, 0xC1ED, 0xC9ED, 0xC9ED, 0xC9ED,
    0xC9EE, 0xD1EE, 0xD1EE, 0xD1EE, 0xD1EE, 0xD1EE, 0xD1EE, 0xC9EE, 0xC9ED, 0xC9ED, 0xC9ED, 0xC1ED,
    0xC1ED, 0xC1ED, 0xC1ED, 0xC1ED, 0xC1ED, 0xC1CD, 0xB9CD, 0xB9CC, 0xB9CD, 0xC1CD, 0xC9ED, 0xC9ED,
    0xD1EE, 0xD1EE, 0xDA0E, 0xDA0E, 0xDA0F, 0xDA0F, 0xE20F, 0xDA0F, 0xDA0F, 0xDA0E, 0xDA0E, 0xDA0E,
    0xD20E, 0xD20E, 0xDA0E, 0xDA0E, 0xDA0E, 0xDA0E, 0xDA0E, 0xDA0E, 0xDA0E, 0xDA0F, 0xE20F, 0xE20F,
    0xE20F, 0xE20F, 0xE22F, 0xEA2F, 0xEA2F, 0xEA2F, 0xEA2F, 0xEA2F, 0xEA2F, 0xEA2F, 0xEA30, 0xEA30,
    0xEA30, 0xEA30, 0xEA2F, 0xEA2F, 0xE22F, 0xE20F, 0xE20F, 0xDA0F, 0xDA0F, 0xDA0F, 0xDA0F, 0xDA0F,
    0xDA0F, 0xDA0F, 0xE20F, 0xE20F, 0xE20F, 0xE22F, 0xEA2F, 0xEA2F, 0xEA2F, 0xF4B6, 0xEA2F, 0xEA2F,
    0xE22F, 0xE22F, 0xE22F, 0xE22F, 0xEA2F, 0xEA2F, 0xE22F, 0xE20F, 0xE20F, 0xE20F, 0xE22F, 0xE22F,
    0xEA2F, 0xEA2F, 0xEA2F, 0xEA2F, 0xEA2F, 0xEA2F, 0xE22F, 0xE20F, 0xDA0F, 0xDA0F, 0xDA0E, 0xDA0E,
    0xD20E, 0xD1EE, 0xD1EE, 0xC9EE, 0xC9ED, 0xC9ED, 0xC9ED, 0xC9ED, 0xC9ED, 0xC9ED, 0xC1ED, 0xC1ED,
    0xC1ED, 0xC1CD, 0xC1CD, 0xC1CD, 0xB9CD, 0xB9CD, 0xC1CD, 0xC1CD, 0xC1CD, 0xC1ED, 0xC9ED, 0xC9ED,
    0xC9ED, 0xC9ED, 0xC9ED, 0xC9ED, 0xC9ED, 0xC9ED, 0xC9ED, 0xC1ED, 0xC1CD, 0xDC74, 0xC1CD, 0xC1CD,
    0xC1ED, 0xC1ED, 0xC1ED, 0xC1ED, 0xC1ED, 0xC1ED, 0xC9ED, 0xC9ED, 0xC9EE, 0xC9EE, 0xC9EE, 0xC9EE,
    0xC9EE, 0xC9ED, 0xC9ED, 0xC9ED, 0xC9ED, 0xC9ED, 0xC9ED, 0xC9ED, 0xC9ED, 0xC9ED, 0xC1ED, 0xC9ED,
    0xC9ED, 0xC9ED, 0xC9ED, 0xC9ED, 0xC1ED, 0xC1CD, 0xC1CD, 0xC1CD, 0xC1CD, 0xC1CD, 0xC1ED, 0xC1ED,
    0xC1ED, 0xC1CD, 0xC1CD, 0xB9CD, 0xB9CD, 0xC1CD, 0xC1ED, 0xC1ED, 0xC1ED, 0xC1CD, 0xB9CD, 0xB9CD,
    0xB9CC, 0xB9CC, 0xB9CC, 0xB9CC, 0xB9CD, 0xB9CD, 0xB9CD, 0xB9CD, 0xB9CD, 0xB9CD, 0xC1CD, 0xC1ED,
    0xC9ED, 0xC9ED, 0xC9ED, 0xC9ED, 0xC9ED, 0xC9EE, 0xD1EE, 0xD20E, 0xD20E, 0xD20E, 0xD20E, 0xD20E,
    0xD1EE, 0xD1EE, 0xC9EE, 0xC9EE, 0xC9ED, 0xC9ED, 0xC9ED, 0xC9ED, 0xC9ED, 0xC9ED, 0xC9ED, 0xC9ED,
    0xC1ED, 0xC1ED, 0xC1ED, 0xC1ED, 0xC1ED, 0xC1ED, 0xC1ED, 0xC1ED, 0xC1CD, 0xC1CD, 0xC1CD, 0xC1CD,
    0xC1CD, 0xC1CD, 0xC1CD, 0xC1CD, 0xC1CD, 0xC1CD, 0xC1ED, 0xC1ED, 0xC9ED, 0xC9ED, 0xC9ED, 0xC9ED,
    0xC9ED, 0xC9EE, 0xD1EE, 0xD1EE, 0xD1EE, 0xD1EE, 0xD20E, 0xD20E, 0xD20E, 0xD20E, 0xD20E, 0xD1EE,
    0xD1EE, 0xD1EE, 0xC9EE, 0xC9ED, 0xC9ED, 0xC9ED, 0xC9ED, 0xC9ED, 0xC9ED, 0xC1ED, 0xC1ED, 0xC1ED,
    0xC9ED, 0xC9EE, 0xD20E, 0xDA0E, 0xDA0E, 0xDA0E, 0xDA0F, 0xDA0F, 0xDA0F, 0xDA0F, 0xE20F, 0xE20F,
    0xE20F, 0xE20F, 0xE20F, 0xDA0F, 0xDA0F, 0xDA0F, 0xE20F, 0xE20F, 0xE20F, 0xE20F, 0xE20F, 0xE20F,
    0xE22F, 0xE22F, 0xEA2F, 0xEA2F, 0xEA30, 0xEA30, 0xF230, 0xF230, 0xF230, 0xF230, 0xF230, 0xF230,
    0xEA30, 0xEA30, 0xF230, 0xF230, 0xF250, 0xF250, 0xF230, 0xF230, 0xF230, 0xF4B6, 0xEA30, 0xEA2F,
    0xE22F, 0xE22F, 0xE22F, 0xEA2F, 0xEA2F, 0xEA2F, 0xE22F, 0xE22F, 0xEA2F, 0xEA2F, 0xEA2F, 0xEA2F,
    0xEA30, 0xEA30, 0xEA30, 0xF230, 0xF230, 0xF230, 0xF230, 0xF250, 0xF250, 0xFA50, 0xF250, 0xF230,
    0xF230, 0xF230, 0xF230, 0xF230, 0xF4B6, 0xF230, 0xF230, 0xF230, 0xF230, 0xEA30, 0xEA30, 0xEA30,
    0xEA2F, 0xE22F, 0xE22F, 0xE20F, 0xE20F, 0xE20F, 0xE20F, 0xDA0F, 0xDA0E, 0xDA0E, 0xDA0E, 0xDA0E,
    0xDA0E, 0xDA0E, 0xD20E, 0xD20E, 0xD20E, 0xD1EE, 0xD1EE, 0xC9EE, 0xC9ED, 0xC9ED, 0xC9ED, 0xC9ED,
    0xC9ED, 0xC9ED, 0xC9ED, 0xC9ED, 0xC9EE, 0xD1EE, 0xD20E, 0xD20E, 0xD1EE, 0xC9EE, 0xC9ED, 0xC9ED,
    0xC1ED, 0xC1ED, 0xC1ED, 0xC9ED, 0xC9ED, 0xC9ED, 0xC9ED, 0xC9ED, 0xC9EE, 0xC9EE, 0xC9EE, 0xC9EE,
    0xC9EE, 0xC9EE, 0xC9EE, 0xC9EE, 0xC9EE, 0xD1EE, 0xD1EE, 0xD1EE, 0xD1EE, 0xE495, 0xC9ED, 0xC9ED,
    0xC9EE, 0xD1EE, 0xD20E, 0xD20E, 0xD1EE, 0xD1EE, 0xD1EE, 0xC9ED, 0xC9ED, 0xC1ED, 0xC1ED, 0xC1ED,
    0xC1ED, 0xC1ED, 0xC1ED, 0xC1ED, 0xC1ED, 0xC1ED, 0xC1CD, 0xB9CD, 0xB9CD, 0xB9CD, 0xC1CD, 0xC1CD,
    0xC1CD, 0xC1CD, 0xC1CD, 0xC1CD, 0xC1CD, 0xB9CD, 0xB9CD, 0xB9CD, 0xC1CD, 0xC1ED, 0xC1ED, 0xC1ED,
    0xC1ED, 0xC1ED, 0xC9ED, 0xC9ED, 0xC9ED, 0xC9EE, 0xD1EE, 0xD1EE, 0xD20E, 0xDA0E, 0xDA0E, 0xDA0F,
    0xE20F, 0xE20F, 0xDA0F, 0xDA0E, 0xDA0E, 0xDA0E, 0xDA0E, 0xDA0E, 0xDA0E, 0xDA0E, 0xDA0E, 0xDA0E,
    0xDA0E, 0xD20E, 0xD20E, 0xD1EE, 0xE495, 0xC9ED, 0xC9ED, 0xC9ED, 0xC9ED, 0xC9ED, 0xC1ED, 0xC1ED,
    0xC9ED, 0xC9ED, 0xC9ED, 0xC9ED, 0xC9ED, 0xC9ED, 0xC9ED, 0xC9ED, 0xC9ED, 0xC9ED, 0xC9ED, 0xDC95,
    0xD1EE, 0xD20E, 0xD20E, 0xD20E, 0xD20E, 0xD20E, 0xD20E, 0xDA0E, 0xD20E, 0xD20E, 0xD20E, 0xD20E,
    0xD20E, 0xD20E, 0xD20E, 0xD20E, 0xD20E, 0xD20E, 0xD1EE, 0xD1EE, 0xD1EE, 0xD1EE, 0xD1EE, 0xD20E,
    0xD1EE, 0xC9EE, 0xC9ED, 0xC9ED, 0xD1EE, 0xD20E, 0xDA0E, 0xDA0F, 0xDA0F, 0xDA0E, 0xDA0F, 0xDA0F,
    0xE20F, 0xE22F, 0xE22F, 0xEA2F, 0xEA2F, 0xEA2F, 0xEA2F, 0xEA2F, 0xEA2F, 0xEA2F, 0xEA2F, 0xEA2F,
    0xEA2F, 0xEA2F, 0xEA2F, 0xEA2F, 0xEA2F, 0xEA30, 0xEA30, 0xEA30, 0xF230, 0xF250, 0xFA50, 0xFA50,
    0xFA51, 0xFA51, 0xFA51, 0xFA51, 0xF230, 0xF230, 0xF230, 0xF250, 0xF250, 0xFA50, 0xF250, 0xF250,
    0xF250, 0xF230, 0xEA30, 0xEA30, 0xEA2F, 0xEA2F, 0xEA2F, 0xEA2F, 0xEA30, 0xEA30, 0xEA30, 0xEA30,
    0xEA30, 0xEA30, 0xEA30, 0xEA30, 0xEA30, 0xEA30, 0xF4B6, 0xF230, 0xF230, 0xF250, 0xF250, 0xF250,
    0xF250, 0xF250, 0xF250, 0xF250, 0xF230, 0xF230, 0xF230, 0xF230, 0xF230, 0xF230, 0xF230, 0xEA30,
    0xEA30, 0xEA2F, 0xEA2F, 0xEA2F, 0xE22F, 0xE22F, 0xE22F, 0xE22F, 0xECB5, 0xE22F, 0xE22F, 0xE22F,
    0xE20F, 0xDA0F, 0xDA0F, 0xDA0F, 0xEC95, 0xDA0F, 0xDA0F, 0xE495, 0xDA0E, 0xDA0E, 0xDA0E, 0xDA0E,
    0xD20E, 0xD20E, 0xD1EE, 0xC9EE, 0xC9EE, 0xC9ED, 0xC9ED, 0xC9ED, 0xC9EE, 0xD20E, 0xD20E, 0xD20E,
    0xD1EE, 0xC9EE, 0xC9ED, 0xC9ED, 0xC9ED, 0xC9ED, 0xC9ED, 0xC9ED, 0xC9ED, 0xC9ED, 0xC9EE, 0xC9EE,
    0xD1EE, 0xD20E, 0xD20E, 0xD20E, 0xD20E, 0xD1EE, 0xD1EE, 0xD1EE, 0xD1EE, 0xD20E, 0xD20E, 0xDA0E,
    0xDA0E, 0xDA0E, 0xDA0E, 0xDA0E, 0xDA0E, 0xDA0E, 0xDA0E, 0xDA0E, 0xD20E, 0xD20E, 0xD20E, 0xD20E,
    0xD1EE, 0xD1EE, 0xC9EE, 0xC9ED, 0xC9ED, 0xC9ED, 0xC9ED, 0xC9ED, 0xC9ED, 0xC1ED, 0xDC74, 0xB9CD,
    0xB9CC, 0xB9CD, 0xB9CD, 0xC1CD, 0xC1ED, 0xC1ED, 0xC9ED, 0xC9ED, 0xC9ED, 0xC9ED, 0xC9ED, 0xC9ED,
    0xC9ED, 0xC9EE, 0xC9EE, 0xD1EE, 0xD1EE, 0xC9EE, 0xD1EE, 0xD1EE, 0xD1EE, 0xD1EE, 0xD20E, 0xDA0E,
    0xDA0E, 0xDA0F, 0xE20F, 0xE22F, 0xE22F, 0xE22F, 0xE22F, 0xE22F, 0xE22F, 0xE20F, 0xE20F, 0xE20F,
    0xE20F, 0xE20F, 0xEC95, 0xDA0F, 0xDA0E, 0xDA0E, 0xDA0E, 0xE495, 0xD20E, 0xD20E, 0xD1EE, 0xD1EE,
    0xC9EE, 0xC9ED, 0xC9ED, 0xC9ED, 0xC9ED, 0xC9EE, 0xD1EE, 0xD1EE, 0xD20E, 0xD1EE, 0xD1EE, 0xD1EE,
    0xD1EE, 0xD20E, 0xD20E, 0xD20E, 0xD20E, 0xDA0E, 0xDA0E, 0xDA0E, 0xDA0E, 0xDA0E, 0xDA0E, 0xDA0E,
    0xDA0E, 0xDA0E, 0xDA0E, 0xD20E, 0xD20E, 0xD20E, 0xD20E, 0xD20E, 0xD20E, 0xD20E, 0xD20E, 0xD20E,
    0xD20E, 0xD20E, 0xD20E, 0xDA0E, 0xE495, 0xDA0E, 0xDA0E, 0xDA0E, 0xDA0E, 0xDA0F, 0xE22F, 0xE22F,
    0xE22F, 0xE22F, 0xE22F, 0xE22F, 0xE22F, 0xEA2F, 0xEA2F, 0xEA2F, 0xEA30, 0xEA30, 0xEA30, 0xEA2F,
    0xEA2F, 0xEA2F, 0xEA2F, 0xEA2F, 0xE22F, 0xEA2F, 0xEA30, 0xEA30, 0xEA30, 0xEA30, 0xEA30, 0xF230,
    0xF230, 0xF250, 0xF250, 0xFA50, 0xFA50, 0xFA51, 0xFA51, 0xFA51, 0xF230, 0xF230, 0xF230, 0xF230,
    0xF250, 0xF250, 0xF250, 0xF250, 0xF230, 0xF230, 0xEA30, 0xEA2F, 0xEA2F, 0xEA2F, 0xEA2F, 0xEA2F,
    0xEA30, 0xEA30, 0xEA30, 0xEA30, 0xEA30, 0xEA30, 0xF230, 0xEA30, 0xEA30, 0xEA30, 0xEA2F, 0xEA30,
    0xEA30, 0xF230, 0xF230, 0xF230, 0xEA30, 0xEA30, 0xF230, 0xF230, 0xF230, 0xEA30, 0xEA30, 0xEA30,
    0xEA30, 0xEA30, 0xECB6, 0xE22F, 0xE22F, 0xE20F, 0xDA0F, 0xE20F, 0xE20F, 0xE22F, 0xE22F, 0xE22F,
    0xE22F, 0xE22F, 0xE22F, 0xE22F, 0xE20F, 0xDA0F, 0xDA0F, 0xE20F, 0xE20F, 0xE22F, 0xE20F, 0xDA0F,
    0xDA0E, 0xDA0E, 0xDA0E, 0xDA0F, 0xDA0F, 0xDA0E, 0xD20E, 0xD20E, 0xD1EE, 0xC9EE, 0xC9ED, 0xC9ED,
    0xC9ED, 0xD1EE, 0xD20E, 0xE495, 0xC9EE, 0xC9ED, 0xC1ED, 0xC9ED, 0xC9ED, 0xC9EE, 0xC9ED, 0xC9ED,
    0xC9ED, 0xC9ED, 0xC9ED, 0xC9EE, 0xD1EE, 0xD20E, 0xD20E, 0xD20E, 0xD20E, 0xD20E, 0xD20E, 0xD20E,
    0xD20E, 0xD20E, 0xDA0E, 0xDA0E, 0xDA0F, 0xDA0F, 0xE20F, 0xE20F, 0xDA0F, 0xDA0F, 0xDA0E, 0xDA0E,
    0xD20E, 0xD20E, 0xD20E, 0xD20E, 0xD20E, 0xD20E, 0xD20E, 0xD1EE, 0xC9EE, 0xC9ED, 0xC9ED, 0xC9ED,
    0xC1ED, 0xC1CD, 0xB9CD, 0xB9CC, 0xB9CC, 0xB9CC, 0xB9CC, 0xB9CD, 0xC1CD, 0xC1ED, 0xC9ED, 0xC9EE,
    0xC9EE, 0xC9EE, 0xC9EE, 0xD1EE, 0xD1EE, 0xD20E, 0xD20E, 0xD20E, 0xD20E, 0xD20E, 0xD20E, 0xD20E,
    0xD20E, 0xD20E, 0xDA0E, 0xDA0F, 0xE20F, 0xE20F, 0xE20F, 0xE22F, 0xE22F, 0xE22F, 0xEA2F, 0xEA2F,
    0xE22F, 0xE22F, 0xE22F, 0xE20F, 0xE20F, 0xE20F, 0xDA0F, 0xDA0F, 0xDA0E, 0xDA0E, 0xD20E, 0xD20E,
    0xDA0E, 0xD20E, 0xD20E, 0xD20E, 0xD1EE, 0xC9EE, 0xC9ED, 0xC9ED, 0xC9EE, 0xC9EE, 0xD1EE, 0xD1EE,
    0xD20E, 0xD20E, 0xD20E, 0xD20E, 0xD20E, 0xD20E, 0xD20E, 0xD20E, 0xDA0E, 0xDA0E, 0xDA0E, 0xDA0E,
    0xDA0E, 0xDA0E, 0xDA0F, 0xDA0F, 0xDA0E, 0xDA0E, 0xDA0E, 0xDA0E, 0xDA0E, 0xDA0E, 0xDA0E, 0xD20E,
    0xD20E, 0xD20E, 0xD20E, 0xD20E, 0xD20E, 0xD20E, 0xDA0E, 0xDA0E, 0xDA0E, 0xDA0F, 0xE20F, 0xE22F,
    0xE22F, 0xE22F, 0xE22F, 0xE22F, 0xE22F, 0xE22F, 0xE22F, 0xE22F, 0xEA2F, 0xEA2F, 0xEA2F, 0xEA2F,
    0xEA2F, 0xE22F, 0xE22F, 0xE22F, 0xE22F, 0xE22F, 0xE22F, 0xE22F, 0xE22F, 0xEA2F, 0xEA30, 0xEA30,
    0xEA30, 0xEA30, 0xEA30, 0xEA30, 0xF4B6, 0xF230, 0xF230, 0xF230, 0xF250, 0xFA50, 0xFA50, 0xFA50,
    0xF230, 0xF230, 0xF230, 0xF230, 0xF230, 0xF230, 0xEA30, 0xEA30, 0xEA2F, 0xEA2F, 0xE22F, 0xE22F,
    0xE22F, 0xEA2F, 0xEA30, 0xEA30, 0xEA30, 0xEA2F, 0xEA2F, 0xE22F, 0xE22F, 0xE22F, 0xE22F, 0xE22F,
    0xE22F, 0xE20F, 0xE20F, 0xE22F, 0xEA2F, 0xEA30, 0xEA30, 0xEA30, 0xEA30, 0xEA2F, 0xEA30, 0xEA30,
    0xEA30, 0xEA2F, 0xE22F, 0xE22F, 0xE20F, 0xE20F, 0xDA0F, 0xDA0F, 0xDA0E, 0xDA0E, 0xDA0E, 0xDA0E,
    0xDA0F, 0xDA0F, 0xDA0F, 0xDA0F, 0xDA0F, 0xDA0F, 0xDA0F, 0xDA0F, 0xE20F, 0xE20F, 0xE20F, 0xDA0F,
    0xDA0F, 0xDA0F, 0xDA0F, 0xDA0E, 0xDA0E, 0xDA0E, 0xDA0E, 0xDA0E, 0xDA0E, 0xDA0E, 0xD20E, 0xD20E,
    0xD1EE, 0xC9EE, 0xC9ED, 0xC1ED, 0xC9ED, 0xC9ED, 0xD1EE, 0xC9EE, 0xC9ED, 0xC9ED, 0xC1ED, 0xC1ED,
    0xC1ED, 0xC1ED, 0xC1ED, 0xC9ED, 0xC9ED, 0xC9ED, 0xC9ED, 0xC9ED, 0xC9ED, 0xC9ED, 0xC9ED, 0xC9EE,
    0xC9EE, 0xC9ED, 0xC9ED, 0xC9ED, 0xC9EE, 0xD1EE, 0xD1EE, 0xD20E, 0xD20E, 0xD20E, 0xD20E, 0xD20E,
    0xDA0E, 0xDA0E, 0xDA0E, 0xD20E, 0xD20E, 0xD1EE, 0xC9EE, 0xC9EE, 0xC9EE, 0xC9EE, 0xC9ED, 0xC9ED,
    0xC9ED, 0xC1ED, 0xC1ED, 0xC1CD, 0xC1CD, 0xC1CD, 0xB9CD, 0xB9CD, 0xB9CD, 0xB9CD, 0xB9CD, 0xB9CD,
    0xB9CD, 0xC1CD, 0xC1ED, 0xC1ED, 0xC1ED, 0xC1ED, 0xC1ED, 0xC9ED, 0xC9ED, 0xC9ED, 0xC9ED, 0xC9ED,
    0xC9ED, 0xC9ED, 0xC9EE, 0xD1EE, 0xD20E, 0xD20E, 0xD20E, 0xE495, 0xDA0E, 0xDA0E, 0xDA0F, 0xDA0F,
    0xE20F, 0xE20F, 0xE20F, 0xE20F, 0xE20F, 0xDA0F, 0xDA0E, 0xDA0E, 0xDA0E, 0xDA0E, 0xDA0E, 0xDA0E,
    0xDA0E, 0xDA0E, 0xDA0E, 0xD20E, 0xD20E, 0xD20E, 0xD1EE, 0xD1EE, 0xC9EE, 0xC9ED, 0xC9ED, 0xC9ED,
    0xC9EE, 0xD1EE, 0xD1EE, 0xD1EE, 0xD1EE, 0xD20E, 0xD20E, 0xD20E, 0xD20E, 0xD20E, 0xE495, 0xD20E,
    0xDA0E, 0xDA0E, 0xDA0F, 0xDA0F, 0xDA0E, 0xDA0E, 0xDA0E, 0xDA0F, 0xDA0F, 0xDA0F, 0xDA0F, 0xDA0F,
    0xDA0E, 0xDA0E, 0xDA0E, 0xD20E, 0xD1EE, 0xD1EE, 0xC9EE, 0xC9EE, 0xC9EE, 0xC9EE, 0xC9EE, 0xD1EE,
    0xD20E, 0xDA0E, 0xDA0F, 0xDA0F, 0xE20F, 0xE20F, 0xE20F, 0xE20F, 0xE20F, 0xDA0F, 0xDA0F, 0xDA0F,
    0xE20F, 0xE20F, 0xE20F, 0xE20F, 0xE22F, 0xE22F, 0xE22F, 0xE22F, 0xE22F, 0xE20F, 0xDA0F, 0xDA0F,
    0xDA0F, 0xE20F, 0xE20F, 0xE22F, 0xE22F, 0xE22F, 0xE22F, 0xE22F, 0xEA2F, 0xEA30, 0xF230, 0xF230,
    0xF230, 0xF230, 0xF230, 0xF230, 0xE22F, 0xE22F, 0xE22F, 0xE22F, 0xE22F, 0xE22F, 0xE22F, 0xE22F,
    0xE22F, 0xE22F, 0xE22F, 0xE22F, 0xE22F, 0xEA2F, 0xEA2F, 0xEA2F, 0xEA2F, 0xE22F, 0xE20F, 0xE20F,
    0xE20F, 0xE20F, 0xE20F, 0xDA0F, 0xDA0F, 0xDA0E, 0xDA0F, 0xE20F, 0xE20F, 0xE22F, 0xE22F, 0xE22F,
    0xE20F, 0xE20F, 0xE20F, 0xE22F, 0xE22F, 0xE22F, 0xE20F, 0xDA0F, 0xDA0F, 0xDA0E, 0xDA0E, 0xD20E,
    0xD20E, 0xD1EE, 0xD1EE, 0xD1EE, 0xD20E, 0xD20E, 0xD20E, 0xD20E, 0xD20E, 0xDA0E, 0xDA0E, 0xDA0E,
    0xDA0E, 0xDA0E, 0xDA0E, 0xDA0E, 0xDA0E, 0xDA0E, 0xD20E, 0xD20E, 0xD20E, 0xD20E, 0xD20E, 0xD20E,
    0xD1EE, 0xD1EE, 0xC9EE, 0xC9ED, 0xC9ED, 0xC1ED, 0xC1ED, 0xC1ED, 0xC1ED, 0xC1ED, 0xC9ED, 0xC9ED,
    0xC9ED, 0xC9ED, 0xC9ED, 0xC1ED, 0xC1ED, 0xC1ED, 0xC1ED, 0xC9ED, 0xC9ED, 0xC9ED, 0xC9ED, 0xC9ED,
    0xC9ED, 0xC1ED, 0xC1ED, 0xC1ED, 0xC1ED, 0xC1ED, 0xC1ED, 0xC9ED, 0xC9ED, 0xC9ED, 0xC9EE, 0xD1EE,
    0xC9EE, 0xC9EE, 0xC9ED, 0xC9EE, 0xC9EE, 0xD1EE, 0xD1EE, 0xC9EE, 0xC9ED, 0xC9ED, 0xC9ED, 0xC9ED,
    0xC9ED, 0xC9ED, 0xC9ED, 0xC9ED, 0xC1ED, 0xC1ED, 0xC1CD, 0xC1CD, 0xC1CD, 0xC1CD, 0xC1CD, 0xC1ED,
    0xC1CD, 0xC1CD, 0xB9CD, 0xB9CC, 0xB9CD, 0xC1CD, 0xC1ED, 0xC1ED, 0xC1ED, 0xC1ED, 0xC1ED, 0xC1ED,
    0xC1CD, 0xC1CD, 0xC1CD, 0xC1CD, 0xC1CD, 0xC1ED, 0xC1ED, 0xC9ED, 0xC9ED, 0xC9ED, 0xC9ED, 0xC9ED,
    0xC9ED, 0xC9EE, 0xD1EE, 0xD1EE, 0xD1EE, 0xD1EE, 0xD1EE, 0xD1EE, 0xD1EE, 0xD1EE, 0xD1EE, 0xD1EE,
    0xD1EE, 0xD1EE, 0xD1EE, 0xD1EE, 0xD1EE, 0xD1EE, 0xD1EE, 0xD1EE, 0xD1EE, 0xD1EE, 0xD1EE, 0xD1EE,
    0xD1EE, 0xD1EE, 0xD1EE, 0xD1EE, 0xD1EE, 0xD1EE, 0xD1EE, 0xD1EE, 0xD1EE, 0xD20E, 0xD20E, 0xD20E,
    0xD20E, 0xD1EE, 0xD1EE, 0xE495, 0xD20E, 0xDA0E, 0xDA0E, 0xDA0E, 0xDA0E, 0xDA0E, 0xDA0E, 0xDA0E,
    0xDA0E, 0xDA0E, 0xDA0E, 0xDA0E, 0xDA0E, 0xD20E, 0xD20E, 0xD1EE, 0xC9EE, 0xC9ED, 0xC9ED, 0xC9ED,
    0xC9ED, 0xC9ED, 0xC9EE, 0xD1EE, 0xD1EE, 0xD20E, 0xD20E, 0xDA0E, 0xDA0E, 0xDA0E, 0xDA0E, 0xDA0E,
    0xDA0E, 0xD20E, 0xDA0E, 0xDA0E, 0xDA0E, 0xDA0F, 0xDA0F, 0xDA0F, 0xDA0E, 0xDA0E, 0xDA0E, 0xDA0E,
    0xDA0E, 0xDA0E, 0xDA0E, 0xDA0E, 0xD20E, 0xDA0E, 0xDA0E, 0xDA0E, 0xDA0F, 0xDA0F, 0xE20F, 0xE20F,
    0xE22F, 0xEA2F, 0xEA2F, 0xEA2F, 0xEA2F, 0xEA2F, 0xEA2F, 0xEA2F, 0xDA0F, 0xDA0F, 0xDA0E, 0xDA0E,
    0xDA0E, 0xDA0F, 0xDA0F, 0xE20F, 0xE20F, 0xE20F, 0xE22F, 0xEA2F, 0xEA2F, 0xEA2F, 0xE22F, 0xE20F,
    0xE20F, 0xE20F, 0xDA0F, 0xEC95, 0xDA0F, 0xDA0F, 0xDA0F, 0xDA0F, 0xDA0E, 0xDA0E, 0xDA0E, 0xDA0E,
    0xDA0F, 0xE20F, 0xDA0F, 0xDA0F, 0xDA0E, 0xDA0E, 0xDA0F, 0xE20F, 0xE20F, 0xE20F, 0xDA0F, 0xDA0F,
    0xDA0E, 0xDA0E, 0xDA0E, 0xD1EE, 0xD1EE, 0xC9ED, 0xC9ED, 0xC9ED, 0xC9ED, 0xC9ED, 0xC9EE, 0xC9EE,
    0xD1EE, 0xD1EE, 0xD20E, 0xD20E, 0xD20E, 0xD1EE, 0xD1EE, 0xD20E, 0xD20E, 0xD20E, 0xD1EE, 0xD1EE,
    0xC9EE, 0xC9ED, 0xC9ED, 0xC9ED, 0xC9ED, 0xC9ED, 0xC1ED, 0xC1CD, 0xC1CD, 0xC1CD, 0xC1CD, 0xC1CD,
    0xC1CD, 0xC1CD, 0xC1CD, 0xC1CD, 0xC1ED, 0xC9ED, 0xC9EE, 0xC9ED, 0xC9ED, 0xC1ED, 0xC1ED, 0xC9ED,
    0xC9ED, 0xC9ED, 0xC9ED, 0xC9ED, 0xC1ED, 0xC1ED, 0xC1CD, 0xC1CD, 0xC1CD, 0xC1CD, 0xC1ED, 0xC1ED,
    0xC9ED, 0xC9ED, 0xC9ED, 0xC9EE, 0xC9ED, 0xC9ED, 0xC9ED, 0xC9ED, 0xC9ED, 0xC1ED, 0xC1ED, 0xC1ED,
    0xC1ED, 0xC1ED, 0xC1ED, 0xC9ED, 0xC9ED, 0xC9ED, 0xC9ED, 0xC9ED, 0xC1ED, 0xC1ED, 0xC1ED, 0xC1ED,
    0xC1ED, 0xC1ED, 0xC1ED, 0xC1ED, 0xC1ED, 0xC1CD, 0xB9CD, 0xB9CC, 0xB9CD, 0xC1CD, 0xC1ED, 0xC9ED,
    0xC1ED, 0xC1ED, 0xC1ED, 0xC1CD, 0xC1CD, 0xB9CD, 0xB9CD, 0xB9CD, 0xB9CD, 0xB9CD, 0xB9CD, 0xC1CD,
    0xC1CD, 0xC1CD, 0xC1CD, 0xC1CD, 0xC1CD, 0xC1CD, 0xC1ED, 0xC1ED, 0xC1ED, 0xC1ED, 0xC1ED, 0xC1CD,
    0xC1ED, 0xC9ED, 0xC9ED, 0xC9ED, 0xC9ED, 0xC9ED, 0xC9ED, 0xC9ED, 0xC9ED, 0xC9ED, 0xC9ED, 0xC9EE,
    0xD1EE, 0xD1EE, 0xD1EE, 0xD20E, 0xD20E, 0xD20E, 0xD20E, 0xD20E, 0xD20E, 0xD20E, 0xD20E, 0xD20E,
    0xD20E, 0xD20E, 0xDA0E, 0xDA0E, 0xD20E, 0xD1EE, 0xD1EE, 0xD1EE, 0xD1EE, 0xD20E, 0xDA0E, 0xDA0E,
    0xD20E, 0xD20E, 0xD20E, 0xD20E, 0xD1EE, 0xD1EE, 0xD1EE, 0xD1EE, 0xD1EE, 0xD1EE, 0xD1EE, 0xC9EE,
    0xC9ED, 0xC9ED, 0xC9ED, 0xC9ED, 0xC9ED, 0xC9ED, 0xD1EE, 0xD1EE, 0xD1EE, 0xD1EE, 0xD1EE, 0xD1EE,
    0xD1EE, 0xD1EE, 0xD1EE, 0xD1EE, 0xD1EE, 0xD1EE, 0xD1EE, 0xD20E, 0xDA0E, 0xDA0F, 0xDA0E, 0xDA0E,
    0xD1EE, 0xD1EE, 0xD1EE, 0xD1EE, 0xD1EE, 0xD1EE, 0xD1EE, 0xD1EE, 0xD1EE, 0xD1EE, 0xD1EE, 0xD1EE,
    0xD20E, 0xDA0E, 0xDA0F, 0xE20F, 0xE20F, 0xE20F, 0xE20F, 0xE20F, 0xE20F, 0xE22F, 0xE22F, 0xE22F,
    0xDA0E, 0xDA0E, 0xDA0E, 0xDA0E, 0xDA0F, 0xDA0F, 0xDA0F, 0xDA0F, 0xE20F, 0xE20F, 0xE20F, 0xE20F,
    0xE20F, 0xE20F, 0xE22F, 0xE22F, 0xE22F, 0xE20F, 0xE20F, 0xE20F, 0xDA0F, 0xDA0F, 0xDA0E, 0xDA0E,
    0xDA0E, 0xD20E, 0xD1EE, 0xD20E, 0xD20E, 0xDA0E, 0xDA0E, 0xDA0E, 0xD20E, 0xD20E, 0xDA0E, 0xDA0E,
    0xDA0E, 0xDA0E, 0xDA0E, 0xD20E, 0xD20E, 0xD1EE, 0xD1EE, 0xC9EE, 0xC9ED, 0xC9ED, 0xC9ED, 0xC9ED,
    0xC9ED, 0xC9EE, 0xD1EE, 0xD1EE, 0xD1EE, 0xD1EE, 0xE495, 0xD20E, 0xD20E, 0xD20E, 0xD20E, 0xD20E,
    0xD20E, 0xD20E, 0xD1EE, 0xD1EE, 0xC9EE, 0xC9EE, 0xC9EE, 0xC9EE, 0xC9EE, 0xC9ED, 0xC1ED, 0xC1CD,
    0xC1CD, 0xC1ED, 0xC9ED, 0xC9ED, 0xC9ED, 0xC9ED, 0xC9ED, 0xC9ED, 0xC9ED, 0xC9ED, 0xC9ED, 0xC9ED,
    0xC9ED, 0xC9ED, 0xC9ED, 0xC9EE, 0xC9EE, 0xD1EE, 0xC9ED, 0xC9ED, 0xDC74, 0xC1CD, 0xC1ED, 0xC1ED,
    0xC1ED, 0xC1ED, 0xC1CD, 0xC1CD, 0xC1ED, 0xC9ED, 0xDC95, 0xD1EE, 0xC9EE, 0xC9EE, 0xC9ED, 0xC9ED,
    0xC9ED, 0xC1ED, 0xC1CD, 0xC1ED, 0xC1ED, 0xC1ED, 0xC1ED, 0xC9ED, 0xC9ED, 0xC9ED, 0xC9ED, 0xC9ED,
    0xC9ED, 0xC9ED, 0xC1ED, 0xC1ED, 0xC1CD, 0xC1ED, 0xC1ED, 0xC1ED, 0xC9ED, 0xC1ED, 0xC1ED, 0xC1ED,
    0xC1ED, 0xC9ED, 0xC9ED, 0xC9ED, 0xC9ED, 0xC9ED, 0xC1ED, 0xC1ED, 0xC1CD, 0xC1CD, 0xC1CD, 0xC1CD,
    0xC1CD, 0xC1CD, 0xC1CD, 0xC1CD, 0xC1CD, 0xB9CD, 0xB9CD, 0xB9CC, 0xB9CC, 0xB9CD, 0xB9CD, 0xC1CD,
    0xC1CD, 0xC1CD, 0xC1ED, 0xC1ED, 0xC1ED, 0xC1ED, 0xC1ED, 0xC1ED, 0xC9ED, 0xC9ED, 0xC9ED, 0xC9ED,
    0xC9EE, 0xC9EE, 0xD1EE, 0xD1EE, 0xD1EE, 0xD1EE, 0xD20E, 0xD20E, 0xDA0E, 0xDA0E, 0xDA0E, 0xDA0E,
    0xDA0E, 0xDA0F, 0xEC95, 0xDA0F, 0xDA0F, 0xDA0F, 0xDA0E, 0xDA0E, 0xD20E, 0xD20E, 0xD1EE, 0xD1EE,
    0xD20E, 0xDA0E, 0xDA0F, 0xDA0E, 0xDA0E, 0xDA0E, 0xDA0E, 0xD20E, 0xD1EE, 0xD1EE, 0xD1EE, 0xD1EE,
    0xD1EE, 0xD1EE, 0xD1EE, 0xC9EE, 0xC9ED, 0xC9ED, 0xC9ED, 0xC9ED, 0xC9ED, 0xC9ED, 0xC9EE, 0xD1EE,
    0xD1EE, 0xD1EE, 0xD1EE, 0xD1EE, 0xD1EE, 0xD1EE, 0xE495, 0xD1EE, 0xD1EE, 0xD1EE, 0xD1EE, 0xD20E,
    0xDA0E, 0xDA0E, 0xDA0E, 0xDA0E, 0xDA0E, 0xD20E, 0xD20E, 0xD1EE, 0xD1EE, 0xC9EE, 0xC9EE, 0xC9ED,
    0xC9ED, 0xC9ED, 0xC9EE, 0xD1EE, 0xD1EE, 0xDA0E, 0xDA0E, 0xDA0F, 0xE20F, 0xE20F, 0xE20F, 0xE20F,
    0xE20F, 0xE20F, 0xE20F, 0xE20F, 0xE20F, 0xE20F, 0xE20F, 0xE20F, 0xE20F, 0xE20F, 0xE20F, 0xE20F,
    0xE20F, 0xE20F, 0xE20F, 0xE22F, 0xE22F, 0xE22F, 0xEA2F, 0xEA2F, 0xEA2F, 0xE22F, 0xE22F, 0xE20F,
    0xE20F, 0xDA0F, 0xDA0E, 0xDA0E, 0xDA0E, 0xD20E, 0xD20E, 0xD20E, 0xD20E, 0xD20E, 0xD20E, 0xD20E,
    0xD20E, 0xD20E, 0xD20E, 0xDA0E, 0xDA0E, 0xDA0E, 0xD20E, 0xD20E, 0xD1EE, 0xD1EE, 0xD1EE, 0xD1EE,
    0xD1EE, 0xC9EE, 0xC9ED, 0xC9ED, 0xC9EE, 0xE495, 0xD20E, 0xD20E, 0xD20E, 0xD20E, 0xD1EE, 0xD20E,
    0xD20E, 0xD20E, 0xD20E, 0xD20E, 0xD20E, 0xD20E, 0xD20E, 0xD1EE, 0xD1EE, 0xD1EE, 0xD1EE, 0xD1EE,
    0xD1EE, 0xC9ED, 0xC9ED, 0xC9ED, 0xC9ED, 0xC9ED, 0xD1EE, 0xD1EE, 0xD1EE, 0xD1EE, 0xD1EE, 0xD1EE,
    0xD1EE, 0xD1EE, 0xC9EE, 0xC9EE, 0xD1EE, 0xD1EE, 0xD1EE, 0xD1EE, 0xD20E, 0xD20E, 0xD1EE, 0xC9EE,
    0xC9ED, 0xC9ED, 0xC9ED, 0xC9ED, 0xC9ED, 0xC9ED, 0xC9ED, 0xC1ED, 0xC9ED, 0xC9ED, 0xC9EE, 0xD1EE,
    0xD1EE, 0xD1EE, 0xC9EE, 0xC9EE, 0xC9ED, 0xC9ED, 0xC9ED, 0xC9ED, 0xC9ED, 0xC9ED, 0xC9ED, 0xC9ED,
    0xC9ED, 0xC9ED, 0xC9ED, 0xC9ED, 0xC9EE, 0xC9EE, 0xC9ED, 0xC9ED, 0xC9ED, 0xC9ED, 0xC9ED, 0xC9EE,
    0xC9EE, 0xC9EE, 0xC9EE, 0xC9EE, 0xC9ED, 0xC9ED, 0xC9ED, 0xC9ED, 0xC9ED, 0xC9ED, 0xC1ED, 0xC1ED,
    0xC1ED, 0xC1ED, 0xC1ED, 0xC1ED, 0xC1ED, 0xC1ED, 0xC1CD, 0xC1CD, 0xB9CD, 0xB9CD, 0xB9CC, 0xB9CC,
    0xB9CC, 0xB9CC, 0xB9CC, 0xB9CD, 0xB9CD, 0xC1CD, 0xC1CD, 0xC1ED, 0xDC74, 0xC1ED, 0xC1ED, 0xC1ED,
    0xC9ED, 0xC9ED, 0xD1EE, 0xD1EE, 0xD1EE, 0xD1EE, 0xD1EE, 0xD20E, 0xD20E, 0xDA0E, 0xDA0E, 0xDA0E,
    0xDA0F, 0xE20F, 0xE20F, 0xE22F, 0xE22F, 0xE22F, 0xE22F, 0xEA2F, 0xEA2F, 0xE22F, 0xE20F, 0xDA0F,
    0xEC95, 0xDA0F, 0xDA0E, 0xDA0F, 0xDA0F, 0xE20F, 0xE20F, 0xE20F, 0xE20F, 0xDA0F, 0xDA0F, 0xDA0E,
    0xDA0E, 0xD20E, 0xD20E, 0xD20E, 0xD20E, 0xD20E, 0xD20E, 0xD1EE, 0xD1EE, 0xD1EE, 0xC9EE, 0xC9EE,
    0xC9ED, 0xC9EE, 0xD1EE, 0xD20E, 0xD20E, 0xDA0E, 0xDA0E, 0xDA0E, 0xDA0E, 0xD20E, 0xD20E, 0xD20E,
    0xD20E, 0xD20E, 0xDA0E, 0xDA0E, 0xDA0E, 0xDA0F, 0xDA0F, 0xDA0F, 0xDA0E, 0xDA0E, 0xDA0E, 0xD20E,
    0xD20E, 0xD1EE, 0xD1EE, 0xD1EE, 0xC9EE, 0xD1EE, 0xD1EE, 0xD1EE, 0xD20E, 0xDA0E, 0xDA0E, 0xDA0F,
    0xE20F, 0xE20F, 0xE22F, 0xEA2F, 0xEA2F, 0xEA2F, 0xEA2F, 0xEA2F, 0xE22F, 0xE22F, 0xEA2F, 0xEA2F,
    0xEA30, 0xEA30, 0xEA30, 0xEA2F, 0xEA2F, 0xEA2F, 0xEA2F, 0xEA30, 0xEA30, 0xEA30, 0xEA30, 0xEA2F,
    0xEA2F, 0xEA2F, 0xEA2F, 0xEA2F, 0xE22F, 0xE20F, 0xDA0F, 0xDA0F, 0xE20F, 0xE22F, 0xE22F, 0xE22F,
    0xE20F, 0xDA0F, 0xDA0F, 0xDA0E, 0xDA0E, 0xDA0E, 0xDA0F, 0xDA0F, 0xE20F, 0xDA0F, 0xDA0F, 0xDA0E,
    0xDA0E, 0xDA0E, 0xDA0F, 0xE20F, 0xDA0F, 0xDA0E, 0xDA0E, 0xD20E, 0xDA0E, 0xDA0E, 0xDA0E, 0xDA0E,
    0xD20E, 0xD20E, 0xD1EE, 0xD20E, 0xD20E, 0xD20E, 0xDA0E, 0xDA0E, 0xD20E, 0xD20E, 0xD20E, 0xD20E,
    0xD20E, 0xD20E, 0xD20E, 0xD20E, 0xD20E, 0xD1EE, 0xD1EE, 0xD1EE, 0xD1EE, 0xD20E, 0xD20E, 0xD20E,
    0xD20E, 0xD20E, 0xDA0E, 0xD20E, 0xD20E, 0xD1EE, 0xC9EE, 0xD1EE, 0xD1EE, 0xD1EE, 0xE495, 0xD20E,
    0xD20E, 0xDA0E, 0xD20E, 0xD20E, 0xD20E, 0xD1EE, 0xD1EE, 0xD1EE, 0xD1EE, 0xC9EE, 0xC9EE, 0xC9EE,
    0xD1EE, 0xD1EE, 0xD20E, 0xD20E, 0xD20E, 0xD20E, 0xD20E, 0xD20E, 0xD20E, 0xD20E, 0xD20E, 0xD20E,
    0xD20E, 0xD20E, 0xD20E, 0xD20E, 0xD1EE, 0xC9EE, 0xC9EE, 0xD1EE, 0xD20E, 0xD20E, 0xD20E, 0xD20E,
    0xD20E, 0xD20E, 0xD20E, 0xD20E, 0xD20E, 0xD20E, 0xD1EE, 0xD1EE, 0xD1EE, 0xC9EE, 0xC9ED, 0xC9ED,
    0xC9ED, 0xC9ED, 0xC1ED, 0xC9ED, 0xC9ED, 0xC9ED, 0xC9EE, 0xC9ED, 0xC9ED, 0xDC94, 0xC1ED, 0xC1ED,
    0xC1ED, 0xC1CD, 0xC1CD, 0xC1ED, 0xC1ED, 0xC1CD, 0xC1CD, 0xC1CD, 0xC1CD, 0xC1ED, 0xC1ED, 0xC9ED,
    0xC9EE, 0xD1EE, 0xD20E, 0xD20E, 0xD20E, 0xDA0E, 0xDA0E, 0xDA0E, 0xDA0E, 0xD20E, 0xDA0E, 0xDA0E,
    0xDA0F, 0xEC95, 0xEC95, 0xE22F, 0xE22F, 0xE22F, 0xEA2F, 0xEA30, 0xEA30, 0xEA30, 0xEA30, 0xEA30,
    0xEA30, 0xEA30, 0xEA2F, 0xEA2F, 0xEA2F, 0xEA2F, 0xEA2F, 0xEA30, 0xEA2F, 0xEA2F, 0xEA2F, 0xEA2F,
    0xEA2F, 0xE22F, 0xE22F, 0xE22F, 0xE22F, 0xE22F, 0xE22F, 0xE20F, 0xE20F, 0xDA0F, 0xDA0E, 0xDA0E,
    0xD20E, 0xD20E, 0xD20E, 0xD20E, 0xD20E, 0xD20E, 0xD20E, 0xD20E, 0xD20E, 0xDA0E, 0xDA0F, 0xDA0F,
    0xDA0E, 0xDA0E, 0xD20E, 0xDA0E, 0xDA0E, 0xDA0E, 0xDA0F, 0xDA0F, 0xDA0F, 0xE20F, 0xE20F, 0xDA0F,
    0xDA0E, 0xDA0E, 0xDA0E, 0xDA0F, 0xE20F, 0xE20F, 0xE20F, 0xDA0F, 0xDA0F, 0xDA0F, 0xDA0F, 0xDA0F,
    0xDA0F, 0xDA0F, 0xDA0F, 0xE20F, 0xE22F, 0xEA2F, 0xEA30, 0xEA30, 0xF230, 0xF230, 0xF230, 0xF230,
    0xFA50, 0xFA50, 0xFA50, 0xFA50, 0xFA50, 0xFA50, 0xFA50, 0xF250, 0xF250, 0xF250, 0xF250, 0xF250,
    0xF250, 0xF250, 0xF250, 0xF250, 0xF230, 0xF230, 0xF250, 0xF230, 0xEA30, 0xEA30, 0xEA2F, 0xEA30,
    0xF230, 0xF250, 0xF250, 0xF230, 0xEA30, 0xEA2F, 0xEA2F, 0xE22F, 0xE22F, 0xE22F, 0xE22F, 0xE22F,
    0xEA2F, 0xEA2F, 0xEA2F, 0xE22F, 0xE22F, 0xEA2F, 0xEA30, 0xEA30, 0xEA30, 0xEA2F, 0xE22F, 0xE22F,
    0xE22F, 0xE22F, 0xDA0F, 0xDA0F, 0xDA0F, 0xDA0E, 0xDA0E, 0xDA0E, 0xDA0F, 0xDA0F, 0xE22F, 0xE22F,
    0xE22F, 0xE22F, 0xE22F, 0xDA0F, 0xDA0F, 0xDA0F, 0xDA0F, 0xDA0F, 0xDA0F, 0xDA0E, 0xDA0E, 0xDA0E,
    0xDA0E, 0xDA0E, 0xD20E, 0xD20E, 0xDA0E, 0xDA0E, 0xDA0F, 0xDA0F, 0xDA0F, 0xDA0F, 0xDA0F, 0xDA0F,
    0xDA0F, 0xDA0E, 0xDA0E, 0xDA0E, 0xDA0E, 0xDA0E, 0xDA0E, 0xDA0E, 0xDA0E, 0xD20E, 0xD20E, 0xDA0E,
    0xE495, 0xD20E, 0xD20E, 0xD20E, 0xD20E, 0xDA0E, 0xDA0E, 0xDA0E, 0xDA0E, 0xDA0E, 0xDA0E, 0xDA0E,
    0xDA0E, 0xDA0E, 0xDA0E, 0xDA0F, 0xDA0F, 0xE22F, 0xE22F, 0xE20F, 0xDA0F, 0xDA0F, 0xDA0F, 0xDA0F,
    0xDA0F, 0xDA0F, 0xDA0F, 0xDA0F, 0xE22F, 0xE20F, 0xDA0F, 0xDA0F, 0xDA0F, 0xDA0F, 0xDA0F, 0xDA0E,
    0xDA0E, 0xD20E, 0xD20E, 0xD20E, 0xD20E, 0xD20E, 0xC9EE, 0xD20E, 0xD20E, 0xD20E, 0xD20E, 0xD20E,
    0xD20E, 0xD20E, 0xC9EE, 0xC9ED, 0xC9ED, 0xC9ED, 0xC9ED, 0xC9EE, 0xC9EE, 0xC9EE, 0xC9EE, 0xC9ED,
    0xC9ED, 0xC9EE, 0xD20E, 0xD20E, 0xD20E, 0xD20E, 0xD20E, 0xDA0E, 0xDA0F, 0xE22F, 0xE22F, 0xE22F,
    0xEA2F, 0xEA2F, 0xEA2F, 0xEA2F, 0xEA30, 0xEA30, 0xEA30, 0xEA30, 0xEA30, 0xF230, 0xF250, 0xF250,
    0xFA50, 0xFA51, 0xFA51, 0xFA51, 0xFA51, 0xFA51, 0xFA50, 0xF250, 0xF250, 0xF250, 0xF250, 0xF250,
    0xF250, 0xF250, 0xF230, 0xF230, 0xF230, 0xF230, 0xF230, 0xF250, 0xF250, 0xF250, 0xEA30, 0xEA2F,
    0xE22F, 0xE22F, 0xE22F, 0xE22F, 0xDA0F, 0xDA0F, 0xE20F, 0xE20F, 0xDA0F, 0xDA0F, 0xDA0E, 0xDA0E,
    0xDA0E, 0xDA0E, 0xDA0E, 0xDA0F, 0xDA0E, 0xDA0E, 0xDA0E, 0xEC95, 0xDA0F, 0xE22F, 0xE22F, 0xE22F,
    0xE22F, 0xE22F, 0xE22F, 0xE22F, 0xE22F, 0xE22F, 0xE22F, 0xE22F, 0xE22F, 0xE22F, 0xEA2F, 0xEA2F,
    0xEA2F, 0xEA2F, 0xE22F, 0xE22F, 0xEA2F, 0xEA2F, 0xEA30, 0xEA30, 0xEA30, 0xF250, 0xF250, 0xF250,
    0xF250, 0xFA50, 0xFA50, 0xFA50, 0xFA71, 0xFA71, 0xFA71, 0xFA71, 0xFA71, 0xFA71, 0xFA71, 0xFA71,
    0xFA51, 0xFA51, 0xFA51, 0xFA51, 0xFA51, 0xFA51, 0xFA50, 0xFA50, 0xFA50, 0xFA50, 0xFA50, 0xFA50,
    0xFA50, 0xFA50, 0xF250, 0xFA50, 0xFA51, 0xFA51, 0xFA71, 0xFA51, 0xFA50, 0xF250, 0xF250, 0xF250,
    0xEA30, 0xEA30, 0xEA30, 0xEA30, 0xEA30, 0xEA50, 0xF250, 0xF250, 0xF250, 0xF250, 0xF250, 0xF250,
    0xF4B6, 0xF250, 0xF250, 0xEA30, 0xEA30, 0xEA2F, 0xE22F, 0xE22F, 0xE22F, 0xE22F, 0xE22F, 0xE22F,
    0xE22F, 0xE22F, 0xE22F, 0xEA2F, 0xEA2F, 0xEA30, 0xEA2F, 0xEA2F, 0xE22F, 0xEA2F, 0xEA2F, 0xEA2F,
    0xE22F, 0xE22F, 0xE22F, 0xE22F, 0xE22F, 0xDA0F, 0xDA0E, 0xD20E, 0xDA0E, 0xDA0F, 0xE22F, 0xE22F,
    0xE22F, 0xE22F, 0xE22F, 0xE22F, 0xE22F, 0xE22F, 0xE22F, 0xE22F, 0xE22F, 0xDA2F, 0xDA2F, 0xDA2F,
    0xDA2F, 0xDA2F, 0xDA0F, 0xDA2F, 0xDA0F, 0xDA0F, 0xDA2F, 0xDA2F, 0xDA2F, 0xDA2F, 0xDA2F, 0xDA2F,
    0xDA2F, 0xE22F, 0xE22F, 0xE22F, 0xE22F, 0xE22F, 0xE22F, 0xE22F, 0xEA2F, 0xEA30, 0xEA30, 0xEA30,
    0xEA2F, 0xEA2F, 0xEA2F, 0xEA2F, 0xEA2F, 0xEA2F, 0xEA2F, 0xEA2F, 0xEA2F, 0xE22F, 0xE22F, 0xE22F,
    0xE22F, 0xE22F, 0xE22F, 0xE22F, 0xE22F, 0xE22F, 0xDA0F, 0xDA0F, 0xDA0F, 0xDA0F, 0xDA0F, 0xDA0F,
    0xDA0E, 0xDA0E, 0xDA0E, 0xE495, 0xDA0E, 0xD20E, 0xD20E, 0xD20E, 0xD20E, 0xD20E, 0xD20E, 0xD20E,
    0xD20E, 0xD20E, 0xD20E, 0xDA0E, 0xDA0E, 0xDA0E, 0xDA0F, 0xDA2F, 0xDA2F, 0xE22F, 0xE22F, 0xECB5,
    0xE22F, 0xEA2F, 0xEA30, 0xF250, 0xF250, 0xF250, 0xF250, 0xF250, 0xF250, 0xFA50, 0xFA50, 0xFA50,
    0xFA50, 0xFA51, 0xFA51, 0xFA51, 0xFA71, 0xFA71, 0xFCD7, 0xFA71, 0xFA72, 0xFA71, 0xFA71, 0xFA71,
    0xFA71, 0xFA71, 0xFA71, 0xFA71, 0xFA51, 0xFA51, 0xFA51, 0xFA51, 0xFA51, 0xFA51, 0xFA51, 0xFA51,
    0xFA51, 0xFA51, 0xF250, 0xF250, 0xEA30, 0xEA2F, 0xEA2F, 0xEA2F, 0xEA2F, 0xEA2F, 0xEA2F, 0xE22F,
    0xE22F, 0xE22F, 0xDA2F, 0xDA0F, 0xDA0F, 0xDA0E, 0xDA0E, 0xDA0E, 0xDA0F, 0xDA0F, 0xDA0F, 0xE22F,
    0xE22F, 0xE22F, 0xE22F, 0xE22F, 0xE22F, 0xE22F, 0xE22F, 0xE22F, 0xE22F, 0xE22F, 0xEA2F, 0xEA30,
    0xEA30, 0xEA30, 0xEA30, 0xEA30, 0xF250, 0xF250, 0xF250, 0xEA50, 0xF250, 0xF250, 0xF250, 0xF250,
    0xF250, 0xF250, 0xF250, 0xF250, 0xFA50, 0xFA50, 0xFA50, 0xFA50, 0xFA71, 0xFA71, 0xFA71, 0xFA71,
    0xFA71, 0xFA72, 0xFA71, 0xFA71, 0xFA71, 0xFA71, 0xFA71, 0xFA71, 0xFA71, 0xFA51, 0xFA51, 0xFA51,
    0xFA51, 0xFA71, 0xFA71, 0xFA71, 0xFA71, 0xFA71, 0xFA71, 0xFA71, 0xFA71, 0xFA72, 0xFA72, 0xFA71,
    0xFA51, 0xF250, 0xF250, 0xF250, 0xFA50, 0xFA50, 0xF250, 0xF250, 0xEA50, 0xF250, 0xF250, 0xF250,
    0xF250, 0xFA50, 0xFA51, 0xFA51, 0xFA51, 0xFA50, 0xF250, 0xEA50, 0xEA50, 0xEA30, 0xEA30, 0xEA30,
    0xEA30, 0xEA2F, 0xEA2F, 0xE22F, 0xE22F, 0xE22F, 0xE22F, 0xE22F, 0xEA30, 0xEA50, 0xEA50, 0xF250,
    0xF250, 0xF250, 0xF250, 0xF250, 0xF4B6, 0xEA50, 0xEA30, 0xEA2F, 0xE22F, 0xE22F, 0xDA0F, 0xDA0E,
    0xDA0E, 0xDA0E, 0xDA2F, 0xE22F, 0xE22F, 0xE22F, 0xE22F, 0xE22F, 0xE22F, 0xE22F, 0xE22F, 0xE22F,
    0xE22F, 0xE22F, 0xE22F, 0xE22F, 0xE22F, 0xE22F, 0xE22F, 0xE22F, 0xE22F, 0xE22F, 0xE22F, 0xEA2F,
    0xEA2F, 0xEA2F, 0xE22F, 0xE22F, 0xE22F, 0xE22F, 0xE22F, 0xEA2F, 0xEA30, 0xEA30, 0xEA50, 0xF250,
    0xF250, 0xF250, 0xF250, 0xF250, 0xEA50, 0xEA50, 0xF250, 0xF250, 0xF250, 0xF250, 0xF250, 0xEA30,
    0xEA2F, 0xE22F, 0xE22F, 0xE22F, 0xE22F, 0xE22F, 0xEA2F, 0xEA30, 0xEA30, 0xEA2F, 0xEA2F, 0xEA2F,
    0xEA2F, 0xEA2F, 0xEA2F, 0xE22F, 0xE22F, 0xE22F, 0xDA2F, 0xDA0F, 0xDA0E, 0xDA0E, 0xD20E, 0xD20E,
    0xD20E, 0xD20E, 0xD20E, 0xD20E, 0xD20E, 0xD20E, 0xDA0F, 0xDA2F, 0xE22F, 0xE22F, 0xE22F, 0xE22F,
    0xEA2F, 0xEA30, 0xEA50, 0xF250, 0xF250, 0xF250, 0xF250, 0xF250, 0xF250, 0xF250, 0xF250, 0xFA51,
    0xFA51, 0xFA71, 0xFA71, 0xFA71, 0xFA71, 0xFA71, 0xFA71, 0xFA71, 0xFA71, 0xFA71, 0xFA71, 0xFA72,
    0xFA72, 0xFA72, 0xFA72, 0xFA72, 0xFA71, 0xFA71, 0xFA71, 0xFA71, 0xFA71, 0xFA71, 0xFA71, 0xFA71,
    0xFA71, 0xFA71, 0xFA71, 0xFA71, 0xFCB6, 0xFA50, 0xF250, 0xF250, 0xF250, 0xF250, 0xF250, 0xF250,
    0xF250, 0xF250, 0xEA30, 0xEA2F, 0xE22F, 0xE22F, 0xDA2F, 0xDA2F, 0xDA0F, 0xDA0E, 0xDA0E, 0xDA0E,
    0xDA0E, 0xDA0F, 0xDA2F, 0xDA2F, 0xE22F, 0xE22F, 0xE22F, 0xDA2F, 0xDA2F, 0xDA0F, 0xDA0F, 0xDA2F,
    0xE22F, 0xE22F, 0xE22F, 0xEA30, 0xEA50, 0xEA50, 0xEA50, 0xEA50, 0xEA50, 0xF250, 0xF250, 0xF250,
    0xF250, 0xF250, 0xF250, 0xF250, 0xF250, 0xF250, 0xF250, 0xF250, 0xF250, 0xF250, 0xF250, 0xF250,
    0xFA51, 0xFA51, 0xFA71, 0xFA71, 0xFA71, 0xFA71, 0xFA71, 0xFA71, 0xFA51, 0xFA51, 0xFA51, 0xFA51,
    0xFA51, 0xFCB6, 0xFA51, 0xFA71, 0xFA71, 0xFA71, 0xFA71, 0xFA71, 0xFA71, 0xFA71, 0xFA71, 0xFA71,
    0xFA71, 0xFA71, 0xFA71, 0xFA71, 0xFA71, 0xFA51, 0xFA51, 0xFA51, 0xFA50, 0xF250, 0xF250, 0xEA50,
    0xEA30, 0xEA50, 0xEA50, 0xF250, 0xF250, 0xF250, 0xF250, 0xFA50, 0xFA50, 0xFA50, 0xF250, 0xF250,
    0xF250, 0xF250, 0xF250, 0xEA50, 0xEA30, 0xEA2F, 0xE22F, 0xE22F, 0xE22F, 0xE22F, 0xE22F, 0xE22F,
    0xE22F, 0xE22F, 0xEA30, 0xEA30, 0xF250, 0xF250, 0xF250, 0xF250, 0xEA50, 0xEA30, 0xEA30, 0xEA2F,
    0xE22F, 0xE22F, 0xDA2F, 0xDA0F, 0xDA0E, 0xDA0E, 0xDA0E, 0xDA0E, 0xDA0F, 0xE22F, 0xE22F, 0xE22F,
    0xE22F, 0xE22F, 0xE22F, 0xECB6, 0xE22F, 0xE22F, 0xE22F, 0xE22F, 0xE22F, 0xE22F, 0xDA2F, 0xDA2F,
    0xDA2F, 0xDA2F, 0xE22F, 0xE22F, 0xE22F, 0xE22F, 0xE22F, 0xE22F, 0xE22F, 0xE22F, 0xEA2F, 0xEA2F,
    0xEA30, 0xEA30, 0xEA50, 0xEA50, 0xF250, 0xF250, 0xF250, 0xF250, 0xF250, 0xF250, 0xF250, 0xF250,
    0xF250, 0xF250, 0xF250, 0xF250, 0xF250, 0xEA30, 0xEA2F, 0xE22F, 0xE22F, 0xEA2F, 0xEA30, 0xEA30,
    0xEA30, 0xEA30, 0xEA2F, 0xEA2F, 0xEA2F, 0xEA30, 0xEA30, 0xEA2F, 0xE22F, 0xE22F, 0xE22F, 0xE22F,
    0xDA2F, 0xDA2F, 0xDA0F, 0xDA0F, 0xDA0E, 0xDA0E, 0xDA0E, 0xDA0E, 0xDA0E, 0xDA0E, 0xE495, 0xDA0E,
    0xDA0E, 0xDA0F, 0xDA2F, 0xE22F, 0xE22F, 0xE22F, 0xEA2F, 0xEA30, 0xEA50, 0xF250, 0xF250, 0xF250,
    0xFA51, 0xFA51, 0xFA51, 0xFA71, 0xFA71, 0xFA71, 0xFA71, 0xFA71, 0xFA71, 0xFA71, 0xFA71, 0xFA71,
    0xFA71, 0xFA72, 0xFA72, 0xFA72, 0xFA72, 0xFA72, 0xFA92, 0xFA92, 0xFA72, 0xFA72, 0xFA72, 0xFA71,
    0xFA71, 0xFA72, 0xFA72, 0xFA71, 0xFA71, 0xFA71, 0xFA51, 0xFA51, 0xFA50, 0xF250, 0xF250, 0xF250,
    0xF250, 0xEA50, 0xEA30, 0xEA30, 0xEA2F, 0xE22F, 0xE22F, 0xE22F, 0xDA2F, 0xDA0F, 0xDA0F, 0xDA0E,
    0xDA0E, 0xDA0F, 0xDA0F, 0xDA0F, 0xDA2F, 0xDA2F, 0xDA2F, 0xDA2F, 0xDA0F, 0xDA0F, 0xDA0F, 0xDA0F,
    0xDA0F, 0xDA0F, 0xDA0E, 0xDA0F, 0xDA0F, 0xDA2F, 0xE22F, 0xEA2F, 0xEA30, 0xEA50, 0xF250, 0xF250,
    0xF4B6, 0xF250, 0xFA50, 0xFA50, 0xF250, 0xF250, 0xF250, 0xF250, 0xF250, 0xF250, 0xF250, 0xF250,
    0xF250, 0xF250, 0xEA50, 0xEA50, 0xFA50, 0xFA50, 0xFA50, 0xFA51, 0xFA51, 0xFA51, 0xFA51, 0xFA50,
    0xF250, 0xF250, 0xF250, 0xF250, 0xF250, 0xFA50, 0xFA51, 0xFA51, 0xFA51, 0xFA51, 0xFA50, 0xFA50,
    0xFA50, 0xFA50, 0xFA50, 0xFA50, 0xFA51, 0xFA51, 0xFA51, 0xFA51, 0xFA51, 0xFA51, 0xFA51, 0xFA50,
    0xF250, 0xF250, 0xF250, 0xEA30, 0xEA30, 0xEA30, 0xEA30, 0xEA30, 0xEA30, 0xEA30, 0xF250, 0xF250,
    0xF250, 0xF250, 0xF250, 0xEA30, 0xEA30, 0xEA30, 0xEA30, 0xEA30, 0xEA2F, 0xE22F, 0xE22F, 0xE22F,
    0xE22F, 0xE22F, 0xE22F, 0xE22F, 0xE22F, 0xDA2F, 0xE22F, 0xEA2F, 0xEA30, 0xEA30, 0xEA30, 0xEA30,
    0xE22F, 0xE22F, 0xE22F, 0xE22F, 0xE22F, 0xDA2F, 0xDA0F, 0xDA0E, 0xD20E, 0xD20E, 0xD20E, 0xD20E,
    0xD20E, 0xDA0E, 0xDA0F, 0xDA2F, 0xE22F, 0xE22F, 0xE22F, 0xE22F, 0xDA2F, 0xDA0F, 0xDA0E, 0xDA0E,
    0xDA0E, 0xDA0E, 0xDA0E, 0xDA0E, 0xDA0E, 0xDA0E, 0xDA0F, 0xDA0F, 0xDA2F, 0xE22F, 0xE22F, 0xE22F,
    0xE22F, 0xE22F, 0xE22F, 0xE22F, 0xEA2F, 0xEA2F, 0xEA2F, 0xEA2F, 0xEA2F, 0xEA2F, 0xEA30, 0xEA30,
    0xEA30, 0xF250, 0xEA50, 0xEA30, 0xEA30, 0xEA30, 0xEA30, 0xEA30, 0xEA30, 0xEA30, 0xEA2F, 0xE22F,
    0xE22F, 0xEA2F, 0xEA2F, 0xEA2F, 0xEA2F, 0xE22F, 0xE22F, 0xE22F, 0xE22F, 0xEA2F, 0xEA2F, 0xEA2F,
    0xE22F, 0xE22F, 0xE22F, 0xE22F, 0xE22F, 0xE22F, 0xDA2F, 0xDA2F, 0xDA0F, 0xDA0F, 0xDA0F, 0xDA0F,
    0xDA0F, 0xDA0E, 0xDA0E, 0xD20E, 0xD20E, 0xDA0E, 0xDA0E, 0xDA0F, 0xDA2F, 0xE22F, 0xE22F, 0xE22F,
    0xEA30, 0xEA50, 0xF250, 0xF250, 0xFA50, 0xFA51, 0xFA51, 0xFA51, 0xFA51, 0xFA51, 0xFA51, 0xFA51,
    0xFA51, 0xFA51, 0xFA71, 0xFA71, 0xFA72, 0xFA72, 0xFA71, 0xFA71, 0xFA72, 0xFA72, 0xFA72, 0xFA72,
    0xFA72, 0xFA72, 0xFA71, 0xFA71, 0xFA71, 0xFA71, 0xFA71, 0xFA71, 0xFA51, 0xF250, 0xF250, 0xF250,
    0xEA30, 0xEA30, 0xEA30, 0xEA2F, 0xEA2F, 0xE22F, 0xE22F, 0xE22F, 0xDA0F, 0xDA0F, 0xDA0E, 0xDA0E,
    0xDA0E, 0xD20E, 0xD20E, 0xD20E, 0xDA0E, 0xDA0F, 0xDA2F, 0xE22F, 0xE22F, 0xDA2F, 0xDA0F, 0xDA0F,
    0xDA0E, 0xDA0E, 0xDA0E, 0xDA0E, 0xDA0E, 0xDA0E, 0xDA0E, 0xDA0E, 0xDA0E, 0xEC95, 0xDA2F, 0xE22F,
    0xE22F, 0xEA2F, 0xEA30, 0xF250, 0xF250, 0xF250, 0xF250, 0xF250, 0xF250, 0xF250, 0xF250, 0xEA50,
    0xEA50, 0xEA50, 0xEA50, 0xEA30, 0xF4B6, 0xEA30, 0xEA2F, 0xEA2F, 0xF250, 0xF250, 0xF250, 0xF250,
    0xF250, 0xF250, 0xF250, 0xF250, 0xF250, 0xF250, 0xF250, 0xF250, 0xF250, 0xF250, 0xF250, 0xF250,
    0xF230, 0xEA30, 0xEA2F, 0xE22F, 0xE22F, 0xE22F, 0xEA2F, 0xEA2F, 0xEA30, 0xF250, 0xF250, 0xF250,
    0xEA30, 0xEA30, 0xEA30, 0xEA30, 0xEA30, 0xEA30, 0xEA30, 0xEA30, 0xEA30, 0xEA30, 0xEA30, 0xEA30,
    0xEA30, 0xEA30, 0xEA30, 0xEA30, 0xEA30, 0xEA2F, 0xE22F, 0xE22F, 0xE22F, 0xE22F, 0xE22F, 0xE22F,
    0xE22F, 0xDA0F, 0xDA0E, 0xDA0E, 0xDA0E, 0xDA0F, 0xDA0F, 0xDA0F, 0xDA0F, 0xDA0F, 0xDA0F, 0xE22F,
    0xE22F, 0xE22F, 0xE22F, 0xDA0F, 0xDA0E, 0xDA0E, 0xDA0F, 0xDA0F, 0xDA0E, 0xDA0E, 0xD20E, 0xD20E,
    0xD1EE, 0xC9EE, 0xC9ED, 0xC9EE, 0xD20E, 0xD20E, 0xD20E, 0xD20E, 0xD20E, 0xD20E, 0xD20E, 0xDA0E,
    0xDA0E, 0xDA0E, 0xDA0E, 0xD20E, 0xD20E, 0xD20E, 0xDA0E, 0xDA0E, 0xDA0E, 0xDA0E, 0xD20E, 0xD20E,
    0xD20E, 0xDA0E, 0xDA0F, 0xE22F, 0xE22F, 0xE22F, 0xE22F, 0xE22F, 0xE22F, 0xE22F, 0xE22F, 0xE22F,
    0xE22F, 0xE22F, 0xE22F, 0xE22F, 0xEA2F, 0xEA30, 0xEA30, 0xEA2F, 0xE22F, 0xE22F, 0xE22F, 0xE22F,
    0xE22F, 0xE22F, 0xE22F, 0xE22F, 0xE22F, 0xE22F, 0xE22F, 0xE22F, 0xE22F, 0xE22F, 0xDA0F, 0xEC95,
    0xE22F, 0xE22F, 0xE22F, 0xE22F, 0xE22F, 0xDA0F, 0xDA0F, 0xDA0F, 0xDA0F, 0xDA0F, 0xDA0F, 0xDA0F,
    0xDA0F, 0xDA0F, 0xDA0F, 0xDA0E, 0xDA0E, 0xDA0E, 0xDA0E, 0xDA0E, 0xDA0E, 0xDA0E, 0xDA0E, 0xDA0E,
    0xDA0F, 0xE22F, 0xE22F, 0xE22F, 0xEA2F, 0xEA30, 0xF250, 0xF250, 0xF250, 0xF230, 0xEA30, 0xF230,
    0xF250, 0xF250, 0xF250, 0xFA50, 0xFA51, 0xFA51, 0xFA51, 0xFA71, 0xFA71, 0xFA71, 0xFA71, 0xFA71,
    0xFA71, 0xFA71, 0xFA71, 0xFA71, 0xFA71, 0xFA71, 0xFA71, 0xFA71, 0xFA51, 0xFA51, 0xFA51, 0xFA50,
    0xF250, 0xEA30, 0xEA2F, 0xE22F, 0xE22F, 0xE22F, 0xE22F, 0xE22F, 0xE22F, 0xDA0F, 0xDA0F, 0xDA0E,
    0xDA0E, 0xD20E, 0xD20E, 0xD20E, 0xC9EE, 0xC9EE, 0xE495, 0xD20E, 0xD20E, 0xDA0E, 0xDA0F, 0xDA0F,
    0xDA0F, 0xDA0E, 0xD20E, 0xD20E, 0xD20E, 0xD20E, 0xD20E, 0xDA0E, 0xDA0E, 0xDA0E, 0xDA0E, 0xDA0E,
    0xDA0F, 0xDA0F, 0xDA0F, 0xDA0F, 0xE22F, 0xE22F, 0xE22F, 0xE22F, 0xEA2F, 0xEA2F, 0xEA2F, 0xE22F,
    0xE22F, 0xE22F, 0xE22F, 0xE22F, 0xE22F, 0xE22F, 0xDA0F, 0xDA0F, 0xE22F, 0xE22F, 0xE22F, 0xE22F,
    0xEA2F, 0xEA2F, 0xEA2F, 0xEA30, 0xEA30, 0xEA30, 0xEA30, 0xEA30, 0xEA2F, 0xEA2F, 0xEA2F, 0xE22F,
    0xE22F, 0xE22F, 0xE22F, 0xE22F, 0xE22F, 0xE22F, 0xDA0F, 0xDA0F, 0xDA0F, 0xE20F, 0xE22F, 0xE22F,
    0xE22F, 0xE22F, 0xE22F, 0xE22F, 0xE22F, 0xE22F, 0xE22F, 0xE22F, 0xE22F, 0xE22F, 0xEA2F, 0xEA2F,
    0xEA2F, 0xEA2F, 0xEA2F, 0xEA2F, 0xE22F, 0xEA2F, 0xEA2F, 0xEA2F, 0xE22F, 0xE22F, 0xE22F, 0xE20F,
    0xDA0F, 0xDA0F, 0xDA0F, 0xDA0F, 0xDA0E, 0xDA0E, 0xDA0E, 0xDA0E, 0xDA0E, 0xDA0E, 0xDA0E, 0xDA0E,
    0xDA0E, 0xDA0E, 0xDA0E, 0xDA0F, 0xDA0F, 0xE20F, 0xDA0F, 0xEC95, 0xE495, 0xD20E, 0xD20E, 0xD1EE,
    0xC9EE, 0xC9ED, 0xC9ED, 0xC9ED, 0xC9ED, 0xC9ED, 0xC9ED, 0xC9ED, 0xC9EE, 0xC9EE, 0xD1EE, 0xD1EE,
    0xC9EE, 0xC9EE, 0xC9EE, 0xC9EE, 0xD1EE, 0xD1EE, 0xD1EE, 0xD1EE, 0xD1EE, 0xD20E, 0xD20E, 0xD20E,
    0xDA0E, 0xDA0E, 0xD20E, 0xD20E, 0xD20E, 0xD20E, 0xD20E, 0xDA0E, 0xDA0E, 0xDA0E, 0xDA0E, 0xDA0E,
    0xDA0E, 0xDA0E, 0xDA0F, 0xDA0E, 0xDA0E, 0xDA0E, 0xDA0E, 0xDA0F, 0xE22F, 0xE22F, 0xE22F, 0xE20F,
    0xDA0F, 0xDA0F, 0xDA0F, 0xE20F, 0xE22F, 0xE20F, 0xDA0F, 0xDA0F, 0xDA0F, 0xE20F, 0xE22F, 0xE22F,
    0xE20F, 0xDA0F, 0xDA0F, 0xDA0F, 0xDA0F, 0xDA0F, 0xE20F, 0xE20F, 0xDA0F, 0xDA0F, 0xDA0F, 0xDA0E,
    0xDA0E, 0xDA0E, 0xDA0E, 0xDA0E, 0xDA0E, 0xDA0E, 0xDA0E, 0xD20E, 0xD20E, 0xD20E, 0xD20E, 0xD20E,
    0xD20E, 0xD20E, 0xD20E, 0xD20E, 0xDA0E, 0xDA0E, 0xDA0F, 0xE20F, 0xE22F, 0xE22F, 0xEC95, 0xE22F,
    0xE22F, 0xEA2F, 0xEA2F, 0xEA2F, 0xEA2F, 0xEA30, 0xEA30, 0xF230, 0xF250, 0xF250, 0xFA50, 0xFA51,
    0xFA51, 0xFA51, 0xFA51, 0xFA51, 0xFA51, 0xFA51, 0xFA51, 0xFA51, 0xFA51, 0xFA51, 0xFA51, 0xFA50,
    0xFA50, 0xF250, 0xF230, 0xEA30, 0xEA2F, 0xE22F, 0xDA0F, 0xDA0F, 0xDA0F, 0xDA0F, 0xDA0F, 0xDA0F,
    0xDA0E, 0xDA0E, 0xDA0E, 0xD20E, 0xD20E, 0xD1EE, 0xC9EE, 0xC9ED, 0xC9ED, 0xC9ED, 0xC9EE, 0xD20E,
    0xD20E, 0xD20E, 0xD20E, 0xDA0E, 0xDA0E, 0xDA0E, 0xDA0E, 0xDA0E, 0xD20E, 0xD20E, 0xD20E, 0xD20E,
    0xD20E, 0xD1EE, 0xD1EE, 0xD20E, 0xD20E, 0xDA0E, 0xDA0E, 0xDA0E, 0xDA0E, 0xDA0F, 0xDA0F, 0xDA0F,
    0xDA0F, 0xDA0F, 0xDA0F, 0xDA0F, 0xDA0F, 0xDA0F, 0xE20F, 0xDA0F, 0xDA0F, 0xDA0E, 0xDA0E, 0xDA0E,
    0xDA0E, 0xDA0E, 0xDA0E, 0xDA0E, 0xE22F, 0xE22F, 0xE22F, 0xE22F, 0xE22F, 0xE22F, 0xE22F, 0xE20F,
    0xE20F, 0xDA0F, 0xDA0F, 0xDA0F, 0xDA0E, 0xDA0E, 0xDA0E, 0xDA0E, 0xDA0E, 0xDA0E, 0xDA0E, 0xDA0E,
    0xDA0E, 0xDA0F, 0xDA0F, 0xDA0F, 0xDA0F, 0xDA0E, 0xDA0F, 0xDA0F, 0xDA0F, 0xDA0F, 0xDA0F, 0xDA0F,
    0xDA0F, 0xE20F, 0xE20F, 0xE22F, 0xE22F, 0xE22F, 0xE22F, 0xE22F, 0xE22F, 0xE22F, 0xE22F, 0xE22F,
    0xE22F, 0xE20F, 0xE20F, 0xDA0F, 0xDA0F, 0xDA0E, 0xD20E, 0xD20E, 0xDA0E, 0xDA0E, 0xDA0E, 0xDA0E,
    0xD20E, 0xD20E, 0xD20E, 0xD20E, 0xD20E, 0xD20E, 0xDA0E, 0xDA0E, 0xDA0F, 0xDA0F, 0xDA0F, 0xDA0E,
    0xD20E, 0xD1EE, 0xC9ED, 0xC1ED, 0xC1ED, 0xC1ED, 0xC1ED, 0xC1ED, 0xC1ED, 0xC1ED, 0xC9ED, 0xC9ED,
    0xC9ED, 0xC9ED, 0xC9ED, 0xC9ED, 0xC9ED, 0xC9ED, 0xC9ED, 0xC9ED, 0xC9ED, 0xC9ED, 0xC9ED, 0xC9ED,
    0xC9ED, 0xC9EE, 0xD1EE, 0xD20E, 0xD20E, 0xD20E, 0xD20E, 0xD20E, 0xD20E, 0xD20E, 0xD1EE, 0xD1EE,
    0xC9EE, 0xC9EE, 0xC9ED, 0xC9EE, 0xD1EE, 0xD20E, 0xD20E, 0xD20E, 0xD20E, 0xD20E, 0xD20E, 0xDA0E,
    0xDA0E, 0xDA0F, 0xDA0F, 0xDA0E, 0xDA0E, 0xDA0E, 0xDA0F, 0xE20F, 0xE22F, 0xE22F, 0xE20F, 0xDA0F,
    0xDA0F, 0xE20F, 0xE20F, 0xE22F, 0xE20F, 0xDA0F, 0xDA0E, 0xDA0E, 0xDA0E, 0xDA0E, 0xDA0F, 0xDA0F,
    0xDA0F, 0xDA0F, 0xDA0F, 0xDA0E, 0xDA0E, 0xD20E, 0xD20E, 0xD20E, 0xDA0E, 0xD20E, 0xD20E, 0xD20E,
    0xD20E, 0xD1EE, 0xD1EE, 0xC9EE, 0xC9EE, 0xC9EE, 0xD1EE, 0xD1EE, 0xD20E, 0xDA0E, 0xDA0E, 0xDA0E,
    0xDA0E, 0xDA0E, 0xDA0E, 0xDA0F, 0xE20F, 0xE22F, 0xE22F, 0xE22F, 0xE22F, 0xEA2F, 0xEA2F, 0xEA30,
    0xEA30, 0xF230, 0xF230, 0xF250, 0xFA50, 0xFA50, 0xFA50, 0xFA50, 0xFA50, 0xFA50, 0xFA51, 0xFA51,
    0xFA50, 0xFA50, 0xF250, 0xF230, 0xF230, 0xEA30, 0xEA2F, 0xE22F, 0xDA0F, 0xDA0E, 0xDA0E, 0xD20E,
    0xD20E, 0xD20E, 0xD20E, 0xE495, 0xD20E, 0xD20E, 0xD20E, 0xD1EE, 0xD1EE, 0xC9EE, 0xC9ED, 0xC9ED,
    0xC1ED, 0xC9ED, 0xC9EE, 0xD20E, 0xD20E, 0xD20E, 0xD1EE, 0xD20E, 0xD20E, 0xDA0E, 0xDA0E, 0xDA0E,
    0xD20E, 0xD20E, 0xD20E, 0xD1EE, 0xC9EE, 0xC9ED, 0xC9ED, 0xC9ED, 0xD1EE, 0xD1EE, 0xD20E, 0xD20E,
    0xDA0E, 0xDA0E, 0xDA0E, 0xDA0E, 0xDA0E, 0xDA0E, 0xDA0E, 0xDA0E, 0xDA0E, 0xDA0E, 0xDA0E, 0xDA0E,
    0xDA0E, 0xD20E, 0xD20E, 0xD1EE, 0xD1EE, 0xC9EE, 0xC9EE, 0xC9EE, 0xE20F, 0xE20F, 0xE20F, 0xE20F,
    0xEC95, 0xE20F, 0xDA0F, 0xDA0F, 0xDA0E, 0xDA0E, 0xDA0E, 0xDA0E, 0xDA0E, 0xDA0E, 0xDA0E, 0xDA0E,
    0xDA0F, 0xDA0F, 0xDA0F, 0xDA0F, 0xDA0F, 0xDA0F, 0xDA0E, 0xDA0E, 0xDA0E, 0xDA0E, 0xDA0F, 0xDA0E,
    0xDA0E, 0xDA0E, 0xDA0E, 0xDA0E, 0xDA0E, 0xDA0E, 0xDA0F, 0xDA0F, 0xDA0F, 0xDA0F, 0xDA0F, 0xDA0F,
    0xDA0F, 0xEC95, 0xDA0F, 0xDA0E, 0xDA0E, 0xDA0E, 0xDA0E, 0xDA0E, 0xDA0E, 0xD20E, 0xD20E, 0xD1EE,
    0xD20E, 0xD20E, 0xD20E, 0xD1EE, 0xE495, 0xD1EE, 0xD1EE, 0xD20E, 0xD20E, 0xD20E, 0xDA0E, 0xDA0E,
    0xDA0E, 0xDA0E, 0xDA0E, 0xD20E, 0xD20E, 0xC9EE, 0xC9ED, 0xC1ED, 0xC1ED, 0xC9ED, 0xC9ED, 0xC9ED,
    0xC9ED, 0xC9ED, 0xC9ED, 0xC9ED, 0xC9ED, 0xC9ED, 0xC9ED, 0xC9ED, 0xC9ED, 0xC1ED, 0xC1ED, 0xC1ED,
    0xC1ED, 0xC1ED, 0xC9ED, 0xC9ED, 0xC9ED, 0xC9ED, 0xC9ED, 0xC9ED, 0xC9ED, 0xC9ED, 0xC9EE, 0xD1EE,
    0xD1EE, 0xD1EE, 0xD1EE, 0xD1EE, 0xD1EE, 0xD1EE, 0xD1EE, 0xD1EE, 0xD20E, 0xD20E, 0xDA0E, 0xDA0E,
    0xDA0E, 0xDA0E, 0xDA0E, 0xDA0E, 0xDA0E, 0xDA0E, 0xDA0E, 0xDA0E, 0xDA0E, 0xDA0E, 0xDA0F, 0xE20F,
    0xE22F, 0xE22F, 0xE22F, 0xE22F, 0xE20F, 0xDA0F, 0xDA0E, 0xDA0E, 0xDA0E, 0xD20E, 0xD20E, 0xD20E,
    0xD20E, 0xD20E, 0xDA0E, 0xD20E, 0xD20E, 0xD1EE, 0xD1EE, 0xD1EE, 0xD1EE, 0xD1EE, 0xD1EE, 0xD1EE,
    0xD1EE, 0xC9EE, 0xC9EE, 0xC9ED, 0xC9ED, 0xC9ED, 0xC9ED, 0xC9ED, 0xC9ED, 0xC9ED, 0xC9ED, 0xC9EE,
    0xD1EE, 0xD20E, 0xDA0E, 0xDA0E, 0xDA0E, 0xDA0E, 0xDA0F, 0xDA0F, 0xE20F, 0xE22F, 0xE22F, 0xE22F,
    0xE22F, 0xE22F, 0xE22F, 0xEA2F, 0xEA30, 0xF230, 0xF230, 0xF250, 0xFA50, 0xFA50, 0xF250, 0xF250,
    0xF250, 0xF250, 0xF230, 0xF230, 0xF230, 0xF230, 0xF230, 0xF230, 0xEA30, 0xEA2F, 0xE22F, 0xE20F,
    0xDA0F, 0xDA0E, 0xD20E, 0xD20E, 0xE495, 0xD1EE, 0xD1EE, 0xC9EE, 0xC9EE, 0xC9EE, 0xC9EE, 0xC9EE,
    0xC9EE, 0xC9ED, 0xC9ED, 0xC9ED, 0xC9ED, 0xC9ED, 0xC9EE, 0xD1EE, 0xD1EE, 0xD20E, 0xD20E, 0xD20E,
    0xD20E, 0xD20E, 0xD1EE, 0xD20E, 0xD20E, 0xD20E, 0xD20E, 0xD20E, 0xC9EE, 0xC9ED, 0xC9ED, 0xC9EE,
    0xD1EE, 0xD1EE, 0xD1EE, 0xD20E, 0xD20E, 0xD20E, 0xDA0E, 0xDA0F, 0xDA0F, 0xDA0F, 0xDA0F, 0xDA0F,
    0xDA0F, 0xDA0F, 0xDA0F, 0xDA0F, 0xDA0E, 0xD20E, 0xD1EE, 0xD1EE, 0xD1EE, 0xD1EE, 0xD1EE, 0xD1EE,
    0xE22F, 0xE22F, 0xE22F, 0xE22F, 0xE22F, 0xE20F, 0xE20F, 0xE20F, 0xE20F, 0xDA0F, 0xDA0F, 0xDA0F,
    0xDA0F, 0xDA0F, 0xE20F, 0xE20F, 0xE20F, 0xE20F, 0xE22F, 0xE22F, 0xE20F, 0xE20F, 0xE20F, 0xE20F,
    0xE20F, 0xE20F, 0xE20F, 0xE20F, 0xDA0F, 0xDA0F, 0xDA0E, 0xDA0E, 0xDA0E, 0xDA0E, 0xDA0E, 0xDA0E,
    0xDA0E, 0xDA0E, 0xDA0E, 0xDA0E, 0xDA0E, 0xDA0E, 0xDA0E, 0xDA0E, 0xDA0E, 0xDA0E, 0xDA0E, 0xDA0E,
    0xDA0E, 0xD20E, 0xD20E, 0xD20E, 0xD20E, 0xD20E, 0xD20E, 0xD20E, 0xD20E, 0xD20E, 0xD20E, 0xD20E,
    0xDA0E, 0xDA0E, 0xDA0E, 0xD20E, 0xD20E, 0xD20E, 0xD20E, 0xD20E, 0xD20E, 0xD1EE, 0xC9ED, 0xC9ED,
    0xC9ED, 0xC9ED, 0xC9EE, 0xD1EE, 0xC9EE, 0xC9ED, 0xC9ED, 0xC9ED, 0xC9EE, 0xC9EE, 0xC9EE, 0xC9ED,
    0xC9ED, 0xC9ED, 0xC9ED, 0xC9ED, 0xC9ED, 0xC9ED, 0xC9ED, 0xC9ED, 0xC9ED, 0xC9ED, 0xC9ED, 0xC9ED,
    0xC9ED, 0xC9ED, 0xC9EE, 0xD1EE, 0xD20E, 0xD20E, 0xD20E, 0xD20E, 0xD20E, 0xD20E, 0xD20E, 0xD20E,
    0xD20E, 0xDA0E, 0xDA0E, 0xDA0E, 0xDA0E, 0xDA0F, 0xDA0F, 0xDA0F, 0xDA0F, 0xDA0F, 0xDA0F, 0xDA0F,
    0xDA0F, 0xDA0F, 0xE20F, 0xE22F, 0xE22F, 0xE22F, 0xE22F, 0xE22F, 0xE22F, 0xE20F, 0xDA0F, 0xDA0E,
    0xDA0E, 0xD20E, 0xD20E, 0xD20E, 0xD20E, 0xD20E, 0xD20E, 0xD20E, 0xD1EE, 0xC9EE, 0xC9EE, 0xC9EE,
    0xC9EE, 0xC9EE, 0xC9EE, 0xD1EE, 0xD1EE, 0xC9EE, 0xC9EE, 0xC9ED, 0xC9ED, 0xC9ED, 0xC9ED, 0xC9ED,
    0xC9ED, 0xC9ED, 0xC9EE, 0xD1EE, 0xD20E, 0xD20E, 0xDA0E, 0xDA0E, 0xDA0E, 0xDA0E, 0xDA0E, 0xDA0F,
    0xE20F, 0xE22F, 0xE22F, 0xE22F, 0xEA2F, 0xF4B6, 0xEA2F, 0xEA30, 0xEA30, 0xF230, 0xF230, 0xF230,
    0xF250, 0xF250, 0xF250, 0xF250, 0xF250, 0xF250, 0xF230, 0xF230, 0xF230, 0xF230, 0xF230, 0xEA30,
    0xEA30, 0xEA2F, 0xEA2F, 0xE22F, 0xE20F, 0xDA0F, 0xDA0E, 0xDA0E, 0xDA0E, 0xD20E, 0xD20E, 0xD20E,
    0xD1EE, 0xD1EE, 0xC9EE, 0xC9ED, 0xC9ED, 0xC9ED, 0xC9ED, 0xC9ED, 0xC9ED, 0xC9ED, 0xC9ED, 0xD1EE,
    0xD1EE, 0xD20E, 0xD20E, 0xDA0E, 0xDA0E, 0xDA0E, 0xD20E, 0xDA0E, 0xDA0E, 0xDA0E, 0xDA0E, 0xD20E,
    0xD20E, 0xD1EE, 0xD1EE, 0xD1EE, 0xD1EE, 0xD20E, 0xD20E, 0xD20E, 0xD20E, 0xDA0E, 0xDA0F, 0xDA0F,
    0xE20F, 0xE20F, 0xDA0F, 0xDA0F, 0xDA0F, 0xDA0F, 0xDA0F, 0xDA0F, 0xDA0F, 0xDA0F, 0xDA0E, 0xE495,
    0xDA0E, 0xDA0E, 0xDA0E, 0xDA0E, 0xEA30, 0xEA30, 0xEA30, 0xEA2F, 0xE22F, 0xE22F, 0xE22F, 0xEA2F,
    0xEA2F, 0xEA2F, 0xEA2F, 0xE22F, 0xE22F, 0xEA2F, 0xEA2F, 0xEA2F, 0xEA2F, 0xEA2F, 0xEA2F, 0xEA2F,
    0xEA2F, 0xEA2F, 0xE22F, 0xE22F, 0xEA2F, 0xEA2F, 0xEA2F, 0xE22F, 0xE22F, 0xE22F, 0xDA0F, 0xDA0F,
    0xDA0E, 0xD20E, 0xD20E, 0xD20E, 0xDA0E, 0xDA0E, 0xD20E, 0xD20E, 0xD20E, 0xDA0E, 0xDA0E, 0xDA0F,
    0xDA0F, 0xDA0F, 0xDA0E, 0xDA0E, 0xDA0E, 0xDA0E, 0xDA0E, 0xDA0E, 0xDA0E, 0xDA0E, 0xDA0E, 0xDA0F,
    0xDA0F, 0xDA0F, 0xDA0F, 0xDA0F, 0xDA0F, 0xDA0E, 0xDA0E, 0xD20E, 0xD1EE, 0xD1EE, 0xD20E, 0xD20E,
    0xD20E, 0xD20E, 0xC9EE, 0xC9ED, 0xC9ED, 0xC9EE, 0xD1EE, 0xD20E, 0xD20E, 0xD1EE, 0xD1EE, 0xD1EE,
    0xD20E, 0xD20E, 0xD20E, 0xD20E, 0xD1EE, 0xC9EE, 0xC9EE, 0xC9EE, 0xD1EE, 0xD1EE, 0xC9EE, 0xC9EE,
    0xC9ED, 0xC9ED, 0xC9ED, 0xC9ED, 0xC9ED, 0xC9EE, 0xD1EE, 0xD20E, 0xD20E, 0xDA0E, 0xDA0E, 0xDA0F,
    0xDA0E, 0xDA0E, 0xDA0E, 0xDA0E, 0xDA0E, 0xDA0E, 0xDA0E, 0xDA0F, 0xDA0F, 0xDA0F, 0xE20F, 0xE22F,
    0xE22F, 0xE22F, 0xE22F, 0xE22F, 0xE22F, 0xE22F, 0xEA2F, 0xEA2F, 0xEA30, 0xEA2F, 0xEA2F, 0xE22F,
    0xE22F, 0xE22F, 0xE22F, 0xE20F, 0xDA0F, 0xDA0E, 0xDA0E, 0xD20E, 0xD20E, 0xD20E, 0xD20E, 0xD20E,
    0xD20E, 0xD1EE, 0xD1EE, 0xD1EE, 0xD1EE, 0xD1EE, 0xD1EE, 0xD20E, 0xD20E, 0xD20E, 0xD1EE, 0xC9EE,
    0xC9EE, 0xC9EE, 0xC9EE, 0xC9EE, 0xC9EE, 0xD20E, 0xD20E, 0xDA0E, 0xDA0E, 0xDA0E, 0xDA0E, 0xDA0F,
    0xDA0F, 0xDA0F, 0xDA0F, 0xDA0F, 0xE22F, 0xE22F, 0xEA2F, 0xEA2F, 0xEA30, 0xF230, 0xF230, 0xF230,
    0xF230, 0xF230, 0xF230, 0xF250, 0xF250, 0xF250, 0xF250, 0xF250, 0xF250, 0xFA50, 0xFA50, 0xF250,
    0xF250, 0xF230, 0xEA30, 0xEA2F, 0xEA2F, 0xEA2F, 0xEA2F, 0xEA2F, 0xE22F, 0xE22F, 0xE22F, 0xE20F,
    0xDA0F, 0xDA0E, 0xDA0E, 0xDA0E, 0xDA0E, 0xD20E, 0xD1EE, 0xC9ED, 0xC9ED, 0xC1ED, 0xC9ED, 0xC9ED,
    0xC9ED, 0xC9ED, 0xC9EE, 0xC9EE, 0xD20E, 0xD20E, 0xDA0E, 0xDA0F, 0xDA0F, 0xDA0F, 0xDA0F, 0xDA0F,
    0xDA0F, 0xDA0F, 0xDA0F, 0xDA0E, 0xDA0E, 0xDA0E, 0xDA0E, 0xDA0E, 0xD20E, 0xDA0E, 0xDA0E, 0xDA0F,
    0xDA0F, 0xE20F, 0xE20F, 0xE22F, 0xE22F, 0xE22F, 0xE22F, 0xE20F, 0xE20F, 0xDA0F, 0xDA0F, 0xDA0F,
    0xE22F, 0xE22F, 0xEA2F, 0xEA2F, 0xEA2F, 0xE22F, 0xE22F, 0xE22F, 0xEA30, 0xEA30, 0xEA30, 0xEA30,
    0xEA30, 0xEA30, 0xEA30, 0xEA30, 0xEA30, 0xEA30, 0xEA30, 0xEA30, 0xEA30, 0xF230, 0xF250, 0xF250,
    0xF250, 0xF230, 0xEA30, 0xEA2F, 0xEA2F, 0xEA2F, 0xEA2F, 0xEA2F, 0xEA2F, 0xEA2F, 0xE22F, 0xE22F,
    0xE22F, 0xDA0F, 0xDA0E, 0xDA0E, 0xD20E, 0xD20E, 0xD20E, 0xDA0E, 0xDA0E, 0xDA0F, 0xDA0E, 0xDA0E,
    0xDA0E, 0xDA0E, 0xDA0E, 0xDA0E, 0xDA0E, 0xDA0E, 0xDA0E, 0xDA0E, 0xDA0E, 0xDA0E, 0xDA0F, 0xDA0E,
    0xDA0E, 0xDA0E, 0xDA0E, 0xDA0F, 0xEC95, 0xE22F, 0xE20F, 0xDA0F, 0xDA0E, 0xD20E, 0xD20E, 0xD20E,
    0xD20E, 0xD20E, 0xD20E, 0xD20E, 0xD20E, 0xD20E, 0xD20E, 0xD1EE, 0xD1EE, 0xD20E, 0xD20E, 0xD20E,
    0xD20E, 0xD20E, 0xDA0E, 0xDA0E, 0xDA0E, 0xDA0E, 0xDA0E, 0xDA0E, 0xDA0E, 0xDA0E, 0xDA0E, 0xDA0E,
    0xDA0E, 0xD20E, 0xD20E, 0xD20E, 0xD1EE, 0xC9EE, 0xC9EE, 0xC9EE, 0xC9EE, 0xC9EE, 0xD20E, 0xD20E,
    0xDA0E, 0xDA0F, 0xDA0F, 0xE20F, 0xE22F, 0xE22F, 0xE22F, 0xE22F, 0xE22F, 0xDA0F, 0xDA0F, 0xE20F,
    0xE22F, 0xE22F, 0xE22F, 0xE22F, 0xE22F, 0xE22F, 0xE22F, 0xEA2F, 0xEA2F, 0xEA2F, 0xEA30, 0xF4B6,
    0xF230, 0xEA30, 0xEA30, 0xEA2F, 0xE22F, 0xE22F, 0xE22F, 0xE22F, 0xE22F, 0xE20F, 0xDA0F, 0xDA0F,
    0xDA0E, 0xDA0E, 0xDA0E, 0xD20E, 0xD20E, 0xD20E, 0xD1EE, 0xD20E, 0xD20E, 0xD20E, 0xD20E, 0xD20E,
    0xD20E, 0xD20E, 0xD1EE, 0xC9EE, 0xC9ED, 0xC9EE, 0xC9EE, 0xD1EE, 0xD20E, 0xD20E, 0xD20E, 0xD20E,
    0xDA0E, 0xDA0E, 0xDA0E, 0xDA0F, 0xDA0F, 0xDA0F, 0xE20F, 0xE22F, 0xEA2F, 0xEA30, 0xEA30, 0xEA30,
    0xF230, 0xF230, 0xF250, 0xF250, 0xF250, 0xF250, 0xFA50, 0xFA51, 0xFA51, 0xFA51, 0xFA51, 0xFA51,
    0xFA51, 0xFA51, 0xFA51, 0xFA50, 0xF250, 0xEA30, 0xEA2F, 0xE22F, 0xE22F, 0xE22F, 0xE22F, 0xE22F,
    0xE22F, 0xE20F, 0xDA0F, 0xDA0F, 0xDA0E, 0xDA0E, 0xD20E, 0xD20E, 0xD20E, 0xD20E, 0xD20E, 0xD20E,
    0xD20E, 0xC9EE, 0xC9ED, 0xC9ED, 0xC9ED, 0xC9EE, 0xD20E, 0xD20E, 0xDA0E, 0xDA0E, 0xDA0E, 0xDA0F,
    0xE20F, 0xE20F, 0xE22F, 0xE22F, 0xE22F, 0xE22F, 0xE22F, 0xE22F, 0xE22F, 0xE22F, 0xE22F, 0xE20F,
    0xE20F, 0xE20F, 0xE22F, 0xE22F, 0xEA2F, 0xEA2F, 0xE22F, 0xE22F, 0xE22F, 0xECB6, 0xE22F, 0xE22F,
    0xE22F, 0xEA2F, 0xEA2F, 0xEA30, 0xEA30, 0xEA30, 0xF230, 0xF230, 0xF230, 0xF230, 0xF230, 0xF230,
    0xEA30, 0xEA30, 0xF230, 0xF230, 0xF230, 0xF230, 0xEA30, 0xEA30, 0xEA30, 0xEA30, 0xEA30, 0xF230,
    0xF4B6, 0xF250, 0xF250, 0xF250, 0xF250, 0xF250, 0xF250, 0xF230, 0xF230, 0xF230, 0xEA30, 0xEA30,
    0xEA30, 0xEA30, 0xEA2F, 0xE22F, 0xE22F, 0xDA0F, 0xDA0F, 0xDA0F, 0xDA0E, 0xDA0E, 0xDA0E, 0xDA0E,
    0xDA0F, 0xDA0F, 0xDA0F, 0xDA0F, 0xDA0F, 0xDA0F, 0xDA0F, 0xDA0F, 0xDA0F, 0xDA0F, 0xDA0F, 0xDA0F,
    0xDA0F, 0xDA0F, 0xDA0F, 0xDA0F, 0xEC95, 0xDA0E, 0xDA0E, 0xDA0F, 0xDA0F, 0xDA0F, 0xDA0F, 0xDA0E,
    0xDA0E, 0xD20E, 0xD20E, 0xD20E, 0xD20E, 0xD20E, 0xD20E, 0xDA0E, 0xDA0E, 0xDA0E, 0xE495, 0xD20E,
    0xD20E, 0xD20E, 0xDA0E, 0xDA0E, 0xDA0E, 0xDA0E, 0xDA0E, 0xDA0F, 0xDA0F, 0xDA0F, 0xDA0F, 0xDA0F,
    0xDA0F, 0xDA0F, 0xDA0F, 0xDA0F, 0xDA0E, 0xDA0E, 0xDA0E, 0xD20E, 0xD20E, 0xD20E, 0xD20E, 0xD20E,
    0xD20E, 0xD20E, 0xD20E, 0xDA0E, 0xDA0E, 0xDA0F, 0xDA0F, 0xDA0F, 0xE22F, 0xE22F, 0xE22F, 0xE22F,
    0xE22F, 0xE22F, 0xE22F, 0xE22F, 0xE22F, 0xE22F, 0xE22F, 0xE22F, 0xE22F, 0xE22F, 0xE22F, 0xEA2F,
    0xEA2F, 0xEA2F, 0xEA30, 0xEA30, 0xF230, 0xEA30, 0xEA30, 0xEA2F, 0xE22F, 0xE22F, 0xE22F, 0xE22F,
    0xE22F, 0xE22F, 0xE22F, 0xEC95, 0xDA0F, 0xDA0E, 0xD20E, 0xD20E, 0xD20E, 0xD20E, 0xD20E, 0xD20E,
    0xD20E, 0xD20E, 0xD20E, 0xD20E, 0xD20E, 0xD20E, 0xD1EE, 0xC9EE, 0xC9ED, 0xC9EE, 0xC9EE, 0xC9EE,
    0xC9EE, 0xD20E, 0xD20E, 0xD20E, 0xD20E, 0xD20E, 0xDA0E, 0xDA0E, 0xDA0F, 0xDA0F, 0xE22F, 0xE22F,
    0xEA2F, 0xEA2F, 0xEA30, 0xEA30, 0xEA30, 0xEA30, 0xF230, 0xF250, 0xF250, 0xFA50, 0xFA51, 0xFA51,
    0xFA51, 0xFA51, 0xFA51, 0xFA51, 0xFA51, 0xFA51, 0xFA51, 0xFA50, 0xF250, 0xF230, 0xEA30, 0xEA2F,
    0xEA2F, 0xE22F, 0xE22F, 0xE22F, 0xE22F, 0xE22F, 0xE22F, 0xDA0F, 0xDA0F, 0xDA0E, 0xDA0E, 0xDA0E,
    0xD20E, 0xD20E, 0xD20E, 0xD20E, 0xD1EE, 0xC9EE, 0xC9EE, 0xC9EE, 0xD20E, 0xD20E, 0xD20E, 0xDA0E,
    0xDA0E, 0xDA0F, 0xDA0F, 0xE22F, 0xE22F, 0xE22F, 0xE22F, 0xE22F, 0xE22F, 0xE22F, 0xE22F, 0xE22F,
    0xE22F, 0xE22F, 0xE22F, 0xE22F, 0xE22F, 0xE22F, 0xE22F, 0xEA2F, 0xEA2F, 0xEA2F, 0xEA2F, 0xEA2F,
    0xEA2F, 0xEA2F, 0xEA30, 0xEA30, 0xEA30, 0xEA30, 0xF230, 0xF250, 0xF250, 0xF250, 0xF250, 0xF250,
    0xF250, 0xF250, 0xF250, 0xF250, 0xEA30, 0xEA30, 0xEA30, 0xEA30, 0xEA30, 0xEA30, 0xEA2F, 0xEA2F,
    0xE22F, 0xEA2F, 0xEA2F, 0xEA30, 0xEA30, 0xEA30, 0xEA30, 0xEA30, 0xEA30, 0xF230, 0xF250, 0xF250,
    0xF250, 0xF250, 0xF230, 0xF230, 0xEA30, 0xEA30, 0xEA2F, 0xE22F, 0xE22F, 0xE22F, 0xE20F, 0xE20F,
    0xE20F, 0xE20F, 0xDA0F, 0xDA0F, 0xDA0F, 0xDA0F, 0xDA0F, 0xDA0F, 0xDA0F, 0xE20F, 0xE22F, 0xE22F,
    0xE22F, 0xE20F, 0xDA0F, 0xDA0F, 0xDA0F, 0xDA0F, 0xE20F, 0xDA0F, 0xDA0F, 0xDA0E, 0xDA0E, 0xDA0E,
    0xDA0E, 0xDA0E, 0xDA0E, 0xDA0E, 0xDA0E, 0xDA0E, 0xD20E, 0xD20E, 0xD1EE, 0xD20E, 0xD20E, 0xDA0E,
    0xDA0F, 0xDA0E, 0xDA0E, 0xD20E, 0xD20E, 0xDA0E, 0xDA0F, 0xDA0F, 0xDA0F, 0xDA0F, 0xDA0E, 0xDA0E,
    0xDA0F, 0xDA0F, 0xE22F, 0xDA0F, 0xDA0F, 0xDA0E, 0xDA0E, 0xDA0E, 0xDA0E, 0xDA0E, 0xDA0E, 0xD20E,
    0xD20E, 0xD20E, 0xDA0E, 0xDA0E, 0xDA0E, 0xDA0E, 0xDA0E, 0xD20E, 0xD20E, 0xDA0E, 0xDA0E, 0xDA0E,
    0xDA0F, 0xE20F, 0xE22F, 0xE22F, 0xE22F, 0xE22F, 0xDA0F, 0xE22F, 0xE22F, 0xE22F, 0xE22F, 0xE22F,
    0xE22F, 0xE22F, 0xE22F, 0xE22F, 0xE22F, 0xE22F, 0xE22F, 0xEA2F, 0xEA2F, 0xEA2F, 0xEA2F, 0xE22F,
    0xE22F, 0xE22F, 0xE22F, 0xE20F, 0xE22F, 0xE22F, 0xE22F, 0xE22F, 0xDA0F, 0xDA0E, 0xD20E, 0xD20E,
    0xD20E, 0xDA0E, 0xDA0E, 0xD20E, 0xD20E, 0xD20E, 0xD20E, 0xD1EE, 0xC9EE, 0xC9EE, 0xC9EE, 0xC9EE,
    0xC9EE, 0xC9ED, 0xC9ED, 0xC9ED, 0xC9ED, 0xC9ED, 0xC9EE, 0xD20E, 0xD20E, 0xD20E, 0xD20E, 0xD20E,
    0xDA0E, 0xDA0F, 0xE20F, 0xE22F, 0xE22F, 0xEC95, 0xE22F, 0xE22F, 0xE22F, 0xE22F, 0xEA2F, 0xEA30,
    0xF250, 0xF250, 0xFA50, 0xFA50, 0xFA50, 0xFA50, 0xFA50, 0xFA50, 0xFA50, 0xFA50, 0xF250, 0xF250,
    0xF250, 0xF250, 0xF230, 0xEA30, 0xEA2F, 0xE22F, 0xE22F, 0xE22F, 0xE22F, 0xE22F, 0xE22F, 0xE22F,
    0xE20F, 0xDA0F, 0xDA0E, 0xDA0E, 0xDA0E, 0xD20E, 0xD20E, 0xC9ED, 0xC1ED, 0xC9ED, 0xC9ED, 0xD20E,
    0xD20E, 0xD20E, 0xD20E, 0xDA0E, 0xDA0E, 0xDA0F, 0xE20F, 0xE22F, 0xE22F, 0xE22F, 0xDA0F, 0xE20F,
    0xE22F, 0xE22F, 0xEC95, 0xE22F, 0xDA0F, 0xDA0F, 0xDA0F, 0xE22F, 0xE22F, 0xE22F, 0xE22F, 0xE22F,
    0xE22F, 0xE22F, 0xEA2F, 0xEA2F, 0xEA2F, 0xEA30, 0xEA30, 0xF230, 0xF230, 0xF230, 0xF230, 0xF230,
    0xF230, 0xF230, 0xF230, 0xF230, 0xF250, 0xF250, 0xF250, 0xF250, 0xE22F, 0xE22F, 0xE22F, 0xE20F,
    0xE20F, 0xE20F, 0xE20F, 0xE20F, 0xE20F, 0xE20F, 0xE22F, 0xE22F, 0xE22F, 0xEA2F, 0xEA2F, 0xF4B6,
    0xEA30, 0xEA30, 0xEA2F, 0xEA2F, 0xEA2F, 0xEA2F, 0xEA2F, 0xEA2F, 0xEA2F, 0xEA2F, 0xEA2F, 0xEA2F,
    0xE22F, 0xE22F, 0xE22F, 0xDA0F, 0xDA0F, 0xDA0E, 0xDA0E, 0xD20E, 0xD20E, 0xDA0E, 0xDA0E, 0xDA0E,
    0xDA0F, 0xDA0F, 0xDA0F, 0xDA0F, 0xE20F, 0xE20F, 0xE20F, 0xE20F, 0xDA0F, 0xDA0F, 0xDA0F, 0xDA0F,
    0xDA0F, 0xDA0F, 0xDA0F, 0xDA0F, 0xDA0F, 0xDA0E, 0xDA0E, 0xD20E, 0xD20E, 0xD1EE, 0xC9EE, 0xC9EE,
    0xC9ED, 0xC9ED, 0xC9ED, 0xC9ED, 0xC9EE, 0xD1EE, 0xD20E, 0xD20E, 0xD20E, 0xD20E, 0xD20E, 0xE495,
    0xDA0E, 0xDA0E, 0xDA0F, 0xDA0F, 0xDA0E, 0xDA0E, 0xDA0E, 0xDA0E, 0xD20E, 0xD20E, 0xD20E, 0xD20E,
    0xDA0E, 0xDA0E, 0xDA0E, 0xD20E, 0xD20E, 0xD20E, 0xE495, 0xD1EE, 0xD1EE, 0xD1EE, 0xD20E, 0xD20E,
    0xD20E, 0xDA0E, 0xDA0E, 0xDA0F, 0xDA0F, 0xDA0F, 0xDA0F, 0xE20F, 0xE20F, 0xE20F, 0xE20F, 0xDA0F,
    0xDA0F, 0xDA0F, 0xDA0F, 0xDA0F, 0xDA0F, 0xE20F, 0xE20F, 0xE22F, 0xE22F, 0xE22F, 0xE22F, 0xE20F,
    0xE20F, 0xE20F, 0xE20F, 0xE22F, 0xE22F, 0xE22F, 0xE22F, 0xE22F, 0xE22F, 0xE22F, 0xE22F, 0xE20F,
    0xDA0E, 0xD20E, 0xD1EE, 0xD1EE, 0xD20E, 0xD20E, 0xD20E, 0xD20E, 0xD20E, 0xD20E, 0xD1EE, 0xD1EE,
    0xC9EE, 0xC9ED, 0xC9EE, 0xC9EE, 0xC9EE, 0xC9ED, 0xC9ED, 0xC9ED, 0xC1ED, 0xC1ED, 0xC1ED, 0xC9ED,
    0xC9ED, 0xC9ED, 0xC9EE, 0xD1EE, 0xD20E, 0xD20E, 0xD20E, 0xD20E, 0xDA0E, 0xDA0E, 0xDA0E, 0xDA0F,
    0xDA0F, 0xE20F, 0xE22F, 0xEA2F, 0xEA30, 0xEA30, 0xF230, 0xF250, 0xF250, 0xF250, 0xF250, 0xF250,
    0xF250, 0xF250, 0xF250, 0xF250, 0xF230, 0xF230, 0xEA30, 0xEA2F, 0xEA2F, 0xE22F, 0xE20F, 0xE20F,
    0xE20F, 0xE20F, 0xE20F, 0xDA0F, 0xDA0E, 0xD20E, 0xD20E, 0xD20E, 0xD20E, 0xD20E, 0xD1EE, 0xC9EE,
    0xC9ED, 0xC9ED, 0xC9ED, 0xC9EE, 0xD1EE, 0xD1EE, 0xD20E, 0xD20E, 0xDA0E, 0xDA0E, 0xDA0E, 0xDA0E,
    0xDA0E, 0xDA0E, 0xDA0E, 0xDA0E, 0xDA0E, 0xDA0E, 0xDA0E, 0xDA0E, 0xDA0E, 0xDA0F, 0xDA0F, 0xDA0F,
    0xDA0F, 0xDA0F, 0xE20F, 0xE20F, 0xE22F, 0xE22F, 0xE22F, 0xE22F, 0xE22F, 0xE22F, 0xE22F, 0xE22F,
    0xE22F, 0xE22F, 0xE22F, 0xE22F, 0xEA2F, 0xEA2F, 0xEA2F, 0xEA30, 0xF230, 0xF230, 0xF250, 0xF250,
    0xDA0E, 0xDA0E, 0xDA0E, 0xDA0E, 0xD20E, 0xD20E, 0xDA0E, 0xDA0E, 0xDA0E, 0xDA0E, 0xDA0F, 0xDA0F,
    0xDA0F, 0xE20F, 0xE20F, 0xE20F, 0xE22F, 0xE22F, 0xE22F, 0xE22F, 0xE20F, 0xE20F, 0xE20F, 0xE20F,
    0xE22F, 0xE22F, 0xE22F, 0xE20F, 0xE20F, 0xDA0F, 0xDA0F, 0xDA0E, 0xDA0E, 0xD20E, 0xD20E, 0xD20E,
    0xD1EE, 0xD20E, 0xD20E, 0xD20E, 0xD20E, 0xD20E, 0xD20E, 0xDA0E, 0xDA0E, 0xDA0E, 0xDA0F, 0xDA0F,
    0xDA0F, 0xDA0E, 0xDA0E, 0xDA0E, 0xDA0E, 0xDA0E, 0xDA0E, 0xDA0E, 0xDA0E, 0xDA0E, 0xD20E, 0xD1EE,
    0xC9ED, 0xC9ED, 0xC1ED, 0xC1ED, 0xC1ED, 0xC1ED, 0xC1CD, 0xC1CD, 0xC1ED, 0xC1ED, 0xC9ED, 0xC9EE,
    0xC9EE, 0xC9EE, 0xC9EE, 0xC9EE, 0xD1EE, 0xD20E, 0xDA0E, 0xDA0E, 0xD20E, 0xD1EE, 0xD1EE, 0xC9EE,
    0xC9EE, 0xC9ED, 0xC9EE, 0xD1EE, 0xD1EE, 0xD20E, 0xD1EE, 0xD1EE, 0xC9EE, 0xC9ED, 0xC9ED, 0xC9ED,
    0xC9ED, 0xC9ED, 0xC9EE, 0xD1EE, 0xE495, 0xD20E, 0xD20E, 0xDA0E, 0xDA0E, 0xDA0E, 0xDA0E, 0xDA0E,
    0xDA0E, 0xDA0E, 0xDA0E, 0xDA0E, 0xDA0E, 0xD20E, 0xD20E, 0xD20E, 0xD20E, 0xD20E, 0xDA0E, 0xDA0E,
    0xDA0E, 0xE495, 0xDA0E, 0xDA0E, 0xDA0E, 0xDA0E, 0xDA0E, 0xDA0E, 0xDA0E, 0xDA0E, 0xDA0E, 0xDA0E,
    0xDA0E, 0xDA0E, 0xDA0E, 0xDA0E, 0xD20E, 0xD1EE, 0xC9ED, 0xC9ED, 0xC9EE, 0xC9EE, 0xD1EE, 0xC9EE,
    0xC9EE, 0xC9EE, 0xC9EE, 0xC9ED, 0xC9EE, 0xC9ED, 0xC9ED, 0xC9ED, 0xC9ED, 0xC1ED, 0xC1CD, 0xC1CD,
    0xB9CD, 0xB9CD, 0xB9CD, 0xB9CD, 0xC1CD, 0xC1ED, 0xC9ED, 0xC9ED, 0xC9ED, 0xC9ED, 0xC9ED, 0xDC74,
    0xC9ED, 0xC9ED, 0xC9EE, 0xD1EE, 0xD20E, 0xDA0E, 0xDA0E, 0xDA0F, 0xE20F, 0xE22F, 0xE22F, 0xEA2F,
    0xEA2F, 0xEA2F, 0xEA2F, 0xEA30, 0xEA30, 0xEA30, 0xEA30, 0xEA2F, 0xEA2F, 0xEA2F, 0xE22F, 0xE20F,
    0xE20F, 0xDA0F, 0xDA0F, 0xDA0E, 0xDA0E, 0xDA0E, 0xDA0E, 0xD20E, 0xD1EE, 0xC9EE, 0xC9EE, 0xC9EE,
    0xC9EE, 0xC9EE, 0xC9ED, 0xC9ED, 0xC1ED, 0xC1ED, 0xC1ED, 0xC9ED, 0xC9ED, 0xC9ED, 0xC9EE, 0xD1EE,
    0xD1EE, 0xD1EE, 0xD1EE, 0xD1EE, 0xD1EE, 0xD1EE, 0xD20E, 0xD20E, 0xD20E, 0xD20E, 0xD20E, 0xD20E,
    0xD20E, 0xD20E, 0xDA0E, 0xDA0E, 0xDA0E, 0xDA0E, 0xDA0E, 0xDA0E, 0xDA0E, 0xDA0F, 0xDA0F, 0xDA0F,
    0xDA0F, 0xDA0F, 0xDA0F, 0xDA0E, 0xDA0F, 0xDA0F, 0xDA0F, 0xE20F, 0xE20F, 0xE22F, 0xE22F, 0xEA2F,
    0xEA2F, 0xEA2F, 0xEA30, 0xEA30, 0xD1EE, 0xD1EE, 0xD1EE, 0xD1EE, 0xD1EE, 0xD1EE, 0xD1EE, 0xD1EE,
    0xD20E, 0xDA0E, 0xDA0E, 0xDA0E, 0xDA0E, 0xDA0E, 0xDA0E, 0xDA0E, 0xDA0E, 0xDA0F, 0xE20F, 0xE20F,
    0xE20F, 0xE20F, 0xDA0F, 0xDA0F, 0xE20F, 0xE20F, 0xE20F, 0xDA0E, 0xDA0E, 0xD1EE, 0xD1EE, 0xD1EE,
    0xD20E, 0xDA0E, 0xD20E, 0xD20E, 0xD1EE, 0xD1EE, 0xD1EE, 0xC9ED, 0xC9ED, 0xC9ED, 0xC9ED, 0xC9EE,
    0xD1EE, 0xD1EE, 0xDA0E, 0xDA0E, 0xDA0E, 0xDA0E, 0xD20E, 0xD1EE, 0xD1EE, 0xD1EE, 0xC9EE, 0xD1EE,
    0xD1EE, 0xD1EE, 0xC9EE, 0xC9ED, 0xC1CD, 0xC1CD, 0xC1CD, 0xC1CD, 0xDC74, 0xC1CD, 0xB9CD, 0xB9CD,
    0xB9CD, 0xC1CD, 0xC1CD, 0xC1ED, 0xC1ED, 0xC1ED, 0xC1ED, 0xC9ED, 0xC9ED, 0xC9EE, 0xD1EE, 0xD1EE,
    0xC9ED, 0xC9ED, 0xC1ED, 0xC1ED, 0xC1ED, 0xC1ED, 0xC9ED, 0xC9ED, 0xC9ED, 0xC9ED, 0xC9ED, 0xC9ED,
    0xC9ED, 0xC9ED, 0xC1ED, 0xC1ED, 0xC1ED, 0xC9ED, 0xC9ED, 0xC9EE, 0xD1EE, 0xD1EE, 0xC9EE, 0xC9EE,
    0xD1EE, 0xD1EE, 0xD1EE, 0xD1EE, 0xD1EE, 0xD1EE, 0xD1EE, 0xD1EE, 0xD1EE, 0xD1EE, 0xC9EE, 0xC9ED,
    0xC9ED, 0xC1ED, 0xC9ED, 0xC9ED, 0xC9ED, 0xD1EE, 0xD1EE, 0xD1EE, 0xD20E, 0xD1EE, 0xD1EE, 0xD1EE,
    0xD1EE, 0xD1EE, 0xC9EE, 0xC9EE, 0xC9EE, 0xD1EE, 0xD1EE, 0xD1EE, 0xC9EE, 0xC9ED, 0xC9ED, 0xC9ED,
    0xC9ED, 0xC9ED, 0xC9ED, 0xC1ED, 0xC1ED, 0xC1ED, 0xC9ED, 0xC9ED, 0xC9EE, 0xC9ED, 0xC9ED, 0xC1CD,
    0xC1CD, 0xB9CD, 0xB9CC, 0xB1CC, 0xB1AC, 0xB1AC, 0xB1AC, 0xB1AC, 0xB9CC, 0xB9CC, 0xB9CD, 0xC1CD,
    0xB9CD, 0xB9CD, 0xB9CC, 0xB9CC, 0xB9CD, 0xB9CD, 0xC1CD, 0xC1CD, 0xC9ED, 0xC9ED, 0xD1EE, 0xD1EE,
    0xDA0E, 0xDA0E, 0xDA0E, 0xDA0E, 0xDA0E, 0xDA0E, 0xE20F, 0xE20F, 0xE20F, 0xE20F, 0xE20F, 0xE20F,
    0xDA0F, 0xDA0F, 0xDA0E, 0xDA0E, 0xDA0E, 0xDA0E, 0xD20E, 0xDA0E, 0xDA0E, 0xDA0E, 0xD20E, 0xD1EE,
    0xC9EE, 0xC9ED, 0xDC74, 0xC9ED, 0xC9ED, 0xC9ED, 0xC1ED, 0xC1CD, 0xC1CD, 0xC1CD, 0xC1CD, 0xC1CD,
    0xC1ED, 0xC1ED, 0xC1ED, 0xC1ED, 0xC9ED, 0xC9ED, 0xC9ED, 0xC9ED, 0xC9EE, 0xC9EE, 0xC9EE, 0xD1EE,
    0xD1EE, 0xD1EE, 0xD20E, 0xD1EE, 0xD1EE, 0xD1EE, 0xD1EE, 0xD1EE, 0xD1EE, 0xD1EE, 0xD1EE, 0xD1EE,
    0xD1EE, 0xD1EE, 0xD1EE, 0xD1EE, 0xD1EE, 0xD1EE, 0xD20E, 0xDA0E, 0xDA0E, 0xDA0E, 0xDA0F, 0xE20F,
    0xE20F, 0xE20F, 0xE20F, 0xE20F, 0xE20F, 0xE20F, 0xE20F, 0xE20F, 0xC9ED, 0xC9ED, 0xC9ED, 0xDC75,
    0xC9ED, 0xC9EE, 0xD1EE, 0xD1EE, 0xD1EE, 0xD1EE, 0xD1EE, 0xE495, 0xD1EE, 0xD1EE, 0xD1EE, 0xD1EE,
    0xD1EE, 0xD1EE, 0xD1EE, 0xD1EE, 0xD1EE, 0xD1EE, 0xD1EE, 0xD1EE, 0xD1EE, 0xD1EE, 0xD1EE, 0xD1EE,
    0xD1EE, 0xC9EE, 0xC9EE, 0xC9ED, 0xC9ED, 0xC9ED, 0xC9ED, 0xC9ED, 0xC9ED, 0xC9ED, 0xC9ED, 0xC9ED,
    0xC9ED, 0xC9ED, 0xC1ED, 0xC1CD, 0xC9ED, 0xC9ED, 0xD1EE, 0xD1EE, 0xD1EE, 0xD1EE, 0xD1EE, 0xC9ED,
    0xC9ED, 0xC9ED, 0xC1ED, 0xC9ED, 0xC9ED, 0xC9ED, 0xC9ED, 0xC1ED, 0xC1ED, 0xC1CD, 0xC1CD, 0xC1CD,
    0xC1CD, 0xC1CD, 0xB9CD, 0xB9CC, 0xB9CC, 0xB9CD, 0xB9CD, 0xC1CD, 0xC1CD, 0xC1CD, 0xC1CD, 0xC1CD,
    0xC9ED, 0xC9ED, 0xC9ED, 0xC9ED, 0xC9ED, 0xC9ED, 0xC9ED, 0xC9ED, 0xC1ED, 0xC1CD, 0xC1CD, 0xC1CD,
    0xC1CD, 0xC1CD, 0xC1CD, 0xC1CD, 0xB9CD, 0xB9CD, 0xB9CD, 0xB9CD, 0xB9CD, 0xC1CD, 0xC1CD, 0xC1CD,
    0xC1CD, 0xC1CD, 0xC1ED, 0xC9ED, 0xC9ED, 0xC9ED, 0xC9ED, 0xC9ED, 0xC9ED, 0xC9ED, 0xC9ED, 0xC9ED,
    0xC9ED, 0xC9ED, 0xC9ED, 0xC9ED, 0xC1ED, 0xC1CD, 0xC1ED, 0xC9ED, 0xC9ED, 0xC9ED, 0xC9ED, 0xC9ED,
    0xC9EE, 0xC9ED, 0xC9ED, 0xC9ED, 0xC9ED, 0xC9ED, 0xC9ED, 0xC9ED, 0xC9ED, 0xC9ED, 0xC9ED, 0xC9ED,
    0xC9ED, 0xC9ED, 0xC1CD, 0xC1CD, 0xC1CD, 0xC1CD, 0xC1CD, 0xC1CD, 0xC1CD, 0xC1CD, 0xC1CD, 0xC1CD,
    0xC1CD, 0xC1CD, 0xB9CD, 0xB9CD, 0xB9CD, 0xB9CC, 0xB9CC, 0xB9CC, 0xB1CC, 0xB1AC, 0xB1AC, 0xB1AC,
    0xB1AC, 0xB1AC, 0xB1CC, 0xB9CC, 0xB9CC, 0xD474, 0xB9CC, 0xB9CD, 0xB9CD, 0xC1CD, 0xC1CD, 0xC1CD,
    0xC1CD, 0xC1CD, 0xC1ED, 0xC9ED, 0xC9ED, 0xC9ED, 0xC9ED, 0xC9ED, 0xC9ED, 0xD1EE, 0xD1EE, 0xD1EE,
    0xDA0E, 0xDA0E, 0xDA0E, 0xDA0E, 0xDA0E, 0xDA0E, 0xD1EE, 0xD1EE, 0xD1EE, 0xD1EE, 0xC9ED, 0xC9ED,
    0xC9ED, 0xC9ED, 0xC9ED, 0xC9ED, 0xC1CD, 0xC1CD, 0xC1CD, 0xC1CD, 0xC1CD, 0xC1CD, 0xC1CD, 0xC1CD,
    0xC1CD, 0xC1CD, 0xC1CD, 0xC1CD, 0xC1CD, 0xC1CD, 0xC1CD, 0xC1CD, 0xC1CD, 0xC1CD, 0xC1CD, 0xC1CD,
    0xC1CD, 0xC1ED, 0xC9ED, 0xC9ED, 0xC9ED, 0xC9ED, 0xC9ED, 0xC9ED, 0xC9ED, 0xC9ED, 0xC9ED, 0xC9ED,
    0xC9ED, 0xC9EE, 0xC9EE, 0xC9EE, 0xD1EE, 0xC9EE, 0xC9ED, 0xC9ED, 0xC9ED, 0xC9ED, 0xC9EE, 0xD1EE,
    0xD1EE, 0xD1EE, 0xD1EE, 0xD1EE, 0xDA0E, 0xDA0E, 0xDA0E, 0xDA0E, 0xD9EE, 0xD1EE, 0xD1EE, 0xD1EE,
    0xC9ED, 0xC9ED, 0xC9ED, 0xC9EE, 0xC9EE, 0xD1EE, 0xD1EE, 0xD1EE, 0xD1EE, 0xD1EE, 0xC9EE, 0xC9EE,
    0xC9EE, 0xC9ED, 0xC9ED, 0xC9ED, 0xC9ED, 0xC9ED, 0xC9EE, 0xD1EE, 0xC9EE, 0xC9EE, 0xC9EE, 0xC9EE,
    0xD1EE, 0xD1EE, 0xC9EE, 0xC9EE, 0xC9ED, 0xC9ED, 0xC9ED, 0xC9ED, 0xC9ED, 0xC1CD, 0xC1CD, 0xC1CD,
    0xC1CD, 0xC1CD, 0xC1ED, 0xC1ED, 0xC9ED, 0xC1CD, 0xC1CD, 0xC1CD, 0xC1CD, 0xC9ED, 0xC9ED, 0xC9ED,
    0xC9ED, 0xC9ED, 0xC9ED, 0xC9ED, 0xC1ED, 0xC1CD, 0xC1CD, 0xC1CD, 0xC1CD, 0xC1CD, 0xC1CD, 0xC1ED,
    0xC9ED, 0xC9ED, 0xC9ED, 0xC1ED, 0xC1CD, 0xC1CD, 0xC1CD, 0xB9CD, 0xB9CD, 0xB9CD, 0xC1CD, 0xC1CD,
    0xC1CD, 0xC1CD, 0xC1CD, 0xC1CD, 0xC9ED, 0xC9ED, 0xC9ED, 0xC9ED, 0xC9ED, 0xC9ED, 0xC9ED, 0xC9ED,
    0xC1ED, 0xC1CD, 0xC1CD, 0xC1CD, 0xC1CD, 0xC1CD, 0xC1CD, 0xB9CD, 0xB9CC, 0xB9CC, 0xB9CC, 0xB9CD,
    0xB9CD, 0xB9CD, 0xC1CD, 0xC1CD, 0xC1CD, 0xC1CD, 0xC1CD, 0xC1CD, 0xC1ED, 0xC9ED, 0xC9ED, 0xC9ED,
    0xC9ED, 0xC9ED, 0xC9ED, 0xC9ED, 0xC9ED, 0xC1CD, 0xC1CD, 0xC1CD, 0xC1CD, 0xC1CD, 0xC1CD, 0xC1CD,
    0xC1CD, 0xC1ED, 0xDC74, 0xC9ED, 0xC9ED, 0xC9ED, 0xC9ED, 0xC1ED, 0xC1ED, 0xC9ED, 0xC9ED, 0xC9ED,
    0xC9ED, 0xC9ED, 0xC9ED, 0xC9ED, 0xC9ED, 0xC1ED, 0xC1CD, 0xC1CD, 0xC1CD, 0xC1CD, 0xC1CD, 0xC1CD,
    0xC1CD, 0xB9CD, 0xB9CD, 0xB9CD, 0xB9CD, 0xB9CC, 0xB9CD, 0xB9CD, 0xB9CD, 0xB9CD, 0xB9CC, 0xB9CC,
    0xB9CC, 0xB1CC, 0xB1AC, 0xB1AC, 0xB1AC, 0xB1AC, 0xB1AC, 0xB1AC, 0xB9CC, 0xB9CC, 0xB9CD, 0xB9CD,
    0xC1CD, 0xC1CD, 0xC1CD, 0xC1CD, 0xC1CD, 0xC1CD, 0xC1CD, 0xC1CD, 0xC1CD, 0xC1CD, 0xC1ED, 0xC9ED,
    0xC9ED, 0xC9ED, 0xC9ED, 0xC9ED, 0xD1EE, 0xD1EE, 0xD1EE, 0xD1EE, 0xD1EE, 0xD1EE, 0xD1EE, 0xD1EE,
    0xC9EE, 0xC9ED, 0xC9ED, 0xC9ED, 0xC9ED, 0xC9ED, 0xC9ED, 0xC1CD, 0xC1CD, 0xC1CD, 0xC1CD, 0xC1CD,
    0xC1CD, 0xC1ED, 0xC1CD, 0xC1CD, 0xC1CD, 0xC1CD, 0xC1CD, 0xC1CD, 0xC1CD, 0xC1CD, 0xB9CD, 0xB9CD,
    0xB9CD, 0xB9CD, 0xB9CD, 0xB9CD, 0xC1CD, 0xC1CD, 0xC1CD, 0xC1CD, 0xC1CD, 0xC1CD, 0xC1CD, 0xC1CD,
    0xC1CD, 0xC1ED, 0xC9ED, 0xC9ED, 0xC9ED, 0xC9ED, 0xC9ED, 0xC9EE, 0xC9EE, 0xC9EE, 0xC9ED, 0xC9ED,
    0xC9ED, 0xC9ED, 0xC9ED, 0xC9EE, 0xC9EE, 0xD1EE, 0xD1EE, 0xD1EE, 0xD1EE, 0xD1EE, 0xD1EE, 0xD1EE,
    0xD1EE, 0xD1EE, 0xD1EE, 0xD1EE, 0xDA0E, 0xDA0E, 0xDA0E, 0xDA0E, 0xDA0E, 0xDA0E, 0xD1EE, 0xD1EE,
    0xD1EE, 0xD1EE, 0xD1EE, 0xD1EE, 0xD1EE, 0xD1EE, 0xC9EE, 0xC9ED, 0xC9ED, 0xC9ED, 0xD1EE, 0xD1EE,
    0xD1EE, 0xD1EE, 0xD1EE, 0xD1EE, 0xD1EE, 0xDA0E, 0xDA0E, 0xD1EE, 0xD1EE, 0xC9EE, 0xC9ED, 0xC9ED,
    0xC9ED, 0xC9ED, 0xC1CD, 0xC1CD, 0xB9CD, 0xC1CD, 0xC1CD, 0xC1CD, 0xC1CD, 0xC1ED, 0xC9ED, 0xC9ED,
    0xC9ED, 0xC9ED, 0xC9EE, 0xC9ED, 0xC9ED, 0xC9ED, 0xC1ED, 0xDC74, 0xC9ED, 0xC9ED, 0xC9ED, 0xC9ED,
    0xC9ED, 0xC1ED, 0xC1ED, 0xC9ED, 0xC9ED, 0xC9ED, 0xC9ED, 0xC9ED, 0xC1ED, 0xC1ED, 0xC9ED, 0xC9ED,
    0xC9ED, 0xC9ED, 0xC1ED, 0xC1CD, 0xC1CD, 0xC1CD, 0xC1ED, 0xC9ED, 0xC9ED, 0xC9ED, 0xC9ED, 0xC9ED,
    0xC1ED, 0xC1ED, 0xC1CD, 0xC1CD, 0xC1ED, 0xC1ED, 0xC1ED, 0xC1CD, 0xC1CD, 0xC1CD, 0xC1CD, 0xC1CD,
    0xB9CD, 0xB9CD, 0xC1CD, 0xC1CD, 0xC1ED, 0xC1ED, 0xC9ED, 0xC9ED, 0xC9ED, 0xC9ED, 0xC9ED, 0xC9ED,
    0xC9ED, 0xC9ED, 0xC9ED, 0xD1EE, 0xD1EE, 0xD1EE, 0xD1EE, 0xC9EE, 0xC9ED, 0xC1CD, 0xC1CD, 0xC1CD,
    0xC1CD, 0xC1CD, 0xC1CD, 0xC1CD, 0xC1CD, 0xC1CD, 0xC1CD, 0xC1CD, 0xC1CD, 0xC1CD, 0xC1ED, 0xC1ED,
    0xC9ED, 0xC9ED, 0xC9ED, 0xC9EE, 0xC9ED, 0xC9ED, 0xC9ED, 0xDC74, 0xC9ED, 0xC1ED, 0xC1CD, 0xC1CD,
    0xC1CD, 0xC1CD, 0xC1CD, 0xC1CD, 0xC1CD, 0xB9CD, 0xC1CD, 0xC1CD, 0xC1CD, 0xC1CD, 0xC1CD, 0xC1CD,
    0xC1CD, 0xC1CD, 0xC1CD, 0xC1CD, 0xB9CD, 0xB9CD, 0xB9CC, 0xB9CC, 0xB9CC, 0xB9CC, 0xB9CC, 0xB9CC,
    0xB9CC, 0xB9CD, 0xB9CD, 0xC1CD, 0xC1CD, 0xC1CD, 0xC1CD, 0xC1CD, 0xC1CD, 0xB9CD, 0xC1CD, 0xC1ED,
    0xC9ED, 0xC9ED, 0xC9ED, 0xC9ED, 0xC9ED, 0xC9ED, 0xC9ED, 0xC9ED, 0xC9ED, 0xC9ED, 0xC9ED, 0xC9ED,
    0xC9EE, 0xD1EE, 0xD1EE, 0xD1EE, 0xD1EE, 0xD1EE, 0xD1EE, 0xC9EE, 0xE495, 0xC9ED, 0xDC74, 0xC1ED,
    0xC1CD, 0xC1CD, 0xC1ED, 0xC9ED, 0xC9EE, 0xD1EE, 0xC9ED, 0xC9ED, 0xC9ED, 0xC9ED, 0xC9ED, 0xC9ED,
    0xC9ED, 0xC1ED, 0xC1CD, 0xC1CD, 0xC1CD, 0xC1CD, 0xC1CD, 0xC1CD, 0xC1CD, 0xC1CD, 0xC1CD, 0xC1CD,
    0xC1CD, 0xC1CD, 0xC1CD, 0xC1CD, 0xC1ED, 0xC9ED, 0xC9ED, 0xC9ED, 0xC9EE, 0xD1EE, 0xD1EE, 0xD1EE,
    0xD1EE, 0xD1EE, 0xD1EE, 0xD1EE, 0xD1EE, 0xD1EE, 0xD1EE, 0xD1EE, 0xD1EE, 0xD1EE, 0xC9EE, 0xC9EE,
    0xD1EE, 0xD1EE, 0xD20E, 0xD1EE, 0xD1EE, 0xD1EE, 0xC9EE, 0xC9EE, 0xE20F, 0xE20F, 0xE20F, 0xE20F,
    0xE20F, 0xE20F, 0xDA0F, 0xDA0F, 0xDA0E, 0xDA0E, 0xDA0E, 0xDA0E, 0xD20E, 0xD1EE, 0xC9EE, 0xC9ED,
    0xC9ED, 0xD1EE, 0xD1EE, 0xD20E, 0xD20E, 0xD20E, 0xD20E, 0xD20E, 0xDA0E, 0xDA0E, 0xD20E, 0xD1EE,
    0xD1EE, 0xD1EE, 0xC9EE, 0xC9ED, 0xC9ED, 0xC9ED, 0xC1ED, 0xC1ED, 0xC1ED, 0xC1ED, 0xC1ED, 0xC1ED,
    0xC1ED, 0xC9ED, 0xC9ED, 0xC9EE, 0xD1EE, 0xD1EE, 0xD1EE, 0xD1EE, 0xD1EE, 0xD1EE, 0xC9EE, 0xC9EE,
    0xD1EE, 0xD1EE, 0xD1EE, 0xD1EE, 0xD1EE, 0xC9EE, 0xC9EE, 0xD1EE, 0xD1EE, 0xD1EE, 0xD1EE, 0xD1EE,
    0xD1EE, 0xE495, 0xD1EE, 0xD1EE, 0xC9EE, 0xC9EE, 0xC9EE, 0xC9EE, 0xC9EE, 0xD1EE, 0xD1EE, 0xD1EE,
    0xD1EE, 0xD1EE, 0xD1EE, 0xC9EE, 0xC9EE, 0xC9ED, 0xC9ED, 0xC9ED, 0xC9ED, 0xC9ED, 0xC9ED, 0xC9ED,
    0xC9ED, 0xC1ED, 0xC1ED, 0xC9ED, 0xC9ED, 0xC9ED, 0xC9ED, 0xC9ED, 0xC1ED, 0xC9ED, 0xC9ED, 0xC9EE,
    0xD1EE, 0xD1EE, 0xD1EE, 0xD20E, 0xDA0E, 0xDA0E, 0xDA0E, 0xDA0E, 0xDA0E, 0xD20E, 0xD1EE, 0xD1EE,
    0xC9ED, 0xC9ED, 0xC1ED, 0xC9ED, 0xC9ED, 0xC9ED, 0xC1ED, 0xC1ED, 0xC1ED, 0xC1ED, 0xC1ED, 0xC9ED,
    0xC9ED, 0xC9ED, 0xC9ED, 0xC9ED, 0xC9ED, 0xC9ED, 0xC9ED, 0xC9EE, 0xD1EE, 0xD1EE, 0xD1EE, 0xC9EE,
    0xC9EE, 0xC9EE, 0xC9ED, 0xC9ED, 0xC9EE, 0xC9EE, 0xC9EE, 0xC9ED, 0xC1ED, 0xC1CD, 0xC1ED, 0xC1ED,
    0xC9ED, 0xC9ED, 0xC1ED, 0xC1ED, 0xC1CD, 0xC1CD, 0xC1CD, 0xC1CD, 0xC1CD, 0xC1CD, 0xC1CD, 0xC1CD,
    0xC1CD, 0xC1ED, 0xC1ED, 0xC9ED, 0xC9ED, 0xC9ED, 0xC9ED, 0xC9ED, 0xC9ED, 0xC9ED, 0xC9ED, 0xC9ED,
    0xC9ED, 0xC9ED, 0xC9ED, 0xC9ED, 0xC9ED, 0xC9ED, 0xC9ED, 0xC9ED, 0xC9EE, 0xC9EE, 0xC9EE, 0xC9EE,
    0xC9EE, 0xD1EE, 0xD1EE, 0xD1EE, 0xD20E, 0xDA0E, 0xD20E, 0xD20E, 0xD20E, 0xD20E, 0xD20E, 0xD1EE,
    0xD1EE, 0xC9EE, 0xC9ED, 0xC9ED, 0xC9ED, 0xC9ED, 0xC9ED, 0xD1EE, 0xD1EE, 0xD20E, 0xD20E, 0xD20E,
    0xDA0E, 0xDA0E, 0xD20E, 0xD1EE, 0xD1EE, 0xD1EE, 0xC9EE, 0xC9ED, 0xC9ED, 0xC9ED, 0xC9ED, 0xC9ED,
    0xC9ED, 0xC1ED, 0xC1ED, 0xC1ED, 0xC9ED, 0xC9ED, 0xC9ED, 0xC9ED, 0xC9EE, 0xC9EE, 0xD1EE, 0xD1EE,
    0xD1EE, 0xD1EE, 0xD20E, 0xDA0E, 0xDA0E, 0xDA0E, 0xDA0E, 0xDA0E, 0xD20E, 0xDA0E, 0xDA0E, 0xDA0E,
    0xDA0E, 0xD20E, 0xD1EE, 0xD1EE, 0xD1EE, 0xD1EE, 0xD20E, 0xD20E, 0xD20E, 0xD20E, 0xD20E, 0xD20E,
    0xE22F, 0xE22F, 0xEA2F, 0xEA2F, 0xEA2F, 0xEA2F, 0xEA2F, 0xE22F, 0xE22F, 0xE22F, 0xE20F, 0xDA0F,
    0xDA0E, 0xDA0E, 0xD20E, 0xD1EE, 0xD20E, 0xD20E, 0xDA0E, 0xDA0E, 0xDA0E, 0xDA0E, 0xDA0E, 0xDA0E,
    0xDA0E, 0xDA0E, 0xD20E, 0xD20E, 0xD20E, 0xD20E, 0xD20E, 0xD20E, 0xD1EE, 0xC9EE, 0xC9EE, 0xC9ED,
    0xC9EE, 0xC9EE, 0xC9EE, 0xC9EE, 0xC9EE, 0xD1EE, 0xD1EE, 0xD20E, 0xD20E, 0xDA0E, 0xDA0E, 0xDA0E,
    0xD20E, 0xD20E, 0xD20E, 0xD20E, 0xDA0E, 0xDA0E, 0xDA0E, 0xDA0E, 0xDA0E, 0xD20E, 0xD20E, 0xDA0E,
    0xDA0E, 0xDA0E, 0xDA0E, 0xDA0F, 0xDA0E, 0xDA0E, 0xDA0E, 0xD20E, 0xD20E, 0xD20E, 0xD20E, 0xD20E,
    0xDA0E, 0xDA0E, 0xDA0E, 0xDA0E, 0xDA0E, 0xDA0E, 0xD20E, 0xD20E, 0xD20E, 0xD20E, 0xD20E, 0xD20E,
    0xD20E, 0xD20E, 0xD1EE, 0xD1EE, 0xD1EE, 0xD1EE, 0xD20E, 0xD20E, 0xD20E, 0xD20E, 0xD20E, 0xD1EE,
    0xC9EE, 0xD1EE, 0xD20E, 0xDA0E, 0xDA0E, 0xDA0F, 0xDA0F, 0xE20F, 0xE22F, 0xE22F, 0xE22F, 0xE22F,
    0xE20F, 0xDA0F, 0xDA0E, 0xD20E, 0xD20E, 0xD1EE, 0xD1EE, 0xD1EE, 0xD1EE, 0xD1EE, 0xC9EE, 0xC9EE,
    0xC9ED, 0xC9ED, 0xC9EE, 0xD1EE, 0xD20E, 0xD1EE, 0xC9EE, 0xC9ED, 0xC9ED, 0xC9EE, 0xD1EE, 0xD20E,
    0xD20E, 0xD20E, 0xD20E, 0xD20E, 0xD20E, 0xD20E, 0xD20E, 0xD20E, 0xD20E, 0xDA0E, 0xD20E, 0xD1EE,
    0xC9EE, 0xC9ED, 0xC9ED, 0xC9EE, 0xC9EE, 0xD1EE, 0xC9ED, 0xC9ED, 0xC1ED, 0xC9ED, 0xC9ED, 0xC9ED,
    0xC9ED, 0xC9ED, 0xC9ED, 0xC9ED, 0xC9EE, 0xD1EE, 0xD20E, 0xD20E, 0xD20E, 0xD20E, 0xD20E, 0xD20E,
    0xD20E, 0xD20E, 0xD20E, 0xD20E, 0xD20E, 0xD20E, 0xD20E, 0xD20E, 0xD1EE, 0xD1EE, 0xD1EE, 0xD20E,
    0xD20E, 0xD20E, 0xD20E, 0xD20E, 0xD20E, 0xE495, 0xDA0E, 0xDA0E, 0xDA0F, 0xDA0F, 0xDA0F, 0xDA0F,
    0xDA0F, 0xDA0F, 0xDA0E, 0xDA0E, 0xD20E, 0xD1EE, 0xD1EE, 0xC9EE, 0xD1EE, 0xD1EE, 0xD20E, 0xD20E,
    0xDA0E, 0xDA0E, 0xDA0F, 0xE20F, 0xE22F, 0xE22F, 0xE22F, 0xE20F, 0xDA0F, 0xDA0E, 0xDA0E, 0xD20E,
    0xD20E, 0xD20E, 0xD20E, 0xD20E, 0xD1EE, 0xD1EE, 0xE495, 0xD1EE, 0xD20E, 0xD20E, 0xD20E, 0xDA0E,
    0xDA0E, 0xDA0E, 0xDA0E, 0xD20E, 0xD20E, 0xD20E, 0xDA0E, 0xDA0F, 0xE20F, 0xE20F, 0xE20F, 0xDA0F,
    0xDA0F, 0xDA0F, 0xDA0F, 0xDA0F, 0xDA0F, 0xDA0E, 0xDA0E, 0xD20E, 0xD20E, 0xE495, 0xD20E, 0xD20E,
    0xDA0E, 0xDA0E, 0xDA0E, 0xDA0E, 0xE22F, 0xE22F, 0xEA2F, 0xEA2F, 0xEA2F, 0xEA30, 0xEA30, 0xEA2F,
    0xEA2F, 0xEA2F, 0xEA2F, 0xEA2F, 0xE22F, 0xE22F, 0xE20F, 0xDA0F, 0xDA0F, 0xDA0E, 0xE495, 0xDA0E,
    0xDA0E, 0xDA0E, 0xDA0E, 0xDA0E, 0xDA0E, 0xD20E, 0xD20E, 0xDA0E, 0xDA0F, 0xE20F, 0xDA0F, 0xDA0E,
    0xD20E, 0xD20E, 0xD20E, 0xD20E, 0xD20E, 0xDA0E, 0xDA0E, 0xDA0F, 0xDA0F, 0xDA0F, 0xE20F, 0xE22F,
    0xE22F, 0xDA0F, 0xDA0F, 0xDA0E, 0xDA0E, 0xDA0E, 0xDA0E, 0xDA0E, 0xDA0E, 0xDA0E, 0xDA0F, 0xDA0E,
    0xDA0E, 0xDA0E, 0xDA0E, 0xDA0E, 0xDA0F, 0xDA0F, 0xDA0F, 0xDA0E, 0xDA0E, 0xDA0E, 0xDA0F, 0xDA0F,
    0xDA0F, 0xDA0F, 0xDA0E, 0xDA0E, 0xDA0E, 0xDA0E, 0xDA0E, 0xDA0E, 0xDA0E, 0xDA0E, 0xDA0E, 0xDA0E,
    0xDA0E, 0xDA0E, 0xDA0E, 0xDA0E, 0xDA0E, 0xDA0E, 0xDA0E, 0xDA0F, 0xE20F, 0xE22F, 0xE22F, 0xE22F,
    0xE22F, 0xE22F, 0xE22F, 0xE22F, 0xE20F, 0xE22F, 0xE22F, 0xEA2F, 0xEA2F, 0xEA30, 0xEA30, 0xEA30,
    0xEA30, 0xEA30, 0xEA30, 0xEA30, 0xEA2F, 0xE22F, 0xE22F, 0xE22F, 0xE20F, 0xDA0F, 0xDA0F, 0xDA0F,
    0xDA0F, 0xDA0E, 0xDA0E, 0xD20E, 0xD20E, 0xD20E, 0xD20E, 0xD20E, 0xDA0E, 0xD20E, 0xD20E, 0xD1EE,
    0xD1EE, 0xD20E, 0xDA0E, 0xDA0E, 0xDA0E, 0xDA0E, 0xDA0E, 0xDA0E, 0xDA0E, 0xDA0F, 0xDA0F, 0xDA0F,
    0xDA0E, 0xDA0E, 0xDA0E, 0xDA0E, 0xDA0E, 0xDA0E, 0xDA0E, 0xDA0E, 0xDA0E, 0xDA0E, 0xD20E, 0xD20E,
    0xD20E, 0xD20E, 0xDA0E, 0xDA0E, 0xDA0F, 0xDA0E, 0xDA0E, 0xD20E, 0xD20E, 0xDA0E, 0xDA0E, 0xDA0E,
    0xE495, 0xDA0E, 0xD20E, 0xDA0E, 0xDA0E, 0xDA0E, 0xDA0E, 0xDA0E, 0xDA0E, 0xDA0E, 0xDA0E, 0xDA0E,
    0xDA0E, 0xDA0E, 0xDA0E, 0xDA0E, 0xDA0E, 0xDA0F, 0xDA0F, 0xE20F, 0xE22F, 0xE20F, 0xDA0F, 0xDA0F,
    0xE20F, 0xE22F, 0xE22F, 0xE22F, 0xE22F, 0xE22F, 0xE20F, 0xDA0F, 0xDA0F, 0xDA0E, 0xDA0E, 0xD20E,
    0xD20E, 0xDA0E, 0xDA0E, 0xDA0F, 0xE22F, 0xE22F, 0xE22F, 0xEA2F, 0xEA2F, 0xEA30, 0xEA30, 0xEA30,
    0xEA30, 0xE22F, 0xE22F, 0xDA0F, 0xDA0E, 0xDA0E, 0xD20E, 0xD20E, 0xD20E, 0xD20E, 0xDA0E, 0xDA0E,
    0xDA0F, 0xE20F, 0xE22F, 0xE20F, 0xE20F, 0xEC95, 0xDA0F, 0xDA0F, 0xDA0F, 0xDA0F, 0xDA0F, 0xE22F,
    0xE22F, 0xE22F, 0xE22F, 0xE22F, 0xE20F, 0xDA0F, 0xDA0F, 0xDA0E, 0xDA0E, 0xDA0E, 0xDA0E, 0xDA0E,
    0xDA0E, 0xD20E, 0xD20E, 0xD20E, 0xD20E, 0xD20E, 0xDA0E, 0xDA0E, 0xECB5, 0xE22F, 0xE22F, 0xE22F,
    0xE22F, 0xEA2F, 0xEA2F, 0xEA2F, 0xE22F, 0xE22F, 0xE22F, 0xE22F, 0xE22F, 0xE22F, 0xE22F, 0xE22F,
    0xE22F, 0xE22F, 0xDA0F, 0xDA0F, 0xDA0F, 0xDA0E, 0xDA0E, 0xDA0E, 0xDA0E, 0xDA0E, 0xDA0E, 0xDA0E,
    0xDA0E, 0xDA0E, 0xDA0E, 0xDA0F, 0xDA0F, 0xDA0F, 0xDA0F, 0xDA0F, 0xDA0F, 0xE22F, 0xE22F, 0xE22F,
    0xE22F, 0xE22F, 0xE22F, 0xE22F, 0xE22F, 0xE22F, 0xE22F, 0xEC95, 0xE22F, 0xDA0F, 0xDA0F, 0xDA0F,
    0xDA0F, 0xE22F, 0xE22F, 0xDA0F, 0xDA0F, 0xDA0E, 0xDA0E, 0xDA0F, 0xDA0F, 0xE20F, 0xE20F, 0xE20F,
    0xEC95, 0xE20F, 0xDA0F, 0xDA0F, 0xDA0F, 0xDA0F, 0xDA0F, 0xDA0F, 0xDA0F, 0xDA0F, 0xDA0E, 0xDA0E,
    0xDA0E, 0xDA0F, 0xDA0F, 0xDA0F, 0xDA0F, 0xDA0F, 0xDA0F, 0xDA0F, 0xDA0F, 0xDA0F, 0xDA0F, 0xEC95,
    0xE22F, 0xEA2F, 0xEA2F, 0xEA2F, 0xEA2F, 0xEA2F, 0xEA30, 0xEA30, 0xEA30, 0xF230, 0xF4B6, 0xF250,
    0xF250, 0xF250, 0xF250, 0xF250, 0xF250, 0xF250, 0xF230, 0xF230, 0xEA30, 0xEA2F, 0xE22F, 0xE22F,
    0xE22F, 0xE22F, 0xE22F, 0xE22F, 0xE22F, 0xE20F, 0xDA0F, 0xDA0F, 0xDA0E, 0xDA0E, 0xDA0E, 0xDA0E,
    0xDA0E, 0xDA0E, 0xDA0E, 0xDA0E, 0xDA0E, 0xDA0E, 0xDA0E, 0xDA0E, 0xDA0E, 0xDA0E, 0xDA0E, 0xDA0F,
    0xDA0F, 0xE22F, 0xE22F, 0xE20F, 0xDA0F, 0xDA0E, 0xDA0E, 0xDA0E, 0xDA0F, 0xDA0F, 0xDA0E, 0xDA0E,
    0xE495, 0xDA0E, 0xDA0E, 0xDA0E, 0xDA0E, 0xDA0F, 0xE20F, 0xE22F, 0xE22F, 0xE22F, 0xDA0F, 0xDA0F,
    0xDA0F, 0xDA0F, 0xDA0F, 0xE20F, 0xDA0F, 0xDA0F, 0xDA0E, 0xDA0E, 0xDA0E, 0xDA0E, 0xDA0E, 0xDA0E,
    0xDA0E, 0xDA0E, 0xDA0E, 0xDA0F, 0xDA0F, 0xDA0F, 0xDA0F, 0xDA0F, 0xDA0F, 0xDA0F, 0xE22F, 0xE22F,
    0xE22F, 0xE22F, 0xE22F, 0xDA0F, 0xE22F, 0xE22F, 0xE22F, 0xE22F, 0xE22F, 0xE22F, 0xE22F, 0xDA0F,
    0xDA0F, 0xDA0F, 0xDA0F, 0xDA0F, 0xDA0F, 0xE22F, 0xE22F, 0xE22F, 0xE22F, 0xE22F, 0xEA2F, 0xEA2F,
    0xEA30, 0xEA30, 0xF230, 0xF230, 0xF230, 0xEA30, 0xE22F, 0xE22F, 0xDA0F, 0xDA0F, 0xDA0F, 0xDA0E,
    0xDA0E, 0xDA0F, 0xDA0F, 0xE22F, 0xE22F, 0xE22F, 0xE22F, 0xE22F, 0xE22F, 0xE22F, 0xE22F, 0xE22F,
    0xE22F, 0xE22F, 0xE22F, 0xE20F, 0xDA0F, 0xE20F, 0xE22F, 0xE22F, 0xE22F, 0xDA0F, 0xDA0E, 0xDA0E,
    0xDA0E, 0xD20E, 0xD20E, 0xD20E, 0xD20E, 0xDA0E, 0xDA0E, 0xDA0E, 0xDA0E, 0xDA0E, 0xDA0E, 0xDA0E,
    0xE22F, 0xE22F, 0xE22F, 0xDA0F, 0xDA0F, 0xDA0F, 0xDA0F, 0xE22F, 0xE22F, 0xE22F, 0xEC95, 0xE22F,
    0xE22F, 0xE22F, 0xE22F, 0xEA2F, 0xE22F, 0xE22F, 0xDA0F, 0xDA0F, 0xDA0F, 0xDA0E, 0xDA0E, 0xDA0E,
    0xDA0E, 0xD20E, 0xD20E, 0xD20E, 0xD20E, 0xD20E, 0xD20E, 0xDA0E, 0xDA0F, 0xE22F, 0xE22F, 0xE22F,
    0xE22F, 0xE22F, 0xE22F, 0xE22F, 0xE22F, 0xE20F, 0xDA0F, 0xDA0F, 0xE22F, 0xE22F, 0xE22F, 0xEA2F,
    0xE22F, 0xE20F, 0xDA0F, 0xDA0F, 0xDA0F, 0xE22F, 0xE22F, 0xDA0F, 0xDA0E, 0xDA0E, 0xDA0E, 0xDA0E,
    0xDA0F, 0xDA0F, 0xDA0F, 0xE22F, 0xE22F, 0xE22F, 0xDA0F, 0xDA0E, 0xDA0E, 0xDA0E, 0xDA0E, 0xDA0F,
    0xDA0F, 0xDA0F, 0xDA0E, 0xDA0E, 0xDA0E, 0xDA0F, 0xDA0F, 0xDA0F, 0xE20F, 0xE22F, 0xE22F, 0xE22F,
    0xE22F, 0xE22F, 0xE22F, 0xE22F, 0xE22F, 0xEA2F, 0xEA2F, 0xEA2F, 0xEA2F, 0xEA30, 0xF230, 0xF250,
    0xF250, 0xF250, 0xF250, 0xF250, 0xF250, 0xF250, 0xF250, 0xF250, 0xF250, 0xF230, 0xF230, 0xEA30,
    0xEA30, 0xEA2F, 0xE22F, 0xE22F, 0xE22F, 0xE22F, 0xE22F, 0xE22F, 0xE22F, 0xE20F, 0xDA0F, 0xDA0F,
    0xDA0F, 0xDA0F, 0xDA0E, 0xDA0E, 0xDA0E, 0xDA0E, 0xDA0E, 0xDA0E, 0xDA0E, 0xDA0E, 0xDA0E, 0xDA0E,
    0xDA0E, 0xDA0E, 0xDA0E, 0xDA0F, 0xDA0F, 0xE22F, 0xE22F, 0xE20F, 0xDA0F, 0xDA0F, 0xDA0E, 0xDA0E,
    0xDA0E, 0xDA0E, 0xDA0E, 0xDA0E, 0xD20E, 0xD20E, 0xDA0E, 0xDA0E, 0xDA0F, 0xDA0F, 0xE22F, 0xE22F,
    0xE22F, 0xE22F, 0xE22F, 0xE22F, 0xE22F, 0xE22F, 0xE22F, 0xE22F, 0xE22F, 0xDA0F, 0xDA0F, 0xDA0E,
    0xDA0E, 0xD20E, 0xD20E, 0xDA0E, 0xDA0E, 0xDA0E, 0xDA0E, 0xDA0E, 0xDA0E, 0xDA0E, 0xDA0F, 0xDA0F,
    0xDA0F, 0xDA0F, 0xE22F, 0xE22F, 0xE22F, 0xE22F, 0xE22F, 0xDA0F, 0xDA0F, 0xDA0F, 0xDA0F, 0xDA0F,
    0xDA0F, 0xDA0F, 0xEC95, 0xDA0F, 0xDA0F, 0xDA0E, 0xDA0F, 0xDA0F, 0xE22F, 0xEA2F, 0xE22F, 0xE22F,
    0xE22F, 0xE22F, 0xE22F, 0xEA2F, 0xEA30, 0xEA30, 0xF230, 0xF230, 0xEA30, 0xEA30, 0xE22F, 0xE22F,
    0xE22F, 0xE22F, 0xDA0F, 0xDA0F, 0xDA0F, 0xDA0F, 0xE22F, 0xE22F, 0xE22F, 0xE22F, 0xE22F, 0xEA2F,
    0xEA2F, 0xEA30, 0xEA30, 0xEA2F, 0xE22F, 0xE22F, 0xDA0F, 0xDA0F, 0xDA0E, 0xDA0E, 0xDA0E, 0xDA0F,
    0xDA0F, 0xDA0E, 0xD20E, 0xD20E, 0xD20E, 0xD1EE, 0xC9EE, 0xC9EE, 0xD20E, 0xD20E, 0xDA0E, 0xDA0E,
    0xD20E, 0xD20E, 0xD20E, 0xD20E, 0xDA0E, 0xDA0E, 0xDA0E, 0xD20E, 0xD20E, 0xD1EE, 0xD20E, 0xDA0E,
    0xDA0F, 0xDA0F, 0xDA0F, 0xDA0F, 0xDA0F, 0xDA0F, 0xE22F, 0xE22F, 0xE22F, 0xE22F, 0xE20F, 0xE20F,
    0xDA0E, 0xDA0E, 0xD20E, 0xD1EE, 0xD1EE, 0xC9EE, 0xD1EE, 0xD20E, 0xD20E, 0xD20E, 0xD20E, 0xDA0E,
    0xDA0F, 0xE20F, 0xE20F, 0xE20F, 0xDA0F, 0xDA0F, 0xDA0F, 0xDA0E, 0xDA0E, 0xDA0F, 0xDA0F, 0xE22F,
    0xE22F, 0xE22F, 0xE22F, 0xE22F, 0xE20F, 0xDA0F, 0xDA0E, 0xDA0E, 0xD20E, 0xD20E, 0xD20E, 0xD20E,
    0xD20E, 0xDA0E, 0xDA0E, 0xDA0E, 0xDA0F, 0xDA0F, 0xDA0E, 0xDA0E, 0xD20E, 0xD20E, 0xD20E, 0xD20E,
    0xD20E, 0xD20E, 0xD20E, 0xD20E, 0xD20E, 0xD20E, 0xD20E, 0xD20E, 0xD20E, 0xDA0E, 0xDA0E, 0xDA0F,
    0xE22F, 0xE22F, 0xEA2F, 0xEA2F, 0xEA2F, 0xEA2F, 0xEA2F, 0xEA2F, 0xEA30, 0xEA30, 0xEA30, 0xEA30,
    0xEA30, 0xEA30, 0xEA30, 0xF230, 0xF250, 0xF230, 0xF230, 0xEA30, 0xEA30, 0xEA30, 0xEA30, 0xF230,
    0xEA30, 0xEA2F, 0xE22F, 0xE22F, 0xE22F, 0xE22F, 0xE22F, 0xE22F, 0xE22F, 0xE22F, 0xDA0F, 0xDA0F,
    0xDA0F, 0xDA0E, 0xDA0E, 0xDA0E, 0xDA0E, 0xDA0E, 0xDA0E, 0xD20E, 0xD20E, 0xD20E, 0xD1EE, 0xC9EE,
    0xC9EE, 0xD20E, 0xD20E, 0xDA0E, 0xDA0E, 0xDA0E, 0xDA0E, 0xDA0E, 0xDA0E, 0xDA0E, 0xDA0E, 0xDA0E,
    0xDA0E, 0xD20E, 0xD20E, 0xD20E, 0xD20E, 0xD20E, 0xD20E, 0xD20E, 0xD20E, 0xDA0E, 0xDA0E, 0xDA0E,
    0xDA0F, 0xDA0F, 0xDA0F, 0xE20F, 0xE22F, 0xE22F, 0xEA2F, 0xEA2F, 0xEA2F, 0xE22F, 0xE22F, 0xE22F,
    0xE20F, 0xDA0F, 0xDA0F, 0xDA0E, 0xD20E, 0xE495, 0xD20E, 0xDA0E, 0xDA0E, 0xDA0F, 0xDA0F, 0xDA0E,
    0xDA0E, 0xDA0E, 0xDA0F, 0xE22F, 0xE22F, 0xE22F, 0xDA0F, 0xDA0F, 0xEC95, 0xDA0F, 0xDA0F, 0xDA0F,
    0xDA0E, 0xDA0E, 0xDA0E, 0xDA0E, 0xDA0E, 0xDA0E, 0xDA0E, 0xDA0E, 0xDA0E, 0xDA0E, 0xDA0E, 0xDA0E,
    0xDA0E, 0xDA0F, 0xDA0F, 0xE20F, 0xE20F, 0xE22F, 0xE22F, 0xE22F, 0xEA2F, 0xEA30, 0xEA30, 0xEA2F,
    0xEA2F, 0xEA2F, 0xEA2F, 0xE22F, 0xE22F, 0xE20F, 0xDA0F, 0xDA0E, 0xDA0E, 0xDA0E, 0xDA0E, 0xDA0E,
    0xDA0F, 0xDA0F, 0xE22F, 0xE22F, 0xEA2F, 0xEA30, 0xEA30, 0xEA2F, 0xE22F, 0xE22F, 0xDA0F, 0xDA0E,
    0xD20E, 0xD20E, 0xD20E, 0xD1EE, 0xC9EE, 0xC9ED, 0xC9ED, 0xC9ED, 0xC9ED, 0xC9ED, 0xC9ED, 0xC9ED,
    0xC9ED, 0xC9ED, 0xC9ED, 0xC9ED, 0xC9EE, 0xC9EE, 0xD1EE, 0xD1EE, 0xDA0E, 0xDA0E, 0xD20E, 0xD20E,
    0xD20E, 0xD1EE, 0xD20E, 0xD20E, 0xDA0E, 0xDA0E, 0xDA0E, 0xDA0E, 0xDA0E, 0xDA0E, 0xDA0F, 0xDA0F,
    0xDA0F, 0xDA0F, 0xDA0F, 0xDA0F, 0xDA0E, 0xDA0E, 0xD20E, 0xD20E, 0xD1EE, 0xC9EE, 0xC9EE, 0xD1EE,
    0xD1EE, 0xD20E, 0xE495, 0xD20E, 0xD20E, 0xD20E, 0xD20E, 0xD20E, 0xD20E, 0xD20E, 0xD20E, 0xD20E,
    0xD20E, 0xE495, 0xD20E, 0xD20E, 0xDA0E, 0xDA0E, 0xDA0F, 0xDA0F, 0xDA0E, 0xDA0E, 0xDA0E, 0xD20E,
    0xD20E, 0xD20E, 0xD1EE, 0xD1EE, 0xD20E, 0xD20E, 0xD20E, 0xD20E, 0xD20E, 0xD20E, 0xD20E, 0xD20E,
    0xD1EE, 0xD1EE, 0xD1EE, 0xD20E, 0xD1EE, 0xD1EE, 0xD1EE, 0xD1EE, 0xD1EE, 0xD20E, 0xD20E, 0xD20E,
    0xD20E, 0xD20E, 0xDA0E, 0xDA0E, 0xDA0E, 0xDA0F, 0xE20F, 0xE22F, 0xE22F, 0xE22F, 0xEA2F, 0xEA2F,
    0xEA2F, 0xEA2F, 0xEA2F, 0xEA2F, 0xEA2F, 0xF4B6, 0xEA30, 0xEA30, 0xEA30, 0xEA30, 0xEA2F, 0xEA2F,
    0xE22F, 0xE22F, 0xE22F, 0xE22F, 0xE22F, 0xE20F, 0xDA0F, 0xDA0F, 0xDA0E, 0xDA0E, 0xDA0E, 0xDA0E,
    0xDA0E, 0xDA0E, 0xDA0E, 0xD20E, 0xD20E, 0xD1EE, 0xD1EE, 0xD1EE, 0xD1EE, 0xC9EE, 0xC9EE, 0xC9ED,
    0xC9ED, 0xC9ED, 0xC1ED, 0xC1ED, 0xC1ED, 0xC9ED, 0xC9ED, 0xC9EE, 0xC9EE, 0xD1EE, 0xD1EE, 0xD1EE,
    0xD1EE, 0xD1EE, 0xD1EE, 0xD1EE, 0xD1EE, 0xD20E, 0xD20E, 0xD20E, 0xD20E, 0xD20E, 0xD20E, 0xD20E,
    0xD20E, 0xD20E, 0xDA0E, 0xDA0E, 0xDA0F, 0xDA0F, 0xDA0F, 0xDA0F, 0xDA0F, 0xE22F, 0xECB5, 0xEA2F,
    0xE22F, 0xE22F, 0xE22F, 0xE20F, 0xDA0F, 0xDA0F, 0xDA0E, 0xDA0E, 0xD20E, 0xD20E, 0xD20E, 0xD20E,
    0xD20E, 0xDA0E, 0xDA0E, 0xD20E, 0xD20E, 0xD20E, 0xD20E, 0xD20E, 0xD20E, 0xD20E, 0xD20E, 0xD20E,
    0xD20E, 0xD20E, 0xD20E, 0xD20E, 0xD20E, 0xD20E, 0xD20E, 0xD20E, 0xD20E, 0xD20E, 0xE495, 0xDA0E,
    0xDA0E, 0xDA0E, 0xDA0E, 0xDA0E, 0xDA0F, 0xDA0F, 0xDA0F, 0xE20F, 0xE22F, 0xE22F, 0xE22F, 0xE22F,
    0xE22F, 0xEA2F, 0xEA2F, 0xEA2F, 0xEA2F, 0xEA2F, 0xEA2F, 0xE22F, 0xE22F, 0xDA0F, 0xDA0E, 0xDA0E,
    0xD20E, 0xE495, 0xD20E, 0xD20E, 0xDA0E, 0xDA0E, 0xDA0F, 0xDA0F, 0xE20F, 0xE22F, 0xE22F, 0xDA0F,
    0xDA0F, 0xDA0E, 0xD20E, 0xD20E, 0xD20E, 0xD1EE, 0xC9ED, 0xC9ED, 0xC1ED, 0xC1ED, 0xC1ED, 0xC1CD,
    0xC1CD, 0xC1ED, 0xC1ED, 0xC1ED, 0xC1ED, 0xC1ED, 0xC1ED, 0xC1ED, 0xC1ED, 0xC1ED, 0xC1ED, 0xC1ED,
    0xDA0E, 0xDA0E, 0xD20E, 0xD20E, 0xD20E, 0xD20E, 0xD20E, 0xD20E, 0xD20E, 0xD20E, 0xD20E, 0xDA0E,
    0xDA0E, 0xDA0E, 0xDA0E, 0xDA0E, 0xDA0E, 0xDA0E, 0xDA0E, 0xDA0E, 0xDA0E, 0xDA0E, 0xDA0E, 0xD20E,
    0xD20E, 0xC9EE, 0xC9ED, 0xC9EE, 0xC9EE, 0xD1EE, 0xD1EE, 0xC9EE, 0xC9ED, 0xC9ED, 0xC9ED, 0xC9ED,
    0xC9EE, 0xC9EE, 0xC9EE, 0xD1EE, 0xD1EE, 0xC9EE, 0xC9EE, 0xC9ED, 0xC9EE, 0xD1EE, 0xD20E, 0xDA0E,
    0xDA0E, 0xDA0E, 0xDA0E, 0xD20E, 0xD20E, 0xD1EE, 0xD1EE, 0xD1EE, 0xD1EE, 0xD1EE, 0xD1EE, 0xD1EE,
    0xD1EE, 0xD1EE, 0xD1EE, 0xD1EE, 0xD1EE, 0xD1EE, 0xD1EE, 0xD1EE, 0xD1EE, 0xD1EE, 0xD1EE, 0xD1EE,
    0xD20E, 0xD20E, 0xD20E, 0xDA0E, 0xD20E, 0xD20E, 0xD20E, 0xD20E, 0xD20E, 0xDA0E, 0xDA0E, 0xDA0E,
    0xDA0F, 0xE20F, 0xE22F, 0xEA2F, 0xEA2F, 0xEA2F, 0xEA2F, 0xEA2F, 0xEA2F, 0xEA2F, 0xEA2F, 0xEA30,
    0xEA30, 0xEA30, 0xEA2F, 0xE22F, 0xE22F, 0xE20F, 0xDA0F, 0xDA0F, 0xDA0E, 0xDA0E, 0xDA0E, 0xD20E,
    0xD20E, 0xD20E, 0xD1EE, 0xD1EE, 0xD20E, 0xD20E, 0xD20E, 0xD1EE, 0xC9EE, 0xC9ED, 0xC9ED, 0xC1ED,
    0xC1ED, 0xC1ED, 0xC1ED, 0xC1ED, 0xC1ED, 0xC1CD, 0xB9CD, 0xB9CD, 0xB9CD, 0xB9CD, 0xC1CD, 0xC1ED,
    0xC1ED, 0xC1ED, 0xC1ED, 0xC1ED, 0xC1ED, 0xC1ED, 0xC1ED, 0xC9ED, 0xC9ED, 0xD1EE, 0xD1EE, 0xD1EE,
    0xD1EE, 0xD1EE, 0xD20E, 0xD20E, 0xD20E, 0xDA0E, 0xDA0E, 0xDA0F, 0xE20F, 0xDA0F, 0xDA0F, 0xDA0F,
    0xDA0F, 0xE20F, 0xE22F, 0xE22F, 0xE22F, 0xE22F, 0xE20F, 0xE20F, 0xDA0F, 0xDA0E, 0xD20E, 0xD20E,
    0xD20E, 0xD1EE, 0xD1EE, 0xD1EE, 0xD20E, 0xD20E, 0xD20E, 0xD1EE, 0xD1EE, 0xC9EE, 0xC9EE, 0xC9ED,
    0xC9ED, 0xC9ED, 0xC9ED, 0xC9ED, 0xC9ED, 0xC9ED, 0xC9ED, 0xC9EE, 0xC9EE, 0xC9EE, 0xC9EE, 0xD1EE,
    0xD1EE, 0xD1EE, 0xD20E, 0xDA0E, 0xDA0E, 0xDA0F, 0xE20F, 0xE20F, 0xE20F, 0xE20F, 0xE20F, 0xE22F,
    0xE22F, 0xE22F, 0xE22F, 0xE22F, 0xE22F, 0xE22F, 0xEA2F, 0xEA30, 0xEA30, 0xEA2F, 0xEA2F, 0xE22F,
    0xE20F, 0xDA0F, 0xDA0E, 0xDA0E, 0xD20E, 0xD20E, 0xD20E, 0xD20E, 0xDA0E, 0xDA0E, 0xDA0E, 0xDA0E,
    0xDA0E, 0xDA0E, 0xD20E, 0xD20E, 0xD1EE, 0xC9EE, 0xD1EE, 0xD1EE, 0xD1EE, 0xC9EE, 0xC9ED, 0xC9ED,
    0xC1ED, 0xC1CD, 0xB9CD, 0xB9CD, 0xB9CC, 0xB9CC, 0xB9CC, 0xB9CC, 0xB9CD, 0xB9CD, 0xC1CD, 0xB9CD,
    0xB9CD, 0xB9CC, 0xB9CC, 0xB9CC, 0xDA0E, 0xDA0E, 0xDA0E, 0xDA0E, 0xDA0E, 0xDA0E, 0xDA0E, 0xDA0E,
    0xDA0E, 0xDA0E, 0xDA0E, 0xDA0E, 0xDA0E, 0xDA0E, 0xDA0E, 0xDA0E, 0xDA0E, 0xDA0E, 0xDA0E, 0xDA0E,
    0xDA0E, 0xDA0E, 0xDA0E, 0xDA0E, 0xD20E, 0xD20E, 0xD1EE, 0xD1EE, 0xD1EE, 0xD1EE, 0xD1EE, 0xD1EE,
    0xD1EE, 0xD1EE, 0xD1EE, 0xD1EE, 0xC9EE, 0xC9EE, 0xC9EE, 0xD1EE, 0xD1EE, 0xD1EE, 0xD1EE, 0xD1EE,
    0xD1EE, 0xD1EE, 0xD1EE, 0xD1EE, 0xD1EE, 0xC9EE, 0xC9EE, 0xC9EE, 0xC9EE, 0xC9EE, 0xD1EE, 0xC9EE,
    0xC9EE, 0xC9EE, 0xD1EE, 0xD20E, 0xD20E, 0xD20E, 0xDA0E, 0xDA0E, 0xDA0E, 0xDA0E, 0xDA0E, 0xD20E,
    0xD20E, 0xD20E, 0xE495, 0xD20E, 0xD20E, 0xD20E, 0xD20E, 0xD20E, 0xD20E, 0xD20E, 0xDA0E, 0xDA0E,
    0xDA0E, 0xDA0F, 0xE20F, 0xE20F, 0xE20F, 0xE20F, 0xE22F, 0xE22F, 0xE22F, 0xEA2F, 0xEA2F, 0xEA2F,
    0xEA2F, 0xEA2F, 0xEA2F, 0xEA2F, 0xE22F, 0xE22F, 0xE22F, 0xEA2F, 0xE22F, 0xE22F, 0xE20F, 0xDA0F,
    0xDA0E, 0xDA0E, 0xD20E, 0xD20E, 0xD20E, 0xD20E, 0xD20E, 0xD20E, 0xD20E, 0xD20E, 0xD1EE, 0xD1EE,
    0xD1EE, 0xC9EE, 0xC9EE, 0xC9ED, 0xC9ED, 0xC9ED, 0xC1ED, 0xB9CD, 0xB9CC, 0xB9CC, 0xB9CC, 0xB1CC,
    0xB1CC, 0xB1CC, 0xB1CC, 0xB9CC, 0xB9CC, 0xB9CC, 0xB9CD, 0xB9CD, 0xC1CD, 0xC1ED, 0xC9ED, 0xC9ED,
    0xC9ED, 0xC9EE, 0xD1EE, 0xD20E, 0xDA0E, 0xDA0E, 0xDA0F, 0xE20F, 0xE22F, 0xE22F, 0xE22F, 0xE22F,
    0xE22F, 0xE22F, 0xE22F, 0xE22F, 0xE22F, 0xE22F, 0xE22F, 0xEA2F, 0xE22F, 0xE20F, 0xDA0F, 0xDA0F,
    0xDA0F, 0xDA0E, 0xDA0E, 0xDA0E, 0xDA0E, 0xDA0E, 0xDA0E, 0xDA0E, 0xDA0E, 0xDA0E, 0xD20E, 0xD20E,
    0xD1EE, 0xC9EE, 0xC9ED, 0xC9ED, 0xC9ED, 0xC9ED, 0xC9ED, 0xC9ED, 0xC9ED, 0xC9EE, 0xD1EE, 0xD20E,
    0xD20E, 0xD20E, 0xD20E, 0xDA0E, 0xDA0E, 0xDA0E, 0xDA0E, 0xDA0E, 0xDA0F, 0xDA0F, 0xE20F, 0xE20F,
    0xE20F, 0xE20F, 0xE20F, 0xE22F, 0xE22F, 0xE22F, 0xE22F, 0xE22F, 0xE22F, 0xE22F, 0xEA2F, 0xEA2F,
    0xEA2F, 0xEA30, 0xEA30, 0xEA30, 0xEA2F, 0xEA2F, 0xE22F, 0xE22F, 0xE22F, 0xE20F, 0xE20F, 0xDA0F,
    0xDA0F, 0xDA0E, 0xDA0E, 0xDA0E, 0xDA0E, 0xDA0E, 0xDA0E, 0xD20E, 0xD1EE, 0xD1EE, 0xC9EE, 0xC9ED,
    0xC9ED, 0xC1ED, 0xC1ED, 0xC1ED, 0xC1CD, 0xB9CD, 0xB9CD, 0xB9CD, 0xB9CD, 0xB9CC, 0xB1CC, 0xB1CC,
    0xB9CC, 0xB9CC, 0xB9CD, 0xB9CD, 0xB9CC, 0xB9CC, 0xB9CC, 0xB9CC, 0xE22F, 0xE22F, 0xE20F, 0xE20F,
    0xDA0F, 0xDA0F, 0xDA0F, 0xDA0F, 0xE20F, 0xE20F, 0xE22F, 0xEC95, 0xE22F, 0xE22F, 0xE22F, 0xE20F,
    0xE20F, 0xDA0F, 0xDA0F, 0xDA0F, 0xDA0F, 0xE20F, 0xE20F, 0xE20F, 0xDA0F, 0xDA0F, 0xDA0E, 0xDA0E,
    0xDA0E, 0xDA0E, 0xDA0E, 0xDA0E, 0xDA0E, 0xDA0E, 0xD20E, 0xD20E, 0xD1EE, 0xD1EE, 0xD1EE, 0xD1EE,
    0xD1EE, 0xD1EE, 0xC9EE, 0xC9EE, 0xC9EE, 0xC9EE, 0xC9EE, 0xC9EE, 0xC9EE, 0xC9EE, 0xC9ED, 0xC9EE,
    0xD1EE, 0xD20E, 0xD20E, 0xD20E, 0xD20E, 0xD20E, 0xD20E, 0xDA0E, 0xDA0E, 0xDA0E, 0xDA0F, 0xDA0F,
    0xDA0F, 0xDA0F, 0xDA0F, 0xDA0F, 0xDA0E, 0xDA0E, 0xDA0E, 0xDA0E, 0xDA0E, 0xDA0E, 0xDA0E, 0xDA0E,
    0xDA0E, 0xDA0E, 0xDA0F, 0xDA0F, 0xE20F, 0xE22F, 0xE22F, 0xE22F, 0xE22F, 0xEA2F, 0xEA2F, 0xEA30,
    0xEA2F, 0xEA2F, 0xEA30, 0xEA30, 0xEA30, 0xEA30, 0xEA2F, 0xEA2F, 0xE22F, 0xECB5, 0xEA2F, 0xEA2F,
    0xEA2F, 0xE22F, 0xE22F, 0xE20F, 0xDA0F, 0xDA0E, 0xE495, 0xD20E, 0xD20E, 0xD20E, 0xD20E, 0xD20E,
    0xD20E, 0xD20E, 0xD20E, 0xD20E, 0xD20E, 0xD20E, 0xD20E, 0xD1EE, 0xC9EE, 0xC9ED, 0xC1ED, 0xC1CD,
    0xB9CD, 0xB9CC, 0xB1CC, 0xB1CC, 0xB1CC, 0xB1CC, 0xB1CC, 0xB9CC, 0xB9CC, 0xB9CC, 0xB9CC, 0xD474,
    0xC1CD, 0xC1ED, 0xC9ED, 0xC9EE, 0xC9EE, 0xD1EE, 0xD20E, 0xDA0E, 0xDA0F, 0xE22F, 0xE22F, 0xEA2F,
    0xEA30, 0xEA30, 0xEA30, 0xEA2F, 0xEA2F, 0xEA2F, 0xEA2F, 0xEA30, 0xEA30, 0xEA30, 0xEA2F, 0xEA30,
    0xEA2F, 0xEA2F, 0xE22F, 0xE22F, 0xE22F, 0xE22F, 0xE22F, 0xE22F, 0xE22F, 0xE22F, 0xE22F, 0xE22F,
    0xE20F, 0xDA0F, 0xDA0E, 0xDA0E, 0xD20E, 0xD1EE, 0xC9ED, 0xC9ED, 0xC9ED, 0xC9ED, 0xC9ED, 0xC9ED,
    0xC9EE, 0xD1EE, 0xD20E, 0xDA0E, 0xDA0E, 0xDA0E, 0xDA0E, 0xDA0E, 0xDA0F, 0xDA0F, 0xE20F, 0xE20F,
    0xE22F, 0xE22F, 0xE22F, 0xE22F, 0xE22F, 0xEC95, 0xE22F, 0xE22F, 0xEA2F, 0xEA2F, 0xEA2F, 0xEA2F,
    0xE22F, 0xEA2F, 0xEA2F, 0xEA2F, 0xEA30, 0xEA30, 0xEA30, 0xEA30, 0xEA30, 0xEA30, 0xEA30, 0xEA2F,
    0xEA2F, 0xEA2F, 0xEA2F, 0xE22F, 0xE22F, 0xE20F, 0xDA0F, 0xDA0F, 0xDA0F, 0xDA0F, 0xDA0E, 0xDA0E,
    0xD20E, 0xD1EE, 0xC9EE, 0xC9ED, 0xC9ED, 0xDC94, 0xC1ED, 0xC1ED, 0xC1CD, 0xC1CD, 0xC1CD, 0xC1ED,
    0xC1CD, 0xB9CD, 0xB9CC, 0xB9CC, 0xB9CC, 0xB9CC, 0xB9CC, 0xB9CC, 0xB9CC, 0xB9CC, 0xB9CC, 0xB9CC,
    0xEA30, 0xEA30, 0xEA2F, 0xE22F, 0xE22F, 0xE22F, 0xE22F, 0xE22F, 0xE22F, 0xE22F, 0xEA2F, 0xEA30,
    0xEA30, 0xEA30, 0xEA30, 0xEA2F, 0xEA2F, 0xE22F, 0xE22F, 0xE22F, 0xE22F, 0xE22F, 0xEA2F, 0xEA2F,
    0xEA2F, 0xEA2F, 0xEA2F, 0xEA2F, 0xE22F, 0xE22F, 0xECB5, 0xE22F, 0xE22F, 0xDA0F, 0xDA0E, 0xD20E,
    0xD20E, 0xD1EE, 0xD20E, 0xD20E, 0xD20E, 0xD20E, 0xC9EE, 0xC9ED, 0xC9ED, 0xC9EE, 0xD1EE, 0xD20E,
    0xD20E, 0xD20E, 0xD20E, 0xD20E, 0xDA0E, 0xDA0E, 0xDA0F, 0xDA0F, 0xDA0E, 0xDA0E, 0xDA0E, 0xDA0F,
    0xDA0F, 0xE20F, 0xE22F, 0xE22F, 0xE22F, 0xE22F, 0xE22F, 0xE22F, 0xE22F, 0xE22F, 0xE22F, 0xE22F,
    0xE22F, 0xE22F, 0xE22F, 0xE22F, 0xE22F, 0xE22F, 0xE22F, 0xE22F, 0xE22F, 0xE22F, 0xE22F, 0xEA30,
    0xEA30, 0xF250, 0xF250, 0xF250, 0xF230, 0xEA30, 0xF250, 0xF250, 0xFA50, 0xF250, 0xF250, 0xEA30,
    0xEA2F, 0xEA30, 0xEA30, 0xF250, 0xF230, 0xEA30, 0xECB6, 0xE22F, 0xE22F, 0xE22F, 0xE22F, 0xEC95,
    0xDA0E, 0xDA0E, 0xD20E, 0xDA0E, 0xDA0E, 0xDA0E, 0xDA0E, 0xDA0E, 0xDA0E, 0xDA0E, 0xDA0E, 0xD20E,
    0xD20E, 0xD1EE, 0xC9EE, 0xC9ED, 0xC9ED, 0xC1ED, 0xB9CD, 0xB9CC, 0xB1CC, 0xD474, 0xC1ED, 0xC9ED,
    0xC1ED, 0xC1ED, 0xC1CD, 0xC1ED, 0xC1ED, 0xC9ED, 0xD20E, 0xD20E, 0xD20E, 0xDA0E, 0xDA0E, 0xDA0F,
    0xE22F, 0xEA2F, 0xEA30, 0xF250, 0xF250, 0xF250, 0xF250, 0xF230, 0xEA30, 0xEA30, 0xEA30, 0xF230,
    0xF230, 0xF230, 0xEA30, 0xF230, 0xF230, 0xF250, 0xF250, 0xF250, 0xF250, 0xF250, 0xF250, 0xF250,
    0xF250, 0xEA30, 0xEA30, 0xEA2F, 0xEA2F, 0xE22F, 0xE22F, 0xDA0F, 0xDA0E, 0xD20E, 0xD20E, 0xD1EE,
    0xD1EE, 0xD1EE, 0xD1EE, 0xD1EE, 0xD20E, 0xD20E, 0xDA0E, 0xDA0F, 0xDA0F, 0xDA0F, 0xDA0F, 0xDA0F,
    0xE22F, 0xE22F, 0xEA2F, 0xEA2F, 0xEA2F, 0xEA2F, 0xEA2F, 0xEA2F, 0xEA2F, 0xEA2F, 0xEA2F, 0xEA30,
    0xEA30, 0xEA30, 0xEA30, 0xEA30, 0xEA2F, 0xEA2F, 0xEA30, 0xF4B6, 0xF250, 0xF230, 0xEA30, 0xEA30,
    0xEA30, 0xEA2F, 0xEA2F, 0xEA2F, 0xEA2F, 0xEA2F, 0xEA2F, 0xEA2F, 0xEA30, 0xEA30, 0xEA30, 0xEA2F,
    0xEA2F, 0xE22F, 0xE22F, 0xDA0E, 0xD20E, 0xD20E, 0xD20E, 0xD20E, 0xD20E, 0xD20E, 0xC9EE, 0xC9ED,
    0xC9ED, 0xC9ED, 0xC9ED, 0xC9ED, 0xC9ED, 0xC9ED, 0xC1ED, 0xC1ED, 0xC1CD, 0xB9CD, 0xB9CD, 0xB9CD,
    0xB9CD, 0xB9CD, 0xC1CD, 0xC1CD, 0xEA30, 0xEA30, 0xEA30, 0xEA30, 0xEA30, 0xEA30, 0xEA2F, 0xE22F,
    0xE22F, 0xE22F, 0xEA2F, 0xEA30, 0xF250, 0xEA30, 0xEA2F, 0xE22F, 0xE22F, 0xE22F, 0xE22F, 0xE22F,
    0xE22F, 0xEA30, 0xEA30, 0xEA30, 0xEA30, 0xEA30, 0xEA2F, 0xE22F, 0xE22F, 0xE22F, 0xE22F, 0xDA2F,
    0xDA0F, 0xDA0E, 0xDA0E, 0xD20E, 0xD20E, 0xD20E, 0xD20E, 0xDA0E, 0xDA0E, 0xDA0E, 0xDA0E, 0xDA0E,
    0xDA0E, 0xDA0E, 0xDA0F, 0xDA0F, 0xDA0F, 0xDA0F, 0xDA0F, 0xDA0F, 0xDA0F, 0xDA2F, 0xE22F, 0xE22F,
    0xE22F, 0xE22F, 0xE22F, 0xEA2F, 0xEA2F, 0xEA2F, 0xEA2F, 0xEA30, 0xEA30, 0xEA30, 0xEA30, 0xF250,
    0xF230, 0xEA30, 0xEA30, 0xEA2F, 0xEA2F, 0xEA2F, 0xEA30, 0xEA30, 0xEA2F, 0xE22F, 0xE22F, 0xE22F,
    0xEA2F, 0xEA30, 0xEA30, 0xF250, 0xF250, 0xFA50, 0xFA51, 0xFA51, 0xFA50, 0xFA50, 0xFA51, 0xFA51,
    0xFA51, 0xFA51, 0xFA51, 0xFA51, 0xFA51, 0xFA51, 0xFA51, 0xFA51, 0xFA51, 0xF250, 0xF250, 0xF250,
    0xEA30, 0xEA30, 0xEA30, 0xEA30, 0xEA2F, 0xE22F, 0xE22F, 0xE22F, 0xE22F, 0xE22F, 0xE22F, 0xE22F,
    0xDA0F, 0xDA0E, 0xDA0E, 0xD20E, 0xD20E, 0xD20E, 0xD20E, 0xD20E, 0xD20E, 0xC9EE, 0xC9ED, 0xC1ED,
    0xC1ED, 0xC1ED, 0xC9ED, 0xC9ED, 0xC9ED, 0xC9EE, 0xC9EE, 0xD20E, 0xD20E, 0xD20E, 0xE495, 0xDA0F,
    0xDA2F, 0xE22F, 0xE22F, 0xEA2F, 0xEA30, 0xF250, 0xF250, 0xFA50, 0xFA51, 0xFA50, 0xF250, 0xF250,
    0xF250, 0xF250, 0xF250, 0xF250, 0xF250, 0xF250, 0xF250, 0xFA50, 0xFA50, 0xFA50, 0xFA50, 0xFA50,
    0xFA51, 0xFA51, 0xFA50, 0xF250, 0xF250, 0xEA30, 0xEA30, 0xEA2F, 0xEA2F, 0xE22F, 0xE22F, 0xE22F,
    0xE22F, 0xDA2F, 0xDA0F, 0xDA0F, 0xDA0F, 0xDA0F, 0xDA0F, 0xDA0F, 0xDA0F, 0xDA0F, 0xE22F, 0xE22F,
    0xE22F, 0xE22F, 0xE22F, 0xE22F, 0xEA2F, 0xEA30, 0xF250, 0xF250, 0xF250, 0xF250, 0xF250, 0xF250,
    0xFA50, 0xFA50, 0xFA50, 0xFA50, 0xFA50, 0xFA50, 0xF250, 0xF250, 0xF250, 0xF250, 0xFA50, 0xFA51,
    0xFA51, 0xFA51, 0xFA51, 0xFA50, 0xFA50, 0xF250, 0xF250, 0xF250, 0xF250, 0xEA30, 0xEA30, 0xEA30,
    0xEA2F, 0xEA2F, 0xEA2F, 0xEA2F, 0xEA2F, 0xEA2F, 0xE22F, 0xE22F, 0xDA0E, 0xDA0E, 0xDA0E, 0xDA0F,
    0xDA0F, 0xDA0F, 0xDA0E, 0xD20E, 0xD20E, 0xD20E, 0xD20E, 0xD20E, 0xD20E, 0xD20E, 0xD20E, 0xD20E,
    0xC9EE, 0xC9EE, 0xC9ED, 0xC9ED, 0xC9EE, 0xC9EE, 0xC9EE, 0xC9EE, 0xF250, 0xF250, 0xF250, 0xF250,
    0xF250, 0xF250, 0xEA50, 0xEA30, 0xEA2F, 0xEA2F, 0xEA30, 0xEA30, 0xEA30, 0xEA2F, 0xE22F, 0xE22F,
    0xE22F, 0xE22F, 0xE22F, 0xE22F, 0xEA2F, 0xEA30, 0xF250, 0xF250, 0xF250, 0xF250, 0xEA30, 0xEA2F,
    0xE22F, 0xE22F, 0xE22F, 0xE22F, 0xDA2F, 0xDA0F, 0xDA0E, 0xDA0E, 0xD20E, 0xDA0E, 0xDA0E, 0xDA0F,
    0xDA0F, 0xDA2F, 0xE22F, 0xE22F, 0xE22F, 0xE22F, 0xEA2F, 0xE22F, 0xE22F, 0xE22F, 0xE22F, 0xE22F,
    0xE22F, 0xE22F, 0xE22F, 0xEA2F, 0xEA30, 0xEA50, 0xEA50, 0xEA50, 0xEA30, 0xEA30, 0xEA30, 0xEA30,
    0xEA50, 0xF250, 0xF250, 0xF250, 0xF250, 0xF250, 0xF250, 0xEA30, 0xEA30, 0xEA30, 0xEA30, 0xEA30,
    0xEA30, 0xEA2F, 0xEA2F, 0xEA30, 0xEA30, 0xF250, 0xF250, 0xF250, 0xFA50, 0xFA51, 0xFA51, 0xFA71,
    0xFA71, 0xFA71, 0xFA71, 0xFCD6, 0xFA71, 0xFA71, 0xFA71, 0xFA71, 0xFA72, 0xFA72, 0xFA71, 0xFA71,
    0xFA71, 0xFA71, 0xFA51, 0xFA51, 0xFA51, 0xFA51, 0xFA51, 0xFA50, 0xF250, 0xF250, 0xEA50, 0xEA30,
    0xEA30, 0xEA30, 0xEA2F, 0xE22F, 0xE22F, 0xDA2F, 0xDA0F, 0xDA0F, 0xDA0E, 0xDA0E, 0xDA0E, 0xDA0E,
    0xDA0E, 0xDA0E, 0xDA0E, 0xD20E, 0xD20E, 0xD20E, 0xD20E, 0xD20E, 0xD20E, 0xD20E, 0xDA0E, 0xDA0E,
    0xDA0F, 0xEC95, 0xE22F, 0xE22F, 0xEA2F, 0xEA30, 0xEA50, 0xF250, 0xF250, 0xF250, 0xFCB6, 0xFA51,
    0xFA51, 0xFA51, 0xFA51, 0xFA51, 0xFA50, 0xFA50, 0xFA50, 0xFA50, 0xFA50, 0xFA50, 0xF250, 0xFA50,
    0xFA50, 0xFA50, 0xFA50, 0xFA50, 0xFA51, 0xFA51, 0xFCB6, 0xFA51, 0xF250, 0xF250, 0xF250, 0xEA30,
    0xEA30, 0xEA2F, 0xEA2F, 0xEA2F, 0xE22F, 0xE22F, 0xE22F, 0xEA2F, 0xEA30, 0xEA2F, 0xEA2F, 0xE22F,
    0xE22F, 0xE22F, 0xEA2F, 0xEA30, 0xEA30, 0xF250, 0xF250, 0xF250, 0xF250, 0xF250, 0xFA50, 0xFA51,
    0xFA51, 0xFA51, 0xFA51, 0xFA51, 0xFA51, 0xFA51, 0xFA71, 0xFA71, 0xFA71, 0xFA71, 0xFA71, 0xFA71,
    0xFA51, 0xFA71, 0xFA71, 0xFA71, 0xFA71, 0xFA71, 0xFA71, 0xFA51, 0xFA51, 0xFA51, 0xFA51, 0xFA50,
    0xF250, 0xF250, 0xEA30, 0xEA30, 0xEA30, 0xEA30, 0xEA30, 0xEA30, 0xEA2F, 0xEA2F, 0xE22F, 0xE22F,
    0xE22F, 0xE22F, 0xE22F, 0xE22F, 0xE22F, 0xE22F, 0xDA2F, 0xDA0F, 0xDA0E, 0xDA0E, 0xDA0E, 0xDA0E,
    0xDA0E, 0xDA0E, 0xDA0E, 0xDA0E, 0xDA0E, 0xD20E, 0xD20E, 0xD20E, 0xD20E, 0xD20E, 0xD20E, 0xD20E,
    0xFA51, 0xFA51, 0xFA51, 0xFA51, 0xFA50, 0xF250, 0xF250, 0xF250, 0xEA30, 0xEA2F, 0xEA2F, 0xE22F,
    0xE22F, 0xE22F, 0xE22F, 0xDA2F, 0xE22F, 0xE22F, 0xE22F, 0xE22F, 0xE22F, 0xEA30, 0xF250, 0xF250,
    0xF250, 0xF250, 0xF250, 0xEA50, 0xEA30, 0xE22F, 0xE22F, 0xE22F, 0xE22F, 0xE22F, 0xDA2F, 0xDA0E,
    0xDA0E, 0xDA0E, 0xDA0E, 0xDA0F, 0xDA2F, 0xE22F, 0xE22F, 0xEA2F, 0xEA30, 0xEA50, 0xF250, 0xF250,
    0xEA30, 0xEA2F, 0xE22F, 0xE22F, 0xEA2F, 0xEA30, 0xEA30, 0xEA50, 0xF250, 0xF250, 0xF250, 0xEA50,
    0xEA30, 0xE22F, 0xEA2F, 0xEA2F, 0xEA2F, 0xEA2F, 0xEA30, 0xEA30, 0xEA50, 0xF250, 0xF250, 0xF250,
    0xF250, 0xEA50, 0xEA30, 0xEA30, 0xEA2F, 0xEA30, 0xEA30, 0xEA50, 0xF250, 0xF250, 0xF250, 0xFA50,
    0xFA51, 0xFA71, 0xFA71, 0xFA71, 0xFA71, 0xFA71, 0xFA71, 0xFA71, 0xFA72, 0xFA72, 0xFA72, 0xFA72,
    0xFA72, 0xFA72, 0xFA72, 0xFA92, 0xFA72, 0xFA72, 0xFA71, 0xFA71, 0xFA71, 0xFA71, 0xFA71, 0xFA71,
    0xFA71, 0xFA51, 0xFA51, 0xF250, 0xF250, 0xEA30, 0xEA30, 0xEA30, 0xEA30, 0xEA30, 0xE22F, 0xE22F,
    0xE22F, 0xDA2F, 0xE22F, 0xE22F, 0xE22F, 0xE22F, 0xE22F, 0xE22F, 0xE22F, 0xE22F, 0xE22F, 0xE22F,
    0xDA2F, 0xDA2F, 0xDA0F, 0xDA2F, 0xE22F, 0xE22F, 0xEA30, 0xEA30, 0xEA50, 0xF250, 0xF250, 0xF250,
    0xF250, 0xF250, 0xFA50, 0xFA51, 0xFA51, 0xFA51, 0xFA71, 0xFA71, 0xFA71, 0xFA51, 0xFA51, 0xFA51,
    0xFA51, 0xF250, 0xF250, 0xEA50, 0xEA50, 0xEA50, 0xEA50, 0xEA50, 0xF250, 0xF250, 0xFA51, 0xFA51,
    0xFA51, 0xFA51, 0xFA50, 0xF250, 0xF250, 0xEA50, 0xEA30, 0xEA30, 0xEA2F, 0xEA30, 0xEA30, 0xEA50,
    0xF250, 0xF250, 0xEA50, 0xEA30, 0xEA30, 0xEA50, 0xF250, 0xF250, 0xFA50, 0xFA51, 0xFA51, 0xFA51,
    0xFA71, 0xFA71, 0xFA71, 0xFA71, 0xFA51, 0xFA51, 0xFA51, 0xFA51, 0xFA51, 0xFA50, 0xFA51, 0xFA71,
    0xFA71, 0xFA72, 0xFA71, 0xFA71, 0xFA71, 0xFA71, 0xFA71, 0xFA71, 0xFA71, 0xFA71, 0xFA71, 0xFA51,
    0xFA51, 0xF250, 0xF250, 0xEA50, 0xEA30, 0xEA30, 0xEA2F, 0xEA30, 0xEA30, 0xEA50, 0xF250, 0xEA30,
    0xEA2F, 0xE22F, 0xE22F, 0xEA2F, 0xEA2F, 0xEA30, 0xEA2F, 0xEA2F, 0xE22F, 0xE22F, 0xE22F, 0xE22F,
    0xDA2F, 0xDA2F, 0xDA2F, 0xE22F, 0xDA2F, 0xDA2F, 0xDA0F, 0xDA0F, 0xDA0E, 0xDA0E, 0xDA0E, 0xD20E,
    0xD20E, 0xD20E, 0xD20E, 0xD20E, 0xFA50, 0xFA50, 0xFA50, 0xF250, 0xF250, 0xF250, 0xEA50, 0xEA30,
    0xE22F, 0xE22F, 0xE22F, 0xE22F, 0xE22F, 0xDA2F, 0xDA0F, 0xDA0E, 0xE495, 0xDA0E, 0xDA0F, 0xDA2F,
    0xE22F, 0xE22F, 0xE22F, 0xF4B6, 0xEA30, 0xF250, 0xF250, 0xF4B6, 0xEA30, 0xEA2F, 0xE22F, 0xE22F,
    0xDA2F, 0xDA0F, 0xDA0E, 0xD20E, 0xD20E, 0xDA0E, 0xDA0F, 0xE22F, 0xE22F, 0xE22F, 0xE22F, 0xEA2F,
    0xEA30, 0xEA30, 0xEA30, 0xEA30, 0xEA30, 0xEA30, 0xEA30, 0xEA30, 0xEA30, 0xEA30, 0xEA30, 0xEA30,
    0xEA30, 0xEA30, 0xEA2F, 0xEA2F, 0xE22F, 0xE22F, 0xE22F, 0xEA2F, 0xEA30, 0xEA30, 0xEA30, 0xEA30,
    0xEA2F, 0xEA2F, 0xEA2F, 0xEA2F, 0xEA2F, 0xEA2F, 0xEA2F, 0xE22F, 0xE22F, 0xE22F, 0xEA2F, 0xEA30,
    0xEA30, 0xEA50, 0xF250, 0xF250, 0xFA51, 0xFA51, 0xFA71, 0xFA71, 0xFA51, 0xFA51, 0xFA71, 0xFA71,
    0xFA71, 0xFA71, 0xFA72, 0xFA72, 0xFA72, 0xFA72, 0xFA72, 0xFA72, 0xFA72, 0xFA72, 0xFA71, 0xFA71,
    0xFA71, 0xFA71, 0xFA71, 0xFA71, 0xFA71, 0xFA71, 0xFA51, 0xFA50, 0xF250, 0xF250, 0xF250, 0xEA50,
    0xEA30, 0xEA30, 0xEA2F, 0xEA2F, 0xE22F, 0xE22F, 0xE22F, 0xE22F, 0xE22F, 0xE22F, 0xE22F, 0xE22F,
    0xE22F, 0xDA2F, 0xDA2F, 0xDA0F, 0xDA2F, 0xDA2F, 0xE22F, 0xE22F, 0xE22F, 0xE22F, 0xE22F, 0xEA2F,
    0xEA30, 0xEA50, 0xF250, 0xF250, 0xF250, 0xF250, 0xF250, 0xF250, 0xF250, 0xF250, 0xF250, 0xFA50,
    0xFA50, 0xFA50, 0xFA50, 0xFA50, 0xFA50, 0xF250, 0xF250, 0xF250, 0xEA50, 0xEA30, 0xEA2F, 0xEA2F,
    0xEA2F, 0xEA30, 0xEA30, 0xEA30, 0xEA50, 0xF250, 0xF250, 0xF250, 0xF250, 0xEA50, 0xEA30, 0xEA30,
    0xEA30, 0xEA50, 0xF250, 0xF250, 0xF250, 0xF250, 0xF250, 0xF250, 0xF250, 0xF250, 0xF250, 0xFA50,
    0xFA50, 0xFA50, 0xFA50, 0xF250, 0xF250, 0xF250, 0xF250, 0xF250, 0xF250, 0xF250, 0xF250, 0xFA50,
    0xFA51, 0xFA51, 0xFA51, 0xFA51, 0xFA71, 0xFA71, 0xFA71, 0xFA71, 0xFA71, 0xFA71, 0xFA71, 0xFA71,
    0xFA71, 0xFA51, 0xFA51, 0xF250, 0xF250, 0xF250, 0xEA50, 0xEA30, 0xEA2F, 0xE22F, 0xE22F, 0xE22F,
    0xE22F, 0xEA2F, 0xEA2F, 0xEA2F, 0xE22F, 0xE22F, 0xE22F, 0xE22F, 0xE22F, 0xE22F, 0xE22F, 0xE22F,
    0xE22F, 0xE22F, 0xE22F, 0xE22F, 0xE22F, 0xDA2F, 0xEC95, 0xDA0F, 0xDA0F, 0xDA0E, 0xDA0E, 0xDA0E,
    0xDA0E, 0xDA0E, 0xD20E, 0xD20E, 0xD20E, 0xD20E, 0xD20E, 0xD20E, 0xEA30, 0xEA30, 0xEA2F, 0xEA2F,
    0xEA2F, 0xE22F, 0xE22F, 0xE22F, 0xDA0F, 0xDA0F, 0xDA0F, 0xDA0F, 0xDA0F, 0xDA0E, 0xD20E, 0xD20E,
    0xD20E, 0xD20E, 0xE495, 0xDA0E, 0xDA0E, 0xDA0E, 0xDA0E, 0xDA0F, 0xE22F, 0xE22F, 0xE22F, 0xE22F,
    0xE22F, 0xE22F, 0xE22F, 0xDA0F, 0xD20E, 0xD20E, 0xD20E, 0xD20E, 0xD20E, 0xD20E, 0xDA0E, 0xDA0E,
    0xDA0F, 0xDA0F, 0xDA0F, 0xDA0F, 0xE22F, 0xE22F, 0xE22F, 0xE22F, 0xE22F, 0xE22F, 0xEA2F, 0xEA2F,
    0xEA2F, 0xEA2F, 0xECB6, 0xE22F, 0xE22F, 0xE22F, 0xE22F, 0xE22F, 0xE22F, 0xDA2F, 0xE22F, 0xE22F,
    0xE22F, 0xE22F, 0xE22F, 0xE22F, 0xECB5, 0xE22F, 0xE22F, 0xE22F, 0xE22F, 0xE22F, 0xE22F, 0xE22F,
    0xE22F, 0xE22F, 0xE22F, 0xE22F, 0xEA2F, 0xEA30, 0xEA30, 0xF250, 0xF250, 0xFA50, 0xFA51, 0xFA51,
    0xFA50, 0xFA50, 0xFA50, 0xFA51, 0xFA51, 0xFCB6, 0xFA71, 0xFA71, 0xFA71, 0xFA71, 0xFA71, 0xFA71,
    0xFA71, 0xFA51, 0xFA51, 0xFA51, 0xFA51, 0xFA51, 0xFA51, 0xFA51, 0xFA50, 0xF250, 0xF250, 0xF250,
    0xF250, 0xEA30, 0xEA30, 0xEA30, 0xEA2F, 0xE22F, 0xE22F, 0xE22F, 0xE22F, 0xE22F, 0xDA0F, 0xDA0E,
    0xD20E, 0xD20E, 0xD20E, 0xD20E, 0xD20E, 0xD20E, 0xD20E, 0xD20E, 0xD20E, 0xDA0E, 0xDA0E, 0xDA0F,
    0xDA0E, 0xDA0F, 0xDA0F, 0xE22F, 0xE22F, 0xEA2F, 0xEA30, 0xEA30, 0xEA30, 0xF250, 0xF250, 0xEA30,
    0xEA30, 0xEA30, 0xEA30, 0xEA30, 0xF250, 0xF4B6, 0xF250, 0xF250, 0xF250, 0xF250, 0xF250, 0xEA30,
    0xEA30, 0xEA2F, 0xEA2F, 0xE22F, 0xE22F, 0xE22F, 0xE22F, 0xEA2F, 0xEA2F, 0xEA30, 0xEA30, 0xEA30,
    0xEA30, 0xEA30, 0xEA30, 0xEA30, 0xEA30, 0xEA30, 0xF250, 0xF250, 0xF250, 0xF250, 0xF250, 0xEA30,
    0xEA30, 0xEA30, 0xF230, 0xF250, 0xF250, 0xF250, 0xF230, 0xEA30, 0xEA30, 0xEA30, 0xEA30, 0xEA30,
    0xEA30, 0xEA30, 0xEA30, 0xEA30, 0xF250, 0xF250, 0xF250, 0xF250, 0xFA50, 0xFA50, 0xFA50, 0xFA51,
    0xFA51, 0xFA51, 0xFA51, 0xFA51, 0xFA51, 0xFA51, 0xF250, 0xF250, 0xF250, 0xF250, 0xEA30, 0xEA30,
    0xEA2F, 0xEA2F, 0xE22F, 0xE22F, 0xE22F, 0xE22F, 0xE22F, 0xE22F, 0xE22F, 0xE22F, 0xE22F, 0xE22F,
    0xE22F, 0xE22F, 0xDA0F, 0xDA0F, 0xDA0E, 0xDA0E, 0xDA0E, 0xDA0E, 0xDA0E, 0xDA0E, 0xD20E, 0xD20E,
    0xD20E, 0xD20E, 0xD20E, 0xD20E, 0xD20E, 0xD20E, 0xD20E, 0xD20E, 0xD20E, 0xD20E, 0xD20E, 0xD20E,
    0xDA0E, 0xDA0E, 0xDA0E, 0xD20E, 0xD20E, 0xD20E, 0xD20E, 0xD20E, 0xDA0E, 0xD20E, 0xD20E, 0xD1EE,
    0xC9ED, 0xC9ED, 0xC9ED, 0xC1ED, 0xC9ED, 0xC9EE, 0xD20E, 0xD20E, 0xD20E, 0xD20E, 0xD20E, 0xD20E,
    0xD20E, 0xD20E, 0xD20E, 0xDA0E, 0xDA0E, 0xDA0E, 0xD20E, 0xD20E, 0xC9EE, 0xC9ED, 0xC9ED, 0xC9EE,
    0xD1EE, 0xD1EE, 0xC9EE, 0xC9EE, 0xC9ED, 0xC9EE, 0xC9EE, 0xD1EE, 0xD20E, 0xDA0E, 0xDA0F, 0xDA0F,
    0xDA0F, 0xDA0F, 0xDA0F, 0xDA0F, 0xDA0F, 0xE20F, 0xE20F, 0xE20F, 0xDA0F, 0xDA0F, 0xDA0F, 0xDA0E,
    0xDA0E, 0xDA0E, 0xDA0E, 0xDA0E, 0xDA0E, 0xDA0E, 0xDA0E, 0xDA0E, 0xDA0E, 0xDA0F, 0xDA0F, 0xE22F,
    0xE22F, 0xE22F, 0xE22F, 0xE22F, 0xE22F, 0xE22F, 0xE22F, 0xE22F, 0xE22F, 0xEA2F, 0xEA2F, 0xEA30,
    0xF4B6, 0xF250, 0xF250, 0xF250, 0xF250, 0xF250, 0xF250, 0xF250, 0xF250, 0xF250, 0xF250, 0xFA50,
    0xFA50, 0xFA50, 0xFA51, 0xFA51, 0xFA51, 0xFA50, 0xF250, 0xF230, 0xF230, 0xF250, 0xF230, 0xF230,
    0xEA30, 0xE22F, 0xE22F, 0xE22F, 0xE22F, 0xE22F, 0xE22F, 0xE22F, 0xDA0F, 0xDA0E, 0xDA0E, 0xDA0F,
    0xDA0F, 0xDA0E, 0xDA0E, 0xD20E, 0xC9EE, 0xC9EE, 0xC9ED, 0xC9ED, 0xC9ED, 0xC9ED, 0xC9ED, 0xC9EE,
    0xC9EE, 0xD1EE, 0xD20E, 0xD20E, 0xD20E, 0xDA0E, 0xDA0E, 0xDA0F, 0xDA0F, 0xE20F, 0xE22F, 0xE22F,
    0xE22F, 0xEA2F, 0xEA2F, 0xEA2F, 0xEA2F, 0xE22F, 0xE22F, 0xE22F, 0xE22F, 0xE22F, 0xEA2F, 0xEA2F,
    0xEA30, 0xEA2F, 0xE22F, 0xE22F, 0xE22F, 0xE22F, 0xE22F, 0xE22F, 0xE22F, 0xE22F, 0xE22F, 0xE22F,
    0xEA2F, 0xEA2F, 0xEA2F, 0xEA2F, 0xEA2F, 0xEA2F, 0xEA2F, 0xEA2F, 0xEA2F, 0xEA30, 0xEA30, 0xEA30,
    0xEA30, 0xEA30, 0xEA30, 0xEA30, 0xEA2F, 0xE22F, 0xE22F, 0xE22F, 0xE22F, 0xE22F, 0xEA2F, 0xEA2F,
    0xEA2F, 0xE22F, 0xE22F, 0xE22F, 0xE22F, 0xE20F, 0xE20F, 0xE20F, 0xE22F, 0xE22F, 0xEA2F, 0xEA30,
    0xF230, 0xF250, 0xF250, 0xF4B6, 0xF250, 0xF250, 0xFA50, 0xFA50, 0xFA50, 0xFA50, 0xF250, 0xF250,
    0xF230, 0xF230, 0xEA30, 0xEA30, 0xEA2F, 0xEA2F, 0xEA2F, 0xE22F, 0xE22F, 0xDA0F, 0xDA0E, 0xDA0E,
    0xDA0E, 0xDA0E, 0xD20E, 0xD20E, 0xD20E, 0xD20E, 0xD20E, 0xD20E, 0xDA0E, 0xD20E, 0xD20E, 0xD20E,
    0xC9EE, 0xC9ED, 0xC9ED, 0xC9ED, 0xC9ED, 0xC9ED, 0xC9EE, 0xD1EE, 0xC9EE, 0xC9EE, 0xC9ED, 0xC9ED,
    0xC9EE, 0xC9EE, 0xC9EE, 0xC9EE, 0xC9ED, 0xC9ED, 0xC9ED, 0xC9ED, 0xC9ED, 0xC9EE, 0xC9ED, 0xC9ED,
    0xC9ED, 0xC9ED, 0xC9ED, 0xC9ED, 0xC9ED, 0xC1ED, 0xC1ED, 0xC1CD, 0xC1CD, 0xC1ED, 0xC1ED, 0xC9ED,
    0xC9ED, 0xC9ED, 0xC9ED, 0xC9ED, 0xC9ED, 0xC9ED, 0xC9ED, 0xC9ED, 0xC9ED, 0xC9ED, 0xC9ED, 0xC9ED,
    0xC1ED, 0xC1ED, 0xC1ED, 0xC1ED, 0xC1ED, 0xC1ED, 0xC1ED, 0xC1ED, 0xC9ED, 0xC9ED, 0xC9ED, 0xC9ED,
    0xC9ED, 0xC9EE, 0xC9EE, 0xC9EE, 0xC9EE, 0xD1EE, 0xD1EE, 0xD1EE, 0xD1EE, 0xD20E, 0xD20E, 0xD20E,
    0xD1EE, 0xD1EE, 0xD1EE, 0xD1EE, 0xD20E, 0xD20E, 0xD20E, 0xD20E, 0xD1EE, 0xD1EE, 0xD1EE, 0xD1EE,
    0xD1EE, 0xD1EE, 0xD20E, 0xD20E, 0xDA0E, 0xE495, 0xDA0E, 0xDA0E, 0xDA0F, 0xDA0F, 0xE20F, 0xE20F,
    0xE20F, 0xE22F, 0xE22F, 0xE22F, 0xE22F, 0xE22F, 0xE22F, 0xEA2F, 0xEA30, 0xEA30, 0xEA30, 0xEA30,
    0xEA2F, 0xEA2F, 0xEA30, 0xEA30, 0xEA30, 0xF230, 0xF230, 0xF230, 0xF230, 0xEA30, 0xEA30, 0xEA2F,
    0xEA2F, 0xE22F, 0xE22F, 0xE20F, 0xE20F, 0xDA0F, 0xDA0F, 0xDA0E, 0xDA0E, 0xDA0E, 0xDA0E, 0xDA0E,
    0xD20E, 0xD20E, 0xD1EE, 0xD1EE, 0xD1EE, 0xC9EE, 0xC9ED, 0xC9ED, 0xC9ED, 0xC1ED, 0xC1CD, 0xB9CD,
    0xB9CD, 0xDC74, 0xB9CD, 0xC1CD, 0xC1CD, 0xC1CD, 0xC1ED, 0xC1ED, 0xC9ED, 0xC9ED, 0xD1EE, 0xD1EE,
    0xD20E, 0xDA0E, 0xDA0E, 0xDA0E, 0xDA0E, 0xDA0F, 0xDA0F, 0xDA0F, 0xE20F, 0xE20F, 0xDA0F, 0xDA0F,
    0xDA0F, 0xDA0F, 0xE20F, 0xE20F, 0xE22F, 0xE20F, 0xDA0F, 0xDA0F, 0xDA0F, 0xDA0F, 0xDA0F, 0xDA0F,
    0xDA0F, 0xDA0F, 0xDA0F, 0xDA0F, 0xE20F, 0xE20F, 0xE22F, 0xE20F, 0xE20F, 0xE20F, 0xE20F, 0xE20F,
    0xE20F, 0xE20F, 0xE22F, 0xE22F, 0xE22F, 0xE22F, 0xE22F, 0xE22F, 0xE20F, 0xDA0F, 0xDA0E, 0xDA0E,
    0xDA0E, 0xDA0E, 0xDA0F, 0xDA0F, 0xDA0F, 0xDA0F, 0xDA0F, 0xDA0F, 0xDA0E, 0xDA0E, 0xDA0E, 0xDA0E,
    0xDA0E, 0xDA0E, 0xDA0F, 0xE20F, 0xE22F, 0xE22F, 0xEA2F, 0xEA30, 0xEA30, 0xF230, 0xF230, 0xF230,
    0xF230, 0xF230, 0xF230, 0xF230, 0xEA30, 0xEA2F, 0xE22F, 0xE22F, 0xE20F, 0xE20F, 0xE20F, 0xDA0F,
    0xDA0F, 0xDA0E, 0xDA0E, 0xD20E, 0xD20E, 0xD1EE, 0xD1EE, 0xD1EE, 0xD1EE, 0xD1EE, 0xC9EE, 0xC9EE,
    0xC9EE, 0xC9ED, 0xC9ED, 0xC1ED, 0xC1ED, 0xC1CD, 0xC1CD, 0xC1CD, 0xC1ED, 0xC1ED, 0xC1ED, 0xC1ED,
    0xC1ED, 0xC1CD, 0xC1CD, 0xC1CD, 0xC1CD, 0xC1CD, 0xC1CD, 0xC1CD, 0xB9CD, 0xB9CD, 0xC1CD, 0xC1CD,
    0xC1ED, 0xC1ED, 0xC1ED, 0xC1ED, 0xC1CD, 0xC1CD, 0xC1ED, 0xC1ED, 0xC1ED, 0xC1CD, 0xB9CD, 0xB9CD,
    0xB9CD, 0xB9CD, 0xB9CD, 0xB9CD, 0xC1CD, 0xC1ED, 0xC1ED, 0xC1ED, 0xC1ED, 0xC1CD, 0xC1CD, 0xC1CD,
    0xB9CD, 0xB9CD, 0xB9CD, 0xC1CD, 0xC1CD, 0xC1ED, 0xC1CD, 0xB9CD, 0xB9CC, 0xB9CD, 0xC1CD, 0xC1CD,
    0xC1ED, 0xC1ED, 0xC1ED, 0xC9ED, 0xC9ED, 0xC1ED, 0xC1ED, 0xC1CD, 0xC1CD, 0xC1ED, 0xC1ED, 0xC1ED,
    0xC9ED, 0xC9ED, 0xC9ED, 0xC9ED, 0xC9ED, 0xC9ED, 0xC9ED, 0xC9ED, 0xD1EE, 0xD1EE, 0xD1EE, 0xD1EE,
    0xC9EE, 0xC9ED, 0xC9ED, 0xC9ED, 0xC9ED, 0xC9ED, 0xC9ED, 0xC9EE, 0xC9EE, 0xD1EE, 0xD1EE, 0xD20E,
    0xDA0E, 0xDA0E, 0xDA0F, 0xE20F, 0xE20F, 0xE20F, 0xE20F, 0xDA0F, 0xDA0F, 0xDA0F, 0xDA0F, 0xE20F,
    0xE22F, 0xEA2F, 0xE22F, 0xE22F, 0xE20F, 0xEC95, 0xE22F, 0xE22F, 0xEA2F, 0xEA2F, 0xEA2F, 0xEA2F,
    0xEA2F, 0xE22F, 0xE20F, 0xE20F, 0xDA0F, 0xDA0F, 0xDA0E, 0xDA0E, 0xD20E, 0xD20E, 0xD20E, 0xD20E,
    0xD1EE, 0xD1EE, 0xD1EE, 0xD1EE, 0xD1EE, 0xD1EE, 0xC9ED, 0xC9ED, 0xC1ED, 0xC1ED, 0xC1CD, 0xC1CD,
    0xC1CD, 0xB9CD, 0xB9CC, 0xB1CC, 0xB1AC, 0xB1CC, 0xB1CC, 0xB1CC, 0xB9CC, 0xB9CC, 0xB9CC, 0xB9CD,
    0xC1CD, 0xC1ED, 0xC9ED, 0xC9ED, 0xC9EE, 0xD1EE, 0xD1EE, 0xD1EE, 0xD1EE, 0xD1EE, 0xD20E, 0xDA0E,
    0xDA0E, 0xDA0E, 0xDA0E, 0xDA0E, 0xDA0E, 0xDA0E, 0xDA0E, 0xDA0F, 0xDA0F, 0xDA0E, 0xDA0E, 0xDA0E,
    0xDA0E, 0xDA0E, 0xD20E, 0xD20E, 0xD20E, 0xDA0E, 0xDA0E, 0xDA0E, 0xDA0E, 0xDA0F, 0xDA0F, 0xEC95,
    0xDA0F, 0xDA0E, 0xDA0E, 0xDA0E, 0xDA0F, 0xDA0F, 0xDA0F, 0xDA0F, 0xDA0E, 0xDA0E, 0xDA0E, 0xDA0F,
    0xDA0E, 0xDA0E, 0xD20E, 0xD20E, 0xD20E, 0xD20E, 0xD20E, 0xDA0E, 0xDA0E, 0xDA0E, 0xDA0E, 0xDA0E,
    0xDA0E, 0xD20E, 0xD1EE, 0xD1EE, 0xD20E, 0xD20E, 0xDA0E, 0xDA0E, 0xDA0E, 0xDA0F, 0xE20F, 0xE22F,
    0xEA2F, 0xEA2F, 0xEA2F, 0xEA2F, 0xEA2F, 0xEA30, 0xEA30, 0xEA30, 0xEA2F, 0xE22F, 0xE20F, 0xDA0F,
    0xDA0F, 0xDA0F, 0xDA0E, 0xDA0E, 0xDA0E, 0xDA0E, 0xDA0E, 0xD20E, 0xD1EE, 0xC9ED, 0xC9ED, 0xC9ED,
    0xC9ED, 0xC9ED, 0xC9ED, 0xC9ED, 0xC1ED, 0xC1CD, 0xC1CD, 0xB9CD, 0xB9CC, 0xB9CC, 0xB9CC, 0xB9CC,
    0xB9CD, 0xB9CD, 0xB9CD, 0xB9CD, 0xB9CD, 0xB9CC, 0xB1CC, 0xB1CC, 0xB1CC, 0xB1CC, 0xB1CC, 0xB1CC,
    0xB9CC, 0xB9CC, 0xB9CD, 0xB9CD, 0xB9CD, 0xB9CD, 0xC1CD, 0xC1CD, 0xC1CD, 0xC1CD, 0xC1CD, 0xC1CD,
    0xC1CD, 0xB9CD, 0xB9CC, 0xB9CC, 0xB9CC, 0xD474, 0xB9CD, 0xB9CD, 0xC1CD, 0xC1CD, 0xC1CD, 0xC1CD,
    0xB9CD, 0xB9CC, 0xB9CC, 0xB9CC, 0xB9CD, 0xB9CD, 0xC1CD, 0xC1CD, 0xC1CD, 0xC1CD, 0xC1CD, 0xC1CD,
    0xB9CD, 0xC1CD, 0xC1CD, 0xC1ED, 0xC1ED, 0xC1ED, 0xC1ED, 0xC1ED, 0xC1ED, 0xC1ED, 0xC1ED, 0xC1CD,
    0xC1CD, 0xC1CD, 0xC1CD, 0xC1CD, 0xC1ED, 0xC9ED, 0xC9ED, 0xC9ED, 0xC9ED, 0xC9ED, 0xC9ED, 0xC9EE,
    0xD1EE, 0xD1EE, 0xD1EE, 0xD1EE, 0xE495, 0xD1EE, 0xC9EE, 0xD1EE, 0xD1EE, 0xD1EE, 0xD1EE, 0xD1EE,
    0xD1EE, 0xD1EE, 0xD1EE, 0xD20E, 0xDA0E, 0xDA0E, 0xDA0F, 0xDA0F, 0xDA0F, 0xDA0F, 0xDA0F, 0xDA0F,
    0xE20F, 0xE20F, 0xE20F, 0xE20F, 0xE20F, 0xE20F, 0xE20F, 0xE20F, 0xE20F, 0xE20F, 0xE22F, 0xEA2F,
    0xEA2F, 0xEA2F, 0xEA2F, 0xEA2F, 0xEA2F, 0xE20F, 0xDA0F, 0xDA0E, 0xDA0E, 0xDA0E, 0xDA0E, 0xD1EE,
    0xD1EE, 0xE495, 0xC9ED, 0xC9ED, 0xC9ED, 0xC9EE, 0xC9EE, 0xC9EE, 0xC9EE, 0xC9EE, 0xC9ED, 0xC9ED,
    0xC1ED, 0xC1CD, 0xC1CD, 0xB9CD, 0xB9CD, 0xB9CC, 0xB1AC, 0xB1AC, 0xB1AC, 0xB1AC, 0xB1CC, 0xB9CC,
    0xB9CD, 0xC1CD, 0xC1CD, 0xC1ED, 0xC1ED, 0xC9ED, 0xC9ED, 0xC9ED, 0xC9EE, 0xD1EE, 0xD1EE, 0xC9EE,
    0xC9EE, 0xC9ED, 0xC9EE, 0xD1EE, 0xD20E, 0xDA0E, 0xDA0E, 0xDA0E, 0xDA0E, 0xDA0E, 0xDA0E, 0xDA0E,
    0xDA0E, 0xDA0E, 0xDA0E, 0xDA0E, 0xDA0E, 0xDA0E, 0xDA0E, 0xD20E, 0xDA0E, 0xDA0E, 0xDA0E, 0xDA0E,
    0xDA0E, 0xDA0F, 0xDA0F, 0xDA0F, 0xDA0F, 0xDA0F, 0xDA0F, 0xDA0F, 0xDA0F, 0xDA0E, 0xDA0E, 0xDA0E,
    0xDA0E, 0xDA0E, 0xD20E, 0xD20E, 0xD20E, 0xD20E, 0xD20E, 0xD20E, 0xD20E, 0xD20E, 0xDA0E, 0xDA0E,
    0xDA0E, 0xDA0E, 0xDA0E, 0xD20E, 0xD1EE, 0xD1EE, 0xC9EE, 0xD1EE, 0xD1EE, 0xD20E, 0xD20E, 0xDA0E,
    0xDA0E, 0xDA0E, 0xDA0F, 0xE20F, 0xE20F, 0xE22F, 0xE22F, 0xE20F, 0xE20F, 0xEA2F, 0xEA2F, 0xEA2F,
    0xEA2F, 0xE20F, 0xE20F, 0xDA0F, 0xDA0F, 0xDA0F, 0xDA0F, 0xDA0F, 0xDA0F, 0xDA0E, 0xDA0E, 0xD20E,
    0xD1EE, 0xC9ED, 0xC9ED, 0xC9ED, 0xC1ED, 0xDC74, 0xC1CD, 0xC1CD, 0xC1CD, 0xB9CD, 0xB9CC, 0xB9CC,
    0xB1CC, 0xB1CC, 0xB1CC, 0xB1CC, 0xB9CC, 0xB9CC, 0xB9CD, 0xB9CD, 0xB9CC, 0xB9CC, 0xB1CC, 0xB1CC,
    0xB1AC, 0xB1AC, 0xB1AC, 0xB1AC, 0xC1ED, 0xC1ED, 0xC1ED, 0xDC74, 0xC1ED, 0xC1ED, 0xC1ED, 0xC1ED,
    0xC1ED, 0xC1ED, 0xC1ED, 0xC1CD, 0xC1CD, 0xC1CD, 0xB9CD, 0xB9CD, 0xB9CD, 0xB9CD, 0xB9CD, 0xB9CD,
    0xC1CD, 0xC1CD, 0xC1CD, 0xC1CD, 0xB9CD, 0xB9CD, 0xB9CD, 0xB9CD, 0xC1CD, 0xC1CD, 0xC1CD, 0xC1CD,
    0xC1ED, 0xC1ED, 0xC1ED, 0xC1ED, 0xC1CD, 0xC1CD, 0xC1ED, 0xC1ED, 0xC9ED, 0xC9ED, 0xC9ED, 0xC9ED,
    0xC9ED, 0xC9ED, 0xC9ED, 0xC9ED, 0xC9ED, 0xC1ED, 0xC1ED, 0xC1ED, 0xC9ED, 0xC9ED, 0xC9EE, 0xC9EE,
    0xC9EE, 0xD1EE, 0xD1EE, 0xD1EE, 0xD1EE, 0xD20E, 0xD20E, 0xD20E, 0xD20E, 0xD20E, 0xDA0E, 0xDA0E,
    0xDA0E, 0xDA0E, 0xDA0E, 0xD20E, 0xD20E, 0xD20E, 0xD20E, 0xDA0E, 0xDA0E, 0xDA0F, 0xEC95, 0xE20F,
    0xE20F, 0xDA0F, 0xDA0F, 0xE20F, 0xE20F, 0xE22F, 0xEA2F, 0xEA2F, 0xEA2F, 0xE22F, 0xEA2F, 0xEA2F,
    0xEA2F, 0xEA2F, 0xEA30, 0xEA30, 0xF230, 0xF230, 0xEA30, 0xEA2F, 0xEA2F, 0xE22F, 0xE20F, 0xDA0F,
    0xDA0F, 0xDA0E, 0xDA0E, 0xD20E, 0xD1EE, 0xC9EE, 0xC9ED, 0xC9EE, 0xD1EE, 0xD1EE, 0xD1EE, 0xD1EE,
    0xD1EE, 0xC9EE, 0xC9EE, 0xC9ED, 0xC9ED, 0xC9ED, 0xC9ED, 0xC1ED, 0xC1ED, 0xC1CD, 0xB9CD, 0xB9CC,
    0xB9CC, 0xB9CD, 0xC1CD, 0xC1CD, 0xC1ED, 0xC1ED, 0xC9ED, 0xC9ED, 0xC9ED, 0xC9ED, 0xC9EE, 0xD1EE,
    0xD1EE, 0xD1EE, 0xD1EE, 0xD1EE, 0xD1EE, 0xD1EE, 0xD20E, 0xDA0E, 0xDA0E, 0xDA0F, 0xDA0F, 0xDA0F,
    0xDA0F, 0xE20F, 0xE20F, 0xE20F, 0xE20F, 0xE20F, 0xE20F, 0xE20F, 0xE20F, 0xE20F, 0xE20F, 0xE20F,
    0xE20F, 0xDA0F, 0xDA0F, 0xE20F, 0xE20F, 0xE20F, 0xE20F, 0xE20F, 0xE20F, 0xE20F, 0xE20F, 0xE20F,
    0xE20F, 0xE20F, 0xE20F, 0xDA0F, 0xDA0E, 0xDA0E, 0xDA0E, 0xDA0E, 0xDA0E, 0xDA0E, 0xDA0E, 0xDA0E,
    0xDA0E, 0xDA0E, 0xDA0F, 0xDA0F, 0xDA0E, 0xDA0E, 0xD20E, 0xD20E, 0xD1EE, 0xD1EE, 0xD1EE, 0xD1EE,
    0xD20E, 0xDA0E, 0xDA0E, 0xDA0E, 0xDA0E, 0xDA0E, 0xDA0F, 0xE20F, 0xE20F, 0xE20F, 0xE20F, 0xE20F,
    0xE22F, 0xE22F, 0xE22F, 0xE22F, 0xE22F, 0xE20F, 0xE20F, 0xE20F, 0xE20F, 0xE20F, 0xE20F, 0xDA0F,
    0xDA0F, 0xDA0F, 0xDA0E, 0xDA0E, 0xD20E, 0xD1EE, 0xC9EE, 0xC9ED, 0xC9ED, 0xC1ED, 0xC1ED, 0xC1CD,
    0xC1CD, 0xC1CD, 0xB9CD, 0xB9CC, 0xB9CC, 0xB9CC, 0xB9CC, 0xB9CD, 0xB9CD, 0xB9CD, 0xB9CD, 0xB9CD,
    0xB9CD, 0xB9CD, 0xB9CC, 0xB9CC, 0xB9CD, 0xB9CD, 0xB9CD, 0xB9CD, 0xD1EE, 0xD1EE, 0xC9EE, 0xC9EE,
    0xC9EE, 0xC9ED, 0xC9ED, 0xC9ED, 0xC9ED, 0xC9ED, 0xC9ED, 0xC9ED, 0xC1ED, 0xC1ED, 0xC1ED, 0xC1ED,
    0xC1ED, 0xC1CD, 0xC1CD, 0xC1CD, 0xC1CD, 0xC1CD, 0xC1CD, 0xC1CD, 0xC1CD, 0xC1CD, 0xC1ED, 0xC1ED,
    0xC1ED, 0xC1ED, 0xC1ED, 0xC9ED, 0xC9ED, 0xC9ED, 0xC9ED, 0xC9ED, 0xC9ED, 0xC9ED, 0xC9ED, 0xC9ED,
    0xC9ED, 0xC9ED, 0xC9ED, 0xC9EE, 0xC9EE, 0xC9EE, 0xD1EE, 0xD1EE, 0xC9EE, 0xC9EE, 0xC9ED, 0xC9EE,
    0xD1EE, 0xD20E, 0xD20E, 0xD20E, 0xD20E, 0xD20E, 0xD20E, 0xDA0E, 0xDA0E, 0xDA0E, 0xDA0E, 0xDA0E,
    0xDA0F, 0xDA0F, 0xE20F, 0xE20F, 0xE20F, 0xE20F, 0xE20F, 0xE20F, 0xDA0F, 0xDA0F, 0xDA0F, 0xDA0E,
    0xDA0F, 0xE20F, 0xE22F, 0xE22F, 0xE22F, 0xE22F, 0xE22F, 0xE22F, 0xEA2F, 0xEA30, 0xEA30, 0xF230,
    0xF230, 0xF230, 0xF230, 0xF230, 0xF230, 0xF230, 0xF230, 0xF230, 0xFA50, 0xF230, 0xF230, 0xEA30,
    0xEA2F, 0xEA2F, 0xEA2F, 0xE22F, 0xE20F, 0xE20F, 0xDA0E, 0xDA0E, 0xD20E, 0xD20E, 0xD1EE, 0xD20E,
    0xD20E, 0xDA0E, 0xDA0E, 0xD20E, 0xD1EE, 0xD1EE, 0xD1EE, 0xD1EE, 0xD1EE, 0xD1EE, 0xD1EE, 0xC9EE,
    0xC9ED, 0xC9ED, 0xC9ED, 0xC9ED, 0xC9ED, 0xC9ED, 0xC9ED, 0xC9ED, 0xC9ED, 0xC9ED, 0xC9ED, 0xC9EE,
    0xC9EE, 0xD1EE, 0xE495, 0xD20E, 0xD20E, 0xDA0E, 0xDA0E, 0xDA0E, 0xDA0F, 0xE20F, 0xE20F, 0xE20F,
    0xE20F, 0xE20F, 0xE22F, 0xE22F, 0xEA2F, 0xF4B6, 0xEA30, 0xEA30, 0xF230, 0xF230, 0xF230, 0xF230,
    0xF230, 0xEA30, 0xEA30, 0xEA30, 0xEA2F, 0xEA2F, 0xE22F, 0xE22F, 0xEA2F, 0xEA2F, 0xEA2F, 0xEA2F,
    0xEA2F, 0xEA2F, 0xEA2F, 0xEA2F, 0xEA2F, 0xEA2F, 0xEA2F, 0xE22F, 0xE20F, 0xE20F, 0xE20F, 0xE20F,
    0xE20F, 0xDA0F, 0xDA0F, 0xDA0F, 0xDA0F, 0xE20F, 0xE20F, 0xE20F, 0xDA0F, 0xDA0E, 0xDA0E, 0xDA0E,
    0xD20E, 0xD20E, 0xD20E, 0xD20E, 0xDA0E, 0xDA0F, 0xDA0F, 0xDA0E, 0xDA0E, 0xDA0E, 0xDA0F, 0xE20F,
    0xE22F, 0xE22F, 0xE22F, 0xE22F, 0xEA2F, 0xE22F, 0xE22F, 0xE22F, 0xE22F, 0xE22F, 0xEA2F, 0xEA2F,
    0xE22F, 0xE22F, 0xE20F, 0xE20F, 0xE20F, 0xE20F, 0xDA0F, 0xDA0F, 0xDA0E, 0xDA0E, 0xD20E, 0xD1EE,
    0xC9EE, 0xC9ED, 0xC9ED, 0xC1ED, 0xC1CD, 0xC1CD, 0xC1CD, 0xC1CD, 0xC1CD, 0xC1CD, 0xC1ED, 0xC1ED,
    0xC1ED, 0xC1CD, 0xC1CD, 0xC1CD, 0xC1CD, 0xC1ED, 0xC1ED, 0xC1ED, 0xC9ED, 0xC9ED, 0xC9EE, 0xC9EE,
    0xD1EE, 0xD1EE, 0xD20E, 0xD20E, 0xD20E, 0xD20E, 0xD20E, 0xD20E, 0xD1EE, 0xD1EE, 0xC9EE, 0xC9EE,
    0xC9EE, 0xC9EE, 0xC9ED, 0xC9ED, 0xC9ED, 0xC9ED, 0xC9ED, 0xDC94, 0xC9ED, 0xC9ED, 0xC9ED, 0xC9ED,
    0xC9ED, 0xC9ED, 0xC9ED, 0xC9EE, 0xD1EE, 0xD20E, 0xD20E, 0xD20E, 0xD20E, 0xD20E, 0xDA0E, 0xDA0F,
    0xDA0F, 0xDA0F, 0xDA0E, 0xDA0E, 0xDA0E, 0xDA0E, 0xD20E, 0xD20E, 0xD20E, 0xD20E, 0xD20E, 0xD20E,
    0xD20E, 0xD20E, 0xD20E, 0xD20E, 0xD20E, 0xDA0E, 0xDA0E, 0xDA0E, 0xD20E, 0xDA0E, 0xDA0E, 0xDA0E,
    0xDA0F, 0xDA0F, 0xE20F, 0xE20F, 0xE22F, 0xE22F, 0xE22F, 0xE20F, 0xE20F, 0xE20F, 0xE20F, 0xE22F,
    0xE22F, 0xE20F, 0xE20F, 0xDA0F, 0xE20F, 0xE22F, 0xEA2F, 0xEA2F, 0xEA30, 0xEA30, 0xEA30, 0xEA30,
    0xEA30, 0xEA30, 0xF230, 0xF230, 0xF250, 0xFA50, 0xF250, 0xF230, 0xF230, 0xF230, 0xF230, 0xF250,
    0xFA50, 0xFA50, 0xF250, 0xF230, 0xF230, 0xEA30, 0xEA30, 0xEA2F, 0xEA2F, 0xE22F, 0xE20F, 0xDA0F,
    0xDA0F, 0xDA0E, 0xDA0E, 0xDA0E, 0xDA0E, 0xDA0F, 0xDA0F, 0xDA0E, 0xD20E, 0xD20E, 0xD20E, 0xD20E,
    0xD1EE, 0xD1EE, 0xD20E, 0xD20E, 0xD20E, 0xD20E, 0xD1EE, 0xD1EE, 0xC9EE, 0xC9EE, 0xC9EE, 0xC9EE,
    0xD1EE, 0xD1EE, 0xD20E, 0xD20E, 0xD1EE, 0xD1EE, 0xD1EE, 0xD20E, 0xDA0E, 0xDA0E, 0xDA0F, 0xE20F,
    0xE22F, 0xEA2F, 0xEA2F, 0xEA2F, 0xEA2F, 0xEA2F, 0xEA2F, 0xEA2F, 0xEA2F, 0xEA30, 0xEA30, 0xF230,
    0xF250, 0xF250, 0xFA50, 0xFA50, 0xF250, 0xF230, 0xEA30, 0xEA30, 0xEA30, 0xEA30, 0xF4B6, 0xEA2F,
    0xECB6, 0xEA2F, 0xEA2F, 0xEA30, 0xEA30, 0xF230, 0xF230, 0xF230, 0xF230, 0xEA30, 0xEA30, 0xEA30,
    0xEA30, 0xEA30, 0xEA2F, 0xEA2F, 0xEA2F, 0xE22F, 0xE22F, 0xE22F, 0xEC95, 0xE20F, 0xE20F, 0xDA0F,
    0xDA0F, 0xDA0F, 0xDA0E, 0xE495, 0xDA0E, 0xDA0E, 0xDA0E, 0xDA0E, 0xDA0F, 0xDA0F, 0xDA0F, 0xDA0F,
    0xDA0F, 0xDA0F, 0xE20F, 0xE20F, 0xE22F, 0xE22F, 0xE22F, 0xE22F, 0xE22F, 0xE22F, 0xEA2F, 0xEA2F,
    0xEA2F, 0xEA2F, 0xEA2F, 0xEA2F, 0xEA2F, 0xEA2F, 0xE22F, 0xE22F, 0xE20F, 0xDA0F, 0xDA0E, 0xDA0E,
    0xDA0E, 0xDA0E, 0xDA0E, 0xD20E, 0xD20E, 0xD20E, 0xD1EE, 0xC9ED, 0xC1ED, 0xC1ED, 0xC1ED, 0xC9ED,
    0xC9ED, 0xC9ED, 0xC9ED, 0xC9ED, 0xC9ED, 0xC9ED, 0xC9ED, 0xC9ED, 0xC9EE, 0xD1EE, 0xD20E, 0xD20E,
    0xD20E, 0xD20E, 0xD20E, 0xD20E, 0xD20E, 0xD20E, 0xD20E, 0xDA0E, 0xDA0E, 0xDA0E, 0xD20E, 0xD20E,
    0xD1EE, 0xD1EE, 0xD1EE, 0xD20E, 0xD1EE, 0xD1EE, 0xC9EE, 0xC9ED, 0xC9ED, 0xC9ED, 0xC9ED, 0xC9ED,
    0xC9EE, 0xC9EE, 0xC9EE, 0xC9EE, 0xD1EE, 0xD1EE, 0xD20E, 0xD20E, 0xD20E, 0xDA0E, 0xDA0E, 0xDA0F,
    0xDA0F, 0xE20F, 0xE22F, 0xE22F, 0xE22F, 0xE22F, 0xE20F, 0xDA0F, 0xDA0F, 0xDA0F, 0xDA0F, 0xEC95,
    0xDA0E, 0xDA0E, 0xDA0E, 0xDA0E, 0xDA0E, 0xDA0E, 0xDA0E, 0xE495, 0xDA0E, 0xDA0E, 0xDA0E, 0xDA0E,
    0xDA0E, 0xDA0E, 0xDA0E, 0xDA0E, 0xDA0F, 0xDA0F, 0xE22F, 0xE22F, 0xEA2F, 0xEA2F, 0xEA2F, 0xEA2F,
    0xEA2F, 0xEA2F, 0xEA2F, 0xEA2F, 0xEA2F, 0xE22F, 0xE22F, 0xE20F, 0xE20F, 0xE22F, 0xEA2F, 0xEA2F,
    0xEA30, 0xF230, 0xF250, 0xF230, 0xF230, 0xF230, 0xF250, 0xFA50, 0xFA50, 0xFA51, 0xFA50, 0xFA50,
    0xFA50, 0xFA50, 0xFA50, 0xFA50, 0xFA50, 0xFA50, 0xFA50, 0xFA50, 0xF250, 0xF230, 0xEA30, 0xEA30,
    0xEA2F, 0xE22F, 0xE22F, 0xE22F, 0xE20F, 0xE20F, 0xDA0F, 0xDA0F, 0xDA0F, 0xDA0F, 0xDA0F, 0xDA0E,
    0xDA0E, 0xD20E, 0xD20E, 0xD20E, 0xD20E, 0xD20E, 0xDA0E, 0xDA0E, 0xDA0E, 0xDA0E, 0xD20E, 0xD20E,
    0xD20E, 0xD20E, 0xD20E, 0xD20E, 0xD20E, 0xD20E, 0xD20E, 0xD20E, 0xD20E, 0xD20E, 0xD20E, 0xD20E,
    0xDA0E, 0xDA0E, 0xDA0F, 0xE20F, 0xE22F, 0xEA2F, 0xEA2F, 0xEA30, 0xF230, 0xF230, 0xF230, 0xEA30,
    0xEA30, 0xF230, 0xF250, 0xFA50, 0xFA50, 0xFA50, 0xFA50, 0xFA50, 0xF250, 0xF250, 0xF230, 0xEA30,
    0xEA30, 0xEA30, 0xEA30, 0xEA30, 0xEA2F, 0xEA2F, 0xEA2F, 0xEA30, 0xEA30, 0xF230, 0xEA30, 0xEA30,
    0xEA30, 0xEA30, 0xEA30, 0xEA30, 0xEA30, 0xEA30, 0xEA30, 0xEA2F, 0xEA2F, 0xE22F, 0xE22F, 0xE22F,
    0xE22F, 0xE22F, 0xE22F, 0xE22F, 0xE22F, 0xE20F, 0xE20F, 0xDA0F, 0xDA0F, 0xDA0F, 0xDA0E, 0xDA0E,
    0xDA0E, 0xDA0E, 0xDA0E, 0xDA0E, 0xDA0E, 0xDA0E, 0xDA0F, 0xDA0F, 0xDA0F, 0xDA0F, 0xEC95, 0xE20F,
    0xE22F, 0xE22F, 0xEA2F, 0xEA30, 0xEA30, 0xEA2F, 0xEA2F, 0xEA2F, 0xF4B6, 0xEA2F, 0xE22F, 0xE22F,
    0xE20F, 0xDA0F, 0xDA0E, 0xDA0E, 0xDA0E, 0xD20E, 0xD20E, 0xD20E, 0xD20E, 0xD20E, 0xD20E, 0xC9EE,
    0xC9ED, 0xC9ED, 0xC9ED, 0xC9ED, 0xC9EE, 0xC9EE, 0xE495, 0xD1EE, 0xD1EE, 0xD1EE, 0xD1EE, 0xD20E,
    0xD20E, 0xDA0E, 0xDA0F, 0xDA0F, 0xDA0F, 0xDA0F, 0xDA0F, 0xDA0F, 0xDA0E, 0xDA0E, 0xD20E, 0xD20E,
    0xD20E, 0xD20E, 0xD20E, 0xD1EE, 0xC9EE, 0xD1EE, 0xD1EE, 0xD20E, 0xD20E, 0xD1EE, 0xC9EE, 0xC9ED,
    0xC9ED, 0xC9ED, 0xC9EE, 0xC9EE, 0xD1EE, 0xD20E, 0xD20E, 0xD20E, 0xD20E, 0xD20E, 0xD20E, 0xE495,
    0xD20E, 0xDA0E, 0xDA0E, 0xDA0E, 0xDA0F, 0xE20F, 0xDA0F, 0xDA0F, 0xDA0E, 0xDA0E, 0xDA0E, 0xDA0E,
    0xDA0E, 0xDA0E, 0xDA0E, 0xDA0F, 0xDA0F, 0xDA0F, 0xDA0F, 0xDA0F, 0xDA0E, 0xDA0E, 0xDA0E, 0xDA0E,
    0xDA0E, 0xDA0E, 0xDA0E, 0xDA0E, 0xDA0E, 0xDA0E, 0xDA0E, 0xDA0E, 0xDA0E, 0xDA0E, 0xDA0F, 0xE20F,
    0xE22F, 0xEA2F, 0xEA2F, 0xEA2F, 0xEA2F, 0xEA2F, 0xEA2F, 0xE22F, 0xE22F, 0xE22F, 0xE20F, 0xDA0F,
    0xDA0F, 0xDA0F, 0xE20F, 0xE22F, 0xEA2F, 0xEA30, 0xF230, 0xF230, 0xF230, 0xF250, 0xF250, 0xFA50,
    0xFA50, 0xFA50, 0xFA50, 0xFA50, 0xFA51, 0xFA51, 0xFA50, 0xFA50, 0xF250, 0xF250, 0xFA50, 0xFA50,
    0xF250, 0xF230, 0xEA30, 0xEA2F, 0xEA2F, 0xEA2F, 0xE22F, 0xE22F, 0xE22F, 0xE22F, 0xE22F, 0xE22F,
    0xE20F, 0xDA0F, 0xDA0E, 0xDA0E, 0xDA0E, 0xD20E, 0xD20E, 0xD20E, 0xD20E, 0xD20E, 0xDA0E, 0xDA0E,
    0xDA0E, 0xD20E, 0xD20E, 0xD20E, 0xD20E, 0xD20E, 0xD20E, 0xDA0E, 0xDA0E, 0xD20E, 0xD20E, 0xD20E,
    0xD20E, 0xD20E, 0xD20E, 0xD20E, 0xD20E, 0xDA0E, 0xDA0E, 0xDA0E, 0xDA0F, 0xE20F, 0xE22F, 0xEA2F,
    0xEA30, 0xEA30, 0xEA30, 0xEA30, 0xEA2F, 0xEA30, 0xF230, 0xFA50, 0xFA50, 0xFA50, 0xF250, 0xF230,
    0xF230, 0xF230, 0xF230, 0xEA30, 0xEA30, 0xEA30, 0xEA2F, 0xEA2F, 0xEA2F, 0xEA2F, 0xEA2F, 0xEA2F,
    0xEA2F, 0xEA2F, 0xEA2F, 0xEA2F, 0xEA2F, 0xEA2F, 0xEA2F, 0xEA2F, 0xEA2F, 0xEA2F, 0xEA2F, 0xEA2F,
    0xEA2F, 0xE22F, 0xE22F, 0xDA0F, 0xE20F, 0xE22F, 0xEA2F, 0xEA2F, 0xEA2F, 0xE22F, 0xECB5, 0xE22F,
    0xE20F, 0xDA0F, 0xDA0E, 0xDA0E, 0xD20E, 0xD20E, 0xD20E, 0xD20E, 0xDA0E, 0xDA0E, 0xDA0E, 0xDA0E,
    0xDA0E, 0xDA0E, 0xDA0F, 0xDA0F, 0xE20F, 0xE22F, 0xE22F, 0xEA2F, 0xEA2F, 0xE22F, 0xE22F, 0xE22F,
    0xE22F, 0xE22F, 0xE22F, 0xE20F, 0xDA0F, 0xDA0E, 0xDA0E, 0xDA0E, 0xDA0E, 0xD20E, 0xD20E, 0xD20E,
    0xD20E, 0xD20E, 0xD20E, 0xD1EE, 0xC9EE, 0xC9EE, 0xC9EE, 0xD1EE, 0xD1EE, 0xD1EE, 0xD20E, 0xD20E,
    0xD20E, 0xD20E, 0xD20E, 0xD20E, 0xDA0E, 0xDA0E, 0xDA0F, 0xDA0F, 0xDA0F, 0xDA0F, 0xDA0F, 0xDA0F,
    0xDA0E, 0xDA0E, 0xDA0E, 0xDA0E, 0xDA0E, 0xD20E, 0xD20E, 0xD20E, 0xD20E, 0xD1EE, 0xD1EE, 0xC9EE,
    0xC9EE, 0xC9ED, 0xC9ED, 0xC9ED, 0xC9ED, 0xC9EE, 0xE495, 0xD1EE, 0xD20E, 0xD20E, 0xD20E, 0xD20E,
    0xD1EE, 0xC9EE, 0xC9ED, 0xC9EE, 0xE495, 0xD20E, 0xD20E, 0xDA0E, 0xDA0E, 0xDA0E, 0xDA0E, 0xDA0E,
    0xDA0E, 0xDA0E, 0xDA0E, 0xDA0E, 0xDA0E, 0xDA0E, 0xDA0E, 0xDA0E, 0xDA0E, 0xE495, 0xDA0E, 0xDA0E,
    0xDA0E, 0xDA0E, 0xDA0E, 0xDA0E, 0xD20E, 0xD20E, 0xD1EE, 0xD20E, 0xD20E, 0xD20E, 0xDA0E, 0xDA0E,
    0xDA0E, 0xDA0E, 0xDA0F, 0xDA0F, 0xEC95, 0xDA0F, 0xE20F, 0xE20F, 0xE20F, 0xDA0F, 0xDA0E, 0xDA0E,
    0xDA0E, 0xDA0E, 0xDA0E, 0xDA0E, 0xDA0E, 0xDA0E, 0xDA0F, 0xE20F, 0xE20F, 0xE20F, 0xE20F, 0xE22F,
    0xEA2F, 0xEA2F, 0xEA30, 0xF230, 0xF230, 0xF250, 0xF230, 0xF230, 0xF230, 0xF230, 0xEA30, 0xEA30,
    0xEA2F, 0xEA30, 0xEA30, 0xF230, 0xF230, 0xEA30, 0xEA30, 0xEA2F, 0xEA2F, 0xEA2F, 0xEA2F, 0xEA2F,
    0xE22F, 0xE22F, 0xE20F, 0xDA0F, 0xDA0E, 0xDA0E, 0xD20E, 0xD1EE, 0xD1EE, 0xC9EE, 0xC9EE, 0xC9EE,
    0xC9EE, 0xC9EE, 0xC9EE, 0xD1EE, 0xD1EE, 0xD1EE, 0xD20E, 0xD20E, 0xD20E, 0xD20E, 0xD20E, 0xD20E,
    0xD20E, 0xD20E, 0xD20E, 0xD20E, 0xD20E, 0xD20E, 0xD20E, 0xD20E, 0xD20E, 0xD20E, 0xD20E, 0xD20E,
    0xDA0E, 0xDA0E, 0xDA0E, 0xDA0F, 0xDA0F, 0xE20F, 0xE20F, 0xE20F, 0xE22F, 0xE22F, 0xEA2F, 0xEA30,
    0xEA30, 0xF230, 0xF230, 0xF230, 0xF230, 0xEA30, 0xEA30, 0xEA2F, 0xEA2F, 0xEA2F, 0xEA2F, 0xE22F,
    0xE22F, 0xE20F, 0xE20F, 0xE22F, 0xE22F, 0xE22F, 0xE22F, 0xE22F, 0xE22F, 0xE20F, 0xE22F, 0xE22F,
    0xE22F, 0xE22F, 0xE22F, 0xE22F, 0xE22F, 0xE20F, 0xDA0F, 0xDA0E, 0xDA0E, 0xDA0F, 0xDA0F, 0xDA0F,
    0xDA0F, 0xDA0F, 0xE20F, 0xDA0F, 0xDA0E, 0xDA0E, 0xD20E, 0xD20E, 0xD20E, 0xDA0E, 0xDA0E, 0xD20E,
    0xD20E, 0xD20E, 0xDA0E, 0xDA0E, 0xDA0F, 0xDA0F, 0xDA0F, 0xDA0F, 0xE20F, 0xE20F, 0xE20F, 0xE20F,
    0xE20F, 0xDA0F, 0xDA0F, 0xDA0E, 0xDA0F, 0xDA0F, 0xE20F, 0xDA0F, 0xDA0F, 0xDA0E, 0xDA0E, 0xDA0E,
    0xDA0E, 0xDA0E, 0xDA0E, 0xDA0E, 0xD20E, 0xD20E, 0xD20E, 0xD20E, 0xD1EE, 0xD1EE, 0xE495, 0xC9ED,
    0xC9ED, 0xC9ED, 0xC9ED, 0xC9ED, 0xC9EE, 0xC9EE, 0xD1EE, 0xD1EE, 0xD20E, 0xDA0E, 0xDA0F, 0xDA0F,
    0xDA0F, 0xDA0F, 0xDA0F, 0xDA0F, 0xD20E, 0xD20E, 0xD20E, 0xD20E, 0xD20E, 0xD20E, 0xD20E, 0xD20E,
    0xD20E, 0xD1EE, 0xD1EE, 0xC9ED, 0xC9ED, 0xC9ED, 0xC9ED, 0xC9EE, 0xC9EE, 0xD1EE, 0xD1EE, 0xD1EE,
    0xD1EE, 0xD1EE, 0xD1EE, 0xC9EE, 0xC9ED, 0xC9ED, 0xC1ED, 0xC9ED, 0xC9ED, 0xD1EE, 0xD1EE, 0xD1EE,
    0xC9EE, 0xC9EE, 0xC9EE, 0xC9EE, 0xC9EE, 0xD1EE, 0xD1EE, 0xD1EE, 0xD1EE, 0xD1EE, 0xD20E, 0xD1EE,
    0xD1EE, 0xD1EE, 0xD1EE, 0xD1EE, 0xD1EE, 0xD1EE, 0xD20E, 0xD20E, 0xD1EE, 0xC9EE, 0xC9ED, 0xC9ED,
    0xC9EE, 0xD1EE, 0xD1EE, 0xD1EE, 0xD20E, 0xD20E, 0xE495, 0xD1EE, 0xD1EE, 0xD1EE, 0xD20E, 0xD20E,
    0xD20E, 0xD1EE, 0xC9EE, 0xC9ED, 0xC9ED, 0xC9ED, 0xC9ED, 0xC9EE, 0xC9EE, 0xD1EE, 0xD20E, 0xDA0E,
    0xDA0E, 0xD20E, 0xD20E, 0xDA0E, 0xDA0F, 0xE20F, 0xE20F, 0xE22F, 0xEA2F, 0xEA2F, 0xEA2F, 0xE22F,
    0xE22F, 0xE20F, 0xE20F, 0xE20F, 0xE20F, 0xE20F, 0xE22F, 0xE22F, 0xE22F, 0xE22F, 0xE22F, 0xE22F,
    0xE22F, 0xE22F, 0xEA2F, 0xE22F, 0xE20F, 0xEC95, 0xEC95, 0xDA0E, 0xD20E, 0xD1EE, 0xC9ED, 0xC9ED,
    0xDC74, 0xC1ED, 0xC1ED, 0xC1ED, 0xC1ED, 0xC1ED, 0xC1ED, 0xC9ED, 0xC1ED, 0xC9ED, 0xC9EE, 0xD1EE,
    0xD1EE, 0xD1EE, 0xD1EE, 0xD1EE, 0xD1EE, 0xD1EE, 0xD1EE, 0xD1EE, 0xD20E, 0xE495, 0xD20E, 0xD20E,
    0xD20E, 0xD1EE, 0xD1EE, 0xD1EE, 0xD1EE, 0xD1EE, 0xD1EE, 0xD1EE, 0xD20E, 0xDA0E, 0xDA0E, 0xDA0E,
    0xDA0F, 0xDA0F, 0xE20F, 0xE20F, 0xE22F, 0xEA2F, 0xEA30, 0xEA30, 0xEA2F, 0xEA2F, 0xE22F, 0xE20F,
    0xE20F, 0xE20F, 0xE20F, 0xDA0F, 0xDA0F, 0xDA0E, 0xDA0E, 0xDA0F, 0xDA0F, 0xE20F, 0xDA0F, 0xDA0F,
    0xDA0F, 0xDA0F, 0xDA0F, 0xDA0F, 0xDA0F, 0xDA0F, 0xDA0F, 0xDA0F, 0xDA0F, 0xDA0E, 0xDA0E, 0xDA0E,
    0xDA0E, 0xDA0E, 0xDA0E, 0xD20E, 0xDA0E, 0xDA0E, 0xDA0E, 0xD20E, 0xD20E, 0xD20E, 0xD1EE, 0xD1EE,
    0xD1EE, 0xD1EE, 0xD1EE, 0xD1EE, 0xD1EE, 0xD1EE, 0xD20E, 0xD20E, 0xD20E, 0xD20E, 0xD20E, 0xDA0E,
    0xDA0E, 0xD20E, 0xD20E, 0xD20E, 0xD20E, 0xD1EE, 0xD1EE, 0xD1EE, 0xD1EE, 0xD1EE, 0xD20E, 0xD20E,
    0xD20E, 0xDA0E, 0xDA0E, 0xD20E, 0xD20E, 0xD1EE, 0xD20E, 0xD20E, 0xD1EE, 0xD1EE, 0xD1EE, 0xD1EE,
    0xD1EE, 0xC9EE, 0xC9ED, 0xC9ED, 0xC1ED, 0xC1ED, 0xC9ED, 0xC9ED, 0xC9ED, 0xC9EE, 0xD1EE, 0xD1EE,
    0xD20E, 0xDA0E, 0xDA0F, 0xDA0F, 0xDA0E, 0xDA0E, 0xDA0E, 0xDA0E, 0xC9EE, 0xC9EE, 0xC9EE, 0xC9EE,
    0xC9EE, 0xD1EE, 0xD1EE, 0xD1EE, 0xD1EE, 0xD1EE, 0xD1EE, 0xC9EE, 0xC9ED, 0xC9EE, 0xD1EE, 0xD1EE,
    0xD1EE, 0xD1EE, 0xD1EE, 0xD1EE, 0xC9EE, 0xC9ED, 0xC9ED, 0xC1ED, 0xDC74, 0xC1ED, 0xC1ED, 0xC9ED,
    0xC9ED, 0xC9ED, 0xC9ED, 0xC1ED, 0xC1ED, 0xC1ED, 0xC1ED, 0xC1ED, 0xC1ED, 0xC1ED, 0xC1ED, 0xC1ED,
    0xC1ED, 0xC9ED, 0xC9ED, 0xD1EE, 0xC9EE, 0xC9ED, 0xC1ED, 0xC1CD, 0xC9ED, 0xC9ED, 0xC9EE, 0xC9EE,
    0xC9ED, 0xC9ED, 0xC9ED, 0xC9ED, 0xC9ED, 0xDC74, 0xC9ED, 0xC9ED, 0xC9ED, 0xDC95, 0xC9ED, 0xC9ED,
    0xC1ED, 0xC1ED, 0xC9ED, 0xC9ED, 0xC9EE, 0xC9ED, 0xC1CD, 0xB9CD, 0xB9CD, 0xB9CD, 0xB9CD, 0xB9CD,
    0xC1CD, 0xC1ED, 0xC9ED, 0xC9EE, 0xC9EE, 0xD1EE, 0xD1EE, 0xD1EE, 0xD20E, 0xDA0E, 0xDA0E, 0xDA0E,
    0xDA0E, 0xDA0E, 0xDA0E, 0xDA0E, 0xDA0E, 0xDA0E, 0xDA0F, 0xE20F, 0xE20F, 0xE20F, 0xDA0F, 0xDA0F,
    0xDA0F, 0xDA0F, 0xDA0F, 0xDA0F, 0xE20F, 0xE20F, 0xE20F, 0xE20F, 0xE20F, 0xDA0F, 0xDA0E, 0xDA0E,
    0xD1EE, 0xC9ED, 0xC9ED, 0xC1CD, 0xC1CD, 0xC1CD, 0xC1CD, 0xC1CD, 0xC1CD, 0xC1CD, 0xC1CD, 0xC1CD,
    0xC1CD, 0xC1ED, 0xC9ED, 0xC9EE, 0xC9EE, 0xC9ED, 0xC9ED, 0xC1ED, 0xC9ED, 0xC9ED, 0xC9EE, 0xD1EE,
    0xD1EE, 0xD1EE, 0xD20E, 0xD1EE, 0xD1EE, 0xD1EE, 0xD1EE, 0xC9EE, 0xC9ED, 0xC9ED, 0xC9ED, 0xC9ED,
    0xC9EE, 0xD1EE, 0xD1EE, 0xD20E, 0xDA0E, 0xDA0E, 0xDA0E, 0xDA0F, 0xE20F, 0xE20F, 0xEA2F, 0xEA2F,
    0xE20F, 0xE20F, 0xE20F, 0xDA0F, 0xDA0E, 0xDA0E, 0xDA0E, 0xDA0E, 0xD1EE, 0xD1EE, 0xD20E, 0xDA0E,
    0xDA0E, 0xDA0E, 0xDA0E, 0xDA0E, 0xDA0E, 0xDA0E, 0xDA0E, 0xDA0E, 0xD20E, 0xD20E, 0xD20E, 0xD20E,
    0xD20E, 0xDA0E, 0xDA0E, 0xDA0E, 0xDA0E, 0xDA0E, 0xD20E, 0xD1EE, 0xD1EE, 0xE495, 0xC9ED, 0xC9EE,
    0xD1EE, 0xD1EE, 0xD1EE, 0xD1EE, 0xC9ED, 0xC9ED, 0xC9ED, 0xC9EE, 0xE495, 0xD1EE, 0xD1EE, 0xD1EE,
    0xC9EE, 0xC9ED, 0xC9ED, 0xC9ED, 0xC9ED, 0xC9ED, 0xC9ED, 0xC9ED, 0xC1ED, 0xC1ED, 0xC1CD, 0xC1CD,
    0xC1CD, 0xC1CD, 0xC1CD, 0xC9ED, 0xC9EE, 0xD1EE, 0xD1EE, 0xD1EE, 0xD1EE, 0xC9EE, 0xD1EE, 0xD1EE,
    0xC9EE, 0xC9EE, 0xC9ED, 0xC9ED, 0xC9ED, 0xC9ED, 0xC9ED, 0xC1ED, 0xC1ED, 0xC9ED, 0xC9ED, 0xC9EE,
    0xD1EE, 0xD1EE, 0xD1EE, 0xD1EE, 0xD20E, 0xDA0E, 0xDA0E, 0xDA0E, 0xDA0E, 0xD20E, 0xD1EE, 0xD1EE,
    0xC9EE, 0xC9EE, 0xD1EE, 0xD1EE, 0xD1EE, 0xD1EE, 0xD1EE, 0xD1EE, 0xC9EE, 0xC9EE, 0xC9ED, 0xC9ED,
    0xC9ED, 0xC9ED, 0xC9EE, 0xD1EE, 0xD1EE, 0xD1EE, 0xD1EE, 0xD1EE, 0xC9ED, 0xC9ED, 0xC1CD, 0xC1CD,
    0xC1CD, 0xC1CD, 0xC1CD, 0xC1CD, 0xC1CD, 0xC1CD, 0xC1CD, 0xC1CD, 0xC1ED, 0xC9ED, 0xC9ED, 0xC9ED,
    0xC9ED, 0xC9ED, 0xC9ED, 0xDC74, 0xC9ED, 0xC9ED, 0xC9ED, 0xC9ED, 0xC9ED, 0xC1ED, 0xC1ED, 0xC1ED,
    0xC9ED, 0xC9ED, 0xC9ED, 0xC9ED, 0xC9ED, 0xC9ED, 0xC9EE, 0xC9ED, 0xC9ED, 0xC9ED, 0xC9ED, 0xC9ED,
    0xC9ED, 0xC9ED, 0xC9ED, 0xC9ED, 0xC1ED, 0xC1ED, 0xC9ED, 0xC9ED, 0xC9ED, 0xC1CD, 0xB9CD, 0xB9CC,
    0xB9CC, 0xB9CC, 0xB9CC, 0xB9CC, 0xB9CD, 0xB9CD, 0xC1CD, 0xC1ED, 0xC9ED, 0xC9ED, 0xC9EE, 0xD1EE,
    0xD1EE, 0xD1EE, 0xD1EE, 0xD1EE, 0xD1EE, 0xD1EE, 0xD1EE, 0xD1EE, 0xD1EE, 0xD20E, 0xDA0E, 0xDA0E,
    0xDA0F, 0xDA0E, 0xDA0E, 0xDA0E, 0xDA0E, 0xDA0E, 0xDA0E, 0xDA0E, 0xDA0E, 0xDA0E, 0xDA0E, 0xDA0F,
    0xDA0E, 0xDA0E, 0xDA0E, 0xD1EE, 0xC9EE, 0xC9ED, 0xC1CD, 0xC1CD, 0xC1CD, 0xC1CD, 0xC1CD, 0xC1CD,
    0xC1CD, 0xC1ED, 0xC1ED, 0xC1ED, 0xC1ED, 0xC1ED, 0xC1CD, 0xC1CD, 0xC1CD, 0xC1ED, 0xC1ED, 0xC9ED,
    0xC9ED, 0xC9ED, 0xC9ED, 0xC9ED, 0xC9ED, 0xC9EE, 0xC9EE, 0xC9ED, 0xC9ED, 0xC9ED, 0xC9ED, 0xC9ED,
    0xC9ED, 0xC9ED, 0xC9ED, 0xC9ED, 0xC9ED, 0xC9ED, 0xC9ED, 0xD1EE, 0xD1EE, 0xD1EE, 0xD1EE, 0xD1EE,
    0xDA0E, 0xDA0E, 0xE20F, 0xE20F, 0xDA0F, 0xDA0E, 0xDA0E, 0xD1EE, 0xD1EE, 0xD1EE, 0xD1EE, 0xC9EE,
    0xC9ED, 0xC9ED, 0xC9ED, 0xD1EE, 0xD1EE, 0xD1EE, 0xD1EE, 0xD1EE, 0xD1EE, 0xD1EE, 0xD1EE, 0xD1EE,
    0xD1EE, 0xD1EE, 0xD1EE, 0xD1EE, 0xD1EE, 0xD1EE, 0xD1EE, 0xC9EE, 0xC9EE, 0xC9ED, 0xC9ED, 0xC9ED,
    0xC9ED, 0xC9ED, 0xC9ED, 0xDC95, 0xC9ED, 0xC9ED, 0xC9ED, 0xC9ED, 0xC9ED, 0xC9ED, 0xC9ED, 0xC9ED,
    0xC9EE, 0xC9EE, 0xC9ED, 0xC9ED, 0xC1ED, 0xC1ED, 0xC1ED, 0xC9ED, 0xC1ED, 0xC1ED, 0xC1CD, 0xC1CD,
    0xC1CD, 0xC1CD, 0xC1CD, 0xC1CD, 0xC1CD, 0xC1CD, 0xC1ED, 0xC9ED, 0xC9ED, 0xC9ED, 0xC9ED, 0xC9EE,
    0xD1EE, 0xD1EE, 0xD1EE, 0xD1EE, 0xC9EE, 0xC9ED, 0xC9ED, 0xC9ED, 0xC9ED, 0xC1ED, 0xC1CD, 0xC1CD,
    0xB9CD, 0xC1CD, 0xC1ED, 0xC9ED, 0xC9ED, 0xC9ED, 0xC9EE, 0xD1EE, 0xD1EE, 0xD1EE, 0xD1EE, 0xD1EE,
    0xD1EE, 0xDA0E, 0xDA0E, 0xDA0E, 0xD1EE, 0xD1EE, 0xD1EE, 0xD1EE, 0xD1EE, 0xD1EE, 0xC9EE, 0xC9EE,
    0xC9ED, 0xC9ED, 0xC9ED, 0xC9ED, 0xC9ED, 0xC9ED, 0xC9ED, 0xC9ED, 0xC9ED, 0xC9EE, 0xC9EE, 0xD1EE,
    0xC9ED, 0xC9ED, 0xC1CD, 0xC1CD, 0xC1CD, 0xC1CD, 0xC1CD, 0xC1CD, 0xC1CD, 0xC1CD, 0xC1ED, 0xC9ED,
    0xC9ED, 0xC9EE, 0xD1EE, 0xD1EE, 0xD1EE, 0xD1EE, 0xD1EE, 0xC9EE, 0xE495, 0xC9EE, 0xC9EE, 0xC9ED,
    0xC9ED, 0xC9ED, 0xC9ED, 0xC9ED, 0xC9ED, 0xC9ED, 0xC9ED, 0xC9ED, 0xC9ED, 0xC9EE, 0xC9EE, 0xC9ED,
    0xC9ED, 0xC9ED, 0xC9ED, 0xC9ED, 0xC9ED, 0xC9ED, 0xC9ED, 0xC9ED, 0xC9ED, 0xC9ED, 0xC9ED, 0xC9ED,
    0xC9ED, 0xC1CD, 0xC1CD, 0xC1CD, 0xB9CD, 0xB9CD, 0xB9CD, 0xB9CD, 0xB9CD, 0xC1CD, 0xC1CD, 0xC1ED,
    0xC9ED, 0xC9ED, 0xC9ED, 0xC9ED, 0xC9EE, 0xC9ED, 0xC9EE, 0xD1EE, 0xD1EE, 0xD1EE, 0xD1EE, 0xD1EE,
    0xD1EE, 0xD1EE, 0xD20E, 0xDA0E, 0xDA0E, 0xDA0E, 0xDA0E, 0xDA0E, 0xDA0E, 0xDA0E, 0xDA0F, 0xDA0F,
    0xDA0F, 0xDA0E, 0xDA0E, 0xDA0E, 0xDA0E, 0xDA0E, 0xDA0E, 0xDA0E, 0xD1EE, 0xC9ED, 0xC9ED, 0xC9ED,
    0xC1ED, 0xC1ED, 0xC1ED, 0xC9ED, 0xC9ED, 0xC9ED, 0xC9ED, 0xC9ED, 0xC9ED, 0xC1ED, 0xC1CD, 0xC1CD,
    0xC1CD, 0xC1CD, 0xC1ED, 0xC9ED, 0xC9ED, 0xC9ED, 0xC1ED, 0xC1ED, 0xC9ED, 0xC9ED, 0xC9ED, 0xC9ED,
    0xC9ED, 0xC9ED, 0xC9ED, 0xC9ED, 0xC9ED, 0xC9ED, 0xC9ED, 0xC9ED, 0xC1ED, 0xDC74, 0xC9ED, 0xD1EE,
    0xD1EE, 0xD1EE, 0xD1EE, 0xD1EE, 0xDA0E, 0xDA0E, 0xDA0F, 0xDA0F, 0xDA0E, 0xDA0E, 0xDA0E, 0xD1EE,
    0xD1EE, 0xD1EE, 0xD1EE, 0xD1EE, 0xC9EE, 0xDC95, 0xC9ED, 0xD1EE, 0xD1EE, 0xD20E, 0xD1EE, 0xD1EE,
    0xD1EE, 0xD1EE, 0xD1EE, 0xD1EE, 0xD1EE, 0xD1EE, 0xD1EE, 0xD1EE, 0xD1EE, 0xD1EE, 0xC9EE, 0xC9ED,
    0xC9ED, 0xC9ED, 0xC9ED, 0xC9ED, 0xC9ED, 0xC9ED, 0xC9ED, 0xC9ED, 0xC9ED, 0xC9ED, 0xC1ED, 0xC1ED,
    0xC1ED, 0xC9ED, 0xC9ED, 0xC9ED, 0xC9ED, 0xC9ED, 0xC9ED, 0xC9ED, 0xC1ED, 0xC1ED, 0xC9ED, 0xC9ED,
    0xC9ED, 0xC9ED, 0xC1ED, 0xC1ED, 0xC1ED, 0xC9ED, 0xC9ED, 0xC9ED, 0xC9ED, 0xC9ED, 0xC9ED, 0xC9ED,
    0xC9ED, 0xC9ED, 0xC9ED, 0xD1EE, 0xD1EE, 0xD1EE, 0xD1EE, 0xD1EE, 0xC9EE, 0xC9ED, 0xC9ED, 0xC9ED,
    0xC9ED, 0xDC74, 0xC1ED, 0xC1CD, 0xC1CD, 0xC1CD, 0xC9ED, 0xC9ED, 0xC9ED, 0xC9ED, 0xC9EE, 0xD1EE,
    0xD1EE, 0xD1EE, 0xD1EE, 0xD20E, 0xDA0E, 0xDA0E, 0xDA0E, 0xDA0E, 0xD1EE, 0xD1EE, 0xD1EE, 0xD1EE,
    0xD1EE, 0xC9EE, 0xD1EE, 0xD1EE, 0xD1EE, 0xD1EE, 0xC9EE, 0xC9ED, 0xC9ED, 0xC9ED, 0xC9ED, 0xC9EE,
    0xC9EE, 0xC9EE, 0xD1EE, 0xD1EE, 0xC9EE, 0xC9ED, 0xC9ED, 0xC9ED, 0xC1ED, 0xC1ED, 0xC1ED, 0xC1ED,
    0xC9ED, 0xC9ED, 0xC9ED, 0xC9EE, 0xD1EE, 0xD20E, 0xDA0E, 0xDA0E, 0xDA0E, 0xDA0E, 0xDA0E, 0xD20E,
    0xD1EE, 0xD20E, 0xDA0E, 0xDA0E, 0xDA0E, 0xDA0E, 0xDA0E, 0xD20E, 0xD1EE, 0xD1EE, 0xC9EE, 0xC9EE,
    0xC9EE, 0xC9EE, 0xC9EE, 0xC9ED, 0xC9ED, 0xC9ED, 0xC9ED, 0xC9EE, 0xD1EE, 0xD1EE, 0xD1EE, 0xD1EE,
    0xD1EE, 0xD1EE, 0xD1EE, 0xC9ED, 0xC9ED, 0xC9ED, 0xC9ED, 0xC9ED, 0xC9ED, 0xC9ED, 0xC1ED, 0xC1ED,
    0xC1ED, 0xC9ED, 0xC9ED, 0xC9ED, 0xC9ED, 0xC9ED, 0xC9ED, 0xC9EE, 0xD1EE, 0xD1EE, 0xD1EE, 0xD1EE,
    0xD1EE, 0xD1EE, 0xD20E, 0xDA0E, 0xDA0E, 0xDA0E, 0xDA0E, 0xD20E, 0xD1EE, 0xD20E, 0xDA0E, 0xDA0F,
    0xDA0F, 0xE20F, 0xE20F, 0xE22F, 0xE20F, 0xE20F, 0xDA0F, 0xDA0F, 0xE20F, 0xE20F, 0xE20F, 0xE20F,
    0xDA0E, 0xDA0E, 0xD20E, 0xD1EE, 0xD1EE, 0xC9EE, 0xC9EE, 0xC9EE, 0xC9EE, 0xC9EE, 0xC9ED, 0xC9ED,
    0xC1ED, 0xC1ED, 0xC1ED, 0xC1CD, 0xC1CD, 0xC1ED, 0xC9ED, 0xC9ED, 0xC9ED, 0xC9ED, 0xC9ED, 0xC9ED,
    0xC9ED, 0xC9ED, 0xC9ED, 0xC9ED, 0xD1EE, 0xD1EE, 0xD1EE, 0xD1EE, 0xC9ED, 0xC9ED, 0xC9ED, 0xC9ED,
    0xC1ED, 0xC9ED, 0xD1EE, 0xD20E, 0xDA0E, 0xDA0E, 0xDA0E, 0xDA0E, 0xDA0E, 0xDA0F, 0xDA0F, 0xDA0F,
    0xDA0F, 0xDA0F, 0xE20F, 0xE20F, 0xE20F, 0xE20F, 0xE20F, 0xDA0E, 0xDA0E, 0xD1EE, 0xD1EE, 0xD20E,
    0xDA0E, 0xDA0F, 0xDA0F, 0xDA0F, 0xDA0F, 0xDA0F, 0xDA0E, 0xD20E, 0xD1EE, 0xD1EE, 0xD1EE, 0xC9EE,
    0xD1EE, 0xD1EE, 0xD1EE, 0xD1EE, 0xD1EE, 0xD1EE, 0xD1EE, 0xD1EE, 0xC9EE, 0xC9EE, 0xC9ED, 0xC9ED,
    0xC9ED, 0xC9ED, 0xC9ED, 0xC9ED, 0xC9ED, 0xC9ED, 0xC9ED, 0xC9ED, 0xC9ED, 0xC9ED, 0xC9ED, 0xC9ED,
    0xC9EE, 0xC9EE, 0xC9EE, 0xC9EE, 0xC9EE, 0xD1EE, 0xD1EE, 0xD1EE, 0xD1EE, 0xD1EE, 0xD1EE, 0xD20E,
    0xD20E, 0xD20E, 0xD20E, 0xD20E, 0xD20E, 0xD1EE, 0xD1EE, 0xD20E, 0xDA0E, 0xDA0F, 0xDA0E, 0xD20E,
    0xD1EE, 0xC9EE, 0xE495, 0xD1EE, 0xD1EE, 0xD1EE, 0xD1EE, 0xD1EE, 0xD1EE, 0xD1EE, 0xD1EE, 0xD1EE,
    0xD20E, 0xD20E, 0xDA0E, 0xDA0E, 0xDA0E, 0xDA0F, 0xDA0F, 0xE20F, 0xE20F, 0xE20F, 0xE20F, 0xE20F,
    0xD20E, 0xD20E, 0xD20E, 0xDA0E, 0xDA0E, 0xDA0E, 0xDA0E, 0xD20E, 0xD20E, 0xD20E, 0xD20E, 0xD20E,
    0xD20E, 0xD1EE, 0xD1EE, 0xD1EE, 0xD1EE, 0xD1EE, 0xD1EE, 0xD1EE, 0xD20E, 0xE495, 0xD20E, 0xD20E,
    0xD20E, 0xD1EE, 0xD1EE, 0xD1EE, 0xD1EE, 0xD1EE, 0xD20E, 0xDA0E, 0xDA0F, 0xDA0F, 0xE20F, 0xE20F,
    0xE20F, 0xE20F, 0xE22F, 0xE22F, 0xE22F, 0xE22F, 0xE22F, 0xEA2F, 0xEA2F, 0xE22F, 0xE22F, 0xE20F,
    0xE20F, 0xDA0F, 0xDA0E, 0xDA0E, 0xD20E, 0xD20E, 0xD20E, 0xD1EE, 0xC9EE, 0xD1EE, 0xD1EE, 0xD1EE,
    0xD20E, 0xD20E, 0xD20E, 0xDA0E, 0xDA0E, 0xDA0F, 0xDA0F, 0xDA0E, 0xD20E, 0xD20E, 0xD1EE, 0xC9ED,
    0xC9ED, 0xC9EE, 0xC9EE, 0xD1EE, 0xD1EE, 0xD1EE, 0xD1EE, 0xD1EE, 0xD20E, 0xD20E, 0xD20E, 0xE495,
    0xD20E, 0xD20E, 0xD20E, 0xD20E, 0xDA0E, 0xDA0E, 0xDA0E, 0xDA0E, 0xDA0E, 0xDA0E, 0xDA0E, 0xDA0E,
    0xDA0E, 0xDA0F, 0xE20F, 0xE22F, 0xE22F, 0xEA2F, 0xEA30, 0xEA30, 0xEA30, 0xEA30, 0xEA30, 0xEA30,
    0xF4B6, 0xEA2F, 0xEA2F, 0xEA2F, 0xE22F, 0xE22F, 0xE22F, 0xE22F, 0xE20F, 0xE20F, 0xDA0F, 0xDA0E,
    0xDA0E, 0xD20E, 0xD20E, 0xD1EE, 0xC9EE, 0xC9EE, 0xC9EE, 0xC9EE, 0xC9EE, 0xC9EE, 0xD1EE, 0xD1EE,
    0xD1EE, 0xC9EE, 0xC9EE, 0xC9EE, 0xD1EE, 0xD1EE, 0xD20E, 0xD20E, 0xD20E, 0xD20E, 0xD20E, 0xD20E,
    0xDA0E, 0xDA0E, 0xDA0E, 0xDA0E, 0xD20E, 0xDA0E, 0xDA0F, 0xE20F, 0xE22F, 0xE22F, 0xE22F, 0xE22F,
    0xE22F, 0xEA2F, 0xEA2F, 0xEA2F, 0xEA2F, 0xE22F, 0xE22F, 0xE22F, 0xE22F, 0xE22F, 0xE20F, 0xE20F,
    0xE20F, 0xE20F, 0xE20F, 0xE20F, 0xE22F, 0xE22F, 0xE22F, 0xE22F, 0xE22F, 0xE22F, 0xE22F, 0xE20F,
    0xDA0F, 0xDA0F, 0xDA0E, 0xDA0E, 0xDA0E, 0xD20E, 0xD20E, 0xD20E, 0xD20E, 0xD20E, 0xD20E, 0xD20E,
    0xD20E, 0xD20E, 0xD20E, 0xD20E, 0xD1EE, 0xC9EE, 0xC9ED, 0xC9ED, 0xC9ED, 0xC9ED, 0xC9ED, 0xC9ED,
    0xC9ED, 0xC9ED, 0xC9EE, 0xC9EE, 0xD1EE, 0xD1EE, 0xD1EE, 0xD20E, 0xE495, 0xD20E, 0xDA0E, 0xDA0E,
    0xDA0F, 0xDA0F, 0xDA0F, 0xE20F, 0xE20F, 0xE20F, 0xE20F, 0xE20F, 0xDA0F, 0xDA0E, 0xDA0E, 0xDA0F,
    0xDA0F, 0xE20F, 0xE20F, 0xE20F, 0xDA0F, 0xDA0F, 0xDA0E, 0xDA0E, 0xDA0E, 0xDA0E, 0xDA0E, 0xDA0F,
    0xDA0F, 0xDA0F, 0xDA0F, 0xDA0E, 0xDA0F, 0xDA0F, 0xE20F, 0xE22F, 0xE22F, 0xE22F, 0xEA2F, 0xEA2F,
    0xEA2F, 0xEA30, 0xEA30, 0xEA30, 0xDA0F, 0xDA0F, 0xDA0F, 0xE22F, 0xE22F, 0xE22F, 0xE20F, 0xDA0F,
    0xDA0E, 0xDA0E, 0xDA0E, 0xDA0E, 0xDA0E, 0xD20E, 0xD20E, 0xD1EE, 0xD20E, 0xD20E, 0xD20E, 0xDA0E,
    0xDA0E, 0xDA0F, 0xDA0F, 0xDA0F, 0xDA0F, 0xDA0F, 0xDA0F, 0xDA0F, 0xDA0F, 0xDA0F, 0xE20F, 0xE22F,
    0xEA2F, 0xEA30, 0xEA30, 0xEA30, 0xF230, 0xF230, 0xF250, 0xF250, 0xF250, 0xF250, 0xFA50, 0xFA50,
    0xFA50, 0xFA50, 0xF250, 0xF250, 0xEA30, 0xEA30, 0xEA2F, 0xE22F, 0xE22F, 0xDA0F, 0xDA0E, 0xDA0E,
    0xD20E, 0xDA0E, 0xDA0E, 0xDA0E, 0xDA0E, 0xDA0E, 0xDA0F, 0xE22F, 0xE22F, 0xE22F, 0xEA2F, 0xE22F,
    0xE22F, 0xDA0F, 0xD20E, 0xD1EE, 0xD1EE, 0xD20E, 0xDA0E, 0xDA0E, 0xDA0E, 0xDA0E, 0xDA0E, 0xDA0E,
    0xDA0E, 0xDA0F, 0xDA0F, 0xDA0F, 0xDA0E, 0xDA0E, 0xDA0E, 0xDA0E, 0xDA0F, 0xDA0F, 0xDA0F, 0xDA0F,
    0xDA0F, 0xDA0F, 0xE20F, 0xE20F, 0xE22F, 0xE22F, 0xEA2F, 0xEA30, 0xEA30, 0xF230, 0xF250, 0xF250,
    0xF250, 0xF250, 0xFA50, 0xFA50, 0xF250, 0xF250, 0xF230, 0xF250, 0xF250, 0xF250, 0xF250, 0xF250,
    0xF250, 0xF230, 0xEA30, 0xECB6, 0xE22F, 0xE22F, 0xDA0F, 0xDA0F, 0xDA0E, 0xDA0E, 0xD20E, 0xD20E,
    0xD20E, 0xD20E, 0xD20E, 0xD20E, 0xD20E, 0xD20E, 0xD20E, 0xD20E, 0xDA0E, 0xDA0E, 0xDA0F, 0xDA0F,
    0xDA0E, 0xDA0E, 0xDA0E, 0xDA0F, 0xDA0F, 0xE22F, 0xE22F, 0xE22F, 0xE22F, 0xE22F, 0xE22F, 0xEA2F,
    0xEA30, 0xEA30, 0xEA30, 0xEA30, 0xEA30, 0xF250, 0xF250, 0xFA50, 0xF250, 0xF230, 0xEA30, 0xEA2F,
    0xEA2F, 0xEA2F, 0xEA2F, 0xEA2F, 0xEA30, 0xEA30, 0xEA30, 0xEA30, 0xEA30, 0xEA30, 0xEA30, 0xEA2F,
    0xEA2F, 0xEA2F, 0xEA2F, 0xEA2F, 0xEA2F, 0xE22F, 0xE22F, 0xE22F, 0xDA0F, 0xDA0F, 0xDA0E, 0xDA0E,
    0xDA0E, 0xDA0E, 0xDA0E, 0xDA0E, 0xDA0E, 0xDA0E, 0xDA0E, 0xD20E, 0xD20E, 0xC9EE, 0xC9ED, 0xC9ED,
    0xC9ED, 0xC9EE, 0xC9EE, 0xD1EE, 0xD20E, 0xD20E, 0xD20E, 0xD20E, 0xD20E, 0xD20E, 0xDA0E, 0xDA0E,
    0xDA0E, 0xDA0F, 0xE22F, 0xE22F, 0xE22F, 0xEA2F, 0xEA30, 0xEA30, 0xEA30, 0xEA30, 0xEA30, 0xECB6,
    0xE22F, 0xE22F, 0xE22F, 0xE22F, 0xE22F, 0xE22F, 0xE22F, 0xE22F, 0xEA2F, 0xEA2F, 0xE22F, 0xE22F,
    0xE22F, 0xE22F, 0xE22F, 0xEA2F, 0xEA2F, 0xEA2F, 0xEA2F, 0xE22F, 0xEA2F, 0xEA2F, 0xEA2F, 0xEA30,
    0xEA30, 0xEA30, 0xF230, 0xF230, 0xF250, 0xF250, 0xF250, 0xF250, 0xEA30, 0xEA30, 0xEA30, 0xEA2F,
    0xE22F, 0xE22F, 0xE22F, 0xE22F, 0xE22F, 0xE22F, 0xDA2F, 0xDA0F, 0xDA0E, 0xDA0E, 0xD20E, 0xD20E,
    0xDA0E, 0xDA0F, 0xE22F, 0xE22F, 0xE22F, 0xE22F, 0xE22F, 0xE22F, 0xE22F, 0xE22F, 0xE22F, 0xE22F,
    0xE22F, 0xE22F, 0xEA30, 0xF250, 0xF250, 0xFA51, 0xFA51, 0xFA51, 0xFA51, 0xFA51, 0xFA51, 0xFA50,
    0xFA50, 0xFA51, 0xFA71, 0xFA71, 0xFA71, 0xFA71, 0xFA51, 0xFA51, 0xFA51, 0xFA50, 0xFA50, 0xF250,
    0xEA30, 0xEA2F, 0xE22F, 0xE22F, 0xE22F, 0xE22F, 0xE22F, 0xE22F, 0xEA2F, 0xEA2F, 0xEA2F, 0xEA2F,
    0xEA2F, 0xEA2F, 0xEA2F, 0xEA2F, 0xECB5, 0xE22F, 0xDA0E, 0xD20E, 0xDA0E, 0xDA0E, 0xDA0F, 0xDA2F,
    0xDA0F, 0xDA0F, 0xDA2F, 0xE22F, 0xE22F, 0xE22F, 0xE22F, 0xE22F, 0xE22F, 0xE22F, 0xE22F, 0xE22F,
    0xEA2F, 0xEA30, 0xEA30, 0xEA30, 0xEA30, 0xEA30, 0xEA30, 0xEA2F, 0xEA2F, 0xEA30, 0xF250, 0xF250,
    0xF250, 0xF250, 0xF250, 0xF250, 0xF250, 0xF250, 0xF250, 0xF250, 0xF250, 0xF250, 0xF250, 0xFA50,
    0xFA50, 0xFA51, 0xFCB6, 0xFA50, 0xF250, 0xF250, 0xF250, 0xF250, 0xF250, 0xF230, 0xEA30, 0xEA30,
    0xEA30, 0xE22F, 0xE22F, 0xDA0E, 0xDA0E, 0xDA0F, 0xDA0F, 0xE22F, 0xE22F, 0xDA2F, 0xDA0F, 0xDA0F,
    0xE22F, 0xE22F, 0xE22F, 0xE22F, 0xE22F, 0xE22F, 0xE22F, 0xE22F, 0xE22F, 0xE22F, 0xE22F, 0xE22F,
    0xDA2F, 0xE22F, 0xE22F, 0xEA2F, 0xEA30, 0xEA30, 0xF250, 0xF250, 0xF250, 0xF250, 0xFA51, 0xFA51,
    0xFA50, 0xF250, 0xF230, 0xEA30, 0xEA30, 0xEA30, 0xEA30, 0xF230, 0xF250, 0xF250, 0xF250, 0xF4B6,
    0xF250, 0xF250, 0xEA30, 0xEA30, 0xEA2F, 0xE22F, 0xEA2F, 0xEA30, 0xEA30, 0xEA2F, 0xE22F, 0xE22F,
    0xE22F, 0xE22F, 0xE22F, 0xE22F, 0xE22F, 0xE22F, 0xE22F, 0xE22F, 0xDA0F, 0xDA0E, 0xD20E, 0xD20E,
    0xD20E, 0xC9EE, 0xC9EE, 0xD1EE, 0xD20E, 0xDA0E, 0xDA0E, 0xDA0F, 0xDA0F, 0xDA0F, 0xDA0F, 0xDA0F,
    0xDA0F, 0xDA0F, 0xDA2F, 0xE22F, 0xE22F, 0xE22F, 0xEA2F, 0xEA30, 0xEA30, 0xEA30, 0xF250, 0xF250,
    0xF250, 0xF4B6, 0xEA30, 0xEA30, 0xEA2F, 0xEA2F, 0xEA2F, 0xF4B6, 0xEA30, 0xEA30, 0xEA30, 0xEA30,
    0xF230, 0xF250, 0xF250, 0xF250, 0xF250, 0xF250, 0xF250, 0xF250, 0xF250, 0xF250, 0xF250, 0xF250,
    0xF250, 0xF250, 0xF250, 0xF250, 0xF250, 0xF250, 0xF250, 0xF250, 0xF250, 0xFA50, 0xFA50, 0xFA50,
    0xF250, 0xF250, 0xEA30, 0xEA30, 0xEA30, 0xEA30, 0xEA2F, 0xEA2F, 0xEA2F, 0xE22F, 0xE22F, 0xE22F,
    0xE22F, 0xE22F, 0xDA2F, 0xDA0F, 0xE22F, 0xE22F, 0xEA2F, 0xEA30, 0xEA30, 0xEA30, 0xEA30, 0xEA30,
    0xEA2F, 0xEA2F, 0xEA2F, 0xEA30, 0xEA30, 0xEA30, 0xF250, 0xF250, 0xF250, 0xFA50, 0xFA50, 0xFA50,
    0xFA51, 0xFCB6, 0xFA51, 0xFA51, 0xFA71, 0xFA71, 0xFA71, 0xFA71, 0xFA71, 0xFA71, 0xFA51, 0xFA51,
    0xFA51, 0xFA51, 0xFA51, 0xFA50, 0xF250, 0xF250, 0xF250, 0xEA30, 0xEA2F, 0xE22F, 0xE22F, 0xEA2F,
    0xEA2F, 0xEA2F, 0xEA30, 0xEA30, 0xEA30, 0xEA30, 0xEA30, 0xE22F, 0xE22F, 0xE22F, 0xDA0F, 0xDA0E,
    0xDA0E, 0xDA0F, 0xE22F, 0xE22F, 0xE22F, 0xE22F, 0xE22F, 0xE22F, 0xE22F, 0xE22F, 0xE22F, 0xE22F,
    0xE22F, 0xE22F, 0xE22F, 0xEA2F, 0xEA2F, 0xEA30, 0xEA30, 0xEA30, 0xF250, 0xF250, 0xEA30, 0xEA30,
    0xEA30, 0xEA30, 0xF250, 0xF250, 0xF250, 0xF250, 0xF250, 0xF250, 0xF250, 0xF250, 0xF250, 0xF250,
    0xF250, 0xF250, 0xF250, 0xF250, 0xF250, 0xF4B6, 0xF250, 0xF250, 0xF250, 0xF250, 0xF250, 0xF250,
    0xF250, 0xF250, 0xEA50, 0xEA30, 0xEA30, 0xEA2F, 0xE22F, 0xE22F, 0xE22F, 0xE22F, 0xE22F, 0xE22F,
    0xE22F, 0xE22F, 0xE22F, 0xE22F, 0xE22F, 0xE22F, 0xEA2F, 0xEA2F, 0xEA2F, 0xEA2F, 0xEA2F, 0xE22F,
    0xE22F, 0xE22F, 0xE22F, 0xE22F, 0xE22F, 0xEA2F, 0xEA30, 0xEA30, 0xF250, 0xF250, 0xF250, 0xF250,
    0xF250, 0xF250, 0xFA51, 0xFA51, 0xFA51, 0xF250, 0xF250, 0xF250, 0xEA30, 0xEA30, 0xEA30, 0xEA30,
    0xF250, 0xF250, 0xF250, 0xF250, 0xF250, 0xF250, 0xEA30, 0xEA30, 0xE22F, 0xE22F, 0xEA2F, 0xEA2F,
    0xEA2F, 0xEA2F, 0xE22F, 0xE22F, 0xE22F, 0xE22F, 0xE22F, 0xEA2F, 0xEA2F, 0xEA2F, 0xE22F, 0xE22F,
    0xE22F, 0xE22F, 0xDA0F, 0xDA0F, 0xDA0E, 0xD20E, 0xD20E, 0xD20E, 0xDA0E, 0xDA0F, 0xDA0F, 0xDA0F,
    0xDA0F, 0xDA0F, 0xDA2F, 0xE22F, 0xE22F, 0xE22F, 0xEA2F, 0xEA2F, 0xEA2F, 0xEA2F, 0xEA2F, 0xEA30,
    0xEA30, 0xF250, 0xF250, 0xF250, 0xF250, 0xF250, 0xF250, 0xF250, 0xEA50, 0xEA30, 0xEA30, 0xEA30,
    0xEA50, 0xF250, 0xF250, 0xF250, 0xF250, 0xF250, 0xF250, 0xFA50, 0xFA51, 0xFA51, 0xFA51, 0xFA51,
    0xFA51, 0xFA51, 0xFA51, 0xFA71, 0xFA51, 0xFA51, 0xFA50, 0xFA50, 0xFA51, 0xFA51, 0xFA71, 0xFA51,
    0xFA51, 0xFA51, 0xFA51, 0xFA51, 0xEA2F, 0xEA2F, 0xEA2F, 0xEA2F, 0xEA30, 0xEA30, 0xEA2F, 0xEA2F,
    0xE22F, 0xE22F, 0xE22F, 0xE22F, 0xE22F, 0xE22F, 0xE22F, 0xE22F, 0xE22F, 0xE22F, 0xEA2F, 0xEA30,
    0xEA30, 0xEA30, 0xEA30, 0xEA30, 0xEA30, 0xEA30, 0xEA30, 0xEA30, 0xEA30, 0xEA30, 0xEA30, 0xEA30,
    0xEA30, 0xEA50, 0xF250, 0xF250, 0xF250, 0xF250, 0xFA50, 0xFA51, 0xFA71, 0xFA71, 0xFA71, 0xFA51,
    0xFA51, 0xFA51, 0xFA51, 0xFA50, 0xFA50, 0xF250, 0xF250, 0xF250, 0xF250, 0xF250, 0xF250, 0xF250,
    0xEA30, 0xEA2F, 0xE22F, 0xE22F, 0xE22F, 0xE22F, 0xE22F, 0xEA2F, 0xEA2F, 0xEA2F, 0xE22F, 0xE22F,
    0xE22F, 0xDA0F, 0xDA0F, 0xDA0E, 0xDA0F, 0xDA2F, 0xE22F, 0xE22F, 0xE22F, 0xE22F, 0xE22F, 0xE22F,
    0xE22F, 0xE22F, 0xE22F, 0xE22F, 0xE22F, 0xE22F, 0xEA2F, 0xEA2F, 0xEA2F, 0xEA2F, 0xEA2F, 0xEA30,
    0xEA30, 0xEA30, 0xEA30, 0xEA2F, 0xEA2F, 0xEA2F, 0xEA30, 0xF250, 0xF250, 0xF250, 0xEA50, 0xEA30,
    0xEA30, 0xEA30, 0xEA30, 0xEA30, 0xEA30, 0xEA30, 0xEA30, 0xEA30, 0xEA30, 0xF250, 0xF250, 0xF250,
    0xF250, 0xF250, 0xF250, 0xF250, 0xEA50, 0xEA30, 0xEA30, 0xEA30, 0xEA2F, 0xEA2F, 0xEA2F, 0xEA2F,
    0xE22F, 0xE22F, 0xE22F, 0xE22F, 0xE22F, 0xE22F, 0xE22F, 0xE22F, 0xE22F, 0xE22F, 0xEA2F, 0xEA2F,
    0xEA2F, 0xEA2F, 0xEA2F, 0xE22F, 0xE22F, 0xDA0F, 0xE22F, 0xE22F, 0xE22F, 0xEA30, 0xEA30, 0xEA30,
    0xF250, 0xEA50, 0xEA30, 0xEA30, 0xEA50, 0xF250, 0xF250, 0xFA50, 0xFA50, 0xF4B6, 0xF250, 0xF250,
    0xEA30, 0xEA30, 0xEA2F, 0xEA2F, 0xEA30, 0xEA30, 0xEA30, 0xEA30, 0xEA30, 0xEA30, 0xEA30, 0xEA2F,
    0xE22F, 0xE22F, 0xE22F, 0xE22F, 0xE22F, 0xE22F, 0xE22F, 0xE22F, 0xE22F, 0xE22F, 0xE22F, 0xEA30,
    0xEA2F, 0xE22F, 0xE22F, 0xE22F, 0xE22F, 0xE22F, 0xE22F, 0xDA2F, 0xDA0F, 0xDA0E, 0xDA0E, 0xDA0E,
    0xDA0E, 0xDA0F, 0xDA0F, 0xDA0F, 0xDA0E, 0xDA0E, 0xDA0F, 0xE22F, 0xE22F, 0xE22F, 0xEA2F, 0xEA30,
    0xEA30, 0xEA2F, 0xEA2F, 0xEA2F, 0xEA30, 0xEA30, 0xF250, 0xF250, 0xF250, 0xF250, 0xF250, 0xF250,
    0xF250, 0xEA30, 0xF4B6, 0xEA30, 0xEA50, 0xF250, 0xF250, 0xF250, 0xF250, 0xF250, 0xF250, 0xF250,
    0xFA50, 0xFA50, 0xFA50, 0xFA50, 0xFA50, 0xFA51, 0xFA51, 0xFA71, 0xFA51, 0xFA51, 0xFA50, 0xF250,
    0xFCB6, 0xFA51, 0xFA71, 0xFA51, 0xFA51, 0xFA50, 0xF250, 0xF250, 0xDA0F, 0xDA0F, 0xDA0F, 0xDA2F,
    0xE22F, 0xE22F, 0xE22F, 0xE22F, 0xE22F, 0xE22F, 0xDA0F, 0xDA0F, 0xDA0F, 0xDA0F, 0xDA0F, 0xDA0F,
    0xDA0F, 0xDA0F, 0xDA0F, 0xDA0F, 0xE22F, 0xE22F, 0xE22F, 0xE22F, 0xE22F, 0xE22F, 0xE22F, 0xE22F,
    0xE22F, 0xEA2F, 0xEA2F, 0xEA2F, 0xEA2F, 0xEA2F, 0xF4B6, 0xEA30, 0xEA30, 0xF250, 0xF250, 0xF250,
    0xF250, 0xFA50, 0xFA50, 0xFA50, 0xFA50, 0xFA50, 0xFA50, 0xFA50, 0xF250, 0xF230, 0xEA30, 0xEA30,
    0xEA30, 0xF250, 0xF250, 0xF250, 0xF250, 0xEA30, 0xEA30, 0xEA2F, 0xE22F, 0xECB5, 0xE22F, 0xE22F,
    0xE22F, 0xE22F, 0xDA2F, 0xDA0F, 0xDA0F, 0xDA0E, 0xDA0E, 0xDA0E, 0xDA0E, 0xDA0F, 0xE22F, 0xE22F,
    0xE22F, 0xE22F, 0xE22F, 0xE22F, 0xE22F, 0xE22F, 0xE22F, 0xE22F, 0xEA2F, 0xEA30, 0xEA30, 0xEA30,
    0xEA30, 0xEA2F, 0xEA2F, 0xEA2F, 0xE22F, 0xE22F, 0xE22F, 0xE22F, 0xE22F, 0xE22F, 0xE22F, 0xEA2F,
    0xEA2F, 0xEA2F, 0xEA2F, 0xEA2F, 0xECB6, 0xE22F, 0xE22F, 0xE22F, 0xE22F, 0xE22F, 0xE22F, 0xE22F,
    0xEA30, 0xEA30, 0xF230, 0xEA30, 0xEA30, 0xEA2F, 0xEA30, 0xEA30, 0xF230, 0xEA30, 0xEA30, 0xEA2F,
    0xE22F, 0xE22F, 0xE22F, 0xE22F, 0xE22F, 0xE22F, 0xE22F, 0xE22F, 0xE22F, 0xE22F, 0xE22F, 0xEA2F,
    0xEA2F, 0xEA2F, 0xEA2F, 0xE22F, 0xE22F, 0xE22F, 0xE22F, 0xDA0F, 0xDA0F, 0xDA0E, 0xDA0F, 0xDA0F,
    0xDA0F, 0xE22F, 0xE22F, 0xE22F, 0xE22F, 0xEA2F, 0xEA2F, 0xEA30, 0xEA30, 0xEA30, 0xEA30, 0xEA2F,
    0xEA30, 0xEA30, 0xEA30, 0xEA30, 0xEA30, 0xEA2F, 0xE22F, 0xE22F, 0xE22F, 0xE22F, 0xE22F, 0xE22F,
    0xECB5, 0xE22F, 0xE22F, 0xE22F, 0xE22F, 0xE22F, 0xE22F, 0xE22F, 0xE22F, 0xE22F, 0xE22F, 0xDA0F,
    0xDA0F, 0xDA0F, 0xE22F, 0xE22F, 0xE22F, 0xE22F, 0xE22F, 0xDA0F, 0xDA0E, 0xDA0E, 0xD20E, 0xD20E,
    0xD20E, 0xD20E, 0xD20E, 0xD20E, 0xD20E, 0xD20E, 0xDA0E, 0xDA0E, 0xDA0F, 0xDA0F, 0xDA0F, 0xDA0E,
    0xDA0E, 0xDA0F, 0xDA0F, 0xE22F, 0xE22F, 0xE22F, 0xEA2F, 0xEA30, 0xEA2F, 0xEA2F, 0xE22F, 0xE22F,
    0xE22F, 0xE22F, 0xEA2F, 0xEA2F, 0xEA30, 0xEA30, 0xF230, 0xF250, 0xF250, 0xF250, 0xF250, 0xF250,
    0xF250, 0xF250, 0xF250, 0xF250, 0xF250, 0xF250, 0xF250, 0xF250, 0xF250, 0xF250, 0xF250, 0xFA50,
    0xF250, 0xF250, 0xF250, 0xF250, 0xF250, 0xF250, 0xF250, 0xF250, 0xF250, 0xF250, 0xF250, 0xF250,
    0xD20E, 0xD20E, 0xD20E, 0xDA0E, 0xDA0E, 0xDA0F, 0xDA0E, 0xDA0E, 0xDA0E, 0xD20E, 0xD20E, 0xD20E,
    0xD20E, 0xD20E, 0xD20E, 0xDA0E, 0xDA0E, 0xDA0E, 0xDA0E, 0xE495, 0xDA0F, 0xDA0F, 0xDA0F, 0xDA0F,
    0xE20F, 0xE22F, 0xE22F, 0xE22F, 0xE22F, 0xE22F, 0xE22F, 0xE22F, 0xE22F, 0xE22F, 0xE22F, 0xE22F,
    0xEA2F, 0xEA2F, 0xEA2F, 0xEA2F, 0xEA2F, 0xEA2F, 0xEA30, 0xEA30, 0xEA30, 0xEA30, 0xEA30, 0xEA30,
    0xEA30, 0xEA2F, 0xE22F, 0xE22F, 0xE22F, 0xEA2F, 0xEA30, 0xEA30, 0xEA30, 0xEA30, 0xEA2F, 0xE22F,
    0xE22F, 0xDA0F, 0xDA0F, 0xDA0F, 0xDA0E, 0xDA0E, 0xDA0E, 0xDA0E, 0xD20E, 0xD20E, 0xD20E, 0xD20E,
    0xDA0E, 0xDA0E, 0xEC95, 0xDA0F, 0xDA0F, 0xDA0F, 0xE20F, 0xDA0F, 0xDA0F, 0xDA0F, 0xDA0F, 0xE22F,
    0xE22F, 0xE22F, 0xEA2F, 0xE22F, 0xE22F, 0xE22F, 0xE22F, 0xE22F, 0xE22F, 0xE22F, 0xE22F, 0xE22F,
    0xE22F, 0xDA0F, 0xDA0F, 0xDA0F, 0xDA0F, 0xDA0F, 0xE20F, 0xE22F, 0xDA0F, 0xDA0E, 0xDA0E, 0xD20E,
    0xDA0E, 0xDA0E, 0xDA0E, 0xDA0F, 0xE22F, 0xE22F, 0xE22F, 0xE22F, 0xE22F, 0xE22F, 0xE22F, 0xE22F,
    0xE22F, 0xE22F, 0xE22F, 0xE22F, 0xE22F, 0xE22F, 0xE22F, 0xE20F, 0xDA0F, 0xDA0F, 0xDA0F, 0xDA0F,
    0xE22F, 0xE22F, 0xE22F, 0xE22F, 0xE22F, 0xEA2F, 0xEA2F, 0xE22F, 0xE22F, 0xE20F, 0xDA0F, 0xDA0E,
    0xDA0E, 0xD20E, 0xD20E, 0xD20E, 0xD20E, 0xDA0E, 0xDA0E, 0xDA0E, 0xDA0F, 0xE20F, 0xE22F, 0xE22F,
    0xEA2F, 0xE22F, 0xE22F, 0xE22F, 0xE22F, 0xE22F, 0xE22F, 0xE22F, 0xE22F, 0xE22F, 0xE22F, 0xDA0F,
    0xDA0F, 0xDA0E, 0xDA0E, 0xDA0F, 0xDA0F, 0xE20F, 0xE20F, 0xE20F, 0xDA0F, 0xDA0F, 0xDA0F, 0xDA0F,
    0xDA0F, 0xDA0F, 0xDA0E, 0xDA0E, 0xD20E, 0xDA0E, 0xDA0E, 0xDA0F, 0xDA0F, 0xDA0F, 0xDA0E, 0xDA0E,
    0xD20E, 0xD20E, 0xD20E, 0xD1EE, 0xD1EE, 0xD1EE, 0xC9EE, 0xC9ED, 0xC9EE, 0xC9EE, 0xD20E, 0xD20E,
    0xDA0E, 0xDA0E, 0xDA0E, 0xDA0E, 0xD20E, 0xDA0E, 0xDA0F, 0xDA0F, 0xDA0F, 0xDA0F, 0xE20F, 0xE20F,
    0xDA0F, 0xDA0F, 0xDA0E, 0xDA0E, 0xDA0F, 0xDA0F, 0xE20F, 0xE22F, 0xE22F, 0xEA2F, 0xEA2F, 0xEA2F,
    0xEA30, 0xEA30, 0xEA30, 0xEA30, 0xEA30, 0xEA30, 0xEA30, 0xEA30, 0xEA30, 0xEA30, 0xEA2F, 0xEA2F,
    0xE22F, 0xEA2F, 0xEA2F, 0xEA2F, 0xEA2F, 0xEA2F, 0xE22F, 0xE22F, 0xEA2F, 0xEA2F, 0xEA30, 0xEA30,
    0xEA2F, 0xEA2F, 0xEA2F, 0xEA2F, 0xD1EE, 0xD1EE, 0xD20E, 0xD20E, 0xDA0E, 0xDA0E, 0xDA0E, 0xD20E,
    0xE495, 0xD20E, 0xD1EE, 0xC9EE, 0xC9EE, 0xD1EE, 0xD20E, 0xD20E, 0xD20E, 0xDA0E, 0xDA0E, 0xDA0E,
    0xDA0E, 0xDA0E, 0xDA0E, 0xDA0E, 0xDA0E, 0xDA0E, 0xDA0F, 0xDA0F, 0xE20F, 0xE22F, 0xE22F, 0xE22F,
    0xE20F, 0xE20F, 0xE22F, 0xE22F, 0xE22F, 0xE22F, 0xE22F, 0xE20F, 0xE20F, 0xE20F, 0xE22F, 0xE22F,
    0xE22F, 0xE22F, 0xE22F, 0xE22F, 0xE22F, 0xE20F, 0xDA0F, 0xDA0F, 0xDA0F, 0xE20F, 0xE20F, 0xE20F,
    0xEC95, 0xE22F, 0xE20F, 0xDA0F, 0xDA0E, 0xDA0E, 0xDA0E, 0xDA0E, 0xDA0E, 0xD20E, 0xD20E, 0xD20E,
    0xD1EE, 0xD1EE, 0xD20E, 0xD20E, 0xD20E, 0xD20E, 0xD20E, 0xD20E, 0xDA0E, 0xDA0E, 0xDA0E, 0xDA0E,
    0xDA0E, 0xDA0E, 0xDA0E, 0xDA0F, 0xDA0F, 0xE20F, 0xE20F, 0xE20F, 0xDA0F, 0xDA0F, 0xE20F, 0xE20F,
    0xE22F, 0xE22F, 0xE22F, 0xE22F, 0xE22F, 0xE20F, 0xDA0F, 0xDA0E, 0xDA0E, 0xDA0E, 0xDA0E, 0xDA0E,
    0xDA0E, 0xD20E, 0xD20E, 0xD20E, 0xD20E, 0xD20E, 0xDA0E, 0xDA0E, 0xDA0E, 0xDA0F, 0xDA0F, 0xDA0F,
    0xDA0F, 0xDA0F, 0xDA0F, 0xDA0F, 0xDA0F, 0xDA0F, 0xDA0F, 0xE20F, 0xE22F, 0xDA0F, 0xDA0F, 0xDA0E,
    0xDA0E, 0xDA0E, 0xDA0E, 0xDA0F, 0xDA0F, 0xDA0F, 0xDA0F, 0xE20F, 0xE22F, 0xE22F, 0xEA2F, 0xE22F,
    0xE22F, 0xDA0F, 0xDA0F, 0xDA0E, 0xDA0E, 0xDA0E, 0xD20E, 0xD20E, 0xD20E, 0xD20E, 0xD20E, 0xDA0E,
    0xDA0E, 0xDA0E, 0xDA0F, 0xE22F, 0xE22F, 0xE22F, 0xE22F, 0xE20F, 0xDA0F, 0xDA0F, 0xDA0E, 0xDA0E,
    0xDA0E, 0xDA0E, 0xDA0E, 0xDA0E, 0xD20E, 0xD20E, 0xD20E, 0xD20E, 0xDA0E, 0xDA0F, 0xDA0E, 0xDA0E,
    0xD20E, 0xD20E, 0xD20E, 0xD20E, 0xD20E, 0xD20E, 0xD20E, 0xD20E, 0xD20E, 0xD20E, 0xD20E, 0xD20E,
    0xD20E, 0xD20E, 0xD20E, 0xD20E, 0xD20E, 0xD1EE, 0xC9EE, 0xC9EE, 0xC9ED, 0xC9ED, 0xC9ED, 0xC9ED,
    0xC9ED, 0xC9ED, 0xC9EE, 0xD1EE, 0xD20E, 0xD20E, 0xD20E, 0xD20E, 0xD20E, 0xDA0E, 0xDA0F, 0xDA0F,
    0xDA0F, 0xDA0E, 0xD20E, 0xD20E, 0xD20E, 0xD20E, 0xD20E, 0xD20E, 0xD20E, 0xD20E, 0xDA0E, 0xDA0E,
    0xDA0F, 0xDA0F, 0xE20F, 0xDA0F, 0xDA0F, 0xDA0F, 0xDA0F, 0xDA0F, 0xDA0F, 0xDA0F, 0xDA0F, 0xE20F,
    0xE22F, 0xE20F, 0xDA0F, 0xDA0F, 0xDA0E, 0xDA0E, 0xDA0E, 0xDA0E, 0xDA0E, 0xDA0E, 0xDA0E, 0xDA0E,
    0xDA0E, 0xDA0F, 0xDA0F, 0xDA0F, 0xDA0F, 0xDA0E, 0xDA0E, 0xDA0E, 0xDA0E, 0xDA0E, 0xD20E, 0xD20E,
    0xD20E, 0xD20E, 0xD20E, 0xD20E, 0xD20E, 0xD20E, 0xD20E, 0xD1EE, 0xD1EE, 0xD20E, 0xD20E, 0xDA0E,
    0xDA0E, 0xDA0E, 0xDA0E, 0xDA0E, 0xDA0E, 0xDA0E, 0xDA0E, 0xDA0E, 0xDA0F, 0xDA0F, 0xDA0F, 0xE20F,
    0xE20F, 0xE22F, 0xE22F, 0xE20F, 0xE20F, 0xE20F, 0xE20F, 0xE22F, 0xE22F, 0xE22F, 0xE20F, 0xE20F,
    0xDA0F, 0xDA0F, 0xDA0F, 0xDA0F, 0xDA0F, 0xDA0F, 0xDA0F, 0xDA0F, 0xDA0E, 0xDA0E, 0xDA0E, 0xDA0E,
    0xDA0E, 0xDA0F, 0xDA0F, 0xDA0F, 0xDA0E, 0xDA0E, 0xDA0E, 0xDA0E, 0xDA0E, 0xDA0E, 0xDA0E, 0xDA0E,
    0xDA0E, 0xD20E, 0xD20E, 0xD1EE, 0xC9EE, 0xC9EE, 0xC9EE, 0xC9EE, 0xD1EE, 0xD1EE, 0xD1EE, 0xD20E,
    0xD20E, 0xDA0E, 0xDA0F, 0xDA0F, 0xDA0E, 0xDA0E, 0xD20E, 0xDA0E, 0xDA0F, 0xDA0F, 0xDA0F, 0xDA0F,
    0xDA0F, 0xDA0E, 0xDA0F, 0xE20F, 0xE22F, 0xE22F, 0xE22F, 0xE20F, 0xE20F, 0xDA0F, 0xDA0F, 0xDA0E,
    0xDA0E, 0xDA0E, 0xDA0E, 0xD20E, 0xD20E, 0xD20E, 0xD20E, 0xD20E, 0xD20E, 0xDA0E, 0xDA0E, 0xDA0E,
    0xDA0E, 0xD20E, 0xD20E, 0xD20E, 0xD20E, 0xE495, 0xDA0E, 0xDA0E, 0xDA0F, 0xDA0F, 0xDA0E, 0xDA0E,
    0xDA0E, 0xDA0E, 0xDA0E, 0xDA0E, 0xDA0E, 0xDA0E, 0xDA0E, 0xDA0E, 0xDA0E, 0xDA0E, 0xDA0E, 0xDA0E,
    0xDA0F, 0xE22F, 0xEA2F, 0xE22F, 0xE20F, 0xDA0F, 0xDA0F, 0xDA0F, 0xE20F, 0xE22F, 0xE22F, 0xE20F,
    0xE20F, 0xE20F, 0xE20F, 0xE20F, 0xDA0F, 0xDA0F, 0xDA0F, 0xE20F, 0xE20F, 0xDA0F, 0xDA0F, 0xDA0F,
    0xDA0E, 0xD20E, 0xD20E, 0xD1EE, 0xD1EE, 0xD20E, 0xD20E, 0xD1EE, 0xC9EE, 0xC9ED, 0xC9ED, 0xD1EE,
    0xD20E, 0xD20E, 0xD20E, 0xD1EE, 0xC9ED, 0xC9ED, 0xC9EE, 0xD1EE, 0xD20E, 0xD20E, 0xD20E, 0xD20E,
    0xD20E, 0xD20E, 0xD20E, 0xD20E, 0xD20E, 0xD20E, 0xD20E, 0xD20E, 0xD20E, 0xD20E, 0xD1EE, 0xC9EE,
    0xC9ED, 0xC9ED, 0xC9ED, 0xC9ED, 0xC9ED, 0xC9ED, 0xC9ED, 0xD1EE, 0xD20E, 0xD20E, 0xD20E, 0xD20E,
    0xD1EE, 0xD20E, 0xDA0E, 0xDA0F, 0xDA0F, 0xDA0E, 0xD20E, 0xC9EE, 0xC9EE, 0xD1EE, 0xD20E, 0xD20E,
    0xD20E, 0xD20E, 0xD20E, 0xD20E, 0xD20E, 0xD20E, 0xD20E, 0xD20E, 0xD20E, 0xD20E, 0xD20E, 0xDA0E,
    0xDA0E, 0xDA0E, 0xDA0E, 0xDA0F, 0xDA0F, 0xDA0E, 0xDA0E, 0xD20E, 0xD20E, 0xD20E, 0xD20E, 0xD20E,
    0xD20E, 0xD20E, 0xD1EE, 0xD1EE, 0xD20E, 0xD20E, 0xDA0E, 0xDA0E, 0xDA0E, 0xDA0E, 0xD20E, 0xD20E,
    0xE20F, 0xE20F, 0xDA0F, 0xDA0F, 0xDA0F, 0xDA0E, 0xDA0E, 0xDA0E, 0xDA0E, 0xDA0E, 0xDA0E, 0xDA0E,
    0xDA0E, 0xDA0E, 0xDA0F, 0xDA0F, 0xDA0F, 0xDA0F, 0xDA0E, 0xDA0E, 0xDA0E, 0xDA0E, 0xDA0E, 0xDA0E,
    0xEC95, 0xDA0F, 0xEC95, 0xE20F, 0xE20F, 0xDA0F, 0xE20F, 0xE22F, 0xE22F, 0xE22F, 0xE22F, 0xE22F,
    0xE22F, 0xE22F, 0xE22F, 0xE22F, 0xE22F, 0xE22F, 0xE22F, 0xE22F, 0xE20F, 0xE20F, 0xDA0F, 0xDA0F,
    0xDA0F, 0xDA0F, 0xDA0E, 0xDA0E, 0xDA0E, 0xDA0F, 0xDA0F, 0xDA0E, 0xDA0E, 0xDA0E, 0xDA0E, 0xDA0E,
    0xDA0E, 0xDA0E, 0xDA0E, 0xDA0E, 0xDA0E, 0xDA0E, 0xD20E, 0xD1EE, 0xC9EE, 0xC9EE, 0xC9EE, 0xC9EE,
    0xD1EE, 0xD20E, 0xD20E, 0xDA0E, 0xDA0F, 0xEC95, 0xE20F, 0xE20F, 0xDA0F, 0xDA0E, 0xDA0E, 0xDA0E,
    0xDA0F, 0xDA0F, 0xDA0F, 0xDA0F, 0xDA0F, 0xE20F, 0xE22F, 0xE22F, 0xE22F, 0xE22F, 0xE22F, 0xE22F,
    0xE22F, 0xE22F, 0xE22F, 0xE20F, 0xDA0F, 0xDA0F, 0xDA0F, 0xDA0F, 0xDA0E, 0xDA0E, 0xDA0E, 0xDA0E,
    0xDA0E, 0xDA0E, 0xDA0E, 0xDA0E, 0xDA0E, 0xD20E, 0xD20E, 0xD20E, 0xD20E, 0xD20E, 0xD20E, 0xDA0E,
    0xDA0E, 0xDA0E, 0xDA0E, 0xD20E, 0xD20E, 0xD20E, 0xD20E, 0xD20E, 0xD20E, 0xDA0E, 0xDA0E, 0xDA0E,
    0xDA0E, 0xDA0E, 0xDA0E, 0xDA0E, 0xDA0F, 0xE22F, 0xE22F, 0xE22F, 0xE22F, 0xE22F, 0xE22F, 0xE22F,
    0xE22F, 0xE22F, 0xE22F, 0xE22F, 0xE22F, 0xE22F, 0xE22F, 0xE22F, 0xE22F, 0xE22F, 0xE20F, 0xE20F,
    0xDA0F, 0xDA0F, 0xDA0E, 0xDA0E, 0xE495, 0xD20E, 0xC9EE, 0xC9EE, 0xC9EE, 0xE495, 0xD20E, 0xD1EE,
    0xC9EE, 0xC9ED, 0xC9ED, 0xC9ED, 0xC9EE, 0xC9EE, 0xC9EE, 0xC9ED, 0xC9ED, 0xC9ED, 0xC9ED, 0xC9ED,
    0xC9EE, 0xC9EE, 0xD1EE, 0xD1EE, 0xD20E, 0xD20E, 0xD20E, 0xD20E, 0xD20E, 0xD20E, 0xD20E, 0xD20E,
    0xD20E, 0xD20E, 0xD1EE, 0xC9EE, 0xC9EE, 0xC9ED, 0xC9ED, 0xC9ED, 0xC9ED, 0xC9ED, 0xC9EE, 0xD1EE,
    0xD20E, 0xD20E, 0xD20E, 0xD20E, 0xD20E, 0xD20E, 0xDA0E, 0xDA0E, 0xDA0E, 0xD20E, 0xD1EE, 0xC9ED,
    0xC9EE, 0xD1EE, 0xD1EE, 0xD20E, 0xD1EE, 0xD20E, 0xD20E, 0xD20E, 0xD20E, 0xD20E, 0xD1EE, 0xD1EE,
    0xD1EE, 0xD1EE, 0xD20E, 0xD20E, 0xD20E, 0xD20E, 0xD20E, 0xD20E, 0xD20E, 0xD20E, 0xD20E, 0xD20E,
    0xD20E, 0xD20E, 0xD1EE, 0xD1EE, 0xD1EE, 0xC9EE, 0xC9EE, 0xC9EE, 0xD1EE, 0xD20E, 0xD20E, 0xD20E,
    0xD20E, 0xD1EE, 0xD1EE, 0xD1EE, 0xEA30, 0xEA30, 0xEA2F, 0xEA2F, 0xECB6, 0xE22F, 0xE22F, 0xE22F,
    0xDA0F, 0xDA0F, 0xE22F, 0xE22F, 0xE22F, 0xE22F, 0xE22F, 0xE22F, 0xE22F, 0xE22F, 0xE22F, 0xDA0F,
    0xDA0F, 0xDA0E, 0xDA0E, 0xDA0E, 0xDA0E, 0xDA0F, 0xE22F, 0xE20F, 0xDA0F, 0xDA0F, 0xE20F, 0xE22F,
    0xEA2F, 0xEA30, 0xEA30, 0xEA30, 0xEA2F, 0xE22F, 0xE22F, 0xE22F, 0xECB6, 0xEA2F, 0xEA2F, 0xEA30,
    0xEA2F, 0xE22F, 0xE22F, 0xE22F, 0xE22F, 0xECB5, 0xE22F, 0xE22F, 0xE22F, 0xDA0F, 0xDA0F, 0xDA0F,
    0xDA0F, 0xE22F, 0xDA0F, 0xDA0F, 0xDA0E, 0xDA0E, 0xDA0E, 0xDA0E, 0xDA0F, 0xDA0E, 0xDA0E, 0xD20E,
    0xD20E, 0xD20E, 0xD20E, 0xD20E, 0xD20E, 0xDA0E, 0xDA0F, 0xE22F, 0xE22F, 0xE22F, 0xE22F, 0xE22F,
    0xE22F, 0xE22F, 0xDA0F, 0xDA0F, 0xDA0F, 0xDA0F, 0xDA0F, 0xE22F, 0xE22F, 0xEA2F, 0xEA2F, 0xEA2F,
    0xEA2F, 0xEA2F, 0xEA2F, 0xEA2F, 0xEA30, 0xEA30, 0xEA30, 0xEA2F, 0xEA2F, 0xEA2F, 0xEA2F, 0xEA2F,
    0xE22F, 0xE22F, 0xE22F, 0xE22F, 0xDA0F, 0xDA0E, 0xD20E, 0xDA0E, 0xDA0E, 0xDA0E, 0xDA0E, 0xDA0E,
    0xE495, 0xD20E, 0xDA0E, 0xDA0E, 0xDA0F, 0xDA0E, 0xDA0E, 0xD20E, 0xD20E, 0xD20E, 0xD20E, 0xD20E,
    0xD20E, 0xD20E, 0xD20E, 0xDA0E, 0xDA0E, 0xDA0F, 0xDA0F, 0xDA0F, 0xE22F, 0xE22F, 0xE22F, 0xEA2F,
    0xEA2F, 0xEA2F, 0xEA2F, 0xEA2F, 0xEA2F, 0xEA2F, 0xEA2F, 0xE22F, 0xE22F, 0xE22F, 0xECB6, 0xEA2F,
    0xEA2F, 0xEA2F, 0xE22F, 0xE22F, 0xE20F, 0xDA0F, 0xDA0E, 0xDA0E, 0xD20E, 0xD20E, 0xC9EE, 0xC9EE,
    0xD1EE, 0xD20E, 0xD20E, 0xD20E, 0xD20E, 0xC9EE, 0xC9EE, 0xC9ED, 0xC9ED, 0xC9ED, 0xC9ED, 0xC9ED,
    0xC9EE, 0xC9EE, 0xC9ED, 0xC9ED, 0xC1ED, 0xC9ED, 0xC9ED, 0xC9EE, 0xD1EE, 0xD20E, 0xD20E, 0xD20E,
    0xDA0E, 0xDA0E, 0xD20E, 0xD20E, 0xD20E, 0xD20E, 0xD1EE, 0xC9EE, 0xC9EE, 0xC9EE, 0xC9EE, 0xC9EE,
    0xC9EE, 0xD1EE, 0xD20E, 0xD20E, 0xD20E, 0xDA0E, 0xDA0E, 0xDA0E, 0xDA0E, 0xDA0E, 0xDA0E, 0xDA0E,
    0xD20E, 0xD20E, 0xE495, 0xC9EE, 0xC9EE, 0xC9EE, 0xC9EE, 0xC9EE, 0xC9EE, 0xD20E, 0xD20E, 0xD20E,
    0xD20E, 0xD1EE, 0xC9EE, 0xD1EE, 0xD1EE, 0xD20E, 0xD20E, 0xD20E, 0xD1EE, 0xD1EE, 0xC9EE, 0xC9EE,
    0xC9ED, 0xC9EE, 0xD1EE, 0xD20E, 0xD20E, 0xD20E, 0xD1EE, 0xC9EE, 0xC9EE, 0xC9ED, 0xC9ED, 0xC9ED,
    0xC9EE, 0xC9EE, 0xC9EE, 0xC9EE, 0xC9ED, 0xC9ED, 0xC9ED, 0xC9ED, 0xEA30, 0xEA30, 0xEA30, 0xEA30,
    0xEA30, 0xEA30, 0xEA2F, 0xE22F, 0xE22F, 0xE22F, 0xE22F, 0xEA2F, 0xEA2F, 0xE22F, 0xE22F, 0xE22F,
    0xE22F, 0xE22F, 0xDA2F, 0xDA0F, 0xDA0F, 0xDA0F, 0xDA0F, 0xDA0F, 0xDA0F, 0xDA0F, 0xE22F, 0xE22F,
    0xE22F, 0xEA2F, 0xEA30, 0xEA30, 0xF230, 0xF250, 0xF250, 0xF250, 0xF230, 0xEA30, 0xEA30, 0xEA30,
    0xEA2F, 0xEA30, 0xEA30, 0xF4B6, 0xEA2F, 0xE22F, 0xE22F, 0xE22F, 0xE22F, 0xE22F, 0xE22F, 0xE22F,
    0xE22F, 0xE22F, 0xDA2F, 0xE22F, 0xE22F, 0xE22F, 0xE22F, 0xE22F, 0xE22F, 0xE22F, 0xDA0F, 0xDA0F,
    0xDA0F, 0xDA0E, 0xDA0E, 0xDA0E, 0xE495, 0xDA0F, 0xDA0F, 0xE22F, 0xE22F, 0xE22F, 0xE22F, 0xE22F,
    0xEA2F, 0xEA2F, 0xEA2F, 0xE22F, 0xE22F, 0xE22F, 0xE22F, 0xE22F, 0xE22F, 0xE22F, 0xE22F, 0xE22F,
    0xE22F, 0xE22F, 0xE22F, 0xE22F, 0xE22F, 0xEA2F, 0xEA2F, 0xEA30, 0xEA30, 0xF230, 0xEA30, 0xEA30,
    0xEA30, 0xEA2F, 0xE22F, 0xE22F, 0xE22F, 0xE22F, 0xE22F, 0xE22F, 0xE22F, 0xE22F, 0xE22F, 0xE22F,
    0xE22F, 0xE22F, 0xE22F, 0xE22F, 0xDA2F, 0xDA0F, 0xDA0F, 0xDA0F, 0xDA2F, 0xDA0F, 0xDA0F, 0xDA0F,
    0xDA0E, 0xDA0F, 0xDA0F, 0xDA0F, 0xE22F, 0xE22F, 0xE22F, 0xE22F, 0xE22F, 0xE22F, 0xE22F, 0xE22F,
    0xE22F, 0xEA2F, 0xEA30, 0xEA30, 0xEA30, 0xEA30, 0xEA30, 0xEA2F, 0xEA2F, 0xEA2F, 0xEA2F, 0xEA2F,
    0xEA2F, 0xEA2F, 0xEA2F, 0xEA30, 0xEA30, 0xEA30, 0xEA2F, 0xE22F, 0xE22F, 0xDA0F, 0xDA0E, 0xD20E,
    0xD20E, 0xD20E, 0xD20E, 0xD20E, 0xD20E, 0xD20E, 0xD20E, 0xDA0E, 0xDA0E, 0xDA0E, 0xDA0E, 0xDA0E,
    0xD20E, 0xD20E, 0xD20E, 0xD20E, 0xD20E, 0xD20E, 0xD20E, 0xD20E, 0xD20E, 0xD20E, 0xD20E, 0xD20E,
    0xD20E, 0xD20E, 0xDA0E, 0xE495, 0xDA0E, 0xDA0E, 0xDA0E, 0xD20E, 0xDA0E, 0xDA0E, 0xDA0E, 0xDA0E,
    0xDA0E, 0xDA0E, 0xDA0E, 0xDA0E, 0xDA0E, 0xDA0E, 0xDA0E, 0xDA0E, 0xDA0E, 0xDA0E, 0xDA0E, 0xDA0F,
    0xDA0F, 0xE22F, 0xE22F, 0xE22F, 0xDA0F, 0xDA0F, 0xDA0E, 0xDA0E, 0xD20E, 0xD20E, 0xD20E, 0xC9EE,
    0xD1EE, 0xE495, 0xD20E, 0xD20E, 0xD20E, 0xD20E, 0xD20E, 0xD20E, 0xD20E, 0xE495, 0xD20E, 0xE495,
    0xDA0E, 0xDA0E, 0xD20E, 0xD20E, 0xD20E, 0xD20E, 0xD20E, 0xD20E, 0xD20E, 0xD20E, 0xD20E, 0xD20E,
    0xD20E, 0xD20E, 0xD20E, 0xD20E, 0xC9EE, 0xC9EE, 0xC9EE, 0xC9ED, 0xC9ED, 0xC9ED, 0xC9EE, 0xC9EE,
    0xECB6, 0xEA2F, 0xEA2F, 0xEA30, 0xEA30, 0xEA30, 0xEA2F, 0xE22F, 0xE22F, 0xE22F, 0xE22F, 0xEA2F,
    0xEA2F, 0xE22F, 0xE22F, 0xE22F, 0xE22F, 0xE22F, 0xE22F, 0xE22F, 0xE22F, 0xE22F, 0xE22F, 0xE22F,
    0xE22F, 0xE22F, 0xE22F, 0xE22F, 0xE22F, 0xEA2F, 0xEA30, 0xEA30, 0xEA30, 0xF250, 0xF250, 0xF250,
    0xF250, 0xF250, 0xF250, 0xEA30, 0xEA30, 0xEA30, 0xEA30, 0xEA30, 0xEA2F, 0xE22F, 0xE22F, 0xE22F,
    0xE22F, 0xE22F, 0xEA2F, 0xE22F, 0xE22F, 0xE22F, 0xE22F, 0xDA2F, 0xDA2F, 0xDA2F, 0xDA2F, 0xE22F,
    0xE22F, 0xE22F, 0xDA2F, 0xDA0F, 0xDA0F, 0xDA0F, 0xDA0F, 0xDA0F, 0xDA2F, 0xE22F, 0xE22F, 0xE22F,
    0xE22F, 0xE22F, 0xE22F, 0xE22F, 0xE22F, 0xE22F, 0xE22F, 0xE22F, 0xE22F, 0xE22F, 0xE22F, 0xE22F,
    0xECB6, 0xE22F, 0xE22F, 0xE22F, 0xE22F, 0xEC95, 0xE22F, 0xE22F, 0xE22F, 0xEA2F, 0xEA30, 0xEA30,
    0xEA30, 0xF250, 0xEA30, 0xEA30, 0xEA2F, 0xE22F, 0xE22F, 0xE22F, 0xE22F, 0xE22F, 0xE22F, 0xDA2F,
    0xE22F, 0xE22F, 0xE22F, 0xE22F, 0xE22F, 0xEA2F, 0xEA2F, 0xE22F, 0xE22F, 0xE22F, 0xE22F, 0xE22F,
    0xECB5, 0xE22F, 0xE22F, 0xE22F, 0xE22F, 0xE22F, 0xE22F, 0xE22F, 0xE22F, 0xEA2F, 0xEA30, 0xEA30,
    0xEA30, 0xEA30, 0xEA2F, 0xEA2F, 0xEA30, 0xEA30, 0xF250, 0xEA30, 0xEA30, 0xEA30, 0xEA30, 0xEA2F,
    0xEA2F, 0xEA2F, 0xEA2F, 0xEA2F, 0xEA2F, 0xEA2F, 0xEA2F, 0xEA2F, 0xEA2F, 0xEA2F, 0xE22F, 0xE22F,
    0xE22F, 0xDA0F, 0xDA0E, 0xD20E, 0xD20E, 0xD20E, 0xD20E, 0xD20E, 0xDA0E, 0xDA0E, 0xDA0F, 0xDA2F,
    0xE22F, 0xE22F, 0xE22F, 0xDA2F, 0xDA0F, 0xDA0E, 0xDA0E, 0xD20E, 0xD20E, 0xD20E, 0xD20E, 0xD20E,
    0xD20E, 0xD20E, 0xD20E, 0xD20E, 0xD20E, 0xD20E, 0xD20E, 0xDA0E, 0xDA0E, 0xDA0E, 0xDA0E, 0xDA0E,
    0xDA0F, 0xDA0F, 0xDA2F, 0xDA2F, 0xDA2F, 0xDA0F, 0xDA0F, 0xDA0F, 0xDA0F, 0xDA0E, 0xDA0F, 0xDA0F,
    0xDA0F, 0xDA0F, 0xDA0F, 0xE22F, 0xE22F, 0xE22F, 0xE22F, 0xE22F, 0xDA2F, 0xDA2F, 0xDA0F, 0xDA0F,
    0xDA0E, 0xD20E, 0xD20E, 0xD20E, 0xD20E, 0xD20E, 0xD20E, 0xDA0E, 0xDA0E, 0xDA0E, 0xDA0E, 0xDA0E,
    0xDA0E, 0xDA0E, 0xDA0E, 0xDA0E, 0xDA0E, 0xDA0E, 0xD20E, 0xD20E, 0xD20E, 0xD20E, 0xD20E, 0xD20E,
    0xD20E, 0xD20E, 0xCA0E, 0xC9EE, 0xC9EE, 0xD20E, 0xD20E, 0xD20E, 0xD20E, 0xC9EE, 0xC9EE, 0xC9EE,
    0xC9EE, 0xCA0E, 0xD20E, 0xD20E, 0xE22F, 0xE22F, 0xE22F, 0xE22F, 0xE22F, 0xE22F, 0xE22F, 0xE22F,
    0xDA0F, 0xDA2F, 0xE22F, 0xE22F, 0xE22F, 0xE22F, 0xE22F, 0xE22F, 0xE22F, 0xE22F, 0xE22F, 0xE22F,
    0xE22F, 0xE22F, 0xE22F, 0xE22F, 0xE22F, 0xE22F, 0xE22F, 0xE22F, 0xE22F, 0xE22F, 0xE22F, 0xE22F,
    0xE22F, 0xEA2F, 0xEA30, 0xF250, 0xF250, 0xF250, 0xF250, 0xEA30, 0xEA30, 0xEA2F, 0xEA2F, 0xE22F,
    0xE22F, 0xE22F, 0xE22F, 0xE22F, 0xE22F, 0xE22F, 0xE22F, 0xE22F, 0xE22F, 0xDA0F, 0xEC95, 0xDA0E,
    0xDA0E, 0xDA0E, 0xDA0E, 0xDA0E, 0xDA0E, 0xDA0E, 0xDA0E, 0xDA0E, 0xDA0E, 0xDA0E, 0xDA0F, 0xDA0F,
    0xDA0F, 0xDA0F, 0xDA0F, 0xDA0F, 0xDA0F, 0xDA0F, 0xDA0F, 0xDA2F, 0xE22F, 0xE22F, 0xE22F, 0xE22F,
    0xE22F, 0xE22F, 0xE22F, 0xE22F, 0xE22F, 0xE22F, 0xE22F, 0xDA0F, 0xDA0F, 0xDA0F, 0xE22F, 0xE22F,
    0xEA2F, 0xEA2F, 0xEA30, 0xEA30, 0xEA30, 0xEA30, 0xEA2F, 0xE22F, 0xE22F, 0xEC95, 0xDA2F, 0xDA0F,
    0xDA0F, 0xDA0F, 0xDA0F, 0xDA0F, 0xDA0F, 0xDA2F, 0xE22F, 0xE22F, 0xE22F, 0xE22F, 0xE22F, 0xE22F,
    0xE22F, 0xE22F, 0xE22F, 0xEA2F, 0xEA2F, 0xEA30, 0xEA30, 0xEA30, 0xEA30, 0xEA2F, 0xE22F, 0xE22F,
    0xE22F, 0xEA2F, 0xF4B6, 0xF250, 0xF250, 0xEA30, 0xEA30, 0xEA30, 0xEA30, 0xF250, 0xF250, 0xEA50,
    0xEA30, 0xEA2F, 0xEA2F, 0xE22F, 0xE22F, 0xE22F, 0xE22F, 0xE22F, 0xE22F, 0xE22F, 0xE22F, 0xE22F,
    0xDA0F, 0xDA0F, 0xDA0F, 0xE495, 0xDA0E, 0xDA0E, 0xDA0E, 0xDA0E, 0xDA0E, 0xDA0E, 0xDA0E, 0xDA0E,
    0xDA0F, 0xE22F, 0xE22F, 0xE22F, 0xEA2F, 0xECB6, 0xE22F, 0xDA2F, 0xDA0E, 0xD20E, 0xD20E, 0xD20E,
    0xC9EE, 0xC9ED, 0xC9ED, 0xC9ED, 0xC9ED, 0xC9ED, 0xC9ED, 0xC9EE, 0xC9EE, 0xC9EE, 0xC9EE, 0xD20E,
    0xD20E, 0xD20E, 0xDA0E, 0xDA0E, 0xDA0F, 0xDA0F, 0xDA0F, 0xDA0F, 0xDA0F, 0xDA0F, 0xDA2F, 0xDA0F,
    0xDA0E, 0xDA0E, 0xDA0E, 0xDA0F, 0xE22F, 0xE22F, 0xE22F, 0xE22F, 0xEC95, 0xDA0F, 0xDA0F, 0xDA0E,
    0xD20E, 0xDA0E, 0xDA0E, 0xDA0E, 0xD20E, 0xD20E, 0xD20E, 0xD20E, 0xD20E, 0xD20E, 0xD20E, 0xDA0E,
    0xDA0E, 0xDA0F, 0xDA0F, 0xDA0F, 0xDA0F, 0xDA0F, 0xDA0E, 0xDA0E, 0xD20E, 0xD20E, 0xD20E, 0xC9EE,
    0xC9ED, 0xC9ED, 0xC9ED, 0xC9ED, 0xC9ED, 0xC1ED, 0xC1ED, 0xC1ED, 0xC1ED, 0xC9ED, 0xC9ED, 0xC9EE,
    0xC9EE, 0xC9EE, 0xC9EE, 0xC9EE, 0xC9EE, 0xD20E, 0xD20E, 0xD20E, 0xDA0F, 0xDA0F, 0xDA0F, 0xDA0F,
    0xDA0F, 0xDA0F, 0xDA0F, 0xDA0F, 0xDA0F, 0xDA0F, 0xDA2F, 0xDA2F, 0xDA0F, 0xDA0F, 0xDA0E, 0xDA0E,
    0xDA0E, 0xDA0F, 0xE22F, 0xE22F, 0xE22F, 0xE22F, 0xE22F, 0xE22F, 0xE22F, 0xE22F, 0xE22F, 0xE22F,
    0xE22F, 0xE22F, 0xE22F, 0xE22F, 0xE22F, 0xE22F, 0xE22F, 0xECB6, 0xEA30, 0xEA30, 0xEA2F, 0xEA2F,
    0xE22F, 0xE22F, 0xE22F, 0xE22F, 0xE22F, 0xE22F, 0xE22F, 0xDA0F, 0xE22F, 0xE22F, 0xE22F, 0xE22F,
    0xE22F, 0xE22F, 0xE22F, 0xDA0F, 0xDA0E, 0xDA0E, 0xDA0E, 0xDA0E, 0xDA0E, 0xDA0F, 0xDA0F, 0xDA0F,
    0xDA0F, 0xDA0F, 0xDA0F, 0xDA0F, 0xDA0F, 0xDA0F, 0xDA0F, 0xDA0E, 0xDA0F, 0xDA0F, 0xDA0F, 0xE22F,
    0xE22F, 0xE22F, 0xDA0F, 0xDA0F, 0xDA0F, 0xDA0F, 0xDA0F, 0xDA0E, 0xDA0E, 0xD20E, 0xD20E, 0xD20E,
    0xD20E, 0xD20E, 0xDA0E, 0xDA0F, 0xE22F, 0xE22F, 0xE22F, 0xEA2F, 0xF4B6, 0xEA2F, 0xE22F, 0xE22F,
    0xDA0F, 0xDA0F, 0xDA0E, 0xDA0E, 0xDA0E, 0xD20E, 0xD20E, 0xD20E, 0xD20E, 0xE495, 0xDA0E, 0xDA0E,
    0xDA0F, 0xDA0F, 0xE22F, 0xE22F, 0xE22F, 0xEA2F, 0xEA2F, 0xE22F, 0xE22F, 0xE22F, 0xE22F, 0xEA2F,
    0xEA2F, 0xEA2F, 0xEA2F, 0xE22F, 0xEA2F, 0xEA2F, 0xEA30, 0xEA30, 0xEA30, 0xEA30, 0xEA30, 0xEA2F,
    0xEA2F, 0xE22F, 0xE22F, 0xE22F, 0xE22F, 0xE22F, 0xE22F, 0xE22F, 0xE22F, 0xE22F, 0xEC95, 0xE22F,
    0xE22F, 0xE22F, 0xE22F, 0xE22F, 0xDA0F, 0xDA0F, 0xDA0F, 0xDA0F, 0xDA0E, 0xDA0E, 0xD20E, 0xD20E,
    0xD20E, 0xDA0E, 0xDA0E, 0xDA0E, 0xDA0E, 0xDA0F, 0xDA0F, 0xE22F, 0xEC95, 0xDA0F, 0xDA0F, 0xDA0E,
    0xD20E, 0xD20E, 0xD20E, 0xC9EE, 0xC9ED, 0xC1ED, 0xDC74, 0xC1ED, 0xC1ED, 0xC1ED, 0xC9ED, 0xC9EE,
    0xC9EE, 0xC9EE, 0xC9EE, 0xC9ED, 0xC9EE, 0xD20E, 0xD20E, 0xD20E, 0xD20E, 0xD20E, 0xD20E, 0xD20E,
    0xDA0E, 0xDA0E, 0xDA0F, 0xDA0E, 0xDA0E, 0xD20E, 0xD20E, 0xD20E, 0xDA0E, 0xDA0E, 0xD20E, 0xD20E,
    0xD1EE, 0xC9EE, 0xC9EE, 0xC9EE, 0xC9EE, 0xD20E, 0xE495, 0xD20E, 0xD20E, 0xD20E, 0xD20E, 0xD20E,
    0xD20E, 0xD20E, 0xD20E, 0xD20E, 0xD20E, 0xD20E, 0xD20E, 0xD20E, 0xD20E, 0xDA0E, 0xD20E, 0xD20E,
    0xD20E, 0xC9EE, 0xC9EE, 0xC9ED, 0xDC94, 0xC1ED, 0xC1ED, 0xC1ED, 0xC1ED, 0xC1ED, 0xB9CD, 0xB9CD,
    0xB9CD, 0xC1ED, 0xC1ED, 0xC1ED, 0xC1ED, 0xC1ED, 0xC1ED, 0xC1ED, 0xC1ED, 0xC1ED, 0xB9CD, 0xB9CD,
    0xDA0E, 0xDA0E, 0xDA0E, 0xD20E, 0xD20E, 0xD20E, 0xD20E, 0xDA0E, 0xDA0E, 0xDA0E, 0xDA0E, 0xDA0E,
    0xDA0E, 0xD20E, 0xD20E, 0xD1EE, 0xD20E, 0xD20E, 0xDA0E, 0xDA0F, 0xDA0F, 0xDA0F, 0xDA0F, 0xDA0F,
    0xE20F, 0xE20F, 0xE20F, 0xE20F, 0xDA0F, 0xDA0F, 0xDA0F, 0xDA0F, 0xDA0E, 0xDA0E, 0xDA0F, 0xDA0F,
    0xE22F, 0xE22F, 0xE20F, 0xDA0F, 0xDA0F, 0xDA0F, 0xDA0F, 0xDA0F, 0xDA0F, 0xDA0F, 0xDA0F, 0xDA0E,
    0xDA0F, 0xDA0F, 0xDA0F, 0xDA0F, 0xDA0F, 0xDA0E, 0xDA0E, 0xD20E, 0xD20E, 0xD20E, 0xD20E, 0xD20E,
    0xDA0E, 0xDA0E, 0xDA0E, 0xDA0E, 0xDA0E, 0xDA0E, 0xDA0E, 0xD20E, 0xD20E, 0xD20E, 0xD20E, 0xD20E,
    0xD20E, 0xD20E, 0xDA0E, 0xDA0E, 0xDA0E, 0xDA0E, 0xDA0E, 0xD20E, 0xD20E, 0xE495, 0xD20E, 0xD1EE,
    0xC9EE, 0xC9ED, 0xC9ED, 0xC9ED, 0xC9ED, 0xC9ED, 0xC9EE, 0xD1EE, 0xD20E, 0xD20E, 0xDA0E, 0xDA0F,
    0xEC95, 0xDA0F, 0xDA0F, 0xDA0E, 0xDA0E, 0xD20E, 0xD20E, 0xD1EE, 0xC9EE, 0xC9ED, 0xC9ED, 0xC9ED,
    0xC9ED, 0xC9EE, 0xD20E, 0xD20E, 0xD20E, 0xDA0E, 0xDA0E, 0xDA0F, 0xE22F, 0xE22F, 0xE22F, 0xE22F,
    0xDA0F, 0xDA0F, 0xE20F, 0xE22F, 0xE22F, 0xE22F, 0xE22F, 0xE22F, 0xE22F, 0xE22F, 0xE22F, 0xEA2F,
    0xE22F, 0xE22F, 0xE22F, 0xE20F, 0xDA0F, 0xDA0F, 0xDA0E, 0xDA0E, 0xDA0E, 0xDA0E, 0xDA0E, 0xDA0E,
    0xDA0E, 0xDA0E, 0xDA0E, 0xDA0E, 0xDA0F, 0xDA0F, 0xDA0F, 0xDA0E, 0xDA0E, 0xDA0E, 0xDA0E, 0xDA0E,
    0xDA0E, 0xD20E, 0xD20E, 0xD1EE, 0xD1EE, 0xD20E, 0xD20E, 0xD20E, 0xD20E, 0xD20E, 0xD20E, 0xD20E,
    0xD20E, 0xD20E, 0xD20E, 0xD1EE, 0xC9EE, 0xC9EE, 0xC9ED, 0xC9ED, 0xC1ED, 0xC1ED, 0xC1CD, 0xB9CD,
    0xB9CD, 0xC1CD, 0xC1ED, 0xC1ED, 0xC9ED, 0xC1ED, 0xC1ED, 0xC1ED, 0xC1ED, 0xC9ED, 0xC9ED, 0xC9EE,
    0xC9ED, 0xC9ED, 0xC9ED, 0xC9ED, 0xC9EE, 0xD1EE, 0xD20E, 0xD1EE, 0xC9EE, 0xC9ED, 0xC9ED, 0xC9ED,
    0xC9EE, 0xC9EE, 0xC9ED, 0xC9ED, 0xC1ED, 0xC1ED, 0xC1ED, 0xC1ED, 0xC1ED, 0xC1ED, 0xC9ED, 0xC9ED,
    0xC9ED, 0xC9ED, 0xC9ED, 0xC9ED, 0xC9ED, 0xC9ED, 0xC9EE, 0xC9ED, 0xC9ED, 0xC9ED, 0xC9ED, 0xC9ED,
    0xC9ED, 0xC9EE, 0xC9EE, 0xC9ED, 0xC9ED, 0xC9ED, 0xC1ED, 0xC1ED, 0xC1CD, 0xB9CD, 0xB9CD, 0xB9CC,
    0xB1CC, 0xB1CC, 0xB1CC, 0xB1CC, 0xB1CC, 0xB9CC, 0xB9CD, 0xB9CD, 0xB9CD, 0xB9CD, 0xB9CD, 0xB9CC,
    0xB9CC, 0xB1CC, 0xB1CC, 0xB1CC, 0xDA0E, 0xDA0E, 0xD20E, 0xD20E, 0xD1EE, 0xD1EE, 0xD1EE, 0xD1EE,
    0xD1EE, 0xD20E, 0xD20E, 0xD20E, 0xDA0E, 0xD20E, 0xD20E, 0xD1EE, 0xD1EE, 0xD1EE, 0xD1EE, 0xE495,
    0xD20E, 0xD20E, 0xD20E, 0xD20E, 0xDA0E, 0xDA0E, 0xDA0E, 0xDA0E, 0xDA0E, 0xDA0E, 0xDA0E, 0xD20E,
    0xD20E, 0xD20E, 0xDA0E, 0xDA0E, 0xDA0E, 0xDA0E, 0xDA0E, 0xD20E, 0xD1EE, 0xD1EE, 0xD1EE, 0xD1EE,
    0xD20E, 0xD20E, 0xDA0E, 0xDA0E, 0xDA0E, 0xDA0E, 0xDA0E, 0xE495, 0xD1EE, 0xC9EE, 0xC9ED, 0xC9ED,
    0xC9ED, 0xC9ED, 0xC9ED, 0xC9EE, 0xD1EE, 0xD20E, 0xD1EE, 0xD1EE, 0xD1EE, 0xD1EE, 0xC9ED, 0xC9ED,
    0xC1ED, 0xC1ED, 0xC1ED, 0xC1ED, 0xC1ED, 0xC9ED, 0xC9ED, 0xC9ED, 0xC9EE, 0xC9EE, 0xD1EE, 0xC9EE,
    0xC9ED, 0xC9ED, 0xC9ED, 0xC9ED, 0xC1ED, 0xC1ED, 0xC1CD, 0xB9CD, 0xB9CD, 0xB9CD, 0xB9CD, 0xC1CD,
    0xC1ED, 0xC1ED, 0xC9ED, 0xC9ED, 0xC9EE, 0xD1EE, 0xD1EE, 0xD1EE, 0xD1EE, 0xC9ED, 0xC9ED, 0xC1ED,
    0xC1ED, 0xC1ED, 0xC1ED, 0xC1ED, 0xC9ED, 0xC9ED, 0xC9ED, 0xD1EE, 0xD20E, 0xDA0E, 0xDA0E, 0xDA0F,
    0xDA0F, 0xE20F, 0xDA0F, 0xDA0E, 0xDA0E, 0xDA0E, 0xDA0E, 0xDA0E, 0xDA0F, 0xDA0F, 0xDA0E, 0xDA0E,
    0xDA0E, 0xDA0E, 0xDA0E, 0xDA0F, 0xDA0E, 0xDA0E, 0xD20E, 0xD20E, 0xD20E, 0xD20E, 0xDA0E, 0xD20E,
    0xE495, 0xD20E, 0xD1EE, 0xD1EE, 0xD1EE, 0xC9EE, 0xC9EE, 0xC9EE, 0xC9ED, 0xC9EE, 0xD1EE, 0xD1EE,
    0xD20E, 0xD20E, 0xD1EE, 0xD1EE, 0xD1EE, 0xC9EE, 0xC9ED, 0xC9ED, 0xC9ED, 0xC9ED, 0xC9ED, 0xC9ED,
    0xC9ED, 0xC9ED, 0xC9ED, 0xC9ED, 0xC9ED, 0xDC94, 0xC9ED, 0xC1ED, 0xC1ED, 0xC1CD, 0xC1CD, 0xC1CD,
    0xC1CD, 0xB9CD, 0xB9CC, 0xB9CC, 0xB1CC, 0xB9CC, 0xB9CD, 0xB9CD, 0xC1CD, 0xB9CD, 0xB9CD, 0xB9CD,
    0xC1CD, 0xC1ED, 0xC1ED, 0xC1ED, 0xC1ED, 0xC1CD, 0xC1CD, 0xB9CD, 0xB9CD, 0xB9CD, 0xB9CD, 0xB9CD,
    0xB9CD, 0xB9CC, 0xB9CD, 0xB9CD, 0xC1CD, 0xC1ED, 0xC1ED, 0xC1ED, 0xC1ED, 0xC1CD, 0xB9CD, 0xB9CD,
    0xB9CD, 0xC1CD, 0xC1CD, 0xC1ED, 0xC1ED, 0xC1ED, 0xC1ED, 0xC1ED, 0xDC74, 0xC1ED, 0xC9ED, 0xC1ED,
    0xC1ED, 0xC1CD, 0xC1CD, 0xC1CD, 0xB9CD, 0xB9CD, 0xB9CD, 0xB9CD, 0xB9CD, 0xB9CD, 0xB9CC, 0xB9CC,
    0xB1CC, 0xB1AC, 0xB1AC, 0xA9AC, 0xA9AB, 0xA9AB, 0xA9AC, 0xB1AC, 0xB1AC, 0xB1CC, 0xB1CC, 0xB9CC,
    0xB9CC, 0xB9CC, 0xB9CC, 0xB9CC, 0xB9CC, 0xB9CC, 0xB9CC, 0xB9CC, 0xD1EE, 0xD1EE, 0xD1EE, 0xD1EE,
    0xC9EE, 0xC9ED, 0xC9EE, 0xC9EE, 0xC9EE, 0xC9EE, 0xC9EE, 0xC9ED, 0xC9ED, 0xC9ED, 0xC9ED, 0xC9ED,
    0xC9ED, 0xC9ED, 0xC9EE, 0xC9EE, 0xC9EE, 0xC9EE, 0xC9EE, 0xC9EE, 0xD1EE, 0xD1EE, 0xD1EE, 0xD1EE,
    0xC9EE, 0xC9EE, 0xC9EE, 0xC9ED, 0xC9ED, 0xC9ED, 0xC9EE, 0xD1EE, 0xD1EE, 0xD1EE, 0xC9EE, 0xC9ED,
    0xC9ED, 0xC9ED, 0xC9EE, 0xC9EE, 0xD1EE, 0xD1EE, 0xD1EE, 0xD1EE, 0xD1EE, 0xC9EE, 0xC9ED, 0xC9ED,
    0xC9ED, 0xC9ED, 0xC9ED, 0xC9ED, 0xC9ED, 0xC9ED, 0xC9ED, 0xC9ED, 0xC9ED, 0xC9ED, 0xC9ED, 0xC9ED,
    0xC9ED, 0xC1ED, 0xC1CD, 0xC1CD, 0xDC74, 0xB9CD, 0xB9CD, 0xB9CD, 0xB9CD, 0xC1CD, 0xC1CD, 0xC1ED,
    0xC1ED, 0xC1ED, 0xC1ED, 0xDC74, 0xC1CD, 0xC1CD, 0xB9CD, 0xB9CD, 0xB9CD, 0xB9CD, 0xB9CC, 0xB9CC,
    0xB1CC, 0xB1CC, 0xB1CC, 0xB1CC, 0xB1CC, 0xB9CC, 0xB9CC, 0xB9CC, 0xB9CD, 0xB9CD, 0xC1CD, 0xC1CD,
    0xC1CD, 0xC1CD, 0xC1CD, 0xC1CD, 0xC1CD, 0xC1CD, 0xC1ED, 0xC1ED, 0xC9ED, 0xC9ED, 0xC9ED, 0xC9ED,
    0xC9EE, 0xD1EE, 0xD1EE, 0xD1EE, 0xD20E, 0xDA0E, 0xDA0E, 0xD20E, 0xD1EE, 0xD1EE, 0xD20E, 0xDA0E,
    0xDA0E, 0xDA0E, 0xDA0E, 0xDA0E, 0xDA0E, 0xDA0E, 0xDA0E, 0xDA0E, 0xD20E, 0xD1EE, 0xD1EE, 0xD1EE,
    0xC9EE, 0xC9ED, 0xC9ED, 0xC9ED, 0xC9ED, 0xC9ED, 0xC9ED, 0xC9ED, 0xC9ED, 0xC9ED, 0xC9ED, 0xC9ED,
    0xC9ED, 0xC9ED, 0xC9ED, 0xC9ED, 0xC9ED, 0xC9ED, 0xC9ED, 0xC9ED, 0xC1ED, 0xC1ED, 0xC9ED, 0xC9ED,
    0xC1ED, 0xC1CD, 0xDC74, 0xC1CD, 0xC1CD, 0xC1CD, 0xC1ED, 0xC1CD, 0xC1CD, 0xC1CD, 0xB9CD, 0xB9CD,
    0xB9CC, 0xB9CC, 0xB9CC, 0xB9CC, 0xB1CC, 0xB1CC, 0xB1CC, 0xB1AC, 0xB1CC, 0xB1CC, 0xB1CC, 0xB1CC,
    0xB1CC, 0xB9CC, 0xB9CC, 0xB9CC, 0xB9CD, 0xC1CD, 0xB9CD, 0xB9CD, 0xB9CD, 0xB9CD, 0xB9CC, 0xB9CC,
    0xB9CC, 0xB1CC, 0xB1CC, 0xB1AC, 0xB1AC, 0xB1AC, 0xB1AC, 0xB1AC, 0xB1AC, 0xB1CC, 0xB1CC, 0xD474,
    0xB1CC, 0xB1CC, 0xB1CC, 0xD474, 0xB9CC, 0xB9CC, 0xB9CC, 0xB9CC, 0xB9CC, 0xB9CD, 0xC1CD, 0xC1CD,
    0xC1CD, 0xC1CD, 0xC1CD, 0xB9CD, 0xB9CD, 0xB9CC, 0xB9CC, 0xB1CC, 0xB1CC, 0xB1CC, 0xB1CC, 0xB1AC,
    0xB1AC, 0xB1AC, 0xB1AC, 0xB1AC, 0xB1AC, 0xA9AB, 0xA9AB, 0xA1AB, 0xA18B, 0xA18B, 0xA18B, 0xA1AB,
    0xA9AB, 0xA9AC, 0xB1AC, 0xB1AC, 0xB1AC, 0xB1AC, 0xA9AC, 0xB1AC, 0xB1AC, 0xB1AC, 0xB1AC, 0xB1AC,
    0xD1EE, 0xD1EE, 0xD1EE, 0xC9EE, 0xC9EE, 0xC9EE, 0xC9EE, 0xC9EE, 0xC9EE, 0xC9ED, 0xC9ED, 0xC9ED,
    0xC1ED, 0xC1ED, 0xC9ED, 0xC9ED, 0xC9ED, 0xC9ED, 0xC9EE, 0xD1EE, 0xC9EE, 0xC9ED, 0xC9ED, 0xC9ED,
    0xC9ED, 0xC9ED, 0xC9ED, 0xC9ED, 0xC9ED, 0xC9ED, 0xC9ED, 0xC9ED, 0xC9ED, 0xC9ED, 0xC9ED, 0xC9ED,
    0xC9ED, 0xC9ED, 0xC9ED, 0xC9ED, 0xC9ED, 0xC9ED, 0xC9ED, 0xC9ED, 0xC9ED, 0xC9ED, 0xC9ED, 0xC9ED,
    0xC9ED, 0xC1ED, 0xC1CD, 0xC1CD, 0xC1ED, 0xC9ED, 0xC9ED, 0xC9ED, 0xC9ED, 0xC9ED, 0xC9ED, 0xC9ED,
    0xC9ED, 0xC9ED, 0xC1ED, 0xC1CD, 0xC1CD, 0xC1CD, 0xC1CD, 0xB9CD, 0xB9CC, 0xB9CC, 0xB9CC, 0xB9CC,
    0xD474, 0xB9CC, 0xB9CD, 0xC1CD, 0xC1CD, 0xB9CD, 0xB9CD, 0xB9CC, 0xB9CC, 0xB9CC, 0xB1CC, 0xB1CC,
    0xB1CC, 0xB1CC, 0xB1CC, 0xB1AC, 0xB1AC, 0xB1AC, 0xB1AC, 0xB1AC, 0xB1AC, 0xB1AC, 0xB1AC, 0xB1AC,
    0xB1AC, 0xB1AC, 0xB1AC, 0xB1CC, 0xB9CC, 0xB9CC, 0xB9CD, 0xC1CD, 0xC1CD, 0xC1CD, 0xC1CD, 0xC1CD,
    0xC1ED, 0xC9ED, 0xC9ED, 0xC9ED, 0xC9ED, 0xC9ED, 0xC9ED, 0xC9EE, 0xD1EE, 0xD1EE, 0xD1EE, 0xD1EE,
    0xD1EE, 0xD1EE, 0xDA0E, 0xDA0E, 0xDA0E, 0xDA0E, 0xDA0E, 0xDA0E, 0xDA0E, 0xDA0E, 0xDA0E, 0xD1EE,
    0xD1EE, 0xD1EE, 0xD1EE, 0xC9EE, 0xC9ED, 0xC1ED, 0xC1CD, 0xC1CD, 0xC1CD, 0xC1CD, 0xC1CD, 0xC1CD,
    0xC1CD, 0xC1CD, 0xC1ED, 0xC1ED, 0xC9ED, 0xC9ED, 0xC9ED, 0xC9ED, 0xC9ED, 0xC1ED, 0xC1CD, 0xC1CD,
    0xC1CD, 0xC1CD, 0xDC74, 0xC9ED, 0xC1CD, 0xC1CD, 0xB9CD, 0xB9CD, 0xB9CD, 0xC1CD, 0xC1CD, 0xB9CD,
    0xB9CC, 0xB1CC, 0xB1AC, 0xB1AC, 0xB1AC, 0xB1AC, 0xB1AC, 0xB1AC, 0xB1AC, 0xA9AC, 0xA9AC, 0xA9AC,
    0xB1AC, 0xB1AC, 0xB1AC, 0xB1AC, 0xB1AC, 0xB1CC, 0xB9CC, 0xB9CC, 0xB9CD, 0xB9CD, 0xB9CD, 0xB9CC,
    0xD474, 0xB9CC, 0xB1CC, 0xB1AC, 0xB1AC, 0xB1AC, 0xB1AC, 0xA9AC, 0xA9AC, 0xA9AC, 0xA9AB, 0xA9AB,
    0xA9AB, 0xA9AB, 0xA9AB, 0xA9AB, 0xA9AB, 0xA9AC, 0xB1AC, 0xB1CC, 0xB9CC, 0xB9CC, 0xB1CC, 0xB1AC,
    0xB1CC, 0xB9CC, 0xB9CC, 0xB9CD, 0xB9CD, 0xB9CC, 0xB9CC, 0xB9CC, 0xB1CC, 0xB1AC, 0xB1AC, 0xB1AC,
    0xB1AC, 0xB1AC, 0xA9AC, 0xA9AB, 0xA9AB, 0xA9AB, 0xA9AB, 0xA9AB, 0xA9AB, 0xA9AB, 0xA18B, 0xA18B,
    0xA18B, 0xA18B, 0xA18B, 0xA18B, 0xA18B, 0xA9AB, 0xA9AB, 0xCC53, 0xA9AB, 0xA9AB, 0xA9AB, 0xA9AB,
    0xA9AB, 0xA9AB, 0xA9AC, 0xA9AC, 0xD1EE, 0xD1EE, 0xD1EE, 0xD1EE, 0xD1EE, 0xE495, 0xD1EE, 0xD1EE,
    0xD1EE, 0xD1EE, 0xC9EE, 0xC9ED, 0xC9ED, 0xC9ED, 0xC9ED, 0xC9EE, 0xD1EE, 0xD1EE, 0xD1EE, 0xD1EE,
    0xD1EE, 0xD1EE, 0xD1EE, 0xD1EE, 0xD1EE, 0xD1EE, 0xC9EE, 0xC9EE, 0xC9EE, 0xC9ED, 0xC9ED, 0xC9ED,
    0xC9ED, 0xC9ED, 0xC9ED, 0xC9ED, 0xC9EE, 0xD1EE, 0xD1EE, 0xD1EE, 0xD1EE, 0xC9EE, 0xC9ED, 0xC9ED,
    0xC9ED, 0xC1ED, 0xC1ED, 0xC9ED, 0xDC74, 0xC1CD, 0xC1CD, 0xC1CD, 0xC1ED, 0xC9ED, 0xC9ED, 0xC9ED,
    0xC9ED, 0xC9ED, 0xC1ED, 0xC1CD, 0xC1CD, 0xC1CD, 0xC1CD, 0xC1CD, 0xC1CD, 0xC1CD, 0xB9CD, 0xB9CD,
    0xB9CD, 0xB9CC, 0xB9CC, 0xB1CC, 0xB1CC, 0xB1CC, 0xB9CC, 0xB9CC, 0xB9CC, 0xB9CC, 0xB1CC, 0xB1CC,
    0xB1CC, 0xB1CC, 0xB1CC, 0xB1CC, 0xB1AC, 0xB1AC, 0xB1AC, 0xB1AC, 0xB1AC, 0xB1AC, 0xB1AC, 0xB1AC,
    0xB1AC, 0xB1AC, 0xB1AC, 0xB1AC, 0xB1AC, 0xB1AC, 0xB1AC, 0xB1AC, 0xB1CC, 0xB9CC, 0xB9CC, 0xB9CD,
    0xB9CD, 0xB9CD, 0xC1CD, 0xC1CD, 0xC1CD, 0xC1CD, 0xC1CD, 0xC9ED, 0xC9ED, 0xD1EE, 0xD1EE, 0xC9ED,
    0xC9ED, 0xC9ED, 0xC9ED, 0xD1EE, 0xD1EE, 0xDA0E, 0xDA0E, 0xDA0E, 0xDA0F, 0xDA0F, 0xDA0F, 0xE20F,
    0xDA0F, 0xDA0E, 0xD1EE, 0xD1EE, 0xD1EE, 0xD1EE, 0xD1EE, 0xC9EE, 0xC9ED, 0xC9ED, 0xC1CD, 0xC1CD,
    0xDC74, 0xC1CD, 0xC1CD, 0xC1ED, 0xC1ED, 0xC1ED, 0xC1ED, 0xC1ED, 0xC1CD, 0xC1ED, 0xC1ED, 0xC9ED,
    0xC9ED, 0xC9ED, 0xC1ED, 0xC1CD, 0xC1CD, 0xC1ED, 0xC9ED, 0xC9ED, 0xC1ED, 0xC1CD, 0xC1CD, 0xC1CD,
    0xB9CD, 0xB9CD, 0xB9CD, 0xB9CC, 0xB1CC, 0xB1AC, 0xB1AC, 0xB1AC, 0xA9AC, 0xA9AB, 0xA9AB, 0xA9AB,
    0xA9AB, 0xA9AB, 0xA9AB, 0xA9AB, 0xA9AB, 0xA9AB, 0xB1AC, 0xB1CC, 0xB9CC, 0xB9CC, 0xD474, 0xB9CC,
    0xB9CD, 0xC1CD, 0xC1CD, 0xB9CD, 0xB9CC, 0xB1CC, 0xB1AC, 0xB1AC, 0xA9AC, 0xA9AB, 0xA9AB, 0xA9AB,
    0xA9AB, 0xA9AB, 0xA9AB, 0xA9AB, 0xA9AB, 0xA9AB, 0xA9AB, 0xA9AB, 0xA9AB, 0xA9AB, 0xB1AC, 0xB1AC,
    0xB1CC, 0xB1CC, 0xB1CC, 0xB1CC, 0xB1CC, 0xB1CC, 0xB1CC, 0xB1CC, 0xB1CC, 0xB1CC, 0xB1AC, 0xB1AC,
    0xB1AC, 0xD474, 0xB1AC, 0xB1AC, 0xB1AC, 0xA9AC, 0xA9AB, 0xA9AB, 0xA18B, 0xA18B, 0xA18B, 0xA18B,
    0xA18B, 0xA18B, 0xA18B, 0xA18B, 0xA18B, 0xA18B, 0xA18B, 0xA18B, 0xA18B, 0xA18B, 0xA18B, 0xA1AB,
    0xA9AB, 0xA9AB, 0xA9AB, 0xA9AB, 0xA9AB, 0xA9AB, 0xA9AB, 0xA9AB, 0xD1EE, 0xD1EE, 0xD1EE, 0xD1EE,
    0xD20E, 0xD20E, 0xD20E, 0xD20E, 0xE495, 0xD20E, 0xE495, 0xD1EE, 0xD1EE, 0xD1EE, 0xD1EE, 0xD1EE,
    0xD1EE, 0xD1EE, 0xD1EE, 0xD1EE, 0xD1EE, 0xD20E, 0xD20E, 0xD20E, 0xD20E, 0xD20E, 0xD1EE, 0xD1EE,
    0xD1EE, 0xC9EE, 0xC9EE, 0xC9EE, 0xC9EE, 0xC9EE, 0xC9EE, 0xD1EE, 0xD1EE, 0xD1EE, 0xD1EE, 0xD1EE,
    0xD1EE, 0xD1EE, 0xD1EE, 0xD1EE, 0xC9ED, 0xDC95, 0xC9ED, 0xC9ED, 0xC9ED, 0xC9ED, 0xC9ED, 0xC9ED,
    0xC9ED, 0xC9ED, 0xC9ED, 0xC9ED, 0xC9ED, 0xC9ED, 0xC9ED, 0xC9ED, 0xC1ED, 0xC1ED, 0xC1ED, 0xC1ED,
    0xC1ED, 0xC1ED, 0xC1CD, 0xC1CD, 0xC1CD, 0xB9CD, 0xB9CC, 0xB9CC, 0xB9CC, 0xB9CC, 0xB9CC, 0xB9CC,
    0xB9CC, 0xB9CC, 0xB1CC, 0xB1CC, 0xB1CC, 0xB1CC, 0xB9CC, 0xB1CC, 0xB1CC, 0xB1CC, 0xB1AC, 0xB1AC,
    0xB1AC, 0xB1AC, 0xB1AC, 0xB1AC, 0xB1CC, 0xB1CC, 0xB1AC, 0xB1AC, 0xB1AC, 0xB1AC, 0xB1AC, 0xB1AC,
    0xB1CC, 0xB9CC, 0xB9CC, 0xB9CD, 0xC1CD, 0xC1ED, 0xC9ED, 0xC9ED, 0xC9ED, 0xC9ED, 0xC9ED, 0xC9ED,
    0xC9EE, 0xD1EE, 0xD1EE, 0xD1EE, 0xD1EE, 0xD1EE, 0xD1EE, 0xD20E, 0xDA0E, 0xDA0E, 0xDA0E, 0xDA0E,
    0xDA0E, 0xDA0F, 0xDA0F, 0xDA0F, 0xDA0F, 0xDA0E, 0xDA0E, 0xD1EE, 0xD1EE, 0xD1EE, 0xD1EE, 0xD1EE,
    0xC9EE, 0xC9ED, 0xC9ED, 0xC9ED, 0xC9ED, 0xC9ED, 0xC9ED, 0xC9ED, 0xC9ED, 0xC9ED, 0xC9ED, 0xC9ED,
    0xC1ED, 0xC1ED, 0xC9ED, 0xC9ED, 0xC9EE, 0xC9EE, 0xC9ED, 0xC9ED, 0xDC95, 0xC9EE, 0xC9EE, 0xC9ED,
    0xC9ED, 0xC9ED, 0xC1ED, 0xC1ED, 0xC1CD, 0xC1CD, 0xC1CD, 0xB9CD, 0xB9CC, 0xB1CC, 0xB1AC, 0xB1AC,
    0xB1AC, 0xA9AB, 0xA9AB, 0xA9AC, 0xA9AC, 0xA9AC, 0xA9AB, 0xA9AB, 0xA9AC, 0xB1AC, 0xB1AC, 0xB1CC,
    0xB9CC, 0xB9CC, 0xB9CD, 0xB9CD, 0xC1CD, 0xC1CD, 0xC1CD, 0xB9CD, 0xB9CC, 0xB9CC, 0xB1AC, 0xB1AC,
    0xB1AC, 0xB1AC, 0xB1AC, 0xA9AB, 0xA9AB, 0xA9AB, 0xA9AB, 0xA9AB, 0xA9AC, 0xA9AC, 0xB1AC, 0xB1AC,
    0xB1AC, 0xB1AC, 0xB1AC, 0xB1AC, 0xB1CC, 0xB9CC, 0xB9CC, 0xB9CD, 0xB9CC, 0xB9CC, 0xB9CC, 0xB9CC,
    0xB9CD, 0xB9CD, 0xB9CD, 0xB9CC, 0xB9CC, 0xB1AC, 0xB1AC, 0xB1AC, 0xB1AC, 0xB1AC, 0xA9AB, 0xA9AB,
    0xA1AB, 0xA18B, 0xA18B, 0xA1AB, 0xA1AB, 0xA9AB, 0xA9AB, 0xA9AB, 0xA9AB, 0xA1AB, 0xA1AB, 0xA1AB,
    0xA1AB, 0xA9AB, 0xA9AB, 0xA9AB, 0xA9AC, 0xB1AC, 0xB1AC, 0xB1AC, 0xB1AC, 0xB1AC, 0xB1AC, 0xB1AC,
    0xD1EE, 0xD1EE, 0xD20E, 0xDA0E, 0xDA0E, 0xDA0E, 0xDA0E, 0xDA0E, 0xDA0F, 0xDA0F, 0xDA0F, 0xDA0F,
    0xDA0F, 0xDA0F, 0xDA0F, 0xDA0E, 0xDA0E, 0xDA0E, 0xD20E, 0xD20E, 0xDA0E, 0xDA0E, 0xDA0F, 0xDA0F,
    0xDA0F, 0xDA0F, 0xDA0F, 0xDA0E, 0xD20E, 0xD1EE, 0xD1EE, 0xD1EE, 0xD20E, 0xD20E, 0xD20E, 0xD20E,
    0xD20E, 0xD20E, 0xD20E, 0xD1EE, 0xD20E, 0xD20E, 0xDA0E, 0xDA0E, 0xD20E, 0xD1EE, 0xD1EE, 0xC9EE,
    0xC9EE, 0xC9EE, 0xC9EE, 0xC9EE, 0xD1EE, 0xD1EE, 0xD1EE, 0xE495, 0xD1EE, 0xC9EE, 0xC9ED, 0xC9ED,
    0xC9ED, 0xC9ED, 0xC9ED, 0xC9EE, 0xC9EE, 0xC9EE, 0xC9ED, 0xC9ED, 0xC1ED, 0xC1CD, 0xC1CD, 0xB9CD,
    0xB9CD, 0xB9CD, 0xB9CD, 0xB9CD, 0xB9CD, 0xB9CC, 0xB9CC, 0xB9CC, 0xB9CC, 0xB9CC, 0xB9CC, 0xB9CC,
    0xB9CC, 0xB9CC, 0xB9CC, 0xB1CC, 0xB1CC, 0xB1AC, 0xB1CC, 0xB9CC, 0xB9CD, 0xB9CD, 0xB9CC, 0xB1CC,
    0xB1CC, 0xB1CC, 0xB1CC, 0xB1CC, 0xB9CC, 0xB9CD, 0xB9CD, 0xC1CD, 0xC9ED, 0xC9EE, 0xD20E, 0xDA0E,
    0xD20E, 0xD1EE, 0xD1EE, 0xD1EE, 0xD1EE, 0xD1EE, 0xD20E, 0xD20E, 0xDA0E, 0xDA0E, 0xDA0E, 0xDA0F,
    0xDA0F, 0xDA0F, 0xDA0F, 0xDA0F, 0xDA0F, 0xDA0F, 0xDA0F, 0xDA0F, 0xEC95, 0xDA0F, 0xDA0F, 0xDA0F,
    0xDA0E, 0xDA0E, 0xD20E, 0xD20E, 0xD1EE, 0xD1EE, 0xD1EE, 0xD1EE, 0xD1EE, 0xD1EE, 0xD1EE, 0xD1EE,
    0xD1EE, 0xD1EE, 0xC9EE, 0xC9ED, 0xC9ED, 0xC9ED, 0xC9EE, 0xD1EE, 0xD20E, 0xD20E, 0xD20E, 0xE495,
    0xDA0E, 0xE495, 0xD20E, 0xD1EE, 0xD1EE, 0xC9EE, 0xC9ED, 0xC9ED, 0xC9ED, 0xC9ED, 0xC9ED, 0xC1ED,
    0xC1CD, 0xB9CD, 0xB9CC, 0xB1CC, 0xB1AC, 0xB1AC, 0xB1AC, 0xB1AC, 0xB1AC, 0xB1AC, 0xB1AC, 0xB1AC,
    0xB1CC, 0xB1CC, 0xB9CC, 0xB9CC, 0xB9CC, 0xB9CD, 0xC1CD, 0xC1ED, 0xC1ED, 0xC1ED, 0xC1CD, 0xB9CD,
    0xB9CD, 0xB9CC, 0xB9CC, 0xB9CC, 0xB9CC, 0xB9CC, 0xB1CC, 0xB1AC, 0xB1AC, 0xB1AC, 0xB1AC, 0xB1AC,
    0xB1AC, 0xB1CC, 0xB1CC, 0xB9CC, 0xB9CC, 0xB9CC, 0xB9CC, 0xB9CC, 0xB9CC, 0xB9CD, 0xC1CD, 0xC1ED,
    0xC1CD, 0xC1CD, 0xC1CD, 0xC1CD, 0xC1ED, 0xC1ED, 0xC9ED, 0xC1ED, 0xDC74, 0xB9CC, 0xB1CC, 0xB1CC,
    0xB1CC, 0xD474, 0xB1AC, 0xA9AC, 0xA9AB, 0xA9AB, 0xA9AB, 0xA9AB, 0xA9AB, 0xA9AB, 0xA9AB, 0xA9AC,
    0xA9AC, 0xA9AC, 0xA9AC, 0xA9AC, 0xB1AC, 0xB1AC, 0xB1AC, 0xB1AC, 0xB1CC, 0xB1CC, 0xB9CC, 0xB9CC,
    0xB9CD, 0xB9CD, 0xB9CD, 0xB9CD, 0xDA0E, 0xDA0E, 0xDA0E, 0xDA0F, 0xDA0F, 0xDA0F, 0xE20F, 0xE20F,
    0xE20F, 0xE22F, 0xE22F, 0xE22F, 0xEA2F, 0xE22F, 0xE22F, 0xE22F, 0xE22F, 0xE22F, 0xE22F, 0xE20F,
    0xE22F, 0xE22F, 0xE22F, 0xE22F, 0xE22F, 0xEA2F, 0xEA2F, 0xEA2F, 0xE22F, 0xEC95, 0xE22F, 0xE22F,
    0xE22F, 0xE22F, 0xEA2F, 0xEA2F, 0xEA30, 0xEA30, 0xEA2F, 0xE22F, 0xE22F, 0xE22F, 0xE22F, 0xE22F,
    0xE20F, 0xDA0F, 0xDA0E, 0xDA0E, 0xDA0E, 0xD20E, 0xD20E, 0xD20E, 0xD20E, 0xD20E, 0xD20E, 0xD20E,
    0xD20E, 0xD20E, 0xD1EE, 0xD1EE, 0xC9EE, 0xC9ED, 0xC9EE, 0xC9EE, 0xD1EE, 0xC9EE, 0xC9ED, 0xC9ED,
    0xC9ED, 0xC9ED, 0xC1ED, 0xC1ED, 0xC1ED, 0xC1ED, 0xC9ED, 0xC9ED, 0xC9ED, 0xC9ED, 0xC9ED, 0xC9EE,
    0xC9EE, 0xD1EE, 0xD1EE, 0xD20E, 0xE495, 0xDA0E, 0xDA0F, 0xDA0F, 0xE20F, 0xE22F, 0xE22F, 0xE22F,
    0xEA2F, 0xEA2F, 0xEA2F, 0xE22F, 0xE22F, 0xEA2F, 0xEA2F, 0xEA2F, 0xEA2F, 0xE22F, 0xE22F, 0xE20F,
    0xE20F, 0xDA0F, 0xDA0F, 0xDA0E, 0xDA0E, 0xDA0E, 0xDA0E, 0xDA0E, 0xDA0E, 0xDA0E, 0xDA0E, 0xD20E,
    0xC9EE, 0xC9ED, 0xC9ED, 0xC9ED, 0xC9ED, 0xC9ED, 0xC9ED, 0xC9ED, 0xC9EE, 0xC9ED, 0xC1ED, 0xC1CD,
    0xB9CD, 0xC1CD, 0xC1ED, 0xC1ED, 0xC1ED, 0xC9ED, 0xC9ED, 0xC9ED, 0xC9ED, 0xC9EE, 0xD1EE, 0xD20E,
    0xD20E, 0xDA0E, 0xDA0E, 0xE495, 0xD1EE, 0xC9EE, 0xC9ED, 0xC9EE, 0xC9EE, 0xC9EE, 0xD1EE, 0xD20E,
    0xDA0E, 0xD20E, 0xD1EE, 0xC9EE, 0xC9EE, 0xC9EE, 0xC9EE, 0xC9EE, 0xE495, 0xD1EE, 0xD1EE, 0xD1EE,
    0xC9EE, 0xC9ED, 0xC9ED, 0xC9ED, 0xC9ED, 0xC9ED, 0xC9ED, 0xC9ED, 0xC9ED, 0xC9ED, 0xC9ED, 0xC9ED,
    0xC9EE, 0xC9ED, 0xC9ED, 0xC1ED, 0xC1ED, 0xC1ED, 0xC1ED, 0xC1ED, 0xC1ED, 0xC1ED, 0xC9ED, 0xC9ED,
    0xC9ED, 0xC1ED, 0xC1ED, 0xC1ED, 0xC1ED, 0xC9ED, 0xC9ED, 0xC9EE, 0xD1EE, 0xD1EE, 0xD20E, 0xD20E,
    0xD20E, 0xD20E, 0xDA0E, 0xDA0E, 0xDA0F, 0xDA0F, 0xDA0F, 0xDA0F, 0xDA0F, 0xDA0F, 0xDA0E, 0xD20E,
    0xD20E, 0xD20E, 0xDA0E, 0xDA0E, 0xDA0E, 0xD20E, 0xD1EE, 0xC9ED, 0xC9ED, 0xC9ED, 0xC9ED, 0xC9EE,
    0xD20E, 0xDA0E, 0xDA0E, 0xDA0E, 0xD20E, 0xD20E, 0xD20E, 0xDA0E, 0xDA0E, 0xDA0F, 0xE20F, 0xE20F,
    0xE22F, 0xE22F, 0xE22F, 0xE22F, 0xE22F, 0xE22F, 0xE22F, 0xE22F, 0xE22F, 0xE22F, 0xE22F, 0xE22F,
    0xEA2F, 0xEA2F, 0xEA30, 0xEA30, 0xEA2F, 0xE22F, 0xE22F, 0xE22F, 0xE22F, 0xE22F, 0xE22F, 0xE22F,
    0xE22F, 0xEA2F, 0xEA2F, 0xEA2F, 0xEA30, 0xEA30, 0xEA30, 0xF230, 0xF250, 0xF230, 0xEA30, 0xEA30,
    0xEA30, 0xEA30, 0xEA30, 0xEA30, 0xEA30, 0xEA30, 0xEA30, 0xEA30, 0xEA30, 0xF230, 0xF230, 0xF230,
    0xEA30, 0xEA30, 0xEA30, 0xEA30, 0xEA30, 0xEA30, 0xF230, 0xF250, 0xF250, 0xF250, 0xF250, 0xF230,
    0xEA30, 0xEA30, 0xEA30, 0xEA30, 0xEA30, 0xEA2F, 0xE22F, 0xE22F, 0xE22F, 0xE22F, 0xE20F, 0xDA0F,
    0xDA0F, 0xDA0F, 0xDA0F, 0xDA0F, 0xDA0F, 0xDA0F, 0xDA0E, 0xDA0E, 0xD20E, 0xD20E, 0xD20E, 0xD20E,
    0xDA0E, 0xD20E, 0xD20E, 0xD20E, 0xD1EE, 0xC9EE, 0xC9EE, 0xC9ED, 0xC9EE, 0xD1EE, 0xD20E, 0xD20E,
    0xD20E, 0xD20E, 0xD20E, 0xD20E, 0xDA0E, 0xDA0E, 0xE495, 0xDA0E, 0xDA0F, 0xE22F, 0xE22F, 0xE22F,
    0xEA2F, 0xEA30, 0xEA30, 0xF230, 0xF250, 0xF250, 0xF250, 0xF250, 0xF250, 0xF250, 0xF250, 0xFA50,
    0xF250, 0xF250, 0xF230, 0xEA30, 0xEA30, 0xEA2F, 0xEA2F, 0xE22F, 0xE22F, 0xE22F, 0xE20F, 0xE22F,
    0xE22F, 0xE22F, 0xE22F, 0xDA0F, 0xDA0E, 0xD20E, 0xD20E, 0xD20E, 0xD20E, 0xD20E, 0xD20E, 0xD20E,
    0xD20E, 0xD1EE, 0xC9EE, 0xC9ED, 0xC9ED, 0xC9EE, 0xC9EE, 0xD1EE, 0xD1EE, 0xD20E, 0xD20E, 0xD20E,
    0xD20E, 0xD20E, 0xD20E, 0xDA0E, 0xDA0E, 0xDA0F, 0xDA0F, 0xE495, 0xDA0E, 0xD20E, 0xD20E, 0xD20E,
    0xD20E, 0xD20E, 0xDA0E, 0xDA0E, 0xDA0E, 0xDA0E, 0xDA0E, 0xDA0E, 0xD20E, 0xD20E, 0xD20E, 0xD20E,
    0xD20E, 0xD20E, 0xD20E, 0xD20E, 0xD20E, 0xD20E, 0xD20E, 0xD20E, 0xD20E, 0xD20E, 0xD1EE, 0xD1EE,
    0xD1EE, 0xD1EE, 0xD20E, 0xD20E, 0xD20E, 0xD20E, 0xD20E, 0xC9EE, 0xC9ED, 0xC9ED, 0xC9ED, 0xC9ED,
    0xC9ED, 0xC9ED, 0xC9EE, 0xD1EE, 0xC9EE, 0xC9EE, 0xC9EE, 0xC9EE, 0xC9EE, 0xD20E, 0xD20E, 0xD20E,
    0xD20E, 0xDA0E, 0xDA0E, 0xDA0E, 0xDA0E, 0xDA0E, 0xDA0F, 0xE22F, 0xE22F, 0xE22F, 0xE22F, 0xE22F,
    0xE22F, 0xE22F, 0xE22F, 0xDA0F, 0xDA0F, 0xDA0F, 0xDA0F, 0xE20F, 0xDA0F, 0xDA0E, 0xD20E, 0xD20E,
    0xD20E, 0xD20E, 0xD20E, 0xD20E, 0xDA0E, 0xDA0F, 0xE22F, 0xE20F, 0xDA0F, 0xDA0F, 0xDA0F, 0xE22F,
    0xE22F, 0xE22F, 0xEA2F, 0xEA30, 0xEA30, 0xEA30, 0xEA30, 0xEA30, 0xEA30, 0xEA30, 0xEA30, 0xEA30,
    0xEA30, 0xEA30, 0xEA30, 0xEA30, 0xEA30, 0xF230, 0xF250, 0xF230, 0xEA30, 0xEA30, 0xEA2F, 0xEA2F,
    0xF250, 0xF250, 0xF250, 0xF250, 0xF250, 0xF250, 0xF250, 0xF250, 0xF250, 0xFA50, 0xFA50, 0xFA51,
    0xFA51, 0xFA51, 0xFA50, 0xF250, 0xF250, 0xFA50, 0xFA50, 0xFA50, 0xF250, 0xF250, 0xF250, 0xF250,
    0xF250, 0xF250, 0xFA50, 0xFA50, 0xF250, 0xF250, 0xF250, 0xFA50, 0xFA50, 0xFA50, 0xFA51, 0xFA51,
    0xFA51, 0xFA51, 0xFA51, 0xFA51, 0xFA50, 0xFA50, 0xFA51, 0xFA51, 0xFA50, 0xF250, 0xF250, 0xF250,
    0xEA30, 0xEA30, 0xEA30, 0xEA2F, 0xE22F, 0xE22F, 0xE22F, 0xE22F, 0xE22F, 0xE22F, 0xE22F, 0xE22F,
    0xDA2F, 0xDA0F, 0xDA0F, 0xDA0F, 0xDA2F, 0xDA0F, 0xDA0E, 0xD20E, 0xD20E, 0xD20E, 0xD20E, 0xD20E,
    0xD20E, 0xDA0E, 0xDA0F, 0xDA2F, 0xDA2F, 0xDA2F, 0xDA2F, 0xDA2F, 0xDA2F, 0xDA2F, 0xDA2F, 0xE22F,
    0xE22F, 0xEA2F, 0xEA30, 0xEA30, 0xF250, 0xF250, 0xF250, 0xFA50, 0xFA51, 0xFA51, 0xFA51, 0xFA51,
    0xFA51, 0xFA71, 0xFA71, 0xFA71, 0xFA71, 0xFA51, 0xFA51, 0xFA51, 0xFA50, 0xF250, 0xF250, 0xF250,
    0xEA30, 0xEA2F, 0xE22F, 0xEA2F, 0xEA2F, 0xEA30, 0xEA2F, 0xE22F, 0xE22F, 0xE22F, 0xE22F, 0xE22F,
    0xE22F, 0xE22F, 0xDA0F, 0xDA0E, 0xDA0E, 0xDA0E, 0xDA0E, 0xDA0E, 0xDA0E, 0xDA0E, 0xDA0E, 0xDA0E,
    0xDA0E, 0xDA0E, 0xDA0E, 0xDA0E, 0xDA0E, 0xDA0E, 0xD20E, 0xDA0E, 0xDA2F, 0xE22F, 0xE22F, 0xE22F,
    0xE22F, 0xDA2F, 0xDA0F, 0xDA0F, 0xDA0F, 0xDA0F, 0xDA0F, 0xEC95, 0xDA2F, 0xDA2F, 0xDA2F, 0xE22F,
    0xE22F, 0xDA0F, 0xDA0F, 0xDA0F, 0xDA0E, 0xDA0E, 0xDA0E, 0xDA0E, 0xDA0E, 0xDA0F, 0xDA0F, 0xDA0F,
    0xDA0E, 0xDA0E, 0xD20E, 0xD20E, 0xD20E, 0xD20E, 0xD20E, 0xDA0E, 0xDA0E, 0xDA0E, 0xDA0E, 0xD20E,
    0xD20E, 0xD20E, 0xD20E, 0xC9EE, 0xC9EE, 0xD20E, 0xD20E, 0xD20E, 0xD20E, 0xD20E, 0xD20E, 0xD20E,
    0xDA0E, 0xDA0E, 0xDA0E, 0xDA0E, 0xDA0F, 0xDA0F, 0xDA0F, 0xDA2F, 0xE22F, 0xE22F, 0xE22F, 0xE22F,
    0xEA30, 0xEA30, 0xEA30, 0xEA30, 0xEA30, 0xEA30, 0xEA30, 0xEA2F, 0xE22F, 0xE22F, 0xE22F, 0xE22F,
    0xE22F, 0xDA0F, 0xDA0F, 0xDA0E, 0xDA0E, 0xDA0E, 0xDA0E, 0xDA0F, 0xE22F, 0xE22F, 0xEA2F, 0xEA2F,
    0xF4B6, 0xEA30, 0xEA30, 0xEA30, 0xEA30, 0xEA30, 0xF250, 0xF250, 0xFA50, 0xFA50, 0xF250, 0xF250,
    0xF250, 0xF250, 0xF250, 0xF250, 0xF250, 0xF250, 0xF250, 0xF250, 0xF250, 0xF250, 0xF250, 0xF250,
    0xF250, 0xF250, 0xF250, 0xF250, 0xFA50, 0xFA50, 0xFA50, 0xF250, 0xF250, 0xF250, 0xFA50, 0xFA51,
    0xFA51, 0xFA71, 0xFA71, 0xFA71, 0xFA71, 0xFA71, 0xFA71, 0xFA51, 0xFA51, 0xFA51, 0xFA71, 0xFA71,
    0xFA51, 0xFA51, 0xFA50, 0xFA50, 0xFA51, 0xFA51, 0xFA51, 0xFA51, 0xFA51, 0xFA51, 0xFA51, 0xFA71,
    0xFA71, 0xFA71, 0xFA71, 0xFA71, 0xFA71, 0xFA71, 0xFA71, 0xFA71, 0xFA71, 0xFA71, 0xFA71, 0xFA71,
    0xFA71, 0xFA51, 0xFA51, 0xFA51, 0xFA50, 0xF250, 0xF250, 0xF250, 0xEA30, 0xEA2F, 0xE22F, 0xEA2F,
    0xEA2F, 0xEA30, 0xEA2F, 0xEA2F, 0xE22F, 0xE22F, 0xE22F, 0xE22F, 0xE22F, 0xE22F, 0xDA0F, 0xDA0E,
    0xD20E, 0xDA0E, 0xDA0E, 0xDA0E, 0xDA0F, 0xE22F, 0xE22F, 0xEA2F, 0xEA2F, 0xE22F, 0xE22F, 0xE22F,
    0xE22F, 0xE22F, 0xE22F, 0xEA2F, 0xEA30, 0xF250, 0xF250, 0xF250, 0xF250, 0xF250, 0xFA51, 0xFA71,
    0xFA71, 0xFA71, 0xFA71, 0xFA72, 0xFA72, 0xFA72, 0xFA72, 0xFA72, 0xFA72, 0xFA71, 0xFA71, 0xFA71,
    0xFA71, 0xFA71, 0xFA51, 0xFA50, 0xF250, 0xEA50, 0xEA30, 0xEA30, 0xEA50, 0xF250, 0xF250, 0xEA50,
    0xEA30, 0xEA30, 0xEA30, 0xEA30, 0xEA30, 0xEA2F, 0xE22F, 0xDA2F, 0xDA0E, 0xDA0F, 0xDA2F, 0xE22F,
    0xE22F, 0xE22F, 0xE22F, 0xE22F, 0xE22F, 0xE22F, 0xE22F, 0xDA2F, 0xDA0F, 0xDA0E, 0xD20E, 0xDA0F,
    0xE22F, 0xE22F, 0xEA2F, 0xEA2F, 0xE22F, 0xE22F, 0xE22F, 0xE22F, 0xE22F, 0xE22F, 0xE22F, 0xE22F,
    0xE22F, 0xE22F, 0xE22F, 0xE22F, 0xE22F, 0xE22F, 0xE22F, 0xDA2F, 0xEC95, 0xDA0F, 0xDA0F, 0xDA0F,
    0xDA2F, 0xE22F, 0xE22F, 0xE22F, 0xE22F, 0xDA2F, 0xDA0F, 0xDA0E, 0xDA0E, 0xD20E, 0xDA0E, 0xDA0E,
    0xDA0F, 0xDA0F, 0xDA0F, 0xDA0F, 0xDA0F, 0xDA0E, 0xD20E, 0xD20E, 0xD20E, 0xD20E, 0xD20E, 0xDA0E,
    0xDA0E, 0xDA0F, 0xDA0F, 0xDA0F, 0xDA2F, 0xDA2F, 0xDA2F, 0xDA2F, 0xDA2F, 0xE22F, 0xE22F, 0xE22F,
    0xE22F, 0xE22F, 0xE22F, 0xEA30, 0xEA50, 0xF250, 0xF250, 0xF250, 0xF250, 0xF250, 0xF250, 0xEA50,
    0xEA30, 0xEA30, 0xEA2F, 0xE22F, 0xE22F, 0xE22F, 0xDA2F, 0xDA0F, 0xDA0F, 0xDA0F, 0xDA2F, 0xE22F,
    0xE22F, 0xEA2F, 0xEA30, 0xF250, 0xF250, 0xF250, 0xF250, 0xF250, 0xF250, 0xF250, 0xFA50, 0xFA51,
    0xFA51, 0xFA51, 0xFA51, 0xFA51, 0xFA50, 0xFA51, 0xFA51, 0xFA51, 0xFA51, 0xFA50, 0xFA50, 0xF250,
    0xF250, 0xF250, 0xF250, 0xF250, 0xF250, 0xF250, 0xF250, 0xF250, 0xFA51, 0xFA51, 0xFA51, 0xFA51,
    0xFA50, 0xFA50, 0xFA51, 0xFA51, 0xFA51, 0xFA71, 0xFA71, 0xFA71, 0xFA71, 0xFA71, 0xFA71, 0xFA71,
    0xFA71, 0xFA71, 0xFA71, 0xFA71, 0xFA71, 0xFA71, 0xFA71, 0xFA51, 0xFA51, 0xFA51, 0xFA51, 0xFA51,
    0xFA71, 0xFA71, 0xFA71, 0xFA71, 0xFA71, 0xFA71, 0xFA71, 0xFA71, 0xFA71, 0xFA71, 0xFA71, 0xFA71,
    0xFA71, 0xFA71, 0xFA71, 0xFA71, 0xFA71, 0xFA51, 0xFA51, 0xFA51, 0xFA50, 0xF250, 0xF250, 0xF250,
    0xEA30, 0xEA2F, 0xE22F, 0xEA2F, 0xEA30, 0xEA30, 0xEA30, 0xEA2F, 0xE22F, 0xE22F, 0xE22F, 0xE22F,
    0xE22F, 0xE22F, 0xDA2F, 0xDA0F, 0xDA0F, 0xDA0F, 0xDA0F, 0xDA0F, 0xDA2F, 0xE22F, 0xE22F, 0xE22F,
    0xEA2F, 0xECB6, 0xEA2F, 0xEA2F, 0xEA2F, 0xEA2F, 0xE22F, 0xEA30, 0xF250, 0xF250, 0xF250, 0xF250,
    0xF250, 0xF250, 0xFA51, 0xFA71, 0xFA71, 0xFA72, 0xFA72, 0xFA72, 0xFA72, 0xFA92, 0xFA92, 0xFA92,
    0xFA72, 0xFA72, 0xFA72, 0xFA71, 0xFA71, 0xFA71, 0xFA51, 0xF250, 0xF250, 0xF250, 0xEA50, 0xF250,
    0xF250, 0xF250, 0xF250, 0xF250, 0xF250, 0xF250, 0xEA50, 0xEA50, 0xEA30, 0xEA2F, 0xE22F, 0xE22F,
    0xDA2F, 0xE22F, 0xE22F, 0xE22F, 0xE22F, 0xE22F, 0xE22F, 0xE22F, 0xE22F, 0xE22F, 0xE22F, 0xDA2F,
    0xDA0F, 0xDA0E, 0xD20E, 0xDA0E, 0xDA2F, 0xE22F, 0xE22F, 0xE22F, 0xE22F, 0xE22F, 0xE22F, 0xE22F,
    0xE22F, 0xE22F, 0xE22F, 0xE22F, 0xE22F, 0xE22F, 0xE22F, 0xE22F, 0xE22F, 0xE22F, 0xDA2F, 0xDA2F,
    0xDA2F, 0xDA2F, 0xDA0F, 0xDA0F, 0xDA2F, 0xE22F, 0xE22F, 0xE22F, 0xE22F, 0xDA2F, 0xDA0F, 0xDA0F,
    0xDA0E, 0xDA0E, 0xDA0E, 0xDA0F, 0xDA2F, 0xDA2F, 0xDA2F, 0xDA0F, 0xEC95, 0xDA0E, 0xD20E, 0xD20E,
    0xD20E, 0xD20E, 0xDA0E, 0xDA0F, 0xDA0F, 0xDA2F, 0xDA2F, 0xE22F, 0xE22F, 0xE22F, 0xE22F, 0xE22F,
    0xE22F, 0xE22F, 0xE22F, 0xE22F, 0xE22F, 0xE22F, 0xEA2F, 0xEA30, 0xF250, 0xF250, 0xF250, 0xF4B6,
    0xF250, 0xF250, 0xF250, 0xF250, 0xF250, 0xEA50, 0xEA30, 0xEA2F, 0xE22F, 0xE22F, 0xE22F, 0xE22F,
    0xE22F, 0xE22F, 0xE22F, 0xE22F, 0xE22F, 0xEA30, 0xEA30, 0xF250, 0xF250, 0xF250, 0xF250, 0xF250,
    0xF250, 0xF250, 0xFA50, 0xFA51, 0xFA51, 0xFA51, 0xFA51, 0xFA51, 0xFA51, 0xFA51, 0xFA51, 0xFA51,
    0xFA51, 0xFA50, 0xF250, 0xF250, 0xF250, 0xF250, 0xF250, 0xF250, 0xF250, 0xF250, 0xF250, 0xF250,
    0xFA51, 0xFA51, 0xFA50, 0xFA50, 0xF250, 0xF250, 0xF250, 0xFA50, 0xFA51, 0xFA51, 0xFCD6, 0xFA71,
    0xFA71, 0xFA71, 0xFA71, 0xFA51, 0xFA51, 0xFA51, 0xFA51, 0xFA51, 0xFA51, 0xFA51, 0xFA51, 0xFA51,
    0xFA51, 0xFA50, 0xFA50, 0xFA51, 0xFA51, 0xFA71, 0xFA71, 0xFA71, 0xFA71, 0xFA71, 0xFA71, 0xFA71,
    0xFA71, 0xFA71, 0xFA71, 0xFA71, 0xFA71, 0xFA71, 0xFA71, 0xFA51, 0xFA51, 0xFA51, 0xFA50, 0xF250,
    0xF250, 0xF250, 0xF250, 0xEA30, 0xEA2F, 0xE22F, 0xE22F, 0xE22F, 0xE22F, 0xEA2F, 0xEA2F, 0xE22F,
    0xE22F, 0xE22F, 0xE22F, 0xDA2F, 0xDA0F, 0xDA0F, 0xDA0F, 0xDA0F, 0xDA0F, 0xDA0F, 0xDA0E, 0xDA0E,
    0xDA0F, 0xDA2F, 0xDA2F, 0xE22F, 0xE22F, 0xE22F, 0xE22F, 0xE22F, 0xE22F, 0xE22F, 0xE22F, 0xEA30,
    0xEA50, 0xF250, 0xF250, 0xF250, 0xF250, 0xF250, 0xFA50, 0xFA51, 0xFA71, 0xFA71, 0xFA72, 0xFA72,
    0xFA72, 0xFA72, 0xFA72, 0xFA72, 0xFA72, 0xFA72, 0xFA71, 0xFA71, 0xFA51, 0xFA51, 0xF250, 0xF250,
    0xEA50, 0xEA30, 0xEA30, 0xEA50, 0xF250, 0xF250, 0xF250, 0xF250, 0xF250, 0xF250, 0xF250, 0xEA30,
    0xEA2F, 0xE22F, 0xE22F, 0xE22F, 0xDA2F, 0xDA2F, 0xE22F, 0xE22F, 0xE22F, 0xE22F, 0xE22F, 0xDA2F,
    0xDA2F, 0xDA2F, 0xDA0F, 0xDA0F, 0xDA0E, 0xD20E, 0xD20E, 0xD20E, 0xDA0E, 0xDA0F, 0xE22F, 0xE22F,
    0xE22F, 0xE22F, 0xE22F, 0xE22F, 0xE22F, 0xE22F, 0xE22F, 0xE22F, 0xE22F, 0xE22F, 0xE22F, 0xE22F,
    0xDA2F, 0xDA0F, 0xDA0E, 0xDA0E, 0xDA0E, 0xDA0E, 0xDA0E, 0xDA0E, 0xDA0F, 0xDA0F, 0xDA0F, 0xDA0F,
    0xDA0F, 0xDA0F, 0xDA0E, 0xDA0E, 0xDA0E, 0xD20E, 0xDA0E, 0xDA0E, 0xDA0E, 0xDA0F, 0xDA0E, 0xDA0E,
    0xDA0E, 0xD20E, 0xD20E, 0xD20E, 0xD20E, 0xD20E, 0xD20E, 0xDA0E, 0xDA0E, 0xDA0F, 0xDA0F, 0xDA2F,
    0xDA2F, 0xE22F, 0xE22F, 0xE22F, 0xE22F, 0xDA2F, 0xE22F, 0xE22F, 0xE22F, 0xE22F, 0xEA2F, 0xEA30,
    0xEA30, 0xF250, 0xF250, 0xF250, 0xF250, 0xF250, 0xF250, 0xF250, 0xEA50, 0xEA30, 0xEA2F, 0xE22F,
    0xE22F, 0xE22F, 0xE22F, 0xE22F, 0xE22F, 0xE22F, 0xE22F, 0xE22F, 0xE22F, 0xE22F, 0xEA2F, 0xEA30,
    0xEA50, 0xF250, 0xF250, 0xF250, 0xF250, 0xF250, 0xF250, 0xF250, 0xFA50, 0xFA50, 0xFA51, 0xFA51,
    0xFA51, 0xFA51, 0xFCB6, 0xFA51, 0xFA50, 0xF250, 0xF250, 0xF250, 0xF250, 0xF250, 0xF250, 0xF250,
    0xF250, 0xF250, 0xF250, 0xF250, 0xF250, 0xF250, 0xF250, 0xF250, 0xF250, 0xEA30, 0xF250, 0xF250,
    0xF4B6, 0xF250, 0xFA50, 0xFA51, 0xFA51, 0xFA51, 0xFA51, 0xFA50, 0xFA50, 0xF250, 0xF250, 0xF250,
    0xFA50, 0xFA50, 0xFA51, 0xFA50, 0xF250, 0xF250, 0xF250, 0xF250, 0xF250, 0xFA51, 0xFA51, 0xFA51,
    0xFA51, 0xFA51, 0xFA51, 0xFA51, 0xFA71, 0xFA51, 0xFA51, 0xFA51, 0xFA51, 0xFA51, 0xFA50, 0xF250,
    0xF250, 0xF250, 0xEA30, 0xEA30, 0xEA30, 0xEA2F, 0xEA2F, 0xE22F, 0xE22F, 0xDA0F, 0xDA0F, 0xDA0F,
    0xE22F, 0xE22F, 0xE22F, 0xE22F, 0xDA0F, 0xDA0E, 0xDA0E, 0xD20E, 0xD20E, 0xD20E, 0xD20E, 0xDA0E,
    0xDA0E, 0xDA0E, 0xD20E, 0xD20E, 0xD20E, 0xDA0E, 0xDA0E, 0xDA0E, 0xDA0F, 0xDA2F, 0xE22F, 0xE22F,
    0xE22F, 0xE22F, 0xE22F, 0xE22F, 0xEA2F, 0xEA30, 0xEA30, 0xEA30, 0xEA30, 0xEA30, 0xF250, 0xFA50,
    0xFA51, 0xFA71, 0xFA71, 0xFA71, 0xFA71, 0xFA72, 0xFA72, 0xFA72, 0xFA71, 0xFA71, 0xFA71, 0xFA51,
    0xFA50, 0xF250, 0xEA30, 0xE22F, 0xE22F, 0xE22F, 0xEA2F, 0xEA2F, 0xEA30, 0xEA30, 0xEA30, 0xEA30,
    0xF250, 0xF250, 0xEA30, 0xE22F, 0xE22F, 0xDA0F, 0xDA0F, 0xDA0F, 0xDA0E, 0xDA0F, 0xDA0F, 0xDA0F,
    0xDA0F, 0xDA0E, 0xDA0E, 0xDA0E, 0xDA0E, 0xDA0E, 0xDA0E, 0xD20E, 0xD20E, 0xC9EE, 0xC9ED, 0xC9EE,
    0xD20E, 0xD20E, 0xD20E, 0xDA0E, 0xDA0F, 0xDA0F, 0xDA0F, 0xDA2F, 0xE22F, 0xDA0F, 0xE22F, 0xE22F,
    0xE22F, 0xDA2F, 0xDA0F, 0xDA0E, 0xD20E, 0xD20E, 0xD20E, 0xD20E, 0xD20E, 0xD20E, 0xD20E, 0xD20E,
    0xD20E, 0xD20E, 0xD20E, 0xD20E, 0xD20E, 0xD20E, 0xD20E, 0xD20E, 0xD20E, 0xD20E, 0xD20E, 0xD20E,
    0xD20E, 0xD20E, 0xD20E, 0xD20E, 0xD20E, 0xD20E, 0xD20E, 0xC9EE, 0xC9EE, 0xC9EE, 0xD20E, 0xD20E,
    0xD20E, 0xDA0E, 0xDA0E, 0xDA0E, 0xDA0E, 0xDA0F, 0xDA0F, 0xDA0F, 0xDA0E, 0xDA0E, 0xDA0E, 0xDA0F,
    0xDA0F, 0xE22F, 0xE22F, 0xE22F, 0xEA2F, 0xEA2F, 0xEA2F, 0xEA2F, 0xEA2F, 0xEA30, 0xEA30, 0xEA30,
    0xEA2F, 0xE22F, 0xE22F, 0xDA0F, 0xDA0F, 0xDA0F, 0xDA0F, 0xDA0F, 0xDA0F, 0xDA0F, 0xDA0F, 0xDA0F,
    0xDA0F, 0xDA0F, 0xE22F, 0xE22F, 0xE22F, 0xEA30, 0xEA30, 0xEA30, 0xEA30, 0xEA30, 0xEA30, 0xEA30,
    0xEA30, 0xF250, 0xF250, 0xF250, 0xFA50, 0xFA50, 0xF250, 0xF250, 0xF250, 0xEA30, 0xEA2F, 0xEA2F,
    0xEA2F, 0xEA2F, 0xEA2F, 0xEA30, 0xEA30, 0xEA30, 0xF250, 0xF250, 0xEA30, 0xEA30, 0xEA30, 0xEA30,
    0xEA2F, 0xEA2F, 0xECB6, 0xEA2F, 0xEA2F, 0xEA30, 0xF230, 0xF250, 0xF250, 0xF250, 0xF250, 0xF250,
    0xF230, 0xF230, 0xF4B6, 0xEA30, 0xEA30, 0xF230, 0xF250, 0xF230, 0xEA30, 0xEA2F, 0xEA2F, 0xEA30,
    0xEA30, 0xF250, 0xF250, 0xF250, 0xF230, 0xF250, 0xF250, 0xFA50, 0xFA50, 0xFA50, 0xF250, 0xF250,
    0xF250, 0xF230, 0xF230, 0xEA30, 0xEA30, 0xEA2F, 0xEA2F, 0xE22F, 0xE22F, 0xE22F, 0xE20F, 0xDA0F,
    0xDA0E, 0xDA0E, 0xD20E, 0xDA0E, 0xDA0E, 0xDA0F, 0xE495, 0xDA0E, 0xD20E, 0xD20E, 0xD20E, 0xD1EE,
    0xC9EE, 0xC9EE, 0xD20E, 0xD20E, 0xD20E, 0xD20E, 0xD20E, 0xD20E, 0xD20E, 0xD20E, 0xD20E, 0xD20E,
    0xD20E, 0xDA0E, 0xDA0F, 0xDA0F, 0xDA0F, 0xDA0F, 0xDA0F, 0xE22F, 0xE22F, 0xEA2F, 0xEA2F, 0xE22F,
    0xE22F, 0xE22F, 0xEA30, 0xF230, 0xF250, 0xFCB6, 0xFA51, 0xFA51, 0xFA51, 0xFA51, 0xFA51, 0xFA51,
    0xFA51, 0xFA51, 0xFA50, 0xF250, 0xF230, 0xEA2F, 0xE22F, 0xDA0F, 0xDA0F, 0xE20F, 0xE22F, 0xE22F,
    0xECB5, 0xE22F, 0xE22F, 0xEA2F, 0xEA2F, 0xEA2F, 0xE22F, 0xE20F, 0xDA0E, 0xDA0E, 0xD20E, 0xD20E,
    0xD20E, 0xD20E, 0xD20E, 0xD20E, 0xD20E, 0xD20E, 0xD20E, 0xD1EE, 0xD1EE, 0xD1EE, 0xD1EE, 0xC9EE,
    0xC9ED, 0xC1ED, 0xC1ED, 0xC1ED, 0xC9ED, 0xC9ED, 0xC9EE, 0xD20E, 0xD20E, 0xDA0E, 0xDA0E, 0xDA0E,
    0xDA0E, 0xDA0E, 0xDA0F, 0xDA0F, 0xDA0F, 0xDA0E, 0xD20E, 0xD1EE, 0xC9EE, 0xC9EE, 0xC9ED, 0xC9EE,
    0xC9EE, 0xC9EE, 0xC9EE, 0xC9EE, 0xC9EE, 0xD1EE, 0xD1EE, 0xD1EE, 0xD1EE, 0xD1EE, 0xC9EE, 0xC9EE,
    0xC9EE, 0xC9EE, 0xC9EE, 0xC9EE, 0xD1EE, 0xD1EE, 0xC9EE, 0xC9EE, 0xC9ED, 0xC9ED, 0xC9ED, 0xC9ED,
    0xC9ED, 0xC9ED, 0xC9ED, 0xC9EE, 0xD1EE, 0xD20E, 0xD20E, 0xD20E, 0xD20E, 0xD20E, 0xD20E, 0xD20E,
    0xD20E, 0xD20E, 0xD20E, 0xD20E, 0xDA0E, 0xDA0E, 0xDA0F, 0xDA0F, 0xDA0F, 0xE20F, 0xE20F, 0xE22F,
    0xE22F, 0xE22F, 0xE22F, 0xE22F, 0xE22F, 0xDA0F, 0xDA0E, 0xDA0E, 0xDA0E, 0xDA0E, 0xDA0E, 0xDA0E,
    0xD20E, 0xDA0E, 0xDA0E, 0xDA0E, 0xDA0E, 0xDA0E, 0xDA0E, 0xDA0F, 0xDA0F, 0xEC95, 0xEC95, 0xE22F,
    0xE22F, 0xE22F, 0xE22F, 0xE22F, 0xE22F, 0xEA2F, 0xEA30, 0xEA30, 0xF230, 0xF230, 0xEA30, 0xEA30,
    0xEA2F, 0xE22F, 0xE22F, 0xE20F, 0xE20F, 0xE20F, 0xE22F, 0xE22F, 0xE22F, 0xEA2F, 0xEA2F, 0xEA2F,
    0xE22F, 0xE22F, 0xE22F, 0xE22F, 0xE22F, 0xE22F, 0xE22F, 0xE22F, 0xE22F, 0xEA2F, 0xEA2F, 0xEA30,
    0xEA30, 0xEA30, 0xEA30, 0xEA30, 0xEA30, 0xEA2F, 0xE22F, 0xE22F, 0xE22F, 0xEA2F, 0xEA2F, 0xEA2F,
    0xEA2F, 0xE22F, 0xE22F, 0xE22F, 0xEA2F, 0xEA2F, 0xEA2F, 0xEA2F, 0xEA2F, 0xEA2F, 0xEA30, 0xEA30,
    0xF230, 0xF230, 0xEA30, 0xEA2F, 0xEA2F, 0xEA2F, 0xEA2F, 0xEA2F, 0xE22F, 0xE22F, 0xE22F, 0xE20F,
    0xDA0F, 0xDA0F, 0xDA0E, 0xDA0E, 0xD20E, 0xD20E, 0xD20E, 0xD20E, 0xD20E, 0xD20E, 0xD20E, 0xE495,
    0xD20E, 0xD20E, 0xD1EE, 0xC9EE, 0xC9ED, 0xC9ED, 0xC9EE, 0xD1EE, 0xD1EE, 0xD1EE, 0xD1EE, 0xD1EE,
    0xD1EE, 0xD1EE, 0xD1EE, 0xD1EE, 0xD20E, 0xD20E, 0xDA0E, 0xDA0E, 0xDA0E, 0xDA0E, 0xDA0F, 0xDA0F,
    0xE20F, 0xE20F, 0xE20F, 0xEC95, 0xE22F, 0xE22F, 0xEA2F, 0xEA2F, 0xEA30, 0xF230, 0xF230, 0xF250,
    0xFA50, 0xFA50, 0xFA50, 0xFA50, 0xF250, 0xF230, 0xF230, 0xEA30, 0xEA2F, 0xE22F, 0xDA0F, 0xDA0E,
    0xDA0E, 0xDA0F, 0xDA0F, 0xDA0F, 0xE20F, 0xE20F, 0xE20F, 0xE22F, 0xE22F, 0xE22F, 0xDA0F, 0xDA0E,
    0xD20E, 0xD20E, 0xD1EE, 0xD1EE, 0xC9EE, 0xC9EE, 0xD1EE, 0xD1EE, 0xD1EE, 0xC9EE, 0xC9ED, 0xC9ED,
    0xDC94, 0xC9ED, 0xC9ED, 0xC9ED, 0xC1ED, 0xC1CD, 0xB9CD, 0xC1ED, 0xC1ED, 0xC9ED, 0xC9ED, 0xC9EE,
    0xD1EE, 0xD1EE, 0xD20E, 0xD20E, 0xD20E, 0xD20E, 0xDA0E, 0xDA0E, 0xDA0E, 0xD20E, 0xD1EE, 0xC9ED,
    0xC9ED, 0xC9ED, 0xC9ED, 0xC9ED, 0xC9ED, 0xC9ED, 0xC9ED, 0xC9ED, 0xC9ED, 0xC9ED, 0xC9EE, 0xC9EE,
    0xC9EE, 0xC9ED, 0xC9ED, 0xC9ED, 0xC9ED, 0xC9ED, 0xC9ED, 0xC9ED, 0xC9ED, 0xC9ED, 0xC9ED, 0xC9ED,
    0xC9ED, 0xC1ED, 0xC1ED, 0xC1ED, 0xC1ED, 0xC1ED, 0xC9ED, 0xC9ED, 0xC9ED, 0xC9EE, 0xC9EE, 0xC9EE,
    0xC9EE, 0xC9EE, 0xC9EE, 0xC9EE, 0xC9EE, 0xC9ED, 0xC9EE, 0xC9EE, 0xD1EE, 0xD20E, 0xD20E, 0xD20E,
    0xDA0E, 0xDA0E, 0xDA0E, 0xDA0E, 0xDA0E, 0xDA0E, 0xDA0E, 0xDA0E, 0xDA0E, 0xD20E, 0xD20E, 0xD20E,
    0xD20E, 0xD20E, 0xD20E, 0xD20E, 0xD1EE, 0xD1EE, 0xD1EE, 0xD1EE, 0xD20E, 0xD20E, 0xD20E, 0xDA0E,
    0xDA0E, 0xDA0F, 0xDA0F, 0xDA0F, 0xDA0F, 0xDA0F, 0xDA0F, 0xDA0F, 0xDA0F, 0xE20F, 0xE22F, 0xE22F,
    0xE22F, 0xE22F, 0xE22F, 0xE22F, 0xE22F, 0xE20F, 0xDA0F, 0xDA0E, 0xDA0E, 0xDA0E, 0xDA0F, 0xDA0F,
    0xE20F, 0xE20F, 0xE22F, 0xEC95, 0xE20F, 0xE20F, 0xE20F, 0xE20F, 0xE20F, 0xE22F, 0xE22F, 0xE22F,
    0xE22F, 0xE22F, 0xE22F, 0xEA2F, 0xEA2F, 0xEA2F, 0xEA2F, 0xEA30, 0xEA2F, 0xE22F, 0xE20F, 0xE20F,
    0xE20F, 0xE22F, 0xE22F, 0xE22F, 0xE22F, 0xE22F, 0xE22F, 0xE22F, 0xE22F, 0xE22F, 0xE22F, 0xE22F,
    0xE20F, 0xE20F, 0xE22F, 0xEA2F, 0xEA2F, 0xEA2F, 0xE22F, 0xE22F, 0xE20F, 0xE22F, 0xE22F, 0xE22F,
    0xE22F, 0xE22F, 0xE20F, 0xDA0F, 0xDA0E, 0xDA0E, 0xDA0E, 0xD20E, 0xD20E, 0xD20E, 0xD1EE, 0xD1EE,
    0xD1EE, 0xD1EE, 0xD1EE, 0xD1EE, 0xD1EE, 0xD1EE, 0xD1EE, 0xC9EE, 0xC9ED, 0xC9ED, 0xC9ED, 0xC9EE,
    0xD1EE, 0xD1EE, 0xD1EE, 0xD1EE, 0xD1EE, 0xD1EE, 0xD1EE, 0xD1EE, 0xD20E, 0xD20E, 0xD20E, 0xDA0E,
    0xDA0E, 0xDA0F, 0xDA0F, 0xDA0F, 0xDA0F, 0xDA0F, 0xDA0F, 0xE20F, 0xE22F, 0xE22F, 0xE22F, 0xE22F,
    0xEA2F, 0xEA2F, 0xEA30, 0xF230, 0xF230, 0xF230, 0xF230, 0xF230, 0xEA30, 0xEA30, 0xEA2F, 0xEA2F,
    0xE22F, 0xE20F, 0xDA0E, 0xDA0E, 0xDA0E, 0xDA0E, 0xDA0E, 0xDA0F, 0xDA0F, 0xDA0F, 0xE20F, 0xDA0F,
    0xDA0F, 0xDA0F, 0xDA0E, 0xD20E, 0xD1EE, 0xD1EE, 0xC9EE, 0xC9ED, 0xC9ED, 0xC9ED, 0xC9ED, 0xC9EE,
    0xC9EE, 0xC9ED, 0xC9ED, 0xC1ED, 0xC1ED, 0xC9ED, 0xC9ED, 0xC9ED, 0xC1ED, 0xC1CD, 0xB9CD, 0xC1CD,
    0xC1ED, 0xC9ED, 0xC9ED, 0xC9ED, 0xC9EE, 0xC9EE, 0xD1EE, 0xD20E, 0xD20E, 0xD20E, 0xD20E, 0xDA0E,
    0xDA0E, 0xD20E, 0xD1EE, 0xC9ED, 0xC9ED, 0xC9ED, 0xC9ED, 0xC9ED, 0xC9ED, 0xC9ED, 0xC9ED, 0xC9ED,
    0xC9ED, 0xC9EE, 0xC9EE, 0xC9EE, 0xC9EE, 0xC9ED, 0xC9ED, 0xC9ED, 0xC9ED, 0xC9ED, 0xC9ED, 0xC9ED,
    0xC9ED, 0xC9ED, 0xC9ED, 0xC9ED, 0xC1ED, 0xC1ED, 0xC1ED, 0xC1ED, 0xC1ED, 0xC1ED, 0xC9ED, 0xC9ED,
    0xC9ED, 0xC9ED, 0xC9ED, 0xC9ED, 0xC9ED, 0xC9ED, 0xC9ED, 0xC9ED, 0xC9ED, 0xC9ED, 0xC9ED, 0xC9ED,
    0xC9EE, 0xD1EE, 0xD1EE, 0xD1EE, 0xD1EE, 0xD20E, 0xD20E, 0xD20E, 0xD20E, 0xD20E, 0xD20E, 0xD1EE,
    0xD1EE, 0xD1EE, 0xD20E, 0xD20E, 0xD20E, 0xD20E, 0xD20E, 0xD1EE, 0xC9EE, 0xC9ED, 0xC9ED, 0xC9EE,
    0xD1EE, 0xD1EE, 0xD20E, 0xD20E, 0xDA0E, 0xDA0E, 0xDA0E, 0xDA0E, 0xDA0E, 0xDA0E, 0xDA0E, 0xDA0E,
    0xDA0E, 0xDA0F, 0xDA0F, 0xDA0F, 0xE20F, 0xE20F, 0xE20F, 0xE22F, 0xE20F, 0xDA0F, 0xDA0E, 0xDA0E,
    0xDA0E, 0xDA0E, 0xDA0E, 0xDA0E, 0xDA0F, 0xE20F, 0xE20F, 0xE20F, 0xE20F, 0xE20F, 0xE20F, 0xE22F,
    0xE22F, 0xE22F, 0xE22F, 0xE22F, 0xE22F, 0xE22F, 0xE22F, 0xEA2F, 0xEA2F, 0xEA2F, 0xEA30, 0xEA30,
    0xEA2F, 0xE22F, 0xE20F, 0xE20F, 0xE20F, 0xE20F, 0xE22F, 0xE22F, 0xE22F, 0xEA2F, 0xEA2F, 0xEA2F,
    0xE22F, 0xE22F, 0xE20F, 0xE20F, 0xE20F, 0xE20F, 0xE22F, 0xE22F, 0xEA2F, 0xEA2F, 0xE22F, 0xE20F,
    0xDA0F, 0xE20F, 0xE22F, 0xEA2F, 0xEA2F, 0xE22F, 0xE20F, 0xE20F, 0xDA0F, 0xDA0E, 0xDA0E, 0xD20E,
    0xD20E, 0xD20E, 0xD20E, 0xD20E, 0xD1EE, 0xD1EE, 0xD1EE, 0xD20E, 0xD20E, 0xD20E, 0xD20E, 0xD1EE,
    0xC9EE, 0xC9EE, 0xC9EE, 0xD1EE, 0xD1EE, 0xD20E, 0xD20E, 0xDA0E, 0xDA0E, 0xD20E, 0xD20E, 0xD20E,
    0xDA0E, 0xDA0E, 0xDA0E, 0xDA0E, 0xDA0F, 0xE20F, 0xE22F, 0xE20F, 0xE20F, 0xDA0F, 0xDA0F, 0xE20F,
    0xE22F, 0xEA2F, 0xEA2F, 0xEA2F, 0xE22F, 0xEA2F, 0xEA30, 0xF230, 0xF250, 0xF230, 0xF230, 0xEA30,
    0xEA2F, 0xEA2F, 0xEA2F, 0xEA2F, 0xE22F, 0xE20F, 0xDA0F, 0xDA0E, 0xDA0E, 0xDA0E, 0xDA0F, 0xDA0F,
    0xE20F, 0xE20F, 0xE20F, 0xE20F, 0xDA0F, 0xDA0F, 0xDA0E, 0xD20E, 0xD20E, 0xD1EE, 0xC9EE, 0xC9ED,
    0xC9ED, 0xC9ED, 0xC9EE, 0xC9EE, 0xC9EE, 0xC9ED, 0xC9ED, 0xC1ED, 0xC1ED, 0xC9ED, 0xC9ED, 0xC9ED,
    0xC1ED, 0xC1CD, 0xB9CD, 0xC1ED, 0xC9ED, 0xC9ED, 0xC9EE, 0xC9EE, 0xC9EE, 0xC9EE, 0xD1EE, 0xD20E,
    0xDA0E, 0xDA0E, 0xDA0E, 0xDA0E, 0xDA0F, 0xDA0E, 0xD20E, 0xC9EE, 0xC9ED, 0xC9ED, 0xC9ED, 0xC9EE,
    0xC9EE, 0xC9EE, 0xC9EE, 0xC9EE, 0xC9EE, 0xD1EE, 0xD1EE, 0xD1EE, 0xD1EE, 0xC9EE, 0xC9EE, 0xC9EE,
    0xC9ED, 0xC9ED, 0xC9ED, 0xC9EE, 0xC9EE, 0xC9EE, 0xC9ED, 0xC9ED, 0xC1ED, 0xC1ED, 0xC1ED, 0xC1ED,
    0xC1ED, 0xC9ED, 0xC9ED, 0xE495, 0xC9EE, 0xC9EE, 0xC9EE, 0xC9EE, 0xC9ED, 0xC9ED, 0xC9ED, 0xC9ED,
    0xC9ED, 0xC9ED, 0xC9ED, 0xC9ED, 0xD1EE, 0xD1EE, 0xD1EE, 0xD1EE, 0xD1EE, 0xD1EE, 0xD1EE, 0xD20E,
    0xD20E, 0xD20E, 0xD1EE, 0xC9EE, 0xC9EE, 0xD1EE, 0xD20E, 0xD20E, 0xD20E, 0xD20E, 0xD20E, 0xD20E,
    0xC9EE, 0xC9ED, 0xC9ED, 0xC9ED, 0xD1EE, 0xD20E, 0xD20E, 0xDA0E, 0xDA0E, 0xDA0E, 0xDA0E, 0xD20E,
    0xD20E, 0xD20E, 0xDA0E, 0xDA0E, 0xDA0E, 0xDA0F, 0xDA0F, 0xDA0F, 0xDA0F, 0xE20F, 0xE20F, 0xE22F,
    0xE20F, 0xDA0F, 0xDA0E, 0xDA0E, 0xDA0E, 0xDA0E, 0xDA0E, 0xDA0F, 0xDA0F, 0xE20F, 0xE20F, 0xE20F,
    0xE22F, 0xE22F, 0xE22F, 0xE22F, 0xEA2F, 0xEA2F, 0xEA2F, 0xEA2F, 0xEA30, 0xEA30, 0xEA30, 0xEA30,
    0xEA30, 0xEA30, 0xEA30, 0xEA30, 0xEA30, 0xEA2F, 0xEA2F, 0xE22F, 0xE22F, 0xEA2F, 0xEA2F, 0xEA2F,
    0xEA2F, 0xEA2F, 0xEA2F, 0xEA2F, 0xE22F, 0xE22F, 0xE22F, 0xE22F, 0xE22F, 0xE20F, 0xE22F, 0xE22F,
    0xECB6, 0xEA2F, 0xE22F, 0xE22F, 0xE22F, 0xE22F, 0xE22F, 0xEA2F, 0xEA2F, 0xEA2F, 0xEA2F, 0xE22F,
    0xE22F, 0xE20F, 0xDA0F, 0xDA0F, 0xDA0F, 0xDA0F, 0xDA0E, 0xDA0E, 0xDA0E, 0xDA0E, 0xDA0E, 0xDA0E,
    0xDA0E, 0xDA0E, 0xDA0E, 0xD20E, 0xD20E, 0xD20E, 0xD20E, 0xD20E, 0xD20E, 0xD20E, 0xDA0E, 0xDA0E,
    0xDA0E, 0xDA0E, 0xDA0F, 0xDA0F, 0xDA0F, 0xE20F, 0xE20F, 0xE20F, 0xE22F, 0xE22F, 0xEA2F, 0xEA2F,
    0xE22F, 0xE22F, 0xE22F, 0xEA2F, 0xEA2F, 0xEA30, 0xEA30, 0xEA30, 0xEA30, 0xEA30, 0xF230, 0xF250,
    0xFA50, 0xF250, 0xF250, 0xF4B6, 0xF4B6, 0xEA30, 0xEA30, 0xEA30, 0xEA2F, 0xE22F, 0xE22F, 0xE22F,
    0xE22F, 0xE22F, 0xE20F, 0xE22F, 0xE22F, 0xE22F, 0xE22F, 0xE22F, 0xE20F, 0xE20F, 0xDA0F, 0xDA0E,
    0xD20E, 0xD20E, 0xD20E, 0xD1EE, 0xD1EE, 0xD1EE, 0xD1EE, 0xD1EE, 0xD1EE, 0xC9EE, 0xC9ED, 0xC9ED,
    0xC9ED, 0xDC95, 0xC9ED, 0xC9ED, 0xC9ED, 0xC1ED, 0xC1ED, 0xC9ED, 0xDC95, 0xD1EE, 0xD1EE, 0xD20E,
    0xD20E, 0xD20E, 0xD20E, 0xDA0E, 0xEC95, 0xDA0F, 0xDA0F, 0xDA0F, 0xDA0F, 0xDA0E, 0xDA0E, 0xD20E,
    0xD20E, 0xD20E, 0xD20E, 0xD20E, 0xD20E, 0xD20E, 0xD20E, 0xD20E, 0xD20E, 0xD20E, 0xD20E, 0xD20E,
    0xD20E, 0xD20E, 0xD1EE, 0xD1EE, 0xD1EE, 0xD1EE, 0xD1EE, 0xD1EE, 0xD1EE, 0xD1EE, 0xD1EE, 0xC9EE,
    0xC9ED, 0xC9ED, 0xC9ED, 0xC9ED, 0xC9ED, 0xC9EE, 0xD1EE, 0xD1EE, 0xD1EE, 0xD1EE, 0xD1EE, 0xD1EE,
    0xC9EE, 0xC9EE, 0xC9EE, 0xC9EE, 0xC9EE, 0xC9EE, 0xD1EE, 0xD1EE, 0xD20E, 0xD20E, 0xD20E, 0xD20E,
    0xD20E, 0xD20E, 0xD20E, 0xDA0E, 0xDA0E, 0xDA0E, 0xDA0E, 0xD20E, 0xD20E, 0xD20E, 0xD20E, 0xD20E,
    0xD20E, 0xD20E, 0xD20E, 0xD20E, 0xD20E, 0xD1EE, 0xD1EE, 0xD20E, 0xD20E, 0xD20E, 0xDA0E, 0xDA0E,
    0xDA0E, 0xDA0E, 0xDA0E, 0xDA0E, 0xDA0E, 0xDA0E, 0xDA0F, 0xDA0F, 0xDA0F, 0xE20F, 0xE20F, 0xE20F,
    0xE22F, 0xE22F, 0xE22F, 0xE22F, 0xE22F, 0xE22F, 0xE20F, 0xE20F, 0xE20F, 0xE20F, 0xE20F, 0xE22F,
    0xE22F, 0xE22F, 0xEA2F, 0xEA2F, 0xEA2F, 0xEA2F, 0xECB6, 0xEA2F, 0xEA30, 0xEA30, 0xEA30, 0xF230,
    0xF230, 0xF230, 0xF230, 0xF230, 0xF230, 0xF230, 0xF4B6, 0xF230, 0xF230, 0xF230, 0xF230, 0xEA30,
    0xEA30, 0xEA30, 0xEA30, 0xEA30, 0xEA2F, 0xEA2F, 0xEA2F, 0xEA2F, 0xEA2F, 0xEA2F, 0xEA2F, 0xE22F,
    0xE22F, 0xE22F, 0xE22F, 0xE22F, 0xEA2F, 0xEA2F, 0xEA2F, 0xE22F, 0xE22F, 0xEA2F, 0xEA2F, 0xEA30,
    0xEA30, 0xEA30, 0xEA30, 0xEA30, 0xEA2F, 0xEA2F, 0xE22F, 0xE22F, 0xE22F, 0xE22F, 0xE22F, 0xE22F,
    0xE22F, 0xE22F, 0xE20F, 0xE20F, 0xE20F, 0xE20F, 0xDA0F, 0xDA0E, 0xDA0E, 0xDA0E, 0xD20E, 0xDA0E,
    0xDA0E, 0xDA0E, 0xDA0E, 0xDA0F, 0xDA0F, 0xE22F, 0xE22F, 0xE22F, 0xEA2F, 0xEA2F, 0xEA2F, 0xEA2F,
    0xEA30, 0xEA30, 0xEA30, 0xEA30, 0xEA30, 0xEA30, 0xEA30, 0xEA30, 0xEA30, 0xEA30, 0xF230, 0xF230,
    0xF250, 0xF250, 0xFA50, 0xFA50, 0xFA51, 0xFA51, 0xFA50, 0xFA50, 0xF250, 0xF250, 0xF230, 0xF230,
    0xF230, 0xEA30, 0xEA30, 0xEA30, 0xEA30, 0xEA2F, 0xEA2F, 0xEA2F, 0xE22F, 0xE22F, 0xE22F, 0xE22F,
    0xE22F, 0xE22F, 0xE20F, 0xDA0F, 0xDA0E, 0xD20E, 0xDA0E, 0xDA0E, 0xDA0E, 0xD20E, 0xD20E, 0xD20E,
    0xD1EE, 0xD20E, 0xD20E, 0xD1EE, 0xD1EE, 0xC9EE, 0xC9EE, 0xC9EE, 0xC9ED, 0xC9ED, 0xC9ED, 0xC9EE,
    0xD1EE, 0xD20E, 0xD20E, 0xD20E, 0xDA0E, 0xDA0E, 0xDA0E, 0xDA0F, 0xE22F, 0xE22F, 0xE22F, 0xE20F,
    0xE20F, 0xDA0F, 0xDA0F, 0xDA0E, 0xDA0E, 0xDA0E, 0xDA0E, 0xDA0E, 0xDA0E, 0xDA0E, 0xDA0E, 0xDA0E,
    0xDA0E, 0xDA0E, 0xDA0F, 0xDA0E, 0xDA0E, 0xD20E, 0xD20E, 0xD20E, 0xD20E, 0xD20E, 0xD20E, 0xD20E,
    0xD20E, 0xD20E, 0xD20E, 0xD20E, 0xD20E, 0xD20E, 0xD20E, 0xD20E, 0xD1EE, 0xD20E, 0xD20E, 0xD20E,
    0xD20E, 0xD20E, 0xD20E, 0xD20E, 0xD20E, 0xD20E, 0xD20E, 0xD20E, 0xD20E, 0xD20E, 0xD20E, 0xD20E,
    0xDA0E, 0xDA0E, 0xDA0E, 0xDA0E, 0xDA0E, 0xDA0E, 0xDA0E, 0xDA0E, 0xDA0F, 0xDA0F, 0xDA0F, 0xDA0F,
    0xDA0E, 0xDA0E, 0xDA0E, 0xDA0E, 0xDA0E, 0xDA0E, 0xDA0E, 0xDA0E, 0xDA0E, 0xDA0E, 0xDA0E, 0xDA0E,
    0xDA0E, 0xDA0E, 0xDA0E, 0xDA0F, 0xDA0F, 0xDA0F, 0xDA0F, 0xDA0F, 0xDA0F, 0xE20F, 0xE20F, 0xE22F,
    0xE22F, 0xE22F, 0xE22F, 0xEA2F, 0xEA2F, 0xEA2F, 0xEA2F, 0xEA2F, 0xEA2F, 0xEA2F, 0xEA2F, 0xE22F,
    0xEA2F, 0xEA2F, 0xEA2F, 0xEA2F, 0xEA30, 0xEA30, 0xF230, 0xF230, 0xEA30, 0xEA30, 0xEA30, 0xEA30,
    0xEA30, 0xF230, 0xF250, 0xF250, 0xF250, 0xF250, 0xF250, 0xF250, 0xF250, 0xF250, 0xF4B6, 0xF230,
    0xF250, 0xF250, 0xF250, 0xF250, 0xF250, 0xF250, 0xF230, 0xEA30, 0xEA30, 0xEA2F, 0xEA2F, 0xEA2F,
    0xEA2F, 0xEA2F, 0xEA2F, 0xEA2F, 0xE22F, 0xE22F, 0xE22F, 0xE22F, 0xEA2F, 0xEA2F, 0xEA2F, 0xEA2F,
    0xEA2F, 0xEA2F, 0xEA2F, 0xEA30, 0xEA30, 0xF230, 0xF250, 0xF250, 0xF230, 0xF230, 0xEA30, 0xEA30,
    0xEA30, 0xEA30, 0xEA30, 0xEA30, 0xEA2F, 0xEA2F, 0xEA2F, 0xE22F, 0xE22F, 0xE22F, 0xE22F, 0xDA0F,
    0xDA0F, 0xDA0E, 0xDA0E, 0xDA0E, 0xDA0E, 0xDA0F, 0xDA0F, 0xDA0F, 0xE22F, 0xE22F, 0xEA2F, 0xEA30,
    0xEA30, 0xF230, 0xF230, 0xF230, 0xF250, 0xF250, 0xF250, 0xF250, 0xF250, 0xF250, 0xF250, 0xF250,
    0xF230, 0xF230, 0xF250, 0xF250, 0xFA50, 0xFA51, 0xFA51, 0xFA51, 0xFA51, 0xFA51, 0xFA51, 0xFA51,
    0xFA51, 0xFA50, 0xF250, 0xF250, 0xF250, 0xF250, 0xF250, 0xF250, 0xF250, 0xF4B6, 0xEA30, 0xEA30,
    0xEA2F, 0xEA2F, 0xEA2F, 0xEA2F, 0xEA2F, 0xEA2F, 0xE22F, 0xDA0F, 0xDA0E, 0xDA0E, 0xDA0E, 0xDA0F,
    0xDA0F, 0xDA0E, 0xD20E, 0xD20E, 0xD20E, 0xD20E, 0xD20E, 0xD20E, 0xD20E, 0xD20E, 0xC9EE, 0xC9EE,
    0xC9EE, 0xC9EE, 0xC9EE, 0xD20E, 0xD20E, 0xD20E, 0xDA0E, 0xDA0E, 0xDA0E, 0xDA0F, 0xE20F, 0xE22F,
    0xE22F, 0xE22F, 0xE22F, 0xE22F, 0xE20F, 0xE20F, 0xE22F, 0xE22F, 0xE22F, 0xE22F, 0xE22F, 0xE22F,
    0xDA0F, 0xDA0F, 0xDA0F, 0xDA0F, 0xDA0F, 0xDA0F, 0xE22F, 0xDA0F, 0xDA0E, 0xDA0E, 0xDA0E, 0xDA0E,
    0xDA0E, 0xDA0E, 0xDA0E, 0xDA0E, 0xDA0E, 0xDA0E, 0xDA0E, 0xDA0E, 0xDA0E, 0xDA0E, 0xD20E, 0xD20E,
    0xD20E, 0xD20E, 0xDA0E, 0xDA0E, 0xD20E, 0xD20E, 0xD20E, 0xD20E, 0xD20E, 0xD20E, 0xDA0E, 0xDA0E,
    0xDA0E, 0xDA0E, 0xDA0E, 0xDA0E, 0xDA0E, 0xDA0E, 0xDA0E, 0xDA0E, 0xDA0E, 0xDA0E, 0xDA0F, 0xDA0F,
    0xE22F, 0xE22F, 0xE22F, 0xE22F, 0xE22F, 0xDA0F, 0xDA0E, 0xDA0E, 0xDA0E, 0xDA0E, 0xDA0E, 0xDA0E,
    0xDA0E, 0xDA0F, 0xDA0F, 0xDA0F, 0xDA0F, 0xDA0F, 0xDA0F, 0xDA0F, 0xDA0F, 0xE22F, 0xE22F, 0xE22F,
    0xE22F, 0xE22F, 0xE22F, 0xE22F, 0xE22F, 0xEA2F, 0xEA2F, 0xEA30, 0xEA30, 0xEA30, 0xEA30, 0xEA2F,
    0xEA2F, 0xEA30, 0xEA30, 0xEA30, 0xEA30, 0xEA30, 0xEA30, 0xF230, 0xF250, 0xF250, 0xFA50, 0xFA50,
    0xEA2F, 0xEA2F, 0xEA30, 0xEA30, 0xEA30, 0xF230, 0xF250, 0xF250, 0xF250, 0xF250, 0xF250, 0xF250,
    0xF250, 0xF250, 0xF250, 0xF230, 0xF230, 0xF250, 0xF250, 0xF250, 0xF250, 0xF230, 0xEA30, 0xEA30,
    0xEA2F, 0xEA2F, 0xE22F, 0xEA2F, 0xEA2F, 0xEA2F, 0xEA2F, 0xE22F, 0xE22F, 0xE22F, 0xE22F, 0xE22F,
    0xE22F, 0xE22F, 0xE22F, 0xE22F, 0xECB6, 0xEA2F, 0xEA2F, 0xEA2F, 0xEA30, 0xEA30, 0xF230, 0xF250,
    0xF250, 0xF230, 0xF230, 0xF230, 0xF230, 0xEA30, 0xEA30, 0xEA30, 0xEA30, 0xEA30, 0xEA2F, 0xEA2F,
    0xEA2F, 0xE22F, 0xE22F, 0xE22F, 0xDA0F, 0xDA0F, 0xDA0E, 0xEC95, 0xDA0F, 0xDA0F, 0xDA0F, 0xDA0F,
    0xE22F, 0xE22F, 0xEA30, 0xF230, 0xF230, 0xF250, 0xF250, 0xF250, 0xF250, 0xF250, 0xF250, 0xF250,
    0xF250, 0xF250, 0xF250, 0xF250, 0xF230, 0xF230, 0xF250, 0xF250, 0xFA50, 0xFA51, 0xFA51, 0xFA51,
    0xFA51, 0xFA51, 0xFCB6, 0xFA51, 0xFA51, 0xFA50, 0xF250, 0xF250, 0xF250, 0xF250, 0xFA50, 0xFA50,
    0xF250, 0xF250, 0xF230, 0xEA30, 0xEA2F, 0xEA2F, 0xE22F, 0xE22F, 0xE22F, 0xE22F, 0xE22F, 0xDA0F,
    0xDA0E, 0xDA0E, 0xDA0E, 0xDA0F, 0xDA0F, 0xDA0E, 0xD20E, 0xD20E, 0xD20E, 0xD20E, 0xD20E, 0xDA0E,
    0xD20E, 0xD20E, 0xC9EE, 0xC9EE, 0xC9EE, 0xD1EE, 0xD20E, 0xD20E, 0xD20E, 0xDA0E, 0xDA0E, 0xDA0E,
    0xDA0F, 0xDA0F, 0xE22F, 0xE22F, 0xEA2F, 0xEA2F, 0xE22F, 0xE22F, 0xE22F, 0xE22F, 0xE22F, 0xE22F,
    0xE22F, 0xE22F, 0xE22F, 0xE22F, 0xE22F, 0xDA0F, 0xDA0F, 0xDA0F, 0xDA0F, 0xE20F, 0xE22F, 0xDA0F,
    0xDA0F, 0xDA0E, 0xDA0E, 0xDA0E, 0xDA0E, 0xDA0E, 0xDA0E, 0xDA0E, 0xDA0E, 0xDA0E, 0xDA0E, 0xDA0E,
    0xDA0E, 0xDA0E, 0xDA0E, 0xD20E, 0xD20E, 0xD20E, 0xDA0E, 0xDA0E, 0xD20E, 0xD20E, 0xD20E, 0xD20E,
    0xD20E, 0xD20E, 0xDA0E, 0xDA0E, 0xDA0E, 0xDA0F, 0xDA0F, 0xDA0E, 0xDA0E, 0xDA0E, 0xDA0E, 0xDA0E,
    0xDA0E, 0xDA0E, 0xDA0F, 0xDA0F, 0xE20F, 0xE22F, 0xE22F, 0xE22F, 0xE22F, 0xDA0F, 0xDA0E, 0xDA0E,
    0xD20E, 0xD20E, 0xD20E, 0xDA0E, 0xDA0E, 0xDA0F, 0xE22F, 0xE20F, 0xDA0F, 0xDA0F, 0xDA0F, 0xDA0F,
    0xE20F, 0xE22F, 0xE22F, 0xE22F, 0xE22F, 0xE22F, 0xE22F, 0xE22F, 0xE22F, 0xEA2F, 0xEA30, 0xEA30,
    0xEA30, 0xEA30, 0xEA30, 0xEA30, 0xEA30, 0xEA30, 0xEA30, 0xF230, 0xF230, 0xEA30, 0xEA30, 0xF230,
    0xF250, 0xF250, 0xFA50, 0xFA50, 0x994D, 0x994C, 0x790A, 0x790A, 0x912C, 0xA16D, 0xA14D, 0x912C,
    0x994D, 0xB18F, 0xA96E, 0x912C, 0x810B, 0x912C, 0xA14D, 0x912C, 0x892B, 0x994D, 0xB98F, 0xB98F,
    0xA14D, 0x994D, 0xA96E, 0xA96E, 0xBC13, 0x68E9, 0x790A, 0x994D, 0xA14D, 0x994D, 0x994D, 0xB18F,
    0xB990, 0xA16D, 0x912C, 0x994D, 0xB16E, 0xA14D, 0x892B, 0x892C, 0xA96E, 0xC1B0, 0xB98F, 0xA96E,
    0xB98F, 0xC9B1, 0xB98F, 0x912C, 0x912C, 0xA96E, 0xB18F, 0xA96E, 0xA96E, 0xD1B1, 0xFA15, 0xF1F4,
    0xD1B1, 0xC190, 0xD1B2, 0xD1B1, 0xA96E, 0x912C, 0xB16E, 0xD1B1, 0xC9B1, 0xB98F, 0xC190, 0xD9D2,
    0xD9D2, 0xB98F, 0xA14D, 0xA96E, 0xB98F, 0xA96E, 0x912C, 0xA14D, 0xC9B1, 0xD9D2, 0xC9B0, 0xB98F,
    0xC9B1, 0xD9D2, 0xB98F, 0x994D, 0x994D, 0xB98F, 0xC190, 0xB16F, 0xB98F, 0xE1D2, 0xFA15, 0xE9F4,
    0xC9B1, 0xC9B1, 0xE1D3, 0xD9D2, 0xB98F, 0xB16E, 0xD1B1, 0xF1F4, 0xE9F3, 0xD9B2, 0xE9F3, 0xFA16,
    0xF1F4, 0xC190, 0xA96E, 0xB16F, 0xC190, 0xB16E, 0x994D, 0xB16F, 0xE1D2, 0xE9F3, 0xD1B1, 0xC190,
    0xD9D2, 0xD9D2, 0xB98F, 0x912C, 0x994D, 0xB98F, 0xB98F, 0xA14D, 0xA96E, 0xC1B0, 0xD1D1, 0xB98F,
    0xA14D, 0xA14D, 0xB16F, 0xA96E, 0x892B, 0x892C, 0xB16E, 0xC9B1, 0xC190, 0xB98F, 0xC9B1, 0xE1D2,
    0xC9B1, 0xA14D, 0x912C, 0xA96E, 0xB16F, 0xA14D, 0x994C, 0xB16F, 0xD9D2, 0xD9D2, 0xB98F, 0xB98F,
    0xC9B1, 0xC9B1, 0xA96E, 0x912C, 0xA14D, 0xB98F, 0xB16F, 0x994D, 0xA96E, 0xD1B1, 0xE1D2, 0xC1B0,
    0xA96E, 0xB16F, 0xC190, 0xB16E, 0x912C, 0xA14D, 0xC9B1, 0xE1D3, 0xD1B1, 0xC9B1, 0xE9F3, 0xFA15,
    0xE9F3, 0xC190, 0xB98F, 0xD1B2, 0xD9B2, 0xC190, 0xB990, 0xE9F3, 0xFA37, 0xFA36, 0xE9F3, 0xE9F4,
    0xFA15, 0xF1F4, 0xC190, 0xA96E, 0xC9B1, 0xE9F3, 0xE1D2, 0xD1B1, 0xE9F3, 0xFA37, 0xFA57, 0xE9F3,
    0xC9B1, 0xD9D2, 0xE1D3, 0xC190, 0xA94E, 0xB98F, 0xE9D3, 0xF1F4, 0xD9D2, 0xD1B1, 0xE9F3, 0xF1F4,
    0xC9B1, 0xA94E, 0xA96E, 0xC190, 0xC190, 0xB16E, 0xB16F, 0xD9D2, 0xFA14, 0xE1D3, 0xC190, 0xC9B1,
    0xEC77, 0xC9B1, 0xA14D, 0x912C, 0xB16E, 0xC190, 0xB18F, 0xA96E, 0xC190, 0xE1D3, 0xD9D2, 0xB16E,
    0xA14D, 0xA96E, 0xB16E, 0x912C, 0x810B, 0x994D, 0xC190, 0xC1B0, 0xB16F, 0xB16F, 0xC9B1, 0xC9B1,
    0xB16E, 0x912C, 0xA14D, 0xB98F, 0xB16F, 0xA14D, 0xA96E, 0xD1B1, 0x912C, 0x892C, 0x790A, 0x790A,
    0x914C, 0xB16E, 0xA16D, 0x912C, 0x994D, 0xA96E, 0xA16D, 0x810B, 0x790A, 0x892B, 0x994D, 0x912C,
    0x892B, 0x994D, 0xB98F, 0xB98F, 0xA14D, 0x912C, 0xA14D, 0xA14D, 0x892B, 0x70E9, 0x810B, 0x994D,
    0xA14D, 0x914C, 0x994D, 0xB98F, 0xC1B0, 0xA96E, 0x912C, 0x994D, 0xA96E, 0xA14D, 0x892C, 0x912C,
    0xB98F, 0xC9B1, 0xB990, 0xA96E, 0xB98F, 0xC9B1, 0xB990, 0x994D, 0x912C, 0xB16F, 0xC190, 0xB16F,
    0xA96E, 0xD1B1, 0xF1F4, 0xE9F3, 0xC9B1, 0xC190, 0xD1B1, 0xC9B1, 0xA94E, 0x912C, 0xA96E, 0xC9B0,
    0xC190, 0xB16F, 0xC190, 0xE1D3, 0xE9F3, 0xC190, 0xA14E, 0xB16E, 0xB990, 0xA96E, 0x912C, 0xA14D,
    0xC9B1, 0xD9D2, 0xC9B1, 0xC190, 0xD1B1, 0xD9D2, 0xDC56, 0x994D, 0xA14D, 0xB990, 0xC9B1, 0xB98F,
    0xB98F, 0xE1D3, 0xFA15, 0xF1F4, 0xE477, 0xD1B1, 0xE1D3, 0xD9D2, 0xB16F, 0xA96E, 0xC9B1, 0xE9F3,
    0xE1D2, 0xD1B1, 0xE1D3, 0xFA15, 0xF1F4, 0xC190, 0xA96E, 0xB98F, 0xC9B1, 0xB96F, 0xA14E, 0xB990,
    0xE1D3, 0xE9F3, 0xC9B1, 0xC190, 0xD1B1, 0xD1D2, 0xB16F, 0x912C, 0x994C, 0xB16E, 0xB16F, 0xA14D,
    0xA14D, 0xC190, 0xC9B1, 0xB18F, 0x994D, 0xA14D, 0xA96E, 0xA14D, 0x892B, 0x892B, 0xB16E, 0xC1B0,
    0xB98F, 0xA96E, 0xB990, 0xD1D2, 0xC9B1, 0xA14E, 0x994D, 0xA96E, 0xB16F, 0xA14D, 0x912C, 0xB16E,
    0xC9B1, 0xC9B1, 0xB98F, 0xB98F, 0xC9B1, 0xC9B1, 0xA96E, 0x912C, 0xA14D, 0xB98F, 0xB16F, 0xA14D,
    0xB16E, 0xD1B1, 0xD9D2, 0xC190, 0xA96E, 0xB16F, 0xC190, 0xB16E, 0x912C, 0x994D, 0xC190, 0xD9D2,
    0xC9B1, 0xC9B0, 0xE1D2, 0xF214, 0xD9D2, 0xB16F, 0xB16F, 0xD1B1, 0xD9D2, 0xC190, 0xC190, 0xF1F4,
    0xFA57, 0xFA36, 0xE9D3, 0xE1D3, 0xFA15, 0xF1F4, 0xC190, 0xA96E, 0xC9B1, 0xF1F4, 0xE9F3, 0xD9B2,
    0xF1F4, 0xFA57, 0xFA57, 0xE9F3, 0xC9B1, 0xD9B2, 0xE1D2, 0xC190, 0xA94E, 0xB98F, 0xE9F3, 0xFA15,
    0xE1D3, 0xD9D2, 0xF1F4, 0xFA15, 0xD9D2, 0xB16F, 0xB16F, 0xD1B1, 0xC9B1, 0xB16F, 0xB16E, 0xD1B2,
    0xF1F4, 0xE1D2, 0xC990, 0xC9B1, 0xD9D2, 0xC1B0, 0x994D, 0x912C, 0xA96E, 0xB990, 0xB16F, 0xCC35,
    0xC190, 0xD9D2, 0xD1B1, 0xB16E, 0xA14D, 0xB16E, 0xA96E, 0x912C, 0x810A, 0x994C, 0xB990, 0xC1B0,
    0xB16F, 0xB18F, 0xD1B1, 0xD1D2, 0xB16F, 0x994C, 0xA14D, 0xB98F, 0xB16F, 0x994D, 0xA96E, 0xC9B1,
    0x994D, 0x994C, 0x810B, 0x810A, 0xA14D, 0xB98F, 0xA96E, 0x994D, 0xA16E, 0xB18F, 0xA96E, 0x892B,
    0x790A, 0x912C, 0xA14D, 0x912C, 0x892C, 0xA16E, 0xC9B1, 0xC9B1, 0xA96E, 0x994D, 0xA16D, 0xA16D,
    0x892B, 0x70EA, 0x810B, 0xA14D, 0xA96E, 0x994D, 0xA14D, 0xB990, 0xC9B1, 0xB16E, 0x912C, 0x914C,
    0xA16D, 0xA14D, 0x912C, 0x994D, 0xC190, 0xD9D2, 0xC9B0, 0xB16F, 0xC190, 0xD9D2, 0xC190, 0xA14D,
    0x994D, 0xB16F, 0xC190, 0xB16F, 0xA96E, 0xC9B1, 0xE9F3, 0xE1D2, 0xB990, 0xB16F, 0xC190, 0xB990,
    0x994D, 0x892B, 0xA14D, 0xC9B0, 0xC9B0, 0xB18F, 0xC190, 0xD9D2, 0xD9D2, 0xB98F, 0x994D, 0xA96E,
    0xB98F, 0xA96E, 0xC434, 0xA96E, 0xD1B1, 0xE1D2, 0xC9B1, 0xC190, 0xD1D2, 0xE1D3, 0xC9B1, 0xA14E,
    0xA96E, 0xC9B1, 0xE477, 0xC190, 0xC190, 0xE1D3, 0xFA36, 0xF1F4, 0xD1B2, 0xD1B1, 0xE1D3, 0xD9D2,
    0xB16F, 0xA94E, 0xC9B0, 0xE1D3, 0xD9D2, 0xC9B1, 0xD9D2, 0xFA15, 0xF1F4, 0xC190, 0xA96E, 0xB990,
    0xC9B1, 0xB16F, 0xA14D, 0xB98F, 0xE1D3, 0xE9F3, 0xC9B1, 0xC190, 0xD1B1, 0xD1B1, 0xB16E, 0x892C,
    0x912C, 0xA96E, 0xB16E, 0x994D, 0xA14D, 0xC190, 0xD1B1, 0xD456, 0xA14D, 0xA14D, 0xB18F, 0xCC35,
    0x892C, 0x892C, 0xB16E, 0xC1B0, 0xB990, 0xB16F, 0xC9B0, 0xE1D2, 0xD1B1, 0xA96E, 0x994D, 0xB16F,
    0xB98F, 0xA14D, 0x994D, 0xB98F, 0xD9D2, 0xD9D2, 0xB990, 0xB98F, 0xC9B1, 0xC9B0, 0xA14D, 0x892B,
    0x994D, 0xB16F, 0xB16E, 0xA14D, 0xA96E, 0xD1B1, 0xD9D2, 0xC190, 0xA96E, 0xB98F, 0xC9B1, 0xB98F,
    0x994D, 0xA14E, 0xD1B1, 0xE1D3, 0xD1B2, 0xC9B1, 0xE1D3, 0xFA15, 0xE1D3, 0xB98F, 0xB16F, 0xD1B2,
    0xD9D2, 0xC190, 0xC190, 0xE9F3, 0xFA36, 0xFA15, 0xE1D2, 0xD9D2, 0xF1F4, 0xE1D3, 0xB98F, 0xA94E,
    0xC990, 0xE9F3, 0xE1D3, 0xD1B2, 0xE9F3, 0xFA37, 0xFA37, 0xE1D3, 0xC991, 0xD1B1, 0xD9D2, 0xC190,
    0xA96E, 0xB990, 0xE9F3, 0xFA14, 0xE1D2, 0xD9D2, 0xFA14, 0xFA16, 0xE1D2, 0xB16F, 0xB16F, 0xC9B1,
    0xDC56, 0xB16F, 0xB16F, 0xD9D2, 0xF1F4, 0xE1D2, 0xC190, 0xC190, 0xD1B1, 0xC190, 0x994D, 0x912C,
    0xB16F, 0xC9B1, 0xB98F, 0xA96E, 0xC190, 0xD9D2, 0xD1B1, 0xB16E, 0xA14D, 0xB16E, 0xB16F, 0x994D,
    0x892B, 0xA14D, 0xC190, 0xC1B0, 0xB16F, 0xB98F, 0xD1B1, 0xD9D2, 0xB16F, 0x912C, 0xA14D, 0xB98F,
    0xB98F, 0xA96E, 0xB98F, 0xE1D3, 0x994D, 0x914C, 0x810A, 0x810A, 0x994D, 0xB18F, 0xA96E, 0x994D,
    0xA14D, 0xB18F, 0xA96E, 0x892C, 0x810B, 0x914C, 0xA96E, 0xA14D, 0x912C, 0xA96E, 0xC9B0, 0xC1B0,
    0xA96E, 0x994D, 0xA14D, 0xA16D, 0x892B, 0x70EA, 0x892B, 0xA14D, 0xA96E, 0x994D, 0xA14D, 0xC190,
    0xC9B1, 0xB16F, 0x914C, 0xC434, 0xB16E, 0xA96E, 0x912C, 0xA14D, 0xC9B1, 0xE1D2, 0xC9B1, 0xB98F,
    0xC9B1, 0xE1D2, 0xC9B1, 0xA14D, 0x994D, 0xB16F, 0xC190, 0xA96E, 0xA96E, 0xC190, 0xE1D3, 0xD9D2,
    0xB16F, 0xA96E, 0xB98F, 0xB98F, 0x994D, 0x892B, 0xA14E, 0xC9B0, 0xC9B1, 0xB98F, 0xB990, 0xD9D2,
    0xD9D2, 0xB18F, 0x994D, 0xA96E, 0xB98F, 0xA96E, 0x994D, 0xA96E, 0xD9D2, 0xF478, 0xD1B2, 0xC9B1,
    0xE1D3, 0xF1F4, 0xD9D2, 0xB16E, 0xB16F, 0xD1B1, 0xD9D2, 0xC9B1, 0xC991, 0xE9F4, 0xFA36, 0xF1F4,
    0xD1B1, 0xC9B1, 0xD9D2, 0xC9B1, 0xA14E, 0x994D, 0xC190, 0xE9F3, 0xE1D2, 0xC9B1, 0xD9D2, 0xFA15,
    0xF1F4, 0xC190, 0xA96E, 0xB98F, 0xC190, 0xB16E, 0x994D, 0xB16E, 0xD9D2, 0xD9D2, 0xC190, 0xB16F,
    0xC190, 0xB990, 0xA14D, 0x810B, 0x912C, 0xA96E, 0xCC35, 0x994C, 0x994D, 0xC190, 0xD1D2, 0xC190,
    0xA96E, 0xA96E, 0xB98F, 0xA96E, 0x912C, 0x912C, 0xB16F, 0xD1B1, 0xC190, 0xB98F, 0xC9B1, 0xE1D3,
    0xD1B1, 0xA96E, 0xA14D, 0xB16F, 0xB990, 0xA96E, 0x994D, 0xB98F, 0xE1D2, 0xD9D2, 0xC190, 0xB98F,
    0xC9B1, 0xC1B0, 0xA14D, 0x892B, 0x912C, 0xB16E, 0xB16E, 0xA14D, 0xA96E, 0xC9B1, 0xD1B1, 0xB98F,
    0xA14E, 0xB16F, 0xC9B0, 0xB16F, 0x994D, 0xA14D, 0xC9B1, 0xE1D3, 0xD9B2, 0xD1B1, 0xE9F3, 0xFA15,
    0xE9F3, 0xC190, 0xB96F, 0xD1B1, 0xD1B1, 0xB98F, 0xB98F, 0xE1D3, 0xFA36, 0xFA15, 0xE1D2, 0xE1D3,
    0xF9F4, 0xE9F3, 0xB98F, 0xA94E, 0xC990, 0xE9F3, 0xE9D3, 0xD1B1, 0xE1D3, 0xFA36, 0xFA36, 0xD9D2,
    0xC190, 0xD1B1, 0xD9D2, 0xC190, 0xA94E, 0xB98F, 0xE9F3, 0xF1F4, 0xD9D2, 0xD9B2, 0xF1F4, 0xFA15,
    0xD9D2, 0xB16F, 0xB16F, 0xD1B1, 0xC9B1, 0xB16E, 0xB16F, 0xD1D2, 0xE9F3, 0xD9D2, 0xB98F, 0xC190,
    0xD1B1, 0xC1B0, 0xA14D, 0x994D, 0xB98F, 0xD1B1, 0xC190, 0xB16F, 0xC1B0, 0xD9D2, 0xD1D2, 0xB16F,
    0xA14D, 0xB16F, 0xB98F, 0xA14D, 0x912C, 0xA96E, 0xC9B1, 0xD1B1, 0xB98F, 0xB98F, 0xD1B1, 0xD1B1,
    0xB16F, 0x992C, 0xA14D, 0xC190, 0xB990, 0xA96E, 0xB98F, 0xE1D3, 0x994D, 0x994C, 0x810B, 0x810B,
    0xA16E, 0xC190, 0xB98F, 0xA96E, 0xB16E, 0xC190, 0xB98F, 0x912C, 0x892B, 0x994D, 0xB16E, 0xA14D,
    0x994C, 0xA96E, 0xC9B1, 0xC1B0, 0xA16E, 0x914C, 0xA14D, 0xA14D, 0x812B, 0x70E9, 0x810B, 0xA14D,
    0xA96E, 0xA14D, 0xA96E, 0xC9B0, 0xD1D2, 0xB98F, 0xA14D, 0xA96E, 0xB98F, 0xB16E, 0x912C, 0x994D,
    0xC190, 0xD9D2, 0xDC56, 0xB98F, 0xC9B1, 0xE1D2, 0xC9B1, 0xA14D, 0x912C, 0xB16E, 0xB98F, 0xA96E,
    0xA14D, 0xC190, 0xD9D2, 0xD1B1, 0xB16E, 0xA96E, 0xB98F, 0xB98F, 0x994D, 0x892C, 0xA14D, 0xC190,
    0xB990, 0xA96E, 0xB98F, 0xD9D2, 0xD9D2, 0xB98F, 0x994D, 0xA96E, 0xB98F, 0xB16E, 0x994D, 0xB16F,
    0xD9D2, 0xE9F3, 0xD1B2, 0xC9B0, 0xD9D2, 0xE9F3, 0xD1B1, 0xA96E, 0xB16E, 0xD1B1, 0xE1D2, 0xC990,
    0xC190, 0xE1D3, 0xFA15, 0xF1F4, 0xC9B1, 0xC9B0, 0xD9D2, 0xC9B1, 0xA14D, 0x994D, 0xC190, 0xE1D2,
    0xD9D2, 0xC9B1, 0xD9D2, 0xFA15, 0xE9F4, 0xC190, 0xA96E, 0xB98F, 0xDC56, 0xB16F, 0x994D, 0xB16E,
    0xD1B1, 0xD1B1, 0xB18F, 0xA96E, 0xB98F, 0xB98F, 0x994D, 0x810B, 0x892C, 0xA96E, 0xA96E, 0x994D,
    0xA14D, 0xC9B0, 0xD9D2, 0xC9B0, 0xA96E, 0xB16E, 0xB98F, 0xB16E, 0x912C, 0x912C, 0xB16F, 0xC9B1,
    0xC190, 0xB16F, 0xC9B0, 0xD9D2, 0xC9B1, 0xA14D, 0x994C, 0xA96E, 0xB18F, 0xA14D, 0x994D, 0xB98F,
    0xD9D2, 0xD9D2, 0xB990, 0xB98F, 0xC9B0, 0xC1B0, 0xA14D, 0x892C, 0x994D, 0xB98F, 0xB18F, 0xA14E,
    0xB16E, 0xC9B1, 0xD1B1, 0xB18F, 0xA14D, 0xA96E, 0xB990, 0xB16E, 0x912C, 0xA14D, 0xC9B1, 0xE1D3,
    0xD1B1, 0xC9B1, 0xE1D3, 0xF1F4, 0xD9D2, 0xB16E, 0xA96E, 0xC190, 0xC9B1, 0xB96F, 0xB16F, 0xE1D2,
    0xFA36, 0xFA15, 0xD9D2, 0xE1D2, 0xF1F4, 0xE9F3, 0xB98F, 0xA14E, 0xC190, 0xE1D2, 0xD9D2, 0xC190,
    0xD1B2, 0xF214, 0xF1F4, 0xD1B1, 0xB98F, 0xC9B1, 0xD1B2, 0xB98F, 0xA14D, 0xB16F, 0xD9D2, 0xE9F3,
    0xD9B2, 0xD1B1, 0xE9F3, 0xFA14, 0xD9B2, 0xB16E, 0xB16E, 0xC9B1, 0xC9B0, 0xA96E, 0xB16E, 0xD1B2,
    0xF1F4, 0xD9D2, 0xC190, 0xC9B1, 0xD9D2, 0xC9B0, 0xA14D, 0x994D, 0xB98F, 0xD9D2, 0xC9B1, 0xB98F,
    0xD1B1, 0xE9F3, 0xE1D3, 0xB98F, 0xA96E, 0xB98F, 0xC190, 0xA96E, 0x994C, 0xB16F, 0xD9D2, 0xE1D2,
    0xC9B1, 0xC9B1, 0xE1D2, 0xE1D3, 0xC190, 0xA14D, 0xA96E, 0xC9B1, 0xC990, 0xB16F, 0xC190, 0xF1F4,
    0xA14D, 0x994D, 0x810B, 0x810B, 0xA96E, 0xC1B0, 0xB98F, 0xA96E, 0xB18F, 0xC9B1, 0xC190, 0x994D,
    0x912C, 0xA14D, 0xB16E, 0xA14D, 0x912C, 0xA96E, 0xC1B0, 0xC190, 0xA16D, 0x994C, 0xA14D, 0xA96E,
    0x892C, 0x790A, 0x892B, 0xA96E, 0xB18F, 0xA96E, 0xB16E, 0xC9B1, 0xD1D2, 0xB98F, 0x994D, 0xA96E,
    0xB98F, 0xB16F, 0x992C, 0x994D, 0xC190, 0xD9D2, 0xC9B1, 0xB98F, 0xC9B1, 0xE1D2, 0xC9B1, 0xA14D,
    0x994D, 0xB16E, 0xB98F, 0xA96E, 0xA14D, 0xB98F, 0xD9D2, 0xD1B1, 0xB16F, 0xA96E, 0xB98F, 0xB98F,
    0x912C, 0x810B, 0x994D, 0xB98F, 0xB98F, 0xA96E, 0xB98F, 0xD9D2, 0xE1D2, 0xB98F, 0xA14D, 0xA96E,
    0xB98F, 0xA96E, 0xC434, 0xA96E, 0xD1B2, 0xE9F3, 0xD1B2, 0xC9B1, 0xD9D2, 0xE9F3, 0xD1B1, 0xA96E,
    0xA96E, 0xC9B1, 0xD9B2, 0xC190, 0xC190, 0xE1D3, 0xFA15, 0xF498, 0xC9B1, 0xC9B1, 0xD9D2, 0xC9B1,
    0xA14D, 0x994D, 0xB990, 0xE1D2, 0xD9D2, 0xC190, 0xD1B2, 0xF1F4, 0xE9F3, 0xC190, 0xA96E, 0xB990,
    0xC9B1, 0xB16F, 0xA14D, 0xB98F, 0xD9D2, 0xD9D2, 0xC190, 0xB18F, 0xC1B0, 0xC9B0, 0xA96E, 0x912C,
    0x994D, 0xB18F, 0xB98F, 0xA96E, 0xB16E, 0xC9B1, 0xD9D2, 0xC190, 0xA14D, 0xA96E, 0xD455, 0xA96E,
    0x912C, 0x912C, 0xB98F, 0xD1B1, 0xB990, 0xB16E, 0xB98F, 0xD1B1, 0xC1B0, 0xA14D, 0x912C, 0xA16E,
    0xA96E, 0x994C, 0x912C, 0xB16E, 0xD1D2, 0xD1D2, 0xB98F, 0xB98F, 0xC9B1, 0xC9B1, 0xA96E, 0x912C,
    0xA14D, 0xB990, 0xB990, 0xA96E, 0xB98F, 0xD9D2, 0xE1D3, 0xC190, 0xA96E, 0xB16F, 0xC190, 0xA96E,
    0x912C, 0x994D, 0xB990, 0xD1B1, 0xC1B0, 0xC190, 0xD1B1, 0xE1D2, 0xC190, 0x994D, 0x994D, 0xB16F,
    0xB990, 0xA96E, 0xA96E, 0xD9D2, 0xFA15, 0xF1F4, 0xD1B1, 0xD1B1, 0xE9F3, 0xE1D3, 0xB98F, 0xA14D,
    0xB98F, 0xD1B2, 0xC9B1, 0xB98F, 0xC9B0, 0xE9F3, 0xE1F3, 0xC190, 0xB16F, 0xC190, 0xC9B1, 0xB16F,
    0x912C, 0xA94E, 0xD1B1, 0xE1D2, 0xC9B1, 0xC9B1, 0xE9F3, 0xF1F4, 0xD1B1, 0xA96E, 0xA96E, 0xC190,
    0xC190, 0xA96E, 0xB16E, 0xD9D2, 0xF1F4, 0xE1D3, 0xC9B1, 0xD1B1, 0xE1D3, 0xD1B2, 0xA96E, 0xA14D,
    0xC990, 0xE1D3, 0xD1B2, 0xC190, 0xD9D2, 0xFA15, 0xF1F4, 0xC9B1, 0xB98F, 0xC9B1, 0xD1B1, 0xB16F,
    0xCC34, 0xB98F, 0xE9F3, 0xE9F4, 0xD9D2, 0xD9D2, 0xF1F4, 0xFA14, 0xC9B1, 0xA94E, 0xB16F, 0xC9B1,
    0xC9B1, 0xB98F, 0xC9B1, 0xF9F4, 0xA14D, 0x994D, 0x892B, 0x892B, 0xA96E, 0xC9B1, 0xB990, 0xCC35,
    0xA96E, 0xC190, 0xB98F, 0x994D, 0x912C, 0xA14D, 0xA96E, 0x994D, 0x912C, 0xA96E, 0xC9B1, 0xC9B1,
    0xA96E, 0xA14D, 0xA96E, 0xB16E, 0x914C, 0x810B, 0x912C, 0xB18F, 0xB98F, 0xA96E, 0xB16E, 0xD1B1,
    0xE1D2, 0xC190, 0xA14D, 0xA96E, 0xB18F, 0xA96E, 0x912C, 0x994D, 0xC190, 0xD9D2, 0xC9B0, 0xB98F,
    0xC1B0, 0xD9D2, 0xC190, 0x994D, 0x912C, 0xA16E, 0xB16E, 0xA14D, 0x994D, 0xB98F, 0xD1D2, 0xC9B1,
    0xB16E, 0xA96E, 0xB98F, 0xD455, 0x912C, 0x810A, 0x994D, 0xB990, 0xC190, 0xB16E, 0xB98F, 0xD1D2,
    0xD1D2, 0xB18F, 0xA14D, 0xA96E, 0xB990, 0xB16E, 0x994D, 0xA96E, 0xD1B2, 0xE1F3, 0xD1B1, 0xC190,
    0xD9D2, 0xE9F3, 0xC9B1, 0xA14D, 0xA14D, 0xB98F, 0xC190, 0xB16F, 0xB16F, 0xD9D2, 0xFA14, 0xE9F3,
    0xC9B1, 0xC9B1, 0xD9D2, 0xD1B1, 0xA96E, 0xA14D, 0xC190, 0xE9F3, 0xE1D2, 0xD1B1, 0xE1D2, 0xFA15,
    0xF1F4, 0xC190, 0xA96E, 0xB98F, 0xC190, 0xB16E, 0x994D, 0xB16F, 0xD9D2, 0xD9D2, 0xC190, 0xB98F,
    0xC9B0, 0xC9B1, 0xA96E, 0x912C, 0x994D, 0xD455, 0xB98F, 0xA14D, 0xA96E, 0xC9B1, 0xD9D2, 0xC1B0,
    0xA96E, 0xB16E, 0xB990, 0xB16F, 0x912C, 0x912C, 0xB98F, 0xD1B1, 0xC190, 0xB16F, 0xC190, 0xD1D1,
    0xC190, 0x994D, 0x912C, 0xA14D, 0xA14D, 0x912C, 0x892B, 0xA14D, 0xC1B0, 0xC9B0, 0xB16E, 0xA96E,
    0xB98F, 0xB990, 0xA14D, 0x892C, 0xA14D, 0xC190, 0xC1B0, 0xB16F, 0xB990, 0xD9D2, 0xE1D3, 0xC190,
    0xA96E, 0xB16E, 0xB98F, 0xA14D, 0x892B, 0x892C, 0xB16E, 0xC190, 0xB16F, 0xB16E, 0xC190, 0xD1D1,
    0xB990, 0x994D, 0x912C, 0xA96E, 0xA96E, 0xA14D, 0xA14D, 0xC9B1, 0xF1F4, 0xE9F3, 0xE456, 0xD1B1,
    0xF478, 0xE1D3, 0xB96F, 0xA14D, 0xB98F, 0xD1B1, 0xC190, 0xB16F, 0xC190, 0xD9D2, 0xD9D2, 0xB98F,
    0xA96E, 0xB98F, 0xC9B0, 0xB16E, 0x994D, 0xA96E, 0xD1B1, 0xD9D2, 0xC9B1, 0xC190, 0xD9D2, 0xE9F3,
    0xC9B1, 0xA14D, 0xA96E, 0xC190, 0xC190, 0xA96E, 0xA96E, 0xD1B2, 0xF1F4, 0xE1D3, 0xC9B1, 0xD1B1,
    0xE9F3, 0xD9D2, 0xB16F, 0xA96E, 0xC9B1, 0xE9D3, 0xD9D2, 0xD1B1, 0xE9F4, 0xFA36, 0xFA15, 0xD1B1,
    0xB98F, 0xC9B1, 0xD1B1, 0xB16F, 0xA14D, 0xC190, 0xF1F4, 0xF1F4, 0xD9D2, 0xD9D2, 0xF1F4, 0xF1F4,
    0xD1B1, 0xB16E, 0xC190, 0xD9D2, 0xD1B1, 0xB16F, 0xC190, 0xE9F3, 0xA96E, 0xA14D, 0x892B, 0x890B,
    0xA14D, 0xB98F, 0xB16F, 0xA14D, 0xA96E, 0xB990, 0xB16E, 0x892C, 0x810A, 0x912C, 0xA14D, 0x994C,
    0x892C, 0xA14D, 0xB990, 0xB98F, 0xA14D, 0x914C, 0xA14D, 0xA16E, 0x892B, 0x70EA, 0x892B, 0xA16E,
    0xA96E, 0x994D, 0xA16E, 0xC1B0, 0xD1B1, 0xB98F, 0xA14D, 0xA96E, 0xB990, 0xB16E, 0x912C, 0x994C,
    0xB98F, 0xC9B1, 0xB98F, 0xA96E, 0xB98F, 0xC9B0, 0xB18F, 0x912C, 0x912C, 0xA96E, 0xB98F, 0xA96E,
    0xA14E, 0xC190, 0xE1F3, 0xD9D2, 0xB98F, 0xB16F, 0xC190, 0xC190, 0x994D, 0x892B, 0xA14D, 0xC9B0,
    0xC9B1, 0xB98F, 0xB990, 0xD9D2, 0xD1D2, 0xB16F, 0x994D, 0xA96E, 0xB98F, 0xA96E, 0x994D, 0xA96E,
    0xD1B1, 0xE1D2, 0xC9B1, 0xB98F, 0xC9B1, 0xD9D2, 0xB990, 0x994D, 0x994D, 0xB98F, 0xC190, 0xB16E,
    0xB16E, 0xD1B1, 0xE9F3, 0xD1D2, 0xB16F, 0xB16F, 0xC190, 0xB990, 0x994D, 0x912C, 0xB16F, 0xD1B1,
    0xC9B1, 0xB990, 0xD1B1, 0xE9F4, 0xE1D3, 0xB98F, 0xA14D, 0xA96E, 0xB18F, 0xA14D, 0x912C, 0xA96E,
    0xD1B1, 0xD9D2, 0xC190, 0xB98F, 0xD1B1, 0xD9D2, 0xB16F, 0x912C, 0x912C, 0xB16E, 0xB16F, 0xA14D,
    0xA16E, 0xC9B1, 0xD9D2, 0xC9B0, 0xA96E, 0xA96E, 0xB98F, 0xA96E, 0x892C, 0x892B, 0xA96E, 0xB990,
    0xB16E, 0xA14D, 0xB16F, 0xC9B1, 0xB990, 0x994D, 0x912C, 0xA14D, 0xA96E, 0x912C, 0x892B, 0xCC35,
    0xC9B1, 0xC9B1, 0xB16F, 0xA96E, 0xB98F, 0xB990, 0xA14D, 0x912C, 0xA14D, 0xB990, 0xB98F, 0xA96E,
    0xB98F, 0xD9D2, 0xE9F3, 0xC9B1, 0xB16E, 0xB98F, 0xC190, 0xA96E, 0x912C, 0x912C, 0xB98F, 0xC9B1,
    0xD456, 0xB16E, 0xC9B0, 0xD9D2, 0xC9B1, 0xA14D, 0x994D, 0xB16F, 0xB98F, 0xA14D, 0xA14D, 0xC9B1,
    0xE9F3, 0xD9D2, 0xDC56, 0xC190, 0xD1B1, 0xC9B1, 0xA14D, 0x912C, 0xA96E, 0xC9B1, 0xC190, 0xB16F,
    0xC9B0, 0xE9F3, 0xE9F3, 0xC9B0, 0xB16F, 0xC190, 0xC9B1, 0xB16F, 0x992C, 0xA96E, 0xD1B1, 0xD9D2,
    0xC9B1, 0xC190, 0xE1D2, 0xE9F3, 0xC9B1, 0xA94E, 0xA96E, 0xC190, 0xC190, 0xB16E, 0xB16F, 0xD9D2,
    0xF214, 0xE1D3, 0xC9B1, 0xD1B1, 0xE9F3, 0xD9D2, 0xB16F, 0xA94E, 0xC9B1, 0xE9D3, 0xD9D2, 0xC9B1,
    0xE1D3, 0xFA15, 0xFA14, 0xC9B1, 0xB98F, 0xD1B1, 0xD9D2, 0xB990, 0xA96E, 0xC190, 0xF1F4, 0xF1F4,
    0xD9D2, 0xD9D2, 0xF1F4, 0xF1F4, 0xC9B1, 0xA14E, 0xB16E, 0xC9B0, 0xC190, 0xA96E, 0xB98F, 0xE1D3,
    0x994D, 0x994D, 0x810B, 0x810B, 0xA14D, 0xC190, 0xB16F, 0xA14D, 0xA96E, 0xB98F, 0xA96E, 0x892B,
    0x790A, 0xBC14, 0xA14D, 0x912C, 0x892B, 0xA14D, 0xC190, 0xC190, 0xA96E, 0xA14D, 0xB16E, 0xB16E,
    0x912C, 0x70EA, 0x810B, 0xA14D, 0xA96E, 0x994D, 0xA14D, 0xC1B0, 0xD1D2, 0xB990, 0xA14D, 0xA96E,
    0xC190, 0xB16F, 0x992C, 0x994D, 0xB98F, 0xC9B1, 0xB98F, 0xA96E, 0xB16F, 0xB98F, 0xA16E, 0x810B,
    0x810B, 0x994D, 0xA96E, 0xA14D, 0x994D, 0xB98F, 0xD9D2, 0xD9D2, 0xC190, 0xB98F, 0xC9B1, 0xC9B0,
    0xA14D, 0x912C, 0xA96E, 0xD1B1, 0xD1B1, 0xB990, 0xC9B0, 0xE1D3, 0xE1D3, 0xB98F, 0xA14D, 0xA96E,
    0xB990, 0xB16E, 0x994D, 0xB16E, 0xD1B2, 0xE1D2, 0xC9B0, 0xB98F, 0xC9B1, 0xD9D2, 0xC190, 0x994D,
    0x994C, 0xB16E, 0xB18F, 0xA14D, 0xA14D, 0xB990, 0xD9D2, 0xC9B1, 0xB16F, 0xB16E, 0xB990, 0xB16F,
    0x912C, 0x892B, 0xA96E, 0xC9B1, 0xC190, 0xB16F, 0xC190, 0xD9D2, 0xD1B1, 0xA14D, 0x892C, 0x994D,
    0xA96E, 0x994D, 0x912C, 0xA96E, 0xD1B1, 0xD9D2, 0xC190, 0xB16F, 0xC190, 0xC1B0, 0xA96E, 0x892C,
    0x994D, 0xB98F, 0xB98F, 0xA96E, 0xA96E, 0xC9B1, 0xD9D2, 0xC190, 0xA14D, 0xA16E, 0xB16F, 0xA14D,
    0x810B, 0x810B, 0x994D, 0xB16E, 0xA14D, 0x994D, 0xA96E, 0xB98F, 0xB16E, 0x912C, 0x810B, 0x994D,
    0xA16E, 0xC434, 0x912C, 0xA96E, 0xD1B1, 0xD1B1, 0xB16F, 0xA96E, 0xB98F, 0xB98F, 0x994D, 0x892B,
    0x994D, 0xB16F, 0xD455, 0xA14D, 0xB16E, 0xD1D2, 0xE1D2, 0xC190, 0xA96E, 0xB16F, 0xB990, 0xA96E,
    0x912C, 0x994D, 0xC190, 0xD9D2, 0xC190, 0xB98F, 0xD1B1, 0xE1D3, 0xC9B1, 0xA14D, 0x994D, 0xA96E,
    0xB16E, 0x994D, 0x994D, 0xC190, 0xE1D2, 0xD1B1, 0xB16F, 0xB16F, 0xC1B0, 0xB990, 0x994D, 0x892C,
    0xA96E, 0xC190, 0xC190, 0xB16F, 0xC190, 0xE1F3, 0xE1F3, 0xC190, 0xB16E, 0xC190, 0xC9B1, 0xB96F,
    0xA14D, 0xB16F, 0xD9D2, 0xE1D2, 0xC9B0, 0xC190, 0xE1D3, 0xF1F4, 0xD1B1, 0xA96E, 0xB16F, 0xD1B1,
    0xD1B1, 0xB98F, 0xC190, 0xE9F3, 0xFA36, 0xF1F4, 0xD9B2, 0xD9D2, 0xF1F4, 0xE1D3, 0xB16F, 0xA96E,
    0xC9B1, 0xE1D3, 0xD9D2, 0xD1B1, 0xE9F4, 0xFA37, 0xFA16, 0xD9B2, 0xC190, 0xD1B2, 0xD9D2, 0xB990,
    0xA96E, 0xC990, 0xF1F4, 0xF9F4, 0xD9D2, 0xD9D2, 0xE9F4, 0xE9F3, 0xC190, 0xA14D, 0xA94E, 0xC190,
    0xB990, 0xA96E, 0xB98F, 0xE1D3, 0xA96E, 0xA16E, 0x892B, 0x810B, 0xA14D, 0xB18F, 0xA96E, 0xA14D,
    0xA96E, 0xB98F, 0xB16E, 0x912C, 0x810A, 0x912C, 0xA14D, 0x994C, 0x912C, 0xA14D, 0xC1B0, 0xC1B0,
    0xA96E, 0xA14D, 0xB16E, 0xB16E, 0x912C, 0x790A, 0x892B, 0xA16E, 0xA96E, 0xA14D, 0xA96E, 0xC9B1,
    0xE1D2, 0xC9B0, 0xA14E, 0xA96E, 0xB98F, 0xA96E, 0x892C, 0x912C, 0xB16E, 0xB990, 0xA96E, 0x994D,
    0xA16D, 0xB16F, 0xA16D, 0x892B, 0x810B, 0x994D, 0xA96E, 0xA14D, 0x994D, 0xB98F, 0xEC77, 0xD9D2,
    0xC190, 0xB98F, 0xC9B1, 0xC9B1, 0xA96E, 0x912C, 0xB16F, 0xD9D2, 0xD9D2, 0xC990, 0xD1B1, 0xF1F4,
    0xF1F4, 0xC9B0, 0xA96E, 0xB16E, 0xB990, 0xA96E, 0x912C, 0xA14D, 0xC1B0, 0xD1D2, 0xC190, 0xB16F,
    0xC1B0, 0xD1B1, 0xB18F, 0x912C, 0x912C, 0xA96E, 0xB16F, 0xA14D, 0x994D, 0xB98F, 0xD1B1, 0xB990,
    0xA14D, 0xA14D, 0xB16E, 0xA96E, 0x892B, 0x810B, 0xA14D, 0xC190, 0xB98F, 0xA96E, 0xB16F, 0xC9B0,
    0xB990, 0x994D, 0x810B, 0x912C, 0xA14D, 0x994C, 0x892C, 0xA14D, 0xC9B0, 0xD1B1, 0xB98F, 0xB16E,
    0xC190, 0xC190, 0xA14D, 0x890B, 0x912C, 0xA96E, 0xA96E, 0x994D, 0x994D, 0xB990, 0xC9B1, 0xB98F,
    0x994D, 0xA14D, 0xA96E, 0xA14D, 0x810A, 0x790A, 0x914C, 0xA96E, 0x994D, 0x912C, 0xA14D, 0xB16E,
    0xA14D, 0x810B, 0x790A, 0x892B, 0x994C, 0x892B, 0x810B, 0xA14D, 0xC9B1, 0xC9B1, 0xD435, 0xA96E,
    0xB990, 0xB98F, 0x994D, 0x810B, 0x912C, 0xA96E, 0xA96E, 0xA14D, 0xB16E, 0xD9D2, 0xE1F3, 0xDC56,
    0xB16E, 0xB98F, 0xC9B1, 0xB16F, 0x912C, 0x994D, 0xB98F, 0xD1B1, 0xC190, 0xB98F, 0xD1B1, 0xD9D2,
    0xC190, 0x994D, 0x912C, 0xA96E, 0xB16F, 0x994D, 0x914C, 0xB16F, 0xD1B1, 0xC9B1, 0xB16F, 0xB98F,
    0xC9B0, 0xB990, 0x994D, 0x892B, 0xA14D, 0xB990, 0xB98F, 0xA96E, 0xC190, 0xE9F3, 0xE9F3, 0xC9B1,
    0xB16F, 0xC190, 0xD1B1, 0xB16F, 0x994D, 0xB16E, 0xD9D2, 0xE1D2, 0xC9B1, 0xC190, 0xD9D2, 0xE9F3,
    0xC9B1, 0xA96E, 0xB16E, 0xD1B1, 0xD1B1, 0xB98F, 0xC190, 0xF1F4, 0xFA36, 0xF1F4, 0xD1B1, 0xD9B2,
    0xE9F3, 0xD9D2, 0xA96E, 0xA14D, 0xC190, 0xD9D2, 0xC9B1, 0xC190, 0xD9D2, 0xFA15, 0xF1F4, 0xC9B1,
    0xB98F, 0xC9B1, 0xD1B1, 0xB16F, 0xA14D, 0xB990, 0xE1D3, 0xE9F3, 0xD1B1, 0xD1B1, 0xF1F4, 0xF1F4,
    0xC190, 0xA14D, 0xA96E, 0xC190, 0xB98F, 0xA14D, 0xA96E, 0xD1B1, 0xB16E, 0xA96E, 0x912C, 0x912C,
    0xB16E, 0xC9B1, 0xC190, 0xB16F, 0xB990, 0xD1B1, 0xB990, 0x912C, 0x810B, 0x914C, 0xA14D, 0x994C,
    0x912C, 0xA96E, 0xC9B1, 0xC9B1, 0xA96E, 0xA14D, 0xA96E, 0xB16E, 0x994C, 0x810B, 0x912C, 0xB18F,
    0xB98F, 0xA96E, 0xB16E, 0xD1B1, 0xE1D3, 0xC9B0, 0xA14E, 0xA96E, 0xB18F, 0xA96E, 0x892C, 0x912C,
    0xB16F, 0xC190, 0xB16F, 0xA14D, 0xA96E, 0xB98F, 0xA96E, 0x892B, 0x892B, 0xA16E, 0xB98F, 0xA96E,
    0xA14D, 0xC190, 0xD9D2, 0xD9D2, 0xC190, 0xB98F, 0xC9B1, 0xC9B0, 0xA14D, 0x912C, 0xA96E, 0xC9B0,
    0xC190, 0xB16F, 0xC190, 0xD9D2, 0xE1D2, 0xB990, 0xA14D, 0xB16F, 0xC190, 0xCC35, 0x912C, 0xA14D,
    0xC9B1, 0xD9D2, 0xC190, 0xB16F, 0xC190, 0xC1B0, 0xA96E, 0x892B, 0x892B, 0xCC34, 0xA96E, 0x912C,
    0x912C, 0xB16E, 0xC190, 0xB16E, 0x912C, 0x912C, 0xA16E, 0xA14D, 0x892B, 0x810A, 0x994C, 0xA96E,
    0xCC35, 0x994D, 0xB16E, 0xC9B1, 0xC190, 0x994D, 0x892B, 0x912C, 0xA14D, 0x912C, 0x810B, 0x914C,
    0xB98F, 0xC190, 0xB16E, 0xA96E, 0xB98F, 0xC190, 0xA14D, 0x810A, 0x810B, 0x994D, 0x994D, 0x892B,
    0x892B, 0xA14D, 0xB16F, 0x994D, 0x892B, 0x892B, 0x914C, 0x892B, 0x70E9, 0xB3F2, 0x912C, 0xCC35,
    0x994D, 0x912C, 0x994D, 0xB16E, 0xA14D, 0x810B, 0x790A, 0x912C, 0x994D, 0x892B, 0x810B, 0x994D,
    0xB18F, 0xB18F, 0xA16E, 0xA96E, 0xC190, 0xC190, 0xA14D, 0x892B, 0x994D, 0xB98F, 0xB98F, 0xA96E,
    0xB18F, 0xD9D2, 0xE9F3, 0xC9B1, 0xB16E, 0xB98F, 0xC190, 0xA96E, 0x892C, 0x912C, 0xB18F, 0xC9B1,
    0xB990, 0xB98F, 0xE456, 0xD9D2, 0xC190, 0x994D, 0x912C, 0xA96E, 0xB16F, 0x994D, 0x994D, 0xB98F,
    0xD9D2, 0xD1B1, 0xB16F, 0xB16F, 0xC1B0, 0xB990, 0x994D, 0x892C, 0xA96E, 0xC9B0, 0xC190, 0xB16F,
    0xC9B0, 0xE9F3, 0xE9F3, 0xC9B0, 0xB16F, 0xC190, 0xC9B1, 0xA96E, 0x912C, 0xA14D, 0xC9B1, 0xD9D2,
    0xC9B1, 0xC190, 0xD9D2, 0xE9F3, 0xC9B1, 0xA94E, 0xA96E, 0xC9B0, 0xC9B1, 0xB16F, 0xB98F, 0xE1D3,
    0xFA15, 0xE9F3, 0xC9B1, 0xD1B1, 0xE1D2, 0xC9B1, 0xA14D, 0x994D, 0xB98F, 0xD1B2, 0xC9B1, 0xC190,
    0xD9D2, 0xFA15, 0xF1F4, 0xC9B1, 0xB98F, 0xC9B1, 0xD1B1, 0xB16F, 0xA14D, 0xB990, 0xE9F3, 0xE9F3,
    0xD1B1, 0xD1B1, 0xE9F3, 0xF1F4, 0xC990, 0xA14E, 0xB16E, 0xC9B1, 0xC190, 0xA96E, 0xB98F, 0xE1D3,
    0xB98F, 0xB16F, 0x994C, 0x912C, 0xB98F, 0xD1D2, 0xC9B1, 0xB18F, 0xC190, 0xD1B1, 0xB990, 0x912C,
    0x810B, 0x994D, 0xA96E, 0xA14D, 0x994C, 0xB16E, 0xD1B1, 0xD1B1, 0xB98F, 0xB16E, 0xC190, 0xC190,
    0xA96E, 0x912C, 0xA14D, 0xC190, 0xC190, 0xB16E, 0xB16F, 0xD1D2, 0xE1D2, 0xC190, 0xA96E, 0xB16E,
    0xC190, 0xB18F, 0x994D, 0x994D, 0xC190, 0xD1B1, 0xC190, 0xB16F, 0xB990, 0xC9B1, 0xB98F, 0x912C,
    0x912C, 0xA96E, 0xB98F, 0xA96E, 0xA14E, 0xC190, 0xE1F3, 0xE1D2, 0xC190, 0xB98F, 0xC9B0, 0xC190,
    0xA14D, 0xBC13, 0xA14D, 0xC190, 0xB98F, 0xA96E, 0xB98F, 0xD9D2, 0xE1D2, 0xB990, 0xA14D, 0xB16E,
    0xB990, 0xA96E, 0x912C, 0xA14D, 0xC9B1, 0xD9D2, 0xC190, 0xB16F, 0xC190, 0xE476, 0xB16F, 0x892C,
    0x892B, 0xA14D, 0xA16E, 0x912C, 0x912C, 0xB16E, 0xC190, 0xB16E, 0x912C, 0x912C, 0xA14D, 0x994D,
    0x810B, 0x70EA, 0x912C, 0xA16D, 0xCC34, 0x994D, 0xA96E, 0xC9B0, 0xC190, 0xA14D, 0x912C, 0xA14D,
    0xA96E, 0x994D, 0x892C, 0xA14D, 0xC190, 0xC1B0, 0xA96E, 0xA14D, 0xB18F, 0xB98F, 0x994D, 0x790A,
    0x810B, 0x914C, 0x912C, 0x810A, 0x810A, 0x994D, 0xA96E, 0x914C, 0x810A, 0x810B, 0x912C, 0x810B,
    0x70E9, 0x70E9, 0x892C, 0xA14D, 0x994D, 0x912C, 0xA16D, 0xB18F, 0xA96E, 0x892B, 0x790A, 0x912C,
    0x994C, 0x892B, 0x790A, 0x912C, 0xB16E, 0xB16E, 0xA14D, 0xA14D, 0xB18F, 0xB98F, 0x994D, 0x892B,
    0x994D, 0xB98F, 0xB990, 0xB16E, 0xB98F, 0xE1D2, 0xE9F3, 0xC9B1, 0xA96E, 0xB16F, 0xB98F, 0xA96E,
    0x892B, 0x912C, 0xB98F, 0xC9B1, 0xB98F, 0xB16E, 0xC9B0, 0xD9D2, 0xC190, 0xA14D, 0x994D, 0xB16F,
    0xB98F, 0xA14D, 0x994D, 0xB990, 0xD9D2, 0xD1D2, 0xB990, 0xC190, 0xD1B2, 0xC9B1, 0xA96E, 0x992C,
    0xB16F, 0xD1B1, 0xC9B1, 0xB98F, 0xD1B1, 0xFA14, 0xFA14, 0xD1B1, 0xB16F, 0xC190, 0xC9B1, 0xB16F,
    0x994D, 0xA96E, 0xD1B1, 0xD9D2, 0xC190, 0xC190, 0xD9D2, 0xE9F3, 0xC9B1, 0xA96E, 0xB16E, 0xC9B1,
    0xD1B1, 0xB98F, 0xB990, 0xF478, 0xFA36, 0xF1F4, 0xD1B2, 0xD9D2, 0xE9F3, 0xD1B1, 0xA94E, 0x994D,
    0xB16F, 0xC1B0, 0xB98F, 0xB16F, 0xC9B1, 0xF1F4, 0xE1D3, 0xB98F, 0xA96E, 0xB98F, 0xC190, 0xA96E,
    0x994D, 0xB98F, 0xE1D3, 0xE1F3, 0xD1B1, 0xD1B1, 0xE9F3, 0xE9F4, 0xC9B0, 0xA94E, 0xB16F, 0xC9B1,
    0xC990, 0xB16E, 0xDC56, 0xE9F3, 0xB990, 0xB98F, 0x994D, 0x994D, 0xC190, 0xE1D2, 0xD1B1, 0xB990,
    0xC190, 0xD9D2, 0xC9B0, 0xA14D, 0x892C, 0xA14D, 0xB16E, 0xA14D, 0x994D, 0xB16F, 0xD9D2, 0xE1D2,
    0xC190, 0xB16F, 0xC9B0, 0xC9B1, 0xA96E, 0x912C, 0xA14E, 0xC9B1, 0xC9B1, 0xB98F, 0xC190, 0xD9D2,
    0xE1F3, 0xC1B0, 0xA96E, 0xB16E, 0xC190, 0xB18F, 0x994D, 0x994D, 0xC190, 0xD1D2, 0xC190, 0xB16F,
    0xB990, 0xC9B1, 0xB98F, 0x912C, 0x892C, 0xA96E, 0xB16F, 0xA96E, 0xA14D, 0xC9B0, 0xE9F4, 0xE9F3,
    0xC9B1, 0xC190, 0xD1B1, 0xC9B1, 0xA94E, 0x912C, 0xA96E, 0xC9B1, 0xC9B1, 0xB98F, 0xC190, 0xE1D2,
    0xE1D3, 0xC190, 0xA14E, 0xB16F, 0xC190, 0xB16F, 0x994D, 0xA96E, 0xD1B1, 0xD9D2, 0xC9B0, 0xB98F,
    0xC9B1, 0xD9D2, 0xB98F, 0x912C, 0x912C, 0xB16E, 0xB18F, 0xA14D, 0x994D, 0xB98F, 0xD1B1, 0xC190,
    0xA14D, 0xA14D, 0xA96E, 0xA14D, 0x810B, 0x790A, 0x994D, 0xB16F, 0xB16E, 0xA14D, 0xB16F, 0xD1B1,
    0xC9B1, 0xA96E, 0x912C, 0xA96E, 0xB18F, 0xA14D, 0x912C, 0xA16E, 0xC1B0, 0xC1B0, 0xA96E, 0xA14D,
    0xB18F, 0xB98F, 0x994D, 0x790A, 0x810B, 0x994D, 0x994D, 0x892B, 0x892B, 0xA96E, 0xB18F, 0xA14D,
    0x892B, 0x892B, 0x994C, 0x892B, 0x70E9, 0x70E9, 0x892C, 0xA14D, 0x994D, 0x994C, 0xA96E, 0xC190,
    0xB16F, 0x912C, 0x810B, 0x912C, 0x994D, 0x892B, 0x810A, 0x994C, 0xB18F, 0xB18F, 0xA96E, 0xA96E,
    0xC190, 0xB990, 0x994D, 0x890B, 0x994C, 0xB18F, 0xB98F, 0xA96E, 0xD455, 0xD9D2, 0xE1D3, 0xC190,
    0xA96E, 0xB16E, 0xB98F, 0xA96E, 0x912C, 0x994D, 0xB990, 0xD1B1, 0xC190, 0xB98F, 0xD1B1, 0xE1D3,
    0xC9B1, 0xA96E, 0xA14D, 0xB98F, 0xC190, 0xA96E, 0xA14D, 0xC190, 0xE1D2, 0xD9D2, 0xC190, 0xC190,
    0xD1D2, 0xC9B1, 0xA14D, 0x912C, 0xA96E, 0xC9B1, 0xC190, 0xB16F, 0xC9B1, 0xF1F4, 0xF1F4, 0xD1B1,
    0xB96F, 0xC190, 0xD1B1, 0xB98F, 0xA14D, 0xB16F, 0xD9D2, 0xD9D2, 0xC190, 0xC190, 0xD9D2, 0xE9F3,
    0xC9B1, 0xA14E, 0xA96E, 0xC190, 0xC9B0, 0xB16E, 0xB16F, 0xE1D2, 0xFA15, 0xE9F3, 0xC9B1, 0xC9B1,
    0xD9D2, 0xC9B0, 0xA14D, 0x912C, 0xB16F, 0xC9B1, 0xB990, 0xB16F, 0xC9B1, 0xE9F3, 0xE1D2, 0xB98F,
    0xA96E, 0xB990, 0xC9B0, 0xB16E, 0xA14D, 0xB98F, 0xD9D2, 0xE1D2, 0xC9B1, 0xD1B1, 0xE9F4, 0xF1F4,
    0xC9B1, 0xA94E, 0xB16F, 0xC9B1, 0xC9B0, 0xB16F, 0xC190, 0xF478, 0xC190, 0xB990, 0xA14D, 0x994D,
    0xC190, 0xE1D3, 0xD9D2, 0xC9B0, 0xD1B2, 0xE9F3, 0xD9D2, 0xB16F, 0xA14D, 0xB98F, 0xC9B0, 0xB98F,
    0xA96E, 0xC190, 0xE9F4, 0xE9F3, 0xC9B1, 0xB98F, 0xC1B0, 0xC9B0, 0xA96E, 0x912C, 0xA14D, 0xC9B0,
    0xC9B1, 0xB990, 0xC190, 0xE1D3, 0xE9F4, 0xC9B1, 0xA96E, 0xB16F, 0xC190, 0xB98F, 0x994D, 0xA14D,
    0xC9B1, 0xD9D2, 0xC9B1, 0xB18F, 0xC190, 0xC9B1, 0xB18F, 0x912C, 0x912C, 0xA96E, 0xC190, 0xB16F,
    0xB16E, 0xD1B2, 0xFA15, 0xF1F4, 0xC9B1, 0xC190, 0xD1B1, 0xD1B1, 0xA96E, 0x994D, 0xB16F, 0xD9D2,
    0xD1B2, 0xC190, 0xC9B1, 0xE9F3, 0xE9F3, 0xC190, 0xA14D, 0xA96E, 0xB98F, 0xA96E, 0x912C, 0xA14D,
    0xD1B1, 0xE1D3, 0xD1B1, 0xC190, 0xD1B1, 0xE477, 0xB98F, 0x994C, 0x994D, 0xB98F, 0xC190, 0xA96E,
    0xA96E, 0xC1B0, 0xD9D2, 0xC9B1, 0xA96E, 0xA96E, 0xB98F, 0xB16F, 0x912C, 0x892B, 0xA96E, 0xC190,
    0xB990, 0xB16F, 0xC190, 0xE1D3, 0xD9D2, 0xB16E, 0x994D, 0xA96E, 0xB16F, 0xA14D, 0x912C, 0xA14D,
    0xC1B0, 0xC9B1, 0xB16F, 0xA14D, 0xB16E, 0xB16E, 0x912C, 0x790A, 0x810B, 0x994D, 0xA14D, 0x912C,
    0x912C, 0xB16E, 0xB98F, 0xA96E, 0x912C, 0x994C, 0xA96E, 0xA14D, 0x810A, 0x790A, 0x994C, 0xA96E,
    0x994D, 0x912C, 0xA14D, 0xB98F, 0xB16E, 0x912C, 0x892B, 0x994D, 0xA96E, 0x994C, 0x912C, 0xA96E,
    0xC9B1, 0xC9B0, 0xB16E, 0xA96E, 0xC190, 0xB990, 0x994D, 0x892B, 0x994D, 0xB98F, 0xB98F, 0xA96E,
    0xB18F, 0xE477, 0xD9D2, 0xC190, 0xA96E, 0xB98F, 0xC9B1, 0xB98F, 0x994D, 0xA14D, 0xC9B1, 0xD9D2,
    0xC9B1, 0xC190, 0xD9D2, 0xE9F3, 0xD1B1, 0xA96E, 0xA14D, 0xB98F, 0xB98F, 0xA14E, 0xA14D, 0xC190,
    0xE1D3, 0xD9D2, 0xB98F, 0xB98F, 0xC9B1, 0xC190, 0x994D, 0x892C, 0xA96E, 0xC190, 0xC190, 0xB16F,
    0xC9B1, 0xF1F4, 0xF1F4, 0xD1B1, 0xB16F, 0xC190, 0xC9B1, 0xB96F, 0xA14D, 0xB16F, 0xD9D2, 0xD9D2,
    0xC190, 0xC190, 0xD9D2, 0xE9F3, 0xC9B0, 0xA14D, 0xA94E, 0xC190, 0xDC56, 0xA14E, 0xA94E, 0xC9B1,
    0xE1D2, 0xD1B1, 0xB16F, 0xB98F, 0xC9B1, 0xB990, 0x994D, 0x912C, 0xB16E, 0xC1B0, 0xB98F, 0xB16F,
    0xD1B1, 0xF1F4, 0xE9F3, 0xC190, 0xB16E, 0xC190, 0xC9B1, 0xB16F, 0xA14D, 0xB990, 0xE1D3, 0xE1D3,
    0xC9B1, 0xE456, 0xE9F3, 0xF1F4, 0xC9B0, 0xA94E, 0xB16F, 0xD1B1, 0xC9B1, 0xB96F, 0xC190, 0xF1F4,
    0xC190, 0xC190, 0xA14D, 0xA14D, 0xC9B1, 0xF1F4, 0xE9F3, 0xD1B2, 0xE1D3, 0xFA15, 0xE9F3, 0xB98F,
    0xA14D, 0xC190, 0xD1B2, 0xC990, 0xB98F, 0xD1B1, 0xFC98, 0xFA14, 0xD1B1, 0xB990, 0xC9B1, 0xC9B1,
    0xB16E, 0x992C, 0xA96E, 0xD1B1, 0xD1B1, 0xB990, 0xC190, 0xE1D3, 0xF1F4, 0xD1B1, 0xB16E, 0xB16F,
    0xC190, 0xB98F, 0xA14D, 0xA94E, 0xD1B1, 0xE1D3, 0xC9B1, 0xB98F, 0xC190, 0xC9B1, 0xB16F, 0x912C,
    0x912C, 0xA96E, 0xB990, 0xB16E, 0xB16E, 0xD1B1, 0xFA15, 0xF1F4, 0xD1B1, 0xC9B1, 0xD9D2, 0xD9D2,
    0xB98F, 0xA14E, 0xC190, 0xE9F3, 0xE1D3, 0xD1B1, 0xD9D2, 0xF1F4, 0xF1F4, 0xC9B0, 0xA96E, 0xB16F,
    0xC190, 0xB16E, 0x994D, 0xA94E, 0xC9B1, 0xD9D2, 0xC9B1, 0xB990, 0xD1B1, 0xE1D2, 0xC1B0, 0xA14D,
    0xA14D, 0xC190, 0xC9B1, 0xB16F, 0xB16F, 0xD1B1, 0xE9F3, 0xD9D2, 0xB18F, 0xB16F, 0xC9B0, 0xC190,
    0x994D, 0x912C, 0xB16F, 0xD1B1, 0xDC56, 0xB990, 0xC9B1, 0xE9F3, 0xE1D3, 0xB98F, 0xA96E, 0xB98F,
    0xC190, 0xB16E, 0x994D, 0xA96E, 0xD1B1, 0xD1B1, 0xB16F, 0xA96E, 0xB16F, 0xB16F, 0x994C, 0x790A,
    0x892B, 0xA14D, 0xA96E, 0x994D, 0xA14D, 0xC190, 0xD1B1, 0xB98F, 0xA14D, 0xA14D, 0xA96E, 0xA14D,
    0x810B, 0x810A, 0x994D, 0xA96E, 0xA14D, 0x912C, 0xA14D, 0xB98F, 0xB16F, 0x914C, 0x912C, 0xA14D,
    0xB16E, 0x994D, 0x912C, 0xA96E, 0xC9B1, 0xC9B0, 0xB16E, 0xA96E, 0xB98F, 0xB98F, 0x994C, 0x810B,
    0x912C, 0xB16E, 0xA96E, 0xA14D, 0xB16F, 0xD9D2, 0xE9F3, 0xC9B1, 0xB16F, 0xC190, 0xD1B1, 0xDC56,
    0xA14D, 0xA96E, 0xD1B1, 0xE1D3, 0xD1B1, 0xC190, 0xD9D2, 0xF1F4, 0xD9D2, 0xB16E, 0xCC35, 0xC190,
    0xC190, 0xA96E, 0xA14D, 0xC190, 0xD9D2, 0xD1B1, 0xB18F, 0xB18F, 0xC190, 0xB98F, 0x912C, 0x892B,
    0xA14D, 0xC190, 0xC190, 0xB98F, 0xD1B1, 0xFA14, 0xFA15, 0xD1B1, 0xB98F, 0xC190, 0xD1B1, 0xB16F,
    0x994D, 0xA96E, 0xD1B2, 0xD9D2, 0xC9B0, 0xC190, 0xD9D2, 0xE1D3, 0xC190, 0xA14D, 0xCC34, 0xB98F,
    0xB98F, 0xC434, 0x994D, 0xB98F, 0xD1B1, 0xC190, 0xA96E, 0xB16F, 0xC9B1, 0xB990, 0x994D, 0x912C,
    0xA96E, 0xB98F, 0xB16F, 0xB16E, 0xC9B1, 0xF1F4, 0xE9F3, 0xC190, 0xB16F, 0xC9B1, 0xD1B1, 0xB16F,
    0xA14D, 0xC190, 0xE9F3, 0xE9F4, 0xD1B2, 0xD9B2, 0xF1F4, 0xF1F4, 0xC9B1, 0xA96E, 0xB16F, 0xD1B1,
    0xC9B1, 0xB16F, 0xC190, 0xE9F3, 0xC9B1, 0xC190, 0xA14E, 0xA14D, 0xC9B1, 0xE9F3, 0xE1D3, 0xD1B1,
    0xE1D3, 0xFA15, 0xE9F3, 0xB98F, 0xA14E, 0xC190, 0xD1B2, 0xC990, 0xB98F, 0xD9D2, 0xFA15, 0xFA15,
    0xD9D2, 0xC9B0, 0xD1B2, 0xD9D2, 0xB16F, 0x994D, 0xB16E, 0xD1B2, 0xD9D2, 0xC190, 0xC9B1, 0xE9F3,
    0xFA14, 0xD9B2, 0xB16F, 0xB98F, 0xC9B1, 0xB98F, 0xA14D, 0xA14E, 0xC9B1, 0xE1D2, 0xC9B1, 0xB18F,
    0xC190, 0xC9B1, 0xB98F, 0x912C, 0x912C, 0xB16E, 0xC190, 0xB16F, 0xB16F, 0xD9D2, 0xFA15, 0xFA15,
    0xD9B2, 0xC9B1, 0xE1D3, 0xE1D3, 0xB990, 0xA94E, 0xC190, 0xE9D3, 0xE1D3, 0xD1B1, 0xD9D2, 0xFA15,
    0xFA15, 0xD1B2, 0xB16F, 0xB990, 0xC9B1, 0xB98F, 0xA14D, 0xB16F, 0xD9D2, 0xE9F3, 0xD1B1, 0xC190,
    0xD9D2, 0xE9F3, 0xC9B1, 0xA94E, 0xA96E, 0xC9B1, 0xD1B1, 0xB98F, 0xB98F, 0xD9D2, 0xF1F4, 0xE1D2,
    0xB98F, 0xB98F, 0xC9B1, 0xC190, 0x994D, 0x912C, 0xB16F, 0xD1B1, 0xC9B1, 0xB98F, 0xC9B1, 0xE9F3,
    0xE9F3, 0xC190, 0xD435, 0xC190, 0xC9B1, 0xB16F, 0xA14D, 0xB16E, 0xC9B1, 0xC9B0, 0xA96E, 0xA16E,
    0xB18F, 0xB98F, 0x994D, 0x790A, 0x810B, 0x994D, 0xA14D, 0x994D, 0xA14E, 0xC1B0, 0xD1B1, 0xB98F,
    0xA14D, 0xA14D, 0xB18F, 0xA96E, 0x892B, 0x890B, 0xA14D, 0xB18F, 0xCC35, 0xA14D, 0xB16F, 0xC9B1,
    0xB990, 0x994D, 0x912C, 0xA14E, 0xB16E, 0xA14D, 0x912C, 0xA96E, 0xC1B0, 0xC190, 0xA96E, 0xA96E,
    0xC190, 0xB990, 0x994D, 0x810B, 0x912C, 0xB16F, 0xB16F, 0xA16E, 0xB16F, 0xD9D2, 0xE9F3, 0xC9B1,
    0xB16F, 0xB98F, 0xC9B1, 0xB98F, 0xA14D, 0xA96E, 0xD1B2, 0xE1D3, 0xD1B1, 0xC190, 0xD9D2, 0xE9F3,
    0xD1B1, 0xA96E, 0xA14D, 0xB18F, 0xB98F, 0xA14D, 0x994D, 0xB98F, 0xD9D2, 0xD1B1, 0xB98F, 0xB990,
    0xC9B1, 0xC190, 0x994D, 0x892B, 0xA14D, 0xC190, 0xC190, 0xB16E, 0xC190, 0xE1F3, 0xE1F3, 0xC190,
    0xA96E, 0xB98F, 0xC190, 0xA96E, 0x912C, 0xA96E, 0xD1B1, 0xE1D3, 0xD1B1, 0xC9B1, 0xD9D2, 0xE1D3,
    0xC190, 0xA14D, 0xA14D, 0xB98F, 0xB98F, 0xA14D, 0xA14D, 0xC190, 0xD9D2, 0xD1B1, 0xB990, 0xC190,
    0xC9B1, 0xB98F, 0x912C, 0x892B, 0xA96E, 0xC190, 0xB18F, 0xA96E, 0xC190, 0xE1D3, 0xE1D2, 0xB990,
    0xB16E, 0xC190, 0xC9B0, 0xA96E, 0x994D, 0xB96F, 0xE1D2, 0xE1D3, 0xC9B1, 0xD1B1, 0xE9F3, 0xE9F3,
    0xC190, 0xA14D, 0xA96E, 0xC190, 0xB990, 0xA96E, 0xB16F, 0xE1D2, 0xD1B1, 0xC9B0, 0xA96E, 0xA94E,
    0xD1B1, 0xF1F4, 0xE1D3, 0xD1B1, 0xD9D2, 0xFA14, 0xE9F3, 0xC190, 0xB16E, 0xDC56, 0xD9D2, 0xC9B1,
    0xB98F, 0xD9B2, 0xFA15, 0xFA15, 0xD9D2, 0xD1B1, 0xE1D3, 0xE9D3, 0xC190, 0xA14D, 0xB16F, 0xD9D2,
    0xD9D2, 0xC990, 0xC9B1, 0xE1F3, 0xE9F3, 0xC9B0, 0xA14E, 0xA96E, 0xB98F, 0xB16E, 0x912C, 0x994D,
    0xB990, 0xD1D2, 0xC1B0, 0xB98F, 0xC9B0, 0xD9D2, 0xC1B0, 0xA14D, 0x994D, 0xB98F, 0xC9B1, 0xB98F,
    0xB16F, 0xD9D2, 0xFA15, 0xFA14, 0xD1B2, 0xC9B1, 0xE1D2, 0xD9D2, 0xB16F, 0xA14D, 0xB990, 0xE1D3,
    0xE1D3, 0xD1B1, 0xE1D3, 0xFA16, 0xFA36, 0xD9B2, 0xB16F, 0xB98F, 0xC9B0, 0xB98F, 0xA14D, 0xB16F,
    0xD9D2, 0xE1D3, 0xC9B1, 0xB990, 0xD1B1, 0xE1D3, 0xC9B0, 0xA14D, 0xA14D, 0xC190, 0xC9B1, 0xB98F,
    0xB98F, 0xD9D2, 0xFA14, 0xE1D3, 0xC190, 0xB990, 0xC9B1, 0xB990, 0x994D, 0x912C, 0xB16F, 0xD1B2,
    0xD1B1, 0xC190, 0xD1B1, 0xF1F4, 0xE9F3, 0xB990, 0xA14E, 0xB16F, 0xB990, 0xA96E, 0x912C, 0xA96E,
    0xC9B1, 0xC9B1, 0xB16F, 0xA14D, 0xB16E, 0xA96E, 0x914C, 0x790A, 0x892B, 0xA96E, 0xA96E, 0x994D,
    0xA14D, 0xC1B0, 0xD1D2, 0xB990, 0xA14D, 0xA96E, 0xB990, 0xB16F, 0x912C, 0x912C, 0xB16F, 0xC9B0,
    0xB98F, 0xA96E, 0xB98F, 0xD1B1, 0xC190, 0x994D, 0x912C, 0xA16E, 0xB16E, 0xA14D, 0x912C, 0xA96E,
    0xC9B0, 0xC1B0, 0xA96E, 0xA96E, 0xB98F, 0xB990, 0xA14D, 0x892C, 0xA14D, 0xB990, 0xB98F, 0xA96E,
    0xB98F, 0xE1F3, 0xF214, 0xE477, 0xB990, 0xC9B0, 0xD9D2, 0xC190, 0xA94E, 0xB16F, 0xD9D2, 0xE9F3,
    0xD1B1, 0xC190, 0xD9D2, 0xE9F3, 0xD1B1, 0xA94E, 0xA14D, 0xB16F, 0xB98F, 0xA14D, 0x994D, 0xB990,
    0xD9D2, 0xD1D2, 0xB990, 0xC190, 0xD1B1, 0xC9B0, 0xA14D, 0x912C, 0xA96E, 0xC190, 0xB18F, 0xA96E,
    0xB98F, 0xD9D2, 0xD9D2, 0xB98F, 0xA14D, 0xB16E, 0xB98F, 0xA96E, 0x912C, 0xA96E, 0xC9B1, 0xD9D2,
    0xC190, 0xB98F, 0xD1B1, 0xD9D2, 0xB990, 0x994D, 0xA14D, 0xC190, 0xB990, 0xA14D, 0xA14D, 0xC9B0,
    0xE1F3, 0xD9D2, 0xC190, 0xC190, 0xD1B2, 0xC190, 0x994D, 0x912C, 0xB16F, 0xC9B1, 0xC190, 0xB98F,
    0xD1B1, 0xF214, 0xF1F4, 0xC9B1, 0xB98F, 0xC9B1, 0xD1B1, 0xB16F, 0xA14D, 0xB98F, 0xD9D2, 0xD9D2,
    0xC1B0, 0xC9B0, 0xE1D2, 0xE1D3, 0xC190, 0xA14D, 0xA96E, 0xC9B0, 0xC190, 0xA96E, 0xB16F, 0xE1D2,
    0xD1B2, 0xC9B1, 0xA96E, 0xA94E, 0xC9B1, 0xE9F3, 0xE1D3, 0xD1B1, 0xE1D2, 0xFA15, 0xE9F4, 0xC190,
    0xB16E, 0xC9B1, 0xD9D2, 0xC990, 0xB98F, 0xD1B2, 0xFA15, 0xFA15, 0xD9D2, 0xC9B1, 0xE1D2, 0xE1D3,
    0xC190, 0xA14D, 0xB16F, 0xD9D2, 0xD9D2, 0xC190, 0xC9B0, 0xE1F3, 0xF1F4, 0xC9B1, 0xA96E, 0xA96E,
    0xB98F, 0xB16F, 0x994D, 0xA14D, 0xD1B1, 0xE9F3, 0xD9D2, 0xD1B1, 0xE1D2, 0xF1F4, 0xD9D2, 0xB16E,
    0xA14E, 0xC190, 0xD1B1, 0xC190, 0xB98F, 0xD9D2, 0xFA16, 0xFA15, 0xD9D2, 0xD1B1, 0xE1D3, 0xE1D3,
    0xB98F, 0xA14D, 0xC190, 0xE9F3, 0xE9F3, 0xD9B2, 0xE1D2, 0xFA15, 0xFA15, 0xD1B1, 0xB16F, 0xB98F,
    0xC9B1, 0xB98F, 0xA14D, 0xB16F, 0xD9D2, 0xE9F3, 0xD1B1, 0xC190, 0xD9D2, 0xE1D3, 0xC9B1, 0xA14E,
    0xA96E, 0xD1B1, 0xD9D2, 0xC990, 0xC990, 0xE9F3, 0xFA16, 0xE9F3, 0xC190, 0xC190, 0xD1B2, 0xC9B1,
    0xA96E, 0xA14D, 0xC190, 0xE1D3, 0xD9D2, 0xC9B1, 0xD9D2, 0xF1F4, 0xF1F4, 0xC990, 0xB16F, 0xDC56,
    0xC9B1, 0xB16F, 0x994D, 0xB16E, 0xD1B1, 0xD9D2, 0xB98F, 0xA96E, 0xB98F, 0xB98F, 0x994D, 0x810A,
    0x892B, 0xA14D, 0xA16E, 0x914C, 0x994D, 0xC190, 0xD1D2, 0xC190, 0xA96E, 0xB16E, 0xC190, 0xB16F,
    0x912C, 0x912C, 0xB16E, 0xC1B0, 0xB990, 0xB16F, 0xC9B1, 0xD9D2, 0xC1B0, 0x994D, 0x912C, 0xA14D,
    0xB16E, 0x994D, 0x912C, 0xA16E, 0xC190, 0xDC56, 0xA96E, 0xA96E, 0xC190, 0xC1B0, 0xA14E, 0x912C,
    0xA14D, 0xC190, 0xC190, 0xB16F, 0xC190, 0xE9F3, 0xF214, 0xD1B2, 0xB98F, 0xC190, 0xD1B1, 0xC190,
    0xA14D, 0xB16F, 0xD9D2, 0xE9F3, 0xD1B1, 0xC190, 0xD9D2, 0xE1F3, 0xC9B1, 0xA14D, 0x994D, 0xB16E,
    0xB16F, 0xA14D, 0x994D, 0xC190, 0xE1D2, 0xD9D2, 0xC190, 0xC190, 0xD9D2, 0xD1B1, 0xA96E, 0x912C,
    0xB16E, 0xC9B1, 0xC190, 0xB16F, 0xC9B0, 0xE9F3, 0xE9F3, 0xC190, 0xA96E, 0xB16E, 0xB98F, 0xA96E,
    0x912C, 0xA14D, 0xC9B1, 0xD1D2, 0xC190, 0xB98F, 0xD9D2, 0xE1D3, 0xC190, 0xA14D, 0xA14D, 0xB98F,
    0xB98F, 0xA96E, 0xB16E, 0xD9D2, 0xF1F4, 0xE1D3, 0xC9B0, 0xC9B1, 0xD9D2, 0xC190, 0x994D, 0x992C,
    0xB98F, 0xD1B1, 0xC9B0, 0xB98F, 0xD1B1, 0xF1F4, 0xE9F3, 0xC9B0, 0xB98F, 0xC9B1, 0xD1B1, 0xB16F,
    0x994D, 0xB98F, 0xE1D3, 0xE9F3, 0xD1B1, 0xD1B1, 0xE9F3, 0xE9F4, 0xC190, 0xA14D, 0xA94E, 0xC190,
    0xB990, 0xA96E, 0xB98F, 0xE1D3, 0xD1B1, 0xC9B1, 0xA96E, 0xA94E, 0xD1B1, 0xE9F4, 0xE1D3, 0xD1B1,
    0xD9D2, 0xF1F4, 0xE1D2, 0xB16E, 0x994D, 0xB16F, 0xC9B1, 0xC190, 0xB16F, 0xD1B1, 0xFA15, 0xFA15,
    0xD9D2, 0xD1B1, 0xE1D3, 0xE1D3, 0xC190, 0xA14D, 0xB16F, 0xD9D2, 0xD9D2, 0xC9B1, 0xD1B1, 0xF1F4,
    0xFA15, 0xD9D2, 0xB16F, 0xB16F, 0xC9B0, 0xB990, 0xA14D, 0xA96E, 0xD9D2, 0xF214, 0xE1D3, 0xD1B1,
    0xE1D3, 0xFA15, 0xE1D3, 0xB96F, 0xA96E, 0xC9B1, 0xD1B2, 0xC190, 0xB990, 0xE1D3, 0xFA36, 0xFA15,
    0xD9B2, 0xC9B1, 0xD9D2, 0xD9D2, 0xB16F, 0xA14D, 0xC190, 0xE9F3, 0xE9F3, 0xD1B2, 0xD9D2, 0xFA15,
    0xFA15, 0xD1B1, 0xB16E, 0xB98F, 0xC9B1, 0xB98F, 0xA14D, 0xB16F, 0xD9D2, 0xE9F3, 0xD1B2, 0xC9B0,
    0xD9D2, 0xE1F3, 0xC9B1, 0xA14D, 0xA94E, 0xC9B0, 0xD1B1, 0xC190, 0xC190, 0xE9F3, 0xFA36, 0xF1F4,
    0xD1B1, 0xD1B1, 0xE1D3, 0xD9D2, 0xB96F, 0xA96E, 0xD1B1, 0xF1F4, 0xE9F3, 0xD9D2, 0xE9F4, 0xFA36,
    0xFA15, 0xD1B1, 0xB16F, 0xC990, 0xD1B1, 0xB96F, 0xA14D, 0xB16F, 0xD9D2, 0xE1D3, 0xC190, 0xB16F,
    0xB990, 0xB98F, 0x994D, 0x790A, 0x810B, 0x994D, 0xA14D, 0x912C, 0x994D, 0xB98F, 0xC190, 0xA96E,
    0x912C, 0x994C, 0xA96E, 0x994D, 0x810B, 0x890B, 0xA96E, 0xC190, 0xB18F, 0xA96E, 0xB990, 0xD1B1,
    0xB990, 0x994C, 0x892B, 0xA14D, 0xA96E, 0x994D, 0x912C, 0xA96E, 0xC9B1, 0xC9B1, 0xB98F, 0xB98F,
    0xD1B1, 0xD1B1, 0xA96E, 0x912C, 0xA14D, 0xC190, 0xC190, 0xB16F, 0xC190, 0xE9F3, 0xFA15, 0xD9D2,
    0xC190, 0xC9B1, 0xD9D2, 0xC190, 0xA94E, 0xB16F, 0xD9D2, 0xF1F4, 0xD9D2, 0xC9B1, 0xE1D2, 0xE9F3,
    0xD1B1, 0xA14D, 0x994D, 0xB16F, 0xB990, 0xA14D, 0x994D, 0xB98F, 0xD9D2, 0xD1D2, 0xC190, 0xC9B0,
    0xD9D2, 0xD1B2, 0xA96E, 0x994D, 0xB16F, 0xC9B1, 0xC190, 0xB16F, 0xC9B1, 0xE9F4, 0xE9F4, 0xC190,
    0xA96E, 0xB18F, 0xC190, 0xA96E, 0x912C, 0xA96E, 0xD1B1, 0xE1D2, 0xC9B1, 0xC9B0, 0xE1D2, 0xE9F3,
    0xC9B0, 0xA14D, 0xA14D, 0xB98F, 0xB98F, 0xA96E, 0xB16E, 0xD9D2, 0xF214, 0xE1D3, 0xC9B1, 0xC9B1,
    0xE1D2, 0xD1B1, 0xA94E, 0xA14D, 0xC190, 0xD9D2, 0xD1B1, 0xC190, 0xD9D2, 0xFA15, 0xE9F3, 0xC190,
    0xB16F, 0xC190, 0xD1B1, 0xB16F, 0xA14D, 0xB990, 0xE1D3, 0xE1D3, 0xC9B1, 0xC9B0, 0xD9D2, 0xD9D2,
    0xB18F, 0x992C, 0xA14D, 0xB18F, 0xB16E, 0x994D, 0xA96E, 0xD1B1, 0xC190, 0xB98F, 0xA14D, 0x994D,
    0xC190, 0xD9D2, 0xD1D2, 0xC190, 0xD1B1, 0xE1D3, 0xE477, 0xA96E, 0x912C, 0xA96E, 0xB98F, 0xA96E,
    0xA14D, 0xC190, 0xE9F4, 0xF1F4, 0xD1B1, 0xC190, 0xD9D2, 0xD9D2, 0xB96F, 0x994D, 0xA96E, 0xD9B2,
    0xE1D2, 0xD1B1, 0xD1B2, 0xF1F4, 0xFA15, 0xD1B2, 0xB16F, 0xB98F, 0xC9B1, 0xC190, 0xA94E, 0xB16E,
    0xD9D2, 0xFA14, 0xE9F3, 0xD1B2, 0xE9F3, 0xFA15, 0xE9F3, 0xB990, 0xB16F, 0xC9B1, 0xD9D2, 0xC190,
    0xB98F, 0xD9D2, 0xFA15, 0xF1F4, 0xD1B1, 0xC9B1, 0xD9D2, 0xD9D2, 0xB16F, 0x994D, 0xB16F, 0xD9D2,
    0xD1B2, 0xC190, 0xC9B0, 0xE1D3, 0xEC77, 0xB990, 0xA14D, 0xB16F, 0xC190, 0xB16E, 0x992C, 0xA14D,
    0xD1B1, 0xE1F3, 0xD1B2, 0xC9B1, 0xD9D2, 0xE9F3, 0xC9B1, 0xA14D, 0xA14D, 0xC190, 0xC9B1, 0xB98F,
    0xB990, 0xE1D3, 0xFA36, 0xFA14, 0xD9B2, 0xD9B2, 0xE9F3, 0xE1D2, 0xB96F, 0xB16E, 0xD1B2, 0xF9F4,
    0xF1F4, 0xD9D2, 0xE9F4, 0xFA36, 0xFA15, 0xC9B1, 0xB16F, 0xC190, 0xC9B1, 0xB16F, 0xA14D, 0xB16F,
    0xD9D2, 0xE1D3, 0xC190, 0xB16F, 0xD456, 0xB18F, 0x994D, 0x790A, 0x810B, 0x994D, 0x994D, 0x892B,
    0x892B, 0xA14D, 0xA96E, 0x914C, 0x810A, 0x810B, 0x912C, 0x892B, 0x70E9, 0x790A, 0x994D, 0xB16E,
    0xA96E, 0x994D, 0xB16E, 0xC1B0, 0xB98F, 0x914C, 0x892B, 0xA14D, 0xA96E, 0x994D, 0x912C, 0xA96E,
    0xD1B1, 0xD1B1, 0xB98F, 0xB98F, 0xD1B1, 0xD1B1, 0xA96E, 0x912C, 0xA14D, 0xC190, 0xB990, 0xB16E,
    0xB990, 0xE1D3, 0xF1F4, 0xD1B1, 0xB98F, 0xC190, 0xD9D2, 0xC990, 0xA96E, 0xB16F, 0xE1D2, 0xF1F4,
    0xD9D2, 0xC9B1, 0xD9D2, 0xE1F3, 0xC190, 0x994D, 0x912C, 0xA96E, 0xB16F, 0xA14D, 0x994D, 0xC190,
    0xE1D3, 0xEC77, 0xC190, 0xC190, 0xD9D2, 0xD1B2, 0xA96E, 0x994D, 0xB16F, 0xD1B1, 0xC9B0, 0xB98F,
    0xD1B1, 0xF1F4, 0xF1F4, 0xC9B1, 0xB16F, 0xC190, 0xC9B1, 0xB16F, 0x994D, 0xB16E, 0xD9D2, 0xE1D3,
    0xD1B1, 0xC9B1, 0xE9F3, 0xF498, 0xD1B1, 0xA14E, 0xA94E, 0xB990, 0xB990, 0xA96E, 0xB16E, 0xD9D2,
    0xE9F4, 0xD9D2, 0xC190, 0xC9B1, 0xE1D3, 0xD9B2, 0xB16E, 0xA94E, 0xC9B1, 0xE1D3, 0xD9B2, 0xC9B1,
    0xE1D2, 0xFA15, 0xF1F4, 0xC9B1, 0xB98F, 0xC9B1, 0xD9D2, 0xC190, 0xB16E, 0xC990, 0xE9F4, 0xE9F3,
    0xD1B1, 0xC9B1, 0xE1D2, 0xD9D2, 0xB18F, 0x912C, 0xA14D, 0xB16F, 0xB16E, 0x994D, 0xA14E, 0xC9B1,
    0xC190, 0xB98F, 0xA14D, 0xA14D, 0xC9B1, 0xE9F3, 0xD9D2, 0xC190, 0xDC56, 0xD9D2, 0xD1B1, 0xA14E,
    0x912C, 0xA96E, 0xB98F, 0xB16E, 0xA96E, 0xC190, 0xF1F4, 0xF1F4, 0xD1B1, 0xC190, 0xD1B1, 0xD9D2,
    0xB98F, 0xA14D, 0xB16F, 0xD9D2, 0xE1D2, 0xC9B1, 0xD1B1, 0xF1F4, 0xFA15, 0xD1B2, 0xB16F, 0xB98F,
    0xC9B1, 0xC190, 0xA14D, 0xA96E, 0xD9B2, 0xF1F4, 0xEC77, 0xD1B1, 0xE1D3, 0xFA14, 0xE1D2, 0xB16F,
    0xA94E, 0xC190, 0xD1B1, 0xB98F, 0xB16F, 0xD1B2, 0xF214, 0xE9F3, 0xC9B1, 0xC190, 0xD9D2, 0xD1B1,
    0xA96E, 0x994D, 0xB16F, 0xD1B2, 0xD1B2, 0xC190, 0xE476, 0xF1F4, 0xF1F4, 0xC9B1, 0xB16E, 0xB98F,
    0xC9B1, 0xB98F, 0xA14D, 0xB16E, 0xD9D2, 0xE9F3, 0xD9D2, 0xC9B1, 0xE1D2, 0xE9F4, 0xD1B1, 0xA96E,
    0xA96E, 0xC9B1, 0xD1B1, 0xB98F, 0xD455, 0xD9D2, 0xFA15, 0xE9F3, 0xC9B1, 0xC9B0, 0xD9D2, 0xC9B1,
    0xA14E, 0x994D, 0xC190, 0xE9F3, 0xE1D3, 0xC9B1, 0xD9D2, 0xF1F4, 0xE9F3, 0xB98F, 0xA14E, 0xB98F,
    0xC190, 0xB16E, 0xA14D, 0xB16F, 0xD9D2, 0xD9D2, 0xB98F, 0xA96E, 0xB98F, 0xB98F, 0x994D, 0x790A,
    0x810A, 0x914C, 0x994C, 0x892B, 0x892B, 0xA96E, 0xB18F, 0xA14D, 0x892B, 0x892B, 0x994D, 0x892C,
    0x790A, 0x810A, 0xA14D, 0xB990, 0xB18F, 0xA96E, 0xC190, 0xD9D2, 0xC9B1, 0xA96E, 0x994D, 0xB16F,
    0xB98F, 0xA96E, 0x994D, 0xB98F, 0xD9D2, 0xD9D2, 0xC190, 0xC190, 0xD9D2, 0xD1B1, 0xA96E, 0x912C,
    0xA14D, 0xC190, 0xB990, 0xB16E, 0xB990, 0xE1F3, 0xF1F4, 0xD1B1, 0xB98F, 0xC190, 0xD1B1, 0xC190,
    0xA94E, 0xB16F, 0xD9D2, 0xE9F4, 0xD1B2, 0xC990, 0xD9D2, 0xE9F3, 0xC9B1, 0xA14D, 0x994D, 0xB16E,
    0xB16F, 0xA14D, 0xA14D, 0xC9B1, 0xF1F4, 0xE1D3, 0xC190, 0xC190, 0xD9D2, 0xD1B1, 0xA96E, 0x992C,
    0xB16F, 0xC9B1, 0xC190, 0xB16F, 0xC9B1, 0xF1F4, 0xF1F4, 0xC9B1, 0xB96F, 0xC190, 0xD1B1, 0xB16F,
    0x994D, 0xA96E, 0xD9D2, 0xE9F3, 0xD1B2, 0xD1B1, 0xE9F3, 0xF1F4, 0xC9B1, 0xA94E, 0xA96E, 0xC190,
    0xC190, 0xA96E, 0xB16F, 0xD9D2, 0xF1F4, 0xE1D3, 0xC9B1, 0xD1B1, 0xE1D3, 0xD1B1, 0xA94E, 0x994D,
    0xB990, 0xD9D2, 0xC9B1, 0xC190, 0xD9D2, 0xFA15, 0xF1F4, 0xC190, 0xB16F, 0xC9B1, 0xD1B1, 0xB96F,
    0xA14E, 0xB990, 0xE1D3, 0xE1D3, 0xC9B1, 0xC9B1, 0xE1D3, 0xE9F3, 0xB990, 0x994D, 0xA14D, 0xB98F,
    0xB16F, 0xA14D, 0xA96E, 0xD1B1, 0xC190, 0xD456, 0xA14D, 0xA14D, 0xC9B1, 0xF1F4, 0xD9D2, 0xC190,
    0xC190, 0xD1D2, 0xC9B0, 0xA14D, 0x912C, 0xA96E, 0xB98F, 0xB16E, 0xA96E, 0xC190, 0xF1F4, 0xF1F4,
    0xD1B1, 0xC190, 0xD9B2, 0xD9D2, 0xB990, 0xA14D, 0xB96F, 0xD9D2, 0xD9D2, 0xC190, 0xC9B1, 0xE9F3,
    0xF214, 0xD1B1, 0xA96E, 0xA96E, 0xB990, 0xB16F, 0x994D, 0xA94E, 0xD1B1, 0xE9F3, 0xD9D2, 0xC9B1,
    0xD9D2, 0xE9F4, 0xD9D2, 0xA96E, 0xA14D, 0xB98F, 0xC190, 0xB16F, 0xA96E, 0xC9B1, 0xE9F3, 0xE1D2,
    0xC190, 0xD456, 0xC9B1, 0xC9B1, 0xA96E, 0x912C, 0xB16E, 0xD1B1, 0xE477, 0xC190, 0xD1B2, 0xFA15,
    0xFA15, 0xD1B1, 0xB16F, 0xB98F, 0xC9B1, 0xB98F, 0xA14D, 0xB16F, 0xD9D2, 0xE9F4, 0xD9D2, 0xC9B1,
    0xE1D2, 0xE9F4, 0xD1B1, 0xA94E, 0xA94E, 0xC190, 0xC9B1, 0xB98F, 0xB16F, 0xD9D2, 0xF1F4, 0xE1D2,
    0xC190, 0xB990, 0xD1B1, 0xC190, 0xA14D, 0x912C, 0xB18F, 0xD1D2, 0xC9B1, 0xB98F, 0xC9B0, 0xD9D2,
    0xD9D2, 0xB16F, 0x994D, 0xB16E, 0xB98F, 0xA94E, 0x912C, 0xA14E, 0xC1B0, 0xC1B0, 0xA96E, 0xA14D,
    0xB16F, 0xB18F, 0x914C, 0x790A, 0x790A, 0x914C, 0x994D, 0x912C, 0x994C, 0xB16E, 0xB98F, 0xA14D,
    0x892B, 0x892B, 0x994D, 0x912C, 0x790A, 0x810A, 0xA14D, 0xC190, 0xB98F, 0xB16F, 0xC9B1, 0xE1D3,
    0xD1B1, 0xA96E, 0xA14D, 0xB98F, 0xC190, 0xB16F, 0xA94E, 0xC990, 0xE9F4, 0xE9F3, 0xC9B1, 0xC190,
    0xD9D2, 0xD1B1, 0xA96E, 0x912C, 0xA14D, 0xC190, 0xC190, 0xB16F, 0xC190, 0xE1F3, 0xF1F4, 0xD1B1,
    0xB98F, 0xC190, 0xD1B1, 0xC190, 0xA14D, 0xB16E, 0xD9D2, 0xE9F3, 0xD1B2, 0xC9B0, 0xD9D2, 0xE9F3,
    0xD1B1, 0xA96E, 0xA14D, 0xB990, 0xC190, 0xA96E, 0xA94E, 0xC9B0, 0xE9F3, 0xD9D2, 0xC190, 0xC190,
    0xD1B2, 0xC9B1, 0xA14E, 0x912C, 0xA96E, 0xC9B1, 0xC190, 0xB16F, 0xC9B1, 0xF1F4, 0xFA14, 0xD1B2,
    0xB990, 0xC9B1, 0xD1B1, 0xB98F, 0x994D, 0xB16E, 0xD9D2, 0xE9F4, 0xD9D2, 0xD1B2, 0xE9F3, 0xF1F4,
    0xC9B1, 0xA14E, 0xA96E, 0xC190, 0xC190, 0xA96E, 0xA96E, 0xD1B1, 0xE9F4, 0xD9D2, 0xC990, 0xC9B1,
    0xE1D2, 0xD1B1, 0xA94E, 0x994D, 0xB98F, 0xC9B1, 0xC190, 0xC190, 0xD9D2, 0xFA15, 0xF1F4, 0xC190,
    0xD435, 0xC190, 0xC9B0, 0xA96E, 0x994D, 0xB16F, 0xD9D2, 0xD9D2, 0xC1B0, 0xC190, 0xD9D2, 0xD9D2,
    0xB16F, 0x912C, 0x994D, 0xB16F, 0xB16E, 0xA14D, 0xA96E, 0xD1B1, 0xC190, 0xB990, 0xA14D, 0xA14D,
    0xC190, 0xE1D3, 0xD1B1, 0xB98F, 0xC190, 0xD9D2, 0xC9B1, 0xA96E, 0x992C, 0xA96E, 0xB98F, 0xA96E,
    0xA14D, 0xB990, 0xE1F3, 0xE9F3, 0xDC56, 0xB990, 0xD1B1, 0xD1B2, 0xB16F, 0x994D, 0xB16E, 0xD1B1,
    0xD1B1, 0xB990, 0xC190, 0xEC77, 0xE9F4, 0xC9B1, 0xA96E, 0xA96E, 0xC190, 0xB16F, 0x994D, 0xA14D,
    0xC9B1, 0xE1F3, 0xE477, 0xC9B1, 0xD1B2, 0xE1D3, 0xC9B1, 0x994D, 0x912C, 0xA96E, 0xB98F, 0xA96E,
    0xA14D, 0xC190, 0xE1D3, 0xD9D2, 0xB98F, 0xB98F, 0xC9B1, 0xC190, 0xA14D, 0x892B, 0xA96E, 0xD1B1,
    0xD9D2, 0xC9B0, 0xD1B2, 0xF1F4, 0xF214, 0xC9B1, 0xB16E, 0xB98F, 0xC9B1, 0xB98F, 0xA14D, 0xA96E,
    0xD9D2, 0xE9F3, 0xD1B2, 0xC9B0, 0xD9D2, 0xE1D3, 0xC190, 0xA14D, 0xA14D, 0xC190, 0xC9B1, 0xB98F,
    0xB16F, 0xD9D2, 0xF1F4, 0xE1D2, 0xB990, 0xB98F, 0xC190, 0xB98F, 0x912C, 0x892B, 0xA96E, 0xC9B0,
    0xC190, 0xB16F, 0xC190, 0xD9D2, 0xD9D2, 0xB16F, 0xA14D, 0xB16E, 0xB98F, 0xA14D, 0x912C, 0xA14D,
    0xC190, 0xC190, 0xA96E, 0x994D, 0xA96E, 0xA96E, 0x912C, 0x790A, 0x810B, 0x994D, 0x994D, 0x912C,
    0xC434, 0xB16E, 0xB990, 0xCC35, 0x912C, 0x912C, 0xA14D, 0x994D, 0x810B, 0x810B, 0xA14D, 0xB98F,
    0xB16F, 0xA96E, 0xC190, 0xD9D2, 0xC9B1, 0xA96E, 0x994D, 0xD455, 0xB990, 0xA96E, 0xA14D, 0xC190,
    0xF1F4, 0xF1F4, 0xD1B1, 0xC9B1, 0xD9D2, 0xD9D2, 0xB16E, 0x912C, 0xA94E, 0xC190, 0xC190, 0xB16E,
    0xB990, 0xE9F3, 0xF214, 0xD9D2, 0xB98F, 0xC190, 0xD1B1, 0xB98F, 0x994D, 0xA14D, 0xC9B1, 0xEC77,
    0xD1B1, 0xC190, 0xD9D2, 0xE9F3, 0xC9B1, 0xA94E, 0xA14D, 0xC190, 0xC9B1, 0xB16E, 0xA96E, 0xC9B1,
    0xE9F3, 0xE1D3, 0xC190, 0xC9B0, 0xD1B2, 0xC9B0, 0xA14D, 0x912C, 0xA96E, 0xD1B1, 0xC9B1, 0xC190,
    0xD9D2, 0xFA15, 0xFA15, 0xD9D2, 0xC190, 0xD1B1, 0xD9D2, 0xC190, 0xA14D, 0xB16F, 0xE1D2, 0xE9F3,
    0xD1B2, 0xD1B1, 0xE9F3, 0xF1F4, 0xD1B1, 0xA96E, 0xA96E, 0xC190, 0xC190, 0xA96E, 0xA96E, 0xD1B1,
    0xE9F3, 0xD9D2, 0xC190, 0xC9B1, 0xE1D2, 0xD1B1, 0xA96E, 0xA14D, 0xC190, 0xD1B2, 0xC9B1, 0xC190,
    0xD9D2, 0xFA15, 0xE9F4, 0xC190, 0xB16F, 0xC190, 0xC190, 0xA14E, 0x912C, 0xA96E, 0xD1D2, 0xD9D2,
    0xC190, 0xC190, 0xD9D2, 0xD9D2, 0xB16F, 0x992C, 0xA14D, 0xB98F, 0xB16F, 0xA14D, 0xB16E, 0xD9D2,
    0xC190, 0xB990, 0xA14D, 0x994D, 0xB990, 0xD9D2, 0xD1B1, 0xC190, 0xC9B1, 0xE1D3, 0xD9D2, 0xA96E,
    0x994D, 0xB16E, 0xB98F, 0xA96E, 0xA14D, 0xB98F, 0xD9D2, 0xE1D2, 0xC190, 0xB16F, 0xC190, 0xC1B0,
    0xA96E, 0x912C, 0xA14D, 0xC190, 0xC190, 0xB16E, 0xB16F, 0xC9B1, 0xD9D2, 0xB98F, 0x994D, 0xA14D,
    0xB16F, 0xA96E, 0x994C, 0xA14D, 0xD1B1, 0xE9F3, 0xD9D2, 0xC190, 0xD1B2, 0xE9F3, 0xD1B1, 0xA96E,
    0x994D, 0xB16F, 0xB98F, 0xA96E, 0xA14D, 0xC190, 0xE1D3, 0xD9D2, 0xC190, 0xB98F, 0xD1B1, 0xC9B1,
    0xA94E, 0x912C, 0xA96E, 0xD1B1, 0xC9B1, 0xB98F, 0xC190, 0xD9D2, 0xD9D2, 0xB18F, 0xA14D, 0xA96E,
    0xDC56, 0xB16E, 0x994D, 0xA96E, 0xD9D2, 0xE9F3, 0xD1B1, 0xC190, 0xD1B1, 0xD9D2, 0xB990, 0x912C,
    0x912C, 0xB16E, 0xB18F, 0xA96E, 0xA96E, 0xC9B1, 0xE1D3, 0xC9B1, 0xA96E, 0xA96E, 0xC190, 0xB98F,
    0x994D, 0x912C, 0xA96E, 0xC1B0, 0xB990, 0xB16E, 0xB98F, 0xD1D2, 0xD1B1, 0xB16E, 0xA14D, 0xB16E,
    0xB98F, 0xA14D, 0x912C, 0xA14D, 0xC190, 0xC190, 0xA96E, 0xA14D, 0xB16F, 0xB98F, 0x994D, 0x810A,
    0x892B, 0xA14D, 0xA14D, 0x912C, 0x994C, 0xB98F, 0xC9B1, 0xB98F, 0xA14D, 0xA14D, 0xA96E, 0x994D,
    0x810A, 0x810A, 0x994D, 0xB18F, 0xB16F, 0xA96E, 0xC190, 0xD9D2, 0xC1B0, 0x994D, 0x912C, 0xA96E,
    0xB98F, 0xA96E, 0xA14D, 0xB990, 0xE1D2, 0xD9D2, 0xC190, 0xC190, 0xD9D2, 0xD9D2, 0xB16F, 0x994D,
    0xB16E, 0xC9B1, 0xC9B1, 0xB16F, 0xDC56, 0xF1F4, 0xFA15, 0xD9D2, 0xB990, 0xC190, 0xD1B1, 0xB98F,
    0x994D, 0xA14E, 0xD1B1, 0xE1D3, 0xD1B1, 0xC9B1, 0xD9D2, 0xE9F4, 0xD1B1, 0xA96E, 0xA14D, 0xB990,
    0xC190, 0xB16E, 0xB16E, 0xD9D2, 0xFA15, 0xF1F4, 0xD1B1, 0xC9B1, 0xE1D2, 0xD1B1, 0xA96E, 0x992C,
    0xB16F, 0xC9B1, 0xC9B0, 0xB98F, 0xD1B1, 0xFA15, 0xFA15, 0xD9B2, 0xC190, 0xC9B1, 0xD1B1, 0xB96F,
    0x994D, 0xA96E, 0xD1B1, 0xD9D2, 0xC9B1, 0xC190, 0xE477, 0xD9D2, 0xC190, 0x994D, 0xA14D, 0xC190,
    0xC190, 0xB16E, 0xB96F, 0xE1D3, 0xFA14, 0xE1D2, 0xC190, 0xC190, 0xD9D2, 0xC9B1, 0xA14D, 0x994D,
    0xC190, 0xE1D2, 0xD1B1, 0xC190, 0xD9D2, 0xFA15, 0xF498, 0xC190, 0xB16E, 0xB990, 0xC190, 0xA14D,
    0x912C, 0xA96E, 0xD9D2, 0xE1D3, 0xC9B1, 0xC9B1, 0xE1D2, 0xE1D2, 0xB990, 0xA14D, 0xA96E, 0xC190,
    0xC190, 0xA96E, 0xB16F, 0xD9D2, 0xC9B0, 0xC190, 0xA14D, 0x994D, 0xB98F, 0xD1D2, 0xD1B1, 0xC190,
    0xC9B1, 0xE1D2, 0xD1B1, 0xA14D, 0x912C, 0xA96E, 0xB98F, 0xB16E, 0xA14D, 0xB98F, 0xD9D2, 0xD9D2,
    0xB98F, 0xA96E, 0xB16F, 0xD455, 0x994D, 0x810B, 0x912C, 0xB16F, 0xB98F, 0xA96E, 0xA96E, 0xC9B0,
    0xD1B1, 0xB16F, 0xC434, 0xA14D, 0xB16F, 0xA96E, 0x912C, 0x994D, 0xC1B0, 0xD9D2, 0xD1B1, 0xB990,
    0xC9B1, 0xD9D2, 0xC9B1, 0xA14D, 0x994D, 0xB16F, 0xC190, 0xB16F, 0xA96E, 0xD1B1, 0xF1F4, 0xE9F3,
    0xC190, 0xB98F, 0xC9B0, 0xB990, 0x994C, 0x810B, 0x994D, 0xB18F, 0xB16F, 0xA14D, 0xA96E, 0xC9B1,
    0xD1B1, 0xB16E, 0x912C, 0xA14D, 0xB16E, 0xA14D, 0x912C, 0xA14D, 0xC9B1, 0xD1D2, 0xB990, 0xB16E,
    0xB990, 0xC9B0, 0xA96E, 0x892B, 0x892B, 0xA14D, 0xA96E, 0x994D, 0x994D, 0xB990, 0xD9D2, 0xC9B1,
    0xB16E, 0xA96E, 0xB990, 0xB18F, 0x912C, 0x912C, 0xB16F, 0xD1B1, 0xC9B1, 0xB98F, 0xC9B0, 0xE1D2,
    0xD9D2, 0xB16E, 0x994D, 0xA96E, 0xB98F, 0xA96E, 0x994C, 0xA16E, 0xC190, 0xB990, 0xA16D, 0x994D,
    0xB16E, 0xB16F, 0x994C, 0x810A, 0x892B, 0xA14D, 0xA96E, 0x994D, 0xA14D, 0xC9B0, 0xD9D2, 0xC190,
    0xA14D, 0xA14D, 0xB16E, 0xA14D, 0x810B, 0x810A, 0x994D, 0xB16F, 0xA96E, 0xA96E, 0xB990, 0xD1B1,
    0xC190, 0x994D, 0x912C, 0xA14D, 0xB16E, 0xA14D, 0x912C, 0xB16F, 0xD9D2, 0xD9D2, 0xC190, 0xC190,
    0xD9D2, 0xD9D2, 0xB98F, 0xA14D, 0xB96F, 0xD9B2, 0xD1B2, 0xC190, 0xC9B1, 0xF1F4, 0xFA15, 0xD9D2,
    0xC190, 0xC9B1, 0xD9D2, 0xC190, 0xA14D, 0xA96E, 0xD1B1, 0xE1D3, 0xC9B1, 0xC190, 0xD9D2, 0xE9F4,
    0xD9D2, 0xB16E, 0xA94E, 0xC190, 0xC190, 0xA96E, 0xA96E, 0xC9B1, 0xE9F4, 0xE1D3, 0xC9B1, 0xC9B1,
    0xE1D3, 0xD9D2, 0xB16F, 0xA14D, 0xB98F, 0xD1B1, 0xC9B0, 0xB98F, 0xC9B1, 0xF1F4, 0xF1F4, 0xC9B1,
    0xB16E, 0xB98F, 0xC190, 0xA96E, 0x912C, 0xA14D, 0xC190, 0xC9B1, 0xB18F, 0xB16F, 0xC9B1, 0xD9D2,
    0xC190, 0xA14D, 0xA14E, 0xC190, 0xC190, 0xA96E, 0xB16E, 0xD9D2, 0xF1F4, 0xD9D2, 0xC190, 0xC9B1,
    0xE1D2, 0xD1B1, 0xA96E, 0xA14D, 0xC9B1, 0xE1D3, 0xD9D2, 0xC9B1, 0xE1D2, 0xFA15, 0xF1F4, 0xC190,
    0xB16E, 0xC190, 0xC190, 0xA14D, 0x912C, 0xB16E, 0xD9D2, 0xE1D3, 0xD1B1, 0xD1B1, 0xE9F3, 0xF1F4,
    0xC9B1, 0xA96E, 0xB16F, 0xD1B1, 0xC9B1, 0xB96F, 0xC190, 0xF1F4, 0xA96E, 0xA96E, 0x912C, 0x912C,
    0xB16F, 0xD1B1, 0xC9B0, 0xB16F, 0xC190, 0xD1D2, 0xC9B1, 0xA14D, 0x912C, 0xA96E, 0xB990, 0xB16E,
    0xA14D, 0xB18F, 0xD1B1, 0xC9B1, 0xB16E, 0xA14D, 0xA96E, 0xB16F, 0x994D, 0x810B, 0x914C, 0xB16F,
    0xB98F, 0xA16E, 0xA96E, 0xC9B1, 0xD9D2, 0xC190, 0x994D, 0x994D, 0xA96E, 0xA14D, 0x912C, 0x994D,
    0xC9B1, 0xE1D2, 0xE476, 0xB98F, 0xC9B1, 0xD9D2, 0xC190, 0x994D, 0x912C, 0xB16E, 0xC190, 0xD435,
    0xA96E, 0xC9B1, 0xF1F4, 0xE1F3, 0xC190, 0xB98F, 0xC9B1, 0xC190, 0x994D, 0x810B, 0xC434, 0xB98F,
    0xB98F, 0xA96E, 0xCC35, 0xC190, 0xC190, 0xA14D, 0x892C, 0x994D, 0xA96E, 0x994D, 0x892B, 0x994D,
    0xC190, 0xD1B1, 0xB98F, 0xA96E, 0xB98F, 0xB990, 0xA14D, 0x810A, 0x810A, 0x914C, 0x994D, 0xBC13,
    0x912C, 0xA96E, 0xC9B1, 0xC190, 0xA96E, 0xA96E, 0xC190, 0xB98F, 0x994D, 0x912C, 0xA96E, 0xC1B0,
    0xB990, 0xB16F, 0xC190, 0xE1D3, 0xD1D2, 0xA96E, 0x912C, 0xA14D, 0xA96E, 0xA14D, 0x912C, 0xA14D,
    0xC1B0, 0xC1B0, 0xA96E, 0xA14D, 0xB16F, 0xB18F, 0x994D, 0x790A, 0x810B, 0xA14D, 0xA16D, 0x994C,
    0x994D, 0xC190, 0xD1D1, 0xC190, 0xA14D, 0xA96E, 0xB16F, 0xA14D, 0x892B, 0x892B, 0xB16E, 0xC9B0,
    0xB98F, 0xB16E, 0xC190, 0xD9D2, 0xC9B0, 0xA14D, 0x912C, 0xA96E, 0xB16F, 0xA14D, 0x994C, 0xB16F,
    0xD9D2, 0xD9D2, 0xC190, 0xC190, 0xD9D2, 0xD9D2, 0xB98F, 0xA14D, 0xB96F, 0xD9D2, 0xD1B2, 0xC190,
    0xC9B1, 0xF1F4, 0xF214, 0xD1B1, 0xB98F, 0xC190, 0xD1B2, 0xC190, 0xA14D, 0xA96E, 0xD1B1, 0xE1D2,
    0xC9B1, 0xB990, 0xD1B1, 0xE1D3, 0xC9B1, 0xA14D, 0xA14D, 0xB98F, 0xC190, 0xA96E, 0xA96E, 0xD1B1,
    0xFA14, 0xF1F4, 0xD9B2, 0xD9D2, 0xE9F4, 0xE1D2, 0xB16F, 0x994D, 0xB98F, 0xD9D2, 0xD1B1, 0xC190,
    0xD1B1, 0xF1F4, 0xF1F4, 0xC9B1, 0xB16F, 0xC190, 0xC9B0, 0xA96E, 0x912C, 0xA14D, 0xC190, 0xC9B0,
    0xB16E, 0xA96E, 0xC190, 0xC9B1, 0xB16F, 0x994C, 0xA14D, 0xB990, 0xC190, 0xA96E, 0xB16F, 0xD9D2,
    0xF214, 0xE1D2, 0xC190, 0xC9B1, 0xE1D2, 0xD1B1, 0xA96E, 0xC434, 0xB990, 0xD1B2, 0xC9B1, 0xB990,
    0xD1B2, 0xF1F4, 0xE9F3, 0xC190, 0xB16E, 0xC190, 0xC9B0, 0xA96E, 0x994D, 0xB96F, 0xE1D2, 0xE1D3,
    0xC9B1, 0xC9B1, 0xE1D3, 0xE1F3, 0xC190, 0xA14D, 0xA96E, 0xC190, 0xC190, 0xB16F, 0xC190, 0xF1F4,
    0xA96E, 0xA14D, 0x892B, 0x892B, 0xB16E, 0xC9B1, 0xC190, 0xB16F, 0xB98F, 0xD1B1, 0xC1B0, 0xA14D,
    0x912C, 0xA96E, 0xB990, 0xB16F, 0xA94E, 0xC190, 0xE1D3, 0xEC77, 0xC190, 0xB16F, 0xC190, 0xC190,
    0xA14D, 0x892C, 0xA14D, 0xC190, 0xC190, 0xB16F, 0xB18F, 0xD1D2, 0xD9D2, 0xDC56, 0x994D, 0x994D,
    0xCC35, 0xA14D, 0x912C, 0x994D, 0xC190, 0xD9D2, 0xC9B1, 0xB98F, 0xC9B0, 0xD9D2, 0xC190, 0x994D,
    0x912C, 0xB16E, 0xB990, 0xB16E, 0xA96E, 0xC190, 0xE1D3, 0xD9D2, 0xB18F, 0xA96E, 0xB990, 0xB990,
    0xA14D, 0x912C, 0xA14D, 0xC190, 0xC190, 0xB16E, 0xB98F, 0xD1D2, 0xD1D2, 0xB16F, 0x994D, 0xA14D,
    0xB16F, 0xA14D, 0x912C, 0x994D, 0xC190, 0xD1B1, 0xB98F, 0xB16E, 0xC190, 0xC9B1, 0xB16E, 0x892B,
    0x892B, 0x994D, 0xA14D, 0x912C, 0x912C, 0xB18F, 0xD1B1, 0xC190, 0xA96E, 0xA96E, 0xC190, 0xB98F,
    0xA14D, 0x912C, 0xA96E, 0xC190, 0xB98F, 0xA96E, 0xB98F, 0xD1B1, 0xC9B1, 0xA96E, 0x994C, 0xA16E,
    0xB16E, 0x994D, 0x892B, 0x994D, 0xB98F, 0xB98F, 0xA16E, 0xA14D, 0xB16E, 0xB18F, 0x994C, 0x790A,
    0x810B, 0x994D, 0xA16D, 0x994D, 0xA14D, 0xC9B1, 0xD9D2, 0xC9B1, 0xA96E, 0xA96E, 0xB98F, 0xA96E,
    0x892C, 0x912C, 0xB18F, 0xD1B1, 0xC190, 0xB16F, 0xC9B0, 0xE1D2, 0xD1B1, 0xA96E, 0x994D, 0xB16E,
    0xB18F, 0xA14D, 0x994C, 0xB16F, 0xD9D2, 0xD9D2, 0xC190, 0xC190, 0xD1B2, 0xD9D2, 0xB16F, 0x994D,
    0xB16E, 0xC9B1, 0xC190, 0xB16E, 0xB990, 0xE1F3, 0xF1F4, 0xD1B1, 0xB98F, 0xC190, 0xD1B1, 0xC190,
    0xA14D, 0xA96E, 0xD9D2, 0xE9F3, 0xD1B2, 0xC9B1, 0xE1D3, 0xF1F4, 0xD9D2, 0xB16E, 0xA96E, 0xC190,
    0xC190, 0xB16E, 0xA96E, 0xD1B1, 0xFA14, 0xF1F4, 0xD1B2, 0xD9D2, 0xE9F3, 0xD9D2, 0xB16E, 0x994D,
    0xB96F, 0xD9B2, 0xD1B1, 0xB990, 0xC9B1, 0xE9F4, 0xE9F3, 0xC190, 0xA96E, 0xB16F, 0xB990, 0xA96E,
    0x912C, 0xA14D, 0xC9B0, 0xC9B1, 0xB98F, 0xB16E, 0xC1B0, 0xD1B1, 0xB98F, 0xC434, 0xA14D, 0xB98F,
    0xB990, 0xA96E, 0xA96E, 0xD1B1, 0xF1F4, 0xD9D2, 0xC190, 0xC9B1, 0xD9D2, 0xC1B0, 0xA14D, 0x992C,
    0xB98F, 0xD1B1, 0xC9B1, 0xC190, 0xE1D2, 0xFA15, 0xF1F4, 0xC9B0, 0xB16F, 0xC190, 0xC9B1, 0xB16F,
    0xA14D, 0xB98F, 0xE1D2, 0xE1D3, 0xC9B1, 0xC9B1, 0xE1D3, 0xE1D3, 0xB990, 0xA14D, 0xA96E, 0xC190,
    0xB98F, 0xA14E, 0xB16E, 0xD9D2, 0xB16E, 0xA96E, 0x912C, 0x892B, 0xA96E, 0xC190, 0xB98F, 0xA96E,
    0xB16F, 0xC9B0, 0xC190, 0x994D, 0x912C, 0xA96E, 0xB98F, 0xB16F, 0xA96E, 0xC190, 0xE1F3, 0xE1F3,
    0xC9B0, 0xB98F, 0xD1B1, 0xD1B1, 0xB16F, 0x992C, 0xA96E, 0xC9B1, 0xC9B1, 0xB98F, 0xB98F, 0xD9D2,
    0xE1D2, 0xC190, 0x994D, 0xA14D, 0xB16E, 0xA96E, 0x912C, 0x994C, 0xB990, 0xD1D2, 0xC9B0, 0xB98F,
    0xC9B0, 0xE477, 0xC9B0, 0xA14D, 0x912C, 0xA96E, 0xB16F, 0xA14D, 0xA14D, 0xC190, 0xE1D2, 0xD9D2,
    0xB18F, 0xA96E, 0xC190, 0xC190, 0xA14D, 0x912C, 0xB16E, 0xD1B1, 0xD1B1, 0xC190, 0xC9B1, 0xE9F3,
    0xE9F3, 0xC190, 0xA14D, 0xA96E, 0xB98F, 0xA96E, 0x912C, 0xA14D, 0xC1B0, 0xD1B1, 0xB990, 0xB16E,
    0xB990, 0xC9B0, 0xA96E, 0x892B, 0x892B, 0x994D, 0xA16D, 0x994D, 0x994D, 0xC190, 0xD9D2, 0xC1B0,
    0xA96E, 0xA16E, 0xB98F, 0xB16F, 0x912C, 0x912C, 0xA96E, 0xC1B0, 0xB990, 0xA96E, 0xB98F, 0xC9B1,
    0xC1B0, 0xA14D, 0x892B, 0x994D, 0xA14D, 0x912C, 0x810B, 0x914C, 0xB18F, 0xB18F, 0xA14D, 0x994D,
    0xA96E, 0xB18F, 0x994D, 0x810A, 0x892B, 0xA14D, 0xA96E, 0x994D, 0xA14D, 0xC1B0, 0xD9D2, 0xC9B1,
    0xA96E, 0xB16E, 0xC190, 0xB16E, 0x912C, 0x912C, 0xB98F, 0xD9D2, 0xC9B1, 0xC190, 0xD9D2, 0xE9F4,
    0xD9D2, 0xB16E, 0xA14D, 0xB16F, 0xC190, 0xA96E, 0x994D, 0xB98F, 0xE1D2, 0xD9D2, 0xC190, 0xB990,
    0xD1B1, 0xD1B1, 0xB16E, 0x994D, 0xA96E, 0xC1B0, 0xC190, 0xA96E, 0xB98F, 0xE1D3, 0xF1F4, 0xD1B1,
    0xB16F, 0xC190, 0xD1B1, 0xB98F, 0x994D, 0xA96E, 0xD1B1, 0xE9F3, 0xD9B2, 0xC9B1, 0xE1D3, 0xFA15,
    0xE1D2, 0xB16F, 0xB16E, 0xC9B1, 0xD1B1, 0xB96F, 0xB16F, 0xD9D2, 0xFA15, 0xF1F4, 0xD1B1, 0xD1B1,
    0xE1D3, 0xD9D2, 0xB16E, 0x994D, 0xB98F, 0xD9D2, 0xD1B2, 0xC190, 0xD1B2, 0xFA14, 0xF1F4, 0xC9B0,
    0xA96E, 0xB16F, 0xB990, 0xA96E, 0x912C, 0xA14D, 0xC9B1, 0xD1B1, 0xC190, 0xB18F, 0xC9B0, 0xC9B1,
    0xB16F, 0x912C, 0x994D, 0xB98F, 0xB98F, 0xA14D, 0xA96E, 0xD1B1, 0xE9F3, 0xD1D2, 0xB98F, 0xC190,
    0xD1B1, 0xC190, 0x994D, 0x992C, 0xB98F, 0xD1B2, 0xC9B1, 0xB990, 0xD9D2, 0xFA14, 0xF498, 0xC190,
    0xB16F, 0xC9B0, 0xC9B1, 0xB16E, 0x994D, 0xB98F, 0xE1D2, 0xE1D3, 0xC9B1, 0xC9B1, 0xD9D2, 0xD9D2,
    0xB16F, 0x912C, 0x994D, 0xB16E, 0xA96E, 0x994D, 0xA14D, 0xC9B1, 0xB98F, 0xB16F, 0x912C, 0x912C,
    0xB16F, 0xC9B1, 0xC190, 0xB16E, 0xB98F, 0xD1B1, 0xC9B0, 0xA14D, 0x912C, 0xA96E, 0xB98F, 0xA96E,
    0xA14D, 0xB98F, 0xE1D2, 0xE1D3, 0xC9B0, 0xB98F, 0xD1B1, 0xD1B1, 0xB16F, 0x994D, 0xA96E, 0xC9B1,
    0xC9B1, 0xB16F, 0xB18F, 0xD1B1, 0xD9D2, 0xB98F, 0x994D, 0xA14D, 0xB16F, 0xA96E, 0x912C, 0x994C,
    0xB990, 0xD9D2, 0xC9B1, 0xC190, 0xD1B1, 0xE1D3, 0xD1B1, 0xA14D, 0x992C, 0xA96E, 0xB16F, 0xA14D,
    0x994D, 0xB98F, 0xD9D2, 0xD1B1, 0xB16F, 0xCC35, 0xB990, 0xD455, 0x994C, 0x810B, 0xA14D, 0xC190,
    0xC190, 0xB16F, 0xB98F, 0xD9D2, 0xD9D2, 0xB16F, 0x994D, 0xA14D, 0xB16F, 0xCC35, 0x912C, 0xA14D,
    0xC190, 0xC9B1, 0xB18F, 0xA96E, 0xB98F, 0xC190, 0xA96E, 0x892B, 0x892B, 0xA14D, 0xA96E, 0xA14D,
    0xA14D, 0xC1B0, 0xD9D2, 0xC1B0, 0xA16E, 0xA14D, 0xB16F, 0xA96E, 0x892B, 0x810B, 0xA14D, 0xB990,
    0xB98F, 0xA96E, 0xB98F, 0xD1B1, 0xC9B0, 0xA14D, 0x892B, 0x912C, 0xA14D, 0x912C, 0x810B, 0x994C,
    0xB98F, 0xC190, 0xB16E, 0xA16E, 0xB18F, 0xB98F, 0x994D, 0x810B, 0x892C, 0xA96E, 0xB16F, 0xA96E,
    0xB16F, 0xD9D2, 0xE9F3, 0xD1B1, 0xB16F, 0xB18F, 0xC1B0, 0xB18F, 0xC434, 0x994D, 0xC190, 0xD9D2,
    0xD1B1, 0xC9B1, 0xEC77, 0xF1F4, 0xD9D2, 0xB16E, 0xA14D, 0xB16F, 0xC190, 0xA96E, 0xA14D, 0xC190,
    0xE9F3, 0xE9F3, 0xC9B1, 0xC190, 0xD9D2, 0xD9D2, 0xB16F, 0x992C, 0xA96E, 0xC190, 0xB98F, 0xA96E,
    0xB18F, 0xD9D2, 0xE9F3, 0xD1B1, 0xB98F, 0xC190, 0xD1B2, 0xC190, 0xA14D, 0xA96E, 0xD1B1, 0xE1D3,
    0xD1B1, 0xC9B1, 0xE1D3, 0xFA15, 0xE1D3, 0xB98F, 0xD455, 0xD1B1, 0xD1B1, 0xB98F, 0xB16F, 0xD9D2,
    0xFA15, 0xE9F4, 0xC9B1, 0xC9B1, 0xE1D2, 0xD1B2, 0xA96E, 0x994D, 0xB16F, 0xD1B1, 0xC9B1, 0xB98F,
    0xD1B1, 0xF1F4, 0xF1F4, 0xC9B1, 0xB16F, 0xC190, 0xC9B1, 0xB16E, 0x992C, 0xA96E, 0xC9B1, 0xD9D2,
    0xC190, 0xB98F, 0xC9B1, 0xD1D2, 0xB18F, 0x912C, 0x994D, 0xB16F, 0xB16F, 0xA14D, 0xA14E, 0xC9B1,
    0xE1D2, 0xC9B1, 0xB16F, 0xB98F, 0xC9B1, 0xB990, 0x994D, 0x912C, 0xB16F, 0xC9B1, 0xC190, 0xB16F,
    0xC9B1, 0xE9F3, 0xD9D2, 0xB98F, 0xA96E, 0xB98F, 0xC190, 0xA96E, 0x994D, 0xB16F, 0xD9D2, 0xD9D2,
    0xC190, 0xB990, 0xD1B1, 0xD1B1, 0xA96E, 0x892B, 0x912C, 0xA16E, 0xA16E, 0x994C, 0xA14D, 0xC9B1,
    0xB98F, 0xB18F, 0x994D, 0x994D, 0xB98F, 0xD9D2, 0xC9B1, 0xB98F, 0xC190, 0xD9D2, 0xC9B1, 0xA94E,
    0x912C, 0xA96E, 0xB98F, 0xA96E, 0xA14D, 0xB990, 0xE9F3, 0xE9F3, 0xC9B1, 0xC190, 0xD1B2, 0xD9D2,
    0xB98F, 0xA14D, 0xB16E, 0xD1B1, 0xD1B2, 0xC190, 0xC190, 0xD9D2, 0xD9D2, 0xB16F, 0x994C, 0x994D,
    0xB16F, 0xA96E, 0x912C, 0x994D, 0xC190, 0xD9D2, 0xC9B1, 0xC190, 0xD1B1, 0xE1D3, 0xC9B1, 0xA14D,
    0x994C, 0xB16F, 0xB990, 0xA96E, 0xCC34, 0xB98F, 0xD1D1, 0xC9B1, 0xA96E, 0xA14D, 0xB16F, 0xA96E,
    0x892C, 0x790A, 0x912C, 0xB16F, 0xB18F, 0xA16E, 0xB16E, 0xC1B0, 0xC1B0, 0xA14D, 0x892C, 0x914C,
    0xA16E, 0x994D, 0x892B, 0x994D, 0xB98F, 0xC1B0, 0xB16E, 0xA14D, 0xB18F, 0xC190, 0xA96E, 0x892C,
    0x912C, 0xB16E, 0xB98F, 0xA96E, 0xA96E, 0xC9B1, 0xE1D2, 0xC9B1, 0xA96E, 0xA14D, 0xB16F, 0xA96E,
    0x892B, 0x810A, 0x994C, 0xA96E, 0xA16E, 0x994D, 0xA96E, 0xC1B0, 0xC190, 0x994D, 0x892C, 0x994D,
    0xA14D, 0x912C, 0x810B, 0x994C, 0xB98F, 0xC190, 0xB16E, 0xA96E, 0xB990, 0xC1B0, 0xA96E, 0x892B,
    0x912C, 0xB18F, 0xB990, 0xB16E, 0xB98F, 0xD9D2, 0xF1F4, 0xD1B1, 0xB16F, 0xB98F, 0xD1B1, 0xC190,
    0xA14D, 0xA14D, 0xC9B1, 0xE1D3, 0xD9D2, 0xC9B1, 0xE1D2, 0xFA14, 0xE9F3, 0xB98F, 0xA96E, 0xC190,
    0xC9B1, 0xB16F, 0xA94E, 0xC190, 0xE1F3, 0xE1D3, 0xC9B1, 0xC9B0, 0xD9D2, 0xD9D2, 0xB16F, 0x912C,
    0xA14E, 0xC190, 0xB98F, 0xA96E, 0xB18F, 0xD9D2, 0xE9F3, 0xD1B1, 0xB16F, 0xC190, 0xD1B1, 0xB990,
    0xA14D, 0xA96E, 0xD1B2, 0xE9F3, 0xD9D2, 0xD1B1, 0xF1F4, 0xFA36, 0xF1F4, 0xC190, 0xB990, 0xD9B2,
    0xD9B2, 0xB98F, 0xB16F, 0xD9D2, 0xFA15, 0xE9F3, 0xC9B1, 0xC9B1, 0xD9D2, 0xD1B1, 0xA96E, 0x994D,
    0xB16F, 0xD1B1, 0xC9B1, 0xB990, 0xD1B1, 0xFA15, 0xFA15, 0xD9B2, 0xB98F, 0xC190, 0xD1B1, 0xB16F,
    0x994D, 0xA96E, 0xD1B1, 0xD9D2, 0xC190, 0xB98F, 0xC9B1, 0xD1D2, 0xB98F, 0x912C, 0x994D, 0xB16F,
    0xB16E, 0x994C, 0x914C, 0xB18F, 0xC9B1, 0xC190, 0xA96E, 0xB16F, 0xC1B0, 0xB98F, 0x912C, 0x892B,
    0xA96E, 0xC190, 0xB98F, 0xB16E, 0xC9B1, 0xE9F3, 0xD9D2, 0xB16F, 0xA14D, 0xB16E, 0xB16F, 0x994D,
    0x892B, 0xA14D, 0xC190, 0xC9B0, 0xB16F, 0xB16E, 0xC190, 0xC190, 0xA14D, 0x810B, 0x892B, 0xA14D,
    0x994D, 0x892C, 0x994C, 0xB98F, 0xD1B1, 0xC9B1, 0xA96E, 0xA14D, 0xC1B0, 0xE1D3, 0xD9D2, 0xC9B0,
    0xD1B1, 0xE9F3, 0xD9D2, 0xB16F, 0xA14D, 0xB98F, 0xD1B1, 0xC190, 0xB16F, 0xC9B1, 0xF214, 0xFA14,
    0xD9B2, 0xC9B1, 0xD9D2, 0xE1D2, 0xB98F, 0x994D, 0xCC35, 0xD1B1, 0xD1B1, 0xB990, 0xC190, 0xD9D2,
    0xE1D2, 0xB990, 0x994D, 0x994D, 0xB16E, 0xA96E, 0x912C, 0x994D, 0xC9B0, 0xD9D2, 0xC9B1, 0xB990,
    0xC9B1, 0xE1D3, 0xC9B1, 0xA14D, 0x912C, 0xA96E, 0xB18F, 0xA14D, 0x994D, 0xB98F, 0xD1B1, 0xC1B0,
    0xA14D, 0x994D, 0xA96E, 0xA96E, 0x912C, 0x810B, 0xA14D, 0xC190, 0xC190, 0xB16F, 0xB98F, 0xD1B1,
    0xD1B1, 0xB16E, 0x994D, 0xA16E, 0xB16F, 0xA14D, 0x892B, 0x914C, 0xB98F, 0xC9B1, 0xB98F, 0xB16E,
    0xC190, 0xD1B1, 0xB98F, 0x912C, 0x994C, 0xB16F, 0xC190, 0xA96E, 0xA96E, 0xC9B1, 0xE1D2, 0xC9B1,
    0xA96E, 0xA96E, 0xB16F, 0xA16E, 0x810B, 0x790A, 0x892C, 0xA14D, 0x994D, 0x912C, 0x994D, 0xB18F,
    0xB16F, 0x994C, 0x892B, 0x994D, 0xA96E, 0x994D, 0x892C, 0xA14D, 0xC190, 0xC1B0, 0xB16E, 0xA96E,
    0xC1B0, 0xD1B1, 0xB16E, 0x912C, 0x994D, 0xB98F, 0xB98F, 0xA96E, 0xB16F, 0xD9D2, 0xF1F4, 0xD9D2,
    0xB990, 0xC190, 0xD1B1, 0xC190, 0xA14D, 0xA14D, 0xC9B1, 0xE1D3, 0xD9D2, 0xC9B1, 0xE1D2, 0xFA15,
    0xE9F3, 0xC190, 0xB16F, 0xC9B1, 0xD1B1, 0xB98F, 0xB16E, 0xC9B1, 0xF1F4, 0xF1F4, 0xD1B1, 0xC9B1,
    0xD9D2, 0xD9D2, 0xB16F, 0x912C, 0xA14E, 0xC190, 0xB990, 0xB16E, 0xB990, 0xE1F3, 0xF1F4, 0xD1B2,
    0xB98F, 0xC190, 0xD1B1, 0xC190, 0xA14D, 0xA96E, 0xD1B2, 0xE9F3, 0xD9D2, 0xD1B1, 0xE9F3, 0xFA15,
    0xE9F3, 0xB990, 0xB98F, 0xD1B2, 0xD9D2, 0xB990, 0xB96F, 0xD9D2, 0xFA15, 0xF1F4, 0xC9B1, 0xC9B1,
    0xD9D2, 0xD1B1, 0xA96E, 0x992C, 0xB16F, 0xD1B2, 0xD1B1, 0xC190, 0xD9D2, 0xFA16, 0xFA16, 0xD9D2,
    0xB990, 0xC9B0, 0xD1B1, 0xB16F, 0x994D, 0xA96E, 0xD1B2, 0xE1D2, 0xC9B1, 0xC190, 0xD9D2, 0xE1D3,
    0xC190, 0x994D, 0x994D, 0xB16E, 0xA96E, 0x912C, 0x912C, 0xB16F, 0xC9B1, 0xC190, 0xB16E, 0xB18F,
    0xC1B0, 0xB18F, 0x912C, 0x892C, 0xA96E, 0xC9B0, 0xB98F, 0xB16E, 0xC190, 0xD9D2, 0xC9B1, 0xA14D,
    0x912C, 0xA14D, 0xA16E, 0x912C, 0xB413, 0x912C, 0xB18F, 0xB98F, 0xA14D, 0xA14D, 0xB18F, 0xB18F,
    0x994C, 0x790A, 0x812B, 0x994D, 0x994C, 0x892B, 0x912C, 0xB16F, 0xD9D2, 0xD9B2, 0xB16F, 0xB16E,
    0xD1B2, 0xF1F4, 0xE9F3, 0xD1B2, 0xE1D3, 0xFA15, 0xE9F4, 0xC190, 0xB16E, 0xC9B1, 0xE1D3, 0xD1B1,
    0xC190, 0xE1D2, 0xFA36, 0xFA36, 0xD9D2, 0xC9B1, 0xD9D2, 0xD9D2, 0xB16F, 0x994D, 0xA96E, 0xC9B1,
    0xC9B1, 0xB16F, 0xB98F, 0xD1B1, 0xD9D2, 0xB98F, 0x994D, 0x994D, 0xB16E, 0xA96E, 0x912C, 0x994D,
    0xC1B0, 0xD9D2, 0xC1B0, 0xB16F, 0xC9B0, 0xE1D2, 0xD1B1, 0xA94E, 0x994D, 0xB16F, 0xB990, 0xA96E,
    0xA14D, 0xB990, 0xD9D2, 0xC9B1, 0xA96E, 0xA16E, 0xB98F, 0xB98F, 0x994D, 0x892B, 0xA94E, 0xC9B1,
    0xC9B1, 0xB98F, 0xC9B0, 0xE1F3, 0xE9F3, 0xC190, 0xA94E, 0xB16F, 0xC190, 0xB16E, 0x912C, 0xA14D,
    0xC9B0, 0xD9D2, 0xC190, 0xB18F, 0xC9B1, 0xD1D2, 0xB98F, 0x912C, 0x912C, 0xB16E, 0xB98F, 0xA96E,
    0xA96E, 0xC9B1, 0xD9D2, 0xC1B0, 0xA14D, 0x994D, 0xA16D, 0x994D, 0x790A, 0x70EA, 0x912C, 0xA96E,
    0xA96E, 0x994C, 0xA14D, 0xB18F, 0xB18F, 0x994D, 0x912C, 0xA14D, 0xA96E, 0x912C, 0x810B, 0x994C,
    0xB98F, 0xC190, 0xB16E, 0xA96E, 0xB98F, 0xB990, 0xA96E, 0x912C, 0x994D, 0xB990, 0xC190, 0xB16F,
    0xB98F, 0xE1D2, 0xFA14, 0xE1D2, 0xC190, 0xC190, 0xD1B1, 0xB990, 0xC434, 0xA14D, 0xC9B1, 0xE9F3,
    0xD9D2, 0xD1B1, 0xE9D3, 0xFA15, 0xE9F4, 0xC190, 0xB16F, 0xC9B1, 0xD1B1, 0xB98F, 0xB16E, 0xD1B1,
    0xFC99, 0xFA14, 0xD1B1, 0xC9B1, 0xD9D2, 0xD1D2, 0xB16E, 0x912C, 0xA14D, 0xC190, 0xC190, 0xB16F,
    0xC190, 0xE9F3, 0xFA15, 0xD9D2, 0xC190, 0xC9B1, 0xD9D2, 0xC190, 0xA14D, 0xA96E, 0xD1B2, 0xE9F3,
    0xD9D2, 0xD1B2, 0xF1F4, 0xFA16, 0xE9F3, 0xC190, 0xB98F, 0xD1B2, 0xD9D2, 0xB990, 0xB96F, 0xD9D2,
    0xFA15, 0xF1F4, 0xD1B1, 0xD1B1, 0xE1D2, 0xD1B2, 0xA96E, 0x994D, 0xB16F, 0xD9B2, 0xD1B1, 0xC190,
    0xD9B2, 0xFA15, 0xFA15, 0xD9D2, 0xC190, 0xD1B1, 0xD9D2, 0xC190, 0xA94E, 0xB98F, 0xE1D3, 0xE9F4,
    0xD1B1, 0xC9B1, 0xE1F3, 0xE9F4, 0xC9B1, 0xA14D, 0xA14D, 0xB18F, 0xB16F, 0x994D, 0x994D, 0xB98F,
    0xD1B1, 0xC190, 0xA96E, 0xB16E, 0xC190, 0xB16F, 0x912C, 0x892B, 0xA96E, 0xB990, 0xB16F, 0xA16E,
    0xB98F, 0xD1B1, 0xC190, 0x994D, 0x892C, 0x914C, 0x994C, 0x810A, 0x70E9, 0x810B, 0xA14D, 0xA16D,
    0x912C, 0x912C, 0xA16D, 0xA16E, 0x892C, 0x790A, 0x810B, 0x994C, 0x912C, 0x810B, 0x892B, 0xA96E,
    0xF1F4, 0xE9D3, 0xC190, 0xC190, 0xE9F3, 0xFA36, 0xFA15, 0xE9D3, 0xF1F4, 0xFA36, 0xFA15, 0xD1B1,
    0xB98F, 0xD9D2, 0xF1F4, 0xE1D3, 0xD1B1, 0xE9D3, 0xFA36, 0xFA15, 0xE1D2, 0xD1B1, 0xE1D3, 0xE1D3,
    0xC190, 0xA14D, 0xB16F, 0xD1B1, 0xD1B1, 0xB98F, 0xB98F, 0xD1B1, 0xD1D2, 0xB16F, 0x994C, 0x994D,
    0xB16E, 0xA96E, 0x912C, 0x994C, 0xB990, 0xD1B1, 0xC190, 0xB16F, 0xC190, 0xD9D2, 0xC9B0, 0xA14D,
    0x912C, 0xA96E, 0xB16F, 0xA14D, 0x994D, 0xB98F, 0xD1D2, 0xC9B1, 0xB16E, 0xA96E, 0xC190, 0xC190,
    0xA96E, 0x992C, 0xB16F, 0xD9D2, 0xD9D2, 0xC190, 0xD1B1, 0xE9F4, 0xE9F3, 0xC9B1, 0xB16E, 0xC190,
    0xD1B1, 0xB98F, 0x994D, 0xA14E, 0xD1B1, 0xE1F3, 0xD1B1, 0xC190, 0xD1B1, 0xD1D2, 0xB18F, 0x912C,
    0x912C, 0xB16F, 0xC190, 0xA96E, 0xA96E, 0xC9B1, 0xD9D2, 0xC9B0, 0xA14D, 0xA14D, 0xA96E, 0x994D,
    0x790A, 0x70E9, 0x892C, 0xA16E, 0xA14D, 0x994C, 0xA16D, 0xB990, 0xB98F, 0x994D, 0x892C, 0xA14D,
    0xA96E, 0x994D, 0x912C, 0xA14D, 0xC9B1, 0xD1B1, 0xB98F, 0xB16E, 0xC190, 0xC190, 0xA96E, 0x892C,
    0x994D, 0xB98F, 0xC190, 0xB16E, 0xB98F, 0xE1D2, 0xF1F4, 0xD9D2, 0xB98F, 0xB98F, 0xC9B1, 0xB98F,
    0x994D, 0x994D, 0xC9B0, 0xE1D3, 0xD9B2, 0xC9B1, 0xEC77, 0xFA15, 0xE9F3, 0xC190, 0xB16F, 0xC9B1,
    0xD1B1, 0xB96F, 0xA96E, 0xD1B1, 0xFA15, 0xF1F4, 0xD1B1, 0xC9B1, 0xD9D2, 0xD1B2, 0xB16E, 0x912C,
    0xA14D, 0xC190, 0xC190, 0xB98F, 0xC190, 0xE9F3, 0xF1F4, 0xD1B2, 0xB98F, 0xC9B1, 0xD9D2, 0xC990,
    0xA94E, 0xB16F, 0xD9D2, 0xE9F4, 0xD9D2, 0xC9B1, 0xE9F3, 0xFA15, 0xE1D3, 0xB98F, 0xB96F, 0xD1B1,
    0xD9D2, 0xB990, 0xB96F, 0xD9D2, 0xFA15, 0xF1F4, 0xD9D2, 0xD9D2, 0xF1F4, 0xE9D3, 0xB98F, 0xA94E,
    0xC190, 0xE1D3, 0xD9D2, 0xC9B1, 0xE1D2, 0xFA36, 0xFA36, 0xE1D2, 0xC991, 0xD9B2, 0xE1D2, 0xC190,
    0xA14E, 0xB98F, 0xE9F3, 0xFA14, 0xE1D3, 0xD9D2, 0xF1F4, 0xFA14, 0xD1B1, 0xA14E, 0xA14D, 0xB98F,
    0xB16F, 0x994D, 0x994D, 0xB18F, 0xC9B1, 0xC190, 0xA96E, 0xB16E, 0xB98F, 0xA96E, 0x892B, 0x810B,
    0xA14D, 0xB18F, 0xA96E, 0x994D, 0xA96E, 0xC190, 0xB16F, 0x912C, 0x810A, 0x892B, 0x892B, 0x70E9,
    0x68C8, 0x70EA, 0x892C, 0x912C, 0x810B, 0x810B, 0x912C, 0x994C, 0x810B, 0x70E9, 0x790A, 0x912C,
    0x892B, 0x70EA, 0x790A, 0x914C, 0xE9F3, 0xE1D3, 0xC190, 0xB98F, 0xE9D3, 0xFA36, 0xFA15, 0xE1D3,
    0xF1F4, 0xFA36, 0xFA15, 0xC990, 0xB16F, 0xD1B1, 0xE9D3, 0xD9B2, 0xC990, 0xE1D3, 0xFA36, 0xFA15,
    0xD9D2, 0xC990, 0xD1B1, 0xD9D2, 0xB96F, 0x994D, 0xB16E, 0xD1B1, 0xD1B2, 0xB990, 0xC190, 0xE1D3,
    0xE9F3, 0xC9B1, 0xA96E, 0xA96E, 0xB98F, 0xB16E, 0x912C, 0x994D, 0xC1B0, 0xD9D2, 0xC9B0, 0xB18F,
    0xC190, 0xD9D2, 0xC190, 0x994D, 0x994D, 0xB16F, 0xC190, 0xB16F, 0xA96E, 0xC9B0, 0xE1F3, 0xD9D2,
    0xD456, 0xB16F, 0xC9B0, 0xC190, 0xA14D, 0x912C, 0xA96E, 0xD1B1, 0xD9B2, 0xC190, 0xD1B1, 0xE9F3,
    0xE9F3, 0xC190, 0xA14D, 0xB16E, 0xB98F, 0xA96E, 0x912C, 0xA14D, 0xC9B1, 0xD9D2, 0xC9B0, 0xB98F,
    0xC9B0, 0xC9B1, 0xB16F, 0x912C, 0x912C, 0xA96E, 0xB16F, 0xA14D, 0x994D, 0xB98F, 0xD1B1, 0xC1B0,
    0xA96E, 0xA96E, 0xB98F, 0xA96E, 0x892C, 0x810B, 0xA14D, 0xB18F, 0xB16E, 0xA14D, 0xB16F, 0xC9B1,
    0xC190, 0x994D, 0x892B, 0x994D, 0xA96E, 0x994D, 0x892B, 0xA14D, 0xC190, 0xC9B0, 0xB16F, 0xA96E,
    0xB98F, 0xC190, 0xA96E, 0x912C, 0x994D, 0xB98F, 0xB98F, 0xA96E, 0xA96E, 0xD9D2, 0xF1F4, 0xD9D2,
    0xB990, 0xB990, 0xC9B1, 0xB18F, 0x994D, 0x994D, 0xC190, 0xD9D2, 0xD1B1, 0xC190, 0xD1B1, 0xE9F3,
    0xE1D2, 0xB98F, 0xA96E, 0xC190, 0xC9B1, 0xB16E, 0xA14E, 0xC9B0, 0xF1F4, 0xE9F3, 0xC9B1, 0xC190,
    0xD9D2, 0xD1B1, 0xA96E, 0x912C, 0xA14D, 0xB990, 0xB98F, 0xA96E, 0xB98F, 0xE1D3, 0xF1F4, 0xD1B1,
    0xB98F, 0xC190, 0xD1B2, 0xC190, 0xA94E, 0xB16F, 0xE1D2, 0xF1F4, 0xD9D2, 0xC9B1, 0xE1D3, 0xFA14,
    0xD9D2, 0xB16F, 0xA96E, 0xC9B0, 0xD1B1, 0xB96F, 0xB16F, 0xD9D2, 0xFA15, 0xF1F4, 0xD1B1, 0xD1B1,
    0xE1D3, 0xD9D2, 0xB16F, 0xA14D, 0xB98F, 0xD9D2, 0xD1B1, 0xC190, 0xD1B2, 0xFA15, 0xFA15, 0xD1B1,
    0xB98F, 0xC190, 0xD1B1, 0xB16F, 0x994D, 0xB16F, 0xD9D2, 0xE1D3, 0xD1B1, 0xC9B1, 0xE1D3, 0xF1F4,
    0xC9B1, 0xA14D, 0xA14D, 0xB18F, 0xB16F, 0xA14D, 0xA14D, 0xC1B0, 0xD9D2, 0xC9B1, 0xB16F, 0xB98F,
    0xC1B0, 0xB16F, 0x912C, 0x892B, 0xA14D, 0xB98F, 0xB16F, 0xA96E, 0xB98F, 0xD1D2, 0xC1B0, 0x994D,
    0x892B, 0x994C, 0x994D, 0x810B, 0x70EA, 0x812B, 0x994D, 0x994D, 0x912C, 0x914C, 0xA96E, 0xB18F,
    0x994C, 0x790A, 0x892B, 0x994D, 0x912C, 0x810B, 0x892C, 0xA96E, 0xD9D2, 0xD9B2, 0xB96F, 0xB96F,
    0xE9D3, 0xFA36, 0xFA15, 0xE9F3, 0xF9F4, 0xFA36, 0xFA15, 0xC990, 0xB16F, 0xC9B1, 0xD9D2, 0xC190,
    0xB98F, 0xD9D2, 0xFA16, 0xFA36, 0xD9D2, 0xC9B1, 0xD9D2, 0xD9D2, 0xB16F, 0x912C, 0xA96E, 0xC9B1,
    0xD9D2, 0xC990, 0xC9B1, 0xE9F3, 0xF1F4, 0xC9B1, 0xA96E, 0xA96E, 0xB990, 0xB16F, 0x994D, 0xA14D,
    0xC9B1, 0xD9D2, 0xC9B1, 0xB98F, 0xC9B1, 0xD9D2, 0xC9B1, 0xA14D, 0x994D, 0xB16F, 0xC190, 0xB16F,
    0xA96E, 0xC190, 0xE1D3, 0xD9D2, 0xB990, 0xB98F, 0xC9B1, 0xC190, 0xA14D, 0x912C, 0xA14E, 0xC1B0,
    0xC190, 0xB16F, 0xC190, 0xE1D2, 0xE1D3, 0xB98F, 0xA14D, 0xA96E, 0xB98F, 0xA96E, 0x912C, 0xA14D,
    0xC1B0, 0xD1B1, 0xB98F, 0xB16E, 0xB98F, 0xC1B0, 0xA96E, 0x892B, 0x892B, 0xA14D, 0xA96E, 0x994D,
    0x994D, 0xB990, 0xD9D2, 0xC9B1, 0xB16E, 0xB16E, 0xC190, 0xB98F, 0x994D, 0x912C, 0xA96E, 0xC190,
    0xB98F, 0xA96E, 0xB98F, 0xD1D1, 0xC9B1, 0xA14D, 0x912C, 0x994D, 0xA96E, 0x994D, 0x892C, 0xA14D,
    0xC9B1, 0xD1B1, 0xB98F, 0xB16F, 0xC190, 0xC9B1, 0xA96E, 0x912C, 0x994D, 0xB98F, 0xC190, 0xD435,
    0xB98F, 0xD9D2, 0xF1F4, 0xD1B1, 0xB16F, 0xB98F, 0xC9B0, 0xB98F, 0x994D, 0x994D, 0xC190, 0xD9D2,
    0xC9B1, 0xB990, 0xD1B1, 0xE9F3, 0xD9D2, 0xB16F, 0xA96E, 0xC190, 0xC9B1, 0xB96F, 0xA96E, 0xC9B1,
    0xF1F4, 0xE9F3, 0xC9B1, 0xC190, 0xD1B1, 0xD1B1, 0xA96E, 0x892B, 0x994D, 0xB16E, 0xA96E, 0x994D,
    0xA96E, 0xD1D1, 0xE1D3, 0xC9B1, 0xB16F, 0xC190, 0xD1B2, 0xC190, 0xA94E, 0xB16F, 0xD9D2, 0xF1F4,
    0xD9D2, 0xD1B1, 0xE9F3, 0xFA14, 0xD9D2, 0xA96E, 0xA94E, 0xC190, 0xC9B0, 0xB16E, 0xA96E, 0xD1B1,
    0xF1F4, 0xE9F3, 0xD1B1, 0xD1B1, 0xE1D3, 0xD9D2, 0xA96E, 0x992C, 0xB16F, 0xD1B1, 0xC9B1, 0xB990,
    0xC9B1, 0xF1F4, 0xE9F3, 0xDC56, 0xA96E, 0xB18F, 0xB990, 0xA96E, 0x912C, 0xA14D, 0xC190, 0xD1B1,
    0xB98F, 0xB18F, 0xC9B1, 0xD1D2, 0xB98F, 0x994D, 0x994D, 0xB98F, 0xB98F, 0xA14D, 0xA14E, 0xC9B1,
    0xE1F3, 0xD1B1, 0xB98F, 0xC190, 0xC9B1, 0xB990, 0x994C, 0x892C, 0xA96E, 0xB990, 0xB16F, 0xA96E,
    0xB990, 0xD9D2, 0xC9B0, 0xA14D, 0x912C, 0x994D, 0x994D, 0x810B, 0x70EA, 0x892B, 0xA96E, 0xB18F,
    0xA14D, 0xA14D, 0xB18F, 0xB98F, 0x994D, 0x810B, 0x892B, 0xA14D, 0x994D, 0x892B, 0x912C, 0xB18F,
    0xD1B2, 0xD1B1, 0xB16E, 0xB16E, 0xD9D2, 0xFA15, 0xF1F4, 0xD9D2, 0xE9F3, 0xFA15, 0xF1F4, 0xB990,
    0xA96E, 0xC190, 0xD1B1, 0xB98F, 0xB16E, 0xC9B1, 0xF214, 0xFA14, 0xD9B2, 0xC9B1, 0xD9D2, 0xD9D2,
    0xB98F, 0x994D, 0xA96E, 0xD1B1, 0xD1B2, 0xC190, 0xC9B1, 0xF1F4, 0xFA15, 0xD9D2, 0xB98F, 0xB990,
    0xD1B1, 0xC190, 0xA94E, 0xA96E, 0xD9D2, 0xE9F4, 0xD9D2, 0xC9B0, 0xD9D2, 0xE9F3, 0xD1B1, 0xA94E,
    0x994D, 0xB16F, 0xC190, 0xB16F, 0xA96E, 0xC9B1, 0xE9F3, 0xD9D2, 0xB990, 0xB16F, 0xC190, 0xC190,
    0x994D, 0x892B, 0xA14D, 0xC190, 0xC190, 0xB16F, 0xB98F, 0xD1D2, 0xD1D2, 0xB16E, 0x912C, 0xA14D,
    0xA96E, 0xA14D, 0x892B, 0x994D, 0xB98F, 0xC1B0, 0xA96E, 0xA14D, 0xB18F, 0xC190, 0xA96E, 0x892B,
    0x892B, 0xA14D, 0xA16D, 0x914C, 0x994C, 0xB98F, 0xD9D2, 0xD1B1, 0xB16F, 0xB98F, 0xC9B1, 0xC190,
    0xA14D, 0x994D, 0xB16F, 0xC9B1, 0xC190, 0xB16F, 0xC190, 0xD9D2, 0xD1B1, 0xA96E, 0x912C, 0xA14D,
    0xB16F, 0xA14D, 0x912C, 0xA96E, 0xC9B1, 0xD1B1, 0xB98F, 0xB16F, 0xC9B1, 0xD1B1, 0xB16F, 0x912C,
    0x994D, 0xB990, 0xC190, 0xB16E, 0xB98F, 0xE1D2, 0xF1F4, 0xD9D2, 0xB98F, 0xC190, 0xC9B1, 0xB990,
    0x994D, 0x994D, 0xC190, 0xD9D2, 0xC9B1, 0xB990, 0xD1B1, 0xE9F3, 0xD9D2, 0xB96F, 0xA96E, 0xB990,
    0xC190, 0xA96E, 0xA14D, 0xC190, 0xE1F3, 0xE1D2, 0xC190, 0xB18F, 0xC190, 0xC190, 0x994D, 0x890B,
    0x912C, 0xB16E, 0xA96E, 0xA14D, 0xB16E, 0xD9D2, 0xE1D3, 0xC9B1, 0xB16F, 0xC190, 0xD1B2, 0xC190,
    0xA14D, 0xA96E, 0xD1B2, 0xE9F3, 0xD9D2, 0xD1B1, 0xE1D3, 0xF1F4, 0xD1B1, 0xA96E, 0xA14D, 0xB98F,
    0xB990, 0xA94E, 0xA14D, 0xC190, 0xE1F3, 0xE1D2, 0xC9B1, 0xD1B1, 0xE1D3, 0xD9D2, 0xA96E, 0x992C,
    0xD435, 0xC9B1, 0xC190, 0xB16F, 0xC190, 0xE1D3, 0xE1D2, 0xB98F, 0xA96E, 0xB16F, 0xB98F, 0xA14D,
    0x892C, 0x994D, 0xB990, 0xC1B0, 0xB16E, 0xA96E, 0xC190, 0xC9B1, 0xB16F, 0x912C, 0x994D, 0xB16F,
    0xB16F, 0xA14D, 0xA96E, 0xD1B1, 0xE9F3, 0xD9D2, 0xB990, 0xC190, 0xD1B1, 0xC190, 0x994D, 0x912C,
    0xA96E, 0xB98F, 0xB16F, 0xA16E, 0xB98F, 0xD1D1, 0xC9B0, 0xA14D, 0x912C, 0xA14D, 0xA14D, 0x892C,
    0x810A, 0x994C, 0xB98F, 0xC190, 0xB16E, 0xA96E, 0xC190, 0xC190, 0x994D, 0x810B, 0x892B, 0xA14D,
    0x994D, 0x912C, 0x994D, 0xB98F, 0xC9B1, 0xC190, 0xA14E, 0xA14D, 0xC190, 0xE1D3, 0xD9D2, 0xC190,
    0xD1B1, 0xE9F3, 0xE1D2, 0xB16F, 0xA14D, 0xB98F, 0xC9B0, 0xB16F, 0xA96E, 0xC190, 0xE9F3, 0xE9F3,
    0xC9B0, 0xB98F, 0xC9B1, 0xC9B1, 0xA96E, 0x912C, 0xA14D, 0xC9B1, 0xD1B1, 0xC190, 0xC9B1, 0xF1F4,
    0xFA15, 0xD9D2, 0xB96F, 0xB990, 0xD1B1, 0xC190, 0xA14D, 0xA96E, 0xD1B1, 0xE9F3, 0xD9D2, 0xC9B1,
    0xD9D2, 0xE9F3, 0xD1B2, 0xA96E, 0xA14D, 0xB18F, 0xC190, 0xA96E, 0xA14E, 0xC190, 0xE1D2, 0xD9D2,
    0xB98F, 0xB16F, 0xC9B0, 0xC190, 0x994D, 0x892B, 0xA14D, 0xC190, 0xB990, 0xB16E, 0xB98F, 0xD1D2,
    0xD1D2, 0xB16F, 0x994D, 0xA96E, 0xB18F, 0xA14D, 0x892C, 0x994D, 0xC190, 0xC9B1, 0xB98F, 0xB16E,
    0xB98F, 0xC190, 0xA96E, 0x892B, 0x892B, 0xA16E, 0xB16E, 0xA14D, 0xA14D, 0xC9B1, 0xE1F3, 0xD9D2,
    0xB98F, 0xB98F, 0xC9B1, 0xC9B0, 0xA94E, 0x994D, 0xB98F, 0xD1B1, 0xC9B0, 0xB98F, 0xC9B1, 0xE1F3,
    0xD9D2, 0xB16F, 0xA14D, 0xB16E, 0xB990, 0xA96E, 0x994D, 0xB16E, 0xD9D2, 0xD9D2, 0xC190, 0xB98F,
    0xD1B1, 0xD1B1, 0xB16F, 0x912C, 0x994C, 0xB16F, 0xB98F, 0xB16E, 0xB98F, 0xD9D2, 0xE9F4, 0xD1B1,
    0xB16F, 0xB98F, 0xC9B1, 0xB990, 0x994D, 0x994D, 0xB990, 0xD9D2, 0xD1B1, 0xC190, 0xEC77, 0xF1F4,
    0xE1D2, 0xB16F, 0xA14D, 0xB98F, 0xC190, 0xA96E, 0x994D, 0xB18F, 0xE477, 0xD1B1, 0xB98F, 0xB98F,
    0xC9B1, 0xC9B1, 0xA96E, 0x912C, 0xA14D, 0xB98F, 0xB18F, 0xA96E, 0xB16F, 0xD9D2, 0xE9F3, 0xC9B1,
    0xB16E, 0xB98F, 0xC9B1, 0xB98F, 0x994D, 0xA94E, 0xD1B1, 0xD9D2, 0xC9B1, 0xB98F, 0xD1B1, 0xD9D2,
    0xC190, 0x994D, 0x994D, 0xB16F, 0xC190, 0xA96E, 0xA14D, 0xC190, 0xE1F3, 0xD9D2, 0xDC56, 0xC190,
    0xD9D2, 0xD1B1, 0xA14E, 0x912C, 0xA96E, 0xB990, 0xB16F, 0xA96E, 0xB98F, 0xD9D2, 0xD9D2, 0xB16F,
    0xA14D, 0xA96E, 0xB16F, 0xA14D, 0x892B, 0x994D, 0xDC56, 0xC9B1, 0xB98F, 0xB16F, 0xC9B1, 0xD1D2,
    0xB98F, 0x912C, 0x994D, 0xB16E, 0xB16E, 0x994D, 0x994D, 0xC190, 0xD9D2, 0xC1B0, 0xA96E, 0xB16F,
    0xC9B0, 0xB98F, 0x994D, 0x912C, 0xB16E, 0xC9B0, 0xB990, 0xB16F, 0xC9B0, 0xE1D3, 0xD9D2, 0xB16F,
    0xA14D, 0xB16F, 0xB98F, 0xA14D, 0x912C, 0xA96E, 0xD1B1, 0xD9D2, 0xC190, 0xB990, 0xD1B1, 0xD1B1,
    0xA96E, 0x912C, 0x912C, 0xA96E, 0xA14E, 0x912C, 0x994D, 0xC190, 0xB990, 0xB98F, 0x994D, 0x994D,
    0xB990, 0xD9D2, 0xD1B1, 0xB98F, 0xC1B0, 0xD9D2, 0xC9B1, 0xA14E, 0x912C, 0xA96E, 0xB98F, 0xA96E,
    0xA14D, 0xB98F, 0xD9D2, 0xD9D2, 0xC190, 0xB16F, 0xC190, 0xC190, 0xA14D, 0x892B, 0x994D, 0xC190,
    0xC9B0, 0xB98F, 0xC190, 0xE9F3, 0xFA15, 0xD9D2, 0xB98F, 0xB990, 0xD1B1, 0xC190, 0xA14D, 0xA96E,
    0xD1B1, 0xE9F3, 0xD9D2, 0xC9B0, 0xD1B2, 0xE1D3, 0xC9B1, 0xA14D, 0x912C, 0xA96E, 0xB98F, 0xA96E,
    0xA14D, 0xB98F, 0xD9D2, 0xD1B1, 0xB16F, 0xA96E, 0xB990, 0xB98F, 0x994D, 0x892B, 0xA14D, 0xC190,
    0xC190, 0xB16F, 0xC190, 0xE1D2, 0xE1D2, 0xB98F, 0x994D, 0xA14D, 0xB16F, 0xA14D, 0x912C, 0xA14D,
    0xC1B0, 0xD1B1, 0xC190, 0xB16F, 0xC190, 0xC9B0, 0xA96E, 0x912C, 0x912C, 0xB16E, 0xB98F, 0xA96E,
    0xB16E, 0xD9D2, 0xF1F4, 0xD9D2, 0xB98F, 0xB98F, 0xD1B1, 0xC9B1, 0xA96E, 0x994D, 0xB98F, 0xD1B2,
    0xC9B1, 0xB990, 0xD1B1, 0xF1F4, 0xE1F3, 0xB98F, 0xA14D, 0xB16F, 0xC190, 0xB16E, 0x994D, 0xB16F,
    0xD9D2, 0xE1D3, 0xC9B1, 0xC190, 0xD9D2, 0xE1D2, 0xB990, 0x994D, 0xA14D, 0xB990, 0xC190, 0xB16F,
    0xB98F, 0xD9D2, 0xE9F3, 0xD1B1, 0xB16F, 0xB98F, 0xC9B0, 0xB98F, 0x994D, 0x994D, 0xC190, 0xD9D2,
    0xD1B1, 0xC9B1, 0xE1D3, 0xFA14, 0xE1D3, 0xB16F, 0xCC35, 0xB18F, 0xB990, 0xA94E, 0x994D, 0xB98F,
    0xD9D2, 0xD9D2, 0xB98F, 0xB16F, 0xC190, 0xC190, 0xA14D, 0x892B, 0x994D, 0xB18F, 0xB16F, 0xA14D,
    0xB16F, 0xD9D2, 0xE1F3, 0xC9B1, 0xB16E, 0xB98F, 0xC190, 0xB16F, 0x994C, 0xA14D, 0xC9B0, 0xD1B1,
    0xC190, 0xB16F, 0xC190, 0xD1B1, 0xB98F, 0x994C, 0x912C, 0xA96E, 0xB18F, 0xA14D, 0x994D, 0xC190,
    0xE1D2, 0xD1B1, 0xB98F, 0xB18F, 0xC9B0, 0xB990, 0x994C, 0x890B, 0x994D, 0xB18F, 0xB16E, 0xA14D,
    0xA96E, 0xC9B1, 0xC1B0, 0xA16E, 0x914C, 0xA14D, 0xB16E, 0x994D, 0x892B, 0x994D, 0xC190, 0xD1B1,
    0xB990, 0xB990, 0xD9D2, 0xE1D2, 0xC190, 0x994D, 0x994C, 0xA96E, 0xA96E, 0x912C, 0x912C, 0xB18F,
    0xC9B1, 0xB98F, 0xA96E, 0xB16F, 0xC190, 0xB98F, 0x994C, 0x912C, 0xB16E, 0xC9B0, 0xC190, 0xB98F,
    0xD1B1, 0xF1F4, 0xE9F3, 0xC190, 0xB16F, 0xC9B0, 0xD1B1, 0xB16F, 0xA14D, 0xB98F, 0xE1D3, 0xE1D3,
    0xC9B1, 0xC9B0, 0xD9D2, 0xE1D2, 0xB98F, 0x994D, 0xA14D, 0xB98F, 0xB16F, 0x994D, 0xA96E, 0xC9B1,
    0xB16F, 0xA96E, 0x912C, 0x912C, 0xB18F, 0xD1B1, 0xC1B0, 0xB16E, 0xB98F, 0xD1B1, 0xC1B0, 0xA14D,
    0x912C, 0xA96E, 0xB98F, 0xA96E, 0x994D, 0xB98F, 0xE1D2, 0xE1D3, 0xC190, 0xB16F, 0xC190, 0xC9B1,
    0xA96E, 0x912C, 0xA94E, 0xC9B1, 0xD1B1, 0xC190, 0xC9B0, 0xE9F4, 0xFA15, 0xD9D2, 0xB96F, 0xB98F,
    0xC9B1, 0xB990, 0xA14D, 0xA96E, 0xD1B1, 0xE1F3, 0xD1B1, 0xB990, 0xC9B1, 0xD9D2, 0xC9B1, 0xA14D,
    0x912C, 0xA96E, 0xB18F, 0xA14E, 0xA14D, 0xB98F, 0xD9D2, 0xC9B1, 0xB16E, 0xA96E, 0xB98F, 0xB98F,
    0x994D, 0x892B, 0xA14D, 0xC190, 0xC190, 0xB16F, 0xC190, 0xD9D2, 0xD9D2, 0xB98F, 0x994D, 0xA96E,
    0xB98F, 0xA96E, 0x912C, 0xA14D, 0xC1B0, 0xD1B1, 0xB98F, 0xB16E, 0xC190, 0xC9B1, 0xB16F, 0x912C,
    0x994C, 0xB18F, 0xC190, 0xB16E, 0xB16E, 0xD1B1, 0xF1F4, 0xE1D3, 0xC190, 0xC190, 0xD1B2, 0xC9B1,
    0xA94E, 0xA14D, 0xC190, 0xE1D2, 0xD9D2, 0xC990, 0xD1B2, 0xF1F4, 0xE1F3, 0xB98F, 0xA14D, 0xB16E,
    0xC190, 0xA96E, 0x994D, 0xB16F, 0xD9D2, 0xD9D2, 0xC190, 0xB98F, 0xD1B1, 0xD1B1, 0xB16F, 0x912C,
    0x994D, 0xB98F, 0xB98F, 0xA96E, 0xB16E, 0xD1B1, 0xE1F3, 0xC9B1, 0xA96E, 0xD435, 0xB990, 0xB16E,
    0x912C, 0x912C, 0xB98F, 0xD1D2, 0xC9B1, 0xB990, 0xD1B1, 0xE1F3, 0xD1B1, 0xA14D, 0x912C, 0xA96E,
    0xB16F, 0x994D, 0x912C, 0xA96E, 0xC9B1, 0xC9B0, 0xA96E, 0xA14D, 0xB16E, 0xB16F, 0x994C, 0x810B,
    0x912C, 0xA96E, 0xA96E, 0x994D, 0xA96E, 0xD1B1, 0xE1D3, 0xC9B0, 0xA96E, 0xB16F, 0xB98F, 0xA96E,
    0x912C, 0x994D, 0xC190, 0xD1B1, 0xB990, 0xB16F, 0xC1B0, 0xD1D2, 0xB98F, 0x912C, 0x912C, 0xA14D,
    0xA96E, 0x912C, 0x912C, 0xB16F, 0xD1B1, 0xC9B0, 0xB16E, 0xB16F, 0xC190, 0xB18F, 0x912C, 0x810A,
    0x994D, 0xB16F, 0xB16E, 0xA14D, 0xA96E, 0xC1B0, 0xC190, 0xA96E, 0x994D, 0xA96E, 0xB98F, 0xA14D,
    0x892B, 0x994D, 0xC190, 0xC9B1, 0xB98F, 0xB98F, 0xD1B1, 0xD1D2, 0xB16F, 0x912C, 0x912C, 0xA14D,
    0xA14D, 0x892C, 0x912C, 0xB16E, 0xC1B0, 0xB98F, 0xA96E, 0xB16F, 0xC9B0, 0xB990, 0x994D, 0x912C,
    0xB16E, 0xDC56, 0xC190, 0xB98F, 0xD1B2, 0xFA15, 0xF1F4, 0xC9B1, 0xB990, 0xD1B1, 0xD9D2, 0xB98F,
    0xA94E, 0xC190, 0xE9F4, 0xF1F4, 0xD1B2, 0xD1B2, 0xF1F4, 0xF1F4, 0xC190, 0xA14D, 0xA96E, 0xC190,
    0xC190, 0xA96E, 0xB98F, 0xE1D3, 0xA96E, 0xA14D, 0x892B, 0x892B, 0xA96E, 0xC9B1, 0xC190, 0xA96E,
    0xB18F, 0xC9B1, 0xC190, 0x994D, 0x912C, 0xA14D, 0xB98F, 0xA96E, 0xA14D, 0xB990, 0xE1F3, 0xE9F3,
    0xC9B0, 0xB98F, 0xC9B1, 0xD1B1, 0xB16E, 0x912C, 0xA96E, 0xC9B1, 0xD1B2, 0xC190, 0xC9B1, 0xF1F4,
    0xFA15, 0xD9D2, 0xB96F, 0xB98F, 0xC9B1, 0xB98F, 0xA14D, 0xA94E, 0xD1B1, 0xE1D3, 0xD1B1, 0xB98F,
    0xC9B1, 0xD9D2, 0xC190, 0x994D, 0x912C, 0xB16E, 0xB990, 0xB16E, 0xA96E, 0xC9B1, 0xE9F3, 0xD9D2,
    0xB98F, 0xA96E, 0xC190, 0xC190, 0xA14D, 0x912C, 0xA96E, 0xD1B1, 0xD1B1, 0xB990, 0xC9B0, 0xE1D3,
    0xD9D2, 0xB98F, 0x994D, 0xA14D, 0xB16F, 0xA14D, 0x912C, 0x994D, 0xC190, 0xD1B1, 0xC190, 0xB16F,
    0xC9B0, 0xD1B1, 0xB98F, 0x994D, 0xA14D, 0xC190, 0xD1B1, 0xC190, 0xC190, 0xE1D3, 0xFA15, 0xF1F4,
    0xC9B1, 0xC9B1, 0xD9D2, 0xD1B1, 0xA96E, 0xA14D, 0xC190, 0xE1D3, 0xD9D2, 0xC990, 0xD1B1, 0xE9F3,
    0xE1D3, 0xB98F, 0xA94E, 0xB16F, 0xC190, 0xA96E, 0x994C, 0xA96E, 0xD1B1, 0xD1B1, 0xB98F, 0xB16E,
    0xC190, 0xC190, 0xA14D, 0x892B, 0x912C, 0xD455, 0xB98F, 0xA96E, 0xB16F, 0xD1D2, 0xE1F3, 0xC9B1,
    0xA96E, 0xA96E, 0xB98F, 0xA96E, 0x892B, 0x892C, 0xB16E, 0xC9B0, 0xB98F, 0xB16E, 0xC190, 0xD1B1,
    0xB98F, 0x912C, 0x892B, 0x994D, 0xA16E, 0x994C, 0x892B, 0xA14D, 0xC190, 0xC190, 0xA16E, 0xA14D,
    0xA96E, 0xA96E, 0x892C, 0x790A, 0x892B, 0xA14D, 0xA96E, 0x994D, 0xA96E, 0xC9B0, 0xD1B1, 0xB18F,
    0xA14D, 0xA96E, 0xB98F, 0xA14E, 0x892B, 0x912C, 0xB16E, 0xB990, 0xA96E, 0xA14D, 0xB18F, 0xC1B0,
    0xA96E, 0x892B, 0x892B, 0x994D, 0xC434, 0x892B, 0x892B, 0xA96E, 0xC190, 0xB98F, 0xA14D, 0xA96E,
    0xB18F, 0xA96E, 0x892C, 0x810A, 0x914C, 0xB16E, 0xA96E, 0xA14D, 0xB16E, 0xD1B1, 0xD1B1, 0xB16E,
    0x994D, 0xA96E, 0xB18F, 0xCC34, 0x892C, 0xA14D, 0xC9B0, 0xD1B1, 0xC190, 0xB990, 0xD1B1, 0xD1B1,
    0xB16E, 0x912C, 0x912C, 0xA96E, 0xA96E, 0x912C, 0x994C, 0xB98F, 0xD1B1, 0xC1B0, 0xB16F, 0xB98F,
    0xC9B1, 0xB990, 0x994D, 0x912C, 0xB98F, 0xD1B2, 0xD1B1, 0xC190, 0xE1D3, 0xFA16, 0xFA15, 0xC9B1,
    0xB98F, 0xD1B1, 0xD9D2, 0xC190, 0xB16E, 0xC9B1, 0xF9F4, 0xFA14, 0xD9D2, 0xD9D2, 0xFA14, 0xFA14,
    0xC9B1, 0xA96E, 0xB16F, 0xC9B1, 0xC9B1, 0xB16F, 0xC190, 0xE9F4, 0xA14D, 0x994D, 0x810B, 0x810B,
    0xA14D, 0xB98F, 0xB18F, 0xA96E, 0xB18F, 0xC9B0, 0xB98F, 0x994C, 0x892B, 0x994D, 0xB16F, 0xCC35,
    0x994D, 0xB16F, 0xD1D2, 0xD1D1, 0xB98F, 0xB16E, 0xC190, 0xC1B0, 0xA96E, 0x912C, 0xA94E, 0xC9B1,
    0xD1B1, 0xC190, 0xC190, 0xE9F3, 0xFA14, 0xD9D2, 0xB16F, 0xB98F, 0xC9B1, 0xC190, 0xA14D, 0xA96E,
    0xD1B1, 0xE1D3, 0xC9B1, 0xB16F, 0xC190, 0xD1D2, 0xC190, 0xA14D, 0x994C, 0xB16E, 0xB98F, 0xA96E,
    0xA96E, 0xC9B0, 0xE9F3, 0xD9D2, 0xB98F, 0xB16E, 0xC190, 0xC190, 0xA94E, 0x992C, 0xB16F, 0xD1B1,
    0xD1B1, 0xC190, 0xC9B1, 0xE9F3, 0xE9F3, 0xC190, 0xA14E, 0xB16E, 0xC190, 0xB16E, 0x994D, 0xA14E,
    0xC1B0, 0xD1B1, 0xB98F, 0xB16E, 0xDC56, 0xD1D2, 0xB990, 0x994D, 0xA14D, 0xC9B1, 0xD9B2, 0xC190,
    0xC190, 0xE1D3, 0xFA15, 0xE1D3, 0xB990, 0xB98F, 0xD1B1, 0xC9B0, 0xA14D, 0x994D, 0xB990, 0xD9D2,
    0xD9D2, 0xC190, 0xD1B1, 0xF1F4, 0xE1D2, 0xB16F, 0x994D, 0xA96E, 0xB98F, 0xA96E, 0x994D, 0xB16E,
    0xD1D2, 0xD9D2, 0xB98F, 0xA96E, 0xB98F, 0xB18F, 0x994D, 0x810B, 0x912C, 0xA96E, 0xB18F, 0xA96E,
    0xB16F, 0xD9D2, 0xF1F4, 0xD9D2, 0xB98F, 0xB98F, 0xC9B0, 0xB16F, 0x912C, 0x912C, 0xB16F, 0xC9B1,
    0xB98F, 0xA96E, 0xB18F, 0xC1B0, 0xB18F, 0x912C, 0x810B, 0x994C, 0xA14D, 0x912C, 0x810B, 0x914C,
    0xA96E, 0xA96E, 0x994D, 0x994D, 0xA96E, 0xA96E, 0x912C, 0x790A, 0x892B, 0xA96E, 0xB16E, 0xA14D,
    0xA96E, 0xC1B0, 0xC9B1, 0xB16E, 0x994D, 0xA96E, 0xB98F, 0xA16E, 0x892B, 0x912C, 0xB18F, 0xC190,
    0xA96E, 0xA14D, 0xB98F, 0xC9B1, 0xB98F, 0x994C, 0x912C, 0xA14D, 0xA14D, 0xBC14, 0x912C, 0xB16E,
    0xC9B1, 0xC190, 0xA14D, 0xA14D, 0xB18F, 0xB16F, 0x912C, 0x892B, 0xA14D, 0xB98F, 0xB16F, 0xA14D,
    0xB16F, 0xD1B1, 0xD1B1, 0xB16F, 0xA14D, 0xB16E, 0xB98F, 0xA14D, 0x892B, 0x994D, 0xC190, 0xD1B1,
    0xC190, 0xB990, 0xD1B1, 0xD9D2, 0xB98F, 0x912C, 0x912C, 0xA14D, 0xA14D, 0x912C, 0x912C, 0xB98F,
    0xD1B1, 0xC9B0, 0xB16F, 0xB990, 0xC9B1, 0xC190, 0x994D, 0x912C, 0xB98F, 0xD1B1, 0xC9B1, 0xC190,
    0xE1D3, 0xFA36, 0xFA15, 0xD1B1, 0xB98F, 0xC9B1, 0xD1B1, 0xB96F, 0xA14D, 0xC190, 0xF1F4, 0xFA15,
    0xE1D2, 0xE1D2, 0xFA15, 0xFA15, 0xD1B1, 0xB16E, 0xB98F, 0xD1B1, 0xD1B1, 0xB98F, 0xC990, 0xF1F4,
    0xB16F, 0xA96E, 0x912C, 0x912C, 0xB16F, 0xD1B1, 0xC1B0, 0xB16F, 0xC190, 0xD1D2, 0xC9B1, 0xA14E,
    0x912C, 0xA96E, 0xB98F, 0xA96E, 0x994D, 0xB16F, 0xD1D2, 0xD9D2, 0xC190, 0xB98F, 0xC9B1, 0xD1B1,
    0xB16E, 0x912C, 0xA14D, 0xC1B0, 0xC9B1, 0xB98F, 0xC190, 0xD9D2, 0xE1D3, 0xC190, 0xA14D, 0xA96E,
    0xB98F, 0xA96E, 0x912C, 0x994D, 0xC190, 0xD9D2, 0xC190, 0xB16E, 0xB98F, 0xC9B1, 0xB990, 0x994D,
    0x912C, 0xA96E, 0xB98F, 0xA96E, 0xA14D, 0xB990, 0xD9D2, 0xD1B1, 0xB16E, 0xA96E, 0xB98F, 0xB98F,
    0xA14D, 0x912C, 0xA96E, 0xC9B1, 0xC9B1, 0xC190, 0xD1B1, 0xF1F4, 0xF1F4, 0xC190, 0xA14D, 0xA96E,
    0xB98F, 0xA96E, 0x912C, 0x994D, 0xC190, 0xD1D1, 0xC1B0, 0xB98F, 0xD1B1, 0xD9D2, 0xC190, 0x994D,
    0xA14D, 0xB990, 0xC9B1, 0xB96F, 0xB16F, 0xD9D2, 0xF1F4, 0xD9D2, 0xB98F, 0xB98F, 0xC1B0, 0xB98F,
    0x912C, 0x912C, 0xB16E, 0xD1B1, 0xC9B1, 0xB98F, 0xC190, 0xD9D2, 0xD9D2, 0xB16E, 0x994D, 0xB16E,
    0xDC56, 0xA96E, 0x994D, 0xB16E, 0xD1B1, 0xD1B1, 0xB98F, 0xD435, 0xC190, 0xC190, 0xA96E, 0x892B,
    0x994D, 0xB98F, 0xB98F, 0xA14E, 0xA96E, 0xD1B1, 0xE1F3, 0xD1B1, 0xB16F, 0xB98F, 0xC9B0, 0xB98F,
    0x994D, 0x994D, 0xC190, 0xD9D2, 0xC9B1, 0xB98F, 0xC9B1, 0xE1D2, 0xC9B1, 0xA14D, 0x912C, 0xA14D,
    0xA14D, 0x912C, 0x810B, 0x994D, 0xB18F, 0xB18F, 0x994D, 0x994C, 0xA96E, 0xA96E, 0x892B, 0x790A,
    0x892B, 0xA14D, 0xA14D, 0x912C, 0x994D, 0xB990, 0xC9B0, 0xA96E, 0x912C, 0x994D, 0xA14D, 0x912C,
    0x810A, 0x892B, 0xA96E, 0xB990, 0xA96E, 0xA14D, 0xB98F, 0xC9B1, 0xB98F, 0x994C, 0x912C, 0xB16E,
    0xB98F, 0xA14D, 0x994D, 0xB990, 0xD9D2, 0xC9B1, 0xB16E, 0xA96E, 0xB98F, 0xB18F, 0x912C, 0x810B,
    0x994D, 0xB16F, 0xB16E, 0xA14D, 0xB16F, 0xD1B1, 0xD1B1, 0xB16F, 0xA14D, 0xD435, 0xB18F, 0x994D,
    0x810B, 0x912C, 0xC190, 0xD1B1, 0xC190, 0xC190, 0xD9D2, 0xD9D2, 0xB98F, 0x994C, 0x994D, 0xB16E,
    0xB16E, 0x994D, 0xA14D, 0xC9B1, 0xE1D3, 0xD1B1, 0xB98F, 0xC190, 0xD1B1, 0xC190, 0x994D, 0x912C,
    0xB16F, 0xC9B1, 0xC190, 0xC190, 0xD9D2, 0xFA16, 0xFA15, 0xD1B1, 0xC190, 0xD1B1, 0xD9D2, 0xB98F,
    0xA94E, 0xC9B1, 0xFA15, 0xFA15, 0xE9D3, 0xE9D3, 0xFA16, 0xFA16, 0xD9D2, 0xB96F, 0xC990, 0xE1D3,
    0xD9D2, 0xC190, 0xC9B1, 0xFA14, 0xB990, 0xB98F, 0x994D, 0x994D, 0xB98F, 0xD9D2, 0xC9B1, 0xB98F,
    0xC190, 0xD9D2, 0xC9B1, 0xA14D, 0x912C, 0xA96E, 0xC190, 0xB16F, 0xA14D, 0xB990, 0xE1D2, 0xD9D2,
    0xC190, 0xB16F, 0xC9B0, 0xC9B1, 0xA96E, 0x912C, 0xA14D, 0xC190, 0xC190, 0xA96E, 0xB16E, 0xC9B1,
    0xD1D2, 0xB98F, 0x994D, 0x994D, 0xA96E, 0xA14D, 0x892C, 0x912C, 0xB98F, 0xD1B1, 0xC190, 0xB16F,
    0xC190, 0xC9B1, 0xB16F, 0x892B, 0x810B, 0x994D, 0xA96E, 0x994D, 0x994D, 0xB98F, 0xD9D2, 0xC9B1,
    0xA96E, 0xA14D, 0xB18F, 0xB18F, 0x994D, 0x892B, 0xA96E, 0xD1B1, 0xD1B2, 0xC190, 0xC9B1, 0xE1F3,
    0xE1D3, 0xC190, 0xA96E, 0xB98F, 0xDC56, 0xB16F, 0x994D, 0xA14D, 0xC9B1, 0xD9D2, 0xC1B0, 0xB98F,
    0xD1B1, 0xD9D2, 0xC190, 0x994D, 0x994D, 0xB98F, 0xC190, 0xB16E, 0xB16E, 0xD1B1, 0xE1F3, 0xD1B1,
    0xA96E, 0xA96E, 0xB16F, 0xA96E, 0x892B, 0x810B, 0xA14D, 0xC190, 0xB990, 0xB16E, 0xC190, 0xD9D2,
    0xD1B1, 0xA96E, 0x912C, 0xA96E, 0xB16F, 0xA14E, 0x992C, 0xA96E, 0xD1B1, 0xD1D1, 0xB98F, 0xB16E,
    0xB98F, 0xB990, 0xA96E, 0x912C, 0x994D, 0xC190, 0xC190, 0xB16E, 0xB16F, 0xD9D2, 0xF1F4, 0xD9D2,
    0xC190, 0xC190, 0xD1B1, 0xC190, 0xA14D, 0x994D, 0xC190, 0xD9D2, 0xD1B1, 0xC190, 0xD9D2, 0xE9F4,
    0xD9D2, 0xA96E, 0x994D, 0xA96E, 0xB16E, 0x994D, 0x912C, 0xA96E, 0xC9B1, 0xC9B0, 0xA96E, 0xA14D,
    0xA96E, 0xA16E, 0x810B, 0x68E9, 0x790A, 0x912C, 0x914C, 0x892C, 0x914C, 0xB16E, 0xB18F, 0x994D,
    0x892B, 0x912C, 0xA14D, 0x912C, 0x790A, 0x810B, 0xA96E, 0xB98F, 0xA96E, 0xA16E, 0xC190, 0xD9D2,
    0xC9B0, 0xA14D, 0x994D, 0xB16F, 0xB16F, 0xA14D, 0x994D, 0xB990, 0xD9D2, 0xC9B1, 0xB16F, 0xB16E,
    0xC190, 0xB98F, 0x912C, 0x810B, 0x994D, 0xA96E, 0xA14D, 0x914C, 0xA14D, 0xC190, 0xC190, 0xA96E,
    0x994D, 0xA96E, 0xB16F, 0x994D, 0x810B, 0x912C, 0xB98F, 0xC1B0, 0xB18F, 0xB16F, 0xC9B1, 0xD1D2,
    0xB98F, 0x994C, 0x994D, 0xB16F, 0xB16F, 0xA14D, 0xA14D, 0xC9B1, 0xE1D3, 0xD1B1, 0xB98F, 0xC190,
    0xD1B1, 0xC190, 0xA14D, 0x912C, 0xB16F, 0xC9B0, 0xB990, 0xB16F, 0xD1B1, 0xF1F4, 0xE9F3, 0xC190,
    0xB96F, 0xC9B0, 0xC9B1, 0xB16E, 0x994D, 0xC190, 0xF1F4, 0xFA14, 0xE1D2, 0xD9D2, 0xFA15, 0xFA15,
    0xD1B1, 0xB16F, 0xC190, 0xD9D2, 0xD9B2, 0xC190, 0xD1B1, 0xFA15, 0xC190, 0xB990, 0xA14D, 0xA14D,
    0xC9B1, 0xE9F3, 0xD9D2, 0xC190, 0xC190, 0xD9D2, 0xC9B1, 0xA14D, 0x912C, 0xA96E, 0xB990, 0xB16E,
    0xA14E, 0xC190, 0xE1F3, 0xE9F3, 0xC1B0, 0xB98F, 0xC9B0, 0xC9B0, 0xA96E, 0x892B, 0x994D, 0xB98F,
    0xB98F, 0xA96E, 0xA96E, 0xC9B1, 0xD9D2, 0xB990, 0x994D, 0x994D, 0xA96E, 0x994D, 0x892B, 0x912C,
    0xB98F, 0xC9B1, 0xB98F, 0xA96E, 0xB16F, 0xC190, 0xB16E, 0x892B, 0x810B, 0x994D, 0xA96E, 0x994D,
    0x912C, 0xA96E, 0xC9B0, 0xC190, 0xA16E, 0xA14D, 0xB18F, 0xB18F, 0x994D, 0x892B, 0xA14D, 0xC190,
    0xC190, 0xB16F, 0xC190, 0xD9D2, 0xE1D2, 0xC190, 0xA96E, 0xB16F, 0xC9B0, 0xB98F, 0xA14D, 0xB16F,
    0xD9D2, 0xE1D3, 0xC9B1, 0xB990, 0xC9B1, 0xD9D2, 0xB98F, 0x994D, 0x994D, 0xB98F, 0xC190, 0xB16E,
    0xA96E, 0xC9B0, 0xD9D2, 0xC9B1, 0xA96E, 0xA96E, 0xB18F, 0xA96E, 0x892B, 0x790A, 0x994C, 0xB16E,
    0xA96E, 0xA16E, 0xB98F, 0xD9D2, 0xD1B1, 0xA96E, 0x994C, 0xA96E, 0xB16F, 0xA14D, 0x912C, 0xA14E,
    0xC9B1, 0xC9B1, 0xB98F, 0xB16E, 0xC1B0, 0xC9B1, 0xB16E, 0x912C, 0xA14D, 0xC190, 0xC190, 0xB16F,
    0xB98F, 0xE9F3, 0xFA15, 0xE9F3, 0xC9B1, 0xC9B1, 0xD9D2, 0xC190, 0xA14D, 0xA14D, 0xC190, 0xD9D2,
    0xD1B1, 0xC190, 0xD9D2, 0xF1F4, 0xD9D2, 0xB16F, 0xA14D, 0xB16F, 0xB98F, 0xA14D, 0x912C, 0xA96E,
    0xC9B1, 0xC9B0, 0xA96E, 0xA14D, 0xB16F, 0xA96E, 0x892B, 0x70E9, 0x810B, 0x994D, 0x994D, 0x912C,
    0x994D, 0xB98F, 0xC190, 0xA96E, 0x912C, 0x994D, 0xA96E, 0x994D, 0x892B, 0x912C, 0xB98F, 0xC9B1,
    0xB98F, 0xA96E, 0xC190, 0xD1D2, 0xC190, 0x994D, 0x994D, 0xB18F, 0xB990, 0xA14E, 0xA14D, 0xC190,
    0xE1D2, 0xD1B1, 0xB16F, 0xB16E, 0xC190, 0xB98F, 0x912C, 0x890B, 0x994D, 0xB98F, 0xB16F, 0xA14D,
    0xB16F, 0xC9B1, 0xC9B1, 0xA96E, 0x994D, 0xA96E, 0xB16F, 0x994D, 0x892B, 0x994D, 0xC190, 0xD1B1,
    0xC190, 0xB990, 0xD1D2, 0xD9D2, 0xB990, 0x994C, 0x994C, 0xA96E, 0xB16E, 0x994D, 0xA14D, 0xC9B1,
    0xE9F3, 0xD9D2, 0xC190, 0xC190, 0xD1B2, 0xC190, 0x994D, 0x912C, 0xB16F, 0xC9B1, 0xC190, 0xB98F,
    0xE476, 0xF1F4, 0xF478, 0xC9B0, 0xB98F, 0xC9B1, 0xC9B1, 0xB16E, 0x994D, 0xB98F, 0xE9F3, 0xF498,
    0xD9D2, 0xE1D2, 0xFA15, 0xFA15, 0xD9D2, 0xB16F, 0xC190, 0xE1D2, 0xD9D2, 0xC190, 0xD1B1, 0xFA15,
    0xC190, 0xB990, 0xA14D, 0x994D, 0xC190, 0xE1D2, 0xD1D2, 0xC190, 0xC9B1, 0xE1D3, 0xD1B1, 0xA96E,
    0x994C, 0xB16E, 0xC190, 0xB16F, 0xA94E, 0xC190, 0xE1D3, 0xE1D3, 0xC190, 0xB16F, 0xC1B0, 0xC9B0,
    0xA96E, 0x912C, 0x994D, 0xB98F, 0xB990, 0xA96E, 0xB16E, 0xC9B1, 0xD9D2, 0xB98F, 0x994D, 0x994C,
    0xA14D, 0x994D, 0x810B, 0xBC13, 0xA96E, 0xB98F, 0xA96E, 0x994D, 0xA16E, 0xB18F, 0xA16E, 0x892B,
    0x810B, 0x994C, 0xA14D, 0x994C, 0x912C, 0xB16E, 0xC9B1, 0xC9B1, 0xB16E, 0xA96E, 0xB990, 0xB98F,
    0x994D, 0x892B, 0xA14D, 0xC190, 0xC190, 0xB16F, 0xC190, 0xE1D2, 0xE1F3, 0xC190, 0xA14E, 0xB16F,
    0xC190, 0xB16F, 0x994D, 0xA96E, 0xD1B1, 0xE1D2, 0xC9B1, 0xB98F, 0xC9B0, 0xD1B1, 0xB16F, 0x912C,
    0x912C, 0xB16E, 0xB98F, 0xA96E, 0xA96E, 0xC9B0, 0xE1D2, 0xC9B1, 0xA96E, 0xA96E, 0xB98F, 0xB16E,
    0x912C, 0x810B, 0xA14D, 0xB98F, 0xB18F, 0xA96E, 0xB98F, 0xD1B1, 0xC9B1, 0xA96E, 0x912C, 0xA14D,
    0xB16E, 0xA14D, 0x912C, 0xA16E, 0xC9B1, 0xD1B1, 0xB98F, 0xB16F, 0xDC56, 0xD1B1, 0xB16F, 0x912C,
    0xA14D, 0xC190, 0xC9B0, 0xB16F, 0xC190, 0xE9F3, 0xFA15, 0xE1D3, 0xC190, 0xC9B1, 0xD9D2, 0xD1B1,
    0xA96E, 0xA14E, 0xC9B1, 0xE1D3, 0xD9D2, 0xC9B1, 0xE1D2, 0xF214, 0xE1D2, 0xB16F, 0xA14D, 0xB16F,
    0xB98F, 0xA14D, 0x912C, 0xB16F, 0xD1B1, 0xD1B1, 0xB16F, 0xA96E, 0xB16F, 0xB16F, 0x994C, 0x810B,
    0x912C, 0xB16E, 0xB16E, 0xA14D, 0xA96E, 0xC9B0, 0xC9B1, 0xB16F, 0x994D, 0xA96E, 0xB18F, 0xA96E,
    0x912C, 0x994D, 0xC190, 0xC9B1, 0xB98F, 0xB16E, 0xC9B0, 0xD9D2, 0xC9B0, 0xA14D, 0x994D, 0xB16E,
    0xB16E, 0x994D, 0x994D, 0xB98F, 0xD9D2, 0xD1B1, 0xB98F, 0xB98F, 0xC9B0, 0xB98F, 0x912C, 0x810B,
    0xA14D, 0xB98F, 0xB98F, 0xA96E, 0xB98F, 0xD9D2, 0xD9D2, 0xB18F, 0xA14D, 0xB16E, 0xB98F, 0xA14D,
    0x892C, 0xA14D, 0xC9B1, 0xD9D2, 0xC9B1, 0xC190, 0xD9D2, 0xD9D2, 0xB98F, 0x912C, 0x912C, 0xA96E,
    0xA96E, 0x912C, 0x994D, 0xB990, 0xD9D2, 0xC9B1, 0xB16F, 0xB98F, 0xD1B1, 0xC190, 0x994D, 0x992C,
    0xB98F, 0xD1B1, 0xC9B1, 0xB990, 0xD9D2, 0xFA14, 0xF1F4, 0xC9B0, 0xB98F, 0xC9B1, 0xD1B1, 0xB16F,
    0xA14D, 0xC190, 0xF1F4, 0xFA15, 0xE1D3, 0xE1D3, 0xFA15, 0xFA16, 0xD9D2, 0xB96F, 0xC990, 0xE1D3,
    0xD9D2, 0xC190, 0xD1B1, 0xFA15, 0xC9B1, 0xC190, 0xA14D, 0xA14D, 0xC190, 0xD9D2, 0xD9D2, 0xDC56,
    0xD1B1, 0xE9F3, 0xD9D2, 0xA96E, 0x994D, 0xB16E, 0xC190, 0xB16F, 0xA96E, 0xC190, 0xE1F3, 0xE1F3,
    0xC9B1, 0xB990, 0xD1B1, 0xD1B1, 0xA96E, 0x912C, 0xC434, 0xB990, 0xC190, 0xB16F, 0xB18F, 0xD1B1,
    0xD9D2, 0xB98F, 0x994C, 0x994D, 0xA96E, 0x994D, 0x810B, 0x892B, 0xA16E, 0xB16F, 0xA14D, 0x912C,
    0x994D, 0xA96E, 0xA14D, 0x892B, 0x810A, 0x912C, 0xA14D, 0x912C, 0x912C, 0xB18F, 0xD9D2, 0xD9D2,
    0xB990, 0xB98F, 0xC9B1, 0xC190, 0xA14D, 0x892B, 0xA14D, 0xC190, 0xC190, 0xB16F, 0xB990, 0xE1D2,
    0xE1F3, 0xC190, 0xA14D, 0xA96E, 0xB98F, 0xB16E, 0x994D, 0xA96E, 0xD1B1, 0xE1D3, 0xC9B1, 0xB98F,
    0xC9B1, 0xD1B1, 0xB16F, 0x912C, 0x912C, 0xB16E, 0xB98F, 0xA14D, 0xA14D, 0xB990, 0xD9D2, 0xC9B1,
    0xA96E, 0xA96E, 0xB98F, 0xB16E, 0x892C, 0x892B, 0xA96E, 0xC190, 0xB990, 0xA96E, 0xB18F, 0xC9B1,
    0xC190, 0x994D, 0x892B, 0x914C, 0xA14D, 0x994D, 0x892C, 0xA14D, 0xC9B1, 0xD9D2, 0xC190, 0xB98F,
    0xD1B1, 0xD1D2, 0xB98F, 0x994D, 0xA96E, 0xD1B1, 0xD1B1, 0xB990, 0xC190, 0xE9F4, 0xFA15, 0xE9F3,
    0xC990, 0xC9B1, 0xD9D2, 0xC9B1, 0xA96E, 0xA94E, 0xC9B1, 0xE9F3, 0xE1D2, 0xD1B2, 0xE9F3, 0xFA15,
    0xE9F3, 0xB16F, 0xA14D, 0xB16F, 0xB16F, 0x994D, 0x912C, 0xA96E, 0xC190, 0xC1B0, 0xA96E, 0xA96E,
    0xB990, 0xC190, 0xA14D, 0x892B, 0x994D, 0xDC56, 0xB990, 0xB16E, 0xB98F, 0xE1D2, 0xE9F3, 0xC9B1,
    0xB16F, 0xB98F, 0xC9B1, 0xB16F, 0x994D, 0xA14D, 0xC9B0, 0xD9D2, 0xC1B0, 0xB98F, 0xD1B1, 0xE1D3,
    0xC9B1, 0xA14D, 0x994D, 0xB16F, 0xB16F, 0xA14D, 0x994D, 0xB990, 0xD9D2, 0xD9D2, 0xC190, 0xC190,
    0xD1B1, 0xC9B0, 0xA14D, 0x892C, 0xA14E, 0xC190, 0xB98F, 0xA96E, 0xC190, 0xE1D3, 0xE1F3, 0xC190,
    0xA96E, 0xB98F, 0xC190, 0xA96E, 0x912C, 0xA14D, 0xC9B0, 0xD9D2, 0xC190, 0xC190, 0xD1D2, 0xD9D2,
    0xB98F, 0x912C, 0x912C, 0xA96E, 0xA96E, 0x994C, 0x994D, 0xC190, 0xD1D2, 0xC1B0, 0xB16E, 0xB98F,
    0xD1B1, 0xC9B0, 0xA14D, 0x994D, 0xB98F, 0xD1B1, 0xC9B0, 0xC190, 0xD9D2, 0xFA15, 0xF1F4, 0xC9B1,
    0xB98F, 0xC9B1, 0xD1B2, 0xB98F, 0xA94E, 0xC190, 0xF1F4, 0xF1F4, 0xE1D2, 0xE1D3, 0xFA15, 0xFA16,
    0xE1D2, 0xB990, 0xC9B1, 0xE9F3, 0xE1D3, 0xC991, 0xD9B2, 0xFA16, 0xB98F, 0xB16F, 0x994C, 0x994C,
    0xB990, 0xD9D2, 0xC9B1, 0xB98F, 0xC190, 0xD1B1, 0xC9B0, 0xA14D, 0x912C, 0xA14D, 0xB16F, 0xA14D,
    0x994D, 0xB98F, 0xE1D2, 0xE1D3, 0xC190, 0xB16F, 0xC190, 0xC190, 0xA96E, 0x892C, 0x994D, 0xB990,
    0xC190, 0xB16E, 0xB16F, 0xD1B1, 0xD9D2, 0xB98F, 0x994D, 0xA14D, 0xB16E, 0xA14D, 0x892B, 0x892B,
    0xA96E, 0xB18F, 0xA14D, 0x912C, 0x994D, 0xA96E, 0x994D, 0x790A, 0x790A, 0x914C, 0xA96E, 0x994D,
    0x994C, 0xB18F, 0xD1D2, 0xC9B1, 0xB16E, 0xA96E, 0xB98F, 0xB98F, 0x994D, 0x892B, 0xA14D, 0xC9B1,
    0xC9B1, 0xC190, 0xD1B1, 0xF1F4, 0xFA15, 0xD1B1, 0xB16F, 0xB990, 0xC9B1, 0xB98F, 0xA14D, 0xB16F,
    0xE1D2, 0xE9F4, 0xD1B2, 0xC190, 0xD1B1, 0xD9D2, 0xB98F, 0x912C, 0x912C, 0xB16F, 0xB18F, 0xA14D,
    0x994D, 0xB18F, 0xC9B1, 0xC190, 0xA16E, 0xA14D, 0xA96E, 0x994D, 0x790A, 0x790A, 0x912C, 0xA96E,
    0xA96E, 0x994D, 0xA96E, 0xC190, 0xB98F, 0x994D, 0x810B, 0x912C, 0xA14D, 0x912C, 0x810B, 0xA14D,
    0xC9B1, 0xD9D2, 0xC190, 0xB990, 0xD1B2, 0xD9D2, 0xB990, 0xA14D, 0xA96E, 0xD1B1, 0xD1B1, 0xC190,
    0xC9B1, 0xF1F4, 0xFA36, 0xE9F4, 0xC9B1, 0xC9B1, 0xD9D2, 0xC9B1, 0xA96E, 0xA96E, 0xD9B2, 0xF1F4,
    0xE1D3, 0xD9B2, 0xE9F3, 0xFA15, 0xE9F3, 0xB98F, 0xA94E, 0xB98F, 0xB98F, 0xA14D, 0x912C, 0xA96E,
    0xC9B1, 0xC9B1, 0xB18F, 0xB16F, 0xC9B1, 0xC9B0, 0xA14D, 0x892B, 0x994C, 0xB16F, 0xB16E, 0x994D,
    0xA96E, 0xC9B1, 0xD9D2, 0xC190, 0xA96E, 0xB16F, 0xC190, 0xB16E, 0x912C, 0x994C, 0xB98F, 0xD1B1,
    0xC190, 0xB98F, 0xC9B1, 0xD9D2, 0xB990, 0x994C, 0x912C, 0xA96E, 0xA96E, 0x994D, 0xA14D, 0xC1B0,
    0xE9F3, 0xE1D2, 0xC190, 0xC190, 0xD9D2, 0xC9B1, 0xA14D, 0x912C, 0xA96E, 0xC190, 0xB98F, 0xA96E,
    0xC190, 0xE1D2, 0xE1D3, 0xB990, 0xA96E, 0xB98F, 0xC190, 0xA96E, 0x912C, 0xA14D, 0xC9B1, 0xD1D2,
    0xC190, 0xB98F, 0xD1B1, 0xD9D2, 0xB98F, 0x912C, 0x994C, 0xB16E, 0xB16E, 0x994D, 0xA14D, 0xC190,
    0xD9D2, 0xD1B1, 0xB98F, 0xC190, 0xD1B1, 0xC190, 0x994D, 0x912C, 0xB16F, 0xC9B1, 0xC190, 0xB98F,
    0xD1B1, 0xF1F4, 0xF1F4, 0xC9B1, 0xB990, 0xD1B1, 0xD1B2, 0xB96F, 0xA14D, 0xC190, 0xE9F3, 0xF1F4,
    0xD9D2, 0xD9D2, 0xFA15, 0xFA16, 0xD9D2, 0xB96F, 0xC190, 0xE1D3, 0xD9D2, 0xC190, 0xD1B1, 0xFA15,
    0xA96E, 0xA14D, 0x912C, 0x912C, 0xB18F, 0xD1B1, 0xC190, 0xA96E, 0xB16F, 0xC1B0, 0xB98F, 0x912C,
    0x892B, 0x994D, 0xB16F, 0xA96E, 0x994D, 0xB16F, 0xD1D1, 0xD1B1, 0xB16F, 0xA96E, 0xB18F, 0xB98F,
    0xA14D, 0x892B, 0x994D, 0xB98F, 0xB98F, 0xA96E, 0xA96E, 0xC1B0, 0xC9B1, 0xB16E, 0x994D, 0xA14D,
    0xB16F, 0xA96E, 0x892B, 0x912C, 0xA96E, 0xB98F, 0xA16E, 0x912C, 0xA14D, 0xB16F, 0xA16E, 0x892B,
    0x810B, 0x994D, 0xA16E, 0x994C, 0x912C, 0xA96E, 0xC9B0, 0xC1B0, 0xA96E, 0xA96E, 0xC190, 0xC190,
    0xA14D, 0x912C, 0xB16E, 0xD9D2, 0xD9D2, 0xC9B1, 0xD9D2, 0xFA15, 0xFA15, 0xD9D2, 0xB990, 0xC9B1,
    0xD9D2, 0xC990, 0xA96E, 0xB98F, 0xE1D3, 0xF1F4, 0xD9D2, 0xC190, 0xD1B1, 0xD9D2, 0xB98F, 0xC414,
    0x912C, 0xB16E, 0xB16F, 0xA14D, 0x994D, 0xB18F, 0xC9B1, 0xB98F, 0xA14D, 0xC434, 0xA96E, 0x994D,
    0x810A, 0x70E9, 0x892B, 0x994D, 0x914C, 0x892C, 0x994D, 0xB16F, 0xB18F, 0x994D, 0x912C, 0xA14D,
    0xA96E, 0x994D, 0x892B, 0xA14E, 0xD1B1, 0xD9D2, 0xC9B0, 0xB990, 0xD1B1, 0xD1B2, 0xB98F, 0x994D,
    0xA96E, 0xC9B1, 0xD1B1, 0xB990, 0xC190, 0xF1F4, 0xFA36, 0xF9F4, 0xD9B2, 0xD9D2, 0xE9F3, 0xD9D2,
    0xB16F, 0xA96E, 0xD1B1, 0xE9F4, 0xEC77, 0xD1B1, 0xE9D3, 0xFA15, 0xE9F3, 0xB98F, 0xA96E, 0xC190,
    0xC9B0, 0xB16E, 0xA14D, 0xB98F, 0xD1B1, 0xD1B1, 0xB16F, 0xB16E, 0xC190, 0xB990, 0x994D, 0x810B,
    0x912C, 0xA96E, 0xA96E, 0x994D, 0xA16E, 0xC9B0, 0xD1B1, 0xB18F, 0x994D, 0xA14D, 0xA96E, 0x994D,
    0x890B, 0x912C, 0xB98F, 0xC9B1, 0xB98F, 0xB18F, 0xC9B1, 0xD9D2, 0xB990, 0x994C, 0x912C, 0xA96E,
    0xA96E, 0x994D, 0x994C, 0xB98F, 0xD9D2, 0xD9D2, 0xC190, 0xC190, 0xE477, 0xC9B1, 0xA14D, 0x912C,
    0xA96E, 0xC190, 0xB990, 0xA96E, 0xB990, 0xD9D2, 0xD9D2, 0xB16F, 0xA14D, 0xA96E, 0xB98F, 0xA14E,
    0x912C, 0xA14D, 0xC9B1, 0xD1B1, 0xB98F, 0xB18F, 0xD1B1, 0xD9D2, 0xB990, 0x994D, 0x994D, 0xB16F,
    0xB16F, 0x994D, 0xA14D, 0xC9B1, 0xE9F3, 0xD9D2, 0xC190, 0xC9B1, 0xD9D2, 0xC9B1, 0xA14D, 0x994D,
    0xC190, 0xD9D2, 0xD1B1, 0xC190, 0xD1B1, 0xF1F4, 0xE9F3, 0xC9B0, 0xB98F, 0xC9B1, 0xC9B1, 0xB16E,
    0x994D, 0xB16F, 0xE1D2, 0xE1D3, 0xD1B1, 0xE476, 0xE9F3, 0xF1F4, 0xC9B1, 0xB16E, 0xB990, 0xD9D2,
    0xD1B2, 0xC190, 0xC9B1, 0xFA15, 0xB98F, 0xB16F, 0x912C, 0x912C, 0xB16F, 0xC9B1, 0xC190, 0xA96E,
    0xB18F, 0xC9B0, 0xB98F, 0x912C, 0x810B, 0x994C, 0xA96E, 0x994D, 0x912C, 0xA96E, 0xC9B1, 0xC9B1,
    0xB16E, 0xA96E, 0xB98F, 0xB98F, 0x994D, 0x810B, 0x912C, 0xB16E, 0xB16F, 0xA14D, 0xA96E, 0xC1B0,
    0xD1B1, 0xB18F, 0x994D, 0xA14D, 0xB16F, 0xA14D, 0x892B, 0x892C, 0xA96E, 0xB98F, 0xA96E, 0x994D,
    0xA96E, 0xB98F, 0xA96E, 0x892B, 0x810B, 0x994D, 0xA14D, 0x912C, 0x912C, 0xA96E, 0xC1B0, 0xC190,
    0xA96E, 0xA96E, 0xC190, 0xC190, 0xA96E, 0x994D, 0xB16F, 0xD9D2, 0xD1B2, 0xC190, 0xD1B1, 0xF1F4,
    0xFA14, 0xD1B1, 0xB16F, 0xC190, 0xD1B2, 0xC190, 0xA94E, 0xB16F, 0xE1D3, 0xF1F4, 0xD9D2, 0xC9B0,
    0xD1B1, 0xD1D2, 0xB16F, 0x912C, 0x912C, 0xB16F, 0xB98F, 0xA14D, 0x994D, 0xB16E, 0xC190, 0xB16F,
    0x994C, 0x914C, 0xCC35, 0xA14D, 0x810B, 0x70EA, 0x892B, 0x994D, 0x994D, 0x912C, 0xA14D, 0xB98F,
    0xB18F, 0x994C, 0x892B, 0x994D, 0xA96E, 0x994D, 0x912C, 0xA96E, 0xD1B1, 0xD9D2, 0xC9B0, 0xC190,
    0xD9D2, 0xE1D3, 0xC190, 0xA14D, 0xB16E, 0xD1B1, 0xD1B1, 0xB98F, 0xC190, 0xE9F3, 0xFA16, 0xE9F4,
    0xC9B1, 0xD1B1, 0xE1D2, 0xC9B1, 0xA96E, 0xA96E, 0xD1B2, 0xF1F4, 0xE1D3, 0xD1B1, 0xE9F3, 0xFA15,
    0xE9F4, 0xC190, 0xB16E, 0xC190, 0xC190, 0xA96E, 0x994D, 0xB16F, 0xD1D2, 0xD1B1, 0xB98F, 0xB18F,
    0xC9B1, 0xC1B0, 0xA14D, 0x890B, 0x912C, 0xB16F, 0xB16E, 0xA14D, 0xA96E, 0xC9B1, 0xD9D2, 0xB98F,
    0xA14D, 0xA14D, 0xB16E, 0x994D, 0x810B, 0x892C, 0xB16F, 0xC190, 0xB16F, 0xA96E, 0xB98F, 0xC9B1,
    0xB16F, 0x912C, 0x892C, 0xA14D, 0xA96E, 0x994D, 0x994D, 0xC190, 0xE1F3, 0xE1D2, 0xC9B0, 0xC9B1,
    0xD9D2, 0xD1B1, 0xA14E, 0x912C, 0xA96E, 0xC190, 0xB98F, 0xA96E, 0xB16F, 0xD1B1, 0xC9B1, 0xA96E,
    0x994D, 0xA96E, 0xB18F, 0xA14D, 0x912C, 0xA14D, 0xC190, 0xC1B0, 0xB16E, 0xA96E, 0xC9B0, 0xD1D2,
    0xB98F, 0x912C, 0x994C, 0xA96E, 0xA96E, 0x994D, 0xA14D, 0xDC56, 0xE1D3, 0xD1B1, 0xB98F, 0xC190,
    0xD1B2, 0xC190, 0xA14D, 0x994D, 0xC190, 0xD9D2, 0xD1B1, 0xC190, 0xD9D2, 0xFA15, 0xE9F3, 0xC190,
    0xA96E, 0xB98F, 0xC190, 0xA94E, 0x912C, 0xB16F, 0xD9D2, 0xE1D3, 0xD1B1, 0xD1B1, 0xE9F4, 0xF1F4,
    0xC9B1, 0xA96E, 0xB16F, 0xD1B1, 0xC9B1, 0xB16F, 0xC190, 0xF1F4, 0xB16E, 0xA96E, 0x912C, 0x912C,
    0xB16F, 0xC9B1, 0xC190, 0xB16F, 0xB98F, 0xD1B1, 0xC190, 0x994D, 0x892B, 0xA14D, 0xB16E, 0xA14D,
    0x994D, 0xB16F, 0xD9D2, 0xD9D2, 0xB98F, 0xA96E, 0xB98F, 0xB98F, 0xA14D, 0x892C, 0xA14D, 0xC190,
    0xC9B1, 0xD456, 0xC190, 0xE1D2, 0xE9F4, 0xC9B1, 0xA96E, 0xB16E, 0xC190, 0xB16E, 0x912C, 0x912C,
    0xB98F, 0xC9B1, 0xB990, 0xB16E, 0xB98F, 0xC9B0, 0xB16E, 0x892B, 0x890B, 0xA14D, 0xB16F, 0xA14D,
    0x994D, 0xB16F, 0xC9B1, 0xC190, 0xA96E, 0xA16E, 0xB98F, 0xC190, 0xA96E, 0x994D, 0xB98F, 0xE1D2,
    0xE1D2, 0xD1B1, 0xD9D2, 0xFA15, 0xFA15, 0xE477, 0xB96F, 0xC190, 0xD1B1, 0xC190, 0xA14D, 0xB16E,
    0xD9D2, 0xE9F3, 0xD1B1, 0xC190, 0xD1B1, 0xD9D2, 0xB98F, 0x912C, 0x912C, 0xA96E, 0xB16E, 0x994D,
    0x994D, 0xB18F, 0xC9B1, 0xB990, 0xA14D, 0x994D, 0xA96E, 0xA14D, 0x810A, 0x70EA, 0x892C, 0xA14D,
    0x994D, 0x912C, 0xA14D, 0xB98F, 0xB98F, 0x994D, 0x892B, 0x994D, 0xA96E, 0x994D, 0x912C, 0xA96E,
    0xC9B1, 0xD9D2, 0xC190, 0xB98F, 0xD1B1, 0xD9D2, 0xB990, 0xA14D, 0xA96E, 0xD1B1, 0xD9B2, 0xC190,
    0xC9B1, 0xF1F4, 0xFA16, 0xE1D3, 0xC190, 0xC990, 0xD9D2, 0xC990, 0xA14D, 0xA14E, 0xC9B1, 0xE9F3,
    0xD9D2, 0xC9B1, 0xE1D3, 0xFA14, 0xE1D2, 0xB16F, 0xA14D, 0xB16F, 0xB990, 0xA96E, 0x994D, 0xB16F,
    0xD1D2, 0xD1B1, 0xB98F, 0xB98F, 0xC9B1, 0xC9B1, 0xA14D, 0x892B, 0x994D, 0xB16F, 0xB16F, 0xA14D,
    0xA96E, 0xC9B1, 0xD1B1, 0xB16F, 0x994D, 0xA96E, 0xB16F, 0xA14D, 0x810B, 0x892B, 0xA96E, 0xC190,
    0xB18F, 0xB16F, 0xC9B0, 0xD1B1, 0xB98F, 0x994C, 0x912C, 0xB16E, 0xB98F, 0xA14D, 0xA14D, 0xC190,
    0xE1D3, 0xD9D2, 0xC190, 0xC190, 0xD1B1, 0xC1B0, 0x994D, 0x892B, 0xA14D, 0xC190, 0xB990, 0xA96E,
    0xB98F, 0xD9D2, 0xD1D1, 0xB16E, 0x994D, 0xA96E, 0xB16F, 0x994D, 0xBC13, 0x994D, 0xB98F, 0xC190,
    0xA96E, 0xA96E, 0xC190, 0xD1B1, 0xB16F, 0x912C, 0x994C, 0xB16E, 0xA96E, 0x994C, 0x994D, 0xB98F,
    0xD1D2, 0xC9B1, 0xB16F, 0xB98F, 0xC9B1, 0xC190, 0x994D, 0x912C, 0xB16F, 0xC9B0, 0xC190, 0xB18F,
    0xD1B1, 0xF1F4, 0xE9F3, 0xC190, 0xA96E, 0xB990, 0xC190, 0xA96E, 0x992C, 0xB16F, 0xD9D2, 0xE1D3,
    0xD1B1, 0xD1B1, 0xF1F4, 0xFA14, 0xD1B1, 0xB16E, 0xB98F, 0xD1B2, 0xC9B1, 0xB16F, 0xB98F, 0xE1D3,
    0xC190, 0xB98F, 0x994D, 0x994C, 0xD455, 0xD1B1, 0xC1B0, 0xB16F, 0xB98F, 0xD1B1, 0xC1B0, 0xA14D,
    0x912C, 0xA96E, 0xB98F, 0xA96E, 0xA14D, 0xB98F, 0xE1D2, 0xE1D2, 0xC190, 0xB16F, 0xC190, 0xC9B1,
    0xA96E, 0x912C, 0xA94E, 0xC9B0, 0xC9B1, 0xB16F, 0xB98F, 0xD9D2, 0xE9F3, 0xC9B1, 0xB16E, 0xB16F,
    0xC9B1, 0xB98F, 0x994D, 0xA14D, 0xC190, 0xD9D2, 0xC9B1, 0xB98F, 0xC9B1, 0xD1D2, 0xB990, 0x912C,
    0x892C, 0xA14D, 0xB16E, 0xA14D, 0x994D, 0xB98F, 0xD9D2, 0xD1B1, 0xB16F, 0xB16E, 0xC190, 0xC190,
    0xA14D, 0x912C, 0xB16E, 0xD1B1, 0xD1B1, 0xC190, 0xD1B2, 0xF214, 0xFA15, 0xD1B1, 0xB16F, 0xC190,
    0xD1B2, 0xB990, 0xA14D, 0xA96E, 0xD1B1, 0xE1D2, 0xC9B0, 0xB98F, 0xC9B1, 0xD1D2, 0xB98F, 0x912C,
    0x912C, 0xA96E, 0xB16E, 0x994D, 0x994D, 0xB18F, 0xC9B1, 0xB990, 0xA14D, 0x994D, 0xA96E, 0xA14D,
    0x892B, 0x790A, 0x994D, 0xB16F, 0xB16E, 0xA14D, 0xB16F, 0xC9B1, 0xC190, 0x994D, 0x892B, 0x914C,
    0xA16D, 0x994D, 0x892C, 0xA14D, 0xD1B1, 0xD9D2, 0xC190, 0xB990, 0xD1B1, 0xD9D2, 0xB98F, 0x994C,
    0xA14D, 0xC190, 0xC9B1, 0xB98F, 0xC190, 0xE9F4, 0xFA15, 0xE9F3, 0xC990, 0xC9B1, 0xD9D2, 0xC9B1,
    0xA94E, 0xA14E, 0xC9B1, 0xE1D3, 0xD1B2, 0xC190, 0xD9D2, 0xE9F3, 0xD9D2, 0xA96E, 0x994D, 0xB16E,
    0xB16F, 0xA14D, 0x912C, 0xB16F, 0xD9D2, 0xD9D2, 0xB990, 0xB98F, 0xC9B1, 0xC9B1, 0xA96E, 0x912C,
    0xA14D, 0xB98F, 0xB98F, 0xA14D, 0xCC35, 0xC9B1, 0xD1B1, 0xB18F, 0x994D, 0xA14D, 0xA96E, 0x994D,
    0x810B, 0x892B, 0xB16E, 0xC1B0, 0xB98F, 0xB16F, 0xC9B1, 0xD9D2, 0xC190, 0x994D, 0x994D, 0xB16F,
    0xB98F, 0xA94E, 0xA14D, 0xC9B1, 0xE9F3, 0xD9D2, 0xB98F, 0xB18F, 0xC190, 0xB98F, 0x912C, 0x810B,
    0x994C, 0xB16F, 0xA96E, 0xA14D, 0xA96E, 0xC9B1, 0xC9B1, 0xA96E, 0x994D, 0xA96E, 0xB16F, 0xA14D,
    0x892B, 0x994C, 0xB98F, 0xB990, 0xA96E, 0xA14D, 0xB98F, 0xC1B0, 0xA96E, 0x892C, 0x912C, 0xA96E,
    0xA96E, 0x912C, 0x914C, 0xB98F, 0xC9B1, 0xB98F, 0xA14D, 0xA96E, 0xC190, 0xB18F, 0x912C, 0x892B,
    0xA96E, 0xB98F, 0xB16F, 0xA96E, 0xB990, 0xD9D2, 0xD9D2, 0xB16F, 0xA96E, 0xB98F, 0xC190, 0xA96E,
    0x992C, 0xB16F, 0xD9D2, 0xD9D2, 0xC9B0, 0xC9B1, 0xE1F3, 0xE9F3, 0xC9B1, 0xA96E, 0xB98F, 0xD1B2,
    0xD1B1, 0xB98F, 0xC190, 0xF1F4, 0xC9B1, 0xC190, 0xA14D, 0xA14D, 0xC9B0, 0xE9F3, 0xD9D2, 0xC9B0,
    0xD1B1, 0xE9F3, 0xD9D2, 0xA96E, 0x994D, 0xB16F, 0xC190, 0xB16F, 0xA96E, 0xC190, 0xE9F3, 0xE9F3,
    0xC9B1, 0xB990, 0xC9B1, 0xD1B1, 0xB16E, 0x912C, 0xA96E, 0xC9B1, 0xD1B1, 0xB990, 0xC190, 0xE1D3,
    0xF1F4, 0xD1B1, 0xB16F, 0xB98F, 0xC9B1, 0xB990, 0xA14D, 0xA14D, 0xC9B1, 0xD9D2, 0xC9B1, 0xB98F,
    0xC1B0, 0xD1D2, 0xC190, 0x994D, 0x912C, 0xB16E, 0xB98F, 0xA96E, 0xA96E, 0xC9B0, 0xE9F3, 0xE1D2,
    0xB990, 0xB18F, 0xC9B0, 0xC190, 0xA14D, 0x912C, 0xA96E, 0xD1B1, 0xD1B1, 0xC190, 0xC9B1, 0xE9F4,
    0xF1F4, 0xC9B1, 0xA96E, 0xB98F, 0xC9B1, 0xB16F, 0x994D, 0xA96E, 0xD1B1, 0xD9D2, 0xC1B0, 0xB98F,
    0xC9B0, 0xD1B1, 0xB18F, 0x912C, 0x912C, 0xA96E, 0xB16E, 0x994D, 0x994C, 0xB16E, 0xC9B0, 0xB98F,
    0xA14D, 0xA14D, 0xB16F, 0xA96E, 0x912C, 0x890B, 0xA14D, 0xC190, 0xB98F, 0xA96E, 0xB18F, 0xC9B1,
    0xC9B1, 0xA96E, 0x994D, 0xB16E, 0xB98F, 0xA14E, 0x912C, 0xA96E, 0xD1B2, 0xD9D2, 0xC1B0, 0xB990,
    0xD1B1, 0xD9D2, 0xB98F, 0x994D, 0xA14D, 0xC190, 0xC9B1, 0xB98F, 0xC190, 0xE1D3, 0xFA14, 0xD9D2,
    0xB98F, 0xB990, 0xD1B1, 0xC190, 0x994D, 0xA14D, 0xC190, 0xE1D2, 0xD1B2, 0xC9B0, 0xD9D2, 0xF1F4,
    0xD9D2, 0xB16E, 0xA14D, 0xB16F, 0xB98F, 0xA14E, 0x994D, 0xB98F, 0xE1D2, 0xD9D2, 0xDC56, 0xB98F,
    0xC9B0, 0xC1B0, 0xA14D, 0x892B, 0x994D, 0xB98F, 0xB98F, 0xA96E, 0xB18F, 0xD9D2, 0xD9D2, 0xC190,
    0xA96E, 0xB16E, 0xC190, 0xA96E, 0x892B, 0x912C, 0xB18F, 0xC9B1, 0xC190, 0xB990, 0xD1B2, 0xE1D3,
    0xC9B1, 0xA14D, 0xA14D, 0xB98F, 0xB990, 0xA96E, 0xA14D, 0xC9B1, 0xE9F3, 0xD9D2, 0xC190, 0xC190,
    0xD1B1, 0xC190, 0x994D, 0x810B, 0x994D, 0xB18F, 0xB16F, 0xA14D, 0xB18F, 0xD1D2, 0xD1D1, 0xB16F,
    0x994D, 0xA96E, 0xB16F, 0x994D, 0x892B, 0x994D, 0xB990, 0xC9B1, 0xB98F, 0xB18F, 0xD1B1, 0xD9D2,
    0xB990, 0x994D, 0x994D, 0xB16F, 0xB16E, 0x994C, 0x994C, 0xD455, 0xC9B1, 0xB98F, 0xA14D, 0xA96E,
    0xB990, 0xB16F, 0x912C, 0x892C, 0xA96E, 0xC190, 0xB98F, 0xA96E, 0xC190, 0xD9D2, 0xD1B1, 0xB16E,
    0xA14D, 0xB16F, 0xB98F, 0xA14D, 0x912C, 0xA96E, 0xD1B1, 0xD1B2, 0xC190, 0xC190, 0xD9D2, 0xD9D2,
    0xB98F, 0x994D, 0xA94E, 0xC190, 0xB98F, 0xA94E, 0xB16F, 0xD9D2, 0xC9B1, 0xC990, 0xA96E, 0xA94E,
    0xD1B1, 0xF1F4, 0xE9F3, 0xD1B1, 0xE1D3, 0xFA14, 0xE1D3, 0xB16F, 0xA14D, 0xC190, 0xD9B2, 0xC9B1,
    0xB98F, 0xD1B1, 0xF1F4, 0xF1F4, 0xD1B1, 0xC990, 0xD9D2, 0xE1D2, 0xB98F, 0xA14D, 0xB16F, 0xD9D2,
    0xD9D2, 0xC190, 0xC9B1, 0xE9F4, 0xFA15, 0xD9D2, 0xD455, 0xB990, 0xD1B1, 0xC190, 0xA14D, 0xA14D,
    0xC1B0, 0xD9D2, 0xC9B0, 0xB16F, 0xC190, 0xD1D2, 0xC190, 0xA14D, 0x994D, 0xB18F, 0xC1B0, 0xB16F,
    0xB16E, 0xC9B1, 0xE9F4, 0xE9F3, 0xC9B1, 0xC190, 0xD1B1, 0xC9B1, 0xA14D, 0x912C, 0xA96E, 0xC9B1,
    0xC9B0, 0xB98F, 0xC190, 0xE1D3, 0xE1D3, 0xB990, 0xA14D, 0xA96E, 0xB98F, 0xA96E, 0x994D, 0xA96E,
    0xC9B1, 0xD9D2, 0xC190, 0xB16F, 0xC190, 0xC9B0, 0xA96E, 0x892B, 0x892C, 0xA96E, 0xB16E, 0x994D,
    0x994D, 0xB98F, 0xD1D2, 0xC9B1, 0xA96E, 0xA96E, 0xB990, 0xD455, 0x912C, 0x892B, 0xA96E, 0xC1B0,
    0xC190, 0xB16F, 0xC190, 0xE1D3, 0xE1D2, 0xB990, 0xA96E, 0xC190, 0xC9B1, 0xB16F, 0xA14D, 0xB98F,
    0xE1D3, 0xE9F3, 0xC9B1, 0xC190, 0xD1D2, 0xD9D2, 0xB98F, 0x994D, 0xA96E, 0xC9B0, 0xC9B1, 0xB16F,
    0xB98F, 0xD9D2, 0xE9F4, 0xD1B2, 0xB18F, 0xB98F, 0xD1B1, 0xC190, 0xA14D, 0xA14D, 0xC9B0, 0xE1D3,
    0xD9D2, 0xC9B1, 0xE1D3, 0xFA15, 0xE9F3, 0xB98F, 0xA96E, 0xB98F, 0xC190, 0xA96E, 0x994D, 0xB98F,
    0xD9D2, 0xD9D2, 0xC190, 0xB98F, 0xC9B1, 0xC9B1, 0xA96E, 0x912C, 0xA14D, 0xB990, 0xB98F, 0xA96E,
    0xB16F, 0xD1D2, 0xD9D2, 0xC190, 0xA96E, 0xB18F, 0xC9B0, 0xB16F, 0x912C, 0x994D, 0xC190, 0xD9D2,
    0xC9B1, 0xC190, 0xD1D2, 0xE1D3, 0xC9B1, 0xA14D, 0x994D, 0xB16F, 0xB16F, 0xA14D, 0xA14D, 0xC9B0,
    0xE9F3, 0xE1D2, 0xC9B0, 0xC9B1, 0xD9D2, 0xD1B1, 0xA14D, 0x912C, 0xA96E, 0xC190, 0xB98F, 0xA96E,
    0xB98F, 0xD9D2, 0xD1D2, 0xB16E, 0x994D, 0xA14D, 0xA96E, 0x994D, 0x890B, 0x994D, 0xC190, 0xD1B1,
    0xC190, 0xC190, 0xD9D2, 0xE9F3, 0xC9B1, 0xCC35, 0xA14E, 0xB990, 0xB98F, 0xA14D, 0xA96E, 0xC9B1,
    0xE1D2, 0xC9B1, 0xB16F, 0xB18F, 0xC1B0, 0xB18F, 0x912C, 0x892B, 0xA96E, 0xB990, 0xB16F, 0xA96E,
    0xC190, 0xE1D2, 0xD9D2, 0xB16F, 0xA14D, 0xB16F, 0xB98F, 0xA14D, 0x912C, 0xA96E, 0xC9B1, 0xC9B1,
    0xB18F, 0xB16F, 0xC1B0, 0xC1B0, 0xA96E, 0x892C, 0x994D, 0xA96E, 0xA96E, 0x912C, 0x994D, 0xC190,
    0xE1D3, 0xD9D2, 0xB98F, 0xB96F, 0xE1D3, 0xFA15, 0xFA15, 0xE1D3, 0xF1F4, 0xFA36, 0xF9F4, 0xC190,
    0xA96E, 0xC9B1, 0xE1D2, 0xD1B1, 0xC190, 0xD9D2, 0xFA15, 0xFC98, 0xD9D2, 0xC9B1, 0xE1D2, 0xE1D3,
    0xB990, 0xA14D, 0xB16F, 0xD9D2, 0xD9D2, 0xC190, 0xC9B1, 0xE9F4, 0xFA15, 0xD9D2, 0xB98F, 0xC190,
    0xD1B1, 0xC190, 0xA14D, 0xA96E, 0xC9B1, 0xE1D3, 0xD1B1, 0xB990, 0xC9B1, 0xE1D2, 0xD1B1, 0xA96E,
    0xA14D, 0xB990, 0xC9B1, 0xB98F, 0xB16F, 0xD1B1, 0xF1F4, 0xE9F4, 0xC9B1, 0xC190, 0xD1B2, 0xC9B1,
    0xA96E, 0x912C, 0xA96E, 0xC190, 0xB990, 0xA96E, 0xB16F, 0xD1B1, 0xD1D2, 0xB16F, 0x994C, 0xA14D,
    0xB16E, 0xA14D, 0x912C, 0x994D, 0xC190, 0xD1B1, 0xB98F, 0xB16E, 0xB990, 0xC9B1, 0xB16E, 0x892C,
    0x912C, 0xA96E, 0xB16F, 0xA14D, 0xA14D, 0xC190, 0xD9D2, 0xC9B1, 0xB16E, 0xB16E, 0xC190, 0xD455,
    0x992C, 0x912C, 0xB16F, 0xEC77, 0xD9D2, 0xC9B1, 0xD9D2, 0xFA15, 0xFA14, 0xD1B1, 0xB98F, 0xD1B1,
    0xD9D2, 0xC190, 0xA96E, 0xC190, 0xE9F3, 0xE9F4, 0xD1B1, 0xC9B1, 0xE1D2, 0xE1F3, 0xC190, 0xA14D,
    0xA96E, 0xC9B1, 0xC9B1, 0xB98F, 0xC190, 0xE1D3, 0xF1F4, 0xD9D2, 0xB16F, 0xB98F, 0xC9B1, 0xB98F,
    0x994D, 0x994D, 0xC190, 0xD9D2, 0xD1B1, 0xC9B0, 0xD9D2, 0xFA14, 0xE9F3, 0xB98F, 0xA96E, 0xB98F,
    0xC190, 0xA96E, 0x994D, 0xB990, 0xE1D3, 0xE1F3, 0xC9B1, 0xC9B0, 0xD9D2, 0xD9D2, 0xB16F, 0x912C,
    0xA96E, 0xC190, 0xB990, 0xA96E, 0xB98F, 0xD9D2, 0xE9F3, 0xC9B1, 0xB16F, 0xC190, 0xD1B1, 0xDC56,
    0xA14D, 0xA96E, 0xD1B2, 0xE9F3, 0xD1B2, 0xC9B1, 0xD9D2, 0xE9F4, 0xD1B1, 0xA94E, 0xA14D, 0xB16F,
    0xB98F, 0xA14D, 0x994D, 0xB990, 0xD9D2, 0xD9D2, 0xC190, 0xC9B0, 0xD9D2, 0xD1B2, 0xA96E, 0x912C,
    0xA96E, 0xC9B0, 0xC190, 0xA96E, 0xB98F, 0xD1B1, 0xC9B1, 0xA96E, 0x994D, 0xA96E, 0xB16F, 0x994D,
    0x892B, 0x994D, 0xC190, 0xD1B1, 0xC190, 0xC190, 0xE1D3, 0xF1F4, 0xD1B1, 0xA96E, 0xA96E, 0xC190,
    0xC190, 0xA96E, 0xB16F, 0xD9D2, 0xFA14, 0xE1D3, 0xC190, 0xC9B0, 0xD9D2, 0xC190, 0x994D, 0x912C,
    0xA96E, 0xDC56, 0xB16F, 0xA96E, 0xB990, 0xD9D2, 0xC9B1, 0xA96E, 0x994D, 0xA16E, 0xA96E, 0x912C,
    0x810B, 0x994D, 0xB98F, 0xB990, 0xA96E, 0xA16E, 0xD455, 0xB98F, 0x994D, 0x810A, 0x892B, 0x994D,
    0x994D, 0x892B, 0x914C, 0xB98F, 0xD1B2, 0xD1B1, 0xB16E, 0xA96E, 0xD9B2, 0xFA15, 0xE9F3, 0xD1B2,
    0xE1D2, 0xFA15, 0xE9F3, 0xB98F, 0xA96E, 0xC190, 0xD9D2, 0xC9B1, 0xB98F, 0xE477, 0xFA15, 0xFA14,
    0xD1B2, 0xC190, 0xD1B2, 0xD1B2, 0xB16F, 0x912C, 0xA94E, 0xD1B1, 0xD9D2, 0xC9B0, 0xC9B1, 0xF1F4,
    0xFA15, 0xD9D2, 0xB98F, 0xC190, 0xD1B2, 0xC990, 0xA96E, 0xB16E, 0xD9D2, 0xE9F3, 0xD9D2, 0xC190,
    0xD1B1, 0xD9D2, 0xC190, 0x994D, 0x994D, 0xB98F, 0xC9B1, 0xB98F, 0xB16F, 0xD1B1, 0xF1F4, 0xE9F3,
    0xDC56, 0xB990, 0xD1B1, 0xC9B1, 0xA96E, 0x912C, 0xA96E, 0xC190, 0xB98F, 0xA96E, 0xB16E, 0xC9B1,
    0xC9B1, 0xA96E, 0x912C, 0xA14D, 0xB16E, 0xA14D, 0x892C, 0x994D, 0xC9B0, 0xD9D2, 0xC9B1, 0xC190,
    0xD1B1, 0xD9D2, 0xB98F, 0x994C, 0x994D, 0xB98F, 0xC190, 0xA96E, 0xA96E, 0xC9B1, 0xE9F3, 0xD9D2,
    0xB990, 0xB990, 0xD1B1, 0xC190, 0xA14D, 0x994D, 0xC190, 0xE9F3, 0xE1D3, 0xD1B1, 0xE1D3, 0xFA16,
    0xFA15, 0xD1B1, 0xB98F, 0xC9B1, 0xD9D2, 0xC190, 0xB16E, 0xC9B1, 0xF1F4, 0xFA15, 0xD9D2, 0xD1B1,
    0xE9F3, 0xE9F3, 0xC190, 0xA14D, 0xA94E, 0xC190, 0xC9B1, 0xB98F, 0xB990, 0xE1D3, 0xF1F4, 0xD9D2,
    0xB16F, 0xB98F, 0xC9B1, 0xB990, 0x994D, 0x994D, 0xC190, 0xD9D2, 0xD1B1, 0xC190, 0xD9D2, 0xE9F4,
    0xD9D2, 0xB16E, 0xA14D, 0xB98F, 0xC190, 0xA96E, 0xA14D, 0xC190, 0xE1F3, 0xE9F3, 0xC9B1, 0xC9B0,
    0xD9D2, 0xD9D2, 0xB16E, 0x912C, 0xA14E, 0xC190, 0xC190, 0xB16F, 0xC190, 0xE1D3, 0xE9F3, 0xD1B1,
    0xB98F, 0xC990, 0xD9D2, 0xC990, 0xA94E, 0xB16E, 0xD9D2, 0xE9F3, 0xD1B2, 0xC9B0, 0xD9D2, 0xE1D3,
    0xC1B0, 0x994D, 0x912C, 0xA96E, 0xB16E, 0x994D, 0x912C, 0xB16E, 0xC9B1, 0xC1B0, 0xB16E, 0xD455,
    0xC9B1, 0xC1B0, 0xA14D, 0x912C, 0xA96E, 0xC9B0, 0xC190, 0xB16E, 0xB990, 0xD9D2, 0xD9D2, 0xB98F,
    0xA96E, 0xB18F, 0xB990, 0xA14D, 0x892C, 0x994D, 0xC190, 0xD1B1, 0xC190, 0xC190, 0xD9D2, 0xE9F3,
    0xC9B1, 0xA96E, 0xA96E, 0xC190, 0xC190, 0xB16E, 0xB98F, 0xE1D3, 0xFA15, 0xE1D3, 0xC190, 0xC190,
    0xD1B2, 0xC190, 0x994D, 0x912C, 0xA96E, 0xB990, 0xA96E, 0xA14D, 0xB16E, 0xC9B0, 0xB990, 0x994D,
    0x912C, 0x994D, 0xA14D, 0x892B, 0x790A, 0x912C, 0xB16F, 0xB98F, 0xA96E, 0xA96E, 0xC190, 0xC1B0,
    0xA14D, 0x810B, 0x892B, 0xA14D, 0x994D, 0x892C, 0x994D, 0xB98F, 0xC9B0, 0xC190, 0xA14D, 0xA14D,
    0xC9B0, 0xE9F3, 0xE1D2, 0xD1B1, 0xE1D2, 0xFA15, 0xF1F4, 0xC190, 0xB16E, 0xC990, 0xD9D2, 0xC990,
    0xB98F, 0xD1B2, 0xFA15, 0xFA15, 0xD9D2, 0xC990, 0xD9D2, 0xD1B2, 0xB16E, 0x912C, 0xA14D, 0xC9B1,
    0xD1B1, 0xC190, 0xC9B1, 0xE9F4, 0xFA15, 0xD9D2, 0xB98F, 0xC190, 0xD1B1, 0xC190, 0xA14D, 0xA96E,
    0xD1B1, 0xE1D3, 0xD1B1, 0xB98F, 0xC190, 0xD1B1, 0xB98F, 0x912C, 0x912C, 0xA96E, 0xB98F, 0xB16E,
    0xA96E, 0xD1B1, 0xFA14, 0xE9F3, 0xC190, 0xB98F, 0xC190, 0xC190, 0xA14D, 0x892C, 0xA14D, 0xB990,
    0xB98F, 0xA96E, 0xB16F, 0xD1B1, 0xD9D2, 0xB18F, 0x994D, 0xA96E, 0xB98F, 0xA96E, 0x912C, 0xA14D,
    0xC9B1, 0xE1D2, 0xD1B1, 0xC190, 0xD1B1, 0xD9D2, 0xC190, 0x994D, 0x994D, 0xB990, 0xC190, 0xB16E,
    0xB16E, 0xD1B1, 0xF1F4, 0xE1D3, 0xC990, 0xC990, 0xD9D2, 0xD1B1, 0xA96E, 0xA14D, 0xC190, 0xE1D3,
    0xD9D2, 0xD1B1, 0xE1D3, 0xFA16, 0xFA15, 0xC9B1, 0xB16F, 0xC990, 0xD9D2, 0xC190, 0xB16F, 0xC9B1,
    0xF1F4, 0xFA14, 0xD9D2, 0xD1B1, 0xE1D3, 0xE9F3, 0xC9B0, 0xA14D, 0xB16E, 0xC9B1, 0xD1B1, 0xB98F,
    0xB98F, 0xE1D2, 0xF1F4, 0xD1B1, 0xD455, 0xB16F, 0xC190, 0xB16F, 0x994C, 0x994D, 0xC190, 0xD9D2,
    0xC9B1, 0xB990, 0xD1B1, 0xE1D3, 0xD1B1, 0xA96E, 0x994D, 0xA96E, 0xB16F, 0x994D, 0x912C, 0xB16F,
    0xD9D2, 0xD9D2, 0xB98F, 0xB16F, 0xC1B0, 0xC9B0, 0xA96E, 0x912C, 0xA94E, 0xC190, 0xC190, 0xB16E,
    0xB990, 0xE1D3, 0xE9F3, 0xD1B1, 0xB98F, 0xC9B0, 0xD9D2, 0xC9B1, 0xA96E, 0xB16F, 0xD9D2, 0xE1D3,
    0xC9B0, 0xB18F, 0xC9B0, 0xD1B1, 0xB18F, 0x912C, 0x892B, 0x994D, 0xA14D, 0x892B, 0x892B, 0xA96E,
    0xC190, 0xB98F, 0xA14D, 0xA14D, 0xB98F, 0xB98F, 0x994D, 0x892C, 0xA96E, 0xC190, 0xC190, 0xB16E,
    0xC190, 0xE1F3, 0xE1F3, 0xC190, 0xA96E, 0xB16F, 0xB98F, 0xA14D, 0x892B, 0x994D, 0xB990, 0xC9B0,
    0xB18F, 0xB16F, 0xD1B1, 0xE1D3, 0xC9B1, 0xA94E, 0xA96E, 0xC190, 0xC9B0, 0xB16F, 0xB96F, 0xE1D3,
    0xFA14, 0xD9D2, 0xB98F, 0xB990, 0xC9B1, 0xB98F, 0x912C, 0x892B, 0xA14D, 0xB16F, 0xA14D, 0x994D,
    0xA96E, 0xC9B0, 0xC190, 0xA14D, 0x912C, 0xA14D, 0xA96E, 0x912C, 0x810B, 0x994D, 0xB98F, 0xC190,
    0xA96E, 0xB16E, 0xC9B0, 0xC9B1, 0xA96E, 0x892B, 0x912C, 0xA96E, 0xA96E, 0x994D, 0xA96E, 0xD1B1,
    0xC9B1, 0xC190, 0xA94E, 0xA14D, 0xC9B1, 0xE9F4, 0xE1D3, 0xD1B2, 0xE1D3, 0xFA15, 0xE9F3, 0xB98F,
    0xA94E, 0xC190, 0xD9B2, 0xC990, 0xB96F, 0xD1B1, 0xF1F4, 0xF1F4, 0xD1B1, 0xC190, 0xD1B1, 0xD1B1,
    0xA96E, 0x912C, 0xA14D, 0xC190, 0xC9B1, 0xB990, 0xC190, 0xE9F3, 0xFA15, 0xD9D2, 0xB98F, 0xC190,
    0xD1B2, 0xC190, 0xA14E, 0xA96E, 0xC9B1, 0xE1F3, 0xD1B2, 0xC190, 0xD1B1, 0xD9D2, 0xC190, 0x994D,
    0x912C, 0xA96E, 0xB98F, 0xA96E, 0xA96E, 0xC9B0, 0xE9F3, 0xE1D3, 0xC190, 0xB18F, 0xC1B0, 0xC190,
    0x994D, 0x892B, 0xA14D, 0xC190, 0xC190, 0xB16E, 0xB18F, 0xD1B1, 0xD1D2, 0xB16F, 0x994D, 0xA14D,
    0xB16F, 0xA14E, 0x912C, 0xA14D, 0xC9B1, 0xD9D2, 0xC1B0, 0xB98F, 0xC9B1, 0xD1D2, 0xB98F, 0x912C,
    0x912C, 0xB16F, 0xB98F, 0xA96E, 0xA96E, 0xD1B1, 0xF214, 0xE9F3, 0xC9B1, 0xC9B1, 0xD9D2, 0xD1B1,
    0xA96E, 0xA14D, 0xC9B1, 0xE9F4, 0xE1D3, 0xD1B2, 0xE1D3, 0xFA16, 0xFA15, 0xC9B1, 0xB16E, 0xC190,
    0xC9B1, 0xB98F, 0xA94E, 0xC190, 0xE9F3, 0xF1F4, 0xD1B2, 0xC9B1, 0xE1D3, 0xE9F3, 0xC190, 0x994D,
    0xA14D, 0xC190, 0xC190, 0xB16E, 0xB18F, 0xD9D2, 0xF1F4, 0xD9D2, 0xB98F, 0xB16F, 0xC190, 0xA96E,
    0x912C, 0x912C, 0xB98F, 0xC9B1, 0xB98F, 0xA96E, 0xB98F, 0xD1B1, 0xC9B0, 0xA14D, 0x994D, 0xA96E,
    0xA96E, 0x912C, 0x892B, 0xA96E, 0xC9B0, 0xC9B1, 0xB16F, 0xB18F, 0xC9B1, 0xC9B1, 0xA96E, 0x912C,
    0xA14D, 0xC190, 0xC9B0, 0xB98F, 0xC190, 0xEC77, 0xE9F3, 0xC9B1, 0xB16F, 0xB990, 0xC9B1, 0xB98F,
    0x994D, 0xA94E, 0xC9B1, 0xD9D2, 0xC190, 0xB16E, 0xC190, 0xD1B1, 0xB98F, 0x912C, 0x912C, 0xA14D,
    0xA96E, 0x912C, 0x912C, 0xB16E, 0xC9B1, 0xC190, 0xA14D, 0xA14D, 0xB16F, 0xB16E, 0x912C, 0x810B,
    0x994D, 0xB18F, 0xB16F, 0xA96E, 0xB990, 0xE1D3, 0xE1F3, 0xC190, 0xA96E, 0xB16F, 0xB990, 0xA96E,
    0x912C, 0xA14D, 0xC190, 0xC9B1, 0xB16F, 0xA96E, 0xC190, 0xC9B1, 0xB16F, 0x994C, 0xA14D, 0xB990,
    0xC190, 0xA96E, 0xB16E, 0xD9D2, 0xF1F4, 0xD9D2, 0xC190, 0xC190, 0xC9B1, 0xB16F, 0x912C, 0x892B,
    0xA14D, 0xB98F, 0xA96E, 0xA14D, 0xB16F, 0xC9B1, 0xC190, 0xA14D, 0x994C, 0xA96E, 0xA96E, 0x994C,
    0x892B, 0xA14D, 0xC190, 0xC1B0, 0xB16F, 0xB18F, 0xD1B1, 0xD1D2, 0xB16F, 0x994C, 0xA14D, 0xC190,
    0xB98F, 0xA96E, 0xB98F, 0xEC77, 0xD9D2, 0xD1B2, 0xB16F, 0xB16E, 0xD9D2, 0xFA15, 0xE9F3, 0xD1B1,
    0xD9D2, 0xF1F4, 0xE1D2, 0xB16F, 0xA14D, 0xB98F, 0xD1B1, 0xC190, 0xB16F, 0xD1B1, 0xFA14, 0xF1F4,
    0xD1B1, 0xC190, 0xD1B1, 0xD1B2, 0xB16F, 0x994D, 0xB16F, 0xD9B2, 0xD9D2, 0xC9B1, 0xD1B1, 0xFA14,
    0xFA16, 0xE1D3, 0xC190, 0xC990, 0xD9D2, 0xC9B1, 0xA96E, 0xB16F, 0xD9D2, 0xF1F4, 0xD9D2, 0xC190,
    0xD1B1, 0xE1D2, 0xC9B1, 0xA14D, 0x994D, 0xB98F, 0xC9B1, 0xB98F, 0xB16F, 0xD1B1, 0xF1F4, 0xE1F3,
    0xC190, 0xB16F, 0xC190, 0xC190, 0xA14D, 0x892C, 0xA14D, 0xB98F, 0xB18F, 0xA14D, 0xA96E, 0xC1B0,
    0xC1B0, 0xA96E, 0x912C, 0xA14D, 0xB16F, 0xA14D, 0x912C, 0x994D, 0xC9B1, 0xD9D2, 0xC1B0, 0xB98F,
    0xC9B1, 0xD1B1, 0xB98F, 0x912C, 0x912C, 0xB16F, 0xB98F, 0xA96E, 0xA96E, 0xC9B1, 0xE9F3, 0xD9D2,
    0xB990, 0xB990, 0xD1B1, 0xC9B1, 0xA96E, 0xA14D, 0xC190, 0xE1D3, 0xD9D2, 0xC190, 0xD1B1, 0xE9F3,
    0xE1D3, 0xB98F, 0xA14D, 0xB16F, 0xC190, 0xB16F, 0xA14D, 0xB98F, 0xE1D2, 0xE1D2, 0xC9B0, 0xC190,
    0xD1B1, 0xD9D2, 0xB98F, 0x994D, 0xA14D, 0xC190, 0xC190, 0xB16E, 0xB16E, 0xD1B1, 0xE1F3, 0xC9B1,
    0xA96E, 0xB16E, 0xB990, 0xB16E, 0x912C, 0x912C, 0xB16E, 0xC1B0, 0xB18F, 0xA96E, 0xB98F, 0xC9B1,
    0xC190, 0x994D, 0x912C, 0xA96E, 0xB16F, 0xA14D, 0x912C, 0xA96E, 0xC9B0, 0xC9B1, 0xB98F, 0xB98F,
    0xD1D2, 0xD1B1, 0xB16E, 0x912C, 0xCC35, 0xC9B0, 0xC9B0, 0xB16F, 0xC190, 0xE9F3, 0xFA14, 0xD9D2,
    0xB98F, 0xC190, 0xD1B2, 0xB990, 0x994D, 0xA14D, 0xC190, 0xD1B1, 0xB98F, 0xA96E, 0xC190, 0xC9B1,
    0xB18F, 0x912C, 0x892B, 0x994C, 0x994D, 0x892B, 0x892B, 0xA96E, 0xC9B1, 0xC1B0, 0xB16E, 0xB16F,
    0xC190, 0xB98F, 0xC434, 0x810B, 0xA14D, 0xDC56, 0xB990, 0xB16E, 0xB990, 0xD9D2, 0xD9D2, 0xB98F,
    0xA14D, 0xB16E, 0xB98F, 0xA14D, 0x892B, 0x994D, 0xB98F, 0xC190, 0xA96E, 0xA96E, 0xC190, 0xD1B1,
    0xB18F, 0x912C, 0x994C, 0xA96E, 0xB16E, 0xA14D, 0xA14E, 0xD1B1, 0xE9F3, 0xD9D2, 0xC190, 0xC190,
    0xC9B1, 0xB98F, 0xBC14, 0x892B, 0xA14D, 0xB98F, 0xB16E, 0xA96E, 0xC190, 0xE1D3, 0xD9D2, 0xB16F,
    0xA14D, 0xB16F, 0xB98F, 0xA14D, 0x912C, 0xA96E, 0xD1B1, 0xD1D2, 0xC190, 0xC190, 0xE1D2, 0xE1D3,
    0xB98F, 0x994D, 0xA14D, 0xD456, 0xB16F, 0xA14D, 0xB16E, 0xD1D2, 0xE1D2, 0xD9D2, 0xB96F, 0xB16F,
    0xD9D2, 0xFA15, 0xF1F4, 0xD9B2, 0xE1D2, 0xFA15, 0xE9F3, 0xC190, 0xA96E, 0xC190, 0xD1B1, 0xB990,
    0xB16E, 0xC190, 0xE9F3, 0xE1F3, 0xC9B1, 0xC190, 0xD1B2, 0xD9D2, 0xD455, 0x994D, 0xB16F, 0xD9B2,
    0xD9D2, 0xC190, 0xC9B1, 0xE9F3, 0xFA14, 0xD9D2, 0xB96F, 0xC190, 0xD9B2, 0xC9B1, 0xA96E, 0xB16F,
    0xE1D3, 0xFA15, 0xE1D3, 0xD1B1, 0xE1D2, 0xF1F4, 0xD1B2, 0xA94E, 0x994D, 0xB16F, 0xC190, 0xA96E,
    0xA94E, 0xC190, 0xE1D3, 0xD9D2, 0xB98F, 0xB18F, 0xC9B0, 0xC190, 0xA14D, 0x892B, 0xA14D, 0xC190,
    0xC190, 0xA96E, 0xB16F, 0xC9B1, 0xC9B1, 0xA96E, 0x994C, 0xA14D, 0xB16F, 0xA14D, 0x892C, 0x994D,
    0xC190, 0xD1B1, 0xB990, 0xB16F, 0xC190, 0xC9B1, 0xB16E, 0x892C, 0x892B, 0xA14D, 0xA96E, 0x994D,
    0x994D, 0xB990, 0xD9D2, 0xD1B2, 0xB98F, 0xB990, 0xD1B1, 0xC9B0, 0xCC35, 0xA14D, 0xC190, 0xE1D3,
    0xD9D2, 0xC190, 0xD1B1, 0xE9F3, 0xD9D2, 0xB16E, 0x994C, 0xA96E, 0xB18F, 0xA96E, 0x994D, 0xB16E,
    0xD1D2, 0xD9D2, 0xC190, 0xB98F, 0xD1B1, 0xD9D2, 0xB16F, 0x912C, 0x994D, 0xB98F, 0xB98F, 0xA96E,
    0xA96E, 0xC9B1, 0xD9D2, 0xC1B0, 0xA96E, 0xA96E, 0xB98F, 0xA96E, 0x892B, 0x892B, 0xA96E, 0xC190,
    0xB18F, 0xA96E, 0xB990, 0xD1B1, 0xB990, 0x994C, 0x892B, 0xA14D, 0xA96E, 0x994D, 0x912C, 0xA16E,
    0xC190, 0xC190, 0xB16F, 0xB98F, 0xD1B1, 0xD1B1, 0xB16E, 0xC414, 0xA96E, 0xD1B1, 0xD1B1, 0xC190,
    0xC9B1, 0xF1F4, 0xFA15, 0xD9D2, 0xB98F, 0xC190, 0xC9B1, 0xB16F, 0x912C, 0x994D, 0xB98F, 0xC1B0,
    0xB16F, 0xA14D, 0xB98F, 0xC9B1, 0xB18F, 0x912C, 0x892B, 0x994D, 0xA14D, 0x892C, 0x892B, 0xA96E,
    0xC9B0, 0xC190, 0xB16E, 0xB16F, 0xC9B1, 0xC9B1, 0xA94E, 0x912C, 0xA96E, 0xC190, 0xB98F, 0xA96E,
    0xC190, 0xE9F3, 0xE9F3, 0xC1B0, 0xA96E, 0xB98F, 0xC190, 0xA96E, 0x912C, 0xA14D, 0xC190, 0xC1B0,
    0xA96E, 0xA96E, 0xB990, 0xC9B0, 0xA96E, 0x912C, 0x912C, 0xA96E, 0xA96E, 0x994D, 0x994D, 0xC190,
    0xD1D2, 0xC1B0, 0xA96E, 0xB16F, 0xC190, 0xB98F, 0x912C, 0x892C, 0xA96E, 0xC190, 0xB18F, 0xCC35,
    0xC190, 0xE1D2, 0xD9D2, 0xB16F, 0xA14D, 0xB16F, 0xB98F, 0xA14D, 0x912C, 0xA96E, 0xD1B1, 0xD1B1,
    0xC190, 0xC190, 0xE1D3, 0xE9F3, 0xC190, 0xA14D, 0xB16E, 0xC190, 0xC190, 0xA96E, 0xB16F, 0xD9D2,
    0xE1D3, 0xD9D2, 0xB98F, 0xB96F, 0xE1D3, 0xFA15, 0xF1F4, 0xD9D2, 0xE1D3, 0xFA15, 0xE9F4, 0xC190,
    0xA96E, 0xC190, 0xD1B2, 0xC190, 0xB16F, 0xC9B1, 0xF1F4, 0xF1F4, 0xD1B1, 0xC190, 0xD9D2, 0xD9D2,
    0xB98F, 0xA14D, 0xB16F, 0xD9D2, 0xE1D2, 0xC9B1, 0xD1B1, 0xFA14, 0xFA16, 0xE1D3, 0xC190, 0xC990,
    0xD9D2, 0xD1B1, 0xB16E, 0xB96F, 0xE1D3, 0xFA15, 0xE1D3, 0xD1B1, 0xE1D2, 0xF1F4, 0xD9D2, 0xB16E,
    0xA14D, 0xB990, 0xC9B0, 0xB16F, 0xA96E, 0xC9B0, 0xE1F3, 0xD9D2, 0xB98F, 0xB16F, 0xC190, 0xC190,
    0xA14E, 0x912C, 0xA96E, 0xC9B1, 0xC190, 0xB16F, 0xB98F, 0xD1D2, 0xD1D2, 0xB16F, 0x994D, 0xA14D,
    0xB16F, 0xA96E, 0x912C, 0xA14D, 0xC9B0, 0xD1B1, 0xB98F, 0xB16E, 0xC190, 0xC9B1, 0xB16F, 0x912C,
    0x912C, 0xA96E, 0xB16F, 0xA14D, 0xA96E, 0xC9B1, 0xE9F3, 0xD9D2, 0xC190, 0xB990, 0xD1B1, 0xC9B0,
    0xA14D, 0x994D, 0xB990, 0xD9D2, 0xD1B1, 0xC190, 0xC9B1, 0xE1D3, 0xD1D2, 0xA96E, 0x912C, 0xA14D,
    0xB16E, 0xA14D, 0x912C, 0xA96E, 0xC9B1, 0xD1B1, 0xB98F, 0xB16E, 0xB990, 0xC190, 0xA14D, 0x810B,
    0x892C, 0xA16E, 0xA16E, 0x912C, 0x914C, 0xB98F, 0xC9B1, 0xB98F, 0xA14D, 0xA14D, 0xB16E, 0xA14D,
    0x810B, 0x810B, 0xA14D, 0xB98F, 0xB16E, 0xA14D, 0xB18F, 0xC9B0, 0xB98F, 0x912C, 0x892B, 0xA14D,
    0xA96E, 0x994D, 0x912C, 0xA96E, 0xC9B1, 0xC9B1, 0xB16F, 0xB16F, 0xC9B0, 0xC1B0, 0xA14E, 0x912C,
    0xA14D, 0xC190, 0xC190, 0xB16F, 0xB990, 0xE1D2, 0xE9F3, 0xC1B0, 0xA96E, 0xB16E, 0xB98F, 0xA96E,
    0x892C, 0x912C, 0xB98F, 0xC1B0, 0xB16F, 0xA96E, 0xB98F, 0xC9B1, 0xB98F, 0x912C, 0x912C, 0xA16E,
    0xA96E, 0x994D, 0x912C, 0xB18F, 0xD1B1, 0xC1B0, 0xA96E, 0xA96E, 0xB990, 0xB98F, 0x994D, 0x892B,
    0xA14D, 0xB98F, 0xB16F, 0xA96E, 0xB98F, 0xE1D2, 0xE1D2, 0xB98F, 0xA14E, 0xB16E, 0xB18F, 0x994D,
    0x810B, 0x912C, 0xB18F, 0xB990, 0xA96E, 0xA96E, 0xC190, 0xC9B1, 0xB16F, 0x912C, 0x912C, 0xA96E,
    0xA96E, 0x994C, 0x994D, 0xC190, 0xD9D2, 0xC9B0, 0xB16E, 0xB18F, 0xC1B0, 0xB18F, 0x912C, 0x892B,
    0xA96E, 0xB990, 0xB16F, 0xA96E, 0xC190, 0xE1D3, 0xD9D2, 0xB16F, 0xA14D, 0xB16F, 0xB98F, 0xA14D,
    0x912C, 0xA96E, 0xD1B2, 0xD9D2, 0xC190, 0xC9B0, 0xE1D3, 0xE1F3, 0xC190, 0xA14D, 0xB16E, 0xC9B0,
    0xB990, 0xA14E, 0xA96E, 0xD1D2, 0xE1D3, 0xD9D2, 0xB98F, 0xB16F, 0xE1D2, 0xFA15, 0xF1F4, 0xD9D2,
    0xE9D3, 0xFA15, 0xF1F4, 0xC190, 0xB16F, 0xC9B1, 0xD9D2, 0xC9B1, 0xB98F, 0xD9B2, 0xFA15, 0xFC99,
    0xD9D2, 0xC9B1, 0xD9D2, 0xD9D2, 0xB96F, 0x994D, 0xA96E, 0xD1B2, 0xD9D2, 0xD1B1, 0xD9B2, 0xFA15,
    0xFA36, 0xE9F3, 0xC190, 0xC9B1, 0xE1D2, 0xD1B1, 0xB16F, 0xB990, 0xE9F4, 0xFA15, 0xE9F4, 0xD1B2,
    0xE1D3, 0xF9F4, 0xD9D2, 0xB16E, 0xA94E, 0xC190, 0xD1B1, 0xB98F, 0xB16E, 0xC9B1, 0xE1F3, 0xD9D2,
    0xB990, 0xB98F, 0xC9B1, 0xC1B0, 0xA14D, 0x912C, 0xA96E, 0xD1B1, 0xC9B1, 0xB990, 0xC9B0, 0xE1D3,
    0xE1D3, 0xB990, 0xA14D, 0xA96E, 0xB98F, 0xA96E, 0x992C, 0xA14D, 0xC9B1, 0xD1D2, 0xB98F, 0xB16E,
    0xC190, 0xC9B1, 0xB16E, 0x892B, 0x892B, 0xA14D, 0xA96E, 0xA14D, 0xA14D, 0xC9B1, 0xE1F3, 0xD9D2,
    0xB98F, 0xB16F, 0xC1B0, 0xB98F, 0x994D, 0x912C, 0xB16F, 0xD1B1, 0xC9B0, 0xB18F, 0xC190, 0xD9D2,
    0xD1B1, 0xA96E, 0x912C, 0x994D, 0xA16D, 0x912C, 0x790A, 0x912C, 0xB98F, 0xC190, 0xA96E, 0xA14D,
    0xB16E, 0xB16E, 0x912C, 0x790A, 0x810B, 0x994D, 0x994D, 0xBC13, 0x912C, 0xA96E, 0xB98F, 0xA96E,
    0x912C, 0x994C, 0xA96E, 0x994D, 0x810A, 0x790A, 0x914C, 0xA96E, 0xA14D, 0x912C, 0xA16D, 0xB98F,
    0xB16E, 0x912C, 0x892B, 0x994D, 0xA96E, 0x994D, 0x912C, 0xB16E, 0xD1B1, 0xD1B1, 0xB18F, 0xB16F,
    0xC9B0, 0xC190, 0xA14D, 0x890B, 0x912C, 0xB16E, 0xA96E, 0x994D, 0xA96E, 0xD1B1, 0xD9D2, 0xC190,
    0xA14D, 0xA96E, 0xB98F, 0xA14E, 0x892B, 0x912C, 0xB98F, 0xC9B1, 0xB98F, 0xA96E, 0xC190, 0xD1D2,
    0xC190, 0x994D, 0x994D, 0xB16F, 0xB16F, 0xA14D, 0x994D, 0xB990, 0xD9D2, 0xC9B1, 0xB16E, 0xA96E,
    0xB98F, 0xB16F, 0x912C, 0x810B, 0x994D, 0xB18F, 0xB16F, 0xA14D, 0xB18F, 0xD9D2, 0xD9D2, 0xB18F,
    0xA14D, 0xB16E, 0xB16F, 0x994D, 0x810B, 0x912C, 0xB18F, 0xC190, 0xB16F, 0xB16E, 0xC1B0, 0xD1B1,
    0xB16F, 0x912C, 0x912C, 0xA96E, 0xA96E, 0x994C, 0x994D, 0xC190, 0xE1D2, 0xD1B1, 0xB98F, 0xB98F,
    0xC9B1, 0xB98F, 0x912C, 0x892B, 0xA14D, 0xB98F, 0xA96E, 0xA14D, 0xB98F, 0xD1D2, 0xD1B1, 0xB16E,
    0xA14D, 0xB98F, 0xC190, 0xA96E, 0xA14D, 0xB98F, 0xE1D3, 0xE1D3, 0xC9B1, 0xC9B1, 0xE1D2, 0xE1D3,
    0xC190, 0xA14D, 0xB16E, 0xC9B1, 0xC190, 0xB16E, 0xB98F, 0xE1D3, 0xE1D2, 0xD9B2, 0xB16F, 0xB16F,
    0xD9D2, 0xFA15, 0xF1F4, 0xD9D2, 0xE9D3, 0xFA15, 0xF9F4, 0xC991, 0xB96F, 0xD1B2, 0xE9F3, 0xD9D2,
    0xC9B1, 0xE1D3, 0xFA36, 0xFA36, 0xE1D3, 0xD1B2, 0xE1D3, 0xE9F3, 0xC190, 0xA14D, 0xB96F, 0xE1D2,
    0xE9F3, 0xD9B2, 0xD9D2, 0xFA15, 0xFA36, 0xE9F3, 0xC990, 0xD1B1, 0xE9D3, 0xD9D2, 0xB96F, 0xB98F,
    0xE9F3, 0xFA15, 0xE9F3, 0xD9B2, 0xE1D3, 0xF1F4, 0xD9D2, 0xA96E, 0xA14D, 0xC190, 0xD1B1, 0xB990,
    0xB16F, 0xD1B1, 0xE9F3, 0xE9F3, 0xC9B0, 0xC190, 0xD9B2, 0xD1B1, 0xA96E, 0x912C, 0xA96E, 0xC9B1,
    0xC9B1, 0xB98F, 0xC9B0, 0xE9F3, 0xE9F3, 0xC190, 0xA14D, 0xA96E, 0xB98F, 0xA96E, 0x912C, 0x994D,
    0xC190, 0xD1B1, 0xB990, 0xB16F, 0xC190, 0xD1B1, 0xB18F, 0x912C, 0x912C, 0xA96E, 0xB16E, 0xA14D,
    0xA14D, 0xC9B0, 0xD9D2, 0xC9B1, 0xA96E, 0xA96E, 0xC190, 0xB98F, 0x994D, 0x912C, 0xB16F, 0xD1B1,
    0xC1B0, 0xB16F, 0xC190, 0xD9D2, 0xD1B1, 0xA96E, 0x912C, 0xA14D, 0xA96E, 0xC434, 0x810B, 0x914C,
    0xB98F, 0xB990, 0xA16E, 0x994D, 0xA14D, 0xA14D, 0x892B, 0x70E9, 0x790A, 0x912C, 0x912C, 0x810A,
    0x810B, 0x994D, 0xA96E, 0x994D, 0x892B, 0x892B, 0x994D, 0x912C, 0x790A, 0x790A, 0x914C, 0xA96E,
    0xA14D, 0x994D, 0xB16E, 0xC190, 0xB18F, 0x912C, 0x892B, 0xA14D, 0xA96E, 0x994D, 0x912C, 0xB16F,
    0xD9D2, 0xD1B1, 0xB98F, 0xB16F, 0xC190, 0xC190, 0xA14D, 0x892B, 0x994C, 0xA96E, 0xA96E, 0x994C,
    0xA14D, 0xC1B0, 0xC9B1, 0xB16F, 0xA14D, 0xA96E, 0xB98F, 0xA16E, 0x892B, 0x912C, 0xB16F, 0xC9B1,
    0xC190, 0xB98F, 0xD1B1, 0xE1D3, 0xC9B1, 0xA14D, 0xA14D, 0xB98F, 0xC190, 0xA96E, 0xA14D, 0xC190,
    0xD9D2, 0xD1B1, 0xB18F, 0xB16F, 0xC190, 0xB98F, 0x994C, 0x890B, 0x994D, 0xB98F, 0xB16F, 0xA14D,
    0xB18F, 0xD1D2, 0xD1D1, 0xB16E, 0x994D, 0xA16E, 0xB16E, 0x994D, 0x810B, 0x912C, 0xB98F, 0xC1B0,
    0xB16F, 0xB16E, 0xC190, 0xDC56, 0xA96E, 0x892B, 0x912C, 0xA96E, 0xA96E, 0x994C, 0x994D, 0xC190,
    0xD9D2, 0xC9B1, 0xB16F, 0xB98F, 0xC1B0, 0xB16F, 0x912C, 0x892B, 0xA14E, 0xB98F, 0xA96E, 0xA14D,
    0xB98F, 0xD9D2, 0xD1B1, 0xB16F, 0xA96E, 0xB990, 0xC9B1, 0xB16F, 0xA14D, 0xC190, 0xE9F3, 0xE9F3,
    0xD1B1, 0xD1B1, 0xF1F4, 0xF1F4, 0xC9B1, 0xA96E, 0xB98F, 0xD1B1, 0xC9B1, 0xB16F, 0xC190, 0xE9F3,
    0xD1B1, 0xC9B1, 0xA96E, 0xA96E, 0xD9B2, 0xFA14, 0xE9F3, 0xD1B2, 0xE1D2, 0xFA15, 0xF1F4, 0xC190,
    0xB16F, 0xD1B1, 0xE9D3, 0xD9B2, 0xC991, 0xE1D3, 0xFA36, 0xFA36, 0xE9F3, 0xD9D2, 0xF1F4, 0xF9F4,
    0xD1B1, 0xB16E, 0xC190, 0xF1F4, 0xF9F4, 0xE1D3, 0xE1D3, 0xFA36, 0xFA37, 0xE9F3, 0xC190, 0xC9B1,
    0xEC77, 0xD1B1, 0xB16F, 0xB96F, 0xE1D3, 0xFA14, 0xE1D2, 0xC9B1, 0xD9D2, 0xE1F3, 0xD1B1, 0xA14E,
    0x994D, 0xB98F, 0xC9B1, 0xB98F, 0xB16E, 0xD1B1, 0xF1F4, 0xE9F3, 0xC190, 0xB990, 0xD1B1, 0xC9B1,
    0xA94E, 0x912C, 0xA96E, 0xC9B1, 0xC190, 0xB16F, 0xB990, 0xD9D2, 0xD9D2, 0xB98F, 0x994D, 0xA96E,
    0xB16F, 0xA14D, 0x912C, 0x994D, 0xC190, 0xD1B1, 0xB990, 0xB16E, 0xC190, 0xC9B1, 0xB16E, 0x892B,
    0x892B, 0xA14D, 0xA96E, 0x994D, 0x994D, 0xB990, 0xD9D2, 0xC9B1, 0xB16F, 0xB16F, 0xC9B0, 0xC190,
    0xA14D, 0x912C, 0xB16F, 0xD1B1, 0xC9B1, 0xB98F, 0xC9B1, 0xE1D3, 0xD9D2, 0xB16F, 0x994D, 0xCC35,
    0xB16E, 0x994D, 0x810B, 0x994D, 0xB98F, 0xB990, 0xA96E, 0xA14D, 0xB16F, 0xB18F, 0x994C, 0x790A,
    0x810B, 0x994D, 0x994D, 0x912C, 0x912C, 0xB16E, 0xC190, 0xA96E, 0x912C, 0x914C, 0xA14D, 0x914C,
    0x810A, 0x810B, 0xA14D, 0xB990, 0xB16F, 0xA96E, 0xB98F, 0xD1B1, 0xC190, 0x994D, 0x912C, 0xA96E,
    0xB16F, 0xA14D, 0x994C, 0xB16F, 0xD9D2, 0xD9D2, 0xB98F, 0xB98F, 0xC9B1, 0xC9B0, 0xA14D, 0x892B,
    0x994D, 0xB16F, 0xB16E, 0xA14D, 0xA96E, 0xD1B1, 0xD9D2, 0xB98F, 0xA14D, 0xB16E, 0xB990, 0xA96E,
    0x912C, 0x994D, 0xC190, 0xD1B2, 0xC190, 0xB98F, 0xD1B1, 0xE1D3, 0xC9B1, 0xA14E, 0xA14D, 0xB990,
    0xC190, 0xA96E, 0xA14D, 0xC190, 0xD9D2, 0xD1B1, 0xB98F, 0xB98F, 0xC9B1, 0xC190, 0x994D, 0x892B,
    0xA14D, 0xB16F, 0xA96E, 0x994D, 0xA96E, 0xC9B0, 0xC1B0, 0xA96E, 0x994D, 0xA96E, 0xB16F, 0x994D,
    0x892B, 0x994D, 0xC190, 0xC9B1, 0xB98F, 0xB16F, 0xC190, 0xC190, 0xA14D, 0x892B, 0x912C, 0xA96E,
    0xA96E, 0x912C, 0x912C, 0xB98F, 0xD1B1, 0xC1B0, 0xB16E, 0xB18F, 0xC9B0, 0xB98F, 0x992C, 0x912C,
    0xB16E, 0xC9B1, 0xB990, 0xB16F, 0xC9B1, 0xE9F3, 0xE1D3, 0xB990, 0xB16E, 0xC190, 0xC9B1, 0xB16E,
    0x994D, 0xB98F, 0xE1D3, 0xE9F3, 0xD1B1, 0xD1B1, 0xF1F4, 0xF1F4, 0xC9B1, 0xCC35, 0xB16F, 0xC9B1,
    0xC9B1, 0xB16F, 0xC190, 0xE9F4, 0xD1B1, 0xC9B1, 0xA96E, 0xA96E, 0xD1B1, 0xF1F4, 0xE9F3, 0xD9B2,
    0xE1D3, 0xFA15, 0xF9F4, 0xC9B1, 0xB98F, 0xD9B2, 0xF1F4, 0xE1D3, 0xD1B1, 0xF1F4, 0xFA58, 0xFA58,
    0xF1F4, 0xE1D3, 0xF1F4, 0xF1F4, 0xD1B1, 0xB16E, 0xC190, 0xF1F4, 0xF9F4, 0xE1D3, 0xE9F3, 0xFA36,
    0xFA58, 0xF1F4, 0xC9B1, 0xD1B1, 0xEC77, 0xD1B1, 0xB16F, 0xB96F, 0xE1D3, 0xFA15, 0xE1D2, 0xC9B1,
    0xD1B2, 0xE1D3, 0xC9B1, 0xA14E, 0x994D, 0xB98F, 0xC9B0, 0xB16F, 0xB16E, 0xD1B1, 0xF1F4, 0xE9F3,
    0xC9B0, 0xB990, 0xC9B1, 0xC9B1, 0xA14D, 0x912C, 0xA96E, 0xC190, 0xB990, 0xA96E, 0xB98F, 0xD9D2,
    0xD9D2, 0xB16F, 0x994D, 0xA14D, 0xB16F, 0xA96E, 0x912C, 0xA14D, 0xC9B1, 0xD1B1, 0xB98F, 0xA96E,
    0xC190, 0xC9B1, 0xB16F, 0x912C, 0x892B, 0xA14D, 0xA96E, 0x994D, 0xA14D, 0xC190, 0xD9D2, 0xC9B0,
    0xA96E, 0xA96E, 0xB98F, 0xB18F, 0x994C, 0x912C, 0xB16F, 0xD1B1, 0xC9B1, 0xB98F, 0xC9B1, 0xE1D3,
    0xD9D2, 0xA96E, 0x912C, 0xA14D, 0xA96E, 0x994D, 0x892B, 0x994D, 0xC1B0, 0xC9B1, 0xB18F, 0xA96E,
    0xB990, 0xC190, 0xA14D, 0x810B, 0x892B, 0xA14D, 0xA96E, 0x994D, 0xA14D, 0xC190, 0xC9B1, 0xB16F,
    0x994C, 0x994D, 0xB16E, 0xA96E, 0x892B, 0x892B, 0xA96E, 0xC190, 0xB18F, 0xA96E, 0xB990, 0xD1D2,
    0xC9B1, 0xA14D, 0x994D, 0xA96E, 0xB16F, 0xA14D, 0x912C, 0xB16F, 0xD1D2, 0xD1B1, 0xB98F, 0xB16F,
    0xC9B0, 0xC1B0, 0xA14D, 0x892C, 0x994D, 0xB98F, 0xB16F, 0xA14D, 0xB16F, 0xE477, 0xD9D2, 0xC190,
    0xA96E, 0xB98F, 0xC9B1, 0xB98F, 0x994D, 0xA14D, 0xC9B1, 0xD9D2, 0xC9B1, 0xC190, 0xD9D2, 0xE9F3,
    0xD1B1, 0xA96E, 0xA14D, 0xB16F, 0xB98F, 0xA14D, 0xA14D, 0xC190, 0xE1D3, 0xD9D2, 0xC190, 0xC190,
    0xD1B2, 0xC9B1, 0xA14E, 0x912C, 0xA14D, 0xB18F, 0xA96E, 0x994D, 0xA96E, 0xC9B1, 0xC9B1, 0xCC35,
    0x994D, 0xA16E, 0xB16E, 0x994D, 0x810B, 0x912C, 0xB990, 0xC9B1, 0xB990, 0xB18F, 0xC1B0, 0xC1B0,
    0xA14D, 0x810B, 0x892B, 0xA14D, 0xA14D, 0x892B, 0x892B, 0xA96E, 0xB98F, 0xB16F, 0xA14D, 0xA96E,
    0xB98F, 0xB16E, 0x912C, 0x892B, 0xA96E, 0xC190, 0xB98F, 0xB16F, 0xC9B1, 0xE9F3, 0xE1D3, 0xB98F,
    0xA96E, 0xB990, 0xC190, 0xA96E, 0x912C, 0xB16E, 0xD9D2, 0xD9D2, 0xC9B0, 0xC9B1, 0xE1F3, 0xE9F3,
    0xC9B1, 0xA96E, 0xB98F, 0xD9D2, 0xD1B1, 0xB98F, 0xC190, 0xF1F4, 0xC190, 0xB98F, 0xA14D, 0xA14D,
    0xC190, 0xE1D3, 0xD9D2, 0xD1B1, 0xE1D2, 0xFA15, 0xF1F4, 0xC990, 0xB16F, 0xD1B2, 0xE9F4, 0xE1D2,
    0xD1B1, 0xF1F4, 0xFA58, 0xFA58, 0xF9F4, 0xE1D3, 0xF1F4, 0xF9F4, 0xD1B1, 0xB16F, 0xC9B1, 0xF9F4,
    0xFA15, 0xE9D3, 0xF1F4, 0xFA37, 0xFA58, 0xF9F4, 0xD1B1, 0xD1B1, 0xE9D3, 0xD1B2, 0xB16F, 0xB16F,
    0xD9D2, 0xF1F4, 0xE1D3, 0xD1B1, 0xD9D2, 0xE9F3, 0xC9B1, 0xA14D, 0x994D, 0xB98F, 0xC190, 0xB16F,
    0xB16F, 0xD9D2, 0xFA15, 0xF1F4, 0xD1B1, 0xC190, 0xD1B1, 0xC9B1, 0xA14D, 0x912C, 0xA96E, 0xC9B0,
    0xC190, 0xB16F, 0xC190, 0xE1D2, 0xE1D3, 0xB98F, 0x994D, 0xA14D, 0xA96E, 0xA14D, 0x892B, 0x994D,
    0xB990, 0xC9B1, 0xB18F, 0xA96E, 0xB98F, 0xC9B1, 0xB16E, 0x912C, 0x912C, 0xA96E, 0xB16F, 0xA14D,
    0xA14D, 0xC190, 0xD9D2, 0xD1B1, 0xB16F, 0xB16F, 0xC1B0, 0xB990, 0x994D, 0x912C, 0xB16F, 0xD1B1,
    0xC9B0, 0xB18F, 0xC190, 0xD9D2, 0xD1B1, 0xA96E, 0x994D, 0xA96E, 0xB18F, 0xA14D, 0xC414, 0xA96E,
    0xC9B1, 0xD1B1, 0xB18F, 0xA96E, 0xB990, 0xC190, 0xA14D, 0x810B, 0x892B, 0xA14D, 0xA96E, 0x994D,
    0xA96E, 0xC9B0, 0xD1D2, 0xB98F, 0xA14D, 0xA14D, 0xA96E, 0xA14D, 0x810B, 0x810B, 0xA14D, 0xB98F,
    0xB16F, 0xA96E, 0xC190, 0xD1B1, 0xC190, 0x994D, 0x892C, 0xA14D, 0xA96E, 0x994D, 0x912C, 0xA96E,
    0xD1B1, 0xD1B1, 0xB98F, 0xB98F, 0xD1B1, 0xC9B1, 0xA96E, 0x912C, 0x994D, 0xB98F, 0xB16F, 0xA14D,
    0xB16F, 0xD9D2, 0xE1F3, 0xC9B0, 0xA96E, 0xB18F, 0xC190, 0xB16F, 0x912C, 0x994D, 0xC190, 0xD9D2,
    0xC9B1, 0xC190, 0xD9D2, 0xE1F3, 0xC9B0, 0xA14D, 0x994D, 0xB18F, 0xC190, 0xA96E, 0xA14E, 0xC9B0,
    0xE9F3, 0xE1D2, 0xC9B0, 0xDC56, 0xD9D2, 0xD1B1, 0xA14E, 0x912C, 0xA14D, 0xB98F, 0xA96E, 0x994D,
    0xB16E, 0xD1B1, 0xD1B1, 0xA96E, 0x994D, 0xA96E, 0xB16E, 0x994D, 0x890B, 0x994C, 0xB98F, 0xC9B0,
    0xB18F, 0xB16E, 0xC190, 0xC190, 0xA14D, 0x810B, 0x810B, 0x994D, 0x994C, 0x810B, 0x810B, 0x994D,
    0xB16F, 0xA96E, 0x994C, 0xA14D, 0xB98F, 0xB18F, 0x994C, 0x912C, 0xB16F, 0xD1B1, 0xC190, 0xB16F,
    0xC9B0, 0xE1D2, 0xD9D2, 0xB16F, 0xA96E, 0xB98F, 0xB990, 0xA14D, 0x912C, 0xA96E, 0xD1B1, 0xD9D2,
    0xC9B0, 0xC9B1, 0xE9F3, 0xF1F4, 0xC9B1, 0xA96E, 0xB98F, 0xD9B2, 0xD1B1, 0xB990, 0xC9B1, 0xFA14,
    0xB9CD, 0xB9CD, 0xB9CD, 0xB9CD, 0xB9CD, 0xB9CD, 0xC1CD, 0xC1ED, 0xC1ED, 0xC1ED, 0xC1CD, 0xC1CD,
    0xB9CD, 0xC1CD, 0xC1CD, 0xC1CD, 0xC1CD, 0xC1ED, 0xC9ED, 0xC9ED, 0xC1ED, 0xC1CD, 0xB9CD, 0xB9CD,
    0xC1CD, 0xC1CD, 0xC1CD, 0xC1CD, 0xC1CD, 0xC1ED, 0xC1CD, 0xC1CD, 0xB9CD, 0xB9CC, 0xB9CD, 0xC1CD,
    0xC9ED, 0xC9ED, 0xC9ED, 0xC9ED, 0xC9EE, 0xD1EE, 0xD1EE, 0xD20E, 0xD20E, 0xDA0E, 0xDA0E, 0xD20E,
    0xD1EE, 0xD1EE, 0xC9ED, 0xC9ED, 0xC9ED, 0xC9ED, 0xC9EE, 0xC9EE, 0xC9EE, 0xC9EE, 0xD1EE, 0xD1EE,
    0xD1EE, 0xD1EE, 0xD20E, 0xD20E, 0xDA0E, 0xDA0E, 0xDA0E, 0xDA0E, 0xDA0E, 0xDA0E, 0xDA0E, 0xDA0E,
    0xD20E, 0xD1EE, 0xC9ED, 0xC9ED, 0xC9ED, 0xC9ED, 0xC9ED, 0xC9ED, 0xC9ED, 0xC9ED, 0xC9ED, 0xC1ED,
    0xC1CD, 0xB9CD, 0xB9CC, 0xB9CC, 0xB9CD, 0xB9CD, 0xB9CC, 0xB9CC, 0xB9CC, 0xB1CC, 0xB1CC, 0xB1CC,
    0xB1CC, 0xB9CC, 0xB9CC, 0xB9CD, 0xB9CD, 0xB9CD, 0xB9CD, 0xB9CD, 0xB9CD, 0xB9CD, 0xB9CD, 0xB9CC,
    0xB9CD, 0xB9CD, 0xC1CD, 0xC1ED, 0xC9ED, 0xC9ED, 0xC9EE, 0xC9EE, 0xC9EE, 0xC9EE, 0xC9EE, 0xC9ED,
    0xC9ED, 0xC9ED, 0xC9EE, 0xD1EE, 0xD1EE, 0xD1EE, 0xC9EE, 0xC9ED, 0xC9ED, 0xC9ED, 0xC9ED, 0xC9ED,
    0xC9ED, 0xC9ED, 0xC9EE, 0xC9ED, 0xC1ED, 0xC1CD, 0xB9CD, 0xB9CD, 0xC1CD, 0xC1CD, 0xC1ED, 0xC1ED,
    0xC9ED, 0xC9ED, 0xC9EE, 0xD1EE, 0xD20E, 0xD20E, 0xD20E, 0xDA0E, 0xDA0E, 0xDA0E, 0xDA0E, 0xDA0E,
    0xD20E, 0xD1EE, 0xD1EE, 0xC9EE, 0xD1EE, 0xD1EE, 0xD20E, 0xDA0E, 0xDA0E, 0xDA0E, 0xDA0E, 0xDA0E,
    0xDA0E, 0xDA0E, 0xDA0E, 0xDA0E, 0xDA0E, 0xDA0E, 0xDA0F, 0xE20F, 0xE20F, 0xE22F, 0xE20F, 0xE20F,
    0xDA0F, 0xDA0F, 0xDA0E, 0xDA0E, 0xDA0E, 0xDA0F, 0xEC95, 0xE20F, 0xDA0F, 0xDA0E, 0xDA0E, 0xDA0E,
    0xDA0E, 0xD20E, 0xD20E, 0xD20E, 0xD20E, 0xDA0E, 0xDA0E, 0xDA0E, 0xDA0E, 0xDA0E, 0xDA0E, 0xDA0E,
    0xDA0E, 0xDA0E, 0xDA0E, 0xD20E, 0xD1EE, 0xD1EE, 0xD1EE, 0xD1EE, 0xD1EE, 0xD1EE, 0xD1EE, 0xD1EE,
    0xD20E, 0xD20E, 0xDA0E, 0xDA0E, 0xDA0E, 0xD20E, 0xD20E, 0xD20E, 0xD20E, 0xD20E, 0xD20E, 0xD1EE,
    0xD1EE, 0xC9EE, 0xC9EE, 0xD1EE, 0xD1EE, 0xD1EE, 0xD1EE, 0xD1EE, 0xD1EE, 0xD1EE, 0xD1EE, 0xD20E,
    0xD1EE, 0xD1EE, 0xC9EE, 0xC9ED, 0xC9ED, 0xD1EE, 0xD1EE, 0xD20E, 0xD20E, 0xDA0E, 0xDA0E, 0xDA0E,
    0xDA0E, 0xDA0F, 0xDA0F, 0xDA0F, 0xC1CD, 0xC1CD, 0xC1CD, 0xB9CD, 0xB9CD, 0xB9CD, 0xC1CD, 0xC1CD,
    0xC1ED, 0xC1CD, 0xC1CD, 0xC1CD, 0xC1CD, 0xC1CD, 0xC1CD, 0xC1CD, 0xC1ED, 0xC1ED, 0xC9ED, 0xC9ED,
    0xC1ED, 0xC1ED, 0xC1CD, 0xC1CD, 0xC1CD, 0xC1CD, 0xC1CD, 0xC1CD, 0xC1CD, 0xDC74, 0xC1ED, 0xC1CD,
    0xC1CD, 0xB9CD, 0xC1CD, 0xC1ED, 0xC9ED, 0xC9ED, 0xC9ED, 0xC9ED, 0xC9ED, 0xD1EE, 0xD1EE, 0xD20E,
    0xDA0E, 0xDA0E, 0xDA0E, 0xD20E, 0xD1EE, 0xD1EE, 0xC9EE, 0xC9ED, 0xC9ED, 0xC9ED, 0xC9ED, 0xC9ED,
    0xC9ED, 0xC9EE, 0xD1EE, 0xD1EE, 0xD1EE, 0xD1EE, 0xD1EE, 0xD20E, 0xDA0E, 0xDA0E, 0xDA0E, 0xDA0E,
    0xDA0E, 0xDA0E, 0xDA0E, 0xDA0E, 0xD20E, 0xD1EE, 0xC9EE, 0xDC95, 0xC9ED, 0xC9ED, 0xC9EE, 0xC9ED,
    0xC9ED, 0xC9ED, 0xC9ED, 0xC9ED, 0xC1ED, 0xC1CD, 0xB9CD, 0xB9CD, 0xC1CD, 0xC1CD, 0xB9CD, 0xB9CD,
    0xB9CC, 0xB9CC, 0xB9CC, 0xB9CC, 0xD474, 0xB9CC, 0xB9CC, 0xB9CD, 0xB9CD, 0xB9CD, 0xB9CD, 0xB9CD,
    0xB9CD, 0xB9CD, 0xB9CD, 0xB9CC, 0xB9CD, 0xB9CD, 0xC1CD, 0xC1ED, 0xC9ED, 0xC9ED, 0xC9EE, 0xC9EE,
    0xC9EE, 0xC9EE, 0xD1EE, 0xC9EE, 0xC9EE, 0xC9EE, 0xD1EE, 0xD1EE, 0xD1EE, 0xD1EE, 0xD1EE, 0xD1EE,
    0xD1EE, 0xC9EE, 0xC9EE, 0xC9EE, 0xC9EE, 0xC9EE, 0xC9EE, 0xC9ED, 0xC9ED, 0xC1ED, 0xC1CD, 0xC1CD,
    0xC1ED, 0xC1ED, 0xC9ED, 0xC9ED, 0xC9ED, 0xC9ED, 0xD1EE, 0xD1EE, 0xD20E, 0xD20E, 0xD20E, 0xD20E,
    0xDA0E, 0xD20E, 0xD20E, 0xD20E, 0xD1EE, 0xD1EE, 0xD1EE, 0xC9EE, 0xD1EE, 0xD1EE, 0xD20E, 0xD20E,
    0xD20E, 0xD20E, 0xDA0E, 0xDA0E, 0xD20E, 0xD20E, 0xD20E, 0xDA0E, 0xDA0E, 0xDA0E, 0xDA0E, 0xE20F,
    0xE20F, 0xE20F, 0xE20F, 0xE20F, 0xDA0F, 0xDA0F, 0xDA0E, 0xDA0E, 0xDA0E, 0xDA0F, 0xDA0F, 0xE20F,
    0xDA0F, 0xDA0E, 0xDA0E, 0xDA0E, 0xDA0E, 0xD20E, 0xD20E, 0xD20E, 0xDA0E, 0xDA0E, 0xDA0E, 0xDA0E,
    0xDA0E, 0xDA0E, 0xDA0E, 0xDA0E, 0xDA0E, 0xDA0E, 0xDA0E, 0xD20E, 0xD20E, 0xD1EE, 0xD1EE, 0xE495,
    0xD1EE, 0xD1EE, 0xD1EE, 0xD20E, 0xD20E, 0xDA0E, 0xDA0E, 0xDA0E, 0xDA0E, 0xD20E, 0xD20E, 0xD20E,
    0xD20E, 0xD20E, 0xD20E, 0xD1EE, 0xD1EE, 0xD1EE, 0xD1EE, 0xD1EE, 0xD1EE, 0xD1EE, 0xD1EE, 0xD1EE,
    0xD1EE, 0xD1EE, 0xD1EE, 0xD1EE, 0xD1EE, 0xD1EE, 0xD1EE, 0xC9EE, 0xD1EE, 0xD1EE, 0xD20E, 0xD20E,
    0xDA0E, 0xDA0E, 0xDA0E, 0xDA0F, 0xDA0F, 0xE20F, 0xE20F, 0xE20F, 0xC1ED, 0xC1ED, 0xC1ED, 0xC1ED,
    0xC1CD, 0xC1CD, 0xC1ED, 0xC1ED, 0xC1ED, 0xC1ED, 0xC1ED, 0xC1ED, 0xC1ED, 0xC1ED, 0xC1ED, 0xC1ED,
    0xC9ED, 0xC9ED, 0xC9ED, 0xC9EE, 0xC9ED, 0xC9ED, 0xC1ED, 0xC1ED, 0xC1ED, 0xC1ED, 0xC1ED, 0xC1ED,
    0xC9ED, 0xC9ED, 0xC9ED, 0xC9ED, 0xC1ED, 0xC1ED, 0xC9ED, 0xC9ED, 0xC9ED, 0xC9ED, 0xC9EE, 0xC9EE,
    0xD1EE, 0xD20E, 0xD20E, 0xDA0E, 0xDA0E, 0xDA0E, 0xDA0E, 0xDA0E, 0xDA0E, 0xD20E, 0xD20E, 0xD1EE,
    0xD1EE, 0xD1EE, 0xC9EE, 0xD1EE, 0xD1EE, 0xD20E, 0xD20E, 0xD1EE, 0xD1EE, 0xD1EE, 0xD20E, 0xD20E,
    0xDA0E, 0xDA0E, 0xDA0F, 0xDA0F, 0xDA0F, 0xDA0E, 0xDA0E, 0xDA0E, 0xDA0E, 0xDA0E, 0xD20E, 0xD20E,
    0xD20E, 0xD20E, 0xD1EE, 0xD1EE, 0xD1EE, 0xD1EE, 0xD1EE, 0xC9EE, 0xC9ED, 0xC9ED, 0xC1ED, 0xC1ED,
    0xC1ED, 0xC1ED, 0xC1ED, 0xC1ED, 0xC1CD, 0xC1CD, 0xB9CD, 0xD474, 0xB9CC, 0xB9CD, 0xB9CD, 0xB9CD,
    0xB9CD, 0xB9CD, 0xB9CD, 0xB9CD, 0xB9CD, 0xB9CD, 0xB9CD, 0xB9CD, 0xC1CD, 0xC1CD, 0xC1ED, 0xC9ED,
    0xC9ED, 0xD1EE, 0xD1EE, 0xD20E, 0xD20E, 0xD20E, 0xD20E, 0xD20E, 0xD20E, 0xD20E, 0xD20E, 0xD20E,
    0xD20E, 0xD20E, 0xDA0E, 0xDA0E, 0xDA0E, 0xDA0E, 0xDA0E, 0xD20E, 0xE495, 0xD1EE, 0xD1EE, 0xC9EE,
    0xC9EE, 0xC9ED, 0xC9ED, 0xC9ED, 0xC9EE, 0xC9EE, 0xD1EE, 0xD1EE, 0xD1EE, 0xD20E, 0xD20E, 0xD20E,
    0xDA0E, 0xDA0E, 0xE495, 0xDA0E, 0xDA0E, 0xDA0E, 0xDA0E, 0xD20E, 0xD20E, 0xD20E, 0xD20E, 0xD20E,
    0xD20E, 0xD20E, 0xD20E, 0xDA0E, 0xDA0E, 0xDA0E, 0xDA0E, 0xDA0E, 0xDA0E, 0xDA0E, 0xDA0E, 0xDA0E,
    0xDA0E, 0xDA0F, 0xDA0F, 0xE20F, 0xE22F, 0xE22F, 0xE22F, 0xE22F, 0xE20F, 0xE20F, 0xDA0F, 0xDA0F,
    0xDA0F, 0xDA0F, 0xE20F, 0xE22F, 0xE20F, 0xDA0F, 0xDA0E, 0xDA0E, 0xDA0E, 0xDA0E, 0xDA0F, 0xDA0F,
    0xDA0F, 0xDA0F, 0xE20F, 0xE20F, 0xDA0F, 0xDA0F, 0xDA0F, 0xDA0F, 0xDA0F, 0xDA0F, 0xDA0E, 0xDA0E,
    0xDA0E, 0xDA0E, 0xD20E, 0xD20E, 0xD20E, 0xDA0E, 0xDA0E, 0xDA0E, 0xE495, 0xDA0E, 0xDA0E, 0xDA0E,
    0xDA0E, 0xDA0E, 0xDA0E, 0xD20E, 0xD20E, 0xD20E, 0xD20E, 0xD20E, 0xD20E, 0xD20E, 0xD20E, 0xD20E,
    0xD20E, 0xD20E, 0xD20E, 0xD20E, 0xD20E, 0xD20E, 0xD20E, 0xD20E, 0xD20E, 0xD20E, 0xE495, 0xD20E,
    0xD20E, 0xDA0E, 0xE495, 0xDA0F, 0xDA0F, 0xE20F, 0xE20F, 0xE22F, 0xE22F, 0xE22F, 0xEA2F, 0xEA2F,
    0xC9EE, 0xC9EE, 0xC9EE, 0xC9ED, 0xC9ED, 0xC9ED, 0xC9ED, 0xC9ED, 0xC1ED, 0xC9ED, 0xC9ED, 0xC9ED,
    0xC9EE, 0xC9EE, 0xC9EE, 0xC9EE, 0xD1EE, 0xD1EE, 0xD20E, 0xD20E, 0xD20E, 0xD1EE, 0xC9EE, 0xC9ED,
    0xC9ED, 0xC9ED, 0xC9ED, 0xC9ED, 0xC9EE, 0xD1EE, 0xD1EE, 0xD1EE, 0xD1EE, 0xD1EE, 0xD1EE, 0xD1EE,
    0xD20E, 0xD20E, 0xD20E, 0xD20E, 0xD20E, 0xDA0E, 0xDA0F, 0xE22F, 0xE22F, 0xE22F, 0xE22F, 0xDA0F,
    0xDA0F, 0xDA0F, 0xDA0E, 0xDA0E, 0xDA0E, 0xD20E, 0xD20E, 0xD20E, 0xD20E, 0xDA0E, 0xDA0E, 0xDA0E,
    0xD20E, 0xD20E, 0xDA0E, 0xDA0E, 0xDA0F, 0xE20F, 0xE22F, 0xE22F, 0xE22F, 0xE22F, 0xE22F, 0xE22F,
    0xE20F, 0xE20F, 0xDA0F, 0xDA0F, 0xDA0F, 0xDA0F, 0xDA0E, 0xDA0E, 0xDA0E, 0xDA0E, 0xD20E, 0xD20E,
    0xD20E, 0xD20E, 0xD20E, 0xD1EE, 0xD1EE, 0xD1EE, 0xC9EE, 0xC9EE, 0xC9ED, 0xC9ED, 0xC1ED, 0xC1ED,
    0xC1ED, 0xC1ED, 0xC1ED, 0xC1ED, 0xC1ED, 0xC1CD, 0xC1CD, 0xB9CD, 0xC1CD, 0xC1ED, 0xC1ED, 0xC1ED,
    0xC1ED, 0xC1ED, 0xC9ED, 0xC9EE, 0xD20E, 0xD20E, 0xDA0E, 0xDA0E, 0xDA0E, 0xDA0F, 0xDA0F, 0xE20F,
    0xE22F, 0xE22F, 0xDA0F, 0xDA0F, 0xDA0E, 0xDA0F, 0xE22F, 0xE22F, 0xE22F, 0xE22F, 0xE22F, 0xE22F,
    0xDA0F, 0xDA0E, 0xD20E, 0xD20E, 0xD20E, 0xD20E, 0xDA0E, 0xDA0E, 0xDA0E, 0xDA0E, 0xDA0E, 0xDA0E,
    0xDA0F, 0xDA0F, 0xDA0F, 0xDA0F, 0xDA0F, 0xDA0F, 0xDA0F, 0xDA0F, 0xDA0F, 0xDA0F, 0xDA0E, 0xDA0E,
    0xDA0E, 0xDA0E, 0xDA0E, 0xDA0E, 0xDA0E, 0xDA0E, 0xDA0E, 0xDA0E, 0xDA0F, 0xDA0F, 0xDA0F, 0xDA0F,
    0xDA0F, 0xDA0F, 0xDA0F, 0xE20F, 0xE22F, 0xE22F, 0xE22F, 0xE22F, 0xEA2F, 0xEA30, 0xEA30, 0xEA30,
    0xEA30, 0xEA2F, 0xE22F, 0xE22F, 0xE22F, 0xE22F, 0xE22F, 0xEA2F, 0xE22F, 0xE22F, 0xE20F, 0xE20F,
    0xE22F, 0xE22F, 0xE22F, 0xE22F, 0xEA2F, 0xEA2F, 0xEA2F, 0xEA2F, 0xE22F, 0xE22F, 0xE22F, 0xE22F,
    0xE22F, 0xE22F, 0xE22F, 0xE20F, 0xE20F, 0xE20F, 0xDA0F, 0xDA0F, 0xDA0F, 0xE20F, 0xE22F, 0xE22F,
    0xE22F, 0xE22F, 0xE20F, 0xDA0F, 0xDA0F, 0xDA0F, 0xDA0F, 0xDA0E, 0xDA0E, 0xDA0E, 0xDA0E, 0xDA0E,
    0xDA0F, 0xDA0F, 0xDA0F, 0xDA0F, 0xDA0F, 0xDA0F, 0xDA0E, 0xDA0E, 0xDA0E, 0xDA0E, 0xDA0E, 0xDA0E,
    0xDA0E, 0xDA0E, 0xDA0F, 0xE20F, 0xE20F, 0xE22F, 0xE22F, 0xE22F, 0xE22F, 0xEA2F, 0xEA30, 0xEA30,
    0xEA30, 0xF230, 0xF230, 0xF230, 0xD20E, 0xD20E, 0xD20E, 0xD20E, 0xD20E, 0xC9EE, 0xC9EE, 0xC9EE,
    0xC9EE, 0xC9EE, 0xD20E, 0xD20E, 0xD20E, 0xD20E, 0xD20E, 0xD20E, 0xD20E, 0xDA0E, 0xDA0E, 0xDA0E,
    0xDA0E, 0xD20E, 0xD20E, 0xD20E, 0xD20E, 0xD20E, 0xD20E, 0xD20E, 0xD20E, 0xDA0E, 0xDA0E, 0xDA0E,
    0xDA0E, 0xDA0E, 0xDA0E, 0xDA0E, 0xDA0E, 0xDA0E, 0xDA0E, 0xDA0E, 0xDA0F, 0xE22F, 0xE22F, 0xEA2F,
    0xEA30, 0xEA30, 0xEA30, 0xEA2F, 0xE22F, 0xE22F, 0xE22F, 0xE22F, 0xE22F, 0xDA0F, 0xDA0E, 0xDA0F,
    0xDA0F, 0xE22F, 0xE22F, 0xDA0F, 0xDA0E, 0xDA0E, 0xDA0F, 0xE22F, 0xE22F, 0xE22F, 0xEA2F, 0xEA2F,
    0xEA2F, 0xEA2F, 0xEA2F, 0xEA2F, 0xEA2F, 0xEA2F, 0xEA2F, 0xEA2F, 0xECB6, 0xE22F, 0xE22F, 0xE22F,
    0xE22F, 0xDA0F, 0xDA0F, 0xDA0F, 0xDA0F, 0xDA0F, 0xDA0E, 0xDA0E, 0xDA0E, 0xDA0E, 0xDA0E, 0xD20E,
    0xD20E, 0xD20E, 0xD1EE, 0xC9ED, 0xC9ED, 0xC9ED, 0xC9ED, 0xC9ED, 0xC9ED, 0xC1ED, 0xC1ED, 0xC1ED,
    0xC1ED, 0xC9ED, 0xC9EE, 0xC9EE, 0xC9EE, 0xC9EE, 0xD1EE, 0xD20E, 0xDA0E, 0xDA0F, 0xDA0F, 0xE22F,
    0xE22F, 0xE22F, 0xE22F, 0xEA2F, 0xEA30, 0xEA30, 0xEA2F, 0xE22F, 0xE22F, 0xEA2F, 0xEA30, 0xF250,
    0xF250, 0xF250, 0xF230, 0xEA30, 0xEA2F, 0xE22F, 0xDA0F, 0xDA0F, 0xDA0F, 0xE22F, 0xE22F, 0xE22F,
    0xE22F, 0xE22F, 0xE22F, 0xE22F, 0xE22F, 0xE22F, 0xE22F, 0xE22F, 0xE22F, 0xE22F, 0xE22F, 0xE22F,
    0xE22F, 0xE22F, 0xE22F, 0xDA0F, 0xDA0F, 0xE22F, 0xE22F, 0xE22F, 0xE22F, 0xE22F, 0xE22F, 0xE22F,
    0xE22F, 0xE22F, 0xE22F, 0xE22F, 0xE22F, 0xE22F, 0xEA2F, 0xEA2F, 0xEA2F, 0xEA30, 0xEA30, 0xEA30,
    0xF250, 0xF250, 0xF250, 0xF250, 0xF250, 0xF250, 0xEA30, 0xEA30, 0xEA2F, 0xEA30, 0xEA30, 0xF230,
    0xEA30, 0xEA2F, 0xE22F, 0xE22F, 0xEA2F, 0xEA30, 0xEA30, 0xF250, 0xF250, 0xF250, 0xF250, 0xF250,
    0xF230, 0xEA30, 0xEA30, 0xEA30, 0xEA2F, 0xEA2F, 0xEA2F, 0xEA2F, 0xEA2F, 0xEA2F, 0xEA2F, 0xE22F,
    0xE22F, 0xEA2F, 0xEA2F, 0xEA30, 0xEA30, 0xEA2F, 0xE22F, 0xE22F, 0xE22F, 0xE22F, 0xE22F, 0xE22F,
    0xE22F, 0xE22F, 0xE22F, 0xE22F, 0xE22F, 0xE22F, 0xE22F, 0xE22F, 0xE22F, 0xE22F, 0xE22F, 0xE22F,
    0xE22F, 0xE22F, 0xE22F, 0xDA2F, 0xE22F, 0xE22F, 0xE22F, 0xEA30, 0xEA30, 0xEA30, 0xEA30, 0xF4B6,
    0xF250, 0xF250, 0xF250, 0xFA50, 0xFA50, 0xFA51, 0xFA51, 0xFA51, 0xDA0E, 0xDA0E, 0xDA0E, 0xDA0E,
    0xD20E, 0xD20E, 0xD20E, 0xD20E, 0xD20E, 0xD20E, 0xD20E, 0xDA0E, 0xE495, 0xDA0E, 0xDA0E, 0xDA0E,
    0xDA0E, 0xDA0F, 0xDA0F, 0xDA0F, 0xDA0F, 0xDA0E, 0xDA0E, 0xDA0E, 0xDA0E, 0xDA0E, 0xDA0E, 0xDA0E,
    0xDA0F, 0xDA2F, 0xDA2F, 0xDA2F, 0xDA2F, 0xDA2F, 0xDA2F, 0xE22F, 0xE22F, 0xE22F, 0xE22F, 0xE22F,
    0xE22F, 0xE22F, 0xEA30, 0xF250, 0xF250, 0xF250, 0xF250, 0xF250, 0xF250, 0xEA30, 0xEA30, 0xEA2F,
    0xE22F, 0xE22F, 0xE22F, 0xE22F, 0xE22F, 0xE22F, 0xE22F, 0xE22F, 0xE22F, 0xE22F, 0xE22F, 0xE22F,
    0xEA2F, 0xEA30, 0xEA30, 0xEA30, 0xEA30, 0xEA30, 0xEA30, 0xEA30, 0xEA30, 0xEA30, 0xF250, 0xF250,
    0xF250, 0xEA30, 0xEA30, 0xEA2F, 0xE22F, 0xECB5, 0xE22F, 0xE22F, 0xE22F, 0xDA2F, 0xDA2F, 0xDA0F,
    0xDA0F, 0xDA0F, 0xDA0F, 0xDA0F, 0xDA0F, 0xDA0E, 0xD20E, 0xD20E, 0xCA0E, 0xD20E, 0xD20E, 0xD20E,
    0xD20E, 0xC9EE, 0xC9EE, 0xC9ED, 0xC9EE, 0xD20E, 0xD20E, 0xD20E, 0xD20E, 0xD20E, 0xDA0E, 0xDA0E,
    0xDA0F, 0xE22F, 0xE22F, 0xE22F, 0xE22F, 0xEA2F, 0xEA30, 0xEA30, 0xEA50, 0xEA50, 0xEA30, 0xEA30,
    0xEA2F, 0xF250, 0xF250, 0xFCB6, 0xFA51, 0xFA50, 0xFA50, 0xF250, 0xF250, 0xEA30, 0xE22F, 0xE22F,
    0xE22F, 0xE22F, 0xEA2F, 0xEA2F, 0xEA2F, 0xEA2F, 0xEA2F, 0xEA2F, 0xEA30, 0xEA30, 0xEA30, 0xEA2F,
    0xEA2F, 0xEA2F, 0xEA2F, 0xEA30, 0xEA30, 0xEA2F, 0xEA2F, 0xE22F, 0xE22F, 0xE22F, 0xEA2F, 0xEA30,
    0xEA30, 0xEA30, 0xEA30, 0xEA30, 0xEA30, 0xEA30, 0xEA30, 0xEA30, 0xEA30, 0xEA50, 0xF250, 0xF250,
    0xF250, 0xF250, 0xF250, 0xF250, 0xFA50, 0xFCB6, 0xFA51, 0xFA51, 0xFA51, 0xFA50, 0xF250, 0xF250,
    0xF250, 0xF250, 0xF250, 0xF250, 0xF250, 0xEA30, 0xEA30, 0xEA30, 0xEA30, 0xF250, 0xF250, 0xF250,
    0xF250, 0xFA50, 0xFA50, 0xF250, 0xF250, 0xF250, 0xF250, 0xF250, 0xF250, 0xF250, 0xF250, 0xF250,
    0xF250, 0xEA50, 0xEA30, 0xEA30, 0xEA30, 0xEA30, 0xEA50, 0xF250, 0xF250, 0xEA30, 0xEA30, 0xEA2F,
    0xEA2F, 0xEA2F, 0xEA30, 0xEA30, 0xEA30, 0xEA2F, 0xEA2F, 0xEA2F, 0xEA30, 0xEA30, 0xEA30, 0xEA30,
    0xEA30, 0xEA2F, 0xEA2F, 0xEA2F, 0xEA2F, 0xE22F, 0xEA2F, 0xEA2F, 0xEA2F, 0xEA30, 0xF250, 0xF250,
    0xF250, 0xF250, 0xF250, 0xF250, 0xFA50, 0xFA51, 0xFA51, 0xFA51, 0xFA71, 0xFA71, 0xFA71, 0xFA71,
    0xDA0E, 0xDA0E, 0xDA0E, 0xDA0E, 0xDA0E, 0xD20E, 0xD20E, 0xD20E, 0xD20E, 0xD20E, 0xDA0E, 0xDA0E,
    0xDA0E, 0xDA0E, 0xDA0E, 0xDA0E, 0xDA0E, 0xDA0F, 0xDA0F, 0xDA2F, 0xDA0F, 0xDA0E, 0xDA0E, 0xDA0E,
    0xDA0E, 0xDA0E, 0xDA0F, 0xDA2F, 0xE22F, 0xE22F, 0xE22F, 0xE22F, 0xE22F, 0xE22F, 0xE22F, 0xE22F,
    0xE22F, 0xE22F, 0xE22F, 0xE22F, 0xE22F, 0xEA2F, 0xEA50, 0xF250, 0xF250, 0xFA50, 0xFA50, 0xF250,
    0xF250, 0xF250, 0xF250, 0xEA50, 0xEA30, 0xEA2F, 0xE22F, 0xE22F, 0xE22F, 0xE22F, 0xE22F, 0xE22F,
    0xE22F, 0xE22F, 0xE22F, 0xEA2F, 0xEA30, 0xEA30, 0xEA2F, 0xEA2F, 0xEA2F, 0xEA2F, 0xEA2F, 0xEA30,
    0xEA30, 0xEA50, 0xF250, 0xF250, 0xF250, 0xF250, 0xF250, 0xEA50, 0xEA30, 0xEA2F, 0xE22F, 0xE22F,
    0xE22F, 0xDA2F, 0xDA2F, 0xDA0F, 0xDA0F, 0xDA0F, 0xDA2F, 0xDA2F, 0xDA2F, 0xDA0F, 0xDA0E, 0xD20E,
    0xD20E, 0xD20E, 0xD20E, 0xD20E, 0xD20E, 0xD20E, 0xD20E, 0xCA0E, 0xD20E, 0xD20E, 0xDA0E, 0xDA0F,
    0xDA0F, 0xDA0F, 0xDA0F, 0xDA2F, 0xDA2F, 0xE22F, 0xE22F, 0xE22F, 0xE22F, 0xEA2F, 0xEA30, 0xEA30,
    0xEA50, 0xF4B6, 0xEA50, 0xEA50, 0xEA50, 0xF250, 0xFA50, 0xFA71, 0xFA71, 0xFA51, 0xFA51, 0xFA51,
    0xF250, 0xF250, 0xEA30, 0xEA2F, 0xEA2F, 0xEA2F, 0xEA2F, 0xEA2F, 0xEA2F, 0xEA2F, 0xEA2F, 0xEA30,
    0xEA30, 0xEA30, 0xEA30, 0xEA30, 0xEA2F, 0xF4B6, 0xEA30, 0xEA30, 0xEA50, 0xEA30, 0xEA30, 0xEA2F,
    0xEA2F, 0xEA30, 0xEA30, 0xF250, 0xF250, 0xF250, 0xF250, 0xF250, 0xF250, 0xF250, 0xF250, 0xF250,
    0xF250, 0xF250, 0xF250, 0xFA50, 0xFA51, 0xFA51, 0xFA51, 0xFA51, 0xFA51, 0xFA51, 0xFA51, 0xFA71,
    0xFA71, 0xFA51, 0xFA50, 0xF250, 0xF250, 0xF250, 0xF250, 0xF250, 0xEA50, 0xEA30, 0xEA30, 0xEA30,
    0xEA50, 0xF250, 0xF250, 0xF250, 0xFA50, 0xFA51, 0xFA51, 0xFA50, 0xF250, 0xF250, 0xF250, 0xF250,
    0xF250, 0xF250, 0xF250, 0xF250, 0xF250, 0xF250, 0xF250, 0xEA50, 0xEA50, 0xEA50, 0xF250, 0xF250,
    0xF250, 0xEA50, 0xEA30, 0xEA2F, 0xEA30, 0xEA50, 0xF250, 0xF250, 0xF250, 0xEA50, 0xEA50, 0xEA50,
    0xEA50, 0xEA50, 0xEA50, 0xEA50, 0xEA30, 0xEA30, 0xEA30, 0xEA30, 0xEA30, 0xEA30, 0xEA30, 0xEA30,
    0xEA50, 0xF250, 0xF250, 0xFA51, 0xFA51, 0xFA50, 0xFA50, 0xFA50, 0xFCB6, 0xFA71, 0xFA71, 0xFA71,
    0xFA71, 0xFA71, 0xFA71, 0xFA71, 0xD2AF, 0xD2AF, 0xD2AF, 0xD2AF, 0xD2AF, 0xD2AF, 0xD2AF, 0xD2AF,
    0xE4F6, 0xD2AF, 0xD2AF, 0xD2AF, 0xD2AF, 0xD2AF, 0xCA8F, 0xCA8F, 0xD2AF, 0xD2AF, 0xDAAF, 0xDAB0,
    0xDAD0, 0xE2D0, 0xE2D0, 0xE2D0, 0xE2D0, 0xE2D0, 0xE2D0, 0xEAF1, 0xF2F1, 0xF2F1, 0xF312, 0xFB12,
    0xFB12, 0xFB12, 0xFB12, 0xFB12, 0xFB12, 0xFB12, 0xFB12, 0xFB12, 0xFB12, 0xFB12, 0xFB12, 0xFB12,
    0xFB12, 0xFB32, 0xFB32, 0xFB32, 0xFB32, 0xFB32, 0xFB12, 0xFB12, 0xFB12, 0xFB12, 0xF311, 0xF2F1,
    0xF2F1, 0xF2F1, 0xF2F1, 0xF2F1, 0xEAF1, 0xEAF1, 0xF2F1, 0xF2F1, 0xF2F1, 0xF2F1, 0xF2F1, 0xF311,
    0xFB12, 0xFB12, 0xFB12, 0xFB12, 0xFD37, 0xFB12, 0xFB12, 0xFB32, 0xFB33, 0xFB33, 0xFB33, 0xFB33,
    0xFB33, 0xFB53, 0xFB53, 0xFB53, 0xFB33, 0xFB33, 0xFB33, 0xFB33, 0xFB33, 0xFB32, 0xFB32, 0xFB12,
    0xFB12, 0xFB12, 0xFB12, 0xFB12, 0xFB12, 0xF312, 0xFB12, 0xFB12, 0xFB12, 0xFB12, 0xFB12, 0xFB12,
    0xFB12, 0xFB12, 0xFB12, 0xFB12, 0xFB12, 0xFB12, 0xF311, 0xF2F1, 0xF2F1, 0xEAF1, 0xEAD1, 0xE2D0,
    0xDAB0, 0xD2AF, 0xD2AF, 0xD2AF, 0xCA8F, 0xCA8E, 0xCA8E, 0xCA8E, 0xCA8E, 0xCA8E, 0xCA8E, 0xCA8F,
    0xDCD5, 0xCA8E, 0xC28E, 0xC28E, 0xC28E, 0xCA8E, 0xDCD5, 0xCA8E, 0xCA8E, 0xCA8E, 0xCA8E, 0xCA8E,
    0xCA8E, 0xCA8E, 0xCA8E, 0xCA8E, 0xCA8E, 0xCA8E, 0xCA8F, 0xD2AF, 0xD2AF, 0xD2AF, 0xD2AF, 0xD2AF,
    0xD2AF, 0xD2AF, 0xDAAF, 0xDAAF, 0xDAB0, 0xDAB0, 0xDAD0, 0xDAD0, 0xE2D0, 0xE2D0, 0xE2D0, 0xE2D0,
    0xE2D0, 0xDAD0, 0xDAD0, 0xDAD0, 0xE2D0, 0xE2D0, 0xE2D0, 0xECF6, 0xDAB0, 0xDAAF, 0xDAAF, 0xDAAF,
    0xDAAF, 0xDAAF, 0xDAAF, 0xD2AF, 0xD2AF, 0xD2AF, 0xCA8F, 0xCA8E, 0xC28E, 0xC26E, 0xC26E, 0xBA6E,
    0xBA6E, 0xBA6E, 0xC28E, 0xCA8E, 0xCA8E, 0xCA8F, 0xD2AF, 0xD2AF, 0xDAAF, 0xDAD0, 0xE2D0, 0xE2D0,
    0xEAD0, 0xEAD0, 0xE2D0, 0xE2D0, 0xE2D0, 0xE2D0, 0xE2D0, 0xE2D0, 0xDAD0, 0xDAD0, 0xE2D0, 0xE2D0,
    0xEAD0, 0xEAF1, 0xEAF1, 0xEAF1, 0xEAF1, 0xEAF1, 0xF2F1, 0xF2F1, 0xF2F1, 0xF2F1, 0xEAF1, 0xEAF1,
    0xEAF1, 0xEAF1, 0xEAF1, 0xEAF1, 0xEAF1, 0xF2F1, 0xF2F1, 0xEAF1, 0xEAF1, 0xEAF1, 0xEAD1, 0xE2D0,
    0xE2D0, 0xE2D0, 0xE2D0, 0xE2D0, 0xE2D0, 0xE2D0, 0xE2D0, 0xE2D0, 0xE2D0, 0xE2D0, 0xE2D0, 0xEAF1,
    0xEAF1, 0xEAF1, 0xEAF1, 0xEAF1, 0xEAF1, 0xEAF1, 0xEAF1, 0xEAF1, 0xD2AF, 0xD2AF, 0xDAAF, 0xDAAF,
    0xDAB0, 0xDAB0, 0xDAAF, 0xDAAF, 0xD2AF, 0xD2AF, 0xD2AF, 0xD2AF, 0xD2AF, 0xD2AF, 0xD2AF, 0xD2AF,
    0xD2AF, 0xDAAF, 0xDAB0, 0xDAB0, 0xDAD0, 0xE2D0, 0xE2D0, 0xE2D0, 0xEAF1, 0xEAF1, 0xEAF1, 0xEAF1,
    0xF2F1, 0xF2F1, 0xF2F1, 0xF311, 0xF311, 0xF312, 0xFB12, 0xFB12, 0xFB12, 0xFB12, 0xFB32, 0xFB32,
    0xFB33, 0xFB33, 0xFB33, 0xFB32, 0xFB33, 0xFB33, 0xFB33, 0xFB33, 0xFB33, 0xFB32, 0xFB32, 0xFB12,
    0xFB12, 0xFB12, 0xFB12, 0xF312, 0xF311, 0xF517, 0xF311, 0xF311, 0xF2F1, 0xF2F1, 0xF311, 0xF312,
    0xF312, 0xF312, 0xF2F1, 0xF2F1, 0xF2F1, 0xF311, 0xF312, 0xFB12, 0xFB12, 0xFB12, 0xFB12, 0xFB12,
    0xFB12, 0xFB32, 0xFB32, 0xFB32, 0xFB32, 0xFB32, 0xFB32, 0xFB32, 0xFB33, 0xFB33, 0xFB33, 0xFB32,
    0xFB32, 0xFB12, 0xFB12, 0xFB12, 0xFB12, 0xFB12, 0xFB12, 0xFB12, 0xFB12, 0xFB12, 0xFB12, 0xFB12,
    0xFB12, 0xFB12, 0xFB12, 0xFB12, 0xFB12, 0xFB12, 0xF2F1, 0xF2F1, 0xF2F1, 0xF2F1, 0xF2F1, 0xEAF1,
    0xEAF1, 0xE2D0, 0xE2D0, 0xE2D0, 0xE2D0, 0xDAD0, 0xDAB0, 0xDAAF, 0xD2AF, 0xD2AF, 0xD2AF, 0xCAAF,
    0xCA8F, 0xCA8E, 0xC28E, 0xC28E, 0xC28E, 0xC28E, 0xCA8E, 0xCA8F, 0xCA8F, 0xCAAF, 0xD2AF, 0xD2AF,
    0xD2AF, 0xD2AF, 0xD2AF, 0xD2AF, 0xCAAF, 0xCA8F, 0xCA8F, 0xCA8F, 0xCAAF, 0xCAAF, 0xCAAF, 0xCAAF,
    0xCAAF, 0xD2AF, 0xD2AF, 0xD2AF, 0xDAAF, 0xDAAF, 0xDAAF, 0xDAAF, 0xDAB0, 0xDAD0, 0xE2D0, 0xE2D0,
    0xE2D0, 0xE2D0, 0xE2D0, 0xE2D0, 0xE2D0, 0xE2D0, 0xE2D0, 0xDAD0, 0xDAD0, 0xDAB0, 0xDAB0, 0xDAB0,
    0xDAD0, 0xDAD0, 0xDAD0, 0xDAB0, 0xDAB0, 0xDAB0, 0xDAB0, 0xDAB0, 0xDAAF, 0xD2AF, 0xD2AF, 0xE4F5,
    0xCA8F, 0xCA8E, 0xCA8E, 0xCA8E, 0xCA8E, 0xCA8E, 0xCA8E, 0xCA8F, 0xCAAF, 0xD2AF, 0xD2AF, 0xD2AF,
    0xDAAF, 0xDAD0, 0xDAD0, 0xE2D0, 0xE2D0, 0xDAD0, 0xDAD0, 0xDAD0, 0xDAD0, 0xE2D0, 0xE2D0, 0xE2D0,
    0xEAD1, 0xE2D0, 0xE2D0, 0xE2D0, 0xE2D0, 0xEAF1, 0xEAF1, 0xF2F1, 0xF517, 0xF2F1, 0xF2F1, 0xF2F1,
    0xF2F1, 0xEAF1, 0xEAF1, 0xEAF1, 0xEAF1, 0xEAF1, 0xEAF1, 0xEAF1, 0xEAF1, 0xEAF1, 0xEAD1, 0xEAD0,
    0xE2D0, 0xE2D0, 0xE2D0, 0xE2D0, 0xED16, 0xEAD1, 0xEAD1, 0xEAD0, 0xE2D0, 0xE2D0, 0xE2D0, 0xE2D0,
    0xEAD1, 0xEAF1, 0xEAF1, 0xF2F1, 0xEAF1, 0xEAF1, 0xEAF1, 0xEAF1, 0xEAF1, 0xEAF1, 0xEAF1, 0xEAF1,
    0xDAB0, 0xDAB0, 0xDAB0, 0xDAD0, 0xDAD0, 0xE2D0, 0xDAD0, 0xDAD0, 0xDAD0, 0xECF6, 0xDAD0, 0xDAD0,
    0xDAD0, 0xDAD0, 0xDAD0, 0xE2D0, 0xE2D0, 0xE2D0, 0xE2D0, 0xED16, 0xEAD0, 0xEAD1, 0xEAF1, 0xEAF1,
    0xEAF1, 0xEAF1, 0xEAF1, 0xEAF1, 0xEAF1, 0xEAF1, 0xEAF1, 0xF2F1, 0xF2F1, 0xF2F1, 0xF312, 0xFB12,
    0xFB12, 0xFB12, 0xFB12, 0xFB32, 0xFB32, 0xFB32, 0xFB32, 0xFB32, 0xFB32, 0xFB33, 0xFB33, 0xFD37,
    0xFB32, 0xFB32, 0xFB12, 0xFB12, 0xFB12, 0xFB12, 0xFB12, 0xFB12, 0xFB12, 0xFB12, 0xFB12, 0xF312,
    0xF311, 0xF2F1, 0xF2F1, 0xF2F1, 0xEAF1, 0xEAF1, 0xEAF1, 0xEAF1, 0xEAF1, 0xEAF1, 0xEAF1, 0xEAF1,
    0xEAF1, 0xEAF1, 0xEAF1, 0xEAF1, 0xEAF1, 0xEAF1, 0xEAF1, 0xEAF1, 0xF2F1, 0xF2F1, 0xF2F1, 0xF311,
    0xF311, 0xF312, 0xFB12, 0xFB12, 0xFB12, 0xFB12, 0xFB12, 0xFB12, 0xFB12, 0xFB12, 0xFB12, 0xFB12,
    0xFB12, 0xFB12, 0xFB12, 0xFB12, 0xFB12, 0xFB12, 0xF2F1, 0xF2F1, 0xEAF1, 0xEAF1, 0xE2D0, 0xE2D0,
    0xED16, 0xE2D0, 0xE2D0, 0xDAD0, 0xDAB0, 0xDAB0, 0xDAAF, 0xDAAF, 0xDAB0, 0xDAB0, 0xDAAF, 0xDAAF,
    0xD2AF, 0xD2AF, 0xD2AF, 0xD2AF, 0xD2AF, 0xCA8E, 0xC28E, 0xC26E, 0xC26E, 0xC26E, 0xC28E, 0xC28E,
    0xCA8E, 0xCA8E, 0xCA8E, 0xCA8E, 0xCAAF, 0xD2AF, 0xD2AF, 0xD2AF, 0xD2AF, 0xD2AF, 0xD2AF, 0xD2AF,
    0xD2AF, 0xD2AF, 0xCA8F, 0xCA8F, 0xCA8E, 0xCA8F, 0xD2AF, 0xD2AF, 0xDAAF, 0xDAAF, 0xDAB0, 0xDAB0,
    0xDAD0, 0xDAD0, 0xE2D0, 0xDAD0, 0xDAD0, 0xDAB0, 0xDAAF, 0xDAAF, 0xDAAF, 0xE4F6, 0xDAD0, 0xDAB0,
    0xDAAF, 0xDAAF, 0xD2AF, 0xD2AF, 0xD2AF, 0xD2AF, 0xD2AF, 0xD2AF, 0xD2AF, 0xD2AF, 0xD2AF, 0xD2AF,
    0xDAAF, 0xD2AF, 0xE4F5, 0xD2AF, 0xD2AF, 0xD2AF, 0xD2AF, 0xD2AF, 0xD2AF, 0xD2AF, 0xD2AF, 0xD2AF,
    0xD2AF, 0xD2AF, 0xD2AF, 0xD2AF, 0xDAAF, 0xDAB0, 0xDAB0, 0xDAAF, 0xDAAF, 0xD2AF, 0xD2AF, 0xDAAF,
    0xDAAF, 0xDAB0, 0xDAD0, 0xE2D0, 0xE2D0, 0xE2D0, 0xE2D0, 0xE2D0, 0xE2D0, 0xEAF1, 0xEAF1, 0xF2F1,
    0xF2F1, 0xF2F1, 0xF2F1, 0xF2F1, 0xF2F1, 0xF2F1, 0xEAF1, 0xEAF1, 0xEAF1, 0xEAD0, 0xE2D0, 0xE2D0,
    0xE2D0, 0xDAD0, 0xDAB0, 0xE2D0, 0xE2D0, 0xE2D0, 0xE2D0, 0xEAD0, 0xEAD1, 0xEAF1, 0xEAF1, 0xEAF1,
    0xEAF1, 0xEAF1, 0xEAF1, 0xEAF1, 0xEAF1, 0xEAF1, 0xF2F1, 0xF2F1, 0xF2F1, 0xF2F1, 0xF2F1, 0xF2F1,
    0xF2F1, 0xF2F1, 0xF2F1, 0xF2F1, 0xD2AF, 0xD2AF, 0xD2AF, 0xD2AF, 0xD2AF, 0xD2AF, 0xD2AF, 0xD2AF,
    0xDAAF, 0xDAAF, 0xDAB0, 0xDAB0, 0xDAD0, 0xDAD0, 0xDAB0, 0xDAB0, 0xDAD0, 0xE2D0, 0xE2D0, 0xE2D0,
    0xE2D0, 0xE2D0, 0xE2D0, 0xE2D0, 0xE2D0, 0xE2D0, 0xE2D0, 0xEAF1, 0xEAF1, 0xF2F1, 0xF2F1, 0xF2F1,
    0xF2F1, 0xF2F1, 0xF2F1, 0xFB12, 0xFB12, 0xFB12, 0xFB12, 0xFB12, 0xFB12, 0xFB12, 0xFB12, 0xFB12,
    0xFB12, 0xFB12, 0xFB12, 0xFB12, 0xFB12, 0xFB12, 0xFB12, 0xFB12, 0xFB12, 0xF2F1, 0xF2F1, 0xF2F1,
    0xF2F1, 0xF2F1, 0xF2F1, 0xF2F1, 0xF2F1, 0xEAF1, 0xEAF1, 0xEAF1, 0xEAD1, 0xEAD0, 0xEAD0, 0xEAD0,
    0xEAD1, 0xEAD0, 0xEAD1, 0xED16, 0xEAD1, 0xEAD1, 0xEAD0, 0xEAD0, 0xE2D0, 0xE2D0, 0xE2D0, 0xEAD1,
    0xEAF1, 0xEAF1, 0xF2F1, 0xF2F1, 0xF2F1, 0xF2F1, 0xF2F1, 0xF2F1, 0xF2F1, 0xF2F1, 0xFB12, 0xFB12,
    0xFB12, 0xFB12, 0xFB12, 0xFB12, 0xFB12, 0xFB12, 0xFB12, 0xFB12, 0xF2F1, 0xF2F2, 0xF312, 0xFB12,
    0xF2F1, 0xF2F1, 0xEAF1, 0xEAF1, 0xEAF1, 0xEAF1, 0xEAF1, 0xEAD1, 0xE2D0, 0xE2D0, 0xE2D0, 0xE2D0,
    0xE2D0, 0xE2D0, 0xDAD0, 0xDAD0, 0xDAD0, 0xDAD0, 0xDAD0, 0xDAB0, 0xDAB0, 0xDAAF, 0xD2AF, 0xD2AF,
    0xCA8F, 0xD2AF, 0xD2AF, 0xD2AF, 0xCA8F, 0xCA8F, 0xCA8F, 0xCA8F, 0xCA8F, 0xCA8F, 0xCA8F, 0xD2AF,
    0xD2AF, 0xD2AF, 0xD2AF, 0xD2AF, 0xD2AF, 0xD2AF, 0xCA8F, 0xCA8F, 0xCA8F, 0xCA8F, 0xCA8F, 0xD2AF,
    0xD2AF, 0xD2AF, 0xD2AF, 0xCA8F, 0xCA8F, 0xD2AF, 0xD2AF, 0xD2AF, 0xCA8F, 0xCA8E, 0xCA8E, 0xC28E,
    0xC28E, 0xC26E, 0xC26E, 0xC26E, 0xBA6E, 0xC26E, 0xC26E, 0xC26E, 0xC26E, 0xC28E, 0xC28E, 0xC28E,
    0xCA8E, 0xCA8E, 0xCA8E, 0xCA8E, 0xCA8E, 0xDCD5, 0xCA8E, 0xCA8E, 0xC28E, 0xC26E, 0xC26E, 0xBA6D,
    0xBA6E, 0xC26E, 0xC28E, 0xCA8E, 0xCA8E, 0xCA8E, 0xCA8F, 0xCA8F, 0xD2AF, 0xD2AF, 0xD2AF, 0xDAAF,
    0xDAB0, 0xDAB0, 0xDAB0, 0xDAB0, 0xDAB0, 0xDAB0, 0xE2D0, 0xE2D0, 0xE2D0, 0xE2D0, 0xE2D0, 0xE2D0,
    0xE2D0, 0xEAD0, 0xEAD1, 0xEAF1, 0xEAF1, 0xEAF1, 0xEAF1, 0xF2F1, 0xF2F1, 0xF2F1, 0xF2F1, 0xEAF1,
    0xEAF1, 0xEAD1, 0xEAD0, 0xE2D0, 0xE2D0, 0xE2D0, 0xE2D0, 0xE2D0, 0xE2D0, 0xE2D0, 0xE2D0, 0xE2D0,
    0xE2D0, 0xE2D0, 0xE2D0, 0xE2D0, 0xE2D0, 0xE2D0, 0xE2D0, 0xE2D0, 0xE2D0, 0xE2D0, 0xE2D0, 0xED16,
    0xEAD1, 0xEAF1, 0xEAF1, 0xEAF1, 0xEAF1, 0xEAF1, 0xEAF1, 0xEAF1, 0xD2AF, 0xD2AF, 0xD28F, 0xE4F5,
    0xCA8F, 0xCA8F, 0xD28F, 0xD2AF, 0xD2AF, 0xD2AF, 0xDAAF, 0xDAAF, 0xDAB0, 0xDAB0, 0xDAB0, 0xDAB0,
    0xDAB0, 0xE2D0, 0xE2D0, 0xE2D0, 0xE2D0, 0xDAB0, 0xDAB0, 0xDAB0, 0xDAB0, 0xDAB0, 0xE2D0, 0xE2D0,
    0xE2D0, 0xEAD0, 0xEAD1, 0xEAD1, 0xEAD1, 0xEAD1, 0xEAF1, 0xEAF1, 0xF2F1, 0xF2F1, 0xF2F1, 0xF2F1,
    0xF2F1, 0xF2F1, 0xF2F1, 0xF2F1, 0xF2F1, 0xF2F1, 0xF2F1, 0xEAF1, 0xEAF1, 0xEAF1, 0xEAD1, 0xEAD1,
    0xEAD0, 0xEAD0, 0xE2D0, 0xE2D0, 0xE2D0, 0xE2D0, 0xE2D0, 0xE2D0, 0xE2D0, 0xE2D0, 0xE2D0, 0xE2D0,
    0xE2D0, 0xE2D0, 0xE2D0, 0xE2D0, 0xE2D0, 0xE2D0, 0xE2D0, 0xE2D0, 0xE2D0, 0xE2D0, 0xE2D0, 0xE2D0,
    0xE2D0, 0xE2D0, 0xE2D0, 0xE2D0, 0xE2D0, 0xE2D0, 0xEAD1, 0xEAD1, 0xF516, 0xEAF1, 0xF2F1, 0xF2F1,
    0xF2F1, 0xF2F1, 0xF2F1, 0xF2F1, 0xF2F1, 0xF2F1, 0xF2F1, 0xF2F1, 0xF2F1, 0xF2F1, 0xF2F1, 0xF2F1,
    0xF2F1, 0xF2F1, 0xF2F1, 0xF2F1, 0xF2F1, 0xEAF1, 0xEAF1, 0xEAF1, 0xEAF1, 0xEAF1, 0xEAF1, 0xEAD1,
    0xEAD1, 0xEAD0, 0xE2D0, 0xE2D0, 0xE2D0, 0xE2D0, 0xE2D0, 0xE2D0, 0xE2D0, 0xE2D0, 0xE2D0, 0xE2D0,
    0xE2D0, 0xE2D0, 0xE2D0, 0xE2D0, 0xE2D0, 0xDAB0, 0xDAB0, 0xDAAF, 0xD2AF, 0xD2AF, 0xD2AF, 0xD28F,
    0xCA8F, 0xCA8E, 0xCA8E, 0xCA8E, 0xCA8E, 0xCA8E, 0xCA8E, 0xCA8E, 0xCA8E, 0xCA8E, 0xCA8E, 0xCA8E,
    0xCA8E, 0xCA8E, 0xC28E, 0xC28E, 0xC26E, 0xC26E, 0xC26E, 0xC26E, 0xC26E, 0xC26E, 0xC26E, 0xC26E,
    0xC26E, 0xBA6D, 0xBA4D, 0xB24D, 0xB24D, 0xB24D, 0xB24D, 0xB24D, 0xB24D, 0xBA4D, 0xBA6D, 0xBA6D,
    0xBA6E, 0xC26E, 0xC26E, 0xC26E, 0xC26E, 0xC26E, 0xC28E, 0xC28E, 0xC26E, 0xC26E, 0xC26E, 0xC26E,
    0xC26E, 0xBA6E, 0xBA6D, 0xBA6D, 0xBA6D, 0xBA6D, 0xBA6D, 0xBA6E, 0xC26E, 0xC28E, 0xCA8E, 0xCA8E,
    0xCA8F, 0xCA8F, 0xCA8F, 0xD2AF, 0xD2AF, 0xD2AF, 0xD2AF, 0xDAAF, 0xDAAF, 0xDAB0, 0xDAB0, 0xE2D0,
    0xE2D0, 0xE2D0, 0xDAB0, 0xDAB0, 0xDAB0, 0xE2D0, 0xE2D0, 0xE2D0, 0xE2D0, 0xE2D0, 0xE2D0, 0xE2D0,
    0xE2D0, 0xE2D0, 0xE2D0, 0xE2D0, 0xE2D0, 0xE2D0, 0xE2D0, 0xE2D0, 0xEAD1, 0xEAF1, 0xEAF1, 0xEAD0,
    0xE2D0, 0xDAB0, 0xDAB0, 0xDAB0, 0xDAB0, 0xDAB0, 0xDAAF, 0xD2AF, 0xD2AF, 0xD2AF, 0xDAAF, 0xDAB0,
    0xDAB0, 0xDAB0, 0xE2D0, 0xE2D0, 0xE2D0, 0xE2D0, 0xE2D0, 0xE2D0, 0xE2D0, 0xE2D0, 0xE2D0, 0xE2D0,
    0xDAAF, 0xDAAF, 0xDAAF, 0xD2AF, 0xD2AF, 0xD28F, 0xD2AF, 0xD2AF, 0xDAAF, 0xDAAF, 0xDAAF, 0xDAB0,
    0xDAB0, 0xDAB0, 0xDAB0, 0xDAB0, 0xDAB0, 0xDAB0, 0xDAB0, 0xDAB0, 0xDAB0, 0xDAB0, 0xDAB0, 0xDAB0,
    0xDAB0, 0xDAB0, 0xDAB0, 0xDAB0, 0xDAB0, 0xDAB0, 0xDAB0, 0xE2D0, 0xE2D0, 0xE2D0, 0xE2D0, 0xE2D0,
    0xE2B0, 0xE2B0, 0xE2B0, 0xE2B0, 0xE2B0, 0xE2D0, 0xE2D0, 0xEAD1, 0xEAD1, 0xEAD1, 0xEAD1, 0xEAD0,
    0xE2D0, 0xE2D0, 0xE2B0, 0xDAB0, 0xDAB0, 0xDAB0, 0xDAB0, 0xDAB0, 0xDAB0, 0xDAB0, 0xDAB0, 0xDAB0,
    0xDAB0, 0xDAB0, 0xDAB0, 0xDAAF, 0xDAAF, 0xDAAF, 0xDAAF, 0xDAB0, 0xDAB0, 0xDAB0, 0xE2B0, 0xE2D0,
    0xE2D0, 0xE2D0, 0xE2D0, 0xEAD0, 0xEAD1, 0xEAD1, 0xEAD1, 0xEAD1, 0xEAD1, 0xEAD1, 0xEAD1, 0xEAD1,
    0xEAF1, 0xEAF1, 0xF2F1, 0xF2F1, 0xF2F1, 0xEAF1, 0xEAF1, 0xEAD1, 0xEAD1, 0xEAD1, 0xEAD1, 0xEAD0,
    0xEAD0, 0xE2D0, 0xE2D0, 0xE2D0, 0xE2D0, 0xE2D0, 0xE2D0, 0xE2D0, 0xE2D0, 0xE2D0, 0xE2D0, 0xE2D0,
    0xE2D0, 0xE2D0, 0xECF6, 0xE2D0, 0xE2D0, 0xE2D0, 0xE2D0, 0xE2D0, 0xE2D0, 0xE2B0, 0xE2B0, 0xE2B0,
    0xE2D0, 0xE2D0, 0xE2D0, 0xE2D0, 0xE2D0, 0xE2D0, 0xE2D0, 0xE2D0, 0xE2D0, 0xE2D0, 0xE2D0, 0xE2D0,
    0xDAB0, 0xDAB0, 0xDAAF, 0xD2AF, 0xD2AF, 0xD28F, 0xCA8F, 0xCA8F, 0xCA8F, 0xCA8E, 0xCA8E, 0xCA8E,
    0xCA8E, 0xCA8E, 0xCA8E, 0xCA8E, 0xCA8E, 0xC28E, 0xC26E, 0xBA6E, 0xBA6D, 0xBA6D, 0xBA6D, 0xBA6D,
    0xBA6D, 0xBA6D, 0xBA4D, 0xBA4D, 0xBA4D, 0xB24D, 0xB24D, 0xB24D, 0xB24D, 0xB24D, 0xB24D, 0xB24D,
    0xB24D, 0xB24D, 0xBA4D, 0xBA4D, 0xBA6D, 0xBA6D, 0xC26E, 0xC26E, 0xC26E, 0xC26E, 0xC26E, 0xC26E,
    0xC26E, 0xC26E, 0xC26E, 0xC26E, 0xC26E, 0xC28E, 0xC28E, 0xCA8E, 0xCA8E, 0xCA8E, 0xCA8E, 0xCA8F,
    0xCA8F, 0xCA8F, 0xD28F, 0xCA8F, 0xCA8F, 0xCA8E, 0xCA8E, 0xCA8E, 0xCA8E, 0xCA8E, 0xCA8F, 0xD28F,
    0xD2AF, 0xD2AF, 0xD2AF, 0xD2AF, 0xD2AF, 0xD2AF, 0xD2AF, 0xD2AF, 0xD2AF, 0xDAAF, 0xDAAF, 0xDAAF,
    0xD2AF, 0xD2AF, 0xD2AF, 0xD2AF, 0xD2AF, 0xD2AF, 0xDAAF, 0xDAB0, 0xDAB0, 0xDAB0, 0xE2D0, 0xE2D0,
    0xEAD1, 0xEAD1, 0xEAF1, 0xEAD1, 0xE2D0, 0xE2D0, 0xE2D0, 0xE2D0, 0xE2D0, 0xE2D0, 0xE2D0, 0xDAB0,
    0xDAAF, 0xDAAF, 0xDAAF, 0xDAAF, 0xDAAF, 0xD2AF, 0xD2AF, 0xD2AF, 0xD2AF, 0xD2AF, 0xD2AF, 0xD2AF,
    0xD2AF, 0xD2AF, 0xD28F, 0xD28F, 0xDAB0, 0xDAB0, 0xDAB0, 0xDAB0, 0xDAB0, 0xDAB0, 0xDAB0, 0xDAB0,
    0xDAB0, 0xDAB0, 0xDAB0, 0xDAB0, 0xDAB0, 0xDAB0, 0xDAB0, 0xDAB0, 0xDAB0, 0xDAB0, 0xE2B0, 0xE2D0,
    0xE2D0, 0xE2D0, 0xECF6, 0xE2D0, 0xE2D0, 0xE2D0, 0xE2D0, 0xE2D0, 0xE2B0, 0xDAB0, 0xDAB0, 0xE2B0,
    0xE2B0, 0xE2B0, 0xE2B0, 0xE2B0, 0xDAB0, 0xE2B0, 0xE2B0, 0xE2B0, 0xE2D0, 0xE2D0, 0xE2D0, 0xE2D0,
    0xE2D0, 0xE2B0, 0xDAB0, 0xDAB0, 0xDAB0, 0xDAB0, 0xE2D0, 0xE2D0, 0xE2B0, 0xDAB0, 0xDAB0, 0xDAB0,
    0xDAB0, 0xDAB0, 0xDAB0, 0xDAB0, 0xDAB0, 0xDAAF, 0xDAAF, 0xDAAF, 0xD2AF, 0xDAAF, 0xDAAF, 0xDAB0,
    0xDAB0, 0xDAB0, 0xDAB0, 0xDAB0, 0xDAB0, 0xDAB0, 0xDAB0, 0xDAB0, 0xE2B0, 0xE2D0, 0xE2D0, 0xE2D0,
    0xE2B0, 0xDAB0, 0xDAB0, 0xDAB0, 0xDAB0, 0xE2B0, 0xE2D0, 0xE2D0, 0xE2D0, 0xE2D0, 0xE2D0, 0xECF6,
    0xE2D0, 0xE2D0, 0xE2B0, 0xDAB0, 0xDAB0, 0xDAB0, 0xDAB0, 0xDAB0, 0xDAB0, 0xDAB0, 0xDAB0, 0xDAB0,
    0xDAAF, 0xDAAF, 0xDAAF, 0xDAAF, 0xDAB0, 0xDAB0, 0xE2B0, 0xE2D0, 0xE2D0, 0xE2D0, 0xE2D0, 0xE2D0,
    0xE2D0, 0xE2D0, 0xE2D0, 0xE2D0, 0xE2D0, 0xE2D0, 0xE2D0, 0xE2D0, 0xEAD0, 0xEAD0, 0xEAD0, 0xEAD0,
    0xE2D0, 0xE2D0, 0xE2D0, 0xDAB0, 0xDAB0, 0xDAAF, 0xD2AF, 0xD2AF, 0xCA8F, 0xCA8E, 0xCA8E, 0xCA8E,
    0xCA8E, 0xCA8E, 0xCA8E, 0xCA8E, 0xCA8E, 0xCA8E, 0xCA8E, 0xCA8E, 0xCA8E, 0xCA8E, 0xCA8E, 0xC26E,
    0xC26E, 0xC26E, 0xC26E, 0xBA6E, 0xBA6D, 0xBA6D, 0xBA4D, 0xB24D, 0xB24D, 0xB24D, 0xB24D, 0xB24D,
    0xB24D, 0xB24D, 0xB24D, 0xB24D, 0xB24D, 0xB24D, 0xB24D, 0xB24D, 0xBA4D, 0xBA6D, 0xBA6E, 0xC26E,
    0xC26E, 0xC26E, 0xC26E, 0xC26E, 0xC26E, 0xC26E, 0xC26E, 0xC26E, 0xC26E, 0xC26E, 0xC28E, 0xCA8E,
    0xCA8E, 0xD28F, 0xD2AF, 0xD2AF, 0xD2AF, 0xD2AF, 0xD2AF, 0xD2AF, 0xD2AF, 0xD2AF, 0xD2AF, 0xD2AF,
    0xD2AF, 0xD2AF, 0xD2AF, 0xD2AF, 0xD2AF, 0xD2AF, 0xD2AF, 0xD2AF, 0xD2AF, 0xE4F5, 0xD2AF, 0xD2AF,
    0xD2AF, 0xDAAF, 0xE4F6, 0xDAB0, 0xDAB0, 0xDAB0, 0xDAAF, 0xDAAF, 0xDAAF, 0xDAB0, 0xDAB0, 0xDAB0,
    0xDAB0, 0xDAB0, 0xDAB0, 0xDAB0, 0xDAB0, 0xE2B0, 0xE2B0, 0xE2B0, 0xDAB0, 0xDAB0, 0xE2B0, 0xE2D0,
    0xE2D0, 0xE2D0, 0xE2B0, 0xDAB0, 0xDAB0, 0xDAB0, 0xDAB0, 0xDAB0, 0xDAB0, 0xDAB0, 0xDAB0, 0xDAB0,
    0xDAB0, 0xDAAF, 0xDAAF, 0xD2AF, 0xD2AF, 0xD2AF, 0xD2AF, 0xD2AF, 0xE2D0, 0xE2D0, 0xE2D0, 0xE2D0,
    0xE2D0, 0xE2D0, 0xE2D0, 0xE2B0, 0xDAB0, 0xDAB0, 0xDAB0, 0xDAAF, 0xDAAF, 0xDAAF, 0xDAAF, 0xDAB0,
    0xDAB0, 0xDAB0, 0xDAB0, 0xDAB0, 0xE2D0, 0xE2D0, 0xE2D0, 0xEAD0, 0xEAD1, 0xEAF1, 0xF2F1, 0xEAD1,
    0xEAD0, 0xE2D0, 0xE2D0, 0xEAD1, 0xEAD1, 0xEAF1, 0xEAD1, 0xE2D0, 0xE2D0, 0xE2D0, 0xE2D0, 0xE2D0,
    0xE2D0, 0xE2D0, 0xE2D0, 0xE2D0, 0xE2B0, 0xDAB0, 0xDAAF, 0xDAAF, 0xDAAF, 0xDAAF, 0xDAAF, 0xDAB0,
    0xDAB0, 0xE2D0, 0xE2D0, 0xE2D0, 0xE2D0, 0xE2D0, 0xE2D0, 0xE2D0, 0xE2D0, 0xE2D0, 0xE2D0, 0xE2D0,
    0xE2D0, 0xE2D0, 0xE2D0, 0xE2D0, 0xE2D0, 0xE2D0, 0xDAB0, 0xDAB0, 0xDAB0, 0xDAB0, 0xDAAF, 0xDAAF,
    0xDAAF, 0xD2AF, 0xD2AF, 0xD2AF, 0xD2AF, 0xDAAF, 0xDAAF, 0xDAAF, 0xDAAF, 0xDAAF, 0xDAAF, 0xDAB0,
    0xDAB0, 0xDAB0, 0xDAB0, 0xDAB0, 0xDAAF, 0xDAB0, 0xDAB0, 0xDAB0, 0xDAB0, 0xDAB0, 0xDAB0, 0xDAB0,
    0xDAB0, 0xDAB0, 0xDAB0, 0xE2B0, 0xDAB0, 0xDAAF, 0xD2AF, 0xD2AF, 0xD2AF, 0xD2AF, 0xDAAF, 0xDAB0,
    0xE2B0, 0xE2D0, 0xE2D0, 0xEAD0, 0xEAD1, 0xEAD1, 0xEAD1, 0xEAD1, 0xEAD1, 0xEAD1, 0xEAD0, 0xE2D0,
    0xE2D0, 0xE2D0, 0xE2D0, 0xE2D0, 0xE2B0, 0xDAB0, 0xDAB0, 0xDAB0, 0xDAAF, 0xE4F6, 0xD2AF, 0xD2AF,
    0xCA8F, 0xCA8E, 0xCA8E, 0xC28E, 0xC28E, 0xC26E, 0xC26E, 0xC28E, 0xCA8E, 0xCA8E, 0xCA8E, 0xCA8E,
    0xCA8E, 0xCA8E, 0xCA8E, 0xCA8E, 0xC28E, 0xC28E, 0xC28E, 0xC26E, 0xC26E, 0xC26E, 0xC28E, 0xC26E,
    0xC26E, 0xC26E, 0xBA6E, 0xBA6D, 0xBA6D, 0xBA4D, 0xB24D, 0xB24D, 0xB24D, 0xB24D, 0xB24D, 0xBA6D,
    0xBA6D, 0xC26E, 0xDCD5, 0xC26E, 0xC26E, 0xC26E, 0xC26E, 0xC28E, 0xCA8E, 0xCA8E, 0xCA8E, 0xCA8E,
    0xCA8E, 0xCA8E, 0xCA8E, 0xCA8F, 0xCA8F, 0xD28F, 0xD2AF, 0xD2AF, 0xD2AF, 0xD2AF, 0xDAAF, 0xDAAF,
    0xDAB0, 0xE2D0, 0xE2D0, 0xEAD0, 0xEAD0, 0xE2D0, 0xE2D0, 0xE2D0, 0xE2D0, 0xDAB0, 0xDAB0, 0xDAAF,
    0xD2AF, 0xD2AF, 0xD2AF, 0xDAAF, 0xDAB0, 0xDAB0, 0xDAB0, 0xDAB0, 0xDAB0, 0xDAB0, 0xE2B0, 0xE2D0,
    0xE2D0, 0xE2D0, 0xEAD0, 0xE2D0, 0xE2D0, 0xE2D0, 0xE2D0, 0xE2B0, 0xDAB0, 0xDAAF, 0xDAAF, 0xDAB0,
    0xDAB0, 0xE2D0, 0xE2D0, 0xE2D0, 0xE2D0, 0xE2D0, 0xE2D0, 0xE2D0, 0xE2D0, 0xE2D0, 0xEAD0, 0xEAD0,
    0xE2D0, 0xE2D0, 0xE2D0, 0xE2D0, 0xE2D0, 0xE2D0, 0xE2D0, 0xE2D0, 0xE2D0, 0xE2D0, 0xE2D0, 0xE2D0,
    0xEAD0, 0xEAD0, 0xE2D0, 0xE2D0, 0xE2D0, 0xE2D0, 0xE2D0, 0xE2D0, 0xE2D0, 0xE2D0, 0xE2D0, 0xE2D0,
    0xDAD0, 0xDAD0, 0xDAB0, 0xDAB0, 0xE2D0, 0xE2D0, 0xE2D0, 0xE2D0, 0xE2D0, 0xE2D0, 0xE2D0, 0xE2D0,
    0xEAD1, 0xEAD1, 0xEAD1, 0xEAD1, 0xEAD1, 0xEAD1, 0xEAD1, 0xEAD0, 0xE2D0, 0xE2D0, 0xE2D0, 0xE2D0,
    0xDAB0, 0xDAB0, 0xDAB0, 0xDAD0, 0xE2D0, 0xE2D0, 0xE2D0, 0xE2D0, 0xE2D0, 0xDAD0, 0xDAB0, 0xDAB0,
    0xDAB0, 0xDAB0, 0xDAD0, 0xE2D0, 0xE2D0, 0xE2D0, 0xEAD1, 0xEAD1, 0xEAD1, 0xEAD1, 0xEAD1, 0xEAD0,
    0xE2D0, 0xE2D0, 0xE2D0, 0xE2D0, 0xE2D0, 0xDAD0, 0xDAD0, 0xE2D0, 0xE2D0, 0xDAD0, 0xDAB0, 0xDAB0,
    0xDAB0, 0xDAB0, 0xE2D0, 0xE2D0, 0xE2D0, 0xE2D0, 0xE2D0, 0xE2D0, 0xE2D0, 0xE2D0, 0xDAD0, 0xE2D0,
    0xE2D0, 0xE2D0, 0xE2D0, 0xE2D0, 0xE2D0, 0xE2D0, 0xE2D0, 0xED16, 0xE2D0, 0xE2D0, 0xEAD1, 0xEAD1,
    0xEAF1, 0xEAF1, 0xEAF1, 0xEAF1, 0xF2F1, 0xF2F1, 0xF2F1, 0xF2F1, 0xF2F1, 0xF2F1, 0xEAF1, 0xEAF1,
    0xEAF1, 0xEAF1, 0xEAF1, 0xEAF1, 0xF2F1, 0xF2F1, 0xF2F1, 0xF2F1, 0xF2F1, 0xF2F1, 0xF2F1, 0xF2F1,
    0xF2F1, 0xF2F1, 0xF2F1, 0xF2F1, 0xF2F1, 0xF2F1, 0xF2F1, 0xF2F1, 0xF2F1, 0xEAF1, 0xE2D0, 0xE2D0,
    0xDAD0, 0xDAB0, 0xDAAF, 0xDAAF, 0xDAAF, 0xD2AF, 0xD2AF, 0xD2AF, 0xD2AF, 0xD2AF, 0xD28F, 0xD2AF,
    0xD2AF, 0xD2AF, 0xD2AF, 0xD2AF, 0xD2AF, 0xD28F, 0xCA8F, 0xCA8E, 0xCA8E, 0xCA8E, 0xC28E, 0xC28E,
    0xC28E, 0xCA8E, 0xCA8E, 0xCA8E, 0xCA8E, 0xCA8E, 0xC28E, 0xC28E, 0xC28E, 0xC28E, 0xCA8E, 0xCA8E,
    0xCA8E, 0xCA8F, 0xCA8F, 0xCA8F, 0xCA8F, 0xCA8F, 0xCA8E, 0xCA8E, 0xDCD5, 0xC28E, 0xC28E, 0xCA8E,
    0xCA8E, 0xCA8F, 0xCA8F, 0xD28F, 0xD2AF, 0xD2AF, 0xD2AF, 0xD2AF, 0xD2AF, 0xD2AF, 0xD2AF, 0xD2AF,
    0xD2AF, 0xDAAF, 0xDAB0, 0xE2D0, 0xE2D0, 0xE2D0, 0xED16, 0xEAD1, 0xEAD1, 0xEAD1, 0xEAD0, 0xE2D0,
    0xE2D0, 0xE2D0, 0xE2D0, 0xE2D0, 0xE2D0, 0xE2D0, 0xE2D0, 0xDAD0, 0xDAD0, 0xDAD0, 0xDAB0, 0xDAB0,
    0xDAB0, 0xDAB0, 0xDAAF, 0xDAAF, 0xDAB0, 0xE2D0, 0xE2D0, 0xE2D0, 0xE2D0, 0xE2D0, 0xE2D0, 0xE2D0,
    0xE2D0, 0xE2D0, 0xE2D0, 0xE2D0, 0xEAD0, 0xEAD1, 0xEAD1, 0xEAD1, 0xEAD1, 0xEAD1, 0xEAF1, 0xEAF1,
    0xEAF1, 0xEAF1, 0xEAF1, 0xEAD1, 0xEAF1, 0xEAF1, 0xF2F1, 0xF2F1, 0xF2F1, 0xF516, 0xEAF1, 0xEAF1,
    0xEAD1, 0xEAD1, 0xEAD1, 0xEAD1, 0xEAF1, 0xEAF1, 0xEAF1, 0xEAF1, 0xEAF1, 0xEAF1, 0xEAF1, 0xEAF1,
    0xEAF1, 0xEAF1, 0xEAD1, 0xEAD1, 0xEAD0, 0xEAD0, 0xEAD1, 0xEAD1, 0xEAF1, 0xF516, 0xF2F1, 0xF2F1,
    0xF2F1, 0xEAF1, 0xEAF1, 0xEAF1, 0xEAF1, 0xEAF1, 0xEAF1, 0xEAF1, 0xEAF1, 0xEAF1, 0xEAF1, 0xEAD1,
    0xEAD1, 0xE2D0, 0xE2D0, 0xE2D0, 0xE2D0, 0xE2D0, 0xE2D0, 0xE2D0, 0xE2D0, 0xE2D0, 0xEAD0, 0xEAF1,
    0xEAF1, 0xEAF1, 0xEAF1, 0xEAD1, 0xEAD1, 0xEAD1, 0xEAD1, 0xEAD1, 0xEAD0, 0xE2D0, 0xE2D0, 0xE2D0,
    0xE2D0, 0xE2D0, 0xE2D0, 0xE2D0, 0xDAD0, 0xDAB0, 0xDAD0, 0xDAD0, 0xDAD0, 0xDAD0, 0xDAB0, 0xDAD0,
    0xDAD0, 0xDAD0, 0xDAD0, 0xDAD0, 0xE2D0, 0xE2D0, 0xEAF1, 0xEAF1, 0xF2F1, 0xEAF1, 0xEAF1, 0xEAF1,
    0xEAF1, 0xEAF1, 0xEAF1, 0xEAF1, 0xEAF1, 0xEAF1, 0xEAF1, 0xF2F1, 0xF2F1, 0xF311, 0xF312, 0xFB12,
    0xFB12, 0xFB12, 0xFB12, 0xFB12, 0xFB12, 0xFB12, 0xFB12, 0xFB12, 0xFB12, 0xFB12, 0xFB32, 0xFB32,
    0xFB12, 0xFB12, 0xFB12, 0xFB12, 0xFB12, 0xFB12, 0xFB12, 0xFB12, 0xFB12, 0xFB12, 0xFB12, 0xFB12,
    0xFB12, 0xFB12, 0xFB12, 0xFB12, 0xFB12, 0xFB12, 0xFB12, 0xFB12, 0xFB12, 0xFB12, 0xFB12, 0xF311,
    0xF2F1, 0xF2F1, 0xF2F1, 0xEAF1, 0xEAF1, 0xEAF1, 0xEAF1, 0xEAD1, 0xE2D0, 0xE2D0, 0xE2D0, 0xE2D0,
    0xE2D0, 0xE2D0, 0xDAD0, 0xDAB0, 0xDAAF, 0xDAAF, 0xD2AF, 0xD2AF, 0xD2AF, 0xD2AF, 0xD2AF, 0xCAAF,
    0xCA8F, 0xCA8F, 0xCA8E, 0xCA8E, 0xCA8E, 0xCA8E, 0xCA8E, 0xCA8E, 0xCA8E, 0xCA8F, 0xD2AF, 0xD2AF,
    0xD2AF, 0xDAAF, 0xDAB0, 0xDAD0, 0xE2D0, 0xE2D0, 0xE2D0, 0xE2D0, 0xE2D0, 0xDAD0, 0xDAD0, 0xDAD0,
    0xDAD0, 0xDAD0, 0xDAB0, 0xDAAF, 0xDAAF, 0xDAB0, 0xDAB0, 0xDAD0, 0xDAD0, 0xE2D0, 0xE2D0, 0xE2D0,
    0xE2D0, 0xE2D0, 0xE2D0, 0xE2D0, 0xE2D0, 0xEAF1, 0xEAF1, 0xEAF1, 0xEAF1, 0xEAF1, 0xF2F1, 0xF2F1,
    0xF2F1, 0xF311, 0xF2F1, 0xF2F1, 0xF2F1, 0xEAF1, 0xF2F1, 0xF2F1, 0xF2F1, 0xEAF1, 0xEAF1, 0xE2D0,
    0xE2D0, 0xE2D0, 0xE2D0, 0xE2D0, 0xE2D0, 0xE2D0, 0xDAD0, 0xDAD0, 0xDAD0, 0xE2D0, 0xE2D0, 0xE2D0,
    0xEAD1, 0xEAF1, 0xEAF1, 0xEAF1, 0xEAF1, 0xEAF1, 0xEAF1, 0xEAF1, 0xEAF1, 0xEAF1, 0xF2F1, 0xF2F1,
    0xF2F1, 0xF2F1, 0xF2F1, 0xF311, 0xFB12, 0xFB12, 0xFB12, 0xFB12, 0xFB12, 0xFB12, 0xFB12, 0xFB12,
    0xFB12, 0xFB12, 0xFB12, 0xFB12, 0xFB12, 0xFB12, 0xFB12, 0xFB12, 0xE2D0, 0xE2D0, 0xEAF1, 0xEAF1,
    0xEAF1, 0xF2F1, 0xF2F1, 0xF2F1, 0xF2F1, 0xF2F1, 0xF311, 0xFB12, 0xFB12, 0xFB12, 0xFB12, 0xF312,
    0xF312, 0xF312, 0xFB12, 0xFB12, 0xF311, 0xF2F1, 0xF2F1, 0xEAF1, 0xEAF1, 0xEAF1, 0xEAF1, 0xEAF1,
    0xEAF1, 0xE2D0, 0xE2D0, 0xE2D0, 0xE2D0, 0xE2D0, 0xE2D0, 0xEAF1, 0xEAF1, 0xEAF1, 0xEAF1, 0xE2D0,
    0xE2D0, 0xE2D0, 0xEAF1, 0xEAF1, 0xED16, 0xEAF1, 0xE2D0, 0xE2D0, 0xE2D0, 0xE2D0, 0xE2D0, 0xE2D0,
    0xE2D0, 0xDAD0, 0xDAB0, 0xDAB0, 0xDAB0, 0xDAD0, 0xDAD0, 0xDAD0, 0xDAB0, 0xDAAF, 0xDAB0, 0xDAD0,
    0xDAD0, 0xDAD0, 0xE2D0, 0xE2D0, 0xE2D0, 0xE2D0, 0xE2D0, 0xEAF0, 0xEAF1, 0xEAF1, 0xEAF1, 0xEAF1,
    0xEAF1, 0xEAF1, 0xEAF1, 0xF2F1, 0xF2F1, 0xF311, 0xF312, 0xFB12, 0xFB12, 0xFB12, 0xFB12, 0xFB32,
    0xFB32, 0xFB32, 0xFB32, 0xFB32, 0xFB32, 0xFB32, 0xFB32, 0xFB32, 0xFB33, 0xFB33, 0xFB33, 0xFB33,
    0xFB33, 0xFD37, 0xFB33, 0xFB33, 0xFB32, 0xFB32, 0xFB12, 0xFB12, 0xFB12, 0xFB32, 0xFB32, 0xFB32,
    0xFB32, 0xFB12, 0xFB12, 0xFB32, 0xFB32, 0xFB32, 0xFB32, 0xFB12, 0xFB12, 0xFB12, 0xFB12, 0xFB12,
    0xFB12, 0xFB12, 0xF311, 0xF2F1, 0xEAF1, 0xEAF1, 0xF2F1, 0xF2F1, 0xF2F1, 0xF2F1, 0xF2F1, 0xF311,
    0xF311, 0xF311, 0xF311, 0xF2F1, 0xEAF1, 0xEAF1, 0xE2D0, 0xE2D0, 0xDAD0, 0xDAD0, 0xDAAF, 0xD2AF,
    0xD2AF, 0xD2AF, 0xD2AF, 0xD2AF, 0xD2AF, 0xD2AF, 0xD2AF, 0xD2AF, 0xD2AF, 0xD2AF, 0xCAAF, 0xCA8F,
    0xD2AF, 0xD2AF, 0xDAAF, 0xDAB0, 0xDAD0, 0xDAD0, 0xE2D0, 0xE2D0, 0xEAF1, 0xF2F1, 0xF312, 0xF311,
    0xF311, 0xF311, 0xF311, 0xF311, 0xF312, 0xF312, 0xF312, 0xFB12, 0xFB12, 0xFB12, 0xFB12, 0xFB12,
    0xFB12, 0xFB12, 0xFB12, 0xFB12, 0xFB12, 0xF312, 0xF312, 0xFB12, 0xFB12, 0xFB12, 0xFB12, 0xFB12,
    0xFB12, 0xFB12, 0xFB32, 0xFB32, 0xFB32, 0xFB33, 0xFB32, 0xFB32, 0xFB12, 0xFB12, 0xFB12, 0xFB12,
    0xFB12, 0xF312, 0xF311, 0xF2F1, 0xEAF1, 0xEAF1, 0xEAF1, 0xEAF1, 0xEAF1, 0xE2D0, 0xE2D0, 0xE2D0,
    0xE2D0, 0xE2F0, 0xEAF1, 0xEAF1, 0xEAF1, 0xEAF1, 0xF2F1, 0xF2F1, 0xF311, 0xF312, 0xFB12, 0xFB12,
    0xFB12, 0xFB12, 0xFB12, 0xFB12, 0xFB12, 0xFB12, 0xFB32, 0xFB32, 0xFB32, 0xFB32, 0xFB33, 0xFB33,
    0xFD37, 0xFB33, 0xFD37, 0xFB33, 0xFB33, 0xFB53, 0xFB53, 0xFB53, 0xFB53, 0xFB53, 0xFB53, 0xFB53,
    0xF2F1, 0xF2F1, 0xF2F1, 0xF311, 0xF311, 0xF311, 0xF2F1, 0xEAF1, 0xEAF1, 0xEAF1, 0xF2F1, 0xF311,
    0xF311, 0xF311, 0xF311, 0xF2F1, 0xF2F1, 0xEAF1, 0xEAF1, 0xEAF1, 0xEAF1, 0xEAF1, 0xEAF1, 0xEAF1,
    0xEAF1, 0xEAF1, 0xEAF1, 0xEAF1, 0xE2F0, 0xE2F0, 0xE2D0, 0xE2D0, 0xE2D0, 0xED16, 0xE2D0, 0xE2D0,
    0xE2D0, 0xE2D0, 0xE2F1, 0xEAF1, 0xEAF1, 0xEAF1, 0xF2F1, 0xF311, 0xF311, 0xF311, 0xF311, 0xF311,
    0xF2F1, 0xEAF1, 0xEAF1, 0xEAF1, 0xEAF1, 0xE2F0, 0xE2D0, 0xE2D0, 0xE2D0, 0xEAF1, 0xEAF1, 0xEAF1,
    0xE2F0, 0xE2F0, 0xEAF1, 0xEAF1, 0xF2F1, 0xF311, 0xF311, 0xF311, 0xF2F1, 0xF2F1, 0xEAF1, 0xEAF1,
    0xEAF1, 0xEAF1, 0xEAF1, 0xEAF1, 0xEAF1, 0xF2F1, 0xF311, 0xF311, 0xF311, 0xF311, 0xF311, 0xFB12,
    0xFB12, 0xFB12, 0xFB32, 0xFB32, 0xFB32, 0xFB32, 0xFB32, 0xFB32, 0xFB33, 0xFB33, 0xFB33, 0xFB33,
    0xFB33, 0xFB33, 0xFB53, 0xFB53, 0xFB53, 0xFB53, 0xFB53, 0xFB53, 0xFB53, 0xFB53, 0xFB53, 0xFB53,
    0xFB33, 0xFB33, 0xFB33, 0xFD37, 0xFB53, 0xFB53, 0xFB53, 0xFB53, 0xFB53, 0xFB53, 0xFB53, 0xFB53,
    0xFB33, 0xFB33, 0xFB33, 0xFB32, 0xFB32, 0xFB32, 0xFB12, 0xFB12, 0xFB12, 0xFB12, 0xFB32, 0xFB32,
    0xFB12, 0xFB12, 0xF311, 0xF311, 0xF311, 0xF311, 0xF2F1, 0xF2F1, 0xEAF1, 0xEAF1, 0xEAF1, 0xE2D0,
    0xE2D0, 0xDAD0, 0xDAD0, 0xDAAF, 0xD2AF, 0xD2AF, 0xD2AF, 0xD2AF, 0xD2AF, 0xDAAF, 0xDAD0, 0xDAD0,
    0xDAD0, 0xDAD0, 0xE2D0, 0xDAD0, 0xDAD0, 0xE2D0, 0xE2D0, 0xE2D0, 0xE2D0, 0xEAF1, 0xEAF1, 0xEAF1,
    0xEAF1, 0xEAF1, 0xEAF1, 0xF2F1, 0xF311, 0xF311, 0xF312, 0xFB12, 0xFB12, 0xFB12, 0xFB32, 0xFB32,
    0xFB33, 0xFB33, 0xFB33, 0xFB53, 0xFB53, 0xFB53, 0xFB53, 0xFB33, 0xFB33, 0xFB33, 0xFB32, 0xFB32,
    0xFB32, 0xFB32, 0xFB32, 0xFB32, 0xFB32, 0xFB32, 0xFB32, 0xFB32, 0xFB32, 0xFB12, 0xFB12, 0xFB12,
    0xFB12, 0xFB12, 0xFB12, 0xF311, 0xF311, 0xF2F1, 0xEAF1, 0xE2F0, 0xE2D0, 0xE2D0, 0xE2D0, 0xE2D0,
    0xE2D0, 0xE2D0, 0xE2D0, 0xE2D0, 0xE2D0, 0xEAF1, 0xEAF1, 0xF2F1, 0xF311, 0xF312, 0xFB12, 0xFB12,
    0xFB32, 0xFB32, 0xFB32, 0xFB33, 0xFB33, 0xFB33, 0xFB53, 0xFB53, 0xFB53, 0xFB53, 0xFB53, 0xFB53,
    0xFB53, 0xFB53, 0xFB53, 0xFB53, 0xFB53, 0xFB53, 0xFB53, 0xFB53, 0xFB53, 0xFB53, 0xFB33, 0xFB53,
    0xFB53, 0xFB53, 0xFB54, 0xFB54, 0xFB12, 0xFB12, 0xFB12, 0xFB12, 0xFB12, 0xFB12, 0xFB12, 0xFB12,
    0xFB12, 0xFB12, 0xF312, 0xF311, 0xF311, 0xF2F1, 0xEAF1, 0xEAF1, 0xEAF1, 0xEAF1, 0xEAF1, 0xEAF1,
    0xF516, 0xEAF1, 0xEAF1, 0xEAF1, 0xEAF1, 0xEAF1, 0xEAF1, 0xF516, 0xEAF1, 0xE2D0, 0xE2D0, 0xE2D0,
    0xE2D0, 0xE2D0, 0xE2D0, 0xEAF1, 0xEAF1, 0xEAF1, 0xEAF1, 0xEAF1, 0xEAF1, 0xF2F1, 0xF311, 0xFB12,
    0xFB12, 0xFB12, 0xFB12, 0xFB12, 0xFB12, 0xFB12, 0xFB12, 0xFB12, 0xFB12, 0xFB12, 0xFB12, 0xFB12,
    0xFB12, 0xFB12, 0xFB12, 0xFB12, 0xFB12, 0xFB12, 0xFB32, 0xFB32, 0xFD37, 0xFB32, 0xFB32, 0xFB32,
    0xFB12, 0xFB12, 0xF312, 0xF311, 0xF311, 0xF311, 0xF2F1, 0xF2F1, 0xF2F1, 0xF2F1, 0xF311, 0xF311,
    0xF311, 0xF311, 0xF311, 0xF311, 0xF311, 0xF311, 0xF311, 0xF312, 0xFB12, 0xFB32, 0xFB32, 0xFB32,
    0xFB32, 0xFB32, 0xFB33, 0xFB33, 0xFB33, 0xFB53, 0xFD58, 0xFB53, 0xFB53, 0xFB53, 0xFB53, 0xFB53,
    0xFB53, 0xFB53, 0xFB74, 0xFB74, 0xFB74, 0xFB54, 0xFB54, 0xFB54, 0xFB54, 0xFB74, 0xFB74, 0xFB54,
    0xFB54, 0xFB53, 0xFB53, 0xFB53, 0xFB53, 0xFB53, 0xFB53, 0xFB53, 0xFB53, 0xFB53, 0xFB53, 0xFB53,
    0xFB33, 0xFB33, 0xFB32, 0xFB32, 0xFB12, 0xF312, 0xF311, 0xEAF1, 0xEAF1, 0xEAF1, 0xE2D0, 0xE2D0,
    0xE2D0, 0xE2D0, 0xE2D0, 0xDAD0, 0xDAD0, 0xDAD0, 0xDAD0, 0xDAD0, 0xDAD0, 0xE4F6, 0xDAD0, 0xDAD0,
    0xDAD0, 0xDAD0, 0xDAD0, 0xDAD0, 0xDAD0, 0xE2D0, 0xE2F0, 0xEAF1, 0xE2F0, 0xE2D0, 0xE2D0, 0xE2D0,
    0xDAD0, 0xDAD0, 0xDAD0, 0xDAD0, 0xDAD0, 0xE2D0, 0xE2D0, 0xE2D0, 0xE2D0, 0xE2D0, 0xE2D0, 0xEAF1,
    0xEAF1, 0xF311, 0xF311, 0xFB12, 0xFB12, 0xFB32, 0xFB32, 0xFB33, 0xFB33, 0xFB33, 0xFB33, 0xFB33,
    0xFB33, 0xFB33, 0xFB33, 0xFB33, 0xFB32, 0xFB32, 0xFB12, 0xFB12, 0xFB12, 0xF312, 0xF311, 0xF311,
    0xF2F1, 0xEAF1, 0xF2F1, 0xF2F1, 0xF311, 0xF311, 0xF2F1, 0xEAF1, 0xEAF1, 0xE2F0, 0xE2D0, 0xE2D0,
    0xDAD0, 0xDAD0, 0xDAD0, 0xDAD0, 0xE2D0, 0xE2D0, 0xE2D0, 0xE2D0, 0xE2D0, 0xEAF1, 0xEAF1, 0xEAF1,
    0xF311, 0xF311, 0xFB12, 0xFB12, 0xFB32, 0xFB33, 0xFB53, 0xFB53, 0xFB53, 0xFB53, 0xFB53, 0xFB53,
    0xFB53, 0xFB53, 0xFB53, 0xFB53, 0xFB53, 0xFB53, 0xFB53, 0xFB33, 0xFB33, 0xFB32, 0xFB32, 0xFB32,
    0xFB32, 0xFB32, 0xFB32, 0xFB12, 0xFB32, 0xFB32, 0xFB32, 0xFB32, 0xFB32, 0xFB32, 0xFB32, 0xFB32,
    0xFB32, 0xFB32, 0xFB32, 0xFB32, 0xFB32, 0xFB32, 0xFB32, 0xFB32, 0xFB12, 0xFB12, 0xFB12, 0xFB12,
    0xFB32, 0xFB32, 0xFB32, 0xFB32, 0xFB32, 0xFB32, 0xFB33, 0xFB33, 0xFB32, 0xFB32, 0xFB12, 0xFB12,
    0xFB12, 0xFB12, 0xF312, 0xF311, 0xF311, 0xF2F1, 0xEAF1, 0xEAF1, 0xEAF1, 0xEAF1, 0xEAF1, 0xF2F1,
    0xF311, 0xF311, 0xF311, 0xF312, 0xFB12, 0xFB12, 0xFB12, 0xFB12, 0xFB12, 0xFB12, 0xFB12, 0xFB12,
    0xFB12, 0xFB32, 0xFB32, 0xFB12, 0xFB12, 0xFB12, 0xFB12, 0xFB12, 0xFB12, 0xF312, 0xF311, 0xF311,
    0xF311, 0xF311, 0xF2F1, 0xF2F1, 0xF2F1, 0xF2F1, 0xF2F1, 0xF2F1, 0xF2F1, 0xF311, 0xF312, 0xFB12,
    0xF311, 0xF311, 0xF311, 0xF311, 0xFB12, 0xFB12, 0xFB32, 0xFB32, 0xFB32, 0xFB32, 0xFB33, 0xFB33,
    0xFB33, 0xFB33, 0xFB33, 0xFB53, 0xFB53, 0xFB53, 0xFB53, 0xFB53, 0xFB53, 0xFB53, 0xFB53, 0xFB53,
    0xFB53, 0xFB53, 0xFB53, 0xFB53, 0xFB53, 0xFB53, 0xFB53, 0xFB53, 0xFB53, 0xFB53, 0xFB33, 0xFB33,
    0xFB33, 0xFB53, 0xFB53, 0xFB53, 0xFB33, 0xFB33, 0xFB33, 0xFB33, 0xFB33, 0xFB33, 0xFB33, 0xFB33,
    0xFB32, 0xFB32, 0xFB32, 0xFB32, 0xFB32, 0xFB32, 0xFB32, 0xFB32, 0xFB12, 0xFB12, 0xF312, 0xF311,
    0xF311, 0xF312, 0xF312, 0xF311, 0xF2F1, 0xEAF1, 0xEAF1, 0xEAF1, 0xEAF1, 0xEAF1, 0xEAF1, 0xEAF1,
    0xF2F1, 0xEAF1, 0xEAF1, 0xE2F0, 0xE2D0, 0xE2D0, 0xDAD0, 0xDAD0, 0xDAB0, 0xDAD0, 0xDAD0, 0xDAD0,
    0xDAD0, 0xDAD0, 0xDAD0, 0xDAD0, 0xDAD0, 0xDAD0, 0xDAD0, 0xDAD0, 0xDAD0, 0xE2D0, 0xE2D0, 0xE2D0,
    0xE2D0, 0xE2D0, 0xE2D0, 0xEAF1, 0xEAF1, 0xF311, 0xF311, 0xF312, 0xFB12, 0xFB12, 0xFB12, 0xFB32,
    0xFB32, 0xFB32, 0xFB12, 0xFB12, 0xFB12, 0xF312, 0xFB12, 0xFB12, 0xFB12, 0xFB12, 0xF312, 0xFB12,
    0xFB12, 0xFB12, 0xFB12, 0xFB12, 0xFB12, 0xFB12, 0xF312, 0xF312, 0xF311, 0xF311, 0xEAF1, 0xEAF1,
    0xE2D0, 0xE2D0, 0xDAD0, 0xDAD0, 0xDAB0, 0xDAAF, 0xDAB0, 0xDAD0, 0xDAD0, 0xDAD0, 0xDAD0, 0xDAD0,
    0xDAD0, 0xDAD0, 0xE2D0, 0xE2D0, 0xE2D0, 0xE2F0, 0xEAF1, 0xEAF1, 0xF2F1, 0xF311, 0xF311, 0xF311,
    0xF311, 0xF312, 0xFB12, 0xFB12, 0xFB32, 0xFB32, 0xFB32, 0xFB33, 0xFB33, 0xFB33, 0xFB33, 0xFB33,
    0xFB33, 0xFB33, 0xFB33, 0xFB33, 0xFB33, 0xFB33, 0xFB32, 0xFB32, 0xFB32, 0xFB32, 0xFB32, 0xFB32,
    0xFB32, 0xFB32, 0xFB32, 0xFB12, 0xFB12, 0xFB12, 0xFB12, 0xFB12, 0xFB12, 0xFB12, 0xFB12, 0xFB12,
    0xFB12, 0xFB32, 0xFB32, 0xFB32, 0xFB32, 0xFB33, 0xFD37, 0xFB53, 0xFB53, 0xFB53, 0xFB53, 0xFB53,
    0xFB33, 0xFB33, 0xFB32, 0xFB32, 0xFB12, 0xFB12, 0xFB12, 0xFB12, 0xFB12, 0xF311, 0xEAF1, 0xEAF1,
    0xE2D0, 0xEAF1, 0xEAF1, 0xF2F1, 0xF312, 0xF312, 0xFB12, 0xFB12, 0xFB12, 0xFB12, 0xFB12, 0xFB12,
    0xFB12, 0xFB12, 0xFB12, 0xFB12, 0xFB12, 0xFB12, 0xFB12, 0xFB12, 0xF312, 0xF312, 0xF312, 0xFB12,
    0xFB12, 0xFB12, 0xF312, 0xF311, 0xF311, 0xF311, 0xF311, 0xF312, 0xFB12, 0xF312, 0xF312, 0xF311,
    0xF311, 0xF311, 0xF312, 0xF312, 0xF311, 0xF311, 0xF312, 0xFB12, 0xFB12, 0xFB32, 0xFB33, 0xFB33,
    0xFB33, 0xFB33, 0xFB33, 0xFB33, 0xFB33, 0xFB32, 0xFB32, 0xFB32, 0xFB32, 0xFB32, 0xFB32, 0xFB32,
    0xFB32, 0xFB32, 0xFB32, 0xFB12, 0xFB32, 0xFB32, 0xFB32, 0xFB32, 0xFB32, 0xFB32, 0xFB32, 0xFB32,
    0xFB32, 0xFB33, 0xFB33, 0xFB32, 0xFB32, 0xFB12, 0xFB12, 0xFB12, 0xFB32, 0xFB32, 0xFB32, 0xFB32,
    0xFB32, 0xFB12, 0xFB12, 0xFB12, 0xFB12, 0xFB12, 0xFB12, 0xFB32, 0xFB32, 0xFB32, 0xFB32, 0xFB12,
    0xFB12, 0xF311, 0xF2F1, 0xF2F1, 0xF311, 0xFB12, 0xFB12, 0xF312, 0xF2F1, 0xEAF1, 0xEAF1, 0xEAF1,
    0xEAF1, 0xEAF1, 0xEAF1, 0xEAF1, 0xEAF1, 0xEAF1, 0xE2D0, 0xE2D0, 0xDAD0, 0xDAD0, 0xDAD0, 0xDAB0,
    0xDAAF, 0xDAAF, 0xDAAF, 0xDAAF, 0xDAB0, 0xECF6, 0xDAD0, 0xDAD0, 0xDAD0, 0xDAD0, 0xDAD0, 0xDAD0,
    0xDAD0, 0xE2D0, 0xE2D0, 0xE2D0, 0xE2D0, 0xE2D0, 0xEAF1, 0xEAF1, 0xF2F1, 0xF2F1, 0xF2F1, 0xF2F1,
    0xEAF1, 0xF2F1, 0xF2F1, 0xF311, 0xF312, 0xF311, 0xF311, 0xF2F1, 0xF2F1, 0xEAF1, 0xEAF1, 0xEAF1,
    0xEAF1, 0xEAF1, 0xEAF1, 0xEAF1, 0xEAF1, 0xEAF1, 0xF2F1, 0xF311, 0xF311, 0xF311, 0xF311, 0xF2F1,
    0xF2F1, 0xEAF1, 0xEAF1, 0xE2D0, 0xDAD0, 0xDAD0, 0xECF6, 0xDAD0, 0xDAD0, 0xDAD0, 0xDAD0, 0xDAD0,
    0xDAD0, 0xDAAF, 0xD2AF, 0xD2AF, 0xD2AF, 0xDAAF, 0xDAAF, 0xDAB0, 0xDAAF, 0xDAB0, 0xDAB0, 0xDAD0,
    0xE2D0, 0xE2D0, 0xE2D0, 0xE2D0, 0xED16, 0xE2D0, 0xE2F0, 0xEAF1, 0xEAF1, 0xF2F1, 0xFB12, 0xFB12,
    0xFB32, 0xFB32, 0xFB12, 0xFB12, 0xFB12, 0xFB12, 0xFB12, 0xFB12, 0xF312, 0xF311, 0xF311, 0xF2F1,
    0xF2F1, 0xEAF1, 0xEAF1, 0xEAF1, 0xFB12, 0xFB12, 0xFB12, 0xFD37, 0xFB12, 0xF312, 0xFB12, 0xFB12,
    0xFB12, 0xFB12, 0xFB12, 0xFB12, 0xFB32, 0xFB32, 0xFB33, 0xFB33, 0xFB33, 0xFB33, 0xFB33, 0xFB33,
    0xFB32, 0xFB32, 0xFB32, 0xFB32, 0xFB32, 0xFB33, 0xFB33, 0xFB32, 0xFB12, 0xFB12, 0xFB12, 0xF311,
    0xF2F1, 0xF2F1, 0xF2F1, 0xEAF1, 0xEAF1, 0xF2F1, 0xF2F1, 0xF2F1, 0xF2F1, 0xF2F1, 0xF311, 0xF312,
    0xFB12, 0xFB12, 0xFB12, 0xFB12, 0xF312, 0xF311, 0xF2F1, 0xF2F1, 0xEAF1, 0xEAF1, 0xEAF1, 0xEAF1,
    0xEAF1, 0xF2F1, 0xF311, 0xF311, 0xF311, 0xF311, 0xFB12, 0xFB12, 0xFB12, 0xFB32, 0xFB32, 0xFB33,
    0xFB32, 0xFB32, 0xFB12, 0xFB12, 0xF312, 0xF311, 0xF2F1, 0xF2F1, 0xEAF1, 0xF2F1, 0xF2F1, 0xF2F1,
    0xF312, 0xFB12, 0xFB12, 0xFB12, 0xFB32, 0xFB32, 0xFB33, 0xFB32, 0xFB32, 0xFB12, 0xFB12, 0xF312,
    0xF2F1, 0xF2F1, 0xF2F1, 0xF2F1, 0xF2F1, 0xEAF1, 0xF2F1, 0xF2F1, 0xF2F1, 0xF2F1, 0xF311, 0xF311,
    0xF311, 0xF312, 0xFB12, 0xFB12, 0xFB12, 0xFB12, 0xFB12, 0xFB12, 0xFB12, 0xF311, 0xF2F1, 0xF2F1,
    0xF2F1, 0xF2F1, 0xF2F1, 0xF311, 0xF311, 0xF311, 0xF517, 0xF2F1, 0xF2F1, 0xF2F1, 0xF2F1, 0xF2F1,
    0xF2F1, 0xF2F1, 0xF2F1, 0xF2F1, 0xEAF1, 0xEAF1, 0xEAF1, 0xEAF1, 0xEAF1, 0xEAF1, 0xEAF1, 0xEAF1,
    0xE2D0, 0xE2D0, 0xE2D0, 0xDAD0, 0xDAAF, 0xD2AF, 0xD2AF, 0xD2AF, 0xD2AF, 0xD2AF, 0xD2AF, 0xD2AF,
    0xD2AF, 0xD2AF, 0xD2AF, 0xD2AF, 0xD2AF, 0xD2AF, 0xDAAF, 0xDAAF, 0xDAB0, 0xDAB0, 0xDAD0, 0xDAD0,
    0xDAD0, 0xE2D0, 0xE2D0, 0xE2D0, 0xE2D0, 0xE2D0, 0xE2D0, 0xE2D0, 0xE2D0, 0xE2D0, 0xEAF1, 0xEAF1,
    0xF2F1, 0xF2F1, 0xF2F1, 0xF2F1, 0xF2F1, 0xF2F1, 0xF2F1, 0xEAF1, 0xEAF1, 0xEAF1, 0xE2D0, 0xE2D0,
    0xDAD0, 0xDAB0, 0xDAB0, 0xECF6, 0xDAD0, 0xE2D0, 0xE2D0, 0xE2D0, 0xE2D0, 0xE2D0, 0xEAD0, 0xEAF1,
    0xEAF1, 0xEAF1, 0xE2D0, 0xE2D0, 0xE2D0, 0xE2D0, 0xE2D0, 0xE2D0, 0xE2D0, 0xE2D0, 0xE2D0, 0xDAD0,
    0xDAD0, 0xDAAF, 0xD2AF, 0xD2AF, 0xD2AF, 0xCAAF, 0xCA8F, 0xCA8E, 0xCA8E, 0xCAAF, 0xD2AF, 0xD2AF,
    0xD2AF, 0xD2AF, 0xD2AF, 0xD2AF, 0xD2AF, 0xD2AF, 0xD2AF, 0xD2AF, 0xDAAF, 0xDAAF, 0xDAD0, 0xE2D0,
    0xE2D0, 0xEAF1, 0xEAF1, 0xF2F1, 0xF2F1, 0xF2F1, 0xEAF1, 0xEAD0, 0xE2D0, 0xE2D0, 0xE2D0, 0xDAD0,
    0xDAB0, 0xDAAF, 0xD2AF, 0xD2AF, 0xD2AF, 0xCAAF, 0xCAAF, 0xCAAF, 0xF311, 0xF311, 0xF311, 0xF311,
    0xF312, 0xF312, 0xF312, 0xF312, 0xF312, 0xFB12, 0xFB12, 0xFB12, 0xFB12, 0xFB12, 0xFB32, 0xFB32,
    0xFB32, 0xFB32, 0xFB32, 0xFB32, 0xFB32, 0xFB32, 0xFB32, 0xFB33, 0xFB33, 0xFB33, 0xFB32, 0xFB32,
    0xFB12, 0xFB12, 0xFB12, 0xFB12, 0xF311, 0xF2F1, 0xF2F1, 0xF2F1, 0xEAF1, 0xEAF1, 0xEAF1, 0xEAF1,
    0xEAF1, 0xEAF1, 0xEAF1, 0xEAF1, 0xEAF1, 0xEAF1, 0xEAF1, 0xEAD0, 0xEAD1, 0xEAD1, 0xEAD1, 0xEAF1,
    0xEAF1, 0xF2F1, 0xF2F1, 0xF2F1, 0xF2F1, 0xF312, 0xFB12, 0xFB12, 0xFB12, 0xFB12, 0xFB12, 0xFB12,
    0xFB12, 0xFB12, 0xFB32, 0xFB32, 0xFB32, 0xFB32, 0xFB12, 0xFB12, 0xFB12, 0xFB12, 0xFB32, 0xFB32,
    0xFB32, 0xFB12, 0xFB12, 0xFB12, 0xFB12, 0xFB12, 0xFB12, 0xFB12, 0xFB12, 0xFB12, 0xFB32, 0xFB12,
    0xFB12, 0xFB12, 0xFB12, 0xFB12, 0xFB12, 0xFB12, 0xFB12, 0xFB12, 0xFB12, 0xF311, 0xF2F1, 0xF2F1,
    0xF2F1, 0xF2F1, 0xF2F1, 0xF2F1, 0xF2F1, 0xEAF1, 0xEAF1, 0xEAF1, 0xEAF1, 0xEAF1, 0xEAF1, 0xEAF1,
    0xEAF1, 0xEAF1, 0xEAF1, 0xEAF1, 0xEAF1, 0xEAF1, 0xEAF1, 0xEAF1, 0xEAF1, 0xF2F1, 0xF2F1, 0xF311,
    0xFB12, 0xFB12, 0xF312, 0xF2F1, 0xF2F1, 0xF2F1, 0xF2F1, 0xF2F1, 0xF2F1, 0xEAF1, 0xEAF1, 0xEAF1,
    0xEAF1, 0xEAD1, 0xE2D0, 0xE2D0, 0xDAD0, 0xDAAF, 0xD2AF, 0xD2AF, 0xD2AF, 0xD2AF, 0xD2AF, 0xCAAF,
    0xCA8F, 0xCA8F, 0xCA8F, 0xCA8F, 0xCA8E, 0xCA8E, 0xCA8F, 0xDCD5, 0xCA8F, 0xCA8F, 0xD2AF, 0xD2AF,
    0xD2AF, 0xD2AF, 0xD2AF, 0xD2AF, 0xD2AF, 0xD2AF, 0xDAAF, 0xDAAF, 0xDAAF, 0xDAAF, 0xDAB0, 0xDAD0,
    0xE2D0, 0xE2D0, 0xEAF1, 0xEAF1, 0xEAF1, 0xF2F1, 0xF2F1, 0xF2F1, 0xF2F1, 0xF2F1, 0xF2F1, 0xF311,
    0xF312, 0xF312, 0xF2F1, 0xF2F1, 0xF2F1, 0xEAF1, 0xEAF1, 0xEAF1, 0xEAD1, 0xEAD0, 0xEAD0, 0xE2D0,
    0xE2D0, 0xE2D0, 0xE2D0, 0xE2D0, 0xE2D0, 0xE2D0, 0xE2D0, 0xE2D0, 0xE2D0, 0xE2D0, 0xE2D0, 0xE2D0,
    0xDAD0, 0xDAD0, 0xDAD0, 0xDAB0, 0xDAAF, 0xD2AF, 0xD2AF, 0xD2AF, 0xD2AF, 0xD2AF, 0xCA8F, 0xCA8E,
    0xCA8E, 0xCA8E, 0xCA8E, 0xCA8F, 0xCAAF, 0xD2AF, 0xD2AF, 0xD2AF, 0xD2AF, 0xD2AF, 0xD2AF, 0xD2AF,
    0xD2AF, 0xDAAF, 0xDAB0, 0xDAD0, 0xE2D0, 0xE2D0, 0xE2D0, 0xE2D0, 0xE2D0, 0xE2D0, 0xE2D0, 0xDAD0,
    0xDAD0, 0xDAD0, 0xE2D0, 0xE2D0, 0xE2D0, 0xDAD0, 0xECF6, 0xDAD0, 0xDAD0, 0xDAB0, 0xDAB0, 0xDAB0,
    0xE2D0, 0xE2D0, 0xE2D0, 0xEAD0, 0xEAF1, 0xEAF1, 0xEAF1, 0xEAF1, 0xEAF1, 0xEAF1, 0xEAF1, 0xEAF1,
    0xF2F1, 0xF312, 0xFB12, 0xFB12, 0xFB12, 0xFB12, 0xFB12, 0xF312, 0xF517, 0xF312, 0xF311, 0xF312,
    0xF312, 0xFB12, 0xFB12, 0xFB12, 0xFB12, 0xFB12, 0xFB12, 0xFB12, 0xFB12, 0xF312, 0xF2F1, 0xF2F1,
    0xF2F1, 0xEAF1, 0xEAF1, 0xEAF1, 0xEAD0, 0xE2D0, 0xE2D0, 0xE2D0, 0xDAD0, 0xDAD0, 0xDAB0, 0xDAD0,
    0xE2D0, 0xE2D0, 0xE2D0, 0xEAF1, 0xEAF1, 0xEAF1, 0xF2F1, 0xF2F1, 0xF2F1, 0xF311, 0xF312, 0xF312,
    0xF312, 0xF312, 0xFB12, 0xFB12, 0xFB12, 0xFB12, 0xFB12, 0xFB32, 0xFB33, 0xFB33, 0xFB33, 0xFB33,
    0xFB33, 0xFB33, 0xFB33, 0xFB33, 0xFB33, 0xFB33, 0xFB33, 0xFB33, 0xFB33, 0xFB32, 0xFB32, 0xFB12,
    0xFB12, 0xFB12, 0xFB12, 0xFB12, 0xFB12, 0xFB12, 0xFB12, 0xFB12, 0xFB12, 0xFB12, 0xFB12, 0xFB12,
    0xFB12, 0xFB12, 0xF311, 0xF2F1, 0xF2F1, 0xEAF1, 0xEAF1, 0xEAF1, 0xEAD1, 0xE2D0, 0xED16, 0xE2D0,
    0xE2D0, 0xE2D0, 0xE2D0, 0xE2D0, 0xE2D0, 0xE2D0, 0xE2D0, 0xE2D0, 0xE2D0, 0xE2D0, 0xE2D0, 0xE2D0,
    0xE2D0, 0xEAF1, 0xEAF1, 0xF2F1, 0xF517, 0xF2F1, 0xF2F1, 0xF2F1, 0xF2F1, 0xF2F1, 0xEAF1, 0xEAF1,
    0xEAF1, 0xEAD1, 0xE2D0, 0xE2D0, 0xE2D0, 0xE2D0, 0xE2D0, 0xE2D0, 0xDAD0, 0xDAB0, 0xDAAF, 0xDAAF,
    0xD2AF, 0xD2AF, 0xD2AF, 0xE4F5, 0xCA8F, 0xCA8F, 0xCA8F, 0xCA8F, 0xCA8F, 0xE4F5, 0xCAAF, 0xD2AF,
    0xCAAF, 0xCAAF, 0xD2AF, 0xCAAF, 0xD2AF, 0xD2AF, 0xD2AF, 0xD2AF, 0xDAAF, 0xDAAF, 0xE4F6, 0xDAB0,
    0xDAAF, 0xDAAF, 0xDAB0, 0xDAD0, 0xE2D0, 0xE2D0, 0xE2D0, 0xEAF1, 0xF2F1, 0xF2F1, 0xF2F1, 0xF2F1,
    0xF2F1, 0xF517, 0xF311, 0xFB12, 0xFB12, 0xFB12, 0xFB12, 0xFB12, 0xFB12, 0xF2F1, 0xF2F1, 0xF2F1,
    0xEAF1, 0xEAF1, 0xEAF1, 0xEAF1, 0xEAF1, 0xE2D0, 0xE2D0, 0xEAD1, 0xEAF1, 0xEAF1, 0xEAF1, 0xEAD1,
    0xE2D0, 0xE2D0, 0xE2D0, 0xE2D0, 0xE2D0, 0xE2D0, 0xE2D0, 0xE2D0, 0xDAD0, 0xDAAF, 0xD2AF, 0xCA8F,
    0xCA8F, 0xCA8F, 0xCA8E, 0xCA8E, 0xCA8E, 0xCA8F, 0xCA8F, 0xCAAF, 0xD2AF, 0xD2AF, 0xD2AF, 0xD2AF,
    0xD2AF, 0xD2AF, 0xD2AF, 0xD2AF, 0xD2AF, 0xD2AF, 0xDAAF, 0xDAAF, 0xDAB0, 0xDAD0, 0xE2D0, 0xE2D0,
    0xEAF1, 0xEAF1, 0xEAF1, 0xEAD1, 0xEAD1, 0xEAD0, 0xE2D0, 0xEAD1, 0xF516, 0xEAF1, 0xF2F1, 0xF2F1,
    0xF2F1, 0xEAF1, 0xEAF1, 0xEAF1, 0xEAF1, 0xEAF1, 0xEAF1, 0xEAD1, 0xED16, 0xE2D0, 0xEAF1, 0xEAF1,
    0xEAF1, 0xEAF1, 0xEAF1, 0xEAF1, 0xEAF1, 0xEAF1, 0xF2F1, 0xFB12, 0xF311, 0xF2F1, 0xEAF1, 0xEAF1,
    0xEAF1, 0xE2D0, 0xE2D0, 0xE2D0, 0xE2D0, 0xDAD0, 0xDAD0, 0xDAD0, 0xE2D0, 0xE2D0, 0xE2D0, 0xE2D0,
    0xEAD1, 0xEAF1, 0xEAF1, 0xEAF1, 0xEAF1, 0xEAF1, 0xEAF1, 0xEAF1, 0xEAF1, 0xEAF1, 0xE2D0, 0xE2D0,
    0xE2D0, 0xEAF1, 0xEAF1, 0xEAF1, 0xF2F1, 0xF2F1, 0xF311, 0xF312, 0xFB12, 0xFB12, 0xFB12, 0xFB12,
    0xFB12, 0xFB12, 0xFB12, 0xFB12, 0xFB12, 0xFB32, 0xFB32, 0xFB32, 0xFB33, 0xFB33, 0xFB33, 0xFB33,
    0xFB33, 0xFB33, 0xFB53, 0xFB53, 0xFB53, 0xFB53, 0xFB53, 0xFB53, 0xFB53, 0xFB53, 0xFB53, 0xFB33,
    0xFB32, 0xFB12, 0xFB12, 0xFB12, 0xFB12, 0xF312, 0xF311, 0xF311, 0xF311, 0xF311, 0xF2F1, 0xF2F1,
    0xF2F1, 0xEAF1, 0xEAF1, 0xEAF1, 0xEAF1, 0xEAF1, 0xF2F1, 0xF2F1, 0xF2F1, 0xF311, 0xF311, 0xF312,
    0xF311, 0xF2F1, 0xF2F1, 0xF2F1, 0xF2F1, 0xF2F1, 0xF2F1, 0xF2F1, 0xF2F1, 0xF2F1, 0xF311, 0xF311,
    0xF311, 0xF311, 0xF2F1, 0xEAF1, 0xEAF1, 0xEAF1, 0xEAF1, 0xEAD1, 0xE2D0, 0xE2D0, 0xDAD0, 0xDAAF,
    0xDAAF, 0xDAB0, 0xDAD0, 0xE2D0, 0xDAD0, 0xDAD0, 0xDAB0, 0xDAB0, 0xDAD0, 0xDAD0, 0xDAD0, 0xDAD0,
    0xDAD0, 0xDAB0, 0xDAB0, 0xDAB0, 0xDAB0, 0xDAB0, 0xDAAF, 0xD2AF, 0xD2AF, 0xD2AF, 0xD2AF, 0xD2AF,
    0xD2AF, 0xD2AF, 0xD2AF, 0xD2AF, 0xD2AF, 0xCAAF, 0xCAAF, 0xCAAF, 0xD2AF, 0xD2AF, 0xD2AF, 0xDAAF,
    0xDAAF, 0xDAAF, 0xDAAF, 0xDAB0, 0xDAB0, 0xDAD0, 0xDAD0, 0xE2D0, 0xE2D0, 0xE2D0, 0xE2D0, 0xE2D0,
    0xE2D0, 0xE2D0, 0xE2D0, 0xE2D0, 0xE2D0, 0xE2D0, 0xEAF1, 0xEAF1, 0xF2F1, 0xF2F1, 0xF2F1, 0xF2F1,
    0xF2F1, 0xF2F1, 0xF2F1, 0xF2F1, 0xEAF1, 0xF516, 0xEAF1, 0xE2D0, 0xE2D0, 0xED16, 0xE2D0, 0xE2D0,
    0xE2D0, 0xEAF1, 0xE2D0, 0xE2D0, 0xE2D0, 0xE2D0, 0xE2D0, 0xE2D0, 0xE2D0, 0xE2D0, 0xE2D0, 0xE2D0,
    0xE2D0, 0xDAD0, 0xDAB0, 0xDAAF, 0xD2AF, 0xD2AF, 0xD2AF, 0xD2AF, 0xD2AF, 0xD2AF, 0xDAAF, 0xDAAF,
    0xDAAF, 0xDAAF, 0xDAB0, 0xDAB0, 0xDAB0, 0xDAB0, 0xDAB0, 0xDAB0, 0xDAB0, 0xDAB0, 0xDAD0, 0xDAD0,
    0xDAD0, 0xE2D0, 0xE2D0, 0xEAD1, 0xEAF1, 0xEAF1, 0xEAF1, 0xEAF1, 0xEAF1, 0xEAF1, 0xEAF1, 0xEAF1,
    0xEAF1, 0xEAF1, 0xEAD1, 0xEAD0, 0xEAD1, 0xEAF1, 0xEAF1, 0xEAF1, 0xDAD0, 0xDAD0, 0xDAD0, 0xE2D0,
    0xE2D0, 0xE2D0, 0xE2D0, 0xE2D0, 0xE2D0, 0xE2D0, 0xE2D0, 0xE2D0, 0xE2D0, 0xE2D0, 0xE2D0, 0xE2F0,
    0xE2D0, 0xE2D0, 0xE2D0, 0xE2D0, 0xE2D0, 0xE2D0, 0xE2D0, 0xE2D0, 0xE2D0, 0xE2D0, 0xE2D0, 0xE2D0,
    0xE2D0, 0xE2D0, 0xE2D0, 0xE2D0, 0xEAF1, 0xEAF1, 0xEAF1, 0xEAF1, 0xEAF1, 0xEAF1, 0xEAF1, 0xEAF1,
    0xEAF1, 0xEAF1, 0xEAF1, 0xF2F1, 0xF311, 0xF311, 0xF311, 0xF311, 0xF312, 0xFB12, 0xFB12, 0xFB12,
    0xFB32, 0xFB32, 0xFB32, 0xFB32, 0xFB32, 0xFB32, 0xFB32, 0xFB32, 0xFB32, 0xFD37, 0xFB32, 0xFB33,
    0xFB33, 0xFB33, 0xFB33, 0xFB33, 0xFB33, 0xFB33, 0xFB53, 0xFB53, 0xFB53, 0xFB33, 0xFD37, 0xFB33,
    0xFB33, 0xFB33, 0xFB32, 0xFB32, 0xFB12, 0xFB12, 0xFB12, 0xFB12, 0xFB12, 0xFB12, 0xF537, 0xF311,
    0xF2F1, 0xF2F1, 0xF2F1, 0xF311, 0xF311, 0xF312, 0xF311, 0xF311, 0xF311, 0xF312, 0xF312, 0xFB12,
    0xFB12, 0xFB12, 0xFB12, 0xFB12, 0xFB12, 0xFB12, 0xFB12, 0xFB12, 0xFB12, 0xFB12, 0xFB12, 0xF312,
    0xF311, 0xF311, 0xF2F1, 0xF2F1, 0xF2F1, 0xF2F1, 0xF2F1, 0xEAF1, 0xEAF1, 0xEAF1, 0xEAF1, 0xEAF1,
    0xE2D0, 0xE2D0, 0xDAD0, 0xDAB0, 0xDAAF, 0xDAAF, 0xD2AF, 0xD2AF, 0xD2AF, 0xD2AF, 0xD2AF, 0xD2AF,
    0xD2AF, 0xDAAF, 0xDAAF, 0xDAAF, 0xE4F6, 0xDAB0, 0xDAD0, 0xDAB0, 0xDAB0, 0xDAB0, 0xDAD0, 0xDAD0,
    0xDAD0, 0xDAD0, 0xDAB0, 0xDAAF, 0xD2AF, 0xD2AF, 0xDAAF, 0xDAAF, 0xDAAF, 0xDAAF, 0xDAAF, 0xDAAF,
    0xDAB0, 0xDAD0, 0xDAD0, 0xE2D0, 0xE2D0, 0xE2D0, 0xE2D0, 0xE2D0, 0xE2D0, 0xE2D0, 0xE2D0, 0xE2D0,
    0xE2D0, 0xEAF1, 0xEAF1, 0xEAF1, 0xEAF1, 0xEAF1, 0xEAF1, 0xEAF1, 0xEAF1, 0xEAF1, 0xF2F1, 0xF2F1,
    0xF311, 0xFB12, 0xFB12, 0xFB12, 0xFB12, 0xFB12, 0xFB12, 0xF312, 0xF311, 0xF2F1, 0xEAF1, 0xEAF1,
    0xEAF1, 0xE2F1, 0xE2D0, 0xE2D0, 0xE2D0, 0xE2D0, 0xEAF1, 0xEAF1, 0xEAF1, 0xEAF1, 0xED16, 0xE2F0,
    0xE2D0, 0xEAF1, 0xEAF1, 0xE2F0, 0xE2D0, 0xDAD0, 0xDAD0, 0xDAAF, 0xDAAF, 0xDAB0, 0xDAD0, 0xDAD0,
    0xDAD0, 0xE2D0, 0xE2D0, 0xE2D0, 0xE2D0, 0xE2D0, 0xE2D0, 0xE2F0, 0xEAF1, 0xEAF1, 0xEAF1, 0xEAF1,
    0xEAF1, 0xEAF1, 0xEAF1, 0xEAF1, 0xE2F0, 0xEAF1, 0xEAF1, 0xEAF1, 0xF2F1, 0xF2F1, 0xF2F1, 0xF2F1,
    0xEAF1, 0xEAF1, 0xEAF1, 0xF516, 0xEAF1, 0xEAF1, 0xF2F1, 0xF2F1, 0xF2F1, 0xF311, 0xF311, 0xF311,
    0xD2AF, 0xD2AF, 0xD2AF, 0xD2AF, 0xD2AF, 0xCAAF, 0xCAAF, 0xCAAF, 0xD2AF, 0xCAAF, 0xCAAF, 0xCA8F,
    0xCA8E, 0xCA8E, 0xCA8F, 0xCAAF, 0xD2AF, 0xD2AF, 0xD2AF, 0xDAAF, 0xDAD0, 0xDAD0, 0xE2D0, 0xE2F0,
    0xEAF1, 0xEAF1, 0xEAF1, 0xEAF1, 0xEAF1, 0xEAF1, 0xEAF1, 0xEAF1, 0xEAF1, 0xEAF1, 0xEAF1, 0xEAF1,
    0xEAF1, 0xEAF1, 0xEAF1, 0xEAF1, 0xEAF1, 0xEAF1, 0xF2F1, 0xF311, 0xF311, 0xF311, 0xF311, 0xF311,
    0xF312, 0xF312, 0xFB12, 0xFB12, 0xFB12, 0xFB32, 0xFB32, 0xFB32, 0xFB32, 0xFB32, 0xFB32, 0xFB32,
    0xFB32, 0xFB32, 0xFB32, 0xFB32, 0xFB32, 0xFB32, 0xFB32, 0xFB32, 0xFB32, 0xFB32, 0xFB32, 0xFB32,
    0xFB32, 0xFB32, 0xFB32, 0xFB32, 0xFB32, 0xFB32, 0xFB32, 0xFB32, 0xFB12, 0xFB12, 0xFB12, 0xFB12,
    0xFB12, 0xF312, 0xF311, 0xF311, 0xF311, 0xF311, 0xF312, 0xFB12, 0xFB12, 0xFB12, 0xFB12, 0xFB12,
    0xFB12, 0xFB12, 0xFB12, 0xFB12, 0xFB12, 0xFB12, 0xFB12, 0xFB32, 0xFB12, 0xFB12, 0xF312, 0xF311,
    0xF311, 0xF311, 0xF2F1, 0xF2F1, 0xEAF1, 0xEAF1, 0xEAF1, 0xEAF1, 0xEAF1, 0xEAF1, 0xEAF1, 0xEAF1,
    0xEAF1, 0xEAF1, 0xEAF1, 0xE2F0, 0xE2D0, 0xE2D0, 0xE2D0, 0xE2D0, 0xE2D0, 0xE2D0, 0xDAD0, 0xDAD0,
    0xDAD0, 0xDAD0, 0xDAD0, 0xDAD0, 0xDAD0, 0xDAB0, 0xDAAF, 0xDAB0, 0xDAD0, 0xDAD0, 0xDAD0, 0xDAD0,
    0xE2D0, 0xE2D0, 0xE2D0, 0xE2D0, 0xE2D0, 0xE2D0, 0xE2D0, 0xE2D0, 0xE2D0, 0xE2D0, 0xDAD0, 0xDAD0,
    0xDAD0, 0xDAD0, 0xDAD0, 0xE2D0, 0xED16, 0xE2D0, 0xE2D0, 0xE2D0, 0xE2D0, 0xE2D0, 0xE2D0, 0xE2D0,
    0xDAD0, 0xDAD0, 0xDAD0, 0xE2D0, 0xEAF1, 0xEAF1, 0xEAF1, 0xEAF1, 0xF2F1, 0xF2F1, 0xF311, 0xF311,
    0xF311, 0xFB12, 0xFB32, 0xFB33, 0xFB53, 0xFB53, 0xFB53, 0xFB53, 0xFB53, 0xFB33, 0xFB32, 0xFB32,
    0xFB32, 0xFB32, 0xFB32, 0xFB12, 0xF311, 0xEAF1, 0xE2F1, 0xE2D0, 0xE2D0, 0xE2D0, 0xE2D0, 0xE2D0,
    0xE2D0, 0xE2D0, 0xE2F0, 0xE2F1, 0xEAF1, 0xEAF1, 0xE2F0, 0xE2D0, 0xDAD0, 0xDAD0, 0xDAD0, 0xDAD0,
    0xDAD0, 0xDAD0, 0xDAB0, 0xDAAF, 0xDAAF, 0xDAD0, 0xDAD0, 0xE2D0, 0xE2D0, 0xEAF1, 0xEAF1, 0xF2F1,
    0xF311, 0xF312, 0xF312, 0xF312, 0xF311, 0xF311, 0xF2F1, 0xF2F1, 0xEAF1, 0xF2F1, 0xF311, 0xF312,
    0xF312, 0xF312, 0xF311, 0xF311, 0xF311, 0xF312, 0xFB12, 0xFB12, 0xFB12, 0xFB12, 0xFB12, 0xFB12,
    0xFB32, 0xFB32, 0xFB32, 0xFB32, 0xE2D0, 0xE2D0, 0xE2D0, 0xE2D0, 0xE2D0, 0xDAD0, 0xDAD0, 0xDAD0,
    0xDAD0, 0xDAAF, 0xDAAF, 0xDAAF, 0xD2AF, 0xD2AF, 0xD2AF, 0xD2AF, 0xD2AF, 0xDAAF, 0xDAD0, 0xDAD0,
    0xE2D0, 0xE2F0, 0xEAF1, 0xEAF1, 0xF311, 0xFB12, 0xFB12, 0xF312, 0xF311, 0xF311, 0xF2F1, 0xEAF1,
    0xEAF1, 0xEAF1, 0xEAF1, 0xF311, 0xF312, 0xF312, 0xF312, 0xF312, 0xF311, 0xF311, 0xF311, 0xF311,
    0xF311, 0xF2F1, 0xF2F1, 0xF2F1, 0xF311, 0xF311, 0xF311, 0xF312, 0xFB12, 0xFB32, 0xFB32, 0xFB32,
    0xFB33, 0xFB33, 0xFB33, 0xFB33, 0xFB33, 0xFB33, 0xFB33, 0xFB33, 0xFB53, 0xFB53, 0xFB53, 0xFB33,
    0xFD37, 0xFB33, 0xFB33, 0xFB32, 0xFB32, 0xFB12, 0xFB12, 0xF312, 0xFB12, 0xFB12, 0xFB32, 0xFB32,
    0xFB12, 0xFB12, 0xFB12, 0xFB12, 0xFB32, 0xFB32, 0xFB32, 0xFB32, 0xFB33, 0xFB33, 0xFB33, 0xFB33,
    0xFB33, 0xFB33, 0xFB53, 0xFB53, 0xFB53, 0xFB53, 0xFB53, 0xFB53, 0xFB53, 0xFB33, 0xFB32, 0xFB32,
    0xFB32, 0xFD37, 0xFB32, 0xFB32, 0xFB12, 0xFB12, 0xFB12, 0xFB12, 0xF312, 0xF311, 0xF2F1, 0xEAF1,
    0xEAF1, 0xEAF1, 0xEAF1, 0xEAF1, 0xEAF1, 0xF2F1, 0xF2F1, 0xF2F1, 0xF2F1, 0xEAF1, 0xEAF1, 0xEAF1,
    0xED16, 0xE2F0, 0xE2F0, 0xE2F0, 0xE2F0, 0xE2F0, 0xE2F0, 0xE2F0, 0xE2D0, 0xE2D0, 0xE2D0, 0xE2D0,
    0xDAD0, 0xDAD0, 0xDAD0, 0xDAB0, 0xDAAF, 0xD2AF, 0xD2AF, 0xD2AF, 0xD2AF, 0xDAAF, 0xDAAF, 0xDAD0,
    0xDAD0, 0xDAD0, 0xDAD0, 0xDAD0, 0xDAD0, 0xDAD0, 0xDAD0, 0xDAD0, 0xE2D0, 0xE2F0, 0xEAF1, 0xEAF1,
    0xEAF1, 0xEAF1, 0xEAF1, 0xEAF1, 0xEAF1, 0xF2F1, 0xF2F1, 0xF311, 0xF311, 0xF311, 0xF311, 0xF311,
    0xF311, 0xF312, 0xF312, 0xFB12, 0xFB12, 0xFB12, 0xFB32, 0xFB32, 0xFB32, 0xFB32, 0xFB32, 0xFB33,
    0xFB32, 0xFB32, 0xFB12, 0xFB12, 0xFB32, 0xFB32, 0xFB32, 0xFB32, 0xFB32, 0xFB32, 0xFB12, 0xFB12,
    0xFB12, 0xFB12, 0xFB12, 0xFB12, 0xFB12, 0xFB12, 0xF312, 0xF311, 0xF311, 0xF311, 0xF311, 0xF2F1,
    0xEAF1, 0xEAF1, 0xEAF1, 0xEAF1, 0xEAF1, 0xEAF1, 0xEAF1, 0xE2F1, 0xE2F0, 0xEAF1, 0xEAF1, 0xEAF1,
    0xF2F1, 0xF311, 0xF312, 0xFB12, 0xFB12, 0xFB32, 0xFB32, 0xFB32, 0xFB32, 0xFB32, 0xFB32, 0xFB12,
    0xFB12, 0xFB12, 0xFB12, 0xFB12, 0xFB12, 0xFB12, 0xFB12, 0xFB32, 0xFB32, 0xFB32, 0xFB32, 0xFB32,
    0xFB32, 0xFB32, 0xFB32, 0xFB32, 0xFB32, 0xFB32, 0xFB32, 0xFB32, 0xE2D0, 0xE2D0, 0xE2D0, 0xE2F0,
    0xE2F0, 0xE2F0, 0xE2D0, 0xE2D0, 0xED16, 0xE2D0, 0xE2D0, 0xE2D0, 0xE2D0, 0xDAD0, 0xDAD0, 0xDAB0,
    0xDAD0, 0xE2D0, 0xE2D0, 0xEAF1, 0xEAF1, 0xEAF1, 0xEAF1, 0xEAF1, 0xEAF1, 0xF311, 0xF311, 0xF311,
    0xF311, 0xF311, 0xF311, 0xF311, 0xF311, 0xF311, 0xF311, 0xF311, 0xF311, 0xF312, 0xF312, 0xFB12,
    0xFB12, 0xFB12, 0xFB12, 0xFB12, 0xF311, 0xF311, 0xF2F1, 0xEAF1, 0xEAF1, 0xF2F1, 0xF2F1, 0xF311,
    0xF311, 0xF312, 0xFB12, 0xFB12, 0xFB12, 0xFB32, 0xFB32, 0xFB32, 0xFB32, 0xFB32, 0xFB32, 0xFB32,
    0xFB32, 0xFB32, 0xFB32, 0xFB32, 0xFB32, 0xFB32, 0xFB12, 0xF311, 0xF311, 0xF2F1, 0xF2F1, 0xEAF1,
    0xEAF1, 0xEAF1, 0xF311, 0xF312, 0xFB12, 0xFB12, 0xFB32, 0xFB32, 0xFB32, 0xFB32, 0xFB33, 0xFB33,
    0xFB53, 0xFB53, 0xFB53, 0xFB53, 0xFB53, 0xFB53, 0xFB53, 0xFB53, 0xFB53, 0xFB53, 0xFB53, 0xFB53,
    0xFB53, 0xFB53, 0xFB53, 0xFB33, 0xFB33, 0xFB32, 0xFB32, 0xFB32, 0xFB12, 0xFB12, 0xFB12, 0xF312,
    0xF312, 0xF311, 0xF311, 0xF311, 0xF311, 0xF311, 0xF2F1, 0xF2F1, 0xF2F1, 0xF2F1, 0xF311, 0xF311,
    0xF311, 0xF311, 0xF311, 0xF2F1, 0xF2F1, 0xF2F1, 0xF2F1, 0xF516, 0xEAF1, 0xEAF1, 0xEAF1, 0xEAF1,
    0xE2F0, 0xE2D0, 0xE2D0, 0xDAD0, 0xDAD0, 0xDAAF, 0xD2AF, 0xD2AF, 0xD2AF, 0xD2AF, 0xD2AF, 0xCAAF,
    0xCAAF, 0xCAAF, 0xD2AF, 0xD2AF, 0xDAAF, 0xDAB0, 0xDAD0, 0xDAD0, 0xDAD0, 0xDAD0, 0xDAD0, 0xDAD0,
    0xE2D0, 0xEAF1, 0xEAF1, 0xF2F1, 0xF311, 0xF311, 0xF517, 0xF312, 0xFB12, 0xFB12, 0xFB12, 0xFB12,
    0xF312, 0xF312, 0xFB12, 0xFB12, 0xFB12, 0xFB12, 0xFB12, 0xFB12, 0xFB12, 0xFB12, 0xFB12, 0xFB12,
    0xFB12, 0xFB32, 0xFB32, 0xFB32, 0xFB32, 0xFB32, 0xFB32, 0xFB32, 0xFB32, 0xFB12, 0xFB12, 0xFB32,
    0xFB32, 0xFB32, 0xFB32, 0xFB32, 0xFB32, 0xFB32, 0xFB12, 0xFB12, 0xFB12, 0xFB12, 0xFB12, 0xFB32,
    0xFB32, 0xFB32, 0xFB12, 0xFB12, 0xF312, 0xF311, 0xF2F1, 0xEAF1, 0xF2F1, 0xF2F1, 0xF311, 0xF311,
    0xF311, 0xF311, 0xF311, 0xF312, 0xF312, 0xF312, 0xFB12, 0xFB12, 0xFB32, 0xFB32, 0xFB32, 0xFB32,
    0xFB32, 0xFB32, 0xFB32, 0xFB32, 0xFB32, 0xFB32, 0xFB12, 0xFB12, 0xFB12, 0xFB12, 0xFB12, 0xFB12,
    0xFB32, 0xFB32, 0xFB32, 0xFB32, 0xFB32, 0xFB32, 0xFB32, 0xFB32, 0xFB32, 0xFB12, 0xFB12, 0xFB12,
    0xE2D0, 0xE2D0, 0xE2D0, 0xE2D0, 0xE2D0, 0xE2F0, 0xE2F0, 0xE2D0, 0xE2D0, 0xE2F0, 0xEAF1, 0xEAF1,
    0xEAF1, 0xEAF1, 0xEAF1, 0xEAF1, 0xEAF1, 0xEAF1, 0xEAF1, 0xEAF1, 0xEAF1, 0xEAF1, 0xEAF1, 0xEAF1,
    0xE2F0, 0xE2D0, 0xEAF1, 0xEAF1, 0xEAF1, 0xEAF1, 0xF2F1, 0xF2F1, 0xF311, 0xF311, 0xFB12, 0xFB12,
    0xFB12, 0xFB12, 0xFB12, 0xFB32, 0xFB32, 0xFB32, 0xFB12, 0xFB12, 0xFB12, 0xFB12, 0xFB12, 0xF312,
    0xF311, 0xF2F1, 0xF2F1, 0xF2F1, 0xEAF1, 0xEAF1, 0xEAF1, 0xEAF1, 0xEAF1, 0xEAF1, 0xEAF1, 0xEAF1,
    0xEAF1, 0xEAF1, 0xEAF1, 0xEAF1, 0xE2F1, 0xE2F1, 0xEAF1, 0xE2D0, 0xE2D0, 0xE2D0, 0xDAD0, 0xDAB0,
    0xDAB0, 0xDAD0, 0xDAD0, 0xE2D0, 0xE2D0, 0xE2D0, 0xE2D0, 0xEAF1, 0xEAF1, 0xEAF1, 0xF2F1, 0xF2F1,
    0xF2F1, 0xF2F1, 0xF2F1, 0xF312, 0xFB12, 0xFB12, 0xFB12, 0xFB12, 0xFB12, 0xFB12, 0xFB12, 0xFD37,
    0xFB12, 0xFB32, 0xFD37, 0xFB32, 0xFB32, 0xFB12, 0xFB12, 0xFB12, 0xFB12, 0xFB12, 0xFB12, 0xFB12,
    0xFB12, 0xFB12, 0xFB12, 0xF311, 0xF2F1, 0xF2F1, 0xF2F1, 0xF2F1, 0xF2F1, 0xF311, 0xF311, 0xF2F1,
    0xF2F1, 0xF2F1, 0xF2F1, 0xF2F1, 0xF2F1, 0xEAF1, 0xEAF1, 0xEAF1, 0xEAF1, 0xEAF1, 0xEAF1, 0xEAF1,
    0xEAF1, 0xEAF1, 0xEAF1, 0xE2D0, 0xDAD0, 0xDAB0, 0xD2AF, 0xD2AF, 0xDAAF, 0xDAAF, 0xDAAF, 0xDAAF,
    0xDAAF, 0xDAAF, 0xDAAF, 0xD2AF, 0xD2AF, 0xD2AF, 0xD2AF, 0xD2AF, 0xD2AF, 0xD2AF, 0xD2AF, 0xD2AF,
    0xE4F5, 0xD2AF, 0xD2AF, 0xDAAF, 0xDAAF, 0xDAB0, 0xDAB0, 0xDAD0, 0xDAD0, 0xE2D0, 0xE2F0, 0xE2F1,
    0xEAF1, 0xEAF1, 0xEAF1, 0xEAF1, 0xEAF1, 0xF2F1, 0xF2F1, 0xF2F1, 0xF311, 0xF312, 0xFB12, 0xFB12,
    0xFB12, 0xFB12, 0xFB12, 0xFB12, 0xFB32, 0xFB32, 0xFB32, 0xFB33, 0xFB33, 0xFB32, 0xFB32, 0xFB32,
    0xFB32, 0xFB32, 0xFB32, 0xFB32, 0xFB32, 0xFB32, 0xFB12, 0xFB12, 0xFB12, 0xFB12, 0xFB12, 0xFB12,
    0xFB12, 0xF312, 0xF2F1, 0xEAF1, 0xEAF1, 0xEAF1, 0xEAF1, 0xEAF1, 0xEAF1, 0xEAF1, 0xEAF1, 0xE2F0,
    0xE2F0, 0xED16, 0xEAF1, 0xEAF1, 0xEAF1, 0xF2F1, 0xF311, 0xF2F1, 0xF2F1, 0xEAF1, 0xEAF1, 0xF311,
    0xF312, 0xFB12, 0xFB12, 0xFB12, 0xFB12, 0xFB12, 0xFB12, 0xF312, 0xF311, 0xF312, 0xFB12, 0xFB12,
    0xFB12, 0xFB12, 0xFB12, 0xFB12, 0xFB12, 0xFB12, 0xFB12, 0xFB12, 0xFB12, 0xFB12, 0xFB32, 0xFB32,
    0xFB12, 0xFB12, 0xFB12, 0xFB12, 0xDAAF, 0xDAAF, 0xDAAF, 0xDAB0, 0xDAD0, 0xDAD0, 0xDAD0, 0xDAB0,
    0xDAB0, 0xDAB0, 0xDAD0, 0xE2D0, 0xE2D0, 0xE2D0, 0xE2D0, 0xE2D0, 0xE2D0, 0xE2D0, 0xE2D0, 0xE2D0,
    0xE2D0, 0xDAD0, 0xDAB0, 0xDAB0, 0xDAB0, 0xDAB0, 0xDAD0, 0xDAD0, 0xE2D0, 0xE2D0, 0xE2D0, 0xEAD1,
    0xEAF1, 0xEAF1, 0xEAF1, 0xF2F1, 0xF2F1, 0xF311, 0xF311, 0xF311, 0xF312, 0xFB12, 0xFB12, 0xFB12,
    0xF312, 0xF311, 0xF2F1, 0xF2F1, 0xEAF1, 0xEAF1, 0xEAF1, 0xEAF1, 0xEAF1, 0xEAD1, 0xE2D0, 0xE2D0,
    0xE2D0, 0xDAD0, 0xDAD0, 0xDAB0, 0xDAB0, 0xDAB0, 0xDAB0, 0xDAB0, 0xDAB0, 0xDAB0, 0xDAD0, 0xDAB0,
    0xDAB0, 0xDAAF, 0xD2AF, 0xD2AF, 0xD2AF, 0xD2AF, 0xD2AF, 0xD2AF, 0xD2AF, 0xD2AF, 0xD2AF, 0xD2AF,
    0xDAAF, 0xDAD0, 0xE2D0, 0xE2D0, 0xE2D0, 0xE2D0, 0xE2D0, 0xE2D0, 0xEAD1, 0xEAF1, 0xEAF1, 0xF2F1,
    0xF2F1, 0xF2F1, 0xF2F1, 0xF2F1, 0xF2F1, 0xF2F1, 0xF2F1, 0xF311, 0xF311, 0xF2F1, 0xF2F1, 0xF2F1,
    0xF2F1, 0xF2F1, 0xF2F1, 0xF2F1, 0xF2F1, 0xF2F1, 0xEAF1, 0xEAF1, 0xEAF1, 0xEAF1, 0xEAF1, 0xEAF1,
    0xEAF1, 0xEAF1, 0xEAF1, 0xEAF1, 0xEAF1, 0xEAF1, 0xEAF1, 0xE2D0, 0xE2D0, 0xE2D0, 0xE2D0, 0xE2D0,
    0xE2D0, 0xE2D0, 0xDAD0, 0xDAD0, 0xDAB0, 0xDAB0, 0xDAAF, 0xDAAF, 0xD2AF, 0xD2AF, 0xD2AF, 0xD2AF,
    0xD2AF, 0xD2AF, 0xD2AF, 0xD2AF, 0xD2AF, 0xD2AF, 0xD2AF, 0xD2AF, 0xD2AF, 0xD2AF, 0xD2AF, 0xD2AF,
    0xD2AF, 0xCA8F, 0xCA8F, 0xCA8E, 0xCA8E, 0xCA8E, 0xCA8E, 0xCA8F, 0xD2AF, 0xD2AF, 0xDAAF, 0xDAB0,
    0xDAD0, 0xDAD0, 0xECF6, 0xE2D0, 0xEAF1, 0xEAF1, 0xEAF1, 0xF2F1, 0xF2F1, 0xF2F1, 0xF2F1, 0xF2F1,
    0xF311, 0xF312, 0xFB12, 0xFB12, 0xFB12, 0xFD37, 0xFB12, 0xFB12, 0xFB12, 0xFB12, 0xFB12, 0xFB12,
    0xFB12, 0xFB12, 0xFD37, 0xFB12, 0xFB12, 0xFB12, 0xFB12, 0xFB12, 0xFB12, 0xFB12, 0xFB12, 0xFB12,
    0xFB12, 0xFB12, 0xFB12, 0xF311, 0xF2F1, 0xF2F1, 0xEAF1, 0xEAF1, 0xEAF1, 0xEAF1, 0xEAF1, 0xEAF1,
    0xEAF1, 0xEAF1, 0xEAF1, 0xEAF1, 0xEAF1, 0xEAF1, 0xEAF1, 0xF2F1, 0xF2F1, 0xF311, 0xFB12, 0xF311,
    0xF2F1, 0xF2F1, 0xF2F1, 0xF2F1, 0xF2F1, 0xF2F1, 0xF2F1, 0xF2F1, 0xF2F1, 0xF2F1, 0xF2F1, 0xF2F1,
    0xF2F1, 0xEAF1, 0xEAF1, 0xEAF1, 0xEAF1, 0xEAF1, 0xEAF1, 0xEAF1, 0xEAF1, 0xEAF1, 0xEAF1, 0xEAF1,
    0xEAF1, 0xEAF1, 0xF2F1, 0xEAF1, 0xEAF1, 0xEAF1, 0xEAF1, 0xEAF1, 0xC28E, 0xC28E, 0xCA8E, 0xCA8E,
    0xCA8E, 0xCA8F, 0xCA8E, 0xCA8E, 0xDCD5, 0xCA8E, 0xCA8F, 0xD2AF, 0xD2AF, 0xD2AF, 0xD2AF, 0xDAAF,
    0xDAAF, 0xDAAF, 0xDAAF, 0xDAAF, 0xDAAF, 0xD2AF, 0xD2AF, 0xD2AF, 0xD2AF, 0xD28F, 0xD28F, 0xD2AF,
    0xD2AF, 0xD2AF, 0xDAAF, 0xDAAF, 0xDAAF, 0xDAAF, 0xDAAF, 0xDAAF, 0xDAAF, 0xDAB0, 0xDAB0, 0xE2D0,
    0xE2D0, 0xE2D0, 0xE2D0, 0xE2D0, 0xE2D0, 0xE2D0, 0xE2D0, 0xE2D0, 0xE2D0, 0xE2D0, 0xE2D0, 0xE2D0,
    0xDAB0, 0xDAB0, 0xDAAF, 0xDAAF, 0xDAAF, 0xDAAF, 0xDAAF, 0xDAAF, 0xDAAF, 0xDAAF, 0xDAAF, 0xDAAF,
    0xDAAF, 0xD2AF, 0xD2AF, 0xD2AF, 0xCA8E, 0xCA8E, 0xCA8E, 0xCA8E, 0xCA8E, 0xC28E, 0xC28E, 0xC26E,
    0xC26E, 0xC26E, 0xC28E, 0xCA8E, 0xCA8F, 0xD2AF, 0xDAAF, 0xDAB0, 0xDAB0, 0xDAD0, 0xECF6, 0xE2D0,
    0xE2D0, 0xE2D0, 0xE2D0, 0xEAD0, 0xEAF1, 0xEAF1, 0xEAF1, 0xEAD1, 0xEAD1, 0xEAD1, 0xEAF1, 0xEAF1,
    0xEAF1, 0xEAF1, 0xEAD1, 0xEAD1, 0xEAD0, 0xE2D0, 0xE2D0, 0xE2D0, 0xE2D0, 0xE2D0, 0xE2D0, 0xE2D0,
    0xE2D0, 0xEAD1, 0xEAD0, 0xE2D0, 0xE2D0, 0xDAD0, 0xDAB0, 0xDAB0, 0xDAB0, 0xDAB0, 0xDAAF, 0xDAAF,
    0xD2AF, 0xD2AF, 0xD2AF, 0xD2AF, 0xD2AF, 0xD2AF, 0xD28F, 0xCA8F, 0xCA8F, 0xCA8F, 0xCA8F, 0xCA8F,
    0xCA8F, 0xCA8F, 0xCA8F, 0xCA8F, 0xCA8E, 0xCA8E, 0xCA8E, 0xCA8E, 0xC28E, 0xC28E, 0xCA8E, 0xCA8E,
    0xCA8E, 0xCA8E, 0xCA8E, 0xCA8E, 0xCA8E, 0xC28E, 0xC28E, 0xC26E, 0xC26E, 0xC26E, 0xC28E, 0xCA8E,
    0xCA8F, 0xD2AF, 0xD2AF, 0xD2AF, 0xDAAF, 0xDAAF, 0xDAB0, 0xE2D0, 0xE2D0, 0xEAF1, 0xEAF1, 0xEAF1,
    0xEAF1, 0xEAF1, 0xF2F1, 0xF2F1, 0xFB12, 0xFB12, 0xFB12, 0xFB12, 0xFB12, 0xFB12, 0xFB12, 0xFB12,
    0xFB12, 0xFB12, 0xFB12, 0xFB12, 0xFB12, 0xFB12, 0xFB12, 0xFB12, 0xFB12, 0xF2F2, 0xF2F1, 0xF2F1,
    0xEAF1, 0xEAF1, 0xEAF1, 0xEAF1, 0xEAF1, 0xEAF1, 0xF2F1, 0xF2F1, 0xF2F1, 0xF2F1, 0xF2F1, 0xEAF1,
    0xEAF1, 0xEAF1, 0xF2F1, 0xF2F1, 0xF2F1, 0xF2F1, 0xF2F1, 0xF2F1, 0xF2F1, 0xF2F1, 0xF2F1, 0xF2F1,
    0xF2F1, 0xF2F1, 0xF2F1, 0xF2F1, 0xF2F1, 0xF2F1, 0xEAF1, 0xEAD1, 0xE2D0, 0xE2D0, 0xDAB0, 0xDAB0,
    0xDAAF, 0xDAAF, 0xDAAF, 0xDAAF, 0xDAAF, 0xDAB0, 0xDAB0, 0xDAB0, 0xDAB0, 0xDAB0, 0xDAB0, 0xDAB0,
    0xDAD0, 0xE2D0, 0xE2D0, 0xE2D0, 0xE2D0, 0xDAD0, 0xDAB0, 0xDAD0, 0xE2D0, 0xE2D0, 0xE2D0, 0xE2D0,
    0xD28F, 0xD28F, 0xD28F, 0xD2AF, 0xD2AF, 0xD2AF, 0xD2AF, 0xD28F, 0xCA8F, 0xCA8F, 0xCA8E, 0xCA8E,
    0xCA8E, 0xC28E, 0xC28E, 0xC26E, 0xC28E, 0xCA8E, 0xCA8E, 0xCA8F, 0xCA8F, 0xCA8E, 0xCA8E, 0xCA8F,
    0xCA8F, 0xD28F, 0xD2AF, 0xD2AF, 0xD2AF, 0xD2AF, 0xE4F6, 0xDAAF, 0xDAAF, 0xDAB0, 0xDAB0, 0xDAB0,
    0xDAB0, 0xDAB0, 0xDAB0, 0xDAB0, 0xDAB0, 0xDAB0, 0xDAB0, 0xDAB0, 0xDAAF, 0xD2AF, 0xD2AF, 0xD2AF,
    0xD2AF, 0xD28F, 0xCA8F, 0xCA8F, 0xCA8E, 0xCA8E, 0xCA8E, 0xCA8E, 0xCA8E, 0xCA8E, 0xCA8E, 0xCA8E,
    0xCA8E, 0xC28E, 0xC28E, 0xC26E, 0xC26E, 0xC26E, 0xC26E, 0xBA6D, 0xBA6D, 0xBA6D, 0xBA6E, 0xC26E,
    0xC26E, 0xC26E, 0xC26E, 0xC26E, 0xC26E, 0xC26E, 0xC28E, 0xCA8E, 0xCA8E, 0xCA8F, 0xD28F, 0xD2AF,
    0xDAB0, 0xE2D0, 0xE2D0, 0xE2D0, 0xDAB0, 0xDAB0, 0xDAB0, 0xDAB0, 0xDAB0, 0xDAB0, 0xE2B0, 0xE2D0,
    0xE2D0, 0xE2D0, 0xE2D0, 0xED16, 0xE2D0, 0xE2D0, 0xE2D0, 0xDAB0, 0xDAB0, 0xDAB0, 0xDAB0, 0xDAB0,
    0xDAB0, 0xDAB0, 0xDAB0, 0xDAB0, 0xDAB0, 0xDAB0, 0xDAAF, 0xDAAF, 0xD2AF, 0xD2AF, 0xD28F, 0xCA8F,
    0xCA8F, 0xCA8E, 0xCA8E, 0xCA8E, 0xCA8E, 0xCA8E, 0xCA8E, 0xC28E, 0xC28E, 0xC28E, 0xC28E, 0xC28E,
    0xC26E, 0xC26E, 0xC26E, 0xC26E, 0xC26E, 0xC26E, 0xC26E, 0xBA6E, 0xBA6D, 0xBA6D, 0xBA6D, 0xBA6D,
    0xBA6E, 0xC26E, 0xC26E, 0xC26E, 0xC26E, 0xC26E, 0xC26E, 0xC26E, 0xC26E, 0xC26E, 0xBA6E, 0xBA6D,
    0xBA6D, 0xC26E, 0xCA8E, 0xCA8E, 0xCA8E, 0xCA8E, 0xCA8E, 0xCA8E, 0xCA8E, 0xCA8F, 0xD2AF, 0xD2AF,
    0xD2AF, 0xDAAF, 0xDAB0, 0xDAB0, 0xDAB0, 0xDAB0, 0xE2D0, 0xEAD1, 0xEAF1, 0xF2F1, 0xF2F1, 0xF2F1,
    0xEAF1, 0xF2F1, 0xF2F1, 0xF2F1, 0xF2F1, 0xF2F1, 0xF2F1, 0xF2F1, 0xEAF1, 0xEAF1, 0xEAD1, 0xEAD1,
    0xEAD1, 0xEAD1, 0xEAD0, 0xE2D0, 0xE2D0, 0xE2D0, 0xE2D0, 0xE2D0, 0xE2D0, 0xE2D0, 0xEAD0, 0xEAD1,
    0xEAD1, 0xEAD1, 0xEAD1, 0xEAD1, 0xEAF1, 0xEAF1, 0xEAF1, 0xEAD1, 0xEAD1, 0xEAD1, 0xEAD1, 0xEAF1,
    0xEAD1, 0xEAD1, 0xEAD1, 0xEAD1, 0xEAD1, 0xE2D0, 0xE2D0, 0xE2D0, 0xE2D0, 0xE2D0, 0xE2D0, 0xDAB0,
    0xDAB0, 0xDAAF, 0xD2AF, 0xDAAF, 0xDAAF, 0xDAAF, 0xDAAF, 0xDAAF, 0xDAAF, 0xDAAF, 0xDAAF, 0xD2AF,
    0xD2AF, 0xD2AF, 0xD2AF, 0xD2AF, 0xD2AF, 0xD2AF, 0xD2AF, 0xD2AF, 0xD2AF, 0xDAAF, 0xDAAF, 0xDAAF,
    0xDAAF, 0xDAAF, 0xDAAF, 0xDAAF, 0xCA8F, 0xDCD5, 0xCA8F, 0xCA8F, 0xD28F, 0xD28F, 0xCA8F, 0xCA8E,
    0xCA8E, 0xCA8E, 0xC28E, 0xC26E, 0xC26E, 0xC26E, 0xC26E, 0xC26E, 0xC26E, 0xC26E, 0xC26E, 0xC26E,
    0xC28E, 0xC28E, 0xCA8E, 0xCA8E, 0xCA8F, 0xD2AF, 0xD2AF, 0xD2AF, 0xD2AF, 0xD2AF, 0xD2AF, 0xD2AF,
    0xD2AF, 0xD2AF, 0xD2AF, 0xDAAF, 0xDAB0, 0xDAB0, 0xDAB0, 0xDAB0, 0xDAB0, 0xDAB0, 0xDAAF, 0xDAAF,
    0xD2AF, 0xD28F, 0xCA8F, 0xCA8E, 0xCA8E, 0xCA8E, 0xC28E, 0xC26E, 0xC26E, 0xBA6E, 0xBA6D, 0xBA4D,
    0xB24D, 0xB24D, 0xB24D, 0xB24D, 0xBA4D, 0xBA4D, 0xB24D, 0xB24D, 0xB24D, 0xB24D, 0xB24D, 0xB24D,
    0xB24D, 0xB24D, 0xB24D, 0xBA4D, 0xBA6D, 0xBA6D, 0xC26E, 0xC26E, 0xC28E, 0xCA8E, 0xCA8F, 0xD28F,
    0xD28F, 0xD2AF, 0xD2AF, 0xDAAF, 0xDAB0, 0xE2B0, 0xE2D0, 0xE2B0, 0xDAB0, 0xDAAF, 0xDAB0, 0xDAB0,
    0xDAB0, 0xDAB0, 0xDAB0, 0xDAB0, 0xDAB0, 0xDAB0, 0xDAB0, 0xDAB0, 0xDAB0, 0xDAB0, 0xDAB0, 0xDAB0,
    0xDAB0, 0xDAAF, 0xD2AF, 0xD2AF, 0xD2AF, 0xD2AF, 0xD28F, 0xD28F, 0xCA8F, 0xCA8F, 0xCA8E, 0xCA8F,
    0xCA8F, 0xCA8F, 0xCA8E, 0xCA8E, 0xCA8E, 0xCA8E, 0xCA8E, 0xC28E, 0xC28E, 0xC26E, 0xC26E, 0xC26E,
    0xBA6E, 0xBA6E, 0xBA6D, 0xBA6D, 0xBA6D, 0xD4D5, 0xBA6D, 0xBA6D, 0xBA6D, 0xBA6D, 0xBA6D, 0xBA6D,
    0xBA6D, 0xBA6D, 0xBA6D, 0xBA6D, 0xBA6D, 0xBA6D, 0xBA6D, 0xBA6D, 0xBA6D, 0xBA6E, 0xC26E, 0xC26E,
    0xC26E, 0xC26E, 0xC26E, 0xC26E, 0xC28E, 0xCA8E, 0xCA8E, 0xCA8E, 0xCA8E, 0xCA8E, 0xC28E, 0xC28E,
    0xC28E, 0xC28E, 0xCA8E, 0xCA8E, 0xCA8E, 0xCA8F, 0xD28F, 0xD2AF, 0xDAAF, 0xDAAF, 0xDAB0, 0xE2B0,
    0xE2D0, 0xE2D0, 0xE2D0, 0xEAD0, 0xE2D0, 0xE2D0, 0xEAD0, 0xEAD1, 0xEAD1, 0xE2D0, 0xE2D0, 0xE2D0,
    0xE2B0, 0xE2B0, 0xE2B0, 0xE2D0, 0xE2D0, 0xE2D0, 0xE2D0, 0xE2D0, 0xE2D0, 0xE2D0, 0xE2B0, 0xDAB0,
    0xDAB0, 0xDAB0, 0xDAB0, 0xE2D0, 0xE2D0, 0xE2D0, 0xE2D0, 0xEAD1, 0xEAD1, 0xEAD1, 0xEAD1, 0xEAD1,
    0xEAD0, 0xE2D0, 0xE2D0, 0xE2D0, 0xE2D0, 0xE2D0, 0xE2D0, 0xE2D0, 0xE2D0, 0xE2B0, 0xDAB0, 0xDAB0,
    0xE2B0, 0xE2D0, 0xE2D0, 0xE2B0, 0xDAB0, 0xDAB0, 0xDAB0, 0xDAB0, 0xDAB0, 0xDAAF, 0xDAB0, 0xE4F6,
    0xDAB0, 0xDAB0, 0xDAAF, 0xDAAF, 0xDAAF, 0xD2AF, 0xD2AF, 0xD2AF, 0xD2AF, 0xD2AF, 0xD2AF, 0xDAAF,
    0xDAAF, 0xDAB0, 0xDAB0, 0xDAB0, 0xDAB0, 0xDAB0, 0xDAB0, 0xDAB0, 0xBA6D, 0xBA6D, 0xBA6D, 0xBA6D,
    0xBA6D, 0xBA6D, 0xBA6D, 0xBA6E, 0xC26E, 0xC26E, 0xBA6E, 0xBA6D, 0xBA6D, 0xC26E, 0xC26E, 0xC26E,
    0xC28E, 0xCA8E, 0xCA8E, 0xCA8E, 0xCA8E, 0xCA8E, 0xCA8F, 0xCA8F, 0xD28F, 0xD2AF, 0xD2AF, 0xD2AF,
    0xD2AF, 0xD2AF, 0xE4F5, 0xD2AF, 0xD28F, 0xD28F, 0xD2AF, 0xD2AF, 0xD2AF, 0xE4F5, 0xD2AF, 0xD2AF,
    0xD2AF, 0xD2AF, 0xD2AF, 0xD2AF, 0xD28F, 0xD28F, 0xCA8F, 0xCA8F, 0xCA8E, 0xCA8E, 0xCA8E, 0xC26E,
    0xC26E, 0xBA6D, 0xBA4D, 0xB24D, 0xB24D, 0xB24D, 0xBA4D, 0xBA4D, 0xBA6D, 0xD4D4, 0xBA6D, 0xBA6D,
    0xBA6D, 0xBA6D, 0xBA6D, 0xBA6D, 0xBA6D, 0xBA6D, 0xC26E, 0xC26E, 0xC26E, 0xC28E, 0xCA8E, 0xCA8E,
    0xCA8F, 0xD28F, 0xD2AF, 0xD2AF, 0xDAAF, 0xDAAF, 0xDAB0, 0xDAB0, 0xDAB0, 0xDAB0, 0xDAB0, 0xDAB0,
    0xDAB0, 0xDAB0, 0xE2B0, 0xE2D0, 0xE2D0, 0xE2D0, 0xE2D0, 0xE2D0, 0xECF6, 0xE2D0, 0xE2D0, 0xE2D0,
    0xE2D0, 0xE2B0, 0xDAB0, 0xDAB0, 0xDAB0, 0xDAAF, 0xD2AF, 0xD2AF, 0xD2AF, 0xD28F, 0xCA8F, 0xCA8F,
    0xCA8F, 0xCA8F, 0xCA8F, 0xCA8F, 0xCA8F, 0xCA8F, 0xCA8E, 0xCA8E, 0xCA8E, 0xC28E, 0xC28E, 0xC28E,
    0xC28E, 0xC28E, 0xC28E, 0xC28E, 0xC28E, 0xC26E, 0xC26E, 0xC26E, 0xC26E, 0xC26E, 0xC26E, 0xBA6E,
    0xBA6D, 0xBA4D, 0xB24D, 0xBA4D, 0xBA6D, 0xBA6E, 0xC26E, 0xC26E, 0xC26E, 0xC26E, 0xC26E, 0xC26E,
    0xCA8E, 0xDCD5, 0xCA8E, 0xC28E, 0xC28E, 0xC28E, 0xCA8E, 0xCA8E, 0xCA8F, 0xD28F, 0xD2AF, 0xD2AF,
    0xD2AF, 0xD28F, 0xD28F, 0xCA8F, 0xCA8E, 0xCA8E, 0xCA8E, 0xCA8E, 0xCA8E, 0xCA8E, 0xCA8E, 0xCA8F,
    0xD2AF, 0xD2AF, 0xDAAF, 0xDAAF, 0xDAB0, 0xDAB0, 0xDAB0, 0xDAB0, 0xDAB0, 0xDAB0, 0xDAB0, 0xE2B0,
    0xE2D0, 0xE2D0, 0xE2D0, 0xEAD0, 0xE2D0, 0xE2D0, 0xE2D0, 0xE2D0, 0xE2D0, 0xE2D0, 0xE2D0, 0xE2D0,
    0xE2D0, 0xE2B0, 0xDAB0, 0xDAB0, 0xDAB0, 0xDAB0, 0xDAB0, 0xDAB0, 0xDAB0, 0xDAB0, 0xDAB0, 0xDAB0,
    0xDAB0, 0xE2B0, 0xE2B0, 0xDAB0, 0xDAB0, 0xDAB0, 0xECF6, 0xDAB0, 0xDAAF, 0xDAAF, 0xDAAF, 0xD2AF,
    0xD2AF, 0xDAAF, 0xDAAF, 0xDAB0, 0xE2D0, 0xE2D0, 0xEAD1, 0xEAD1, 0xEAD1, 0xEAD1, 0xEAF1, 0xEAD1,
    0xEAD1, 0xEAD0, 0xEAD1, 0xEAD1, 0xEAD1, 0xE2D0, 0xE2D0, 0xE2D0, 0xDAB0, 0xE2B0, 0xE2D0, 0xE2D0,
    0xE2D0, 0xE2D0, 0xE2D0, 0xE2D0, 0xE2B0, 0xDAB0, 0xDAB0, 0xDAB0, 0xE2D0, 0xE2D0, 0xE2D0, 0xE2D0,
    0xC26E, 0xC26E, 0xBA6D, 0xBA6D, 0xB24D, 0xB24D, 0xBA6D, 0xBA6E, 0xC26E, 0xC26E, 0xC26E, 0xBA6E,
    0xBA6D, 0xC26E, 0xC26E, 0xC28E, 0xCA8E, 0xCA8E, 0xCA8E, 0xCA8E, 0xCA8E, 0xCA8F, 0xD2AF, 0xD2AF,
    0xD2AF, 0xD2AF, 0xD2AF, 0xD28F, 0xCA8F, 0xCA8F, 0xCA8F, 0xCA8E, 0xCA8E, 0xCA8E, 0xCA8E, 0xC28E,
    0xC26E, 0xC28E, 0xC28E, 0xCA8E, 0xCA8E, 0xCA8E, 0xCA8E, 0xC28E, 0xC28E, 0xC28E, 0xC28E, 0xC28E,
    0xC28E, 0xC28E, 0xC28E, 0xC26E, 0xC26E, 0xC26E, 0xBA6E, 0xBA6D, 0xBA6D, 0xBA6D, 0xBA6D, 0xBA6D,
    0xBA4D, 0xBA4D, 0xBA6D, 0xBA6D, 0xC26E, 0xC26E, 0xC26E, 0xBA6E, 0xBA6E, 0xBA6E, 0xBA6E, 0xC26E,
    0xC26E, 0xDCD5, 0xCA8E, 0xCA8E, 0xCA8F, 0xD2AF, 0xD2AF, 0xD2AF, 0xD2AF, 0xD2AF, 0xD2AF, 0xD2AF,
    0xD2AF, 0xDAAF, 0xDAAF, 0xDAB0, 0xDAB0, 0xDAB0, 0xE2D0, 0xE2D0, 0xE2D0, 0xE2D0, 0xE2D0, 0xEAD0,
    0xEAD1, 0xEAD1, 0xEAF1, 0xEAF1, 0xEAD1, 0xEAD1, 0xEAD1, 0xE2D0, 0xE2D0, 0xE2D0, 0xE2D0, 0xE2D0,
    0xDAB0, 0xDAAF, 0xDAAF, 0xDAAF, 0xDAB0, 0xDAB0, 0xDAB0, 0xDAB0, 0xDAAF, 0xDAAF, 0xD2AF, 0xD2AF,
    0xD2AF, 0xCA8F, 0xCA8E, 0xCA8E, 0xCA8E, 0xC28E, 0xC28E, 0xC28E, 0xC28E, 0xC28E, 0xC28E, 0xC28E,
    0xC26E, 0xC26E, 0xBA6E, 0xBA6D, 0xBA6D, 0xBA4D, 0xB24D, 0xBA4D, 0xBA6D, 0xBA6D, 0xBA6D, 0xBA6E,
    0xC26E, 0xC26E, 0xC26E, 0xC26E, 0xC28E, 0xC28E, 0xC28E, 0xCA8E, 0xCA8E, 0xCA8E, 0xCA8E, 0xCA8E,
    0xCA8F, 0xD28F, 0xD2AF, 0xD2AF, 0xD2AF, 0xD2AF, 0xD2AF, 0xD2AF, 0xD2AF, 0xD2AF, 0xDAAF, 0xE4F6,
    0xD2AF, 0xD2AF, 0xD2AF, 0xDAAF, 0xDAB0, 0xDAB0, 0xE2D0, 0xE2D0, 0xE2D0, 0xE2D0, 0xE2D0, 0xE2D0,
    0xE2D0, 0xE2D0, 0xEAD1, 0xEAF1, 0xF2F1, 0xF2F1, 0xF2F1, 0xF2F1, 0xF2F1, 0xF2F1, 0xF2F1, 0xF2F1,
    0xF2F1, 0xF2F1, 0xF2F1, 0xF2F1, 0xEAF1, 0xEAD1, 0xE2D0, 0xEAD1, 0xEAD1, 0xEAD1, 0xEAD0, 0xE2D0,
    0xE2D0, 0xE2D0, 0xE2D0, 0xE2D0, 0xDAB0, 0xDAB0, 0xDAB0, 0xDAB0, 0xDAB0, 0xDAB0, 0xDAB0, 0xDAB0,
    0xDAB0, 0xDAB0, 0xDAB0, 0xE2D0, 0xE2D0, 0xE2D0, 0xE2D0, 0xE2D0, 0xEAD1, 0xEAF1, 0xF2F1, 0xF2F1,
    0xF2F1, 0xF2F1, 0xF2F1, 0xF2F1, 0xF2F1, 0xF2F1, 0xF2F1, 0xF2F1, 0xF2F1, 0xF2F1, 0xEAF1, 0xEAD1,
    0xEAD1, 0xEAF1, 0xF2F1, 0xF2F1, 0xF2F1, 0xF2F1, 0xF2F1, 0xF2F1, 0xF2F1, 0xEAF1, 0xEAD1, 0xEAF1,
    0xF2F1, 0xF2F1, 0xF2F1, 0xF2F1, 0xC28E, 0xC28E, 0xC28E, 0xC28E, 0xC26E, 0xC28E, 0xCA8E, 0xCA8E,
    0xCA8F, 0xD28F, 0xCA8F, 0xCA8F, 0xCA8F, 0xD2AF, 0xD2AF, 0xD2AF, 0xD2AF, 0xD2AF, 0xCA8F, 0xCA8F,
    0xD2AF, 0xD2AF, 0xDAAF, 0xDAAF, 0xDAAF, 0xD2AF, 0xD2AF, 0xD2AF, 0xD2AF, 0xD2AF, 0xE4F5, 0xCA8F,
    0xCA8E, 0xCA8E, 0xCA8E, 0xC28E, 0xC28E, 0xC28E, 0xC28E, 0xC28E, 0xC28E, 0xC28E, 0xC28E, 0xC28E,
    0xCA8E, 0xCA8E, 0xCA8E, 0xCA8E, 0xCA8E, 0xC28E, 0xC26E, 0xC26E, 0xC26E, 0xC28E, 0xC28E, 0xC28E,
    0xC28E, 0xC28E, 0xC28E, 0xC26E, 0xC26E, 0xDCD5, 0xC26E, 0xC26E, 0xC28E, 0xC26E, 0xC26E, 0xC26E,
    0xC26E, 0xC26E, 0xC26E, 0xC26E, 0xC26E, 0xC26E, 0xC26E, 0xC26E, 0xC28E, 0xCA8E, 0xCA8E, 0xCA8E,
    0xCA8F, 0xD28F, 0xD2AF, 0xD2AF, 0xD2AF, 0xD2AF, 0xD2AF, 0xDAAF, 0xDAB0, 0xDAB0, 0xE2D0, 0xE2D0,
    0xE2D0, 0xEAD0, 0xEAD1, 0xEAF1, 0xEAF1, 0xEAF1, 0xEAF1, 0xEAF1, 0xEAF1, 0xEAF1, 0xEAF1, 0xEAF1,
    0xEAF1, 0xEAF1, 0xEAD1, 0xEAD1, 0xEAD0, 0xEAD1, 0xEAD1, 0xEAD0, 0xEAD0, 0xEAD0, 0xEAD0, 0xEAD0,
    0xEAD0, 0xEAD0, 0xE2D0, 0xE2D0, 0xDAB0, 0xDAB0, 0xD2AF, 0xD2AF, 0xD2AF, 0xCA8F, 0xCA8E, 0xCA8E,
    0xCA8E, 0xC28E, 0xC28E, 0xC26E, 0xC28E, 0xC28E, 0xCA8E, 0xCA8E, 0xCA8E, 0xC28E, 0xC28E, 0xC28E,
    0xC28E, 0xC28E, 0xC28E, 0xC28E, 0xC28E, 0xC28E, 0xC28E, 0xC26E, 0xC26E, 0xC26E, 0xC28E, 0xC28E,
    0xCA8E, 0xCA8E, 0xE4F5, 0xD2AF, 0xD2AF, 0xD2AF, 0xDAAF, 0xDAAF, 0xDAAF, 0xDAB0, 0xDAB0, 0xDAB0,
    0xDAD0, 0xDAD0, 0xDAD0, 0xE2D0, 0xE2D0, 0xEAD1, 0xEAF1, 0xEAD1, 0xE2D0, 0xE2D0, 0xE2D0, 0xE2D0,
    0xE2D0, 0xE2D0, 0xE2D0, 0xEAD0, 0xEAF1, 0xEAF1, 0xEAF1, 0xF2F1, 0xF2F1, 0xF2F1, 0xF2F1, 0xF2F1,
    0xF2F1, 0xF2F2, 0xFB12, 0xFB12, 0xFB12, 0xFB12, 0xF2F2, 0xF2F1, 0xF2F1, 0xF2F1, 0xF2F1, 0xFB12,
    0xF2F2, 0xF2F1, 0xF2F1, 0xF2F1, 0xF2F1, 0xF2F1, 0xEAF1, 0xEAF1, 0xEAD1, 0xE2D0, 0xE2D0, 0xE2D0,
    0xE2D0, 0xE2D0, 0xE2D0, 0xEAD0, 0xEAD0, 0xEAD0, 0xEAD0, 0xEAD0, 0xEAD0, 0xEAD1, 0xEAD1, 0xEAF1,
    0xF2F1, 0xF2F1, 0xF2F1, 0xF2F1, 0xFB12, 0xFB12, 0xFB12, 0xF2F1, 0xF2F1, 0xF2F1, 0xEAF1, 0xEAF1,
    0xEAF1, 0xEAF1, 0xF2F1, 0xF2F1, 0xF2F1, 0xF2F1, 0xF2F1, 0xF2F1, 0xF2F1, 0xF2F1, 0xF2F1, 0xF2F1,
    0xF2F1, 0xF2F1, 0xF2F1, 0xF2F1, 0xF2F1, 0xF2F1, 0xF2F1, 0xF2F1, 0xDAD0, 0xDAD0, 0xE2D0, 0xE2D0,
    0xE2D0, 0xE2D0, 0xE2D0, 0xDAD0, 0xDAB0, 0xDAB0, 0xDAB0, 0xDAB0, 0xDAB0, 0xDAB0, 0xDAB0, 0xDAB0,
    0xDAB0, 0xDAAF, 0xDAAF, 0xDAAF, 0xDAAF, 0xDAB0, 0xDAB0, 0xDAD0, 0xDAD0, 0xDAD0, 0xDAB0, 0xDAB0,
    0xDAAF, 0xD2AF, 0xE4F6, 0xD2AF, 0xD2AF, 0xD2AF, 0xD2AF, 0xD2AF, 0xE4F5, 0xCA8F, 0xCA8F, 0xCA8F,
    0xCA8F, 0xCA8E, 0xCA8E, 0xCA8E, 0xCA8E, 0xCA8E, 0xCA8E, 0xCA8F, 0xCA8F, 0xCA8E, 0xCA8E, 0xCA8F,
    0xD2AF, 0xD2AF, 0xD2AF, 0xD2AF, 0xD2AF, 0xD2AF, 0xD2AF, 0xD2AF, 0xCA8F, 0xCA8E, 0xCA8E, 0xCA8E,
    0xCA8E, 0xCA8E, 0xCA8E, 0xCA8E, 0xCA8E, 0xCA8E, 0xCA8E, 0xCA8E, 0xCA8E, 0xCA8F, 0xCA8F, 0xCA8F,
    0xCA8F, 0xD2AF, 0xD2AF, 0xD2AF, 0xD2AF, 0xD2AF, 0xDAAF, 0xDAB0, 0xDAB0, 0xE2D0, 0xE2D0, 0xE2D0,
    0xE2D0, 0xE2D0, 0xE2D0, 0xE2D0, 0xE2D0, 0xEAD0, 0xEAF1, 0xEAF1, 0xF2F1, 0xF2F1, 0xF2F1, 0xF2F1,
    0xF2F1, 0xEAF1, 0xEAF1, 0xEAF1, 0xEAF1, 0xEAF1, 0xEAF1, 0xEAF1, 0xEAF1, 0xEAF1, 0xEAF1, 0xEAF1,
    0xEAD1, 0xEAD0, 0xEAD0, 0xEAF1, 0xEAF1, 0xEAF1, 0xEAF1, 0xEAD1, 0xED16, 0xE2D0, 0xE2D0, 0xDAD0,
    0xDAB0, 0xDAB0, 0xDAAF, 0xDAAF, 0xDAAF, 0xDAB0, 0xDAB0, 0xDAD0, 0xDAD0, 0xDAD0, 0xDAD0, 0xE2D0,
    0xE2D0, 0xE2D0, 0xE2D0, 0xE2D0, 0xE2D0, 0xDAD0, 0xDAD0, 0xE2D0, 0xE2D0, 0xE2D0, 0xE2D0, 0xDAD0,
    0xDAD0, 0xDAD0, 0xDAD0, 0xE2D0, 0xE2D0, 0xE2D0, 0xDAD0, 0xDAD0, 0xDAD0, 0xDAD0, 0xDAD0, 0xDAD0,
    0xE2D0, 0xE2D0, 0xE2D0, 0xE2D0, 0xE2D0, 0xEAD1, 0xEAD1, 0xEAF1, 0xEAF1, 0xF2F1, 0xF2F1, 0xEAF1,
    0xEAF1, 0xEAD1, 0xEAD1, 0xEAD1, 0xEAD1, 0xEAD1, 0xEAD1, 0xEAD0, 0xE2D0, 0xEAD1, 0xEAF1, 0xEAF1,
    0xEAF1, 0xEAF1, 0xEAF1, 0xEAF1, 0xEAD1, 0xEAD1, 0xEAF1, 0xEAF1, 0xEAF1, 0xF2F1, 0xF2F1, 0xF2F1,
    0xF311, 0xF312, 0xFB12, 0xFB12, 0xFB12, 0xF2F1, 0xF2F1, 0xF2F1, 0xF2F1, 0xF2F1, 0xF2F1, 0xF2F1,
    0xEAF1, 0xEAF1, 0xEAF1, 0xEAF1, 0xEAF1, 0xEAF1, 0xEAF1, 0xEAF1, 0xF2F1, 0xF2F1, 0xF2F1, 0xF2F1,
    0xF2F1, 0xF2F1, 0xF2F1, 0xF2F1, 0xF2F1, 0xF2F1, 0xEAF1, 0xEAF1, 0xEAF1, 0xEAF1, 0xEAF1, 0xEAF1,
    0xEAF1, 0xEAF1, 0xEAF1, 0xEAF1, 0xEAF1, 0xF2F1, 0xF2F1, 0xF2F1, 0xF2F1, 0xEAF1, 0xEAF1, 0xEAF1,
    0xEAF1, 0xEAF1, 0xEAF1, 0xEAF1, 0xEAF1, 0xEAF1, 0xEAF1, 0xEAF1, 0xEAD0, 0xE2D0, 0xE2D0, 0xE2D0,
    0xE2D0, 0xE2D0, 0xE2D0, 0xE2D0, 0xEAF1, 0xEAF1, 0xEAD1, 0xE2D0, 0xE2D0, 0xE2D0, 0xE2D0, 0xEAD1,
    0xEAF1, 0xF516, 0xEAF1, 0xEAF1, 0xEAF1, 0xEAF1, 0xEAD1, 0xE2D0, 0xE2D0, 0xE2D0, 0xE2D0, 0xE2D0,
    0xE2D0, 0xE2D0, 0xE2D0, 0xDAD0, 0xDAD0, 0xDAB0, 0xDAB0, 0xDAD0, 0xDAD0, 0xE2D0, 0xDAB0, 0xDAAF,
    0xD2AF, 0xD2AF, 0xD2AF, 0xD2AF, 0xD2AF, 0xD2AF, 0xD2AF, 0xD2AF, 0xD2AF, 0xD2AF, 0xD2AF, 0xD2AF,
    0xD2AF, 0xD2AF, 0xD2AF, 0xE4F5, 0xD2AF, 0xD2AF, 0xDAAF, 0xDAAF, 0xDAAF, 0xD2AF, 0xD2AF, 0xD2AF,
    0xD2AF, 0xD2AF, 0xD2AF, 0xD2AF, 0xD2AF, 0xD2AF, 0xD2AF, 0xD2AF, 0xD2AF, 0xD2AF, 0xD2AF, 0xD2AF,
    0xD2AF, 0xD2AF, 0xDAAF, 0xDAAF, 0xDAAF, 0xDAAF, 0xD2AF, 0xDAAF, 0xDAAF, 0xDAB0, 0xDAB0, 0xDAB0,
    0xDAB0, 0xDAB0, 0xDAB0, 0xDAB0, 0xDAD0, 0xE2D0, 0xE2D0, 0xDAD0, 0xDAD0, 0xE2D0, 0xE2D0, 0xE2D0,
    0xE2D0, 0xEAF1, 0xEAF1, 0xEAF1, 0xEAF1, 0xEAF1, 0xE2D0, 0xE2D0, 0xE2D0, 0xE2D0, 0xE2D0, 0xE2D0,
    0xE2D0, 0xE2D0, 0xE2D0, 0xE2D0, 0xE2D0, 0xE2D0, 0xE2D0, 0xE2D0, 0xE2D0, 0xE2D0, 0xE2D0, 0xE2D0,
    0xEAD1, 0xEAD1, 0xEAD1, 0xEAD1, 0xEAD1, 0xE2D0, 0xE2D0, 0xE2D0, 0xE2D0, 0xE2D0, 0xE2D0, 0xEAF1,
    0xEAF1, 0xEAF1, 0xEAF1, 0xEAF1, 0xEAF1, 0xEAF1, 0xEAF1, 0xEAF1, 0xEAF1, 0xEAF1, 0xEAF1, 0xEAF1,
    0xEAF1, 0xEAD1, 0xEAF1, 0xEAF1, 0xEAF1, 0xEAF1, 0xEAD1, 0xE2D0, 0xE2D0, 0xE2D0, 0xE2D0, 0xE2D0,
    0xE2D0, 0xE2D0, 0xE2D0, 0xE2D0, 0xE2D0, 0xE2D0, 0xE2D0, 0xE2D0, 0xE2D0, 0xE2D0, 0xEAD1, 0xEAD1,
    0xEAD1, 0xE2D0, 0xE2D0, 0xE2D0, 0xE2D0, 0xE2D0, 0xE2D0, 0xE2D0, 0xE2D0, 0xE2D0, 0xE2D0, 0xE2D0,
    0xE2D0, 0xE2D0, 0xE2D0, 0xE2D0, 0xE2D0, 0xE2D0, 0xE2D0, 0xE2D0, 0xE2D0, 0xE2D0, 0xE2D0, 0xE2D0,
    0xEAF1, 0xEAF1, 0xF2F1, 0xF2F1, 0xF2F1, 0xF2F1, 0xF2F1, 0xF2F1, 0xF311, 0xF311, 0xF311, 0xF311,
    0xF2F1, 0xF2F1, 0xF2F1, 0xEAF1, 0xEAF1, 0xEAF1, 0xEAF1, 0xF2F1, 0xF2F1, 0xF2F1, 0xF2F1, 0xEAF1,
    0xF2F1, 0xF2F1, 0xFB12, 0xFB12, 0xFB12, 0xF2F1, 0xF2F1, 0xEAF1, 0xEAF1, 0xEAF1, 0xEAD1, 0xEAF1,
    0xEAF1, 0xF516, 0xEAF1, 0xEAF1, 0xEAF1, 0xEAF1, 0xEAF1, 0xEAF1, 0xEAF1, 0xEAF1, 0xEAF1, 0xE2D0,
    0xE2D0, 0xE2D0, 0xE2D0, 0xE2D0, 0xE2D0, 0xE2D0, 0xE2D0, 0xE2D0, 0xE2D0, 0xE2D0, 0xE2D0, 0xE2D0,
    0xDAD0, 0xDAD0, 0xDAB0, 0xDAB0, 0xDAD0, 0xDAD0, 0xDAD0, 0xE2D0, 0xE2D0, 0xE2D0, 0xE2D0, 0xEAD1,
    0xEAD1, 0xEAF1, 0xEAF1, 0xF2F1, 0xF2F1, 0xF2F1, 0xF2F1, 0xF2F1, 0xF2F1, 0xF2F1, 0xF2F1, 0xF2F1,
    0xF2F1, 0xF2F1, 0xF2F1, 0xEAF1, 0xEAF1, 0xEAF1, 0xEAF1, 0xEAD1, 0xE2D0, 0xE2D0, 0xE2D0, 0xE2D0,
    0xE2D0, 0xE2D0, 0xDAB0, 0xD2AF, 0xD2AF, 0xD2AF, 0xD2AF, 0xD2AF, 0xDAAF, 0xD2AF, 0xD2AF, 0xD2AF,
    0xD2AF, 0xD2AF, 0xD2AF, 0xD2AF, 0xD2AF, 0xD2AF, 0xD2AF, 0xD2AF, 0xD2AF, 0xD2AF, 0xD2AF, 0xD2AF,
    0xD2AF, 0xD2AF, 0xD2AF, 0xD2AF, 0xDAAF, 0xDAAF, 0xD2AF, 0xD2AF, 0xD2AF, 0xCAAF, 0xCA8F, 0xCA8F,
    0xCA8F, 0xCAAF, 0xD2AF, 0xD2AF, 0xD2AF, 0xDAAF, 0xDAB0, 0xDAD0, 0xE2D0, 0xE2D0, 0xDAD0, 0xDAD0,
    0xDAB0, 0xDAAF, 0xD2AF, 0xD2AF, 0xD2AF, 0xD2AF, 0xD2AF, 0xD2AF, 0xD2AF, 0xD2AF, 0xCAAF, 0xCAAF,
    0xCA8F, 0xD2AF, 0xD2AF, 0xD2AF, 0xDAAF, 0xDAB0, 0xDAB0, 0xDAD0, 0xE2D0, 0xE2D0, 0xDAD0, 0xDAD0,
    0xDAD0, 0xDAD0, 0xDAD0, 0xDAD0, 0xE2D0, 0xE2D0, 0xE2D0, 0xE2D0, 0xE2D0, 0xE2D0, 0xE2D0, 0xE2D0,
    0xE2D0, 0xE2D0, 0xE2D0, 0xEAD1, 0xEAF1, 0xEAF1, 0xE2D0, 0xE2D0, 0xE2D0, 0xE2D0, 0xE2D0, 0xE2D0,
    0xDAD0, 0xDAD0, 0xDAB0, 0xDAB0, 0xDAD0, 0xDAD0, 0xE2D0, 0xE2D0, 0xE2D0, 0xE2D0, 0xE2D0, 0xE2D0,
    0xE2D0, 0xEAD0, 0xEAD0, 0xE2D0, 0xE2D0, 0xE2D0, 0xE2D0, 0xE2D0, 0xE2D0, 0xE2D0, 0xE2D0, 0xE2D0,
    0xDAD0, 0xDAB0, 0xDAAF, 0xDAAF, 0xD2AF, 0xD2AF, 0xD2AF, 0xD2AF, 0xD2AF, 0xD2AF, 0xD2AF, 0xD2AF,
    0xD2AF, 0xD2AF, 0xD2AF, 0xDAAF, 0xDAAF, 0xDAAF, 0xD2AF, 0xD2AF, 0xD2AF, 0xD2AF, 0xD2AF, 0xD2AF,
    0xD2AF, 0xD2AF, 0xD2AF, 0xD2AF, 0xD2AF, 0xD2AF, 0xD2AF, 0xD2AF, 0xD2AF, 0xDAAF, 0xDAAF, 0xDAB0,
    0xDAD0, 0xE2D0, 0xE2D0, 0xEAD1, 0xEAD0, 0xE2D0, 0xE2D0, 0xE2D0, 0xE2D0, 0xED16, 0xEAF1, 0xEAF1,
    0xEAF1, 0xF2F1, 0xEAF1, 0xEAF1, 0xEAF1, 0xEAD1, 0xEAD1, 0xEAD0, 0xE2D0, 0xEAF1, 0xEAF1, 0xEAF1,
    0xF2F1, 0xF2F1, 0xF2F1, 0xF2F1, 0xF2F1, 0xF2F1, 0xF2F1, 0xF2F1, 0xEAF1, 0xEAF1, 0xEAF1, 0xEAF1,
    0xE2D0, 0xE2D0, 0xE2D0, 0xE2D0, 0xEAD1, 0xEAF1, 0xEAF1, 0xE2D0, 0xE2D0, 0xE2D0, 0xE2D0, 0xE2D0,
    0xE2D0, 0xE2D0, 0xDAD0, 0xDAD0, 0xDAB0, 0xDAB0, 0xDAAF, 0xDAAF, 0xDAAF, 0xDAAF, 0xDAB0, 0xDAB0,
    0xDAAF, 0xD2AF, 0xD2AF, 0xD2AF, 0xD2AF, 0xD2AF, 0xD2AF, 0xD2AF, 0xE2D0, 0xE2D0, 0xE2D0, 0xEAD1,
    0xEAF1, 0xEAF1, 0xEAF1, 0xEAF1, 0xEAF1, 0xF2F1, 0xF2F1, 0xF2F1, 0xF2F1, 0xF2F1, 0xF2F1, 0xF2F1,
    0xF2F1, 0xF2F1, 0xEAF1, 0xEAF1, 0xEAF1, 0xEAF1, 0xEAF1, 0xEAF1, 0xEAF1, 0xF2F1, 0xEAF1, 0xEAF1,
    0xE2D0, 0xE2D0, 0xECF6, 0xE2D0, 0xE2D0, 0xDAD0, 0xDAB0, 0xDAAF, 0xD2AF, 0xD2AF, 0xD2AF, 0xD2AF,
    0xCA8F, 0xCA8F, 0xCA8F, 0xCA8F, 0xCA8F, 0xCA8F, 0xD2AF, 0xD2AF, 0xCA8F, 0xCA8F, 0xCA8E, 0xCA8E,
    0xCA8F, 0xCA8F, 0xCA8F, 0xCA8E, 0xCA8E, 0xC28E, 0xC28E, 0xCA8E, 0xCA8E, 0xCA8F, 0xCA8E, 0xCA8E,
    0xCA8E, 0xCA8E, 0xCA8F, 0xCA8F, 0xD2AF, 0xD2AF, 0xD2AF, 0xD2AF, 0xD2AF, 0xD2AF, 0xDAAF, 0xDAB0,
    0xDAD0, 0xDAD0, 0xDAB0, 0xDAB0, 0xDAB0, 0xDAAF, 0xD2AF, 0xD2AF, 0xCAAF, 0xCA8E, 0xCA8E, 0xCA8E,
    0xCA8E, 0xCA8F, 0xCA8F, 0xCA8F, 0xCA8F, 0xCA8F, 0xD2AF, 0xD2AF, 0xD2AF, 0xD2AF, 0xD2AF, 0xD2AF,
    0xD2AF, 0xD2AF, 0xD2AF, 0xDAAF, 0xDAB0, 0xDAD0, 0xE2D0, 0xE2D0, 0xE2D0, 0xEAD0, 0xEAD1, 0xE2D0,
    0xE2D0, 0xE2D0, 0xE2D0, 0xE2D0, 0xE2D0, 0xE2D0, 0xE2D0, 0xE2D0, 0xE2D0, 0xE2D0, 0xE2D0, 0xE2D0,
    0xE2D0, 0xE2D0, 0xE2D0, 0xE2D0, 0xE2D0, 0xE2D0, 0xE2D0, 0xE2D0, 0xE2D0, 0xDAD0, 0xDAB0, 0xDAB0,
    0xDAAF, 0xDAAF, 0xDAAF, 0xDAB0, 0xDAB0, 0xDAD0, 0xE2D0, 0xE2D0, 0xE2D0, 0xE2D0, 0xE2D0, 0xDAD0,
    0xDAB0, 0xE4F6, 0xDAB0, 0xDAD0, 0xE2D0, 0xDAD0, 0xDAD0, 0xDAB0, 0xDAAF, 0xDAAF, 0xD2AF, 0xD2AF,
    0xD2AF, 0xD2AF, 0xD2AF, 0xD2AF, 0xD2AF, 0xCA8F, 0xCA8F, 0xCA8E, 0xCA8E, 0xC28E, 0xC28E, 0xCA8E,
    0xCA8E, 0xCA8E, 0xCA8E, 0xCA8E, 0xCA8E, 0xCA8E, 0xCA8E, 0xCA8E, 0xCA8E, 0xCA8E, 0xCA8E, 0xCA8F,
    0xCA8F, 0xD2AF, 0xD2AF, 0xDAAF, 0xDAB0, 0xDAB0, 0xDAB0, 0xDAB0, 0xDAAF, 0xDAAF, 0xD2AF, 0xD2AF,
    0xD2AF, 0xD2AF, 0xDAAF, 0xDAAF, 0xDAD0, 0xE2D0, 0xE2D0, 0xE2D0, 0xDAD0, 0xDAD0, 0xE2D0, 0xE2D0,
    0xEAD0, 0xEAF1, 0xEAF1, 0xF2F1, 0xF2F1, 0xF2F1, 0xEAF1, 0xEAF1, 0xEAF1, 0xEAF1, 0xEAF1, 0xEAF1,
    0xEAD1, 0xEAD1, 0xEAD1, 0xEAD1, 0xEAD1, 0xEAD0, 0xE2D0, 0xE2D0, 0xE2D0, 0xE2D0, 0xE2D0, 0xE2D0,
    0xE2D0, 0xDAD0, 0xDAD0, 0xDAB0, 0xDAB0, 0xDAAF, 0xDAAF, 0xD2AF, 0xD2AF, 0xD2AF, 0xD2AF, 0xD2AF,
    0xD2AF, 0xD2AF, 0xD2AF, 0xD2AF, 0xD2AF, 0xD2AF, 0xD2AF, 0xD2AF, 0xD2AF, 0xD2AF, 0xD2AF, 0xD2AF,
    0xE2D0, 0xECF6, 0xE2D0, 0xDAD0, 0xDAD0, 0xDAD0, 0xE2D0, 0xE2D0, 0xE2D0, 0xE2D0, 0xE2D0, 0xE2D0,
    0xE2D0, 0xE2D0, 0xE2D0, 0xE2D0, 0xE2D0, 0xE2D0, 0xE2D0, 0xE2D0, 0xE2D0, 0xE2D0, 0xE2D0, 0xE2D0,
    0xE2D0, 0xE2D0, 0xE2D0, 0xE2D0, 0xE2D0, 0xE2D0, 0xE2D0, 0xDAB0, 0xDAB0, 0xDAAF, 0xDAAF, 0xD2AF,
    0xD2AF, 0xD2AF, 0xD2AF, 0xCA8F, 0xCA8F, 0xCA8F, 0xCA8F, 0xCA8F, 0xCA8F, 0xCA8F, 0xCA8E, 0xCA8E,
    0xCA8E, 0xC28E, 0xC28E, 0xC28E, 0xC28E, 0xC28E, 0xC28E, 0xC26E, 0xC26E, 0xC28E, 0xC28E, 0xC28E,
    0xC28E, 0xC28E, 0xC28E, 0xCA8E, 0xCA8E, 0xCA8E, 0xCA8E, 0xCA8E, 0xCA8E, 0xCA8F, 0xD2AF, 0xD2AF,
    0xD2AF, 0xD2AF, 0xD2AF, 0xD2AF, 0xDAAF, 0xDAAF, 0xDAAF, 0xDAAF, 0xDAAF, 0xD2AF, 0xD2AF, 0xD2AF,
    0xCA8F, 0xCA8F, 0xCA8E, 0xCA8E, 0xCA8E, 0xCA8E, 0xCA8E, 0xCA8E, 0xCA8E, 0xCA8E, 0xCA8E, 0xCA8F,
    0xD2AF, 0xD2AF, 0xD2AF, 0xD2AF, 0xD2AF, 0xD2AF, 0xDAAF, 0xDAB0, 0xDAB0, 0xDAB0, 0xDAB0, 0xE2D0,
    0xE2D0, 0xE2D0, 0xE2D0, 0xE2D0, 0xE2D0, 0xE2D0, 0xE2D0, 0xE2D0, 0xE2D0, 0xDAD0, 0xDAD0, 0xDAD0,
    0xDAD0, 0xDAB0, 0xDAB0, 0xDAB0, 0xDAB0, 0xDAD0, 0xE2D0, 0xE2D0, 0xE2D0, 0xE2D0, 0xDAD0, 0xDAB0,
    0xDAB0, 0xDAB0, 0xDAB0, 0xDAAF, 0xDAAF, 0xD2AF, 0xD2AF, 0xD2AF, 0xD2AF, 0xE4F6, 0xD2AF, 0xD2AF,
    0xDAAF, 0xDAAF, 0xDAAF, 0xDAAF, 0xDAB0, 0xDAB0, 0xDAB0, 0xDAB0, 0xDAD0, 0xDAB0, 0xDAB0, 0xDAB0,
    0xDAB0, 0xDAAF, 0xDAAF, 0xD2AF, 0xD2AF, 0xD2AF, 0xD2AF, 0xD2AF, 0xD2AF, 0xD2AF, 0xD2AF, 0xCA8F,
    0xCA8E, 0xCA8E, 0xCA8E, 0xCA8E, 0xCA8E, 0xCA8E, 0xCA8E, 0xCA8E, 0xCA8E, 0xCA8E, 0xCA8E, 0xCA8E,
    0xCA8F, 0xCA8F, 0xD2AF, 0xD2AF, 0xD2AF, 0xDAAF, 0xDAB0, 0xDAB0, 0xDAB0, 0xDAB0, 0xDAAF, 0xD2AF,
    0xD2AF, 0xD2AF, 0xD2AF, 0xD2AF, 0xD2AF, 0xD2AF, 0xD2AF, 0xD2AF, 0xD2AF, 0xDAAF, 0xDAAF, 0xDAB0,
    0xDAB0, 0xDAD0, 0xE2D0, 0xEAD0, 0xEAF1, 0xEAF1, 0xF2F1, 0xF2F1, 0xEAF1, 0xEAF1, 0xEAF1, 0xEAD1,
    0xEAD1, 0xEAD1, 0xEAF1, 0xEAF1, 0xEAD1, 0xEAD0, 0xE2D0, 0xE2D0, 0xE2D0, 0xEAD0, 0xEAD0, 0xE2D0,
    0xE2D0, 0xE2D0, 0xE2D0, 0xE2D0, 0xDAB0, 0xDAB0, 0xDAAF, 0xD2AF, 0xD2AF, 0xD2AF, 0xD2AF, 0xD2AF,
    0xCA8F, 0xCA8E, 0xCA8E, 0xCA8E, 0xCA8E, 0xCA8F, 0xCA8F, 0xD2AF, 0xD2AF, 0xD2AF, 0xDAAF, 0xDAAF,
    0xDAAF, 0xD2AF, 0xD2AF, 0xD2AF, 0xCA8F, 0xCA8F, 0xCA8F, 0xD2AF, 0xD2AF, 0xD2AF, 0xD2AF, 0xD2AF,
    0xD2AF, 0xDAAF, 0xDAAF, 0xDAAF, 0xDAAF, 0xDAB0, 0xDAB0, 0xDAB0, 0xDAB0, 0xDAB0, 0xDAB0, 0xDAB0,
    0xDAB0, 0xDAB0, 0xDAB0, 0xDAB0, 0xDAB0, 0xDAAF, 0xDAAF, 0xDAAF, 0xD2AF, 0xD2AF, 0xD2AF, 0xD2AF,
    0xD2AF, 0xD2AF, 0xD2AF, 0xE4F5, 0xCA8F, 0xCA8F, 0xCA8F, 0xCA8F, 0xCA8E, 0xCA8E, 0xC28E, 0xC26E,
    0xC26E, 0xC26E, 0xC26E, 0xC28E, 0xC28E, 0xCA8E, 0xCA8E, 0xCA8E, 0xCA8E, 0xCA8E, 0xCA8E, 0xCA8E,
    0xCA8E, 0xCA8E, 0xCA8E, 0xCA8E, 0xC28E, 0xC28E, 0xCA8E, 0xCA8E, 0xCA8E, 0xCA8E, 0xCA8E, 0xCA8E,
    0xCA8E, 0xDCD5, 0xCA8E, 0xCA8E, 0xCA8F, 0xCA8F, 0xD2AF, 0xD2AF, 0xD2AF, 0xD2AF, 0xD2AF, 0xD2AF,
    0xE4F5, 0xD2AF, 0xD28F, 0xD28F, 0xCA8F, 0xCA8F, 0xCA8F, 0xCA8E, 0xCA8E, 0xCA8E, 0xCA8F, 0xCA8F,
    0xCA8F, 0xD28F, 0xD2AF, 0xD2AF, 0xD2AF, 0xD2AF, 0xD2AF, 0xD2AF, 0xD2AF, 0xD2AF, 0xD2AF, 0xD2AF,
    0xD2AF, 0xD2AF, 0xD2AF, 0xD2AF, 0xD2AF, 0xD2AF, 0xD2AF, 0xD2AF, 0xDAAF, 0xDAAF, 0xDAAF, 0xD2AF,
    0xD2AF, 0xD2AF, 0xD2AF, 0xD2AF, 0xD2AF, 0xD2AF, 0xDAAF, 0xDAB0, 0xDAB0, 0xDAB0, 0xE2D0, 0xE2D0,
    0xE2D0, 0xDAB0, 0xDAB0, 0xDAAF, 0xDAB0, 0xDAB0, 0xDAB0, 0xE2D0, 0xDAD0, 0xDAB0, 0xDAB0, 0xDAB0,
    0xDAB0, 0xDAB0, 0xDAB0, 0xDAB0, 0xDAB0, 0xDAB0, 0xDAB0, 0xDAB0, 0xE2D0, 0xE2D0, 0xDAB0, 0xDAB0,
    0xDAB0, 0xDAAF, 0xD2AF, 0xD2AF, 0xD2AF, 0xD2AF, 0xD2AF, 0xE4F5, 0xD2AF, 0xD2AF, 0xD2AF, 0xD2AF,
    0xD28F, 0xCA8F, 0xCA8E, 0xCA8F, 0xCA8F, 0xCA8F, 0xD28F, 0xD2AF, 0xD2AF, 0xD2AF, 0xD28F, 0xCA8F,
    0xCA8F, 0xCA8F, 0xCA8F, 0xCA8F, 0xD28F, 0xD2AF, 0xD2AF, 0xDAAF, 0xDAAF, 0xD2AF, 0xD2AF, 0xD2AF,
    0xD2AF, 0xD2AF, 0xD2AF, 0xDAAF, 0xDAAF, 0xDAAF, 0xDAAF, 0xDAAF, 0xDAAF, 0xDAB0, 0xDAB0, 0xDAB0,
    0xDAB0, 0xDAB0, 0xDAB0, 0xDAB0, 0xDAD0, 0xE2D0, 0xE2D0, 0xE2D0, 0xE2D0, 0xE2D0, 0xE2D0, 0xE2D0,
    0xE2D0, 0xE2D0, 0xE2D0, 0xEAD0, 0xE2D0, 0xE2D0, 0xE2D0, 0xE2D0, 0xE2D0, 0xE2D0, 0xDAB0, 0xE2D0,
    0xE2D0, 0xE2D0, 0xE2D0, 0xE2D0, 0xDAB0, 0xDAAF, 0xDAAF, 0xDAAF, 0xD2AF, 0xD2AF, 0xD2AF, 0xD2AF,
    0xD2AF, 0xD2AF, 0xD2AF, 0xCA8F, 0xCA8E, 0xCA8E, 0xCA8E, 0xCA8E, 0xCA8E, 0xCA8E, 0xCA8E, 0xCA8E,
    0xCA8F, 0xCA8F, 0xD2AF, 0xD2AF, 0xD2AF, 0xD2AF, 0xD2AF, 0xD2AF, 0xD2AF, 0xD2AF, 0xD2AF, 0xD2AF,
    0xD2AF, 0xD2AF, 0xD2AF, 0xD2AF, 0xD2AF, 0xD28F, 0xD28F, 0xD28F, 0xD28F, 0xD2AF, 0xD2AF, 0xD2AF,
    0xD2AF, 0xD2AF, 0xD2AF, 0xD2AF, 0xD2AF, 0xDAAF, 0xDAAF, 0xDAAF, 0xDAAF, 0xD2AF, 0xD2AF, 0xD2AF,
    0xD2AF, 0xD28F, 0xD28F, 0xE4F5, 0xD2AF, 0xD2AF, 0xD2AF, 0xD2AF, 0xD2AF, 0xD2AF, 0xCA8F, 0xCA8F,
    0xCA8E, 0xCA8E, 0xCA8E, 0xCA8E, 0xDCD5, 0xC28E, 0xC28E, 0xC28E, 0xC28E, 0xCA8E, 0xCA8E, 0xDCD5,
    0xCA8E, 0xCA8E, 0xCA8E, 0xCA8F, 0xCA8F, 0xD2AF, 0xD2AF, 0xD28F, 0xCA8F, 0xCA8F, 0xCA8F, 0xCA8E,
    0xCA8E, 0xCA8E, 0xCA8E, 0xCA8E, 0xCA8F, 0xCA8E, 0xCA8E, 0xC28E, 0xC28E, 0xCA8E, 0xCA8E, 0xCA8F,
    0xCA8F, 0xCA8F, 0xCA8F, 0xCA8F, 0xCA8F, 0xCA8F, 0xCA8F, 0xCA8F, 0xD2AF, 0xD2AF, 0xD2AF, 0xD2AF,
    0xD2AF, 0xD2AF, 0xD2AF, 0xD2AF, 0xD2AF, 0xD2AF, 0xD2AF, 0xD2AF, 0xD2AF, 0xD2AF, 0xD2AF, 0xD2AF,
    0xD2AF, 0xD2AF, 0xD2AF, 0xD2AF, 0xD2AF, 0xD2AF, 0xD2AF, 0xD2AF, 0xD2AF, 0xD2AF, 0xD2AF, 0xD2AF,
    0xD2AF, 0xD2AF, 0xD2AF, 0xD2AF, 0xD2AF, 0xCA8F, 0xD2AF, 0xD2AF, 0xD2AF, 0xDAAF, 0xE4F6, 0xDAB0,
    0xE2D0, 0xE2D0, 0xE2D0, 0xE2D0, 0xE2D0, 0xE2D0, 0xED16, 0xE2D0, 0xE2D0, 0xEAD0, 0xEAD1, 0xEAD1,
    0xEAD0, 0xE2D0, 0xED16, 0xE2D0, 0xE2D0, 0xE2D0, 0xE2D0, 0xE2D0, 0xE2D0, 0xE2D0, 0xE2D0, 0xEAD0,
    0xEAD1, 0xEAD0, 0xE2D0, 0xE2D0, 0xE2D0, 0xE2D0, 0xDAB0, 0xDAAF, 0xD2AF, 0xD2AF, 0xD2AF, 0xD2AF,
    0xD2AF, 0xD2AF, 0xD2AF, 0xD2AF, 0xD2AF, 0xD2AF, 0xD2AF, 0xD2AF, 0xD2AF, 0xD2AF, 0xD2AF, 0xD2AF,
    0xD2AF, 0xE4F6, 0xDAAF, 0xDAAF, 0xDAB0, 0xDAB0, 0xDAAF, 0xDAAF, 0xDAAF, 0xDAAF, 0xDAAF, 0xDAB0,
    0xDAAF, 0xDAAF, 0xD2AF, 0xD2AF, 0xD2AF, 0xD2AF, 0xDAAF, 0xDAB0, 0xDAB0, 0xDAB0, 0xDAB0, 0xDAB0,
    0xE2D0, 0xE2D0, 0xE2D0, 0xE2D0, 0xDAD0, 0xDAB0, 0xE2D0, 0xE2D0, 0xED16, 0xEAD0, 0xEAD0, 0xEAD0,
    0xEAD1, 0xEAD0, 0xE2D0, 0xE2D0, 0xE2D0, 0xE2D0, 0xE2D0, 0xE2D0, 0xE2D0, 0xE2D0, 0xDAD0, 0xDAB0,
    0xDAB0, 0xE2D0, 0xE2D0, 0xE2D0, 0xE2D0, 0xE2D0, 0xE2D0, 0xE2D0, 0xE2D0, 0xE2D0, 0xE2D0, 0xE2D0,
    0xDAD0, 0xDAB0, 0xDAB0, 0xDAB0, 0xDAB0, 0xDAAF, 0xDAAF, 0xDAAF, 0xD2AF, 0xD2AF, 0xD2AF, 0xD28F,
    0xCA8F, 0xCA8F, 0xCA8F, 0xCA8F, 0xD28F, 0xD28F, 0xD2AF, 0xD28F, 0xCA8F, 0xCA8F, 0xCA8E, 0xCA8E,
    0xDAAF, 0xDAAF, 0xDAAF, 0xDAAF, 0xDAAF, 0xDAAF, 0xDAAF, 0xD2AF, 0xD2AF, 0xDAAF, 0xDAB0, 0xDAB0,
    0xE2D0, 0xE2D0, 0xE2D0, 0xE2D0, 0xDAB0, 0xDAB0, 0xDAAF, 0xD2AF, 0xD2AF, 0xD2AF, 0xD2AF, 0xD2AF,
    0xD2AF, 0xCA8F, 0xCA8E, 0xCA8F, 0xD2AF, 0xD2AF, 0xD2AF, 0xD2AF, 0xD2AF, 0xCA8F, 0xCA8F, 0xE4F5,
    0xD2AF, 0xD2AF, 0xD2AF, 0xDAAF, 0xDAB0, 0xDAB0, 0xDAB0, 0xDAB0, 0xDAB0, 0xDAB0, 0xDAB0, 0xDAB0,
    0xDAAF, 0xDAAF, 0xD2AF, 0xD2AF, 0xD2AF, 0xD2AF, 0xD2AF, 0xCA8F, 0xCA8F, 0xCA8F, 0xCA8F, 0xCA8F,
    0xCA8F, 0xCA8F, 0xD2AF, 0xD2AF, 0xD2AF, 0xD2AF, 0xD2AF, 0xD2AF, 0xD2AF, 0xCA8F, 0xCA8F, 0xCA8E,
    0xCA8E, 0xCA8F, 0xCA8F, 0xE4F5, 0xD2AF, 0xD2AF, 0xD2AF, 0xD2AF, 0xD2AF, 0xD2AF, 0xD2AF, 0xD2AF,
    0xDAAF, 0xDAB0, 0xDAB0, 0xDAAF, 0xD2AF, 0xD2AF, 0xD2AF, 0xD2AF, 0xD2AF, 0xDAAF, 0xD2AF, 0xD2AF,
    0xD2AF, 0xD2AF, 0xD2AF, 0xD2AF, 0xD2AF, 0xD2AF, 0xCA8F, 0xCA8F, 0xCA8E, 0xCA8E, 0xCA8E, 0xCA8E,
    0xCA8F, 0xCA8F, 0xD2AF, 0xD2AF, 0xDAAF, 0xDAAF, 0xDAB0, 0xDAB0, 0xDAB0, 0xDAB0, 0xDAD0, 0xE2D0,
    0xE2D0, 0xE2D0, 0xE2D0, 0xE2D0, 0xEAD1, 0xEAD1, 0xEAF1, 0xEAF1, 0xEAF1, 0xEAF1, 0xEAF1, 0xEAF1,
    0xEAF1, 0xEAF1, 0xEAD1, 0xEAD1, 0xE2D0, 0xE2D0, 0xE2D0, 0xE2D0, 0xEAD1, 0xEAD1, 0xEAF1, 0xEAF1,
    0xEAF1, 0xF2F1, 0xF2F1, 0xF2F1, 0xF2F1, 0xF2F1, 0xEAF1, 0xEAD0, 0xE2D0, 0xE2D0, 0xE2D0, 0xE2D0,
    0xE2D0, 0xECF6, 0xDAB0, 0xDAD0, 0xDAD0, 0xDAD0, 0xDAD0, 0xE2D0, 0xE2D0, 0xE2D0, 0xEAD0, 0xEAD1,
    0xEAD1, 0xEAD0, 0xE2D0, 0xE2D0, 0xE2D0, 0xE2D0, 0xE2D0, 0xECF6, 0xE2D0, 0xE2D0, 0xE2D0, 0xE2D0,
    0xE2D0, 0xE2D0, 0xE2D0, 0xE2D0, 0xE2D0, 0xE2D0, 0xE2D0, 0xE2D0, 0xE2D0, 0xE2D0, 0xE2D0, 0xE2D0,
    0xE2D0, 0xED16, 0xEAD0, 0xEAD1, 0xEAD1, 0xEAF1, 0xEAF1, 0xEAD1, 0xEAD1, 0xEAD0, 0xEAD1, 0xEAD1,
    0xEAF1, 0xEAF1, 0xEAF1, 0xF2F1, 0xF2F1, 0xF2F1, 0xF2F1, 0xEAF1, 0xEAF1, 0xEAF1, 0xEAF1, 0xEAF1,
    0xEAD1, 0xE2D0, 0xE2D0, 0xE2D0, 0xE2D0, 0xE2D0, 0xEAD0, 0xEAD1, 0xEAF1, 0xEAF1, 0xEAF1, 0xEAF1,
    0xEAF1, 0xEAF1, 0xEAF1, 0xEAF1, 0xEAF1, 0xEAD1, 0xEAD1, 0xEAD1, 0xEAD1, 0xEAD1, 0xEAD1, 0xEAD1,
    0xEAD1, 0xE2D0, 0xE2D0, 0xECF6, 0xDAB0, 0xDAAF, 0xD2AF, 0xD2AF, 0xD2AF, 0xD2AF, 0xCA8F, 0xCA8E,
    0xCA8E, 0xCA8E, 0xC28E, 0xC28E, 0xDAAF, 0xDAAF, 0xDAB0, 0xDAD0, 0xE2D0, 0xE2D0, 0xE2D0, 0xE2D0,
    0xE2D0, 0xE2D0, 0xE2D0, 0xDAD0, 0xDAD0, 0xDAD0, 0xDAD0, 0xDAD0, 0xDAD0, 0xE2D0, 0xE2D0, 0xE2D0,
    0xE2D0, 0xDAD0, 0xDAB0, 0xDAB0, 0xDAB0, 0xDAB0, 0xDAD0, 0xDAD0, 0xE2D0, 0xE2D0, 0xE2D0, 0xE2D0,
    0xE2D0, 0xE2D0, 0xE2D0, 0xDAD0, 0xDAD0, 0xE2D0, 0xE2D0, 0xE2D0, 0xE2D0, 0xE2D0, 0xE2D0, 0xE2D0,
    0xEAD1, 0xEAF1, 0xEAF1, 0xEAF1, 0xEAD0, 0xE2D0, 0xE2D0, 0xE2D0, 0xE2D0, 0xDAD0, 0xDAB0, 0xDAB0,
    0xDAB0, 0xDAB0, 0xDAD0, 0xDAD0, 0xE2D0, 0xE2D0, 0xE2D0, 0xE2D0, 0xEAD1, 0xEAD1, 0xEAD0, 0xE2D0,
    0xE2D0, 0xE2D0, 0xE2D0, 0xE2D0, 0xE2D0, 0xE2D0, 0xDAD0, 0xDAD0, 0xDAB0, 0xDAAF, 0xD2AF, 0xD2AF,
    0xDAAF, 0xDAAF, 0xDAB0, 0xDAAF, 0xD2AF, 0xD2AF, 0xD2AF, 0xD2AF, 0xD2AF, 0xD2AF, 0xD2AF, 0xDAAF,
    0xDAB0, 0xDAB0, 0xD2AF, 0xD2AF, 0xD2AF, 0xD2AF, 0xD2AF, 0xDAAF, 0xDAAF, 0xD2AF, 0xD2AF, 0xD2AF,
    0xD2AF, 0xD2AF, 0xD2AF, 0xD2AF, 0xD2AF, 0xDAB0, 0xDAD0, 0xE2D0, 0xE2D0, 0xE2D0, 0xEAD0, 0xEAD1,
    0xEAF1, 0xEAF1, 0xEAF1, 0xF2F1, 0xF312, 0xF312, 0xF2F1, 0xF2F1, 0xEAF1, 0xF2F1, 0xF2F1, 0xF2F1,
    0xF2F1, 0xF311, 0xF311, 0xF311, 0xF312, 0xFB12, 0xFB12, 0xFB12, 0xFB12, 0xFB12, 0xFB12, 0xFB12,
    0xFB12, 0xFB12, 0xFB12, 0xFB12, 0xFB12, 0xFB12, 0xFB12, 0xFB12, 0xFB12, 0xFB12, 0xFB12, 0xF2F1,
    0xF2F1, 0xF2F1, 0xF2F1, 0xF2F1, 0xEAF1, 0xF2F1, 0xF2F1, 0xF2F1, 0xF2F1, 0xF2F1, 0xF312, 0xFB12,
    0xFB12, 0xFB12, 0xFB12, 0xFB12, 0xFB12, 0xFB12, 0xF311, 0xF2F1, 0xF2F1, 0xEAF1, 0xF2F1, 0xF2F1,
    0xF2F1, 0xF2F1, 0xEAF1, 0xEAF1, 0xEAF1, 0xEAF1, 0xEAD1, 0xE2D0, 0xE2D0, 0xEAD1, 0xEAF1, 0xEAF1,
    0xEAF1, 0xEAF1, 0xEAF1, 0xEAF1, 0xEAF1, 0xEAF1, 0xEAF1, 0xF2F1, 0xF2F1, 0xF2F1, 0xF311, 0xFB12,
    0xFB12, 0xFB12, 0xFB12, 0xFB12, 0xFB12, 0xFB12, 0xFB12, 0xFB12, 0xFB12, 0xFB12, 0xFB12, 0xFB12,
    0xFB12, 0xFB12, 0xFB12, 0xFB12, 0xFB12, 0xF2F1, 0xF2F1, 0xEAF1, 0xEAF1, 0xEAF1, 0xEAF1, 0xE2D0,
    0xE2D0, 0xE2D0, 0xE2D0, 0xE2D0, 0xE2D0, 0xE2D0, 0xE2D0, 0xE2D0, 0xE2D0, 0xEAD1, 0xE2D0, 0xE2D0,
    0xE2D0, 0xE2D0, 0xEAD0, 0xED16, 0xEAF1, 0xE2D0, 0xE2D0, 0xDAD0, 0xDAD0, 0xE2D0, 0xE2D0, 0xE2D0,
    0xE2D0, 0xE2D0, 0xE2D0, 0xE2D0, 0xE2D0, 0xE2D0, 0xE2D0, 0xE2D0, 0xEAF1, 0xEAF1, 0xEAF1, 0xEAF1,
    0xF2F1, 0xF2F1, 0xEAF1, 0xEAF1, 0xEAF1, 0xE2D0, 0xE2D0, 0xE2D0, 0xDAD0, 0xDAD0, 0xE2D0, 0xE2D0,
    0xE2D0, 0xE2D0, 0xE2D0, 0xE2D0, 0xE2F0, 0xEAF1, 0xEAF1, 0xEAF1, 0xEAF1, 0xF2F1, 0xF2F1, 0xF2F1,
    0xF2F1, 0xF311, 0xF2F1, 0xEAF1, 0xEAF1, 0xEAF1, 0xEAF1, 0xEAF1, 0xEAF1, 0xEAF1, 0xEAF1, 0xF2F1,
    0xF2F1, 0xF2F1, 0xF2F1, 0xF2F1, 0xF2F1, 0xF311, 0xF311, 0xF2F1, 0xF2F1, 0xF2F1, 0xF2F1, 0xF2F1,
    0xF2F1, 0xEAF1, 0xEAF1, 0xEAF1, 0xEAF1, 0xEAF1, 0xEAF1, 0xEAF1, 0xF2F1, 0xF2F1, 0xF2F1, 0xF2F1,
    0xF2F1, 0xF2F1, 0xF2F1, 0xF2F1, 0xF2F1, 0xF311, 0xF312, 0xFB12, 0xFB12, 0xF311, 0xF2F1, 0xEAF1,
    0xEAF1, 0xEAF1, 0xE2D0, 0xE2D0, 0xE2D0, 0xE2D0, 0xE2D0, 0xDAD0, 0xDAD0, 0xDAAF, 0xDAAF, 0xD2AF,
    0xD2AF, 0xD2AF, 0xDAAF, 0xDAAF, 0xDAAF, 0xDAAF, 0xDAB0, 0xDAD0, 0xDAD0, 0xDAD0, 0xDAD0, 0xDAD0,
    0xDAD0, 0xDAD0, 0xDAB0, 0xDAAF, 0xDAAF, 0xDAAF, 0xDAAF, 0xDAAF, 0xDAD0, 0xE2D0, 0xEAF1, 0xEAF1,
    0xEAF1, 0xF2F1, 0xF2F1, 0xF311, 0xFB12, 0xFB12, 0xFB12, 0xFB32, 0xFB32, 0xFB32, 0xFB12, 0xFB12,
    0xF312, 0xF312, 0xF311, 0xF311, 0xF312, 0xFB12, 0xFB12, 0xFB12, 0xFB12, 0xFB32, 0xFB32, 0xFB33,
    0xFB33, 0xFB33, 0xFB53, 0xFB33, 0xFB33, 0xFB33, 0xFB33, 0xFB33, 0xFB33, 0xFB33, 0xFB33, 0xFB33,
    0xFB33, 0xFB33, 0xFB33, 0xFB33, 0xFB33, 0xFB32, 0xFB32, 0xFB12, 0xFB12, 0xFB12, 0xFB12, 0xFB12,
    0xFB32, 0xFB32, 0xFB32, 0xFB32, 0xFB32, 0xFB32, 0xFB32, 0xFB33, 0xFB33, 0xFB33, 0xFB33, 0xFB33,
    0xFB32, 0xFB32, 0xFB12, 0xFB12, 0xF311, 0xF2F1, 0xF2F1, 0xF2F1, 0xF2F1, 0xF2F1, 0xF2F1, 0xF311,
    0xF311, 0xF2F1, 0xF2F1, 0xF2F1, 0xF2F1, 0xF516, 0xF311, 0xF312, 0xFB12, 0xFB12, 0xFB12, 0xFD37,
    0xFB32, 0xFB32, 0xFB32, 0xFB33, 0xFB33, 0xFB33, 0xFB33, 0xFB33, 0xFB33, 0xFB33, 0xFB33, 0xFB53,
    0xFD58, 0xFB53, 0xFB53, 0xFB53, 0xFB33, 0xFB33, 0xFB32, 0xFB32, 0xFB32, 0xFB12, 0xFB12, 0xF312,
    0xF312, 0xF311, 0xF311, 0xF2F1, 0xEAF1, 0xEAF1, 0xE2D0, 0xE2D0, 0xE2D0, 0xE2D0, 0xE2D0, 0xE2D0,
    0xE2D0, 0xE2D0, 0xE2D0, 0xE2D0, 0xE2D0, 0xE2D0, 0xE2D0, 0xE2D0, 0xEAF1, 0xEAF1, 0xEAF1, 0xEAF1,
    0xEAF1, 0xEAF1, 0xEAF1, 0xEAF1, 0xEAF1, 0xEAF1, 0xF2F1, 0xF2F1, 0xF2F1, 0xF311, 0xF311, 0xF311,
    0xFFDF, 0xFFDF, 0xFFDF, 0xFFDF, 0xFFDF, 0xFFDF, 0xFFFF, 0xFFFF, 0xFFFF, 0xFFFF, 0xFFFF, 0xFFFF,
    0xFFDF, 0xFFFF, 0xFFFF, 0xFFFF, 0xFFDF, 0xFFDF, 0xFFBF, 0xF7BF, 0xF79F, 0xF79E, 0xF79E, 0xF77E,
    0xEF7E, 0xEF7E, 0xEF7E, 0xEF5E, 0xEF5E, 0xEF5D, 0xEF5D, 0xEF5D, 0xEF5D, 0xEF5D, 0xEF5D, 0xEF5D,
    0xEF3D, 0xEF3D, 0xE73D, 0xE73D, 0xE71D, 0xE71C, 0xE71C, 0xE71C, 0xE71C, 0xE71C, 0xE71C, 0xE71C,
    0xE71D, 0xE73D, 0xEF7D, 0xEF3D, 0xEF3D, 0xE73D, 0xE73D, 0xEF3D, 0xEF5D, 0xEF5E, 0xEF5E, 0xEF7E,
    0xEF7E, 0xEF7E, 0xF77E, 0xF79E, 0xF79F, 0xF79F, 0xF79F, 0xF7BF, 0xFFBF, 0xFFBF, 0xFFDF, 0xFFDF,
    0xFFDF, 0xFFDF, 0xFFDF, 0xFFDF, 0xFFDF, 0xFFDF, 0xFFDF, 0xFFDF, 0xFFDF, 0xFFDF, 0xFFDF, 0xFFBF,
    0xF7BF, 0xF7BF, 0xF79F, 0xF79F, 0xF79F, 0xF79F, 0xF79F, 0xF79F, 0xF7BF, 0xF7BF, 0xF7BF, 0xF7BF,
    0xF7BF, 0xF79F, 0xF79E, 0xF77E, 0xEF7E, 0xEF7E, 0xEF5E, 0xEF5D, 0xEF5D, 0xEF5D, 0xEF5D, 0xEF3D,
    0xEF7D, 0xE71D, 0xE71C, 0xE71C, 0xEF5D, 0xE71C, 0xE71C, 0xE71D, 0xE71D, 0xE71D, 0xE71D, 0xE71D,
    0xE71D, 0xE71D, 0xE71D, 0xE71D, 0xE71D, 0xE71D, 0xE71D, 0xE71D, 0xE71D, 0xE73D, 0xE73D, 0xEF3D,
    0xEF5D, 0xEF5E, 0xEF7E, 0xF77E, 0xF79E, 0xF79F, 0xF7BF, 0xF7BF, 0xFFBF, 0xFFBF, 0xFFBF, 0xFFBF,
    0xFFBF, 0xFFDF, 0xFFDF, 0xFFDF, 0xFFDF, 0xFFDF, 0xFFDF, 0xFFFF, 0xFFFF, 0xFFFF, 0xFFFF, 0xFFFF,
    0xFFFF, 0xFFFF, 0xFFFF, 0xFFFF, 0xFFDF, 0xFFDF, 0xFFDF, 0xFFDF, 0xFFDF, 0xFFDF, 0xFFDF, 0xFFBF,
    0xFFBF, 0xF7BF, 0xF79F, 0xF77E, 0xEF5E, 0xEF5D, 0xEF3D, 0xE71D, 0xE71C, 0xE6FC, 0xDEDC, 0xDEDB,
    0xDEBB, 0xD6BB, 0xD69B, 0xD69A, 0xD67A, 0xD67A, 0xD69A, 0xD69B, 0xD6BB, 0xDEBB, 0xDEDB, 0xDEFC,
    0xDEFC, 0xE6FC, 0xE71C, 0xE71D, 0xE73D, 0xE73D, 0xEF3D, 0xEF5D, 0xEF5D, 0xEF5D, 0xEF5E, 0xEF7E,
    0xEF7E, 0xF77E, 0xF77E, 0xF77E, 0xF79E, 0xF79E, 0xF79F, 0xF79F, 0xF79F, 0xF79F, 0xF79E, 0xF79E,
    0xF77E, 0xEF7E, 0xEF5E, 0xEF5D, 0xEF5D, 0xEF5D, 0xEF5E, 0xEF5E, 0xEF5E, 0xEF5E, 0xEF5E, 0xEF5D,
    0xEF5D, 0xEF5D, 0xEF5D, 0xEF5D, 0xEF5E, 0xEF5E, 0xEF5E, 0xEF5E, 0xEF5E, 0xEF5D, 0xEF5D, 0xEF5D,
    0xEF5D, 0xEF5D, 0xEF5D, 0xEF5E, 0xEF5E, 0xEF7E, 0xEF7E, 0xEF7E, 0xEF7E, 0xF77E, 0xF77E, 0xF77E,
    0xF77E, 0xF77E, 0xF77E, 0xF77E, 0xFFFF, 0xFFFF, 0xFFFF, 0xFFFF, 0xFFFF, 0xFFFF, 0xFFFF, 0xFFFF,
    0xFFFF, 0xFFFF, 0xFFFF, 0xFFFF, 0xFFFF, 0xFFFF, 0xFFFF, 0xFFFF, 0xFFFF, 0xFFFF, 0xFFFF, 0xFFFF,
    0xFFFF, 0xFFFF, 0xFFFF, 0xFFDF, 0xFFDF, 0xFFBF, 0xFFBF, 0xFFBF, 0xFFBF, 0xFFBF, 0xFFBF, 0xF7BF,
    0xF79F, 0xF79E, 0xF79E, 0xF79E, 0xF79E, 0xF77E, 0xF77E, 0xEF7E, 0xEF7E, 0xEF7E, 0xEF7E, 0xF77E,
    0xF77E, 0xF77E, 0xF77E, 0xF77E, 0xF79E, 0xF79E, 0xF79F, 0xF79F, 0xF7BF, 0xF7BF, 0xF7BF, 0xFFBF,
    0xFFDF, 0xFFDF, 0xFFDF, 0xFFBF, 0xFFBF, 0xFFBF, 0xFFBF, 0xF7BF, 0xF7BF, 0xF7BF, 0xF7BF, 0xFFBF,
    0xFFDF, 0xFFDF, 0xFFDF, 0xFFDF, 0xFFDF, 0xFFDF, 0xFFFF, 0xFFFF, 0xFFFF, 0xFFFF, 0xFFFF, 0xFFFF,
    0xFFFF, 0xFFFF, 0xFFFF, 0xFFFF, 0xFFFF, 0xFFFF, 0xFFFF, 0xFFFF, 0xFFFF, 0xFFFF, 0xFFFF, 0xFFFF,
    0xFFFF, 0xFFFF, 0xFFFF, 0xFFFF, 0xFFFF, 0xFFFF, 0xFFFF, 0xFFFF, 0xFFFF, 0xFFFF, 0xFFFF, 0xFFDF,
    0xFFDF, 0xFFDF, 0xFFDF, 0xFFBF, 0xFFBF, 0xFFBF, 0xF7BF, 0xF7BF, 0xF79F, 0xF79F, 0xF79E, 0xF79E,
    0xF77E, 0xEF7E, 0xEF7E, 0xEF7E, 0xEF5E, 0xEF5E, 0xEF5E, 0xEF5E, 0xEF5E, 0xEF5E, 0xEF5D, 0xEF5D,
    0xEF5D, 0xEF5E, 0xEF5E, 0xEF7E, 0xEF7E, 0xF77E, 0xF77E, 0xF79E, 0xF79F, 0xF7BF, 0xFFBF, 0xFFBF,
    0xFFBF, 0xFFBF, 0xFFBF, 0xF7BF, 0xF79F, 0xF79E, 0xF79E, 0xF77E, 0xF77E, 0xF77E, 0xF77E, 0xF77E,
    0xF79E, 0xF79E, 0xF79F, 0xF79F, 0xF79F, 0xF79F, 0xF79E, 0xF79E, 0xF79E, 0xF79E, 0xF79E, 0xF79E,
    0xF79E, 0xF79E, 0xF79E, 0xF77E, 0xF77E, 0xF77E, 0xEF7E, 0xEF7E, 0xEF5E, 0xEF5D, 0xF77D, 0xEF3D,
    0xEF3D, 0xEF3D, 0xEF3D, 0xEF3D, 0xEF3D, 0xE73D, 0xE73D, 0xE73D, 0xE73D, 0xEF3D, 0xEF5D, 0xEF5E,
    0xEF5E, 0xEF5E, 0xEF5E, 0xEF5D, 0xEF5D, 0xEF5D, 0xEF5D, 0xEF5D, 0xEF5E, 0xEF5D, 0xEF5E, 0xEF5E,
    0xEF5E, 0xEF5E, 0xEF5E, 0xEF5E, 0xEF5E, 0xEF5E, 0xEF5E, 0xEF5E, 0xEF5E, 0xEF5D, 0xEF5D, 0xEF5D,
    0xEF5D, 0xEF5D, 0xEF5D, 0xEF5D, 0xEF5D, 0xEF5D, 0xEF5D, 0xEF5D, 0xEF5E, 0xF77D, 0xEF5E, 0xEF5E,
    0xEF5E, 0xEF7E, 0xEF7E, 0xEF7E, 0xEF5E, 0xEF5E, 0xEF7E, 0xF77E, 0xF79E, 0xF79F, 0xF79F, 0xF79F,
    0xF79F, 0xF79F, 0xF7BF, 0xF7BF, 0xFFBF, 0xFFBF, 0xFFBF, 0xFFBF, 0xFFBF, 0xFFBF, 0xFFBF, 0xFFBF,
    0xFFBF, 0xFFBF, 0xFFDF, 0xFFDF, 0xFFDF, 0xFFDF, 0xFFDF, 0xFFDF, 0xF7BF, 0xF7BF, 0xF7BF, 0xF7BF,
    0xF7BF, 0xFFBF, 0xFFBF, 0xFFBF, 0xFFDF, 0xFFDF, 0xFFDF, 0xFFDF, 0xFFFF, 0xFFFF, 0xFFFF, 0xFFDF,
    0xFFDF, 0xFFDF, 0xFFBF, 0xF7BF, 0xF79F, 0xF79E, 0xF77E, 0xEF7E, 0xEF5D, 0xEF5D, 0xEF3D, 0xEF5D,
    0xEF5D, 0xEF5E, 0xEF5E, 0xEF5D, 0xEF5D, 0xEF3D, 0xEF3D, 0xEF3D, 0xEF3D, 0xE73D, 0xE71D, 0xE71C,
    0xE71C, 0xE71C, 0xE71C, 0xE71C, 0xE71C, 0xE71C, 0xE71D, 0xE71D, 0xE73D, 0xE73D, 0xE73D, 0xEF3D,
    0xEF3D, 0xEF5D, 0xEF5D, 0xEF5D, 0xEF5D, 0xEF5D, 0xEF5D, 0xEF5D, 0xEF3D, 0xEF3D, 0xEF3D, 0xEF3D,
    0xE73D, 0xEF3D, 0xEF3D, 0xEF5D, 0xEF5E, 0xEF5E, 0xEF5E, 0xEF5E, 0xEF7E, 0xF77E, 0xF79E, 0xF79F,
    0xF7BF, 0xF7BF, 0xF7BF, 0xFFBF, 0xFFBF, 0xFFBF, 0xFFDF, 0xFFBF, 0xFFBF, 0xFFBF, 0xFFBF, 0xFFDF,
    0xFFDF, 0xFFDF, 0xFFDF, 0xFFFF, 0xFFFF, 0xFFFF, 0xFFFF, 0xFFFF, 0xFFFF, 0xFFFF, 0xFFFF, 0xFFFF,
    0xFFFF, 0xFFFF, 0xFFFF, 0xFFDF, 0xFFDF, 0xFFDF, 0xFFBF, 0xF7BF, 0xF79F, 0xF79E, 0xF77E, 0xF77E,
    0xF77E, 0xF77E, 0xEF7E, 0xEF5D, 0xEF3D, 0xE73D, 0xE71D, 0xE71C, 0xEF5D, 0xE6FC, 0xDEFC, 0xDEFC,
    0xDEFC, 0xDEDB, 0xDEDB, 0xDEBB, 0xDEBB, 0xDEDB, 0xDEFC, 0xE6FC, 0xE71C, 0xE71C, 0xE71D, 0xE73D,
    0xEF5D, 0xEF5E, 0xF77E, 0xF77E, 0xF79E, 0xF79F, 0xF79F, 0xF79F, 0xF7BF, 0xF7BF, 0xF7BE, 0xF7BF,
    0xFFBF, 0xFFDF, 0xFFDF, 0xFFFF, 0xFFFF, 0xFFFF, 0xFFFF, 0xFFFF, 0xFFFF, 0xFFFF, 0xFFFF, 0xFFFF,
    0xFFFF, 0xFFFF, 0xFFFF, 0xFFFF, 0xFFFF, 0xFFFF, 0xFFFF, 0xFFFF, 0xFFDF, 0xFFDF, 0xFFDF, 0xFFBF,
    0xF7BF, 0xF79F, 0xF79F, 0xF79E, 0xF79E, 0xF77E, 0xEF7E, 0xEF7E, 0xEF7E, 0xEF5E, 0xEF5E, 0xEF5E,
    0xEF5E, 0xEF5E, 0xEF5E, 0xEF5E, 0xEF5E, 0xEF5E, 0xEF5E, 0xEF7E, 0xF77E, 0xF79E, 0xF79F, 0xF79F,
    0xF79F, 0xF79F, 0xF79F, 0xF7BF, 0xFFBF, 0xFFBF, 0xFFDF, 0xFFDF, 0xFFDF, 0xFFFF, 0xFFFF, 0xFFFF,
    0xFFFF, 0xFFFF, 0xFFFF, 0xFFFF, 0xFFFF, 0xFFFF, 0xFFFF, 0xFFFF, 0xFFFF, 0xFFFF, 0xFFFF, 0xFFDF,
    0xFFDF, 0xFFDF, 0xFFBF, 0xF7BF, 0xF7BF, 0xF79F, 0xF79F, 0xF79E, 0xF77E, 0xEF5E, 0xEF5E, 0xEF5D,
    0xEF5D, 0xEF5D, 0xEF3D, 0xEF3D, 0xE73D, 0xE73D, 0xE71D, 0xE71D, 0xE71C, 0xE71C, 0xE71C, 0xE71C,
    0xE71C, 0xE6FC, 0xE6FC, 0xDEFC, 0xE6FC, 0xE6FC, 0xE6FC, 0xE6FC, 0xE6FC, 0xE6FC, 0xE6FC, 0xE6FC,
    0xE6FC, 0xE6FC, 0xE6FC, 0xE6FC, 0xE6FC, 0xE71C, 0xE6FC, 0xE6FC, 0xE6FC, 0xE6FC, 0xE6FC, 0xE6FC,
    0xE6FC, 0xE6FC, 0xE6FC, 0xE6FC, 0xE6FC, 0xE71C, 0xE71C, 0xE71C, 0xE71C, 0xE71C, 0xE71C, 0xE71D,
    0xE71D, 0xE73D, 0xE73D, 0xEF3D, 0xEF3D, 0xEF5D, 0xEF5D, 0xEF7E, 0xF77E, 0xF79E, 0xF79E, 0xF79F,
    0xF79F, 0xF79F, 0xF79E, 0xF79E, 0xF79E, 0xF77E, 0xF77E, 0xEF7E, 0xEF5E, 0xEF5E, 0xEF5D, 0xEF5D,
    0xEF5D, 0xEF5D, 0xEF5D, 0xF77D, 0xEF5D, 0xEF3D, 0xEF3D, 0xEF3D, 0xE73D, 0xE73D, 0xE71D, 0xE71C,
    0xE71C, 0xE71C, 0xE6FC, 0xDEFC, 0xDEFC, 0xDEDC, 0xDEDC, 0xDEDC, 0xDEDC, 0xDEDC, 0xDEDC, 0xDEDC,
    0xDEDC, 0xDEFC, 0xDEFC, 0xE6FC, 0xE6FC, 0xE6FC, 0xE6FC, 0xE6FC, 0xE6FC, 0xE71C, 0xE71C, 0xE71C,
    0xE6FC, 0xE6FC, 0xE6FC, 0xE71C, 0xE71C, 0xE71C, 0xE71C, 0xE71C, 0xE71C, 0xE71C, 0xE71C, 0xE71C,
    0xE71C, 0xE71C, 0xE71D, 0xE71D, 0xE71C, 0xE71C, 0xE71C, 0xE71C, 0xE71C, 0xE6FC, 0xE6FC, 0xDEFC,
    0xE6FC, 0xE6FC, 0xE71C, 0xE71C, 0xE71C, 0xE71C, 0xE71C, 0xE71C, 0xE71C, 0xE71C, 0xE71C, 0xE6FC,
    0xDEFC, 0xDEFC, 0xDEFC, 0xDEFC, 0xDEFC, 0xDEDC, 0xDEDB, 0xDEDB, 0xDEDB, 0xDEDB, 0xDEDB, 0xDEDB,
    0xDEDB, 0xDEDB, 0xDEDB, 0xDEDC, 0xDEFC, 0xDEFC, 0xE6FC, 0xDEFC, 0xE6FC, 0xDEFC, 0xE6FC, 0xE6FC,
    0xE6FC, 0xE6FC, 0xE71C, 0xE71C, 0xE71C, 0xE71D, 0xE71D, 0xE71D, 0xE73D, 0xE73D, 0xE71D, 0xE71D,
    0xE71D, 0xE73D, 0xE73D, 0xE73D, 0xE73D, 0xE73D, 0xE73D, 0xE73D, 0xE73D, 0xE73D, 0xE71D, 0xE73D,
    0xE73D, 0xEF5D, 0xE71D, 0xE71C, 0xE71C, 0xE71C, 0xE71C, 0xE71C, 0xE6FC, 0xE6FC, 0xE6FC, 0xE6FC,
    0xE6FC, 0xE6FC, 0xE6FC, 0xE6FC, 0xE6FC, 0xE6FC, 0xE6FC, 0xE6FC, 0xE6FC, 0xE71C, 0xE6FC, 0xE6FC,
    0xE6FC, 0xE6FC, 0xE6FC, 0xDEFC, 0xDEFC, 0xDEDC, 0xDEDB, 0xDEDB, 0xDEDC, 0xDEDC, 0xDEFC, 0xDEFC,
    0xE6FC, 0xE6FC, 0xE71C, 0xE71C, 0xE71C, 0xE71C, 0xE71C, 0xE71D, 0xE71D, 0xE71D, 0xE71D, 0xE73D,
    0xE73D, 0xE73D, 0xE71D, 0xE71D, 0xE71D, 0xE71C, 0xE6FC, 0xE71C, 0xE71C, 0xE71C, 0xE71C, 0xE71C,
    0xE6FC, 0xDEFC, 0xDEFC, 0xDEFC, 0xDEFC, 0xDEFC, 0xDEFC, 0xDEFC, 0xDEFC, 0xDEFC, 0xDEFC, 0xDEFC,
    0xDEFC, 0xE6FC, 0xE71C, 0xE71C, 0xE71C, 0xE71C, 0xE71C, 0xE71C, 0xE71C, 0xE71C, 0xE71C, 0xE71C,
    0xE71C, 0xE71C, 0xE71C, 0xE71C, 0xE6FC, 0xE6FC, 0xE6FC, 0xE71C, 0xE71C, 0xE71C, 0xE6FC, 0xDEFC,
    0xDEFC, 0xDEDC, 0xDEDB, 0xDEDB, 0xDEDB, 0xDEDB, 0xDEBB, 0xDEBB, 0xDEBB, 0xDEBB, 0xDEBB, 0xDEBB,
    0xDEBB, 0xDEBB, 0xDEBB, 0xDEBB, 0xD6BB, 0xD6BB, 0xD69B, 0xD69B, 0xD69B, 0xD69B, 0xD69B, 0xD69A,
    0xD69A, 0xD69A, 0xD69A, 0xD69A, 0xD69A, 0xD67A, 0xD67A, 0xCE7A, 0xCE5A, 0xCE5A, 0xCE5A, 0xCE59,
    0xCE59, 0xCE59, 0xCE59, 0xCE5A, 0xCE5A, 0xCE5A, 0xCE5A, 0xCE5A, 0xCE7A, 0xCE7A, 0xD67A, 0xD67A,
    0xD67A, 0xD67A, 0xD67A, 0xD67A, 0xD67A, 0xD69A, 0xD69A, 0xD69B, 0xD6BB, 0xD6BB, 0xD6BB, 0xD6BB,
    0xD6BB, 0xD69B, 0xD69B, 0xD69A, 0xD69A, 0xD69A, 0xD69A, 0xD69A, 0xD69A, 0xD69A, 0xD69B, 0xD69B,
    0xD6BB, 0xD6BB, 0xD6BB, 0xDEBB, 0xDEBB, 0xDEDB, 0xDEDB, 0xDEDB, 0xDEDC, 0xDEDC, 0xDEDC, 0xDEFC,
    0xDEFC, 0xDEFC, 0xE6FC, 0xE6FC, 0xE6FC, 0xE6FC, 0xE6FC, 0xE71C, 0xE71C, 0xE71D, 0xE73D, 0xEF3D,
    0xEF3D, 0xEF3D, 0xEF5D, 0xEF5D, 0xEF3D, 0xEF3D, 0xE73D, 0xE71D, 0xE71C, 0xE71C, 0xE6FC, 0xE6FC,
    0xE6FC, 0xE6FC, 0xE6FC, 0xE6FC, 0xE6FC, 0xE6FC, 0xE71C, 0xE71C, 0xE71C, 0xE71C, 0xE71C, 0xE71C,
    0xE71C, 0xE71C, 0xE6FC, 0xE6FC, 0xDEFC, 0xDEDC, 0xDEDB, 0xDEDB, 0xDEDB, 0xDEDB, 0xDEBB, 0xDEBB,
    0xDEBB, 0xDEBB, 0xDEBB, 0xDEBB, 0xDEBB, 0xDEBB, 0xDEBB, 0xD6BB, 0xD69B, 0xD6BB, 0xE71C, 0xDEBB,
    0xDEBB, 0xE73C, 0xDEBB, 0xDEBB, 0xDEBB, 0xDEBB, 0xDEBB, 0xDEBB, 0xDEBB, 0xDEBB, 0xDEBB, 0xDEBB,
    0xDEBB, 0xD6BB, 0xD6BB, 0xD6BB, 0xD6BB, 0xDEBB, 0xDEBB, 0xDEBB, 0xD6BB, 0xD6BB, 0xD6BB, 0xDEBB,
    0xDEBB, 0xDEBB, 0xDEDB, 0xDEDB, 0xDEDB, 0xDEDB, 0xDEBB, 0xDEBB, 0xDEBB, 0xDEBB, 0xDEBB, 0xDEBB,
    0xDEBB, 0xDEBB, 0xDEBB, 0xDEBB, 0xDEBB, 0xDEBB, 0xDEBB, 0xDEBB, 0xD6BB, 0xD6BB, 0xD6BB, 0xD69B,
    0xD69B, 0xD6BB, 0xDEBB, 0xDEBB, 0xDEDB, 0xDEDB, 0xDEDC, 0xDEDC, 0xDEFC, 0xDEFC, 0xDEFC, 0xDEFC,
    0xDEFC, 0xDEFC, 0xDEFC, 0xDEFC, 0xDEFC, 0xDEDC, 0xDEDC, 0xDEDB, 0xDEDB, 0xDEDB, 0xDEDB, 0xDEDB,
    0xDEDB, 0xDEDB, 0xDEDB, 0xDEDB, 0xDEDB, 0xDEDB, 0xDEBB, 0xDEDB, 0xDEDB, 0xDEDB, 0xDEDC, 0xDEDC,
    0xDEDC, 0xDEDC, 0xDEFC, 0xDEFC, 0xDEFC, 0xDEFC, 0xDEFC, 0xE6FC, 0xE6FC, 0xE71C, 0xE71C, 0xE71C,
    0xE71C, 0xE71C, 0xE71C, 0xE71C, 0xE71C, 0xE71D, 0xE71D, 0xE71D, 0xD6BB, 0xD6BB, 0xDEBB, 0xDEBB,
    0xDEBB, 0xDEDB, 0xDEBB, 0xDEBB, 0xDEBB, 0xDEBB, 0xDEBB, 0xD6BB, 0xD6BB, 0xD6BB, 0xD6BB, 0xD6BB,
    0xD6BB, 0xDEBB, 0xDEBB, 0xDEDB, 0xDEDB, 0xDEDB, 0xDEDB, 0xDEBB, 0xDEBB, 0xDEBB, 0xD6BB, 0xD69B,
    0xD69B, 0xD69B, 0xD69A, 0xD69A, 0xD67A, 0xD67A, 0xD67A, 0xD67A, 0xD67A, 0xD67A, 0xD67A, 0xD67A,
    0xD67A, 0xCE7A, 0xCE5A, 0xCE5A, 0xCE59, 0xCE59, 0xCE59, 0xCE59, 0xCE5A, 0xCE5A, 0xCE7A, 0xCE7A,
    0xCE7A, 0xCE7A, 0xD67A, 0xD67A, 0xD67A, 0xD67A, 0xE71B, 0xD69A, 0xD69A, 0xD69A, 0xD69B, 0xD69B,
    0xD69B, 0xD69B, 0xD6BB, 0xD69B, 0xD69B, 0xD69A, 0xD69A, 0xD67A, 0xCE7A, 0xCE5A, 0xCE59, 0xCE59,
    0xCE39, 0xCE39, 0xCE59, 0xCE59, 0xCE59, 0xCE59, 0xCE5A, 0xCE5A, 0xCE5A, 0xCE5A, 0xCE5A, 0xCE7A,
    0xCE7A, 0xCE7A, 0xD67A, 0xD67A, 0xD69A, 0xD69A, 0xD67A, 0xD67A, 0xD67A, 0xD67A, 0xD67A, 0xD67A,
    0xD69A, 0xD69B, 0xD6BB, 0xDEBB, 0xDEDB, 0xDEDB, 0xDEDB, 0xDEFC, 0xDEDC, 0xDEDC, 0xDEDC, 0xDEFC,
    0xDEFC, 0xDEFC, 0xDEFC, 0xDEFC, 0xDEFC, 0xE6FC, 0xE71C, 0xE71D, 0xE73D, 0xEF3D, 0xEF5D, 0xEF7E,
    0xF77E, 0xF79E, 0xF79F, 0xF7BF, 0xF7BF, 0xF7BF, 0xF7BF, 0xF79F, 0xF79F, 0xF79F, 0xF79F, 0xF79F,
    0xF79E, 0xF79E, 0xF79E, 0xF79E, 0xF77E, 0xF77E, 0xEF7E, 0xEF7E, 0xEF5E, 0xEF5D, 0xEF5D, 0xEF3D,
    0xEF3D, 0xEF3D, 0xEF3D, 0xEF3D, 0xEF3D, 0xEF3D, 0xE73D, 0xE73D, 0xE73D, 0xE73D, 0xE73D, 0xE71D,
    0xE71D, 0xE71D, 0xE71C, 0xE71C, 0xE71C, 0xE71C, 0xE71C, 0xE71C, 0xE71C, 0xE71C, 0xE71D, 0xE71C,
    0xE71C, 0xE71C, 0xE71C, 0xE71D, 0xE71D, 0xE73D, 0xE71D, 0xE71D, 0xE71C, 0xE6FC, 0xDEFC, 0xDEDC,
    0xDEDB, 0xDEDB, 0xDEBB, 0xDEBB, 0xD6BB, 0xD69B, 0xD69B, 0xD69B, 0xD6BB, 0xDEBB, 0xDEBB, 0xDEBB,
    0xDEBB, 0xD6BB, 0xD69B, 0xD69B, 0xD69B, 0xD69A, 0xD69A, 0xD69A, 0xD69B, 0xD69B, 0xD69A, 0xD69A,
    0xD67A, 0xD67A, 0xD67A, 0xCE7A, 0xCE7A, 0xCE5A, 0xCE5A, 0xCE5A, 0xCE7A, 0xD67A, 0xD67A, 0xD67A,
    0xD67A, 0xD67A, 0xD67A, 0xD67A, 0xD67A, 0xD69A, 0xD69A, 0xD67A, 0xD67A, 0xD67A, 0xD67A, 0xD69A,
    0xD69A, 0xD69B, 0xD69B, 0xD6BB, 0xD6BB, 0xDEBB, 0xDEBB, 0xDEDB, 0xDEDB, 0xDEDB, 0xDEDB, 0xDEBB,
    0xDEDB, 0xDEDB, 0xDEDB, 0xDEDB, 0xDEDB, 0xDEDB, 0xDEDB, 0xDEDB, 0xDEBB, 0xDEBB, 0xDEBB, 0xDEBB,
    0xC1CD, 0xC1CD, 0xB9CD, 0xB9CC, 0xB9CC, 0xB9CC, 0xB9CC, 0xB9CD, 0xC1CD, 0xB9CD, 0xB9CD, 0xB9CC,
    0xB1CC, 0xB1CC, 0xB9CC, 0xB1CC, 0xB1CC, 0xB1AC, 0xB1AC, 0xB1AC, 0xB1CC, 0xB1CC, 0xB9CC, 0xB9CC,
    0xB9CC, 0xB1CC, 0xB1CC, 0xB1CC, 0xB1CC, 0xB1CC, 0xB1CC, 0xB1AC, 0xB1AC, 0xB1AC, 0xA9AC, 0xA9AB,
    0xA9AB, 0xA9AB, 0xA9AB, 0xA9AC, 0xB1AC, 0xB1CC, 0xB9CC, 0xC1CD, 0xC1ED, 0xC9ED, 0xC9ED, 0xDC74,
    0xC9ED, 0xC9ED, 0xC9ED, 0xC9ED, 0xC9ED, 0xC9ED, 0xC9ED, 0xC9ED, 0xC9ED, 0xC1ED, 0xC1ED, 0xC9ED,
    0xC9ED, 0xC9ED, 0xC9ED, 0xC9EE, 0xC9EE, 0xC9EE, 0xC9ED, 0xC9ED, 0xC9ED, 0xC9EE, 0xD20E, 0xDA0E,
    0xDA0E, 0xDA0E, 0xD20E, 0xD20E, 0xD20E, 0xD20E, 0xD20E, 0xD20E, 0xD1EE, 0xD20E, 0xD1EE, 0xD1EE,
    0xC9ED, 0xC9ED, 0xC1ED, 0xC1ED, 0xC1ED, 0xC9ED, 0xC9ED, 0xC9ED, 0xC9ED, 0xC9EE, 0xD1EE, 0xDA0E,
    0xDA0E, 0xDA0E, 0xD1EE, 0xC9ED, 0xC9ED, 0xC9ED, 0xC9ED, 0xC9ED, 0xC9ED, 0xC9ED, 0xC9ED, 0xC1ED,
    0xC1ED, 0xC1ED, 0xC1ED, 0xC1ED, 0xC9ED, 0xC9ED, 0xC9ED, 0xC9ED, 0xC9ED, 0xC9EE, 0xC9EE, 0xD1EE,
    0xD1EE, 0xD1EE, 0xD1EE, 0xD20E, 0xD20E, 0xDA0E, 0xDA0E, 0xDA0E, 0xDA0E, 0xDA0E, 0xDA0E, 0xDA0E,
    0xD20E, 0xD1EE, 0xC9EE, 0xC9EE, 0xC9EE, 0xD1EE, 0xD1EE, 0xD20E, 0xD20E, 0xDA0E, 0xDA0E, 0xDA0F,
    0xE20F, 0xE20F, 0xE20F, 0xE20F, 0xDA0F, 0xDA0F, 0xE20F, 0xE22F, 0xEA2F, 0xEA2F, 0xEA2F, 0xEA2F,
    0xEA2F, 0xE22F, 0xE20F, 0xE20F, 0xE20F, 0xDA0F, 0xDA0F, 0xDA0F, 0xDA0F, 0xE20F, 0xE20F, 0xE20F,
    0xDA0F, 0xDA0E, 0xDA0E, 0xDA0E, 0xDA0E, 0xDA0E, 0xDA0F, 0xDA0F, 0xE20F, 0xE20F, 0xE20F, 0xDA0F,
    0xDA0E, 0xDA0E, 0xDA0E, 0xDA0E, 0xD20E, 0xD20E, 0xD20E, 0xD1EE, 0xD1EE, 0xD1EE, 0xD20E, 0xDA0E,
    0xE495, 0xDA0F, 0xE20F, 0xE20F, 0xE20F, 0xE22F, 0xE22F, 0xE22F, 0xE22F, 0xE22F, 0xE22F, 0xE22F,
    0xE22F, 0xE22F, 0xE22F, 0xE22F, 0xE22F, 0xE22F, 0xEA2F, 0xEA2F, 0xEA2F, 0xEA2F, 0xE22F, 0xE20F,
    0xE20F, 0xE20F, 0xEC95, 0xE20F, 0xE20F, 0xE20F, 0xE20F, 0xE20F, 0xDA0F, 0xDA0F, 0xDA0F, 0xDA0F,
    0xDA0E, 0xDA0E, 0xDA0E, 0xD20E, 0xD20E, 0xD20E, 0xD20E, 0xDA0E, 0xDA0E, 0xE495, 0xDA0E, 0xD20E,
    0xD20E, 0xDA0E, 0xDA0E, 0xDA0E, 0xDA0F, 0xDA0F, 0xE20F, 0xE20F, 0xE22F, 0xEA2F, 0xEA30, 0xEA30,
    0xEA30, 0xEA30, 0xEA30, 0xEA30, 0xFA51, 0xFA51, 0xFA51, 0xFA50, 0xF250, 0xF250, 0xEA30, 0xE22F,
    0xE22F, 0xEA30, 0xEA30, 0xEA2F, 0xF250, 0xF250, 0xF250, 0xEA30, 0xE22F, 0xDA0F, 0xDA0F, 0xE20F,
    0xE2D1, 0xEA30, 0xF250, 0xF250, 0xEA30, 0xE22F, 0xE22F, 0xE22F, 0xDA0F, 0xE20F, 0xE22F, 0xDA0F,
    0xDA0E, 0xDA0F, 0xE22F, 0xEA2F, 0xEA2F, 0xEA2F, 0xE22F, 0xDA0F, 0xDA0F, 0xE20F, 0xE22F, 0xE22F,
    0xDA0E, 0xDA0F, 0xE20F, 0xDA0E, 0xDAB0, 0xDA0E, 0xD20E, 0xD1EE, 0xC9ED, 0xC1ED, 0xC1ED, 0xC9EE,
    0xD1EE, 0xD20E, 0xD1EE, 0xC9EE, 0xC9ED, 0xC9EE, 0xC9EE, 0xC9ED, 0xD20E, 0xDA0E, 0xDA0F, 0xDA0F,
    0xE22F, 0xE22F, 0xE2B0, 0xE2B0, 0xE22F, 0xE22F, 0xDA0F, 0xEA2F, 0xF250, 0xF250, 0xFA50, 0xFA50,
    0xFA51, 0xFA51, 0xFA50, 0xF250, 0xFA51, 0xFA50, 0xF230, 0xEA30, 0xEA30, 0xEA30, 0xF230, 0xEA30,
    0xEA2F, 0xEA2F, 0xE22F, 0xE20F, 0xE20F, 0xE22F, 0xE22F, 0xE22F, 0xDA0F, 0xD20E, 0xD20E, 0xC9ED,
    0xB9CD, 0xB9CC, 0xB9CC, 0xC1ED, 0xC1ED, 0xC9ED, 0xC1ED, 0xB9CC, 0xB9CC, 0xB1CC, 0xB1AC, 0xB26E,
    0xB1CC, 0xB1CC, 0xB1AC, 0xB1CC, 0xB9CC, 0xB1CC, 0xB1CC, 0xB9CC, 0xB9CD, 0xC1ED, 0xB9CD, 0xB9CD,
    0xFA50, 0xFA50, 0xFA50, 0xF230, 0xF230, 0xEA30, 0xEA2F, 0xDA0F, 0xE20F, 0xE22F, 0xE22F, 0xE22F,
    0xEA30, 0xEA30, 0xEA30, 0xE22F, 0xDA0F, 0xDA0E, 0xDA0F, 0xDA0F, 0xE22F, 0xE22F, 0xEA30, 0xF230,
    0xEA2F, 0xDA0F, 0xDA0F, 0xDA0F, 0xDA0E, 0xDA0E, 0xDA0F, 0xDA0E, 0xDA0E, 0xDA0E, 0xDA0F, 0xE22F,
    0xE22F, 0xE22F, 0xE20F, 0xDA0F, 0xDA0F, 0xDA0F, 0xDA0F, 0xDA0E, 0xD20E, 0xD20E, 0xDA0E, 0xD20E,
    0xD1EE, 0xD1EE, 0xC9EE, 0xC9ED, 0xC1ED, 0xC26E, 0xC1ED, 0xC1ED, 0xC9ED, 0xC9ED, 0xC9ED, 0xC9ED,
    0xC9ED, 0xC9ED, 0xC9ED, 0xC1ED, 0xC9ED, 0xD20E, 0xDA0E, 0xDA0E, 0xDA0F, 0xE20F, 0xDA0E, 0xDA0E,
    0xDA0F, 0xDA0F, 0xDA0E, 0xE22F, 0xEA30, 0xF230, 0xF230, 0xF230, 0xF250, 0xFA50, 0xF250, 0xF230,
    0xF230, 0xF230, 0xEA30, 0xEA2F, 0xEA2F, 0xEA2F, 0xEAD1, 0xEA2F, 0xE22F, 0xE22F, 0xDA0F, 0xDA0F,
    0xDA0F, 0xDA0F, 0xE20F, 0xE20F, 0xDA0E, 0xD20E, 0xC9EE, 0xC1ED, 0xB9CD, 0xB9CC, 0xB9CC, 0xB9CD,
    0xC1CD, 0xC1CD, 0xB9CD, 0xB1CC, 0xB1CC, 0xB1CC, 0xA9AC, 0xA9AB, 0xB1AC, 0xB1AC, 0xB1AC, 0xB1CC,
    0xB1CC, 0xB1CC, 0xB1CC, 0xB1CC, 0xB1CC, 0xB9CC, 0xB9CC, 0xB9CC, 0xEA2F, 0xE22F, 0xE20F, 0xE20F,
    0xE20F, 0xE20F, 0xDA0F, 0xD20E, 0xD20E, 0xDA0E, 0xDA0E, 0xDA0E, 0xE20F, 0xDA0F, 0xDA0E, 0xD20E,
    0xD1EE, 0xD1EE, 0xD20E, 0xD20E, 0xDA0E, 0xDA0E, 0xE2B0, 0xE20F, 0xDAB0, 0xD2B0, 0xD1EE, 0xC9ED,
    0xC9ED, 0xC9ED, 0xC9EE, 0xC9EE, 0xD1EE, 0xD1EE, 0xD1EE, 0xD20E, 0xD20E, 0xDA0E, 0xDA0E, 0xD20E,
    0xD20E, 0xD20E, 0xD1EE, 0xC9EE, 0xC9ED, 0xC9ED, 0xC9ED, 0xC1ED, 0xC1ED, 0xC1CD, 0xB9CD, 0xB1CC,
    0xB1AC, 0xB1AC, 0xB1CC, 0xB9CC, 0xB9CC, 0xB9CD, 0xC1ED, 0xC1ED, 0xC1ED, 0xC1CD, 0xC26E, 0xB9CC,
    0xB9CD, 0xC9ED, 0xC9ED, 0xC9EE, 0xD1EE, 0xD20E, 0xC9EE, 0xC9EE, 0xD1EE, 0xD1EE, 0xD1EE, 0xDA0E,
    0xE20F, 0xE20F, 0xE20F, 0xE20F, 0xEA2F, 0xEA2F, 0xEA2F, 0xE20F, 0xE20F, 0xE2B0, 0xE20F, 0xDA0F,
    0xDA0F, 0xDA0E, 0xDA0E, 0xDA0E, 0xDA0E, 0xDA0E, 0xD20E, 0xD20E, 0xD20E, 0xD1EE, 0xD20E, 0xD20E,
    0xC9EE, 0xC9ED, 0xC1ED, 0xB9CD, 0xB1CC, 0xB1AC, 0xB1AC, 0xB1CC, 0xB1CC, 0xB1AC, 0xB1AC, 0xA9AB,
    0xA9AB, 0xA9AB, 0xA1AB, 0xA18B, 0xA18B, 0xA9AB, 0xA9AB, 0xA9AB, 0xA9AB, 0xA9AB, 0xA9AB, 0xA9AB,
    0xA9AB, 0xA9AC, 0xB1AC, 0xB1AC, 0xE20F, 0xE20F, 0xE20F, 0xE20F, 0xE20F, 0xDA0F, 0xDA0E, 0xD20E,
    0xDA0E, 0xDA0E, 0xDA0E, 0xDA0E, 0xDA0F, 0xDA0F, 0xDA0E, 0xD20E, 0xD1EE, 0xC9EE, 0xD1EE, 0xD20E,
    0xD20E, 0xDA0E, 0xDA0E, 0xDA0F, 0xDA0E, 0xD20E, 0xC9EE, 0xCA8F, 0xC9ED, 0xC9ED, 0xC9ED, 0xC9ED,
    0xC9ED, 0xC9EE, 0xD1EE, 0xD1EE, 0xD1EE, 0xDAB0, 0xD1EE, 0xD1EE, 0xD1EE, 0xD1EE, 0xC9ED, 0xC9ED,
    0xC9ED, 0xC9ED, 0xC1ED, 0xC1CD, 0xC1CD, 0xB9CD, 0xB9CC, 0xB1CC, 0xB1AC, 0xA9AC, 0xB1AC, 0xB1CC,
    0xB1AC, 0xB1CC, 0xB9CD, 0xC28F, 0xC1CD, 0xB9CD, 0xC26E, 0xB9CC, 0xB9CD, 0xC1ED, 0xC9ED, 0xC9ED,
    0xC9ED, 0xC9ED, 0xC9ED, 0xC9ED, 0xC9EE, 0xC9EE, 0xC9EE, 0xDA0E, 0xE20F, 0xE20F, 0xE20F, 0xE20F,
    0xE20F, 0xE20F, 0xE20F, 0xDA0F, 0xDA0F, 0xDA0F, 0xDA0F, 0xDA0F, 0xDA0F, 0xDA0E, 0xDAB0, 0xDA0E,
    0xDA0E, 0xD20E, 0xD20E, 0xD1EE, 0xD1EE, 0xD1EE, 0xD1EE, 0xD1EE, 0xC9ED, 0xC1ED, 0xB9CD, 0xB9CC,
    0xB1AC, 0xA9AB, 0xA9AB, 0xA9AC, 0xB1AC, 0xB1AC, 0xA9AC, 0xA9AB, 0xA9AB, 0xA9AB, 0xA9AB, 0xA1AB,
    0xA18B, 0xA9AB, 0xA9AB, 0xA9AB, 0xA1AB, 0xA9AB, 0xA9AB, 0xA9AB, 0xA9AB, 0xA9AB, 0xB1AC, 0xB1AC,
    0xE22F, 0xE22F, 0xE22F, 0xE22F, 0xE22F, 0xEA30, 0xF230, 0xF230, 0xEA30, 0xEA30, 0xEA30, 0xEA30,
    0xE22F, 0xE22F, 0xE22F, 0xEA2F, 0xEA30, 0xEA30, 0xF230, 0xEA30, 0xEA2F, 0xEA30, 0xEA2F, 0xE22F,
    0xE20F, 0xDA0F, 0xDA0E, 0xD20E, 0xDA0E, 0xDAB0, 0xC9EE, 0xCA8F, 0xC1ED, 0xC1ED, 0xC1ED, 0xC1ED,
    0xC1ED, 0xC1ED, 0xC1ED, 0xB9CD, 0xB9CD, 0xB9CD, 0xB9CD, 0xB9CC, 0xB9CC, 0xB9CC, 0xB9CC, 0xB9CD,
    0xC1ED, 0xCA8F, 0xC9EE, 0xC9EE, 0xD20E, 0xD20E, 0xD20E, 0xD20E, 0xD20E, 0xD20E, 0xD20E, 0xDA0E,
    0xDA0F, 0xDA0F, 0xDA0F, 0xE20F, 0xE22F, 0xE22F, 0xE22F, 0xE22F, 0xE22F, 0xE22F, 0xDA0F, 0xDA0E,
    0xD20E, 0xD20E, 0xD1EE, 0xC9EE, 0xC9ED, 0xC9ED, 0xC1ED, 0xC1ED, 0xC1ED, 0xC1ED, 0xC1ED, 0xC9ED,
    0xD1EE, 0xD20E, 0xD20E, 0xD20E, 0xC9EE, 0xC9EE, 0xD1EE, 0xC9EE, 0xC9ED, 0xC9ED, 0xC9EE, 0xDA0E,
    0xDA0E, 0xDA0F, 0xE22F, 0xE22F, 0xE22F, 0xE22F, 0xEA2F, 0xEA2F, 0xE22F, 0xE2D1, 0xE22F, 0xE22F,
    0xE22F, 0xEA2F, 0xEAD1, 0xE22F, 0xE22F, 0xE22F, 0xEA2F, 0xEA2F, 0xEA30, 0xF230, 0xF250, 0xF250,
    0xF250, 0xFA51, 0xFA51, 0xFA50, 0xFA50, 0xFA51, 0xFA50, 0xF250, 0xDAB0, 0xDA0F, 0xE20F, 0xE20F,
    0xE20F, 0xE22F, 0xE22F, 0xEAD1, 0xEAD1, 0xEA2F, 0xE22F, 0xE20F, 0xE2B0, 0xE22F, 0xE22F, 0xE22F,
    0xE22F, 0xE22F, 0xE22F, 0xE22F, 0xE22F, 0xE22F, 0xE22F, 0xDA0E, 0xDA0E, 0xDA0F, 0xDA0E, 0xD20E,
    0xD20E, 0xD28F, 0xC9ED, 0xC9ED, 0xC1ED, 0xC1CD, 0xC1CD, 0xC1ED, 0xC1CD, 0xB9CD, 0xB9CC, 0xB1CC,
    0xB1CC, 0xB1CC, 0xB1CC, 0xB1CC, 0xB1CC, 0xBA6E, 0xB9CC, 0xB9CC, 0xB9CC, 0xB9CD, 0xC1CD, 0xC1ED,
    0xC9ED, 0xD20E, 0xD20E, 0xD20E, 0xD2B0, 0xC9EE, 0xC9EE, 0xD20E, 0xDA0E, 0xD20E, 0xDA0E, 0xDA0F,
    0xDA0F, 0xDA0F, 0xDA0F, 0xE22F, 0xE20F, 0xDA0F, 0xDA0E, 0xDA0E, 0xD20E, 0xD20E, 0xC9EE, 0xC9EE,
    0xC9ED, 0xC1ED, 0xC1CD, 0xC1CD, 0xC1CD, 0xC1ED, 0xCA8F, 0xC9ED, 0xC9ED, 0xC9ED, 0xC9EE, 0xD1EE,
    0xC9EE, 0xC9ED, 0xC9ED, 0xC1ED, 0xC9ED, 0xC9ED, 0xD1EE, 0xD20E, 0xDA0E, 0xDA0E, 0xDA0F, 0xE20F,
    0xE22F, 0xE20F, 0xDA0F, 0xE20F, 0xE20F, 0xDA0F, 0xDA0F, 0xDA0F, 0xDA0F, 0xE20F, 0xE20F, 0xDA0F,
    0xE20F, 0xE22F, 0xE22F, 0xEAD1, 0xEA2F, 0xEA2F, 0xEA2F, 0xEA2F, 0xEA30, 0xF250, 0xF230, 0xEA30,
    0xEAD1, 0xF230, 0xEA30, 0xEA2F, 0xD1EE, 0xD1EE, 0xD20E, 0xD20E, 0xDA0E, 0xDA0E, 0xDA0E, 0xDA0E,
    0xD20E, 0xD1EE, 0xD1EE, 0xD1EE, 0xD1EE, 0xD1EE, 0xD20E, 0xD20E, 0xD1EE, 0xDA0E, 0xDA0E, 0xDA0E,
    0xD20E, 0xDA0E, 0xD1EE, 0xC9ED, 0xC9EE, 0xD1EE, 0xC9EE, 0xC9ED, 0xC9ED, 0xC1ED, 0xC1CD, 0xB9CC,
    0xB1CC, 0xBA6E, 0xB1CC, 0xB1AC, 0xB1AC, 0xB1AC, 0xBA6E, 0xB1AC, 0xB1AC, 0xB1AC, 0xB1AC, 0xB1AC,
    0xB1AC, 0xA9AC, 0xA9AB, 0xA9AB, 0xA9AB, 0xB1AC, 0xB1CC, 0xB1CC, 0xB9CD, 0xC1ED, 0xC9ED, 0xC9ED,
    0xC1ED, 0xC1ED, 0xC1ED, 0xC1ED, 0xC9ED, 0xC9ED, 0xD1EE, 0xD20E, 0xDA0E, 0xD1EE, 0xD20E, 0xD20E,
    0xD20E, 0xD1EE, 0xD1EE, 0xD1EE, 0xC9EE, 0xC9ED, 0xC9ED, 0xC1ED, 0xC1ED, 0xB9CC, 0xB1CC, 0xB9CC,
    0xB9CC, 0xB9CD, 0xB9CD, 0xB9CD, 0xC1ED, 0xC9ED, 0xC1ED, 0xC1CD, 0xB9CD, 0xB9CD, 0xC1CD, 0xC1CD,
    0xC1ED, 0xC9ED, 0xC9ED, 0xC9ED, 0xC9EE, 0xD1EE, 0xD1EE, 0xC9EE, 0xC9EE, 0xC9EE, 0xC9ED, 0xD1EE,
    0xD20E, 0xD1EE, 0xD20E, 0xD20E, 0xDA0E, 0xDA0E, 0xD20E, 0xD1EE, 0xD1EE, 0xD20E, 0xDA0E, 0xDA0E,
    0xDA0E, 0xDA0E, 0xDA0F, 0xDA0F, 0xDA0F, 0xDA0E, 0xDA0E, 0xDA0E, 0xDA0E, 0xDA0E, 0xD20E, 0xD20E,
    0xD1EE, 0xDA0E, 0xDA0E, 0xDA0E, 0xDA0E, 0xD1EE, 0xC9ED, 0xC9ED, 0xC9ED, 0xC9ED, 0xC9ED, 0xC1ED,
    0xC1ED, 0xC9ED, 0xC9EE, 0xD1EE, 0xD20E, 0xDA0E, 0xDA0E, 0xD20E, 0xD20E, 0xC9ED, 0xC9ED, 0xC9ED,
    0xC9ED, 0xC9EE, 0xC9EE, 0xC9ED, 0xC9ED, 0xC1CD, 0xB9CD, 0xB9CC, 0xB9CC, 0xB1AC, 0xB1AC, 0xA9AC,
    0xB1AC, 0xB1AC, 0xB1CC, 0xB1CC, 0xB1CC, 0xBA6E, 0xB1AC, 0xB1AC, 0xB1AC, 0xB1AC, 0xA9AC, 0xA9AB,
    0xA9AB, 0xA9AB, 0xB1AC, 0xB1CC, 0xC1CD, 0xC9ED, 0xC9ED, 0xC9ED, 0xC1ED, 0xC1ED, 0xC9ED, 0xC9ED,
    0xD28F, 0xC9ED, 0xC9EE, 0xD1EE, 0xD1EE, 0xD1EE, 0xD1EE, 0xD1EE, 0xD1EE, 0xC9EE, 0xC9ED, 0xC9ED,
    0xCA8F, 0xC9ED, 0xCA8F, 0xC9ED, 0xC1ED, 0xB9CC, 0xB1CC, 0xB9CC, 0xB9CC, 0xB9CD, 0xB9CD, 0xC1CD,
    0xC1CD, 0xC1CD, 0xC1CD, 0xB9CD, 0xB9CD, 0xB9CD, 0xB9CD, 0xC1CD, 0xC1ED, 0xC9ED, 0xC9EE, 0xC9EE,
    0xC9ED, 0xC1ED, 0xC9ED, 0xC9ED, 0xC9ED, 0xC9ED, 0xC9EE, 0xD28F, 0xD1EE, 0xD1EE, 0xD1EE, 0xD1EE,
    0xD2B0, 0xD1EE, 0xD20E, 0xDA0E, 0xD1EE, 0xD1EE, 0xD20E, 0xD20E, 0xD20E, 0xD1EE, 0xD1EE, 0xD1EE,
    0xD1EE, 0xD1EE, 0xD1EE, 0xC9EE, 0xC9ED, 0xC9ED, 0xC9ED, 0xC9ED, 0xEA2F, 0xE22F, 0xE22F, 0xE22F,
    0xE22F, 0xDA0F, 0xD20E, 0xD20E, 0xD20E, 0xDA0E, 0xDA0E, 0xE2B0, 0xE20F, 0xE20F, 0xDA0F, 0xDA0F,
    0xE20F, 0xDA0F, 0xDA0F, 0xDA0F, 0xE20F, 0xDA0F, 0xDA0F, 0xDA0E, 0xD20E, 0xD20E, 0xD20E, 0xD20E,
    0xC9ED, 0xC9ED, 0xC1ED, 0xC9ED, 0xC9ED, 0xC1ED, 0xC1CD, 0xC1CD, 0xC1CD, 0xC1ED, 0xC1ED, 0xC1ED,
    0xC1ED, 0xC1CD, 0xC1CD, 0xC1CD, 0xC1CD, 0xB9CD, 0xB1CC, 0xB1CC, 0xB1CC, 0xB1CC, 0xB9CD, 0xC1ED,
    0xC9EE, 0xD20E, 0xD20E, 0xD20E, 0xD20E, 0xD20E, 0xDA0E, 0xDA0E, 0xDA0F, 0xE20F, 0xE22F, 0xE22F,
    0xE22F, 0xDA0F, 0xDA0F, 0xE20F, 0xDA0E, 0xD20E, 0xD20E, 0xD20E, 0xD20E, 0xC9EE, 0xC9ED, 0xC9ED,
    0xC9ED, 0xC1ED, 0xB9CD, 0xB9CD, 0xC1CD, 0xC1ED, 0xC1ED, 0xC9ED, 0xC9ED, 0xC9EE, 0xD20E, 0xD20E,
    0xD20E, 0xD20E, 0xDA0E, 0xDA0E, 0xDA0F, 0xE20F, 0xE22F, 0xE22F, 0xE20F, 0xDA0F, 0xE22F, 0xE22F,
    0xE22F, 0xE20F, 0xDA0F, 0xDA0E, 0xDA0E, 0xDA0E, 0xDA0F, 0xE22F, 0xE22F, 0xE22F, 0xE22F, 0xEA2F,
    0xEA2F, 0xEA2F, 0xEA2F, 0xE22F, 0xE22F, 0xDA0F, 0xDA0F, 0xDA0E, 0xD20E, 0xD20E, 0xDA0E, 0xDA0E,
    0xDA0E, 0xD20E, 0xD20E, 0xD20E, 0xFAF2, 0xFA51, 0xF250, 0xF2F2, 0xF250, 0xEA30, 0xE22F, 0xE22F,
    0xE22F, 0xE22F, 0xEA30, 0xF250, 0xF250, 0xF250, 0xF250, 0xEA30, 0xEA30, 0xE22F, 0xE22F, 0xE22F,
    0xEA30, 0xEA30, 0xEA30, 0xEA2F, 0xE22F, 0xE22F, 0xE22F, 0xE22F, 0xDAB0, 0xDA0E, 0xDA0E, 0xD20E,
    0xD20E, 0xC9EE, 0xC9ED, 0xC9EE, 0xD20E, 0xD20E, 0xD20E, 0xD20E, 0xD20E, 0xD20E, 0xDA0E, 0xDA0F,
    0xDA0E, 0xD20E, 0xC9EE, 0xC9ED, 0xC1ED, 0xC9ED, 0xCA0E, 0xD20E, 0xDA0E, 0xDA0F, 0xDA0F, 0xDA2F,
    0xE22F, 0xE22F, 0xE22F, 0xEA30, 0xF250, 0xF250, 0xF250, 0xFA51, 0xFA51, 0xF250, 0xF250, 0xEA30,
    0xE22F, 0xE2B1, 0xE22F, 0xDA2F, 0xDA0E, 0xD20E, 0xD20E, 0xD20E, 0xCA0E, 0xC9ED, 0xC1ED, 0xC9ED,
    0xC9ED, 0xCA0E, 0xD20E, 0xDA0F, 0xE22F, 0xE22F, 0xE22F, 0xE22F, 0xEA30, 0xF250, 0xF250, 0xFA50,
    0xFA50, 0xFA51, 0xFA50, 0xFA51, 0xFA51, 0xFAF2, 0xFA51, 0xFA51, 0xFA51, 0xF250, 0xF250, 0xF250,
    0xF250, 0xF250, 0xF250, 0xFA51, 0xFA51, 0xFA51, 0xFA51, 0xFA51, 0xF250, 0xF250, 0xF250, 0xF2F2,
    0xF250, 0xEA30, 0xEA30, 0xEA30, 0xEA2F, 0xE22F, 0xE22F, 0xE22F, 0xE22F, 0xEA2F, 0xE22F, 0xE22F,
    0xFA71, 0xFA71, 0xFAF2, 0xFA51, 0xFA51, 0xFA50, 0xF250, 0xF250, 0xEA30, 0xEA30, 0xF250, 0xF250,
    0xF250, 0xF250, 0xF250, 0xEA30, 0xE22F, 0xDA2F, 0xDA2F, 0xE22F, 0xE22F, 0xEA2F, 0xEA2F, 0xEAD1,
    0xE22F, 0xDA2F, 0xDA0E, 0xD20E, 0xD20E, 0xD20E, 0xD20E, 0xD20E, 0xC9EE, 0xD2AF, 0xCA0E, 0xD20E,
    0xD20E, 0xD2B0, 0xD20E, 0xD20E, 0xDA0E, 0xDA0E, 0xDA0E, 0xDA0E, 0xDA0E, 0xD20E, 0xD20E, 0xC9EE,
    0xC9ED, 0xC9ED, 0xCA0E, 0xD20E, 0xD20E, 0xDA0F, 0xE22F, 0xE2D1, 0xE22F, 0xEA2F, 0xEA30, 0xF250,
    0xF250, 0xFA51, 0xFAF2, 0xFA71, 0xFA71, 0xFA51, 0xF250, 0xF250, 0xEA30, 0xE22F, 0xDA2F, 0xDA0F,
    0xE22F, 0xDA2F, 0xDA0E, 0xD20E, 0xC9EE, 0xC9ED, 0xC1ED, 0xC1ED, 0xCA0E, 0xDAB0, 0xDA0E, 0xDA2F,
    0xE22F, 0xEA2F, 0xEA2F, 0xEA30, 0xF250, 0xF250, 0xFA50, 0xFA50, 0xFA50, 0xFA50, 0xFA51, 0xFA71,
    0xFA51, 0xFA51, 0xFA51, 0xFA71, 0xFA71, 0xFA51, 0xF250, 0xF250, 0xF2D1, 0xF250, 0xFA51, 0xFA51,
    0xFAF2, 0xFA51, 0xFA51, 0xFA51, 0xFA51, 0xFA51, 0xF250, 0xF250, 0xF2D2, 0xF2D2, 0xF250, 0xF250,
    0xF250, 0xEA2F, 0xE22F, 0xE22F, 0xE22F, 0xE22F, 0xE22F, 0xE22F, 0xFA50, 0xFA50, 0xFA51, 0xF250,
    0xF250, 0xF250, 0xF250, 0xF250, 0xEA30, 0xEA30, 0xEA2F, 0xE22F, 0xE22F, 0xDA0F, 0xDA2F, 0xDA0F,
    0xDA0E, 0xD20E, 0xD20E, 0xD20E, 0xD20E, 0xD20E, 0xD20E, 0xD20E, 0xD20E, 0xD2B0, 0xD20E, 0xC9EE,
    0xC9ED, 0xC9ED, 0xC9ED, 0xC1ED, 0xC1ED, 0xC1ED, 0xC9EE, 0xC9EE, 0xC9EE, 0xD20E, 0xCA0E, 0xC9ED,
    0xC9EE, 0xC9EE, 0xD20E, 0xCA0E, 0xC9ED, 0xCA8F, 0xC1ED, 0xCA8F, 0xB9ED, 0xB9CD, 0xC1ED, 0xC9EE,
    0xD20E, 0xDA0F, 0xDA0F, 0xDA0F, 0xDA0F, 0xDA0F, 0xDA2F, 0xE22F, 0xE22F, 0xEA30, 0xF250, 0xFAF2,
    0xFA51, 0xF250, 0xEA50, 0xEA2F, 0xE22F, 0xDA0F, 0xDA0E, 0xDA0E, 0xDA0F, 0xDA0E, 0xD20E, 0xC9EE,
    0xC9ED, 0xC9ED, 0xC1ED, 0xC1ED, 0xC9ED, 0xD20E, 0xDA0E, 0xE22F, 0xE22F, 0xEA2F, 0xEA2F, 0xEA30,
    0xEA30, 0xEA30, 0xF230, 0xF230, 0xF250, 0xF250, 0xF250, 0xF250, 0xF250, 0xF250, 0xF2D2, 0xF230,
    0xEA30, 0xEA30, 0xF230, 0xEA2F, 0xE22F, 0xEA30, 0xF230, 0xF230, 0xF250, 0xFA50, 0xFA51, 0xFA51,
    0xFA51, 0xF250, 0xF250, 0xEA30, 0xEAD1, 0xF230, 0xF250, 0xF250, 0xF250, 0xEAD1, 0xE22F, 0xE22F,
    0xDA0F, 0xDA0E, 0xDA0F, 0xE2B0, 0xEA30, 0xEA30, 0xF230, 0xEA30, 0xEA30, 0xEA30, 0xEA30, 0xE22F,
    0xE22F, 0xE22F, 0xDA0F, 0xDA0F, 0xDA0E, 0xDA0E, 0xD2B0, 0xC9EE, 0xC9EE, 0xD28F, 0xC9ED, 0xC9ED,
    0xCA8F, 0xC9ED, 0xC1ED, 0xB9CD, 0xC1ED, 0xC1ED, 0xC1ED, 0xC1ED, 0xC9ED, 0xCA8F, 0xC1ED, 0xC1ED,
    0xCA8F, 0xC1ED, 0xC1ED, 0xC1ED, 0xC9ED, 0xC9EE, 0xC9EE, 0xC9ED, 0xC9EE, 0xC9EE, 0xC9ED, 0xCA8F,
    0xC9ED, 0xC1ED, 0xC26E, 0xB1CC, 0xB1CC, 0xB9CC, 0xC1ED, 0xC1ED, 0xD28F, 0xD20E, 0xDA0E, 0xDA0E,
    0xDA0E, 0xDA0E, 0xDA0F, 0xDA0F, 0xE22F, 0xE22F, 0xEA2F, 0xF250, 0xF250, 0xF230, 0xEAD1, 0xE22F,
    0xE22F, 0xDA0F, 0xDA0E, 0xDA0E, 0xD20E, 0xD20E, 0xD20E, 0xD20E, 0xC9ED, 0xC1ED, 0xB9CD, 0xB9CD,
    0xC1ED, 0xD2AF, 0xD20E, 0xDA0E, 0xDA0F, 0xDA0F, 0xE22F, 0xE22F, 0xE22F, 0xE20F, 0xE22F, 0xEA2F,
    0xF230, 0xF230, 0xF230, 0xF230, 0xF230, 0xF230, 0xEA2F, 0xE22F, 0xE22F, 0xE22F, 0xE22F, 0xE22F,
    0xE22F, 0xE22F, 0xEA2F, 0xEA30, 0xEA30, 0xEA30, 0xF230, 0xF230, 0xF230, 0xEA30, 0xEA30, 0xEA30,
    0xEA30, 0xEA30, 0xEA2F, 0xEA2F, 0xEA2F, 0xE22F, 0xDA0F, 0xDA0F, 0xDA0E, 0xDA0E, 0xDA0E, 0xD20E,
    0xF250, 0xF250, 0xF2D1, 0xEAD1, 0xEA30, 0xEA30, 0xEA2F, 0xEA2F, 0xEA2F, 0xEA2F, 0xE22F, 0xE22F,
    0xDA0E, 0xDA0E, 0xDA0E, 0xDA0E, 0xD20E, 0xD20E, 0xCA0E, 0xC9ED, 0xC9ED, 0xC9ED, 0xC1ED, 0xC1ED,
    0xC1ED, 0xC9ED, 0xC9ED, 0xC9EE, 0xC9ED, 0xC9ED, 0xC9ED, 0xC9EE, 0xD2B0, 0xD1EE, 0xD20E, 0xC9EE,
    0xC9EE, 0xD28F, 0xD20E, 0xD20E, 0xD20E, 0xCA0E, 0xC1ED, 0xCA8F, 0xC9ED, 0xC1ED, 0xC1ED, 0xC1ED,
    0xB9CD, 0xB9CD, 0xC1ED, 0xC9ED, 0xD1EE, 0xD20E, 0xDA0E, 0xDA0F, 0xDA0F, 0xDA0F, 0xE22F, 0xE22F,
    0xE22F, 0xEA30, 0xF250, 0xF250, 0xF250, 0xF250, 0xF250, 0xEA30, 0xEA30, 0xE2D1, 0xE2B0, 0xDA0E,
    0xDA0E, 0xDA0F, 0xE20F, 0xDA0E, 0xD20E, 0xC9ED, 0xC9ED, 0xC9ED, 0xC9EE, 0xD20E, 0xD20E, 0xDA0E,
    0xDA0E, 0xDA0F, 0xE22F, 0xE22F, 0xE20F, 0xE22F, 0xE22F, 0xF250, 0xFA50, 0xFA50, 0xFA51, 0xFA51,
    0xFA51, 0xFA50, 0xF250, 0xEA30, 0xEA2F, 0xEA2F, 0xEA2F, 0xEA30, 0xF230, 0xEA30, 0xEA30, 0xF230,
    0xEA30, 0xEA2F, 0xEA2F, 0xEA30, 0xF250, 0xF250, 0xF230, 0xF250, 0xF250, 0xEA30, 0xE22F, 0xE22F,
    0xE2B0, 0xE22F, 0xE22F, 0xE22F, 0xE22F, 0xE22F, 0xE22F, 0xE22F, 0xFA51, 0xFA50, 0xFA50, 0xF250,
    0xF250, 0xF250, 0xFA50, 0xFA50, 0xF250, 0xF250, 0xF250, 0xEA50, 0xEA30, 0xEA2F, 0xE22F, 0xE22F,
    0xE22F, 0xDA2F, 0xDA0E, 0xD20E, 0xD20E, 0xDA0F, 0xDA0F, 0xD20E, 0xDA0E, 0xDA0F, 0xDA0F, 0xDA2F,
    0xE22F, 0xE22F, 0xE2B0, 0xDA0F, 0xDA0F, 0xDA0E, 0xDA0E, 0xDA0E, 0xD20E, 0xD20E, 0xDA0E, 0xDA0E,
    0xD20E, 0xD20E, 0xCA0E, 0xC9ED, 0xC9ED, 0xCA0E, 0xD20E, 0xCA0E, 0xC9EE, 0xC9ED, 0xCA0E, 0xD20E,
    0xDAB0, 0xDA0E, 0xDAB0, 0xDA2F, 0xE22F, 0xEA2F, 0xE22F, 0xEA2F, 0xEA50, 0xF250, 0xF250, 0xF2F2,
    0xF250, 0xF250, 0xF250, 0xF250, 0xEA2F, 0xE22F, 0xE22F, 0xE22F, 0xEA2F, 0xEA2F, 0xE22F, 0xE22F,
    0xE22F, 0xDA0F, 0xDA0F, 0xDA0E, 0xDA0F, 0xDA0F, 0xDA0E, 0xDA0E, 0xDA0E, 0xDA0F, 0xDA0F, 0xE22F,
    0xE2D1, 0xE22F, 0xEA30, 0xF250, 0xFA50, 0xFA50, 0xFA51, 0xFA51, 0xFAF2, 0xFA51, 0xFA51, 0xF250,
    0xF250, 0xF250, 0xF250, 0xF250, 0xEA50, 0xF250, 0xF250, 0xEA50, 0xEA30, 0xEA2F, 0xEA30, 0xEA30,
    0xF250, 0xF250, 0xF250, 0xFA51, 0xF2F2, 0xF250, 0xEA2F, 0xEAD1, 0xE22F, 0xEA2F, 0xEA30, 0xF2F2,
    0xFA50, 0xFA51, 0xFA51, 0xFA50, 0xFA50, 0xFA50, 0xFA50, 0xFA51, 0xFA51, 0xFA50, 0xFA50, 0xF250,
    0xF250, 0xFA50, 0xFAF2, 0xFA50, 0xF250, 0xEA50, 0xEA2F, 0xE22F, 0xDAB0, 0xDA0E, 0xDA0E, 0xDA0E,
    0xDA0E, 0xE22F, 0xE22F, 0xE22F, 0xDA0F, 0xDA0E, 0xDA0F, 0xDA0F, 0xDA2F, 0xDA0F, 0xDA0F, 0xDA0E,
    0xDA0E, 0xD20E, 0xD20E, 0xDA0E, 0xDA0E, 0xD20E, 0xD20E, 0xD20E, 0xCA0E, 0xCA0E, 0xD20E, 0xCA0E,
    0xC9ED, 0xC9EE, 0xC9EE, 0xC9ED, 0xC1ED, 0xC9ED, 0xCA0E, 0xC9ED, 0xCA0E, 0xD20E, 0xDA0E, 0xDA0F,
    0xE22F, 0xE22F, 0xEA2F, 0xEA2F, 0xEA2F, 0xEA2F, 0xEA2F, 0xEA30, 0xEA30, 0xE22F, 0xE22F, 0xEA2F,
    0xE22F, 0xE22F, 0xE22F, 0xE22F, 0xDA0F, 0xDA0F, 0xDA0F, 0xDA0F, 0xDA0E, 0xD20E, 0xD20E, 0xDAB0,
    0xDAB0, 0xD20E, 0xD20E, 0xD20E, 0xDA0E, 0xDA0E, 0xDA0E, 0xDA0E, 0xDA0F, 0xDA2F, 0xE22F, 0xEA2F,
    0xEA30, 0xEA30, 0xEA30, 0xEA30, 0xEA30, 0xEA30, 0xEA30, 0xEA30, 0xF250, 0xF250, 0xEAD1, 0xE22F,
    0xE22F, 0xE22F, 0xEA30, 0xEA30, 0xEA30, 0xEA2F, 0xEA2F, 0xEA30, 0xEA30, 0xF250, 0xF250, 0xEA50,
    0xEA30, 0xEA30, 0xEA30, 0xE22F, 0xE22F, 0xE2D1, 0xE22F, 0xE22F, 0xEA30, 0xF250, 0xF250, 0xEA30,
    0xEA30, 0xEA30, 0xEA30, 0xEA2F, 0xEA2F, 0xEA2F, 0xEA2F, 0xE22F, 0xE22F, 0xEA2F, 0xEA2F, 0xEA30,
    0xEA2F, 0xE22F, 0xE22F, 0xDA0F, 0xD20E, 0xD2B0, 0xD1EE, 0xD20E, 0xD20E, 0xD20E, 0xDA0E, 0xDA0E,
    0xDA0E, 0xD20E, 0xD20E, 0xDAB0, 0xD1EE, 0xD1EE, 0xC9EE, 0xC9EE, 0xC9ED, 0xC9EE, 0xC9EE, 0xC9EE,
    0xC9ED, 0xC9ED, 0xC9ED, 0xC9ED, 0xC9ED, 0xC1ED, 0xC1CD, 0xB9CD, 0xC1CD, 0xC1CD, 0xB9CD, 0xB9CC,
    0xB9CC, 0xB9CD, 0xC1CD, 0xB9CD, 0xB9CD, 0xB9CD, 0xC1ED, 0xC9EE, 0xC9EE, 0xD20E, 0xDA0E, 0xDAB0,
    0xD20E, 0xD20E, 0xD20E, 0xD20E, 0xDAB0, 0xD20E, 0xD1EE, 0xD1EE, 0xD20E, 0xDA0E, 0xD1EE, 0xD28F,
    0xC1ED, 0xC1ED, 0xC1ED, 0xC9ED, 0xC9ED, 0xC9ED, 0xC9ED, 0xC9ED, 0xC9EE, 0xD1EE, 0xC9EE, 0xC9ED,
    0xC9ED, 0xC9ED, 0xC9ED, 0xC9ED, 0xC9EE, 0xD20E, 0xD20E, 0xD20E, 0xD20E, 0xD20E, 0xD20E, 0xD20E,
    0xD20E, 0xDA0E, 0xDA0F, 0xE20F, 0xE20F, 0xDA0F, 0xDAB0, 0xD20E, 0xC9EE, 0xD20E, 0xD20E, 0xD20E,
    0xD20E, 0xDA0E, 0xDA0E, 0xD20E, 0xDA0E, 0xDA0E, 0xD20E, 0xD20E, 0xD20E, 0xDAB0, 0xDA0E, 0xD20E,
    0xD20E, 0xDA0F, 0xDA0F, 0xDA0E, 0xDA0E, 0xDA0E, 0xDA0E, 0xDA0E, 0xE20F, 0xE20F, 0xE20F, 0xDA0F,
    0xDA0E, 0xD20E, 0xD1EE, 0xD1EE, 0xD20E, 0xDA0E, 0xDA0F, 0xE20F, 0xDA0F, 0xDAB0, 0xDA0F, 0xD20E,
    0xC9ED, 0xC9ED, 0xD1EE, 0xD1EE, 0xD1EE, 0xD1EE, 0xD1EE, 0xD20E, 0xD1EE, 0xC9EE, 0xC9ED, 0xC1CD,
    0xC1CD, 0xC1CD, 0xC26E, 0xB9CD, 0xC1CD, 0xB9CD, 0xB9CD, 0xC1CD, 0xB9CD, 0xC26E, 0xB9CD, 0xB9CD,
    0xB9CC, 0xB9CC, 0xB1CC, 0xB9CC, 0xB9CD, 0xB9CC, 0xB9CC, 0xB1CC, 0xB9CC, 0xB9CD, 0xB9CD, 0xB9CC,
    0xB9CC, 0xB9CC, 0xB9CD, 0xB9CD, 0xC1CD, 0xC1CD, 0xC1ED, 0xC9ED, 0xC9ED, 0xC1ED, 0xC1ED, 0xC1CD,
    0xC1CD, 0xC1CD, 0xC1CD, 0xC26E, 0xC1CD, 0xC1ED, 0xB9CD, 0xB9CC, 0xB9CD, 0xB9CC, 0xB9CC, 0xB9CC,
    0xC1CD, 0xC1CD, 0xC1ED, 0xC9ED, 0xC9ED, 0xC1ED, 0xC1CD, 0xB9CC, 0xB9CD, 0xB9CD, 0xB9CD, 0xC1CD,
    0xC1ED, 0xC1ED, 0xC1ED, 0xC1CD, 0xC1CD, 0xC1ED, 0xC1CD, 0xC1CD, 0xC1ED, 0xC9EE, 0xD1EE, 0xD1EE,
    0xD1EE, 0xC9EE, 0xD28F, 0xC9ED, 0xC1ED, 0xC1ED, 0xC1ED, 0xC1ED, 0xC1ED, 0xCA8F, 0xC9ED, 0xC9ED,
    0xC9ED, 0xC9EE, 0xD1EE, 0xD1EE, 0xC9EE, 0xC9ED, 0xC9ED, 0xD28F, 0xD1EE, 0xD1EE, 0xD1EE, 0xD1EE,
    0xD1EE, 0xD20E, 0xDA0E, 0xDA0E, 0xE20F, 0xE20F, 0xE20F, 0xDA0F, 0xDA0E, 0xD20E, 0xD1EE, 0xD1EE,
    0xD20E, 0xDAB0, 0xDA0E, 0xE20F, 0xE22F, 0xE20F, 0xDA0F, 0xDA0E, 0xDA0E, 0xD20E, 0xD20E, 0xDA0E,
    0xDA0F, 0xDA0F, 0xDA0F, 0xDAB0, 0xD20E, 0xD1EE, 0xC9ED, 0xCA8F, 0xC1CD, 0xB9CD, 0xB9CC, 0xB9CC,
    0xB9CC, 0xB1CC, 0xB9CC, 0xB9CD, 0xC1CD, 0xC1CD, 0xC1ED, 0xC1ED, 0xC1CD, 0xB9CD, 0xB9CC, 0xB9CC,
    0xC1CD, 0xC1CD, 0xB9CD, 0xC1CD, 0xCA8F, 0xC1CD, 0xC1CD, 0xB9CC, 0xB9CC, 0xB9CC, 0xB9CD, 0xB9CD,
    0xC1CD, 0xC1CD, 0xB9CD, 0xC1CD, 0xC1CD, 0xC1ED, 0xC1ED, 0xC1CD, 0xCA8F, 0xC1ED, 0xC1CD, 0xB9CC,
    0xB9CC, 0xB9CC, 0xB9CC, 0xB1CC, 0xB1AC, 0xB1AC, 0xB1CC, 0xB9CD, 0xC1ED, 0xC9ED, 0xC9EE, 0xD1EE,
    0xC9ED, 0xC1ED, 0xC1CD, 0xB9CD, 0xB9CD, 0xB9CD, 0xB9CD, 0xB9CD, 0xC1CD, 0xC1CD, 0xCA8F, 0xB9CD,
    0xB9CC, 0xB9CD, 0xB9CD, 0xC26E, 0xC1CD, 0xC1CD, 0xC1ED, 0xC9ED, 0xC9EE, 0xD1EE, 0xC9EE, 0xC9ED,
    0xC9ED, 0xC1ED, 0xC1ED, 0xC1ED, 0xC1ED, 0xB9CD, 0xB9CD, 0xC1ED, 0xC9EE, 0xDAB0, 0xDA0F, 0xDA0F,
    0xDA0E, 0xD20E, 0xD1EE, 0xD20E, 0xD20E, 0xD20E, 0xDA0E, 0xDA0F, 0xE20F, 0xE20F, 0xE20F, 0xE20F,
    0xEA30, 0xEA30, 0xF230, 0xEA30, 0xEAD1, 0xE22F, 0xE22F, 0xE22F, 0xE22F, 0xE22F, 0xEA2F, 0xEA2F,
    0xEAD1, 0xEA30, 0xEA30, 0xEA30, 0xF230, 0xEA30, 0xEA2F, 0xEA30, 0xEAD1, 0xEA30, 0xEA30, 0xEA2F,
    0xE22F, 0xDA0F, 0xDA0E, 0xDA0E, 0xD20E, 0xD1EE, 0xD1EE, 0xC9EE, 0xC9ED, 0xC9ED, 0xC1ED, 0xC1ED,
    0xC1ED, 0xC9ED, 0xC9EE, 0xD1EE, 0xC9EE, 0xC9ED, 0xCA8F, 0xC1ED, 0xC9ED, 0xC9ED, 0xC9ED, 0xC9ED,
    0xC9EE, 0xC9EE, 0xC9EE, 0xC9EE, 0xD28F, 0xC9ED, 0xC9ED, 0xC9EE, 0xC9EE, 0xC9ED, 0xC1ED, 0xC1ED,
    0xC1ED, 0xC1ED, 0xC1ED, 0xC1CD, 0xC1CD, 0xC1ED, 0xC1ED, 0xC1CD, 0xB9CD, 0xB9CD, 0xC1CD, 0xC1ED,
    0xC1ED, 0xC1ED, 0xC9ED, 0xC9EE, 0xD20E, 0xDA0E, 0xDA0E, 0xDA0E, 0xD20E, 0xD20E, 0xD20E, 0xD20E,
    0xD1EE, 0xC9EE, 0xCA8F, 0xC9ED, 0xC9ED, 0xC1ED, 0xC1ED, 0xC1ED, 0xC1ED, 0xC1ED, 0xC1ED, 0xCA8F,
    0xC9EE, 0xD1EE, 0xD20E, 0xD20E, 0xD20E, 0xD20E, 0xD20E, 0xD20E, 0xD20E, 0xD1EE, 0xC9EE, 0xC9EE,
    0xC9EE, 0xC9ED, 0xD1EE, 0xDA0E, 0xDA0F, 0xDA0F, 0xE20F, 0xE22F, 0xE22F, 0xE22F, 0xE22F, 0xE22F,
    0xE22F, 0xE22F, 0xEA2F, 0xEA30, 0xF230, 0xF250, 0xFA50, 0xFA50, 0xF230, 0xF250, 0xF250, 0xF250,
    0xF250, 0xEA30, 0xEA2F, 0xEA2F, 0xEA30, 0xEA30, 0xEA30, 0xF230, 0xEA30, 0xEAD1, 0xF250, 0xF250,
    0xF230, 0xF250, 0xF230, 0xF230, 0xF230, 0xEAD1, 0xE22F, 0xE22F, 0xE22F, 0xE22F, 0xEAD1, 0xE22F,
    0xDA0F, 0xDA0F, 0xE2B1, 0xE2B0, 0xDA0E, 0xDA0E, 0xDA0E, 0xD20E, 0xC9EE, 0xC9ED, 0xD20E, 0xDAB0,
    0xC9EE, 0xC9ED, 0xC9EE, 0xC9ED, 0xC9ED, 0xC9EE, 0xD20E, 0xD20E, 0xD20E, 0xD20E, 0xD20E, 0xDA0E,
    0xDA0F, 0xDA0F, 0xDA0F, 0xDA0E, 0xD20E, 0xD20E, 0xD20E, 0xD20E, 0xC9EE, 0xC9ED, 0xC1ED, 0xC28E,
    0xB9CC, 0xB9CD, 0xC1ED, 0xC9ED, 0xC9ED, 0xC9EE, 0xD20E, 0xD20E, 0xD20E, 0xD20E, 0xD20E, 0xDA0E,
    0xDA0F, 0xE22F, 0xE22F, 0xE22F, 0xE22F, 0xE22F, 0xE20F, 0xE2B0, 0xDA0E, 0xDAB0, 0xD20E, 0xD20E,
    0xC9EE, 0xC9ED, 0xC9EE, 0xD1EE, 0xD20E, 0xD20E, 0xD20E, 0xD20E, 0xDA0E, 0xDA0E, 0xDA0E, 0xDA0F,
    0xDA0E, 0xDA0E, 0xDA0E, 0xDA0E, 0xD20E, 0xD20E, 0xD20E, 0xDA0E, 0xDAB0, 0xDA0F, 0xE22F, 0xE22F,
    0xE22F, 0xE22F, 0xEA2F, 0xEA2F, 0xEA2F, 0xEA2F, 0xEA2F, 0xE22F, 0xEA2F, 0xEA30, 0xEA30, 0xEA30,
    0xF2D2, 0xF250, 0xFA50, 0xFA51, 0xEA30, 0xEA30, 0xEA30, 0xEA2F, 0xEA2F, 0xE22F, 0xEA2F, 0xEA30,
    0xEA2F, 0xE22F, 0xE22F, 0xE22F, 0xE20F, 0xE20F, 0xEA2F, 0xEA2F, 0xEA2F, 0xEA2F, 0xEA2F, 0xE22F,
    0xDA0F, 0xDA0F, 0xDA0E, 0xD20E, 0xDA0E, 0xDA0E, 0xDA0E, 0xDA0F, 0xDA0F, 0xDA0F, 0xDA0F, 0xDA0E,
    0xDA0E, 0xDA0E, 0xD20E, 0xD1EE, 0xC9ED, 0xC1ED, 0xC9ED, 0xC9ED, 0xC9ED, 0xC1ED, 0xC1ED, 0xC9ED,
    0xC9ED, 0xC9ED, 0xC9ED, 0xC9ED, 0xC9ED, 0xC9ED, 0xC9EE, 0xD20E, 0xD1EE, 0xD20E, 0xD20E, 0xD20E,
    0xC9EE, 0xC9ED, 0xC9ED, 0xC9ED, 0xC1ED, 0xC1ED, 0xC1CD, 0xC1ED, 0xC1CD, 0xB9CD, 0xC1CD, 0xC1ED,
    0xC1ED, 0xC1ED, 0xC1ED, 0xC1ED, 0xC9ED, 0xC9ED, 0xD1EE, 0xD2B0, 0xD20E, 0xDA0E, 0xDA0E, 0xDA0E,
    0xDA0E, 0xDA0E, 0xD20E, 0xD20E, 0xD20E, 0xD20E, 0xD20E, 0xD1EE, 0xD1EE, 0xC9EE, 0xD1EE, 0xD1EE,
    0xD20E, 0xD20E, 0xD20E, 0xDB51, 0xDA0E, 0xDA0E, 0xDA0E, 0xDA0E, 0xDA0E, 0xDA0E, 0xDA0E, 0xD20E,
    0xD1EE, 0xC9EE, 0xC9EE, 0xD1EE, 0xD20E, 0xDA0E, 0xDA0F, 0xDA0F, 0xDA0E, 0xDA0F, 0xDA0F, 0xE20F,
    0xE20F, 0xDA0F, 0xDA0F, 0xDA0E, 0xDA0E, 0xDA0F, 0xE20F, 0xE22F, 0xEA2F, 0xEA30, 0xEA30, 0xEA30,
    0xDA0F, 0xDA0E, 0xDA0F, 0xE20F, 0xE20F, 0xE22F, 0xE22F, 0xE22F, 0xE22F, 0xE2B0, 0xDA0F, 0xDA0F,
    0xDA0E, 0xDA0E, 0xDA0E, 0xDA0E, 0xDA0E, 0xDA0F, 0xDA0F, 0xDA0E, 0xDA0E, 0xD20E, 0xC9EE, 0xC9ED,
    0xC9ED, 0xD1EE, 0xD1EE, 0xDAB0, 0xD20E, 0xD20E, 0xD20E, 0xD1EE, 0xC9EE, 0xC9EE, 0xC9ED, 0xC1ED,
    0xC1ED, 0xC1ED, 0xC1ED, 0xC1ED, 0xC9ED, 0xC9ED, 0xC9ED, 0xC9ED, 0xC9EE, 0xC9ED, 0xCA8F, 0xC1ED,
    0xC1ED, 0xC1ED, 0xC9ED, 0xD28F, 0xC9EE, 0xC9ED, 0xC9ED, 0xC1ED, 0xC1ED, 0xC9ED, 0xC9ED, 0xC9ED,
    0xC9ED, 0xC1ED, 0xC1ED, 0xC1ED, 0xC1ED, 0xC1CD, 0xC1ED, 0xC9ED, 0xC9ED, 0xC1ED, 0xC1CD, 0xC1CD,
    0xC1CD, 0xC1CD, 0xC1CD, 0xB9CD, 0xB9CD, 0xC1ED, 0xC1ED, 0xC1ED, 0xC1ED, 0xC9ED, 0xC9ED, 0xC9ED,
    0xC9ED, 0xD1EE, 0xD1EE, 0xD20E, 0xDA0E, 0xDA0E, 0xDA0E, 0xDAB0, 0xDA0E, 0xDA0E, 0xD20E, 0xD1EE,
    0xD20E, 0xDA0E, 0xDA0E, 0xD20E, 0xD1EE, 0xD1EE, 0xD1EE, 0xD1EE, 0xC9ED, 0xC9ED, 0xC9ED, 0xD1EE,
    0xD1EE, 0xD1EE, 0xD1EE, 0xD2B0, 0xD1EE, 0xD20E, 0xDA0E, 0xDA0E, 0xD20E, 0xD20E, 0xD1EE, 0xD1EE,
    0xD1EE, 0xD1EE, 0xD20E, 0xDA0F, 0xE20F, 0xE20F, 0xE22F, 0xE22F, 0xE22F, 0xE22F, 0xEA2F, 0xEA2F,
    0xE22F, 0xEA2F, 0xEA2F, 0xEA2F, 0xEA2F, 0xEA2F, 0xE22F, 0xDA0F, 0xDA0F, 0xDA0F, 0xDA0E, 0xDA0E,
    0xDA0E, 0xDA0E, 0xDA0F, 0xDA0E, 0xDA0E, 0xDA0E, 0xD20E, 0xD20E, 0xDAB0, 0xDA0E, 0xD20E, 0xD20E,
    0xD20E, 0xD20E, 0xD20E, 0xD20E, 0xD20E, 0xD20E, 0xD1EE, 0xC9EE, 0xC9EE, 0xD20E, 0xD20E, 0xD20E,
    0xD20E, 0xD1EE, 0xD1EE, 0xDAB0, 0xD20E, 0xD20E, 0xC9EE, 0xC9EE, 0xC9EE, 0xC9ED, 0xC9EE, 0xD20E,
    0xD20E, 0xD1EE, 0xD1EE, 0xC9EE, 0xD1EE, 0xD1EE, 0xC9EE, 0xC9EE, 0xD1EE, 0xD1EE, 0xD1EE, 0xD1EE,
    0xD1EE, 0xD1EE, 0xC9EE, 0xC9ED, 0xC9ED, 0xC1ED, 0xC9ED, 0xC9ED, 0xCA8F, 0xC1ED, 0xC1CD, 0xB9CD,
    0xB9CD, 0xB9CD, 0xC1ED, 0xC1ED, 0xD28F, 0xC9EE, 0xD20E, 0xD20E, 0xD20E, 0xD20E, 0xDAB0, 0xE2B0,
    0xE22F, 0xEA2F, 0xEA2F, 0xEA30, 0xEA2F, 0xE22F, 0xE2B1, 0xE22F, 0xE22F, 0xE22F, 0xE22F, 0xE22F,
    0xDA0F, 0xDA0F, 0xDA0F, 0xDA0E, 0xD20E, 0xD1EE, 0xD1EE, 0xD20E, 0xDA0E, 0xDA0E, 0xDA0E, 0xD20E,
    0xDA0E, 0xDA0E, 0xDA0F, 0xDA0F, 0xDA0E, 0xDA0E, 0xDA0E, 0xDA0E, 0xDA0E, 0xDA0E, 0xDA0E, 0xDA0F,
    0xE22F, 0xEA30, 0xEA30, 0xEA30, 0xFA51, 0xFA51, 0xFA51, 0xFA51, 0xFA51, 0xFA50, 0xFA50, 0xF250,
    0xF250, 0xF250, 0xF250, 0xF250, 0xF250, 0xFA50, 0xF250, 0xEA30, 0xEA2F, 0xEA2F, 0xEA30, 0xEA30,
    0xEA50, 0xF250, 0xF2D1, 0xEA30, 0xE22F, 0xE22F, 0xDA2F, 0xDA0F, 0xE22F, 0xE22F, 0xE22F, 0xE22F,
    0xE22F, 0xE22F, 0xE22F, 0xDA2F, 0xDA0F, 0xDA0E, 0xDA0E, 0xE22F, 0xE22F, 0xE22F, 0xE22F, 0xDA0F,
    0xDA0F, 0xDA0F, 0xDA0E, 0xDA0E, 0xDAB0, 0xDA0F, 0xDA0F, 0xDA0F, 0xDA0F, 0xDA0F, 0xDA2F, 0xE22F,
    0xE22F, 0xE22F, 0xE22F, 0xE22F, 0xE22F, 0xE22F, 0xE22F, 0xE22F, 0xE22F, 0xE22F, 0xDA2F, 0xDA0E,
    0xDA0E, 0xD20E, 0xDA0E, 0xDAB0, 0xD20E, 0xD20E, 0xC9EE, 0xD20E, 0xD20E, 0xD20E, 0xD20E, 0xDA0E,
    0xDA0F, 0xDAB0, 0xE22F, 0xEA30, 0xEA50, 0xF250, 0xF250, 0xF250, 0xF250, 0xFA51, 0xFA51, 0xFAF2,
    0xFA71, 0xFA51, 0xFA51, 0xFA51, 0xFA50, 0xF250, 0xF250, 0xF250, 0xF250, 0xF250, 0xEA2F, 0xE22F,
    0xE22F, 0xE22F, 0xE22F, 0xDA0F, 0xDA0F, 0xDA0F, 0xDA0F, 0xE2B0, 0xE22F, 0xE22F, 0xE22F, 0xE22F,
    0xE22F, 0xEA2F, 0xEA30, 0xEA30, 0xEA30, 0xEA30, 0xEA30, 0xF250, 0xF250, 0xF250, 0xFA50, 0xFA50,
    0xFA71, 0xFA71, 0xFA71, 0xFA71, 0xFA71, 0xFA71, 0xFAF2, 0xFA71, 0xFA71, 0xFA71, 0xFA71, 0xFA71,
    0xFA71, 0xFA71, 0xFA51, 0xFA51, 0xFA50, 0xF250, 0xEA50, 0xF250, 0xF250, 0xFA51, 0xFA50, 0xF250,
    0xF250, 0xEA50, 0xEA30, 0xE22F, 0xE22F, 0xE22F, 0xEA30, 0xEA50, 0xF250, 0xF250, 0xF2D1, 0xEA30,
    0xE22F, 0xDA2F, 0xDA0E, 0xDA2F, 0xE22F, 0xE22F, 0xE22F, 0xEAD1, 0xE22F, 0xE22F, 0xE22F, 0xE22F,
    0xE22F, 0xE22F, 0xE22F, 0xE22F, 0xE22F, 0xEA2F, 0xEA30, 0xF250, 0xF250, 0xF250, 0xF250, 0xF250,
    0xF250, 0xF250, 0xEA30, 0xE22F, 0xE22F, 0xEA30, 0xEA30, 0xEA2F, 0xEA30, 0xEA30, 0xE22F, 0xDA2F,
    0xDA2F, 0xDA0E, 0xDA0E, 0xDA0E, 0xDA0E, 0xDAB0, 0xDA2F, 0xE22F, 0xEA2F, 0xEA50, 0xF250, 0xF250,
    0xFA50, 0xFA71, 0xFA71, 0xFA71, 0xFA71, 0xFA71, 0xFA71, 0xFA72, 0xFA72, 0xFA72, 0xFA72, 0xFA71,
    0xFA71, 0xFA71, 0xFA71, 0xFA71, 0xFAF2, 0xF250, 0xF250, 0xF250, 0xEA50, 0xEA2F, 0xE22F, 0xDA2F,
    0xDA0F, 0xDA0F, 0xDA2F, 0xDA2F, 0xDA2F, 0xDA2F, 0xDA2F, 0xDA2F, 0xE22F, 0xEA2F, 0xEA50, 0xF250,
    0xF2F2, 0xF250, 0xF250, 0xF250, 0xF250, 0xF250, 0xF250, 0xF250, 0xF250, 0xF250, 0xFA51, 0xFA50,
    0xF250, 0xF250, 0xF250, 0xF250, 0xF250, 0xF250, 0xF250, 0xF250, 0xF250, 0xFA50, 0xF250, 0xF250,
    0xF250, 0xF250, 0xEA30, 0xEA30, 0xEA30, 0xF250, 0xEA50, 0xEA30, 0xEA2F, 0xEA2F, 0xE22F, 0xDA0F,
    0xE22F, 0xE22F, 0xDA2F, 0xE22F, 0xEA2F, 0xE22F, 0xE22F, 0xE22F, 0xDA2F, 0xDA0E, 0xD20E, 0xD20E,
    0xD20E, 0xDA0E, 0xDA0F, 0xDA0F, 0xDA0F, 0xDA0E, 0xDA0E, 0xDA0E, 0xDA0E, 0xDA0E, 0xDA0F, 0xE22F,
    0xE22F, 0xE22F, 0xE22F, 0xE22F, 0xE22F, 0xEA2F, 0xEA50, 0xEA30, 0xEA2F, 0xEA2F, 0xE22F, 0xE22F,
    0xE22F, 0xE22F, 0xE22F, 0xE2D1, 0xE22F, 0xE22F, 0xE22F, 0xDA2F, 0xDA2F, 0xDA2F, 0xDA0F, 0xDA0F,
    0xDA0E, 0xDA0E, 0xDA0E, 0xDA0E, 0xE22F, 0xE22F, 0xEA50, 0xF250, 0xF250, 0xF250, 0xF250, 0xFA51,
    0xFA51, 0xFA71, 0xFA71, 0xFA71, 0xFA72, 0xFA72, 0xFA72, 0xFA71, 0xFA71, 0xFA71, 0xF250, 0xEA30,
    0xEA2F, 0xE22F, 0xE22F, 0xE22F, 0xDA0E, 0xD20E, 0xD20E, 0xDAB0, 0xDA0E, 0xDA2F, 0xDA2F, 0xDA0E,
    0xDA0E, 0xDA0E, 0xDA0E, 0xDA0E, 0xDAB0, 0xE22F, 0xE22F, 0xEA30, 0xEA50, 0xEA30, 0xEA30, 0xEA30,
    0xEA2F, 0xE22F, 0xEAD1, 0xE22F, 0xE22F, 0xEA2F, 0xEA2F, 0xEA2F, 0xE22F, 0xE22F, 0xE22F, 0xE22F,
    0xDA0F, 0xDA0F, 0xDA0F, 0xE20F, 0xE20F, 0xE22F, 0xE20F, 0xE22F, 0xE22F, 0xE22F, 0xEA2F, 0xE22F,
    0xE22F, 0xE22F, 0xE22F, 0xE22F, 0xDA0F, 0xDA0E, 0xDA0E, 0xDA0E, 0xDA0E, 0xDA0E, 0xDA0E, 0xDA0F,
    0xDA0F, 0xE2B0, 0xDAB0, 0xC9EE, 0xC9ED, 0xC1ED, 0xC1ED, 0xC9ED, 0xC9EE, 0xC9EE, 0xC9EE, 0xC9ED,
    0xC9ED, 0xC9EE, 0xC9EE, 0xD20E, 0xDA0E, 0xD20E, 0xD20E, 0xD20E, 0xD20E, 0xD20E, 0xD20E, 0xDA0E,
    0xD20E, 0xDA0E, 0xE22F, 0xDA0F, 0xDA0F, 0xE20F, 0xE22F, 0xE20F, 0xE20F, 0xE22F, 0xDA0F, 0xDA0F,
    0xDA0F, 0xDA0F, 0xDA0F, 0xDA0F, 0xDA0E, 0xDA0E, 0xDA0E, 0xD20E, 0xD20E, 0xD20E, 0xD20E, 0xD20E,
    0xDA0E, 0xDA0F, 0xDA0F, 0xE2B1, 0xE22F, 0xEA2F, 0xEA2F, 0xEA30, 0xF230, 0xFA50, 0xFA51, 0xFA51,
    0xFA51, 0xFA51, 0xFA51, 0xFA50, 0xF250, 0xEA30, 0xE22F, 0xDA0E, 0xDA0E, 0xDAB0, 0xDA0E, 0xD20E,
    0xD20E, 0xC9ED, 0xC9ED, 0xD20E, 0xD20E, 0xD20E, 0xDA0E, 0xDA0E, 0xD20E, 0xD20E, 0xC9EE, 0xC9EE,
    0xD20E, 0xDA0E, 0xDA0E, 0xDA0F, 0xDA0F, 0xDA0F, 0xDA0F, 0xDA0F, 0xDA0E, 0xD20E, 0xD20E, 0xD20E,
    0xE22F, 0xE22F, 0xE2B1, 0xE20F, 0xDA0F, 0xDA0F, 0xDA0F, 0xDA0F, 0xE20F, 0xE20F, 0xE20F, 0xDA0F,
    0xDA0F, 0xDA0F, 0xDA0F, 0xDA0E, 0xDA0E, 0xDA0E, 0xDA0E, 0xDA0F, 0xDAB0, 0xDA0F, 0xDA0E, 0xDA0E,
    0xDA0E, 0xD20E, 0xD20E, 0xD20E, 0xD2B0, 0xD20E, 0xDA0E, 0xDA0E, 0xDA0E, 0xD20E, 0xD20E, 0xC9ED,
    0xC9ED, 0xC9EE, 0xC9ED, 0xC9ED, 0xC9ED, 0xC9ED, 0xC9ED, 0xC9ED, 0xC9ED, 0xC9ED, 0xC9ED, 0xC9ED,
    0xC9ED, 0xD1EE, 0xD20E, 0xD20E, 0xD20E, 0xD20E, 0xD20E, 0xDA0E, 0xDA0E, 0xDA0F, 0xDA0F, 0xDA0F,
    0xDA0F, 0xE22F, 0xE22F, 0xE22F, 0xE22F, 0xDA0E, 0xDA0E, 0xD20E, 0xD20E, 0xD20E, 0xD20E, 0xD1EE,
    0xD1EE, 0xD1EE, 0xD1EE, 0xC9EE, 0xC9ED, 0xC9ED, 0xC9ED, 0xC9EE, 0xD20E, 0xDA0E, 0xDA0E, 0xDA0F,
    0xE22F, 0xE22F, 0xEAD1, 0xEA2F, 0xF230, 0xF250, 0xF250, 0xF250, 0xF250, 0xF230, 0xF230, 0xF230,
    0xEA30, 0xE22F, 0xDA0F, 0xDA0E, 0xDAB0, 0xD20E, 0xD1EE, 0xC9EE, 0xC9ED, 0xC9ED, 0xC9ED, 0xD1EE,
    0xD20E, 0xD20E, 0xD20E, 0xD20E, 0xDA0E, 0xD20E, 0xD20E, 0xC9EE, 0xD20E, 0xD20E, 0xD20E, 0xDA0F,
    0xE20F, 0xDA0F, 0xDA0F, 0xDA0F, 0xDA0E, 0xDAB0, 0xD20E, 0xD20E, 0xEA30, 0xEA30, 0xEA2F, 0xEA30,
    0xEA2F, 0xEA30, 0xEA30, 0xEA30, 0xEA30, 0xEA30, 0xEA2F, 0xEA2F, 0xEA2F, 0xE22F, 0xE22F, 0xDA0F,
    0xDA0E, 0xDA0E, 0xDA0E, 0xDA0E, 0xDA0E, 0xDA0F, 0xDA0F, 0xDA0E, 0xDA0E, 0xDA0F, 0xDA0E, 0xDA0F,
    0xE2B0, 0xDA0F, 0xDA0E, 0xD20E, 0xD20E, 0xD20E, 0xD20E, 0xD20E, 0xD20E, 0xD20E, 0xD20E, 0xD20E,
    0xD20E, 0xD20E, 0xD20E, 0xD20E, 0xD20E, 0xD20E, 0xC9EE, 0xC9EE, 0xC9EE, 0xD20E, 0xDA0E, 0xDA0F,
    0xDA0F, 0xDA0F, 0xDA0F, 0xDA0F, 0xE22F, 0xE22F, 0xE22F, 0xE22F, 0xEA2F, 0xEAD1, 0xEA30, 0xEA30,
    0xE22F, 0xE22F, 0xDA2F, 0xDA0E, 0xDA0E, 0xD20E, 0xD20E, 0xD20E, 0xD20E, 0xD20E, 0xD20E, 0xD1EE,
    0xC9EE, 0xC9EE, 0xD20E, 0xD20E, 0xDA0E, 0xDA0F, 0xDA0F, 0xE22F, 0xE22F, 0xEA30, 0xF230, 0xF250,
    0xF250, 0xF250, 0xFA50, 0xFA50, 0xFA51, 0xFA50, 0xF250, 0xEA30, 0xEA2F, 0xEA2F, 0xE22F, 0xDA2F,
    0xDA0E, 0xDA0E, 0xD20E, 0xD20E, 0xC9ED, 0xC9ED, 0xC9EE, 0xD20E, 0xD20E, 0xDA0F, 0xDA0F, 0xE22F,
    0xDA0F, 0xDA0F, 0xDA0F, 0xDA0F, 0xDA0F, 0xE22F, 0xE22F, 0xE22F, 0xE2D1, 0xE22F, 0xE22F, 0xE22F,
    0xEA2F, 0xEA30, 0xEA30, 0xEA30, 0xEA30, 0xEA30, 0xEA30, 0xEA30, 0xEA2F, 0xEA30, 0xF2D1, 0xF250,
    0xF250, 0xF250, 0xF250, 0xF230, 0xEA30, 0xEA2F, 0xE22F, 0xDA0F, 0xDA0F, 0xDA0F, 0xDA0F, 0xDA0F,
    0xDA0F, 0xE22F, 0xDA2F, 0xDA0F, 0xDA0F, 0xDA0F, 0xDAB0, 0xDA0E, 0xDA0F, 0xDA0E, 0xDA0E, 0xD20E,
    0xD20E, 0xDA0E, 0xDA0F, 0xDAB0, 0xD20E, 0xDA0F, 0xDA0F, 0xDA0F, 0xDA0F, 0xDA2F, 0xDA0F, 0xDA0E,
    0xDA0E, 0xDA0E, 0xD20E, 0xD20E, 0xDA0E, 0xDA0E, 0xDA0E, 0xDA0F, 0xE22F, 0xE22F, 0xE22F, 0xE22F,
    0xE22F, 0xE22F, 0xE22F, 0xE22F, 0xE22F, 0xEA30, 0xEA30, 0xEA2F, 0xE22F, 0xE22F, 0xE22F, 0xE2B1,
    0xDA0E, 0xD20E, 0xD20E, 0xD20E, 0xD20E, 0xD20E, 0xD20E, 0xC9EE, 0xC9EE, 0xC9ED, 0xC9EE, 0xD20E,
    0xD20E, 0xD20E, 0xDA0F, 0xE22F, 0xEAD1, 0xE22F, 0xEA2F, 0xEA30, 0xF250, 0xFA51, 0xFA51, 0xFA51,
    0xFA51, 0xFA50, 0xF250, 0xEA30, 0xEA2F, 0xE22F, 0xE22F, 0xE22F, 0xDA0F, 0xDA0E, 0xD20E, 0xD20E,
    0xC9ED, 0xD1EE, 0xD20E, 0xDA0E, 0xDA0F, 0xE22F, 0xE22F, 0xE22F, 0xE22F, 0xE2B1, 0xE22F, 0xE22F,
    0xE22F, 0xE22F, 0xEA2F, 0xEA2F, 0xEA30, 0xEA30, 0xF230, 0xF250, 0xF250, 0xF250, 0xF250, 0xF250,
    0xDA0F, 0xDA0F, 0xDA0F, 0xDA0F, 0xDA0F, 0xE20F, 0xE22F, 0xEAD1, 0xEA2F, 0xEA2F, 0xEA2F, 0xEA2F,
    0xEA2F, 0xE22F, 0xE22F, 0xDA0F, 0xDA0E, 0xD20E, 0xD20E, 0xDA0E, 0xDA0E, 0xDA0E, 0xDA0F, 0xE20F,
    0xDA0F, 0xDA0E, 0xDA0E, 0xDA0E, 0xDA0E, 0xD20E, 0xC9EE, 0xC9ED, 0xC9ED, 0xC1ED, 0xC9ED, 0xD1EE,
    0xD20E, 0xD2B0, 0xDA0E, 0xDA0E, 0xDA0E, 0xD20E, 0xD20E, 0xD20E, 0xD20E, 0xD20E, 0xD1EE, 0xD28F,
    0xC9EE, 0xD20E, 0xDAB0, 0xDA0E, 0xDA0F, 0xDA0F, 0xDA0F, 0xDA0F, 0xDA0E, 0xDA0E, 0xDA0E, 0xDA0F,
    0xE2B0, 0xDA0F, 0xDA0F, 0xDA0F, 0xDA0F, 0xDA0F, 0xDA0F, 0xDA0F, 0xD20E, 0xC9EE, 0xD1EE, 0xD1EE,
    0xD1EE, 0xD1EE, 0xC9EE, 0xC9ED, 0xC9ED, 0xC1ED, 0xC1ED, 0xC1ED, 0xC9ED, 0xC9EE, 0xC9EE, 0xD2B0,
    0xD20E, 0xD20E, 0xDA0F, 0xE22F, 0xEA2F, 0xEA30, 0xEA30, 0xF230, 0xF230, 0xF230, 0xEA30, 0xEA2F,
    0xE22F, 0xDA0F, 0xDA0F, 0xDA0F, 0xD20E, 0xD1EE, 0xD1EE, 0xC9EE, 0xC9ED, 0xC9ED, 0xC9EE, 0xD20E,
    0xD20E, 0xD20E, 0xDA0E, 0xDA0E, 0xDA0E, 0xDA0E, 0xDA0E, 0xDA0E, 0xDA0E, 0xDA0F, 0xE20F, 0xE20F,
    0xE20F, 0xE20F, 0xE20F, 0xE22F, 0xE22F, 0xEA2F, 0xEA30, 0xF230, 0xD1EE, 0xD290, 0xD1EE, 0xD1EE,
    0xD1EE, 0xDAB0, 0xD20E, 0xD20E, 0xDA0E, 0xDA0F, 0xDA0E, 0xDA0E, 0xDA0E, 0xDA0E, 0xD1EE, 0xD1EE,
    0xD1EE, 0xD1EE, 0xD1EE, 0xC9ED, 0xC9ED, 0xC9ED, 0xC9EE, 0xD1EE, 0xD1EE, 0xD1EE, 0xC9EE, 0xC9ED,
    0xC9ED, 0xC9ED, 0xC1ED, 0xC1CD, 0xCA8F, 0xB9CD, 0xB9CD, 0xC1CD, 0xC1ED, 0xC1ED, 0xC9ED, 0xC9EE,
    0xC9ED, 0xC1ED, 0xC1ED, 0xC1ED, 0xC9ED, 0xC1ED, 0xC1CD, 0xC1CD, 0xC1CD, 0xC9ED, 0xC9ED, 0xC9ED,
    0xC9EE, 0xD1EE, 0xD1EE, 0xD1EE, 0xC9EE, 0xC9ED, 0xC9ED, 0xC9ED, 0xC9ED, 0xD1EE, 0xD1EE, 0xD1EE,
    0xC9ED, 0xC9ED, 0xC9EE, 0xD1EE, 0xC9ED, 0xC9ED, 0xC9ED, 0xC1ED, 0xC1CD, 0xC1ED, 0xC9ED, 0xC1CD,
    0xB9CD, 0xB9CC, 0xB1CC, 0xB1AC, 0xB9CC, 0xB9CD, 0xC26E, 0xB9CD, 0xB9CD, 0xC1CD, 0xC9ED, 0xC9EE,
    0xD1EE, 0xD1EE, 0xD20E, 0xDA0E, 0xE20F, 0xDA0F, 0xDA0E, 0xDA0E, 0xD1EE, 0xD1EE, 0xD1EE, 0xD1EE,
    0xC9ED, 0xCA8F, 0xC1ED, 0xC1ED, 0xC1CD, 0xC1CD, 0xC1CD, 0xC1CD, 0xC1ED, 0xC9ED, 0xC9ED, 0xC9ED,
    0xC9EE, 0xD1EE, 0xC9EE, 0xC9EE, 0xD1EE, 0xD1EE, 0xD1EE, 0xD1EE, 0xD1EE, 0xD1EE, 0xD20E, 0xDA0E,
    0xDA0F, 0xDA0F, 0xDA0F, 0xDA0E, 0xD1EE, 0xD1EE, 0xD1EE, 0xD1EE, 0xD1EE, 0xD1EE, 0xD1EE, 0xC9ED,
    0xC9ED, 0xD1EE, 0xD1EE, 0xD1EE, 0xD1EE, 0xD1EE, 0xC9EE, 0xC9ED, 0xC9ED, 0xC1CD, 0xC1CD, 0xC1ED,
    0xC1ED, 0xC9ED, 0xC9ED, 0xC9EE, 0xC9ED, 0xCA8F, 0xC9ED, 0xC9ED, 0xC1ED, 0xC1ED, 0xC9ED, 0xC9ED,
    0xC1ED, 0xC1CD, 0xC1ED, 0xC1CD, 0xC1CD, 0xC1ED, 0xC9ED, 0xC9ED, 0xC9ED, 0xC1ED, 0xC1ED, 0xC1ED,
    0xC1CD, 0xC1CD, 0xB9CD, 0xC1CD, 0xC1CD, 0xC1ED, 0xC9ED, 0xC9ED, 0xC9ED, 0xC9ED, 0xD1EE, 0xC9EE,
    0xC9ED, 0xC1CD, 0xC1CD, 0xC1CD, 0xC1CD, 0xCA8F, 0xC1ED, 0xC9ED, 0xC9ED, 0xC9ED, 0xC9ED, 0xD28F,
    0xC9ED, 0xC1CD, 0xC1CD, 0xC1CD, 0xC1CD, 0xC1CD, 0xC1CD, 0xC1CD, 0xC1CD, 0xB9CD, 0xB9CC, 0xB9CC,
    0xB1CC, 0xB9CC, 0xB9CC, 0xB9CD, 0xC1CD, 0xC1CD, 0xC1CD, 0xC1ED, 0xC9ED, 0xC9ED, 0xC9ED, 0xC9ED,
    0xC9EE, 0xD1EE, 0xD1EE, 0xD1EE, 0xC9EE, 0xC9EE, 0xD28F, 0xCA8F, 0xC1CD, 0xC1ED, 0xC9ED, 0xC9ED,
    0xC1ED, 0xC1ED, 0xC1CD, 0xC1CD, 0xC1CD, 0xC1CD, 0xC1CD, 0xC1CD, 0xC1CD, 0xC1CD, 0xC9ED, 0xC9ED,
    0xC9EE, 0xD1EE, 0xD1EE, 0xC9EE, 0xC9EE, 0xD1EE, 0xD1EE, 0xD1EE, 0xD1EE, 0xD1EE, 0xD1EE, 0xD1EE,
    0xE22F, 0xE22F, 0xE22F, 0xE22F, 0xE20F, 0xDA0F, 0xDA0E, 0xD1EE, 0xD1EE, 0xDA0E, 0xDA0E, 0xDA0E,
    0xDA0E, 0xD20E, 0xD20E, 0xD1EE, 0xC9EE, 0xC9ED, 0xC9ED, 0xC9ED, 0xC9ED, 0xD1EE, 0xD20E, 0xD20E,
    0xD20E, 0xD20E, 0xD20E, 0xDA0E, 0xD20E, 0xD20E, 0xDA0E, 0xDA0E, 0xDAB0, 0xD20E, 0xD1EE, 0xD1EE,
    0xD20E, 0xD20E, 0xD20E, 0xD20E, 0xD1EE, 0xD1EE, 0xD1EE, 0xC9EE, 0xC9ED, 0xC9EE, 0xD1EE, 0xC9EE,
    0xC9ED, 0xD20E, 0xD20E, 0xDA0E, 0xDA0F, 0xE20F, 0xDA0F, 0xD20E, 0xD1EE, 0xC9EE, 0xC9EE, 0xC9ED,
    0xC9ED, 0xC9ED, 0xC9EE, 0xC9ED, 0xC9ED, 0xD1EE, 0xD1EE, 0xD1EE, 0xD1EE, 0xD1EE, 0xD20E, 0xD1EE,
    0xC9ED, 0xC9ED, 0xC9ED, 0xC9ED, 0xC1ED, 0xC1ED, 0xC1ED, 0xC1ED, 0xC9ED, 0xC9EE, 0xD1EE, 0xD1EE,
    0xD1EE, 0xC9EE, 0xD1EE, 0xD1EE, 0xC9EE, 0xD1EE, 0xD1EE, 0xD1EE, 0xD2B0, 0xDA0E, 0xDA0E, 0xDA0E,
    0xDA0E, 0xDA0E, 0xD20E, 0xC9EE, 0xC9EE, 0xD20E, 0xDA0E, 0xDA0E, 0xDA0F, 0xDA0F, 0xDA0E, 0xD20E,
    0xD1EE, 0xD1EE, 0xC9EE, 0xD28F, 0xC9EE, 0xD20E, 0xD20E, 0xD20E, 0xD20E, 0xDA0E, 0xDA0F, 0xDA0F,
    0xDA0E, 0xDA0F, 0xDA0E, 0xD20E, 0xDAB0, 0xD20E, 0xDA0E, 0xDA0E, 0xEAD1, 0xEA2F, 0xEA2F, 0xEA2F,
    0xEA2F, 0xEA2F, 0xE22F, 0xE22F, 0xE20F, 0xDAB0, 0xDA0F, 0xDA0E, 0xDA0E, 0xDA0E, 0xDA0F, 0xDA0F,
    0xDA0E, 0xDA0E, 0xDA0F, 0xDA0F, 0xE22F, 0xE22F, 0xE22F, 0xE2B0, 0xDA0F, 0xDA0F, 0xDA0F, 0xDA0F,
    0xDA0E, 0xDA0E, 0xDA0F, 0xDA0F, 0xE2B0, 0xDA0F, 0xDA0F, 0xDA0F, 0xDA0E, 0xDA0E, 0xDA0E, 0xDA0F,
    0xDA0F, 0xDA0F, 0xDA0E, 0xE2B0, 0xE22F, 0xE22F, 0xE22F, 0xE22F, 0xEA2F, 0xEAD1, 0xEA30, 0xF230,
    0xF230, 0xEA30, 0xEA2F, 0xE22F, 0xE22F, 0xE22F, 0xDA0F, 0xDA0F, 0xDA0E, 0xDA0E, 0xDA0E, 0xD20E,
    0xD20E, 0xDA0E, 0xDA0E, 0xDA0E, 0xDA0F, 0xDA2F, 0xDA0F, 0xDA0E, 0xDA0E, 0xDA0E, 0xDAB0, 0xDA0E,
    0xDA0E, 0xDA0F, 0xDA0F, 0xDA0E, 0xDA0F, 0xDA0F, 0xDAB0, 0xDA0E, 0xDA0E, 0xDA0E, 0xDA0E, 0xDA0F,
    0xDA0F, 0xDA0F, 0xDA0F, 0xE22F, 0xE22F, 0xE22F, 0xE22F, 0xE22F, 0xE22F, 0xE22F, 0xDA0F, 0xDA0E,
    0xDA0F, 0xE22F, 0xE22F, 0xEA2F, 0xEA30, 0xF230, 0xEA30, 0xE22F, 0xDA0F, 0xDA0E, 0xDA0E, 0xDA0F,
    0xE22F, 0xE22F, 0xE2D1, 0xE22F, 0xE22F, 0xE22F, 0xE22F, 0xE22F, 0xE22F, 0xDA0F, 0xDA0E, 0xDA0E,
    0xDA0E, 0xD20E, 0xDA0E, 0xDA0E, 0xDA0F, 0xDA0F, 0xDA0E, 0xDA0F, 0xDA2F, 0xE2B0, 0xE22F, 0xE22F,
    0xE22F, 0xE20F, 0xDA0E, 0xD20E, 0xD20E, 0xD20E, 0xD20E, 0xDA0E, 0xE22F, 0xE22F, 0xE22F, 0xDA0F,
    0xDA2F, 0xE22F, 0xE22F, 0xE22F, 0xE22F, 0xDA0E, 0xDA0E, 0xDA0E, 0xDA0E, 0xDA0E, 0xDA0F, 0xDA0F,
    0xDA0F, 0xDA0E, 0xD20E, 0xDA0E, 0xDA0E, 0xDA0E, 0xDA0E, 0xDA0F, 0xE22F, 0xE22F, 0xE22F, 0xEA2F,
    0xEA2F, 0xEA30, 0xEA30, 0xF250, 0xF250, 0xF250, 0xF250, 0xF250, 0xEA30, 0xEA30, 0xEA2F, 0xE22F,
    0xE22F, 0xE22F, 0xDA0F, 0xDA0F, 0xDA0F, 0xDA0E, 0xDA0E, 0xD20E, 0xD20E, 0xDA0E, 0xDA0E, 0xDA0E,
    0xDA0F, 0xDA0F, 0xDA0F, 0xDA0E, 0xDA0E, 0xDA0E, 0xDA0E, 0xDA0E, 0xDA0F, 0xE22F, 0xE22F, 0xE22F,
    0xE22F, 0xE22F, 0xE22F, 0xDA0F, 0xDAB0, 0xDA0E, 0xDA0F, 0xDA0F, 0xDA0E, 0xDA2F, 0xE22F, 0xE22F,
    0xE2B1, 0xDA2F, 0xDA0F, 0xDA0E, 0xDA0E, 0xDAB0, 0xDA0E, 0xDA0F, 0xE22F, 0xE22F, 0xE22F, 0xE22F,
    0xEA30, 0xEA30, 0xEA30, 0xE22F, 0xE22F, 0xDA0F, 0xDA0F, 0xDA0F, 0xE22F, 0xE22F, 0xEA30, 0xEA30,
    0xE22F, 0xDA0F, 0xD20E, 0xD20E, 0xD20E, 0xCA0E, 0xC9EE, 0xC9EE, 0xD20E, 0xD20E, 0xD20E, 0xD20E,
    0xDA0E, 0xD20E, 0xD20E, 0xD20E, 0xD20E, 0xDA0E, 0xDA0E, 0xDA0F, 0xDA0E, 0xDA0E, 0xDA0E, 0xD20E,
    0xD20E, 0xC9EE, 0xD20E, 0xD2B0, 0xD20E, 0xD1EE, 0xD1EE, 0xD20E, 0xD2B0, 0xD20E, 0xD20E, 0xDA0E,
    0xDA0E, 0xDA0E, 0xD20E, 0xD1EE, 0xD20E, 0xD20E, 0xD20E, 0xD20E, 0xD1EE, 0xD20E, 0xD1EE, 0xD1EE,
    0xD20E, 0xD20E, 0xD20E, 0xDA0E, 0xDA0E, 0xDA0F, 0xE22F, 0xEA2F, 0xEA2F, 0xEA2F, 0xEAD1, 0xEA30,
    0xEA30, 0xEA2F, 0xE22F, 0xE20F, 0xDA0F, 0xDA0E, 0xDA0E, 0xD20E, 0xDA0E, 0xD20E, 0xD1EE, 0xC9EE,
    0xC9ED, 0xC9ED, 0xC1ED, 0xC1ED, 0xC1ED, 0xC9ED, 0xC9ED, 0xC9ED, 0xC9ED, 0xC9EE, 0xD20E, 0xD20E,
    0xD20E, 0xD20E, 0xD20E, 0xDA0E, 0xDA0F, 0xDA0F, 0xE22F, 0xEAD1, 0xE22F, 0xE22F, 0xDA0F, 0xDA0E,
    0xD20E, 0xD20E, 0xD20E, 0xD20E, 0xD20E, 0xD20E, 0xD1EE, 0xD1EE, 0xC9EE, 0xD1EE, 0xD20E, 0xD20E,
    0xD20E, 0xDAB0, 0xDA0F, 0xDA0F, 0xDA0F, 0xE22F, 0xE22F, 0xE22F, 0xE22F, 0xEA30, 0xEA30, 0xE22F,
    0xE22F, 0xDA0E, 0xDAB0, 0xD20E, 0xDA0E, 0xDA0F, 0xDA0F, 0xDA0E, 0xD20E, 0xD20E, 0xD20E, 0xC9ED,
    0xC1ED, 0xC1ED, 0xB9CD, 0xB9CD, 0xC1CD, 0xC1ED, 0xC1CD, 0xB9CD, 0xDA0F, 0xDA0F, 0xDA0E, 0xDA0F,
    0xDA0F, 0xE2B0, 0xE20F, 0xDA0F, 0xDA0F, 0xDA0E, 0xDA0F, 0xDA0F, 0xDA0E, 0xDA0E, 0xD20E, 0xD20E,
    0xD20E, 0xD20E, 0xD1EE, 0xD1EE, 0xD1EE, 0xD1EE, 0xD1EE, 0xD1EE, 0xC9EE, 0xC9EE, 0xD20E, 0xD20E,
    0xD20E, 0xD20E, 0xDA0E, 0xDA0F, 0xDA0F, 0xDA0F, 0xDA0E, 0xDAB0, 0xDA0E, 0xDA0E, 0xDA0E, 0xDA0F,
    0xE20F, 0xE22F, 0xE22F, 0xEA2F, 0xEA2F, 0xEA2F, 0xEA30, 0xEA2F, 0xEAD1, 0xEA2F, 0xE22F, 0xE22F,
    0xDA0E, 0xDAB0, 0xD20E, 0xD20E, 0xD20E, 0xD20E, 0xD20E, 0xC9EE, 0xC9ED, 0xC1ED, 0xB9CD, 0xB1CC,
    0xB1CC, 0xB9CC, 0xB9CC, 0xC28E, 0xC1ED, 0xC9EE, 0xC9EE, 0xD20E, 0xDA0F, 0xE22F, 0xEA2F, 0xEA2F,
    0xEA2F, 0xEA2F, 0xEA2F, 0xEA2F, 0xE22F, 0xE22F, 0xE20F, 0xE20F, 0xE22F, 0xDA0F, 0xDA0F, 0xDA0E,
    0xD20E, 0xC9ED, 0xC9ED, 0xC9ED, 0xC9EE, 0xD20E, 0xDA0E, 0xDA0E, 0xDA0F, 0xDA0F, 0xE22F, 0xE22F,
    0xE2B1, 0xE22F, 0xEA2F, 0xE22F, 0xEA2F, 0xEA2F, 0xEA30, 0xEA30, 0xEA30, 0xEA2F, 0xE22F, 0xE22F,
    0xDA0F, 0xDA0E, 0xDA0E, 0xDA0E, 0xD20E, 0xC9EE, 0xCA8F, 0xC1ED, 0xC1CD, 0xC1ED, 0xB9CD, 0xB9CC,
    0xB9CC, 0xB9CD, 0xB9CC, 0xB9CC, 0xEA30, 0xEA30, 0xEA2F, 0xE22F, 0xE22F, 0xEA30, 0xEA50, 0xEA2F,
    0xE22F, 0xE22F, 0xEA2F, 0xEA30, 0xEA30, 0xEA2F, 0xE22F, 0xE2D1, 0xDA2F, 0xDA0E, 0xD20E, 0xD20E,
    0xD20E, 0xD20E, 0xD20E, 0xD20E, 0xDA0E, 0xDA0E, 0xDA0F, 0xDA0F, 0xE22F, 0xE22F, 0xE22F, 0xE22F,
    0xEA2F, 0xEA2F, 0xEA2F, 0xEA2F, 0xEA2F, 0xEA2F, 0xE22F, 0xE22F, 0xEA2F, 0xEA30, 0xF250, 0xFA50,
    0xF250, 0xFA50, 0xFA51, 0xF250, 0xF250, 0xF250, 0xF250, 0xEAD1, 0xEA2F, 0xEAD1, 0xE22F, 0xDA0F,
    0xDA2F, 0xDA2F, 0xDA0F, 0xDA0E, 0xD20E, 0xD20E, 0xC9ED, 0xC1ED, 0xC28F, 0xC9ED, 0xC9ED, 0xC9ED,
    0xD20E, 0xDAB0, 0xDA0F, 0xE22F, 0xEA30, 0xF250, 0xFA50, 0xF250, 0xF250, 0xF250, 0xF250, 0xF250,
    0xF250, 0xF250, 0xF250, 0xF250, 0xF250, 0xEA30, 0xEA2F, 0xE22F, 0xDA0F, 0xDA0E, 0xDA0E, 0xD20E,
    0xDA0E, 0xDA2F, 0xE22F, 0xE22F, 0xEA2F, 0xEA30, 0xF250, 0xF250, 0xF250, 0xF250, 0xF250, 0xF250,
    0xF250, 0xF2D2, 0xF250, 0xF250, 0xF250, 0xF250, 0xEA30, 0xEA30, 0xEA30, 0xEA30, 0xEA2F, 0xE22F,
    0xD20E, 0xDA0E, 0xDA0E, 0xD20E, 0xC9EE, 0xC9EE, 0xC9EE, 0xC9ED, 0xC1ED, 0xC1ED, 0xC1ED, 0xC9ED,
    0xF250, 0xF250, 0xF250, 0xF250, 0xEA30, 0xEA30, 0xEA2F, 0xE22F, 0xE22F, 0xE22F, 0xEA30, 0xF250,
    0xF250, 0xEA50, 0xE22F, 0xE22F, 0xE22F, 0xDA2E, 0xDA0E, 0xDA0F, 0xE22F, 0xE22F, 0xEA30, 0xEA30,
    0xEA2F, 0xE22F, 0xEA2F, 0xEA30, 0xF250, 0xF250, 0xEA30, 0xEA30, 0xEA50, 0xF250, 0xF250, 0xF250,
    0xEA50, 0xEA30, 0xEA30, 0xEA50, 0xF250, 0xF250, 0xFA71, 0xFA71, 0xFA71, 0xFB12, 0xFA72, 0xFA72,
    0xFA72, 0xFA72, 0xFA71, 0xFA71, 0xFA71, 0xFA71, 0xFA50, 0xF250, 0xEA50, 0xEA2F, 0xE22F, 0xE22F,
    0xDA2F, 0xDA2F, 0xE22F, 0xDA2F, 0xDA0F, 0xDA0E, 0xDA0F, 0xDA2F, 0xE2D1, 0xEA2F, 0xEA50, 0xF250,
    0xF250, 0xFAF2, 0xFA51, 0xFA71, 0xFA51, 0xFA51, 0xFA50, 0xF250, 0xF250, 0xF250, 0xFA50, 0xFAF2,
    0xFA50, 0xF250, 0xEA50, 0xEA30, 0xEA2F, 0xEA30, 0xEA50, 0xEA30, 0xEA30, 0xF250, 0xF250, 0xF250,
    0xFA51, 0xFA51, 0xFA51, 0xFA51, 0xFA51, 0xFA71, 0xFA71, 0xFA71, 0xFA71, 0xFA71, 0xFA71, 0xFA71,
    0xFA51, 0xF250, 0xF250, 0xEA30, 0xEA50, 0xEA50, 0xEA2F, 0xE22F, 0xE22F, 0xE22F, 0xE22F, 0xE22F,
    0xDA2F, 0xDA0F, 0xDA0F, 0xDA0F, 0xDA0E, 0xD20E, 0xD20E, 0xD20E, 0xF250, 0xF250, 0xEA50, 0xEA2F,
    0xE22F, 0xE22F, 0xDA2F, 0xD20E, 0xDAB0, 0xDAB0, 0xDA2F, 0xE2D1, 0xEA2F, 0xEAD1, 0xEA2F, 0xE22F,
    0xDA0E, 0xD20E, 0xD20E, 0xDA0F, 0xE22F, 0xE22F, 0xE22F, 0xE22F, 0xEA2F, 0xEA30, 0xEA30, 0xEAD1,
    0xE22F, 0xE22F, 0xE22F, 0xE22F, 0xEA2F, 0xEA2F, 0xEAD1, 0xE22F, 0xE22F, 0xEA2F, 0xE22F, 0xEA2F,
    0xEA30, 0xF250, 0xFA51, 0xFA51, 0xFA51, 0xFA51, 0xFAF2, 0xFA72, 0xFA72, 0xFA72, 0xFA71, 0xFA71,
    0xFA71, 0xFA71, 0xFA51, 0xF250, 0xF250, 0xEA50, 0xEA30, 0xEA2F, 0xE22F, 0xE22F, 0xDA0F, 0xDA0F,
    0xDA0F, 0xDA0E, 0xDA0F, 0xDA2F, 0xDA2F, 0xE22F, 0xEA2F, 0xF250, 0xF250, 0xF250, 0xF250, 0xF250,
    0xF2F2, 0xF250, 0xF250, 0xF250, 0xEA50, 0xEA2F, 0xEA2F, 0xEA30, 0xEA50, 0xF250, 0xEA50, 0xEA30,
    0xEA50, 0xF250, 0xF250, 0xF250, 0xF250, 0xF250, 0xF250, 0xF250, 0xF250, 0xF250, 0xF250, 0xF250,
    0xFA50, 0xFA51, 0xFA51, 0xFA51, 0xFA51, 0xFA71, 0xFA51, 0xF250, 0xF250, 0xEA50, 0xEA2F, 0xE22F,
    0xE22F, 0xE22F, 0xE22F, 0xE22F, 0xE22F, 0xE22F, 0xDA0F, 0xDA2F, 0xDA2F, 0xDAB0, 0xDA0E, 0xDA0E,
    0xD20E, 0xD20E, 0xD20E, 0xD20E, 0xD20E, 0xD20E, 0xD20E, 0xD20E, 0xD20E, 0xC9EE, 0xC9ED, 0xC1ED,
    0xC9ED, 0xC9EE, 0xD1EE, 0xD1EE, 0xD20E, 0xD20E, 0xD20E, 0xC9EE, 0xC9ED, 0xC9ED, 0xC9ED, 0xC9ED,
    0xC9ED, 0xC9EE, 0xD20E, 0xD20E, 0xDA0E, 0xDA0E, 0xDA0E, 0xDA0E, 0xDA0E, 0xDA0E, 0xDA0E, 0xD20E,
    0xD20E, 0xD20E, 0xDA0E, 0xDA0E, 0xE2B0, 0xE22F, 0xE20F, 0xE22F, 0xE22F, 0xEA2F, 0xEAD1, 0xEA30,
    0xF230, 0xF230, 0xF230, 0xF250, 0xF250, 0xF250, 0xF250, 0xF230, 0xEA30, 0xEA2F, 0xE22F, 0xE20F,
    0xE22F, 0xDA0F, 0xDA0E, 0xDA0E, 0xD20E, 0xD20E, 0xC9ED, 0xC1ED, 0xCA8F, 0xC1ED, 0xC9ED, 0xC9ED,
    0xD20E, 0xD20E, 0xDA0F, 0xDA0F, 0xE22F, 0xE22F, 0xE22F, 0xE22F, 0xE22F, 0xE22F, 0xE22F, 0xE22F,
    0xE20F, 0xE22F, 0xE22F, 0xE22F, 0xE22F, 0xE22F, 0xE22F, 0xE22F, 0xE22F, 0xEA2F, 0xEA2F, 0xEA2F,
    0xE22F, 0xDA0F, 0xE22F, 0xE22F, 0xE22F, 0xE20F, 0xDA0F, 0xDA0F, 0xE20F, 0xE22F, 0xEA30, 0xF2D1,
    0xF230, 0xF250, 0xF250, 0xF250, 0xEA30, 0xEA2F, 0xE22F, 0xE22F, 0xDA0F, 0xDA0E, 0xD20E, 0xD20E,
    0xD20E, 0xD20E, 0xD20E, 0xC9EE, 0xC9ED, 0xC1ED, 0xC9ED, 0xC9ED, 0xC9ED, 0xC1ED, 0xC1ED, 0xC9ED,
    0xB9CD, 0xC1CD, 0xC1CD, 0xC1ED, 0xC1CD, 0xC1ED, 0xC1ED, 0xB9CD, 0xC26E, 0xB9CD, 0xC1ED, 0xC1ED,
    0xC1CD, 0xB9CD, 0xB9CD, 0xC1CD, 0xC1ED, 0xC1CD, 0xB9CD, 0xC1ED, 0xC1ED, 0xC9ED, 0xC1ED, 0xC1ED,
    0xC1ED, 0xC1ED, 0xC9ED, 0xC9ED, 0xC9ED, 0xC9EE, 0xD1EE, 0xD1EE, 0xD28F, 0xC9EE, 0xC9EE, 0xC9EE,
    0xD1EE, 0xD20E, 0xDA0E, 0xDA0F, 0xDA0F, 0xDA0F, 0xE20F, 0xE20F, 0xE20F, 0xE22F, 0xE2B1, 0xE22F,
    0xEA2F, 0xEA2F, 0xE22F, 0xE20F, 0xDA0F, 0xDA0E, 0xDAB0, 0xD1EE, 0xD1EE, 0xD1EE, 0xD1EE, 0xC9ED,
    0xC1ED, 0xC1CD, 0xB9CD, 0xB1CC, 0xB1CC, 0xB9CC, 0xB9CD, 0xC1CD, 0xC1ED, 0xC9ED, 0xD1EE, 0xD1EE,
    0xD1EE, 0xD20E, 0xDA0E, 0xDA0E, 0xDA0E, 0xDA0E, 0xDA0F, 0xDA0E, 0xDA0E, 0xDA0E, 0xDA0E, 0xDA0E,
    0xDA0F, 0xE2B0, 0xDA0F, 0xDA0F, 0xDA0F, 0xDA0F, 0xDA0E, 0xDA0E, 0xDA0E, 0xD20E, 0xD20E, 0xDA0E,
    0xDA0E, 0xDA0E, 0xD20E, 0xD1EE, 0xD20E, 0xDA0E, 0xDA0E, 0xE22F, 0xEA2F, 0xEA2F, 0xEA2F, 0xEA30,
    0xE22F, 0xE20F, 0xDA0F, 0xDA0F, 0xDA0F, 0xDA0E, 0xD1EE, 0xC9ED, 0xCA8F, 0xC1ED, 0xC1ED, 0xB9CD,
    0xB9CC, 0xB9CC, 0xB9CD, 0xB9CD, 0xB9CC, 0xB1CC, 0xB1CC, 0xB1CC, 0xC9ED, 0xD28F, 0xC9ED, 0xC9ED,
    0xC9ED, 0xC1ED, 0xC1ED, 0xC1CD, 0xC1CD, 0xC1CD, 0xC1CD, 0xC1CD, 0xC1CD, 0xC1CD, 0xC1ED, 0xC1ED,
    0xC9ED, 0xC9ED, 0xC9ED, 0xC9ED, 0xC9ED, 0xC9ED, 0xC9ED, 0xC9EE, 0xC9ED, 0xC9ED, 0xC9EE, 0xD1EE,
    0xD1EE, 0xD20E, 0xDA0E, 0xDA0E, 0xDA0E, 0xDA0F, 0xDA0F, 0xDA0F, 0xDA0E, 0xDA0E, 0xDA0F, 0xE2B1,
    0xE20F, 0xE22F, 0xEA2F, 0xEA30, 0xEA30, 0xEA30, 0xEA30, 0xF230, 0xF230, 0xEA30, 0xEA2F, 0xE22F,
    0xDA0F, 0xDA0E, 0xD20E, 0xD1EE, 0xD20E, 0xD20E, 0xD1EE, 0xC9EE, 0xC9EE, 0xC9ED, 0xC9ED, 0xC1ED,
    0xC1ED, 0xC1ED, 0xC9ED, 0xC9ED, 0xC9EE, 0xD2B0, 0xD20E, 0xDA0E, 0xDA0E, 0xDA0F, 0xE20F, 0xE20F,
    0xE2B1, 0xEA2F, 0xEA2F, 0xEA2F, 0xEA2F, 0xEA2F, 0xE22F, 0xE20F, 0xE22F, 0xE22F, 0xE22F, 0xE22F,
    0xE22F, 0xE20F, 0xDA0F, 0xDA0F, 0xDA0F, 0xDA0E, 0xDA0F, 0xDA0F, 0xDA0E, 0xDA0E, 0xD20E, 0xD20E,
    0xDA0E, 0xDA0E, 0xDA0E, 0xDA0F, 0xE22F, 0xE22F, 0xE22F, 0xE22F, 0xE22F, 0xE22F, 0xE22F, 0xE20F,
    0xE20F, 0xDA0F, 0xDA0E, 0xD1EE, 0xC9ED, 0xC1ED, 0xC1CD, 0xC1CD, 0xB9CD, 0xC1CD, 0xC1CD, 0xC1CD,
    0xC1CD, 0xC1ED, 0xC1ED, 0xC1ED, 0xD20E, 0xD20E, 0xDA0E, 0xD20E, 0xD1EE, 0xD20E, 0xD1EE, 0xC9EE,
    0xC9ED, 0xD28F, 0xC9ED, 0xC9ED, 0xC9EE, 0xD1EE, 0xD20E, 0xDA0E, 0xDA0E, 0xDA0F, 0xE20F, 0xDA0F,
    0xDA0F, 0xDAB0, 0xDA0E, 0xDA0E, 0xD20E, 0xDAB0, 0xDA0E, 0xDA0E, 0xDA0E, 0xDA0E, 0xDA0F, 0xE22F,
    0xE22F, 0xE22F, 0xE22F, 0xE22F, 0xE22F, 0xE22F, 0xE22F, 0xEA2F, 0xEA30, 0xF230, 0xF230, 0xF250,
    0xFA50, 0xFA50, 0xF250, 0xFA50, 0xFA50, 0xF250, 0xF250, 0xEA30, 0xEA2F, 0xE22F, 0xDA0F, 0xDA0F,
    0xDA0F, 0xDA0F, 0xDA0E, 0xD20E, 0xD20E, 0xD20E, 0xD20E, 0xD20E, 0xD20E, 0xD20E, 0xD20E, 0xD20E,
    0xD20E, 0xD20E, 0xDA0E, 0xE20F, 0xE22F, 0xEA2F, 0xEA30, 0xEA30, 0xEA30, 0xF250, 0xFA50, 0xFA50,
    0xF250, 0xEA30, 0xEA30, 0xEAD1, 0xEAD1, 0xEA30, 0xF230, 0xF230, 0xEA30, 0xEA30, 0xEA30, 0xEA30,
    0xEA2F, 0xE22F, 0xE2B1, 0xE22F, 0xE20F, 0xE2B0, 0xDA0F, 0xDA0E, 0xDA0F, 0xDA0F, 0xDA0F, 0xDA0F,
    0xE20F, 0xE2B1, 0xE22F, 0xEA2F, 0xEA30, 0xEA2F, 0xEAD1, 0xE22F, 0xDA0F, 0xDA0E, 0xDA0E, 0xDA0E,
    0xD20E, 0xC9EE, 0xC9ED, 0xC9ED, 0xC9ED, 0xD2AF, 0xC9EE, 0xC9EE, 0xD20E, 0xDA0E, 0xDA0E, 0xDA0E,
    0xDA0E, 0xDA0E, 0xD20E, 0xD20E, 0xD20E, 0xD20E, 0xD1EE, 0xC9ED, 0xC9EE, 0xD2B0, 0xD20E, 0xD20E,
    0xD20E, 0xD2B0, 0xDAB0, 0xDA0E, 0xDA0E, 0xDA0E, 0xDA0E, 0xDA0E, 0xDA0E, 0xDA0E, 0xDAB0, 0xDA0E,
    0xDA0E, 0xDA0E, 0xDA0E, 0xD20E, 0xDA0E, 0xDA0E, 0xDA0E, 0xDA0F, 0xE2B1, 0xE22F, 0xE22F, 0xE22F,
    0xDA0F, 0xDA0F, 0xDA0F, 0xE22F, 0xE22F, 0xEA2F, 0xEA30, 0xF250, 0xF250, 0xFA50, 0xF250, 0xF250,
    0xF230, 0xF250, 0xF230, 0xEA30, 0xEA2F, 0xEA2F, 0xE22F, 0xE22F, 0xDA0F, 0xDA0E, 0xD20E, 0xD1EE,
    0xD20E, 0xD20E, 0xD20E, 0xD20E, 0xD20E, 0xD20E, 0xDA0E, 0xD20E, 0xD20E, 0xD20E, 0xDA0E, 0xDA0E,
    0xDA0F, 0xE22F, 0xE22F, 0xEA2F, 0xEA2F, 0xF230, 0xF250, 0xF250, 0xF230, 0xEA30, 0xEA30, 0xEA2F,
    0xE22F, 0xE22F, 0xEA2F, 0xEA2F, 0xE22F, 0xEA2F, 0xEA2F, 0xEA2F, 0xE22F, 0xDA0F, 0xE20F, 0xE22F,
    0xE22F, 0xE2B1, 0xDA0F, 0xDA0E, 0xDA0E, 0xDA0E, 0xDA0E, 0xDA0E, 0xDA0F, 0xDA0F, 0xE22F, 0xE22F,
    0xE22F, 0xE20F, 0xE22F, 0xE22F, 0xDA0F, 0xDA0E, 0xDA0E, 0xDA0E, 0xD20E, 0xD20E, 0xD1EE, 0xD2AF,
    0xC9EE, 0xD1EE, 0xD1EE, 0xD20E, 0xDA0E, 0xDA0F, 0xDA0F, 0xDA0F, 0xD1EE, 0xD1EE, 0xD1EE, 0xD20E,
    0xD20E, 0xD1EE, 0xC9EE, 0xD1EE, 0xD1EE, 0xD1EE, 0xD1EE, 0xC9ED, 0xCA8F, 0xC9ED, 0xC9ED, 0xC9ED,
    0xC9ED, 0xC9ED, 0xC9ED, 0xC9ED, 0xC9EE, 0xD1EE, 0xD1EE, 0xC9ED, 0xC9EE, 0xD1EE, 0xC9EE, 0xC9ED,
    0xD28F, 0xC9EE, 0xD2B0, 0xD28F, 0xC9ED, 0xD1EE, 0xD1EE, 0xC9ED, 0xC1ED, 0xC1ED, 0xC9ED, 0xD1EE,
    0xD1EE, 0xD20E, 0xDA0E, 0xE20F, 0xE20F, 0xE20F, 0xE20F, 0xE20F, 0xE20F, 0xE20F, 0xE20F, 0xE20F,
    0xE20F, 0xE20F, 0xE2B1, 0xDAB0, 0xD1EE, 0xC9ED, 0xCA8F, 0xC1ED, 0xC1ED, 0xC1ED, 0xC1ED, 0xC9EE,
    0xD1EE, 0xC9ED, 0xC9EE, 0xD1EE, 0xDAB0, 0xD20E, 0xD20E, 0xD1EE, 0xC9EE, 0xD1EE, 0xD20E, 0xDA0E,
    0xDA0F, 0xE20F, 0xE22F, 0xEA2F, 0xEA2F, 0xE20F, 0xDA0F, 0xDA0F, 0xDA0E, 0xDA0E, 0xDA0F, 0xDA0E,
    0xDA0E, 0xDA0E, 0xDA0E, 0xDA0E, 0xDA0E, 0xDA0E, 0xDA0E, 0xD20E, 0xDAB0, 0xD1EE, 0xD20E, 0xD1EE,
    0xD1EE, 0xD1EE, 0xDAB0, 0xD1EE, 0xD1EE, 0xD1EE, 0xD1EE, 0xD1EE, 0xC9EE, 0xC9ED, 0xC9ED, 0xC9EE,
    0xD20E, 0xD20E, 0xD1EE, 0xD1EE, 0xD1EE, 0xD1EE, 0xC9EE, 0xC9ED, 0xC9ED, 0xC9ED, 0xD1EE, 0xD1EE,
    0xDA0E, 0xDA0E, 0xDA0E, 0xDA0E, 0xD1EE, 0xD1EE, 0xD1EE, 0xD1EE, 0xC9EE, 0xC9ED, 0xC9ED, 0xC9ED,
    0xD1EE, 0xD1EE, 0xC9ED, 0xC1CD, 0xC1CD, 0xC1CD, 0xC1CD, 0xC1ED, 0xC9ED, 0xC9ED, 0xC9ED, 0xD28F,
    0xD28F, 0xC9ED, 0xC9ED, 0xC9ED, 0xC9ED, 0xC9ED, 0xC9EE, 0xC9EE, 0xC9ED, 0xC9ED, 0xC9ED, 0xC9ED,
    0xC9ED, 0xC9ED, 0xC1ED, 0xB9CD, 0xB9CD, 0xB9CD, 0xB9CD, 0xC1ED, 0xC9ED, 0xC9EE, 0xD1EE, 0xD1EE,
    0xD1EE, 0xD1EE, 0xD20E, 0xDA0E, 0xDA0E, 0xDA0E, 0xDA0E, 0xDA0F, 0xDA0F, 0xDA0F, 0xDA0E, 0xDA0E,
    0xC9EE, 0xC1ED, 0xC1CD, 0xC1ED, 0xC9ED, 0xC9ED, 0xC1ED, 0xC1CD, 0xC1ED, 0xC9ED, 0xC9ED, 0xC9ED,
    0xC9ED, 0xC9ED, 0xC9ED, 0xC9ED, 0xC9ED, 0xC9ED, 0xCA8F, 0xC9EE, 0xD1EE, 0xD1EE, 0xDA0E, 0xE20F,
    0xDA0E, 0xD20E, 0xD1EE, 0xD1EE, 0xD28F, 0xC9EE, 0xD20E, 0xD1EE, 0xD1EE, 0xD1EE, 0xD1EE, 0xD1EE,
    0xD1EE, 0xC9EE, 0xC9ED, 0xC9ED, 0xC9ED, 0xD28F, 0xC9ED, 0xC9ED, 0xC9ED, 0xC9ED, 0xC9ED, 0xC9ED,
    0xC1ED, 0xC9ED, 0xC9ED, 0xC1ED, 0xC1ED, 0xC1ED, 0xC9ED, 0xC9ED, 0xC9ED, 0xC9EE, 0xD1EE, 0xD1EE,
    0xC9EE, 0xC9ED, 0xCA8F, 0xC1ED, 0xC1CD, 0xC9ED, 0xC9ED, 0xD1EE, 0xD1EE, 0xD20E, 0xDA0E, 0xDA0E,
    0xD20E, 0xD20E, 0xD20E, 0xD20E, 0xD20E, 0xD1EE, 0xD1EE, 0xC9EE, 0xD1EE, 0xD1EE, 0xD2B0, 0xC9EE,
    0xC9EE, 0xC9ED, 0xC9EE, 0xD20E, 0xDA0E, 0xDA0F, 0xDA0F, 0xDA0F, 0xDA0F, 0xE20F, 0xE20F, 0xDA0F,
    0xDA0E, 0xD20E, 0xD1EE, 0xD1EE, 0xC9EE, 0xD1EE, 0xD20E, 0xD20E, 0xDA0E, 0xD20E, 0xC9EE, 0xC9ED,
    0xC9ED, 0xC9ED, 0xC9ED, 0xD1EE, 0xD1EE, 0xD2B0, 0xD20E, 0xD20E, 0xD20E, 0xDA0E, 0xDA0E, 0xDA0E,
    0xDA0E, 0xDA0F, 0xE22F, 0xEA2F, 0xEA2F, 0xE22F, 0xEAB1, 0xE22F, 0xE20F, 0xDA0F, 0xDA0E, 0xD20E,
    0xD20E, 0xC9EE, 0xC9ED, 0xC9ED, 0xC9ED, 0xC9EE, 0xC9EE, 0xC9ED, 0xC9EE, 0xD1EE, 0xD20E, 0xD20E,
    0xD20E, 0xD1EE, 0xD1EE, 0xDA0E, 0xE20F, 0xE20F, 0xE22F, 0xE22F, 0xE22F, 0xE20F, 0xE20F, 0xE20F,
    0xDA0E, 0xDA0F, 0xE20F, 0xE20F, 0xE20F, 0xDA0F, 0xDA0E, 0xD20E, 0xD20E, 0xD20E, 0xD20E, 0xD20E,
    0xD1EE, 0xD1EE, 0xC9EE, 0xC9ED, 0xC9ED, 0xC9ED, 0xC9ED, 0xC9EE, 0xD1EE, 0xD1EE, 0xD2B0, 0xD20E,
    0xDA0E, 0xDA0E, 0xDA0F, 0xDA0F, 0xDA0E, 0xDA0E, 0xDA0F, 0xDA0F, 0xD20E, 0xDAB0, 0xD20E, 0xD20E,
    0xDA0E, 0xDA0E, 0xDA0E, 0xDA0F, 0xE20F, 0xE22F, 0xE22F, 0xEA2F, 0xE22F, 0xE22F, 0xE22F, 0xE22F,
    0xDA2F, 0xDA0F, 0xDA0E, 0xD20E, 0xD20E, 0xDA0F, 0xE22F, 0xE22F, 0xE22F, 0xDA2F, 0xE22F, 0xEA2F,
    0xF250, 0xF250, 0xF250, 0xF250, 0xFA50, 0xFA51, 0xFA51, 0xFA50, 0xF250, 0xEA30, 0xE22F, 0xDA2F,
    0xDA0F, 0xE22F, 0xE22F, 0xE22F, 0xEA2F, 0xEA2F, 0xE2B1, 0xD20E, 0xD20E, 0xDA0F, 0xDA0F, 0xDA0F,
    0xDA0F, 0xE22F, 0xDA0F, 0xE22F, 0xE22F, 0xE22F, 0xE22F, 0xE22F, 0xE22F, 0xEA50, 0xF250, 0xF250,
    0xF250, 0xFA50, 0xF250, 0xF250, 0xFA50, 0xF2F2, 0xF250, 0xF2D1, 0xEA2F, 0xE22F, 0xE22F, 0xDA0E,
    0xDA0E, 0xDA0F, 0xDA0E, 0xDA0E, 0xDA2F, 0xE22F, 0xDA2F, 0xDA0F, 0xE22F, 0xE22F, 0xE22F, 0xEA2F,
    0xEA30, 0xEA30, 0xF250, 0xFA51, 0xF250, 0xEA30, 0xEA30, 0xEA30, 0xF250, 0xF2D1, 0xF230, 0xEA30,
    0xEA2F, 0xEA30, 0xEA30, 0xE22F, 0xE22F, 0xDA2F, 0xE22F, 0xDA2F, 0xDA0E, 0xDA0E, 0xD20E, 0xC9EE,
    0xD20E, 0xD20E, 0xDA0E, 0xDA0E, 0xDA0E, 0xDA0F, 0xE22F, 0xE22F, 0xEA30, 0xF230, 0xF2D1, 0xEAD1,
    0xEA2F, 0xEAD1, 0xEA2F, 0xEA30, 0xEA30, 0xEA30, 0xEA30, 0xEA30, 0xF250, 0xF230, 0xF250, 0xF230,
    0xF250, 0xF250, 0xF250, 0xF250, 0xEA30, 0xEA30, 0xEA30, 0xEA2F, 0xE22F, 0xE22F, 0xE22F, 0xE22F,
    0xE22F, 0xEA30, 0xEA30, 0xEA30, 0xEA30, 0xEA30, 0xEA30, 0xF250, 0xF250, 0xF250, 0xFAF2, 0xFA51,
    0xFA71, 0xFA71, 0xFA71, 0xFA51, 0xFA51, 0xFA50, 0xF250, 0xF250, 0xEA2F, 0xE22F, 0xEA2F, 0xEA2F,
    0xEA30, 0xE22F, 0xE22F, 0xDA0F, 0xDA2F, 0xE22F, 0xE22F, 0xE22F, 0xE22F, 0xE22F, 0xE22F, 0xEA2F,
    0xEA2F, 0xEA30, 0xEA50, 0xEA30, 0xEA30, 0xF250, 0xF250, 0xF250, 0xF250, 0xF250, 0xF250, 0xF250,
    0xF2D2, 0xF250, 0xF250, 0xF250, 0xF250, 0xEA50, 0xEA30, 0xEA2F, 0xE22F, 0xE22F, 0xE22F, 0xE22F,
    0xE22F, 0xEA2F, 0xEA2F, 0xEA2F, 0xE22F, 0xE22F, 0xEA2F, 0xEA30, 0xF250, 0xF250, 0xF250, 0xFA51,
    0xFAF2, 0xF250, 0xEA30, 0xEA30, 0xF250, 0xF250, 0xF250, 0xEA30, 0xE22F, 0xEA2F, 0xEA2F, 0xE22F,
    0xE22F, 0xEA2F, 0xEA2F, 0xE22F, 0xE22F, 0xDA2F, 0xDA0E, 0xDA0E, 0xDA0F, 0xDA0F, 0xDA0F, 0xE22F,
    0xE22F, 0xEA30, 0xEA30, 0xEA30, 0xEA50, 0xF250, 0xF250, 0xF250, 0xF250, 0xEAD1, 0xF250, 0xF250,
    0xF250, 0xF250, 0xFA51, 0xFA51, 0xFA51, 0xFA71, 0xFA51, 0xFA50, 0xFAF2, 0xFA71, 0xFA51, 0xFA50,
    0xDA0E, 0xDA0F, 0xDA0F, 0xDA0F, 0xDA0F, 0xDA0E, 0xDA0E, 0xDA0E, 0xDA0F, 0xE2B0, 0xE22F, 0xE22F,
    0xE22F, 0xE22F, 0xE22F, 0xE22F, 0xE22F, 0xEAD1, 0xEA30, 0xEA50, 0xF250, 0xF250, 0xF250, 0xF250,
    0xEA30, 0xEA2F, 0xEA30, 0xF250, 0xEA30, 0xEA2F, 0xE2D1, 0xE22F, 0xDA0F, 0xDA0F, 0xDA0E, 0xDA0E,
    0xDA0F, 0xE2B1, 0xE22F, 0xE22F, 0xE22F, 0xE22F, 0xEA2F, 0xEA2F, 0xEA2F, 0xE22F, 0xE22F, 0xE22F,
    0xE22F, 0xE22F, 0xE22F, 0xE22F, 0xE2B1, 0xDA0F, 0xDA0F, 0xE22F, 0xEA2F, 0xEA30, 0xEA2F, 0xEA2F,
    0xEA30, 0xEA2F, 0xE22F, 0xE22F, 0xE22F, 0xE22F, 0xE22F, 0xE22F, 0xEA2F, 0xEA2F, 0xE22F, 0xDA2F,
    0xDA0E, 0xDA0E, 0xDA0F, 0xDA2F, 0xE22F, 0xEA2F, 0xEA2F, 0xEA2F, 0xEA2F, 0xEA30, 0xE22F, 0xE22F,
    0xE22F, 0xE22F, 0xE2B1, 0xE22F, 0xE22F, 0xE22F, 0xE22F, 0xDA0F, 0xDA0F, 0xE22F, 0xE22F, 0xDA0F,
    0xDA0E, 0xD20E, 0xD20E, 0xD20E, 0xD20E, 0xD20E, 0xDA0F, 0xDA0E, 0xDA0E, 0xDA2F, 0xE22F, 0xE22F,
    0xE22F, 0xE22F, 0xE22F, 0xE22F, 0xEA30, 0xEA30, 0xEA30, 0xF250, 0xF250, 0xF250, 0xF250, 0xEA30,
    0xEA30, 0xF250, 0xF250, 0xEA30, 0xEA50, 0xF250, 0xF250, 0xEA30, 0xD20E, 0xD20E, 0xDA0E, 0xD20E,
    0xDAB0, 0xD20E, 0xD20E, 0xD20E, 0xDA0E, 0xDA0E, 0xDA0E, 0xDA0E, 0xDA0F, 0xDA0F, 0xE22F, 0xE22F,
    0xE20F, 0xE22F, 0xE22F, 0xE22F, 0xE20F, 0xE22F, 0xE20F, 0xE22F, 0xDA0F, 0xDA0F, 0xDA0F, 0xDA0F,
    0xE2B0, 0xDA0F, 0xDA0E, 0xDA0E, 0xDA0E, 0xD20E, 0xD1EE, 0xD20E, 0xD20E, 0xD20E, 0xDA0E, 0xDA0F,
    0xDA0E, 0xDA0E, 0xDA0F, 0xE20F, 0xDA0F, 0xE20F, 0xE22F, 0xE22F, 0xE22F, 0xDA0F, 0xDA0E, 0xDA0E,
    0xD20E, 0xD20E, 0xD20E, 0xDA0E, 0xDA0E, 0xDA0E, 0xDAB0, 0xDA0F, 0xDA0F, 0xDA0F, 0xDA0F, 0xDA0E,
    0xDA0E, 0xDA0F, 0xDA0F, 0xDA0F, 0xE22F, 0xE22F, 0xE22F, 0xDA0F, 0xDA0F, 0xDA0F, 0xDA0E, 0xDA0F,
    0xDA0F, 0xE22F, 0xE22F, 0xE22F, 0xDA0F, 0xD20E, 0xD20E, 0xD20E, 0xD20E, 0xD20E, 0xDA0E, 0xD20E,
    0xD1EE, 0xD20E, 0xD20E, 0xD20E, 0xD20E, 0xD20E, 0xD20E, 0xD20E, 0xD20E, 0xC9EE, 0xC9ED, 0xC9ED,
    0xC9ED, 0xC9EE, 0xD20E, 0xD20E, 0xD20E, 0xDA0F, 0xDA0F, 0xD20E, 0xD20E, 0xD20E, 0xD20E, 0xDA0E,
    0xDA0E, 0xDA0F, 0xDA0E, 0xDA0E, 0xDA0F, 0xDA0F, 0xDA0F, 0xDA0E, 0xDA0E, 0xDA0E, 0xDA0E, 0xD20E,
    0xDA0E, 0xDA0F, 0xDA0E, 0xDA0E, 0xE22F, 0xE22F, 0xE2B1, 0xDA0F, 0xDA0E, 0xDA0F, 0xE22F, 0xE22F,
    0xE22F, 0xDA0F, 0xDA0F, 0xDA0E, 0xE2B0, 0xE2B1, 0xDA0F, 0xE22F, 0xEA2F, 0xEA2F, 0xE22F, 0xE22F,
    0xEAD1, 0xE22F, 0xE22F, 0xE22F, 0xE2B1, 0xE20F, 0xDA0F, 0xDA0F, 0xDA0F, 0xDA0F, 0xDA0E, 0xDA0E,
    0xDA0F, 0xD20E, 0xD20E, 0xD20E, 0xD20E, 0xDA0F, 0xE2B1, 0xE22F, 0xE22F, 0xDA0F, 0xDA0F, 0xDA2F,
    0xE22F, 0xE22F, 0xE22F, 0xEA2F, 0xEA2F, 0xE22F, 0xE22F, 0xE22F, 0xE22F, 0xDA0F, 0xDA0E, 0xDA0E,
    0xDA0E, 0xDA0E, 0xDAB0, 0xDA0E, 0xDA0F, 0xDA0E, 0xD20E, 0xD20E, 0xD20E, 0xDA0E, 0xDA0E, 0xDA0F,
    0xE22F, 0xE22F, 0xE22F, 0xE22F, 0xEA2F, 0xE22F, 0xE22F, 0xEAD1, 0xE22F, 0xE22F, 0xDA0F, 0xDA0E,
    0xDAB0, 0xC9EE, 0xD2B0, 0xD20E, 0xCA0E, 0xC9EE, 0xC9EE, 0xC9EE, 0xC9EE, 0xC9ED, 0xC9ED, 0xD1EE,
    0xD20E, 0xD20E, 0xDA0E, 0xD20E, 0xD20E, 0xD1EE, 0xC9EE, 0xC9ED, 0xC9EE, 0xD20E, 0xD20E, 0xD20E,
    0xDA0E, 0xDA0E, 0xD20E, 0xD2AF, 0xC9EE, 0xD20E, 0xD20E, 0xD20E, 0xD20E, 0xD1EE, 0xD20E, 0xD20E,
    0xD20E, 0xD20E, 0xD20E, 0xD20E, 0xD20E, 0xD1EE, 0xC9EE, 0xC9EE, 0xD20E, 0xD20E, 0xC9EE, 0xC9EE,
    0xEAD1, 0xEA30, 0xEA30, 0xEA2F, 0xE22F, 0xEA2F, 0xE22F, 0xE22F, 0xE22F, 0xE22F, 0xE22F, 0xE22F,
    0xE22F, 0xE22F, 0xEA2F, 0xEA30, 0xF250, 0xF250, 0xF250, 0xEA50, 0xEA30, 0xEAD1, 0xE22F, 0xE22F,
    0xE22F, 0xEA2F, 0xE22F, 0xE22F, 0xE22F, 0xE22F, 0xE22F, 0xDA2F, 0xDA0F, 0xDA0F, 0xE2B0, 0xE22F,
    0xE22F, 0xE22F, 0xEA2F, 0xE22F, 0xE22F, 0xE22F, 0xEAD1, 0xE22F, 0xE2D1, 0xE22F, 0xEA2F, 0xEA30,
    0xF250, 0xEA30, 0xEA2F, 0xE22F, 0xE22F, 0xE22F, 0xE22F, 0xE22F, 0xE22F, 0xE22F, 0xE22F, 0xE22F,
    0xE2D1, 0xE22F, 0xE22F, 0xE22F, 0xE22F, 0xEA2F, 0xEA2F, 0xEA2F, 0xEA30, 0xEA50, 0xEA30, 0xEA30,
    0xEA2F, 0xEA2F, 0xEA2F, 0xEA30, 0xEA30, 0xE22F, 0xDA2F, 0xDA0E, 0xD20E, 0xD20E, 0xDA0E, 0xDA0F,
    0xDA0F, 0xDA0F, 0xDA0E, 0xD20E, 0xD20E, 0xD20E, 0xD20E, 0xD20E, 0xD20E, 0xDAB0, 0xDA0E, 0xDA0E,
    0xDA0F, 0xDA0F, 0xDA0F, 0xDA0F, 0xDA0E, 0xDA0E, 0xDA0E, 0xDA2F, 0xE22F, 0xE22F, 0xDA2F, 0xDA0F,
    0xD20E, 0xD20E, 0xD2B0, 0xD20E, 0xDA0E, 0xDA0E, 0xDAB0, 0xDAB0, 0xDA0E, 0xD20E, 0xD20E, 0xD20E,
    0xD20E, 0xD20E, 0xD20E, 0xD20E, 0xD20E, 0xC9EE, 0xCA0E, 0xCA0E, 0xDA2F, 0xE22F, 0xE22F, 0xE22F,
    0xDA2F, 0xE22F, 0xE22F, 0xDA2F, 0xE22F, 0xE22F, 0xE22F, 0xE22F, 0xE22F, 0xE22F, 0xE22F, 0xE22F,
    0xE22F, 0xEAD1, 0xEA30, 0xEA30, 0xEA2F, 0xEA2F, 0xE22F, 0xE22F, 0xE22F, 0xE22F, 0xE22F, 0xE2B0,
    0xDA0E, 0xDA0E, 0xDA0F, 0xDA0F, 0xDA0F, 0xDA0F, 0xDA0F, 0xDA0F, 0xDA0F, 0xE22F, 0xE22F, 0xE22F,
    0xE22F, 0xE22F, 0xDA2F, 0xDA0E, 0xDA0E, 0xDA2F, 0xE22F, 0xEA30, 0xEAD1, 0xE22F, 0xE2B1, 0xDA0F,
    0xDA0E, 0xDA0E, 0xDAB0, 0xDA0F, 0xE22F, 0xE22F, 0xE22F, 0xEA2F, 0xEA2F, 0xEA30, 0xEA30, 0xE22F,
    0xEA2F, 0xF2D1, 0xEA50, 0xEA30, 0xEA30, 0xEA30, 0xE22F, 0xE22F, 0xE22F, 0xE2D1, 0xE22F, 0xE22F,
    0xDA0F, 0xDAB0, 0xDA0E, 0xDA0E, 0xDA0E, 0xDA0E, 0xDA2F, 0xE22F, 0xEB72, 0xDA2F, 0xDA0E, 0xD20E,
    0xC9ED, 0xCA8F, 0xC9ED, 0xC9EE, 0xC9EE, 0xCA0E, 0xD20E, 0xDA0E, 0xDA0E, 0xDA0E, 0xDA0F, 0xDA2F,
    0xDA0E, 0xDA0E, 0xDA2F, 0xDA0F, 0xDAB0, 0xD20E, 0xD20E, 0xDAB0, 0xD20E, 0xD20E, 0xD20E, 0xD20E,
    0xDA0E, 0xDA0E, 0xDA0E, 0xDA0E, 0xD20E, 0xCA0E, 0xCA8F, 0xC9ED, 0xC1ED, 0xC1ED, 0xC1ED, 0xC9ED,
    0xC9ED, 0xC9ED, 0xC9ED, 0xC9ED, 0xDA0E, 0xD20E, 0xD20E, 0xD20E, 0xD20E, 0xDA0E, 0xDA0E, 0xD20E,
    0xD20E, 0xDAB0, 0xDA0E, 0xDA0E, 0xDA0F, 0xDA0F, 0xDA0F, 0xDA0E, 0xDA0E, 0xDA0F, 0xDA0F, 0xDA0E,
    0xDA0E, 0xDA0E, 0xDA0E, 0xDA0F, 0xDA0F, 0xDAB0, 0xD20E, 0xD20E, 0xC9EE, 0xD20E, 0xD20E, 0xD20E,
    0xD20E, 0xD20E, 0xC9EE, 0xC9ED, 0xC9EE, 0xD20E, 0xD20E, 0xD20E, 0xD2B0, 0xC9EE, 0xC9ED, 0xC1ED,
    0xC1ED, 0xC9ED, 0xC9EE, 0xD20E, 0xDAB0, 0xDA0E, 0xD20E, 0xC9EE, 0xC9ED, 0xC1ED, 0xC9ED, 0xD20E,
    0xDA0E, 0xDA0F, 0xE22F, 0xE20F, 0xDA0E, 0xDA0F, 0xE20F, 0xDA0F, 0xE20F, 0xE22F, 0xDA0F, 0xDA0E,
    0xDA0E, 0xDA0E, 0xDAB0, 0xD20E, 0xD20E, 0xD20E, 0xD20E, 0xD20E, 0xD20E, 0xD20E, 0xD20E, 0xC9EE,
    0xC9EE, 0xC9EE, 0xC9EE, 0xD1EE, 0xD2B0, 0xC9EE, 0xC9ED, 0xC1ED, 0xC1ED, 0xB9CD, 0xB9CD, 0xC1ED,
    0xC1ED, 0xC1ED, 0xC1ED, 0xC9ED, 0xC1ED, 0xC1ED, 0xC1ED, 0xC9ED, 0xC1ED, 0xC1ED, 0xC9ED, 0xC1ED,
    0xC1ED, 0xC1ED, 0xC1ED, 0xC9ED, 0xC9ED, 0xC9ED, 0xD28F, 0xC9ED, 0xC1ED, 0xC1ED, 0xC1ED, 0xC1ED,
    0xC1ED, 0xB9ED, 0xB9CC, 0xB1CC, 0xB1CC, 0xB1AC, 0xB1CC, 0xB9CD, 0xB9CD, 0xB9CC, 0xB9CC, 0xB1CC,
    0xD1EE, 0xD1EE, 0xC9EE, 0xC9EE, 0xC9EE, 0xC9ED, 0xC9ED, 0xC9ED, 0xC9ED, 0xC9EE, 0xC9EE, 0xC9EE,
    0xC9EE, 0xC9EE, 0xC9ED, 0xC9ED, 0xC9ED, 0xC9EE, 0xD1EE, 0xC9ED, 0xC9ED, 0xC9ED, 0xC9EE, 0xD1EE,
    0xC9ED, 0xC9ED, 0xC9ED, 0xC9ED, 0xC9ED, 0xC9ED, 0xC9ED, 0xC9ED, 0xC1ED, 0xC1CD, 0xC26E, 0xB9CD,
    0xC28E, 0xC1CD, 0xC1CD, 0xC28F, 0xB9CD, 0xB9CC, 0xB9CC, 0xB9CC, 0xB1CC, 0xB1AC, 0xB1AC, 0xB1CC,
    0xB9CC, 0xB9CC, 0xB9CD, 0xC1CD, 0xC1CD, 0xC1ED, 0xC9ED, 0xC9ED, 0xC9EE, 0xD1EE, 0xD1EE, 0xD20E,
    0xD1EE, 0xDA0E, 0xDA0E, 0xDA0E, 0xDA0E, 0xDA0E, 0xD20E, 0xD1EE, 0xC9ED, 0xC1ED, 0xC1ED, 0xC1ED,
    0xC9ED, 0xC9ED, 0xC9ED, 0xC9ED, 0xC9ED, 0xC1ED, 0xC1ED, 0xCA8F, 0xC1ED, 0xC28F, 0xC1CD, 0xC1CD,
    0xB9CD, 0xB9CC, 0xB9CC, 0xB1CC, 0xB1AC, 0xB1AC, 0xB1AC, 0xB1CC, 0xB1CC, 0xB9CC, 0xB9CD, 0xB9CD,
    0xC26E, 0xB9CC, 0xB1CC, 0xB1AC, 0xB1AC, 0xB1AC, 0xB1AC, 0xBA6E, 0xB1AC, 0xBA6E, 0xB9CC, 0xB9CC,
    0xB9CC, 0xB9CD, 0xC1CD, 0xB9CD, 0xB9CC, 0xB1CC, 0xB1AC, 0xB1AC, 0xA9AC, 0xA9AC, 0xA9AB, 0xA1AB,
    0xA18B, 0xA18B, 0xA9AB, 0xBA6E, 0xA9AC, 0xA9AC, 0xB1AC, 0xB1AC, 0xD1EE, 0xD1EE, 0xDAB0, 0xD20E,
    0xDAB0, 0xD2B0, 0xD1EE, 0xD1EE, 0xD1EE, 0xD1EE, 0xD20E, 0xD1EE, 0xD1EE, 0xD1EE, 0xC9EE, 0xC9EE,
    0xC9ED, 0xC9EE, 0xD1EE, 0xD1EE, 0xD1EE, 0xC9EE, 0xD28F, 0xC9ED, 0xCA8F, 0xC1ED, 0xC9ED, 0xC9ED,
    0xC9ED, 0xC9ED, 0xC1ED, 0xC1ED, 0xC1CD, 0xC1CD, 0xB9CD, 0xB9CC, 0xB9CC, 0xB9CC, 0xB9CC, 0xB1CC,
    0xB1CC, 0xB1CC, 0xB1CC, 0xB1AC, 0xB1AC, 0xB1AC, 0xB1AC, 0xB1AC, 0xB1AC, 0xB1AC, 0xB9CC, 0xB9CD,
    0xC1CD, 0xC1ED, 0xC9ED, 0xC9ED, 0xC9EE, 0xD1EE, 0xC9ED, 0xD1EE, 0xDA0E, 0xDA0E, 0xDA0F, 0xE20F,
    0xDA0F, 0xD20E, 0xD1EE, 0xD1EE, 0xC9ED, 0xC9ED, 0xCA8F, 0xC9ED, 0xC9ED, 0xC9ED, 0xC1ED, 0xC9ED,
    0xC9ED, 0xC9ED, 0xCA8F, 0xC9ED, 0xC9ED, 0xC1ED, 0xC1CD, 0xB9CD, 0xB1CC, 0xB1AC, 0xA9AC, 0xA9AC,
    0xA9AB, 0xA9AB, 0xA9AC, 0xB1CC, 0xB9CC, 0xC26E, 0xC1CD, 0xC1CD, 0xB9CC, 0xB1AC, 0xB1AC, 0xA9AB,
    0xA9AB, 0xA9AB, 0xA9AB, 0xA9AB, 0xA9AC, 0xB1AC, 0xB9CC, 0xB9CC, 0xB9CC, 0xB9CC, 0xB9CC, 0xB9CC,
    0xBA6E, 0xB1AC, 0xB1AC, 0xA9AB, 0xA1AB, 0xA1AB, 0xA1AB, 0xA9AB, 0xA1AB, 0xA18B, 0xA1AB, 0xA9AB,
    0xA9AC, 0xB1AC, 0xB1AC, 0xB1AC, 0xDA0E, 0xDA0E, 0xDA0F, 0xDA0F, 0xE20F, 0xE20F, 0xE22F, 0xE20F,
    0xDA0F, 0xDA0F, 0xDA0F, 0xE20F, 0xE22F, 0xE22F, 0xDAB0, 0xDA0E, 0xDA0F, 0xDA0F, 0xE20F, 0xDA0F,
    0xDA0F, 0xDA0F, 0xDA0E, 0xD20E, 0xD20E, 0xD1EE, 0xD20E, 0xDAB0, 0xD20E, 0xC9EE, 0xC9EE, 0xC9EE,
    0xD1EE, 0xC9ED, 0xC9ED, 0xC1CD, 0xC1CD, 0xC1ED, 0xC1ED, 0xC1ED, 0xC1ED, 0xC1ED, 0xCA8F, 0xC9ED,
    0xC9ED, 0xD1EE, 0xD20E, 0xD1EE, 0xC9EE, 0xD1EE, 0xD20E, 0xD20E, 0xD20E, 0xDA0E, 0xDA0E, 0xD20E,
    0xD20E, 0xD20E, 0xD20E, 0xD20E, 0xD20E, 0xD20E, 0xD20E, 0xD1EE, 0xD28F, 0xD1EE, 0xD1EE, 0xD1EE,
    0xD1EE, 0xD20E, 0xD20E, 0xDAB0, 0xD1EE, 0xC9EE, 0xC9EE, 0xD20E, 0xD20E, 0xDAB0, 0xD2B0, 0xD20E,
    0xD290, 0xC9EE, 0xC9EE, 0xC9ED, 0xC1ED, 0xC1CD, 0xB9CD, 0xC1CD, 0xC1CD, 0xB9CD, 0xB9CD, 0xB9CD,
    0xC1CD, 0xC1ED, 0xC1ED, 0xC1ED, 0xC1ED, 0xC1ED, 0xC1ED, 0xC1ED, 0xC1ED, 0xC1ED, 0xC9ED, 0xC9ED,
    0xC9EE, 0xC9ED, 0xC9ED, 0xC9EE, 0xC9ED, 0xC1ED, 0xC9ED, 0xC9ED, 0xD28F, 0xC1ED, 0xCA8F, 0xC1ED,
    0xC1ED, 0xC1ED, 0xC9ED, 0xC9ED, 0xC9ED, 0xC9ED, 0xC9ED, 0xC9EE, 0xD1EE, 0xD20E, 0xD20E, 0xD1EE,
    0xEA30, 0xEA30, 0xEA30, 0xEA50, 0xF250, 0xF250, 0xF250, 0xF250, 0xF250, 0xF250, 0xF250, 0xF250,
    0xF250, 0xF250, 0xF250, 0xF250, 0xF250, 0xFA50, 0xFA50, 0xF250, 0xF250, 0xF250, 0xF250, 0xEA30,
    0xEA2F, 0xE22F, 0xE22F, 0xE22F, 0xE22F, 0xDA2F, 0xDA0F, 0xDA0E, 0xDA0E, 0xD20E, 0xD20E, 0xD20E,
    0xD20E, 0xDA0E, 0xDA0E, 0xDA0F, 0xDA0F, 0xE2B0, 0xE22F, 0xEA2F, 0xEA30, 0xF250, 0xFA50, 0xFA50,
    0xFA51, 0xFA51, 0xFA51, 0xF250, 0xF250, 0xEA30, 0xEA2F, 0xE22F, 0xE22F, 0xE22F, 0xDA2F, 0xDA0F,
    0xDA0F, 0xDA0E, 0xD20E, 0xD20E, 0xD20E, 0xD20E, 0xD20E, 0xD20E, 0xD20E, 0xDA0E, 0xDA2F, 0xE2B1,
    0xDA0F, 0xDA0E, 0xDA0E, 0xDAB0, 0xDA0F, 0xDA0F, 0xDA0F, 0xDA0E, 0xDA0E, 0xDA0E, 0xDA0E, 0xDA0E,
    0xD20E, 0xD20E, 0xD20E, 0xD20E, 0xD20E, 0xD20E, 0xD20E, 0xC9EE, 0xC9EE, 0xD20E, 0xD20E, 0xD20E,
    0xD20E, 0xDA0E, 0xDA0E, 0xDA0F, 0xDA0F, 0xE22F, 0xEA2F, 0xEA2F, 0xEA2F, 0xE22F, 0xE22F, 0xE22F,
    0xDA2F, 0xDA0E, 0xD20E, 0xDA0E, 0xE22F, 0xE22F, 0xE2D1, 0xE22F, 0xEA30, 0xF250, 0xF250, 0xF250,
    0xF250, 0xF250, 0xF250, 0xF230, 0xF250, 0xF250, 0xF250, 0xEA30, 0xFA51, 0xFA51, 0xF250, 0xFA51,
    0xFA71, 0xFA71, 0xFA71, 0xFA71, 0xFA71, 0xFA71, 0xFA71, 0xFA51, 0xFA51, 0xFA51, 0xFA71, 0xFA71,
    0xFA71, 0xFA71, 0xFA71, 0xFA71, 0xFA71, 0xFA71, 0xFA71, 0xFA51, 0xF250, 0xF250, 0xEA30, 0xEA2F,
    0xEA30, 0xEA30, 0xE22F, 0xE22F, 0xE22F, 0xDA2F, 0xDA0E, 0xDA0F, 0xDA2F, 0xE22F, 0xEAD1, 0xEA2F,
    0xEA2F, 0xEA2F, 0xF250, 0xF250, 0xF250, 0xFA71, 0xFA71, 0xFA72, 0xFA92, 0xFA92, 0xFA72, 0xFA71,
    0xFA71, 0xFA51, 0xF250, 0xEA50, 0xF250, 0xF250, 0xEA50, 0xEA50, 0xEA30, 0xE22F, 0xDA2F, 0xE22F,
    0xE22F, 0xE22F, 0xE22F, 0xE22F, 0xDA0E, 0xDA0E, 0xE22F, 0xEA2F, 0xE22F, 0xE22F, 0xE22F, 0xE22F,
    0xE22F, 0xE22F, 0xE22F, 0xE22F, 0xE2B0, 0xDA0F, 0xE22F, 0xE22F, 0xE22F, 0xDA0F, 0xDA0E, 0xDA0F,
    0xDA2F, 0xDA2F, 0xDAB0, 0xD20E, 0xD20E, 0xDA0E, 0xDA2F, 0xDA2F, 0xE22F, 0xE22F, 0xE22F, 0xE22F,
    0xE22F, 0xEA30, 0xF250, 0xF2D2, 0xF250, 0xF250, 0xEA50, 0xEA30, 0xE22F, 0xE22F, 0xDA2F, 0xE22F,
    0xEA2F, 0xEA50, 0xF250, 0xF250, 0xF250, 0xFA51, 0xFA51, 0xFA51, 0xFA51, 0xFA51, 0xFA51, 0xF250,
    0xF250, 0xF250, 0xF250, 0xF250, 0xFA50, 0xF250, 0xF250, 0xF250, 0xFAF2, 0xFAF2, 0xFA71, 0xFA51,
    0xFA51, 0xFA51, 0xFA51, 0xFA51, 0xF250, 0xF250, 0xFA51, 0xFA51, 0xFA51, 0xFA71, 0xFA71, 0xFA71,
    0xFA51, 0xFA51, 0xF250, 0xF250, 0xEA50, 0xEA30, 0xE22F, 0xE22F, 0xE22F, 0xE22F, 0xE22F, 0xDA0F,
    0xDA0E, 0xDA0E, 0xDA0F, 0xDA0E, 0xDA0E, 0xDA0F, 0xE22F, 0xE22F, 0xE22F, 0xE22F, 0xEA50, 0xF250,
    0xF250, 0xFA51, 0xFA71, 0xFA71, 0xFA72, 0xFA72, 0xFA72, 0xFA71, 0xFA50, 0xEA50, 0xEA30, 0xEA30,
    0xEA50, 0xF250, 0xF250, 0xEA30, 0xE22F, 0xE22F, 0xDA2F, 0xE22F, 0xDA2F, 0xDA0F, 0xDA0E, 0xDA0E,
    0xD20E, 0xCA0E, 0xD20E, 0xDA0F, 0xE22F, 0xE22F, 0xE22F, 0xE22F, 0xE22F, 0xDA2F, 0xDA0E, 0xD20E,
    0xDA0E, 0xDA0E, 0xDA0E, 0xDA0E, 0xDA0E, 0xDA0E, 0xD20E, 0xD20E, 0xDA0E, 0xDA0E, 0xD20E, 0xD20E,
    0xD20E, 0xD20E, 0xDA0E, 0xDA0F, 0xDA2F, 0xDA2F, 0xDA0F, 0xDA2F, 0xE22F, 0xE22F, 0xEA30, 0xEA30,
    0xEA30, 0xEA50, 0xEA30, 0xE22F, 0xE22F, 0xDA2F, 0xDA2F, 0xE22F, 0xE22F, 0xE22F, 0xEA30, 0xF250,
    0xF250, 0xF250, 0xF250, 0xFA50, 0xFA51, 0xFAF2, 0xF250, 0xEA50, 0xEA30, 0xEA30, 0xF250, 0xF250,
    0xEA2F, 0xEA2F, 0xEA2F, 0xEAD1, 0xEA2F, 0xF230, 0xF250, 0xF230, 0xEA30, 0xEAD1, 0xEA30, 0xEA30,
    0xEA2F, 0xEA2F, 0xEA30, 0xEA30, 0xEA30, 0xF250, 0xF250, 0xF250, 0xEA30, 0xEA30, 0xEA2F, 0xE22F,
    0xE22F, 0xDA0F, 0xDA0E, 0xD20E, 0xDA0E, 0xDB52, 0xD20E, 0xD20E, 0xC9EE, 0xD20E, 0xD20E, 0xD20E,
    0xD20E, 0xD20E, 0xD20E, 0xDA0E, 0xDA0F, 0xDA2F, 0xE22F, 0xEAD1, 0xE22F, 0xEA30, 0xF2D2, 0xFA50,
    0xFA51, 0xFA51, 0xFA50, 0xF250, 0xEA2F, 0xDA0F, 0xDA0F, 0xE22F, 0xE2B1, 0xE22F, 0xE22F, 0xE20F,
    0xDA0E, 0xD20E, 0xD20E, 0xD20E, 0xD20E, 0xC9EE, 0xD2AF, 0xC9EE, 0xC1ED, 0xC1ED, 0xC9ED, 0xC9EE,
    0xD20E, 0xD20E, 0xDA0E, 0xDA0E, 0xDA0E, 0xD20E, 0xC9ED, 0xC9ED, 0xC9ED, 0xC9EE, 0xC9EE, 0xD1EE,
    0xD1EE, 0xC9EE, 0xC9ED, 0xC9EE, 0xC9EE, 0xC9ED, 0xC9ED, 0xC9ED, 0xC9ED, 0xC9EE, 0xD20E, 0xD20E,
    0xD20E, 0xD20E, 0xD1EE, 0xD20E, 0xD20E, 0xDA0E, 0xDA0F, 0xDA0F, 0xDA0F, 0xDA0F, 0xDA0F, 0xDA0E,
    0xD20E, 0xD20E, 0xD20E, 0xD20E, 0xD20E, 0xDA0E, 0xE2B0, 0xE2B0, 0xE22F, 0xE22F, 0xE22F, 0xEA2F,
    0xEA30, 0xEA30, 0xE22F, 0xDA0F, 0xDA0F, 0xE20F, 0xE22F, 0xEAD1, 0xE20F, 0xE22F, 0xE22F, 0xE22F,
    0xE22F, 0xEA2F, 0xEA2F, 0xEA30, 0xEA2F, 0xE20F, 0xE22F, 0xE22F, 0xE22F, 0xEA2F, 0xE22F, 0xE22F,
    0xE20F, 0xE22F, 0xEA2F, 0xE22F, 0xE22F, 0xEA2F, 0xE22F, 0xE20F, 0xDA0F, 0xDA0E, 0xD20E, 0xD20E,
    0xD1EE, 0xD20E, 0xD20E, 0xD20E, 0xC9EE, 0xC9EE, 0xD20E, 0xD20E, 0xD20E, 0xD20E, 0xD20E, 0xDA0E,
    0xDA0F, 0xE22F, 0xDA0F, 0xE20F, 0xEA2F, 0xEA2F, 0xEA2F, 0xF230, 0xF250, 0xF230, 0xEA30, 0xEA2F,
    0xE22F, 0xDA0F, 0xDA0E, 0xDA0F, 0xE20F, 0xE20F, 0xDA0F, 0xDA0E, 0xD20E, 0xC9EE, 0xC9ED, 0xC9EE,
    0xC9EE, 0xC9ED, 0xC9ED, 0xC9ED, 0xC1ED, 0xC1ED, 0xC9ED, 0xC9EE, 0xC9EE, 0xD20E, 0xDA0E, 0xDA0E,
    0xDA0E, 0xD1EE, 0xC9ED, 0xC9ED, 0xC9ED, 0xC9ED, 0xC9EE, 0xD1EE, 0xC9EE, 0xC9EE, 0xC9ED, 0xC9ED,
    0xC9EE, 0xC9ED, 0xC1ED, 0xC1ED, 0xC1ED, 0xD28F, 0xC9EE, 0xC9EE, 0xC9ED, 0xC9ED, 0xC9ED, 0xC9ED,
    0xD1EE, 0xD1EE, 0xD20E, 0xD20E, 0xD20E, 0xD20E, 0xD1EE, 0xD20E, 0xD20E, 0xD20E, 0xC9EE, 0xC9EE,
    0xD20E, 0xD20E, 0xDA0E, 0xDA0E, 0xD20E, 0xDA0E, 0xDA0F, 0xDA0F, 0xE20F, 0xE22F, 0xE20F, 0xDA0E,
    0xDA0E, 0xDA0F, 0xE20F, 0xE20F, 0xE22F, 0xEAD1, 0xEA30, 0xEA30, 0xEA30, 0xEA30, 0xF230, 0xF2D1,
    0xEA30, 0xEA30, 0xEA30, 0xEA2F, 0xEA2F, 0xEA2F, 0xEA2F, 0xE22F, 0xE22F, 0xE22F, 0xEAD1, 0xE22F,
    0xE22F, 0xEA2F, 0xEA30, 0xEA30, 0xE22F, 0xE22F, 0xE22F, 0xE20F, 0xDA0F, 0xDA0F, 0xDA0F, 0xDA0E,
    0xD20E, 0xD20E, 0xDA0E, 0xDA0E, 0xDA0F, 0xE22F, 0xE22F, 0xE22F, 0xEA2F, 0xEA30, 0xEA2F, 0xEA2F,
    0xEA30, 0xF230, 0xF230, 0xF250, 0xFA50, 0xFAD2, 0xF2D2, 0xF230, 0xEA30, 0xEA2F, 0xE22F, 0xE22F,
    0xE22F, 0xE22F, 0xE22F, 0xDA0F, 0xD20E, 0xD20E, 0xD20E, 0xD20E, 0xD20E, 0xC9EE, 0xD2AF, 0xC9EE,
    0xC9ED, 0xC9ED, 0xD2B0, 0xD20E, 0xD20E, 0xDA0E, 0xE2B0, 0xDA0F, 0xDA0F, 0xDA0E, 0xDA0E, 0xDA0E,
    0xD20E, 0xD20E, 0xDA0E, 0xDA0E, 0xD20E, 0xD20E, 0xD20E, 0xD20E, 0xD20E, 0xD20E, 0xD1EE, 0xC9EE,
    0xD1EE, 0xD20E, 0xD20E, 0xD20E, 0xD20E, 0xD1EE, 0xD20E, 0xD20E, 0xD20E, 0xD20E, 0xD20E, 0xDA0E,
    0xDA0F, 0xDA0E, 0xDA0E, 0xDA0E, 0xDA0E, 0xD20E, 0xD20E, 0xD20E, 0xDA0E, 0xDA0E, 0xDA0F, 0xDA0F,
    0xDA0F, 0xE20F, 0xE22F, 0xE22F, 0xE22F, 0xEA2F, 0xE22F, 0xE22F, 0xE22F, 0xE22F, 0xEA2F, 0xEA30,
    0xEA30, 0xEA30, 0xF230, 0xF250, 0xF250, 0xF250, 0xF250, 0xF2D2, 0xF250, 0xF250, 0xF250, 0xEA30,
    0xEA30, 0xEA2F, 0xEA2F, 0xEA2F, 0xE22F, 0xE22F, 0xEA2F, 0xEA2F, 0xEAD1, 0xEA30, 0xEA30, 0xF250,
    0xF250, 0xF230, 0xEA30, 0xEA30, 0xEA30, 0xEA2F, 0xE22F, 0xE22F, 0xDA0F, 0xDAB0, 0xDA0F, 0xDA0F,
    0xE22F, 0xEA30, 0xF250, 0xF250, 0xF250, 0xF250, 0xF250, 0xF250, 0xF230, 0xF250, 0xFA51, 0xFA51,
    0xFA51, 0xFAF2, 0xFA51, 0xF250, 0xF250, 0xFA50, 0xF2D2, 0xEA30, 0xEA2F, 0xEA2F, 0xEA2F, 0xE22F,
    0xDA0E, 0xDA0F, 0xDA0F, 0xD20E, 0xD20E, 0xD20E, 0xD20E, 0xC9EE, 0xD1EE, 0xD20E, 0xD20E, 0xDA0E,
    0xDA0F, 0xE22F, 0xEA2F, 0xE22F, 0xE22F, 0xE22F, 0xE22F, 0xE22F, 0xE22F, 0xDA0F, 0xDA0F, 0xE22F,
    0xDA0E, 0xDA0E, 0xDA0E, 0xDA0E, 0xDA0E, 0xDA0E, 0xDA0E, 0xDA0E, 0xD20E, 0xDA0E, 0xD20E, 0xD20E,
    0xD20E, 0xDA0E, 0xDA0F, 0xDA0F, 0xDA0E, 0xDA0E, 0xDA0E, 0xDA0F, 0xE22F, 0xE22F, 0xE22F, 0xDA0E,
    0xDA0E, 0xDA0E, 0xDA0F, 0xE22F, 0xDA0F, 0xDA0F, 0xE22F, 0xE22F, 0xE22F, 0xE22F, 0xEA2F, 0xEA30,
    0xEA30, 0xEA30, 0xEA30, 0xEA30, 0xEA30, 0xF230, 0xF250, 0xFA50, 0x914C, 0x790A, 0xA14D, 0x994D,
    0xA96E, 0x994D, 0x892B, 0x994D, 0x912C, 0xB98F, 0x994D, 0xA16D, 0x89CC, 0x892C, 0x994D, 0xA96E,
    0xB18F, 0x914C, 0xA96E, 0x912C, 0xC190, 0xB18F, 0xC1B0, 0xA96E, 0xA14D, 0xB18F, 0xB990, 0xF1F4,
    0xC9B1, 0xD1B1, 0xA14D, 0xB98F, 0xC190, 0xD1B1, 0xD1B1, 0xA96E, 0xB16F, 0x994D, 0xD1B1, 0xC1B0,
    0xD1D2, 0xB230, 0xA96E, 0xC190, 0xC9B1, 0xF215, 0xD272, 0xE1D3, 0xB16F, 0xE1D2, 0xD9D2, 0xF214,
    0xD9D2, 0xB16F, 0xB990, 0xB16E, 0xE1F3, 0xC9B1, 0xD9D2, 0xA14D, 0xA96E, 0xA96E, 0xB18F, 0xC1B0,
    0xA14D, 0xA96E, 0x892B, 0xB98F, 0xB98F, 0xD1B1, 0xB98F, 0xA14D, 0xA96E, 0xA16D, 0xD1B1, 0xB98F,
    0xC9B1, 0x994D, 0xA96E, 0xA96E, 0xC190, 0xD1D1, 0xB16E, 0xB98F, 0x994D, 0xD1B2, 0xC9B1, 0xF1F4,
    0xD1B1, 0xC190, 0xC9B1, 0xD9D2, 0xFA37, 0xE9F3, 0xFA14, 0xB96F, 0xD9D2, 0xD9D2, 0xF216, 0xF215,
    0xD1B1, 0xD1B2, 0xB16F, 0xF1F4, 0xD9D2, 0xF1F4, 0xC190, 0xB990, 0xB990, 0xC9B0, 0xE9F3, 0xC9B1,
    0xD272, 0x994D, 0xB98F, 0xBA30, 0xD1B1, 0xC190, 0xA96E, 0xA14D, 0x912C, 0xC1B0, 0xB18F, 0xD1B1,
    0xA16D, 0xB16E, 0xA96E, 0xB98F, 0x994D, 0x810B, 0xA96E, 0xA16E, 0xB16E, 0x994D, 0x892B, 0xA14D,
    0x994D, 0xC9B1, 0xA14D, 0xA16D, 0x810A, 0x914C, 0xA14D, 0xB16E, 0xB990, 0xA20E, 0xA96E, 0x994C,
    0xD1B1, 0xC190, 0xD1B1, 0xB18F, 0xA96E, 0xB98F, 0xB98F, 0xE1F3, 0xB16F, 0xB990, 0x912C, 0xB98F,
    0xC190, 0xC9B1, 0xC9B1, 0xA14D, 0xB16F, 0xAA0F, 0xDA73, 0xC9B1, 0xE1F3, 0xC190, 0xC190, 0xD272,
    0xD9D2, 0xFA15, 0xD1B1, 0xD9D2, 0xA96E, 0xD9D2, 0xD9D2, 0xE9F3, 0xD9D2, 0xB16F, 0xB990, 0xA96E,
    0xE1D2, 0xC190, 0xC9B1, 0x994D, 0x994D, 0xAA0F, 0xB16E, 0xD272, 0xA96E, 0xBA30, 0x912C, 0xB990,
    0xB98F, 0xD1D2, 0xC190, 0xA96E, 0xB16F, 0xA96E, 0xD9D2, 0xB98F, 0xC9B1, 0x914C, 0xA16E, 0xA96E,
    0xB990, 0xC9B1, 0xB16E, 0xC190, 0xA14D, 0xD9D2, 0xD1B1, 0xF1F4, 0xD1B1, 0xC190, 0xC9B1, 0xD1B1,
    0xFA36, 0xE1D2, 0xF1F4, 0xB16F, 0xD9D2, 0xD9D2, 0xF215, 0xF215, 0xC9B1, 0xD1B1, 0xB16F, 0xF1F4,
    0xD9D2, 0xFA15, 0xC9B1, 0xC190, 0xC251, 0xC9B0, 0xE1F3, 0xC190, 0xC9B1, 0x994D, 0xC190, 0xB98F,
    0xD1B1, 0xC190, 0xA96E, 0xA96E, 0x994D, 0xC9B1, 0xB98F, 0xD1D1, 0xA14D, 0xB16E, 0xB16F, 0xD1B1,
    0x994D, 0x810B, 0xB18F, 0xB16F, 0xB990, 0xA96E, 0x914C, 0xA96E, 0xA14D, 0xC1B0, 0xA14D, 0xA14D,
    0x810A, 0x994D, 0xA96E, 0xB98F, 0xC9B0, 0xA14D, 0xB18F, 0x994D, 0xC9B1, 0xCA51, 0xD9D2, 0xB98F,
    0xA14D, 0xB16F, 0xB16E, 0xD9D2, 0xA96E, 0xB98F, 0x912C, 0xB16E, 0xB18F, 0xC9B1, 0xC9B1, 0xA14E,
    0xB18F, 0xB20F, 0xE1D3, 0xD1B1, 0xE1D3, 0xB990, 0xC190, 0xD1B1, 0xD1B2, 0xFAB6, 0xC9B1, 0xD1B1,
    0xA14D, 0xD1B1, 0xD1B1, 0xE9F3, 0xD9D2, 0xB16F, 0xC251, 0xA96E, 0xD9D2, 0xB18F, 0xC190, 0x994C,
    0xA14D, 0xA96E, 0xB98F, 0xD1B1, 0xA96E, 0xBA30, 0x912C, 0xC190, 0xB98F, 0xC9B1, 0xB18F, 0xA14D,
    0xA96E, 0xA14E, 0xD9D2, 0xB98F, 0xC9B1, 0x994D, 0xA96E, 0xB16F, 0xC1B0, 0xC9B1, 0xA96E, 0xB98F,
    0x994D, 0xD1B1, 0xC9B1, 0xE1D3, 0xB98F, 0xB16E, 0xB98F, 0xC9B0, 0xFA15, 0xD9D2, 0xE9F3, 0xB16E,
    0xC9B1, 0xC9B0, 0xE1D2, 0xD9D2, 0xC190, 0xC190, 0xA14D, 0xE1D2, 0xD1B1, 0xF1F4, 0xC190, 0xB98F,
    0xB98F, 0xC190, 0xE9F3, 0xC9B1, 0xD9D2, 0xA14D, 0xD1B1, 0xC9B1, 0xE1F3, 0xD9D2, 0xB98F, 0xB990,
    0xB230, 0xE1F3, 0xD1B1, 0xE9F3, 0xB16F, 0xB990, 0xC190, 0xD9D2, 0xA16D, 0x892B, 0xB18F, 0xBA30,
    0xB18F, 0xA16E, 0x912C, 0xA14D, 0x994D, 0xC1B0, 0xA14D, 0xA96E, 0x892B, 0x994D, 0xA96E, 0xB98F,
    0xC9B1, 0xA16E, 0xB18F, 0x994C, 0xC9B1, 0xB98F, 0xC9B0, 0xA96E, 0x994D, 0xA96E, 0xB16E, 0xD9D2,
    0xB16F, 0xC251, 0x912C, 0xB16F, 0xB990, 0xC9B1, 0xC1B0, 0xA14D, 0xB16F, 0xA14D, 0xD9D2, 0xC9B0,
    0xD9D2, 0xB16F, 0xB16E, 0xB98F, 0xC190, 0xE9F3, 0xC190, 0xC9B1, 0xA14D, 0xC9B1, 0xD1B1, 0xE1F3,
    0xD1B2, 0xA96E, 0xB16F, 0xA14D, 0xD9D2, 0xC190, 0xD1B1, 0xA14D, 0xAA0F, 0xA96E, 0xB98F, 0xD1B1,
    0xA96E, 0xB98F, 0x912C, 0xB990, 0xB16F, 0xC1B0, 0xB16E, 0x994C, 0x994D, 0xA1EE, 0xC9B1, 0xA96E,
    0xB990, 0x994D, 0xB16F, 0xB98F, 0xC9B1, 0xD1D2, 0xB16E, 0xB16F, 0x912C, 0xB990, 0xBA30, 0xD1B1,
    0xB16F, 0xA14D, 0xA96E, 0xB98F, 0xE9F3, 0xD2F3, 0xDA73, 0xA14D, 0xC190, 0xB990, 0xD1D1, 0xD1B1,
    0xB98F, 0xB990, 0xA14D, 0xD9D2, 0xC9B0, 0xE1F3, 0xB98F, 0xB98F, 0xB98F, 0xC190, 0xE9F3, 0xD1B1,
    0xE1D3, 0xB16E, 0xD9D2, 0xD1B2, 0xF215, 0xE1F3, 0xC1B0, 0xC9B1, 0xB16F, 0xF1F4, 0xD9D2, 0xF1F4,
    0xB98F, 0xC190, 0xB990, 0xD1B1, 0xA14D, 0x812B, 0xB16E, 0xA96E, 0xB16F, 0xA14D, 0x91ED, 0x994D,
    0x994D, 0xC1B0, 0xA16D, 0xB16E, 0x810B, 0x914C, 0xA16D, 0xB98F, 0xD1B1, 0xA96E, 0xB18F, 0x912C,
    0xB990, 0xA96E, 0xB18F, 0x914C, 0x912C, 0xA96E, 0xA96E, 0xDA73, 0xB990, 0xC9B1, 0x994D, 0xC190,
    0xC9B1, 0xD9D2, 0xD1D2, 0xA96E, 0xB18F, 0xA14D, 0xD1D2, 0xB990, 0xD1B1, 0xA96E, 0xA14D, 0xA96E,
    0xA96E, 0xC9B1, 0xA96E, 0xB18F, 0x892C, 0xB18F, 0xB18F, 0xC9B0, 0xB16F, 0x912C, 0xA14D, 0x994D,
    0xD1B1, 0xB18F, 0xC1B0, 0x994D, 0xA14D, 0xA96E, 0xB18F, 0xC9B1, 0xA14D, 0xA96E, 0x810B, 0xA14D,
    0x994D, 0xA96E, 0x994D, 0x892B, 0xA20E, 0x994D, 0xC9B1, 0xB230, 0xB98F, 0x912C, 0xA16D, 0xB210,
    0xC190, 0xDA73, 0xB16F, 0xB98F, 0x994D, 0xC9B1, 0xC190, 0xD9D2, 0xB16F, 0xA14D, 0xA96E, 0xA96E,
    0xD1D2, 0xB18F, 0xC190, 0x912C, 0xB16F, 0xB18F, 0xD1D2, 0xD9D2, 0xB98F, 0xC190, 0xA96E, 0xD9D2,
    0xC9B0, 0xE9F3, 0xB990, 0xC190, 0xC990, 0xD9D2, 0xFA15, 0xD9D2, 0xE1D3, 0xA96E, 0xD1B2, 0xD1B1,
    0xF214, 0xE1F3, 0xC9B1, 0xC9B1, 0xB16F, 0xF1F4, 0xD9D2, 0xF1F4, 0xB16F, 0xB16F, 0xB16F, 0xC9B0,
    0xB16F, 0x912C, 0xC190, 0xB990, 0xC9B0, 0xA96E, 0x912C, 0xA14D, 0xA14D, 0xD1B1, 0xA96E, 0xB98F,
    0x912C, 0xA96E, 0xB18F, 0xC1B0, 0xD1D1, 0xA96E, 0xB18F, 0x914C, 0xC190, 0xB16F, 0xB990, 0xA14D,
    0x994D, 0xB16F, 0xB16F, 0xE1D2, 0xB990, 0xC9B1, 0xA20E, 0xB18F, 0xB98F, 0xC9B1, 0xD1B1, 0xA96E,
    0xC231, 0x994D, 0xD1B1, 0xB98F, 0xCA52, 0x994D, 0xA1EE, 0x994D, 0xA14D, 0xB98F, 0x912C, 0xA14D,
    0x810A, 0x994D, 0xB2B1, 0xB98F, 0xB16E, 0x914C, 0xA14D, 0x912C, 0xC190, 0xA96E, 0xB98F, 0x892C,
    0x912C, 0x892C, 0x912C, 0xA16D, 0x812B, 0x892C, 0x81AC, 0xA20E, 0x914C, 0xA96E, 0x914C, 0x812B,
    0x912C, 0x892B, 0xB18F, 0xA16D, 0xB98F, 0x914C, 0xA96E, 0xB16F, 0xC9B1, 0xD9D2, 0xB16F, 0xB18F,
    0x912C, 0xC190, 0xB98F, 0xDA73, 0xB16E, 0xA14E, 0xA96E, 0xA96E, 0xD9D2, 0xB98F, 0xC9B1, 0x994D,
    0xB990, 0xC190, 0xD9D2, 0xD9D2, 0xB98F, 0xB990, 0xA14D, 0xD1D2, 0xC1B0, 0xE1F3, 0xB98F, 0xB990,
    0xC190, 0xD272, 0xF215, 0xD1B1, 0xD9D2, 0xA14D, 0xC190, 0xB990, 0xE1F3, 0xD9D2, 0xB98F, 0xB990,
    0xA96E, 0xE9F3, 0xD1B1, 0xE9F4, 0xB98F, 0xC190, 0xB98F, 0xDA73, 0xB990, 0x994D, 0xD1B1, 0xC9B1,
    0xD9D2, 0xB990, 0xA14D, 0xB16F, 0xB16E, 0xE1F3, 0xC190, 0xC9B1, 0xA14D, 0xB18F, 0xC190, 0xD1B1,
    0xD9D2, 0xB16E, 0xC190, 0xA14D, 0xD1B1, 0xB990, 0xC1B0, 0xA16D, 0x994D, 0xB18F, 0xB990, 0xF1F4,
    0xC1B0, 0xD1B1, 0xA14D, 0xC190, 0xC9B0, 0xD9D2, 0xD1D2, 0xA96E, 0xB98F, 0xA14D, 0xD9D2, 0xC1B0,
    0xDA73, 0xA96E, 0xA96E, 0xB16F, 0xB16F, 0xD1B1, 0xA96E, 0xB16E, 0x892B, 0xB16E, 0xB16F, 0xC9B1,
    0xB990, 0xA14D, 0xA96E, 0x994D, 0xC9B0, 0xA96E, 0xB18F, 0x892B, 0x912C, 0x914C, 0x994D, 0xB16E,
    0x912C, 0x994D, 0x790A, 0x994D, 0x994D, 0xB18F, 0xA14D, 0x912C, 0x994D, 0x912C, 0xC190, 0xA96E,
    0xC190, 0x912C, 0xA96E, 0xB16F, 0xD2F3, 0xD1B1, 0xB16E, 0xB98F, 0x994D, 0xC9B1, 0xC190, 0xD9D2,
    0xB990, 0xB16E, 0xB16F, 0xB16F, 0xD9D2, 0xC190, 0xC9B1, 0x994D, 0xB98F, 0xB990, 0xD9D2, 0xE1D3,
    0xB990, 0xC190, 0xA96E, 0xD9D2, 0xC190, 0xE1D3, 0xB98F, 0xB18F, 0xBA31, 0xC190, 0xE1F3, 0xC190,
    0xC9B1, 0x994D, 0xB990, 0xB98F, 0xD9D2, 0xD1B1, 0xB98F, 0xC190, 0xB16E, 0xE1D3, 0xD272, 0xF1F4,
    0xB98F, 0xC190, 0xC190, 0xDA73, 0xC1B0, 0xA14D, 0xD9D2, 0xD9D2, 0xF1F4, 0xD1B1, 0xB16F, 0xD1B1,
    0xC9B0, 0xFAB6, 0xC9B1, 0xD1B1, 0xA96E, 0xC190, 0xC9B1, 0xD9D2, 0xE1D3, 0xB16F, 0xC190, 0xA14D,
    0xD9D2, 0xC190, 0xC9B0, 0xA16E, 0xA14D, 0xB98F, 0xC190, 0xFA15, 0xD1B1, 0xE1D2, 0xB16F, 0xD1B2,
    0xD9D2, 0xE9F3, 0xE1D3, 0xB16F, 0xC190, 0xA14E, 0xD9D2, 0xC9B0, 0xD9D2, 0xB98F, 0xB16F, 0xC190,
    0xC9B0, 0xE1F3, 0xB98F, 0xC1B0, 0x994D, 0xC190, 0xCA52, 0xD9D2, 0xD1B1, 0xBA31, 0xB990, 0xA96E,
    0xC9B1, 0xA96E, 0xB18F, 0x892B, 0x912C, 0xA14D, 0xB18F, 0xC1B0, 0xA14D, 0xA96E, 0x810B, 0xA96E,
    0xAA0F, 0xB98F, 0xA96E, 0x994D, 0xA96E, 0xA14D, 0xC9B0, 0xA96E, 0xB98F, 0x912C, 0xA14D, 0xA96E,
    0xC9B0, 0xD9D2, 0xB98F, 0xCA52, 0xA14E, 0xD9D2, 0xC9B1, 0xE1F3, 0xC190, 0xBA30, 0xB16F, 0xB16E,
    0xD9D2, 0xB98F, 0xC190, 0x912C, 0xB16F, 0xB98F, 0xD9D2, 0xD9D2, 0xB98F, 0xB990, 0xA14D, 0xD9D2,
    0xC9B1, 0xE1D2, 0xB16F, 0xBA30, 0xB230, 0xB16E, 0xD1B1, 0xB98F, 0xC1B0, 0x912C, 0xB18F, 0xB16F,
    0xD9D2, 0xD1B1, 0xB990, 0xC190, 0xB16E, 0xE9F3, 0xD1B1, 0xF1F4, 0xB18F, 0xB98F, 0xB98F, 0xD1B1,
    0xD1B1, 0xA96E, 0xD9D2, 0xD9D2, 0xE9F4, 0xD9D2, 0xC231, 0xD1B1, 0xC9B1, 0xFA15, 0xD1B2, 0xE1D3,
    0xB16F, 0xC9B0, 0xD1B1, 0xD9D2, 0xD9D2, 0xA96E, 0xB18F, 0x994D, 0xD1D2, 0xC9B1, 0xD9D2, 0xB98F,
    0xB16E, 0xC1B0, 0xC9B1, 0xFA15, 0xD1B2, 0xE1D3, 0xA96E, 0xD1B2, 0xD9D2, 0xF1F4, 0xE9F3, 0xB18F,
    0xC190, 0xA96E, 0xE1D2, 0xC9B1, 0xD9D2, 0xB98F, 0xB98F, 0xC9B1, 0xD1B1, 0xF1F4, 0xC190, 0xC9B1,
    0x994D, 0xC9B1, 0xD1B1, 0xE1F3, 0xD9D2, 0xBA30, 0xB98F, 0xA14D, 0xD1B1, 0xB16E, 0xB18F, 0x892B,
    0x994C, 0xA14D, 0xB16F, 0xC9B1, 0xA96E, 0xB98F, 0x912C, 0xB98F, 0xB18F, 0xC9B1, 0xB16E, 0x994D,
    0xA96E, 0x994D, 0xCA52, 0xA96E, 0xC190, 0x994D, 0xB16F, 0xB98F, 0xD1B2, 0xEA94, 0xC190, 0xC9B1,
    0xA96E, 0xE1D3, 0xC9B1, 0xE1D2, 0xB98F, 0xA96E, 0xA96E, 0xB16E, 0xD9D2, 0xC190, 0xD1B1, 0x994D,
    0xB98F, 0xB18F, 0xD1D2, 0xD1B1, 0xA96E, 0xB16F, 0x994D, 0xD1B1, 0xC190, 0xD9D2, 0xB16F, 0xB16E,
    0xB16F, 0xB990, 0xE1F3, 0xC1B0, 0xC9B1, 0x994D, 0xC190, 0xC190, 0xE1D3, 0xD9D2, 0xC190, 0xC190,
    0xA96E, 0xE1D3, 0xC9B1, 0xE9F3, 0xB16F, 0xB98F, 0xB16F, 0xC9B1, 0xC1B0, 0xA14D, 0xD9D2, 0xD1D2,
    0xE1D2, 0xCA51, 0xA14E, 0xB990, 0xB98F, 0xF215, 0xD1B1, 0xD9D2, 0xA96E, 0xC190, 0xD9D2, 0xE1D3,
    0xE9F3, 0xB16F, 0xC1B0, 0xA96E, 0xE9F3, 0xD9D2, 0xF1F4, 0xD1B1, 0xB990, 0xC9B1, 0xD1B1, 0xFA15,
    0xD1B1, 0xD9D2, 0xA96E, 0xC9B1, 0xD1D2, 0xE1D3, 0xDA73, 0xB16F, 0xC190, 0xA14E, 0xE1D2, 0xD1B1,
    0xE1D3, 0xB96F, 0xB16F, 0xC9B0, 0xD1B1, 0xFA15, 0xD1B2, 0xE1D3, 0xB16F, 0xE1D3, 0xE1D3, 0xF215,
    0xE1F3, 0xB990, 0xC190, 0xA96E, 0xE1D2, 0xB98F, 0xC251, 0x892B, 0x912C, 0x914C, 0xA14D, 0xA96E,
    0x892B, 0x994C, 0x790A, 0xA96E, 0xA96E, 0xC190, 0xA96E, 0x914C, 0xA14D, 0x994D, 0xC9B1, 0xB98F,
    0xD1B1, 0xA14D, 0xB16F, 0xB98F, 0xD1B1, 0xE1F3, 0xC190, 0xD1B1, 0xB16E, 0xE9F3, 0xD1B2, 0xE1F3,
    0xB18F, 0xA14D, 0xA96E, 0xA96E, 0xDA73, 0xC190, 0xD9D2, 0xA14D, 0xC190, 0xB990, 0xD9D2, 0xD9D2,
    0xB18F, 0xB98F, 0xA14D, 0xD9D2, 0xC9B1, 0xEA94, 0xB98F, 0xB16E, 0xB16F, 0xC1B0, 0xE9F3, 0xC9B1,
    0xD9D2, 0xA94E, 0xD1B1, 0xC9B1, 0xE9F4, 0xD9D2, 0xC190, 0xC9B0, 0xB16F, 0xE9F3, 0xC9B1, 0xD9D2,
    0xA96E, 0xA96E, 0xA96E, 0xB98F, 0xC251, 0xA14D, 0xD9D2, 0xC9B1, 0xD273, 0xB98F, 0xA14D, 0xB18F,
    0xB18F, 0xF1F4, 0xC9B1, 0xD9D2, 0xB16E, 0xC9B1, 0xD1B2, 0xD9D2, 0xE1F3, 0xB16F, 0xC190, 0xA14E,
    0xE1D3, 0xDA73, 0xE9F3, 0xC190, 0xB16F, 0xC190, 0xC190, 0xE9F3, 0xCA52, 0xD1B1, 0xA14D, 0xC190,
    0xD252, 0xEA94, 0xE1D3, 0xB18F, 0xC190, 0xA96E, 0xE1F3, 0xD1B1, 0xE9F3, 0xB990, 0xB98F, 0xC1B0,
    0xD252, 0xE9F4, 0xC190, 0xC9B1, 0xA14D, 0xD1B1, 0xC9B1, 0xD9D2, 0xC9B1, 0xA96E, 0xB18F, 0xA14D,
    0xD1B1, 0xB16E, 0xB98F, 0x892B, 0x892B, 0x912C, 0xA14D, 0xA96E, 0x892B, 0x914C, 0x790A, 0xB16F,
    0xB18F, 0xD1B1, 0xB990, 0xA96E, 0xB18F, 0xB16F, 0xE1F3, 0xC190, 0xD1D2, 0xA14D, 0xB16F, 0xB98F,
    0xD1B1, 0xE1D3, 0xB990, 0xC9B1, 0xA96E, 0xE1D3, 0xD1B1, 0xE1D3, 0xB98F, 0xA96E, 0xB16F, 0xB98F,
    0xE1F3, 0xC190, 0xD1B1, 0xA14D, 0xB990, 0xB990, 0xE1D2, 0xE1D3, 0xC190, 0xC1B0, 0xA14D, 0xE1D3,
    0xD1D2, 0xE9F4, 0xB98F, 0xB18F, 0xB98F, 0xC190, 0xE9F3, 0xC9B1, 0xD9D2, 0xA14D, 0xC9B0, 0xC190,
    0xE9F4, 0xD9D2, 0xC251, 0xC190, 0xA96E, 0xE1D2, 0xC9B0, 0xE1D2, 0xA96E, 0xA96E, 0xA96E, 0xB990,
    0xC190, 0xA14D, 0xD1B1, 0xC9B0, 0xD1B1, 0xB990, 0xA14D, 0xB16F, 0xA96E, 0xE1F3, 0xC251, 0xC9B1,
    0xA14D, 0xB98F, 0xC190, 0xCA52, 0xD1B1, 0xA16D, 0xB18F, 0xA14D, 0xD9D2, 0xD272, 0xD9D2, 0xB98F,
    0xA14E, 0xB16F, 0xB16F, 0xE1D2, 0xB990, 0xC9B1, 0x994D, 0xB990, 0xC9B1, 0xD9D2, 0xD1D2, 0xA96E,
    0xC251, 0xA14E, 0xE1D2, 0xC9B1, 0xD9D2, 0xB16E, 0xA96E, 0xB98F, 0xC190, 0xE1D3, 0xB16F, 0xB990,
    0x912C, 0xB98F, 0xB98F, 0xC9B1, 0xC1B0, 0xA96E, 0xB16E, 0x994D, 0xC190, 0xA16D, 0xB16E, 0x892B,
    0x912C, 0x994D, 0xB230, 0xC251, 0x994D, 0xA14D, 0x810A, 0xA96E, 0xB16E, 0xC9B1, 0xB18F, 0xAA0F,
    0xB16F, 0xB16F, 0xE9F3, 0xC9B1, 0xD9D2, 0xA16E, 0xB98F, 0xB98F, 0xDA73, 0xE9F3, 0xC190, 0xC1B0,
    0xA14D, 0xDA73, 0xC9B1, 0xE1F3, 0xB990, 0xB16F, 0xB98F, 0xC190, 0xE9F4, 0xC9B1, 0xD1D1, 0x994D,
    0xC190, 0xC190, 0xE9F3, 0xE9F4, 0xC9B1, 0xC9B1, 0xA96E, 0xE1D2, 0xC9B1, 0xEA94, 0xB18F, 0xB18F,
    0xB98F, 0xC9B0, 0xE9F3, 0xC190, 0xD1D2, 0xA14D, 0xC9B1, 0xC9B1, 0xE9F3, 0xDA73, 0xB98F, 0xB16F,
    0xA14D, 0xD9D2, 0xC9B0, 0xD9D2, 0xA96E, 0xB16F, 0xB16F, 0xC1B0, 0xB98F, 0x994C, 0xC1B0, 0xC190,
    0xD1B1, 0xB98F, 0x994D, 0xB18F, 0xA96E, 0xD9D2, 0xA96E, 0xBA30, 0x912C, 0xA16E, 0xB16E, 0xB98F,
    0xC9B1, 0xAA0F, 0xA96E, 0x994D, 0xD1D1, 0xCA52, 0xD1B1, 0xB16F, 0xA16D, 0xC231, 0xB990, 0xE9F4,
    0xC190, 0xC190, 0x912C, 0xB230, 0xB16E, 0xC251, 0xB98F, 0x994C, 0xA96E, 0x914C, 0xC9B1, 0xB18F,
    0xC190, 0x994C, 0x912C, 0xAA0F, 0xA16E, 0xC9B1, 0xA96E, 0xB98F, 0x914C, 0xB990, 0xB990, 0xD1D2,
    0xC190, 0xA14D, 0xA96E, 0x994D, 0xC1B0, 0xA16E, 0xB18F, 0x892B, 0x914C, 0xA14D, 0xB18F, 0xC9B1,
    0xA16E, 0xA96E, 0x810B, 0xB16F, 0xB16E, 0xC9B1, 0xB16F, 0x994D, 0xA96E, 0xA16E, 0xD9D2, 0xC190,
    0xD9D2, 0xB16E, 0xC9B0, 0xC9B1, 0xE1D2, 0xE9F3, 0xC190, 0xC9B1, 0xA14E, 0xD9D2, 0xC9B0, 0xE1D2,
    0xB990, 0xB16E, 0xB98F, 0xB990, 0xF1F4, 0xD1B1, 0xE1D3, 0xA96E, 0xC9B0, 0xC190, 0xE1D3, 0xE1D2,
    0xB98F, 0xB98F, 0x994D, 0xC1B0, 0xB16F, 0xD1B1, 0xA96E, 0xB16F, 0xB18F, 0xC1B0, 0xE9F3, 0xC9B0,
    0xD9D2, 0xB210, 0xD1B1, 0xC9B1, 0xE9F3, 0xD9D2, 0xB98F, 0xB98F, 0xA14E, 0xE1D3, 0xD1B1, 0xE9F3,
    0xB16F, 0xB990, 0xC190, 0xD9D2, 0xA96E, 0x892C, 0xB98F, 0xB18F, 0xC190, 0xB16E, 0x994D, 0xB98F,
    0xB16F, 0xEA94, 0xB990, 0xC9B1, 0xA14D, 0xB16F, 0xC190, 0xC9B0, 0xD273, 0xA14D, 0xB230, 0x912C,
    0xC9B1, 0xC190, 0xD272, 0xB16F, 0xA14D, 0xB16F, 0xB16F, 0xD9D2, 0xB16F, 0xC190, 0x994D, 0xB98F,
    0xC190, 0xD1B1, 0xC9B1, 0xA14D, 0xB16E, 0x994D, 0xC9B1, 0xB98F, 0xC1B0, 0x994D, 0x912C, 0x994D,
    0xA96E, 0xC9B1, 0xA96E, 0xB98F, 0x912C, 0xB98F, 0xB18F, 0xC1B0, 0xB98F, 0x994D, 0xA14D, 0x912C,
    0xB98F, 0xA14D, 0xB18F, 0x892B, 0x912C, 0xA14D, 0xB18F, 0xD1D1, 0xB16E, 0xB16F, 0x912C, 0xC1B0,
    0xC190, 0xD9D2, 0xC190, 0xA96E, 0xB16E, 0xA96E, 0xD9D2, 0xC190, 0xD1D2, 0xA96E, 0xB98F, 0xB98F,
    0xD1B1, 0xE1D3, 0xB990, 0xC9B0, 0xA14E, 0xE1D2, 0xD1B1, 0xF1F4, 0xC9B1, 0xB98F, 0xC190, 0xC190,
    0xF214, 0xD1B2, 0xE1D3, 0xA94E, 0xC9B1, 0xC9B1, 0xE1D3, 0xD9D2, 0xB16E, 0xB16F, 0x994D, 0xC9B1,
    0xB98F, 0xC9B1, 0xB20F, 0xA96E, 0xB16F, 0xB990, 0xE1F3, 0xC190, 0xC9B1, 0x994D, 0xC1B0, 0xC190,
    0xE9F4, 0xDA73, 0xB990, 0xC190, 0xA96E, 0xE1D3, 0xC9B1, 0xE1D3, 0xA96E, 0xA96E, 0xA96E, 0xB990,
    0xB98F, 0x994C, 0xC1B0, 0xC190, 0xC9B1, 0xB98F, 0xA14D, 0xB16F, 0xB16E, 0xE1F3, 0xC1B0, 0xD1D2,
    0xA96E, 0xB990, 0xC1B0, 0xC9B0, 0xC9B0, 0x994D, 0xB16E, 0x912C, 0xC9B1, 0xC9B0, 0xD9D2, 0xB98F,
    0xA14D, 0xB16F, 0xBA30, 0xD1D1, 0xB230, 0xBA31, 0x892B, 0xA96E, 0xB18F, 0xC190, 0xB990, 0x994D,
    0xB20F, 0x912C, 0xC1B0, 0xA96E, 0xB990, 0x994D, 0x994D, 0xA96E, 0xB98F, 0xD1D1, 0xA16D, 0xA96E,
    0x892B, 0xA96E, 0xA96E, 0xC190, 0xB16F, 0x912C, 0x994D, 0x892C, 0xC190, 0xA96E, 0xB990, 0x914C,
    0xA14D, 0xB16F, 0xC9B1, 0xE1D2, 0xB98F, 0xC190, 0xAA0F, 0xD1B1, 0xD1B1, 0xEA95, 0xC9B1, 0xB16F,
    0xB98F, 0xB16F, 0xE1F3, 0xC9B0, 0xD9D2, 0xA14D, 0xB16F, 0xB16E, 0xC9B1, 0xE1D2, 0xB990, 0xC9B1,
    0xA14D, 0xD9D2, 0xD1B1, 0xF214, 0xD9B2, 0xCA52, 0xC9B1, 0xC9B0, 0xF1F4, 0xC9B1, 0xD9D2, 0xA14D,
    0xC190, 0xC190, 0xE1F3, 0xE1D3, 0xC190, 0xC190, 0xA14D, 0xD1B1, 0xB990, 0xD1B1, 0xA96E, 0xA96E,
    0xA96E, 0xB16E, 0xD1B1, 0xB18F, 0xC190, 0x912C, 0xB98F, 0xB98F, 0xD9D2, 0xC9B1, 0xB16E, 0xB16E,
    0x994D, 0xD1B1, 0xB98F, 0xC9B1, 0x914C, 0x994D, 0x994D, 0xB16E, 0xD1B1, 0xA96E, 0xD9D2, 0xD9D2,
    0xE9F3, 0xD1B1, 0xB98F, 0xD1B1, 0xC9B1, 0xFA15, 0xD1B1, 0xD9D2, 0xA96E, 0xC251, 0xC190, 0xC9B1,
    0xC9B1, 0x994D, 0xA96E, 0x994D, 0xD1B1, 0xC190, 0xD9D2, 0xB98F, 0xA14D, 0xB16F, 0xA96E, 0xD1B1,
    0xA16D, 0xB16F, 0x912C, 0xB18F, 0xB990, 0xD1B1, 0xC9B1, 0xA96E, 0xB16F, 0x994C, 0xC9B1, 0xB98F,
    0xC9B1, 0xA96E, 0xA16D, 0xB18F, 0xB98F, 0xD1D1, 0xA16D, 0xA96E, 0x790A, 0x994D, 0x994D, 0xA96E,
    0xA96E, 0x914C, 0xA14D, 0x912C, 0xC190, 0xA96E, 0xC1B0, 0x994D, 0xA96E, 0xB98F, 0xC9B1, 0xE9F3,
    0xC190, 0xC9B0, 0xAA0F, 0xD9D2, 0xD1B2, 0xF1F4, 0xD9D2, 0xB990, 0xC990, 0xC190, 0xF2B5, 0xD1B1,
    0xD9D2, 0xA14D, 0xB16F, 0xB98F, 0xD1D2, 0xE9F3, 0xC190, 0xC9B1, 0xA94E, 0xE1D2, 0xD9D2, 0xF215,
    0xD1B2, 0xC9B0, 0xC9B1, 0xC9B1, 0xF214, 0xD1B1, 0xD9D2, 0xA14D, 0xC190, 0xC9B1, 0xE9F4, 0xE9F4,
    0xC9B0, 0xC9B1, 0xA96E, 0xE1D3, 0xC9B1, 0xE1F3, 0xB16F, 0xA96E, 0xA14D, 0xA96E, 0xC9B0, 0xB16E,
    0xB990, 0x912C, 0xB18F, 0xB16F, 0xC9B1, 0xB18F, 0x914C, 0x912C, 0x91CD, 0xA96E, 0x994D, 0xA96E,
    0x892B, 0x912C, 0x892C, 0xA14D, 0xE9F3, 0xC190, 0xF215, 0xF1F4, 0xFA15, 0xE1D3, 0xC990, 0xE1D3,
    0xD9D2, 0xFA36, 0xD1B2, 0xD9D2, 0xB16E, 0xC190, 0xC9B0, 0xC9B1, 0xD1B1, 0xA14D, 0xB16E, 0x994C,
    0xC9B1, 0xB990, 0xD1B1, 0xB16F, 0xA14D, 0xB16F, 0xB16F, 0xD9D2, 0xBA30, 0xC1B0, 0x994D, 0xC190,
    0xD1B1, 0xD9D2, 0xD9D2, 0xB16F, 0xB98F, 0xA14D, 0xD9D2, 0xC1B0, 0xD1B1, 0xA16D, 0xA14D, 0xB16E,
    0xB16F, 0xD1B1, 0xA16E, 0xA96E, 0x810B, 0xA14D, 0xA16D, 0xB98F, 0xB16E, 0x912C, 0xA14D, 0x994C,
    0xC9B1, 0xB16F, 0xC190, 0x994D, 0xA96E, 0xB18F, 0xC9B0, 0xE9F3, 0xB990, 0xC190, 0x994D, 0xD1D1,
    0xC9B1, 0xEA94, 0xD1B1, 0xB98F, 0xC190, 0xB98F, 0xF1F4, 0xC9B1, 0xD9D2, 0xA14D, 0xB16F, 0xB98F,
    0xD1B1, 0xE1D3, 0xC190, 0xD1B1, 0xA96E, 0xE9F3, 0xD1B1, 0xF1F4, 0xC9B1, 0xC190, 0xC9B1, 0xC9B1,
    0xFA15, 0xD1D2, 0xE9F3, 0xB16E, 0xD1B1, 0xD1B1, 0xE9F4, 0xE9F4, 0xC9B0, 0xC9B1, 0xA96E, 0xE9F3,
    0xD9D2, 0xF1F4, 0xB98F, 0xA96E, 0xA96E, 0xA96E, 0xC9B1, 0xB16F, 0xB98F, 0x892B, 0xA96E, 0xA96E,
    0xC190, 0xA96E, 0x892B, 0x892B, 0x710A, 0x914C, 0x892B, 0xA16D, 0x810B, 0x892B, 0x812B, 0x914C,
    0xD9B2, 0xB16F, 0xF1F4, 0xE9F4, 0xF215, 0xD9D2, 0xB98F, 0xC9B1, 0xC190, 0xFA15, 0xD1B1, 0xD9D2,
    0xA96E, 0xB98F, 0xC9B1, 0xD9D2, 0xE1F3, 0xB16F, 0xC190, 0xA14D, 0xD9D2, 0xC9B1, 0xD9D2, 0xB98F,
    0xA96E, 0xB98F, 0xB98F, 0xE1D3, 0xB98F, 0xC1B0, 0x994C, 0xB18F, 0xB98F, 0xC9B1, 0xC9B1, 0xA14D,
    0xA96E, 0x914C, 0xC1B0, 0xB16E, 0xB990, 0x994D, 0x912C, 0xA14D, 0xA96E, 0xD1D1, 0xB16F, 0xC190,
    0x994D, 0xB98F, 0xB98F, 0xC9B1, 0xB98F, 0x994D, 0xA96E, 0x994D, 0xD1B1, 0xB98F, 0xC9B1, 0xA14D,
    0xA96E, 0xC231, 0xC9B1, 0xE1F3, 0xB98F, 0xC190, 0x994D, 0xD1B1, 0xC1B0, 0xD9D2, 0xC9B1, 0xB16F,
    0xB990, 0xB16F, 0xE9F3, 0xC190, 0xC9B1, 0x914C, 0xA14D, 0xA96E, 0xC190, 0xD9D2, 0xB98F, 0xC9B1,
    0xA96E, 0xE1D3, 0xD9D2, 0xE9F4, 0xC190, 0xB16E, 0xB98F, 0xB98F, 0xE9F3, 0xD1B1, 0xE1D2, 0xA14D,
    0xCA52, 0xC190, 0xD9D2, 0xDA73, 0xB16E, 0xB16F, 0x914C, 0xC1B0, 0xB18F, 0xC9B1, 0xA16E, 0xA96E,
    0xA96E, 0xB98F, 0xE1D2, 0xC190, 0xC9B0, 0x912C, 0xB16F, 0xA96E, 0xC9B1, 0xB18F, 0x994C, 0x912C,
    0x892B, 0xB98F, 0xA96E, 0xB98F, 0x912C, 0x914C, 0x914C, 0xA96E, 0xC190, 0xA14D, 0xD1B1, 0xC9B1,
    0xD9D2, 0xC190, 0xA96E, 0xB98F, 0xB16F, 0xE1D3, 0xB990, 0xC9B0, 0x994D, 0xB16F, 0xC1B0, 0xD9D2,
    0xE9F3, 0xB98F, 0xC9B1, 0xA96E, 0xE1D2, 0xD1B1, 0xE1D2, 0xB98F, 0xA96E, 0xB16F, 0xB16F, 0xD9D2,
    0xB16F, 0xC190, 0x912C, 0xB16F, 0xB98F, 0xC9B1, 0xC9B1, 0xA14D, 0xA96E, 0x914C, 0xC9B1, 0xB98F,
    0xC190, 0x994D, 0x994D, 0xB16E, 0xB990, 0xE1D3, 0xB98F, 0xC9B1, 0xA14D, 0xC1B0, 0xC190, 0xD9D2,
    0xC9B1, 0xA96E, 0xB18F, 0xA96E, 0xD9D2, 0xC190, 0xD9D2, 0xA96E, 0xA96E, 0xB98F, 0xC9B1, 0xE1D2,
    0xB18F, 0xC190, 0x994D, 0xC9B1, 0xC9B1, 0xEA95, 0xC9B1, 0xBA30, 0xB16F, 0xA96E, 0xDA73, 0xB98F,
    0xC9B1, 0x994D, 0xA96E, 0xA96E, 0xC9B0, 0xD9D2, 0xB18F, 0xC190, 0xA14D, 0xD1B1, 0xB990, 0xD1B1,
    0xA96E, 0xA14D, 0xB16E, 0xB16F, 0xD9D2, 0xC251, 0xC9B1, 0x914C, 0xB16E, 0xA96E, 0xC1B0, 0xC190,
    0xA14D, 0xA96E, 0x912C, 0xCA52, 0xB98F, 0xD9D2, 0xA96E, 0xA14D, 0xA14D, 0xA96E, 0xC9B1, 0xB16E,
    0xC190, 0x912C, 0xB98F, 0xB98F, 0xD9D2, 0xD1B1, 0xB18F, 0xB98F, 0xA96E, 0xD9D2, 0xC190, 0xD9D2,
    0xA14D, 0xA96E, 0xA14D, 0xB18F, 0xA96E, 0x912C, 0xC190, 0xB98F, 0xC190, 0xB16F, 0x994D, 0xB16F,
    0xA96E, 0xE1F3, 0xC190, 0xC9B1, 0xA14D, 0xB98F, 0xC9B1, 0xD9D2, 0xE9F4, 0xB98F, 0xC190, 0xA14D,
    0xD9D2, 0xC9B0, 0xD1D1, 0xB16F, 0xA14D, 0xB16F, 0xB16F, 0xD9D2, 0xB16E, 0xB990, 0x912C, 0xB98F,
    0xC190, 0xD1B1, 0xC9B1, 0xA14D, 0xB16E, 0x994D, 0xC9B1, 0xB98F, 0xC9B1, 0xA96E, 0xA96E, 0xC190,
    0xC9B1, 0xF1F4, 0xC9B0, 0xD1B2, 0xA14E, 0xD1B1, 0xD1B1, 0xE1D3, 0xD1B1, 0xA96E, 0xB18F, 0xA16D,
    0xD9D2, 0xB98F, 0xC9B1, 0x994D, 0xB20F, 0xB16F, 0xC1B0, 0xD9D2, 0xB230, 0xB16F, 0x912C, 0xC190,
    0xB990, 0xD1D1, 0xB16E, 0x994D, 0xA14D, 0x994D, 0xC1B0, 0xA16E, 0xB16E, 0x892B, 0x994D, 0xA14D,
    0xB98F, 0xC9B1, 0xA96E, 0xB16F, 0x912C, 0xC190, 0xB16F, 0xC1B0, 0xA14D, 0x914C, 0xA20E, 0x994D,
    0xC1B0, 0xA96E, 0xB18F, 0x892B, 0xA16D, 0xA96E, 0xB990, 0xB98F, 0xA16D, 0xB230, 0x914C, 0xC9B1,
    0xB990, 0xD1B1, 0xA14D, 0x994D, 0x994D, 0xA16D, 0xC9B0, 0xB16F, 0xC190, 0x994C, 0xCA51, 0xC190,
    0xE9F4, 0xE1D3, 0xC9B0, 0xC9B1, 0xB98F, 0xF1F4, 0xD9D2, 0xF1F4, 0xB98F, 0xB98F, 0xB98F, 0xD1B1,
    0xA96E, 0x892B, 0xB98F, 0xB18F, 0xC1B0, 0xB16F, 0x994D, 0xBA30, 0xA96E, 0xD1D2, 0xB98F, 0xC9B1,
    0xA14D, 0xB98F, 0xC1B0, 0xD1B1, 0xD9D2, 0xB16E, 0xB98F, 0xA14D, 0xD1D2, 0xB98F, 0xC9B0, 0xB16E,
    0xA14D, 0xB16F, 0xB18F, 0xD9D2, 0xB16F, 0xC190, 0x994D, 0xC190, 0xC9B1, 0xD9D2, 0xD9D2, 0xA96E,
    0xB16F, 0x994D, 0xC9B1, 0xB98F, 0xDA73, 0xB16E, 0xB16F, 0xC9B0, 0xC9B1, 0xE9F3, 0xB98F, 0xC1B0,
    0x994D, 0xC9B1, 0xC9B0, 0xD9D2, 0xC9B0, 0xA16D, 0xBA30, 0xA14D, 0xD1D2, 0xBA31, 0xB98F, 0x914C,
    0xA14D, 0xB16E, 0xC190, 0xE1D2, 0xB98F, 0xC190, 0x994C, 0xC1B0, 0xB98F, 0xC9B1, 0xA96E, 0x912C,
    0x994D, 0x892C, 0xB16F, 0x994D, 0xA96E, 0x812B, 0x994D, 0xA14D, 0xB18F, 0xB98F, 0x994D, 0xA16D,
    0x892B, 0xB98F, 0xA96E, 0xC190, 0xA96E, 0x994D, 0xAA0F, 0xA96E, 0xC9B1, 0xA96E, 0xB18F, 0x912C,
    0xA96E, 0xA96E, 0xC190, 0xC190, 0xB210, 0xA96E, 0x912C, 0xC9B1, 0xC190, 0xD9D2, 0xA96E, 0xA14D,
    0xA14D, 0xB16E, 0xD1D2, 0xB990, 0xC9B0, 0x994D, 0xC190, 0xC1B0, 0xF1F4, 0xE1F3, 0xC9B0, 0xC9B1,
    0xB98F, 0xFA15, 0xE1D3, 0xFA15, 0xC990, 0xC9B1, 0xC9B1, 0xE1D2, 0xB990, 0x994D, 0xD1B1, 0xC9B1,
    0xD1B1, 0xB98F, 0xA14D, 0xB98F, 0xB16F, 0xE1D3, 0xB990, 0xC9B1, 0x994D, 0xB16E, 0xB18F, 0xB990,
    0xC9B1, 0x994D, 0xA16E, 0x912C, 0xC1B0, 0xB18F, 0xC190, 0x994D, 0x912C, 0xA14D, 0xA16E, 0xC9B1,
    0xA16E, 0xB18F, 0x912C, 0xB98F, 0xC190, 0xD1D2, 0xD1B1, 0xB16F, 0xC251, 0xA14E, 0xD9D2, 0xC190,
    0xD1D2, 0xB16E, 0xA96E, 0xB98F, 0xB98F, 0xD9D2, 0xA96E, 0xB16E, 0x810B, 0xA96E, 0xB16E, 0xC9B1,
    0xC190, 0xA14D, 0xA96E, 0xA14D, 0xD1B1, 0xB18F, 0xC1B0, 0x994D, 0xB16E, 0xB98F, 0xC9B1, 0xE9F4,
    0xC190, 0xC9B1, 0xA14D, 0xD1B1, 0xC9B1, 0xE1F3, 0xC1B0, 0xA96E, 0xA96E, 0xA14D, 0xC9B1, 0xA96E,
    0xA96E, 0x790A, 0x892B, 0x914C, 0xA16E, 0xB16E, 0x912C, 0x994D, 0x892B, 0xB98F, 0xB16E, 0xC9B1,
    0xB16F, 0xA96E, 0xA96E, 0xB16E, 0xD9D2, 0xB16F, 0xB98F, 0x912C, 0xA96E, 0xA16D, 0xB98F, 0xB98F,
    0xA14D, 0xA96E, 0x912C, 0xC1B0, 0xB98F, 0xD1D2, 0xA96E, 0xA16D, 0xA96E, 0xB98F, 0xD9D2, 0xC190,
    0xC9B1, 0x994D, 0xC190, 0xB98F, 0xE294, 0xDA73, 0xC190, 0xC190, 0xA96E, 0xF295, 0xE1D2, 0xFA15,
    0xC190, 0xD1B1, 0xC9B1, 0xE1D3, 0xC190, 0xA14D, 0xD1B1, 0xD272, 0xD9D2, 0xC190, 0xA14D, 0xB98F,
    0xB16F, 0xE1F3, 0xC190, 0xC9B1, 0x994D, 0xBA30, 0xB98F, 0xC190, 0xC9B1, 0x994D, 0xA14D, 0x91ED,
    0xB16E, 0x994D, 0xA96E, 0x914C, 0x892B, 0x994D, 0xA16D, 0xD1D1, 0xB18F, 0xC190, 0x914C, 0xB16F,
    0xB98F, 0xD1B1, 0xD1B1, 0xA96E, 0xB98F, 0xA14D, 0xD9D2, 0xC190, 0xC9B1, 0xA14D, 0xA14D, 0xB16E,
    0xB16F, 0xD1D2, 0xA96E, 0xB16F, 0x892B, 0xB16F, 0xB16F, 0xC1B0, 0xB18F, 0x914C, 0xA14D, 0x994D,
    0xD1B1, 0xB98F, 0xD273, 0xA96E, 0xB98F, 0xC190, 0xD9D2, 0xF214, 0xC9B1, 0xD9B2, 0xA96E, 0xD9D2,
    0xD9D2, 0xF1F4, 0xC9B1, 0xA96E, 0xA96E, 0xA14D, 0xC9B1, 0xA96E, 0xB98F, 0x912C, 0xB20F, 0xB16E,
    0xC1B0, 0xD1B1, 0xA96E, 0xB98F, 0x994D, 0xC9B1, 0xB98F, 0xD9D2, 0xB98F, 0xA96E, 0xA96E, 0xA96E,
    0xD9D2, 0xB990, 0xC9B0, 0x912C, 0xB16E, 0xB16F, 0xD1B1, 0xD1B1, 0xA96E, 0xB16F, 0x994C, 0xD1B1,
    0xC1B0, 0xD9D2, 0xA96E, 0xA14D, 0xA14D, 0xA96E, 0xD1B1, 0xB98F, 0xC9B1, 0x994D, 0xC1B0, 0xC190,
    0xE9F3, 0xD9D2, 0xC190, 0xC190, 0xB16F, 0xF1F4, 0xE1D3, 0xFA16, 0xC9B1, 0xD9D2, 0xD1B2, 0xE9F3,
    0xB16E, 0x912C, 0xC9B1, 0xB990, 0xC1B0, 0xA96E, 0x994C, 0xA96E, 0xA96E, 0xD9D2, 0xB18F, 0xB990,
    0x994C, 0xA96E, 0xB18F, 0xB990, 0xC1B0, 0x994D, 0xA96E, 0x892B, 0xB18F, 0x994D, 0xA96E, 0x912C,
    0x892B, 0xA14D, 0xA14D, 0xC9B1, 0xA96E, 0xB990, 0x912C, 0xB990, 0xC9B1, 0xE1F3, 0xE9F3, 0xB990,
    0xC9B1, 0xB16E, 0xE9F3, 0xC9B1, 0xD9D2, 0xB230, 0xA14D, 0xA96E, 0xA96E, 0xC1B0, 0xAA0F, 0xA16E,
    0x790A, 0x994D, 0x994D, 0xB16E, 0xA96E, 0x912C, 0xA14D, 0x914C, 0xD1D2, 0xC190, 0xD1D2, 0xA96E,
    0xB98F, 0xC9B1, 0xD9D2, 0xFA15, 0xD1B1, 0xD9D2, 0xA96E, 0xE1D3, 0xDA73, 0xF1F4, 0xD1B1, 0xB16F,
    0xB18F, 0xA96E, 0xD1B1, 0xB18F, 0xC1B0, 0x912C, 0xA14D, 0xA14D, 0xB98F, 0xC9B1, 0xA96E, 0xB16E,
    0x912C, 0xC1B0, 0xB98F, 0xD1D1, 0xA96E, 0x994D, 0xA14D, 0xB16E, 0xE1D2, 0xC190, 0xD273, 0x994D,
    0xB18F, 0xB18F, 0xD1B1, 0xC9B1, 0xA96E, 0xB16F, 0x994D, 0xD1B1, 0xB98F, 0xD1D2, 0xA96E, 0xA16E,
    0xA96E, 0xB18F, 0xD9D2, 0xC190, 0xD1B1, 0x994D, 0xC9B0, 0xC190, 0xE1D3, 0xD9D2, 0xC190, 0xC190,
    0xA96E, 0xE9F3, 0xDA73, 0xF215, 0xC190, 0xD1B1, 0xC9B1, 0xE1F3, 0xB16F, 0x912C, 0xC190, 0xB98F,
    0xC190, 0xA96E, 0x912C, 0xA16E, 0xA14D, 0xD1B1, 0xB16E, 0xB98F, 0x912C, 0xA96E, 0xBA31, 0xC190,
    0xD1B1, 0xA96E, 0xB16F, 0x912C, 0xB98F, 0xA96E, 0xB98F, 0x994D, 0x912C, 0xA14D, 0xA14D, 0xC1B0,
    0xA96E, 0xC190, 0xA14D, 0xC9B1, 0xD1B1, 0xE9F3, 0xEA94, 0xB990, 0xC9B1, 0xA96E, 0xE1F3, 0xD1B1,
    0xD1D2, 0xA16E, 0xA14D, 0xA96E, 0xA96E, 0xC190, 0x994D, 0xAA0F, 0x790A, 0x914C, 0x994C, 0xA96E,
    0xA96E, 0x912C, 0xA14D, 0x994D, 0xD1D2, 0xC190, 0xD9D2, 0xB16F, 0xC190, 0xC9B1, 0xD9D2, 0xF214,
    0xC9B1, 0xD1B1, 0xA96E, 0xE1D2, 0xD9D2, 0xF1F4, 0xD1B1, 0xB16F, 0xB18F, 0xA96E, 0xD1D2, 0xB98F,
    0xC9B1, 0x914C, 0xA16E, 0xA96E, 0xB990, 0xC1B0, 0xA14D, 0xA96E, 0x892B, 0xB98F, 0xB16F, 0xC9B1,
    0xA16E, 0x994D, 0xA96E, 0xB16E, 0xE1D3, 0xC1B0, 0xD1B1, 0x994C, 0xB16F, 0xB16F, 0xC1B0, 0xC190,
    0xA14D, 0xA96E, 0xA1EE, 0xC190, 0xA96E, 0xC9B1, 0xA16E, 0xA14D, 0xA14D, 0xB230, 0xD1D2, 0xB98F,
    0xC9B1, 0x994D, 0xC190, 0xC190, 0xE9F3, 0xD1D2, 0xB18F, 0xB18F, 0xA14E, 0xE1D2, 0xD1B1, 0xF1F4,
    0xB990, 0xC1B0, 0xC190, 0xD1B2, 0xC190, 0xA14D, 0xD273, 0xC9B0, 0xD1B1, 0xB98F, 0xA14D, 0xB98F,
    0xB16F, 0xE1F3, 0xC190, 0xC9B1, 0xA14D, 0xB98F, 0xC190, 0xD1B1, 0xD9D2, 0xB16F, 0xC190, 0xA14D,
    0xD1B1, 0xC190, 0xD1B1, 0xA96E, 0x994D, 0xB16E, 0xB16F, 0xD9D2, 0xB18F, 0xC1B0, 0x994D, 0xC190,
    0xC9B1, 0xE1D3, 0xE1D3, 0xB98F, 0xC190, 0xA14D, 0xD9D2, 0xC190, 0xD1B1, 0xA16E, 0xA14D, 0xA16E,
    0xA16E, 0xC1B0, 0xA14D, 0xA96E, 0x892B, 0xA96E, 0xA96E, 0xC190, 0xB18F, 0x994D, 0xA96E, 0x994D,
    0xD9D2, 0xC190, 0xD9D2, 0xA96E, 0xB16F, 0xC190, 0xD9D2, 0xE9F4, 0xC190, 0xC9B1, 0xA14D, 0xD9D2,
    0xD1B1, 0xE1F3, 0xC1B0, 0xA96E, 0xA96E, 0xA96E, 0xD9D2, 0xC251, 0xC9B1, 0x994D, 0xA96E, 0xB16F,
    0xCA52, 0xC9B1, 0xA16E, 0xA96E, 0x892B, 0xB990, 0xB990, 0xD9D2, 0xB16F, 0xA96E, 0xB16F, 0xB98F,
    0xE1D3, 0xB990, 0xC1B0, 0x892C, 0xA96E, 0xA96E, 0xC190, 0xC190, 0xA14D, 0xA96E, 0x912C, 0xC190,
    0xB16E, 0xC9B1, 0xA16D, 0xA14D, 0xA14D, 0xB20F, 0xC1B0, 0xA96E, 0xB98F, 0x912C, 0xB18F, 0xB16E,
    0xD1B1, 0xC1B0, 0xB16E, 0xB16F, 0xA14D, 0xD9D2, 0xC190, 0xE1D3, 0xB16F, 0xB990, 0xB98F, 0xD1B1,
    0xD1B2, 0xB16F, 0xE9F3, 0xE9F3, 0xF1F4, 0xD1B2, 0xB98F, 0xD1B2, 0xC9B1, 0xFAB5, 0xD1B1, 0xE1D2,
    0xB16E, 0xC190, 0xD1B1, 0xD9D2, 0xE9F3, 0xC231, 0xC9B1, 0xA14D, 0xD1D2, 0xC190, 0xD1B1, 0xB98F,
    0xA96E, 0xC190, 0xC190, 0xE9F4, 0xC9B0, 0xD1B1, 0x994D, 0xB98F, 0xB98F, 0xC9B1, 0xC9B1, 0xA14D,
    0xB16E, 0x994D, 0xD1B1, 0xB98F, 0xC1B0, 0x994D, 0x994D, 0xA96E, 0xB16E, 0xD1D1, 0xB16E, 0xCAF3,
    0x912C, 0xC251, 0xC1B0, 0xE1D2, 0xD9D2, 0xB990, 0xC9B0, 0xB16F, 0xE9F3, 0xC9B1, 0xD9D2, 0xB16E,
    0xB98F, 0xC190, 0xC9B1, 0xE1F3, 0xB98F, 0xC190, 0x994D, 0xD1D1, 0xD1B1, 0xE9F4, 0xD1B1, 0xB16F,
    0xB16F, 0xA96E, 0xE1D2, 0xC1B0, 0xD1D2, 0xA14D, 0xB16F, 0xB18F, 0xC9B1, 0xD1D2, 0xB18F, 0xCA52,
    0xA14D, 0xD9D2, 0xC9B1, 0xE1D3, 0xB98F, 0xA96E, 0xA96E, 0xB16F, 0xE1D2, 0xC9B0, 0xD9D2, 0x994D,
    0xB98F, 0xB18F, 0xC9B0, 0xC190, 0xA14D, 0xA96E, 0x912C, 0xC9B1, 0xC190, 0xE9F3, 0xC251, 0xB16F,
    0xB16F, 0xC190, 0xE1D3, 0xB990, 0xC1B0, 0x912C, 0xBA30, 0xB16E, 0xD1B1, 0xC190, 0xA16E, 0xA16E,
    0x914C, 0xC1B0, 0xA96E, 0xC251, 0x914C, 0x994D, 0x994D, 0xA96E, 0xC9B1, 0xA96E, 0xE1D2, 0xD9D2,
    0xE9F4, 0xD9B2, 0xB98F, 0xD1B1, 0xCA52, 0xFA15, 0xD1B1, 0xD9D2, 0xA14D, 0xB98F, 0xC9B1, 0xD9D2,
    0xE9F4, 0xC190, 0xC9B1, 0xA96E, 0xD9D2, 0xC9B1, 0xD1B1, 0xA96E, 0xA14D, 0xB98F, 0xC190, 0xF1F4,
    0xC251, 0xC9B1, 0x994D, 0xB18F, 0xB16F, 0xC190, 0xC1B0, 0xA14D, 0xA96E, 0x994C, 0xD1D2, 0xC9B0,
    0xD1D2, 0xA96E, 0xA96E, 0xB98F, 0xC190, 0xE9F3, 0xC190, 0xD1B1, 0xA14D, 0xD1B2, 0xD9D2, 0xF1F4,
    0xE1F3, 0xC190, 0xD1B1, 0xB990, 0xFA14, 0xD9D2, 0xE9F3, 0xB16F, 0xB98F, 0xC190, 0xD1B1, 0xE1F3,
    0xBA31, 0xC190, 0x994D, 0xC9B1, 0xC9B0, 0xD9D2, 0xC190, 0xA96E, 0xB16E, 0xA96E, 0xE1D2, 0xC190,
    0xD1B1, 0xA14D, 0xB16F, 0xB98F, 0xD1B1, 0xD9D2, 0xC190, 0xD1B1, 0xA96E, 0xE1D2, 0xC9B0, 0xD9D2,
    0xA96E, 0x994D, 0x994D, 0x994D, 0xC1B0, 0xB230, 0xC190, 0x994C, 0xB98F, 0xB98F, 0xD1B1, 0xC9B1,
    0xB16E, 0xB16F, 0x912C, 0xC9B0, 0xB98F, 0xE1D2, 0xB98F, 0xB98F, 0xB98F, 0xC9B1, 0xE9F4, 0xC190,
    0xC9B1, 0x912C, 0xB16E, 0xA14D, 0xB98F, 0xB16E, 0x994D, 0x994D, 0x892C, 0xB98F, 0xA96E, 0xC9B0,
    0x994C, 0x994D, 0x994D, 0xB16F, 0xD1B1, 0xA96E, 0xE1D3, 0xD9D2, 0xE9F3, 0xD1B1, 0xB16F, 0xC9B1,
    0xC190, 0xF214, 0xC9B1, 0xD1B1, 0xA14D, 0xB98F, 0xC9B1, 0xD9D2, 0xE9F4, 0xC190, 0xD1B1, 0xA96E,
    0xE1D2, 0xD1B1, 0xD9D2, 0xB16F, 0xA96E, 0xB98F, 0xB990, 0xE9F3, 0xB98F, 0xC190, 0x914C, 0xB16F,
    0xB18F, 0xB990, 0xB990, 0x994D, 0xA96E, 0x994D, 0xD1B1, 0xC190, 0xD1B1, 0xA96E, 0xA14D, 0xB16F,
    0xB990, 0xE9F3, 0xC190, 0xD1B1, 0xA94E, 0xD9D2, 0xD1D2, 0xE9F3, 0xD9D2, 0xB16F, 0xC190, 0xB16F,
    0xE1F3, 0xC9B1, 0xE1D2, 0xA96E, 0xB16F, 0xB98F, 0xC1B0, 0xE1D2, 0xB16F, 0xB98F, 0x912C, 0xC190,
    0xB16F, 0xC1B0, 0xB16F, 0xA14D, 0xA14E, 0x994D, 0xC9B1, 0xB98F, 0xD1B1, 0xA14D, 0xC231, 0xC190,
    0xDA73, 0xE1D3, 0xB990, 0xC9B0, 0xA14D, 0xC9B1, 0xB18F, 0xC9B1, 0xA16E, 0x912C, 0x994D, 0xA14D,
    0xC9B0, 0xA96E, 0xB98F, 0x99ED, 0xB230, 0xB16F, 0xD1B1, 0xD1B1, 0xA96E, 0xB16F, 0x914C, 0xC190,
    0xA96E, 0xC9B1, 0xA16E, 0xA96E, 0xB16E, 0xC190, 0xE1F3, 0xC190, 0xC190, 0x99ED, 0xB16E, 0xA96E,
    0xC9B1, 0xB98F, 0xA16E, 0xA96E, 0x994D, 0xC9B1, 0xB990, 0xD9D2, 0xA96E, 0xBA30, 0xB16E, 0xCA52,
    0xE1D2, 0xB98F, 0xE9F4, 0xE1F3, 0xF1F4, 0xD9B2, 0xB96F, 0xC9B1, 0xB990, 0xE9F3, 0xC9B1, 0xD9D2,
    0xB210, 0xC190, 0xD1B1, 0xE1D2, 0xE9F4, 0xC190, 0xD1B2, 0xB16F, 0xF1F4, 0xD9D2, 0xE9F3, 0xC190,
    0xA96E, 0xB98F, 0xB98F, 0xE1D2, 0xB98F, 0xC1B0, 0x994D, 0xB18F, 0xB98F, 0xC1B0, 0xC190, 0xA14D,
    0xA96E, 0x994C, 0xC9B1, 0xB98F, 0xC1B0, 0xA14D, 0x994D, 0xA96E, 0xB18F, 0xD9D2, 0xB990, 0xC9B1,
    0xAA0F, 0xD1B1, 0xC9B1, 0xD9D2, 0xC1B0, 0x994D, 0xA96E, 0xA14D, 0xD1D2, 0xB98F, 0xC9B1, 0x994D,
    0xA14D, 0xA96E, 0xB16F, 0xC9B1, 0xA16E, 0xA96E, 0x892B, 0xB16F, 0xA96E, 0xC1B0, 0xA96E, 0x914C,
    0xA14D, 0x994D, 0xC9B0, 0xB18F, 0xC9B1, 0xAA0F, 0xB98F, 0xC190, 0xD9D2, 0xE1D2, 0xB16F, 0xB98F,
    0x912C, 0xC190, 0xA96E, 0xC1B0, 0xA16E, 0x994C, 0x994D, 0xA14D, 0xC9B1, 0xA96E, 0xC1B0, 0x994D,
    0xB16F, 0xB16E, 0xD1B1, 0xD1D2, 0xB16E, 0xB16E, 0x912C, 0xB990, 0xA96E, 0xC1B0, 0xA14D, 0xA14D,
    0xA14D, 0xB16E, 0xD1B1, 0xB16F, 0xB990, 0x912C, 0xB16F, 0xBA30, 0xD1B1, 0xC1B0, 0xA96E, 0xB16E,
    0xA14D, 0xD1D2, 0xC1B0, 0xE1F3, 0xB16F, 0xB98F, 0xB16F, 0xC1B0, 0xD9D2, 0xB18F, 0xE9F4, 0xE1D3,
    0xF1F4, 0xE1D2, 0xC190, 0xD9D2, 0xD1B1, 0xFAB6, 0xD9B2, 0xE1D3, 0xA96E, 0xC9B0, 0xD9D2, 0xE9F4,
    0xF215, 0xC9B1, 0xD9D2, 0xB98F, 0xF214, 0xE1D3, 0xE9F4, 0xC1B0, 0xB16F, 0xC1B0, 0xC190, 0xE1F3,
    0xC190, 0xC9B1, 0x994D, 0xB990, 0xC1B0, 0xD9D2, 0xD1B1, 0xA96E, 0xB16F, 0x994D, 0xC9B1, 0xB18F,
    0xC9B0, 0xA14D, 0x994D, 0xA96E, 0xB98F, 0xD9D2, 0xB16F, 0xC190, 0x994C, 0xC190, 0xC190, 0xD1B1,
    0xB990, 0x994D, 0xAA0F, 0x892B, 0xB98F, 0xA16D, 0xA96E, 0x810B, 0x892B, 0x99EE, 0x914C, 0xA96E,
    0x912C, 0x994D, 0x790A, 0xA14D, 0x994D, 0xB18F, 0xA14D, 0x912C, 0xA14D, 0xA14D, 0xD1D1, 0xB18F,
    0xC1B0, 0x912C, 0xA14D, 0xA14D, 0xB98F, 0xC9B0, 0xA96E, 0xB16E, 0x912C, 0xC190, 0xB98F, 0xD1D2,
    0xB16F, 0xA96E, 0xB16F, 0xB16E, 0xD9D2, 0xB16F, 0xB98F, 0x892C, 0xA96E, 0xA96E, 0xC1B0, 0xC1B0,
    0xA16E, 0xA96E, 0x892C, 0xB990, 0xB16F, 0xCA52, 0xA14D, 0x994D, 0xA14D, 0xB16E, 0xD9D2, 0xB98F,
    0xC190, 0x912C, 0xB16E, 0xA96E, 0xC9B0, 0xC190, 0xB16E, 0xB98F, 0xB16E, 0xE9F3, 0xD1B1, 0xE9F3,
    0xB98F, 0xC190, 0xB990, 0xD1B1, 0xD1B1, 0xA96E, 0xE1D3, 0xE1D2, 0xF1F4, 0xD9D2, 0xC990, 0xE1D3,
    0xD9D2, 0xFA57, 0xE9F3, 0xF1F4, 0xC190, 0xD9D2, 0xE9F4, 0xF215, 0xF216, 0xC9B1, 0xDB14, 0xB16F,
    0xF1F4, 0xD1B2, 0xD9D2, 0xB98F, 0xA96E, 0xC190, 0xC190, 0xE9F3, 0xC190, 0xC9B1, 0x994D, 0xB98F,
    0xB98F, 0xC9B1, 0xC9B1, 0xA14D, 0xA96E, 0x994D, 0xC9B1, 0xB18F, 0xC1B0, 0xA14D, 0x994D, 0xA14D,
    0xB16E, 0xD1D1, 0xB16E, 0xC190, 0x994D, 0xC190, 0xC190, 0xD9D2, 0xC1B0, 0xAA0F, 0xA14D, 0x912C,
    0xC1B0, 0xA96E, 0xB98F, 0x912C, 0x912C, 0x994D, 0xA96E, 0xB98F, 0x994C, 0xA16D, 0x810B, 0xB18F,
    0xB16E, 0xC9B0, 0xB16F, 0xA14D, 0xA96E, 0xA16E, 0xD9D2, 0xB98F, 0xC9B0, 0x994D, 0xA96E, 0xA96E,
    0xC251, 0xC9B1, 0xB16E, 0xB98F, 0x994D, 0xD1B1, 0xC190, 0xD9D2, 0xB98F, 0xA96E, 0xB16F, 0xB16F,
    0xD9D2, 0xB990, 0xC9B1, 0x994C, 0xA96E, 0xA14D, 0xB98F, 0xC251, 0xA14D, 0xA96E, 0x912C, 0xC1B0,
    0xB98F, 0xC1B0, 0x914C, 0x994D, 0x994D, 0xA14D, 0xC1B0, 0xA96E, 0xB98F, 0x912C, 0xB98F, 0xB98F,
    0xD9D2, 0xD1B1, 0xB98F, 0xB98F, 0xA96E, 0xE1D2, 0xC9B1, 0xE9F4, 0xC231, 0xC190, 0xC190, 0xD9D2,
    0xC1AE, 0xB18D, 0xC9CF, 0xC9CF, 0xD9F0, 0xD1D0, 0xC1AE, 0xD1D0, 0xD1D0, 0xE213, 0xD9F0, 0xD9F1,
    0xC1AE, 0xD1D0, 0xD9F1, 0xD9F1, 0xD9F1, 0xC9CF, 0xD1D0, 0xC1AE, 0xD9F0, 0xD9F0, 0xD9F0, 0xC9CF,
    0xB9AE, 0xC1CF, 0xC9CF, 0xE211, 0xC9CF, 0xD1CF, 0xB1AD, 0xC1CF, 0xC9CF, 0xD1F0, 0xD1F0, 0xB9AE,
    0xB9AE, 0xB18D, 0xC9CF, 0xB9AE, 0xC9CF, 0xB1AD, 0xB18D, 0xB18D, 0xB1AD, 0xC9CF, 0xB1AD, 0xB9AE,
    0xA98C, 0xC1AE, 0xC1AE, 0xC9CF, 0xC1AE, 0xB18D, 0xB1AD, 0xBA4F, 0xC9CF, 0xC1AE, 0xC9CF, 0xB18D,
    0xB18D, 0xB9AE, 0xC1CE, 0xC9CF, 0xB1AD, 0xB9AD, 0xA98C, 0xB9AE, 0xB9AE, 0xC1CF, 0xB9AE, 0xA98D,
    0xB1AD, 0xB9AD, 0xD1F0, 0xC9CF, 0xD1D0, 0xB9AD, 0xC1AE, 0xB9AE, 0xC9CF, 0xD9F0, 0xC1CE, 0xC9CF,
    0xB9AD, 0xD1F0, 0xD1CF, 0xE1F1, 0xC9CF, 0xC1CE, 0xC9CF, 0xC9CF, 0xE1F1, 0xDB33, 0xD9F0, 0xB9AE,
    0xC1AE, 0xB9AE, 0xC9CF, 0xC9CF, 0xB9AE, 0xC1AE, 0xB1AD, 0xC9CF, 0xC1AE, 0xC9CF, 0xB18D, 0xB18D,
    0xB18D, 0xB1AD, 0xC1CE, 0xB9AE, 0xC9CF, 0xB1AD, 0xC9CF, 0xC1CF, 0xD1F0, 0xC9CF, 0xC1AE, 0xC1AE,
    0xB9AD, 0xD1D0, 0xC9CF, 0xE1F1, 0xC9CF, 0xD1CF, 0xD1D0, 0xE1F1, 0xC1ED, 0xC1ED, 0xC1CD, 0xC1ED,
    0xC1ED, 0xC1ED, 0xC1ED, 0xC1ED, 0xC9ED, 0xC9ED, 0xC9ED, 0xC1ED, 0xC1ED, 0xC1ED, 0xCA8F, 0xC1ED,
    0xC1ED, 0xC1ED, 0xC9ED, 0xC9EE, 0xD20E, 0xD20E, 0xDA0E, 0xDA0E, 0xD20E, 0xD1EE, 0xC9EE, 0xC9EE,
    0xD1EE, 0xD20E, 0xD1EE, 0xD20E, 0xDA0E, 0xDA0E, 0xDA0E, 0xDA0E, 0xD20E, 0xD2B0, 0xD1EE, 0xD1EE,
    0xC9EE, 0xC9EE, 0xC1ED, 0xC1ED, 0xC1ED, 0xC1CD, 0xB9CD, 0xC26E, 0xC26E, 0xB9CD, 0xB9CD, 0xB9CD,
    0xB9CD, 0xB9CD, 0xC1CD, 0xC1ED, 0xC9ED, 0xD1EE, 0xD1EE, 0xD1EE, 0xD20E, 0xD20E, 0xD20E, 0xD20E,
    0xD20E, 0xD20E, 0xD2B0, 0xC9EE, 0xC9ED, 0xC9ED, 0xC9ED, 0xC9EE, 0xD1EE, 0xD20E, 0xDA0E, 0xDAB0,
    0xDA0E, 0xD20E, 0xD20E, 0xD20E, 0xD20E, 0xD20E, 0xDA0E, 0xDA0E, 0xDA0E, 0xDA0E, 0xDA0E, 0xE20F,
    0xE22F, 0xE22F, 0xE20F, 0xDA0F, 0xDA0F, 0xE22F, 0xDA0F, 0xDA0E, 0xDA0E, 0xDA0E, 0xDA0F, 0xDA0F,
    0xDA0F, 0xDA0E, 0xDA0F, 0xDA0E, 0xD20E, 0xDAB0, 0xD20E, 0xDA0E, 0xDAB0, 0xDA0E, 0xDA0E, 0xD20E,
    0xD20E, 0xD20E, 0xD20E, 0xD20E, 0xD20E, 0xD20E, 0xD20E, 0xD20E, 0xD20E, 0xD2B0, 0xD20E, 0xDAB0,
    0xDA0F, 0xE20F, 0xE20F, 0xE22F, 0xD20E, 0xD20E, 0xC9EE, 0xC9ED, 0xC9ED, 0xD20E, 0xD20E, 0xD20E,
    0xD20E, 0xD20E, 0xD20E, 0xD20E, 0xD1EE, 0xD20E, 0xD20E, 0xD20E, 0xD20E, 0xD20E, 0xD20E, 0xDA0E,
    0xDA0E, 0xE22F, 0xEA2F, 0xE22F, 0xE22F, 0xDA2F, 0xDA0E, 0xDA0E, 0xDA0F, 0xDA0F, 0xDA0E, 0xDA0F,
    0xE22F, 0xE22F, 0xE22F, 0xE22F, 0xE22F, 0xE22F, 0xE2B1, 0xDA0F, 0xDA0F, 0xDA0E, 0xDA0E, 0xD20E,
    0xD20E, 0xD20E, 0xD20E, 0xC9ED, 0xC1ED, 0xC1ED, 0xC1ED, 0xC1ED, 0xC1ED, 0xC9ED, 0xC9ED, 0xC9EE,
    0xDA0E, 0xDA0F, 0xE22F, 0xE22F, 0xE22F, 0xE22F, 0xE22F, 0xEA2F, 0xEA30, 0xEA2F, 0xE22F, 0xDA0E,
    0xDA0F, 0xDA0F, 0xDA2F, 0xE22F, 0xE22F, 0xE22F, 0xE22F, 0xE22F, 0xE22F, 0xDA0F, 0xDA0F, 0xDA2F,
    0xDA0F, 0xDA0F, 0xE22F, 0xE22F, 0xE22F, 0xE22F, 0xE22F, 0xEA2F, 0xEA30, 0xF250, 0xEA30, 0xEA2F,
    0xEA2F, 0xEA30, 0xE22F, 0xE22F, 0xEA2F, 0xEA30, 0xEA30, 0xEA30, 0xEA30, 0xEA2F, 0xE22F, 0xE22F,
    0xE22F, 0xE22F, 0xE22F, 0xEA2F, 0xE22F, 0xE22F, 0xE22F, 0xE22F, 0xDA0F, 0xDA0F, 0xE22F, 0xE22F,
    0xE22F, 0xDA0F, 0xDA0F, 0xDA0F, 0xDA2F, 0xE22F, 0xEA2F, 0xEAD1, 0xEA30, 0xF250, 0xF250, 0xF250,
    0xDA0E, 0xDA0E, 0xD20E, 0xD20E, 0xD20E, 0xDA0E, 0xDAB0, 0xDA0E, 0xDA0F, 0xDA2F, 0xDA0F, 0xDA0E,
    0xDA0E, 0xDA2F, 0xDA2F, 0xE22F, 0xE22F, 0xE22F, 0xE22F, 0xE22F, 0xE22F, 0xF250, 0xF250, 0xF250,
    0xF250, 0xEA50, 0xEA2F, 0xE22F, 0xE22F, 0xE22F, 0xE22F, 0xE22F, 0xEA30, 0xEA30, 0xEA30, 0xEA30,
    0xEA50, 0xF250, 0xF250, 0xEA50, 0xEAD1, 0xE22F, 0xE22F, 0xDA2F, 0xDA0F, 0xDA2F, 0xDA2F, 0xD20E,
    0xD20E, 0xD20E, 0xD20E, 0xCA0E, 0xD20E, 0xDA0E, 0xDA0E, 0xDA2F, 0xE22F, 0xE22F, 0xE22F, 0xEA30,
    0xF2D1, 0xEA50, 0xEA50, 0xFAF2, 0xFA71, 0xFA51, 0xF250, 0xEA2F, 0xEA2F, 0xEA2F, 0xEA2F, 0xEA30,
    0xEA30, 0xEA30, 0xEAD1, 0xEA30, 0xEA50, 0xEA2F, 0xEA2F, 0xEA50, 0xEA50, 0xEA50, 0xF250, 0xF250,
    0xF250, 0xF250, 0xFA50, 0xFA51, 0xFAF2, 0xFA71, 0xFA71, 0xF250, 0xF250, 0xF250, 0xEA50, 0xEA30,
    0xF250, 0xF250, 0xFA51, 0xFA51, 0xF250, 0xF250, 0xF250, 0xF250, 0xF250, 0xEA50, 0xEA50, 0xF250,
    0xF250, 0xEA30, 0xEA50, 0xEA50, 0xEA50, 0xEA50, 0xEA50, 0xEA50, 0xEA30, 0xEA30, 0xEA2F, 0xEA30,
    0xEA50, 0xF250, 0xFA50, 0xF250, 0xFAF2, 0xFA71, 0xFA71, 0xFA71, 0xD2AF, 0xD2AF, 0xDAAF, 0xD2AF,
    0xDB31, 0xD2AF, 0xD2AF, 0xD2AF, 0xD2AF, 0xDAB0, 0xE2D0, 0xE2D0, 0xEAF1, 0xEAF1, 0xF2F1, 0xF312,
    0xFB12, 0xFB12, 0xFB12, 0xFB32, 0xFB32, 0xFB32, 0xFB32, 0xFB33, 0xFB32, 0xFB32, 0xFB12, 0xF312,
    0xF393, 0xF2F1, 0xF2F1, 0xF2F1, 0xF2F1, 0xF311, 0xFB12, 0xFB12, 0xFB93, 0xFB32, 0xFB32, 0xFB33,
    0xFB33, 0xFB33, 0xFB33, 0xFB33, 0xFB32, 0xFB32, 0xFB12, 0xFB12, 0xFB12, 0xFB12, 0xFB12, 0xFB12,
    0xFB12, 0xFB12, 0xFB12, 0xF2F1, 0xEAF1, 0xE2D0, 0xDAD0, 0xD2AF, 0xD2AF, 0xCAAF, 0xCA8E, 0xCA8E,
    0xCB10, 0xCA8E, 0xCA8F, 0xD330, 0xCAAF, 0xCAAF, 0xCA8F, 0xCA8F, 0xCAAF, 0xCAAF, 0xD2AF, 0xD2AF,
    0xDAAF, 0xDAAF, 0xDAD0, 0xE2D0, 0xE2D0, 0xE2D0, 0xE2D0, 0xDAD0, 0xDAD0, 0xE351, 0xDAD0, 0xDAB0,
    0xDAB0, 0xDAAF, 0xD2AF, 0xD330, 0xCA8E, 0xC28E, 0xC28E, 0xCA8E, 0xCAAF, 0xD2AF, 0xDAB0, 0xE2D0,
    0xE2D0, 0xE2D0, 0xE2D0, 0xE2D0, 0xE2D0, 0xE2D0, 0xEAF1, 0xEAF1, 0xF372, 0xF2F1, 0xF2F1, 0xEAF1,
    0xEAF1, 0xEAF1, 0xEAF1, 0xEAF1, 0xEAF1, 0xEAD1, 0xEB72, 0xE2D0, 0xE2D0, 0xE2D0, 0xE2D0, 0xEAF1,
    0xEAF1, 0xEAF1, 0xEAF1, 0xEAF1, 0xDAAF, 0xDAAF, 0xDAAF, 0xDAB0, 0xDB51, 0xDAD0, 0xDAD0, 0xDAD0,
    0xE2D0, 0xE352, 0xE2D0, 0xE2D0, 0xEAD1, 0xEAF1, 0xEAF1, 0xF2F1, 0xF2F1, 0xFB12, 0xFB12, 0xFB12,
    0xFB12, 0xFB12, 0xFB12, 0xFBB3, 0xFB12, 0xFB12, 0xFB12, 0xF312, 0xF2F1, 0xF2F1, 0xF2F1, 0xEAF1,
    0xEAF1, 0xEAF1, 0xEAF1, 0xEB72, 0xEAF1, 0xEAF1, 0xEAD1, 0xEAF1, 0xF2F1, 0xF2F1, 0xF311, 0xFB12,
    0xFB12, 0xFB12, 0xFB12, 0xFB12, 0xFB12, 0xFB12, 0xFB12, 0xF312, 0xF2F1, 0xEAF1, 0xEB72, 0xE2D0,
    0xE2D0, 0xDAD0, 0xDAD0, 0xDAB0, 0xDAB0, 0xDAAF, 0xD2AF, 0xCA8F, 0xCA8E, 0xCA8E, 0xCA8F, 0xCA8F,
    0xD2AF, 0xD2AF, 0xD2AF, 0xD2AF, 0xD2AF, 0xCA8F, 0xCA8F, 0xD2AF, 0xD2AF, 0xD2AF, 0xDAAF, 0xDAAF,
    0xD2AF, 0xD2AF, 0xD330, 0xCAAF, 0xCA8F, 0xCA8F, 0xCA8F, 0xCA8F, 0xCAAF, 0xD2AF, 0xD331, 0xD330,
    0xCA8E, 0xCA8E, 0xCA8E, 0xCA8E, 0xD2AF, 0xD2AF, 0xD2AF, 0xDAAF, 0xDAB0, 0xDAB0, 0xDAB0, 0xE2D0,
    0xE2D0, 0xE2D0, 0xEAF1, 0xEAF1, 0xF2F1, 0xF2F1, 0xF2F1, 0xEAF1, 0xEAF1, 0xE2D0, 0xE2D0, 0xE2D0,
    0xE2D0, 0xE2D0, 0xE2D0, 0xEAD0, 0xEAD1, 0xEAF1, 0xEAF1, 0xEB72, 0xF2F1, 0xF2F1, 0xF2F1, 0xF2F1,
    0xD2AF, 0xDB31, 0xD2AF, 0xD2AF, 0xDAAF, 0xDAB0, 0xDAB0, 0xDAB0, 0xDAB0, 0xE2B0, 0xDAB0, 0xDAB0,
    0xDAB0, 0xDAD0, 0xE2D0, 0xE2D0, 0xE2D0, 0xEAD1, 0xEAD1, 0xEAD1, 0xEAD1, 0xF2F1, 0xF2F1, 0xEAF1,
    0xEAD1, 0xE2D0, 0xE2D0, 0xE2D0, 0xE2D0, 0xE2D0, 0xE2D0, 0xDAD0, 0xDAB0, 0xDAB0, 0xDAD0, 0xE2D0,
    0xE2D0, 0xE2D0, 0xE2D0, 0xE2D0, 0xEAD1, 0xEAD1, 0xF372, 0xF2F1, 0xF2F1, 0xF2F1, 0xF2F1, 0xF2F1,
    0xEAF1, 0xEAD1, 0xEAD1, 0xEAD1, 0xEAD1, 0xE2D0, 0xE2D0, 0xEB72, 0xEAD0, 0xE2D0, 0xE2D0, 0xE2D0,
    0xE2D0, 0xE2D0, 0xE2D0, 0xE2D0, 0xE2D0, 0xDAB0, 0xDAAF, 0xD2AF, 0xCAAF, 0xCA8F, 0xCA8E, 0xCA8E,
    0xCA8E, 0xCA8E, 0xCA8E, 0xC26E, 0xC26E, 0xBA6E, 0xBA6E, 0xBA6E, 0xBA6D, 0xB24D, 0xB24D, 0xB24D,
    0xB24D, 0xBA6D, 0xBA6E, 0xC26E, 0xC26E, 0xC28E, 0xC26E, 0xC26E, 0xC26E, 0xC26E, 0xC26E, 0xC28E,
    0xCA8E, 0xCA8F, 0xCA8F, 0xCA8F, 0xD28F, 0xD2AF, 0xDAAF, 0xDAAF, 0xDAB0, 0xDAAF, 0xDAB0, 0xDAB0,
    0xDAB0, 0xDAB0, 0xDAB0, 0xE2D0, 0xE2D0, 0xE2D0, 0xEAF1, 0xEAD1, 0xE2D0, 0xE2D0, 0xE2D0, 0xDAB0,
    0xDAAF, 0xDAB0, 0xDAB0, 0xDAB0, 0xDAB0, 0xDAB0, 0xDAB0, 0xDAB0, 0xDAB0, 0xDAB0, 0xDAB0, 0xDAB0,
    0xDAB0, 0xDAB0, 0xDAAF, 0xDAB0, 0xDAB0, 0xE2D0, 0xE2D0, 0xEB52, 0xEAD0, 0xEAD0, 0xE2D0, 0xE2D0,
    0xE2D0, 0xE2D0, 0xE2D0, 0xE2D0, 0xE2D0, 0xE2D0, 0xE2D0, 0xDAB0, 0xDAB0, 0xDAB0, 0xE2D0, 0xE2D0,
    0xE2D0, 0xE2D0, 0xE2D0, 0xDAB0, 0xDAB0, 0xE2D0, 0xE2D0, 0xDAB0, 0xDAB0, 0xDAB0, 0xDAB0, 0xDAB0,
    0xDAB0, 0xDAB0, 0xDAB0, 0xDAB0, 0xE2D0, 0xE351, 0xDAB0, 0xDAB0, 0xDAB0, 0xDAB0, 0xDAB0, 0xDAB0,
    0xDAB0, 0xDAAF, 0xDAAF, 0xDAB0, 0xE2D0, 0xE2D0, 0xEAD0, 0xEAD0, 0xE2D0, 0xE2D0, 0xE2D0, 0xE2D0,
    0xE2D0, 0xDAD0, 0xDB51, 0xD2AF, 0xCA8F, 0xCA8E, 0xC28E, 0xCA8E, 0xCA8E, 0xCA8E, 0xCA8E, 0xCA8E,
    0xC28E, 0xC26E, 0xC26E, 0xBA6E, 0xBA6D, 0xBA4D, 0xB24D, 0xB24D, 0xB24D, 0xB24D, 0xBA6D, 0xC310,
    0xC26E, 0xC26E, 0xC28E, 0xC28E, 0xC28E, 0xCA8E, 0xD28F, 0xD2AF, 0xD2AF, 0xD2AF, 0xDAAF, 0xDAB0,
    0xDAB0, 0xDAB0, 0xDAB0, 0xD2AF, 0xDB31, 0xD2AF, 0xDAB0, 0xE351, 0xDAB0, 0xDAB0, 0xE2D0, 0xE2D0,
    0xE2D0, 0xE2D0, 0xDAB0, 0xDAB0, 0xE2D0, 0xE2D0, 0xE2D0, 0xE2D0, 0xE2D0, 0xE2D0, 0xE2D0, 0xE2D0,
    0xE2D0, 0xDAB0, 0xDAB0, 0xDAB0, 0xEAF1, 0xEAF1, 0xEAF1, 0xEAF1, 0xEAD1, 0xE2D0, 0xE2D0, 0xE2D0,
    0xEB72, 0xEAF1, 0xEAF1, 0xEAF1, 0xEAF1, 0xEAF1, 0xEAF1, 0xEAF1, 0xEAD1, 0xE2D0, 0xE2D0, 0xE2D0,
    0xE2D0, 0xE2D0, 0xE2D0, 0xE2D0, 0xE2D0, 0xE2D0, 0xE2D0, 0xEAD1, 0xEAD1, 0xE2D0, 0xE2D0, 0xE2D0,
    0xDAD0, 0xDAD0, 0xE2D0, 0xDAD0, 0xE2D0, 0xE2D1, 0xEAF1, 0xEAD0, 0xE2D0, 0xE2D0, 0xEAD1, 0xEAF1,
    0xEAF1, 0xF372, 0xF2F1, 0xF2F1, 0xF311, 0xF312, 0xF312, 0xFB12, 0xF312, 0xF2F1, 0xF2F1, 0xF2F1,
    0xF311, 0xFB12, 0xFB12, 0xF312, 0xF2F1, 0xF312, 0xFB12, 0xF311, 0xF2F1, 0xEAF1, 0xE2D0, 0xE2D0,
    0xDAD0, 0xDAB0, 0xDAB0, 0xD2AF, 0xD2AF, 0xD2AF, 0xD2AF, 0xCAAF, 0xCA8F, 0xCA8E, 0xCA8E, 0xCA8E,
    0xCA8E, 0xCA8F, 0xD2AF, 0xD2AF, 0xDAAF, 0xDAAF, 0xDAAF, 0xD2AF, 0xDB31, 0xD2AF, 0xD2AF, 0xD2AF,
    0xDAAF, 0xDAB0, 0xDAAF, 0xDAB0, 0xE2D0, 0xE2D0, 0xEAD1, 0xEB72, 0xF2F1, 0xEAF1, 0xEAF1, 0xEAF1,
    0xEAF1, 0xE2D0, 0xE2D0, 0xE2D0, 0xDAD0, 0xDAB0, 0xDAD0, 0xE2D0, 0xE2D0, 0xE2D0, 0xE2D0, 0xEAF1,
    0xEAF1, 0xEAF1, 0xEAF1, 0xF2F1, 0xF2F1, 0xF2F1, 0xF2F1, 0xF312, 0xF393, 0xF2F1, 0xF2F1, 0xF2F1,
    0xEAF1, 0xEAF1, 0xF311, 0xF2F1, 0xF2F1, 0xF311, 0xFB12, 0xF312, 0xF311, 0xF311, 0xF2F1, 0xEAF1,
    0xEAF1, 0xEAF1, 0xEAF1, 0xE2D0, 0xEB72, 0xE2F0, 0xE2F0, 0xEAF1, 0xEAF1, 0xEAF1, 0xF392, 0xEAF1,
    0xEAF1, 0xEAF1, 0xE2D0, 0xE2D0, 0xE2D0, 0xE2D0, 0xE2D0, 0xE2D0, 0xEAF1, 0xEAF1, 0xEAF1, 0xEAF1,
    0xEAF1, 0xEAF1, 0xEAF1, 0xF2F1, 0xF311, 0xFB12, 0xFB12, 0xFB32, 0xFB32, 0xFB32, 0xFB32, 0xFB33,
    0xFB33, 0xFB33, 0xFBD4, 0xFB53, 0xFB33, 0xFB32, 0xFB33, 0xFBB4, 0xFB33, 0xFB33, 0xFB33, 0xFB33,
    0xFB32, 0xFB32, 0xFB32, 0xFB12, 0xF312, 0xF312, 0xF312, 0xF311, 0xF311, 0xF2F1, 0xEAF1, 0xE2F0,
    0xDAD0, 0xDAAF, 0xD2AF, 0xD2AF, 0xD2AF, 0xDAAF, 0xDAAF, 0xD2AF, 0xDAD0, 0xDAD0, 0xE2D0, 0xE2F1,
    0xEAF1, 0xF311, 0xF311, 0xF312, 0xFB12, 0xFB12, 0xFB32, 0xFB32, 0xFB32, 0xFB32, 0xFB32, 0xFB12,
    0xFB32, 0xFB32, 0xFB32, 0xFB32, 0xFB32, 0xFB32, 0xFB12, 0xFB12, 0xF312, 0xEAF1, 0xEAF1, 0xE2F0,
    0xE2F0, 0xE2D0, 0xE2F0, 0xEAF1, 0xF311, 0xF312, 0xFB12, 0xFB32, 0xFB32, 0xFB32, 0xFB33, 0xFB33,
    0xFB53, 0xFB53, 0xFBD4, 0xFBD4, 0xFB53, 0xFB53, 0xFB53, 0xFB53, 0xFB12, 0xFB12, 0xFB12, 0xFB12,
    0xFB12, 0xFB12, 0xF312, 0xF312, 0xF312, 0xF312, 0xF393, 0xF312, 0xF312, 0xF393, 0xF2F1, 0xEAF1,
    0xEAF1, 0xEAF1, 0xEAF1, 0xEAF1, 0xF311, 0xF312, 0xFB12, 0xFB12, 0xFB12, 0xFB12, 0xFB32, 0xFB32,
    0xFB12, 0xFB12, 0xFB12, 0xFB12, 0xFB93, 0xF312, 0xF312, 0xF311, 0xF311, 0xF311, 0xF311, 0xF311,
    0xF312, 0xFB12, 0xFB12, 0xFB32, 0xFB32, 0xFB33, 0xFB53, 0xFB53, 0xFB53, 0xFBD4, 0xFB53, 0xFB53,
    0xFB53, 0xFB54, 0xFB53, 0xFB53, 0xFB53, 0xFB53, 0xFB53, 0xFB53, 0xFB53, 0xFB53, 0xFB53, 0xFB33,
    0xFB33, 0xFB32, 0xFB12, 0xF311, 0xF2F1, 0xEAF1, 0xEAF1, 0xE2F0, 0xE2D0, 0xE2D0, 0xEB72, 0xE2D0,
    0xE2D0, 0xDAD0, 0xDAD0, 0xE2D0, 0xE2D0, 0xE2D0, 0xDAD0, 0xDAD0, 0xE2D0, 0xE2D0, 0xE2D0, 0xEAF1,
    0xF2F1, 0xF312, 0xFB12, 0xFB32, 0xFB33, 0xFB32, 0xFB32, 0xFB32, 0xFB32, 0xFB12, 0xFB12, 0xFB12,
    0xF312, 0xF311, 0xF311, 0xEAF1, 0xE2F0, 0xDAD0, 0xDAD0, 0xDAD0, 0xDAD0, 0xE2D0, 0xE2D0, 0xEAF1,
    0xEAF1, 0xF311, 0xF312, 0xFB32, 0xFB32, 0xFB32, 0xFB33, 0xFB53, 0xFB53, 0xFB53, 0xFB33, 0xFB32,
    0xFB32, 0xFB32, 0xFB32, 0xFB32, 0xFB32, 0xFBB3, 0xFB12, 0xFB12, 0xFB12, 0xFB12, 0xFB32, 0xFB32,
    0xFB33, 0xFBB4, 0xFB33, 0xFB33, 0xFB33, 0xFB32, 0xFB12, 0xFB12, 0xF311, 0xEAF1, 0xEAF1, 0xF2F1,
    0xF311, 0xFB12, 0xFB12, 0xFB12, 0xFB12, 0xF312, 0xF311, 0xF2F1, 0xF311, 0xF312, 0xF312, 0xFB12,
    0xFB12, 0xFB12, 0xFB12, 0xFB12, 0xF312, 0xF311, 0xF2F1, 0xF312, 0xFB12, 0xFB32, 0xFB33, 0xFB33,
    0xFB32, 0xFB12, 0xFB12, 0xF312, 0xF312, 0xF312, 0xFB12, 0xFB12, 0xFB12, 0xFB32, 0xFB32, 0xFB32,
    0xFB12, 0xFB12, 0xFB12, 0xFB12, 0xFB12, 0xFB93, 0xF312, 0xF312, 0xF312, 0xF312, 0xF311, 0xEAF1,
    0xF2F1, 0xF311, 0xEAF1, 0xE2D0, 0xE2D0, 0xE2D0, 0xDAD0, 0xDAD0, 0xDAB0, 0xDAAF, 0xD2AF, 0xDAAF,
    0xDB51, 0xDAD0, 0xDAD0, 0xDAD0, 0xE2D0, 0xE2D0, 0xE2D0, 0xEAF1, 0xF2F1, 0xF2F1, 0xF2F1, 0xF2F1,
    0xF2F1, 0xEAF1, 0xE2D0, 0xEB72, 0xE2F1, 0xEAF1, 0xEAF1, 0xEAF1, 0xEAF1, 0xEAF1, 0xEAF1, 0xE2D0,
    0xE2D0, 0xE352, 0xDAD0, 0xDAB0, 0xD2AF, 0xD2AF, 0xD2AF, 0xD2AF, 0xD2AF, 0xDAAF, 0xDAD0, 0xDAD0,
    0xE351, 0xE2D0, 0xEAF1, 0xF312, 0xFB12, 0xF311, 0xEAF1, 0xEAF1, 0xEAF1, 0xE2D0, 0xDAD0, 0xDAD0,
    0xEAF1, 0xEAF1, 0xF2F1, 0xF2F1, 0xF2F1, 0xF311, 0xFB12, 0xFB32, 0xFB32, 0xFB12, 0xFBB3, 0xFB12,
    0xFB12, 0xFB12, 0xFB12, 0xFB12, 0xF312, 0xF2F1, 0xEAF1, 0xEAF1, 0xEAF1, 0xE2D0, 0xE2D0, 0xE2D0,
    0xE2D0, 0xEAF1, 0xEAF1, 0xF2F1, 0xF311, 0xFB12, 0xFB12, 0xFB12, 0xFB12, 0xFB32, 0xFB33, 0xFB32,
    0xFB32, 0xFB33, 0xFB33, 0xFB32, 0xFB32, 0xFB12, 0xFB12, 0xFB12, 0xFB12, 0xFB12, 0xFB12, 0xFB12,
    0xFB12, 0xF311, 0xF2F1, 0xEAF1, 0xEAF1, 0xEB72, 0xEAF1, 0xEAF1, 0xEAF1, 0xEAD1, 0xE2D0, 0xEAF1,
    0xEAF1, 0xF2F1, 0xF393, 0xF311, 0xF2F1, 0xF2F1, 0xEAF1, 0xEAF1, 0xE2D1, 0xE2D0, 0xDAD0, 0xDAAF,
    0xD2AF, 0xD331, 0xCA8F, 0xCA8F, 0xD330, 0xD330, 0xCAAF, 0xD2AF, 0xD2AF, 0xD2AF, 0xDAAF, 0xDB51,
    0xDAAF, 0xDAD0, 0xE2D0, 0xEAF1, 0xF2F1, 0xF2F1, 0xF393, 0xF312, 0xFB12, 0xFB12, 0xF2F1, 0xEAF1,
    0xEAF1, 0xEAF1, 0xE2D0, 0xE2D0, 0xEAF1, 0xE2D1, 0xE2D0, 0xE2D0, 0xE2D0, 0xDAD0, 0xDAB0, 0xD2AF,
    0xCAAF, 0xCA8F, 0xCA8F, 0xCAAF, 0xD2AF, 0xD2AF, 0xD2AF, 0xD2AF, 0xD2AF, 0xDAB0, 0xE2D0, 0xE2D0,
    0xE2D0, 0xE2D0, 0xE2D0, 0xE2D0, 0xEB72, 0xEB72, 0xE2D0, 0xE2D0, 0xE2D0, 0xE2D0, 0xE372, 0xEAF1,
    0xEAF1, 0xE2F1, 0xEAF1, 0xEAF1, 0xEAF1, 0xEAF1, 0xE2D0, 0xE2D0, 0xDAD0, 0xE2D0, 0xE2D0, 0xE2D0,
    0xEAF1, 0xEAF1, 0xEAF1, 0xEAF1, 0xEAF1, 0xEAF1, 0xEAF1, 0xF2F1, 0xF311, 0xFB12, 0xFB12, 0xFB32,
    0xFB32, 0xFB32, 0xFBB3, 0xFB33, 0xFB33, 0xFB33, 0xFB33, 0xFB53, 0xFB53, 0xFBD4, 0xFB33, 0xFB33,
    0xFB32, 0xFB12, 0xFB12, 0xF393, 0xF311, 0xF311, 0xF2F1, 0xF2F1, 0xF2F1, 0xF311, 0xFB12, 0xFB12,
    0xF312, 0xF311, 0xF311, 0xF311, 0xF311, 0xF311, 0xF311, 0xF2F1, 0xEAF1, 0xEAF1, 0xE2D0, 0xDAD0,
    0xDAAF, 0xDAD0, 0xDAB0, 0xDAAF, 0xDAB0, 0xDAD0, 0xDB51, 0xDAD0, 0xDAB0, 0xDAB0, 0xDAAF, 0xD2AF,
    0xD2AF, 0xD2AF, 0xD2AF, 0xD2AF, 0xDAAF, 0xDAD0, 0xDAD0, 0xDAD0, 0xE2D0, 0xE2D0, 0xE2F1, 0xEAF1,
    0xEAF1, 0xE2F1, 0xEAF1, 0xEAF1, 0xF311, 0xF312, 0xF312, 0xF311, 0xF392, 0xEAF1, 0xEB72, 0xE2D0,
    0xE2F1, 0xE2F0, 0xE2D0, 0xE372, 0xE2D0, 0xE2F0, 0xE2D0, 0xDAB0, 0xDAAF, 0xDAAF, 0xDAB0, 0xDAD0,
    0xDAD0, 0xE2D0, 0xE2D0, 0xE2D0, 0xE2D0, 0xE2D0, 0xE2D0, 0xEAF1, 0xEAF1, 0xEAF1, 0xEAF1, 0xEB72,
    0xEAF1, 0xEAF1, 0xEAF1, 0xEAF1, 0xDAD0, 0xDAD0, 0xDAAF, 0xD2AF, 0xD2AF, 0xD2AF, 0xD2AF, 0xD2AF,
    0xD2AF, 0xDAD0, 0xE2D0, 0xEAF1, 0xF311, 0xF311, 0xF311, 0xEAF1, 0xEAF1, 0xF2F1, 0xF311, 0xF311,
    0xF311, 0xF311, 0xF311, 0xF311, 0xF311, 0xFB12, 0xFB32, 0xFB32, 0xFB33, 0xFB33, 0xFB32, 0xFB33,
    0xFB33, 0xFB33, 0xFBB4, 0xFB32, 0xFB32, 0xFB12, 0xFB32, 0xFB32, 0xFB12, 0xFB12, 0xFB12, 0xFB12,
    0xFB32, 0xFB32, 0xFB32, 0xFB32, 0xFB32, 0xFB32, 0xFB32, 0xFB32, 0xFBB3, 0xFB12, 0xFB12, 0xF312,
    0xF311, 0xEAF1, 0xEAF1, 0xEAF1, 0xEAF1, 0xEAF1, 0xEAF1, 0xE2F1, 0xE372, 0xE2D0, 0xE2D0, 0xE2D0,
    0xE2D0, 0xDAD0, 0xDAD0, 0xDAD0, 0xDAD0, 0xDAD0, 0xDAD0, 0xE2D0, 0xE2D0, 0xDAD0, 0xDAD0, 0xDAD0,
    0xE372, 0xE2F0, 0xEAF1, 0xEAF1, 0xEAF1, 0xEAF1, 0xF2F1, 0xF311, 0xF311, 0xF312, 0xFB12, 0xFB32,
    0xFB33, 0xFB33, 0xFB33, 0xFB32, 0xFB32, 0xFB32, 0xF312, 0xF311, 0xEAF1, 0xEAF1, 0xEAF1, 0xEAF1,
    0xEAF1, 0xEAF1, 0xE2F0, 0xE2D0, 0xE2D0, 0xE2D0, 0xE2D0, 0xE2F0, 0xEAF1, 0xF311, 0xFB12, 0xFB12,
    0xFB12, 0xF312, 0xF312, 0xFB12, 0xFB12, 0xFB12, 0xFB12, 0xFB32, 0xFB32, 0xFB32, 0xFB32, 0xFB32,
    0xE2D0, 0xE2F0, 0xE2F0, 0xE2F0, 0xE372, 0xE2F0, 0xE2F0, 0xE2D0, 0xE2D0, 0xEAF1, 0xEAF1, 0xEAF1,
    0xEAF1, 0xEAF1, 0xF2F1, 0xF311, 0xF311, 0xFB12, 0xFB12, 0xFB12, 0xFB12, 0xFB12, 0xF312, 0xF311,
    0xF311, 0xF311, 0xF311, 0xF311, 0xF311, 0xF311, 0xF312, 0xF311, 0xF311, 0xF312, 0xF311, 0xEAF1,
    0xE2F1, 0xEAF1, 0xEAF1, 0xEAF1, 0xF311, 0xF312, 0xF312, 0xFB32, 0xFB32, 0xFB32, 0xFB32, 0xFBB4,
    0xFB33, 0xFBD4, 0xFB33, 0xFB32, 0xFB32, 0xFB32, 0xFB12, 0xFB12, 0xF311, 0xF311, 0xF311, 0xF311,
    0xF2F1, 0xF2F1, 0xF311, 0xEAF1, 0xEAF1, 0xF372, 0xEAF1, 0xEAF1, 0xE2D0, 0xDAD0, 0xDAAF, 0xDAAF,
    0xD2AF, 0xD2AF, 0xD2AF, 0xD2AF, 0xD2AF, 0xDAAF, 0xDB51, 0xDAD0, 0xDAD0, 0xE2F0, 0xEAF1, 0xEB72,
    0xF2F1, 0xF311, 0xF311, 0xF312, 0xFB12, 0xFB12, 0xFB12, 0xFB12, 0xFB32, 0xFB32, 0xFB32, 0xFB32,
    0xFB32, 0xFB32, 0xFB32, 0xFB32, 0xFB12, 0xFB12, 0xFB12, 0xF312, 0xF311, 0xF311, 0xF311, 0xEAF1,
    0xEB72, 0xEAF1, 0xF2F1, 0xF311, 0xF311, 0xF312, 0xFB32, 0xFB32, 0xFB12, 0xFB12, 0xFB12, 0xFB12,
    0xFB12, 0xFB12, 0xFB12, 0xFB12, 0xFB32, 0xFB32, 0xFB32, 0xFB12, 0xD2AF, 0xD2AF, 0xD2AF, 0xD2AF,
    0xDB31, 0xDAAF, 0xDAB0, 0xDAD0, 0xDAD0, 0xE2D0, 0xDAB0, 0xDAAF, 0xD2AF, 0xDAAF, 0xDAD0, 0xE2D0,
    0xE2D0, 0xE2D0, 0xEAD1, 0xEAF1, 0xEAF1, 0xF2F1, 0xEAF1, 0xEAF1, 0xEAF1, 0xE2D0, 0xE2D0, 0xE2D0,
    0xDAD0, 0xDAB0, 0xDAB0, 0xDAAF, 0xDAAF, 0xDAAF, 0xD2AF, 0xCAAF, 0xCA8F, 0xCA8E, 0xCA8E, 0xCA8F,
    0xD2AF, 0xDAD0, 0xE2D0, 0xE372, 0xE2D0, 0xEAF1, 0xF2F1, 0xEAF1, 0xEAF1, 0xF2F1, 0xF2F1, 0xF2F1,
    0xEAF1, 0xEAF1, 0xEAF1, 0xEAD1, 0xEAF1, 0xEAF1, 0xEAF0, 0xE2D0, 0xE2D0, 0xE2D0, 0xDAB0, 0xDAB0,
    0xDAB0, 0xD2AF, 0xD2AF, 0xD2AF, 0xD2AF, 0xD2AF, 0xCA8F, 0xCA8F, 0xCA8F, 0xCAAF, 0xCAAF, 0xCA8F,
    0xCA8F, 0xC28E, 0xC28E, 0xCA8E, 0xD2AF, 0xDAAF, 0xDAB0, 0xE352, 0xEAF1, 0xEAF1, 0xEAF1, 0xF2F1,
    0xFB12, 0xFB12, 0xFB93, 0xFB12, 0xFB12, 0xFB12, 0xFB12, 0xFB93, 0xFB12, 0xFB12, 0xF311, 0xF2F1,
    0xF311, 0xF2F1, 0xF2F1, 0xEAF1, 0xEAF1, 0xEAF1, 0xEAF1, 0xEAF1, 0xEAF1, 0xF2F1, 0xF2F1, 0xF2F1,
    0xF2F1, 0xEAF1, 0xEAF1, 0xEAD1, 0xE2D0, 0xE2D0, 0xE2D0, 0xE2D0, 0xE2D0, 0xE2D0, 0xE2D0, 0xE2D0,
    0xE2D0, 0xEAD0, 0xE2D0, 0xE2D0, 0xD330, 0xD2AF, 0xD2AF, 0xD28F, 0xCA8F, 0xCA8E, 0xC28E, 0xC26E,
    0xC28E, 0xCA8E, 0xCA8E, 0xCA8E, 0xD2AF, 0xD2AF, 0xD2AF, 0xDB31, 0xDAAF, 0xDAB0, 0xDAB0, 0xDAB0,
    0xDAB0, 0xDAB0, 0xD2AF, 0xCAAF, 0xCA8F, 0xCA8E, 0xC28E, 0xC26E, 0xC26E, 0xC26E, 0xC26E, 0xBA6E,
    0xBA6D, 0xBA6D, 0xBA6D, 0xBA6D, 0xC26E, 0xC26E, 0xC28E, 0xCA8E, 0xD28F, 0xD2AF, 0xDAB0, 0xE2D0,
    0xDAB0, 0xDAB0, 0xDAB0, 0xE2D0, 0xE2D0, 0xE352, 0xE2D0, 0xDAD0, 0xDAB0, 0xDAAF, 0xDAAF, 0xD2AF,
    0xD2AF, 0xD2AF, 0xD2AF, 0xCA8F, 0xCA8E, 0xCA8E, 0xCA8E, 0xC28E, 0xC26E, 0xC26E, 0xC310, 0xC26E,
    0xBA6E, 0xBA6E, 0xBA6D, 0xBA6D, 0xBA6E, 0xBA6E, 0xC26E, 0xC26E, 0xC26E, 0xC26E, 0xC26E, 0xCA8E,
    0xCA8E, 0xCA8E, 0xCA8E, 0xCA8F, 0xD2AF, 0xDAAF, 0xDAB0, 0xE2D0, 0xEAD1, 0xEAF1, 0xEAD1, 0xEAF1,
    0xEAF1, 0xEAD1, 0xE2D0, 0xE2D0, 0xE2D0, 0xE2D0, 0xE2D0, 0xE2D0, 0xE2D0, 0xE2D0, 0xEAD0, 0xEAD1,
    0xEAF1, 0xEAF1, 0xEAD1, 0xEAD1, 0xEAD1, 0xEAD1, 0xE2D0, 0xE2D0, 0xE2D0, 0xE2D0, 0xDAB0, 0xDAB0,
    0xDAAF, 0xDB51, 0xDAAF, 0xDAAF, 0xD2AF, 0xD2AF, 0xD2AF, 0xD2AF, 0xDAAF, 0xDAB0, 0xDAB0, 0xDAB0,
    0xBA6E, 0xBA6D, 0xBA6D, 0xBA6D, 0xC26E, 0xC26E, 0xBA6E, 0xC28E, 0xCA8E, 0xCA8E, 0xCA8F, 0xD28F,
    0xD2AF, 0xD2AF, 0xD2AF, 0xD330, 0xCA8F, 0xCA8F, 0xD330, 0xCA8F, 0xD2AF, 0xCA8F, 0xCA8E, 0xCA8E,
    0xCA8E, 0xC28E, 0xC26E, 0xBA6D, 0xBA6D, 0xBA6D, 0xC2EF, 0xBA6D, 0xBA6E, 0xBA6D, 0xBA6E, 0xC26E,
    0xCB10, 0xCA8E, 0xD2AF, 0xD2AF, 0xD2AF, 0xDAAF, 0xDAB0, 0xDAB0, 0xDAB0, 0xE2D0, 0xE2D0, 0xE2D0,
    0xEB72, 0xEAD0, 0xE2D0, 0xE2D0, 0xE2D0, 0xDAB0, 0xDAAF, 0xD2AF, 0xD2AF, 0xD2AF, 0xD2AF, 0xD2AF,
    0xCA8F, 0xCA8E, 0xCA8E, 0xC28E, 0xC28E, 0xC28E, 0xC26E, 0xBA6E, 0xBA6D, 0xBA4D, 0xBA6D, 0xBA6E,
    0xC26E, 0xC26E, 0xCB10, 0xCA8E, 0xCA8E, 0xCA8E, 0xD28F, 0xD2AF, 0xD2AF, 0xD2AF, 0xD2AF, 0xD330,
    0xD28F, 0xD2AF, 0xDAAF, 0xDAB0, 0xE2D0, 0xE2D0, 0xE2D0, 0xE2D0, 0xEAD1, 0xEAF1, 0xEAF1, 0xEAF1,
    0xEAD1, 0xEAF1, 0xE2D0, 0xE2D0, 0xE2D0, 0xE2D0, 0xE2D0, 0xE2D0, 0xE2B0, 0xDAB0, 0xDAB0, 0xDB51,
    0xDAB0, 0xDAB0, 0xDAB0, 0xE2D0, 0xEAD1, 0xEAF1, 0xEAF1, 0xF2F1, 0xF2F1, 0xEAF1, 0xEAF1, 0xEAD0,
    0xE2D0, 0xEAD1, 0xEAD1, 0xEAD1, 0xEAD1, 0xE2D0, 0xEAD1, 0xEAF1, 0xD2AF, 0xD2AF, 0xD2AF, 0xD2AF,
    0xD2AF, 0xD2AF, 0xD2AF, 0xDAAF, 0xD2AF, 0xD2AF, 0xDAAF, 0xDAB0, 0xDAB0, 0xDAAF, 0xD2AF, 0xDBD2,
    0xD2AF, 0xCA8F, 0xD310, 0xCA8E, 0xCA8E, 0xCA8E, 0xCA8E, 0xCA8F, 0xCA8E, 0xCA8E, 0xCA8E, 0xCA8F,
    0xCA8F, 0xCA8E, 0xCB10, 0xC28E, 0xCA8E, 0xC28E, 0xC28E, 0xC28E, 0xC28E, 0xCA8E, 0xCA8F, 0xD2AF,
    0xD2AF, 0xD2AF, 0xDAAF, 0xDAB0, 0xE2D0, 0xE2D0, 0xE2D0, 0xEAF1, 0xF2F1, 0xF2F1, 0xEAF1, 0xEAF1,
    0xEAF1, 0xEAF1, 0xEAF1, 0xEAF1, 0xEAD1, 0xEAF1, 0xEAF1, 0xE2D0, 0xE352, 0xDAB0, 0xD2AF, 0xD2AF,
    0xD2AF, 0xD2AF, 0xD2AF, 0xD2AF, 0xD2AF, 0xD2AF, 0xD2AF, 0xD2AF, 0xD2AF, 0xD2AF, 0xD2AF, 0xD2AF,
    0xD2AF, 0xDB51, 0xDAB0, 0xDAB0, 0xDAD0, 0xE2D0, 0xE2D0, 0xE2D0, 0xEAF1, 0xEAF1, 0xEAF1, 0xEAD0,
    0xEAD0, 0xEAD1, 0xEAF1, 0xEAF1, 0xF2F1, 0xF2F1, 0xF2F1, 0xF2F1, 0xF2F1, 0xF2F2, 0xF312, 0xFB12,
    0xF312, 0xF2F1, 0xF2F1, 0xF2F1, 0xEAF1, 0xEAD1, 0xEAD1, 0xEAF1, 0xEAF1, 0xEAF1, 0xEAF1, 0xF2F1,
    0xF2F1, 0xF2F1, 0xF2F1, 0xF2F1, 0xEAF1, 0xEAF1, 0xEAF1, 0xF2F1, 0xF2F1, 0xEAF1, 0xEAF1, 0xEAF1,
    0xF2F1, 0xF2F1, 0xEAF1, 0xEAF1, 0xE2D0, 0xE2D0, 0xEAF1, 0xEAD1, 0xE2D0, 0xEAF1, 0xF372, 0xF2F1,
    0xF2F1, 0xEAF1, 0xEAF1, 0xEAF1, 0xEAF1, 0xE2D0, 0xE2D0, 0xE2D0, 0xE2D0, 0xDAB0, 0xD2AF, 0xD2AF,
    0xD2AF, 0xD2AF, 0xD2AF, 0xD2AF, 0xD2AF, 0xD331, 0xD2AF, 0xD2AF, 0xD2AF, 0xD2AF, 0xD2AF, 0xD2AF,
    0xD2AF, 0xCAAF, 0xD2AF, 0xD2AF, 0xD2AF, 0xDAB0, 0xDAD0, 0xDAB0, 0xDAB0, 0xDAAF, 0xDAAF, 0xDAAF,
    0xDAAF, 0xDAAF, 0xDAAF, 0xDAD0, 0xE2D0, 0xE2D0, 0xE2D0, 0xE2D0, 0xE2D0, 0xE2D0, 0xE2D0, 0xE2D0,
    0xE2D0, 0xE2D0, 0xE2D0, 0xEAD1, 0xEAF1, 0xEAD1, 0xE2D0, 0xE2D0, 0xE2D0, 0xE2D0, 0xE2D0, 0xE2D0,
    0xE2D0, 0xEAD1, 0xEAF1, 0xEAF1, 0xE2D0, 0xE2D0, 0xEAD1, 0xE2D0, 0xE2D0, 0xDAD0, 0xDAB0, 0xDAB0,
    0xDAB0, 0xDAD0, 0xDAD0, 0xE2D0, 0xE2D0, 0xDAD0, 0xDAD0, 0xDAD0, 0xDAD0, 0xDAB0, 0xDAB0, 0xDAD0,
    0xDAD0, 0xDAD0, 0xE2D0, 0xE2D0, 0xEAF1, 0xEAF1, 0xEB72, 0xEAF1, 0xF2F1, 0xF2F1, 0xEAF1, 0xEAF1,
    0xEAF1, 0xEAF1, 0xF2F1, 0xF2F1, 0xF2F1, 0xF311, 0xF2F1, 0xEAF1, 0xEAF1, 0xE2D0, 0xEB72, 0xEAF1,
    0xE2D0, 0xEAF1, 0xEAF1, 0xE2D0, 0xE2D0, 0xE2D0, 0xE2D0, 0xE2D0, 0xDAD0, 0xDAD0, 0xDAAF, 0xD2AF,
    0xE352, 0xE2D0, 0xE2D0, 0xE2D0, 0xEAF1, 0xEAF1, 0xEAF1, 0xEAF1, 0xEAF1, 0xEAF1, 0xEAF1, 0xEAD1,
    0xEAD1, 0xEAD0, 0xE2D0, 0xE351, 0xDAB0, 0xDAAF, 0xD2AF, 0xD2AF, 0xCA8F, 0xCA8F, 0xCA8F, 0xCA8F,
    0xCA8E, 0xCA8E, 0xCA8E, 0xCA8E, 0xC28E, 0xC28E, 0xCA8E, 0xCA8E, 0xCA8E, 0xCA8F, 0xD2AF, 0xD2AF,
    0xD2AF, 0xDAAF, 0xDAB0, 0xDAB0, 0xDAAF, 0xD2AF, 0xCA8F, 0xCA8E, 0xCA8F, 0xCA8F, 0xCA8F, 0xD2AF,
    0xD2AF, 0xD2AF, 0xD2AF, 0xDAAF, 0xDAD0, 0xE2D0, 0xE2D0, 0xE2D0, 0xE2D0, 0xE2D0, 0xE2D0, 0xE2D0,
    0xE2D0, 0xE2D0, 0xE2D0, 0xE2D0, 0xE2D0, 0xE2D0, 0xDAB0, 0xDAB0, 0xDAAF, 0xDAAF, 0xDB51, 0xDAB0,
    0xDAB0, 0xDAD0, 0xDB51, 0xDAD0, 0xE2D0, 0xDAD0, 0xDAB0, 0xD2AF, 0xD2AF, 0xD2AF, 0xD2AF, 0xCAAF,
    0xCA8E, 0xCA8E, 0xCA8E, 0xCA8E, 0xCA8E, 0xCA8E, 0xCA8F, 0xD2AF, 0xD2AF, 0xDAB0, 0xDAB0, 0xDAAF,
    0xDAAF, 0xD2AF, 0xD2AF, 0xDAAF, 0xDAB0, 0xDAD0, 0xDAD0, 0xE2D0, 0xEAF1, 0xF2F1, 0xF2F1, 0xEAF1,
    0xEAF1, 0xEAF1, 0xEAD1, 0xEAD1, 0xEAD1, 0xEAD0, 0xE2D0, 0xE2D0, 0xDAD0, 0xDAB0, 0xDAAF, 0xD2AF,
    0xD2AF, 0xCAAF, 0xD2AF, 0xD2AF, 0xD2AF, 0xD2AF, 0xD2AF, 0xD2AF, 0xD2AF, 0xD2AF, 0xD2AF, 0xD2AF,
    0xD2AF, 0xD2AF, 0xD2AF, 0xDAAF, 0xDAAF, 0xDAAF, 0xDAB0, 0xDAB0, 0xDAAF, 0xD2AF, 0xD2AF, 0xD331,
    0xD2AF, 0xD331, 0xD2AF, 0xCA8F, 0xCA8E, 0xCA8E, 0xCB10, 0xC28E, 0xCA8E, 0xD330, 0xCA8E, 0xCA8E,
    0xCA8F, 0xCA8F, 0xCA8E, 0xCA8E, 0xCA8E, 0xCA8E, 0xD330, 0xCA8E, 0xCA8F, 0xD2AF, 0xD2AF, 0xD2AF,
    0xD330, 0xD28F, 0xD2AF, 0xD2AF, 0xD2AF, 0xD2AF, 0xD2AF, 0xD2AF, 0xD2AF, 0xD2AF, 0xD2AF, 0xD2AF,
    0xD2AF, 0xD2AF, 0xD2AF, 0xD2AF, 0xD2AF, 0xD2AF, 0xD2AF, 0xD2AF, 0xD2AF, 0xDB51, 0xE2D0, 0xE2D0,
    0xE2D0, 0xE351, 0xE2D0, 0xE2D0, 0xE2D0, 0xE352, 0xE2D0, 0xE2D0, 0xE2D0, 0xE2D0, 0xE2D0, 0xE2D0,
    0xDAD0, 0xDAAF, 0xD2AF, 0xD331, 0xD2AF, 0xD2AF, 0xD2AF, 0xD2AF, 0xD2AF, 0xD2AF, 0xDB31, 0xD2AF,
    0xD2AF, 0xD2AF, 0xD2AF, 0xDAAF, 0xDAAF, 0xD2AF, 0xD2AF, 0xDAAF, 0xDAAF, 0xDAB0, 0xDAB0, 0xDAD0,
    0xDAB0, 0xE2D0, 0xE352, 0xE2D0, 0xEAD0, 0xE2D0, 0xE2D0, 0xE2D0, 0xE2D0, 0xE2D0, 0xE2D0, 0xE2D0,
    0xE2D0, 0xE2D0, 0xDAD0, 0xDAB0, 0xDAB0, 0xDAAF, 0xDAAF, 0xD2AF, 0xD2AF, 0xCA8F, 0xCA8F, 0xCA8F,
    0xCA8F, 0xD2AF, 0xD2AF, 0xD28F, 0xDAAF, 0xDAB0, 0xDAD0, 0xDAD0, 0xDAD0, 0xDAD0, 0xDAD0, 0xDAD0,
    0xDAD0, 0xDAD0, 0xDAB0, 0xDAAF, 0xD2AF, 0xD2AF, 0xDAB0, 0xDAB0, 0xDAAF, 0xDB51, 0xDAAF, 0xDAD0,
    0xE2D0, 0xE2D0, 0xE2D0, 0xE2D0, 0xE2D0, 0xDAB0, 0xDAAF, 0xD2AF, 0xD2AF, 0xD2AF, 0xDAAF, 0xDAB0,
    0xDAD0, 0xDAB0, 0xDAB0, 0xDAAF, 0xDAAF, 0xDB51, 0xD2AF, 0xD2AF, 0xD2AF, 0xDAAF, 0xDAAF, 0xD2AF,
    0xD2AF, 0xD2AF, 0xDAAF, 0xD2AF, 0xD2AF, 0xD2AF, 0xD2AF, 0xD2AF, 0xCAAF, 0xCA8F, 0xD2AF, 0xDAB0,
    0xDAD0, 0xE2D0, 0xE2D0, 0xEAD1, 0xEAF1, 0xEAF1, 0xEAF1, 0xF2F1, 0xF2F1, 0xF2F1, 0xF2F1, 0xF2F1,
    0xF2F1, 0xEAF1, 0xF2F1, 0xF311, 0xF312, 0xF312, 0xFB12, 0xF2F1, 0xEAF1, 0xEAF1, 0xEB72, 0xEAF1,
    0xEAF1, 0xEAF1, 0xEAF1, 0xF2F1, 0xF2F1, 0xEAF1, 0xEAF1, 0xEB72, 0xEAD1, 0xEAD1, 0xE2D0, 0xE2D0,
    0xE2D0, 0xE2D0, 0xE2D1, 0xEAD1, 0xEB72, 0xEAF1, 0xEAF1, 0xF2F1, 0xF2F1, 0xF2F1, 0xF2F1, 0xF312,
    0xFB12, 0xF312, 0xF2F1, 0xF2F1, 0xF2F1, 0xEAF1, 0xEAD1, 0xEAF1, 0xEAD1, 0xEAD0, 0xEAD0, 0xEAD1,
    0xEAF1, 0xEAD1, 0xEAD1, 0xEB72, 0xE2D0, 0xE351, 0xDAD0, 0xDAB0, 0xDAB0, 0xDAAF, 0xD2AF, 0xD2AF,
    0xF578, 0xF578, 0xF578, 0xF578, 0xF578, 0xED58, 0xED57, 0xED58, 0xF558, 0xF558, 0xED58, 0xED37,
    0xED37, 0xF537, 0xF537, 0xED37, 0xED37, 0xED17, 0xED17, 0xED17, 0xED17, 0xED17, 0xED17, 0xED17,
    0xED17, 0xED37, 0xED17, 0xED17, 0xED37, 0xED37, 0xF538, 0xF558, 0xF558, 0xF558, 0xF558, 0xFD78,
    0xFD78, 0xF558, 0xF558, 0xF558, 0xED58, 0xED57, 0xED37, 0xE537, 0xE537, 0xE537, 0xE537, 0xED37,
    0xED37, 0xED37, 0xE517, 0xE517, 0xE516, 0xE516, 0xE516, 0xE517, 0xED17, 0xED17, 0xED17, 0xF537,
    0xF537, 0xF537, 0xED17, 0xED17, 0xED17, 0xF537, 0xF558, 0xF558, 0xFD79, 0xFD79, 0xFD79, 0xFD79,
    0xFD79, 0xFD79, 0xFD99, 0xFD99, 0xFD99, 0xFD99, 0xFD99, 0xFD99, 0xFD79, 0xFD79, 0xFD79, 0xFD79,
    0xFD79, 0xFD79, 0xF558, 0xF537, 0xED17, 0xE4F6, 0xE4D6, 0xE4D6, 0xE4D6, 0xE4D6, 0xE557, 0xECF7,
    0xED17, 0xF599, 0xF538, 0xF538, 0xF558, 0xF558, 0xF558, 0xF559, 0xFDFA, 0xFD79, 0xFD79, 0xFD58,
    0xF558, 0xF538, 0xF537, 0xF537, 0xED37, 0xED17, 0xE517, 0xE517, 0xED17, 0xED17, 0xE517, 0xED17,
    0xED17, 0xED37, 0xED37, 0xED37, 0xED37, 0xF538, 0xF558, 0xF558, 0xFFDF, 0xFFDF, 0xFFDF, 0xFFDF,
    0xFFFF, 0xFFFF, 0xFFFF, 0xFFFF, 0xFFFF, 0xFFDF, 0xFFDF, 0xF7BF, 0xF79E, 0xF77E, 0xF79E, 0xF79E,
    0xEF7E, 0xEF7E, 0xEF5E, 0xEF5D, 0xEF3D, 0xEF5D, 0xEF5D, 0xEF5D, 0xEF5E, 0xEF7E, 0xF77E, 0xF79E,
    0xF79E, 0xF79E, 0xF77E, 0xF77E, 0xF77E, 0xF77E, 0xF79E, 0xF79E, 0xF7BF, 0xFFDF, 0xFFDF, 0xFFDF,
    0xFFDF, 0xFFDF, 0xFFDF, 0xFFDF, 0xFFFF, 0xFFFF, 0xFFFF, 0xFFFF, 0xFFFF, 0xFFFF, 0xFFFF, 0xFFFF,
    0xFFDF, 0xFFBF, 0xF7BF, 0xF79F, 0xF79E, 0xF77E, 0xEF5E, 0xEF3D, 0xEF5D, 0xE73D, 0xE71D, 0xE71C,
    0xE71C, 0xE73D, 0xEF5D, 0xEF5E, 0xF77E, 0xF79F, 0xF7BF, 0xF7BF, 0xF79F, 0xF79E, 0xF79F, 0xF7BF,
    0xFFDF, 0xFFDF, 0xFFDF, 0xFFDF, 0xF7BF, 0xF7BF, 0xF7BF, 0xF7BF, 0xF7BF, 0xF79F, 0xF77E, 0xF77E,
    0xEF5E, 0xEF5D, 0xEF5D, 0xEF5D, 0xEF5D, 0xEF5E, 0xEF5E, 0xEF5E, 0xEF7E, 0xF77E, 0xF77E, 0xF77E,
    0xF79E, 0xF79E, 0xF7BE, 0xF7BE, 0xF7BE, 0xF7BE, 0xF7BE, 0xF7BE, 0xF7BE, 0xF79E, 0xF79E, 0xF79E,
    0xF79E, 0xF77E, 0xEF7E, 0xEF7E, 0xEF7E, 0xEF7E, 0xEF7E, 0xEF7E, 0xEF7E, 0xEF7E, 0xEF5E, 0xEF5E,
    0xEF5E, 0xEF7E, 0xEF7E, 0xEF7E, 0xE6FC, 0xE71C, 0xE71C, 0xE6FC, 0xDEFC, 0xDEFC, 0xDEFC, 0xDEDC,
    0xDEFC, 0xDEFC, 0xDEFC, 0xDEFC, 0xDEFC, 0xDEFC, 0xDEFC, 0xE6FC, 0xE71C, 0xE71C, 0xE71C, 0xE6FC,
    0xE6FC, 0xDEFC, 0xDEDC, 0xDEDB, 0xDEDB, 0xDEFB, 0xDEDC, 0xDEDC, 0xDEDB, 0xDEDB, 0xDEDB, 0xDEDB,
    0xDEDB, 0xDEDB, 0xDEDB, 0xDEBB, 0xDEBB, 0xDEDB, 0xDEDB, 0xDEDB, 0xDEDB, 0xDEDC, 0xDEFC, 0xDEFC,
    0xE6FC, 0xE6FC, 0xE6FC, 0xE71C, 0xE71C, 0xE71C, 0xE71C, 0xE73D, 0xE73D, 0xE71D, 0xE71D, 0xE71C,
    0xE71C, 0xE71C, 0xE6FC, 0xE6FC, 0xE6FC, 0xE6FC, 0xE6FC, 0xE6FC, 0xDEFC, 0xDEFC, 0xDEDC, 0xDEDC,
    0xDEDC, 0xDEDC, 0xDEDC, 0xDEDC, 0xDEDC, 0xDEDC, 0xDEDC, 0xE71C, 0xE71C, 0xDEFC, 0xDEFC, 0xE6FC,
    0xE6FC, 0xE6FC, 0xDEFC, 0xDEFC, 0xE6FC, 0xDEFC, 0xDEDC, 0xDEDC, 0xDEDC, 0xDEFC, 0xDEFC, 0xDEDC,
    0xDEDC, 0xDEDB, 0xDEDC, 0xDEDC, 0xDEDC, 0xDEDB, 0xDEDB, 0xDEBB, 0xDEDB, 0xDEDB, 0xDEFC, 0xE6FC,
    0xE71C, 0xE71C, 0xE71C, 0xE71C, 0xE71C, 0xE6FC, 0xE6FC, 0xDEFC, 0xE6FC, 0xDEFC, 0xDEDC, 0xDEDC,
    0xDEDC, 0xDEFC, 0xDEFC, 0xDEFC, 0xE6FC, 0xE71C, 0xE71C, 0xE71C, 0xE71C, 0xE71C, 0xE71D, 0xE71D,
    0xCC54, 0xCC54, 0xCC54, 0xCC54, 0xCC54, 0xCC54, 0xC434, 0xC433, 0xC434, 0xC454, 0xCC54, 0xCC54,
    0xCC54, 0xC433, 0xC433, 0xC433, 0xC413, 0xBC13, 0xBC13, 0xBC13, 0xC413, 0xC413, 0xCC33, 0xD4D5,
    0xCC34, 0xCC34, 0xCC34, 0xCC34, 0xCC34, 0xD454, 0xCC34, 0xD454, 0xD454, 0xD454, 0xD454, 0xD454,
    0xD434, 0xD434, 0xCC34, 0xD434, 0xD434, 0xD434, 0xCC33, 0xCC33, 0xCC34, 0xCC34, 0xD434, 0xD454,
    0xD454, 0xD434, 0xCC34, 0xD454, 0xD454, 0xD474, 0xD474, 0xD474, 0xD475, 0xD475, 0xDC75, 0xDC95,
    0xDC96, 0xE4B6, 0xE4D6, 0xECD7, 0xECD7, 0xECD7, 0xE4D6, 0xE4D6, 0xE4D6, 0xE4D6, 0xE4D6, 0xE4D6,
    0xE4B6, 0xE4B6, 0xE4B6, 0xE4B6, 0xECB6, 0xECB6, 0xE4B6, 0xE4B6, 0xE496, 0xE496, 0xE496, 0xE496,
    0xE496, 0xDC96, 0xDC95, 0xE496, 0xE4B6, 0xE496, 0xDC95, 0xDC75, 0xDC75, 0xD455, 0xD454, 0xD454,
    0xDD16, 0xDC75, 0xDC75, 0xDC75, 0xDC55, 0xDC55, 0xDC55, 0xDC55, 0xDC55, 0xDC55, 0xDC55, 0xDC54,
    0xDC54, 0xDCF6, 0xDC55, 0xDC55, 0xDC55, 0xDC54, 0xDC54, 0xD454, 0xD454, 0xD455, 0xDD16, 0xDC75,
    0xDC75, 0xDC75, 0xDC75, 0xDC75, 0xE475, 0xE476, 0xE475, 0xE475, 0xFA51, 0xFA50, 0xF230, 0xE22F,
    0xE22F, 0xEA2F, 0xF230, 0xEA30, 0xDA0F, 0xDA0F, 0xE250, 0xF230, 0xE22F, 0xE20F, 0xDA0F, 0xDA0F,
    0xDA0E, 0xE20F, 0xE22F, 0xE20F, 0xDA0F, 0xDA0F, 0xDA0E, 0xDA0E, 0xD22E, 0xC9EE, 0xC20D, 0xC1ED,
    0xC9EE, 0xC9EE, 0xC9ED, 0xC9ED, 0xD20E, 0xDA0E, 0xE20F, 0xDA6F, 0xE20F, 0xE22F, 0xF230, 0xF250,
    0xFA50, 0xF250, 0xF250, 0xEA30, 0xEA2F, 0xEA50, 0xE22F, 0xDA0F, 0xDA0F, 0xE22F, 0xD20E, 0xC9ED,
    0xB9CC, 0xB9CD, 0xC1ED, 0xB9CC, 0xB1CC, 0xB1EC, 0xB1AC, 0xB1CC, 0xB1CC, 0xB1CC, 0xB9CD, 0xB9CD,
    0xE20F, 0xE20F, 0xE20F, 0xDA0E, 0xDA0E, 0xDA0E, 0xDA0F, 0xDA0E, 0xD1EE, 0xD1EE, 0xDA0E, 0xE22F,
    0xDA4F, 0xCA0E, 0xC9ED, 0xC9ED, 0xC9EE, 0xD1EE, 0xD22E, 0xD1EE, 0xD1EE, 0xC9ED, 0xC9ED, 0xC1ED,
    0xC1CD, 0xB9CC, 0xB1AC, 0xB1CC, 0xB1CC, 0xC20D, 0xC1CD, 0xBA2D, 0xC1CD, 0xC9ED, 0xD1EE, 0xC9ED,
    0xC9EE, 0xD1EE, 0xE20F, 0xE20F, 0xE22F, 0xE20F, 0xDA2F, 0xE20F, 0xDA0E, 0xDA2F, 0xDA0E, 0xD1EE,
    0xD1EE, 0xD1EE, 0xC9ED, 0xB9CD, 0xB1AC, 0xB1AC, 0xB1AC, 0xA9AB, 0xA9AB, 0xA1AB, 0xA1AB, 0xA9AB,
    0xA9AB, 0xA9AB, 0xA9AB, 0xB1AC, 0xE24F, 0xE20F, 0xE22F, 0xEA50, 0xEA50, 0xEA2F, 0xE24F, 0xE22F,
    0xEA2F, 0xEA2F, 0xEA2F, 0xE22F, 0xDA0F, 0xDA0E, 0xD24F, 0xCA0E, 0xC1ED, 0xC1CD, 0xC1CD, 0xB9CC,
    0xB9CC, 0xB9CC, 0xB9ED, 0xB9CC, 0xC20D, 0xC9ED, 0xD1EE, 0xD20E, 0xD22E, 0xD20E, 0xDA0E, 0xDA0F,
    0xE20F, 0xE20F, 0xE22F, 0xDA0E, 0xD20E, 0xC9EE, 0xC9ED, 0xC1ED, 0xC1CD, 0xCA0E, 0xC9EE, 0xD20E,
    0xC9EE, 0xC9ED, 0xC9ED, 0xD20E, 0xDA0E, 0xE20F, 0xE22F, 0xE22F, 0xE24F, 0xE20F, 0xE22F, 0xE24F,
    0xE20F, 0xE250, 0xEA30, 0xEA30, 0xF250, 0xF250, 0xF270, 0xF230, 0xD1EE, 0xDA0E, 0xD20E, 0xD1EE,
    0xD1EE, 0xC9ED, 0xC9ED, 0xD1EE, 0xDA0E, 0xDA0E, 0xD1EE, 0xC9ED, 0xC9EE, 0xC9ED, 0xC1ED, 0xB9CD,
    0xB1EC, 0xB1AC, 0xB1AC, 0xB1ED, 0xB1EC, 0xB1AC, 0xB1AC, 0xA9AB, 0xA9AB, 0xB1CC, 0xC1CD, 0xC9ED,
    0xC1ED, 0xC1ED, 0xCA0E, 0xD1EE, 0xD1EE, 0xD1EE, 0xD1EE, 0xC9EE, 0xCA0E, 0xCA0E, 0xB9CD, 0xB9CC,
    0xB9CC, 0xB9CD, 0xC1ED, 0xC1CD, 0xB9CD, 0xC1CD, 0xC9ED, 0xC9ED, 0xC9ED, 0xC9ED, 0xC9ED, 0xD20E,
    0xD1EE, 0xD1EE, 0xD22E, 0xD1EE, 0xD1EE, 0xDA0E, 0xDA0E, 0xDA0E, 0xDA0E, 0xD20E, 0xD1EE, 0xC9EE,
    0xF270, 0xEA50, 0xEA2F, 0xDA0F, 0xDA0F, 0xE250, 0xEA2F, 0xE22F, 0xE22F, 0xE20F, 0xE22F, 0xE22F,
    0xDA0F, 0xDA0E, 0xD22E, 0xC9EE, 0xC9ED, 0xC1ED, 0xC9ED, 0xC9ED, 0xC9ED, 0xC9EE, 0xC9ED, 0xC1CD,
    0xB9CD, 0xC9ED, 0xD20E, 0xDA0E, 0xDA0F, 0xE22F, 0xEA2F, 0xEA30, 0xEA30, 0xE22F, 0xDA4F, 0xDA0E,
    0xD20E, 0xC9EE, 0xC9ED, 0xC1CD, 0xC9ED, 0xD1EE, 0xDA0E, 0xDA0E, 0xE22F, 0xE22F, 0xEA30, 0xEA30,
    0xEA50, 0xEA30, 0xEA30, 0xE22F, 0xE22F, 0xEA30, 0xF230, 0xF230, 0xEA30, 0xEA70, 0xEA2F, 0xE22F,
    0xDA0F, 0xDA0F, 0xDA0F, 0xDA0F, 0xFA51, 0xFA71, 0xF250, 0xF250, 0xEA30, 0xEA30, 0xEA2F, 0xE22F,
    0xDA0F, 0xDA0E, 0xDA0F, 0xDA4F, 0xDA2F, 0xD20E, 0xC9EE, 0xC9ED, 0xCA0E, 0xC9EE, 0xD22E, 0xD20E,
    0xD20E, 0xD20E, 0xD22E, 0xCA0E, 0xC1ED, 0xC9EE, 0xDA0E, 0xE24F, 0xE22F, 0xE22F, 0xF250, 0xFAB2,
    0xFA51, 0xEA30, 0xE22F, 0xDA0F, 0xDA0F, 0xD20E, 0xC9ED, 0xC1ED, 0xD22E, 0xDA0F, 0xE22F, 0xEA2F,
    0xF250, 0xF250, 0xF250, 0xFA50, 0xF250, 0xF271, 0xF250, 0xF230, 0xEA70, 0xF250, 0xFA71, 0xFA51,
    0xFA51, 0xF250, 0xF2B1, 0xF250, 0xEA70, 0xE22F, 0xE20F, 0xE24F, 0xEA30, 0xEA91, 0xEA30, 0xEA2F,
    0xE22F, 0xDA0F, 0xDA0E, 0xD22F, 0xD22E, 0xC9ED, 0xCA0E, 0xC1ED, 0xC1ED, 0xC9ED, 0xCA0E, 0xC9ED,
    0xCA4E, 0xC9ED, 0xCA2E, 0xC9EE, 0xC9EE, 0xCA2E, 0xC1ED, 0xBA0D, 0xB9CC, 0xC1ED, 0xD22E, 0xDA0E,
    0xDA0E, 0xE22F, 0xE22F, 0xF230, 0xF250, 0xEA50, 0xE24F, 0xDA2F, 0xDA0E, 0xDA0E, 0xC9ED, 0xC1ED,
    0xCA2E, 0xD20E, 0xDA0F, 0xE22F, 0xE20F, 0xEA2F, 0xF250, 0xF250, 0xF250, 0xEA30, 0xE22F, 0xEA2F,
    0xEA30, 0xEA30, 0xEA30, 0xEA30, 0xF230, 0xEA30, 0xEA30, 0xE22F, 0xE24F, 0xDA0F, 0xDA0F, 0xDA0F,
    0xFA50, 0xF250, 0xFA50, 0xF250, 0xF250, 0xF271, 0xEA30, 0xE22F, 0xDA4F, 0xDA0E, 0xDA0F, 0xDA0F,
    0xDA0E, 0xDA0F, 0xDA2F, 0xDA4F, 0xDA0E, 0xDA0E, 0xD20E, 0xD20E, 0xD20E, 0xC9EE, 0xC9ED, 0xC9EE,
    0xC9ED, 0xC9EE, 0xD22E, 0xDA4F, 0xE22F, 0xEA2F, 0xEA30, 0xF270, 0xEA30, 0xEA30, 0xE22F, 0xE22F,
    0xE22F, 0xE22F, 0xDA0E, 0xDA2F, 0xDA2F, 0xDA0E, 0xDA0E, 0xDA0F, 0xE24F, 0xEA30, 0xF250, 0xF250,
    0xF271, 0xF250, 0xF250, 0xEA70, 0xEA2F, 0xEA30, 0xEA30, 0xEA30, 0xF250, 0xF250, 0xEA70, 0xEA50,
    0xE250, 0xEA70, 0xF250, 0xF250, 0xE22F, 0xE22F, 0xE20F, 0xDA0F, 0xDA0F, 0xE22F, 0xE24F, 0xDA0F,
    0xD20E, 0xD1EE, 0xD1EE, 0xD20E, 0xD1EE, 0xCA0E, 0xC9ED, 0xC20D, 0xC1ED, 0xC1ED, 0xC20D, 0xC1ED,
    0xC1CD, 0xB9CC, 0xB9CD, 0xB9CC, 0xB9CD, 0xB9CD, 0xB9CD, 0xC1ED, 0xC9ED, 0xD22E, 0xC9ED, 0xC9ED,
    0xCA0E, 0xCA0E, 0xC9EE, 0xC20D, 0xC1CD, 0xC1CD, 0xC1ED, 0xC9ED, 0xC9ED, 0xC1ED, 0xC1ED, 0xC1ED,
    0xC9ED, 0xC9ED, 0xC9ED, 0xC9ED, 0xD1EE, 0xDA0E, 0xDA0E, 0xD24E, 0xC9ED, 0xC9ED, 0xD22E, 0xC9EE,
    0xD20E, 0xD20E, 0xD22E, 0xD22E, 0xD20E, 0xD20E, 0xDA0E, 0xDA0E, 0xEA2F, 0xEA2F, 0xE24F, 0xDA0E,
    0xDA2F, 0xE20F, 0xEA50, 0xE22F, 0xE20F, 0xE20F, 0xE250, 0xE24F, 0xDA0E, 0xD22E, 0xC9ED, 0xC1ED,
    0xC1CD, 0xC1CD, 0xC1ED, 0xC9ED, 0xC1ED, 0xC20D, 0xC1ED, 0xC1ED, 0xCA0E, 0xC1ED, 0xC20D, 0xC1ED,
    0xC1ED, 0xC1CD, 0xC1ED, 0xC1CD, 0xC20D, 0xC1CD, 0xB9CC, 0xB9CD, 0xB9CC, 0xC1ED, 0xC9EE, 0xD20E,
    0xC9EE, 0xC9ED, 0xC1ED, 0xC20D, 0xC1ED, 0xC20D, 0xC1CD, 0xC22E, 0xC9ED, 0xC9EE, 0xD1EE, 0xD1EE,
    0xC9ED, 0xC9ED, 0xC1ED, 0xC9ED, 0xDA2F, 0xE20F, 0xDA0F, 0xDA0F, 0xDA0F, 0xE20F, 0xEA2F, 0xEA30,
    0xEA30, 0xF230, 0xEA30, 0xEA2F, 0xEA2F, 0xEA2F, 0xEA50, 0xEA30, 0xEA30, 0xEA30, 0xE250, 0xDA0F,
    0xDA0F, 0xE24F, 0xDA0F, 0xDA6F, 0xDA0E, 0xD20E, 0xC9ED, 0xCA2E, 0xC9ED, 0xC9ED, 0xC9ED, 0xC9EE,
    0xC9EE, 0xD20E, 0xD20E, 0xDA0E, 0xD1EE, 0xC9EE, 0xC9ED, 0xC20D, 0xB9CD, 0xC1ED, 0xC9ED, 0xC9ED,
    0xC9EE, 0xD22E, 0xDA0E, 0xE20F, 0xDA0F, 0xDA2F, 0xDA2F, 0xD20E, 0xC9EE, 0xD1EE, 0xD20E, 0xD24F,
    0xDA0E, 0xDA0E, 0xDA0E, 0xD20E, 0xD20E, 0xD20E, 0xDA2F, 0xE20F, 0xE20F, 0xE22F, 0xE22F, 0xE20F,
    0xE22F, 0xEA2F, 0xF270, 0xF250, 0xE20F, 0xE20F, 0xE22F, 0xEA2F, 0xE24F, 0xDA0F, 0xDA0E, 0xDA0E,
    0xDA0E, 0xDA0E, 0xDA0E, 0xD1EE, 0xD22E, 0xD22E, 0xD20E, 0xD20E, 0xD1EE, 0xC9ED, 0xC9ED, 0xC9EE,
    0xC9EE, 0xCA0E, 0xD1EE, 0xCA0E, 0xC9ED, 0xCA0E, 0xC9EE, 0xC9ED, 0xC9ED, 0xC9ED, 0xC9ED, 0xC9ED,
    0xC9ED, 0xC9ED, 0xC1ED, 0xC1ED, 0xC20D, 0xC1CD, 0xC1CD, 0xC1ED, 0xCA0E, 0xC9EE, 0xD1EE, 0xDA4F,
    0xDA0F, 0xE24F, 0xE20F, 0xDA2F, 0xDA0F, 0xDA0F, 0xDA0E, 0xD20E, 0xC9EE, 0xD1EE, 0xD20E, 0xD22E,
    0xD20E, 0xDA0F, 0xDA0E, 0xD20E, 0xD20E, 0xDA0E, 0xE22F, 0xEA2F, 0xFA51, 0xFA71, 0xFA51, 0xFA71,
    0xFA51, 0xF251, 0xFA51, 0xF250, 0xEA50, 0xEA30, 0xF250, 0xF270, 0xEA2F, 0xE22F, 0xE22F, 0xEA2F,
    0xEA2F, 0xE250, 0xDA0F, 0xDA0F, 0xE22F, 0xE24F, 0xE22F, 0xDA2F, 0xE24F, 0xE22F, 0xE22F, 0xE22F,
    0xEA30, 0xEA2F, 0xEA2F, 0xE22F, 0xE22F, 0xE22F, 0xE22F, 0xDA4F, 0xD20E, 0xD20E, 0xD22F, 0xDA0F,
    0xE24F, 0xEA30, 0xF250, 0xF251, 0xFA51, 0xFA92, 0xFA71, 0xFA71, 0xFA71, 0xFA51, 0xF271, 0xEA30,
    0xEA2F, 0xDA0F, 0xDA0E, 0xDA4F, 0xE22F, 0xE22F, 0xE22F, 0xEA30, 0xF270, 0xF250, 0xF250, 0xF250,
    0xEA30, 0xF230, 0xEA30, 0xEA30, 0xEA2F, 0xEA2F, 0xEA30, 0xEA30, 0xEA30, 0xEA30, 0xEA2F, 0xEA2F,
    0xE22F, 0xDA0F, 0xDA0F, 0xDA0F, 0xE24F, 0xDA2F, 0xD20E, 0xC9EE, 0xD20E, 0xD20E, 0xD20E, 0xD20E,
    0xDA0E, 0xDA0E, 0xDA0F, 0xDA0F, 0xDA0F, 0xE22F, 0xE22F, 0xE22F, 0xE22F, 0xE24F, 0xE22F, 0xDA0F,
    0xDA0E, 0xDA0E, 0xD20E, 0xD20E, 0xDA0F, 0xEA50, 0xEA30, 0xF250, 0xFA51, 0xFA51, 0xFA71, 0xFA51,
    0xF250, 0xE22F, 0xE24F, 0xDA0F, 0xD20E, 0xD22E, 0xDA0E, 0xDA0E, 0xD20E, 0xD20E, 0xDA2F, 0xE22F,
    0xE22F, 0xE22F, 0xE22F, 0xDA4F, 0xEA2F, 0xE250, 0xE22F, 0xE22F, 0xE22F, 0xE22F, 0xE22F, 0xDA0F,
    0xDA0E, 0xDA0E, 0xDA2F, 0xDA0E, 0xDA0E, 0xDA0E, 0xDA6F, 0xDA0E, 0xD20E, 0xD1EE, 0xC9EE, 0xD1EE,
    0xD1EE, 0xC9EE, 0xC9EE, 0xC9ED, 0xC9EE, 0xDA0E, 0xDA0E, 0xDA0E, 0xDA0F, 0xE22F, 0xE24F, 0xEA2F,
    0xE22F, 0xDA0E, 0xD20E, 0xD1EE, 0xD1EE, 0xD20E, 0xC9ED, 0xD1EE, 0xDA0E, 0xDA0F, 0xE22F, 0xEA50,
    0xF250, 0xF250, 0xF250, 0xF230, 0xEA2F, 0xDA0F, 0xDA2F, 0xD1EE, 0xC9ED, 0xC9EE, 0xD20E, 0xDA0E,
    0xDA0E, 0xD20E, 0xDA0E, 0xDA0F, 0xE24F, 0xE20F, 0xE24F, 0xE20F, 0xE22F, 0xE22F, 0xE22F, 0xEA90,
    0xEA30, 0xEA30, 0xEA2F, 0xE20F, 0xDA0E, 0xDA0E, 0xDA0F, 0xDA0F, 0xDA0F, 0xDA2F, 0xDA0E, 0xD20E,
    0xC9EE, 0xD22E, 0xD22F, 0xDA0E, 0xDA0E, 0xD20E, 0xD20E, 0xD22E, 0xD20E, 0xDA2F, 0xDA0F, 0xE20F,
    0xDA0F, 0xE20F, 0xE24F, 0xE22F, 0xE22F, 0xE24F, 0xD20E, 0xD20E, 0xD20E, 0xC9EE, 0xC9ED, 0xC9ED,
    0xD1EE, 0xDA2F, 0xDA4F, 0xE22F, 0xF250, 0xF250, 0xF250, 0xEA30, 0xE22F, 0xE20F, 0xD20E, 0xD20E,
    0xC9ED, 0xD20E, 0xDA0E, 0xDA0F, 0xDA4F, 0xDA0F, 0xE22F, 0xE22F, 0xE22F, 0xEA2F, 0xEA30, 0xF250,
    0xD22E, 0xD1EE, 0xD22E, 0xD1EE, 0xD1EE, 0xD1EE, 0xD20E, 0xD1EE, 0xC9ED, 0xC9ED, 0xC9ED, 0xC9EE,
    0xD20E, 0xC9ED, 0xC9ED, 0xC1ED, 0xC20D, 0xC1CD, 0xC1ED, 0xC9ED, 0xC9ED, 0xC1ED, 0xC1CD, 0xC1CD,
    0xC1CD, 0xC9ED, 0xC9ED, 0xD1EE, 0xC9ED, 0xC1ED, 0xCA0E, 0xC9ED, 0xC9ED, 0xCA0E, 0xC9ED, 0xC1CD,
    0xC1CD, 0xC1CD, 0xB9CD, 0xB1CC, 0xB9CC, 0xB9ED, 0xC1CD, 0xC1ED, 0xC9EE, 0xD1EE, 0xDA0E, 0xD20E,
    0xD1EE, 0xD24E, 0xC20D, 0xC9ED, 0xC1CD, 0xC1CD, 0xC1CD, 0xC1ED, 0xC9ED, 0xC9ED, 0xD1EE, 0xD1EE,
    0xD1EE, 0xD1EE, 0xDA0E, 0xD20E, 0xE250, 0xE22F, 0xE22F, 0xDA0F, 0xDA2F, 0xDA0E, 0xDA0E, 0xDA0E,
    0xD20E, 0xD20E, 0xDA0E, 0xDA2F, 0xDA0E, 0xDA0E, 0xDA0E, 0xDA0E, 0xDA6F, 0xDA0E, 0xDA0E, 0xDA0E,
    0xD20E, 0xD22E, 0xDA0E, 0xDA0E, 0xDA2F, 0xE22F, 0xE22F, 0xE20F, 0xDA0E, 0xD20E, 0xD20E, 0xD20E,
    0xD20E, 0xD20E, 0xDA0E, 0xD20E, 0xD1EE, 0xD22E, 0xD1EE, 0xD20E, 0xD20E, 0xD22E, 0xD20E, 0xD20E,
    0xD20E, 0xDA0E, 0xDA2F, 0xDA0F, 0xDA0F, 0xD20E, 0xDA0E, 0xE20F, 0xE22F, 0xDA0F, 0xD20E, 0xD22E,
    0xDA0E, 0xDA2F, 0xDA0E, 0xE20F, 0xDA0F, 0xDA0E, 0xD22F, 0xDA0E, 0xDA0E, 0xD20E, 0xDA2F, 0xDA0F,
    0xDA0F, 0xDA0E, 0xD20E, 0xD22E, 0xDA0E, 0xDA0E, 0xDA2F, 0xDA0F, 0xDA0E, 0xD20E, 0xD20E, 0xDA0E,
    0xD20E, 0xD20E, 0xD20E, 0xDA0E, 0xDA0F, 0xE22F, 0xEA2F, 0xEA50, 0xEA30, 0xEA2F, 0xE22F, 0xDA0F,
    0xDA0F, 0xD20E, 0xD20E, 0xC9EE, 0xC9EE, 0xD20E, 0xD20E, 0xD20E, 0xD20E, 0xDA0E, 0xDA0F, 0xE24F,
    0xE22F, 0xDA0F, 0xD22F, 0xDA0E, 0xDA0E, 0xDA0E, 0xDA2F, 0xD20E, 0xDA4F, 0xDA0F, 0xE22F, 0xE22F,
    0xEA2F, 0xEA2F, 0xDA0F, 0xDA2F, 0xDA0F, 0xE22F, 0xDA0E, 0xD20E, 0xC9ED, 0xC1ED, 0xC9ED, 0xC9ED,
    0xE22F, 0xE22F, 0xE24F, 0xE22F, 0xE22F, 0xE22F, 0xE22F, 0xDA4F, 0xDA0E, 0xD20E, 0xD20E, 0xD20E,
    0xD20E, 0xDA0E, 0xDA0E, 0xDA0F, 0xE22F, 0xE24F, 0xDA0F, 0xDA0F, 0xE22F, 0xEA30, 0xF230, 0xF250,
    0xEA70, 0xEA50, 0xE270, 0xDA0E, 0xDA0E, 0xD20E, 0xC9ED, 0xC1CD, 0xBA0D, 0xC20D, 0xCA2E, 0xDA0E,
    0xEA2F, 0xEA30, 0xEA30, 0xEA30, 0xEA30, 0xEA30, 0xE22F, 0xDA0F, 0xD20E, 0xD1EE, 0xD20E, 0xDA0F,
    0xE22F, 0xEA2F, 0xEA50, 0xEA30, 0xEA50, 0xF230, 0xEA30, 0xEA2F, 0xE22F, 0xDA0F, 0xD20E, 0xCA2E,
    0xC1ED, 0xC1ED, 0xC1ED, 0xC1CD, 0xF250, 0xEA50, 0xE22F, 0xDA2F, 0xDA70, 0xEA50, 0xEA70, 0xE22F,
    0xDA0E, 0xDA0E, 0xE22F, 0xEA2F, 0xEA2F, 0xEA70, 0xEA30, 0xEA2F, 0xEA30, 0xEA70, 0xEA30, 0xEA2F,
    0xF250, 0xFA51, 0xFA91, 0xFA92, 0xFA72, 0xFA71, 0xFA71, 0xF250, 0xEA50, 0xE22F, 0xDA2F, 0xDA0F,
    0xDA0E, 0xDA0F, 0xE24F, 0xEA50, 0xF271, 0xF250, 0xFA71, 0xF250, 0xEA50, 0xF270, 0xF250, 0xEA30,
    0xEA30, 0xEA50, 0xF250, 0xF250, 0xF250, 0xF250, 0xFA51, 0xFA71, 0xFA71, 0xFA51, 0xF250, 0xEA30,
    0xEA2F, 0xE22F, 0xE22F, 0xE22F, 0xDA4F, 0xDA0E, 0xD20E, 0xD20E, 0xC9ED, 0xC9ED, 0xC9ED, 0xC1ED,
    0xC20D, 0xC9ED, 0xC9ED, 0xC9ED, 0xC1ED, 0xC1ED, 0xC9ED, 0xC9ED, 0xC9EE, 0xD1EE, 0xD1EE, 0xD20E,
    0xD22E, 0xD20E, 0xDA2F, 0xDA0F, 0xE22F, 0xE250, 0xEA2F, 0xEA50, 0xF230, 0xEA2F, 0xE20F, 0xDA2F,
    0xDA0E, 0xD20E, 0xC9ED, 0xC1CD, 0xBA0D, 0xC1ED, 0xC9EE, 0xD20E, 0xDA0E, 0xDA0F, 0xDA0F, 0xE20F,
    0xDA0F, 0xDA0F, 0xE24F, 0xE20F, 0xE20F, 0xE20F, 0xDA0F, 0xDA0F, 0xDA0F, 0xDA0E, 0xDA0F, 0xE250,
    0xEA30, 0xEA30, 0xEA2F, 0xE20F, 0xDA0E, 0xD1EE, 0xCA2E, 0xC9ED, 0xC1CD, 0xC1ED, 0xC1CD, 0xB9CD,
    0xD22E, 0xD1EE, 0xC9ED, 0xC9ED, 0xCA0E, 0xC1ED, 0xC1ED, 0xC9EE, 0xD20E, 0xD20E, 0xD22E, 0xD20E,
    0xD22E, 0xD20E, 0xD20E, 0xDA0F, 0xE20F, 0xE20F, 0xDA0F, 0xE24F, 0xEA2F, 0xEA30, 0xF230, 0xF230,
    0xF250, 0xEA2F, 0xE20F, 0xDA0E, 0xDA0E, 0xD20E, 0xD1EE, 0xC9EE, 0xC9ED, 0xC9EE, 0xD22E, 0xDA0E,
    0xE20F, 0xE22F, 0xEA50, 0xF230, 0xEA30, 0xEA50, 0xEA50, 0xEA2F, 0xEA2F, 0xE22F, 0xE20F, 0xE24F,
    0xDA2F, 0xDA0E, 0xDA0E, 0xDA0F, 0xE24F, 0xE22F, 0xEA2F, 0xE24F, 0xDA0F, 0xD20E, 0xC9EE, 0xC1ED,
    0xC20D, 0xC1ED, 0xC9ED, 0xD1EE, 0xD20E, 0xD20E, 0xD1EE, 0xC9EE, 0xD22E, 0xD1EE, 0xD24E, 0xD22E,
    0xD20E, 0xD1EE, 0xD20E, 0xD22E, 0xD20E, 0xD1EE, 0xD22E, 0xDA4F, 0xDA2F, 0xDA0E, 0xD1EE, 0xD20E,
    0xDA0F, 0xEA2F, 0xEA30, 0xEA2F, 0xEA2F, 0xEA2F, 0xE22F, 0xE270, 0xD20E, 0xCA0E, 0xC9ED, 0xD1EE,
    0xD1EE, 0xD1EE, 0xD22F, 0xD20E, 0xD20E, 0xDA0F, 0xE22F, 0xEA30, 0xEA2F, 0xE22F, 0xDA0F, 0xE20F,
    0xE20F, 0xE20F, 0xDA0F, 0xDA0F, 0xDA6F, 0xD20E, 0xD20E, 0xD22F, 0xDA0E, 0xDA0E, 0xD20E, 0xDA0E,
    0xDA0E, 0xD20E, 0xD1EE, 0xCA0E, 0xC9ED, 0xD1EE, 0xDA0E, 0xDA0E, 0xD1EE, 0xD1EE, 0xC9EE, 0xC9EE,
    0xD1EE, 0xCA0E, 0xC9ED, 0xC9ED, 0xD1EE, 0xD22E, 0xD22E, 0xD20E, 0xD1EE, 0xD1EE, 0xC9ED, 0xD1EE,
    0xD1EE, 0xC9ED, 0xC1ED, 0xC9ED, 0xD20E, 0xD1EE, 0xD20E, 0xDA0E, 0xDA0E, 0xE20F, 0xE20F, 0xE22F,
    0xD1EE, 0xC9EE, 0xC9ED, 0xC9ED, 0xC9ED, 0xC9ED, 0xC9ED, 0xC9EE, 0xC9EE, 0xD22E, 0xDA0E, 0xE20F,
    0xDA0F, 0xDA0E, 0xD22E, 0xDA0E, 0xDA0E, 0xD20E, 0xD1EE, 0xD1EE, 0xD20E, 0xC9ED, 0xC9ED, 0xC9ED,
    0xC9ED, 0xCA0E, 0xD1EE, 0xD1EE, 0xD1EE, 0xDA0E, 0xD22E, 0xD20E, 0xC9EE, 0xD20E, 0xDA0E, 0xE20F,
    0xEA2F, 0xE22F, 0xE22F, 0xDA0F, 0xE22F, 0xE22F, 0xE22F, 0xEA2F, 0xF250, 0xFA71, 0xFA51, 0xFA51,
    0xF250, 0xEA30, 0xE22F, 0xE22F, 0xEA2F, 0xDA4F, 0xDA0F, 0xDA0F, 0xE22F, 0xE22F, 0xEA2F, 0xEA2F,
    0xEA30, 0xF250, 0xF250, 0xF250, 0xF291, 0xF270, 0xEA30, 0xE22F, 0xDA2F, 0xDA2F, 0xE22F, 0xE22F,
    0xE22F, 0xEA2F, 0xEA50, 0xF250, 0xF270, 0xEA30, 0xF270, 0xEA30, 0xEA2F, 0xE22F, 0xE22F, 0xE22F,
    0xDA0F, 0xD20E, 0xDA0E, 0xDA0F, 0xE22F, 0xE22F, 0xEA50, 0xF291, 0xEA90, 0xEA30, 0xF250, 0xF250,
    0xF250, 0xF250, 0xF271, 0xFA50, 0xDA0E, 0xDA0E, 0xDA2F, 0xD20E, 0xDA2F, 0xDA0F, 0xE22F, 0xE22F,
    0xE24F, 0xEA2F, 0xEA2F, 0xEA2F, 0xE22F, 0xE22F, 0xE24F, 0xDA4F, 0xDA0E, 0xD20E, 0xDA2F, 0xDA0F,
    0xDA0F, 0xE22F, 0xE22F, 0xE22F, 0xE22F, 0xDA0F, 0xDA2F, 0xDA0F, 0xE22F, 0xE24F, 0xE22F, 0xE20F,
    0xDA0F, 0xE22F, 0xE22F, 0xDA0F, 0xDA0F, 0xDA0F, 0xE22F, 0xE22F, 0xE22F, 0xDA0F, 0xDA0E, 0xDA4F,
    0xDA0E, 0xDA0E, 0xDA0E, 0xDA0E, 0xD20E, 0xC9EE, 0xD20E, 0xDA0E, 0xDA0E, 0xDA0F, 0xDA0E, 0xDA0F,
    0xE22F, 0xE22F, 0xE22F, 0xE22F, 0xE22F, 0xE22F, 0xE22F, 0xE22F, 0xEA50, 0xE250, 0xE22F, 0xE22F,
    0xE22F, 0xDA0F, 0xE270, 0xE22F, 0xEA30, 0xEA2F, 0xEA90, 0xE22F, 0xE24F, 0xDA0F, 0xDA0F, 0xDA0F,
    0xDA0E, 0xDA2F, 0xDA0F, 0xE250, 0xE22F, 0xE24F, 0xE250, 0xEA2F, 0xEA30, 0xE22F, 0xE22F, 0xDA0F,
    0xDA0F, 0xDA4F, 0xDA4F, 0xDA0E, 0xDA0F, 0xE22F, 0xEA2F, 0xEA2F, 0xEA2F, 0xEA50, 0xE22F, 0xDA0F,
    0xD22E, 0xD22E, 0xD20E, 0xD20E, 0xC9EE, 0xD20E, 0xD22F, 0xDA0E, 0xD20E, 0xD20E, 0xD20E, 0xDA0E,
    0xDA0F, 0xDA2F, 0xD20E, 0xD22E, 0xD20E, 0xD24F, 0xD20E, 0xD20E, 0xD20E, 0xC9EE, 0xC9EE, 0xC9EE,
    0xDA0F, 0xDA0E, 0xDA0F, 0xDA0E, 0xDA2F, 0xDA0F, 0xE22F, 0xDA0F, 0xE24F, 0xE22F, 0xE20F, 0xDA0F,
    0xE24F, 0xDA2F, 0xD20E, 0xDA0E, 0xDA0E, 0xD20E, 0xDA0E, 0xDA0E, 0xDA2F, 0xD20E, 0xD20E, 0xDA0F,
    0xE270, 0xDA2F, 0xD20E, 0xD22F, 0xDA0F, 0xE22F, 0xE22F, 0xE22F, 0xE250, 0xE22F, 0xE22F, 0xDA4F,
    0xDA4F, 0xDA0F, 0xDA2F, 0xD20E, 0xD20E, 0xDA0E, 0xDA90, 0xC9EE, 0xC20D, 0xC1ED, 0xC9ED, 0xC9EE,
    0xC9EE, 0xD20E, 0xC9EE, 0xD20E, 0xCA0E, 0xCA2E, 0xC9EE, 0xD22E, 0xC9EE, 0xC9EE, 0xC9ED, 0xC20D,
    0xB9CC, 0xC1CD, 0xC1ED, 0xC1ED, 0xD1EE, 0xD22E, 0xD24F, 0xC9ED, 0xD1EE, 0xD1EE, 0xD1EE, 0xC9ED,
    0xC9ED, 0xD1EE, 0xC9ED, 0xCA0E, 0xCA0E, 0xC9ED, 0xC9ED, 0xC9ED, 0xC1CD, 0xB9ED, 0xB9ED, 0xB9ED,
    0xB9CC, 0xB1CC, 0xB1AC, 0xB1AC, 0xB1CC, 0xB9CD, 0xC1CD, 0xC9ED, 0xC9EE, 0xD1EE, 0xDA0E, 0xDA0F,
    0xDA0E, 0xD1EE, 0xC9ED, 0xCA0E, 0xC9ED, 0xC9ED, 0xC9ED, 0xCA2E, 0xC20D, 0xC1CD, 0xB1CC, 0xB1AC,
    0xA9AC, 0xB1AC, 0xB9ED, 0xB9CD, 0xB9ED, 0xB1AC, 0xA9AC, 0xB1CC, 0xB1EC, 0xB9CC, 0xB9CC, 0xB9CC,
    0xB1ED, 0xB1AC, 0xA9AB, 0xA9AB, 0xA18B, 0xA9CC, 0xA9AC, 0xB1AC, 0xE22F, 0xE22F, 0xEA2F, 0xEA30,
    0xEA2F, 0xEA2F, 0xEA30, 0xEA50, 0xEA2F, 0xEA30, 0xEA2F, 0xE22F, 0xDA0F, 0xDA2F, 0xDA0E, 0xD20E,
    0xD20E, 0xC9ED, 0xC9ED, 0xD1EE, 0xD22E, 0xDA2F, 0xDA0F, 0xE22F, 0xE22F, 0xE22F, 0xE22F, 0xDA0F,
    0xDA0F, 0xDA0E, 0xDA0E, 0xD20E, 0xD22E, 0xD20E, 0xD20E, 0xDA6F, 0xD20E, 0xD22E, 0xDA2F, 0xD22F,
    0xD22E, 0xD20E, 0xC9ED, 0xC9ED, 0xC9ED, 0xC1ED, 0xC9ED, 0xC9ED, 0xC9EE, 0xD1EE, 0xD20E, 0xDA0E,
    0xDA0E, 0xDA0E, 0xD20E, 0xD1EE, 0xD22F, 0xDA4F, 0xDA0E, 0xDA0F, 0xDA0F, 0xDA0F, 0xE22F, 0xE20F,
    0xFA50, 0xF250, 0xFAB2, 0xFA71, 0xFA51, 0xFA51, 0xFA51, 0xFA51, 0xFA71, 0xFA71, 0xFA71, 0xFA51,
    0xF250, 0xE22F, 0xEA2F, 0xE22F, 0xDA0F, 0xDA0E, 0xDA2F, 0xE250, 0xE22F, 0xF250, 0xF250, 0xFA71,
    0xFA72, 0xFA71, 0xF250, 0xEA50, 0xF250, 0xEA50, 0xE22F, 0xDA2F, 0xE22F, 0xDA2F, 0xD20E, 0xDA2F,
    0xE22F, 0xE22F, 0xE22F, 0xDA2F, 0xDA4F, 0xDA2F, 0xDA0E, 0xDA0E, 0xDA0E, 0xD22F, 0xD20E, 0xDA0F,
    0xDA2F, 0xE22F, 0xE22F, 0xEA70, 0xF250, 0xEA2F, 0xE22F, 0xE22F, 0xEA2F, 0xF250, 0xF250, 0xFA51,
    0xFA71, 0xF250, 0xF250, 0xF250, 0xE22F, 0xE250, 0xEA2F, 0xEA30, 0xEA50, 0xEA2F, 0xEA2F, 0xEA2F,
    0xEA2F, 0xEA30, 0xEA2F, 0xE22F, 0xDA0F, 0xD20E, 0xD24F, 0xD20E, 0xC9EE, 0xD20E, 0xD20E, 0xDA0E,
    0xDA0F, 0xE24F, 0xEA2F, 0xF270, 0xF250, 0xF230, 0xE22F, 0xDA0F, 0xE24F, 0xDA0F, 0xD20E, 0xD1EE,
    0xC9EE, 0xCA0E, 0xC1ED, 0xC9ED, 0xD20E, 0xDA0E, 0xD20E, 0xC9ED, 0xC9EE, 0xC9EE, 0xC9EE, 0xC9ED,
    0xC9ED, 0xC9ED, 0xCA0E, 0xC9EE, 0xC9EE, 0xC9EE, 0xD20E, 0xDA0E, 0xDA0E, 0xD20E, 0xD20E, 0xD1EE,
    0xD20E, 0xDA6F, 0xDA0F, 0xE22F, 0xE22F, 0xE20F, 0xDA0F, 0xE24F, 0xEA50, 0xEA30, 0xF250, 0xF291,
    0xF230, 0xEA30, 0xEA2F, 0xEA2F, 0xE22F, 0xEA50, 0xEA50, 0xEA30, 0xEA2F, 0xE22F, 0xE22F, 0xE20F,
    0xDA2F, 0xDA0E, 0xE22F, 0xEA30, 0xEA30, 0xF230, 0xF230, 0xFA50, 0xFAB1, 0xF270, 0xF230, 0xEA50,
    0xE22F, 0xE20F, 0xDA0E, 0xD20E, 0xD20E, 0xD22E, 0xC9EE, 0xD22F, 0xDA0F, 0xE24F, 0xDA0F, 0xDA0F,
    0xDA0E, 0xDA0F, 0xDA0E, 0xD20E, 0xD20E, 0xD20E, 0xD20E, 0xD20E, 0xD20E, 0xDA0E, 0xDA0E, 0xDA0E,
    0xDA0F, 0xDA0E, 0xDA0E, 0xDA0E, 0xDA0E, 0xDA0F, 0xE22F, 0xE22F, 0xEA2F, 0xEA2F, 0xEA2F, 0xF250,
    0x892B, 0xA14D, 0xA14D, 0x912C, 0xA96E, 0xA14D, 0x894C, 0xA16E, 0xA98E, 0x994D, 0xC190, 0xB990,
    0xA96E, 0xD1B1, 0xC190, 0xA96E, 0xC9B0, 0xB98F, 0xA98E, 0xD1D1, 0xC9D1, 0xC1B0, 0xE1F3, 0xD9F2,
    0xC190, 0xE1D3, 0xC9B0, 0xB16F, 0xD1B1, 0xB98F, 0xA98E, 0xB9B0, 0xA98E, 0xA14E, 0xC1B0, 0xB16E,
    0xA96E, 0xC9B1, 0xB16F, 0xA96E, 0xC9B0, 0xB18F, 0xB98F, 0xE1D2, 0xC9B1, 0xD1B1, 0xF215, 0xD1B2,
    0xD9D2, 0xF215, 0xD1B1, 0xD1B1, 0xE9F3, 0xC190, 0xC1D0, 0xD9D2, 0xB1AF, 0xB9B0, 0xC9B1, 0xA96E,
    0xA96E, 0xC190, 0xA96E, 0xB98F, 0x912C, 0xB1AF, 0xB16F, 0x994D, 0xB16F, 0xA14D, 0x912C, 0xB18F,
    0xB18F, 0xA96E, 0xC1D1, 0xC190, 0xA96E, 0xC1B0, 0xB9AF, 0xA14D, 0xC190, 0xB18F, 0xB18F, 0xD1B2,
    0xC9B1, 0xB990, 0xD9F2, 0xC9B1, 0xB18F, 0xD9D2, 0xC190, 0xB18F, 0xC9B1, 0xB16F, 0xA98E, 0xC1B0,
    0xB1AF, 0xA96E, 0xC190, 0xA96E, 0xA18D, 0xC190, 0xA96E, 0xB16F, 0xC9B1, 0xB16F, 0xA96E, 0xC9D1,
    0xB16E, 0xB98F, 0xE233, 0xC9D1, 0xC190, 0xD9D2, 0xB990, 0xC190, 0xD9D2, 0xB98F, 0xB990, 0xD9D2,
    0xC190, 0xD1B1, 0xE1F3, 0xC190, 0xD1D1, 0xE1D3, 0xB990, 0xC9B1, 0x994D, 0xB18F, 0xB16E, 0x996D,
    0xB16F, 0xA96E, 0x914C, 0xB18F, 0xB990, 0xA14E, 0xB98F, 0xA96E, 0xA14D, 0xC9D1, 0xC190, 0xA98E,
    0xC9B1, 0xB990, 0xA98E, 0xC9B0, 0xB9AF, 0xA18E, 0xB18F, 0xA14D, 0x994C, 0xB9D0, 0xA14D, 0x994D,
    0xB98F, 0xA96E, 0x994D, 0xA96E, 0x994C, 0x918C, 0xA14D, 0x912C, 0x916D, 0xB1AF, 0xA96E, 0xA98E,
    0xD1F1, 0xB16F, 0xA96E, 0xC9D1, 0xA96E, 0xA96E, 0xC9B0, 0xB16E, 0xB98F, 0xD9D2, 0xB990, 0xB990,
    0xD9D2, 0xB990, 0xC9D1, 0xE1F3, 0xC190, 0xC9B1, 0xE1F3, 0xC190, 0xC9B1, 0xE1D2, 0xB98F, 0xC1D0,
    0xB16F, 0xD1D2, 0xD1B2, 0xB18F, 0xD1F2, 0xC9B1, 0xB16E, 0xD1B1, 0xC9B0, 0xB16E, 0xC9B1, 0xB18F,
    0xA96E, 0xD9D2, 0xD1B1, 0xB98F, 0xD9D2, 0xC1B0, 0xB16E, 0xD1B1, 0xC1D0, 0xB16F, 0xC9B1, 0xB18F,
    0xA14D, 0xC9D1, 0xB9B0, 0xA96E, 0xB98F, 0xA14D, 0x914C, 0xB16F, 0x994D, 0x912C, 0xA98E, 0x994D,
    0x994D, 0xB98F, 0xA96E, 0xA96E, 0xD212, 0xB9B0, 0xB98F, 0xD1B1, 0xB9AF, 0xB16F, 0xC9B1, 0xA96E,
    0xB98F, 0xD9D2, 0xB990, 0xC190, 0xD1B1, 0xB1AF, 0xB9D0, 0xC9B1, 0xB16E, 0xB98F, 0xD9D2, 0xB98F,
    0xC9B1, 0xE1F3, 0xB98F, 0xC9D1, 0xB98F, 0xD9D2, 0xD9F2, 0xB9B0, 0xD9D2, 0xD9D2, 0xB98F, 0xD9D2,
    0xC9B1, 0xB16E, 0xD9D2, 0xD9D2, 0xC190, 0xE1D3, 0xD9D2, 0xB990, 0xE1D3, 0xC9D1, 0xB16F, 0xD1B2,
    0xC9B1, 0xC190, 0xE1D3, 0xD1B1, 0xC190, 0xE1D3, 0xC9D1, 0xB16F, 0xC9B0, 0xA18E, 0x994C, 0xB16F,
    0xA14D, 0x994D, 0xB98F, 0xA14D, 0xA14D, 0xC1D0, 0xB16F, 0xB16F, 0xD9F2, 0xC9B0, 0xC9B1, 0xD9D2,
    0xB16E, 0xA96E, 0xD1D1, 0xB98F, 0xB98F, 0xD9D2, 0xB16F, 0xB98F, 0xD1F2, 0xB16F, 0xB98F, 0xD9D2,
    0xB98F, 0xC9B1, 0xE1D3, 0xC190, 0xC9B1, 0xD9D2, 0xB16E, 0xB98F, 0xB1AF, 0xD1B1, 0xC9D1, 0xA96E,
    0xD1B1, 0xC9D1, 0xB16F, 0xD1D1, 0xC190, 0xB16E, 0xDA12, 0xD1B1, 0xB16F, 0xD1B1, 0xC9D1, 0xB16E,
    0xDA12, 0xC9B0, 0xB1AF, 0xD9D2, 0xC9B1, 0xB98F, 0xD9F2, 0xC190, 0xA96E, 0xC9B1, 0xB98F, 0xA96E,
    0xB98F, 0x994D, 0x912C, 0xB1CF, 0x914C, 0x994C, 0xC190, 0xB1AF, 0xB16F, 0xD1D2, 0xB990, 0xB98F,
    0xD9F3, 0xC190, 0xC1D0, 0xD9D2, 0xB16F, 0xB98F, 0xD9D2, 0xB98F, 0xC190, 0xE1F3, 0xC190, 0xC190,
    0xD9F2, 0xB18F, 0xB990, 0xD9D2, 0xB990, 0xC9B1, 0xE213, 0xB9B0, 0xC190, 0xD1B1, 0xA96E, 0xB98F,
    0xA14D, 0xB990, 0xB990, 0xA96E, 0xC9D1, 0xB9B0, 0xA14D, 0xB98F, 0xB9D0, 0xA18E, 0xC9D1, 0xC1D0,
    0xA98E, 0xD1B1, 0xB990, 0xA18E, 0xC1D0, 0xB16E, 0xA14D, 0xC190, 0xA96E, 0x996D, 0xB98F, 0xB16F,
    0xA96E, 0xC190, 0xA96E, 0xA14D, 0xB16E, 0x994D, 0x994D, 0xC190, 0xA96E, 0xA14D, 0xC1B0, 0xB16E,
    0xA96E, 0xC9B1, 0xC190, 0xC190, 0xD9D2, 0xC190, 0xC190, 0xD9D2, 0xB98F, 0xB990, 0xE1D3, 0xC190,
    0xC9B0, 0xD9D2, 0xB16F, 0xB16F, 0xC190, 0xA98F, 0xB98F, 0xD1D2, 0xB9B0, 0xC9B1, 0xE213, 0xB98F,
    0xC190, 0xD9D2, 0xB16F, 0xC190, 0xB16F, 0xC9B1, 0xD1B1, 0xB18F, 0xD1D2, 0xD1B1, 0xB1AF, 0xC9B0,
    0xB16F, 0xA14D, 0xC9B1, 0xC9B0, 0xA96E, 0xC1D0, 0xB1CF, 0x994D, 0xC190, 0xB16F, 0xA18E, 0xB990,
    0xB16F, 0xA96E, 0xC1B0, 0xA96E, 0x912C, 0xA96E, 0xA14D, 0x914C, 0xB18F, 0xA96E, 0xA96E, 0xD9D2,
    0xC190, 0xC1F0, 0xE1F3, 0xC190, 0xB990, 0xD9F2, 0xC190, 0xB16F, 0xD9D2, 0xC190, 0xC190, 0xE1D3,
    0xD1D1, 0xC9B1, 0xE1D3, 0xB990, 0xC1B0, 0xE9F3, 0xC190, 0xC190, 0xD1B1, 0xA96E, 0xA96E, 0xC190,
    0xA96E, 0xB18F, 0xC9B0, 0xA14D, 0xA98E, 0xB16F, 0x912C, 0x994D, 0xC9B1, 0xF1F4, 0xE9F4, 0xC9B1,
    0xE1F3, 0xD9D2, 0xB16F, 0xD1B1, 0xC190, 0xA96E, 0xC9B1, 0xC1B0, 0xB16E, 0xC9B1, 0xC1B0, 0xA96E,
    0xC9B1, 0xB990, 0xA96E, 0xC1B0, 0xB16F, 0xA14D, 0xC190, 0xB16F, 0x994D, 0xB98F, 0xA16E, 0xA14D,
    0xC190, 0xB16F, 0xB1AF, 0xD9D2, 0xC190, 0xB16F, 0xD1F2, 0xC190, 0xB98F, 0xD9D2, 0xB18F, 0xA96E,
    0xD1B1, 0xC190, 0xC9B0, 0xE1D3, 0xC190, 0xC190, 0xE1D3, 0xC190, 0xC9D1, 0xE213, 0xB990, 0xB98F,
    0xD1B1, 0xA96E, 0xB16E, 0xC9B0, 0xA96E, 0xA96E, 0xB98F, 0x912C, 0x912C, 0xA16D, 0x892C, 0x914C,
    0xA96E, 0xC190, 0xC190, 0xA96E, 0xC9B1, 0xC190, 0xA96E, 0xD1B1, 0xD1B1, 0xB16F, 0xD1B2, 0xC9B1,
    0xA96E, 0xC1B0, 0xB98F, 0xA16E, 0xC1B0, 0xB18F, 0xA14D, 0xC190, 0xB16F, 0xA96E, 0xD9D2, 0xC9B1,
    0xB98F, 0xD1B2, 0xB98F, 0xA96E, 0xC9B1, 0xB98F, 0xB1AF, 0xD1B1, 0xB9AF, 0xB16E, 0xD1F2, 0xB1AF,
    0xA96E, 0xC1B0, 0xA16E, 0xA16E, 0xC9B1, 0xB16F, 0xB16E, 0xC190, 0xA14D, 0xA98E, 0xC1D0, 0xA96E,
    0xA96E, 0xB990, 0xA98E, 0xB18F, 0xC9B0, 0xA14D, 0xA14D, 0xB98F, 0xA96E, 0xC1B0, 0xD9D2, 0xC190,
    0xC9B1, 0xD9D2, 0xB16E, 0xB98F, 0xA14D, 0xC190, 0xC190, 0xA98E, 0xC190, 0xC190, 0xA96E, 0xC190,
    0xB98F, 0xA14D, 0xC190, 0xB18F, 0xA14D, 0xC190, 0xB16F, 0xA96E, 0xD1B1, 0xC190, 0xA98E, 0xC9B1,
    0xC1D0, 0xB98F, 0xD1B1, 0xB18F, 0xA14D, 0xC9B0, 0xB16F, 0xA98E, 0xC1D1, 0xA96E, 0xB16E, 0xD9D2,
    0xC190, 0xB16F, 0xC9B1, 0xA96E, 0x994D, 0xB16E, 0x914C, 0x914C, 0xB16F, 0x994D, 0xA14D, 0xB98F,
    0xA96E, 0xA98E, 0xC190, 0xA14D, 0xA96E, 0xB990, 0xA98E, 0xA96E, 0xC9B1, 0xA16E, 0xA96E, 0xC9B1,
    0xB16F, 0xC190, 0xE233, 0xC190, 0xD1F2, 0xF1F4, 0xC9B1, 0xD9B2, 0xA96E, 0xC9D1, 0xC190, 0xA96E,
    0xC9B0, 0xC190, 0xA18E, 0xB98F, 0xB16E, 0x996D, 0xA16E, 0x994D, 0x914C, 0xB98F, 0xB98F, 0xA96E,
    0xD1B1, 0xC9B1, 0xB16F, 0xD1D2, 0xB9B0, 0xA96E, 0xB990, 0xA98E, 0x912C, 0xB16E, 0xA14D, 0x994D,
    0xC9B0, 0xC1B0, 0xC190, 0xE9F3, 0xD1B1, 0xC190, 0xE213, 0xC190, 0xA96E, 0xC190, 0xA96E, 0xA98E,
    0xC1B0, 0xB16E, 0xB16E, 0xC9B0, 0xA96E, 0xA96E, 0xC9B1, 0xB1AF, 0xB16F, 0xC9B1, 0xB16E, 0xB16F,
    0xC9B1, 0xA14E, 0xA96E, 0xC9B1, 0xB16F, 0xC190, 0xE1D3, 0xC190, 0xD1B1, 0xEA14, 0xD1B1, 0xD9D2,
    0xA96E, 0xC1D0, 0xB990, 0xA14D, 0xC190, 0xB990, 0xA16E, 0xC1D1, 0xC190, 0xA96E, 0xC190, 0xB18F,
    0xA14D, 0xB990, 0xB98F, 0xB16F, 0xD9D2, 0xD1D1, 0xB98F, 0xD1B1, 0xB98F, 0xA14D, 0xB16F, 0xA18E,
    0x912C, 0xA96E, 0xA14D, 0xA14D, 0xC9B1, 0xC190, 0xC190, 0xE1F3, 0xC9B1, 0xC190, 0xE1D2, 0xB98F,
    0xA96E, 0xC9D1, 0xB16E, 0xA96E, 0xC1D1, 0xA96E, 0xA14D, 0xC1B0, 0xA96E, 0xB16F, 0xD1B1, 0xB16E,
    0xA96E, 0xC190, 0xA16E, 0xA98E, 0xB990, 0xA14D, 0xA9AE, 0xC190, 0xA96E, 0xB98F, 0xD1B1, 0xB16F,
    0xC190, 0xD9D2, 0xB990, 0xC9B1, 0xB990, 0xE1D3, 0xE1D3, 0xC190, 0xE233, 0xD1B2, 0xB16F, 0xD1B2,
    0xD1F2, 0xB98F, 0xD1B1, 0xC190, 0xB16F, 0xD9D2, 0xC9D1, 0xA96E, 0xB990, 0xB16F, 0xA14D, 0xC9B1,
    0xB98F, 0xA96E, 0xC9B1, 0xC1F1, 0xB1AF, 0xD9D2, 0xD1B1, 0xC190, 0xE1D2, 0xC9B1, 0xB990, 0xD9D2,
    0xC1B0, 0xB18F, 0xD9D2, 0xB98F, 0xB16E, 0xD1B1, 0xB98F, 0xB18F, 0xD1B1, 0xC1D0, 0xC190, 0xD1B1,
    0xA96E, 0xA16E, 0xC9D1, 0xB16F, 0xB18F, 0xC9B1, 0xA96E, 0xA96E, 0xD1B1, 0xB9B0, 0xC190, 0xD1B1,
    0xA96E, 0xB18F, 0xB990, 0xA14D, 0xA96E, 0xB9AF, 0x994D, 0xA16D, 0xC190, 0xE1D3, 0xE1D2, 0xC190,
    0xD9D2, 0xD1B1, 0xB1AF, 0xD9D2, 0xD9D2, 0xC190, 0xD9D2, 0xC9B1, 0xB16F, 0xD1B1, 0xC190, 0xA16E,
    0xB98F, 0xB16E, 0xA14D, 0xC1B0, 0xB98F, 0xA16E, 0xC9B1, 0xC9B1, 0xB9B0, 0xD9D2, 0xB98F, 0xB16E,
    0xD1B1, 0xB990, 0xA96E, 0xC9B0, 0xB16E, 0xA14D, 0xB98F, 0xA14D, 0xA14D, 0xC190, 0xB9AF, 0xB9B0,
    0xD9F2, 0xB990, 0xB16E, 0xB98F, 0x994D, 0x994D, 0xB98F, 0xA98E, 0xB1AF, 0xD1B1, 0xB16E, 0xA96E,
    0xB98F, 0xA14D, 0xB16E, 0xC9B1, 0xA98E, 0xB1AF, 0xC9B0, 0xA96E, 0xB18F, 0xD1B1, 0xB1AF, 0xB9B0,
    0xC190, 0xE1D3, 0xE9F3, 0xD1B1, 0xEA14, 0xE1D3, 0xC190, 0xE9F3, 0xE1D3, 0xC9F1, 0xE1F3, 0xD1B1,
    0xB98F, 0xD1D2, 0xC9B0, 0xA96E, 0xC9B0, 0xB98F, 0xA14D, 0xC190, 0xB16F, 0xA14D, 0xC1B0, 0xB98F,
    0xA96E, 0xC9B1, 0xB1AF, 0x996D, 0xB16F, 0x994D, 0x916C, 0xA96E, 0x994D, 0x912C, 0xB16F, 0xA14D,
    0xA16E, 0xC1B0, 0xA96E, 0xA96E, 0xC1D0, 0xB16E, 0xB16E, 0xC9B1, 0xB16F, 0xB16F, 0xC9B0, 0xA96E,
    0xA96E, 0xC1D0, 0xA14D, 0xA96E, 0xB9D0, 0x994D, 0xA14D, 0xC190, 0xA96E, 0xB16F, 0xC9B1, 0xB18F,
    0xC9B0, 0xD9D2, 0xC1B0, 0xC9B1, 0xB9CD, 0xC1CE, 0xC9EE, 0xC9CE, 0xD1EF, 0xD1EF, 0xC1CE, 0xD20F,
    0xC9EF, 0xC9CE, 0xD1EF, 0xD1EF, 0xC9CE, 0xD1EF, 0xD1EF, 0xC9CE, 0xD1EF, 0xD1EE, 0xC1EE, 0xC9CE,
    0xC1CE, 0xB9AD, 0xC1CD, 0xB9EE, 0xB9ED, 0xC1CE, 0xB9AD, 0xB9ED, 0xC9CE, 0xC1CE, 0xC1CE, 0xC9EE,
    0xC1CE, 0xC1EE, 0xC1CE, 0xB9CD, 0xC1CE, 0xD20F, 0xC9EE, 0xC9CE, 0xD1EF, 0xD1EE, 0xC9EE, 0xDA0F,
    0xD9EF, 0xD1EF, 0xDA50, 0xD1EF, 0xC9EE, 0xD1EF, 0xC9EE, 0xC9EE, 0xCA0F, 0xC1CD, 0xC20E, 0xC9CE,
    0xC9CE, 0xC9EE, 0xD1EF, 0xC9CE, 0xCA0F, 0xDA30, 0xD1EF, 0xDA10, 0xD20E, 0xD20E, 0xD20E, 0xD22F,
    0xDA0E, 0xD20E, 0xD20E, 0xDA0E, 0xDA0F, 0xDA0F, 0xE22F, 0xEA30, 0xEA2F, 0xDA2F, 0xE22F, 0xDA2F,
    0xE22F, 0xEA2F, 0xEA30, 0xEA50, 0xE24F, 0xDA0F, 0xDA0E, 0xD20E, 0xC9ED, 0xC9ED, 0xC9EE, 0xD20E,
    0xDA0F, 0xE22F, 0xEA70, 0xEA70, 0xF250, 0xE22F, 0xE22F, 0xE22F, 0xE22F, 0xE250, 0xE22F, 0xE22F,
    0xE22F, 0xEA2F, 0xEA30, 0xF250, 0xF271, 0xF250, 0xEA50, 0xEA2F, 0xEA30, 0xF250, 0xEA30, 0xEA30,
    0xEA30, 0xEA30, 0xEA2F, 0xE22F, 0xE22F, 0xE22F, 0xE22F, 0xE22F, 0xEA2F, 0xF270, 0xF271, 0xFA51,
    0xD2AF, 0xDAAF, 0xDAF0, 0xDAAF, 0xDAF0, 0xE2D0, 0xEAF1, 0xF2F1, 0xFB12, 0xFB12, 0xFB32, 0xFB53,
    0xFB12, 0xFB12, 0xF312, 0xF2F1, 0xF2F1, 0xF312, 0xF332, 0xF312, 0xF312, 0xFB12, 0xFB12, 0xFB12,
    0xFB12, 0xFB12, 0xF2F1, 0xEB11, 0xE2D0, 0xDAB0, 0xD2AF, 0xCA8F, 0xCAAF, 0xCAAF, 0xD2AF, 0xD2AF,
    0xCAAF, 0xD2AF, 0xD2AF, 0xDAB0, 0xDAB0, 0xDAD0, 0xD2D0, 0xD2AF, 0xD2AF, 0xD310, 0xC28E, 0xCA8E,
    0xD2AF, 0xDAB0, 0xDAD0, 0xE2D0, 0xE2D0, 0xEAF1, 0xF311, 0xF2F1, 0xEAF1, 0xE2D0, 0xE2D0, 0xE2F1,
    0xE2D0, 0xEB11, 0xEAF1, 0xEAF1, 0xDAD0, 0xDAAF, 0xDAB0, 0xDAB0, 0xDAB0, 0xE2F0, 0xE2D0, 0xE2D0,
    0xE2D0, 0xE2D0, 0xEAD0, 0xE2D0, 0xE2D0, 0xE2D0, 0xE2D0, 0xE2B0, 0xDAB0, 0xE2B0, 0xE2D0, 0xE2D0,
    0xE2D0, 0xE2F1, 0xEAF1, 0xE2D0, 0xE2D0, 0xE2D0, 0xE2D0, 0xE2F0, 0xE2D0, 0xE2D0, 0xE2D0, 0xE2D0,
    0xE2D0, 0xDAD0, 0xCA8E, 0xCA8E, 0xCA8E, 0xCA8E, 0xC26E, 0xBA6E, 0xBA4D, 0xB24D, 0xB24D, 0xC28E,
    0xC26E, 0xC26E, 0xC28E, 0xCA8E, 0xD2AF, 0xD2AF, 0xDAAF, 0xDAAF, 0xDAD0, 0xDAD0, 0xDAB0, 0xE2D0,
    0xE2D0, 0xE2D0, 0xE2D0, 0xE2D0, 0xDAB0, 0xDAB0, 0xDAB0, 0xDAB0, 0xEAF1, 0xEAF1, 0xEAF1, 0xEAF1,
    0xEB11, 0xEAF1, 0xEAF1, 0xEAF1, 0xE2F1, 0xE2D0, 0xEAF1, 0xEB11, 0xE2D0, 0xE2D0, 0xE2D0, 0xE2D0,
    0xE2D0, 0xE2D0, 0xEAF1, 0xEAF1, 0xEAF1, 0xF2F1, 0xF332, 0xF312, 0xFB12, 0xFB53, 0xFB12, 0xFB32,
    0xFB12, 0xFB12, 0xFB12, 0xFB12, 0xF2F1, 0xEAF1, 0xEAF1, 0xE2D0, 0xDAAF, 0xD2AF, 0xD2AF, 0xD2AF,
    0xD2AF, 0xDAB0, 0xE2D0, 0xE2D0, 0xE311, 0xE2F1, 0xEAF1, 0xEAF1, 0xF2F1, 0xF332, 0xF312, 0xF2F1,
    0xEAF1, 0xE2D0, 0xE2D0, 0xE2D0, 0xEAF1, 0xF2F1, 0xF312, 0xF312, 0xF312, 0xFB73, 0xFB53, 0xF332,
    0xFB32, 0xFB12, 0xFB12, 0xFB12, 0xFB52, 0xFB53, 0xFB32, 0xF311, 0xEAF1, 0xEAF1, 0xF311, 0xFB12,
    0xFB12, 0xF312, 0xFB12, 0xFB12, 0xFB32, 0xF312, 0xF311, 0xF311, 0xFB12, 0xFB32, 0xFB32, 0xFB32,
    0xFB53, 0xFB32, 0xFB33, 0xFB33, 0xFB33, 0xFB32, 0xFB53, 0xFB32, 0xFB12, 0xF311, 0xF2F1, 0xEAF1,
    0xE2D0, 0xE2F0, 0xDAD0, 0xDAD0, 0xDAF0, 0xDAD0, 0xE2D0, 0xE2D0, 0xF311, 0xF312, 0xF312, 0xF332,
    0xF2F1, 0xF2F1, 0xF2F1, 0xEAF1, 0xE2F0, 0xDAD0, 0xDAB0, 0xDAD0, 0xE2D0, 0xEAF1, 0xEB32, 0xF312,
    0xFB32, 0xF312, 0xF311, 0xEAF1, 0xEAF1, 0xEB11, 0xEAF1, 0xF2F1, 0xF311, 0xEB12, 0xEAF1, 0xF2F1,
    0xF2F1, 0xEAF1, 0xEAF1, 0xEAF1, 0xEAF1, 0xF312, 0xFB12, 0xFB32, 0xFB32, 0xFB33, 0xFB53, 0xFB33,
    0xFB12, 0xFB32, 0xFB12, 0xF312, 0xF311, 0xF2F1, 0xF311, 0xEAF1, 0xEAF1, 0xEAF1, 0xEAF1, 0xEB11,
    0xE2D0, 0xE2D0, 0xE2D0, 0xDAD0, 0xDAD0, 0xD2AF, 0xD2F0, 0xD2AF, 0xD2AF, 0xDAF0, 0xDAD0, 0xE2D0,
    0xEAF1, 0xF311, 0xF312, 0xF2F1, 0xEB11, 0xE2F1, 0xE2D0, 0xE2F1, 0xE2D0, 0xDAB0, 0xD2AF, 0xD2AF,
    0xDAAF, 0xDAB0, 0xDAD0, 0xE2D0, 0xEAF1, 0xEB11, 0xEB31, 0xEAF1, 0xDAD0, 0xDAD0, 0xDAF0, 0xDAB0,
    0xDAD0, 0xE2F1, 0xF2F1, 0xF2F1, 0xF311, 0xF312, 0xF312, 0xF311, 0xF311, 0xF312, 0xF312, 0xF312,
    0xF312, 0xF332, 0xF311, 0xF311, 0xFB12, 0xFB12, 0xFB32, 0xFB53, 0xFB53, 0xFB32, 0xFB32, 0xFB12,
    0xF2F1, 0xEAF1, 0xEAF1, 0xEAF1, 0xEB31, 0xE2F0, 0xDAD0, 0xDAD0, 0xDAAF, 0xDAAF, 0xDAD0, 0xDAF0,
    0xE2F1, 0xEB11, 0xEAF1, 0xF311, 0xF312, 0xFB12, 0xFB32, 0xFB32, 0xFB32, 0xFB12, 0xF311, 0xF311,
    0xF2F1, 0xEAF1, 0xEB11, 0xEAF1, 0xF311, 0xFB12, 0xFB12, 0xFB12, 0xFB12, 0xFB12, 0xFB32, 0xFB32,
    0xD2AF, 0xD2AF, 0xD2AF, 0xD2AF, 0xD2AF, 0xD2AF, 0xD2AF, 0xDAD0, 0xDAD0, 0xE2D0, 0xE2D0, 0xDAD0,
    0xDAAF, 0xD2AF, 0xCA8F, 0xCA8F, 0xCA8E, 0xC28E, 0xC28E, 0xCA8E, 0xD2AF, 0xE2F0, 0xE2D0, 0xE2D0,
    0xEAF1, 0xEAD0, 0xE2D0, 0xE2D0, 0xDAD0, 0xDAB0, 0xD2AF, 0xD2AF, 0xCA8F, 0xCAAF, 0xCA8E, 0xC28E,
    0xC28E, 0xCA8E, 0xC28E, 0xC28E, 0xCA8F, 0xD2D0, 0xE2D0, 0xEAD0, 0xF2F1, 0xF312, 0xF2F1, 0xF312,
    0xEAF1, 0xEAF1, 0xEAF1, 0xEAF1, 0xEAF1, 0xEAF1, 0xEAF1, 0xEAF1, 0xEAD1, 0xE2D0, 0xE2F0, 0xDAD0,
    0xDAB0, 0xDAB0, 0xE2D0, 0xE2D0, 0xCA8E, 0xCA8E, 0xCA8E, 0xCA8F, 0xCA8F, 0xD2AF, 0xD2AF, 0xD310,
    0xCA8F, 0xCACF, 0xCA8E, 0xCA8E, 0xCA8E, 0xC28E, 0xC26E, 0xC2AF, 0xC26E, 0xC26E, 0xCAAF, 0xD28F,
    0xD2AF, 0xDAB0, 0xE2D0, 0xE2D0, 0xEB11, 0xEAD1, 0xE2D0, 0xE2D0, 0xDAD0, 0xDAB0, 0xD2CF, 0xCA8F,
    0xCA8E, 0xCA8E, 0xC28E, 0xCA8E, 0xCA8E, 0xCAAF, 0xD2AF, 0xD2AF, 0xDAAF, 0xDAD0, 0xDAD0, 0xE2D0,
    0xE2D0, 0xE2D0, 0xEAF1, 0xEAF1, 0xF2F1, 0xEAF1, 0xEAF1, 0xEAD1, 0xE2D0, 0xE2F1, 0xE2D0, 0xE2D0,
    0xEAF1, 0xF2F1, 0xEAF1, 0xEAF1, 0xEAF1, 0xEAF1, 0xEAF1, 0xEAF1, 0xE2F1, 0xE2D0, 0xEAF1, 0xEB11,
    0xEAF1, 0xEAF1, 0xEAD0, 0xE2F0, 0xDAB0, 0xD2AF, 0xD2AF, 0xD2AF, 0xCAAF, 0xCAAF, 0xCA8F, 0xCAAF,
    0xCA8F, 0xD2AF, 0xDAAF, 0xDAB0, 0xDAAF, 0xD2AF, 0xD2AF, 0xD2AF, 0xDAB0, 0xDAD0, 0xE2D0, 0xE2D0,
    0xE2D0, 0xE2D0, 0xE2D0, 0xE2D0, 0xE2D0, 0xE2D0, 0xDAD0, 0xE2F1, 0xE2D0, 0xE2F0, 0xDAD0, 0xDAAF,
    0xDAAF, 0xD2AF, 0xD2AF, 0xD2AF, 0xD2AF, 0xD2AF, 0xDAB0, 0xDAD0, 0xE2D0, 0xE2F0, 0xE2D0, 0xEAD0,
    0xEAF1, 0xEAF1, 0xEAF1, 0xEAF1, 0xEAD0, 0xE2F1, 0xE2D0, 0xDAD0, 0xDAAF, 0xDAAF, 0xDAAF, 0xD2AF,
    0xD2AF, 0xDAAF, 0xDAAF, 0xDAB0, 0xDAB0, 0xDAAF, 0xD2AF, 0xDAD0, 0xDAF0, 0xD2AF, 0xD2AF, 0xD2D0,
    0xD2CF, 0xD2AF, 0xD2AF, 0xD2AF, 0xD2AF, 0xD2CF, 0xD2CF, 0xD2AF, 0xD2CF, 0xD2AF, 0xD2AF, 0xD2AF,
    0xD2AF, 0xD2AF, 0xD2AF, 0xD2AF, 0xDAB0, 0xDAB0, 0xE2F1, 0xEAD0, 0xEB11, 0xEAF1, 0xEAF1, 0xEAF1,
    0xEAF1, 0xEAF1, 0xE2D0, 0xDB11, 0xDAD0, 0xE2D0, 0xE2D0, 0xE311, 0xDAB0, 0xDAD0, 0xDAD0, 0xDAD0,
    0xE2F0, 0xE2D0, 0xEAD0, 0xEB11, 0xEAF1, 0xEAF1, 0xEAD0, 0xE2D0, 0xE2D0, 0xE2D0, 0xE2D0, 0xDAF0,
    0xDAD0, 0xD2AF, 0xD2AF, 0xD2AF, 0xF69B, 0xFE9B, 0xF6BB, 0xF6BB, 0xF69B, 0xF67B, 0xF65B, 0xF65B,
    0xEE3A, 0xEE3A, 0xEE1A, 0xEE3A, 0xEE3A, 0xEE5B, 0xEE5B, 0xF65B, 0xF65B, 0xF67B, 0xF69B, 0xF69B,
    0xF69B, 0xF69B, 0xF69B, 0xF69B, 0xF69B, 0xF67B, 0xEE7B, 0xEE5B, 0xEE5B, 0xEE3A, 0xEE3A, 0xEE1A,
    0xEE1A, 0xF65B, 0xF67C, 0xFE9C, 0xFE9C, 0xFE9C, 0xFEBC, 0xFEBC, 0xFE9C, 0xFE9C, 0xF69C, 0xF65B,
    0xEE3A, 0xE61A, 0xE61A, 0xEE5A, 0xEE5B, 0xF65B, 0xF67B, 0xF67B, 0xF6BC, 0xF67B, 0xF67B, 0xF65B,
    0xEE5B, 0xEE3A, 0xEE3A, 0xEE3A, 0xEE3A, 0xEE3A, 0xEE5B, 0xF65B, 0xD598, 0xD598, 0xD598, 0xD598,
    0xD598, 0xD598, 0xD598, 0xD598, 0xD598, 0xD597, 0xD577, 0xD598, 0xD577, 0xD578, 0xD598, 0xD598,
    0xD598, 0xD578, 0xD577, 0xD577, 0xD578, 0xD598, 0xD598, 0xDD98, 0xDD98, 0xDDB8, 0xDDB9, 0xDDB8,
    0xDDB8, 0xDDB9, 0xDDD9, 0xE5F9, 0xE5D9, 0xE5D9, 0xDDD9, 0xE5D9, 0xE5D9, 0xE5D9, 0xE5D9, 0xE5D9,
    0xE5D9, 0xE5B9, 0xDDB9, 0xDDB9, 0xE5B9, 0xDDB8, 0xDD98, 0xDD98, 0xDDD9, 0xDD98, 0xDD98, 0xDD98,
    0xDDB8, 0xDD98, 0xDDD9, 0xDD98, 0xDD98, 0xDD98, 0xDD98, 0xDDD9, 0xDDB8, 0xE5B9, 0xE5B9, 0xE5D9,
    0xEA30, 0xE20F, 0xE20F, 0xE20F, 0xDA0E, 0xE22F, 0xDA2F, 0xD20E, 0xDA0E, 0xDA0F, 0xDA0E, 0xD1EE,
    0xC1ED, 0xB9CD, 0xC1ED, 0xC1ED, 0xC9EE, 0xD20E, 0xDA0E, 0xEA2F, 0xEA30, 0xEA2F, 0xE22F, 0xDA0F,
    0xDA0E, 0xC9ED, 0xB1CC, 0xB1CC, 0xA9AC, 0xA9AB, 0xB1AC, 0xB1CC, 0xDA0F, 0xDA0F, 0xDA0F, 0xDA0E,
    0xE20F, 0xDA0E, 0xD1EE, 0xCA0D, 0xB9CD, 0xB9CC, 0xB1CC, 0xB1CC, 0xB9CD, 0xC9ED, 0xC9EE, 0xD20E,
    0xDA0E, 0xD20E, 0xCA0E, 0xC1CD, 0xC1ED, 0xC9ED, 0xC1ED, 0xC9ED, 0xD20E, 0xDA0E, 0xDA0E, 0xDA2F,
    0xDA0F, 0xE20F, 0xE22F, 0xE22F, 0xF270, 0xEA30, 0xE22F, 0xEA2F, 0xDA0F, 0xE22F, 0xDA0E, 0xCA0E,
    0xC9ED, 0xCA0E, 0xD20E, 0xCA0D, 0xC1ED, 0xDA0E, 0xE22F, 0xF250, 0xEA30, 0xDA2F, 0xD20E, 0xC1ED,
    0xD20E, 0xE22F, 0xEA30, 0xF250, 0xF250, 0xEA30, 0xEA50, 0xF250, 0xF250, 0xEA50, 0xE22F, 0xDA2F,
    0xF250, 0xF250, 0xEA50, 0xDA2F, 0xD20E, 0xD20E, 0xD20E, 0xD20E, 0xD20E, 0xD20E, 0xCA0E, 0xC1ED,
    0xC1ED, 0xDA2E, 0xE22F, 0xEA50, 0xEA50, 0xE22F, 0xDA0F, 0xD20E, 0xD20E, 0xDA0F, 0xE22F, 0xF250,
    0xF250, 0xEA30, 0xEA30, 0xEA30, 0xF250, 0xEA50, 0xE24F, 0xEA2F, 0xE22F, 0xDA0F, 0xE22F, 0xE22F,
    0xDA0E, 0xDA2F, 0xD20E, 0xC1ED, 0xC1CD, 0xC1ED, 0xC1ED, 0xC1CD, 0xC1ED, 0xC1ED, 0xC9ED, 0xC9ED,
    0xC20D, 0xC1ED, 0xC1CD, 0xC9ED, 0xC9ED, 0xC1ED, 0xC1ED, 0xC1ED, 0xD1EE, 0xD20E, 0xC9ED, 0xC9EE,
    0xDA0E, 0xDA0E, 0xDA0E, 0xE20F, 0xEA2F, 0xEA2F, 0xE22F, 0xE22F, 0xE20F, 0xDA0E, 0xDA2F, 0xDA2F,
    0xD1EE, 0xC9EE, 0xC9EE, 0xC9EE, 0xC9EE, 0xD1EE, 0xC9EE, 0xC9ED, 0xC1ED, 0xC9ED, 0xCA0D, 0xD1EE,
    0xD20E, 0xD22E, 0xDA0E, 0xDA2F, 0xDA0E, 0xDA0E, 0xD1EE, 0xDA2F, 0xDA0F, 0xDA0F, 0xDA0F, 0xEA30,
    0xF250, 0xF250, 0xF250, 0xF250, 0xEA30, 0xEA50, 0xE22F, 0xE22F, 0xE24F, 0xD20E, 0xDA2F, 0xDA0E,
    0xDA2F, 0xE22F, 0xE22F, 0xE22F, 0xE22F, 0xDA2F, 0xDA0E, 0xDA0E, 0xE24F, 0xF250, 0xFA71, 0xFA71,
    0xF250, 0xEA4F, 0xDA2F, 0xDA2F, 0xDA0E, 0xE22F, 0xEA30, 0xEA30, 0xE22F, 0xE22F, 0xEA2F, 0xE22F,
    0xDA0E, 0xDA0F, 0xDA0E, 0xDA0E, 0xD20E, 0xD20E, 0xD20E, 0xD20E, 0xD20E, 0xDA0F, 0xE20F, 0xE22F,
    0xDA2F, 0xD20E, 0xD1EE, 0xC9ED, 0xDA0E, 0xE22F, 0xF250, 0xF230, 0xE22F, 0xD20E, 0xC9EE, 0xDA0E,
    0xDA0F, 0xDA0F, 0xE22F, 0xEA2F, 0xDA2F, 0xDA0E, 0xD20E, 0xD20E, 0xC9EE, 0xD20E, 0xD20E, 0xD1EE,
    0xCA0E, 0xD1EE, 0xC9EE, 0xC9EE, 0xD20E, 0xDA0E, 0xC9EE, 0xC9EE, 0xD20E, 0xC9EE, 0xC9ED, 0xC1ED,
    0xC9ED, 0xC9ED, 0xD1EE, 0xDA0E, 0xD20E, 0xD20E, 0xD1EE, 0xC9EE, 0xD20E, 0xD20E, 0xD20E, 0xDA0E,
    0xDA0F, 0xE22F, 0xDA0F, 0xDA2F, 0xD20E, 0xDA0E, 0xD20E, 0xDA0E, 0xDA0F, 0xDA0E, 0xE22F, 0xEA50,
    0xEA50, 0xDA2F, 0xDA0E, 0xC9ED, 0xCA0D, 0xD20E, 0xE22F, 0xE22F, 0xE22F, 0xDA2F, 0xD20E, 0xDA0E,
    0xE22F, 0xE22F, 0xEA50, 0xE22F, 0xE22F, 0xD20E, 0xC1ED, 0xC1ED, 0xDA0F, 0xD20E, 0xD22E, 0xDA0E,
    0xD1EE, 0xDA0E, 0xDA2F, 0xDA0F, 0xDA2F, 0xE22F, 0xEA50, 0xF271, 0xF251, 0xEA50, 0xDA2F, 0xD20E,
    0xCA0E, 0xDA2F, 0xEA30, 0xEA30, 0xE22F, 0xEA2F, 0xEA2F, 0xE22F, 0xEA2F, 0xEA50, 0xF250, 0xEA2F,
    0xDA0F, 0xD20E, 0xCA0E, 0xC9ED, 0xD20E, 0xC9ED, 0xCA0E, 0xCA0E, 0xD1EE, 0xD20E, 0xD20E, 0xDA2E,
    0xDA0F, 0xDA0E, 0xE22F, 0xEA30, 0xEA30, 0xE22F, 0xD20E, 0xC9EE, 0xD1EE, 0xD20E, 0xDA0F, 0xEA30,
    0xEA2F, 0xE22F, 0xE22F, 0xDA2F, 0xDA2F, 0xDA0E, 0xDA2F, 0xDA2F, 0xDA0E, 0xC9EE, 0xC9ED, 0xD20E,
    0xDA0F, 0xD20E, 0xDA0E, 0xDA0E, 0xE22F, 0xEA2F, 0xDA0F, 0xDA0E, 0xDA0E, 0xD20E, 0xDA0E, 0xDA0F,
    0xE22F, 0xEA30, 0xE22F, 0xDA0E, 0xD20E, 0xDA0E, 0xDA0F, 0xEA2F, 0xE22F, 0xE22F, 0xDA0F, 0xDA0E,
    0xD20E, 0xD20E, 0xDA0E, 0xE22F, 0xE22F, 0xE22F, 0xE22F, 0xEA30, 0xE22F, 0xDA2F, 0xDA2F, 0xE22F,
    0xEA30, 0xEA4F, 0xE22F, 0xDA2F, 0xDA0E, 0xDA2F, 0xE22F, 0xE22F, 0xE22F, 0xDA2F, 0xE22F, 0xDA2F,
    0xDA2F, 0xE22F, 0xE22F, 0xE22F, 0xDA2F, 0xDA0E, 0xD20E, 0xDA0E, 0xD20E, 0xD20E, 0xDA2F, 0xDA0E,
    0xDA2F, 0xDA0F, 0xDA0E, 0xDA0E, 0xD20E, 0xD20E, 0xD20E, 0xDA0E, 0xDA0E, 0xD20E, 0xD20E, 0xD1EE,
    0xC9ED, 0xCA0E, 0xC1ED, 0xC1ED, 0xCA0E, 0xC9EE, 0xDA0E, 0xDA0F, 0xDA0F, 0xD20E, 0xD20E, 0xD20E,
    0xC9EE, 0xC20D, 0xB9CD, 0xC1ED, 0xC1ED, 0xC1ED, 0xC1ED, 0xC1ED, 0xC1ED, 0xB1CC, 0xB1CC, 0xB9CC,
    0xEA30, 0xF250, 0xF250, 0xF250, 0xF250, 0xF250, 0xE22F, 0xDA0F, 0xD20E, 0xDA0E, 0xE22F, 0xEA50,
    0xF250, 0xEA2F, 0xE22F, 0xDA0F, 0xDA0E, 0xDA2F, 0xDA2F, 0xDA2F, 0xDA2E, 0xD20E, 0xD20E, 0xD20E,
    0xD20E, 0xE22F, 0xE22F, 0xDA0E, 0xE24F, 0xEA2F, 0xEA30, 0xEA2F, 0xEA50, 0xEA50, 0xEA30, 0xEA2F,
    0xEA2F, 0xEA2F, 0xE20F, 0xDA2F, 0xD20E, 0xDA0F, 0xEA2F, 0xF250, 0xF270, 0xE22F, 0xE22F, 0xD20E,
    0xCA0E, 0xCA0E, 0xDA0F, 0xDA0E, 0xD20E, 0xD20E, 0xD1EE, 0xD20E, 0xD20E, 0xDA0E, 0xDA0E, 0xD20E,
    0xDA2F, 0xE22F, 0xE22F, 0xE22F, 0x994D, 0xA14D, 0xA96E, 0x994D, 0xA96E, 0xC1B0, 0xB98F, 0xB18F,
    0xB990, 0xC1B0, 0xC1B0, 0xD9D2, 0xC9B1, 0xB98F, 0xC190, 0xB18F, 0xA96E, 0xB98F, 0xB18F, 0xB16E,
    0xB990, 0xC1B0, 0xC190, 0xD9F2, 0xD9D2, 0xC9B0, 0xD1B1, 0xC9B1, 0xC1B0, 0xC1B0, 0xC9B1, 0xB98F,
    0xB16F, 0xB18F, 0xC1B0, 0xB16F, 0xB18F, 0xB98F, 0xB98F, 0xC190, 0xC9B1, 0xB990, 0xB18F, 0xB18F,
    0xB18F, 0xA96E, 0xB16E, 0xA14D, 0x914C, 0x994D, 0xA96E, 0xA96E, 0xC1D0, 0xC1B0, 0xB16E, 0xB98F,
    0xC9B1, 0xB990, 0xC9B0, 0xC9D1, 0xB98F, 0xD1B1, 0xD1D2, 0xC1B0, 0xC1B0, 0xC1B0, 0xD1D2, 0xC1B0,
    0xB98F, 0xD9D2, 0xC9B1, 0xC1B0, 0xD1D2, 0xC1B0, 0xC190, 0xD1D2, 0xC9B0, 0xB98F, 0xB18E, 0xA16D,
    0x994D, 0xB18F, 0xB98F, 0xB98F, 0xD1D1, 0xD1B1, 0xB16F, 0xC9B0, 0xC9B1, 0xB990, 0xC1B0, 0xC9B1,
    0xC190, 0xD1D1, 0xC9B1, 0xB16F, 0xB98F, 0xB98F, 0xC9B1, 0xB18F, 0xA98E, 0xC9B1, 0xB98F, 0xA98E,
    0xB98F, 0xB18F, 0xA96E, 0xB18F, 0xA96E, 0xA14D, 0xA96E, 0xB98F, 0xB18F, 0xC1B0, 0xC1B0, 0xB990,
    0xD1B1, 0xD1B1, 0xC1B0, 0xD1B1, 0xD1B2, 0xB98F, 0xB98F, 0xB990, 0xB98F, 0xC1B0, 0xB990, 0xA96E,
    0xC9B1, 0xC9B1, 0xD1B1, 0xC190, 0xB990, 0xC9B1, 0xB98F, 0xB18F, 0xC190, 0xB16F, 0xA96E, 0xC190,
    0xB98F, 0xA96E, 0xB990, 0xC1B0, 0xB18F, 0xC9D1, 0xC190, 0xA96E, 0xC1B0, 0xC9B0, 0xB18F, 0xC1B0,
    0xC1B0, 0xB18F, 0xB98F, 0xB18F, 0xB18F, 0xB98F, 0xB98F, 0xA14D, 0xB18F, 0xB18F, 0xC190, 0xB18F,
    0xA96E, 0xB16E, 0xA96E, 0xB16E, 0xC9B1, 0xC190, 0xB98F, 0xB990, 0xA96E, 0xA96E, 0xB9B0, 0xC9B1,
    0xC190, 0xC9B0, 0xA96E, 0xA14D, 0xB16E, 0xB16F, 0xA96E, 0xB98F, 0xB98F, 0xB16E, 0xB98F, 0xB98F,
    0xB98F, 0xD1D2, 0xE1F3, 0xD1B1, 0xC1B0, 0xC190, 0xC9D1, 0xB990, 0xB990, 0xC190, 0xB98F, 0xB98F,
    0xC9B0, 0xB990, 0xB16E, 0xB9AF, 0xB18F, 0xB16F, 0xC9B1, 0xD1B1, 0xC190, 0xC9B1, 0xB990, 0xB16F,
    0xC1B0, 0xB990, 0xA96E, 0xB990, 0xB98F, 0xA96E, 0xB98F, 0xC1B0, 0xB18F, 0xB98F, 0xB990, 0xB16E,
    0xD1B2, 0xD9B2, 0xD9D2, 0xD1B1, 0xD1D1, 0xD9D2, 0xC190, 0xB16F, 0xB98F, 0xB16F, 0xA96E, 0xC190,
    0xC1B0, 0xA98E, 0xB98F, 0xA96E, 0xA14D, 0xA96E, 0xB16F, 0xB18F, 0xC1B0, 0xB98F, 0xA96E, 0xB18F,
    0xB9B0, 0xA96E, 0xA96E, 0xB18F, 0xA98E, 0xB990, 0xC9B1, 0xC1B0, 0xC9EE, 0xC9EE, 0xD1EF, 0xD20E,
    0xD1EE, 0xDA0F, 0xDA0F, 0xD20E, 0xDA0F, 0xDA0F, 0xC9EE, 0xC9EE, 0xC1ED, 0xC1ED, 0xD20E, 0xDA0F,
    0xDA0F, 0xD1EE, 0xDA0F, 0xDA0F, 0xDA0F, 0xE20F, 0xE230, 0xE22F, 0xE20F, 0xDA0F, 0xDA0F, 0xDA0F,
    0xDA0F, 0xDA0F, 0xDA2F, 0xEA30, 0xDAAF, 0xDAD0, 0xE2D0, 0xEAD1, 0xF2F1, 0xF311, 0xEAF1, 0xEAF1,
    0xEAF1, 0xEAF1, 0xEAF1, 0xF2F1, 0xEAF1, 0xEAF1, 0xE2D0, 0xDAB0, 0xD2AF, 0xCA8F, 0xCA8F, 0xCA8F,
    0xCA8E, 0xCA8E, 0xCAAF, 0xCA8E, 0xD2AF, 0xDAB0, 0xE2D0, 0xE2D1, 0xE2D0, 0xE2D0, 0xE2D0, 0xE2D0,
    0xF312, 0xF311, 0xF332, 0xF311, 0xEAF1, 0xF2F1, 0xEAF1, 0xEAF1, 0xEAF1, 0xEAF1, 0xF312, 0xFB32,
    0xFB32, 0xFB32, 0xFB32, 0xFB32, 0xF311, 0xEAF1, 0xDAD0, 0xD2AF, 0xDAD0, 0xE2D0, 0xEAF1, 0xEB11,
    0xF311, 0xF2F1, 0xE2D0, 0xDAD0, 0xEAF1, 0xF312, 0xF332, 0xF312, 0xE2F0, 0xE2F0, 0xEAF1, 0xEAF1,
    0xF2F1, 0xEAF1, 0xF311, 0xFB32, 0xFB32, 0xF332, 0xFB12, 0xFB32, 0xFB32, 0xF312, 0xEAF1, 0xEAF1,
    0xE2F1, 0xDAD0, 0xD2AF, 0xDAD0, 0xE2F0, 0xEAF1, 0xF311, 0xFB12, 0xF311, 0xEAF1, 0xE2D0, 0xDAD0,
    0xEAF1, 0xEAF1, 0xF311, 0xF312, 0xCAAF, 0xCAAF, 0xD2AF, 0xD2D0, 0xDAAF, 0xD2AF, 0xCA8F, 0xCA8E,
    0xC28E, 0xCA8E, 0xDAB0, 0xE2D0, 0xEAF1, 0xE2D0, 0xDAB0, 0xD2AF, 0xCA8F, 0xC28E, 0xCA8E, 0xCAAF,
    0xD2AF, 0xE2D0, 0xEAF1, 0xF2F1, 0xEAF1, 0xEAF1, 0xEAF1, 0xEAD1, 0xEAD1, 0xE2D1, 0xE2D0, 0xE2D0,
    0xDAD0, 0xE2D0, 0xE2D0, 0xDAD0, 0xD2AF, 0xD2AF, 0xD2AF, 0xD2AF, 0xD2AF, 0xD2AF, 0xD2AF, 0xD2AF,
    0xDAAF, 0xDAB0, 0xDAD0, 0xE2D0, 0xE2D0, 0xE2F0, 0xE2F0, 0xDAD0, 0xDAB0, 0xDAD0, 0xDAAF, 0xDAB0,
    0xE2D0, 0xEAF1, 0xEAF1, 0xEAD1, 0xE2D0, 0xE2D0, 0xDAAF, 0xD2AF, 0xE61A, 0xE61A, 0xE619, 0xE5F9,
    0xDDF9, 0xDDD9, 0xE5D9, 0xE5F9, 0xE5F9, 0xE5F9, 0xE619, 0xE61A, 0xE61A, 0xE61A, 0xE5F9, 0xE5F9,
    0xE61A, 0xEE3A, 0xEE3A, 0xEE3A, 0xEE3A, 0xEE1A, 0xE5F9, 0xE5D9, 0xE5FA, 0xEE1A, 0xEE1A, 0xEE1A,
    0xE5F9, 0xE5F9, 0xE5FA, 0xEE1A, 0xE22F, 0xDA0F, 0xDA0F, 0xD20E, 0xC9ED, 0xC1ED, 0xC1ED, 0xC9ED,
    0xD20E, 0xD20E, 0xDA0E, 0xD20E, 0xD20E, 0xC9ED, 0xC1ED, 0xC9ED, 0xF250, 0xE22F, 0xDA0E, 0xD20E,
    0xCA0E, 0xCA0E, 0xCA0E, 0xEA2F, 0xE22F, 0xD20E, 0xDA0E, 0xEA30, 0xEA50, 0xEA50, 0xEA50, 0xE22F,
    0xE22F, 0xE22F, 0xDA0F, 0xD20E, 0xC9ED, 0xC1ED, 0xC9ED, 0xC9ED, 0xC1ED, 0xC9ED, 0xCA0E, 0xD20E,
    0xD20E, 0xD20E, 0xDA0E, 0xE20F, 0xEA50, 0xEA30, 0xE22F, 0xDA2F, 0xDA0E, 0xD20E, 0xDA0F, 0xE22F,
    0xDA2F, 0xD20E, 0xE22F, 0xF250, 0xE22F, 0xDA0E, 0xDA2F, 0xEA2F, 0xDA2F, 0xDA0E, 0xD20E, 0xD20E,
    0xD20E, 0xDA0F, 0xDA2F, 0xD1EE, 0xCA0E, 0xD20E, 0xD20E, 0xD20E, 0xDA2F, 0xDA0F, 0xDA0E, 0xC9EE,
    0xD20E, 0xD20E, 0xD20E, 0xDA0E, 0xDA2F, 0xEA50, 0xEA30, 0xD20E, 0xD20E, 0xEA2F, 0xE22F, 0xE22F,
    0xE22F, 0xE22F, 0xD20E, 0xC9EE, 0xDA0F, 0xDA0F, 0xEA2F, 0xDA2F, 0xDA0E, 0xE22F, 0xE22F, 0xDA2F,
    0xDA0F, 0xE22F, 0xDA2F, 0xDA0E, 0xD20E, 0xDA0F, 0xDA2F, 0xE22F, 0xE22F, 0xE22F, 0xE22F, 0xDA0E,
    0xD20E, 0xD20E, 0xDA2F, 0xDA0F, 0xDA0E, 0xD20E, 0xCA0E, 0xC9ED, 0xCA0E, 0xD20E, 0xD20E, 0xD20E,
    0xC1CE, 0xC1CE, 0xD1EF, 0xC9CF, 0xC9CF, 0xDA10, 0xD9F0, 0xC9CF, 0xB9CE, 0xC1CF, 0xC9CF, 0xD1EF,
    0xD1D0, 0xD1F0, 0xD1EF, 0xD1F0, 0xB990, 0xC1B0, 0xC190, 0xC190, 0xC9B1, 0xC190, 0xB18F, 0xA96E,
    0xA16D, 0xB18F, 0xC9B1, 0xB98F, 0xC190, 0xC9B1, 0xC9B0, 0xC1B0, 0xC190, 0xC1B0, 0xC190, 0xB18F,
    0xB98F, 0xB16F, 0xA96E, 0xB98F, 0xB9B0, 0xB98F, 0xC9B1, 0xC1B0, 0xC1B0, 0xB98F, 0xB98F, 0xB16E,
    0xB990, 0xC190, 0xB18F, 0xB16F, 0xC1B0, 0xB98F, 0xB16E, 0xC9B1, 0xC1B0, 0xB16E, 0xB98F, 0xB18F,
    0xB18F, 0xB98F, 0xB990, 0xC9B1, 0xD1D0, 0xD1F0, 0xD9F0, 0xC9CF, 0xC9CF, 0xC1AF, 0xB9AE, 0xC1CF,
    0xB9AE, 0xC1CF, 0xC9CF, 0xC9CF, 0xC9CF, 0xC1CF, 0xC9CF, 0xD1F0, 0xE2F0, 0xEAF1, 0xEAF1, 0xEAF1,
    0xEAF1, 0xF312, 0xF312, 0xEAF1, 0xDAD0, 0xD2AF, 0xD2AF, 0xDAD0, 0xE2D0, 0xE2D0, 0xEAF1, 0xEAF1,
    0xDAB0, 0xE2D0, 0xE2D0, 0xE2D0, 0xDAD0, 0xEAF1, 0xEAF1, 0xE2D0, 0xD2AF, 0xD2AF, 0xE2D0, 0xF311,
    0xEAF1, 0xE2D0, 0xEAF1, 0xEAF1, 0xE475, 0xE475, 0xDC54, 0xDC54, 0xDC54, 0xDC54, 0xDC75, 0xE475,
    0xE475, 0xEC95, 0xE475, 0xDC54, 0xE475, 0xEC75, 0xE475, 0xDC54, 0xE22F, 0xDA0E, 0xC9ED, 0xD20E,
    0xDA0E, 0xDA0F, 0xDA0F, 0xDA0E, 0xEA2F, 0xDA0F, 0xD20E, 0xD20E, 0xD20E, 0xDA2F, 0xDA0E, 0xE22F,
    0xD20E, 0xD20E, 0xDA2F, 0xDA0F, 0xDA0E, 0xDA0F, 0xE22F, 0xD20E, 0xE22F, 0xE22F, 0xDA0E, 0xDA2F,
    0xDA0F, 0xD20E, 0xD20E, 0xDA0E, 0xC1AF, 0xC1AF, 0xC9D0, 0xC1AF, 0xB18E, 0xC9B0, 0xC9D0, 0xC9D0,
    0xC190, 0xB98F, 0xB98F, 0xB98F, 0xB98F, 0xB990, 0xB98F, 0xB98F, 0xDA70, 0xDA70, 0xDA70, 0xDA70,
    0xCA2F, 0xD24F, 0xD250, 0xDA70, 0xDB92, 0xDB92, 0xE392, 0xE3B3, 0xDB92, 0xE3B3, 0xEBB3, 0xE3B3,
    0xE22F, 0xD20E, 0xDA0E, 0xDA0F, 0xDA0F, 0xDA0F, 0xDA0E, 0xDA0E, 0xC1AF, 0xC1AF, 0xB9AF, 0xC1B0,
    0xDAF1, 0xDAF1, 0xDAF1, 0xE311, 0xDA0E, 0xDA0E, 0xD250, 0xCA50,
};
constexpr int kU02EyeWords = 5461;
constexpr uint16_t kU02Eye[5461] = {
    0x1865, 0x1865, 0x1865, 0x1865, 0x1865, 0x1865, 0x1865, 0x1865, 0x1865, 0x1865, 0x1865, 0x1865,
    0x1865, 0x1865, 0x1865, 0x1865, 0x1865, 0x1865, 0x1865, 0x1865, 0x1865, 0x1865, 0x1865, 0x1865,
    0x1865, 0x1865, 0x1865, 0x1865, 0x1865, 0x1865, 0x1865, 0x1865, 0x1865, 0x1865, 0x1865, 0x1865,
    0x1865, 0x1865, 0x1865, 0x1865, 0x1865, 0x1865, 0x1865, 0x1865, 0x1865, 0x1865, 0x1865, 0x1865,
    0x1865, 0x1865, 0x1865, 0x1865, 0x1865, 0x1865, 0x1865, 0x1865, 0x1865, 0x1865, 0x1865, 0x1865,
    0x1865, 0x1865, 0x1865, 0x1865, 0x1865, 0x1865, 0x1865, 0x1865, 0x1865, 0x1865, 0x1865, 0x1865,
    0x1865, 0x1865, 0x1865, 0x1865, 0x1865, 0x1865, 0x1865, 0x1865, 0x1865, 0x1865, 0x1865, 0x1865,
    0x1865, 0x1865, 0x1865, 0x1865, 0x1865, 0x1865, 0x1865, 0x1865, 0x1865, 0x1865, 0x1865, 0x1865,
    0x1865, 0x1865, 0x1865, 0x1865, 0x1865, 0x1865, 0x1865, 0x1865, 0x1865, 0x1865, 0x1865, 0x1865,
    0x1865, 0x1865, 0x1865, 0x1865, 0x1865, 0x1865, 0x1865, 0x1865, 0x1865, 0x1865, 0x1865, 0x1865,
    0x1865, 0x1865, 0x1865, 0x1865, 0x1865, 0x1865, 0x1865, 0x1865, 0x6976, 0x6955, 0x6955, 0x6955,
    0x6955, 0x6154, 0xA438, 0x6154, 0x6133, 0x6154, 0x6153, 0x6153, 0x6154, 0x6154, 0x6154, 0x6153,
    0x6133, 0x6133, 0x6153, 0x6133, 0x6133, 0x5932, 0x5932, 0x5932, 0x5932, 0x5932, 0x5932, 0x5932,
    0x5932, 0x1865, 0x1865, 0x1865, 0x1865, 0x1865, 0x1865, 0x1865, 0x6133, 0x5933, 0x6133, 0x6133,
    0x6133, 0x6133, 0x6133, 0x5932, 0x5932, 0x5932, 0x5932, 0x5932, 0x5932, 0x5931, 0x5111, 0x5111,
    0x5111, 0x5111, 0x5932, 0x5932, 0xA418, 0x6153, 0x6154, 0x6154, 0x6954, 0x6954, 0xA438, 0x6954,
    0x6955, 0x6955, 0x6955, 0x6955, 0x6954, 0x6154, 0x6133, 0x6133, 0x5933, 0x6133, 0x6133, 0x6154,
    0x6154, 0x6154, 0x6133, 0x5933, 0x5932, 0x5932, 0x6133, 0x6133, 0x5933, 0x5932, 0x5932, 0x5911,
    0x5111, 0x5111, 0x5911, 0x5111, 0x5111, 0x1865, 0x1865, 0x1865, 0x1865, 0x1865, 0x1865, 0x1865,
    0x5932, 0x5932, 0x6133, 0x6133, 0x5932, 0x5932, 0x5932, 0x5932, 0x5932, 0x5931, 0x5931, 0x5932,
    0x5911, 0x5111, 0x5111, 0x5110, 0x5110, 0x5111, 0x5932, 0x6133, 0x5932, 0x5933, 0x6133, 0x6133,
    0x6133, 0x6154, 0x6154, 0x6955, 0x6955, 0x6954, 0x6154, 0x6154, 0x6154, 0x6133, 0x5932, 0x5932,
    0x6133, 0x5933, 0x6133, 0x6133, 0x6133, 0x6133, 0x5932, 0x5932, 0x5911, 0x5932, 0x5932, 0x5932,
    0x5932, 0x5932, 0x5932, 0x5911, 0x5111, 0x5111, 0x5111, 0x5111, 0x5111, 0x1865, 0x1865, 0x1865,
    0x1865, 0x1865, 0x1865, 0x1865, 0x5932, 0x5932, 0x5933, 0x5932, 0x5932, 0x5932, 0x5911, 0x5932,
    0x5932, 0x5111, 0x5111, 0x5911, 0x5911, 0x5111, 0x5111, 0x5110, 0x5110, 0x5111, 0x5932, 0x5932,
    0x5932, 0x5932, 0x5932, 0x6133, 0x6133, 0x6133, 0x6154, 0x6154, 0x6134, 0x6154, 0x6133, 0x5933,
    0x6133, 0x5933, 0x5932, 0x5933, 0x6133, 0x5933, 0x6133, 0x6133, 0x5932, 0x5932, 0x5932, 0x5111,
    0x5111, 0x5110, 0x5111, 0x5111, 0x5932, 0x5911, 0x5111, 0x5932, 0x5932, 0x5111, 0x5911, 0x5932,
    0x5932, 0x1865, 0x1865, 0x1865, 0x1865, 0x1865, 0x1865, 0x1865, 0x5933, 0x5932, 0x5932, 0x5932,
    0x5931, 0x5911, 0x5111, 0x5111, 0x5111, 0x5111, 0x5110, 0x5110, 0x5110, 0x5111, 0x5111, 0x5911,
    0x5931, 0x5911, 0x5911, 0x5932, 0x5932, 0x5932, 0x5932, 0x5932, 0x5932, 0x6133, 0x6154, 0x6133,
    0x6133, 0x6133, 0x5932, 0x5932, 0x5932, 0x5932, 0x5932, 0x6133, 0x6133, 0x6133, 0x6133, 0x6133,
    0x5932, 0x5932, 0x5931, 0x9C16, 0x5111, 0x5110, 0x5110, 0x5110, 0x5111, 0x5111, 0x5911, 0x5932,
    0x5932, 0x5932, 0x5932, 0x5932, 0x5932, 0x1865, 0x1865, 0x1865, 0x1865, 0x1865, 0x1865, 0x1865,
    0x6133, 0x6133, 0x5932, 0x5932, 0x5932, 0x5911, 0x5111, 0x5111, 0x5110, 0x5110, 0x5110, 0x5110,
    0x5110, 0x5111, 0x5931, 0x5911, 0x5932, 0x5932, 0x5111, 0x5911, 0x5932, 0x6133, 0x5932, 0x5932,
    0x5932, 0x5933, 0x6133, 0x6133, 0x6133, 0x6133, 0x6133, 0x6133, 0x6133, 0x5933, 0x6133, 0x6133,
    0x6133, 0x6154, 0x6154, 0x6154, 0x6133, 0x5932, 0x5911, 0x5111, 0x5111, 0x5110, 0x5110, 0x5111,
    0x5911, 0x5911, 0x5911, 0x5932, 0x5932, 0x5932, 0xA417, 0x5932, 0x5932, 0x1865, 0x1865, 0x1865,
    0x1865, 0x1865, 0x1865, 0x1865, 0x6134, 0x6133, 0x6133, 0x5932, 0x5932, 0x5932, 0x5932, 0x5911,
    0x5932, 0x5911, 0x5111, 0x5110, 0x5110, 0x5911, 0x5931, 0x5932, 0x5932, 0x5932, 0x5932, 0x5932,
    0x5932, 0x6133, 0x5932, 0x5932, 0x5932, 0x5932, 0x6133, 0x6133, 0x6154, 0x6955, 0x6955, 0x6955,
    0x6955, 0x6154, 0x6133, 0x6154, 0x6955, 0x6955, 0x6955, 0x6955, 0x6154, 0x6133, 0x5932, 0x5932,
    0x5911, 0x5111, 0x5911, 0x5931, 0x5932, 0x5911, 0x5932, 0x5932, 0x5933, 0x5932, 0x5932, 0x5932,
    0x5932, 0x1865, 0x1865, 0x1865, 0x1865, 0x1865, 0x1865, 0x1865, 0x6154, 0x6955, 0x6954, 0x6154,
    0x6133, 0x6133, 0x6133, 0x5932, 0x5932, 0x5932, 0x5932, 0x5932, 0x5932, 0x5932, 0x5932, 0x6133,
    0x6154, 0x6133, 0xA417, 0x5932, 0x6133, 0x6154, 0x6133, 0x6133, 0x5932, 0x6133, 0x6133, 0x6133,
    0x6955, 0x6955, 0x6956, 0x6976, 0x6956, 0x6955, 0x6955, 0x6955, 0x6955, 0x6955, 0x6956, 0x6956,
    0x6955, 0x6954, 0x6154, 0x6133, 0x5932, 0x5931, 0x5932, 0x5932, 0x5932, 0x5932, 0x5933, 0x6133,
    0x6154, 0x6154, 0x6153, 0x6153, 0x6154, 0x1865, 0x1865, 0x1865, 0x1865, 0x1865, 0x1865, 0x1865,
    0x6955, 0x6956, 0x6956, 0x6955, 0x6954, 0x6954, 0x6154, 0x6154, 0x6154, 0x6133, 0x6133, 0x6133,
    0x6154, 0x6154, 0x6154, 0x6954, 0x6955, 0x6954, 0x6154, 0x6154, 0x6154, 0x6955, 0x6154, 0x6154,
    0x6133, 0x6153, 0x6133, 0x6154, 0x7176, 0x7177, 0x7176, 0x6976, 0x7176, 0x6976, 0x6956, 0x6976,
    0x6976, 0x7176, 0x7177, 0x7176, 0x6976, 0x6955, 0x6154, 0x6153, 0x5932, 0x5931, 0x5932, 0x6133,
    0x6133, 0x6154, 0x6154, 0x6954, 0x6955, 0x6955, 0x6955, 0x6955, 0x6955, 0x1865, 0x1865, 0x1865,
    0x1865, 0x1865, 0x1865, 0x1865, 0x6976, 0xAC39, 0x6976, 0x6956, 0x6955, 0x6955, 0x6154, 0x6954,
    0x6955, 0x6954, 0x6154, 0x6955, 0x6955, 0x6955, 0x6956, 0x6956, 0x6976, 0x6976, 0x6955, 0x6955,
    0x6955, 0x6956, 0x6955, 0x6954, 0x6154, 0x6154, 0x6154, 0x6154, 0x7177, 0x7177, 0x7176, 0x6976,
    0x7176, 0x6976, 0x7176, 0x6976, 0x6976, 0x7177, 0x7177, 0x7177, 0x7176, 0x7176, 0x6955, 0x6154,
    0x5932, 0x5932, 0x6153, 0x6954, 0x6954, 0x6955, 0x6955, 0x6976, 0x6955, 0x6976, 0x7176, 0x7176,
    0x6976, 0x1865, 0x1865, 0x1865, 0x1865, 0x1865, 0x1865, 0x1865, 0x7176, 0x6976, 0x6976, 0x6976,
    0x6955, 0x6955, 0x6955, 0x6955, 0x6955, 0x6955, 0x6955, 0x6955, 0x7176, 0x7176, 0x7176, 0x7176,
    0x6976, 0x7176, 0x6976, 0x6976, 0x6976, 0x6976, 0x6955, 0x6955, 0x6955, 0x6955, 0x6954, 0x6955,
    0x7176, 0x7177, 0x7176, 0x6976, 0x6976, 0x7176, 0x7176, 0x7176, 0x7176, 0x7176, 0x7177, 0x7177,
    0x7176, 0x6976, 0x6955, 0x6154, 0x6133, 0x5932, 0x6133, 0x6154, 0x6154, 0x6955, 0x6955, 0x6955,
    0x6976, 0x6976, 0x7176, 0x7176, 0x6976, 0x1865, 0x1865, 0x1865, 0x1865, 0x1865, 0x1865, 0x1865,
    0x7176, 0x6976, 0x7176, 0x7176, 0x6976, 0x6955, 0x6955, 0x6955, 0x6955, 0x6954, 0x6954, 0x6955,
    0x6955, 0x6976, 0x6976, 0x6976, 0x6976, 0x7176, 0x6976, 0x6976, 0x6955, 0x6955, 0x6955, 0x6955,
    0x6955, 0x6954, 0x6954, 0x6154, 0x6976, 0x6976, 0x6955, 0x6955, 0x6955, 0x6956, 0x6955, 0x6976,
    0x7176, 0x7176, 0x7177, 0x7177, 0x6976, 0x6955, 0x6154, 0x6153, 0x5932, 0x5932, 0x5932, 0x6133,
    0x6154, 0x6955, 0x6955, 0xAC39, 0x6976, 0x6976, 0x6976, 0x6955, 0x6955, 0x1865, 0x1865, 0x1865,
    0x1865, 0x1865, 0x1865, 0x1865, 0x6976, 0x6976, 0x6976, 0x6976, 0x6976, 0x6976, 0x6955, 0x6954,
    0x6954, 0x6154, 0x6154, 0x6954, 0x6955, 0x6976, 0x6976, 0x6976, 0x6955, 0x6956, 0x6976, 0x6976,
    0x6955, 0x6955, 0x6154, 0x6955, 0x6955, 0x6955, 0x6955, 0xAC38, 0x6954, 0x6955, 0x6955, 0x6954,
    0x6955, 0x6954, 0x6955, 0x6956, 0x6955, 0x7176, 0x7177, 0x7176, 0x6955, 0x6955, 0x6153, 0x5933,
    0x5932, 0x5932, 0x5932, 0x5932, 0x6133, 0x6154, 0x6955, 0x6955, 0x6955, 0x6955, 0x6955, 0x6954,
    0x6154, 0x1865, 0x1865, 0x1865, 0x1865, 0x1865, 0x1865, 0x1865, 0x6954, 0x6955, 0x6976, 0x6976,
    0x6955, 0x6955, 0x6955, 0x6154, 0x6154, 0x6133, 0x5933, 0x6133, 0x6154, 0x6955, 0x6154, 0x6954,
    0x6154, 0x6955, 0x6955, 0x6955, 0x6154, 0x6153, 0x6154, 0xA438, 0x6954, 0x6954, 0x6955, 0x6955,
    0x6154, 0x6955, 0x6954, 0x6954, 0x6954, 0x6954, 0x6954, 0x6154, 0x6955, 0x6955, 0x6956, 0x6956,
    0x6955, 0x6154, 0x6133, 0x5932, 0x5932, 0x5931, 0x5911, 0x5931, 0x6133, 0x6154, 0x6954, 0x6954,
    0x6955, 0x6955, 0x6955, 0x6954, 0x6955, 0x1865, 0x1865, 0x1865, 0x1865, 0x1865, 0x1865, 0x1865,
    0x6154, 0x6955, 0x6956, 0x6976, 0x6976, 0x6955, 0x6154, 0x6154, 0x5932, 0x5932, 0x5932, 0x5932,
    0x5933, 0x6133, 0x6133, 0x6133, 0x6133, 0x6153, 0x6133, 0x6133, 0x6133, 0x6154, 0x6154, 0x6154,
    0x6154, 0x6955, 0x6955, 0x6154, 0x6154, 0x6154, 0x6154, 0x6154, 0x6154, 0x6154, 0x6154, 0x6154,
    0x6154, 0x6955, 0x6955, 0x6955, 0x6954, 0x6133, 0x6133, 0x5932, 0x5932, 0x5931, 0x5931, 0x5931,
    0x6133, 0x6154, 0x6154, 0x6955, 0x6954, 0x6955, 0x6955, 0x6954, 0x6955, 0x1865, 0x1865, 0x1865,
    0x1865, 0x1865, 0x1865, 0x1865, 0x6133, 0x6154, 0x6955, 0x6976, 0x6956, 0x6955, 0x6954, 0x6133,
    0x5932, 0x5932, 0x5111, 0x5932, 0x5932, 0x5932, 0x5932, 0x5932, 0x5932, 0x5932, 0x5932, 0x5932,
    0x6133, 0x6133, 0x6133, 0x6154, 0x6154, 0x6154, 0x6955, 0x6954, 0x6154, 0x6153, 0x6133, 0x6133,
    0x6133, 0x6153, 0x6154, 0x6153, 0x6154, 0x6955, 0x6955, 0x6955, 0x6154, 0x6154, 0x6133, 0x5932,
    0x5932, 0x5932, 0x5932, 0x5932, 0x6133, 0x6154, 0x6154, 0x6154, 0x6154, 0x6955, 0x6955, 0x6955,
    0x6154, 0x1865, 0x1865, 0x1865, 0x1865, 0x1865, 0x1865, 0x1865, 0x6133, 0x6154, 0x6955, 0x6955,
    0x6955, 0x6954, 0x6154, 0x5933, 0x5932, 0x5932, 0x5911, 0x5932, 0x5932, 0x5932, 0x5931, 0x5932,
    0x5932, 0x5932, 0x5932, 0x5932, 0x6133, 0x6133, 0x6133, 0x6154, 0x6154, 0x6154, 0x6955, 0x6955,
    0x6133, 0x6153, 0x6153, 0x6133, 0x6133, 0x6153, 0x6154, 0x6154, 0x6154, 0x6955, 0x6955, 0x6954,
    0x6154, 0x6955, 0x6954, 0x6154, 0x6154, 0x5933, 0x5932, 0x5932, 0x6133, 0x6133, 0x6154, 0x6154,
    0x6154, 0x6954, 0x6955, 0x6955, 0x6154, 0x1865, 0x1865, 0x1865, 0x1865, 0x1865, 0x1865, 0x1865,
    0x6954, 0x6955, 0x6955, 0x6955, 0x6955, 0x6154, 0x6133, 0x5933, 0x5932, 0x5932, 0x5932, 0x5932,
    0x5932, 0x5932, 0x5932, 0x5932, 0x6133, 0x5933, 0x5932, 0x5932, 0x6133, 0x6133, 0x6133, 0x6154,
    0x6954, 0x6954, 0x6954, 0x6954, 0x6154, 0x6954, 0x6154, 0x6133, 0x6153, 0x6954, 0x6955, 0x6955,
    0x6955, 0x6955, 0x6955, 0x6955, 0x6955, 0x6955, 0x6955, 0x6954, 0x6154, 0x6133, 0x6133, 0x5933,
    0x6133, 0x6153, 0x6154, 0x6154, 0x6154, 0x6955, 0x6955, 0x6955, 0x6955, 0x1865, 0x1865, 0x1865,
    0x1865, 0x1865, 0x1865, 0x1865, 0x6955, 0x6955, 0x6955, 0x6955, 0x6955, 0x6154, 0x6133, 0x6133,
    0x6133, 0x6133, 0x6133, 0x6133, 0x6133, 0x6133, 0x6133, 0x6154, 0x6154, 0x6153, 0x6133, 0x6133,
    0x6133, 0x5933, 0x6153, 0x6954, 0x6955, 0x6154, 0x6954, 0x6955, 0x6955, 0x6955, 0x6955, 0x6955,
    0x6955, 0x6955, 0x6955, 0x6976, 0x6976, 0x6976, 0x6955, 0x6955, 0x6955, 0x6955, 0x6954, 0x6154,
    0x6154, 0x6153, 0x6153, 0x6154, 0x6154, 0x6154, 0x6154, 0x6955, 0x6955, 0x6976, 0x6976, 0x6976,
    0x6955, 0x1865, 0x1865, 0x1865, 0x1865, 0x1865, 0x1865, 0x1865, 0x6955, 0x6955, 0x6976, 0x6976,
    0x6955, 0x6955, 0x6955, 0x6154, 0x6133, 0x6154, 0x6154, 0x6154, 0xA438, 0x6154, 0x6154, 0x6154,
    0x6133, 0x6133, 0x6154, 0x6154, 0x6154, 0x6154, 0x6154, 0x6954, 0x6955, 0x6154, 0x6954, 0x6955,
    0x6976, 0x6955, 0x6976, 0x7176, 0x6976, 0x6976, 0x6955, 0x6976, 0x6976, 0x6976, 0x6976, 0x6955,
    0x6955, 0x6954, 0x6154, 0x6954, 0x6154, 0x6154, 0x6154, 0x6954, 0x6154, 0x6133, 0x6153, 0x6955,
    0xAC39, 0x7176, 0x6976, 0x6955, 0x6955, 0x1865, 0x1865, 0x1865, 0x1865, 0x1865, 0x1865, 0x1865,
    0x6955, 0x6955, 0x6976, 0x6976, 0x6976, 0x6955, 0x6955, 0x6154, 0x6154, 0x6154, 0x6954, 0x6955,
    0x6955, 0x6954, 0x6954, 0x6133, 0x5933, 0x6133, 0x6154, 0x6955, 0x6955, 0x6955, 0x6955, 0x6955,
    0x6955, 0x6154, 0x6153, 0x6154, 0x6955, 0x6976, 0x6976, 0x6976, 0x6976, 0x7176, 0x6976, 0x6976,
    0x7176, 0x6976, 0x6976, 0x6955, 0x6955, 0x6955, 0x6954, 0x6154, 0x6153, 0x6153, 0x6154, 0x6154,
    0x6154, 0x6154, 0x6154, 0x6955, 0x6955, 0x6976, 0xAC39, 0x6955, 0x6955, 0x1865, 0x1865, 0x1865,
    0x1865, 0x1865, 0x1865, 0x1865, 0x6976, 0x6955, 0x6955, 0x6976, 0x6955, 0x6956, 0x6955, 0x6154,
    0x6153, 0x6154, 0x6154, 0x6154, 0x6955, 0x6955, 0x6954, 0x6954, 0x6154, 0x6154, 0x6154, 0x6955,
    0x6154, 0x6955, 0x6954, 0x6154, 0x6153, 0x6153, 0x6133, 0x6133, 0x6955, 0x6956, 0x6955, 0x6955,
    0x6955, 0x6955, 0x6955, 0x6956, 0x6976, 0x7176, 0x6976, 0x6955, 0x6955, 0x6955, 0x6954, 0x6153,
    0x5933, 0x5932, 0x5932, 0x6133, 0x6133, 0x6154, 0x6154, 0x6154, 0x6154, 0x6954, 0x6955, 0x6955,
    0x6955, 0x1865, 0x1865, 0x1865, 0x1865, 0x1865, 0x1865, 0x1865, 0x6955, 0x6954, 0x6154, 0x6154,
    0x6954, 0x6955, 0x6954, 0x6154, 0x6133, 0x6133, 0x6133, 0x6133, 0x6154, 0x6154, 0x6154, 0x6954,
    0x6154, 0x6154, 0x6154, 0x6154, 0x6153, 0x6133, 0x6133, 0x5932, 0x5932, 0x6133, 0x5933, 0x6133,
    0x6955, 0x6955, 0x6954, 0x6154, 0x6154, 0x6154, 0x6955, 0x6955, 0x6956, 0x6956, 0x6955, 0x6955,
    0x6955, 0x6955, 0x6154, 0x6133, 0x5932, 0x5931, 0x5111, 0x5911, 0x5932, 0x6133, 0x6133, 0x6133,
    0x6133, 0x6133, 0x6154, 0x6154, 0x6153, 0x1865, 0x1865, 0x1865, 0x1865, 0x1865, 0x1865, 0x1865,
    0x6154, 0x6133, 0x6133, 0x6133, 0x6133, 0x6154, 0x6154, 0x6133, 0x6133, 0x5933, 0x5933, 0x5932,
    0x6133, 0x6153, 0x6154, 0x6154, 0x6154, 0x6154, 0x6154, 0x6133, 0x5932, 0x5931, 0x5911, 0x5911,
    0x5931, 0x5932, 0x5932, 0x5932, 0x6154, 0x6154, 0x6154, 0x6154, 0x6154, 0x6154, 0x6154, 0x6154,
    0x6955, 0x6955, 0x6955, 0x6954, 0x6154, 0x6154, 0x6133, 0x6133, 0x5932, 0x5931, 0x5111, 0x5111,
    0x5932, 0x5932, 0x5932, 0x5932, 0x5932, 0x5933, 0x6133, 0x6133, 0x5932, 0x1865, 0x1865, 0x1865,
    0x1865, 0x1865, 0x1865, 0x1865, 0x5932, 0x5932, 0x5932, 0x5932, 0x5932, 0x6133, 0x6133, 0x6133,
    0x6133, 0x5933, 0x5932, 0x5932, 0x5932, 0x6133, 0x6133, 0x5932, 0x5932, 0x6133, 0x6133, 0x5932,
    0x5932, 0x5111, 0x5111, 0x5111, 0x5111, 0x5931, 0x5111, 0x5111, 0x6133, 0x6133, 0x6133, 0x6134,
    0x6133, 0x6133, 0x6133, 0x6133, 0x6134, 0x6154, 0x6955, 0x6154, 0x6154, 0x6133, 0x5933, 0x5932,
    0x5932, 0x5931, 0x5111, 0x5111, 0x5111, 0x5911, 0x5111, 0x5911, 0x5911, 0x5932, 0x5933, 0x6133,
    0x5932, 0x1865, 0x1865, 0x1865, 0x1865, 0x1865, 0x1865, 0x1865, 0x5911, 0x5911, 0x5111, 0x5111,
    0x5932, 0x5932, 0x5932, 0x5932, 0xA417, 0x5932, 0x5932, 0x5932, 0x5911, 0x5911, 0x5911, 0x5111,
    0x5111, 0x5932, 0x5932, 0x5932, 0x5111, 0x5110, 0x5110, 0x5110, 0x5111, 0x5111, 0x5111, 0x5110,
    0x5932, 0x5933, 0x5932, 0x6133, 0xA417, 0x6133, 0x6133, 0x6133, 0x6133, 0x6133, 0x6154, 0x6154,
    0x6133, 0x5932, 0x5932, 0x5932, 0x5111, 0x5111, 0x5110, 0x5110, 0x5110, 0x5111, 0x5111, 0x5111,
    0x5110, 0x5911, 0x5932, 0x5932, 0x5932, 0x1865, 0x1865, 0x1865, 0x1865, 0x1865, 0x1865, 0x1865,
    0x5911, 0x5911, 0x5111, 0x5110, 0x5911, 0x5931, 0x5932, 0x5932, 0x5932, 0x5932, 0x5911, 0x5111,
    0x5111, 0x5911, 0x5111, 0x5110, 0x5111, 0x5931, 0x5932, 0x5932, 0x5111, 0x5110, 0x5110, 0x5110,
    0x5110, 0x5110, 0x5111, 0x5110, 0x5932, 0x5932, 0x5932, 0x5932, 0x6133, 0x6133, 0x6133, 0x6133,
    0x6133, 0x6154, 0x6154, 0x6133, 0x5932, 0x5932, 0x5932, 0x5931, 0x5111, 0x5111, 0x5111, 0x5111,
    0x5111, 0x5911, 0x5111, 0x5110, 0x5110, 0x5111, 0x5931, 0x5932, 0x5911, 0x1865, 0x1865, 0x1865,
    0x1865, 0x1865, 0x1865, 0x1865, 0x5932, 0x5931, 0x5111, 0x5111, 0x5111, 0x5932, 0x5932, 0x5932,
    0x5932, 0x5932, 0x5111, 0x5111, 0x5111, 0x5111, 0x5111, 0x5911, 0x5111, 0x5111, 0x5932, 0xA417,
    0x5111, 0x5110, 0x5111, 0x5111, 0x5111, 0x5110, 0x5110, 0x5111, 0x5932, 0x5932, 0x5932, 0x5932,
    0x5933, 0x6133, 0x6133, 0x6133, 0x6154, 0x6154, 0x6154, 0x6133, 0x5933, 0x5932, 0x5932, 0x5111,
    0x5110, 0x5111, 0x5111, 0x5111, 0x5911, 0x5932, 0x5111, 0x5110, 0x5110, 0x5911, 0x5932, 0x5932,
    0x5931, 0x1865, 0x1865, 0x1865, 0x1865, 0x1865, 0x1865, 0x1865, 0x5933, 0x5932, 0x5931, 0x5111,
    0x5111, 0x5932, 0x5932, 0x5932, 0x5932, 0x5932, 0x5911, 0x5110, 0x5111, 0x5932, 0x5932, 0x5911,
    0x5931, 0x5932, 0x5932, 0x5932, 0x5911, 0x5911, 0x5111, 0x5111, 0x5911, 0x5931, 0x5932, 0x5932,
    0x5932, 0x6133, 0x6133, 0x6133, 0x6133, 0x6133, 0x6133, 0x6133, 0x6154, 0x6154, 0x6154, 0x6133,
    0x6133, 0x5933, 0x5932, 0x5932, 0x5111, 0x5111, 0x5111, 0x5932, 0x5931, 0x5931, 0x5111, 0x5111,
    0x5111, 0x5931, 0x5932, 0x5932, 0x5933, 0x1865, 0x1865, 0x1865, 0x1865, 0x1865, 0x1865, 0x1865,
    0x5932, 0x5932, 0x5932, 0x5932, 0x5932, 0x5111, 0x5931, 0x5932, 0x5932, 0x5932, 0x5932, 0x5932,
    0x5932, 0x5932, 0x5932, 0x5932, 0x5932, 0x5932, 0x5932, 0x6133, 0x5933, 0x5932, 0x5932, 0x5932,
    0x5932, 0x5932, 0x5931, 0x5932, 0x6133, 0x6153, 0x6133, 0x6133, 0x6133, 0x6153, 0x6133, 0x6133,
    0x6153, 0x6154, 0x6154, 0x6153, 0x6153, 0x6154, 0x6133, 0x5932, 0x5932, 0x5932, 0x5932, 0x5932,
    0x5932, 0x5931, 0x5110, 0x9C16, 0x5111, 0x5932, 0x6133, 0x6153, 0x6153, 0x1865, 0x1865, 0x1865,
    0x1865, 0x1865, 0x1865, 0x1865, 0x5932, 0x5932, 0x5932, 0x5932, 0x5931, 0x5111, 0x5111, 0x5932,
    0x5932, 0x5933, 0x5932, 0x5932, 0x5932, 0x5932, 0x5932, 0x5932, 0x5932, 0x5933, 0x6133, 0x6154,
    0xA438, 0x6133, 0x5932, 0x5932, 0x5932, 0x5932, 0x5932, 0x5932, 0x6133, 0x6133, 0x6133, 0x6133,
    0x6133, 0x6154, 0x6133, 0x6154, 0x6153, 0x6154, 0x6954, 0x6154, 0x6154, 0x6154, 0x6154, 0x6133,
    0x5932, 0x5933, 0x6133, 0x5932, 0x5932, 0x5931, 0x5111, 0x5111, 0x5911, 0x5932, 0x6133, 0x6154,
    0x6154, 0x1865, 0x1865, 0x1865, 0x1865, 0x1865, 0x1865, 0x1865, 0x6133, 0x5932, 0x5932, 0x5932,
    0x5931, 0x5111, 0x5110, 0x5932, 0x6133, 0x6133, 0x6133, 0x6133, 0x6133, 0x5932, 0x5933, 0x5932,
    0x6133, 0x6133, 0x6133, 0x6154, 0x6133, 0x6154, 0x6133, 0x6133, 0x5932, 0x5932, 0x5932, 0x5932,
    0x5932, 0x5932, 0x5933, 0x6133, 0x6133, 0x6154, 0x6133, 0x6153, 0x6154, 0x6154, 0x6954, 0x6954,
    0x6954, 0x6154, 0x6154, 0x6133, 0x6133, 0x6133, 0x6133, 0x5932, 0x5932, 0x5932, 0x5932, 0x5932,
    0x5932, 0x5932, 0x5932, 0x6154, 0x6154, 0x1865, 0x1865, 0x1865, 0x1865, 0x1865, 0x1865, 0x1865,
    0x5932, 0x5932, 0x5932, 0x5932, 0x5931, 0x5932, 0x5931, 0x5932, 0x6133, 0x6133, 0x6133, 0x6154,
    0x6133, 0x6133, 0x6133, 0x6133, 0x5933, 0x6133, 0x5932, 0x6133, 0x6153, 0x6154, 0x6133, 0x6133,
    0x6133, 0x6133, 0x6133, 0x6133, 0x5110, 0x5111, 0x5932, 0x5933, 0x6133, 0x6133, 0x6133, 0x6133,
    0x6154, 0x6154, 0x6955, 0x6955, 0x6154, 0x6133, 0xA438, 0x6133, 0x6154, 0x6133, 0x5932, 0x5931,
    0x5932, 0x5932, 0x5932, 0x5932, 0x5932, 0x6133, 0x5932, 0x6133, 0x6133, 0x1865, 0x1865, 0x1865,
    0x1865, 0x1865, 0x1865, 0x1865, 0x5932, 0x5932, 0x5931, 0x5931, 0x5931, 0x5931, 0x5932, 0x5932,
    0x6133, 0x6154, 0x6154, 0x6133, 0x6133, 0x6133, 0x5933, 0x5932, 0x5932, 0x5933, 0x5932, 0x5933,
    0xA417, 0x6133, 0x6133, 0x6133, 0x5932, 0x6133, 0x6133, 0x6133, 0x5931, 0x5111, 0x5931, 0x5911,
    0x5932, 0x5932, 0x5932, 0x6133, 0x6133, 0x6154, 0x6955, 0x6955, 0x6955, 0x6154, 0x6133, 0x6154,
    0x6133, 0x6133, 0x5933, 0x5932, 0x5932, 0x5932, 0x5932, 0x5932, 0x5932, 0x5932, 0x5932, 0x5932,
    0x5933, 0x1865, 0x1865, 0x1865, 0x1865, 0x1865, 0x1865, 0x1865, 0x6133, 0x5932, 0x5932, 0x5911,
    0x5931, 0x5932, 0x5932, 0x5932, 0x6133, 0x6133, 0x6154, 0x6154, 0x6133, 0x6133, 0x6133, 0x6133,
    0x5932, 0x5932, 0x5932, 0x5932, 0x5932, 0x6133, 0x5933, 0x5932, 0x5932, 0x5932, 0x5932, 0x5932,
    0x5932, 0x5911, 0x5111, 0x5111, 0x5111, 0x5932, 0x5932, 0x6133, 0x6154, 0x6154, 0x6955, 0x6955,
    0x6955, 0x6154, 0xA438, 0x6133, 0x5932, 0x6133, 0x6133, 0x6133, 0xA417, 0x5932, 0x5932, 0x5932,
    0x5932, 0xA417, 0x5932, 0x5932, 0x5932, 0x1865, 0x1865, 0x1865, 0x1865, 0x1865, 0x1865, 0x1865,
    0x5933, 0x6133, 0x5932, 0x5931, 0x5932, 0x5932, 0x6133, 0x6133, 0x6133, 0x6133, 0x6154, 0x6954,
    0x6154, 0x6133, 0xA418, 0x5933, 0x5932, 0x5932, 0x5932, 0x5932, 0x5932, 0x5932, 0x5932, 0x5931,
    0x5111, 0x5111, 0x5932, 0x5932, 0x5911, 0x5932, 0x5111, 0x5110, 0x5111, 0x5931, 0x6133, 0x6133,
    0x6154, 0x6154, 0xAC39, 0x6955, 0x6955, 0x6955, 0x6154, 0x6134, 0x5932, 0x6133, 0x6154, 0x6154,
    0x6133, 0x5932, 0x5932, 0x5932, 0x5932, 0x5932, 0x5932, 0x5932, 0x5933, 0x1865, 0x1865, 0x1865,
    0x1865, 0x1865, 0x1865, 0x1865, 0x6133, 0x6133, 0x5933, 0x5932, 0x5932, 0x6133, 0x6133, 0x6133,
    0x6133, 0x6154, 0x6154, 0x6154, 0x6154, 0x6133, 0x6133, 0x6133, 0x5933, 0x5932, 0x6133, 0x6133,
    0x5932, 0x5932, 0x5932, 0x5911, 0x9C16, 0x5111, 0x5932, 0x5932, 0x5911, 0x5932, 0x5911, 0x5110,
    0x5111, 0x5931, 0x5932, 0x6133, 0x6154, 0x6154, 0x6955, 0x6955, 0x6955, 0x6955, 0x6955, 0x6154,
    0x6133, 0x6133, 0x6154, 0x6154, 0x6154, 0x6154, 0x5933, 0x5932, 0x5932, 0x5932, 0x6133, 0x6133,
    0x6133, 0x1865, 0x1865, 0x1865, 0x1865, 0x1865, 0x1865, 0x1865, 0x6154, 0x6133, 0x6133, 0x5933,
    0x5933, 0x6154, 0x6154, 0x6955, 0x6955, 0x6955, 0x6954, 0x6154, 0x6954, 0x6154, 0x6154, 0x6154,
    0x6154, 0x6154, 0x6154, 0x6133, 0x6133, 0x6133, 0x5932, 0x5932, 0x5932, 0xA417, 0x5932, 0x5932,
    0x5932, 0x5932, 0x5932, 0x5932, 0x5932, 0x5932, 0x5932, 0x6154, 0x6955, 0x6955, 0x6955, 0x6955,
    0x6955, 0x6955, 0x6956, 0x6954, 0x6154, 0x6154, 0x6154, 0x6154, 0x6154, 0x6955, 0x6154, 0x6133,
    0x5932, 0x6133, 0x6154, 0x6154, 0x6154, 0x1865, 0x1865, 0x1865, 0x1865, 0x1865, 0x1865, 0x1865,
    0x6154, 0x6154, 0x6133, 0x6133, 0x6154, 0x6955, 0x6955, 0x6976, 0x6976, 0x6956, 0x6955, 0x6955,
    0x6955, 0x6955, 0x6976, 0x6956, 0x6956, 0x6955, 0x6954, 0x6154, 0x6154, 0x6154, 0x6154, 0x6133,
    0x6133, 0x5933, 0x5932, 0x5932, 0x6153, 0x6153, 0x6133, 0x5932, 0x6133, 0x6133, 0x6154, 0xAC38,
    0x6976, 0x6976, 0x6976, 0x6956, 0x6976, 0x6976, 0x6976, 0x6976, 0x6955, 0x6956, 0x6976, 0x6976,
    0x6955, 0x6976, 0x6955, 0x6955, 0x6154, 0x6154, 0x6954, 0x6955, 0x6955, 0x1865, 0x1865, 0x1865,
    0x1865, 0x1865, 0x1865, 0x1865, 0x6954, 0x6954, 0x6154, 0x6154, 0x6955, 0x6955, 0x6955, 0x6976,
    0x7176, 0x6976, 0x6955, 0x6955, 0x6976, 0x7176, 0x7176, 0x6976, 0x6976, 0x6956, 0x6955, 0x6954,
    0x6954, 0x6154, 0x6955, 0x6954, 0x6154, 0x6154, 0x6133, 0x6133, 0x6955, 0x6154, 0x6154, 0x6154,
    0x6954, 0x6954, 0x6154, 0x6955, 0x7177, 0x7177, 0x7177, 0x6976, 0x7176, 0x7177, 0x7176, 0x7177,
    0x7176, 0x6976, 0x7177, 0x7177, 0x6976, 0x7177, 0x6976, 0x6955, 0x6955, 0x6955, 0x6955, 0x6956,
    0x6976, 0x1865, 0x1865, 0x1865, 0x1865, 0x1865, 0x1865, 0x1865, 0x6154, 0x6954, 0x6955, 0x6955,
    0x6955, 0x6956, 0x6976, 0x7176, 0x7176, 0x6976, 0x7176, 0x7176, 0x7177, 0x7177, 0x7176, 0x6976,
    0x6955, 0x6955, 0x6955, 0x6955, 0x6955, 0x6154, 0x6954, 0x6955, 0x6955, 0x6955, 0x6955, 0x6954,
    0x6975, 0x6975, 0x6976, 0x6955, 0x6955, 0x6955, 0x6955, 0x7176, 0x7177, 0x7177, 0x7177, 0x7177,
    0x7177, 0x7177, 0x7177, 0x7177, 0x7177, 0x7177, 0x7177, 0x7177, 0x7177, 0x7177, 0x7177, 0x7177,
    0x7176, 0x6976, 0x7176, 0x6976, 0x6976, 0x1865, 0x1865, 0x1865, 0x1865, 0x1865, 0x1865, 0x1865,
    0x6955, 0x6154, 0x6955, 0x6955, 0x6955, 0x6976, 0x6976, 0x6976, 0x6955, 0x6976, 0x7176, 0x7176,
    0x7177, 0x7177, 0x7176, 0x6976, 0x6955, 0x6955, 0x6955, 0x6955, 0x6955, 0x6154, 0x6955, 0x6955,
    0x6975, 0x6955, 0x6955, 0x6955, 0x6976, 0x7176, 0x7176, 0x6955, 0x6976, 0x6976, 0x7176, 0x7177,
    0x7177, 0x7177, 0x7177, 0x7177, 0x7177, 0x7178, 0x7177, 0x7177, 0x7177, 0x7177, 0x7177, 0x7177,
    0x7177, 0x7176, 0x6976, 0x6955, 0x6955, 0x6976, 0x6976, 0x6976, 0x6955, 0x1865, 0x1865, 0x1865,
    0x1865, 0x1865, 0x1865, 0x1865, 0x6955, 0x6954, 0x6954, 0x6955, 0x6955, 0x6955, 0x7176, 0x6976,
    0x6976, 0x7176, 0x7177, 0x7177, 0x7177, 0x7176, 0x6976, 0x6955, 0x6954, 0x6955, 0x6955, 0x6955,
    0x6955, 0x6954, 0x6955, 0x6976, 0x7176, 0x6976, 0x6976, 0x6955, 0x7176, 0x7176, 0x6976, 0x6955,
    0x6955, 0x7176, 0x7177, 0x6976, 0x6976, 0x6976, 0x7177, 0x7978, 0x7998, 0x7978, 0x7178, 0x7177,
    0x7177, 0x7177, 0x7176, 0x7176, 0x6976, 0x6976, 0x6955, 0x6955, 0x6955, 0x6955, 0x6976, 0x6955,
    0x6955, 0x1865, 0x1865, 0x1865, 0x1865, 0x1865, 0x1865, 0x1865, 0x6954, 0x6154, 0x6133, 0x6153,
    0x6154, 0x6955, 0x6976, 0x6955, 0x6955, 0x7176, 0x7177, 0x7176, 0x6976, 0x6955, 0x6955, 0x6154,
    0x6154, 0x6954, 0x6955, 0x6955, 0x6154, 0x6154, 0x6955, 0x6955, 0x6976, 0x6955, 0x6955, 0x6955,
    0x7176, 0x7176, 0x7176, 0x6955, 0x6955, 0x7176, 0x7177, 0x7176, 0x6976, 0x6955, 0x7176, 0x7177,
    0x7177, 0x7177, 0x7177, 0x7176, 0x6976, 0x6956, 0x6955, 0x6955, 0x6955, 0x6955, 0x6955, 0x6955,
    0x6954, 0x6955, 0x6955, 0x6955, 0x6954, 0x1865, 0x1865, 0x1865, 0x1865, 0x1865, 0x1865, 0x1865,
    0x6133, 0x6133, 0x5932, 0x5932, 0x6154, 0x6954, 0x6955, 0x6954, 0x6954, 0x6955, 0x6976, 0x6955,
    0x6955, 0x6154, 0x6154, 0x6133, 0x6133, 0x6133, 0x6154, 0x6154, 0x6153, 0x6153, 0x6954, 0x6955,
    0x6955, 0x6955, 0x6955, 0x6954, 0x6956, 0x6956, 0x6956, 0x6955, 0x6955, 0x6956, 0x7176, 0x6976,
    0x6955, 0x6955, 0x6956, 0x6956, 0x6956, 0x6955, 0x6956, 0x6955, 0x6955, 0x6955, 0x6955, 0x6955,
    0x6955, 0x6955, 0x6955, 0x6955, 0x6954, 0x6154, 0x6154, 0x6154, 0x6154, 0x1865, 0x1865, 0x1865,
    0x1865, 0x1865, 0x1865, 0x1865, 0x5932, 0x5932, 0x5932, 0x5933, 0x6153, 0x6154, 0x6154, 0x6154,
    0x6133, 0x6154, 0x6955, 0x6955, 0x6154, 0x6154, 0x6133, 0x6133, 0x5932, 0x5932, 0x5933, 0x6133,
    0x5933, 0x6133, 0x6133, 0x6154, 0x6154, 0x6154, 0x6154, 0x6955, 0x6955, 0x6954, 0x6955, 0x6955,
    0x6954, 0x6955, 0x6955, 0x6955, 0x6955, 0x6955, 0x6955, 0x6955, 0x6955, 0x6154, 0x6154, 0x6154,
    0x6154, 0x6154, 0x6154, 0x6954, 0x6955, 0x6955, 0x6955, 0x6154, 0x6154, 0x6154, 0x6133, 0x6133,
    0x6154, 0x1865, 0x1865, 0x1865, 0x1865, 0x1865, 0x1865, 0x1865, 0x5111, 0x5111, 0x5932, 0x5933,
    0x6133, 0x6133, 0x6154, 0x6133, 0x5932, 0x6133, 0x6133, 0x6154, 0x6133, 0x6154, 0x6133, 0x5932,
    0x5932, 0x5932, 0x5932, 0x5933, 0x5932, 0x6133, 0x6133, 0x6133, 0x6133, 0x6154, 0x6154, 0x6154,
    0x6154, 0x6154, 0x6154, 0x6154, 0x6154, 0x6154, 0x6154, 0x6955, 0x6154, 0x6954, 0x6954, 0x6954,
    0x6955, 0xA438, 0x6154, 0x6954, 0x6154, 0x6154, 0x6954, 0x6954, 0x6954, 0x6955, 0x6954, 0x6954,
    0x6154, 0x6154, 0x6133, 0x6133, 0x6133, 0x1865, 0x1865, 0x1865, 0x1865, 0x1865, 0x1865, 0x1865,
    0x5931, 0x5931, 0x5931, 0x5931, 0x5932, 0x5933, 0x6133, 0x5932, 0x5932, 0x6133, 0x6133, 0x6133,
    0x6133, 0x6133, 0x6133, 0x5932, 0xA417, 0x5932, 0x5932, 0x5932, 0x5932, 0x5932, 0x5933, 0x6133,
    0x6133, 0x6154, 0x6154, 0x6154, 0x6154, 0x6154, 0x6154, 0x6154, 0x6154, 0x6154, 0x6955, 0x6154,
    0x6154, 0x6154, 0x6154, 0x6955, 0x6955, 0x6954, 0x6154, 0x6955, 0x6955, 0x6955, 0x6955, 0x6955,
    0x6955, 0x6955, 0x6154, 0x6954, 0x6154, 0x6133, 0x6133, 0x6133, 0x5933, 0x1865, 0x1865, 0x1865,
    0x1865, 0x1865, 0x1865, 0x1865, 0x5932, 0x5931, 0x5932, 0x5111, 0x5931, 0x5932, 0x5932, 0x6133,
    0x6133, 0x6133, 0x6154, 0x6154, 0x6133, 0x5933, 0x6133, 0x5932, 0x5932, 0x5932, 0x6133, 0x6133,
    0x6133, 0x6133, 0x6133, 0x6133, 0x6133, 0x6154, 0x6955, 0x6154, 0x6154, 0x6154, 0x6154, 0x6154,
    0x6154, 0x6154, 0x6954, 0x6154, 0x6153, 0x6154, 0x6955, 0x6955, 0x6954, 0x6954, 0x6955, 0x6955,
    0x6955, 0x6955, 0x6955, 0x6956, 0x6955, 0x6154, 0x6955, 0x6955, 0x6955, 0x6955, 0x6154, 0x6133,
    0x6133, 0x1865, 0x1865, 0x1865, 0x1865, 0x1865, 0x1865, 0x1865, 0x5932, 0x5931, 0x5931, 0x5111,
    0x5932, 0x5932, 0x6133, 0x6133, 0x6133, 0x6133, 0x6154, 0x6154, 0x6133, 0x6133, 0x5933, 0x6133,
    0xA438, 0x6133, 0x6154, 0x6153, 0x6154, 0x6154, 0x6154, 0x6954, 0x6954, 0x6954, 0x6955, 0x6955,
    0x6154, 0x6154, 0xA438, 0x6154, 0x6154, 0x6154, 0x6133, 0x6133, 0x6153, 0x6154, 0x6955, 0x6976,
    0x6955, 0x6955, 0x6955, 0x6955, 0x6955, 0x6955, 0x6956, 0x6955, 0x6954, 0x6955, 0x6154, 0x6955,
    0x6955, 0x6955, 0x6954, 0x6154, 0x6154, 0x1865, 0x1865, 0x1865, 0x1865, 0x1865, 0x1865, 0x1865,
    0x5932, 0x5931, 0x5932, 0x5932, 0x6133, 0x6133, 0x6133, 0x6133, 0x6133, 0x6133, 0x6133, 0x6133,
    0x6133, 0x6154, 0x6154, 0x6154, 0x6954, 0x6954, 0x6955, 0x6954, 0x6955, 0x6954, 0x6955, 0x6955,
    0x6955, 0x6956, 0x6955, 0x6955, 0x6153, 0x6153, 0x6153, 0x6153, 0x6154, 0x6133, 0x5932, 0x5933,
    0x6133, 0x6154, 0x6955, 0x6976, 0x6955, 0x6955, 0x6955, 0x6955, 0x6956, 0x6956, 0x6955, 0x6954,
    0x6154, 0x6154, 0x6154, 0x6955, 0x6955, 0x6955, 0x6954, 0x6954, 0x6154, 0x1865, 0x1865, 0x1865,
    0x1865, 0x1865, 0x1865, 0x1865, 0x5931, 0x5932, 0x5932, 0x5932, 0x6133, 0x6133, 0x6133, 0x6133,
    0x6133, 0x5932, 0x5932, 0x6133, 0x6153, 0x6154, 0x6954, 0x6955, 0x6955, 0x6955, 0x6955, 0x6955,
    0x6976, 0x6976, 0x7176, 0x7176, 0x7176, 0x6976, 0x6955, 0x6955, 0x5932, 0x5933, 0x6133, 0x5933,
    0x6133, 0x5932, 0x5932, 0x5932, 0x6133, 0x6154, 0x6954, 0x6955, 0x6955, 0x6955, 0x6954, 0xAC38,
    0xAC39, 0x6955, 0x6154, 0x6154, 0x6154, 0x6154, 0x6154, 0x6954, 0x6154, 0x6955, 0x6955, 0x6955,
    0x6954, 0x1865, 0x1865, 0x1865, 0x1865, 0x1865, 0x1865, 0x1865, 0x5932, 0x5932, 0x5932, 0x5932,
    0x5932, 0x5933, 0x5932, 0x5932, 0x5932, 0x5932, 0x5932, 0x6133, 0x6133, 0x6154, 0x6154, 0x6154,
    0x6154, 0x6955, 0x6955, 0x6955, 0x6955, 0x6955, 0x6955, 0x6955, 0x6956, 0x6955, 0x6955, 0x6955,
    0x5932, 0x5932, 0x5932, 0x5932, 0x5932, 0x5931, 0x5931, 0x5932, 0x6153, 0x6154, 0x6154, 0x6954,
    0x6154, 0x6154, 0x6154, 0x6154, 0x6154, 0x6154, 0x6154, 0x6153, 0x6153, 0x6133, 0x6133, 0x6153,
    0x6154, 0x6154, 0x6955, 0x6154, 0x6154, 0x1865, 0x1865, 0x1865, 0x1865, 0x1865, 0x1865, 0x1865,
    0x5932, 0x5932, 0x5932, 0x5932, 0x5932, 0x5932, 0x5932, 0x5932, 0x5932, 0x5932, 0x5932, 0x6133,
    0x6133, 0x6133, 0x6133, 0x6133, 0x6133, 0x6154, 0x6154, 0x6154, 0x6154, 0x6154, 0x6154, 0x6154,
    0x6154, 0x6154, 0x6153, 0x6154, 0x5911, 0x5931, 0x5931, 0x5932, 0x5932, 0x5911, 0x5110, 0x5932,
    0x6133, 0xA438, 0x6154, 0x6133, 0x6133, 0xA418, 0x6133, 0x6133, 0x6133, 0x6133, 0x6133, 0x6133,
    0x5933, 0x6133, 0x6133, 0x6133, 0x6133, 0x6133, 0x6154, 0x6154, 0x6154, 0x1865, 0x1865, 0x1865,
    0x1865, 0x1865, 0x1865, 0x1865, 0x5932, 0x5932, 0x5932, 0x5932, 0x5932, 0x5932, 0x5931, 0x5111,
    0x5111, 0x5932, 0x5932, 0x6133, 0x5932, 0x5932, 0x5932, 0x5932, 0x5932, 0x6133, 0x6133, 0x6133,
    0x6133, 0x6133, 0x6133, 0x6133, 0x6133, 0x6133, 0x6133, 0x6133, 0x5110, 0x5110, 0x5110, 0x5110,
    0x5111, 0x5110, 0x5110, 0x5111, 0x6133, 0x6133, 0x5933, 0x5933, 0x5932, 0xA417, 0x5932, 0x5932,
    0x6133, 0x5933, 0x5933, 0x5932, 0x5932, 0x6133, 0x6133, 0x5932, 0x5932, 0x5933, 0x6133, 0x6133,
    0x6133, 0x1865, 0x1865, 0x1865, 0x1865, 0x1865, 0x1865, 0x1865, 0x5932, 0x5932, 0x5932, 0x5911,
    0x5111, 0x5111, 0x5111, 0x5111, 0x5111, 0x5110, 0x5911, 0x5932, 0x5932, 0x5911, 0x5911, 0x5911,
    0x5932, 0x5932, 0x5932, 0x5932, 0x5932, 0x5932, 0x6133, 0x6133, 0x6133, 0x6133, 0x6133, 0x6133,
    0x490F, 0x5110, 0x490F, 0x490F, 0x490F, 0x490F, 0x5110, 0x5111, 0x5932, 0x5932, 0x5932, 0x5932,
    0x5932, 0x5111, 0x5911, 0x5911, 0x5932, 0x5932, 0x5932, 0x5932, 0x6133, 0x6133, 0x5933, 0x5932,
    0x5932, 0x5932, 0x5933, 0x5933, 0x6133, 0x1865, 0x1865, 0x1865, 0x1865, 0x1865, 0x1865, 0x1865,
    0x5932, 0x5932, 0x5932, 0x5111, 0x5911, 0x5931, 0x5111, 0x5110, 0x5110, 0x5110, 0x5111, 0x5932,
    0x5911, 0x5911, 0x5111, 0x5111, 0x5111, 0x5932, 0x5932, 0x5932, 0x5932, 0x5932, 0x5932, 0x6133,
    0x6133, 0x6133, 0x6133, 0x6133, 0x5110, 0x5110, 0x5110, 0x5110, 0x5110, 0x5110, 0x5110, 0x5911,
    0x5932, 0x5933, 0x5932, 0x5932, 0x5932, 0x5911, 0x5931, 0x5932, 0x5932, 0x5932, 0x5932, 0x5932,
    0x5933, 0x6133, 0x5932, 0x5933, 0x5932, 0x5932, 0x5932, 0x5932, 0x6133, 0x1865, 0x1865, 0x1865,
    0x1865, 0x1865, 0x1865, 0x1865, 0x5932, 0x5932, 0x5932, 0x5932, 0x5932, 0x5932, 0x5111, 0x5111,
    0x5110, 0x5110, 0x5111, 0x5111, 0x5111, 0x5111, 0x5111, 0x5111, 0x5911, 0x5931, 0x5911, 0x5931,
    0x5911, 0x5932, 0x5932, 0x5932, 0x5933, 0x5932, 0x5932, 0x5932, 0x5110, 0x5110, 0x5110, 0x5111,
    0x5111, 0x5110, 0x5110, 0x5111, 0x5932, 0x6133, 0x5933, 0x5932, 0x5932, 0x5932, 0x5932, 0x5932,
    0x6133, 0x5932, 0x5932, 0x6133, 0x6133, 0x6133, 0x6133, 0x6133, 0x6133, 0x5932, 0x5932, 0x5932,
    0x5932, 0x1865, 0x1865, 0x1865, 0x1865, 0x1865, 0x1865, 0x1865, 0x5932, 0x5932, 0x6133, 0x6133,
    0x6133, 0x5932, 0x5932, 0xA417, 0x5111, 0x5111, 0x5111, 0x5111, 0x5111, 0x5110, 0x5111, 0x5111,
    0xA417, 0x5932, 0x5932, 0x5932, 0x5932, 0x5932, 0x5932, 0x5932, 0x5932, 0x5932, 0x5932, 0x5932,
    0x5111, 0x5111, 0x5932, 0x5932, 0x5932, 0x5931, 0x5931, 0x5932, 0x6133, 0xA418, 0x6133, 0x6133,
    0x6133, 0x6133, 0x6133, 0x6133, 0x6133, 0x6133, 0x6133, 0x6133, 0x6133, 0x6133, 0x6134, 0x6154,
    0x6154, 0x6133, 0x5932, 0x5932, 0x6133, 0x1865, 0x1865, 0x1865, 0x1865, 0x1865, 0x1865, 0x1865,
    0x6133, 0x6133, 0x6154, 0x6154, 0x6154, 0x6133, 0x5933, 0x5932, 0x5932, 0x5931, 0x5111, 0x5911,
    0x5932, 0x5111, 0x5911, 0x5932, 0x5932, 0x5932, 0x5932, 0x5932, 0x5932, 0x5932, 0x5932, 0x5932,
    0x5932, 0x5932, 0x6133, 0x5932, 0x5932, 0x5932, 0x5932, 0x5932, 0x5932, 0x5933, 0x5933, 0x6133,
    0x6154, 0x6154, 0x6154, 0x6133, 0x6154, 0x6154, 0x6154, 0x6154, 0x6154, 0x6955, 0x6955, 0x6954,
    0x6154, 0x6154, 0x6154, 0x6154, 0x6154, 0x6153, 0x6133, 0x6133, 0x6154, 0x1865, 0x1865, 0x1865,
    0x1865, 0x1865, 0x1865, 0x1865, 0x6154, 0x6954, 0x6955, 0x6955, 0x6154, 0x6133, 0x6154, 0x6133,
    0x5933, 0x5932, 0x5932, 0x5932, 0x5932, 0x5931, 0x5932, 0x5932, 0x6133, 0x6133, 0x6133, 0x5933,
    0x5932, 0x6133, 0x6133, 0x6133, 0x6133, 0x6133, 0x6133, 0x6133, 0x1865, 0x1865, 0x1865, 0x1865,
    0x1865, 0x1865, 0x1865, 0x1865, 0x1865, 0x1865, 0x1865, 0x1865, 0x1865, 0x1865, 0x1865, 0x1865,
    0x1865, 0x1865, 0x1865, 0x1865, 0x1865, 0x1865, 0x1865, 0x1865, 0x1865, 0x1865, 0x1865, 0x1865,
    0x1865, 0x1865, 0x1865, 0x1865, 0x1865, 0x1865, 0x1865, 0x1865, 0x1865, 0x1865, 0x1865, 0x1865,
    0x1865, 0x1865, 0x1865, 0x1865, 0x1865, 0x1865, 0x1865, 0x1865, 0x1865, 0x1865, 0x1865, 0x1865,
    0x1865, 0x1865, 0x1865, 0x1865, 0x1865, 0x1865, 0x1865, 0x1865, 0x1865, 0x1865, 0x1865, 0x1865,
    0x1865, 0x1865, 0x1865, 0x1865, 0x1865, 0x1865, 0x1865, 0x1865, 0x1865, 0x1865, 0x1865, 0x1865,
    0x1865, 0x1865, 0x1865, 0x1865, 0x1865, 0x1865, 0x1865, 0x1865, 0x1865, 0x1865, 0x1865, 0x1865,
    0x1865, 0x1865, 0x1865, 0x1865, 0x1865, 0x1865, 0x1865, 0x1865, 0x1865, 0x1865, 0x1865, 0x1865,
    0x1865, 0x1865, 0x1865, 0x1865, 0x1865, 0x1865, 0x1865, 0x1865, 0x1865, 0x1865, 0x1865, 0x1865,
    0x1865, 0x1865, 0x1865, 0x1865, 0x1865, 0x1865, 0x1865, 0x1865, 0x1865, 0x1865, 0x1865, 0x1865,
    0x1865, 0x1865, 0x1865, 0x1865, 0x1865, 0x1865, 0x1865, 0x1865, 0x1865, 0x1865, 0x1865, 0x1865,
    0x1865, 0x1865, 0x1865, 0x1865, 0x1865, 0x1865, 0x1865, 0x1865, 0x1865, 0x1865, 0x1865, 0x1865,
    0x1865, 0x1865, 0x1865, 0x1865, 0x1865, 0x1865, 0x1865, 0x1865, 0x1865, 0x1865, 0x1865, 0x1865,
    0x6976, 0x6955, 0x6954, 0x71F5, 0x6133, 0x6153, 0x6154, 0x6153, 0x6133, 0x6153, 0x6133, 0x5932,
    0x5931, 0x5931, 0x38CB, 0x1865, 0x1865, 0x1865, 0x5933, 0x6133, 0x6133, 0x5932, 0x5932, 0x5932,
    0x5931, 0x5111, 0x5111, 0x5932, 0x71F4, 0x6154, 0x6154, 0x7A15, 0x6154, 0x6154, 0x6133, 0x5932,
    0x6133, 0x6133, 0x5933, 0x5932, 0x5111, 0x5932, 0x5932, 0x5931, 0x5931, 0x5931, 0x38CB, 0x1865,
    0x1865, 0x1865, 0x5932, 0x5932, 0x5932, 0x5931, 0x5131, 0x5111, 0x5111, 0x5111, 0x5131, 0x5932,
    0x5932, 0x5932, 0x6133, 0x6154, 0x6133, 0x6133, 0x5933, 0x6133, 0x6154, 0x6154, 0x5932, 0x69D3,
    0x5111, 0x5110, 0x5911, 0x5932, 0x5932, 0x69F3, 0x38CC, 0x1865, 0x1865, 0x1865, 0x6133, 0x5932,
    0x5932, 0x5911, 0x5111, 0x5110, 0x5111, 0x5932, 0x5932, 0x5932, 0x5932, 0x5932, 0x5933, 0x6133,
    0x6955, 0x6955, 0x6955, 0x6955, 0x6955, 0x6955, 0x6154, 0x6133, 0x5931, 0x5932, 0x5932, 0x5933,
    0x6133, 0x6133, 0x38EC, 0x1865, 0x1865, 0x1865, 0x6955, 0x6955, 0x6154, 0x6133, 0x6133, 0x5932,
    0x6133, 0x6154, 0x6154, 0x71F4, 0x6154, 0x6154, 0x6133, 0x6133, 0x7177, 0x7176, 0x7176, 0x6976,
    0x7176, 0x7177, 0x6976, 0x6154, 0x5932, 0x6153, 0x6154, 0x6955, 0x6975, 0x6976, 0x40ED, 0x1865,
    0x1865, 0x1865, 0x7A37, 0x6976, 0x6955, 0x6955, 0x6955, 0x6955, 0x6976, 0x6976, 0x6976, 0x6976,
    0x6976, 0x6955, 0x6955, 0x6954, 0x7176, 0x6976, 0x6976, 0x6976, 0x7176, 0x7177, 0x6976, 0x6154,
    0x5932, 0x6133, 0x6954, 0x7A16, 0x6976, 0x7176, 0x40ED, 0x1865, 0x1865, 0x1865, 0x6976, 0x6976,
    0x6976, 0x6955, 0x6954, 0x6954, 0x6975, 0x6976, 0x6976, 0x6976, 0x6955, 0x6955, 0x6955, 0x7A16,
    0x6955, 0x6955, 0x6955, 0x6955, 0x6976, 0x6976, 0x6955, 0x6133, 0x5932, 0x5932, 0x6153, 0x6955,
    0x6955, 0x6955, 0x40ED, 0x1865, 0x1865, 0x1865, 0x6955, 0x6976, 0x6955, 0x6154, 0x6133, 0x5932,
    0x6154, 0x6154, 0x6154, 0x6154, 0x6154, 0x7215, 0x6954, 0x6955, 0x6154, 0x6154, 0x6154, 0x6154,
    0x6954, 0x6955, 0x6154, 0x6133, 0x5932, 0x5932, 0x6133, 0x6154, 0x6955, 0x6955, 0x40ED, 0x1865,
    0x1865, 0x1865, 0x6154, 0x6975, 0x6955, 0x6153, 0x5932, 0x5931, 0x5932, 0x5932, 0x5932, 0x5932,
    0x6133, 0x6153, 0x6154, 0x6955, 0x6154, 0x6153, 0x6154, 0x6954, 0x6955, 0x6955, 0x6955, 0x6954,
    0x6153, 0x5932, 0x6153, 0x6154, 0x6954, 0x6955, 0x40ED, 0x1865, 0x1865, 0x1865, 0x6955, 0x6955,
    0x6954, 0x6133, 0x5932, 0x5932, 0x5933, 0x6133, 0x6153, 0x6133, 0x6133, 0x6154, 0x6954, 0x6955,
    0x6975, 0x6975, 0x6976, 0x6976, 0x6976, 0x6955, 0x6955, 0x6954, 0x6154, 0x6154, 0x6154, 0x6154,
    0x7A16, 0x6976, 0x40ED, 0x1865, 0x1865, 0x1865, 0x6955, 0x6976, 0x6975, 0x6954, 0x6154, 0x6954,
    0x7A15, 0x6154, 0x6133, 0x6154, 0x6954, 0x6955, 0x6955, 0x6154, 0x6976, 0x6975, 0x6976, 0x6976,
    0x6976, 0x6975, 0x6955, 0x6154, 0x6133, 0x6153, 0x6154, 0x6154, 0x6955, 0x7A16, 0x40ED, 0x1865,
    0x1865, 0x1865, 0x6955, 0x6955, 0x6955, 0x6954, 0x6153, 0x6154, 0x6954, 0x6954, 0x6154, 0x6954,
    0x6154, 0x6153, 0x6153, 0x6133, 0x6955, 0x6154, 0x6154, 0x6955, 0x6955, 0x6955, 0x6954, 0x6153,
    0x5932, 0x5111, 0x5932, 0x5932, 0x6133, 0x6154, 0x38CC, 0x1865, 0x1865, 0x1865, 0x6133, 0x5932,
    0x6133, 0x6133, 0x6133, 0x5932, 0x6133, 0x6153, 0x6133, 0x6133, 0x5932, 0x5111, 0x5931, 0x5932,
    0x6133, 0x6133, 0x71F4, 0x6133, 0x6154, 0x6154, 0x6133, 0x5932, 0x5931, 0x5111, 0x5111, 0x5111,
    0x5931, 0x5933, 0x38CB, 0x1865, 0x1865, 0x1865, 0x5911, 0x5111, 0x5932, 0x5932, 0x69F3, 0x5932,
    0x5911, 0x5111, 0x5931, 0x5932, 0x5110, 0x5110, 0x5111, 0x5111, 0x5932, 0x5932, 0x6133, 0x6133,
    0x6154, 0x6154, 0x5932, 0x5931, 0x5111, 0x5111, 0x5931, 0x5111, 0x5111, 0x5932, 0x38CB, 0x1865,
    0x1865, 0x1865, 0x5932, 0x5131, 0x5931, 0x5932, 0x5932, 0x5111, 0x5931, 0x5931, 0x5931, 0x69F3,
    0x5111, 0x5111, 0x5131, 0x5911, 0x6133, 0x6133, 0x6153, 0x6133, 0x6154, 0x6154, 0x6153, 0x5932,
    0x5931, 0x5932, 0x5931, 0x69D2, 0x5931, 0x5933, 0x38EC, 0x1865, 0x1865, 0x1865, 0x5932, 0x5932,
    0x5931, 0x5931, 0x5932, 0x5932, 0x5932, 0x5932, 0x5932, 0x6133, 0x71F4, 0x5932, 0x5932, 0x5932,
    0x5933, 0x6133, 0x6153, 0x6153, 0x6154, 0x6954, 0x6154, 0x6153, 0x6133, 0x5933, 0x5932, 0x5931,
    0x5932, 0x6133, 0x40ED, 0x1865, 0x1865, 0x1865, 0x5932, 0x5932, 0x5931, 0x5932, 0x6133, 0x6153,
    0x6133, 0x6133, 0x6133, 0x6153, 0x6154, 0x6133, 0x6133, 0x6133, 0x5131, 0x5932, 0x6133, 0x6133,
    0x6154, 0x6955, 0x6154, 0x71F5, 0x6153, 0x5932, 0x5932, 0x5932, 0x5932, 0x5933, 0x38CC, 0x1865,
    0x1865, 0x1865, 0x5932, 0x5932, 0x5931, 0x5932, 0x6153, 0x6154, 0x6133, 0x6133, 0x5932, 0x5932,
    0x71F4, 0x6133, 0x5932, 0x6133, 0x5932, 0x5111, 0x5931, 0x6133, 0x6154, 0x7A16, 0x6955, 0x71F5,
    0x5933, 0x6133, 0x71F4, 0x5932, 0x69F3, 0x5932, 0x38CC, 0x1865, 0x1865, 0x1865, 0x6133, 0x5932,
    0x5932, 0x6133, 0x6153, 0x6154, 0x6153, 0x71F4, 0x5932, 0x5933, 0x5932, 0x5932, 0x69D2, 0x5932,
    0x5932, 0x5931, 0x5932, 0x6133, 0x6955, 0x6955, 0x6955, 0x6955, 0x6154, 0x6154, 0x6154, 0x6133,
    0x5933, 0x6154, 0x40EC, 0x1865, 0x1865, 0x1865, 0x6154, 0x6133, 0x6154, 0x6955, 0x6955, 0x6955,
    0x6955, 0x6955, 0x6955, 0x6154, 0x6153, 0x6133, 0x69F4, 0x5932, 0x6154, 0x6153, 0x6154, 0x7A15,
    0x7177, 0x7176, 0x7176, 0x7176, 0x6976, 0x7176, 0x6976, 0x6955, 0x6955, 0x6955, 0x40ED, 0x1865,
    0x1865, 0x1865, 0x6954, 0x6954, 0x6955, 0x6976, 0x7176, 0x6976, 0x7176, 0x7176, 0x6975, 0x6955,
    0x6954, 0x6955, 0x6954, 0x6154, 0x6976, 0x6976, 0x6975, 0x6976, 0x7177, 0x7177, 0x7177, 0x7177,
    0x7177, 0x7177, 0x7177, 0x7176, 0x6976, 0x6976, 0x40ED, 0x1865, 0x1865, 0x1865, 0x6955, 0x6955,
    0x6975, 0x7176, 0x6976, 0x7177, 0x7177, 0x6976, 0x6955, 0x6955, 0x6954, 0x6955, 0x6976, 0x6975,
    0x7176, 0x6976, 0x6976, 0x7176, 0x6976, 0x7177, 0x7177, 0x7177, 0x7176, 0x6976, 0x6976, 0x6955,
    0x6955, 0x6975, 0x40ED, 0x1865, 0x1865, 0x1865, 0x6154, 0x6133, 0x6954, 0x6955, 0x6975, 0x7176,
    0x6955, 0x6154, 0x6153, 0x6954, 0x6154, 0x6955, 0x6975, 0x6955, 0x6955, 0x6955, 0x6955, 0x6956,
    0x6955, 0x6955, 0x6955, 0x6955, 0x6154, 0x6954, 0x6955, 0x6955, 0x6154, 0x6154, 0x40EC, 0x1865,
    0x1865, 0x1865, 0x5931, 0x5932, 0x6153, 0x6154, 0x6153, 0x6154, 0x6154, 0x6133, 0x5932, 0x5933,
    0x6133, 0x6153, 0x6154, 0x6154, 0x6154, 0x6154, 0x6154, 0x6955, 0x6154, 0x6955, 0x7A16, 0x6154,
    0x6955, 0x6955, 0x6955, 0x6954, 0x6154, 0x6133, 0x38CC, 0x1865, 0x1865, 0x1865, 0x5931, 0x5931,
    0x5932, 0x6133, 0x6133, 0x6154, 0x6133, 0x5933, 0x69F3, 0x5932, 0x5933, 0x6133, 0x6154, 0x6154,
    0x6154, 0x7215, 0x6154, 0x6154, 0x6154, 0x6955, 0x6955, 0x6955, 0x6955, 0x6955, 0x6955, 0x6955,
    0x6955, 0x6154, 0x40EC, 0x1865, 0x1865, 0x1865, 0x5932, 0x5932, 0x5932, 0x6133, 0x6133, 0x6154,
    0x6153, 0x6153, 0x7215, 0x6154, 0x6954, 0x6955, 0x6955, 0x6955, 0x6133, 0x6153, 0x6133, 0x5932,
    0x6153, 0x6955, 0x6955, 0x7A16, 0x7A16, 0x6954, 0x6154, 0x6154, 0x6955, 0x6955, 0x40ED, 0x1865,
    0x1865, 0x1865, 0x5932, 0x5932, 0x6133, 0x6133, 0x6133, 0x6133, 0x6154, 0x6954, 0x6955, 0x6955,
    0x6976, 0x6976, 0x6976, 0x6955, 0x5932, 0x5932, 0x5932, 0x5932, 0x71F5, 0x6154, 0x71F5, 0x6153,
    0x6154, 0x6153, 0x6153, 0x6153, 0x6154, 0x6154, 0x40ED, 0x1865, 0x1865, 0x1865, 0x5932, 0x5932,
    0x5932, 0x5932, 0x5932, 0x5933, 0x6133, 0x6133, 0x6133, 0x6133, 0x6154, 0x6154, 0x6153, 0x6153,
    0x5110, 0x5110, 0x5110, 0x5111, 0x6133, 0x5932, 0x69F3, 0x5932, 0x5932, 0x5932, 0x6133, 0x5933,
    0x5932, 0x6133, 0x38CC, 0x1865, 0x1865, 0x1865, 0x5932, 0x5931, 0x5931, 0x5111, 0x5110, 0x5932,
    0x5932, 0x5111, 0x5932, 0x5932, 0x5932, 0x6133, 0x6133, 0x6133, 0x5110, 0x5110, 0x5110, 0x5111,
    0x5932, 0x5932, 0x5932, 0x5932, 0x5932, 0x5932, 0x6133, 0x6133, 0x5932, 0x5932, 0x38CC, 0x1865,
    0x1865, 0x1865, 0x5932, 0x6133, 0x5932, 0x69F3, 0x5110, 0x5111, 0x5111, 0x5111, 0x69F3, 0x5932,
    0x5932, 0x5932, 0x5932, 0x5932, 0x5931, 0x5932, 0x5932, 0x5932, 0x71F5, 0x6153, 0x6153, 0x6154,
    0x6154, 0x6154, 0x6154, 0x6154, 0x6154, 0x5933, 0x38EC, 0x1865, 0x1865, 0x1865, 0x6154, 0x6954,
    0x6154, 0x6133, 0x5932, 0x5932, 0x5931, 0x5932, 0x6133, 0x5932, 0x5932, 0x5933, 0x6133, 0x6133,
    0x1865, 0x1865, 0x1865, 0x1865, 0x1865, 0x1865, 0x1865, 0x1865, 0x1865, 0x1865, 0x1865, 0x1865,
    0x1865, 0x1865, 0x1865, 0x1865, 0x1865, 0x1865, 0x1865, 0x1865, 0x1865, 0x1865, 0x1865, 0x1865,
    0x1865, 0x1865, 0x1865, 0x1865, 0x1865, 0x1865, 0x1865, 0x1865, 0x40ED, 0x410D, 0x38CC, 0x38CC,
    0x38CC, 0x38CC, 0x38CB, 0x2086, 0x1865, 0x38CC, 0x38CC, 0x38CB, 0x38CB, 0x38CB, 0x410C, 0x410D,
    0x6133, 0x6133, 0x6133, 0x6152, 0x5111, 0x5931, 0x5952, 0x28A8, 0x1865, 0x5933, 0x5931, 0x5111,
    0x5111, 0x5932, 0x5932, 0x6133, 0x6976, 0x6955, 0x6976, 0x6154, 0x5932, 0x6133, 0x6154, 0x28A9,
    0x1865, 0x7196, 0x6154, 0x6154, 0x6955, 0x6995, 0x6954, 0x6154, 0x6955, 0x6955, 0x7176, 0x6954,
    0x5932, 0x6975, 0x6955, 0x28A9, 0x1865, 0x6976, 0x6955, 0x6153, 0x6955, 0x6955, 0x6975, 0x6995,
    0x6154, 0x6154, 0x6955, 0x6154, 0x5932, 0x6154, 0x6955, 0x28A9, 0x1865, 0x6955, 0x6154, 0x5932,
    0x5932, 0x5933, 0x6133, 0x6954, 0x6955, 0x6976, 0x6976, 0x6954, 0x6153, 0x6154, 0x71B6, 0x28A9,
    0x1865, 0x6955, 0x6955, 0x6154, 0x6975, 0x6154, 0x6154, 0x6154, 0x6154, 0x6974, 0x6954, 0x6133,
    0x5931, 0x5932, 0x5932, 0x28A8, 0x1865, 0x5932, 0x5933, 0x6152, 0x5932, 0x5932, 0x5111, 0x5111,
    0x5933, 0x6133, 0x6154, 0x5932, 0x5111, 0x5951, 0x5932, 0x28A8, 0x1865, 0x5932, 0x5932, 0x5932,
    0x5932, 0x6152, 0x5952, 0x5931, 0x5932, 0x6133, 0x6154, 0x6974, 0x5933, 0x5932, 0x5932, 0x28A9,
    0x1865, 0x5932, 0x5932, 0x6153, 0x6133, 0x5933, 0x6173, 0x5933, 0x5911, 0x5932, 0x6975, 0x6975,
    0x6153, 0x6173, 0x6173, 0x28A9, 0x1865, 0x6133, 0x6154, 0x6154, 0x6974, 0x6133, 0x5932, 0x6192,
    0x6955, 0x6995, 0x7177, 0x7177, 0x7177, 0x6976, 0x6955, 0x28A9, 0x1865, 0x6954, 0x6976, 0x7176,
    0x7176, 0x6955, 0x6955, 0x6955, 0x6956, 0x6976, 0x6976, 0x6976, 0x6955, 0x6955, 0x6954, 0x28A9,
    0x1865, 0x5932, 0x6154, 0x6955, 0x6154, 0x6133, 0x6154, 0x6954, 0x6974, 0x6154, 0x6954, 0x6995,
    0x6955, 0x6955, 0x6154, 0x28A9, 0x1865, 0x5932, 0x5933, 0x6153, 0x6133, 0x6994, 0x6154, 0x6954,
    0x5932, 0x5932, 0x6974, 0x69B5, 0x6974, 0x6154, 0x6154, 0x28A9, 0x1865, 0x5932, 0x5932, 0x5932,
    0x6153, 0x6154, 0x6955, 0x6954, 0x5110, 0x5110, 0x5932, 0x5952, 0x5932, 0x6133, 0x5932, 0x28A8,
    0x1865, 0x5932, 0x5952, 0x5111, 0x5111, 0x5952, 0x5932, 0x6133, 0x38CB, 0x38CC, 0x410D, 0x38EC,
    0x40EC, 0x40CC, 0x38CC, 0x2087, 0x1865, 0x40EC, 0x38CC, 0x38CB, 0x38CB, 0x38CC, 0x38CC, 0x38CC,
    0x5110, 0x510F, 0x48EE, 0x38CB, 0x30CA, 0x48EE, 0x48EE, 0x5130, 0x6955, 0x6955, 0x6153, 0x490F,
    0x40ED, 0x6154, 0x6975, 0x6974, 0x6955, 0x6955, 0x6153, 0x490F, 0x40ED, 0x6154, 0x6153, 0x6154,
    0x6153, 0x6133, 0x5931, 0x40ED, 0x38CB, 0x5932, 0x5932, 0x5931, 0x5932, 0x6974, 0x6153, 0x40ED,
    0x38CC, 0x6133, 0x6153, 0x6153, 0x6975, 0x7176, 0x6976, 0x490F, 0x38EC, 0x6955, 0x6955, 0x6954,
    0x6153, 0x6975, 0x6954, 0x48EE, 0x38CB, 0x5933, 0x6153, 0x6154, 0x40EE, 0x510F, 0x490F, 0x38CB,
    0x30CA, 0x490E, 0x490E, 0x490F, 0x5932, 0x490F, 0x48EE, 0x5932, 0x6154, 0x5110, 0x490F, 0x5933,
    0x6955, 0x5931, 0x5110, 0x6154, 0x5931, 0x490F, 0x40EE, 0x5931, 0x5931, 0x5111, 0x5932, 0x5131,
    0x5131,
};
constexpr int kU02StarWords = 5461;
constexpr uint16_t kU02Star[5461] = {
    0x2D99, 0x2DB9, 0x2DB9, 0x2D99, 0x2D99, 0x2D78, 0x2D58, 0x2D58, 0x2D58, 0x2D58, 0x2D58, 0x2D58,
    0x2D78, 0x2D79, 0x2D99, 0x2DB9, 0x2DDA, 0x2DBA, 0x2DB9, 0x2D78, 0x2D78, 0x2D78, 0x2D78, 0x5DF9,
    0x2D58, 0x2D78, 0x2D99, 0x2D99, 0x2DBA, 0x5E3A, 0x35DA, 0x35FB, 0x35FB, 0x35FB, 0x2DDA, 0x35DA,
    0x35DA, 0x2DDA, 0x2DB9, 0x2D99, 0x2D99, 0x2DB9, 0x2DB9, 0x2DB9, 0x2DB9, 0x35DA, 0x361B, 0x361B,
    0x361B, 0x35FB, 0x35FA, 0x35DA, 0x2DBA, 0x2DBA, 0x2DB9, 0x2DBA, 0x2DDA, 0x35DA, 0x5E3B, 0x35DA,
    0x35DA, 0x2DDA, 0x35DA, 0x2DDA, 0x2DB9, 0x2DB9, 0x2DB9, 0x2DB9, 0x2D99, 0x2D78, 0x2D58, 0x2D58,
    0x2D58, 0x2D58, 0x2D58, 0x2D78, 0x2D78, 0x2D99, 0x2D99, 0x2D99, 0x2DBA, 0x2DB9, 0x2D99, 0x2D99,
    0x2D78, 0x2D78, 0x2D78, 0x2D78, 0x2D78, 0x2D78, 0x2D79, 0x2D99, 0x2DB9, 0x2DB9, 0x35DA, 0x35FB,
    0x35FB, 0x35FA, 0x35DA, 0x35DA, 0x2DDA, 0x2DDA, 0x2DB9, 0x2DB9, 0x2DB9, 0x2DB9, 0x2DB9, 0x2DBA,
    0x2DBA, 0x35DA, 0x35FB, 0x361B, 0x361B, 0x361B, 0x35FB, 0x35DA, 0x2DDA, 0x2DBA, 0x2DBA, 0x2DDA,
    0x2DDA, 0x35FB, 0x35FA, 0x2DDA, 0x35DA, 0x35DA, 0x35FA, 0x2DDA, 0x2D99, 0x2D99, 0x2D99, 0x2D99,
    0x2D99, 0x2D78, 0x2D58, 0x2D78, 0x2D58, 0x2D58, 0x2D57, 0x2D58, 0x2D58, 0x2D78, 0x2D99, 0x2D99,
    0x2DB9, 0x2DB9, 0x2D99, 0x2D99, 0x2D99, 0x5E1A, 0x2D99, 0x2D79, 0x2D78, 0x2D79, 0x2D99, 0x2DB9,
    0x2DBA, 0x2DDA, 0x35DA, 0x35FB, 0x35FB, 0x35FA, 0x2DDA, 0x2DB9, 0x2DB9, 0x2D99, 0x2D99, 0x2D99,
    0x2D99, 0x2DB9, 0x2DB9, 0x2DB9, 0x2DBA, 0x2DDA, 0x35FB, 0x361B, 0x35FB, 0x361B, 0x361B, 0x35FB,
    0x35DA, 0x2DDA, 0x2DDA, 0x35DA, 0x2DDA, 0x35FA, 0x2DDA, 0x2DB9, 0x2DBA, 0x2DDA, 0x2DDA, 0x2DDA,
    0x2D78, 0x2D99, 0x2D99, 0x2D78, 0x2D78, 0x2D58, 0x2D58, 0x2D58, 0x2D58, 0x2D57, 0x2D37, 0x2D37,
    0x2D58, 0x2D78, 0x2D78, 0x2D99, 0x2D78, 0x2D99, 0x2D99, 0x2D99, 0x2D99, 0x2D78, 0x2D99, 0x2D78,
    0x2D78, 0x2D99, 0x2D99, 0x2DB9, 0x2DB9, 0x2DDA, 0x2DDA, 0x2DDA, 0x2DDA, 0x2DDA, 0x2DB9, 0x2D99,
    0x2D78, 0x2D78, 0x2D78, 0x5E1A, 0x2D99, 0x2D99, 0x2D99, 0x2D99, 0x2DB9, 0x2DDA, 0x2DDA, 0x5E5B,
    0x35FB, 0x5E5B, 0x35FB, 0x35DA, 0x35DA, 0x2DDA, 0x2DDA, 0x2DDA, 0x2DDA, 0x2DDA, 0x2DB9, 0x2D99,
    0x2D99, 0x2DB9, 0x2DB9, 0x2DB9, 0x2D78, 0x2D78, 0x2D78, 0x2D58, 0x2D58, 0x2D58, 0x2D78, 0x2D58,
    0x2D78, 0x2D58, 0x2D37, 0x2D37, 0x2D58, 0x2D58, 0x2D78, 0x2D78, 0x2D58, 0x2D78, 0x2D78, 0x2D78,
    0x2D78, 0x2D79, 0x2D99, 0x2D78, 0x2D58, 0x2D78, 0x2D79, 0x2D99, 0x2D99, 0x2DB9, 0x2DB9, 0x2DBA,
    0x2DDA, 0x2DB9, 0x2D99, 0x2D78, 0x2D78, 0x2D58, 0x2D78, 0x2D78, 0x2D78, 0x2D99, 0x2D99, 0x2D99,
    0x2D99, 0x2DB9, 0x2DDA, 0x2DDA, 0x2DDA, 0x2DDA, 0x2DB9, 0x2DB9, 0x2DBA, 0x2DB9, 0x2DB9, 0x2DB9,
    0x2D99, 0x2DB9, 0x2D99, 0x2D78, 0x2D78, 0x2D79, 0x2D99, 0x2D99, 0x2D78, 0x2D78, 0x2D58, 0x2D58,
    0x2D58, 0x2D58, 0x2D78, 0x2D58, 0x2D78, 0x5DF9, 0x2D37, 0x2D37, 0x2D57, 0x2D57, 0x2D58, 0x2D58,
    0x2D58, 0x2D78, 0x2D78, 0x2D78, 0x2D78, 0x2D78, 0x2D78, 0x2D78, 0x2D58, 0x2D58, 0x2D58, 0x2D58,
    0x2D99, 0x2DB9, 0x2D99, 0x2DB9, 0x2DB9, 0x2D99, 0x2D78, 0x2D78, 0x2D58, 0x2D58, 0x2D58, 0x2D58,
    0x2D78, 0x2D99, 0x2D99, 0x2D99, 0x2D99, 0x2D99, 0x2DB9, 0x2DBA, 0x2DB9, 0x2D99, 0x2D99, 0x2D99,
    0x2D99, 0x2D99, 0x2D99, 0x2D99, 0x2D78, 0x2D79, 0x2D78, 0x2D58, 0x2D58, 0x2D58, 0x2D78, 0x2D99,
    0x2D99, 0x2D78, 0x2D78, 0x2D58, 0x2D58, 0x2D58, 0x2D78, 0x2D78, 0x2D58, 0x2D58, 0x2D37, 0x2D37,
    0x2D57, 0x2D58, 0x2D58, 0x2D58, 0x2D58, 0x5E1A, 0x2D78, 0x2D78, 0x2D78, 0x2D78, 0x2D58, 0x2D58,
    0x2D37, 0x2D37, 0x2D57, 0x2D58, 0x2D99, 0x2D99, 0x2D99, 0x2D99, 0x2D99, 0x2D79, 0x2D78, 0x2D78,
    0x2D78, 0x2D58, 0x2D58, 0x2D58, 0x2D58, 0x2D78, 0x2D99, 0x2D99, 0x2D99, 0x2D99, 0x2D99, 0x2D99,
    0x2D99, 0x2D79, 0x2D78, 0x2D78, 0x2D78, 0x2D78, 0x2D78, 0x2D78, 0x2D58, 0x2D58, 0x2D57, 0x2D37,
    0x2D57, 0x2D58, 0x2D78, 0x2D78, 0x2D99, 0x2D78, 0x2D78, 0x2D58, 0x2D58, 0x2D58, 0x2D78, 0x2D78,
    0x2D78, 0x2D78, 0x2D58, 0x2D58, 0x2D58, 0x2D58, 0x2D78, 0x2D78, 0x2D78, 0x2D99, 0x2D99, 0x2D78,
    0x2D78, 0x2D78, 0x2D58, 0x2D58, 0x2D58, 0x2D58, 0x2D58, 0x2D78, 0x2D78, 0x2D99, 0x2DB9, 0x2D99,
    0x2D99, 0x2D99, 0x2D78, 0x2D99, 0x2D99, 0x2D99, 0x5E1A, 0x2D78, 0x2D78, 0x2D78, 0x2D78, 0x2D99,
    0x2D99, 0x2D99, 0x2D99, 0x2DB9, 0x2DB9, 0x2D99, 0x2D78, 0x2D78, 0x2D78, 0x2D58, 0x2D78, 0x2D78,
    0x2D78, 0x2D78, 0x2D58, 0x2D57, 0x2D58, 0x2D78, 0x2D58, 0x2D78, 0x2D99, 0x2D99, 0x2D99, 0x2D78,
    0x2D78, 0x2D99, 0x2D99, 0x2D99, 0x2D78, 0x2D78, 0x2D78, 0x2D78, 0x2D99, 0x2D99, 0x2DB9, 0x2DB9,
    0x2DB9, 0x2DB9, 0x2D99, 0x2D79, 0x2D78, 0x2D78, 0x2D78, 0x2D58, 0x2D58, 0x2D79, 0x2D78, 0x2D99,
    0x2D99, 0x2D99, 0x2DBA, 0x2DDA, 0x2DDA, 0x2DBA, 0x2D99, 0x2D99, 0x2DB9, 0x2D99, 0x2DB9, 0x2DB9,
    0x2D99, 0x2D99, 0x2D78, 0x2D99, 0x2D99, 0x2DB9, 0x2DBA, 0x2DBA, 0x2DB9, 0x2D99, 0x2D99, 0x2D78,
    0x2D78, 0x2D78, 0x2D78, 0x2D78, 0x2D78, 0x2D78, 0x2D78, 0x2D78, 0x2D78, 0x2D78, 0x2D58, 0x2D78,
    0x2D99, 0x2D99, 0x2D99, 0x2D99, 0x2D99, 0x2D99, 0x2DB9, 0x2DB9, 0x2D99, 0x2D99, 0x2D99, 0x2DB9,
    0x2DB9, 0x2DDA, 0x2DDA, 0x35DA, 0x35DA, 0x2DDA, 0x2DDA, 0x2DBA, 0x2DB9, 0x2DB9, 0x2D99, 0x2D99,
    0x2D99, 0x2D99, 0x2DB9, 0x2DB9, 0x2DBA, 0x2DB9, 0x2DDA, 0x2DDA, 0x35DA, 0x2DDA, 0x5E3B, 0x35DA,
    0x2DDA, 0x2DDA, 0x5E3A, 0x2DDA, 0x2DB9, 0x2DB9, 0x2D99, 0x2DBA, 0x2DB9, 0x2DDA, 0x2DDA, 0x2DDA,
    0x2DDA, 0x2DB9, 0x2D99, 0x2D99, 0x2D99, 0x2D78, 0x2D78, 0x2D78, 0x2D78, 0x2D78, 0x2D79, 0x2D78,
    0x2D78, 0x2D78, 0x2D99, 0x2D99, 0x2DB9, 0x2DB9, 0x2DB9, 0x2DB9, 0x2DDA, 0x2DDA, 0x2DDA, 0x35DA,
    0x2DDA, 0x2DDA, 0x2DDA, 0x35DA, 0x2DDA, 0x35FA, 0x35FB, 0x361B, 0x361B, 0x361B, 0x35FB, 0x35FB,
    0x35FA, 0x35FA, 0x2DDA, 0x2DDA, 0x2DB9, 0x2DDA, 0x35DA, 0x35DA, 0x35FA, 0x35DA, 0x35FB, 0x35FA,
    0x35FA, 0x35FB, 0x361B, 0x361B, 0x35FA, 0x35FA, 0x35DA, 0x2DBA, 0x2DDA, 0x35DA, 0x35DA, 0x2DDA,
    0x2DBA, 0x35DA, 0x35FB, 0x35FB, 0x2DDA, 0x2DB9, 0x2D99, 0x2D99, 0x2D99, 0x2D99, 0x2D99, 0x2D99,
    0x2D99, 0x2D78, 0x2D99, 0x2D99, 0x2D99, 0x2D99, 0x2DBA, 0x2DBA, 0x2DBA, 0x2DBA, 0x2DBA, 0x2DBA,
    0x35DA, 0x35DA, 0x2DDA, 0x35DA, 0x2DDA, 0x2DDA, 0x35DA, 0x35FA, 0x35FA, 0x35DA, 0x35FB, 0x361B,
    0x361B, 0x361B, 0x361B, 0x361B, 0x361B, 0x361B, 0x361B, 0x35FA, 0x2DBA, 0x2DDA, 0x35FA, 0x35FB,
    0x35FB, 0x35FB, 0x35FB, 0x35FA, 0x35FA, 0x361B, 0x363B, 0x361B, 0x361B, 0x35FB, 0x35FA, 0x2DB9,
    0x2DDA, 0x35FB, 0x361B, 0x35FB, 0x35DA, 0x35DA, 0x35FB, 0x35FB, 0x2DDA, 0x2DB9, 0x2D99, 0x2D99,
    0x2D99, 0x2DB9, 0x2DB9, 0x2DB9, 0x2DB9, 0x2D79, 0x2D99, 0x2D99, 0x2DB9, 0x2DDA, 0x35FA, 0x35FB,
    0x2DBA, 0x5E3B, 0x2DDA, 0x2DDA, 0x2DDA, 0x2DDA, 0x2DDA, 0x35FA, 0x35DA, 0x35DA, 0x35FA, 0x35FA,
    0x35DA, 0x35FA, 0x35FB, 0x361B, 0x361B, 0x35FB, 0x361B, 0x361B, 0x361B, 0x361B, 0x35FB, 0x35FB,
    0x2DDA, 0x35DA, 0x35DA, 0x35FA, 0x35FA, 0x35FA, 0x35FB, 0x35FB, 0x35FB, 0x361B, 0x361B, 0x361B,
    0x361B, 0x35FB, 0x35DA, 0x2DBA, 0x2DDA, 0x35DA, 0x35FB, 0x35FA, 0x35DA, 0x2DDA, 0x35DA, 0x35DA,
    0x35DA, 0x2DBA, 0x2DB9, 0x2DB9, 0x2D99, 0x2D99, 0x2DB9, 0x2DB9, 0x2DB9, 0x2D99, 0x2DB9, 0x2DB9,
    0x2DDA, 0x35DA, 0x35FB, 0x35DA, 0x2DDA, 0x2DDA, 0x35DA, 0x2DDA, 0x2DDA, 0x2DBA, 0x2DB9, 0x35FA,
    0x35FA, 0x35FA, 0x35FB, 0x35FA, 0x2DDA, 0x2DDA, 0x35DA, 0x35FA, 0x2DDA, 0x35DA, 0x35DA, 0x35DA,
    0x35FA, 0x35FB, 0x35FB, 0x35DA, 0x2DDA, 0x2DDA, 0x2DDA, 0x2DDA, 0x35DA, 0x35DA, 0x35FB, 0x35FB,
    0x361B, 0x35FA, 0x35DA, 0x35FB, 0x361B, 0x361B, 0x35FA, 0x2DBA, 0x2DDA, 0x2DDA, 0x2DB9, 0x2DB9,
    0x2DB9, 0x2DBA, 0x2DDA, 0x35DA, 0x35DA, 0x2DDA, 0x2DBA, 0x2DB9, 0x2D99, 0x2D99, 0x2DB9, 0x2D99,
    0x2DBA, 0x2D99, 0x2DBA, 0x35FA, 0x35FA, 0x35DA, 0x35FA, 0x35DA, 0x2DDA, 0x2DDA, 0x2DB9, 0x2DB9,
    0x2DB9, 0x2DB9, 0x2DBA, 0x2DDA, 0x2DDA, 0x2DBA, 0x2DDA, 0x2DDA, 0x2DB9, 0x2D99, 0x2DB9, 0x2DB9,
    0x2DB9, 0x2DB9, 0x2DBA, 0x2DBA, 0x35FA, 0x35FA, 0x35FA, 0x2DDA, 0x2D99, 0x2D99, 0x2D99, 0x2DB9,
    0x2DDA, 0x35DA, 0x2DDA, 0x35DA, 0x35FA, 0x2DDA, 0x2DBA, 0x2DDA, 0x35FA, 0x35FB, 0x35FB, 0x2DDA,
    0x2DDA, 0x2DB9, 0x2DB9, 0x2DB9, 0x2D99, 0x2D99, 0x2D99, 0x2DB9, 0x2DB9, 0x2DB9, 0x2DB9, 0x2DB9,
    0x2DB9, 0x2DB9, 0x2D99, 0x2DB9, 0x2DB9, 0x2DB9, 0x35DA, 0x35DA, 0x35DA, 0x35DA, 0x2DDA, 0x2DBA,
    0x2DBA, 0x2DBA, 0x2DB9, 0x2D99, 0x2D99, 0x2DB9, 0x2DBA, 0x2DBA, 0x2DB9, 0x2DB9, 0x2D99, 0x2D99,
    0x2D99, 0x2DB9, 0x2DB9, 0x2D99, 0x2D99, 0x2DB9, 0x2DBA, 0x2DDA, 0x2DDA, 0x35DA, 0x35FA, 0x2DBA,
    0x2DB9, 0x2D99, 0x2D99, 0x2D99, 0x2DB9, 0x2DDA, 0x2DBA, 0x2DB9, 0x2DB9, 0x2DB9, 0x2D99, 0x2DB9,
    0x35DA, 0x35DA, 0x35FA, 0x35FA, 0x2DDA, 0x2DDA, 0x2DBA, 0x2DBA, 0x2DB9, 0x2D99, 0x2D78, 0x2D78,
    0x2D99, 0x2DB9, 0x2DB9, 0x2DB9, 0x2DB9, 0x2DB9, 0x2DB9, 0x2DBA, 0x2DBA, 0x2DDA, 0x35DA, 0x35FB,
    0x35FA, 0x2DDA, 0x2DDA, 0x2DDA, 0x2DB9, 0x2D99, 0x2D99, 0x2D78, 0x2D99, 0x2DB9, 0x2DBA, 0x2DB9,
    0x2D99, 0x2D78, 0x2D78, 0x2D78, 0x2D79, 0x2D99, 0x2D99, 0x2D78, 0x2D99, 0x2D99, 0x2DDA, 0x35DA,
    0x2DDA, 0x2DDA, 0x2DDA, 0x2DB9, 0x2D99, 0x2D99, 0x2D99, 0x2D99, 0x2DB9, 0x2DB9, 0x2DB9, 0x2D99,
    0x2D78, 0x2D99, 0x2D99, 0x2DB9, 0x2DDA, 0x2DDA, 0x35FA, 0x361B, 0x35FA, 0x35DA, 0x2DDA, 0x2DBA,
    0x2D99, 0x2D78, 0x2D58, 0x2D58, 0x2D79, 0x2D99, 0x2DB9, 0x2DB9, 0x2D99, 0x2DB9, 0x2DDA, 0x5E3B,
    0x35DA, 0x35FA, 0x35DA, 0x35FA, 0x35FB, 0x2DDA, 0x2DBA, 0x2DB9, 0x2DB9, 0x2D99, 0x2D99, 0x2D99,
    0x2D99, 0x2D99, 0x2DB9, 0x2D99, 0x2D78, 0x2D78, 0x2D58, 0x2D58, 0x2D78, 0x2D99, 0x2D79, 0x2D78,
    0x2D99, 0x2D99, 0x2DB9, 0x5E3A, 0x2DDA, 0x2DDA, 0x2DDA, 0x2DB9, 0x2D99, 0x2D99, 0x2D99, 0x2D99,
    0x2D99, 0x2D99, 0x2D79, 0x2D78, 0x2D78, 0x2D78, 0x2D99, 0x2D99, 0x2DBA, 0x2DDA, 0x35FB, 0x361B,
    0x35FA, 0x2DDA, 0x2DBA, 0x2D99, 0x2D78, 0x2D58, 0x2D57, 0x2D58, 0x2D78, 0x2D99, 0x2D99, 0x2D99,
    0x2D99, 0x2DB9, 0x2DBA, 0x2DDA, 0x35DA, 0x35FB, 0x35FB, 0x35FB, 0x35FB, 0x35DA, 0x2DBA, 0x5E3A,
    0x2DB9, 0x2DB9, 0x2DBA, 0x2DBA, 0x2DB9, 0x2D99, 0x2D99, 0x2D99, 0x2D58, 0x2D78, 0x2D78, 0x2D58,
    0x2D78, 0x2D99, 0x2D99, 0x2D99, 0x2DB9, 0x2DB9, 0x2DB9, 0x2DB9, 0x2DBA, 0x35DA, 0x2DDA, 0x2DB9,
    0x2DB9, 0x2DB9, 0x2DBA, 0x2DB9, 0x2DB9, 0x2D99, 0x2D99, 0x2D78, 0x2D79, 0x2D78, 0x2D99, 0x2D99,
    0x2D99, 0x2DDA, 0x35FB, 0x361B, 0x35FA, 0x2DBA, 0x2DB9, 0x2D99, 0x2D78, 0x2D58, 0x2D58, 0x2D78,
    0x2D99, 0x2D79, 0x2D99, 0x2DB9, 0x2DB9, 0x2DB9, 0x2DB9, 0x2DBA, 0x35DA, 0x35FB, 0x35FB, 0x361B,
    0x361B, 0x35FB, 0x35DA, 0x2DDA, 0x2DDA, 0x2DBA, 0x35DA, 0x35FA, 0x2DDA, 0x2DB9, 0x2D99, 0x2D99,
    0x2D78, 0x2D78, 0x2D78, 0x2D99, 0x2D99, 0x2D99, 0x2D99, 0x2DBA, 0x2DBA, 0x2DBA, 0x2DBA, 0x2DB9,
    0x2DBA, 0x35DA, 0x35DA, 0x2DDA, 0x2DDA, 0x35DA, 0x35FA, 0x2DDA, 0x2DBA, 0x2DBA, 0x2DB9, 0x2D99,
    0x2D99, 0x2D99, 0x2D99, 0x2DB9, 0x2DBA, 0x2DDA, 0x35FB, 0x361B, 0x35FA, 0x2DB9, 0x2D99, 0x2D78,
    0x2D78, 0x2D78, 0x2D78, 0x2D99, 0x2D99, 0x2D99, 0x2D99, 0x2D99, 0x2DB9, 0x2DB9, 0x2DB9, 0x2DDA,
    0x35DA, 0x361B, 0x35FB, 0x361B, 0x363B, 0x35FB, 0x35DA, 0x35DA, 0x35FA, 0x35DA, 0x35DA, 0x35DA,
    0x2DB9, 0x2DB9, 0x2DB9, 0x2D99, 0x2D78, 0x2D78, 0x2D99, 0x2DB9, 0x2DB9, 0x2D99, 0x2DBA, 0x2DBA,
    0x35DA, 0x35DA, 0x35DA, 0x35DA, 0x35DA, 0x35DA, 0x35DA, 0x35DA, 0x2DDA, 0x35FA, 0x35DA, 0x35FA,
    0x35DA, 0x35DA, 0x2DB9, 0x2DB9, 0x2DBA, 0x2DB9, 0x2DB9, 0x2DB9, 0x2DDA, 0x35DA, 0x35FB, 0x361B,
    0x35FB, 0x35FA, 0x2DDA, 0x2DB9, 0x2DB9, 0x2D99, 0x2D99, 0x5E1A, 0x2D99, 0x2DB9, 0x2D99, 0x2D99,
    0x2DBA, 0x2DDA, 0x2DDA, 0x35DA, 0x35FA, 0x361B, 0x361B, 0x361B, 0x361B, 0x361B, 0x35FB, 0x35FB,
    0x35FA, 0x35FB, 0x35DA, 0x2DDA, 0x2DBA, 0x2DBA, 0x2DB9, 0x2D99, 0x2D99, 0x2D99, 0x2DB9, 0x2DDA,
    0x2DB9, 0x2DBA, 0x2DDA, 0x2DBA, 0x35DA, 0x35DA, 0x35DA, 0x35FA, 0x35FB, 0x35DA, 0x35FA, 0x35DA,
    0x35FA, 0x35DA, 0x35DA, 0x35DA, 0x35FB, 0x35FB, 0x35FB, 0x35DA, 0x2DDA, 0x2DBA, 0x2DDA, 0x2DBA,
    0x35FA, 0x35FB, 0x35FB, 0x361B, 0x361B, 0x35FB, 0x35FA, 0x35FA, 0x35DA, 0x2DBA, 0x2D99, 0x2D79,
    0x2D99, 0x2D99, 0x2DBA, 0x2DB9, 0x2DB9, 0x35DA, 0x35DA, 0x35FB, 0x35FB, 0x35FB, 0x35FB, 0x35FB,
    0x361B, 0x361B, 0x35FB, 0x35FB, 0x35FB, 0x35FB, 0x35DA, 0x2DBA, 0x2DB9, 0x2DB9, 0x2DBA, 0x2D99,
    0x2D99, 0x2D99, 0x2DB9, 0x2DDA, 0x2DDA, 0x2DB9, 0x2DB9, 0x2DB9, 0x2DBA, 0x35DA, 0x35DA, 0x35DA,
    0x35FA, 0x35DA, 0x35FA, 0x35FA, 0x35FA, 0x35DA, 0x35FA, 0x35FB, 0x35FB, 0x35FB, 0x35FB, 0x35FA,
    0x35DA, 0x35DA, 0x2DDA, 0x2DBA, 0x2DDA, 0x35DA, 0x35FA, 0x35FB, 0x35FB, 0x35FB, 0x35FA, 0x2DDA,
    0x35DA, 0x2DB9, 0x2D99, 0x2D99, 0x2D99, 0x2DDA, 0x2DDA, 0x2DBA, 0x2DBA, 0x35DA, 0x35DA, 0x35DA,
    0x35FB, 0x35FB, 0x35FB, 0x361B, 0x361B, 0x361B, 0x361B, 0x35FB, 0x2DDA, 0x2DDA, 0x2DBA, 0x2DB9,
    0x2DB9, 0x2DB9, 0x2DB9, 0x2D99, 0x2D79, 0x2D99, 0x2D99, 0x2DB9, 0x2DB9, 0x2D99, 0x2D99, 0x2D99,
    0x2D99, 0x2DB9, 0x2DBA, 0x2DBA, 0x2DBA, 0x2DBA, 0x2DDA, 0x35DA, 0x35FA, 0x35FA, 0x35FB, 0x361B,
    0x35FA, 0x35DA, 0x2DDA, 0x2DDA, 0x2DBA, 0x2DDA, 0x2DBA, 0x2DBA, 0x2DB9, 0x2DB9, 0x2DBA, 0x2DBA,
    0x2DBA, 0x2DB9, 0x2DDA, 0x2DB9, 0x2DB9, 0x2D99, 0x2D78, 0x2D78, 0x2D99, 0x2DBA, 0x2DDA, 0x2DDA,
    0x2DDA, 0x2DDA, 0x2DDA, 0x2DDA, 0x35DA, 0x35FB, 0x35FB, 0x361B, 0x361B, 0x361B, 0x361B, 0x35FB,
    0x2DB9, 0x2DDA, 0x2DB9, 0x2D99, 0x2D99, 0x2D99, 0x2DB9, 0x2D99, 0x2D78, 0x2D78, 0x2D78, 0x2D99,
    0x2D78, 0x2D78, 0x2D78, 0x2D78, 0x2D78, 0x2D78, 0x2D99, 0x2D99, 0x2D99, 0x2DB9, 0x2DB9, 0x2DBA,
    0x2DDA, 0x35DA, 0x35FB, 0x361B, 0x2DDA, 0x2DDA, 0x2DBA, 0x2DBA, 0x2DB9, 0x2DBA, 0x2DB9, 0x2DB9,
    0x2D99, 0x2D99, 0x2D99, 0x2D99, 0x2D99, 0x2D99, 0x2D99, 0x2D99, 0x2D99, 0x2D78, 0x2D78, 0x2D58,
    0x2D78, 0x2D99, 0x2DB9, 0x2DBA, 0x2DBA, 0x2DBA, 0x2DB9, 0x2DB9, 0x2DBA, 0x35FA, 0x35FA, 0x35FA,
    0x35FB, 0x35FB, 0x35FB, 0x35FA, 0x2D99, 0x2DB9, 0x2D99, 0x2D78, 0x2D78, 0x2D79, 0x2D99, 0x2D78,
    0x2D78, 0x2D58, 0x2D57, 0x2D58, 0x2D58, 0x2D58, 0x2D58, 0x2D58, 0x2D58, 0x2D58, 0x2D78, 0x2D78,
    0x2D99, 0x2DB9, 0x2DB9, 0x2D99, 0x2DB9, 0x2DBA, 0x2DDA, 0x2DDA, 0x2DDA, 0x2DB9, 0x2D99, 0x2D99,
    0x2DB9, 0x2DB9, 0x2D99, 0x2D99, 0x2D99, 0x2D99, 0x2D78, 0x2D78, 0x2D78, 0x2D78, 0x2D78, 0x2D78,
    0x2D58, 0x2D58, 0x2D58, 0x2D58, 0x2D58, 0x2D78, 0x2D78, 0x2D78, 0x2D99, 0x2D99, 0x2D99, 0x2D99,
    0x2DB9, 0x2DBA, 0x2DBA, 0x5E3A, 0x2DBA, 0x2DBA, 0x2DBA, 0x2DBA, 0x2D99, 0x2D99, 0x2D78, 0x2D78,
    0x2D79, 0x2D79, 0x2D99, 0x2D78, 0x2D78, 0x2D58, 0x2D57, 0x2D57, 0x2D58, 0x2D37, 0x2D57, 0x2D37,
    0x2D37, 0x2D57, 0x2D58, 0x2D58, 0x2D78, 0x2D99, 0x2D99, 0x2D99, 0x2D99, 0x2DB9, 0x2DB9, 0x2DB9,
    0x2DB9, 0x2D99, 0x2D99, 0x2D99, 0x2D99, 0x2D99, 0x2D99, 0x2D99, 0x2D99, 0x2D99, 0x2D78, 0x2D58,
    0x2D78, 0x2D78, 0x2D78, 0x2D78, 0x2D58, 0x2D57, 0x2D58, 0x2D58, 0x2D58, 0x2D57, 0x2D37, 0x2D58,
    0x2D78, 0x2D78, 0x2D99, 0x2D99, 0x2D99, 0x2D79, 0x2D99, 0x2D99, 0x2DB9, 0x2D99, 0x2D99, 0x2D99,
    0x2D79, 0x2D99, 0x2D78, 0x2D78, 0x2D78, 0x2D78, 0x2D78, 0x2D78, 0x2D58, 0x2D58, 0x2D57, 0x2D37,
    0x2D57, 0x2D57, 0x2D58, 0x2D37, 0x2D37, 0x2D37, 0x2D58, 0x2D57, 0x2D78, 0x2D99, 0x2D78, 0x2D78,
    0x2D78, 0x2D78, 0x2D79, 0x2D79, 0x2D78, 0x2D78, 0x2D78, 0x2D78, 0x2D78, 0x2D99, 0x2D99, 0x2D99,
    0x2D99, 0x2D99, 0x2D78, 0x2D58, 0x2D58, 0x2D78, 0x2D78, 0x2D58, 0x2D57, 0x2D58, 0x2D58, 0x2D58,
    0x2D37, 0x2D37, 0x2D37, 0x2D37, 0x2D58, 0x2D78, 0x2D78, 0x2D78, 0x2D78, 0x2D78, 0x2D99, 0x2D99,
    0x2D99, 0x2D78, 0x2D78, 0x2D78, 0x2D78, 0x2D78, 0x2D78, 0x2D78, 0x2D78, 0x2D78, 0x2D78, 0x2D79,
    0x2D99, 0x2D78, 0x2D58, 0x2D57, 0x2D58, 0x2D57, 0x2D57, 0x2D57, 0x2D57, 0x2D57, 0x2D58, 0x2D78,
    0x2D78, 0x5E1A, 0x2D79, 0x2D78, 0x2D58, 0x2D78, 0x2D99, 0x5E1A, 0x2D78, 0x2D78, 0x2D78, 0x2D78,
    0x2D78, 0x2D79, 0x2D78, 0x2D78, 0x2D78, 0x2D79, 0x2D99, 0x2D99, 0x2D78, 0x2D78, 0x2D78, 0x2D78,
    0x2D58, 0x2D58, 0x2D57, 0x2D57, 0x2D37, 0x2D37, 0x2D37, 0x2D57, 0x2D58, 0x2D58, 0x2D58, 0x2D58,
    0x2D58, 0x2D78, 0x2D78, 0x2D78, 0x2D78, 0x2D78, 0x2D78, 0x2D78, 0x2D78, 0x2D99, 0x2D99, 0x2D78,
    0x2D78, 0x2D78, 0x2D99, 0x2D78, 0x2D99, 0x2D99, 0x2D78, 0x2D58, 0x2D58, 0x2D78, 0x2D58, 0x2D58,
    0x2D58, 0x2D58, 0x2D58, 0x2D78, 0x2D78, 0x2D78, 0x2D78, 0x2D58, 0x2D58, 0x2D78, 0x2D99, 0x2D78,
    0x2D78, 0x2D58, 0x2D78, 0x2D78, 0x2D78, 0x2D78, 0x2D78, 0x2D78, 0x2D78, 0x2D79, 0x2D99, 0x2DB9,
    0x2DB9, 0x2D99, 0x2D99, 0x2D78, 0x2D78, 0x2D78, 0x5DF9, 0x2D57, 0x2D37, 0x2D57, 0x2D58, 0x2D57,
    0x2D58, 0x2D58, 0x2D57, 0x2D57, 0x2D58, 0x2D78, 0x2D78, 0x2D58, 0x2D78, 0x2D78, 0x2D99, 0x2D99,
    0x2DBA, 0x2DB9, 0x2D99, 0x2D99, 0x2D99, 0x2D99, 0x2D99, 0x2D99, 0x2D99, 0x2D99, 0x2D79, 0x2D79,
    0x2D78, 0x2D78, 0x2D78, 0x2D78, 0x2D78, 0x2D78, 0x2D78, 0x2D99, 0x2D78, 0x2D99, 0x2D78, 0x5DF9,
    0x2D57, 0x2D58, 0x2D78, 0x2D78, 0x2D78, 0x2D58, 0x2D78, 0x2D99, 0x2D99, 0x2D99, 0x2D99, 0x2DB9,
    0x2D99, 0x2D99, 0x2DBA, 0x2DDA, 0x2DBA, 0x2DB9, 0x2D99, 0x2D78, 0x2D99, 0x2D78, 0x2D58, 0x2D58,
    0x2D58, 0x2D58, 0x2D58, 0x2D58, 0x2D78, 0x2D78, 0x2D58, 0x2D58, 0x2D58, 0x2D58, 0x2D58, 0x2D78,
    0x2D78, 0x2D78, 0x2D99, 0x2D99, 0x35FB, 0x35FA, 0x2DDA, 0x2DB9, 0x2DB9, 0x2D99, 0x2DB9, 0x2DB9,
    0x2DB9, 0x2DB9, 0x2DB9, 0x2D99, 0x2D99, 0x2D99, 0x2D99, 0x2D99, 0x2D99, 0x2D99, 0x2D79, 0x2D99,
    0x2D99, 0x2D99, 0x2D78, 0x2D58, 0x2D57, 0x2D57, 0x2D58, 0x2D78, 0x2D78, 0x2D78, 0x2D99, 0x2DB9,
    0x2DB9, 0x2DB9, 0x2DB9, 0x2DDA, 0x2DBA, 0x2DBA, 0x2DDA, 0x2DDA, 0x2DDA, 0x2DB9, 0x2D99, 0x2D99,
    0x2D99, 0x2D78, 0x2D58, 0x2D78, 0x2D58, 0x2D58, 0x2D78, 0x2D78, 0x2D99, 0x2D78, 0x2D78, 0x2D78,
    0x2D78, 0x2D58, 0x5DFA, 0x2D58, 0x2D58, 0x2D78, 0x2D99, 0x2D99, 0x361B, 0x35FB, 0x2DDA, 0x2DBA,
    0x2DBA, 0x2D99, 0x2D99, 0x2DB9, 0x2DDA, 0x2DDA, 0x2DB9, 0x2DB9, 0x2D99, 0x2D99, 0x5E1A, 0x2D99,
    0x2D99, 0x2D78, 0x2D78, 0x2D78, 0x2D78, 0x2D79, 0x2D78, 0x2D58, 0x2D58, 0x2D58, 0x2D58, 0x2D58,
    0x2D78, 0x2D78, 0x2D99, 0x2DB9, 0x2DB9, 0x2DDA, 0x2DDA, 0x2DDA, 0x2DDA, 0x2DDA, 0x35DA, 0x35FA,
    0x2DDA, 0x2DB9, 0x2D99, 0x2D99, 0x2D99, 0x2D78, 0x2D58, 0x2D78, 0x2D78, 0x2D58, 0x2D78, 0x2D79,
    0x2D99, 0x2D99, 0x2D78, 0x2D78, 0x2D78, 0x2D58, 0x2D58, 0x2D78, 0x2D78, 0x2D78, 0x2D79, 0x2D78,
    0x35FA, 0x2DDA, 0x2DDA, 0x2DB9, 0x2DB9, 0x2D99, 0x2D99, 0x2DB9, 0x2DBA, 0x2DBA, 0x2DB9, 0x2DB9,
    0x2D99, 0x2D99, 0x2D99, 0x2D99, 0x2D78, 0x2D78, 0x2D58, 0x2D58, 0x2D58, 0x2D78, 0x2D58, 0x2D58,
    0x2D58, 0x2D57, 0x2D58, 0x2D57, 0x2D78, 0x2D78, 0x2D99, 0x2D99, 0x2DB9, 0x2DBA, 0x2DDA, 0x2DDA,
    0x2DDA, 0x35DA, 0x35FB, 0x35FA, 0x2DDA, 0x2DB9, 0x2D99, 0x2DB9, 0x2DB9, 0x2D99, 0x2D78, 0x2D58,
    0x2D58, 0x2D58, 0x2D58, 0x2D78, 0x2D99, 0x2D79, 0x2D78, 0x2D78, 0x2D58, 0x2D57, 0x2D58, 0x2D58,
    0x2D78, 0x2D78, 0x2D78, 0x2D78, 0x2DBA, 0x2DB9, 0x2DDA, 0x2DB9, 0x2DB9, 0x2D99, 0x2D99, 0x2DB9,
    0x2DB9, 0x2DB9, 0x2DB9, 0x2DB9, 0x2D99, 0x2D99, 0x2D78, 0x2D79, 0x2D78, 0x2D58, 0x2D37, 0x2D37,
    0x2D37, 0x2D57, 0x2D58, 0x2D58, 0x2D58, 0x2D58, 0x2D57, 0x2D58, 0x2D58, 0x2D78, 0x2D78, 0x2D78,
    0x2D99, 0x2DB9, 0x2DB9, 0x2DB9, 0x2DDA, 0x35FA, 0x35FB, 0x35FB, 0x2DDA, 0x2DBA, 0x2DB9, 0x2DB9,
    0x2DB9, 0x2D99, 0x2D78, 0x2D58, 0x2D58, 0x2D57, 0x2D58, 0x2D78, 0x2D78, 0x2D78, 0x2D78, 0x2D78,
    0x5DF9, 0x2D37, 0x2D37, 0x2D58, 0x2D58, 0x2D58, 0x2D58, 0x2D78, 0x2DB9, 0x2D99, 0x2DB9, 0x2D99,
    0x2D99, 0x2D99, 0x2D78, 0x2D99, 0x2D99, 0x2D99, 0x2D99, 0x2D99, 0x2D78, 0x2D78, 0x2D58, 0x2D78,
    0x2D58, 0x2D57, 0x2D57, 0x2D58, 0x2D37, 0x2D37, 0x2D57, 0x2D57, 0x2D58, 0x2D37, 0x2D37, 0x2D58,
    0x2D58, 0x2D58, 0x2D78, 0x2D78, 0x2D99, 0x2D99, 0x2D99, 0x2DB9, 0x2DBA, 0x2DDA, 0x2DDA, 0x2DBA,
    0x2DBA, 0x2DB9, 0x2D99, 0x2D99, 0x2D99, 0x2D99, 0x2D78, 0x2D57, 0x2D57, 0x2D58, 0x2D78, 0x2D58,
    0x2D78, 0x2D78, 0x2D58, 0x2D78, 0x2D58, 0x2D37, 0x2D37, 0x2D57, 0x2D57, 0x2D57, 0x2D57, 0x2D37,
    0x2D99, 0x2D99, 0x2D99, 0x2D99, 0x2D99, 0x2D99, 0x2D78, 0x2D99, 0x2D99, 0x2D99, 0x2D79, 0x2D99,
    0x2D78, 0x2D58, 0x2D57, 0x2D57, 0x2D57, 0x2D57, 0x2D57, 0x2D58, 0x2D58, 0x2D57, 0x2D37, 0x2D57,
    0x2D37, 0x2D37, 0x2D37, 0x2D57, 0x2D58, 0x2D58, 0x2D78, 0x2D99, 0x2D99, 0x2D99, 0x2DB9, 0x2DB9,
    0x2DBA, 0x2DBA, 0x2DB9, 0x2D99, 0x2D99, 0x2D99, 0x2D99, 0x2D99, 0x2D99, 0x2D78, 0x2D58, 0x2D37,
    0x2D57, 0x2D58, 0x2D58, 0x2D58, 0x2D58, 0x2D78, 0x2D78, 0x2D57, 0x2D37, 0x2D37, 0x2D17, 0x2D37,
    0x2D37, 0x2D37, 0x2D37, 0x2D17, 0x2D99, 0x2D79, 0x2D99, 0x2D99, 0x2D99, 0x2D99, 0x2D99, 0x2D99,
    0x2D99, 0x2D99, 0x2D78, 0x2D78, 0x2D58, 0x2D57, 0x2D37, 0x2D37, 0x2D37, 0x2D57, 0x2D58, 0x2D78,
    0x2D58, 0x2D57, 0x2D57, 0x2D57, 0x2D37, 0x2D37, 0x2D37, 0x2D37, 0x2D58, 0x2D58, 0x2D79, 0x2D99,
    0x2D99, 0x2DB9, 0x2D99, 0x2DBA, 0x2DB9, 0x2DBA, 0x2DB9, 0x2D99, 0x2D99, 0x2D78, 0x2D99, 0x2D79,
    0x2D78, 0x2D78, 0x2D58, 0x2D37, 0x2D57, 0x2D58, 0x2D58, 0x2D58, 0x2D78, 0x2D78, 0x2D78, 0x2D58,
    0x2D37, 0x2D37, 0x2D37, 0x2D37, 0x2D37, 0x2D37, 0x2D17, 0x2D37, 0x2DB9, 0x2DB9, 0x2DBA, 0x2DDA,
    0x2DB9, 0x2D99, 0x2D99, 0x2D99, 0x2D99, 0x2D99, 0x2D78, 0x2D58, 0x2D58, 0x2D58, 0x2D57, 0x2D58,
    0x2D57, 0x2D57, 0x2D57, 0x2D58, 0x2D58, 0x2D58, 0x2D58, 0x2D58, 0x2D58, 0x2D57, 0x2D37, 0x2D57,
    0x2D78, 0x2D78, 0x2D99, 0x2D99, 0x2DB9, 0x2DB9, 0x2DB9, 0x2DBA, 0x2DB9, 0x2DB9, 0x2DBA, 0x2DB9,
    0x2DB9, 0x2DB9, 0x2D99, 0x2D99, 0x2D78, 0x2D78, 0x2D78, 0x2D57, 0x2D58, 0x2D58, 0x2D78, 0x2D58,
    0x2D58, 0x2D78, 0x5DFA, 0x2D78, 0x2D57, 0x2D57, 0x2D57, 0x2D58, 0x2D58, 0x2D37, 0x2D37, 0x2D37,
    0x2DDA, 0x2DDA, 0x35FA, 0x35FA, 0x35DA, 0x2DBA, 0x2DB9, 0x2DBA, 0x2DBA, 0x2DB9, 0x2D78, 0x2D78,
    0x2D78, 0x2D78, 0x2D78, 0x2D78, 0x2D58, 0x2D58, 0x2D58, 0x2D57, 0x2D57, 0x2D58, 0x2D78, 0x2D78,
    0x2D99, 0x2D78, 0x2D58, 0x2D58, 0x2D99, 0x2DB9, 0x2DB9, 0x2DB9, 0x2DB9, 0x2DBA, 0x2DDA, 0x2DBA,
    0x2DB9, 0x2DBA, 0x2DDA, 0x2DDA, 0x2DDA, 0x2DDA, 0x2DB9, 0x2DB9, 0x2D99, 0x2D99, 0x2D99, 0x2D78,
    0x2D78, 0x2D78, 0x2D78, 0x2D78, 0x2D78, 0x2D58, 0x2D78, 0x2D78, 0x2D58, 0x2D58, 0x2D58, 0x2D78,
    0x2D99, 0x2D78, 0x2D57, 0x2D57, 0x35FA, 0x35FB, 0x35FB, 0x361B, 0x361B, 0x35FB, 0x35DA, 0x35DA,
    0x2DDA, 0x2DDA, 0x2D99, 0x2D78, 0x2D99, 0x2D99, 0x2D99, 0x2D99, 0x2D99, 0x2D78, 0x2D78, 0x2D78,
    0x2D78, 0x2D78, 0x2D78, 0x2D99, 0x2DB9, 0x2D99, 0x2D78, 0x2D78, 0x2DB9, 0x2DDA, 0x2DBA, 0x2DDA,
    0x2DDA, 0x2DDA, 0x35FA, 0x35DA, 0x2DDA, 0x35FA, 0x35FA, 0x35DA, 0x35DA, 0x2DDA, 0x2DDA, 0x2DDA,
    0x2DB9, 0x2DB9, 0x2DB9, 0x2DB9, 0x2D99, 0x2D78, 0x2D78, 0x2D78, 0x2D78, 0x2D78, 0x2D78, 0x2D78,
    0x2D78, 0x2D78, 0x5E1A, 0x2D99, 0x2D99, 0x2D99, 0x2D78, 0x2D58, 0x361B, 0x361B, 0x361B, 0x363B,
    0x361B, 0x361B, 0x35FB, 0x35FB, 0x35FB, 0x35DA, 0x35DA, 0x2DB9, 0x2D99, 0x2DB9, 0x2DBA, 0x2DB9,
    0x2DBA, 0x2DB9, 0x2DB9, 0x2D99, 0x2D78, 0x2D78, 0x2D78, 0x2DB9, 0x2DDA, 0x2DB9, 0x2D99, 0x2DB9,
    0x2DDA, 0x35FA, 0x35DA, 0x35FA, 0x35FB, 0x35FB, 0x361B, 0x361B, 0x35FA, 0x35FB, 0x35FA, 0x35DA,
    0x35DA, 0x2DDA, 0x2DDA, 0x35DA, 0x2DDA, 0x2DDA, 0x2DDA, 0x2DDA, 0x2DBA, 0x2D99, 0x2D78, 0x2D79,
    0x2D58, 0x2D78, 0x2D79, 0x2D78, 0x2D99, 0x2D79, 0x2D99, 0x2DBA, 0x2DB9, 0x2D99, 0x2D99, 0x2D78,
    0x361B, 0x361B, 0x363B, 0x363C, 0x361B, 0x361B, 0x361B, 0x361B, 0x361B, 0x35FA, 0x35DA, 0x2DB9,
    0x2DDA, 0x2DDA, 0x35DA, 0x2DDA, 0x35DA, 0x2DDA, 0x2DBA, 0x2DB9, 0x2DB9, 0x2D99, 0x2D99, 0x2DB9,
    0x2DDA, 0x2DDA, 0x2DB9, 0x2DB9, 0x35FA, 0x35FB, 0x35FA, 0x35FA, 0x35DA, 0x35FA, 0x361B, 0x361B,
    0x35FA, 0x35DA, 0x35DA, 0x2DBA, 0x2DB9, 0x2DBA, 0x2DB9, 0x2DDA, 0x35DA, 0x35DA, 0x35FA, 0x35FA,
    0x2DDA, 0x2D99, 0x2D78, 0x2D99, 0x2D78, 0x2D79, 0x2D99, 0x2D99, 0x2DB9, 0x2D99, 0x2DB9, 0x2DB9,
    0x2DB9, 0x2D99, 0x2D99, 0x2D78, 0x361B, 0x361B, 0x35FB, 0x361B, 0x361B, 0x361B, 0x361B, 0x361B,
    0x361B, 0x361B, 0x35FA, 0x2DDA, 0x35DA, 0x35FA, 0x35FB, 0x35FA, 0x35DA, 0x2DDA, 0x2DDA, 0x2DDA,
    0x2DBA, 0x2DDA, 0x35DA, 0x35DA, 0x35DA, 0x2DDA, 0x2DBA, 0x2DBA, 0x2DDA, 0x35FB, 0x35DA, 0x35FA,
    0x35FA, 0x35FB, 0x361B, 0x35FA, 0x35FA, 0x35DA, 0x35DA, 0x2DDA, 0x2DBA, 0x2DB9, 0x2DB9, 0x2DDA,
    0x35DA, 0x35DA, 0x35FB, 0x35DA, 0x2DBA, 0x2D99, 0x2D78, 0x2D99, 0x2D99, 0x2D99, 0x2D99, 0x2DB9,
    0x2D99, 0x2D99, 0x2DB9, 0x2DB9, 0x2D99, 0x2D78, 0x2D78, 0x2D78, 0x35FA, 0x35DA, 0x2DDA, 0x35DA,
    0x35FA, 0x35FB, 0x361B, 0x361B, 0x361B, 0x361B, 0x35FA, 0x5E3A, 0x35FA, 0x35FB, 0x35FB, 0x35FA,
    0x2DBA, 0x35DA, 0x35FA, 0x35FB, 0x35FA, 0x35FA, 0x35FA, 0x35DA, 0x35DA, 0x35DA, 0x35FA, 0x35DA,
    0x2DDA, 0x2DDA, 0x35DA, 0x35DA, 0x35FA, 0x35FA, 0x35FA, 0x35FA, 0x35FB, 0x2DDA, 0x2DB9, 0x2D99,
    0x2DB9, 0x2D99, 0x2DB9, 0x2DDA, 0x35DA, 0x35DA, 0x2DDA, 0x2DB9, 0x2D99, 0x2D99, 0x2D78, 0x2D99,
    0x2D78, 0x2D79, 0x2DB9, 0x2DB9, 0x2D99, 0x2D99, 0x2D99, 0x2D79, 0x2D78, 0x2D78, 0x2D78, 0x2D58,
    0x2DDA, 0x2DDA, 0x2DBA, 0x2DDA, 0x35DA, 0x35DA, 0x35FB, 0x35FB, 0x361B, 0x361B, 0x35FB, 0x35DA,
    0x35DA, 0x35FB, 0x35FA, 0x35DA, 0x2DDA, 0x2DDA, 0x2DDA, 0x2DDA, 0x35DA, 0x2DDA, 0x2DDA, 0x35DA,
    0x35DA, 0x35DA, 0x35FA, 0x35DA, 0x2DDA, 0x2DDA, 0x2DDA, 0x2DDA, 0x35DA, 0x2DDA, 0x2DBA, 0x2DBA,
    0x2DBA, 0x2DB9, 0x2D99, 0x2D99, 0x2D99, 0x2D99, 0x2D79, 0x2D99, 0x2DDA, 0x35DA, 0x2DDA, 0x5E1A,
    0x2D99, 0x2D99, 0x2D78, 0x2D78, 0x2D99, 0x2D78, 0x2D99, 0x2D78, 0x2D78, 0x2D99, 0x2D78, 0x2D79,
    0x2D78, 0x2D78, 0x2D58, 0x2D58, 0x2DDA, 0x5E3B, 0x2DBA, 0x2DDA, 0x2DDA, 0x2DDA, 0x2DDA, 0x35FA,
    0x35FB, 0x35FB, 0x35FA, 0x2DDA, 0x2DDA, 0x2DDA, 0x2DDA, 0x2DDA, 0x35DA, 0x2DDA, 0x2DB9, 0x2D99,
    0x2D99, 0x2D99, 0x2DB9, 0x2DB9, 0x2DDA, 0x2DDA, 0x2DBA, 0x2DBA, 0x2DB9, 0x2DB9, 0x2DB9, 0x2DBA,
    0x2DBA, 0x2DBA, 0x2D99, 0x2D99, 0x5E1A, 0x2D78, 0x2D78, 0x2D99, 0x2D99, 0x2D78, 0x2D79, 0x2D99,
    0x2DBA, 0x2DDA, 0x2DBA, 0x2D99, 0x2D99, 0x2D78, 0x2D78, 0x2D78, 0x2D58, 0x5DF9, 0x2D58, 0x2D58,
    0x2D78, 0x2D78, 0x2D78, 0x2D99, 0x2D99, 0x2D78, 0x2D58, 0x2D57, 0x2DB9, 0x2DBA, 0x2DDA, 0x2DDA,
    0x2DBA, 0x2DB9, 0x2DBA, 0x2DBA, 0x2DDA, 0x2DDA, 0x2DDA, 0x2DBA, 0x2DB9, 0x2DBA, 0x2DB9, 0x2DB9,
    0x2DDA, 0x2DB9, 0x2D99, 0x2D78, 0x2D78, 0x2D78, 0x2D99, 0x2DB9, 0x2DBA, 0x2DB9, 0x2DB9, 0x2D99,
    0x2DB9, 0x2DBA, 0x2DBA, 0x2DB9, 0x2DB9, 0x2DB9, 0x2D99, 0x2D78, 0x2D58, 0x2D58, 0x2D78, 0x2D99,
    0x2D99, 0x2D79, 0x2D99, 0x2DB9, 0x2DB9, 0x2DB9, 0x2DB9, 0x2D99, 0x2D79, 0x2D99, 0x2D99, 0x2D78,
    0x2D57, 0x2D37, 0x2D37, 0x2D58, 0x2D58, 0x2D78, 0x2D78, 0x2D99, 0x2D99, 0x2D79, 0x2D58, 0x2D57,
    0x2DB9, 0x2DB9, 0x2DBA, 0x2DDA, 0x2DBA, 0x2DB9, 0x2D99, 0x2DB9, 0x2DB9, 0x2DB9, 0x2DB9, 0x2DB9,
    0x2D99, 0x2DB9, 0x2D99, 0x2D99, 0x2D99, 0x2D99, 0x2D99, 0x2D79, 0x2D99, 0x2D79, 0x2D99, 0x2DB9,
    0x2DBA, 0x2DBA, 0x2D99, 0x2D99, 0x2DB9, 0x2DB9, 0x2D99, 0x2D99, 0x2D99, 0x2D99, 0x2D99, 0x2D78,
    0x2D78, 0x2D58, 0x2D78, 0x2D78, 0x2D99, 0x2D78, 0x2D78, 0x2D99, 0x2D99, 0x2DB9, 0x2DB9, 0x2DB9,
    0x2D99, 0x2D99, 0x2D78, 0x2D78, 0x2D58, 0x2D37, 0x2D37, 0x2D57, 0x2D78, 0x2D78, 0x2D78, 0x2D99,
    0x2D99, 0x2D99, 0x2D78, 0x2D78, 0x2DB9, 0x2DBA, 0x2DDA, 0x2DDA, 0x2DB9, 0x2DB9, 0x2D99, 0x2DB9,
    0x2D99, 0x2DB9, 0x2DB9, 0x2DBA, 0x2D99, 0x2D99, 0x2D78, 0x2D99, 0x2D99, 0x2D78, 0x2D99, 0x2D99,
    0x2DB9, 0x2DB9, 0x2DB9, 0x2DB9, 0x2DB9, 0x2DB9, 0x2D99, 0x2DB9, 0x2DB9, 0x5E1A, 0x2D99, 0x2D79,
    0x5E1A, 0x2D78, 0x2D78, 0x5DFA, 0x2D78, 0x2D78, 0x2D79, 0x2D78, 0x2D99, 0x2D78, 0x2D78, 0x2D99,
    0x2D99, 0x2DB9, 0x2DDA, 0x2DBA, 0x2DB9, 0x2D99, 0x2D99, 0x2D78, 0x2D78, 0x2D57, 0x2D57, 0x2D57,
    0x2D58, 0x2D78, 0x2D99, 0x2D99, 0x2DB9, 0x2DB9, 0x2D99, 0x2D99, 0x2DDA, 0x2DDA, 0x5E3B, 0x2DDA,
    0x2DDA, 0x2DBA, 0x2DBA, 0x2DB9, 0x2D99, 0x2D99, 0x2D99, 0x2D99, 0x2D99, 0x2D78, 0x2D78, 0x2D99,
    0x2D78, 0x2D78, 0x2D99, 0x2DB9, 0x2DB9, 0x2DDA, 0x2DBA, 0x2DDA, 0x2DDA, 0x2DDA, 0x2DBA, 0x2DDA,
    0x2DBA, 0x2DB9, 0x2D99, 0x2D99, 0x2D99, 0x2D99, 0x5E1A, 0x2D99, 0x2D99, 0x2D99, 0x2D99, 0x2D99,
    0x2D99, 0x2D99, 0x2D99, 0x2D99, 0x2D99, 0x2DB9, 0x2DDA, 0x2DDA, 0x2DBA, 0x2DBA, 0x2D99, 0x2D78,
    0x2D78, 0x2D58, 0x2D78, 0x2D78, 0x2D78, 0x2D99, 0x2D99, 0x2DB9, 0x2DDA, 0x2DDA, 0x2DBA, 0x2DBA,
    0x35DA, 0x35FB, 0x35FB, 0x35FA, 0x2DDA, 0x2DDA, 0x2DDA, 0x2DBA, 0x2D99, 0x2D99, 0x2D99, 0x2DB9,
    0x2D99, 0x2D78, 0x2D78, 0x2D78, 0x2D78, 0x2D79, 0x2D99, 0x2D99, 0x2DB9, 0x2DB9, 0x35DA, 0x35DA,
    0x35FA, 0x35FA, 0x35DA, 0x2DDA, 0x2DBA, 0x2DBA, 0x2DB9, 0x2DB9, 0x2DB9, 0x2DBA, 0x2DDA, 0x2DBA,
    0x2DB9, 0x2DB9, 0x2DDA, 0x2DDA, 0x2DB9, 0x2DBA, 0x2DBA, 0x2D99, 0x2D99, 0x2DDA, 0x2DDA, 0x2DDA,
    0x2DB9, 0x2D99, 0x2DB9, 0x2D99, 0x2D78, 0x2D78, 0x2D78, 0x2D78, 0x2D99, 0x2DB9, 0x2DDA, 0x2DDA,
    0x35FB, 0x35FA, 0x2DDA, 0x2DDA, 0x361B, 0x35FB, 0x35FB, 0x35FA, 0x35DA, 0x35DA, 0x2DDA, 0x2DB9,
    0x2D99, 0x2D79, 0x2D78, 0x2D78, 0x2D78, 0x2D58, 0x2D78, 0x2D78, 0x2D78, 0x2D58, 0x2D78, 0x2D78,
    0x2DB9, 0x2DDA, 0x35DA, 0x35FB, 0x35FB, 0x35FB, 0x35FA, 0x35DA, 0x2DBA, 0x2DBA, 0x2DBA, 0x2DDA,
    0x35DA, 0x35DA, 0x35DA, 0x2DDA, 0x2DBA, 0x2DDA, 0x35FA, 0x35FB, 0x35DA, 0x2DBA, 0x2DBA, 0x2DB9,
    0x2DB9, 0x2DB9, 0x2DB9, 0x2DBA, 0x2DB9, 0x2DB9, 0x2DB9, 0x2D99, 0x2D78, 0x2D58, 0x2D78, 0x2D99,
    0x2DB9, 0x2DDA, 0x35DA, 0x35DA, 0x35FB, 0x35FB, 0x35DA, 0x35DA, 0x361B, 0x35FB, 0x35FB, 0x35FA,
    0x35DA, 0x2DDA, 0x2DB9, 0x2D99, 0x2D78, 0x2D78, 0x2D58, 0x2D58, 0x2D58, 0x2D37, 0x2D57, 0x2D58,
    0x2D58, 0x2D58, 0x2D78, 0x2D78, 0x2D99, 0x2DBA, 0x2DDA, 0x35DA, 0x35FA, 0x35DA, 0x35DA, 0x35DA,
    0x2DDA, 0x2DB9, 0x2DB9, 0x2DB9, 0x2DB9, 0x2DB9, 0x2DDA, 0x2DB9, 0x2DDA, 0x35DA, 0x35DA, 0x35DA,
    0x2DDA, 0x2DBA, 0x2DB9, 0x2DB9, 0x2DB9, 0x2DB9, 0x2DB9, 0x2DBA, 0x2DB9, 0x2DBA, 0x2DBA, 0x2D99,
    0x2D78, 0x2D78, 0x2D99, 0x2DB9, 0x2DB9, 0x2DDA, 0x35DA, 0x35FA, 0x35FB, 0x35FB, 0x35DA, 0x35DA,
    0x35FB, 0x35FB, 0x35FA, 0x2DDA, 0x2DBA, 0x2DBA, 0x2D99, 0x2D78, 0x2D58, 0x2D58, 0x2D57, 0x2D57,
    0x2D37, 0x2D37, 0x2D37, 0x2D57, 0x2D58, 0x2D58, 0x2D58, 0x2D78, 0x2D78, 0x2D99, 0x2D99, 0x2DB9,
    0x2DB9, 0x2DB9, 0x2DB9, 0x2DB9, 0x2D99, 0x2D99, 0x2D99, 0x2D99, 0x2D78, 0x2D99, 0x2D99, 0x2D99,
    0x2DDA, 0x2DDA, 0x2DDA, 0x2DBA, 0x2DB9, 0x2DB9, 0x2D99, 0x2D99, 0x2D99, 0x2DB9, 0x2DB9, 0x2DB9,
    0x2DB9, 0x2DB9, 0x2DBA, 0x2D99, 0x2D79, 0x2D78, 0x2D99, 0x2DB9, 0x2DBA, 0x2DDA, 0x2DBA, 0x2DDA,
    0x35FA, 0x2DBA, 0x2DB9, 0x2DBA, 0x2DDA, 0x35DA, 0x2DDA, 0x2DBA, 0x2D99, 0x2D99, 0x2D99, 0x2D58,
    0x2D57, 0x2D57, 0x2D37, 0x2D37, 0x2D17, 0x2D37, 0x5DD9, 0x2D37, 0x2D57, 0x2D57, 0x2D58, 0x2D58,
    0x5DF9, 0x2D78, 0x2D78, 0x2D78, 0x2D78, 0x2D78, 0x2D99, 0x2D99, 0x2D99, 0x2D79, 0x2D78, 0x2D78,
    0x2D58, 0x2D78, 0x2D58, 0x2D99, 0x2D99, 0x2DB9, 0x2DB9, 0x2D99, 0x2D99, 0x2D99, 0x2D99, 0x2D99,
    0x2D78, 0x2D99, 0x2D99, 0x2DB9, 0x2DB9, 0x2D99, 0x2D99, 0x2D99, 0x5DFA, 0x2D78, 0x2D99, 0x2D99,
    0x2DB9, 0x2DB9, 0x2DDA, 0x2DDA, 0x2DBA, 0x2D99, 0x2D99, 0x2D99, 0x2DB9, 0x2DB9, 0x2DB9, 0x2DB9,
    0x2D99, 0x2D78, 0x2D78, 0x2D58, 0x2D58, 0x2D37, 0x2D37, 0x2D37, 0x2D17, 0x2D16, 0x2D16, 0x2D17,
    0x2D37, 0x2D37, 0x2D37, 0x2D57, 0x2D58, 0x2D58, 0x2D58, 0x2D58, 0x2D58, 0x2D78, 0x2D78, 0x2D78,
    0x2D78, 0x2D58, 0x2D57, 0x2D37, 0x2D37, 0x2D57, 0x2D78, 0x2D78, 0x2D78, 0x2D79, 0x2D99, 0x2D99,
    0x2D99, 0x2D99, 0x2D99, 0x2D99, 0x2D78, 0x2D78, 0x2D78, 0x2D78, 0x2D99, 0x2D99, 0x2D99, 0x2D78,
    0x2D78, 0x2D78, 0x2D99, 0x2D78, 0x2D99, 0x2D99, 0x2D99, 0x2D99, 0x2D99, 0x2D99, 0x2D99, 0x2D78,
    0x2D99, 0x2D78, 0x2D99, 0x2D99, 0x2D99, 0x2D78, 0x2D57, 0x2D58, 0x5DF9, 0x2D57, 0x2D37, 0x2D17,
    0x2D17, 0x2D16, 0x2D16, 0x2D17, 0x2D37, 0x2D17, 0x2D37, 0x2D37, 0x2D57, 0x2D57, 0x2D37, 0x2D37,
    0x2D37, 0x2D58, 0x2D58, 0x2D58, 0x2D58, 0x2D37, 0x2D16, 0x2D16, 0x2D16, 0x5DF9, 0x2D78, 0x2D58,
    0x2D58, 0x2D58, 0x2D79, 0x2D79, 0x2D99, 0x2D99, 0x2D99, 0x2D78, 0x2D58, 0x2D58, 0x2D58, 0x2D58,
    0x2D58, 0x2D78, 0x2D78, 0x2D78, 0x2D78, 0x2D78, 0x2D78, 0x2D78, 0x2D78, 0x2D99, 0x2D78, 0x2D78,
    0x2D79, 0x2D78, 0x2D78, 0x2D58, 0x2D99, 0x2D78, 0x2D99, 0x2D99, 0x2D99, 0x2D78, 0x2D58, 0x2D58,
    0x2D58, 0x2D57, 0x2D37, 0x2D16, 0x2D16, 0x2D16, 0x2D37, 0x2D37, 0x2D37, 0x2D37, 0x2D37, 0x2D37,
    0x2D37, 0x2D37, 0x2D37, 0x2D37, 0x2D37, 0x2D37, 0x2D37, 0x2D57, 0x2D37, 0x2D37, 0x2D17, 0x2D17,
    0x2D37, 0x2D37, 0x2D58, 0x2D58, 0x2D58, 0x2D58, 0x2D78, 0x2D99, 0x2D99, 0x2D99, 0x2D99, 0x2D78,
    0x2D78, 0x2D78, 0x2D58, 0x2D58, 0x2D78, 0x2D78, 0x2D58, 0x2D78, 0x2D58, 0x2D78, 0x2D99, 0x2D78,
    0x2D78, 0x2D78, 0x2D78, 0x2D78, 0x2D78, 0x2D58, 0x2D78, 0x2D78, 0x2D99, 0x2D99, 0x2D99, 0x2D99,
    0x2D99, 0x2D99, 0x2D78, 0x2D58, 0x2D58, 0x2D57, 0x2D37, 0x2D17, 0x2D37, 0x2D37, 0x2D57, 0x2D57,
    0x2D58, 0x2D37, 0x2D37, 0x2D17, 0x2D37, 0x2D37, 0x2D37, 0x2D37, 0x2D17, 0x2D37, 0x2D17, 0x2D37,
    0x2D37, 0x2D37, 0x2D37, 0x2D37, 0x2D57, 0x2D57, 0x2D58, 0x2D58, 0x2D58, 0x2D58, 0x2D78, 0x2D79,
    0x2D99, 0x2D99, 0x2D99, 0x2D99, 0x2D99, 0x2D78, 0x2D78, 0x2D78, 0x2D58, 0x2D78, 0x2D78, 0x2D58,
    0x2D78, 0x2D79, 0x2D78, 0x2D78, 0x2D78, 0x2D78, 0x2D78, 0x2D99, 0x2D99, 0x2D79, 0x2D99, 0x2D78,
    0x2D99, 0x2D99, 0x2D99, 0x2DB9, 0x2DB9, 0x2D99, 0x2D99, 0x2D78, 0x2D78, 0x2D58, 0x2D57, 0x2D57,
    0x2D58, 0x2D58, 0x2D58, 0x2D78, 0x2D78, 0x2D58, 0x2D37, 0x2D37, 0x2D37, 0x2D58, 0x2D37, 0x2D37,
    0x2D37, 0x2D37, 0x2D17, 0x2D37, 0x2D37, 0x2D57, 0x2D58, 0x2D58, 0x2D78, 0x2D58, 0x2D58, 0x2D78,
    0x2D78, 0x2D79, 0x2D99, 0x2D99, 0x2DB9, 0x2DB9, 0x2D99, 0x2D99, 0x2DB9, 0x2D99, 0x2D99, 0x2D79,
    0x2D78, 0x2D99, 0x2D78, 0x2D78, 0x2D99, 0x2D99, 0x2D99, 0x2D99, 0x2D78, 0x2D79, 0x2D99, 0x2D99,
    0x2D99, 0x2D99, 0x2D99, 0x2D99, 0x2DB9, 0x2DB9, 0x2DBA, 0x2DDA, 0x2DB9, 0x2DB9, 0x2D99, 0x2D99,
    0x2D99, 0x2D78, 0x2D78, 0x2D58, 0x2D78, 0x2D78, 0x2D58, 0x2D78, 0x2D58, 0x2D58, 0x2D57, 0x2D37,
    0x2D57, 0x2D58, 0x2D58, 0x2D57, 0x2D57, 0x2D37, 0x2D58, 0x2D57, 0x2D58, 0x2D58, 0x2D78, 0x2D78,
    0x2D78, 0x2D78, 0x2D78, 0x5E1A, 0x2D99, 0x2DB9, 0x2DDA, 0x2DDA, 0x2DBA, 0x2DB9, 0x2D99, 0x2DB9,
    0x2D99, 0x2D99, 0x2D99, 0x2D99, 0x2D99, 0x2DB9, 0x2DB9, 0x2D99, 0x2D99, 0x2DB9, 0x2DB9, 0x2DBA,
    0x2DB9, 0x2D99, 0x2DB9, 0x2DBA, 0x2DBA, 0x2DB9, 0x2DB9, 0x2DDA, 0x2DDA, 0x2DBA, 0x35DA, 0x35FB,
    0x35DA, 0x2DBA, 0x2D99, 0x2D99, 0x2DB9, 0x2D99, 0x2D99, 0x2D78, 0x2D99, 0x2D99, 0x2D78, 0x2D58,
    0x2D58, 0x2D57, 0x2D58, 0x2D58, 0x2D78, 0x2D78, 0x2D78, 0x2D57, 0x2D57, 0x2D58, 0x2D78, 0x2D78,
    0x2D78, 0x2D78, 0x2D99, 0x2D99, 0x2D79, 0x2D78, 0x2D79, 0x2D99, 0x2DB9, 0x35DA, 0x35FB, 0x35FB,
    0x35FA, 0x2DDA, 0x2DB9, 0x2DDA, 0x2DBA, 0x2DB9, 0x2D99, 0x2DB9, 0x2DB9, 0x2DDA, 0x35DA, 0x2DDA,
    0x2DB9, 0x2DBA, 0x35DA, 0x35FA, 0x2DDA, 0x35DA, 0x2DDA, 0x2DDA, 0x2DBA, 0x2DDA, 0x2DDA, 0x35FB,
    0x35DA, 0x2DBA, 0x35DA, 0x35FB, 0x35FA, 0x2DBA, 0x2DB9, 0x2DB9, 0x2D99, 0x2D99, 0x2D99, 0x2D78,
    0x2D99, 0x2D78, 0x2D79, 0x2D58, 0x2D58, 0x2D58, 0x2D58, 0x2D58, 0x2D99, 0x2D99, 0x2D78, 0x2D78,
    0x2D57, 0x2D78, 0x2D99, 0x2D99, 0x2D78, 0x2D78, 0x2D79, 0x2D99, 0x2D99, 0x2D78, 0x2D78, 0x2D99,
    0x35DA, 0x35FB, 0x361B, 0x361B, 0x35FB, 0x35DA, 0x2DB9, 0x2DB9, 0x2DB9, 0x2DB9, 0x2D99, 0x2DBA,
    0x2DDA, 0x35FA, 0x35FB, 0x35DA, 0x2DB9, 0x2DDA, 0x35FA, 0x35FB, 0x35DA, 0x35FB, 0x35FA, 0x2DDA,
    0x2DBA, 0x35DA, 0x35FB, 0x361B, 0x2DB9, 0x2DB9, 0x2D99, 0x2D58, 0x2D58, 0x2D58, 0x2D78, 0x2D99,
    0x2DDA, 0x2D99, 0x2D78, 0x3D99, 0x2D78, 0x2D99, 0x3DDA, 0x35FB, 0x35FB, 0x35DA, 0x35DA, 0x2DB9,
    0x2DB9, 0x2DB9, 0x35DA, 0x361B, 0x361B, 0x35FA, 0x2DDA, 0x2DDA, 0x35DA, 0x3DFA, 0x35DA, 0x35DA,
    0x2D99, 0x2D99, 0x2D78, 0x2D58, 0x2D58, 0x2D57, 0x2D78, 0x2D99, 0x2D99, 0x2D99, 0x3DB9, 0x2D99,
    0x2D99, 0x2DB9, 0x2DDA, 0x35DA, 0x35FA, 0x2DB9, 0x2D99, 0x3DB9, 0x2D99, 0x2D99, 0x2DDA, 0x3E1B,
    0x3E1B, 0x35FB, 0x35DA, 0x35DA, 0x35DA, 0x2DB9, 0x2DBA, 0x2DDA, 0x2D78, 0x2D58, 0x2D58, 0x2D78,
    0x3D98, 0x2D37, 0x2D58, 0x2D78, 0x2D78, 0x2D78, 0x2D78, 0x2D78, 0x2D58, 0x2D78, 0x2DB9, 0x2DB9,
    0x2DB9, 0x2D78, 0x2D58, 0x2D58, 0x2D79, 0x2D99, 0x2D99, 0x2DDA, 0x2DBA, 0x2DB9, 0x2DB9, 0x2D99,
    0x2D99, 0x2D78, 0x2D78, 0x2D99, 0x2D99, 0x2D58, 0x2D58, 0x2D78, 0x2D78, 0x2D57, 0x2D58, 0x2D78,
    0x3D99, 0x2D78, 0x2D78, 0x2D58, 0x2D57, 0x2D58, 0x2D99, 0x2DB9, 0x2D99, 0x2D78, 0x2D78, 0x3D98,
    0x2D78, 0x2D99, 0x2D99, 0x2DB9, 0x2D99, 0x2D78, 0x2D78, 0x2D78, 0x2D58, 0x2D57, 0x2D58, 0x2D78,
    0x2D99, 0x2D99, 0x2D99, 0x2DB9, 0x2D99, 0x2D99, 0x2DB9, 0x2DBA, 0x2DDA, 0x2DB9, 0x2D99, 0x2D79,
    0x2D99, 0x2D99, 0x2DB9, 0x2DDA, 0x35DA, 0x3DDA, 0x2DBA, 0x3DDA, 0x2DB9, 0x2D99, 0x2DB9, 0x2DDA,
    0x2DB9, 0x2D99, 0x2D78, 0x2D78, 0x2D78, 0x2D78, 0x2D78, 0x2D78, 0x2DBA, 0x2DBA, 0x35DA, 0x35DA,
    0x2DDA, 0x35DA, 0x35FA, 0x361B, 0x361B, 0x361B, 0x361B, 0x35FA, 0x2DDA, 0x35FA, 0x35FB, 0x35FB,
    0x35FB, 0x361B, 0x35FB, 0x35DA, 0x35DA, 0x35FA, 0x35DA, 0x35FB, 0x2DBA, 0x2D99, 0x2D99, 0x2DB9,
    0x2D99, 0x2D99, 0x2DB9, 0x35DA, 0x3DFA, 0x35DA, 0x2DDA, 0x35DA, 0x35FA, 0x35FA, 0x35DA, 0x35FB,
    0x35FA, 0x35FB, 0x361B, 0x35FB, 0x35DA, 0x35DA, 0x35FA, 0x35FB, 0x35FB, 0x35FB, 0x361B, 0x35DA,
    0x35DA, 0x35DA, 0x35DA, 0x35DA, 0x35DA, 0x2DB9, 0x2D99, 0x2DB9, 0x2DB9, 0x35DA, 0x35DA, 0x35FA,
    0x2DDA, 0x2DB9, 0x2DB9, 0x2DDA, 0x2DBA, 0x2DB9, 0x2DB9, 0x2DB9, 0x2DB9, 0x2DDA, 0x35DA, 0x35DA,
    0x2DB9, 0x2DB9, 0x35DA, 0x35DA, 0x2DBA, 0x2DBA, 0x35FA, 0x35FA, 0x2DDA, 0x2DB9, 0x2D99, 0x2D99,
    0x2DB9, 0x2DB9, 0x2DB9, 0x2DB9, 0x2DBA, 0x35FA, 0x35DA, 0x2DDA, 0x2DB9, 0x2D99, 0x2DB9, 0x2DB9,
    0x2D78, 0x2D78, 0x2D99, 0x2D99, 0x2D99, 0x3DFA, 0x2DDA, 0x2DBA, 0x2D99, 0x2D99, 0x2DB9, 0x2D99,
    0x2D78, 0x2DB9, 0x2DDA, 0x35FB, 0x35FA, 0x2DBA, 0x2D78, 0x2D58, 0x2D99, 0x2DB9, 0x2DB9, 0x3DFA,
    0x35FA, 0x35FB, 0x35FA, 0x3DDA, 0x2DBA, 0x35DA, 0x2DB9, 0x2D99, 0x2D78, 0x2D78, 0x2D99, 0x2D99,
    0x2DBA, 0x2DB9, 0x35DA, 0x35DA, 0x35BA, 0x35DA, 0x2DB9, 0x2D99, 0x2D99, 0x2D99, 0x2DBA, 0x361B,
    0x35DA, 0x2D99, 0x2D78, 0x2D78, 0x2D99, 0x2D99, 0x2DB9, 0x2DBA, 0x35FB, 0x361B, 0x361B, 0x35DA,
    0x35FA, 0x35DA, 0x2DBA, 0x2DB9, 0x2D99, 0x2DB9, 0x2DB9, 0x2DDA, 0x35DA, 0x35DA, 0x35FA, 0x35DA,
    0x35FA, 0x35DA, 0x35FA, 0x35DA, 0x2DBA, 0x2DBA, 0x35FA, 0x361B, 0x35FB, 0x35DA, 0x2DB9, 0x3DB9,
    0x2D99, 0x2DB9, 0x35DA, 0x35DA, 0x35FB, 0x361B, 0x361B, 0x35FB, 0x35FA, 0x35DA, 0x2DB9, 0x2DB9,
    0x2D99, 0x2DB9, 0x2DB9, 0x2D99, 0x35BA, 0x35DA, 0x35DA, 0x35DA, 0x35FA, 0x361B, 0x35FA, 0x35FA,
    0x35DA, 0x2DDA, 0x35DA, 0x35DA, 0x35DA, 0x35DA, 0x2DB9, 0x2D99, 0x2DB9, 0x2DDA, 0x35DA, 0x35DA,
    0x35FB, 0x361B, 0x361B, 0x35FB, 0x2DB9, 0x2D99, 0x2D99, 0x2D99, 0x2D78, 0x2D78, 0x2D78, 0x2D78,
    0x2D78, 0x2D99, 0x2DB9, 0x2DB9, 0x35DA, 0x35FA, 0x2DDA, 0x2DB9, 0x2DB9, 0x2DB9, 0x2D99, 0x2D99,
    0x2D99, 0x2D99, 0x2D78, 0x2D58, 0x2D78, 0x2D99, 0x2DB9, 0x2DB9, 0x35DA, 0x3DFA, 0x35DA, 0x35DA,
    0x2D99, 0x2D78, 0x2D78, 0x2D78, 0x2D58, 0x2D57, 0x2D57, 0x2D57, 0x2D37, 0x2D58, 0x2D78, 0x2D99,
    0x2D99, 0x2D99, 0x2D99, 0x2D78, 0x2D99, 0x2D99, 0x2D99, 0x2D78, 0x2D78, 0x2D78, 0x2D58, 0x2D58,
    0x2D57, 0x2D57, 0x2D78, 0x2D79, 0x2D78, 0x2D99, 0x2D99, 0x2D99, 0x2D99, 0x2D78, 0x2D78, 0x2D99,
    0x2D99, 0x2D58, 0x2D58, 0x2D58, 0x2D58, 0x2D78, 0x3D99, 0x2D78, 0x2D58, 0x3D99, 0x2D78, 0x2D78,
    0x2D79, 0x2D78, 0x2D78, 0x2D99, 0x2D99, 0x2D78, 0x2D78, 0x3578, 0x2D37, 0x2D57, 0x2D58, 0x2D58,
    0x2D78, 0x2D78, 0x2D78, 0x2D78, 0x35DA, 0x2DB9, 0x2D99, 0x2DB9, 0x2DB9, 0x2D99, 0x2D99, 0x2D78,
    0x2D79, 0x2D99, 0x2D99, 0x3D98, 0x2D58, 0x2D78, 0x2D78, 0x2D99, 0x2DB9, 0x2DB9, 0x2DB9, 0x2DDA,
    0x2DB9, 0x2D99, 0x2D78, 0x2D58, 0x2D58, 0x2D78, 0x2D78, 0x2D78, 0x2D78, 0x3D98, 0x2D78, 0x2D99,
    0x35FB, 0x2DDA, 0x2DB9, 0x2DB9, 0x2DDA, 0x2DB9, 0x2D99, 0x3DB9, 0x2D78, 0x2D78, 0x2D78, 0x2D78,
    0x2D58, 0x2D58, 0x2D78, 0x2D99, 0x2DBA, 0x2DDA, 0x35DA, 0x35FA, 0x2DBA, 0x2D99, 0x2D99, 0x2D78,
    0x2D58, 0x2D78, 0x2D99, 0x2D78, 0x2D58, 0x2D78, 0x2D78, 0x2D78, 0x2DB9, 0x2DB9, 0x2D99, 0x2D99,
    0x2DB9, 0x2DB9, 0x2D99, 0x2D78, 0x2D58, 0x2D57, 0x2D57, 0x2D58, 0x2D58, 0x2D57, 0x2D58, 0x2D78,
    0x2D99, 0x2DB9, 0x35DA, 0x35DA, 0x2DDA, 0x2DB9, 0x2D99, 0x2D58, 0x2D58, 0x2D78, 0x2D78, 0x2D78,
    0x3D58, 0x2D57, 0x2D58, 0x2D58, 0x2D99, 0x2D99, 0x2D99, 0x2D99, 0x2D99, 0x2D79, 0x2D58, 0x2D57,
    0x2D57, 0x2D58, 0x2D58, 0x2D57, 0x2D37, 0x2D37, 0x2D58, 0x2D99, 0x2D99, 0x2DB9, 0x2DBA, 0x2DB9,
    0x2D99, 0x2D99, 0x2D79, 0x2D57, 0x2D58, 0x2D58, 0x2D78, 0x2D58, 0x2D37, 0x2D37, 0x2D37, 0x2D37,
    0x2DBA, 0x35DA, 0x2DBA, 0x2D99, 0x2DB9, 0x2D78, 0x2D78, 0x2D58, 0x2D58, 0x2D58, 0x2D58, 0x2D78,
    0x2D78, 0x2D58, 0x2D99, 0x2DB9, 0x2DB9, 0x2DBA, 0x2DB9, 0x2DDA, 0x2DBA, 0x2D99, 0x2D99, 0x2D78,
    0x2D78, 0x2D78, 0x2D78, 0x3D98, 0x2D58, 0x2D58, 0x2D58, 0x2D57, 0x361B, 0x361B, 0x361B, 0x35FA,
    0x35DA, 0x2DB9, 0x2D99, 0x2DB9, 0x2D99, 0x2D99, 0x2D78, 0x2D99, 0x2DB9, 0x2D99, 0x35DA, 0x35DA,
    0x35FA, 0x35FB, 0x35FA, 0x35DA, 0x35DA, 0x35DA, 0x2DBA, 0x2DBA, 0x2D99, 0x2D78, 0x2D78, 0x2D79,
    0x2D99, 0x3DB9, 0x2D99, 0x2D78, 0x361B, 0x361B, 0x361B, 0x361B, 0x361B, 0x35DA, 0x35DA, 0x35DA,
    0x35DA, 0x2DBA, 0x2DB9, 0x35BA, 0x35DA, 0x2DBA, 0x35FA, 0x35FA, 0x35FA, 0x361B, 0x35FA, 0x35DA,
    0x2DB9, 0x2DDA, 0x35DA, 0x35FA, 0x2DB9, 0x2D99, 0x2D99, 0x2DB9, 0x2D99, 0x2DB9, 0x2D99, 0x2D78,
    0x35DA, 0x35DA, 0x35FA, 0x361B, 0x361B, 0x3DFA, 0x35FB, 0x35FA, 0x35DA, 0x35DA, 0x35DA, 0x35DA,
    0x35DA, 0x35FA, 0x2DDA, 0x35DA, 0x35FA, 0x35DA, 0x35DA, 0x2DB9, 0x2D99, 0x2DB9, 0x35DA, 0x3DDA,
    0x2D99, 0x2D99, 0x2D79, 0x2D99, 0x2D99, 0x2D79, 0x2D78, 0x2D58, 0x3DDA, 0x2DDA, 0x2DDA, 0x35DA,
    0x35FA, 0x35DA, 0x2DDA, 0x2DDA, 0x35DA, 0x2D99, 0x2D99, 0x2DB9, 0x2DDA, 0x2DB9, 0x2DB9, 0x2DBA,
    0x2DBA, 0x2D99, 0x3D98, 0x2D78, 0x2D99, 0x2D99, 0x2DBA, 0x2DB9, 0x2D99, 0x2D78, 0x3D78, 0x2D58,
    0x2D78, 0x2D99, 0x2D99, 0x2D58, 0x2DB9, 0x2DDA, 0x2DB9, 0x2D99, 0x2DB9, 0x2DB9, 0x2D99, 0x2D99,
    0x2D99, 0x2D99, 0x2D99, 0x2DB9, 0x2DBA, 0x2D99, 0x3DDA, 0x2D99, 0x3DB9, 0x3D99, 0x2D78, 0x2D78,
    0x2D99, 0x2D99, 0x2DB9, 0x2DBA, 0x2D99, 0x2D78, 0x2D58, 0x2D57, 0x2D78, 0x2D99, 0x2DB9, 0x2D99,
    0x35DA, 0x3DFA, 0x2DDA, 0x2DBA, 0x2D99, 0x2D99, 0x2D99, 0x2D78, 0x2D79, 0x2D99, 0x2DBA, 0x35DA,
    0x35DA, 0x35DA, 0x2DBA, 0x2DB9, 0x2DB9, 0x3DDA, 0x2DB9, 0x2DB9, 0x2DB9, 0x2DB9, 0x2DB9, 0x2DDA,
    0x2DBA, 0x2D99, 0x2D78, 0x2D78, 0x2D99, 0x2DBA, 0x35DA, 0x2DDA, 0x361B, 0x35FB, 0x35DA, 0x2DB9,
    0x2D78, 0x2D78, 0x2D58, 0x2D58, 0x2D78, 0x2D78, 0x2DB9, 0x35DA, 0x35FB, 0x35DA, 0x2DBA, 0x2DBA,
    0x35DA, 0x35DA, 0x35DA, 0x35FA, 0x35DA, 0x2DB9, 0x2DB9, 0x2DBA, 0x2DBA, 0x2DB9, 0x2D78, 0x2D99,
    0x2DBA, 0x35DA, 0x35FB, 0x35DA, 0x35FB, 0x35DA, 0x2DB9, 0x2D99, 0x2D58, 0x2D37, 0x2D37, 0x3578,
    0x2D58, 0x2D58, 0x3D99, 0x2D99, 0x2D99, 0x2D99, 0x2D99, 0x2D78, 0x2D78, 0x2D99, 0x2DBA, 0x2DB9,
    0x2DB9, 0x2D99, 0x2D99, 0x2DB9, 0x2DB9, 0x2DB9, 0x3D99, 0x2D99, 0x2DBA, 0x2DDA, 0x35DA, 0x2DB9,
    0x2D99, 0x2DB9, 0x2D99, 0x2D58, 0x3D78, 0x2D37, 0x2D16, 0x2D16, 0x2D37, 0x2D37, 0x2D58, 0x2D57,
    0x2D58, 0x2D78, 0x2D58, 0x2D37, 0x3558, 0x2D78, 0x2D78, 0x2D99, 0x2D99, 0x2D99, 0x2D78, 0x2D78,
    0x2D78, 0x2D78, 0x2D78, 0x2D78, 0x2D99, 0x2D99, 0x2D99, 0x2D78, 0x2D99, 0x2D99, 0x2D99, 0x2D58,
    0x2D58, 0x2D37, 0x2D37, 0x2D37, 0x2D57, 0x2D37, 0x2D37, 0x2D37, 0x2D37, 0x2D37, 0x2D37, 0x2D37,
    0x2D37, 0x2D58, 0x2D58, 0x2D78, 0x2D99, 0x2D99, 0x2D78, 0x2D78, 0x2D78, 0x2D78, 0x2D78, 0x2D79,
    0x2D78, 0x2D78, 0x2D78, 0x2D78, 0x2DB9, 0x2DB9, 0x2DB9, 0x2D99, 0x2D78, 0x2D58, 0x2D58, 0x2D78,
    0x2D58, 0x2D37, 0x2D57, 0x2D57, 0x2D37, 0x2D37, 0x2D58, 0x2D58, 0x2D78, 0x3D99, 0x2D99, 0x2DBA,
    0x2DB9, 0x2D99, 0x2DB9, 0x2D99, 0x2D99, 0x2D99, 0x2D99, 0x2DB9, 0x2D99, 0x2DB9, 0x2DB9, 0x2DB9,
    0x35DA, 0x35FA, 0x35DA, 0x2DB9, 0x2D99, 0x2D99, 0x2D99, 0x2D78, 0x2D58, 0x2D58, 0x2D99, 0x2D78,
    0x2D58, 0x2D78, 0x2D78, 0x2D99, 0x2D99, 0x2D99, 0x35DA, 0x361B, 0x35FA, 0x2DBA, 0x2DB9, 0x2DB9,
    0x35DA, 0x35DA, 0x2DBA, 0x35FA, 0x35FA, 0x35DA, 0x35DA, 0x35FB, 0x2D99, 0x2D78, 0x2D58, 0x2D78,
    0x2D99, 0x3599, 0x2D99, 0x35DA, 0x35DA, 0x35B9, 0x2DB9, 0x35FA, 0x35FB, 0x2DDA, 0x35DA, 0x2DDA,
    0x2D78, 0x2D58, 0x2D58, 0x2D58, 0x3578, 0x2D78, 0x2D58, 0x2D99, 0x2D99, 0x2D78, 0x2D99, 0x2DB9,
    0x2D99, 0x2D99, 0x2D78, 0x2D78, 0x2D99, 0x2DBA, 0x2DB9, 0x35DA, 0x35FA, 0x2DBA, 0x2DB9, 0x35DA,
    0x35FA, 0x35DA, 0x2DDA, 0x35DA, 0x2DB9, 0x2D99, 0x2D99, 0x2D99, 0x35DA, 0x2DBA, 0x2DDA, 0x2DDA,
    0x35DA, 0x35FA, 0x2DBA, 0x35DA, 0x35DA, 0x35FA, 0x2DDA, 0x2DB9, 0x2DB9, 0x2DB9, 0x2DDA, 0x35DA,
    0x2DB9, 0x2DB9, 0x2D78, 0x2D99, 0x35B9, 0x2DDA, 0x2DB9, 0x2D99, 0x2D99, 0x35FA, 0x2DBA, 0x2D78,
    0x2D99, 0x35DA, 0x35FB, 0x35FA, 0x35DA, 0x2DB9, 0x2D99, 0x2DB9, 0x35DA, 0x35DA, 0x35FA, 0x35FA,
    0x2DBA, 0x35DA, 0x35DA, 0x35B9, 0x2DB9, 0x35DA, 0x35FB, 0x361B, 0x2D99, 0x2D99, 0x2D58, 0x2D58,
    0x2D58, 0x2D99, 0x2DB9, 0x2D99, 0x2D99, 0x2D99, 0x2D78, 0x2D58, 0x2D78, 0x2D99, 0x35B9, 0x2DB9,
    0x2D99, 0x2D99, 0x2D99, 0x2D78, 0x2D78, 0x3598, 0x2D78, 0x2D78, 0x2D99, 0x2DB9, 0x2D99, 0x3578,
    0x2D58, 0x2D58, 0x2D78, 0x2D78, 0x2DDA, 0x2D99, 0x2DB9, 0x3599, 0x2D58, 0x2D58, 0x2D58, 0x2D78,
    0x2DB9, 0x35DA, 0x2DB9, 0x2D78, 0x2D58, 0x2D78, 0x2D58, 0x2D58, 0x2DB9, 0x2D99, 0x2D99, 0x2D58,
    0x2D58, 0x2D58, 0x2D57, 0x2D79, 0x2DB9, 0x2DB9, 0x2D99, 0x2D78, 0x2D58, 0x2D78, 0x2D57, 0x2D37,
    0x361B, 0x361B, 0x35DA, 0x2DBA, 0x2DB9, 0x2D99, 0x2DB9, 0x35DA, 0x35FB, 0x35DA, 0x2DDA, 0x2DDA,
    0x2D99, 0x2D79, 0x35B9, 0x2D99, 0x35DA, 0x35DA, 0x35FA, 0x2DDA, 0x2DBA, 0x2DBA, 0x35DA, 0x2DBA,
    0x2DBA, 0x3599, 0x2D99, 0x35DA, 0x2D99, 0x3578, 0x2D99, 0x2D78, 0x35DA, 0x2DBA, 0x2D99, 0x2D99,
    0x2D99, 0x2DB9, 0x2DBA, 0x35B9, 0x35B9, 0x2D99, 0x2D99, 0x2DB9, 0x2D99, 0x2D58, 0x2D99, 0x2DB9,
    0x35FA, 0x2DB9, 0x2D58, 0x2D58, 0x2D58, 0x35B9, 0x2DBA, 0x2D99, 0x2DB9, 0x2DDA, 0x2DB9, 0x2DB9,
    0x2DB9, 0x3599, 0x2DDA, 0x2DDA, 0x2D99, 0x2D78, 0x2D57, 0x2D17, 0x2D37, 0x2D57, 0x2D57, 0x2D37,
    0x2D58, 0x2D78, 0x2D99, 0x2D78, 0x2D78, 0x2D78, 0x2D78, 0x2D78, 0x2DDA, 0x2DB9, 0x2D78, 0x2D78,
    0x2D58, 0x2D58, 0x2D58, 0x2D78, 0x3598, 0x2DDA, 0x2DBA, 0x2D99, 0x2DB9, 0x2DBA, 0x2DBA, 0x2DDA,
    0x2D78, 0x2D58, 0x2D99, 0x2D99, 0x2D99, 0x2DB9, 0x2DBA, 0x2D99, 0x2DBA, 0x2DDA, 0x35DA, 0x2DDA,
    0x35DA, 0x2DDA, 0x2DB9, 0x2DB9, 0x2DB9, 0x2D99, 0x35DA, 0x2DDA, 0x2DDA, 0x2DB9, 0x2DB9, 0x35FB,
    0x2D99, 0x2D78, 0x2D78, 0x2D99, 0x2D99, 0x2D78, 0x2D78, 0x2D99, 0x2DB9, 0x2D99, 0x2D58, 0x2D58,
    0x2DBA, 0x2D99, 0x2D78, 0x2D57, 0x35FB, 0x35DA, 0x2DB9, 0x2DDA, 0x35DA, 0x35BA, 0x2D79, 0x2D99,
    0x35DA, 0x2D78, 0x2D99, 0x2DB9, 0x35B9, 0x2DB9, 0x2D99, 0x2DBA, 0x2D99, 0x2D58, 0x2D57, 0x2D58,
    0x2D99, 0x2D99, 0x2D99, 0x2D99, 0x2D99, 0x2DB9, 0x35BA, 0x2DB9, 0x2D99, 0x2DB9, 0x2D99, 0x2DB9,
    0x2DBA, 0x2D99, 0x2DB9, 0x2D78, 0x2D99, 0x2D78, 0x2D99, 0x2D99, 0x2D99, 0x2DB9, 0x2D99, 0x2D99,
    0x2D99,
};
}  // namespace u02
#endif  // ZHAO_REEL_UNNAMED02_PAGE_H
