// GENERATED by zhaozhou/tools/pack/mkcreaturepage.py
// DO NOT EDIT BY HAND. Regenerate if the concept sheets change.
//
// Zixxtrixx's texture page. The crayon grain in these tiles is LIFTED
// FROM S. HOFER'S SCAN at native resolution and applied as a multiplier
// over the measured pigment -- so the strokes, pressure marks and paper
// tooth are the ones in the drawing, not procedural noise.
//
// U is the ring angle and local +Z maps to world DOWN, so U = 192/256 is
// the animal's BACK. The dorsal band is painted at texel column 48.
//
// 6 tiles of 64x64, 252 of 256 palette entries used.
//   tile 0: body flank, dark-green front band, dorsal band at U=192, throat wedge
//   tile 1: head: blue front/underside, pink crown, dark-green rear flanks, side eyes
//   tile 2: eye (reserved)
//   tile 3: eye rim / pupil (reserved)
//   tile 4: tail blade, both faces pink with green slice at the U0 edge
//   tile 5: tail blade, both faces pink with green slice at the U32 edge

constexpr int kPageTiles = 6;
constexpr int kPageAtlasW = 128;
constexpr int kPageAtlasH = 256;
constexpr int kPageAtlasWords = 43690;
constexpr uint16_t kPageAtlas[43690] = {
    0x0479, 0x0499, 0x0479, 0x0499, 0x0479, 0x0499, 0x0479, 0x0499, 0x0479, 0x0499, 0x0479, 0x0499,
    0x0479, 0x0499, 0x0479, 0x0499, 0x0479, 0x0499, 0x0479, 0x0499, 0x0479, 0x0499, 0x0479, 0x0499,
    0x0479, 0x0499, 0x0479, 0x0499, 0x0479, 0x0499, 0x0479, 0x0499, 0x0479, 0x0499, 0x0479, 0x0499,
    0x0479, 0x0499, 0x0479, 0x0499, 0x0479, 0x0499, 0x0479, 0x0499, 0x0479, 0x0499, 0x0479, 0x0499,
    0x0479, 0x0499, 0x0479, 0x0499, 0x0479, 0x0499, 0x0479, 0x0499, 0x0479, 0x0499, 0x0479, 0x0499,
    0x0479, 0x0499, 0x0479, 0x0499, 0x0479, 0x0499, 0x0479, 0x0499, 0x0479, 0x0499, 0x0479, 0x0499,
    0x0479, 0x0499, 0x0479, 0x0499, 0x0479, 0x0499, 0x0479, 0x0499, 0x0479, 0x0499, 0x0479, 0x0499,
    0x0479, 0x0499, 0x0479, 0x0499, 0x0479, 0x0499, 0x0479, 0x0499, 0x0479, 0x0499, 0x0479, 0x0499,
    0x0479, 0x0499, 0x0479, 0x0499, 0x0479, 0x0499, 0x0479, 0x0499, 0x0479, 0x0499, 0x0479, 0x0499,
    0x0479, 0x0499, 0x0479, 0x0499, 0x0479, 0x0499, 0x0479, 0x0499, 0x0479, 0x0499, 0x0479, 0x0499,
    0x0479, 0x0499, 0x0479, 0x0499, 0x0479, 0x0499, 0x0479, 0x0499, 0x0373, 0x0394, 0x0394, 0x0352,
    0x0332, 0x0352, 0x03B5, 0x0373, 0x0311, 0x02F0, 0x02F0, 0x02F0, 0x0373, 0x0373, 0x0373, 0x0373,
    0x0394, 0x03B4, 0x0373, 0x0394, 0x03F6, 0x03B4, 0x0479, 0x0478, 0x0417, 0x03F6, 0x20E4, 0x20E4,
    0x20E4, 0x20E4, 0x20E4, 0x20E4, 0x20E4, 0x20E4, 0x20E4, 0x20E4, 0x20E4, 0x20E4, 0x20E4, 0x20E4,
    0x20E4, 0x20E4, 0x053D, 0x053D, 0x055D, 0x04FB, 0x0437, 0x0394, 0x0479, 0x03B4, 0x03B5, 0x0499,
    0x05DF, 0x0499, 0x04DB, 0x03F5, 0x03D5, 0x04BA, 0x04BA, 0x03D5, 0x0416, 0x06FF, 0x0EBF, 0x04D9,
    0x0479, 0x03D5, 0x0416, 0x03D5, 0x03B4, 0x0331, 0x0458, 0x03F5, 0x0352, 0x0417, 0x03D5, 0x0394,
    0x03D5, 0x0332, 0x0332, 0x0416, 0x0437, 0x0393, 0x03B4, 0x04DB, 0x04FB, 0x0352, 0x0373, 0x04FB,
    0x051C, 0x0373, 0x0478, 0x0479, 0x04DB, 0x04DA, 0x0479, 0x0479, 0x0458, 0x0417, 0x04DB, 0x0499,
    0x0479, 0x0352, 0x0458, 0x059F, 0x059D, 0x069F, 0x061F, 0x04BA, 0x03D5, 0x0416, 0x0458, 0x04BA,
    0x0416, 0x0352, 0x0373, 0x0458, 0x0479, 0x04FC, 0x057E, 0x03F6, 0x0458, 0x04BA, 0x055E, 0x059E,
    0x04DA, 0x04BA, 0x04DB, 0x059F, 0x0393, 0x03B4, 0x0373, 0x0352, 0x0332, 0x03B5, 0x03F6, 0x0394,
    0x0373, 0x0373, 0x0311, 0x0331, 0x0352, 0x03B4, 0x0393, 0x03B4, 0x03D5, 0x0417, 0x03F5, 0x03F6,
    0x0416, 0x03B4, 0x03D5, 0x0417, 0x18E3, 0x20E4, 0xF7BE, 0xF7BE, 0xF7BE, 0xF7BE, 0xF7BE, 0xF7BE,
    0xF7BE, 0xF7BE, 0xF7BE, 0xF7BE, 0xF7BE, 0xF7BE, 0xF7BE, 0xF7BE, 0xF7BE, 0xF7BE, 0x18E3, 0x20E4,
    0x053D, 0x03D5, 0x0416, 0x04FC, 0x053D, 0x03F6, 0x03D5, 0x0417, 0x05DF, 0x0479, 0x04FB, 0x04FB,
    0x03D5, 0x04BA, 0x04DB, 0x0416, 0x0479, 0x063F, 0x06DF, 0x051C, 0x0437, 0x0458, 0x051C, 0x0458,
    0x03D5, 0x0394, 0x0458, 0x04FC, 0x03D5, 0x04DB, 0x0437, 0x04BA, 0x0499, 0x0352, 0x0331, 0x0478,
    0x0437, 0x03F6, 0x0437, 0x051C, 0x04FB, 0x03D5, 0x0373, 0x04FC, 0x04FC, 0x0458, 0x04FB, 0x0478,
    0x051C, 0x051C, 0x0458, 0x0437, 0x051C, 0x03B5, 0x0437, 0x0499, 0x0499, 0x0373, 0x0394, 0x0437,
    0x051C, 0x061F, 0x06BF, 0x061F, 0x03F6, 0x05BF, 0x053D, 0x03B4, 0x0310, 0x03F6, 0x03B4, 0x03F6,
    0x0437, 0x0458, 0x053D, 0x04BA, 0x04FC, 0x0499, 0x03F6, 0x049A, 0x055D, 0x051C, 0x0437, 0x0437,
    0x03B4, 0x03B5, 0x03D5, 0x0393, 0x0373, 0x03B4, 0x03F6, 0x03B4, 0x03D5, 0x03F6, 0x03F6, 0x03B4,
    0x03B5, 0x03B4, 0x03F6, 0x0417, 0x03F6, 0x03D5, 0x03F6, 0x03B4, 0x03D5, 0x03B5, 0x0458, 0x0499,
    0x0416, 0x03B4, 0x03D5, 0x20E4, 0x20E4, 0x20E4, 0x20E4, 0x20E4, 0x20E4, 0x20E4, 0x20E4, 0x20E4,
    0x20E4, 0x20E4, 0x20E4, 0x20E4, 0x20E4, 0x20E4, 0x20E4, 0x053D, 0x0499, 0x0394, 0x03F5, 0x053D,
    0x053D, 0x03F6, 0x0416, 0x0417, 0x0D9F, 0x04DB, 0x04FB, 0x059F, 0x0437, 0x0458, 0x049A, 0x03D5,
    0x0437, 0x055D, 0x05DF, 0x05DF, 0x0D1C, 0x065F, 0x0E3F, 0x059F, 0x0437, 0x03F6, 0x0373, 0x0437,
    0x04BA, 0x0499, 0x03D5, 0x04DB, 0x04FB, 0x03B5, 0x0353, 0x0416, 0x0417, 0x03F6, 0x03B4, 0x03F6,
    0x0437, 0x0373, 0x0373, 0x03F6, 0x0458, 0x051C, 0x049A, 0x0373, 0x03B4, 0x0499, 0x0417, 0x03D5,
    0x053D, 0x0373, 0x0394, 0x03F6, 0x0437, 0x0499, 0x04BA, 0x0373, 0x03D5, 0x057E, 0x0EDF, 0x05FF,
    0x051D, 0x065F, 0x05BF, 0x03D5, 0x0393, 0x04DB, 0x0499, 0x03B4, 0x0352, 0x02F0, 0x03D5, 0x0478,
    0x0499, 0x03D5, 0x0438, 0x04FB, 0x051C, 0x04BA, 0x04FB, 0x0499, 0x03F6, 0x03D5, 0x0393, 0x0332,
    0x0311, 0x0332, 0x0373, 0x0373, 0x03B4, 0x0437, 0x0478, 0x0458, 0x04BA, 0x0479, 0x03F6, 0x0479,
    0x0417, 0x0373, 0x0331, 0x0373, 0x03F6, 0x04BA, 0x04BA, 0x0478, 0x0437, 0x03D5, 0x0458, 0x04DA,
    0x04DB, 0x04BA, 0x0458, 0x0499, 0x0458, 0x0499, 0x051C, 0x03B4, 0x0352, 0x04FB, 0x0479, 0x0416,
    0x0437, 0x0394, 0x0393, 0x053D, 0x053D, 0x03F6, 0x0393, 0x04FB, 0x053C, 0x03F6, 0x0437, 0x049A,
    0x05FF, 0x055D, 0x051C, 0x059F, 0x051B, 0x04FC, 0x0437, 0x0373, 0x0352, 0x04DA, 0x053D, 0x055C,
    0x05BD, 0x063F, 0x063F, 0x0499, 0x0479, 0x0458, 0x0373, 0x0393, 0x04DA, 0x04BA, 0x0331, 0x0458,
    0x03B4, 0x0373, 0x0332, 0x03F6, 0x04DA, 0x04FC, 0x0417, 0x0373, 0x0373, 0x0393, 0x0416, 0x0394,
    0x03F6, 0x03D5, 0x0373, 0x03B5, 0x0373, 0x0394, 0x0499, 0x03B5, 0x0457, 0x03D5, 0x0394, 0x0393,
    0x03F6, 0x04BA, 0x04DB, 0x0416, 0x0394, 0x053D, 0x051C, 0x057C, 0x06FF, 0x06DF, 0x05FE, 0x04FA,
    0x05BF, 0x059F, 0x04DB, 0x0416, 0x02F0, 0x02D0, 0x0352, 0x0416, 0x0499, 0x0394, 0x03F6, 0x04BA,
    0x0478, 0x04BA, 0x061F, 0x071F, 0x053D, 0x0479, 0x0352, 0x02CF, 0x02F0, 0x0332, 0x0373, 0x0394,
    0x0416, 0x03F6, 0x03F6, 0x04DB, 0x05FF, 0x04FB, 0x0394, 0x0458, 0x059F, 0x0416, 0x0311, 0x03D5,
    0x04BA, 0x053D, 0x04FB, 0x0437, 0x04DB, 0x04BA, 0x051C, 0x053D, 0x04FC, 0x0479, 0x0479, 0x0499,
    0x0458, 0x0479, 0x04DB, 0x0373, 0x0373, 0x04FB, 0x053D, 0x0499, 0x03F6, 0x0393, 0x0394, 0x0417,
    0x055D, 0x053D, 0x03B4, 0x053D, 0x053D, 0x0393, 0x03B5, 0x0416, 0x0417, 0x04FB, 0x0E5F, 0x06FF,
    0x0F5F, 0x059F, 0x0458, 0x03B4, 0x0373, 0x0499, 0x0437, 0x03D5, 0x0499, 0x051C, 0x0D7E, 0x0394,
    0x0458, 0x05BF, 0x04DB, 0x0331, 0x0479, 0x0373, 0x0416, 0x0416, 0x03B4, 0x03D5, 0x03B5, 0x0394,
    0x049A, 0x04DB, 0x0416, 0x0394, 0x0373, 0x04DB, 0x0417, 0x0499, 0x051C, 0x0373, 0x0373, 0x051C,
    0x0437, 0x0373, 0x0417, 0x0373, 0x03D5, 0x0478, 0x04FB, 0x03F6, 0x0416, 0x03F6, 0x03F6, 0x03F6,
    0x0394, 0x03F5, 0x0394, 0x0499, 0x0F5F, 0x06DF, 0x0D9C, 0x055B, 0x0F5F, 0x073F, 0x051C, 0x04FB,
    0x03B4, 0x0373, 0x0458, 0x0479, 0x0479, 0x03F5, 0x0373, 0x0417, 0x0499, 0x04DA, 0x04DA, 0x071F,
    0x04DB, 0x0437, 0x0310, 0x02F0, 0x0311, 0x0353, 0x0394, 0x0416, 0x03F6, 0x03D5, 0x03D5, 0x04BA,
    0x04DB, 0x0458, 0x03F5, 0x04BA, 0x05FF, 0x051C, 0x03B4, 0x0479, 0x053D, 0x0499, 0x0478, 0x049A,
    0x057E, 0x051C, 0x0437, 0x0478, 0x0437, 0x0417, 0x0458, 0x0499, 0x0437, 0x0458, 0x0458, 0x0416,
    0x03D5, 0x0417, 0x051C, 0x053D, 0x0417, 0x0394, 0x0393, 0x0394, 0x0416, 0x055D, 0x03F5, 0x04BA,
    0x053C, 0x0393, 0x0394, 0x04FB, 0x0393, 0x03F6, 0x04FC, 0x06FF, 0x067F, 0x03D5, 0x03B4, 0x0416,
    0x0417, 0x0458, 0x0394, 0x0352, 0x0352, 0x04BA, 0x04FB, 0x0393, 0x03F6, 0x05FF, 0x04FB, 0x03D5,
    0x04BA, 0x03B4, 0x03D5, 0x03B4, 0x03D5, 0x04BA, 0x0478, 0x03B4, 0x0373, 0x0499, 0x04DB, 0x03F6,
    0x0373, 0x04FB, 0x0499, 0x04FB, 0x04FB, 0x0373, 0x0416, 0x051C, 0x0373, 0x0373, 0x0393, 0x0373,
    0x03F6, 0x04BA, 0x0499, 0x0458, 0x03D5, 0x0437, 0x03B4, 0x0437, 0x0478, 0x03F6, 0x02F0, 0x03D5,
    0x069F, 0x05DF, 0x04DB, 0x051C, 0x055D, 0x061F, 0x04BA, 0x057E, 0x0437, 0x03D5, 0x0416, 0x0416,
    0x0478, 0x0458, 0x0352, 0x03B4, 0x0479, 0x0417, 0x0393, 0x049A, 0x03F6, 0x0373, 0x0352, 0x0331,
    0x0352, 0x0373, 0x0437, 0x0458, 0x03D6, 0x03D5, 0x0417, 0x0417, 0x03F6, 0x0417, 0x0479, 0x04DA,
    0x0DBF, 0x04FB, 0x04DB, 0x051C, 0x0D3D, 0x04FC, 0x055D, 0x04BA, 0x0CDB, 0x0417, 0x03F6, 0x0416,
    0x0417, 0x0416, 0x0499, 0x0458, 0x0416, 0x0416, 0x0458, 0x04BA, 0x04DB, 0x0373, 0x0394, 0x0437,
    0x053D, 0x051C, 0x04FC, 0x0393, 0x03B4, 0x051C, 0x0417, 0x049A, 0x053D, 0x0499, 0x0478, 0x04DB,
    0x0373, 0x03B4, 0x03F6, 0x04FB, 0x0D5E, 0x0332, 0x0373, 0x0478, 0x0D9F, 0x051C, 0x0458, 0x0352,
    0x0394, 0x04FB, 0x04DB, 0x051C, 0x03F6, 0x05BF, 0x0394, 0x0437, 0x0D3D, 0x0437, 0x0393, 0x0416,
    0x0437, 0x0458, 0x0D7E, 0x0416, 0x03B4, 0x0373, 0x0D1C, 0x04DB, 0x049A, 0x0499, 0x03B5, 0x04FB,
    0x051C, 0x0373, 0x04DB, 0x051C, 0x0393, 0x0499, 0x0478, 0x0373, 0x0437, 0x0458, 0x0417, 0x0478,
    0x03F6, 0x0417, 0x03F6, 0x03F6, 0x03D5, 0x0417, 0x0394, 0x0352, 0x0394, 0x03D5, 0x03D5, 0x04DB,
    0x0499, 0x04B9, 0x04BA, 0x053D, 0x0D9F, 0x0437, 0x03F6, 0x03F6, 0x0394, 0x0394, 0x0393, 0x03D5,
    0x04FB, 0x03F5, 0x03B4, 0x0437, 0x0373, 0x0352, 0x0311, 0x0311, 0x0311, 0x0394, 0x0437, 0x0416,
    0x03D5, 0x0437, 0x0437, 0x0416, 0x0416, 0x0458, 0x0478, 0x04DB, 0x057E, 0x057E, 0x05DF, 0x063F,
    0x05DF, 0x05FF, 0x063F, 0x05BF, 0x04FB, 0x0437, 0x0417, 0x0479, 0x0416, 0x03F6, 0x0417, 0x0416,
    0x03D5, 0x03F6, 0x0437, 0x04FB, 0x053C, 0x0394, 0x0393, 0x0394, 0x04BA, 0x053D, 0x051C, 0x053D,
    0x0479, 0x053D, 0x0437, 0x053D, 0x053D, 0x0394, 0x0373, 0x03D5, 0x0332, 0x0479, 0x03D5, 0x0394,
    0x03B4, 0x03F6, 0x03D5, 0x03F6, 0x0479, 0x04BA, 0x0479, 0x03D5, 0x0352, 0x04FB, 0x04BA, 0x0479,
    0x03B4, 0x03B4, 0x03F5, 0x057E, 0x051C, 0x04DB, 0x04DB, 0x04DB, 0x03F5, 0x0417, 0x051C, 0x03D5,
    0x0311, 0x0352, 0x03F6, 0x03D5, 0x0416, 0x04DB, 0x0352, 0x03B5, 0x04DB, 0x0373, 0x04FB, 0x03D5,
    0x0373, 0x051C, 0x051C, 0x04BA, 0x03F6, 0x0393, 0x04FB, 0x051C, 0x0416, 0x0416, 0x0373, 0x03D5,
    0x0373, 0x03F6, 0x03F6, 0x0499, 0x0437, 0x028E, 0x028E, 0x0479, 0x04FB, 0x04DA, 0x053D, 0x04BA,
    0x065F, 0x061F, 0x05FF, 0x053B, 0x04DA, 0x03D5, 0x03F6, 0x0437, 0x057E, 0x04DB, 0x0499, 0x04FB,
    0x0332, 0x0331, 0x0311, 0x02F0, 0x0331, 0x0394, 0x03F6, 0x0394, 0x03F6, 0x0437, 0x0437, 0x03D5,
    0x03D5, 0x03F6, 0x0478, 0x051C, 0x05DF, 0x063F, 0x0E3F, 0x05DF, 0x055D, 0x055E, 0x0DBF, 0x05DF,
    0x05BF, 0x053D, 0x051C, 0x051C, 0x0437, 0x03B4, 0x0416, 0x0417, 0x0458, 0x0479, 0x0479, 0x04BA,
    0x053D, 0x0478, 0x0499, 0x0394, 0x0394, 0x053D, 0x053D, 0x053D, 0x0394, 0x0479, 0x03F6, 0x053D,
    0x053D, 0x0479, 0x03F6, 0x03F6, 0x0478, 0x0416, 0x03F6, 0x0478, 0x03B5, 0x0499, 0x04BA, 0x0437,
    0x0437, 0x0478, 0x0499, 0x0458, 0x0394, 0x03B4, 0x0458, 0x0437, 0x0352, 0x0373, 0x0499, 0x0CDA,
    0x1D3C, 0x24D9, 0x2CB9, 0x1C57, 0x13B4, 0x0393, 0x0417, 0x0352, 0x02CF, 0x0373, 0x0458, 0x0352,
    0x0373, 0x04DB, 0x03F6, 0x0416, 0x03B4, 0x0373, 0x0D1C, 0x0373, 0x0373, 0x04DA, 0x0D1C, 0x04FB,
    0x051C, 0x0373, 0x051C, 0x051C, 0x0499, 0x051C, 0x03D5, 0x03F6, 0x0394, 0x03B5, 0x03D5, 0x0499,
    0x051C, 0x02CF, 0x02AF, 0x0416, 0x0478, 0x04DA, 0x0DBF, 0x0BD5, 0x1D1B, 0x1D9E, 0x267F, 0x26DF,
    0x1EBF, 0x0416, 0x03F6, 0x03B4, 0x059F, 0x053C, 0x0D3D, 0x0478, 0x0310, 0x0331, 0x0310, 0x02CF,
    0x02CF, 0x0394, 0x03B4, 0x0373, 0x0373, 0x0393, 0x0373, 0x0373, 0x0373, 0x0394, 0x0416, 0x04BA,
    0x055E, 0x0E3F, 0x059F, 0x0479, 0x0437, 0x0458, 0x0437, 0x0479, 0x0499, 0x051C, 0x05FF, 0x05FF,
    0x0479, 0x0438, 0x0458, 0x0499, 0x0499, 0x04DB, 0x04BA, 0x0499, 0x0499, 0x04FC, 0x051C, 0x0394,
    0x0394, 0x053D, 0x053D, 0x0437, 0x0394, 0x0394, 0x0416, 0x053D, 0x053D, 0x055E, 0x03B4, 0x0458,
    0x04FC, 0x04DB, 0x03F5, 0x03F6, 0x03F6, 0x03F6, 0x03D5, 0x0458, 0x0437, 0x0499, 0x04DA, 0x053D,
    0x03F5, 0x0393, 0x0458, 0x0311, 0x1AEF, 0x3B70, 0x430E, 0x52EC, 0x52CB, 0x632D, 0x7B8E, 0x8C31,
    0x6BF0, 0x534F, 0x3B0E, 0x32EE, 0x1ACE, 0x0352, 0x0499, 0x0332, 0x03B4, 0x0437, 0x03D5, 0x0393,
    0x03D5, 0x0438, 0x0416, 0x0373, 0x0373, 0x0373, 0x0373, 0x0373, 0x051C, 0x0393, 0x0458, 0x051C,
    0x03F6, 0x053D, 0x03F6, 0x0499, 0x0479, 0x0416, 0x03F6, 0x0416, 0x053D, 0x049A, 0x0373, 0x051C,
    0x2414, 0x2A6B, 0x3AAC, 0x4ACC, 0x52AB, 0x73D0, 0x84F3, 0x8D14, 0x7CB4, 0x4AED, 0x32ED, 0x2B0F,
    0x1393, 0x05DF, 0x05BF, 0x0478, 0x0331, 0x0331, 0x0331, 0x02F0, 0x02F1, 0x0394, 0x03F6, 0x0352,
    0x0332, 0x0373, 0x0353, 0x0373, 0x0394, 0x03D5, 0x0478, 0x04FC, 0x0D9F, 0x063F, 0x0DDF, 0x0478,
    0x0437, 0x0437, 0x0478, 0x0458, 0x0458, 0x0499, 0x0DFF, 0x063F, 0x0D1C, 0x04BA, 0x04BA, 0x0458,
    0x0458, 0x0458, 0x0499, 0x0458, 0x0C79, 0x04DB, 0x0D5E, 0x0437, 0x03B4, 0x0458, 0x0D5D, 0x0416,
    0x03D5, 0x0394, 0x0394, 0x053D, 0x0D3D, 0x057E, 0x0417, 0x03B4, 0x03D5, 0x04FB, 0x0394, 0x03D5,
    0x0C9A, 0x0373, 0x0331, 0x0394, 0x0393, 0x0416, 0x0437, 0x055D, 0x0D1A, 0x0C58, 0x3C55, 0x4B0D,
    0x62CB, 0xA38C, 0xA309, 0xA2A7, 0xB2A6, 0xA245, 0xAA45, 0xF347, 0xEB89, 0xCB8A, 0x92C9, 0x7289,
    0x5ACB, 0x4B2E, 0x3414, 0x0331, 0x03D5, 0x03D5, 0x03F6, 0x03B4, 0x0D1C, 0x04FC, 0x0CFB, 0x03F5,
    0x0D1C, 0x0437, 0x049A, 0x0373, 0x0D3D, 0x0373, 0x0417, 0x051C, 0x0437, 0x0458, 0x0394, 0x0458,
    0x0D3D, 0x053D, 0x03F6, 0x051C, 0x0D3D, 0x0C99, 0x2B71, 0x5C74, 0x83AE, 0x8288, 0x8A47, 0xB2C7,
    0x9A45, 0x9A24, 0xBA85, 0xBAA6, 0xBAE7, 0x8A46, 0xA34B, 0x6289, 0x5B4E, 0x5D18, 0x2CD9, 0x0478,
    0x1B92, 0x0373, 0x0332, 0x0373, 0x0373, 0x0457, 0x04DB, 0x0417, 0x03B4, 0x03D5, 0x03F6, 0x0458,
    0x0437, 0x0479, 0x0499, 0x04BA, 0x051C, 0x059F, 0x04FC, 0x0478, 0x0458, 0x0499, 0x0479, 0x04BA,
    0x04DB, 0x055D, 0x061F, 0x059F, 0x04BA, 0x055D, 0x04DB, 0x0458, 0x0417, 0x0437, 0x0458, 0x0479,
    0x0478, 0x04BA, 0x051C, 0x053D, 0x0394, 0x03B4, 0x053D, 0x053D, 0x053D, 0x0394, 0x0394, 0x0499,
    0x0499, 0x057E, 0x059F, 0x03B4, 0x0393, 0x03B4, 0x0332, 0x04BA, 0x0499, 0x03F6, 0x0311, 0x0332,
    0x0311, 0x0417, 0x03F5, 0x04FC, 0x1C76, 0x5474, 0x83AE, 0x9B2A, 0xB2A6, 0xD2E6, 0xC306, 0xCB87,
    0xD427, 0xE4C8, 0xE4C8, 0xE4A8, 0xDC27, 0xDBA7, 0xD2E5, 0xC285, 0x9245, 0x92E9, 0x5A8A, 0x42ED,
    0x1B92, 0x03F6, 0x0352, 0x04BA, 0x04FB, 0x03F6, 0x03D5, 0x051C, 0x04FB, 0x04FB, 0xFC1E, 0xFBDC,
    0xF379, 0xE316, 0xCAB3, 0xEB16, 0xFB79, 0xFB79, 0xC272, 0xC272, 0xCA92, 0xCA72, 0xC272, 0xE2D5,
    0xC270, 0xC28D, 0x52AB, 0x6A68, 0x9245, 0xCAC5, 0xCB06, 0xCB87, 0xCC27, 0xDCA8, 0xDCA8, 0xDC88,
    0xCBE7, 0xBB46, 0xB284, 0xDAE6, 0xBAE7, 0x934B, 0x5B4E, 0x54B6, 0x5B4E, 0x2B50, 0x0373, 0x0394,
    0x03B4, 0x03D5, 0x0499, 0x0458, 0x03B4, 0x0393, 0x0479, 0x04BA, 0x0479, 0x04DA, 0x0D1C, 0x053D,
    0x057F, 0x04FB, 0x0458, 0x0416, 0x0417, 0x0458, 0x0499, 0x051C, 0x053D, 0x057E, 0x0DDF, 0x04FC,
    0x04FC, 0x051C, 0x0479, 0x0458, 0x0479, 0x0478, 0x0499, 0x0479, 0x0479, 0x04BA, 0x0CFB, 0x053D,
    0x03B4, 0x03B4, 0x04BA, 0x053D, 0x055D, 0x053D, 0x03B4, 0x0394, 0x0499, 0x057E, 0x0D9F, 0x04DB,
    0x051C, 0x055D, 0x03F6, 0x04DB, 0x0479, 0x0416, 0x0394, 0x0373, 0x0373, 0x0437, 0x0394, 0x2B92,
    0x52ED, 0x8AEA, 0xE389, 0xD326, 0xB346, 0xC487, 0xF64A, 0xFEEB, 0xFF0B, 0xF70B, 0xFF0B, 0xFF0B,
    0xFF0C, 0xF64A, 0xEDAA, 0xE488, 0xDB66, 0xF346, 0x9A66, 0x7288, 0x5B2E, 0x3455, 0x0416, 0x04FC,
    0x051C, 0x0393, 0x0373, 0x0394, 0x051C, 0xEAF6, 0xFB9A, 0xFB79, 0xDAB4, 0xDAD4, 0xDAF5, 0xF337,
    0xFB9A, 0xFB79, 0xE2D5, 0xBA71, 0xC272, 0xC272, 0xCA92, 0xDAD1, 0xE2EE, 0xE2EB, 0xBA87, 0xAAC5,
    0xA2E6, 0xC467, 0xF66A, 0xFEEB, 0xFF0B, 0xF70B, 0xFF0B, 0xFF0B, 0xFF0C, 0xEE4A, 0xED8A, 0xDC68,
    0xCB46, 0xAA44, 0x9266, 0x9B8C, 0x92C8, 0x630C, 0x2B50, 0x03D5, 0x0394, 0x0394, 0x0393, 0x03B4,
    0x0352, 0x03D5, 0x04DB, 0x051C, 0x0479, 0x04DB, 0x04DA, 0x05BF, 0x059F, 0x053D, 0x03F6, 0x0393,
    0x0394, 0x0458, 0x055D, 0x063F, 0x061F, 0x0E1F, 0x061F, 0x05DF, 0x05FF, 0x051C, 0x0437, 0x0417,
    0x0437, 0x0458, 0x0499, 0x0478, 0x0458, 0x0479, 0x0499, 0x053D, 0x055D, 0x03B4, 0x0394, 0x053D,
    0x04FB, 0x055D, 0x0479, 0x0394, 0x053D, 0x059F, 0x05BF, 0x05FF, 0x05FF, 0x0DDF, 0x0479, 0x03D5,
    0x0352, 0x0458, 0x051C, 0x0394, 0x03B4, 0x0499, 0x3371, 0x5AAB, 0x8267, 0xD306, 0xB346, 0xB447,
    0xF6EA, 0xFF0B, 0xF70B, 0xFF0B, 0xF6EA, 0xFF0B, 0xF70A, 0xFF0C, 0xF70B, 0xFF0C, 0xF70B, 0xFF2C,
    0xEDCA, 0xE468, 0xCAE5, 0xB265, 0xB3AB, 0x73D0, 0x33F3, 0x04BA, 0x04DB, 0x0417, 0x03F6, 0x0373,
    0xBA51, 0xDAB4, 0xD2B3, 0xFB58, 0xE2D4, 0xF316, 0xFB58, 0xFB79, 0xFB9A, 0xFB37, 0xD293, 0xBA50,
    0xC271, 0xCA92, 0xC26F, 0xE2ED, 0xE2E9, 0xE326, 0xB346, 0xB427, 0xF6EA, 0xFF0B, 0xF70B, 0xFF0B,
    0xF6EA, 0xFF0B, 0xF70A, 0xFF0C, 0xF70B, 0xFF0C, 0xF70B, 0xFF2C, 0xE5AA, 0xDC48, 0xCAC5, 0xB265,
    0xDAE6, 0x9AE9, 0x634D, 0x23D3, 0x0BD5, 0x0373, 0x0394, 0x0352, 0x0353, 0x03B4, 0x0CFB, 0x04DB,
    0x0C37, 0x0437, 0x0417, 0x0478, 0x0C79, 0x0499, 0x0458, 0x0394, 0x03B4, 0x0479, 0x0E3F, 0x063F,
    0x0E3F, 0x063F, 0x0E3F, 0x05DF, 0x0DBF, 0x04DA, 0x0458, 0x03F6, 0x0417, 0x0437, 0x0499, 0x0478,
    0x0C79, 0x0479, 0x0499, 0x04FB, 0x0D7E, 0x03B4, 0x03B4, 0x03F6, 0x03D5, 0x053D, 0x03F6, 0x0394,
    0x0C9A, 0x057E, 0x0D7E, 0x0458, 0x0DDF, 0x03D5, 0x0394, 0x0373, 0x0373, 0x053D, 0x0D7E, 0x03B4,
    0x0BB4, 0x2BD3, 0x7C11, 0x8287, 0xDB47, 0x9AE6, 0xBD09, 0xFF0B, 0xFF0C, 0xFF0B, 0xFF0B, 0xFF0B,
    0xFF0B, 0xFF0B, 0xFF0B, 0xF70A, 0xFF0B, 0xFF0C, 0xFF2C, 0xFF0B, 0xFF2D, 0xF68B, 0xE4E8, 0xD326,
    0xF347, 0xAB6B, 0x52EC, 0x1B30, 0x03F6, 0x0373, 0x0458, 0x0417, 0xC272, 0xC272, 0xD2B3, 0xF316,
    0xE2D5, 0xBA71, 0xF316, 0xFB79, 0xFB9A, 0xFB58, 0xE2D5, 0xD2B3, 0xCA92, 0xCA90, 0xD2CD, 0xEB0A,
    0xDB47, 0x9AE6, 0xC509, 0xFF0B, 0xFF0C, 0xFF0B, 0xFF0B, 0xFF0B, 0xFF0B, 0xFF0B, 0xFF0B, 0xF70A,
    0xFF0B, 0xFF0C, 0xFF2C, 0xFF0B, 0xFF2D, 0xF68B, 0xE4E8, 0xBAE5, 0xD305, 0xCAC6, 0x8B2B, 0x53D1,
    0x1392, 0x03B4, 0x0417, 0x0394, 0x0373, 0x03D5, 0x0499, 0x0499, 0x03F6, 0x03F6, 0x03B4, 0x03B5,
    0x03B4, 0x0437, 0x049A, 0x0416, 0x03D5, 0x03F6, 0x0499, 0x063F, 0x061F, 0x063F, 0x051C, 0x0437,
    0x0416, 0x0416, 0x03D5, 0x03F6, 0x0437, 0x0478, 0x0478, 0x0478, 0x0457, 0x0499, 0x0479, 0x04FB,
    0x053D, 0x03F6, 0x03B4, 0x03B4, 0x0394, 0x04FB, 0x03F6, 0x0394, 0x03D5, 0x03F6, 0x04BA, 0x059F,
    0x051C, 0x0416, 0x0393, 0x03B4, 0x0352, 0x051C, 0x051C, 0x0393, 0x0B93, 0x5C54, 0xABCD, 0xD326,
    0x9B06, 0xBD09, 0xF70B, 0xFF0B, 0xF70B, 0xFF0B, 0xF70B, 0xFF0B, 0xF70B, 0xFF0B, 0xF70A, 0xFF0B,
    0xF70B, 0xFF0C, 0xF70B, 0xFF0C, 0xF70B, 0xFF0C, 0xF6AB, 0xE4E8, 0xCAE5, 0xEB27, 0x6A88, 0x42ED,
    0x14B9, 0x0478, 0x03F6, 0xF316, 0xB230, 0xB250, 0xD2B3, 0xC272, 0xD293, 0xBA51, 0xCA92, 0xDAD4,
    0xE2F5, 0xFB9A, 0xFB17, 0xEAF6, 0xCA91, 0xC26D, 0xD2CA, 0xD306, 0x9B06, 0xB509, 0xF70B, 0xFF0B,
    0xF70B, 0xFF0B, 0xF70B, 0xFF0B, 0xF70B, 0xFF0B, 0xF70A, 0xFF0B, 0xF70B, 0xFF0C, 0xF70B, 0xFF0C,
    0xF70B, 0xFF0C, 0xF6AB, 0xD4C8, 0xEC88, 0xDAE5, 0xB308, 0x734D, 0x3B91, 0x03D5, 0x0437, 0x03F6,
    0x03F6, 0x03F6, 0x0479, 0x0478, 0x0417, 0x03D5, 0x03F6, 0x03D5, 0x03F6, 0x0437, 0x0CDB, 0x0499,
    0x04DB, 0x03D5, 0x03B4, 0x0458, 0x059F, 0x053D, 0x0437, 0x0393, 0x0394, 0x03D5, 0x0416, 0x0437,
    0x0499, 0x0499, 0x04BA, 0x0499, 0x0478, 0x0499, 0x04BA, 0x04DB, 0x053D, 0x04FB, 0x03B5, 0x03B4,
    0x03B4, 0x053D, 0x0D5D, 0x04FC, 0x0394, 0x0393, 0x0D7E, 0x055D, 0x0499, 0x057E, 0x049A, 0x03F6,
    0x0373, 0x04BA, 0x0CDB, 0x0373, 0x2B71, 0x8C31, 0xE3AA, 0xBB67, 0x8B67, 0xF70B, 0xFF0B, 0xFF0B,
    0xFF0B, 0xFF0B, 0xFF0B, 0xFF0B, 0xFF0C, 0xFF0B, 0xFF0C, 0xFF0B, 0xFF0C, 0xFF0B, 0xFF2C, 0xFF0B,
    0xFF0B, 0xFF0B, 0xFF2C, 0xF66B, 0xDC68, 0xEB26, 0xCB69, 0x5AAB, 0x33D3, 0x03B4, 0xE2D5, 0xFB58,
    0xE2F5, 0xAA30, 0xDAD4, 0xD293, 0xDAB4, 0xB230, 0xAA2F, 0xAA30, 0xBA51, 0xF316, 0xFB38, 0xFB58,
    0xE2F2, 0xBA6A, 0xB246, 0xB347, 0x8B67, 0xF70B, 0xFF0B, 0xFF0B, 0xFF0B, 0xFF0B, 0xFF0B, 0xFF0B,
    0xFF0C, 0xFF0B, 0xFF0C, 0xFF0B, 0xFF0C, 0xFF0B, 0xFF2C, 0xFF0B, 0xFF0B, 0xFF0B, 0xFF2C, 0xEE6A,
    0xED8A, 0xDB67, 0xCAA5, 0x9B4B, 0x5390, 0x0BD4, 0x03B4, 0x0416, 0x0437, 0x0458, 0x0437, 0x03F6,
    0x0373, 0x03D5, 0x0417, 0x03B5, 0x03F5, 0x03F6, 0x0417, 0x0458, 0x0437, 0x03B4, 0x03D5, 0x03D5,
    0x03D5, 0x03B4, 0x0394, 0x0352, 0x0373, 0x03F6, 0x0437, 0x0479, 0x04DA, 0x04FC, 0x04DB, 0x0499,
    0x0499, 0x04FB, 0x04DA, 0x04DB, 0x04FB, 0x055D, 0x0416, 0x03B4, 0x03B4, 0x0458, 0x053D, 0x053D,
    0x03D5, 0x03B4, 0x0437, 0x03B4, 0x03F6, 0x04DB, 0x0478, 0x0373, 0x0352, 0x03D5, 0x0499, 0x14BA,
    0x3B0D, 0x8B0B, 0xD366, 0x8AC6, 0xE68B, 0xFF0C, 0xF70B, 0xFF0B, 0xF70B, 0xFF0C, 0xF70B, 0xFF0B,
    0xF70B, 0xFF0C, 0xF70C, 0xFF0C, 0xF70B, 0xFF0C, 0xF70B, 0xFF0B, 0xF70B, 0xFF0B, 0xF70B, 0xFF2D,
    0xE589, 0xD346, 0xEB06, 0x72A9, 0x3AED, 0xE2D4, 0xE2F5, 0xFB9A, 0xFB37, 0xAA30, 0xB250, 0xC272,
    0xCA93, 0xD2B3, 0xBA51, 0xB230, 0xA20F, 0xD2B3, 0xE2D4, 0xEAF5, 0xE2CF, 0xC28A, 0xBB05, 0x82A6,
    0xE68B, 0xFF0C, 0xF70B, 0xFF0B, 0xF70B, 0xFF0C, 0xF70B, 0xFF0B, 0xF70B, 0xFF0C, 0xF70C, 0xFF0C,
    0xF70B, 0xFF0C, 0xF70B, 0xFF0B, 0xF70B, 0xFF0B, 0xF70B, 0xFF2D, 0xF66B, 0xD407, 0xCAC5, 0xAB29,
    0x6B8F, 0x1B93, 0x0416, 0x0417, 0x0C58, 0x0437, 0x03F6, 0x03B4, 0x0394, 0x03F5, 0x0417, 0x03D5,
    0x0C17, 0x0416, 0x0416, 0x03B4, 0x0394, 0x0394, 0x0416, 0x03F5, 0x03B4, 0x0393, 0x03B4, 0x03B4,
    0x03F6, 0x0458, 0x0499, 0x0499, 0x0D3D, 0x055E, 0x0D3C, 0x0499, 0x0CDB, 0x04DB, 0x0CDB, 0x04BA,
    0x0CDA, 0x04FB, 0x0D5E, 0x055D, 0x0C79, 0x0394, 0x0C79, 0x053D, 0x0CDB, 0x03B4, 0x03D5, 0x03B4,
    0x0B94, 0x03D5, 0x0499, 0x0394, 0x0352, 0x0332, 0x0CDB, 0x24B8, 0x6BF1, 0x8A87, 0xC387, 0xA428,
    0xFF0C, 0xFF0B, 0xFF0B, 0xFF0B, 0xFF0C, 0xFF0B, 0xFF0C, 0xFF0B, 0xFF0B, 0xFF0B, 0xFF0C, 0xFF0C,
    0xFF2C, 0xFF0C, 0xFF0C, 0xF70B, 0xFF2C, 0xFF0B, 0xFF2C, 0xFF0C, 0xF66B, 0xDC27, 0xEB26, 0xA309,
    0xF310, 0xDAD3, 0xE316, 0xFB58, 0xFB37, 0xE2D4, 0xCA92, 0xBA51, 0xCA93, 0xF316, 0xE2F5, 0xD2B3,
    0xCA93, 0xE2D5, 0xF316, 0xD291, 0xBA6C, 0xB247, 0xB347, 0x9C07, 0xFF0C, 0xFF0B, 0xFF0B, 0xFF0B,
    0xFF0C, 0xFF0B, 0xFF0C, 0xFF0B, 0xFF0B, 0xFF0B, 0xFF0C, 0xFF0C, 0xFF2C, 0xFF0C, 0xFF0C, 0xF70B,
    0xFF2C, 0xFF0B, 0xFF2C, 0xFF0C, 0xF6EB, 0xD468, 0xCAA5, 0xBB29, 0x6B6D, 0x2BB2, 0x0437, 0x03F6,
    0x03D5, 0x03B4, 0x0352, 0x0393, 0x0393, 0x0393, 0x0394, 0x0458, 0x0499, 0x0458, 0x03F6, 0x03B4,
    0x0373, 0x03B5, 0x03D5, 0x03D5, 0x03F5, 0x03F6, 0x03D5, 0x0437, 0x0458, 0x055D, 0x04FC, 0x0479,
    0x04DA, 0x053D, 0x055D, 0x051C, 0x04FB, 0x04FB, 0x04DA, 0x04DA, 0x0499, 0x04BA, 0x04FB, 0x057E,
    0x0499, 0x03B4, 0x0394, 0x053D, 0x04BA, 0x03B4, 0x0394, 0x0458, 0x0394, 0x0417, 0x0499, 0x0331,
    0x0310, 0x0311, 0x0352, 0x3498, 0x8431, 0x9287, 0xB367, 0xCD8A, 0xF70B, 0xFF0B, 0xF6EA, 0xFF0B,
    0xF70B, 0xFF0B, 0xF70B, 0xFF0C, 0xF6EB, 0xFF0B, 0xF70B, 0xF6EB, 0xF70B, 0xFF0C, 0xF70B, 0xFF0B,
    0xF70B, 0xFF0C, 0xF70C, 0xFF0C, 0xF6EB, 0xDCA8, 0xCAA5, 0xEB09, 0xF30E, 0xF334, 0xEAF6, 0xFB58,
    0xFB79, 0xFB37, 0xC271, 0xC272, 0xC272, 0xEAF5, 0xF316, 0xDAB4, 0xD2B3, 0xDAD4, 0xDAD4, 0xD2B1,
    0xBA6B, 0xAA46, 0xA346, 0xC58A, 0xF70B, 0xFF0B, 0xF6EA, 0xFF0B, 0xF70B, 0xFF0B, 0xF70B, 0xFF0C,
    0xF6EB, 0xFF0B, 0xF70B, 0xF6EB, 0xF70B, 0xFF0C, 0xF70B, 0xFF0B, 0xF70B, 0xFF0C, 0xF70C, 0xFF0C,
    0xFF0C, 0xDC68, 0xD2C6, 0xC328, 0x838E, 0x33F4, 0x0C58, 0x03F6, 0x03D5, 0x03D5, 0x0352, 0x0332,
    0x03B4, 0x0394, 0x0C79, 0x05FF, 0x0DBF, 0x0458, 0x0417, 0x0394, 0x0353, 0x0373, 0x0394, 0x03D5,
    0x03F6, 0x03B4, 0x0416, 0x04DB, 0x04DB, 0x05DF, 0x0D7E, 0x0479, 0x04BA, 0x04BA, 0x0D1C, 0x053D,
    0x053D, 0x051C, 0x0CFC, 0x04DA, 0x04BA, 0x0499, 0x0CBA, 0x051C, 0x0D1C, 0x03D5, 0x03B4, 0x03B4,
    0x0D5E, 0x04FC, 0x0D3D, 0x053D, 0x03B4, 0x04DA, 0x0CDB, 0x0393, 0x0311, 0x0352, 0x0352, 0x232F,
    0x8C31, 0xC349, 0xBB87, 0xDE2A, 0xFF0C, 0xFF0B, 0xFF0C, 0xFF0B, 0xFF0C, 0xFF0C, 0xFF0C, 0xFF0B,
    0xFF0C, 0xF6EB, 0xA488, 0x69E4, 0x8347, 0xE64A, 0xFF2C, 0xFF0C, 0xFF0C, 0xFF0C, 0xFF2C, 0xFF0C,
    0xFF0C, 0xDC68, 0xEB26, 0xDAE8, 0xF32F, 0xD2B1, 0xD2B3, 0xFB37, 0xFB58, 0xF316, 0xD293, 0xC272,
    0xDAB4, 0xD2B3, 0xE2D4, 0xBA51, 0xD2B3, 0xCA72, 0xCA93, 0xBA4E, 0xC28B, 0xAA46, 0xAB47, 0xDE2A,
    0xFF0C, 0xFF0B, 0xFF0C, 0xFF0B, 0xFF0C, 0xFF0C, 0xFF0C, 0xFF0B, 0xFF0C, 0xF6EB, 0xA488, 0x69E4,
    0x8347, 0xE64A, 0xFF2C, 0xFF0C, 0xFF0C, 0xFF0C, 0xFF2C, 0xFF0C, 0x62A6, 0x9245, 0xD2C5, 0xC328,
    0x734C, 0x2BF4, 0x0416, 0x03F6, 0x03F5, 0x0CFC, 0x0437, 0x03B4, 0x03F6, 0x03F6, 0x04BA, 0x0DDF,
    0x051C, 0x0417, 0x0416, 0x03B4, 0x0373, 0x0353, 0x0352, 0x0394, 0x0394, 0x03B4, 0x0416, 0x0499,
    0x04DB, 0x0DFF, 0x057E, 0x04DB, 0x04DB, 0x04FB, 0x053C, 0x055D, 0x04FB, 0x04DB, 0x04DA, 0x04BA,
    0x0499, 0x04BA, 0x0499, 0x04FB, 0x055D, 0x03B4, 0x0394, 0x0394, 0x053D, 0x0D3D, 0x051C, 0x04FC,
    0x0352, 0x0D7E, 0x051C, 0x0499, 0x0352, 0x0478, 0x04DB, 0x2351, 0x7C11, 0xBB29, 0xA2C5, 0xEEAB,
    0xF70B, 0xFF0C, 0xF70B, 0xFF0C, 0xF6EB, 0xFF0B, 0xF6EB, 0xFF0B, 0xC569, 0x6A66, 0xA1E3, 0xE244,
    0xD244, 0x81E5, 0x7B67, 0x9449, 0x9C89, 0x9C89, 0x83C8, 0x7347, 0x62A6, 0x9A45, 0xC285, 0xDAE8,
    0xF32F, 0xC290, 0xCA72, 0xEB16, 0xFB37, 0xFB79, 0xDAB4, 0xC271, 0xDAB4, 0xE2D5, 0xE2D4, 0xBA51,
    0xBA51, 0xAA2F, 0x99EE, 0x99EC, 0xC28B, 0xC287, 0x9285, 0xEEAB, 0xF70B, 0xFF0C, 0xF70B, 0xFF0C,
    0xF6EB, 0xFF0B, 0xF6EB, 0xFF0B, 0xC569, 0x6A66, 0xA1E3, 0xE244, 0xD244, 0x81E5, 0x7B67, 0x9449,
    0x9C89, 0x9C89, 0x83C8, 0x7347, 0xDA85, 0xDAC5, 0xE306, 0xB329, 0x636F, 0x1BF5, 0x0CFB, 0x0417,
    0x0BD5, 0x04BA, 0x0CBA, 0x03B4, 0x0B94, 0x0393, 0x03D5, 0x0437, 0x0BF6, 0x0394, 0x0416, 0x0416,
    0x0BD5, 0x03F6, 0x03D5, 0x03B4, 0x0BF6, 0x0458, 0x0CDB, 0x04FB, 0x0D5E, 0x059F, 0x0D9F, 0x053D,
    0x0D1C, 0x04FC, 0x0D9F, 0x059F, 0x0D3D, 0x051C, 0x0D1C, 0x04DB, 0x0CBA, 0x04BA, 0x0CBA, 0x04DA,
    0x0D5E, 0x04FB, 0x03B4, 0x0394, 0x0C58, 0x0458, 0x0D1C, 0x04DB, 0x0353, 0x03F5, 0x0C58, 0x0416,
    0x0CFB, 0x04DB, 0x0CFC, 0x1B72, 0x5B4E, 0xCBCB, 0xAA86, 0xDCC8, 0xFECC, 0xFF0C, 0xFF0C, 0xF6EB,
    0xF6EC, 0xE66B, 0xC58A, 0x7B06, 0xA205, 0xDA64, 0xE284, 0xDA64, 0xE284, 0xE264, 0xE284, 0xCA64,
    0xBA45, 0xCA44, 0xDA64, 0xDA84, 0xDA85, 0xCA85, 0xC2A5, 0xC288, 0xE2EF, 0xC270, 0xDAD4, 0xDAD4,
    0xFB58, 0xFB79, 0xE2F5, 0xCA92, 0xDAD4, 0xE2D5, 0xD2B3, 0xD293, 0xCA92, 0xAA2F, 0xB230, 0xBA4F,
    0xDACE, 0xDAE9, 0x9A45, 0xDCA8, 0xFECC, 0xFF0C, 0xFF0C, 0xF6EB, 0xF6EC, 0xE66B, 0xC58A, 0x7B06,
    0xA205, 0xDA64, 0xE284, 0xDA64, 0xE284, 0xE264, 0xE284, 0xCA64, 0xBA45, 0xCA44, 0xDA64, 0xDA84,
    0xCA64, 0xDAE5, 0xE2E5, 0x9B6B, 0x4BF2, 0x0CB9, 0x04FC, 0x0478, 0x03F5, 0x03D5, 0x03B4, 0x0394,
    0x0352, 0x0352, 0x0352, 0x0394, 0x03B4, 0x03B4, 0x0416, 0x04BA, 0x0458, 0x04DA, 0x0458, 0x03F6,
    0x03F6, 0x0499, 0x059F, 0x0E3F, 0x061F, 0x0E1F, 0x05BF, 0x051C, 0x04B9, 0x04DA, 0x051C, 0x053D,
    0x04FB, 0x04FB, 0x04BA, 0x04BA, 0x04BA, 0x04BA, 0x0499, 0x04BA, 0x04DA, 0x053D, 0x0437, 0x0393,
    0x0373, 0x0394, 0x051C, 0x04FC, 0x04FB, 0x0352, 0x0332, 0x03F6, 0x051C, 0x04BA, 0x04BA, 0x0B73,
    0x3B0E, 0xB3EE, 0xCAA5, 0xAA65, 0x8A65, 0x9326, 0x92A5, 0x9285, 0x9A44, 0x99E4, 0xB204, 0xDA84,
    0xDA64, 0xE284, 0xDA43, 0xE264, 0xDA64, 0xE2A4, 0xDA63, 0xE284, 0xDA84, 0xE284, 0xDA64, 0xDA64,
    0xC264, 0xCAA5, 0xBA84, 0xC28A, 0xDACF, 0xEAF5, 0xD2B3, 0xD2B3, 0xCA93, 0xFB37, 0xEAF5, 0xD2B3,
    0xCA92, 0xF2F6, 0xDAD4, 0xF316, 0xD2B3, 0xA20F, 0xBA51, 0xDAB3, 0xE2D0, 0xEB0B, 0xAA44, 0x9A25,
    0x8A65, 0x9326, 0x92A5, 0x9285, 0x9A44, 0x99E4, 0xB204, 0xDA84, 0xDA64, 0xE284, 0xDA43, 0xE264,
    0xDA64, 0xE2A4, 0xDA63, 0xE284, 0xDA84, 0xE284, 0xDA64, 0xDA64, 0xD326, 0xDAE6, 0xCB69, 0x83CF,
    0x3CB8, 0x053D, 0x0CDB, 0x0416, 0x03F6, 0x03F5, 0x03B5, 0x0394, 0x03B5, 0x0373, 0x0373, 0x0373,
    0x03B5, 0x03B4, 0x0437, 0x0479, 0x0499, 0x04BA, 0x0C79, 0x0417, 0x0437, 0x0478, 0x0D3C, 0x05DF,
    0x0E1F, 0x05FF, 0x0DBF, 0x04DA, 0x04BA, 0x04BA, 0x0CBA, 0x049A, 0x0499, 0x0499, 0x0CBA, 0x04BA,
    0x04BA, 0x0499, 0x0CBA, 0x0499, 0x0499, 0x051C, 0x0CBA, 0x0393, 0x0373, 0x0352, 0x0373, 0x051C,
    0x0D1C, 0x03F6, 0x0373, 0x0416, 0x0478, 0x04BA, 0x0D3C, 0x051C, 0x2B50, 0x736D, 0xC329, 0xA245,
    0xE285, 0xE284, 0xE285, 0xC224, 0xBA24, 0xAA04, 0xAA24, 0xC224, 0xE284, 0xE284, 0xE284, 0xE284,
    0xE2A5, 0xDA84, 0xA265, 0xA3C7, 0xA408, 0xAC27, 0xACA8, 0xA407, 0xC2E6, 0xC2A5, 0xCAA8, 0xD2CD,
    0xEAF2, 0xF316, 0xEAF6, 0xD2B3, 0xBA51, 0xD2B3, 0xDAB4, 0xFB37, 0xFB37, 0xEAF6, 0xE2D5, 0xEAF5,
    0xDAB3, 0x99EE, 0xBA51, 0xB230, 0xE2F2, 0xEAEE, 0xCAA8, 0x89E4, 0xDA85, 0xE284, 0xE285, 0xC224,
    0xBA24, 0xAA04, 0xAA24, 0xC224, 0xE284, 0xE284, 0xE284, 0xE284, 0xE2A5, 0xDA84, 0xA265, 0xA3C7,
    0xA408, 0xAC27, 0xACA8, 0xA407, 0xE326, 0xE327, 0x9B8C, 0x6495, 0x1498, 0x0479, 0x0437, 0x03F6,
    0x0416, 0x0437, 0x0416, 0x03F6, 0x03B4, 0x03B4, 0x0393, 0x0394, 0x03D5, 0x0416, 0x0458, 0x0499,
    0x0437, 0x0458, 0x0416, 0x03F6, 0x03F6, 0x0479, 0x0499, 0x051C, 0x053D, 0x0D3D, 0x04BA, 0x0458,
    0x0458, 0x0479, 0x0458, 0x0479, 0x0478, 0x0499, 0x0499, 0x049A, 0x0499, 0x049A, 0x0479, 0x0499,
    0x0478, 0x04FB, 0x051C, 0x0438, 0x0394, 0x0332, 0x0331, 0x04DB, 0x04DA, 0x03F6, 0x0373, 0x03F6,
    0x0478, 0x0CFB, 0x04DA, 0x04FB, 0x1436, 0x6433, 0xB3ED, 0xCAE6, 0xAAC5, 0x9B87, 0xB4C8, 0xBD2A,
    0xD60A, 0xE66B, 0xE66A, 0xB50A, 0x8BA7, 0x8266, 0x91E4, 0xC265, 0xB244, 0x9367, 0xDE2B, 0xFF2D,
    0xF70D, 0xFF2C, 0xF6CB, 0xE4E9, 0xCAC5, 0xDAE6, 0xE2EB, 0xEAF0, 0xFB36, 0xFB58, 0xF316, 0xDAB3,
    0xC271, 0xC271, 0xD2B3, 0xFB17, 0xEAF5, 0xDAB3, 0xC271, 0xC272, 0xC272, 0xC271, 0xBA51, 0xBA51,
    0xEAF4, 0xEAF1, 0xC28A, 0xA245, 0x9A85, 0x9387, 0xB4C8, 0xBD2A, 0xD60A, 0xE66B, 0xE66A, 0xB50A,
    0x8BA7, 0x8266, 0x91E4, 0xC265, 0xB244, 0x9367, 0xDE2B, 0xFF2D, 0xF70D, 0xFF2C, 0xF6AB, 0xD4C8,
    0xE2E6, 0xAB4A, 0x73AF, 0x2C35, 0x0C17, 0x03D5, 0x03F5, 0x03D5, 0x0C17, 0x0417, 0x0C37, 0x03F6,
    0x0BB4, 0x0394, 0x03B5, 0x03B4, 0x0BF6, 0x0416, 0x0C79, 0x0479, 0x0C16, 0x03D5, 0x03B4, 0x03B4,
    0x0C16, 0x0458, 0x0CFB, 0x04FB, 0x0CBA, 0x04BA, 0x0C58, 0x0417, 0x0C38, 0x0458, 0x0C58, 0x0458,
    0x0C79, 0x0499, 0x0C99, 0x0499, 0x0CBA, 0x0499, 0x0C99, 0x0479, 0x0C99, 0x04BA, 0x0CDB, 0x051C,
    0x0B94, 0x0311, 0x0373, 0x0478, 0x0CDB, 0x0373, 0x0373, 0x0393, 0x0BB5, 0x03B4, 0x0331, 0x0373,
    0x0B73, 0x2BF4, 0x8473, 0xBBAB, 0xDB26, 0xECE8, 0xF68B, 0xF6EB, 0xFF0C, 0xFF0B, 0xFF0B, 0xFF0B,
    0xFF0C, 0xFF0C, 0xEEAC, 0xC5AA, 0xD60B, 0xFF0C, 0xFF2D, 0xFF0C, 0xFF2D, 0xF68C, 0xE509, 0xCB26,
    0xCAA5, 0xEB2B, 0xFB50, 0xFB34, 0xF316, 0xF316, 0xF316, 0xE2D4, 0xDAB4, 0xCA92, 0xC292, 0xFB37,
    0xDAB4, 0xB230, 0xBA51, 0xC271, 0xD293, 0xC272, 0xCA92, 0xDAB4, 0xFB17, 0xE2D2, 0xD2AE, 0xCAA9,
    0xB2A5, 0xDCC8, 0xEE6B, 0xF6EB, 0xFF0C, 0xFF0B, 0xFF0B, 0xFF0B, 0xFF0C, 0xFF0C, 0xEEAC, 0xC5AA,
    0xD60B, 0xFF0C, 0xFF2D, 0xFF0C, 0xFF2D, 0xF68C, 0xD4C9, 0xB2C5, 0xA36B, 0x73AF, 0x3391, 0x03F5,
    0x03B4, 0x0394, 0x0373, 0x03B4, 0x03D5, 0x03D5, 0x03B4, 0x03D5, 0x03B4, 0x03B4, 0x03B4, 0x03F6,
    0x03F6, 0x03D5, 0x0416, 0x0437, 0x03B4, 0x03B4, 0x0393, 0x03D5, 0x03F6, 0x0478, 0x0478, 0x0458,
    0x0458, 0x04DA, 0x0499, 0x0499, 0x0458, 0x0478, 0x0437, 0x0458, 0x0458, 0x0499, 0x0479, 0x0499,
    0x0499, 0x0499, 0x0479, 0x0479, 0x0478, 0x0479, 0x0499, 0x053D, 0x0437, 0x0332, 0x03B4, 0x03F5,
    0x0499, 0x0458, 0x03F5, 0x0311, 0x02F0, 0x0393, 0x0311, 0x0352, 0x0372, 0x0458, 0x3435, 0x7C10,
    0xC3AB, 0xDB26, 0xE487, 0xF5E9, 0xF70A, 0xFF0B, 0xF70A, 0xFF0B, 0xF70A, 0xFF0B, 0xF70B, 0xFF0C,
    0xF70C, 0xFF2D, 0xF70C, 0xFF2D, 0xEDCA, 0xE468, 0xCAC5, 0xA224, 0xA227, 0xF32F, 0xCA8F, 0xCA92,
    0xE2F5, 0xE2F5, 0xF316, 0xE2D4, 0xD2B3, 0xDAB4, 0xD2B3, 0xFB58, 0xDAB3, 0xAA2F, 0xBA51, 0xCA92,
    0xC271, 0xAA0F, 0xC272, 0xEB16, 0xE2D4, 0xE2D4, 0xDAD1, 0xEB0F, 0xBA68, 0xB285, 0xC406, 0xE5A9,
    0xF70A, 0xFF0B, 0xF70A, 0xFF0B, 0xF70A, 0xFF0B, 0xF70B, 0xFF0C, 0xF70C, 0xFF2D, 0xF70C, 0xFF2D,
    0xE5AA, 0xD448, 0xB284, 0xCAC6, 0x6C94, 0x34B8, 0x0BF6, 0x0394, 0x03B4, 0x0373, 0x0373, 0x03B4,
    0x03B5, 0x0373, 0x0373, 0x03B4, 0x03D5, 0x03D5, 0x0C37, 0x0437, 0x0437, 0x03F6, 0x0417, 0x0416,
    0x03F6, 0x03B4, 0x0394, 0x03B4, 0x0417, 0x0437, 0x0C58, 0x0478, 0x0479, 0x04DA, 0x0CDB, 0x051C,
    0x04BA, 0x0479, 0x0C99, 0x049A, 0x0499, 0x0478, 0x0C99, 0x0499, 0x0499, 0x0479, 0x0C99, 0x0479,
    0x0479, 0x0458, 0x0C78, 0x04DA, 0x0D3C, 0x0373, 0x0373, 0x03B4, 0x0C58, 0x0478, 0x0C58, 0x02F0,
    0x03B4, 0x0458, 0x0BB5, 0x0373, 0x0394, 0x0416, 0x0BD5, 0x2B50, 0x52CB, 0xB3AC, 0xEBA9, 0xE386,
    0xECA8, 0xED89, 0xF66A, 0xFEEB, 0xFF0C, 0xFF0C, 0xFF2C, 0xFF0C, 0xFF0C, 0xF66A, 0xF5AA, 0xE4A8,
    0xDB87, 0xAA44, 0xAAA7, 0xFB4D, 0xB24C, 0xD2B1, 0xE2D4, 0xC292, 0xEB16, 0xD2B3, 0xE2D4, 0xCA92,
    0xB250, 0xBA50, 0xD2B3, 0xFB16, 0xEAF5, 0xB230, 0xC272, 0xCA92, 0xE2D4, 0xC271, 0xCA92, 0xEAF6,
    0xDAD4, 0xD2B3, 0xDAB4, 0xE2F2, 0xDACE, 0xB249, 0xCAA7, 0xB305, 0xCC47, 0xDD69, 0xF64A, 0xFEEB,
    0xFF0C, 0xFF0C, 0xFF2C, 0xFF0C, 0xFF0C, 0xEE4A, 0xE58A, 0xCC48, 0xBB26, 0xB264, 0xBAE8, 0x834C,
    0x251B, 0x0D3D, 0x0457, 0x03B4, 0x0373, 0x0332, 0x0331, 0x0373, 0x03B4, 0x0394, 0x0373, 0x03B4,
    0x0416, 0x0458, 0x0499, 0x0458, 0x0458, 0x0479, 0x0478, 0x0416, 0x03D5, 0x03B4, 0x0373, 0x03B4,
    0x03F6, 0x0417, 0x0437, 0x04DA, 0x0499, 0x0479, 0x0499, 0x051C, 0x049A, 0x0499, 0x0499, 0x04BA,
    0x0499, 0x0499, 0x0479, 0x0499, 0x0479, 0x0499, 0x0478, 0x0479, 0x0458, 0x0458, 0x0458, 0x0499,
    0x04FB, 0x0437, 0x0372, 0x03B4, 0x0373, 0x0458, 0x0417, 0x0437, 0x0373, 0x03F6, 0x0417, 0x0352,
    0x0331, 0x0331, 0x0331, 0x0311, 0x1ACE, 0x4B0D, 0x836D, 0xC3AB, 0xAA86, 0xE326, 0xE3C6, 0xEC68,
    0xECA8, 0xFD09, 0xFD08, 0xFCE9, 0xF488, 0xEBE7, 0xDB05, 0xB265, 0x9A66, 0x82A8, 0xF32E, 0xFB93,
    0xBA4F, 0xCA93, 0xFB37, 0xEAF5, 0xDAB3, 0xCA92, 0xDAB4, 0xD2B3, 0xAA2F, 0xA20E, 0xC271, 0xFB37,
    0xF316, 0xCA92, 0xAA2F, 0xAA0F, 0xC271, 0xCA93, 0xD293, 0xD2B3, 0xDAD4, 0xD2B3, 0xCA92, 0xDAB4,
    0xEAF3, 0xCA8E, 0xCA8B, 0xCAA9, 0xB245, 0xB285, 0xBB45, 0xCC07, 0xD467, 0xD488, 0xD487, 0xD468,
    0xCBE7, 0xC346, 0xB284, 0xB265, 0x9A66, 0x82EA, 0x636E, 0x43B2, 0x0C9A, 0x0458, 0x0C58, 0x03F6,
    0x0B94, 0x02F0, 0x0352, 0x0373, 0x0BB4, 0x03B4, 0x03B4, 0x03F5, 0x0C79, 0x0479, 0x0CFB, 0x04DA,
    0x0CDB, 0x0478, 0x0C99, 0x0437, 0x0BF6, 0x03D5, 0x0C58, 0x0416, 0x0C16, 0x0417, 0x0C79, 0x04BA,
    0x0C9A, 0x0499, 0x0CFC, 0x051C, 0x0CFC, 0x04DB, 0x0CDB, 0x04BA, 0x0CBA, 0x0499, 0x0C99, 0x0478,
    0x0C99, 0x0479, 0x0C79, 0x0458, 0x0C79, 0x0458, 0x0C58, 0x0478, 0x0C99, 0x04BA, 0x0C58, 0x0373,
    0x0B52, 0x0352, 0x0C99, 0x0478, 0x0B31, 0x0352, 0x0BF6, 0x03D5, 0x0BB4, 0x0311, 0x0352, 0x03D5,
    0x0B32, 0x0C58, 0x3C34, 0x63F1, 0x62AA, 0x82C9, 0x9AC8, 0xB2C7, 0xD307, 0xCAC6, 0xCAC6, 0xC2A6,
    0xCAE7, 0xB308, 0xB34A, 0x934B, 0x630D, 0x432E, 0xFB54, 0xFB99, 0xC292, 0xC271, 0xDAD4, 0xFB37,
    0xDAD4, 0xB250, 0xEAF5, 0xFB37, 0xC272, 0xAA2F, 0xCA92, 0xDAD4, 0xF316, 0xCA92, 0xAA2F, 0x99EE,
    0xA20F, 0xCA92, 0xD2B3, 0xBA51, 0xDAB4, 0xE2D4, 0xD2B3, 0xDAB4, 0xDAD4, 0xB250, 0xB24E, 0xDACF,
    0xBA6B, 0xC28A, 0xBA68, 0xA226, 0xEB08, 0xC2A6, 0x89E4, 0xC2C6, 0xC2E7, 0x8246, 0x7A68, 0x72EB,
    0x5B0D, 0x43B1, 0x2C14, 0x0C79, 0x03F6, 0x0437, 0x03F6, 0x03F6, 0x03B4, 0x0373, 0x03B4, 0x03B5,
    0x0393, 0x0373, 0x0373, 0x03B4, 0x03B4, 0x0373, 0x0416, 0x0437, 0x0437, 0x0437, 0x0458, 0x0479,
    0x0416, 0x0437, 0x04DA, 0x0479, 0x0437, 0x04BA, 0x055E, 0x053D, 0x0499, 0x0499, 0x051C, 0x051C,
    0x053D, 0x053D, 0x04FB, 0x04BA, 0x0499, 0x0478, 0x0458, 0x0478, 0x0478, 0x0479, 0x0458, 0x0478,
    0x0458, 0x0458, 0x0457, 0x0458, 0x0457, 0x0499, 0x04BA, 0x0352, 0x0332, 0x0352, 0x0394, 0x0373,
    0x0311, 0x0373, 0x03D5, 0x0437, 0x03B4, 0x0394, 0x0393, 0x0499, 0x0373, 0x04DA, 0x04DA, 0x0373,
    0x1AAD, 0x3B0E, 0x63D0, 0x736E, 0x730B, 0x72EB, 0x72EA, 0x6AEB, 0x5AEB, 0x7C11, 0x538F, 0x3B70,
    0x1BD3, 0x0478, 0xF316, 0xFB79, 0xB250, 0xBA51, 0xA20F, 0xFB58, 0xDAD4, 0xC292, 0xD2B3, 0xF316,
    0xD293, 0xBA51, 0xCA92, 0xCA93, 0xC272, 0xC271, 0xAA0F, 0x99EE, 0x99EE, 0xBA51, 0xC271, 0xA20F,
    0xAA30, 0xE2D5, 0xDAD4, 0xD2B3, 0xC271, 0xC272, 0xC272, 0xEAF5, 0xDAD2, 0xCA8F, 0xA20B, 0xBA6C,
    0xDACD, 0xCA8B, 0x52CB, 0x7411, 0x6411, 0x42ED, 0x43F2, 0x33D3, 0x1BB3, 0x0416, 0x0458, 0x0C79,
    0x0C58, 0x0416, 0x0BB5, 0x0394, 0x03D5, 0x03F5, 0x0BD5, 0x03B4, 0x03B4, 0x0352, 0x0373, 0x0394,
    0x0393, 0x0331, 0x0394, 0x03B4, 0x03F5, 0x0458, 0x0C99, 0x0437, 0x0437, 0x0457, 0x0CDB, 0x059F,
    0x0D9F, 0x059E, 0x0DBF, 0x04FB, 0x04BA, 0x0458, 0x0CBA, 0x04FB, 0x0D5D, 0x053C, 0x0D1C, 0x04BA,
    0x0478, 0x0458, 0x0C78, 0x0478, 0x0479, 0x0458, 0x0C78, 0x0458, 0x0458, 0x0458, 0x2CCB, 0x2C6A,
    0x0437, 0x0458, 0x0C9A, 0x0478, 0x0352, 0x0373, 0x0352, 0x03F6, 0x0C78, 0x0478, 0x0B94, 0x03D5,
    0x03D5, 0x03B4, 0x0393, 0x0417, 0x02D0, 0x0457, 0x0C79, 0x0311, 0x0352, 0x356C, 0x3E0E, 0x3D2C,
    0x44EB, 0x4CEB, 0x5DCD, 0x1B93, 0x24B9, 0x0C98, 0x0C37, 0x0373, 0x03B5, 0x057E, 0xFB37, 0xFB37,
    0xFB57, 0xEB15, 0xBA51, 0xCA93, 0xE2F5, 0xCA92, 0xD2B3, 0xF316, 0xE2D4, 0xD2B3, 0xEAF5, 0xF316,
    0xD2B3, 0xCA93, 0xD2B3, 0xA20E, 0x91ED, 0xCA92, 0xD2B3, 0xA20F, 0xAA0F, 0xCA92, 0xDAD4, 0xBA51,
    0xC272, 0xBA71, 0xCA93, 0xDAB4, 0xE2D5, 0xBA51, 0xBA71, 0xC271, 0xCA92, 0xD291, 0x1BB4, 0x13D4,
    0x1D7D, 0x0BD5, 0x0DBF, 0x051C, 0x0BF6, 0x0393, 0x0CDB, 0x04FC, 0x03B4, 0x0394, 0x0352, 0x0352,
    0x0373, 0x03B4, 0x0373, 0x03B4, 0x03D5, 0x0373, 0x0352, 0x0373, 0x0373, 0x0373, 0x0394, 0x03D5,
    0x03D5, 0x0437, 0x0478, 0x0437, 0x0437, 0x0458, 0x0499, 0x055E, 0x04FB, 0x0CFC, 0x051C, 0x04BA,
    0x04BA, 0x0CDB, 0x0499, 0x04BA, 0x04BA, 0x0CDB, 0x04FB, 0x04DA, 0x0479, 0x0458, 0x0458, 0x0458,
    0x0458, 0x0458, 0x0458, 0x350B, 0x2CEB, 0x34EB, 0x2CAA, 0x2C8A, 0x2C8A, 0x2C4A, 0x23E9, 0x04BA,
    0x0331, 0x0332, 0x0331, 0x03B4, 0x04DA, 0x0D3D, 0x0332, 0x0352, 0x03F6, 0x0393, 0x0310, 0x0352,
    0x02F0, 0x03F6, 0x0457, 0x2409, 0x2CAB, 0x2CAB, 0x2D0B, 0x2C6A, 0x2CCB, 0x350C, 0x2D0B, 0x352C,
    0x2CAB, 0x0CBA, 0x03F6, 0x03D5, 0x03F6, 0x0CDB, 0xF316, 0xFB58, 0xFB79, 0xFB57, 0xB250, 0xAA30,
    0xCA92, 0xD2B3, 0xD293, 0xFB78, 0xFB37, 0xC271, 0xE2D4, 0xFB37, 0xDAB3, 0xD2B3, 0xEAF5, 0xAA2F,
    0x99EE, 0xDAD4, 0xDAB3, 0xBA71, 0xBA51, 0xDAD4, 0xD293, 0xB230, 0xB250, 0xAA2F, 0xCA92, 0xE2D4,
    0xE2D4, 0xBA51, 0xBA51, 0xC272, 0xCA92, 0xC272, 0x03D5, 0x03D5, 0x053D, 0x0C17, 0x04DB, 0x0D3D,
    0x03D5, 0x03D5, 0x0416, 0x04FC, 0x0B94, 0x0393, 0x03B4, 0x0373, 0x0B94, 0x03B4, 0x0BD5, 0x03B4,
    0x0B94, 0x0373, 0x0352, 0x0352, 0x0BD5, 0x03F6, 0x0C58, 0x0416, 0x0C16, 0x0458, 0x0CDB, 0x04BA,
    0x0C58, 0x0458, 0x0C58, 0x0437, 0x0C37, 0x04DB, 0x0D7E, 0x053D, 0x0D5E, 0x04FC, 0x0C99, 0x0478,
    0x0C79, 0x0458, 0x0C99, 0x0499, 0x0C99, 0x0458, 0x0C78, 0x0437, 0x0D3D, 0x2D0B, 0x354C, 0x352C,
    0x350C, 0x2CAB, 0x2CCB, 0x2CAA, 0x34EB, 0x2C8A, 0x2C8A, 0x358C, 0x3D8D, 0x03D5, 0x0331, 0x0311,
    0x0CDA, 0x051C, 0x0C17, 0x0394, 0x0BB4, 0x0311, 0x0352, 0x0416, 0x0C37, 0x350C, 0x2CAB, 0x2C6A,
    0x34CB, 0x2CEB, 0x2C8B, 0x2C6A, 0x350C, 0x2CCB, 0x2C4A, 0x2CCB, 0x352C, 0x2C8A, 0x2CCB, 0x03B4,
    0x0C78, 0x03F6, 0xEB15, 0xF316, 0xFB37, 0xEAF5, 0xF316, 0xAA2F, 0xC272, 0xC272, 0xD2B3, 0xE2F5,
    0xFB57, 0xC271, 0xD2B3, 0xFB37, 0xD2B3, 0xB250, 0xD2B3, 0xAA30, 0xB250, 0xEAF5, 0xDAB4, 0xC271,
    0xCA92, 0xD2B3, 0xC272, 0xAA2F, 0xBA71, 0xAA2F, 0xD2B3, 0xE2D5, 0xE2D5, 0xC271, 0xC272, 0xC272,
    0xDAB4, 0xCA92, 0x0D1C, 0x03B4, 0x0C58, 0x053D, 0x0DBF, 0x242A, 0x23E9, 0x2388, 0x2C09, 0x242A,
    0x03D4, 0x03D5, 0x03F6, 0x03B4, 0x0393, 0x03D5, 0x03F6, 0x0394, 0x0372, 0x0393, 0x0373, 0x03B4,
    0x03F6, 0x0437, 0x0416, 0x0437, 0x0437, 0x2C6A, 0x2449, 0x2C4A, 0x2429, 0x2C4A, 0x246A, 0x2C6A,
    0x04DB, 0x0DBF, 0x05DF, 0x0DDF, 0x05BF, 0x0D9F, 0x04FB, 0x04BA, 0x0437, 0x0437, 0x0478, 0x04BA,
    0x0479, 0x0458, 0x0458, 0x356C, 0x2CEB, 0x352C, 0x356C, 0x354C, 0x2CEB, 0x2CAB, 0x2C8A, 0x2CCB,
    0x2D0B, 0x2C8A, 0x244A, 0x358D, 0x356C, 0x23C9, 0x23E9, 0x2C4A, 0x02F0, 0x04BA, 0x04B9, 0x03B5,
    0x0311, 0x0311, 0x0352, 0x3DCD, 0x358C, 0x2CAB, 0x2C8A, 0x2C6A, 0x2CEB, 0x35AD, 0x356C, 0x354C,
    0x2CAA, 0x2C6A, 0x2409, 0x352C, 0x35CD, 0x2C4A, 0x2409, 0x3DEE, 0x0499, 0xFB57, 0xF316, 0xF316,
    0xDAD4, 0xD2B3, 0xEAF5, 0xB230, 0xAA2F, 0xCA92, 0xA20F, 0xAA2F, 0xE2D4, 0xCA92, 0xC272, 0xE2D4,
    0xCA92, 0x9A0E, 0xD293, 0xBA71, 0xAA2F, 0xD2B3, 0xCA92, 0xBA71, 0xCA92, 0xCA93, 0xC272, 0xDAB4,
    0xC271, 0xAA0F, 0xCA92, 0xDAD4, 0xCA92, 0xCA92, 0xC272, 0xC272, 0xB250, 0x0DDF, 0x05DF, 0x0C58,
    0x03D5, 0x23A9, 0x2429, 0x23E9, 0x1B88, 0x23E9, 0x23E9, 0x2C2A, 0x03B5, 0x0394, 0x0BD5, 0x0394,
    0x0352, 0x0352, 0x0394, 0x0352, 0x0332, 0x0373, 0x03D5, 0x03F6, 0x03F5, 0x03F6, 0x0C16, 0x2C6A,
    0x2C8A, 0x2C6A, 0x2C6A, 0x2C6A, 0x2C4A, 0x2C4A, 0x2C6A, 0x2C6A, 0x2C8A, 0x2C6A, 0x2C8A, 0x05DF,
    0x0DBF, 0x059F, 0x0D9F, 0x053D, 0x0CBA, 0x0437, 0x0C58, 0x0478, 0x0478, 0x0437, 0x352C, 0x352C,
    0x350C, 0x2D2C, 0x356D, 0x354C, 0x2CCB, 0x2C8A, 0x34CB, 0x2C8A, 0x2CAB, 0x2409, 0x2C2A, 0x35AD,
    0x350C, 0x244A, 0x2C8A, 0x2C8A, 0x2CAB, 0x2CAB, 0x34CB, 0x2C6A, 0x23C9, 0x2C6A, 0x3DAD, 0x354C,
    0x354C, 0x2CEB, 0x2C8B, 0x2C8A, 0x34EB, 0x354C, 0x350C, 0x2D0B, 0x2C8B, 0x2429, 0x34CB, 0x2CCB,
    0x2C8B, 0x2C6A, 0x2CCB, 0x356D, 0x2CCB, 0xFB57, 0xFB57, 0xFB37, 0xE2F5, 0xAA30, 0xFB37, 0xEB15,
    0xA20F, 0xCA92, 0xAA30, 0xBA51, 0xD2B3, 0xCA92, 0xAA2F, 0xBA71, 0xCA92, 0x9A0E, 0xF316, 0xDAD4,
    0xCA92, 0xC272, 0xC272, 0xC271, 0xCA92, 0xAA2F, 0xAA30, 0xE2F5, 0xDAB4, 0xB230, 0xC272, 0xCA92,
    0xCA93, 0xCA72, 0xD2B3, 0xB250, 0xB230, 0x05DF, 0x0F5F, 0x2C6A, 0x2CAB, 0x2C8A, 0x2C6A, 0x2C8A,
    0x23C9, 0x2CAB, 0x2CCC, 0x23C9, 0x356C, 0x358D, 0x0393, 0x03B4, 0x0332, 0x0352, 0x0373, 0x0373,
    0x0332, 0x03B5, 0x0416, 0x0479, 0x0478, 0x2C8A, 0x246A, 0x2C8A, 0x2C8A, 0x2C8B, 0x246A, 0x2C8A,
    0x246A, 0x2C8A, 0x246A, 0x2C6A, 0x2C6A, 0x2C8A, 0x2C8A, 0x2C2A, 0x23A8, 0x0CFB, 0x04BA, 0x0499,
    0x0478, 0x0417, 0x03F6, 0x0417, 0x354C, 0x354C, 0x2D2B, 0x350C, 0x354C, 0x356D, 0x356C, 0x354C,
    0x2C8A, 0x2C6A, 0x354C, 0x2CEB, 0x2C8A, 0x2C4A, 0x246A, 0x2C6A, 0x244A, 0x2CAB, 0x2CAA, 0x2CAB,
    0x2C8A, 0x2C8B, 0x246A, 0x2C29, 0x23C8, 0x2CCB, 0x358D, 0x2CAB, 0x2C8A, 0x350B, 0x246A, 0x2CEB,
    0x2D0B, 0x2CCB, 0x2C8A, 0x2C6A, 0x2C6A, 0x2C6A, 0x2CCB, 0x2C4A, 0x23C8, 0x2C6A, 0x2CEB, 0x2CEB,
    0x2CCB, 0xEAF5, 0xEAF5, 0xF316, 0xF316, 0xE2D4, 0xFB37, 0xFB58, 0xA20F, 0xAA2F, 0xB250, 0xB250,
    0xB230, 0xDAD4, 0xCA92, 0xBA71, 0xBA51, 0xB230, 0xDAD4, 0xCA93, 0xB230, 0xD2B3, 0xC271, 0xC272,
    0xC272, 0x99EE, 0xAA2F, 0xD293, 0xDAB4, 0xA20F, 0xAA0F, 0xCA92, 0xCA92, 0xCA92, 0xCA92, 0xAA2F,
    0xB230, 0x2CCB, 0x2429, 0x2C2A, 0x2CAB, 0x2CAB, 0x2429, 0x2C6A, 0x1B88, 0x2CCB, 0x246A, 0x2388,
    0x354D, 0x358D, 0x3DAD, 0x358D, 0x0B73, 0x0393, 0x0BD5, 0x03D5, 0x0C17, 0x0458, 0x0C9A, 0x35AD,
    0x356D, 0x2CAB, 0x2CAB, 0x2C8A, 0x2C8B, 0x2C8A, 0x2C8B, 0x2C8A, 0x2C8B, 0x2C8A, 0x2C8B, 0x2C6A,
    0x2C8B, 0x2C8A, 0x2CAB, 0x23E9, 0x23A9, 0x352C, 0x358D, 0x2409, 0x354C, 0x2CCB, 0x34EB, 0x352C,
    0x356D, 0x356C, 0x352C, 0x2D0B, 0x3D8D, 0x358D, 0x358D, 0x356C, 0x350C, 0x358D, 0x35AD, 0x354C,
    0x3DEE, 0x358C, 0x358D, 0x2C6A, 0x2C2A, 0x2C8A, 0x2CCB, 0x2CCB, 0x34AB, 0x2C6A, 0x2C2A, 0x23A8,
    0x23C9, 0x356C, 0x356D, 0x2C6A, 0x352C, 0x354C, 0x356D, 0x2CEB, 0x34EB, 0x2CEB, 0x350C, 0x2C8A,
    0x2CAB, 0x2CAB, 0x2CCB, 0x2CAB, 0x2CAB, 0x2CAB, 0x350C, 0x2CCB, 0x3DAD, 0xEAF5, 0xE2F4, 0xDAB3,
    0xDAD4, 0xC271, 0xCA93, 0xE2F5, 0xDAD4, 0x91ED, 0xCA92, 0x91ED, 0x89CD, 0xD2B3, 0xD2B3, 0xA20F,
    0xA20F, 0xA20E, 0xB250, 0xB250, 0xAA2F, 0xCA92, 0xBA51, 0xA20F, 0xBA51, 0x91CD, 0xBA51, 0xC272,
    0xCA93, 0xA20E, 0xC272, 0xE2D4, 0xCA93, 0xC271, 0xC292, 0x99EE, 0xBA71, 0x23A8, 0x23A9, 0x23A8,
    0x2C2A, 0x2D0C, 0x2C6B, 0x23C8, 0x2328, 0x2CCB, 0x23C9, 0x23E9, 0x2D2C, 0x35AD, 0x35AD, 0x35CD,
    0x35AD, 0x35AD, 0x35AD, 0x35AD, 0x358D, 0x35AD, 0x35AD, 0x35CD, 0x35AD, 0x352C, 0x2C8A, 0x2C8A,
    0x2C8A, 0x2C8A, 0x2C8A, 0x2C8A, 0x2C8A, 0x2C8A, 0x2C8A, 0x2C8A, 0x2C8A, 0x2C8A, 0x2449, 0x23E9,
    0x2CAA, 0x356C, 0x2CAA, 0x2409, 0x2CCB, 0x2CEB, 0x2D0B, 0x356C, 0x354C, 0x354C, 0x2CAA, 0x2CAB,
    0x2CEB, 0x352C, 0x356C, 0x35AD, 0x2CEB, 0x356C, 0x2CEB, 0x2CCB, 0x2CEB, 0x352C, 0x2D0B, 0x350B,
    0x2449, 0x2C6A, 0x246A, 0x2CAB, 0x2CCA, 0x2C6A, 0x23E9, 0x2C29, 0x2D4C, 0x354C, 0x2CAA, 0x2CAB,
    0x354C, 0x356C, 0x354C, 0x2409, 0x2C8A, 0x350C, 0x2CEB, 0x2CEB, 0x2CCB, 0x2CCB, 0x2449, 0x352C,
    0x354C, 0x2CEB, 0x2CAA, 0x2CAB, 0xFB36, 0xE2F5, 0xD2B3, 0xCA92, 0xC271, 0xAA2F, 0xB250, 0xC292,
    0xE2D4, 0x91CD, 0xAA2F, 0xAA30, 0x89AC, 0xC292, 0xBA51, 0x89CD, 0x91CD, 0xA22F, 0x99EE, 0x9A0E,
    0x99EE, 0xC272, 0xAA2F, 0xA20E, 0xCA92, 0x99EE, 0xAA2F, 0xBA51, 0xB250, 0xA20E, 0xC271, 0xDAD4,
    0xBA51, 0xB230, 0xCA92, 0xCA92, 0x1B68, 0x1B27, 0x1B88, 0x2388, 0x23C8, 0x244A, 0x23E9, 0x2388,
    0x1B27, 0x2CEB, 0x242A, 0x23E9, 0x354C, 0x35AD, 0x3DAD, 0x35CD, 0x3DCD, 0x35AD, 0x3DEE, 0x35AD,
    0x358D, 0x35AD, 0x3DCE, 0x35CD, 0x3DCE, 0x35AD, 0x354C, 0x352C, 0x2CCB, 0x2C8A, 0x2CAB, 0x2C8A,
    0x2C8B, 0x2C8A, 0x2CAB, 0x2C8A, 0x2CAB, 0x2C6A, 0x2C2A, 0x2C6A, 0x356D, 0x354C, 0x34EB, 0x2409,
    0x2C8B, 0x2D0B, 0x354C, 0x358D, 0x356C, 0x2D0B, 0x34EB, 0x2CEB, 0x34EB, 0x2CEB, 0x354C, 0x358D,
    0x356C, 0x352C, 0x350C, 0x352C, 0x2CAB, 0x244A, 0x2C4A, 0x2CCB, 0x356D, 0x2C6A, 0x2C2A, 0x2C8A,
    0x2CCB, 0x2449, 0x2BE9, 0x35AD, 0x358D, 0x2CAA, 0x2C6A, 0x2D0C, 0x354C, 0x2D2C, 0x2C8B, 0x23C9,
    0x2C8A, 0x2CCB, 0x356D, 0x2CEB, 0x2C6A, 0x2CCB, 0x2CAB, 0x2CEB, 0x3DAD, 0x2CEB, 0x2C4A, 0x2CAB,
    0xFB36, 0xE2F4, 0xD2B3, 0xCA92, 0xE2D4, 0xCA92, 0xA22F, 0xC271, 0xDAD4, 0x91ED, 0x9A0E, 0xCA92,
    0x9A0E, 0x9A0E, 0xB251, 0xAA2F, 0x99EE, 0xBA50, 0xC292, 0xAA2F, 0x91ED, 0xBA51, 0xB250, 0xB230,
    0xDAD4, 0xB250, 0xC271, 0xCA92, 0xC272, 0x99EE, 0xAA30, 0xD2B3, 0xB230, 0xBA51, 0xDAB4, 0xCA92,
    0x2368, 0x1B27, 0x2328, 0x23A8, 0x240A, 0x1B68, 0x2348, 0x2368, 0x2388, 0x244A, 0x23C9, 0x1B27,
    0x358D, 0x3DCE, 0x35AD, 0x3DEE, 0x35CD, 0x3DAD, 0x35AD, 0x35AD, 0x358D, 0x35AD, 0x35AD, 0x35CD,
    0x35CD, 0x3DCE, 0x35CD, 0x35CD, 0x356C, 0x2CCB, 0x2C8A, 0x2C8A, 0x2C8A, 0x2C8B, 0x2C8A, 0x2C8A,
    0x2C8A, 0x2C6A, 0x23A8, 0x2CEB, 0x356C, 0x354C, 0x354C, 0x2C4A, 0x2429, 0x2CCB, 0x2CEB, 0x358D,
    0x356C, 0x350B, 0x360E, 0x3E8F, 0x356C, 0x34EB, 0x2D0B, 0x354C, 0x356C, 0x356D, 0x354C, 0x354C,
    0x2D0B, 0x2C8A, 0x2429, 0x2CAB, 0x356C, 0x2CAB, 0x2429, 0x2CAB, 0x2CCB, 0x2C29, 0x2429, 0x358D,
    0x352C, 0x2C2A, 0x2C8A, 0x352C, 0x35AD, 0x356C, 0x246A, 0x2CAB, 0x2429, 0x2C8B, 0x356C, 0x2C6A,
    0x2C6A, 0x2CAB, 0x2CCB, 0x2D0B, 0x358C, 0x2CCB, 0x2C8A, 0x352C, 0xF316, 0xE2F5, 0xBA71, 0xC292,
    0xCA92, 0xC292, 0x99ED, 0xC292, 0xD2B3, 0x91CD, 0x81AB, 0xD2B3, 0xAA2F, 0x89CC, 0xAA2F, 0xAA30,
    0x99ED, 0xB251, 0xB230, 0xBA51, 0xAA2F, 0xAA30, 0xBA50, 0xB230, 0xDAB3, 0xB250, 0xBA51, 0xCA92,
    0xCA92, 0xB250, 0xA20F, 0xD293, 0xC272, 0xCA92, 0xCA92, 0xB250, 0x1AE7, 0x1B27, 0x1B07, 0x23E9,
    0x2409, 0x23E9, 0x23E9, 0x23E9, 0x23C8, 0x23A9, 0x1B47, 0x1AE7, 0x3DCE, 0x35CD, 0x3DCE, 0x35CD,
    0x3E0E, 0x35CD, 0x3DCD, 0x35AD, 0x3DAD, 0x35AD, 0x3DAD, 0x35AD, 0x3DCE, 0x35CD, 0x3DCE, 0x35AD,
    0x3DCE, 0x358D, 0x350C, 0x2C8A, 0x2CAB, 0x2C8A, 0x2CAB, 0x2C8A, 0x2CAB, 0x2C4A, 0x23C9, 0x352C,
    0x3D8D, 0x356C, 0x356D, 0x2C4A, 0x2C2A, 0x2C8A, 0x2CAB, 0x352C, 0x466F, 0x352C, 0x3DAD, 0x3E2E,
    0x3DEE, 0x356C, 0x358D, 0x356C, 0x354C, 0x356C, 0x358D, 0x356C, 0x358D, 0x2CEB, 0x2C6A, 0x2D0B,
    0x3DAD, 0x2CCB, 0x2C6A, 0x2CAB, 0x2CAB, 0x23E9, 0x350C, 0x358C, 0x2CAB, 0x2429, 0x2C8B, 0x2C8A,
    0x350C, 0x2CEB, 0x2C6A, 0x2CAA, 0x2C2A, 0x2C8A, 0x2CAB, 0x2CAA, 0x2C6A, 0x2409, 0x2C8B, 0x2CEB,
    0x356D, 0x2C8A, 0x34EC, 0x356C, 0xDAD4, 0xDAB3, 0xD2B3, 0xD2B3, 0xCA92, 0xC271, 0xB250, 0xAA2F,
    0xD2B3, 0xB250, 0x81AB, 0xAA2F, 0xB250, 0x91CD, 0x99EE, 0x9A0E, 0x91ED, 0xA20E, 0xB250, 0xAA2F,
    0xB250, 0xAA2F, 0xB250, 0xA20E, 0xCA92, 0x99EE, 0xB250, 0xAA2F, 0xCA93, 0xC271, 0xBA71, 0xE2D4,
    0xCA93, 0xBA51, 0xD2B3, 0xBA51, 0x2327, 0x1B68, 0x23C9, 0x2CCB, 0x2C6B, 0x2C8A, 0x2C4A, 0x2409,
    0x23A9, 0x23A8, 0x2C4A, 0x1B47, 0x2CAA, 0x2CCB, 0x2CAB, 0x354C, 0x35CD, 0x35CD, 0x35AD, 0x35AD,
    0x358D, 0x35AD, 0x35AD, 0x35AD, 0x358D, 0x35AD, 0x35AD, 0x35AD, 0x358C, 0x35AD, 0x35AD, 0x2CEB,
    0x2C8A, 0x2C8A, 0x2C8A, 0x2C8A, 0x246A, 0x2429, 0x2C6A, 0x358D, 0x2CCB, 0x2C6A, 0x354C, 0x2C2A,
    0x2409, 0x2409, 0x2429, 0x2C8A, 0x360E, 0x354C, 0x354C, 0x356C, 0x356C, 0x35AD, 0x35AD, 0x358D,
    0x2D0B, 0x354C, 0x356C, 0x358D, 0x356C, 0x2CCB, 0x2449, 0x35AD, 0x358C, 0x2C4A, 0x246A, 0x2C8A,
    0x2429, 0x2409, 0x356C, 0x34EB, 0x2C8A, 0x350B, 0x358C, 0x2CCB, 0x2429, 0x2C6A, 0x246A, 0x2C8A,
    0x2429, 0x2C6A, 0x246A, 0x352C, 0x2429, 0x2C8A, 0x2D2B, 0x2CEB, 0x354C, 0x2CCB, 0x2CEB, 0x352C,
    0xDAD4, 0xCA92, 0xCA92, 0xD2B3, 0xBA71, 0xBA50, 0xCA92, 0x91CD, 0xB250, 0xCA92, 0xA20E, 0x89CD,
    0xAA2F, 0x91CD, 0x91CD, 0x99EE, 0x89CC, 0xA20F, 0xAA2F, 0x91ED, 0xBA50, 0xC292, 0xC272, 0xB250,
    0xAA30, 0xA20F, 0xC292, 0xC272, 0xBA71, 0xC272, 0xC292, 0xD2B3, 0xBA50, 0xBA51, 0xCA92, 0xCA92,
    0x1AE7, 0x2388, 0x23C9, 0x2C4A, 0x2429, 0x23A8, 0x23A8, 0x2368, 0x1BC8, 0x2C4A, 0x244A, 0x2368,
    0x354C, 0x352C, 0x354C, 0x354C, 0x3DAD, 0x35CD, 0x3DCE, 0x35AD, 0x35AD, 0x35AD, 0x3DAD, 0x358D,
    0x35AD, 0x35AD, 0x3DCE, 0x35AD, 0x358D, 0x35AD, 0x3E0E, 0x356D, 0x2CAB, 0x2C8A, 0x2CAB, 0x2C8A,
    0x2C6A, 0x2409, 0x2CCB, 0x354C, 0x23C9, 0x2388, 0x23E9, 0x23E9, 0x2C09, 0x2409, 0x23C9, 0x23E9,
    0x356D, 0x2CAB, 0x350C, 0x354C, 0x356D, 0x356C, 0x3DAD, 0x356C, 0x350C, 0x2CEB, 0x34CB, 0x354C,
    0x350C, 0x244A, 0x2C6A, 0x3E0E, 0x3DAD, 0x23E9, 0x2C4A, 0x2C6A, 0x2C09, 0x2429, 0x356D, 0x2429,
    0x2CAB, 0x356C, 0x358D, 0x2CEB, 0x35AD, 0x2CCB, 0x2C8A, 0x2CCB, 0x2C4A, 0x2CAA, 0x2C8B, 0x2CEB,
    0x352C, 0x354C, 0x358D, 0x350C, 0x2CCB, 0x2C8A, 0x34CB, 0xFB78, 0xF336, 0xDAD4, 0xDAD4, 0xD2B3,
    0xC271, 0xB250, 0xBA71, 0x798B, 0x91ED, 0xB230, 0xAA2F, 0x798B, 0xB250, 0x99EE, 0x99EE, 0x99EE,
    0x89CD, 0x9A0E, 0xAA30, 0x89CD, 0xB250, 0xCA92, 0xCA93, 0xDAB3, 0xDAD4, 0xB230, 0xDAD4, 0xCA92,
    0xBA71, 0xBA51, 0xCA92, 0xDAB4, 0xC271, 0xBA51, 0xCA92, 0x23C9, 0x23A8, 0x1B07, 0x2368, 0x23E9,
    0x2C2A, 0x1B48, 0x23A9, 0x23C9, 0x240A, 0x23E9, 0x23E9, 0x1B07, 0x35CD, 0x3DCE, 0x35CD, 0x35AD,
    0x35AD, 0x3DCE, 0x35CD, 0x35AD, 0x35AD, 0x3DCD, 0x35AD, 0x35AD, 0x358D, 0x3DAD, 0x35CD, 0x35AD,
    0x35AD, 0x35AD, 0x35AD, 0x35CD, 0x2D2C, 0x2CAB, 0x2C8A, 0x2C6A, 0x2449, 0x2C4A, 0x2D2B, 0x354C,
    0x244A, 0x2C29, 0x2409, 0x2409, 0x2429, 0x23E9, 0x23C8, 0x2429, 0x2449, 0x2C6A, 0x2CCB, 0x350C,
    0x354C, 0x356C, 0x356C, 0x35AD, 0x356C, 0x354C, 0x2C8A, 0x2CCB, 0x2C6A, 0x352C, 0x356C, 0x3E6F,
    0x35CD, 0x2C4A, 0x246A, 0x2C4A, 0x23E9, 0x2CCB, 0x358C, 0x2C6A, 0x244A, 0x354C, 0x2CAA, 0x2C6A,
    0x35AD, 0x34EB, 0x2C8A, 0x356C, 0x2C8A, 0x34EB, 0x2CAA, 0x2CAB, 0x35CD, 0x2CAB, 0x2CAB, 0x350C,
    0x2C6A, 0x34EC, 0x358D, 0xFB78, 0xF316, 0xEB15, 0xD2B3, 0xDAD3, 0xDAD4, 0xCA92, 0xBA70, 0x81AC,
    0x81AC, 0xB250, 0x89CC, 0x798B, 0xA20F, 0xB250, 0x99EE, 0x9A0E, 0x89CC, 0x91CD, 0xA20E, 0x89AC,
    0xAA2F, 0xC271, 0xC272, 0xCA92, 0xCA92, 0xAA2F, 0xBA51, 0xB250, 0xAA2F, 0xBA71, 0xC271, 0xDAB4,
    0xC271, 0xBA51, 0xCA92, 0x2C6A, 0x2409, 0x1B27, 0x1B68, 0x23E9, 0x2409, 0x23A8, 0x1B27, 0x1B48,
    0x1B88, 0x2368, 0x2409, 0x2368, 0x3DCE, 0x35AD, 0x3DCE, 0x35CD, 0x3DCE, 0x35CD, 0x3DAD, 0x35AD,
    0x3DCE, 0x35CD, 0x3DCE, 0x35AD, 0x3DAD, 0x35AD, 0x3DCE, 0x35CD, 0x3DCE, 0x35CD, 0x3DCD, 0x35CD,
    0x3DCE, 0x2CAB, 0x2CAB, 0x2C6A, 0x2C2A, 0x2CAB, 0x356D, 0x358D, 0x3DAD, 0x35AD, 0x356D, 0x2C8A,
    0x2C8B, 0x2C29, 0x350C, 0x354C, 0x2C6A, 0x2C8A, 0x2CCB, 0x352C, 0x3E2E, 0x358D, 0x3DCD, 0x360E,
    0x3E0E, 0x3DED, 0x356D, 0x2CCB, 0x2CAB, 0x3DED, 0x3E4F, 0x3EAF, 0x46B0, 0x2CAB, 0x2C8B, 0x2C8A,
    0x2C09, 0x35AD, 0x3DAD, 0x2CCB, 0x2C8B, 0x350C, 0x350C, 0x244A, 0x350C, 0x2CAB, 0x34EB, 0x352C,
    0x2C09, 0x2C2A, 0x350C, 0x356C, 0x356D, 0x2C2A, 0x2C6A, 0x358D, 0x352C, 0x352C, 0x3E4F, 0xF316,
    0xF336, 0xE2F5, 0xD2B3, 0xCA92, 0xD2D3, 0xC292, 0xB250, 0xB250, 0x81AC, 0xCA92, 0xBA71, 0x81AB,
    0x89CD, 0xB250, 0xA20E, 0xA20E, 0x9A0E, 0x99EE, 0xB250, 0x99EE, 0xC292, 0xCA93, 0xBA71, 0xB250,
    0xD2B3, 0xB250, 0xC292, 0xD2B3, 0xBA71, 0xCA92, 0xC271, 0xD2B3, 0xDAD4, 0xBA51, 0xCA92, 0x244A,
    0x2CAB, 0x23C9, 0x23C9, 0x1B47, 0x2368, 0x1B47, 0x2348, 0x23A8, 0x23C9, 0x2368, 0x2C09, 0x2388,
    0x358D, 0x358D, 0x35AD, 0x3DCE, 0x35CD, 0x35CD, 0x358D, 0x35AD, 0x358C, 0x358D, 0x358D, 0x358D,
    0x358C, 0x35AD, 0x35AD, 0x35AD, 0x358C, 0x35CD, 0x358D, 0x358D, 0x2CEB, 0x2C8A, 0x2C6A, 0x2C4A,
    0x23C8, 0x2CCB, 0x354C, 0x356D, 0x2CCB, 0x35AD, 0x356C, 0x2C6A, 0x2C8A, 0x2C8A, 0x356C, 0x354C,
    0x2449, 0x2C4A, 0x246A, 0x354C, 0x2D4C, 0x2C4A, 0x354C, 0x3DCD, 0x356C, 0x3E0E, 0x35AD, 0x356C,
    0x2D0B, 0x35AD, 0x35ED, 0x3E4F, 0x2CEB, 0x2CAA, 0x2CAA, 0x2CAB, 0x23E8, 0x35AD, 0x2D4C, 0x350C,
    0x2D0B, 0x2C8A, 0x356C, 0x350C, 0x2D4C, 0x350C, 0x2C8A, 0x2C8A, 0x23E8, 0x23E9, 0x2D0B, 0x3DCD,
    0x2CCB, 0x2C4A, 0x2409, 0x3DCE, 0x360E, 0x354C, 0x35ED, 0xF316, 0xEB15, 0xEB15, 0xDAD4, 0xCAB2,
    0xCA92, 0xD2B3, 0xC271, 0xDAD4, 0x89AC, 0xC271, 0x99EE, 0x81AC, 0x91CD, 0xB250, 0xAA30, 0xBA71,
    0xA20E, 0x91CD, 0xAA2F, 0x91CD, 0xB250, 0xBA71, 0xBA71, 0xB250, 0xBA50, 0xB250, 0xD2B3, 0xEAF5,
    0xC271, 0xCA92, 0xC272, 0xCAB3, 0xC271, 0xBA51, 0xC271, 0x240A, 0x2429, 0x2C8A, 0x23E9, 0x2348,
    0x1AE6, 0x1AC6, 0x23A8, 0x23C9, 0x1B47, 0x1B48, 0x1B88, 0x2388, 0x358D, 0x356C, 0x356D, 0x356D,
    0x358D, 0x354C, 0x354C, 0x356C, 0x358D, 0x358D, 0x3DAD, 0x358D, 0x358D, 0x358C, 0x358D, 0x358D,
    0x358D, 0x35AD, 0x35AD, 0x2CAB, 0x2C6A, 0x2C6A, 0x2C8A, 0x2409, 0x23A8, 0x2D0B, 0x2C4A, 0x2CEB,
    0x23C9, 0x2C8A, 0x2C8B, 0x2C4A, 0x2C8B, 0x2CCB, 0x350C, 0x2CCB, 0x2C6A, 0x2CCB, 0x2CAB, 0x352C,
    0x2CAB, 0x23E9, 0x350C, 0x35AD, 0x34EC, 0x3E6F, 0x3E0E, 0x356C, 0x352C, 0x2CEB, 0x2C6A, 0x2C8A,
    0x2CAB, 0x2CCB, 0x34CB, 0x2C6A, 0x23E9, 0x35AD, 0x34CB, 0x350C, 0x35AD, 0x2C8A, 0x3DCE, 0x2CEB,
    0x352C, 0x356C, 0x354D, 0x2C8A, 0x2409, 0x2C8A, 0x358D, 0x354C, 0x34EB, 0x23E9, 0x2C4A, 0x356C,
    0x3E0E, 0x358D, 0x3DCE, 0xF336, 0xFB36, 0xF316, 0xE2F5, 0xD2B3, 0xD2B3, 0xDAD3, 0xD2B3, 0xE2F4,
    0xCA92, 0x9A0E, 0x91ED, 0x798B, 0x9A0E, 0xBA71, 0xBA71, 0xB230, 0xAA30, 0x89AC, 0xB250, 0xAA2F,
    0xBA51, 0xAA30, 0xB250, 0xB250, 0xB250, 0x99EE, 0xAA2F, 0xBA51, 0xCA92, 0xC292, 0xDAD4, 0xE2F5,
    0xC272, 0xBA51, 0xD2B3, 0x23E9, 0x240A, 0x23E9, 0x2C2A, 0x2368, 0x2348, 0x1AC6, 0x2388, 0x2388,
    0x1B27, 0x1B27, 0x23C9, 0x2388, 0x354C, 0x354C, 0x2D2C, 0x354C, 0x2D2C, 0x2C8B, 0x03B4, 0x0394,
    0x0393, 0x0394, 0x03B4, 0x03D5, 0x03F5, 0x03F6, 0x0417, 0x0458, 0x04BA, 0x04BA, 0x0416, 0x0437,
    0x04BA, 0x0479, 0x0458, 0x0478, 0x04DA, 0x04DB, 0x0458, 0x0417, 0x0437, 0x0437, 0x0416, 0x0458,
    0x0458, 0x0458, 0x0437, 0x0458, 0x0478, 0x0479, 0x0478, 0x0499, 0x04BA, 0x0C99, 0x0499, 0x04BA,
    0x0499, 0x0CBA, 0x0458, 0x0478, 0x0437, 0x0458, 0x0437, 0x0437, 0x0437, 0x0416, 0x2CCB, 0x2C6A,
    0x23E9, 0x356C, 0x2D4C, 0x358D, 0x2D2C, 0x34EB, 0x2CCB, 0x2CCB, 0x2CEB, 0x356C, 0x35CD, 0x2CEB,
    0x354C, 0x354C, 0x35AD, 0x2C6A, 0x2D0B, 0x34EC, 0x2CCB, 0x354C, 0x35ED, 0x350C, 0xFB57, 0xFB57,
    0xEB15, 0xEB15, 0xE2F4, 0xDAD4, 0xD2B3, 0xD2B3, 0xCA92, 0xDAD4, 0xEAF5, 0xB250, 0x99EE, 0x9A0E,
    0x798B, 0xAA2F, 0xBA71, 0xC292, 0x99ED, 0xA20E, 0xBA51, 0xC292, 0xAA2F, 0xA22F, 0xB250, 0xC271,
    0xCA92, 0xB250, 0xB250, 0xBA71, 0xCA92, 0xD2B3, 0xCA92, 0xEAF5, 0xBA71, 0xC271, 0x2429, 0x2409,
    0x2429, 0x2409, 0x23E9, 0x1B07, 0x1B68, 0x2388, 0x1B68, 0x2368, 0x1AE7, 0x1AE7, 0x23C9, 0x23A9,
    0x352C, 0x2D0B, 0x352C, 0x352C, 0x350C, 0x2C4A, 0x0394, 0x0393, 0x0BB4, 0x0393, 0x03F6, 0x0437,
    0x0C16, 0x03F5, 0x0C58, 0x0437, 0x0C58, 0x0437, 0x0C79, 0x0499, 0x0CBA, 0x0458, 0x0C9A, 0x04FB,
    0x0CDB, 0x0499, 0x0CBA, 0x0499, 0x0CFC, 0x04FB, 0x0CDB, 0x0499, 0x0C79, 0x0458, 0x0C78, 0x0478,
    0x0C99, 0x0479, 0x0C99, 0x0478, 0x0C79, 0x0478, 0x0C99, 0x0499, 0x0CBA, 0x04DA, 0x0C99, 0x0499,
    0x0CBA, 0x04BA, 0x0C99, 0x0458, 0x0C79, 0x0437, 0x2CAB, 0x2429, 0x2C2A, 0x35CD, 0x3DEE, 0x35ED,
    0x2C6A, 0x2CCB, 0x2C6A, 0x2D2C, 0x356D, 0x2C8A, 0x2CAB, 0x2CCB, 0x352C, 0x354C, 0x350C, 0x23E9,
    0x356D, 0x358D, 0x2CAB, 0x2D0B, 0x3DAD, 0x2C4A, 0xFB78, 0xFB57, 0xFB37, 0xF316, 0xEB15, 0xDAD4,
    0xDAD4, 0xCA92, 0xC292, 0xD2B3, 0xF336, 0xC271, 0xAA2F, 0xA20E, 0xAA30, 0xCA92, 0xE2F5, 0xCA92,
    0xA20F, 0xC271, 0xCA92, 0xBA51, 0xBA71, 0xA22F, 0xC292, 0xCA92, 0xCA92, 0xBA50, 0xC292, 0xA20F,
    0xBA51, 0xC271, 0xCA92, 0xE2D4, 0xBA71, 0xB250, 0x2C4A, 0x23E9, 0x23C9, 0x23E9, 0x23E9, 0x1B68,
    0x23A9, 0x2409, 0x2389, 0x23A8, 0x2368, 0x1AC6, 0x23A9, 0x1B68, 0x2CCB, 0x2CCB, 0x2CCB, 0x2CEB,
    0x2CCB, 0x2C4A, 0x0394, 0x03D5, 0x0373, 0x0373, 0x0394, 0x04BA, 0x0499, 0x03F6, 0x0417, 0x0458,
    0x0416, 0x0416, 0x0458, 0x04DB, 0x0458, 0x0416, 0x0478, 0x053D, 0x055D, 0x04FB, 0x053D, 0x055E,
    0x051C, 0x0DBF, 0x05BF, 0x051C, 0x04DA, 0x053D, 0x04FC, 0x051C, 0x04DB, 0x04DA, 0x0499, 0x0478,
    0x0437, 0x0458, 0x0499, 0x0478, 0x0478, 0x0499, 0x0478, 0x0499, 0x0499, 0x0499, 0x0458, 0x0499,
    0x0479, 0x0479, 0x2CAA, 0x35AD, 0x2CEB, 0x354C, 0x358C, 0x358D, 0x2CEB, 0x2CCB, 0x2C8A, 0x350C,
    0x35AD, 0x2C4A, 0x2C6A, 0x352C, 0x2D0B, 0x354C, 0x2CCB, 0x2C4A, 0x356C, 0x2CEB, 0x2C6A, 0x350C,
    0x2CEB, 0x2C6A, 0xF336, 0xFB36, 0xF336, 0xF336, 0xEB15, 0xEAF5, 0xE2F4, 0xDAD4, 0xD2D3, 0xE2F4,
    0xFB57, 0xFB57, 0xA22F, 0xAA2F, 0xEB15, 0xE2F4, 0xE2F4, 0xCA92, 0xC271, 0xCA92, 0xBA71, 0xD2B3,
    0xD2B3, 0xB250, 0xBA71, 0xC292, 0xBA71, 0xBA71, 0xBA71, 0x9A0E, 0xBA50, 0xB250, 0xBA71, 0xDAD4,
    0xBA51, 0xBA51, 0x244A, 0x2388, 0x1B47, 0x23C9, 0x2409, 0x2C8B, 0x23E9, 0x2C4A, 0x23A8, 0x2C2A,
    0x2409, 0x1B27, 0x1B47, 0x23C9, 0x2CEB, 0x2CCB, 0x2CCB, 0x2CCB, 0x2CCB, 0x2CAA, 0x03D5, 0x0417,
    0x0478, 0x0437, 0x0437, 0x0458, 0x0437, 0x03F6, 0x0C58, 0x04BA, 0x04BA, 0x04BA, 0x0458, 0x0416,
    0x0416, 0x0457, 0x0437, 0x04FB, 0x0DDF, 0x053D, 0x0D3D, 0x057E, 0x0499, 0x04DA, 0x0CFB, 0x04DB,
    0x0D1C, 0x053D, 0x0D1C, 0x051C, 0x0CDB, 0x04BA, 0x0C99, 0x0437, 0x0458, 0x0458, 0x0CBA, 0x0458,
    0x0458, 0x0458, 0x0C37, 0x0437, 0x0C99, 0x0478, 0x0C78, 0x0499, 0x0CBA, 0x04BA, 0x3DAD, 0x3E8F,
    0x3E0E, 0x356C, 0x356D, 0x35CD, 0x3E4F, 0x352C, 0x34EC, 0x2CEB, 0x358D, 0x244A, 0x34EC, 0x35CD,
    0x3DCD, 0x35ED, 0x34EC, 0x358D, 0x3DCE, 0x2D0C, 0x34EB, 0x2CCB, 0x354C, 0x7587, 0xF336, 0xF336,
    0xFB36, 0xF316, 0xEB16, 0xEAF5, 0xF336, 0xEB15, 0xE2F5, 0xDAD4, 0xFB36, 0xFB57, 0xB250, 0xAA2F,
    0xAA2F, 0xA20E, 0xEAF5, 0xDAD4, 0xBA71, 0xB250, 0xCA92, 0xCAB2, 0xD2D3, 0xB250, 0xBA71, 0xCA92,
    0xCAB3, 0xEAF5, 0xD2B3, 0xB230, 0xD2B3, 0xAA30, 0xC292, 0xEAF5, 0xEB15, 0xCA92, 0x2C0A, 0x1B48,
    0x23E9, 0x23C9, 0x2C0A, 0x2409, 0x2348, 0x23A8, 0x2368, 0x23E9, 0x2C2A, 0x1B68, 0x2348, 0x1B68,
    0x2CCB, 0x34EB, 0x2C8A, 0x2CAB, 0x2CAB, 0x350C, 0x2D2C, 0x0458, 0x0478, 0x049A, 0x0479, 0x0417,
    0x03D5, 0x0416, 0x04BA, 0x053D, 0x05BF, 0x0DBF, 0x04FB, 0x0499, 0x04DA, 0x0D1C, 0x0478, 0x04DB,
    0x057E, 0x04DB, 0x04DA, 0x04BA, 0x0457, 0x0479, 0x0478, 0x053D, 0x051C, 0x0D1C, 0x053C, 0x053D,
    0x04FB, 0x0CDB, 0x0478, 0x0458, 0x0478, 0x0499, 0x0478, 0x0458, 0x0458, 0x0458, 0x0437, 0x0458,
    0x04DB, 0x0D1C, 0x04BA, 0x04BA, 0x0499, 0x0C99, 0x0416, 0x3E4F, 0x3E2E, 0x356D, 0x2D2C, 0x35CD,
    0x3E6F, 0x352C, 0x2D0B, 0x352C, 0x358D, 0x352C, 0x2D0B, 0x3DEE, 0x35AD, 0x35AD, 0x2CAA, 0x3E4F,
    0x3E4E, 0x35CD, 0x2CCB, 0x352C, 0x35EE, 0x7DC8, 0xF336, 0xFB57, 0xFB37, 0xFB37, 0xEB15, 0xEB15,
    0xEB15, 0xEB15, 0xDAF4, 0xDAD4, 0xDAD4, 0xFB57, 0xCA92, 0xB250, 0xAA2F, 0xA20E, 0xE2F5, 0xF336,
    0xBA71, 0xAA2F, 0xCAB2, 0xCA92, 0xD2B3, 0xBA71, 0xC271, 0xE2F4, 0xD2B3, 0xE2D4, 0xE2D4, 0xC271,
    0xC271, 0xBA50, 0xB250, 0xEAF5, 0xD2B3, 0xCA93, 0x244A, 0x23C9, 0x23C9, 0x23C9, 0x2409, 0x23C9,
    0x1B27, 0x23A8, 0x1B68, 0x2409, 0x242A, 0x23C9, 0x1B88, 0x2368, 0x34CB, 0x2CEB, 0x2CAB, 0x2C6A,
    0x2C8B, 0x2D0B, 0x354C, 0x0416, 0x0C17, 0x03B4, 0x03D5, 0x0416, 0x0C17, 0x03F6, 0x0C99, 0x0499,
    0x0D3D, 0x055E, 0x0D9F, 0x059F, 0x0DDF, 0x05DF, 0x0D9F, 0x05BF, 0x0D9F, 0x051C, 0x0DDF, 0x059F,
    0x0D1C, 0x04FB, 0x0CFC, 0x057E, 0x0D3D, 0x04FC, 0x0CFB, 0x04FC, 0x0D1C, 0x055D, 0x0D7E, 0x04FB,
    0x0C79, 0x049A, 0x0D3D, 0x04BA, 0x0C79, 0x0458, 0x0C17, 0x0416, 0x0C79, 0x0499, 0x0CDB, 0x04BA,
    0x0C79, 0x0458, 0x0C16, 0x3E2E, 0x3E2F, 0x3E2E, 0x358D, 0x35CD, 0x3E0E, 0x356C, 0x358D, 0x2CCB,
    0x3D8D, 0x3DEE, 0x34EB, 0x354C, 0x354C, 0x2D0C, 0x2CAB, 0x3E2E, 0x3E2F, 0x354C, 0x34EB, 0x356C,
    0x3DCE, 0x75C8, 0xF336, 0xF336, 0xFB57, 0xF336, 0xF336, 0xE2F5, 0xEB15, 0xEB15, 0xE2F4, 0xCAB3,
    0xD2B3, 0xF316, 0xF336, 0xD2B3, 0xB250, 0xB250, 0xF336, 0xEB15, 0xCA92, 0xAA2F, 0xD2B3, 0xD2B3,
    0xDAD4, 0xB250, 0xC292, 0xDAD4, 0xCA92, 0xBA71, 0xD2B3, 0xC292, 0xB250, 0xBA71, 0xCAB2, 0xC292,
    0xC272, 0xCA92, 0x23E9, 0x23C9, 0x2348, 0x1B47, 0x2368, 0x1B27, 0x2348, 0x23A8, 0x2368, 0x23A8,
    0x23C9, 0x1B27, 0x2388, 0x23E9, 0x248A, 0x2CAB, 0x2C8A, 0x2C4A, 0x2429, 0x2CCB, 0x2CEB, 0x03B4,
    0x03D4, 0x03F6, 0x0437, 0x0458, 0x0499, 0x0437, 0x03F6, 0x03F6, 0x0478, 0x04FB, 0x04FB, 0x057E,
    0x055D, 0x057E, 0x05BF, 0x0E3F, 0x05DF, 0x053D, 0x055D, 0x059F, 0x053D, 0x057E, 0x05BF, 0x05BF,
    0x053C, 0x04FC, 0x04BA, 0x04DA, 0x04DA, 0x057E, 0x055D, 0x04DB, 0x0437, 0x0416, 0x0458, 0x0458,
    0x0416, 0x03F6, 0x03F5, 0x03F6, 0x03F5, 0x03F6, 0x0416, 0x0437, 0x0416, 0x0437, 0x03B4, 0x3DEE,
    0x35AD, 0x35CD, 0x3E6E, 0x3E2E, 0x360E, 0x356C, 0x35CD, 0x34EC, 0x35CD, 0x35CD, 0x2CAA, 0x354C,
    0x2D4C, 0x35CE, 0x360E, 0x3E2E, 0x2D2B, 0x352C, 0x356C, 0x354C, 0x2CEB, 0xF336, 0xEB15, 0xF336,
    0xF336, 0xF336, 0xEAF5, 0xE2F5, 0xE2F4, 0xE2F4, 0xD2B3, 0xCA92, 0xCA92, 0xDAD4, 0xEB15, 0xE2F5,
    0xB250, 0xC292, 0xDAD4, 0xFB57, 0xD2B3, 0xA22F, 0xC271, 0xD2D3, 0xEAF5, 0xD2B3, 0xA20E, 0xBA71,
    0xBA71, 0xD2B3, 0xDAD3, 0xD2B3, 0xBA50, 0xC271, 0xD2B3, 0xBA51, 0xAA2F, 0x2409, 0x23A8, 0x2368,
    0x1B27, 0x23A8, 0x1B07, 0x1B27, 0x1B47, 0x23A9, 0x23C8, 0x2368, 0x1B47, 0x1AE7, 0x1B68, 0x2C2A,
    0x2CAB, 0x2C6A, 0x2C8B, 0x2C4A, 0x2C2A, 0x2C8A, 0x2C8B, 0x03B4, 0x03F6, 0x0458, 0x0C99, 0x04BA,
    0x051C, 0x051C, 0x0458, 0x0416, 0x051C, 0x063F, 0x0E3F, 0x063F, 0x0E3F, 0x063F, 0x0DBF, 0x057E,
    0x0D5E, 0x04FB, 0x0CDA, 0x04DB, 0x051C, 0x051C, 0x0D7E, 0x053D, 0x0499, 0x04DA, 0x0CDB, 0x04DA,
    0x04DB, 0x0499, 0x0C79, 0x0458, 0x0437, 0x0416, 0x0417, 0x0416, 0x0437, 0x0437, 0x0C17, 0x0416,
    0x0416, 0x03F6, 0x0C16, 0x03D5, 0x0437, 0x0417, 0x0BD5, 0x356C, 0x350C, 0x352C, 0x3DCE, 0x358D,
    0x356D, 0x2CCB, 0x350C, 0x35CD, 0x46D0, 0x35AD, 0x354C, 0x350C, 0x356D, 0x3E2E, 0x3E2F, 0x35CD,
    0x34EC, 0x35EE, 0x3E6F, 0x356C, 0x2CCB, 0xEB15, 0xF336, 0xF336, 0xFB37, 0xF336, 0xF316, 0xEB15,
    0xEB15, 0xE2F5, 0xDAF4, 0xD2B3, 0xD2B3, 0xD2D3, 0xEB15, 0xFB36, 0xAA2F, 0xA22F, 0xCAB3, 0xFB78,
    0xF316, 0xAA2F, 0xC271, 0xD2B3, 0xFB37, 0xE2F4, 0xAA2F, 0xB250, 0xCAB3, 0xDAD4, 0xDAD4, 0xCA92,
    0xCAB3, 0xB250, 0xCA92, 0xC271, 0xBA71, 0x2C6A, 0x2C2A, 0x1B48, 0x1B27, 0x242A, 0x23C9, 0x23A9,
    0x2388, 0x23C9, 0x2C4A, 0x23A8, 0x2388, 0x2388, 0x2368, 0x23A8, 0x246A, 0x2C6A, 0x244A, 0x2C4A,
    0x2409, 0x2C2A, 0x2429, 0x03D5, 0x03D5, 0x03D5, 0x0416, 0x0437, 0x0499, 0x04FC, 0x0499, 0x0458,
    0x053C, 0x0E3F, 0x061F, 0x0E3F, 0x061F, 0x0DBF, 0x04FB, 0x04FB, 0x04BA, 0x04DB, 0x04DB, 0x051C,
    0x057E, 0x0D3D, 0x04BA, 0x049A, 0x0417, 0x0437, 0x0437, 0x04BA, 0x04BA, 0x0478, 0x0478, 0x0478,
    0x0437, 0x0416, 0x03D5, 0x0437, 0x0478, 0x0417, 0x03B4, 0x03D5, 0x03B4, 0x03D5, 0x03D5, 0x03F6,
    0x0416, 0x03F6, 0x03D5, 0x356C, 0x2D0B, 0x2CEB, 0x35CD, 0x350C, 0x2D2C, 0x350C, 0x2CEB, 0x3E2E,
    0x3ED0, 0x3DCE, 0x3E2E, 0x358D, 0x35CD, 0x358D, 0x2D0B, 0x35AD, 0x358D, 0x3E2F, 0x35AD, 0x356D,
    0x7E28, 0xF316, 0xF316, 0xF336, 0xF316, 0xF316, 0xEB15, 0xEB15, 0xE2F5, 0xEAF5, 0xE2F4, 0xD2D3,
    0xD2B3, 0xDAF4, 0xE2F5, 0xFB36, 0xAA2F, 0xB250, 0xCAB2, 0xFB57, 0xEB15, 0xBA71, 0xC292, 0xDAD4,
    0xE2F4, 0xCA92, 0xAA2F, 0xDAD3, 0xDAD4, 0xDAD4, 0xDAD4, 0xD2D3, 0xD2B3, 0xB250, 0xB250, 0xD2B3,
    0xCA92, 0x2C4A, 0x2409, 0x2388, 0x1B68, 0x2C4A, 0x2C8A, 0x2CAB, 0x246A, 0x2C4A, 0x2C8A, 0x23C9,
    0x1B88, 0x23E9, 0x1AC6, 0x1AA6, 0x23C9, 0x23E9, 0x23C9, 0x23E9, 0x2C2A, 0x2409, 0x2C2A, 0x03B4,
    0x0394, 0x0373, 0x0437, 0x0437, 0x0C17, 0x0416, 0x0437, 0x0437, 0x0D1C, 0x053D, 0x0E3F, 0x061F,
    0x0CBA, 0x0458, 0x0CBA, 0x04BA, 0x0C99, 0x053D, 0x0E1F, 0x04FB, 0x0C9A, 0x0458, 0x0458, 0x0479,
    0x0C78, 0x04BA, 0x0CBA, 0x04BA, 0x0CDB, 0x0479, 0x0C99, 0x0479, 0x0C58, 0x03B4, 0x0394, 0x03D5,
    0x0C79, 0x03F6, 0x03D5, 0x03B5, 0x0BF6, 0x03D5, 0x03D5, 0x03F6, 0x0C17, 0x03B4, 0x0394, 0x354C,
    0x3E0E, 0x358D, 0x3E2E, 0x358D, 0x356D, 0x358D, 0x3DCD, 0x3E8F, 0x3E4F, 0x3DEE, 0x3DCE, 0x354C,
    0x3DEE, 0x356D, 0x3DCE, 0x3E6F, 0x3E0E, 0x352C, 0x2CAB, 0x2D0C, 0x8629, 0xEB15, 0xF336, 0xF336,
    0xF336, 0xEB15, 0xF336, 0xEB15, 0xEB15, 0xE2F4, 0xEB15, 0xDAD4, 0xDAD4, 0xDAD4, 0xEB15, 0xDAD3,
    0xAA50, 0xB250, 0xDAF4, 0xFB57, 0xFB57, 0xBA70, 0xD2D3, 0xE2D4, 0xE2F4, 0xBA71, 0xAA2F, 0xD2B3,
    0xDAD4, 0xD2B3, 0xD2D3, 0xCA92, 0xC292, 0xBA71, 0xCA92, 0xB250, 0xB250, 0x2C8B, 0x2C0A, 0x2409,
    0x2C0A, 0x2C6A, 0x2C2A, 0x23E9, 0x2CAB, 0x2CEB, 0x2CCB, 0x23C9, 0x2388, 0x242A, 0x23E9, 0x1B47,
    0x23E9, 0x23C9, 0x1B88, 0x23A8, 0x23C8, 0x2429, 0x2409, 0x23C9, 0x0394, 0x03B4, 0x0458, 0x0417,
    0x03B4, 0x0416, 0x0417, 0x04BA, 0x04DB, 0x04FB, 0x04FC, 0x0458, 0x03B4, 0x0437, 0x04DB, 0x05BF,
    0x051C, 0x05BF, 0x05BF, 0x0479, 0x0458, 0x0458, 0x03D5, 0x0478, 0x0499, 0x04DA, 0x04DB, 0x04BA,
    0x0499, 0x0499, 0x0478, 0x04BA, 0x0479, 0x0417, 0x03F6, 0x03F6, 0x0478, 0x04FB, 0x04FB, 0x049A,
    0x0416, 0x0416, 0x0417, 0x03F6, 0x03D5, 0x03F6, 0x0458, 0x0437, 0x35CD, 0x35CD, 0x35CD, 0x358D,
    0x356C, 0x35CD, 0x3E2E, 0x3E6F, 0x3E4E, 0x3E6F, 0x2D0B, 0x35AD, 0x358D, 0x35AD, 0x360E, 0x3E90,
    0x360E, 0x2CEB, 0x2CCB, 0x350C, 0x7E48, 0xEB15, 0xE2F5, 0xEB15, 0xEB15, 0xEB15, 0xE2F5, 0xEB15,
    0xE2F4, 0xE2F4, 0xDAD4, 0xDAD4, 0xD2B2, 0xD2D3, 0xDAD4, 0xF316, 0xCA92, 0xD2D3, 0xC291, 0xCA92,
    0xEB15, 0xC271, 0xC271, 0xDAD4, 0xD2B3, 0xCA92, 0xBA71, 0xDAD4, 0xDAD3, 0xCA92, 0xC271, 0xCA92,
    0xAA2F, 0xC292, 0xC292, 0xB250, 0xAA2F, 0x240A, 0x2409, 0x2CCB, 0x244A, 0x2CCB, 0x2409, 0x23A9,
    0x2CAB, 0x2CAB, 0x23C9, 0x1B28, 0x23E9, 0x2C4A, 0x246A, 0x23E9, 0x2409, 0x23A8, 0x23A9, 0x1B48,
    0x2368, 0x23C9, 0x23E9, 0x23A8, 0x0478, 0x03F5, 0x03B5, 0x03B5, 0x03F6, 0x0458, 0x04BA, 0x04FB,
    0x04DB, 0x0478, 0x0417, 0x03F6, 0x03B5, 0x03F6, 0x0D1C, 0x063F, 0x0E3F, 0x063F, 0x0DBF, 0x0478,
    0x04BA, 0x0499, 0x03D5, 0x03F5, 0x0437, 0x03F5, 0x0437, 0x0417, 0x0458, 0x04BA, 0x0CBA, 0x0499,
    0x0499, 0x0458, 0x0C79, 0x0437, 0x0437, 0x059F, 0x0DBF, 0x04FB, 0x03F6, 0x03D5, 0x03F6, 0x03F5,
    0x03F6, 0x0416, 0x0C78, 0x0437, 0x354C, 0x356C, 0x3DCE, 0x352C, 0x3DCD, 0x358D, 0x356D, 0x35AD,
    0x3E0E, 0x35EE, 0x46D0, 0x3E4F, 0x3DEE, 0x358D, 0x3DEE, 0x3E6F, 0x3DEE, 0x354C, 0x358D, 0x2C6A,
    0x8669, 0xE2F5, 0xEB15, 0xE2F5, 0xEAF5, 0xE2F4, 0xE2F5, 0xDAF4, 0xE2F4, 0xD2D3, 0xDAD4, 0xD2B3,
    0xD2B3, 0xD2B3, 0xE2F4, 0xF316, 0xFB37, 0xF336, 0xB250, 0xA22F, 0xEB15, 0xAA2F, 0xC292, 0xC292,
    0xCA92, 0xBA71, 0xB250, 0xCAB2, 0xD2B3, 0xBA71, 0xC272, 0xB250, 0xB250, 0xD2B3, 0xD2B3, 0xAA2F,
    0xA22F, 0x242A, 0x2C8B, 0x2D0C, 0x2C8B, 0x2C6A, 0x23A9, 0x2409, 0x354D, 0x2D4C, 0x2368, 0x1B27,
    0x2C4A, 0x2388, 0x23A9, 0x1B27, 0x23A8, 0x2348, 0x1B88, 0x2388, 0x1B27, 0x2388, 0x1B67, 0x2348,
    0x0499, 0x0416, 0x0416, 0x0458, 0x0478, 0x0499, 0x053D, 0x05BF, 0x0499, 0x03D5, 0x03D5, 0x03D5,
    0x03D5, 0x0499, 0x057E, 0x063F, 0x061F, 0x0E3F, 0x061F, 0x057E, 0x0499, 0x0437, 0x03B4, 0x0373,
    0x0394, 0x03D5, 0x03F6, 0x03D5, 0x03F5, 0x0437, 0x0457, 0x0478, 0x0478, 0x0499, 0x0437, 0x0416,
    0x03D5, 0x0458, 0x0499, 0x0437, 0x0479, 0x0437, 0x03B4, 0x03F6, 0x0437, 0x0417, 0x0457, 0x0458,
    0x358D, 0x358D, 0x358D, 0x2CCB, 0x2CEB, 0x354C, 0x35AD, 0x3E2E, 0x35AD, 0x3E0E, 0x4751, 0x3E4F,
    0x356C, 0x358D, 0x360E, 0x3E4F, 0x35EE, 0x3DEE, 0x354C, 0x2C6A, 0x7E48, 0xEB15, 0xE2F4, 0xE2F5,
    0xE2F4, 0xE2F4, 0xDAD3, 0xDAD4, 0xD2D3, 0xD2D3, 0xD2B3, 0xD2B3, 0xCAB2, 0xD2B3, 0xCAB2, 0xEB15,
    0xF336, 0xDAD4, 0xA22F, 0xA22F, 0xEB15, 0xD2B3, 0xD2D3, 0xDAD3, 0xD2B3, 0xCA92, 0xB250, 0xCA92,
    0xE2F4, 0xDAD4, 0xDAD3, 0xBA71, 0xB250, 0xC271, 0xBA50, 0xA20E, 0xB230, 0x2C4A, 0x2CCB, 0x2CCB,
    0x2C8A, 0x2CAB, 0x23A8, 0x2CCB, 0x2D0C, 0x2CAB, 0x1B68, 0x1B48, 0x246A, 0x2C2A, 0x1B07, 0x1B07,
    0x23C9, 0x1B47, 0x23A9, 0x23A8, 0x2327, 0x1AE7, 0x1B07, 0x1AE6, 0x0CFC, 0x0499, 0x0D3D, 0x053D,
    0x0CFB, 0x0458, 0x0CFB, 0x05BF, 0x0E3F, 0x051C, 0x0417, 0x0416, 0x0C58, 0x05FF, 0x0E3F, 0x055E,
    0x0CFC, 0x04BA, 0x04BA, 0x0479, 0x0C78, 0x0437, 0x0458, 0x0417, 0x03F6, 0x03D5, 0x0437, 0x0417,
    0x0C17, 0x0437, 0x0CBA, 0x04FB, 0x0C79, 0x03F6, 0x03F6, 0x03F5, 0x0394, 0x03D5, 0x0458, 0x0458,
    0x0D5E, 0x0458, 0x03F6, 0x03F5, 0x0C79, 0x0458, 0x0C37, 0x0416, 0x3DCE, 0x46D0, 0x3E6F, 0x2C8A,
    0x34EC, 0x3E0E, 0x3E2F, 0x35EE, 0x3DAD, 0x3E0E, 0x46D0, 0x358D, 0x356D, 0x3E8F, 0x4731, 0x3E6F,
    0x3E6F, 0x3E2E, 0x3E4F, 0x35EE, 0x8669, 0xE2F5, 0xEB15, 0xE2F4, 0xE2F5, 0xE2F4, 0xE2F4, 0xDAD3,
    0xDAD4, 0xDAD3, 0xDAD4, 0xD2B3, 0xDAD3, 0xD2B3, 0xD2D3, 0xEB15, 0xFB57, 0xAA2F, 0xAA2F, 0xA22F,
    0xF336, 0xF315, 0xD2B3, 0xD2D3, 0xE2F4, 0xDAD3, 0xC292, 0xD2B3, 0xF336, 0xEB15, 0xDAD4, 0xDAD4,
    0xE2F5, 0xD2B3, 0xC271, 0xA20F, 0xB250, 0x2CAB, 0x2CCC, 0x2C8B, 0x2CAB, 0x2409, 0x2C2A, 0x2CCB,
    0x2C8B, 0x1B48, 0x2328, 0x1B68, 0x23A9, 0x2368, 0x2348, 0x1B07, 0x1B68, 0x1B47, 0x1B88, 0x1B27,
    0x12C6, 0x1AC6, 0x12C6, 0x1AC6, 0x05FF, 0x063F, 0x061F, 0x063F, 0x05BF, 0x04DA, 0x0499, 0x04BA,
    0x063F, 0x05FF, 0x0478, 0x04FB, 0x04FB, 0x05FF, 0x063F, 0x055D, 0x0458, 0x0416, 0x0352, 0x03B4,
    0x0458, 0x0479, 0x0437, 0x0437, 0x0416, 0x0416, 0x0416, 0x0437, 0x04FB, 0x05BF, 0x05BF, 0x059F,
    0x053D, 0x0458, 0x0394, 0x03B4, 0x0394, 0x03D5, 0x03D5, 0x0458, 0x0499, 0x0478, 0x0478, 0x0499,
    0x0499, 0x0457, 0x03F6, 0x03D5, 0x358D, 0x46D0, 0x3E2E, 0x34EB, 0x35AD, 0x3E8F, 0x360E, 0x358D,
    0x35ED, 0x3E0E, 0x35ED, 0x350C, 0x35CD, 0x4731, 0x4731, 0x3E0E, 0x3E6F, 0x3E4F, 0x3E4E, 0x8EA9,
    0x8668, 0xEB15, 0xE2F4, 0xE2F5, 0xE2F4, 0xE2F4, 0xE2F4, 0xE2F4, 0xDAD3, 0xDAD4, 0xDAD3, 0xDAD4,
    0xD2B3, 0xDAD3, 0xD2B3, 0xEB15, 0xFB36, 0xBA71, 0xAA2F, 0xAA30, 0xFB36, 0xFB37, 0xB250, 0xDAD3,
    0xF315, 0xE2F4, 0xC291, 0xD2D3, 0xF316, 0xF316, 0xE2F4, 0xFB57, 0xFB36, 0xD2B3, 0xAA2F, 0xBA71,
    0xB250, 0x2CAB, 0x2CCB, 0x2CAB, 0x246A, 0x23E9, 0x244A, 0x350C, 0x2429, 0x1B48, 0x1B07, 0x1B48,
    0x1B47, 0x1B07, 0x1B68, 0x2348, 0x1AE7, 0x1AC6, 0x2368, 0x1B07, 0x1AC6, 0x1AC6, 0x1AC7, 0x1AE6,
    0x1B27, 0x063F, 0x0E3F, 0x063F, 0x0E3F, 0x063F, 0x04FC, 0x0479, 0x04DB, 0x04BA, 0x0479, 0x0479,
    0x0479, 0x0437, 0x04BA, 0x0499, 0x0437, 0x0416, 0x03D5, 0x0417, 0x0479, 0x0437, 0x03F6, 0x03D5,
    0x0417, 0x0437, 0x0479, 0x04BA, 0x057E, 0x063F, 0x0E3F, 0x0479, 0x0479, 0x0416, 0x03B5, 0x0393,
    0x03D5, 0x0416, 0x0C79, 0x0499, 0x0437, 0x0479, 0x0DBF, 0x05BF, 0x04DB, 0x0478, 0x0C58, 0x03F6,
    0x0458, 0x2D2C, 0x354D, 0x350C, 0x3E4F, 0x3E2E, 0x3E0E, 0x3E0E, 0x3E0E, 0x3E4F, 0x3E0E, 0x358D,
    0x3DEE, 0x3ED0, 0x46F0, 0x358D, 0x3E6F, 0x46F0, 0x4711, 0x7E28, 0x8649, 0xE2F5, 0xEB15, 0xE2F4,
    0xE2F5, 0xE2F4, 0xE2F5, 0xDAF4, 0xDAF4, 0xDAD3, 0xDAF4, 0xDAD3, 0xDAD3, 0xD2D3, 0xDAD4, 0xE2F4,
    0xF316, 0xF336, 0xB250, 0xAA2F, 0xDAD4, 0xFB36, 0xBA71, 0xD2B3, 0xF336, 0xC292, 0xBA71, 0xC292,
    0xE2F4, 0xDAD3, 0xEB15, 0xFB36, 0xEB15, 0xD2B3, 0xBA51, 0xCA92, 0xCA92, 0x2CAB, 0x2C8B, 0x2409,
    0x23C9, 0x2409, 0x2CCC, 0x2CAB, 0x2C6B, 0x1B68, 0x2328, 0x23C9, 0x240A, 0x1B88, 0x2C0A, 0x23A8,
    0x12C6, 0x1AC6, 0x1B06, 0x1B07, 0x1AC6, 0x1AC6, 0x12C6, 0x1AC6, 0x1B27, 0x059F, 0x055D, 0x05FF,
    0x061F, 0x059F, 0x04DA, 0x051C, 0x051C, 0x04BA, 0x0417, 0x0417, 0x0437, 0x0373, 0x0373, 0x0417,
    0x04FB, 0x0499, 0x0416, 0x0479, 0x0417, 0x0373, 0x0311, 0x0394, 0x03B4, 0x0416, 0x0458, 0x0499,
    0x051C, 0x053D, 0x05BF, 0x057E, 0x0416, 0x0393, 0x0372, 0x03D5, 0x057E, 0x0E3F, 0x061F, 0x04BA,
    0x0478, 0x051C, 0x061F, 0x053C, 0x0437, 0x0416, 0x0479, 0x0499, 0x0437, 0x356D, 0x2D2C, 0x3E0E,
    0x3E8F, 0x3DEE, 0x35CD, 0x46B0, 0x360E, 0x46D0, 0x3EAF, 0x3E8F, 0x35AD, 0x3E90, 0x3EF0, 0x35CD,
    0x35AD, 0x46B0, 0x4731, 0x75A8, 0x7E08, 0xEB15, 0xE2F4, 0xE2F5, 0xE2F4, 0xE2F4, 0xDAF4, 0xE2F4,
    0xDAD4, 0xDAD4, 0xDAD3, 0xDAD4, 0xD2D3, 0xDAD4, 0xD2B3, 0xDAD4, 0xDAF4, 0xFB57, 0xFB36, 0xE2F4,
    0xBA71, 0xFB36, 0xB250, 0xEB15, 0xE2F4, 0xB250, 0xAA2F, 0xD2D3, 0xEAF5, 0xD2B3, 0xE2F4, 0xE2F5,
    0xC292, 0xC272, 0xBA71, 0xDAD4, 0xD2B3, 0x2C4A, 0x2429, 0x2388, 0x1B68, 0x2C2A, 0x242A, 0x242A,
    0x2409, 0x1AE7, 0x1B07, 0x23C9, 0x23E9, 0x23E9, 0x23E9, 0x2368, 0x2368, 0x1B27, 0x2348, 0x1B68,
    0x2368, 0x1B27, 0x1B27, 0x1AE6, 0x1AC7, 0x0479, 0x0478, 0x0416, 0x0438, 0x0416, 0x0458, 0x04BA,
    0x0CFB, 0x0437, 0x03D5, 0x03D5, 0x03F6, 0x0332, 0x0311, 0x03B4, 0x0C99, 0x0499, 0x0437, 0x03F6,
    0x03B5, 0x0353, 0x0394, 0x03D5, 0x03D5, 0x03D5, 0x0437, 0x0499, 0x0E3F, 0x05BF, 0x0D5E, 0x05DF,
    0x0DBF, 0x0458, 0x03B4, 0x03D5, 0x0DFF, 0x063F, 0x0CDB, 0x0394, 0x0CBA, 0x05FF, 0x0E3F, 0x051C,
    0x0CFC, 0x0479, 0x0437, 0x0458, 0x0C79, 0x46F0, 0x3E0E, 0x3ED0, 0x46F1, 0x3E4F, 0x3E6F, 0x4751,
    0x46F1, 0x3EB0, 0x4690, 0x3E8F, 0x3E6F, 0x3EB0, 0x46F0, 0x358D, 0x354D, 0x3E8F, 0x46F1, 0x6D67,
    0xEB15, 0xEAF5, 0xEB15, 0xE2F4, 0xEB15, 0xE2F4, 0xE2F5, 0xDAF4, 0xE2F4, 0xDAD4, 0xDAF4, 0xDAD3,
    0xDAD4, 0xDAD3, 0xDAD4, 0xD2D3, 0xDAD4, 0xEB15, 0xFB57, 0xBA50, 0xB250, 0xF316, 0xCA92, 0xDAD3,
    0xE2F5, 0xD2B3, 0xC291, 0xEB16, 0xFB78, 0xCAB2, 0xCAB3, 0xD2B3, 0xC292, 0xD2B3, 0xE2F5, 0xDAD4,
    0x2C8B, 0x2C6A, 0x240A, 0x2409, 0x2C4A, 0x2C4A, 0x23EA, 0x244A, 0x23C9, 0x1AE7, 0x1AE7, 0x1B07,
    0x2368, 0x1B07, 0x2348, 0x1B68, 0x1BA8, 0x1B48, 0x1AE7, 0x1B27, 0x1BA8, 0x2368, 0x1B67, 0x1B27,
    0x1AE6, 0x0479, 0x0499, 0x0437, 0x0417, 0x03F6, 0x03D5, 0x03F6, 0x03F5, 0x03B5, 0x0373, 0x03D5,
    0x0394, 0x0373, 0x02AF, 0x02CF, 0x0352, 0x03B5, 0x03B5, 0x03D5, 0x03D5, 0x03F6, 0x0416, 0x0437,
    0x03F5, 0x03F6, 0x0437, 0x0458, 0x04FB, 0x04FB, 0x0499, 0x05BF, 0x061F, 0x055D, 0x0437, 0x03D5,
    0x0416, 0x0458, 0x0437, 0x0479, 0x053D, 0x05FF, 0x061F, 0x0DFF, 0x055D, 0x05DF, 0x053D, 0x051C,
    0x051C, 0x3EB0, 0x35EE, 0x3E6F, 0x3ED0, 0x3E6F, 0x35AD, 0x4711, 0x3EF0, 0x3E4F, 0x3E2E, 0x358D,
    0x362E, 0x3E6F, 0x3E8F, 0x356D, 0x2D0B, 0x46F0, 0x35EE, 0x6D27, 0xE2F4, 0xE2F5, 0xE2F4, 0xE2F5,
    0xE2F4, 0xE2F4, 0xE2F4, 0xE2F4, 0xDAD4, 0xDAF4, 0xDAD3, 0xDAD4, 0xD2D3, 0xDAD4, 0xD2B3, 0xDAD3,
    0xD2B3, 0xF336, 0xEB15, 0xAA30, 0xAA2F, 0xF336, 0xDAD3, 0xCA92, 0xE2F4, 0xCA92, 0xBA71, 0xDAD3,
    0xFB36, 0xBA71, 0xC271, 0xDAD4, 0xC271, 0xD2D3, 0xDAD3, 0xBA50, 0x244A, 0x2CAB, 0x246A, 0x350C,
    0x2D0C, 0x242A, 0x23A8, 0x242A, 0x1B68, 0x2368, 0x1B68, 0x1B27, 0x1B68, 0x1B68, 0x1B68, 0x1B48,
    0x2348, 0x1B07, 0x1B27, 0x1B47, 0x2368, 0x1B88, 0x2388, 0x1B27, 0x1B27, 0x0479, 0x03D5, 0x03D5,
    0x0437, 0x03D5, 0x03B4, 0x03B4, 0x0394, 0x03B4, 0x0373, 0x03B4, 0x03B4, 0x0373, 0x0352, 0x0332,
    0x03B4, 0x0394, 0x03D5, 0x03D5, 0x03F6, 0x0417, 0x0479, 0x04BA, 0x0479, 0x03F6, 0x0416, 0x03F6,
    0x0437, 0x0479, 0x04BA, 0x04FB, 0x051C, 0x03F6, 0x03D5, 0x0394, 0x03B5, 0x0416, 0x0437, 0x0479,
    0x04BA, 0x0499, 0x0D1C, 0x059F, 0x0DDF, 0x061F, 0x0D7E, 0x053D, 0x0D1C, 0x3E2E, 0x3DAE, 0x3EAF,
    0x3E4F, 0x35EE, 0x358D, 0x3E8F, 0x46F0, 0x3E8F, 0x4690, 0x356D, 0x3DEE, 0x35EE, 0x3DEE, 0x35AD,
    0x350C, 0x3ED0, 0x3DEE, 0x64A6, 0xEB15, 0xE2F4, 0xEB15, 0xE2F4, 0xE2F5, 0xE2F4, 0xE2F4, 0xD2B3,
    0xD2B3, 0xD2B3, 0xDAD4, 0xDAD4, 0xDAD4, 0xDAD3, 0xDAD4, 0xDAD3, 0xDAD4, 0xF336, 0xFB57, 0xAA30,
    0xB250, 0xFB57, 0xDAD3, 0xD2B3, 0xFB57, 0xDAD3, 0xB250, 0xCA92, 0xEB15, 0xC292, 0xCAB2, 0xCA92,
    0xBA51, 0xCA92, 0xBA71, 0xAA2F, 0x7588, 0x23E9, 0x2C0A, 0x2CEC, 0x352C, 0x2409, 0x2C2A, 0x244A,
    0x23A9, 0x23A8, 0x2C6B, 0x23A9, 0x23C9, 0x2C6A, 0x23E9, 0x1B27, 0x23C8, 0x2368, 0x1B47, 0x2368,
    0x1B07, 0x1AE7, 0x1B07, 0x1B07, 0x1B47, 0x1AE7, 0x03F5, 0x0417, 0x0437, 0x03D5, 0x03B4, 0x03F6,
    0x03B5, 0x0394, 0x0352, 0x03B5, 0x03D5, 0x03F6, 0x03F6, 0x0437, 0x04BA, 0x04DB, 0x0479, 0x03F6,
    0x0416, 0x0478, 0x0499, 0x051C, 0x04BA, 0x0416, 0x0417, 0x0417, 0x0416, 0x0479, 0x059F, 0x053D,
    0x03D5, 0x0373, 0x0373, 0x03D5, 0x0437, 0x0479, 0x0416, 0x03D5, 0x03F5, 0x03F6, 0x0458, 0x0457,
    0x0458, 0x0458, 0x03F5, 0x0479, 0x04FC, 0x0458, 0x3E6F, 0x3E6F, 0x35CE, 0x3E6F, 0x3EB0, 0x4711,
    0x3EB0, 0x3E4F, 0x3E6F, 0x3E0E, 0x360E, 0x35CE, 0x362E, 0x3E4F, 0x358D, 0x4711, 0x3E4F, 0x64C6,
    0xE2F5, 0xEAF5, 0xE2F4, 0xE2F4, 0xD2D3, 0xCA92, 0xBA71, 0xBA71, 0xBA71, 0xCA92, 0xCAB2, 0xDAD3,
    0xDAD3, 0xDAD4, 0xD2D3, 0xDAD4, 0xD2D3, 0xF336, 0xFB37, 0xAA50, 0xAA2F, 0xFB57, 0xD2B3, 0xDAD3,
    0xF336, 0xC292, 0xAA2F, 0xE2F5, 0xE2F5, 0xEAF5, 0xC292, 0xAA2F, 0x91ED, 0xB250, 0xBA50, 0xCAB2,
    0x7587, 0x2389, 0x1B68, 0x2C2A, 0x246A, 0x2C2A, 0x246A, 0x2C4A, 0x1B88, 0x1B28, 0x246A, 0x23C9,
    0x1B27, 0x2C6B, 0x1BA8, 0x1B27, 0x23A9, 0x1B68, 0x2388, 0x1B68, 0x1AC7, 0x1AC6, 0x1AE7, 0x1AE7,
    0x2348, 0x1B47, 0x0437, 0x04DA, 0x0458, 0x0458, 0x0479, 0x0458, 0x0479, 0x0478, 0x03F6, 0x0458,
    0x0D5E, 0x063F, 0x059F, 0x0479, 0x0D5D, 0x061F, 0x0DDF, 0x04FB, 0x049A, 0x04FB, 0x04FB, 0x053D,
    0x0CBA, 0x0437, 0x0437, 0x0437, 0x0C9A, 0x0499, 0x04FC, 0x04FB, 0x0C58, 0x0416, 0x0416, 0x0437,
    0x0C99, 0x04BA, 0x0437, 0x0416, 0x0C37, 0x0438, 0x049A, 0x0478, 0x0C79, 0x0437, 0x03F6, 0x03D5,
    0x0C58, 0x0478, 0x3E4F, 0x2D0C, 0x352C, 0x3E6F, 0x4772, 0x4710, 0x358D, 0x2D0C, 0x3E0F, 0x3E2F,
    0x3E0F, 0x3E0E, 0x3E6F, 0x35EE, 0x356D, 0x4731, 0x4731, 0x64E6, 0xDAD4, 0xB250, 0xBA71, 0xB250,
    0xB250, 0xAA2F, 0xB250, 0xB250, 0xD2B3, 0xD2B3, 0xD2D3, 0xD2B3, 0xDAF4, 0xDAD4, 0xDAD4, 0xDAD3,
    0xDAD4, 0xEB15, 0xFB57, 0xB250, 0xB250, 0xEB15, 0xEB15, 0xEAF5, 0xFB58, 0xAA50, 0xAA2F, 0xD2B3,
    0xEB15, 0xDAD3, 0xDAD4, 0xC271, 0xB250, 0xB250, 0xD2B3, 0xF336, 0x7568, 0x7E28, 0x2368, 0x2388,
    0x2C2A, 0x242A, 0x2C4A, 0x23A9, 0x2389, 0x1B07, 0x2CAB, 0x23C9, 0x23A9, 0x244A, 0x1B07, 0x1AC7,
    0x1AE6, 0x1AE7, 0x1B68, 0x23A9, 0x1B47, 0x1AE7, 0x1AE7, 0x1B07, 0x12C6, 0x1B27, 0x0437, 0x05BF,
    0x0479, 0x04BA, 0x053D, 0x051C, 0x05DF, 0x061F, 0x04BA, 0x05BF, 0x063F, 0x063F, 0x063F, 0x04FB,
    0x0499, 0x05BF, 0x055D, 0x059F, 0x05DF, 0x055E, 0x04BA, 0x04FB, 0x04FB, 0x04DA, 0x0458, 0x0499,
    0x04FB, 0x051C, 0x055E, 0x05BF, 0x0479, 0x0417, 0x03F6, 0x03F6, 0x0437, 0x0437, 0x0417, 0x0458,
    0x04BA, 0x04DA, 0x0499, 0x049A, 0x04BA, 0x04FB, 0x04BA, 0x0478, 0x0437, 0x0479, 0x35CD, 0x354D,
    0x356C, 0x46F0, 0x4751, 0x3DEE, 0x2D2C, 0x2D0C, 0x360E, 0x3E6F, 0x35CD, 0x3EB0, 0x360E, 0x350C,
    0x358D, 0x4751, 0x3EF0, 0x6507, 0xA20E, 0x91ED, 0xA20E, 0xAA2F, 0xB250, 0xBA71, 0xBA71, 0xBA71,
    0xCAB2, 0xD2B3, 0xD2B2, 0xD2D3, 0xDAD3, 0xDAD4, 0xD2D3, 0xDAD4, 0xD2D3, 0xEB15, 0xFB37, 0xDAD4,
    0xAA2F, 0xC292, 0xEAF5, 0xEB15, 0xFB36, 0xC271, 0xBA50, 0xC271, 0xB250, 0xB250, 0xCA92, 0xDAD4,
    0xD2D3, 0xB250, 0xC271, 0xEB15, 0x6D67, 0x75A8, 0x2409, 0x242A, 0x242A, 0x2C8B, 0x23C9, 0x23A9,
    0x23E9, 0x1B68, 0x23E9, 0x2388, 0x246A, 0x2C6B, 0x1AC6, 0x1AA6, 0x1B07, 0x1AC6, 0x2328, 0x23A8,
    0x23C9, 0x1B47, 0x1B27, 0x1B07, 0x1AE7, 0x1AE7, 0x04DA, 0x05BF, 0x055D, 0x059F, 0x05BF, 0x063F,
    0x063F, 0x061F, 0x0499, 0x053D, 0x063F, 0x061F, 0x051C, 0x0479, 0x0478, 0x051C, 0x051C, 0x0499,
    0x055D, 0x053C, 0x051C, 0x0479, 0x049A, 0x04FB, 0x04FB, 0x055D, 0x051C, 0x04DA, 0x0D7F, 0x059F,
    0x0416, 0x03D5, 0x03B5, 0x03D5, 0x0479, 0x0458, 0x0437, 0x0437, 0x04DB, 0x051C, 0x0D5E, 0x04FB,
    0x04DB, 0x055E, 0x0D9F, 0x051C, 0x04BA, 0x04FB, 0x358D, 0x358D, 0x354D, 0x35CE, 0x3E6F, 0x35AD,
    0x3E4F, 0x358D, 0x3DEE, 0x3E2F, 0x3DEE, 0x3E6F, 0x354D, 0x2CEC, 0x46B0, 0x4751, 0x46B0, 0x6D27,
    0xCA92, 0xBA71, 0xC291, 0xC292, 0xD2B3, 0xCAB2, 0xD2D3, 0xD2B3, 0xD2B3, 0xD2B3, 0xDAD4, 0xDAD3,
    0xDAD4, 0xDAD4, 0xDAD4, 0xDAD3, 0xDAD4, 0xE2F4, 0xFB57, 0xE2F5, 0xB250, 0xAA2F, 0xE2F4, 0xDAD3,
    0xE2F5, 0xCAB2, 0xD2B3, 0xAA2F, 0xE2F5, 0xDAD4, 0xC292, 0xD2B3, 0xE2F4, 0xB250, 0xB250, 0xCA92,
    0x7568, 0x6D67, 0x75C8, 0x2C8B, 0x23EA, 0x2D0C, 0x2C0A, 0x23E9, 0x240A, 0x23C9, 0x2389, 0x23A9,
    0x2C4A, 0x23E9, 0x1B07, 0x1B07, 0x1B27, 0x2348, 0x1B47, 0x2368, 0x1B88, 0x2388, 0x1B27, 0x1B07,
    0x1B07, 0x1B07, 0x057E, 0x063F, 0x059F, 0x057E, 0x05DF, 0x05DF, 0x055D, 0x0479, 0x03F6, 0x0437,
    0x04BA, 0x05BF, 0x05DF, 0x04FC, 0x04DB, 0x05DF, 0x05BF, 0x04DB, 0x0499, 0x057E, 0x05DF, 0x04FB,
    0x0417, 0x0499, 0x059F, 0x063F, 0x05BF, 0x055D, 0x0458, 0x0416, 0x03D5, 0x03D5, 0x0373, 0x0394,
    0x0479, 0x04BA, 0x0458, 0x0437, 0x0499, 0x055E, 0x057E, 0x055E, 0x04BA, 0x055E, 0x05DF, 0x057E,
    0x055D, 0x055E, 0x2D4C, 0x35AD, 0x356C, 0x35AD, 0x358D, 0x3E6F, 0x3EB0, 0x358D, 0x362E, 0x3E2F,
    0x35CD, 0x356D, 0x2CCB, 0x3E0E, 0x3F10, 0x4731, 0x3E6F, 0x6D67, 0x6D47, 0xDAD4, 0xD2B3, 0xDAD4,
    0xDAD4, 0xDAD4, 0xDAD4, 0xDAF4, 0xDAD4, 0xDAD4, 0xDAD3, 0xDAD4, 0xDAD3, 0xDAD4, 0xD2D3, 0xDAD4,
    0xD2D3, 0xE2F4, 0xE2F5, 0xFB57, 0xF336, 0xAA50, 0xCA92, 0xD2B3, 0xE2F4, 0xD2B3, 0xDAB3, 0xAA2F,
    0xCA92, 0xF316, 0xD2B3, 0xCA92, 0xE2D4, 0xB250, 0xA20E, 0xB250, 0xBA71, 0x75A8, 0x6D87, 0x242A,
    0x23C9, 0x350C, 0x1BA9, 0x23C9, 0x1B68, 0x2389, 0x23E9, 0x23E9, 0x1B68, 0x2368, 0x1B47, 0x23C9,
    0x2328, 0x1B48, 0x23A9, 0x23A9, 0x23A9, 0x2388, 0x2368, 0x1B27, 0x2348, 0x1B48, 0x05DF, 0x05FF,
    0x04DB, 0x0479, 0x053D, 0x04BA, 0x0458, 0x03D5, 0x0416, 0x0437, 0x049A, 0x05FF, 0x0E3F, 0x05BF,
    0x0E1F, 0x063F, 0x05FF, 0x053D, 0x04FB, 0x05BF, 0x05DF, 0x057E, 0x049A, 0x0478, 0x053D, 0x059F,
    0x0D7F, 0x053D, 0x0437, 0x03B4, 0x03B5, 0x0394, 0x0373, 0x0373, 0x0458, 0x04FB, 0x0D5E, 0x04BA,
    0x0C99, 0x04BA, 0x04FB, 0x04FB, 0x0CDB, 0x053D, 0x0DDF, 0x05BF, 0x0D5E, 0x051C, 0x356D, 0x2CEB,
    0x3E4F, 0x4731, 0x46F1, 0x360E, 0x3E0F, 0x35AE, 0x46F1, 0x358D, 0x356D, 0x2CEC, 0x352D, 0x35EE,
    0x3E4F, 0x3ED0, 0x358D, 0x75E8, 0x75A8, 0xEB15, 0xEB15, 0xEB15, 0xEB16, 0xE2F4, 0xE2F5, 0xE2F4,
    0xE2F5, 0xDAD4, 0xDAF4, 0xDAD4, 0xE2F4, 0xDAD4, 0xDAF4, 0xDAD4, 0xDAF4, 0xDAD3, 0xE2F4, 0xFB57,
    0xFB57, 0xAA2F, 0xC271, 0xDAD4, 0xFB37, 0xD2B3, 0xE2D4, 0xB250, 0xBA71, 0xDAD4, 0xD2B3, 0xBA51,
    0xEAF5, 0xC271, 0xB250, 0xAA2F, 0xAA30, 0x75A8, 0x7568, 0x6D47, 0x2C6B, 0x2C8B, 0x2348, 0x2C8B,
    0x23EA, 0x1B48, 0x2C4B, 0x23C9, 0x23C9, 0x2388, 0x23EA, 0x242A, 0x1B67, 0x23A9, 0x23E9, 0x2409,
    0x23E9, 0x23C9, 0x23A8, 0x23E9, 0x23E9, 0x23C9, 0x051C, 0x04BA, 0x0416, 0x0458, 0x04BA, 0x04FB,
    0x0478, 0x0417, 0x03D5, 0x0458, 0x0499, 0x04BA, 0x04DB, 0x057E, 0x05DF, 0x053D, 0x0478, 0x0458,
    0x04FB, 0x051C, 0x04FB, 0x04FB, 0x0499, 0x049A, 0x0479, 0x04BA, 0x04BA, 0x0479, 0x03D5, 0x0394,
    0x03B4, 0x03B4, 0x03B4, 0x03D5, 0x0416, 0x053D, 0x05BF, 0x055E, 0x0478, 0x0437, 0x0499, 0x0479,
    0x0479, 0x053C, 0x053D, 0x051C, 0x04FB, 0x04FB, 0x356D, 0x2C4A, 0x35AD, 0x3E90, 0x3E6F, 0x2CEC,
    0x358D, 0x3EB0, 0x4711, 0x2CEC, 0x2CCB, 0x358D, 0x3E8F, 0x3E90, 0x35EE, 0x3E2F, 0x354D, 0x7E28,
    0x75C7, 0xEB15, 0xEB15, 0xEB15, 0xE2F4, 0xE2F4, 0xDAD4, 0xE2F4, 0xDAD4, 0xE2F4, 0xDAD4, 0xDAD4,
    0xDAD3, 0xDAD4, 0xDAD3, 0xDAD4, 0xDAD3, 0xDAD4, 0xD2D3, 0xFB57, 0xFB37, 0xAA30, 0xB250, 0xDAD4,
    0xF336, 0xD2B3, 0xCA92, 0xC271, 0xBA50, 0xCA92, 0xC291, 0xB250, 0xD2B3, 0xBA51, 0xAA2F, 0xB230,
    0xAA2F, 0x75C8, 0x6D67, 0x7588, 0x242A, 0x242A, 0x1BA8, 0x2C6B, 0x1B88, 0x1B07, 0x1BA9, 0x2368,
    0x23E9, 0x1B07, 0x1B68, 0x2368, 0x23E9, 0x2409, 0x2C6A, 0x2C4A, 0x2C4A, 0x244A, 0x2C8B, 0x2C6A,
    0x2C2A, 0x23E9, 0x23A9, 0x0458, 0x0458, 0x0499, 0x04BA, 0x0458, 0x0499, 0x04BA, 0x0479, 0x0479,
    0x04DB, 0x0499, 0x0479, 0x051C, 0x053D, 0x0478, 0x0417, 0x0437, 0x04FB, 0x04FB, 0x04DB, 0x04BA,
    0x04BA, 0x0499, 0x04BA, 0x04BA, 0x04DB, 0x0479, 0x0417, 0x0416, 0x0438, 0x0416, 0x0437, 0x0416,
    0x03F6, 0x0437, 0x04BA, 0x04BA, 0x0499, 0x0458, 0x04FC, 0x0479, 0x0479, 0x0499, 0x0499, 0x049A,
    0x055E, 0x05BF, 0x0D7E, 0x2CCB, 0x350C, 0x35AD, 0x356D, 0x23E9, 0x350C, 0x3EF0, 0x4711, 0x356D,
    0x350C, 0x3E8F, 0x4731, 0x3ED0, 0x3E2F, 0x3E8F, 0x3E70, 0x7E08, 0x75C8, 0xD2B3, 0xE2F4, 0xE2F4,
    0xE2F4, 0xE2F4, 0xE2F4, 0xE2F4, 0xE2F4, 0xDAD4, 0xE2F4, 0xDAD4, 0xE2D4, 0xDAD4, 0xDAF4, 0xDAD4,
    0xDAD4, 0xDAD4, 0xDAD4, 0xFB37, 0xFB57, 0xAA2F, 0xAA30, 0xCA92, 0xF316, 0xC291, 0xCA92, 0xC271,
    0xCAB3, 0xCA92, 0xC292, 0xC292, 0xCA92, 0xBA50, 0xC271, 0xBA71, 0xB250, 0x7DE8, 0x7E08, 0x7DE8,
    0x7E28, 0x1B48, 0x2348, 0x23A9, 0x2389, 0x1B48, 0x2368, 0x1B28, 0x23A9, 0x1B07, 0x1B28, 0x1AE7,
    0x2429, 0x2C4A, 0x2429, 0x2C4A, 0x246A, 0x2C8B, 0x2C8A, 0x2CAB, 0x244A, 0x23E9, 0x23A8, 0x0479,
    0x04FC, 0x04DB, 0x0437, 0x0416, 0x0479, 0x055D, 0x04DA, 0x04FB, 0x04DB, 0x04DB, 0x0499, 0x04DB,
    0x04FC, 0x055D, 0x04BA, 0x04FB, 0x055D, 0x053D, 0x04FB, 0x04DB, 0x051C, 0x051C, 0x04BA, 0x04DB,
    0x04DA, 0x0479, 0x0416, 0x0458, 0x0417, 0x0437, 0x0479, 0x04BA, 0x03D5, 0x03D5, 0x03F5, 0x03D5,
    0x03F6, 0x0458, 0x04FB, 0x04BA, 0x0458, 0x0458, 0x0478, 0x04FB, 0x057E, 0x0DFF, 0x055D, 0x2CCB,
    0x2C8A, 0x356D, 0x2CEB, 0x242A, 0x2CAB, 0x3E2F, 0x358D, 0x3DEE, 0x2D0C, 0x358D, 0x360E, 0x3E90,
    0x35EE, 0x3DEE, 0x35CE, 0x7DE8, 0x6D87, 0xD2B3, 0xD2B3, 0xE2F4, 0xE2F4, 0xEB15, 0xE2F4, 0xE2F4,
    0xDAD4, 0xE2F4, 0xDAD4, 0xDAD4, 0xDAD4, 0xE2D4, 0xDAD3, 0xDAD4, 0xDAD3, 0xDAD4, 0xD2D3, 0xF336,
    0xFB37, 0xB250, 0xAA2F, 0xD2B3, 0xF336, 0xE2F4, 0xD2B3, 0xC271, 0xDAD4, 0xDAD4, 0xCA92, 0xDAD4,
    0xD2B3, 0xC292, 0xC271, 0xBA71, 0xA20E, 0x7588, 0x6D87, 0x6D67, 0x7587, 0x1AE7, 0x1B07, 0x23E9,
    0x23E9, 0x2389, 0x1AE7, 0x1AE7, 0x1B07, 0x2389, 0x1B07, 0x1AC7, 0x2C8B, 0x2C4A, 0x2C4A, 0x244A,
    0x2C8B, 0x2C8B, 0x2C8B, 0x2C6A, 0x2CAB, 0x2C4A, 0x240A, 0x0458, 0x04BA, 0x0479, 0x0417, 0x0416,
    0x0479, 0x04BA, 0x0458, 0x0499, 0x0478, 0x0458, 0x0478, 0x0478, 0x04BA, 0x055E, 0x057E, 0x051C,
    0x04DB, 0x04DB, 0x04DA, 0x0499, 0x051C, 0x055D, 0x053D, 0x04FB, 0x049A, 0x0458, 0x03F6, 0x0416,
    0x0416, 0x0437, 0x0499, 0x04BA, 0x0437, 0x0373, 0x0353, 0x03B4, 0x0417, 0x0458, 0x051C, 0x04FB,
    0x0C99, 0x0458, 0x0479, 0x0499, 0x0C9A, 0x0499, 0x0458, 0x354C, 0x350C, 0x354C, 0x2CCB, 0x244A,
    0x2C8B, 0x356D, 0x34EC, 0x2D2C, 0x34EC, 0x2D2C, 0x358D, 0x3E90, 0x3E2F, 0x35EE, 0x358E, 0x7DE8,
    0x7DE8, 0xE2D4, 0xE2F5, 0xE2F5, 0xEB15, 0xEB15, 0xE2F5, 0xDAD4, 0xE2F4, 0xDAD4, 0xE2F4, 0xDAD4,
    0xE2F4, 0xDAD4, 0xDAD4, 0xDAD4, 0xDAD4, 0xDAD4, 0xDAD4, 0xEB15, 0xFB57, 0xAA30, 0xAA30, 0xDAD3,
    0xFB57, 0xEB15, 0xC292, 0xAA2F, 0xDAD4, 0xDAD4, 0xDAD4, 0xD2B3, 0xC272, 0xC292, 0xBA71, 0xBA51,
    0xBA71, 0x6507, 0x6D47, 0x6507, 0x7568, 0x6D67, 0x2368, 0x2388, 0x23A9, 0x23E9, 0x1AC7, 0x12A6,
    0x2328, 0x1B68, 0x1AC7, 0x1286, 0x2CCB, 0x2CCC, 0x244A, 0x2C4A, 0x246A, 0x2C8B, 0x2C8B, 0x2CCB,
    0x2CAB, 0x2C8B, 0x2409, 0x0437, 0x0437, 0x0417, 0x0416, 0x0437, 0x0478, 0x0458, 0x03F6, 0x0437,
    0x0437, 0x0499, 0x0499, 0x051C, 0x0458, 0x0458, 0x04DB, 0x053D, 0x04DB, 0x055D, 0x04FB, 0x0499,
    0x04BA, 0x04FB, 0x051C, 0x057E, 0x04DA, 0x0458, 0x03F6, 0x0437, 0x0416, 0x0437, 0x03F6, 0x03F6,
    0x03F5, 0x03F6, 0x03F6, 0x0458, 0x0458, 0x0437, 0x0437, 0x0458, 0x0458, 0x0458, 0x0437, 0x0458,
    0x0458, 0x0437, 0x0437, 0x3E0F, 0x3E4F, 0x352C, 0x246A, 0x2CAB, 0x2CEB, 0x2CEC, 0x35AD, 0x352C,
    0x2D0C, 0x2CEC, 0x2CEC, 0x354D, 0x2D0C, 0x3E6F, 0x35EE, 0x7E08, 0x7E08, 0xE2F5, 0xE2D4, 0xE2F4,
    0xDAD4, 0xE2F5, 0xE2D4, 0xE2F4, 0xDAD4, 0xDAD4, 0xDAD4, 0xDAF4, 0xDAD4, 0xE2F4, 0xDAD4, 0xDAD4,
    0xDAD3, 0xDAD4, 0xDAD3, 0xEB15, 0xFB37, 0xB250, 0xAA2F, 0xEB15, 0xFB36, 0xDAD4, 0xAA2F, 0xAA30,
    0xE2D4, 0xEAF5, 0xEB15, 0xEB15, 0xB250, 0xBA51, 0xBA50, 0xC271, 0xC272, 0x6D27, 0x6D47, 0x64C7,
    0x6D67, 0x6D67, 0x1B48, 0x1B28, 0x1B48, 0x1B48, 0x1286, 0x1B48, 0x1BC9, 0x1B28, 0x1286, 0x1AA6,
    0x2CEC, 0x2CCB, 0x2C6B, 0x242A, 0x2C6B, 0x2C6A, 0x2CCB, 0x2CEC, 0x2CCC, 0x2CAB, 0x2C6B, 0x0458,
    0x0438, 0x0416, 0x0417, 0x0437, 0x0458, 0x0416, 0x0437, 0x0437, 0x0438, 0x04BA, 0x057E, 0x059F,
    0x0499, 0x0417, 0x0499, 0x04FC, 0x053D, 0x059F, 0x057E, 0x04DB, 0x04DB, 0x04FC, 0x053D, 0x053D,
    0x049A, 0x0437, 0x0416, 0x0417, 0x0437, 0x0437, 0x0437, 0x03D5, 0x03D5, 0x03D5, 0x0437, 0x0437,
    0x0458, 0x03F6, 0x03D5, 0x03D5, 0x0417, 0x0437, 0x0416, 0x03F6, 0x03F6, 0x0416, 0x0416, 0x3E90,
    0x3E90, 0x2CCB, 0x2CAB, 0x35AD, 0x3E2F, 0x2D4C, 0x46D1, 0x3E4F, 0x2CEC, 0x2C8B, 0x2CCC, 0x23E9,
    0x2C4A, 0x2D2C, 0x7DC8, 0x7E08, 0x7E08, 0xDAD4, 0xE2F5, 0xE2F5, 0xEAF5, 0xEAF5, 0xEB15, 0xE2F4,
    0xE2F4, 0xDAD4, 0xE2F4, 0xDAD4, 0xE2F4, 0xDAD4, 0xE2F4, 0xDAD4, 0xE2D4, 0xDAD4, 0xDAD4, 0xE2F5,
    0xFB57, 0xDAD4, 0xAA50, 0xDAD4, 0xFB37, 0xEB15, 0xB250, 0xBA71, 0xFB36, 0xDAD4, 0xD2B3, 0xD2B3,
    0xB250, 0xC272, 0xBA71, 0xC292, 0xCA92, 0x6D67, 0x7568, 0x6D67, 0x8629, 0x8689, 0x8689, 0x1AE7,
    0x1B07, 0x12A6, 0x1AA6, 0x23A9, 0x23EA, 0x1AC7, 0x1AA6, 0x1B07, 0x246A, 0x2C6B, 0x244A, 0x2C4A,
    0x244A, 0x2C6B, 0x2CAB, 0x2CEC, 0x246A, 0x2C8B, 0x246A, 0x0478, 0x0458, 0x0458, 0x0437, 0x0458,
    0x0458, 0x0499, 0x0458, 0x0458, 0x0417, 0x0458, 0x04FB, 0x055D, 0x04DB, 0x0499, 0x0479, 0x04BA,
    0x053C, 0x057E, 0x051C, 0x04FB, 0x04FB, 0x04FB, 0x04BA, 0x0479, 0x0499, 0x049A, 0x0437, 0x03F6,
    0x0479, 0x0478, 0x0416, 0x03D5, 0x03B4, 0x03B5, 0x0394, 0x03B4, 0x0437, 0x03F6, 0x03B4, 0x03D5,
    0x03B4, 0x03B4, 0x03D5, 0x0417, 0x03D5, 0x0417, 0x03D5, 0x3E90, 0x35AD, 0x350C, 0x2D4C, 0x3E0F,
    0x362F, 0x3E0F, 0x3E6F, 0x358D, 0x2409, 0x2CAB, 0x356D, 0x242A, 0x244A, 0x352C, 0x75A7, 0x7E08,
    0x7E08, 0xE2F4, 0xDAD4, 0xE2F4, 0xEAF5, 0xEB15, 0xE2F4, 0xE2F4, 0xDAD4, 0xE2D4, 0xDAD4, 0xE2F4,
    0xDAD4, 0xE2F4, 0xDAD4, 0xDAD4, 0xDAD4, 0xDAD4, 0xDAD3, 0xE2F4, 0xF316, 0xFB57, 0xAA2F, 0xCAB3,
    0xFB37, 0xEB15, 0xC271, 0xBA71, 0xEAF5, 0xE2F4, 0xD2B3, 0xEB15, 0xB250, 0xCA93, 0xCA92, 0xCA92,
    0xC272, 0x6D07, 0x6527, 0x7588, 0x75E8, 0x8669, 0x7E48, 0x2368, 0x1AE7, 0x1AA7, 0x12E7, 0x2389,
    0x23C9, 0x1B07, 0x1B88, 0x2389, 0x23C9, 0x244A, 0x2CCC, 0x2CCB, 0x34EC, 0x2C8B, 0x2C8B, 0x2CCB,
    0x34CC, 0x2C4A, 0x2C4A, 0x0458, 0x0499, 0x0499, 0x0499, 0x04BA, 0x04FB, 0x04FC, 0x04DB, 0x0478,
    0x0458, 0x0438, 0x0499, 0x04DB, 0x051C, 0x0499, 0x0479, 0x0478, 0x04DB, 0x053D, 0x04DB, 0x04DA,
    0x057E, 0x053D, 0x053D, 0x04BA, 0x04BA, 0x057E, 0x055E, 0x04FB, 0x0DFF, 0x059F, 0x0479, 0x03F5,
    0x03F6, 0x03F6, 0x03B5, 0x03B4, 0x0CBA, 0x0479, 0x0437, 0x03B5, 0x0373, 0x0373, 0x0373, 0x03B4,
    0x03D5, 0x03F5, 0x3E4F, 0x356D, 0x2C8B, 0x2CAB, 0x2CCC, 0x358D, 0x34EC, 0x2CAB, 0x358E, 0x244A,
    0x2C2A, 0x2CCB, 0x35AE, 0x2D4C, 0x3E0F, 0x356D, 0x7E08, 0x7E08, 0x8649, 0xE2F4, 0xE2F4, 0xDAD4,
    0xEAF5, 0xE2F5, 0xE2F5, 0xE2F4, 0xE2F4, 0xDAD4, 0xE2F4, 0xDAD4, 0xE2F5, 0xE2D4, 0xE2F4, 0xDAD4,
    0xE2F4, 0xDAD4, 0xDAD4, 0xE2D4, 0xEB15, 0xEB15, 0xB250, 0xCA92, 0xEAF5, 0xCAB3, 0xC292, 0xB250,
    0xDAD4, 0xCAB2, 0xD2B3, 0xFB37, 0xCA92, 0xCA92, 0xBA71, 0xCA92, 0xD2B3, 0x64C6, 0x6D67, 0x6D67,
    0x6D27, 0x6D07, 0x6D47, 0x75C8, 0x2389, 0x1B28, 0x1B28, 0x1B48, 0x2348, 0x1B07, 0x23C9, 0x1B48,
    0x1BA8, 0x2C2A, 0x2CCB, 0x352C, 0x2CCB, 0x2C6B, 0x246A, 0x2CAB, 0x248B, 0x2C6A, 0x242A, 0x2C4A,
    0x04BA, 0x04BA, 0x0478, 0x0499, 0x0499, 0x04BA, 0x0479, 0x0478, 0x0437, 0x0458, 0x0458, 0x04BA,
    0x04BA, 0x0478, 0x0458, 0x0479, 0x0499, 0x04FB, 0x04BA, 0x04FB, 0x051C, 0x04FC, 0x057E, 0x053D,
    0x0499, 0x051C, 0x05BF, 0x057E, 0x057E, 0x057E, 0x0499, 0x0437, 0x0416, 0x0458, 0x03F6, 0x0416,
    0x0457, 0x0478, 0x0458, 0x0458, 0x03B4, 0x03B4, 0x0373, 0x0393, 0x03D5, 0x0458, 0x360E, 0x352D,
    0x2C8B, 0x2C6B, 0x2CAB, 0x2CEC, 0x23C9, 0x23C9, 0x2CEB, 0x2CCC, 0x2CEB, 0x2C8B, 0x2CEB, 0x35AE,
    0x35EE, 0x354D, 0x7E08, 0x7E08, 0x75E8, 0xEAF5, 0xDAD4, 0xE2F4, 0xDAD4, 0xE2F4, 0xDAD4, 0xE2F4,
    0xDAD4, 0xDAD4, 0xDAD4, 0xE2D4, 0xDAD4, 0xE2F4, 0xDAD4, 0xDAD4, 0xDAD4, 0xDAD4, 0xDAD3, 0xE2F4,
    0xEAF5, 0xF336, 0xAA2F, 0xBA71, 0xEAF5, 0xE2F4, 0xDAD4, 0xBA71, 0xE2F5, 0xDAD3, 0xCA92, 0xE2F5,
    0xC292, 0xCA93, 0xCA92, 0xF316, 0xEAF5, 0x6D27, 0x75A7, 0x7E08, 0x75A7, 0x75C8, 0x75C8, 0x8EC9,
    0x1B27, 0x1AE7, 0x1AE7, 0x1B48, 0x12C6, 0x1AC7, 0x1B07, 0x1B48, 0x2C2A, 0x2C8B, 0x350C, 0x2D0C,
    0x350C, 0x2CEC, 0x2CCC, 0x2CCC, 0x2CAB, 0x2CCB, 0x2CAB, 0x2C8B, 0x04DB, 0x0478, 0x0458, 0x0458,
    0x0499, 0x0479, 0x0479, 0x0479, 0x0499, 0x0478, 0x0479, 0x0479, 0x049A, 0x0499, 0x04BA, 0x04BA,
    0x04DB, 0x049A, 0x049A, 0x049A, 0x04DB, 0x0499, 0x04BA, 0x04BA, 0x04BA, 0x051C, 0x059F, 0x04BA,
    0x04BA, 0x04FB, 0x0437, 0x03F6, 0x0417, 0x0457, 0x0458, 0x0438, 0x0458, 0x0457, 0x0417, 0x0437,
    0x03D5, 0x03B4, 0x03D5, 0x0394, 0x0479, 0x356D, 0x356D, 0x2CCB, 0x2CCC, 0x244A, 0x34EC, 0x358D,
    0x358D, 0x244A, 0x2C6B, 0x2CAB, 0x35AE, 0x358D, 0x2C8B, 0x2D0C, 0x2C6B, 0x246A, 0x75A8, 0x75A8,
    0x75A8, 0x6D47, 0xE2F5, 0xDAD4, 0xE2F4, 0xE2F4, 0xE2F5, 0xE2F4, 0xE2D4, 0xDAD4, 0xE2F5, 0xE2D4,
    0xE2F5, 0xE2D4, 0xE2F4, 0xE2D4, 0xE2F4, 0xDAD4, 0xE2F4, 0xE2F4, 0xF336, 0xFB57, 0xD2B3, 0xB230,
    0xF316, 0xE2D4, 0xDAD4, 0xC292, 0xDAB4, 0xDAD4, 0xE2D4, 0xDAD4, 0xD2B3, 0xD2B3, 0xD2B3, 0xFB16,
    0xFB37, 0xEAF5, 0x8669, 0x7DE8, 0x7E08, 0x75C8, 0x7568, 0x7DE8, 0x8649, 0x1AC6, 0x2348, 0x1AE7,
    0x1AC7, 0x12A6, 0x2328, 0x23C9, 0x2409, 0x2C6B, 0x2CEB, 0x2D0C, 0x2CEC, 0x354D, 0x2D0C, 0x2CEC,
    0x2CCB, 0x352C, 0x2CCB, 0x2CCC, 0x0499, 0x0458, 0x0458, 0x0479, 0x04BA, 0x049A, 0x0478, 0x049A,
    0x04BA, 0x04BA, 0x0499, 0x0499, 0x0479, 0x0499, 0x0478, 0x04BA, 0x04FC, 0x04BA, 0x0499, 0x04FB,
    0x051C, 0x0499, 0x0437, 0x0458, 0x0479, 0x04BA, 0x0478, 0x0458, 0x0458, 0x04BA, 0x0458, 0x03F6,
    0x03D5, 0x0417, 0x03F5, 0x0417, 0x0479, 0x04BA, 0x0478, 0x0437, 0x03F6, 0x0417, 0x03F5, 0x03D5,
    0x0499, 0x35CE, 0x2CCB, 0x2C6B, 0x2C8A, 0x2C8B, 0x246A, 0x3E6F, 0x3E6F, 0x352D, 0x244A, 0x2C6B,
    0x356D, 0x3DEE, 0x2CEB, 0x2CAB, 0x246A, 0x352D, 0x6527, 0x7567, 0x6D47, 0x6D47, 0xE2F4, 0xE2D4,
    0xE2D4, 0xE2F5, 0xE2F4, 0xEAF5, 0xE2D4, 0xE2F5, 0xDAD4, 0xE2F4, 0xE2D4, 0xE2F5, 0xDAD4, 0xE2D4,
    0xDAD4, 0xE2D4, 0xDAD4, 0xEAF5, 0xF316, 0xEB16, 0xBA51, 0xC271, 0xFB36, 0xDAD4, 0xC271, 0xC271,
    0xDAD4, 0xEAF5, 0xDAD4, 0xD2B3, 0xC271, 0xDAD4, 0xC292, 0xE2F5, 0xFB37, 0xFB57, 0x8689, 0x7587,
    0x6D47, 0x64C6, 0x6D47, 0x8669, 0x75E8, 0x75A8, 0x240A, 0x1AE7, 0x1AE7, 0x1AC7, 0x1BA9, 0x2CCC,
    0x2C4B, 0x2C4A, 0x2CCC, 0x2CCB, 0x34EC, 0x2D0C, 0x352C, 0x2CEC, 0x352D, 0x2D0C, 0x34EC, 0x2CAB,
    0x2C8B, 0x0479, 0x0479, 0x0479, 0x04BA, 0x0499, 0x0499, 0x0499, 0x04BA, 0x049A, 0x0499, 0x0499,
    0x0499, 0x0479, 0x0479, 0x0478, 0x04BB, 0x04BA, 0x04BA, 0x04BA, 0x04BA, 0x0478, 0x0499, 0x057E,
    0x0DDF, 0x055D, 0x051C, 0x04BA, 0x04DB, 0x049A, 0x0458, 0x04FB, 0x0D5E, 0x055E, 0x04FB, 0x049A,
    0x04BA, 0x049A, 0x051C, 0x0499, 0x0437, 0x0438, 0x0478, 0x04BA, 0x3DCE, 0x356D, 0x358E, 0x2CCB,
    0x2C4A, 0x2C6B, 0x2C8B, 0x356D, 0x356D, 0x352D, 0x34EC, 0x2CEC, 0x2CCC, 0x2D0C, 0x2CEC, 0x240A,
    0x34EC, 0x358D, 0x6D07, 0x6D47, 0x7588, 0x75A8, 0xEB16, 0xEAF5, 0xEB16, 0xEB15, 0xEB16, 0xE2F5,
    0xE2F5, 0xE2D4, 0xE2F4, 0xE2D4, 0xE2F5, 0xE2D4, 0xE2F4, 0xDAD4, 0xE2F5, 0xDAD4, 0xE2D4, 0xEAF5,
    0xF316, 0xB250, 0xB250, 0xCA92, 0xEAF5, 0xDAD4, 0xE2F5, 0xD2B3, 0xFB57, 0xEAF5, 0xD2B3, 0xCA92,
    0xC272, 0xF316, 0xDAD4, 0xD2B3, 0xF316, 0xF316, 0x8649, 0x6D87, 0x6D48, 0x7DE8, 0x8ECA, 0x8689,
    0x7DE8, 0x7588, 0x2389, 0x1B07, 0x1AE7, 0x1AC7, 0x23CA, 0x2C6B, 0x23E9, 0x240A, 0x2409, 0x2C6A,
    0x2CAB, 0x2D0C, 0x2D2C, 0x354D, 0x2D4C, 0x356D, 0x2D4D, 0x2D0C, 0x248B, 0x0479, 0x0478, 0x0479,
    0x0478, 0x0499, 0x0479, 0x0499, 0x0478, 0x0499, 0x0479, 0x0499, 0x0479, 0x0479, 0x0458, 0x0478,
    0x0499, 0x04DB, 0x0479, 0x0479, 0x0458, 0x0458, 0x0479, 0x055E, 0x063F, 0x063F, 0x063F, 0x063F,
    0x063F, 0x063F, 0x0479, 0x061F, 0x063F, 0x063F, 0x05DF, 0x063F, 0x053D, 0x057E, 0x059F, 0x04FB,
    0x0457, 0x0479, 0x04DB, 0x2C4A, 0x2D2C, 0x2CCC, 0x2CEC, 0x356D, 0x2D2C, 0x2CCB, 0x2D2C, 0x2CAB,
    0x2D0C, 0x35CE, 0x2D2C, 0x2CCC, 0x2D4C, 0x354D, 0x2CAB, 0x2CAB, 0x2D6D, 0x352D, 0x64E6, 0x6D47,
    0x6D87, 0x75C8, 0xEB15, 0xF316, 0xEAF5, 0xEB15, 0xE2F5, 0xE2F5, 0xE2D4, 0xE2F4, 0xDAD4, 0xE2F4,
    0xDAD4, 0xE2F4, 0xDAD4, 0xE2D4, 0xDAD4, 0xDAD4, 0xDAD4, 0xE2F5, 0xEAF5, 0xDAD4, 0xCA92, 0xBA71,
    0xDAD4, 0xEAF5, 0xE2F5, 0xDAD4, 0xF316, 0xF316, 0xD2B3, 0xDAD4, 0xCA92, 0xEAF5, 0xDAB3, 0xD2B3,
    0xE2D4, 0xEAF5, 0x75C8, 0x6D47, 0x6506, 0x75C8, 0x7E28, 0x75A8, 0x6D47, 0x6507, 0x64C6, 0x1B48,
    0x1AE7, 0x1B07, 0x23A9, 0x1B48, 0x240A, 0x23C9, 0x2C0A, 0x2C8B, 0x352D, 0x356D, 0x358E, 0x356D,
    0x358E, 0x358D, 0x3DCE, 0x358D, 0x350C, 0x0478, 0x0479, 0x0479, 0x0499, 0x0479, 0x0499, 0x0479,
    0x0499, 0x0499, 0x0499, 0x0499, 0x0499, 0x0479, 0x0478, 0x0478, 0x0479, 0x0478, 0x0458, 0x0458,
    0x0437, 0x0499, 0x055E, 0x053D, 0x05FF, 0x063F, 0x065F, 0x063F, 0x063F, 0x063F, 0x051C, 0x053D,
    0x057E, 0x04DB, 0x059F, 0x063F, 0x053D, 0x063F, 0x0DDF, 0x04BA, 0x0478, 0x0499, 0x0479, 0x242A,
    0x2CEC, 0x2D0C, 0x352D, 0x358D, 0x3E0F, 0x356D, 0x352D, 0x2D0C, 0x35CE, 0x35EE, 0x356D, 0x2CEC,
    0x3E2F, 0x35AE, 0x2C6B, 0x2CAB, 0x350C, 0x6D47, 0x64A6, 0x64E7, 0x6D27, 0x6D67, 0xF336, 0xF316,
    0xEB16, 0xE2F5, 0xE2F5, 0xE2D4, 0xE2F5, 0xE2D4, 0xE2F5, 0xE2D4, 0xE2F5, 0xE2D4, 0xE2F5, 0xE2D4,
    0xE2D4, 0xDAD4, 0xE2D4, 0xE2D4, 0xF316, 0xFB37, 0xFB58, 0xB230, 0xE2D4, 0xEB15, 0xE2F5, 0xC272,
    0xDAD4, 0xEB15, 0xDAD4, 0xE2D4, 0xDAD4, 0xDAD4, 0xDAD4, 0xD2B3, 0xFB37, 0xFB58, 0x6D27, 0x64C6,
    0x5C86, 0x5CA6, 0x64A6, 0x6D47, 0x7588, 0x6D67, 0x6D68, 0x23E9, 0x2389, 0x23A9, 0x23EA, 0x1B07,
    0x242A, 0x2CAB, 0x358D, 0x35AE, 0x35AD, 0x35CE, 0x35CE, 0x35AE, 0x358D, 0x35AE, 0x358D, 0x356D,
    0x2CEC, 0x2C8B, 0x0478, 0x0479, 0x0479, 0x0499, 0x0478, 0x0499, 0x0479, 0x0499, 0x0479, 0x0499,
    0x0479, 0x0499, 0x0458, 0x0479, 0x0458, 0x0417, 0x0416, 0x0458, 0x0458, 0x04DB, 0x057E, 0x051C,
    0x05DF, 0x063F, 0x061F, 0x05DF, 0x063F, 0x063F, 0x063F, 0x059F, 0x0479, 0x0499, 0x0499, 0x055E,
    0x04BA, 0x057E, 0x055D, 0x0479, 0x04DA, 0x053D, 0x2CAB, 0x2C4A, 0x2CEC, 0x356D, 0x35AD, 0x35EE,
    0x356D, 0x354D, 0x2CEC, 0x352C, 0x2C8B, 0x350C, 0x2CCB, 0x2CCB, 0x35CE, 0x2CEC, 0x23C9, 0x2C8B,
    0x2D0C, 0x6D27, 0x5C86, 0x64A6, 0x6527, 0x7588, 0xEAF5, 0xF316, 0xEAF5, 0xEAF5, 0xDAD4, 0xE2D4,
    0xDAD4, 0xE2D4, 0xDAD4, 0xE2F4, 0xE2D4, 0xE2F5, 0xDAD4, 0xE2D4, 0xDAD4, 0xE2D4, 0xDAD4, 0xEAF5,
    0xF316, 0xD2B3, 0xEAF5, 0xB230, 0xC271, 0xF316, 0xD2B3, 0xB250, 0xE2D4, 0xFB57, 0xDAB3, 0xEAF5,
    0xD293, 0xE2F5, 0xCA92, 0xDAB4, 0xFB58, 0xFB58, 0x6D67, 0x6D07, 0x5C66, 0x64A6, 0x6D67, 0x7E28,
    0x75C7, 0x8629, 0x75A7, 0x6507, 0x1B68, 0x240A, 0x1BA9, 0x240A, 0x34EC, 0x356D, 0x3DEF, 0x35EE,
    0x35AE, 0x356D, 0x356D, 0x35AE, 0x3DAE, 0x356D, 0x358E, 0x2D2C, 0x34CC, 0x2C6B, 0x0499, 0x0479,
    0x0499, 0x0479, 0x0499, 0x0499, 0x049A, 0x0499, 0x049A, 0x0499, 0x049A, 0x0499, 0x0499, 0x0479,
    0x049A, 0x0438, 0x0417, 0x0417, 0x0438, 0x0437, 0x0458, 0x0458, 0x04BA, 0x04FB, 0x051C, 0x04FB,
    0x0DDF, 0x061F, 0x065F, 0x061F, 0x051C, 0x059F, 0x0E3F, 0x063F, 0x0DBF, 0x055D, 0x0DFF, 0x051C,
    0x0D9F, 0x2CCC, 0x240A, 0x2CAB, 0x356D, 0x2CAB, 0x3DEF, 0x2D2C, 0x2C8B, 0x2CEC, 0x2CEC, 0x244A,
    0x23A9, 0x2C8B, 0x2C8B, 0x2C8B, 0x356D, 0x2D0C, 0x23EA, 0x2C6B, 0x2CCC, 0x6507, 0x6D07, 0x64C6,
    0x7548, 0x6D67, 0xEB15, 0xF316, 0xF316, 0xEAF5, 0xE2F5, 0xDAD4, 0xE2F5, 0xDAD4, 0xE2D4, 0xDAD4,
    0xE2F5, 0xE2D4, 0xE2F5, 0xDAD4, 0xE2D4, 0xDAD4, 0xE2D4, 0xEAF5, 0xFB57, 0xBA71, 0xD2B3, 0xB230,
    0xEAF5, 0xFB37, 0xF316, 0xBA51, 0xE2F5, 0xE2D5, 0xC292, 0xEAF5, 0xE2D4, 0xEAF5, 0xDAD4, 0xD2B3,
    0xEAF5, 0xFB36, 0x7567, 0x6D47, 0x6D27, 0x8669, 0x972A, 0x8648, 0x7568, 0x6D67, 0x7588, 0x64E7,
    0x1AC7, 0x23A9, 0x2348, 0x242A, 0x2CCB, 0x2CEC, 0x2D2C, 0x358D, 0x358D, 0x356D, 0x356D, 0x358D,
    0x2D6D, 0x356D, 0x2D4D, 0x2D0C, 0x244A, 0x2C8B, 0x0479, 0x0499, 0x0479, 0x0499, 0x0479, 0x0499,
    0x0479, 0x0499, 0x0499, 0x0499, 0x0499, 0x0499, 0x0479, 0x04BA, 0x0499, 0x0499, 0x0437, 0x0417,
    0x0416, 0x0417, 0x0416, 0x0416, 0x0437, 0x0437, 0x0437, 0x04BA, 0x04FB, 0x04FB, 0x059F, 0x05BF,
    0x055D, 0x061F, 0x063F, 0x061F, 0x057E, 0x061F, 0x063F, 0x05FF, 0x057E, 0x2CEC, 0x246A, 0x358D,
    0x35AD, 0x240A, 0x2D2C, 0x352C, 0x2CAB, 0x354D, 0x2D2C, 0x2C4A, 0x1BA8, 0x2C8B, 0x246A, 0x2CAB,
    0x35CE, 0x358E, 0x240A, 0x2C4A, 0x244A, 0x64C7, 0x64C6, 0x6D27, 0x6D67, 0x6D67, 0x7587, 0xEB15,
    0xEAF5, 0xEAF5, 0xE2D4, 0xDAD4, 0xDAD4, 0xE2D4, 0xDAD4, 0xE2D4, 0xDAD4, 0xE2D4, 0xDAD4, 0xDAD4,
    0xDAD4, 0xDAD4, 0xDAB4, 0xEB16, 0xFB37, 0xCA93, 0xAA30, 0xB230, 0xF316, 0xFB37, 0xFB37, 0xC271,
    0xCA92, 0xD2B3, 0xDAB4, 0xE2D5, 0xCA93, 0xE2F5, 0xE2D5, 0xCA92, 0xDAB4, 0xFB37, 0xD2B3, 0x7DE8,
    0x6D87, 0x7E28, 0x7E48, 0x8649, 0x75A7, 0x6D47, 0x6D87, 0x75A8, 0x7608, 0x1B48, 0x1AE7, 0x23C9,
    0x2CAB, 0x2CAB, 0x350C, 0x35CE, 0x3DEF, 0x356D, 0x354D, 0x352D, 0x354D, 0x354D, 0x352D, 0x2CAB,
    0x240A, 0x2C6B, 0x352D, 0x0479, 0x0499, 0x0499, 0x0499, 0x0499, 0x0499, 0x0499, 0x049A, 0x0499,
    0x049A, 0x0499, 0x0499, 0x04BA, 0x0499, 0x0499, 0x0479, 0x0437, 0x0458, 0x0437, 0x0438, 0x0437,
    0x0437, 0x03F6, 0x0417, 0x04BA, 0x051D, 0x0437, 0x04DB, 0x04BA, 0x0499, 0x04BA, 0x05BF, 0x04BA,
    0x057E, 0x063F, 0x0E3F, 0x063F, 0x352D, 0x2CCB, 0x350C, 0x356D, 0x354D, 0x242A, 0x352D, 0x2D0C,
    0x350C, 0x358D, 0x3DEF, 0x354D, 0x2C4B, 0x244A, 0x2CAC, 0x2CCC, 0x356D, 0x2D0C, 0x2CCC, 0x2CEC,
    0x6D67, 0x64E6, 0x64E7, 0x6D47, 0x7DE8, 0x7E08, 0x7E08, 0xF316, 0xEAF5, 0xEB15, 0xE2F5, 0xDAB4,
    0xE2D4, 0xE2D4, 0xE2F5, 0xE2D4, 0xE2D4, 0xDAD4, 0xE2D4, 0xDAD4, 0xE2D4, 0xDAD4, 0xDAD4, 0xEAF5,
    0xFB57, 0xDAD4, 0xB250, 0xB230, 0xEAF5, 0xDAD4, 0xE2D4, 0xCA92, 0xCA93, 0xD2B3, 0xDAB4, 0xFB17,
    0xF316, 0xE2D5, 0xCA93, 0xD2B3, 0xFB37, 0xFB58, 0xE2D5, 0x6D67, 0x6507, 0x7587, 0x7DE8, 0x8649,
    0x7E08, 0x6D47, 0x7588, 0x7DE8, 0x7DE8, 0x1B48, 0x2348, 0x1B28, 0x242A, 0x2CAB, 0x2CEC, 0x358D,
    0x358D, 0x356D, 0x2D2C, 0x354D, 0x356D, 0x354D, 0x2D4D, 0x2CEC, 0x246B, 0x350C, 0x2D2C, 0x0499,
    0x0479, 0x0499, 0x0479, 0x0499, 0x0479, 0x049A, 0x0499, 0x0499, 0x0499, 0x0479, 0x0478, 0x0479,
    0x0458, 0x0479, 0x0458, 0x0458, 0x0479, 0x0458, 0x0437, 0x0417, 0x03D5, 0x0417, 0x0458, 0x0499,
    0x0478, 0x0417, 0x0457, 0x0417, 0x0416, 0x04FB, 0x063F, 0x059F, 0x05FF, 0x063F, 0x063F, 0x352D,
    0x2D2C, 0x354D, 0x35EE, 0x2CAB, 0x2CEC, 0x2CEC, 0x356D, 0x352D, 0x2CCB, 0x356D, 0x356D, 0x354D,
    0x2409, 0x240A, 0x246A, 0x2C4A, 0x2D2C, 0x350C, 0x2D2C, 0x2CEC, 0x6D87, 0x6D47, 0x6D47, 0x7588,
    0x7E48, 0x8669, 0x7E08, 0xFB36, 0xEAF5, 0xEAF5, 0xDAD4, 0xDAD4, 0xDAD4, 0xE2D5, 0xE2D4, 0xE2F5,
    0xDAD4, 0xE2D4, 0xDAD4, 0xDAD4, 0xDAD4, 0xDAD4, 0xDAB3, 0xEB16, 0xFB37, 0xEAF5, 0xAA2F, 0xB230,
    0xF316, 0xF316, 0xF316, 0xDAB4, 0xCA92, 0xCA92, 0xCA92, 0xFB37, 0xEAF5, 0xEAF5, 0xD2B3, 0xF2F6,
    0xF316, 0xFB17, 0xDAD4, 0x75A8, 0x6D47, 0x8669, 0x8EE9, 0x9F6A, 0x972A, 0x8669, 0x75E8, 0x7DE8,
    0x6D87, 0x6D27, 0x1B88, 0x1B07, 0x2C6B, 0x2CAB, 0x354D, 0x2D2C, 0x352D, 0x358E, 0x35CE, 0x358D,
    0x358E, 0x356D, 0x358E, 0x2D0C, 0x2CAB, 0x35AE, 0x356D, 0x0479, 0x049A, 0x0499, 0x0499, 0x0499,
    0x049A, 0x0499, 0x049A, 0x0499, 0x0499, 0x0479, 0x0479, 0x0458, 0x0458, 0x0458, 0x0458, 0x0417,
    0x0479, 0x0458, 0x0499, 0x04FB, 0x04DB, 0x0458, 0x0479, 0x053D, 0x055E, 0x0479, 0x04BA, 0x0437,
    0x0417, 0x04BA, 0x0E3F, 0x063F, 0x0E3F, 0x061F, 0x059F, 0x356D, 0x356D, 0x352D, 0x358E, 0x242A,
    0x2C4B, 0x352D, 0x356D, 0x2CCB, 0x2C4B, 0x2CCC, 0x2CEC, 0x2C6B, 0x2CAC, 0x2CAB, 0x2C0A, 0x242A,
    0x3DEF, 0x2CEC, 0x2CEC, 0x242A, 0x7568, 0x6D27, 0x6D47, 0x6D67, 0x7588, 0x6D67, 0x7568, 0xF316,
    0xEAF5, 0xDAD4, 0xDAD4, 0xD2B3, 0xE2D5, 0xE2D4, 0xE2F5, 0xE2D4, 0xE2D5, 0xE2D4, 0xE2D4, 0xDAD4,
    0xE2D4, 0xDAD4, 0xDAD4, 0xE2F5, 0xFB58, 0xE2D5, 0xB250, 0xB230, 0xEB16, 0xFB37, 0xF316, 0xD2B3,
    0xE2D4, 0xCA93, 0xCA93, 0xEAF6, 0xF316, 0xFB37, 0xF2F6, 0xDAB4, 0xEAF6, 0xFB16, 0xE2D5, 0x8669,
    0x8649, 0x8F09, 0x972A, 0x974A, 0x96EA, 0x8EC9, 0x7E29, 0x6527, 0x75C8, 0x7E49, 0x1B28, 0x1AE7,
    0x2D4D, 0x354D, 0x356D, 0x354D, 0x2D0C, 0x354D, 0x35CE, 0x35EE, 0x2D4C, 0x2D0C, 0x2D4C, 0x2CAC,
    0x2D0C, 0x35EF, 0x356D, 0x0479, 0x0478, 0x0499, 0x0499, 0x049A, 0x0499, 0x0499, 0x0499, 0x049A,
    0x0499, 0x0499, 0x0478, 0x0479, 0x0479, 0x0499, 0x0437, 0x0416, 0x0416, 0x0437, 0x04FB, 0x061F,
    0x05DF, 0x04DB, 0x0416, 0x04DB, 0x053D, 0x0499, 0x0437, 0x03D5, 0x03B4, 0x03F6, 0x0437, 0x0499,
    0x057E, 0x04BA, 0x3EB0, 0x2CAB, 0x2D0C, 0x2CAB, 0x23E9, 0x23A9, 0x248B, 0x35EE, 0x2D4D, 0x356D,
    0x244A, 0x352D, 0x2CEC, 0x2C8B, 0x2CEC, 0x352D, 0x248B, 0x358E, 0x35CE, 0x2C6B, 0x2C8B, 0x2C2A,
    0x6D67, 0x64C6, 0x64E6, 0x6D07, 0x5CC6, 0x64A6, 0x5CA6, 0xE2D5, 0xDAD4, 0xE2F5, 0xDAD4, 0xDAD4,
    0xE2D4, 0xEAF5, 0xE2D4, 0xE2D5, 0xDAD4, 0xE2D4, 0xDAD4, 0xDAD4, 0xDAB4, 0xDAD4, 0xDAB4, 0xE2D5,
    0xF316, 0xFB38, 0xB230, 0xB230, 0xE2D4, 0xFB37, 0xF316, 0xDAB3, 0xDAD4, 0xD2B3, 0xCA92, 0xEAF5,
    0xF316, 0xE2D5, 0xD293, 0xDAB4, 0xEAF5, 0xFB37, 0xE2D5, 0x8669, 0x7E08, 0x8649, 0x7DE8, 0x7E08,
    0x7DE8, 0x8649, 0x75A7, 0x6D27, 0x75C8, 0x7E49, 0x7E69, 0x1AE7, 0x3DEF, 0x35CE, 0x358E, 0x354D,
    0x352D, 0x2D0C, 0x354D, 0x35CE, 0x358E, 0x35AE, 0x3DCE, 0x2CEC, 0x35AE, 0x3E90, 0x3E50, 0x352D,
    0x0499, 0x0499, 0x049A, 0x0499, 0x049A, 0x0499, 0x049A, 0x04BA, 0x04BA, 0x0478, 0x0479, 0x04BA,
    0x04BA, 0x0499, 0x0479, 0x0437, 0x0417, 0x0437, 0x049A, 0x04BA, 0x0499, 0x0437, 0x03D5, 0x03B4,
    0x03F6, 0x03F6, 0x0417, 0x03F6, 0x03F6, 0x03F5, 0x03F6, 0x03D5, 0x0417, 0x35EE, 0x35AE, 0x354D,
    0x354D, 0x2D4D, 0x240A, 0x23C9, 0x2CEC, 0x35CE, 0x358E, 0x35AE, 0x2CCC, 0x2CEC, 0x352D, 0x354D,
    0x350C, 0x2D0C, 0x2C8B, 0x354D, 0x354D, 0x240A, 0x34EC, 0x7DE8, 0x7588, 0x6507, 0x6D27, 0x64C6,
    0x5C66, 0x5C86, 0x5C86, 0xE2D4, 0xE2F5, 0xE2F5, 0xE2F5, 0xEAF5, 0xEAF5, 0xEAF5, 0xEAF5, 0xE2D5,
    0xE2D5, 0xE2D4, 0xE2D5, 0xDAB4, 0xE2D4, 0xDAD4, 0xE2D5, 0xE2F5, 0xF316, 0xFB58, 0xFB58, 0xB230,
    0xC271, 0xFB37, 0xF316, 0xD293, 0xE2D5, 0xDAD4, 0xCA72, 0xD293, 0xFB37, 0xDAB3, 0xCA92, 0xD2B3,
    0xFB37, 0xFB58, 0xFB17, 0x7587, 0x7588, 0x75C8, 0x8629, 0x7DE8, 0x7DE8, 0x7DE8, 0x8669, 0x7DE8,
    0x7DE8, 0x75C8, 0x8669, 0x1B48, 0x356D, 0x35AE, 0x358D, 0x356D, 0x2D4D, 0x352D, 0x2CEC, 0x354D,
    0x358D, 0x35CE, 0x2D6D, 0x2CAB, 0x35CE, 0x3E90, 0x35EE, 0x2CCC, 0x0499, 0x0499, 0x0479, 0x0479,
    0x0479, 0x0499, 0x0499, 0x04BA, 0x04BA, 0x0479, 0x0479, 0x0499, 0x0479, 0x0458, 0x0416, 0x0416,
    0x0416, 0x0478, 0x0458, 0x0437, 0x0437, 0x0458, 0x03F6, 0x03D5, 0x03D5, 0x0479, 0x0499, 0x0458,
    0x0417, 0x0437, 0x03F6, 0x03D5, 0x03D5, 0x356D, 0x2CEC, 0x35AE, 0x358D, 0x2CCC, 0x23C9, 0x242A,
    0x2CAB, 0x352D, 0x2CEC, 0x2CCC, 0x2CAB, 0x2CCC, 0x2CAB, 0x35CE, 0x2D4D, 0x2CEC, 0x2409, 0x2CEC,
    0x2D2C, 0x2D0C, 0x3E6F, 0x75A8, 0x6D47, 0x6D27, 0x6D27, 0x6507, 0x5CC6, 0x64C7, 0x5CA6, 0x64A6,
    0xEAF5, 0xEAF5, 0xE2D4, 0xEAF5, 0xEAF5, 0xF2F6, 0xE2F5, 0xE2F5, 0xE2D4, 0xE2D5, 0xDAD4, 0xE2D4,
    0xDAB4, 0xE2D4, 0xDAD4, 0xEAF5, 0xF316, 0xFB58, 0xFB37, 0xB250, 0xB230, 0xFB58, 0xE2F5, 0xD293,
    0xE2D4, 0xDAD4, 0xCA72, 0xE2D4, 0xFB37, 0xDAB4, 0xB230, 0xDAD4, 0xFB58, 0xFB17, 0xFB16, 0xDAB4,
    0x6D67, 0x75A8, 0x7E28, 0x8669, 0x7E28, 0x8689, 0x8EC9, 0x8EA9, 0x8669, 0x7E49, 0x75E8, 0x1AC7,
    0x358E, 0x356D, 0x358E, 0x356D, 0x354D, 0x2D0C, 0x352D, 0x356D, 0x3DCE, 0x35AE, 0x350D, 0x2C8B,
    0x358E, 0x35AE, 0x356D, 0x2CAB, 0x04BA, 0x0499, 0x049A, 0x0479, 0x0499, 0x0479, 0x04BA, 0x0499,
    0x049A, 0x0478, 0x0499, 0x0479, 0x0499, 0x0479, 0x0458, 0x0437, 0x0458, 0x0478, 0x0499, 0x0437,
    0x0458, 0x0458, 0x03F6, 0x0373, 0x03B5, 0x04BA, 0x04FB, 0x0437, 0x0437, 0x0437, 0x0479, 0x0416,
    0x3DEF, 0x35CE, 0x2CEC, 0x35CE, 0x358E, 0x23E9, 0x23C9, 0x2C6B, 0x352D, 0x2CCC, 0x356E, 0x244A,
    0x2CCC, 0x356D, 0x2CAC, 0x35AE, 0x354D, 0x2CAB, 0x34EC, 0x35CE, 0x35AE, 0x2CEC, 0x6D27, 0x7587,
    0x6D47, 0x64E7, 0x6D47, 0x6507, 0x6CE7, 0x64E7, 0x6D27, 0x6507, 0xEAF5, 0xE2D5, 0xEAF5, 0xE2F5,
    0xEAF6, 0xEAF5, 0xEAF5, 0xE2D4, 0xE2D5, 0xE2D4, 0xEAF5, 0xE2D5, 0xE2D5, 0xDAD4, 0xE2D5, 0xE2D5,
    0xFB17, 0xFB58, 0xD2B3, 0xB250, 0xBA51, 0xFB58, 0xE2D4, 0xC272, 0xDAB4, 0xDAB4, 0xCA92, 0xE2D4,
    0xFB79, 0xE2D5, 0xBA51, 0xF316, 0xFB79, 0xFB38, 0xF2F6, 0xD293, 0x7DC8, 0x7E08, 0x7E08, 0x7E28,
    0x8669, 0x8648, 0x8669, 0x8689, 0x7E08, 0x75A8, 0x6D88, 0x6DA8, 0x2D0C, 0x2D0C, 0x2CAB, 0x2CAB,
    0x2CCB, 0x2D0C, 0x2D2C, 0x356D, 0x2D6D, 0x354D, 0x2CAB, 0x2C8B, 0x356D, 0x2D0C, 0x2D4D, 0x2CEC,
    0x0499, 0x0499, 0x04DB, 0x04DB, 0x0478, 0x0499, 0x04BA, 0x051C, 0x04DA, 0x0499, 0x0458, 0x0458,
    0x0478, 0x04DB, 0x04BA, 0x04DA, 0x0499, 0x0499, 0x0479, 0x0437, 0x0458, 0x04BA, 0x03F6, 0x0393,
    0x0394, 0x0458, 0x0499, 0x0479, 0x0458, 0x0437, 0x0437, 0x03F6, 0x248B, 0x2C8B, 0x2CCB, 0x352D,
    0x2CCB, 0x23E9, 0x23C9, 0x350C, 0x35AE, 0x358D, 0x356D, 0x2CCC, 0x2CEC, 0x358E, 0x2D0C, 0x356D,
    0x2CAB, 0x242A, 0x2D0C, 0x3E2F, 0x35AE, 0x354D, 0x64E6, 0x6D67, 0x6D27, 0x6D07, 0x64C6, 0x64E7,
    0x64C6, 0x6D27, 0x6D47, 0x6D67, 0xDAD4, 0xE2D5, 0xEAF5, 0xEAF6, 0xEAF5, 0xEAF5, 0xE2D4, 0xE2D5,
    0xE2D4, 0xE2D4, 0xE2D4, 0xE2D5, 0xDAB4, 0xDAD4, 0xDAB4, 0xE2D5, 0xF2F6, 0xFB58, 0xC271, 0xBA51,
    0xB230, 0xFB58, 0xE2D5, 0xD2B3, 0xF2F6, 0xFB16, 0xC272, 0xDAB4, 0xFB58, 0xE2D4, 0xBA50, 0xDAB4,
    0xFB59, 0xFB58, 0xDAB4, 0xC272, 0x7E08, 0x7E28, 0x7DE8, 0x7E08, 0x7E28, 0x8689, 0x8689, 0x7DE8,
    0x6527, 0x7E29, 0x6D67, 0x6D88, 0x7E69, 0x2CAB, 0x2C6B, 0x2C6B, 0x2CAB, 0x2C8B, 0x2CAC, 0x2CCB,
    0x2CEC, 0x2CEC, 0x2C4B, 0x2C8B, 0x3E0F, 0x356D, 0x3E0F, 0x35EE, 0x2CCC, 0x0478, 0x051C, 0x04FC,
    0x0499, 0x0479, 0x04BA, 0x053D, 0x057E, 0x04FB, 0x04BA, 0x0478, 0x0479, 0x04BA, 0x04FB, 0x049A,
    0x0479, 0x0479, 0x04BA, 0x0479, 0x0499, 0x04BA, 0x0438, 0x0417, 0x0417, 0x0437, 0x04DB, 0x055E,
    0x053D, 0x0458, 0x0437, 0x2CCB, 0x2CAB, 0x2C6B, 0x352D, 0x2C8B, 0x2CAB, 0x244A, 0x352D, 0x358D,
    0x352D, 0x2CEC, 0x2CCC, 0x2CCC, 0x2CCC, 0x356D, 0x354D, 0x356D, 0x2CAC, 0x2C8B, 0x2CAC, 0x358E,
    0x354D, 0x5CC6, 0x6D27, 0x6D47, 0x6D27, 0x6507, 0x6D07, 0x64C6, 0x64C7, 0x6507, 0x6D67, 0x6D47,
    0xEAF5, 0xEAF5, 0xF316, 0xF2F6, 0xEAF6, 0xE2D5, 0xE2D5, 0xE2D5, 0xE2D5, 0xDAD4, 0xE2D4, 0xDAB4,
    0xDAD4, 0xD2B3, 0xDAB4, 0xE2D4, 0xF316, 0xFB58, 0xDAB4, 0xB230, 0xB230, 0xFB37, 0xFB17, 0xD293,
    0xFB58, 0xFB17, 0xE2D5, 0xEAF5, 0xF316, 0xDAD4, 0xC272, 0xCA93, 0xF316, 0xFB38, 0xFB17, 0xBA51,
    0x7588, 0x6D47, 0x75C8, 0x75A8, 0x75C8, 0x75C8, 0x7588, 0x6D47, 0x7DE8, 0x974A, 0x7E09, 0x75C8,
    0x7E69, 0x2C8B, 0x248B, 0x2CCC, 0x2CCB, 0x2C8B, 0x246A, 0x2C6B, 0x244A, 0x2C4B, 0x23E9, 0x2CCC,
    0x35AE, 0x354D, 0x35CE, 0x2D0C, 0x2CEC, 0x0417, 0x0458, 0x0479, 0x0499, 0x04BA, 0x04BA, 0x051C,
    0x055D, 0x051C, 0x04FB, 0x051C, 0x0479, 0x0458, 0x04BA, 0x0479, 0x0417, 0x0437, 0x0499, 0x0499,
    0x0478, 0x0499, 0x0478, 0x0479, 0x0437, 0x0417, 0x0478, 0x04FB, 0x0499, 0x0437, 0x242A, 0x2D0C,
    0x2CEC, 0x2CEC, 0x2D0C, 0x2CAB, 0x2CCB, 0x350C, 0x2D0C, 0x358D, 0x2CEC, 0x2C4B, 0x246B, 0x2C6B,
    0x248B, 0x354D, 0x356D, 0x358E, 0x246A, 0x2CAC, 0x244A, 0x2CAB, 0x2409, 0x64E7, 0x6D87, 0x6D47,
    0x6D27, 0x6D07, 0x64E6, 0x64A6, 0x64C6, 0x6D27, 0x6D47, 0x6D27, 0xEAF5, 0xEAF5, 0xE2D5, 0xEAF5,
    0xE2D5, 0xE2D5, 0xDAB4, 0xE2D5, 0xDAB4, 0xDAB3, 0xD2B3, 0xDAB4, 0xD293, 0xD2B3, 0xD2B3, 0xE2D5,
    0xEAF6, 0xFB58, 0xC272, 0xBA51, 0xBA50, 0xFB58, 0xF2F6, 0xCA92, 0xF2F6, 0xF316, 0xE2D4, 0xF2F6,
    0xDAD4, 0xCA92, 0xD293, 0xDAB4, 0xE2D5, 0xF2F6, 0xEAF5, 0xC272, 0x64E6, 0x6D27, 0x6D87, 0x6D27,
    0x6D27, 0x6D27, 0x6506, 0x7587, 0x75C8, 0x75E8, 0x75C8, 0x75E8, 0x7E49, 0x2C6B, 0x2CAB, 0x2C8B,
    0x2CAC, 0x2CCC, 0x2C8B, 0x2C8B, 0x2C8B, 0x240A, 0x23C9, 0x2D2D, 0x356D, 0x2CCC, 0x352D, 0x240A,
    0x2C2A, 0x03F6, 0x0437, 0x0458, 0x0499, 0x04BA, 0x04DB, 0x04DB, 0x04FB, 0x04DB, 0x04DB, 0x04FB,
    0x04BB, 0x0458, 0x0479, 0x0458, 0x0458, 0x0417, 0x0458, 0x0478, 0x0478, 0x0458, 0x04BA, 0x0458,
    0x0417, 0x03D5, 0x0416, 0x0437, 0x0437, 0x0499, 0x2C4A, 0x2C6B, 0x2C6B, 0x242A, 0x2C6B, 0x2C8B,
    0x2C2A, 0x2C8B, 0x2C2A, 0x354D, 0x350D, 0x2C8B, 0x2C8B, 0x23E9, 0x2CAC, 0x356D, 0x356D, 0x2D0C,
    0x2CCC, 0x2C4A, 0x2C8B, 0x242A, 0x64C7, 0x6D88, 0x7E09, 0x6D47, 0x7588, 0x6D67, 0x64E7, 0x5C66,
    0x64C7, 0x6D27, 0x6D47, 0x6527, 0xFB17, 0xEAF6, 0xF316, 0xEAF5, 0xF316, 0xEAD5, 0xE2D5, 0xDAB4,
    0xDAB4, 0xD2B3, 0xDAD4, 0xDAB3, 0xDAB4, 0xD2B3, 0xDAD4, 0xE2D4, 0xF316, 0xFB37, 0xB230, 0xBA51,
    0xC272, 0xFB79, 0xFB79, 0xDAB4, 0xF316, 0xF2F6, 0xDAB4, 0xDAB4, 0xE2D4, 0xCA72, 0xE2D5, 0xFB17,
    0xFB58, 0xFB38, 0xE2D5, 0xC272, 0x6D07, 0x64E6, 0x6D47, 0x6D27, 0x6D27, 0x7567, 0x7E08, 0x8648,
    0x7DC8, 0x6D67, 0x75A8, 0x6D67, 0x75E8, 0x7609, 0x246B, 0x2C4B, 0x246A, 0x2CAB, 0x246B, 0x2C8B,
    0x248B, 0x240A, 0x240A, 0x358E, 0x2D4D, 0x2CEC, 0x2CAB, 0x242A, 0x248B, 0x0437, 0x0437, 0x0458,
    0x0458, 0x04BA, 0x04FB, 0x04FB, 0x04FC, 0x051C, 0x04BA, 0x04DA, 0x04DB, 0x0479, 0x0437, 0x0479,
    0x0499, 0x0478, 0x0499, 0x04DA, 0x04BA, 0x04DB, 0x051C, 0x049A, 0x0416, 0x03D5, 0x03B5, 0x03F6,
    0x03D5, 0x354D, 0x2CCB, 0x2C6B, 0x242A, 0x2C6B, 0x1BA9, 0x2C4A, 0x1BA8, 0x2C6B, 0x246A, 0x352D,
    0x23E9, 0x2C8B, 0x2D0C, 0x2CCC, 0x2D2C, 0x358E, 0x2CEC, 0x2C6B, 0x2CAB, 0x242A, 0x246B, 0x2C8B,
    0x5486, 0x6D27, 0x6D67, 0x75A8, 0x75C7, 0x7587, 0x64E6, 0x5C46, 0x5C86, 0x64C6, 0x64E6, 0x6D27,
    0xF316, 0xFB16, 0xEAF5, 0xF2F6, 0xF316, 0xEAF6, 0xE2D5, 0xE2D4, 0xDAB4, 0xDAB4, 0xDAB3, 0xDAB3,
    0xD2B3, 0xE2D5, 0xE2D4, 0xF316, 0xFB16, 0xFB37, 0xC271, 0xBA51, 0xBA51, 0xFB79, 0xFB79, 0xE2D4,
    0xE2D4, 0xFB17, 0xD2B3, 0xE2D4, 0xF2F6, 0xE2D5, 0xDAB4, 0xF2F6, 0xFB59, 0xFB38, 0xD293, 0xCA72,
    0x6D67, 0x7587, 0x75C7, 0x7DE8, 0x7587, 0x7DE8, 0x7E08, 0x7E08, 0x75C7, 0x7588, 0x6D67, 0x75A8,
    0x75E9, 0x7629, 0x2CAC, 0x2C6B, 0x2C8B, 0x2CAB, 0x2C8B, 0x2CAB, 0x2CEC, 0x240A, 0x2C2A, 0x356D,
    0x354D, 0x2D0C, 0x2CAC, 0x2C6B, 0x2CAC, 0x2C8B, 0x0479, 0x0478, 0x0479, 0x04DB, 0x055E, 0x04DB,
    0x053D, 0x055E, 0x051C, 0x04FC, 0x053D, 0x04BA, 0x0438, 0x0417, 0x0458, 0x0478, 0x053D, 0x055D,
    0x04DB, 0x049A, 0x04FB, 0x0499, 0x0437, 0x0417, 0x0417, 0x03B5, 0x2C8B, 0x2C8B, 0x2C8B, 0x240A,
    0x240A, 0x2CAB, 0x23C9, 0x2389, 0x23A9, 0x2C6B, 0x2CCC, 0x2CAB, 0x23C9, 0x2CAB, 0x354D, 0x358D,
    0x356E, 0x2CAB, 0x2CAB, 0x23A9, 0x23A9, 0x1BA9, 0x2C6B, 0x6527, 0x5C66, 0x5446, 0x5C46, 0x64E6,
    0x6D47, 0x6D27, 0x64C7, 0x5445, 0x5C46, 0x5C66, 0x64C7, 0x6D27, 0x7588, 0xFB17, 0xFB17, 0xF316,
    0xF316, 0xE2D5, 0xE2D5, 0xEAD5, 0xF2F6, 0xDAB4, 0xDAB4, 0xDAB4, 0xEAF6, 0xEAF5, 0xE2D5, 0xF2F6,
    0xFB58, 0xFB59, 0xCA92, 0xC251, 0xCA72, 0xFB9A, 0xFB9B, 0xDAB4, 0xF2F6, 0xFB59, 0xE2D5, 0xE2D4,
    0xFB7A, 0xE2D5, 0xCA93, 0xFB17, 0xFBBB, 0xFB17, 0xEAD5, 0xC272, 0xDAB4, 0x75C8, 0x8669, 0x7E08,
    0x7567, 0x8EE9, 0x8649, 0x75C8, 0x7588, 0x7587, 0x75C8, 0x6DA8, 0x7E49, 0x7E69, 0x2CAB, 0x2C8B,
    0x2C8B, 0x2CEC, 0x2CAB, 0x2CCC, 0x2CEC, 0x2C4B, 0x2CAB, 0x354D, 0x2C8B, 0x2CEC, 0x2CCB, 0x2C6B,
    0x248B, 0x2C4B, 0x0499, 0x04BA, 0x04BA, 0x04BA, 0x04BA, 0x049A, 0x0499, 0x04DB, 0x04DB, 0x051C,
    0x057E, 0x051C, 0x0417, 0x0437, 0x0437, 0x0417, 0x0458, 0x0499, 0x0478, 0x0437, 0x03F6, 0x03F6,
    0x03F5, 0x0458, 0x0478, 0x0458, 0x23C9, 0x2C8B, 0x240A, 0x2389, 0x23E9, 0x2C4A, 0x1B48, 0x1B68,
    0x23E9, 0x242A, 0x240A, 0x2C6B, 0x246B, 0x2CEC, 0x2D2C, 0x352D, 0x2C8B, 0x23C9, 0x2409, 0x2388,
    0x1B88, 0x2C6B, 0x7E69, 0x7E49, 0x6527, 0x5446, 0x4BE5, 0x53E5, 0x5C86, 0x6507, 0x5C65, 0x5425,
    0x4BE5, 0x5426, 0x5445, 0x64E6, 0x6D27, 0xF316, 0xFB17, 0xFB58, 0xFB17, 0xF316, 0xEAF5, 0xEAF5,
    0xE2D5, 0xE2D4, 0xDAB4, 0xE2D5, 0xF2F6, 0xEAF5, 0xD2B3, 0xE2D4, 0xF2F6, 0xFB9A, 0xD293, 0xC272,
    0xCA93, 0xFBFD, 0xFBBC, 0xDAB4, 0xDAB4, 0xFB79, 0xEAF6, 0xEAF5, 0xFB37, 0xDAB4, 0xBA51, 0xFB38,
    0xFB9A, 0xF316, 0xF316, 0xCA93, 0xCA93, 0x7588, 0x7587, 0x7587, 0x75C7, 0x8648, 0x7587, 0x7567,
    0x6D67, 0x75A8, 0x6DA7, 0x6D88, 0x8649, 0x7E49, 0x350D, 0x2D0C, 0x354D, 0x352D, 0x352D, 0x2CAB,
    0x2CAC, 0x2CEC, 0x35CE, 0x2D2C, 0x34EC, 0x358E, 0x352D, 0x244A, 0x2C8B, 0x356D, 0x0478, 0x04BA,
    0x04DB, 0x0499, 0x0499, 0x0478, 0x049A, 0x04BA, 0x049A, 0x0499, 0x051C, 0x04BA, 0x0479, 0x0499,
    0x0499, 0x0458, 0x0479, 0x0479, 0x0458, 0x0416, 0x0417, 0x03D5, 0x03F6, 0x04FB, 0x055D, 0x1B68,
    0x23EA, 0x2C8B, 0x2CCC, 0x240A, 0x2C2B, 0x1B28, 0x1B28, 0x2388, 0x2C4B, 0x23A9, 0x2368, 0x23C9,
    0x2C2A, 0x242A, 0x2CAC, 0x2D0C, 0x2C6B, 0x23C9, 0x2C2A, 0x242A, 0x2C8B, 0x358E, 0x7E6A, 0x8689,
    0x75E9, 0x5C86, 0x5426, 0x5445, 0x5C86, 0x64A6, 0x64C7, 0x5C66, 0x53E6, 0x4BC5, 0x5405, 0x5C66,
    0x64C7, 0xF316, 0xFB58, 0xFB58, 0xFB38, 0xF2F6, 0xF316, 0xE2D5, 0xE2D5, 0xE2D4, 0xE2D5, 0xE2D4,
    0xF2F6, 0xE2D5, 0xDAB4, 0xE2D4, 0xFB17, 0xFB7A, 0xCA93, 0xCA72, 0xD293, 0xFBDC, 0xFBBC, 0xEAF6,
    0xF316, 0xFB7A, 0xFB38, 0xE2D5, 0xF2F6, 0xDAB4, 0xC251, 0xFB59, 0xFBBB, 0xFB37, 0xF2F6, 0xCA93,
    0xE2D5, 0x75A7, 0x7588, 0x75A7, 0x8EC9, 0x75A7, 0x7567, 0x6D67, 0x7588, 0x6D67, 0x7588, 0x6D88,
    0x7E48, 0x7E69, 0x7E69, 0x35AE, 0x358D, 0x354D, 0x2D4D, 0x2D0C, 0x242A, 0x352D, 0x362F, 0x354D,
    0x2D0C, 0x35EE, 0x2D2C, 0x2C8B, 0x242A, 0x3E50, 0x0458, 0x053D, 0x053C, 0x0479, 0x0437, 0x0458,
    0x04BA, 0x051C, 0x0499, 0x0499, 0x04BA, 0x04BA, 0x04FB, 0x051C, 0x0478, 0x0458, 0x04DA, 0x04FB,
    0x0437, 0x0458, 0x0458, 0x0437, 0x0458, 0x04BA, 0x04DA, 0x2368, 0x1B48, 0x23C9, 0x244A, 0x2C6B,
    0x244A, 0x23A9, 0x23C9, 0x2388, 0x1BA9, 0x2368, 0x1B07, 0x2389, 0x23E9, 0x2C8B, 0x2CEC, 0x2CEC,
    0x244A, 0x2C4A, 0x2CAB, 0x2D0D, 0x2CCB, 0x7629, 0x7E49, 0x7E29, 0x6D87, 0x5CC7, 0x5446, 0x5C66,
    0x5425, 0x5CA6, 0x64E6, 0x5CA6, 0x5425, 0x5405, 0x4BE5, 0x5425, 0x5C65, 0xFB37, 0xFB17, 0xF316,
    0xEAD5, 0xDAB4, 0xDAB3, 0xDAD4, 0xE2D4, 0xE2D5, 0xE2D4, 0xEAF6, 0xEAD5, 0xDAB4, 0xD293, 0xEAF5,
    0xFB16, 0xFB9A, 0xC272, 0xD293, 0xC272, 0xFB9A, 0xFB7A, 0xE2D5, 0xFB37, 0xFBBC, 0xFB38, 0xD2B3,
    0xCA93, 0xCA93, 0xCA72, 0xFB59, 0xFB9A, 0xFB59, 0xF317, 0xCA93, 0xBA51, 0x7DC8, 0x7587, 0x7587,
    0x75A7, 0x7587, 0x6D67, 0x7587, 0x6D67, 0x6D67, 0x6D67, 0x7588, 0x8669, 0x7E69, 0x7E8A, 0x356D,
    0x354D, 0x2CEC, 0x2CEC, 0x2C6B, 0x2C2A, 0x2CEC, 0x352D, 0x354D, 0x354D, 0x3E4F, 0x3DEF, 0x352D,
    0x3E50, 0x4752, 0x4712, 0x055E, 0x055E, 0x0499, 0x04BA, 0x04BA, 0x04BA, 0x04FB, 0x0499, 0x0478,
    0x0479, 0x04BA, 0x055D, 0x055D, 0x0499, 0x0416, 0x0478, 0x0499, 0x0458, 0x04BA, 0x04BA, 0x0417,
    0x0479, 0x04BA, 0x2348, 0x1B68, 0x1B28, 0x23C9, 0x2C4B, 0x2CAB, 0x2C4B, 0x244A, 0x23C9, 0x2388,
    0x23EA, 0x1B68, 0x2368, 0x1B48, 0x2389, 0x244A, 0x2CCC, 0x244A, 0x240A, 0x244A, 0x350D, 0x356D,
    0x7E6A, 0x6DA8, 0x7E29, 0x75E9, 0x75C8, 0x6507, 0x5C66, 0x5425, 0x5C46, 0x5C66, 0x64A6, 0x64A6,
    0x5C66, 0x5425, 0x5426, 0x5405, 0x5C86, 0xF2F6, 0xFB17, 0xF2F6, 0xEAF5, 0xDAB4, 0xDAB4, 0xE2D5,
    0xEAF5, 0xE2D5, 0xEAF5, 0xF316, 0xEAF5, 0xD293, 0xDAB4, 0xE2D4, 0xF2F6, 0xFB58, 0xFB7A, 0xCA72,
    0xD293, 0xFB9B, 0xFB9A, 0xD293, 0xE2D5, 0xFB9B, 0xFB9B, 0xDAD4, 0xD293, 0xCA93, 0xEAF6, 0xFB59,
    0xEAF5, 0xFB38, 0xFB38, 0xC252, 0xC272, 0x7587, 0x7547, 0x6D67, 0x7587, 0x75A7, 0x7DC8, 0x75A7,
    0x75A8, 0x7587, 0x7588, 0x6D68, 0x7E49, 0x7E69, 0x7649, 0x358D, 0x2D2C, 0x2CEC, 0x244A, 0x23E9,
    0x2C8B, 0x358E, 0x2CCC, 0x352D, 0x360F, 0x3E0F, 0x2D6D, 0x3E2F, 0x3EB0, 0x4752, 0x3EB0, 0x04BA,
    0x04FB, 0x055D, 0x05BF, 0x05DF, 0x04DB, 0x04BA, 0x0437, 0x0416, 0x0437, 0x0499, 0x04BA, 0x051C,
    0x04BA, 0x0458, 0x0478, 0x04DB, 0x0499, 0x0479, 0x0457, 0x0416, 0x0437, 0x04BA, 0x12A6, 0x1AE7,
    0x1B48, 0x2C8B, 0x246A, 0x2C6B, 0x2CCC, 0x2C8B, 0x1B68, 0x23A9, 0x23A9, 0x1B28, 0x1B48, 0x1AE7,
    0x1B27, 0x240A, 0x2CAB, 0x240A, 0x23E9, 0x23C9, 0x246A, 0x2CAC, 0x6568, 0x5CE8, 0x6527, 0x64E7,
    0x5CE7, 0x5CC7, 0x4C05, 0x5C66, 0x6D47, 0x7567, 0x6526, 0x6D27, 0x64E6, 0x5C86, 0x5C85, 0x5C66,
    0x5C66, 0xEAD5, 0xE2D5, 0xF316, 0xE2D5, 0xDAB4, 0xD293, 0xDAB4, 0xE2D5, 0xE2D5, 0xE2D4, 0xF2F6,
    0xE2D5, 0xDAB4, 0xDAB4, 0xE2D4, 0xE2D5, 0xFB79, 0xFBBB, 0xEAF5, 0xCA93, 0xFBDC, 0xFB9A, 0xDAB4,
    0xD293, 0xFB59, 0xFB9B, 0xF317, 0xEAD5, 0xEAF5, 0xDAB4, 0xFB59, 0xD293, 0xE2D5, 0xEAD5, 0xCA93,
    0xEB17, 0x7567, 0x7E28, 0x75A7, 0x6D67, 0x7587, 0x75A7, 0x7DC8, 0x75A7, 0x75A8, 0x6DA7, 0x75A8,
    0x8649, 0x7E49, 0x7E49, 0x2D4D, 0x350D, 0x2CEC, 0x2C6B, 0x242A, 0x352D, 0x358D, 0x34EC, 0x2D2C,
    0x3E50, 0x2D0C, 0x350C, 0x360F, 0x3DEF, 0x4752, 0x3E70, 0x0499, 0x04DB, 0x051C, 0x055D, 0x051C,
    0x04FB, 0x049A, 0x0437, 0x03F6, 0x0438, 0x0416, 0x0416, 0x0458, 0x0458, 0x0458, 0x0499, 0x04FB,
    0x04BA, 0x0479, 0x049A, 0x0458, 0x0CDB, 0x2388, 0x1AA7, 0x1AC6, 0x23EA, 0x2C8B, 0x2C4B, 0x23C9,
    0x34EC, 0x2C8B, 0x23C9, 0x23A9, 0x23C9, 0x1B07, 0x1B08, 0x1B28, 0x2C0A, 0x2C8B, 0x2CCC, 0x244A,
    0x23EA, 0x1B48, 0x2C4B, 0x5CE7, 0x5487, 0x4C46, 0x5467, 0x43C5, 0x4BC6, 0x4BC5, 0x4BC5, 0x5445,
    0x7E08, 0x7E08, 0x7DC8, 0x6D47, 0x7588, 0x7567, 0x7568, 0x64E6, 0x5C66, 0xDAB4, 0xDAB4, 0xEAF5,
    0xE2D5, 0xD293, 0xC272, 0xCA93, 0xE2D5, 0xDAB4, 0xE2D5, 0xE2D4, 0xEAD5, 0xF316, 0xFB37, 0xF2F6,
    0xEAF6, 0xFB58, 0xDAD5, 0xF337, 0xD2B4, 0xFBBC, 0xFBBB, 0xEAD5, 0xEAD5, 0xFB58, 0xFB59, 0xF2F6,
    0xD2B4, 0xEAD5, 0xD293, 0xFB17, 0xF2F6, 0xD293, 0xF2F6, 0xCA93, 0xEB17, 0x6D67, 0x970A, 0x8EA9,
    0x970A, 0x75A7, 0x75A8, 0x75C7, 0x7DC8, 0x75C8, 0x7DC8, 0x75A8, 0x7E28, 0x7E29, 0x7608, 0x7609,
    0x2CEC, 0x2CEC, 0x246B, 0x2C6B, 0x358D, 0x35EF, 0x2D4D, 0x358E, 0x362F, 0x3E0F, 0x35AE, 0x35CE,
    0x246A, 0x3E90, 0x35EE, 0x2D0D, 0x0457, 0x0499, 0x04BA, 0x04BA, 0x04DA, 0x0499, 0x0417, 0x0437,
    0x03D5, 0x03B4, 0x0394, 0x03F6, 0x03B4, 0x03F5, 0x03F6, 0x0416, 0x0437, 0x04BA, 0x0499, 0x04FB,
    0x05DF, 0x23C9, 0x1AC6, 0x1AE7, 0x242A, 0x2C8B, 0x2D0C, 0x242A, 0x242A, 0x2C8B, 0x2409, 0x242A,
    0x2409, 0x1B28, 0x1AC6, 0x23C9, 0x240A, 0x2C6B, 0x248B, 0x2C6B, 0x240A, 0x23C9, 0x5D07, 0x5CE8,
    0x54C7, 0x5467, 0x4C06, 0x4BC6, 0x43A5, 0x4BC5, 0x4BA5, 0x5C86, 0x8668, 0x7E08, 0x7587, 0x75A8,
    0x75C7, 0x7E28, 0x75C7, 0x7587, 0x64C6, 0xEAD5, 0xEAF5, 0xE2D5, 0xDAB3, 0xD2B3, 0xCA72, 0xD293,
    0xDAB4, 0xF316, 0xF2F6, 0xF2F6, 0xF2F6, 0xFB38, 0xFB38, 0xFB37, 0xF2F6, 0xFB58, 0xFB58, 0xFBBB,
    0xCA72, 0xFB9A, 0xFB7A, 0xF2F6, 0xD293, 0xEAF6, 0xDAB4, 0xD293, 0xF2F6, 0xEAF6, 0xCA72, 0xFB37,
    0xF2F6, 0xD293, 0xEAD5, 0xD2B4, 0xFB38, 0x8669, 0x8EE9, 0x75A8, 0x75E7, 0x7587, 0x75C7, 0x75A7,
    0x75A7, 0x75C8, 0x75A7, 0x75A8, 0x7E29, 0x7608, 0x7E29, 0x7609, 0x2CEC, 0x2D0C, 0x34EC, 0x2CCC,
    0x3E50, 0x3E90, 0x3DEF, 0x35CE, 0x3E2F, 0x35EE, 0x3E0F, 0x3E0F, 0x2CAC, 0x35EE, 0x46B1, 0x2D2D,
    0x0417, 0x0437, 0x0458, 0x0479, 0x049A, 0x0458, 0x03F6, 0x0416, 0x03F6, 0x0394, 0x03D5, 0x0437,
    0x03B4, 0x0373, 0x0394, 0x0332, 0x03B5, 0x0499, 0x0458, 0x04DA, 0x2C6B, 0x23E9, 0x23A9, 0x23A9,
    0x2C4A, 0x242A, 0x350C, 0x244A, 0x23C9, 0x244A, 0x2CAC, 0x2CCC, 0x240A, 0x1B88, 0x2348, 0x23C9,
    0x23C9, 0x244A, 0x2C8B, 0x244A, 0x2CEC, 0x242A, 0x6D68, 0x6548, 0x6DA9, 0x6588, 0x6D68, 0x6548,
    0x5CA7, 0x5466, 0x5406, 0x5446, 0x7588, 0x75A7, 0x75A8, 0x7587, 0x7588, 0x7DE8, 0x7DC8, 0x6D27,
    0x6D07, 0xF316, 0xFB38, 0xE2D5, 0xD293, 0xCA72, 0xE2D5, 0xE2D5, 0xFB17, 0xFB38, 0xFB59, 0xFB17,
    0xF2F6, 0xEAF5, 0xEAF6, 0xEAD5, 0xEAF6, 0xFB17, 0xFB79, 0xFB59, 0xD293, 0xFB7A, 0xFB59, 0xE2D5,
    0xE2D5, 0xFB17, 0xEAD5, 0xD293, 0xF317, 0xD2B3, 0xCA93, 0xFB59, 0xEAF6, 0xE2B4, 0xEAF6, 0xD293,
    0xFBBC, 0x8EE9, 0x970A, 0x64C6, 0x6D47, 0x75A7, 0x7DC8, 0x7587, 0x75A8, 0x7587, 0x75A8, 0x6D88,
    0x7E08, 0x7E29, 0x7608, 0x7609, 0x2CCB, 0x354D, 0x2D0C, 0x2CEC, 0x3E90, 0x3E70, 0x358D, 0x354D,
    0x2D4D, 0x35CE, 0x35CE, 0x35AE, 0x2D4D, 0x358E, 0x3E70, 0x2D2D, 0x2CEC, 0x0479, 0x0416, 0x0437,
    0x0499, 0x0458, 0x03D5, 0x03D5, 0x03D5, 0x03D5, 0x03D5, 0x0458, 0x03D5, 0x0394, 0x0393, 0x0393,
    0x03B4, 0x0437, 0x03F5, 0x0479, 0x1B68, 0x23C9, 0x23E9, 0x2C6B, 0x2409, 0x240A, 0x23E9, 0x23A9,
    0x1B68, 0x240A, 0x248B, 0x2C8B, 0x242A, 0x23EA, 0x1BA8, 0x23C9, 0x23A9, 0x240A, 0x23E9, 0x240A,
    0x2C8B, 0x6528, 0x5D48, 0x6589, 0x766A, 0x86CA, 0x7E69, 0x8689, 0x7629, 0x75A8, 0x5CA6, 0x5446,
    0x5CC6, 0x6D47, 0x5C86, 0x5C86, 0x5CA6, 0x7588, 0x75A7, 0x64C6, 0x5CA6, 0xF2F6, 0xEAD5, 0xE2D4,
    0xDAB4, 0xCA72, 0xD293, 0xE2D5, 0xFB37, 0xFB38, 0xFB16, 0xEAD5, 0xDAB4, 0xEAF6, 0xE2D5, 0xE2D5,
    0xF2F6, 0xFB59, 0xFB59, 0xCA93, 0xCA93, 0xFBBC, 0xFB59, 0xDAB4, 0xFB38, 0xFB59, 0xCA72, 0xEAD5,
    0xFB17, 0xFB38, 0xD293, 0xFB59, 0xFB59, 0xFB17, 0xEAF5, 0xDAB4, 0xFB59, 0x8669, 0x8648, 0x6D47,
    0x7587, 0x7DE8, 0x75A7, 0x7DC8, 0x75A7, 0x75A8, 0x75A7, 0x75A8, 0x7E29, 0x7E08, 0x7E29, 0x7609,
    0x350C, 0x354D, 0x3DCE, 0x354D, 0x3E0F, 0x3ED1, 0x3DEF, 0x356D, 0x35AE, 0x3E2F, 0x3DEF, 0x3E2F,
    0x46F1, 0x3E2F, 0x3E50, 0x35AE, 0x358E, 0x03B5, 0x03D5, 0x03B5, 0x0479, 0x0479, 0x0458, 0x0416,
    0x03F6, 0x03F6, 0x03D5, 0x03B4, 0x03B4, 0x0394, 0x03D5, 0x03D5, 0x03F6, 0x03F6, 0x03D5, 0x03F6,
    0x2389, 0x2388, 0x23A9, 0x2CAB, 0x2BEA, 0x23E9, 0x23C9, 0x23C9, 0x2389, 0x23E9, 0x2C0A, 0x244A,
    0x23EA, 0x23C9, 0x2389, 0x23A9, 0x2CAB, 0x23C9, 0x1B28, 0x1B88, 0x6D68, 0x6528, 0x6548, 0x6DC9,
    0x7E8A, 0x7E6A, 0x7609, 0x75E8, 0x75A9, 0x5C86, 0x5C66, 0x5446, 0x5C86, 0x5C86, 0x5C46, 0x5C45,
    0x64C7, 0x6D07, 0x6D47, 0x64E6, 0x6D07, 0xD293, 0xD293, 0xDAB3, 0xEAD5, 0xD293, 0xCA72, 0xDAB4,
    0xFB37, 0xFB37, 0xEAD5, 0xCA72, 0xDAB4, 0xFB17, 0xEAF5, 0xE2D5, 0xFB38, 0xFB9A, 0xFBDC, 0xFB58,
    0xD293, 0xFB37, 0xFB38, 0xD293, 0xFB17, 0xFB59, 0xFB17, 0xFB7A, 0xFB38, 0xFB9A, 0xEAF6, 0xF317,
    0xF2F6, 0xEAD5, 0xF2F6, 0xEAD6, 0xEAF6, 0x75A7, 0x7DC8, 0x75C7, 0x7DE8, 0x7DC8, 0x7DE8, 0x7DE8,
    0x7E08, 0x7DE8, 0x7DE8, 0x75C8, 0x7608, 0x7E09, 0x7609, 0x7629, 0x2D4D, 0x35CE, 0x35AE, 0x2CCC,
    0x2D2C, 0x3E90, 0x360F, 0x3E2F, 0x35AD, 0x3E0F, 0x35EE, 0x46F1, 0x3ED0, 0x356D, 0x2D6D, 0x35CE,
    0x35EE, 0x03D5, 0x03B4, 0x03D5, 0x0416, 0x0479, 0x04DB, 0x0437, 0x03B4, 0x03D5, 0x0393, 0x0373,
    0x0373, 0x03B4, 0x03B4, 0x03D5, 0x0393, 0x03D5, 0x0416, 0x2368, 0x1BA9, 0x1B28, 0x1B68, 0x2CCC,
    0x23E9, 0x2389, 0x1B68, 0x23C9, 0x1BC9, 0x23C9, 0x23A9, 0x2C8B, 0x23E9, 0x23A9, 0x1B68, 0x23A9,
    0x242A, 0x244A, 0x1BA8, 0x6507, 0x5CC6, 0x6548, 0x6568, 0x7629, 0x7629, 0x6DE9, 0x6568, 0x6548,
    0x5CE7, 0x4C06, 0x4BE5, 0x6D27, 0x6D47, 0x5C66, 0x5425, 0x5C86, 0x64E6, 0x6D07, 0x64E6, 0x64E6,
    0x6D26, 0xD293, 0xD293, 0xDAB4, 0xDAB4, 0xD293, 0xCA72, 0xD293, 0xDAB4, 0xEAD5, 0xDAB4, 0xD293,
    0xDAB4, 0xF2F6, 0xDAB4, 0xEAF6, 0xFB37, 0xFB9A, 0xFB9B, 0xFB9B, 0xCAB4, 0xF338, 0xFB17, 0xFB17,
    0xFB16, 0xEAF6, 0xE2F6, 0xF358, 0xFB59, 0xFB7A, 0xE2F6, 0xF317, 0xCAB4, 0xEB17, 0xFB59, 0xF358,
    0xFB38, 0x7DE8, 0x7DC7, 0x7DE8, 0x75C7, 0x7DC8, 0x75C7, 0x7DE8, 0x7DE7, 0x7DE8, 0x75E8, 0x75C8,
    0x7E29, 0x7E28, 0x7E49, 0x7629, 0x7629, 0x35EE, 0x35AE, 0x2D0C, 0x354D, 0x3EB0, 0x3E90, 0x3E90,
    0x350D, 0x360F, 0x3E70, 0x4711, 0x3E50, 0x2CCC, 0x356E, 0x358D, 0x35AE, 0x35AE, 0x0478, 0x0479,
    0x0417, 0x0478, 0x04FB, 0x0437, 0x03F6, 0x03D5, 0x0394, 0x0373, 0x0394, 0x0373, 0x03B4, 0x03B4,
    0x0394, 0x03B4, 0x0416, 0x23A9, 0x23C9, 0x1AE7, 0x2368, 0x2C6B, 0x23EA, 0x2388, 0x23C9, 0x1B68,
    0x240A, 0x23A9, 0x23A9, 0x2C4A, 0x23EA, 0x23C9, 0x2389, 0x23C9, 0x23EA, 0x2CAB, 0x5CA7, 0x5426,
    0x5406, 0x5CA7, 0x6548, 0x6D88, 0x6D68, 0x6DA8, 0x6DA9, 0x6527, 0x5CC7, 0x5466, 0x6507, 0x8669,
    0x8689, 0x6D47, 0x5C86, 0x64C6, 0x6D27, 0x7587, 0x7DE8, 0x7587, 0x6D47, 0xE2B4, 0xEAD5, 0xDAB4,
    0xD293, 0xCA72, 0xCA93, 0xCA72, 0xCA93, 0xD293, 0xE2B4, 0xE2B4, 0xEAD5, 0xF2F6, 0xEAD5, 0xFB17,
    0xFB38, 0xFB7A, 0xFBBC, 0xCAB4, 0xD2D5, 0xFBDD, 0xFB7A, 0xEAD6, 0xFB38, 0xEAD5, 0xE2D5, 0xFB17,
    0xFB7A, 0xFB59, 0xEB17, 0xFB17, 0xDAB4, 0xD2D5, 0xFB7A, 0xFAF7, 0xFB59, 0x75C7, 0x7DE8, 0x7DE8,
    0x7DE8, 0x75C7, 0x7DC8, 0x7DE8, 0x7E08, 0x7E28, 0x8628, 0x75C8, 0x7E28, 0x7E29, 0x7628, 0x7629,
    0x7629, 0x3DEF, 0x3E4F, 0x354D, 0x35CE, 0x46F1, 0x3EB0, 0x3E70, 0x2D0C, 0x3E70, 0x360F, 0x3E70,
    0x358D, 0x2C6B, 0x2CEC, 0x356D, 0x356D, 0x356D, 0x0417, 0x0479, 0x0416, 0x0458, 0x0499, 0x0416,
    0x03D5, 0x0373, 0x0311, 0x0373, 0x0373, 0x0373, 0x0352, 0x0352, 0x0394, 0x03F6, 0x0437, 0x2C6B,
    0x246A, 0x2368, 0x23E9, 0x2C6B, 0x23C9, 0x23C9, 0x1B88, 0x23E9, 0x23C9, 0x23A9, 0x1B88, 0x23E9,
    0x240A, 0x23EA, 0x1B48, 0x2389, 0x23E9, 0x2CAC, 0x5C86, 0x5446, 0x4BE5, 0x5426, 0x5486, 0x5CE7,
    0x54C7, 0x5D08, 0x6547, 0x6507, 0x5CE7, 0x6527, 0x6547, 0x7E08, 0x7E08, 0x6D27, 0x5C65, 0x64C6,
    0x6D47, 0x6D27, 0x6D47, 0x6D67, 0x6506, 0xE2D5, 0xE2B4, 0xDAB4, 0xD293, 0xD293, 0xD293, 0xD293,
    0xD293, 0xE2B4, 0xEAD5, 0xFB17, 0xEAD5, 0xFB17, 0xF2F6, 0xFB38, 0xFB38, 0xFBBB, 0xFBBC, 0xCAB4,
    0xCAB4, 0xFBFD, 0xFB58, 0xEAD5, 0xFB17, 0xFB17, 0xDA93, 0xDAB4, 0xFB9B, 0xFB9B, 0xF317, 0xF2F6,
    0xCA93, 0xD2D5, 0xFB7A, 0xFB38, 0xE2D5, 0x7DC8, 0x75C7, 0x7DE8, 0x75C7, 0x7DC8, 0x75C7, 0x7DE8,
    0x7E08, 0x8648, 0x7E28, 0x7E08, 0x7E29, 0x7E29, 0x7E29, 0x7629, 0x762A, 0x358D, 0x3E90, 0x3E2F,
    0x46D1, 0x3E90, 0x3E70, 0x35EF, 0x34EC, 0x35EE, 0x3DCE, 0x35EE, 0x3E2F, 0x2D0C, 0x2CEC, 0x2D4D,
    0x350D, 0x2CCC, 0x2CCC, 0x04FB, 0x0D1C, 0x0499, 0x0499, 0x0437, 0x03F6, 0x0373, 0x0352, 0x03B5,
    0x03F6, 0x0394, 0x0373, 0x0311, 0x0C37, 0x057E, 0x2CCC, 0x240A, 0x2CCC, 0x23C9, 0x23C9, 0x244A,
    0x2C4B, 0x1B68, 0x23A9, 0x244A, 0x240A, 0x23A9, 0x1B48, 0x1B68, 0x23A9, 0x23C9, 0x1B28, 0x1B68,
    0x2C6B, 0x6D67, 0x6D27, 0x5CC6, 0x5C87, 0x4BE6, 0x4BE6, 0x4BE6, 0x5447, 0x5487, 0x5487, 0x4C26,
    0x5426, 0x5CA6, 0x5C66, 0x4C05, 0x53C5, 0x4BA5, 0x4BA5, 0x5405, 0x64E7, 0x6507, 0x64C6, 0x5CA6,
    0x64C7, 0xDAB4, 0xDAB4, 0xD293, 0xDAB4, 0xE2B4, 0xDAB4, 0xD293, 0xEAD5, 0xE2B4, 0xF2F6, 0xF2F6,
    0xEAD5, 0xE2D5, 0xF2F6, 0xFB38, 0xFB59, 0xFB9B, 0xFBDC, 0xCA93, 0xD2B4, 0xFBBC, 0xFB37, 0xE2D5,
    0xFB38, 0xF2F6, 0xD293, 0xE2B4, 0xFB7A, 0xFBFE, 0xFB7A, 0xEB38, 0xE2F6, 0xEB17, 0xFBBC, 0xFB58,
    0xD2D5, 0x7DC8, 0x7DE8, 0x7DE8, 0x7DC8, 0x75A7, 0x7DC8, 0x75C7, 0x7E08, 0x7E08, 0x7E08, 0x7E08,
    0x7E28, 0x7E29, 0x7629, 0x7629, 0x7629, 0x356D, 0x3ED1, 0x4732, 0x3E70, 0x3E4F, 0x362F, 0x3E2F,
    0x35CE, 0x3E70, 0x362F, 0x358E, 0x35CE, 0x46F1, 0x2CEC, 0x2CCC, 0x2CAB, 0x2CEC, 0x2CCC, 0x051C,
    0x04FB, 0x04BA, 0x0458, 0x0479, 0x0458, 0x0417, 0x03F6, 0x0437, 0x0458, 0x03F6, 0x03B5, 0x03D5,
    0x0499, 0x057E, 0x244A, 0x23C9, 0x248B, 0x23E9, 0x23C9, 0x2C8B, 0x2CAB, 0x23C9, 0x2C8B, 0x2C8B,
    0x1BA9, 0x240A, 0x1B68, 0x23E9, 0x23E9, 0x23A9, 0x1B88, 0x240A, 0x6D67, 0x64E7, 0x5CC6, 0x5CA7,
    0x5486, 0x5487, 0x5446, 0x5446, 0x43C5, 0x4C26, 0x4C46, 0x4C06, 0x43C5, 0x5466, 0x4C05, 0x5405,
    0x43A4, 0x4BA5, 0x4BA4, 0x5405, 0x5445, 0x64C6, 0x64C6, 0x64C6, 0x64C6, 0xDAB4, 0xDAB4, 0xDAB4,
    0xCA72, 0xD293, 0xD293, 0xDAB4, 0xE2D5, 0xD293, 0xDAB4, 0xEAF5, 0xDAB4, 0xE2D4, 0xF2F6, 0xFB17,
    0xF2F6, 0xFB7A, 0xFB9B, 0xCA72, 0xDA94, 0xFB7A, 0xE2D5, 0xD293, 0xF2F6, 0xE2B4, 0xBA51, 0xDA94,
    0xFB38, 0xFBFD, 0xF359, 0xE317, 0xDAD5, 0xFB17, 0xFBBC, 0xF338, 0xCAB4, 0x7DE8, 0x7DE7, 0x7DC8,
    0x7587, 0x75A7, 0x75A7, 0x7DC8, 0x7DE7, 0x7E28, 0x7DE8, 0x7DE8, 0x7E49, 0x7E29, 0x7E49, 0x7629,
    0x7629, 0x35EE, 0x4752, 0x3ED1, 0x3E70, 0x35CE, 0x35AE, 0x3E2F, 0x3E70, 0x3E4F, 0x3E50, 0x356D,
    0x2C6B, 0x35EE, 0x354D, 0x2C8B, 0x2CEC, 0x35AE, 0x358E, 0x356D, 0x04DB, 0x0499, 0x0438, 0x049A,
    0x04BA, 0x0458, 0x0478, 0x03F6, 0x0438, 0x0437, 0x0479, 0x04BA, 0x04BA, 0x04DB, 0x2C2A, 0x23A9,
    0x2C6B, 0x23A9, 0x23EA, 0x2CAB, 0x350C, 0x242A, 0x2CAB, 0x2C6B, 0x23E9, 0x246A, 0x2C0A, 0x244A,
    0x2C6B, 0x23E9, 0x23C9, 0x8628, 0x8669, 0x6D87, 0x6D47, 0x5C86, 0x5CA7, 0x6D68, 0x6DA8, 0x6527,
    0x5CA7, 0x54A7, 0x5CE7, 0x5CC7, 0x5426, 0x5426, 0x5406, 0x4BE5, 0x5405, 0x4BA4, 0x4BA5, 0x5C46,
    0x5C66, 0x5C66, 0x64C7, 0x64E6, 0x6CE7, 0xE2B4, 0xDAB4, 0xE2D5, 0xD293, 0xCA72, 0xD293, 0xE2B4,
    0xDAB4, 0xC272, 0xDAB4, 0xF2F6, 0xF2F6, 0xEAD5, 0xFB17, 0xFB17, 0xFB17, 0xFBBC, 0xFB79, 0xC272,
    0xFB37, 0xFB59, 0xD293, 0xC252, 0xE2D5, 0xD293, 0xC272, 0xFAF7, 0xFB7A, 0xFB7A, 0xEAF6, 0xDAB4,
    0xE2F6, 0xFB59, 0xFBFD, 0xCA94, 0xDAD5, 0x7DE8, 0x8608, 0x75A7, 0x972A, 0x9709, 0x8628, 0x7DE8,
    0x8608, 0x8648, 0x8628, 0x75E8, 0x7E28, 0x7E29, 0x7628, 0x7629, 0x7629, 0x762A, 0x3EF1, 0x3E90,
    0x362F, 0x35AE, 0x362F, 0x3E4F, 0x362F, 0x3E4F, 0x3E4F, 0x356D, 0x2C8B, 0x2CCC, 0x358D, 0x2D0C,
    0x2CEC, 0x350D, 0x2D4C, 0x352D, 0x04FB, 0x0458, 0x0478, 0x055E, 0x04DB, 0x0499, 0x0458, 0x0437,
    0x0479, 0x0499, 0x04FB, 0x055D, 0x053D, 0x0D5E, 0x1BA9, 0x23C9, 0x240A, 0x23C9, 0x242A, 0x23A9,
    0x2CAB, 0x2C8B, 0x242A, 0x2C4A, 0x2C8B, 0x2C2A, 0x2409, 0x2C4A, 0x1B88, 0x2C4A, 0x7E28, 0x8668,
    0x9729, 0x8689, 0x75E8, 0x6D68, 0x6D67, 0x75E9, 0x6DE8, 0x6548, 0x6548, 0x6548, 0x6588, 0x6D88,
    0x5CA6, 0x5C66, 0x43C5, 0x4BA5, 0x4BA4, 0x4BA5, 0x5405, 0x64A6, 0x5C65, 0x64A6, 0x5CA6, 0x64C6,
    0x64E6, 0xE2B4, 0xDA93, 0xE2D5, 0xDAB4, 0xDAB4, 0xDAB4, 0xE2D5, 0xD293, 0xCA93, 0xE2B4, 0xF2F6,
    0xFB17, 0xFB17, 0xFB16, 0xFB38, 0xFB59, 0xFBDD, 0xFB38, 0xCA72, 0xFB38, 0xFB17, 0xEAD5, 0xF2F6,
    0xEAD5, 0xCA72, 0xCA72, 0xFB38, 0xFB7A, 0xFB38, 0xDAB4, 0xEAF6, 0xEAF6, 0xFBBC, 0xFBFE, 0xCAB4,
    0xFB59, 0x7E08, 0x7E07, 0x7DE8, 0x8668, 0x972A, 0x7E07, 0x7DE8, 0x7E08, 0x8628, 0x7E28, 0x7E08,
    0x7E09, 0x7608, 0x7E29, 0x7609, 0x7629, 0x7629, 0x46B1, 0x35AE, 0x3DCF, 0x3E2F, 0x3E50, 0x360F,
    0x3E0F, 0x3E70, 0x3E90, 0x3E90, 0x3E70, 0x3E70, 0x354D, 0x356D, 0x3DCE, 0x354D, 0x34EC, 0x2CCC,
    0x34EC, 0x0458, 0x0479, 0x04FB, 0x0CDB, 0x0458, 0x0478, 0x04DA, 0x0D3D, 0x04FB, 0x0D1C, 0x053D,
    0x0DBF, 0x05FF, 0x2348, 0x2409, 0x2C6B, 0x244A, 0x23C9, 0x1B48, 0x2C8B, 0x2CEC, 0x2CAB, 0x242A,
    0x352D, 0x2C6A, 0x34EC, 0x242A, 0x2BEA, 0x8EC9, 0x8648, 0x7E28, 0x970A, 0x8689, 0x7E08, 0x6DA8,
    0x7588, 0x75C8, 0x75E9, 0x6528, 0x6D89, 0x6D88, 0x6D68, 0x6D88, 0x6D48, 0x64E7, 0x5446, 0x4BA5,
    0x53E5, 0x53E5, 0x5C46, 0x5C86, 0x64C7, 0x6D27, 0x7547, 0x6D47, 0x6D27, 0xDA94, 0xDAB4, 0xD293,
    0xDAB4, 0xDAB4, 0xE2D5, 0xD293, 0xDAB4, 0xDAB4, 0xFB17, 0xF2F6, 0xFB17, 0xF2F6, 0xF2F6, 0xFB17,
    0xFB59, 0xFBBC, 0xFBFD, 0xCA73, 0xFB17, 0xD293, 0xFB17, 0xFB17, 0xE2B5, 0xC251, 0xDAB4, 0xFB39,
    0xFB9B, 0xF317, 0xDAB4, 0xE2D5, 0xF317, 0xFBDD, 0xFBFE, 0xCAB4, 0xFB38, 0x7DE8, 0x8608, 0x7DE8,
    0x7DE8, 0x7DC7, 0x7DC8, 0x75A7, 0x8608, 0x7E08, 0x7E08, 0x7DE8, 0x75E8, 0x7E09, 0x7608, 0x7609,
    0x6DE9, 0x7609, 0x3E4F, 0x35CE, 0x35AD, 0x3E2F, 0x35CE, 0x356D, 0x358D, 0x3E2F, 0x3ED1, 0x4711,
    0x3EF1, 0x4752, 0x2D0C, 0x356D, 0x35EE, 0x356D, 0x2D0C, 0x35CE, 0x358D, 0x0478, 0x0458, 0x0479,
    0x0478, 0x0437, 0x0458, 0x04DA, 0x04DB, 0x051C, 0x055D, 0x055E, 0x053D, 0x2388, 0x1B88, 0x2C4A,
    0x23E9, 0x2C8B, 0x23A9, 0x2368, 0x244A, 0x2CEC, 0x2CCB, 0x2CAB, 0x358D, 0x2C4A, 0x246A, 0x240A,
    0x7E08, 0x8668, 0x75C7, 0x7E08, 0x8668, 0x75C8, 0x6DA7, 0x75A8, 0x6D87, 0x75E9, 0x6DC8, 0x6D88,
    0x6DE9, 0x7609, 0x6D88, 0x6D88, 0x6547, 0x6527, 0x5CC6, 0x5C86, 0x5CC6, 0x5C86, 0x5445, 0x5C66,
    0x5C65, 0x64A6, 0x64E6, 0x7567, 0x6D67, 0xE2D5, 0xDA94, 0xD293, 0xD293, 0xDAB4, 0xDAB4, 0xDAB4,
    0xD293, 0xEAF6, 0xF2F6, 0xF2F6, 0xEAF6, 0xEAD5, 0xE2D5, 0xEAD5, 0xEAD5, 0xFB59, 0xFBBC, 0xCA72,
    0xCA72, 0xE2D5, 0xEAF6, 0xF2F6, 0xE2D5, 0xCA73, 0xDAB4, 0xFB59, 0xFB17, 0xDAB4, 0xE2B5, 0xE2D5,
    0xEAF6, 0xFB9B, 0xFB17, 0xE2D5, 0xE2B4, 0x7DE8, 0x7E08, 0x8628, 0x7DE7, 0x7DE8, 0x7E08, 0x7E08,
    0x7E07, 0x8628, 0x7E08, 0x7DE8, 0x7DE8, 0x75E8, 0x7609, 0x7609, 0x75E9, 0x6DC8, 0x3E2F, 0x356D,
    0x356D, 0x35CE, 0x3DCE, 0x35CE, 0x35CE, 0x358D, 0x3DEF, 0x3E4F, 0x3E70, 0x3E70, 0x34EC, 0x2D2D,
    0x35AE, 0x2CEC, 0x354D, 0x3E2F, 0x356D, 0x244A, 0x0CBA, 0x0479, 0x04BA, 0x0499, 0x0C99, 0x0479,
    0x04DB, 0x051C, 0x0CFC, 0x055D, 0x0DFF, 0x244A, 0x2CCC, 0x240A, 0x23A9, 0x244A, 0x2389, 0x240A,
    0x2C6B, 0x2CCB, 0x2CAB, 0x2D0C, 0x356D, 0x2409, 0x23EA, 0x240A, 0x7E08, 0x75A7, 0x7567, 0x7DC8,
    0x7E08, 0x75C8, 0x75A8, 0x75E8, 0x7E29, 0x7E49, 0x7E29, 0x7609, 0x7629, 0x7629, 0x7629, 0x75E9,
    0x75E9, 0x75C8, 0x75A8, 0x6D87, 0x75A8, 0x6506, 0x64C6, 0x64C6, 0x5C66, 0x5C45, 0x6486, 0x64E6,
    0x7587, 0xE2B4, 0xDAB4, 0xCA73, 0xD293, 0xDAB4, 0xEAD5, 0xE2B4, 0xDAB4, 0xEAD5, 0xEAF6, 0xEAD5,
    0xE2B5, 0xDAB4, 0xE2D5, 0xE2B5, 0xEAD5, 0xFB17, 0xFB59, 0xBA51, 0xC252, 0xDAB4, 0xF2F6, 0xDAB4,
    0xC272, 0xBA51, 0xC272, 0xF2F6, 0xFB17, 0xDA94, 0xEAD5, 0xDAB4, 0xFB59, 0xFB9B, 0xE2B5, 0xFB17,
    0xE2B5, 0x8628, 0x8669, 0x8648, 0x8648, 0x7E08, 0x8628, 0x7E08, 0x8608, 0x7E28, 0x8649, 0x7E08,
    0x75E8, 0x75E8, 0x6DC8, 0x75E9, 0x6DC8, 0x75C9, 0x35AD, 0x358E, 0x354D, 0x358E, 0x2D6D, 0x35CE,
    0x356D, 0x358E, 0x35AD, 0x35AE, 0x362F, 0x3E0F, 0x2CAB, 0x2CEC, 0x2D4D, 0x350C, 0x2D2C, 0x3E70,
    0x2D2C, 0x2CCC, 0x0499, 0x04BA, 0x055D, 0x0D1C, 0x04B9, 0x0499, 0x04BA, 0x0CFB, 0x0478, 0x051C,
    0x05FF, 0x2C8B, 0x2D0C, 0x23A9, 0x1B48, 0x23E9, 0x1BA9, 0x23C9, 0x2C8B, 0x2CEC, 0x2D0C, 0x2C4A,
    0x2D0C, 0x2C2A, 0x2409, 0x7587, 0x75A7, 0x6D47, 0x6D46, 0x7DC8, 0x7E28, 0x8669, 0x7608, 0x7E29,
    0x7E69, 0x8689, 0x7E69, 0x7E4A, 0x7609, 0x7609, 0x6DE8, 0x7609, 0x7E49, 0x8689, 0x7E28, 0x7E08,
    0x7587, 0x6D27, 0x6506, 0x6D47, 0x64E6, 0x64E7, 0x5CC6, 0x6507, 0x6D27, 0xDAB4, 0xD293, 0xCA72,
    0xD293, 0xDAB4, 0xE2D5, 0xE2D5, 0xD293, 0xDAB4, 0xE2D5, 0xE2D5, 0xD293, 0xD293, 0xDA93, 0xE2D5,
    0xE2B4, 0xFB17, 0xDAB4, 0xB230, 0xBA51, 0xF316, 0xFB17, 0xF2F6, 0xBA31, 0xC272, 0xD293, 0xEAD5,
    0xD293, 0xD293, 0xB230, 0xB230, 0xEAD6, 0xFB38, 0xD293, 0xF2F6, 0xDA94, 0x8EA9, 0x8668, 0x8648,
    0x8648, 0x8628, 0x7E08, 0x7E08, 0x7E08, 0x8648, 0x7E28, 0x7E08, 0x7E09, 0x7608, 0x75E9, 0x6DA8,
    0x75A9, 0x6DE9, 0x75E9, 0x358D, 0x3DAE, 0x358E, 0x352D, 0x35AE, 0x3DCF, 0x35EE, 0x3DCE, 0x35CE,
    0x3E90, 0x358D, 0x350C, 0x2D2C, 0x34EC, 0x2C8B, 0x350C, 0x3E4F, 0x358E, 0x352D, 0x2CEC, 0x04BA,
    0x0D5D, 0x053D, 0x0D1C, 0x04DA, 0x0CBA, 0x04DA, 0x0C79, 0x0499, 0x0D3D, 0x2C6B, 0x2C4A, 0x1B88,
    0x23C9, 0x2C6A, 0x2C6B, 0x242A, 0x2C6B, 0x2C6A, 0x2C6B, 0x244A, 0x34EC, 0x2409, 0x6D07, 0x6D26,
    0x6D27, 0x6D07, 0x7567, 0x7E08, 0x8669, 0x8648, 0x8649, 0x7E49, 0x8669, 0x7E69, 0x7E8A, 0x7E69,
    0x7E6A, 0x7649, 0x7629, 0x75E8, 0x7E29, 0x8689, 0x8669, 0x75C8, 0x7588, 0x6D27, 0x6D47, 0x6D27,
    0x6D27, 0x6D27, 0x6D27, 0x6D47, 0x7567, 0xDA94, 0xDAB4, 0xC272, 0xD293, 0xCA72, 0xDAB4, 0xDA93,
    0xD293, 0xCA72, 0xDAB4, 0xDAB4, 0xDAB4, 0xCA73, 0xDAB4, 0xD293, 0xEAD5, 0xFB17, 0xC272, 0xB230,
    0xB231, 0xEAD5, 0xFB38, 0xEAD5, 0xC252, 0xCA72, 0xF2F6, 0xFB59, 0xFB38, 0xEAD5, 0xC251, 0xAA10,
    0xD293, 0xDA94, 0xDA94, 0xFB38, 0xEAD6, 0x8EC9, 0x8EA9, 0x8648, 0x8669, 0x8668, 0x8648, 0x7E28,
    0x8648, 0x8668, 0x8649, 0x75E8, 0x7E28, 0x7E29, 0x6DA8, 0x6D88, 0x6DA8, 0x6DC9, 0x6DC9, 0x35AE,
    0x35EE, 0x35CE, 0x358D, 0x35CE, 0x358D, 0x35AE, 0x358D, 0x3E0F, 0x2D6D, 0x2C6B, 0x2D4D, 0x356D,
    0x2CAB, 0x2C6A, 0x358D, 0x3E0F, 0x2CEC, 0x2CEC, 0x2CCB, 0x35AE, 0x051C, 0x04FB, 0x04DB, 0x04DB,
    0x04DB, 0x04FB, 0x0478, 0x0499, 0x0478, 0x2C6B, 0x242A, 0x23C9, 0x242A, 0x242A, 0x242A, 0x2C8B,
    0x248B, 0x2C4A, 0x23C9, 0x2C4A, 0x248B, 0x6D47, 0x7587, 0x7587, 0x6D46, 0x7567, 0x75C7, 0x8648,
    0x7E48, 0x7DE8, 0x75E8, 0x7E09, 0x7608, 0x7E69, 0x7E49, 0x7629, 0x7649, 0x7E6A, 0x7629, 0x75E9,
    0x75E8, 0x8669, 0x7E69, 0x7DE8, 0x75C7, 0x75A7, 0x75A7, 0x7587, 0x6506, 0x6D27, 0x6D27, 0x7587,
    0x75A7, 0xE2B4, 0xCA73, 0xCA72, 0xCA72, 0xCA72, 0xC272, 0xC272, 0xBA51, 0xCA72, 0xD293, 0xD293,
    0xCA72, 0xCA73, 0xCA72, 0xD293, 0xE2D5, 0xFB17, 0xDA94, 0xEAD5, 0xD293, 0xE2D5, 0xF2F6, 0xD293,
    0xBA51, 0xCA72, 0xFB38, 0xFB9B, 0xFB38, 0xFB38, 0xEAD5, 0xCA72, 0xDA93, 0xCA73, 0xF2F6, 0xFBBC,
    0xEAF6, 0x8EA9, 0x8EA8, 0x8EA9, 0x8668, 0x8648, 0x8648, 0x8668, 0x8668, 0x8688, 0x7E08, 0x7DC8,
    0x86A9, 0x7E69, 0x7E29, 0x75C8, 0x75C9, 0x6DC8, 0x6DC9, 0x35CE, 0x3DEE, 0x354D, 0x3DCE, 0x35CE,
    0x35AE, 0x35AD, 0x3DEF, 0x3E2F, 0x2CCC, 0x2C8B, 0x354D, 0x358D, 0x352D, 0x2D2C, 0x46D1, 0x35EE,
    0x2CCC, 0x2D0C, 0x356D, 0x3E6F, 0x0CDB, 0x0499, 0x0C99, 0x049A, 0x0CFC, 0x051C, 0x0C9A, 0x0478,
    0x0437, 0x244A, 0x2C4A, 0x23E9, 0x240A, 0x23A8, 0x23A9, 0x2C4A, 0x350C, 0x244A, 0x23E9, 0x2409,
    0x75A7, 0x7DE7, 0x8608, 0x7DC8, 0x8608, 0x7E08, 0x8608, 0x8628, 0x8648, 0x75C8, 0x7DE8, 0x75E8,
    0x7E29, 0x7E49, 0x7E49, 0x7609, 0x7629, 0x7649, 0x7E49, 0x7E29, 0x7E29, 0x7E69, 0x8669, 0x7E28,
    0x8649, 0x7E28, 0x8628, 0x75C7, 0x7587, 0x7567, 0x75A8, 0x7DC8, 0x8628, 0xEAD5, 0xDAB4, 0xD293,
    0xD294, 0xCA73, 0xCA72, 0xB230, 0xAA10, 0xC251, 0xD293, 0xC272, 0xC252, 0xC252, 0xC272, 0xCA73,
    0xDAB4, 0xE2B4, 0xD293, 0xFB38, 0xE2B4, 0xEAD5, 0xE2D5, 0xCA72, 0xD293, 0xE2B4, 0xFB7A, 0xFB38,
    0xFB38, 0xF317, 0xD293, 0xE2B4, 0xFB17, 0xC251, 0xEAD5, 0xFB7A, 0xFB38, 0x8668, 0x8E89, 0x8E89,
    0x8EC9, 0x8688, 0x8EA9, 0x8668, 0x8E89, 0x8648, 0x7E08, 0x75A8, 0x8689, 0x8689, 0x7E48, 0x75E8,
    0x6DC8, 0x75C9, 0x6DE9, 0x7629, 0x358D, 0x352D, 0x2D4C, 0x35AE, 0x35EE, 0x358E, 0x2D4D, 0x3E4F,
    0x2D2C, 0x2CAB, 0x2D0C, 0x356D, 0x2CEC, 0x3E4F, 0x3EB0, 0x3E0F, 0x2D4D, 0x3E4F, 0x3ED0, 0x46D1,
    0x354D, 0x0479, 0x0478, 0x0499, 0x04DA, 0x0CFC, 0x0499, 0x0499, 0x0437, 0x240A, 0x2409, 0x2C6B,
    0x246A, 0x23C9, 0x2409, 0x2C8B, 0x246B, 0x23E9, 0x2409, 0x2C4A, 0x7E08, 0x8648, 0x7E28, 0x7E08,
    0x7E28, 0x8648, 0x7E28, 0x7E08, 0x7DE8, 0x7DE8, 0x75C8, 0x7E08, 0x7628, 0x7E29, 0x7608, 0x7609,
    0x6DE9, 0x7609, 0x7629, 0x7E29, 0x7E29, 0x7E49, 0x7E48, 0x7E49, 0x8648, 0x8669, 0x7E28, 0x7DE8,
    0x7DE8, 0x7DE8, 0x75E7, 0x8648, 0x8668, 0xEAD5, 0xDAB4, 0xD293, 0xCA72, 0xCA72, 0xC272, 0xBA51,
    0xBA31, 0xD293, 0xC251, 0xBA51, 0xC251, 0xC252, 0xAA0F, 0xD293, 0xE2B4, 0xDAB4, 0xB230, 0xFB38,
    0xD293, 0xCA73, 0xE2D5, 0xD293, 0xBA51, 0xFB38, 0xFB7A, 0xFB7A, 0xFB38, 0xEAD6, 0xCA73, 0xFB38,
    0xFB38, 0xCA73, 0xB230, 0xDAB4, 0xE2B5, 0x8648, 0x8668, 0x8EC9, 0x9709, 0x8EC9, 0x8668, 0x8668,
    0x8668, 0x8E69, 0x7E28, 0x7DE8, 0x8EA9, 0x8689, 0x8689, 0x7608, 0x7E29, 0x7609, 0x7E49, 0x7649,
    0x3DAE, 0x2D2C, 0x358E, 0x360F, 0x3E2F, 0x2C8B, 0x2C4B, 0x35AE, 0x3DAE, 0x2C6B, 0x2C8B, 0x2C6B,
    0x2C6B, 0x3E4F, 0x46D1, 0x35CE, 0x3DCE, 0x3E6F, 0x46B0, 0x35AE, 0x350C, 0x0458, 0x0C78, 0x0478,
    0x0C99, 0x049A, 0x0CBA, 0x04DA, 0x2C8B, 0x23C9, 0x23EA, 0x242A, 0x2C6B, 0x23C9, 0x240A, 0x244A,
    0x2C8B, 0x2C8B, 0x2CCC, 0x7E08, 0x8E69, 0x8EA9, 0x8E89, 0x8668, 0x8649, 0x8648, 0x8E89, 0x8648,
    0x8628, 0x7E08, 0x75C8, 0x75C8, 0x7DE9, 0x75E8, 0x7609, 0x75E9, 0x75E9, 0x6DC9, 0x7E29, 0x7609,
    0x7E29, 0x7E29, 0x7DE8, 0x75C8, 0x8629, 0x8628, 0x7E08, 0x75A7, 0x7DE8, 0x7DE8, 0x7DE8, 0x7E08,
    0x8649, 0xE2B4, 0xD293, 0xCA72, 0xCA73, 0xB231, 0xB230, 0xB230, 0xC272, 0xCA72, 0xBA51, 0xB230,
    0xBA51, 0xB230, 0xB230, 0xDAB4, 0xFB58, 0xC272, 0xAA0F, 0xEAF6, 0xE2B4, 0xCA73, 0xDAB4, 0xC252,
    0xC252, 0xFB17, 0xFB38, 0xFB17, 0xFB59, 0xEAD5, 0xD293, 0xE2B4, 0xFB17, 0xF2F6, 0xB230, 0xB230,
    0xEAD5, 0x8648, 0x8648, 0x8EA9, 0x970A, 0x96E9, 0x8EC9, 0x8EA8, 0x8E89, 0x8EA9, 0x8EA9, 0x7E48,
    0x8689, 0x86A9, 0x86C9, 0x7E69, 0x7E69, 0x7E69, 0x7629, 0x7E69, 0x2D4C, 0x352C, 0x2D4D, 0x3E2F,
    0x2D0C, 0x2CCC, 0x35CE, 0x3DEF, 0x2CAB, 0x2C8B, 0x2CAB, 0x2C8B, 0x2CEC, 0x3E0F, 0x35CE, 0x35AE,
    0x2CCB, 0x2CAB, 0x2CEC, 0x2CEC, 0x24AB, 0x2CEC, 0x0437, 0x0437, 0x0437, 0x0478, 0x0479, 0x0499,
    0x244A, 0x23E9, 0x23E9, 0x23C9, 0x248B, 0x2CCB, 0x23E9, 0x2C6B, 0x246A, 0x352D, 0x75C7, 0x7DC8,
    0x7E28, 0x8E89, 0x8668, 0x8EA9, 0x7E28, 0x8668, 0x8668, 0x8648, 0x7E28, 0x7E28, 0x75E8, 0x75E8,
    0x75E8, 0x7609, 0x7608, 0x7609, 0x6DC8, 0x6DC8, 0x6DC8, 0x75E9, 0x75E8, 0x7E08, 0x75C8, 0x75C8,
    0x7E08, 0x8628, 0x7DE7, 0x7DC8, 0x7DE7, 0x7E08, 0x75C7, 0x7DE8, 0xDA94, 0xDAB4, 0xD293, 0xD293,
    0xCA72, 0xB230, 0xA1EE, 0xA1EF, 0xB230, 0xBA51, 0xA20F, 0xB230, 0xCA72, 0xC272, 0xBA31, 0xD293,
    0xEAD5, 0x91CE, 0x99CE, 0xF316, 0xEAD5, 0xDAB4, 0xDA94, 0xC272, 0xCA72, 0xFB59, 0xFB17, 0xFB17,
    0xFB38, 0xF2F6, 0xE2D5, 0xEAD5, 0xF2F6, 0xE2D5, 0xD293, 0xC272, 0x8668, 0x8648, 0x8668, 0x8E89,
    0x8668, 0x8EA9, 0x8EC9, 0x8EA9, 0x8648, 0x8E89, 0x8EA9, 0x8669, 0x8EC9, 0x8EC9, 0x8F0A, 0x8689,
    0x868A, 0x7E89, 0x7E4A, 0x7E8A, 0x86CA, 0x2D2C, 0x35AE, 0x360F, 0x352D, 0x2CAB, 0x3E2F, 0x3E0F,
    0x2CCC, 0x2D4D, 0x354D, 0x2C6A, 0x2CEC, 0x35EE, 0x34EC, 0x352C, 0x352D, 0x2C8B, 0x350C, 0x2D2C,
    0x2C2A, 0x244A, 0x0C79, 0x0458, 0x0C58, 0x0479, 0x0CFC, 0x053D, 0x23A9, 0x2C6A, 0x2C6B, 0x23C9,
    0x2C8B, 0x2D0C, 0x2C4A, 0x2CAB, 0x2C8B, 0x75A7, 0x7DE8, 0x7DE8, 0x8EA9, 0x8EC9, 0x972A, 0x96E9,
    0x8669, 0x7E28, 0x8669, 0x8668, 0x8669, 0x7E28, 0x7E29, 0x7608, 0x75E9, 0x75E8, 0x7609, 0x75E9,
    0x75E9, 0x6DC8, 0x75E9, 0x75C8, 0x75C8, 0x75C8, 0x75C8, 0x75C8, 0x7E08, 0x7E28, 0x7E08, 0x7DE8,
    0x7E08, 0x7E08, 0x7DC8, 0x75C8, 0xE2D5, 0xE2D5, 0xD293, 0xCA73, 0xCA72, 0xB230, 0xB230, 0xA1EE,
    0xAA0F, 0xA20F, 0xA20F, 0xAA10, 0xD293, 0xD293, 0xCA93, 0xDAB4, 0xEAD5, 0x91CD, 0xC272, 0xFB17,
    0xDAB4, 0xCA93, 0xEAD5, 0xDAB4, 0xF2F6, 0xFB9B, 0xFB38, 0xF2F6, 0xFB17, 0xF2F6, 0xF316, 0xFB58,
    0xFB17, 0xF2F6, 0xF2F6, 0xFB79, 0x96C9, 0x8E88, 0x8EA9, 0x8EC9, 0x8E69, 0x8668, 0x8EA9, 0x8EA9,
    0x8EA9, 0x8EA8, 0x96E9, 0x8EA9, 0x8EE9, 0x972A, 0x8F0A, 0x86CA, 0x86A9, 0x86AA, 0x7649, 0x7E8A,
    0x7E89, 0x356D, 0x360E, 0x2CCC, 0x35CE, 0x352D, 0x2D4D, 0x356D, 0x244A, 0x2CAB, 0x2C8B, 0x2C4A,
    0x35CE, 0x3E70, 0x358D, 0x2CAB, 0x360F, 0x3E2F, 0x35CE, 0x2CEC, 0x240A, 0x23C9, 0x246A, 0x0499,
    0x0478, 0x0D3D, 0x05FF, 0x0E3F, 0x1B68, 0x2C2A, 0x248A, 0x2388, 0x23E9, 0x2C2A, 0x244A, 0x2C8B,
    0x7E28, 0x7E08, 0x7E07, 0x8E89, 0x9749, 0x972A, 0x8EC9, 0x96E9, 0x8EA9, 0x8669, 0x8688, 0x8EC9,
    0x8689, 0x8649, 0x7E08, 0x75E8, 0x75C8, 0x75E9, 0x6DC8, 0x6DC9, 0x6DA8, 0x6DC9, 0x6DC8, 0x75C8,
    0x75C8, 0x75C8, 0x75C8, 0x75E8, 0x7DE8, 0x7E08, 0x75E7, 0x7DE8, 0x75C7, 0x7DE8, 0x7587, 0x75A7,
    0xDAB4, 0xE2D5, 0xDA93, 0xCA72, 0xBA51, 0xBA51, 0xBA51, 0xA20F, 0xB210, 0xBA31, 0xB230, 0xAA30,
    0xBA30, 0xC252, 0xD293, 0xEAD5, 0xD293, 0x99EE, 0xBA51, 0xCA93, 0xDAB4, 0xCA72, 0xD293, 0xDAB4,
    0xEAD5, 0xFB7A, 0xEAF6, 0xEAD5, 0xEAD5, 0xE2D5, 0xDAB4, 0xFB38, 0xFB17, 0xF2F7, 0xDAB4, 0xFB38,
    0x8EC9, 0x96E9, 0x8688, 0x8EA9, 0x8EC9, 0x8EC9, 0x8688, 0x8EC9, 0x96E9, 0x9729, 0x9729, 0x8EE9,
    0x970A, 0x8EEA, 0x8F0A, 0x8F0A, 0x8F0B, 0x86AA, 0x7EAA, 0x7EAA, 0x868A, 0x352C, 0x358E, 0x242A,
    0x350C, 0x2C4A, 0x23C9, 0x23A9, 0x2389, 0x1B48, 0x23E9, 0x2CCB, 0x3E2F, 0x3EB0, 0x35AE, 0x2CAB,
    0x2CCC, 0x356D, 0x354D, 0x2CAB, 0x2C6B, 0x2CCB, 0x354D, 0x04BA, 0x0D3D, 0x0DBF, 0x0D7E, 0x04BA,
    0x23C9, 0x23A9, 0x2C4A, 0x1B68, 0x23C9, 0x2C6B, 0x354D, 0x2CEC, 0x970A, 0x8E88, 0x8669, 0x8EC9,
    0x9F6A, 0x9709, 0x8E89, 0x8EC9, 0x970A, 0x8EC9, 0x96E9, 0x8EE9, 0x8EA9, 0x8648, 0x8649, 0x75E8,
    0x7E09, 0x75E8, 0x75E9, 0x6DA8, 0x75C9, 0x6DA8, 0x75E9, 0x75C8, 0x75E9, 0x75C8, 0x7DE8, 0x7DE8,
    0x7E08, 0x7DE8, 0x7DE8, 0x7DC7, 0x7DC8, 0x75A7, 0x7DC8, 0x75A7, 0xEAD6, 0xE2B4, 0xD293, 0xC272,
    0xC252, 0xBA51, 0xCA72, 0xB230, 0xCA72, 0xCA72, 0xD293, 0xE2D5, 0xCA72, 0xBA31, 0xC272, 0xC251,
    0x99EE, 0xBA51, 0xAA30, 0xBA51, 0xDAB4, 0xC251, 0xCA72, 0xCA72, 0xDAB4, 0xFB17, 0xF2F6, 0xFB16,
    0xDAB4, 0xCA72, 0xDAB4, 0xEAF6, 0xFB38, 0xF2F6, 0xEAD5, 0xFB38, 0x8EA9, 0x7E08, 0x7DE8, 0x8EA8,
    0x9F2A, 0x9709, 0x8EC9, 0x8EE9, 0x9F4A, 0x9729, 0x970A, 0x8EA9, 0x8EE9, 0x8F0A, 0x8F2A, 0x8F4B,
    0x870A, 0x7EAA, 0x7E8A, 0x7EAA, 0x7E69, 0x7E69, 0x358D, 0x2C4A, 0x35EE, 0x352C, 0x244A, 0x2CCC,
    0x248B, 0x240A, 0x242A, 0x352D, 0x3E90, 0x3EF1, 0x3E4F, 0x2CAB, 0x244A, 0x2CAB, 0x2D0C, 0x2CCC,
    0x2C8B, 0x2CEC, 0x2D2C, 0x35CE, 0x051C, 0x0D1C, 0x0499, 0x0437, 0x244A, 0x242A, 0x244A, 0x240A,
    0x246A, 0x352C, 0x2D2C, 0xA7CA, 0x8EE9, 0x8EC9, 0x8EA8, 0x972A, 0x9FAA, 0xA7AA, 0x9749, 0x974A,
    0x9709, 0x96E9, 0x9709, 0x8EC9, 0x8668, 0x7E48, 0x7E28, 0x7E29, 0x75E8, 0x75E8, 0x6DC8, 0x6DC9,
    0x6DA8, 0x6DA8, 0x6DA8, 0x75C8, 0x6DC8, 0x75E8, 0x75C8, 0x7DE8, 0x75C7, 0x7DE8, 0x7DE7, 0x7DC8,
    0x75A7, 0x7DC8, 0x7DE8, 0x7DE8, 0xEAD5, 0xDAB4, 0xCA72, 0xD293, 0xD293, 0xC272, 0xBA51, 0xD293,
    0xCA93, 0xC272, 0xCA93, 0xEAF5, 0xB230, 0xBA51, 0xD293, 0xC251, 0x99CE, 0xF2F6, 0xCA72, 0xCA72,
    0xAA10, 0xAA0F, 0xD293, 0xD293, 0xEAD5, 0xDAB4, 0xF2F6, 0xFB17, 0xD293, 0xCA93, 0xCA93, 0xE2D5,
    0xEAF5, 0xEAF5, 0xFB17, 0xFB17, 0x9709, 0x8EA9, 0x7587, 0x8628, 0x8EC8, 0x8EC9, 0x8688, 0x8EA9,
    0x8F09, 0x96E9, 0x8EC9, 0x8F09, 0x8EEA, 0x8F0A, 0x974B, 0x8F0A, 0x86CA, 0x7649, 0x764A, 0x7649,
    0x7E8A, 0x86A9, 0x3E4F, 0x2CAB, 0x3E4F, 0x3E2F, 0x352D, 0x35AD, 0x3DEE, 0x354D, 0x2CAB, 0x3E0F,
    0x4711, 0x3E90, 0x3E2F, 0x2D2C, 0x35AE, 0x2D2C, 0x350C, 0x35AD, 0x354D, 0x2C6A, 0x2CCC, 0x2CCC,
    0x0CBA, 0x0499, 0x0CBA, 0x0458, 0x2CAB, 0x242A, 0x2C4A, 0x2409, 0x2CAB, 0x2CEB, 0xA7CA, 0x9F6A,
    0x8EA9, 0x8E88, 0x8EC9, 0x9FAA, 0xAFEB, 0xAFEB, 0xA7AA, 0x9F4A, 0x972A, 0x8EE9, 0x96E9, 0x8EA9,
    0x8669, 0x7E28, 0x8649, 0x7E08, 0x75E9, 0x75C8, 0x75C9, 0x6DA8, 0x6DC9, 0x6DA8, 0x75C9, 0x75C8,
    0x75C8, 0x75C8, 0x7DE8, 0x7DE8, 0x7DE8, 0x7DE8, 0x7E08, 0x7DC8, 0x7DE8, 0x7DC7, 0x7E08, 0x7DC8,
    0xEAF6, 0xD293, 0xDAB4, 0xE2B4, 0xCA72, 0xAA30, 0xC272, 0xD293, 0xD293, 0xCA72, 0xC272, 0xC251,
    0xBA51, 0xE2B4, 0xF2F6, 0xAA0F, 0x99EE, 0xEAF6, 0xEAD5, 0xDAB4, 0xAA30, 0xAA0F, 0xE2D5, 0xEAD6,
    0xFB59, 0xEAD5, 0xFB17, 0xFB7A, 0xFB17, 0xDA93, 0xEAF6, 0xF2F6, 0xE2B4, 0xDA93, 0xEAD5, 0xE2B4,
    0x9F4A, 0x9749, 0x8EC9, 0x8648, 0x8648, 0x8688, 0x96C9, 0x96E9, 0x9729, 0x9729, 0x9F6A, 0x972A,
    0x8EE9, 0x8F0A, 0x8F0A, 0x86EA, 0x7EAA, 0x7E6A, 0x7669, 0x86CA, 0x86CA, 0x8EEA, 0x8689, 0x2CCB,
    0x35CE, 0x3E70, 0x2CEB, 0x352C, 0x354D, 0x352D, 0x2CAB, 0x3E2F, 0x362F, 0x3DEE, 0x2CEC, 0x2CEC,
    0x360E, 0x356D, 0x248A, 0x35AD, 0x35EE, 0x352D, 0x2CCB, 0x2C4A, 0x2D2C, 0x0C79, 0x0499, 0x0C99,
    0x358D, 0x240A, 0x242A, 0x240A, 0x242A, 0x2C4A, 0x8688, 0x8EC9, 0x8668, 0x8E89, 0x8EA8, 0x9FAA,
    0xA7EA, 0xA7CA, 0x9F69, 0x974A, 0x9709, 0x9709, 0x8F09, 0x8EC9, 0x8668, 0x8649, 0x7608, 0x7E08,
    0x75E8, 0x75E9, 0x6DC8, 0x6DC8, 0x6DA8, 0x75C9, 0x6DC8, 0x75C8, 0x75C8, 0x7DE8, 0x75C8, 0x7DE8,
    0x7DE8, 0x7E08, 0x7DE7, 0x7DE8, 0x75C7, 0x7DC8, 0x75A7, 0xF316, 0xDA93, 0xCA72, 0xCA72, 0xD293,
    0xB230, 0xAA0F, 0xBA51, 0xCA72, 0xCA72, 0xDAB4, 0xD293, 0xDAB4, 0xD293, 0xFB17, 0xEAD5, 0xAA0F,
    0x91CD, 0xDAB4, 0xE2B4, 0xCA72, 0xCA72, 0xF2F6, 0xDAB4, 0xFB37, 0xFB9B, 0xFB59, 0xFB59, 0xFB9B,
    0xFB17, 0xDAB4, 0xFB59, 0xFB59, 0xEAD5, 0xCA72, 0xDA94, 0x9709, 0x9729, 0x9729, 0x8EC9, 0x9729,
    0x9729, 0x8EA9, 0x8EA8, 0x9729, 0x9749, 0x96E9, 0x8EE9, 0x8EE9, 0x972A, 0x8F2A, 0x8F2A, 0x86EA,
    0x7E6A, 0x7649, 0x7EAA, 0x86EA, 0x8EEB, 0x86AA, 0x8669, 0x35CE, 0x3DAE, 0x3E4F, 0x356D, 0x2CCB,
    0x350C, 0x2CAB, 0x350C, 0x3EB0, 0x3E50, 0x3E4F, 0x2C8B, 0x2CAB, 0x3DCE, 0x358D, 0x34EC, 0x35AE,
    0x3DEF, 0x354D, 0x350C, 0x356D, 0x350C, 0x0458, 0x0C99, 0x0499, 0x354D, 0x2C4A, 0x2C2A, 0x244A,
    0x2C0A, 0x7DC7, 0x8669, 0x8E88, 0x8E89, 0x8668, 0x8EC9, 0x9F8A, 0xA7CB, 0xA7AA, 0x9F8A, 0x8EC9,
    0x8EA9, 0x8E89, 0x96E9, 0x8EC9, 0x8E89, 0x7E48, 0x7E09, 0x75E8, 0x75E9, 0x75E8, 0x75E9, 0x6DC8,
    0x75E9, 0x6DC8, 0x75C9, 0x75C8, 0x7DE8, 0x75E8, 0x7E08, 0x7DE8, 0x8608, 0x7E08, 0x7DE8, 0x7DC7,
    0x7DE8, 0x7DE8, 0x7DE8, 0xE2D5, 0xDAB4, 0xCA93, 0xDAB4, 0xCA72, 0xC272, 0xBA51, 0xCA93, 0xD293,
    0xCA93, 0xCA93, 0xDAB4, 0xDAB4, 0xE2D5, 0xFB58, 0xDAB4, 0xA1EF, 0xBA51, 0xBA51, 0xC272, 0xDAB4,
    0xF316, 0xF2F6, 0xDAB4, 0xFB58, 0xFBBC, 0xFB7A, 0xE2D5, 0xD293, 0xEAF6, 0xFB17, 0xFB7A, 0xFB38,
    0xFB17, 0xF316, 0xFB38, 0x8EE9, 0x970A, 0x9709, 0x8EC9, 0x9709, 0x9F6A, 0x96E9, 0x8EA9, 0x8EC9,
    0x970A, 0x9729, 0x8EC9, 0x8689, 0x8EE9, 0x8EEA, 0x86A9, 0x7629, 0x6DE9, 0x7609, 0x7669, 0x7E8A,
    0x86EA, 0x8689, 0x7E69, 0x7E08, 0x362F, 0x46F1, 0x356D, 0x2CEC, 0x2CCB, 0x2CEC, 0x3E4F, 0x4752,
    0x4751, 0x3E90, 0x2CAB, 0x358D, 0x360E, 0x356D, 0x2D4C, 0x3E0F, 0x362E, 0x35AE, 0x358D, 0x35AE,
    0x2409, 0x23C9, 0x2CCB, 0x2C8B, 0x2409, 0x2C6B, 0x23E9, 0x240A, 0x7E07, 0x8E89, 0x8EA8, 0x8EA9,
    0x8EC8, 0x8EC9, 0x8EC9, 0x9F8A, 0x9FCA, 0x9F8A, 0x9749, 0x8E89, 0x7E28, 0x8689, 0x8EA8, 0x8EA9,
    0x86A9, 0x8649, 0x75E8, 0x75C8, 0x6DC8, 0x75E9, 0x6DE8, 0x6DC9, 0x6DC8, 0x75C8, 0x6DA8, 0x75C8,
    0x75C8, 0x75E8, 0x75E8, 0x7E08, 0x7DE8, 0x7DE8, 0x7DC7, 0x7DE8, 0x7DE7, 0x7DE8, 0x7DE8, 0xE2D5,
    0xD293, 0xD293, 0xD293, 0xD2B3, 0xD293, 0xCA72, 0xD293, 0xD293, 0xBA51, 0xCA93, 0xCA72, 0xD293,
    0xE2D5, 0xFB38, 0xAA10, 0xBA51, 0xBA51, 0xC251, 0xBA51, 0xFB17, 0xFB17, 0xDAB4, 0xCA72, 0xFB59,
    0xFB17, 0xF317, 0xDAB4, 0xCA72, 0xCA72, 0xFB17, 0xFB79, 0xF2F6, 0xFB17, 0xEAF6, 0xF2F6, 0x974A,
    0x8EE9, 0x9729, 0x9709, 0x9F8A, 0x9FAA, 0x9F6A, 0x8EC9, 0x8E89, 0x8668, 0x8EE9, 0x8EA9, 0x8689,
    0x8689, 0x86A9, 0x86CA, 0x7629, 0x7609, 0x6DE9, 0x762A, 0x7629, 0x7E8A, 0x7E49, 0x7E29, 0x75A8,
    0x6507, 0x3E90, 0x358E, 0x2CCB, 0x2CCC, 0x354C, 0x4F72, 0x4711, 0x46D0, 0x2D4D, 0x2CCC, 0x35AD,
    0x2CEC, 0x2C8B, 0x34EC, 0x358D, 0x35CE, 0x356D, 0x356D, 0x2CCB, 0x23A9, 0x23A9, 0x2C4A, 0x240A,
    0x23A9, 0x244A, 0x2C4A, 0x2409, 0x96E9, 0x9709, 0x972A, 0x8EC9, 0x96E9, 0x9709, 0x972A, 0x9F6A,
    0xA7AA, 0x9749, 0x96E9, 0x8668, 0x8628, 0x8668, 0x8E89, 0x8689, 0x8EA9, 0x7E28, 0x7E09, 0x75C8,
    0x75C8, 0x75E8, 0x75E9, 0x6DC9, 0x6DC8, 0x6DA8, 0x75E9, 0x75C8, 0x75E8, 0x75E8, 0x7E08, 0x7DE8,
    0x7E08, 0x7DE8, 0x7DE8, 0x7DE8, 0x7DE8, 0x7DC7, 0x7E08, 0xF2F6, 0xD293, 0xCA72, 0xDAB4, 0xD293,
    0xDAB4, 0xCA93, 0xDAB4, 0xC252, 0xBA51, 0xD293, 0xDAB4, 0xDAB4, 0xFB37, 0xE2D4, 0xAA10, 0xD293,
    0xCA72, 0xBA31, 0xDAB4, 0xFB17, 0xFB17, 0xD293, 0xC272, 0xF316, 0xE2D5, 0xF2F6, 0xE2D5, 0xD293,
    0xCA72, 0xEAF6, 0xFB38, 0xCA72, 0xE2D5, 0xE2B4, 0xFB17, 0x9F8A, 0xA7AA, 0x9F49, 0x9F2A, 0xA7AA,
    0xA7EB, 0x9F49, 0x96E9, 0x8E88, 0x8E69, 0x8688, 0x8669, 0x7E48, 0x7628, 0x8689, 0x86EA, 0x7629,
    0x7629, 0x764A, 0x6E09, 0x6DC9, 0x6DE8, 0x75C9, 0x6D87, 0x6D47, 0x5CC6, 0x4711, 0x358D, 0x2CEC,
    0x354C, 0x4731, 0x4751, 0x3E90, 0x360E, 0x352C, 0x2D0C, 0x350C, 0x246A, 0x350C, 0x358D, 0x35AE,
    0x2D0C, 0x2CCB, 0x2CEB, 0x2CEC, 0x246A, 0x23E9, 0x1B88, 0x2388, 0x23A8, 0x2C4A, 0x23E9, 0x9709,
    0x8EE9, 0x96E9, 0x9729, 0x9F4A, 0x9729, 0x9709, 0x9749, 0x9F4A, 0x9709, 0x96E9, 0x86A8, 0x8EA9,
    0x8668, 0x8EA9, 0x8688, 0x8689, 0x7E48, 0x7E29, 0x75E8, 0x7608, 0x75E8, 0x75E9, 0x6DC8, 0x6DC9,
    0x6DA8, 0x75C8, 0x75C8, 0x75E8, 0x75E8, 0x7E08, 0x75E8, 0x7E08, 0x7E08, 0x7E08, 0x75E7, 0x7DE8,
    0x75C7, 0x7DE8, 0x75C7, 0xEAF6, 0xDAB4, 0xCA72, 0xCA92, 0xDAB4, 0xCA93, 0xD2B4, 0xCA72, 0xC272,
    0xD293, 0xEAF6, 0xFB16, 0xEAF5, 0xE2D5, 0xAA30, 0xCA72, 0xEAD5, 0xCA72, 0xAA0F, 0xD293, 0xE2D5,
    0xE2D4, 0xCA72, 0xB230, 0xFB58, 0xF2F6, 0xFB38, 0xE2D5, 0xD293, 0xDAB4, 0xFB59, 0xFB37, 0xCA92,
    0xE2B4, 0xE2D5, 0xFB17, 0x8628, 0x9F69, 0xA7AA, 0x9729, 0x9F6A, 0x9F69, 0xA7CA, 0x9F69, 0x9709,
    0x8E88, 0x8648, 0x75C7, 0x7E08, 0x7E29, 0x7E49, 0x7E49, 0x6DC8, 0x7609, 0x7629, 0x6DE9, 0x6588,
    0x75C9, 0x75C8, 0x75A8, 0x6527, 0x64C7, 0x8648, 0x3DEE, 0x3E2F, 0x3E0F, 0x4752, 0x3E4F, 0x356D,
    0x356D, 0x35EE, 0x350C, 0x2C4A, 0x2CCC, 0x2D2C, 0x3E0F, 0x35AD, 0x2CAB, 0x2C6B, 0x2CAB, 0x2CAB,
    0x2C8B, 0x244A, 0x2C0A, 0x1B47, 0x23C9, 0x242A, 0x96E9, 0x8EE9, 0x8E89, 0x8E89, 0x9F6A, 0x9F8A,
    0x9F4A, 0x8E89, 0x8EA9, 0x8EA9, 0x8E89, 0x8668, 0x8E89, 0x8688, 0x8E69, 0x8E89, 0x8E89, 0x8648,
    0x8649, 0x8649, 0x7E29, 0x7608, 0x75E9, 0x75E8, 0x75E9, 0x6DC8, 0x75C9, 0x75C8, 0x75E9, 0x75E8,
    0x7E09, 0x7DE8, 0x7E08, 0x7E08, 0x8628, 0x7E08, 0x7DE8, 0x7DE8, 0x7DE8, 0x7DC8, 0xEAD5, 0xDAB4,
    0xD293, 0xC251, 0xC272, 0xC272, 0xCA72, 0xCA72, 0xD293, 0xEAF6, 0xE2D5, 0xEAF6, 0xF2F6, 0xD293,
    0xA20F, 0xAA30, 0xF2F6, 0xE2B4, 0xD293, 0xC251, 0xE2D5, 0xDAB4, 0xEAF6, 0xDAB4, 0xE2D5, 0xFB58,
    0xFB38, 0xFB17, 0xCA72, 0xCA93, 0xF316, 0xFB38, 0xF316, 0xD2B3, 0xE2D5, 0xD293, 0x5405, 0x4BA4,
    0x7DE8, 0x9729, 0x972A, 0x96E9, 0x972A, 0x9F8A, 0xAFEB, 0xA7AA, 0x9F2A, 0x7E28, 0x75A8, 0x75C8,
    0x7608, 0x7E49, 0x6DC8, 0x6DC9, 0x6DC9, 0x6E09, 0x6DC9, 0x7609, 0x6DC8, 0x75C8, 0x75C8, 0x6D67,
    0x6D67, 0x8EE9, 0x3E8F, 0x4732, 0x35AD, 0x3EB0, 0x246A, 0x2CEC, 0x2D4C, 0x35EE, 0x356D, 0x2CCB,
    0x2D0C, 0x352C, 0x35EE, 0x358D, 0x2D0C, 0x2CAB, 0x2CEC, 0x2C8B, 0x23C9, 0x23C9, 0x23A8, 0x2368,
    0x23E9, 0x23C9, 0x8EA8, 0x96E9, 0x8EC9, 0x9709, 0x9749, 0x9F4A, 0x8EA8, 0x8E89, 0x8EA9, 0x8EA9,
    0x8688, 0x8689, 0x8668, 0x8648, 0x7E08, 0x8668, 0x8668, 0x7E28, 0x75E8, 0x7E08, 0x75E8, 0x75E8,
    0x6DC8, 0x75E9, 0x6DE8, 0x6DC9, 0x6DC8, 0x75E9, 0x75E8, 0x7608, 0x75E8, 0x7E08, 0x7E08, 0x7E08,
    0x7E08, 0x7E08, 0x7E08, 0x7E08, 0x75C7, 0x7DE8, 0xF2F6, 0xE2D5, 0xCA92, 0xC272, 0xBA51, 0xCA72,
    0xC251, 0xD2B3, 0xD293, 0xD2B3, 0xE2D4, 0xFB17, 0xE2B4, 0xAA0F, 0x99EE, 0xCA93, 0xEAF5, 0xF2F6,
    0xD293, 0xC272, 0xC272, 0xEAF5, 0xEAF5, 0xD293, 0xEAD5, 0xFB59, 0xFB38, 0xFB17, 0xC272, 0xEAF6,
    0xFB38, 0xFB37, 0xE2D4, 0xEAF5, 0xDAB3, 0xD293, 0x6D67, 0x4BA5, 0x5425, 0x75A7, 0x8EA8, 0x9F4A,
    0x8EE9, 0x96E9, 0x9709, 0x9709, 0x8EA8, 0x7E28, 0x75C7, 0x7E08, 0x86AA, 0x8F0A, 0x7E8A, 0x7649,
    0x762A, 0x6DE9, 0x6DE9, 0x7609, 0x75C9, 0x75C8, 0x75A8, 0x6D67, 0x75A8, 0x8EA9, 0x9709, 0x4731,
    0x34EC, 0x35EE, 0x2CCC, 0x352C, 0x356D, 0x35AD, 0x358E, 0x2CCB, 0x350C, 0x2D0C, 0x35AE, 0x354D,
    0x356D, 0x358D, 0x358D, 0x2C6A, 0x240A, 0x2409, 0x2389, 0x23C9, 0x23E9, 0x7DE8, 0x8EA9, 0x9729,
    0x9F6A, 0x9F8A, 0x9F4A, 0x974A, 0x8EA9, 0x8EC9, 0x96E9, 0x8EA9, 0x8E89, 0x8688, 0x8669, 0x8628,
    0x8628, 0x8628, 0x8649, 0x7E08, 0x7E08, 0x75C8, 0x75C8, 0x75C8, 0x75C8, 0x6DC8, 0x75E9, 0x75E9,
    0x7609, 0x75E8, 0x7E09, 0x75E8, 0x7DE8, 0x7E28, 0x8629, 0x7E28, 0x8628, 0x7E28, 0x8628, 0x7E08,
    0x7E08, 0x7DE8, 0xEAF6, 0xEAD5, 0xDAB4, 0xBA51, 0xBA51, 0xDAB4, 0xFB7A, 0xFB58, 0xC272, 0xAA0F,
    0xCA92, 0xE2B4, 0xF2F6, 0xAA0F, 0xB230, 0xFB38, 0xEAF6, 0xDAB4, 0xEAD5, 0xCA92, 0xD293, 0xE2D4,
    0xD293, 0xCA72, 0xFB9A, 0xFB79, 0xF316, 0xBA51, 0xC272, 0xFB58, 0xFB9A, 0xFB38, 0xF2F6, 0xEAD5,
    0xDAB4, 0xEAF5, 0x7DE8, 0x6D06, 0x5C46, 0x5C86, 0x7DA8, 0x8EC9, 0x9709, 0x8EA8, 0x8EA9, 0x8EC9,
    0x8EA9, 0x8648, 0x7E28, 0x7E08, 0x5486, 0x7E29, 0x7EAA, 0x86CA, 0x7E8A, 0x764A, 0x6588, 0x6D88,
    0x6D88, 0x75C8, 0x6D87, 0x6D67, 0x6527, 0x6D47, 0x7E07, 0x6D06, 0x2D0C, 0x4772, 0x3EB0, 0x46F0,
    0x3E2F, 0x3DEE, 0x35EE, 0x356D, 0x35CE, 0x354D, 0x356D, 0x2CEC, 0x2D4C, 0x354D, 0x2CEB, 0x2C4A,
    0x244A, 0x2C4A, 0x23C9, 0x23E9, 0x23A8, 0x75A7, 0x7E28, 0x8EC9, 0x9709, 0x9709, 0x9749, 0x972A,
    0x8EA9, 0x8EA9, 0x86A8, 0x8669, 0x8648, 0x8669, 0x7E28, 0x8668, 0x8648, 0x8E89, 0x8668, 0x8648,
    0x7E28, 0x7DE8, 0x75E8, 0x75E8, 0x75E8, 0x75E9, 0x6DE8, 0x7609, 0x7609, 0x7E29, 0x7608, 0x7E09,
    0x7E28, 0x8669, 0x7E48, 0x8669, 0x8668, 0x8649, 0x7E28, 0x7E08, 0x7E08, 0x7E08, 0xF2F6, 0xEAF6,
    0xCA93, 0xC272, 0xDAB4, 0xFB38, 0xDAB4, 0xCA93, 0xC271, 0xC251, 0xE2D4, 0xBA51, 0xAA0F, 0xAA10,
    0xFB38, 0xFB9A, 0xE2B4, 0xC272, 0xEAD5, 0xCA72, 0xDAB4, 0xD2B3, 0xC271, 0xCA72, 0xFB9A, 0xFB9A,
    0xE2D5, 0xBA51, 0xD293, 0xFB9A, 0xFB59, 0xDAB4, 0xF2F6, 0xEAF5, 0xE2D5, 0xFB37, 0x75A7, 0x7DC7,
    0x6D06, 0x5C66, 0x5445, 0x64C6, 0x8668, 0x96E9, 0x8EC8, 0x96E9, 0x8EC9, 0x8689, 0x75E8, 0x7E08,
    0x6527, 0x5486, 0x5CA7, 0x54A7, 0x5CE8, 0x7649, 0x7609, 0x6DE9, 0x7609, 0x75E8, 0x7DE9, 0x6D87,
    0x7568, 0x6D27, 0x6D27, 0x64A6, 0x64A6, 0x4752, 0x46D0, 0x3E6F, 0x3E0F, 0x3E2F, 0x3DCE, 0x360E,
    0x3E2F, 0x356D, 0x356D, 0x2D2C, 0x35AE, 0x2CEC, 0x2C6A, 0x2C6A, 0x2C6B, 0x2C4A, 0x2C2A, 0x2CCB,
    0xAFEB, 0xB7EB, 0xB7EB, 0x8668, 0x8669, 0x7E28, 0x8E89, 0x8668, 0x8669, 0x8668, 0x8E89, 0x8668,
    0x8628, 0x7DE8, 0x8628, 0x8688, 0x96C9, 0x8EC9, 0x8EC9, 0x8689, 0x8649, 0x7E08, 0x7E09, 0x75E8,
    0x7E09, 0x75E8, 0x75E9, 0x6DE8, 0x7609, 0x7E29, 0x7E69, 0x7E49, 0x8689, 0x8689, 0x8E89, 0x8EA9,
    0x8E89, 0x8668, 0x8E89, 0x8648, 0x8649, 0xFB17, 0xF316, 0xEAD5, 0xDAB4, 0xCA72, 0xEAF5, 0xD2B3,
    0xC272, 0xD293, 0xDAB4, 0xDAB4, 0xFB17, 0xA20F, 0xB231, 0xC272, 0xFB7A, 0xFB58, 0xFB37, 0xE2D5,
    0xDAB4, 0xBA51, 0xEAF5, 0xE2D5, 0xF2F6, 0xFB17, 0xFB9A, 0xFB38, 0xD293, 0xC272, 0xFB17, 0xFB79,
    0xF316, 0xD293, 0xF2F6, 0xEAD5, 0xEAF6, 0x75A7, 0x7DA8, 0x75C7, 0x7DA8, 0x75A7, 0x7DA8, 0x6D26,
    0x7DE8, 0x96E9, 0x9F2A, 0x8EE9, 0x96C9, 0x8669, 0x8649, 0x7E28, 0x86C9, 0x7629, 0x7609, 0x6DA9,
    0x5D07, 0x5D28, 0x6548, 0x75E9, 0x7E89, 0x8689, 0x7E28, 0x7E08, 0x75A7, 0x75A7, 0x7587, 0x75A7,
    0x75A7, 0x3EB0, 0x360E, 0x35AE, 0x2D2C, 0x35AE, 0x2D0C, 0x358D, 0x2D4C, 0x352C, 0x358D, 0x35AE,
    0x2D6D, 0x2CCB, 0x2409, 0x2CCB, 0x248A, 0x2CAB, 0x2CAB, 0x2CAB, 0xA7EA, 0xAFEB, 0xAFEB, 0xAFEB,
    0xAFEA, 0x7DE8, 0x7587, 0x7DC8, 0x7E07, 0x8668, 0x8EA8, 0x8669, 0x7E08, 0x7E28, 0x8648, 0x8E89,
    0x8EE9, 0x8EC9, 0x8689, 0x8689, 0x7E48, 0x7E29, 0x7608, 0x75C8, 0x6DC8, 0x75C8, 0x6DC8, 0x75E9,
    0x7608, 0x7E49, 0x7E49, 0x7E49, 0x7E48, 0x8669, 0x8668, 0x8EA9, 0x8688, 0x8E89, 0x8688, 0x8EA9,
    0x8688, 0xFB16, 0xEAF5, 0xEAF5, 0xE2B4, 0xDAD4, 0xCA72, 0xD2B3, 0xE2D5, 0xE2D5, 0xDAB4, 0xF2F6,
    0xFB17, 0xAA30, 0xB230, 0xFB79, 0xFB79, 0xFBBB, 0xFB38, 0xF316, 0xE2D5, 0xE2D5, 0xFB37, 0xFB37,
    0xFB17, 0xFB17, 0xFB79, 0xFB37, 0xCA72, 0xCA92, 0xE2D5, 0xFB17, 0xE2D4, 0xEAF6, 0xF316, 0xEAF6,
    0xEAD5, 0x75A7, 0x7567, 0x7587, 0x6D66, 0x7DC7, 0x7DE7, 0x75A7, 0x6D26, 0x7DC7, 0x8628, 0x8E89,
    0x8688, 0x8669, 0x7E28, 0x7E08, 0x7E69, 0x6DA8, 0x6508, 0x6DE9, 0x7EEB, 0x766A, 0x5CC7, 0x5CC7,
    0x64E7, 0x75C8, 0x7E09, 0x8689, 0x8649, 0x8E88, 0x96E9, 0x8688, 0x8648, 0x7DE7, 0x3E6F, 0x3E2E,
    0x3E4F, 0x35EE, 0x352D, 0x3E4F, 0x35CE, 0x358D, 0x358D, 0x358D, 0x356D, 0x2CCB, 0x350C, 0x2C6A,
    0x2CAB, 0x2D2C, 0x354D, 0xA7CA, 0x9F6A, 0x9F69, 0x9709, 0x9FAA, 0xAFEB, 0xAFEB, 0x972A, 0x8648,
    0x75A8, 0x75A7, 0x7DE8, 0x7E08, 0x8628, 0x8648, 0x8669, 0x8689, 0x8EA9, 0x8668, 0x8669, 0x8669,
    0x8669, 0x7E28, 0x7E29, 0x7608, 0x75C8, 0x6D88, 0x75C9, 0x7609, 0x7E29, 0x7E69, 0x8669, 0x7E49,
    0x7E09, 0x7E48, 0x8689, 0x8668, 0x8E89, 0x8668, 0x8EA9, 0x8EC9, 0x8EA9, 0xFB16, 0xEAF6, 0xE2D5,
    0xF2F6, 0xEAF5, 0xEAF5, 0xEAF6, 0xF316, 0xFB17, 0xFB37, 0xFB58, 0xE2D5, 0xBA51, 0xF316, 0xFBDC,
    0xFBBB, 0xFB7A, 0xF316, 0xD2B3, 0xF316, 0xF316, 0xFB37, 0xEAF5, 0xFB59, 0xFB59, 0xFB79, 0xFB59,
    0xCA92, 0xFB17, 0xFB79, 0xFB38, 0xD2B3, 0xEAF5, 0xFB17, 0xEAF5, 0xFB37, 0x6D47, 0x7547, 0x64E6,
    0x6D07, 0x8688, 0x7DA8, 0x75A7, 0x7DC8, 0x6D47, 0x7547, 0x7587, 0x7E08, 0x7E28, 0x8649, 0x7E28,
    0x6DA8, 0x7609, 0x6DA8, 0x6548, 0x6588, 0x7629, 0x7E69, 0x6548, 0x5CE7, 0x64C7, 0x5CA6, 0x64E6,
    0x6D47, 0x8628, 0x9709, 0x9709, 0x8EA9, 0x8628, 0x7DE7, 0x35AD, 0x3E4F, 0x35CE, 0x35EE, 0x46D0,
    0x3E8F, 0x35AE, 0x35EE, 0x352C, 0x2D0C, 0x35CE, 0x358D, 0x23E9, 0x23C9, 0x350C, 0x2D0C, 0x9709,
    0x8EC9, 0x96E9, 0x8EE9, 0x972A, 0x976A, 0xA7CA, 0x9FCA, 0xA7EB, 0x8EA9, 0x6D27, 0x6D26, 0x7587,
    0x7DE8, 0x8648, 0x86A8, 0x8EA9, 0x8668, 0x8648, 0x7E48, 0x8689, 0x8669, 0x8669, 0x7E48, 0x7E69,
    0x75E8, 0x75C9, 0x6DC8, 0x7E49, 0x7E49, 0x8689, 0x8689, 0x86A9, 0x8669, 0x8EA9, 0x8EC9, 0x8EA9,
    0x8688, 0x8669, 0x86A8, 0x8EE9, 0x8688, 0xFB37, 0xF2F6, 0xEAF5, 0xEAF5, 0xEAF6, 0xEAF5, 0xF316,
    0xFB37, 0xFB79, 0xFB58, 0xEAF5, 0xBA51, 0xCA92, 0xFBBB, 0xFBBC, 0xFBBB, 0xFB79, 0xDAD4, 0xDAD4,
    0xEAF5, 0xEAF5, 0xDAB4, 0xEAF5, 0xFB58, 0xFBBB, 0xFB58, 0xCA93, 0xC272, 0xFB9A, 0xFB9A, 0xFB58,
    0xDAB4, 0xFB37, 0xDAB4, 0xF316, 0xFB17, 0x7587, 0x75C7, 0x6D06, 0x7587, 0x8E89, 0x7DE7, 0x7587,
    0x75A7, 0x8628, 0x7DE7, 0x75A7, 0x7587, 0x7E08, 0x7E28, 0x7E49, 0x6D68, 0x7E69, 0x86CA, 0x7EAA,
    0x6DC9, 0x6DC9, 0x868A, 0x86EA, 0x8F2B, 0x7E49, 0x75C8, 0x5CC6, 0x64C7, 0x64E6, 0x64E6, 0x5C86,
    0x8628, 0x8EA9, 0x8EA9, 0x8688, 0x3DCE, 0x2CEC, 0x358D, 0x3E4F, 0x3DAE, 0x354D, 0x3E0E, 0x2CEC,
    0x350C, 0x35CE, 0x356D, 0x1B68, 0x2368, 0x2C8B, 0xA7AA, 0x9749, 0x9F4A, 0x8EE9, 0x8EC9, 0x8EA9,
    0x8EC9, 0x8668, 0x96E9, 0x9F8A, 0x9F4A, 0x9F6A, 0xA7CB, 0x8EC9, 0x7567, 0x7DC8, 0x8649, 0x8628,
    0x8669, 0x8648, 0x8E89, 0x8689, 0x8EA9, 0x8669, 0x8669, 0x7E49, 0x7E49, 0x7629, 0x7E6A, 0x7E89,
    0x86AA, 0x86CA, 0x8EEA, 0x8EE9, 0x8EEA, 0x972A, 0x972A, 0x8EA9, 0x8EA9, 0x8EA9, 0x970A, 0x8EE9,
    0x96EA, 0xFB37, 0xFB38, 0xEAF5, 0xF2F6, 0xFB16, 0xFB38, 0xFB79, 0xFB7A, 0xFB79, 0xF316, 0xC271,
    0xCA92, 0xFB79, 0xFB9A, 0xFB38, 0xEB17, 0xF337, 0xEB16, 0xFB59, 0xEB16, 0xEAD5, 0xEAF5, 0xF316,
    0xF316, 0xFB58, 0xFB38, 0xCA92, 0xCA93, 0xFBBB, 0xFB79, 0xFB16, 0xF316, 0xDAB4, 0xDAB4, 0xEAF5,
    0xDAB4, 0x7E28, 0x8648, 0x7587, 0x6D07, 0x8EC9, 0x8648, 0x75A7, 0x7DC8, 0x8628, 0x8648, 0x7E08,
    0x7DC8, 0x7587, 0x7DE8, 0x7E28, 0x6507, 0x7E49, 0x6DC8, 0x7609, 0x6DE8, 0x7629, 0x6D88, 0x75C8,
    0x6D67, 0x6507, 0x7E68, 0x8EA9, 0x8648, 0x7DC7, 0x64C6, 0x6486, 0x5425, 0x5C25, 0x7DE7, 0x8668,
    0x7E28, 0x2C8B, 0x2CEC, 0x358D, 0x2CEB, 0x35EE, 0x35AD, 0x350C, 0x35AD, 0x2CEC, 0x244A, 0x240A,
    0x2409, 0x242A, 0x8EA8, 0xA7AA, 0x9749, 0x9F8A, 0x9F8A, 0x9709, 0x9749, 0x8EA9, 0x8EA9, 0x8EC9,
    0x8EC9, 0x9F6A, 0xA7EA, 0x9F8A, 0x6D26, 0x6D27, 0x6D47, 0x75A8, 0x75E7, 0x7E08, 0x8688, 0x8689,
    0x7E68, 0x7E49, 0x7E49, 0x8689, 0x7E89, 0x7EAA, 0x7E89, 0x86AA, 0x86A9, 0x8EEA, 0x8F2A, 0x8F2A,
    0x8EE9, 0x974A, 0x9729, 0x96E9, 0x8F09, 0x974A, 0x8F09, 0x8EE9, 0xFB38, 0xFB58, 0xFB37, 0xFB17,
    0xFB37, 0xFB79, 0xFB79, 0xFB37, 0xE2D5, 0xBA51, 0xBA51, 0xC272, 0xFBBA, 0xFBBB, 0xFBDB, 0xF358,
    0xE316, 0xF316, 0xF338, 0xFBDC, 0xDAF5, 0xFB58, 0xFB37, 0xCA93, 0xDAB4, 0xFB9A, 0xFB79, 0xCA92,
    0xE2D5, 0xFBBB, 0xFB79, 0xFB58, 0xFB79, 0xE2D5, 0xDAB4, 0xF316, 0x8668, 0x8648, 0x75C7, 0x7587,
    0x6D46, 0x6D47, 0x6D46, 0x75A7, 0x7567, 0x7587, 0x7587, 0x7DC8, 0x75E7, 0x75C8, 0x75A8, 0x75C8,
    0x6D47, 0x6D88, 0x64E7, 0x5CE7, 0x5CC7, 0x7609, 0x7E49, 0x7E29, 0x8EEA, 0x6D67, 0x7DE8, 0x8EE9,
    0x8628, 0x8EC9, 0x7587, 0x75C7, 0x6D27, 0x5C65, 0x64A6, 0x5C86, 0x6486, 0x6D06, 0x356D, 0x35CE,
    0x356D, 0x3E4F, 0x354D, 0x2CEC, 0x3E0E, 0x246A, 0x2C2A, 0x2CEC, 0x350C, 0x2CAB, 0x6D27, 0x6D27,
    0x6D27, 0x7DE8, 0x8E69, 0x8668, 0x8EE9, 0x7DE7, 0x8E89, 0x8628, 0x8EA9, 0x9F8A, 0xA7EB, 0xA7EB,
    0x9709, 0x7E28, 0x9F6A, 0x9709, 0x6D27, 0x6D67, 0x75A8, 0x75C8, 0x7DE8, 0x7608, 0x7E49, 0x86A9,
    0x86CA, 0x7ECA, 0x86CA, 0x86EA, 0x8EEA, 0x8F0A, 0x974A, 0x972A, 0x970A, 0x974A, 0x972A, 0x9709,
    0x9F4A, 0x974A, 0x970A, 0x8669, 0xFBDC, 0xFBDC, 0xFBBB, 0xFBBB, 0xFBDB, 0xFB9A, 0xFB79, 0xB250,
    0xC272, 0xC272, 0xD293, 0xFB79, 0xFBBB, 0xFBDC, 0xFB9A, 0xD2F5, 0xDB16, 0xEAF5, 0xFB79, 0xFBFC,
    0xFB38, 0xFB79, 0xDAF5, 0xCAB3, 0xFB37, 0xFBBB, 0xFB58, 0xCA92, 0xFB79, 0xFB9A, 0xFB58, 0xF316,
    0xFB58, 0xC272, 0xD2B3, 0xE2D5, 0x75A7, 0x6D47, 0x6D27, 0x75A7, 0x7DE8, 0x7587, 0x6D27, 0x7567,
    0x75A7, 0x7587, 0x7DC8, 0x7DC8, 0x7E28, 0x75E8, 0x7E08, 0x75E8, 0x6547, 0x6D68, 0x6567, 0x6D68,
    0x6DC8, 0x75C8, 0x86C9, 0x86A9, 0x8689, 0x75A8, 0x7E08, 0x8EE9, 0x8668, 0x8EC9, 0x8688, 0x7DE8,
    0x6D26, 0x7DC8, 0x8EC8, 0x7567, 0x64E6, 0x6D07, 0x360E, 0x46D0, 0x35CD, 0x35AD, 0x2D0C, 0x352C,
    0x356D, 0x2C2A, 0x2409, 0x352C, 0x2D0C, 0x970A, 0x8648, 0x6D47, 0x6D26, 0x6D27, 0x6506, 0x6D07,
    0x6506, 0x6D47, 0x7E08, 0x96E9, 0x9FAA, 0xA7EB, 0xA7EA, 0x9F6A, 0x9F6A, 0x974A, 0x9749, 0x9FAA,
    0x8688, 0x7DC8, 0x75C7, 0x6D27, 0x6D67, 0x75C8, 0x75E8, 0x7E49, 0x7E69, 0x7E6A, 0x7E89, 0x86CA,
    0x86EA, 0x8F0A, 0x8F2A, 0x972A, 0x8F09, 0x9F8A, 0x9749, 0x9F4A, 0x9F6A, 0x9F8A, 0x9749, 0x8EC9,
    0xFB7A, 0xFBBA, 0xFBDC, 0xE2F6, 0xCA93, 0xFBBB, 0xFB17, 0xC272, 0xC272, 0xCA93, 0xEB16, 0xFBDC,
    0xFB59, 0xFBDC, 0xFB79, 0xCAD5, 0xEB16, 0xF316, 0xE317, 0xFB9A, 0xFB79, 0xFBFD, 0xFB58, 0xFB7A,
    0xFB79, 0xFBBB, 0xCA72, 0xCA93, 0xFB9A, 0xFB79, 0xF316, 0xDAB4, 0xEAF5, 0xE2D5, 0xE2D5, 0xEAF5,
    0x6D67, 0x6D47, 0x64E6, 0x7587, 0x7E28, 0x7DE8, 0x6506, 0x6D47, 0x75C7, 0x8628, 0x8648, 0x8648,
    0x8668, 0x7E29, 0x7608, 0x75E8, 0x8F0A, 0x976B, 0x8F2B, 0x6547, 0x6528, 0x6D88, 0x75E9, 0x75C8,
    0x7588, 0x6D27, 0x6507, 0x75C8, 0x8EA9, 0x8689, 0x8E89, 0x8648, 0x8628, 0x96E9, 0xAFEB, 0x8EE9,
    0x970A, 0x8E88, 0x7DA8, 0x360E, 0x350C, 0x2CCB, 0x34EC, 0x2CAB, 0x35AE, 0x352C, 0x2C2A, 0x2D0C,
    0x2C8B, 0x9729, 0x9F4A, 0x9F8A, 0x9F8A, 0x9FAA, 0x8E89, 0x6D47, 0x6D47, 0x6D67, 0x7588, 0x7587,
    0x7588, 0x7567, 0x7567, 0x75C7, 0x9F8A, 0x9F8A, 0x96E9, 0x9F8A, 0x9F8A, 0x9F8A, 0x9F8B, 0x9F8A,
    0x9FAB, 0x7E69, 0x6D88, 0x6DA8, 0x7629, 0x6DE9, 0x7629, 0x7E49, 0x7E49, 0x86A9, 0x8F0A, 0x86A9,
    0x8ECA, 0x9F8A, 0xA7AB, 0x9F8A, 0x9F6A, 0x974A, 0x9F6A, 0x9709, 0xD293, 0xCA92, 0xD2D4, 0xCAB4,
    0xD2B3, 0xCA92, 0xCA92, 0xCA72, 0xDAD4, 0xFB79, 0xFBDC, 0xFB9A, 0xFB37, 0xFBBB, 0xFC1E, 0xF358,
    0xFB58, 0xFB79, 0xE337, 0xFB9A, 0xFBBB, 0xFBBB, 0xFB9A, 0xFB58, 0xFB79, 0xFBBB, 0xD2B3, 0xFB16,
    0xFBBB, 0xFB58, 0xE2D5, 0xF316, 0xF316, 0xDAD4, 0xE2D5, 0xFB17, 0x7DE8, 0x75A7, 0x6D47, 0x6D47,
    0x7DC8, 0x7587, 0x6D27, 0x6D47, 0x7567, 0x75A7, 0x8608, 0x7E08, 0x7E08, 0x75C8, 0x75C8, 0x6DA8,
    0x6DC8, 0x86EA, 0x6DC8, 0x8F2B, 0x6507, 0x6527, 0x6DA8, 0x64E7, 0x7608, 0x8F09, 0x7E48, 0x7E08,
    0x8688, 0x9729, 0x7E08, 0x7E08, 0x6D46, 0x7587, 0x8EA9, 0x8668, 0x7E28, 0x7DC8, 0x7E08, 0x7E08,
    0x246A, 0x356D, 0x2CCB, 0x2C6B, 0x35EE, 0x3DEE, 0x2C8B, 0x2CCB, 0x9F8A, 0x9F6A, 0x9749, 0x9F6A,
    0x9729, 0x972A, 0x9729, 0x9F6A, 0x9F8A, 0x9729, 0x8EE9, 0x8689, 0x6D46, 0x6D47, 0x6D47, 0x6D47,
    0x7DE7, 0x7E08, 0x75A7, 0x9F8A, 0x9F8A, 0x9F8A, 0x976A, 0x9FCB, 0x97AA, 0x976B, 0x75E8, 0x6528,
    0x6547, 0x6D88, 0x6568, 0x75C8, 0x75E8, 0x8689, 0x86A9, 0x7E29, 0x7E28, 0x9F8A, 0xA7CA, 0xA7CA,
    0x9F8A, 0x9FAA, 0x9F6A, 0x9F6A, 0xB250, 0xC272, 0xCA93, 0xD2B4, 0xCA93, 0xCAB4, 0xF316, 0xFBDC,
    0xFBBB, 0xFBFC, 0xFBBB, 0xDAD4, 0xDAF5, 0xFBDC, 0xFBFD, 0xFB79, 0xFB79, 0xFBBB, 0xFB9A, 0xF379,
    0xE2F5, 0xFB58, 0xFB58, 0xFB99, 0xFBBB, 0xFB9A, 0xCAB3, 0xFB79, 0xFBBA, 0xFB37, 0xDAD4, 0xFB58,
    0xF316, 0xC272, 0xFB16, 0xFB58, 0x6D87, 0x7587, 0x6D26, 0x6D27, 0x7DE7, 0x7E08, 0x7DE8, 0x8648,
    0x7DE7, 0x7587, 0x6D67, 0x75A7, 0x6D87, 0x6D67, 0x6507, 0x6D67, 0x75E8, 0x7EAA, 0x75E9, 0x86CA,
    0x7E8A, 0x7629, 0x86AA, 0x5CA6, 0x75E8, 0x7E28, 0x7E28, 0x6D47, 0x8628, 0x8EA9, 0x8669, 0x8648,
    0x7DE8, 0x6D47, 0x8669, 0x7E08, 0x7DA8, 0x7587, 0x7588, 0x8648, 0xA7CA, 0x358D, 0x34EC, 0x2C8B,
    0x356D, 0x3E0E, 0x3DCE, 0x2CEC, 0x6D27, 0x6D06, 0x7567, 0x7DC8, 0x9F6A, 0x9FAA, 0x9FAA, 0x9FAA,
    0x9F6A, 0x9729, 0x9F6A, 0x9F8A, 0xA7AA, 0x9F8A, 0x8669, 0x6D27, 0x6D27, 0x6D27, 0x7547, 0x6D47,
    0x7567, 0x8EE9, 0x974A, 0x8669, 0x7E49, 0x86EA, 0x8F2B, 0x7E49, 0x6528, 0x5D07, 0x6D68, 0x7E69,
    0x974B, 0x86C9, 0x8ECA, 0x8F0A, 0x8689, 0x972A, 0x9F6A, 0x9F8A, 0xA7CB, 0xA7EA, 0xA7CB, 0xF316,
    0xE2D5, 0xF316, 0xFBDB, 0xFBFC, 0xFBFD, 0xFB9A, 0xFBDC, 0xFBBB, 0xFB9A, 0xFB9A, 0xFB79, 0xF39A,
    0xF379, 0xFB9A, 0xFBDC, 0xF379, 0xF39A, 0xFBBA, 0xFBFD, 0xFBDB, 0xFBBB, 0xFBDC, 0xFC3F, 0xFBFC,
    0xFBBB, 0xDAD4, 0xD2B4, 0xFBDB, 0xFBBA, 0xE2D4, 0xDAD4, 0xF2F6, 0xE2D5, 0xC272, 0xEAF6, 0x6D47,
    0x75A8, 0x7567, 0x6D47, 0x7DC8, 0x7E08, 0x7E08, 0x8648, 0x8648, 0x8628, 0x7587, 0x6D47, 0x7E08,
    0x7E08, 0x6D87, 0x6507, 0x6507, 0x7E49, 0x7609, 0x6547, 0x6D88, 0x6D88, 0x7E49, 0x75E8, 0x64E7,
    0x86C9, 0x8ECA, 0x7587, 0x6507, 0x6D67, 0x96E9, 0x8EA8, 0x9F6A, 0x9F8A, 0x75A8, 0x75E7, 0x7587,
    0x7E08, 0x7587, 0x6D47, 0x75A7, 0x8EA9, 0x9F8A, 0x246A, 0x2CAB, 0x2CCB, 0x2CEC, 0x360E, 0x352C,
    0x75C7, 0x7E08, 0x8668, 0x6D47, 0x6D47, 0x8EC9, 0x8EE9, 0x9F4A, 0x9FAA, 0xA7AA, 0x9749, 0x972A,
    0x9709, 0x9F4A, 0x9729, 0x8EE9, 0x9709, 0x8E89, 0x7E28, 0x6D47, 0x6506, 0x7567, 0x8EE9, 0x8689,
    0x6DA8, 0x6527, 0x8F6A, 0x8F4B, 0x8F4B, 0x8F6B, 0x8F4A, 0x97AB, 0x97CB, 0x9FCB, 0x8689, 0x974A,
    0x8EA9, 0x8EA9, 0x8EC9, 0x972A, 0x9729, 0x9F6A, 0x9749, 0xFBFD, 0xFB58, 0xFB99, 0xFB9A, 0xFBDC,
    0xFBFC, 0xFBBB, 0xFBBA, 0xFBDC, 0xF337, 0xF358, 0xE337, 0xCAF5, 0xD337, 0xF3BA, 0xFBFD, 0xFBBA,
    0xEB9A, 0xFC5F, 0xFBBB, 0xF379, 0xF379, 0xFBBA, 0xFC1D, 0xFBDB, 0xFB79, 0xCA93, 0xDAD4, 0xFBDB,
    0xFB79, 0xF316, 0xDAD4, 0xF316, 0xDAD4, 0xDAB4, 0xEAF5, 0x6D47, 0x75A7, 0x7587, 0x6D47, 0x7DC8,
    0x6D47, 0x7587, 0x6D67, 0x7587, 0x6D47, 0x75A7, 0x6506, 0x7DC8, 0x75C8, 0x6D67, 0x6527, 0x64E7,
    0x7E29, 0x6507, 0x6DA8, 0x5CC7, 0x64E7, 0x5C86, 0x5C86, 0x6527, 0x7DE9, 0x7588, 0x8649, 0x9709,
    0x96E9, 0x8E89, 0x7587, 0x8668, 0xA7EB, 0x9F8A, 0x972A, 0x8EA9, 0x972A, 0xA7EB, 0x9F6A, 0x8668,
    0x7DA8, 0x8E89, 0x8E89, 0x2D2C, 0x352C, 0x2CEB, 0x356D, 0x9FAA, 0xA7AB, 0xA7AA, 0x9F6A, 0x6D67,
    0x7588, 0x7587, 0x7588, 0x6D67, 0x7567, 0x7E08, 0x972A, 0x9F8A, 0x9F4A, 0x9729, 0x972A, 0x8689,
    0x970A, 0x972A, 0x970A, 0x8EA9, 0x8669, 0x7E28, 0x75A8, 0x64C7, 0x6507, 0x6D67, 0x6D88, 0x7E49,
    0x8F4B, 0x97EC, 0x8F2B, 0x978B, 0xAFED, 0xAFEC, 0x8ECA, 0x86A9, 0x8669, 0x8EA9, 0x9F6A, 0x9F8A,
    0x8EC9, 0x8EE9, 0x972A, 0xFB58, 0xEAF5, 0xDAB3, 0xFB16, 0xFB16, 0xFB58, 0xFBBB, 0xFC3E, 0xFBFC,
    0xE337, 0xF358, 0xFBBA, 0xFBBA, 0xFBDB, 0xF379, 0xFBDC, 0xFBDC, 0xFBDC, 0xFBFC, 0xEB37, 0xEB16,
    0xE2F5, 0xF358, 0xFBBA, 0xFBFC, 0xFBBA, 0xCA93, 0xFB58, 0xFBDC, 0xFB58, 0xF316, 0xDAD4, 0xD2B3,
    0xDAB4, 0xE2F5, 0xF316, 0x8648, 0x8628, 0x6D06, 0x6CE7, 0x6D47, 0x7588, 0x7DC8, 0x6D47, 0x6D47,
    0x7DA8, 0x7DC7, 0x6D47, 0x6D27, 0x7568, 0x6D47, 0x6D48, 0x6547, 0x6588, 0x5487, 0x6588, 0x6548,
    0x7E89, 0x75E8, 0x5466, 0x8689, 0x7E28, 0x6D47, 0x75C7, 0x9709, 0x7DE7, 0x7587, 0x6506, 0x8628,
    0xA7EB, 0xAFEB, 0x9729, 0x8628, 0x7E08, 0x9FAA, 0xB7EC, 0xAFEB, 0x7E08, 0x7DC8, 0x8648, 0xA7CA,
    0x8648, 0x9709, 0x9749, 0x9F8A, 0x9F6A, 0xA7EB, 0xA7CA, 0x75A8, 0x8EA9, 0xA7EB, 0x9F6A, 0x8EA9,
    0x7DE7, 0x6D47, 0x6D47, 0x7E08, 0x7E28, 0x96E9, 0x9F6A, 0x9F6A, 0x9769, 0x9F4A, 0x8EC9, 0x8689,
    0x7E48, 0x7E08, 0x7E28, 0x8669, 0x7E28, 0x6D88, 0x6D67, 0x6507, 0x5CE7, 0x75E9, 0x7608, 0x8EEA,
    0x9FEB, 0x976A, 0x8689, 0x8EA9, 0x8689, 0x8EC9, 0x974A, 0x972A, 0x8648, 0x8EC9, 0x9709, 0xF316,
    0xF2F6, 0xDAB3, 0xD2B3, 0xEAF5, 0xFB37, 0xFB79, 0xFB9A, 0xFB9A, 0xD316, 0xF379, 0xFBFD, 0xFC5F,
    0xFBDC, 0xE316, 0xFBFC, 0xFBFC, 0xF358, 0xF358, 0xF337, 0xDAB4, 0xCA92, 0xE316, 0xEB37, 0xFBDC,
    0xCAD4, 0xCAB4, 0xFBDB, 0xFBDC, 0xF316, 0xFB37, 0xD2B3, 0xCA92, 0xD2B3, 0xFB37, 0xF316, 0x9F8A,
    0x8EA8, 0x7567, 0x5C86, 0x7567, 0x7DE7, 0x6D27, 0x64A6, 0x64C6, 0x6506, 0x7567, 0x7567, 0x6D67,
    0x75A7, 0x7588, 0x6527, 0x6D88, 0x6528, 0x5486, 0x6528, 0x5CE7, 0x7629, 0x6DA8, 0x64E7, 0x6D88,
    0x7E49, 0x7DE8, 0xA7AB, 0x8E89, 0x7587, 0x6D27, 0x6D27, 0x7E28, 0xAFEB, 0x9F8A, 0x970A, 0x7E08,
    0x7DE8, 0x8EC9, 0xB7EC, 0xAFEB, 0xA7AA, 0x9FAA, 0x9F4A, 0x9F8A, 0x8669, 0x8668, 0x7E08, 0x8EC9,
    0x972A, 0x8EA9, 0x970A, 0x974A, 0x8669, 0x9F8A, 0xA7EB, 0x9FAA, 0xA7AA, 0x8EC9, 0x7588, 0x6D47,
    0x6D47, 0x6D27, 0x6D47, 0x6D27, 0x6D47, 0x8EA9, 0x96E9, 0x972A, 0x8EEA, 0x86C9, 0x8EEA, 0x8F2A,
    0x9F8B, 0x8F6A, 0x8F4B, 0x6D88, 0x5CA7, 0x5486, 0x5CA7, 0x6D47, 0x8689, 0x75E8, 0x8649, 0x8669,
    0x7E08, 0x7E08, 0x8669, 0x8EA9, 0x8EE9, 0x8689, 0x8649, 0xDAD4, 0xE2F5, 0xD293, 0xDAD4, 0xEAF5,
    0xFB37, 0xDAD4, 0xDAF5, 0xF358, 0xE337, 0xFB9A, 0xFBBB, 0xFBDC, 0xFBBB, 0xDAD4, 0xFBDB, 0xFBBA,
    0xFB79, 0xEB16, 0xEB37, 0xDAD4, 0xDAD4, 0xE316, 0xD2F5, 0xFB79, 0xD2D4, 0xCAB3, 0xFBBB, 0xFB99,
    0xFB58, 0xF316, 0xFB37, 0xE2F5, 0xDAB4, 0xF316, 0xF316, 0x974A, 0x96E9, 0x7E08, 0x6486, 0x64A6,
    0x6D07, 0x64C6, 0x6D27, 0x64C6, 0x64C6, 0x64C6, 0x6D27, 0x6507, 0x6D47, 0x6D27, 0x64E7, 0x6527,
    0x6547, 0x5487, 0x6568, 0x75E9, 0x7EAA, 0x86CA, 0x75C8, 0x7E09, 0x8EE9, 0x8669, 0x8EE9, 0x7E08,
    0x7E48, 0x970A, 0xA7CA, 0xC7ED, 0xAFEB, 0x8628, 0x8EE9, 0x8EA9, 0x8E69, 0x96A9, 0x9F6A, 0x8EC9,
    0x9709, 0xBFEC, 0xAFEB, 0xA7AA, 0xA7EA, 0x970A, 0x7E08, 0x8669, 0x7E08, 0x7E08, 0x7DE8, 0x9F4A,
    0x8EE9, 0x7DC8, 0x8EA9, 0x8EA9, 0x7E28, 0x8EC9, 0x9F8A, 0x972A, 0x8EA9, 0x9FAA, 0x9F8A, 0x6D27,
    0x6D27, 0x6D27, 0x6506, 0x6507, 0x7E48, 0x9FAB, 0x9FCB, 0x978B, 0x8F4A, 0x8F0A, 0x7EA9, 0x7649,
    0x7609, 0x7609, 0x6DA8, 0x75C8, 0x75E8, 0x6D48, 0x75A7, 0x75C8, 0x6D47, 0x8689, 0x9729, 0x9FAA,
    0x974A, 0x8EA9, 0xD293, 0xDAD4, 0xE2D4, 0xEAF5, 0xFB37, 0xE2D4, 0xEB15, 0xE2F5, 0xE337, 0xE316,
    0xEB16, 0xFB99, 0xFB78, 0xFB99, 0xEB58, 0xF337, 0xFB9A, 0xFB9A, 0xFBDB, 0xFB79, 0xE336, 0xE2D4,
    0xEB16, 0xEB9A, 0xCB37, 0xF3BA, 0xE2F5, 0xF316, 0xFB79, 0xFB99, 0xFB79, 0xFB37, 0xFB16, 0xEAF5,
    0xE2D4, 0xFB37, 0x8668, 0x7E08, 0x7E28, 0x8628, 0x64C6, 0x64E6, 0x5C86, 0x64E7, 0x64C6, 0x64E6,
    0x6506, 0x64E6, 0x5CC6, 0x5C86, 0x5CA6, 0x64E7, 0x5CA6, 0x64E7, 0x6DA9, 0x5CE7, 0x6DA9, 0x7EAA,
    0x8F4B, 0x7E49, 0x5C86, 0x64E7, 0x8669, 0x8689, 0x7E08, 0x6D47, 0x9F4A, 0x9F8A, 0xB7EC, 0xC7ED,
    0xBFEC, 0x8668, 0x9F4A, 0xB7EB, 0xA7EB, 0x974A, 0x8669, 0x976A, 0xAFEB, 0xCFED, 0xAFEB, 0xB7EB,
    0xBFEC, 0x9709, 0x8EA9, 0xA7EB, 0x7DE8, 0x7E28, 0x974A, 0xA7EB, 0x8669, 0x6D67, 0x8649, 0x7E28,
    0x7E08, 0x7E28, 0x972A, 0x974A, 0xA7AB, 0x9F8A, 0xA7AB, 0x9F8A, 0x9F8B, 0x9F6A, 0x6D27, 0x6507,
    0x6D07, 0x6D27, 0x75A8, 0x8F0A, 0x972B, 0x86CA, 0x86AA, 0x7629, 0x75E9, 0x6DA8, 0x6D88, 0x6D88,
    0x7588, 0x6D47, 0x6D68, 0x6507, 0x6D47, 0x8669, 0x96EA, 0x974A, 0x96EA, 0x8669, 0xEB16, 0xFB37,
    0xFB99, 0xFB79, 0xFB9A, 0xFB78, 0xFB37, 0xE2D4, 0xFB79, 0xFB58, 0xFB78, 0xFB99, 0xFBFC, 0xFBFC,
    0xEB79, 0xFBDC, 0xFBDB, 0xFB9A, 0xFBFD, 0xFBBA, 0xDB16, 0xDB15, 0xEB79, 0xDB37, 0xDB58, 0xFBDB,
    0xF337, 0xFB58, 0xFB78, 0xFB57, 0xFB58, 0xEAF5, 0xEB16, 0xCA92, 0xE2F5, 0xFB57, 0x75A8, 0x6D67,
    0x8629, 0x7E08, 0x6D07, 0x64E6, 0x7567, 0x64E6, 0x64A6, 0x6D06, 0x7588, 0x6D07, 0x6D27, 0x64C6,
    0x6D47, 0x6D47, 0x64C7, 0x6507, 0x7629, 0x7609, 0x7669, 0x7E49, 0x7E89, 0x5CC7, 0x5446, 0x6D27,
    0x75C7, 0x7E08, 0x6D67, 0x8E89, 0xA7EA, 0x9709, 0x8688, 0x9FAA, 0xA7EB, 0x8628, 0x8688, 0x8E89,
    0xA7EA, 0xAFEB, 0x8688, 0x8669, 0x8668, 0x8E69, 0x9FAA, 0xAFEB, 0xB7EB, 0xAFEB, 0x8668, 0x972A,
    0x8EE9, 0x7DE8, 0x8EE9, 0xA7EB, 0x8688, 0x8628, 0x7E08, 0x75C8, 0x7DE7, 0x7587, 0x7E28, 0x7567,
    0x6D87, 0x8EA9, 0x8EE9, 0x8669, 0x9F8A, 0x9F6A, 0x8F09, 0x8628, 0x8EE9, 0x6507, 0x64E7, 0x5CA7,
    0x5486, 0x7609, 0x7E49, 0x7E49, 0x6DC8, 0x6D88, 0x6D88, 0x6507, 0x5486, 0x64E7, 0x6D67, 0x6D47,
    0x6D87, 0x8648, 0x7E48, 0x8EA9, 0x8F09, 0x974A, 0xDAB4, 0xDAD4, 0xD2B3, 0xCA92, 0xF316, 0xFB37,
    0xF316, 0xCAB3, 0xF316, 0xFB57, 0xDB15, 0xFBDB, 0xFC3E, 0xFBFD, 0xE379, 0xF39A, 0xFB99, 0xFBBB,
    0xFBDC, 0xFB79, 0xEB16, 0xD2F5, 0xD316, 0xEB57, 0xFB99, 0xFB99, 0xEB15, 0xF316, 0xFB79, 0xFB58,
    0xFB37, 0xEAF5, 0xEAF5, 0xF316, 0xDAD4, 0xDAD4, 0x6D47, 0x7E08, 0x8688, 0x8648, 0x75C7, 0x6D07,
    0x64E6, 0x6D07, 0x6D06, 0x7587, 0x75C7, 0x6D27, 0x7587, 0x7588, 0x6D67, 0x6D67, 0x64E7, 0x6527,
    0x6DA8, 0x766A, 0x7E6A, 0x7E69, 0x8689, 0x5CA6, 0x64C7, 0x75C8, 0x8649, 0x75C8, 0x7DE8, 0x8EC9,
    0x9FAA, 0x8EC9, 0x8628, 0x7E08, 0x9F6A, 0x9F6A, 0xB7EC, 0x9729, 0xC7ED, 0xAFEB, 0x8E89, 0x8668,
    0x8E89, 0x7E28, 0x8669, 0x9729, 0x9F6A, 0xA7EB, 0x96EA, 0x8EC9, 0xA7CB, 0x7E08, 0x8E89, 0xA7EB,
    0xA7CB, 0xA7EB, 0x75A8, 0x6D67, 0x8649, 0x7E08, 0x8649, 0x7E08, 0x7DE8, 0x6D27, 0x6D47, 0x6D27,
    0x7588, 0x9F6A, 0x9F6A, 0x9F6A, 0x9F8A, 0x974A, 0x8F0A, 0x75C8, 0x64E7, 0x5CC7, 0x64E7, 0x5446,
    0x5467, 0x5CE7, 0x6D68, 0x6507, 0x5CC7, 0x6D47, 0x7DE8, 0x75C8, 0x7E08, 0x8668, 0x8EA9, 0x9709,
    0xA7CB, 0x9FAA, 0xEAF5, 0xFB37, 0xEAF6, 0xC292, 0xEB16, 0xFB79, 0xFB58, 0xCAD4, 0xDAF5, 0xFBDB,
    0xFB79, 0xFBDC, 0xFBDC, 0xD316, 0xD316, 0xDB37, 0xFB9A, 0xF399, 0xFC5F, 0xF357, 0xE337, 0xF399,
    0xFC1D, 0xFC3E, 0xFC7F, 0xFBBA, 0xFB58, 0xD2B3, 0xFB99, 0xFB37, 0xF336, 0xFB37, 0xEAF5, 0xEB15,
    0xE2D4, 0xD293, 0x8669, 0x8EC9, 0x972A, 0x9729, 0x970A, 0x6D27, 0x5C46, 0x5C86, 0x6D27, 0x6D47,
    0x7587, 0x6D67, 0x8669, 0x7E08, 0x6D68, 0x6D88, 0x75A8, 0x6D68, 0x5CE7, 0x75E9, 0x6DC8, 0x7629,
    0x6DC8, 0x86AA, 0x7E28, 0x7E29, 0x9FCA, 0xAFEC, 0xAFEB, 0xAFEB, 0xA7EB, 0x8EC9, 0x7E08, 0x8EA9,
    0x9FCA, 0x974A, 0xAFEB, 0xB7EC, 0xC7EC, 0xCFED, 0xBFEC, 0x8648, 0x7E28, 0x8648, 0x8EC9, 0x8689,
    0x7E28, 0x9F4A, 0xA7EA, 0x96E9, 0x8EA9, 0x7E08, 0x7587, 0x7E08, 0x9709, 0x9F8A, 0x8668, 0x8EE9,
    0x974A, 0x9F8A, 0x9F8A, 0x7E08, 0x7587, 0x7DE8, 0x7E28, 0x7DE8, 0x7DE8, 0x8EE9, 0x8668, 0x970A,
    0x7E48, 0x8669, 0x7E49, 0x75C8, 0x86CA, 0x870A, 0x7649, 0x6DC9, 0x4C26, 0x5446, 0x5446, 0x5466,
    0x4C05, 0x5C66, 0x75A7, 0x7E08, 0x7E28, 0x8669, 0x8EC9, 0x8EE9, 0x9709, 0x8EC9, 0xFB16, 0xFB99,
    0xF316, 0xE2F5, 0xC292, 0xEB15, 0xFB9A, 0xEB37, 0xFBDB, 0xFC3E, 0xFBBB, 0xFBFC, 0xEB37, 0xD2F5,
    0xEB78, 0xFBBA, 0xFBFC, 0xEB78, 0xFC1D, 0xFB99, 0xF3DB, 0xFC3E, 0xFC9F, 0xFCBF, 0xFBFC, 0xF357,
    0xF336, 0xDAD4, 0xFC1C, 0xFB78, 0xDAD4, 0xF316, 0xDAB3, 0xF316, 0xEB15, 0xEB16, 0x7E48, 0x9709,
    0x9F8A, 0xA7CB, 0x9769, 0x7E08, 0x6506, 0x64A6, 0x5445, 0x64A6, 0x5C86, 0x7DC8, 0x7E48, 0x75E8,
    0x6D67, 0x6D68, 0x6507, 0x6507, 0x64E7, 0x5CC7, 0x5467, 0x6507, 0x868A, 0x8EEA, 0x6D27, 0x6D27,
    0x972A, 0x972A, 0x8E89, 0x9709, 0x972A, 0xB7EC, 0x9F4A, 0x8EC9, 0xB7EC, 0x8648, 0x7E08, 0x8689,
    0x972A, 0xC7ED, 0xB7EC, 0xB7EC, 0xB7EC, 0xAFEB, 0xAFEB, 0x7E28, 0x7547, 0x7567, 0x970A, 0x8EE9,
    0x8EA9, 0x9FAA, 0x8EA9, 0x8EA9, 0x96EA, 0x8648, 0x75A8, 0x75C8, 0x8669, 0x9709, 0x8EA9, 0x9709,
    0x7E29, 0x8EE9, 0x9FAB, 0x7E08, 0x7588, 0x8EE9, 0x75A8, 0x6D27, 0x6507, 0x75C8, 0x75E9, 0x5CE7,
    0x7609, 0x7649, 0x7E6A, 0x6DA8, 0x6508, 0x5CC7, 0x6507, 0x5CE7, 0x5C87, 0x5466, 0x5C46, 0x5C66,
    0x6D07, 0x75C8, 0x8EA9, 0x8668, 0x96EA, 0x8EA9, 0xD2B3, 0xDAB3, 0xCA92, 0xE2D4, 0xCAB3, 0xFB57,
    0xFBBA, 0xFB57, 0xFBDB, 0xFB99, 0xEB58, 0xDB16, 0xDB16, 0xCAD4, 0xFB78, 0xF378, 0xFB78, 0xD2B3,
    0xFBBB, 0xF3DB, 0xDBBA, 0xFBFC, 0xFC9F, 0xFC7F, 0xFBBA, 0xF337, 0xEB16, 0xE315, 0xFC3E, 0xEB16,
    0xEAF5, 0xDAD4, 0xEAF5, 0xF316, 0xFB78, 0xF316, 0x7DA8, 0x8688, 0x9F4A, 0x974A, 0x972A, 0x7E08,
    0x7567, 0x5C86, 0x5C26, 0x64A6, 0x6D07, 0x7587, 0x6D47, 0x6507, 0x6507, 0x5CC7, 0x5C87, 0x5446,
    0x5CE7, 0x6DC9, 0x6548, 0x5CC7, 0x6507, 0x8EEA, 0x6D67, 0x6507, 0x8F09, 0x7DE8, 0x7E28, 0x8669,
    0x7E08, 0xAFEB, 0x9FAA, 0xAFEB, 0x7DE7, 0x8EE9, 0x7DE8, 0x8E89, 0x9749, 0x9709, 0xA7EB, 0x9F6A,
    0x9729, 0xB7EC, 0xA7EB, 0x96E9, 0x8EE9, 0x8EA9, 0x8688, 0x8E89, 0x8688, 0x8EA9, 0x974A, 0xA7EB,
    0xA7CA, 0x8648, 0x8668, 0x8689, 0x8668, 0x8669, 0x7587, 0x972A, 0x8EE9, 0x7DE8, 0x7E28, 0x7DE8,
    0x7DE8, 0x7E08, 0x7E48, 0x75A8, 0x75C8, 0x86A9, 0x64E7, 0x64E7, 0x6527, 0x5CC7, 0x5CC7, 0x6568,
    0x5CE7, 0x4C26, 0x5466, 0x5CE7, 0x5D07, 0x6D47, 0x5445, 0x64C7, 0x4BC5, 0x5405, 0x5445, 0x5C66,
    0x75E8, 0x974A, 0xC292, 0xCA93, 0xD2B3, 0xFB37, 0xEB37, 0xFB79, 0xE2D4, 0xE2F5, 0xFB99, 0xFB9A,
    0xF378, 0xF358, 0xEB57, 0xE337, 0xDB16, 0xF378, 0xEB37, 0xFB37, 0xFBBA, 0xEB58, 0xDB57, 0xFC5F,
    0xFBDB, 0xFBFC, 0xFBFC, 0xFB79, 0xDAD4, 0xFB78, 0xFB78, 0xCA92, 0xDAD4, 0xFB36, 0xE2D4, 0xFB79,
    0xFB36, 0xE2D4, 0x6D67, 0x7DC8, 0x8648, 0x8E89, 0x8668, 0x6D27, 0x5C85, 0x4BA5, 0x4BE5, 0x64C6,
    0x5CA6, 0x64E7, 0x5C86, 0x5CA6, 0x5CC6, 0x6507, 0x5CE7, 0x5CA7, 0x7E6A, 0x7E8A, 0x7E4A, 0x6DA8,
    0x64C7, 0x8F4A, 0x978B, 0x7E28, 0x970A, 0x8EC9, 0x8649, 0x9709, 0x8EA9, 0x7E28, 0x7DE8, 0xA7EB,
    0xB7EC, 0xB7EB, 0xA7CB, 0x75A7, 0x8669, 0x7E08, 0x96EA, 0x7E08, 0x7DE8, 0xA7EB, 0x8EA9, 0x8EE9,
    0xA7CB, 0x9FAA, 0x972A, 0x8669, 0x7DC8, 0x8648, 0x972A, 0x972A, 0x8EA9, 0x7E28, 0x9FAB, 0x9709,
    0x8EC9, 0x8EA9, 0x6D47, 0x75A8, 0x7DE8, 0x6D27, 0x7588, 0x86A9, 0x7E08, 0x6D67, 0x6D07, 0x6D67,
    0x7E49, 0x8689, 0x6D48, 0x6548, 0x6528, 0x4C46, 0x4BE6, 0x4C46, 0x5D08, 0x4BE5, 0x4365, 0x4BE5,
    0x5C87, 0x5C86, 0x5426, 0x5CA6, 0x64A6, 0x7587, 0x5C86, 0x5C66, 0x64A6, 0x5C86, 0xFB58, 0xEAF5,
    0xE2F5, 0xFB37, 0xFB78, 0xEAF5, 0xEAF5, 0xEB37, 0xFB9A, 0xFBBA, 0xFBBB, 0xFB99, 0xE357, 0xF378,
    0xFB78, 0xF378, 0xEB57, 0xFB99, 0xFBFC, 0xE2F5, 0xFBBB, 0xFC1D, 0xDB16, 0xFBDB, 0xFB9A, 0xF336,
    0xD2B3, 0xFBDB, 0xFB58, 0xC292, 0xF336, 0xFB58, 0xEAF5, 0xFB79, 0xF316, 0xBA71, 0x64E7, 0x64C6,
    0x6D27, 0x7587, 0x6D07, 0x5C86, 0x5C66, 0x4BC5, 0x4BA5, 0x4BC5, 0x5C86, 0x64E6, 0x5CA6, 0x5466,
    0x5CA6, 0x5CA6, 0x5CA7, 0x5486, 0x6DA8, 0x6D88, 0x5CE7, 0x86EA, 0x86EA, 0x8EEA, 0x978A, 0x6D47,
    0x86C9, 0xA7CB, 0x9FCA, 0x9F6A, 0x9729, 0x7E08, 0x6D27, 0x8EA9, 0xA7EB, 0x9F8A, 0xAFEB, 0xA7CB,
    0x8EE9, 0xA7AB, 0xBFEC, 0xA7AB, 0x8689, 0x972A, 0x8F09, 0x7DE8, 0x7DE8, 0x9F6A, 0xA7EA, 0x9F4A,
    0x9729, 0xA7EB, 0x7E28, 0x8EE9, 0x9FCA, 0x8EC9, 0x8688, 0x75C8, 0x7587, 0x8E89, 0x8688, 0x7E08,
    0x75A7, 0x7E08, 0x8689, 0x974A, 0x9729, 0x7E28, 0x64E6, 0x6507, 0x86E9, 0x86AA, 0x6507, 0x6528,
    0x7649, 0x6508, 0x5486, 0x5CC7, 0x6548, 0x5CC7, 0x4BE5, 0x5426, 0x4BE5, 0x5C86, 0x5CE6, 0x6D47,
    0x6527, 0x7588, 0x75A7, 0x64E7, 0x86A9, 0xEB16, 0xFB57, 0xEB16, 0xCAB3, 0xFBBB, 0xFB99, 0xD2B3,
    0xE2F5, 0xFBDB, 0xFB99, 0xFBDB, 0xFBFC, 0xDAF5, 0xDAF5, 0xF357, 0xFB78, 0xFBFB, 0xFB99, 0xF378,
    0xF378, 0xDB36, 0xFC5E, 0xEB37, 0xDAF5, 0xFBDB, 0xEB16, 0xE2F4, 0xCAB3, 0xFBFC, 0xFB37, 0xCA92,
    0xE2F4, 0xF316, 0xD2B3, 0xFB58, 0xFB36, 0x5C46, 0x5405, 0x5C46, 0x64C6, 0x64E7, 0x5445, 0x5C86,
    0x5C86, 0x5C26, 0x4BA4, 0x4BC5, 0x5445, 0x5C86, 0x5C86, 0x5C86, 0x5CE7, 0x64E7, 0x5466, 0x5466,
    0x6D68, 0x7E8A, 0x6508, 0x6D88, 0x866A, 0x75C8, 0x7E09, 0x7E08, 0x970A, 0x8669, 0xA7CB, 0x8668,
    0x9F6A, 0x8648, 0x8628, 0x9709, 0x9F8A, 0x9F8A, 0xAFEC, 0x9709, 0xA7AB, 0xBFED, 0xBFEC, 0x9FCA,
    0x96EA, 0x8F09, 0xAFEC, 0x7E08, 0x7DE8, 0xA7EB, 0xA7CB, 0x974A, 0x96EA, 0x974A, 0x8649, 0x8648,
    0xA7CB, 0x8EA9, 0x8EC9, 0x86A9, 0x75A8, 0x8EC9, 0x8EA9, 0x7E28, 0x8E89, 0x86A9, 0x7E08, 0x75C8,
    0x9F6A, 0x8648, 0x6D67, 0x6D67, 0x8689, 0x7608, 0x75A8, 0x6DC8, 0x75E9, 0x75E9, 0x6588, 0x5D28,
    0x5CE8, 0x5486, 0x5CA7, 0x6527, 0x5C66, 0x5C66, 0x64A7, 0x7587, 0x6D07, 0x6D47, 0x9F6A, 0x9FCA,
    0x8ECA, 0xDAD4, 0xDAD4, 0xE2F5, 0xEB16, 0xFBFC, 0xFBDB, 0xEAF5, 0xF316, 0xFBDB, 0xFB99, 0xFBDB,
    0xFB99, 0xCAB3, 0xF337, 0xFBFC, 0xFBBA, 0xFB99, 0xFBFC, 0xFBDB, 0xFBDB, 0xF379, 0xFBFC, 0xDAF5,
    0xFB99, 0xFBBA, 0xEB36, 0xEB15, 0xFB58, 0xFBBA, 0xFB57, 0xD2B3, 0xF316, 0xF336, 0xE2F5, 0xFB37,
    0xFB58, 0x5C66, 0x5C66, 0x64A6, 0x6D07, 0x5C86, 0x53E5, 0x53E5, 0x5C66, 0x4BC5, 0x4BA5, 0x4BA4,
    0x5406, 0x5425, 0x64A7, 0x6507, 0x6D28, 0x6507, 0x5CC7, 0x5CC7, 0x6568, 0x870A, 0x6DC8, 0x64E7,
    0x6DA8, 0x86A9, 0x7E48, 0x8669, 0x9FCA, 0x974A, 0x8EC9, 0x974A, 0x9FCA, 0x9F8A, 0x9FCA, 0xA7CB,
    0xAFEB, 0x9F6A, 0x75E8, 0x8689, 0x9FAA, 0xB7EC, 0x8F09, 0x8669, 0x7E28, 0x8689, 0x6D87, 0x7567,
    0x7E08, 0x974A, 0x974A, 0x96E9, 0x75A7, 0x75A8, 0x8688, 0x7567, 0x7E08, 0x8648, 0x8689, 0x8EE9,
    0x8EC9, 0x8EE9, 0x75C7, 0x7E08, 0x6D87, 0x6D07, 0x6506, 0x6D47, 0x7E48, 0x7DE8, 0x86A9, 0x7E29,
    0x7E28, 0x8689, 0x7E69, 0x6DA8, 0x5D07, 0x5CC7, 0x4C26, 0x6528, 0x6DA8, 0x5487, 0x54A6, 0x5C87,
    0x5446, 0x64C7, 0x6D67, 0x7DE8, 0x6D87, 0x6D47, 0x9729, 0x8EE9, 0x75E8, 0xBA71, 0xB230, 0xBA71,
    0xD2B3, 0xEAF5, 0xFB78, 0xFB78, 0xCA92, 0xFB78, 0xEB36, 0xFB9A, 0xFB78, 0xFB57, 0xFB78, 0xFB9A,
    0xFBDB, 0xEB57, 0xF357, 0xE316, 0xFBDA, 0xFBDA, 0xEB16, 0xEB16, 0xFBFC, 0xF378, 0xEB36, 0xF336,
    0xFB99, 0xFBBA, 0xF315, 0xD2B3, 0xEB15, 0xFB37, 0xFB37, 0xFB57, 0xEAF5, 0x64C6, 0x64C6, 0x6D27,
    0x64E6, 0x5C46, 0x4BA4, 0x4BA5, 0x4BA4, 0x4BA5, 0x4BA4, 0x4BA5, 0x5405, 0x5C66, 0x5CC6, 0x6D47,
    0x6547, 0x6D48, 0x5CC7, 0x5CE7, 0x6528, 0x6DC8, 0x75C9, 0x5CA7, 0x64E7, 0x7608, 0x7E09, 0x7588,
    0x7E29, 0x8F09, 0x8669, 0xB7EC, 0xA7EB, 0x9F6A, 0x7588, 0x75A7, 0x974A, 0x8EA9, 0x75A8, 0x8648,
    0x972A, 0x974A, 0x970A, 0x75C8, 0x75A8, 0x9F6A, 0xAFEB, 0x75A8, 0x75A8, 0x8668, 0x970A, 0x8668,
    0x7E08, 0x75C8, 0x96EA, 0x8648, 0x9F6A, 0x9F6A, 0x8649, 0x75A8, 0x8EA9, 0x8EE9, 0x7DE8, 0x8EC9,
    0x7DE8, 0x7587, 0x8649, 0x8EC9, 0x8689, 0x75A7, 0x7E08, 0x5CC6, 0x6527, 0x6D47, 0x6D48, 0x5CA7,
    0x5CE8, 0x4C46, 0x4BE6, 0x6568, 0x764A, 0x6D88, 0x6528, 0x5CE7, 0x75C8, 0x8EE9, 0x974A, 0x8EC9,
    0x8649, 0x6D47, 0x7DE8, 0x75A8, 0x6D47, 0xCA92, 0xC272, 0xDAD3, 0xEB15, 0xE2F5, 0xFB36, 0xFB78,
    0xD2B3, 0xE315, 0xDB16, 0xCAB3, 0xF336, 0xFB58, 0xFB99, 0xF357, 0xFBDB, 0xFBBA, 0xFC1C, 0xDAF5,
    0xFB78, 0xFBFB, 0xEB15, 0xFB99, 0xFB78, 0xEB16, 0xF336, 0xEB15, 0xFB57, 0xEB15, 0xCAB3, 0xCA92,
    0xFB57, 0xFB57, 0xF316, 0xF316, 0xD2D3, 0x5C86, 0x6486, 0x64A6, 0x64A6, 0x5445, 0x53E5, 0x5405,
    0x5C86, 0x5CA6, 0x5C66, 0x53E5, 0x5405, 0x5CA6, 0x64A7, 0x64E7, 0x6D68, 0x6D67, 0x6528, 0x5CC7,
    0x7EAA, 0x7629, 0x6507, 0x5CC7, 0x6507, 0x7E49, 0x8F2A, 0xA7EB, 0x86A9, 0x9F6A, 0x8EC9, 0xA7EB,
    0x9FAA, 0x7587, 0x6D27, 0x6D27, 0x86A9, 0x970A, 0x974A, 0xA7EB, 0x9FCA, 0x9FAA, 0xA7EB, 0xAFEB,
    0x75C7, 0xA7EB, 0xAFEB, 0x974A, 0x9FAA, 0x8EC9, 0x9729, 0x970A, 0x7E28, 0x75A8, 0x7E48, 0x8649,
    0x8689, 0x8649, 0x6506, 0x6D27, 0x8EC9, 0x8EC9, 0x6D67, 0x8EC9, 0x8669, 0x8629, 0x8EC9, 0x8EA9,
    0x8EC9, 0x8EA9, 0x75E8, 0x64C7, 0x7608, 0x7E69, 0x7E69, 0x6D88, 0x6568, 0x5CC7, 0x54A7, 0x6568,
    0x5CE7, 0x6528, 0x54A6, 0x6507, 0x7608, 0x972A, 0x86C9, 0x8669, 0x8689, 0x7DE8, 0x7DE8, 0x6D67,
    0x5C86, 0xF316, 0xDAD3, 0xF336, 0xFB37, 0xFB57, 0xE2F4, 0xEB15, 0xD2B3, 0xF316, 0xDAF5, 0xDAD4,
    0xDAD3, 0xFB9A, 0xFB99, 0xFB78, 0xFB79, 0xFC1C, 0xFBFB, 0xD2D4, 0xFB78, 0xFC3D, 0xFBBA, 0xFBDB,
    0xE2F5, 0xEB15, 0xE2F4, 0xF336, 0xFB57, 0xDAD4, 0xCAB2, 0xF336, 0xFB78, 0xFB57, 0xEB15, 0xEB15,
    0xC292, 0x5C66, 0x5C85, 0x64C6, 0x64E6, 0x64C6, 0x5C65, 0x64A6, 0x64E6, 0x64E6, 0x5C85, 0x5C66,
    0x5425, 0x5CA6, 0x5C86, 0x5CA6, 0x5CC6, 0x6507, 0x6527, 0x6507, 0x870B, 0x86AA, 0x6D48, 0x5CC7,
    0x64E7, 0x75C8, 0x75E8, 0xA7EB, 0x8EEA, 0x7E28, 0x8649, 0x976A, 0xA7AB, 0x8689, 0x7E08, 0x7E08,
    0x8629, 0x7E08, 0x6D47, 0x8689, 0x8E89, 0x7E08, 0x972A, 0x974A, 0x7E08, 0x75A8, 0xA7EB, 0x9F8A,
    0x96EA, 0x7E28, 0x8EEA, 0x9FCA, 0x8649, 0x75A7, 0x8629, 0x7587, 0x7DC8, 0x7DE8, 0x75A8, 0x6D07,
    0x8649, 0x970A, 0x7DE8, 0x8648, 0x8669, 0x974A, 0x8649, 0x6D47, 0x8EA9, 0x7E08, 0x7DE8, 0x75E8,
    0x8649, 0x7E29, 0x6DA8, 0x6DA8, 0x6528, 0x7629, 0x7E6A, 0x5D08, 0x5426, 0x4C06, 0x5467, 0x5CC7,
    0x75E9, 0x75E8, 0x6507, 0x6D27, 0x8E89, 0x75C8, 0x8649, 0x974A, 0x9F6B, 0xEAF5, 0xFB37, 0xFB78,
    0xF336, 0xDAD3, 0xDAD4, 0xEB15, 0xFB99, 0xFBDB, 0xFB99, 0xFB37, 0xEB15, 0xFB99, 0xFBBA, 0xFB99,
    0xFBBA, 0xFBBA, 0xE316, 0xCAB3, 0xF357, 0xFC1C, 0xFBDB, 0xFB36, 0xEAF5, 0xDAD4, 0xE2F5, 0xFB57,
    0xF336, 0xDAD4, 0xF316, 0xFB99, 0xFB99, 0xFB57, 0xE2F5, 0xDAD3, 0xD2B3, 0x64E6, 0x6D27, 0x6506,
    0x7567, 0x6D27, 0x6CE7, 0x6D27, 0x6D27, 0x64C6, 0x64A6, 0x5C65, 0x64A6, 0x64E6, 0x6D27, 0x5CA6,
    0x5446, 0x5446, 0x5CC7, 0x5CE7, 0x870A, 0x5CE7, 0x5CC7, 0x6D68, 0x7E89, 0x7608, 0x75A8, 0x7E08,
    0x7E28, 0x8669, 0x6D87, 0x7567, 0x7E48, 0x8669, 0x7DE8, 0x7E08, 0x7DE8, 0x8689, 0x6D67, 0x8EE9,
    0x9729, 0x9709, 0x8EE9, 0x8EA9, 0x75A7, 0x7E28, 0x7E48, 0x8689, 0x8EC9, 0x7587, 0x75C8, 0x9F6A,
    0x9749, 0x8EE9, 0x75A7, 0x8649, 0x8648, 0x9F6A, 0x974A, 0x970A, 0x7E28, 0x8649, 0x75C8, 0x7DE8,
    0x6526, 0x8649, 0x8EC9, 0x8669, 0x7E28, 0x6D47, 0x6D87, 0x8669, 0x6D87, 0x64E7, 0x5D07, 0x7E49,
    0x5D07, 0x6DE9, 0x6588, 0x6568, 0x54C7, 0x5467, 0x5466, 0x6D88, 0x6547, 0x75E8, 0x6507, 0x6D27,
    0x6D87, 0x7E28, 0x8648, 0x8EC9, 0x8689, 0xE2D4, 0xFB57, 0xFB78, 0xEB15, 0xDAD4, 0xDAD3, 0xE2F5,
    0xFB37, 0xFBFB, 0xFBFB, 0xFB58, 0xEB16, 0xFB58, 0xF336, 0xFBBA, 0xFB99, 0xF357, 0xD2D4, 0xEB36,
    0xFB78, 0xFB58, 0xEB15, 0xF336, 0xEB15, 0xE2F5, 0xDAD3, 0xFB57, 0xEB15, 0xEB15, 0xEB15, 0xFBBA,
    0xFBB9, 0xF336, 0xDAD4, 0xDAD4, 0xCA92, 0x6D47, 0x6D67, 0x7567, 0x75A7, 0x7587, 0x6D27, 0x7567,
    0x6D67, 0x6D47, 0x64E6, 0x5425, 0x5425, 0x64C6, 0x6527, 0x6507, 0x5CA6, 0x5466, 0x54A6, 0x5CE7,
    0x86EA, 0x7609, 0x8EEA, 0x7E89, 0x8F0A, 0x86CA, 0x9F8B, 0x7E49, 0x75C8, 0x9FCA, 0x9F6A, 0x8F09,
    0x8689, 0x8689, 0x8EA9, 0x75A8, 0x8669, 0x8668, 0xA7CB, 0x8EA9, 0x8EC9, 0xA7EA, 0x8EA9, 0x7DE8,
    0x8628, 0x8648, 0x7DC8, 0x7587, 0x8628, 0x6D67, 0x6D47, 0x7E08, 0x7E08, 0x8EE9, 0x9F8B, 0x974A,
    0x6D47, 0x8EC9, 0x9F6A, 0x8668, 0x7588, 0x7E28, 0x7588, 0x7E28, 0x6D67, 0x64E6, 0x7588, 0x8689,
    0x7DC8, 0x6D67, 0x8669, 0x86C9, 0x6D68, 0x5466, 0x6528, 0x75E9, 0x5CA7, 0x65A8, 0x762A, 0x5D08,
    0x75E9, 0x6DE9, 0x6D48, 0x7E29, 0x6527, 0x6507, 0x6D47, 0x5C86, 0x64C7, 0x5CA6, 0x7DE8, 0x86A9,
    0x8649, 0xCA92, 0xE2F5, 0xDAD4, 0xEAF5, 0xEAF5, 0xE2F4, 0xEB15, 0xFB58, 0xFB78, 0xFB57, 0xF315,
    0xDAD4, 0xF336, 0xFB57, 0xFB98, 0xFBBA, 0xFB57, 0xEAF5, 0xFB36, 0xFB78, 0xF316, 0xEB15, 0xE2F5,
    0xEB16, 0xE2F4, 0xE2F4, 0xF336, 0xF336, 0xE2F5, 0xEB15, 0xFB57, 0xFB99, 0xCA92, 0xF316, 0xF316,
    0xC292, 0x6D47, 0x7588, 0x7587, 0x75A8, 0x75A7, 0x75A8, 0x7587, 0x6D07, 0x64C6, 0x64C7, 0x5C86,
    0x5C66, 0x5CA6, 0x64E7, 0x64E7, 0x6507, 0x5CA7, 0x5CE7, 0x5D07, 0x5CC7, 0x7629, 0x7E69, 0x6D88,
    0x6507, 0x6507, 0x6507, 0x6D27, 0x75C8, 0x9F6A, 0x974A, 0x9FAB, 0x9F6A, 0x976A, 0x9F8A, 0x9FAA,
    0x9FCA, 0x8669, 0x86A9, 0x7587, 0x6D47, 0x974A, 0x976A, 0xA7CB, 0x9FAA, 0x8EA9, 0x7DE8, 0x6D67,
    0x8EC9, 0x8629, 0x6D47, 0x8EC9, 0x8EA9, 0x7DE8, 0x7E48, 0x976A, 0x8EE9, 0x8EE9, 0x6D67, 0x7E08,
    0x7E28, 0x7DC8, 0x75E8, 0x970A, 0x8668, 0x75C8, 0x7E28, 0x8669, 0x6506, 0x64E7, 0x7E08, 0x8669,
    0x6527, 0x5466, 0x5D07, 0x5CE7, 0x5CC7, 0x5D08, 0x6568, 0x4C46, 0x5CC7, 0x6D68, 0x5D07, 0x75C8,
    0x6527, 0x7588, 0x6DA7, 0x7567, 0x7E28, 0x5C46, 0x5C66, 0x75A8, 0x6D47, 0xE2F5, 0xFB37, 0xFB78,
    0xF316, 0xEB15, 0xE2F4, 0xE2F4, 0xE2F4, 0xF316, 0xCA92, 0xDAD3, 0xDAD3, 0xFB58, 0xFB37, 0xFB78,
    0xFBDA, 0xFB57, 0xDAD3, 0xFB37, 0xFB99, 0xFB78, 0xC271, 0xC292, 0xEB15, 0xFB57, 0xD2D3, 0xFB36,
    0xEB15, 0xFB78, 0xFB78, 0xFB98, 0xEB15, 0xBA71, 0xDAD4, 0xF336, 0xD2B3, 0x6D07, 0x6D47, 0x75A8,
    0x75C7, 0x7588, 0x6D87, 0x6D67, 0x64C6, 0x5C86, 0x5445, 0x64C6, 0x64E6, 0x64E7, 0x5CC6, 0x64E7,
    0x6507, 0x6528, 0x5CE7, 0x5CE7, 0x7E6A, 0x7E6A, 0x75E9, 0x6DA8, 0x7E29, 0x7E08, 0x6D27, 0x6527,
    0x8EA9, 0x6D27, 0x7DC8, 0x6D27, 0x7DE8, 0x7E08, 0x6D67, 0x7E28, 0x972A, 0x976A, 0x8E89, 0x7E28,
    0x6D27, 0x6D47, 0x972A, 0x8EC9, 0x8649, 0x75C8, 0x7DC8, 0x7E08, 0x8E89, 0x7587, 0x6D27, 0x8689,
    0x9F8B, 0x8689, 0x6D07, 0x6507, 0x6D47, 0x8EA9, 0x8649, 0x8EE9, 0x8E89, 0x75C8, 0x7E08, 0x75C8,
    0x974A, 0x972A, 0x8EEA, 0x86A9, 0x7568, 0x6507, 0x7E09, 0x7E69, 0x868A, 0x6D48, 0x6528, 0x5CC7,
    0x5CC7, 0x5446, 0x5467, 0x4C26, 0x6D68, 0x6548, 0x5446, 0x5486, 0x5C46, 0x6D47, 0x5C46, 0x5446,
    0x75A8, 0x64E7, 0x6D47, 0x6D67, 0x6507, 0xFB57, 0xF336, 0xFB79, 0xFB78, 0xDAD3, 0xE2F5, 0xF336,
    0xFB57, 0xE2F4, 0xE2F4, 0xDAD4, 0xE2F5, 0xFBBA, 0xFBBA, 0xFBBA, 0xFBBA, 0xD2B3, 0xE2F5, 0xFB99,
    0xFBFC, 0xFBFC, 0xF316, 0xDAD4, 0xFB57, 0xFB78, 0xF336, 0xEAF5, 0xEB15, 0xFB78, 0xFB57, 0xF336,
    0xCA92, 0xBA71, 0xBA71, 0xDAD4, 0xD2B3, 0x64C6, 0x7588, 0x7587, 0x7588, 0x6D47, 0x6D47, 0x6506,
    0x6D07, 0x64A6, 0x5426, 0x5C45, 0x64A7, 0x64C6, 0x6507, 0x5CC7, 0x6D28, 0x6547, 0x6508, 0x5CE7,
    0x5D27, 0x6528, 0x6D88, 0x5CC7, 0x5CE6, 0x75C8, 0x7E28, 0x974A, 0x8689, 0x75E8, 0x7E28, 0x972A,
    0x6D67, 0x7E08, 0x6D67, 0x6D27, 0x8F09, 0x974A, 0x8688, 0x6D07, 0x6D67, 0x8669, 0x86A9, 0x972A,
    0x8689, 0x8EE9, 0x7E08, 0x7DE8, 0x9729, 0x7587, 0x6506, 0x7567, 0x75E7, 0x8649, 0x7E28, 0x6D07,
    0x6527, 0x6D47, 0x9729, 0x972A, 0x8F09, 0x972A, 0x86A9, 0x75A8, 0x86A9, 0x8689, 0x8F29, 0x972A,
    0x8EE9, 0x7588, 0x64E6, 0x75A8, 0x7608, 0x5CA7, 0x5CC7, 0x5446, 0x4C26, 0x5446, 0x54C7, 0x5467,
    0x54A7, 0x5CC7, 0x5466, 0x5CC7, 0x5CA6, 0x64E7, 0x5445, 0x5405, 0x5C86, 0x5C86, 0x5446, 0x5CA6,
    0x5445, 0xEAF5, 0xEB15, 0xEB15, 0xEB15, 0xDAD4, 0xE2D4, 0xFB57, 0xFB99, 0xDAD4, 0xEAF5, 0xFB58,
    0xFB57, 0xFBDB, 0xFBDB, 0xFB99, 0xEAF5, 0xE2F4, 0xF316, 0xFB57, 0xFB57, 0xFBBA, 0xFB78, 0xF336,
    0xF336, 0xFB57, 0xFB78, 0xF316, 0xE2F4, 0xFB78, 0xD2B3, 0xC271, 0xAA2F, 0xD2D3, 0xDAD4, 0xDAD4,
    0xCA92, 0x6D07, 0x6D67, 0x6D27, 0x6506, 0x64A6, 0x5C65, 0x5C66, 0x5C86, 0x64A6, 0x5C65, 0x5C66,
    0x5C86, 0x6507, 0x6507, 0x6527, 0x6527, 0x6548, 0x6547, 0x5D07, 0x6DC9, 0x7609, 0x7E6A, 0x6D68,
    0x64E7, 0x5CC7, 0x970A, 0x972A, 0x6D27, 0x75C8, 0x7E08, 0x7E08, 0x6D27, 0x6507, 0x6D27, 0x6507,
    0x8EEA, 0x8EC9, 0x974A, 0x7587, 0x974A, 0x974A, 0x7E08, 0x8EE9, 0x7E08, 0x9F8A, 0x9F8B, 0x972A,
    0x972A, 0x976A, 0x9F6A, 0x8EE9, 0x8689, 0x8669, 0x96EA, 0x7DE8, 0x6D27, 0x75A7, 0x7DE8, 0x75A7,
    0x7E28, 0x8689, 0x7DE8, 0x7587, 0x7E29, 0x8689, 0x970A, 0x970A, 0x970A, 0x8EE9, 0x8EEA, 0x7E49,
    0x7E29, 0x5CE7, 0x5446, 0x5487, 0x6528, 0x5D08, 0x5D08, 0x4C06, 0x5426, 0x4C26, 0x5CC7, 0x5CE7,
    0x5CC7, 0x5405, 0x5426, 0x5405, 0x64A6, 0x4BE5, 0x5406, 0x4BC5, 0x5406, 0xCA92, 0xDAF4, 0xC271,
    0xEB15, 0xCA92, 0xBA71, 0xD2D3, 0xFB78, 0xDAD4, 0xFB57, 0xFB78, 0xFB99, 0xFB78, 0xFB57, 0xD2B3,
    0xB250, 0xBA71, 0xDAD3, 0xE2F5, 0xDAD4, 0xE2F4, 0xD2F4, 0xEB57, 0xFC1C, 0xFBDB, 0xFBFC, 0xFBDB,
    0xFB78, 0xE2F4, 0xCA92, 0xBA71, 0xC291, 0xEB15, 0xE2F5, 0xBA71, 0xD2B3, 0x6D67, 0x7DC8, 0x75C8,
    0x7567, 0x64E6, 0x64A6, 0x5C66, 0x5C66, 0x5C86, 0x6486, 0x5C46, 0x5CA6, 0x64E7, 0x6507, 0x6527,
    0x6D48, 0x6547, 0x6D68, 0x6528, 0x6548, 0x86EB, 0x7EA9, 0x8689, 0x5CC6, 0x8F0A, 0x8EE9, 0x7E29,
    0x64E6, 0x6D07, 0x8F09, 0x7E08, 0x7DE8, 0x6D07, 0x6506, 0x7587, 0x7E28, 0x7DE8, 0x8668, 0x8EE9,
    0x8669, 0x7567, 0x6506, 0x8649, 0x75A7, 0x8689, 0x976A, 0x8649, 0x6507, 0x9F6A, 0x974A, 0x974A,
    0x8EE9, 0x6D27, 0x8668, 0x6507, 0x64E6, 0x7DE8, 0x75A7, 0x75C8, 0x7E08, 0x7DE8, 0x8689, 0x75A8,
    0x6D27, 0x972A, 0x86A9, 0x75C8, 0x8668, 0x6507, 0x75C8, 0x7E49, 0x75E8, 0x7E6A, 0x7649, 0x7629,
    0x7609, 0x6568, 0x4C46, 0x6528, 0x6588, 0x5446, 0x5CA6, 0x6D88, 0x5CA6, 0x64E7, 0x6D67, 0x64A6,
    0x5C46, 0x5426, 0x5CC6, 0x5425, 0x5C86, 0xD2B3, 0xE2F4, 0xF336, 0xEB15, 0xC271, 0xCA92, 0xEB16,
    0xFB78, 0xE2F4, 0xCAB2, 0xFB36, 0xFB99, 0xFB37, 0xEB15, 0xDAD4, 0xB250, 0xC271, 0xD2D3, 0xD2D3,
    0xD2D3, 0xDAD4, 0xCAF4, 0xF399, 0xFC3D, 0xFBBA, 0xFBDA, 0xFBDB, 0xFC1C, 0xCAB2, 0xB250, 0xCAB3,
    0xDAF4, 0xF336, 0xCA92, 0xCAB2, 0xD2B3, 0x7587, 0x75E7, 0x7E08, 0x75C7, 0x7587, 0x6506, 0x5C86,
    0x5405, 0x5405, 0x5405, 0x5425, 0x5CA6, 0x64E7, 0x5CC6, 0x5CC7, 0x6507, 0x6508, 0x5D07, 0x6528,
    0x7E8A, 0x7629, 0x6D88, 0x6548, 0x75E9, 0x8EEA, 0x8F0A, 0x8F0A, 0x972A, 0x75A8, 0x974A, 0x972A,
    0x974A, 0x86A9, 0x8649, 0x6D47, 0x7568, 0x64E7, 0x6D07, 0x6507, 0x6D07, 0x7587, 0x8669, 0x7E48,
    0x6D27, 0x6D67, 0x7DE8, 0x7E08, 0x7568, 0x6D27, 0x6D47, 0x75C8, 0x7E08, 0x8648, 0x972A, 0x8F09,
    0x970A, 0x8EC9, 0x6D07, 0x6D27, 0x7588, 0x75C8, 0x7DE8, 0x64C6, 0x7DC8, 0x7E08, 0x7E08, 0x6D67,
    0x8629, 0x75C8, 0x75A8, 0x6527, 0x6D88, 0x6D68, 0x7609, 0x6DE9, 0x6DC9, 0x5CE7, 0x5CC8, 0x6DC9,
    0x762A, 0x7609, 0x7609, 0x6D68, 0x6507, 0x6D47, 0x6507, 0x6527, 0x64E7, 0x4BE5, 0x5C66, 0x5425,
    0x5C46, 0xDAD4, 0xFB37, 0xFB58, 0xF336, 0xC292, 0xDAD4, 0xFB57, 0xFB37, 0xDAD4, 0xE2F4, 0xEB15,
    0xE2F4, 0xC292, 0xFB57, 0xDAD4, 0xBA71, 0xDAD4, 0xEB16, 0xEB15, 0xFB77, 0xF336, 0xD2F5, 0xEB57,
    0xFB99, 0xF377, 0xFBFB, 0xFBB9, 0xFB57, 0xBA70, 0xC292, 0xDAD4, 0xEB15, 0xE2F4, 0xB250, 0xCAB3,
    0xDAD4, 0x6D07, 0x7DE8, 0x6D67, 0x6D27, 0x6D07, 0x64A6, 0x5445, 0x5C46, 0x5425, 0x5406, 0x5445,
    0x5C86, 0x5CA6, 0x5C87, 0x5486, 0x5CC7, 0x5CC7, 0x6528, 0x5D28, 0x7609, 0x7EAA, 0x6DC9, 0x5CC7,
    0x5CA6, 0x8EEA, 0x6527, 0x8F0A, 0x8689, 0x7588, 0x8F29, 0x972A, 0x8F29, 0x972A, 0x86A9, 0x6D47,
    0x75E8, 0x7587, 0x75C8, 0x7E28, 0x64E6, 0x75A8, 0x75A7, 0x8EA9, 0x7E48, 0x7587, 0x86A9, 0x7DC8,
    0x6527, 0x7E28, 0x75E8, 0x8669, 0x8F29, 0x8EA9, 0x75C8, 0x972A, 0x86A9, 0x7E08, 0x64C6, 0x64E7,
    0x6D47, 0x7587, 0x6D47, 0x8669, 0x86A9, 0x75C8, 0x7E08, 0x8649, 0x75C7, 0x7E08, 0x75C8, 0x5C86,
    0x5CA6, 0x5CA7, 0x7609, 0x6DC9, 0x5D27, 0x54A7, 0x54A7, 0x7629, 0x6DE9, 0x6DA8, 0x6D68, 0x6D88,
    0x5CE7, 0x4385, 0x4BE5, 0x64E7, 0x5CA6, 0x5C66, 0x4384, 0x5426, 0x4BE5, 0xE2F4, 0xEAF5, 0xF336,
    0xE2F4, 0xCAB3, 0xC292, 0xE2F4, 0xE2F5, 0xE2F4, 0xE2F5, 0xD2B3, 0xB250, 0xC271, 0xF336, 0xDAD4,
    0xC271, 0xEB15, 0xEB15, 0xEB15, 0xFB78, 0xF336, 0xDAD4, 0xE2F4, 0xF336, 0xFC1D, 0xFBDB, 0xEB15,
    0xCA92, 0xC292, 0xDAD3, 0xE2F4, 0xCAB2, 0xDAD4, 0xBA71, 0xDAD3, 0xCA92, 0x53E5, 0x75A7, 0x6D47,
    0x6D87, 0x7567, 0x64E6, 0x64A6, 0x5C86, 0x5C66, 0x5405, 0x5405, 0x5445, 0x75A8, 0x6D67, 0x5C86,
    0x5486, 0x5CE7, 0x5D07, 0x6D88, 0x5CA7, 0x7E8A, 0x7609, 0x6D88, 0x5CA7, 0x6D68, 0x8689, 0x64C6,
    0x64E7, 0x6507, 0x7568, 0x6D47, 0x8EC9, 0x7E28, 0x8EEA, 0x8EA9, 0x8EA9, 0x7DE8, 0x8689, 0x974A,
    0x75A8, 0x7E28, 0x8649, 0x8EE9, 0x75C8, 0x7E28, 0x972A, 0x6D27, 0x6D07, 0x64E6, 0x7568, 0x7E08,
    0x7E28, 0x64E6, 0x64E7, 0x8689, 0x7568, 0x8689, 0x8EA9, 0x64E6, 0x6D07, 0x75C8, 0x8629, 0x8EE9,
    0x970A, 0x7587, 0x7E08, 0x7E28, 0x6D47, 0x64E6, 0x6D07, 0x5C86, 0x6D28, 0x5466, 0x75E9, 0x5CC7,
    0x5CC7, 0x4C06, 0x6548, 0x6588, 0x5487, 0x5446, 0x5467, 0x6507, 0x5446, 0x4BE5, 0x4325, 0x5405,
    0x5C66, 0x5446, 0x4BA5, 0x4BC5, 0x4B65, 0x4BC5, 0xEB15, 0xE2F5, 0xD2B3, 0xD2D3, 0xDAD4, 0xD2B3,
    0xF316, 0xE2F5, 0xDAF4, 0xD2B3, 0xE2F4, 0xE2F5, 0xEB15, 0xC292, 0xBA71, 0xFB57, 0xD2D3, 0xDAD3,
    0xFB57, 0xCAB2, 0xEB15, 0xE2F5, 0xFB57, 0xF336, 0xE2F5, 0xD2B3, 0xE2F5, 0xBA70, 0xCA92, 0xD2B3,
    0xC292, 0xD2B3, 0xDAD4, 0xEB15, 0xDAD3, 0xCA92, 0x53C5, 0x5C66, 0x7E28, 0x7E08, 0x7588, 0x64E6,
    0x64E7, 0x6506, 0x64C7, 0x5C66, 0x5C46, 0x6527, 0x75C8, 0x75C8, 0x6527, 0x5CA6, 0x5CC7, 0x5D07,
    0x5D28, 0x6568, 0x5CC7, 0x7E6A, 0x5CC7, 0x6D48, 0x7E89, 0x7E08, 0x6507, 0x75C8, 0x8EC9, 0x7DE8,
    0x75E8, 0x8E89, 0x8EC9, 0x972A, 0x974A, 0x8EA9, 0x6D67, 0x75A8, 0x7E48, 0x8629, 0x7E28, 0x974A,
    0x9729, 0x9F4A, 0x8689, 0x75A8, 0x6D67, 0x6D67, 0x7587, 0x8EC9, 0x8689, 0x8669, 0x8EC9, 0x972A,
    0x7E08, 0x7E28, 0x75C7, 0x7E08, 0x8689, 0x7E28, 0x75E8, 0x7DE8, 0x7E28, 0x75A8, 0x6D67, 0x7E28,
    0x8EC9, 0x7568, 0x75A7, 0x8689, 0x7E69, 0x6D88, 0x5CE7, 0x5D08, 0x65A8, 0x5487, 0x5D28, 0x6DC9,
    0x6528, 0x6508, 0x6547, 0x5466, 0x4BE5, 0x5C86, 0x4384, 0x53E5, 0x5405, 0x5426, 0x4C05, 0x5405,
    0x4BA5, 0x53E5, 0xDAD4, 0xDAD4, 0xDAD3, 0xE2F4, 0xFB57, 0xD2B3, 0xCA92, 0xE2F4, 0xF316, 0xE2F5,
    0xFB78, 0xFBDA, 0xE336, 0xDB15, 0xDAF4, 0xE2F5, 0xE2F4, 0xFB99, 0xFB57, 0xE2F4, 0xFB99, 0xE2F4,
    0xFB36, 0xFB57, 0xDAD3, 0xD2D3, 0xDAD4, 0xBA71, 0xBA71, 0xDAD3, 0xD2D3, 0xCAB2, 0xD2B3, 0xEB15,
    0xE2F4, 0xBA71, 0x5405, 0x53E5, 0x4BE5, 0x53E5, 0x64C6, 0x64C6, 0x6D67, 0x6D47, 0x6506, 0x64E7,
    0x5CA6, 0x5446, 0x5466, 0x75C8, 0x75E8, 0x6D68, 0x5466, 0x5487, 0x6569, 0x6548, 0x5CA7, 0x6D88,
    0x6507, 0x5CC7, 0x6D88, 0x8F0A, 0x972A, 0x7E28, 0x8669, 0x75E8, 0x8EA9, 0x972A, 0x974A, 0x8668,
    0x974A, 0x8649, 0x8689, 0x974A, 0x974A, 0x8EA9, 0x7588, 0x6D87, 0x7DE8, 0x7E28, 0x6D67, 0x75C8,
    0x8ECA, 0x8649, 0x8EEA, 0x972A, 0x8EA9, 0x972A, 0x970A, 0x86A9, 0x7568, 0x8669, 0x8669, 0x8EE9,
    0x970A, 0x7E08, 0x6D07, 0x64E7, 0x64C7, 0x86A9, 0x7DE8, 0x6D67, 0x75A8, 0x6D67, 0x64E7, 0x75C8,
    0x7E49, 0x5CA7, 0x6D48, 0x6568, 0x7E6A, 0x5D28, 0x760A, 0x7E8A, 0x75E9, 0x6D88, 0x7E6A, 0x6DA8,
    0x7E29, 0x6DA8, 0x6D47, 0x5CA6, 0x4BC5, 0x53E5, 0x53E5, 0x4BA5, 0x4B65, 0x53E5, 0xBA71, 0xCA92,
    0xDAD4, 0xD2D3, 0xEB16, 0xCA92, 0xF336, 0xF316, 0xFB37, 0xDAD3, 0xE2F4, 0xF336, 0xD2B3, 0xCA92,
    0xEB15, 0xE2F4, 0xF336, 0xFB57, 0xFB99, 0xFB36, 0xFB99, 0xDAD3, 0xE2F4, 0xCA92, 0xC292, 0xD2B3,
    0xDAD4, 0xDAD4, 0xBA71, 0xCA92, 0xE2F4, 0xCAB2, 0xCAB2, 0xDAD4, 0xE2F5, 0xB250, 0x75A8, 0x64A6,
    0x53E5, 0x5405, 0x4BA5, 0x4364, 0x5C66, 0x6D27, 0x6D07, 0x64C6, 0x64A7, 0x5446, 0x5446, 0x5466,
    0x5CA7, 0x6DA8, 0x6568, 0x5466, 0x6568, 0x6548, 0x6DA8, 0x6D68, 0x5CC6, 0x5CC7, 0x6507, 0x8689,
    0x75A7, 0x7588, 0x6D87, 0x6D67, 0x7E48, 0x8EE9, 0x8EC9, 0x75A8, 0x6D47, 0x6D27, 0x7E28, 0x8669,
    0x86C9, 0x8EE9, 0x974A, 0x8689, 0x75A7, 0x8689, 0x8EC9, 0x8EC9, 0x8668, 0x7587, 0x6D67, 0x8649,
    0x7E08, 0x7E28, 0x7DE8, 0x972A, 0x6506, 0x64E7, 0x7E28, 0x970A, 0x8EC9, 0x7E08, 0x7E08, 0x7DE8,
    0x6D27, 0x8669, 0x7E28, 0x7DE8, 0x8689, 0x8EC9, 0x6D67, 0x5C86, 0x6DC8, 0x7E49, 0x6D88, 0x5CA7,
    0x6548, 0x5D08, 0x54A7, 0x7609, 0x7629, 0x7E49, 0x7629, 0x7E29, 0x7608, 0x6507, 0x5466, 0x4BC5,
    0x4BA5, 0x4BC5, 0x4BC5, 0x4BC5, 0x43A4, 0x5C46, 0xD2B3, 0xFB37, 0xD2B3, 0xCA92, 0xD2B3, 0xE2F4,
    0xFB78, 0xF336, 0xFB36, 0xFB78, 0xEB15, 0xDAD4, 0xCA92, 0xFB99, 0xFB77, 0xE2F5, 0xE2F4, 0xCAB3,
    0xCA92, 0xF316, 0xEB15, 0xCAB2, 0xCA92, 0xB250, 0xB250, 0xE2F4, 0xDAD4, 0xD2D3, 0xA20E, 0xCAB2,
    0xE2F4, 0xC291, 0xCA92, 0xDAD3, 0xD2B2, 0xC292, 0x7E28, 0x7DE8, 0x6D26, 0x64E7, 0x4BC5, 0x4B85,
    0x4344, 0x4BC5, 0x6D27, 0x6D07, 0x64E6, 0x64C7, 0x5C86, 0x5C86, 0x5446, 0x5CE7, 0x6D88, 0x7609,
    0x762A, 0x7E6A, 0x7E29, 0x6D88, 0x7E49, 0x6DA8, 0x8689, 0x7E08, 0x7588, 0x75E8, 0x8649, 0x7587,
    0x7E28, 0x75E8, 0x7DE8, 0x64E6, 0x6D07, 0x75A7, 0x8EA9, 0x8669, 0x8EA9, 0x6D87, 0x8EC9, 0x8689,
    0x8669, 0x6506, 0x7E08, 0x974A, 0x974A, 0x86A9, 0x6D07, 0x6D67, 0x8689, 0x7E28, 0x8629, 0x86A9,
    0x6D47, 0x75C8, 0x7E29, 0x75A8, 0x75C8, 0x8689, 0x75A8, 0x64C6, 0x64C7, 0x8648, 0x7DE8, 0x7E28,
    0x7588, 0x75E8, 0x8EAA, 0x6D47, 0x5CA7, 0x7E89, 0x7E8A, 0x5487, 0x5487, 0x5466, 0x4C27, 0x4C46,
    0x4BC6, 0x5CC7, 0x6DA9, 0x4BE5, 0x64C7, 0x5CA6, 0x5406, 0x4385, 0x53E5, 0x4BE5, 0x5426, 0x5405,
    0x4B85, 0x5425, 0xDAD4, 0xFB36, 0xE2F5, 0xDAD4, 0xFB37, 0xEB15, 0xEB15, 0xE2F5, 0xFB78, 0xFBB9,
    0xFB57, 0xC292, 0xE2F4, 0xFBDB, 0xFB99, 0xDAD3, 0xDAF4, 0xCA92, 0xD2B3, 0xDAF4, 0xD2B3, 0xD2B3,
    0xD2B3, 0xCA92, 0xBA71, 0xDAD3, 0xE2F4, 0xBA71, 0xAA30, 0xC292, 0xE2F4, 0xCA92, 0xF336, 0xEB15,
    0xD2D3, 0xC271, 0x6CE7, 0x75A7, 0x6D47, 0x5405, 0x64E7, 0x6507, 0x6D47, 0x4BA5, 0x4BA5, 0x64C6,
    0x6D47, 0x64E7, 0x5C66, 0x5C86, 0x64E7, 0x5CC7, 0x64E8, 0x6568, 0x6DC9, 0x7609, 0x6DA8, 0x75C9,
    0x86AA, 0x75C8, 0x5CA6, 0x64C7, 0x64C6, 0x7E08, 0x7E48, 0x7E08, 0x75C7, 0x7567, 0x75A7, 0x64E7,
    0x64E6, 0x7E29, 0x8689, 0x75C8, 0x974A, 0x970A, 0x6506, 0x6507, 0x6506, 0x7588, 0x86C9, 0x974A,
    0x974A, 0x7E08, 0x64E6, 0x64E7, 0x6D67, 0x75C8, 0x7E08, 0x7E28, 0x64C6, 0x75A8, 0x75E8, 0x7DE8,
    0x6D47, 0x6D47, 0x75A7, 0x6D27, 0x5CA6, 0x8EA9, 0x7E48, 0x8649, 0x6D67, 0x7568, 0x7608, 0x5CC7,
    0x5466, 0x7E8A, 0x7ECA, 0x6568, 0x6568, 0x54A7, 0x5487, 0x6DC9, 0x43C5, 0x4C06, 0x6DC8, 0x4BA5,
    0x4C05, 0x5426, 0x3B24, 0x5C46, 0x5446, 0x4B85, 0x4C05, 0x5C46, 0x5405, 0x5C66, 0xDAD3, 0xF316,
    0xDAF4, 0xD2B3, 0xE2F4, 0xE2F4, 0xE2F4, 0xDAD4, 0xEB15, 0xFB78, 0xDAD4, 0xC292, 0xD2B3, 0xEB16,
    0xD2D3, 0xE2F4, 0xE2F4, 0xDAF4, 0xE2F5, 0xD2D3, 0xBA71, 0xF336, 0xDAD3, 0xE2F4, 0xB250, 0xBA70,
    0xBA71, 0xCA92, 0xDAD4, 0xE2F5, 0xF336, 0xCAB2, 0xDAD4, 0xDAF4, 0xDAD3, 0xCAB2, 0x6D47, 0x6507,
    0x7587, 0x64C6, 0x75E7, 0x64E6, 0x7DE8, 0x7DE8, 0x5C65, 0x4BC5, 0x5425, 0x6D47, 0x5CC6, 0x5CC7,
    0x6507, 0x5CC7, 0x54C7, 0x5CC7, 0x5467, 0x7E6A, 0x6DA9, 0x75E8, 0x86AA, 0x6D88, 0x6D48, 0x5CC6,
    0x8649, 0x8689, 0x8669, 0x64E6, 0x6D07, 0x6D67, 0x8EA9, 0x7E08, 0x8EA9, 0x8669, 0x8ECA, 0x7E28,
    0x7DE8, 0x8EA9, 0x9F6A, 0x75A8, 0x6D27, 0x6507, 0x8689, 0x8EE9, 0x7DE8, 0x7DE8, 0x970A, 0x972A,
    0x7E29, 0x75C8, 0x6D07, 0x7E08, 0x75C8, 0x75A8, 0x8669, 0x8689, 0x7DE8, 0x7DE8, 0x8EEA, 0x8648,
    0x6D47, 0x8EE9, 0x7E08, 0x8669, 0x6D67, 0x64C6, 0x6D48, 0x5CC7, 0x64C7, 0x75C8, 0x7E6A, 0x7609,
    0x762A, 0x6DC9, 0x5487, 0x54A7, 0x5447, 0x5D07, 0x6D68, 0x4C26, 0x5406, 0x5426, 0x4345, 0x4344,
    0x5406, 0x4364, 0x4B85, 0x4BE5, 0x4B85, 0x5405, 0xFB78, 0xF316, 0xEB15, 0xDAD4, 0xFB37, 0xFB57,
    0xEB15, 0xD2B3, 0xCAB3, 0xDAD4, 0xC292, 0xD2B3, 0xEB15, 0xDAF4, 0xDAD4, 0xFB78, 0xFBBA, 0xF336,
    0xD2D3, 0xC292, 0xD2D3, 0xD2B3, 0xCA92, 0xA22F, 0xA22F, 0xC291, 0xC292, 0xCA92, 0xD2B3, 0xEB15,
    0xFB57, 0xD2B3, 0xDAD4, 0xCAB2, 0xE2F4, 0xC292, 0x7567, 0x5405, 0x6D27, 0x64C6, 0x8628, 0x75C7,
    0x7DE8, 0x75C8, 0x6D47, 0x5425, 0x53E5, 0x4BA5, 0x4BC5, 0x6547, 0x6D88, 0x6507, 0x6528, 0x5CE7,
    0x5CC7, 0x7609, 0x54A7, 0x6D68, 0x7E69, 0x75C8, 0x6D67, 0x6D27, 0x86A9, 0x970A, 0x75C8, 0x64E7,
    0x64C6, 0x64E7, 0x86A9, 0x7DE8, 0x6D67, 0x86A9, 0x8EE9, 0x7E08, 0x6D47, 0x75A8, 0x86A9, 0x974A,
    0x8688, 0x6D27, 0x75A7, 0x7E28, 0x75A7, 0x6D67, 0x8EC9, 0x972A, 0x8EE9, 0x6D67, 0x64E6, 0x6D67,
    0x64C6, 0x64C7, 0x7E28, 0x8669, 0x7E28, 0x6D07, 0x6D47, 0x75A8, 0x5CA6, 0x6D47, 0x7587, 0x8669,
    0x6D67, 0x64E7, 0x6D67, 0x75A8, 0x6527, 0x6527, 0x5D07, 0x6DA9, 0x54C7, 0x6DE9, 0x5D07, 0x5487,
    0x6DE9, 0x6DA8, 0x43A5, 0x4BE6, 0x43C5, 0x4BE5, 0x4C05, 0x4BE5, 0x3B24, 0x4365, 0x3B24, 0x53E5,
    0x3AE3, 0x4B85, 0xFB57, 0xFB58, 0xDAD4, 0xE2F4, 0xE2F5, 0xF316, 0xEAF5, 0xE2F4, 0xD2D3, 0xBA71,
    0xB250, 0xE2F4, 0xFB57, 0xEAF5, 0xD2D3, 0xFB78, 0xFB99, 0xE2F5, 0xC271, 0xD2B3, 0xC271, 0xC292,
    0xD2B3, 0xCAB2, 0xCA92, 0xE2F4, 0xE2F4, 0xB250, 0xB270, 0xDAF4, 0xDAD3, 0xD2D3, 0xCA92, 0xD2D3,
    0xD2D3, 0xAA2F, 0x64C6, 0x6D07, 0x5CA6, 0x5C86, 0x7DE8, 0x7587, 0x6506, 0x6507, 0x5445, 0x64A6,
    0x5CA6, 0x4BE5, 0x43A5, 0x4C06, 0x6D87, 0x7609, 0x6DC8, 0x6568, 0x7E6A, 0x7E6A, 0x7E8A, 0x86AA,
    0x6DA8, 0x7E89, 0x7E29, 0x5CA6, 0x64C7, 0x75A7, 0x8E89, 0x8EC9, 0x8689, 0x7587, 0x7568, 0x6D67,
    0x6507, 0x64E6, 0x7DC8, 0x8669, 0x75A8, 0x64E6, 0x6D07, 0x6D67, 0x7DE8, 0x86A9, 0x970A, 0x75C8,
    0x6D47, 0x6D67, 0x6D47, 0x7E28, 0x974A, 0x972A, 0x974A, 0x64E6, 0x64E7, 0x64C6, 0x8E89, 0x8EE9,
    0x8689, 0x6D67, 0x6D07, 0x7E28, 0x7DE8, 0x7E48, 0x7E29, 0x6D27, 0x7568, 0x7E08, 0x7E09, 0x86A9,
    0x7E49, 0x6DA8, 0x7E29, 0x6507, 0x5CA7, 0x5D28, 0x5467, 0x6548, 0x6DC9, 0x5CC7, 0x5447, 0x43C5,
    0x3B24, 0x4BC5, 0x6507, 0x6D67, 0x5C86, 0x3AE4, 0x3B04, 0x4324, 0x4BA5, 0x4364, 0x4BC5, 0xD2B3,
    0xCA92, 0xD2B3, 0xEAF5, 0xDAD3, 0xE2F5, 0xEB15, 0xD2D3, 0xB250, 0xC292, 0xE2F5, 0xFB36, 0xFB36,
    0xFB99, 0xFB57, 0xFB57, 0xD2B3, 0xDAD3, 0xE2F4, 0xC291, 0xC292, 0xE2F4, 0xD2D3, 0xCAB3, 0xCAB2,
    0xDAD4, 0xBA71, 0xBA71, 0xE2F5, 0xEB15, 0xDAD4, 0xCAB2, 0xE2F5, 0xEB15, 0xBA71, 0xFB57, 0x64E6,
    0x6D67, 0x64E6, 0x7567, 0x75C8, 0x64A6, 0x5405, 0x5C46, 0x6D47, 0x5C86, 0x5C86, 0x6D68, 0x4BE5,
    0x5426, 0x6507, 0x7609, 0x6DE9, 0x5CC7, 0x5CC7, 0x6588, 0x6D68, 0x6547, 0x6D88, 0x75C8, 0x6D47,
    0x5CC6, 0x7E28, 0x75A7, 0x972A, 0x8F09, 0x8E89, 0x75E8, 0x75C8, 0x7E08, 0x7DC8, 0x6D67, 0x972A,
    0x8EA9, 0x6D07, 0x6D27, 0x8649, 0x86A9, 0x8EC9, 0x8668, 0x8669, 0x8EA9, 0x8E89, 0x6D67, 0x970A,
    0x972A, 0x974A, 0x972A, 0x6D27, 0x64E6, 0x64C7, 0x8EE9, 0x970A, 0x8EE9, 0x7588, 0x7E08, 0x8689,
    0x8EE9, 0x8649, 0x86A9, 0x6D47, 0x75C8, 0x7E08, 0x5466, 0x75A8, 0x86CA, 0x7E69, 0x6527, 0x6548,
    0x5486, 0x5CA7, 0x5487, 0x5CC7, 0x5487, 0x4BC6, 0x4385, 0x4365, 0x3B24, 0x4BA5, 0x5CA6, 0x64E7,
    0x5446, 0x4324, 0x43A4, 0x4BA5, 0x64C6, 0x6D47, 0x64C6, 0xC292, 0xCA92, 0xE2F4, 0xE2F4, 0xDAD4,
    0xEB15, 0xF336, 0xE2F4, 0xCA92, 0xDAD4, 0xE2F4, 0xCAB2, 0xFB99, 0xFB99, 0xFB78, 0xE2F4, 0xE2F5,
    0xEAF5, 0xDAD4, 0xDAF4, 0xDAD3, 0xD2B3, 0xCA92, 0xCAB2, 0xF336, 0xCAB2, 0xDAD4, 0xD2B3, 0xEB15,
    0xDAD3, 0xD2B3, 0xD2B3, 0xDAD4, 0xFB78, 0xFB57, 0xFB98, 0x64C6, 0x7DE8, 0x7DE8, 0x5CA6, 0x7587,
    0x6D27, 0x64E7, 0x6D47, 0x75C8, 0x6D47, 0x6507, 0x6D67, 0x6507, 0x5426, 0x5446, 0x6568, 0x7629,
    0x7E8A, 0x6548, 0x6D68, 0x6527, 0x6D48, 0x5CA6, 0x64E7, 0x7E28, 0x8649, 0x972A, 0x7DE8, 0x75C8,
    0x8649, 0x8EE9, 0x8649, 0x7E28, 0x7588, 0x7E28, 0x6D07, 0x7E28, 0x974A, 0x8689, 0x9F6A, 0x976A,
    0x9F6B, 0x75C8, 0x8649, 0x7E28, 0x972A, 0x974A, 0x75A8, 0x6D67, 0x8E89, 0x7E28, 0x9F4A, 0x75C8,
    0x6D07, 0x64C6, 0x970A, 0x8EE9, 0x8E89, 0x75A8, 0x7588, 0x75C8, 0x75A8, 0x64A6, 0x7DE8, 0x8EC9,
    0x8EEA, 0x86A9, 0x5C86, 0x5CA6, 0x7588, 0x7609, 0x5C87, 0x6527, 0x5CE8, 0x6DC9, 0x6DC9, 0x5D28,
    0x5CE8, 0x5CE7, 0x5C87, 0x3B45, 0x4385, 0x4C06, 0x5426, 0x4364, 0x5426, 0x64E7, 0x6D07, 0x5425,
    0x6D07, 0x6D27, 0x6D27, 0xDAD4, 0xDAD4, 0xEB15, 0xF336, 0xE2F5, 0xFB58, 0xEB15, 0xD2B3, 0xCA92,
    0xF336, 0xE2F4, 0xEB15, 0xFB99, 0xFBB9, 0xE2F5, 0xBA71, 0xEB15, 0xE2F5, 0xEB15, 0xEB15, 0xEB15,
    0xEB15, 0xD2D3, 0xF316, 0xFB57, 0xE2F4, 0xCA92, 0xE2F4, 0xC291, 0xCAB2, 0xEB15, 0xF336, 0xE2F4,
    0xFB99, 0xFB57, 0xDAD4, 0x6D67, 0x7DA8, 0x6507, 0x5C86, 0x5445, 0x7547, 0x64A6, 0x6D07, 0x7587,
    0x8669, 0x75C8, 0x6D68, 0x6D87, 0x7588, 0x5486, 0x5446, 0x75E9, 0x5D27, 0x5CE7, 0x6568, 0x6548,
    0x6547, 0x7E49, 0x6D67, 0x6D47, 0x7E28, 0x970A, 0x8EC9, 0x6D67, 0x75E8, 0x974A, 0x974A, 0x7DE8,
    0x6D67, 0x8EC9, 0x9729, 0x972A, 0x8F29, 0x974A, 0x974A, 0x75C8, 0x75A7, 0x7E48, 0x8689, 0x8669,
    0x8F29, 0x7E28, 0x6D67, 0x6D47, 0x75A7, 0x9F6A, 0x7E08, 0x64E7, 0x64E6, 0x6D47, 0x86A9, 0x75A8,
    0x7E48, 0x7E28, 0x6D67, 0x7DE8, 0x64E6, 0x5C86, 0x7E08, 0x8629, 0x7E08, 0x8EC9, 0x75A8, 0x7DE8,
    0x6547, 0x6D47, 0x6507, 0x5CC7, 0x4C26, 0x6DA9, 0x6DC9, 0x54A7, 0x4C26, 0x6528, 0x5D27, 0x5426,
    0x4385, 0x5C66, 0x4BC5, 0x4344, 0x4BA4, 0x64C6, 0x6D87, 0x4BC5, 0x5445, 0x6D27, 0x5445, 0xCA92,
    0xC291, 0xDAD4, 0xE2F4, 0xDAD3, 0xD2D3, 0xC271, 0xBA71, 0xD2B3, 0xDAD4, 0xDAD4, 0xEB15, 0xFB78,
    0xEB15, 0xC291, 0xBA71, 0xDAD4, 0xD2B3, 0xDAD4, 0xEB15, 0xE2F4, 0xD2B3, 0xCA92, 0xFB78, 0xFB57,
    0xCA92, 0xD2B3, 0xE2F4, 0xC271, 0xBA71, 0xEB15, 0xFB57, 0xF336, 0xDAD3, 0xCAB2, 0xC271, 0x7567,
    0x64E6, 0x64C6, 0x6D47, 0x64E7, 0x5405, 0x53E5, 0x64C6, 0x64E7, 0x7E28, 0x6D27, 0x75E8, 0x7E09,
    0x6527, 0x6527, 0x5CE7, 0x5446, 0x6568, 0x54A7, 0x7E29, 0x6DA8, 0x6528, 0x5C86, 0x6507, 0x6507,
    0x64E7, 0x6527, 0x8E89, 0x7E48, 0x6D67, 0x8EC9, 0x9F6A, 0x8EA9, 0x7DE8, 0x8689, 0x974A, 0x7E48,
    0x64E7, 0x64E6, 0x7E08, 0x6D27, 0x6D07, 0x64E6, 0x7568, 0x6D27, 0x7568, 0x86A9, 0x9F6A, 0x6D67,
    0x6D27, 0x86A9, 0x8EEA, 0x75E8, 0x75A8, 0x75A8, 0x6D47, 0x6507, 0x8629, 0x75A7, 0x75A8, 0x8EC9,
    0x7588, 0x64E6, 0x7DE8, 0x6D47, 0x6D47, 0x75E8, 0x6D07, 0x6D47, 0x6507, 0x6507, 0x5CC7, 0x5446,
    0x5CC7, 0x7629, 0x6528, 0x4C06, 0x4C26, 0x4BE5, 0x4BE6, 0x4C06, 0x5466, 0x6527, 0x64C7, 0x6507,
    0x5C66, 0x5405, 0x75A8, 0x6D67, 0x64A7, 0x7E28, 0x7568, 0xBA71, 0xDAD4, 0xEAF5, 0xE2F4, 0xB250,
    0xC292, 0xC292, 0xE2F5, 0xFB37, 0xFB99, 0xFB57, 0xE2F4, 0xEAF5, 0xCAB2, 0xBA71, 0xD2D3, 0xDAD4,
    0xE2F4, 0xF336, 0xFB37, 0xBA71, 0xBA71, 0xD2D3, 0xFB99, 0xD2B3, 0xBA71, 0xEB15, 0xEB15, 0xC271,
    0xB250, 0xDAD4, 0xFB98, 0xEB15, 0xC271, 0xE2F5, 0xFB57, 0x64A6, 0x8649, 0x75A7, 0x7E08, 0x8689,
    0x5C66, 0x5405, 0x7567, 0x7E08, 0x6D47, 0x7E08, 0x8ECA, 0x6527, 0x6D48, 0x6D68, 0x6D68, 0x5CA7,
    0x6548, 0x7609, 0x7649, 0x5CE7, 0x7609, 0x86CA, 0x86A9, 0x6DA8, 0x6507, 0x64C7, 0x75A7, 0x970A,
    0x8EE9, 0x8EEA, 0x86A9, 0x8F0A, 0x6D67, 0x7DE8, 0x8F09, 0x6D67, 0x64E6, 0x6507, 0x64E6, 0x8EA9,
    0x8EE9, 0x7DC8, 0x8689, 0x6D27, 0x6D27, 0x6D47, 0x978A, 0x7E28, 0x6D27, 0x7588, 0x75C8, 0x8EE9,
    0x86A9, 0x8E89, 0x8668, 0x8EE9, 0x974A, 0x970A, 0x8668, 0x8EEA, 0x7587, 0x6D67, 0x6D27, 0x7E28,
    0x7E28, 0x7588, 0x6506, 0x64E7, 0x5CA6, 0x5CA7, 0x5446, 0x5426, 0x5466, 0x6DA9, 0x5466, 0x5D28,
    0x5D27, 0x5CA7, 0x4BE5, 0x5446, 0x6507, 0x6D68, 0x5CC6, 0x6D68, 0x75A7, 0x5426, 0x4BE5, 0x64E7,
    0x6D47, 0x6D27, 0x6506, 0x5C86, 0xC292, 0xEAF5, 0xD2B3, 0xAA50, 0xB250, 0xCA92, 0xE2F4, 0xFB57,
    0xFBDA, 0xFB78, 0xD2B3, 0xE2F4, 0xD2D3, 0xD2D3, 0xE2F4, 0xF336, 0xEB36, 0xFB57, 0xDAD4, 0xBA71,
    0xEB15, 0xFB99, 0xFB36, 0xDAD3, 0xBA71, 0xFB36, 0xE2D4, 0xE2F4, 0xD2B3, 0xEB15, 0xF315, 0xC271,
    0xBA71, 0xFB57, 0xEB15, 0xCAB2, 0x75A7, 0x7DE8, 0x6D26, 0x8648, 0x6D47, 0x6D67, 0x6506, 0x7587,
    0x64E6, 0x8689, 0x86A9, 0x6D67, 0x7E69, 0x7E49, 0x6547, 0x5CC7, 0x7E4A, 0x6D88, 0x5CA7, 0x5CC7,
    0x86CA, 0x7E69, 0x8ECA, 0x8EEA, 0x6D48, 0x8EA9, 0x8689, 0x6D67, 0x8E89, 0x7E28, 0x7DE8, 0x75E8,
    0x7588, 0x7587, 0x8689, 0x8EC9, 0x970A, 0x6507, 0x6507, 0x75A8, 0x7E08, 0x75A8, 0x8EEA, 0x7587,
    0x7568, 0x6D27, 0x7588, 0x8689, 0x8ECA, 0x9FAB, 0xA7CB, 0x6D87, 0x6D47, 0x75A8, 0x9F4A, 0x8EC9,
    0x7E29, 0x75A8, 0x7DE8, 0x8EC9, 0x96EA, 0x75E8, 0x7588, 0x8689, 0x7588, 0x75E8, 0x8ECA, 0x86A9,
    0x8669, 0x5CC7, 0x6D48, 0x6DA8, 0x5CC7, 0x5CC7, 0x54A7, 0x6568, 0x762A, 0x5D07, 0x5CC7, 0x4C06,
    0x4BE6, 0x5446, 0x4BC5, 0x5405, 0x64E7, 0x5C86, 0x53E5, 0x4BE5, 0x7DC8, 0x75C8, 0x7DE8, 0x64E7,
    0xD2B3, 0xD2B3, 0xEB15, 0xD2B3, 0xDAD3, 0xDAD4, 0xF336, 0xFB36, 0xFB57, 0xBA71, 0xE2F4, 0xEB15,
    0xDAD4, 0xE2F4, 0xDAD4, 0xEB15, 0xF316, 0xDAD4, 0xE2F4, 0xD2B3, 0xF316, 0xEB15, 0xCAB2, 0xDAD3,
    0xC271, 0xD2B3, 0xEB15, 0xFB78, 0xFB57, 0xE2F5, 0xDAD3, 0xBA71, 0xD2B3, 0xFB36, 0xEB15, 0xCAB2,
    0x75A8, 0x6D47, 0x7588, 0x5C46, 0x5C26, 0x6D27, 0x75A8, 0x5425, 0x5C66, 0x7E48, 0x7E09, 0x5CC6,
    0x6D68, 0x6DA8, 0x6D48, 0x5466, 0x7609, 0x6568, 0x5D27, 0x7E8A, 0x86CA, 0x6507, 0x86A9, 0x7E49,
    0x64E6, 0x974A, 0x9729, 0x64E7, 0x5CA6, 0x8649, 0x75C8, 0x7588, 0x6D87, 0x6D27, 0x6D87, 0x8669,
    0x8F09, 0x8EC9, 0x64E6, 0x7E08, 0x8EE9, 0x7E08, 0x8689, 0x6D27, 0x8668, 0x6D27, 0x75E8, 0x6D27,
    0x6D47, 0x7DE8, 0x8F09, 0x75C8, 0x6D47, 0x8EE9, 0x7E28, 0x6D47, 0x6D47, 0x6D27, 0x75A7, 0x976A,
    0x7E48, 0x970A, 0x75A7, 0x75C8, 0x75C7, 0x75C8, 0x75C8, 0x7E08, 0x86C9, 0x75E8, 0x6D88, 0x7E8A,
    0x5D27, 0x6548, 0x5CC7, 0x4C06, 0x5D07, 0x4C26, 0x6548, 0x6528, 0x5466, 0x4BE5, 0x4BC5, 0x5406,
    0x6D67, 0x75A8, 0x6D47, 0x5C46, 0x5425, 0x5C86, 0x8668, 0x7567, 0xCA92, 0xC292, 0xF316, 0xDAD4,
    0xBA71, 0xEB15, 0xFB57, 0xF316, 0xBA71, 0xBA71, 0xEB15, 0xF336, 0xBA71, 0xCA92, 0xCA92, 0xEB15,
    0xE2F5, 0xE2F5, 0xFB36, 0xF316, 0xC271, 0xBA70, 0xBA71, 0xE2F4, 0xD2B3, 0xD2B3, 0xFB57, 0xF336,
    0xD2B3, 0xE2F4, 0xDAD3, 0xE2F4, 0xE2F5, 0xF316, 0xEB15, 0xE2F4, 0x7E28, 0x64C6, 0x6D27, 0x5405,
    0x5445, 0x64C6, 0x5425, 0x5C46, 0x5C65, 0x5C86, 0x5C86, 0x5C66, 0x5CA6, 0x6D67, 0x7608, 0x6D68,
    0x6568, 0x6DA9, 0x6D48, 0x5CA7, 0x6528, 0x7E69, 0x86AA, 0x8689, 0x7E49, 0x7E28, 0x8629, 0x6D47,
    0x6D27, 0x6D87, 0x64E7, 0x6D07, 0x8EA9, 0x75E8, 0x75A8, 0x7DE8, 0x8669, 0x972A, 0x8EC9, 0x8EE9,
    0x8669, 0x972A, 0x9F8B, 0x7DE8, 0x970A, 0x8EC9, 0x974A, 0x974A, 0x75A8, 0x75A8, 0x972A, 0x8669,
    0x6D27, 0x8EE9, 0x970A, 0x8649, 0x7E29, 0x8689, 0x9F6A, 0x974A, 0x8649, 0x972A, 0x8649, 0x7E08,
    0x8EEA, 0x75A8, 0x75A8, 0x64E7, 0x6D48, 0x8689, 0x6D88, 0x7E49, 0x75C9, 0x5CC7, 0x6D68, 0x5CC7,
    0x6548, 0x5466, 0x64E8, 0x6DA8, 0x7E29, 0x6D88, 0x5CA7, 0x5446, 0x7DE8, 0x8669, 0x6D27, 0x64E7,
    0x8649, 0x8669, 0x8ECA, 0x86A9, 0xE2F5, 0xE2F5, 0xF316, 0xAA30, 0xB250, 0xEB15, 0xFB57, 0xD2B3,
    0xDAD4, 0xF316, 0xE2F5, 0xCAB2, 0xCA92, 0xFB37, 0xFBB9, 0xFB57, 0xCAB2, 0xF336, 0xFB57, 0xF336,
    0xD2D3, 0xCA92, 0xD2D3, 0xE2F4, 0xEB15, 0xF316, 0xFB78, 0xDAD4, 0xCA92, 0xEAF5, 0xDAD4, 0xDAD3,
    0xF316, 0xEB15, 0xDAD4, 0xDAD3, 0x8628, 0x5C86, 0x5426, 0x5405, 0x5C66, 0x6D27, 0x7588, 0x6D07,
    0x6D47, 0x6D47, 0x5426, 0x5C86, 0x7E09, 0x7608, 0x6507, 0x5466, 0x5487, 0x7E6A, 0x7EAA, 0x6568,
    0x6527, 0x75C9, 0x7E89, 0x7E09, 0x75A8, 0x8689, 0x6D27, 0x8689, 0x8689, 0x8689, 0x6506, 0x75A8,
    0x7E08, 0x8669, 0x6D67, 0x75C8, 0x64C6, 0x75A8, 0x8EE9, 0x75A8, 0x5CA6, 0x7567, 0x7E48, 0x8EE9,
    0x8F09, 0x972A, 0x974A, 0x9FAB, 0x9FAA, 0x8EC9, 0x8668, 0xA7EB, 0x8689, 0x9FAB, 0x974A, 0x8669,
    0x8668, 0x7588, 0x6506, 0x8EC9, 0x86A9, 0x8669, 0x75C7, 0x8669, 0x86A9, 0x75A8, 0x75E8, 0x75C8,
    0x6DA8, 0x7E49, 0x5446, 0x6DA8, 0x7E49, 0x7E6A, 0x7649, 0x6DC9, 0x7629, 0x7609, 0x6547, 0x6D88,
    0x7609, 0x75C8, 0x75E8, 0x64E7, 0x75C8, 0x7E08, 0x6D67, 0x6D47, 0x6D47, 0x7DE8, 0x5CA6, 0x6D27,
    0xCA92, 0xE2F5, 0xE2F4, 0xB250, 0xBA71, 0xE2D4, 0xD2B3, 0xE2F4, 0xFB57, 0xF316, 0xDAD3, 0xBA71,
    0xE2D4, 0xFB78, 0xFB78, 0xE2F5, 0xC292, 0xFB36, 0xE2F4, 0xCA92, 0xE2D4, 0xE2F4, 0xDAD4, 0xDAD4,
    0xDAD3, 0xE2F4, 0xDAD4, 0xCAB2, 0xD2B3, 0xEB16, 0xDAD4, 0xEB15, 0xE2F4, 0xFB78, 0xFB57, 0xD2D3,
    0x6D27, 0x64E7, 0x4BE5, 0x53C5, 0x5405, 0x6D27, 0x7587, 0x7E08, 0x6D67, 0x6D47, 0x6D47, 0x6D67,
    0x5CA6, 0x5426, 0x5426, 0x5486, 0x5CA7, 0x7629, 0x764A, 0x6DE9, 0x6D88, 0x6527, 0x6D88, 0x64E7,
    0x64E7, 0x64E7, 0x7DC8, 0x8EE9, 0x8EC9, 0x7E08, 0x7588, 0x75A8, 0x7568, 0x6D47, 0x7568, 0x8669,
    0x7568, 0x7587, 0x7DE8, 0x75C8, 0x7DC8, 0x6507, 0x64E7, 0x75A7, 0x974A, 0x8EC9, 0x974A, 0x8EA9,
    0x8669, 0x8669, 0x8629, 0xA7EB, 0x9F6A, 0x972A, 0x8629, 0x6D67, 0x7DE8, 0x64E7, 0x64E7, 0x6D27,
    0x75C8, 0x75C8, 0x6D47, 0x75A7, 0x8669, 0x7E08, 0x7E08, 0x6D27, 0x6D27, 0x7E49, 0x7E49, 0x5CA6,
    0x75A9, 0x5CC7, 0x6528, 0x5D28, 0x6508, 0x5CE7, 0x5426, 0x4C06, 0x5C67, 0x64E7, 0x75C8, 0x64E7,
    0x7DC8, 0x5C66, 0x64A6, 0x75A7, 0x64E7, 0x6507, 0x5C86, 0x5CA6, 0x75A8, 0xD2B3, 0xC292, 0xA20E,
    0xCA92, 0xCA92, 0xCA92, 0xCA92, 0xDAD4, 0xD2B3, 0xCAB3, 0xD2B3, 0xEB15, 0xF336, 0xF316, 0xD2D3,
    0xD2D3, 0xF336, 0xEB15, 0xE2F5, 0xF336, 0xEB15, 0xFB99, 0xFB57, 0xF336, 0xF336, 0xDAD3, 0xCA92,
    0xF316, 0xF336, 0xFB78, 0xF316, 0xD2B3, 0xEAF5, 0xEB15, 0xD2B3, 0xDAD4, 0x7567, 0x7567, 0x6D67,
    0x7E08, 0x7DE8, 0x7E08, 0x6D67, 0x7547, 0x64E6, 0x7E08, 0x7E69, 0x7E29, 0x7608, 0x6D88, 0x86EA,
    0x5466, 0x6DC9, 0x7ECA, 0x86AA, 0x6568, 0x6507, 0x7E69, 0x7E49, 0x7628, 0x6D68, 0x75C8, 0x9FAB,
    0x976A, 0x8EE9, 0x75A7, 0x6D27, 0x6D67, 0x75C8, 0x6D47, 0x6D67, 0x6D67, 0x7DE8, 0x5C86, 0x75A8,
    0x6D47, 0x7E28, 0x6D27, 0x64E7, 0x75A7, 0x8689, 0x8F09, 0x8EC9, 0x6D47, 0x970A, 0x9F8A, 0xAFEB,
    0x8668, 0x8EE9, 0x86A9, 0x75C8, 0x8EC9, 0x8EE9, 0x7E28, 0x75A8, 0x8688, 0x8EC9, 0x8689, 0x6D47,
    0x75A7, 0x8669, 0x75C8, 0x5C86, 0x5CA6, 0x8669, 0x7E69, 0x6507, 0x6568, 0x5CC7, 0x5466, 0x75E9,
    0x5D48, 0x5466, 0x5CE7, 0x5C87, 0x5CA6, 0x5CC7, 0x5CA6, 0x5C86, 0x6D47, 0x6D27, 0x5C86, 0x7588,
    0x7E08, 0x75C8, 0x5C86, 0x7DC8, 0x6D87, 0xBA71, 0xAA2F, 0xA20F, 0xD2B3, 0xFB57, 0xEB15, 0xCA92,
    0xBA71, 0xCAB2, 0xDAD4, 0xC292, 0xDAD4, 0xF316, 0xFB78, 0xF316, 0xCA92, 0xFB57, 0xFB78, 0xE2F4,
    0xDAD3, 0xEB16, 0xFB78, 0xF316, 0xF316, 0xFB58, 0xE2F4, 0xE2F5, 0xE2F4, 0xFB57, 0xFB78, 0xF336,
    0xEAF5, 0xFB37, 0xEB15, 0xE2F4, 0xEAF5, 0x7DE8, 0x6D67, 0x64C6, 0x75C7, 0x7DE8, 0x7E08, 0x64C6,
    0x5425, 0x5C66, 0x6D47, 0x5C46, 0x6547, 0x75A8, 0x6D67, 0x75E9, 0x5487, 0x5466, 0x6DC9, 0x7E6A,
    0x6DA9, 0x6548, 0x7E29, 0x86AA, 0x8F0A, 0x7E08, 0x8649, 0x8648, 0x7E08, 0x7E28, 0x6D47, 0x7E08,
    0x7DE8, 0x75C8, 0x6D07, 0x7587, 0x7DC8, 0x7E28, 0x8669, 0x75C8, 0x7DE8, 0x7E08, 0x8E89, 0x976A,
    0x8689, 0x7E08, 0x6D27, 0x6D27, 0x7588, 0xAFEB, 0xAFEC, 0xA7CB, 0xAFEB, 0x9FAA, 0x8E89, 0x8649,
    0x972A, 0x7DE8, 0x7DE8, 0x9F8A, 0x7E08, 0x6507, 0x7E08, 0x8648, 0x8649, 0x8689, 0x8689, 0x75C8,
    0x5C66, 0x75C8, 0x7588, 0x5466, 0x5C87, 0x5CC7, 0x6548, 0x6548, 0x6DA9, 0x6DA8, 0x7E4A, 0x7649,
    0x7E69, 0x7E49, 0x7588, 0x6D88, 0x7E08, 0x86A9, 0x5C86, 0x64C6, 0x7E08, 0x7DE8, 0x64C7, 0x75C8,
    0x8EC9, 0xAA2F, 0x99EE, 0xBA71, 0xF316, 0xF336, 0xE2F4, 0xCA92, 0xEB15, 0xFB57, 0xFB58, 0xCAB2,
    0xDAD4, 0xDAD3, 0xFB78, 0xD2D3, 0xD2B3, 0xFB57, 0xFB57, 0xC292, 0xEB16, 0xFB37, 0xFB78, 0xFB78,
    0xFB58, 0xFB78, 0xEB16, 0xC271, 0xE2F4, 0xFB37, 0xE2F5, 0xBA71, 0xE2F4, 0xDAD4, 0xCAB3, 0xDAD3,
    0xF316, 0x75A7, 0x8649, 0x5C86, 0x6D47, 0x6D67, 0x7567, 0x6D27, 0x6486, 0x5C65, 0x7E08, 0x64E6,
    0x7E29, 0x7608, 0x7E29, 0x6527, 0x6D88, 0x5CA7, 0x54A7, 0x6DC9, 0x6DA8, 0x5CA7, 0x5486, 0x64E7,
    0x7E89, 0x7E29, 0x86A9, 0x8EC9, 0x8689, 0x7DC8, 0x6506, 0x8EC9, 0x75C8, 0x75A8, 0x6D47, 0x64A6,
    0x8668, 0x7DE8, 0x6506, 0x7DC8, 0x75E8, 0x8649, 0x75A7, 0x8669, 0x8EE9, 0x8689, 0x6506, 0x6D67,
    0x75C8, 0xA7EB, 0x9FAA, 0x75A8, 0x8689, 0x8EA9, 0x7E08, 0x974A, 0x9FAA, 0x7E29, 0x64E6, 0x8EC9,
    0x7E28, 0x6507, 0x6526, 0x7E08, 0x7E28, 0x8669, 0x7E28, 0x7E08, 0x5C86, 0x75E8, 0x6547, 0x5446,
    0x5486, 0x75C9, 0x7629, 0x6548, 0x5D28, 0x6508, 0x6568, 0x6DA8, 0x6527, 0x75E9, 0x7E49, 0x8669,
    0x8689, 0x8649, 0x8689, 0x7567, 0x5C86, 0x7588, 0x6D67, 0x6D47, 0x86A9, 0x99EE, 0x89CC, 0xBA71,
    0xCA92, 0xCAB3, 0xB230, 0xCA92, 0xF316, 0xFB58, 0xF316, 0xCA92, 0xDAD4, 0xFB36, 0xF315, 0xC271,
    0xEAF5, 0xFB57, 0xEAF5, 0xE2F5, 0xF336, 0xFB57, 0xFB57, 0xFB78, 0xEAF5, 0xFB36, 0xEAF5, 0xCAB3,
    0xF315, 0xEB15, 0xCA92, 0xCAB2, 0xDAD3, 0xCAB3, 0xBA50, 0xE2F4, 0xFB57, 0x6D27, 0x6D47, 0x75C8,
    0x64C6, 0x5405, 0x5425, 0x7E08, 0x75C7, 0x7567, 0x5C86, 0x8649, 0x8689, 0x75E8, 0x7608, 0x5CC7,
    0x868A, 0x6D88, 0x6569, 0x6DC9, 0x7E8A, 0x6568, 0x6D68, 0x6D88, 0x7E09, 0x6D47, 0x6D27, 0x64E6,
    0x6D47, 0x6D67, 0x6D07, 0x75A7, 0x7588, 0x7E08, 0x7DE8, 0x5C46, 0x7DE8, 0x64C6, 0x5C66, 0x7E08,
    0x8669, 0x7E08, 0x6D27, 0x64E6, 0x5C86, 0x6507, 0x64A6, 0x64C6, 0x6D07, 0x7E08, 0xA7CB, 0x972A,
    0x8ECA, 0x8669, 0x7568, 0x974A, 0xA7CB, 0x9F6A, 0x7DE8, 0x8669, 0x6D47, 0x8648, 0x970A, 0x8648,
    0x6D07, 0x6D47, 0x8649, 0x6D67, 0x7E09, 0x7E29, 0x64E7, 0x5CC7, 0x86CA, 0x7E49, 0x6528, 0x6527,
    0x5C87, 0x5487, 0x5467, 0x5486, 0x5446, 0x5446, 0x5C66, 0x5CA6, 0x75A8, 0x75A8, 0x8E89, 0x86A9,
    0x64C7, 0x75A8, 0x7E08, 0x7E28, 0x7568, 0x91CD, 0xAA30, 0xAA2F, 0xC292, 0xCAB2, 0xC271, 0xC271,
    0xE2D4, 0xF316, 0xEB15, 0xD2B3, 0xEB15, 0xFB99, 0xFBBA, 0xFB57, 0xE2F5, 0xF336, 0xFB37, 0xD2B3,
    0xFB57, 0xFB36, 0xEB15, 0xCA92, 0xCA92, 0xDAD3, 0xE2F4, 0xD2B3, 0xFB37, 0xFB57, 0xFB57, 0xEB15,
    0xE2F5, 0xDAD4, 0xE2F4, 0xFB37, 0xFB99, 0x6507, 0x5C66, 0x6D47, 0x6D47, 0x5C86, 0x75A8, 0x8648,
    0x8669, 0x6D47, 0x5C46, 0x64C6, 0x8669, 0x8669, 0x7E49, 0x75C8, 0x7608, 0x6DC9, 0x6DC9, 0x6DA9,
    0x6588, 0x6528, 0x75E8, 0x75E9, 0x75C8, 0x5405, 0x5466, 0x5C46, 0x64E6, 0x6D47, 0x64E6, 0x6D07,
    0x6D87, 0x8648, 0x7E48, 0x75A8, 0x75A7, 0x6D07, 0x5CA6, 0x7DC8, 0x8688, 0x6D47, 0x8648, 0x8649,
    0x64E6, 0x8669, 0x64C6, 0x64C6, 0x75C7, 0x8669, 0x9729, 0x7E28, 0x8688, 0x974A, 0x8EC9, 0x8689,
    0x75E8, 0x976A, 0x9F8A, 0x9F6A, 0x75A7, 0x6507, 0x976A, 0x8649, 0x5445, 0x75A8, 0x86A9, 0x5C86,
    0x6D67, 0x7E49, 0x75E8, 0x7E49, 0x86CA, 0x86AA, 0x5466, 0x5CC7, 0x4C46, 0x5487, 0x6527, 0x6D88,
    0x5CA6, 0x6DA8, 0x5CC6, 0x64E7, 0x75E8, 0x75C8, 0x7E08, 0x8EA9, 0x7587, 0x8689, 0x7E08, 0x8EC9,
    0x75A7, 0x5CA6, 0x99EE, 0xBA71, 0xBA51, 0xC292, 0xBA71, 0xCA92, 0xF316, 0xF316, 0xD2B3, 0xCA92,
    0xEAF5, 0xFBBA, 0xFB37, 0xFB36, 0xD2B3, 0xFB57, 0xDAD4, 0xEB15, 0xEB15, 0xFB37, 0xE2F4, 0xCA92,
    0xC292, 0xE2D4, 0xEAF5, 0xE2F4, 0xEAF5, 0xEB15, 0xFB57, 0xE2F5, 0xBA71, 0xD2B3, 0xFB36, 0xFB99,
    0xFB57, 0xC292, 0x64C6, 0x6D27, 0x7587, 0x7567, 0x8668, 0x8648, 0x7E28, 0x8648, 0x5CA6, 0x6D07,
    0x5CC6, 0x6507, 0x8689, 0x8689, 0x7E29, 0x7609, 0x7E6A, 0x6DA9, 0x6528, 0x5CC7, 0x6508, 0x5466,
    0x5446, 0x4BE5, 0x5426, 0x7587, 0x8669, 0x8F09, 0x8669, 0x7E28, 0x7DE8, 0x5C86, 0x64A6, 0x7DE8,
    0x970A, 0x974A, 0x9F6A, 0x75C8, 0x7567, 0x6D47, 0x9F6A, 0x974A, 0x8629, 0x9709, 0x8669, 0x8689,
    0x972A, 0x7E08, 0x8ECA, 0x8EC9, 0x8EA9, 0x7E08, 0x8689, 0x9709, 0x7DE8, 0x8EA9, 0x8E89, 0x8689,
    0x8669, 0x5C66, 0x6D47, 0x6D47, 0x5C46, 0x5425, 0x7588, 0x5C66, 0x6D27, 0x75A8, 0x75A8, 0x75E8,
    0x86CA, 0x7629, 0x6D48, 0x5CC7, 0x5CE7, 0x6527, 0x6528, 0x75E9, 0x64E7, 0x5CE7, 0x6507, 0x75C8,
    0x7DC8, 0x5C86, 0x7DC8, 0x8649, 0x6D27, 0x6D67, 0x64A6, 0x64C6, 0x75C8, 0x64C6, 0xC292, 0xC272,
    0xBA51, 0xCA92, 0xCA92, 0xC292, 0xE2D4, 0xE2F5, 0xE2F4, 0xD2B3, 0xF316, 0xEAF5, 0xCA92, 0xCA92,
    0xF316, 0xF315, 0xF336, 0xFBB9, 0xFB57, 0xFB99, 0xEB15, 0xC271, 0xEAF5, 0xFB37, 0xEB16, 0xDAD4,
    0xFB99, 0xF316, 0xE2F4, 0xC292, 0xCAB2, 0xEB15, 0xFB58, 0xFB78, 0xC292, 0xBA71, 0x7588, 0x8668,
    0x7DE8, 0x64C6, 0x8628, 0x8EA9, 0x64C6, 0x64C6, 0x7E08, 0x7DE8, 0x75A8, 0x64C6, 0x86CA, 0x7E69,
    0x7609, 0x5CC7, 0x6527, 0x6DA9, 0x6568, 0x7609, 0x5CE7, 0x5426, 0x4C05, 0x5426, 0x5466, 0x64E7,
    0x75A7, 0x6D47, 0x75A7, 0x8689, 0x8EC9, 0x6D47, 0x5CC6, 0x75A8, 0x8F09, 0x974A, 0x976A, 0x7E28,
    0x7587, 0x7DE8, 0x75E8, 0x6D67, 0x6D27, 0x6D67, 0x75A7, 0x8669, 0x9729, 0x7E08, 0x8668, 0x9F6A,
    0x8EE9, 0x7E08, 0x6506, 0x970A, 0x974A, 0x7DE8, 0x75E8, 0x974A, 0x8EC9, 0x7DE8, 0x6D47, 0x75A8,
    0x5C86, 0x4BA5, 0x5445, 0x64C6, 0x6507, 0x7588, 0x5CC6, 0x7E49, 0x7608, 0x6508, 0x6547, 0x6DC9,
    0x6568, 0x5CA7, 0x5CC7, 0x75C9, 0x75E8, 0x6507, 0x6D87, 0x75C8, 0x6D67, 0x8649, 0x75A7, 0x6507,
    0x75C7, 0x64C7, 0x5C86, 0x5CA6, 0x5CA6, 0x6D47, 0xD2B3, 0xE2F5, 0xE2D4, 0xD2B3, 0xC271, 0xBA71,
    0xC271, 0xDAD4, 0xEAF5, 0xFB57, 0xF336, 0xDAD4, 0xD2B3, 0xEB15, 0xEAF5, 0xC292, 0xD2B3, 0xFB79,
    0xFB57, 0xEAF5, 0xD2B3, 0xCA92, 0xD2B3, 0xF316, 0xD2B3, 0xE2D4, 0xFB78, 0xCA92, 0xE2F4, 0xF316,
    0xF316, 0xFB99, 0xEB15, 0xD2B3, 0xC271, 0xEAF5, 0x6D47, 0x8689, 0x8EA9, 0x6D07, 0x6D46, 0x972A,
    0x7587, 0x64E6, 0x6D67, 0x8689, 0x7E08, 0x64E7, 0x5CA6, 0x6D48, 0x7E4A, 0x6528, 0x5C87, 0x5CE7,
    0x6DA9, 0x7E49, 0x7609, 0x5CE7, 0x5CA7, 0x6527, 0x5C66, 0x5C86, 0x7588, 0x6507, 0x64E7, 0x7587,
    0x8669, 0x8EC9, 0x8EA9, 0x75C8, 0x7DA8, 0x75A8, 0x6D47, 0x6D67, 0x8629, 0x86A9, 0x7DE8, 0x75A8,
    0x6D07, 0x7567, 0x6D47, 0x7587, 0x96EA, 0x7587, 0x7DC8, 0x8EC9, 0x970A, 0x7E28, 0x7DE8, 0x8689,
    0x972A, 0x8669, 0x7DC8, 0x8EE9, 0x7E08, 0x6507, 0x75C8, 0x86A9, 0x64C7, 0x4384, 0x5C86, 0x64E6,
    0x64C7, 0x5C86, 0x64E7, 0x75C8, 0x868A, 0x6527, 0x6528, 0x6DA8, 0x6D68, 0x5CE8, 0x5CE7, 0x5486,
    0x6528, 0x6D68, 0x6D88, 0x6527, 0x6D48, 0x75E8, 0x7DC8, 0x7E08, 0x75A8, 0x75C8, 0x75C8, 0x75A7,
    0x6D67, 0x8EC9, 0xE2F5, 0xD2B3, 0xDAB4, 0xB250, 0xDAD3, 0xDAD4, 0xDAD4, 0xE2F5, 0xF316, 0xF316,
    0xEAF5, 0xDAB3, 0xFB57, 0xFB58, 0xF316, 0xEAF5, 0xFB37, 0xFBBA, 0xFBBA, 0xDAD4, 0xDAD4, 0xDAD4,
    0xF336, 0xF316, 0xCAB3, 0xFB78, 0xF336, 0xC271, 0xFB37, 0xFB99, 0xFB99, 0xFB78, 0xCAB3, 0xC292,
    0xE2F5, 0xFB57, 0x8628, 0x75A7, 0x8EC9, 0x8689, 0x6D27, 0x8668, 0x8EA9, 0x8E89, 0x8EC9, 0x974A,
    0x972A, 0x6507, 0x64C7, 0x86EA, 0x6D88, 0x6D68, 0x5D07, 0x6508, 0x5D27, 0x7609, 0x7649, 0x6D88,
    0x5CE7, 0x6527, 0x5CC6, 0x64E7, 0x5445, 0x64A6, 0x64E6, 0x64C6, 0x6506, 0x7DE8, 0x8EE9, 0x8628,
    0x64C6, 0x6D07, 0x6D27, 0x75A8, 0x75A7, 0x8648, 0x8668, 0x8EE9, 0x6D87, 0x5C86, 0x5CA6, 0x7DC8,
    0x8EA9, 0x8EA9, 0x8688, 0x8628, 0x6D67, 0x64C6, 0x5CA6, 0x7588, 0x75A7, 0x7587, 0x64E6, 0x6D07,
    0x64E6, 0x64E7, 0x8EA9, 0x8EA9, 0x75A7, 0x64A6, 0x64C6, 0x6D47, 0x6526, 0x5C46, 0x5405, 0x5446,
    0x6D87, 0x868A, 0x75E9, 0x5CA7, 0x54A6, 0x6DC9, 0x5487, 0x5446, 0x5446, 0x6D68, 0x75E8, 0x75C8,
    0x7608, 0x6D27, 0x5C86, 0x75A8, 0x86A9, 0x8689, 0x8EC9, 0x8EA9, 0x86C9, 0x8689, 0xE2F5, 0xD2B3,
    0xB250, 0xAA2F, 0xCA92, 0xF316, 0xFB36, 0xFB37, 0xDAD3, 0xD2B3, 0xEAF5, 0xFB78, 0xFB58, 0xFB37,
    0xF316, 0xFB37, 0xFB36, 0xFB99, 0xFB37, 0xCA92, 0xE2D4, 0xEAF5, 0xDAD4, 0xD2B3, 0xEB15, 0xFB78,
    0xD2B3, 0xFB57, 0xFB57, 0xF316, 0xEB15, 0xCA92, 0xC271, 0xEB15, 0xF336, 0xEB16, 0x75C7, 0x7DC8,
    0x8EE9, 0x9709, 0x9749, 0xA7AA, 0x9FAA, 0x9F6A, 0x8688, 0x8669, 0x86A9, 0x7E49, 0x5CE6, 0x8F2A,
    0x64E7, 0x5CC7, 0x5467, 0x5CE7, 0x64E8, 0x7609, 0x8EEA, 0x6527, 0x64E7, 0x6D67, 0x7E29, 0x7E28,
    0x64E7, 0x6D27, 0x6D47, 0x75A8, 0x7588, 0x6D47, 0x75A8, 0x86A9, 0x75A8, 0x6D67, 0x970A, 0x9709,
    0x8628, 0x8648, 0x8E89, 0x8668, 0x7DC8, 0x5C86, 0x64C7, 0x8648, 0x8689, 0x75C8, 0x8EA9, 0x8668,
    0x8649, 0x64E6, 0x6D07, 0x6D47, 0x6D27, 0x86A9, 0x7E08, 0x976A, 0x9F6A, 0x7587, 0x8649, 0x9F8A,
    0x972A, 0x6D67, 0x5C46, 0x5C66, 0x75A8, 0x5CC6, 0x5C86, 0x5C66, 0x5446, 0x6547, 0x7E6A, 0x7E69,
    0x6DC9, 0x5CE7, 0x6DA9, 0x7629, 0x7E49, 0x5CA6, 0x75A8, 0x6D47, 0x6D47, 0x7E48, 0x8629, 0x7587,
    0x7E28, 0x7E08, 0x75A8, 0x8669, 0x8EE9, 0x8EE9, 0x7E08, 0xE2D4, 0xD2B3, 0xC272, 0xD2B3, 0xDAD4,
    0xE2F5, 0xF316, 0xD2B3, 0xC292, 0xEAF5, 0xFB58, 0xFB58, 0xFB37, 0xFB58, 0xF336, 0xE2F4, 0xE2F5,
    0xDAD4, 0xD2B3, 0xFB37, 0xFB57, 0xF316, 0xDAD4, 0xFB36, 0xFB99, 0xF316, 0xFB58, 0xFB57, 0xC292,
    0xCA92, 0xBA71, 0xEB15, 0xFB58, 0xDAD4, 0xBA71, 0xC292, 0x8648, 0x7E08, 0x9F6A, 0xA7AA, 0x9F4A,
    0x8EC9, 0x8628, 0x8628, 0x7E28, 0x7567, 0x8F2A, 0x86A9, 0x75E8, 0x5CE7, 0x5C87, 0x54A6, 0x6DC9,
    0x7609, 0x7E8A, 0x86EA, 0x6D88, 0x6DA8, 0x75E8, 0x7E48, 0x7DE8, 0x6D67, 0x7588, 0x64E6, 0x7587,
    0x6506, 0x6D07, 0x6506, 0x7E08, 0x7E28, 0x6D47, 0x75A7, 0x8EC9, 0x86A9, 0x8669, 0x7E48, 0x8648,
    0x64E6, 0x5C66, 0x5C86, 0x7E08, 0x9F8A, 0x7567, 0x75C7, 0x7E28, 0x9F8A, 0x9F8A, 0x7E28, 0x7587,
    0x6D67, 0x9F4A, 0x86A9, 0x974A, 0x972A, 0x7DC8, 0x6506, 0x6D27, 0x7DE8, 0x7DE8, 0x5445, 0x5405,
    0x75C7, 0x7568, 0x6527, 0x75A8, 0x6D47, 0x64E7, 0x6567, 0x6528, 0x7649, 0x6568, 0x4C46, 0x7E49,
    0x6DA8, 0x5446, 0x64E7, 0x5CA6, 0x5466, 0x64C7, 0x6506, 0x7DC8, 0x7E28, 0x7DE8, 0x75A7, 0x6D27,
    0x8EC9, 0x970A, 0x9FAA, 0xD2B3, 0xCA92, 0xDAD4, 0xE2F5, 0xD2B3, 0xC271, 0xEAF5, 0xD2B3, 0xEB15,
    0xFB36, 0xE2F5, 0xFB57, 0xFBBA, 0xFB78, 0xCAB3, 0xD2B3, 0xFB78, 0xD2B3, 0xDAB3, 0xE2D4, 0xDAD4,
    0xFB37, 0xEAF5, 0xDAD4, 0xFB99, 0xDAD4, 0xE2F4, 0xD2B3, 0xCA92, 0xCA92, 0xDAD4, 0xFB78, 0xFB57,
    0xCA92, 0xDAD3, 0xF316, 0x7E08, 0x7567, 0x8EA9, 0x9FAA, 0xA7AA, 0x8668, 0x7E08, 0x8648, 0x972A,
    0x7E08, 0x8689, 0x8689, 0x64E7, 0x64E7, 0x5446, 0x5CE7, 0x6588, 0x6D89, 0x5CC7, 0x6D48, 0x5466,
    0x6D48, 0x75E8, 0x75A8, 0x75A8, 0x7DE8, 0x7DE8, 0x8649, 0x8648, 0x7DC8, 0x5CA6, 0x5C86, 0x5C86,
    0x7567, 0x6D47, 0x64E7, 0x7587, 0x7DE8, 0x75A7, 0x6D27, 0x75C8, 0x7DA8, 0x5CA6, 0x64C7, 0x9709,
    0xAFEB, 0x8EC9, 0x970A, 0x7DE8, 0x7DA8, 0x8689, 0x9F4A, 0x7E28, 0x7DE8, 0x75A8, 0x64E7, 0x976A,
    0xA7CB, 0x75A7, 0x970A, 0x7E28, 0x970A, 0x8EE9, 0x8649, 0x5425, 0x5C46, 0x5405, 0x5C66, 0x6D47,
    0x6507, 0x5CA7, 0x75C9, 0x5486, 0x6508, 0x6528, 0x5467, 0x75E9, 0x7E09, 0x7E29, 0x75A8, 0x7E28,
    0x8689, 0x75A8, 0x64A6, 0x5CA6, 0x64A6, 0x64C6, 0x7E08, 0x64E6, 0x6D07, 0x7E08, 0x8EA9, 0xB250,
    0xC292, 0xC292, 0xCA92, 0xCA92, 0xFB57, 0xFB79, 0xE2D4, 0xFB36, 0xFB37, 0xF316, 0xFB99, 0xFB78,
    0xEAF5, 0xE2D4, 0xF336, 0xFBBA, 0xE2F5, 0xDAD4, 0xEB15, 0xF316, 0xFB78, 0xEAF5, 0xE2F5, 0xF316,
    0xCA92, 0xC271, 0xD2B3, 0xDAB3, 0xF316, 0xFB57, 0xFB36, 0xBA71, 0xC292, 0xFB78, 0xFB78, 0x9F4A,
    0x9F8A, 0x7587, 0x7587, 0x9729, 0xA78A, 0x8648, 0x9F8A, 0x9709, 0x8649, 0x7E28, 0x8689, 0x7608,
    0x5486, 0x5CA7, 0x6548, 0x5CC7, 0x5466, 0x4C26, 0x5446, 0x6507, 0x6507, 0x6D68, 0x6527, 0x6D67,
    0x7E48, 0x8689, 0x7E28, 0x6D47, 0x75A7, 0x7DE8, 0x5445, 0x6D07, 0x75C7, 0x7587, 0x5C86, 0x5C86,
    0x6506, 0x8628, 0x6D47, 0x7587, 0x7E48, 0x7DE8, 0x7E08, 0xA7EB, 0x9749, 0x9FAA, 0xA7EA, 0x972A,
    0x75A7, 0x6D27, 0x6506, 0x6D07, 0x6D47, 0x6D07, 0x64C6, 0x6D47, 0x7E48, 0x8EA9, 0x8EC9, 0x75C8,
    0x8EE9, 0x8669, 0x75E8, 0x5C66, 0x4BE5, 0x5446, 0x5CC6, 0x6D88, 0x6D47, 0x5446, 0x75E8, 0x6528,
    0x5446, 0x5CC7, 0x4C46, 0x6548, 0x6547, 0x7E29, 0x75C8, 0x8669, 0x7E68, 0x7E28, 0x75E8, 0x8628,
    0x5C86, 0x64A6, 0x8648, 0x8628, 0x6D67, 0x8EE9, 0x8668, 0xC272, 0xB230, 0xC292, 0xAA2F, 0xD2B3,
    0xFB79, 0xFB58, 0xD2B3, 0xFB78, 0xFB57, 0xFB57, 0xFB78, 0xFB78, 0xDAD4, 0xCAB3, 0xDAD4, 0xFB57,
    0xF316, 0xF336, 0xFB36, 0xF316, 0xF316, 0xF316, 0xEAF5, 0xF316, 0xBA71, 0xC271, 0xE2D4, 0xF316,
    0xFB79, 0xFB99, 0xD2B3, 0xC292, 0xDAB3, 0xFB37, 0xEAF5, 0x8EC9, 0x8688, 0x6D47, 0x64E6, 0x7E08,
    0x8648, 0x7E08, 0x9FAA, 0x8EA9, 0x75C7, 0x7E28, 0x75E8, 0x75E8, 0x64E7, 0x6548, 0x6548, 0x5D08,
    0x6528, 0x5D07, 0x6D48, 0x86CA, 0x868A, 0x6D68, 0x7588, 0x75A8, 0x8689, 0x974A, 0x8EC9, 0x5CA6,
    0x64E7, 0x6D67, 0x7567, 0x64A6, 0x75A8, 0x6D47, 0x6D07, 0x53E5, 0x5C46, 0x75A7, 0x7DC8, 0x7567,
    0x8E89, 0x8648, 0x8EA9, 0x974A, 0x972A, 0x9FCA, 0xA7CB, 0x8EC9, 0x8EC9, 0x974A, 0x8669, 0x75A7,
    0x6D27, 0x64E6, 0x64C7, 0x64C6, 0x6D07, 0x64E6, 0x64E7, 0x64A6, 0x6D27, 0x64A6, 0x6CE7, 0x6D67,
    0x6D27, 0x7E08, 0x7DE8, 0x7E28, 0x75C8, 0x5446, 0x5C87, 0x6547, 0x6DA8, 0x6DA8, 0x75E9, 0x6548,
    0x5446, 0x5CE7, 0x7E09, 0x7E49, 0x75A8, 0x6D67, 0x8669, 0x8EC9, 0x8649, 0x7E08, 0x7DE8, 0x75C8,
    0x7E08, 0x8EC9, 0x7DC8, 0xCA92, 0xC271, 0xD2B3, 0xCA92, 0xE2D4, 0xFB58, 0xD2B3, 0xC272, 0xEAF5,
    0xCA92, 0xD2B3, 0xEAF5, 0xFB58, 0xD2B3, 0xC292, 0xE2F5, 0xEAF5, 0xFB58, 0xE2D4, 0xFB58, 0xFB57,
    0xFB78, 0xF316, 0xE2D4, 0xCA92, 0xCA92, 0xE2D4, 0xFB36, 0xFB58, 0xFB37, 0xF316, 0xD2B3, 0xE2F5,
    0xFB58, 0xF316, 0xFB58, 0x8648, 0x8EC9, 0x8EC9, 0x96E9, 0x75C7, 0x7DE8, 0x9709, 0xA7CA, 0x8648,
    0x75A8, 0x7E08, 0x7E29, 0x86A9, 0x6507, 0x64E7, 0x5CC7, 0x5487, 0x5CE7, 0x6568, 0x6527, 0x7E49,
    0x7609, 0x7E29, 0x75A8, 0x7E29, 0x8F09, 0x970A, 0x8EA9, 0x7DE8, 0x8668, 0x7DC8, 0x6D87, 0x5C66,
    0x6D26, 0x8689, 0x7E08, 0x64C6, 0x5CA6, 0x6D27, 0x6D67, 0x75A8, 0x6D47, 0x8E89, 0x8668, 0x8648,
    0x7DE8, 0x9FAA, 0xA7EB, 0x9F6A, 0x8EA9, 0xA7EB, 0x9729, 0x8669, 0x9729, 0x9F4A, 0x86A8, 0x8EA9,
    0x86A9, 0x6D07, 0x64C6, 0x64C6, 0x75C7, 0x6D07, 0x5CA6, 0x8628, 0x8668, 0x7DC8, 0x7E28, 0x7E29,
    0x75A8, 0x6D27, 0x5466, 0x6548, 0x7649, 0x7E4A, 0x6588, 0x6DC9, 0x5446, 0x5466, 0x5466, 0x5C66,
    0x7E49, 0x75A8, 0x6D47, 0x7E08, 0x7E08, 0x8EE9, 0x8668, 0x64C6, 0x7567, 0x6D27, 0x6D26, 0xD2B3,
    0xCA92, 0xCA93, 0xDAD4, 0xFB58, 0xFB79, 0xE2D4, 0xBA71, 0xEAF5, 0xC272, 0xE2D5, 0xFB36, 0xEAF5,
    0xDAD4, 0xEAF5, 0xDAD4, 0xF316, 0xFB58, 0xF316, 0xF316, 0xFB57, 0xF316, 0xE2F4, 0xCA92, 0xBA71,
    0xDAD4, 0xFB99, 0xFB79, 0xF316, 0xDAD4, 0xDAD4, 0xE2D4, 0xF316, 0xEB15, 0xE2F5, 0xF316, 0x8EA9,
    0x96E9, 0x7DE8, 0x7E28, 0x7E08, 0x75A7, 0x7E08, 0x8668, 0x9709, 0x7E28, 0x7587, 0x75A7, 0x75A8,
    0x64C7, 0x5CC7, 0x5C87, 0x5CE7, 0x6548, 0x6568, 0x6D68, 0x6527, 0x64C7, 0x5426, 0x64C7, 0x7E08,
    0x974A, 0x8EC9, 0x7E08, 0x7E08, 0x8649, 0x8668, 0x8649, 0x5C66, 0x5C46, 0x6D27, 0x7DC8, 0x7587,
    0x7E08, 0x7DE8, 0x6D07, 0x6506, 0x6D27, 0x7DC8, 0x7E08, 0x9709, 0x8E89, 0x9709, 0xAFEB, 0x9709,
    0x7568, 0x8E89, 0x9F8A, 0x972A, 0xA7EB, 0x8EA9, 0x8649, 0x8668, 0x8EA9, 0x7567, 0x64E7, 0x6D27,
    0x8EA9, 0x7587, 0x5C46, 0x6D47, 0x970A, 0x7E08, 0x7DE8, 0x6D87, 0x5C66, 0x6D88, 0x6D28, 0x6507,
    0x5467, 0x5446, 0x5446, 0x5D07, 0x7E6A, 0x7E29, 0x64E7, 0x5C66, 0x8689, 0x75E8, 0x64E7, 0x5CA6,
    0x64A6, 0x8EE9, 0x8EE9, 0x64A6, 0x64E7, 0x64C6, 0x8628, 0x8EE9, 0xDAD4, 0xD293, 0xEAF5, 0xFB57,
    0xFB57, 0xD293, 0xC272, 0xD2B3, 0xF316, 0xFB9A, 0xFB78, 0xD2B3, 0xFB58, 0xFB37, 0xD2B3, 0xFB36,
    0xFB79, 0xF316, 0xEAF5, 0xEAF5, 0xE2F5, 0xBA71, 0xEB15, 0xE2F5, 0xFB57, 0xFB99, 0xFB9A, 0xFB36,
    0xDAD4, 0xDAD4, 0xFB57, 0xF316, 0xEAF5, 0xE2F5, 0xE2F5, 0xAA30, 0x9F4A, 0x75C7, 0x6CE7, 0x6D26,
    0x6D07, 0x6D06, 0x6D47, 0x8648, 0x8EC9, 0x75A7, 0x8669, 0x972A, 0x6D67, 0x6548, 0x5CA7, 0x5CC7,
    0x5D27, 0x6DA8, 0x86CA, 0x75E9, 0x6547, 0x5446, 0x5CA6, 0x7E08, 0x75C7, 0x75A8, 0x7DE8, 0x8648,
    0x7E08, 0x7E28, 0x7E28, 0x7567, 0x5CA6, 0x6D07, 0x6D47, 0x64C6, 0x7587, 0x8669, 0x6D26, 0x6D27,
    0x5C86, 0x64E6, 0x6D47, 0x8648, 0x9749, 0x8EE9, 0x8F09, 0x972A, 0x6D67, 0x8689, 0xA7CA, 0x974A,
    0x9729, 0x75A8, 0x8EA9, 0x8E89, 0x8668, 0x8668, 0x86A9, 0x6D07, 0x5CA6, 0x64C6, 0x6D67, 0x7567,
    0x9729, 0x8648, 0x64E6, 0x5C66, 0x6D67, 0x7E29, 0x75E8, 0x6DA8, 0x7608, 0x75C9, 0x4C26, 0x5446,
    0x6568, 0x7E49, 0x7E69, 0x6D68, 0x6527, 0x6D87, 0x75A7, 0x64A6, 0x5CA6, 0x75A7, 0x8EC9, 0x75A8,
    0x7DE7, 0x7DE8, 0x7E08, 0x64E7, 0xDAD4, 0xBA71, 0xCA92, 0xF316, 0xD2B3, 0xDAD4, 0xCA92, 0xD2B3,
    0xFB16, 0xFB9A, 0xE2D4, 0xD2B3, 0xF316, 0xEAF5, 0xF316, 0xFB9A, 0xFB36, 0xE2D4, 0xF316, 0xE2F5,
    0xBA50, 0xBA71, 0xEB15, 0xF316, 0xFB78, 0xFB79, 0xFB36, 0xEAF5, 0xDAD4, 0xEAF5, 0xFB37, 0xEAF5,
    0xFB37, 0xEAF5, 0xBA51, 0xB250, 0x8688, 0x8668, 0x8668, 0x64E6, 0x64E6, 0x8E88, 0x7587, 0x7E08,
    0x8648, 0x7567, 0x8689, 0x8EEA, 0x7E49, 0x7E69, 0x6D48, 0x5466, 0x5CE8, 0x6DA8, 0x86CA, 0x86CA,
    0x868A, 0x6547, 0x6D27, 0x6D87, 0x6507, 0x64C6, 0x6D27, 0x7DC8, 0x7DE8, 0x75C7, 0x7588, 0x75A7,
    0x8669, 0x7DE8, 0x7567, 0x64E6, 0x7587, 0x8689, 0x8E89, 0x8EA9, 0x7DE8, 0x6D27, 0x7567, 0x6D47,
    0x7587, 0x974A, 0x9F6A, 0x8689, 0x9F6A, 0xA7EA, 0xB7EC, 0x9FAA, 0xAFEB, 0x9FCA, 0xA7EB, 0x8EA9,
    0x7E08, 0x8668, 0x8E89, 0x64A6, 0x64C6, 0x5CA6, 0x7E08, 0x6D27, 0x7567, 0x7587, 0x6D27, 0x5C66,
    0x75A8, 0x7E29, 0x75C8, 0x7E69, 0x7E49, 0x7E69, 0x6D88, 0x5446, 0x5CC7, 0x75C8, 0x868A, 0x6D47,
    0x6D48, 0x75E8, 0x7588, 0x6D27, 0x7567, 0x7587, 0x8EA9, 0x8EE9, 0x970A, 0x9729, 0x972A, 0x6D47,
    0xEAF5, 0xC272, 0xE2F5, 0xFB37, 0xDAB3, 0xEAF5, 0xDAD4, 0xEAF5, 0xFB79, 0xFB79, 0xFB37, 0xFB78,
    0xFB9A, 0xFB79, 0xFB99, 0xFB37, 0xF316, 0xFB37, 0xFB58, 0xCA92, 0xC271, 0xCA92, 0xEB15, 0xEAF5,
    0xFB79, 0xFB78, 0xEB16, 0xEAF5, 0xF316, 0xD2B3, 0xDAD4, 0xEAF5, 0xEAF5, 0xAA2F, 0xC271, 0xE2D4,
    0x8669, 0x75A7, 0x8648, 0x7DC7, 0x6D27, 0x7E28, 0x7DE8, 0x6D27, 0x7587, 0x75C7, 0x6D47, 0x64C6,
    0x6D87, 0x6D88, 0x6568, 0x5487, 0x6568, 0x6D68, 0x6DA8, 0x6528, 0x7E69, 0x7E29, 0x75E8, 0x75A8,
    0x6527, 0x6D27, 0x6506, 0x64C6, 0x64E6, 0x7E08, 0x75E7, 0x6D67, 0x7587, 0x7DE8, 0x6D67, 0x64C6,
    0x7567, 0x8E89, 0x7E48, 0x7E28, 0x8689, 0x8669, 0x75C7, 0x7567, 0x7587, 0x972A, 0x9F6A, 0xA7CB,
    0x974A, 0x96E9, 0x8EE9, 0x7E08, 0x8688, 0x8689, 0x9FCA, 0x96E9, 0x9729, 0x9F6A, 0x9749, 0x8669,
    0x64E6, 0x7DE8, 0x6D47, 0x64A6, 0x5CA6, 0x8E89, 0x8688, 0x5C86, 0x5CA6, 0x6D88, 0x5CC6, 0x6547,
    0x6507, 0x7E69, 0x7629, 0x6548, 0x5CC7, 0x6D48, 0x7608, 0x75E8, 0x6D87, 0x6D68, 0x7E48, 0x8689,
    0x7E28, 0x6D27, 0x6506, 0x8EA9, 0x9F6A, 0x9F6A, 0x9FAA, 0x75A8, 0xEAF5, 0xD2B3, 0xDAD4, 0xE2F5,
    0xDAD4, 0xFB57, 0xFB58, 0xE2F5, 0xFB37, 0xFB37, 0xEB16, 0xFB58, 0xFB37, 0xFB9A, 0xEB15, 0xD2B3,
    0xE2D4, 0xFB58, 0xD2B3, 0xC271, 0xCA92, 0xFB57, 0xFB58, 0xFB78, 0xFB58, 0xF316, 0xDAB3, 0xFB37,
    0xE2D4, 0xD2B3, 0xEB16, 0xFB37, 0xB250, 0xAA2F, 0xC272, 0xDAD4, 0x75A7, 0x7E08, 0x75C7, 0x6D06,
    0x6D47, 0x75A7, 0x6D26, 0x5C86, 0x5C65, 0x7567, 0x5C86, 0x5CA6, 0x6D48, 0x5C66, 0x6D88, 0x6DC8,
    0x6DA9, 0x6568, 0x75C9, 0x5446, 0x5CC7, 0x6547, 0x7E29, 0x75A8, 0x75A8, 0x75A8, 0x6D27, 0x5CA6,
    0x6D07, 0x6D47, 0x7DE8, 0x64E6, 0x64A6, 0x7DE8, 0x7E08, 0x7E28, 0x96E9, 0x8EA9, 0x7588, 0x7DE8,
    0x8E89, 0x8669, 0x8628, 0x8648, 0x8608, 0x8EA9, 0x9F6A, 0x8688, 0x8669, 0x9F8A, 0x8EA9, 0x8EA9,
    0x8E89, 0x8648, 0x8E89, 0x8648, 0xA7AB, 0xA7EB, 0x9F8A, 0x9729, 0x96EA, 0x9729, 0x7DC8, 0x64A6,
    0x64A6, 0x75A7, 0x8628, 0x64C6, 0x75C8, 0x6D47, 0x64C7, 0x64E7, 0x6D88, 0x86CA, 0x7629, 0x5CE7,
    0x5CC7, 0x6DA8, 0x8F2B, 0x7E49, 0x75A8, 0x75C8, 0x6D67, 0x8648, 0xA7EB, 0x96E9, 0x8628, 0x8668,
    0x9F6A, 0x9F6A, 0xA7CB, 0x9F6A, 0xFB37, 0xEAF5, 0xF316, 0xE2D4, 0xF316, 0xFB58, 0xFB37, 0xEB15,
    0xFB37, 0xFB78, 0xFB58, 0xFB37, 0xF316, 0xCA92, 0xCA93, 0xEAF5, 0xF316, 0xF316, 0xEAF5, 0xC292,
    0xE2F5, 0xFB58, 0xFB79, 0xFB58, 0xD2B3, 0xB250, 0xD2B3, 0xD2B3, 0xE2D5, 0xDAD4, 0xF316, 0xCA92,
    0xA20E, 0xA20F, 0xCA92, 0xF316, 0x64C6, 0x7DE8, 0x7DE8, 0x6D46, 0x7DC8, 0x7E08, 0x7587, 0x6D26,
    0x6D47, 0x64E6, 0x7588, 0x86A9, 0x7E08, 0x6D88, 0x6DC8, 0x6D88, 0x6527, 0x6528, 0x54A6, 0x5466,
    0x5446, 0x6527, 0x6DA8, 0x6D67, 0x64E6, 0x6D67, 0x6D26, 0x6D07, 0x6506, 0x6D07, 0x7587, 0x64A6,
    0x64C6, 0x7E08, 0x7DE7, 0x8EA9, 0x8EA8, 0x8628, 0x64A6, 0x7567, 0x8668, 0x8E89, 0x7587, 0x7587,
    0x6D67, 0x972A, 0x9F6A, 0x75A8, 0x8668, 0x974A, 0x8EC9, 0x972A, 0x8F09, 0x75C8, 0x8648, 0xA7CB,
    0x9749, 0x8E89, 0x7DE8, 0x7DE8, 0x8688, 0x9F6A, 0x8688, 0x75A8, 0x6506, 0x6D67, 0x6D67, 0x6D27,
    0x7E28, 0x75E8, 0x64E6, 0x6507, 0x5CE7, 0x7E8A, 0x870A, 0x7E49, 0x5CE7, 0x6507, 0x86C9, 0x976B,
    0x86C9, 0x8EC9, 0x6D47, 0x75C8, 0x75A7, 0x7DE8, 0x6D27, 0x6D27, 0x6D87, 0x75A7, 0x9FCA, 0xA7EB,
    0xD2B3, 0xE2D4, 0xDAD4, 0xFB37, 0xFB9A, 0xFB58, 0xD2B3, 0xF316, 0xFB37, 0xEAF5, 0xF316, 0xFB58,
    0xCA92, 0xC271, 0xC292, 0xF316, 0xF316, 0xFB58, 0xFB37, 0xFB16, 0xF316, 0xDAB3, 0xB230, 0xB230,
    0xBA71, 0xBA51, 0xC271, 0xCA93, 0xEAF5, 0xDAD4, 0xD2B3, 0xB250, 0xB230, 0xB230, 0xB230, 0xD2B3,
    0x5C85, 0x6D06, 0x5C86, 0x64A6, 0x7E07, 0x8668, 0x8648, 0x8EA9, 0x8688, 0x7DE8, 0x6D27, 0x7E29,
    0x5CA7, 0x6D88, 0x868A, 0x75E8, 0x75C9, 0x6DE9, 0x6DA9, 0x6D88, 0x5C66, 0x5CE7, 0x6507, 0x64C6,
    0x6507, 0x7DE8, 0x6D27, 0x7587, 0x6D47, 0x5C86, 0x6D47, 0x7587, 0x75A8, 0x6506, 0x6D27, 0x6D27,
    0x8649, 0x8EA9, 0x7587, 0x75A7, 0x8648, 0x7E28, 0x8628, 0x75A7, 0x7DC8, 0x8668, 0x8669, 0x8648,
    0x8628, 0x8648, 0x8649, 0x8648, 0x8EA9, 0x75A7, 0x8608, 0x9F6A, 0x970A, 0x7E08, 0x7DC8, 0x7DE8,
    0x8608, 0x8688, 0x8EC9, 0x9709, 0x970A, 0x7E08, 0x8608, 0x8EC9, 0x8689, 0x7E08, 0x8649, 0x7E69,
    0x7609, 0x6507, 0x6DA9, 0x7E6A, 0x6D88, 0x5CC7, 0x6D68, 0x86A9, 0x974A, 0x7E69, 0x8EA9, 0x972A,
    0x7567, 0x8EA9, 0x9F6A, 0x6D27, 0x6D47, 0x6D26, 0x8669, 0x9749, 0xE2D5, 0xDAB3, 0xE2D5, 0xF316,
    0xFB58, 0xE2D4, 0xCA92, 0xF316, 0xFB99, 0xC292, 0xD2B3, 0xE2F5, 0xE2F5, 0xFB79, 0xF316, 0xFB79,
    0xFB78, 0xFB78, 0xFB37, 0xDAD4, 0xEAF5, 0xC272, 0xBA71, 0xDAD4, 0xEAF6, 0xCA92, 0xFB58, 0xFB78,
    0xFB37, 0xCA92, 0xAA2F, 0xB250, 0xCA92, 0xBA51, 0xCA92, 0xC271, 0x6D27, 0x64E6, 0x5C66, 0x5C66,
    0x7567, 0x8628, 0x8648, 0x8688, 0x8628, 0x7567, 0x6D47, 0x6D67, 0x6D67, 0x6D27, 0x5CE6, 0x75C8,
    0x6547, 0x6DA9, 0x6DE9, 0x7E49, 0x7628, 0x6D88, 0x5466, 0x64E7, 0x6527, 0x64E7, 0x6D26, 0x7DC8,
    0x8648, 0x7587, 0x6D26, 0x7DE8, 0x75C7, 0x7E08, 0x75C7, 0x6D67, 0x6D47, 0x8648, 0x7E08, 0x8EC9,
    0x8EC9, 0x7DC8, 0x75C7, 0x9709, 0x8EC9, 0x7547, 0x6D67, 0x7E28, 0x7E08, 0x8EC9, 0x8EE9, 0x8648,
    0x8EE9, 0x7587, 0x6506, 0x7E08, 0x8EE9, 0x9F4A, 0x9FAA, 0x9F4A, 0x8EC9, 0x970A, 0x75C7, 0x8EC9,
    0x8668, 0x8E69, 0x8668, 0x9709, 0x8689, 0x75A8, 0x75C8, 0x86AA, 0x75C8, 0x6507, 0x5CE7, 0x6D88,
    0x75E9, 0x86EA, 0x6DA8, 0x64E7, 0x7E28, 0x8EEA, 0x7E48, 0x7E08, 0x7587, 0x75A8, 0x6D47, 0x6D47,
    0x7E08, 0x8648, 0x6D47, 0x6D47, 0xCA92, 0xF316, 0xF316, 0xFB37, 0xFB58, 0xEAF5, 0xDAD4, 0xFB58,
    0xFB78, 0xCA92, 0xC272, 0xDAD4, 0xFB37, 0xFBBA, 0xFB58, 0xFB58, 0xEAF5, 0xFB37, 0xEAF5, 0xE2D4,
    0xF316, 0xD2B3, 0xD2B3, 0xDAB3, 0xDAB4, 0xBA51, 0xE2F5, 0xFB57, 0xF316, 0xB250, 0xA20F, 0xBA71,
    0xC271, 0xCA92, 0xCA92, 0xB250, 0x64C6, 0x6CE6, 0x64E6, 0x64A6, 0x6D26, 0x7DC8, 0x7E28, 0x8608,
    0x8668, 0x7DE8, 0x75E7, 0x75C8, 0x7E29, 0x6D68, 0x5466, 0x6548, 0x6507, 0x5CC7, 0x75C9, 0x7E49,
    0x866A, 0x6D88, 0x64C7, 0x6D67, 0x7E08, 0x6D67, 0x7E08, 0x75C7, 0x8EA9, 0x8EA9, 0x8628, 0x7E08,
    0x7DE8, 0x8668, 0x7588, 0x6D47, 0x64A6, 0x7567, 0x7DE8, 0x7E08, 0x8EA9, 0x8EA9, 0x7DE8, 0x9729,
    0x96E9, 0x6D27, 0x7DC8, 0x8648, 0x8628, 0x8EC9, 0x972A, 0x96E9, 0x970A, 0x7587, 0x7547, 0x75C7,
    0x8649, 0x75A7, 0x8649, 0x8668, 0x8649, 0x8688, 0x8628, 0x6D67, 0x6D27, 0x64E6, 0x7567, 0x7E28,
    0x75C8, 0x75A8, 0x7E09, 0x75C8, 0x7E49, 0x75C8, 0x6507, 0x6DC9, 0x7E8A, 0x7EAA, 0x75E9, 0x6D67,
    0x8ECA, 0x8F0A, 0x8ECA, 0x6D27, 0x7DA8, 0x8648, 0x7DA8, 0x7DE8, 0x7567, 0x8628, 0x9F4A, 0x8EA9,
    0xEAF5, 0xEAF5, 0xFB37, 0xF316, 0xFB37, 0xE2F5, 0xFB37, 0xF316, 0xFB58, 0xD2B3, 0xE2D5, 0xF316,
    0xDAD4, 0xD2B3, 0xFB37, 0xCA92, 0xCA92, 0xDAD4, 0xE2D4, 0xF316, 0xFB37, 0xDAD4, 0xE2D4, 0xD2B3,
    0xD2B3, 0xCA93, 0xFB16, 0xDAB4, 0xCA92, 0xAA2F, 0x99EE, 0xA20F, 0xB250, 0xBA51, 0xC271, 0xA20F,
    0x7DE8, 0x6D06, 0x6D07, 0x6D47, 0x6D07, 0x7587, 0x7587, 0x6D06, 0x7547, 0x64C6, 0x6D07, 0x6D67,
    0x75C8, 0x5466, 0x5446, 0x5446, 0x5446, 0x5466, 0x5CE7, 0x75E9, 0x7E49, 0x6D68, 0x6D67, 0x7588,
    0x7E48, 0x75A8, 0x75A7, 0x8628, 0x8688, 0x8EE9, 0x8688, 0x7DE8, 0x7DE7, 0x8689, 0x75A7, 0x6D27,
    0x6D67, 0x7DE8, 0x6D47, 0x64E6, 0x7DE7, 0x8689, 0x8688, 0x972A, 0x8EA8, 0x75A7, 0x6D47, 0x75A8,
    0x7E07, 0x7DC8, 0x6D67, 0x75A7, 0x8F09, 0x8668, 0x6D27, 0x75A7, 0x7E08, 0x6D27, 0x7587, 0x7E28,
    0x64E6, 0x6D27, 0x8EE9, 0x75A7, 0x64E6, 0x6D47, 0x64E6, 0x7567, 0x8668, 0x7E49, 0x7E69, 0x8689,
    0x7E89, 0x6DC8, 0x54A6, 0x7629, 0x7E89, 0x7E8A, 0x7EA9, 0x86AA, 0x75E8, 0x5CC7, 0x7E48, 0x972A,
    0x8EC9, 0x7DE8, 0x8688, 0x8628, 0x6D47, 0x7DE8, 0x8EC9, 0x9F6A, 0xEB16, 0xF316, 0xFB79, 0xFB58,
    0xE2F5, 0xCA93, 0xF316, 0xEAF5, 0xEAF5, 0xE2D4, 0xCA92, 0xF316, 0xF316, 0xFB36, 0xF316, 0xC292,
    0xC271, 0xE2D4, 0xD293, 0xDAD4, 0xEAF5, 0xC271, 0xCA92, 0xD2B3, 0xCA92, 0xE2F5, 0xC272, 0xAA0F,
    0xB230, 0xB230, 0x89CD, 0x91ED, 0xA20F, 0xA20E, 0xA1EE, 0x99EE, 0x8688, 0x5C86, 0x5C85, 0x64A6,
    0x5C85, 0x6D27, 0x7E07, 0x6D47, 0x64C6, 0x6D27, 0x6D47, 0x6D67, 0x86AA, 0x5466, 0x5CA7, 0x6D68,
    0x6528, 0x5466, 0x5487, 0x5CE7, 0x7E29, 0x6507, 0x6D48, 0x7E28, 0x8669, 0x75C7, 0x7DE8, 0x7DE8,
    0x6D27, 0x75C7, 0x7DE8, 0x7587, 0x6D47, 0x7E08, 0x7DE8, 0x7587, 0x7DE8, 0x7587, 0x6CE7, 0x7567,
    0x8648, 0x7DE7, 0x7547, 0x8668, 0x8EC9, 0x8EA9, 0x8E89, 0x75A7, 0x7E08, 0x7E08, 0x7DC8, 0x8648,
    0xA7CB, 0xAFEB, 0x9F6A, 0x9F8A, 0x9F6A, 0x8628, 0x8669, 0x8EC9, 0x8EA9, 0x7DC7, 0x9709, 0x8EE9,
    0x7E08, 0x7DE8, 0x7DC8, 0x8EE9, 0x8EEA, 0x8F09, 0x976A, 0x86A9, 0x8F0A, 0x7629, 0x5CC7, 0x5CE7,
    0x7EAA, 0x6DA8, 0x7609, 0x7E29, 0x6D68, 0x5CA6, 0x64C7, 0x8EA9, 0x8648, 0x64E6, 0x6D07, 0x8628,
    0x7DC8, 0x7587, 0x7E08, 0x8EC9, 0xFB79, 0xFB99, 0xFB9A, 0xFB37, 0xFB58, 0xDAD4, 0xD2B3, 0xD293,
    0xFB99, 0xFB79, 0xFB58, 0xFB16, 0xFB37, 0xEAF5, 0xE2F5, 0xB250, 0xB250, 0xAA0F, 0xB230, 0xC272,
    0xFB17, 0xD2B3, 0xFB37, 0xFB37, 0xD2B3, 0xDAB4, 0xAA30, 0x99EE, 0xA20F, 0x99EE, 0x99EE, 0xB230,
    0xB250, 0xB250, 0x91CD, 0x89AC, 0x6D07, 0x64C6, 0x6D27, 0x7587, 0x7547, 0x6D26, 0x9709, 0x6D47,
    0x64C6, 0x75A7, 0x8EC9, 0x7E48, 0x86A9, 0x7E09, 0x6547, 0x75C8, 0x5D07, 0x54A7, 0x5487, 0x5CC7,
    0x75E8, 0x6D48, 0x5466, 0x75C8, 0x7E28, 0x75A8, 0x7E07, 0x7587, 0x64A6, 0x8668, 0x8648, 0x8668,
    0x6D47, 0x75A7, 0x8648, 0x8648, 0x6D67, 0x64C6, 0x75A7, 0x9709, 0x7587, 0x6D27, 0x6506, 0x7DC8,
    0x8688, 0x8608, 0x8EA9, 0x7E08, 0x8EA9, 0x8E89, 0x75C7, 0x96E9, 0xA7CA, 0xB7EB, 0xA7EA, 0x9F4A,
    0x8648, 0x7DC8, 0x75C7, 0x8EC9, 0x8EE9, 0x7DC8, 0x8EC8, 0x9F8A, 0x9F8A, 0xA7CA, 0x8688, 0x974A,
    0x974A, 0x972A, 0x8F4A, 0x8F0A, 0x7E89, 0x6DA8, 0x5CA6, 0x7629, 0x7649, 0x6D88, 0x5486, 0x8689,
    0x86C9, 0x8EEA, 0x5CA6, 0x64C6, 0x7DE8, 0x64E6, 0x75A7, 0x8EC9, 0x8EE9, 0x96E9, 0x9709, 0x9F8A,
    0xEB16, 0xFB9A, 0xFB58, 0xF316, 0xFBDB, 0xFB37, 0xD2B3, 0xEAF5, 0xFB9A, 0xFB78, 0xFB37, 0xFB9A,
    0xFB37, 0xE2D4, 0xCA72, 0xAA2F, 0x99EE, 0xAA0F, 0xCA92, 0xDAB4, 0xEAF5, 0xF316, 0xF316, 0xE2F5,
    0xAA2F, 0xB230, 0xAA2F, 0x99EE, 0x91CD, 0xA20E, 0xB230, 0xB230, 0xBA51, 0xB230, 0x798B, 0x798B,
    0x5425, 0x6CE6, 0x75A7, 0x9709, 0x96E9, 0x6D06, 0x8648, 0x7DE8, 0x64C6, 0x6D47, 0x8F09, 0x8EE9,
    0x7E09, 0x86CA, 0x86CA, 0x86CA, 0x6D68, 0x5D07, 0x6568, 0x6568, 0x7E09, 0x75C8, 0x6D88, 0x86C9,
    0x8ECA, 0x7DE8, 0x6CE7, 0x6D27, 0x7567, 0x8EA9, 0x7DE8, 0x75A7, 0x8E69, 0x75A7, 0x75A8, 0x7587,
    0x64C7, 0x6D06, 0x96E9, 0x9709, 0x8628, 0x7DE8, 0x6D47, 0x6D47, 0x8EA9, 0x8648, 0x8E89, 0x7587,
    0x8649, 0x8668, 0x8EC9, 0x8668, 0x970A, 0xAFEB, 0x9F4A, 0x7DC7, 0x7588, 0x7DE8, 0x6D07, 0x7567,
    0x8649, 0x7DC7, 0x7547, 0x7E28, 0xAFEB, 0x8668, 0x7DE8, 0x8648, 0x9F6A, 0x6D47, 0x6D27, 0x64E7,
    0x6D88, 0x6507, 0x64E7, 0x7649, 0x7E6A, 0x75E9, 0x5CA7, 0x5CA6, 0x64C7, 0x5CA6, 0x6D68, 0x7E08,
    0x7567, 0x8628, 0x7DE8, 0x9729, 0x96E9, 0x8668, 0x6D27, 0x7567, 0xF337, 0xF379, 0xF337, 0xCA93,
    0xFB58, 0xEAF6, 0xF316, 0xEAF5, 0xFB17, 0xEAF6, 0xFB16, 0xFB37, 0xFB37, 0xCA92, 0xDAD4, 0xDAB4,
    0xD293, 0xCA92, 0xFB37, 0xEAF5, 0xDAD4, 0xCA92, 0xDAD4, 0xAA2F, 0x91CD, 0xA20E, 0xAA0F, 0xA20E,
    0xB250, 0xCA72, 0xAA2F, 0x99EE, 0xCA92, 0x91CD, 0x81AC, 0x89AC, 0x6CC6, 0x96E9, 0x8648, 0x96E9,
    0x9709, 0x9709, 0x6D07, 0x6D06, 0x8608, 0x9749, 0x96E9, 0x7587, 0x7E48, 0x6DA8, 0x7E69, 0x7E49,
    0x6DE8, 0x6548, 0x6DE9, 0x7E8A, 0x7ECA, 0x86CA, 0x7E49, 0x8689, 0x75E8, 0x7DC8, 0x6D67, 0x6D47,
    0x7587, 0x7587, 0x6D67, 0x8E89, 0x8EE9, 0x7DE8, 0x6D47, 0x6D27, 0x6D46, 0x75A7, 0x8668, 0x8628,
    0x75A7, 0x7DC7, 0x7E08, 0x8669, 0x8688, 0x8668, 0x8688, 0x7567, 0x75C7, 0x8648, 0x9F69, 0x8EC9,
    0x7DE7, 0xA7CA, 0xA7CA, 0x8648, 0x7E28, 0x8EC9, 0x7E07, 0x7567, 0x7587, 0x6D27, 0x6D47, 0x7E08,
    0x8668, 0x7E08, 0x7E08, 0x8689, 0x976A, 0x974A, 0x8EC9, 0x6D47, 0x6D87, 0x6507, 0x5CC7, 0x5CE7,
    0x6E09, 0x7E49, 0x7608, 0x5CA7, 0x5CA6, 0x5CA6, 0x5CC6, 0x7E08, 0x8EE9, 0x8689, 0x64E6, 0x7E28,
    0x9729, 0x8668, 0x75A7, 0x8EA9, 0xDAF5, 0xF39A, 0xFB9A, 0xFB57, 0xDAB4, 0xFB58, 0xFB37, 0xEAF6,
    0xFB78, 0xFB79, 0xDAB4, 0xDAB4, 0xEAF5, 0xF316, 0xDAD4, 0xEAF5, 0xCA93, 0xCA93, 0xEAF5, 0xE2D4,
    0xB230, 0x91CD, 0xC271, 0xA20F, 0x81AC, 0xAA30, 0xA1EE, 0xAA30, 0xC272, 0xBA51, 0xAA0F, 0xB250,
    0xC271, 0x99EE, 0x89AC, 0xC272, 0x7DE7, 0x8668, 0x75A7, 0x8668, 0x9709, 0x8EA8, 0x64E6, 0x75A7,
    0x7587, 0x7567, 0x7587, 0x5425, 0x6D68, 0x6D67, 0x86CA, 0x86EA, 0x86AA, 0x6DC8, 0x6568, 0x6DA8,
    0x6DA9, 0x5CE7, 0x6D48, 0x7608, 0x75A8, 0x7E48, 0x7DE8, 0x8628, 0x8669, 0x7E08, 0x7E08, 0x7E08,
    0x6D27, 0x7587, 0x8628, 0x7E08, 0x75A7, 0x64C6, 0x64C6, 0x7567, 0x6D27, 0x75A7, 0x96C9, 0x9709,
    0x7587, 0x8648, 0x8E69, 0x7587, 0x6D47, 0x6D26, 0x8648, 0x8E88, 0x8E89, 0x8688, 0x9F4A, 0x7DC8,
    0x7587, 0x8628, 0x8628, 0x6D67, 0x8EA9, 0x96E9, 0xA7AA, 0xAFEB, 0x9F6A, 0x8688, 0x972A, 0x7DE8,
    0x7588, 0x7E48, 0x9F8B, 0x976A, 0x976B, 0x6D88, 0x5CC7, 0x5CA7, 0x86AA, 0x7EAA, 0x86CA, 0x86CA,
    0x8EEA, 0x5CA6, 0x64C7, 0x7DE8, 0x970A, 0x9729, 0x7567, 0x7587, 0x9F6A, 0x75A7, 0x8E69, 0x9F8A,
    0xE2F5, 0xEB37, 0xDAF5, 0xE2D5, 0xDAD5, 0xFB79, 0xFBBA, 0xFB79, 0xFBBB, 0xFC1D, 0xFB58, 0xFB79,
    0xFB79, 0xFB58, 0xDAB4, 0xE2D4, 0xCA93, 0xB250, 0xCA92, 0x99EE, 0x99EE, 0xC271, 0xE2F5, 0xB230,
    0xAA30, 0xBA51, 0xB230, 0xC272, 0xDAB3, 0xDAB4, 0xDAB4, 0xD2B3, 0x9A0E, 0x91CD, 0xC271, 0xB230,
    0x6D27, 0x75A7, 0x6D07, 0x7DC7, 0x8E89, 0x9729, 0xA7AA, 0xA7CA, 0x7DE8, 0x64E6, 0x5C66, 0x5445,
    0x5CA6, 0x8EEA, 0x86C9, 0x86CA, 0x75E9, 0x6D88, 0x6548, 0x6568, 0x6548, 0x6507, 0x6507, 0x6D88,
    0x6D67, 0x7E08, 0x7587, 0x7DE8, 0x7E08, 0x8EA9, 0x8688, 0x7DE8, 0x7E28, 0x8669, 0x7DE7, 0x8EA9,
    0x8668, 0x7587, 0x7567, 0x8668, 0x7E28, 0x8E89, 0x8EA8, 0x8648, 0x6D46, 0x8648, 0x8668, 0x9709,
    0x6D67, 0x6CE6, 0x6506, 0x7DE8, 0x8688, 0x96E9, 0x9709, 0x7E08, 0x6506, 0x8E89, 0x9729, 0x8E89,
    0x8EC9, 0xA7EB, 0xAFEB, 0xB7EB, 0xA7EA, 0x8EC9, 0x75A7, 0x8648, 0x6D47, 0x8689, 0x8668, 0x7E49,
    0x75C8, 0x6D48, 0x7649, 0x6DC8, 0x7649, 0x86CA, 0x86A9, 0x86CA, 0x86C9, 0x8EEA, 0x7E48, 0x6D27,
    0x7E28, 0x9F4A, 0x75C7, 0x7DE8, 0x8EA8, 0x8669, 0x8688, 0x8668, 0xF316, 0xE316, 0xDB16, 0xDAF6,
    0xFB79, 0xFC3F, 0xFC1E, 0xFBDC, 0xFB99, 0xFB58, 0xFB16, 0xFB79, 0xFB79, 0xEB16, 0xE2D4, 0xBA51,
    0xC272, 0xCA92, 0xBA50, 0xB250, 0xBA71, 0xE2D5, 0xC271, 0xCA93, 0xEAF5, 0xEAF5, 0xCA72, 0xDAB4,
    0xDAB4, 0xCA93, 0xCA92, 0xBA51, 0xA1EE, 0x89CD, 0xA20F, 0xAA0F, 0x6D06, 0x7DE8, 0x64E6, 0x8E88,
    0x8EA8, 0x9F8A, 0x9F89, 0xA78A, 0x96E9, 0x8E68, 0x6D46, 0x6507, 0x64C7, 0x7E49, 0x86AA, 0x6527,
    0x6D68, 0x6D88, 0x6DA9, 0x6DC8, 0x7E09, 0x75A8, 0x6507, 0x6507, 0x7DC8, 0x7E08, 0x8648, 0x75C7,
    0x6D07, 0x8628, 0x8628, 0x8628, 0x9709, 0x8EE9, 0x8628, 0x8EA8, 0x8E69, 0x7E08, 0x7DE8, 0x8648,
    0x8E89, 0x7DE8, 0x7547, 0x7E08, 0x7DC8, 0x8648, 0x96C9, 0x9709, 0x8608, 0x6D27, 0x7DC8, 0x8628,
    0x8608, 0x8648, 0x8EC9, 0x8688, 0x75A8, 0x8EA9, 0x9F8A, 0x9FAA, 0x9F6A, 0xA7EA, 0xB7EB, 0xA7EA,
    0x96E9, 0x8EA9, 0x7DE8, 0x8E88, 0x972A, 0x9F6A, 0x75A8, 0x75E8, 0x8669, 0x5CC7, 0x7E29, 0x6548,
    0x5CA7, 0x5CA7, 0x5CC7, 0x5CA6, 0x8649, 0x8EEA, 0x75A8, 0x6D27, 0x6D27, 0x6D27, 0x6D27, 0x9709,
    0xA7CB, 0x96E9, 0x9F6A, 0xA7EA, 0xFBBA, 0xF317, 0xFB38, 0xFB9A, 0xFBFD, 0xFBFD, 0xFBBB, 0xFB79,
    0xEB16, 0xC272, 0xDAD4, 0xB250, 0xCA93, 0xD2B3, 0xB251, 0xB250, 0xCA92, 0xCA92, 0xC272, 0xC272,
    0xD2B3, 0xBA71, 0xB250, 0xE2F5, 0xF316, 0xEAF6, 0xF316, 0xC272, 0xAA2F, 0xA20F, 0x91ED, 0x89CD,
    0x99EE, 0x798B, 0xBA71, 0xCA92, 0x64A6, 0x6CE6, 0x7DE8, 0x7567, 0xA78A, 0x9729, 0x8E89, 0x8EC9,
    0x8E89, 0x8E88, 0x8628, 0x6D27, 0x5CA6, 0x5CA6, 0x7E49, 0x6507, 0x5CE7, 0x6DA8, 0x7609, 0x7629,
    0x6DC8, 0x6547, 0x6D87, 0x6D47, 0x7E48, 0x8649, 0x75A7, 0x64C6, 0x6506, 0x8668, 0x7E07, 0x75A7,
    0x7E07, 0x7DE8, 0x7E07, 0x8EA9, 0x8688, 0x7587, 0x6D67, 0x8E89, 0x7DE7, 0x7DC8, 0x75C7, 0x8648,
    0x7DE7, 0x8EA9, 0x8EA8, 0x7DA7, 0x75C7, 0x7587, 0x7587, 0x7DC8, 0x7DC7, 0x6D06, 0x7E28, 0x7587,
    0x7DE7, 0x9729, 0x9729, 0x9729, 0x8648, 0x7DA7, 0x8668, 0x9F4A, 0x8EA8, 0x8648, 0x7E08, 0x9709,
    0x9709, 0x9F6A, 0x8EE9, 0x7E28, 0x6507, 0x8689, 0x6D88, 0x6D88, 0x5CE7, 0x5CE7, 0x5CA6, 0x6DA8,
    0x7E69, 0x7E49, 0x8669, 0x75C8, 0x64C6, 0x7DE8, 0x7E08, 0x7547, 0x6D46, 0x7587, 0x6D46, 0x8668,
    0xFBDB, 0xFBBB, 0xFB79, 0xFC3E, 0xFBDC, 0xFB9A, 0xFBBB, 0xE338, 0xCAB4, 0xC271, 0xCA92, 0xC271,
    0xBA71, 0xC272, 0xBA51, 0xDAD4, 0xAA0F, 0xBA51, 0xE2D4, 0xE2F5, 0xDAB4, 0xC272, 0xDAB3, 0xFB9A,
    0xFB38, 0xEAF5, 0xF316, 0xD2B3, 0xA20E, 0x89CD, 0x716B, 0x89CD, 0xAA0F, 0x99EE, 0xAA0F, 0xDAB4,
    0x7E07, 0x7E08, 0xA7AA, 0x8668, 0xA7AA, 0x9709, 0x7DC7, 0x7587, 0x7E07, 0x8EA8, 0x8688, 0x5C86,
    0x7DE8, 0x6507, 0x6D88, 0x6507, 0x6507, 0x6D68, 0x6D88, 0x7E6A, 0x86AA, 0x7E49, 0x7DE9, 0x6D47,
    0x75C8, 0x6D27, 0x6D27, 0x6D47, 0x8648, 0x9709, 0x96E9, 0x8688, 0x8E89, 0x7E08, 0x8648, 0x8628,
    0x7DE8, 0x7E08, 0x8EA9, 0x8EA8, 0x8648, 0x7DE8, 0x7DA8, 0x6D06, 0x6D27, 0x7E08, 0x8EA9, 0x8628,
    0x8EC9, 0x8688, 0x8EC9, 0x75A7, 0x7587, 0x75A7, 0x9709, 0x9709, 0x9F4A, 0x8EC9, 0x8628, 0x8EA9,
    0x8EA9, 0x7DE8, 0x8628, 0x8668, 0x8EC9, 0x8EC9, 0x8E69, 0x8EA9, 0x7E08, 0x6D27, 0x75C8, 0x75A8,
    0x6507, 0x86A9, 0x868A, 0x6D88, 0x7E6A, 0x7ECA, 0x86CA, 0x7E69, 0x86CA, 0x8689, 0x970A, 0x7E28,
    0x75A8, 0x8648, 0x9F6A, 0x9F6A, 0x7567, 0x7E08, 0x7567, 0x7567, 0xFBBB, 0xFB37, 0xF316, 0xCAB3,
    0xD2D5, 0xF337, 0xFB9A, 0xEB79, 0xD2F5, 0xBA71, 0xEB16, 0xDAD4, 0xBA51, 0xBA71, 0xD2B3, 0xD2B3,
    0xB250, 0xD2B3, 0xF316, 0xC271, 0xDAD4, 0xFB37, 0xEAF5, 0xFB17, 0xFB9A, 0xFB9A, 0xFB79, 0xDAD4,
    0x89CD, 0x91CD, 0x91CD, 0xBA71, 0xD2B3, 0xAA30, 0xCA93, 0xCA92, 0x8E88, 0x9749, 0xBFEB, 0x9F8A,
    0x96C9, 0x8EA8, 0x64A6, 0x5C85, 0x8648, 0x8E88, 0x8EA9, 0x7DE8, 0x6547, 0x75E9, 0x5CE7, 0x5CA7,
    0x5D07, 0x6527, 0x5446, 0x5CC7, 0x5CA6, 0x6D48, 0x7628, 0x75C8, 0x7E08, 0x6D07, 0x5CA6, 0x7DC7,
    0x7E28, 0x9709, 0x7E28, 0x8E89, 0x8688, 0x7DE8, 0x6D46, 0x6D47, 0x7DE7, 0x8648, 0x9709, 0x8648,
    0x8648, 0x8608, 0x75C7, 0x6CE6, 0x6D26, 0x7547, 0x7E07, 0x8628, 0x8668, 0x8628, 0x8EA8, 0x7DE8,
    0x7DE7, 0x8E89, 0x8EE9, 0xAFEB, 0x9729, 0x8EA9, 0x75C7, 0x7DE8, 0x8668, 0x9729, 0x8648, 0x8E89,
    0x9F8A, 0xA7EB, 0x9F69, 0x8668, 0x8688, 0x7E08, 0x6D47, 0x6527, 0x6507, 0x6507, 0x6527, 0x6DC8,
    0x7629, 0x86CA, 0x7E49, 0x6507, 0x6D87, 0x8689, 0x7E68, 0x75A8, 0x6D67, 0x8668, 0x8648, 0x6D27,
    0x75A7, 0x8E89, 0x8EA8, 0x7587, 0xFB38, 0xEAF5, 0xD2B3, 0xCAB3, 0xCAD4, 0xDB16, 0xE317, 0xCAD4,
    0xEB16, 0xDAB4, 0xF316, 0xDAD4, 0xB250, 0xC271, 0xC272, 0xEB16, 0xDAD4, 0xF316, 0xE2F5, 0xF316,
    0xFB37, 0xFB58, 0xEAF5, 0xDAD4, 0xF316, 0xCA92, 0xA20F, 0x91ED, 0x91CD, 0xBA71, 0x89AC, 0x89AC,
    0xA20F, 0xBA51, 0xEAF5, 0xBA51, 0x6D46, 0x9F29, 0xA7CA, 0x7567, 0x6D26, 0x7547, 0x64C6, 0x6D06,
    0x6D46, 0x6486, 0x7E07, 0x8648, 0x7DE9, 0x6D88, 0x6D88, 0x6D88, 0x6D68, 0x5CA7, 0x6528, 0x6547,
    0x5C87, 0x5C86, 0x75E8, 0x86A9, 0x8ECA, 0x6507, 0x6D27, 0x7E08, 0x7DC8, 0x7567, 0x75A7, 0x8EA8,
    0x7587, 0x6D26, 0x75A7, 0x6D26, 0x8628, 0x9709, 0x9709, 0x7DE7, 0x7DE8, 0x7DE8, 0x8628, 0x75A7,
    0x8648, 0x7DC7, 0x8E89, 0x64A6, 0x7547, 0x9F6A, 0x9F8A, 0x8EA8, 0x8608, 0x8EA9, 0x8EC9, 0xA7EA,
    0x8E89, 0xA7EA, 0xB7EB, 0xAFEB, 0x8628, 0x7DE7, 0x8628, 0xA7EA, 0xA78A, 0x8EC9, 0x8EC9, 0x9709,
    0x9F4A, 0x7DE8, 0x6D07, 0x7E28, 0x8ECA, 0x6D67, 0x5CC7, 0x6568, 0x7609, 0x6D88, 0x75C9, 0x86CA,
    0x8EEA, 0x86A9, 0x75A8, 0x75A7, 0x7547, 0x8688, 0x9729, 0x7DE7, 0x9F8A, 0x9F6A, 0xAFEB, 0xAFEA,
    0xFB58, 0xEAF6, 0xD2B3, 0xDAD5, 0xE2F5, 0xF337, 0xE316, 0xFB79, 0xFBBB, 0xFB9A, 0xFB9A, 0xEAF5,
    0xFB79, 0xF316, 0xE2D5, 0xE2F5, 0xDAB4, 0xC272, 0xD2B3, 0xFB58, 0xFB79, 0xFB37, 0xFB79, 0xFB16,
    0xEAF5, 0xBA51, 0xCA93, 0xAA0F, 0xB250, 0xB250, 0x798B, 0x798B, 0x91CD, 0xDAD4, 0xE2D5, 0xB230,
    0x7D87, 0x9709, 0xB7EB, 0x8628, 0x64C6, 0x64A6, 0x7567, 0x6D06, 0x6CC6, 0x64C6, 0x8628, 0x9749,
    0x86A9, 0x7E08, 0x7E69, 0x86AA, 0x7EA9, 0x6528, 0x6DA8, 0x6D68, 0x5CC6, 0x75E8, 0x6527, 0x6D47,
    0x75E8, 0x75A8, 0x7587, 0x8EA9, 0x8688, 0x75A7, 0x7DE7, 0x9709, 0x7587, 0x6D47, 0x8628, 0x7567,
    0x6D67, 0x9709, 0x8EE9, 0x7DC8, 0x7E07, 0x8668, 0x8688, 0x8628, 0x8668, 0x8EC9, 0x8EC9, 0x7587,
    0x6506, 0x9749, 0x9F49, 0x8EA9, 0x7DE7, 0x8EA9, 0x8EA8, 0x8E89, 0x7E07, 0x8EC9, 0x9F49, 0xAFEB,
    0x9709, 0x8628, 0x6D67, 0x8E68, 0x9749, 0x7E08, 0x7DE7, 0x9709, 0x8F09, 0x75A7, 0x64C6, 0x8EC9,
    0x75E8, 0x6D68, 0x5CA6, 0x6548, 0x6DC8, 0x6507, 0x6507, 0x6D48, 0x86C9, 0x8EC9, 0x5CA6, 0x64E7,
    0x64C6, 0x7547, 0x7E08, 0x8668, 0x9F69, 0x8EA9, 0x7E07, 0x8628, 0xFBDB, 0xFB79, 0xDAB3, 0xDAB3,
    0xFB37, 0xFB99, 0xEB16, 0xFBDC, 0xFBBB, 0xFBFD, 0xFB9A, 0xFB37, 0xFB37, 0xE2D5, 0xE2F5, 0xD293,
    0xAA30, 0xBA51, 0xC271, 0xD2B3, 0xF316, 0xD2B3, 0xDAD4, 0xE2D4, 0x99EE, 0xA20F, 0xB230, 0xAA2F,
    0xB230, 0xA20F, 0x89AC, 0xB230, 0xAA2F, 0xEAF5, 0x99EE, 0xB230, 0x8648, 0xAFEA, 0x8668, 0x5C25,
    0x5425, 0x7DA7, 0x7567, 0x6D06, 0x6D66, 0x75A7, 0x7DC7, 0x7587, 0x75A8, 0x75C8, 0x75C8, 0x8689,
    0x7E69, 0x6DC8, 0x7E6A, 0x7E69, 0x868A, 0x8689, 0x64E7, 0x5CA6, 0x7568, 0x75A7, 0x7DC8, 0x7567,
    0x7587, 0x7567, 0x64E6, 0x8668, 0x7587, 0x7567, 0x7587, 0x6D47, 0x7587, 0x8628, 0x75A7, 0x6D06,
    0x8648, 0x7E08, 0x7DE8, 0x7587, 0x8E68, 0x8EE9, 0x9709, 0x9F69, 0x9F6A, 0x9709, 0x96C9, 0x9F49,
    0x9F6A, 0x9729, 0x8628, 0x7E28, 0x9F8A, 0x9709, 0x8648, 0x8EE9, 0x9729, 0x7DE7, 0x8628, 0x75A7,
    0x8608, 0x6D47, 0x7DE8, 0x7DE7, 0x8EC9, 0x8EC9, 0x8669, 0x8669, 0x6D68, 0x6D88, 0x7609, 0x75E8,
    0x6DA9, 0x5CE7, 0x6507, 0x6DA8, 0x75A8, 0x6DA8, 0x7E28, 0x75A7, 0x7588, 0x7E08, 0x6CE7, 0x6D47,
    0x9F6A, 0x9709, 0x8649, 0x9F8A, 0xFBDC, 0xFBBB, 0xFB79, 0xFB79, 0xFB9A, 0xFBFC, 0xFB58, 0xF337,
    0xDB16, 0xFB79, 0xFB9A, 0xD293, 0xCA92, 0xCA92, 0xCA92, 0xC271, 0x91EE, 0xC271, 0xBA71, 0xD2B3,
    0xFB16, 0xEAF5, 0xBA71, 0xC272, 0xA20F, 0xAA2F, 0xA20F, 0xB250, 0xAA30, 0xE2F5, 0xDAD4, 0xBA51,
    0x99EE, 0xCA93, 0x99EE, 0xCA92, 0x7587, 0x8668, 0x5C25, 0x3AE3, 0x4344, 0x6D26, 0x7DE8, 0x7547,
    0x7DA7, 0x7DC7, 0x7547, 0x6D06, 0x5CA6, 0x6D68, 0x6547, 0x7E09, 0x7E89, 0x7E8A, 0x6527, 0x5CE7,
    0x6DA8, 0x75E9, 0x7E28, 0x7E49, 0x86A9, 0x6D67, 0x6506, 0x7DC7, 0x7E08, 0x8608, 0x64C6, 0x6D47,
    0x64C6, 0x6D27, 0x6D26, 0x6D47, 0x6D26, 0x8628, 0x75A7, 0x6CE6, 0x6D47, 0x7587, 0x6D46, 0x7587,
    0x9729, 0x8EC9, 0x8EA8, 0x8E89, 0x8EC9, 0x9F29, 0x7E07, 0x9709, 0x9709, 0x96E9, 0x7DE7, 0x7DC7,
    0x8EC8, 0x8EC9, 0x8668, 0x8628, 0x7DE7, 0x7DC8, 0x7E28, 0x75A7, 0x75A7, 0x6D06, 0x7587, 0x6D47,
    0x8648, 0x8648, 0x7E48, 0x7E08, 0x75E8, 0x7E69, 0x7608, 0x7609, 0x6527, 0x5CE7, 0x6527, 0x75A8,
    0x6D67, 0x6507, 0x7E08, 0x7E08, 0x8648, 0x7DC8, 0x64E6, 0x6CE6, 0x8EA8, 0x9F4A, 0x9FAA, 0xA7CA,
    0xFB79, 0xFB9A, 0xFB9A, 0xFB9A, 0xFB9A, 0xFB9A, 0xFB79, 0xFBBB, 0xFB37, 0xFB57, 0xFB58, 0xDAD4,
    0xC272, 0xBA51, 0xB230, 0xAA2F, 0xA20F, 0xDAD4, 0xE2F5, 0xF316, 0xEAF5, 0xF316, 0xE2D4, 0xCA92,
    0xC271, 0xC272, 0xD293, 0xF316, 0xBA50, 0xE2D4, 0xE2D4, 0xA20F, 0x99EE, 0x91CD, 0xB230, 0xD293,
    0x7E27, 0x64A6, 0x3AE3, 0x3B04, 0x5C65, 0x7567, 0x7DE7, 0x75A7, 0x8668, 0x9F49, 0x75C7, 0x64C6,
    0x75A8, 0x7E08, 0x6D88, 0x6DA8, 0x75E9, 0x6568, 0x6528, 0x6507, 0x75A8, 0x7608, 0x75C8, 0x6527,
    0x8689, 0x7E48, 0x7E08, 0x8628, 0x9709, 0x7E08, 0x7DE8, 0x96E9, 0x8628, 0x7567, 0x7547, 0x7567,
    0x7587, 0x8648, 0x8628, 0x7DC7, 0x7DA8, 0x7DC7, 0x8E68, 0x7DC7, 0x8EA9, 0x8EA8, 0x8648, 0x7E28,
    0x8EA9, 0x9F8A, 0x9F4A, 0x96E9, 0x9F2A, 0x9F6A, 0x8E69, 0x7587, 0x7DA8, 0x6D06, 0x8628, 0x8628,
    0x7DA8, 0x75A7, 0x8EA9, 0x8EC9, 0x96E9, 0x7DE7, 0x6D07, 0x7587, 0x7DA8, 0x7E08, 0x8669, 0x75C8,
    0x75C8, 0x7E49, 0x7609, 0x7609, 0x6D68, 0x6507, 0x6DA8, 0x75E8, 0x75A8, 0x6D47, 0x8EEA, 0x9FAA,
    0x8EC9, 0x9709, 0x8EA9, 0x9F49, 0x8648, 0x7DE8, 0x8648, 0x9F49, 0xD293, 0xEAF6, 0xDAB4, 0xCA92,
    0xE2D4, 0xE2F5, 0xF316, 0xFB79, 0xFB79, 0xFB58, 0xFB58, 0xF316, 0xBA51, 0xBA51, 0xDAD4, 0xB250,
    0xD2B3, 0xE2D5, 0xEAF5, 0xE2D5, 0xE2D4, 0xE2F5, 0xD2B3, 0xB230, 0xBA51, 0xBA51, 0xD2B3, 0xFB58,
    0xF316, 0xBA51, 0xBA51, 0xBA50, 0xA20F, 0xA20F, 0xBA71, 0xD293, 0x8E68, 0x6D06, 0x53C5, 0x53C4,
    0x64A6, 0x8EA8, 0x7567, 0x75A7, 0x96C9, 0x8EA8, 0x8EA9, 0x8648, 0x86C9, 0x8EC9, 0x7E08, 0x75E8,
    0x6547, 0x5466, 0x5466, 0x7609, 0x7629, 0x6D88, 0x6507, 0x6507, 0x6D67, 0x7DC8, 0x64A6, 0x6D47,
    0x7E28, 0x7587, 0x7DE7, 0x8E89, 0x8E88, 0x7587, 0x7567, 0x64C6, 0x6506, 0x8668, 0x8668, 0x7DC7,
    0x7DE7, 0x75A7, 0x8628, 0x7DC7, 0x7DC7, 0x7E08, 0x7E28, 0x8E88, 0x7E27, 0x8668, 0x8EC9, 0x8668,
    0x8648, 0x9729, 0x7DC7, 0x6D27, 0x75C7, 0x75A7, 0x6D67, 0x7DE8, 0x7E07, 0x7567, 0x75C7, 0x8E89,
    0x8EE9, 0x7587, 0x64C6, 0x6CE6, 0x5C45, 0x75A7, 0x8688, 0x7E29, 0x75C8, 0x6D88, 0x6547, 0x6D68,
    0x6588, 0x7E69, 0x7E28, 0x8ECA, 0x8F09, 0x8689, 0x9F8A, 0xAFEB, 0x8688, 0x8668, 0xA7EA, 0xA7AA,
    0x7E07, 0x8E68, 0x75A7, 0x8628, 0xDAD5, 0xFB9A, 0xFB58, 0xEAF5, 0xDAB4, 0xF316, 0xEAF6, 0xE2D4,
    0xEAF5, 0xF316, 0xFB16, 0xE2D5, 0xB230, 0xDAD4, 0xEAF5, 0xC272, 0xC272, 0xEAF5, 0xEAF5, 0xC271,
    0xA20F, 0xBA51, 0xBA71, 0xD293, 0xDAD4, 0xDAD4, 0xC272, 0xFB37, 0xCA92, 0xD2B3, 0xB230, 0xAA0F,
    0xA20E, 0xAA2F, 0x99EE, 0xBA51, 0x4364, 0x4BA4, 0x5425, 0x64A6, 0x5C65, 0x75A7, 0x7567, 0x96E9,
    0x8EA8, 0x64A6, 0x6D46, 0x64E6, 0x75A8, 0x7E28, 0x7E49, 0x7E08, 0x7E69, 0x5CA6, 0x5467, 0x7629,
    0x868A, 0x6D88, 0x7568, 0x7E08, 0x7E08, 0x75A7, 0x6D47, 0x7567, 0x7547, 0x64E6, 0x7DC8, 0x8EC9,
    0x9709, 0x8648, 0x8E89, 0x7587, 0x6D06, 0x8648, 0x8EA9, 0x7DE7, 0x8628, 0x6D47, 0x8608, 0x75A7,
    0x8648, 0x8E88, 0x7DE8, 0x9729, 0x96E9, 0x8EE9, 0x96E9, 0x8668, 0x7DE8, 0x8668, 0x8EA9, 0x7587,
    0x7567, 0x7587, 0x7DA7, 0x96E9, 0x9709, 0x7DE7, 0x8E89, 0x7E08, 0x9709, 0x9729, 0x8668, 0x7DC7,
    0x6486, 0x5C86, 0x7568, 0x8689, 0x8F0A, 0x7E49, 0x7E29, 0x7EAA, 0x86AA, 0x8F0A, 0x86AA, 0x86A9,
    0xA7EB, 0xAFEB, 0x9F4A, 0x8689, 0x8648, 0x7DE7, 0x8648, 0x8EC9, 0xAFEB, 0xA7CA, 0xB7EB, 0x9709,
    0xD2D4, 0xF317, 0xFB37, 0xF316, 0xD2B3, 0xE2D5, 0xE2F5, 0xD2B3, 0xCA92, 0xC271, 0xE2F5, 0xCA92,
    0xBA71, 0xE2D4, 0xEAF5, 0xB250, 0xD293, 0xEAF5, 0xF316, 0xCA93, 0xB250, 0xC272, 0xC272, 0xE2D4,
    0xD2B3, 0xE2D4, 0xAA2F, 0xBA51, 0xF316, 0xDAD4, 0xC272, 0xCA72, 0xAA2F, 0x99EE, 0xBA71, 0xB250,
    0x4B84, 0x3AE3, 0x53E5, 0x8628, 0x8628, 0x8E88, 0x9709, 0x9709, 0x8EA9, 0x5C85, 0x8608, 0x6D06,
    0x7E28, 0x75C8, 0x7608, 0x6D47, 0x75E8, 0x6D88, 0x5CE7, 0x7E49, 0x7608, 0x6507, 0x6507, 0x7E28,
    0x8689, 0x7E08, 0x8668, 0x8EA9, 0x7587, 0x7DC8, 0x8668, 0x8628, 0x8628, 0x7DE8, 0x7E07, 0x7567,
    0x6D06, 0x8628, 0x7DE7, 0x7567, 0x8688, 0x8668, 0x7587, 0x7567, 0x7587, 0x8EA9, 0x8688, 0x96E9,
    0x96E9, 0x8648, 0x75A7, 0x8628, 0x75A7, 0x7DC8, 0x9729, 0x9709, 0x7E08, 0x7587, 0x7587, 0x8E88,
    0x8E88, 0x9F8A, 0x9F49, 0x7587, 0x9729, 0xA7AA, 0x7E07, 0x7DC7, 0x7587, 0x75A8, 0x6D47, 0x8669,
    0x8F09, 0x8EEA, 0x86C9, 0x978B, 0x86CA, 0x868A, 0x86C9, 0x9FAB, 0x8EE9, 0xA7EB, 0x86A9, 0x75C8,
    0x9729, 0x9709, 0x8E88, 0x8648, 0xA7EA, 0x9F29, 0x8EC8, 0x9709, 0xD2B4, 0xEAF5, 0xF316, 0xD293,
    0xD293, 0xF316, 0xF316, 0xFB78, 0xE2D5, 0xDAB4, 0xFB79, 0xD293, 0xBA50, 0xCA93, 0xEB16, 0xDAD4,
    0xDAD4, 0xFB17, 0xEAF5, 0xCA92, 0xB230, 0xBA51, 0xBA51, 0xEAF5, 0xC271, 0xC271, 0xB250, 0xDAB3,
    0xF316, 0xDAB4, 0xFB16, 0xFB16, 0xAA0F, 0xDAB4, 0xEAF6, 0xFB79, 0x64C6, 0x7DC7, 0x6D06, 0x96C9,
    0x9709, 0x8628, 0x8688, 0x8648, 0x8E88, 0x7DC7, 0x8EA8, 0x8648, 0x7DC8, 0x6D87, 0x7E49, 0x6D67,
    0x6507, 0x5CE7, 0x5CC7, 0x6DA8, 0x8649, 0x75A8, 0x75C8, 0x7E48, 0x7DE8, 0x64E6, 0x7DC8, 0x96E9,
    0x7DC8, 0x7587, 0x64C6, 0x64C6, 0x7587, 0x7567, 0x7DC8, 0x6D47, 0x7567, 0x75A7, 0x8648, 0x64C6,
    0x8608, 0x9709, 0x8E89, 0x7E08, 0x6D07, 0x7DC7, 0x7DE8, 0x7567, 0x7DC8, 0x7DE7, 0x7DA7, 0x7DE7,
    0x7DC8, 0x8648, 0x8E89, 0x8668, 0x8628, 0x7567, 0x6D27, 0x6D26, 0x7DC8, 0x9729, 0xA7CA, 0x7E28,
    0x9F6A, 0x7DE8, 0x7567, 0x8E88, 0x7E08, 0x75C8, 0x7DE8, 0x7E08, 0x7E49, 0x7E29, 0x86AA, 0x8F2A,
    0x7629, 0x75E8, 0x7E09, 0x8EE9, 0x7E08, 0x8EE9, 0x9F4A, 0x9729, 0x9F6A, 0x7E08, 0x8648, 0x96E9,
    0xAFEB, 0x8668, 0x8608, 0xFB79, 0xFB37, 0xDAD4, 0xFB37, 0xFB37, 0xEB16, 0xFB37, 0xFB37, 0xFB78,
    0xFB58, 0xF316, 0xFBDB, 0xCAB3, 0xCA92, 0xF316, 0xFB37, 0xDAB3, 0xF316, 0xE2D5, 0xC271, 0xBA51,
    0xC272, 0xDAB4, 0xFB37, 0xFB58, 0xFB37, 0xFB78, 0xEAF5, 0xDAB4, 0xDAB4, 0xB250, 0xC272, 0xEAF5,
    0xDAB4, 0xFB37, 0xFB37, 0x7DA7, 0x7DA7, 0x6D26, 0x7DA7, 0x8E88, 0x96C9, 0x64C6, 0x6D07, 0x8648,
    0x8608, 0x8E88, 0x9F29, 0x8EC9, 0x6D67, 0x7DE8, 0x75E8, 0x6DA8, 0x6567, 0x6548, 0x5CE7, 0x6527,
    0x6DC8, 0x6527, 0x64E7, 0x7587, 0x75C7, 0x7DC8, 0x6D26, 0x96E9, 0x8EE9, 0x7DE8, 0x7567, 0x7DC7,
    0x7E07, 0x7E08, 0x75A7, 0x7DE8, 0x8648, 0x7E08, 0x8EE9, 0x96E9, 0x6D67, 0x8668, 0x8668, 0x7E08,
    0x6506, 0x6D06, 0x7587, 0x7DE8, 0x75A7, 0x8668, 0x8688, 0x8E68, 0x8668, 0x8EA9, 0x75C7, 0x7DE8,
    0x7DE7, 0x7587, 0x64C6, 0x6D06, 0x7DE7, 0x8E88, 0x8648, 0x7DC8, 0x8EA8, 0x75A7, 0x8628, 0xA7EA,
    0x9F69, 0x8EC9, 0x7E48, 0x7E08, 0x6D87, 0x7E49, 0x8689, 0x86AA, 0x7649, 0x7608, 0x86A9, 0x7E49,
    0x7608, 0x8F0A, 0x9F8A, 0xA7EB, 0x8EC8, 0x6CE6, 0x7567, 0x8628, 0x8EE8, 0x9709, 0x9F49, 0xFB37,
    0xFB37, 0xFB17, 0xFB37, 0xEAF5, 0xF316, 0xFB58, 0xFB37, 0xDAD4, 0xEAF5, 0xFB58, 0xDAF5, 0xEB16,
    0xE2D4, 0xFB58, 0xFB37, 0xF316, 0xFB37, 0xE2D4, 0xB230, 0xDAD4, 0xDAD4, 0xFB78, 0xFB17, 0xF316,
    0xF316, 0xF316, 0xE2D4, 0xFB9A, 0xEB16, 0xCA92, 0xC271, 0xE2F5, 0xF316, 0xFBFD, 0xFBDB, 0x8648,
    0x75C7, 0x5C45, 0x8648, 0x8E68, 0x8688, 0x7DC7, 0x6D46, 0x64A6, 0x64A5, 0x6CE6, 0x6D67, 0x7587,
    0x6D07, 0x75C8, 0x7DE8, 0x64E7, 0x6507, 0x6547, 0x7E69, 0x6D68, 0x75E8, 0x6527, 0x7568, 0x6D27,
    0x64E6, 0x7587, 0x8E89, 0x8EC9, 0x8E68, 0x7587, 0x8E89, 0x96E9, 0x9709, 0x8648, 0x8648, 0x7E08,
    0x7DE8, 0x7DE7, 0x7DE8, 0x7587, 0x6D07, 0x7567, 0x7587, 0x7587, 0x7DE8, 0x7DC7, 0x7DC8, 0x7DC7,
    0x7587, 0x7E08, 0x8608, 0x6D26, 0x8E89, 0x9729, 0x8628, 0x7E08, 0x8E89, 0x7DE7, 0x64C6, 0x6D47,
    0x7DE8, 0x8628, 0x96E9, 0x8E88, 0x8648, 0x64E6, 0x7567, 0x7DC7, 0x7567, 0x7DE8, 0x8669, 0x7E48,
    0x8669, 0x86C9, 0x7E29, 0x7E29, 0x75E9, 0x64E7, 0x75C8, 0x7E69, 0x8689, 0x75C8, 0x7E28, 0x974A,
    0x96E9, 0x8628, 0x6D07, 0x6D26, 0x8E69, 0x96E9, 0x9F4A, 0xFB37, 0xFB79, 0xFB57, 0xFB37, 0xD293,
    0xC271, 0xEAF5, 0xF316, 0xD2B3, 0xFB37, 0xFB99, 0xEB37, 0xE2F5, 0xE2D5, 0xEAF5, 0xE2D4, 0xB230,
    0xC271, 0xD293, 0xDAD4, 0xE2D5, 0xF316, 0xFB37, 0xFB58, 0xDAD4, 0xFB58, 0xEAF5, 0xEAF6, 0xCAB3,
    0xCA93, 0xCA92, 0xD2B3, 0xE2D4, 0xEAF6, 0xFBBB, 0xE2D5, 0x8668, 0x8E68, 0x5C85, 0x64A6, 0x6D06,
    0x8E68, 0x7DE7, 0x8608, 0x7E07, 0x8628, 0x6D26, 0x6CE6, 0x64E6, 0x6D87, 0x75C8, 0x7E08, 0x64E7,
    0x5466, 0x6D48, 0x75E8, 0x6D88, 0x6527, 0x64C7, 0x6D67, 0x6507, 0x5CA6, 0x7567, 0x8668, 0x9709,
    0x8EA8, 0x8E89, 0x8668, 0x8E89, 0x96E9, 0x75A7, 0x7566, 0x7DC7, 0x7E07, 0x7DC7, 0x75A7, 0x7547,
    0x7587, 0x7DE8, 0x7587, 0x75A7, 0x6D46, 0x8668, 0x75A7, 0x7567, 0x6D46, 0x7DE8, 0x7E27, 0x7E08,
    0x8648, 0x7E08, 0x75A7, 0x8628, 0x8E88, 0x9709, 0x7587, 0x7587, 0x7567, 0x6D47, 0x8668, 0x8628,
    0x75C7, 0x5C66, 0x5C65, 0x64A6, 0x5CA6, 0x64C6, 0x64E6, 0x6507, 0x75A8, 0x75A8, 0x5486, 0x5CA7,
    0x6547, 0x5CC7, 0x5CA6, 0x6527, 0x7E08, 0x7E28, 0x6D47, 0x7E28, 0x8EA8, 0x9709, 0x96E9, 0x7DE8,
    0x8628, 0x8E89, 0x7DE7, 0xFB79, 0xFB99, 0xFBBA, 0xF316, 0xC272, 0xDAB3, 0xF316, 0xE2F5, 0xCA93,
    0xFB37, 0xFBDC, 0xFB79, 0xFB37, 0xFB79, 0xE2D4, 0xCA92, 0xBA51, 0xB250, 0xFB37, 0xD2B3, 0xDAD4,
    0xFB79, 0xFB37, 0xDAD4, 0xC271, 0xFB58, 0xF316, 0xFB58, 0xDAD4, 0xF316, 0xFBBB, 0xFB9A, 0xEAF5,
    0xBA51, 0xFB37, 0xF316, 0x8EA8, 0x8EA8, 0x6CE6, 0x64E6, 0x7567, 0x9729, 0x96C9, 0x6D46, 0x7587,
    0x8EA8, 0x7DC7, 0x7E07, 0x64E6, 0x7E08, 0x86A9, 0x7E29, 0x6D88, 0x6528, 0x6548, 0x5CE7, 0x6507,
    0x6D68, 0x5CA6, 0x6D27, 0x6D87, 0x75A8, 0x7E08, 0x7587, 0x75A7, 0x8628, 0x7DE8, 0x64C6, 0x8E88,
    0x9709, 0x64C6, 0x7547, 0x8628, 0x7DC8, 0x6D47, 0x8648, 0x8628, 0x9709, 0x8EA8, 0x8E68, 0x9709,
    0x8648, 0x8648, 0x8628, 0x8668, 0x7DE8, 0x7DC7, 0x8628, 0xA7AA, 0x9F6A, 0x7DE8, 0x7DE8, 0x7587,
    0x7DE8, 0x9709, 0x96C9, 0x7DC7, 0x7DE8, 0x7DA7, 0x8628, 0x7DE7, 0x7DE8, 0x7DC7, 0x9729, 0x8668,
    0x7DA8, 0x64E6, 0x5405, 0x4BC5, 0x5CA7, 0x6547, 0x6507, 0x5466, 0x6528, 0x5446, 0x5C66, 0x5CC6,
    0x7DE8, 0x8EA9, 0x7588, 0x6506, 0x8628, 0x9F49, 0x96E9, 0x7587, 0x6D07, 0x8628, 0x6D07, 0xFB58,
    0xFB9A, 0xFB37, 0xF316, 0xC271, 0xC292, 0xE2D4, 0xFB37, 0xFB37, 0xFB79, 0xFBBA, 0xFBDB, 0xFB58,
    0xFB37, 0xCAB3, 0xDAB4, 0xD2B3, 0xC272, 0xFB37, 0xB250, 0xDAD4, 0xFB58, 0xFB78, 0xE2F5, 0xDAB3,
    0xFB37, 0xCA93, 0xFB79, 0xCA93, 0xFB37, 0xFBDC, 0xFBDC, 0xFB37, 0xFB38, 0xFB58, 0xFB79, 0x8648,
    0x6D07, 0x75A7, 0x7587, 0x6D06, 0x96C9, 0x7587, 0x7547, 0x8EA8, 0x8648, 0x6D26, 0x8648, 0x64C6,
    0x5C86, 0x6D87, 0x75E8, 0x75C8, 0x6527, 0x6DC8, 0x6547, 0x6D48, 0x75E8, 0x6507, 0x6D67, 0x7587,
    0x6D87, 0x8E89, 0x7587, 0x64C6, 0x64E6, 0x6D27, 0x64C6, 0x7DC7, 0x8668, 0x7587, 0x6D26, 0x8628,
    0x7E07, 0x7587, 0x7DE7, 0x8628, 0x7DE7, 0x8E88, 0x8E88, 0x96C9, 0x75A7, 0x7E08, 0x7E07, 0x8628,
    0x7E07, 0x8648, 0x7DE7, 0x9709, 0x9F89, 0x9709, 0x7E07, 0x7587, 0x7DC7, 0x9F8A, 0xA7EA, 0x8E89,
    0x8648, 0x7DE8, 0x8EC8, 0x8E68, 0x6D46, 0x8EC9, 0x9F89, 0x9F8A, 0x8EA8, 0x7587, 0x5445, 0x5405,
    0x4384, 0x5426, 0x5CC7, 0x5CC7, 0x5CE7, 0x5426, 0x4C25, 0x6507, 0x6DA7, 0x7E28, 0x6506, 0x5C66,
    0x5CA6, 0x8648, 0x8668, 0x7E08, 0x75A7, 0x7DE8, 0x7567, 0xEAF5, 0xE2D4, 0xC272, 0xE2D4, 0xFB9A,
    0xFB37, 0xCA93, 0xEB16, 0xFB99, 0xFB78, 0xE2D4, 0xDAB3, 0xE2D4, 0xEAF5, 0xDAD4, 0xBA71, 0xE2D4,
    0xDAD4, 0xCA93, 0xBA51, 0xD2B3, 0xD2B3, 0xD2B3, 0xD2B3, 0xEAF5, 0xC271, 0xFB37, 0xFBDB, 0xFB37,
    0xFB37, 0xFB9A, 0xFB79, 0xCA92, 0xF316, 0xFB37, 0xF316, 0x8EC9, 0x6506, 0x6D06, 0x7DE7, 0x7587,
    0x7586, 0x6D26, 0x6D06, 0x7547, 0x6D46, 0x6CE6, 0x64E6, 0x75A7, 0x7588, 0x6D47, 0x6D48, 0x7608,
    0x6548, 0x7E69, 0x75C9, 0x6527, 0x8669, 0x86A9, 0x8EC9, 0x6D67, 0x64E7, 0x7E08, 0x8EA9, 0x7E08,
    0x75A7, 0x6D47, 0x6D27, 0x7DE7, 0x8608, 0x7DE7, 0x7DA7, 0x7DE7, 0x8E68, 0x7587, 0x8E68, 0x8EC9,
    0x7DC8, 0x7DE7, 0x8628, 0x7DE7, 0x6D27, 0x7567, 0x7DE8, 0x7DE7, 0x7DE8, 0x8628, 0x8628, 0x7567,
    0x7DC8, 0x8648, 0x8EA9, 0x8648, 0x8608, 0x7DE7, 0x96E9, 0x8E68, 0x8628, 0x7567, 0x8E69, 0x8EA9,
    0x7587, 0x5C65, 0x8608, 0x8EC9, 0x8EC9, 0x8689, 0x6D27, 0x5466, 0x5C66, 0x5446, 0x4BE6, 0x5467,
    0x6548, 0x6547, 0x6D27, 0x6D67, 0x5CA6, 0x5CA6, 0x75A8, 0x7587, 0x6D27, 0x7587, 0x7547, 0x7E28,
    0x96C9, 0x8EA8, 0x7E08, 0xEAF5, 0xEAF5, 0xDAD4, 0xE2D4, 0xF316, 0xF316, 0xC271, 0xD2B3, 0xFB37,
    0xE2D5, 0xFB37, 0xE2F5, 0xE2D4, 0xFBBB, 0xFBFC, 0xFB9A, 0xEAF5, 0xDAB3, 0xBA51, 0xCA93, 0xE2F5,
    0xAA2F, 0xB250, 0xFB37, 0xEAF5, 0xCA93, 0xFB58, 0xEB16, 0xD2B3, 0xCA92, 0xE2D4, 0xFB58, 0xDAB4,
    0xBA51, 0xD2B3, 0xFB58, 0x6CE6, 0x7DC7, 0x75A7, 0x7567, 0x6486, 0x6D06, 0x7E28, 0x96A9, 0x8628,
    0x8E68, 0x8EC8, 0x9F4A, 0x9709, 0x8668, 0x7E49, 0x6527, 0x7E49, 0x6507, 0x7609, 0x6D88, 0x6527,
    0x75A8, 0x7E49, 0x7E48, 0x6D07, 0x6D47, 0x8628, 0x8EA8, 0x8668, 0x7E08, 0x7DE8, 0x7566, 0x96C9,
    0x8EC8, 0x8608, 0x7587, 0x8608, 0x8668, 0x7587, 0x7DE7, 0x8648, 0x7DC7, 0x7DC8, 0x7E07, 0x7567,
    0x64A6, 0x6CE6, 0x6D26, 0x7567, 0x75A7, 0x8648, 0x6D46, 0x7587, 0x8668, 0x8E89, 0x8648, 0x7DC7,
    0x7567, 0x64A6, 0x7566, 0x7DA7, 0x64E6, 0x7567, 0x75A7, 0x8648, 0x7E08, 0x6D06, 0x6D06, 0x8668,
    0x8668, 0x8689, 0x75A7, 0x5CA6, 0x6547, 0x6507, 0x43A5, 0x5CE7, 0x7E69, 0x7E69, 0x6547, 0x6D47,
    0x64E6, 0x5C86, 0x6D87, 0x64E6, 0x64A6, 0x6D27, 0x5C85, 0x6D06, 0x8668, 0x8EA9, 0xFB37, 0xFB99,
    0xFB57, 0xFB58, 0xEAF5, 0xFB37, 0xE2D5, 0xD2B3, 0xCA92, 0xF316, 0xE2F5, 0xD2B3, 0xC271, 0xC272,
    0xDAD4, 0xFB58, 0xF316, 0xB230, 0xC271, 0xD2B3, 0xEAF5, 0xFB99, 0xB250, 0xDAB4, 0xFBBA, 0xF336,
    0xCAB3, 0xFB79, 0xDAD4, 0xDAB3, 0xCA92, 0xCA93, 0xE2D4, 0xDAB4, 0xFB37, 0xFB16, 0x7566, 0x5C86,
    0x5C65, 0x7567, 0x6D26, 0x6486, 0x5425, 0x6CE6, 0x64E6, 0x8608, 0x8E88, 0x96E9, 0x8688, 0x7DE8,
    0x7E09, 0x7DE8, 0x7E09, 0x7DE8, 0x7E09, 0x7DE8, 0x7E09, 0x7DE8, 0x7E09, 0x7DE8, 0x7E09, 0x7DE8,
    0x7E09, 0x7DE8, 0x7E09, 0x7DE8, 0x7E09, 0x7DE8, 0x7E09, 0x7DE8, 0x7E09, 0x7DE8, 0x7E09, 0x7DE8,
    0x7E09, 0x7DE8, 0x7E09, 0x7DE8, 0x7E09, 0x7DE8, 0x7E09, 0x7DE8, 0x7E09, 0x7DE8, 0x7E09, 0x7DE8,
    0x7E09, 0x7DE8, 0x7E09, 0x7DE8, 0x7E09, 0x7DE8, 0x7E09, 0x7DE8, 0x7E09, 0x7DE8, 0x7E09, 0x7DE8,
    0x7E09, 0x7DE8, 0x7E09, 0x7DE8, 0x7E09, 0x7DE8, 0x7E09, 0x7DE8, 0x7E09, 0x7DE8, 0x7E09, 0x7DE8,
    0x7E09, 0x7DE8, 0x7E09, 0x7DE8, 0x7E09, 0x7DE8, 0x7E09, 0x7DE8, 0x7E09, 0x7DE8, 0x7E09, 0x7DE8,
    0x7E09, 0x7DE8, 0x7E09, 0x7DE8, 0x7E09, 0x7DE8, 0x7E09, 0x7DE8, 0x7E09, 0x7DE8, 0x7E09, 0x7DE8,
    0x7E09, 0x7DE8, 0x7E09, 0x7DE8, 0x7E09, 0x7DE8, 0x7E09, 0x7DE8, 0x7E09, 0x7DE8, 0x7E09, 0x7DE8,
    0x7E09, 0x7DE8, 0x7E09, 0x7DE8, 0x7E09, 0x7DE8, 0x7E09, 0x7DE8, 0x7E09, 0x7DE8, 0x7E09, 0x7DE8,
    0x7E09, 0x7DE8, 0x7E09, 0x7DE8, 0x7E09, 0x7DE8, 0x7E09, 0x7DE8, 0x7E09, 0x7DE8, 0x7E09, 0x7DE8,
    0x7E09, 0x7DE8, 0x7E09, 0x7DE8, 0x7E09, 0x7DE8, 0x7E09, 0x7DE8, 0x03F6, 0x0416, 0x03D5, 0x0416,
    0x03B4, 0x03D5, 0x03F6, 0x03F6, 0x0416, 0x0416, 0x0437, 0x0499, 0x0437, 0x12CF, 0x12AE, 0x12CF,
    0x0AAE, 0x12CF, 0x12AE, 0x12CF, 0x0AAE, 0x04BA, 0x04BA, 0x0458, 0x0458, 0x0479, 0x04DB, 0x0499,
    0x0478, 0x0479, 0x04FB, 0x055C, 0x0499, 0x0458, 0x0416, 0x0438, 0x0437, 0x0437, 0x0416, 0x0437,
    0x0437, 0x0478, 0x0458, 0x0478, 0x0458, 0x0479, 0x0499, 0x0479, 0x0458, 0x0479, 0x0437, 0x04DB,
    0x053C, 0x04DB, 0x0458, 0x049A, 0x0437, 0x0458, 0x0478, 0x04BA, 0x0479, 0x051C, 0x04BA, 0x04DB,
    0x03B4, 0x0393, 0x0394, 0x03D5, 0x03B4, 0x0373, 0x03B4, 0x03D5, 0x03F6, 0x03D5, 0x03D5, 0x0437,
    0x126D, 0x8515, 0x8C51, 0x8C51, 0x8C51, 0x8C51, 0x8C51, 0x8C51, 0x8C51, 0x19C9, 0x0479, 0x0479,
    0x0499, 0x0458, 0x053D, 0x051C, 0x0499, 0x0478, 0x04FB, 0x05BF, 0x053D, 0x051C, 0x0478, 0x0437,
    0x04BA, 0x0458, 0x0417, 0x03F6, 0x0437, 0x0457, 0x0437, 0x0417, 0x0479, 0x0458, 0x0479, 0x0437,
    0x0458, 0x0437, 0x0437, 0x0416, 0x055D, 0x05FF, 0x055E, 0x04BA, 0x03F6, 0x03F5, 0x03D5, 0x0479,
    0x0499, 0x0479, 0x053D, 0x0499, 0x0458, 0x0332, 0x0311, 0x0393, 0x03F6, 0x0478, 0x04FB, 0x0437,
    0x0458, 0x0373, 0x0499, 0x0499, 0x0458, 0x04DB, 0x04BA, 0x0479, 0x0458, 0x0458, 0x0437, 0x0479,
    0x0416, 0x0458, 0x04B9, 0x0478, 0x0478, 0x0479, 0x051C, 0x05DF, 0x05BF, 0x0437, 0x0416, 0x04FB,
    0x055C, 0x04FB, 0x051C, 0x03D5, 0x0437, 0x03F6, 0x03F5, 0x03D5, 0x0479, 0x0416, 0x03F6, 0x0437,
    0x0417, 0x0417, 0x03F6, 0x0437, 0x0437, 0x0437, 0x0437, 0x0437, 0x0437, 0x051C, 0x069F, 0x05DE,
    0x05FF, 0x04DA, 0x0394, 0x0416, 0x0417, 0x0437, 0x0499, 0x061F, 0x0C37, 0x0311, 0x0352, 0x0416,
    0x03F6, 0x0437, 0x0478, 0x0478, 0x0D7E, 0x0499, 0x051C, 0x04BA, 0x0CFB, 0x0437, 0x0437, 0x0478,
    0x0437, 0x0437, 0x0437, 0x0478, 0x0479, 0x0437, 0x0499, 0x0458, 0x0499, 0x0458, 0x0417, 0x055D,
    0x0CBA, 0x0417, 0x04DA, 0x03F6, 0x0437, 0x0479, 0x04FC, 0x0437, 0x0C79, 0x03F6, 0x0479, 0x0458,
    0x0437, 0x0479, 0x0458, 0x0458, 0x0458, 0x0479, 0x0416, 0x03F6, 0x0458, 0x0458, 0x0437, 0x0437,
    0x0437, 0x03B4, 0x051C, 0x04DB, 0x0D7D, 0x053D, 0x049A, 0x0458, 0x0416, 0x03D5, 0x0478, 0x0458,
    0x0352, 0x0311, 0x0352, 0x03F6, 0x0416, 0x0416, 0x0416, 0x04BA, 0x05BE, 0x061F, 0x059E, 0x05DF,
    0x04FB, 0x04BA, 0x03F6, 0x0417, 0x0417, 0x0499, 0x0479, 0x0437, 0x0499, 0x04DB, 0x0478, 0x0499,
    0x0479, 0x0416, 0x0416, 0x0416, 0x0416, 0x0437, 0x0458, 0x0458, 0x03F6, 0x0437, 0x03D5, 0x04BA,
    0x0C99, 0x1478, 0x0C16, 0x0416, 0x0373, 0x03F6, 0x0437, 0x03F6, 0x03F6, 0x0458, 0x0437, 0x04BA,
    0x0417, 0x04BA, 0x0458, 0x0417, 0x03F6, 0x0457, 0x0394, 0x0373, 0x04BA, 0x051C, 0x0D7D, 0x15FF,
    0x04FA, 0x0417, 0x04FC, 0x04DB, 0x0331, 0x02F0, 0x0352, 0x0394, 0x0373, 0x0373, 0x03B4, 0x0499,
    0x0DDF, 0x051C, 0x0458, 0x0458, 0x04BA, 0x061F, 0x04BA, 0x0479, 0x0499, 0x0499, 0x049A, 0x0479,
    0x0458, 0x0499, 0x0417, 0x0479, 0x04FB, 0x0437, 0x0499, 0x03F6, 0x0416, 0x03D5, 0x0437, 0x04DB,
    0x0C99, 0x23B3, 0x5B4E, 0x7B0B, 0x930A, 0xA34A, 0x93AD, 0x632D, 0x3B50, 0x0BD4, 0x0416, 0x03F6,
    0x0478, 0x0437, 0x0437, 0x03F6, 0x0458, 0x0499, 0x0479, 0x0437, 0x0499, 0x0458, 0x0CBA, 0x2415,
    0x5B2D, 0x72CA, 0x8AEA, 0x9B8C, 0x834C, 0x5B2D, 0x3C76, 0x0CFB, 0x2B51, 0x0373, 0x03D5, 0x0479,
    0x03B4, 0x0478, 0x0478, 0x04FB, 0x053D, 0x0479, 0x0458, 0x04DA, 0x053D, 0x0DBF, 0x04FB, 0x0499,
    0x0458, 0x0479, 0x0499, 0x04DB, 0x0416, 0x04DB, 0x0499, 0x0437, 0x04DA, 0x04DB, 0x0458, 0x0437,
    0x0416, 0x03B4, 0x03D5, 0x1437, 0x53F1, 0xB34A, 0xC346, 0xDD08, 0xEDA9, 0xF5EA, 0xE549, 0xDBE7,
    0xBB07, 0x7AEB, 0x2BD3, 0x0457, 0x0458, 0x0437, 0x4439, 0xFB9A, 0xEB37, 0xF337, 0xFB37, 0xD2B3,
    0xCA72, 0xD2B2, 0xD2AD, 0x8AA8, 0xB326, 0xE509, 0xE5A9, 0xEDCA, 0xDD28, 0xD3E7, 0xB2E7, 0x7B6D,
    0xA309, 0x3391, 0x03B4, 0x0393, 0x0394, 0x04FB, 0x0C79, 0x04DA, 0x0CFC, 0x03D5, 0x0417, 0x05FF,
    0x0E3F, 0x05FF, 0x0D7E, 0x0437, 0x0C58, 0x0479, 0x0479, 0x04BA, 0x0C99, 0x0458, 0x04BA, 0x0437,
    0x0CFC, 0x053D, 0x0D3D, 0x0416, 0x0C37, 0x0479, 0x1437, 0x634D, 0xBB07, 0xCCE8, 0xFF0B, 0xFF0B,
    0xFF0B, 0xFF0B, 0xFF0C, 0xFF0C, 0xF60B, 0xD366, 0xAB6B, 0x2BD3, 0x0C37, 0x0417, 0xD2B3, 0xEAF5,
    0xEAF5, 0xFB58, 0xFB38, 0xD293, 0xCA92, 0xD2AD, 0xD328, 0xC4E8, 0xFF0C, 0xFF0B, 0xFF0B, 0xFF0B,
    0xFF0C, 0xFF0C, 0xEE0A, 0xC326, 0xD346, 0x834C, 0x13B3, 0x03F6, 0x03D5, 0x0499, 0x03F6, 0x03D5,
    0x03F6, 0x0499, 0x0416, 0x04B9, 0x05BE, 0x0458, 0x03D5, 0x0416, 0x0478, 0x0499, 0x0478, 0x04BA,
    0x04BA, 0x0417, 0x0478, 0x0479, 0x0416, 0x04FB, 0x04BA, 0x0437, 0x0416, 0x0437, 0x43F3, 0xC369,
    0xB4A8, 0xFF0B, 0xF70B, 0xFF0B, 0xF70B, 0xFF0B, 0xF70B, 0xFF0C, 0xF70B, 0xF64B, 0xD346, 0x7B2C,
    0x1416, 0xAB56, 0xC271, 0xD2B3, 0xC272, 0xD2B3, 0xEAF6, 0xF316, 0xCA8E, 0xC2E7, 0xB488, 0xFF0B,
    0xF70B, 0xFF0B, 0xF70B, 0xFF0B, 0xF70B, 0xFF0C, 0xF70B, 0xEE4B, 0xE4E9, 0xB2E7, 0x3BB2, 0x03F6,
    0x0458, 0x03F6, 0x03B5, 0x03F6, 0x0416, 0x0416, 0x03D5, 0x03F6, 0x03B4, 0x0393, 0x03F6, 0x0478,
    0x051C, 0x04DA, 0x0CDB, 0x04DA, 0x0CDB, 0x0499, 0x0C58, 0x04BA, 0x0458, 0x0437, 0x0C37, 0x0416,
    0x03D5, 0x0C57, 0x7B4D, 0xB387, 0xF6EB, 0xFF0B, 0xFF2C, 0xFF0B, 0xFF0C, 0xFF0C, 0xFF2C, 0xFF0B,
    0xFF0B, 0xFF0C, 0xE4E9, 0xB2E8, 0xC312, 0xFB37, 0xE2F5, 0xC272, 0xD2B3, 0xCA92, 0xD2B3, 0xE2D4,
    0xCA8B, 0xA346, 0xFF0C, 0xFF0B, 0xFF0C, 0xFF0B, 0xFF0C, 0xFF0C, 0xFF0C, 0xFF0B, 0xFF2C, 0xFF0C,
    0xE5AA, 0xCB07, 0x53B0, 0x0437, 0x03B5, 0x0373, 0x0393, 0x04B9, 0x04BA, 0x03D5, 0x0373, 0x03D5,
    0x03D5, 0x0458, 0x051B, 0x04DB, 0x04DB, 0x053D, 0x051C, 0x04DB, 0x04B9, 0x04DB, 0x0458, 0x0458,
    0x0499, 0x0499, 0x0437, 0x03F6, 0x0373, 0x1BD4, 0x9B6C, 0xC4A9, 0xF70B, 0xFF0B, 0xF70B, 0xFF0B,
    0xF6EB, 0xC529, 0xD5EA, 0xFF0C, 0xF70C, 0xFF0C, 0xEDCA, 0xD2C7, 0xEAF0, 0xFB17, 0xF316, 0xD293,
    0xDAB4, 0xE2D4, 0xD2B3, 0xCA91, 0xBA68, 0xBC89, 0xF70B, 0xFF0B, 0xF70B, 0xFF0C, 0xF6EB, 0xBD29,
    0xD5EA, 0xFF0C, 0xF70C, 0xFF0C, 0xB2A6, 0xCB07, 0x4BB1, 0x0437, 0x0C78, 0x0417, 0x03D5, 0x04B9,
    0x0C58, 0x03F6, 0x03B4, 0x0394, 0x0BF6, 0x0499, 0x0D7E, 0x055D, 0x0D1C, 0x055E, 0x0D1C, 0x04DB,
    0x0CBA, 0x04BA, 0x0CBA, 0x0416, 0x0CBA, 0x0499, 0x0C37, 0x0458, 0x0C78, 0x1436, 0x938D, 0xCC27,
    0xFF0C, 0xFF0C, 0xF6EC, 0xCDA9, 0xB326, 0xD244, 0xCA64, 0xB326, 0xB367, 0xAB06, 0xAA85, 0xCAA6,
    0xE2F1, 0xEAF5, 0xFB37, 0xD2B3, 0xE2D5, 0xD293, 0xC272, 0xB22F, 0xCAAA, 0xBC07, 0xFF0C, 0xF70B,
    0xF6EC, 0xCDA9, 0xAB26, 0xD244, 0xCA65, 0xB326, 0xB367, 0xAB06, 0xD2C5, 0xB36A, 0x2498, 0x0499,
    0x03D5, 0x03B4, 0x0373, 0x0373, 0x03B4, 0x0458, 0x0499, 0x0437, 0x0457, 0x0DBF, 0x061F, 0x055D,
    0x04BA, 0x04FB, 0x04BA, 0x04BA, 0x04B9, 0x0499, 0x04BA, 0x0437, 0x03D5, 0x0479, 0x0437, 0x03F6,
    0x0478, 0x0C78, 0x638F, 0xB2A6, 0xB2A5, 0xB285, 0xA204, 0xC244, 0xDA64, 0xE264, 0xDA84, 0xC2C5,
    0xC346, 0xC366, 0xC285, 0xCAA9, 0xE2F3, 0xE2F5, 0xDAB4, 0xE2D5, 0xE2D5, 0xDAD4, 0xC271, 0xCA92,
    0xDACE, 0xA245, 0xB2A5, 0xB285, 0xA204, 0xC244, 0xDA64, 0xE264, 0xDA84, 0xC2C5, 0xC346, 0xC366,
    0xD327, 0x6411, 0x0C58, 0x03F6, 0x0437, 0x0416, 0x03B4, 0x03B4, 0x03F6, 0x0478, 0x0437, 0x03D5,
    0x0437, 0x04FB, 0x0D1C, 0x0458, 0x0458, 0x0478, 0x0C99, 0x0499, 0x04BA, 0x0499, 0x0C9A, 0x0499,
    0x03B5, 0x03F6, 0x0C37, 0x03F6, 0x0417, 0x0416, 0x2C15, 0xA38B, 0xC3A7, 0xD5EA, 0xEEAB, 0xE66A,
    0xC509, 0xBC28, 0xCCC9, 0xF6EC, 0xFF0D, 0xE4E9, 0xD2C7, 0xE2EF, 0xF316, 0xE2F5, 0xD2B3, 0xE2D4,
    0xD2B3, 0xC271, 0xCA92, 0xCA93, 0xEAF4, 0xBA69, 0xB367, 0xD5EA, 0xEEAB, 0xE66A, 0xC52A, 0xC428,
    0xC4A9, 0xF6EC, 0xFF0D, 0xD4C8, 0x6C11, 0x13D4, 0x0393, 0x0394, 0x03B4, 0x03B4, 0x03B4, 0x0416,
    0x03F6, 0x0417, 0x03B4, 0x03B4, 0x0437, 0x0478, 0x0499, 0x04DA, 0x0479, 0x0479, 0x0478, 0x0499,
    0x0499, 0x0499, 0x0458, 0x0499, 0x0416, 0x03F5, 0x0437, 0x03B4, 0x03B4, 0x03B5, 0x03F6, 0x3BD3,
    0xA34A, 0xEC68, 0xF609, 0xFEEB, 0xF70B, 0xFF0C, 0xF6EB, 0xF62B, 0xD407, 0xCAC7, 0xCAAC, 0xDAD3,
    0xE2D4, 0xDAD4, 0xCA92, 0xE2F5, 0xCA92, 0xCA92, 0xC271, 0xDAB4, 0xE2D4, 0xE2D2, 0xBA89, 0xCBC7,
    0xE5E9, 0xFEEB, 0xF70B, 0xFF0C, 0xF6CB, 0xEE0B, 0xCBE7, 0xAAC7, 0x14DB, 0x0416, 0x0352, 0x0352,
    0x0BB4, 0x03B4, 0x0C78, 0x04B9, 0x0C99, 0x0458, 0x03D5, 0x03D5, 0x0C17, 0x0499, 0x0C9A, 0x04FB,
    0x0CDB, 0x04BA, 0x0CBA, 0x0479, 0x0C99, 0x0478, 0x0C78, 0x0458, 0x0C79, 0x03F6, 0x0BD5, 0x03F6,
    0x0BB4, 0x03F6, 0x03B4, 0x0373, 0x2392, 0x738E, 0xA309, 0xCB87, 0xEC08, 0xEC08, 0xDBA8, 0xBB08,
    0x832C, 0xFB33, 0xDAD3, 0xEAF5, 0xD2B3, 0xDAD4, 0xBA71, 0xD2B3, 0xDAD4, 0xB230, 0xBA71, 0xCA92,
    0xDAD4, 0xDAB4, 0xD2B2, 0xC28C, 0xBA88, 0xBB07, 0xD3A7, 0xBB66, 0xB327, 0x9AA7, 0x732C, 0x33F3,
    0x0416, 0x03D5, 0x03B4, 0x03D5, 0x0373, 0x0394, 0x0373, 0x03F5, 0x0417, 0x0478, 0x0437, 0x0CFB,
    0x04FB, 0x0D5D, 0x0499, 0x04FC, 0x053C, 0x04FB, 0x0478, 0x0478, 0x0478, 0x0478, 0x0458, 0x1C71,
    0x0437, 0x0437, 0x03B4, 0x03D5, 0x03B4, 0x03F5, 0x03D5, 0x03F6, 0x03D5, 0x03F6, 0x23AF, 0x546D,
    0x640B, 0x5BEE, 0x43F2, 0x23D3, 0x0C57, 0xF316, 0xDAD4, 0xD2B3, 0xD2B3, 0xDAD4, 0xD2B3, 0xDAD4,
    0xC272, 0xBA51, 0xAA2F, 0xBA71, 0xC272, 0xD2B3, 0xC272, 0xD293, 0xCA91, 0xC26F, 0xCA8E, 0x3BD3,
    0x3414, 0x2477, 0x0C16, 0x0C99, 0x0394, 0x0373, 0x03B4, 0x03B4, 0x0394, 0x0352, 0x0BB5, 0x03F6,
    0x0417, 0x0499, 0x0C58, 0x0499, 0x0CDA, 0x051C, 0x0D1C, 0x0499, 0x0CBA, 0x04BA, 0x0C79, 0x0458,
    0x14B6, 0x24EF, 0x34EC, 0x2CAB, 0x2CAB, 0x248E, 0x1413, 0x0394, 0x0CBA, 0x03D5, 0x0BD5, 0x0393,
    0x1412, 0x248D, 0x34EB, 0x2CAB, 0x34EB, 0x2CEB, 0x2CEF, 0x0C74, 0x0C99, 0xF316, 0xF316, 0xCA92,
    0xCA93, 0xDAD4, 0xE2D4, 0xE2F5, 0xD293, 0xC271, 0xC272, 0xCA92, 0xCA92, 0xC271, 0xC271, 0xD2B3,
    0xD293, 0xC272, 0xD293, 0x0478, 0x0CDA, 0x0CD7, 0x1C11, 0x1451, 0x03B4, 0x03D5, 0x0373, 0x03B4,
    0x0352, 0x03D5, 0x03F6, 0x1434, 0x1C4D, 0x2C6A, 0x244A, 0x2C6A, 0x14D3, 0x159A, 0x059F, 0x0D1C,
    0x0457, 0x0C79, 0x0458, 0x2D0F, 0x2D0B, 0x356D, 0x2CAA, 0x2CCB, 0x2CCB, 0x34CB, 0x2CAA, 0x2C8A,
    0x1430, 0x1C71, 0x13EE, 0x24CE, 0x2CEB, 0x2CAB, 0x2D0B, 0x350C, 0x2CAB, 0x34EB, 0x2CCB, 0x352C,
    0x8BF4, 0xFB37, 0xD2B3, 0xDAD4, 0xC271, 0xB250, 0xCA92, 0xCA92, 0xBA71, 0xD2B3, 0xBA71, 0xC272,
    0xC272, 0xCA92, 0xC271, 0xCA92, 0xCA72, 0xC292, 0x63F7, 0x1579, 0x1C4E, 0x2C4A, 0x2409, 0x2C2A,
    0x3D8D, 0x1CB0, 0x0373, 0x0394, 0x0BF6, 0x14B5, 0x24CF, 0x2C8A, 0x2C8B, 0x2C8A, 0x2C8B, 0x2C8A,
    0x2C8B, 0x2C6A, 0x248E, 0x1CB2, 0x1CB2, 0x1CB1, 0x356D, 0x2D2C, 0x3D8D, 0x356D, 0x34EB, 0x352C,
    0x350C, 0x2CCB, 0x2CAB, 0x2CCB, 0x2CAB, 0x2C4A, 0x2C8B, 0x2CEB, 0x34EC, 0x2CEB, 0x34EC, 0x2CAB,
    0x2CCB, 0x2CCB, 0x2CAB, 0x2CEB, 0x9411, 0xE2F4, 0xDAD4, 0xDAD4, 0xBA71, 0xB250, 0xBA71, 0xBA71,
    0xAA30, 0xC292, 0xC271, 0xBA51, 0xB250, 0xC271, 0xC272, 0xC272, 0xCA92, 0xBA71, 0x734E, 0x2429,
    0x2C8B, 0x242A, 0x2C2A, 0x23E9, 0x356C, 0x35CD, 0x35AD, 0x3DCD, 0x358D, 0x35CD, 0x358D, 0x2CEB,
    0x2C8A, 0x2C8A, 0x2C8A, 0x2C8A, 0x2C8A, 0x2C6A, 0x2CCB, 0x2C8B, 0x2CEB, 0x356C, 0x354C, 0x34EB,
    0x2CEB, 0x356D, 0x354C, 0x352C, 0x2CCB, 0x2CCB, 0x2C8A, 0x2C8B, 0x2CAA, 0x2C8A, 0x2CEB, 0x2CCB,
    0x2CEB, 0x2CAB, 0x2CCB, 0x34EB, 0x2CAB, 0x2CCB, 0x2CEB, 0x2CCB, 0xEB15, 0xCA92, 0xC292, 0xB250,
    0xB250, 0xAA30, 0xA20E, 0xAA2F, 0xAA2F, 0xB230, 0xAA2F, 0xAA2F, 0xBA50, 0xBA71, 0xB250, 0xCA92,
    0xBA51, 0xCA92, 0x1B68, 0x23A9, 0x23C8, 0x23A8, 0x23E9, 0x23E9, 0x3DCE, 0x35CD, 0x3DEE, 0x35AD,
    0x35AD, 0x35AD, 0x3DCE, 0x35CD, 0x356D, 0x2CAB, 0x2CAB, 0x2C8A, 0x2C8B, 0x2C8A, 0x350C, 0x2CAB,
    0x2C8A, 0x2D2C, 0x358D, 0x35ED, 0x358D, 0x354C, 0x356D, 0x356C, 0x352C, 0x2CCB, 0x350C, 0x2CAA,
    0x2CAB, 0x2CEB, 0x2CAB, 0x2CCB, 0x350C, 0x2CAA, 0x2CAB, 0x2CCB, 0x2CAB, 0x2CEB, 0x350C, 0x2CEB,
    0xE2F5, 0xCA92, 0xCA92, 0xB250, 0xB251, 0xA20E, 0xA20F, 0xA20E, 0xA20F, 0xB250, 0xBA51, 0xB230,
    0xBA71, 0xBA71, 0xC272, 0xC272, 0xCA92, 0xC272, 0x2348, 0x23E9, 0x2C2A, 0x2409, 0x23C9, 0x2388,
    0x2CEB, 0x352C, 0x35CD, 0x35CD, 0x35AD, 0x35AD, 0x35AD, 0x35AD, 0x358D, 0x358D, 0x2C8A, 0x2C8A,
    0x2C6A, 0x34EB, 0x2449, 0x2C6A, 0x2429, 0x2C2A, 0x2D2C, 0x356C, 0x358D, 0x358D, 0x2D0B, 0x354C,
    0x2D0B, 0x352C, 0x2CCB, 0x2C8A, 0x2C6A, 0x34EB, 0x2CCB, 0x350C, 0x2CCB, 0x2CCB, 0x2C8A, 0x2CCB,
    0x2CCB, 0x350C, 0x2CEB, 0x648F, 0xDAD4, 0xD2B3, 0xBA50, 0xA20F, 0xAA2F, 0x99EE, 0x99EE, 0x99EE,
    0x99ED, 0xAA2F, 0xBA71, 0xC272, 0xBA50, 0xCA92, 0xBA71, 0xCA92, 0xC271, 0xA2D0, 0x1B68, 0x23E9,
    0x23C9, 0x23C9, 0x23C9, 0x23A9, 0x3DCE, 0x35CD, 0x3DCE, 0x35AD, 0x3DCE, 0x35AD, 0x3DAD, 0x35CD,
    0x3DCE, 0x35CD, 0x352C, 0x2C8A, 0x2C8B, 0x350B, 0x34EB, 0x2C8A, 0x2C6A, 0x2C6A, 0x2C8B, 0x2D0B,
    0x3DAD, 0x35ED, 0x3DCD, 0x2CEB, 0x350C, 0x3DED, 0x354C, 0x2C8A, 0x34CB, 0x2CEB, 0x34CB, 0x2CAB,
    0x350C, 0x2CEB, 0x2CAB, 0x2CEB, 0x350C, 0x2D0B, 0x352C, 0x9C72, 0xF316, 0xD2B3, 0xD2B3, 0xA20F,
    0xA20E, 0x99EE, 0xA20F, 0x99EE, 0x99EE, 0xA20F, 0xC271, 0xC271, 0xC271, 0xBA71, 0xC271, 0xCA92,
    0xCA92, 0x7B4E, 0x23E9, 0x23A9, 0x2389, 0x2368, 0x2388, 0x23A8, 0x358C, 0x35AD, 0x358D, 0x358D,
    0x358C, 0x35AD, 0x358C, 0x35AD, 0x358D, 0x356C, 0x2C8A, 0x2C6A, 0x246A, 0x2CCB, 0x2CCB, 0x2CCB,
    0x2CCB, 0x34EB, 0x2C8A, 0x2CEB, 0x2C8A, 0x356C, 0x35CD, 0x3DCD, 0x354C, 0x354C, 0x2CCB, 0x2CCB,
    0x2CCB, 0x2D0B, 0x2CEB, 0x352C, 0x2D0B, 0x2CCB, 0x2C6A, 0x352C, 0x2CAA, 0x350B, 0x356C, 0x9472,
    0xEB15, 0xDAD4, 0xD2B3, 0xCAB3, 0xAA2F, 0x99EE, 0x9A0E, 0xB230, 0x9A0E, 0xAA2F, 0xB250, 0xBA51,
    0xB250, 0xC292, 0xC272, 0xD2B3, 0xC271, 0x7B4E, 0x2429, 0x23C9, 0x1B07, 0x23A9, 0x1B47, 0x23A8,
    0x352C, 0x352C, 0x34CB, 0x0394, 0x0394, 0x03F5, 0x0416, 0x0458, 0x0479, 0x0458, 0x0C9A, 0x0499,
    0x04DA, 0x0478, 0x0C9A, 0x0479, 0x0478, 0x0458, 0x0C99, 0x0499, 0x0C99, 0x0499, 0x0CDA, 0x0479,
    0x0C99, 0x0458, 0x0C58, 0x2CCB, 0x350C, 0x354C, 0x350C, 0x2CEB, 0x352C, 0x2D0B, 0x352C, 0x2CCB,
    0x352C, 0x2CEB, 0x352C, 0xFB57, 0xF336, 0xE2F4, 0xD2D3, 0xCA92, 0xD2B3, 0xAA2F, 0xAA2F, 0xC292,
    0xB250, 0xBA71, 0xBA51, 0xBA71, 0xBA71, 0xBA71, 0xCA92, 0xCAB2, 0xC292, 0x242A, 0x2C0A, 0x23C9,
    0x23A9, 0x1B88, 0x2328, 0x23A8, 0x2CCB, 0x34EB, 0x2C8A, 0x03D5, 0x03D5, 0x0437, 0x0437, 0x0458,
    0x0458, 0x0478, 0x0437, 0x04BA, 0x055D, 0x0D5E, 0x051B, 0x051C, 0x051C, 0x0D1C, 0x04DA, 0x0479,
    0x0457, 0x0479, 0x0458, 0x0458, 0x0479, 0x0C99, 0x0499, 0x358D, 0x356C, 0x358D, 0x354C, 0x350C,
    0x2D2C, 0x352C, 0x356C, 0x350C, 0x2D2C, 0x34EB, 0x3D2A, 0xFB36, 0xF336, 0xEB15, 0xE2F5, 0xE2F4,
    0xEB15, 0xC271, 0xC292, 0xD2B3, 0xC292, 0xCAB3, 0xCA92, 0xC292, 0xC292, 0xBA71, 0xBA71, 0xCA92,
    0xCA92, 0x23E9, 0x23A8, 0x242A, 0x23C8, 0x23C9, 0x23A8, 0x2368, 0x34EC, 0x2C8B, 0x34EB, 0x1CB1,
    0x0C58, 0x0417, 0x0416, 0x04DA, 0x0D9F, 0x051C, 0x0D7E, 0x051C, 0x0D5E, 0x053D, 0x0CDA, 0x04FC,
    0x0D3D, 0x051C, 0x0D1C, 0x04DA, 0x0C99, 0x04BA, 0x0C78, 0x0437, 0x0CDA, 0x04BA, 0x0C99, 0x1CF2,
    0x3DCE, 0x358D, 0x3DAD, 0x354C, 0x3D8D, 0x356D, 0x358D, 0x358D, 0x3DAD, 0x352C, 0x5DAA, 0xF336,
    0xFB57, 0xEB15, 0xEB16, 0xDAD4, 0xE2F4, 0xD2D3, 0xBA71, 0xDAD4, 0xCA92, 0xCAB3, 0xCA92, 0xCAB3,
    0xCAB3, 0xCA92, 0xC292, 0xCA92, 0xCA93, 0x242A, 0x23A9, 0x23A8, 0x2388, 0x23A8, 0x23C9, 0x2388,
    0x2C8A, 0x2C6A, 0x2C6A, 0x1C30, 0x03F6, 0x0479, 0x04BA, 0x0417, 0x051B, 0x0DBE, 0x05BE, 0x0DDF,
    0x055D, 0x053D, 0x053C, 0x059F, 0x04DB, 0x04DB, 0x04FB, 0x04DA, 0x0417, 0x0437, 0x0416, 0x0416,
    0x03F5, 0x0416, 0x0417, 0x1CB1, 0x356C, 0x3DEE, 0x358C, 0x358D, 0x35CD, 0x356C, 0x35AD, 0x3DEE,
    0x356C, 0x356D, 0x8C10, 0xF336, 0xF336, 0xEB15, 0xE2F4, 0xD2D3, 0xCAB2, 0xE2F4, 0xBA71, 0xE2F5,
    0xCA92, 0xD2B3, 0xDAD4, 0xBA71, 0xCA92, 0xD2B3, 0xC271, 0xC292, 0x6B2D, 0x23C9, 0x2388, 0x2388,
    0x1B88, 0x23A9, 0x1B68, 0x23A9, 0x2C2A, 0x2409, 0x2C2A, 0x13EF, 0x03B4, 0x0437, 0x0C79, 0x0458,
    0x0D7D, 0x063F, 0x0D5C, 0x04DA, 0x04DB, 0x053C, 0x0CFB, 0x0499, 0x0458, 0x0499, 0x0CBA, 0x0479,
    0x0417, 0x03D5, 0x0C58, 0x03D5, 0x03D5, 0x03D5, 0x0BF6, 0x1C90, 0x356D, 0x35AD, 0x358D, 0x35CD,
    0x3E0E, 0x35CD, 0x3DCE, 0x35EE, 0x3DAD, 0x2D2C, 0xBCAF, 0xF336, 0xF336, 0xEB15, 0xEB15, 0xDAD4,
    0xDAD4, 0xDAF4, 0xC292, 0xE2F4, 0xDAD4, 0xD2B3, 0xD2B3, 0xC291, 0xD2B3, 0xD2B3, 0xCA92, 0xBA71,
    0x6B6D, 0x240A, 0x2C0A, 0x244A, 0x2C8B, 0x2409, 0x23C9, 0x1B68, 0x23C9, 0x2388, 0x23C8, 0x23E9,
    0x03D5, 0x03F6, 0x0416, 0x04BA, 0x04BA, 0x0458, 0x03D5, 0x057E, 0x05BE, 0x051C, 0x0479, 0x0416,
    0x0458, 0x0479, 0x0499, 0x04BA, 0x0458, 0x0437, 0x04BA, 0x0D1C, 0x03F6, 0x0416, 0x03F5, 0x0458,
    0x35AD, 0x356D, 0x35AD, 0x3E0E, 0x3E2E, 0x3E0E, 0x35CD, 0x3E2F, 0x358D, 0x352C, 0xB4AE, 0xEB15,
    0xE2F5, 0xE2F5, 0xDAD4, 0xDAD4, 0xD2B3, 0xE2F5, 0xDAD3, 0xCA92, 0xCAB2, 0xCAB3, 0xCA92, 0xCA92,
    0xC292, 0xCA92, 0xBA71, 0xBA50, 0x634D, 0x2CAB, 0x246A, 0x242A, 0x2C8B, 0x23A9, 0x23E9, 0x23C9,
    0x2389, 0x2388, 0x2348, 0x1B27, 0x0C9A, 0x04BA, 0x0C99, 0x055E, 0x0CFB, 0x03F6, 0x0CBA, 0x05DF,
    0x0D9D, 0x053C, 0x0478, 0x03F5, 0x03D5, 0x0416, 0x0437, 0x0499, 0x0C79, 0x0416, 0x0BF6, 0x0458,
    0x0CBA, 0x03D5, 0x0C58, 0x0437, 0x3DEE, 0x356C, 0x358D, 0x3E0E, 0x3E2F, 0x3E6F, 0x3E0E, 0x3E4F,
    0x3E2F, 0x35AD, 0xB4AF, 0xE2F5, 0xE2F5, 0xDAD4, 0xDAD4, 0xD2D3, 0xD2D3, 0xDAD3, 0xDAD4, 0xBA71,
    0xE2F4, 0xD2D3, 0xDAD4, 0xCA92, 0xE2F5, 0xDAD4, 0xD2B3, 0xB250, 0x738E, 0x2CAB, 0x2C6B, 0x2C4A,
    0x2C6B, 0x23A8, 0x23C9, 0x1B48, 0x1B07, 0x2348, 0x1AC6, 0x1AC6, 0x0D59, 0x063F, 0x05BE, 0x04BA,
    0x057D, 0x0499, 0x04FB, 0x053C, 0x0416, 0x03B5, 0x0458, 0x0416, 0x0416, 0x0458, 0x059E, 0x059E,
    0x0479, 0x03B4, 0x03D5, 0x0458, 0x0478, 0x053C, 0x0479, 0x0416, 0x2D70, 0x35AD, 0x3E2E, 0x3E2E,
    0x362E, 0x3DEE, 0x3E4F, 0x3E4F, 0x3E4F, 0x666C, 0xB4AE, 0xE2F5, 0xE2F4, 0xE2F4, 0xDAD3, 0xDAD4,
    0xD2B3, 0xDAD4, 0xDAD4, 0xC291, 0xE2F4, 0xD2B3, 0xDAD4, 0xD2B3, 0xDAD4, 0xEB15, 0xE2F4, 0xC292,
    0x73AE, 0x2C8B, 0x2409, 0x2C8B, 0x1BA8, 0x2368, 0x1B68, 0x2388, 0x1B07, 0x1B27, 0x1B07, 0x1AE7,
    0x1412, 0x04FB, 0x0D1B, 0x04BA, 0x04BA, 0x03F6, 0x03B5, 0x0394, 0x04BA, 0x0437, 0x03B5, 0x0393,
    0x03D5, 0x0478, 0x0D9E, 0x059F, 0x0479, 0x03B4, 0x0DFF, 0x04DA, 0x0D1C, 0x05BE, 0x0C79, 0x0478,
    0x2553, 0x3E0E, 0x3E4F, 0x3E4F, 0x3E6F, 0x3E6F, 0x3E4F, 0x3E4F, 0x3E2F, 0x5E0B, 0xD3D2, 0xE2F5,
    0xE2F5, 0xE2F4, 0xDAF4, 0xDAD4, 0xDAD4, 0xD2D3, 0xE2F5, 0xDAD4, 0xD2D3, 0xD2B3, 0xD2D3, 0xD2B3,
    0xE2F4, 0xD2B3, 0xD2B3, 0xDAD3, 0x540D, 0x23E9, 0x2C0A, 0x2409, 0x2389, 0x1B48, 0x2389, 0x1B68,
    0x1B47, 0x1B27, 0x1B68, 0x2368, 0x0BD0, 0x0417, 0x03F6, 0x03D5, 0x03B4, 0x0394, 0x0393, 0x0311,
    0x0393, 0x03D5, 0x03F6, 0x0458, 0x0416, 0x0437, 0x0499, 0x051C, 0x051B, 0x03F6, 0x03F6, 0x0458,
    0x051C, 0x0DBF, 0x05BF, 0x055D, 0x1DB5, 0x3E2F, 0x3E4E, 0x3E4F, 0x3E6F, 0x3E0F, 0x362E, 0x3E0E,
    0x360E, 0x558B, 0xE2F4, 0xE2F5, 0xE2F4, 0xDAF4, 0xD2D3, 0xDAD4, 0xD2D3, 0xDAD4, 0xDAD4, 0xD2D3,
    0xD2B3, 0xD2D3, 0xDAD3, 0xCAB2, 0xD2B3, 0xCA92, 0xCA92, 0xC292, 0x3CA9, 0x2C8B, 0x246A, 0x240A,
    0x23A8, 0x23C9, 0x23A9, 0x2388, 0x23A9, 0x2368, 0x1AE7, 0x1B07, 0x2348, 0x0437, 0x0457, 0x0417,
    0x0417, 0x03D5, 0x04DA, 0x0499, 0x0D5D, 0x04DA, 0x0499, 0x04FB, 0x0C79, 0x0437, 0x0479, 0x053D,
    0x0BF6, 0x03D5, 0x0499, 0x0416, 0x0C37, 0x0478, 0x0458, 0x0416, 0x0C99, 0x3E2E, 0x3E2F, 0x3EB0,
    0x3E2F, 0x3E2F, 0x3E2F, 0x3E2F, 0x3E4F, 0x55AB, 0xDAD4, 0xCAB2, 0xC292, 0xBA70, 0xCAB2, 0xD2B3,
    0xDAF4, 0xDAD3, 0xE2F4, 0xD2D3, 0xDAD4, 0xDAD4, 0xDAF4, 0xCA92, 0xDAD4, 0xC291, 0xB250, 0xD2B3,
    0x6548, 0x23C9, 0x2C2A, 0x240A, 0x2389, 0x240A, 0x23E9, 0x1B68, 0x1AE6, 0x2388, 0x1B47, 0x1B07,
    0x1AE6, 0x051C, 0x04FC, 0x059E, 0x061F, 0x051C, 0x063F, 0x053C, 0x04FB, 0x053D, 0x055D, 0x04DB,
    0x04DA, 0x04DA, 0x04FB, 0x059F, 0x0416, 0x03F5, 0x0458, 0x0437, 0x04DA, 0x04FB, 0x04FB, 0x04FB,
    0x0499, 0x35AD, 0x35EE, 0x3E4F, 0x35CD, 0x3E2F, 0x3E2E, 0x35CE, 0x3E6F, 0x55CB, 0xAA4F, 0xB250,
    0xC291, 0xCA92, 0xD2B3, 0xD2D3, 0xDAD3, 0xDAD4, 0xDAD3, 0xE2F5, 0xC291, 0xDAF4, 0xD2B3, 0xC292,
    0xCA92, 0xCAB2, 0xC292, 0xCA93, 0x6D67, 0x3C89, 0x244A, 0x240A, 0x23C9, 0x23C9, 0x2409, 0x1B28,
    0x2348, 0x2388, 0x23A9, 0x1B47, 0x1B28, 0x05DF, 0x051C, 0x055D, 0x0479, 0x0417, 0x055D, 0x05BE,
    0x05DF, 0x057E, 0x053D, 0x057E, 0x0479, 0x059E, 0x0D7E, 0x0416, 0x03D5, 0x0373, 0x04BA, 0x0499,
    0x04DB, 0x053C, 0x0D1C, 0x05BF, 0x055D, 0x354C, 0x3E0F, 0x3E0E, 0x3E0E, 0x3E2F, 0x3DCE, 0x35CE,
    0x3E6F, 0x55CB, 0xAC4E, 0xE2F4, 0xE2F5, 0xE2F4, 0xE2F4, 0xDAD4, 0xDAF4, 0xDAD3, 0xDAF4, 0xE2F5,
    0xD2D3, 0xD2B3, 0xDAF4, 0xCA92, 0xD2B3, 0xC292, 0xCAB3, 0xB250, 0x9C0D, 0x5D28, 0x2C6B, 0x23E9,
    0x23C9, 0x23C9, 0x2389, 0x23A9, 0x23A8, 0x2C2A, 0x2409, 0x242A, 0x23E9, 0x0C76, 0x0458, 0x04BA,
    0x0478, 0x0458, 0x04BA, 0x04FC, 0x051C, 0x0458, 0x04FB, 0x04DB, 0x0499, 0x04BA, 0x0499, 0x03F6,
    0x03F5, 0x03F6, 0x0458, 0x051C, 0x0458, 0x04BA, 0x04BA, 0x04FB, 0x053D, 0x2D51, 0x358D, 0x352C,
    0x35CE, 0x3E0F, 0x35AD, 0x3E6F, 0x35EE, 0x5E0B, 0xAC4E, 0xEB15, 0xE2F4, 0xE2F4, 0xDAD4, 0xE2F4,
    0xDAD4, 0xDAD4, 0xDAD3, 0xE2F4, 0xD2B3, 0xCAB2, 0xDAD3, 0xCA92, 0xC292, 0xC271, 0xC271, 0xBA71,
    0x940C, 0x7DC8, 0x3469, 0x23A9, 0x1B68, 0x2368, 0x1B68, 0x2368, 0x2C6B, 0x2C4A, 0x2C8B, 0x2C8B,
    0x2C4B, 0x1431, 0x04DB, 0x0416, 0x04DB, 0x049A, 0x04BA, 0x0499, 0x053D, 0x051C, 0x051C, 0x04DA,
    0x0D3D, 0x04FB, 0x0499, 0x0417, 0x0437, 0x0499, 0x03D5, 0x03B4, 0x0C37, 0x04FB, 0x0479, 0x0499,
    0x0D3D, 0x1D13, 0x350C, 0x2CCB, 0x354D, 0x35AD, 0x358D, 0x3E0E, 0x3DEE, 0x55CB, 0xAC4E, 0xE2F4,
    0xEB15, 0xE2F4, 0xE2F4, 0xDAD4, 0xE2F4, 0xDAD4, 0xDAD4, 0xDAF4, 0xDAD4, 0xCA92, 0xE2F5, 0xCA92,
    0xDAD4, 0xD2B3, 0xCAB3, 0xC271, 0x93CC, 0x6D47, 0x5CE8, 0x1B68, 0x23A9, 0x1B07, 0x2348, 0x1B07,
    0x2CCB, 0x2C4A, 0x2C6A, 0x2CCB, 0x2CAB, 0x1451, 0x0417, 0x0437, 0x0457, 0x0437, 0x0478, 0x053D,
    0x0458, 0x04FB, 0x053D, 0x04FB, 0x04DB, 0x053D, 0x0479, 0x0417, 0x0417, 0x0416, 0x03D5, 0x0437,
    0x0437, 0x0416, 0x0437, 0x0437, 0x0417, 0x1D13, 0x358D, 0x352C, 0x358D, 0x35CE, 0x2CEC, 0x2CCC,
    0x2D2C, 0x6DE9, 0xAC6E, 0xE2F5, 0xE2F4, 0xE2F5, 0xDAD4, 0xE2F4, 0xDAD4, 0xDAD4, 0xDAD4, 0xE2D4,
    0xDAD4, 0xD2B3, 0xE2D4, 0xC292, 0xDAD4, 0xDAD4, 0xC271, 0xC292, 0x9BEC, 0x6D47, 0x75C8, 0x3C08,
    0x1B27, 0x1B27, 0x1B48, 0x1AE7, 0x2C4A, 0x2C8B, 0x2CAB, 0x2CAB, 0x2C8B, 0x1451, 0x0479, 0x0479,
    0x04BA, 0x0479, 0x0458, 0x04FB, 0x04DB, 0x0499, 0x053D, 0x04FB, 0x053D, 0x04BA, 0x04DB, 0x049A,
    0x051C, 0x0416, 0x03F6, 0x03B4, 0x0458, 0x03F5, 0x0394, 0x03D5, 0x03F6, 0x2550, 0x352D, 0x354D,
    0x354D, 0x354D, 0x2CAB, 0x2D2C, 0x354D, 0x7DE8, 0xB48F, 0xE2D4, 0xEB15, 0xE2F4, 0xE2F4, 0xE2D4,
    0xE2F4, 0xDAD4, 0xE2F4, 0xDAD4, 0xEAF5, 0xCA92, 0xE2F4, 0xCA92, 0xDAD4, 0xDAD4, 0xD2B3, 0xCA92,
    0x9BCD, 0x6D67, 0x75A8, 0x6528, 0x1B28, 0x1B28, 0x2348, 0x1B88, 0x242A, 0x350C, 0x2CCB, 0x2CAB,
    0x2C8B, 0x2C6B, 0x04BA, 0x0478, 0x0499, 0x0479, 0x0458, 0x0499, 0x0499, 0x0499, 0x04BA, 0x04BA,
    0x04DB, 0x051C, 0x04DA, 0x057E, 0x051C, 0x0438, 0x0437, 0x0437, 0x0458, 0x0458, 0x03B4, 0x03B4,
    0x0C74, 0x354D, 0x2CCB, 0x2D0C, 0x2C8B, 0x34EC, 0x2D0C, 0x2CEC, 0x2CEC, 0x7DE8, 0x8CEB, 0xE2F4,
    0xDAD4, 0xE2F5, 0xDAD4, 0xE2F4, 0xDAD4, 0xE2F4, 0xDAD4, 0xE2D4, 0xE2F5, 0xCA92, 0xE2D4, 0xD2B3,
    0xDAD4, 0xDAD4, 0xD2B3, 0xE2D4, 0xC371, 0x7E08, 0x75C8, 0x7E08, 0x33C7, 0x1B28, 0x1AE7, 0x2368,
    0x2C4B, 0x2CEC, 0x352C, 0x2D0C, 0x350D, 0x2CCC, 0x0C96, 0x0478, 0x04BA, 0x0499, 0x04DA, 0x0499,
    0x0499, 0x0479, 0x04DB, 0x04BA, 0x04BA, 0x04BA, 0x051C, 0x04BA, 0x04BA, 0x0478, 0x04BA, 0x0458,
    0x04BA, 0x0499, 0x0437, 0x0437, 0x2D31, 0x2CEC, 0x2C8B, 0x2D2C, 0x358E, 0x2CEC, 0x352D, 0x2CCB,
    0x350C, 0x6D47, 0x7588, 0xE2F5, 0xEB15, 0xEAF5, 0xE2F5, 0xE2D4, 0xE2F5, 0xE2D4, 0xE2F4, 0xE2D4,
    0xE2D4, 0xCA93, 0xE2F4, 0xD2B3, 0xE2F5, 0xDAD4, 0xDAD4, 0xDAD4, 0xF316, 0x7DE8, 0x7568, 0x8648,
    0x7DC8, 0x1B68, 0x1B08, 0x240A, 0x23E9, 0x2C4A, 0x2D0C, 0x356D, 0x356D, 0x356D, 0x14B2, 0x0479,
    0x0478, 0x0499, 0x0479, 0x0499, 0x0479, 0x0478, 0x0499, 0x0479, 0x0458, 0x051C, 0x061F, 0x063F,
    0x063F, 0x053C, 0x059E, 0x05FF, 0x057D, 0x055D, 0x0478, 0x1C92, 0x2CCB, 0x2D0C, 0x2D4C, 0x352D,
    0x358D, 0x354D, 0x356D, 0x2CCC, 0x3D2B, 0x64E7, 0x6D67, 0xF336, 0xEAF5, 0xE2F5, 0xE2D4, 0xE2F4,
    0xDAD4, 0xE2D4, 0xDAD4, 0xE2D4, 0xE2D4, 0xD2B3, 0xDAD4, 0xDAD4, 0xE2D4, 0xDAD4, 0xDAD4, 0xDAD4,
    0xEAF5, 0x6D47, 0x6506, 0x7587, 0x6D47, 0x4448, 0x1B68, 0x2389, 0x2CCC, 0x35CE, 0x35AE, 0x35AE,
    0x35AE, 0x356D, 0x350C, 0x0479, 0x0499, 0x0499, 0x0499, 0x0499, 0x0499, 0x0479, 0x0478, 0x0417,
    0x0478, 0x04DA, 0x057D, 0x057E, 0x061F, 0x061F, 0x04FB, 0x059D, 0x055E, 0x053C, 0x1539, 0x2CAB,
    0x352D, 0x356D, 0x352D, 0x352C, 0x2CAC, 0x2CAB, 0x352D, 0x2C6B, 0x4D0A, 0x64C6, 0x7568, 0xF316,
    0xEB15, 0xE2D4, 0xE2F5, 0xE2D4, 0xE2F5, 0xDAD4, 0xE2F4, 0xE2D4, 0xE2D4, 0xD2B3, 0xE2F5, 0xD2B3,
    0xE2F5, 0xDAD4, 0xE2D5, 0xDAD4, 0xF316, 0x6D47, 0x6D27, 0x7E28, 0x75C8, 0x6D47, 0x2389, 0x23C9,
    0x2CCB, 0x356D, 0x358D, 0x356D, 0x354D, 0x352D, 0x246A, 0x0C96, 0x0479, 0x0499, 0x0499, 0x0499,
    0x0499, 0x049A, 0x0499, 0x0458, 0x0437, 0x0437, 0x0417, 0x0479, 0x04DA, 0x053D, 0x053C, 0x05BE,
    0x05BE, 0x063F, 0x2510, 0x2D0C, 0x2CCB, 0x352D, 0x2D2C, 0x2CEC, 0x242A, 0x2C8B, 0x2D0C, 0x2C8B,
    0x54E8, 0x6D07, 0x75A7, 0xB46F, 0xEAF5, 0xE2D4, 0xDAD4, 0xE2F4, 0xDAD4, 0xE2D4, 0xDAD4, 0xE2D4,
    0xE2D4, 0xC292, 0xE2D4, 0xDAB4, 0xD2B3, 0xE2D4, 0xDAD4, 0xDAD4, 0xEAF5, 0xAC4E, 0x6D87, 0x8649,
    0x7587, 0x75A8, 0x4CA8, 0x1B48, 0x2C8B, 0x354D, 0x358E, 0x356D, 0x356E, 0x354D, 0x350D, 0x1CD3,
    0x049A, 0x0499, 0x049A, 0x0499, 0x0499, 0x0479, 0x0479, 0x0457, 0x0479, 0x0479, 0x0458, 0x04BA,
    0x04BA, 0x0458, 0x0479, 0x061F, 0x0E3F, 0x1DB6, 0x354D, 0x2D0C, 0x34EC, 0x354D, 0x350D, 0x2CCC,
    0x2C6B, 0x2C6B, 0x352D, 0x2CCB, 0x7568, 0x6D67, 0x7DE8, 0xB46F, 0xEAF5, 0xDAD4, 0xE2F5, 0xE2D4,
    0xE2D5, 0xDAD4, 0xE2D4, 0xDAD4, 0xEAF5, 0xC272, 0xEAF5, 0xDAD4, 0xDAB4, 0xE2D4, 0xEAF5, 0xE2D5,
    0xF316, 0xB46F, 0x8649, 0x972A, 0x96EA, 0x75C8, 0x75C8, 0x1B27, 0x358D, 0x356D, 0x2D2C, 0x35CE,
    0x2D4D, 0x356D, 0x35AE, 0x2D51, 0x0499, 0x0499, 0x0499, 0x04BA, 0x0499, 0x0499, 0x0499, 0x0438,
    0x0417, 0x051C, 0x04DA, 0x0437, 0x0478, 0x0416, 0x03D5, 0x0437, 0x0CF7, 0x358E, 0x2D0C, 0x2C4A,
    0x2D2C, 0x356D, 0x2CEC, 0x2CEC, 0x2CEC, 0x2D0C, 0x2CCC, 0x450B, 0x6527, 0x6507, 0x5C86, 0xA3CD,
    0xE2D4, 0xE2F5, 0xE2F5, 0xE2F5, 0xDAD4, 0xDAD4, 0xDAB4, 0xE2D5, 0xEAF5, 0xD2B3, 0xE2D4, 0xE2D4,
    0xDAB4, 0xDAB4, 0xE2D4, 0xDAD4, 0xF2F6, 0xB48F, 0x75E8, 0x7E08, 0x7E08, 0x7DC8, 0x75E8, 0x4CC9,
    0x358E, 0x356D, 0x354D, 0x352D, 0x35CE, 0x2D2D, 0x3DCE, 0x2D0C, 0x049A, 0x0479, 0x0499, 0x049A,
    0x0499, 0x0499, 0x0479, 0x0437, 0x0458, 0x0458, 0x0458, 0x03D5, 0x0437, 0x0499, 0x0437, 0x0416,
    0x2D30, 0x356D, 0x350C, 0x2C6A, 0x2D0C, 0x2CEC, 0x350D, 0x354D, 0x352D, 0x2D0C, 0x354D, 0x6589,
    0x6D27, 0x6D27, 0x64E7, 0x64E7, 0xEAF5, 0xE2F5, 0xEB16, 0xE2D5, 0xE2D5, 0xE2D4, 0xE2D5, 0xE2D5,
    0xF316, 0xDAB3, 0xE2D5, 0xDAB4, 0xDAD4, 0xDAB4, 0xEAF6, 0xDAB4, 0xFB17, 0xEAF5, 0x7DC8, 0x7E28,
    0x8669, 0x86A9, 0x7E29, 0x5D08, 0x454B, 0x2C8B, 0x2CAB, 0x2D0C, 0x2D2C, 0x2CCC, 0x2D4D, 0x354D,
    0x0CB6, 0x04FC, 0x0479, 0x04FB, 0x04FB, 0x0479, 0x0499, 0x04DA, 0x0479, 0x0479, 0x0499, 0x03F6,
    0x03F6, 0x04DB, 0x0499, 0x0C54, 0x2C8B, 0x2CEC, 0x2CAB, 0x2CCC, 0x2D2C, 0x350D, 0x2D0C, 0x354D,
    0x2CAB, 0x354D, 0x3D4B, 0x6D27, 0x6D27, 0x64E7, 0x64E6, 0x6D47, 0xE2D5, 0xF316, 0xEAF5, 0xE2D5,
    0xE2D4, 0xE2D4, 0xDAB4, 0xE2D4, 0xEAF6, 0xD2B3, 0xDAB4, 0xE2D4, 0xEAF5, 0xE2D4, 0xEAF5, 0xDAB4,
    0xFB17, 0xE2D5, 0x75C7, 0x7DE8, 0x7E08, 0x7DE8, 0x75E8, 0x75C8, 0x558A, 0x2CAB, 0x2CCC, 0x2C8B,
    0x2C6B, 0x2C8B, 0x350D, 0x2D0C, 0x1C71, 0x0458, 0x04BA, 0x04DB, 0x051C, 0x04FB, 0x0499, 0x0479,
    0x0438, 0x0479, 0x0479, 0x0479, 0x0437, 0x0478, 0x0479, 0x2C6B, 0x2C8B, 0x2CAB, 0x2CCC, 0x2CEC,
    0x34EC, 0x2C8B, 0x2CCC, 0x2D2D, 0x2CAC, 0x2C4B, 0x5CE8, 0x7587, 0x7568, 0x64C6, 0x6D07, 0x6D27,
    0xF316, 0xEAF5, 0xEAF5, 0xE2D4, 0xDAD4, 0xDAB4, 0xDAB4, 0xDAB4, 0xEAF6, 0xCA93, 0xEAF5, 0xE2D5,
    0xEAF6, 0xE2D5, 0xE2D4, 0xE2D4, 0xF2F6, 0xE2D5, 0x6D27, 0x6D47, 0x7547, 0x75C8, 0x7DC8, 0x75A8,
    0x7608, 0x2C8B, 0x2C8B, 0x2C8B, 0x248B, 0x2CAB, 0x2CEC, 0x2CCC, 0x24CE, 0x0458, 0x0499, 0x051C,
    0x053C, 0x04FB, 0x04DA, 0x0458, 0x0478, 0x04FC, 0x04BA, 0x04DB, 0x03F6, 0x03F6, 0x1C6E, 0x2C6B,
    0x242A, 0x240A, 0x242A, 0x2CCC, 0x248B, 0x2D0C, 0x2D0C, 0x2C6B, 0x242A, 0x3C8A, 0x5C86, 0x6D07,
    0x6D67, 0x5CA6, 0x5C66, 0x6D07, 0xD3B2, 0xF316, 0xEAF5, 0xE2D5, 0xE2D4, 0xDAB4, 0xE2D4, 0xEAF5,
    0xF2F6, 0xD2B3, 0xEAF6, 0xFB17, 0xF2F6, 0xE2D5, 0xF2F6, 0xF2F6, 0xFB17, 0xE2D5, 0x94EB, 0x7E28,
    0x75C7, 0x7E28, 0x75A7, 0x75A8, 0x7E69, 0x2CEC, 0x350D, 0x2CCC, 0x350C, 0x2D0C, 0x2CCC, 0x2CEC,
    0x2CEC, 0x0499, 0x04BA, 0x0499, 0x04BA, 0x04DA, 0x053D, 0x0458, 0x0458, 0x0478, 0x0458, 0x03F6,
    0x0458, 0x0C75, 0x2C4B, 0x244A, 0x240A, 0x1B68, 0x2C0A, 0x240A, 0x2C6B, 0x2CAB, 0x2C6B, 0x244A,
    0x2CAC, 0x7E69, 0x6507, 0x5405, 0x64A6, 0x5C66, 0x5406, 0x5C66, 0xAC0F, 0xFB38, 0xFB37, 0xEAF5,
    0xE2D5, 0xE2D4, 0xEAF6, 0xDAB4, 0xFB37, 0xE2D4, 0xFB58, 0xFB38, 0xFB37, 0xF2F6, 0xF2F6, 0xEAD5,
    0xFB38, 0xEAF6, 0xB44F, 0x75A7, 0x7DE8, 0x7587, 0x7588, 0x7588, 0x7E69, 0x5E0C, 0x2D2C, 0x2D0C,
    0x2CCB, 0x354D, 0x356D, 0x358E, 0x35CE, 0x1579, 0x04DB, 0x0499, 0x04DB, 0x0499, 0x0499, 0x053D,
    0x0458, 0x04BA, 0x0458, 0x0478, 0x0499, 0x1BCD, 0x1B88, 0x2C4B, 0x23E9, 0x23A9, 0x1B88, 0x2388,
    0x23E9, 0x2C8B, 0x2C8B, 0x354D, 0x65CA, 0x7E29, 0x6547, 0x5C46, 0x5C46, 0x64C7, 0x5425, 0x5405,
    0xABCE, 0xFB17, 0xE2D4, 0xDAD4, 0xE2D5, 0xEAF6, 0xDAB4, 0xDAB4, 0xF316, 0xEAF6, 0xF316, 0xFB17,
    0xFB38, 0xFB17, 0xDAB4, 0xF2F6, 0xFB38, 0xEAF6, 0xAC0E, 0x75A8, 0x75A7, 0x75A8, 0x6D67, 0x7588,
    0x866A, 0x55CB, 0x350D, 0x2C6A, 0x352D, 0x2CEC, 0x3DEF, 0x35EE, 0x4690, 0x1D95, 0x051C, 0x057E,
    0x04DB, 0x0417, 0x0458, 0x0499, 0x0479, 0x04BA, 0x049A, 0x0458, 0x1476, 0x1AE7, 0x240A, 0x246A,
    0x2C8B, 0x23A9, 0x2369, 0x1B48, 0x23EA, 0x242A, 0x240A, 0x348A, 0x5CC8, 0x5487, 0x5466, 0x5425,
    0x7DC8, 0x6D67, 0x6D27, 0x64C6, 0xA3AE, 0xEAD5, 0xDAD4, 0xD293, 0xE2D5, 0xE2D5, 0xEAF5, 0xEAF5,
    0xF316, 0xFB38, 0xFB58, 0xFB17, 0xFB17, 0xFB38, 0xEAF5, 0xEAD5, 0xEAD5, 0xEAF6, 0xB470, 0x7E28,
    0x7DE8, 0x75C8, 0x7DC8, 0x75A8, 0x7628, 0x7609, 0x2CEC, 0x2CEC, 0x35CE, 0x35AE, 0x360F, 0x35CE,
    0x356D, 0x35CE, 0x0457, 0x0499, 0x0499, 0x0417, 0x03B4, 0x03F6, 0x03B4, 0x03B4, 0x0458, 0x04BA,
    0x1C8F, 0x2388, 0x242A, 0x2C8B, 0x242A, 0x2C4A, 0x23A9, 0x2388, 0x240A, 0x2C6B, 0x246B, 0x6528,
    0x5D07, 0x5CA7, 0x4C26, 0x5426, 0x75E8, 0x75A8, 0x75C8, 0x75A8, 0xABEE, 0xEAF6, 0xD293, 0xDAB4,
    0xF2F6, 0xFB17, 0xF2F6, 0xF317, 0xF2F6, 0xFB58, 0xFB17, 0xFB17, 0xEAD5, 0xDAB4, 0xEAD5, 0xF2F6,
    0xE2D5, 0xEAF6, 0xC4D0, 0x7E08, 0x75A7, 0x75A8, 0x75A7, 0x75A8, 0x7E29, 0x7609, 0x352D, 0x358E,
    0x3E30, 0x358D, 0x3DAE, 0x35CE, 0x3E0F, 0x35CE, 0x1CD2, 0x03F6, 0x0479, 0x03F6, 0x03F6, 0x03F6,
    0x03B4, 0x03B4, 0x0416, 0x0416, 0x23A9, 0x240A, 0x2C2A, 0x240A, 0x23E9, 0x244A, 0x2C0A, 0x23C9,
    0x240A, 0x23C9, 0x5D29, 0x6568, 0x7E8A, 0x7629, 0x6D88, 0x5C66, 0x64C7, 0x5C66, 0x6D07, 0x6D27,
    0xA3CE, 0xDAB4, 0xDAB4, 0xDAB4, 0xFB38, 0xE2D5, 0xEAF5, 0xEAD5, 0xFB38, 0xFB38, 0xFB37, 0xEAF6,
    0xFB38, 0xEAF6, 0xFB38, 0xF317, 0xF316, 0xEAF6, 0xC490, 0x7DC8, 0x7DE8, 0x7DC8, 0x7DE8, 0x75C8,
    0x7E08, 0x7E29, 0x45CD, 0x35AE, 0x35EE, 0x3E2F, 0x35EE, 0x3E70, 0x360E, 0x3DCE, 0x252F, 0x0437,
    0x0437, 0x049A, 0x03D5, 0x0393, 0x0393, 0x03B5, 0x0394, 0x13F0, 0x1B88, 0x23EA, 0x23C9, 0x23C9,
    0x23A9, 0x240A, 0x23C9, 0x23A9, 0x240A, 0x4C67, 0x5CA6, 0x6DA9, 0x6DC9, 0x6D68, 0x5486, 0x6527,
    0x6D47, 0x5C86, 0x6526, 0x6D47, 0xA3ED, 0xE2B4, 0xCA93, 0xCA93, 0xDAB4, 0xDAB4, 0xEAD5, 0xEAF5,
    0xFB58, 0xFB59, 0xF358, 0xFB17, 0xF2F6, 0xFB38, 0xFB38, 0xFB38, 0xEB17, 0xFB59, 0xBC90, 0x7DE8,
    0x75C7, 0x7DE8, 0x7E08, 0x7DE8, 0x7E29, 0x7629, 0x5E2C, 0x3E2F, 0x3E70, 0x3E4F, 0x3DEF, 0x35EE,
    0x356D, 0x354D, 0x354D, 0x0C95, 0x0C99, 0x0458, 0x03B5, 0x0352, 0x03B4, 0x0352, 0x0458, 0x1C4E,
    0x2C4B, 0x242A, 0x240A, 0x23C9, 0x23EA, 0x2389, 0x23EA, 0x1B68, 0x3C8A, 0x5CA6, 0x5446, 0x5446,
    0x5CA7, 0x5CC7, 0x5CC7, 0x64E7, 0x64C7, 0x5425, 0x6D27, 0x6506, 0xA3EE, 0xDAB4, 0xDAB4, 0xD293,
    0xE2D5, 0xF2F6, 0xEAF6, 0xFB17, 0xFB79, 0xFB38, 0xFB59, 0xF2F6, 0xFB17, 0xEAD5, 0xFB7A, 0xFB38,
    0xF337, 0xFB59, 0xBC70, 0x7DE8, 0x7DE8, 0x7DE8, 0x8628, 0x7E08, 0x7E28, 0x7E29, 0x560C, 0x3EB0,
    0x362F, 0x3E0F, 0x362F, 0x35EE, 0x35AE, 0x2D0C, 0x2D0C, 0x2D51, 0x04BA, 0x0478, 0x0458, 0x0437,
    0x0437, 0x0437, 0x04DB, 0x242A, 0x244A, 0x2C6B, 0x244A, 0x2C6B, 0x2409, 0x23E9, 0x23E9, 0x3C89,
    0x6D87, 0x64E7, 0x5CC7, 0x5CE7, 0x4C46, 0x5487, 0x4C06, 0x5406, 0x4BC4, 0x53E5, 0x5C86, 0x64E6,
    0xA3CD, 0xDAB4, 0xCA93, 0xDAB4, 0xD293, 0xEAD5, 0xE2D5, 0xFB17, 0xFB37, 0xFB17, 0xFB17, 0xD293,
    0xE2B4, 0xDAB4, 0xFB59, 0xF338, 0xF317, 0xFB59, 0xB46F, 0x7E08, 0x7E28, 0x7E08, 0x7E08, 0x7E08,
    0x7E29, 0x7629, 0x762A, 0x3E4F, 0x3DEF, 0x3E2F, 0x3E50, 0x3E2F, 0x35CE, 0x358D, 0x356D, 0x354D,
    0x14B6, 0x04DA, 0x0CBA, 0x0478, 0x04DB, 0x053C, 0x0D9F, 0x23E9, 0x2C4B, 0x2409, 0x2CAB, 0x2C8B,
    0x2C8B, 0x242A, 0x44CA, 0x8648, 0x8EC9, 0x75C8, 0x75C8, 0x6D88, 0x6D68, 0x6D88, 0x64E7, 0x4BC5,
    0x4BC5, 0x5C66, 0x64C7, 0x6D07, 0xA3EE, 0xDAB4, 0xE2B4, 0xDAB4, 0xDAB4, 0xF2F6, 0xFB17, 0xFB17,
    0xFB7A, 0xF317, 0xFB17, 0xEAD5, 0xDAB4, 0xEAF6, 0xFB59, 0xF2F6, 0xFB59, 0xFB59, 0xC4B1, 0x7E08,
    0x8648, 0x7DE8, 0x8628, 0x7E08, 0x75E8, 0x7609, 0x6DE8, 0x35CE, 0x35CE, 0x35CE, 0x35AE, 0x3E4F,
    0x3E70, 0x356D, 0x35AE, 0x356D, 0x24EF, 0x0499, 0x0478, 0x0499, 0x04FB, 0x0D5D, 0x14D4, 0x2C4A,
    0x242A, 0x23C9, 0x246A, 0x2CAB, 0x2CEC, 0x2C4A, 0x7E08, 0x7DC8, 0x7DE8, 0x75C8, 0x75E8, 0x75E9,
    0x7609, 0x75C9, 0x6D88, 0x6D27, 0x64E6, 0x6486, 0x5C65, 0x6D07, 0xAC0E, 0xDA94, 0xD293, 0xE2D5,
    0xE2B4, 0xF2F6, 0xE2D5, 0xE2D5, 0xF2F6, 0xF2F6, 0xDAB4, 0xEAD5, 0xD294, 0xE2B5, 0xEAD5, 0xF2F6,
    0xFB38, 0xF2F7, 0xB46E, 0x8648, 0x7E08, 0x8608, 0x7E08, 0x7E28, 0x7E09, 0x75C8, 0x75E9, 0x45AC,
    0x358E, 0x358D, 0x3DCE, 0x35AE, 0x3DCE, 0x352D, 0x354D, 0x35AE, 0x356D, 0x14D7, 0x0D5D, 0x04DA,
    0x0CDB, 0x049A, 0x1D15, 0x240A, 0x2C0A, 0x240A, 0x2C6B, 0x246A, 0x2CAC, 0x5D08, 0x7547, 0x75A7,
    0x8669, 0x7E29, 0x868A, 0x7E69, 0x7E4A, 0x7609, 0x8669, 0x7E08, 0x7568, 0x6D27, 0x6D27, 0x6506,
    0xAC0E, 0xD293, 0xD293, 0xDAB4, 0xD294, 0xE2B5, 0xD2B3, 0xDAB4, 0xEAF6, 0xD293, 0xDAB4, 0xEAD5,
    0xD2B4, 0xEAD5, 0xE2D5, 0xC252, 0xEAD5, 0xEAD6, 0xC4D0, 0x8668, 0x8669, 0x8628, 0x8648, 0x7E28,
    0x7E48, 0x75C8, 0x6DC8, 0x55CC, 0x35AD, 0x35AE, 0x358D, 0x35CE, 0x2D0C, 0x356D, 0x2D0C, 0x35CE,
    0x2D2C, 0x356D, 0x04DB, 0x04BA, 0x04FB, 0x0499, 0x1451, 0x240A, 0x2409, 0x2C4A, 0x244A, 0x240A,
    0x5D48, 0x7DC8, 0x75A7, 0x8628, 0x7E08, 0x7E08, 0x7E29, 0x7E49, 0x7649, 0x7E29, 0x7E29, 0x7E49,
    0x7DE8, 0x7DC8, 0x6D47, 0x75A7, 0xAC4E, 0xD293, 0xCA72, 0xC272, 0xBA51, 0xD293, 0xC272, 0xCA93,
    0xE2B4, 0xE2D5, 0xE2B4, 0xE2B4, 0xDA93, 0xFB38, 0xFB38, 0xEAD5, 0xD293, 0xFB17, 0xC4D0, 0x8EA9,
    0x8668, 0x8688, 0x8668, 0x7DE8, 0x8689, 0x7E29, 0x7609, 0x7629, 0x356D, 0x35AE, 0x35CE, 0x354D,
    0x352D, 0x2D0C, 0x358E, 0x3E0F, 0x3DEE, 0x3E2F, 0x24F3, 0x0479, 0x0CBA, 0x04BA, 0x242E, 0x242A,
    0x2C4A, 0x242A, 0x2C6B, 0x3CCA, 0x8669, 0x8648, 0x8649, 0x8648, 0x7E08, 0x75E8, 0x7E09, 0x7609,
    0x75E9, 0x7629, 0x7E49, 0x7E08, 0x8649, 0x7DE8, 0x7DE8, 0x7E08, 0xB48F, 0xD293, 0xCA72, 0xBA51,
    0xC272, 0xBA51, 0xBA51, 0xC251, 0xE2B5, 0xD293, 0xDAB4, 0xDAB4, 0xE2D5, 0xFB17, 0xFB17, 0xEAD5,
    0xF2F6, 0xBA51, 0xB4AF, 0x8E89, 0x96E9, 0x8E88, 0x8E89, 0x8648, 0x86A9, 0x86AA, 0x7E69, 0x7E69,
    0x458C, 0x35AE, 0x2D4C, 0x35AE, 0x2D0C, 0x350C, 0x2D4C, 0x356D, 0x2D0C, 0x350C, 0x2CCB, 0x0458,
    0x0458, 0x0CDB, 0x240A, 0x2C4A, 0x2C8B, 0x2C4A, 0x3CCA, 0x7DC8, 0x8688, 0x96C9, 0x8648, 0x8669,
    0x7E28, 0x7E09, 0x75E8, 0x7609, 0x6DC8, 0x75E9, 0x75E8, 0x75C8, 0x7E08, 0x7DE8, 0x7E08, 0x7DC8,
    0xDAB4, 0xD293, 0xBA51, 0xA20F, 0xAA10, 0xAA10, 0xCA72, 0xCA72, 0xC251, 0xD293, 0xDAB4, 0xE2B4,
    0xF2F6, 0xFB17, 0xF2F6, 0xF2F6, 0xEAF6, 0xEAD5, 0x8688, 0x8EA9, 0x8668, 0x8EC9, 0x8688, 0x8EA9,
    0x970A, 0x8F0A, 0x86CA, 0x7E89, 0x5DEB, 0x354D, 0x350C, 0x2C8B, 0x2C2A, 0x2CAB, 0x3DEE, 0x354D,
    0x35AE, 0x352C, 0x2C8B, 0x1CB3, 0x0D3D, 0x0D9E, 0x23E9, 0x2409, 0x2C2A, 0x2C8B, 0x8E89, 0x8668,
    0x9F4A, 0x8EC9, 0x96C9, 0x8EC9, 0x8E89, 0x7E08, 0x75E9, 0x6DC8, 0x75C9, 0x75C8, 0x75E8, 0x75E8,
    0x7E08, 0x7DE8, 0x7DE8, 0x75A7, 0xE2D5, 0xCA93, 0xC251, 0xBA51, 0xC252, 0xC272, 0xC251, 0xCA72,
    0xBA51, 0xBA51, 0xD293, 0xD293, 0xF2F6, 0xF2F6, 0xEAF6, 0xEAF6, 0xFB17, 0xF2F6, 0x8EA9, 0x8668,
    0x970A, 0x8EA9, 0x9F2A, 0x8EE9, 0x8EE9, 0x8F2A, 0x7EAA, 0x7E6A, 0x7E89, 0x354D, 0x35AE, 0x354D,
    0x2D0C, 0x354D, 0x3E6F, 0x35CE, 0x2D0C, 0x352D, 0x2CEB, 0x350C, 0x04DA, 0x0C79, 0x2C6A, 0x2C6B,
    0x2CAB, 0x870A, 0x8EA9, 0x9729, 0xA7CA, 0x9F6A, 0x9709, 0x8EE9, 0x7E48, 0x7E29, 0x75E8, 0x75C9,
    0x6DA8, 0x75C8, 0x75C8, 0x7DE8, 0x7DE7, 0x7DE8, 0x75C7, 0x7DE8, 0xE2B4, 0xDAB4, 0xC251, 0xCA72,
    0xCA72, 0xD293, 0xBA51, 0xCA93, 0xC252, 0xD293, 0xBA31, 0xE2D5, 0xEAD5, 0xFB17, 0xEAD5, 0xEAD6,
    0xE2D5, 0xF2F6, 0x9709, 0x8648, 0x8688, 0x8EC9, 0x9709, 0x970A, 0x970A, 0x8F0A, 0x7E8A, 0x7EAA,
    0x86EA, 0x5DEB, 0x3DEE, 0x354D, 0x354D, 0x35AD, 0x3DCE, 0x2D2C, 0x358E, 0x2D2C, 0x358E, 0x2D0C,
    0x1CB2, 0x0499, 0x2CCC, 0x2C4A, 0x3CAA, 0x8688, 0x8E89, 0x9729, 0xA7CB, 0x9749, 0x96E9, 0x8EE9,
    0x8669, 0x7608, 0x75E9, 0x6DC8, 0x75C9, 0x75C8, 0x7DE8, 0x7DE8, 0x7E08, 0x7DE8, 0x7DE8, 0xB44F,
    0xD293, 0xD293, 0xBA51, 0xCA72, 0xD293, 0xDA93, 0xEAF5, 0xCA72, 0xBA51, 0xD293, 0xE2D5, 0xF317,
    0xFB59, 0xFB17, 0xF316, 0xFB17, 0xEAF5, 0xBCEF, 0x972A, 0x96E9, 0x9709, 0x8EC9, 0x972A, 0x8EC9,
    0x86C9, 0x7E6A, 0x6E09, 0x764A, 0x7E89, 0x7E29, 0x45ED, 0x356D, 0x354D, 0x46B0, 0x362F, 0x356D,
    0x358D, 0x358D, 0x358D, 0x354D, 0x2409, 0x2C6B, 0x2409, 0x240A, 0x8E88, 0x96C9, 0x8EC9, 0x974A,
    0x9F8A, 0x8EC9, 0x8648, 0x8EA9, 0x8669, 0x75E8, 0x6DC8, 0x75E9, 0x6DA8, 0x75C8, 0x75C8, 0x7E08,
    0x7DE8, 0x7DE8, 0x75E7, 0xB46F, 0xD293, 0xDAB4, 0xCA93, 0xD293, 0xC272, 0xD293, 0xEAD5, 0xC272,
    0xC251, 0xE2D5, 0xEAD5, 0xEAF5, 0xF2F6, 0xEAF5, 0xE2D5, 0xF2F6, 0xEAD5, 0xC530, 0x9749, 0x9F6A,
    0x9F8A, 0x8EC9, 0x8688, 0x8689, 0x7E49, 0x7E49, 0x762A, 0x6DC9, 0x75E9, 0x6D88, 0x65CA, 0x35EE,
    0x3E70, 0x3E4F, 0x358D, 0x2D0C, 0x352D, 0x358D, 0x350C, 0x2CCB, 0x2C4B, 0x23C9, 0x240A, 0x7629,
    0x96C9, 0x9F4A, 0x970A, 0x9709, 0x96C9, 0x8E89, 0x8E89, 0x8668, 0x8649, 0x7E08, 0x7609, 0x6DC8,
    0x75C9, 0x75E8, 0x7E09, 0x7E08, 0x8628, 0x7DE8, 0x7DE8, 0xCB91, 0xD293, 0xCA92, 0xD293, 0xD293,
    0xEAD5, 0xE2D4, 0xC272, 0xE2D4, 0xC272, 0xDAB4, 0xE2D5, 0xEAD5, 0xF316, 0xE2D5, 0xFB17, 0xEAD5,
    0xEAD5, 0x842A, 0x970A, 0x9729, 0xA78A, 0x9F8A, 0x8EA9, 0x75C8, 0x7E49, 0x7609, 0x6DE9, 0x75E9,
    0x6DC8, 0x75C8, 0x7E08, 0x56AE, 0x35CE, 0x352C, 0x35AD, 0x354D, 0x2D2C, 0x358D, 0x2D0C, 0x2CEC,
    0x2409, 0x23C9, 0x3C89, 0x9709, 0x9729, 0x9F4A, 0x8EA8, 0x8EC9, 0x8688, 0x8648, 0x8628, 0x8648,
    0x75E8, 0x75E8, 0x6DC8, 0x75E9, 0x75E8, 0x7609, 0x7608, 0x7E28, 0x7E08, 0x7E08, 0x7DE8, 0xEAF6,
    0xCA72, 0xCA92, 0xE2D5, 0xC272, 0xD2B3, 0xCA72, 0xCA93, 0xE2D4, 0xCA93, 0xDAB4, 0xDAB4, 0xFB17,
    0xEAD5, 0xEAF5, 0xFB17, 0xEAF5, 0xE2D4, 0x6D06, 0x5CA6, 0x8EA9, 0x8EC9, 0x96E9, 0x8668, 0x7E08,
    0x6D68, 0x6DA8, 0x6DE9, 0x6DA8, 0x75C8, 0x6D88, 0x7567, 0x7587, 0x4E2D, 0x3E6F, 0x3E2F, 0x35EE,
    0x3DAE, 0x356D, 0x354D, 0x2CAB, 0x2C6B, 0x244A, 0x7E6A, 0x9F4A, 0x970A, 0x96E9, 0x8EA9, 0x8689,
    0x8628, 0x8648, 0x8EA9, 0x8669, 0x7E29, 0x75E8, 0x75E9, 0x75E9, 0x7E29, 0x7E29, 0x8669, 0x8689,
    0x8669, 0x8648, 0xA56C, 0xF2F6, 0xD293, 0xE2D4, 0xDAB4, 0xCA72, 0xD293, 0xC272, 0xFB38, 0xE2D5,
    0xDAB4, 0xDAB4, 0xEAF5, 0xFB58, 0xDAD4, 0xFB17, 0xF2F6, 0xEAF5, 0xD3B2, 0x75A7, 0x7547, 0x6D06,
    0x8E89, 0x96E9, 0x8EA9, 0x7E08, 0x7609, 0x6DA9, 0x6DC9, 0x6D88, 0x75E8, 0x7DE8, 0x75C7, 0x7E08,
    0x6E09, 0x3E0F, 0x35CE, 0x35AE, 0x358D, 0x35AE, 0x2D0C, 0x2CAB, 0x2CAB, 0x4D6B, 0x9F69, 0x9F6A,
    0x9F6A, 0x8E89, 0x8648, 0x8669, 0x7E28, 0x8E89, 0x8EA8, 0x8689, 0x7E48, 0x7E09, 0x6DA8, 0x75E9,
    0x7629, 0x8669, 0x7E48, 0x8689, 0x8668, 0x8EA9, 0xBCCF, 0xEAF5, 0xE2D5, 0xE2D4, 0xEAF5, 0xEAF5,
    0xD2B3, 0xFB17, 0xFB58, 0xF316, 0xF2F6, 0xFB37, 0xFB17, 0xFB38, 0xEAD5, 0xFB17, 0xE2D5, 0xF2F6,
    0xAC2E, 0x7567, 0x75A7, 0x7DE8, 0x7587, 0x7DE8, 0x7E48, 0x7E28, 0x75E9, 0x75E9, 0x75E9, 0x7609,
    0x75E9, 0x6D67, 0x75A8, 0x7DE8, 0x8608, 0x6DEA, 0x3DCE, 0x3E0E, 0x3DEF, 0x358D, 0x354D, 0x2C8B,
    0x2C4A, 0x7E6A, 0x96E9, 0x8EE9, 0x96C9, 0x9709, 0x8E89, 0x8668, 0x8629, 0x8689, 0x8669, 0x8689,
    0x8689, 0x7E49, 0x7E29, 0x7E49, 0x868A, 0x86C9, 0x8EEA, 0x8EC9, 0x8EA9, 0x8EE9, 0xCD10, 0xF316,
    0xF316, 0xF316, 0xFB37, 0xEAF5, 0xEAF5, 0xFB58, 0xFB58, 0xF316, 0xFB17, 0xEAF6, 0xFB38, 0xF2F6,
    0xFB37, 0xFB38, 0xF316, 0xEAD5, 0xB46F, 0x7DC7, 0x7DC8, 0x7DE7, 0x8608, 0x7DE8, 0x7DC8, 0x7E28,
    0x6DC8, 0x6DA8, 0x6DA8, 0x7609, 0x6DA7, 0x7E28, 0x7E28, 0x7567, 0x64C6, 0x7587, 0x5D48, 0x35AD,
    0x358D, 0x354D, 0x2D2C, 0x2CAB, 0x246A, 0x8648, 0x8668, 0x8E89, 0x8688, 0x8668, 0x8EA8, 0x9F6A,
    0x7E08, 0x8669, 0x7E08, 0x8649, 0x7E48, 0x8689, 0x7EAA, 0x86CA, 0x86E9, 0x972A, 0x8F29, 0x972A,
    0x9729, 0x8EE9, 0xFB59, 0xFB58, 0xFB38, 0xF2F6, 0xDAB3, 0xEAF5, 0xFB79, 0xFB79, 0xF337, 0xFB9A,
    0xFB37, 0xEB16, 0xFB37, 0xF316, 0xFB38, 0xFB37, 0xEAF5, 0xEAF5, 0x7DE7, 0x7587, 0x75A7, 0x7587,
    0x7587, 0x7DC8, 0x75E8, 0x75E8, 0x8669, 0x7609, 0x7609, 0x7E29, 0x7DE8, 0x7E08, 0x8E89, 0x7E28,
    0x8628, 0x8688, 0x8608, 0x4DED, 0x358D, 0x2D2C, 0x354D, 0x2CCB, 0x5DCB, 0x8688, 0x8E69, 0x7DE8,
    0x7DE8, 0x8648, 0x8EA9, 0x8EA9, 0x96E9, 0x8EE9, 0x8EA9, 0x8669, 0x8669, 0x7609, 0x7E4A, 0x7E8A,
    0x8ECA, 0x8F0A, 0x974A, 0x9F6A, 0x9F6A, 0x9729, 0xFB38, 0xF337, 0xF316, 0xE2D5, 0xF316, 0xFB79,
    0xFB79, 0xFB79, 0xFB58, 0xFB79, 0xFB9A, 0xFB59, 0xFB79, 0xEAF5, 0xFB58, 0xEAF6, 0xEAF6, 0xEAF5,
    0x7587, 0x6D47, 0x7DE8, 0x6D27, 0x7DC8, 0x8628, 0x7E29, 0x75E8, 0x7609, 0x7629, 0x6DA8, 0x75A8,
    0x7E28, 0x8628, 0x8688, 0x8628, 0x7DE8, 0x8E69, 0x7DE8, 0x7E08, 0x458B, 0x350C, 0x358D, 0x352C,
    0x8648, 0x8669, 0x8EE9, 0x9709, 0x8EE9, 0x96E9, 0x8688, 0x7E08, 0x7E08, 0x8648, 0x86A9, 0x8EEA,
    0x86A9, 0x7E09, 0x6D88, 0x7609, 0x86A9, 0x8ECA, 0x8EC9, 0x9FAA, 0x9FAA, 0xB66D, 0xDAD4, 0xFB58,
    0xFB38, 0xFB99, 0xFB99, 0xFB79, 0xFB79, 0xFBBA, 0xFB99, 0xFBBB, 0xFB79, 0xFBBA, 0xFB58, 0xFB38,
    0xFB37, 0xF316, 0xE2D4, 0xD3B2, 0x7587, 0x7567, 0x7E08, 0x8648, 0x75C7, 0x75A8, 0x75A7, 0x6527,
    0x75C9, 0x6568, 0x6D68, 0x6D67, 0x7E29, 0x8628, 0x8648, 0x8668, 0x96C9, 0x8648, 0x8EC9, 0x8E89,
    0x8EC9, 0x456B, 0x352C, 0x4DCC, 0x8EC9, 0x8668, 0x8649, 0x8689, 0x8EA9, 0x96E9, 0x96E9, 0x8EA9,
    0x8EC9, 0x8648, 0x7E08, 0x7608, 0x75E9, 0x7E8A, 0x8F0B, 0x86EA, 0x9FCB, 0x972A, 0x8EA9, 0x972A,
    0x972A, 0xCD71, 0xF316, 0xFB37, 0xFB9A, 0xFBBB, 0xFB79, 0xFB79, 0xFBBB, 0xFBBB, 0xFBDB, 0xFB79,
    0xFB79, 0xFBDB, 0xFB37, 0xFB58, 0xFB58, 0xE2F5, 0xE2F5, 0xB46E, 0x7DA8, 0x6D47, 0x75A8, 0x6D47,
    0x7DA8, 0x6D47, 0x7588, 0x6527, 0x6547, 0x6D68, 0x6DC8, 0x6D88, 0x75E8, 0x8EA9, 0x75C7, 0x8628,
    0x9F8A, 0x8EC9, 0x8EE9, 0xAFEB, 0x8F09, 0x972A, 0x8F09, 0x96E9, 0x8F09, 0x96E9, 0x8EE9, 0x972A,
    0x8668, 0x7E08, 0x7E28, 0x8669, 0x8688, 0x8E89, 0x7E48, 0x8689, 0x86A9, 0x7609, 0x6548, 0x7609,
    0x8EE9, 0x86A9, 0x8648, 0x8EE9, 0x86A9, 0xBCCF, 0xDAD4, 0xEAF5, 0xF336, 0xFB79, 0xF378, 0xFBDB,
    0xFB78, 0xFBBA, 0xFB78, 0xEB16, 0xE316, 0xFB79, 0xE316, 0xFB99, 0xFB37, 0xE2D5, 0xE2F4, 0xC550,
    0x7E48, 0x64C6, 0x6D26, 0x64E6, 0x6506, 0x6D47, 0x6D67, 0x6D27, 0x6D68, 0x7609, 0x7E4A, 0x6D88,
    0x8649, 0x7E08, 0x96E9, 0xAFEB, 0x9F8A, 0x9F6A, 0xA78B, 0x9F6A, 0xAFEB, 0xA7EB, 0x9F8A, 0x8EE9,
    0x8689, 0x9709, 0x8E89, 0x8689, 0x8669, 0x8EE9, 0x96EA, 0x8EC9, 0x8669, 0x75A7, 0x8649, 0x86C9,
    0x86AA, 0x7629, 0x75C9, 0x6DA8, 0x75A8, 0x6D87, 0x7DE8, 0x974A, 0x96EA, 0xEAF5, 0xFB37, 0xFB37,
    0xF316, 0xFB58, 0xFB78, 0xFB99, 0xFB9A, 0xFB99, 0xFBBA, 0xF337, 0xF399, 0xF3BA, 0xFB57, 0xFB58,
    0xFB37, 0xEAF5, 0xF316, 0x7DE8, 0x8628, 0x64E6, 0x6D07, 0x64C6, 0x6D27, 0x64C6, 0x6D07, 0x64E7,
    0x6DC8, 0x7629, 0x6DC8, 0x6D68, 0x7E48, 0x8649, 0x976A, 0x972A, 0x9729, 0x9F4A, 0xA7EB, 0x972A,
    0x972A, 0x9F8A, 0x9FAA, 0x8EC9, 0x8EC9, 0x972A, 0x8EE9, 0x8648, 0x8628, 0x8649, 0x7E08, 0x8628,
    0x8EA9, 0x8EA9, 0x8669, 0x75C8, 0x6D68, 0x6D88, 0x5D27, 0x6528, 0x5CC6, 0x7588, 0x7E08, 0x8EA9,
    0x976A, 0xE2F5, 0xDAD4, 0xFB37, 0xEB16, 0xFB58, 0xFB78, 0xFBBA, 0xEB99, 0xFBBA, 0xFB9A, 0xF378,
    0xFBBB, 0xFBBA, 0xF316, 0xFB58, 0xF316, 0xF316, 0xDAD4, 0x8628, 0x8EC9, 0x7DC8, 0x5CA6, 0x6D47,
    0x7567, 0x7DE8, 0x6D67, 0x6D48, 0x6D48, 0x6568, 0x7E09, 0x75E8, 0x9F6A, 0x9F8A, 0xA7AB, 0x9729,
    0x9F6A, 0x9F8A, 0xB7EC, 0xA7EA, 0x9F6A, 0x9709, 0x8669, 0x9709, 0x970A, 0x8EA9, 0x96EA, 0x8668,
    0x96CA, 0x8EA9, 0x8649, 0x8668, 0x8669, 0x7E28, 0x7E09, 0x75C8, 0x7E4A, 0x6DA9, 0x5CE7, 0x5486,
    0x5CA7, 0x6D47, 0x7DC8, 0x8648, 0x8EA9, 0xE2F5, 0xEAF5, 0xEAF5, 0xFB99, 0xFBBA, 0xFB9A, 0xEB57,
    0xFB9A, 0xFB79, 0xFBDB, 0xFBFC, 0xFC5F, 0xFB99, 0xF337, 0xFB99, 0xF316, 0xEB15, 0xF316, 0x8668,
    0x9F8A, 0x8EA9, 0x6D07, 0x5C66, 0x7547, 0x75A8, 0x6D48, 0x5CC7, 0x6DC8, 0x6DA8, 0x7608, 0x7E29,
    0x86A9, 0x96E9, 0x8EE9, 0x970A, 0x974A, 0x8EC9, 0x8F09, 0x974A, 0x974A, 0x970A, 0x9729, 0x8EC9,
    0x8688, 0x972A, 0x8EA9, 0x8EC9, 0x8688, 0x7E28, 0x7E28, 0x8649, 0x7E08, 0x7DE8, 0x7628, 0x6D68,
    0x5CE7, 0x54A7, 0x5466, 0x5446, 0x5C86, 0x5C86, 0x5CC6, 0x64E7, 0x75A7, 0xE2F5, 0xF316, 0xFB57,
    0xEB16, 0xFB99, 0xFB99, 0xF379, 0xF378, 0xFB58, 0xFB78, 0xFBDB, 0xFB99, 0xFB78, 0xFB37, 0xF316,
    0xF336, 0xF336, 0xE2F4, 0x6D47, 0x7DE7, 0x6D47, 0x5405, 0x5405, 0x64C6, 0x5C86, 0x5CC6, 0x5CA7,
    0x75C9, 0x6DE8, 0x7E49, 0x7E49, 0x972A, 0x976A, 0x8EC9, 0x8689, 0x9F6A, 0x9FAA, 0xA7EB, 0xAFEB,
    0x972A, 0x8EE9, 0x96EA, 0x972A, 0x972A, 0x8689, 0x970A, 0x8669, 0x8649, 0x8668, 0x8649, 0x8668,
    0x8689, 0x7587, 0x7E29, 0x6D88, 0x6DA9, 0x5D27, 0x6508, 0x5CA6, 0x5C86, 0x64E7, 0x7568, 0x8648,
    0xBC8F, 0xF316, 0xFB78, 0xFB37, 0xFB78, 0xFB99, 0xFB78, 0xFB78, 0xFBBA, 0xFB9A, 0xFB99, 0xFB99,
    0xFB99, 0xF336, 0xFB78, 0xF316, 0xF336, 0xEB15, 0xA3CE, 0x5C66, 0x64C7, 0x5425, 0x5C46, 0x4BA5,
    0x5C46, 0x5CC6, 0x6507, 0x5C86, 0x6DC8, 0x6D88, 0x75E8, 0x7E49, 0x8F09, 0x974A, 0x974A, 0x8EC9,
    0x974A, 0x8EA9, 0x9F8A, 0x8EE9, 0x86A9, 0x8E89, 0x8689, 0x8EE9, 0x7E48, 0x8E89, 0x86A9, 0x8669,
    0x8689, 0x8649, 0x75E7, 0x7E08, 0x7E08, 0x7DE8, 0x75C8, 0x6D88, 0x5CE7, 0x5CE8, 0x6568, 0x5CE7,
    0x6D47, 0x8649, 0x7E08, 0x8669, 0xAC2E, 0xD2B3, 0xEAF5, 0xFB57, 0xEB16, 0xF357, 0xFB57, 0xFB78,
    0xFB99, 0xFB78, 0xFB99, 0xFB57, 0xFB78, 0xFB37, 0xFB57, 0xE2F5, 0xF336, 0xF336, 0x9BCD, 0x64C6,
    0x5C86, 0x53C5, 0x5405, 0x53E5, 0x5445, 0x64E7, 0x6547, 0x5CE7, 0x7E6A, 0x6D68, 0x75E9, 0x8F0A,
    0x8ECA, 0x8EE9, 0x8ECA, 0x7E08, 0x8669, 0x8EC9, 0x970A, 0x974A, 0x8EA9, 0x9F6A, 0x8ECA, 0x8EE9,
    0x8669, 0x8649, 0x8649, 0x75C8, 0x8E89, 0x7E28, 0x8669, 0x7E28, 0x8669, 0x75C8, 0x7E09, 0x6DA8,
    0x6548, 0x6548, 0x5CE8, 0x5CC7, 0x7E09, 0x75C8, 0x7E08, 0x7E08, 0xBC8F, 0xF336, 0xF336, 0xEB15,
    0xFB57, 0xFB37, 0xFB57, 0xFB78, 0xFBBA, 0xF357, 0xFBB9, 0xFB78, 0xF336, 0xF336, 0xF336, 0xF336,
    0xFB57, 0xEB15, 0xA3CD, 0x64E6, 0x6D27, 0x64C6, 0x6CE7, 0x5C86, 0x64A7, 0x5CC6, 0x5CA7, 0x5CE7,
    0x7609, 0x75E9, 0x7E69, 0x8689, 0x8689, 0x8689, 0x8689, 0x8669, 0x8668, 0x8EC9, 0x8F09, 0x8EA9,
    0x8648, 0x8649, 0x7E48, 0x8669, 0x8689, 0x8689, 0x8648, 0x8EA9, 0x7E28, 0x7E08, 0x75C8, 0x8649,
    0x75C7, 0x7E29, 0x6D67, 0x6DA8, 0x6548, 0x6568, 0x5D27, 0x6548, 0x6D67, 0x6D27, 0x6D47, 0x7E28,
    0xB46E, 0xF316, 0xE2F5, 0xEB15, 0xFB78, 0xFB58, 0xF336, 0xFB78, 0xFB58, 0xF336, 0xFB57, 0xF336,
    0xEB15, 0xF336, 0xEB15, 0xFB36, 0xF336, 0xEB15, 0x9BED, 0x7587, 0x7587, 0x7567, 0x6D27, 0x64A6,
    0x5C86, 0x6507, 0x5CA6, 0x5CE7, 0x7609, 0x75E8, 0x75E9, 0x75C8, 0x8669, 0x8669, 0x8E89, 0x8689,
    0x8EEA, 0x8668, 0x8629, 0x8EE9, 0x8E89, 0x7E28, 0x8689, 0x7E28, 0x8E89, 0x7E08, 0x8669, 0x7E28,
    0x8629, 0x7E28, 0x8669, 0x8648, 0x7588, 0x7E08, 0x6D88, 0x6527, 0x5CE8, 0x54C7, 0x6548, 0x64E7,
    0x6507, 0x64E6, 0x7567, 0x6D67, 0xB44F, 0xF336, 0xEB15, 0xEB15, 0xF336, 0xEAF5, 0xFB37, 0xFB78,
    0xFB57, 0xF336, 0xFB99, 0xE2F4, 0xFB57, 0xEB15, 0xFB57, 0xF336, 0xD2D3, 0xDAD3, 0x9BED, 0x7587,
    0x7588, 0x6D47, 0x64C7, 0x5C66, 0x64C7, 0x64E7, 0x6D48, 0x5CE7, 0x6DA8, 0x75C8, 0x6D88, 0x8689,
    0x7E08, 0x8649, 0x75C8, 0x75C8, 0x86A9, 0x7E28, 0x8668, 0x8689, 0x8689, 0x8E89, 0x8689, 0x8649,
    0x7E48, 0x7E28, 0x75C7, 0x8649, 0x8668, 0x7E08, 0x7E48, 0x8689, 0x8648, 0x7E09, 0x6D88, 0x5CE7,
    0x5CE7, 0x5CC7, 0x54A7, 0x6507, 0x5CC6, 0x64A6, 0x5C86, 0x5C86, 0x9BAD, 0xE2F5, 0xE2F4, 0xE2F5,
    0xF336, 0xFB37, 0xFB57, 0xFB57, 0xDAD4, 0xEB15, 0xF336, 0xF357, 0xFB78, 0xFB78, 0xF316, 0xD2D3,
    0xCAB2, 0xD2B3, 0x9BEC, 0x7587, 0x6506, 0x5C86, 0x5C86, 0x5C66, 0x5CC6, 0x6527, 0x6527, 0x6528,
    0x760A, 0x75E9, 0x7E09, 0x8669, 0x7E08, 0x8689, 0x8649, 0x75E8, 0x7E08, 0x7E08, 0x7E08, 0x7E28,
    0x7E29, 0x8649, 0x7E08, 0x8648, 0x8629, 0x8648, 0x8629, 0x75C8, 0x7E09, 0x7DE8, 0x7E08, 0x7E08,
    0x7DE8, 0x75A8, 0x75C8, 0x6DA8, 0x6568, 0x5CE8, 0x6D68, 0x6568, 0x64E7, 0x6D27, 0x5C86, 0x5C66,
    0xA3AE, 0xEB15, 0xE2F5, 0xE2F5, 0xF316, 0xEB15, 0xF336, 0xE2F5, 0xD2B3, 0xE2F5, 0xF336, 0xEB78,
    0xFBBA, 0xFB99, 0xEB36, 0xD2B3, 0xE2F5, 0xCA92, 0x9BED, 0x7587, 0x7567, 0x5CA6, 0x5426, 0x5425,
    0x64C7, 0x5CC7, 0x6508, 0x5D27, 0x6DC8, 0x6DA8, 0x6DA8, 0x75E8, 0x75C7, 0x7E28, 0x8668, 0x8649,
    0x7E08, 0x8649, 0x75E8, 0x8649, 0x7E08, 0x7E28, 0x75A7, 0x7E08, 0x7E28, 0x7E28, 0x7E08, 0x75A8,
    0x75A7, 0x7E08, 0x7E08, 0x7E08, 0x75A7, 0x6D47, 0x6507, 0x6D68, 0x54C7, 0x6548, 0x6528, 0x6528,
    0x5425, 0x5426, 0x5425, 0x4BC5, 0x7389, 0xEB15, 0xDAD3, 0xDAD4, 0xE2F5, 0xDAD4, 0xD2D3, 0xE2F5,
    0xDAD3, 0xE2F4, 0xF336, 0xEB15, 0xFB57, 0xF315, 0xD2B3, 0xDAD4, 0xCAB2, 0xD2D3, 0xAB0F, 0x64C6,
    0x6D67, 0x64E6, 0x5CA6, 0x5C66, 0x5CC6, 0x6527, 0x5CE7, 0x6548, 0x6D89, 0x6D88, 0x6D88, 0x7E29,
    0x7E08, 0x7E28, 0x8669, 0x8689, 0x8689, 0x7E28, 0x8689, 0x7E28, 0x8669, 0x7E08, 0x7E29, 0x8649,
    0x8669, 0x8689, 0x7E09, 0x7E28, 0x8649, 0x75A8, 0x7DE8, 0x75C8, 0x7DE8, 0x75A8, 0x75A8, 0x6548,
    0x6568, 0x6DA9, 0x6DA9, 0x6D68, 0x6507, 0x5446, 0x53E5, 0x4BC5, 0x4BC5, 0xDAD4, 0xE2F4, 0xE2F4,
    0xEB16, 0xEB15, 0xFB57, 0xEB36, 0xEB15, 0xEB15, 0xFB57, 0xF336, 0xEB15, 0xD2D3, 0xDAF4, 0xCAB2,
    0xD2D3, 0xDAD3, 0xD2B3, 0x64C6, 0x5C46, 0x5445, 0x64E7, 0x64E6, 0x5CA6, 0x5CC6, 0x6528, 0x5CC7,
    0x6DA8, 0x6DC9, 0x6D88, 0x7E09, 0x75C8, 0x7DE8, 0x7E28, 0x7E08, 0x75A8, 0x8649, 0x7E48, 0x8689,
    0x7E08, 0x8669, 0x7E48, 0x75C8, 0x7E28, 0x8649, 0x7587, 0x7E28, 0x7E28, 0x7DC8, 0x75C7, 0x7DE8,
    0x7E08, 0x7588, 0x6DA8, 0x6D68, 0x5D08, 0x5D08, 0x5D27, 0x6D48, 0x64E7, 0x53E5, 0x4BA5, 0x53E5,
    0x4BC5, 0xEB15, 0xDAD3, 0xE2F5, 0xEB15, 0xFB57, 0xE2F5, 0xF336, 0xF336, 0xDAF4, 0xDAD4, 0xE2F4,
    0xCAB2, 0xCAB2, 0xCAB2, 0xBA71, 0xCAB2, 0xDAD4, 0xD2B3, 0x7587, 0x64C6, 0x5C86, 0x5425, 0x64A6,
    0x5CC6, 0x5C87, 0x5CE7, 0x6548, 0x6DA9, 0x6DA8, 0x7E09, 0x6D67, 0x7E09, 0x7E08, 0x7DC8, 0x7DE8,
    0x8629, 0x8648, 0x8689, 0x7E08, 0x75C8, 0x8689, 0x8649, 0x7E08, 0x7E08, 0x7DE8, 0x75C8, 0x7E08,
    0x7DC8, 0x7DE8, 0x7DE8, 0x7E08, 0x7588, 0x6D68, 0x6D88, 0x7609, 0x6D89, 0x5D08, 0x5CA7, 0x5CC7,
    0x5446, 0x4B85, 0x4BC5, 0x4BC5, 0x53E6, 0xEB15, 0xE2F4, 0xEB15, 0xE2F4, 0xE2F5, 0xDAD4, 0xE2F4,
    0xEB15, 0xEB15, 0xDAF4, 0xD2D3, 0xCAB3, 0xC271, 0xCAB2, 0xDAD4, 0xE2F5, 0xE2F4, 0xE2F4, 0x64E6,
    0x6D27, 0x7587, 0x7588, 0x5C86, 0x5C86, 0x5C86, 0x6507, 0x5CE7, 0x6DA8, 0x6DC9, 0x75E8, 0x75A8,
    0x7608, 0x7E08, 0x75C8, 0x7E08, 0x75C7, 0x7E28, 0x75C8, 0x7E29, 0x7E28, 0x7E28, 0x75C8, 0x8649,
    0x8668, 0x7DE8, 0x6D67, 0x8649, 0x75C8, 0x75C8, 0x75A7, 0x7DE8, 0x6D87, 0x75E8, 0x6D88, 0x6D88,
    0x5D07, 0x5CE8, 0x6548, 0x4C06, 0x43A5, 0x5C66, 0x4BA5, 0x4B85, 0x4BA4, 0xC371, 0xDAD3, 0xE2F5,
    0xDAD4, 0xD2B3, 0xDAD3, 0xF316, 0xF315, 0xF336, 0xDAD4, 0xCAB2, 0xCAB2, 0xCAB3, 0xCAB3, 0xCAB3,
    0xDAD4, 0xDAF4, 0xCA92, 0x848A, 0x6506, 0x7567, 0x5CC6, 0x64A6, 0x5C86, 0x5C86, 0x6527, 0x6D88,
    0x6D68, 0x6D68, 0x6D88, 0x75A8, 0x7E09, 0x7E28, 0x8689, 0x7E28, 0x7E08, 0x7E08, 0x8669, 0x8669,
    0x8689, 0x7E48, 0x8E89, 0x7E08, 0x8689, 0x7E48, 0x7588, 0x8689, 0x7E28, 0x7DE8, 0x7DE8, 0x7E08,
    0x7E08, 0x6527, 0x7E09, 0x6528, 0x6508, 0x5D08, 0x5CA7, 0x4BC5, 0x4BC6, 0x5425, 0x5C46, 0x5405,
    0x64C7, 0x9BCD, 0xDAF4, 0xE2F4, 0xEB15, 0xDAD4, 0xEB15, 0xF336, 0xFB57, 0xE2F4, 0xEB15, 0xE2F4,
    0xDAD4, 0xE2F4, 0xDAD4, 0xD2B3, 0xE2F4, 0xE2F4, 0xFB57, 0xAC2E, 0x75A8, 0x6D27, 0x6D27, 0x6D27,
    0x7588, 0x6527, 0x6507, 0x6568, 0x6548, 0x6DA8, 0x6D68, 0x6D68, 0x75E8, 0x8629, 0x7E28, 0x8689,
    0x7E28, 0x8689, 0x7E08, 0x7E28, 0x75C8, 0x7E08, 0x7E48, 0x7E08, 0x7E48, 0x7E28, 0x75A7, 0x7DE8,
    0x7E08, 0x7DE8, 0x6D47, 0x75E8, 0x75E8, 0x75A8, 0x6D67, 0x6507, 0x6528, 0x5D08, 0x5486, 0x5446,
    0x5466, 0x5446, 0x5C86, 0x6507, 0x64E7, 0x9BED, 0xD2B3, 0xD2B3, 0xD2B3, 0xE2F5, 0xF315, 0xEB15,
    0xDAD3, 0xE2F4, 0xE2F4, 0xDAF4, 0xD2D3, 0xF336, 0xD2B3, 0xD2B3, 0xD2B3, 0xF336, 0xD2D3, 0xAC0E,
    0x6D67, 0x7588, 0x5C86, 0x6D27, 0x7587, 0x75A8, 0x6527, 0x6507, 0x6DC9, 0x6548, 0x7E29, 0x7E29,
    0x75C8, 0x7E28, 0x8669, 0x7E28, 0x7DC8, 0x7E28, 0x7DE8, 0x75C8, 0x8649, 0x7E28, 0x7DE8, 0x8669,
    0x8669, 0x8689, 0x8629, 0x8689, 0x8689, 0x8648, 0x7E08, 0x75C8, 0x7DE8, 0x75C8, 0x6D68, 0x6507,
    0x6528, 0x5CE8, 0x6528, 0x5466, 0x5CC7, 0x5C86, 0x64E7, 0x5C86, 0x7568, 0x6D47, 0xD2D3, 0xD2D3,
    0xDAD4, 0xF336, 0xF336, 0xE2F4, 0xE2F5, 0xEB15, 0xF336, 0xDAD4, 0xF316, 0xE2F4, 0xDAD4, 0xEB15,
    0xEAF5, 0xDAD4, 0xE2F5, 0xE2F4, 0x7567, 0x6D27, 0x6D07, 0x6507, 0x75A8, 0x75A8, 0x75A8, 0x6507,
    0x6588, 0x6D68, 0x75E8, 0x7E49, 0x7E28, 0x7E28, 0x75A7, 0x7588, 0x75C8, 0x7DE8, 0x8668, 0x7E28,
    0x8688, 0x8648, 0x7E28, 0x8669, 0x7E28, 0x8689, 0x7E28, 0x8669, 0x7E08, 0x8EA9, 0x8668, 0x7E08,
    0x7E08, 0x75C8, 0x75E8, 0x75C8, 0x6548, 0x5CE8, 0x5CE7, 0x6548, 0x64E7, 0x5C86, 0x7587, 0x6D07,
    0x6D47, 0x7E08, 0xD2B3, 0xDAD4, 0xDAD3, 0xEB15, 0xD2B3, 0xE2F5, 0xDAD4, 0xF316, 0xE2F4, 0xF316,
    0xD2B3, 0xDAF4, 0xE2F4, 0xF336, 0xDAD4, 0xE2F4, 0xEAF5, 0xE2F4, 0x6D47, 0x64A6, 0x64E6, 0x6D07,
    0x6506, 0x64E7, 0x6D67, 0x6D48, 0x6D89, 0x7609, 0x75C9, 0x75C8, 0x75C8, 0x7E48, 0x8649, 0x75A8,
    0x7E08, 0x75C8, 0x75A8, 0x7DE8, 0x7588, 0x7DE8, 0x8EA9, 0x8EE9, 0x8ECA, 0x970A, 0x972A, 0x8648,
    0x7E08, 0x75C8, 0x8669, 0x7DE8, 0x7E08, 0x75A8, 0x75A8, 0x6548, 0x6DA9, 0x6588, 0x6D69, 0x5CE7,
    0x6D48, 0x6D47, 0x7588, 0x6D47, 0x7568, 0x6D27, 0xBB70, 0xC271, 0xD2B3, 0xD2B3, 0xE2F5, 0xD2D3,
    0xEB16, 0xEAF5, 0xE2F5, 0xE2F4, 0xEB15, 0xEB15, 0xEB15, 0xDAF4, 0xEB16, 0xEB15, 0xEB15, 0xE2F5,
    0x8C8A, 0x64A6, 0x6D27, 0x7587, 0x6D47, 0x6D87, 0x6D48, 0x6D68, 0x5D28, 0x7609, 0x6D88, 0x7E49,
    0x7E28, 0x8689, 0x7E48, 0x75A8, 0x75C8, 0x7568, 0x75A7, 0x7588, 0x75C8, 0x7E08, 0x7E28, 0x7E29,
    0x86A9, 0x9F8B, 0x8F09, 0x8649, 0x8689, 0x8669, 0x8668, 0x7E29, 0x7E08, 0x75A8, 0x6D67, 0x6D68,
    0x6527, 0x6548, 0x6548, 0x6D68, 0x6D68, 0x6D47, 0x75A7, 0x6D27, 0x75C8, 0x7588, 0x9C0C, 0xB250,
    0xE2D4, 0xDAD4, 0xDAD3, 0xE2F4, 0xE2F4, 0xF316, 0xE2F5, 0xEB15, 0xEB15, 0xFB57, 0xF336, 0xE2F5,
    0xEB15, 0xEB15, 0xE2F5, 0xE2F4, 0xAC4E, 0x6D47, 0x6D47, 0x7547, 0x64E6, 0x6D47, 0x6D67, 0x6D88,
    0x6D89, 0x6568, 0x75E9, 0x6548, 0x7E09, 0x7DE8, 0x7DC8, 0x75C8, 0x7DE8, 0x6D47, 0x75C8, 0x6D67,
    0x8649, 0x7DE8, 0x7DC8, 0x6D67, 0x8649, 0x9709, 0x8EC9, 0x8689, 0x970A, 0x8648, 0x7DE8, 0x7E08,
    0x7DC8, 0x75E8, 0x75A8, 0x6507, 0x75C9, 0x6D68, 0x6508, 0x6527, 0x6D28, 0x6D88, 0x7DE8, 0x7E08,
    0x7568, 0x75A8, 0x93EC, 0xAA30, 0xD2B3, 0xCA92, 0xEB15, 0xE2F4, 0xF336, 0xF316, 0xF316, 0xEB15,
    0xFB36, 0xEB16, 0xEAF5, 0xE2F4, 0xF336, 0xE2F5, 0xE2F5, 0xE2F4, 0xB46F, 0x6D47, 0x6CE7, 0x7567,
    0x7588, 0x6D27, 0x7E09, 0x6DA8, 0x6DC8, 0x6DA9, 0x6568, 0x6D48, 0x5CA6, 0x64C7, 0x75C8, 0x7DC8,
    0x6D87, 0x75A7, 0x7E08, 0x7DE8, 0x75E8, 0x8689, 0x7E08, 0x7DC8, 0x8668, 0x8EE9, 0x8689, 0x8689,
    0x8668, 0x86A9, 0x7587, 0x8649, 0x64C6, 0x6D67, 0x6D67, 0x75A8, 0x7629, 0x6528, 0x5CE7, 0x6D68,
    0x6527, 0x6D47, 0x6D87, 0x7DE8, 0x75A7, 0x75A8, 0x6D67, 0xB250, 0xC271, 0xCA92, 0xEAF5, 0xE2F4,
    0xF316, 0xEB15, 0xEB15, 0xF336, 0xF316, 0xE2F4, 0xE2F5, 0xEB15, 0xEB15, 0xEAF5, 0xDAD4, 0xFB37,
    0xDAD3, 0x7567, 0x7587, 0x8628, 0x6D87, 0x75C8, 0x6D87, 0x7E29, 0x6D88, 0x6548, 0x75C9, 0x5D07,
    0x5CA7, 0x5CA6, 0x7588, 0x75A7, 0x7E28, 0x7DE8, 0x8649, 0x7E08, 0x7E08, 0x7DE8, 0x7DC8, 0x7E08,
    0x8669, 0x8689, 0x8669, 0x7E28, 0x8669, 0x8648, 0x7DE8, 0x7E08, 0x5C86, 0x64C6, 0x6D07, 0x6D47,
    0x75A8, 0x6D88, 0x6548, 0x6528, 0x6D68, 0x6D67, 0x75A8, 0x75A7, 0x75A8, 0x6D67, 0x75A8, 0xD2B3,
    0xD2B3, 0xD2B3, 0xE2D4, 0xF316, 0xEB15, 0xF316, 0xEB15, 0xF336, 0xF336, 0xE2F4, 0xEB16, 0xEAF5,
    0xEB15, 0xF316, 0xFB57, 0xE2D4, 0xEAF5, 0x7DE8, 0x8649, 0x8628, 0x8628, 0x8668, 0x7E29, 0x6DA8,
    0x6527, 0x6508, 0x6568, 0x6DA8, 0x64E7, 0x7588, 0x6506, 0x6D67, 0x7587, 0x7E28, 0x75A7, 0x7E28,
    0x7DE8, 0x8649, 0x6D67, 0x75A8, 0x8689, 0x8EA9, 0x75C7, 0x75A8, 0x7DE8, 0x7DE8, 0x75E8, 0x8669,
    0x7587, 0x64E7, 0x6506, 0x64C7, 0x6D68, 0x6DC9, 0x6548, 0x6548, 0x6547, 0x75A8, 0x6DA7, 0x75A8,
    0x7E08, 0x7E08, 0x7E48, 0xBBB0, 0xC292, 0xDAD4, 0xEAF5, 0xE2F4, 0xF336, 0xFB37, 0xF316, 0xF336,
    0xE2F5, 0xF316, 0xE2F5, 0xFB37, 0xF315, 0xF316, 0xDAD4, 0xEAF5, 0xE2F4, 0x9D6B, 0x8EC9, 0x9709,
    0x8EE9, 0x8E89, 0x7E48, 0x7E29, 0x64E7, 0x6528, 0x6DA9, 0x6D88, 0x7588, 0x75C8, 0x7DC8, 0x7DC8,
    0x7567, 0x6D47, 0x75A8, 0x75A7, 0x7DE8, 0x7587, 0x6D47, 0x75C8, 0x96EA, 0x8689, 0x8EEA, 0x8648,
    0x8649, 0x8649, 0x8669, 0x7E08, 0x8649, 0x64E6, 0x6D07, 0x6527, 0x6D28, 0x6548, 0x6D69, 0x6548,
    0x6D88, 0x6D68, 0x7588, 0x6D67, 0x75A8, 0x7587, 0x8608, 0xA48D, 0xD2B3, 0xD2B3, 0xEB16, 0xEAF5,
    0xFB37, 0xFB57, 0xF316, 0xFB36, 0xEAF5, 0xEAF5, 0xF336, 0xF316, 0xE2F5, 0xE2D4, 0xEB15, 0xEB15,
    0xE2F5, 0xBCCF, 0x8669, 0x8EA9, 0x8EA9, 0x8EE9, 0x8649, 0x7608, 0x5CE7, 0x5D07, 0x5CC7, 0x6D68,
    0x6D88, 0x6D88, 0x8668, 0x7DC8, 0x7587, 0x6D27, 0x7587, 0x64E6, 0x6D47, 0x75A7, 0x7E28, 0x8EC9,
    0x8F09, 0x9709, 0x8648, 0x7DE8, 0x75A7, 0x7567, 0x7DE8, 0x75C8, 0x75C7, 0x6D27, 0x64E6, 0x6D47,
    0x6527, 0x6D48, 0x6547, 0x6548, 0x6527, 0x75C8, 0x75A8, 0x7E08, 0x7587, 0x7DE8, 0x7E08, 0xA44D,
    0xCA92, 0xD2B3, 0xF316, 0xEAF5, 0xEAF5, 0xFB37, 0xE2F4, 0xF316, 0xF316, 0xF336, 0xF316, 0xEAF5,
    0xDAB3, 0xF316, 0xFB36, 0xE2D4, 0xEAF5, 0xBCCF, 0x8668, 0x7E08, 0x8648, 0x8EE9, 0x7E28, 0x7E29,
    0x6528, 0x5CE7, 0x6548, 0x6D68, 0x6D68, 0x75A8, 0x8EA9, 0x7E08, 0x7DC8, 0x6D47, 0x7567, 0x6D67,
    0x7567, 0x6D67, 0x7E08, 0x8668, 0x8EC9, 0x974A, 0x8EC9, 0x8EC9, 0x96E9, 0x8668, 0x7E08, 0x7587,
    0x7DE8, 0x6D47, 0x7E08, 0x75A8, 0x6D48, 0x6527, 0x6D68, 0x6548, 0x6D68, 0x6507, 0x7DE9, 0x7567,
    0x7E08, 0x75C7, 0x7588, 0x952B, 0xD2B3, 0xEAF5, 0xF316, 0xE2D4, 0xF316, 0xF316, 0xF316, 0xEB15,
    0xFB37, 0xEB16, 0xEAF5, 0xE2D4, 0xFB37, 0xFB37, 0xEAF5, 0xF316, 0xEAF5, 0xC391, 0x8E69, 0x7DC7,
    0x75A8, 0x8628, 0x8649, 0x7E28, 0x75E8, 0x6508, 0x6548, 0x7E49, 0x6D67, 0x7588, 0x6D67, 0x75A8,
    0x75A7, 0x7588, 0x6D67, 0x6D47, 0x75C8, 0x7DC8, 0x7587, 0x7DE8, 0x8EA9, 0x970A, 0x8EC9, 0x9F6A,
    0x9729, 0x8EA9, 0x7E08, 0x7DC8, 0x6D47, 0x7588, 0x7E08, 0x6D27, 0x6D88, 0x75C8, 0x6DC8, 0x5CE7,
    0x6D88, 0x75C8, 0x6D87, 0x7587, 0x7587, 0x8628, 0x7E28, 0x7DE8, 0xDAD4, 0xE2F5, 0xE2D4, 0xEAF5,
    0xFB37, 0xF316, 0xFB36, 0xFB57, 0xF316, 0xEB15, 0xD2B3, 0xEB15, 0xFB37, 0xF316, 0xEAF5, 0xEAF5,
    0xDAD4, 0xD2B3, 0x7DE7, 0x7DC8, 0x75A7, 0x7DC8, 0x75C7, 0x75C8, 0x6D48, 0x6548, 0x6D68, 0x6548,
    0x75A8, 0x75C8, 0x7588, 0x6D47, 0x7588, 0x7587, 0x75A8, 0x75C7, 0x8649, 0x7DE8, 0x8649, 0x7E28,
    0x8EA9, 0x9729, 0x972A, 0x8EE9, 0x8EC9, 0x8EC9, 0x972A, 0x8EA9, 0x8629, 0x7587, 0x7588, 0x7587,
    0x7588, 0x6D48, 0x75E9, 0x6D88, 0x6D68, 0x7E29, 0x7DE8, 0x7E28, 0x8E89, 0x8628, 0x970A, 0x8EC9,
    0xEB16, 0xE2F5, 0xF316, 0xF316, 0xFB58, 0xFB57, 0xFB36, 0xE2F5, 0xFB37, 0xDAD4, 0xEB15, 0xFB16,
    0xE2F5, 0xE2F5, 0xDAD4, 0xDAD4, 0xBA71, 0xD2B3, 0x7DA8, 0x7587, 0x7DA8, 0x7567, 0x6D47, 0x6D67,
    0x6D67, 0x75C8, 0x6568, 0x6528, 0x5CE7, 0x6D68, 0x6D67, 0x7567, 0x6D47, 0x7587, 0x7587, 0x7DC8,
    0x7E08, 0x7587, 0x7E08, 0x7E08, 0x8668, 0x8E89, 0x8EA9, 0x8EA9, 0x8648, 0x8EE9, 0x8EC9, 0x8628,
    0x8668, 0x8648, 0x7DE8, 0x7DE8, 0x7608, 0x75E8, 0x75E8, 0x7E49, 0x6D88, 0x7E69, 0x8689, 0x8649,
    0x7E28, 0x7E28, 0x7DE8, 0x9709, 0xE2D4, 0xF316, 0xFB37, 0xEAF5, 0xF316, 0xF336, 0xEAF5, 0xF316,
    0xFB37, 0xF316, 0xDAD4, 0xD2B3, 0xCA92, 0xE2D4, 0xDAD4, 0xC271, 0xBA51, 0xC271, 0x6D06, 0x64E6,
    0x75A7, 0x7E08, 0x75A7, 0x75A8, 0x7588, 0x6527, 0x6D48, 0x6DA8, 0x75A8, 0x6507, 0x7588, 0x75A7,
    0x7E08, 0x75C7, 0x7E08, 0x75A7, 0x7587, 0x7E08, 0x8629, 0x8648, 0x8628, 0x7E08, 0x8669, 0x8EA9,
    0x8648, 0x7DE8, 0x8EA9, 0x8EC9, 0x8669, 0x7E28, 0x8608, 0x7E28, 0x7E08, 0x7E08, 0x7609, 0x6DA8,
    0x7629, 0x6DA8, 0x8669, 0x7E08, 0x7DE8, 0x75C8, 0x8628, 0x8648, 0xF316, 0xF316, 0xFB37, 0xFB16,
    0xF336, 0xEAF5, 0xF316, 0xF316, 0xEAF5, 0xEAF5, 0xEAF5, 0xDAD4, 0xD2B3, 0xE2F5, 0xCAB3, 0xB230,
    0xBA51, 0xAA2F, 0x7547, 0x6D27, 0x7587, 0x75A7, 0x7DC8, 0x75A7, 0x6D87, 0x6507, 0x5CE7, 0x6548,
    0x6D88, 0x75A8, 0x75C7, 0x7DE8, 0x7DE8, 0x7DE8, 0x7DE7, 0x7DC8, 0x75C7, 0x7587, 0x7E08, 0x8648,
    0x8628, 0x7DE8, 0x7DE7, 0x7E08, 0x9709, 0x8E89, 0x8668, 0x8648, 0x75C7, 0x8648, 0x75C7, 0x7DE8,
    0x8669, 0x8689, 0x7628, 0x6D68, 0x75E9, 0x7E09, 0x6D67, 0x7E28, 0x7E08, 0x7E28, 0x7DE8, 0x8E89,
    0xFB58, 0xFB58, 0xEAF5, 0xEAF5, 0xFB37, 0xF316, 0xF316, 0xDAB4, 0xCA72, 0xD2B3, 0xDAB3, 0xE2D4,
    0xD2B3, 0xBA51, 0xAA2F, 0xA20E, 0xA20F, 0x99EE, 0x6D46, 0x7547, 0x7587, 0x7DE8, 0x7587, 0x7DE8,
    0x7E09, 0x75E9, 0x6568, 0x6548, 0x75A8, 0x75A8, 0x7E08, 0x75A7, 0x7DE8, 0x7E08, 0x7DE8, 0x7DE8,
    0x7588, 0x8648, 0x7DC8, 0x75A7, 0x8628, 0x8628, 0x8669, 0x8EA9, 0xA7CB, 0x8EC9, 0x7DE8, 0x7DE8,
    0x8628, 0x8E89, 0x9F4A, 0x8668, 0x8E89, 0x7E29, 0x75E9, 0x6DA8, 0x75E9, 0x6D68, 0x75E8, 0x7587,
    0x7DE8, 0x8648, 0x8E89, 0x8648, 0xFB79, 0xF337, 0xFB58, 0xEAF5, 0xFB58, 0xFB37, 0xEB16, 0xCA92,
    0xBA71, 0xDAB3, 0xD2B3, 0xD2B3, 0xB230, 0xA20F, 0xAA2F, 0xA20F, 0xB230, 0x89CD, 0x7567, 0x8628,
    0x8E68, 0x7DE7, 0x7DE8, 0x8648, 0x75C8, 0x7E49, 0x6DC8, 0x6DC9, 0x6DE8, 0x75E9, 0x75E8, 0x7DC8,
    0x7DE7, 0x7E08, 0x7DE7, 0x7DC8, 0x75A7, 0x7DE8, 0x7DE7, 0x8669, 0x7E08, 0x7E28, 0x7DE8, 0x8E89,
    0x8EE9, 0x8EA9, 0x7DE7, 0x7DE8, 0x7E28, 0x9709, 0x96E9, 0x8EA9, 0x8688, 0x8689, 0x7608, 0x6548,
    0x7609, 0x75E8, 0x6D87, 0x75A8, 0x8668, 0x7DC7, 0x8668, 0x8E89, 0xF338, 0xFB58, 0xF337, 0xFB58,
    0xFB79, 0xF316, 0xEAF6, 0xE2D4, 0xC292, 0xCA92, 0xB230, 0xC271, 0xAA0F, 0xAA30, 0xBA51, 0xBA71,
    0xAA30, 0xB250, 0x7587, 0x7DE8, 0x8E88, 0x8E68, 0x7DE7, 0x64E7, 0x75C8, 0x7609, 0x6DA9, 0x6D88,
    0x6DA8, 0x6D67, 0x7DE8, 0x7DE8, 0x7E08, 0x7E08, 0x8649, 0x7E28, 0x8628, 0x7E08, 0x8669, 0x8628,
    0x8608, 0x8EA8, 0x7DE8, 0x7DE8, 0x8668, 0x8688, 0x8608, 0x9749, 0x9F8A, 0xA7EA, 0x972A, 0x8EA9,
    0x8EA9, 0x7E08, 0x75C9, 0x75C8, 0x6DA9, 0x75C8, 0x8669, 0x75C8, 0x7E08, 0x7E28, 0x8EC9, 0x8EE9,
    0xFB58, 0xF358, 0xFBDC, 0xFB9A, 0xF316, 0xE2D4, 0xEAF5, 0xD293, 0xD2B3, 0xD293, 0xDAB4, 0xCA93,
    0xE2D5, 0xCA93, 0xC272, 0xAA2F, 0xA20F, 0xAA30, 0x7587, 0x7E08, 0x96E9, 0x8EC8, 0x8648, 0x7587,
    0x6D67, 0x75A8, 0x6568, 0x6DC9, 0x75C8, 0x75A8, 0x75C8, 0x7587, 0x7E08, 0x8628, 0x7E07, 0x8628,
    0x7DE8, 0x8648, 0x7E08, 0x7DE8, 0x7E08, 0x8628, 0x7E08, 0x8628, 0x75C7, 0x8648, 0x8EC8, 0x96E9,
    0x8648, 0x8E89, 0x86A8, 0x8EA9, 0x8668, 0x7E29, 0x75E8, 0x75C8, 0x6DC8, 0x75E8, 0x7E28, 0x7E28,
    0x7DC7, 0x8E89, 0x7E08, 0x8628, 0xFB78, 0xFB58, 0xFB58, 0xFB9A, 0xDAF5, 0xE2D5, 0xD2B3, 0xD2B3,
    0xBA71, 0xE2D5, 0xE2D4, 0xEAF6, 0xFB37, 0xEAF5, 0xA20E, 0x99EE, 0xB230, 0xBA71, 0x8E88, 0x9F49,
    0x8EA8, 0x7587, 0x7DE7, 0x7DC8, 0x75C8, 0x6D88, 0x6D68, 0x6527, 0x6D48, 0x75E8, 0x7DE8, 0x75A7,
    0x8608, 0x7E28, 0x7DE8, 0x75A7, 0x8628, 0x8648, 0x8608, 0x7DC7, 0x7DE8, 0x7DC7, 0x8648, 0x8EA9,
    0x8E89, 0x9729, 0x9709, 0x9709, 0x8EA9, 0x8EC9, 0x972A, 0x8EA9, 0x8669, 0x75C8, 0x75E8, 0x6D88,
    0x7609, 0x75E8, 0x7E29, 0x75E8, 0x8608, 0x8628, 0x8EA9, 0x9709, 0xFB37, 0xEAF6, 0xF358, 0xF358,
    0xFB58, 0xF316, 0xE2D4, 0xDAD4, 0xD2B3, 0xEAF5, 0xFB37, 0xEAF5, 0xDAB4, 0xB250, 0xAA30, 0x89CC,
    0xAA30, 0xCA92, 0x8E89, 0x8EA8, 0x7547, 0x7567, 0x7567, 0x8628, 0x75E8, 0x7609, 0x6DC8, 0x75C8,
    0x6DC8, 0x6D67, 0x75C7, 0x7DE8, 0x75C7, 0x7E08, 0x75A7, 0x7DC8, 0x7DE7, 0x7DE8, 0x7E07, 0x7E08,
    0x8668, 0x8E68, 0x8688, 0x9709, 0x9709, 0x8EC9, 0x8EA8, 0x96E9, 0x8EA8, 0x8648, 0x8648, 0x8628,
    0x7E48, 0x7E08, 0x6DA8, 0x6D88, 0x6568, 0x6D88, 0x7608, 0x75A8, 0x75A7, 0x7DE8, 0x8EC9, 0x96E9,
    0xFB79, 0xF316, 0xFB79, 0xFB58, 0xFB79, 0xFB16, 0xD2B3, 0xD2B3, 0xAA2F, 0xCA92, 0xE2D4, 0xD293,
    0xAA30, 0xB250, 0xBA50, 0xB230, 0xBA71, 0xB250, 0x8668, 0x5C86, 0x64A5, 0x7587, 0x7DC7, 0x7DC8,
    0x75A8, 0x6DA8, 0x75E9, 0x6548, 0x75C8, 0x75C8, 0x7E08, 0x7DC7, 0x8628, 0x7DC7, 0x7DA8, 0x7587,
    0x7DE8, 0x7DC7, 0x7DC8, 0x7DE8, 0x8EA9, 0x8688, 0x96C9, 0x8EC9, 0x9729, 0x8648, 0x8648, 0x8628,
    0x7DE8, 0x8628, 0x7E08, 0x7587, 0x7DE8, 0x75E8, 0x7DE9, 0x6DC8, 0x6D68, 0x6DA8, 0x75A8, 0x8669,
    0x8648, 0x7E28, 0x96E9, 0x9729, 0xFB37, 0xFB16, 0xFB58, 0xFB58, 0xFB58, 0xEAF5, 0xCA92, 0xCA92,
    0xCA92, 0xDAB4, 0xE2F5, 0xD293, 0xCA93, 0xE2D4, 0xCA93, 0xCA72, 0xA20F, 0xBA51, 0x7587, 0x4B84,
    0x6D27, 0x75A7, 0x8E89, 0x7DE8, 0x7E08, 0x75E8, 0x6547, 0x6D68, 0x75C8, 0x7588, 0x75A7, 0x7587,
    0x75A7, 0x8628, 0x7E28, 0x7DC7, 0x7DC7, 0x8608, 0x75C7, 0x7DE8, 0x8648, 0x8E89, 0x8EA8, 0x8EA9,
    0x8648, 0x7DE8, 0x75A7, 0x7DE8, 0x8628, 0x8648, 0x8668, 0x7DA7, 0x6D26, 0x7E08, 0x7E28, 0x7609,
    0x7E89, 0x8EEA, 0x974A, 0x974A, 0x8668, 0x9729, 0x9709, 0x96E9, 0xF337, 0xFB37, 0xEAF5, 0xEAF5,
    0xE2D5, 0xE2F4, 0xD2B3, 0xDAB4, 0xD2B3, 0xDAB4, 0xC272, 0xD2B3, 0xD2B3, 0xD2B3, 0xDAB3, 0xCA92,
    0xB230, 0xC272, 0x4B84, 0x64C6, 0x7DC7, 0x8E68, 0x75A7, 0x7567, 0x7DC8, 0x75A8, 0x6D88, 0x6D68,
    0x75C8, 0x75C8, 0x7DE8, 0x8628, 0x7DC8, 0x7DC7, 0x7DE8, 0x7DC7, 0x7DC8, 0x7DC7, 0x8648, 0x7E08,
    0x7DE8, 0x8628, 0x8628, 0x7DE7, 0x8608, 0x8E88, 0x7DE8, 0x7DE8, 0x8E89, 0x8EC9, 0x96E9, 0x7DE7,
    0x7DE8, 0x8649, 0x8ECA, 0x86AA, 0x7E6A, 0x8EEA, 0x970A, 0x8EC9, 0x970A, 0x8EA8, 0x9F2A, 0xADCC,
    0xF316, 0xF316, 0xF316, 0xFB37, 0xF316, 0xF337, 0xE2D4, 0xDAD4, 0xE2F5, 0xD2B3, 0xD2B3, 0xE2F5,
    0xE2F5, 0xE2D4, 0xE2D4, 0xEAF5, 0xDAD4, 0xD3B2, 0x7567, 0x7DC7, 0x8628, 0x8608, 0x8628, 0x8648,
    0x6DA7, 0x75A8, 0x6567, 0x6D88, 0x6D87, 0x6D87, 0x75A7, 0x8628, 0x7E07, 0x7E08, 0x7E28, 0x7DE8,
    0x7DE7, 0x8628, 0x75A7, 0x7DC8, 0x75A7, 0x7DC7, 0x7DE7, 0x8608, 0x8E88, 0x7E08, 0x7E07, 0x7547,
    0x8648, 0x8E88, 0x7E07, 0x8648, 0x7E28, 0x7E08, 0x7E28, 0x7E49, 0x6DC8, 0x7E49, 0x7E48, 0x8EE9,
    0x7E08, 0x7DC7, 0x8EA8, 0xCD10, 0xFB37, 0xF316, 0xEAF5, 0xEAF5, 0xFB37, 0xF337, 0xEAF5, 0xE2D4,
    0xE2D4, 0xDAB4, 0xEB16, 0xF316, 0xEAF5, 0xF316, 0xE2F5, 0xEAF5, 0xFB58, 0xBC90, 0x6D46, 0x7DA7,
    0x7DE7, 0x7DA7, 0x7587, 0x7587, 0x7DE8, 0x6DA8, 0x6D48, 0x6D68, 0x6D48, 0x6D87, 0x75A8, 0x7E08,
    0x8628, 0x7E08, 0x8608, 0x7DC7, 0x7DE8, 0x7E07, 0x8648, 0x8628, 0x8628, 0x7DE7, 0x7DE8, 0x8E88,
    0x8E89, 0x7DE7, 0x8EA9, 0x7DC7, 0x7DA8, 0x7E07, 0x7DA7, 0x7DC7, 0x7547, 0x5CA6, 0x6D48, 0x5CC7,
    0x6528, 0x64E7, 0x8649, 0x7DE8, 0x8E89, 0x8628, 0x8648, 0xBCAF, 0xFB58, 0xE2D4, 0xEAF5, 0xEAF5,
    0xFB58, 0xFB58, 0xF337, 0xDAB3, 0xDAD4, 0xD293, 0xFB37, 0xE2D4, 0xF316, 0xF316, 0xFB58, 0xFB58,
    0xF316, 0xBC8F, 0x7DC7, 0x75A7, 0x8E68, 0x7DC7, 0x8608, 0x7DC7, 0x6D67, 0x75A8, 0x6D88, 0x6D88,
    0x75C8, 0x75C8, 0x75C7, 0x7DE8, 0x7587, 0x7DA7, 0x7DE7, 0x7DC7, 0x7E07, 0x8648, 0x7E28, 0x8648,
    0x75A7, 0x7E08, 0x8628, 0x8648, 0x8EA8, 0x8648, 0x8628, 0x8EA9, 0x75C7, 0x8648, 0x7587, 0x8EA9,
    0x7E28, 0x64C7, 0x5426, 0x4C46, 0x5CA7, 0x6527, 0x6D47, 0x6D27, 0x7587, 0x7DC7, 0x8648, 0xBC8F,
    0xEAF5, 0xF316, 0xEAF5, 0xF337, 0xEAF5, 0xE2F5, 0xFB57, 0xEAF5, 0xD293, 0xD2B3, 0xCA92, 0xEAF5,
    0xEB16, 0xFB37, 0xF316, 0xF316, 0xDAD4, 0xBC8F, 0x6D66, 0x7547, 0x7567, 0x7DC7, 0x7DC7, 0x8628,
    0x7E09, 0x75E8, 0x75C8, 0x75A8, 0x7DE8, 0x75C8, 0x7DE8, 0x7E08, 0x7E08, 0x7E08, 0x8628, 0x7DE8,
    0x7E08, 0x7E08, 0x7DE8, 0x7DE8, 0x7588, 0x75C8, 0x7E08, 0x75C8, 0x8649, 0x7E28, 0x75A8, 0x75A7,
    0x7DC8, 0x7DE8, 0x7DA8, 0x7DE8, 0x7E08, 0x75A8, 0x7588, 0x6527, 0x7E09, 0x6D88, 0x7588, 0x6D87,
    0x7588, 0x6D67, 0x7E08, 0xBCB0, 0xBCB0, 0xB48F, 0xB46F, 0xB46F, 0xAC6F, 0xA44D, 0xBC90, 0xAC4E,
    0xAC4E, 0xB48F, 0xAC4E, 0xBCB0, 0xBCB0, 0xB46F, 0xB46F, 0xB46F, 0xB48F, 0x75A7, 0x7588, 0x7587,
    0x7588, 0x7DC8, 0x8628, 0x7E08, 0x03B5, 0x03D5, 0x0394, 0x03D5, 0x03F6, 0x0437, 0x2B92, 0x4B90,
    0x4B6F, 0x4B90, 0x2B50, 0x0479, 0x0478, 0x04DB, 0x0479, 0x053C, 0x04BA, 0x0438, 0x0458, 0x0417,
    0x0437, 0x0458, 0x0458, 0x0478, 0x0458, 0x0458, 0x053D, 0x04BA, 0x0416, 0x0458, 0x0499, 0x04DB,
    0x03B5, 0x0373, 0x0437, 0x0479, 0x0478, 0x04BA, 0x049A, 0x0478, 0x0458, 0x0458, 0x0458, 0x0479,
    0x0479, 0x051C, 0x04BA, 0x0479, 0x04BA, 0x0499, 0x0437, 0x0437, 0x0458, 0x0437, 0x0458, 0x0437,
    0x0458, 0x0437, 0x0458, 0x059D, 0x055D, 0x0437, 0x0416, 0x04DA, 0x0311, 0x0394, 0x03B4, 0x0437,
    0x059E, 0x051B, 0x051B, 0x0458, 0x0458, 0x0479, 0x0478, 0x0478, 0x0478, 0x0437, 0x03F6, 0x0478,
    0x0C16, 0x3BD3, 0x53B0, 0x43D2, 0x13B3, 0x0417, 0x0437, 0x0438, 0x0458, 0x0458, 0x0437, 0x0BF5,
    0x33F3, 0x5474, 0x3BD2, 0x14DA, 0x4370, 0x03D5, 0x0437, 0x04BA, 0x0CBA, 0x04BA, 0x0DDF, 0x04BA,
    0x0C79, 0x0499, 0x0499, 0x0478, 0x0CDB, 0x0479, 0x0437, 0x23F4, 0xA3EB, 0xE589, 0xF68B, 0xEDCA,
    0xC3E9, 0x3BD2, 0x0437, 0xC356, 0xFB58, 0xE2F5, 0xD2B1, 0xBB49, 0xE5A9, 0xF66A, 0xEDCA, 0xBBE9,
    0xBB88, 0x13D4, 0x0417, 0x03D5, 0x0416, 0x0437, 0x0457, 0x0416, 0x04BA, 0x04BA, 0x0499, 0x0479,
    0x0478, 0x0458, 0x0416, 0x8B8C, 0xE66A, 0xFF0B, 0xF70B, 0xFF0C, 0xF6CB, 0xB389, 0x9B55, 0xD2B3,
    0xCA92, 0xE2D4, 0xBACA, 0xEE6B, 0xF70B, 0xFF0C, 0xF70B, 0xF6EB, 0xCB87, 0x2BF4, 0x0BF6, 0x0437,
    0x0437, 0x0394, 0x0437, 0x053C, 0x051C, 0x04FB, 0x0CBA, 0x0478, 0x0499, 0x0437, 0x1416, 0xABEA,
    0xFF0C, 0xEEAB, 0xD468, 0xD4A8, 0xD529, 0xCB67, 0xF314, 0xE2D5, 0xDAD4, 0xC271, 0xC369, 0xFF0B,
    0xEEAB, 0xCC67, 0xD4A8, 0xD529, 0xB34A, 0x1478, 0x03F5, 0x0394, 0x0416, 0x0437, 0x04BA, 0x053C,
    0x0499, 0x04BA, 0x0499, 0x0479, 0x0416, 0x0437, 0x0437, 0x7B6D, 0xBBA6, 0xCC68, 0xCB86, 0xD448,
    0xD4A8, 0xD2C9, 0xE2F4, 0xDAD4, 0xD2B3, 0xCA92, 0xC28C, 0xBBA7, 0xCC47, 0xD386, 0xD427, 0xD4A8,
    0x2C36, 0x0373, 0x03B5, 0x0437, 0x0C58, 0x03D5, 0x0C58, 0x04BA, 0x0CBA, 0x0499, 0x0C99, 0x0478,
    0x0C37, 0x03D5, 0x0BD5, 0x13D4, 0x8BAD, 0xD4E9, 0xF58A, 0xE4E9, 0xCB4B, 0xDAD2, 0xDAD4, 0xD293,
    0xCA93, 0xC292, 0xE2D4, 0xC2CB, 0xDCA9, 0xE549, 0xCCA9, 0x836B, 0x03B4, 0x03B4, 0x0373, 0x03D5,
    0x0437, 0x0499, 0x04FC, 0x04DA, 0x04DA, 0x0478, 0x0C95, 0x1CB0, 0x1471, 0x0BF4, 0x03F6, 0x03D5,
    0x0C12, 0x346D, 0x446C, 0x2C53, 0x7BB7, 0xDAD4, 0xD2B3, 0xDAD4, 0xC271, 0xBA71, 0xCA92, 0xCA92,
    0xC271, 0x7373, 0x1C77, 0x1454, 0x1C72, 0x0393, 0x0BF5, 0x1C51, 0x2C6B, 0x2C6A, 0x24F1, 0x14F7,
    0x1495, 0x24F0, 0x356D, 0x2CEB, 0x34EB, 0x2CAB, 0x246E, 0x248D, 0x2CEB, 0x2CEB, 0x34CB, 0x2CCB,
    0xBB74, 0xD2B3, 0xBA71, 0xC272, 0xC271, 0xBA71, 0xC272, 0xC272, 0xCA72, 0x4432, 0x2C4B, 0x2409,
    0x35AD, 0x3DCE, 0x35AD, 0x358D, 0x2CCB, 0x2C8B, 0x2C8A, 0x2CCB, 0x2D0B, 0x356C, 0x2D4C, 0x356C,
    0x2CEB, 0x2CAB, 0x2CAA, 0x2CCB, 0x2CCB, 0x2CCB, 0x2CCB, 0x2CEB, 0xDAD3, 0xC271, 0xAA2F, 0xA20F,
    0xAA2F, 0xB250, 0xBA51, 0xC272, 0xC271, 0x2388, 0x23C9, 0x23C9, 0x356D, 0x35CD, 0x3DAD, 0x35AD,
    0x3DAD, 0x2CAB, 0x2CAB, 0x2C8A, 0x2C6A, 0x2D0B, 0x3DAD, 0x352C, 0x354C, 0x2CCB, 0x34CB, 0x2CCB,
    0x34EB, 0x2CCB, 0x350C, 0x54AE, 0xE2F4, 0xB250, 0xA20E, 0x99EE, 0xA20F, 0xC271, 0xC271, 0xC271,
    0xAAD1, 0x23C9, 0x23A9, 0x23A8, 0x354C, 0x2CEE, 0x1C90, 0x1CD2, 0x1CF2, 0x1C92, 0x1492, 0x1CB2,
    0x1491, 0x1C92, 0x1CB2, 0x2533, 0x1CD2, 0x24AE, 0x2CEB, 0x350C, 0x2D0B, 0x2CEB, 0x2CEB, 0x8490,
    0xE2F4, 0xCAB3, 0xB250, 0xAA30, 0xAA2F, 0xBA51, 0xBA51, 0xCA92, 0x8B0E, 0x23E9, 0x1B68, 0x2388,
    0x2CCB, 0x1C6F, 0x0C37, 0x0458, 0x0CDB, 0x04DB, 0x0D5D, 0x04FB, 0x0D1C, 0x04BA, 0x0C99, 0x0458,
    0x0C9A, 0x14D4, 0x358D, 0x354C, 0x356C, 0x354C, 0x352C, 0xA450, 0xF336, 0xE2F4, 0xDAD4, 0xCA92,
    0xCAB3, 0xCA92, 0xCA92, 0xC292, 0x7B4E, 0x23C9, 0x23A9, 0x2388, 0x244A, 0x242D, 0x0416, 0x0478,
    0x059D, 0x0D7D, 0x051C, 0x051C, 0x0499, 0x04BA, 0x0416, 0x0416, 0x03D5, 0x1454, 0x358C, 0x35AD,
    0x35AD, 0x3DCE, 0x354C, 0xCBD3, 0xEB15, 0xE2F4, 0xD2B3, 0xD2B3, 0xD2B3, 0xCA92, 0xCA92, 0xC292,
    0x4BAB, 0x23E9, 0x23C9, 0x2388, 0x23A9, 0x2388, 0x0458, 0x0499, 0x0C99, 0x04FB, 0x0D7D, 0x0437,
    0x0C37, 0x0479, 0x0C58, 0x0499, 0x0C37, 0x0437, 0x358D, 0x35CD, 0x3E2F, 0x3E0E, 0x3DAD, 0xCBD2,
    0xE2F5, 0xDAD4, 0xDAD4, 0xCAB2, 0xD2D3, 0xCAB3, 0xD2B3, 0xBA71, 0x542D, 0x2C4A, 0x2C0A, 0x23A8,
    0x1B27, 0x1AE7, 0x0D19, 0x051B, 0x0499, 0x0458, 0x0417, 0x03F6, 0x0437, 0x059E, 0x0416, 0x04BA,
    0x051B, 0x0458, 0x2D8F, 0x3E2F, 0x362E, 0x3E4F, 0x4E2D, 0xD392, 0xDAF4, 0xDAD4, 0xD2D3, 0xDAD3,
    0xD2B3, 0xD2D3, 0xDAD3, 0xD2B3, 0x440B, 0x240A, 0x1B88, 0x2368, 0x2368, 0x1B27, 0x13F2, 0x0416,
    0x03D5, 0x03F6, 0x0478, 0x0479, 0x0437, 0x04DA, 0x0437, 0x0437, 0x04DB, 0x04DA, 0x2DB3, 0x3E4F,
    0x3E4F, 0x3E2E, 0x4DED, 0xDAD4, 0xD2B3, 0xD2B3, 0xDAF4, 0xDAD3, 0xDAD4, 0xD2B3, 0xCA92, 0xC292,
    0x3C8A, 0x240A, 0x23C9, 0x23A8, 0x1B47, 0x2348, 0x0C32, 0x055D, 0x04DA, 0x059E, 0x055D, 0x053D,
    0x04DB, 0x051C, 0x03D5, 0x0479, 0x04DB, 0x053D, 0x1D34, 0x3E0E, 0x360E, 0x3E0E, 0x45EC, 0xBAF1,
    0xD2B3, 0xDAD4, 0xDAD3, 0xDAD4, 0xD2B3, 0xD2B3, 0xCA92, 0xC292, 0x64C9, 0x242A, 0x23C9, 0x2389,
    0x2C2A, 0x2C4A, 0x1C4F, 0x0478, 0x049A, 0x04BA, 0x04FB, 0x04FB, 0x04DB, 0x0458, 0x0437, 0x0437,
    0x0C99, 0x04BA, 0x1538, 0x2D0C, 0x3DCE, 0x35EE, 0x4DCD, 0xC391, 0xEAF5, 0xDAD4, 0xE2F4, 0xDAD4,
    0xD2D3, 0xD2B3, 0xCAB3, 0xC292, 0x84CA, 0x3408, 0x2368, 0x1B48, 0x246A, 0x2CAB, 0x1C6E, 0x0458,
    0x0458, 0x04BA, 0x0499, 0x051C, 0x04FB, 0x0499, 0x0457, 0x03F6, 0x0416, 0x03F6, 0x1493, 0x354D,
    0x2D6D, 0x2CEC, 0x4D8A, 0xCBB1, 0xE2F4, 0xE2F4, 0xDAD4, 0xDAD4, 0xD2B3, 0xD2B3, 0xD2B3, 0xCA92,
    0x848A, 0x6528, 0x1B27, 0x1B48, 0x2CAB, 0x2CEC, 0x2CCC, 0x0478, 0x0499, 0x0499, 0x0499, 0x04BA,
    0x04DB, 0x04FB, 0x04BA, 0x0458, 0x0479, 0x03F5, 0x2CEF, 0x2CEC, 0x350C, 0x2CEC, 0x554A, 0xB40F,
    0xE2F5, 0xE2D4, 0xE2F5, 0xDAD4, 0xDAD4, 0xDAB3, 0xDAD4, 0xDAD4, 0xACAE, 0x75E8, 0x3C08, 0x1B68,
    0x2CAB, 0x356D, 0x2D6D, 0x14B4, 0x0479, 0x0499, 0x0478, 0x0458, 0x0499, 0x05DF, 0x05DE, 0x059E,
    0x055D, 0x1CD4, 0x2CEC, 0x354D, 0x2D0C, 0x2D0C, 0x54E8, 0xB44F, 0xE2F5, 0xE2F4, 0xDAD4, 0xE2D4,
    0xDAB4, 0xDAD4, 0xDAD4, 0xE2D4, 0xAC2E, 0x7568, 0x6527, 0x2389, 0x350C, 0x356D, 0x354D, 0x1CD0,
    0x049A, 0x0499, 0x0499, 0x0458, 0x0458, 0x0458, 0x04DB, 0x055C, 0x0DFD, 0x2D0D, 0x350D, 0x2CEC,
    0x2C6B, 0x2CCC, 0x6D48, 0x952B, 0xE2F5, 0xE2D4, 0xE2F4, 0xDAD4, 0xDAD4, 0xDAD4, 0xDAD4, 0xE2D4,
    0xD3B2, 0x8649, 0x7E08, 0x3C28, 0x356D, 0x354D, 0x356D, 0x354E, 0x0499, 0x0499, 0x0479, 0x0458,
    0x0478, 0x0458, 0x0437, 0x0417, 0x2530, 0x2CAB, 0x2D0C, 0x352D, 0x2D0C, 0x452B, 0x6507, 0x7488,
    0xE2D4, 0xEAF5, 0xDAD4, 0xE2D4, 0xDAB4, 0xDAD4, 0xDAB4, 0xE2D5, 0xDB54, 0x7E08, 0x7E28, 0x6D88,
    0x3D0B, 0x2CCB, 0x2CCC, 0x2D0C, 0x0CB7, 0x04BA, 0x04DB, 0x0499, 0x0479, 0x0458, 0x0458, 0x0C74,
    0x2CAB, 0x2CCB, 0x34EC, 0x2D0C, 0x2CCC, 0x5D28, 0x6D07, 0x6D27, 0xEAF6, 0xE2D5, 0xE2D4, 0xDAB4,
    0xE2D5, 0xE2D4, 0xE2D5, 0xE2D4, 0xEAF6, 0x6D87, 0x7DC8, 0x75C8, 0x556A, 0x2CCC, 0x2CCB, 0x2CEC,
    0x14B3, 0x04BA, 0x04DB, 0x04BA, 0x0479, 0x0479, 0x0416, 0x246B, 0x23E9, 0x2C4B, 0x2C8B, 0x2C8B,
    0x44EA, 0x5CA7, 0x5CC6, 0x5C86, 0xDB73, 0xF2F6, 0xDAB4, 0xE2D5, 0xEAD5, 0xFB37, 0xEAF6, 0xF2F6,
    0xF2F6, 0x954B, 0x75C7, 0x75A8, 0x6E2B, 0x2CEC, 0x350C, 0x35AE, 0x2DD3, 0x04FB, 0x049A, 0x04BA,
    0x049A, 0x0478, 0x13F1, 0x240A, 0x23EA, 0x2388, 0x2C0A, 0x2CAB, 0x6569, 0x5C86, 0x6D07, 0x5C86,
    0xCB72, 0xDAB4, 0xEAF5, 0xE2D4, 0xF317, 0xFB17, 0xFB17, 0xE2D5, 0xF317, 0x950B, 0x7DC8, 0x7587,
    0x7608, 0x352D, 0x35AE, 0x35CE, 0x35CE, 0x0C76, 0x0437, 0x03F5, 0x03B4, 0x0457, 0x1BEA, 0x242A,
    0x240A, 0x23C9, 0x2409, 0x5509, 0x6588, 0x5C86, 0x6D27, 0x7567, 0xC351, 0xDAB4, 0xF2F6, 0xEAF6,
    0xFB17, 0xFB17, 0xEAD5, 0xF2F6, 0xEAD5, 0x9D4C, 0x75C7, 0x75C8, 0x7E29, 0x45ED, 0x3E2F, 0x35EF,
    0x35AE, 0x1CD2, 0x0479, 0x0394, 0x0394, 0x0C12, 0x2C0A, 0x23C9, 0x23C9, 0x23A9, 0x4468, 0x5CA7,
    0x6528, 0x5CC7, 0x64C6, 0x6D27, 0xC351, 0xD293, 0xE2D5, 0xEAF6, 0xFB59, 0xF317, 0xFB17, 0xFB38,
    0xFB59, 0x9D2C, 0x7DE8, 0x7E08, 0x7628, 0x564D, 0x360E, 0x3E0F, 0x358D, 0x2D4E, 0x0498, 0x0478,
    0x0499, 0x1CB3, 0x244A, 0x2C6B, 0x240A, 0x4CE9, 0x75A7, 0x6548, 0x5CE7, 0x5446, 0x4BE5, 0x64C6,
    0xBB30, 0xDAB4, 0xDAB4, 0xF316, 0xFB37, 0xEAD5, 0xE2B4, 0xFB38, 0xFB38, 0x9D4C, 0x7E08, 0x7E08,
    0x7E09, 0x55CB, 0x35AE, 0x35CE, 0x3DAE, 0x356D, 0x1CF3, 0x04DA, 0x0CFC, 0x1C8F, 0x2C0A, 0x2C6A,
    0x3CCB, 0x75A7, 0x7E29, 0x7629, 0x7609, 0x75C8, 0x6D07, 0x64E6, 0xC351, 0xDAB4, 0xE2D5, 0xDAB4,
    0xEAD6, 0xE2B4, 0xE2B4, 0xE2B4, 0xF2F6, 0x9D6C, 0x8628, 0x7E28, 0x7E28, 0x6DEA, 0x358D, 0x358D,
    0x2D2C, 0x358E, 0x358D, 0x0CD8, 0x04BA, 0x242D, 0x242A, 0x2C4A, 0x75E8, 0x7E28, 0x75E8, 0x7629,
    0x7609, 0x7E29, 0x7DE8, 0x75C8, 0xC370, 0xC272, 0xC251, 0xC272, 0xDA94, 0xDAB4, 0xEAD5, 0xF317,
    0xDAB4, 0xA5AC, 0x8E88, 0x8648, 0x8EEA, 0x7E89, 0x45AD, 0x2D0C, 0x2CCC, 0x356D, 0x354D, 0x1CB0,
    0x0CFB, 0x240A, 0x2C4B, 0x75E8, 0x96E9, 0x8688, 0x8649, 0x75E8, 0x75C9, 0x75C8, 0x7E08, 0x7DC8,
    0xDAB4, 0xB230, 0xBA51, 0xC272, 0xC272, 0xDAB4, 0xF317, 0xF2F6, 0xF2F6, 0x8688, 0x8EC9, 0x8EC9,
    0x8F0A, 0x7E8A, 0x662A, 0x358D, 0x354D, 0x35CE, 0x2D2C, 0x352C, 0x0C97, 0x2C8B, 0x5DA9, 0x96E9,
    0x9F8A, 0x96E9, 0x7E28, 0x75E8, 0x6DC8, 0x7DE8, 0x7DE7, 0x8D8A, 0xD293, 0xC272, 0xCA93, 0xCA93,
    0xC272, 0xE2B4, 0xF2F6, 0xF2F6, 0xDB54, 0x96E9, 0x8EC8, 0x9709, 0x868A, 0x7609, 0x7E09, 0x45CC,
    0x3E2F, 0x358D, 0x356D, 0x2D0C, 0x2C4A, 0x3C89, 0x96E9, 0x9709, 0x96EA, 0x8668, 0x7E29, 0x6DE8,
    0x75E9, 0x7DE8, 0x7E08, 0x9CEC, 0xD293, 0xD293, 0xDAB4, 0xD293, 0xD293, 0xEAD5, 0xF2F6, 0xEAF6,
    0xCBD1, 0x9729, 0x9F6A, 0x8648, 0x6DC8, 0x6DC9, 0x6DA8, 0x6DE9, 0x3DCD, 0x35CE, 0x356D, 0x2CEC,
    0x2429, 0x7E6A, 0x9729, 0x8EA9, 0x8648, 0x8669, 0x75E8, 0x75E9, 0x7608, 0x8649, 0x7E28, 0xBC50,
    0xD293, 0xD293, 0xCA92, 0xE2D5, 0xD2B3, 0xF2F6, 0xEAF5, 0xF2F6, 0xA42D, 0x7567, 0x8EC9, 0x8648,
    0x75E9, 0x6DC8, 0x75C8, 0x7DC7, 0x65EA, 0x35CE, 0x3DAE, 0x2CEB, 0x450A, 0x9709, 0x96E9, 0x8668,
    0x8669, 0x8689, 0x8649, 0x75E9, 0x8689, 0x8689, 0x8EA9, 0xDBF3, 0xEAF5, 0xEAF5, 0xF316, 0xFB37,
    0xFB17, 0xFB17, 0xFB37, 0xEAF5, 0x94EB, 0x75C7, 0x7DE8, 0x7E08, 0x7608, 0x7609, 0x75E8, 0x7E08,
    0x75C7, 0x5DCB, 0x356D, 0x2D0C, 0x65C9, 0x8648, 0x8648, 0x8EA9, 0x8668, 0x8669, 0x7E49, 0x7E8A,
    0x8EEA, 0x974A, 0x9729, 0xFB38, 0xF2F6, 0xF316, 0xFB58, 0xFB59, 0xFB58, 0xFB37, 0xFB17, 0xEAF5,
    0x7587, 0x7587, 0x75C7, 0x7DE8, 0x75C9, 0x6D88, 0x8629, 0x8648, 0x8669, 0x8668, 0x55CB, 0x354C,
    0x8E89, 0x8EA9, 0x8EC9, 0x8688, 0x8669, 0x8649, 0x7E49, 0x7E49, 0x972A, 0x970A, 0xAEAD, 0xF316,
    0xFB99, 0xFB79, 0xFBBA, 0xFB9A, 0xFB9A, 0xFB38, 0xFB37, 0xD372, 0x7588, 0x7DC7, 0x75A8, 0x6D47,
    0x6588, 0x75C8, 0x7E28, 0x8EC9, 0x9729, 0x9F8A, 0x9F8A, 0x970A, 0x8EC9, 0x8EA9, 0x8668, 0x8E89,
    0x7E48, 0x8669, 0x7E49, 0x6DC8, 0x7E28, 0x8EA9, 0xAD4D, 0xEB16, 0xF337, 0xFB79, 0xFB79, 0xFB58,
    0xF379, 0xFB58, 0xEB16, 0xC450, 0x6D87, 0x6D07, 0x6506, 0x6527, 0x6D88, 0x75C8, 0x96EA, 0x9F6A,
    0x9F4A, 0xA7CA, 0x9F6A, 0x8EE9, 0x96EA, 0x8EA9, 0x8E89, 0x8648, 0x8669, 0x7608, 0x75C9, 0x5CE7,
    0x6D27, 0x7E08, 0xBCEF, 0xEAF5, 0xFB78, 0xFB79, 0xFBBA, 0xFBBA, 0xFBDB, 0xFB57, 0xF316, 0xB48E,
    0x8EA9, 0x64C6, 0x75A8, 0x6527, 0x6DC8, 0x7E29, 0x8F09, 0x8EC9, 0x974A, 0x9F8A, 0x8F09, 0x8EE9,
    0x8EC9, 0x8EA9, 0x8668, 0x8648, 0x7E08, 0x75C8, 0x5D07, 0x5C87, 0x5C86, 0x7567, 0xBC10, 0xFB57,
    0xFB58, 0xFB79, 0xFB79, 0xFB99, 0xFB78, 0xFB57, 0xF316, 0x940B, 0x6506, 0x5405, 0x5C86, 0x5CC7,
    0x75C9, 0x7E49, 0x970A, 0x8EA9, 0x8EC9, 0x972A, 0x8EEA, 0x8EC9, 0x8E89, 0x8648, 0x8669, 0x7E28,
    0x7E09, 0x75C8, 0x6528, 0x5D07, 0x75C8, 0x7E28, 0xD3D2, 0xF316, 0xFB57, 0xFB57, 0xFB99, 0xFB78,
    0xFB57, 0xF336, 0xF336, 0x844A, 0x64A6, 0x5C66, 0x64A7, 0x5CE7, 0x6DE8, 0x7E49, 0x8689, 0x8689,
    0x8689, 0x8EA9, 0x8668, 0x8669, 0x8648, 0x8648, 0x7E28, 0x7E29, 0x75E8, 0x6D88, 0x5D08, 0x6528,
    0x6527, 0x7567, 0xCBB2, 0xEB15, 0xF336, 0xFB57, 0xFB36, 0xFB36, 0xF316, 0xF336, 0xE2F4, 0x8CCA,
    0x6D67, 0x64C6, 0x5CC6, 0x5CE7, 0x75E9, 0x7E08, 0x8649, 0x7E08, 0x8649, 0x7E48, 0x8669, 0x8648,
    0x8629, 0x7E08, 0x7E29, 0x7E08, 0x7DE8, 0x6568, 0x5D08, 0x6527, 0x64E7, 0x5C86, 0xCB72, 0xE2F5,
    0xF316, 0xF316, 0xE2F5, 0xF357, 0xFB78, 0xE2F4, 0xD2D3, 0x84AA, 0x64E7, 0x5445, 0x64E7, 0x6527,
    0x6DA8, 0x75E8, 0x7E08, 0x8649, 0x7E28, 0x8649, 0x7E28, 0x7E28, 0x7E28, 0x7E08, 0x75E8, 0x7DE8,
    0x75A8, 0x6D68, 0x5D28, 0x6D68, 0x5466, 0x4BC5, 0xA34D, 0xE2F4, 0xE2F5, 0xEB15, 0xE2F4, 0xF336,
    0xEB15, 0xDAD4, 0xD2B3, 0x93CC, 0x5CA6, 0x64A6, 0x5CC6, 0x6507, 0x6DA9, 0x75C8, 0x7E08, 0x7E08,
    0x8629, 0x7E48, 0x8649, 0x7E08, 0x7E09, 0x7DE8, 0x7E08, 0x7DE8, 0x75C8, 0x6D88, 0x6548, 0x5CE7,
    0x5426, 0x4BC5, 0x9B6D, 0xE2F4, 0xEB15, 0xEB15, 0xEB15, 0xDAD4, 0xCAB3, 0xCAB2, 0xDAD4, 0xA3ED,
    0x6D07, 0x64A6, 0x5C87, 0x5CE7, 0x6588, 0x75A8, 0x7E08, 0x7E28, 0x7E08, 0x7E28, 0x7E28, 0x7E28,
    0x7E28, 0x7DE8, 0x75E8, 0x7DE8, 0x75A7, 0x6D88, 0x5D07, 0x5487, 0x4BE5, 0x4BE5, 0x83EA, 0xE2D4,
    0xDAD4, 0xEB15, 0xEB15, 0xDAD4, 0xD2B3, 0xD2B3, 0xE2F4, 0xBB90, 0x6D47, 0x64E6, 0x64E6, 0x6548,
    0x6D88, 0x75A8, 0x7E09, 0x7E48, 0x7E29, 0x7E08, 0x8629, 0x7E48, 0x8669, 0x7E08, 0x7E29, 0x75C8,
    0x7DC8, 0x6547, 0x6528, 0x5CA7, 0x5C86, 0x64C6, 0x7CE9, 0xD2B3, 0xEB15, 0xEB15, 0xEB15, 0xE2F4,
    0xE2F5, 0xD2D3, 0xE2F5, 0xD332, 0x7567, 0x64E6, 0x75A8, 0x6527, 0x6D88, 0x7609, 0x7E08, 0x7DC8,
    0x75E8, 0x7E08, 0x7E08, 0x8669, 0x86A9, 0x8689, 0x7E28, 0x7E28, 0x75C8, 0x75A8, 0x6548, 0x6528,
    0x6507, 0x6D47, 0x6D67, 0xC2D2, 0xDAD3, 0xDAD4, 0xE2F4, 0xE2F5, 0xE2F4, 0xEB15, 0xE2F5, 0xE2F5,
    0x6CC7, 0x6D27, 0x6527, 0x6D48, 0x6D89, 0x75C8, 0x7E29, 0x75C8, 0x75A8, 0x7587, 0x7E08, 0x7DE8,
    0x8ECA, 0x86A9, 0x8E89, 0x7E28, 0x7DC8, 0x6D67, 0x6D88, 0x6528, 0x6D68, 0x75A8, 0x75A8, 0xA32E,
    0xDAD3, 0xDAF4, 0xEB16, 0xEB15, 0xF336, 0xEB15, 0xEB15, 0xE2F4, 0x94CB, 0x6D27, 0x6D47, 0x6D88,
    0x6588, 0x6568, 0x5CC6, 0x75A8, 0x75A7, 0x7E08, 0x7E08, 0x7E08, 0x8688, 0x8669, 0x7E48, 0x7E08,
    0x64E6, 0x6D47, 0x6D88, 0x6548, 0x6547, 0x75A8, 0x75A7, 0x9C0C, 0xCA92, 0xE2F5, 0xEB15, 0xF316,
    0xEAF5, 0xEB15, 0xEAF5, 0xEB15, 0xAC2E, 0x7E08, 0x7E08, 0x75E8, 0x6508, 0x6D88, 0x6D68, 0x7587,
    0x7588, 0x75C7, 0x7DC8, 0x75A7, 0x8EA9, 0x7E28, 0x8629, 0x7E28, 0x7567, 0x6507, 0x6D68, 0x6548,
    0x6D68, 0x7587, 0x7DC8, 0x950B, 0xD2B3, 0xEAF5, 0xFB37, 0xF316, 0xF316, 0xF315, 0xEB16, 0xEAF5,
    0xCC11, 0x8E88, 0x8EC9, 0x7E28, 0x5CE7, 0x6548, 0x6D67, 0x7E28, 0x6D67, 0x6D47, 0x6D67, 0x8648,
    0x8EC9, 0x8669, 0x7E08, 0x7DE8, 0x7587, 0x6D67, 0x6547, 0x6548, 0x6D67, 0x75A8, 0x75C7, 0x8D4A,
    0xD2B3, 0xEB16, 0xF316, 0xF316, 0xF316, 0xEB15, 0xEAF5, 0xEB16, 0xD392, 0x8628, 0x7E28, 0x7E28,
    0x6D68, 0x6D88, 0x7588, 0x7587, 0x7588, 0x7587, 0x7DE8, 0x7E08, 0x96E9, 0x9709, 0x8EC9, 0x7E28,
    0x7DC8, 0x7587, 0x7588, 0x6D88, 0x75A9, 0x75C8, 0x8628, 0x8648, 0xEAF5, 0xEB16, 0xFB37, 0xF316,
    0xF316, 0xEAF5, 0xEAF6, 0xE2D4, 0xD2B3, 0x75A7, 0x7DA8, 0x7587, 0x6567, 0x6548, 0x6547, 0x7588,
    0x75A7, 0x7DC8, 0x75C7, 0x7E08, 0x8648, 0x8E89, 0x8648, 0x8EA9, 0x7E28, 0x7E08, 0x7608, 0x7609,
    0x75E8, 0x7E29, 0x7E08, 0x8669, 0xEAF5, 0xF316, 0xF316, 0xF316, 0xEAF5, 0xDAD4, 0xD2B3, 0xCA92,
    0xB250, 0x6D27, 0x75A7, 0x75A8, 0x75A8, 0x6548, 0x75A8, 0x75C8, 0x7DE8, 0x7DE7, 0x7DE8, 0x7E08,
    0x8608, 0x8648, 0x9709, 0x8628, 0x8628, 0x8648, 0x8649, 0x75C8, 0x75C9, 0x75C8, 0x8628, 0x8648,
    0xFB58, 0xF316, 0xFB37, 0xE2D4, 0xCA92, 0xD2B3, 0xBA71, 0xA20F, 0x9A0E, 0x7587, 0x8608, 0x7DE8,
    0x75E8, 0x6DA9, 0x6DA8, 0x7DE8, 0x7DE8, 0x7E08, 0x7DE7, 0x8628, 0x7E28, 0x8628, 0x8688, 0x8648,
    0x9709, 0x9709, 0x7E68, 0x75C8, 0x6DC8, 0x75E8, 0x7E08, 0x8E89, 0xFB58, 0xFB79, 0xF316, 0xE2D4,
    0xCA92, 0xCA92, 0xBA71, 0xBA51, 0xB230, 0x7DE8, 0x8688, 0x75A7, 0x75C8, 0x6D88, 0x75A8, 0x75C7,
    0x8608, 0x7DE8, 0x8628, 0x7DE8, 0x8608, 0x8628, 0x8E69, 0x96E9, 0x8EA9, 0x8EA9, 0x8649, 0x75E8,
    0x75E9, 0x7E08, 0x8628, 0x8E88, 0xFB58, 0xFB79, 0xF316, 0xDAB3, 0xDAB4, 0xEAF5, 0xDAB4, 0x99EE,
    0xBA51, 0x8EC9, 0x7DC8, 0x7DC7, 0x75C8, 0x6DA8, 0x6DA8, 0x7DE8, 0x7DE7, 0x7DC7, 0x7DC7, 0x7E08,
    0x8648, 0x8EC9, 0x8EE9, 0x8E88, 0x8648, 0x7DE8, 0x75E7, 0x6DA8, 0x6D88, 0x7DE8, 0x7E07, 0x9709,
    0xFB16, 0xFB58, 0xF316, 0xD293, 0xC271, 0xD2B3, 0xC272, 0xC271, 0xB230, 0x6D06, 0x6D46, 0x7E08,
    0x75C8, 0x6D67, 0x75A8, 0x7DC8, 0x7DE8, 0x7DE7, 0x7DE8, 0x7DE8, 0x8648, 0x8648, 0x8628, 0x7DE7,
    0x8E68, 0x8628, 0x7DE8, 0x7E69, 0x86AA, 0x9729, 0x96C9, 0x96AA, 0xFB37, 0xF316, 0xF316, 0xDAB4,
    0xDAB4, 0xDAB3, 0xDAD4, 0xDAD4, 0xCAD2, 0x64E6, 0x8608, 0x7DC7, 0x75A7, 0x6D68, 0x6D87, 0x7DE8,
    0x7DE7, 0x7DE8, 0x7DE7, 0x7E08, 0x7DE7, 0x8628, 0x8648, 0x7DE8, 0x7E28, 0x8608, 0x6D87, 0x6D88,
    0x6D88, 0x8669, 0x7E07, 0xA5AC, 0xF2F6, 0xEAF5, 0xFB37, 0xEAF5, 0xDAB4, 0xEAF6, 0xEAF5, 0xFB37,
    0xD3D2, 0x7DA7, 0x7DC7, 0x7DE8, 0x75C8, 0x6DA8, 0x75C8, 0x7DE8, 0x7DE8, 0x7DE8, 0x8608, 0x7E08,
    0x7DC8, 0x7E08, 0x8649, 0x7DE8, 0x7DE8, 0x7DE8, 0x75C8, 0x5CC7, 0x6D68, 0x6D47, 0x7587, 0x9D4B,
    0xD3D3, 0xD3D2, 0xCBB2, 0xD3D2, 0xC391, 0xCBB1, 0xDBF3, 0xD3B2, 0xB46E, 0x7567, 0x75A7, 0x7E08,
    0x03B4, 0x0416, 0x0458, 0x2415, 0x23D3, 0x0C36, 0x04BA, 0x04BA, 0x0479, 0x0437, 0x0437, 0x0458,
    0x0437, 0x04FB, 0x0478, 0x0499, 0x1372, 0x0437, 0x051C, 0x04FB, 0x0479, 0x0478, 0x0479, 0x0C16,
    0x746F, 0x9CED, 0x4BF2, 0x33F7, 0x7BB7, 0x6392, 0x9D2F, 0x7C90, 0x6BAE, 0x0416, 0x03F6, 0x0478,
    0x04DA, 0x0499, 0x0458, 0x53F1, 0xEECB, 0xE5CA, 0xD4A9, 0xD2F4, 0xD293, 0xDCEA, 0xEE2A, 0xE5EA,
    0x3BF3, 0x03D5, 0x0417, 0x04BA, 0x0CBA, 0x0479, 0x0C17, 0x23D3, 0xBC29, 0xDC88, 0xD36C, 0xDAD4,
    0xCA93, 0xCAEC, 0xDC88, 0xBC29, 0x03D3, 0x0BF3, 0x1471, 0x14F8, 0x0CB5, 0x24EF, 0x1C6F, 0x1431,
    0x248D, 0x34AD, 0xB314, 0xCA92, 0xBA71, 0xC272, 0x9312, 0x1C50, 0x35AD, 0x35AD, 0x350C, 0x2C8A,
    0x34EB, 0x356C, 0x34EC, 0x2CAB, 0x2CCB, 0x34CC, 0xCAB2, 0xA20E, 0xB250, 0xBA71, 0x732D, 0x23A9,
    0x24CD, 0x1474, 0x0CD6, 0x14F7, 0x0CB6, 0x14B6, 0x14B3, 0x352C, 0x2D2C, 0x64AE, 0xE2D4, 0xC271,
    0xBA71, 0xC292, 0x4B8B, 0x2388, 0x23EA, 0x0458, 0x0D3C, 0x04FB, 0x0C99, 0x0437, 0x0C36, 0x35AD,
    0x3E0E, 0x84AF, 0xE2F5, 0xD2B3, 0xD2B3, 0xC292, 0x3C0B, 0x23C9, 0x1B07, 0x0C97, 0x0437, 0x0437,
    0x04B9, 0x0458, 0x04BA, 0x35F0, 0x362E, 0x94B0, 0xD2D3, 0xDAD4, 0xD2B3, 0xCAB3, 0x342A, 0x23A9,
    0x23C9, 0x0C95, 0x04FB, 0x051C, 0x04DA, 0x0437, 0x04DB, 0x2571, 0x3E0E, 0x848E, 0xDAF4, 0xDAD4,
    0xD2B3, 0xC292, 0x546A, 0x2388, 0x2C8B, 0x1492, 0x0479, 0x04DA, 0x04DA, 0x0458, 0x0416, 0x24EF,
    0x2D0C, 0x8CAD, 0xDAD4, 0xE2D4, 0xD2B3, 0xDAB4, 0x7D09, 0x2388, 0x352D, 0x250F, 0x0499, 0x0478,
    0x04DA, 0x055D, 0x1557, 0x2D0C, 0x34CC, 0x84EA, 0xE2F5, 0xDAD4, 0xDAD4, 0xDAD4, 0x9CEC, 0x4CA8,
    0x2D0C, 0x352D, 0x0499, 0x0499, 0x0458, 0x0457, 0x2CCC, 0x2D0C, 0x3D0A, 0x6CE7, 0xE2D5, 0xDAD4,
    0xDAB4, 0xE2D4, 0xAC6E, 0x75C8, 0x454B, 0x2D0C, 0x1517, 0x04BA, 0x0479, 0x140F, 0x240A, 0x2C6B,
    0x5CE8, 0x5CA6, 0xE334, 0xE2D5, 0xF316, 0xF2F6, 0xC431, 0x75A8, 0x55CB, 0x3DEF, 0x2531, 0x0416,
    0x03D4, 0x240A, 0x23C9, 0x4488, 0x5D07, 0x6D27, 0xCAF2, 0xEAF6, 0xFB17, 0xF317, 0xC411, 0x7DE8,
    0x6E0B, 0x35EE, 0x358E, 0x0CB7, 0x14B6, 0x2C4A, 0x4CEA, 0x75C8, 0x6D48, 0x64A6, 0xCB12, 0xE2D5,
    0xEAF6, 0xEAD5, 0xCC52, 0x7E08, 0x7649, 0x356D, 0x2D2C, 0x2511, 0x1472, 0x3CAA, 0x8648, 0x7E09,
    0x75E8, 0x7DE8, 0xC2B1, 0xC252, 0xD293, 0xF2F6, 0xBC6F, 0x8EA9, 0x7E8A, 0x55EB, 0x35AE, 0x352C,
    0x248E, 0x8689, 0x970A, 0x7608, 0x75E8, 0x8589, 0xD293, 0xD293, 0xDAB4, 0xF2F6, 0xB54E, 0x8EE9,
    0x6DC8, 0x75C8, 0x3DCC, 0x354D, 0x5DA9, 0x8EC9, 0x8668, 0x7609, 0x7E49, 0xAD4D, 0xDAB4, 0xE2D5,
    0xEAF5, 0xF2F6, 0x8509, 0x8648, 0x75E9, 0x7E08, 0x7E29, 0x3D4C, 0x8649, 0x8689, 0x8669, 0x7E69,
    0x972A, 0xCD11, 0xFB58, 0xFB79, 0xFB58, 0xEB35, 0x75A8, 0x75A7, 0x6DA8, 0x8EC9, 0x9F6A, 0x974A,
    0x8EA9, 0x8669, 0x7E48, 0x6DA8, 0x75E8, 0xD412, 0xFB58, 0xFB99, 0xFB78, 0xD3D3, 0x7567, 0x6D47,
    0x7E09, 0x8EC9, 0x972A, 0x8EE9, 0x8EA9, 0x8648, 0x7DE9, 0x5CE7, 0x7588, 0xDB94, 0xFB78, 0xFB78,
    0xFB57, 0xBBB0, 0x5C86, 0x5CA6, 0x75E8, 0x8669, 0x8668, 0x8669, 0x7E28, 0x7E28, 0x6DA8, 0x6528,
    0x6507, 0xDB54, 0xF336, 0xF336, 0xF336, 0xB3CF, 0x64C6, 0x64E7, 0x75C9, 0x7E08, 0x8649, 0x7E28,
    0x7E09, 0x7DE8, 0x75A8, 0x6528, 0x5406, 0xC311, 0xEB15, 0xE2F4, 0xDAD4, 0xBB50, 0x64C7, 0x5CC7,
    0x6D88, 0x7E08, 0x7E08, 0x7E29, 0x7E28, 0x7DE8, 0x6D88, 0x5CC7, 0x5445, 0xABAF, 0xE2F4, 0xEB15,
    0xD2B3, 0xD333, 0x6506, 0x6D27, 0x75C9, 0x7DE8, 0x7DC8, 0x7E08, 0x8EA9, 0x7E48, 0x75A8, 0x6548,
    0x6D48, 0x944C, 0xDAD4, 0xEAF5, 0xEB15, 0xE2F5, 0x7508, 0x6D47, 0x6548, 0x6D68, 0x75C7, 0x7DE8,
    0x8668, 0x7E28, 0x6527, 0x6D68, 0x6D67, 0x852A, 0xDAD4, 0xF316, 0xEB15, 0xEB16, 0x9D2B, 0x7E28,
    0x6D48, 0x75A8, 0x7588, 0x7DE8, 0x8EC9, 0x8648, 0x7588, 0x6D68, 0x75A8, 0x7DE8, 0xEAF5, 0xF316,
    0xF316, 0xEAF5, 0xAC8D, 0x7DE8, 0x6567, 0x7588, 0x75C7, 0x7DE8, 0x8648, 0x8689, 0x7E28, 0x7E09,
    0x75C8, 0x8648, 0xF316, 0xF316, 0xDAB3, 0xC271, 0x8BCB, 0x7DC8, 0x75A8, 0x75C8, 0x7E08, 0x7E08,
    0x8628, 0x8688, 0x96E9, 0x7E08, 0x75E8, 0x8648, 0xFB79, 0xE2F5, 0xD2B3, 0xBA51, 0xA44C, 0x7DE8,
    0x6DA8, 0x75C8, 0x7DC7, 0x7DE8, 0x8668, 0x8668, 0x7E28, 0x75E8, 0x7E49, 0x8EA9, 0xF316, 0xE2F5,
    0xD293, 0xD2B3, 0x93AB, 0x7DC7, 0x75A8, 0x75C8, 0x7DE8, 0x7E08, 0x8608, 0x8628, 0x8608, 0x6D67,
    0x75A8, 0x8DAA, 0xE374, 0xDB54, 0xD353, 0xE374, 0x9CCC, 0x7DC7, 0x03D5, 0x0C99, 0x0C36, 0x0499,
    0x4473, 0x2416, 0x3C17, 0x44B4, 0x2BD3, 0x0457, 0x0CBA, 0x2414, 0xDD4A, 0xD36F, 0xD34F, 0xDD29,
    0x1CB0, 0x24B0, 0x24EF, 0x24AE, 0x2CAC, 0xBA92, 0xBA51, 0x538E, 0x1C71, 0x0CF9, 0x0C97, 0x24F0,
    0x552E, 0xD2D3, 0xCA92, 0x33AA, 0x13EF, 0x0499, 0x0478, 0x1D36, 0x5D4E, 0xDAD4, 0xCAB2, 0x33E9,
    0x24CF, 0x0499, 0x04DB, 0x1CD2, 0x5CEC, 0xE2D4, 0xDAD4, 0x6489, 0x352C, 0x0CB9, 0x0455, 0x2C8B,
    0x54E8, 0xE2F5, 0xE2D5, 0x950C, 0x4DED, 0x1CD3, 0x1C30, 0x44C9, 0x6D07, 0xDAF4, 0xF316, 0xA50D,
    0x5E0A, 0x2D4E, 0x3D0C, 0x8669, 0x75C8, 0xCA92, 0xE2B4, 0xA5CC, 0x75E8, 0x4DAB, 0x7E49, 0x7E49,
    0xA5EC, 0xEB16, 0xF336, 0x7DA8, 0x7E49, 0x972A, 0x8688, 0x75A8, 0xA4AD, 0xFB79, 0xE374, 0x6507,
    0x7E29, 0x8648, 0x7E29, 0x6568, 0x9BED, 0xEB15, 0xCB52, 0x5CC6, 0x75C8, 0x7E08, 0x7E28, 0x6D48,
    0x7C49, 0xE2F4, 0xDAF4, 0x6D27, 0x6D68, 0x75C7, 0x8669, 0x6D67, 0x7D89, 0xEAF5, 0xEB16, 0x8D6A,
    0x6D88, 0x7DE8, 0x8648, 0x8649, 0x7E08, 0xF317, 0xCA92, 0x8CEA, 0x75A8, 0x7DE8, 0x8648, 0x75E8,
    0x8629, 0xE335, 0xDB14, 0x8509, 0x0C16, 0x0C57, 0x8450, 0x8C51, 0x1CB3, 0x1CD1, 0x8BD0, 0x830F,
    0x0C74, 0x14D7, 0x9BF0, 0x936E, 0x2D32, 0x246E, 0xA3EE, 0xC3F1, 0x4DAB, 0x6E0A, 0xB44F, 0xBC50,
    0x8689, 0x75E8, 0xCBD2, 0x9C2D, 0x75A8, 0x75E8, 0xABEF, 0xB42F, 0x7DC8, 0x7E28, 0xBCAF, 0xABCE,
    0x1474, 0x83F0, 0x1CD3, 0xA3CF, 0x6E09, 0xBC30, 0x7DE8, 0xB42F, 0x5431, 0x950C,
};

// direct RGB565 mip chains: 5461 halfwords per tile
constexpr uint16_t kPageDirect[6][5461] = {
    {
        0x2CAA, 0x2CAA, 0x2CAA, 0x2CAA, 0x2CAA, 0x0499, 0x0499, 0x0499, 0x0499, 0x0499, 0x0499, 0x0499,
        0x0499, 0x0499, 0x0499, 0x0499, 0x0499, 0x0499, 0x05BF, 0x05BF, 0x059F, 0x0499, 0x04FC, 0x057E,
        0x051C, 0x0499, 0x04DA, 0x0499, 0x2C8A, 0x356C, 0x2CAB, 0x2C8A, 0x2CAA, 0x35AD, 0x2CEB, 0x2368,
        0x2C6A, 0x350B, 0x2C4A, 0x23E9, 0x2C6A, 0xCA72, 0xFB18, 0xFB9B, 0xFBBC, 0xFB9B, 0xFBBC, 0xFBBC,
        0xFBBC, 0xFB59, 0xFB7A, 0xFB9B, 0xFB7A, 0xFBBC, 0xFBBC, 0xFBBC, 0xFB59, 0xF2F6, 0xC252, 0x2CAB,
        0x23A8, 0x2C4A, 0x2367, 0x2367, 0x2CAA, 0x2CAA, 0x2CAA, 0x2CAA, 0x2CAA, 0x0499, 0x0499, 0x0499,
        0x0499, 0x0499, 0x0499, 0x05BF, 0x0499, 0x0499, 0x0499, 0x0499, 0x05BF, 0x055E, 0x057E, 0x05BF,
        0x059F, 0x051C, 0x057E, 0x05BF, 0x05BF, 0x059F, 0x057E, 0x055E, 0x05BF, 0x352C, 0x2CCB, 0x350B,
        0x2C8A, 0x35AD, 0x2CAB, 0x2368, 0x350B, 0x352C, 0x23A8, 0x23A8, 0x2C29, 0xE2B5, 0xFB7A, 0xFBBC,
        0xFBBC, 0xFB7A, 0xFBBC, 0xFBBC, 0xFB59, 0xFB9B, 0xFBBC, 0xFB7A, 0xF2F6, 0xFB7A, 0xFBBC, 0xFB5A,
        0xF2F6, 0xDAB4, 0xDA94, 0x2409, 0x2367, 0x23C8, 0x2367, 0x2367, 0x2CAA, 0x2CAA, 0x2CAA, 0x2CAA,
        0x2CAA, 0x0499, 0x0499, 0x0499, 0x0499, 0x05BF, 0x0499, 0x05BF, 0x0499, 0x05BF, 0x05BF, 0x05BF,
        0x05BF, 0x04FB, 0x04BA, 0x057E, 0x04BA, 0x04BA, 0x04FC, 0x057E, 0x055E, 0x055E, 0x055E, 0x057E,
        0x05BF, 0x356C, 0x350B, 0x2CCB, 0x354C, 0x358D, 0x2C6A, 0x2368, 0x35AD, 0x350B, 0x23A8, 0x23E9,
        0x23E9, 0x2C29, 0xFBBC, 0xFBBC, 0xFBBC, 0xFBBC, 0xFBBC, 0xFBBC, 0xFBBC, 0xFBBC, 0xFB9B, 0xFB39,
        0xFBBC, 0xFBBC, 0xFBBC, 0xF2F6, 0xD293, 0xF2D6, 0xFB17, 0xB230, 0x2367, 0x2388, 0x2367, 0x2367,
        0x2CAA, 0x2CAA, 0x2CAA, 0x2CAA, 0x2CAA, 0x0499, 0x0499, 0x0499, 0x05BF, 0x0499, 0x0499, 0x0499,
        0x0499, 0x05BF, 0x05BF, 0x059F, 0x051C, 0x0499, 0x053D, 0x051C, 0x04BA, 0x04DB, 0x04DB, 0x057E,
        0x059F, 0x055E, 0x051C, 0x05BF, 0x057E, 0x352C, 0x354C, 0x352C, 0x2CAB, 0x352C, 0x2C4A, 0x2409,
        0x35AD, 0x2CAB, 0x2CAB, 0x23E9, 0x23A8, 0x2C4A, 0xFBBC, 0xFBBC, 0xFBBC, 0xFBBC, 0xFBBC, 0xFBBC,
        0xFB7A, 0xFB59, 0xE2D5, 0xFB7A, 0xFBBC, 0xFBBC, 0xFB39, 0xCA72, 0xFB17, 0xFB7A, 0xC251, 0xB230,
        0x2409, 0x2368, 0x2367, 0x2367, 0x2CAA, 0x2CAA, 0x2CAA, 0x2CAA, 0x2CAA, 0x2CAA, 0x0499, 0x0499,
        0x05BF, 0x05BF, 0x05BF, 0x0499, 0x05BF, 0x059F, 0x055E, 0x0479, 0x0458, 0x04DA, 0x04FB, 0x051C,
        0x04FB, 0x0479, 0x04FC, 0x05BF, 0x05BF, 0x059F, 0x05BF, 0x059F, 0x053D, 0x057E, 0x354C, 0x356C,
        0x2C8A, 0x2CAB, 0x2C6A, 0x2C8A, 0x352C, 0x2CCB, 0x2CCB, 0x2C4A, 0x23E9, 0x2CAB, 0x2C29, 0xFB9C,
        0xFBBC, 0xFB9C, 0xFB9C, 0xFB59, 0xFB17, 0xFB59, 0xFBBC, 0xFBBC, 0xFB59, 0xEAD6, 0xC252, 0xD294,
        0xFB17, 0xB230, 0xB230, 0xB230, 0xB230, 0x2367, 0x2367, 0x2367, 0x2CAA, 0x2CAA, 0x2CAA, 0x2CAA,
        0x2CAA, 0x2CAA, 0x0499, 0x0499, 0x0499, 0x05BF, 0x05BF, 0x05BF, 0x057F, 0x055D, 0x04FB, 0x04FC,
        0x0499, 0x04DA, 0x04BA, 0x0499, 0x0458, 0x0437, 0x04DB, 0x05BF, 0x055E, 0x051C, 0x059F, 0x04FC,
        0x059F, 0x057E, 0x2C8A, 0x35AD, 0x2CAA, 0x23C9, 0x2C4A, 0x2CCB, 0x354C, 0x2CCB, 0x2C4A, 0x2C4A,
        0x2C8A, 0x350B, 0x8EEA, 0xFB7A, 0xFBBC, 0xFBBC, 0xFB7A, 0xF2D6, 0xFB7A, 0xFBBC, 0xFBBC, 0xFB59,
        0xFAF7, 0xC272, 0xBA51, 0xFAF7, 0xBA51, 0xB230, 0xB230, 0xBA51, 0xC252, 0x2368, 0x2367, 0x23C9,
        0x2CAA, 0x2CAA, 0x2CAA, 0x2CAA, 0x2CAA, 0x2CAA, 0x0499, 0x0499, 0x0499, 0x05BF, 0x05BF, 0x05BF,
        0x051C, 0x04DB, 0x04FC, 0x04DA, 0x0479, 0x0479, 0x0437, 0x0437, 0x0458, 0x053D, 0x04FB, 0x051C,
        0x0479, 0x04FB, 0x053D, 0x059F, 0x055E, 0x04FC, 0x2CCB, 0x35AD, 0x2CAB, 0x2C4A, 0x358D, 0x2C8A,
        0x350C, 0x2CEB, 0x2CEB, 0x2CCB, 0x354C, 0x2CAA, 0x7E29, 0xEAD6, 0xFB7A, 0xFB9B, 0xFB59, 0xFB5A,
        0xFBBC, 0xFBBC, 0xFB7B, 0xE2B5, 0xB230, 0xB230, 0xB230, 0xC272, 0xB230, 0xB230, 0xBA31, 0xC252,
        0xD293, 0x2367, 0x2367, 0x2C4A, 0x2CAA, 0x2CAA, 0x2CAA, 0x2CAA, 0x2CAA, 0x0499, 0x0499, 0x0499,
        0x05BF, 0x05BF, 0x05BF, 0x05BF, 0x059F, 0x053D, 0x04BA, 0x04FB, 0x04FB, 0x04FB, 0x0437, 0x0479,
        0x053D, 0x055D, 0x051C, 0x04BA, 0x0499, 0x0499, 0x051C, 0x0458, 0x04BA, 0x2CAB, 0x35AD, 0x35AD,
        0x2C8A, 0x2CEB, 0x35AD, 0x2CCB, 0x350B, 0x350C, 0x2CEB, 0x2CAB, 0x2CCB, 0x8669, 0x7E08, 0xFB59,
        0xFB59, 0xFB59, 0xFB7A, 0xFB9B, 0xFB9C, 0xFBBC, 0xF2D6, 0xB230, 0xB230, 0xC272, 0xB230, 0xB230,
        0xB230, 0xB230, 0xB230, 0xB230, 0xB230, 0x2367, 0x2367, 0x2C4A, 0x2CAA, 0x2CAA, 0x2CAA, 0x2CAA,
        0x2CAA, 0x0499, 0x0499, 0x0499, 0x05BF, 0x05BF, 0x05BF, 0x05BF, 0x05BF, 0x057E, 0x055D, 0x055E,
        0x04FC, 0x04BA, 0x0458, 0x04BA, 0x059F, 0x0458, 0x03F6, 0x03D5, 0x0416, 0x03D5, 0x03B5, 0x04BA,
        0x0458, 0x2C6A, 0x35AD, 0x35AD, 0x2CCB, 0x354C, 0x356C, 0x354C, 0x2CCB, 0x356C, 0x2C8A, 0x2CAA,
        0x8EA9, 0x75C8, 0x7E08, 0xFB38, 0xFB7A, 0xFB9C, 0xFB9B, 0xFB7B, 0xFB9B, 0xFBBC, 0xFB38, 0xB230,
        0xB230, 0xD293, 0xB230, 0xB230, 0xB230, 0xB230, 0xB230, 0xCA72, 0xB230, 0x2367, 0x2C6A, 0x23C9,
        0x2CAA, 0x2CAA, 0x2CAA, 0x2CAA, 0x2CAA, 0x0499, 0x0499, 0x05BF, 0x05BF, 0x05BF, 0x05BF, 0x05BF,
        0x05BF, 0x05BF, 0x05BF, 0x059F, 0x05BF, 0x053D, 0x051C, 0x059F, 0x051C, 0x0437, 0x03F6, 0x0458,
        0x0458, 0x0393, 0x0458, 0x04BA, 0x03F6, 0x358D, 0x35AD, 0x35AD, 0x2C8A, 0x356C, 0x356C, 0x35AD,
        0x34EB, 0x352C, 0x2CAB, 0x8649, 0x7DE8, 0x6D27, 0x75A8, 0xFB59, 0xFBBC, 0xFBBC, 0xFB59, 0xFB7B,
        0xFB59, 0xFB59, 0xFB59, 0xCA73, 0xB230, 0xB230, 0xB230, 0xB230, 0xB230, 0xB230, 0xB230, 0xB230,
        0xB230, 0x5C66, 0x2367, 0x23A8, 0x2CAA, 0x2CAA, 0x2CAA, 0x2CAA, 0x2CAA, 0x0499, 0x05BF, 0x05BF,
        0x05BF, 0x05BF, 0x05BF, 0x05BF, 0x05BF, 0x05BF, 0x059F, 0x05BF, 0x05BF, 0x04DA, 0x051C, 0x059F,
        0x04DA, 0x0353, 0x03F6, 0x0479, 0x0437, 0x0417, 0x03D5, 0x0416, 0x03D5, 0x35AD, 0x35AD, 0x358D,
        0x352C, 0x356C, 0x354C, 0x35AD, 0x2CEB, 0x2CEB, 0x86A9, 0x8669, 0x7E29, 0x8EA9, 0x7E08, 0xFB7B,
        0xFB9B, 0xFBBC, 0xFAF7, 0xFB7B, 0xFB38, 0xDA94, 0xEAD5, 0xE2B5, 0xC252, 0xCA72, 0xB230, 0xB230,
        0xB230, 0xB230, 0xB230, 0xB230, 0xB230, 0x5C66, 0x23E9, 0x23A8, 0x2CAA, 0x2CAA, 0x2CAA, 0x2CAA,
        0x2CAA, 0x0499, 0x05BF, 0x05BF, 0x05BF, 0x05BF, 0x05BF, 0x05BF, 0x05BF, 0x05BF, 0x05BF, 0x05BF,
        0x05BF, 0x051C, 0x059F, 0x05BF, 0x04BA, 0x0373, 0x0417, 0x04BA, 0x0478, 0x03D5, 0x03D5, 0x2CAB,
        0x358D, 0x35AD, 0x35AD, 0x2CAB, 0x2CCB, 0x356C, 0x354C, 0x358D, 0x350C, 0x7E49, 0x7E08, 0x6D67,
        0x7DE8, 0x8EC9, 0xFB18, 0xFB5A, 0xFB7A, 0xFB7A, 0xFB38, 0xFB9B, 0xFB17, 0xEAD5, 0xFB17, 0xF2F6,
        0xC252, 0xF2F6, 0xC252, 0xB230, 0xB230, 0xB230, 0xBA51, 0xB230, 0x6507, 0x6D07, 0x352C, 0x23A8,
        0x2CAA, 0x2CAA, 0x2CAA, 0x2CAA, 0x2CAA, 0x05BF, 0x05BF, 0x05BF, 0x05BF, 0x05BF, 0x05BF, 0x05BF,
        0x059F, 0x055E, 0x04FB, 0x059F, 0x059F, 0x057E, 0x05BF, 0x05BF, 0x04FB, 0x0479, 0x0499, 0x03F6,
        0x03B5, 0x03F6, 0x354C, 0x352C, 0x35AD, 0x35AD, 0x35AD, 0x354C, 0x35AD, 0x35AD, 0x356C, 0x356C,
        0x8F0A, 0x8669, 0x7E08, 0x8649, 0x972A, 0x970A, 0xFB39, 0xFB7A, 0xFBBC, 0xFB38, 0xEAD5, 0xFB7A,
        0xFB38, 0xDAB4, 0xE2B5, 0xEAD5, 0xB230, 0xEAD6, 0xB230, 0xB230, 0xB230, 0xB230, 0xB230, 0xC272,
        0x75A8, 0x64C7, 0x352C, 0x2409, 0x2CAA, 0x2CAA, 0x2CAA, 0x2CAA, 0x2CAA, 0x2CAA, 0x057F, 0x05BF,
        0x05BF, 0x05BF, 0x05BF, 0x05BF, 0x057E, 0x04BA, 0x04FB, 0x05BF, 0x05BF, 0x059F, 0x05BF, 0x05BF,
        0x03F6, 0x0437, 0x0458, 0x0478, 0x0416, 0x2CCB, 0x358C, 0x2CCB, 0x35AD, 0x35AD, 0x2CAB, 0x350B,
        0x35AD, 0x35AD, 0x35AD, 0x8669, 0x8EEA, 0x7DE8, 0x7588, 0x7E29, 0x8689, 0x7588, 0xD273, 0xF2F6,
        0xFBBC, 0xFB38, 0xFB17, 0xFB9B, 0xFB7A, 0xF2F6, 0xDAB4, 0xD293, 0xC252, 0xD293, 0xB230, 0xD273,
        0xC252, 0xB230, 0xB230, 0xC252, 0x6D88, 0x5C66, 0x2388, 0x23A8, 0x2CAA, 0x2CAA, 0x2CAA, 0x2CAA,
        0x2CAA, 0x2CAA, 0x057E, 0x055E, 0x05BF, 0x05BF, 0x05BF, 0x057E, 0x04DB, 0x04DB, 0x057E, 0x05BF,
        0x059F, 0x055E, 0x057E, 0x04DB, 0x03D5, 0x03F6, 0x0458, 0x04BA, 0x352C, 0x352C, 0x358D, 0x35AD,
        0x35AD, 0x35AD, 0x350B, 0x35AD, 0x35AD, 0x354C, 0x7588, 0x7E08, 0x8669, 0x7E08, 0x7E08, 0x75A8,
        0x75E8, 0xFB38, 0xC252, 0xFB17, 0xFBBC, 0xFB39, 0xEAD6, 0xFB59, 0xE2B5, 0xE2B4, 0xC252, 0xC252,
        0xCA73, 0xC251, 0xB230, 0xE2D5, 0xCA72, 0xB230, 0xB230, 0x8EC9, 0x7588, 0x64C6, 0x2388, 0x23C8,
        0x2CAA, 0x2CAA, 0x2CAA, 0x2CAA, 0x2CAA, 0x2CAA, 0x2CAA, 0x059F, 0x05BF, 0x05BF, 0x05BF, 0x053D,
        0x0478, 0x0479, 0x055D, 0x059F, 0x057E, 0x04BA, 0x051C, 0x04FB, 0x0373, 0x03B5, 0x03B4, 0x0437,
        0x2CAB, 0x354C, 0x356C, 0x35AD, 0x35AD, 0x2CAB, 0x35AD, 0x35AD, 0x35AD, 0x8669, 0x75C8, 0x7E29,
        0x8EEA, 0x8669, 0x7DE8, 0x6D47, 0x7DE8, 0xFB59, 0xEAD6, 0xDA94, 0xFB17, 0xFB38, 0xE2B5, 0xE2B5,
        0xE2B5, 0xFB17, 0xD273, 0xDA94, 0xB230, 0xB230, 0xB230, 0xBA51, 0xB230, 0xB230, 0xC252, 0x8689,
        0x6D27, 0x5C66, 0x2409, 0x2409, 0x35AD, 0x2CAA, 0x2CAA, 0x2CAA, 0x2CAA, 0x2CAA, 0x2CAA, 0x2CAA,
        0x057E, 0x05BF, 0x05BF, 0x055E, 0x0479, 0x051C, 0x057E, 0x05BF, 0x05BF, 0x0499, 0x04FB, 0x0437,
        0x0353, 0x0373, 0x0353, 0x2CAB, 0x2CAB, 0x350B, 0x35AD, 0x35AD, 0x356C, 0x35AD, 0x35AD, 0x35AD,
        0x8EC9, 0x7DE8, 0x8649, 0x8EEA, 0x8EEA, 0x972A, 0x8669, 0x6D67, 0xEAD6, 0xFB18, 0xFB18, 0xC272,
        0xEAD6, 0xFB39, 0xFB17, 0xC252, 0xDAB4, 0xCA72, 0xC251, 0xB230, 0xB230, 0xB230, 0xBA51, 0xC252,
        0xB230, 0xB230, 0x6D47, 0x75C8, 0x5C66, 0x5C66, 0x5CA6, 0x2367, 0x2CEB, 0x35AD, 0x35AD, 0x35AD,
        0x352C, 0x2CAA, 0x2CAA, 0x2CAA, 0x2CAA, 0x059F, 0x059F, 0x04FC, 0x04FC, 0x055E, 0x051C, 0x05BF,
        0x05BF, 0x051C, 0x0499, 0x0437, 0x0373, 0x0373, 0x2CEB, 0x358C, 0x352C, 0x354C, 0x35AD, 0x35AD,
        0x352C, 0x35AD, 0x35AD, 0x9F8B, 0x8F0A, 0x8689, 0x8EC9, 0x9F8B, 0x8649, 0x8689, 0x8689, 0x75C8,
        0xEAD6, 0xFB59, 0xF2F7, 0xEAD5, 0xE2B4, 0xFB38, 0xFB17, 0xD293, 0xBA31, 0xCA72, 0xBA31, 0xB230,
        0xB230, 0xB230, 0xC272, 0xBA31, 0xB231, 0xDA94, 0x7588, 0x5C66, 0x5C66, 0x5C86, 0x75A8, 0x2367,
        0x352C, 0x35AD, 0x352C, 0x354C, 0x356C, 0x35AD, 0x356C, 0x2C8A, 0x2367, 0x2367, 0x051C, 0x051C,
        0x053D, 0x051C, 0x055D, 0x05BF, 0x05BF, 0x057E, 0x0479, 0x0437, 0x0352, 0x0416, 0x358D, 0x356C,
        0x35AD, 0x35AD, 0x35AD, 0x35AD, 0x35AD, 0x35AD, 0x8EEA, 0x9F8B, 0x970A, 0x7E29, 0x7E08, 0x8F0A,
        0x8649, 0x7E29, 0x7DE8, 0xEAD6, 0xE2B5, 0xEAD6, 0xDAB4, 0xEAD6, 0xD293, 0xEAD6, 0xF2F6, 0xEAD5,
        0xD293, 0xE2B5, 0xC252, 0xB230, 0xB230, 0xB230, 0xB230, 0xB230, 0xB230, 0x6507, 0x5C66, 0x5C66,
        0x5C66, 0x6D27, 0x7DE8, 0x8649, 0x9F8B, 0x358D, 0x354C, 0x350C, 0x2CEB, 0x356C, 0x352C, 0x35AD,
        0x35AD, 0x2CAB, 0x350B, 0x04BA, 0x055E, 0x057E, 0x059F, 0x05BF, 0x05BF, 0x05BF, 0x0416, 0x0416,
        0x0437, 0x0416, 0x35AD, 0x352C, 0x2CEB, 0x35AD, 0x35AD, 0x352C, 0x35AD, 0x9F8B, 0x972A, 0x8F0A,
        0x972A, 0x8EC9, 0x8649, 0x7E29, 0x8649, 0x75C8, 0x7DE8, 0xFB17, 0xD293, 0xC252, 0xC251, 0xFB18,
        0xCA73, 0xDA94, 0xE2B5, 0xEAD5, 0xEAD5, 0xDAB4, 0xE2B4, 0xE2B4, 0xD293, 0xC252, 0xB230, 0xB230,
        0xB230, 0x5C66, 0x5C66, 0x64C6, 0x6D27, 0x5CA6, 0x64E7, 0x7E29, 0x9F8B, 0x976A, 0x35AD, 0x356C,
        0x356C, 0x350C, 0x2C6A, 0x2CEB, 0x358D, 0x350B, 0x2C8A, 0x350B, 0x055D, 0x05BF, 0x053D, 0x04FC,
        0x053D, 0x059F, 0x04BA, 0x053D, 0x0437, 0x35AD, 0x350C, 0x2C29, 0x23A8, 0x23E9, 0x2C29, 0x356C,
        0x974A, 0x9F8A, 0x972A, 0x7DE8, 0x8EC9, 0x8649, 0x8EEA, 0x8EEA, 0x8EC9, 0x7E08, 0xF2F6, 0xEAD6,
        0xDAB4, 0xB230, 0xDA94, 0xFB9B, 0xE2B5, 0xDAB4, 0xDAB4, 0xEAD5, 0xD273, 0xC252, 0xCA72, 0xDA94,
        0xE2D5, 0xE2D5, 0xBA31, 0xB230, 0x5C66, 0x5C66, 0x5C66, 0x5C86, 0x6507, 0x75A8, 0x7E08, 0x6D68,
        0x9F8B, 0x8F0A, 0x75C8, 0x35AD, 0x35AD, 0x35AD, 0x35AD, 0x350B, 0x352C, 0x35AD, 0x352C, 0x354C,
        0x05BF, 0x05BF, 0x055D, 0x051C, 0x04FC, 0x051C, 0x04FB, 0x04FC, 0x0499, 0x356C, 0x354C, 0x2C29,
        0x2C4A, 0x2CCB, 0x2CEB, 0x8F0A, 0x9F8B, 0x9F8B, 0x9F6A, 0x972A, 0x8F0A, 0x970A, 0x9F8B, 0x8F0A,
        0x8F0A, 0x86A9, 0xEAD5, 0xEAD5, 0xC252, 0xD293, 0xE2B5, 0xFB17, 0xFAF7, 0xDAB4, 0xC272, 0xD293,
        0xD293, 0xC252, 0xB230, 0xB230, 0xB230, 0xDA94, 0xFB17, 0xD293, 0x5C66, 0x5C66, 0x5C66, 0x5C66,
        0x5CA6, 0x6D67, 0x6D47, 0x7588, 0x972A, 0x8EEA, 0x75E8, 0x6D27, 0x35AD, 0x35AD, 0x35AD, 0x358C,
        0x35AD, 0x35AD, 0x35AD, 0x35AD, 0x2CEB, 0x05BF, 0x04DA, 0x04FB, 0x051C, 0x053D, 0x04FC, 0x04DB,
        0x0416, 0x2CEB, 0x352C, 0x356C, 0x35AD, 0x35AD, 0x352C, 0x8F0A, 0x976A, 0x9F8B, 0x8EEA, 0x8EEA,
        0x972A, 0x8EEA, 0x8EC9, 0x972A, 0x8EC9, 0x7E49, 0xFB17, 0xCA72, 0xBA31, 0xEAD5, 0xEAD6, 0xE2B4,
        0xFB5A, 0xEAD6, 0xCA72, 0xCA73, 0xBA31, 0xB230, 0xC252, 0xC252, 0xB230, 0xF2D6, 0xFB17, 0xFB7A,
        0x64A6, 0x5C86, 0x5C86, 0x5C66, 0x5C66, 0x5C66, 0x6D67, 0x6D67, 0x9F8B, 0x8649, 0x75C8, 0x6D47,
        0x8649, 0x354C, 0x354C, 0x35AD, 0x35AD, 0x352C, 0x352C, 0x2CAB, 0x2C29, 0x352C, 0x04BA, 0x0499,
        0x051C, 0x053D, 0x053D, 0x051C, 0x350C, 0x356C, 0x354C, 0x35AD, 0x2CAA, 0x352C, 0x86A9, 0x972A,
        0x9F8B, 0x9F8B, 0x9F8B, 0x9F8B, 0x8689, 0x8F0A, 0x9F8B, 0x9F6A, 0x7E28, 0x75A8, 0xE2D5, 0xBA51,
        0xB230, 0xE2B5, 0xEAD6, 0xEAD5, 0xFB7A, 0xFB7A, 0xD293, 0xDA94, 0xE2D5, 0xBA31, 0xB230, 0xB230,
        0xB230, 0xB230, 0xFB5A, 0xFB38, 0x75A8, 0x64C6, 0x5C66, 0x5C66, 0x6507, 0x5C66, 0x5C66, 0x5CA6,
        0x972A, 0x7E28, 0x7E28, 0x7588, 0x972A, 0x8689, 0x8EC9, 0x356C, 0x354C, 0x350C, 0x2C6A, 0x2368,
        0x2409, 0x2CAB, 0x2CAB, 0x0478, 0x0458, 0x04FB, 0x051C, 0x0458, 0x35AD, 0x358D, 0x35AD, 0x2CAA,
        0x35AD, 0x2CAA, 0x8669, 0x972A, 0x9F8B, 0x9F8B, 0x9F8B, 0x8EEA, 0x8EC9, 0x8F0A, 0x9F8B, 0x86A9,
        0x6507, 0x6D47, 0xCA72, 0xC272, 0xD293, 0xF2F6, 0xF2F6, 0xC252, 0xF2F6, 0xFB39, 0xBA31, 0xC272,
        0xC272, 0xBA51, 0xC251, 0xB230, 0xB230, 0xB230, 0xE2B5, 0xD293, 0x6D27, 0x5C66, 0x5C66, 0x5C66,
        0x6D27, 0x6D27, 0x64C6, 0x5C66, 0x8669, 0x7DE8, 0x75C8, 0x7DE8, 0x9F8A, 0x9F8B, 0x7E28, 0x7E29,
        0x354C, 0x35AD, 0x2CEB, 0x2CCB, 0x350B, 0x2CAA, 0x2CAB, 0x354C, 0x04DB, 0x053D, 0x051C, 0x03F5,
        0x358D, 0x352C, 0x35AD, 0x35AD, 0x2C8A, 0x7DE8, 0x8689, 0x9F8B, 0x9F6A, 0x972A, 0x972A, 0x8669,
        0x8F0A, 0x976A, 0x9F8B, 0x8669, 0x7E28, 0x7E08, 0xE2D5, 0xDAB4, 0xDAB4, 0xE2B5, 0xEAD6, 0xD293,
        0xD294, 0xE2D5, 0xD273, 0xD293, 0xEAD5, 0xBA31, 0xB230, 0xB230, 0xB230, 0xB230, 0xBA31, 0xBA31,
        0x64C7, 0x5C66, 0x5C66, 0x5C66, 0x75A8, 0x7588, 0x5CA6, 0x5C66, 0x8EEA, 0x75A8, 0x75C8, 0x86A9,
        0x8689, 0x8EEA, 0x6D27, 0x7588, 0x8669, 0x35AD, 0x358D, 0x35AD, 0x35AD, 0x2CCB, 0x2CCB, 0x2CCB,
        0x04FB, 0x04FB, 0x04BA, 0x35AD, 0x352C, 0x358C, 0x358C, 0x2C8A, 0x8EC9, 0x8EC9, 0x8669, 0x9F8A,
        0x9F8B, 0x86A9, 0x7E49, 0x974A, 0x8649, 0x8689, 0x7DE8, 0x8EC9, 0x6D27, 0x75C8, 0xFAF7, 0xD293,
        0xD293, 0xBA51, 0xDAB4, 0xC272, 0xE2B4, 0xD293, 0xDA94, 0xEAD5, 0xDAB4, 0xBA51, 0xB230, 0xB230,
        0xB230, 0xBA31, 0xB230, 0xD273, 0x6D27, 0x5C86, 0x5C86, 0x5C86, 0x64C6, 0x5C86, 0x6D27, 0x5C66,
        0x8EEA, 0x75C8, 0x6D27, 0x75A8, 0x8669, 0x8649, 0x75C8, 0x6D88, 0x7E29, 0x7E29, 0x8ECA, 0x350B,
        0x34EB, 0x2C6A, 0x350C, 0x34EB, 0x0458, 0x0437, 0x356C, 0x2C8A, 0x2C4A, 0x2C8A, 0x2C8A, 0x2C4A,
        0x7E28, 0x7E29, 0x86A9, 0x9F8B, 0x9F8B, 0x8EC9, 0x8EEA, 0x976A, 0x974A, 0x7E29, 0x75A8, 0x75A8,
        0x6D47, 0x8EEA, 0xFB38, 0xFB38, 0xE2B5, 0xC252, 0xE2B4, 0xEAD6, 0xFAF7, 0xEAD5, 0xF2F6, 0xF2F6,
        0xFB17, 0xEAD6, 0xB230, 0xB230, 0xB230, 0xBA51, 0xCA72, 0xC252, 0x5C66, 0x5C66, 0x6507, 0x5C66,
        0x5C66, 0x5C66, 0x6507, 0x5C66, 0x8649, 0x75E8, 0x75A8, 0x6D47, 0x7E08, 0x6D47, 0x75A8, 0x7E49,
        0x976A, 0x974A, 0x7E29, 0x75C8, 0x2CEB, 0x2CAB, 0x350C, 0x350B, 0x352C, 0x0479, 0x2CCB, 0x2C29,
        0x2CEB, 0x2C8A, 0x2C4A, 0x972A, 0x75A8, 0x7588, 0x8689, 0x9F8B, 0x8F0A, 0x75C8, 0x75C8, 0x8669,
        0x972A, 0x8669, 0x7588, 0x7588, 0x75A8, 0x7E28, 0xFB7A, 0xFB38, 0xFB38, 0xEAD5, 0xDAB4, 0xDAB4,
        0xFB17, 0xF2F7, 0xD293, 0xEAD5, 0xF2F6, 0xFB17, 0xDAB4, 0xB230, 0xB230, 0xB230, 0xB230, 0xF2F6,
        0x5C66, 0x5C66, 0x5C66, 0x5C86, 0x5C86, 0x6D07, 0x5C86, 0x5C66, 0x7E08, 0x6D47, 0x8689, 0x6D67,
        0x8649, 0x6D67, 0x6D67, 0x7E29, 0x8669, 0x8689, 0x7E08, 0x7E49, 0x8669, 0x354C, 0x352C, 0x356C,
        0x35AD, 0x358D, 0x2C4A, 0x2CCB, 0x352C, 0x358D, 0x9F8B, 0x9F8B, 0x7E08, 0x972A, 0x8669, 0x974A,
        0x8EC9, 0x7E08, 0x6D88, 0x7DE8, 0x75A8, 0x8649, 0x7E29, 0x7E08, 0x7588, 0x6507, 0x7DE8, 0xDA94,
        0xE2B4, 0xFB38, 0xFB59, 0xDAB4, 0xFB17, 0xE2B4, 0xDA94, 0xF2F6, 0xDAB4, 0xF2F6, 0xE2B5, 0xDAB4,
        0xD293, 0xB230, 0xB230, 0xB230, 0xB230, 0x5C66, 0x5C66, 0x5C66, 0x5C66, 0x7DE8, 0x64C7, 0x5C66,
        0x86A9, 0x6507, 0x6D47, 0x6D67, 0x8649, 0x7588, 0x7588, 0x7E08, 0x8689, 0x8689, 0x7E49, 0x75C8,
        0x7E08, 0x7E29, 0x35AD, 0x35AD, 0x35AD, 0x350C, 0x350C, 0x358C, 0x356C, 0x7E28, 0x970A, 0x974A,
        0x7E28, 0x8669, 0x7E08, 0x974A, 0x8EEA, 0x8EEA, 0x75C8, 0x6D47, 0x6D67, 0x7588, 0x8689, 0x8EEA,
        0x7E29, 0x6D67, 0x7E29, 0xE2D5, 0xDAB4, 0xFB38, 0xFB59, 0xFB38, 0xEAD5, 0xF2F6, 0xE2B5, 0xFB17,
        0xEAD6, 0xF2F6, 0xEAD5, 0xD293, 0xB230, 0xB230, 0xD273, 0xB230, 0xB230, 0x5C66, 0x5C66, 0x5C66,
        0x5C66, 0x64E7, 0x6507, 0x5C66, 0x972A, 0x7E28, 0x7588, 0x64E7, 0x6507, 0x6D47, 0x7E49, 0x75C8,
        0x7E08, 0x7E29, 0x8669, 0x7588, 0x7E49, 0x7DE8, 0x7E29, 0x7E28, 0x2CEB, 0x2CAB, 0x358D, 0x35AD,
        0x75C8, 0x7E49, 0x972A, 0x9F8B, 0x7DE8, 0x75A8, 0x7DE8, 0x8EC9, 0x8669, 0x86A9, 0x75E8, 0x6D27,
        0x8EC9, 0x7E49, 0x75C8, 0x7DE8, 0x7DE8, 0x8669, 0x8689, 0x75C8, 0xCA72, 0xE2B5, 0xFB38, 0xFB39,
        0xFAF7, 0xDAB4, 0xD293, 0xE2B5, 0xFB38, 0xFB59, 0xFB39, 0xEAD5, 0xC252, 0xB230, 0xB230, 0xB230,
        0xB230, 0xB230, 0x5C66, 0x5C66, 0x5C66, 0x5C66, 0x5C86, 0x6507, 0x976A, 0x75C8, 0x7E28, 0x6507,
        0x75A8, 0x5C86, 0x7E29, 0x64C7, 0x6D47, 0x970A, 0x8EEA, 0x972A, 0x8EC9, 0x7E08, 0x6507, 0x75C8,
        0x8649, 0x2CAB, 0x352C, 0x64C6, 0x64C7, 0x75A8, 0x86A9, 0x8EA9, 0x75C8, 0x75A8, 0x8689, 0x7E29,
        0x8EC9, 0x8669, 0x7DE8, 0x976A, 0x974A, 0x86A9, 0x8669, 0x75E8, 0x8649, 0x8F0A, 0x7DE8, 0x6D68,
        0xDAB4, 0xE2D5, 0xDAB4, 0xFB17, 0xFB59, 0xF2F6, 0xE2B5, 0xD293, 0xEAD6, 0xFB59, 0xFB7A, 0xFB5A,
        0xEAD6, 0xEAD5, 0xD293, 0xB230, 0xB230, 0xC252, 0x75A8, 0x64E7, 0x5C66, 0x5C66, 0x5C66, 0x5CA6,
        0x7E29, 0x75C8, 0x75C8, 0x75A8, 0x75E8, 0x6D47, 0x6507, 0x64C6, 0x5C66, 0x75A8, 0x7E49, 0x8669,
        0x7E49, 0x7588, 0x6507, 0x64E7, 0x6D27, 0x6D47, 0x6D88, 0x6D27, 0x6507, 0x7DE8, 0x8669, 0x8669,
        0x75E8, 0x75C8, 0x8649, 0x8689, 0x7E49, 0x7E28, 0x7E08, 0x8EA9, 0x9F8A, 0x8689, 0x7E08, 0x75A8,
        0x86A9, 0x8EEA, 0x7E28, 0x7E08, 0xFB38, 0xFAF7, 0xEAD5, 0xEAD6, 0xFB17, 0xFB5A, 0xEAD5, 0xD293,
        0xE2B5, 0xEAD5, 0xFB7A, 0xFB7A, 0xFB38, 0xFB17, 0xFB39, 0xF2F6, 0xB230, 0xB230, 0x5C66, 0x64C6,
        0x5C66, 0x5C66, 0x5C66, 0x5C66, 0x8689, 0x8649, 0x7E29, 0x7588, 0x8EA9, 0x6D27, 0x6D67, 0x75C8,
        0x5C66, 0x5C66, 0x7DE8, 0x8689, 0x7E08, 0x7E08, 0x8689, 0x8EC9, 0x8689, 0x6507, 0x5C66, 0x6507,
        0x64E7, 0x7E29, 0x75A8, 0x75C8, 0x7E28, 0x75E8, 0x8669, 0x8689, 0x7E08, 0x7588, 0x8F0A, 0x974A,
        0x9F8B, 0x976A, 0x974A, 0x8EC9, 0x972A, 0x86A9, 0x9F8B, 0x972A, 0xFB39, 0xFB59, 0xFB59, 0xFB39,
        0xF2F6, 0xFB18, 0xFB17, 0xEAD5, 0xF2F6, 0xF2F6, 0xF2F6, 0xFB5A, 0xFB59, 0xFB38, 0xF2F6, 0xF2F7,
        0xD293, 0xB230, 0x5C66, 0x5C66, 0x6507, 0x6507, 0x6D47, 0x6D07, 0x8669, 0x8EA9, 0x8689, 0x7E08,
        0x75A8, 0x8EC9, 0x6D27, 0x7E29, 0x6D27, 0x5C66, 0x5C66, 0x6D27, 0x75C8, 0x7DE8, 0x8EA9, 0x976A,
        0x8669, 0x64C7, 0x64E7, 0x6D47, 0x6507, 0x75C8, 0x7588, 0x75C8, 0x8689, 0x8669, 0x8EC9, 0x970A,
        0x8689, 0x972A, 0x9F8B, 0x9F8B, 0x976A, 0x8EC9, 0x8EEA, 0x9F8B, 0x8669, 0x7DE8, 0x8669, 0x974A,
        0x974A, 0xFB5A, 0xFB39, 0xFBBC, 0xFB38, 0xFB39, 0xFB18, 0xFAF7, 0xDAB4, 0xFAF7, 0xFB59, 0xDA94,
        0xFB17, 0xFAF7, 0xDAB4, 0xEAD5, 0xFAF7, 0xCA72, 0xB230, 0x5C66, 0x5C66, 0x5CA6, 0x5C66, 0x6D27,
        0x9F8B, 0x9F8B, 0x972A, 0x7E08, 0x75A8, 0x6D47, 0x6D47, 0x7DE8, 0x7E28, 0x5CA6, 0x64C7, 0x5C66,
        0x6507, 0x75C8, 0x8669, 0x974A, 0x7DE8, 0x6D27, 0x64E7, 0x6D68, 0x6507, 0x75A8, 0x7E29, 0x7E49,
        0x7E08, 0x7588, 0x8EA9, 0x86A9, 0x9F8B, 0x974A, 0x9F8B, 0x976A, 0x8EEA, 0x974A, 0x8EEA, 0x9F8B,
        0x8EEA, 0x8669, 0x75A8, 0x8689, 0x8EEA, 0xFB17, 0xFB18, 0xFB7A, 0xFB17, 0xEAD5, 0xFAF7, 0xFB17,
        0xFB17, 0xF2F6, 0xFB7A, 0xFB39, 0xFB17, 0xFB38, 0xD294, 0xEAD5, 0xFB59, 0xFB38, 0xF2F6, 0x5C66,
        0x5C66, 0x5C66, 0x5C66, 0x5C66, 0x8EC9, 0x8EEA, 0x976A, 0x8EEA, 0x7DE8, 0x6D27, 0x6D47, 0x75C8,
        0x7E08, 0x5C66, 0x7588, 0x6D27, 0x5C66, 0x75C8, 0x8EEA, 0x8EC9, 0x8689, 0x6D47, 0x6D27, 0x6D68,
        0x7DE8, 0x7DE8, 0x6D67, 0x7E28, 0x7E08, 0x75C8, 0x8649, 0x976A, 0x9F8B, 0x9F8B, 0x9F8B, 0x9F8B,
        0x8669, 0x8EC9, 0x972A, 0x8EEA, 0x9F8B, 0x8EA9, 0x7E08, 0x8689, 0x8EA9, 0xF2F6, 0xFB17, 0xFB39,
        0xFAF7, 0xF2F6, 0xE2B5, 0xFB38, 0xFB18, 0xEAD6, 0xFB38, 0xFB59, 0xFB38, 0xFB17, 0xE2B5, 0xDAB4,
        0xF2F6, 0xFB59, 0xFBBC, 0x8EC9, 0x64E7, 0x5C66, 0x5C66, 0x5C66, 0x6D47, 0x9F8B, 0x9F8B, 0x9F6A,
        0x7E49, 0x7588, 0x75A8, 0x8669, 0x8649, 0x64C6, 0x6D27, 0x8669, 0x7DE8, 0x6507, 0x6D67, 0x7DE8,
        0x8EC9, 0x6D67, 0x6507, 0x6507, 0x75A8, 0x7E08, 0x7E08, 0x7DE8, 0x7588, 0x7E08, 0x75E8, 0x9F8B,
        0x9F8B, 0x9F8B, 0x9F8B, 0x9F8B, 0x9F8B, 0x8F0A, 0x8ECA, 0x8EC9, 0x8EEA, 0x972A, 0x8689, 0x75C8,
        0x7E08, 0xFAF7, 0xFB17, 0xFB18, 0xFB5A, 0xF2F7, 0xFB38, 0xFB7B, 0xFB7A, 0xFB59, 0xFB18, 0xFB59,
        0xFB59, 0xDAB4, 0xD273, 0xDA94, 0xE2D5, 0xF2F6, 0xFB59, 0x8F0A, 0x976A, 0x8F0A, 0x64C6, 0x6D47,
        0x5C66, 0x970A, 0x9F8B, 0x974A, 0x8669, 0x6507, 0x7E08, 0x8649, 0x75E8, 0x6D47, 0x5C86, 0x7DE8,
        0x7DE8, 0x75A8, 0x6D27, 0x5C66, 0x75C8, 0x7E08, 0x75C8, 0x6D67, 0x7588, 0x7E29, 0x7DE8, 0x7DE8,
        0x75A8, 0x75A8, 0x8649, 0x974A, 0x9F8B, 0x9F8B, 0x9F8B, 0x8669, 0x8EEA, 0x9F6A, 0x8EEA, 0x7E28,
        0x8EA9, 0x974A, 0x970A, 0x86A9, 0xFB59, 0xFB59, 0xF2F7, 0xF2F6, 0xFB18, 0xFB39, 0xFB18, 0xFB39,
        0xFAF7, 0xFB18, 0xFB17, 0xFB38, 0xFB9B, 0xEAD6, 0xCA73, 0xEAD5, 0xE2B5, 0xFB17, 0x8EA9, 0x8669,
        0x7E08, 0x9F8B, 0x8EA9, 0x6507, 0x7DE8, 0x5C66, 0x9F8B, 0x9F8B, 0x974A, 0x8EEA, 0x8F0A, 0x8649,
        0x7E28, 0x6D88, 0x5C66, 0x75A8, 0x7588, 0x8689, 0x6D27, 0x6507, 0x5C66, 0x75C8, 0x8EA9, 0x8689,
        0x8689, 0x86A9, 0x8669, 0x7DE8, 0x7E08, 0x8689, 0x9F8B, 0x8F0A, 0x972A, 0x976A, 0x9F8B, 0x86A9,
        0x970A, 0x8669, 0x8EC9, 0x9F8B, 0x86A9, 0x8EEA, 0x972A, 0x972A, 0xFB5A, 0xFB7A, 0xFB38, 0xFAF7,
        0xFB38, 0xFB59, 0xFB7A, 0xFB38, 0xFB17, 0xD293, 0xFB38, 0xFB38, 0xFB38, 0xFB7A, 0xFB9C, 0xFB9B,
        0xEAD6, 0xEAD5, 0x8EEA, 0x970A, 0x8EA9, 0x7E49, 0x75C8, 0x7E28, 0x7DE8, 0x7DE8, 0x8EC9, 0x9F8B,
        0x9F8A, 0x9F8B, 0x974A, 0x8689, 0x75E8, 0x7DE8, 0x5CA6, 0x6D47, 0x7588, 0x75A8, 0x86A9, 0x7E08,
        0x6D27, 0x64E7, 0x8669, 0x8F0A, 0x9F8B, 0x9F8B, 0x8689, 0x7E08, 0x7DE8, 0x970A, 0x8689, 0x9F8B,
        0x9F8B, 0x976A, 0x9F8B, 0x9F8B, 0x972A, 0x86A9, 0x6D67, 0x6D47, 0x7DE8, 0x8EEA, 0x8EEA, 0x8EC9,
        0xFB59, 0xFB7A, 0xF2F6, 0xEAD6, 0xFB18, 0xFB17, 0xFB18, 0xFAF7, 0xCA73, 0xE2D5, 0xFAF7, 0xF2F6,
        0xD294, 0xDAB4, 0xFB7A, 0xFB7A, 0xFB38, 0xFB38, 0x75C8, 0x7588, 0x7E29, 0x86A9, 0x7E08, 0x7588,
        0x7DE8, 0x7DE8, 0x7DE8, 0x8EEA, 0x9F8B, 0x9F8B, 0x976A, 0x8669, 0x8689, 0x7DE8, 0x75C8, 0x5C66,
        0x64E7, 0x6D68, 0x75A8, 0x8649, 0x86A9, 0x75E8, 0x7E28, 0x86A9, 0x9F8B, 0x9F8B, 0x8EC9, 0x75A8,
        0x8649, 0x8EEA, 0x8EEA, 0x9F8B, 0x9F8B, 0x8EEA, 0x974A, 0x974A, 0x972A, 0x972A, 0x972A, 0x8689,
        0x7E28, 0x75A8, 0x7DE8, 0xFB18, 0xFB59, 0xF2F6, 0xFB17, 0xFB39, 0xFB38, 0xFB38, 0xFB18, 0xFB38,
        0xDAB4, 0xE2D5, 0xF2F6, 0xFAF7, 0xFB17, 0xD273, 0xFB39, 0xFB9C, 0xFB9B, 0x8689, 0x6D27, 0x6D67,
        0x75C8, 0x8649, 0x8EC9, 0x8669, 0x7DE8, 0x7DE8, 0x7DE8, 0x5C66, 0x8669, 0x9F8B, 0x9F8B, 0x9F8B,
        0x8669, 0x8669, 0x75A8, 0x6D47, 0x64C7, 0x6D47, 0x7588, 0x7DE8, 0x8649, 0x7DE8, 0x7E08, 0x8EA9,
        0x6D67, 0x8EA9, 0x8649, 0x86A9, 0x976A, 0x970A, 0x8689, 0x8EA9, 0x9F8A, 0x8EC9, 0x8EC9, 0x86A9,
        0x7E08, 0x7DE8, 0x972A, 0x86A9, 0x970A, 0x8669, 0x7E08, 0xDA94, 0xCA72, 0xCA72, 0xDA94, 0xFB38,
        0xEAD6, 0xDA94, 0xFB17, 0xFB38, 0xFB18, 0xE2D5, 0xFB18, 0xF2F6, 0xE2B5, 0xD293, 0xC252, 0xEAD5,
        0xFB59, 0x7E29, 0x75C8, 0x6D47, 0x6D67, 0x7E08, 0x7E08, 0x8EEA, 0x7DE8, 0x7DE8, 0x7DE8, 0x7DE8,
        0x5C66, 0x8689, 0x9F6A, 0x9F8B, 0x8F0A, 0x7DE8, 0x8649, 0x75C8, 0x6D67, 0x7588, 0x7E49, 0x75A8,
        0x7E49, 0x7E08, 0x7DE8, 0x6D47, 0x7DE8, 0x8ECA, 0x7E29, 0x8EEA, 0x974A, 0x8EC9, 0x75E8, 0x8EA9,
        0x8689, 0x8649, 0x7E29, 0x75C8, 0x8649, 0x75C8, 0x7DE8, 0x7DE8, 0x8EA9, 0x976A, 0x8649, 0xFB38,
        0xCA72, 0xEAD6, 0xE2B5, 0xDA94, 0xF2F6, 0xEAD5, 0xFAF7, 0xF2F6, 0xE2D5, 0xF2F6, 0xDAB4, 0xE2B5,
        0xFB18, 0xEAD5, 0xDAB4, 0xCA73, 0xEAD5, 0x8EC9, 0x8EC9, 0x75C8, 0x5CA6, 0x6D67, 0x6D67, 0x75C8,
        0x7DE8, 0x7DE8, 0x7DE8, 0x7DE8, 0x7DE8, 0x5C66, 0x8EC9, 0x9F8B, 0x9F8A, 0x974A, 0x8649, 0x7E29,
        0x6D47, 0x6D27, 0x7DE8, 0x75C8, 0x7588, 0x75A8, 0x7E49, 0x7588, 0x75C8, 0x7588, 0x7E28, 0x974A,
        0x9F8B, 0x9F8B, 0x976A, 0x8F0A, 0x8669, 0x7E29, 0x7E29, 0x75C8, 0x7E49, 0x6D27, 0x7588, 0x6D47,
        0x75C8, 0x7E49, 0xFB9B, 0xE2D5, 0xCA72, 0xCA73, 0xCA72, 0xEAD5, 0xD293, 0xE2D5, 0xFB7A, 0xFB7B,
        0xEAD5, 0xEAD6, 0xF2F6, 0xFB17, 0xFB17, 0xFB59, 0xDAB4, 0xF2D6, 0x75C8, 0x8F0A, 0x9F8B, 0x8EC9,
        0x6D67, 0x7588, 0x75A8, 0x6D27, 0x7DE8, 0x7DE8, 0x7DE8, 0x7DE8, 0x7DE8, 0x7DE8, 0x5C66, 0x8EEA,
        0x9F8B, 0x9F8B, 0x970A, 0x8649, 0x64E7, 0x6D47, 0x6D68, 0x7E08, 0x8669, 0x86A9, 0x8649, 0x7DE8,
        0x6D27, 0x7588, 0x7DE8, 0x7DE8, 0x8EC9, 0x8EEA, 0x86A9, 0x8669, 0x75A8, 0x7E08, 0x7E29, 0x8689,
        0x7588, 0x75C8, 0x7588, 0x75A8, 0x6507, 0x6D67, 0xFAF7, 0xF2F6, 0xD293, 0xCA73, 0xBA51, 0xCA72,
        0xE2B5, 0xEAD5, 0xF2D6, 0xFB17, 0xD293, 0xDA94, 0xEAD6, 0xFB39, 0xDA94, 0xD293, 0xFB18, 0xFB38,
        0x6D47, 0x7E08, 0x7E08, 0x7E08, 0x8649, 0x7DE8, 0x7E08, 0x7E29, 0x7DE8, 0x7DE8, 0x7DE8, 0x7DE8,
        0x7DE8, 0x7DE8, 0x7DE8, 0x5C66, 0x972A, 0x9F8B, 0x9F8B, 0x8669, 0x6D47, 0x6D88, 0x6D67, 0x7588,
        0x8EEA, 0x974A, 0x8669, 0x7E29, 0x7E08, 0x8689, 0x8EC9, 0x970A, 0x970A, 0x8649, 0x7E29, 0x6D47,
        0x7588, 0x7E08, 0x75A8, 0x8649, 0x86A9, 0x75C8, 0x75A8, 0x75A8, 0x6D27, 0xF2F6, 0xF2F6, 0xFB17,
        0xD293, 0xE2B5, 0xDAB4, 0xE2B5, 0xC252, 0xD293, 0xD293, 0xFAF7, 0xFB59, 0xDA94, 0xD294, 0xF2F7,
        0xF2F6, 0xD293, 0xE2B4, 0x6D67, 0x6D27, 0x6D27, 0x6D27, 0x64E7, 0x6507, 0x7E29, 0x75C8, 0x75A8,
        0x7DE8, 0x7DE8, 0x7DE8, 0x7DE8, 0x7DE8, 0x7DE8, 0x7DE8, 0x7DE8, 0x5C66, 0x970A, 0x9F8B, 0x972A,
        0x7588, 0x75C8, 0x7E08, 0x75C8, 0x75A8, 0x8689, 0x7588, 0x5CA6, 0x6D47, 0x6D67, 0x7DE8, 0x8EEA,
        0x7E49, 0x7588, 0x6D88, 0x75C8, 0x6D27, 0x7588, 0x6D47, 0x6D47, 0x7E08, 0x75C8, 0x7DE8, 0x64E7,
        0x6D47, 0xCA72, 0xE2B5, 0xEAD6, 0xF2F6, 0xEAD5, 0xFAF7, 0xDA94, 0xC252, 0xC251, 0xBA31, 0xD293,
        0xFB18, 0xEAD6, 0xCA73, 0xDA94, 0xD293, 0xB230, 0xB230, 0x5CA6, 0x64E7, 0x64E7, 0x6D47, 0x5CA6,
        0x64E7, 0x75C8, 0x7DE8, 0x6D47, 0x7DE8, 0x7DE8, 0x7DE8, 0x7DE8, 0x7DE8, 0x7DE8, 0x7DE8, 0x7DE8,
        0x7DE8, 0x7DE8, 0x86A9, 0x974A, 0x972A, 0x7DE8, 0x970A, 0x976A, 0x7E49, 0x7DE8, 0x7DE8, 0x6D47,
        0x6D67, 0x75C8, 0x6D67, 0x6D27, 0x64E7, 0x6D47, 0x64E7, 0x75C8, 0x5C86, 0x64E7, 0x6D27, 0x64C6,
        0x7588, 0x6D67, 0x7588, 0x75C8, 0xD294, 0xD294, 0xCA73, 0xCA72, 0xD293, 0xE2B4, 0xFB18, 0xFB17,
        0xC252, 0xC252, 0xBA31, 0xBA51, 0xD293, 0xCA73, 0xDAB4, 0xBA31, 0xD293, 0xDA94, 0x5C86, 0x6507,
        0x64E7, 0x7588, 0x6D27, 0x64E7, 0x6D27, 0x6D47, 0x75C8, 0x75A8, 0x7DE8, 0x7DE8, 0x7DE8, 0x7DE8,
        0x7DE8, 0x7DE8, 0x7DE8, 0x7DE8, 0x7DE8, 0x7DE8, 0x5C66, 0x7E08, 0x974A, 0x8689, 0x9F8B, 0x9F8B,
        0x9F8B, 0x75E8, 0x6D67, 0x7DE8, 0x6D67, 0x7588, 0x7588, 0x64E7, 0x64C7, 0x5C86, 0x6D67, 0x6D67,
        0x6D67, 0x64C6, 0x5CA6, 0x64C6, 0x6D27, 0x6D67, 0x7E08, 0x75E8, 0xF2F6, 0xFB59, 0xEAD6, 0xD273,
        0xC252, 0xCA72, 0xF2F6, 0xEAD5, 0xEAD5, 0xCA73, 0xD273, 0xCA73, 0xBA31, 0xBA51, 0xCA73, 0xCA73,
        0xF2F6, 0xFB17, 0x6D47, 0x5CA6, 0x6D27, 0x6D47, 0x64C7, 0x5CA6, 0x75C8, 0x6D27, 0x7588, 0x75E8,
        0x7DE8, 0x7DE8, 0x7DE8, 0x7DE8, 0x7DE8, 0x7DE8, 0x7DE8, 0x7DE8, 0x7DE8, 0x7DE8, 0x7DE8, 0x7DE8,
        0x5C66, 0x8EA9, 0x972A, 0x976A, 0x976A, 0x7E08, 0x75A8, 0x7E08, 0x7DE8, 0x7E08, 0x75C8, 0x75A8,
        0x64C6, 0x5C66, 0x64E7, 0x75C8, 0x75C8, 0x6507, 0x6507, 0x64E7, 0x5C66, 0x5CA6, 0x5CA6, 0x6D47,
        0xDAB4, 0xF2F6, 0xFB38, 0xEAD6, 0xEAD5, 0xC252, 0xC252, 0xCA72, 0xDAB4, 0xD293, 0xD293, 0xBA31,
        0xCA73, 0xB230, 0xBA31, 0xCA73, 0xCA72, 0xEAD5, 0x6507, 0x64A6, 0x6507, 0x6507, 0x5C86, 0x64E7,
        0x6D67, 0x6D47, 0x6D47, 0x8669, 0x7DE8, 0x7DE8, 0x7DE8, 0x7DE8, 0x7DE8, 0x7DE8, 0x7DE8, 0x7DE8,
        0x7DE8, 0x7DE8, 0x7DE8, 0x7DE8, 0x7DE8, 0x5C66, 0x972A, 0x976A, 0x976A, 0x8669, 0x7E49, 0x8F0A,
        0x7E08, 0x7DE8, 0x6D47, 0x6D47, 0x7E08, 0x64E7, 0x6507, 0x6D27, 0x75A8, 0x6D47, 0x5CA6, 0x64E7,
        0x64C6, 0x5C66, 0x5C86, 0x5C66, 0xD293, 0xCA73, 0xDA94, 0xE2B4, 0xE2B4, 0xD293, 0xBA51, 0xB230,
        0xBA31, 0xF2F6, 0xE2D5, 0xD293, 0xCA72, 0xB230, 0xB230, 0xB230, 0xBA31, 0xBA31, 0x5C66, 0x5C86,
        0x5C86, 0x6507, 0x5C86, 0x64C7, 0x7588, 0x75A8, 0x75A8, 0x75C8, 0x7DE8, 0x7DE8, 0x7DE8, 0x7DE8,
        0x7DE8, 0x7DE8, 0x7DE8, 0x7DE8, 0x7DE8, 0x7DE8, 0x7DE8, 0x7DE8, 0x7DE8, 0x7DE8, 0x5C66, 0x8EA9,
        0x974A, 0x976A, 0x9F8B, 0x9F8B, 0x9F8A, 0x7DE8, 0x75A8, 0x6D27, 0x7DE8, 0x64E7, 0x5CA6, 0x5C66,
        0x6D27, 0x8649, 0x7E08, 0x6D47, 0x6D27, 0x5C86, 0x64C6, 0x5C66, 0xB230, 0xC252, 0xCA72, 0xD293,
        0xDA94, 0xF2F6, 0xDAB4, 0xBA51, 0xBA51, 0xC251, 0xDAB4, 0xEAD6, 0xEAD5, 0xCA72, 0xBA51, 0xCA72,
        0xD294, 0xCA73, 0x5C66, 0x5C66, 0x5CA6, 0x6D27, 0x6D27, 0x6507, 0x6D67, 0x75C8, 0x7E08, 0x8669,
        0x7DE8, 0x7DE8, 0x7DE8, 0x7DE8, 0x7DE8, 0x7DE8, 0x7DE8, 0x7DE8, 0x7DE8, 0x7DE8, 0x7DE8, 0x7DE8,
        0x7DE8, 0x7DE8, 0x7DE8, 0x5C66, 0x6D88, 0x9F8B, 0x9F8B, 0x9F8B, 0x9F8B, 0x9F8A, 0x972A, 0x8649,
        0x75C8, 0x6D27, 0x64C6, 0x5C86, 0x5C66, 0x5C86, 0x6D27, 0x7588, 0x6D27, 0x64A6, 0x64C6, 0x5C86,
        0xBA31, 0xB230, 0xC252, 0xCA73, 0xDAB4, 0xCA73, 0xF2F7, 0xE2D5, 0xBA31, 0xB230, 0xCA73, 0xDAB4,
        0xEAD5, 0xDAB4, 0xD293, 0xCA72, 0xEAD5, 0xC251, 0x64A6, 0x6D47, 0x5C86, 0x7588, 0x7E08, 0x7588,
        0x970A, 0x972A, 0x8689, 0x7DE8, 0x7DE8, 0x7DE8, 0x7DE8, 0x7DE8, 0x7DE8, 0x7DE8, 0x7DE8, 0x7DE8,
        0x7DE8, 0x7DE8, 0x7DE8, 0x7DE8, 0x7DE8, 0x7DE8, 0x7DE8, 0x7DE8, 0x7DE8, 0x7DE8, 0x75E8, 0x9F8B,
        0x8EC9, 0x970A, 0x9F8B, 0x8EC9, 0x974A, 0x8EC9, 0x7588, 0x64C7, 0x5CA6, 0x64C7, 0x6507, 0x6507,
        0x7E08, 0x6D67, 0x5C86, 0x5C66, 0xB230, 0xB230, 0xBA31, 0xBA31, 0xCA72, 0xE2B5, 0xF2D6, 0xFB17,
        0xCA72, 0xB230, 0xB230, 0xCA72, 0xBA51, 0xDAB4, 0xFAF7, 0xEAD6, 0xE2B5, 0xE2D5, 0x64C6, 0x64E7,
        0x5C66, 0x6507, 0x6D67, 0x75A8, 0x75C8, 0x8EC9, 0x7E08, 0x7E29, 0x7DE8, 0x7DE8, 0x7DE8, 0x7DE8,
        0x7DE8, 0x7DE8, 0x7DE8, 0x7DE8, 0x7DE8, 0x7DE8, 0x7DE8, 0x7DE8, 0x7DE8, 0x7DE8, 0x7DE8, 0x5C66,
        0x7DE8, 0x7DE8, 0x7DE8, 0x5C66, 0x8F0A, 0x972A, 0x9F8A, 0x9F8B, 0x9F8B, 0x974A, 0x8689, 0x6D47,
        0x6D47, 0x6D27, 0x6D27, 0x5C86, 0x64E7, 0x64E7, 0x7588, 0x64C6, 0x5C66, 0xB230, 0xB230, 0xB230,
        0xB230, 0xBA31, 0xCA73, 0xCA73, 0xC252, 0xC251, 0xBA51, 0xBA31, 0xBA31, 0xBA31, 0xD293, 0xDA94,
        0xC272, 0xD273, 0xEAD5, 0x7E29, 0x75A8, 0x6D47, 0x7588, 0x7588, 0x75C8, 0x6D47, 0x75A8, 0x75A8,
        0x7DE8, 0x7DE8, 0x7DE8, 0x7DE8, 0x7DE8, 0x7DE8, 0x7DE8, 0x7DE8, 0x7DE8, 0x7DE8, 0x7DE8, 0x7DE8,
        0x7DE8, 0x7DE8, 0x7DE8, 0x7DE8, 0x972A, 0x7DE8, 0x7DE8, 0x7DE8, 0x7DE8, 0x75A8, 0x9F8B, 0x9F8B,
        0x9F8B, 0x9F8B, 0x972A, 0x75C8, 0x75C8, 0x75C8, 0x6D67, 0x6D47, 0x64C6, 0x5CA6, 0x64E7, 0x6507,
        0x6D07, 0xB230, 0xB230, 0xB230, 0xB230, 0xB230, 0xB230, 0xC252, 0xD293, 0xC252, 0xB230, 0xB230,
        0xB230, 0xB230, 0xB230, 0xBA31, 0xD293, 0xCA73, 0xBA51, 0x64E7, 0x6D27, 0x7E28, 0x8669, 0x7588,
        0x7E49, 0x7E29, 0x75A8, 0x64E7, 0x7DE8, 0x7DE8, 0x7DE8, 0x7DE8, 0x7DE8, 0x7DE8, 0x7DE8, 0x7DE8,
        0x7DE8, 0x7DE8, 0x7DE8, 0x7DE8, 0x7DE8, 0x7DE8, 0x7DE8, 0x7DE8, 0x7DE8, 0x7DE8, 0x7DE8, 0x7DE8,
        0x7DE8, 0x7DE8, 0x7DE8, 0x7E08, 0x9F8A, 0x9F8B, 0x974A, 0x7E49, 0x75C8, 0x75C8, 0x75C8, 0x7588,
        0x64A6, 0x5C66, 0x5C66, 0x5C66, 0x64E7, 0x6507, 0xC252, 0xB230, 0xB230, 0xB230, 0xB230, 0xBA51,
        0xEAD6, 0xFB38, 0xF2F6, 0xD293, 0xBA31, 0xBA51, 0xD293, 0xCA72, 0xDA94, 0xF2F6, 0xE2D5, 0xD293,
        0x5C86, 0x7588, 0x7E08, 0x7E08, 0x8EA9, 0x8649, 0x7E08, 0x7E08, 0x7DE8, 0x7DE8, 0x7DE8, 0x7DE8,
        0x7DE8, 0x7DE8, 0x7DE8, 0x7DE8, 0x7DE8, 0x7DE8, 0x7DE8, 0x7DE8, 0x7DE8, 0x7DE8, 0x7DE8, 0x7DE8,
        0x7DE8, 0x7DE8, 0x7DE8, 0x7DE8, 0x7DE8, 0x7DE8, 0x7DE8, 0x7DE8, 0x5C66, 0x86A9, 0x9F8B, 0x974A,
        0x8EEA, 0x7E29, 0x8F0A, 0x8EEA, 0x8689, 0x64E7, 0x5C66, 0x5C66, 0x5C66, 0x5C66, 0xC251, 0xCA73,
        0xC272, 0xB230, 0xB230, 0xB230, 0xD293, 0xE2D5, 0xFAF7, 0xF2F6, 0xDAB4, 0xE2B5, 0xB230, 0xD293,
        0xCA73, 0xCA72, 0xDA94, 0xFAF7, 0x75A8, 0x6D67, 0x75C8, 0x75A8, 0x8669, 0x974A, 0x8EC9, 0x86A9,
        0x7DE8, 0x7DE8, 0x7DE8, 0x7DE8, 0x7DE8, 0x7DE8, 0x7DE8, 0x7DE8, 0x7DE8, 0x7DE8, 0x7DE8, 0x7DE8,
        0x7DE8, 0x7DE8, 0x7DE8, 0x7DE8, 0x7DE8, 0x7DE8, 0x7DE8, 0x7DE8, 0x7DE8, 0x7DE8, 0x7DE8, 0x7DE8,
        0x7DE8, 0x7DE8, 0x5C66, 0x8EEA, 0x972A, 0x972A, 0x9F8B, 0x9F8B, 0x9F8B, 0x8649, 0x6D88, 0x6D47,
        0x64C7, 0x64C6, 0x6507, 0xDA94, 0xE2B5, 0xFB18, 0xE2B5, 0xC252, 0xD293, 0xFAF7, 0xFAF7, 0xFB18,
        0xFB38, 0xF2F6, 0xFB38, 0xFB59, 0xFB18, 0xFB17, 0xE2B4, 0xE2B5, 0xFB38, 0x86A9, 0x75C8, 0x7588,
        0x7588, 0x75C8, 0x6D68, 0x7588, 0x7DE8, 0x7DE8, 0x7DE8, 0x7DE8, 0x7DE8, 0x7DE8, 0x7DE8, 0x7DE8,
        0x7DE8, 0x7DE8, 0x7DE8, 0x7DE8, 0x7DE8, 0x7DE8, 0x7DE8, 0x7DE8, 0x7DE8, 0x7DE8, 0x7DE8, 0x7DE8,
        0x7DE8, 0x7DE8, 0x7DE8, 0x7DE8, 0x7DE8, 0x7DE8, 0x7DE8, 0x7DE8, 0x7DE8, 0x9F8B, 0x9F8B, 0x9F8B,
        0x9F8B, 0x9F8B, 0x972A, 0x7E28, 0x8689, 0x8669, 0x8EEA, 0xEAD5, 0xE2B5, 0xFAF7, 0xFB39, 0xEAD6,
        0xBA31, 0xB230, 0xBA31, 0xBA31, 0xDA94, 0xE2B5, 0xFB17, 0xFB38, 0xFB5A, 0xFB59, 0xFB17, 0xFB59,
        0xFB17, 0x8689, 0x7E28, 0x7588, 0x75A8, 0x75A8, 0x7E08, 0x6D47, 0x7DE8, 0x7DE8, 0x7DE8, 0x7DE8,
        0x7DE8, 0x7DE8, 0x7DE8, 0x7DE8, 0x7DE8, 0x7DE8, 0x7DE8, 0x7DE8, 0x7DE8, 0x7DE8, 0x7DE8, 0x7DE8,
        0x7DE8, 0x7DE8, 0x7DE8, 0x7DE8, 0x7DE8, 0x7DE8, 0x7DE8, 0x7DE8, 0x7DE8, 0x7DE8, 0x7DE8, 0x7DE8,
        0x7DE8, 0x7DE8, 0x6D07, 0x9F8B, 0x9F8B, 0x9F8B, 0x9F8B, 0x8EC9, 0x8649, 0x75A8, 0x75A8, 0x75C8,
        0xDA94, 0xCA72, 0xF2F6, 0xF2F6, 0xD294, 0xDAB4, 0xC251, 0xCA72, 0xDAB4, 0xF2F6, 0xEAD5, 0xF2D6,
        0xFB17, 0xFB17, 0xDAB4, 0xF2F6, 0xFAF7, 0xE2B5, 0x7588, 0x7E08, 0x8669, 0x8649, 0x7588, 0x7E28,
        0x7E08, 0x7E08, 0x7E08, 0x7E08, 0x7E08, 0x7E08, 0x7E08, 0x7E08, 0x7E08, 0x7E08, 0x7E08, 0x7E08,
        0x7E08, 0x7E08, 0x7E08, 0x7E08, 0x7E08, 0x7E08, 0x7E08, 0x7E08, 0x7E08, 0x7E08, 0x7E08, 0x7E08,
        0x7E08, 0x7E08, 0x7E08, 0x7E08, 0x7E08, 0x7E08, 0x7E08, 0x7E08, 0x7E08, 0x7E08, 0x7E08, 0x7E08,
        0x7E08, 0x7E08, 0x7E08, 0x7E08, 0x7E08, 0x7E08, 0x7E08, 0x7E08, 0x7E08, 0x7E08, 0x7E08, 0x7E08,
        0x7E08, 0x7E08, 0x7E08, 0x7E08, 0x7E08, 0x7E08, 0x7E08, 0x7E08, 0x7E08, 0x7E08, 0x7E08, 0x7E08,
        0x7E08, 0x7E08, 0x7E08, 0x7E08, 0x2CAA, 0x2CAA, 0x1492, 0x0499, 0x0499, 0x04DB, 0x0499, 0x0499,
        0x051C, 0x05BF, 0x053D, 0x057E, 0x053D, 0x051C, 0x2531, 0x2CCB, 0x352C, 0x2C29, 0x2CEB, 0x23E9,
        0x836F, 0xFB7A, 0xFB9C, 0xFBBC, 0xFB7B, 0xFB9B, 0xFB5A, 0xFBBC, 0xF2F6, 0x7B6E, 0x23C9, 0x2367,
        0x2CAA, 0x2CAA, 0x1492, 0x0499, 0x051C, 0x04DB, 0x051C, 0x05BF, 0x051C, 0x051C, 0x04BA, 0x053D,
        0x057E, 0x057E, 0x1D76, 0x350C, 0x352C, 0x2409, 0x354C, 0x2C09, 0x2409, 0xFBBC, 0xFBBC, 0xFBBC,
        0xFB9B, 0xFB59, 0xFBBC, 0xEB17, 0xF2F7, 0xCA72, 0x23A8, 0x2367, 0x2CAA, 0x2CAA, 0x2CAA, 0x0499,
        0x057E, 0x057E, 0x059F, 0x04FB, 0x0499, 0x04DB, 0x0499, 0x055D, 0x057E, 0x057E, 0x057E, 0x354C,
        0x2C6A, 0x2C8A, 0x350B, 0x2C6A, 0x2C8A, 0xAC92, 0xFBBC, 0xFB59, 0xFB5A, 0xFB9C, 0xEAF6, 0xD293,
        0xCA72, 0xBA31, 0x6ACC, 0x2388, 0x2CAA, 0x2CAA, 0x248E, 0x0499, 0x057E, 0x05BF, 0x053D, 0x04DB,
        0x04BA, 0x0458, 0x051C, 0x04FB, 0x049A, 0x051C, 0x0CF8, 0x358D, 0x2CAB, 0x352C, 0x350B, 0x2CCB,
        0x454B, 0xBC90, 0xFB7A, 0xFB7A, 0xFBBC, 0xE2D5, 0xBA31, 0xBA31, 0xB230, 0xBA31, 0x72ED, 0x23C9,
        0x2CAA, 0x2CAA, 0x1492, 0x04DB, 0x05BF, 0x05BF, 0x05BF, 0x057E, 0x053D, 0x04FB, 0x04DB, 0x0416,
        0x03F6, 0x0478, 0x1C91, 0x35AD, 0x350B, 0x356C, 0x350C, 0x450A, 0x7DE8, 0xBC90, 0xFB9C, 0xFB7A,
        0xFB7A, 0xE2D5, 0xBA51, 0xB230, 0xB230, 0xBA31, 0x7B0C, 0x23C9, 0x2CAA, 0x2CAA, 0x1492, 0x05BF,
        0x05BF, 0x05BF, 0x05BF, 0x05BF, 0x055D, 0x057E, 0x0417, 0x0458, 0x0437, 0x0C13, 0x2D2F, 0x356C,
        0x352C, 0x358D, 0x454B, 0x7E28, 0x8669, 0xDC15, 0xFB9B, 0xFB59, 0xF2F6, 0xF2F6, 0xD293, 0xBA31,
        0xB230, 0xBA31, 0x7C29, 0x2C29, 0x2CAA, 0x2CAA, 0x24F0, 0x05BF, 0x05BF, 0x05BF, 0x055D, 0x055D,
        0x059F, 0x05BF, 0x0478, 0x0458, 0x0C33, 0x352C, 0x35AD, 0x352C, 0x35AD, 0x4DCC, 0x8689, 0x7E08,
        0x86A9, 0xF317, 0xFB7A, 0xFB39, 0xF317, 0xE2B4, 0xCA73, 0xBA51, 0xBA31, 0xBA51, 0x6D27, 0x2C29,
        0x2CAA, 0x2CAA, 0x2CAA, 0x0D59, 0x05BF, 0x059F, 0x04BA, 0x059F, 0x053D, 0x051C, 0x03D5, 0x0437,
        0x352C, 0x358D, 0x356C, 0x358D, 0x4DCC, 0x7DE8, 0x8669, 0x75C8, 0xBC91, 0xE2B5, 0xFB59, 0xEAF6,
        0xEAD5, 0xCA73, 0xBA51, 0xC252, 0xBA31, 0xA46D, 0x6507, 0x23E9, 0x354C, 0x352C, 0x2CCB, 0x2CAA,
        0x0D5A, 0x057E, 0x04FC, 0x057E, 0x055D, 0x0479, 0x0373, 0x24AD, 0x350B, 0x35AD, 0x358D, 0x562C,
        0x86A9, 0x8EEA, 0x8EC9, 0x7E08, 0xF317, 0xEAD5, 0xF2F7, 0xE2D5, 0xCA72, 0xBA31, 0xB230, 0xC252,
        0xBA51, 0x6D47, 0x5C66, 0x4447, 0x4E0C, 0x352C, 0x356C, 0x354C, 0x2C4A, 0x0CF8, 0x055D, 0x059F,
        0x05BF, 0x0437, 0x03F6, 0x356C, 0x358D, 0x358D, 0x562C, 0x972A, 0x8ECA, 0x8669, 0x7E29, 0xBC6F,
        0xDAB4, 0xE2B5, 0xDA94, 0xEAD5, 0xE2B4, 0xD273, 0xC252, 0xB230, 0x8B6B, 0x5C86, 0x64C7, 0x75C8,
        0x976A, 0x45AC, 0x358D, 0x350B, 0x356C, 0x350B, 0x059F, 0x053D, 0x053D, 0x04FC, 0x1D13, 0x2CAB,
        0x2C29, 0x456B, 0x9F8A, 0x8EEA, 0x8EC9, 0x972A, 0x86A9, 0xEAD6, 0xCA72, 0xEB17, 0xE2D5, 0xDA94,
        0xCA73, 0xC252, 0xDA94, 0xD293, 0x5C66, 0x5C66, 0x6D27, 0x7588, 0x8F0A, 0x7588, 0x4DCC, 0x358D,
        0x358D, 0x354C, 0x2510, 0x04BA, 0x053C, 0x051C, 0x24EE, 0x356C, 0x354C, 0x768A, 0x9F8B, 0x974A,
        0x8EEA, 0x974A, 0x7E49, 0xDAB4, 0xCA73, 0xEAD5, 0xFB59, 0xD293, 0xC252, 0xBA51, 0xC252, 0xFB59,
        0x64E7, 0x5C66, 0x5CA6, 0x6507, 0x8669, 0x75E8, 0x972A, 0x6E2A, 0x354C, 0x2C6A, 0x2CAA, 0x24CE,
        0x04DB, 0x049A, 0x358D, 0x356C, 0x452B, 0x8EEA, 0x976A, 0x8F0A, 0x970A, 0x8F0A, 0x75A8, 0xD293,
        0xE2B5, 0xDAB4, 0xEAF6, 0xCA72, 0xCA72, 0xBA31, 0xB230, 0xCA73, 0x64C6, 0x5C66, 0x6D67, 0x5C86,
        0x8669, 0x75C8, 0x8689, 0x7588, 0x6E2A, 0x4DCC, 0x350B, 0x34EB, 0x049A, 0x252F, 0x2CEB, 0x2CCB,
        0x8689, 0x8F0A, 0x972A, 0x8F0A, 0x86A9, 0x7E08, 0x75C8, 0xF2F7, 0xCA73, 0xDAB4, 0xE2D5, 0xEAD5,
        0xE2B5, 0xB230, 0xBA31, 0xC252, 0x5CA6, 0x5CA6, 0x5C86, 0x64C7, 0x7DE8, 0x75A8, 0x75C8, 0x7DE8,
        0x8EEA, 0x7E08, 0x456B, 0x352C, 0x2D2F, 0x2C8A, 0x350B, 0x7EAA, 0x7E08, 0x8EEA, 0x8669, 0x7DE8,
        0x8669, 0x75C8, 0x75A8, 0xD3D4, 0xF2F6, 0xE2D5, 0xF2F6, 0xE2B5, 0xF2F6, 0xD293, 0xBA51, 0xC252,
        0x73E9, 0x5C66, 0x6507, 0x5C86, 0x8649, 0x6D47, 0x7588, 0x7DE8, 0x8649, 0x7E08, 0x7E29, 0x5DEB,
        0x352C, 0x358D, 0x6DE9, 0x974A, 0x7E08, 0x8689, 0x8EC9, 0x7588, 0x7E08, 0x8649, 0x7E08, 0x9D4C,
        0xE2B5, 0xFB39, 0xEAD6, 0xEAD5, 0xFB17, 0xEAD6, 0xBA31, 0xBA51, 0x9ACE, 0x5C66, 0x5C86, 0x64C7,
        0x8649, 0x75A8, 0x6D67, 0x6D27, 0x75A8, 0x8EA9, 0x7E29, 0x6D27, 0x6569, 0x5D28, 0x6D67, 0x8689,
        0x75C8, 0x8669, 0x8669, 0x8689, 0x8F0A, 0x7E08, 0x8EC9, 0x7DE8, 0xEAF6, 0xEAD6, 0xFB38, 0xDAB4,
        0xEAF6, 0xFB7A, 0xF2F7, 0xDAB5, 0xBA31, 0x64E7, 0x5C66, 0x5C86, 0x8689, 0x7E08, 0x7E08, 0x75A8,
        0x5CA6, 0x7588, 0x7DE8, 0x8EEA, 0x75A8, 0x64E7, 0x7588, 0x75A8, 0x7E49, 0x8EC9, 0x8649, 0x976A,
        0x974A, 0x972A, 0x8689, 0x970A, 0xE456, 0xFB5A, 0xFB18, 0xFB17, 0xEAF6, 0xF317, 0xFB38, 0xEAD6,
        0xD293, 0x73E9, 0x64C7, 0x6507, 0x972A, 0x8EEA, 0x7588, 0x75A8, 0x6D47, 0x6507, 0x6D47, 0x8EEA,
        0x75C8, 0x6D47, 0x75A8, 0x7E08, 0x75C8, 0x8EC9, 0x9F6B, 0x9F8B, 0x8EEA, 0x972A, 0x8EEA, 0x7E29,
        0xC4F0, 0xFB39, 0xF2F6, 0xFAF7, 0xFB17, 0xFB59, 0xFB38, 0xE2B4, 0xFB38, 0xB471, 0x5C86, 0x5C66,
        0x7E28, 0x9F6B, 0x75C8, 0x7E29, 0x7588, 0x7588, 0x75A8, 0x6D47, 0x7E08, 0x6D47, 0x7DE8, 0x7DE8,
        0x75C8, 0x8EC9, 0x9F8B, 0x974A, 0x974A, 0x8EA9, 0x8F0A, 0x8689, 0xDBF5, 0xFAF7, 0xFB38, 0xFB59,
        0xFB38, 0xFB38, 0xF318, 0xDA94, 0xF2F6, 0xA5ED, 0x8F0A, 0x6D67, 0x7588, 0x976A, 0x974A, 0x8EC9,
        0x75E8, 0x6507, 0x75C8, 0x75C8, 0x6507, 0x8EA9, 0x970A, 0x7E49, 0x8669, 0x972A, 0x976A, 0x974A,
        0x8ECA, 0x8649, 0x8689, 0x8F0A, 0xFB7A, 0xF2F7, 0xFB38, 0xFB38, 0xE2B5, 0xFB17, 0xEAF6, 0xFB9B,
        0xF2F7, 0x8649, 0x8669, 0x7DE8, 0x7DE8, 0x75C8, 0x974A, 0x974A, 0x8649, 0x6D47, 0x6D27, 0x7DE8,
        0x7E29, 0x8669, 0x8ECA, 0x8649, 0x8EEA, 0x8EEA, 0x972A, 0x8F0A, 0x8689, 0x8EEA, 0x8649, 0xB46F,
        0xE2D5, 0xF317, 0xF2F7, 0xFB38, 0xEAD5, 0xFAF7, 0xE2B5, 0xEB17, 0xC4F1, 0x6D68, 0x7DE8, 0x8689,
        0x7DE8, 0x7DE8, 0x6D67, 0x974A, 0x8EEA, 0x7E29, 0x6D67, 0x7DE8, 0x7DE8, 0x75C8, 0x7E08, 0x86A9,
        0x974A, 0x8EC9, 0x8669, 0x7E08, 0x7DE8, 0x75A8, 0x8689, 0xDBF4, 0xD293, 0xDAB4, 0xE2D5, 0xFB38,
        0xEAD6, 0xEAD6, 0xFB17, 0xDAB4, 0x9DAC, 0x8EC9, 0x6D47, 0x7588, 0x7DE8, 0x7DE8, 0x7DE8, 0x6D67,
        0x9F6A, 0x8EEA, 0x6D47, 0x75A8, 0x8EC9, 0x7E49, 0x75E8, 0x8669, 0x8EC9, 0x7E29, 0x75C8, 0x7E29,
        0x7DE8, 0x75A8, 0x8CAB, 0xFAF7, 0xD293, 0xD293, 0xDAB4, 0xEAF6, 0xE2D5, 0xEAF6, 0xDAB4, 0xD393,
        0x6D68, 0x7588, 0x7DE8, 0x7DE8, 0x7DE8, 0x7DE8, 0x7DE8, 0x7DE8, 0x75E8, 0x972A, 0x7E28, 0x8689,
        0x7E28, 0x6D47, 0x7588, 0x7DE8, 0x7588, 0x7588, 0x6507, 0x6D27, 0x75A8, 0x7588, 0xBB30, 0xDAB4,
        0xE2B5, 0xF2F6, 0xC252, 0xC252, 0xE2B5, 0xD293, 0xCA73, 0x7409, 0x6D07, 0x6507, 0x6D47, 0x75A8,
        0x7DE8, 0x7DE8, 0x7DE8, 0x7DE8, 0x7DE8, 0x75A8, 0x7E49, 0x976A, 0x8EC9, 0x75C8, 0x75C8, 0x6D88,
        0x5CA6, 0x6D67, 0x6D47, 0x64E7, 0x64E7, 0x7588, 0xF2F7, 0xEAD6, 0xCA73, 0xDAB4, 0xDAB4, 0xCA73,
        0xC251, 0xCA72, 0xEAD5, 0x64E7, 0x6D27, 0x64C6, 0x6D67, 0x75C8, 0x7DE8, 0x7DE8, 0x7DE8, 0x7DE8,
        0x7DE8, 0x7DE8, 0x7588, 0x8669, 0x972A, 0x970A, 0x8669, 0x6D47, 0x6D68, 0x64C7, 0x75A8, 0x6D47,
        0x64C6, 0x5C86, 0xC272, 0xD293, 0xE2B4, 0xC252, 0xCA73, 0xE2B4, 0xCA73, 0xBA51, 0xC272, 0x5C66,
        0x64E7, 0x64E7, 0x75A8, 0x7E08, 0x7DE8, 0x7DE8, 0x7DE8, 0x7DE8, 0x7DE8, 0x7DE8, 0x7DE8, 0x7588,
        0x7E49, 0x972A, 0x974A, 0x8EEA, 0x7E49, 0x64E7, 0x5CA6, 0x6D27, 0x6D47, 0x5CA6, 0xB231, 0xC252,
        0xD294, 0xF2F6, 0xBA51, 0xCA72, 0xD294, 0xE2B5, 0xDAB4, 0x64E7, 0x64E7, 0x75A8, 0x8EA9, 0x7E29,
        0x7DE8, 0x7DE8, 0x7DE8, 0x7DE8, 0x7DE8, 0x7DE8, 0x7DE8, 0x7588, 0x7E49, 0x7588, 0x8669, 0x9F8B,
        0x9F8B, 0x7E29, 0x7588, 0x6D27, 0x64C7, 0x6507, 0x8B6B, 0xB230, 0xB231, 0xC272, 0xC272, 0xBA31,
        0xBA31, 0xCA72, 0xCA73, 0xA40D, 0x75A8, 0x75C8, 0x7DE8, 0x6D68, 0x7DE8, 0x7DE8, 0x7DE8, 0x7DE8,
        0x7DE8, 0x7DE8, 0x7DE8, 0x7DE8, 0x7DE8, 0x7DE8, 0x7DE8, 0x7E08, 0x8689, 0x970A, 0x7E29, 0x8649,
        0x6D27, 0x5C66, 0x64A6, 0xC252, 0xBA31, 0xBA31, 0xEAD5, 0xEAD6, 0xCA73, 0xCA72, 0xDA94, 0xE2B5,
        0x6D47, 0x7DE8, 0x8EA9, 0x8669, 0x7DE8, 0x7DE8, 0x7DE8, 0x7DE8, 0x7DE8, 0x7DE8, 0x7DE8, 0x7DE8,
        0x7DE8, 0x7DE8, 0x7DE8, 0x7DE8, 0x7DE8, 0x75C8, 0x8EEA, 0x9F8B, 0x974A, 0x7E08, 0x75A8, 0xAC4E,
        0xF2F6, 0xE2D5, 0xD293, 0xDAB4, 0xEAD6, 0xFB38, 0xFB39, 0xF2F6, 0xC4D0, 0x75C8, 0x75A8, 0x75A8,
        0x7E08, 0x7E08, 0x7E08, 0x7E08, 0x7E08, 0x7E08, 0x7E08, 0x7E08, 0x7E08, 0x7E08, 0x7E08, 0x7E08,
        0x7E08, 0x7E08, 0x7E08, 0x7E29, 0x8EC9, 0x8689, 0x7E08, 0x7DE8, 0xA44E, 0xBC6F, 0xAC4E, 0xA42D,
        0xB46F, 0xB46F, 0xBC90, 0xB46F, 0xB46F, 0x7DE8, 0x7E29, 0x7DE8, 0x2CAA, 0x0C95, 0x04DB, 0x04FB,
        0x053D, 0x051C, 0x055D, 0x2D2F, 0x2CAA, 0x2C8A, 0xABB4, 0xFBBC, 0xFB7A, 0xFB7A, 0xCAF3, 0x2388,
        0x2CAA, 0x1493, 0x057E, 0x051C, 0x0499, 0x04FB, 0x053C, 0x1D54, 0x2CAB, 0x2CCB, 0x74CE, 0xFB7A,
        0xFB5A, 0xCA73, 0xBA51, 0x4B4A, 0x2CAA, 0x0CF7, 0x05BF, 0x05BF, 0x053D, 0x0458, 0x0436, 0x2D2E,
        0x354C, 0x4D6A, 0xA52E, 0xFB7B, 0xF317, 0xC251, 0xBA31, 0x4BCA, 0x2CAA, 0x1D15, 0x05BF, 0x053D,
        0x057E, 0x0437, 0x2D0E, 0x358D, 0x55CB, 0x7E29, 0xC431, 0xFB38, 0xE2B5, 0xC252, 0xB2D0, 0x4488,
        0x3D6C, 0x350B, 0x1516, 0x055E, 0x04FB, 0x1451, 0x356C, 0x5E4C, 0x8EA9, 0x8DCA, 0xEAD5, 0xEAD5,
        0xCA73, 0xBA31, 0x83EB, 0x5CC7, 0x766A, 0x3D6C, 0x354C, 0x0D39, 0x051C, 0x2D0E, 0x454B, 0x974A,
        0x8F0A, 0xB48F, 0xDAB4, 0xE2D5, 0xC252, 0xDAB4, 0x5C86, 0x6D07, 0x7E08, 0x7E69, 0x456B, 0x2CCC,
        0x0CD7, 0x352C, 0x7E6A, 0x972A, 0x8EA9, 0xAC4E, 0xDAB4, 0xE2B5, 0xC272, 0xC251, 0x5CA6, 0x64C7,
        0x75C8, 0x75C8, 0x8649, 0x55AA, 0x2D0C, 0x6E2A, 0x8669, 0x7E29, 0x7E28, 0x952C, 0xEAF6, 0xEAD5,
        0xEAD6, 0xBA51, 0x73E9, 0x64A6, 0x7E29, 0x7588, 0x75A8, 0x7E08, 0x6548, 0x75C8, 0x8649, 0x86A9,
        0x8EEA, 0x8689, 0xF357, 0xF2F7, 0xF317, 0xF2F6, 0x9B6D, 0x5CA6, 0x8EEA, 0x75C8, 0x6D47, 0x75C8,
        0x7588, 0x75E8, 0x8649, 0x976A, 0x8F0A, 0x8EA9, 0xE3D5, 0xFB18, 0xFB38, 0xEAD6, 0xD413, 0x6D67,
        0x7E29, 0x972A, 0x75A8, 0x75A8, 0x7E08, 0x8689, 0x8EEA, 0x972A, 0x86A9, 0x960B, 0xF317, 0xFB18,
        0xF2F6, 0xEB17, 0xACEE, 0x7E29, 0x7DE8, 0x7E08, 0x8ECA, 0x7588, 0x7E29, 0x7E49, 0x8EC9, 0x7E08,
        0x75C8, 0xBC90, 0xD293, 0xEAD6, 0xEAD6, 0xE2F5, 0x85C9, 0x75A8, 0x7DE8, 0x7DE8, 0x7E28, 0x8689,
        0x7E08, 0x75A8, 0x6D47, 0x6507, 0x6D67, 0xDAF4, 0xE2B4, 0xCA72, 0xCA73, 0xA38E, 0x6507, 0x7588,
        0x7DE8, 0x7DE8, 0x7DE8, 0x7DE8, 0x8EEA, 0x8669, 0x6D67, 0x6D27, 0x64C7, 0xC252, 0xDAB4, 0xCA73,
        0xD273, 0x9B8D, 0x6507, 0x7E28, 0x7DE8, 0x7DE8, 0x7DE8, 0x75E8, 0x7DE8, 0x8689, 0x8ECA, 0x75C8,
        0x64E7, 0x9B2D, 0xBA31, 0xD293, 0xC252, 0xCAF2, 0x75A8, 0x7E08, 0x7DE8, 0x7DE8, 0x7DE8, 0x7DE8,
        0x7DE8, 0x7DE8, 0x7DE8, 0x86A9, 0x86A9, 0x856A, 0xCB92, 0xBB71, 0xD3B3, 0xD3D3, 0x9D4C, 0x75C8,
        0x1C8F, 0x051C, 0x04FB, 0x1537, 0x2CAB, 0xC3F6, 0xEB38, 0x7B0E, 0x1CD0, 0x059F, 0x04DA, 0x24F0,
        0x55AA, 0xDC14, 0xD294, 0x834D, 0x458B, 0x1536, 0x14D5, 0x5E0B, 0x960B, 0xE2D5, 0xCA72, 0x6C88,
        0x7E08, 0x558A, 0x354E, 0x8689, 0x958B, 0xE2D5, 0xCA73, 0x6487, 0x7E08, 0x75A8, 0x75A8, 0x86A9,
        0x8EC9, 0xF356, 0xF2F7, 0x8C6B, 0x8649, 0x7DE8, 0x8649, 0x8EA9, 0x95CB, 0xEAF6, 0xEAF6, 0x85AA,
        0x7DE8, 0x7E29, 0x7E49, 0x6D27, 0x9BED, 0xD293, 0xB310, 0x6D67, 0x7DE8, 0x7DE8, 0x7E08, 0x8649,
        0x850A, 0xC2F2, 0xCB33, 0x85A9, 0x1517, 0x0CF7, 0x8C90, 0xB312, 0x4D8D, 0x4DAE, 0xBC50, 0x9B8D,
        0x7E08, 0x8649, 0xBCB0, 0xBBF0, 0x7E08, 0x7DE8, 0xAB8F, 0x9C4D, 0x2D52, 0xA3D0, 0x7E08, 0xB42F,
        0x7CCE,
    },
    {
        0x0499, 0x0499, 0x0499, 0x0499, 0x0499, 0x0499, 0x0499, 0x0499, 0x0499, 0x0499, 0x0499, 0x0499,
        0x0499, 0x0499, 0x0499, 0x0499, 0x0499, 0x0499, 0x0499, 0x0499, 0x0499, 0x0499, 0x0499, 0x0499,
        0x0499, 0x0499, 0x0499, 0x0499, 0x0499, 0x0499, 0x0499, 0x0499, 0x0499, 0x0499, 0x0499, 0x0499,
        0x0499, 0x0499, 0x0499, 0x0499, 0x0499, 0x0499, 0x0499, 0x0499, 0x0499, 0x0499, 0x0499, 0x0499,
        0x0499, 0x0499, 0x0499, 0x0499, 0x0499, 0x0499, 0x0499, 0x0499, 0x0499, 0x0499, 0x0499, 0x0499,
        0x0499, 0x0499, 0x0499, 0x0499, 0x0437, 0x03D5, 0x03B4, 0x0373, 0x0352, 0x03B4, 0x051C, 0x03F6,
        0x03D5, 0x03D5, 0x0353, 0x0393, 0x0373, 0x20E4, 0x20E4, 0x20E4, 0x20E4, 0x20E4, 0x20E4, 0x20E4,
        0x20E4, 0x0499, 0x0499, 0x0352, 0x0352, 0x03F6, 0x05BF, 0x05BF, 0x05BF, 0x057E, 0x0499, 0x04BA,
        0x0437, 0x05BF, 0x059F, 0x059F, 0x04DB, 0x0499, 0x0416, 0x04DB, 0x04DA, 0x04DB, 0x04FB, 0x0437,
        0x0352, 0x0352, 0x03B4, 0x0352, 0x0352, 0x0352, 0x0393, 0x04DB, 0x0478, 0x057E, 0x04FB, 0x03D5,
        0x0417, 0x0373, 0x0416, 0x051C, 0x05BF, 0x04DB, 0x053D, 0x04FB, 0x0458, 0x03D5, 0x0352, 0x03B5,
        0x0394, 0x03B5, 0x03D5, 0x0458, 0x04FC, 0x05BF, 0x04DA, 0x0416, 0x20E4, 0xF7BE, 0xF7BE, 0xF7BE,
        0xF7BE, 0xF7BE, 0xF7BE, 0xF7BE, 0xF7BE, 0x20E4, 0x05BF, 0x0352, 0x0352, 0x0352, 0x0373, 0x0437,
        0x055E, 0x0437, 0x0394, 0x051C, 0x055D, 0x05BF, 0x05BF, 0x05BF, 0x04DB, 0x05BF, 0x051C, 0x0437,
        0x0416, 0x0352, 0x03B4, 0x05BF, 0x05BF, 0x04BA, 0x0499, 0x0437, 0x0394, 0x03D5, 0x0437, 0x057E,
        0x05BF, 0x05BF, 0x05BF, 0x053C, 0x0394, 0x0352, 0x0373, 0x0373, 0x057E, 0x05BF, 0x05BF, 0x0437,
        0x03B4, 0x0394, 0x0352, 0x0352, 0x03D5, 0x053D, 0x04DA, 0x055D, 0x0479, 0x0458, 0x05BF, 0x05BF,
        0x04FB, 0x20E4, 0xF7BE, 0xF7BE, 0xF7BE, 0xF7BE, 0xF7BE, 0xF7BE, 0xF7BE, 0x20E4, 0x051C, 0x0499,
        0x0394, 0x03D5, 0x0393, 0x059F, 0x05BF, 0x03D5, 0x0352, 0x03B4, 0x0417, 0x053D, 0x05BF, 0x053D,
        0x0499, 0x05BF, 0x051C, 0x0394, 0x0373, 0x0394, 0x0394, 0x04DA, 0x0417, 0x04BA, 0x05BF, 0x05BF,
        0x04DB, 0x0394, 0x04DB, 0x04BA, 0x03B5, 0x0437, 0x05BF, 0x05BF, 0x0458, 0x0352, 0x0416, 0x0352,
        0x03F6, 0x04DB, 0x0499, 0x049A, 0x0394, 0x0373, 0x0352, 0x0394, 0x0437, 0x0352, 0x0458, 0x051C,
        0x05BF, 0x04BA, 0x04DB, 0x0499, 0x0479, 0x0437, 0x20E4, 0x20E4, 0x20E4, 0x20E4, 0x20E4, 0x20E4,
        0x20E4, 0x05BF, 0x04DB, 0x053D, 0x03B5, 0x03B4, 0x03F6, 0x03F5, 0x04FB, 0x03B4, 0x0352, 0x03F6,
        0x0352, 0x0499, 0x053D, 0x05BF, 0x05BF, 0x04BA, 0x0479, 0x03F6, 0x03D5, 0x049A, 0x03D5, 0x0458,
        0x0499, 0x0352, 0x04DB, 0x053D, 0x0437, 0x04DB, 0x03D5, 0x0394, 0x0478, 0x057E, 0x05BF, 0x05BF,
        0x05BF, 0x05BF, 0x05BF, 0x05BF, 0x0394, 0x0352, 0x04FC, 0x05BF, 0x05BF, 0x0499, 0x0352, 0x0393,
        0x0499, 0x03B4, 0x051C, 0x0417, 0x051C, 0x03D5, 0x0437, 0x05BF, 0x04DB, 0x051C, 0x0499, 0x0416,
        0x05BF, 0x05BF, 0x05BF, 0x05BF, 0x057E, 0x05BF, 0x03F6, 0x0416, 0x03D5, 0x0373, 0x0417, 0x0352,
        0x03B4, 0x0479, 0x0353, 0x0499, 0x03B4, 0x04FC, 0x051C, 0x0478, 0x05BF, 0x04DB, 0x0416, 0x0479,
        0x0352, 0x03F6, 0x0352, 0x04BA, 0x0458, 0x05BF, 0x0416, 0x057E, 0x05BF, 0x05BF, 0x0352, 0x0373,
        0x0352, 0x0352, 0x055E, 0x05BF, 0x05BF, 0x05BF, 0x05BF, 0x05BF, 0x03F6, 0x04DB, 0x051C, 0x0373,
        0x0458, 0x055D, 0x0352, 0x0352, 0x0352, 0x0373, 0x0478, 0x055D, 0x05BF, 0x04BA, 0x051C, 0x053D,
        0x04BA, 0x03D5, 0x053D, 0x051C, 0x0458, 0x04DB, 0x04DB, 0x05BF, 0x05BF, 0x0499, 0x0499, 0x03D5,
        0x0352, 0x0417, 0x0416, 0x0352, 0x03F5, 0x051C, 0x04FC, 0x05BF, 0x057E, 0x0417, 0x04BA, 0x05BF,
        0x03B5, 0x03D5, 0x03D5, 0x03F6, 0x0352, 0x0352, 0x0352, 0x0352, 0x0352, 0x03D5, 0x0352, 0x0352,
        0x03D5, 0x053D, 0x05BF, 0x05BF, 0x0352, 0x0352, 0x0458, 0x053D, 0x05BF, 0x05BF, 0x05BF, 0x05BF,
        0x05BF, 0x059F, 0x059F, 0x0373, 0x03F6, 0x04BA, 0x0437, 0x05BF, 0x0417, 0x0437, 0x0499, 0x057E,
        0x0437, 0x057E, 0x0499, 0x053D, 0x0437, 0x03F6, 0x0417, 0x05BF, 0x05BF, 0x05BF, 0x05BF, 0x05BF,
        0x05BF, 0x05BF, 0x05BF, 0x0499, 0x0373, 0x0416, 0x03F6, 0x0352, 0x0352, 0x04FB, 0x055E, 0x05BF,
        0x05BF, 0x05BF, 0x05BF, 0x05BF, 0x0417, 0x04BA, 0x055E, 0x0458, 0x03B4, 0x0373, 0x0417, 0x053D,
        0x0416, 0x0478, 0x04DB, 0x03B4, 0x03F5, 0x03B4, 0x05BF, 0x05BF, 0x0479, 0x0352, 0x0352, 0x0352,
        0x04DB, 0x05BF, 0x05BF, 0x05BF, 0x05BF, 0x05BF, 0x053D, 0x0352, 0x0499, 0x0352, 0x0373, 0x0352,
        0x0352, 0x0417, 0x04FB, 0x0437, 0x03D5, 0x0352, 0x0437, 0x03D5, 0x0352, 0x03B4, 0x03B4, 0x03D5,
        0x0417, 0x03D5, 0x05BF, 0x059F, 0x05BF, 0x05BF, 0x05BF, 0x03F6, 0x0373, 0x03D5, 0x0373, 0x0373,
        0x0394, 0x03F6, 0x0437, 0x03F6, 0x0394, 0x0479, 0x05BF, 0x05BF, 0x04FC, 0x0437, 0x0437, 0x0352,
        0x0373, 0x055D, 0x0416, 0x05BF, 0x04FB, 0x0417, 0x0479, 0x03D5, 0x0352, 0x03B5, 0x05BF, 0x05BF,
        0x0499, 0x051C, 0x04BA, 0x0352, 0x03D5, 0x0479, 0x03F6, 0x05BF, 0x05BF, 0x05BF, 0x057E, 0x03B5,
        0x0437, 0x0478, 0x03D5, 0x03F6, 0x0352, 0x03F6, 0x0437, 0x0373, 0x0353, 0x03B4, 0x03F6, 0x0352,
        0x0417, 0x0393, 0x0458, 0x059F, 0x0437, 0x04FB, 0x04FB, 0x04FB, 0x0417, 0x0437, 0x05BF, 0x0437,
        0x0352, 0x0352, 0x0394, 0x0352, 0x0437, 0x05BF, 0x05BF, 0x03F6, 0x0352, 0x051C, 0x05BF, 0x05BF,
        0x0352, 0x059F, 0x0458, 0x0458, 0x0352, 0x0478, 0x03D5, 0x03D5, 0x04FC, 0x0417, 0x04BA, 0x059F,
        0x0352, 0x03B4, 0x051C, 0x057E, 0x0479, 0x05BF, 0x057E, 0x057E, 0x0352, 0x0373, 0x05BF, 0x053D,
        0x053D, 0x05BF, 0x051C, 0x051C, 0x0479, 0x0373, 0x0416, 0x04BA, 0x0416, 0x03B4, 0x0373, 0x03B4,
        0x0394, 0x03F5, 0x0416, 0x03F5, 0x03D5, 0x0373, 0x0352, 0x03F5, 0x051C, 0x03D5, 0x03B4, 0x0373,
        0x0352, 0x0373, 0x0352, 0x03D5, 0x0352, 0x0393, 0x0499, 0x0352, 0x03F6, 0x057E, 0x0437, 0x0352,
        0x0352, 0x0352, 0x03F5, 0x0479, 0x03F6, 0x05BF, 0x05BF, 0x05BF, 0x0416, 0x0437, 0x0373, 0x0373,
        0x0373, 0x03D5, 0x03D5, 0x0417, 0x0373, 0x0458, 0x0417, 0x0478, 0x04FB, 0x04DB, 0x051C, 0x055E,
        0x04FB, 0x0373, 0x03B4, 0x0394, 0x0499, 0x05BF, 0x057E, 0x057E, 0x049A, 0x0352, 0x0373, 0x03F6,
        0x0479, 0x04BA, 0x03F6, 0x04DB, 0x0458, 0x0458, 0x059F, 0x059F, 0x051C, 0x0479, 0x0458, 0x04FB,
        0x03B5, 0x0352, 0x0352, 0x0417, 0x0416, 0x03B4, 0x0352, 0x0352, 0x0352, 0x0352, 0x0373, 0x0352,
        0x0352, 0x0458, 0x0479, 0x0393, 0x0352, 0x03D5, 0x03F6, 0x0352, 0x0394, 0x03D5, 0x0352, 0x0416,
        0x04BA, 0x049A, 0x057E, 0x04BA, 0x0416, 0x03D5, 0x0352, 0x053D, 0x0394, 0x0373, 0x0437, 0x0417,
        0x04FC, 0x0499, 0x05BF, 0x057F, 0x0458, 0x057E, 0x0479, 0x03B5, 0x03F6, 0x03D5, 0x057E, 0x05BF,
        0x0352, 0x0352, 0x04FC, 0x05BF, 0x04BA, 0x0416, 0x057F, 0x0437, 0x057E, 0x05BF, 0x04BA, 0x05BF,
        0x0458, 0x03F6, 0x0499, 0x05BF, 0x0478, 0x0499, 0x0373, 0x04BA, 0x0393, 0x03B5, 0x03F6, 0x0373,
        0x0352, 0x0373, 0x0352, 0x0352, 0x0352, 0x03D5, 0x0417, 0x053D, 0x0479, 0x0394, 0x03B4, 0x03B4,
        0x03B5, 0x0373, 0x0352, 0x0352, 0x0373, 0x0437, 0x0437, 0x03D5, 0x0352, 0x0417, 0x0394, 0x059F,
        0x04FB, 0x0417, 0x057E, 0x05BF, 0x04BA, 0x05BF, 0x04FC, 0x05BF, 0x04DA, 0x057E, 0x057E, 0x03D5,
        0x0373, 0x04FB, 0x0352, 0x05BF, 0x0352, 0x0352, 0x0373, 0x0352, 0x03D5, 0x03D5, 0x03F6, 0x049A,
        0x0458, 0x05BF, 0x05BF, 0x0458, 0x0458, 0x05BF, 0x05BF, 0x0352, 0x0393, 0x0416, 0x0416, 0x0478,
        0x0417, 0x0373, 0x0479, 0x03F6, 0x0393, 0x03B4, 0x0393, 0x0437, 0x04DB, 0x0479, 0x03F6, 0x0437,
        0x03F6, 0x0478, 0x0353, 0x0352, 0x03D5, 0x03D5, 0x0458, 0x03B4, 0x04DB, 0x0373, 0x0394, 0x0373,
        0x03F6, 0x0479, 0x0373, 0x0373, 0x0352, 0x0416, 0x04FB, 0x05BF, 0x05BF, 0x0458, 0x0499, 0x053D,
        0x05BF, 0x055D, 0x04BA, 0x0C37, 0x0437, 0x0394, 0x0373, 0x0499, 0x0353, 0x0352, 0x0352, 0x0352,
        0x0373, 0x0478, 0x0437, 0x05BF, 0x05BF, 0x05BF, 0x05BF, 0x05BF, 0x0478, 0x05BF, 0x05BF, 0x04DB,
        0x03B5, 0x057E, 0x05BF, 0x05BF, 0x05BF, 0x05BF, 0x05BF, 0x05BF, 0x0458, 0x03D5, 0x0499, 0x03F6,
        0x0478, 0x053D, 0x03F6, 0x04BA, 0x04BA, 0x04BA, 0x0394, 0x2BB2, 0x434F, 0x63D0, 0x5CB6, 0x3D19,
        0x03B4, 0x0352, 0x0352, 0x0352, 0x0437, 0x0373, 0x0458, 0x0352, 0x0352, 0x0373, 0x05BF, 0x05BF,
        0x04DB, 0x0458, 0x0458, 0x0479, 0x0CFB, 0x3D19, 0x5CF7, 0x63AF, 0x536E, 0x3B70, 0x0CFB, 0x04BA,
        0x0352, 0x0352, 0x0352, 0x0352, 0x0394, 0x0352, 0x0373, 0x0352, 0x04FB, 0x059F, 0x05BF, 0x05BF,
        0x05BF, 0x04FC, 0x05BF, 0x053D, 0x05BF, 0x055D, 0x051C, 0x04DB, 0x0417, 0x055D, 0x04FC, 0x053D,
        0x049A, 0x051C, 0x05BF, 0x0394, 0x03B5, 0x03D5, 0x0353, 0x0352, 0x04BA, 0x153C, 0x3B4F, 0x8C10,
        0xB40E, 0xBBAB, 0xB36A, 0x936C, 0x43B1, 0x1351, 0x0393, 0x0352, 0x0352, 0x0352, 0x03B4, 0x0352,
        0x0352, 0x0458, 0x03B4, 0x055E, 0x055D, 0x05BF, 0x0478, 0x14B9, 0x43D2, 0x940F, 0xB3AC, 0xBB8A,
        0xB36B, 0x93AD, 0x5CB6, 0x1D9D, 0x0C37, 0x0458, 0x0352, 0x0352, 0x0352, 0x0352, 0x0353, 0x03D5,
        0x0352, 0x0458, 0x0416, 0x0437, 0x055E, 0x057E, 0x05BF, 0x05BF, 0x05BF, 0x0458, 0x0352, 0x03B4,
        0x0417, 0x04BA, 0x05BF, 0x05BF, 0x0352, 0x04FB, 0x05BF, 0x055E, 0x0416, 0x04DB, 0x0499, 0x03F6,
        0x0BD5, 0x4B4F, 0x6A69, 0xA307, 0xE488, 0xFD09, 0xFC48, 0xE368, 0xAB6B, 0x63D1, 0x0BB4, 0x03B4,
        0x0352, 0xFB39, 0xFB17, 0xC252, 0xDAB4, 0xCA72, 0xC251, 0xB230, 0xB230, 0x03F6, 0x0BB4, 0x5C12,
        0x9B4B, 0xCBA9, 0xF4C9, 0xFD09, 0xFC48, 0xE3A9, 0xABAC, 0x63F1, 0x32EE, 0x03B4, 0x03F6, 0x04DB,
        0x03D5, 0x04DA, 0x0352, 0x0352, 0x0352, 0x04DB, 0x03F5, 0x0394, 0x053D, 0x053D, 0x04DB, 0x055E,
        0x053D, 0x04DB, 0x055E, 0x059F, 0x04BA, 0x0393, 0x04DB, 0x0394, 0x0353, 0x05BF, 0x04BA, 0x0437,
        0x04BA, 0x03D5, 0x03D5, 0x0352, 0x3B91, 0x830A, 0x92A5, 0xDDA9, 0xFEEB, 0xFEEB, 0xFE2A, 0xFCC8,
        0xFB67, 0xB38B, 0x5413, 0x04BA, 0xE2B4, 0xFB38, 0xFB17, 0xD293, 0xBA31, 0xCA72, 0xBA31, 0xB230,
        0xB230, 0x05BF, 0x33F3, 0x93AD, 0xCB67, 0xF5E9, 0xFEEB, 0xFEEB, 0xFE2A, 0xFCC8, 0xFB67, 0xB36A,
        0x5A8A, 0x1C77, 0x0352, 0x04DB, 0x05BF, 0x03B4, 0x0352, 0x0352, 0x0352, 0x0352, 0x0373, 0x03D5,
        0x0352, 0x0352, 0x0393, 0x03F6, 0x03F5, 0x04FB, 0x05BF, 0x05BF, 0x05BF, 0x04FB, 0x05BF, 0x05BF,
        0x05BF, 0x051C, 0x05BF, 0x053D, 0x04FB, 0x03F6, 0x03F6, 0x1B92, 0x6B4D, 0xB306, 0xDDA9, 0xFF0B,
        0xFF0B, 0xFF0B, 0xFF0C, 0xFE6B, 0xFC48, 0xFB67, 0x93CE, 0xF2F4, 0xD293, 0xEAD6, 0xF2F6, 0xEAD5,
        0xD293, 0xE2B5, 0xC252, 0xB230, 0xB230, 0x1B31, 0x73AF, 0xD367, 0xE5C9, 0xFF0B, 0xFF0B, 0xFF0B,
        0xFF0C, 0xFE6B, 0xFC48, 0xFB67, 0x8287, 0x3ACD, 0x0352, 0x0352, 0x03D5, 0x055D, 0x05BF, 0x057E,
        0x04DB, 0x0416, 0x03B4, 0x0352, 0x0352, 0x0352, 0x0352, 0x03B5, 0x03F6, 0x0417, 0x0417, 0x0417,
        0x051C, 0x05BF, 0x04FC, 0x05BF, 0x05BF, 0x05BF, 0x05BF, 0x05BF, 0x055E, 0x04BA, 0x04BA, 0x4B90,
        0x9AE8, 0xABE7, 0xFF0B, 0xFF0B, 0xFF0B, 0xFF0B, 0xFF0B, 0xFF0C, 0xFDAA, 0xFB67, 0xD3CA, 0xFB31,
        0xCA73, 0xDA94, 0xE2B5, 0xEAD5, 0xEAD5, 0xDAB4, 0xE2B4, 0xE2B4, 0xD293, 0x3B91, 0x8287, 0xA3C7,
        0xFF0B, 0xFF0B, 0xFF0B, 0xFF0B, 0xFF0B, 0xFF0C, 0xFDAA, 0xFB67, 0xA224, 0x5AAB, 0x0C16, 0x053D,
        0x0479, 0x0479, 0x05BF, 0x05BF, 0x05BF, 0x057E, 0x0499, 0x03B4, 0x0352, 0x0352, 0x0352, 0x0352,
        0x0352, 0x0352, 0x0373, 0x0353, 0x04BA, 0x059F, 0x05BF, 0x05BF, 0x05BF, 0x05BF, 0x05BF, 0x05BF,
        0x0417, 0x04DB, 0x0C16, 0x738E, 0xB2E6, 0xE66B, 0xFF0B, 0xFF0B, 0xFF0B, 0xFF0A, 0xFF0B, 0xFF0C,
        0xFF0C, 0xFC07, 0xFB67, 0xFB6F, 0xE2D4, 0xDAB4, 0xDAB4, 0xEAD5, 0xD273, 0xC252, 0xCA72, 0xDA94,
        0xE2B4, 0x7BCF, 0xD346, 0xE66B, 0xFF0B, 0xFF0B, 0xFF0B, 0xFF0A, 0xFF0B, 0xFF0C, 0xFF0C, 0xFC28,
        0xDAE6, 0x7A67, 0x2B0F, 0x0352, 0x0458, 0x0458, 0x04BA, 0x05BF, 0x05BF, 0x059F, 0x05BF, 0x051C,
        0x0416, 0x0352, 0x0352, 0x0352, 0x0352, 0x0352, 0x0479, 0x03D5, 0x04DB, 0x0437, 0x04FC, 0x04DB,
        0x05BF, 0x05BF, 0x05BF, 0x04BA, 0x059F, 0x059F, 0x3435, 0x92C8, 0xAB87, 0xFF0B, 0xFF0B, 0xFF0B,
        0xFF0B, 0xFF0B, 0xFF0C, 0xFF0C, 0xFF0C, 0xDCC8, 0xBA85, 0xE2E9, 0xFB13, 0xDAB4, 0xC272, 0xD293,
        0xD293, 0xC252, 0xB230, 0xB230, 0xBA4E, 0x9B2A, 0xB387, 0xFF0B, 0xFF0B, 0xFF0B, 0xFF0B, 0xFF0B,
        0xFF0C, 0xFF0C, 0xFF0C, 0xFD49, 0xEB06, 0xBAA6, 0x4B4F, 0x0352, 0x0499, 0x03D5, 0x0352, 0x03F6,
        0x04BA, 0x03F6, 0x05BF, 0x05BF, 0x05BF, 0x05BF, 0x057E, 0x0416, 0x03D5, 0x0352, 0x0352, 0x0352,
        0x03B5, 0x03F6, 0x03D5, 0x053D, 0x03B5, 0x04BA, 0x0416, 0x04DB, 0x0352, 0x03F6, 0x4C75, 0xB286,
        0xA408, 0xFF0B, 0xFF0B, 0xFF0B, 0xFF0B, 0xFF0B, 0xFF0C, 0xFF0C, 0xFF0B, 0xEE2A, 0xBA85, 0xBA85,
        0xE311, 0xEAD6, 0xCA72, 0xCA73, 0xBA31, 0xB230, 0xC252, 0xC252, 0xD2AC, 0xC2C6, 0xA428, 0xFF0B,
        0xFF0B, 0xFF0B, 0xFF0B, 0xFF0B, 0xFF0C, 0xFF0C, 0xFF0B, 0xFE4B, 0xFB87, 0xDAE6, 0x6BF1, 0x057E,
        0x057E, 0x055E, 0x0352, 0x0373, 0x0352, 0x0352, 0x0499, 0x05BF, 0x05BF, 0x05BF, 0x05BF, 0x05BF,
        0x04BA, 0x03B4, 0x03D5, 0x0352, 0x03D5, 0x0352, 0x03D5, 0x0394, 0x03B4, 0x0458, 0x053D, 0x059F,
        0x04DB, 0x03F6, 0x630C, 0xBA85, 0xDE4A, 0xFF0C, 0xFF0B, 0xFF0B, 0xFF0C, 0xFF0C, 0xFF0C, 0xFF0B,
        0xFF0B, 0xFF0C, 0xBAA5, 0xBA85, 0xDAEF, 0xFB7A, 0xD293, 0xDA94, 0xE2D5, 0xBA31, 0xB230, 0xB230,
        0xDACB, 0xFB87, 0xDE4A, 0xFF0C, 0xFF0B, 0xFF0B, 0xFF0C, 0xFF0C, 0xFF0C, 0xFF0B, 0xFF0B, 0xFF0C,
        0xFC28, 0xFB47, 0x9BEE, 0x0C99, 0x057E, 0x04BA, 0x05BF, 0x03B4, 0x03D5, 0x0373, 0x0352, 0x03D5,
        0x0458, 0x05BF, 0x05BF, 0x05BF, 0x05BF, 0x0499, 0x03F6, 0x05BF, 0x03D5, 0x0352, 0x0352, 0x0352,
        0x0352, 0x0352, 0x0499, 0x05BF, 0x04FC, 0x0C58, 0x7B0B, 0xB2E6, 0xF70C, 0xFF0B, 0xFF0C, 0xFF0B,
        0xFF0B, 0xFF0C, 0xFF0C, 0xFF0C, 0xFF0B, 0xFF2C, 0xCB66, 0xBA85, 0xD2AB, 0xFB38, 0xBA31, 0xC272,
        0xC272, 0xBA51, 0xC251, 0xBA30, 0xE30A, 0xEBA7, 0xF70C, 0xFF0B, 0xFF0C, 0xFF0B, 0xFF0B, 0xFF0C,
        0xFF0C, 0xFF0C, 0xFF0B, 0xFF2C, 0xD407, 0xC285, 0x8AC9, 0x1C98, 0x055E, 0x0499, 0x04FB, 0x0416,
        0x0437, 0x0479, 0x0499, 0x0478, 0x0394, 0x0437, 0x055D, 0x0479, 0x04BA, 0x05BF, 0x04DB, 0x0437,
        0x0458, 0x0373, 0x0458, 0x0373, 0x0352, 0x0352, 0x0373, 0x0352, 0x0393, 0x13D4, 0x7268, 0x92E6,
        0xFF0B, 0xFF0B, 0xFF0B, 0xFF0B, 0xFF0B, 0xFF0C, 0xFF0C, 0xFF0C, 0xFF0B, 0xFF0C, 0xD407, 0xBA85,
        0xC289, 0xE2B3, 0xD273, 0xD293, 0xEAD5, 0xBA31, 0xB230, 0xBA4F, 0xEB09, 0xDBC8, 0xFF0B, 0xFF0B,
        0xFF0B, 0xFF0B, 0xFF0B, 0xFF0C, 0xFF0C, 0xFF0C, 0xFF0B, 0xFF0C, 0xC447, 0xAA44, 0x7A88, 0x1BB3,
        0x0458, 0x05BF, 0x05BF, 0x05BF, 0x05BF, 0x055D, 0x04DB, 0x04FB, 0x04BA, 0x0437, 0x0352, 0x0393,
        0x0352, 0x04DB, 0x05BF, 0x0458, 0x05BF, 0x05BF, 0x05BF, 0x057E, 0x0437, 0x0353, 0x03B4, 0x0352,
        0x0352, 0x1B72, 0x7A89, 0x9B46, 0xFF0C, 0xFF0B, 0xFF0B, 0xFF0B, 0xFF0B, 0xFF0B, 0xFF0C, 0xFF0B,
        0xFF0C, 0xFF0C, 0xD468, 0xBA85, 0xC288, 0xCA91, 0xDA94, 0xEAD5, 0xDAB4, 0xBA51, 0xB230, 0xB22E,
        0xCAA8, 0xDC08, 0xFF0C, 0xFF0B, 0xFF0B, 0xFF0B, 0xFF0B, 0xFF0B, 0xFF0C, 0xFF0B, 0xFF0C, 0xFF0C,
        0xCC68, 0x9A04, 0x7A67, 0x23D4, 0x0394, 0x0458, 0x059F, 0x05BF, 0x05BF, 0x05BF, 0x05BF, 0x05BF,
        0x05BF, 0x0479, 0x0417, 0x0394, 0x0352, 0x03F6, 0x0373, 0x0417, 0x055E, 0x05BF, 0x05BF, 0x05BF,
        0x059F, 0x051C, 0x0373, 0x03B4, 0x0352, 0x2371, 0xD389, 0xDC48, 0xFF0B, 0xFF0B, 0xFF0C, 0xFF0B,
        0xFF0C, 0xB529, 0xE66A, 0xFF0C, 0xFF0C, 0xFF0C, 0xDCA8, 0xBA85, 0xC288, 0xE2B2, 0xF2F6, 0xF2F6,
        0xFB17, 0xEAD6, 0xB230, 0xB22E, 0x9A06, 0xD428, 0xFF0B, 0xFF0B, 0xFF0C, 0xFF0B, 0xFF0C, 0xB529,
        0xE66A, 0xFF0C, 0xFF0C, 0xFF0C, 0xC3E7, 0xAA24, 0x8267, 0x2351, 0x03D5, 0x051C, 0x04DB, 0x03F6,
        0x05BF, 0x05BF, 0x05BF, 0x05BF, 0x05BF, 0x04BA, 0x051C, 0x0458, 0x053D, 0x0416, 0x03B4, 0x0373,
        0x03D5, 0x0479, 0x05BF, 0x05BF, 0x05BF, 0x04DB, 0x0479, 0x0499, 0x03F6, 0x2372, 0x7A46, 0xAB66,
        0xFF0C, 0xFF0B, 0xFF0C, 0xFF0B, 0xEE8B, 0x8225, 0x8B06, 0xFF0C, 0xFF2C, 0xFF0C, 0xCC07, 0xBA85,
        0xCA88, 0xEAD3, 0xD293, 0xEAD5, 0xF2F6, 0xFB17, 0xDAB4, 0xB22E, 0xBA67, 0xB387, 0xFF0C, 0xFF0B,
        0xFF0C, 0xFF0B, 0xEE8B, 0x8225, 0x8B06, 0xFF0C, 0xFF2C, 0xFF0C, 0x79C4, 0x9A04, 0x7A47, 0x1B72,
        0x0394, 0x0458, 0x0373, 0x0373, 0x0352, 0x0437, 0x057E, 0x055E, 0x05BF, 0x05BF, 0x05BF, 0x05BF,
        0x05BF, 0x05BF, 0x05BF, 0x05BF, 0x05BF, 0x05BF, 0x055D, 0x05BF, 0x05BF, 0x05BF, 0x0499, 0x0352,
        0x03F6, 0x2392, 0x7A67, 0xAB46, 0xFF0C, 0xFF0C, 0xFF0B, 0xF6EB, 0x8326, 0xD244, 0xC244, 0x6A86,
        0x7347, 0x5A25, 0x8A05, 0xBA85, 0xCA89, 0xDAB2, 0xDA94, 0xF2F6, 0xDAB4, 0xF2F6, 0xE2B5, 0xDAB2,
        0xC288, 0xBB87, 0xFF0C, 0xFF0C, 0xFF0B, 0xF6EB, 0x8326, 0xD244, 0xC244, 0x6A86, 0x7347, 0x5A25,
        0xC285, 0xAA44, 0x7A88, 0x1B51, 0x03B5, 0x0438, 0x03F6, 0x04BA, 0x0394, 0x03B4, 0x03B4, 0x0394,
        0x0479, 0x0417, 0x05BF, 0x05BF, 0x05BF, 0x05BF, 0x05BF, 0x0458, 0x055E, 0x05BF, 0x055E, 0x03F6,
        0x0373, 0x03F6, 0x0458, 0x04DA, 0x03D5, 0x2351, 0xBB6A, 0xC306, 0xFF0C, 0xFF0C, 0xF6EC, 0xA468,
        0xC244, 0xE264, 0xE284, 0xDA84, 0xD264, 0xE284, 0xCA85, 0xBA85, 0xCA89, 0xEAD4, 0xE2B5, 0xFB17,
        0xEAD6, 0xF2F6, 0xEAD5, 0xCA91, 0xBA68, 0xB2C6, 0xFF0C, 0xFF0C, 0xF6EC, 0xA468, 0xC244, 0xE264,
        0xE284, 0xDA84, 0xD264, 0xE284, 0xD2A5, 0xC285, 0x6A89, 0x0C58, 0x0416, 0x05BF, 0x03B4, 0x03B4,
        0x051C, 0x0479, 0x055E, 0x0373, 0x03F6, 0x055D, 0x05BF, 0x05BF, 0x05BF, 0x05BF, 0x051C, 0x04FC,
        0x0458, 0x0479, 0x0437, 0x0416, 0x03D5, 0x0352, 0x0458, 0x0437, 0x0373, 0x0BB4, 0xA38C, 0xE326,
        0xA3E8, 0x8367, 0x8285, 0xAA24, 0xE284, 0xE264, 0xE284, 0xE284, 0xE284, 0xE264, 0xC285, 0xBA85,
        0xD2AB, 0xDAB3, 0xD293, 0xE2B5, 0xFB38, 0xFB59, 0xFB39, 0xE2D4, 0xBA69, 0xB265, 0xA3E8, 0x8367,
        0x8285, 0xAA24, 0xE284, 0xE264, 0xE284, 0xE284, 0xE284, 0xE264, 0xE306, 0xBA65, 0x52CB, 0x0393,
        0x03D5, 0x05BF, 0x0416, 0x055D, 0x05BF, 0x057E, 0x0499, 0x03F6, 0x03B4, 0x03D5, 0x04FB, 0x05BF,
        0x05BF, 0x053D, 0x05BF, 0x0479, 0x049A, 0x0499, 0x057E, 0x0416, 0x0373, 0x0373, 0x0352, 0x03F6,
        0x0352, 0x0437, 0x8B8D, 0xFB67, 0xBA44, 0xE264, 0xE244, 0xE264, 0xE284, 0xE264, 0xE284, 0xC264,
        0xA265, 0x8A45, 0x9A04, 0x9A04, 0xC28E, 0xF2F6, 0xE2B5, 0xD293, 0xEAD6, 0xFB59, 0xFB7A, 0xFB5A,
        0xD2AD, 0xBA65, 0xBA44, 0xE264, 0xE244, 0xE264, 0xE284, 0xE264, 0xE284, 0xC264, 0xA265, 0x8A45,
        0xBA85, 0xCAE6, 0x534E, 0x03B4, 0x0373, 0x0479, 0x0373, 0x03D5, 0x0437, 0x04BA, 0x05BF, 0x05BF,
        0x0437, 0x03D5, 0x0394, 0x0499, 0x04FB, 0x055D, 0x053D, 0x057E, 0x04FB, 0x057E, 0x05BF, 0x05BF,
        0x04FB, 0x051C, 0x055E, 0x05BF, 0x053D, 0x05BF, 0x5BD0, 0xB285, 0xC244, 0xAA65, 0x9285, 0x8A45,
        0xD285, 0xE2A4, 0xD285, 0xAC68, 0xDE2B, 0xDDA9, 0x9A04, 0x9A04, 0xD2AF, 0xFB5A, 0xEAD5, 0xD293,
        0xE2B5, 0xEAD5, 0xFB7A, 0xFB7A, 0xE2F0, 0xBA85, 0xCA64, 0xAA65, 0x9285, 0x8A45, 0xD285, 0xE2A4,
        0xD285, 0xAC68, 0xDE2B, 0xE5C9, 0xCAA5, 0x8B0A, 0x2B0F, 0x04DB, 0x04FB, 0x04FC, 0x0352, 0x0393,
        0x051C, 0x053D, 0x05BF, 0x05BF, 0x05BF, 0x057E, 0x04FC, 0x05BF, 0x0499, 0x04FC, 0x04FC, 0x059F,
        0x03B5, 0x0458, 0x0479, 0x0499, 0x05BF, 0x05BF, 0x05BF, 0x05BF, 0x057E, 0x0417, 0x3391, 0x9AC8,
        0xAB46, 0xD5EA, 0xF6EC, 0xEE8B, 0x8367, 0x9205, 0x9B06, 0xF6EC, 0xFF2D, 0xCCA8, 0x9A04, 0xAA48,
        0xDAB2, 0xFB18, 0xFB17, 0xEAD5, 0xF2F6, 0xF2F6, 0xF2F6, 0xFB5A, 0xEB14, 0xCAA9, 0xA306, 0xD5EA,
        0xF6EC, 0xEE8B, 0x8367, 0x9205, 0x9B06, 0xF6EC, 0xFF2D, 0xDCE9, 0xB265, 0x8410, 0x151B, 0x04DA,
        0x0478, 0x03B4, 0x0373, 0x04BA, 0x0499, 0x04BA, 0x05BF, 0x05BF, 0x049A, 0x0416, 0x053D, 0x059F,
        0x04BA, 0x0393, 0x05BF, 0x05BF, 0x05BF, 0x05BF, 0x0458, 0x04FB, 0x055E, 0x057F, 0x057E, 0x05BF,
        0x05BF, 0x04BA, 0x1457, 0x9C0F, 0xF3E7, 0xF6EB, 0xFF0B, 0xFF0B, 0xFF0C, 0xD60B, 0xE66B, 0xFF2C,
        0xFF2D, 0xC366, 0xBA85, 0xF36F, 0xFB37, 0xFB39, 0xFB18, 0xFAF7, 0xDAB4, 0xFAF7, 0xFB59, 0xDA94,
        0xFAF6, 0xD2AC, 0xBB26, 0xF6EB, 0xFF0B, 0xFF0B, 0xFF0C, 0xD60B, 0xE66B, 0xFF2C, 0xFF2D, 0xCB66,
        0xB329, 0x54B6, 0x05BF, 0x059F, 0x059F, 0x03F6, 0x0479, 0x0353, 0x0458, 0x04BA, 0x051C, 0x05BF,
        0x05BF, 0x051C, 0x04FB, 0x04BA, 0x0479, 0x03F6, 0x03D5, 0x04BA, 0x059F, 0x05BF, 0x05BF, 0x05BF,
        0x04DA, 0x0499, 0x04FB, 0x04FB, 0x053D, 0x04DB, 0x0499, 0x6474, 0xD389, 0xFDA9, 0xFF0B, 0xFF0B,
        0xFF0B, 0xFF0C, 0xFF2C, 0xFF2D, 0xED8A, 0xDAE6, 0xE309, 0xF353, 0xFB17, 0xEAD5, 0xFAF7, 0xFB17,
        0xFB17, 0xF2F6, 0xFB7A, 0xFB39, 0xFB17, 0xE2F1, 0xC287, 0xE549, 0xFF0B, 0xFF0B, 0xFF0B, 0xFF0C,
        0xFF2C, 0xFF2D, 0xE56A, 0xBA85, 0x6BB0, 0x1D3B, 0x059F, 0x05BF, 0x05BF, 0x04BA, 0x0479, 0x0394,
        0x0352, 0x0417, 0x0352, 0x0352, 0x05BF, 0x05BF, 0x05BF, 0x057E, 0x055D, 0x0458, 0x0478, 0x0393,
        0x05BF, 0x059F, 0x05BF, 0x05BF, 0x05BF, 0x05BF, 0x05BF, 0x05BF, 0x05BF, 0x053D, 0x055D, 0x24FA,
        0x93EF, 0xFC48, 0xFE6A, 0xFF0B, 0xFF0C, 0xFF0C, 0xFF2C, 0xEE2B, 0xAB26, 0xA224, 0xCA8C, 0xF316,
        0xFAF7, 0xF2F6, 0xE2B5, 0xFB38, 0xFB18, 0xEAD6, 0xFB38, 0xFB59, 0xFB38, 0xF2F4, 0xCA8B, 0xCB86,
        0xEE4A, 0xFF0B, 0xFF0C, 0xFF0C, 0xFF2C, 0xEE4B, 0xCB86, 0xBA85, 0x33F4, 0x0479, 0x03D5, 0x0479,
        0x055E, 0x05BF, 0x051C, 0x0499, 0x03B5, 0x0352, 0x03B4, 0x0373, 0x03D5, 0x0417, 0x05BF, 0x05BF,
        0x059F, 0x051C, 0x053D, 0x0499, 0x05BF, 0x04BA, 0x0417, 0x0458, 0x057E, 0x05BF, 0x05BF, 0x05BF,
        0x05BF, 0x05BF, 0x05BF, 0x05BF, 0x5433, 0xB3ED, 0xFCC8, 0xFE2A, 0xFEEB, 0xF6EC, 0xE5EA, 0xCC07,
        0x9A04, 0xB24A, 0xDAB1, 0xFB18, 0xFB5A, 0xF2F7, 0xFB38, 0xFB7B, 0xFB7A, 0xFB59, 0xFB18, 0xFB59,
        0xFB59, 0xDAB4, 0xCA8E, 0xC289, 0xD427, 0xEDEA, 0xFEEB, 0xFEEC, 0xEE0A, 0xD428, 0xBA85, 0x82EA,
        0x0D9E, 0x059F, 0x0437, 0x03D5, 0x04FC, 0x05BF, 0x04FB, 0x05BF, 0x05BF, 0x0458, 0x057E, 0x04DB,
        0x0352, 0x03F6, 0x04BA, 0x055E, 0x05BF, 0x05BF, 0x05BF, 0x051C, 0x04DB, 0x0499, 0x0437, 0x0437,
        0x03F6, 0x0416, 0x049A, 0x05BF, 0x05BF, 0x05BF, 0x05BF, 0x05BF, 0x0D7E, 0x5C74, 0x834C, 0xA367,
        0xCC67, 0xC447, 0xB346, 0x8A25, 0xBA6B, 0xD2D1, 0xF2F6, 0xF2F6, 0xFB18, 0xFB39, 0xFB18, 0xFB39,
        0xFAF7, 0xFB18, 0xFB17, 0xFB38, 0xFB9B, 0xEAD6, 0xCA72, 0xCA6E, 0xCA8A, 0xD3A8, 0xDC88, 0xDC88,
        0xCBA7, 0xAA86, 0x82C9, 0x4B4F, 0x0352, 0x05BF, 0x05BF, 0x0437, 0x03B4, 0x03B5, 0x05BF, 0x05BF,
        0x0499, 0x0417, 0x0478, 0x0352, 0x0352, 0x0394, 0x03B4, 0x057E, 0x059F, 0x05BF, 0x05BF, 0x05BF,
        0x05BF, 0x0458, 0x051C, 0x03B4, 0x0437, 0x0352, 0x03B4, 0x0416, 0x03D5, 0x055E, 0x05BF, 0x05BF,
        0x05BF, 0x157D, 0x3C55, 0x530D, 0x6AAA, 0x7289, 0x6A68, 0xC2AE, 0xDAF2, 0xFB58, 0xFB38, 0xFAF7,
        0xFB38, 0xFB59, 0xFB7A, 0xFB38, 0xFB17, 0xD293, 0xFB38, 0xFB38, 0xFB38, 0xFB7A, 0xFB9C, 0xFB79,
        0xDAB0, 0x6BD0, 0x82C9, 0x8AC9, 0x82C9, 0x6AEB, 0x430E, 0x1351, 0x0458, 0x0352, 0x04FC, 0x05BF,
        0x04DB, 0x03F6, 0x03F6, 0x05BF, 0x04BA, 0x0353, 0x03F6, 0x03D5, 0x03D5, 0x0352, 0x0373, 0x0458,
        0x04BA, 0x05BF, 0x055D, 0x05BF, 0x05BF, 0x05BF, 0x053D, 0x0458, 0x051C, 0x0373, 0x0352, 0x03B5,
        0x0416, 0x0352, 0x05BF, 0x05BF, 0x05BF, 0x05BF, 0x059F, 0x24D9, 0x332F, 0x3BB1, 0x33B2, 0xEB15,
        0xFB59, 0xFB7A, 0xF2F6, 0xEAD6, 0xFB18, 0xFB17, 0xFB18, 0xFAF7, 0xCA73, 0xE2D5, 0xFAF7, 0xF2F6,
        0xD294, 0xDAB4, 0xFB7A, 0xFB7A, 0xFB38, 0x2C97, 0x43B1, 0x4B2E, 0x432E, 0x2B2F, 0x0352, 0x03D5,
        0x0458, 0x0458, 0x0352, 0x0393, 0x05BF, 0x03F6, 0x0373, 0x0479, 0x053D, 0x055D, 0x051C, 0x0499,
        0x0458, 0x0353, 0x03F6, 0x03F6, 0x0437, 0x03B5, 0x0478, 0x051C, 0x049A, 0x04DB, 0x05BF, 0x0499,
        0x0479, 0x0416, 0x0352, 0x0352, 0x03D5, 0x03B4, 0x03D5, 0x0416, 0x05BF, 0x051C, 0x05BF, 0x05BF,
        0x350C, 0x34AB, 0xF2F6, 0xFB18, 0xFB59, 0xF2F6, 0xFB17, 0xFB39, 0xFB38, 0xFB38, 0xFB18, 0xFB38,
        0xDAB4, 0xE2D5, 0xF2F6, 0xFAF7, 0xFB17, 0xD273, 0xFB39, 0xFB9C, 0x0393, 0x03B5, 0x04DB, 0x0437,
        0x0373, 0x0352, 0x0352, 0x051C, 0x0458, 0x0458, 0x0458, 0x0352, 0x0352, 0x049A, 0x0417, 0x0416,
        0x04BA, 0x04DA, 0x0479, 0x0499, 0x05BF, 0x04BA, 0x0437, 0x0437, 0x0393, 0x0352, 0x0352, 0x0352,
        0x0352, 0x0437, 0x04DB, 0x051C, 0x05BF, 0x057E, 0x03B5, 0x0373, 0x0373, 0x0393, 0x03D5, 0x0458,
        0x04DB, 0x04DB, 0x05BF, 0x2CAB, 0x2368, 0x2367, 0xFAF7, 0xDA94, 0xCA72, 0xCA72, 0xDA94, 0xFB38,
        0xEAD6, 0xDA94, 0xFB17, 0xFB38, 0xFB18, 0xE2D5, 0xFB18, 0xF2F6, 0xE2B5, 0xD293, 0xC252, 0xEAD5,
        0x0352, 0x0352, 0x04BA, 0x0458, 0x0393, 0x0352, 0x0352, 0x0352, 0x0458, 0x0458, 0x0458, 0x0458,
        0x0352, 0x0352, 0x0352, 0x0478, 0x0437, 0x03F6, 0x0479, 0x0478, 0x05BF, 0x057E, 0x0416, 0x0394,
        0x0393, 0x0352, 0x0352, 0x0352, 0x0394, 0x0352, 0x0373, 0x053D, 0x055E, 0x055D, 0x053D, 0x0479,
        0x0437, 0x03B4, 0x0373, 0x03B4, 0x0416, 0x0438, 0x2388, 0x2367, 0x2367, 0x2367, 0xFB18, 0xFB38,
        0xCA72, 0xEAD6, 0xE2B5, 0xDA94, 0xF2F6, 0xEAD5, 0xFAF7, 0xF2F6, 0xE2D5, 0xF2F6, 0xDAB4, 0xE2B5,
        0xFB18, 0xEAD5, 0xDAB4, 0xCA73, 0x0352, 0x0352, 0x0352, 0x0393, 0x0373, 0x0352, 0x0352, 0x03D5,
        0x0458, 0x0458, 0x0458, 0x0458, 0x0458, 0x0352, 0x0352, 0x0352, 0x0478, 0x04DA, 0x05BF, 0x04DB,
        0x055D, 0x04FB, 0x059F, 0x05BF, 0x0416, 0x0393, 0x0352, 0x0352, 0x0352, 0x0352, 0x0352, 0x059F,
        0x05BF, 0x05BF, 0x05BF, 0x354C, 0x04FC, 0x0417, 0x0478, 0x0499, 0x04BA, 0x2367, 0x2367, 0x2367,
        0x2367, 0xFB17, 0xFB9B, 0xE2D5, 0xCA72, 0xCA73, 0xCA72, 0xEAD5, 0xD293, 0xE2D5, 0xFB7A, 0xFB7B,
        0xEAD5, 0xEAD6, 0xF2F6, 0xFB17, 0xFB17, 0xFB59, 0xDAB4, 0x0499, 0x0416, 0x0352, 0x0352, 0x0352,
        0x0352, 0x0352, 0x2CAA, 0x2CAA, 0x0458, 0x0458, 0x0458, 0x0458, 0x0458, 0x0458, 0x0352, 0x0352,
        0x0352, 0x0499, 0x0437, 0x051C, 0x053D, 0x05BF, 0x059F, 0x051C, 0x0458, 0x057E, 0x0437, 0x0417,
        0x0373, 0x0394, 0x0458, 0x05BF, 0x05BF, 0x05BF, 0x05BF, 0x352C, 0x35AD, 0x03D5, 0x0499, 0x05BF,
        0x2367, 0x2367, 0x2367, 0x2C8A, 0x2367, 0xDAB4, 0xFAF7, 0xF2F6, 0xD293, 0xCA73, 0xBA51, 0xCA72,
        0xE2B5, 0xEAD5, 0xF2D6, 0xFB17, 0xD293, 0xDA94, 0xEAD6, 0xFB39, 0xDA94, 0xD293, 0xFB18, 0x0478,
        0x03D5, 0x0352, 0x0352, 0x0352, 0x0352, 0x0352, 0x2CAA, 0x2CAA, 0x0458, 0x0458, 0x0458, 0x0458,
        0x0458, 0x0458, 0x0458, 0x0458, 0x0352, 0x0352, 0x05BF, 0x05BF, 0x059F, 0x05BF, 0x05BF, 0x055E,
        0x055E, 0x049A, 0x04BA, 0x0437, 0x04FB, 0x05BF, 0x05BF, 0x0499, 0x0437, 0x0417, 0x051C, 0x35AD,
        0x35AD, 0x2CEB, 0x0416, 0x23E9, 0x2367, 0x2409, 0x2C8A, 0x2368, 0x2367, 0xF2F6, 0xF2F6, 0xFB17,
        0xD293, 0xE2B5, 0xDAB4, 0xE2B5, 0xC252, 0xD293, 0xD293, 0xFAF7, 0xFB59, 0xDA94, 0xD294, 0xF2F7,
        0xF2F6, 0xD293, 0xE2B4, 0x03F6, 0x0394, 0x04BA, 0x0373, 0x0352, 0x055D, 0x2CAA, 0x2CAA, 0x2CAA,
        0x2367, 0x0458, 0x0458, 0x0458, 0x0458, 0x0458, 0x0458, 0x0458, 0x0458, 0x0352, 0x0352, 0x057F,
        0x04BA, 0x04DB, 0x05BF, 0x05BF, 0x05BF, 0x051C, 0x051C, 0x053D, 0x05BF, 0x04DA, 0x04FB, 0x04FC,
        0x0437, 0x03B5, 0x04DA, 0x358D, 0x2C4A, 0x2367, 0x23E9, 0x23E9, 0x2409, 0x2367, 0x2367, 0x2C4A,
        0x2367, 0xCA72, 0xE2B5, 0xEAD6, 0xF2F6, 0xEAD5, 0xFAF7, 0xDA94, 0xC252, 0xC251, 0xBA31, 0xD293,
        0xFB18, 0xEAD6, 0xCA73, 0xDA94, 0xD293, 0xB230, 0xB230, 0x0352, 0x0394, 0x0394, 0x03B4, 0x0416,
        0x2CAA, 0x2CAA, 0x2CAA, 0x2CAA, 0x23E9, 0x23A8, 0x0458, 0x0458, 0x0458, 0x0458, 0x0458, 0x0458,
        0x0458, 0x0458, 0x0458, 0x0352, 0x059F, 0x05BF, 0x05BF, 0x055E, 0x05BF, 0x05BF, 0x05BF, 0x05BF,
        0x053D, 0x0479, 0x03F5, 0x0458, 0x0416, 0x0458, 0x03F6, 0x2388, 0x2367, 0x2368, 0x2367, 0x2367,
        0x2367, 0x2367, 0x2367, 0x2367, 0x2367, 0xD294, 0xCA73, 0xCA72, 0xD293, 0xE2B4, 0xFB18, 0xFB17,
        0xC252, 0xC252, 0xBA31, 0xBA51, 0xD293, 0xCA73, 0xDAB4, 0xBA31, 0xD293, 0xDA94, 0xBA31, 0x0499,
        0x0352, 0x0352, 0x0352, 0x0373, 0x2CAA, 0x2CAA, 0x2CAA, 0x2CAA, 0x2367, 0x2368, 0x0458, 0x0458,
        0x0458, 0x0458, 0x0458, 0x0458, 0x0458, 0x0458, 0x0458, 0x0352, 0x0352, 0x03B5, 0x051C, 0x0437,
        0x0499, 0x05BF, 0x05BF, 0x051C, 0x03D5, 0x03B5, 0x0417, 0x0458, 0x0394, 0x0352, 0x0416, 0x23E9,
        0x2C29, 0x2368, 0x2367, 0x2367, 0x2367, 0x2367, 0x2429, 0x2367, 0x2367, 0xFB59, 0xEAD6, 0xD273,
        0xC252, 0xCA72, 0xF2F6, 0xEAD5, 0xEAD5, 0xCA73, 0xD273, 0xCA73, 0xBA31, 0xBA51, 0xCA73, 0xCA73,
        0xF2F6, 0xFB17, 0xDA94, 0x0416, 0x03B4, 0x0352, 0x0352, 0x2CAA, 0x2CAA, 0x2CAA, 0x2CAA, 0x2CAA,
        0x2367, 0x2367, 0x2367, 0x2367, 0x2367, 0x2367, 0x0458, 0x0458, 0x0458, 0x0458, 0x0458, 0x0458,
        0x0352, 0x0352, 0x0352, 0x0416, 0x0479, 0x049A, 0x0499, 0x059F, 0x0499, 0x0499, 0x03B5, 0x03D5,
        0x0479, 0x0416, 0x03B4, 0x2409, 0x2368, 0x2367, 0x2367, 0x23A8, 0x2C4A, 0x2409, 0x2CCB, 0x2C4A,
        0x2C29, 0xF2F6, 0xFB38, 0xEAD6, 0xEAD5, 0xC252, 0xC252, 0xCA72, 0xDAB4, 0xD293, 0xD293, 0xBA31,
        0xCA73, 0xB230, 0xBA31, 0xCA73, 0xCA72, 0xEAD5, 0xCA73, 0x05BF, 0x03B4, 0x0394, 0x2CAA, 0x2CAA,
        0x2CAA, 0x2CAA, 0x2CAA, 0x2CAA, 0x2367, 0x2367, 0x2367, 0x2367, 0x2367, 0x2368, 0x0458, 0x0458,
        0x0458, 0x0458, 0x0458, 0x0458, 0x0458, 0x0458, 0x0352, 0x0373, 0x0437, 0x04BA, 0x0499, 0x0437,
        0x0458, 0x04FB, 0x05BF, 0x0499, 0x03D5, 0x03D5, 0x053D, 0x2367, 0x2367, 0x2367, 0x2367, 0x2368,
        0x23A8, 0x23C8, 0x2C8A, 0x23C8, 0x23A8, 0xCA73, 0xDA94, 0xE2B4, 0xE2B4, 0xD293, 0xBA51, 0xB230,
        0xBA31, 0xF2F6, 0xE2D5, 0xD293, 0xCA72, 0xB230, 0xB230, 0xB230, 0xBA31, 0xBA31, 0xB230, 0x049A,
        0x0479, 0x0416, 0x2CAA, 0x2CAA, 0x2CAA, 0x2CAA, 0x2CAA, 0x2CAA, 0x2367, 0x23C9, 0x2367, 0x2367,
        0x2367, 0x2C6A, 0x0458, 0x0458, 0x0458, 0x0458, 0x0458, 0x0458, 0x0458, 0x0458, 0x0458, 0x0352,
        0x0352, 0x0373, 0x04DA, 0x05BF, 0x04FB, 0x055D, 0x05BF, 0x05BF, 0x03D5, 0x03F6, 0x03F6, 0x2C4A,
        0x2388, 0x23A8, 0x2367, 0x23C8, 0x2CCB, 0x2388, 0x23E9, 0x2367, 0x2367, 0x2388, 0xCA72, 0xD293,
        0xDA94, 0xF2F6, 0xDAB4, 0xBA51, 0xBA51, 0xC251, 0xDAB4, 0xEAD6, 0xEAD5, 0xCA72, 0xBA51, 0xCA72,
        0xD294, 0xCA73, 0xB230, 0xB230, 0x051C, 0x05BF, 0x2CAA, 0x2CAA, 0x2CAA, 0x2CAA, 0x2CAA, 0x2CAA,
        0x2367, 0x2367, 0x2388, 0x2388, 0x2367, 0x23E9, 0x0458, 0x0458, 0x0458, 0x0458, 0x0458, 0x0458,
        0x0458, 0x0458, 0x0458, 0x0458, 0x0458, 0x0352, 0x0458, 0x05BF, 0x053D, 0x04FB, 0x057E, 0x05BF,
        0x059F, 0x03B4, 0x03F6, 0x2C4A, 0x2CAB, 0x34EB, 0x352C, 0x2C6A, 0x23E9, 0x2367, 0x2367, 0x23E9,
        0x23C9, 0x2409, 0xC252, 0xCA73, 0xDAB4, 0xCA73, 0xF2F7, 0xE2D5, 0xBA31, 0xB230, 0xCA73, 0xDAB4,
        0xEAD5, 0xDAB4, 0xD293, 0xCA72, 0xEAD5, 0xC251, 0xC252, 0xDAB4, 0x05BF, 0x055E, 0x2CAA, 0x2CAA,
        0x2CAA, 0x2CAA, 0x2CAA, 0x2CAA, 0x2367, 0x2367, 0x23A8, 0x2388, 0x2C29, 0x2388, 0x0458, 0x0458,
        0x0458, 0x0458, 0x0458, 0x0458, 0x0458, 0x0458, 0x0458, 0x0458, 0x0458, 0x0458, 0x0352, 0x0393,
        0x0479, 0x053D, 0x0499, 0x04DB, 0x051C, 0x04DB, 0x03F6, 0x2C6A, 0x2C29, 0x350C, 0x2429, 0x2367,
        0x2367, 0x2388, 0x2367, 0x2367, 0x2367, 0x23E9, 0x2C6A, 0xBA31, 0xCA72, 0xE2B5, 0xF2D6, 0xFB17,
        0xCA72, 0xB230, 0xB230, 0xCA72, 0xBA51, 0xDAB4, 0xFAF7, 0xEAD6, 0xE2B5, 0xE2D5, 0xC252, 0xC272,
        0xB230, 0x0458, 0x2CAA, 0x2CAA, 0x2CAA, 0x2CAA, 0x2CAA, 0x2CAA, 0x23A8, 0x2367, 0x2367, 0x2368,
        0x2C4A, 0x2367, 0x0458, 0x0458, 0x0458, 0x0458, 0x0458, 0x0458, 0x0458, 0x0458, 0x0458, 0x0458,
        0x0458, 0x0458, 0x0458, 0x0352, 0x0352, 0x04BA, 0x0437, 0x059F, 0x0458, 0x03F6, 0x03B4, 0x2C8A,
        0x2CAB, 0x23E9, 0x2367, 0x2367, 0x2367, 0x2409, 0x2368, 0x2367, 0x2367, 0x2388, 0x2C8A, 0xB230,
        0xB230, 0xBA31, 0xCA73, 0xCA73, 0xC252, 0xC251, 0xBA51, 0xBA31, 0xBA31, 0xBA31, 0xD293, 0xDA94,
        0xC272, 0xD273, 0xEAD5, 0xFB17, 0xEAD5, 0x0479, 0x2CAA, 0x2CAA, 0x2CAA, 0x2CAA, 0x2CAA, 0x2CAA,
        0x2367, 0x2367, 0x2367, 0x2367, 0x23C8, 0x2367, 0x0458, 0x0458, 0x0458, 0x0458, 0x0458, 0x0458,
        0x0458, 0x0458, 0x0458, 0x0458, 0x0458, 0x0458, 0x0458, 0x0458, 0x0352, 0x0352, 0x0458, 0x04FB,
        0x0478, 0x04BA, 0x0499, 0x2367, 0x23C8, 0x2429, 0x2367, 0x2367, 0x2C8A, 0x23A8, 0x2388, 0x2CCB,
        0x2C4A, 0x354C, 0x35AD, 0xB230, 0xB230, 0xB230, 0xB230, 0xC252, 0xD293, 0xC252, 0xB230, 0xB230,
        0xB230, 0xB230, 0xB230, 0xBA31, 0xD293, 0xCA73, 0xBA51, 0xCA72, 0xD293, 0x0393, 0x2CAA, 0x2CAA,
        0x2CAA, 0x2CAA, 0x2CAA, 0x2CAA, 0x2367, 0x2367, 0x2367, 0x23C9, 0x2409, 0x23E9, 0x0458, 0x0458,
        0x0458, 0x0458, 0x0458, 0x0458, 0x0458, 0x0458, 0x0458, 0x0458, 0x0458, 0x0458, 0x0458, 0x0458,
        0x0458, 0x0352, 0x0479, 0x05BF, 0x03B4, 0x03F6, 0x0458, 0x2367, 0x2367, 0x2367, 0x2367, 0x2367,
        0x2368, 0x2388, 0x2368, 0x352C, 0x35AD, 0x35AD, 0x35AD, 0x051C, 0xB230, 0xB230, 0xB230, 0xBA51,
        0xEAD6, 0xFB38, 0xF2F6, 0xD293, 0xBA31, 0xBA51, 0xD293, 0xCA72, 0xDA94, 0xF2F6, 0xE2D5, 0xD293,
        0xBA31, 0xE2B5, 0x2CAA, 0x2CAA, 0x2CAA, 0x2CAA, 0x2CAA, 0x2CAA, 0x2CAA, 0x2CAA, 0x2367, 0x2C29,
        0x23C8, 0x2C4A, 0x0458, 0x0458, 0x0458, 0x0458, 0x0458, 0x0458, 0x0458, 0x0458, 0x0458, 0x0458,
        0x0458, 0x0458, 0x0458, 0x0458, 0x0458, 0x0458, 0x0352, 0x0499, 0x05BF, 0x0458, 0x03D5, 0x2367,
        0x2368, 0x23C9, 0x2367, 0x2367, 0x2367, 0x2368, 0x2CCB, 0x35AD, 0x35AD, 0x35AD, 0x356C, 0x057E,
        0xC272, 0xB230, 0xB230, 0xB230, 0xD293, 0xE2D5, 0xFAF7, 0xF2F6, 0xDAB4, 0xE2B5, 0xB230, 0xD293,
        0xCA73, 0xCA72, 0xDA94, 0xFAF7, 0xEAD5, 0xE2B4, 0x2CAA, 0x2CAA, 0x2CAA, 0x2CAA, 0x2CAA, 0x2CAA,
        0x2CAA, 0x2CAA, 0x2CAA, 0x2367, 0x23C9, 0x2409, 0x0458, 0x0458, 0x0458, 0x0458, 0x0458, 0x0458,
        0x0458, 0x0458, 0x0458, 0x0458, 0x0458, 0x0458, 0x0458, 0x0458, 0x0458, 0x0458, 0x0458, 0x0352,
        0x0352, 0x053C, 0x0478, 0x2368, 0x2367, 0x23E9, 0x2367, 0x2367, 0x2388, 0x350B, 0x35AD, 0x350B,
        0x2CEB, 0x2C4A, 0x2CAA, 0x053D, 0xE2B5, 0xFB18, 0xE2B5, 0xC252, 0xD293, 0xFAF7, 0xFAF7, 0xFB18,
        0xFB38, 0xF2F6, 0xFB38, 0xFB59, 0xFB18, 0xFB17, 0xE2B4, 0xE2B5, 0xFB38, 0xFB39, 0x2CAA, 0x2CAA,
        0x2CAA, 0x2CAA, 0x2CAA, 0x2CAA, 0x2CAA, 0x2CAA, 0x2CAA, 0x2CAA, 0x2CAA, 0x350B, 0x0458, 0x0458,
        0x0458, 0x0458, 0x0458, 0x0458, 0x0458, 0x0458, 0x0458, 0x0458, 0x0458, 0x0458, 0x0458, 0x0458,
        0x0458, 0x0458, 0x0458, 0x0458, 0x0458, 0x0352, 0x05BF, 0x2C8A, 0x2C8A, 0x2C6A, 0x2368, 0x2368,
        0x2CAB, 0x352C, 0x2C8A, 0x2367, 0x23E9, 0x23C8, 0x2C6A, 0x04DA, 0xE2B5, 0xFAF7, 0xFB39, 0xEAD6,
        0xBA31, 0xB230, 0xBA31, 0xBA31, 0xDA94, 0xE2B5, 0xFB17, 0xFB38, 0xFB5A, 0xFB59, 0xFB17, 0xFB59,
        0xFB17, 0xFB38, 0x2CAA, 0x2CAA, 0x2CAA, 0x2CAA, 0x2CAA, 0x2CAA, 0x2CAA, 0x2CAA, 0x2CAA, 0x2CAA,
        0x2CAA, 0x2CAA, 0x0458, 0x0458, 0x0458, 0x0458, 0x0458, 0x0458, 0x0458, 0x0458, 0x0458, 0x0458,
        0x0458, 0x0458, 0x0458, 0x0458, 0x0458, 0x0458, 0x0458, 0x0458, 0x0458, 0x0458, 0x0352, 0x2C6A,
        0x2C4A, 0x2C8A, 0x23C8, 0x2CAA, 0x354C, 0x2C8A, 0x23E9, 0x2367, 0x2367, 0x23A8, 0x2C29, 0x03F6,
        0xDA94, 0xCA72, 0xF2F6, 0xF2F6, 0xD294, 0xDAB4, 0xC251, 0xCA72, 0xDAB4, 0xF2F6, 0xEAD5, 0xF2D6,
        0xFB17, 0xFB17, 0xDAB4, 0xF2F6, 0xFAF7, 0xE2B5, 0x2CAA, 0x2CAA, 0x2CAA, 0x2CAA, 0x2CAA, 0x2CAA,
        0x2CAA, 0x2CAA, 0x2CAA, 0x2CAA, 0x2CAA, 0x2CAA, 0x0458, 0x0458, 0x0458, 0x0458, 0x0458, 0x0458,
        0x0458, 0x0458, 0x0458, 0x0458, 0x0458, 0x0458, 0x0458, 0x0458, 0x0458, 0x0458, 0x0458, 0x0458,
        0x0458, 0x0458, 0x0458, 0x2C29, 0x2429, 0x2367, 0x2367, 0x2367, 0x2388, 0x23E9, 0x23C8, 0x2367,
        0x2367, 0x2388, 0x23C9, 0x0352, 0xDA94, 0xCA73, 0xE2B5, 0xEAD5, 0xEAD5, 0xEAD6, 0xF2F6, 0xD293,
        0xB230, 0xDA94, 0xEAD6, 0xFAF7, 0xFB38, 0xFB9B, 0xFB38, 0xEAD6, 0xEAD6, 0xFB18, 0x2CAA, 0x2CAA,
        0x2CAA, 0x2CAA, 0x2CAA, 0x2CAA, 0x0458, 0x0416, 0x0416, 0x0499, 0x0437, 0x0416, 0x0B72, 0x12CF,
        0x12CF, 0x12CF, 0x0BB4, 0x0458, 0x0417, 0x053C, 0x051C, 0x0499, 0x04BA, 0x051C, 0x04BA, 0x0499,
        0x04BA, 0x0499, 0x03F6, 0x0416, 0x03F6, 0x0478, 0x04BA, 0x0479, 0x0437, 0x0499, 0x04FB, 0x04DB,
        0x03D5, 0x0373, 0x0417, 0x0499, 0x04FB, 0x051C, 0x53B0, 0xF7BE, 0xF7BE, 0xF7BE, 0x8C51, 0x04BA,
        0x0393, 0x0437, 0x04DA, 0x03F6, 0x051C, 0x059F, 0x053D, 0x0479, 0x03B4, 0x0479, 0x04DB, 0x051C,
        0x03F6, 0x04DB, 0x04DB, 0x059F, 0x03B4, 0x0394, 0x04FC, 0x04DA, 0x0458, 0x0373, 0x03F6, 0x04BA,
        0x04DB, 0x04DB, 0x04BA, 0x12AE, 0x1352, 0x1352, 0x0C78, 0x0479, 0x03B4, 0x03D5, 0x0437, 0x03D5,
        0x0437, 0x051C, 0x055D, 0x0458, 0x03F6, 0x0416, 0x0479, 0x04FB, 0x053C, 0x0394, 0x0437, 0x059F,
        0x05BF, 0x05BF, 0x03F6, 0x04DB, 0x0499, 0x0437, 0x03D5, 0x04FB, 0x051C, 0x04FC, 0x0437, 0x051C,
        0x053C, 0x059E, 0x057E, 0x04BA, 0x03B5, 0x03B4, 0x0458, 0x057E, 0x055D, 0x057E, 0x0417, 0x0478,
        0x0373, 0x0416, 0x03F6, 0x03D5, 0x0437, 0x05BF, 0x03B4, 0x0417, 0x057E, 0x05BF, 0x05BF, 0x0478,
        0x0437, 0x03B4, 0x03B4, 0x0437, 0x0394, 0x03D5, 0x03B4, 0x0458, 0x0458, 0x055D, 0x04FB, 0x04FB,
        0x0393, 0x0373, 0x0458, 0x0479, 0x0437, 0x05BF, 0x0499, 0x0417, 0x0437, 0x0458, 0x0499, 0x04BA,
        0x0394, 0x057E, 0x04FB, 0x04DA, 0x03D5, 0x053C, 0x059F, 0x04DB, 0x03F6, 0x0416, 0x0437, 0x03F6,
        0x0416, 0x04DA, 0x0437, 0x0437, 0x03F6, 0x03B4, 0x0394, 0x0373, 0x0373, 0x03B4, 0x0458, 0x03F5,
        0x0373, 0x03F6, 0x0458, 0x04BA, 0x0478, 0x0457, 0x03D5, 0x0417, 0x03B4, 0x0437, 0x04DB, 0x057E,
        0x0499, 0x03F5, 0x0499, 0x059F, 0x0352, 0x0478, 0x0417, 0x0499, 0x055D, 0x053C, 0x0499, 0x04DB,
        0x0437, 0x0437, 0x03B5, 0x03F6, 0x0393, 0x03B4, 0x0437, 0x0478, 0x0437, 0x0393, 0x03B4, 0x03B4,
        0x03F6, 0x03D5, 0x03F6, 0x0416, 0x0417, 0x057E, 0x053C, 0x051C, 0x055D, 0x0499, 0x0416, 0x0457,
        0x0353, 0x0352, 0x03B4, 0x0437, 0x057E, 0x05BF, 0x053D, 0x055E, 0x051C, 0x055E, 0x053D, 0x057E,
        0x0479, 0x0479, 0x0458, 0x03D5, 0x04DB, 0x3BB2, 0x83AE, 0x7432, 0x1B92, 0x0373, 0x0394, 0x03B4,
        0x03B4, 0x051C, 0x051C, 0x0499, 0x4475, 0x8BEF, 0x736E, 0x24FA, 0x13D4, 0x03D5, 0x03D5, 0x0373,
        0x03F6, 0x03F6, 0x055D, 0x057E, 0x051C, 0x0479, 0x0458, 0x04FB, 0x0458, 0x04FB, 0x0458, 0x03F6,
        0x4370, 0xA367, 0xF5EA, 0xF4A9, 0xB38B, 0x1C15, 0xBB16, 0xE2D5, 0xCA72, 0xBA31, 0x5B96, 0x4BD2,
        0xCC09, 0xFDEA, 0xF4C9, 0xB3AC, 0x4B0D, 0x03B5, 0x04BA, 0x0479, 0x03F6, 0x0394, 0x0352, 0x03B4,
        0x0437, 0x04FB, 0x055E, 0x059F, 0x059F, 0x059F, 0x04BA, 0x1BF5, 0x9B49, 0xF6AB, 0xFF0B, 0xFEEC,
        0xFC28, 0xD36F, 0xDA94, 0xEAD5, 0xE2B4, 0xD273, 0x7AD1, 0x9B69, 0xF6CB, 0xFF0B, 0xFEEC, 0xFC28,
        0x9287, 0x0BF5, 0x0478, 0x057E, 0x05BF, 0x04DA, 0x0393, 0x0352, 0x0352, 0x03D5, 0x04DB, 0x055D,
        0x05BF, 0x057E, 0x051C, 0x53B0, 0xCD09, 0xFF0B, 0xFF0B, 0xFF0C, 0xF5CA, 0xE309, 0xE2D4, 0xDA94,
        0xCA73, 0xC252, 0xAB0F, 0xDD29, 0xFF0B, 0xFF0B, 0xFF0C, 0xFDEA, 0xE306, 0x3414, 0x04DB, 0x0393,
        0x03D5, 0x057E, 0x05BF, 0x053D, 0x03F6, 0x0373, 0x03B4, 0x0417, 0x0437, 0x04FB, 0x0416, 0x8B2B,
        0xDE2A, 0xFF0B, 0xFF0C, 0xFF0C, 0xF6CB, 0xBA85, 0xEB14, 0xD293, 0xC252, 0xBA51, 0xDAE9, 0xDE2A,
        0xFF0B, 0xFF0C, 0xFF0C, 0xFEEB, 0xE387, 0x53F2, 0x051C, 0x0499, 0x03F6, 0x0416, 0x0479, 0x055D,
        0x053D, 0x04BA, 0x03D5, 0x03B4, 0x0352, 0x0458, 0x0C37, 0x8AC8, 0xFF0B, 0xFF0B, 0xFF0C, 0xFF0C,
        0xFF0C, 0xC326, 0xDAD0, 0xCA72, 0xCA72, 0xBA50, 0xE369, 0xFF0B, 0xFF0B, 0xFF0C, 0xFF0C, 0xFF0C,
        0xB346, 0x4B2E, 0x0479, 0x05BF, 0x059F, 0x055D, 0x04DA, 0x03B4, 0x03F5, 0x0478, 0x059F, 0x05BF,
        0x0499, 0x0394, 0x1372, 0xB368, 0xFF0B, 0xFF0B, 0xEE8B, 0xF6EB, 0xFF0C, 0xCB86, 0xCA8D, 0xEAD5,
        0xE2B5, 0xB22F, 0xC347, 0xFF0B, 0xFF0B, 0xEE8B, 0xF6EB, 0xFF0C, 0xA285, 0x52EC, 0x0437, 0x03F6,
        0x04DA, 0x059F, 0x057E, 0x053D, 0x053D, 0x04B9, 0x04FB, 0x059F, 0x057E, 0x0437, 0x13B4, 0x92C7,
        0xFF0C, 0xFF0B, 0xB386, 0xABC7, 0xB4E9, 0xB2C5, 0xD2AD, 0xE2B5, 0xF2F6, 0xD292, 0xBB07, 0xFF0C,
        0xFF0B, 0xB386, 0xABC7, 0xB4E9, 0xC285, 0x432E, 0x0478, 0x0416, 0x0437, 0x0416, 0x0479, 0x05BF,
        0x05BF, 0x051C, 0x04FB, 0x0478, 0x03B4, 0x0478, 0x0B93, 0xC349, 0xCD4A, 0xB407, 0xDA64, 0xE284,
        0xDA84, 0xC285, 0xDAAF, 0xEAD5, 0xFB17, 0xEAD5, 0xB287, 0xCD4A, 0xB407, 0xDA64, 0xE284, 0xDA84,
        0xCAC5, 0x2B50, 0x0458, 0x0437, 0x051C, 0x04FC, 0x03F5, 0x04BA, 0x055D, 0x053D, 0x04FB, 0x053D,
        0x0458, 0x049A, 0x0499, 0xA34A, 0xC264, 0xBA64, 0xDA84, 0xCB05, 0xBC27, 0x9A04, 0xE2F3, 0xDAB4,
        0xEAF6, 0xFB7A, 0xCAAA, 0xC264, 0xBA64, 0xDA84, 0xCB05, 0xBC28, 0xA309, 0x1478, 0x0499, 0x03D5,
        0x04FB, 0x05BF, 0x04FB, 0x057E, 0x0478, 0x057E, 0x04FB, 0x0499, 0x059F, 0x05BF, 0x051C, 0x5BB0,
        0xDD09, 0xF6EB, 0xBCA9, 0xDDEB, 0xE58A, 0xBA88, 0xF316, 0xFB17, 0xEAF6, 0xF317, 0xE2D0, 0xCCC8,
        0xF6EB, 0xBCA9, 0xDDEB, 0xE5AA, 0x6433, 0x05BF, 0x04FB, 0x03F6, 0x0417, 0x0478, 0x059F, 0x053D,
        0x0499, 0x0417, 0x05BF, 0x05BF, 0x053D, 0x055D, 0x055D, 0x24D9, 0xDC6A, 0xFEEB, 0xFF0C, 0xF6EC,
        0xC366, 0xE2EF, 0xF2F6, 0xFAF7, 0xFB17, 0xFB59, 0xF315, 0xCB88, 0xFEEB, 0xFF0C, 0xFEEC, 0xCB87,
        0x14FB, 0x0417, 0x057E, 0x051C, 0x0458, 0x0458, 0x03D5, 0x055E, 0x059E, 0x053C, 0x04FC, 0x0437,
        0x04DB, 0x057E, 0x05BF, 0x05BF, 0x5C95, 0xCC69, 0xE5A9, 0xBBE7, 0xB26A, 0xF2F5, 0xFB38, 0xFB59,
        0xFB38, 0xFB38, 0xF318, 0xCA8E, 0xD429, 0xEDCA, 0xCC28, 0x82EA, 0x0437, 0x053C, 0x0416, 0x055D,
        0x0437, 0x03F6, 0x0393, 0x0437, 0x057E, 0x059F, 0x055E, 0x0499, 0x0416, 0x03B5, 0x0437, 0x05BF,
        0x05BF, 0x2C77, 0x530D, 0x92EF, 0xF357, 0xF2F7, 0xFB38, 0xFB38, 0xE2B5, 0xFB17, 0xEAF6, 0xFB7A,
        0x9B94, 0x630C, 0x530C, 0x1B72, 0x0458, 0x03B4, 0x0478, 0x0416, 0x04FC, 0x04BA, 0x0499, 0x0416,
        0x03B4, 0x0416, 0x0458, 0x051C, 0x04FB, 0x0373, 0x0394, 0x0416, 0x053C, 0x0D7A, 0x2C29, 0xF2F6,
        0xE2D5, 0xF317, 0xF2F7, 0xFB38, 0xEAD5, 0xFAF7, 0xE2B5, 0xEB17, 0x0393, 0x0499, 0x0373, 0x03D5,
        0x0458, 0x0458, 0x0394, 0x03B4, 0x0458, 0x04DB, 0x055E, 0x04BA, 0x03B4, 0x0352, 0x0373, 0x0478,
        0x059F, 0x0D38, 0x0437, 0x0416, 0x0C14, 0x2368, 0x5B4B, 0xFB38, 0xD293, 0xDAB4, 0xE2D5, 0xFB38,
        0xEAD6, 0xEAD6, 0xFB17, 0xA315, 0x0393, 0x0373, 0x0373, 0x142F, 0x0458, 0x0458, 0x0458, 0x03D5,
        0x03B4, 0x053D, 0x059F, 0x057E, 0x04FC, 0x0458, 0x0478, 0x051C, 0x04FB, 0x1D75, 0x2D0F, 0x0C96,
        0x2388, 0x2409, 0x830E, 0xFAF7, 0xD293, 0xD293, 0xDAB4, 0xEAF6, 0xE2D5, 0xEAF6, 0xDAB4, 0x7B97,
        0x03D5, 0x0373, 0x0C33, 0x2CAA, 0x1BEC, 0x0458, 0x0458, 0x0458, 0x0417, 0x0437, 0x053D, 0x05BF,
        0x059F, 0x057E, 0x051C, 0x0499, 0x0417, 0x1471, 0x23A8, 0x23A8, 0x2388, 0x23A8, 0x7AED, 0xDAB4,
        0xE2B5, 0xF2F6, 0xC252, 0xC252, 0xE2B5, 0xD293, 0xCA73, 0x5B13, 0x0373, 0x03B4, 0x2CAA, 0x2CAA,
        0x2368, 0x13F0, 0x13F0, 0x0458, 0x0458, 0x0417, 0x0373, 0x0437, 0x04DB, 0x053D, 0x0437, 0x0416,
        0x03F5, 0x13EF, 0x2388, 0x2368, 0x23C9, 0x2C29, 0x9370, 0xEAD6, 0xCA73, 0xDAB4, 0xDAB4, 0xCA73,
        0xC251, 0xCA72, 0xEAD5, 0x6BB7, 0x0394, 0x244C, 0x2CAA, 0x2CAA, 0x2388, 0x2367, 0x23A8, 0x0458,
        0x0458, 0x0458, 0x0458, 0x03B4, 0x03F6, 0x04DB, 0x04DB, 0x057E, 0x03F5, 0x1431, 0x2388, 0x2388,
        0x23E9, 0x23E9, 0x4B4B, 0xD293, 0xE2B4, 0xC252, 0xCA73, 0xE2B4, 0xCA73, 0xBA51, 0xC272, 0x8AD3,
        0x04DB, 0x2CAA, 0x2CAA, 0x2CAA, 0x2367, 0x2388, 0x23C8, 0x0458, 0x0458, 0x0458, 0x0458, 0x0458,
        0x0417, 0x0437, 0x04FC, 0x051C, 0x04DB, 0x1430, 0x2CCB, 0x2C4A, 0x2388, 0x2388, 0x23C8, 0x9AD0,
        0xD294, 0xF2F6, 0xBA51, 0xCA72, 0xD294, 0xE2B5, 0xDAB4, 0xCA72, 0x3479, 0x2CAA, 0x2CAA, 0x2CAA,
        0x2368, 0x2368, 0x23A8, 0x0458, 0x0458, 0x0458, 0x0458, 0x0458, 0x0458, 0x0417, 0x03B4, 0x04DA,
        0x0458, 0x1410, 0x2C29, 0x2367, 0x23E9, 0x23C9, 0x2C29, 0x73AE, 0xB231, 0xC272, 0xC272, 0xBA31,
        0xBA31, 0xCA72, 0xCA73, 0xDAB4, 0x7355, 0x2CAA, 0x2CAA, 0x2CAA, 0x2409, 0x23A8, 0x2409, 0x0458,
        0x0458, 0x0458, 0x0458, 0x0458, 0x0458, 0x0458, 0x0417, 0x0499, 0x0478, 0x13CF, 0x2388, 0x2367,
        0x2388, 0x2CCB, 0x35AD, 0x1D75, 0xBA31, 0xBA31, 0xEAD5, 0xEAD6, 0xCA73, 0xCA72, 0xDA94, 0xE2B5,
        0xDA94, 0x2CAA, 0x2CAA, 0x2CAA, 0x2CAA, 0x2C4A, 0x2C6A, 0x0458, 0x0458, 0x0458, 0x0458, 0x0458,
        0x0458, 0x0458, 0x0458, 0x0417, 0x0416, 0x1492, 0x2409, 0x2368, 0x2CAA, 0x2CAB, 0x2C2A, 0x1CD3,
        0xF2F6, 0xE2D5, 0xD293, 0xDAB4, 0xEAD6, 0xFB38, 0xFB39, 0xF2F6, 0xFB38, 0x2CAA, 0x2CAA, 0x2CAA,
        0x2CAA, 0x2CAA, 0x2CAA, 0x0458, 0x0458, 0x0458, 0x0458, 0x0458, 0x0458, 0x0458, 0x0458, 0x0458,
        0x0458, 0x1410, 0x2409, 0x23C8, 0x2C4A, 0x23A8, 0x2388, 0x13CF, 0xD293, 0xEAD6, 0xE2B5, 0xD293,
        0xDA94, 0xF2F6, 0xFB38, 0xEAF6, 0xF2F6, 0x2CAA, 0x2CAA, 0x2CAA, 0x03F6, 0x0458, 0x0499, 0x5C54,
        0x8536, 0x2436, 0x0437, 0x0499, 0x051C, 0x04BA, 0x0458, 0x0479, 0x0458, 0x04FB, 0x03F6, 0x04DB,
        0x0437, 0x0458, 0x04FB, 0x0417, 0x0C58, 0x04DA, 0x03B5, 0x0479, 0x04FC, 0x0479, 0x03D5, 0x0458,
        0x04BA, 0x0458, 0x05BF, 0x04BA, 0x03F6, 0x0416, 0x0416, 0x0417, 0x0458, 0x0437, 0x0393, 0x0457,
        0x0458, 0x0478, 0x0458, 0x0458, 0x0437, 0x04FC, 0x0458, 0x051C, 0x0394, 0x0437, 0x057E, 0x04FC,
        0x04BA, 0x0499, 0x0416, 0x0437, 0x1416, 0x43D2, 0x0BB4, 0x03D5, 0x0499, 0x04FB, 0x3497, 0x2435,
        0x1B93, 0x0417, 0x03D5, 0x0478, 0x04BA, 0x051C, 0x051C, 0x0C37, 0x9C4B, 0xFE2A, 0xABCE, 0xDAD5,
        0xCA73, 0x6B70, 0xEDEA, 0xECEA, 0x6B6E, 0x0499, 0x04FB, 0x0479, 0x03B4, 0x0479, 0x051C, 0x3BF3,
        0xEE4A, 0xFF0B, 0xE489, 0xDAD4, 0xC252, 0xD44B, 0xFF0B, 0xFECB, 0x8B6B, 0x04FB, 0x04BA, 0x0499,
        0x0499, 0x04BA, 0x03F6, 0x536E, 0xFF0B, 0xF6EB, 0xE529, 0xDAB1, 0xC272, 0xE52A, 0xF6EB, 0xFF0C,
        0x7AC9, 0x0437, 0x04BA, 0x053D, 0x053C, 0x04FB, 0x0479, 0x5B6E, 0xDDEA, 0xC305, 0xC326, 0xDAB2,
        0xEAD5, 0xCC69, 0xCC47, 0xC366, 0x6B6E, 0x0437, 0x053C, 0x04BA, 0x051C, 0x04FB, 0x051C, 0x4434,
        0xD427, 0xD407, 0xBB87, 0xEAF5, 0xF317, 0xCB2A, 0xD427, 0xD4A8, 0x1CB9, 0x04DB, 0x0458, 0x04FB,
        0x04DB, 0x053C, 0x053D, 0x0D5D, 0xBD0D, 0xE5EA, 0xD2ED, 0xFB18, 0xFB38, 0xE311, 0xEDEA, 0xC469,
        0x0458, 0x0479, 0x0478, 0x0417, 0x04BA, 0x04DB, 0x0416, 0x0458, 0x153B, 0x834F, 0xF317, 0xFB18,
        0xF2F6, 0xEB17, 0x43B3, 0x1B71, 0x0458, 0x03D5, 0x0499, 0x055D, 0x0416, 0x0458, 0x0D5A, 0x0C75,
        0x1BCB, 0xB332, 0xD293, 0xEAD6, 0xEAD6, 0xBB16, 0x0393, 0x1410, 0x13EF, 0x0436, 0x0437, 0x0499,
        0x055D, 0x0478, 0x0C13, 0x2388, 0x23C8, 0xB2F2, 0xE2B4, 0xCA72, 0xCA73, 0xA315, 0x0BD2, 0x2CAA,
        0x2368, 0x1410, 0x0458, 0x0437, 0x0458, 0x051C, 0x0C54, 0x2409, 0x23C8, 0x7B2E, 0xDAB4, 0xCA73,
        0xD273, 0xBA93, 0x2492, 0x2CAA, 0x23A8, 0x1410, 0x0458, 0x0458, 0x0458, 0x0458, 0x0C34, 0x2388,
        0x2409, 0x3CAE, 0xBA31, 0xD293, 0xC252, 0xDA94, 0x6BCF, 0x2CAA, 0x2C8A, 0x1471, 0x0458, 0x0458,
        0x0458, 0x0458, 0x0C54, 0x23C9, 0x2C4A, 0x1C0D, 0xE2D5, 0xDA94, 0xEAF6, 0xF317, 0x93D1, 0x2CAA,
        0x0437, 0x1C78, 0x2CB7, 0x0437, 0x04DB, 0x0437, 0x0499, 0x04DA, 0x03F6, 0x049A, 0x0479, 0x03F6,
        0x1436, 0x0416, 0x04BA, 0x1C98, 0x23F4, 0x0478, 0x0479, 0x1499, 0xDDEB, 0xD370, 0xB330, 0xF62B,
        0x43D2, 0x04DA, 0x04DB, 0x2BD2, 0xE5A9, 0xD36C, 0xDBAE, 0xE569, 0x2456, 0x04DA, 0x04FC, 0x14FA,
        0xD4C9, 0xDB30, 0xEB12, 0xD4C9, 0x0437, 0x0499, 0x0479, 0x0C97, 0x5BD2, 0xEAF6, 0xE2F6, 0x1BB2,
        0x13EF, 0x0458, 0x04DA, 0x1BEE, 0x5B6C, 0xD293, 0xBAB3, 0x246E, 0x1C2D, 0x0458, 0x0458, 0x13EE,
        0x2C4B, 0xD293, 0xE2B5, 0x542D, 0x0C57, 0x0C57, 0x0C57, 0x0CB9, 0x1C36, 0x1478, 0xDCAC, 0xDC8C,
        0x0C78, 0x0CB9, 0xBBB0, 0xABB1, 0x0C33, 0x0C54, 0x8B30, 0x8371, 0x1457, 0x7492, 0x0C76, 0x9B70,
        0x4C34,
    },
    {
        0xB54D, 0xB54D, 0xFFF3, 0xFFF3, 0xFFF3, 0xFFF3, 0xFFF3, 0xFFF3, 0xB54D, 0xB54D, 0xFFF3, 0xFFF3,
        0xFFF3, 0xFFB2, 0xFFD3, 0xFFF3, 0xFFF3, 0xFFF3, 0xFFF3, 0xFFF4, 0xFFD3, 0xFFD3, 0xFFF3, 0xFFF4,
        0xFFF4, 0xFFF4, 0xFFF4, 0xFFF3, 0xFFF3, 0xFFF4, 0xFFF4, 0xFFF3, 0xFFD3, 0xFFF3, 0xFFF4, 0xFFF4,
        0xFFF4, 0xFFF3, 0xFFF3, 0xFFF3, 0xFFF5, 0xFFF5, 0xFFF6, 0xFFF5, 0xFFF4, 0xFFF3, 0xFFB2, 0xFFB2,
        0xFFD3, 0xFFB2, 0xFFF4, 0xFFF3, 0xFFF4, 0xFFF3, 0xFFF3, 0xFFF3, 0xFFF4, 0xFFF4, 0xFFF5, 0xFFF5,
        0xFFF5, 0xFFF4, 0xFFF4, 0xFFF4, 0xB54D, 0xFFF3, 0xFFF3, 0xFFF3, 0xFFF3, 0xFFF3, 0xB54D, 0xC5EE,
        0xFF92, 0xFFF3, 0xFFD3, 0xFFF3, 0xFFD3, 0xFFD3, 0xFFF3, 0xFFF3, 0xFFF3, 0xFFF4, 0xFFF4, 0xFFF3,
        0xFFD3, 0xFFF3, 0xFFF4, 0xFFF4, 0xFFF4, 0xFFF4, 0xFFF4, 0xFFF3, 0xFFF3, 0xFFF4, 0xFFF3, 0xFFF3,
        0xFFB2, 0xFFF3, 0xFFF4, 0xFFF3, 0xFFF3, 0xFFF3, 0xFFF4, 0xFFF5, 0xFFF4, 0xFFF4, 0xFFF3, 0xFFF3,
        0xFFF3, 0xFFF3, 0xFFF3, 0xFFD3, 0xFFB2, 0xFFD3, 0xFFF3, 0xFF72, 0xFFB2, 0xFFB2, 0xFFD3, 0xFFF3,
        0xFFF4, 0xFFF5, 0xFFF5, 0xFFF5, 0xFFF5, 0xFFF5, 0xFFF4, 0xFFF3, 0xFFF3, 0xFFF3, 0xFFF3, 0xFFF3,
        0xFFF3, 0xB54D, 0xDE90, 0xFFD2, 0xFFB2, 0xFFD3, 0xFFD3, 0xFFD3, 0xFFD3, 0xFFF3, 0xFFF4, 0xFFF3,
        0xFFF4, 0xFFF4, 0xFFF3, 0xFFD3, 0xFFF4, 0xFFF5, 0xFFF4, 0xFFF3, 0xFFF3, 0xFFF3, 0xFFF4, 0xFFF3,
        0xFFF3, 0xFFF3, 0xFFF3, 0xFFF3, 0xFFF4, 0xFFF4, 0xFFF3, 0xFFF3, 0xFFF3, 0xFFF4, 0xFFF4, 0xFFF5,
        0xFFF4, 0xFFF3, 0xFFD3, 0xFFF3, 0xFFF3, 0xFFF3, 0xFFF3, 0xFFF3, 0xFFF3, 0xFFF3, 0xFFF3, 0xFFD3,
        0xFFB2, 0xFFF3, 0xFFF3, 0xFFF4, 0xFFF4, 0xFFF3, 0xFFF3, 0xFFF4, 0xFFF5, 0xFFF4, 0xFFF4, 0xFFF3,
        0xFFF3, 0xFFF3, 0xFFF3, 0xB54D, 0xB54D, 0xFF72, 0xFFD3, 0xFFB2, 0xFFB2, 0xFFD3, 0xFFD3, 0xFFF3,
        0xFFF3, 0xFFF3, 0xFFF3, 0xFFF4, 0xFFF4, 0xFFF3, 0xFFD3, 0xFFF4, 0xFFF5, 0xFFF4, 0xFFF3, 0xFFF3,
        0xFFF4, 0xFFF4, 0xFFF4, 0xFFD3, 0xFFF3, 0xFFF3, 0xFFF3, 0xFFF3, 0xFFF3, 0xFFF3, 0xFFF4, 0xFFF4,
        0xFFF3, 0xFFF4, 0xFFF4, 0xFFF4, 0xFFF4, 0xFFF3, 0xFFF3, 0xFF92, 0xFFF4, 0xFFF4, 0xFFF4, 0xFFF3,
        0xFFF3, 0xFFF3, 0xFFD3, 0xFFB2, 0xFFD2, 0xFFF3, 0xFFF4, 0xFFF4, 0xFFF4, 0xFFF4, 0xFFF4, 0xFFF3,
        0xFFF3, 0xFFF3, 0xFFF3, 0xFFF3, 0xFFF3, 0xFFF3, 0xB54D, 0xC5CE, 0xFFD3, 0xFFF3, 0xFFF3, 0xFFD3,
        0xFFD3, 0xFFD3, 0xFFF3, 0xFFF3, 0xFFF4, 0xFFF4, 0xFFF4, 0xFFF4, 0xFFF3, 0xFFF3, 0xFFF4, 0xFFF4,
        0xFFF4, 0xFFF4, 0xFFF3, 0xFFF3, 0xFFF3, 0xFFF3, 0xFFD3, 0xFFF3, 0xFFF3, 0xFFF4, 0xFFF4, 0xFFF3,
        0xFFF3, 0xFFF4, 0xFFF5, 0xFFF4, 0xFFF3, 0xFFF3, 0xFFF3, 0xFFF4, 0xFFF4, 0xFFF4, 0xFFF4, 0xFFF3,
        0xFFF4, 0xFFF3, 0xFFF3, 0xFFF3, 0xFF92, 0xFF92, 0xFFF3, 0xFFF3, 0xFFF4, 0xFFF3, 0xFFF3, 0xFFF4,
        0xFFF4, 0xFFF4, 0xFFF3, 0xFFF3, 0xFFF3, 0xFFF3, 0xFFF3, 0xFFF4, 0xFFF3, 0xB54D, 0xC5EE, 0xFFB2,
        0xFFF4, 0xFFF3, 0xFFF3, 0xFFD3, 0xFFD3, 0xFFF3, 0xFFF4, 0xFFF3, 0xFFD3, 0xFFF3, 0xFFF4, 0xFFF3,
        0xFFF3, 0xFFF3, 0xFFF4, 0xFFF4, 0xFFF4, 0xFFF4, 0xFFF4, 0xFFF4, 0xFFF3, 0xFFF3, 0xFFF3, 0xFFF3,
        0xFFF4, 0xFFF3, 0xFFF4, 0xFFF4, 0xFFF4, 0xFFF5, 0xFFF4, 0xFFF3, 0xFFD3, 0xFFF4, 0xFFF3, 0xFFF4,
        0xFFF4, 0xFFF3, 0xFFF3, 0xFFF3, 0xFFF4, 0xFFF3, 0xFFF3, 0xFFF3, 0xFFD3, 0xFFF3, 0xFFF3, 0xFFF4,
        0xFFF4, 0xFFF3, 0xFFF4, 0xFFF3, 0xFFF4, 0xFFD3, 0xFFB2, 0xFFF3, 0xFFF3, 0xFFF3, 0xFFF3, 0xFFF3,
        0xFFF3, 0xCDEE, 0xFF92, 0xFFF3, 0xFFF4, 0xFFF4, 0xFFD3, 0xFFB2, 0xFFB2, 0xFFF3, 0xFFF4, 0xFFF3,
        0xFFF3, 0xFFF3, 0xFFF3, 0xFFF3, 0xFFF3, 0xFFF4, 0xFFF3, 0xFFF3, 0xFFF4, 0xFFF4, 0xFFF4, 0xFFF3,
        0xFFF3, 0xFFF3, 0xFFD3, 0xFFF3, 0xFFF3, 0xFFF3, 0xFFF4, 0xFFF4, 0xFFF4, 0xFFF4, 0xFFF3, 0xFFF3,
        0xFFF3, 0xFFF3, 0xFFF3, 0xFFF4, 0xFFF3, 0xFFF3, 0xFFF4, 0xFFF4, 0xFFD3, 0xFFF3, 0xFFF3, 0xFFF3,
        0xFFF3, 0xFFF4, 0xFFF4, 0xFFF5, 0xFFF5, 0xFFF4, 0xFFF3, 0xFFF3, 0xFFB2, 0xFF92, 0xFF92, 0xFFB2,
        0xFFF3, 0xFFF4, 0xFFF3, 0xFFF4, 0xD66F, 0xFF72, 0xFFD3, 0xFFF4, 0xFFF4, 0xFFD3, 0xFFD3, 0xFFF3,
        0xFFF4, 0xFFF4, 0xFFF3, 0xFFF3, 0xFFF3, 0xFFD3, 0xFFF3, 0xFFF4, 0xFFF4, 0xFFF3, 0xFFF3, 0xFFF3,
        0xFFF4, 0xFFF4, 0xFFF3, 0xFFD3, 0xFFD3, 0xFFF3, 0xFFF4, 0xFFF3, 0xFFF3, 0xFFF4, 0xFFF4, 0xFFF4,
        0xFFF3, 0xFFF3, 0xFFF4, 0xFFF3, 0xFFB2, 0xFFF3, 0xFFF4, 0xFFF4, 0xFFF4, 0xFFF4, 0xFFF3, 0xFFF3,
        0xFFF3, 0xFFF3, 0xFFF4, 0xFFF4, 0xFFF5, 0xFFF5, 0xFFF4, 0xFFF4, 0xFFF3, 0xFFF3, 0xFFD3, 0xFFB2,
        0xFFB2, 0xFFD2, 0xFFF3, 0xFFF3, 0xFFF4, 0xFFF3, 0xFFF4, 0xFFF4, 0xFFD3, 0xFFF3, 0xFFF4, 0xFFF4,
        0xFFF3, 0xFFB2, 0xFFD2, 0xFFF4, 0xFFF4, 0xFFF3, 0xFFF3, 0xFFB2, 0xFFD3, 0xFFB2, 0xFFF4, 0xFFF4,
        0xFFF3, 0xFFD3, 0xFFF3, 0xFFF4, 0xFFF4, 0xFFF3, 0xFFD3, 0xFFF3, 0xFFF3, 0xFFF3, 0xFFF3, 0xFFF3,
        0xFFF5, 0xFFF4, 0xFFF3, 0xFFF3, 0xFFF3, 0xFFF3, 0xFFF4, 0xFFF3, 0xFFF3, 0xFFF4, 0xFFF4, 0xFFF3,
        0xFFF4, 0xFFF4, 0xFFF3, 0xFFF3, 0xFFF3, 0xFFF4, 0xFFF5, 0xFFF5, 0xFFF5, 0xFFF4, 0xFFF3, 0xFFF3,
        0xFFF3, 0xFFF3, 0xFFD3, 0xFFD3, 0xFFB2, 0xFFD3, 0xFFF3, 0xFFF3, 0xFFF3, 0xFFF4, 0xFFF4, 0xFFF5,
        0xFFF3, 0xFFF4, 0xFFF4, 0xFFF3, 0xFFF3, 0xFFB2, 0xFFF3, 0xFFF3, 0xFFF3, 0xFFD3, 0xFFF3, 0xFFF3,
        0xFFD3, 0xFFF3, 0xFFF3, 0xFFF3, 0xFFF3, 0xFFF3, 0xFFF3, 0xFFF3, 0xFFF3, 0xFFB2, 0xFFF3, 0xFFB2,
        0xFFD3, 0xFFF3, 0xFFF4, 0xFFF4, 0xFFF4, 0xFFF4, 0xFFF3, 0xFFF3, 0xFFF4, 0xFFF4, 0xFFF3, 0xFFD3,
        0xFF92, 0xFFB2, 0xFFF4, 0xFFF4, 0xFFF4, 0xFFF3, 0xFFF3, 0xFFF3, 0xFFF5, 0xFFF5, 0xFFF5, 0xFFF4,
        0xFFF3, 0xFF92, 0xFFD3, 0xFFF3, 0xFF92, 0xFF92, 0xFFD3, 0xFFB2, 0xFFB2, 0xFFD2, 0xFFF3, 0xFFF4,
        0xFFF4, 0xFFF4, 0xFFF4, 0xFFF4, 0xFFF4, 0xFFF4, 0xFFB2, 0xFFD3, 0xFFB2, 0xFFF3, 0xFFF4, 0xFFF3,
        0xFFD3, 0xFFF3, 0xFFF4, 0xFFF3, 0xFFF3, 0xFFF3, 0xFFD3, 0xFFF3, 0xFFF4, 0xFFF3, 0xFFD3, 0xFFD3,
        0xFFD3, 0xFFF3, 0xFFF3, 0xFFF3, 0xFFF4, 0xFFF4, 0xFFF3, 0xFFF3, 0xFFF3, 0xFFF3, 0xFFF3, 0xFFF3,
        0xFFF3, 0xFFF3, 0xFFD3, 0xFFB2, 0xFFF3, 0xFFF3, 0xFFF3, 0xFFF3, 0xFFF3, 0xFFF4, 0xFFF5, 0xFFF5,
        0xFFF5, 0xFFF4, 0xFFF4, 0xFFF3, 0xFFF3, 0xFFF3, 0xFFD3, 0xFFD3, 0xFF72, 0xF731, 0xFF92, 0xFFF4,
        0xFFF3, 0xFFF3, 0xFFF3, 0xFFF4, 0xFFF4, 0xFFF4, 0xFFF4, 0xFFF4, 0xFFF4, 0xFFB2, 0xFFB2, 0xFF92,
        0xFFD3, 0xFFF3, 0xFFF4, 0xFFF4, 0xFFF3, 0xFF92, 0xFFD3, 0xFFF3, 0xFFF3, 0xFFF3, 0xFFF3, 0xFFF3,
        0xFFF3, 0xFFF3, 0xFFF3, 0xFFD3, 0xFFD3, 0xFFF3, 0xFFF3, 0xFFF3, 0xFFF4, 0xFFF4, 0xFFF4, 0xFFF3,
        0xFFF3, 0xFFF3, 0xFFF3, 0xFFF3, 0xFFF3, 0xFFF3, 0xFFD3, 0xFFF3, 0xFFF4, 0xFFF3, 0xFFF4, 0xFFF4,
        0xFFF4, 0xFFF5, 0xFFF5, 0xFFF4, 0xFFF4, 0xFFF4, 0xFFF3, 0xFFD3, 0xFFF3, 0xFFF3, 0xFFF3, 0xFFD3,
        0xFFF3, 0xFFD3, 0xFFF3, 0xFFF4, 0xFFF3, 0xFFF4, 0xFFF4, 0xFFF4, 0xFFF4, 0xFFF3, 0xFFF3, 0xFFF3,
        0xFF72, 0xEF31, 0xF772, 0xFFB2, 0xFF92, 0xFFB2, 0xFFB2, 0xFF72, 0xFF92, 0xF772, 0xFFB2, 0xFFD3,
        0xFFF3, 0xFFD3, 0xFFD3, 0xFFD3, 0xFFB2, 0xFFD3, 0xFFD3, 0xFFD3, 0xFFD3, 0xFFF4, 0xFFF4, 0xFFF3,
        0xFFF3, 0xFFF3, 0xFFF3, 0xFFF3, 0xFFF3, 0xFFF3, 0xFFF4, 0xFFF4, 0xFFF4, 0xFFF3, 0xFFF3, 0xFFF3,
        0xFFF4, 0xFFF4, 0xFFF4, 0xFFF4, 0xFFF4, 0xFFF3, 0xFFF3, 0xFFF3, 0xFFF3, 0xFFF3, 0xFFF3, 0xFFF3,
        0xFFF3, 0xFFF3, 0xFFF3, 0xFFD3, 0xFFB2, 0xFFB2, 0xFFD3, 0xFFF3, 0xFFF3, 0xFFF4, 0xFFF4, 0xFFF3,
        0xFFF3, 0xFFD3, 0xFF92, 0xF751, 0xFFB2, 0xFFB2, 0xFF92, 0xFFD3, 0xFFB2, 0xFF72, 0xFFF3, 0xFFF3,
        0xFFD3, 0xFFD3, 0xFFD3, 0xFFB2, 0xFFD3, 0xFFB2, 0xFFB2, 0xFFB2, 0xFFD3, 0xFFB2, 0xFFB2, 0xFFF4,
        0xFFF4, 0xFFF3, 0xFFF3, 0xFFF3, 0xFFF4, 0xFFF3, 0xFFF3, 0xFFF4, 0xFFF4, 0xFFF3, 0xFFF4, 0xFFF4,
        0xFFF3, 0xFFD3, 0xFFF4, 0xFFF4, 0xFFF4, 0xFFF5, 0xFFF5, 0xFFF5, 0xFFF4, 0xFFF4, 0xFFF3, 0xFFF3,
        0xFFF3, 0xFFF3, 0xFFF3, 0xFFD3, 0xFFF4, 0xFFF4, 0xFFF4, 0xFFF3, 0xFFD3, 0xFFD2, 0xFFF3, 0xFFF5,
        0xFFF4, 0xFFF4, 0xFFF4, 0xFFD3, 0xFFF3, 0xFFD3, 0xFFF3, 0xFFD3, 0xFF72, 0xFFD2, 0xFFF3, 0xFFF3,
        0xFF72, 0xFF92, 0xFFF3, 0xFFD3, 0xFFB2, 0xFFD3, 0xFFD3, 0xFFD3, 0xFFD3, 0xFFD3, 0xFFD3, 0xFFD3,
        0xFFD3, 0xFFD3, 0xFFF3, 0xFFF5, 0xFFF4, 0xFFF3, 0xFFF3, 0xFFF3, 0xFFF3, 0xFFF4, 0xFFF4, 0xFFF3,
        0xFFF3, 0xFFF3, 0xFFF4, 0xFFF3, 0xFFF3, 0xFFF3, 0xFFF4, 0xFFF4, 0xFFF4, 0xFFF4, 0xFFF3, 0xFFF4,
        0xFFF4, 0xFFF3, 0xFFF3, 0xFFF4, 0xFFF4, 0xFFF4, 0xFFF4, 0xFFF4, 0xFFF4, 0xFFF4, 0xFFF3, 0xFFF3,
        0xFFF3, 0xFFF4, 0xFFF4, 0xFFF4, 0xFFF4, 0xFFF4, 0xFFF3, 0xFFB2, 0xFFD2, 0xFFF3, 0xFFF3, 0xFFF3,
        0xFFB2, 0xFFF4, 0xFFF4, 0xFFD3, 0xFFD3, 0xFFD3, 0xFFF3, 0xFFF4, 0xFFF3, 0xFFF3, 0xFFF4, 0xFFF3,
        0xFFD3, 0xFFF3, 0xFFD3, 0xFFD3, 0xFFF3, 0xFFF4, 0xFFF4, 0xFFF4, 0xFFF4, 0xFFF4, 0xFFF3, 0xFFF4,
        0xFFF3, 0xFFF3, 0xFFF3, 0xFFF3, 0xFFF3, 0xFFF3, 0xFFF3, 0xFFF3, 0xFFF3, 0xFFF3, 0xFFF4, 0xFFF5,
        0xFFF4, 0xFFF4, 0xFFF4, 0xFFF4, 0xFFF3, 0xFFF3, 0xFFF3, 0xFFF3, 0xFFF4, 0xFFF4, 0xFFF3, 0xFFF3,
        0xFFF3, 0xFFF3, 0xFFF3, 0xFFF3, 0xFFF4, 0xFFF4, 0xFFF3, 0xFFF3, 0xFFF3, 0xFFD3, 0xFFF3, 0xFFF3,
        0xFFF3, 0xFFF4, 0xFFF4, 0xFFF4, 0xFFF3, 0xFFF3, 0xFFF3, 0xFFB2, 0xFFD3, 0xFFF3, 0xFFF3, 0xFFF3,
        0xFFF3, 0xFFF3, 0xFFF3, 0xFFB2, 0xFFD3, 0xFFD3, 0xFFF3, 0xFFD3, 0xFFF3, 0xFFF3, 0xFFF3, 0xFFF4,
        0xFFF3, 0xFFF3, 0xFFF3, 0xFFD3, 0xFFF3, 0xFFF3, 0xFFF4, 0xFFF3, 0xFFF3, 0xFFF3, 0xFFF3, 0xFFF3,
        0xFFF4, 0xFFF4, 0xFFF4, 0xFFF4, 0xFFF4, 0xFFF4, 0xFFF4, 0xFFF4, 0xFF92, 0xFFD3, 0xFFF4, 0xFFF3,
        0xFFF4, 0xFFF4, 0xFFF4, 0xFFF4, 0xFFD3, 0xFFF3, 0xFFF3, 0xFFF3, 0xFFF3, 0xFFF4, 0xFFF4, 0xFFF4,
        0xFFF3, 0xFFF3, 0xFFF4, 0xFFF3, 0xFFF3, 0xFFF4, 0xFFF4, 0xFFF4, 0xFFF3, 0xFFF3, 0xFFF3, 0xFFD3,
        0xFFF3, 0xFFF3, 0xFFF3, 0xFFF4, 0xFFF3, 0xFFF3, 0xFFD3, 0xFFD3, 0xFFD3, 0xFFF3, 0xFFF3, 0xFFF4,
        0xFFF3, 0xFFF3, 0xFFF3, 0xFFF4, 0xFFF4, 0xFFD3, 0xFFB2, 0xFFF3, 0xFFF3, 0xFFF3, 0xFFF3, 0xFFF3,
        0xFFF4, 0xFFF4, 0xFFF4, 0xFFF4, 0xFFF4, 0xFFF4, 0xFFF4, 0xFFF4, 0xFFF3, 0xFFF4, 0xFFF4, 0xFFF3,
        0xFFF3, 0xFFF3, 0xFFF4, 0xFFF4, 0xFFF4, 0xFFF4, 0xFFF4, 0xFFF3, 0xFFB2, 0xFFF3, 0xFFF3, 0xFFD3,
        0xFFF3, 0xFFF3, 0xFFF4, 0xFFF4, 0xFFF4, 0xFFF4, 0xFFF4, 0xFFF4, 0xFFF4, 0xFFF4, 0xFFF4, 0xFFF4,
        0xFFB2, 0xFFD3, 0xFFD3, 0xFFF3, 0xFFF3, 0xFFF3, 0xFFF3, 0xFFB2, 0xFF72, 0xFF92, 0xFFD3, 0xFFF4,
        0xFFF4, 0xFFF4, 0xFFF3, 0xFFF3, 0xFFF3, 0xFFF4, 0xFFF4, 0xFFF4, 0xFFF3, 0xFFD3, 0xFFF3, 0xFFD3,
        0xFFF3, 0xFFF4, 0xFFF3, 0xFFF3, 0xFFF4, 0xFFF4, 0xFFF4, 0xFFF4, 0xFFF4, 0xFFF4, 0xFFF4, 0xFFF4,
        0xFFF3, 0xFFF4, 0xFFF3, 0xFFF3, 0xFFF3, 0xFFF4, 0xFFF3, 0xFFF4, 0xFFF4, 0xFFF3, 0xFFF3, 0xFFD3,
        0xFFB2, 0xFFF3, 0xFFF3, 0xFFF3, 0xFFF3, 0xFFF3, 0xFFF4, 0xFFF4, 0xFFF4, 0xFFF4, 0xFFF5, 0xFFF4,
        0xFFF4, 0xFFF4, 0xFFF4, 0xFFF4, 0xFFF3, 0xFFF3, 0xFFF3, 0xFFF3, 0xFFF3, 0xFFF3, 0xFFD3, 0xFF72,
        0xFF72, 0xFFF3, 0xFFF4, 0xFFF4, 0xFFF4, 0xFFF3, 0xFFF3, 0xFFF3, 0xFFF3, 0xFFF3, 0xFFF3, 0xFFF4,
        0xFFD3, 0xFFF3, 0xFFD3, 0xFFF3, 0xFFF3, 0xFFF4, 0xFFF3, 0xFFF3, 0xFFF3, 0xFFF3, 0xFFF3, 0xFFF4,
        0xFFF3, 0xFFF3, 0xFFF4, 0xFFF3, 0xFFF3, 0xFFF3, 0xFFF4, 0xFFF4, 0xFFF4, 0xFFF4, 0xFFF3, 0xFFF3,
        0xFFF3, 0xFFD3, 0xFFF3, 0xFFF3, 0xFFF3, 0xFFF4, 0xFFF3, 0xFFF3, 0xFFF3, 0xFFF4, 0xFFF4, 0xFFF4,
        0xFFF4, 0xFFF4, 0xFFF4, 0xFFF4, 0xFFF4, 0xFFF4, 0xFFF4, 0xFFF4, 0xFFD3, 0xFFD3, 0xFFF3, 0xFFF3,
        0xFFB2, 0xFFF3, 0xFF92, 0xFFB2, 0xFFF3, 0xFFF4, 0xFFF4, 0xFFF4, 0xFFF3, 0xFFF3, 0xFFF3, 0xFFF3,
        0xFFF3, 0xFFF3, 0xFFF3, 0xFFB2, 0xFFB2, 0xFFD3, 0xFFF3, 0xFFF5, 0xFFF4, 0xFFF4, 0xFFF3, 0xFFF3,
        0xFFF3, 0xFFF4, 0xFFF3, 0xFFF3, 0xFFF3, 0xFFF3, 0xFFF3, 0xFFF3, 0xFFF4, 0xFFF4, 0xFFF4, 0xFFF4,
        0xFFF3, 0xFFF4, 0xFFD3, 0xFFF3, 0xFFF3, 0xFFF3, 0xFFF3, 0xFFF4, 0xFFF3, 0xFFF3, 0xFFF4, 0xFFF4,
        0xFFF4, 0xFFF4, 0xFFF5, 0xFFF5, 0xFFF5, 0xFFF4, 0xFFF4, 0xFFF3, 0xFFF3, 0xFFF3, 0xFFF4, 0xFFF3,
        0xFFF3, 0xFFF3, 0xFFF3, 0xFFF3, 0xFFB2, 0xFF92, 0xFFB2, 0xFFF3, 0xFFF4, 0xFFF5, 0xFFF3, 0xFFF3,
        0xFFF3, 0xFFF3, 0xFFF3, 0xFFF4, 0xFFF3, 0xFFF4, 0xFFF4, 0xFFF4, 0xFFF3, 0xFFF3, 0xFFF4, 0xFFF4,
        0xFFF4, 0xFFF4, 0xFFF3, 0xFFF4, 0xFFF3, 0xFFF3, 0xFFF3, 0xFFF3, 0xFFD3, 0xFFD3, 0xFFF3, 0xFFF3,
        0xFFF4, 0xFFF4, 0xFFF5, 0xFFF4, 0xFFF4, 0xFFF3, 0xFFD3, 0xFFF3, 0xFFF3, 0xFFF4, 0xFFF4, 0xFFF4,
        0xFFF4, 0xFFF4, 0xFFF3, 0xFFF3, 0xFFF4, 0xFFF5, 0xFFF4, 0xFFF4, 0xFFF4, 0xFFD3, 0xFFF3, 0xFFD3,
        0xFF92, 0xFFF3, 0xFFB2, 0xF772, 0xFFF3, 0xFFF4, 0xFFF3, 0xFFB2, 0xFFD3, 0xFFD3, 0xFFF3, 0xFFF4,
        0xFFF4, 0xFFF4, 0xFFF3, 0xFFD3, 0xFFD3, 0xFFF3, 0xFFF3, 0xFFF3, 0xFFF4, 0xFFF5, 0xFFF4, 0xFFF4,
        0xFFF4, 0xFFF4, 0xFFF4, 0xFFF4, 0xFFF3, 0xFFF3, 0xFFF3, 0xFFF3, 0xFFF4, 0xFFF3, 0xFFF3, 0xFFF3,
        0xFFF3, 0xFFF3, 0xFFF3, 0xFFF3, 0xFFF4, 0xFFF4, 0xFFF3, 0xFFF3, 0xFFF3, 0xFFF3, 0xFFF3, 0xFFF3,
        0xFFF3, 0xFFD3, 0xFFF4, 0xFFF4, 0xFFF4, 0xFFF4, 0xFFF4, 0xFFF4, 0xFFF5, 0xFFF4, 0xFFF4, 0xFFF4,
        0xFFF4, 0xFFF4, 0xFFF3, 0xFFF3, 0xFFF4, 0xFFF3, 0xFFF3, 0xFF92, 0xFFF4, 0xFFF3, 0xFFF3, 0xFFF3,
        0xFFF3, 0xFFF3, 0xFFF4, 0xFFF4, 0xFFF3, 0xFFF3, 0xFFB2, 0xFFD3, 0xFFF3, 0xFFB2, 0xFFD3, 0xFFF3,
        0xFFF3, 0xFFF4, 0xFFF3, 0xFFF3, 0xFFF3, 0xFFF4, 0xFFF4, 0xFFF4, 0xFFF4, 0xFFF4, 0xFFF3, 0xFFF3,
        0xFFF3, 0xFFF3, 0xFFF3, 0xFFF4, 0xFFF4, 0xFFF5, 0xFFF5, 0xFFF5, 0xFFF4, 0xFFF3, 0xFFD3, 0xFFB2,
        0xFFD3, 0xFFD3, 0xFFD3, 0xFFD3, 0xFFF3, 0xFFF3, 0xFFF3, 0xFFF3, 0xFFF3, 0xFFF4, 0xFFF5, 0xFFF4,
        0xFFF4, 0xFFF3, 0xFFF3, 0xFFF3, 0xFFF3, 0xFFB2, 0xFF92, 0xFFF3, 0xEEF1, 0xFF92, 0xFF92, 0xF751,
        0xFFF4, 0xFFF4, 0xFFF4, 0xFFF4, 0xFFF3, 0xFFF3, 0xFFF3, 0xFFB2, 0xFFD3, 0xFFB2, 0xFFD3, 0xFFB2,
        0xFFB2, 0xFFD3, 0xFFF3, 0xFFF3, 0xFFF3, 0xFFF3, 0xFFF3, 0xFFF3, 0xFFF4, 0xFFF4, 0xFFF4, 0xFFF4,
        0xFFF4, 0xFFF4, 0xFFF4, 0xFFF4, 0xFFF4, 0xFFF4, 0xFFF4, 0xFFF4, 0xFFF4, 0xFFF4, 0xFFF5, 0xFFF4,
        0xFFF3, 0xFFD3, 0xFFD3, 0xFFD3, 0xFFF3, 0xFFF3, 0xFFF3, 0xFFF3, 0xFFF3, 0xFFF4, 0xFFF3, 0xFFF3,
        0xFFF4, 0xFFF4, 0xFFF4, 0xFFF4, 0xFFF4, 0xFF92, 0xFFD3, 0xFFF3, 0xFFF3, 0xFFF3, 0xFF92, 0xFF92,
        0xFF92, 0xFF92, 0xFF92, 0xFFD3, 0xFFF5, 0xFFF4, 0xFFF3, 0xFFF4, 0xFFB2, 0xFFD3, 0xFFB2, 0xFFD3,
        0xFFF3, 0xFFF3, 0xFF92, 0xF752, 0xFFD3, 0xFFB2, 0xFFF3, 0xFFF4, 0xFFF4, 0xFFF3, 0xFFF3, 0xFFF4,
        0xFFF3, 0xFFF4, 0xFFF4, 0xFFF4, 0xFFF4, 0xFFF3, 0xFFF3, 0xFFF3, 0xFFF3, 0xFFF4, 0xFFF4, 0xFFF5,
        0xFFF5, 0xFFF3, 0xFFF3, 0xFFD3, 0xFF92, 0xFFD3, 0xFFD3, 0xFFF3, 0xFFF3, 0xFFF4, 0xFFF4, 0xFFF4,
        0xFFF4, 0xFFF4, 0xFFF4, 0xFFF4, 0xFFF4, 0xFFF4, 0xFFF4, 0xFFF3, 0xFFF3, 0xFFF4, 0xFFB2, 0xFFF3,
        0xFFF4, 0xFFF3, 0xF751, 0xEF31, 0xF751, 0xFF92, 0xFF92, 0xFFB2, 0xFFF5, 0xFFF4, 0xFFF5, 0xFFF4,
        0xFFF3, 0xFFF4, 0xFFF4, 0xFFF3, 0xFFF3, 0xFFD3, 0xFFB2, 0xFFB2, 0xFFD3, 0xFFF3, 0xFFF3, 0xFFF3,
        0xFFF3, 0xFFF3, 0xFFD3, 0xFFF3, 0xFFF3, 0xFFF4, 0xFFF4, 0xFFF3, 0xFFF3, 0xFFF4, 0xFFF4, 0xFFF4,
        0xFFF4, 0xFFF5, 0xFFF5, 0xFFF4, 0xFFF3, 0xFFF3, 0xFFD3, 0xFFD3, 0xFFD3, 0xFFF3, 0xFFF3, 0xFFF3,
        0xFFF3, 0xFFD3, 0xFFF3, 0xFFF3, 0xFFF3, 0xFFF4, 0xFFF3, 0xFFF3, 0xFFF3, 0xFFF4, 0xFFF4, 0xFFD3,
        0xFFF3, 0xFFF4, 0xFFD3, 0xFFF3, 0xFFD3, 0xF772, 0xE6B0, 0xEEF1, 0xFFB2, 0xFFF3, 0xFFD3, 0xF751,
        0xFFF4, 0xFFF4, 0xFFF5, 0xFFF4, 0xFFF4, 0xFFF4, 0xFFF3, 0xFF92, 0xFF92, 0xFFB2, 0xFF92, 0xFFB2,
        0xFFD3, 0xFFF3, 0xFFD2, 0xFFD3, 0xFFF3, 0xFFF4, 0xFFF4, 0xFFF4, 0xFFF4, 0xFFF3, 0xFFF4, 0xFFF3,
        0xFFF3, 0xFFF4, 0xFFF4, 0xFFF5, 0xFFF5, 0xFFF4, 0xFFF4, 0xFFD3, 0xFFB2, 0xFFB2, 0xFFD3, 0xFFF3,
        0xFFF3, 0xFFD3, 0xFFF3, 0xFFF3, 0xFFF3, 0xFFF3, 0xFFF4, 0xFFF3, 0xFFF3, 0xFFF4, 0xFFF3, 0xFFD3,
        0xFFB2, 0xFF92, 0xFFF3, 0xFFD3, 0xFFB2, 0xFF92, 0xFF92, 0xF751, 0xFF92, 0xDE90, 0xDEB0, 0xFFD3,
        0xFFF3, 0xFF72, 0xE6F0, 0xE6D0, 0xFFF5, 0xFFF4, 0xFFF4, 0xFFF4, 0xFFF4, 0xFFF4, 0xFFB2, 0xFF72,
        0xEF31, 0xF751, 0xFF92, 0xFFB2, 0xFFF3, 0xFFF3, 0xFFB2, 0xFF72, 0xFFB2, 0xFFF3, 0xFFF4, 0xFFF4,
        0xFFF3, 0xFFF3, 0xFFF3, 0xFFF4, 0xFFF4, 0xFFF5, 0xFFF5, 0xFFF5, 0xFFF5, 0xFFF4, 0xFFF3, 0xFFF3,
        0xFFB2, 0xFFB2, 0xFFD3, 0xFFF3, 0xFFD3, 0xFFD3, 0xFFD3, 0xFFF3, 0xFFF4, 0xFFF4, 0xFFF4, 0xFFF4,
        0xFFF3, 0xFFF3, 0xFF92, 0xFF92, 0xFFB2, 0xFFF3, 0xFFB2, 0xF752, 0xEEF0, 0xFF72, 0xFF92, 0xF731,
        0xEF11, 0xE6F0, 0xF751, 0xFFD2, 0xFF72, 0xE6D0, 0xE6F0, 0xE6F0, 0xFFF4, 0xFFF4, 0xFFF4, 0xFFF4,
        0xFFF5, 0xFFF4, 0xFFB2, 0xFFB2, 0xFF92, 0xFF92, 0xFFF3, 0xFFF3, 0xFFF4, 0xFFF3, 0xFFD3, 0xFFF3,
        0xFFF3, 0xFFF4, 0xFFF3, 0xFFF3, 0xFFD3, 0xFFF3, 0xFFF3, 0xFFF4, 0xFFF5, 0xFFF5, 0xFFF5, 0xFFF5,
        0xFFF4, 0xFFF4, 0xFFF3, 0xFFB2, 0xFFF3, 0xFFD3, 0xFFD3, 0xFFF3, 0xFFD3, 0xFFF3, 0xFFD3, 0xFFF5,
        0xFFF4, 0xFFF4, 0xFFF4, 0xFFF3, 0xFFB2, 0xFFD3, 0xFFD3, 0xFF92, 0xFF92, 0xFF92, 0xF751, 0xEF11,
        0xFFB2, 0xFFF3, 0xFFF3, 0xFFB2, 0xFFB2, 0xFFD3, 0xFFD2, 0xFF92, 0xF751, 0xE6D0, 0xD64F, 0xDE90,
        0xFFF3, 0xFFF3, 0xFFD3, 0xFFD3, 0xFFF5, 0xFFF4, 0xFFD3, 0xFFF3, 0xFFB2, 0xFFB2, 0xFFB2, 0xFFF3,
        0xFFF3, 0xFFF3, 0xFFF3, 0xFFF3, 0xFFF3, 0xFFB2, 0xF751, 0xFFB2, 0xFFF3, 0xFFF3, 0xFFF5, 0xFFF5,
        0xFFF5, 0xFFF4, 0xFFF4, 0xFFF4, 0xFFF3, 0xFFB2, 0xFFD3, 0xFFF3, 0xFFF3, 0xFFD3, 0xFFD3, 0xFFD3,
        0xFFF3, 0xFFF3, 0xFFF5, 0xFFF4, 0xFFD3, 0xFFF3, 0xFFF3, 0xFFD3, 0xFFD3, 0xFFF3, 0xFFD3, 0xFFB2,
        0xF752, 0xFF92, 0xFFD3, 0xFFB2, 0xFFB2, 0xFFF4, 0xFFB2, 0xFFF3, 0xFFF3, 0xFFB2, 0xF731, 0xFFB2,
        0xFF72, 0xE6D0, 0xD64F, 0xDE6F, 0xFFF3, 0xFFD3, 0xFFD3, 0xFFB2, 0xFFF4, 0xFFF4, 0xFFB2, 0xFFB2,
        0xFFB2, 0xFFB2, 0xFFD3, 0xFFB2, 0xFFF3, 0xFFF3, 0xFFD3, 0xFF92, 0xFFD3, 0xFFB2, 0xFFB2, 0xFFF3,
        0xFFF3, 0xFFF4, 0xFFF5, 0xFFF4, 0xFFF3, 0xFFB2, 0xFF92, 0xFF92, 0xFF92, 0xFFD3, 0xFFB2, 0xFF92,
        0xFFD3, 0xFFF3, 0xFFF3, 0xFFF4, 0xFFF4, 0xFFF3, 0xFFF4, 0xFFF3, 0xFFF3, 0xFFF3, 0xFFD3, 0xFFF3,
        0xFFB2, 0xFFB2, 0xFF92, 0xFFF3, 0xFFF3, 0xFF92, 0xFFB2, 0xFFD3, 0xFFF3, 0xFF72, 0xFFF3, 0xFFF3,
        0xFF72, 0xEF11, 0xE6B0, 0xE6D0, 0xE6F0, 0xDE8F, 0xBDAD, 0xB56D, 0xFFF3, 0xFFF3, 0xFFD3, 0xFF72,
        0xFFF3, 0xFFB2, 0xFFB2, 0xFFB2, 0xFFD3, 0xFFD3, 0xFFB2, 0xFFF3, 0xFFF3, 0xFFD3, 0xFFB2, 0xFFB2,
        0xFFB2, 0xFF92, 0xFFD3, 0xFFF4, 0xFFF4, 0xFFF5, 0xFFF5, 0xFFF4, 0xFFF4, 0xFFF4, 0xFFF3, 0xFFD2,
        0xFFD3, 0xFFF3, 0xFF92, 0xFFF3, 0xFFF3, 0xFFF3, 0xFFF4, 0xFFF3, 0xFFF3, 0xFFF3, 0xFFF3, 0xFFF3,
        0xFFF3, 0xFFF3, 0xFFF4, 0xFFF3, 0xFFF3, 0xFFD3, 0xFFF3, 0xFFD3, 0xFFD3, 0xFFB2, 0xFFF3, 0xFFF4,
        0xFFF3, 0xFFF3, 0xFFD2, 0xFFB2, 0xF772, 0xFF92, 0xDE6F, 0xD62F, 0xE6D0, 0xCE2F, 0xB54D, 0xB54D,
        0xFFF3, 0xFFF4, 0xFF92, 0xF751, 0xFF72, 0xEF11, 0xFF92, 0xFFB2, 0xFFD3, 0xFFF3, 0xFFD3, 0xFFD3,
        0xFFF3, 0xFFD3, 0xFFB2, 0xFFD3, 0xFFB2, 0xFF92, 0xFFF4, 0xFFF5, 0xFFF5, 0xFFF5, 0xFFF5, 0xFFF5,
        0xFFF4, 0xFFF4, 0xFFF4, 0xFFF4, 0xFFF4, 0xFFF3, 0xFFF3, 0xFFF3, 0xFFF4, 0xFFF4, 0xFFF3, 0xFF92,
        0xFFD3, 0xFFF3, 0xFFF3, 0xFFF3, 0xFFF3, 0xFFF4, 0xFFF3, 0xFFF3, 0xFFF4, 0xFFF4, 0xFFD3, 0xFFF3,
        0xFFF4, 0xFFF4, 0xFFF4, 0xFFF4, 0xFFF3, 0xFF92, 0xFF72, 0xF731, 0xF751, 0xF751, 0xEF31, 0xFF72,
        0xFF72, 0xD66F, 0xB54D, 0xFFF3, 0xFFF3, 0xFFF4, 0xFFF4, 0xFFB2, 0xF751, 0xF752, 0xFFB2, 0xFFF3,
        0xFFF4, 0xFFF4, 0xFFD3, 0xFFB2, 0xFFB2, 0xFFB2, 0xFFF3, 0xFFF3, 0xFFF4, 0xFFB2, 0xFFF3, 0xFFF5,
        0xFFF5, 0xFFF4, 0xFFF4, 0xFFF5, 0xFFF5, 0xFFF5, 0xFFF4, 0xFFF4, 0xFFF4, 0xFFF4, 0xFFF3, 0xFFD3,
        0xFFD3, 0xFFF3, 0xFFD3, 0xFFD3, 0xFFF3, 0xFFF3, 0xFFF4, 0xFFF3, 0xFFD3, 0xFFD3, 0xFFF3, 0xFFF3,
        0xFFF3, 0xFFF3, 0xFFF4, 0xFFF4, 0xFFF4, 0xFFF4, 0xFFF3, 0xFFF3, 0xFFF3, 0xFF92, 0xFF92, 0xF751,
        0xFF72, 0xFFB2, 0xEF31, 0xB54D, 0xB54D, 0xB54D, 0xFFF3, 0xFFF3, 0xFFF3, 0xFFF3, 0xFFF3, 0xFFF3,
        0xFFB2, 0xFFD3, 0xFFF3, 0xFFF4, 0xFFF5, 0xFFF4, 0xFFB2, 0xFFF3, 0xFFF3, 0xFFF4, 0xFFF3, 0xFFF4,
        0xFFF4, 0xFFF3, 0xFFF4, 0xFFF5, 0xFFF5, 0xFFF4, 0xFFF4, 0xFFF5, 0xFFF5, 0xFFF4, 0xFFF3, 0xFFF4,
        0xFFF3, 0xFFD3, 0xFFF3, 0xFFD3, 0xFF72, 0xFFF3, 0xFFF4, 0xFFF4, 0xFFF4, 0xFFF3, 0xFFF3, 0xFFF3,
        0xFF92, 0xFFD3, 0xFFF3, 0xFFF4, 0xFFF4, 0xFFF4, 0xFFF3, 0xFFF4, 0xFFF3, 0xFFD3, 0xFFB2, 0xFF92,
        0xFF92, 0xFFD3, 0xFF92, 0xFFD3, 0xFF92, 0xCE0E, 0xB54D, 0xB54D, 0xFFF3, 0xFFF3, 0xFFF3, 0xFFF3,
        0xFFF3, 0xFFF4, 0xFFF3, 0xFFF3, 0xFFF3, 0xFFF3, 0xFFF4, 0xFFF4, 0xFFF5, 0xFFF5, 0xFFF4, 0xFFF3,
        0xFFF4, 0xFFF3, 0xFFF3, 0xFFF4, 0xFFF4, 0xFFF4, 0xFFF3, 0xFFF4, 0xFFF4, 0xFFF3, 0xFFF4, 0xFFF4,
        0xFFF3, 0xFFF4, 0xFFF5, 0xFFF5, 0xFFF3, 0xFFF3, 0xFFF3, 0xFFF4, 0xFFF3, 0xFFF4, 0xFFF5, 0xFFF4,
        0xFFF3, 0xFFD3, 0xFFF3, 0xFFB2, 0xFFF3, 0xFFF4, 0xFFF4, 0xFFF4, 0xFFF3, 0xFFF3, 0xFFF3, 0xFFF3,
        0xFFD3, 0xFF92, 0xFF92, 0xFF92, 0xFF92, 0xFF72, 0xE6D0, 0xBD8D, 0xB54D, 0xB54D, 0xFFF3, 0xFFF3,
        0xFFF3, 0xFFF3, 0xFFF3, 0xB54D, 0xFFF3, 0xFFF4, 0xFFF4, 0xFFF5, 0xFFF3, 0xFFF3, 0xFFF3, 0xFFF4,
        0xFFF4, 0xFFF4, 0xFFF4, 0xFFF3, 0xFFF3, 0xFFF3, 0xFFF4, 0xFFF4, 0xFFF5, 0xFFF4, 0xFFF3, 0xFFF4,
        0xFFF4, 0xFFF4, 0xFFF3, 0xFFF3, 0xFFF4, 0xFFF3, 0xFFF3, 0xFFF5, 0xFFF4, 0xFFF4, 0xFFF4, 0xFFF4,
        0xFFF4, 0xFFF4, 0xFFF3, 0xFFF3, 0xFFB2, 0xFFD2, 0xFFF3, 0xFFF3, 0xFFF4, 0xFFF3, 0xFFF4, 0xFFF3,
        0xFFF3, 0xFFB2, 0xFFD2, 0xFFB2, 0xFF92, 0xFF92, 0xFF72, 0xF752, 0xEF11, 0xB54D, 0xB54D, 0xFFF3,
        0xFFF3, 0xFFF3, 0xFFF3, 0xFFF3, 0xFFF3, 0xB54D, 0xB54D, 0xB54D, 0xFFB2, 0xFFF4, 0xFFF5, 0xFFF5,
        0xFFF5, 0xFFF3, 0xFFF3, 0xFFF3, 0xFFF4, 0xFFF4, 0xFFF5, 0xFFF3, 0xFFF3, 0xFFF4, 0xFFF4, 0xFFF5,
        0xFFF5, 0xFFF5, 0xFFF3, 0xFFF3, 0xFFF4, 0xFFF4, 0xFFF3, 0xFFF3, 0xFFF4, 0xFFF6, 0xFFF3, 0xFFF5,
        0xFFF4, 0xFFF4, 0xFFF5, 0xFFF4, 0xFFF4, 0xFFD3, 0xFF92, 0xFFD3, 0xFFB2, 0xFFF3, 0xFFF3, 0xFFF3,
        0xFFF3, 0xFFF3, 0xFFF3, 0xFFB2, 0xFFD3, 0xFF72, 0xFF72, 0xFF92, 0xFFB2, 0xFF72, 0xE6F0, 0xCE2F,
        0xB54D, 0xB54D, 0xFFF3, 0xFFF3, 0xFFF3, 0xFFF3, 0xFFF3, 0xB54D, 0xB54D, 0xB54D, 0xB54D, 0xB54D,
        0xFFB2, 0xFFF3, 0xFFF5, 0xFFF6, 0xFFF5, 0xFFF4, 0xFFF3, 0xFFF4, 0xFFF5, 0xFFF4, 0xFFF4, 0xFFF3,
        0xFFF3, 0xFFF4, 0xFFF4, 0xFFF5, 0xFFF5, 0xFFF5, 0xFFB2, 0xFFF4, 0xFFF4, 0xFFF4, 0xFFF3, 0xFFF3,
        0xFFF4, 0xFFF6, 0xFFF6, 0xFFF5, 0xFFF4, 0xFFF4, 0xFFF4, 0xFFF3, 0xFFF5, 0xFFF4, 0xFFF3, 0xFFF3,
        0xFFF3, 0xFFF4, 0xFFF4, 0xFFF4, 0xFFF4, 0xFFF3, 0xFFF3, 0xFFD3, 0xFFD3, 0xFFF3, 0xFFF3, 0xFFD3,
        0xFF92, 0xD64F, 0xB54D, 0xFFF3, 0xFFF3, 0xFFF3, 0xFFF3, 0xFFF3, 0xFFF3, 0xB54D, 0xB54D, 0xB54D,
        0xB54D, 0xB54D, 0xB54D, 0xB54D, 0xFFD3, 0xFFF3, 0xFFF5, 0xFFF5, 0xFFF5, 0xFFF3, 0xFFD3, 0xFFF4,
        0xFFF5, 0xFFF5, 0xFFF4, 0xFFF3, 0xFFF3, 0xFFF4, 0xFFF4, 0xFFF5, 0xFFF6, 0xFFF6, 0xFFF3, 0xFFF3,
        0xFFF4, 0xFFF3, 0xFFF4, 0xFFF3, 0xFFF3, 0xFFF5, 0xFFF6, 0xFFF5, 0xFFF5, 0xFFF4, 0xFFF3, 0xFFF3,
        0xFFF4, 0xFFF3, 0xFFF4, 0xFFF3, 0xFFF3, 0xFFF3, 0xFFF4, 0xFFF3, 0xFFF3, 0xFFB2, 0xFFF3, 0xFFD3,
        0xFFD3, 0xFF92, 0xEF11, 0xC5AE, 0xB54D, 0xFFF3, 0xFFF3, 0xFFF3, 0xFFF3, 0xFFF3, 0xB54D, 0xB54D,
        0xB54D, 0xB54D, 0xB54D, 0xB54D, 0xB54D, 0xB54D, 0xB54D, 0xB54D, 0xFFF3, 0xFFF3, 0xFFF5, 0xFFF4,
        0xFFF5, 0xFFF4, 0xFFF3, 0xFFF3, 0xFFF4, 0xFFF4, 0xFFF5, 0xFFF4, 0xFFF3, 0xFFF3, 0xFFF4, 0xFFF5,
        0xFFF5, 0xFFF5, 0xFFF4, 0xFFF3, 0xFFF4, 0xFFF4, 0xFFF4, 0xFFF4, 0xFFF4, 0xFFF5, 0xFFF5, 0xFFF5,
        0xFFF5, 0xFFF4, 0xFFF3, 0xFFF3, 0xFFF4, 0xFFF4, 0xFFF3, 0xFFB2, 0xFFF3, 0xFFF3, 0xFFF4, 0xFFF3,
        0xFFF3, 0xFFF3, 0xFFF3, 0xFFB2, 0xDE6F, 0xB54D, 0xB54D, 0xFFF3, 0xFFF3, 0xFFF3, 0xFFF3, 0xFFF3,
        0xB54D, 0xB54D, 0xB54D, 0xB54D, 0xB54D, 0xB54D, 0xB54D, 0xB54D, 0xB54D, 0xB54D, 0xB54D, 0xB54D,
        0xFFF4, 0xFFF3, 0xFFF4, 0xFFF5, 0xFFF5, 0xFFF5, 0xFFF3, 0xFFF3, 0xFFF4, 0xFFF4, 0xFFF5, 0xFFF4,
        0xFFF4, 0xFFF4, 0xFFF3, 0xFFF5, 0xFFF5, 0xFFF4, 0xFFF4, 0xFFF3, 0xFFF4, 0xFFF4, 0xFFF5, 0xFFF5,
        0xFFF4, 0xFFF5, 0xFFF5, 0xFFF5, 0xFFF5, 0xFFF5, 0xFFF4, 0xFFF3, 0xFFF3, 0xFFF3, 0xFFF3, 0xFFD3,
        0xFFF3, 0xFFF3, 0xFFF3, 0xFFF3, 0xFFD3, 0xF731, 0xC5CE, 0xB54D, 0xFFF3, 0xFFF3, 0xFFF3, 0xFFF3,
        0xFFF3, 0xFFF3, 0xFFF3, 0xB54D, 0xB54D, 0xB54D, 0xB54D, 0xB54D, 0xB54D, 0xB54D, 0xB54D, 0xB54D,
        0xB54D, 0xB54D, 0xB54D, 0xB54D, 0xFFF4, 0xFFF3, 0xFFF3, 0xFFF5, 0xFFF5, 0xFFF5, 0xFFF3, 0xFFF3,
        0xFFF4, 0xFFF5, 0xFFF5, 0xFFF4, 0xFFF4, 0xFFF4, 0xFFF4, 0xFFF4, 0xFFF5, 0xFFF5, 0xFFF4, 0xFFF3,
        0xFFF3, 0xFFF4, 0xFFF4, 0xFFF5, 0xFFF4, 0xFFF4, 0xFFF5, 0xFFF5, 0xFFF5, 0xFFF5, 0xFFF4, 0xFFF4,
        0xFFF4, 0xFFF4, 0xFFF3, 0xFF72, 0xF751, 0xFFB2, 0xFFB2, 0xF731, 0xB56D, 0xB54D, 0xFFF3, 0xFFF3,
        0xFFF3, 0xFFF3, 0xFFF3, 0xFFF3, 0xFFF3, 0xB54D, 0xB54D, 0xB54D, 0xB54D, 0xB54D, 0xB54D, 0xB54D,
        0xB54D, 0xB54D, 0xB54D, 0xB54D, 0xB54D, 0xB54D, 0xB54D, 0xB54D, 0xFFF5, 0xFFF3, 0xFFF3, 0xFFF5,
        0xFFF5, 0xFFF5, 0xFFF4, 0xFFF3, 0xFFF3, 0xFFF5, 0xFFF4, 0xFFF5, 0xFFF4, 0xFFF3, 0xFFF4, 0xFFF4,
        0xFFF5, 0xFFF4, 0xFFF4, 0xFFF4, 0xFFF4, 0xFFF4, 0xFFF4, 0xFFF5, 0xFFF4, 0xFFF4, 0xFFF5, 0xFFF5,
        0xFFF5, 0xFFF5, 0xFFF4, 0xFFF4, 0xFFF3, 0xFFF4, 0xFFF3, 0xF751, 0xF772, 0xC5EE, 0xB54D, 0xB54D,
        0xFFF3, 0xFFF3, 0xFFF3, 0xFFF3, 0xFFF3, 0xFFF3, 0xFFF3, 0xB54D, 0xB54D, 0xB54D, 0xB54D, 0xB54D,
        0xB54D, 0xB54D, 0xB54D, 0xB54D, 0xB54D, 0xB54D, 0xB54D, 0xB54D, 0xB54D, 0xB54D, 0xB54D, 0xB54D,
        0xFFF5, 0xFFF4, 0xFFF3, 0xFFF5, 0xFFF5, 0xFFF5, 0xFFF5, 0xFFF3, 0xFFF3, 0xFFF4, 0xFFF4, 0xFFF5,
        0xFFF4, 0xFFF3, 0xFFF4, 0xFFF5, 0xFFF4, 0xFFF4, 0xFFF5, 0xFFF5, 0xFFF4, 0xFF92, 0xFFF4, 0xFFF5,
        0xFFF5, 0xFFF4, 0xFFF3, 0xFFF4, 0xFFF4, 0xFFF4, 0xFFF4, 0xFFF3, 0xFFF3, 0xFFF3, 0xFFF3, 0xE6B0,
        0xB54D, 0xFFF3, 0xFFF3, 0xFFF3, 0xFFF3, 0xFFF3, 0xFFF3, 0xFFF3, 0xB54D, 0xB54D, 0xB54D, 0xB54D,
        0xB54D, 0xB54D, 0xB54D, 0xB54D, 0xB54D, 0xB54D, 0xB54D, 0xB54D, 0xB54D, 0xB54D, 0xB54D, 0xB54D,
        0xB54D, 0xB54D, 0xB54D, 0xB54D, 0xFFF5, 0xFFF3, 0xFFF3, 0xFFF5, 0xFFF5, 0xFFF5, 0xFFF4, 0xFFD3,
        0xFFF4, 0xFFF4, 0xFFF4, 0xFFF5, 0xFFF3, 0xFFD3, 0xFFF3, 0xFFF5, 0xFFF4, 0xFFF4, 0xFFF5, 0xFFF4,
        0xFFF3, 0xFFF3, 0xFFF4, 0xFFF5, 0xFFF5, 0xFFF4, 0xFFF3, 0xFFF5, 0xFFF4, 0xFFF4, 0xFFF3, 0xFFF4,
        0xFFF3, 0xFFF3, 0xFF92, 0xB54D, 0xFFF3, 0xFFF3, 0xFFF3, 0xFFF3, 0xFFF3, 0xFFF3, 0xB54D, 0xB54D,
        0xB54D, 0xB54D, 0xB54D, 0xB54D, 0xB54D, 0xB54D, 0xB54D, 0xB54D, 0xB54D, 0xB54D, 0xB54D, 0xB54D,
        0xB54D, 0xB54D, 0xB54D, 0xB54D, 0xB54D, 0xB54D, 0xB54D, 0xB54D, 0xFFF5, 0xFFF4, 0xFFF3, 0xFFF4,
        0xFFF5, 0xFFF5, 0xFFF4, 0xFFD3, 0xFFF3, 0xFFF4, 0xFFF5, 0xFFF5, 0xFFF4, 0xFFD3, 0xFFF3, 0xFFF4,
        0xFFF4, 0xFFF4, 0xFFF5, 0xFFF4, 0xFFF3, 0xFFF4, 0xFFF4, 0xFFF5, 0xFFF5, 0xFFF4, 0xFFF4, 0xFFF5,
        0xFFF5, 0xFFF4, 0xFFF4, 0xFFF4, 0xFFF4, 0xFFD3, 0xF751, 0xFFF3, 0xFFF3, 0xFFF3, 0xFFF3, 0xFFF3,
        0xB54D, 0xB54D, 0xB54D, 0xB54D, 0xB54D, 0xB54D, 0xB54D, 0xB54D, 0xB54D, 0xB54D, 0xB54D, 0xB54D,
        0xB54D, 0xB56D, 0xB54D, 0xB54D, 0xB54D, 0xB54D, 0xB54D, 0xB54D, 0xB54D, 0xB54D, 0xB54D, 0xB54D,
        0xFFF5, 0xFFF4, 0xFFF3, 0xFFF4, 0xFFF5, 0xFFF5, 0xFFF5, 0xFFF4, 0xFFF3, 0xFFF4, 0xFFF5, 0xFFF5,
        0xFFF5, 0xFFD3, 0xFFD3, 0xFFF4, 0xFFF5, 0xFFF4, 0xFFF5, 0xFFF5, 0xFFF3, 0xFFF4, 0xFFF4, 0xFFF5,
        0xFFF5, 0xFFF3, 0xFFF4, 0xFFF5, 0xFFF5, 0xFFF5, 0xFFF4, 0xFFF4, 0xFFF3, 0xFFD3, 0xE6D0, 0xFFF3,
        0xFFF3, 0xFFF3, 0xB54D, 0xB54D, 0xB54D, 0xB54D, 0xB54D, 0xB54D, 0xB54D, 0xB54D, 0xB54D, 0xB54D,
        0xB54D, 0xB54D, 0xB54D, 0xB54D, 0xB54D, 0xB54D, 0xB54D, 0xB54D, 0xB54D, 0xB54D, 0xB54D, 0xB54D,
        0xB54D, 0xB54D, 0xB54D, 0xB54D, 0xFFF5, 0xFFF5, 0xFFD3, 0xFFF3, 0xFFF4, 0xFFF5, 0xFFF4, 0xFFF3,
        0xFFF3, 0xFFF4, 0xFFF5, 0xFFF5, 0xFFF5, 0xFFF3, 0xFFD3, 0xFFF4, 0xFFF5, 0xFFF5, 0xFFF4, 0xFFF5,
        0xFFF4, 0xFFF4, 0xFFF4, 0xFFF5, 0xFFF4, 0xFFB2, 0xFFF4, 0xFFF4, 0xFFF5, 0xFFF5, 0xFFF3, 0xFFF3,
        0xFFF4, 0xFFF3, 0xF731, 0xB54D, 0xFFF3, 0xFFF3, 0xB54D, 0xB54D, 0xB54D, 0xB54D, 0xB54D, 0xB54D,
        0xB54D, 0xB54D, 0xB54D, 0xB54D, 0xB54D, 0xB54D, 0xB54D, 0xB54D, 0xB54D, 0xB54D, 0xB54D, 0xB54D,
        0xB54D, 0xB54D, 0xB54D, 0xB54D, 0xB54D, 0xB54D, 0xB54D, 0xB54D, 0xFFF5, 0xFFF5, 0xFFF3, 0xFFF3,
        0xFFF5, 0xFFF5, 0xFFF5, 0xFFF3, 0xFFF3, 0xFFF3, 0xFFF4, 0xFFF5, 0xFFF6, 0xFFF4, 0xFFF3, 0xFFF3,
        0xFFF5, 0xFFF6, 0xFFF4, 0xFFF4, 0xFFF3, 0xFFF4, 0xFFF4, 0xFFF5, 0xFFF3, 0xFFF4, 0xFFD3, 0xFFF4,
        0xFFF5, 0xFFF4, 0xFFF3, 0xFFF3, 0xFFF4, 0xFFD3, 0xFF92, 0xB54D, 0xFFF3, 0xFFF3, 0xB54D, 0xB54D,
        0xB54D, 0xB54D, 0xB54D, 0xB54D, 0xB54D, 0xB54D, 0xB54D, 0xB54D, 0xB54D, 0xB54D, 0xB54D, 0xB54D,
        0xB54D, 0xB54D, 0xB54D, 0xB54D, 0xB54D, 0xB54D, 0xB54D, 0xB54D, 0xB54D, 0xB54D, 0xB54D, 0xB54D,
        0xFFF4, 0xFFF5, 0xFFF4, 0xFFD3, 0xFFF4, 0xFFF5, 0xFFF4, 0xFFF4, 0xFFF3, 0xFFF3, 0xFFF4, 0xFFF4,
        0xFFF5, 0xFFF4, 0xFFB2, 0xFFF3, 0xFFF5, 0xFFF6, 0xFFF4, 0xFFF4, 0xFFF4, 0xFFF4, 0xFFF4, 0xFFF4,
        0xFFF4, 0xFFF4, 0xFFD3, 0xFFF4, 0xFFF5, 0xFFF5, 0xFFD3, 0xFFB2, 0xFFF4, 0xFFF3, 0xFFB2, 0xB54D,
        0xFFF3, 0xFFF3, 0xB54D, 0xB54D, 0xB54D, 0xB54D, 0xB54D, 0xB54D, 0xB54D, 0xB54D, 0xB54D, 0xB54D,
        0xB54D, 0xB54D, 0xB54D, 0xB54D, 0xB54D, 0xB54D, 0xB54D, 0xB54D, 0xB54D, 0xB54D, 0xB54D, 0xB54D,
        0xB54D, 0xB54D, 0xB54D, 0xB54D, 0xFFF3, 0xFFF5, 0xFFF4, 0xFFB2, 0xFFF3, 0xFFF5, 0xFFF4, 0xFFF4,
        0xFFB2, 0xFFF3, 0xFFF4, 0xFFF4, 0xFFF5, 0xFFF4, 0xFFD3, 0xFFF3, 0xFFF5, 0xFFF5, 0xFFF5, 0xFFF3,
        0xFFF4, 0xFFF3, 0xFFF3, 0xFFF4, 0xFFF5, 0xFFF4, 0xFFF3, 0xFFF4, 0xFFF5, 0xFFF5, 0xFFD3, 0xFFB2,
        0xFFF4, 0xFFF4, 0xFFF3, 0xB54D, 0xFFF3, 0xFFF3, 0xB54D, 0xB54D, 0xB54D, 0xB54D, 0xB54D, 0xB54D,
        0xB54D, 0xB54D, 0xB54D, 0xB54D, 0xB54D, 0xB54D, 0xB54D, 0xB54D, 0xB54D, 0xB54D, 0xB54D, 0xB54D,
        0xB54D, 0xB54D, 0xB54D, 0xB54D, 0xB54D, 0xB54D, 0xB54D, 0xB54D, 0xFFF3, 0xFFF5, 0xFFF5, 0xFFF3,
        0xFFF3, 0xFFF4, 0xFFF4, 0xFFF4, 0xFFD3, 0xFFF3, 0xFFF4, 0xFFF4, 0xFFF4, 0xFFF5, 0xFFD3, 0xFFD3,
        0xFFF4, 0xFFF5, 0xFFF5, 0xFFF4, 0xFFF3, 0xFFF3, 0xFFF3, 0xFFF4, 0xFFF5, 0xFFF4, 0xFFF3, 0xFFF4,
        0xFFF4, 0xFFF4, 0xFF92, 0xFFD3, 0xFFF4, 0xFFF3, 0xFFD3, 0xB54D, 0xFFF3, 0xFFF3, 0xB54D, 0xB54D,
        0xB54D, 0xB54D, 0xB54D, 0xB54D, 0xB54D, 0xB54D, 0xB54D, 0xB54D, 0xB54D, 0xB54D, 0xB54D, 0xB54D,
        0xB54D, 0xB54D, 0xB54D, 0xB54D, 0xB54D, 0xB54D, 0xB54D, 0xB54D, 0xB54D, 0xB54D, 0xB54D, 0xB54D,
        0xFFB2, 0xFFF4, 0xFFF4, 0xFFF3, 0xFF92, 0xFFF4, 0xFFF4, 0xFFF4, 0xFFF3, 0xFFD3, 0xFFF3, 0xFFF4,
        0xFFF4, 0xFFF4, 0xFFF3, 0xFFB2, 0xFFF4, 0xFFF5, 0xFFF5, 0xFFF4, 0xFFF4, 0xFFD3, 0xFFF4, 0xFFF5,
        0xFFF5, 0xFFF3, 0xFFF4, 0xFFF4, 0xFFF4, 0xFFF5, 0xFFF4, 0xFFF3, 0xFFF4, 0xFFD3, 0xFF92, 0xB54D,
        0xFFF3, 0xFFF3, 0xB54D, 0xB54D, 0xB54D, 0xB54D, 0xB54D, 0xB54D, 0xB54D, 0xB54D, 0xB54D, 0xB54D,
        0xB54D, 0xB54D, 0xB54D, 0xB54D, 0xB54D, 0xB54D, 0xB54D, 0xB54D, 0xB54D, 0xB54D, 0xB54D, 0xB54D,
        0xB54D, 0xB54D, 0xB54D, 0xB54D, 0xFFD3, 0xFFF4, 0xFFF4, 0xFFF3, 0xFF72, 0xFFF4, 0xFFF4, 0xFFF4,
        0xFFF4, 0xFFF3, 0xFFF4, 0xFFF3, 0xFFF4, 0xFFF5, 0xFFB2, 0xFFF3, 0xFFF4, 0xFFF5, 0xFFF5, 0xFFF4,
        0xFFF4, 0xFFF3, 0xFFF3, 0xFFF3, 0xFFF5, 0xFFF4, 0xFFF4, 0xFFF4, 0xFFF4, 0xFFF5, 0xFFF4, 0xFF92,
        0xFFF3, 0xFFF3, 0xFF72, 0xB54D, 0xFFF3, 0xFFF3, 0xB54D, 0xB54D, 0xB54D, 0xB54D, 0xB54D, 0xB54D,
        0xB54D, 0xB54D, 0xB54D, 0xB54D, 0xB54D, 0xB54D, 0xB54D, 0xB54D, 0xB54D, 0xB54D, 0xB54D, 0xB54D,
        0xB54D, 0xB54D, 0xB54D, 0xB54D, 0xB54D, 0xB54D, 0xB54D, 0xB54D, 0xFFF3, 0xFFF3, 0xFFF5, 0xFFD3,
        0xFFB2, 0xFFF3, 0xFFF4, 0xFFF4, 0xFFF3, 0xFFF3, 0xFFF4, 0xFFF4, 0xFFF4, 0xFFF5, 0xFFF3, 0xFFD2,
        0xFFF3, 0xFFF5, 0xFFF5, 0xFFF4, 0xFFF3, 0xFFD3, 0xFFF3, 0xFFF4, 0xFFF4, 0xFFF3, 0xFFF3, 0xFFF4,
        0xFFF4, 0xFFF5, 0xFFF4, 0xFF92, 0xFFF3, 0xFFF4, 0xFFF3, 0xB54D, 0xB54D, 0xFFF3, 0xFFF3, 0xB54D,
        0xB54D, 0xB54D, 0xB54D, 0xB54D, 0xB54D, 0xB54D, 0xB54D, 0xB54D, 0xB54D, 0xB54D, 0xB54D, 0xB54D,
        0xB54D, 0xB54D, 0xB54D, 0xB54D, 0xB54D, 0xB54D, 0xB54D, 0xB54D, 0xB54D, 0xB54D, 0xB54D, 0xB54D,
        0xFFB2, 0xFFD3, 0xFFF4, 0xFFF3, 0xFFB2, 0xFFD2, 0xFFF4, 0xFFF4, 0xFFF4, 0xFFF3, 0xFFF3, 0xFFF4,
        0xFFF3, 0xFFF4, 0xFFF4, 0xFFD3, 0xFFD2, 0xFFF4, 0xFFF4, 0xF731, 0xFFF4, 0xFFF3, 0xFFF3, 0xFFF4,
        0xFFF4, 0xFFF3, 0xFFD3, 0xFFF3, 0xFFF5, 0xFFF5, 0xFFF4, 0xFFB2, 0xFFF4, 0xFFF4, 0xFFF4, 0xCE0E,
        0xB54D, 0xFFF3, 0xFFF3, 0xB54D, 0xB54D, 0xB54D, 0xB54D, 0xB54D, 0xB54D, 0xB54D, 0xB54D, 0xB54D,
        0xB54D, 0xB54D, 0xB54D, 0xB54D, 0xB54D, 0xB54D, 0xB54D, 0xB54D, 0xB54D, 0xB54D, 0xB54D, 0xB54D,
        0xB54D, 0xB54D, 0xB54D, 0xB54D, 0xFFD3, 0xFF92, 0xFFF4, 0xFFF3, 0xFFF3, 0xFFB2, 0xFFF4, 0xFFF4,
        0xFFF4, 0xFFB2, 0xFFD3, 0xFFF4, 0xFFF3, 0xFFF4, 0xFFF5, 0xFFD3, 0xFFD3, 0xFFF4, 0xFFF5, 0xFFF3,
        0xFF72, 0xFFF3, 0xFFD3, 0xFFF3, 0xFFF4, 0xFFF3, 0xFFF3, 0xFFF3, 0xFFF5, 0xFFF6, 0xFFF5, 0xFFF3,
        0xFFD3, 0xFFF5, 0xFFF5, 0xF731, 0xFFF3, 0xFFF3, 0xFFF3, 0xB54D, 0xB54D, 0xB54D, 0xB54D, 0xB54D,
        0xB54D, 0xB54D, 0xB54D, 0xB54D, 0xB54D, 0xB54D, 0xB54D, 0xB54D, 0xB54D, 0xB54D, 0xB54D, 0xB54D,
        0xB54D, 0xB54D, 0xB54D, 0xB54D, 0xB54D, 0xB54D, 0xB54D, 0xB54D, 0xFFF4, 0xFFB2, 0xFFF4, 0xFFF4,
        0xFFF4, 0xFF92, 0xFFF3, 0xFFF4, 0xFFF4, 0xFFD3, 0xFF92, 0xFFF3, 0xFFB2, 0xFFF4, 0xFFF5, 0xFFD3,
        0xFFB2, 0xFFF4, 0xFFF5, 0xFFF3, 0xFFF3, 0xFFF4, 0xFFF3, 0xFFF4, 0xFFF3, 0xFFF4, 0xFFD3, 0xFFF3,
        0xFFF4, 0xFFF6, 0xFFF4, 0xFFF3, 0xFFF3, 0xFFF5, 0xFFF5, 0xFFB2, 0xFFF3, 0xFFF3, 0xFFF3, 0xB54D,
        0xB54D, 0xB54D, 0xB54D, 0xB54D, 0xB54D, 0xB54D, 0xB54D, 0xB54D, 0xB54D, 0xB54D, 0xB54D, 0xB54D,
        0xB54D, 0xB54D, 0xB54D, 0xB54D, 0xB54D, 0xB54D, 0xB54D, 0xB54D, 0xB54D, 0xB54D, 0xB54D, 0xB54D,
        0xFFF5, 0xFFD3, 0xFFF3, 0xFFF5, 0xFFF5, 0xFFF3, 0xFFD3, 0xFFF4, 0xFFF5, 0xFFF4, 0xFFD2, 0xFFF4,
        0xFFF4, 0xFFF4, 0xFFF5, 0xFFF3, 0xFF92, 0xFFF3, 0xFFF5, 0xFFF3, 0xFF92, 0xFFF4, 0xFFF3, 0xFFF4,
        0xFFF4, 0xFFF4, 0xFFD3, 0xFFF3, 0xFFF4, 0xFFF5, 0xFFF4, 0xFFF3, 0xFFF4, 0xFFF4, 0xFFF4, 0xFFF3,
        0xFFF3, 0xFFF3, 0xFFF3, 0xB54D, 0xB54D, 0xB54D, 0xB54D, 0xB54D, 0xB54D, 0xB54D, 0xB54D, 0xB54D,
        0xB54D, 0xB54D, 0xB54D, 0xB54D, 0xB54D, 0xB54D, 0xB54D, 0xB54D, 0xB54D, 0xB54D, 0xB54D, 0xB54D,
        0xB54D, 0xB54D, 0xB54D, 0xB54D, 0xFFF5, 0xFFF4, 0xFFB2, 0xFFF4, 0xFFF4, 0xFFF3, 0xFFB2, 0xFFF3,
        0xFFF5, 0xFFF4, 0xFF92, 0xFFF3, 0xFFF5, 0xFFF4, 0xFFF4, 0xFFF4, 0xFFF3, 0xFFF3, 0xFFF5, 0xFFF5,
        0xFFF3, 0xFFF3, 0xFFB2, 0xFFF3, 0xFFF4, 0xFFF4, 0xFFF3, 0xFFF3, 0xFFF3, 0xFFF5, 0xFFF4, 0xFFF4,
        0xFFF5, 0xFFF4, 0xFFF4, 0xFFF4, 0xFFF3, 0xFFF3, 0xFFF3, 0xB54D, 0xB54D, 0xB54D, 0xB54D, 0xB54D,
        0xB54D, 0xB54D, 0xB54D, 0xB54D, 0xB54D, 0xB54D, 0xB54D, 0xB54D, 0xB54D, 0xB54D, 0xB54D, 0xB54D,
        0xB54D, 0xB54D, 0xB54D, 0xB54D, 0xB54D, 0xB54D, 0xB54D, 0xB54D, 0xFFF5, 0xFFF4, 0xFFD3, 0xFFF3,
        0xFFF4, 0xFFF3, 0xFF92, 0xFFF3, 0xFFF4, 0xFFF3, 0xFFD3, 0xFFF3, 0xFFF5, 0xFFF3, 0xFFF4, 0xFFF5,
        0xFFF3, 0xFFB2, 0xFFF5, 0xFFF6, 0xFFF3, 0xFFF4, 0xFFF3, 0xFFF3, 0xFFF4, 0xFFF5, 0xFFF4, 0xFFF3,
        0xFFF4, 0xFFF4, 0xFFF4, 0xFFF5, 0xFFF5, 0xFFF5, 0xFFF3, 0xFFF4, 0xFFF3, 0xFFF3, 0xFFF3, 0xB54D,
        0xB54D, 0xB54D, 0xB54D, 0xB54D, 0xB54D, 0xB54D, 0xB54D, 0xB54D, 0xB54D, 0xB54D, 0xB54D, 0xB54D,
        0xB54D, 0xB54D, 0xB54D, 0xB54D, 0xB54D, 0xB56D, 0xB54D, 0xB54D, 0xB54D, 0xB54D, 0xB54D, 0xB54D,
        0xFFF5, 0xFFF6, 0xFFF3, 0xFFF3, 0xFFF4, 0xFFF4, 0xFF92, 0xFFD3, 0xFFF3, 0xFFF3, 0xFF92, 0xFFB2,
        0xFFF5, 0xFFF4, 0xFFF3, 0xFFF4, 0xFFB2, 0xFF92, 0xFFF4, 0xFFF5, 0xFFF3, 0xFFF4, 0xFFF3, 0xFFF3,
        0xFFF4, 0xFFF5, 0xFFF4, 0xFFF3, 0xFFF3, 0xFFF4, 0xFFF5, 0xFFF5, 0xFFF5, 0xFFF6, 0xFFF4, 0xC5EE,
        0xFFF3, 0xFFF3, 0xFFF3, 0xB54D, 0xB54D, 0xB54D, 0xB54D, 0xB54D, 0xB54D, 0xB54D, 0xB54D, 0xB54D,
        0xB54D, 0xC5CE, 0xB54D, 0xB54D, 0xB54D, 0xB54D, 0xB54D, 0xB54D, 0xB54D, 0xB54D, 0xB54D, 0xB54D,
        0xB54D, 0xB54D, 0xB54D, 0xB54D, 0xC60E, 0xFFF3, 0xFFF3, 0xDED0, 0xDE90, 0xFFF3, 0xFFD3, 0xFFF3,
        0xFFF3, 0xFFF4, 0xFFD3, 0xFFF4, 0xFFF4, 0xFFF4, 0xFFF4, 0xFFF3, 0xFFD3, 0xFFF4, 0xFFF3, 0xFFF4,
        0xFFF5, 0xFFF4, 0xFFF3, 0xFFD3, 0xFFB2, 0xFFD3, 0xFFD3, 0xFFF3, 0xFFF4, 0xFFF5, 0xFFF5, 0xFFF4,
        0xFFF3, 0xEF52, 0xDE90, 0xF772, 0xFFB2, 0xFFD3, 0xFFF3, 0xFFF4, 0xFFF4, 0xFFF3, 0xFFF4, 0xFFF4,
        0xFFF4, 0xFFF3, 0xFFF3, 0xFFF3, 0xFFF4, 0xFFF4, 0xFFF4, 0xFFF4, 0xFFF4, 0xFFD3, 0xFFF3, 0xFFF3,
        0xFFF3, 0xFFD3, 0xFFF3, 0xFFF4, 0xFFF4, 0xFFF4, 0xFFF4, 0xFFF3, 0xEF52, 0xCE2F, 0xFFF3, 0xFFF3,
        0xFFD3, 0xFFF3, 0xFFF4, 0xFFF4, 0xFFF3, 0xFFF4, 0xFFF4, 0xFFF4, 0xFFF3, 0xFFF3, 0xFFF3, 0xFFF3,
        0xFFF4, 0xFFF4, 0xFFF3, 0xFFF4, 0xFFF4, 0xFFF4, 0xFFF4, 0xFFF3, 0xFFB2, 0xFFF3, 0xFFF3, 0xFFF4,
        0xFFF4, 0xFFF3, 0xFFF3, 0xFFF3, 0xE6F1, 0xFFD3, 0xFFF4, 0xFFD3, 0xFFF3, 0xFFF3, 0xFFF3, 0xFFF3,
        0xFFF4, 0xFFF3, 0xFFF4, 0xFFF3, 0xFFF3, 0xFFF3, 0xFFF3, 0xFFF4, 0xFFF3, 0xFFF3, 0xFFF3, 0xFFF4,
        0xFFF4, 0xFFF4, 0xFFF3, 0xFFF4, 0xFFF4, 0xFFF4, 0xFFF4, 0xFFD3, 0xFFB2, 0xFFD3, 0xFFF4, 0xFFF4,
        0xFFF3, 0xFFF4, 0xFFD3, 0xFFF3, 0xFFF3, 0xFFF3, 0xFFD3, 0xFFF4, 0xFFF3, 0xFFF3, 0xFFF3, 0xFFD3,
        0xFFF3, 0xFFF4, 0xFFF4, 0xFFF3, 0xFFF4, 0xFFF3, 0xFFD3, 0xFFF4, 0xFFF4, 0xFFF3, 0xFFF4, 0xFFF5,
        0xFFF3, 0xFFF3, 0xFFD3, 0xFFD3, 0xFFD3, 0xFFF3, 0xFFF4, 0xFFF4, 0xFFF4, 0xFFB2, 0xFFF3, 0xFFF4,
        0xFFD3, 0xFFF3, 0xFFF3, 0xFFF3, 0xFFF4, 0xFFD3, 0xFFF3, 0xFFF3, 0xFFF4, 0xFFF3, 0xFFF3, 0xFFF3,
        0xFFF3, 0xFFD3, 0xFFF3, 0xFFF3, 0xFFF4, 0xFFF5, 0xFFF4, 0xFFF3, 0xFFF3, 0xFFD3, 0xFFB2, 0xFFF3,
        0xFFF4, 0xFFF4, 0xFFF4, 0xFFF4, 0xFF72, 0xFF92, 0xFF92, 0xFFD3, 0xFFB2, 0xFFD3, 0xFFD3, 0xFFB2,
        0xFFD3, 0xFFD3, 0xFFF3, 0xFFF3, 0xFFF3, 0xFFF4, 0xFFF3, 0xFFF4, 0xFFF3, 0xFFF3, 0xFFF4, 0xFFF4,
        0xFFF4, 0xFFF3, 0xFFF3, 0xFFF3, 0xFFF4, 0xFFF3, 0xFFD2, 0xFFF3, 0xFFF4, 0xFFF4, 0xFFF3, 0xFFB2,
        0xFFD3, 0xFFF3, 0xFFB2, 0xFFF3, 0xFFD3, 0xFFF3, 0xFFD3, 0xFFD3, 0xFFF3, 0xFFF4, 0xFFF4, 0xFFF3,
        0xFFF3, 0xFFF3, 0xFFF3, 0xFFF3, 0xFFF3, 0xFFF4, 0xFFF4, 0xFFF4, 0xFFF3, 0xFFF3, 0xFFF4, 0xFFF4,
        0xFFF4, 0xFFF3, 0xFFF4, 0xFFF4, 0xFFF3, 0xFFF3, 0xFFF3, 0xFFF4, 0xFFF3, 0xFFF3, 0xFFF3, 0xFFF3,
        0xFFF3, 0xFFD3, 0xFFD3, 0xFFF3, 0xFFF3, 0xFFF4, 0xFFF3, 0xFFF3, 0xFFF3, 0xFFF3, 0xFFF4, 0xFFF4,
        0xFFF4, 0xFFF4, 0xFFF4, 0xFFF4, 0xFFD3, 0xFFF4, 0xFFF4, 0xFFF4, 0xFFF3, 0xFFF3, 0xFFF3, 0xFFF4,
        0xFFF4, 0xFFF4, 0xFFF4, 0xFFF4, 0xFFD3, 0xFFF3, 0xFFF3, 0xFFD3, 0xFF92, 0xFFF4, 0xFFF4, 0xFFF3,
        0xFFF3, 0xFFF4, 0xFFF3, 0xFFF3, 0xFFF4, 0xFFF3, 0xFFF4, 0xFFF4, 0xFFF4, 0xFFF4, 0xFFF3, 0xFFF4,
        0xFFF4, 0xFFF4, 0xFFF3, 0xFFF3, 0xFFF3, 0xFFF3, 0xFFF4, 0xFFF4, 0xFFF4, 0xFFF4, 0xFFF4, 0xFFF4,
        0xFFF3, 0xFFF3, 0xFFB2, 0xFFD3, 0xFFF4, 0xFFF4, 0xFFF3, 0xFFF3, 0xFFF3, 0xFFF4, 0xFFF3, 0xFFF4,
        0xFFF4, 0xFFF3, 0xFFF3, 0xFFF3, 0xFFF3, 0xFFF3, 0xFFF4, 0xFFF4, 0xFFF4, 0xFFF3, 0xFFF3, 0xFFF4,
        0xFFF4, 0xFFF4, 0xFFF4, 0xFFF5, 0xFFF4, 0xFFF3, 0xFFF3, 0xFFD3, 0xFFF4, 0xFFF3, 0xFFF3, 0xFFF4,
        0xFFF3, 0xFFD3, 0xFFD3, 0xFFF3, 0xFFF4, 0xFFF4, 0xFFF4, 0xFFF4, 0xFFF4, 0xFFF3, 0xFFF3, 0xFFF3,
        0xFFF4, 0xFFF4, 0xFFF4, 0xFFF3, 0xFFF3, 0xFFF3, 0xFFF3, 0xFFF3, 0xFFF4, 0xFFF4, 0xFFF4, 0xFFF4,
        0xFFF3, 0xFFD3, 0xFFB2, 0xFF92, 0xFFF4, 0xFFF4, 0xFFD3, 0xFFD3, 0xFFD3, 0xFFB2, 0xFFD3, 0xFFF3,
        0xFFF3, 0xFFF4, 0xFFF4, 0xFFF4, 0xFFF4, 0xFFF4, 0xFFF4, 0xFFF4, 0xFFF4, 0xFFF4, 0xFFD3, 0xFFD3,
        0xFFF3, 0xFFF3, 0xFFF4, 0xFFF4, 0xFFF4, 0xFFF4, 0xFFF3, 0xFFF3, 0xFFF3, 0xF772, 0xFF92, 0xFFB2,
        0xFFF4, 0xFFF5, 0xFFF4, 0xFFF3, 0xFFD2, 0xFFB2, 0xFFF3, 0xFFF3, 0xFFF3, 0xFFF4, 0xFFF4, 0xFFF4,
        0xFFF4, 0xFFF4, 0xFFF5, 0xFFF4, 0xFFD3, 0xFFD3, 0xFFF3, 0xFFF3, 0xFFF3, 0xFFF3, 0xFFF4, 0xFFF3,
        0xFFD3, 0xFFF3, 0xFFD3, 0xFFB2, 0xF752, 0xEF11, 0xFFD3, 0xF731, 0xFFF4, 0xFFF4, 0xFFF4, 0xFFB2,
        0xFF72, 0xFFD3, 0xFFF3, 0xFFB2, 0xFFF3, 0xFFF4, 0xFFF3, 0xFFF4, 0xFFF5, 0xFFF5, 0xFFF4, 0xFFF3,
        0xFFD3, 0xFFF3, 0xFFF3, 0xFFF3, 0xFFF4, 0xFFF4, 0xFFD3, 0xFFB2, 0xFFB2, 0xF772, 0xFF92, 0xFFB2,
        0xF772, 0xFF92, 0xEF11, 0xE6B0, 0xFFF3, 0xFFD3, 0xFFF4, 0xFFD3, 0xFFB2, 0xFFD3, 0xFFF3, 0xFFD3,
        0xFFD3, 0xFFB2, 0xFFF3, 0xFFF5, 0xFFF4, 0xFFD3, 0xFFD3, 0xFFD3, 0xFFF3, 0xFFF3, 0xFFF4, 0xFFF4,
        0xFFF3, 0xFFF3, 0xFFD3, 0xFFD3, 0xFF92, 0xFFD3, 0xFFD3, 0xFFF3, 0xFF92, 0xEF11, 0xE6F0, 0xCDEE,
        0xFFF3, 0xFF92, 0xFF92, 0xFFB2, 0xFFF3, 0xFFD3, 0xFFF3, 0xFFB2, 0xFFB2, 0xFFF4, 0xFFF5, 0xFFF5,
        0xFFF4, 0xFFF3, 0xFFF3, 0xFFF3, 0xFFF4, 0xFFF3, 0xFFF3, 0xFFF3, 0xFFF4, 0xFFF3, 0xFFF3, 0xFFF3,
        0xFFF3, 0xFFF4, 0xFFF3, 0xFF92, 0xF772, 0xE6D0, 0xE6D0, 0xC60E, 0xFFF3, 0xFFF3, 0xFF92, 0xFFF3,
        0xFFF4, 0xFFD3, 0xFFD3, 0xFFF3, 0xFFF3, 0xFFF4, 0xFFF5, 0xFFF4, 0xFFF5, 0xFFF4, 0xFFF3, 0xFFF3,
        0xFFD3, 0xFFF3, 0xFFF4, 0xFFF3, 0xFFB2, 0xFFF4, 0xFFF4, 0xFFF4, 0xFFF4, 0xFFD3, 0xFFB2, 0xFF92,
        0xF731, 0xC5CE, 0xDEB0, 0xFFF3, 0xFFF3, 0xFFF4, 0xFFF3, 0xFFF4, 0xFFF4, 0xFFF4, 0xFFF3, 0xFFF4,
        0xFFF4, 0xFFF4, 0xFFF4, 0xFFF4, 0xFFF4, 0xFFF5, 0xFFF4, 0xFFF4, 0xFFF4, 0xFFF4, 0xFFD3, 0xFFF3,
        0xFFF4, 0xFFF4, 0xFFF3, 0xFFD3, 0xFF92, 0xFF72, 0xE6D0, 0xD66F, 0xDEB0, 0xFFF3, 0xEF52, 0xC60E,
        0xFFD3, 0xFFF5, 0xFFF4, 0xFFF3, 0xFFF4, 0xFFF4, 0xFFF4, 0xFFF4, 0xFFF5, 0xFFF3, 0xFFF4, 0xFFF3,
        0xFFF5, 0xFFF5, 0xFFF4, 0xFFF4, 0xFFF4, 0xFFD3, 0xFFF3, 0xFFF4, 0xFFF3, 0xFFF3, 0xFFD3, 0xFFB2,
        0xF751, 0xDEB0, 0xDEB0, 0xFFF3, 0xEF52, 0xC60E, 0xB54D, 0xB54D, 0xFFF3, 0xFFF5, 0xFFF4, 0xFFF3,
        0xFFF5, 0xFFF4, 0xFFF3, 0xFFF4, 0xFFF5, 0xFFF3, 0xFFF4, 0xFFF4, 0xFFF4, 0xFFF5, 0xFFF5, 0xFFF3,
        0xFFF4, 0xFFF3, 0xFFF3, 0xFFF4, 0xFFF3, 0xFFF3, 0xE6D0, 0xDE90, 0xEF52, 0xFFF3, 0xDEB0, 0xB54D,
        0xB54D, 0xB54D, 0xB54D, 0xB54D, 0xFFF4, 0xFFF5, 0xFFF5, 0xFFF3, 0xFFF5, 0xFFF5, 0xFFF4, 0xFFF4,
        0xFFF5, 0xFFF4, 0xFFF4, 0xFFF5, 0xFFF4, 0xFFF5, 0xFFF5, 0xFFF4, 0xFFF4, 0xFFD3, 0xFFD3, 0xFFB2,
        0xD66F, 0xDED0, 0xFFF3, 0xFFF3, 0xEF52, 0xC60E, 0xB54D, 0xB54D, 0xB54D, 0xB54D, 0xB54D, 0xB54D,
        0xFFF4, 0xFFF4, 0xFFF5, 0xFFF4, 0xFFF4, 0xFFF5, 0xFFF4, 0xFFF4, 0xFFF4, 0xFFF4, 0xFFF4, 0xFFF5,
        0xFFF4, 0xFFF4, 0xFFF4, 0xFFF4, 0xFFF4, 0xF792, 0xDEB0, 0xDEB0, 0xFFF3, 0xFFF3, 0xDEB0, 0xC60E,
        0xB54D, 0xB54D, 0xB54D, 0xB54D, 0xB54D, 0xB54D, 0xB54D, 0xB54D, 0xFFF4, 0xFFF4, 0xFFF5, 0xFFF3,
        0xFFF4, 0xFFF5, 0xFFF3, 0xFFF4, 0xFFF4, 0xFFF5, 0xFFF4, 0xFFF4, 0xFFF5, 0xFFF4, 0xFFF4, 0xFFF4,
        0xFFF3, 0xEF11, 0xFFF3, 0xFFF3, 0xDEB0, 0xB54D, 0xB54D, 0xB54D, 0xB54D, 0xB54D, 0xB56D, 0xB54D,
        0xB54D, 0xB54D, 0xB54D, 0xB54D, 0xFFF5, 0xFFF3, 0xFFF5, 0xFFF4, 0xFFF4, 0xFFF5, 0xFFF4, 0xFFF3,
        0xFFF5, 0xFFF5, 0xFFF4, 0xFFF5, 0xFFF4, 0xFFF4, 0xFFF5, 0xFFF4, 0xFFF3, 0xE6D0, 0xFFF3, 0xB54D,
        0xB54D, 0xB54D, 0xB54D, 0xB54D, 0xB54D, 0xB54D, 0xB54D, 0xB54D, 0xB54D, 0xB54D, 0xB54D, 0xB54D,
        0xFFF5, 0xFFF3, 0xFFF5, 0xFFF4, 0xFFF3, 0xFFF4, 0xFFF5, 0xFFF3, 0xFFF5, 0xFFF4, 0xFFF4, 0xFFF4,
        0xFFF4, 0xFFF3, 0xFFF5, 0xFFF3, 0xFFF3, 0xDE90, 0xFFF3, 0xB54D, 0xB54D, 0xB54D, 0xB54D, 0xB54D,
        0xB54D, 0xB54D, 0xB54D, 0xB54D, 0xB54D, 0xB54D, 0xB54D, 0xB54D, 0xFFF4, 0xFFF4, 0xFFF4, 0xFFF4,
        0xFFD3, 0xFFF4, 0xFFF5, 0xFFF3, 0xFFF5, 0xFFF4, 0xFFF3, 0xFFF4, 0xFFF5, 0xFFF4, 0xFFF5, 0xFFD3,
        0xFFF4, 0xDEB0, 0xFFF3, 0xB54D, 0xB54D, 0xB54D, 0xB54D, 0xB54D, 0xB54D, 0xB54D, 0xB54D, 0xB54D,
        0xB54D, 0xB54D, 0xB54D, 0xB54D, 0xFFF3, 0xFFF3, 0xFFD3, 0xFFF4, 0xFFF3, 0xFFF4, 0xFFF4, 0xFFD3,
        0xFFF4, 0xFFF5, 0xFFF3, 0xFFF4, 0xFFF4, 0xFFF4, 0xFFF4, 0xFFF3, 0xFFF3, 0xDE6F, 0xFFF3, 0xB54D,
        0xB54D, 0xB54D, 0xB54D, 0xB54D, 0xB54D, 0xB54D, 0xB54D, 0xB54D, 0xB54D, 0xB54D, 0xB54D, 0xB54D,
        0xFFD3, 0xFFF4, 0xFFD3, 0xFFF4, 0xFFF3, 0xFFF4, 0xFFF4, 0xFFF3, 0xFFF4, 0xFFD4, 0xFFF3, 0xFFF4,
        0xFFF4, 0xFFF3, 0xFFF5, 0xFFD3, 0xFFF4, 0xDED0, 0xDEB0, 0xDEB0, 0xB54D, 0xB54D, 0xB54D, 0xB54D,
        0xB54D, 0xB54D, 0xB54D, 0xB54D, 0xB54D, 0xB54D, 0xB54D, 0xB54D, 0xFFD3, 0xFFF4, 0xFFD3, 0xFFF4,
        0xFFF3, 0xFFD3, 0xFFF3, 0xFFF4, 0xFFF3, 0xFFF4, 0xFFD3, 0xFFF3, 0xFFF4, 0xFFF3, 0xFFF5, 0xFFF4,
        0xFFF4, 0xFFB3, 0xFFF3, 0xDEB0, 0xB54D, 0xB54D, 0xB54D, 0xB54D, 0xB54D, 0xB54D, 0xB54D, 0xB54D,
        0xB54D, 0xB54D, 0xB54D, 0xB54D, 0xFFF4, 0xFFF3, 0xFFF4, 0xFFD3, 0xFFF4, 0xFFD3, 0xFFF4, 0xFFF4,
        0xFFF3, 0xFFF4, 0xFFF3, 0xFFF3, 0xFFF4, 0xFFF3, 0xFFF4, 0xFFF4, 0xFFF4, 0xFFF4, 0xFFF3, 0xDEB0,
        0xB54D, 0xB54D, 0xB54D, 0xB54D, 0xB54D, 0xB54D, 0xB54D, 0xB54D, 0xB54D, 0xB54D, 0xB54D, 0xB54D,
        0xFFF5, 0xFFF3, 0xFFF4, 0xFFD3, 0xFFF4, 0xFFD3, 0xFFF4, 0xFFF4, 0xFFD3, 0xFFF5, 0xFFF4, 0xFFF3,
        0xFFF4, 0xFFF4, 0xFFF4, 0xFFF5, 0xFFF5, 0xF772, 0xFFF3, 0xDEB0, 0xB54D, 0xB54D, 0xB54D, 0xB54D,
        0xB56D, 0xB54D, 0xB54D, 0xB54D, 0xB56D, 0xB54D, 0xB54D, 0xB54D, 0xEF52, 0xEF31, 0xF792, 0xFFF3,
        0xFFF4, 0xFFF4, 0xFFF4, 0xFFF3, 0xFFF3, 0xFFF4, 0xFFF4, 0xFFF3, 0xFFD3, 0xFFF3, 0xFFF4, 0xFFF4,
        0xEF11, 0xFFF3, 0xFFF3, 0xFFF3, 0xFFF3, 0xFFF4, 0xFFF3, 0xFFF3, 0xFFF4, 0xFFF3, 0xFFF4, 0xFFF3,
        0xFFF4, 0xFFF3, 0xFFD3, 0xFFF3, 0xFFF3, 0xFFF3, 0xFFF3, 0xFFF3, 0xFFF3, 0xFFF3, 0xFFF4, 0xFFF3,
        0xFFF3, 0xFFF3, 0xFFF4, 0xFFF4, 0xFFF3, 0xFFD3, 0xFFF3, 0xFFF4, 0xFFB2, 0xFFB3, 0xFFD3, 0xFFD3,
        0xFFF3, 0xFFF3, 0xFFF3, 0xFFF3, 0xFFF4, 0xFFF4, 0xFFF3, 0xFFF3, 0xFFF3, 0xFFF3, 0xFFF3, 0xFFD3,
        0xFFF3, 0xFFF3, 0xFFD3, 0xFFF3, 0xFFF3, 0xFFF3, 0xFFF3, 0xFFF4, 0xFFF4, 0xFFF4, 0xFFF3, 0xFFF3,
        0xFFF3, 0xFFF4, 0xFFF4, 0xFFF4, 0xFFF3, 0xFFD3, 0xFFF3, 0xFFF3, 0xFFF4, 0xFFF4, 0xFFF3, 0xFFF3,
        0xFFF4, 0xFFF4, 0xFFF3, 0xFFF3, 0xFFF4, 0xFFF4, 0xFFF3, 0xFFB2, 0xFFF4, 0xFFD3, 0xFFB2, 0xFFF3,
        0xFFF3, 0xFFF4, 0xFFF4, 0xFFF4, 0xFFF3, 0xFFF3, 0xFFF3, 0xFFF4, 0xFFF3, 0xFFD3, 0xF772, 0xFF92,
        0xFFF3, 0xFFD3, 0xFFB2, 0xFFD3, 0xFFD3, 0xFFF4, 0xFFF4, 0xFFD3, 0xFFD3, 0xFFF3, 0xFFF3, 0xFFD3,
        0xFF92, 0xFFB2, 0xF772, 0xDEB0, 0xFFD3, 0xFFB2, 0xFFD3, 0xFFD3, 0xFFD3, 0xFFF5, 0xFFF4, 0xFFF3,
        0xFFF3, 0xFFF3, 0xFFF3, 0xFFF3, 0xFFF3, 0xFFB2, 0xE6D0, 0xE6D0, 0xFFF4, 0xFFF4, 0xFFF4, 0xFFF4,
        0xFFF4, 0xFFF4, 0xFFF4, 0xFFF4, 0xFFF4, 0xFFF3, 0xFFF4, 0xFFD3, 0xF731, 0xE6F1, 0xE711, 0xC60E,
        0xFFF4, 0xFFF4, 0xFFF4, 0xFFF4, 0xFFF4, 0xFFF4, 0xFFF5, 0xFFF4, 0xFFF3, 0xFFD3, 0xEF51, 0xEF52,
        0xE731, 0xBDAE, 0xB54D, 0xB54D, 0xFFF4, 0xFFF4, 0xFFF4, 0xFFF4, 0xFFF4, 0xFFF4, 0xFFF4, 0xFFF4,
        0xF7B2, 0xEF52, 0xE711, 0xC5CE, 0xB54D, 0xB54D, 0xB54D, 0xB54D, 0xFFF4, 0xFFF4, 0xFFF4, 0xFFF4,
        0xFFF5, 0xFFF4, 0xFFF4, 0xFFF4, 0xEF52, 0xDEB0, 0xB54D, 0xB54D, 0xB54D, 0xB54D, 0xB54D, 0xB54D,
        0xFFF4, 0xFFF4, 0xFFF3, 0xFFF4, 0xFFF5, 0xFFF4, 0xFFF4, 0xFFF4, 0xEF52, 0xDEB0, 0xB54D, 0xB54D,
        0xB54D, 0xB54D, 0xB54D, 0xB54D, 0xFFF3, 0xFFF3, 0xFFF3, 0xFFF4, 0xFFF4, 0xFFF3, 0xFFF3, 0xFFF4,
        0xF793, 0xE711, 0xB54D, 0xB54D, 0xB54D, 0xB54D, 0xB54D, 0xB54D, 0xFFF4, 0xFFF3, 0xFFF3, 0xFFF4,
        0xFFF4, 0xFFF3, 0xFFF4, 0xFFF4, 0xFFD4, 0xEF52, 0xB54D, 0xB54D, 0xB56D, 0xB54D, 0xB54D, 0xB54D,
        0xEF52, 0xFFD3, 0xFFF4, 0xFFF3, 0xFFF4, 0xFFF3, 0xFFF3, 0xFFF4, 0xFFD3, 0xFFD3, 0xFFF3, 0xFFF3,
        0xFFF4, 0xFFF4, 0xFFF3, 0xFFF3, 0xFFF3, 0xFFF3, 0xFFF3, 0xFFF3, 0xFFF4, 0xFFF3, 0xFFF4, 0xFFF3,
        0xFFF3, 0xFFD3, 0xFFF3, 0xFFF4, 0xFFF3, 0xFFF3, 0xFFD3, 0xF751, 0xFFD3, 0xFFF3, 0xFFF4, 0xFFF4,
        0xFFF3, 0xFFF3, 0xF772, 0xDEB0, 0xFFF4, 0xFFF4, 0xFFF4, 0xFFF4, 0xFFB3, 0xE6D0, 0xC5EE, 0xB54D,
        0xFFF4, 0xFFF4, 0xFFF4, 0xFFF4, 0xE6F1, 0xB54D, 0xB54D, 0xB54D, 0xFFF3, 0xFFF4, 0xFFF3, 0xFFF4,
        0xF772, 0xB54D, 0xB54D, 0xB54D, 0xFFB3, 0xFFF3, 0xFFF4, 0xFFF3, 0xFFD3, 0xFFF4, 0xFFF3, 0xFFB3,
        0xFFF4, 0xFFF4, 0xF792, 0xD64F, 0xFFF4, 0xFFF4, 0xCE4F, 0xB54D, 0xFFD3, 0xFFF3, 0xFFF4, 0xD66F,
        0xF792,
    },
    {
        0xEB89, 0xF3A9, 0xEBA9, 0xFBEA, 0xF3A9, 0xFBEA, 0xFC2B, 0xFC2B, 0xFC2B, 0xFC2B, 0xFC2B, 0xFC2B,
        0xC308, 0xC308, 0xC308, 0xC308, 0xC308, 0xC308, 0xC308, 0xC308, 0xC308, 0xC308, 0xC308, 0xC308,
        0xC308, 0xC308, 0xC308, 0xC308, 0xC308, 0xC308, 0xC308, 0xC308, 0xC308, 0xC308, 0xC308, 0xC308,
        0xC308, 0xC308, 0xC308, 0xC308, 0xC308, 0xC308, 0xC308, 0xC308, 0xC308, 0xC308, 0xC308, 0xC308,
        0xC308, 0xC308, 0xC308, 0xC308, 0xC308, 0xC308, 0xFC2B, 0xFBEA, 0xFBEA, 0xFC2B, 0xFC2B, 0xFC2B,
        0xFC2B, 0xFC2B, 0xFC2B, 0xFC2B, 0xBAC7, 0xC308, 0xCB08, 0xBAC7, 0xC2E7, 0xFBCA, 0xFC2B, 0xFC2B,
        0xFC2B, 0xFC2B, 0xFC2B, 0xC308, 0xC308, 0xC308, 0xC308, 0xC308, 0xC308, 0xC308, 0xC308, 0xC308,
        0xC308, 0xC308, 0xC308, 0xC308, 0xC308, 0xC308, 0xC308, 0xC308, 0xC308, 0xC308, 0xC308, 0xC308,
        0xC308, 0xC308, 0xC308, 0xC308, 0xC308, 0xC308, 0xC308, 0xC308, 0xC308, 0xC308, 0xC308, 0xC308,
        0xC308, 0xC308, 0xC308, 0xC308, 0xC308, 0xC308, 0xC308, 0xC308, 0xFC2B, 0xFC2B, 0xFC2B, 0xFC2B,
        0xFC2B, 0xFC2B, 0xFC2B, 0xFC2B, 0xFC2B, 0xFC2B, 0xFC2B, 0xFC2B, 0xBAC7, 0xB2A7, 0xAAA7, 0xC308,
        0xD328, 0xFC2B, 0xFC2B, 0xFC2B, 0xFC2B, 0xFC2B, 0xFC2B, 0xFC2B, 0xFC2B, 0xFC2B, 0xFC2B, 0xC308,
        0xC308, 0xC308, 0xC308, 0xC308, 0xC308, 0xC308, 0xC308, 0xC308, 0xC308, 0xC308, 0xC308, 0xC308,
        0xC308, 0xC308, 0xC308, 0xC308, 0xC308, 0xC308, 0xC308, 0xC308, 0xC308, 0xC308, 0xC308, 0xC308,
        0xC308, 0xC308, 0xC308, 0xC308, 0xC308, 0xC308, 0xFC2B, 0xFC2B, 0xFC2B, 0xFC2B, 0xFC2B, 0xFC2B,
        0xFC2B, 0xFC2B, 0xFC2B, 0xFC2B, 0xFC2B, 0xFC2B, 0xFC2B, 0xFC2B, 0xFC2B, 0xFC2B, 0xFC2B, 0xFC2B,
        0xAA86, 0xA266, 0xA266, 0xA266, 0xB2C7, 0xFC2B, 0xFC2B, 0xFC2B, 0xFC2B, 0xFC2B, 0xFC2B, 0xFC2B,
        0xFC2B, 0xFC2B, 0xFC2B, 0xBAE7, 0xC308, 0xC308, 0xC308, 0xC308, 0xC308, 0xC308, 0xC308, 0xC308,
        0xC308, 0xC308, 0xC308, 0xC308, 0xC308, 0xC308, 0xC308, 0xC308, 0xC308, 0xC308, 0xC308, 0xC308,
        0xC308, 0xC308, 0xC308, 0xC308, 0xC308, 0xC308, 0xC308, 0xC308, 0xC308, 0xC308, 0xFC2B, 0xFC2B,
        0xFC2B, 0xFC2B, 0xFC2B, 0xFC2B, 0xFC2B, 0xFC2B, 0xFC2B, 0xFC2B, 0xFC2B, 0xFC2B, 0xFC2B, 0xFC2B,
        0xFC2B, 0xFC2B, 0xFC2B, 0xFC2B, 0xA266, 0xA266, 0xA266, 0xE389, 0xFBEA, 0xFC2B, 0xFC2B, 0xFC2B,
        0xFC2B, 0xFC2B, 0xFC2B, 0xFC2B, 0xFC2B, 0xFC2B, 0xBAC7, 0xA266, 0xC308, 0xC308, 0xC308, 0xC308,
        0xC308, 0xC308, 0xC308, 0xC308, 0xC308, 0xC308, 0xC308, 0xC308, 0xC308, 0xC308, 0xC308, 0xC308,
        0xC308, 0xC308, 0xC308, 0xC308, 0xC308, 0xC308, 0xC308, 0xC308, 0xC308, 0xC308, 0xC308, 0xC308,
        0xC308, 0xC308, 0xC308, 0xFC2B, 0xFC2B, 0xFC2B, 0xFC2B, 0xFC2B, 0xFC2B, 0xFC2B, 0xFC2B, 0xFC2B,
        0xFC2B, 0xFC2B, 0xFC2B, 0xFC2B, 0xFC2B, 0xFC2B, 0xFC2B, 0xFC2B, 0xD348, 0xFBEA, 0xFC0B, 0xFC2B,
        0xFC2B, 0xFC2B, 0xFC2B, 0xFC2B, 0xFC2B, 0xFC2B, 0xFC2B, 0xFC2B, 0xFC2B, 0xA266, 0xA266, 0xC308,
        0xC308, 0xC308, 0xC308, 0xC308, 0xC308, 0xC308, 0xC308, 0xC308, 0xC308, 0xC308, 0xC308, 0xC308,
        0xC308, 0xC308, 0xC308, 0xC308, 0xC308, 0xC308, 0xC308, 0xC308, 0xC308, 0xC308, 0xC308, 0xC308,
        0xC308, 0xC308, 0xC308, 0xC308, 0xC308, 0xC308, 0xC308, 0xFC2B, 0xFC2B, 0xFC2B, 0xFC2B, 0xFC2B,
        0xFC2B, 0xFC2B, 0xFC2B, 0xFC2B, 0xFC2B, 0xFC2B, 0xFC2B, 0xFC2B, 0xFC2B, 0xFC2B, 0xFC2B, 0xFC2B,
        0xFC2B, 0xFC2B, 0xFC2B, 0xFC2B, 0xFC2B, 0xFBEA, 0xF3A9, 0xFC2B, 0xFC2B, 0xE389, 0xE369, 0xE389,
        0xF3A9, 0xCB08, 0xA266, 0xC308, 0xC308, 0xC308, 0xC308, 0xC308, 0xC308, 0xC308, 0xC308, 0xC308,
        0xC308, 0xC308, 0xC308, 0xC308, 0xC308, 0xC308, 0xC308, 0xC308, 0xC308, 0xC308, 0xC308, 0xC308,
        0xC308, 0xC308, 0xC308, 0xC308, 0xC308, 0xC308, 0xC308, 0xC308, 0xC308, 0xC308, 0xC308, 0xFC2B,
        0xFC2B, 0xFC2B, 0xFC2B, 0xFC2B, 0xFC2B, 0xFC2B, 0xFC2B, 0xFC2B, 0xFC2B, 0xFC2B, 0xFC2B, 0xFC2B,
        0xFC2B, 0xFC2B, 0xFC2B, 0xFC2B, 0xFC2B, 0xFC2B, 0xFC2B, 0xFC2B, 0xFBCA, 0xB2A7, 0xAAA7, 0xBAC7,
        0xBAC7, 0xA266, 0xA266, 0xA266, 0xA266, 0xA266, 0xA266, 0xC308, 0xC308, 0xC308, 0xC308, 0xC308,
        0xC308, 0xC308, 0xC308, 0xC308, 0xC308, 0xC308, 0xC308, 0xC308, 0xC308, 0xC308, 0xC308, 0xC308,
        0xC308, 0xC308, 0xC308, 0xC308, 0xC308, 0xC308, 0xC308, 0xC308, 0xC308, 0xC308, 0xC308, 0xC308,
        0xC308, 0xFC2B, 0xFC2B, 0xFC2B, 0xFC2B, 0xFC2B, 0xFC2B, 0xFC2B, 0xFC2B, 0xFC2B, 0xFC2B, 0xFC2B,
        0xFC2B, 0xFC2B, 0xFC2B, 0xFC2B, 0xFC2B, 0xFC2B, 0xFC2B, 0xFC2B, 0xE369, 0xFBEA, 0xFC2B, 0xFBEA,
        0xDB48, 0xA286, 0xA266, 0xA266, 0xA266, 0xA266, 0xA266, 0xA266, 0xA266, 0xA266, 0xA266, 0xC308,
        0xC308, 0xC308, 0xC308, 0xC308, 0xC308, 0xC308, 0xC308, 0xC308, 0xC308, 0xC308, 0xC308, 0xC308,
        0xC308, 0xC308, 0xC308, 0xC308, 0xC308, 0xC308, 0xC308, 0xC308, 0xC308, 0xC308, 0xC308, 0xC308,
        0xC308, 0xC308, 0xC308, 0xC308, 0xC308, 0xFC2B, 0xFC2B, 0xFC2B, 0xFC2B, 0xFC2B, 0xFC2B, 0xFC2B,
        0xFC2B, 0xFC2B, 0xFC2B, 0xFC2B, 0xFC2B, 0xFC2B, 0xFC2B, 0xFC2B, 0xFC2B, 0xFC2B, 0xFC2B, 0xFC2B,
        0xD328, 0xEB89, 0xEB89, 0xC308, 0xAA86, 0xBAC7, 0xA286, 0xA266, 0xAAA7, 0xB2C7, 0xA266, 0xA266,
        0xA266, 0xA266, 0xA266, 0xC308, 0xC308, 0xC308, 0xC308, 0xC308, 0xC308, 0xC308, 0xC308, 0xC308,
        0xC308, 0xC308, 0xC308, 0xC308, 0xC308, 0xC308, 0xC308, 0xC308, 0xC308, 0xC308, 0xC308, 0xC308,
        0xC308, 0xC308, 0xC308, 0xC308, 0xC308, 0xC308, 0xC308, 0xFC2B, 0xFC2B, 0xFC2B, 0xFC2B, 0xFC2B,
        0xFC2B, 0xFC2B, 0xFC2B, 0xFC2B, 0xFC2B, 0xFC2B, 0xFC2B, 0xFC2B, 0xFC2B, 0xFC2B, 0xFC2B, 0xFC2B,
        0xFC2B, 0xFC2B, 0xFC2B, 0xFC2B, 0xBAC7, 0xAAA7, 0xAAA7, 0xC2E7, 0xC2E7, 0xA266, 0xA266, 0xA266,
        0xA286, 0xAAA7, 0xA266, 0xA266, 0xA266, 0xA266, 0xA266, 0xC308, 0xC308, 0xC308, 0xC308, 0xC308,
        0xC308, 0xC308, 0xC308, 0xC308, 0xC308, 0xC308, 0xC308, 0xC308, 0xC308, 0xC308, 0xC308, 0xC308,
        0xC308, 0xC308, 0xC308, 0xC308, 0xC308, 0xC308, 0xC308, 0xC308, 0xC308, 0xC308, 0xFC2B, 0xFC2B,
        0xFC2B, 0xFC2B, 0xFC2B, 0xFC2B, 0xFC2B, 0xFC2B, 0xFC2B, 0xFC2B, 0xFC2B, 0xFC2B, 0xFC2B, 0xFC2B,
        0xFC2B, 0xFC2B, 0xFC2B, 0xFC2B, 0xFC2B, 0xFC2B, 0xFC2B, 0xFC2B, 0xAA86, 0xA286, 0xA266, 0xB2A7,
        0xAAA7, 0xAAA7, 0xB2C7, 0xA266, 0xA266, 0xA266, 0xA286, 0xAA86, 0xA266, 0xA266, 0xA266, 0xA266,
        0xC308, 0xC308, 0xC308, 0xC308, 0xC308, 0xC308, 0xC308, 0xC308, 0xC308, 0xC308, 0xC308, 0xC308,
        0xC308, 0xC308, 0xC308, 0xA266, 0xA266, 0xAA86, 0xFC2B, 0xFC2B, 0xFC2B, 0xC308, 0xC308, 0xC308,
        0xC308, 0xFC2B, 0xFC2B, 0xFC2B, 0xFC2B, 0xFC2B, 0xFC2B, 0xFC2B, 0xFC2B, 0xFC2B, 0xFC2B, 0xFC2B,
        0xFC2B, 0xFC2B, 0xFC2B, 0xFC2B, 0xFC2B, 0xFC2B, 0xFC2B, 0xFC2B, 0xFC2B, 0xFC2B, 0xFC2B, 0xFC2B,
        0xA266, 0xA266, 0xA266, 0xA266, 0xA286, 0xA266, 0xA266, 0xA266, 0xA266, 0xA266, 0xA266, 0xA266,
        0xA266, 0xA266, 0xA266, 0xC308, 0xC308, 0xC308, 0xC308, 0xC308, 0xC308, 0xC308, 0xC308, 0xC308,
        0xC308, 0xC308, 0xC308, 0xC308, 0xC308, 0xC308, 0xC308, 0xA266, 0xA266, 0xAA86, 0xF3A9, 0xFC2B,
        0xFC2B, 0xFC2B, 0xC308, 0xC308, 0xC308, 0xFC2B, 0xFC2B, 0xFC2B, 0xFC2B, 0xFC2B, 0xFC2B, 0xFC2B,
        0xFC2B, 0xFC2B, 0xFC2B, 0xFC2B, 0xFC2B, 0xFC2B, 0xFC2B, 0xFC2B, 0xFC2B, 0xFC2B, 0xFC2B, 0xFC2B,
        0xFC2B, 0xFC2B, 0xFC2B, 0xFC2B, 0xA266, 0xA266, 0xA266, 0xA266, 0xAA86, 0xB2C7, 0xAA86, 0xA266,
        0xA266, 0xA266, 0xA266, 0xA266, 0xA266, 0xA266, 0xA266, 0xA266, 0xA266, 0xC308, 0xC308, 0xC308,
        0xC308, 0xC308, 0xC308, 0xC308, 0xC308, 0xC308, 0xC308, 0xC308, 0xC308, 0xC308, 0xC308, 0xA266,
        0xA266, 0xBAE7, 0xD328, 0xDB48, 0xFC0A, 0xFC2B, 0xC308, 0xC308, 0xC308, 0xC308, 0xFC2B, 0xFC2B,
        0xFC2B, 0xFC2B, 0xFC2B, 0xFC2B, 0xFC2B, 0xFC2B, 0xFC2B, 0xFC2B, 0xFC2B, 0xFC2B, 0xFC2B, 0xFC2B,
        0xFC2B, 0xFC2B, 0xFC2B, 0xFC2B, 0xFC2B, 0xFC2B, 0xFC2B, 0xFC2B, 0xA266, 0xC2E7, 0xFC2B, 0xFC2B,
        0xFC2B, 0xC2E7, 0xA266, 0xA266, 0xA266, 0xA266, 0xA266, 0xA266, 0xA266, 0xA266, 0xA266, 0xA266,
        0xC308, 0xC308, 0xC308, 0xC308, 0xC308, 0xC308, 0xC308, 0xC308, 0xC308, 0xC308, 0xC308, 0xC308,
        0xC308, 0xC308, 0xC308, 0xC308, 0xA266, 0xA266, 0xA266, 0xBAE7, 0xDB48, 0xFC2B, 0xFC2B, 0xFC2B,
        0xC308, 0xC308, 0xC308, 0xFC2B, 0xFC2B, 0xFC2B, 0xFC2B, 0xFC2B, 0xFC2B, 0xFC2B, 0xFC2B, 0xFC2B,
        0xFC2B, 0xFC2B, 0xFC2B, 0xFC0B, 0xFBCA, 0xFC2B, 0xFC2B, 0xFC2B, 0xFC2B, 0xFC2B, 0xFC2B, 0xFC2B,
        0xAAA7, 0xAAA7, 0xF3A9, 0xFBEA, 0xCB08, 0xA266, 0xA266, 0xA266, 0xA266, 0xA266, 0xA266, 0xA266,
        0xA266, 0xA266, 0xA266, 0xA266, 0xA266, 0xA266, 0xC308, 0xC308, 0xC308, 0xC308, 0xC308, 0xC308,
        0xC308, 0xC308, 0xC308, 0xC308, 0xC308, 0xC308, 0xC308, 0xC308, 0xC308, 0xA266, 0xA266, 0xFBEA,
        0xFC2B, 0xFC2B, 0xFC2B, 0xFC2B, 0xC308, 0xC308, 0xC308, 0xFC2B, 0xFC2B, 0xFC2B, 0xFC2B, 0xFC2B,
        0xFC2B, 0xFC2B, 0xFC2B, 0xFC2B, 0xFC2B, 0xFC2B, 0xFC0A, 0xD328, 0xC2E7, 0xFC2B, 0xFC2B, 0xFC2B,
        0xFC2B, 0xFC2B, 0xFC2B, 0xFC2B, 0xBAC7, 0xA286, 0xA266, 0xCB28, 0xFBEA, 0xB2A7, 0xA266, 0xA266,
        0xA266, 0xA266, 0xA266, 0xA266, 0xA266, 0xA266, 0xA266, 0xA266, 0xA266, 0xA266, 0xC308, 0xC308,
        0xC308, 0xC308, 0xC308, 0xC308, 0xC308, 0xC308, 0xC308, 0xC308, 0xC308, 0xC308, 0xC308, 0xC308,
        0xC308, 0xC308, 0xA266, 0xCB28, 0xF3A9, 0xFC2B, 0xFC2B, 0xFC2B, 0xFC2B, 0xFC2B, 0xFC2B, 0xFC2B,
        0xFC2B, 0xFC2B, 0xFC2B, 0xFC2B, 0xFC2B, 0xFC2B, 0xFC2B, 0xFBEA, 0xFBEA, 0xEB89, 0xF3A9, 0xF3A9,
        0xF3A9, 0xFC2B, 0xFC2B, 0xFC2B, 0xFC2B, 0xFC2B, 0xFC2B, 0xFC2B, 0xA266, 0xA266, 0xA266, 0xAA86,
        0xE369, 0xE369, 0xCB08, 0xB2A7, 0xA266, 0xA266, 0xA266, 0xA266, 0xA266, 0xA266, 0xA266, 0xA266,
        0xA266, 0xA266, 0xA266, 0xC308, 0xC308, 0xC308, 0xC308, 0xC308, 0xC308, 0xC308, 0xC308, 0xC308,
        0xC308, 0xC308, 0xC308, 0xC308, 0xC308, 0xC308, 0xA266, 0xA266, 0xF3A9, 0xFC2B, 0xFC2B, 0xFC2B,
        0xFC2B, 0xFC2B, 0xFC2B, 0xFC2B, 0xFC2B, 0xFC2B, 0xFC2B, 0xFC2B, 0xFC2B, 0xFC2B, 0xFBCA, 0xC2E7,
        0xB2C7, 0xA266, 0xAA86, 0xE369, 0xFBCA, 0xFBEA, 0xFC2B, 0xFC2B, 0xFC2B, 0xFC2B, 0xFC2B, 0xFC2B,
        0xA266, 0xA266, 0xA266, 0xA286, 0xEB89, 0xFC2B, 0xD328, 0xAA86, 0xA266, 0xA266, 0xA266, 0xA266,
        0xA266, 0xA266, 0xA266, 0xA266, 0xA266, 0xA266, 0xA266, 0xA266, 0xC308, 0xC308, 0xC308, 0xC308,
        0xC308, 0xC308, 0xC308, 0xC308, 0xC308, 0xC308, 0xC308, 0xC308, 0xC308, 0xC308, 0xC308, 0xC308,
        0xC308, 0xFC2B, 0xFC2B, 0xFC2B, 0xFC2B, 0xFC2B, 0xFC2B, 0xFC2B, 0xFC2B, 0xFC2B, 0xFC2B, 0xFC2B,
        0xFC2B, 0xFC2B, 0xFBEA, 0xCB08, 0xAA86, 0xAA86, 0xCB08, 0xF3A9, 0xFC2B, 0xFC2B, 0xFC2B, 0xFC2B,
        0xFC2B, 0xFC2B, 0xFC2B, 0xFC2B, 0xAA86, 0xA266, 0xA266, 0xA266, 0xA266, 0xDB48, 0xA266, 0xA266,
        0xA266, 0xA266, 0xA266, 0xA266, 0xA266, 0xA266, 0xA266, 0xA266, 0xA266, 0xA266, 0xA266, 0xA266,
        0xA266, 0xA266, 0xC308, 0xC308, 0xC308, 0xC308, 0xC308, 0xC308, 0xC308, 0xC308, 0xC308, 0xC308,
        0xC308, 0xC308, 0xC308, 0xC308, 0xC308, 0xC308, 0xC308, 0xFC2B, 0xFC2B, 0xFC2B, 0xFC2B, 0xFC2B,
        0xFC2B, 0xFC2B, 0xFC2B, 0xFC2B, 0xFC2B, 0xFC2B, 0xFC2B, 0xDB48, 0xA266, 0xAA86, 0xAA86, 0xAAA7,
        0xCB08, 0xFC2B, 0xFC2B, 0xFC2B, 0xFC2B, 0xFC2B, 0xFC2B, 0xFC2B, 0xAAA7, 0xA266, 0xA286, 0xB2A7,
        0xAA87, 0xA266, 0xA266, 0xA266, 0xA266, 0xA266, 0xA266, 0xA266, 0xA266, 0xA266, 0xAA86, 0xA266,
        0xA266, 0xA266, 0xA266, 0xA266, 0xA266, 0xA266, 0xC2E7, 0xC308, 0xC308, 0xC308, 0xC308, 0xC308,
        0xC308, 0xC308, 0xC308, 0xC308, 0xC308, 0xC308, 0xC308, 0xC308, 0xC308, 0xC308, 0xC308, 0xA266,
        0xB2C7, 0xFC0A, 0xFC2B, 0xFC2B, 0xFC2B, 0xFC2B, 0xFC2B, 0xFC2B, 0xFC2B, 0xFC2B, 0xFC2B, 0xE369,
        0xB2C7, 0xD328, 0xEBA9, 0xEBA9, 0xFBCA, 0xFC2B, 0xFC2B, 0xFC2B, 0xFC2B, 0xFC2B, 0xFC2B, 0xFC2B,
        0xE369, 0xA286, 0xAAA7, 0xAAA7, 0xA266, 0xA266, 0xA266, 0xA266, 0xA266, 0xA266, 0xA286, 0xA266,
        0xAA86, 0xCB08, 0xBAE7, 0xA266, 0xA266, 0xA266, 0xA266, 0xA266, 0xA266, 0xA266, 0xA266, 0xA266,
        0xA266, 0xA266, 0xC308, 0xC308, 0xC308, 0xC308, 0xC308, 0xC308, 0xC308, 0xC308, 0xC308, 0xC308,
        0xC308, 0xC308, 0xC308, 0xC308, 0xC308, 0xC308, 0xC308, 0xE389, 0xFC2B, 0xFC2B, 0xFC2B, 0xFC2B,
        0xFC2B, 0xFC2B, 0xFC2B, 0xFC2B, 0xEB89, 0xCB08, 0xDB48, 0xFC2B, 0xFC2B, 0xFC2B, 0xFC2B, 0xFC2B,
        0xFC2B, 0xFC2B, 0xFC2B, 0xFC2B, 0xF3AA, 0xCB28, 0xBAE7, 0xA266, 0xA266, 0xA266, 0xA266, 0xD328,
        0xDB69, 0xB2A7, 0xA266, 0xA266, 0xA286, 0xA266, 0xA266, 0xA266, 0xA266, 0xA266, 0xA266, 0xA266,
        0xA266, 0xA266, 0xA266, 0xA266, 0xA266, 0xA266, 0xA266, 0xC308, 0xC308, 0xC308, 0xC308, 0xC308,
        0xC308, 0xC308, 0xC308, 0xC308, 0xC308, 0xC308, 0xC308, 0xC308, 0xC308, 0xC308, 0xC308, 0xC308,
        0xC308, 0xFC0A, 0xFC2B, 0xFC2B, 0xFC2B, 0xFC2B, 0xFC2B, 0xFC2B, 0xFC0B, 0xD348, 0xDB48, 0xE369,
        0xFC2B, 0xFC2B, 0xFC2B, 0xFC2B, 0xFC2B, 0xFC2B, 0xFC2B, 0xFC2B, 0xFC0B, 0xEB89, 0xD348, 0xCB08,
        0xA266, 0xA266, 0xA266, 0xC308, 0xB2A7, 0xBAC7, 0xCB28, 0xF3A9, 0xDB69, 0xC308, 0xFC0A, 0xFC2B,
        0xC2E7, 0xB2C7, 0xA266, 0xA266, 0xA266, 0xA266, 0xA266, 0xAA86, 0xB2A7, 0xA266, 0xA266, 0xA266,
        0xA266, 0xC308, 0xC308, 0xC308, 0xC308, 0xC308, 0xC308, 0xC308, 0xC308, 0xC308, 0xC308, 0xC308,
        0xC308, 0xC308, 0xC308, 0xC308, 0xC308, 0xC308, 0xA266, 0xCB08, 0xFC2B, 0xFC2B, 0xFC2B, 0xFC2B,
        0xFC2B, 0xFC2B, 0xFC0A, 0xFC2B, 0xFC2B, 0xFC2B, 0xFC2B, 0xFC2B, 0xFC2B, 0xFC2B, 0xFC2B, 0xFC2B,
        0xFC2B, 0xFC0A, 0xFBEA, 0xF3A9, 0xD348, 0xF3A9, 0xFC0A, 0xBAE7, 0xD328, 0xFBEA, 0xEB89, 0xE369,
        0xE369, 0xDB49, 0xDB48, 0xDB48, 0xDB48, 0xFBCA, 0xFC2B, 0xF3A9, 0xC2E7, 0xA266, 0xA266, 0xA266,
        0xA266, 0xA266, 0xA266, 0xA266, 0xA266, 0xA266, 0xC308, 0xC308, 0xC308, 0xC308, 0xC308, 0xC308,
        0xC308, 0xC308, 0xC308, 0xC308, 0xC308, 0xC308, 0xC308, 0xC308, 0xC308, 0xC308, 0xC308, 0xC308,
        0xA286, 0xFBEA, 0xFC2B, 0xFC2B, 0xFC2B, 0xFC2B, 0xFBCA, 0xFC2B, 0xFC2B, 0xFC2B, 0xFC2B, 0xFC2B,
        0xFC2B, 0xFC2B, 0xFC2B, 0xFC2B, 0xCB08, 0xCB08, 0xCB08, 0xBAE7, 0xCB08, 0xFBCA, 0xD328, 0xAA86,
        0xAA86, 0xAAA7, 0xA286, 0xBAC7, 0xBAC7, 0xEBA9, 0xFC2B, 0xFC2B, 0xF3A9, 0xD328, 0xC2E8, 0xD348,
        0xFBCA, 0xDB48, 0xBAC7, 0xBAC7, 0xEB89, 0xF3A9, 0xA286, 0xA266, 0xA266, 0xA266, 0xA266, 0xA266,
        0xA266, 0xC308, 0xC308, 0xC308, 0xC308, 0xC308, 0xC308, 0xC308, 0xC308, 0xC308, 0xC308, 0xC308,
        0xC308, 0xC308, 0xC308, 0xC308, 0xC308, 0xC308, 0xB2A7, 0xFC0A, 0xFC2B, 0xFC2B, 0xFC2B, 0xFC2B,
        0xFC2B, 0xFC2B, 0xFC2B, 0xFC2B, 0xFC2B, 0xFC2B, 0xFC2B, 0xFC2B, 0xAA86, 0xB2A7, 0xA266, 0xA266,
        0xA266, 0xBAE7, 0xB2A7, 0xA266, 0xA266, 0xAA86, 0xA286, 0xCB28, 0xEB89, 0xFC0A, 0xFC2B, 0xFC2B,
        0xFC2B, 0xFC0A, 0xFBCA, 0xFBCA, 0xFBCA, 0xFBCA, 0xCB08, 0xCB28, 0xE369, 0xB2A7, 0xA266, 0xA266,
        0xA266, 0xA266, 0xA266, 0xA266, 0xA266, 0xA266, 0xC308, 0xC308, 0xC308, 0xC308, 0xC308, 0xC308,
        0xC308, 0xC308, 0xC308, 0xC308, 0xC308, 0xC308, 0xC308, 0xC308, 0xC308, 0xC308, 0xC308, 0xA266,
        0xDB48, 0xFC2B, 0xFC2B, 0xFC2B, 0xFC2B, 0xFC2B, 0xFC2B, 0xFC2B, 0xFC2B, 0xFC2B, 0xFC2B, 0xFC2B,
        0xA266, 0xA266, 0xA266, 0xA266, 0xA266, 0xA266, 0xA266, 0xAAA7, 0xB2C7, 0xA266, 0xA266, 0xBAE7,
        0xDB48, 0xFC0A, 0xFC2B, 0xF3A9, 0xE369, 0xDB48, 0xD328, 0xD328, 0xCB28, 0xEB89, 0xDB48, 0xCB08,
        0xFC2B, 0xDB48, 0xA266, 0xA266, 0xA266, 0xAA87, 0xFC2B, 0xFC2B, 0xFC2B, 0xCB08, 0xA266, 0xC308,
        0xC308, 0xC308, 0xC308, 0xC308, 0xC308, 0xC308, 0xC308, 0xC308, 0xC308, 0xC308, 0xC308, 0xC308,
        0xC308, 0xC308, 0xC308, 0xC308, 0xA266, 0xF3A9, 0xFC2B, 0xFC2B, 0xFC2B, 0xFC2B, 0xFC2B, 0xFC2B,
        0xFC2B, 0xFC2B, 0xFC2B, 0xFC2B, 0xB2A7, 0xB2A7, 0xAA87, 0xA286, 0xA266, 0xC308, 0xAAA7, 0xAA86,
        0xAA87, 0xA266, 0xA266, 0xA266, 0xE369, 0xFC2B, 0xFBCA, 0xEB89, 0xC308, 0xBAE7, 0xBAC7, 0xB2C7,
        0xAA86, 0xB2A7, 0xBAC7, 0xC2E7, 0xFBEA, 0xFBCA, 0xBAC7, 0xAAA7, 0xAAA7, 0xA266, 0xA266, 0xB2A7,
        0xD328, 0xBAC7, 0xA266, 0xA266, 0xC308, 0xC308, 0xC308, 0xC308, 0xC308, 0xC308, 0xC308, 0xC308,
        0xC308, 0xC308, 0xC308, 0xC308, 0xC308, 0xC308, 0xC308, 0xC308, 0xC308, 0xC308, 0xC308, 0xFC2B,
        0xFC2B, 0xFC2B, 0xFC2B, 0xFC2B, 0xFC2B, 0xFC2B, 0xFC2B, 0xFC2B, 0xA266, 0xA266, 0xA266, 0xAA87,
        0xB2A7, 0xD328, 0xA266, 0xA266, 0xA266, 0xA266, 0xA266, 0xA266, 0xAA86, 0xBAC7, 0xB2C7, 0xC2E7,
        0xD348, 0xAA86, 0xB2C7, 0xDB48, 0xDB48, 0xFBEA, 0xF3A9, 0xD328, 0xFC2B, 0xFC2B, 0xFC2B, 0xB2A7,
        0xC2E7, 0xC2E7, 0xA266, 0xAAA7, 0xAA86, 0xA266, 0xA266, 0xA266, 0xA266, 0xA266, 0xC308, 0xC308,
        0xC308, 0xC308, 0xC308, 0xC308, 0xC308, 0xC308, 0xC308, 0xC308, 0xC308, 0xC308, 0xC308, 0xC308,
        0xC308, 0xC308, 0xC308, 0xC308, 0xC308, 0xDB48, 0xFC2B, 0xFC2B, 0xFC2B, 0xFC2B, 0xFC2B, 0xFC2B,
        0xC2E7, 0xB2A7, 0xB2A7, 0xD348, 0xEB89, 0xB2A7, 0xA266, 0xA266, 0xA266, 0xA266, 0xA266, 0xA266,
        0xA266, 0xA266, 0xCB08, 0xCB28, 0xB2C7, 0xB2A7, 0xEB89, 0xFC2B, 0xFC2B, 0xFC2B, 0xFC2B, 0xFBCA,
        0xFBEA, 0xFBEA, 0xFC2B, 0xF3A9, 0xFC2B, 0xFC2B, 0xFC2B, 0xE389, 0xDB48, 0xBAC7, 0xA266, 0xA266,
        0xA266, 0xA266, 0xA266, 0xA266, 0xC308, 0xC308, 0xC308, 0xC308, 0xC308, 0xC308, 0xC308, 0xC308,
        0xC308, 0xC308, 0xC308, 0xC308, 0xC308, 0xC308, 0xC308, 0xC308, 0xC308, 0xC308, 0xC308, 0xC308,
        0xFC2B, 0xFC2B, 0xFC2B, 0xFC2B, 0xDB49, 0xCB28, 0xAAA7, 0xA286, 0xAAA7, 0xB2A7, 0xAAA7, 0xA266,
        0xA266, 0xAAA7, 0xBAC7, 0xB2A7, 0xAAA7, 0xAAA7, 0xCB08, 0xE369, 0xD328, 0xB2C7, 0xBAE7, 0xEB89,
        0xFBEA, 0xFBCA, 0xFBCA, 0xDB48, 0xD348, 0xFBCA, 0xEB89, 0xFBEA, 0xFC2B, 0xFC2B, 0xFC2B, 0xFC2B,
        0xFC2B, 0xFC2B, 0xFC2B, 0xFBEA, 0xBAE7, 0xBAC7, 0xA266, 0xA266, 0xA266, 0xA266, 0xC308, 0xC308,
        0xC308, 0xC308, 0xC308, 0xC308, 0xC308, 0xC308, 0xC308, 0xC308, 0xC308, 0xC308, 0xC308, 0xC308,
        0xC308, 0xC308, 0xC308, 0xC308, 0xC308, 0xC308, 0xC308, 0xC308, 0xF3A9, 0xC2E8, 0xA286, 0xA286,
        0xAAA7, 0xB2C7, 0xE369, 0xD328, 0xAAA7, 0xAA86, 0xA286, 0xA266, 0xA266, 0xA266, 0xA266, 0xAA86,
        0xBAE7, 0xC308, 0xF3AA, 0xFC2B, 0xF3A9, 0xC2E7, 0xC308, 0xBAC7, 0xB2A7, 0xB2A7, 0xA266, 0xFBCA,
        0xFC2B, 0xFC2B, 0xFC2B, 0xFC2B, 0xDB49, 0xD328, 0xF3A9, 0xFBCA, 0xFC0A, 0xEB89, 0xA266, 0xA266,
        0xA266, 0xA266, 0xA266, 0xA266, 0xA266, 0xC308, 0xC308, 0xC308, 0xC308, 0xC308, 0xC308, 0xC308,
        0xC308, 0xC308, 0xC308, 0xC308, 0xC308, 0xC308, 0xC308, 0xC308, 0xC308, 0xC308, 0xC308, 0xC308,
        0xCB08, 0xE369, 0xCB28, 0xDB69, 0xEB89, 0xDB48, 0xD328, 0xC308, 0xB2A7, 0xA286, 0xA266, 0xAA87,
        0xAA87, 0xA266, 0xCB08, 0xCB08, 0xBAE7, 0xE369, 0xFC2B, 0xFC2B, 0xFC2B, 0xFBCA, 0xE389, 0xD348,
        0xC2E7, 0xBAC7, 0xBAC7, 0xF3A9, 0xFC0B, 0xFBEA, 0xEBA9, 0xC2E7, 0xB2A7, 0xBAC7, 0xC2E7, 0xDB69,
        0xEB89, 0xDB48, 0xA286, 0xA266, 0xA266, 0xA266, 0xA266, 0xA266, 0xA266, 0xA266, 0xC308, 0xC308,
        0xC308, 0xC308, 0xC308, 0xC308, 0xC308, 0xC308, 0xC308, 0xC308, 0xC308, 0xC308, 0xC308, 0xC308,
        0xC308, 0xC308, 0xC308, 0xC308, 0xDB48, 0xB2C7, 0xBAC7, 0xCB08, 0xC2E7, 0xBAC7, 0xC2E8, 0xAA86,
        0xA266, 0xA286, 0xBAC7, 0xA286, 0xA266, 0xA266, 0xA266, 0xB2A7, 0xB2A7, 0xA266, 0xA286, 0xFBEA,
        0xFC2B, 0xFC2B, 0xFC2B, 0xFC2B, 0xF3CA, 0xC308, 0xDB48, 0xFBEA, 0xFC2B, 0xFBCA, 0xC308, 0xCB08,
        0xE369, 0xFBCA, 0xFC2B, 0xFC2B, 0xFC0A, 0xC308, 0xBAE7, 0xC308, 0xBAC7, 0xA266, 0xA266, 0xA266,
        0xA266, 0xA266, 0xA266, 0xA266, 0xA266, 0xC308, 0xC308, 0xC308, 0xC308, 0xC308, 0xC308, 0xC308,
        0xC308, 0xC308, 0xC308, 0xC308, 0xC308, 0xC308, 0xC308, 0xC308, 0xC2E7, 0xE389, 0xFC2B, 0xFC2B,
        0xFC2B, 0xD328, 0xAAA7, 0xAAA7, 0xA266, 0xA266, 0xA286, 0xA266, 0xAA86, 0xB2A7, 0xAAA7, 0xDB48,
        0xE369, 0xD328, 0xC2E7, 0xEBA9, 0xFC2B, 0xFC2B, 0xFC2B, 0xFC2B, 0xF3A9, 0xE389, 0xFBEA, 0xFC2B,
        0xFBEA, 0xE369, 0xDB49, 0xFC2B, 0xFC2B, 0xFC2B, 0xFC2B, 0xFC2B, 0xFC2B, 0xFC0A, 0xC2E7, 0xCB28,
        0xDB48, 0xC2E7, 0xC308, 0xFBEA, 0xF3AA, 0xB2C7, 0xD328, 0xA266, 0xA266, 0xA266, 0xC308, 0xC308,
        0xC308, 0xC308, 0xC308, 0xC308, 0xC308, 0xC308, 0xC308, 0xC308, 0xC308, 0xC308, 0xC308, 0xC308,
        0xDB49, 0xE369, 0xFC0A, 0xFC2B, 0xFC2B, 0xEB89, 0xB2A7, 0xD328, 0xBAE7, 0xA266, 0xA286, 0xB2C7,
        0xCB08, 0xCB08, 0xB2A7, 0xBAC7, 0xF3CA, 0xFC0A, 0xEB89, 0xDB48, 0xCB08, 0xC308, 0xB2A7, 0xCB08,
        0xFC0A, 0xFC2B, 0xFBCA, 0xFC0A, 0xFC2B, 0xFC2B, 0xFC2B, 0xFC2B, 0xFC2B, 0xFC2B, 0xFC2B, 0xFC2B,
        0xFC2B, 0xFC2B, 0xFC0A, 0xCB08, 0xE369, 0xEB89, 0xEB89, 0xEB89, 0xB2A7, 0xA266, 0xA266, 0xA266,
        0xA266, 0xA266, 0xA266, 0xC308, 0xC308, 0xC308, 0xC308, 0xC308, 0xC308, 0xC308, 0xC308, 0xC308,
        0xC308, 0xC308, 0xC308, 0xC308, 0xC2E7, 0xA286, 0xA286, 0xCB08, 0xBAC7, 0xBAC7, 0xA286, 0xAA86,
        0xA266, 0xAAA7, 0xCB08, 0xCB28, 0xE369, 0xC2E7, 0xA266, 0xB2C7, 0xD348, 0xEBA9, 0xDB69, 0xEB89,
        0xDB48, 0xAAA7, 0xA266, 0xAA86, 0xFBCA, 0xFBCA, 0xD328, 0xD328, 0xFBEA, 0xFC2B, 0xFC2B, 0xFC2B,
        0xFC2B, 0xFC2B, 0xFC2B, 0xFC2B, 0xFC2B, 0xFC0B, 0xBAC7, 0xA286, 0xA266, 0xAA86, 0xB2A7, 0xA266,
        0xA266, 0xA266, 0xA266, 0xA266, 0xBAC7, 0xF3A9, 0xA266, 0xA266, 0xA266, 0xC308, 0xC308, 0xC308,
        0xC308, 0xC308, 0xC308, 0xC308, 0xC308, 0xC308, 0xC308, 0xC308, 0xAAA7, 0xA266, 0xB2A7, 0xD328,
        0xBAE7, 0xBAC7, 0xE389, 0xE369, 0xE369, 0xE369, 0xFC0A, 0xFC2B, 0xFC2B, 0xFBCA, 0xC308, 0xC2E8,
        0xA266, 0xA286, 0xB2C7, 0xC2E7, 0xD328, 0xCB08, 0xAAA7, 0xA266, 0xA266, 0xB2A7, 0xFC2B, 0xFC2B,
        0xFC2B, 0xFC2B, 0xFC2B, 0xFC2B, 0xFC2B, 0xFC2B, 0xFC2B, 0xFBEA, 0xDB49, 0xA266, 0xA266, 0xBAE7,
        0xA266, 0xA266, 0xA266, 0xA266, 0xA266, 0xA266, 0xA266, 0xA266, 0xB2A7, 0xFC2B, 0xFBCA, 0xA266,
        0xA266, 0xD328, 0xC308, 0xC308, 0xC308, 0xC308, 0xC308, 0xC308, 0xC308, 0xC308, 0xC308, 0xC308,
        0xDB48, 0xAA86, 0xBAE7, 0xE369, 0xC308, 0xD328, 0xDB48, 0xE369, 0xC2E7, 0xBAE7, 0xD328, 0xC2E7,
        0xAA86, 0xA266, 0xAA87, 0xD328, 0xAA86, 0xB2C7, 0xA266, 0xA266, 0xAAA7, 0xC308, 0xC308, 0xBAC7,
        0xAAA7, 0xAA86, 0xCB08, 0xFBCA, 0xDB69, 0xC2E7, 0xC2E8, 0xBAE7, 0xBAC7, 0xF3AA, 0xC308, 0xA266,
        0xB2A7, 0xA266, 0xA266, 0xA266, 0xA266, 0xA266, 0xA286, 0xCB08, 0xC2E7, 0xA266, 0xA266, 0xA266,
        0xA266, 0xBAE7, 0xFC0A, 0xE369, 0xBAE7, 0xBAE7, 0xA266, 0xA266, 0xC308, 0xC308, 0xC308, 0xC308,
        0xC308, 0xC308, 0xC308, 0xC308, 0xFBCA, 0xC2E8, 0xA286, 0xA266, 0xB2A7, 0xBAE7, 0xA266, 0xB2A7,
        0xBAE7, 0xD328, 0xCB28, 0xB2C7, 0xBAC7, 0xBAC7, 0xAAA7, 0xD328, 0xAAA7, 0xA266, 0xA266, 0xA266,
        0xA266, 0xA266, 0xA266, 0xA266, 0xA266, 0xB2A7, 0xEB89, 0xBAE7, 0xA266, 0xA266, 0xAAA7, 0xA266,
        0xA266, 0xA266, 0xA266, 0xA266, 0xA266, 0xA266, 0xA266, 0xA266, 0xAA87, 0xBAC7, 0xA266, 0xA266,
        0xA266, 0xA266, 0xA266, 0xA266, 0xA266, 0xA266, 0xA266, 0xA266, 0xA266, 0xA266, 0xA266, 0xBAC7,
        0xC308, 0xC308, 0xC308, 0xC308, 0xC308, 0xC308, 0xC308, 0xC308, 0xE369, 0xAAA7, 0xA266, 0xBAC7,
        0xE369, 0xE389, 0xF3A9, 0xEB89, 0xF3A9, 0xE369, 0xC308, 0xC308, 0xD348, 0xDB48, 0xC2E7, 0xBAE7,
        0xDB48, 0xB2C7, 0xA266, 0xAAA7, 0xBAE7, 0xA286, 0xB2A7, 0xAA86, 0xA266, 0xA286, 0xD328, 0xDB48,
        0xD328, 0xB2A7, 0xA266, 0xA266, 0xA266, 0xA266, 0xA266, 0xA266, 0xA266, 0xA266, 0xA266, 0xA266,
        0xB2C7, 0xC2E8, 0xB2A7, 0xA266, 0xA266, 0xA266, 0xA266, 0xA266, 0xA266, 0xA266, 0xA266, 0xA266,
        0xA266, 0xA266, 0xCB28, 0xFBCA, 0xC308, 0xC308, 0xC308, 0xC308, 0xC308, 0xC308, 0xC308, 0xC308,
        0xBAC7, 0xA266, 0xA266, 0xBAC7, 0xC2E8, 0xBAC7, 0xC308, 0xD348, 0xFBCA, 0xFBEA, 0xD328, 0xD328,
        0xBAC7, 0xB2C7, 0xDB48, 0xC308, 0xA266, 0xA266, 0xA266, 0xA266, 0xAA87, 0xA266, 0xA266, 0xA266,
        0xA266, 0xAA86, 0xB2A7, 0xD328, 0xBAE7, 0xA266, 0xA266, 0xA266, 0xA266, 0xA266, 0xA266, 0xA266,
        0xA266, 0xA266, 0xA266, 0xA266, 0xB2A7, 0xCB08, 0xB2A7, 0xA266, 0xA266, 0xA266, 0xA266, 0xA266,
        0xA266, 0xA266, 0xA266, 0xA266, 0xA266, 0xA266, 0xA266, 0xBAE7, 0xC308, 0xC308, 0xC308, 0xC308,
        0xC308, 0xC308, 0xC308, 0xC308, 0xA266, 0xB2A7, 0xBAC7, 0xA266, 0xA266, 0xA266, 0xA266, 0xBAC7,
        0xDB49, 0xE389, 0xC2E7, 0xC2E7, 0xEB89, 0xFC2B, 0xFC2B, 0xD348, 0xC308, 0xBAC7, 0xCB08, 0xCB28,
        0xC2E7, 0xA266, 0xA266, 0xAA86, 0xA286, 0xBAC7, 0xE389, 0xCB08, 0xA266, 0xA266, 0xA266, 0xA266,
        0xA266, 0xA266, 0xA266, 0xBAE7, 0xB2A7, 0xA266, 0xA266, 0xA266, 0xA266, 0xA266, 0xA266, 0xA266,
        0xA266, 0xA266, 0xA266, 0xA266, 0xA266, 0xA266, 0xBAE7, 0xC2E7, 0xA266, 0xA266, 0xA266, 0xC308,
        0xC308, 0xC308, 0xC308, 0xC308, 0xC308, 0xC308, 0xC308, 0xC308, 0xB2A7, 0xB2A7, 0xBAC7, 0xA266,
        0xB2C7, 0xA266, 0xA266, 0xAA86, 0xBAC7, 0xAA86, 0xA266, 0xC2E7, 0xFC2B, 0xFC2B, 0xFC0A, 0xDB48,
        0xFBEA, 0xFC0B, 0xE369, 0xDB48, 0xD348, 0xC2E7, 0xC2E7, 0xD348, 0xDB48, 0xE369, 0xF3A9, 0xF3A9,
        0xCB08, 0xAAA7, 0xB2C7, 0xBAC7, 0xCB28, 0xD328, 0xB2A7, 0xAA86, 0xAAA7, 0xA286, 0xA266, 0xA266,
        0xA266, 0xA266, 0xA266, 0xA266, 0xA266, 0xA266, 0xA266, 0xA266, 0xA266, 0xA266, 0xA266, 0xA266,
        0xA266, 0xA266, 0xC308, 0xC308, 0xC308, 0xC308, 0xC308, 0xC308, 0xC308, 0xC308, 0xC308, 0xC308,
        0xD328, 0xC308, 0xBAC7, 0xA286, 0xAAA7, 0xAAA7, 0xA266, 0xA266, 0xB2A7, 0xCB08, 0xEB89, 0xF3A9,
        0xFC2B, 0xFBEA, 0xDB48, 0xE389, 0xFC2B, 0xFC2B, 0xFC0A, 0xCB08, 0xC2E8, 0xAAA7, 0xBAC7, 0xCB08,
        0xAAA7, 0xCB08, 0xF3AA, 0xEB89, 0xFBEA, 0xFC2B, 0xFBEA, 0xD328, 0xB2A7, 0xB2C7, 0xCB08, 0xDB48,
        0xC2E7, 0xA266, 0xB2A7, 0xBAE7, 0xA266, 0xA266, 0xA266, 0xA266, 0xA286, 0xBAC7, 0xA266, 0xCB08,
        0xEBA9, 0xD328, 0xA266, 0xA266, 0xA266, 0xC308, 0xC308, 0xC308, 0xC308, 0xC308, 0xC308, 0xC308,
        0xC308, 0xC308, 0xC308, 0xC308, 0xFBCA, 0xDB48, 0xC308, 0xB2A7, 0xA266, 0xA266, 0xA266, 0xA266,
        0xA266, 0xCB08, 0xF3A9, 0xFBCA, 0xF3A9, 0xDB48, 0xDB48, 0xFBEA, 0xFC2B, 0xFC2B, 0xFC0B, 0xFC2B,
        0xFC2B, 0xE389, 0xC308, 0xC2E8, 0xA286, 0xAA86, 0xC308, 0xAA86, 0xDB48, 0xFBEA, 0xFC2B, 0xFBCA,
        0xD348, 0xC2E8, 0xAAA7, 0xDB48, 0xCB28, 0xB2C7, 0xA266, 0xA266, 0xA266, 0xA266, 0xA266, 0xA266,
        0xC2E8, 0xDB48, 0xBAE7, 0xC308, 0xA266, 0xA266, 0xC308, 0xC308, 0xC308, 0xC308, 0xC308, 0xC308,
        0xC308, 0xC308, 0xC308, 0xC308, 0xC308, 0xC308, 0xC308, 0xC308, 0xD348, 0xAA86, 0xA266, 0xA266,
        0xA266, 0xA266, 0xA266, 0xB2C7, 0xA266, 0xA266, 0xD328, 0xF3CA, 0xCB28, 0xB2A7, 0xBAC7, 0xE369,
        0xFBEA, 0xFBCA, 0xFC0A, 0xFC2B, 0xFC2B, 0xE369, 0xBAE7, 0xBAC7, 0xAA86, 0xA266, 0xB2C7, 0xD328,
        0xCB08, 0xA286, 0xC308, 0xE369, 0xE369, 0xE369, 0xD328, 0xB2A7, 0xA266, 0xA266, 0xA266, 0xA266,
        0xA266, 0xA266, 0xA266, 0xA266, 0xA266, 0xA266, 0xA266, 0xA266, 0xC308, 0xC308, 0xC308, 0xC308,
        0xC308, 0xC308, 0xC308, 0xC308, 0xC308, 0xC308, 0xC308, 0xC308, 0xC308, 0xC308, 0xC308, 0xC308,
        0xE369, 0xD348, 0xCB08, 0xAA86, 0xA266, 0xBAC7, 0xFBCA, 0xEB89, 0xD328, 0xB2C7, 0xAAA7, 0xBAE7,
        0xBAC7, 0xA266, 0xA266, 0xBAC7, 0xEB89, 0xFC2B, 0xFC2B, 0xFC2B, 0xFC2B, 0xEB89, 0xC2E7, 0xC2E7,
        0xA266, 0xA266, 0xBAE7, 0xFC2B, 0xFC2B, 0xDB69, 0xEB89, 0xF3AA, 0xD348, 0xBAC7, 0xA266, 0xA266,
        0xA266, 0xA286, 0xA266, 0xA266, 0xA266, 0xA266, 0xA266, 0xA266, 0xA266, 0xA266, 0xA266, 0xC308,
        0xC308, 0xC308, 0xC308, 0xC308, 0xC308, 0xC308, 0xC308, 0xC308, 0xC308, 0xC308, 0xC308, 0xC308,
        0xC308, 0xC308, 0xC308, 0xC308, 0xFC2B, 0xFC2B, 0xFC0A, 0xF3A9, 0xBAE7, 0xE369, 0xFC2B, 0xFBCA,
        0xB2A7, 0xC2E7, 0xCB08, 0xBAC7, 0xAAA7, 0xAAA7, 0xBAC7, 0xC2E7, 0xEB89, 0xFC2B, 0xFC2B, 0xFC2B,
        0xFC2B, 0xD348, 0xAA86, 0xB2A7, 0xA266, 0xAA86, 0xC2E7, 0xF3CA, 0xFBCA, 0xFBCA, 0xFBEA, 0xEB89,
        0xB2C7, 0xAAA7, 0xA266, 0xA266, 0xA266, 0xA266, 0xAAA7, 0xA266, 0xA266, 0xA266, 0xB2A7, 0xA266,
        0xA266, 0xA266, 0xA266, 0xC308, 0xC308, 0xC308, 0xC308, 0xC308, 0xC308, 0xC308, 0xC308, 0xC308,
        0xC308, 0xC308, 0xC308, 0xC308, 0xC308, 0xC308, 0xC308, 0xC308, 0xFC2B, 0xFC2B, 0xFC0A, 0xDB48,
        0xA286, 0xAAA7, 0xC2E7, 0xD328, 0xC2E7, 0xBAE7, 0xD348, 0xB2C7, 0xA266, 0xC2E8, 0xFBCA, 0xFBCA,
        0xF3A9, 0xFBEA, 0xFC2B, 0xE369, 0xB2C7, 0xAA86, 0xA266, 0xA266, 0xA266, 0xA266, 0xA286, 0xDB48,
        0xEB89, 0xFBCA, 0xFC0A, 0xCB28, 0xAA86, 0xA266, 0xA266, 0xA266, 0xA266, 0xA266, 0xA266, 0xA266,
        0xA266, 0xB2A7, 0xDB48, 0xF3A9, 0xA266, 0xA266, 0xC308, 0xC308, 0xC308, 0xC308, 0xC308, 0xC308,
        0xC308, 0xC308, 0xC308, 0xC308, 0xC308, 0xC308, 0xC308, 0xC308, 0xC308, 0xC308, 0xA266, 0xB2A7,
        0xFBEA, 0xEBA9, 0xD328, 0xAA87, 0xAA87, 0xAAA7, 0xA266, 0xA266, 0xAAA7, 0xC2E8, 0xB2C7, 0xA286,
        0xA266, 0xC2E7, 0xEB89, 0xFBCA, 0xCB28, 0xDB48, 0xCB08, 0xA266, 0xA266, 0xA266, 0xA266, 0xA266,
        0xA266, 0xA286, 0xBAC7, 0xDB49, 0xDB48, 0xD328, 0xDB48, 0xDB48, 0xBAC7, 0xA266, 0xA266, 0xA266,
        0xA266, 0xA266, 0xA266, 0xAAA7, 0xBAE7, 0xA266, 0xA266, 0xA266, 0xC308, 0xC308, 0xC308, 0xC308,
        0xC308, 0xC308, 0xC308, 0xC308, 0xC308, 0xC308, 0xC308, 0xC308, 0xC308, 0xC308, 0xC308, 0xC308,
        0xC308, 0xCB28, 0xF3A9, 0xF3A9, 0xCB08, 0xB2A7, 0xA266, 0xA266, 0xAA86, 0xA266, 0xA286, 0xB2A7,
        0xC2E7, 0xB2C7, 0xA266, 0xA266, 0xA266, 0xA266, 0xA266, 0xA286, 0xB2C7, 0xBAC7, 0xAAA7, 0xA266,
        0xA266, 0xA266, 0xA266, 0xA266, 0xA286, 0xAA86, 0xE369, 0xF3A9, 0xC308, 0xBAC7, 0xCB08, 0xD328,
        0xB2C7, 0xA266, 0xA266, 0xA266, 0xA266, 0xA266, 0xA266, 0xA266, 0xA266, 0xA266, 0xA266, 0xC308,
        0xC308, 0xC308, 0xC308, 0xC308, 0xC308, 0xC308, 0xC308, 0xC308, 0xC308, 0xC308, 0xC308, 0xC308,
        0xC308, 0xC308, 0xC308, 0xC308, 0xFBEA, 0xDB48, 0xF3A9, 0xFC2B, 0xD348, 0xC2E7, 0xA286, 0xA266,
        0xA266, 0xA266, 0xA266, 0xA266, 0xA266, 0xA266, 0xA266, 0xA266, 0xA266, 0xAA86, 0xA266, 0xA266,
        0xA266, 0xA266, 0xA266, 0xAA87, 0xC308, 0xA286, 0xA266, 0xA266, 0xA266, 0xCB08, 0xE369, 0xB2A7,
        0xA286, 0xB2A7, 0xAA86, 0xA266, 0xB2C7, 0xA266, 0xA266, 0xA266, 0xA286, 0xA266, 0xA266, 0xA266,
        0xA266, 0xA266, 0xC308, 0xC308, 0xC308, 0xC308, 0xC308, 0xC308, 0xC308, 0xC308, 0xC308, 0xC308,
        0xC308, 0xC308, 0xC308, 0xC308, 0xC308, 0xC308, 0xC308, 0xB2C7, 0xEB89, 0xF3A9, 0xFBEA, 0xFC2B,
        0xF3A9, 0xBAE7, 0xA266, 0xA266, 0xA266, 0xA266, 0xA266, 0xA266, 0xA266, 0xA266, 0xA266, 0xA266,
        0xA266, 0xC308, 0xBAC7, 0xB2C7, 0xBAC7, 0xA266, 0xA266, 0xAAA7, 0xB2A7, 0xA266, 0xA266, 0xA266,
        0xAA86, 0xE369, 0xCB08, 0xC2E7, 0xEB89, 0xEB89, 0xBAC7, 0xA266, 0xAA86, 0xA266, 0xA266, 0xA266,
        0xB2C7, 0xB2A7, 0xA266, 0xA266, 0xA266, 0xC308, 0xC308, 0xC308, 0xC308, 0xC308, 0xC308, 0xC308,
        0xC308, 0xC308, 0xC308, 0xC308, 0xC308, 0xC308, 0xC308, 0xC308, 0xC308, 0xC308, 0xA266, 0xEB89,
        0xFC2B, 0xFC2B, 0xFC2B, 0xFC2B, 0xEB89, 0xBAC7, 0xA266, 0xA286, 0xB2A7, 0xA266, 0xA286, 0xA266,
        0xA266, 0xA266, 0xA266, 0xA266, 0xA266, 0xA266, 0xA266, 0xA266, 0xAA86, 0xA266, 0xA266, 0xA266,
        0xA266, 0xA266, 0xA266, 0xC308, 0xDB48, 0xDB48, 0xCB08, 0xE369, 0xF3AA, 0xDB69, 0xCB28, 0xDB49,
        0xD328, 0xCB28, 0xBAE7, 0xA286, 0xA266, 0xA266, 0xA266, 0xC308, 0xC308, 0xC308, 0xC308, 0xC308,
        0xC308, 0xC308, 0xC308, 0xC308, 0xC308, 0xC308, 0xC308, 0xC308, 0xC308, 0xC308, 0xC308, 0xC308,
        0xC308, 0xC308, 0xB2C7, 0xFC2B, 0xFC2B, 0xFC2B, 0xFC2B, 0xFC2B, 0xC308, 0xB2C7, 0xA266, 0xD328,
        0xCB08, 0xB2A7, 0xC2E7, 0xAAA7, 0xAA86, 0xB2C7, 0xA266, 0xA266, 0xA286, 0xA266, 0xA266, 0xA266,
        0xA266, 0xA266, 0xAAA7, 0xBAC7, 0xAA86, 0xB2C7, 0xE369, 0xF3A9, 0xFC0A, 0xFC2B, 0xFBCA, 0xEBA9,
        0xD328, 0xD328, 0xDB48, 0xC308, 0xD328, 0xD328, 0xB2A7, 0xA266, 0xA266, 0xA266, 0xC308, 0xC308,
        0xC308, 0xC308, 0xC308, 0xC308, 0xC308, 0xC308, 0xC308, 0xC308, 0xC308, 0xC308, 0xC308, 0xC308,
        0xC308, 0xC308, 0xC308, 0xC308, 0xC308, 0xD328, 0xFC0A, 0xFC2B, 0xFC2B, 0xFC2B, 0xFC2B, 0xFC2B,
        0xA286, 0xCB08, 0xDB48, 0xE389, 0xCB28, 0xEB89, 0xFC2B, 0xC2E7, 0xA266, 0xBAE7, 0xBAC7, 0xA266,
        0xB2A7, 0xA266, 0xA266, 0xA266, 0xA286, 0xAA86, 0xC308, 0xB2C7, 0xC2E7, 0xFC2B, 0xFC2B, 0xFBEA,
        0xFBEA, 0xF3A9, 0xFBCA, 0xF3A9, 0xE369, 0xCB28, 0xC2E7, 0xBAC7, 0xA266, 0xA266, 0xA266, 0xA266,
        0xA266, 0xC308, 0xC308, 0xC308, 0xC308, 0xC308, 0xC308, 0xC308, 0xC308, 0xC308, 0xC308, 0xC308,
        0xC308, 0xC308, 0xC308, 0xC308, 0xC308, 0xC308, 0xC308, 0xA266, 0xD328, 0xFC2B, 0xFC2B, 0xFC2B,
        0xFC2B, 0xFC2B, 0xFC2B, 0xFC2B, 0xBAE7, 0xB2A7, 0xB2C7, 0xAAA7, 0xAAA7, 0xC2E7, 0xB2C7, 0xA266,
        0xA266, 0xAAA7, 0xAA86, 0xA266, 0xA266, 0xA266, 0xB2A7, 0xAAA7, 0xBAC7, 0xEB89, 0xF3CA, 0xFBEA,
        0xFBCA, 0xFBEA, 0xEBA9, 0xF3A9, 0xFC2B, 0xFBEA, 0xF3A9, 0xDB48, 0xDB48, 0xE369, 0xDB49, 0xA286,
        0xA266, 0xA266, 0xA266, 0xC308, 0xC308, 0xC308, 0xC308, 0xC308, 0xC308, 0xC308, 0xC308, 0xC308,
        0xC308, 0xC308, 0xC308, 0xC308, 0xC308, 0xC308, 0xC308, 0xC308, 0xC308, 0xC308, 0xD328, 0xE369,
        0xFC2B, 0xFC2B, 0xFC2B, 0xFC2B, 0xFC2B, 0xFC2B, 0xFC2B, 0xFC2B, 0xE369, 0xC2E7, 0xA266, 0xA266,
        0xA266, 0xA266, 0xA266, 0xA266, 0xAA87, 0xB2A7, 0xA266, 0xA266, 0xA266, 0xB2C7, 0xDB49, 0xE389,
        0xFC0A, 0xFC2B, 0xFC2B, 0xFC2B, 0xFC2B, 0xFC0A, 0xF3AA, 0xFBCA, 0xFC2B, 0xFBEA, 0xDB48, 0xB2C7,
        0xA266, 0xC2E7, 0xDB48, 0xA266, 0xA266, 0xC308, 0xC308, 0xC308, 0xC308, 0xC308, 0xC308, 0xC308,
        0xC308, 0xC308, 0xC308, 0xC308, 0xC308, 0xC308, 0xC308, 0xC308, 0xC308, 0xC308, 0xC308, 0xC308,
        0xC308, 0xFC2B, 0xFC2B, 0xFC2B, 0xFC2B, 0xFC2B, 0xFC2B, 0xFC2B, 0xFC2B, 0xFC2B, 0xFC2B, 0xFC2B,
        0xD348, 0xC2E7, 0xA266, 0xA266, 0xA266, 0xA266, 0xA266, 0xA266, 0xA266, 0xDB48, 0xC308, 0xB2C7,
        0xD328, 0xFBCA, 0xFC0A, 0xFC2B, 0xFC2B, 0xFC2B, 0xFC2B, 0xFC2B, 0xFC2B, 0xFC2B, 0xFC2B, 0xF3A9,
        0xDB49, 0xCB08, 0xA266, 0xA266, 0xA266, 0xA266, 0xA266, 0xA266, 0xC308, 0xC308, 0xC308, 0xC308,
        0xC308, 0xC308, 0xC308, 0xC308, 0xC308, 0xC308, 0xC308, 0xC308, 0xC308, 0xC308, 0xC308, 0xC308,
        0xC308, 0xC308, 0xC308, 0xFC2B, 0xFC2B, 0xFC2B, 0xFC2B, 0xFC2B, 0xFC2B, 0xFC2B, 0xFC2B, 0xFC2B,
        0xFC2B, 0xFC2B, 0xFC2B, 0xFC2B, 0xF3A9, 0xE369, 0xB2A7, 0xA266, 0xA266, 0xA266, 0xA266, 0xA266,
        0xA266, 0xA266, 0xB2A7, 0xB2C7, 0xCB28, 0xD348, 0xDB48, 0xE389, 0xF3A9, 0xE369, 0xE369, 0xDB48,
        0xDB48, 0xDB69, 0xD328, 0xBAC7, 0xA266, 0xA266, 0xA266, 0xA266, 0xA266, 0xA266, 0xA266, 0xC308,
        0xC308, 0xC308, 0xC308, 0xC308, 0xC308, 0xC308, 0xC308, 0xC308, 0xC308, 0xC308, 0xC308, 0xC308,
        0xC308, 0xC308, 0xC308, 0xC308, 0xC308, 0xC308, 0xC308, 0xFC2B, 0xFC2B, 0xFC2B, 0xFC2B, 0xFC2B,
        0xFC2B, 0xFC2B, 0xFC2B, 0xFC2B, 0xFC2B, 0xFC2B, 0xFC2B, 0xFC2B, 0xCB28, 0xB2A7, 0xA266, 0xA266,
        0xA266, 0xA266, 0xA266, 0xA266, 0xA266, 0xA266, 0xAA86, 0xAAA7, 0xC2E7, 0xCB08, 0xDB48, 0xEB89,
        0xEB89, 0xBAE7, 0xAA86, 0xB2A7, 0xDB48, 0xDB48, 0xD328, 0xBAC7, 0xA266, 0xA266, 0xA266, 0xA266,
        0xA266, 0xC308, 0xC308, 0xC308, 0xC308, 0xC308, 0xC308, 0xC308, 0xC308, 0xC308, 0xC308, 0xC308,
        0xC308, 0xC308, 0xC308, 0xC308, 0xC308, 0xC308, 0xC308, 0xC308, 0xFC0B, 0xFBEA, 0xFC2B, 0xFC2B,
        0xFC2B, 0xFC2B, 0xFC2B, 0xFC2B, 0xFC2B, 0xFC2B, 0xFC2B, 0xFC2B, 0xFC2B, 0xFC2B, 0xFC2B, 0xFC2B,
        0xEB89, 0xB2A7, 0xA266, 0xB2A7, 0xBAE7, 0xAAA7, 0xB2A7, 0xB2C7, 0xA266, 0xA266, 0xA266, 0xA266,
        0xA266, 0xBAC7, 0xCB08, 0xCB08, 0xEB89, 0xFC2B, 0xFC0A, 0xEB89, 0xD328, 0xA286, 0xA266, 0xA266,
        0xA266, 0xA266, 0xA266, 0xC308, 0xC308, 0xC308, 0xC308, 0xC308, 0xC308, 0xC308, 0xC308, 0xC308,
        0xC308, 0xC308, 0xC308, 0xC308, 0xC308, 0xC308, 0xC308, 0xC308, 0xC308, 0xC308, 0xC308, 0xFC2B,
        0xFC2B, 0xFC2B, 0xFC2B, 0xFC2B, 0xFC2B, 0xFC2B, 0xFC2B, 0xFC2B, 0xFC2B, 0xFC2B, 0xFC2B, 0xFC2B,
        0xFC2B, 0xFC2B, 0xFC2B, 0xFC2B, 0xDB48, 0xDB69, 0xEB89, 0xFC2B, 0xFC2B, 0xF3EA, 0xC308, 0xC308,
        0xC308, 0xC308, 0xC308, 0xC308, 0xC308, 0xC308, 0xC308, 0xC308, 0xC308, 0xC308, 0xC308, 0xC308,
        0xC308, 0xC308, 0xC308, 0xC308, 0xC308, 0xC308, 0xE389, 0xFC0B, 0xFC2B, 0xFC2B, 0xFC2B, 0xFC2B,
        0xAAA7, 0xAAA7, 0xE389, 0xFC2B, 0xFC2B, 0xFC2B, 0xFC2B, 0xE389, 0xC308, 0xC308, 0xC308, 0xC308,
        0xC308, 0xC308, 0xC308, 0xC308, 0xC308, 0xC308, 0xC308, 0xC308, 0xC308, 0xC308, 0xC308, 0xFC2B,
        0xFC2B, 0xFC2B, 0xFC2B, 0xFC2B, 0xFC2B, 0xFC2B, 0xFC2B, 0xFC2B, 0xC308, 0xE389, 0xFC2B, 0xFC2B,
        0xFC2B, 0xFC2B, 0xEBCA, 0xB2A7, 0xC308, 0xC308, 0xC308, 0xC308, 0xC308, 0xC308, 0xC308, 0xC308,
        0xC308, 0xC308, 0xC308, 0xC308, 0xC308, 0xC308, 0xC308, 0xE389, 0xFC2B, 0xFC2B, 0xFC2B, 0xFC2B,
        0xFC2B, 0xFC2B, 0xFC2B, 0xFC2B, 0xFC2B, 0xFC2B, 0xEBA9, 0xD348, 0xD348, 0xC2E7, 0xBAE7, 0xB2C7,
        0xC308, 0xC308, 0xC308, 0xC308, 0xC308, 0xC308, 0xC308, 0xC308, 0xC308, 0xC308, 0xC308, 0xC308,
        0xC308, 0xC308, 0xD348, 0xF3EA, 0xFC2B, 0xFC2B, 0xFC2B, 0xFC2B, 0xFC2B, 0xFC2B, 0xFC2B, 0xFC2B,
        0xEB89, 0xEBA9, 0xBAC7, 0xA266, 0xAA86, 0xA266, 0xA266, 0xB2C7, 0xC308, 0xC308, 0xC308, 0xC308,
        0xC308, 0xC308, 0xC308, 0xC308, 0xC308, 0xC308, 0xC308, 0xC308, 0xC308, 0xD348, 0xF3EA, 0xFC2B,
        0xFC2B, 0xFC2B, 0xFC2B, 0xFC2B, 0xFC2B, 0xFC2B, 0xFC2B, 0xFC2B, 0xAAA7, 0xB2A7, 0xB2A7, 0xA286,
        0xA286, 0xA286, 0xA266, 0xAA86, 0xC308, 0xC308, 0xC308, 0xC308, 0xC308, 0xC308, 0xC308, 0xBAE7,
        0xB2C7, 0xE389, 0xD348, 0xC308, 0xD348, 0xFC2B, 0xFC2B, 0xFC2B, 0xFC2B, 0xFC2B, 0xFC2B, 0xFC2B,
        0xFC2B, 0xFC2B, 0xFC2B, 0xFC2B, 0xA266, 0xA266, 0xAA86, 0xA286, 0xA266, 0xA266, 0xA266, 0xAA86,
        0xBAE7, 0xC308, 0xC308, 0xC308, 0xC308, 0xC308, 0xC308, 0xB2C7, 0xAA86, 0xEB89, 0xFC2B, 0xC308,
        0xD348, 0xFC2B, 0xFC2B, 0xFC2B, 0xFC2B, 0xFC2B, 0xFC2B, 0xFC2B, 0xFC2B, 0xFC2B, 0xFC2B, 0xFC2B,
        0xB2A7, 0xFC0A, 0xCB28, 0xA266, 0xA266, 0xA266, 0xA266, 0xA266, 0xB2C7, 0xC308, 0xC308, 0xC308,
        0xC308, 0xC308, 0xC308, 0xC308, 0xAA86, 0xC2E7, 0xF3EA, 0xFC2B, 0xC308, 0xE389, 0xFC2B, 0xFC2B,
        0xFC2B, 0xFC2B, 0xFC2B, 0xF3EA, 0xEBCA, 0xFC2B, 0xFC2B, 0xFC2B, 0xAA86, 0xB2A7, 0xDB69, 0xB2A7,
        0xA266, 0xA266, 0xA266, 0xA266, 0xA266, 0xBAE7, 0xC308, 0xC308, 0xC308, 0xC308, 0xC308, 0xC308,
        0xC308, 0xAAA7, 0xFBEA, 0xFC2B, 0xFC2B, 0xFC2B, 0xFC2B, 0xFC2B, 0xFC2B, 0xEBAA, 0xD328, 0xDB49,
        0xFBEA, 0xFC2B, 0xFC2B, 0xFC2B, 0xA266, 0xA266, 0xDB69, 0xAAA7, 0xA266, 0xA266, 0xA266, 0xA266,
        0xA266, 0xA266, 0xB2C7, 0xC308, 0xC308, 0xC308, 0xC308, 0xC308, 0xC308, 0xC308, 0xD348, 0xF3EA,
        0xFC2B, 0xFC2B, 0xFC2B, 0xFC2B, 0xFC2B, 0xEBA9, 0xAA86, 0xC308, 0xF3EA, 0xFC2B, 0xFC2B, 0xFC2B,
        0xB2C7, 0xAAA7, 0xA286, 0xA266, 0xA266, 0xA266, 0xAAA7, 0xAA87, 0xA266, 0xA266, 0xA266, 0xB2A7,
        0xB2C7, 0xC308, 0xC308, 0xC308, 0xC308, 0xC308, 0xC308, 0xBAE7, 0xD328, 0xEBAA, 0xFC2B, 0xFC2B,
        0xFC2B, 0xFC0A, 0xD328, 0xEBA9, 0xFC0B, 0xFC2B, 0xFC2B, 0xFC2B, 0xEBA9, 0xC2E7, 0xA266, 0xB2C7,
        0xC2E7, 0xC2E7, 0xBAC7, 0xD348, 0xAAA7, 0xA266, 0xA266, 0xA266, 0xA286, 0xAA86, 0xBAE7, 0xC308,
        0xC308, 0xC308, 0xC308, 0xC308, 0xC308, 0xC308, 0xD348, 0xDB69, 0xFC2B, 0xFC2B, 0xF3EA, 0xEBAA,
        0xFC2B, 0xFC2B, 0xFC2B, 0xFC2B, 0xE389, 0xDB69, 0xE369, 0xCB28, 0xCB08, 0xCB28, 0xDB48, 0xEBAA,
        0xE389, 0xE389, 0xCB28, 0xAAA7, 0xCB08, 0xA266, 0xA266, 0xB2C7, 0xBAE7, 0xC308, 0xC308, 0xC308,
        0xC308, 0xC308, 0xC308, 0xC308, 0xCB28, 0xEBCA, 0xFC2B, 0xFC0B, 0xFC2B, 0xFC2B, 0xFC2B, 0xFC2B,
        0xAA86, 0xA266, 0xAA86, 0xAA86, 0xAA86, 0xB2C7, 0xF3CA, 0xFC0A, 0xF3CA, 0xE389, 0xEB89, 0xD328,
        0xDB69, 0xA266, 0xA286, 0xD348, 0xC308, 0xBAE7, 0xC308, 0xC308, 0xC308, 0xC308, 0xC308, 0xC308,
        0xC308, 0xBAE7, 0xDB69, 0xFC2B, 0xFC2B, 0xFC2B, 0xFC2B, 0xFC2B, 0xAA86, 0xAA86, 0xBAC7, 0xA286,
        0xA286, 0xA266, 0xD348, 0xDB48, 0xC2E7, 0xC2E7, 0xCB28, 0xD328, 0xFC0A, 0xCB08, 0xB2C7, 0xAA86,
        0xB2C7, 0xA266, 0xB2C7, 0xC308, 0xC308, 0xC308, 0xC308, 0xC308, 0xC308, 0xC308, 0xC308, 0xD348,
        0xEBA9, 0xFC2B, 0xFC2B, 0xFC2B, 0xCB08, 0xB2C7, 0xC2E7, 0xA286, 0xA286, 0xAAA7, 0xAA86, 0xD328,
        0xBAE7, 0xE389, 0xFC0A, 0xF3CA, 0xF3AA, 0xF3CA, 0xFC2B, 0xFC0A, 0xE3A9, 0xD348, 0xAAA7, 0xA266,
        0xB2C7, 0xC308, 0xC308, 0xC308, 0xC308, 0xC308, 0xC308, 0xC308, 0xC308, 0xC308, 0xE389, 0xE389,
        0xDB48, 0xBAE7, 0xCB08, 0xD328, 0xAAA7, 0xA286, 0xA286, 0xBAC7, 0xCB08, 0xFC0A, 0xEBA9, 0xCB28,
        0xBAC7, 0xD328, 0xFC0B, 0xEBAA, 0xC308, 0xE369, 0xEBA9, 0xA266, 0xA266, 0xA266, 0xAA86, 0xC308,
        0xC308, 0xC308, 0xC308, 0xC308, 0xC308, 0xC308, 0xC308, 0xC308, 0xCB28, 0xE389, 0xD348, 0xB2A7,
        0xA286, 0xAA87, 0xA286, 0xBAC7, 0xC2E7, 0xD348, 0xFC2B, 0xFC2B, 0xE389, 0xF3EA, 0xFBEA, 0xDB69,
        0xF3EA, 0xFC2B, 0xF3CA, 0xC308, 0xBAE7, 0xC2E7, 0xBAC7, 0xAAA7, 0xAA86, 0xC308, 0xC308, 0xC308,
        0xC308, 0xC308, 0xC308, 0xC308, 0xCB08, 0xDB69, 0xDB69, 0xB2C7, 0xAAA7, 0xBAE7, 0xD328, 0xB2A7,
        0xEBA9, 0xE369, 0xC308, 0xB2A7, 0xFC0A, 0xEB89, 0xFC0B, 0xFC2B, 0xFC2B, 0xFC2B, 0xFC2B, 0xCB28,
        0xC308, 0xCB08, 0xA286, 0xA266, 0xBAC7, 0xAA86, 0xBAE7, 0xC308, 0xC308, 0xC308, 0xC308, 0xC308,
        0xB2C7, 0xCB08, 0xC2E8, 0xE369, 0xD328, 0xE3A9, 0xD348, 0xC2E7, 0xAA86, 0xAAA7, 0xC308, 0xB2A7,
        0xAA87, 0xF3CA, 0xEBA9, 0xE389, 0xEBAA, 0xDB69, 0xB2C7, 0xAA86, 0xA266, 0xAAA7, 0xAA86, 0xA266,
        0xC308, 0xDB69, 0xBAC7, 0xB2C7, 0xC308, 0xC308, 0xC308, 0xC308, 0xD328, 0xAA86, 0xCB28, 0xCB28,
        0xDB48, 0xC308, 0xCB08, 0xC2E7, 0xBAC7, 0xA286, 0xAA87, 0xAA86, 0xA286, 0xD348, 0xB2A7, 0xA286,
        0xA266, 0xA266, 0xA266, 0xA266, 0xBAC7, 0xA286, 0xA266, 0xA266, 0xA266, 0xA266, 0xA266, 0xCB08,
        0xC308, 0xC308, 0xC308, 0xC308, 0xAAA7, 0xAAA7, 0xB2A7, 0xBAE7, 0xEBA9, 0xCB08, 0xD348, 0xDB69,
        0xB2A7, 0xB2C7, 0xAAA7, 0xA266, 0xAA87, 0xCB28, 0xAA86, 0xA266, 0xA266, 0xAA86, 0xA286, 0xA266,
        0xAAA7, 0xA286, 0xA266, 0xA266, 0xA266, 0xB2A7, 0xA266, 0xB2A7, 0xC308, 0xC308, 0xC308, 0xC308,
        0xBAE7, 0xB2A7, 0xAAA7, 0xA266, 0xBAC7, 0xD328, 0xFC2B, 0xE389, 0xFC0B, 0xE389, 0xC2E7, 0xC308,
        0xCB28, 0xF3A9, 0xDB69, 0xD328, 0xC2E7, 0xC2E7, 0xAAA7, 0xAAA7, 0xA266, 0xA266, 0xAA86, 0xAAA7,
        0xC2E7, 0xA266, 0xAA86, 0xC308, 0xC308, 0xC308, 0xC308, 0xC308, 0xD348, 0xAAA7, 0xA266, 0xA286,
        0xAAA7, 0xF3A9, 0xD328, 0xDB69, 0xFC0A, 0xFC2B, 0xF3CA, 0xC2E7, 0xA286, 0xBAE7, 0xD328, 0xEBA9,
        0xDB48, 0xC2E7, 0xB2A7, 0xA266, 0xA266, 0xA266, 0xBAC7, 0xB2A7, 0xB2C7, 0xC308, 0xC308, 0xC308,
        0xC308, 0xC308, 0xC308, 0xC308, 0xEBCA, 0xDB49, 0xC2E7, 0xFBEA, 0xBAE7, 0xBAE7, 0xAAA7, 0xB2C7,
        0xF3EA, 0xFC2B, 0xF3CA, 0xBAC7, 0xA266, 0xDB69, 0xF3CA, 0xF3A9, 0xBAE7, 0xA266, 0xA266, 0xA286,
        0xA266, 0xA286, 0xA266, 0xB2C7, 0xC308, 0xC308, 0xC308, 0xC308, 0xC308, 0xC308, 0xC308, 0xC308,
        0xFBEA, 0xD348, 0xAAA7, 0xB2C7, 0xBAE7, 0xBAC7, 0xB2A7, 0xF3CA, 0xE389, 0xD348, 0xAA86, 0xA266,
        0xA266, 0xC308, 0xE369, 0xE369, 0xAA86, 0xA266, 0xA266, 0xA286, 0xAAA7, 0xC2E8, 0xB2C7, 0xC308,
        0xC308, 0xC308, 0xC308, 0xC308, 0xC308, 0xC308, 0xCB08, 0xCB28, 0xC308, 0xA266, 0xA266, 0xA286,
        0xAAA7, 0xA266, 0xA266, 0xA266, 0xAAA7, 0xA286, 0xAAA7, 0xA266, 0xAAA7, 0xDB48, 0xB2C7, 0xBAC7,
        0xAA87, 0xA266, 0xA266, 0xA266, 0xA266, 0xBAE7, 0xC308, 0xC308, 0xC308, 0xC308, 0xC308, 0xC308,
        0xC308, 0xC2E7, 0xEBA9, 0xFBEA, 0xD348, 0xA266, 0xA286, 0xA266, 0xA266, 0xA266, 0xAA87, 0xAAA7,
        0xAA86, 0xA286, 0xA286, 0xAA86, 0xD328, 0xD328, 0xEB89, 0xC2E7, 0xBAC7, 0xAA86, 0xAA87, 0xAA86,
        0xBAE7, 0xC308, 0xC308, 0xC308, 0xC308, 0xC308, 0xC308, 0xC308, 0xC308, 0xD348, 0xFC2B, 0xFC2B,
        0xBAC7, 0xCB28, 0xCB28, 0xCB28, 0xB2A7, 0xA286, 0xA286, 0xA266, 0xA286, 0xBAC7, 0xCB28, 0xF3CA,
        0xFBEA, 0xFBCA, 0xD348, 0xC308, 0xBAC7, 0xA286, 0xAA86, 0xC308, 0xC308, 0xC308, 0xC308, 0xC308,
        0xC308, 0xC308, 0xC308, 0xBAE7, 0xDB69, 0xFC2B, 0xFC2B, 0xFC2B, 0xC308, 0xAA86, 0xAAA7, 0xA286,
        0xAA87, 0xA286, 0xAA86, 0xCB08, 0xEBA9, 0xFC0A, 0xFC0A, 0xF3AA, 0xFC0A, 0xDB48, 0xCB08, 0xC2E7,
        0xAA86, 0xBAE7, 0xC308, 0xC308, 0xC308, 0xC308, 0xC308, 0xC308, 0xC308, 0xC308, 0xD348, 0xEBCA,
        0xFC2B, 0xFC2B, 0xFC2B, 0xFC2B, 0xDB48, 0xA286, 0xA266, 0xA266, 0xB2A7, 0xBAC7, 0xDB49, 0xF3CA,
        0xF3EA, 0xEBCA, 0xEBCA, 0xDB69, 0xBAC7, 0xA266, 0xA266, 0xAA86, 0xC308, 0xC308, 0xC308, 0xC308,
        0xC308, 0xC308, 0xC308, 0xC308, 0xC308, 0xE389, 0xFC2B, 0xFC2B, 0xFC2B, 0xFC2B, 0xFC2B, 0xFC2B,
        0xC308, 0xA286, 0xAA87, 0xAA87, 0xA266, 0xA286, 0xBAC7, 0xDB48, 0xE389, 0xD328, 0xCB08, 0xB2A7,
        0xA266, 0xAA86, 0xBAE7, 0xC308, 0xC308, 0xC308, 0xC308, 0xC308, 0xC308, 0xC308, 0xC308, 0xD348,
        0xFC0B, 0xFC2B, 0xFC2B, 0xFC2B, 0xFC2B, 0xFC2B, 0xFC2B, 0xFC2B, 0xC2E8, 0xF3EA, 0xFC0B, 0xDB69,
        0xC308, 0xC308, 0xC308, 0xC308, 0xC308, 0xC308, 0xC308, 0xD348, 0xE389, 0xFC0A, 0xFC2B, 0xFC2B,
        0xEBAA, 0xF3CA, 0xE3A9, 0xC308, 0xC308, 0xC308, 0xC308, 0xC308, 0xC308, 0xC308, 0xC308, 0xDB69,
        0xFC2B, 0xFC2B, 0xFC2B, 0xFC2B, 0xCB28, 0xAAA7, 0xA286, 0xAA86, 0xC308, 0xC308, 0xC308, 0xC307,
        0xCB28, 0xCB08, 0xDB69, 0xFC0B, 0xFC2B, 0xFC2B, 0xFC2B, 0xFC2B, 0xBAE7, 0xAAA7, 0xA266, 0xA266,
        0xC2E7, 0xC308, 0xC308, 0xC2E7, 0xBAE7, 0xEBCA, 0xE389, 0xFC2B, 0xFC2B, 0xFC0B, 0xFC0A, 0xFC2B,
        0xAA86, 0xC308, 0xA266, 0xA266, 0xAA86, 0xC2E7, 0xC308, 0xC308, 0xC2E7, 0xF3CA, 0xFC2B, 0xFC2B,
        0xF3EA, 0xC308, 0xFC0A, 0xFC2B, 0xC308, 0xA286, 0xB2A7, 0xBAC7, 0xA286, 0xA286, 0xB2A7, 0xC307,
        0xC308, 0xC307, 0xD348, 0xEBCA, 0xFC2B, 0xEBA9, 0xFC2B, 0xFC2B, 0xC308, 0xC2E7, 0xBAE7, 0xEBA9,
        0xEB89, 0xCB28, 0xBAC7, 0xB2C7, 0xC2E7, 0xC308, 0xC308, 0xC308, 0xCB28, 0xF3EA, 0xFC2B, 0xFC2B,
        0xB2A7, 0xB2A7, 0xA286, 0xCB08, 0xCB08, 0xE389, 0xEBA9, 0xD369, 0xC308, 0xB2A7, 0xC2E7, 0xC308,
        0xC308, 0xCB08, 0xDB69, 0xF3EA, 0xD328, 0xCB08, 0xAA86, 0xAAA7, 0xD348, 0xEBCA, 0xDB48, 0xF3CA,
        0xEBA9, 0xD328, 0xB2A7, 0xB2C7, 0xC2E7, 0xC308, 0xC308, 0xC308, 0xCB08, 0xCB28, 0xCB08, 0xC308,
        0xCB08, 0xBAE7, 0xE369, 0xF3EA, 0xF3CA, 0xCB28, 0xB2C7, 0xA286, 0xC2E8, 0xBAE7, 0xC308, 0xC308,
        0xB2C7, 0xC2E7, 0xD348, 0xCB28, 0xB2A7, 0xAA86, 0xBAE7, 0xAA86, 0xA266, 0xA266, 0xAAA7, 0xA266,
        0xA286, 0xAAA7, 0xC308, 0xC308, 0xBAE7, 0xA286, 0xCB08, 0xE389, 0xFBEA, 0xCB28, 0xCB08, 0xDB49,
        0xC308, 0xAA86, 0xA266, 0xB2A7, 0xBAC7, 0xC2E7, 0xC308, 0xC308, 0xE389, 0xC308, 0xBAE7, 0xC2E8,
        0xEBA9, 0xBAE7, 0xBAC7, 0xEBA9, 0xAA86, 0xA266, 0xAAA7, 0xB2C7, 0xC308, 0xC308, 0xC308, 0xCB08,
        0xBAC7, 0xA286, 0xA286, 0xA286, 0xAA86, 0xAA86, 0xCB08, 0xC308, 0xAAA7, 0xA286, 0xBAC7, 0xC308,
        0xC308, 0xC308, 0xCB08, 0xFBEA, 0xBAE7, 0xBAE7, 0xAA86, 0xAAA7, 0xD348, 0xEBA9, 0xF3CA, 0xCB08,
        0xB2A7, 0xC2E7, 0xC308, 0xC308, 0xC308, 0xD348, 0xF3EA, 0xFC2B, 0xBAC7, 0xA286, 0xAAA7, 0xDB48,
        0xE389, 0xD348, 0xAA86, 0xB2C7, 0xC308, 0xC308, 0xC308, 0xCB08, 0xEBA9, 0xFC2B, 0xFC2B, 0xFC2B,
        0xE389, 0xE389, 0xC308, 0xC308, 0xC308, 0xD328, 0xF3EA, 0xFC2B, 0xBAC7, 0xA286, 0xC308, 0xC308,
        0xD348, 0xEBCA, 0xFC2B, 0xFC2B, 0xB2C7, 0xAA86, 0xAAA7, 0xC2E7, 0xCB28, 0xEBCA, 0xEBA9, 0xFC2B,
        0xBAC7, 0xC308, 0xDB48, 0xCB28, 0xBAE7, 0xC308, 0xD348, 0xF3EA, 0xCB28, 0xBAC7, 0xD348, 0xE3A9,
        0xDB69, 0xB2A7, 0xC2E7, 0xC308, 0xB2C7, 0xD348, 0xCB08, 0xC2E7, 0xAAA7, 0xA286, 0xB2A7, 0xC308,
        0xC2E8, 0xB2A7, 0xBAE7, 0xCB28, 0xAA86, 0xBAC7, 0xC308, 0xD348, 0xB2C7, 0xB2C7, 0xDB69, 0xC308,
        0xC2E7, 0xCB08, 0xE389, 0xFC0B, 0xCB08, 0xC308, 0xD348, 0xFC0B, 0xBAC7, 0xC308, 0xD348, 0xEBCA,
        0xC308, 0xD328, 0xBAC7, 0xC2E7, 0xBAC7, 0xCB28, 0xBAC7, 0xDB89, 0xC308, 0xE389, 0xC308, 0xC308,
        0xCB28,
    },
    {
        0xF2F6, 0xF2F6, 0xF2F6, 0xF2F6, 0xF2F6, 0xF2F6, 0xF2F6, 0xF2F6, 0xF2F6, 0xF2F6, 0xF2F6, 0xF2F6,
        0xF2F6, 0xF2F6, 0xF2F6, 0xF2F6, 0xF2F6, 0xF2F6, 0xF2F6, 0xF2F6, 0xF2F6, 0xF2F6, 0xF2F6, 0xF2F6,
        0xF2F6, 0xF2F6, 0xF2F6, 0xF2F6, 0xF2F6, 0xF2F6, 0xF2F6, 0xF2F6, 0xF2F6, 0xF2F6, 0xF2F6, 0xF2F6,
        0xF2F6, 0xF2F6, 0xF2F6, 0xF2F6, 0xF2F6, 0xF2F6, 0xF2F6, 0xF2F6, 0xF2F6, 0xF2F6, 0xF2F6, 0xF2F6,
        0xF2F6, 0xF2F6, 0xF2F6, 0xF2F6, 0xF2F6, 0xF2F6, 0xF2F6, 0xF2F6, 0xF2F6, 0xF2F6, 0xF2F6, 0xF2F6,
        0xF2F6, 0xF2F6, 0xF2F6, 0xF2F6, 0x7DE8, 0x7DE8, 0x7DE8, 0x7DE8, 0x7DE8, 0x7DE8, 0x7DE8, 0x7DE8,
        0x7DE8, 0x7DE8, 0x7DE8, 0x9F8B, 0xF2F6, 0xF2F6, 0xF2F6, 0xF2F6, 0xFBBC, 0xFB7B, 0xFB9B, 0xFBBC,
        0xFB9C, 0xFB59, 0xFB9B, 0xFBBC, 0xFBBC, 0xFB9C, 0xFB9B, 0xFB7A, 0xFBBC, 0xFBBC, 0xFBBC, 0xFBBC,
        0xFB38, 0xFBBC, 0xFB59, 0xFB18, 0xFB18, 0xFB5A, 0xFB9B, 0xFB9B, 0xEAD6, 0xE2B5, 0xFB7A, 0xFBBC,
        0xFBBC, 0xFB7A, 0xFBBC, 0xFBBC, 0xFB59, 0xFB9B, 0xFBBC, 0xFB7A, 0xF2F6, 0xFB7A, 0xFBBC, 0xFB5A,
        0x7DE8, 0x6D67, 0x6D47, 0x7588, 0x5C66, 0x5C66, 0x5C66, 0x5C66, 0x7DE8, 0x7DE8, 0x7DE8, 0x7DE8,
        0x7DE8, 0x7DE8, 0x7DE8, 0x7DE8, 0x7DE8, 0x9F8B, 0x7DE8, 0x9F8B, 0x7DE8, 0xFBBC, 0xFBBC, 0xFBBC,
        0xFBBC, 0xFB38, 0xFB17, 0xFB9B, 0xFB17, 0xFB17, 0xFB39, 0xFB9B, 0xFB7A, 0xFB7A, 0xFB7B, 0xFB9B,
        0xFBBC, 0xFB7A, 0xFBBC, 0xFBBC, 0xFB7A, 0xFB18, 0xFB38, 0xFB9C, 0xFB5A, 0xFB17, 0xFB5A, 0xFB7A,
        0xF2F6, 0xFB59, 0xFBBC, 0xFBBC, 0xFBBC, 0xFBBC, 0xFBBC, 0xFBBC, 0xFBBC, 0xFBBC, 0xFB9B, 0xFB39,
        0xFBBC, 0xFBBC, 0xFBBC, 0xF2F6, 0xD293, 0x75C8, 0x7E29, 0x5C66, 0x5C66, 0x5C66, 0x64C6, 0x5C66,
        0x7DE8, 0x7DE8, 0x7DE8, 0x7DE8, 0x7DE8, 0x7DE8, 0x7DE8, 0x7DE8, 0x9F8B, 0x7DE8, 0x7DE8, 0x7DE8,
        0x7DE8, 0xFBBC, 0xFBBC, 0xFB9C, 0xFB59, 0xF2F6, 0xFB5A, 0xFB59, 0xFB17, 0xFB18, 0xFB18, 0xFB9B,
        0xFB9C, 0xFB7A, 0xFB59, 0xFBBC, 0xFB9B, 0xFBBC, 0xFBBC, 0xFBBC, 0xFB7B, 0xFAF7, 0xFB17, 0xFB38,
        0xFB38, 0xFAF7, 0xEAD6, 0xFAF7, 0xFBBC, 0xFBBC, 0xFBBC, 0xFBBC, 0xFBBC, 0xFBBC, 0xFBBC, 0xFBBC,
        0xFB7A, 0xFB59, 0xE2D5, 0xFB7A, 0xFBBC, 0xFBBC, 0xFB39, 0xCA72, 0xFB17, 0x8EEA, 0x5CA6, 0x5C66,
        0x5C66, 0x5C66, 0x6D47, 0x6507, 0x7DE8, 0x7DE8, 0x7DE8, 0x7DE8, 0x7DE8, 0x7DE8, 0x7DE8, 0x7DE8,
        0x9F8B, 0x9F8B, 0x9F8B, 0x7DE8, 0x9F8B, 0xFB9B, 0xFB7A, 0xF2F6, 0xEAD5, 0xFB18, 0xFB38, 0xFB59,
        0xFB38, 0xF2F6, 0xFB39, 0xFBBC, 0xFBBC, 0xFB9B, 0xFBBC, 0xFB9C, 0xFB5A, 0xFB9B, 0xFB9C, 0xFB38,
        0xF2F6, 0xDAB4, 0xFB39, 0xEAD6, 0xFB17, 0xFB17, 0xFB38, 0xFB59, 0xFBBC, 0xFBBC, 0xFBBC, 0xFB9C,
        0xFBBC, 0xFB9C, 0xFB9C, 0xFB59, 0xFB17, 0xFB59, 0xFBBC, 0xFBBC, 0xFB59, 0xEAD6, 0xC252, 0xD294,
        0xFB17, 0x5C66, 0x5C66, 0x5C66, 0x5C66, 0x5C66, 0x5C86, 0x5CA6, 0x7DE8, 0x7DE8, 0x7DE8, 0x7DE8,
        0x7DE8, 0x7DE8, 0x7DE8, 0x7DE8, 0x7DE8, 0x9F8B, 0x9F8B, 0x9F8B, 0x974A, 0xFB7A, 0xFB38, 0xFB39,
        0xF2F6, 0xFB18, 0xFB17, 0xF2F7, 0xEAD6, 0xE2B5, 0xFB38, 0xFBBC, 0xFB7A, 0xFB59, 0xFB9B, 0xFB39,
        0xFBBC, 0xFB9B, 0xFB5A, 0xFB38, 0xFB38, 0xFB17, 0xFB18, 0xFAF7, 0xFB38, 0xFAF7, 0xFB38, 0xFB9B,
        0xFBBC, 0xFBBC, 0xFB5A, 0xFB7A, 0xFBBC, 0xFBBC, 0xFB7A, 0xF2D6, 0xFB7A, 0xFBBC, 0xFBBC, 0xFB59,
        0xFAF7, 0xC272, 0xBA51, 0xFAF7, 0xBA51, 0x5C66, 0x5C66, 0x5CA6, 0x64C7, 0x64E7, 0x6507, 0x6D67,
        0x7DE8, 0x7DE8, 0x7DE8, 0x7DE8, 0x7DE8, 0x7DE8, 0x7DE8, 0x7DE8, 0x7DE8, 0x9F8B, 0x9F8B, 0x9F8B,
        0x86A9, 0xFB38, 0xFB39, 0xFB18, 0xF2F6, 0xF2F6, 0xE2D5, 0xE2B4, 0xE2D5, 0xFB7A, 0xFB38, 0xFB39,
        0xF2D6, 0xFB38, 0xFB7A, 0xFB9C, 0xFB7B, 0xFB39, 0xEAD6, 0xD294, 0xF2D6, 0xDAB4, 0xEAD6, 0xEAD6,
        0xEAD6, 0xFB18, 0xFB38, 0xFB5A, 0xFB7B, 0xFB38, 0xFB17, 0xEAD6, 0xFB7A, 0xFB9B, 0xFB59, 0xFB5A,
        0xFBBC, 0xFBBC, 0xFB7B, 0xE2B5, 0xB230, 0xB230, 0xB230, 0xC272, 0xB230, 0x5C66, 0x5C86, 0x64C7,
        0x6D27, 0x5C66, 0x5CA6, 0x64E7, 0x7DE8, 0x7DE8, 0x7DE8, 0x7DE8, 0x7DE8, 0x7DE8, 0x7DE8, 0x7DE8,
        0x9F8B, 0x9F8B, 0x9F8B, 0x9F8B, 0x976A, 0xFB7A, 0xFB17, 0xFB38, 0xFB38, 0xFB38, 0xE2B5, 0xF2F6,
        0xFB7A, 0xFB7A, 0xFB39, 0xFB17, 0xF2F7, 0xF2F6, 0xFB59, 0xEAD5, 0xFB17, 0xF2F6, 0xD294, 0xE2D5,
        0xF2F6, 0xFAF7, 0xF2F6, 0xEAD6, 0xE2B5, 0xF2F6, 0xFB7B, 0xFB38, 0xFB7A, 0xFB38, 0xF2F6, 0xFB59,
        0xFB59, 0xFB59, 0xFB7A, 0xFB9B, 0xFB9C, 0xFBBC, 0xF2D6, 0xB230, 0xB230, 0xC272, 0xB230, 0xB230,
        0xB230, 0x5C66, 0x5C66, 0x5C66, 0x5C66, 0x5C66, 0x5C66, 0x6507, 0x7DE8, 0x7DE8, 0x7DE8, 0x7DE8,
        0x7DE8, 0x7DE8, 0x7DE8, 0x7DE8, 0x9F8B, 0x9F8B, 0x9F8B, 0x9F8B, 0x9F8B, 0xFB9B, 0xFB7A, 0xFB7A,
        0xFB39, 0xFB17, 0xEAD5, 0xFB17, 0xFB9C, 0xEAD5, 0xD293, 0xD293, 0xDAB4, 0xCA73, 0xCA72, 0xFB17,
        0xEAD5, 0xDA94, 0xD294, 0xFAF7, 0xFB39, 0xFBBC, 0xFB59, 0xE2B5, 0xDAB4, 0xFB17, 0xFB17, 0xFB17,
        0xFB59, 0xEAD6, 0xF2F7, 0xFB38, 0xFB7A, 0xFB9C, 0xFB9B, 0xFB7B, 0xFB9B, 0xFBBC, 0xFB38, 0xB230,
        0xB230, 0xD293, 0xB230, 0xB230, 0xB230, 0x5C66, 0x5C66, 0x64E7, 0x5C66, 0x7DE8, 0x6D68, 0x64C7,
        0x7DE8, 0x7DE8, 0x7DE8, 0x7DE8, 0x7DE8, 0x7DE8, 0x7DE8, 0x9F8B, 0x9F8B, 0x9F8B, 0x9F8B, 0x9F8A,
        0xFBBC, 0xFBBC, 0xFBBC, 0xFB9C, 0xFBBC, 0xFB7A, 0xFB39, 0xFB9B, 0xFB59, 0xE2B5, 0xD294, 0xEAD5,
        0xEAD5, 0xBA51, 0xEAD5, 0xFB17, 0xD293, 0xDAB4, 0xE2D5, 0xE2B5, 0xEAD5, 0xFB38, 0xF2F6, 0xF2F6,
        0xFB38, 0xFB39, 0xF2D6, 0xFB18, 0xF2F6, 0xD293, 0xEAD5, 0xFB59, 0xFBBC, 0xFBBC, 0xFB59, 0xFB7B,
        0xFB59, 0xFB59, 0xFB59, 0xCA73, 0xB230, 0xB230, 0xB230, 0xB230, 0x5C66, 0x5C66, 0x5C66, 0x5C66,
        0x5C66, 0x5C66, 0x5C66, 0x5C66, 0x7DE8, 0x7DE8, 0x7DE8, 0x7DE8, 0x7DE8, 0x7DE8, 0x9F8B, 0x9F8B,
        0x9F8B, 0x9F8B, 0x9F8B, 0x9F8B, 0xFBBC, 0xFBBC, 0xFBBC, 0xFBBC, 0xFBBC, 0xFB18, 0xFB59, 0xFB9C,
        0xFB18, 0xB230, 0xDA94, 0xF2F6, 0xE2B5, 0xDAB4, 0xCA73, 0xDA94, 0xCA72, 0xCA72, 0xFB18, 0xE2B5,
        0xEAD6, 0xFB18, 0xFAF7, 0xFB18, 0xFB7A, 0xFB59, 0xFB59, 0xFB38, 0xFB17, 0xFB59, 0xF2F6, 0xFB7B,
        0xFB9B, 0xFBBC, 0xFAF7, 0xFB7B, 0xFB38, 0xDA94, 0xEAD5, 0xE2B5, 0xC252, 0xCA72, 0xB230, 0xB230,
        0x5C66, 0x5C66, 0x5C66, 0x5C66, 0x5C66, 0x5C66, 0x5C66, 0x5C66, 0x7DE8, 0x7DE8, 0x7DE8, 0x7DE8,
        0x7DE8, 0x7DE8, 0x9F8B, 0x9F8B, 0x9F8B, 0x9F8B, 0x9F8B, 0x9F8B, 0xFBBC, 0xFBBC, 0xFBBC, 0xFBBC,
        0xFBBC, 0xFB59, 0xFB9B, 0xFBBC, 0xFAF7, 0xBA51, 0xDAB4, 0xFB17, 0xEAD6, 0xD293, 0xCA73, 0xCA72,
        0xC251, 0xBA31, 0xF2F6, 0xDAB4, 0xDAB4, 0xF2F6, 0xEAD6, 0xFAF7, 0xFB59, 0xFB17, 0xFAF7, 0xDAB4,
        0xF2F6, 0xFB59, 0xFB18, 0xFB5A, 0xFB7A, 0xFB7A, 0xFB38, 0xFB9B, 0xFB17, 0xEAD5, 0xFB17, 0xF2F6,
        0xC252, 0xF2F6, 0xC252, 0xB230, 0x5C66, 0x5C66, 0x5CA6, 0x5C66, 0x6507, 0x6D07, 0x5C66, 0x5C66,
        0x7DE8, 0x7DE8, 0x7DE8, 0x7DE8, 0x7DE8, 0x9F8B, 0x9F8B, 0x9F8B, 0x9F8B, 0x9F8B, 0x9F8B, 0x9F8A,
        0xFBBC, 0xFB7A, 0xFB38, 0xFB9C, 0xFB9B, 0xFB7B, 0xFBBC, 0xFBBC, 0xFB38, 0xF2F6, 0xF2F6, 0xD294,
        0xCA72, 0xDA94, 0xE2B4, 0xD293, 0xE2B4, 0xDAB4, 0xFAF7, 0xC272, 0xEAD5, 0xF2F6, 0xEAD5, 0xEAD6,
        0xFB7A, 0xFB38, 0xFAF7, 0xFB18, 0xFB9B, 0xFB7B, 0xFB39, 0xFB7A, 0xFBBC, 0xFB38, 0xEAD5, 0xFB7A,
        0xFB38, 0xDAB4, 0xE2B5, 0xEAD5, 0xB230, 0xEAD6, 0xB230, 0xB230, 0x5C66, 0x5C66, 0x5C66, 0x64C7,
        0x75A8, 0x64C7, 0x5C66, 0x5C66, 0x7DE8, 0x7DE8, 0x7DE8, 0x7DE8, 0x9F8B, 0x9F8B, 0x974A, 0x9F8B,
        0x9F8B, 0x9F8B, 0x9F8B, 0xFBBC, 0xFB9B, 0xFB17, 0xFB38, 0xFBBC, 0xFBBC, 0xFB9C, 0xFBBC, 0xFBBC,
        0xD293, 0xE2D5, 0xEAD5, 0xEAD6, 0xDAB4, 0xF2F6, 0xD293, 0xFB18, 0xFB38, 0xFB38, 0xFB17, 0xE2B4,
        0xEAD5, 0xDA94, 0xD293, 0xFB38, 0xFB7A, 0xF2F6, 0xE2B5, 0xFB17, 0xFB38, 0xE2B5, 0xD273, 0xF2F6,
        0xFBBC, 0xFB38, 0xFB17, 0xFB9B, 0xFB7A, 0xF2F6, 0xDAB4, 0xD293, 0xC252, 0xD293, 0xB230, 0x6507,
        0x64C7, 0x5C66, 0x5C66, 0x64C7, 0x6D88, 0x5C66, 0x5C66, 0x5C66, 0x7DE8, 0x7DE8, 0x7DE8, 0x9F8B,
        0x9F8B, 0x8EEA, 0x972A, 0x970A, 0x976A, 0x9F8B, 0x9F8B, 0xFB9B, 0xFB38, 0xFB38, 0xFB9B, 0xFBBC,
        0xFB9C, 0xFB7A, 0xFB9B, 0xFB38, 0xCA73, 0xD294, 0xEAD5, 0xFB17, 0xFB7A, 0xFAF7, 0xEAD5, 0xFB38,
        0xFB9B, 0xFB38, 0xFBBC, 0xFB7B, 0xFB17, 0xEAD5, 0xE2B5, 0xF2F7, 0xFB18, 0xF2F7, 0xFAF7, 0xEAD5,
        0xF2F6, 0xFB38, 0xC252, 0xFB17, 0xFBBC, 0xFB39, 0xEAD6, 0xFB59, 0xE2B5, 0xE2B4, 0xC252, 0xC252,
        0xCA73, 0xC251, 0xB230, 0x75A8, 0x64E7, 0x5C66, 0x5C66, 0x8EC9, 0x7588, 0x64C6, 0x5C66, 0x5C66,
        0x7DE8, 0x7DE8, 0x9F8B, 0x9F8B, 0x9F8B, 0x9F8B, 0x9F8B, 0x976A, 0x9F8B, 0x9F8B, 0x9F8B, 0xFB7A,
        0xEAD6, 0xF2F6, 0xFB7A, 0xFBBC, 0xFB9B, 0xFB17, 0xFB59, 0xFB38, 0xBA31, 0xCA72, 0xCA72, 0xE2B5,
        0xEAD6, 0xEAD5, 0xFB59, 0xFB7A, 0xFB38, 0xFB38, 0xFB59, 0xFB18, 0xFB9B, 0xFB38, 0xF2D6, 0xFB17,
        0xFB7A, 0xFB38, 0xF2F6, 0xDA94, 0xF2F6, 0xFB59, 0xEAD6, 0xDA94, 0xFB17, 0xFB38, 0xE2B5, 0xE2B5,
        0xE2B5, 0xFB17, 0xD273, 0xDA94, 0xB230, 0xB230, 0xB230, 0x5C86, 0x5C66, 0x5C66, 0x64C7, 0x8689,
        0x6D27, 0x5C66, 0x5C66, 0x5C66, 0x7DE8, 0x7DE8, 0x9F8B, 0x86A9, 0x974A, 0x9F8B, 0x9F8B, 0x9F8B,
        0x972A, 0x9F8B, 0xFBBC, 0xFB7A, 0xF2F6, 0xFB59, 0xFB9B, 0xFBBC, 0xFBBC, 0xF2F6, 0xFB38, 0xE2B4,
        0xB231, 0xBA31, 0xB230, 0xEAD5, 0xFB59, 0xFB59, 0xFB5A, 0xFB59, 0xFB9B, 0xFB7A, 0xFB39, 0xFB7A,
        0xFB5A, 0xF2F6, 0xFB18, 0xFB7A, 0xFB5A, 0xFB9B, 0xFB38, 0xDAB4, 0xEAD6, 0xFB18, 0xFB18, 0xC272,
        0xEAD6, 0xFB39, 0xFB17, 0xC252, 0xDAB4, 0xCA72, 0xC251, 0xB230, 0xB230, 0xB230, 0x5C86, 0x64C6,
        0x5C66, 0x5C66, 0x6D47, 0x75C8, 0x5C66, 0x5C66, 0x5CA6, 0x5C66, 0x7DE8, 0x9F8B, 0x9F8B, 0x8669,
        0x8EA9, 0x9F8B, 0x9F8B, 0x976A, 0x974A, 0x974A, 0xFB9C, 0xFB39, 0xFB39, 0xFB7A, 0xFB59, 0xFBBC,
        0xFBBC, 0xFB59, 0xF2F6, 0xE2B4, 0xBA31, 0xBA31, 0xD293, 0xF2F6, 0xFB7A, 0xFB17, 0xFB9B, 0xFB7A,
        0xFB7A, 0xFB38, 0xFB9B, 0xFBBC, 0xFB7A, 0xFB39, 0xFB5A, 0xFBBC, 0xFB18, 0xFB39, 0xFB38, 0xEAD5,
        0xEAD6, 0xFB59, 0xF2F7, 0xEAD5, 0xE2B4, 0xFB38, 0xFB17, 0xD293, 0xBA31, 0xCA72, 0xBA31, 0xB230,
        0xB230, 0xB230, 0x64E7, 0x5C86, 0x5C66, 0x6D47, 0x7588, 0x5C66, 0x5C66, 0x5C86, 0x75A8, 0x8EA9,
        0x7DE8, 0x9F8B, 0x9F8B, 0x7E29, 0x8669, 0x9F8B, 0x9F8B, 0x976A, 0x8F0A, 0x9F8B, 0xFB59, 0xFB39,
        0xFB7A, 0xFB59, 0xFB7A, 0xFBBC, 0xFBBC, 0xFB9B, 0xF2F6, 0xE2B4, 0xB230, 0xDAB4, 0xE2B4, 0xFB38,
        0xFBBC, 0xFB59, 0xFB9B, 0xFBBC, 0xFBBC, 0xFBBC, 0xFB7A, 0xFBBC, 0xFB7B, 0xFB17, 0xF2F6, 0xFB7A,
        0xFB18, 0xFB17, 0xF2F6, 0xEAD6, 0xE2B5, 0xEAD6, 0xDAB4, 0xEAD6, 0xD293, 0xEAD6, 0xF2F6, 0xEAD5,
        0xD293, 0xE2B5, 0xC252, 0xB230, 0xB230, 0xB230, 0x5C66, 0x5C66, 0x5C66, 0x6507, 0x5C66, 0x5C66,
        0x5C66, 0x6D27, 0x7DE8, 0x8649, 0x9F8B, 0x9F8B, 0x8EA9, 0x7E08, 0x8EA9, 0x9F8B, 0x9F8B, 0x8F0A,
        0x974A, 0xFB5A, 0xFB38, 0xFB17, 0xFB7A, 0xFB9B, 0xFB9B, 0xFBBC, 0xFBBC, 0xFBBC, 0xDAB4, 0xDAB4,
        0xE2B4, 0xDA94, 0xFB38, 0xFB7A, 0xFBBC, 0xFB38, 0xFB7A, 0xFB7A, 0xFBBC, 0xFBBC, 0xFB7B, 0xFB7A,
        0xFB9B, 0xFB59, 0xFB18, 0xFB17, 0xFB18, 0xEAD6, 0xF2F6, 0xFB17, 0xD293, 0xC252, 0xC251, 0xFB18,
        0xCA73, 0xDA94, 0xE2B5, 0xEAD5, 0xEAD5, 0xDAB4, 0xE2B4, 0xE2B4, 0xD293, 0x64C7, 0x5C66, 0x5C66,
        0x5C66, 0x5C66, 0x5C66, 0x64C6, 0x6D27, 0x5CA6, 0x64E7, 0x7E29, 0x9F8B, 0x976A, 0x7E29, 0x75A8,
        0x75A8, 0x8EEA, 0x9F8B, 0x9F8B, 0x972A, 0xFB38, 0xFB9B, 0xFB5A, 0xFB7A, 0xFBBC, 0xFB7A, 0xFB39,
        0xFB7A, 0xFB9C, 0xFB17, 0xFB5A, 0xE2B5, 0xE2B4, 0xFBBC, 0xFBBC, 0xFBBC, 0xFB9B, 0xFB5A, 0xFBBC,
        0xFB9C, 0xFBBC, 0xFB9B, 0xF2F6, 0xFB5A, 0xFB18, 0xFB7A, 0xFB7A, 0xFB5A, 0xFAF7, 0xF2F6, 0xEAD6,
        0xDAB4, 0xB230, 0xDA94, 0xFB9B, 0xE2B5, 0xDAB4, 0xDAB4, 0xEAD5, 0xD273, 0xC252, 0xCA72, 0xDA94,
        0xE2D5, 0x75A8, 0x5C86, 0x5C66, 0x5C66, 0x5C66, 0x5C66, 0x5C86, 0x6507, 0x75A8, 0x7E08, 0x6D68,
        0x9F8B, 0x8F0A, 0x75C8, 0x6D67, 0x7E08, 0x976A, 0x9F8B, 0x9F8B, 0x8EC9, 0xFB59, 0xFB59, 0xFB59,
        0xFBBC, 0xFBBC, 0xFB7A, 0xFB59, 0xFB39, 0xFB59, 0xFB38, 0xFB38, 0xFAF7, 0xF2F6, 0xFB59, 0xFBBC,
        0xFB9B, 0xFB9B, 0xFB9B, 0xFB7A, 0xFBBC, 0xFBBC, 0xFBBC, 0xFB9B, 0xFB7A, 0xFB7B, 0xFBBC, 0xFB7A,
        0xFB7A, 0xFB59, 0xEAD5, 0xEAD5, 0xC252, 0xD293, 0xE2B5, 0xFB17, 0xFAF7, 0xDAB4, 0xC272, 0xD293,
        0xD293, 0xC252, 0xB230, 0xB230, 0xB230, 0x6D47, 0x7E49, 0x6507, 0x5C66, 0x5C66, 0x5C66, 0x5C66,
        0x5CA6, 0x6D67, 0x6D47, 0x7588, 0x972A, 0x8EEA, 0x75E8, 0x6D27, 0x7E49, 0x9F8B, 0x9F8B, 0x9F8A,
        0x7E28, 0xFB17, 0xFB17, 0xFB17, 0xFBBC, 0xFBBC, 0xFB18, 0xFB38, 0xFB59, 0xFB5A, 0xFB39, 0xFB18,
        0xDAB4, 0xEAD5, 0xFB17, 0xFBBC, 0xFB38, 0xFB38, 0xFBBC, 0xFB7A, 0xFB9C, 0xFBBC, 0xFB7A, 0xFB7A,
        0xFB9B, 0xFB7A, 0xFB59, 0xFB9B, 0xFB5A, 0xFB17, 0xFB17, 0xCA72, 0xBA31, 0xEAD5, 0xEAD6, 0xE2B4,
        0xFB5A, 0xEAD6, 0xCA72, 0xCA73, 0xBA31, 0xB230, 0xC252, 0xC252, 0xB230, 0x75C8, 0x7E29, 0x8EEA,
        0x64A6, 0x5C86, 0x5C86, 0x5C66, 0x5C66, 0x5C66, 0x6D67, 0x6D67, 0x9F8B, 0x8649, 0x75C8, 0x6D47,
        0x8649, 0x976A, 0x9F8A, 0x8669, 0x6D68, 0xFB38, 0xFB17, 0xFB59, 0xFBBC, 0xFBBC, 0xFB17, 0xF2F7,
        0xFB59, 0xFB5A, 0xFB7A, 0xFB59, 0xFAF7, 0xFB5A, 0xFB9B, 0xFBBC, 0xFB5A, 0xF2F6, 0xFB59, 0xFB9B,
        0xFBBC, 0xFBBC, 0xFBBC, 0xFBBC, 0xFB39, 0xFB7A, 0xFBBC, 0xFBBC, 0xFB17, 0xEAD5, 0xE2D5, 0xBA51,
        0xB230, 0xE2B5, 0xEAD6, 0xEAD5, 0xFB7A, 0xFB7A, 0xD293, 0xDA94, 0xE2D5, 0xBA31, 0xB230, 0xB230,
        0xB230, 0x5C66, 0x8EEA, 0x8689, 0x75A8, 0x64C6, 0x5C66, 0x5C66, 0x6507, 0x5C66, 0x5C66, 0x5CA6,
        0x972A, 0x7E28, 0x7E28, 0x7588, 0x972A, 0x8689, 0x8EC9, 0x8669, 0x7588, 0xFB17, 0xEAD5, 0xFB9B,
        0xFBBC, 0xFBBC, 0xF2F6, 0xEAD6, 0xEAD5, 0xFB38, 0xFB59, 0xEAD5, 0xD293, 0xFAF7, 0xFB59, 0xFBBC,
        0xFBBC, 0xFB39, 0xFB18, 0xFB9B, 0xFBBC, 0xFBBC, 0xFBBC, 0xFB7A, 0xFB59, 0xFB7A, 0xFBBC, 0xFB59,
        0xCA73, 0xDAB4, 0xCA72, 0xC272, 0xD293, 0xF2F6, 0xF2F6, 0xC252, 0xF2F6, 0xFB39, 0xBA31, 0xC272,
        0xC272, 0xBA51, 0xC251, 0xB230, 0xB230, 0x5C66, 0x7588, 0x6D27, 0x6D27, 0x5C66, 0x5C66, 0x5C66,
        0x6D27, 0x6D27, 0x64C6, 0x5C66, 0x8669, 0x7DE8, 0x75C8, 0x7DE8, 0x9F8A, 0x9F8B, 0x7E28, 0x7E29,
        0x7E08, 0xFB59, 0xF2F6, 0xFB7B, 0xFBBC, 0xFB7A, 0xEAD5, 0xFB17, 0xFB38, 0xFB7A, 0xFB59, 0xD293,
        0xE2B5, 0xF2F6, 0xFB59, 0xFBBC, 0xFB59, 0xF2F6, 0xFB38, 0xFBBC, 0xFBBC, 0xFB7B, 0xFB9B, 0xFB38,
        0xFB7A, 0xFBBC, 0xFBBC, 0xFB38, 0xFB17, 0xFAF7, 0xE2D5, 0xDAB4, 0xDAB4, 0xE2B5, 0xEAD6, 0xD293,
        0xD294, 0xE2D5, 0xD273, 0xD293, 0xEAD5, 0xBA31, 0xB230, 0xB230, 0xB230, 0x5C66, 0x5C86, 0x5C86,
        0x64C7, 0x5C66, 0x5C66, 0x5C66, 0x75A8, 0x7588, 0x5CA6, 0x5C66, 0x8EEA, 0x75A8, 0x75C8, 0x86A9,
        0x8689, 0x8EEA, 0x6D27, 0x7588, 0x8669, 0xFB38, 0xFB59, 0xFB7A, 0xFB9C, 0xFB17, 0xF2F6, 0xE2B4,
        0xFB38, 0xFB38, 0xFB17, 0xDA94, 0xEAD5, 0xFB59, 0xFB9B, 0xFBBC, 0xFB5A, 0xFB5A, 0xFB18, 0xFBBC,
        0xFBBC, 0xFB59, 0xFB17, 0xFB9B, 0xFB18, 0xFB39, 0xF2F6, 0xFB59, 0xD293, 0xEAD6, 0xFAF7, 0xD293,
        0xD293, 0xBA51, 0xDAB4, 0xC272, 0xE2B4, 0xD293, 0xDA94, 0xEAD5, 0xDAB4, 0xBA51, 0xB230, 0xB230,
        0xB230, 0x5C86, 0x5C66, 0x6507, 0x6D27, 0x5C86, 0x5C86, 0x5C86, 0x64C6, 0x5C86, 0x6D27, 0x5C66,
        0x8EEA, 0x75C8, 0x6D27, 0x75A8, 0x8669, 0x8649, 0x75C8, 0x6D88, 0x7E29, 0xFB17, 0xFB5A, 0xFB5A,
        0xFB39, 0xFB18, 0xE2B5, 0xDAB4, 0xEAD5, 0xE2D5, 0xEAD5, 0xBA31, 0xEAD5, 0xFB7A, 0xFB39, 0xFBBC,
        0xFB17, 0xFB17, 0xFB59, 0xFBBC, 0xFBBC, 0xFB59, 0xFB7A, 0xFBBC, 0xFB9C, 0xFB17, 0xEAD5, 0xE2D5,
        0xDA94, 0xFB7A, 0xFB38, 0xFB38, 0xE2B5, 0xC252, 0xE2B4, 0xEAD6, 0xFAF7, 0xEAD5, 0xF2F6, 0xF2F6,
        0xFB17, 0xEAD6, 0xB230, 0xB230, 0xB230, 0x5C86, 0x64E7, 0x64C6, 0x5C66, 0x5C66, 0x6507, 0x5C66,
        0x5C66, 0x5C66, 0x6507, 0x5C66, 0x8649, 0x75E8, 0x75A8, 0x6D47, 0x7E08, 0x6D47, 0x75A8, 0x7E49,
        0x976A, 0x974A, 0xFB17, 0xEAD6, 0xFB17, 0xFAF7, 0xEAD6, 0xEAD6, 0xF2F7, 0xF2D6, 0xF2F6, 0xD293,
        0xE2D5, 0xFAF7, 0xFB59, 0xFB9B, 0xE2D5, 0xE2B5, 0xFB39, 0xFBBC, 0xFB7A, 0xEAD6, 0xEAD6, 0xFB38,
        0xFB9B, 0xFB38, 0xE2B5, 0xE2B5, 0xEAD5, 0xFB17, 0xFB7A, 0xFB38, 0xFB38, 0xEAD5, 0xDAB4, 0xDAB4,
        0xFB17, 0xF2F7, 0xD293, 0xEAD5, 0xF2F6, 0xFB17, 0xDAB4, 0xB230, 0xB230, 0xB230, 0x5C66, 0x7DE8,
        0x5C66, 0x5C66, 0x5C66, 0x5C86, 0x5C86, 0x6D07, 0x5C86, 0x5C66, 0x7E08, 0x6D47, 0x8689, 0x6D67,
        0x8649, 0x6D67, 0x6D67, 0x7E29, 0x8669, 0x8689, 0xF2F6, 0xFB17, 0xFB38, 0xEAD5, 0xE2B4, 0xF2F6,
        0xFB17, 0xFAF7, 0xF2F6, 0xFB17, 0xEAD6, 0xEAD6, 0xFBBC, 0xFBBC, 0xF2F6, 0xFB9B, 0xFB38, 0xFB9B,
        0xFB59, 0xFAF7, 0xE2B4, 0xF2F6, 0xE2D5, 0xFB18, 0xFB17, 0xF2F6, 0xE2B5, 0xCA73, 0xF2F6, 0xDA94,
        0xE2B4, 0xFB38, 0xFB59, 0xDAB4, 0xFB17, 0xE2B4, 0xDA94, 0xF2F6, 0xDAB4, 0xF2F6, 0xE2B5, 0xDAB4,
        0xD293, 0xB230, 0x5C66, 0x5C66, 0x5C66, 0x5C66, 0x5C66, 0x5C66, 0x5C66, 0x7DE8, 0x64C7, 0x5C66,
        0x86A9, 0x6507, 0x6D47, 0x6D67, 0x8649, 0x7588, 0x7588, 0x7E08, 0x8689, 0x8689, 0xFB17, 0xEAD6,
        0xFAF7, 0xFB17, 0xFAF7, 0xFB38, 0xFAF7, 0xEAD5, 0xDAB4, 0xE2B5, 0xEAD6, 0xFB17, 0xFB7B, 0xFB9B,
        0xFB17, 0xFB38, 0xFAF7, 0xFB9B, 0xFB7A, 0xFB7A, 0xEAD6, 0xDA94, 0xE2B4, 0xE2D5, 0xFB38, 0xFB5A,
        0xFB17, 0xE2B4, 0xFB17, 0xE2D5, 0xDAB4, 0xFB38, 0xFB59, 0xFB38, 0xEAD5, 0xF2F6, 0xE2B5, 0xFB17,
        0xEAD6, 0xF2F6, 0xEAD5, 0xD293, 0xB230, 0xB230, 0x6507, 0x5C66, 0x5C66, 0x5C66, 0x5C66, 0x5C66,
        0x5C66, 0x64E7, 0x6507, 0x5C66, 0x972A, 0x7E28, 0x7588, 0x64E7, 0x6507, 0x6D47, 0x7E49, 0x75C8,
        0x7E08, 0x7E29, 0xFB38, 0xE2B5, 0xFB17, 0xF2F6, 0xFB17, 0xFB17, 0xCA73, 0xDAB4, 0xD293, 0xEAD5,
        0xEAD6, 0xFB17, 0xFB9B, 0xFBBC, 0xF2F6, 0xEAD5, 0xF2F6, 0xFB59, 0xFB38, 0xFB39, 0xF2F6, 0xD293,
        0xFB59, 0xFB17, 0xEAD6, 0xF2F6, 0xF2F6, 0xFB38, 0xFB39, 0xEAD5, 0xCA72, 0xE2B5, 0xFB38, 0xFB39,
        0xFAF7, 0xDAB4, 0xD293, 0xE2B5, 0xFB38, 0xFB59, 0xFB39, 0xEAD5, 0xC252, 0xB230, 0x5C66, 0x5C66,
        0x5C66, 0x5C66, 0x5C66, 0x5C66, 0x5C66, 0x5C66, 0x5C86, 0x6507, 0x976A, 0x75C8, 0x7E28, 0x6507,
        0x75A8, 0x5C86, 0x7E29, 0x64C7, 0x6D47, 0x970A, 0x8EEA, 0xFB9B, 0xFB59, 0xF2F6, 0xCA73, 0xEAD6,
        0xFB18, 0xE2B5, 0xDA94, 0xC252, 0xC272, 0xEAD5, 0xFB59, 0xFB59, 0xEAD5, 0xEAD5, 0xFB39, 0xFB17,
        0xFB59, 0xFB38, 0xF2F6, 0xFBBC, 0xFB9C, 0xFB59, 0xFB38, 0xF2F6, 0xFB18, 0xFB7A, 0xF2F6, 0xE2B4,
        0xDAB4, 0xE2D5, 0xDAB4, 0xFB17, 0xFB59, 0xF2F6, 0xE2B5, 0xD293, 0xEAD6, 0xFB59, 0xFB7A, 0xFB5A,
        0xEAD6, 0xEAD5, 0xD293, 0x5C66, 0x5C66, 0x64C6, 0x75A8, 0x64E7, 0x5C66, 0x5C66, 0x5C66, 0x5CA6,
        0x7E29, 0x75C8, 0x75C8, 0x75A8, 0x75E8, 0x6D47, 0x6507, 0x64C6, 0x5C66, 0x75A8, 0x7E49, 0xFB38,
        0xFB17, 0xE2B5, 0xCA73, 0xCA72, 0xD293, 0xDA94, 0xE2B4, 0xD293, 0xCA73, 0xF2F6, 0xFB18, 0xFB38,
        0xF2F6, 0xEAD6, 0xFB18, 0xFB38, 0xFB17, 0xFB17, 0xFAF7, 0xFB59, 0xFBBC, 0xFB39, 0xFAF7, 0xEAD5,
        0xFB59, 0xFB7A, 0xFB17, 0xF2F7, 0xFB38, 0xFAF7, 0xEAD5, 0xEAD6, 0xFB17, 0xFB5A, 0xEAD5, 0xD293,
        0xE2B5, 0xEAD5, 0xFB7A, 0xFB7A, 0xFB38, 0xFB17, 0xFB39, 0x7DE8, 0x5C66, 0x5C66, 0x5C66, 0x64C6,
        0x5C66, 0x5C66, 0x5C66, 0x5C66, 0x8689, 0x8649, 0x7E29, 0x7588, 0x8EA9, 0x6D27, 0x6D67, 0x75C8,
        0x5C66, 0x5C66, 0x7DE8, 0xFB39, 0xFAF7, 0xFAF7, 0xFB39, 0xFB59, 0xFB39, 0xD273, 0xB230, 0xD273,
        0xCA72, 0xFB17, 0xEAD5, 0xEAD5, 0xFB17, 0xF2F6, 0xFB38, 0xFB38, 0xF2F6, 0xE2D5, 0xFB7A, 0xFB9B,
        0xFBBC, 0xFBBC, 0xFB9B, 0xFB5A, 0xFB9B, 0xFB59, 0xFBBC, 0xFB9B, 0xFB39, 0xFB59, 0xFB59, 0xFB39,
        0xF2F6, 0xFB18, 0xFB17, 0xEAD5, 0xF2F6, 0xF2F6, 0xF2F6, 0xFB5A, 0xFB59, 0xFB38, 0xF2F6, 0x7E08,
        0x6D27, 0x5C66, 0x5C66, 0x5C66, 0x6507, 0x6507, 0x6D47, 0x6D07, 0x8669, 0x8EA9, 0x8689, 0x7E08,
        0x75A8, 0x8EC9, 0x6D27, 0x7E29, 0x6D27, 0x5C66, 0x5C66, 0xD293, 0xEAD6, 0xF2F6, 0xFB59, 0xFBBC,
        0xFB38, 0xC252, 0xCA73, 0xDAB4, 0xCA73, 0xF2D6, 0xE2B5, 0xEAD6, 0xFB39, 0xFB38, 0xFB5A, 0xFB7B,
        0xFB38, 0xFB9B, 0xFBBC, 0xFBBC, 0xFB9C, 0xFB5A, 0xFB7A, 0xFBBC, 0xFB38, 0xF2F6, 0xFB38, 0xFB9B,
        0xFB9B, 0xFB5A, 0xFB39, 0xFBBC, 0xFB38, 0xFB39, 0xFB18, 0xFAF7, 0xDAB4, 0xFAF7, 0xFB59, 0xDA94,
        0xFB17, 0xFAF7, 0xDAB4, 0x75A8, 0x7E08, 0x64E7, 0x5C66, 0x5C66, 0x5C66, 0x5CA6, 0x5C66, 0x6D27,
        0x9F8B, 0x9F8B, 0x972A, 0x7E08, 0x75A8, 0x6D47, 0x6D47, 0x7DE8, 0x7E28, 0x5CA6, 0x64C7, 0xB230,
        0xCA73, 0xEAD6, 0xFB18, 0xFB9B, 0xF2F6, 0xD293, 0xCA72, 0xE2B4, 0xD293, 0xEAD5, 0xFB17, 0xFB17,
        0xFAF7, 0xE2B5, 0xFB59, 0xFB59, 0xFBBC, 0xFB9B, 0xFBBC, 0xFBBC, 0xFB7A, 0xFB9C, 0xFB7A, 0xFBBC,
        0xFB7A, 0xFB38, 0xEAD5, 0xFB38, 0xFB7A, 0xFB17, 0xFB18, 0xFB7A, 0xFB17, 0xEAD5, 0xFAF7, 0xFB17,
        0xFB17, 0xF2F6, 0xFB7A, 0xFB39, 0xFB17, 0xFB38, 0xD294, 0x75A8, 0x8EC9, 0x8689, 0x7E08, 0x5C66,
        0x5C66, 0x5C66, 0x5C66, 0x5C66, 0x8EC9, 0x8EEA, 0x976A, 0x8EEA, 0x7DE8, 0x6D27, 0x6D47, 0x75C8,
        0x7E08, 0x5C66, 0x7588, 0xD293, 0xB230, 0xEAD6, 0xFB7A, 0xFB5A, 0xFB38, 0xDA94, 0xD293, 0xE2B4,
        0xF2F6, 0xF2F6, 0xDAB4, 0xFB17, 0xF2F7, 0xEAD6, 0xFB18, 0xFBBC, 0xFBBC, 0xFBBC, 0xFBBC, 0xFBBC,
        0xFB38, 0xFB59, 0xFB9B, 0xFB7A, 0xFBBC, 0xFB59, 0xF2F6, 0xFB38, 0xFB59, 0xF2F6, 0xFB17, 0xFB39,
        0xFAF7, 0xF2F6, 0xE2B5, 0xFB38, 0xFB18, 0xEAD6, 0xFB38, 0xFB59, 0xFB38, 0xFB17, 0xE2B5, 0x6D47,
        0x75E8, 0x8EA9, 0x9F8B, 0x8EC9, 0x64E7, 0x5C66, 0x5C66, 0x5C66, 0x6D47, 0x9F8B, 0x9F8B, 0x9F6A,
        0x7E49, 0x7588, 0x75A8, 0x8669, 0x8649, 0x64C6, 0x6D27, 0xFB38, 0xF2F6, 0xCA73, 0xE2B4, 0xF2F6,
        0xFB59, 0xDAB4, 0xD273, 0xCA73, 0xE2D5, 0xFAF7, 0xF2F6, 0xF2F6, 0xE2B5, 0xF2F6, 0xF2F6, 0xFBBC,
        0xFBBC, 0xFBBC, 0xFBBC, 0xFBBC, 0xFBBC, 0xFB7A, 0xFB5A, 0xFB5A, 0xFB7A, 0xFB9B, 0xFB38, 0xEAD6,
        0xF2F6, 0xFAF7, 0xFB17, 0xFB18, 0xFB5A, 0xF2F7, 0xFB38, 0xFB7B, 0xFB7A, 0xFB59, 0xFB18, 0xFB59,
        0xFB59, 0xDAB4, 0xD273, 0x6D47, 0x75A8, 0x7E08, 0x8EC9, 0x8F0A, 0x976A, 0x8F0A, 0x64C6, 0x6D47,
        0x5C66, 0x970A, 0x9F8B, 0x974A, 0x8669, 0x6507, 0x7E08, 0x8649, 0x75E8, 0x6D47, 0x5C86, 0xF2F6,
        0xF2F6, 0xEAD5, 0xD293, 0xB230, 0xEAD5, 0xFAF7, 0xEAD6, 0xDAB4, 0xE2D5, 0xFB17, 0xF2F6, 0xF2F6,
        0xE2D5, 0xEAD5, 0xFB18, 0xFB9C, 0xFBBC, 0xFBBC, 0xFBBC, 0xFB38, 0xFB7A, 0xFBBC, 0xFB7A, 0xFB17,
        0xFB59, 0xFB9B, 0xFB7B, 0xFB59, 0xFB59, 0xFB59, 0xF2F7, 0xF2F6, 0xFB18, 0xFB39, 0xFB18, 0xFB39,
        0xFAF7, 0xFB18, 0xFB17, 0xFB38, 0xFB9B, 0xEAD6, 0xCA73, 0x75A8, 0x7588, 0x7E49, 0x8EA9, 0x8669,
        0x7E08, 0x9F8B, 0x8EA9, 0x6507, 0x7DE8, 0x5C66, 0x9F8B, 0x9F8B, 0x974A, 0x8EEA, 0x8F0A, 0x8649,
        0x7E28, 0x6D88, 0x5C66, 0xEAD5, 0xE2B5, 0xFB38, 0xD294, 0xCA73, 0xB230, 0xEAD6, 0xFB59, 0xFB39,
        0xFB38, 0xFB59, 0xFB38, 0xF2F6, 0xF2F7, 0xFB38, 0xFBBC, 0xFB7A, 0xFB9B, 0xFB9C, 0xFBBC, 0xFB59,
        0xFB7B, 0xFB38, 0xFB59, 0xFBBC, 0xFB59, 0xFB7A, 0xFB9B, 0xFB9B, 0xFB5A, 0xFB7A, 0xFB38, 0xFAF7,
        0xFB38, 0xFB59, 0xFB7A, 0xFB38, 0xFB17, 0xD293, 0xFB38, 0xFB38, 0xFB38, 0xFB7A, 0xFB9C, 0x974A,
        0x75C8, 0x75C8, 0x8EEA, 0x970A, 0x8EA9, 0x7E49, 0x75C8, 0x7E28, 0x7DE8, 0x7DE8, 0x8EC9, 0x9F8B,
        0x9F8A, 0x9F8B, 0x974A, 0x8689, 0x75E8, 0x7DE8, 0x5CA6, 0xDA94, 0xE2B5, 0xEAD5, 0xFB59, 0xFAF7,
        0xD293, 0xCA72, 0xFB38, 0xFB7A, 0xFBBC, 0xFBBC, 0xFB38, 0xF2F7, 0xF2F6, 0xFB7B, 0xFB39, 0xFBBC,
        0xFBBC, 0xFBBC, 0xFBBC, 0xFBBC, 0xFB7B, 0xFB59, 0xE2B4, 0xDA94, 0xF2F6, 0xFB7A, 0xFB7A, 0xFB59,
        0xFB59, 0xFB7A, 0xF2F6, 0xEAD6, 0xFB18, 0xFB17, 0xFB18, 0xFAF7, 0xCA73, 0xE2D5, 0xFAF7, 0xF2F6,
        0xD294, 0xDAB4, 0xFB7A, 0x8F0A, 0x8669, 0x8669, 0x75C8, 0x7588, 0x7E29, 0x86A9, 0x7E08, 0x7588,
        0x7DE8, 0x7DE8, 0x7DE8, 0x8EEA, 0x9F8B, 0x9F8B, 0x976A, 0x8669, 0x8689, 0x7DE8, 0x75C8, 0xB231,
        0xCA72, 0xE2B4, 0xEAD5, 0xFB18, 0xFB59, 0xF2F6, 0xFB17, 0xFB59, 0xFBBC, 0xFBBC, 0xFB59, 0xEAD5,
        0xFB18, 0xFB5A, 0xFB7A, 0xFBBC, 0xFBBC, 0xFB7A, 0xFB9B, 0xFB9C, 0xFB9B, 0xFB7B, 0xFB9B, 0xFB38,
        0xFAF7, 0xEAD5, 0xF2F6, 0xFB18, 0xFB59, 0xF2F6, 0xFB17, 0xFB39, 0xFB38, 0xFB38, 0xFB18, 0xFB38,
        0xDAB4, 0xE2D5, 0xF2F6, 0xFAF7, 0xFB17, 0xD273, 0xFB39, 0x974A, 0x972A, 0x8689, 0x6D27, 0x6D67,
        0x75C8, 0x8649, 0x8EC9, 0x8669, 0x7DE8, 0x7DE8, 0x7DE8, 0x5C66, 0x8669, 0x9F8B, 0x9F8B, 0x9F8B,
        0x8669, 0x8669, 0x75A8, 0xDA94, 0xC252, 0xDAB4, 0xE2B5, 0xF2F6, 0xFB18, 0xF2F6, 0xFAF7, 0xFB59,
        0xDAB4, 0xFB59, 0xFB18, 0xFB59, 0xFBBC, 0xFB7B, 0xFB38, 0xFB59, 0xFBBC, 0xFB59, 0xFB59, 0xFB59,
        0xF2F6, 0xF2F6, 0xFB9B, 0xFB59, 0xFB7B, 0xFB38, 0xFAF7, 0xDA94, 0xCA72, 0xCA72, 0xDA94, 0xFB38,
        0xEAD6, 0xDA94, 0xFB17, 0xFB38, 0xFB18, 0xE2D5, 0xFB18, 0xF2F6, 0xE2B5, 0xD293, 0xC252, 0x75A8,
        0x86A9, 0x7E29, 0x75C8, 0x6D47, 0x6D67, 0x7E08, 0x7E08, 0x8EEA, 0x7DE8, 0x7DE8, 0x7DE8, 0x7DE8,
        0x5C66, 0x8689, 0x9F6A, 0x9F8B, 0x8F0A, 0x7DE8, 0x8649, 0xEAD6, 0xE2B4, 0xE2B5, 0xFB17, 0xE2D5,
        0xFB17, 0xF2F7, 0xF2F6, 0xDA94, 0xF2F6, 0xFB5A, 0xFB17, 0xFB7A, 0xFB9B, 0xFB59, 0xF2F6, 0xFB59,
        0xFB39, 0xFB18, 0xFB17, 0xEAD6, 0xFB18, 0xF2D6, 0xF2F6, 0xF2F6, 0xFB59, 0xFBBC, 0xFB18, 0xFB38,
        0xCA72, 0xEAD6, 0xE2B5, 0xDA94, 0xF2F6, 0xEAD5, 0xFAF7, 0xF2F6, 0xE2D5, 0xF2F6, 0xDAB4, 0xE2B5,
        0xFB18, 0xEAD5, 0xDAB4, 0x6507, 0x75A8, 0x8EC9, 0x8EC9, 0x75C8, 0x5CA6, 0x6D67, 0x6D67, 0x75C8,
        0x7DE8, 0x7DE8, 0x7DE8, 0x7DE8, 0x7DE8, 0x5C66, 0x8EC9, 0x9F8B, 0x9F8A, 0x974A, 0xFB18, 0xFB17,
        0xDA94, 0xD293, 0xF2F6, 0xEAD6, 0xE2B5, 0xE2D5, 0xFB17, 0xE2B5, 0xEAD6, 0xE2B5, 0xFB17, 0xFB9B,
        0xFBBC, 0xFBBC, 0xFBBC, 0xFB7A, 0xFB38, 0xFB17, 0xFB17, 0xEAD6, 0xFB17, 0xD294, 0xE2B5, 0xDA94,
        0xEAD5, 0xFB17, 0xFB9B, 0xE2D5, 0xCA72, 0xCA73, 0xCA72, 0xEAD5, 0xD293, 0xE2D5, 0xFB7A, 0xFB7B,
        0xEAD5, 0xEAD6, 0xF2F6, 0xFB17, 0xFB17, 0xFB59, 0x6D67, 0x75C8, 0x75C8, 0x8F0A, 0x9F8B, 0x8EC9,
        0x6D67, 0x7588, 0x75A8, 0x6D27, 0x7DE8, 0x7DE8, 0x7DE8, 0x7DE8, 0x7DE8, 0x7DE8, 0x5C66, 0x8EEA,
        0x9F8B, 0x9F8B, 0xFB7B, 0xFB18, 0xCA72, 0xDA94, 0xE2B4, 0xFAF7, 0xFB38, 0xFB59, 0xFB18, 0xF2F6,
        0xD293, 0xE2B5, 0xF2F6, 0xF2F6, 0xFB59, 0xFB5A, 0xFB59, 0xFB38, 0xEAD5, 0xFAF7, 0xFB17, 0xFB38,
        0xE2B5, 0xEAD6, 0xE2B5, 0xEAD5, 0xCA73, 0xDAB4, 0xFAF7, 0xF2F6, 0xD293, 0xCA73, 0xBA51, 0xCA72,
        0xE2B5, 0xEAD5, 0xF2D6, 0xFB17, 0xD293, 0xDA94, 0xEAD6, 0xFB39, 0xDA94, 0xD293, 0x8649, 0x8669,
        0x6D47, 0x7E08, 0x7E08, 0x7E08, 0x8649, 0x7DE8, 0x7E08, 0x7E29, 0x7DE8, 0x7DE8, 0x7DE8, 0x7DE8,
        0x7DE8, 0x7DE8, 0x7DE8, 0x5C66, 0x972A, 0x9F8B, 0xFBBC, 0xFB38, 0xD294, 0xE2B4, 0xDAB4, 0xE2B5,
        0xFB7A, 0xFB9B, 0xFB38, 0xFB17, 0xFAF7, 0xFB39, 0xFB59, 0xFB7B, 0xFB7B, 0xFB18, 0xFB17, 0xDA94,
        0xE2B5, 0xF2F6, 0xE2D5, 0xFB18, 0xFB59, 0xEAD6, 0xEAD5, 0xE2D5, 0xD293, 0xF2F6, 0xF2F6, 0xFB17,
        0xD293, 0xE2B5, 0xDAB4, 0xE2B5, 0xC252, 0xD293, 0xD293, 0xFAF7, 0xFB59, 0xDA94, 0xD294, 0xF2F7,
        0xF2F6, 0xD293, 0x6D67, 0x6D67, 0x6D27, 0x6D27, 0x6D27, 0x64E7, 0x6507, 0x7E29, 0x75C8, 0x75A8,
        0x7DE8, 0x7DE8, 0x7DE8, 0x7DE8, 0x7DE8, 0x7DE8, 0x7DE8, 0x7DE8, 0x5C66, 0xFB7B, 0xFBBC, 0xFB7B,
        0xE2B5, 0xF2F6, 0xFAF7, 0xEAD5, 0xEAD5, 0xFB39, 0xE2B5, 0xBA51, 0xDA94, 0xDAB4, 0xF2F6, 0xFB7A,
        0xFB17, 0xE2B5, 0xE2B4, 0xEAD5, 0xD293, 0xE2B5, 0xDAB4, 0xDA94, 0xF2F7, 0xEAD6, 0xF2F6, 0xCA72,
        0xD294, 0xCA72, 0xE2B5, 0xEAD6, 0xF2F6, 0xEAD5, 0xFAF7, 0xDA94, 0xC252, 0xC251, 0xBA31, 0xD293,
        0xFB18, 0xEAD6, 0xCA73, 0xDA94, 0xD293, 0x5C66, 0x5C66, 0x5CA6, 0x64E7, 0x64E7, 0x6D47, 0x5CA6,
        0x64E7, 0x75C8, 0x7DE8, 0x6D47, 0x7DE8, 0x7DE8, 0x7DE8, 0x7DE8, 0x7DE8, 0x7DE8, 0x7DE8, 0x7DE8,
        0x7DE8, 0xF2F6, 0xFB39, 0xFB9B, 0xFB9B, 0xF2F6, 0xFB7B, 0xFBBC, 0xFB17, 0xF2F6, 0xF2F6, 0xDA94,
        0xDAB4, 0xEAD6, 0xDAB4, 0xD294, 0xCA72, 0xDA94, 0xCA72, 0xEAD6, 0xBA51, 0xCA72, 0xD293, 0xC252,
        0xE2B5, 0xDAB4, 0xE2B5, 0xEAD6, 0xD294, 0xD294, 0xCA73, 0xCA72, 0xD293, 0xE2B4, 0xFB18, 0xFB17,
        0xC252, 0xC252, 0xBA31, 0xBA51, 0xD293, 0xCA73, 0xDAB4, 0xBA31, 0xD293, 0x6D47, 0x5C86, 0x6507,
        0x64E7, 0x7588, 0x6D27, 0x64E7, 0x6D27, 0x6D47, 0x75C8, 0x75A8, 0x7DE8, 0x7DE8, 0x7DE8, 0x7DE8,
        0x7DE8, 0x7DE8, 0x7DE8, 0x7DE8, 0x7DE8, 0xF2F6, 0xB230, 0xFAF7, 0xFB9B, 0xFB39, 0xFBBC, 0xFBBC,
        0xFBBC, 0xF2F6, 0xE2B4, 0xF2F6, 0xE2B4, 0xE2B5, 0xE2B5, 0xCA72, 0xC272, 0xBA31, 0xDAB4, 0xE2B4,
        0xDAB4, 0xC252, 0xBA51, 0xC252, 0xD293, 0xDAB4, 0xFAF7, 0xF2F6, 0xF2F6, 0xFB59, 0xEAD6, 0xD273,
        0xC252, 0xCA72, 0xF2F6, 0xEAD5, 0xEAD5, 0xCA73, 0xD273, 0xCA73, 0xBA31, 0xBA51, 0xCA73, 0xCA73,
        0xF2F6, 0x7E49, 0x6D47, 0x5CA6, 0x6D27, 0x6D47, 0x64C7, 0x5CA6, 0x75C8, 0x6D27, 0x7588, 0x75E8,
        0x7DE8, 0x7DE8, 0x7DE8, 0x7DE8, 0x7DE8, 0x7DE8, 0x7DE8, 0x7DE8, 0xF2F6, 0xF2F6, 0xF2F6, 0xF2F6,
        0xB230, 0xFB59, 0xFB7B, 0xFBBC, 0xFBBC, 0xF2F7, 0xEAD5, 0xF2F6, 0xF2F6, 0xFAF7, 0xEAD5, 0xEAD5,
        0xC252, 0xB230, 0xCA72, 0xEAD5, 0xEAD6, 0xD273, 0xD273, 0xCA72, 0xB230, 0xC251, 0xC251, 0xDA94,
        0xDAB4, 0xF2F6, 0xFB38, 0xEAD6, 0xEAD5, 0xC252, 0xC252, 0xCA72, 0xDAB4, 0xD293, 0xD293, 0xBA31,
        0xCA73, 0xB230, 0xBA31, 0xCA73, 0x64E7, 0x75A8, 0x6507, 0x64A6, 0x6507, 0x6507, 0x5C86, 0x64E7,
        0x6D67, 0x6D47, 0x6D47, 0x8669, 0x7DE8, 0x7DE8, 0x7DE8, 0x7DE8, 0x7DE8, 0x7DE8, 0x7DE8, 0x7DE8,
        0xF2F6, 0xF2F6, 0xF2F6, 0xF2F6, 0xF2F6, 0xB230, 0xFB9B, 0xFB9C, 0xFB9C, 0xFB38, 0xFB17, 0xFB7A,
        0xFAF7, 0xF2F6, 0xD294, 0xDA94, 0xF2F7, 0xCA72, 0xCA73, 0xD293, 0xEAD5, 0xDA94, 0xC251, 0xCA72,
        0xC252, 0xB230, 0xBA31, 0xB230, 0xD293, 0xCA73, 0xDA94, 0xE2B4, 0xE2B4, 0xD293, 0xBA51, 0xB230,
        0xBA31, 0xF2F6, 0xE2D5, 0xD293, 0xCA72, 0xB230, 0xB230, 0xB230, 0x5C86, 0x5C86, 0x5C66, 0x5C86,
        0x5C86, 0x6507, 0x5C86, 0x64C7, 0x7588, 0x75A8, 0x75A8, 0x75C8, 0x7DE8, 0x7DE8, 0x7DE8, 0x7DE8,
        0x7DE8, 0x7DE8, 0x7DE8, 0x7DE8, 0xF2F6, 0xF2F6, 0xF2F6, 0xF2F6, 0xF2F6, 0xF2F6, 0xB230, 0xFB59,
        0xFB9B, 0xFBBC, 0xFBBC, 0xFBBC, 0xFBBC, 0xF2F6, 0xEAD5, 0xD293, 0xF2F6, 0xC272, 0xBA51, 0xB230,
        0xD293, 0xFB18, 0xF2F7, 0xDA94, 0xD293, 0xBA31, 0xC252, 0xB230, 0xB230, 0xC252, 0xCA72, 0xD293,
        0xDA94, 0xF2F6, 0xDAB4, 0xBA51, 0xBA51, 0xC251, 0xDAB4, 0xEAD6, 0xEAD5, 0xCA72, 0xBA51, 0xCA72,
        0x6D47, 0x6507, 0x5C66, 0x5C66, 0x5CA6, 0x6D27, 0x6D27, 0x6507, 0x6D67, 0x75C8, 0x7E08, 0x8669,
        0x7DE8, 0x7DE8, 0x7DE8, 0x7DE8, 0x7DE8, 0x7DE8, 0x7DE8, 0x7DE8, 0xF2F6, 0xF2F6, 0xF2F6, 0xF2F6,
        0xF2F6, 0xF2F6, 0xF2F6, 0xB230, 0xE2B4, 0xFBBC, 0xFBBC, 0xFBBC, 0xFBBC, 0xFBBC, 0xFB7B, 0xFB18,
        0xEAD6, 0xD293, 0xC252, 0xBA31, 0xB230, 0xBA31, 0xD293, 0xE2D5, 0xD293, 0xC252, 0xC252, 0xBA51,
        0xBA31, 0xB230, 0xC252, 0xCA73, 0xDAB4, 0xCA73, 0xF2F7, 0xE2D5, 0xBA31, 0xB230, 0xCA73, 0xDAB4,
        0xEAD5, 0xDAB4, 0xD293, 0xCA72, 0x75A8, 0x5CA6, 0x64A6, 0x6D47, 0x5C86, 0x7588, 0x7E08, 0x7588,
        0x970A, 0x972A, 0x8689, 0x7DE8, 0x7DE8, 0x7DE8, 0x7DE8, 0x7DE8, 0x7DE8, 0x7DE8, 0x7DE8, 0x7DE8,
        0xF2F6, 0xF2F6, 0xF2F6, 0xF2F6, 0xF2F6, 0xF2F6, 0xF2F6, 0xF2F6, 0xF2F6, 0xF2F6, 0xF2F6, 0xFBBC,
        0xFB59, 0xFB7B, 0xFBBC, 0xFB5A, 0xFB9B, 0xFB59, 0xE2B5, 0xC252, 0xC251, 0xC252, 0xCA73, 0xCA73,
        0xF2F7, 0xDAB4, 0xBA51, 0xB230, 0xB230, 0xB230, 0xBA31, 0xBA31, 0xCA72, 0xE2B5, 0xF2D6, 0xFB17,
        0xCA72, 0xB230, 0xB230, 0xCA72, 0xBA51, 0xDAB4, 0xFAF7, 0xEAD6, 0x7588, 0x75A8, 0x64C6, 0x64E7,
        0x5C66, 0x6507, 0x6D67, 0x75A8, 0x75C8, 0x8EC9, 0x7E08, 0x7E29, 0x7DE8, 0x7DE8, 0x7DE8, 0x7DE8,
        0x7DE8, 0x7DE8, 0x7DE8, 0x7DE8, 0xF2F6, 0xF2F6, 0xF2F6, 0xF2F6, 0xF2F6, 0xF2F6, 0xF2F6, 0xB230,
        0xF2F6, 0xF2F6, 0xF2F6, 0xB230, 0xFB7A, 0xFB9B, 0xFBBC, 0xFBBC, 0xFBBC, 0xFB9C, 0xFB39, 0xDA94,
        0xDA94, 0xD293, 0xD293, 0xBA51, 0xCA72, 0xCA72, 0xE2B5, 0xC252, 0xB230, 0xB230, 0xB230, 0xB230,
        0xB230, 0xBA31, 0xCA73, 0xCA73, 0xC252, 0xC251, 0xBA51, 0xBA31, 0xBA31, 0xBA31, 0xD293, 0xDA94,
        0x64C7, 0x6507, 0x75A8, 0x7E29, 0x75A8, 0x6D47, 0x7588, 0x7588, 0x75C8, 0x6D47, 0x75A8, 0x75A8,
        0x7DE8, 0x7DE8, 0x7DE8, 0x7DE8, 0x7DE8, 0x7DE8, 0x7DE8, 0x7DE8, 0xF2F6, 0xF2F6, 0xF2F6, 0xF2F6,
        0xF2F6, 0xF2F6, 0xF2F6, 0xF2F6, 0xFB9B, 0xF2F6, 0xF2F6, 0xF2F6, 0xF2F6, 0xEAD5, 0xFBBC, 0xFBBC,
        0xFBBC, 0xFBBC, 0xFB7B, 0xEAD6, 0xEAD6, 0xEAD6, 0xDAB4, 0xDA94, 0xC252, 0xBA51, 0xCA72, 0xCA73,
        0xD293, 0xB230, 0xB230, 0xB230, 0xB230, 0xB230, 0xB230, 0xC252, 0xD293, 0xC252, 0xB230, 0xB230,
        0xB230, 0xB230, 0xB230, 0xBA31, 0x6D27, 0x6507, 0x5C86, 0x64E7, 0x6D27, 0x7E28, 0x8669, 0x7588,
        0x7E49, 0x7E29, 0x75A8, 0x64E7, 0x7DE8, 0x7DE8, 0x7DE8, 0x7DE8, 0x7DE8, 0x7DE8, 0x7DE8, 0x7DE8,
        0xF2F6, 0xF2F6, 0xF2F6, 0xF2F6, 0xF2F6, 0xF2F6, 0xF2F6, 0xF2F6, 0xF2F6, 0xF2F6, 0xF2F6, 0xF2F6,
        0xF2F6, 0xF2F6, 0xF2F6, 0xF2F6, 0xFBBC, 0xFBBC, 0xFB9B, 0xFB17, 0xF2D6, 0xEAD6, 0xEAD6, 0xE2B5,
        0xC252, 0xB230, 0xB230, 0xB230, 0xCA72, 0xCA73, 0xC252, 0xB230, 0xB230, 0xB230, 0xB230, 0xBA51,
        0xEAD6, 0xFB38, 0xF2F6, 0xD293, 0xBA31, 0xBA51, 0xD293, 0xCA72, 0x6D47, 0x7DE8, 0x75A8, 0x6507,
        0x5C86, 0x7588, 0x7E08, 0x7E08, 0x8EA9, 0x8649, 0x7E08, 0x7E08, 0x7DE8, 0x7DE8, 0x7DE8, 0x7DE8,
        0x7DE8, 0x7DE8, 0x7DE8, 0x7DE8, 0xF2F6, 0xF2F6, 0xF2F6, 0xF2F6, 0xF2F6, 0xF2F6, 0xF2F6, 0xF2F6,
        0xF2F6, 0xF2F6, 0xF2F6, 0xF2F6, 0xF2F6, 0xF2F6, 0xF2F6, 0xF2F6, 0xB230, 0xFB59, 0xFBBC, 0xFB9B,
        0xFB7A, 0xFB17, 0xFB7A, 0xFB7A, 0xFB38, 0xCA72, 0xB230, 0xB230, 0xB230, 0xB230, 0xC251, 0xCA73,
        0xC272, 0xB230, 0xB230, 0xB230, 0xD293, 0xE2D5, 0xFAF7, 0xF2F6, 0xDAB4, 0xE2B5, 0xB230, 0xD293,
        0x64E7, 0x64E7, 0x6D47, 0x7E08, 0x75A8, 0x6D67, 0x75C8, 0x75A8, 0x8669, 0x974A, 0x8EC9, 0x86A9,
        0x7DE8, 0x7DE8, 0x7DE8, 0x7DE8, 0x7DE8, 0x7DE8, 0x7DE8, 0x7DE8, 0x7DE8, 0xF2F6, 0xF2F6, 0xF2F6,
        0xF2F6, 0xF2F6, 0xF2F6, 0xF2F6, 0xF2F6, 0xF2F6, 0xF2F6, 0xF2F6, 0xF2F6, 0xF2F6, 0xF2F6, 0xF2F6,
        0xF2F6, 0xF2F6, 0xB230, 0xFB7A, 0xFB9B, 0xFB9B, 0xFBBC, 0xFBBC, 0xFBBC, 0xFB18, 0xE2B4, 0xDA94,
        0xC272, 0xC252, 0xCA73, 0xDA94, 0xE2B5, 0xFB18, 0xE2B5, 0xC252, 0xD293, 0xFAF7, 0xFAF7, 0xFB18,
        0xFB38, 0xF2F6, 0xFB38, 0xFB59, 0xFB18, 0x7E49, 0x6D88, 0x7588, 0x8669, 0x86A9, 0x75C8, 0x7588,
        0x7588, 0x75C8, 0x6D68, 0x7588, 0x7DE8, 0x7DE8, 0x7DE8, 0x7DE8, 0x7DE8, 0x7DE8, 0x7DE8, 0x7DE8,
        0x7DE8, 0xF2F6, 0xF2F6, 0xF2F6, 0xF2F6, 0xF2F6, 0xF2F6, 0xF2F6, 0xF2F6, 0xF2F6, 0xF2F6, 0xF2F6,
        0xF2F6, 0xF2F6, 0xF2F6, 0xF2F6, 0xF2F6, 0xF2F6, 0xF2F6, 0xF2F6, 0xF2F6, 0xFBBC, 0xFBBC, 0xFBBC,
        0xFBBC, 0xFBBC, 0xFB9B, 0xFB17, 0xFB39, 0xFB38, 0xFB5A, 0xEAD5, 0xE2B5, 0xFAF7, 0xFB39, 0xEAD6,
        0xBA31, 0xB230, 0xBA31, 0xBA31, 0xDA94, 0xE2B5, 0xFB17, 0xFB38, 0xFB5A, 0x8EC9, 0x7E29, 0x8EA9,
        0x7E29, 0x8689, 0x7E28, 0x7588, 0x75A8, 0x75A8, 0x7E08, 0x6D47, 0x7DE8, 0x7DE8, 0x7DE8, 0x7DE8,
        0x7DE8, 0x7DE8, 0x7DE8, 0x7DE8, 0x7DE8, 0xF2F6, 0xF2F6, 0xF2F6, 0xF2F6, 0xF2F6, 0xF2F6, 0xF2F6,
        0xF2F6, 0xF2F6, 0xF2F6, 0xF2F6, 0xF2F6, 0xF2F6, 0xF2F6, 0xF2F6, 0xF2F6, 0xF2F6, 0xF2F6, 0xF2F6,
        0xF2F6, 0xF2F6, 0xD293, 0xFBBC, 0xFBBC, 0xFBBC, 0xFBBC, 0xFB59, 0xFB18, 0xEAD5, 0xEAD5, 0xEAD6,
        0xDA94, 0xCA72, 0xF2F6, 0xF2F6, 0xD294, 0xDAB4, 0xC251, 0xCA72, 0xDAB4, 0xF2F6, 0xEAD5, 0xF2D6,
        0xFB17, 0x7E28, 0x6D67, 0x75E8, 0x7E08, 0x7588, 0x7588, 0x7E08, 0x8669, 0x8649, 0x7588, 0x7E28,
        0xF2F6, 0xF2F6, 0xF2F6, 0xF2F6, 0xF2F6, 0xF2F6, 0xF2F6, 0xF2F6, 0xF2F6, 0xF2F6, 0xF2F6, 0xF2F6,
        0xF2F6, 0xF2F6, 0xF2F6, 0xF2F6, 0xF2F6, 0xF2F6, 0xF2F6, 0xF2F6, 0xF2F6, 0xF2F6, 0xF2F6, 0xF2F6,
        0xF2F6, 0xF2F6, 0xF2F6, 0xF2F6, 0xF2F6, 0xF2F6, 0xF2F6, 0xF2F6, 0xF2F6, 0xF2F6, 0xF2F6, 0xF2F6,
        0xF2F6, 0xF2F6, 0xF2F6, 0xF2F6, 0xF2F6, 0xF2F6, 0xF2F6, 0xF2F6, 0xF2F6, 0xF2F6, 0xF2F6, 0xF2F6,
        0xF2F6, 0xF2F6, 0xF2F6, 0xF2F6, 0xF2F6, 0xF2F6, 0xF2F6, 0xF2F6, 0xF2F6, 0xF2F6, 0xF2F6, 0xF2F6,
        0xF2F6, 0xF2F6, 0xF2F6, 0xF2F6, 0xBC6F, 0xBC6F, 0xBC6F, 0xBC6F, 0xBC6F, 0xC4D0, 0xF2F6, 0xF2F6,
        0xFB59, 0xFB59, 0xFB38, 0xFB59, 0xFB59, 0xFB39, 0xFB59, 0xFB59, 0xFB38, 0xFB17, 0xFB18, 0xFB59,
        0xF2F6, 0xFB59, 0xFB59, 0xFB59, 0xFB38, 0xFB59, 0xFB17, 0xFB59, 0xB44F, 0xB42F, 0xABAE, 0xABAE,
        0x7DE8, 0x7DE8, 0x7DE8, 0x7DE8, 0x8EC9, 0x8669, 0xBCD2, 0xFBBC, 0xFB59, 0xFB59, 0xFB17, 0xFB5A,
        0xFB9B, 0xFB9B, 0xFB9C, 0xFBBC, 0xFB59, 0xFB59, 0xFB38, 0xFB38, 0xFB7A, 0xFBBC, 0xFBBC, 0xFBBC,
        0xFB9B, 0xFB59, 0xFBBC, 0xEB17, 0xB48F, 0x64E7, 0x5C66, 0x64E7, 0x7DE8, 0x7DE8, 0x7DE8, 0x7DE8,
        0x972A, 0x972A, 0xCD73, 0xFB38, 0xF2F7, 0xFB18, 0xF2F6, 0xFB7A, 0xFB9B, 0xFB9B, 0xFB9B, 0xFB5A,
        0xF2F6, 0xFB17, 0xFB17, 0xFB59, 0xFBBC, 0xFB9B, 0xFBBC, 0xFB59, 0xFB5A, 0xFB9C, 0xEAF6, 0xD293,
        0x9B8D, 0x5C86, 0x5CA6, 0x64E7, 0x7DE8, 0x7DE8, 0x7DE8, 0x7DE8, 0x972A, 0x9F8B, 0xC531, 0xFB38,
        0xFB17, 0xE2D5, 0xFB59, 0xFB38, 0xF2F7, 0xFB59, 0xFB38, 0xE2B5, 0xEAD6, 0xF2F6, 0xF2F6, 0xFB59,
        0xFB59, 0xFB17, 0xFB7A, 0xFB7A, 0xFBBC, 0xE2D5, 0xBA31, 0xBA31, 0x8B4B, 0x5C86, 0x5CA6, 0x64C7,
        0x7DE8, 0x7DE8, 0x7DE8, 0x8669, 0x9F8B, 0x9F8B, 0xE4B8, 0xFB9B, 0xFB5A, 0xFB38, 0xF318, 0xDAB4,
        0xD293, 0xEAD6, 0xDAB4, 0xE2D5, 0xFB39, 0xF2F7, 0xF317, 0xFB17, 0xEAF6, 0xFB17, 0xFB9C, 0xFB7A,
        0xFB7A, 0xE2D5, 0xBA51, 0xB230, 0x73E9, 0x5C86, 0x64C7, 0x64C7, 0x7DE8, 0x7DE8, 0x7DE8, 0x9F8B,
        0x9F8B, 0x9F8B, 0xFBBC, 0xFBBC, 0xFB7A, 0xFB9B, 0xDAB4, 0xEAD5, 0xE2B5, 0xD293, 0xC252, 0xEAD6,
        0xEAF6, 0xFAF7, 0xFB59, 0xF317, 0xFB38, 0xFB39, 0xFB9B, 0xFB59, 0xF2F6, 0xF2F6, 0xD293, 0xBA31,
        0x5C66, 0x5C86, 0x64C6, 0x5C66, 0x7DE8, 0x7DE8, 0x972A, 0x9F6A, 0x9F8B, 0xB68F, 0xFB7A, 0xFB7A,
        0xFB9B, 0xFBBC, 0xEAD6, 0xEAD5, 0xDAB4, 0xE2B5, 0xEAF6, 0xEAD5, 0xEAD5, 0xEAD6, 0xFB39, 0xF2F7,
        0xFB59, 0xF317, 0xFB7A, 0xFB39, 0xF317, 0xE2B4, 0xCA73, 0xA2EE, 0x5C86, 0x5CA6, 0x6D27, 0x5C66,
        0x7DE8, 0x972A, 0x976A, 0x974A, 0x9F8B, 0xCD93, 0xFB17, 0xFB9B, 0xFB7A, 0xFB59, 0xCA72, 0xE2B5,
        0xF317, 0xFB38, 0xFB59, 0xFB7A, 0xFB38, 0xF2F6, 0xFB38, 0xEAD6, 0xFB18, 0xE2B5, 0xFB59, 0xEAF6,
        0xEAD5, 0xCA73, 0xBA51, 0x8BAC, 0x5C86, 0x75A8, 0x6507, 0x5C66, 0x8669, 0x8F0A, 0x974A, 0x9F8B,
        0x974A, 0xFB9B, 0xFB39, 0xFB9B, 0xFB7A, 0xEAF6, 0xBA31, 0xDA94, 0xFB59, 0xFB7A, 0xFB7A, 0xFB7B,
        0xFB59, 0xFB7A, 0xFB59, 0xF2F7, 0xF317, 0xEAD5, 0xF2F7, 0xE2D5, 0xCA72, 0xBA31, 0xB230, 0x64A6,
        0x5CA6, 0x6D47, 0x5C66, 0x6D67, 0x972A, 0x86A9, 0x970A, 0x976A, 0xAE4E, 0xFB38, 0xFB7A, 0xFB9C,
        0xFBBC, 0xE2B5, 0xD293, 0xFB38, 0xFB7B, 0xFB9B, 0xFBBC, 0xFB9B, 0xFB5A, 0xFB38, 0xFB17, 0xF2F6,
        0xDAB4, 0xE2B5, 0xDA94, 0xEAD5, 0xE2B4, 0xD273, 0xAAEF, 0x5C66, 0x5C86, 0x5C86, 0x64C7, 0x75C8,
        0x976A, 0x75C8, 0x8689, 0x9F8B, 0xC531, 0xFB7A, 0xFBBC, 0xFB5A, 0xFB7A, 0xFB39, 0xEAD6, 0xFB9B,
        0xFB9C, 0xFB9B, 0xFBBC, 0xFB7A, 0xFB5A, 0xFB7B, 0xFB59, 0xEAD6, 0xCA72, 0xEB17, 0xE2D5, 0xDA94,
        0xCA73, 0xC252, 0x9BED, 0x6507, 0x5C66, 0x5C66, 0x6D27, 0x7588, 0x8F0A, 0x7588, 0x8EEA, 0x974A,
        0xBC70, 0xFB18, 0xFBBC, 0xFB17, 0xFB59, 0xFB59, 0xF2F6, 0xFB9B, 0xFB38, 0xFB7B, 0xFBBC, 0xFB9B,
        0xFB7A, 0xFB9B, 0xFB17, 0xDAB4, 0xCA73, 0xEAD5, 0xFB59, 0xD293, 0xC252, 0xBA51, 0x93AC, 0x86A9,
        0x64E7, 0x5C66, 0x5CA6, 0x6507, 0x8669, 0x75E8, 0x972A, 0x8669, 0xBC70, 0xF338, 0xFBBC, 0xF2F6,
        0xFB38, 0xF2F7, 0xEAD5, 0xFB7B, 0xFB59, 0xFB7A, 0xFBBC, 0xFB7A, 0xFB7B, 0xFB7A, 0xEAD5, 0xD293,
        0xE2B5, 0xDAB4, 0xEAF6, 0xCA72, 0xCA72, 0xBA31, 0x8B4B, 0x64E7, 0x64C6, 0x5C66, 0x6D67, 0x5C86,
        0x8669, 0x75C8, 0x8689, 0x7588, 0xBCB0, 0xFB7A, 0xFB59, 0xE2D5, 0xF2F7, 0xDAB4, 0xF317, 0xFB9B,
        0xFB38, 0xFB7A, 0xFB9B, 0xFB7A, 0xFB59, 0xF2F7, 0xEAF6, 0xF2F7, 0xCA73, 0xDAB4, 0xE2D5, 0xEAD5,
        0xE2B5, 0xB230, 0x8B6B, 0x64C7, 0x5CA6, 0x5CA6, 0x5C86, 0x64C7, 0x7DE8, 0x75A8, 0x75C8, 0x7DE8,
        0x8EEA, 0xFAF7, 0xFB17, 0xEAD6, 0xFAF7, 0xEAD6, 0xEAF6, 0xFB9B, 0xF2F7, 0xFB7A, 0xFB38, 0xF2F6,
        0xFB38, 0xEAF6, 0xE2D5, 0xF317, 0xF2F6, 0xE2D5, 0xF2F6, 0xE2B5, 0xF2F6, 0xD293, 0xBA51, 0x64C7,
        0x5C66, 0x5C66, 0x6507, 0x5C86, 0x8649, 0x6D47, 0x7588, 0x7DE8, 0x8649, 0xF2F7, 0xFB17, 0xFB17,
        0xE2B5, 0xE2B4, 0xF2F7, 0xFB9B, 0xF2F7, 0xFB38, 0xFB59, 0xE2B5, 0xF2F7, 0xFB18, 0xF2F7, 0xF2F7,
        0xE2B5, 0xFB39, 0xEAD6, 0xEAD5, 0xFB17, 0xEAD6, 0xBA31, 0x5C86, 0x5C66, 0x5C66, 0x5C86, 0x64C7,
        0x8649, 0x75A8, 0x6D67, 0x6D27, 0x75A8, 0xC4F1, 0xF317, 0xD293, 0xE2D5, 0xD293, 0xDAB4, 0xFB39,
        0xEAD6, 0xFB38, 0xFB38, 0xFB39, 0xFB7A, 0xF2F7, 0xFB59, 0xF2F6, 0xEAF6, 0xEAD6, 0xFB38, 0xDAB4,
        0xEAF6, 0xFB7A, 0xF2F7, 0xAC0E, 0x5C86, 0x64E7, 0x5C66, 0x5C86, 0x8689, 0x7E08, 0x7E08, 0x75A8,
        0x5CA6, 0xAC0F, 0xF2F6, 0xFB7A, 0xE2D5, 0xCA73, 0xE2B5, 0xEAD5, 0xFB17, 0xFB59, 0xF318, 0xFB9C,
        0xFB9B, 0xFB9B, 0xFB39, 0xFB7B, 0xFB7A, 0xFB5A, 0xFB18, 0xFB17, 0xEAF6, 0xF317, 0xFB38, 0xB44F,
        0x6D27, 0x5C66, 0x64C7, 0x6507, 0x972A, 0x8EEA, 0x7588, 0x75A8, 0x6D47, 0x9BCD, 0xDA94, 0xFB7A,
        0xEAD5, 0xDA94, 0xEAD5, 0xF2F6, 0xF2D6, 0xFB59, 0xFBBC, 0xFBBC, 0xFB7A, 0xFB9B, 0xFB7A, 0xFB17,
        0xFB38, 0xFB39, 0xF2F6, 0xFAF7, 0xFB17, 0xFB59, 0xFB38, 0xA40E, 0x8669, 0x7E29, 0x5C86, 0x5C66,
        0x7E28, 0x9F6B, 0x75C8, 0x7E29, 0x7588, 0xABEF, 0xEAD5, 0xD294, 0xF2F6, 0xDAB4, 0xF2F6, 0xF2F6,
        0xEAD5, 0xFB59, 0xFBBC, 0xFB9B, 0xFB9B, 0xFB59, 0xFB7A, 0xFB38, 0xFB38, 0xFAF7, 0xFB38, 0xFB59,
        0xFB38, 0xFB38, 0xF318, 0x9C0D, 0x75E8, 0x8EC9, 0x8F0A, 0x6D67, 0x7588, 0x976A, 0x974A, 0x8EC9,
        0x75E8, 0x9BAD, 0xEAD6, 0xEAD6, 0xD293, 0xFB59, 0xFB7B, 0xFB17, 0xFB38, 0xFB9B, 0xFBBC, 0xFB9B,
        0xFB5A, 0xEB17, 0xFB39, 0xFB7A, 0xFB7A, 0xF2F7, 0xFB38, 0xFB38, 0xE2B5, 0xFB17, 0xEAF6, 0xCD52,
        0x7E28, 0x8649, 0x8669, 0x7DE8, 0x7DE8, 0x75C8, 0x974A, 0x974A, 0x8649, 0xA40D, 0xD293, 0xF2F6,
        0xFB17, 0xFB38, 0xF35A, 0xFB38, 0xFB7A, 0xFB7A, 0xFB9B, 0xFB7A, 0xFB39, 0xFB7A, 0xFB18, 0xF2F6,
        0xE2D5, 0xF317, 0xF2F7, 0xFB38, 0xEAD5, 0xFAF7, 0xE2B5, 0xB4AF, 0x86A9, 0x6D68, 0x7DE8, 0x8689,
        0x7DE8, 0x7DE8, 0x6D67, 0x974A, 0x8EEA, 0xDBD3, 0xDAB4, 0xF2F6, 0xF2F6, 0xEAD6, 0xF2F7, 0xFB59,
        0xFB9B, 0xFB59, 0xFB38, 0xF2F6, 0xF2F6, 0xEAD5, 0xFB39, 0xFB38, 0xD293, 0xDAB4, 0xE2D5, 0xFB38,
        0xEAD6, 0xEAD6, 0xFB17, 0x8CCB, 0x8649, 0x8EC9, 0x6D47, 0x7588, 0x7DE8, 0x7DE8, 0x7DE8, 0x6D67,
        0x9F6A, 0xFB7A, 0xD294, 0xE2D5, 0xFB5A, 0xFB17, 0xEAF6, 0xFB38, 0xFB59, 0xF317, 0xEAD6, 0xFB17,
        0xF2F6, 0xE2D5, 0xDAB4, 0xFAF7, 0xD293, 0xD293, 0xDAB4, 0xEAF6, 0xE2D5, 0xEAF6, 0xDAB4, 0x7DE8,
        0x6D68, 0x7588, 0x7DE8, 0x7DE8, 0x7DE8, 0x7DE8, 0x7DE8, 0x7DE8, 0xB430, 0xFB9B, 0xF317, 0xFB59,
        0xFB17, 0xDAB4, 0xE2B5, 0xEAF6, 0xE2B5, 0xE2B4, 0xCA73, 0xD293, 0xEAD5, 0xE2B5, 0xD293, 0xDAB4,
        0xE2B5, 0xF2F6, 0xC252, 0xC252, 0xE2B5, 0xD293, 0x9BAD, 0x5CA6, 0x6D07, 0x6507, 0x6D47, 0x75A8,
        0x7DE8, 0x7DE8, 0x7DE8, 0x7DE8, 0xD3B3, 0xE2D5, 0xEB17, 0xFBBC, 0xFB59, 0xEAD6, 0xEAD6, 0xE2B4,
        0xC251, 0xDAB4, 0xDA94, 0xC272, 0xCA72, 0xE2B5, 0xF2F7, 0xEAD6, 0xCA73, 0xDAB4, 0xDAB4, 0xCA73,
        0xC251, 0xCA72, 0x94EB, 0x64E7, 0x6D27, 0x64C6, 0x6D67, 0x75C8, 0x7DE8, 0x7DE8, 0x7DE8, 0x7DE8,
        0xF2F6, 0xF2F6, 0xE2B5, 0xEB38, 0xFB9B, 0xFB7B, 0xFB38, 0xDAB4, 0xE2B4, 0xC272, 0xE2D5, 0xD294,
        0xC252, 0xBA31, 0xC272, 0xD293, 0xE2B4, 0xC252, 0xCA73, 0xE2B4, 0xCA73, 0xBA51, 0x64C7, 0x5C66,
        0x64E7, 0x64E7, 0x75A8, 0x7E08, 0x7DE8, 0x7DE8, 0x7DE8, 0x7DE8, 0xF2F6, 0xF2F6, 0xF2F6, 0xE2B5,
        0xF317, 0xFB9B, 0xFB9B, 0xFB7A, 0xF317, 0xCA72, 0xBA51, 0xD294, 0xDA94, 0xBA51, 0xB231, 0xC252,
        0xD294, 0xF2F6, 0xBA51, 0xCA72, 0xD294, 0xE2B5, 0x6D67, 0x64E7, 0x64E7, 0x75A8, 0x8EA9, 0x7E29,
        0x7DE8, 0x7DE8, 0x7DE8, 0x7DE8, 0xF2F6, 0xF2F6, 0xF2F6, 0xE2B5, 0xFB17, 0xE2B5, 0xF338, 0xFBBC,
        0xFBBC, 0xF317, 0xE2B5, 0xD293, 0xC272, 0xD273, 0xBA51, 0xB230, 0xB231, 0xC272, 0xC272, 0xBA31,
        0xBA31, 0xCA72, 0x6507, 0x6D47, 0x75A8, 0x75C8, 0x7DE8, 0x6D68, 0x7DE8, 0x7DE8, 0x7DE8, 0x7DE8,
        0xF2F6, 0xF2F6, 0xF2F6, 0xF2F6, 0xF2F6, 0xF2F6, 0xF2F6, 0xF2F6, 0xEB39, 0xFB7B, 0xF317, 0xF318,
        0xD293, 0xB230, 0xC252, 0xC252, 0xBA31, 0xBA31, 0xEAD5, 0xEAD6, 0xCA73, 0xCA72, 0x6D47, 0x7588,
        0x6D47, 0x7DE8, 0x8EA9, 0x8669, 0x7DE8, 0x7DE8, 0x7DE8, 0x7DE8, 0xB46F, 0xF2F6, 0xF2F6, 0xF2F6,
        0xF2F6, 0xF2F6, 0xF2F6, 0xF2F6, 0xF2F6, 0xEAD6, 0xFB7A, 0xFBBC, 0xFB9B, 0xEAF7, 0xE2D5, 0xE2D5,
        0xF2F6, 0xE2D5, 0xD293, 0xDAB4, 0xEAD6, 0xFB38, 0xC4F1, 0x7E08, 0x8669, 0x75C8, 0x75A8, 0x75A8,
        0xBC6F, 0xBC6F, 0xBC6F, 0xBC6F, 0xD3B3, 0xF2F6, 0xF2F6, 0xF2F6, 0xF2F6, 0xF2F6, 0xF2F6, 0xF2F6,
        0xF2F6, 0xF2F6, 0xF2F6, 0xF317, 0xFB59, 0xFB39, 0xF2F6, 0xF2F6, 0xE2B5, 0xF2F6, 0xEAD5, 0xDAB4,
        0xF2F6, 0xF2F6, 0xDBD3, 0xB44F, 0xB46F, 0xB46F, 0xBCB0, 0xB46F, 0x9D2C, 0x9D2C, 0xA5AC, 0xEB97,
        0xFB59, 0xFB39, 0xFB7A, 0xFB7B, 0xFB38, 0xFB38, 0xFB59, 0xFB9B, 0xFB59, 0xFB59, 0xA48D, 0x842A,
        0x7DE8, 0x7DE8, 0x974A, 0xE435, 0xF2F7, 0xFB38, 0xFB59, 0xF338, 0xF2F6, 0xFB38, 0xFB7A, 0xFB7A,
        0xFB5A, 0xCA73, 0x73E9, 0x64C6, 0x7DE8, 0x8669, 0x9F8B, 0xFBFB, 0xFB7A, 0xE2D5, 0xDAB4, 0xDAB4,
        0xF317, 0xFB18, 0xFB17, 0xFB7B, 0xF317, 0xC251, 0x6447, 0x64A6, 0x7E49, 0x974A, 0xAECE, 0xFB5A,
        0xFB9B, 0xE2B5, 0xEAF6, 0xF318, 0xF2F6, 0xF317, 0xF317, 0xFB38, 0xE2B5, 0xB2CF, 0x64C7, 0x64C6,
        0x8EC9, 0x974A, 0xD513, 0xFB7A, 0xF338, 0xDAB4, 0xFB7A, 0xFB9B, 0xFB59, 0xFB17, 0xEAD5, 0xEAD5,
        0xCA73, 0x838B, 0x64C6, 0x6D27, 0x8669, 0x8F0A, 0xDC15, 0xFB7A, 0xFB59, 0xF339, 0xFB7A, 0xFB9B,
        0xFB7A, 0xF2F6, 0xDAB4, 0xE2D5, 0xC252, 0x84CA, 0x5C86, 0x6D07, 0x7E08, 0x8669, 0xDBF5, 0xF338,
        0xEAF6, 0xF339, 0xFB59, 0xFB9B, 0xFB59, 0xE2D5, 0xDAB4, 0xE2B5, 0xC272, 0x7409, 0x5CA6, 0x64C7,
        0x75C8, 0x75C8, 0xBCD0, 0xF2F7, 0xEAD5, 0xFB39, 0xFB38, 0xF317, 0xF317, 0xF2F6, 0xEAF6, 0xEAD5,
        0xEAD6, 0x8B6C, 0x5C66, 0x64A6, 0x7E29, 0x7588, 0x8CCB, 0xF2F7, 0xDAB4, 0xEAD6, 0xFB18, 0xFB59,
        0xFB7A, 0xFB39, 0xF318, 0xF2F7, 0xF317, 0xD393, 0x64C6, 0x5CA6, 0x8EEA, 0x75C8, 0x8CAB, 0xE2D5,
        0xE2B5, 0xF2F6, 0xF318, 0xFBBC, 0xFB7A, 0xFB59, 0xFB38, 0xFB18, 0xFB38, 0xCB93, 0x8649, 0x6D67,
        0x7E29, 0x972A, 0x8D0B, 0xE2D5, 0xF2F7, 0xFB59, 0xFB5A, 0xFB9B, 0xFB59, 0xFB38, 0xF317, 0xFB18,
        0xF2F6, 0xD3F3, 0x7E29, 0x7E29, 0x7DE8, 0x7E08, 0xC570, 0xE2B5, 0xF317, 0xF317, 0xFB59, 0xF2F7,
        0xEAD6, 0xF2F7, 0xD293, 0xEAD6, 0xEAD6, 0xB410, 0x7E08, 0x75A8, 0x7DE8, 0x7DE8, 0xDB95, 0xF339,
        0xEAF6, 0xE2D5, 0xDA94, 0xD273, 0xDAB4, 0xE2B5, 0xE2B4, 0xCA72, 0xCA73, 0x7C89, 0x6507, 0x7588,
        0x7DE8, 0x7DE8, 0xF2F6, 0xEAF6, 0xFB7A, 0xF338, 0xDAB4, 0xD293, 0xC252, 0xC252, 0xDAB4, 0xCA73,
        0xD273, 0x64E7, 0x6507, 0x7E28, 0x7DE8, 0x7DE8, 0xF2F6, 0xF2F6, 0xF2F6, 0xFB38, 0xF35A, 0xEAD6,
        0xC272, 0xBA51, 0xBA31, 0xD293, 0xC252, 0x6D47, 0x75A8, 0x7E08, 0x9D2C, 0x9D2C, 0xDB94, 0xF2F6,
        0xF2F6, 0xF2F6, 0xF2F6, 0xFB59, 0xFB59, 0xEAD6, 0xEAD6, 0xDAB4, 0xF2F6, 0xB4AF, 0x9D4C, 0x950C,
        0x8D8A, 0xC531, 0xFB38, 0xFB5A, 0xFB18, 0xFB7A, 0xEB18, 0x7C4A, 0x8689, 0xCD73, 0xF318, 0xE2D5,
        0xF317, 0xFB38, 0xD2B3, 0x64A7, 0x8EEA, 0xEBF7, 0xF317, 0xFB7B, 0xFB38, 0xE2D5, 0xA34E, 0x64E7,
        0x7E08, 0xE3B5, 0xF317, 0xFB59, 0xF317, 0xE2D5, 0xAB2F, 0x5CA6, 0x7E08, 0xBBD1, 0xE2D5, 0xFB59,
        0xFB59, 0xFB17, 0xE355, 0x6D47, 0x8649, 0xC3F1, 0xF317, 0xFB59, 0xF317, 0xEAF6, 0xDB74, 0x7E08,
        0x7DE8, 0xEB36, 0xF317, 0xD293, 0xD293, 0xD293, 0xA38D, 0x6D67, 0x8D8A, 0xEB16, 0xF2F7, 0xF318,
        0xDAB4, 0xD294, 0xB3D0, 0x8D8A, 0xA5AE, 0xF318, 0xFB38, 0xA3AF, 0xB52F, 0xF339, 0xEAF6, 0x840B,
        0x9D0D, 0xF318, 0xF318, 0xAC8E, 0xB470, 0xEAF6, 0xD294, 0x948C, 0xD453, 0xC372, 0xCBF3, 0xC3B1,
        0xCBD2,
    },
    {
        0xF2F6, 0xF2F6, 0xF2F6, 0xF2F6, 0xF2F6, 0xF2F6, 0xF2F6, 0xF2F6, 0xF2F6, 0xF2F6, 0xF2F6, 0xF2F6,
        0xF2F6, 0xF2F6, 0xF2F6, 0xF2F6, 0xF2F6, 0xF2F6, 0xF2F6, 0xF2F6, 0xF2F6, 0xF2F6, 0xF2F6, 0xF2F6,
        0xF2F6, 0xF2F6, 0xF2F6, 0xF2F6, 0xF2F6, 0xF2F6, 0xF2F6, 0xF2F6, 0xF2F6, 0xF2F6, 0xF2F6, 0xF2F6,
        0xF2F6, 0xF2F6, 0xF2F6, 0xF2F6, 0xF2F6, 0xF2F6, 0xF2F6, 0xF2F6, 0xF2F6, 0xF2F6, 0xF2F6, 0xF2F6,
        0xF2F6, 0xF2F6, 0xF2F6, 0xF2F6, 0xF2F6, 0xF2F6, 0xF2F6, 0xF2F6, 0xF2F6, 0xF2F6, 0xF2F6, 0xF2F6,
        0xF2F6, 0xF2F6, 0xF2F6, 0xF2F6, 0xF2F6, 0xF2F6, 0xF2F6, 0xF2F6, 0xF2F6, 0xF2F6, 0xF2F6, 0xF2F6,
        0xF2F6, 0xF2F6, 0xF2F6, 0xFBBC, 0xF2F6, 0xF2F6, 0xF2F6, 0xF2F6, 0xFBBC, 0xFB7B, 0xFB9B, 0xFBBC,
        0xFB9C, 0xFB59, 0xFB9B, 0xFBBC, 0x9F8B, 0x976A, 0x972A, 0x8F0A, 0x9F8B, 0x9F8B, 0x9F8B, 0x9F8B,
        0x8689, 0x9F6A, 0x86A9, 0x8649, 0x8649, 0x8ECA, 0x974A, 0x972A, 0x75C8, 0x7588, 0x8F0A, 0x9F8B,
        0xFBBC, 0xFB7A, 0xFBBC, 0xFBBC, 0xFB59, 0xFB9B, 0xFBBC, 0xFB7A, 0xF2F6, 0xFB7A, 0xFBBC, 0xFB5A,
        0xF2F6, 0xDAB4, 0xDA94, 0xE2B5, 0xB230, 0xB230, 0xB230, 0xB230, 0xF2F6, 0xF2F6, 0xF2F6, 0xF2F6,
        0xF2F6, 0xF2F6, 0xF2F6, 0xF2F6, 0xF2F6, 0xFBBC, 0xF2F6, 0xFBBC, 0xF2F6, 0xFBBC, 0xFBBC, 0xFBBC,
        0xFBBC, 0xFB38, 0xFB17, 0xFB9B, 0xFB17, 0xFB17, 0xFB39, 0xFB9B, 0xFB7A, 0x8F0A, 0x970A, 0x974A,
        0x9F8B, 0x8EEA, 0x976A, 0x9F8B, 0x8EEA, 0x8649, 0x8669, 0x974A, 0x8EEA, 0x7E49, 0x8EEA, 0x8F0A,
        0x7E08, 0x8EC9, 0x9F8B, 0x9F8B, 0x9F8B, 0xFBBC, 0xFBBC, 0xFBBC, 0xFBBC, 0xFBBC, 0xFB9B, 0xFB39,
        0xFBBC, 0xFBBC, 0xFBBC, 0xF2F6, 0xD293, 0xF2D6, 0xFB17, 0xB230, 0xB230, 0xB230, 0xC252, 0xB230,
        0xF2F6, 0xF2F6, 0xF2F6, 0xF2F6, 0xF2F6, 0xF2F6, 0xF2F6, 0xF2F6, 0xFBBC, 0xF2F6, 0xF2F6, 0xF2F6,
        0xF2F6, 0xFBBC, 0xFBBC, 0xFB9C, 0xFB59, 0xF2F6, 0xFB5A, 0xFB59, 0xFB17, 0xFB18, 0xFB18, 0xFB9B,
        0xFB9C, 0x8F0A, 0x8EC9, 0x9F8B, 0x972A, 0x9F8A, 0x9F8B, 0x9F8B, 0x972A, 0x7E08, 0x7E49, 0x8669,
        0x8669, 0x7E08, 0x75C8, 0x7E08, 0x976A, 0x9F8B, 0x9F8A, 0x9F8B, 0x9F8B, 0xFBBC, 0xFBBC, 0xFBBC,
        0xFB7A, 0xFB59, 0xE2D5, 0xFB7A, 0xFBBC, 0xFBBC, 0xFB39, 0xCA72, 0xFB17, 0xFB7A, 0xC251, 0xB230,
        0xB230, 0xB230, 0xDA94, 0xD273, 0xF2F6, 0xF2F6, 0xF2F6, 0xF2F6, 0xF2F6, 0xF2F6, 0xF2F6, 0xF2F6,
        0xFBBC, 0xFBBC, 0xFBBC, 0xF2F6, 0xFBBC, 0xFB9B, 0xFB7A, 0xF2F6, 0xEAD5, 0xFB18, 0xFB38, 0xFB59,
        0xFB38, 0xF2F6, 0xFB39, 0xFBBC, 0xFBBC, 0x974A, 0x9F8B, 0x974A, 0x8EEA, 0x972A, 0x974A, 0x8669,
        0x7DE8, 0x6D47, 0x8689, 0x75C8, 0x7E29, 0x7E49, 0x8689, 0x8EC9, 0x9F8B, 0x9F8B, 0x9F8B, 0x976A,
        0x9F8B, 0xFB9C, 0xFB9C, 0xFB59, 0xFB17, 0xFB59, 0xFBBC, 0xFBBC, 0xFB59, 0xEAD6, 0xC252, 0xD294,
        0xFB17, 0xB230, 0xB230, 0xB230, 0xB230, 0xB230, 0xBA31, 0xBA51, 0xF2F6, 0xF2F6, 0xF2F6, 0xF2F6,
        0xF2F6, 0xF2F6, 0xF2F6, 0xF2F6, 0xF2F6, 0xFBBC, 0xFBBC, 0xFBBC, 0xFB9B, 0xFB7A, 0xFB38, 0xFB39,
        0xF2F6, 0xFB18, 0xFB17, 0xF2F7, 0xEAD6, 0xE2B5, 0xFB38, 0xFBBC, 0xFB7A, 0x86A9, 0x974A, 0x8689,
        0x976A, 0x972A, 0x8ECA, 0x8689, 0x8689, 0x7E29, 0x8649, 0x7E08, 0x8689, 0x7E08, 0x8689, 0x972A,
        0x9F8B, 0x9F8A, 0x8EEA, 0x8EEA, 0x9F8A, 0xFBBC, 0xFB7A, 0xF2D6, 0xFB7A, 0xFBBC, 0xFBBC, 0xFB59,
        0xFAF7, 0xC272, 0xBA51, 0xFAF7, 0xBA51, 0xB230, 0xB230, 0xBA51, 0xC252, 0xCA72, 0xD293, 0xE2B4,
        0xF2F6, 0xF2F6, 0xF2F6, 0xF2F6, 0xF2F6, 0xF2F6, 0xF2F6, 0xF2F6, 0xF2F6, 0xFBBC, 0xFBBC, 0xFBBC,
        0xFB59, 0xFB38, 0xFB39, 0xFB18, 0xF2F6, 0xF2F6, 0xE2D5, 0xE2B4, 0xE2D5, 0xFB7A, 0xFB38, 0xFB39,
        0xF2D6, 0x8669, 0x8EEA, 0x974A, 0x970A, 0x8689, 0x75C8, 0x6D47, 0x75C8, 0x6D67, 0x75C8, 0x75C8,
        0x75C8, 0x8649, 0x8689, 0x8EC9, 0x970A, 0x8669, 0x7E29, 0x75C8, 0x8EEA, 0xFB9B, 0xFB59, 0xFB5A,
        0xFBBC, 0xFBBC, 0xFB7B, 0xE2B5, 0xB230, 0xB230, 0xB230, 0xC272, 0xB230, 0xB230, 0xBA31, 0xC252,
        0xD293, 0xB230, 0xC251, 0xCA72, 0xF2F6, 0xF2F6, 0xF2F6, 0xF2F6, 0xF2F6, 0xF2F6, 0xF2F6, 0xF2F6,
        0xFBBC, 0xFBBC, 0xFBBC, 0xFBBC, 0xFB9C, 0xFB7A, 0xFB17, 0xFB38, 0xFB38, 0xFB38, 0xE2B5, 0xF2F6,
        0xFB7A, 0xFB7A, 0xFB39, 0xFB17, 0xF2F7, 0x7DE8, 0x86A9, 0x75A8, 0x7E29, 0x7DE8, 0x6D47, 0x7588,
        0x7E08, 0x7E08, 0x7E08, 0x75C8, 0x7588, 0x7E08, 0x970A, 0x8689, 0x8EEA, 0x8669, 0x7E08, 0x8EA9,
        0x86A9, 0xFB59, 0xFB7A, 0xFB9B, 0xFB9C, 0xFBBC, 0xF2D6, 0xB230, 0xB230, 0xC272, 0xB230, 0xB230,
        0xB230, 0xB230, 0xB230, 0xB230, 0xB230, 0xB230, 0xB230, 0xCA73, 0xF2F6, 0xF2F6, 0xF2F6, 0xF2F6,
        0xF2F6, 0xF2F6, 0xF2F6, 0xF2F6, 0xFBBC, 0xFBBC, 0xFBBC, 0xFBBC, 0xFBBC, 0xFB9B, 0xFB7A, 0xFB7A,
        0xFB39, 0xFB17, 0xEAD5, 0xFB17, 0xFB9C, 0xEAD5, 0xD293, 0xD293, 0xDAB4, 0x64E7, 0x64E7, 0x7E29,
        0x75A8, 0x6D47, 0x6D27, 0x7E08, 0x8689, 0x9F8B, 0x8EA9, 0x7588, 0x6D67, 0x7E29, 0x7E29, 0x7E29,
        0x8EA9, 0x75C8, 0x7E08, 0x8669, 0x8F0A, 0xFB9C, 0xFB9B, 0xFB7B, 0xFB9B, 0xFBBC, 0xFB38, 0xB230,
        0xB230, 0xD293, 0xB230, 0xB230, 0xB230, 0xB230, 0xB230, 0xCA72, 0xB230, 0xF2F6, 0xE2B4, 0xC252,
        0xF2F6, 0xF2F6, 0xF2F6, 0xF2F6, 0xF2F6, 0xF2F6, 0xF2F6, 0xFBBC, 0xFBBC, 0xFBBC, 0xFBBC, 0xFBBC,
        0xFBBC, 0xFBBC, 0xFBBC, 0xFB9C, 0xFBBC, 0xFB7A, 0xFB39, 0xFB9B, 0xFB59, 0xE2B5, 0xD294, 0xEAD5,
        0x75A8, 0x5CA6, 0x75A8, 0x7E29, 0x6D27, 0x6D67, 0x75A8, 0x7588, 0x75C8, 0x8669, 0x7DE8, 0x7DE8,
        0x8669, 0x8689, 0x75C8, 0x8649, 0x7DE8, 0x6D27, 0x75A8, 0x8EA9, 0xFBBC, 0xFBBC, 0xFB59, 0xFB7B,
        0xFB59, 0xFB59, 0xFB59, 0xCA73, 0xB230, 0xB230, 0xB230, 0xB230, 0xB230, 0xB230, 0xB230, 0xB230,
        0xB230, 0xB230, 0xB230, 0xB230, 0xF2F6, 0xF2F6, 0xF2F6, 0xF2F6, 0xF2F6, 0xF2F6, 0xFBBC, 0xFBBC,
        0xFBBC, 0xFBBC, 0xFBBC, 0xFBBC, 0xFBBC, 0xFBBC, 0xFBBC, 0xFBBC, 0xFBBC, 0xFB18, 0xFB59, 0xFB9C,
        0xFB18, 0xB230, 0xDA94, 0xF2F6, 0x7588, 0x6D67, 0x6507, 0x6D47, 0x64E7, 0x64E7, 0x8649, 0x7588,
        0x75C8, 0x8669, 0x7E08, 0x8649, 0x8F0A, 0x8EC9, 0x86A9, 0x8669, 0x7E29, 0x8EA9, 0x7E08, 0x970A,
        0xFB9B, 0xFBBC, 0xFAF7, 0xFB7B, 0xFB38, 0xDA94, 0xEAD5, 0xE2B5, 0xC252, 0xCA72, 0xB230, 0xB230,
        0xB230, 0xB230, 0xB230, 0xB230, 0xB230, 0xB230, 0xB230, 0xB230, 0xF2F6, 0xF2F6, 0xF2F6, 0xF2F6,
        0xF2F6, 0xF2F6, 0xFBBC, 0xFBBC, 0xFBBC, 0xFBBC, 0xFBBC, 0xFBBC, 0xFBBC, 0xFBBC, 0xFBBC, 0xFBBC,
        0xFBBC, 0xFB59, 0xFB9B, 0xFBBC, 0xFAF7, 0xBA51, 0xDAB4, 0xFB17, 0x75C8, 0x6D07, 0x6507, 0x64E7,
        0x5CA6, 0x5C86, 0x75E8, 0x6D67, 0x6D47, 0x75E8, 0x75C8, 0x7E08, 0x86A9, 0x7E49, 0x7E08, 0x6D67,
        0x7DE8, 0x8EC9, 0x8649, 0x8EC9, 0xFB7A, 0xFB7A, 0xFB38, 0xFB9B, 0xFB17, 0xEAD5, 0xFB17, 0xF2F6,
        0xC252, 0xF2F6, 0xC252, 0xB230, 0xB230, 0xB230, 0xBA51, 0xB230, 0xCA73, 0xD293, 0xB231, 0xB230,
        0xF2F6, 0xF2F6, 0xF2F6, 0xF2F6, 0xF2F6, 0xFBBC, 0xFBBC, 0xFBBC, 0xFBBC, 0xFBBC, 0xFBBC, 0xFBBC,
        0xFBBC, 0xFB7A, 0xFB38, 0xFB9C, 0xFB9B, 0xFB7B, 0xFBBC, 0xFBBC, 0xFB38, 0xF2F6, 0xF2F6, 0xD294,
        0x64E7, 0x6D47, 0x6D67, 0x6D27, 0x6D67, 0x6D67, 0x7E08, 0x64C7, 0x75A8, 0x75E8, 0x75A8, 0x75C8,
        0x8F0A, 0x8669, 0x7E08, 0x8649, 0x972A, 0x970A, 0x86A9, 0x8EEA, 0xFBBC, 0xFB38, 0xEAD5, 0xFB7A,
        0xFB38, 0xDAB4, 0xE2B5, 0xEAD5, 0xB230, 0xEAD6, 0xB230, 0xB230, 0xB230, 0xB230, 0xB230, 0xC272,
        0xEAD5, 0xC272, 0xB230, 0xB230, 0xF2F6, 0xF2F6, 0xF2F6, 0xF2F6, 0xFBBC, 0xFBBC, 0xFB9B, 0xFBBC,
        0xFBBC, 0xFBBC, 0xFBBC, 0xFBBC, 0xFB9B, 0xFB17, 0xFB38, 0xFBBC, 0xFBBC, 0xFB9C, 0xFBBC, 0xFBBC,
        0xD293, 0xE2D5, 0xEAD5, 0x75C8, 0x6D67, 0x7E08, 0x6D27, 0x8649, 0x8689, 0x8669, 0x7E29, 0x6D67,
        0x75A8, 0x6D47, 0x6D27, 0x8669, 0x8EEA, 0x7DE8, 0x7588, 0x7E29, 0x8689, 0x7588, 0x6507, 0xF2F6,
        0xFBBC, 0xFB38, 0xFB17, 0xFB9B, 0xFB7A, 0xF2F6, 0xDAB4, 0xD293, 0xC252, 0xD293, 0xB230, 0xD273,
        0xC252, 0xB230, 0xB230, 0xC252, 0xE2B4, 0xB230, 0xB230, 0xB230, 0xF2F6, 0xF2F6, 0xF2F6, 0xFBBC,
        0xFBBC, 0xFB5A, 0xFB9B, 0xFB7B, 0xFBBC, 0xFBBC, 0xFBBC, 0xFB9B, 0xFB38, 0xFB38, 0xFB9B, 0xFBBC,
        0xFB9C, 0xFB7A, 0xFB9B, 0xFB38, 0xCA73, 0xD294, 0xEAD5, 0x7E29, 0x8EEA, 0x7E08, 0x75A8, 0x8669,
        0x972A, 0x8669, 0x9F8B, 0x970A, 0x7E28, 0x75C8, 0x7588, 0x7E08, 0x8669, 0x7E08, 0x7E08, 0x75A8,
        0x75E8, 0x8689, 0x64A6, 0xFB17, 0xFBBC, 0xFB39, 0xEAD6, 0xFB59, 0xE2B5, 0xE2B4, 0xC252, 0xC252,
        0xCA73, 0xC251, 0xB230, 0xE2D5, 0xCA72, 0xB230, 0xB230, 0xFB5A, 0xE2B5, 0xC252, 0xB230, 0xB230,
        0xF2F6, 0xF2F6, 0xFBBC, 0xFBBC, 0xFBBC, 0xFBBC, 0xFBBC, 0xFBBC, 0xFBBC, 0xFBBC, 0xFBBC, 0xFB7A,
        0xEAD6, 0xF2F6, 0xFB7A, 0xFBBC, 0xFB9B, 0xFB17, 0xFB59, 0xFB38, 0xBA31, 0xCA72, 0xCA72, 0x7588,
        0x75C8, 0x75A8, 0x8EA9, 0x8EEA, 0x8669, 0x8669, 0x8EA9, 0x8649, 0x972A, 0x8669, 0x75C8, 0x7E29,
        0x8EEA, 0x8669, 0x7DE8, 0x6D47, 0x7DE8, 0x8EC9, 0x75C8, 0xDA94, 0xFB17, 0xFB38, 0xE2B5, 0xE2B5,
        0xE2B5, 0xFB17, 0xD273, 0xDA94, 0xB230, 0xB230, 0xB230, 0xBA51, 0xB230, 0xB230, 0xC252, 0xFB38,
        0xD293, 0xB230, 0xB230, 0xB230, 0xF2F6, 0xF2F6, 0xFBBC, 0xFB59, 0xFB9C, 0xFBBC, 0xFBBC, 0xFBBC,
        0xFB9B, 0xFBBC, 0xFBBC, 0xFB7A, 0xF2F6, 0xFB59, 0xFB9B, 0xFBBC, 0xFBBC, 0xF2F6, 0xFB38, 0xE2B4,
        0xB231, 0xBA31, 0x5C66, 0x75A8, 0x8EC9, 0x8EA9, 0x8EEA, 0x8EA9, 0x972A, 0x8EEA, 0x8689, 0x8EEA,
        0x8EC9, 0x7DE8, 0x8649, 0x8EEA, 0x8EEA, 0x972A, 0x8669, 0x6D67, 0x75C8, 0x8649, 0xFB18, 0xC272,
        0xEAD6, 0xFB39, 0xFB17, 0xC252, 0xDAB4, 0xCA72, 0xC251, 0xB230, 0xB230, 0xB230, 0xBA51, 0xC252,
        0xB230, 0xB230, 0xDA94, 0xEAD6, 0xB230, 0xB230, 0xC251, 0xB230, 0xF2F6, 0xFBBC, 0xFBBC, 0xFB38,
        0xFB59, 0xFBBC, 0xFBBC, 0xFB9C, 0xFB9B, 0xFB9C, 0xFB9C, 0xFB39, 0xFB39, 0xFB7A, 0xFB59, 0xFBBC,
        0xFBBC, 0xFB59, 0xF2F6, 0xE2B4, 0xBA31, 0xBA31, 0x6D27, 0x7DE8, 0x8EEA, 0x7E49, 0x972A, 0x8EEA,
        0x8EEA, 0x8689, 0x972A, 0x9F8B, 0x8F0A, 0x8689, 0x8EC9, 0x9F8B, 0x8649, 0x8689, 0x8689, 0x75C8,
        0x75C8, 0x8EC9, 0xF2F7, 0xEAD5, 0xE2B4, 0xFB38, 0xFB17, 0xD293, 0xBA31, 0xCA72, 0xBA31, 0xB230,
        0xB230, 0xB230, 0xC272, 0xBA31, 0xB231, 0xDA94, 0xE2B5, 0xB230, 0xB230, 0xBA31, 0xEAD5, 0xFB59,
        0xF2F6, 0xFBBC, 0xFBBC, 0xFB17, 0xFB38, 0xFBBC, 0xFBBC, 0xFBBC, 0xFB7A, 0xFBBC, 0xFB59, 0xFB39,
        0xFB7A, 0xFB59, 0xFB7A, 0xFBBC, 0xFBBC, 0xFB9B, 0xF2F6, 0xE2B4, 0xB230, 0xDAB4, 0x6D67, 0x8689,
        0x9F8B, 0x8EA9, 0x972A, 0x9F8B, 0x9F8B, 0x9F8B, 0x8EEA, 0x9F8B, 0x970A, 0x7E29, 0x7E08, 0x8F0A,
        0x8649, 0x7E29, 0x7DE8, 0x75C8, 0x7588, 0x75C8, 0xDAB4, 0xEAD6, 0xD293, 0xEAD6, 0xF2F6, 0xEAD5,
        0xD293, 0xE2B5, 0xC252, 0xB230, 0xB230, 0xB230, 0xB230, 0xB230, 0xB230, 0xCA73, 0xB230, 0xB230,
        0xB230, 0xD293, 0xF2F6, 0xFB18, 0xFBBC, 0xFBBC, 0xFB59, 0xFAF7, 0xFB59, 0xFBBC, 0xFBBC, 0xFB7A,
        0xFB9B, 0xFB5A, 0xFB38, 0xFB17, 0xFB7A, 0xFB9B, 0xFB9B, 0xFBBC, 0xFBBC, 0xFBBC, 0xDAB4, 0xDAB4,
        0xE2B4, 0x6D47, 0x8669, 0x8EEA, 0x9F8B, 0x8669, 0x8EEA, 0x8F0A, 0x9F8B, 0x9F8B, 0x972A, 0x8F0A,
        0x972A, 0x8EC9, 0x8649, 0x7E29, 0x8649, 0x75C8, 0x7DE8, 0x7E29, 0x6D27, 0xC252, 0xC251, 0xFB18,
        0xCA73, 0xDA94, 0xE2B5, 0xEAD5, 0xEAD5, 0xDAB4, 0xE2B4, 0xE2B4, 0xD293, 0xC252, 0xB230, 0xB230,
        0xB230, 0xB230, 0xB230, 0xC252, 0xD293, 0xBA51, 0xCA72, 0xFB17, 0xFBBC, 0xFBBC, 0xFB17, 0xEAD5,
        0xEAD5, 0xFB7A, 0xFBBC, 0xFBBC, 0xFB9B, 0xFB38, 0xFB9B, 0xFB5A, 0xFB7A, 0xFBBC, 0xFB7A, 0xFB39,
        0xFB7A, 0xFB9C, 0xFB17, 0xFB5A, 0xE2B5, 0x6D67, 0x976A, 0x9F8B, 0x9F8B, 0x974A, 0x8EC9, 0x9F8A,
        0x974A, 0x9F8A, 0x972A, 0x7DE8, 0x8EC9, 0x8649, 0x8EEA, 0x8EEA, 0x8EC9, 0x7E08, 0x7E08, 0x75C8,
        0x6D67, 0xB230, 0xDA94, 0xFB9B, 0xE2B5, 0xDAB4, 0xDAB4, 0xEAD5, 0xD273, 0xC252, 0xCA72, 0xDA94,
        0xE2D5, 0xE2D5, 0xBA31, 0xB230, 0xB230, 0xB230, 0xB230, 0xBA31, 0xD273, 0xEAD5, 0xF2F7, 0xE2B4,
        0xFBBC, 0xFB7A, 0xEAD6, 0xDAB4, 0xF2F6, 0xFBBC, 0xFBBC, 0xFBBC, 0xFB5A, 0xFB59, 0xFB59, 0xFB59,
        0xFBBC, 0xFBBC, 0xFB7A, 0xFB59, 0xFB39, 0xFB59, 0xFB38, 0xFB38, 0xFAF7, 0x7DE8, 0x8EC9, 0x9F8B,
        0x972A, 0x974A, 0x974A, 0x8F0A, 0x9F8B, 0x9F8B, 0x9F6A, 0x972A, 0x8F0A, 0x970A, 0x9F8B, 0x8F0A,
        0x8F0A, 0x86A9, 0x75A8, 0x75A8, 0x64A6, 0xD293, 0xE2B5, 0xFB17, 0xFAF7, 0xDAB4, 0xC272, 0xD293,
        0xD293, 0xC252, 0xB230, 0xB230, 0xB230, 0xDA94, 0xFB17, 0xD293, 0xB230, 0xB230, 0xB230, 0xB230,
        0xBA51, 0xDAB4, 0xDA94, 0xE2B5, 0xFB9B, 0xFB7A, 0xF2F6, 0xD293, 0xFB17, 0xFBBC, 0xFBBC, 0xFBBC,
        0xFB17, 0xFB17, 0xFB17, 0xFB17, 0xFBBC, 0xFBBC, 0xFB18, 0xFB38, 0xFB59, 0xFB5A, 0xFB39, 0xFB18,
        0xDAB4, 0x75C8, 0x7E29, 0x9F8B, 0x8669, 0x8689, 0x976A, 0x8F0A, 0x976A, 0x9F8B, 0x8EEA, 0x8EEA,
        0x972A, 0x8EEA, 0x8EC9, 0x972A, 0x8EC9, 0x7E49, 0x7E29, 0x64E7, 0x5C86, 0xEAD5, 0xEAD6, 0xE2B4,
        0xFB5A, 0xEAD6, 0xCA72, 0xCA73, 0xBA31, 0xB230, 0xC252, 0xC252, 0xB230, 0xF2D6, 0xFB17, 0xFB7A,
        0xC252, 0xBA51, 0xBA31, 0xB230, 0xB230, 0xB230, 0xDAB4, 0xDAB4, 0xFBBC, 0xFB18, 0xEAD6, 0xDA94,
        0xFB18, 0xFBBC, 0xFBBC, 0xFB38, 0xE2B4, 0xFB38, 0xFB17, 0xFB59, 0xFBBC, 0xFBBC, 0xFB17, 0xF2F7,
        0xFB59, 0xFB5A, 0xFB7A, 0xFB59, 0xFAF7, 0x8EEA, 0x974A, 0x9F8B, 0x8EC9, 0x7DE8, 0x86A9, 0x972A,
        0x9F8B, 0x9F8B, 0x9F8B, 0x9F8B, 0x8689, 0x8F0A, 0x9F8B, 0x9F6A, 0x7E28, 0x75A8, 0x75A8, 0x5CA6,
        0x5C66, 0xE2B5, 0xEAD6, 0xEAD5, 0xFB7A, 0xFB7A, 0xD293, 0xDA94, 0xE2D5, 0xBA31, 0xB230, 0xB230,
        0xB230, 0xB230, 0xFB5A, 0xFB38, 0xEAD5, 0xC252, 0xB230, 0xB230, 0xD273, 0xB230, 0xB230, 0xC251,
        0xFB7B, 0xFB17, 0xFB17, 0xE2B5, 0xFB9B, 0xFB39, 0xFB5A, 0xFB38, 0xE2B5, 0xFB17, 0xEAD5, 0xFB9B,
        0xFBBC, 0xFBBC, 0xF2F6, 0xEAD6, 0xEAD5, 0xFB38, 0xFB59, 0xEAD5, 0xD293, 0x7E08, 0x86A9, 0x9F8B,
        0x976A, 0x8689, 0x8669, 0x972A, 0x9F8B, 0x9F8B, 0x9F8B, 0x8EEA, 0x8EC9, 0x8F0A, 0x9F8B, 0x86A9,
        0x6507, 0x6D47, 0x64E7, 0x64C7, 0x6D27, 0xF2F6, 0xF2F6, 0xC252, 0xF2F6, 0xFB39, 0xBA31, 0xC272,
        0xC272, 0xBA51, 0xC251, 0xB230, 0xB230, 0xB230, 0xE2B5, 0xD293, 0xD293, 0xB230, 0xB230, 0xB230,
        0xD293, 0xD293, 0xC252, 0xB230, 0xFB38, 0xF2F6, 0xEAD6, 0xF2F6, 0xFBBC, 0xFBBC, 0xFB17, 0xFB17,
        0xF2F6, 0xFB59, 0xF2F6, 0xFB7B, 0xFBBC, 0xFB7A, 0xEAD5, 0xFB17, 0xFB38, 0xFB7A, 0xFB59, 0xD293,
        0xE2B5, 0x75E8, 0x86A9, 0x9F8B, 0x8EC9, 0x7DE8, 0x8689, 0x9F8B, 0x9F6A, 0x972A, 0x972A, 0x8669,
        0x8F0A, 0x976A, 0x9F8B, 0x8669, 0x7E28, 0x7E08, 0x75A8, 0x6D47, 0x6D67, 0xE2B5, 0xEAD6, 0xD293,
        0xD294, 0xE2D5, 0xD273, 0xD293, 0xEAD5, 0xBA31, 0xB230, 0xB230, 0xB230, 0xB230, 0xBA31, 0xBA31,
        0xC272, 0xB230, 0xB230, 0xB230, 0xEAD5, 0xE2B5, 0xC251, 0xB230, 0xFB7A, 0xEAD5, 0xEAD6, 0xFB59,
        0xFB38, 0xFB7A, 0xD293, 0xE2B5, 0xFB38, 0xFB38, 0xFB59, 0xFB7A, 0xFB9C, 0xFB17, 0xF2F6, 0xE2B4,
        0xFB38, 0xFB38, 0xFB17, 0xDA94, 0xEAD5, 0x86A9, 0x972A, 0x9F8B, 0x8EC9, 0x8EC9, 0x8669, 0x9F8A,
        0x9F8B, 0x86A9, 0x7E49, 0x974A, 0x8649, 0x8689, 0x7DE8, 0x8EC9, 0x6D27, 0x75C8, 0x7E08, 0x6D07,
        0x6D27, 0xBA51, 0xDAB4, 0xC272, 0xE2B4, 0xD293, 0xDA94, 0xEAD5, 0xDAB4, 0xBA51, 0xB230, 0xB230,
        0xB230, 0xBA31, 0xB230, 0xD273, 0xD293, 0xBA31, 0xBA31, 0xBA31, 0xC252, 0xBA31, 0xD293, 0xB230,
        0xFB7A, 0xEAD5, 0xD293, 0xE2D5, 0xFB38, 0xFB18, 0xF2D6, 0xE2B4, 0xFB17, 0xFB17, 0xFB5A, 0xFB5A,
        0xFB39, 0xFB18, 0xE2B5, 0xDAB4, 0xEAD5, 0xE2D5, 0xEAD5, 0xBA31, 0xEAD5, 0x8EEA, 0x8689, 0x976A,
        0x7E28, 0x7E29, 0x86A9, 0x9F8B, 0x9F8B, 0x8EC9, 0x8EEA, 0x976A, 0x974A, 0x7E29, 0x75A8, 0x75A8,
        0x6D47, 0x8EEA, 0x8669, 0x8669, 0x7588, 0xC252, 0xE2B4, 0xEAD6, 0xFAF7, 0xEAD5, 0xF2F6, 0xF2F6,
        0xFB17, 0xEAD6, 0xB230, 0xB230, 0xB230, 0xBA51, 0xCA72, 0xC252, 0xB230, 0xB230, 0xCA73, 0xB230,
        0xB230, 0xB230, 0xD273, 0xB230, 0xFB18, 0xF2F6, 0xE2D5, 0xD294, 0xF2F6, 0xDA94, 0xEAD5, 0xFB17,
        0xFB9C, 0xFB9B, 0xFB17, 0xEAD6, 0xFB17, 0xFAF7, 0xEAD6, 0xEAD6, 0xF2F7, 0xF2D6, 0xF2F6, 0xD293,
        0xE2D5, 0xFAF7, 0x8EC9, 0x972A, 0x75A8, 0x7588, 0x8689, 0x9F8B, 0x8F0A, 0x75C8, 0x75C8, 0x8669,
        0x972A, 0x8669, 0x7588, 0x7588, 0x75A8, 0x7E28, 0x8EEA, 0x8669, 0x8669, 0x75A8, 0xDAB4, 0xDAB4,
        0xFB17, 0xF2F7, 0xD293, 0xEAD5, 0xF2F6, 0xFB17, 0xDAB4, 0xB230, 0xB230, 0xB230, 0xB230, 0xF2F6,
        0xB230, 0xB230, 0xB230, 0xBA31, 0xBA51, 0xD293, 0xBA31, 0xB230, 0xFAF7, 0xDA94, 0xFB38, 0xDAB4,
        0xFB18, 0xDAB4, 0xDAB4, 0xFB17, 0xFB38, 0xFB38, 0xF2F6, 0xFB17, 0xFB38, 0xEAD5, 0xE2B4, 0xF2F6,
        0xFB17, 0xFAF7, 0xF2F6, 0xFB17, 0xEAD6, 0xEAD6, 0x9F8B, 0x9F8B, 0x7E08, 0x972A, 0x8669, 0x974A,
        0x8EC9, 0x7E08, 0x6D88, 0x7DE8, 0x75A8, 0x8649, 0x7E29, 0x7E08, 0x7588, 0x6507, 0x7DE8, 0x6D47,
        0x6D68, 0x8669, 0xFB59, 0xDAB4, 0xFB17, 0xE2B4, 0xDA94, 0xF2F6, 0xDAB4, 0xF2F6, 0xE2B5, 0xDAB4,
        0xD293, 0xB230, 0xB230, 0xB230, 0xB230, 0xB230, 0xB230, 0xB230, 0xB230, 0xF2F6, 0xC272, 0xB230,
        0xFB59, 0xD293, 0xDA94, 0xDAB4, 0xFB18, 0xE2B5, 0xE2B5, 0xFAF7, 0xFB38, 0xFB38, 0xFB17, 0xEAD6,
        0xFAF7, 0xFB17, 0xFAF7, 0xFB38, 0xFAF7, 0xEAD5, 0xDAB4, 0xE2B5, 0xEAD6, 0xFB17, 0x970A, 0x974A,
        0x7E28, 0x8669, 0x7E08, 0x974A, 0x8EEA, 0x8EEA, 0x75C8, 0x6D47, 0x6D67, 0x7588, 0x8689, 0x8EEA,
        0x7E29, 0x6D67, 0x7E29, 0x7588, 0x6D67, 0x8669, 0xFB59, 0xFB38, 0xEAD5, 0xF2F6, 0xE2B5, 0xFB17,
        0xEAD6, 0xF2F6, 0xEAD5, 0xD293, 0xB230, 0xB230, 0xD273, 0xB230, 0xB230, 0xB230, 0xB230, 0xB230,
        0xBA31, 0xC272, 0xCA73, 0xB230, 0xFB9B, 0xFB17, 0xE2B5, 0xCA72, 0xCA73, 0xDA94, 0xFB17, 0xEAD6,
        0xFAF7, 0xFB17, 0xFB38, 0xE2B5, 0xFB17, 0xF2F6, 0xFB17, 0xFB17, 0xCA73, 0xDAB4, 0xD293, 0xEAD5,
        0xEAD6, 0xFB17, 0x972A, 0x9F8B, 0x7DE8, 0x75A8, 0x7DE8, 0x8EC9, 0x8669, 0x86A9, 0x75E8, 0x6D27,
        0x8EC9, 0x7E49, 0x75C8, 0x7DE8, 0x7DE8, 0x8669, 0x8689, 0x75C8, 0x64E7, 0x7588, 0xFB38, 0xFB39,
        0xFAF7, 0xDAB4, 0xD293, 0xE2B5, 0xFB38, 0xFB59, 0xFB39, 0xEAD5, 0xC252, 0xB230, 0xB230, 0xB230,
        0xB230, 0xB230, 0xB230, 0xB230, 0xB231, 0xB230, 0xBA31, 0xCA73, 0xFBBC, 0xEAD6, 0xFB17, 0xCA73,
        0xE2D5, 0xBA51, 0xFB17, 0xC252, 0xDA94, 0xFB7B, 0xFB7A, 0xFB9B, 0xFB59, 0xF2F6, 0xCA73, 0xEAD6,
        0xFB18, 0xE2B5, 0xDA94, 0xC252, 0xC272, 0xEAD5, 0xFB59, 0x8EA9, 0x75C8, 0x75A8, 0x8689, 0x7E29,
        0x8EC9, 0x8669, 0x7DE8, 0x976A, 0x974A, 0x86A9, 0x8669, 0x75E8, 0x8649, 0x8F0A, 0x7DE8, 0x6D68,
        0x6D67, 0x75A8, 0x6D67, 0xFB17, 0xFB59, 0xF2F6, 0xE2B5, 0xD293, 0xEAD6, 0xFB59, 0xFB7A, 0xFB5A,
        0xEAD6, 0xEAD5, 0xD293, 0xB230, 0xB230, 0xC252, 0xEAD5, 0xCA72, 0xB230, 0xB230, 0xB230, 0xBA51,
        0xFB17, 0xEAD6, 0xF2D6, 0xEAD5, 0xF2F6, 0xDAB4, 0xCA73, 0xC252, 0xB230, 0xE2D5, 0xFB17, 0xFB38,
        0xFB17, 0xE2B5, 0xCA73, 0xCA72, 0xD293, 0xDA94, 0xE2B4, 0xD293, 0xCA73, 0xF2F6, 0xFB18, 0x8669,
        0x75E8, 0x75C8, 0x8649, 0x8689, 0x7E49, 0x7E28, 0x7E08, 0x8EA9, 0x9F8A, 0x8689, 0x7E08, 0x75A8,
        0x86A9, 0x8EEA, 0x7E28, 0x7E08, 0x8669, 0x7E08, 0x75A8, 0xEAD6, 0xFB17, 0xFB5A, 0xEAD5, 0xD293,
        0xE2B5, 0xEAD5, 0xFB7A, 0xFB7A, 0xFB38, 0xFB17, 0xFB39, 0xF2F6, 0xB230, 0xB230, 0xB230, 0xC252,
        0xB230, 0xB230, 0xB230, 0xB230, 0xFB39, 0xFB18, 0xFB17, 0xE2B5, 0xFB59, 0xD293, 0xDAB4, 0xEAD6,
        0xB230, 0xB230, 0xF2F6, 0xFB39, 0xFAF7, 0xFAF7, 0xFB39, 0xFB59, 0xFB39, 0xD273, 0xB230, 0xD273,
        0xCA72, 0xFB17, 0xEAD5, 0x75C8, 0x7E28, 0x75E8, 0x8669, 0x8689, 0x7E08, 0x7588, 0x8F0A, 0x974A,
        0x9F8B, 0x976A, 0x974A, 0x8EC9, 0x972A, 0x86A9, 0x9F8B, 0x972A, 0x8689, 0x8EC9, 0x8EA9, 0xFB39,
        0xF2F6, 0xFB18, 0xFB17, 0xEAD5, 0xF2F6, 0xF2F6, 0xF2F6, 0xFB5A, 0xFB59, 0xFB38, 0xF2F6, 0xF2F7,
        0xD293, 0xB230, 0xB230, 0xB230, 0xCA73, 0xCA73, 0xDAB4, 0xD293, 0xFB38, 0xFB59, 0xFB39, 0xF2F7,
        0xEAD5, 0xFB59, 0xD293, 0xFB17, 0xD293, 0xB230, 0xB230, 0xD293, 0xEAD6, 0xF2F6, 0xFB59, 0xFBBC,
        0xFB38, 0xC252, 0xCA73, 0xDAB4, 0xCA73, 0xF2D6, 0xE2B5, 0x75C8, 0x8689, 0x8669, 0x8EC9, 0x970A,
        0x8689, 0x972A, 0x9F8B, 0x9F8B, 0x976A, 0x8EC9, 0x8EEA, 0x9F8B, 0x8669, 0x7DE8, 0x8669, 0x974A,
        0x974A, 0x8EC9, 0x8689, 0xFBBC, 0xFB38, 0xFB39, 0xFB18, 0xFAF7, 0xDAB4, 0xFAF7, 0xFB59, 0xDA94,
        0xFB17, 0xFAF7, 0xDAB4, 0xEAD5, 0xFAF7, 0xCA72, 0xB230, 0xB230, 0xB230, 0xBA51, 0xB231, 0xD293,
        0xFBBC, 0xFBBC, 0xFB7B, 0xFAF7, 0xEAD5, 0xDA94, 0xDA94, 0xF2F6, 0xFB17, 0xBA51, 0xC272, 0xB230,
        0xCA73, 0xEAD6, 0xFB18, 0xFB9B, 0xF2F6, 0xD293, 0xCA72, 0xE2B4, 0xD293, 0xEAD5, 0xFB17, 0x7E49,
        0x7E08, 0x7588, 0x8EA9, 0x86A9, 0x9F8B, 0x974A, 0x9F8B, 0x976A, 0x8EEA, 0x974A, 0x8EEA, 0x9F8B,
        0x8EEA, 0x8669, 0x75A8, 0x8689, 0x8EEA, 0x7E29, 0x8649, 0xFB7A, 0xFB17, 0xEAD5, 0xFAF7, 0xFB17,
        0xFB17, 0xF2F6, 0xFB7A, 0xFB39, 0xFB17, 0xFB38, 0xD294, 0xEAD5, 0xFB59, 0xFB38, 0xF2F6, 0xB230,
        0xB230, 0xB230, 0xB230, 0xB230, 0xFB59, 0xFB7A, 0xFBBC, 0xFB5A, 0xF2F6, 0xD293, 0xDA94, 0xEAD6,
        0xFAF7, 0xB230, 0xE2B5, 0xD293, 0xB230, 0xEAD6, 0xFB7A, 0xFB5A, 0xFB38, 0xDA94, 0xD293, 0xE2B4,
        0xF2F6, 0xF2F6, 0xDAB4, 0x7E28, 0x7E08, 0x75C8, 0x8649, 0x976A, 0x9F8B, 0x9F8B, 0x9F8B, 0x9F8B,
        0x8669, 0x8EC9, 0x972A, 0x8EEA, 0x9F8B, 0x8EA9, 0x7E08, 0x8689, 0x8EA9, 0x7E08, 0x7E29, 0xFB39,
        0xFAF7, 0xF2F6, 0xE2B5, 0xFB38, 0xFB18, 0xEAD6, 0xFB38, 0xFB59, 0xFB38, 0xFB17, 0xE2B5, 0xDAB4,
        0xF2F6, 0xFB59, 0xFBBC, 0xFB59, 0xCA72, 0xB230, 0xB230, 0xB230, 0xDAB4, 0xFBBC, 0xFBBC, 0xFBBC,
        0xFB17, 0xE2B5, 0xEAD5, 0xFB38, 0xFB18, 0xC252, 0xD293, 0xFB38, 0xF2F6, 0xCA73, 0xE2B4, 0xF2F6,
        0xFB59, 0xDAB4, 0xD273, 0xCA73, 0xE2D5, 0xFAF7, 0xF2F6, 0x7DE8, 0x7588, 0x7E08, 0x75E8, 0x9F8B,
        0x9F8B, 0x9F8B, 0x9F8B, 0x9F8B, 0x9F8B, 0x8F0A, 0x8ECA, 0x8EC9, 0x8EEA, 0x972A, 0x8689, 0x75C8,
        0x7E08, 0x7E08, 0x7E28, 0xFB18, 0xFB5A, 0xF2F7, 0xFB38, 0xFB7B, 0xFB7A, 0xFB59, 0xFB18, 0xFB59,
        0xFB59, 0xDAB4, 0xD273, 0xDA94, 0xE2D5, 0xF2F6, 0xFB59, 0xFB7A, 0xFBBC, 0xFB7A, 0xC252, 0xD294,
        0xB230, 0xFB7B, 0xFBBC, 0xFB9B, 0xFB38, 0xD273, 0xFAF7, 0xFB18, 0xF2F6, 0xDA94, 0xBA31, 0xF2F6,
        0xF2F6, 0xEAD5, 0xD293, 0xB230, 0xEAD5, 0xFAF7, 0xEAD6, 0xDAB4, 0xE2D5, 0xFB17, 0xF2F6, 0x7DE8,
        0x75A8, 0x75A8, 0x8649, 0x974A, 0x9F8B, 0x9F8B, 0x9F8B, 0x8669, 0x8EEA, 0x9F6A, 0x8EEA, 0x7E28,
        0x8EA9, 0x974A, 0x970A, 0x86A9, 0x8EC9, 0x8EC9, 0x7E08, 0xF2F6, 0xFB18, 0xFB39, 0xFB18, 0xFB39,
        0xFAF7, 0xFB18, 0xFB17, 0xFB38, 0xFB9B, 0xEAD6, 0xCA73, 0xEAD5, 0xE2B5, 0xFB17, 0xFB59, 0xFB38,
        0xFAF7, 0xFBBC, 0xFB59, 0xCA73, 0xF2F6, 0xB230, 0xFBBC, 0xFBBC, 0xFB9B, 0xFB7A, 0xFB7A, 0xFB18,
        0xFB17, 0xE2B4, 0xB230, 0xEAD5, 0xE2B5, 0xFB38, 0xD294, 0xCA73, 0xB230, 0xEAD6, 0xFB59, 0xFB39,
        0xFB38, 0xFB59, 0xFB38, 0x7DE8, 0x7E08, 0x8689, 0x9F8B, 0x8F0A, 0x972A, 0x976A, 0x9F8B, 0x86A9,
        0x970A, 0x8669, 0x8EC9, 0x9F8B, 0x86A9, 0x8EEA, 0x972A, 0x972A, 0x8ECA, 0x8EEA, 0x8669, 0xFAF7,
        0xFB38, 0xFB59, 0xFB7A, 0xFB38, 0xFB17, 0xD293, 0xFB38, 0xFB38, 0xFB38, 0xFB7A, 0xFB9C, 0xFB9B,
        0xEAD6, 0xEAD5, 0xFB7A, 0xFB7B, 0xFB59, 0xFB17, 0xEAD6, 0xFB17, 0xF2F6, 0xF2F6, 0xFB5A, 0xFBBC,
        0xFBBC, 0xFBBC, 0xFB9B, 0xFB38, 0xF2F6, 0xF2F6, 0xBA51, 0xDA94, 0xE2B5, 0xEAD5, 0xFB59, 0xFAF7,
        0xD293, 0xCA72, 0xFB38, 0xFB7A, 0xFBBC, 0xFBBC, 0xFB38, 0x7E08, 0x7DE8, 0x970A, 0x8689, 0x9F8B,
        0x9F8B, 0x976A, 0x9F8B, 0x9F8B, 0x972A, 0x86A9, 0x6D67, 0x6D47, 0x7DE8, 0x8EEA, 0x8EEA, 0x8EC9,
        0x8EC9, 0x8EEA, 0x7DE8, 0xEAD6, 0xFB18, 0xFB17, 0xFB18, 0xFAF7, 0xCA73, 0xE2D5, 0xFAF7, 0xF2F6,
        0xD294, 0xDAB4, 0xFB7A, 0xFB7A, 0xFB38, 0xFB38, 0xEAD6, 0xE2D5, 0xFB17, 0xFB59, 0xFAF7, 0xE2B5,
        0xF2F6, 0xF2F6, 0xF2F6, 0xFB7A, 0xFBBC, 0xFBBC, 0xFB9C, 0xFB38, 0xFB39, 0xF2F6, 0xEAD6, 0xB231,
        0xCA72, 0xE2B4, 0xEAD5, 0xFB18, 0xFB59, 0xF2F6, 0xFB17, 0xFB59, 0xFBBC, 0xFBBC, 0xFB59, 0x75A8,
        0x8649, 0x8EEA, 0x8EEA, 0x9F8B, 0x9F8B, 0x8EEA, 0x974A, 0x974A, 0x972A, 0x972A, 0x972A, 0x8689,
        0x7E28, 0x75A8, 0x7DE8, 0x8669, 0x8EA9, 0x7E08, 0x7E29, 0xFB39, 0xFB38, 0xFB38, 0xFB18, 0xFB38,
        0xDAB4, 0xE2D5, 0xF2F6, 0xFAF7, 0xFB17, 0xD273, 0xFB39, 0xFB9C, 0xFB9B, 0xFB38, 0xD293, 0xDAB4,
        0xEAD6, 0xFB18, 0xFB59, 0xFB38, 0xF2F6, 0xF2F6, 0xF2F6, 0xB230, 0xFB38, 0xFBBC, 0xFBBC, 0xFBBC,
        0xFB38, 0xFB38, 0xEAD5, 0xDA94, 0xC252, 0xDAB4, 0xE2B5, 0xF2F6, 0xFB18, 0xF2F6, 0xFAF7, 0xFB59,
        0xDAB4, 0xFB59, 0xFB18, 0x86A9, 0x976A, 0x970A, 0x8689, 0x8EA9, 0x9F8A, 0x8EC9, 0x8EC9, 0x86A9,
        0x7E08, 0x7DE8, 0x972A, 0x86A9, 0x970A, 0x8669, 0x7E08, 0x6D47, 0x64E7, 0x64E7, 0x6D47, 0xFB38,
        0xEAD6, 0xDA94, 0xFB17, 0xFB38, 0xFB18, 0xE2D5, 0xFB18, 0xF2F6, 0xE2B5, 0xD293, 0xC252, 0xEAD5,
        0xFB59, 0xFB17, 0xF2D6, 0xDA94, 0xDAB4, 0xFAF7, 0xFAF7, 0xFB7A, 0xF2F6, 0xF2F6, 0xF2F6, 0xF2F6,
        0xB230, 0xFB39, 0xFBBC, 0xFBBC, 0xFB7A, 0xF2F6, 0xFB18, 0xEAD6, 0xE2B4, 0xE2B5, 0xFB17, 0xE2D5,
        0xFB17, 0xF2F7, 0xF2F6, 0xDA94, 0xF2F6, 0xFB5A, 0xFB17, 0x8EEA, 0x974A, 0x8EC9, 0x75E8, 0x8EA9,
        0x8689, 0x8649, 0x7E29, 0x75C8, 0x8649, 0x75C8, 0x7DE8, 0x7DE8, 0x8EA9, 0x976A, 0x8649, 0x8669,
        0x64E7, 0x75C8, 0x7588, 0xDA94, 0xF2F6, 0xEAD5, 0xFAF7, 0xF2F6, 0xE2D5, 0xF2F6, 0xDAB4, 0xE2B5,
        0xFB18, 0xEAD5, 0xDAB4, 0xCA73, 0xEAD5, 0xFB59, 0xFB59, 0xEAD5, 0xC251, 0xDAB4, 0xDAB4, 0xEAD6,
        0xF2F6, 0xF2F6, 0xF2F6, 0xF2F6, 0xF2F6, 0xB230, 0xFB5A, 0xFBBC, 0xFBBC, 0xFB9B, 0xFB18, 0xFB17,
        0xDA94, 0xD293, 0xF2F6, 0xEAD6, 0xE2B5, 0xE2D5, 0xFB17, 0xE2B5, 0xEAD6, 0xE2B5, 0x7E28, 0x974A,
        0x9F8B, 0x9F8B, 0x976A, 0x8F0A, 0x8669, 0x7E29, 0x7E29, 0x75C8, 0x7E49, 0x6D27, 0x7588, 0x6D47,
        0x75C8, 0x7E49, 0x972A, 0x75A8, 0x64E7, 0x6507, 0xCA72, 0xEAD5, 0xD293, 0xE2D5, 0xFB7A, 0xFB7B,
        0xEAD5, 0xEAD6, 0xF2F6, 0xFB17, 0xFB17, 0xFB59, 0xDAB4, 0xF2D6, 0xEAD5, 0xFB7A, 0xFBBC, 0xFB59,
        0xDAB4, 0xE2B5, 0xEAD5, 0xD293, 0xF2F6, 0xF2F6, 0xF2F6, 0xF2F6, 0xF2F6, 0xF2F6, 0xB230, 0xFB5A,
        0xFBBC, 0xFBBC, 0xFB7B, 0xFB18, 0xCA72, 0xDA94, 0xE2B4, 0xFAF7, 0xFB38, 0xFB59, 0xFB18, 0xF2F6,
        0xD293, 0xE2B5, 0x7DE8, 0x7DE8, 0x8EC9, 0x8EEA, 0x86A9, 0x8669, 0x75A8, 0x7E08, 0x7E29, 0x8689,
        0x7588, 0x75C8, 0x7588, 0x75A8, 0x6507, 0x6D67, 0x7E08, 0x75E8, 0x6D27, 0x64E7, 0xBA51, 0xCA72,
        0xE2B5, 0xEAD5, 0xF2D6, 0xFB17, 0xD293, 0xDA94, 0xEAD6, 0xFB39, 0xDA94, 0xD293, 0xFB18, 0xFB38,
        0xDA94, 0xFAF7, 0xFAF7, 0xFAF7, 0xFB18, 0xF2F6, 0xFAF7, 0xFB17, 0xF2F6, 0xF2F6, 0xF2F6, 0xF2F6,
        0xF2F6, 0xF2F6, 0xF2F6, 0xB230, 0xFB9B, 0xFBBC, 0xFBBC, 0xFB38, 0xD294, 0xE2B4, 0xDAB4, 0xE2B5,
        0xFB7A, 0xFB9B, 0xFB38, 0xFB17, 0xFAF7, 0xFB39, 0x8EC9, 0x970A, 0x970A, 0x8649, 0x7E29, 0x6D47,
        0x7588, 0x7E08, 0x75A8, 0x8649, 0x86A9, 0x75C8, 0x75A8, 0x75A8, 0x6D27, 0x7DE8, 0x7DE8, 0x7E29,
        0x6D27, 0x7588, 0xDAB4, 0xE2B5, 0xC252, 0xD293, 0xD293, 0xFAF7, 0xFB59, 0xDA94, 0xD294, 0xF2F7,
        0xF2F6, 0xD293, 0xE2B4, 0xDAB4, 0xD293, 0xD293, 0xD293, 0xCA72, 0xCA73, 0xFB17, 0xF2D6, 0xEAD5,
        0xF2F6, 0xF2F6, 0xF2F6, 0xF2F6, 0xF2F6, 0xF2F6, 0xF2F6, 0xF2F6, 0xB230, 0xFB7B, 0xFBBC, 0xFB7B,
        0xE2B5, 0xF2F6, 0xFAF7, 0xEAD5, 0xEAD5, 0xFB39, 0xE2B5, 0xBA51, 0xDA94, 0x6D67, 0x7DE8, 0x8EEA,
        0x7E49, 0x7588, 0x6D88, 0x75C8, 0x6D27, 0x7588, 0x6D47, 0x6D47, 0x7E08, 0x75C8, 0x7DE8, 0x64E7,
        0x6D47, 0x64E7, 0x7588, 0x75C8, 0x7E08, 0xEAD5, 0xFAF7, 0xDA94, 0xC252, 0xC251, 0xBA31, 0xD293,
        0xFB18, 0xEAD6, 0xCA73, 0xDA94, 0xD293, 0xB230, 0xB230, 0xBA51, 0xCA72, 0xCA72, 0xDA94, 0xC251,
        0xCA72, 0xF2D6, 0xF2F6, 0xDA94, 0xF2F6, 0xF2F6, 0xF2F6, 0xF2F6, 0xF2F6, 0xF2F6, 0xF2F6, 0xF2F6,
        0xF2F6, 0xF2F6, 0xFB39, 0xFB9B, 0xFB9B, 0xF2F6, 0xFB7B, 0xFBBC, 0xFB17, 0xF2F6, 0xF2F6, 0xDA94,
        0xDAB4, 0x75C8, 0x6D67, 0x6D27, 0x64E7, 0x6D47, 0x64E7, 0x75C8, 0x5C86, 0x64E7, 0x6D27, 0x64C6,
        0x7588, 0x6D67, 0x7588, 0x75C8, 0x6D47, 0x6D47, 0x6507, 0x64E7, 0x6D27, 0xE2B4, 0xFB18, 0xFB17,
        0xC252, 0xC252, 0xBA31, 0xBA51, 0xD293, 0xCA73, 0xDAB4, 0xBA31, 0xD293, 0xDA94, 0xBA31, 0xCA73,
        0xCA72, 0xE2B5, 0xD293, 0xCA72, 0xD293, 0xDA94, 0xEAD6, 0xE2D5, 0xF2F6, 0xF2F6, 0xF2F6, 0xF2F6,
        0xF2F6, 0xF2F6, 0xF2F6, 0xF2F6, 0xF2F6, 0xF2F6, 0xB230, 0xFAF7, 0xFB9B, 0xFB39, 0xFBBC, 0xFBBC,
        0xFBBC, 0xF2F6, 0xE2B4, 0xF2F6, 0xE2B4, 0x7588, 0x7588, 0x64E7, 0x64C7, 0x5C86, 0x6D67, 0x6D67,
        0x6D67, 0x64C6, 0x5CA6, 0x64C6, 0x6D27, 0x6D67, 0x7E08, 0x75E8, 0x7DE8, 0x8EC9, 0x75C8, 0x6507,
        0x64C7, 0xCA72, 0xF2F6, 0xEAD5, 0xEAD5, 0xCA73, 0xD273, 0xCA73, 0xBA31, 0xBA51, 0xCA73, 0xCA73,
        0xF2F6, 0xFB17, 0xDA94, 0xBA51, 0xD293, 0xDA94, 0xC272, 0xC251, 0xEAD6, 0xD293, 0xE2B5, 0xF2F6,
        0xF2F6, 0xF2F6, 0xF2F6, 0xF2F6, 0xF2F6, 0xF2F6, 0xF2F6, 0xF2F6, 0xF2F6, 0xF2F6, 0xF2F6, 0xF2F6,
        0xB230, 0xFB59, 0xFB7B, 0xFBBC, 0xFBBC, 0xF2F7, 0xEAD5, 0xF2F6, 0x7DE8, 0x7E08, 0x75C8, 0x75A8,
        0x64C6, 0x5C66, 0x64E7, 0x75C8, 0x75C8, 0x6507, 0x6507, 0x64E7, 0x5C66, 0x5CA6, 0x5CA6, 0x6D47,
        0x6D47, 0x7DE8, 0x8689, 0x75C8, 0xEAD5, 0xC252, 0xC252, 0xCA72, 0xDAB4, 0xD293, 0xD293, 0xBA31,
        0xCA73, 0xB230, 0xBA31, 0xCA73, 0xCA72, 0xEAD5, 0xCA73, 0xC252, 0xD273, 0xCA73, 0xBA51, 0xCA72,
        0xDAB4, 0xDA94, 0xDA94, 0xFB38, 0xF2F6, 0xF2F6, 0xF2F6, 0xF2F6, 0xF2F6, 0xF2F6, 0xF2F6, 0xF2F6,
        0xF2F6, 0xF2F6, 0xF2F6, 0xF2F6, 0xF2F6, 0xB230, 0xFB9B, 0xFB9C, 0xFB9C, 0xFB38, 0xFB17, 0xFB7A,
        0x7E08, 0x7DE8, 0x6D47, 0x6D47, 0x7E08, 0x64E7, 0x6507, 0x6D27, 0x75A8, 0x6D47, 0x5CA6, 0x64E7,
        0x64C6, 0x5C66, 0x5C86, 0x5C66, 0x6D27, 0x6507, 0x6D47, 0x6D67, 0xE2B4, 0xD293, 0xBA51, 0xB230,
        0xBA31, 0xF2F6, 0xE2D5, 0xD293, 0xCA72, 0xB230, 0xB230, 0xB230, 0xBA31, 0xBA31, 0xB230, 0xBA31,
        0xBA31, 0xD273, 0xBA31, 0xC252, 0xE2B5, 0xEAD5, 0xEAD5, 0xEAD6, 0xF2F6, 0xF2F6, 0xF2F6, 0xF2F6,
        0xF2F6, 0xF2F6, 0xF2F6, 0xF2F6, 0xF2F6, 0xF2F6, 0xF2F6, 0xF2F6, 0xF2F6, 0xF2F6, 0xB230, 0xFB59,
        0xFB9B, 0xFBBC, 0xFBBC, 0xFBBC, 0x9F8A, 0x7DE8, 0x75A8, 0x6D27, 0x7DE8, 0x64E7, 0x5CA6, 0x5C66,
        0x6D27, 0x8649, 0x7E08, 0x6D47, 0x6D27, 0x5C86, 0x64C6, 0x5C66, 0x5C66, 0x64A6, 0x64E7, 0x6D27,
        0xDA94, 0xF2F6, 0xDAB4, 0xBA51, 0xBA51, 0xC251, 0xDAB4, 0xEAD6, 0xEAD5, 0xCA72, 0xBA51, 0xCA72,
        0xD294, 0xCA73, 0xB230, 0xB230, 0xBA51, 0xD293, 0xD293, 0xD273, 0xDAB4, 0xEAD6, 0xFAF7, 0xFB38,
        0xF2F6, 0xF2F6, 0xF2F6, 0xF2F6, 0xF2F6, 0xF2F6, 0xF2F6, 0xF2F6, 0xF2F6, 0xF2F6, 0xF2F6, 0xF2F6,
        0xF2F6, 0xF2F6, 0xF2F6, 0xB230, 0xE2B4, 0xFBBC, 0xFBBC, 0xFBBC, 0x9F8B, 0x9F8A, 0x972A, 0x8649,
        0x75C8, 0x6D27, 0x64C6, 0x5C86, 0x5C66, 0x5C86, 0x6D27, 0x7588, 0x6D27, 0x64A6, 0x64C6, 0x5C86,
        0x5C86, 0x5C66, 0x64C7, 0x64E7, 0xDAB4, 0xCA73, 0xF2F7, 0xE2D5, 0xBA31, 0xB230, 0xCA73, 0xDAB4,
        0xEAD5, 0xDAB4, 0xD293, 0xCA72, 0xEAD5, 0xC251, 0xC252, 0xDAB4, 0xBA31, 0xE2B5, 0xF2F6, 0xE2B5,
        0xFB7B, 0xFB9B, 0xFB39, 0xF2F6, 0xF2F6, 0xF2F6, 0xF2F6, 0xF2F6, 0xF2F6, 0xF2F6, 0xF2F6, 0xF2F6,
        0xF2F6, 0xF2F6, 0xF2F6, 0xF2F6, 0xF2F6, 0xF2F6, 0xF2F6, 0xF2F6, 0xF2F6, 0xF2F6, 0xF2F6, 0xFBBC,
        0x8EC9, 0x970A, 0x9F8B, 0x8EC9, 0x974A, 0x8EC9, 0x7588, 0x64C7, 0x5CA6, 0x64C7, 0x6507, 0x6507,
        0x7E08, 0x6D67, 0x5C86, 0x5C66, 0x5C66, 0x5C66, 0x5C86, 0x5C86, 0xCA72, 0xE2B5, 0xF2D6, 0xFB17,
        0xCA72, 0xB230, 0xB230, 0xCA72, 0xBA51, 0xDAB4, 0xFAF7, 0xEAD6, 0xE2B5, 0xE2D5, 0xC252, 0xC272,
        0xB230, 0xD273, 0xDAB4, 0xEAD5, 0xEAD6, 0xFB5A, 0xFAF7, 0xFB17, 0xF2F6, 0xF2F6, 0xF2F6, 0xF2F6,
        0xF2F6, 0xF2F6, 0xF2F6, 0xF2F6, 0xF2F6, 0xF2F6, 0xF2F6, 0xF2F6, 0xF2F6, 0xF2F6, 0xF2F6, 0xB230,
        0xF2F6, 0xF2F6, 0xF2F6, 0xB230, 0x8F0A, 0x972A, 0x9F8A, 0x9F8B, 0x9F8B, 0x974A, 0x8689, 0x6D47,
        0x6D47, 0x6D27, 0x6D27, 0x5C86, 0x64E7, 0x64E7, 0x7588, 0x64C6, 0x5C66, 0x5C66, 0x5C66, 0x5C66,
        0xB230, 0xBA31, 0xCA73, 0xCA73, 0xC252, 0xC251, 0xBA51, 0xBA31, 0xBA31, 0xBA31, 0xD293, 0xDA94,
        0xC272, 0xD273, 0xEAD5, 0xFB17, 0xEAD5, 0xDA94, 0xE2B5, 0xE2B5, 0xEAD5, 0xDA94, 0xE2D5, 0xE2D5,
        0xF2F6, 0xF2F6, 0xF2F6, 0xF2F6, 0xF2F6, 0xF2F6, 0xF2F6, 0xF2F6, 0xF2F6, 0xF2F6, 0xF2F6, 0xF2F6,
        0xF2F6, 0xF2F6, 0xF2F6, 0xF2F6, 0xFB9B, 0xF2F6, 0xF2F6, 0xF2F6, 0x7DE8, 0x75A8, 0x9F8B, 0x9F8B,
        0x9F8B, 0x9F8B, 0x972A, 0x75C8, 0x75C8, 0x75C8, 0x6D67, 0x6D47, 0x64C6, 0x5CA6, 0x64E7, 0x6507,
        0x6D07, 0x5C66, 0x5C66, 0x5C66, 0xB230, 0xB230, 0xB230, 0xC252, 0xD293, 0xC252, 0xB230, 0xB230,
        0xB230, 0xB230, 0xB230, 0xBA31, 0xD293, 0xCA73, 0xBA51, 0xCA72, 0xD293, 0xFB17, 0xFB38, 0xE2B5,
        0xFB17, 0xFB17, 0xE2D5, 0xCA73, 0xF2F6, 0xF2F6, 0xF2F6, 0xF2F6, 0xF2F6, 0xF2F6, 0xF2F6, 0xF2F6,
        0xF2F6, 0xF2F6, 0xF2F6, 0xF2F6, 0xF2F6, 0xF2F6, 0xF2F6, 0xF2F6, 0xF2F6, 0xF2F6, 0xF2F6, 0xF2F6,
        0x7DE8, 0x7DE8, 0x7DE8, 0x7E08, 0x9F8A, 0x9F8B, 0x974A, 0x7E49, 0x75C8, 0x75C8, 0x75C8, 0x7588,
        0x64A6, 0x5C66, 0x5C66, 0x5C66, 0x64E7, 0x6507, 0x64C7, 0x5C66, 0xB230, 0xB230, 0xB230, 0xBA51,
        0xEAD6, 0xFB38, 0xF2F6, 0xD293, 0xBA31, 0xBA51, 0xD293, 0xCA72, 0xDA94, 0xF2F6, 0xE2D5, 0xD293,
        0xBA31, 0xE2B5, 0xFAF7, 0xF2F6, 0xFB59, 0xFB18, 0xF2F6, 0xFAF7, 0xF2F6, 0xF2F6, 0xF2F6, 0xF2F6,
        0xF2F6, 0xF2F6, 0xF2F6, 0xF2F6, 0xF2F6, 0xF2F6, 0xF2F6, 0xF2F6, 0xF2F6, 0xF2F6, 0xF2F6, 0xF2F6,
        0xF2F6, 0xF2F6, 0xF2F6, 0xF2F6, 0x7DE8, 0x7DE8, 0x7DE8, 0x7DE8, 0x5C66, 0x86A9, 0x9F8B, 0x974A,
        0x8EEA, 0x7E29, 0x8F0A, 0x8EEA, 0x8689, 0x64E7, 0x5C66, 0x5C66, 0x5C66, 0x5C66, 0x5CA6, 0x6507,
        0xC272, 0xB230, 0xB230, 0xB230, 0xD293, 0xE2D5, 0xFAF7, 0xF2F6, 0xDAB4, 0xE2B5, 0xB230, 0xD293,
        0xCA73, 0xCA72, 0xDA94, 0xFAF7, 0xEAD5, 0xE2B4, 0xEAD6, 0xEAD5, 0xFB38, 0xFB9B, 0xFB5A, 0xFB59,
        0xF2F6, 0xF2F6, 0xF2F6, 0xF2F6, 0xF2F6, 0xF2F6, 0xF2F6, 0xF2F6, 0xF2F6, 0xF2F6, 0xF2F6, 0xF2F6,
        0xF2F6, 0xF2F6, 0xF2F6, 0xF2F6, 0xF2F6, 0xF2F6, 0xF2F6, 0xF2F6, 0xF2F6, 0x7DE8, 0x7DE8, 0x7DE8,
        0x7DE8, 0x7DE8, 0x5C66, 0x8EEA, 0x972A, 0x972A, 0x9F8B, 0x9F8B, 0x9F8B, 0x8649, 0x6D88, 0x6D47,
        0x64C7, 0x64C6, 0x6507, 0x6D47, 0x7588, 0xFB18, 0xE2B5, 0xC252, 0xD293, 0xFAF7, 0xFAF7, 0xFB18,
        0xFB38, 0xF2F6, 0xFB38, 0xFB59, 0xFB18, 0xFB17, 0xE2B4, 0xE2B5, 0xFB38, 0xFB39, 0xEAD6, 0xE2B5,
        0xE2D5, 0xEAD6, 0xE2B4, 0xE2B5, 0xF2F6, 0xF2F6, 0xF2F6, 0xF2F6, 0xF2F6, 0xF2F6, 0xF2F6, 0xF2F6,
        0xF2F6, 0xF2F6, 0xF2F6, 0xF2F6, 0xF2F6, 0xF2F6, 0xF2F6, 0xF2F6, 0xF2F6, 0xF2F6, 0xF2F6, 0xF2F6,
        0xF2F6, 0x7DE8, 0x7DE8, 0x7DE8, 0x7DE8, 0x7DE8, 0x7DE8, 0x7DE8, 0x7DE8, 0x9F8B, 0x9F8B, 0x9F8B,
        0x9F8B, 0x9F8B, 0x972A, 0x7E28, 0x8689, 0x8669, 0x8EEA, 0x75A8, 0x7588, 0xFAF7, 0xFB39, 0xEAD6,
        0xBA31, 0xB230, 0xBA31, 0xBA31, 0xDA94, 0xE2B5, 0xFB17, 0xFB38, 0xFB5A, 0xFB59, 0xFB17, 0xFB59,
        0xFB17, 0xFB38, 0xFB17, 0xE2B5, 0xEAD5, 0xEAD5, 0xF2F7, 0xDA94, 0xF2F6, 0xF2F6, 0xF2F6, 0xF2F6,
        0xF2F6, 0xF2F6, 0xF2F6, 0xF2F6, 0xF2F6, 0xF2F6, 0xF2F6, 0xF2F6, 0xF2F6, 0xF2F6, 0xF2F6, 0xF2F6,
        0xF2F6, 0xF2F6, 0xF2F6, 0xF2F6, 0xF2F6, 0x7DE8, 0x7DE8, 0x7DE8, 0x7DE8, 0x7DE8, 0x7DE8, 0x7DE8,
        0x7DE8, 0x7DE8, 0x6D07, 0x9F8B, 0x9F8B, 0x9F8B, 0x9F8B, 0x8EC9, 0x8649, 0x75A8, 0x75A8, 0x75C8,
        0x6D47, 0xCA72, 0xF2F6, 0xF2F6, 0xD294, 0xDAB4, 0xC251, 0xCA72, 0xDAB4, 0xF2F6, 0xEAD5, 0xF2D6,
        0xFB17, 0xFB17, 0xDAB4, 0xF2F6, 0xFAF7, 0xE2B5, 0xE2B5, 0xFAF7, 0xFB38, 0xFB18, 0xE2B5, 0xFB17,
        0xF2F6, 0xF2F6, 0xF2F6, 0xF2F6, 0xF2F6, 0xF2F6, 0xF2F6, 0xF2F6, 0xF2F6, 0xF2F6, 0xF2F6, 0xF2F6,
        0xF2F6, 0xF2F6, 0xF2F6, 0xF2F6, 0xF2F6, 0xF2F6, 0xF2F6, 0xF2F6, 0xF2F6, 0xF2F6, 0xF2F6, 0xF2F6,
        0xF2F6, 0xF2F6, 0xF2F6, 0xF2F6, 0xF2F6, 0xF2F6, 0xF2F6, 0xF2F6, 0xF2F6, 0xF2F6, 0xF2F6, 0xF2F6,
        0xF2F6, 0xF2F6, 0xF2F6, 0xF2F6, 0xF2F6, 0xF2F6, 0xF2F6, 0xF2F6, 0xF2F6, 0xF2F6, 0xF2F6, 0xF2F6,
        0xF2F6, 0xF2F6, 0xF2F6, 0xF2F6, 0xF2F6, 0xF2F6, 0xF2F6, 0xF2F6, 0xF2F6, 0xF2F6, 0xF2F6, 0xF2F6,
        0xF2F6, 0xF2F6, 0xF2F6, 0xF2F6, 0xF2F6, 0xF2F6, 0xF2F6, 0xF2F6, 0xF2F6, 0xFB38, 0xF2F6, 0xF2F6,
        0xFB59, 0xFB59, 0xFB38, 0xFB59, 0xC530, 0xC510, 0xCD51, 0xCD51, 0xC4F0, 0xBCB0, 0xBCD0, 0xC510,
        0xB44F, 0xC530, 0xFB59, 0xFB59, 0xFB38, 0xFB59, 0xFB17, 0xFB59, 0xEAD6, 0xEAD5, 0xD293, 0xD293,
        0xF2F6, 0xF2F6, 0xF2F6, 0xF2F6, 0xFB59, 0xFB38, 0xFB59, 0xFBBC, 0xFB59, 0xFB59, 0xFB17, 0xFB5A,
        0xC552, 0x972A, 0x974A, 0x9F8B, 0x86A9, 0x86A9, 0x8669, 0x8669, 0x8EEA, 0x9F8B, 0xCDB3, 0xFBBC,
        0xFB9B, 0xFB59, 0xFBBC, 0xEB17, 0xF2F7, 0xCA72, 0xB230, 0xCA72, 0xF2F6, 0xF2F6, 0xF2F6, 0xF2F6,
        0xFB9B, 0xFB9B, 0xFB9B, 0xFB38, 0xF2F7, 0xFB18, 0xF2F6, 0xFB7A, 0xC553, 0x972A, 0x972A, 0x8EC9,
        0x7E08, 0x7E29, 0x8649, 0x8EC9, 0x9F8B, 0x972A, 0xCD93, 0xFB59, 0xFB5A, 0xFB9C, 0xEAF6, 0xD293,
        0xCA72, 0xBA31, 0xBA51, 0xCA72, 0xF2F6, 0xF2F6, 0xF2F6, 0xF2F6, 0xFB9B, 0xFBBC, 0xFB5A, 0xFB38,
        0xFB17, 0xE2D5, 0xFB59, 0xFB38, 0xBC8F, 0x86A9, 0x8669, 0x6D88, 0x75C8, 0x75C8, 0x7DE8, 0x8EC9,
        0x8EA9, 0x7E29, 0xC532, 0xFB7A, 0xFBBC, 0xE2D5, 0xBA31, 0xBA31, 0xB230, 0xBA31, 0xBA51, 0xC252,
        0xF2F6, 0xF2F6, 0xF2F6, 0xFB38, 0xFBBC, 0xFBBC, 0xFBBC, 0xFB9B, 0xFB5A, 0xFB38, 0xF318, 0xDAB4,
        0x848A, 0x75C8, 0x6D67, 0x75A8, 0x8689, 0x7E08, 0x7E29, 0x7E29, 0x7DE8, 0x7E49, 0xE498, 0xFB7A,
        0xFB7A, 0xE2D5, 0xBA51, 0xB230, 0xB230, 0xBA31, 0xC252, 0xC252, 0xF2F6, 0xF2F6, 0xF2F6, 0xFBBC,
        0xFBBC, 0xFBBC, 0xFBBC, 0xFBBC, 0xFB7A, 0xFB9B, 0xDAB4, 0xEAD5, 0x7588, 0x6D07, 0x64C7, 0x75C8,
        0x75C8, 0x7E08, 0x8EA9, 0x7E28, 0x8669, 0x8689, 0xFB9B, 0xFB59, 0xF2F6, 0xF2F6, 0xD293, 0xBA31,
        0xB230, 0xBA31, 0xC252, 0xB231, 0xF2F6, 0xF2F6, 0xFB9B, 0xFBBC, 0xFBBC, 0xFBBC, 0xFB7A, 0xFB7A,
        0xFB9B, 0xFBBC, 0xEAD6, 0xCB92, 0x6D67, 0x7588, 0x7DE8, 0x75A8, 0x75A8, 0x75C8, 0x8689, 0x7E08,
        0x86A9, 0x9D6C, 0xFB7A, 0xFB39, 0xF317, 0xE2B4, 0xCA73, 0xBA51, 0xBA31, 0xBA51, 0xD293, 0xB230,
        0xF2F6, 0xFB9B, 0xFBBC, 0xFB9B, 0xFBBC, 0xFB9B, 0xFB17, 0xFB9B, 0xFB7A, 0xFB59, 0xCA72, 0xAC4E,
        0x7E29, 0x8669, 0x86A9, 0x8EEA, 0x8669, 0x7DE8, 0x8669, 0x75C8, 0x8649, 0xAC0E, 0xFB59, 0xEAF6,
        0xEAD5, 0xCA73, 0xBA51, 0xC252, 0xBA31, 0xDAD5, 0xCA73, 0xB230, 0xFB38, 0xFB7A, 0xFB9B, 0xFBBC,
        0xFB9C, 0xFB9B, 0xFB39, 0xFB9B, 0xFB7A, 0xEAF6, 0xBA31, 0x6D47, 0x8EA9, 0x8EEA, 0x8EEA, 0x970A,
        0x86A9, 0x8EEA, 0x8EC9, 0x7E08, 0x7E29, 0xEAD5, 0xF2F7, 0xE2D5, 0xCA72, 0xBA31, 0xB230, 0xC252,
        0xBA51, 0xDA94, 0xB231, 0xDAB4, 0xFB9B, 0xFB59, 0xFB7A, 0xFBBC, 0xFB9B, 0xFB38, 0xFB7A, 0xFB9C,
        0xFBBC, 0xE2B5, 0xBB30, 0x8649, 0x970A, 0x972A, 0x9F8B, 0x972A, 0x8ECA, 0x8669, 0x7E29, 0x7E08,
        0x84AA, 0xE2B5, 0xDA94, 0xEAD5, 0xE2B4, 0xD273, 0xC252, 0xB230, 0xBA51, 0xBA31, 0xC272, 0xEAF6,
        0xFBBC, 0xEAD6, 0xFB38, 0xFBBC, 0xFB5A, 0xFB7A, 0xFBBC, 0xFB5A, 0xFB7A, 0xFB39, 0xB44F, 0x974A,
        0x974A, 0x972A, 0x9F8A, 0x8EEA, 0x8EC9, 0x972A, 0x86A9, 0x75C8, 0x93AC, 0xEB17, 0xE2D5, 0xDA94,
        0xCA73, 0xC252, 0xDA94, 0xD293, 0xB230, 0xBA31, 0xD293, 0xE2D5, 0xFB7A, 0xE2B5, 0xFB7A, 0xFB9B,
        0xF317, 0xFB18, 0xFBBC, 0xFB17, 0xFB59, 0xFB59, 0xB48F, 0x972A, 0x8669, 0x970A, 0x9F8B, 0x974A,
        0x8EEA, 0x974A, 0x7E49, 0x6D67, 0xA3AE, 0xEAD5, 0xFB59, 0xD293, 0xC252, 0xBA51, 0xC252, 0xFB59,
        0xCA72, 0xBA31, 0xBA51, 0xCA73, 0xFB38, 0xF2F6, 0xFB9B, 0xFB38, 0xF317, 0xF338, 0xFBBC, 0xF2F6,
        0xFB38, 0xF2F7, 0xAC4E, 0x970A, 0x8EA9, 0x8EEA, 0x976A, 0x8F0A, 0x970A, 0x8F0A, 0x75A8, 0x6D27,
        0xAC0E, 0xDAB4, 0xEAF6, 0xCA72, 0xCA72, 0xBA31, 0xB230, 0xCA73, 0xC252, 0xB230, 0xDAB4, 0xBA51,
        0xF338, 0xEAD6, 0xFB39, 0xE2B5, 0xFB18, 0xFB7A, 0xFB59, 0xE2D5, 0xF2F7, 0xDAB4, 0xBCCF, 0x972A,
        0x8689, 0x8F0A, 0x972A, 0x8F0A, 0x86A9, 0x7E08, 0x75C8, 0x7E08, 0x9BCC, 0xDAB4, 0xE2D5, 0xEAD5,
        0xE2B5, 0xB230, 0xBA31, 0xC252, 0xBA51, 0xBA51, 0xBA31, 0xC252, 0xF2F6, 0xE2D5, 0xEAD6, 0xF2F6,
        0xFB7A, 0xFAF7, 0xFB17, 0xEAD6, 0xFAF7, 0xEAD6, 0xEAF6, 0x974A, 0x7E08, 0x8EEA, 0x8669, 0x7DE8,
        0x8669, 0x75C8, 0x75A8, 0x7E29, 0x7E08, 0xE2D5, 0xF2F6, 0xE2B5, 0xF2F6, 0xD293, 0xBA51, 0xC252,
        0xB230, 0xBA31, 0xCA73, 0xBA51, 0xF318, 0xDA94, 0xE2B5, 0xF2F6, 0xFB18, 0xF2F7, 0xFB17, 0xFB17,
        0xE2B5, 0xE2B4, 0xF2F7, 0x974A, 0x7E08, 0x8689, 0x8EC9, 0x7588, 0x7E08, 0x8649, 0x7E08, 0x7E08,
        0x7588, 0xFB39, 0xEAD6, 0xEAD5, 0xFB17, 0xEAD6, 0xBA31, 0xBA51, 0xB230, 0xB230, 0xBA31, 0xC252,
        0xF318, 0xEAD5, 0xDAB4, 0xD293, 0xDAD5, 0xFB59, 0xF317, 0xD293, 0xE2D5, 0xD293, 0xDAB4, 0xC4F1,
        0x75C8, 0x8669, 0x8669, 0x8689, 0x8F0A, 0x7E08, 0x8EC9, 0x7DE8, 0x7DE8, 0xB44F, 0xFB38, 0xDAB4,
        0xEAF6, 0xFB7A, 0xF2F7, 0xDAB5, 0xBA31, 0xCA72, 0xB230, 0xBA31, 0xFB38, 0xF317, 0xEAF7, 0xEAD5,
        0xBA51, 0xE2B5, 0xF2F6, 0xFB7A, 0xE2D5, 0xCA73, 0xE2B5, 0xAC4F, 0x7E49, 0x8EC9, 0x8649, 0x976A,
        0x974A, 0x972A, 0x8689, 0x970A, 0x8EEA, 0xC512, 0xFB18, 0xFB17, 0xEAF6, 0xF317, 0xFB38, 0xEAD6,
        0xD293, 0xB230, 0xC252, 0xCA73, 0xFB9B, 0xFB7A, 0xE2B5, 0xE2D5, 0xDAB4, 0xCA73, 0xDA94, 0xFB7A,
        0xEAD5, 0xDA94, 0xEAD5, 0xB48F, 0x75C8, 0x8EC9, 0x9F6B, 0x9F8B, 0x8EEA, 0x972A, 0x8EEA, 0x7E29,
        0x8669, 0xC4D1, 0xF2F6, 0xFAF7, 0xFB17, 0xFB59, 0xFB38, 0xE2B4, 0xFB38, 0xEB17, 0xBA31, 0xB230,
        0xE317, 0xFBBC, 0xEAD6, 0xFB17, 0xE2B5, 0xE2B5, 0xEAD5, 0xD294, 0xF2F6, 0xDAB4, 0xF2F6, 0xB46F,
        0x75C8, 0x8EC9, 0x9F8B, 0x974A, 0x974A, 0x8EA9, 0x8F0A, 0x8689, 0x8669, 0xBC90, 0xFB38, 0xFB59,
        0xFB38, 0xFB38, 0xF318, 0xDA94, 0xF2F6, 0xFB59, 0xFB7A, 0xDAB4, 0xE2B5, 0xFB9C, 0xFB9B, 0xFB59,
        0xF2F6, 0xCA73, 0xEAD6, 0xEAD6, 0xD293, 0xFB59, 0xFB7B, 0xBC90, 0x8669, 0x972A, 0x976A, 0x974A,
        0x8ECA, 0x8649, 0x8689, 0x8F0A, 0x8EEA, 0xBC8F, 0xFB38, 0xFB38, 0xE2B5, 0xFB17, 0xEAF6, 0xFB9B,
        0xF2F7, 0xF338, 0xFB38, 0xF2F6, 0xF2F6, 0xEAD6, 0xFB9B, 0xFB9B, 0xFB18, 0xDAB4, 0xD293, 0xF2F6,
        0xFB17, 0xFB38, 0xF35A, 0xBCB1, 0x8EEA, 0x8EEA, 0x972A, 0x8F0A, 0x8689, 0x8EEA, 0x8649, 0x7DE8,
        0x75A8, 0xBC70, 0xF2F7, 0xFB38, 0xEAD5, 0xFAF7, 0xE2B5, 0xEB17, 0xFB59, 0xDAB4, 0xF2F6, 0xFB39,
        0xF2F6, 0xF2F6, 0xDAB4, 0xFBBC, 0xFB7A, 0xFB17, 0xDAB4, 0xF2F6, 0xF2F6, 0xEAD6, 0xF2F7, 0xADCD,
        0x974A, 0x8EC9, 0x8669, 0x7E08, 0x7DE8, 0x75A8, 0x8689, 0x8669, 0x6D27, 0xBB51, 0xE2D5, 0xFB38,
        0xEAD6, 0xEAD6, 0xFB17, 0xDAB4, 0xF318, 0xFB59, 0xDA94, 0xE2B5, 0xF2F6, 0xF2F6, 0xF2F6, 0xDAB4,
        0xFBBC, 0xFB7A, 0xD294, 0xE2D5, 0xFB5A, 0xFB17, 0xEAF6, 0x8669, 0x8EC9, 0x7E29, 0x75C8, 0x7E29,
        0x7DE8, 0x75A8, 0x6D67, 0x7E08, 0x6D27, 0xD293, 0xDAB4, 0xEAF6, 0xE2D5, 0xEAF6, 0xDAB4, 0xEAF6,
        0xDAB4, 0xE2B5, 0xF2F6, 0xF2F6, 0xF2F6, 0xF2F6, 0xF2F6, 0xF2F6, 0xEAF6, 0xFB9B, 0xF317, 0xFB59,
        0xFB17, 0xDAB4, 0xA42E, 0x7DE8, 0x7588, 0x7588, 0x6507, 0x6D27, 0x75A8, 0x7588, 0x6D27, 0x6D47,
        0xAC2E, 0xF2F6, 0xC252, 0xC252, 0xE2B5, 0xD293, 0xCA73, 0xBA51, 0xD293, 0xCA73, 0xDA94, 0xEAD5,
        0xF2F6, 0xF2F6, 0xF2F6, 0xF2F6, 0xF2F6, 0xE2D5, 0xEB17, 0xFBBC, 0xFB59, 0xEAD6, 0x950B, 0x6D88,
        0x5CA6, 0x6D67, 0x6D47, 0x64E7, 0x64E7, 0x7588, 0x7E08, 0x75C8, 0xB310, 0xDAB4, 0xDAB4, 0xCA73,
        0xC251, 0xCA72, 0xEAD5, 0xCA72, 0xD293, 0xC252, 0xDAB4, 0xEAD6, 0xF2F6, 0xF2F6, 0xF2F6, 0xF2F6,
        0xF2F6, 0xF2F6, 0xE2B5, 0xEB38, 0xFB9B, 0xFB7B, 0x8669, 0x6D47, 0x6D68, 0x64C7, 0x75A8, 0x6D47,
        0x64C6, 0x5C86, 0x64E7, 0x6D27, 0xE2B4, 0xC252, 0xCA73, 0xE2B4, 0xCA73, 0xBA51, 0xC272, 0xBA31,
        0xCA72, 0xCA72, 0xE2D5, 0xF2F7, 0xF2F6, 0xF2F6, 0xF2F6, 0xF2F6, 0xF2F6, 0xF2F6, 0xF2F6, 0xE2B5,
        0xF317, 0xFB9B, 0x974A, 0x8EEA, 0x7E49, 0x64E7, 0x5CA6, 0x6D27, 0x6D47, 0x5CA6, 0x5C66, 0x64A6,
        0xD294, 0xF2F6, 0xBA51, 0xCA72, 0xD294, 0xE2B5, 0xDAB4, 0xCA72, 0xCA72, 0xEAD5, 0xFB59, 0xFB17,
        0xF2F6, 0xF2F6, 0xF2F6, 0xF2F6, 0xF2F6, 0xF2F6, 0xF2F6, 0xE2B5, 0xFB17, 0xE2B5, 0x8669, 0x9F8B,
        0x9F8B, 0x7E29, 0x7588, 0x6D27, 0x64C7, 0x6507, 0x5CA6, 0x5C66, 0xB231, 0xC272, 0xC272, 0xBA31,
        0xBA31, 0xCA72, 0xCA73, 0xDAB4, 0xE2D5, 0xEAD6, 0xF2F6, 0xE2B4, 0xF2F6, 0xF2F6, 0xF2F6, 0xF2F6,
        0xF2F6, 0xF2F6, 0xF2F6, 0xF2F6, 0xF2F6, 0xF2F6, 0x7DE8, 0x7E08, 0x8689, 0x970A, 0x7E29, 0x8649,
        0x6D27, 0x5C66, 0x64A6, 0x64C6, 0xBA31, 0xBA31, 0xEAD5, 0xEAD6, 0xCA73, 0xCA72, 0xDA94, 0xE2B5,
        0xDA94, 0xF2F6, 0xFB59, 0xFB38, 0xF2F6, 0xF2F6, 0xF2F6, 0xF2F6, 0xF2F6, 0xF2F6, 0xF2F6, 0xF2F6,
        0xF2F6, 0xF2F6, 0xB46F, 0x7DE8, 0x7DE8, 0x75C8, 0x8EEA, 0x9F8B, 0x974A, 0x7E08, 0x75A8, 0x75C8,
        0xB44F, 0xE2D5, 0xD293, 0xDAB4, 0xEAD6, 0xFB38, 0xFB39, 0xF2F6, 0xFB38, 0xEAD6, 0xEAD5, 0xE2D5,
        0xF2F6, 0xF2F6, 0xF2F6, 0xF2F6, 0xF2F6, 0xF2F6, 0xF2F6, 0xF2F6, 0xF2F6, 0xF2F6, 0xD3B3, 0xBC6F,
        0xBC6F, 0xBC6F, 0xBC6F, 0xBCB0, 0xCD51, 0xC510, 0xBC6F, 0xB46F, 0xCB72, 0xF2F6, 0xEAD5, 0xDAB4,
        0xF2F6, 0xF2F6, 0xFAF7, 0xEAD6, 0xF2F6, 0xF2F6, 0xFB17, 0xF2F6, 0xF2F6, 0xF2F6, 0xFB38, 0xFB39,
        0xFB59, 0xFB39, 0xBDAF, 0xAE4D, 0xA5AD, 0xA5AC, 0xADED, 0xF3F9, 0xFB59, 0xFB59, 0xE2D5, 0xCA72,
        0xF2F6, 0xF2F6, 0xFB9B, 0xFB59, 0xF2F7, 0xFB38, 0xA5ED, 0x8669, 0x7DE8, 0x8669, 0x8EEA, 0xE456,
        0xFB5A, 0xCA73, 0xBA51, 0xC252, 0xF2F6, 0xFB38, 0xFBBC, 0xFBBC, 0xFB7A, 0xE2D5, 0x7528, 0x6D67,
        0x7E28, 0x8649, 0x8649, 0xFBBA, 0xF317, 0xC251, 0xBA31, 0xC251, 0xF317, 0xFB9C, 0xFBBC, 0xFB5A,
        0xFB9B, 0xCB52, 0x7DE8, 0x8649, 0x7DE8, 0x7E29, 0x958B, 0xFB38, 0xE2B5, 0xC252, 0xC272, 0xC252,
        0xFB59, 0xFB9B, 0xFB7A, 0xFB7A, 0xF338, 0x9C4C, 0x8EEA, 0x972A, 0x8EA9, 0x7E49, 0xB42F, 0xEAD5,
        0xCA73, 0xBA31, 0xC252, 0xD293, 0xF338, 0xFB7A, 0xFB38, 0xFB7A, 0xFB59, 0xA5CC, 0x8F0A, 0x974A,
        0x8F0A, 0x7E08, 0xC351, 0xE2D5, 0xC252, 0xDAB4, 0xBA51, 0xD293, 0xF2F7, 0xFB38, 0xFB38, 0xF338,
        0xEAF6, 0xA5CC, 0x8EC9, 0x972A, 0x8EA9, 0x75A8, 0xC351, 0xE2B5, 0xC272, 0xC251, 0xBA51, 0xC272,
        0xEAD6, 0xEAD6, 0xFB18, 0xF2F7, 0xEAD5, 0xC510, 0x8669, 0x7E29, 0x7E28, 0x7DE8, 0xB470, 0xEAD5,
        0xEAD6, 0xBA51, 0xB230, 0xC252, 0xF317, 0xE2B5, 0xDAD5, 0xF2F7, 0xDAB4, 0xCBB2, 0x8649, 0x86A9,
        0x8EEA, 0x8689, 0x9D8D, 0xF2F7, 0xF317, 0xF2F6, 0xC252, 0xC251, 0xFB7A, 0xEAD6, 0xDAB4, 0xE2D5,
        0xE2B5, 0xD3B2, 0x8649, 0x976A, 0x8F0A, 0x8EA9, 0xA58D, 0xFB18, 0xFB38, 0xEAD6, 0xF318, 0xD2B4,
        0xF317, 0xFB9B, 0xE2D5, 0xE2D5, 0xF2F7, 0xDC15, 0x8EEA, 0x972A, 0x86A9, 0x8669, 0x9D6C, 0xFB18,
        0xF2F6, 0xEB17, 0xF317, 0xFB17, 0xF2F6, 0xEAF7, 0xFB5A, 0xE2B5, 0xF317, 0xC491, 0x8EC9, 0x7E08,
        0x75C8, 0x7E08, 0x9C0D, 0xEAD6, 0xEAD6, 0xEAD5, 0xEAF6, 0xEAD5, 0xF2F6, 0xF2F6, 0xF317, 0xF339,
        0xEAF6, 0x8D2A, 0x6D47, 0x6507, 0x6D67, 0x7588, 0xCB32, 0xCA72, 0xCA73, 0xD293, 0xCA73, 0xE2B5,
        0xF2F6, 0xF2F6, 0xF2F6, 0xEAF6, 0xFB7A, 0x8669, 0x6D67, 0x6D27, 0x64C7, 0x64C7, 0xDAB4, 0xCA73,
        0xD273, 0xCA72, 0xD273, 0xF317, 0xF2F6, 0xF2F6, 0xF2F6, 0xF2F6, 0xF2F6, 0x8689, 0x8ECA, 0x75C8,
        0x64E7, 0x5CA6, 0xBA31, 0xD293, 0xC252, 0xDA94, 0xE2D5, 0xF317, 0xF2F6, 0xF2F6, 0xF2F6, 0xF2F6,
        0xF2F6, 0xB4AE, 0x9D2C, 0xA5ED, 0xA5ED, 0x950C, 0xD353, 0xDAB4, 0xF2F6, 0xF317, 0xF2F7, 0xEAF6,
        0xF2F6, 0xFB59, 0xFB38, 0xA60D, 0x95EB, 0xC551, 0xEB18, 0xCA73, 0xFB38, 0xFB9B, 0xEB37, 0x75A8,
        0x7E28, 0xC4B1, 0xD294, 0xC251, 0xFB7A, 0xFB7A, 0xCC32, 0x970A, 0x8669, 0xD333, 0xCA72, 0xCA72,
        0xF2F7, 0xFB18, 0xCC32, 0x86A9, 0x7E08, 0xD353, 0xCA73, 0xBA51, 0xEAF7, 0xE2D5, 0xD333, 0x86A9,
        0x8EC9, 0xCC52, 0xF2F7, 0xD294, 0xF318, 0xEAF6, 0xE3B5, 0x8EA9, 0x7E49, 0xC3D2, 0xEAF6, 0xEAF6,
        0xF2F6, 0xF317, 0xBC71, 0x6D27, 0x6D27, 0xD2B3, 0xCA73, 0xDAB4, 0xF2F6, 0xF2F6, 0xC451, 0x95EA,
        0x7D29, 0xD2B3, 0xE2B5, 0xEAF6, 0xFB59, 0xC491, 0xA58D, 0xD294, 0xFB38, 0xAD8E, 0xACCE, 0xC272,
        0xEAF6, 0xB50F, 0xA54D, 0xEAD6, 0xF2F6, 0x9CED, 0xA3ED, 0xDAB4, 0xDC34, 0xBBD0, 0xCBF2, 0xC3B1,
        0xCBF2,
    },
};

constexpr uint16_t kPagePalette[256] = {
    0xFFF5, 0xFFF5, 0xFFF5, 0xFFF5, 0xFFF5, 0xFFF4, 0xFFF4, 0xFFF4, 0xFFF4, 0xFFF4, 0xFFF4, 0xFFF4,
    0xFFF4, 0xFFF3, 0xFFF3, 0xFFF3, 0xFFF3, 0xFFF3, 0xFFF3, 0xFFF3, 0xFFF3, 0xFFF3, 0xFFD3, 0xFFD3,
    0xFFD3, 0xFFD3, 0xFFB2, 0xFFB2, 0xFFB2, 0xFF92, 0xFF72, 0xFF2D, 0xFF0B, 0xFEEB, 0xF775, 0xEECE,
    0x9F8B, 0x9F8A, 0x9F8A, 0x976A, 0x974A, 0x972A, 0x972A, 0x970A, 0x8EEA, 0x8EEA, 0x8EC9, 0xDDEC,
    0xB54D, 0xDC88, 0xFC2B, 0xE428, 0xF40A, 0x8EC9, 0x8EC9, 0x86A9, 0x86A9, 0x8689, 0x8669, 0x8669,
    0x8649, 0x8649, 0x7E29, 0x7E29, 0x7E28, 0x7E08, 0x7E08, 0x7E08, 0x7DE8, 0x7DE8, 0x7DE8, 0x75C8,
    0x75C8, 0x75C8, 0x75A8, 0x7588, 0x7588, 0x6D68, 0x35AD, 0x05BF, 0x05BF, 0x059F, 0x2592, 0x6D67,
    0x6D47, 0x6D47, 0x6D27, 0x6D27, 0x6507, 0x354D, 0x6507, 0x34EB, 0x64E7, 0x64C6, 0x5CA7, 0x5C86,
    0x5C86, 0x5C66, 0x34AC, 0x2CAA, 0x2CAA, 0x2C8A, 0x155D, 0x057E, 0x053D, 0x051C, 0x04FC, 0x14FB,
    0x04DB, 0x04DB, 0x04BA, 0x14B9, 0x049A, 0x0499, 0x2C8E, 0x0499, 0x0479, 0x0479, 0x0458, 0x0458,
    0x0458, 0x0458, 0x0437, 0x1C4E, 0xFBBC, 0xFBBC, 0xFBBC, 0xFBBC, 0xFB9C, 0xFB9B, 0xFB9B, 0xFB9B,
    0xFB7B, 0xFB7A, 0xFB7A, 0xFB79, 0xFB7A, 0xFB5A, 0xFB59, 0xFB59, 0xFB59, 0xFB59, 0xFB59, 0xFB59,
    0xFB39, 0xFBEA, 0xFBCA, 0xF3AA, 0xEBA9, 0xEB89, 0xE368, 0xDB48, 0xFB39, 0xFB38, 0xFB38, 0xFB38,
    0xFB38, 0xEB31, 0xFB38, 0xFB38, 0xFB38, 0xFB18, 0xFB18, 0xFB38, 0xFB18, 0xFB17, 0xFB17, 0xFB17,
    0xFB17, 0xFB17, 0xFB16, 0xFAF7, 0xFAF7, 0xFAF7, 0xF2F7, 0xF2F6, 0xF2F6, 0xF2F6, 0xF2F6, 0xF2F6,
    0xF2F6, 0xEAD6, 0xEAD6, 0xEAD6, 0xEAD5, 0xEAD5, 0xEAD5, 0xEAD5, 0xEAD5, 0xE2D5, 0xE2B5, 0xE2B5,
    0xE2B5, 0xE2B5, 0xE2B4, 0xDAB4, 0xDAB4, 0xDAB4, 0xDA94, 0xDA94, 0xDA94, 0xD294, 0xD293, 0xE288,
    0xD348, 0xCB08, 0xCB08, 0xC308, 0xC308, 0xD293, 0xC2E9, 0xC2E7, 0xBAC7, 0xB2C7, 0xD293, 0xD293,
    0xCA73, 0xCA73, 0xCA72, 0xCA72, 0xCA72, 0xC272, 0xC252, 0xC252, 0xC251, 0xBA51, 0xBA51, 0xBA31,
    0xBA31, 0xB231, 0xB230, 0xC267, 0x934A, 0x2BAA, 0x1B8C, 0x2367, 0x1351, 0x0416, 0x03F6, 0x03D5,
    0x03D5, 0x03B4, 0x0394, 0x0373, 0x0373, 0x0353, 0x0352, 0xB2A7, 0xAAA7, 0xAAA7, 0xAA86, 0xA286,
    0xA266, 0xA266, 0xAA45, 0x61E5,
};
constexpr uint8_t kPageTexels[6][64 * 64] = {
    {
        100, 100, 100, 100, 100, 115, 115, 115, 115, 115, 115, 115, 115, 115, 115, 115, 115, 115,  79,  79,  81, 115, 106, 103, 105, 113, 109, 113, 101,  89,  99, 101,
         99,  78,  91, 235, 101,  91, 101, 233, 101, 219, 161, 131, 124, 129, 126, 124, 124, 139, 136, 129, 136, 127, 124, 126, 139, 177, 223,  99, 235, 101, 235, 235,
        100, 100, 100, 100, 100, 115, 115, 115, 115, 115, 115,  79, 115, 115, 115, 115,  79, 103, 103,  79,  81, 105, 103,  80,  79,  81, 103, 103,  79,  89,  91,  91,
        101,  78,  99, 235,  91,  89, 235, 235, 233, 190, 133, 124, 124, 133, 124, 124, 138, 129, 124, 136, 176, 133, 124, 137, 179, 197, 200, 233, 235, 233, 235, 235,
        100, 100, 100, 100, 100, 115, 115, 115, 115,  79, 115,  79, 115,  79,  79,  79,  80, 108, 110, 103, 110, 112, 106, 103, 103, 104, 103, 103,  79,  89,  91,  91,
         89,  78, 101, 235,  78,  91, 235, 233, 233, 101, 124, 124, 124, 124, 124, 124, 124, 124, 130, 152, 124, 124, 127, 180, 209, 181, 167, 230, 235, 235, 235, 235,
        100, 100, 100, 100, 100, 115, 115, 115,  79, 115, 115, 115, 115,  79,  79,  81, 106, 113, 104, 105, 110, 109, 109, 103,  81, 103, 105,  79, 103,  89,  89,  91,
         99,  91, 101, 233,  78,  99,  99, 233, 235, 101, 126, 124, 124, 124, 124, 124, 136, 138, 188, 134, 124, 124, 144, 218, 168, 136, 224, 230, 233, 235, 235, 235,
        100, 100, 100, 100, 100, 100, 115, 115,  79,  79,  79, 115,  79,  81, 103, 117, 121, 109, 106, 105, 108, 116, 106,  79,  79,  81,  79,  81, 104, 103,  89,  89,
        101,  99, 101, 101,  91,  99,  99, 101, 233,  99, 233, 128, 124, 128, 128, 138, 165, 143, 124, 124, 142, 183, 223, 201, 169, 230, 230, 230, 230, 235, 235, 235,
        100, 100, 100, 100, 100, 100, 115, 115, 115,  79,  79,  79,  81, 104, 106, 106, 115, 109, 112, 113, 118, 122, 108,  80, 103, 105,  81, 106,  80, 103, 101,  78,
         99, 233, 101,  99,  89,  91, 101, 101, 101,  91,  45, 134, 125, 124, 133, 181, 136, 124, 124, 139, 172, 221, 226, 171, 226, 230, 230, 226, 222, 235, 235, 233,
        100, 100, 100, 100, 100, 100, 115, 115, 115,  79,  79,  79, 105, 108, 106, 109, 116, 116, 121, 122, 121, 104, 106, 106, 117, 108, 104,  81, 103, 106,  91,  78,
         99, 101,  78, 101,  91,  91,  91,  99,  89,  99,  63, 182, 134, 131, 139, 137, 127, 124, 132, 191, 230, 230, 230, 221, 230, 230, 228, 222, 202, 235, 235, 101,
        100, 100, 100, 100, 100, 115, 115, 115,  79,  79,  79,  79,  81, 104, 110, 106, 106, 106, 122, 116, 104, 104, 106, 110, 113, 115, 105, 121, 110,  99,  78,  78,
        101,  91,  78,  99,  91,  91,  91,  99,  91,  58,  67, 139, 142, 143, 133, 128, 128, 126, 181, 230, 230, 221, 230, 230, 230, 230, 230, 230, 230, 235, 235, 101,
        100, 100, 100, 100, 100, 115, 115, 115,  79,  79,  79,  79,  79, 103, 104, 103, 106, 110, 120, 110,  81, 121, 238, 239, 237, 240, 240, 110, 121, 101,  78,  78,
         99,  89,  89,  89,  99,  89, 101,  99,  54,  71,  66, 156, 134, 128, 130, 132, 130, 126, 158, 230, 230, 214, 230, 230, 230, 230, 230, 219, 230, 235, 101, 233,
        100, 100, 100, 100, 100, 115, 115,  79,  79,  79,  79,  80,  79,  79,  79,  81,  79, 104, 106,  81, 105, 122, 238, 121, 120, 243, 121, 110, 238,  78,  78,  78,
        101,  89,  89,  78,  91,  91,  99,  61,  70,  86,  74, 139, 124, 124, 140, 132, 142, 142, 138, 217, 230, 230, 230, 230, 230, 230, 230, 230, 230,  97, 235, 235,
        100, 100, 100, 100, 100, 115,  79,  79,  79,  79,  79,  79,  79,  79,  81,  80,  79, 109, 105,  81, 109, 245, 238, 117, 121, 122, 239, 237, 240,  78,  78,  89,
         91,  89,  89,  78,  91,  91,  56,  58,  63,  54,  67, 132, 129, 126, 171, 132, 153, 199, 186, 193, 223, 218, 230, 230, 230, 230, 230, 230, 230,  97, 233, 235,
        100, 100, 100, 100, 100, 115,  79,  79,  79,  79,  79,  79,  79,  80,  80,  79,  80, 105,  81,  80, 112, 243, 237, 112, 117, 239, 239,  99,  78,  78,  78,  99,
         99,  89,  89,  78,  91,  62,  65,  84,  68,  53, 164, 137, 136, 133, 160, 129, 165, 184, 167, 177, 223, 177, 222, 230, 230, 230, 226, 230,  88,  88,  89, 235,
        100, 100, 100, 100, 100,  79,  79,  79,  79,  79,  79,  80,  80, 103, 108,  81,  81, 103,  79,  79, 108, 117, 113, 238, 240, 238,  89,  89,  78,  78,  78,  89,
         78,  78,  89,  89,  44,  59,  64,  61,  41,  43, 144, 134, 126, 153, 186, 133, 155, 195, 192, 186, 230, 184, 230, 230, 230, 230, 230, 221,  74,  92,  91, 233,
        100, 100, 100, 100, 100, 100,  81,  79,  79,  79,  79,  79, 103, 110, 106,  80,  80,  81,  80,  80, 239, 121, 120, 118, 237,  99,  89,  99,  78,  78,  99,  91,
         78,  78,  78,  59,  45,  69,  76,  62,  57,  75, 215, 175, 124, 159, 168, 130, 134, 178, 197, 214, 222, 209, 230, 215, 222, 230, 230, 222,  77,  97, 235, 235,
        100, 100, 100, 100, 100, 100, 103, 103,  80,  79,  79, 103, 108, 108, 103,  79,  81, 103, 103, 108, 240, 238, 121, 110,  89,  89,  89,  78,  78,  78,  91,  78,
         78,  89,  76,  66,  60,  66,  65,  73,  71, 154, 224, 171, 124, 152, 183, 142, 191, 194, 223, 223, 216, 224, 230, 188, 221, 230, 230,  53,  75,  93, 235, 233,
        100, 100, 100, 100, 100, 100, 100,  81,  79,  79,  79, 104, 117, 116, 104,  81, 103, 112, 105, 106, 244, 240, 241, 121,  99,  89,  89,  78,  78,  99,  78,  78,
         78,  60,  71,  63,  45,  58,  70,  84,  69, 138, 183, 199, 169, 158, 191, 192, 190, 169, 215, 198, 230, 230, 230, 226, 230, 230, 222,  58,  87,  97, 233, 233,
         78, 100, 100, 100, 100, 100, 100, 100, 103,  79,  79, 103, 116, 105, 103,  80,  79, 113, 106, 122, 245, 244, 245,  99,  99,  91,  78,  78,  89,  78,  78,  78,
         46,  68,  61,  45,  45,  41,  60,  83, 183, 161, 161, 221, 182, 153, 167, 222, 197, 219, 224, 230, 230, 230, 226, 223, 230, 230,  85,  72,  97,  97,  93, 235,
         91,  78,  78,  78,  89, 100, 100, 100, 100,  81,  81, 106, 106, 103, 105,  79,  79, 105, 115, 122, 243, 244,  91,  89,  91,  89,  78,  78,  91,  78,  78,  36,
         43,  56,  46,  36,  61,  56,  57,  73, 182, 138, 174, 186, 194, 159, 167, 214, 228, 218, 227, 230, 230, 230, 221, 227, 229, 199,  75,  97,  97,  96,  74, 235,
         89,  78,  91,  89,  89,  78,  89, 101, 235, 235, 105, 106, 104, 105, 104,  79,  79, 103, 117, 122, 246, 237,  78,  89,  78,  78,  78,  78,  78,  78,  44,  36,
         43,  63,  67,  44,  60,  63,  70, 182, 192, 181, 197, 182, 215, 183, 178, 187, 214, 193, 222, 230, 230, 230, 230, 230, 230,  88,  97,  97,  97,  87,  70,  61,
         36,  78,  89,  91,  91,  89,  89,  78,  78,  99,  91, 110, 104, 103,  81,  79,  79,  80, 237, 237, 122, 237,  78,  89,  91,  78,  78,  91,  78,  36,  42,  44,
         41,  53,  61,  62,  60,  72,  68, 169, 214, 222, 224, 164, 217, 198, 191, 185, 186, 195, 194, 194, 214, 222, 230, 230, 230,  97,  97,  93,  87,  95,  92,  63,
         36,  39,  78,  89,  89,  91, 101,  91,  78,  91, 101,  91, 104,  80, 104, 106, 104,  81, 110, 104, 122,  78,  91, 101, 235, 233, 233,  89,  40,  37,  42,  70,
         53,  61,  45,  45,  53,  65, 175, 181, 195, 230, 199, 130, 191, 197, 196, 184, 216, 222, 219, 199, 188, 188, 227, 230,  97,  97,  97,  95,  88,  73,  66,  77,
         36,  44,  73,  78,  78,  78,  78,  91,  89,  78,  89,  89,  79,  80, 104, 105, 106, 105, 106, 106, 112,  89,  89, 233, 101,  91,  91,  43,  36,  36,  38,  41,
         43,  43,  36,  43,  44,  56, 185, 188, 223, 215, 191, 166, 174, 195, 221, 209, 214, 222, 230, 230, 230, 199, 165, 215,  97,  97,  97,  97,  95,  84,  84,  76,
         41,  45,  71,  86,  78,  78,  78,  89,  78,  78,  78,  78,  91,  79, 109, 108, 105, 104, 106, 109, 237,  91,  89,  89,  78,  78,  91,  43,  39,  36,  44,  45,
         42,  45,  53,  41,  53,  61, 167, 219, 227, 188, 183, 194, 138, 182, 218, 216, 226, 230, 223, 224, 230, 181, 167, 136,  93,  95,  95,  97,  97,  97,  83,  84,
         36,  61,  73,  84,  61,  89,  89,  78,  78,  89,  89,  99, 233,  89, 110, 113, 105, 104, 104, 105,  91,  89,  89,  78, 100,  91,  55,  41,  36,  36,  36,  36,
         56,  44,  36,  38,  64,  74, 188, 225, 230, 193, 183, 186, 133, 134, 209, 200, 189, 227, 230, 230, 230, 230, 137, 155,  73,  93,  97,  97,  88,  97,  97,  95,
         42,  64,  64,  76,  41,  56,  46,  89,  89,  91, 101, 235, 233,  99,  99, 117, 121, 108, 105, 119,  78,  89,  78, 100,  78, 100,  60,  41,  36,  36,  36,  45,
         53,  43,  36,  56,  88,  84, 219, 221, 209, 180, 179, 222, 175, 152, 228, 221, 221, 226, 224, 230, 230, 230, 191, 214,  86,  97,  97,  97,  86,  87,  93,  97,
         60,  68,  72,  68,  38,  36,  64,  63,  89,  78,  91,  91,  91,  99,  99,  89, 108, 104, 105, 239,  78,  91,  78,  78, 101,  70,  57,  36,  38,  42,  41,  59,
         44,  39,  36,  58,  64,  65, 188, 197, 195, 193, 182, 202, 201, 188, 216, 202, 186, 228, 230, 230, 230, 230, 227, 227,  92,  97,  97,  97,  74,  76,  93,  97,
         44,  73,  72,  55,  57,  44,  86,  76,  58,  78,  78,  78,  78,  91,  99,  91, 108, 108, 112,  78,  89,  89,  89, 101,  46,  46,  60,  38,  36,  55,  62,  40,
         61,  56,  70,  53,  86,  72, 172, 215, 214, 225, 195, 221, 194, 214, 198, 188, 195, 225, 230, 230, 230, 228, 230, 215,  87,  95,  96,  95,  93,  96,  86,  97,
         44,  73,  87,  74,  58,  61,  71,  77,  63,  63,  46,  91,  91, 101,  91,  91, 120, 121,  89, 101, 101, 101, 101, 101,  64,  62,  56,  36,  36,  53,  44,  39,
         40,  62,  73,  75,  84,  44, 155, 159, 192, 222, 194, 183, 171, 187, 177, 175, 169, 182, 230, 230, 230, 226, 219, 223,  97,  97,  88,  97,  97,  97,  88,  97,
         61,  71,  75,  85,  67,  84,  74,  62,  39,  40,  63,  72,  91,  99,  91,  91,  91, 117,  91, 101,  91, 101, 101,  41,  75,  76,  57,  36,  43,  72,  72,  59,
         41,  58,  76,  76,  73,  64, 136, 158, 159, 188, 196, 195, 167, 174, 215, 188, 176, 167, 196, 230, 230, 230, 230, 177,  97,  97,  97,  95,  95,  88,  96,  97,
         64,  85,  57,  84,  60,  83,  83,  63,  58,  58,  67,  62,  58,  89,  89,  89,  78,  78, 101,  91,  89,  78,  36,  36,  67,  42,  59,  40,  54,  66,  77,  68,
         74,  61,  62,  67,  76,  88,  70, 198, 194, 158, 140, 196, 171, 194, 200, 174, 195, 180, 193, 195, 202, 230, 230, 230, 230,  97,  97,  97,  97,  69,  92,  97,
         55,  88,  85,  83,  60,  76,  76,  64,  57,  57,  62,  73,  64,  63,  78,  78,  78,  91,  91,  89,  89,  63,  43,  40,  63,  59,  65,  40,  44,  44,  71,  84,
         77,  75,  57,  45,  62,  83,  63, 189, 196, 159, 142, 153, 185, 177, 193, 167, 183, 175, 184, 214, 230, 230, 216, 230, 230,  97,  97,  97,  96,  92,  88,  97,
         41,  63,  75,  92,  88,  84,  62,  72,  64,  63,  58,  75,  61,  69,  63,  64,  91,  99,  78,  78,  71,  62,  41,  36,  68,  74,  70,  53,  58,  56,  71,  86,
         54,  62,  72,  68,  68,  60,  57,  73, 219, 192, 156, 152, 171, 196, 209, 190, 159, 139, 152, 188, 223, 230, 230, 230, 230, 230,  97,  97,  97,  97,  95,  88,
         39,  73,  63,  88,  75,  95,  63,  93,  84,  43,  45,  42,  53,  67,  88,  72,  60,  99,  89,  93,  92,  74,  55,  54,  73,  74,  57,  63,  53,  58,  69,  39,
         40,  55,  59,  71,  61,  43,  70,  77, 197, 189, 195, 169, 140, 177, 192, 215, 183, 138, 134, 138, 181, 187, 215, 230, 230, 223,  74,  92,  97,  97,  97,  95,
         62,  71,  71,  74,  71,  84,  88,  93,  97,  75,  62,  58,  61,  76,  88,  92,  87,  85,  77,  86,  88,  69,  60,  58,  71,  72,  61,  57,  62,  64,  64,  54,
         38,  57,  65,  73,  56,  44,  64,  66, 158, 174, 185, 184, 168, 137, 184, 202, 193, 187, 133, 134, 156, 167, 153, 178, 230, 230,  97,  93,  97,  97,  97,  97,
         57,  60,  63,  76,  55,  87,  84,  73,  97,  97,  70,  56,  64,  64,  56,  53,  57,  88,  97,  88,  92,  62,  73,  73,  64,  71,  58,  57,  67,  75,  43,  40,
         36,  39,  41,  53,  41,  56,  36,  42, 153, 138, 140, 144, 179, 161, 165, 187, 176, 180, 178, 137, 140, 156, 179, 174, 214, 230,  97,  97,  88,  88,  84,  88,
         59,  55,  56,  66,  74,  53,  86,  62,  87,  97,  97,  86,  72,  70,  54,  39,  58,  93,  92,  84,  88,  71,  76,  72,  57,  59,  53,  43,  57,  41,  36,  36,
         39,  46,  44,  36,  58,  69,  59,  40,  40, 137, 153, 124, 155, 152, 161, 171, 197, 171, 138, 200, 168, 174, 195, 187, 171, 219, 230,  97,  97,  95,  96,  86,
         36,  36,  42,  64,  74,  84,  84,  68,  64,  95,  92,  97,  88,  72,  60,  40,  69,  86,  92,  77,  88,  73,  63,  62,  66,  76,  55,  55,  36,  40,  36,  39,
         44,  40,  44,  36,  45,  58,  73,  57,  44, 168, 164, 133, 167, 186, 171, 167, 167, 175, 133, 152, 166, 158, 201, 188, 138, 155, 175,  97,  97,  97,  97,  97,
         54,  44,  39,  45,  69,  87,  84,  72,  65,  97,  76,  87,  97,  72,  45,  53,  57,  85,  87,  77,  69,  68,  84,  63,  66,  72,  61,  39,  36,  36,  36,  36,
         58,  53,  41,  44,  36,  54,  67,  57,  55, 175, 168, 144, 174, 177, 191, 156, 161, 183, 156, 142, 153, 171, 192, 197, 180, 142, 124,  53,  92,  97,  97,  97,
         84,  36,  36,  38,  61,  76,  73,  59,  61,  93,  86,  59,  70,  88,  77,  70,  53,  83,  88,  88,  75,  64,  67,  70,  76,  67,  71,  36,  36,  36,  36,  36,
         36,  44,  46,  53,  44,  42,  57,  72,  67, 171, 171, 164, 137, 174, 154, 132, 136, 142, 164, 143, 142, 197, 215, 199, 188, 174, 139,  44,  39,  44,  93,  85,
         97,  43,  36,  40,  59,  88,  65,  61,  71,  84,  96,  70,  70,  74,  87,  97,  73,  65,  72,  84,  75,  62,  69,  70,  75,  73,  60,  40,  36,  36,  36,  58,
         44,  38,  44,  64,  55,  40,  43,  56, 138, 138, 174, 178, 164, 152, 161, 153, 172, 161, 167, 159, 130, 181, 217, 188, 191, 167,  54,  58,  65,  36,  54,  88,
         68,  97,  36,  36,  40,  45,  43,  60,  64,  77,  97,  74,  76,  57,  86,  88,  97,  72,  55,  56,  57,  55,  59,  69,  66,  58,  36,  43,  42,  39,  36,  56,
         43,  58,  54,  36,  55,  45,  42,  42, 137, 134, 156, 173, 159, 143, 134, 156, 165, 214, 156, 160, 159, 136, 128, 129, 183, 184,  45,  43,  55,  62,  71,  64,
         68,  68,  53,  36,  38,  36,  41,  58,  71,  68,  95,  85,  75,  74,  55,  64,  87,  92,  59,  43,  36,  36,  58,  66,  70,  43,  56,  36,  36,  39,  36,  36,
         42,  56,  77,  84,  70,  45,  44,  53, 138, 134, 176, 182, 161, 165, 164, 171, 216, 188, 171, 179, 201, 195, 136, 133, 158, 158,  72,  75,  62,  55,  64,  76,
         68,  68,  68,  45,  36,  36,  39,  58,  57,  70,  72,  97,  92,  77,  73,  61,  55,  71,  63,  56,  36,  36,  54,  74,  61,  45,  44,  36,  36,  44,  40,  40,
         41,  42,  42,  57,  64,  74,  70, 161, 140, 175, 169, 152, 155, 155, 161, 158, 197, 189, 177, 171, 169, 215, 153, 128, 130,  57,  87,  83,  73,  61,  54,  58,
         68,  68,  68,  97,  59,  36,  36,  36,  59,  59,  73,  84,  93,  84,  76,  68,  61,  68,  65,  55,  83,  55,  61,  56,  39,  43,  58,  55,  38,  54,  53,  55,
         67,  68,  41,  55,  43,  58,  66, 199, 220, 219, 198, 158, 181, 199, 169, 156, 161, 188, 164, 180, 192, 209, 223, 187, 142,  62,  71,  85,  84,  65,  66,  45,
         68,  68,  68,  68,  97,  57,  38,  36,  43,  70,  60,  73,  77,  75,  61,  75,  62,  66,  68,  84,  70,  46,  62,  44,  40,  54,  71,  55,  57,  60,  63,  73,
         61,  71,  70,  70,  54,  39,  60, 159, 220, 182, 191, 199, 175, 187, 173, 180, 189, 177, 197, 191, 161, 187, 195, 217, 184,  53,  53,  73,  93,  83,  83,  72,
         68,  68,  68,  68,  68,  97,  46,  36,  38,  40,  61,  63,  84,  87,  70,  72,  75,  75,  62,  76,  71,  75,  64,  41,  36,  36,  39,  43,  58,  63,  62,  72,
         61,  86,  76,  85,  73,  62, 131, 189, 221, 216, 219, 188, 209, 189, 134, 132, 184, 182, 175, 167, 169, 143, 196, 181,  73,  43,  36,  53,  83,  75,  73,  87,
         68,  68,  68,  68,  68,  68,  97,  45,  36,  36,  43,  61,  92,  85,  77,  65,  60,  55,  60,  68,  86,  76,  68,  70,  54,  45,  56,  58,  74,  66,  62,  57,
         76,  71,  76,  74,  88,  83, 171, 180, 209, 217, 226, 218, 193, 187, 181, 171, 209, 200, 181, 152, 200, 209, 161, 158,  84,  64,  64,  65,  60,  70,  64,  62,
         68,  68,  68,  68,  68,  68,  68,  97,  42,  36,  36,  58,  85,  77,  83,  76,  45,  41,  59,  63,  65,  57,  54,  43,  43,  61,  62,  84,  76,  67,  75,  61,
         55,  71,  74,  75,  86, 177, 179, 167, 214, 193, 195, 191, 222, 202, 202, 173, 139, 200, 201, 174, 179, 214, 194,  83,  87,  86,  87,  92,  88,  63,  71,  74,
         68,  68,  68,  68,  68,  68,  68,  68,  97,  43,  36,  42,  76,  71,  65,  73,  74,  57,  76,  95,  85,  83,  70,  44,  61,  76,  77,  73,  87,  76,  84,  85,
         66,  73,  70,  92,  85, 220, 192, 182, 174, 188, 171, 200, 223, 224, 227, 214, 164, 184, 216, 200, 209, 230, 230,  95,  92,  92,  84,  93,  92,  71,  70,  84,
         68,  68,  68,  68,  68,  68,  68,  68,  68,  68,  56,  40,  42,  70,  43,  39,  62,  69,  70,  85,  83,  72,  83,  86,  92,  85,  92,  73,  95,  92,  87,  93,
         76,  83,  76,  72, 201, 201, 216, 219, 214, 194, 164, 167, 223, 223, 227, 226, 209, 217, 195, 227, 209, 200,  96,  88,  92,  76,  87,  92,  86,  84,  73,  75,
         68,  68,  68,  68,  68,  68,  68,  68,  68,  68,  97,  65,  41,  56,  36,  36,  36,  71,  77,  68,  77,  75,  76,  92,  92,  95,  84,  77,  84,  93,  95,  93,
         86,  83,  65,  71, 176, 138, 183, 215, 222, 220, 179, 185, 187, 217, 215, 216, 227, 226, 217, 216, 176, 165,  85,  95,  86,  85,  92,  93,  72,  86,  76,  71,
         68,  68,  68,  68,  68,  68,  68,  68,  68,  68,  68,  68,  97,  55,  42,  39,  39,  66,  74,  67,  68,  65,  73,  74,  93,  97,  92,  73,  72,  88,  88,  92,
         97,  93,  93,  84, 198, 176, 153, 183, 188, 222, 223, 219, 196, 202, 209, 228, 217, 230, 228, 217, 218, 185,  88,  93,  88,  88,  95,  92,  84,  85,  84,  58,
         68,  68,  68,  68,  68,  68,  68,  68,  68,  68,  68,  68,  68,  97,  41,  39,  39,  60,  61,  44,  64,  70,  85,  85,  66,  92,  88,  86,  74,  84,  93,  92,
         93,  97,  96,  97, 202, 217, 198, 194, 194, 202, 225, 230, 227, 176, 189, 215, 219, 230, 230, 230, 228, 227,  97,  95,  95,  88,  95,  93,  76,  73,  74,  72,
         68,  68,  68,  68,  68,  68,  68,  68,  68,  68,  68,  68,  68,  68,  97,  54,  40,  39,  36,  36,  38,  70,  74,  87,  70,  92,  95,  97,  87,  61,  66,  84,
         86,  96,  93,  97, 230, 224, 221, 209, 199, 177, 195, 226, 226, 224, 197, 183, 188, 220, 226, 220, 201, 217,  97,  97,  95,  86,  86,  88,  83,  72,  65,  58,
         68,  68,  68,  68,  68,  68,  68,  68,  68,  68,  68,  68,  68,  68,  68,  97,  77,  36,  36,  36,  36,  38,  42,  61,  73,  86,  93,  96,  97,  96,  86,  75,
         87,  93,  93,  95, 227, 230, 222, 217, 196, 217, 174, 189, 227, 230, 216, 195, 188, 197, 209, 220, 187, 224,  93,  84,  96,  76,  67,  76,  43,  42,  56,  68,
         68,  68,  68,  68,  68,  68,  68,  68,  68,  68,  68,  68,  68,  68,  68,  68,  68,  68,  71,  36,  53,  43,  36,  53,  41,  53,  75,  93,  93,  93,  88,  88,
         66,  84,  95,  97, 230, 230, 227, 228, 219, 191, 180, 168, 218, 230, 230, 220, 226, 197, 174, 182, 191, 189,  93,  92,  97,  88,  83,  73,  73,  53,  65,  63,
         68,  68,  68,  68,  68,  68,  68,  68,  68,  68,  68,  68,  68,  68,  68,  97,  68,  68,  68,  97,  43,  41,  38,  36,  36,  40,  57,  84,  84,  86,  87,  95,
         92,  92,  76,  93,  97, 230, 230, 230, 230, 227, 217, 216, 223, 224, 226, 228, 227, 228, 209, 198, 222, 215, 186,  63,  73,  84,  75,  76,  73,  85,  75,  75,
         68,  68,  68,  68,  68,  68,  68,  68,  68,  68,  68,  68,  68,  68,  68,  68,  42,  68,  68,  68,  68,  74,  36,  36,  36,  36,  42,  72,  72,  72,  84,  84,
         93,  95,  92,  88,  88, 230, 230, 230, 230, 230, 230, 223, 209, 223, 230, 230, 230, 230, 230, 228, 214, 217, 226,  92,  86,  63,  58,  75,  62,  63,  75,  92,
         68,  68,  68,  68,  68,  68,  68,  68,  68,  68,  68,  68,  68,  68,  68,  68,  68,  68,  68,  68,  68,  68,  68,  66,  37,  36,  41,  61,  71,  72,  71,  76,
         93,  97,  97,  97,  92,  88, 222, 230, 230, 230, 230, 225, 184, 155, 177, 214, 228, 225, 214, 218, 200, 176, 188, 215,  96,  76,  65,  67,  54,  61,  67,  64,
         68,  68,  68,  68,  68,  68,  68,  68,  68,  68,  68,  68,  68,  68,  68,  68,  68,  68,  68,  68,  68,  68,  68,  68,  97,  55,  36,  40,  45,  63,  44,  44,
         58,  92,  97,  97,  97,  97, 224, 217, 221, 230, 230, 230, 215, 189, 172, 177, 196, 192, 230, 214, 217, 219, 200, 171,  74,  77,  72,  74,  58,  40,  46,  56,
         68,  68,  68,  68,  68,  68,  68,  68,  68,  68,  68,  68,  68,  68,  68,  68,  68,  68,  68,  68,  68,  68,  68,  68,  68,  68,  97,  45,  41,  42,  36,  36,
         36,  61,  77,  85,  92,  93,  88, 200, 192, 164, 190, 222, 202, 171, 172, 164, 159, 180, 156, 140, 161, 166, 194, 191, 156,  56,  72,  75,  75,  73,  77,  75,
         68,  68,  68,  68,  68,  68,  68,  68,  68,  68,  68,  68,  68,  68,  68,  68,  68,  68,  68,  68,  68,  68,  68,  68,  68,  68,  68,  68,  68,  36,  36,  36,
         36,  36,  41,  64,  56,  60,  45, 184, 193, 171, 153, 182, 228, 230, 228, 228, 200, 192, 165, 158, 137, 138, 169, 140, 168,  57,  63,  76,  74,  74,  66,  84,
         68,  68,  68,  68,  68,  68,  68,  68,  68,  68,  68,  68,  68,  68,  68,  68,  68,  68,  68,  68,  68,  68,  68,  68,  68,  68,  68,  68,  68,  68,  88,  36,
         36,  36,  36,  53,  61,  74,  73,  72, 200, 220, 175, 176, 201, 195, 224, 219, 195, 177, 187, 181, 169, 171, 196, 180, 173, 191,  75,  65,  60,  61,  75,  63,
         67,  67,  67,  67,  67,  67,  67,  67,  67,  67,  67,  67,  67,  67,  67,  67,  67,  67,  67,  67,  67,  67,  67,  67,  67,  67,  67,  67,  67,  67,  67,  67,
         67,  67,  67,  67,  67,  67,  67,  67,  67,  67,  67,  67,  67,  67,  67,  67,  67,  67,  67,  67,  67,  67,  67,  67,  67,  67,  67,  67,  67,  67,  67,  67,
    },
    {
        113, 113, 113, 113, 113, 113, 113, 113, 113, 113, 113, 113, 113, 113, 113, 113, 113, 113, 113, 113, 113, 113, 113, 113, 113, 113, 113, 113, 113, 113, 113, 113,
        113, 113, 113, 113, 113, 113, 113, 113, 113, 113, 113, 113, 113, 113, 113, 113, 113, 113, 113, 113, 113, 113, 113, 113, 113, 113, 113, 113, 113, 113, 113, 113,
        121, 239, 241, 244, 246, 241, 106, 238, 239, 240, 245, 243, 244, 255, 255, 255, 255, 255, 255, 255, 255, 115, 113, 246, 246, 238,  79,  79,  79, 103, 113, 112,
        122,  79,  81,  81, 108, 112, 237, 108, 109, 108, 108, 122, 246, 246, 241, 246, 246, 246, 243, 108, 118, 103, 108, 239, 237, 244, 237, 105,  79, 108, 104, 106,
        121, 240, 246, 240, 242, 241, 239, 120, 106,  79, 109, 237, 255,   0,   0,   0,   0,   0,   0,   0,   0, 255,  79, 246, 246, 246, 244, 121, 103, 122, 242, 105,
        104,  79,  79,  79, 108,  79, 105, 122, 237, 246, 241,  79,  79, 110, 112, 122, 242, 240, 122, 103,  79,  79,  79, 105, 242, 246, 244, 244, 103,  79,  79, 122,
        241, 242, 246, 246, 239, 105, 109, 104, 117, 120,  79,  79, 108, 255,   0,   0,   0,   0,   0,   0,   0, 255, 105, 115, 242, 240, 243,  81,  79, 240, 246, 241,
        237, 105,  79, 104, 113,  80, 105, 242, 243, 242, 242, 109, 122, 112,  79,  79, 109, 242, 108, 110, 240, 121,  79,  79, 121, 246, 237, 246, 238, 109, 113, 112,
        242, 243, 246, 242, 121, 246, 121, 105,  79, 110, 108, 115, 116, 122, 255, 255, 255, 255, 255, 255, 255,  79, 109, 105, 240, 241, 239, 239, 106, 242, 246, 238,
        246, 113, 104,  79,  79, 110, 116, 238, 240, 112, 240, 120, 112, 246, 109, 104, 122, 108, 239, 242, 118, 103,  79,  79,  79,  79,  79,  79, 242, 246, 106,  79,
         79, 113, 246, 243, 115, 241, 105, 237, 105, 240, 122,  79, 108, 105, 115, 237,  79,  79,  79,  79, 103,  79, 238, 237, 240, 243, 237, 246, 241, 116, 245, 115,
        241, 106, 105, 118,  79, 108, 237, 116, 246, 238, 246, 110, 121,  79, 238, 103,  79,  79, 246, 244, 246, 246, 103,  79,  79,  79,  79,  79, 239, 109, 105, 243,
        121, 104, 246, 246, 246, 243, 117, 104,  79, 112, 106, 104, 110, 239, 104, 105, 120, 109, 108,  79,  79, 115, 113, 239, 246, 237, 237, 246, 239, 105, 106,  79,
        103, 122, 110,  79, 240, 240, 239, 238, 246, 246, 246, 246, 246, 239, 246, 246, 240, 105,  79,  79, 246, 246, 120, 104,  79,  79,  79,  79,  79,  80,  81, 243,
        238, 112, 122,  79, 237, 121, 115, 103, 122, 103, 113, 105, 122, 239, 237,  79,  79,  79,  79,  79,  79,  79,  79, 115, 244, 237, 238, 246, 246, 108, 103,  79,
         79,  79,  79,  79, 237, 110, 103, 119, 242, 243, 122, 104, 237, 118, 108, 242, 239, 241,  79,  79, 116, 246, 246, 246, 109,  79,  79,  79,  79,  79, 105, 246,
        112, 246, 243, 246, 246, 237, 106, 121, 240, 246, 122, 239, 246, 241, 242, 239, 237, 239,  79,  81,  79,  79,  79, 238, 244, 239, 243, 244, 242, 238, 122, 238,
        242, 117,  79,  79, 106, 122, 122, 246, 244, 104, 237,  80, 106, 122, 116, 239, 246, 240,  79,  79, 113, 105, 110, 246, 240, 116, 238,  79,  79,  79, 103, 240,
        122, 118, 239, 239, 246, 238, 121, 244, 245, 241, 238, 246, 237, 243, 120,  81, 122, 108, 106, 108, 237, 122,  79, 122, 246, 246, 242, 246, 122,  79,  79, 238,
        246, 105,  79,  79, 246,  81, 118, 118, 246, 117, 239, 240, 106, 122, 110,  81, 246, 241, 106, 103, 117,  80, 103, 103, 246, 244,  79, 104, 104,  79, 105, 105,
        117, 244, 237, 112, 237, 241, 243, 241, 242, 239, 237, 239, 240, 243, 246, 239, 105, 240, 241, 243, 246, 244, 246, 239, 246, 243, 112, 246, 238, 103, 122, 246,
        246, 246, 239, 117, 238,  79,  79,  79, 237, 122, 244, 245, 244, 240, 240, 237, 244, 121, 237, 118, 108, 108, 105, 103, 106, 244, 241, 242, 112,  79, 103, 103,
        112, 246, 243, 238, 116, 112, 238, 109, 121, 118,  81,  81, 105, 117, 120, 106, 241, 246, 246, 237, 237, 241, 246, 246, 246, 246, 243, 246, 246, 118, 116, 243,
        246, 240, 238, 246, 242, 240, 246, 237, 112, 112, 103, 110, 237, 239, 246, 105, 242, 244, 122, 237, 106, 115,  79,  81, 121, 103, 116, 240, 238, 240, 103,  79,
        246, 246, 106,  79, 110, 237,  81, 122, 103,  79, 110,  79, 121, 238, 115,  79, 117, 113, 244, 112, 243, 240, 238, 244, 246, 244, 246, 246, 246, 240, 237, 104,
        116, 242, 242, 242, 241, 244, 246, 246, 243, 122, 122, 240, 246, 122, 242,  81, 106, 237, 103,  79, 110,  79, 106,  79, 109, 103, 103, 240, 244, 108, 246,  79,
        246, 246, 244, 246, 240, 239, 238, 112, 118,  79,  79, 121, 118,  79,  79, 246, 243, 237, 237, 118, 237, 243, 116, 239, 243, 242, 243, 122, 108, 116, 238, 122,
        238, 117, 245, 246, 239, 240, 119, 241, 109, 243, 242, 244, 238, 117, 244, 244, 246, 237, 106,  79,  79, 118, 113, 104,  79, 104, 110, 122, 122, 242, 244, 115,
        245, 246, 246, 246, 243, 118, 122,  79,  79,  79,  79,  79, 118,  79,  79, 109, 240, 103,  79,  79,  79,  79,  79,  79, 120, 239, 112, 238, 117, 104, 238, 110,
        110, 110, 242, 236, 234,  98,  82, 107, 241, 246, 246, 246, 122, 244, 121, 246, 246, 243,  79,  79, 109, 121, 120, 116, 108, 107,  82, 232,  98, 236, 106, 110,
        246, 246, 246, 246, 242, 246, 244, 246, 108,  81,  79,  79,  79, 106,  79, 104,  79, 104, 105, 108, 122, 104, 106, 105, 112, 106,  79, 242, 240, 240, 245, 246,
        110, 102, 236, 232,  48, 210, 210, 232, 114, 236, 243, 246, 246, 246, 241, 246, 246, 119, 242, 103, 104,  79, 118, 111, 114, 232, 232, 210, 210, 232,  82, 102,
        122, 121, 246, 246, 246, 246, 245, 240, 246, 118, 237, 122, 103, 103,  79,  79,  79, 120, 246, 241, 237, 110,  79,  79, 246, 106,  79, 103, 237, 109, 113, 238,
        240, 233, 255, 249,  49,  50,  52, 150, 232,  98, 242, 242, 246, 153, 167, 222, 197, 219, 224, 230, 230, 238, 241, 114, 232, 204,  49,  50,  52, 149, 232,  98,
        234, 242, 238, 109, 240, 109, 246, 246, 246, 109, 239, 242, 104, 104, 108, 104, 104, 108, 103,  81, 112, 243, 109, 242, 245,  79, 112, 122, 112, 240, 240, 246,
        236, 232, 253,  47,  33,  33,  33,  50, 148, 232, 114, 112, 194, 159, 167, 214, 228, 218, 227, 230, 230,  79, 236, 232, 204,  47,  33,  33,  33,  50, 148, 210,
        255, 111, 246, 109,  79, 241, 246, 246, 246, 246, 243, 240, 246, 246, 243, 239, 239, 106,  79,  79,  79, 106,  79,  79,  79, 105,  79, 104, 108, 238, 239, 236,
        232, 213,  47,  32,  32,  32,  32,  33, 146, 149, 232, 188, 215, 183, 178, 187, 214, 193, 222, 230, 230, 236, 232, 204,  47,  32,  32,  32,  32,  33, 146, 149,
        253, 234, 246, 246, 239, 104,  79, 103, 109, 237, 242, 246, 246, 246, 246, 240, 238, 122, 122, 237, 105,  79, 106,  79,  79,  79,  79,  79, 103, 110, 110, 114,
        250, 213,  32,  32,  32,  32,  32,  32,  47, 148, 151, 157, 217, 198, 191, 185, 186, 195, 194, 194, 214, 236, 253, 213,  32,  32,  32,  32,  32,  32,  47, 148,
        254, 255, 238, 105, 116, 116,  79,  79,  79, 103, 113, 241, 246, 246, 246, 246, 246, 246, 244, 245, 112,  81,  79,  79,  79,  79,  79,  79, 237, 109, 238, 232,
        213,  47,  32,  32,  32,  32,  32,  32,  32, 146, 148, 157, 194, 197, 196, 184, 216, 222, 219, 199, 194, 232, 204,  47,  32,  32,  32,  32,  32,  32,  32, 146,
        203, 255, 236, 246, 118, 121, 110,  79,  79,  80,  79, 105, 237, 246, 246, 246, 246, 246, 117, 239, 109, 121, 106, 109,  79,  79,  79, 110,  81,  81, 111, 253,
        213,  32,  32,  32,  32,  32,  32,  32,  32,  49, 231, 151, 157, 195, 221, 209, 214, 222, 230, 230, 230, 232, 213,  32,  32,  32,  32,  32,  32,  32,  32,  50,
        203, 212, 234, 246, 115, 240, 246, 238, 112, 238,  79,  79,  79,  79, 103, 237, 239, 246, 246, 246, 240, 238, 239, 104, 240, 110, 237, 108, 246, 239,  82, 247,
        232,  32,  32,  32,  32,  32,  32,  32,  32,  47, 231, 231, 157, 182, 218, 216, 226, 230, 223, 224, 210, 212, 232,  32,  32,  32,  32,  32,  32,  32,  32,  33,
        148, 203, 232, 103, 103, 103, 246, 244, 246, 246, 113,  79,  79,  79,  79,  79, 110, 241, 240, 246, 240, 246, 240, 242, 241, 120, 104,  81, 108, 238, 232, 231,
         47,  32,  32,  32,  32,  32,  32,  32,  32,  32, 212, 231, 157, 134, 209, 200, 189, 227, 230, 230, 151, 149,  47,  32,  32,  32,  32,  32,  32,  32,  32,  32,
        146, 150, 232, 111, 103, 110,  80, 241, 239, 244, 246, 239, 118,  79,  79,  79,  79, 115, 238,  79, 240, 246, 246, 246, 246, 246, 113,  79, 106, 121, 232, 247,
         33,  32,  32,  32,  32,  32,  32,  32,  32,  31, 204, 231, 210, 163, 228, 221, 221, 226, 224, 230, 150, 150,  33,  32,  32,  32,  32,  32,  32,  32,  32,  31,
         51, 231, 232, 111, 104, 115, 108, 237, 121, 116, 113, 118, 242, 122, 104, 116, 110,  80, 108, 122, 119, 243, 120, 243, 246, 246, 244, 246, 243, 241, 255, 253,
         32,  32,  32,  32,  32,  32,  32,  32,  32,  32,  51, 231, 210, 197, 216, 202, 186, 228, 230, 228, 150,  51,  32,  32,  32,  32,  32,  32,  32,  32,  32,  32,
         49, 254, 232, 236, 120,  79,  79,  79,  79, 104, 108, 108, 110, 122, 246, 243, 246, 108,  79, 121,  79,  79,  80, 103, 122, 245, 241, 246, 246, 236, 232, 250,
         32,  32,  32,  32,  32,  32,  32,  32,  32,  32,  49, 231, 210, 220, 198, 188, 195, 225, 230, 230, 210,  51,  32,  32,  32,  32,  32,  32,  32,  32,  32,  32,
         49, 253, 255, 236, 242, 121,  81,  79,  79,  79,  79,  79,  79, 116, 237, 242, 246, 238, 243, 237, 103,  79,  79,  79,  81, 105, 243, 241, 246, 236, 151,  51,
         32,  32,  32,  32,  32,  48,  47,  32,  32,  32,  49, 231, 210, 200, 177, 175, 169, 182, 230, 230, 253,  51,  32,  32,  32,  32,  32,  48,  47,  32,  32,  32,
        204, 254, 253, 236, 239, 105, 108, 238,  79,  79,  79,  79,  79, 110, 105, 121, 104, 237, 241, 245, 240, 117,  79,  79,  79, 109, 116, 115, 238, 236, 255, 213,
         32,  32,  32,  32,  33, 255, 253,  32,  31,  31,  51, 231, 210, 194, 215, 188, 176, 167, 196, 230, 231, 211,  32,  32,  32,  32,  33, 255, 253,  32,  31,  31,
        255, 253, 255, 236, 242, 120, 244, 243, 246, 122, 103, 103,  79,  79,  79,  79,  79,  79,  79,  79,  79,  79, 104,  79,  79,  79, 113, 246, 238, 236, 255, 213,
         32,  32,  33,  33, 232, 231, 231, 255, 232, 255, 253, 231, 210, 202, 200, 174, 195, 180, 193, 215, 231, 211,  32,  32,  33,  33, 232, 231, 231, 255, 232, 255,
        231, 254, 255, 236, 240, 121, 238, 110, 242, 241, 242, 242, 116, 237,  79,  79,  79,  79,  79, 120, 103,  79, 103, 238, 243, 238, 120, 109, 239, 236, 210, 211,
         33,  32,  33, 232, 231, 203, 203, 203, 231, 203, 231, 231, 210, 188, 193, 167, 183, 175, 184, 219, 231, 248,  33,  32,  33, 232, 231, 203, 203, 203, 231, 203,
        203, 231, 255, 121, 237,  79, 241, 242, 106, 117, 103, 244, 238, 104,  79,  79,  79,  79, 105, 106, 121, 116, 122, 237, 240, 246, 121, 122, 243, 242, 232, 150,
        232, 232, 253, 254, 203, 203, 203, 203, 203, 203, 231, 231, 210, 199, 209, 190, 159, 139, 152, 191, 210, 254, 232, 232, 253, 254, 203, 203, 203, 203, 203, 203,
        203, 231, 233, 243, 240,  79, 237, 104,  79, 103, 113, 238, 241, 240, 108,  79,  79, 104,  79, 116, 112, 113, 103, 237, 243, 243, 246, 238, 246, 122, 232, 150,
        254, 203, 203, 203, 203, 203, 203, 231, 254, 253, 253, 253, 228, 177, 192, 215, 183, 138, 134, 138, 210, 231, 254, 203, 203, 203, 203, 203, 203, 231, 254, 253,
        231, 208, 233, 241, 245, 117, 244, 240, 122, 110,  79,  79, 121, 240, 242, 113, 108, 104, 105, 103, 106, 103,  79,  79, 108, 105, 103,  79, 105,  79, 114, 254,
        231, 254, 253, 253, 231, 203, 231, 232,  47,  47, 253, 253, 220, 137, 184, 202, 193, 187, 133, 134, 157, 231, 231, 254, 253, 253, 231, 203, 231, 232,  47,  47,
        212, 232, 236, 108, 108, 106, 246, 243, 105, 104,  79,  79,  79, 103, 106,  79, 115, 106, 106,  81, 240, 120, 117, 113,  79,  79,  79,  80, 103, 237, 236, 232,
        213,  47,  33,  33, 232, 253, 250,  33,  31,  49, 253, 248, 215, 161, 165, 187, 176, 180, 178, 137, 187, 210, 250,  47,  33,  33, 232, 253, 250,  33,  31,  49,
        254, 232, 107, 109, 117, 242, 243, 110, 113, 112,  79,  79, 112, 237, 104,  81, 112, 243,  80,  79,  79,  79, 120, 106, 103,  81, 103,  79,  79, 110, 121, 232,
        148,  33,  32,  32,  32,  47,  47,  31,  31, 208, 231, 157, 166, 152, 161, 171, 197, 171, 138, 200, 170, 210, 212,  33,  32,  32,  32,  47,  47,  31,  31, 204,
        213,  82,  79,  81,  81, 238, 116, 245, 121, 110, 105,  79,  79, 105, 108, 112, 117, 238, 240, 110,  81,  79,  79,  79, 109, 112, 106, 106, 104, 108, 115,  82,
        151,  47,  32,  32,  32,  32,  31,  31,  47, 203, 151, 157, 167, 186, 171, 167, 167, 175, 133, 152, 166, 157, 231,  49,  32,  32,  32,  32,  31,  31,  47, 231,
        232, 107,  81,  79,  79, 112, 117, 242, 246, 122, 246, 246,  79,  79,  79, 103, 104, 118, 118, 243,  79,  81,  79,  79,  79,  79,  79,  79,  79, 104, 104, 107,
        232, 146,  33,  32,  32,  32,  31,  47, 248, 254, 210, 180, 174, 177, 191, 156, 161, 183, 156, 142, 153, 184, 210, 204,  33,  32,  32,  32,  31,  33, 204, 231,
        236, 117, 240, 116, 103,  79, 105, 115, 241, 246, 242, 243, 240, 237,  79,  79,  81, 105, 104, 112,  79, 110, 237, 120, 103,  79,  79,  79,  79,  79,  79,  79,
        114,  48,  50,  33,  33,  33,  47,  51, 253, 231, 215, 164, 137, 174, 154, 132, 136, 142, 164, 143, 142, 197, 226, 210,  51,  47,  33,  33,  47,  51, 231, 232,
         81,  81, 122, 239, 106,  79, 106,  79,  79, 118, 103, 109, 246, 238, 112, 103,  79,  79,  79, 106, 108, 112, 122, 122, 238, 237, 112,  79,  79,  79,  79,  79,
        103,  82, 232, 213,  49,  49, 213, 253, 210, 215, 178, 178, 164, 152, 161, 153, 172, 161, 167, 159, 130, 181, 219, 226, 210, 204,  49,  49, 204, 250, 232, 233,
        246,  79,  79, 122, 241, 240,  79,  79, 115, 237, 117, 246, 246, 242, 241, 103,  81,  79,  79,  79,  79, 121, 105, 241, 122, 246, 241, 237, 239, 103,  79,  79,
         79, 102,  82, 233, 232, 255, 255, 228, 200, 141, 156, 173, 159, 143, 134, 156, 165, 214, 156, 160, 159, 136, 128, 135, 157, 232, 232, 232, 232, 232, 234, 236,
        119, 246, 106,  79, 108, 238, 238,  79, 112, 245, 238, 240, 240, 246, 243, 121, 112,  80, 104,  79,  79,  79, 104, 120, 105, 244, 246, 240, 237, 246,  79,  79,
         79,  79,  81, 111, 236, 236, 236, 187, 141, 134, 176, 182, 161, 165, 164, 171, 216, 188, 171, 179, 201, 195, 136, 133, 163, 111, 236, 233, 234, 236, 246, 240,
        119, 119, 246, 243,  79, 239, 244, 117, 104, 104, 105, 115, 121, 245, 238, 239, 122, 240, 118, 106, 112, 108,  79, 113, 117, 237, 246, 246, 240, 241, 240, 237,
         79, 105,  79,  79,  91,  99, 177, 161, 140, 175, 169, 152, 155, 155, 161, 158, 197, 189, 177, 171, 169, 215, 153, 128, 243, 240, 108, 122, 245, 246, 246, 105,
        119, 119, 119, 246, 246, 112, 237, 237, 110, 109, 117, 113,  79, 110, 122, 122, 243, 246, 246, 246, 246, 122, 108, 105,  79, 103, 240, 243, 244, 243, 239, 121,
        108, 108,  79,  99, 235, 235, 174, 199, 220, 219, 198, 158, 181, 199, 169, 156, 161, 188, 164, 180, 192, 209, 223, 187, 246, 246, 110, 121, 243, 246, 246, 246,
        119, 119, 119, 119, 246, 246, 246, 118, 122, 238, 116, 118,  79, 103, 237, 242, 243, 246, 246, 246, 242, 246, 244, 104, 103, 104, 105, 116, 122, 242, 243, 241,
        237, 121, 235, 235, 235, 235, 161, 159, 220, 182, 191, 199, 175, 187, 173, 180, 189, 177, 197, 191, 161, 187, 195, 217, 246, 246, 246, 243, 244, 246, 246, 239,
        119, 119, 119, 119, 119, 246, 246, 246, 118, 109,  79, 108, 104, 108,  81,  79, 237, 243, 246, 246, 246, 246, 246,  81,  79,  79,  79,  89, 106, 237, 118, 115,
        110, 235, 235, 235, 235, 165, 131, 189, 221, 216, 219, 188, 209, 189, 134, 132, 184, 182, 175, 167, 169, 143, 196, 112, 237, 246, 246, 246, 246, 246, 100, 100,
        119, 119, 119, 119, 119, 119, 246, 246, 246, 112, 121, 105, 105,  79,  81, 105, 118, 103, 122, 237, 244, 242, 121,  79,  79,  79,  79,  89,  78, 239, 115,  79,
        235, 235, 235, 101, 235, 195, 171, 180, 209, 217, 226, 218, 193, 187, 181, 171, 209, 200, 181, 152, 200, 209, 161, 118, 240, 246, 246, 246, 246, 246, 100, 100,
        119, 119, 119, 119, 119, 119, 119, 119, 246, 246,  79,  79,  81,  79,  79, 103, 103, 112, 110, 122, 106,  79,  79, 112, 122, 122, 105,  78,  78,  91, 237, 233,
        235, 233, 101, 235, 235, 177, 179, 167, 214, 193, 195, 191, 222, 202, 202, 173, 139, 200, 201, 174, 179, 214, 194, 238, 242, 110, 244, 246, 104, 100, 100, 100,
        235, 119, 119, 119, 119, 119, 119, 119, 119, 246, 246,  81, 110, 109,  79,  79,  79, 105, 105, 104,  79, 109, 106, 106, 122, 240, 109,  78, 101, 235, 233, 233,
        233, 235, 235, 101, 235, 220, 192, 182, 174, 188, 171, 200, 223, 224, 227, 214, 164, 184, 216, 200, 209, 230, 230, 246, 242, 242, 242, 237, 100, 100, 100, 100,
        233, 235, 119, 119, 119, 119, 119, 119, 119, 119, 119, 246,  81,  80,  79, 103,  79,  79,  79,  79, 104, 116, 239, 121, 237, 120, 239, 235, 235, 235, 235, 235,
        235, 235, 235, 235, 235, 201, 216, 219, 214, 194, 164, 167, 223, 223, 227, 226, 209, 217, 195, 227, 209, 200, 228, 112, 246, 246, 246, 243, 100, 100, 100, 100,
        235, 235, 119, 119, 119, 119, 119, 119, 119, 119, 119, 246, 246, 240, 105, 122, 115,  79,  79, 105, 240, 241, 237, 119, 242, 246, 237, 233, 233, 235, 235, 235,
        235, 235, 233, 235, 235, 138, 183, 215, 222, 220, 179, 185, 187, 217, 215, 216, 227, 226, 217, 216, 176, 165, 199, 237, 241, 246, 246, 100, 100, 100, 100, 100,
        235, 235, 235, 235, 235, 235, 119, 119, 119, 119, 119, 119, 246, 246, 246, 237, 117, 112, 112,  81, 115, 113, 240, 239, 116, 237, 241, 233, 235, 235, 235, 235,
        101, 233,  91, 101, 101, 176, 153, 183, 188, 222, 223, 219, 196, 202, 209, 228, 217, 230, 228, 217, 218, 185, 217,  79, 241, 242, 100, 100, 100, 100, 100, 100,
        235, 235, 235, 235, 235, 235, 119, 119, 119, 119, 119, 119, 119, 119, 246, 244, 122, 110, 115, 122, 121, 106,  79, 115, 239, 239, 104, 235, 235, 235, 235, 235,
        235, 233, 101, 233, 235, 217, 198, 194, 194, 202, 225, 230, 227, 176, 189, 215, 219, 230, 230, 230, 228, 227, 230, 112, 117, 237, 100, 100, 100, 100, 100, 100,
        235, 233, 235, 235, 235, 101, 119, 119, 119, 119, 119, 119, 119, 119, 119, 246, 246, 243, 109,  80, 108, 104,  79,  79, 239, 238, 238, 101, 235, 235, 235, 233,
         91, 235, 233, 235, 235, 235, 221, 209, 199, 177, 195, 226, 226, 224, 197, 183, 188, 220, 226, 220, 201, 217, 230, 230, 105,  79, 100, 100, 100, 100, 100, 100,
        235, 235, 235, 235, 235, 233, 119, 119, 119, 119, 119, 119, 119, 119, 119, 119, 119, 246, 120,  79, 104, 108, 103,  79,  81, 242, 238, 101,  99,  91,  91, 101,
        233, 235, 235, 233, 233, 233, 222, 217, 196, 217, 174, 189, 227, 230, 216, 195, 188, 197, 209, 220, 187, 224, 223, 197,  79, 103, 100, 100, 100, 100, 100, 100,
        235, 235, 235, 235, 233, 235, 119, 119, 119, 119, 119, 119, 119, 119, 119, 119, 119, 119, 246, 243, 116, 104, 115, 109, 106, 108, 238, 101, 233,  91, 233, 235,
        235, 235, 235, 235, 235, 233, 101, 228, 219, 191, 180, 168, 218, 230, 230, 220, 226, 197, 174, 182, 191, 189, 223, 221, 230, 118, 100, 100, 100, 100, 100, 100,
        235, 235, 235, 235, 101, 235, 119, 119, 119, 119, 119, 119, 119, 119, 119, 119, 119, 119, 119, 246, 246, 110, 122,  81, 119, 238, 242, 101,  99, 233, 235, 235,
        235, 233, 235, 235, 235, 235, 101, 230, 230, 227, 217, 216, 223, 224, 226, 228, 227, 228, 209, 198, 222, 215, 186, 169, 186, 117, 100, 100, 100, 100, 100, 100,
        235, 235, 235, 235, 235, 235, 119, 119, 119, 119, 119, 119, 119, 119, 119, 119, 119, 119, 119, 119, 246, 246, 118, 108, 117, 110, 115, 235, 233, 233, 235, 235,
        101, 235, 235,  99, 101,  89,  78, 230, 230, 230, 230, 223, 209, 223, 230, 230, 230, 230, 230, 228, 214, 217, 226, 219, 202, 243, 100, 100, 100, 100, 100, 100,
        235, 235, 235, 233, 233, 233, 119, 119, 119, 119, 119, 119, 119, 119, 119, 119, 119, 119, 119, 119, 119, 246, 117,  79, 241, 239, 121, 235, 235, 235, 235, 235,
        235, 235, 235,  89,  78,  78,  78, 105, 230, 230, 230, 225, 184, 155, 177, 214, 228, 225, 214, 218, 200, 176, 188, 215, 228, 193, 100, 100, 100, 100, 100, 100,
        100, 100, 235, 233, 233, 101, 119, 119, 119, 119, 119, 119, 119, 119, 119, 119, 119, 119, 119, 119, 119, 119, 246, 113,  80, 121, 239, 235, 235, 233, 235, 235,
        235, 235,  91,  78,  78,  78,  89, 103, 221, 230, 230, 230, 215, 189, 172, 177, 196, 192, 230, 214, 217, 219, 200, 171, 187, 194, 100, 100, 100, 100, 100, 100,
        100, 100, 100, 235, 233, 233, 119, 119, 119, 119, 119, 119, 119, 119, 119, 119, 119, 119, 119, 119, 119, 119, 119, 246, 246, 105, 117, 235, 235, 233, 235, 235,
        235,  91,  78,  91,  91, 101, 100, 104, 192, 164, 190, 222, 202, 171, 172, 164, 159, 180, 156, 140, 161, 166, 194, 191, 156, 144, 100, 100, 100, 100, 100, 100,
        100, 100, 100, 100, 100,  91, 119, 119, 119, 119, 119, 119, 119, 119, 119, 119, 119, 119, 119, 119, 119, 119, 119, 119, 119, 246,  79, 101, 101, 101, 235, 235,
         99,  91, 101, 235, 233, 233, 101, 109, 193, 171, 153, 182, 228, 230, 228, 228, 200, 192, 165, 158, 137, 138, 169, 140, 168, 153, 100, 100, 100, 100, 100, 100,
        100, 100, 100, 100, 100, 100, 119, 119, 119, 119, 119, 119, 119, 119, 119, 119, 119, 119, 119, 119, 119, 119, 119, 119, 119, 119, 246, 101, 101, 101, 235,  99,
         89, 101, 233, 235, 235, 235, 233, 238, 200, 220, 175, 176, 201, 195, 224, 219, 195, 177, 187, 181, 169, 171, 196, 180, 173, 191, 100, 100, 100, 100, 100, 100,
        100, 100, 100, 100, 100, 100, 119, 119, 119, 119, 119, 119, 119, 119, 119, 119, 119, 119, 119, 119, 119, 119, 119, 119, 119, 119, 119, 233, 233, 235, 235, 235,
        235, 233, 233, 235, 235, 235, 233, 246, 199, 217, 191, 186, 186, 182, 178, 209, 230, 198, 181, 172, 158, 130, 155, 182, 183, 161, 100, 100, 100, 100, 100, 100,
    },
    {
         48,  48,  15,  15,  15,  15,  15,  15,  48,  48,  19,  14,  18,  27,  24,  20,  21,  21,  14,   8,  25,  24,  18,   8,   7,   7,  11,  14,  15,  12,  11,  15,
         24,  19,   7,   6,  10,  21,  21,  20,   1,   0,   0,   2,   7,  15,  26,  27,  24,  28,  12,  18,  11,  16,  13,  15,  12,   5,   3,   1,   4,   9,   8,   9,
         48,  15,  15,  15,  15,  15,  48,  47,  29,  21,  23,  19,  24,  23,  18,  15,  14,   9,   8,  18,  24,  13,   7,   5,   8,  12,  10,  13,  14,   9,  15,  19,
         26,  16,   9,  13,  15,  16,  10,   3,   6,  12,  15,  16,  14,  18,  16,  24,  27,  25,  16,  30,  27,  26,  24,  13,  12,   1,   1,   1,   1,   2,  10,  16,
         15,  15,  15,  15,  15,  48,  35,  25,  28,  23,  25,  23,  22,  16,   9,  14,   8,   5,  14,  22,  10,   3,   5,  13,  14,  14,  12,  13,  13,  14,  21,  19,
         12,   7,  14,  15,  18,   8,   5,   4,  11,  14,  23,  18,  21,  14,  15,  15,  19,  16,  18,  23,  26,  18,  13,   8,  11,  13,  15,   6,   4,  11,  12,  13,
         15,  15,  15,  48,  48,  30,  25,  27,  27,  24,  24,  16,  18,  13,  15,  10,   7,  13,  23,   9,   2,   7,  18,  13,   9,   8,  11,  22,  18,  18,  18,  13,
         19,  16,  11,   7,  14,  11,  11,  12,  11,  15,  16,  29,  12,  11,  11,  17,  18,  21,  23,  26,  25,  16,  10,   9,   5,   9,  11,  13,  15,  14,  15,  15,
         15,  15,  48,  48,  24,  20,  14,  23,  24,  22,  20,  14,  10,   8,   7,   8,  16,  17,  11,   7,   9,  11,  13,  14,  13,  13,  22,  19,  21,  11,  12,  21,
         18,  11,   4,  10,  16,  15,  14,   9,   9,  12,  11,  14,   7,  14,  16,  21,  29,  29,  20,  18,  11,  15,  13,  10,   6,  11,  15,  14,  14,  18,  15,   9,
         15,  48,  47,  28,  11,  14,  15,  23,  22,  19,  12,  15,  23,  14,   9,  13,  18,  13,  11,  12,  11,   9,   9,  12,  15,  15,  18,  17,  12,  13,  12,  11,
          6,   4,   9,  16,  23,  12,  14,   9,  10,  18,  13,  13,  11,  14,  19,  19,  25,  18,  14,   6,  10,  19,  12,  15,  12,  22,  26,  20,  21,  15,  16,  18,
         15,  47,  29,  20,   8,  12,  25,  27,  27,  13,   7,  15,  18,  14,  20,  18,  15,   9,  13,  17,  11,  11,  12,  15,  14,  16,  23,  15,  14,  15,  11,   7,
         11,  12,  15,  20,  19,  15,  13,  11,  16,  14,  11,  10,  22,  13,  19,  16,  14,   5,  11,   0,   1,  11,  16,  20,  27,  29,  29,  26,  13,  11,  13,  12,
         35,  30,  24,   8,   8,  23,  23,  18,  10,   8,  16,  16,  21,  24,  21,   9,   9,  15,  18,  16,   9,   9,  16,  23,  23,  15,  12,  16,  21,  11,  12,  11,
         17,  14,   7,  17,  26,  18,  12,  11,  11,   9,  14,  14,  15,  17,  10,   5,   1,   1,   5,  11,  14,  21,  25,  27,  26,  25,  21,  18,  12,  14,   9,   8,
         24,  15,   7,   9,  14,  26,  25,   9,   8,  14,  19,  27,  24,  26,  12,   6,  14,  23,  19,   8,   9,  19,  25,  18,  16,  15,  14,  13,   4,   6,  16,  14,
         14,  13,  12,  21,  18,  11,   7,  15,  11,   6,  14,  19,  15,  10,   0,   0,   2,  11,  14,  14,  13,  19,  23,  24,  26,  24,  21,  15,  18,  12,  11,   4,
         15,   8,  11,  14,  21,  26,  16,  13,  18,  25,  14,  18,  22,  16,  15,  16,  18,  14,  14,  16,  20,  26,  16,  27,  23,  19,  10,   7,   6,  12,  15,  14,
         12,  11,  15,  24,  29,  27,   8,   9,  12,  14,  14,  13,   1,   1,   1,  10,  16,  29,  22,  16,  29,  29,  24,  27,  27,  25,  16,  12,   6,   8,  11,   7,
          6,   7,  28,  23,  26,  18,  11,  16,  23,  13,  11,  14,  16,  19,  23,  13,   7,  14,  22,  22,  22,  14,  14,  19,  10,   8,  14,  16,  21,  16,  16,  16,
         16,  16,  22,  26,  16,  14,  16,  16,  16,  11,   3,   1,   2,  11,   9,  15,  20,  20,  23,  22,  30,  30,  29,  12,  13,  14,  15,  10,  10,  11,   9,  10,
          5,  28,  27,  29,  25,  16,  11,  10,  14,  28,  22,  14,  15,  15,  16,  15,  15,  16,  21,  25,  24,  21,  21,  13,   8,  10,   9,  13,  21,  16,  13,  14,
         19,  16,  22,  16,  11,  13,  11,  11,   9,   1,   4,   5,  10,  10,  15,  22,  19,  15,  21,  23,  15,  22,  16,  11,  13,   9,   7,   8,   8,  13,  13,  14,
         30,  30,  30,  28,  29,  26,  26,  30,  29,  30,  27,  23,  16,  22,  25,  25,  27,  25,  23,  23,  22,  12,  10,  21,  21,  15,  14,  13,  18,  13,  11,   9,
         10,  14,  14,  16,  11,  11,   8,   8,   5,  16,  15,  18,  16,  21,  21,  21,  16,  13,  18,  24,  26,  28,  22,  16,  14,   6,   8,  14,  15,  24,  29,  30,
         27,  27,  29,  23,  28,  30,  20,  15,  23,  25,  24,  26,  22,  28,  28,  27,  23,  27,  28,  12,  10,  14,  14,  13,  12,  15,  14,   9,  12,  15,  12,   9,
         16,  25,  11,  11,  10,   3,   4,   3,   6,   7,  15,  15,  13,  15,  16,  22,  10,   9,  10,  16,  23,  25,  16,   4,   8,  11,   6,  25,  21,  24,  21,  22,
         30,  25,  18,  17,  30,  29,  18,  23,  27,  24,  23,  22,  25,  23,  23,  24,  24,  22,  15,   2,   9,  15,  14,  16,  14,  12,  12,  16,  16,  18,  12,  14,
         16,  14,   9,  10,   8,   7,  13,  10,  11,  14,  19,   9,   9,  11,  10,   9,   6,  12,  15,  16,  15,   8,   5,   8,  11,  12,  15,  27,  25,  19,  14,  14,
         26,  12,  10,  23,  24,  24,  16,  12,  16,  21,  12,  21,  22,  21,  22,  24,  15,   6,   6,   5,  11,  12,  14,  12,  14,  16,  19,  14,  16,  20,  18,  21,
         16,  13,   5,   4,   5,   8,   9,  11,  15,  14,  15,  16,  11,  11,  13,  14,  13,  13,  19,  13,  11,  10,  16,  16,  15,  24,  15,  13,  16,   5,  12,   6,
         14,  14,  16,  27,  23,  16,  15,  13,  13,  16,  14,  26,  24,  24,  21,  23,  13,  13,  14,  11,  14,  14,  14,  22,  20,  16,  12,  13,  13,  15,  13,  13,
          7,   6,   7,   7,  12,  10,  12,   9,  29,  22,  12,  16,  11,  12,  12,   9,  24,  14,  14,  15,  14,  10,  10,  10,  13,  14,   9,  14,  14,   9,  10,   8,
         17,  14,  19,  22,  16,  15,  18,   9,  13,  19,  22,  22,  24,  14,  13,  11,  13,  18,  16,   9,  11,  22,  26,  18,  14,  13,  14,  15,   9,   5,   8,   9,
          6,   7,  12,  11,  13,   9,  12,  16,  18,  15,   8,   9,  10,   9,  10,  16,  27,  16,  19,  24,  16,  14,   5,   9,  12,   8,  12,   9,   5,   6,   5,  12,
         26,  24,  23,  16,  14,  19,  16,  26,  30,  30,  25,  12,   6,   5,  13,  16,  16,  12,   9,   9,  13,  22,  18,  23,  16,  12,  18,  14,  10,   6,  12,  11,
          5,   5,   5,  10,  13,  10,  15,  15,  14,   8,  13,  11,  10,  14,  14,  25,  26,  18,  16,  20,  14,  14,   6,  11,  12,  10,   3,   7,   5,   6,   6,   7,
         21,  15,  18,  14,  16,  15,  24,  30,  30,  16,   8,   5,   6,  16,  17,  17,  14,  15,  19,  11,  22,  16,  24,  13,  13,  10,  14,  15,  15,  14,  16,  11,
         21,  16,   9,  14,  16,  14,  10,   6,  12,   7,  13,  14,  19,  22,  18,  15,  14,  12,  14,  19,  15,   5,   8,   5,   5,   5,   7,   7,   9,   8,   7,   9,
         22,  22,  18,  16,  26,  21,  29,  27,  15,  12,   8,   9,  13,  16,  18,  14,  19,  21,  13,  26,  26,  23,  14,   3,   8,  10,  16,  18,  15,  11,  14,  16,
         15,  16,  15,  16,  12,   7,   8,  11,  14,   8,  24,  18,  16,  19,  13,  12,  13,  13,  12,  11,  11,   7,   3,   2,   2,   5,  12,  21,  21,  14,  12,  16,
         16,  13,  13,  19,  26,  29,  26,  16,   5,   4,  13,  14,  20,  16,  16,   9,  16,   7,   5,   9,  14,  16,   7,   8,  11,  10,  16,  10,  15,  13,  14,  15,
         23,  23,  16,  13,   7,   5,   4,   9,  11,  16,  22,  16,  14,  11,  11,   9,   9,   8,  13,  13,   9,   4,   6,   6,  10,  22,  16,  23,  28,  18,  26,  30,
         19,  12,  16,  26,  24,  24,  16,   6,   9,  11,  14,  25,  23,  15,  14,  13,  11,   1,   8,  10,  11,   8,   6,  10,  16,  14,  16,  13,  12,  16,  19,  20,
         21,  14,  13,  14,   9,  11,  14,  15,  19,  21,  15,  19,  15,  22,  12,  11,  11,  11,   9,   6,   1,   5,   6,  10,  11,  10,  21,  15,  12,  16,  21,  29,
          8,  13,  17,  15,  16,  14,  10,  12,  15,  21,  27,  24,  19,  27,  22,  18,  15,  11,  13,  14,  15,   9,   9,  11,  10,  10,  13,  16,  14,  21,  16,   7,
          5,   2,   1,   4,  11,  21,  24,  26,  23,  22,  23,  23,  16,  14,  15,  16,  14,   5,   2,   6,  11,  18,  13,  13,  21,  27,  29,  20,  35,  30,  30,  30,
          6,  10,  12,  12,  13,  18,  15,  28,  25,  27,  23,  27,  27,  23,  20,  13,  14,  21,  15,  13,   9,   5,   7,   6,   9,  10,  11,  10,   9,   8,  11,   8,
          5,   5,   1,   7,  20,  24,  23,  24,  18,  14,  14,  18,  16,  11,  15,  15,  12,  12,   9,  10,   9,  28,  23,  15,  16,  20,  29,  30,  29,  30,  29,  22,
          1,   5,  13,  12,  27,  24,  28,  25,  16,  18,  29,  30,  24,  26,  14,   8,   7,  13,  14,   9,  14,   9,  12,  12,  12,  21,  18,  13,  14,  11,   5,   1,
          4,  14,  15,  25,  28,  24,  24,  18,  16,   7,  12,  10,   9,  10,  11,   6,   9,  12,   7,  15,  15,  12,  27,  16,  12,  16,  30,  30,  30,  29,  29,  26,
          4,   5,   1,   6,  18,   9,  10,  18,  20,  23,  28,  27,  25,  20,  20,  16,  15,  21,  24,  13,  14,  12,   9,  14,  13,  11,  10,  12,   7,   1,   3,   9,
         14,  16,  22,  24,  23,  20,  18,  14,  19,  24,  18,  16,  15,   8,  19,  13,  14,  11,  12,  22,  13,  10,  23,  19,  22,  30,  35,  35,  27,  14,  23,  30,
          6,  10,   4,   8,  10,   7,  21,  28,  30,  27,  29,  26,  22,  15,  25,  23,  19,  11,  11,   5,   7,  14,  12,  18,  14,   8,   5,   1,   4,   7,  12,  22,
         28,  28,  25,  13,  14,  24,  16,  15,  19,  15,  10,  13,  14,  10,  13,  22,  27,  29,  21,  24,  27,  29,  30,  30,  30,  35,  35,  22,  18,  30,  35,  35,
          3,   9,   8,   7,   6,  10,  27,  30,  30,  30,  29,  27,  13,  18,  27,  30,  26,  13,   6,   5,  16,  15,  19,   9,   5,   2,   1,   1,   1,  11,  14,  16,
         27,  28,  25,  15,  22,  22,  22,  14,   8,   7,  12,  11,  14,  19,  29,  29,  27,  21,  26,  30,  35,  30,  29,  30,  30,  35,  30,  25,  30,  35,  35,  35,
          7,  11,  12,   7,   4,   7,  26,  26,  28,  28,  16,  15,  11,  15,  24,  18,  16,  11,  13,  15,  22,  14,  14,   5,   1,   0,   0,   3,  10,  12,  21,  27,
         21,  22,  23,  15,  24,  18,  22,   4,   8,  12,   8,  15,  27,  23,  25,  28,  29,  29,  30,  30,  28,  16,  16,  28,  26,  22,  25,  29,  30,  35,  35,  35,
         21,  20,  25,  22,   1,   6,  22,  19,  26,  26,  27,  14,  14,  16,  21,  15,  16,  27,  30,  27,  19,  13,   0,   1,   1,   5,   5,   9,  20,  26,  22,  21,
         18,  24,  22,  22,  18,  14,   1,   9,  24,  14,  14,  22,  25,  19,  25,  27,  30,  29,  24,  27,  28,  12,  27,  15,  19,  27,  30,  26,  30,  35,  35,  35,
         21,  22,  23,  26,  12,  11,  26,  28,  27,  28,  25,  26,  19,  16,  23,  30,  25,  28,  26,  20,  13,  10,   1,   6,  18,  26,  29,  29,  28,  22,  27,  29,
         22,  18,  15,   9,   5,  13,  12,  16,  21,  18,  24,  21,  26,  28,  29,  18,  21,  29,  27,  22,  20,  30,  18,  21,  30,  30,  35,  35,  35,  35,  48,  48,
         15,  14,  22,  30,  19,  26,  28,  28,  23,  24,  27,  15,  13,  24,  26,  27,  27,  30,  23,   5,   5,   3,   2,   8,  11,  12,  16,  25,  23,  18,  29,  18,
         16,  13,  11,  14,  18,  16,  14,  16,  14,  14,  11,  16,  15,  24,  14,  25,  23,  26,  14,   9,  14,  19,  25,  27,  30,  29,  35,  47,  35,  47,  48,  48,
         14,  12,  29,  30,  30,  30,  29,  27,  22,  15,  25,  23,  21,  23,  28,  24,  27,  29,   7,   0,   3,   1,   3,   4,   7,   9,  11,   7,   9,  13,  13,  16,
         11,   6,  17,  29,  22,  21,  13,  15,  13,  10,  15,  14,  12,  10,  22,  15,   6,  11,   8,  11,  14,  29,  30,  30,  30,  30,  30,  30,  30,  35,  48,  15,
         15,  12,  12,  28,  30,  30,  27,  14,  10,  12,  24,  26,  27,  26,  21,  15,  11,  26,  14,   3,   1,   6,   8,   3,   1,   4,   6,   8,  11,  11,  18,  22,
         22,  16,  25,  23,  15,  14,  12,  17,  25,  25,  18,  17,  14,  14,   9,   6,   6,  12,  13,  15,  21,  29,  30,  30,  30,  27,  30,  48,  48,  48,  15,  15,
         19,  13,  13,  15,  27,  22,  18,  10,   1,  12,  28,  21,  18,   9,  13,   9,   9,  15,  12,   0,   1,  10,   7,   3,   3,   5,  15,  10,  13,  25,  18,  24,
         30,  16,  12,  10,   6,  13,  15,  20,  29,  24,  13,   6,   8,   5,  13,   9,  13,  23,  27,  29,  29,  24,  29,  23,  29,  47,  48,  48,  15,  15,  15,  15,
         16,   9,  15,  13,  15,  21,  12,  10,   1,   4,  11,  15,  12,  13,  14,  11,   9,  12,  15,   7,  10,  16,   9,   9,  13,   8,   3,   1,  13,  14,  15,  12,
         13,   9,   2,   9,  13,  24,  16,  27,  13,  10,   8,   7,  14,  15,  15,  16,  24,  30,  30,  29,  29,  30,  35,  48,  48,  48,  15,  15,  15,  15,  15,  48,
         18,  12,   5,   4,  14,  13,  16,  11,   8,   8,   8,  16,  21,  15,   9,   5,   0,   6,  19,  11,   8,  11,  15,  15,  10,  15,  15,   0,   7,   6,  10,   9,
         11,   5,  13,  16,  27,  25,  16,  18,  11,  19,   8,  13,  14,  26,  25,  27,  29,  30,  30,  30,  35,  48,  48,  15,  15,  15,  15,  15,  15,  48,  48,  48,
         27,  12,   4,   2,   4,  13,  16,  14,   7,   5,   3,  16,  14,  10,  12,   4,   1,   4,  16,  13,   7,   7,  16,  14,   7,   0,  15,   2,   5,  11,   2,   9,
          5,  24,  29,  22,  27,  16,  16,  20,  13,  13,  14,  26,  24,  30,  30,  29,  28,  30,  35,  47,  48,  48,  15,  15,  15,  15,  15,  48,  48,  48,  48,  48,
         26,  13,   0,   0,   0,  12,  14,  11,   2,   7,   5,  15,  14,  12,  11,   1,   2,   4,  26,  11,   7,   6,  13,  15,   8,   0,   0,   2,   9,   8,  10,  16,
          4,   8,  14,  15,  15,  12,   7,   9,  12,  14,  13,  23,  24,  18,  19,  23,  29,  47,  48,  15,  15,  15,  15,  15,  15,  48,  48,  48,  48,  48,  48,  48,
         25,  14,   1,   2,   0,  21,  25,  11,   3,   4,   5,  13,  15,   9,  10,   1,   0,   0,  15,  13,  11,  13,   8,  14,  14,   2,   0,   1,   1,  10,  13,  15,
         12,  13,  11,  16,  16,  15,   8,  13,  21,  26,  16,  22,  24,  29,  35,  48,  48,  15,  15,  15,  15,  15,  48,  48,  48,  48,  48,  48,  48,  48,  48,  48,
         15,  14,   1,   5,   0,   9,  16,  14,   5,   5,   3,  12,  19,  15,  11,   3,   1,   4,   9,  19,  10,  12,   6,   6,  10,   1,   1,   0,   0,   8,  14,  19,
         11,   9,  18,  26,  18,  13,  12,  16,  21,  14,  16,  27,  35,  48,  48,  15,  15,  15,  15,  15,  48,  48,  48,  48,  48,  48,  48,  48,  48,  48,  48,  48,
          9,  21,   6,   1,   2,   2,  15,  14,   6,   5,   3,   8,  12,   9,  13,   3,   2,   8,   6,  21,  12,  12,   4,   2,   9,   4,   1,   0,   1,   4,  11,  17,
         18,  16,  14,  22,  13,  13,  21,  19,  22,  30,  48,  48,  15,  15,  15,  15,  15,  15,  15,  48,  48,  48,  48,  48,  48,  48,  48,  48,  48,  48,  48,  48,
          8,  19,  13,   1,   2,   2,  14,  15,   7,   1,   2,   7,   9,  11,  11,   7,   1,   2,   5,  19,  14,  11,   5,   1,   8,  12,   2,   4,   4,   3,   6,  11,
          7,  11,  13,  30,  30,  27,  27,  30,  48,  48,  15,  15,  15,  15,  15,  15,  15,  48,  48,  48,  48,  48,  48,  48,  48,  48,  48,  48,  48,  48,  48,  48,
          1,  19,  13,   2,   3,   1,   5,  19,  14,   1,   6,   3,  12,  13,  12,   5,   3,   7,  10,  11,   6,   9,   8,   1,   6,  11,   4,   4,   4,   2,   7,  11,
         14,   7,  14,  30,  30,  47,  48,  48,  15,  15,  15,  15,  15,  15,  15,  48,  48,  48,  48,  48,  48,  48,  48,  48,  48,  48,  48,  48,  48,  48,  48,  48,
          1,  11,  18,   4,   4,   1,   4,  16,  19,   6,   6,   0,   7,  16,  11,   3,   5,   5,   1,   2,  10,  28,  10,   1,   1,  11,  13,   5,  10,   7,  11,  19,
         17,  13,  16,  35,  48,  15,  15,  15,  15,  15,  15,  15,  48,  48,  48,  48,  48,  48,  48,  48,  48,  48,  48,  48,  48,  48,  48,  48,  48,  48,  48,  48,
          2,  15,  18,   1,   1,   0,  11,  24,  10,   5,   6,   3,  13,  22,  15,   3,  12,  10,   0,   5,  16,  14,  12,   2,   3,   6,  14,   3,   6,  11,  13,  11,
         14,  16,  28,  48,  15,  15,  15,  15,  15,  15,  48,  48,  48,  48,  48,  48,  48,  48,  48,  48,  48,  48,  48,  48,  48,  48,  48,  48,  48,  48,  48,  48,
          0,  11,  21,  11,   0,   1,   6,  22,  13,   8,   1,   1,   8,  24,  19,   6,   5,   5,   0,  10,  13,   8,   9,   3,   3,   5,  10,   3,   4,   8,  11,  11,
         10,  24,  30,  15,  15,  15,  15,  15,  48,  48,  48,  48,  48,  48,  48,  48,  48,  48,  48,  48,  48,  48,  48,  48,  48,  48,  48,  48,  48,  48,  48,  48,
          0,  12,  19,  10,   2,   2,   2,  11,  15,   7,   0,   0,   3,  23,  22,   7,   0,   5,   3,   4,  14,   8,   7,   4,   3,  13,   8,   2,   3,   1,   9,  12,
         13,  24,  35,  15,  15,  15,  48,  48,  48,  48,  48,  48,  48,  48,  48,  48,  48,  48,  48,  48,  48,  48,  48,  48,  48,  48,  48,  48,  48,  48,  48,  48,
          2,   3,  23,  15,   7,   2,  11,  14,  21,  11,   4,   0,   0,  14,  24,  11,   1,   1,   5,   2,  10,   8,   6,   1,   6,  26,  10,   7,   1,   2,  15,  14,
         11,  16,  30,  48,  15,  15,  48,  48,  48,  48,  48,  48,  48,  48,  48,  48,  48,  48,  48,  48,  48,  48,  48,  48,  48,  48,  48,  48,  48,  48,  48,  48,
          3,   0,  16,  18,   4,   2,   3,  13,  19,  14,   8,   2,   0,  12,  19,  16,   2,   0,  10,   6,  13,   9,  10,   1,  14,  11,  23,  11,   1,   8,  16,  16,
          7,  22,  29,  48,  15,  15,  48,  48,  48,  48,  48,  48,  48,  48,  48,  48,  48,  48,  48,  48,  48,  48,  48,  48,  48,  48,  48,  48,  48,  48,  48,  48,
         10,   0,  12,  23,  10,   1,   5,  10,  18,  21,   5,   5,   0,   9,  26,  13,   3,   0,   6,  12,   9,   8,  11,   7,  11,  11,  22,   7,   4,   3,  23,  26,
         11,  16,  27,  48,  15,  15,  48,  48,  48,  48,  48,  48,  48,  48,  48,  48,  48,  48,  48,  48,  48,  48,  48,  48,  48,  48,  48,  48,  48,  48,  48,  48,
         14,   2,   8,  26,  16,   4,   8,   7,  27,  20,   9,  10,   1,   5,  25,  15,   2,   1,   4,  14,  10,  14,  16,   7,   1,   8,  18,   6,   1,   2,  22,  26,
          7,  11,  16,  48,  15,  15,  48,  48,  48,  48,  48,  48,  48,  48,  48,  48,  48,  48,  48,  48,  48,  48,  48,  48,  48,  48,  48,  48,  48,  48,  48,  48,
         16,   3,   2,  15,  21,   6,   9,   9,  22,  21,  12,  11,   8,   1,  22,  22,   6,   0,   0,   5,  13,  18,  15,  10,   0,  10,  18,  10,   7,   7,  28,  22,
          8,  14,  22,  48,  15,  15,  48,  48,  48,  48,  48,  48,  48,  48,  48,  48,  48,  48,  48,  48,  48,  48,  48,  48,  48,  48,  48,  48,  48,  48,  48,  48,
         26,  10,   9,  18,  29,   5,   5,   9,  18,  23,  14,  12,   5,   6,  21,  27,   9,   2,   0,   6,   8,  25,  11,   3,   1,  13,  12,   9,   5,   3,  11,  17,
         11,  22,  28,  48,  15,  15,  48,  48,  48,  48,  48,  48,  48,  48,  48,  48,  48,  48,  48,  48,  48,  48,  48,  48,  48,  48,  48,  48,  48,  48,  48,  48,
         22,   9,  11,  15,  30,  11,   8,  10,  11,  21,  11,  13,  10,   2,  28,  20,  11,   1,   0,   8,  11,  14,  14,  15,   4,  10,  11,   8,   9,   4,   9,  29,
         16,  19,  30,  48,  15,  15,  48,  48,  48,  48,  48,  48,  48,  48,  48,  48,  48,  48,  48,  48,  48,  48,  48,  48,  48,  48,  48,  48,  48,  48,  48,  48,
         15,  14,   4,  24,  27,  19,   9,  10,  13,  16,  11,  12,  10,   4,  13,  25,  15,   1,   1,  11,  14,  22,  15,   6,   6,  16,  14,   8,   5,   2,  12,  28,
         14,  10,  21,  48,  48,  15,  15,  48,  48,  48,  48,  48,  48,  48,  48,  48,  48,  48,  48,  48,  48,  48,  48,  48,  48,  48,  48,  48,  48,  48,  48,  48,
         27,  25,  10,  13,  27,  25,   8,   5,  12,  18,  13,  11,  19,   7,   8,  22,  25,   5,   5,  30,  10,  14,  17,  10,  12,  15,  22,  13,   1,   0,   9,  26,
         11,   8,  12,  47,  48,  15,  15,  48,  48,  48,  48,  48,  48,  48,  48,  48,  48,  48,  48,  48,  48,  48,  48,  48,  48,  48,  48,  48,  48,  48,  48,  48,
         22,  29,  12,  19,  14,  26,   8,   5,  11,  27,  22,   7,  15,   6,   1,  24,  24,   8,   0,  15,  30,  15,  24,  14,   5,  15,  21,  18,   2,   0,   2,  20,
         25,   2,   1,  30,  15,  15,  15,  48,  48,  48,  48,  48,  48,  48,  48,  48,  48,  48,  48,  48,  48,  48,  48,  48,  48,  48,  48,  48,  48,  48,  48,  48,
          7,  26,  12,  10,  12,  30,  19,   5,   5,  22,  29,  16,  28,  11,   1,  23,  27,   9,   1,  16,  19,  12,  16,   9,  16,   7,  24,  17,   7,   0,   5,  19,
         15,   3,   1,  27,  15,  15,  15,  48,  48,  48,  48,  48,  48,  48,  48,  48,  48,  48,  48,  48,  48,  48,  48,  48,  48,  48,  48,  48,  48,  48,  48,  48,
          1,  24,  18,   4,   2,  18,  24,   9,   3,  11,  25,  11,  11,  10,   0,  13,  29,  13,   4,  14,  29,   6,  21,  12,   8,   7,  23,  15,   7,   0,   6,  15,
         10,   6,   8,  14,  15,  15,  15,  48,  48,  48,  48,  48,  48,  48,  48,  48,  48,  48,  48,  48,  48,  48,  48,  48,  48,  48,  48,  48,  48,  48,  48,  48,
          1,  12,  27,  11,  11,  14,  27,  14,   4,  10,  30,  15,   4,   9,   8,   8,  20,  15,   1,   4,  18,  18,  26,  16,   6,   6,  21,  15,  13,   4,  12,   7,
          4,   9,  11,   7,  15,  15,  15,  48,  48,  48,  48,  48,  48,  48,  48,  48,  48,  48,  48,  48,  48,  48,  48,  48,  48,  48,  48,  48,  48,  48,  48,  48,
          0,   6,  25,  13,   9,  14,  29,  16,   5,  13,  25,  19,   3,  14,  11,   4,  14,  26,   0,   0,  13,   8,  16,  16,  11,   4,  12,  21,  12,  11,  11,   1,
          1,   4,  14,  10,  15,  15,  15,  48,  48,  48,  48,  48,  48,  48,  48,  48,  48,  48,  48,  48,  48,  48,  48,  48,  48,  48,  48,  48,  48,  48,  48,  48,
          0,   0,  15,  14,   8,   6,  28,  22,  13,  14,  28,  28,   3,  12,  15,   8,  26,  29,   6,   0,  13,   7,  16,  15,   8,   1,   8,  13,  13,  11,   4,   1,
          0,   0,   7,  47,  15,  15,  15,  48,  48,  48,  48,  48,  48,  48,  48,  48,  48,  48,  48,  48,  48,  48,  48,  48,  48,  48,  48,  48,  48,  48,  48,  48,
    },
    {
        149, 148, 148, 145, 148, 145,  50,  50,  50,  50,  50,  50, 208, 208, 208, 208, 208, 208, 208, 208, 208, 208, 208, 208, 208, 208, 208, 208, 208, 208, 208, 208,
        208, 208, 208, 208, 208, 208, 208, 208, 208, 208, 208, 208, 208, 208, 208, 208, 208, 208, 208, 208, 208, 208,  50, 146, 145,  50,  50,  50,  50,  50,  50,  50,
        213, 207, 206, 212, 211, 146,  50,  50,  50,  50,  50, 208, 208, 208, 208, 208, 208, 208, 208, 208, 208, 208, 208, 208, 208, 208, 208, 208, 208, 208, 208, 208,
        208, 208, 208, 208, 208, 208, 208, 208, 208, 208, 208, 208, 208, 208, 208, 208, 208, 208, 208, 208,  50,  50,  50,  50,  50,  50,  50,  50,  50,  50,  50,  50,
        213, 248, 249, 208, 204,  50,  50,  50,  50,  50,  50,  50,  50,  50,  50, 208, 208, 208, 208, 208, 208, 208, 208, 208, 208, 208, 208, 208, 208, 208, 208, 208,
        208, 208, 208, 208, 208, 208, 208, 208, 208, 208, 208, 208, 208, 208,  50,  50,  50,  50,  50,  50,  50,  50,  50,  50,  50,  50,  50,  50,  50,  50,  50,  50,
        250, 253, 253, 252, 213,  50,  50,  50,  50,  50,  50,  50,  50,  50,  50, 211, 208, 208, 208, 208, 208, 208, 208, 208, 208, 208, 208, 208, 208, 208, 208, 208,
        208, 208, 208, 208, 208, 208, 208, 208, 208, 208, 208, 208, 208, 208,  50,  50,  50,  50,  50,  50,  50,  50,  50,  50,  50,  50,  50,  50,  50,  50,  50,  50,
        252, 253, 253, 149, 145,  50,  50,  50,  50,  50,  50,  50,  50,  50, 213, 253, 208, 208, 208, 208, 208, 208, 208, 208, 208, 208, 208, 208, 208, 208, 208, 208,
        208, 208, 208, 208, 208, 208, 208, 208, 208, 208, 208, 208, 208, 208, 208,  50,  50,  50,  50,  50,  50,  50,  50,  50,  50,  50,  50,  50,  50,  50,  50,  50,
        151, 146,  50,  50,  50,  50,  50,  50,  50,  50,  50,  50,  50, 253, 253, 208, 208, 208, 208, 208, 208, 208, 208, 208, 208, 208, 208, 208, 208, 208, 208, 208,
        208, 208, 208, 208, 208, 208, 208, 208, 208, 208, 208, 208, 208, 208, 208,  50,  50,  50,  50,  50,  50,  50,  50,  50,  50,  50,  50,  50,  50,  50,  50,  50,
         50,  50,  50,  50,  50, 146, 148,  50,  50, 149, 150, 149, 148, 206, 253, 208, 208, 208, 208, 208, 208, 208, 208, 208, 208, 208, 208, 208, 208, 208, 208, 208,
        208, 208, 208, 208, 208, 208, 208, 208, 208, 208, 208, 208, 208, 208, 208,  50,  50,  50,  50,  50,  50,  50,  50,  50,  50,  50,  50,  50,  50,  50,  50,  50,
         50,  50,  50,  50, 147, 247, 249, 212, 212, 253, 253, 253, 253, 253, 253, 208, 208, 208, 208, 208, 208, 208, 208, 208, 208, 208, 208, 208, 208, 208, 208, 208,
        208, 208, 208, 208, 208, 208, 208, 208, 208, 208, 208, 208, 208,  50,  50,  50,  50,  50,  50,  50,  50,  50,  50,  50,  50,  50,  50,  50,  50,  50,  50,  50,
        150, 146,  50, 145, 151, 250, 253, 253, 253, 252, 253, 253, 253, 253, 253, 208, 208, 208, 208, 208, 208, 208, 208, 208, 208, 208, 208, 208, 208, 208, 208, 208,
        208, 208, 208, 208, 208, 208, 208, 208, 208, 208, 208, 208, 208,  50,  50,  50,  50,  50,  50,  50,  50,  50,  50,  50,  50,  50,  50,  50,  50,  50,  50,  50,
        204, 149, 149, 208, 250, 213, 251, 253, 249, 213, 253, 253, 253, 253, 253, 208, 208, 208, 208, 208, 208, 208, 208, 208, 208, 208, 208, 208, 208, 208, 208, 208,
        208, 208, 208, 208, 208, 208, 208, 208, 208, 208, 208,  50,  50,  50,  50,  50,  50,  50,  50,  50,  50,  50,  50,  50,  50,  50,  50,  50,  50,  50,  50,  50,
        212, 249, 249, 211, 211, 253, 253, 253, 250, 248, 253, 253, 253, 253, 253, 208, 208, 208, 208, 208, 208, 208, 208, 208, 208, 208, 208, 208, 208, 208, 208, 208,
        208, 208, 208, 208, 208, 208, 208, 208, 208, 208,  50,  50,  50,  50,  50,  50,  50,  50,  50,  50,  50,  50,  50,  50,  50,  50,  50,  50,  50,  50,  50,  50,
        250, 250, 253, 248, 248, 249, 213, 253, 253, 253, 251, 250, 253, 253, 253, 253, 208, 208, 208, 208, 208, 208, 208, 208, 208, 208, 208, 208, 208, 208, 208, 253,
        253, 250,  50,  50,  50, 208, 208, 208, 208,  50,  50,  50,  50,  50,  50,  50,  50,  50,  50,  50,  50,  50,  50,  50,  50,  50,  50,  50,  50,  50,  50,  50,
        253, 253, 253, 253, 250, 253, 253, 253, 253, 253, 253, 253, 253, 253, 253, 208, 208, 208, 208, 208, 208, 208, 208, 208, 208, 208, 208, 208, 208, 208, 208, 253,
        253, 250, 148,  50,  50,  50, 208, 208, 208,  50,  50,  50,  50,  50,  50,  50,  50,  50,  50,  50,  50,  50,  50,  50,  50,  50,  50,  50,  50,  50,  50,  50,
        253, 253, 253, 253, 250, 213, 250, 252, 253, 253, 253, 253, 253, 253, 253, 253, 253, 208, 208, 208, 208, 208, 208, 208, 208, 208, 208, 208, 208, 208, 208, 253,
        253, 211, 204, 151, 145,  50, 208, 208, 208, 208,  50,  50,  50,  50,  50,  50,  50,  50,  50,  50,  50,  50,  50,  50,  50,  50,  50,  50,  50,  50,  50,  50,
        253, 211,  50,  50,  50, 211, 253, 253, 253, 253, 253, 253, 253, 253, 253, 253, 208, 208, 208, 208, 208, 208, 208, 208, 208, 208, 208, 208, 208, 208, 208, 208,
        253, 253, 253, 212, 151,  50,  50,  50, 208, 208, 208,  50,  50,  50,  50,  50,  50,  50,  50,  50,  50,  50,  50,  50, 147,  50,  50,  50,  50,  50,  50,  50,
        248, 248, 148, 145, 205, 253, 253, 253, 253, 253, 253, 253, 253, 253, 253, 253, 253, 253, 208, 208, 208, 208, 208, 208, 208, 208, 208, 208, 208, 208, 208, 208,
        208, 253, 253, 145,  50,  50,  50,  50, 208, 208, 208,  50,  50,  50,  50,  50,  50,  50,  50,  50,  50,  50, 145, 204, 211,  50,  50,  50,  50,  50,  50,  50,
        212, 251, 252, 205, 145, 247, 253, 253, 253, 253, 253, 253, 253, 253, 253, 253, 253, 253, 208, 208, 208, 208, 208, 208, 208, 208, 208, 208, 208, 208, 208, 208,
        208, 208, 253, 205, 148,  50,  50,  50,  50,  50,  50,  50,  50,  50,  50,  50,  50,  50,  50, 145, 145, 148, 148, 148, 147,  50,  50,  50,  50,  50,  50,  50,
        253, 253, 253, 249, 150, 150, 205, 247, 253, 253, 253, 252, 253, 253, 253, 253, 253, 253, 253, 208, 208, 208, 208, 208, 208, 208, 208, 208, 208, 208, 208, 208,
        208, 208, 253, 253, 147,  50,  50,  50,  50,  50,  50,  50,  50,  50,  50,  50,  50,  50, 147, 211, 213, 253, 250, 150, 147, 145,  50,  50,  50,  50,  50,  50,
        253, 253, 253, 250, 149,  50, 204, 250, 253, 253, 253, 253, 253, 253, 253, 253, 253, 253, 253, 253, 208, 208, 208, 208, 208, 208, 208, 208, 208, 208, 208, 208,
        208, 208, 208, 208, 208,  50,  50,  50,  50,  50,  50,  50,  50,  50,  50,  50,  50,  50, 145, 205, 250, 250, 206, 147,  50,  50,  50,  50,  50,  50,  50,  50,
        250, 253, 253, 253, 253, 151, 253, 253, 253, 253, 253, 253, 253, 253, 253, 253, 253, 253, 253, 253, 253, 253, 208, 208, 208, 208, 208, 208, 208, 208, 208, 208,
        208, 208, 208, 208, 208, 208, 208,  50,  50,  50,  50,  50,  50,  50,  50,  50,  50,  50,  50, 151, 253, 249, 250, 249, 205,  50,  50,  50,  50,  50,  50,  50,
        249, 253, 251, 247, 249, 253, 253, 253, 253, 252, 253, 253, 253, 253, 249, 253, 253, 253, 253, 253, 253, 253, 211, 208, 208, 208, 208, 208, 208, 208, 208, 208,
        208, 208, 208, 208, 208, 208, 208, 253, 213, 145,  50,  50,  50,  50,  50,  50,  50,  50,  50, 150, 213, 204, 148, 148, 146,  50,  50,  50,  50,  50,  50,  50,
        150, 251, 249, 248, 253, 253, 253, 253, 253, 253, 251, 253, 250, 206, 212, 253, 253, 253, 253, 253, 253, 253, 253, 253, 253, 253, 208, 208, 208, 208, 208, 208,
        208, 208, 208, 208, 208, 208, 208, 208, 208, 208, 208, 149,  50,  50,  50,  50,  50,  50,  50,  50, 149, 205, 151,  50,  50,  50,  50,  50,  50,  50,  50,  50,
        147, 205, 211, 253, 253, 253, 253, 204, 151, 248, 253, 253, 251, 253, 252, 253, 253, 253, 253, 253, 253, 253, 253, 253, 253, 253, 253, 208, 208, 208, 208, 208,
        208, 208, 208, 208, 208, 208, 208, 208, 208, 208, 208, 208, 208, 145,  50,  50,  50,  50,  50,  50,  50, 204, 151, 151,  50,  50,  50,  50,  50,  50,  50,  50,
         50, 149, 151, 205, 253, 253, 252, 208, 247, 212, 205, 148, 151, 207, 145,  50, 211, 213, 253, 253, 253, 253, 253, 250, 247, 253, 253, 253, 253, 208, 208, 208,
        208, 208, 208, 208, 208, 208, 208, 208, 208, 208, 208, 208, 208, 208, 253, 205,  50,  50,  50,  50,  50,  50, 145,  50,  50,  50,  50,  50,  50,  50,  50,  50,
         50, 145, 145, 147, 151, 148,  50, 211, 204, 145, 148, 150, 150, 151, 151, 151, 151, 146,  50, 148, 211, 253, 253, 253, 253, 253, 253, 253, 253, 253, 208, 208,
        208, 208, 208, 208, 208, 208, 208, 208, 208, 208, 208, 208, 208, 208, 208, 208, 251, 146,  50,  50,  50,  50, 146,  50,  50,  50,  50,  50,  50,  50,  50,  50,
        206, 205, 206, 212, 205, 146, 204, 250, 250, 249, 250, 213, 212, 148,  50,  50, 148, 204, 208, 151, 147, 151, 213, 212, 149, 148, 250, 253, 253, 253, 253, 253,
        253, 208, 208, 208, 208, 208, 208, 208, 208, 208, 208, 208, 208, 208, 208, 208, 208, 208, 248, 145,  50,  50,  50,  50,  50,  50,  50,  50,  50,  50,  50,  50,
        249, 247, 253, 253, 253, 211, 247, 253, 253, 250, 250, 205, 148, 145,  50,  50,  50, 145, 146, 146, 147, 146, 206, 205, 151, 247, 253, 253, 253, 253, 253, 253,
        253, 253, 208, 208, 208, 208, 208, 208, 208, 208, 208, 208, 208, 208, 208, 208, 208, 208, 208, 253, 151,  50,  50,  50,  50,  50,  50,  50,  50,  50,  50,  50,
        252, 253, 253, 253, 253, 253, 253, 248, 213, 252, 252, 211, 151, 145,  50, 148, 150, 151, 204, 204, 205, 148, 151, 205,  50, 151, 253, 253, 253, 249,  50,  50,
         50, 206, 253, 208, 208, 208, 208, 208, 208, 208, 208, 208, 208, 208, 208, 208, 208, 208, 208, 208, 253, 147,  50,  50,  50,  50,  50,  50,  50,  50,  50,  50,
        247, 247, 249, 250, 252, 208, 249, 250, 249, 253, 253, 252, 150,  50, 146, 149, 207, 211, 212, 213, 250, 247, 213, 211, 146, 147, 212, 248, 248, 253, 253, 248,
        204, 213, 253, 253, 208, 208, 208, 208, 208, 208, 208, 208, 208, 208, 208, 208, 208, 208, 208, 208, 208, 208, 208,  50,  50,  50,  50,  50,  50,  50,  50,  50,
        253, 253, 253, 249, 247, 204, 253, 253, 253, 253, 253, 253, 250, 213, 213, 211, 151, 250, 213, 151, 151, 145, 147, 204,  50,  50,  50, 247, 211, 211, 253, 248,
        250, 253, 253, 253, 253, 253, 208, 208, 208, 208, 208, 208, 208, 208, 208, 208, 208, 208, 208, 208, 208, 208, 208, 208, 208, 151,  50,  50,  50,  50,  50,  50,
        211, 247, 247, 151, 149, 247, 253, 252, 253, 253, 253, 252, 252, 253, 205, 205, 213, 247, 148,  50,  50,  50,  50, 146, 145, 145,  50, 148,  50,  50,  50, 149,
        151, 213, 253, 253, 253, 253, 253, 253, 208, 208, 208, 208, 208, 208, 208, 208, 208, 208, 208, 208, 208, 208, 208, 208, 208, 208, 208, 208,  50,  50,  50,  50,
        151, 205, 249, 251, 248, 247, 248, 253, 253, 248, 212, 247, 248, 249, 206, 150, 204, 213, 211, 149, 145, 146, 146, 151, 151, 146, 149, 145,  50,  50,  50,  50,
         50,  50,  50, 145, 211, 213, 253, 253, 253, 253, 208, 208, 208, 208, 208, 208, 208, 208, 208, 208, 208, 208, 208, 208, 208, 208, 208, 208, 208, 208, 208, 208,
        148, 208, 251, 251, 249, 213, 150, 204, 249, 250, 251, 253, 253, 253, 253, 250, 211, 208, 147,  50, 148, 211, 208, 213, 247, 247, 253, 146,  50,  50,  50,  50,
        151, 204, 147, 147, 145, 148, 253, 253, 253, 253, 253, 253, 253, 208, 208, 208, 208, 208, 208, 208, 208, 208, 208, 208, 208, 208, 208, 208, 208, 208, 208, 208,
        206, 150, 205, 151, 149, 151, 204, 208, 247, 251, 253, 249, 249, 252, 206, 206, 211, 151,  50,  50,  50, 146, 149, 151, 211, 212, 212, 148,  50, 145, 148, 211,
        247, 213, 211, 151, 149, 151, 251, 253, 253, 253, 253, 253, 253, 253, 208, 208, 208, 208, 208, 208, 208, 208, 208, 208, 208, 208, 208, 208, 208, 208, 208, 208,
        151, 213, 213, 205, 211, 213, 208, 250, 253, 250, 212, 250, 253, 253, 253, 247, 247, 253, 250, 145,  50,  50,  50,  50, 147, 208, 151, 145,  50, 146, 208, 205,
        150, 147,  50,  50, 145, 208, 211, 208, 213, 253, 253, 253, 253, 253, 253, 253, 253, 208, 208, 208, 208, 208, 208, 208, 208, 208, 208, 208, 208, 208, 208, 208,
        211, 149,  50,  50,  50, 204, 248, 248, 252, 253, 251, 252, 250, 248, 248, 151, 150, 204, 211, 148,  50,  50,  50,  50, 147, 149, 145,  50, 145, 150, 151,  50,
         50,  50,  50,  50,  50, 145, 211, 205, 151, 211, 208, 146, 147, 213, 204, 253, 253, 253, 208, 208, 208, 208, 208, 208, 208, 208, 208, 208, 208, 208, 208, 208,
        151, 150, 145,  50,  50, 149, 248, 204, 211, 253, 251, 213, 205, 205, 247, 213, 147, 145, 148, 151, 205, 208, 247, 206, 145,  50, 146, 145,  50,  50,  50,  50,
         50,  50,  50,  50,  50,  50, 145, 205, 150, 149, 148, 149, 247, 253, 253, 253, 253, 253, 253, 208, 208, 208, 208, 208, 208, 208, 208, 208, 208, 208, 208, 208,
        211, 250, 251, 205, 212, 213, 250, 250, 253, 249, 205, 205, 150, 211, 253, 213, 151, 148, 151, 149, 151, 248, 253, 250, 146, 146, 204, 204, 145,  50,  50,  50,
         50,  50,  50,  50,  50,  50, 212, 250, 253, 250, 247, 253, 253, 253, 253, 253, 212, 148, 253, 253, 253, 208, 208, 208, 208, 208, 208, 208, 208, 208, 208, 208,
        249, 252, 247, 204, 211, 213, 149, 150, 151, 150, 145,  50,  50, 146, 208, 208, 253, 250, 213, 211, 204, 205, 249, 253, 253, 248,  50,  50,  50,  50,  50,  50,
         50,  50,  50, 145, 151, 253, 253, 211, 253, 253, 253, 253, 253, 253, 253, 253, 248,  50, 147, 253, 253, 204, 208, 208, 208, 208, 208, 208, 208, 208, 208, 208,
        151, 250, 211, 150, 208, 204, 151, 151, 211, 212, 204, 211, 250, 252, 249, 204, 250, 213, 253, 253, 248, 208, 208, 213, 249, 249, 206, 146, 151, 211, 208, 211,
        212, 147, 207, 253, 247, 253, 253, 253, 253, 253, 251, 205, 211, 253, 253, 253, 253, 211, 145, 151, 212, 211, 253, 253, 208, 208, 208, 208, 208, 208, 208, 208,
        146, 208, 251, 253, 247, 211, 253, 247, 212, 204, 205, 213, 213, 213, 249, 204, 249, 253, 253, 253, 252, 253, 253, 253, 253, 247, 149, 211, 253, 253, 248, 253,
        253, 253, 253, 253, 253, 253, 253, 253, 249, 213, 252, 253, 253, 253, 253, 253, 253, 253, 253, 253, 253, 253, 253, 213, 208, 208, 208, 208, 208, 208, 208, 208,
        150, 249, 253, 213, 150, 149, 147, 149, 148, 150, 208, 208, 204, 151, 211, 211, 151, 213, 253, 248, 211, 251, 247, 250, 253, 250, 204, 151, 204, 247, 253, 253,
        253, 253, 253, 253, 253, 253, 253, 253, 213, 208, 248, 253, 253, 253, 253, 253, 253, 253, 253, 253, 253, 253, 205, 146, 208, 208, 208, 208, 208, 208, 208, 208,
        212, 253, 253, 213, 208, 212, 208, 151, 147, 145, 204, 204, 212, 213, 151, 207, 253, 253, 253, 253, 249, 253, 253, 253, 253, 250, 247, 204, 211, 253, 253, 253,
        253, 253, 253, 253, 253, 253, 253, 253, 248, 206, 247, 253, 253, 253, 253, 253, 253, 253, 253, 253, 253, 253, 253, 211, 208, 208, 208, 208, 208, 208, 208, 208,
        253, 247, 212, 253, 253, 253, 253, 212, 151, 149, 211, 211, 149,  50,  50, 151, 208, 213, 205, 205, 211, 253, 253, 250, 251, 213, 149, 206, 253, 253, 253, 253,
        253, 252, 252, 212, 248, 253, 253, 253, 253, 253, 253, 253, 253, 253, 253, 253, 253, 253, 212, 211, 253, 253, 253, 208, 208, 208, 208, 208, 208, 208, 208, 208,
        247, 247, 213, 252, 213, 252, 253, 250, 213, 249, 253, 211,  50,  50, 145, 151, 145,  50, 150, 151, 151, 211, 211, 151, 151, 150, 148, 148, 206, 249, 213, 212,
        205, 204, 247, 250, 249, 251, 252, 253, 253, 253, 253, 253, 253, 253, 253, 253, 253, 253, 253, 253, 253, 253, 208, 208, 208, 208, 208, 208, 208, 208, 208, 208,
        204, 208, 212, 251, 249, 249, 253, 253, 247, 205, 149, 147,  50, 145, 151, 149,  50,  50, 145, 205, 208, 249, 212, 206, 249, 206, 147, 149, 146,  50, 146, 204,
        247, 213, 205, 151, 211, 253, 247, 212, 253, 253, 253, 253, 251, 212, 252, 205, 148, 204, 253, 253, 253, 208, 208, 208, 208, 208, 208, 208, 208, 208, 208, 208,
        146, 151, 207, 247, 253, 253, 253, 253, 253, 206, 147, 146, 148, 151, 151, 146,  50,  50,  50,  50,  50, 149, 208, 208, 251, 250, 208, 250, 151, 145,  50, 146,
        151, 208, 249, 151, 205, 213, 253, 253, 253, 253, 253, 253, 208, 151, 211, 208, 253, 253, 208, 208, 208, 208, 208, 208, 208, 208, 208, 208, 208, 208, 208, 208,
        151, 250, 253, 253, 253, 253, 253, 213, 252, 252, 204, 147, 205, 248, 212, 150, 145, 146, 145,  50,  50, 150, 211, 212, 250, 253, 213, 204, 206, 251, 208, 150,
        150, 150, 204, 247, 253, 252, 253, 253, 253, 253, 253, 253, 253, 253, 253, 253, 208, 208, 208, 208, 208, 208, 208, 208, 208, 208, 208, 208, 208, 208, 208, 208,
        150, 151, 206, 250, 253, 212, 146, 149, 204, 213, 248, 211, 212, 253, 253, 212, 149,  50,  50,  50,  50, 149, 211, 211, 253, 253, 211,  50,  50, 151, 148, 147,
        151, 213, 253, 253, 253, 251, 253, 253, 253, 253, 253, 253, 253, 253, 253, 208, 208, 208, 208, 208, 208, 208, 208, 208, 208, 208, 208, 208, 208, 208, 208, 208,
         50,  50, 145, 148, 212, 150,  50, 146, 248, 211, 205, 213, 249, 248, 212, 211, 148,  50,  50,  50,  50, 151, 250, 247, 253, 250, 211, 147, 146, 146, 146, 149,
        213, 249, 252, 253, 253, 253, 249, 253, 253, 252, 247, 253, 253, 253, 253, 208, 208, 208, 208, 208, 208, 208, 208, 208, 208, 208, 208, 208, 208, 208, 208, 208,
         50,  50, 145, 151, 250, 249, 211, 204, 211, 211, 151, 213, 253, 208, 147, 146, 148, 145,  50, 150, 213, 250, 253, 253, 253, 253, 251, 151, 149, 147, 145, 205,
        249, 252, 253, 253, 253, 253, 253, 253, 253, 248, 151, 148, 253, 253, 208, 208, 208, 208, 208, 208, 208, 208, 208, 208, 208, 208, 208, 208, 208, 208, 253, 248,
        146, 148, 204, 249, 249, 249, 253, 253, 249, 208, 213, 251, 253, 211, 149, 146, 205, 151, 205, 253, 253, 253, 253, 253, 253, 251, 213, 151, 151, 204, 151, 151,
        213, 253, 253, 253, 253, 253, 253, 249, 211, 252, 253, 253, 208, 208, 208, 208, 208, 208, 208, 208, 208, 208, 208, 208, 208, 208, 208, 208, 208, 205, 148, 148,
        205, 248, 253, 253, 250, 253, 251, 247, 211, 213, 253, 253, 253, 253, 253, 251, 213, 212, 249, 253, 253, 253, 253, 253, 251, 249, 150, 148, 208, 213, 206, 204,
        213, 253, 253, 253, 253, 253, 253, 253, 253, 253, 253, 208, 208, 208, 208, 208, 208, 208, 208, 208, 208, 208, 208, 208, 208, 208, 208, 208, 146, 151, 148,  50,
        151, 211, 251, 253, 253, 253, 253, 253, 253, 253, 253, 253, 253, 250, 252, 252, 253, 253, 253, 249, 208, 251, 253, 253, 253, 206, 150, 247, 250, 247, 250, 252,
        213, 253, 253, 253, 250, 253, 253, 253, 253, 253, 208, 208, 208, 208, 208, 208, 208, 208, 208, 208, 208, 208, 208, 208, 208, 208, 208, 213, 148, 148, 146,  50,
        148, 211, 253, 253, 253, 253, 253, 253, 253, 253, 253, 253, 253, 207, 213, 213, 213, 253, 253, 248, 247, 253, 253, 253, 249, 150, 205, 211, 148, 149, 213, 253,
        250, 253, 253, 253, 213, 247, 253, 253, 253, 208, 208, 208, 208, 208, 208, 208, 208, 208, 208, 208, 208, 208, 208, 208, 208, 208, 253, 149,  50,  50,  50,  50,
        149, 212, 253, 251, 247, 252, 250, 253, 253, 253, 253, 253, 253, 253, 253, 253, 250, 253, 253, 253, 253, 253, 253, 208, 151, 151, 206, 150, 147, 151, 205, 151,
        204, 205, 212, 250, 253, 253, 253, 208, 208, 208, 208, 208, 208, 208, 208, 208, 208, 208, 208, 208, 208, 208, 208, 208, 208, 208, 213,  50,  50,  50,  50,  50,
        208, 213, 252, 204, 206, 247, 211, 249, 250, 213, 253, 253, 251, 253, 253, 253, 253, 253, 248, 213, 249, 213, 150, 148, 145,  50, 146, 148, 204, 204, 151, 208,
        204, 204, 247, 253, 253, 253, 208, 208, 208, 208, 208, 208, 208, 208, 208, 208, 208, 208, 208, 208, 208, 208, 208, 208, 208, 204, 145,  50,  50,  50,  50,  50,
        250, 205, 151, 149, 205, 149,  50, 211, 253, 211, 213, 253, 247, 252, 253, 253, 250, 250, 208, 213, 211,  50,  50, 146, 145, 147, 146, 148, 150, 205, 211, 212,
        253, 253, 253, 253, 253, 208, 208, 208, 208, 208, 208, 208, 208, 208, 208, 208, 208, 208, 208, 208, 208, 208, 208, 253, 204,  50,  50,  50,  50,  50,  50,  50,
        211, 247, 213, 249, 249, 211, 213, 253, 253, 249, 250, 253, 253, 252, 247, 249, 212, 149, 147, 146, 146, 145, 148, 148,  50, 145, 148, 151, 151, 150, 151, 251,
        253, 253, 253, 208, 208, 208, 208, 208, 208, 208, 208, 208, 208, 208, 208, 208, 208, 208, 208, 208, 208, 208, 204, 150,  50,  50,  50,  50,  50,  50,  50,  50,
        150, 211, 253, 253, 253, 253, 253, 253, 249, 247, 253, 253, 253, 213, 151, 149, 145,  50,  50,  50,  50, 145, 147, 146,  50, 145, 151, 213, 253, 211, 151, 253,
        253, 208, 208, 208, 208, 208, 208, 208, 208, 208, 208, 208, 208, 208, 208, 208, 208, 208, 208, 208, 208,  50,  50,  50,  50,  50,  50,  50,  50,  50,  50,  50,
        151, 211, 253, 253, 253, 253, 253, 253, 253, 151, 208, 213, 204, 146, 145,  50,  50,  50,  50,  50,  50,  50,  50, 148, 151, 206, 253, 253, 253, 253, 253, 253,
        208, 208, 208, 208, 208, 208, 208, 208, 208, 208, 208, 208, 208, 208, 208, 208, 208, 208, 208,  50,  50,  50,  50,  50,  50,  50,  50,  50,  50,  50,  50,  50,
        148, 150, 247, 253, 253, 253, 253, 253, 253, 253, 248, 213, 205, 151, 151, 149, 148, 150, 151, 151, 151, 151, 204, 213, 253, 253, 253, 253, 253, 253, 253, 208,
        208, 208, 208, 208, 208, 208, 208, 208, 208, 208, 208, 208, 208, 208, 208, 208, 208, 208, 208,  50,  50,  50,  50,  50,  50,  50,  50,  50,  50,  50,  50,  50,
        205, 247, 253, 253, 253, 253, 253, 253, 253, 253, 249, 248, 211, 205, 151, 149, 149, 211, 250, 247, 151, 151, 204, 212, 253, 253, 253, 253, 253, 208, 208, 208,
        208, 208, 208, 208, 208, 208, 208, 208, 208, 208, 208, 208, 208, 208, 208, 208,  50, 145,  50,  50,  50,  50,  50,  50,  50,  50,  50,  50,  50,  50,  50,  50,
        149, 247, 253, 247, 211, 249, 247, 213, 252, 253, 253, 253, 253, 212, 205, 205, 148,  50, 145, 149, 204, 251, 253, 253, 253, 253, 253, 208, 208, 208, 208, 208,
        208, 208, 208, 208, 208, 208, 208, 208, 208, 208, 208, 208, 208, 208, 208,  50,  50,  50,  50,  50,  50,  50,  50,  50,  50,  50,  50,  50,  50,  50,  50,  50,
    },
    {
        175, 175, 175, 175, 175, 175, 175, 175, 175, 175, 175, 175, 175, 175, 175, 175, 175, 175, 175, 175, 175, 175, 175, 175, 175, 175, 175, 175, 175, 175, 175, 175,
        175, 175, 175, 175, 175, 175, 175, 175, 175, 175, 175, 175, 175, 175, 175, 175, 175, 175, 175, 175, 175, 175, 175, 175, 175, 175, 175, 175, 175, 175, 175, 175,
         68,  68,  68,  68,  68,  68,  68,  68,  68,  68,  68,  36, 176, 176, 176, 176, 124, 132, 130, 124, 128, 142, 130, 126, 124, 128, 130, 133, 124, 124, 124, 124,
        154, 126, 143, 161, 161, 137, 130, 131, 183, 190, 133, 124, 124, 133, 124, 124, 138, 129, 124, 136, 176, 133, 124, 137,  70,  84,  85,  76,  97,  97,  97,  97,
         68,  68,  68,  68,  68,  68,  68,  68,  68,  36,  68,  36,  68, 124, 124, 124, 127, 156, 168, 131, 168, 171, 152, 130, 133, 133, 132, 130, 124, 134, 127, 124,
        134, 161, 158, 128, 137, 165, 137, 133, 175, 139, 124, 124, 124, 124, 124, 124, 124, 124, 130, 152, 124, 124, 127, 180, 209,  71,  62,  97,  97,  97,  93,  97,
         68,  68,  68,  68,  68,  68,  68,  68,  36,  68,  68,  68,  68, 124, 124, 128, 143, 175, 137, 139, 169, 161, 161, 131, 128, 133, 139, 124, 130, 126, 124, 124,
        132, 172, 167, 158, 158, 174, 183, 174, 127, 124, 126, 124, 124, 124, 124, 124, 136, 138, 188, 134, 124, 124, 144, 218, 168,  45,  93,  97,  97,  97,  84,  88,
         68,  68,  68,  68,  68,  68,  68,  68,  36,  36,  36,  68,  36, 129, 133, 179, 188, 164, 154, 142, 156, 179, 153, 124, 124, 129, 124, 128, 137, 130, 128, 156,
        178, 197, 152, 182, 168, 165, 155, 139, 124, 124, 124, 128, 124, 128, 128, 138, 165, 143, 124, 124, 142, 183, 223, 201, 169,  97,  97,  97,  97,  97,  95,  95,
         68,  68,  68,  68,  68,  68,  68,  68,  68,  36,  36,  36,  41, 136, 153, 153, 176, 164, 171, 174, 183, 191, 159, 126, 133, 142, 129, 152, 127, 130, 137, 154,
        154, 167, 161, 172, 153, 174, 153, 130, 124, 126, 137, 134, 125, 124, 133, 181, 136, 124, 124, 139, 172, 221, 226, 171, 226,  97,  97,  95,  93,  92,  88,  77,
         68,  68,  68,  68,  68,  68,  68,  68,  68,  36,  36,  36,  55, 159, 152, 164, 178, 179, 189, 194, 188, 136, 153, 152, 181, 155, 136, 128, 132, 153, 182, 201,
        181, 195, 184, 182, 181, 164, 153, 138, 132, 159, 168, 182, 134, 131, 139, 137, 127, 124, 132, 191, 230, 230, 230, 221, 230,  97,  96,  93,  86,  97,  93,  92,
         68,  68,  68,  68,  68,  68,  68,  68,  36,  36,  36,  36,  39, 136, 167, 154, 154, 153, 193, 178, 136, 134, 144, 169, 174, 177, 142, 188, 168, 179, 201, 189,
        175, 174, 175, 183, 191, 175, 132, 153, 136, 156, 175, 139, 142, 143, 133, 128, 128, 126, 181, 230, 230, 221, 230, 230, 230,  97,  97,  97,  97,  97,  97,  88,
         68,  68,  68,  68,  68,  68,  68,  68,  36,  36,  36,  36,  36, 130, 134, 133, 152, 167, 186, 166, 128, 187, 209, 215, 197, 217, 219, 167, 187, 198, 201, 172,
        152, 124, 140, 192, 195, 169, 168, 169, 139, 181, 174, 156, 134, 128, 130, 132, 130, 126, 158, 230, 230, 214, 230, 230, 230,  97,  97,  92,  97,  70,  77,  93,
         68,  68,  68,  68,  68,  68,  68,  36,  36,  36,  36,  38, 124, 124, 124, 128, 125, 136, 144, 129, 140, 192, 201, 187, 186, 225, 188, 167, 202, 195, 188, 192,
        184, 158, 176, 176, 159, 152, 181, 164, 179, 202, 187, 139, 124, 124, 140, 132, 142, 142, 138, 217, 230, 230, 230, 230,  97,  97,  97,  97,  97,  97,  97,  97,
         68,  68,  68,  68,  68,  68,  36,  36,  36,  36,  36,  36, 124, 124, 127, 126, 124, 162, 139, 128, 164, 230, 200, 180, 191, 195, 216, 199, 218, 219, 161, 193,
        183, 161, 172, 162, 133, 138, 143, 155, 168, 139, 174, 132, 129, 126, 171, 132, 153, 199, 186, 193, 223, 218, 230, 230,  97,  97,  97,  97,  97,  97,  97,  97,
         68,  68,  68,  68,  68,  68,  36,  36,  36,  36,  36,  36, 124, 126, 126, 124, 126, 139, 129, 127, 171, 226, 195, 169, 182, 214, 216, 219, 224, 227, 180, 196,
        197, 180, 182, 171, 142, 166, 172, 196, 176, 138, 164, 137, 136, 133, 160, 129, 165, 184, 167, 177, 223, 177, 222, 230,  97,  97,  95,  97,  88,  88,  96,  97,
         68,  68,  68,  68,  68,  36,  36,  36,  36,  36,  36,  38, 127, 133, 156, 128, 129, 132, 124, 124, 156, 179, 175, 201, 218, 200, 194, 209, 194, 197, 174, 221,
        188, 180, 186, 181, 134, 159, 171, 161, 130, 132, 144, 134, 126, 153, 186, 133, 155, 195, 192, 186, 230, 184, 230, 230,  97,  97,  97,  92,  74,  92,  97,  97,
         68,  68,  68,  68,  36,  36,  41,  36,  36,  36,  36, 124, 131, 168, 154, 126, 126, 128, 126, 126, 214, 189, 186, 183, 197, 175, 214, 162, 153, 159, 169, 194,
        186, 199, 209, 159, 136, 177, 193, 167, 153, 190, 215, 175, 124, 159, 168, 130, 134, 178, 197, 214, 222, 209, 230,  88,  93,  97,  97,  93,  77,  97,  97,  97,
         68,  68,  68,  36,  36,  45,  41,  43,  39,  36,  36, 131, 159, 160, 130, 124, 128, 133, 130, 159, 216, 201, 188, 169, 136, 172, 184, 159, 131, 159, 124, 132,
        169, 184, 192, 174, 161, 174, 172, 185, 180, 154, 224, 171, 124, 152, 183, 142, 191, 194, 223, 223, 216, 224, 230,  75,  92,  97,  97,  53,  75,  93,  97,  97,
         68,  68,  36,  36,  36,  36,  36,  39,  36,  36,  36, 136, 181, 178, 134, 127, 131, 171, 140, 153, 227, 218, 220, 191, 181, 186, 139, 134, 158, 155, 139, 162,
        130, 159, 180, 168, 136, 155, 177, 198, 177, 138, 183, 199, 169, 158, 191, 192, 190, 169, 215, 198, 230, 230, 230,  95,  97,  97,  93,  58,  87,  97,  97,  97,
         68,  68,  36,  56,  40,  36,  36,  36,  41,  36, 124, 133, 177, 140, 130, 126, 124, 175, 153, 194, 229, 227, 230, 186, 138, 142, 137, 139, 130, 136, 152, 134,
        137, 176, 164, 136, 137, 131, 159, 195, 183, 161, 161, 221, 182, 153, 167, 222, 197, 219, 224, 230, 230, 230,  95,  93,  97,  97,  85,  72,  97,  97,  93,  97,
         68,  36,  36,  59,  54,  36,  36,  39,  41,  40, 128, 152, 153, 133, 142, 124, 124, 140, 176, 194, 227, 227, 209, 177, 136, 166, 131, 134, 134, 153, 131, 124,
        133, 152, 137, 124, 164, 152, 153, 184, 182, 138, 174, 186, 194, 159, 167, 214, 228, 218, 227, 230, 230, 230,  92,  95,  97,  85,  75,  97,  97,  96,  74,  55,
         68,  36,  36,  62,  59,  36,  36,  39,  43,  36, 139, 152, 136, 138, 134, 124, 124, 131, 179, 194, 230, 198, 194, 153, 124, 140, 131, 124, 124, 124, 134, 124,
        132, 169, 175, 133, 161, 169, 179, 182, 192, 181, 197, 182, 215, 183, 178, 187, 214, 193, 222, 230, 230, 230,  97,  97,  97,  88,  97,  97,  97,  87,  70,  61,
         36,  36,  54,  66,  55,  36,  36,  43,  40, 137, 153, 165, 133, 130, 129, 124, 124, 127, 197, 197, 194, 199, 158, 136, 124, 156, 136, 133, 124, 124, 132, 134,
        130, 138, 161, 167, 161, 182, 176, 169, 214, 222, 224, 164, 217, 198, 191, 185, 186, 195, 194, 194, 214,  93,  97,  97,  97,  97,  97,  93,  87,  95,  92,  63,
         36,  39,  62,  73,  73,  45,  36,  36,  41, 153, 131, 137, 134, 126, 136, 152, 136, 128, 165, 137, 193, 194, 127, 124, 124, 129, 138, 126, 128, 125, 131, 179,
        138, 164, 136, 136, 137, 172, 175, 181, 195, 230, 199, 130, 191, 197, 196, 184, 216, 222, 219, 199, 188,  75,  95,  97,  97,  97,  97,  95,  88,  73,  66,  77,
         36,  44,  73,  83,  67,  39,  36,  36,  53, 142, 140, 139, 124, 126, 134, 139, 152, 138, 153, 153, 172, 177, 139, 124, 130, 130, 129, 133, 124, 124, 126, 130,
        133, 132, 124, 133, 134, 143, 185, 188, 223, 215, 191, 166, 174, 195, 221, 209, 214, 222, 230, 230, 230,  84,  62,  88,  97,  97,  97,  97,  95,  84,  84,  76,
         41,  45,  71,  86,  62,  36,  36,  38,  64, 168, 169, 169, 126, 124, 164, 156, 140, 137, 152, 161, 197, 184, 167, 124, 158, 153, 127, 133, 128, 124, 136, 136,
        131, 136, 138, 130, 138, 165, 167, 219, 227, 188, 183, 194, 138, 182, 218, 216, 226, 230, 223, 224, 230,  71,  62,  45,  93,  95,  95,  97,  97,  97,  83,  84,
         36,  61,  73,  84,  61,  39,  38,  59,  77, 153, 169, 140, 124, 124, 169, 174, 143, 137, 136, 139, 174, 137, 129, 124, 137, 179, 142, 130, 124, 124, 124, 124,
        152, 133, 124, 126, 171, 188, 188, 225, 230, 193, 183, 186, 133, 134, 209, 200, 189, 227, 230, 230, 230,  97,  45,  58,  73,  93,  97,  97,  88,  97,  97,  95,
         42,  64,  64,  76,  41,  56,  46,  58,  75, 169, 187, 131, 124, 124, 178, 181, 188, 156, 138, 184, 214, 171, 142, 124, 127, 152, 161, 130, 124, 124, 124, 136,
        138, 133, 124, 143, 217, 197, 219, 221, 209, 180, 179, 222, 175, 152, 228, 221, 221, 226, 224, 230, 230,  97,  75,  87,  86,  97,  97,  97,  86,  87,  93,  97,
         60,  68,  72,  68,  38,  36,  64,  63,  67, 138, 176, 132, 124, 133, 186, 169, 158, 136, 143, 214, 192, 180, 142, 124, 138, 179, 153, 124, 126, 132, 130, 158,
        133, 126, 124, 156, 169, 173, 188, 197, 195, 193, 182, 202, 201, 188, 216, 202, 186, 228, 230, 230, 230,  97,  95,  95,  92,  97,  97,  97,  74,  76,  93,  97,
         44,  73,  72,  55,  57,  44,  86,  76,  58, 156, 139, 133, 128, 167, 177, 194, 156, 156, 171, 199, 184, 142, 131, 124, 137, 137, 161, 126, 124, 142, 166, 129,
        162, 152, 177, 138, 202, 182, 172, 215, 214, 225, 195, 221, 194, 214, 198, 188, 195, 225, 230, 230, 230,  96,  97,  88,  87,  95,  96,  95,  93,  96,  86,  97,
         44,  73,  87,  74,  58,  61,  71,  77,  63, 169, 137, 137, 153, 161, 191, 197, 185, 189, 185, 227, 188, 136, 153, 127, 169, 167, 143, 124, 124, 138, 134, 127,
        128, 167, 184, 188, 198, 136, 155, 159, 192, 222, 194, 183, 171, 187, 177, 175, 169, 182, 230, 230, 230,  95,  92,  93,  97,  97,  88,  97,  97,  97,  88,  97,
         61,  71,  75,  85,  67,  84,  74,  62,  39,  40, 169, 182, 165, 172, 181, 184, 174, 181, 177, 214, 189, 172, 138, 131, 189, 193, 152, 124, 133, 183, 182, 159,
        131, 155, 191, 193, 185, 171, 136, 158, 159, 188, 196, 195, 167, 174, 215, 188, 176, 167, 196, 230, 230, 230,  97,  70,  97,  97,  97,  95,  95,  88,  96,  97,
         64,  85,  57,  84,  60,  83,  83,  63,  58,  58, 175, 165, 155, 185, 194, 178, 167, 172, 177, 169, 183, 181, 124, 124, 175, 131, 158, 129, 138, 174, 194, 177,
        188, 161, 167, 175, 192, 217, 177, 198, 194, 158, 140, 196, 171, 194, 200, 174, 195, 180, 193, 195, 202, 230,  97,  97,  97,  97,  97,  97,  97,  69,  92,  97,
         55,  88,  85,  83,  60,  76,  76,  64,  57,  57, 165, 184, 171, 168, 174, 159, 174, 187, 195, 192, 182, 169, 132, 129, 169, 159, 172, 129, 134, 134, 181, 198,
        194, 189, 154, 137, 167, 194, 169, 189, 196, 159, 142, 153, 185, 177, 193, 167, 183, 175, 184, 214, 230, 230,  88,  97,  97,  97,  97,  97,  96,  92,  88,  97,
         41,  63,  75,  92,  88,  84,  62,  72,  64,  63, 156, 190, 165, 177, 169, 171, 217, 195, 202, 185, 181, 165, 130, 124, 176, 187, 177, 138, 156, 144, 180, 202,
        139, 165, 182, 176, 176, 159, 153, 184, 219, 192, 156, 152, 171, 196, 209, 190, 159, 139, 152, 188, 223, 230,  97,  97,  97,  97,  97,  97,  97,  97,  95,  88,
         39,  73,  63,  88,  75,  95,  63,  93,  84,  43,  45, 131, 138, 175, 217, 182, 161, 191, 198, 223, 221, 187, 142, 139, 184, 187, 152, 168, 138, 156, 177, 127,
        128, 142, 159, 180, 161, 133, 179, 194, 197, 189, 195, 169, 140, 177, 192, 215, 183, 138, 134, 138, 181, 187, 215,  97,  97,  93,  74,  92,  97,  97,  97,  95,
         62,  71,  71,  74,  71,  84,  88,  93,  97,  75,  62, 156, 165, 191, 216, 218, 209, 199, 194, 202, 216, 177, 161, 155, 180, 182, 161, 153, 167, 171, 171, 139,
        126, 153, 172, 186, 143, 134, 171, 174, 158, 174, 185, 184, 168, 137, 184, 202, 193, 187, 133, 134, 156, 167, 153,  70,  97,  97,  97,  93,  97,  97,  97,  97,
         57,  60,  63,  76,  55,  87,  84,  73,  97,  97,  70, 152, 171, 171, 152, 138, 152, 216, 230, 215, 220, 167, 186, 184, 171, 180, 158, 153, 175, 189, 133, 129,
        124, 127, 130, 137, 131, 143, 124, 131, 153, 138, 140, 144, 179, 161, 165, 187, 176, 180, 178, 137, 140, 156, 179,  66,  87,  97,  97,  97,  88,  88,  84,  88,
         59,  55,  56,  66,  74,  53,  86,  62,  87,  97,  97, 202, 182, 179, 139, 127, 158, 222, 217, 198, 216, 180, 193, 183, 152, 159, 138, 132, 153, 131, 124, 124,
        128, 137, 134, 124, 156, 177, 159, 129, 129, 137, 153, 124, 155, 152, 161, 171, 197, 171, 138, 200, 168, 174, 195,  74,  64,  92,  97,  97,  97,  95,  96,  86,
         36,  36,  42,  64,  74,  84,  84,  68,  64,  95,  92, 230, 216, 182, 161, 128, 177, 209, 220, 194, 215, 186, 169, 166, 174, 192, 140, 142, 124, 129, 124, 127,
        134, 128, 136, 124, 136, 156, 185, 153, 134, 168, 164, 133, 167, 186, 171, 167, 167, 175, 133, 152, 166, 158, 201,  74,  54,  58,  67,  97,  97,  97,  97,  97,
         54,  44,  39,  45,  69,  87,  84,  72,  65,  97,  76, 214, 230, 181, 136, 137, 153, 200, 214, 194, 177, 176, 197, 169, 174, 183, 164, 127, 124, 124, 124, 124,
        158, 138, 130, 134, 124, 139, 175, 154, 142, 175, 168, 144, 174, 177, 191, 156, 161, 183, 156, 142, 153, 171, 192,  84,  71,  55,  36,  53,  92,  97,  97,  97,
         84,  36,  36,  38,  61,  76,  73,  59,  61,  93,  86, 159, 178, 216, 194, 179, 138, 195, 215, 216, 189, 171, 174, 178, 192, 175, 180, 124, 124, 124, 124, 124,
        124, 133, 137, 138, 134, 131, 153, 181, 175, 171, 171, 164, 137, 174, 154, 132, 136, 142, 164, 143, 142, 197, 215,  84,  75,  67,  54,  44,  39,  44,  93,  85,
         97,  43,  36,  40,  59,  88,  65,  61,  71,  84,  96, 179, 177, 188, 214, 230, 184, 172, 182, 196, 189, 167, 177, 177, 188, 186, 161, 128, 124, 124, 124, 155,
        134, 126, 134, 169, 140, 129, 132, 143, 138, 138, 174, 178, 164, 152, 161, 153, 172, 161, 167, 159, 130, 181, 217,  74,  75,  62,  54,  58,  65,  36,  54,  88,
         68,  97,  36,  36,  40,  45,  43,  60,  64,  77,  97, 186, 192, 153, 201, 216, 230, 182, 140, 152, 153, 142, 159, 177, 174, 155, 124, 133, 131, 128, 124, 143,
        132, 156, 139, 124, 142, 136, 131, 131, 137, 134, 156, 173, 159, 143, 134, 156, 165, 214, 156, 160, 159, 136, 128,  40,  72,  73,  45,  43,  55,  62,  71,  64,
         68,  68,  53,  36,  38,  36,  41,  58,  71,  68,  95, 200, 190, 187, 142, 171, 214, 219, 158, 133, 124, 124, 155, 174, 177, 132, 152, 124, 124, 127, 124, 124,
        132, 143, 194, 199, 178, 136, 134, 138, 138, 134, 176, 182, 161, 165, 164, 171, 216, 188, 171, 179, 201, 195, 136,  43,  59,  59,  72,  75,  62,  55,  64,  76,
         68,  68,  68,  45,  36,  36,  39,  58,  57,  70,  72, 229, 218, 194, 185, 164, 142, 180, 169, 143, 124, 124, 139, 187, 161, 137, 134, 124, 124, 134, 129, 128,
        130, 132, 131, 154, 171, 187, 177, 161, 140, 175, 169, 152, 155, 155, 161, 158, 197, 189, 177, 171, 169, 215, 153,  40,  41,  57,  87,  83,  73,  61,  54,  58,
         68,  68,  68,  97,  59,  36,  36,  36,  59,  59,  73, 198, 222, 197, 192, 176, 164, 176, 172, 140, 195, 140, 162, 143, 127, 132, 154, 140, 126, 138, 138, 142,
        174, 176, 131, 142, 132, 155, 174, 199, 220, 219, 198, 158, 181, 199, 169, 156, 161, 188, 164, 180, 192, 209, 223,  74,  55,  62,  71,  85,  84,  65,  66,  45,
         68,  68,  68,  68,  97,  57,  38,  36,  43,  70,  60, 184, 194, 191, 165, 189, 165, 174, 176, 199, 179, 137, 167, 134, 129, 139, 180, 142, 152, 161, 169, 184,
        164, 180, 177, 178, 139, 127, 161, 159, 220, 182, 191, 199, 175, 187, 173, 180, 189, 177, 197, 191, 161, 187, 195,  88,  73,  53,  53,  73,  93,  83,  83,  72,
         68,  68,  68,  68,  68,  97,  46,  36,  38,  40, 162, 168, 199, 209, 177, 182, 191, 188, 165, 193, 181, 191, 171, 130, 124, 124, 127, 133, 156, 169, 167, 181,
        165, 201, 192, 199, 184, 165, 131, 189, 221, 216, 219, 188, 209, 189, 134, 132, 184, 182, 175, 167, 169, 143,  83,  71,  73,  43,  36,  53,  83,  75,  73,  87,
         68,  68,  68,  68,  68,  68,  97,  45,  36,  36, 132, 161, 219, 199, 194, 172, 160, 142, 161, 176, 202, 193, 176, 179, 139, 137, 143, 156, 188, 174, 167, 153,
        193, 181, 192, 186, 217, 195, 171, 180, 209, 217, 226, 218, 193, 187, 181, 171, 209, 200, 181, 152, 200, 209,  61,  58,  84,  64,  64,  65,  60,  70,  64,  62,
         68,  68,  68,  68,  68,  68,  68,  97,  42,  36, 124, 156, 201, 194, 196, 192, 136, 130, 158, 169, 172, 153, 139, 132, 132, 164, 167, 199, 193, 175, 188, 161,
        142, 181, 188, 189, 202, 177, 179, 167, 214, 193, 195, 191, 222, 202, 202, 173, 139, 200, 201, 174, 179, 214,  77,  83,  87,  86,  87,  92,  88,  63,  71,  74,
         68,  68,  68,  68,  68,  68,  68,  68,  97, 132, 124, 132, 193, 180, 173, 184, 186, 152, 192, 225, 200, 196, 178, 134, 165, 192, 194, 184, 214, 192, 198, 199,
        174, 184, 179, 221, 201, 220, 192, 182, 174, 188, 171, 200, 223, 224, 227, 214, 164, 184, 216, 200, 209,  97,  97,  95,  92,  92,  84,  93,  92,  71,  70,  84,
         68,  68,  68,  68,  68,  68,  68,  68,  68, 176, 144, 128, 131, 177, 132, 127, 165, 177, 177, 200, 195, 182, 195, 201, 218, 200, 219, 184, 226, 219, 214, 223,
        192, 195, 192, 183, 201, 201, 216, 219, 214, 194, 164, 167, 223, 223, 227, 226, 209, 217, 195, 227, 209,  85,  96,  88,  92,  76,  87,  92,  86,  84,  73,  75,
         68,  68,  68,  68,  68,  68,  68,  68,  68, 176, 230, 173, 130, 152, 124, 124, 124, 180, 194, 177, 194, 191, 191, 220, 221, 227, 196, 194, 197, 222, 226, 223,
        209, 195, 172, 180, 176, 138, 183, 215, 222, 220, 179, 185, 187, 217, 215, 216, 227, 226, 217, 216, 176,  62,  85,  95,  86,  85,  92,  93,  72,  86,  76,  71,
         68,  68,  68,  68,  68,  68,  68,  68, 176, 176, 176, 176, 230, 142, 132, 127, 127, 174, 187, 174, 176, 172, 184, 186, 223, 230, 220, 184, 183, 215, 215, 218,
        230, 224, 224, 198, 198, 176, 153, 183, 188, 222, 223, 219, 196, 202, 209, 228, 217, 230, 228, 217,  92,  73,  88,  93,  88,  88,  95,  92,  84,  85,  84,  58,
         68,  68,  68,  68,  68,  68,  68,  68, 176, 176, 176, 176, 176, 230, 130, 128, 128, 159, 165, 134, 171, 179, 201, 199, 174, 218, 217, 209, 188, 199, 224, 219,
        223, 230, 228, 230, 202, 217, 198, 194, 194, 202, 225, 230, 227, 176, 189, 215, 219, 230, 230, 230,  96,  95,  97,  95,  95,  88,  95,  93,  76,  73,  74,  72,
         68,  68,  68,  68,  68,  68,  68,  68, 176, 176, 176, 176, 176, 176, 230, 139, 129, 127, 124, 124, 126, 178, 186, 214, 179, 221, 226, 230, 214, 164, 174, 199,
        202, 228, 223, 230, 230, 224, 221, 209, 199, 177, 195, 226, 226, 224, 197, 183, 188, 220, 226, 220,  85,  88,  97,  97,  95,  86,  86,  88,  83,  72,  65,  58,
         68,  68,  68,  68,  68,  68,  68,  68, 176, 176, 176, 176, 176, 176, 176, 230, 194, 124, 124, 124, 124, 126, 132, 161, 184, 209, 223, 228, 230, 228, 202, 189,
        214, 224, 223, 226, 227, 230, 222, 217, 196, 217, 174, 189, 227, 230, 216, 195, 188, 197, 209, 220,  74,  93,  93,  84,  96,  76,  67,  76,  43,  42,  56,  68,
         68,  68,  68,  68,  68,  68,  68,  68, 176, 176, 176, 176, 176, 176, 176, 176, 176, 176, 180, 124, 138, 132, 124, 137, 130, 138, 190, 222, 224, 222, 217, 216,
        174, 197, 226, 230, 230, 230, 227, 228, 219, 191, 180, 168, 218, 230, 230, 220, 226, 197, 174, 182,  75,  75,  93,  92,  97,  88,  83,  73,  73,  53,  65,  63,
         68,  68,  68,  68,  68,  68,  68,  68, 176, 176, 176, 176, 176, 176, 176, 230, 176, 176, 176, 230, 133, 131, 126, 124, 124, 128, 153, 198, 199, 209, 209, 226,
        218, 220, 193, 223, 230, 230, 230, 230, 230, 227, 217, 216, 223, 224, 226, 228, 227, 228, 209, 198,  92,  88,  74,  63,  73,  84,  75,  76,  73,  85,  75,  75,
         68,  68,  68,  68,  68,  68,  68,  68, 176, 176, 176, 176, 176, 176, 176, 176, 131, 176, 176, 176, 176, 188, 124, 124, 124, 124, 132, 182, 183, 182, 197, 199,
        222, 226, 220, 216, 215, 230, 230, 230, 230, 230, 230, 223, 209, 223, 230, 230, 230, 230, 230, 228,  87,  88,  95,  92,  86,  63,  58,  75,  62,  63,  75,  92,
         68,  68,  68,  68,  68,  68,  68,  68, 176, 176, 176, 176, 176, 176, 176, 176, 176, 176, 176, 176, 176, 176, 176, 174, 125, 124, 130, 165, 181, 182, 181, 193,
        224, 230, 230, 230, 220, 216, 222, 230, 230, 230, 230, 225, 184, 155, 177, 214, 228, 225, 214, 218,  85,  68,  75,  88,  96,  76,  65,  67,  54,  61,  67,  64,
         68,  68,  68,  68,  68,  68,  68,  68, 176, 176, 176, 176, 176, 176, 176, 176, 176, 176, 176, 176, 176, 176, 176, 176, 230, 142, 124, 129, 136, 169, 134, 136,
        155, 218, 230, 230, 230, 230, 224, 217, 221, 230, 230, 230, 215, 189, 172, 177, 196, 192, 230, 214,  92,  92,  85,  64,  74,  77,  72,  74,  58,  40,  46,  56,
         68,  68,  68,  68,  68,  68,  68,  68,  68, 176, 176, 176, 176, 176, 176, 176, 176, 176, 176, 176, 176, 176, 176, 176, 176, 176, 230, 136, 130, 131, 124, 124,
        124, 161, 194, 200, 221, 222, 216, 200, 192, 164, 190, 222, 202, 171, 172, 164, 159, 180, 156, 140, 161,  62,  77,  75,  58,  56,  72,  75,  75,  73,  77,  75,
         68,  68,  68,  68,  68,  68,  68,  68,  68, 176, 176, 176, 176, 176, 176, 176, 176, 176, 176, 176, 176, 176, 176, 176, 176, 176, 176, 176, 176, 124, 124, 124,
        124, 124, 131, 171, 152, 159, 137, 184, 193, 171, 153, 182, 228, 230, 228, 228, 200, 192, 165, 158, 137,  54,  63,  55,  63,  57,  63,  76,  74,  74,  66,  84,
         68,  68,  68,  68,  68,  68,  68,  68,  68, 176, 176, 176, 176, 176, 176, 176, 176, 176, 176, 176, 176, 176, 176, 176, 176, 176, 176, 176, 176, 176, 214, 124,
        124, 124, 124, 138, 161, 188, 184, 182, 200, 220, 175, 176, 201, 195, 224, 219, 195, 177, 187, 181, 169,  64,  84,  71,  65,  75,  75,  65,  60,  61,  75,  63,
        175, 175, 175, 175, 175, 175, 175, 175, 175, 175, 175, 175, 175, 175, 175, 175, 175, 175, 175, 175, 175, 175, 175, 175, 175, 175, 175, 175, 175, 175, 175, 175,
        175, 175, 175, 175, 175, 175, 175, 175, 175, 175, 175, 175, 175, 175, 175, 175, 175, 175, 175, 175, 175, 175, 175, 175, 175, 175, 175, 175, 175, 175, 175, 175,
    },
    {
        175, 175, 175, 175, 175, 175, 175, 175, 175, 175, 175, 175, 175, 175, 175, 175, 175, 175, 175, 175, 175, 175, 175, 175, 175, 175, 175, 175, 175, 175, 175, 175,
        175, 175, 175, 175, 175, 175, 175, 175, 175, 175, 175, 175, 175, 175, 175, 175, 175, 175, 175, 175, 175, 175, 175, 175, 175, 175, 175, 175, 175, 175, 175, 175,
        176, 176, 176, 176, 176, 176, 176, 176, 176, 176, 176, 124, 176, 176, 176, 176, 124, 132, 130, 124, 128, 142, 130, 126,  36,  39,  41,  43,  36,  36,  36,  36,
         58,  38,  56,  61,  60,  46,  41,  41,  72,  75,  43,  36, 124, 133, 124, 124, 138, 129, 124, 136, 176, 133, 124, 137, 179, 197, 200, 193, 230, 230, 230, 230,
        176, 176, 176, 176, 176, 176, 176, 176, 176, 124, 176, 124, 176, 124, 124, 124, 127, 156, 168, 131, 168, 171, 152, 130, 133,  44,  43,  41,  36,  44,  39,  36,
         44,  60,  58,  40,  45,  61,  45,  43,  67,  54,  36,  36,  36, 124, 124, 124, 124, 124, 130, 152, 124, 124, 127, 180, 209, 181, 167, 230, 230, 230, 223, 230,
        176, 176, 176, 176, 176, 176, 176, 176, 124, 176, 176, 176, 176, 124, 124, 128, 143, 175, 137, 139, 169, 161, 161, 131, 128,  43,  54,  36,  41,  38,  36,  36,
         42,  65,  62,  58,  59,  66,  72,  66,  39,  36,  38,  36,  36, 124, 124, 124, 136, 138, 188, 134, 124, 124, 144, 218, 168, 136, 224, 230, 230, 230, 198, 215,
        176, 176, 176, 176, 176, 176, 176, 176, 124, 124, 124, 176, 124, 129, 133, 179, 188, 164, 154, 142, 156, 179, 153, 124, 124,  40,  36,  40,  45,  41,  40,  58,
         70,  84,  56,  72,  63,  62,  58,  54,  36,  36,  36,  39,  36, 128, 128, 138, 165, 143, 124, 124, 142, 183, 223, 201, 169, 230, 230, 230, 230, 230, 227, 226,
        176, 176, 176, 176, 176, 176, 176, 176, 176, 124, 124, 124, 130, 136, 153, 153, 176, 164, 171, 174, 183, 191, 159, 126, 133,  55,  40,  56,  39,  41,  46,  57,
         57,  62,  60,  65,  57,  66,  57,  41,  36,  38,  45,  44,  37, 124, 133, 181, 136, 124, 124, 139, 172, 221, 226, 171, 226, 230, 230, 226, 222, 220, 215, 194,
        176, 176, 176, 176, 176, 176, 176, 176, 176, 124, 124, 124, 142, 159, 152, 164, 178, 179, 189, 194, 188, 136, 153, 152, 181,  58,  45,  40,  43,  57,  72,  85,
         71,  83,  73,  72,  71,  61,  57,  53,  43,  60,  63,  72,  44, 131, 139, 137, 127, 124, 132, 191, 230, 230, 230, 221, 230, 230, 228, 222, 202, 230, 224, 220,
        176, 176, 176, 176, 176, 176, 176, 176, 124, 124, 124, 124, 128, 136, 167, 154, 154, 153, 193, 178, 136, 134, 144, 169, 174,  69,  56,  74,  63,  70,  85,  75,
         67,  65,  67,  72,  76,  67,  43,  57,  45,  58,  67,  54,  55, 143, 133, 128, 128, 126, 181, 230, 230, 221, 230, 230, 230, 230, 230, 230, 230, 230, 230, 217,
        176, 176, 176, 176, 176, 176, 176, 176, 124, 124, 124, 124, 124, 130, 134, 133, 152, 167, 186, 166, 128, 187, 209, 215, 197,  92,  92,  62,  74,  84,  86,  65,
         56,  36,  55,  76,  83,  63,  63,  63,  54,  71,  66,  58,  44, 128, 130, 132, 130, 126, 158, 230, 230, 214, 230, 230, 230, 230, 230, 219, 230, 179, 194, 222,
        176, 176, 176, 176, 176, 176, 176, 124, 124, 124, 124, 126, 124, 124, 124, 128, 125, 136, 144, 129, 140, 192, 201, 187,  73,  95,  74,  62,  86,  83,  75,  76,
         73,  59,  68,  68,  60,  56,  71,  61,  70,  86,  74,  54, 124, 124, 140, 132, 142, 142, 138, 217, 230, 230, 230, 230, 230, 230, 230, 230, 230, 230, 230, 230,
        176, 176, 176, 176, 176, 176, 124, 124, 124, 124, 124, 124, 124, 124, 127, 126, 124, 162, 139, 128, 164, 230, 200, 180,  75,  83,  88,  84,  92,  92,  60,  76,
         73,  60,  65,  61,  43,  53,  56,  58,  63,  54,  67,  43, 129, 126, 171, 132, 153, 199, 186, 193, 223, 218, 230, 230, 230, 230, 230, 230, 230, 230, 230, 230,
        176, 176, 176, 176, 176, 176, 124, 124, 124, 124, 124, 124, 124, 126, 126, 124, 126, 139, 129, 127, 171, 226, 195, 169,  72,  88,  88,  92,  93,  95,  71,  83,
         84,  71,  72,  64,  55,  62,  65,  84,  68,  53,  61,  46, 136, 133, 160, 129, 165, 184, 167, 177, 223, 177, 222, 230, 230, 230, 226, 230, 216, 215, 229, 230,
        176, 176, 176, 176, 176, 124, 124, 124, 124, 124, 124, 126, 127, 133, 156, 128, 129, 132, 124, 124, 156, 179, 175, 201,  92,  85,  77,  86,  83,  84,  65,  92,
         74,  71,  73,  71,  44,  59,  64,  61,  41,  43,  56,  44, 126, 153, 186, 133, 155, 195, 192, 186, 230, 184, 230, 230, 230, 230, 230, 221, 188, 221, 230, 230,
        176, 176, 176, 176, 124, 124, 130, 124, 124, 124, 124, 124, 131, 168, 154, 126, 126, 128, 126, 126, 214, 189, 186,  72,  84,  67,  87,  61,  57,  60,  63,  77,
         73,  85,  86,  59,  45,  69,  76,  62,  57,  75,  88, 175, 124, 159, 168, 130, 134, 178, 197, 214, 222, 209, 230, 215, 222, 230, 230, 222, 194, 230, 230, 230,
        176, 176, 176, 124, 124, 137, 130, 132, 127, 124, 124, 131, 159, 160, 130, 124, 128, 133, 130, 159, 216, 201, 188,  63,  44,  65,  73,  59,  42,  60,  36,  43,
         63,  73,  76,  66,  60,  66,  65,  73,  71,  57,  93, 171, 124, 152, 183, 142, 191, 194, 223, 223, 216, 224, 230, 188, 221, 230, 230, 138, 191, 223, 230, 230,
        176, 176, 124, 124, 124, 124, 124, 127, 124, 124, 124, 136, 181, 178, 134, 127, 131, 171, 140, 153, 227, 218, 220,  75,  71,  73,  54,  44,  59,  58,  54,  61,
         41,  60,  71,  63,  45,  58,  70,  84,  69,  54,  72, 199, 169, 158, 191, 192, 190, 169, 215, 198, 230, 230, 230, 226, 230, 230, 222, 155, 214, 230, 230, 230,
        176, 176, 124, 143, 128, 124, 124, 124, 130, 124, 124, 133, 177, 140, 130, 126, 124, 175, 153, 194, 229, 227,  97,  73,  53,  55,  45,  54,  41,  45,  57,  44,
         46,  68,  61,  45,  45,  41,  60,  83,  72,  61, 161, 221, 182, 153, 167, 222, 197, 219, 224, 230, 230, 230, 226, 223, 230, 230, 199, 182, 230, 230, 224, 230,
        176, 124, 124, 159, 139, 124, 124, 128, 130, 128, 128, 152, 153, 133, 142, 124, 124, 140, 176, 194, 227, 227,  86,  69,  45,  62,  42,  44,  44,  57,  42,  36,
         43,  56,  46,  36,  61,  56,  57,  73,  72,  53, 174, 186, 194, 159, 167, 214, 228, 218, 227, 230, 230, 230, 221, 227, 229, 199, 191, 230, 230, 228, 186, 140,
        176, 124, 124, 167, 159, 124, 124, 127, 133, 124, 139, 152, 136, 138, 134, 124, 124, 131, 179, 194, 230, 198,  77,  57,  36,  55,  41,  36,  36,  36,  44,  36,
         43,  63,  67,  44,  60,  63,  70,  72,  76,  72, 197, 182, 215, 183, 178, 187, 214, 193, 222, 230, 230, 230, 230, 230, 230, 217, 230, 230, 230, 214, 178, 161,
        124, 124, 139, 174, 140, 124, 124, 133, 129, 137, 153, 165, 133, 130, 129, 124, 124, 127, 197, 197, 194,  85,  58,  44,  36,  58,  44,  43,  36,  36,  42,  44,
         41,  53,  61,  62,  60,  72,  68,  63,  87, 222, 224, 164, 217, 198, 191, 185, 186, 195, 194, 194, 214, 222, 230, 230, 230, 230, 230, 222, 214, 226, 218, 168,
        124, 127, 167, 184, 185, 136, 124, 124, 130, 153, 131, 137, 134, 126, 136, 152, 136, 128, 165, 137, 193,  77,  39,  36,  36,  40,  53,  38,  40,  37,  42,  70,
         53,  61,  45,  45,  53,  65,  67,  71,  83, 230, 199, 130, 191, 197, 196, 184, 216, 222, 219, 199, 188, 188, 227, 230, 230, 230, 230, 226, 215, 186, 174, 194,
        124, 133, 184, 195, 174, 127, 124, 124, 138, 142, 140, 139, 124, 126, 134, 139, 152, 138, 153, 153, 172,  69,  54,  36,  41,  41,  41,  43,  36,  36,  38,  41,
         43,  43,  36,  43,  44,  56,  73,  74,  93, 215, 191, 166, 174, 195, 221, 209, 214, 222, 230, 230, 230, 199, 165, 215, 230, 230, 230, 230, 226, 196, 198, 193,
        130, 136, 180, 209, 165, 124, 124, 126, 171, 168, 169, 169, 126, 124, 164, 156, 140, 137, 152, 161, 197,  73,  62,  36,  59,  57,  39,  43,  39,  36,  44,  45,
         42,  45,  53,  41,  53,  61,  62,  92,  95, 188, 183, 194, 138, 182, 218, 216, 226, 230, 223, 224, 230, 181, 167, 136, 223, 226, 227, 230, 230, 230, 195, 196,
        124, 161, 184, 198, 164, 127, 126, 158, 194, 153, 169, 140, 124, 124, 169, 174, 143, 137, 136, 139, 174,  45,  40,  36,  46,  70,  55,  41,  36,  36,  36,  36,
         56,  44,  36,  38,  64,  74,  75,  95,  97, 193, 183, 186, 133, 134, 209, 200, 189, 227, 230, 230, 230, 230, 137, 155, 185, 222, 230, 230, 215, 230, 230, 224,
        131, 169, 169, 192, 130, 152, 137, 156, 191, 169, 187, 131, 124, 124, 178, 181, 188, 156, 138, 184, 214,  64,  55,  36,  39,  56,  60,  41,  36,  36,  36,  45,
         53,  43,  36,  56,  88,  84,  92,  92,  86, 180, 179, 222, 175, 152, 228, 221, 221, 226, 224, 230, 230, 230, 191, 214, 209, 230, 230, 230, 202, 209, 222, 230,
        159, 176, 183, 176, 126, 124, 169, 168, 175, 138, 176, 132, 124, 133, 186, 169, 158, 136, 143, 214, 192,  71,  55,  36,  53,  70,  57,  36,  38,  42,  41,  59,
         44,  39,  36,  58,  64,  65,  74,  84,  83, 193, 182, 202, 201, 188, 216, 202, 186, 228, 230, 230, 230, 230, 227, 227, 221, 230, 230, 230, 188, 193, 224, 230,
        134, 186, 181, 142, 153, 134, 209, 192, 158, 156, 139, 133, 128, 167, 177, 194, 156, 156, 171, 199, 184,  55,  42,  36,  46,  46,  60,  38,  36,  55,  62,  40,
         61,  56,  70,  53,  86,  72,  65,  88,  87, 225, 195, 221, 194, 214, 198, 188, 195, 225, 230, 230, 230, 228, 230, 215, 209, 227, 228, 227, 223, 227, 202, 230,
        134, 184, 214, 188, 158, 161, 181, 194, 169, 169, 137, 137, 153, 161, 191, 197, 185, 189, 185, 227, 188,  45,  57,  39,  64,  62,  56,  36,  36,  53,  44,  39,
         40,  62,  73,  75,  84,  44,  58,  59,  76, 222, 194, 183, 171, 187, 177, 175, 169, 182, 230, 230, 230, 226, 219, 223, 230, 230, 217, 230, 230, 230, 215, 230,
        164, 180, 189, 201, 175, 198, 186, 165, 128, 129, 169, 182, 165, 172, 181, 184, 174, 181, 177, 214, 189, 172,  53,  41,  75,  76,  57,  36,  43,  72,  72,  59,
         41,  58,  76,  76,  73,  64,  45,  59,  60,  74, 196, 195, 167, 174, 215, 188, 176, 167, 196, 230, 230, 230, 230, 177, 230, 230, 230, 227, 226, 215, 228, 230,
        171, 200, 153, 196, 161, 195, 195, 169, 156, 155, 175, 165, 155, 185, 194, 178, 167, 172, 177, 169, 183, 181,  36,  36,  67,  42,  59,  40,  54,  66,  77,  68,
         74,  61,  62,  67,  76,  88,  70,  84,  77,  59, 140, 196, 171, 194, 200, 174, 195, 180, 193, 195, 202, 230, 230, 230, 230, 230, 230, 230, 230, 177, 221, 230,
        142, 215, 200, 196, 161, 192, 191, 171, 153, 153, 165, 184, 171, 168, 174, 159, 174, 187, 195, 192, 182, 169,  43,  40,  63,  59,  65,  40,  44,  44,  71,  84,
         77,  75,  57,  45,  62,  83,  63,  75,  83,  59, 142, 153, 185, 177, 193, 167, 183, 175, 184, 214, 230, 230, 216, 230, 230, 230, 230, 230, 228, 221, 217, 230,
        130, 169, 190, 219, 217, 198, 165, 183, 171, 168, 156, 190, 165, 177, 169, 171, 217, 195, 202, 185, 181, 165,  41,  36,  68,  74,  70,  53,  58,  56,  71,  86,
         54,  62,  72,  68,  68,  60,  57,  73,  92,  76, 156, 152, 171, 196, 209, 190, 159, 139, 152, 188, 223, 230, 230, 230, 230, 230, 230, 230, 229, 230, 227, 217,
        126, 184, 169, 217, 188, 226, 168, 222, 198, 132, 136, 131, 138, 175, 217, 182, 161, 191, 198, 223, 221, 187, 142,  54,  73,  74,  57,  63,  53,  58,  69,  39,
         40,  55,  59,  71,  61,  43,  70,  77,  84,  75,  83, 169, 140, 177, 192, 215, 183, 138, 134, 138, 181, 187, 215, 230, 230, 223, 188, 218, 230, 230, 230, 225,
        167, 181, 181, 187, 180, 198, 217, 222, 230, 188, 165, 156, 165, 191, 216, 218, 209, 199, 194, 202, 216, 177, 161,  58,  71,  72,  61,  57,  62,  64,  64,  54,
         38,  57,  65,  73,  56,  44,  64,  66,  58,  66,  73, 184, 168, 137, 184, 202, 193, 187, 133, 134, 156, 167, 153, 178, 230, 230, 230, 223, 230, 230, 230, 230,
        152, 161, 168, 191, 140, 209, 196, 184, 230, 230, 179, 152, 171, 171, 152, 138, 152, 216, 230, 215, 220, 167, 186,  73,  64,  71,  58,  57,  67,  75,  43,  40,
         36,  39,  41,  53,  41,  56,  36,  42,  57,  53,  55, 144, 179, 161, 165, 187, 176, 180, 178, 137, 140, 156, 179, 174, 214, 230, 230, 230, 217, 217, 198, 215,
        158, 142, 152, 174, 188, 138, 202, 167, 214, 230, 230, 202, 182, 179, 139, 127, 158, 222, 217, 198, 216, 180, 193,  72,  57,  59,  53,  43,  57,  41,  36,  36,
         39,  46,  44,  36,  58,  69,  59,  40,  40,  46,  57, 124, 155, 152, 161, 171, 197, 171, 138, 200, 168, 174, 195, 187, 171, 219, 230, 230, 230, 226, 229, 202,
        124, 124, 132, 171, 188, 199, 199, 176, 171, 225, 221, 230, 216, 182, 161, 128, 177, 209, 220, 194, 215, 186, 169,  62,  66,  76,  55,  55,  36,  40,  36,  39,
         44,  40,  44,  36,  45,  58,  73,  57,  44,  63,  61, 133, 167, 186, 171, 167, 167, 175, 133, 152, 166, 158, 201, 188, 138, 155, 175, 230, 230, 230, 230, 230,
        138, 134, 127, 137, 177, 214, 199, 183, 172, 230, 192, 214, 230, 181, 136, 137, 153, 200, 214, 194, 177, 176, 197,  63,  66,  72,  61,  39,  36,  36,  36,  36,
         58,  53,  41,  44,  36,  54,  67,  57,  55,  67,  63, 144, 174, 177, 191, 156, 161, 183, 156, 142, 153, 171, 192, 197, 180, 142, 124, 138, 219, 230, 230, 230,
        198, 124, 124, 126, 165, 192, 185, 159, 164, 223, 202, 159, 178, 216, 194, 179, 138, 195, 215, 216, 189, 171, 174,  70,  76,  67,  71,  36,  36,  36,  36,  36,
         36,  44,  46,  53,  44,  42,  57,  72,  67,  64,  64, 164, 137, 174, 154, 132, 136, 142, 164, 143, 142, 197, 215, 199, 188, 174, 139, 134, 127, 134, 223, 201,
        230, 132, 124, 129, 158, 216, 172, 161, 180, 199, 227, 179, 177, 188, 214, 230, 184, 172, 182, 196, 189, 167, 177,  70,  75,  73,  60,  40,  36,  36,  36,  58,
         44,  38,  44,  64,  55,  40,  43,  56,  54,  53,  66, 178, 164, 152, 161, 153, 172, 161, 167, 159, 130, 181, 217, 188, 191, 167, 139, 158, 173, 124, 139, 217,
        176, 230, 124, 124, 129, 136, 133, 161, 169, 194, 230, 186, 192, 153, 201, 216, 230, 182, 140, 152, 153, 142, 159,  69,  66,  58,  36,  43,  42,  39,  36,  56,
         43,  58,  54,  36,  55,  45,  42,  42,  46,  44,  58, 173, 159, 143, 134, 156, 165, 214, 156, 160, 159, 136, 128, 129, 183, 184, 136, 132, 142, 165, 181, 171,
        176, 176, 138, 124, 126, 124, 130, 155, 180, 177, 225, 200, 190, 187, 142, 171, 214, 219, 158, 133, 124, 124, 155,  66,  70,  43,  56,  36,  36,  39,  36,  36,
         42,  56,  77,  84,  70,  45,  44,  53,  53,  44,  68, 182, 161, 165, 164, 171, 216, 188, 171, 179, 201, 195, 136, 133, 158, 158, 183, 189, 167, 142, 171, 193,
        176, 176, 176, 136, 124, 124, 128, 156, 153, 177, 182, 229, 218, 194, 185, 164, 142, 180, 169, 143, 124, 124, 139,  74,  61,  45,  44,  36,  36,  44,  40,  40,
         41,  42,  42,  57,  64,  74,  70,  60,  55,  67,  63, 152, 155, 155, 161, 158, 197, 189, 177, 171, 169, 215, 153, 128, 130, 154, 209, 196, 184, 162, 138, 156,
        176, 176, 176, 230, 158, 124, 124, 124, 158, 158, 184, 198, 222, 197, 192, 176, 164, 176, 172, 140, 195, 140, 162,  56,  39,  43,  58,  55,  38,  54,  53,  55,
         67,  68,  41,  55,  43,  58,  66,  84,  92,  92,  84, 158, 181, 199, 169, 156, 161, 188, 164, 180, 192, 209, 223, 187, 142, 167, 181, 200, 197, 173, 174, 136,
        176, 176, 176, 176, 230, 153, 126, 124, 133, 179, 161, 184, 194, 191, 165, 189, 165, 174, 176, 199, 179, 137, 167,  44,  40,  54,  71,  55,  57,  60,  63,  73,
         61,  71,  70,  70,  54,  39,  60,  59,  92,  72,  76, 199, 175, 187, 173, 180, 189, 177, 197, 191, 161, 187, 195, 217, 184, 138, 138, 184, 224, 195, 195, 182,
        176, 176, 176, 176, 176, 230, 137, 124, 126, 129, 162, 168, 199, 209, 177, 182, 191, 188, 165, 193, 181, 191,  64,  41,  36,  36,  39,  43,  58,  63,  62,  72,
         61,  86,  76,  85,  73,  62,  41,  75,  92,  88, 219, 188, 209, 189, 134, 132, 184, 182, 175, 167, 169, 143, 196, 181, 184, 133, 124, 138, 195, 191, 184, 214,
        176, 176, 176, 176, 176, 176, 230, 137, 124, 124, 132, 161, 219, 199, 194, 172, 160, 142, 161, 176, 202, 193,  68,  70,  54,  45,  56,  58,  74,  66,  62,  57,
         76,  71,  76,  74,  88,  83,  64,  71,  87,  92, 226, 218, 193, 187, 181, 171, 209, 200, 181, 152, 200, 209, 161, 158, 199, 171, 171, 173, 161, 179, 171, 167,
        176, 176, 176, 176, 176, 176, 176, 230, 131, 124, 124, 156, 201, 194, 196, 192, 136, 130, 158, 169, 172, 153,  54,  43,  43,  61,  62,  84,  76,  67,  75,  61,
         55,  71,  74,  75,  86,  69,  70,  62,  87,  76, 195, 191, 222, 202, 202, 173, 139, 200, 201, 174, 179, 214, 194, 195, 214, 202, 214, 220, 217, 169, 181, 187,
        176, 176, 176, 176, 176, 176, 176, 176, 230, 132, 124, 132, 193, 180, 173, 184, 186, 152, 192, 225, 200,  83,  70,  44,  61,  76,  77,  73,  87,  76,  84,  85,
         66,  73,  70,  92,  85,  92,  76,  72,  67, 188, 171, 200, 223, 224, 227, 214, 164, 184, 216, 200, 209, 230, 230, 225, 218, 220, 199, 224, 220, 180, 177, 199,
        176, 176, 176, 176, 176, 176, 176, 176, 176, 176, 144, 128, 131, 177, 132, 127, 165, 177, 177, 200, 195,  72,  83,  86,  92,  85,  92,  73,  95,  92,  87,  93,
         76,  83,  76,  72,  85,  85,  88,  92,  87, 194, 164, 167, 223, 223, 227, 226, 209, 217, 195, 227, 209, 200, 228, 217, 218, 192, 214, 219, 209, 199, 184, 188,
        176, 176, 176, 176, 176, 176, 176, 176, 176, 176, 230, 173, 130, 152, 124, 124, 124, 180, 194, 177, 194,  75,  76,  92,  92,  95,  84,  77,  84,  93,  95,  93,
         86,  83,  65,  71,  68,  53,  72,  88,  93, 220, 179, 185, 187, 217, 215, 216, 227, 226, 217, 216, 176, 165, 199, 225, 202, 199, 221, 224, 183, 202, 193, 180,
        176, 176, 176, 176, 176, 176, 176, 176, 176, 176, 176, 176, 230, 142, 132, 127, 127, 174, 187, 174,  68,  65,  73,  74,  93,  97,  92,  73,  72,  88,  88,  92,
         97,  93,  93,  84,  84,  68,  57,  72, 188, 222, 223, 219, 196, 202, 209, 228, 217, 230, 228, 217, 218, 185, 217, 223, 215, 216, 226, 218, 197, 200, 199, 158,
        176, 176, 176, 176, 176, 176, 176, 176, 176, 176, 176, 176, 176, 230, 130, 128, 128, 159, 165, 134,  64,  70,  85,  85,  66,  92,  88,  86,  74,  84,  93,  92,
         93,  97,  96,  97,  86,  88,  84,  77, 194, 202, 225, 230, 227, 176, 189, 215, 219, 230, 230, 230, 228, 227, 230, 227, 227, 215, 226, 222, 192, 184, 187, 182,
        176, 176, 176, 176, 176, 176, 176, 176, 176, 176, 176, 176, 176, 176, 230, 139, 129, 127, 124, 124,  38,  70,  74,  87,  70,  92,  95,  97,  87,  61,  66,  84,
         86,  96,  93,  97,  97,  93,  92,  87, 199, 177, 195, 226, 226, 224, 197, 183, 188, 220, 226, 220, 201, 217, 230, 230, 225, 209, 209, 216, 196, 182, 172, 156,
        176, 176, 176, 176, 176, 176, 176, 176, 176, 176, 176, 176, 176, 176, 176, 230, 194, 124, 124, 124,  36,  38,  42,  61,  73,  86,  93,  96,  97,  96,  86,  75,
         87,  93,  93,  95,  95,  97,  93,  92, 196, 217, 174, 189, 227, 230, 216, 195, 188, 197, 209, 220, 187, 224, 223, 197, 228, 193, 174, 191, 132, 131, 152, 176,
        176, 176, 176, 176, 176, 176, 176, 176, 176, 176, 176, 176, 176, 176, 176, 176, 176, 176, 180, 124,  53,  43,  36,  53,  41,  53,  75,  93,  93,  93,  88,  88,
         66,  84,  95,  97,  97,  97,  95,  96, 219, 191, 180, 168, 218, 230, 230, 220, 226, 197, 174, 182, 191, 189, 223, 221, 230, 215, 196, 186, 184, 137, 172, 169,
        176, 176, 176, 176, 176, 176, 176, 176, 176, 176, 176, 176, 176, 176, 176, 230, 176, 176, 176, 230,  43,  41,  38,  36,  36,  40,  57,  84,  84,  86,  87,  95,
         92,  92,  76,  93,  97,  97,  97,  97, 230, 227, 217, 216, 223, 224, 226, 228, 227, 228, 209, 198, 222, 215, 186, 169, 186, 199, 191, 192, 184, 200, 189, 188,
        176, 176, 176, 176, 176, 176, 176, 176, 176, 176, 176, 176, 176, 176, 176, 176, 131, 176, 176, 176,  68,  74,  36,  36,  36,  36,  42,  72,  72,  72,  84,  84,
         93,  95,  92,  88,  88,  97,  97,  97, 230, 230, 230, 223, 209, 223, 230, 230, 230, 230, 230, 228, 214, 217, 226, 219, 202, 169, 155, 191, 167, 168, 188, 217,
        176, 176, 176, 176, 176, 176, 176, 176, 176, 176, 176, 176, 176, 176, 176, 176, 176, 176, 176, 176,  68,  68,  68,  66,  37,  36,  41,  61,  71,  72,  71,  76,
         93,  97,  97,  97,  92,  88,  93,  97, 230, 230, 230, 225, 184, 155, 177, 214, 228, 225, 214, 218, 200, 176, 188, 215, 228, 193, 172, 174, 139, 164, 174, 171,
        176, 176, 176, 176, 176, 176, 176, 176, 176, 176, 176, 176, 176, 176, 176, 176, 176, 176, 176, 176,  68,  68,  68,  68,  97,  55,  36,  40,  45,  63,  44,  44,
         58,  92,  97,  97,  97,  97,  95,  88, 221, 230, 230, 230, 215, 189, 172, 177, 196, 192, 230, 214, 217, 219, 200, 171, 187, 194, 182, 187, 156, 129, 137, 143,
        176, 176, 176, 176, 176, 176, 176, 176, 176, 176, 176, 176, 176, 176, 176, 176, 176, 176, 176, 176, 176,  68,  68,  68,  68,  68,  97,  45,  41,  42,  36,  36,
         36,  61,  77,  85,  92,  93,  88,  85,  76, 164, 190, 222, 202, 171, 172, 164, 159, 180, 156, 140, 161, 166, 194, 191, 156, 144, 182, 190, 189, 184, 194, 191,
        176, 176, 176, 176, 176, 176, 176, 176, 176, 176, 176, 176, 176, 176, 176, 176, 176, 176, 176, 176, 176,  68,  68,  68,  68,  68,  68,  68,  68,  36,  36,  36,
         36,  36,  41,  64,  56,  60,  45,  73,  76, 171, 153, 182, 228, 230, 228, 228, 200, 192, 165, 158, 137, 138, 169, 140, 168, 153, 169, 191, 186, 187, 174, 199,
        176, 176, 176, 176, 176, 176, 176, 176, 176, 176, 176, 176, 176, 176, 176, 176, 176, 176, 176, 176, 176,  68,  68,  68,  68,  68,  68,  68,  68,  68,  88,  36,
         36,  36,  36,  53,  61,  74,  73,  72,  85, 220, 175, 176, 201, 195, 224, 219, 195, 177, 187, 181, 169, 171, 196, 180, 173, 191, 190, 173, 159, 161, 191, 169,
        175, 175, 175, 175, 175, 175, 175, 175, 175, 175, 175, 175, 175, 175, 175, 175, 175, 175, 175, 175, 175, 175, 175, 175, 175, 175, 175, 175, 175, 175, 175, 175,
        175, 175, 175, 175, 175, 175, 175, 175, 175, 175, 175, 175, 175, 175, 175, 175, 175, 175, 175, 175, 175, 175, 175, 175, 175, 175, 175, 175, 175, 175, 175, 175,
    },
};

