// GENERATED by zhaozhou/tools/pack/mkcreaturepage.py
// DO NOT EDIT BY HAND. Regenerate if the concept sheets change.
//
// Zixxtrixx's texture page. The crayon grain in these tiles is LIFTED
// FROM S. HOFER'S SCAN at native resolution and applied as a multiplier
// over the measured pigment -- so the strokes, pressure marks and paper
// tooth are the ones in the drawing, not procedural noise.
//
// U is the ring angle and local +Z maps to world DOWN, so U = 192/256 is
// the animal's BACK. The dorsal band is painted at texel column 48.
//
// 6 tiles of 64x64, 65 of 256 palette entries used.
//   tile 0: DEBUG sector/band field
//   tile 1: DEBUG sector/band field
//   tile 2: DEBUG sector/band field
//   tile 3: DEBUG sector/band field
//   tile 4: DEBUG sector/band field
//   tile 5: DEBUG sector/band field

constexpr int kPageTiles = 6;
// direct RGB565 mip chains: 5461 halfwords per tile
constexpr uint16_t kPageDirect[6][5461] = {
    {
        0xFF20, 0xFF20, 0xFF20, 0xFF20, 0xFF20, 0xFF20, 0xFF20, 0xFF20, 0xFF20, 0xFF20, 0xFF20, 0xFF20,
        0xFF20, 0xFF20, 0xFF20, 0xFF20, 0xFF20, 0xFF20, 0xFF20, 0xFF20, 0xFF20, 0xFF20, 0xFF20, 0xFF20,
        0xFF20, 0xFF20, 0xFF20, 0xFF20, 0xFF20, 0xFF20, 0xFF20, 0xFF20, 0xFF20, 0xFF20, 0xFF20, 0xFF20,
        0xFF20, 0xFF20, 0xFF20, 0xFF20, 0xFF20, 0xFF20, 0xFF20, 0xFF20, 0xFF20, 0xFF20, 0xFF20, 0xFF20,
        0xFF20, 0xFF20, 0xFF20, 0xFF20, 0xFF20, 0xFF20, 0xFF20, 0xFF20, 0xFF20, 0xFF20, 0xFF20, 0xFF20,
        0xFF20, 0xFF20, 0xFF20, 0xFF20, 0x1991, 0x1991, 0x1991, 0x1991, 0x230C, 0x230C, 0x230C, 0x230C,
        0x230C, 0x230C, 0x230C, 0x230C, 0x230C, 0x1082, 0x1082, 0x1082, 0x1082, 0x1082, 0x1082, 0x1082,
        0x612C, 0x612C, 0x612C, 0x612C, 0x612C, 0x612C, 0x612C, 0x612C, 0x612C, 0x88C3, 0x88C3, 0x88C3,
        0x88C3, 0x88C3, 0x88C3, 0x88C3, 0x7AA3, 0x7AA3, 0x7AA3, 0x7AA3, 0x7AA3, 0x7AA3, 0x7AA3, 0x7AA3,
        0x7AA3, 0x9CF3, 0x9CF3, 0x9CF3, 0x9CF3, 0x9CF3, 0x9CF3, 0x9CF3, 0x33C4, 0x33C4, 0x33C4, 0x33C4,
        0x33C4, 0x33C4, 0x33C4, 0x33C4, 0x33C4, 0x1991, 0x1991, 0x1991, 0x19B3, 0x19B3, 0x19B3, 0x19B3,
        0x2B6D, 0x2B6D, 0x2B6D, 0x2B6D, 0x2B6D, 0x2B6D, 0x2B6D, 0x2B6D, 0x2B6D, 0x10A2, 0x10A2, 0x10A2,
        0x10A2, 0x10A2, 0x10A2, 0x10A2, 0x694D, 0x694D, 0x694D, 0x694D, 0x694D, 0x694D, 0x694D, 0x694D,
        0x694D, 0x98C3, 0x98C3, 0x98C3, 0x98C3, 0x98C3, 0x98C3, 0x98C3, 0x82E3, 0x82E3, 0x82E3, 0x82E3,
        0x82E3, 0x82E3, 0x82E3, 0x82E3, 0x82E3, 0xAD75, 0xAD75, 0xAD75, 0xAD75, 0xAD75, 0xAD75, 0xAD75,
        0x3C25, 0x3C25, 0x3C25, 0x3C25, 0x3C25, 0x3C25, 0x3C25, 0x3C25, 0x3C25, 0x19B3, 0x19B3, 0x19B3,
        0x19D5, 0x19D5, 0x19D5, 0x19D5, 0x2BAE, 0x2BAE, 0x2BAE, 0x2BAE, 0x2BAE, 0x2BAE, 0x2BAE, 0x2BAE,
        0x2BAE, 0x10A2, 0x10A2, 0x10A2, 0x10A2, 0x10A2, 0x10A2, 0x10A2, 0x716E, 0x716E, 0x716E, 0x716E,
        0x716E, 0x716E, 0x716E, 0x716E, 0x716E, 0xA8E3, 0xA8E3, 0xA8E3, 0xA8E3, 0xA8E3, 0xA8E3, 0xA8E3,
        0x9343, 0x9343, 0x9343, 0x9343, 0x9343, 0x9343, 0x9343, 0x9343, 0x9343, 0xBDF7, 0xBDF7, 0xBDF7,
        0xBDF7, 0xBDF7, 0xBDF7, 0xBDF7, 0x44A5, 0x44A5, 0x44A5, 0x44A5, 0x44A5, 0x44A5, 0x44A5, 0x44A5,
        0x44A5, 0x19D5, 0x19D5, 0x19D5, 0x2217, 0x2217, 0x2217, 0x2217, 0x3410, 0x3410, 0x3410, 0x3410,
        0x3410, 0x3410, 0x3410, 0x3410, 0x3410, 0x18C3, 0x18C3, 0x18C3, 0x18C3, 0x18C3, 0x18C3, 0x18C3,
        0x8190, 0x8190, 0x8190, 0x8190, 0x8190, 0x8190, 0x8190, 0x8190, 0x8190, 0xB904, 0xB904, 0xB904,
        0xB904, 0xB904, 0xB904, 0xB904, 0xA384, 0xA384, 0xA384, 0xA384, 0xA384, 0xA384, 0xA384, 0xA384,
        0xA384, 0xCE79, 0xCE79, 0xCE79, 0xCE79, 0xCE79, 0xCE79, 0xCE79, 0x4D06, 0x4D06, 0x4D06, 0x4D06,
        0x4D06, 0x4D06, 0x4D06, 0x4D06, 0x4D06, 0x2217, 0x2217, 0x2217, 0x2239, 0x2239, 0x2239, 0x2239,
        0x3451, 0x3451, 0x3451, 0x3451, 0x3451, 0x3451, 0x3451, 0x3451, 0x3451, 0x18C3, 0x18C3, 0x18C3,
        0x18C3, 0x18C3, 0x18C3, 0x18C3, 0x89B1, 0x89B1, 0x89B1, 0x89B1, 0x89B1, 0x89B1, 0x89B1, 0x89B1,
        0x89B1, 0xC904, 0xC904, 0xC904, 0xC904, 0xC904, 0xC904, 0xC904, 0xABC4, 0xABC4, 0xABC4, 0xABC4,
        0xABC4, 0xABC4, 0xABC4, 0xABC4, 0xABC4, 0xDEFB, 0xDEFB, 0xDEFB, 0xDEFB, 0xDEFB, 0xDEFB, 0xDEFB,
        0x4D66, 0x4D66, 0x4D66, 0x4D66, 0x4D66, 0x4D66, 0x4D66, 0x4D66, 0x4D66, 0x2239, 0x2239, 0x2239,
        0x225A, 0x225A, 0x225A, 0x225A, 0x3CB2, 0x3CB2, 0x3CB2, 0x3CB2, 0x3CB2, 0x3CB2, 0x3CB2, 0x3CB2,
        0x3CB2, 0x18E3, 0x18E3, 0x18E3, 0x18E3, 0x18E3, 0x18E3, 0x18E3, 0x91D2, 0x91D2, 0x91D2, 0x91D2,
        0x91D2, 0x91D2, 0x91D2, 0x91D2, 0x91D2, 0xD124, 0xD124, 0xD124, 0xD124, 0xD124, 0xD124, 0xD124,
        0xBC04, 0xBC04, 0xBC04, 0xBC04, 0xBC04, 0xBC04, 0xBC04, 0xBC04, 0xBC04, 0xEF7D, 0xEF7D, 0xEF7D,
        0xEF7D, 0xEF7D, 0xEF7D, 0xEF7D, 0x55C7, 0x55C7, 0x55C7, 0x55C7, 0x55C7, 0x55C7, 0x55C7, 0x55C7,
        0x55C7, 0x225A, 0x225A, 0x225A, 0x2A9C, 0x2A9C, 0x2A9C, 0x2A9C, 0x3D14, 0x3D14, 0x3D14, 0x3D14,
        0x3D14, 0x3D14, 0x3D14, 0x3D14, 0x3D14, 0x18E3, 0x18E3, 0x18E3, 0x18E3, 0x18E3, 0x18E3, 0x18E3,
        0xA1F4, 0xA1F4, 0xA1F4, 0xA1F4, 0xA1F4, 0xA1F4, 0xA1F4, 0xA1F4, 0xA1F4, 0xE145, 0xE145, 0xE145,
        0xE145, 0xE145, 0xE145, 0xE145, 0xCC65, 0xCC65, 0xCC65, 0xCC65, 0xCC65, 0xCC65, 0xCC65, 0xCC65,
        0xCC65, 0xFFFF, 0xFFFF, 0xFFFF, 0xFFFF, 0xFFFF, 0xFFFF, 0xFFFF, 0x5E47, 0x5E47, 0x5E47, 0x5E47,
        0x5E47, 0x5E47, 0x5E47, 0x5E47, 0x5E47, 0x2A9C, 0x2A9C, 0x2A9C, 0x116F, 0x116F, 0x116F, 0x116F,
        0x22CB, 0x22CB, 0x22CB, 0x22CB, 0x22CB, 0x22CB, 0x22CB, 0x22CB, 0x22CB, 0x1082, 0x1082, 0x1082,
        0x1082, 0x1082, 0x1082, 0x1082, 0x590B, 0x590B, 0x590B, 0x590B, 0x590B, 0x590B, 0x590B, 0x590B,
        0x590B, 0x78A2, 0x78A2, 0x78A2, 0x78A2, 0x78A2, 0x78A2, 0x78A2, 0x6A62, 0x6A62, 0x6A62, 0x6A62,
        0x6A62, 0x6A62, 0x6A62, 0x6A62, 0x6A62, 0x8C71, 0x8C71, 0x8C71, 0x8C71, 0x8C71, 0x8C71, 0x8C71,
        0x3364, 0x3364, 0x3364, 0x3364, 0x3364, 0x3364, 0x3364, 0x3364, 0x3364, 0x116F, 0x116F, 0x116F,
        0x1991, 0x1991, 0x1991, 0x1991, 0x230C, 0x230C, 0x230C, 0x230C, 0x230C, 0x230C, 0x230C, 0x230C,
        0x230C, 0x1082, 0x1082, 0x1082, 0x1082, 0x1082, 0x1082, 0x1082, 0x612C, 0x612C, 0x612C, 0x612C,
        0x612C, 0x612C, 0x612C, 0x612C, 0x612C, 0x88C3, 0x88C3, 0x88C3, 0x88C3, 0x88C3, 0x88C3, 0x88C3,
        0x7AA3, 0x7AA3, 0x7AA3, 0x7AA3, 0x7AA3, 0x7AA3, 0x7AA3, 0x7AA3, 0x7AA3, 0x9CF3, 0x9CF3, 0x9CF3,
        0x9CF3, 0x9CF3, 0x9CF3, 0x9CF3, 0x33C4, 0x33C4, 0x33C4, 0x33C4, 0x33C4, 0x33C4, 0x33C4, 0x33C4,
        0x33C4, 0x1991, 0x1991, 0x1991, 0x19B3, 0x19B3, 0x19B3, 0x19B3, 0x2B6D, 0x2B6D, 0x2B6D, 0x2B6D,
        0x2B6D, 0x2B6D, 0x2B6D, 0x2B6D, 0x2B6D, 0x10A2, 0x10A2, 0x10A2, 0x10A2, 0x10A2, 0x10A2, 0x10A2,
        0x694D, 0x694D, 0x694D, 0x694D, 0x694D, 0x694D, 0x694D, 0x694D, 0x694D, 0x98C3, 0x98C3, 0x98C3,
        0x98C3, 0x98C3, 0x98C3, 0x98C3, 0x82E3, 0x82E3, 0x82E3, 0x82E3, 0x82E3, 0x82E3, 0x82E3, 0x82E3,
        0x82E3, 0xAD75, 0xAD75, 0xAD75, 0xAD75, 0xAD75, 0xAD75, 0xAD75, 0x3C25, 0x3C25, 0x3C25, 0x3C25,
        0x3C25, 0x3C25, 0x3C25, 0x3C25, 0x3C25, 0x19B3, 0x19B3, 0x19B3, 0x19D5, 0x19D5, 0x19D5, 0x19D5,
        0x2BAE, 0x2BAE, 0x2BAE, 0x2BAE, 0x2BAE, 0x2BAE, 0x2BAE, 0x2BAE, 0x2BAE, 0x10A2, 0x10A2, 0x10A2,
        0x10A2, 0x10A2, 0x10A2, 0x10A2, 0x716E, 0x716E, 0x716E, 0x716E, 0x716E, 0x716E, 0x716E, 0x716E,
        0x716E, 0xA8E3, 0xA8E3, 0xA8E3, 0xA8E3, 0xA8E3, 0xA8E3, 0xA8E3, 0x9343, 0x9343, 0x9343, 0x9343,
        0x9343, 0x9343, 0x9343, 0x9343, 0x9343, 0xBDF7, 0xBDF7, 0xBDF7, 0xBDF7, 0xBDF7, 0xBDF7, 0xBDF7,
        0x44A5, 0x44A5, 0x44A5, 0x44A5, 0x44A5, 0x44A5, 0x44A5, 0x44A5, 0x44A5, 0x19D5, 0x19D5, 0x19D5,
        0x2217, 0x2217, 0x2217, 0x2217, 0x3410, 0x3410, 0x3410, 0x3410, 0x3410, 0x3410, 0x3410, 0x3410,
        0x3410, 0x18C3, 0x18C3, 0x18C3, 0x18C3, 0x18C3, 0x18C3, 0x18C3, 0x8190, 0x8190, 0x8190, 0x8190,
        0x8190, 0x8190, 0x8190, 0x8190, 0x8190, 0xB904, 0xB904, 0xB904, 0xB904, 0xB904, 0xB904, 0xB904,
        0xA384, 0xA384, 0xA384, 0xA384, 0xA384, 0xA384, 0xA384, 0xA384, 0xA384, 0xCE79, 0xCE79, 0xCE79,
        0xCE79, 0xCE79, 0xCE79, 0xCE79, 0x4D06, 0x4D06, 0x4D06, 0x4D06, 0x4D06, 0x4D06, 0x4D06, 0x4D06,
        0x4D06, 0x2217, 0x2217, 0x2217, 0x2239, 0x2239, 0x2239, 0x2239, 0x3451, 0x3451, 0x3451, 0x3451,
        0x3451, 0x3451, 0x3451, 0x3451, 0x3451, 0x18C3, 0x18C3, 0x18C3, 0x18C3, 0x18C3, 0x18C3, 0x18C3,
        0x89B1, 0x89B1, 0x89B1, 0x89B1, 0x89B1, 0x89B1, 0x89B1, 0x89B1, 0x89B1, 0xC904, 0xC904, 0xC904,
        0xC904, 0xC904, 0xC904, 0xC904, 0xABC4, 0xABC4, 0xABC4, 0xABC4, 0xABC4, 0xABC4, 0xABC4, 0xABC4,
        0xABC4, 0xDEFB, 0xDEFB, 0xDEFB, 0xDEFB, 0xDEFB, 0xDEFB, 0xDEFB, 0x4D66, 0x4D66, 0x4D66, 0x4D66,
        0x4D66, 0x4D66, 0x4D66, 0x4D66, 0x4D66, 0x2239, 0x2239, 0x2239, 0x225A, 0x225A, 0x225A, 0x225A,
        0x3CB2, 0x3CB2, 0x3CB2, 0x3CB2, 0x3CB2, 0x3CB2, 0x3CB2, 0x3CB2, 0x3CB2, 0x18E3, 0x18E3, 0x18E3,
        0x18E3, 0x18E3, 0x18E3, 0x18E3, 0x91D2, 0x91D2, 0x91D2, 0x91D2, 0x91D2, 0x91D2, 0x91D2, 0x91D2,
        0x91D2, 0xD124, 0xD124, 0xD124, 0xD124, 0xD124, 0xD124, 0xD124, 0xBC04, 0xBC04, 0xBC04, 0xBC04,
        0xBC04, 0xBC04, 0xBC04, 0xBC04, 0xBC04, 0xEF7D, 0xEF7D, 0xEF7D, 0xEF7D, 0xEF7D, 0xEF7D, 0xEF7D,
        0x55C7, 0x55C7, 0x55C7, 0x55C7, 0x55C7, 0x55C7, 0x55C7, 0x55C7, 0x55C7, 0x225A, 0x225A, 0x225A,
        0x2A9C, 0x2A9C, 0x2A9C, 0x2A9C, 0x3D14, 0x3D14, 0x3D14, 0x3D14, 0x3D14, 0x3D14, 0x3D14, 0x3D14,
        0x3D14, 0x18E3, 0x18E3, 0x18E3, 0x18E3, 0x18E3, 0x18E3, 0x18E3, 0xA1F4, 0xA1F4, 0xA1F4, 0xA1F4,
        0xA1F4, 0xA1F4, 0xA1F4, 0xA1F4, 0xA1F4, 0xE145, 0xE145, 0xE145, 0xE145, 0xE145, 0xE145, 0xE145,
        0xCC65, 0xCC65, 0xCC65, 0xCC65, 0xCC65, 0xCC65, 0xCC65, 0xCC65, 0xCC65, 0xFFFF, 0xFFFF, 0xFFFF,
        0xFFFF, 0xFFFF, 0xFFFF, 0xFFFF, 0x5E47, 0x5E47, 0x5E47, 0x5E47, 0x5E47, 0x5E47, 0x5E47, 0x5E47,
        0x5E47, 0x2A9C, 0x2A9C, 0x2A9C, 0xFF20, 0xFF20, 0xFF20, 0xFF20, 0xFF20, 0xFF20, 0xFF20, 0xFF20,
        0xFF20, 0xFF20, 0xFF20, 0xFF20, 0xFF20, 0xFF20, 0xFF20, 0xFF20, 0xFF20, 0xFF20, 0xFF20, 0xFF20,
        0xFF20, 0xFF20, 0xFF20, 0xFF20, 0xFF20, 0xFF20, 0xFF20, 0xFF20, 0xFF20, 0xFF20, 0xFF20, 0xFF20,
        0xFF20, 0xFF20, 0xFF20, 0xFF20, 0xFF20, 0xFF20, 0xFF20, 0xFF20, 0xFF20, 0xFF20, 0xFF20, 0xFF20,
        0xFF20, 0xFF20, 0xFF20, 0xFF20, 0xFF20, 0xFF20, 0xFF20, 0xFF20, 0xFF20, 0xFF20, 0xFF20, 0xFF20,
        0xFF20, 0xFF20, 0xFF20, 0xFF20, 0xFF20, 0xFF20, 0xFF20, 0xFF20, 0x1991, 0x1991, 0x1991, 0x1991,
        0x230C, 0x230C, 0x230C, 0x230C, 0x230C, 0x230C, 0x230C, 0x230C, 0x230C, 0x1082, 0x1082, 0x1082,
        0x1082, 0x1082, 0x1082, 0x1082, 0x612C, 0x612C, 0x612C, 0x612C, 0x612C, 0x612C, 0x612C, 0x612C,
        0x612C, 0x88C3, 0x88C3, 0x88C3, 0x88C3, 0x88C3, 0x88C3, 0x88C3, 0x7AA3, 0x7AA3, 0x7AA3, 0x7AA3,
        0x7AA3, 0x7AA3, 0x7AA3, 0x7AA3, 0x7AA3, 0x9CF3, 0x9CF3, 0x9CF3, 0x9CF3, 0x9CF3, 0x9CF3, 0x9CF3,
        0x33C4, 0x33C4, 0x33C4, 0x33C4, 0x33C4, 0x33C4, 0x33C4, 0x33C4, 0x33C4, 0x1991, 0x1991, 0x1991,
        0x19B3, 0x19B3, 0x19B3, 0x19B3, 0x2B6D, 0x2B6D, 0x2B6D, 0x2B6D, 0x2B6D, 0x2B6D, 0x2B6D, 0x2B6D,
        0x2B6D, 0x10A2, 0x10A2, 0x10A2, 0x10A2, 0x10A2, 0x10A2, 0x10A2, 0x694D, 0x694D, 0x694D, 0x694D,
        0x694D, 0x694D, 0x694D, 0x694D, 0x694D, 0x98C3, 0x98C3, 0x98C3, 0x98C3, 0x98C3, 0x98C3, 0x98C3,
        0x82E3, 0x82E3, 0x82E3, 0x82E3, 0x82E3, 0x82E3, 0x82E3, 0x82E3, 0x82E3, 0xAD75, 0xAD75, 0xAD75,
        0xAD75, 0xAD75, 0xAD75, 0xAD75, 0x3C25, 0x3C25, 0x3C25, 0x3C25, 0x3C25, 0x3C25, 0x3C25, 0x3C25,
        0x3C25, 0x19B3, 0x19B3, 0x19B3, 0x19D5, 0x19D5, 0x19D5, 0x19D5, 0x2BAE, 0x2BAE, 0x2BAE, 0x2BAE,
        0x2BAE, 0x2BAE, 0x2BAE, 0x2BAE, 0x2BAE, 0x10A2, 0x10A2, 0x10A2, 0x10A2, 0x10A2, 0x10A2, 0x10A2,
        0x716E, 0x716E, 0x716E, 0x716E, 0x716E, 0x716E, 0x716E, 0x716E, 0x716E, 0xA8E3, 0xA8E3, 0xA8E3,
        0xA8E3, 0xA8E3, 0xA8E3, 0xA8E3, 0x9343, 0x9343, 0x9343, 0x9343, 0x9343, 0x9343, 0x9343, 0x9343,
        0x9343, 0xBDF7, 0xBDF7, 0xBDF7, 0xBDF7, 0xBDF7, 0xBDF7, 0xBDF7, 0x44A5, 0x44A5, 0x44A5, 0x44A5,
        0x44A5, 0x44A5, 0x44A5, 0x44A5, 0x44A5, 0x19D5, 0x19D5, 0x19D5, 0x2217, 0x2217, 0x2217, 0x2217,
        0x3410, 0x3410, 0x3410, 0x3410, 0x3410, 0x3410, 0x3410, 0x3410, 0x3410, 0x18C3, 0x18C3, 0x18C3,
        0x18C3, 0x18C3, 0x18C3, 0x18C3, 0x8190, 0x8190, 0x8190, 0x8190, 0x8190, 0x8190, 0x8190, 0x8190,
        0x8190, 0xB904, 0xB904, 0xB904, 0xB904, 0xB904, 0xB904, 0xB904, 0xA384, 0xA384, 0xA384, 0xA384,
        0xA384, 0xA384, 0xA384, 0xA384, 0xA384, 0xCE79, 0xCE79, 0xCE79, 0xCE79, 0xCE79, 0xCE79, 0xCE79,
        0x4D06, 0x4D06, 0x4D06, 0x4D06, 0x4D06, 0x4D06, 0x4D06, 0x4D06, 0x4D06, 0x2217, 0x2217, 0x2217,
        0x2239, 0x2239, 0x2239, 0x2239, 0x3451, 0x3451, 0x3451, 0x3451, 0x3451, 0x3451, 0x3451, 0x3451,
        0x3451, 0x18C3, 0x18C3, 0x18C3, 0x18C3, 0x18C3, 0x18C3, 0x18C3, 0x89B1, 0x89B1, 0x89B1, 0x89B1,
        0x89B1, 0x89B1, 0x89B1, 0x89B1, 0x89B1, 0xC904, 0xC904, 0xC904, 0xC904, 0xC904, 0xC904, 0xC904,
        0xABC4, 0xABC4, 0xABC4, 0xABC4, 0xABC4, 0xABC4, 0xABC4, 0xABC4, 0xABC4, 0xDEFB, 0xDEFB, 0xDEFB,
        0xDEFB, 0xDEFB, 0xDEFB, 0xDEFB, 0x4D66, 0x4D66, 0x4D66, 0x4D66, 0x4D66, 0x4D66, 0x4D66, 0x4D66,
        0x4D66, 0x2239, 0x2239, 0x2239, 0x225A, 0x225A, 0x225A, 0x225A, 0x3CB2, 0x3CB2, 0x3CB2, 0x3CB2,
        0x3CB2, 0x3CB2, 0x3CB2, 0x3CB2, 0x3CB2, 0x18E3, 0x18E3, 0x18E3, 0x18E3, 0x18E3, 0x18E3, 0x18E3,
        0x91D2, 0x91D2, 0x91D2, 0x91D2, 0x91D2, 0x91D2, 0x91D2, 0x91D2, 0x91D2, 0xD124, 0xD124, 0xD124,
        0xD124, 0xD124, 0xD124, 0xD124, 0xBC04, 0xBC04, 0xBC04, 0xBC04, 0xBC04, 0xBC04, 0xBC04, 0xBC04,
        0xBC04, 0xEF7D, 0xEF7D, 0xEF7D, 0xEF7D, 0xEF7D, 0xEF7D, 0xEF7D, 0x55C7, 0x55C7, 0x55C7, 0x55C7,
        0x55C7, 0x55C7, 0x55C7, 0x55C7, 0x55C7, 0x225A, 0x225A, 0x225A, 0x2A9C, 0x2A9C, 0x2A9C, 0x2A9C,
        0x3D14, 0x3D14, 0x3D14, 0x3D14, 0x3D14, 0x3D14, 0x3D14, 0x3D14, 0x3D14, 0x18E3, 0x18E3, 0x18E3,
        0x18E3, 0x18E3, 0x18E3, 0x18E3, 0xA1F4, 0xA1F4, 0xA1F4, 0xA1F4, 0xA1F4, 0xA1F4, 0xA1F4, 0xA1F4,
        0xA1F4, 0xE145, 0xE145, 0xE145, 0xE145, 0xE145, 0xE145, 0xE145, 0xCC65, 0xCC65, 0xCC65, 0xCC65,
        0xCC65, 0xCC65, 0xCC65, 0xCC65, 0xCC65, 0xFFFF, 0xFFFF, 0xFFFF, 0xFFFF, 0xFFFF, 0xFFFF, 0xFFFF,
        0x5E47, 0x5E47, 0x5E47, 0x5E47, 0x5E47, 0x5E47, 0x5E47, 0x5E47, 0x5E47, 0x2A9C, 0x2A9C, 0x2A9C,
        0x116F, 0x116F, 0x116F, 0x116F, 0x22CB, 0x22CB, 0x22CB, 0x22CB, 0x22CB, 0x22CB, 0x22CB, 0x22CB,
        0x22CB, 0x1082, 0x1082, 0x1082, 0x1082, 0x1082, 0x1082, 0x1082, 0x590B, 0x590B, 0x590B, 0x590B,
        0x590B, 0x590B, 0x590B, 0x590B, 0x590B, 0x78A2, 0x78A2, 0x78A2, 0x78A2, 0x78A2, 0x78A2, 0x78A2,
        0x6A62, 0x6A62, 0x6A62, 0x6A62, 0x6A62, 0x6A62, 0x6A62, 0x6A62, 0x6A62, 0x8C71, 0x8C71, 0x8C71,
        0x8C71, 0x8C71, 0x8C71, 0x8C71, 0x3364, 0x3364, 0x3364, 0x3364, 0x3364, 0x3364, 0x3364, 0x3364,
        0x3364, 0x116F, 0x116F, 0x116F, 0x1991, 0x1991, 0x1991, 0x1991, 0x230C, 0x230C, 0x230C, 0x230C,
        0x230C, 0x230C, 0x230C, 0x230C, 0x230C, 0x1082, 0x1082, 0x1082, 0x1082, 0x1082, 0x1082, 0x1082,
        0x612C, 0x612C, 0x612C, 0x612C, 0x612C, 0x612C, 0x612C, 0x612C, 0x612C, 0x88C3, 0x88C3, 0x88C3,
        0x88C3, 0x88C3, 0x88C3, 0x88C3, 0x7AA3, 0x7AA3, 0x7AA3, 0x7AA3, 0x7AA3, 0x7AA3, 0x7AA3, 0x7AA3,
        0x7AA3, 0x9CF3, 0x9CF3, 0x9CF3, 0x9CF3, 0x9CF3, 0x9CF3, 0x9CF3, 0x33C4, 0x33C4, 0x33C4, 0x33C4,
        0x33C4, 0x33C4, 0x33C4, 0x33C4, 0x33C4, 0x1991, 0x1991, 0x1991, 0x19B3, 0x19B3, 0x19B3, 0x19B3,
        0x2B6D, 0x2B6D, 0x2B6D, 0x2B6D, 0x2B6D, 0x2B6D, 0x2B6D, 0x2B6D, 0x2B6D, 0x10A2, 0x10A2, 0x10A2,
        0x10A2, 0x10A2, 0x10A2, 0x10A2, 0x694D, 0x694D, 0x694D, 0x694D, 0x694D, 0x694D, 0x694D, 0x694D,
        0x694D, 0x98C3, 0x98C3, 0x98C3, 0x98C3, 0x98C3, 0x98C3, 0x98C3, 0x82E3, 0x82E3, 0x82E3, 0x82E3,
        0x82E3, 0x82E3, 0x82E3, 0x82E3, 0x82E3, 0xAD75, 0xAD75, 0xAD75, 0xAD75, 0xAD75, 0xAD75, 0xAD75,
        0x3C25, 0x3C25, 0x3C25, 0x3C25, 0x3C25, 0x3C25, 0x3C25, 0x3C25, 0x3C25, 0x19B3, 0x19B3, 0x19B3,
        0x19D5, 0x19D5, 0x19D5, 0x19D5, 0x2BAE, 0x2BAE, 0x2BAE, 0x2BAE, 0x2BAE, 0x2BAE, 0x2BAE, 0x2BAE,
        0x2BAE, 0x10A2, 0x10A2, 0x10A2, 0x10A2, 0x10A2, 0x10A2, 0x10A2, 0x716E, 0x716E, 0x716E, 0x716E,
        0x716E, 0x716E, 0x716E, 0x716E, 0x716E, 0xA8E3, 0xA8E3, 0xA8E3, 0xA8E3, 0xA8E3, 0xA8E3, 0xA8E3,
        0x9343, 0x9343, 0x9343, 0x9343, 0x9343, 0x9343, 0x9343, 0x9343, 0x9343, 0xBDF7, 0xBDF7, 0xBDF7,
        0xBDF7, 0xBDF7, 0xBDF7, 0xBDF7, 0x44A5, 0x44A5, 0x44A5, 0x44A5, 0x44A5, 0x44A5, 0x44A5, 0x44A5,
        0x44A5, 0x19D5, 0x19D5, 0x19D5, 0x2217, 0x2217, 0x2217, 0x2217, 0x3410, 0x3410, 0x3410, 0x3410,
        0x3410, 0x3410, 0x3410, 0x3410, 0x3410, 0x18C3, 0x18C3, 0x18C3, 0x18C3, 0x18C3, 0x18C3, 0x18C3,
        0x8190, 0x8190, 0x8190, 0x8190, 0x8190, 0x8190, 0x8190, 0x8190, 0x8190, 0xB904, 0xB904, 0xB904,
        0xB904, 0xB904, 0xB904, 0xB904, 0xA384, 0xA384, 0xA384, 0xA384, 0xA384, 0xA384, 0xA384, 0xA384,
        0xA384, 0xCE79, 0xCE79, 0xCE79, 0xCE79, 0xCE79, 0xCE79, 0xCE79, 0x4D06, 0x4D06, 0x4D06, 0x4D06,
        0x4D06, 0x4D06, 0x4D06, 0x4D06, 0x4D06, 0x2217, 0x2217, 0x2217, 0x2239, 0x2239, 0x2239, 0x2239,
        0x3451, 0x3451, 0x3451, 0x3451, 0x3451, 0x3451, 0x3451, 0x3451, 0x3451, 0x18C3, 0x18C3, 0x18C3,
        0x18C3, 0x18C3, 0x18C3, 0x18C3, 0x89B1, 0x89B1, 0x89B1, 0x89B1, 0x89B1, 0x89B1, 0x89B1, 0x89B1,
        0x89B1, 0xC904, 0xC904, 0xC904, 0xC904, 0xC904, 0xC904, 0xC904, 0xABC4, 0xABC4, 0xABC4, 0xABC4,
        0xABC4, 0xABC4, 0xABC4, 0xABC4, 0xABC4, 0xDEFB, 0xDEFB, 0xDEFB, 0xDEFB, 0xDEFB, 0xDEFB, 0xDEFB,
        0x4D66, 0x4D66, 0x4D66, 0x4D66, 0x4D66, 0x4D66, 0x4D66, 0x4D66, 0x4D66, 0x2239, 0x2239, 0x2239,
        0x225A, 0x225A, 0x225A, 0x225A, 0x3CB2, 0x3CB2, 0x3CB2, 0x3CB2, 0x3CB2, 0x3CB2, 0x3CB2, 0x3CB2,
        0x3CB2, 0x18E3, 0x18E3, 0x18E3, 0x18E3, 0x18E3, 0x18E3, 0x18E3, 0x91D2, 0x91D2, 0x91D2, 0x91D2,
        0x91D2, 0x91D2, 0x91D2, 0x91D2, 0x91D2, 0xD124, 0xD124, 0xD124, 0xD124, 0xD124, 0xD124, 0xD124,
        0xBC04, 0xBC04, 0xBC04, 0xBC04, 0xBC04, 0xBC04, 0xBC04, 0xBC04, 0xBC04, 0xEF7D, 0xEF7D, 0xEF7D,
        0xEF7D, 0xEF7D, 0xEF7D, 0xEF7D, 0x55C7, 0x55C7, 0x55C7, 0x55C7, 0x55C7, 0x55C7, 0x55C7, 0x55C7,
        0x55C7, 0x225A, 0x225A, 0x225A, 0x2A9C, 0x2A9C, 0x2A9C, 0x2A9C, 0x3D14, 0x3D14, 0x3D14, 0x3D14,
        0x3D14, 0x3D14, 0x3D14, 0x3D14, 0x3D14, 0x18E3, 0x18E3, 0x18E3, 0x18E3, 0x18E3, 0x18E3, 0x18E3,
        0xA1F4, 0xA1F4, 0xA1F4, 0xA1F4, 0xA1F4, 0xA1F4, 0xA1F4, 0xA1F4, 0xA1F4, 0xE145, 0xE145, 0xE145,
        0xE145, 0xE145, 0xE145, 0xE145, 0xCC65, 0xCC65, 0xCC65, 0xCC65, 0xCC65, 0xCC65, 0xCC65, 0xCC65,
        0xCC65, 0xFFFF, 0xFFFF, 0xFFFF, 0xFFFF, 0xFFFF, 0xFFFF, 0xFFFF, 0x5E47, 0x5E47, 0x5E47, 0x5E47,
        0x5E47, 0x5E47, 0x5E47, 0x5E47, 0x5E47, 0x2A9C, 0x2A9C, 0x2A9C, 0xFF20, 0xFF20, 0xFF20, 0xFF20,
        0xFF20, 0xFF20, 0xFF20, 0xFF20, 0xFF20, 0xFF20, 0xFF20, 0xFF20, 0xFF20, 0xFF20, 0xFF20, 0xFF20,
        0xFF20, 0xFF20, 0xFF20, 0xFF20, 0xFF20, 0xFF20, 0xFF20, 0xFF20, 0xFF20, 0xFF20, 0xFF20, 0xFF20,
        0xFF20, 0xFF20, 0xFF20, 0xFF20, 0xFF20, 0xFF20, 0xFF20, 0xFF20, 0xFF20, 0xFF20, 0xFF20, 0xFF20,
        0xFF20, 0xFF20, 0xFF20, 0xFF20, 0xFF20, 0xFF20, 0xFF20, 0xFF20, 0xFF20, 0xFF20, 0xFF20, 0xFF20,
        0xFF20, 0xFF20, 0xFF20, 0xFF20, 0xFF20, 0xFF20, 0xFF20, 0xFF20, 0xFF20, 0xFF20, 0xFF20, 0xFF20,
        0x1991, 0x1991, 0x1991, 0x1991, 0x230C, 0x230C, 0x230C, 0x230C, 0x230C, 0x230C, 0x230C, 0x230C,
        0x230C, 0x1082, 0x1082, 0x1082, 0x1082, 0x1082, 0x1082, 0x1082, 0x612C, 0x612C, 0x612C, 0x612C,
        0x612C, 0x612C, 0x612C, 0x612C, 0x612C, 0x88C3, 0x88C3, 0x88C3, 0x88C3, 0x88C3, 0x88C3, 0x88C3,
        0x7AA3, 0x7AA3, 0x7AA3, 0x7AA3, 0x7AA3, 0x7AA3, 0x7AA3, 0x7AA3, 0x7AA3, 0x9CF3, 0x9CF3, 0x9CF3,
        0x9CF3, 0x9CF3, 0x9CF3, 0x9CF3, 0x33C4, 0x33C4, 0x33C4, 0x33C4, 0x33C4, 0x33C4, 0x33C4, 0x33C4,
        0x33C4, 0x1991, 0x1991, 0x1991, 0x19B3, 0x19B3, 0x19B3, 0x19B3, 0x2B6D, 0x2B6D, 0x2B6D, 0x2B6D,
        0x2B6D, 0x2B6D, 0x2B6D, 0x2B6D, 0x2B6D, 0x10A2, 0x10A2, 0x10A2, 0x10A2, 0x10A2, 0x10A2, 0x10A2,
        0x694D, 0x694D, 0x694D, 0x694D, 0x694D, 0x694D, 0x694D, 0x694D, 0x694D, 0x98C3, 0x98C3, 0x98C3,
        0x98C3, 0x98C3, 0x98C3, 0x98C3, 0x82E3, 0x82E3, 0x82E3, 0x82E3, 0x82E3, 0x82E3, 0x82E3, 0x82E3,
        0x82E3, 0xAD75, 0xAD75, 0xAD75, 0xAD75, 0xAD75, 0xAD75, 0xAD75, 0x3C25, 0x3C25, 0x3C25, 0x3C25,
        0x3C25, 0x3C25, 0x3C25, 0x3C25, 0x3C25, 0x19B3, 0x19B3, 0x19B3, 0x19D5, 0x19D5, 0x19D5, 0x19D5,
        0x2BAE, 0x2BAE, 0x2BAE, 0x2BAE, 0x2BAE, 0x2BAE, 0x2BAE, 0x2BAE, 0x2BAE, 0x10A2, 0x10A2, 0x10A2,
        0x10A2, 0x10A2, 0x10A2, 0x10A2, 0x716E, 0x716E, 0x716E, 0x716E, 0x716E, 0x716E, 0x716E, 0x716E,
        0x716E, 0xA8E3, 0xA8E3, 0xA8E3, 0xA8E3, 0xA8E3, 0xA8E3, 0xA8E3, 0x9343, 0x9343, 0x9343, 0x9343,
        0x9343, 0x9343, 0x9343, 0x9343, 0x9343, 0xBDF7, 0xBDF7, 0xBDF7, 0xBDF7, 0xBDF7, 0xBDF7, 0xBDF7,
        0x44A5, 0x44A5, 0x44A5, 0x44A5, 0x44A5, 0x44A5, 0x44A5, 0x44A5, 0x44A5, 0x19D5, 0x19D5, 0x19D5,
        0x2217, 0x2217, 0x2217, 0x2217, 0x3410, 0x3410, 0x3410, 0x3410, 0x3410, 0x3410, 0x3410, 0x3410,
        0x3410, 0x18C3, 0x18C3, 0x18C3, 0x18C3, 0x18C3, 0x18C3, 0x18C3, 0x8190, 0x8190, 0x8190, 0x8190,
        0x8190, 0x8190, 0x8190, 0x8190, 0x8190, 0xB904, 0xB904, 0xB904, 0xB904, 0xB904, 0xB904, 0xB904,
        0xA384, 0xA384, 0xA384, 0xA384, 0xA384, 0xA384, 0xA384, 0xA384, 0xA384, 0xCE79, 0xCE79, 0xCE79,
        0xCE79, 0xCE79, 0xCE79, 0xCE79, 0x4D06, 0x4D06, 0x4D06, 0x4D06, 0x4D06, 0x4D06, 0x4D06, 0x4D06,
        0x4D06, 0x2217, 0x2217, 0x2217, 0x2239, 0x2239, 0x2239, 0x2239, 0x3451, 0x3451, 0x3451, 0x3451,
        0x3451, 0x3451, 0x3451, 0x3451, 0x3451, 0x18C3, 0x18C3, 0x18C3, 0x18C3, 0x18C3, 0x18C3, 0x18C3,
        0x89B1, 0x89B1, 0x89B1, 0x89B1, 0x89B1, 0x89B1, 0x89B1, 0x89B1, 0x89B1, 0xC904, 0xC904, 0xC904,
        0xC904, 0xC904, 0xC904, 0xC904, 0xABC4, 0xABC4, 0xABC4, 0xABC4, 0xABC4, 0xABC4, 0xABC4, 0xABC4,
        0xABC4, 0xDEFB, 0xDEFB, 0xDEFB, 0xDEFB, 0xDEFB, 0xDEFB, 0xDEFB, 0x4D66, 0x4D66, 0x4D66, 0x4D66,
        0x4D66, 0x4D66, 0x4D66, 0x4D66, 0x4D66, 0x2239, 0x2239, 0x2239, 0x225A, 0x225A, 0x225A, 0x225A,
        0x3CB2, 0x3CB2, 0x3CB2, 0x3CB2, 0x3CB2, 0x3CB2, 0x3CB2, 0x3CB2, 0x3CB2, 0x18E3, 0x18E3, 0x18E3,
        0x18E3, 0x18E3, 0x18E3, 0x18E3, 0x91D2, 0x91D2, 0x91D2, 0x91D2, 0x91D2, 0x91D2, 0x91D2, 0x91D2,
        0x91D2, 0xD124, 0xD124, 0xD124, 0xD124, 0xD124, 0xD124, 0xD124, 0xBC04, 0xBC04, 0xBC04, 0xBC04,
        0xBC04, 0xBC04, 0xBC04, 0xBC04, 0xBC04, 0xEF7D, 0xEF7D, 0xEF7D, 0xEF7D, 0xEF7D, 0xEF7D, 0xEF7D,
        0x55C7, 0x55C7, 0x55C7, 0x55C7, 0x55C7, 0x55C7, 0x55C7, 0x55C7, 0x55C7, 0x225A, 0x225A, 0x225A,
        0x2A9C, 0x2A9C, 0x2A9C, 0x2A9C, 0x3D14, 0x3D14, 0x3D14, 0x3D14, 0x3D14, 0x3D14, 0x3D14, 0x3D14,
        0x3D14, 0x18E3, 0x18E3, 0x18E3, 0x18E3, 0x18E3, 0x18E3, 0x18E3, 0xA1F4, 0xA1F4, 0xA1F4, 0xA1F4,
        0xA1F4, 0xA1F4, 0xA1F4, 0xA1F4, 0xA1F4, 0xE145, 0xE145, 0xE145, 0xE145, 0xE145, 0xE145, 0xE145,
        0xCC65, 0xCC65, 0xCC65, 0xCC65, 0xCC65, 0xCC65, 0xCC65, 0xCC65, 0xCC65, 0xFFFF, 0xFFFF, 0xFFFF,
        0xFFFF, 0xFFFF, 0xFFFF, 0xFFFF, 0x5E47, 0x5E47, 0x5E47, 0x5E47, 0x5E47, 0x5E47, 0x5E47, 0x5E47,
        0x5E47, 0x2A9C, 0x2A9C, 0x2A9C, 0x116F, 0x116F, 0x116F, 0x116F, 0x22CB, 0x22CB, 0x22CB, 0x22CB,
        0x22CB, 0x22CB, 0x22CB, 0x22CB, 0x22CB, 0x1082, 0x1082, 0x1082, 0x1082, 0x1082, 0x1082, 0x1082,
        0x590B, 0x590B, 0x590B, 0x590B, 0x590B, 0x590B, 0x590B, 0x590B, 0x590B, 0x78A2, 0x78A2, 0x78A2,
        0x78A2, 0x78A2, 0x78A2, 0x78A2, 0x6A62, 0x6A62, 0x6A62, 0x6A62, 0x6A62, 0x6A62, 0x6A62, 0x6A62,
        0x6A62, 0x8C71, 0x8C71, 0x8C71, 0x8C71, 0x8C71, 0x8C71, 0x8C71, 0x3364, 0x3364, 0x3364, 0x3364,
        0x3364, 0x3364, 0x3364, 0x3364, 0x3364, 0x116F, 0x116F, 0x116F, 0x1991, 0x1991, 0x1991, 0x1991,
        0x230C, 0x230C, 0x230C, 0x230C, 0x230C, 0x230C, 0x230C, 0x230C, 0x230C, 0x1082, 0x1082, 0x1082,
        0x1082, 0x1082, 0x1082, 0x1082, 0x612C, 0x612C, 0x612C, 0x612C, 0x612C, 0x612C, 0x612C, 0x612C,
        0x612C, 0x88C3, 0x88C3, 0x88C3, 0x88C3, 0x88C3, 0x88C3, 0x88C3, 0x7AA3, 0x7AA3, 0x7AA3, 0x7AA3,
        0x7AA3, 0x7AA3, 0x7AA3, 0x7AA3, 0x7AA3, 0x9CF3, 0x9CF3, 0x9CF3, 0x9CF3, 0x9CF3, 0x9CF3, 0x9CF3,
        0x33C4, 0x33C4, 0x33C4, 0x33C4, 0x33C4, 0x33C4, 0x33C4, 0x33C4, 0x33C4, 0x1991, 0x1991, 0x1991,
        0x19B3, 0x19B3, 0x19B3, 0x19B3, 0x2B6D, 0x2B6D, 0x2B6D, 0x2B6D, 0x2B6D, 0x2B6D, 0x2B6D, 0x2B6D,
        0x2B6D, 0x10A2, 0x10A2, 0x10A2, 0x10A2, 0x10A2, 0x10A2, 0x10A2, 0x694D, 0x694D, 0x694D, 0x694D,
        0x694D, 0x694D, 0x694D, 0x694D, 0x694D, 0x98C3, 0x98C3, 0x98C3, 0x98C3, 0x98C3, 0x98C3, 0x98C3,
        0x82E3, 0x82E3, 0x82E3, 0x82E3, 0x82E3, 0x82E3, 0x82E3, 0x82E3, 0x82E3, 0xAD75, 0xAD75, 0xAD75,
        0xAD75, 0xAD75, 0xAD75, 0xAD75, 0x3C25, 0x3C25, 0x3C25, 0x3C25, 0x3C25, 0x3C25, 0x3C25, 0x3C25,
        0x3C25, 0x19B3, 0x19B3, 0x19B3, 0x19D5, 0x19D5, 0x19D5, 0x19D5, 0x2BAE, 0x2BAE, 0x2BAE, 0x2BAE,
        0x2BAE, 0x2BAE, 0x2BAE, 0x2BAE, 0x2BAE, 0x10A2, 0x10A2, 0x10A2, 0x10A2, 0x10A2, 0x10A2, 0x10A2,
        0x716E, 0x716E, 0x716E, 0x716E, 0x716E, 0x716E, 0x716E, 0x716E, 0x716E, 0xA8E3, 0xA8E3, 0xA8E3,
        0xA8E3, 0xA8E3, 0xA8E3, 0xA8E3, 0x9343, 0x9343, 0x9343, 0x9343, 0x9343, 0x9343, 0x9343, 0x9343,
        0x9343, 0xBDF7, 0xBDF7, 0xBDF7, 0xBDF7, 0xBDF7, 0xBDF7, 0xBDF7, 0x44A5, 0x44A5, 0x44A5, 0x44A5,
        0x44A5, 0x44A5, 0x44A5, 0x44A5, 0x44A5, 0x19D5, 0x19D5, 0x19D5, 0x2217, 0x2217, 0x2217, 0x2217,
        0x3410, 0x3410, 0x3410, 0x3410, 0x3410, 0x3410, 0x3410, 0x3410, 0x3410, 0x18C3, 0x18C3, 0x18C3,
        0x18C3, 0x18C3, 0x18C3, 0x18C3, 0x8190, 0x8190, 0x8190, 0x8190, 0x8190, 0x8190, 0x8190, 0x8190,
        0x8190, 0xB904, 0xB904, 0xB904, 0xB904, 0xB904, 0xB904, 0xB904, 0xA384, 0xA384, 0xA384, 0xA384,
        0xA384, 0xA384, 0xA384, 0xA384, 0xA384, 0xCE79, 0xCE79, 0xCE79, 0xCE79, 0xCE79, 0xCE79, 0xCE79,
        0x4D06, 0x4D06, 0x4D06, 0x4D06, 0x4D06, 0x4D06, 0x4D06, 0x4D06, 0x4D06, 0x2217, 0x2217, 0x2217,
        0x2239, 0x2239, 0x2239, 0x2239, 0x3451, 0x3451, 0x3451, 0x3451, 0x3451, 0x3451, 0x3451, 0x3451,
        0x3451, 0x18C3, 0x18C3, 0x18C3, 0x18C3, 0x18C3, 0x18C3, 0x18C3, 0x89B1, 0x89B1, 0x89B1, 0x89B1,
        0x89B1, 0x89B1, 0x89B1, 0x89B1, 0x89B1, 0xC904, 0xC904, 0xC904, 0xC904, 0xC904, 0xC904, 0xC904,
        0xABC4, 0xABC4, 0xABC4, 0xABC4, 0xABC4, 0xABC4, 0xABC4, 0xABC4, 0xABC4, 0xDEFB, 0xDEFB, 0xDEFB,
        0xDEFB, 0xDEFB, 0xDEFB, 0xDEFB, 0x4D66, 0x4D66, 0x4D66, 0x4D66, 0x4D66, 0x4D66, 0x4D66, 0x4D66,
        0x4D66, 0x2239, 0x2239, 0x2239, 0x225A, 0x225A, 0x225A, 0x225A, 0x3CB2, 0x3CB2, 0x3CB2, 0x3CB2,
        0x3CB2, 0x3CB2, 0x3CB2, 0x3CB2, 0x3CB2, 0x18E3, 0x18E3, 0x18E3, 0x18E3, 0x18E3, 0x18E3, 0x18E3,
        0x91D2, 0x91D2, 0x91D2, 0x91D2, 0x91D2, 0x91D2, 0x91D2, 0x91D2, 0x91D2, 0xD124, 0xD124, 0xD124,
        0xD124, 0xD124, 0xD124, 0xD124, 0xBC04, 0xBC04, 0xBC04, 0xBC04, 0xBC04, 0xBC04, 0xBC04, 0xBC04,
        0xBC04, 0xEF7D, 0xEF7D, 0xEF7D, 0xEF7D, 0xEF7D, 0xEF7D, 0xEF7D, 0x55C7, 0x55C7, 0x55C7, 0x55C7,
        0x55C7, 0x55C7, 0x55C7, 0x55C7, 0x55C7, 0x225A, 0x225A, 0x225A, 0x2A9C, 0x2A9C, 0x2A9C, 0x2A9C,
        0x3D14, 0x3D14, 0x3D14, 0x3D14, 0x3D14, 0x3D14, 0x3D14, 0x3D14, 0x3D14, 0x18E3, 0x18E3, 0x18E3,
        0x18E3, 0x18E3, 0x18E3, 0x18E3, 0xA1F4, 0xA1F4, 0xA1F4, 0xA1F4, 0xA1F4, 0xA1F4, 0xA1F4, 0xA1F4,
        0xA1F4, 0xE145, 0xE145, 0xE145, 0xE145, 0xE145, 0xE145, 0xE145, 0xCC65, 0xCC65, 0xCC65, 0xCC65,
        0xCC65, 0xCC65, 0xCC65, 0xCC65, 0xCC65, 0xFFFF, 0xFFFF, 0xFFFF, 0xFFFF, 0xFFFF, 0xFFFF, 0xFFFF,
        0x5E47, 0x5E47, 0x5E47, 0x5E47, 0x5E47, 0x5E47, 0x5E47, 0x5E47, 0x5E47, 0x2A9C, 0x2A9C, 0x2A9C,
        0xFF20, 0xFF20, 0xFF20, 0xFF20, 0xFF20, 0xFF20, 0xFF20, 0xFF20, 0xFF20, 0xFF20, 0xFF20, 0xFF20,
        0xFF20, 0xFF20, 0xFF20, 0xFF20, 0xFF20, 0xFF20, 0xFF20, 0xFF20, 0xFF20, 0xFF20, 0xFF20, 0xFF20,
        0xFF20, 0xFF20, 0xFF20, 0xFF20, 0xFF20, 0xFF20, 0xFF20, 0xFF20, 0xFF20, 0xFF20, 0xFF20, 0xFF20,
        0xFF20, 0xFF20, 0xFF20, 0xFF20, 0xFF20, 0xFF20, 0xFF20, 0xFF20, 0xFF20, 0xFF20, 0xFF20, 0xFF20,
        0xFF20, 0xFF20, 0xFF20, 0xFF20, 0xFF20, 0xFF20, 0xFF20, 0xFF20, 0xFF20, 0xFF20, 0xFF20, 0xFF20,
        0xFF20, 0xFF20, 0xFF20, 0xFF20, 0x1991, 0x1991, 0x1991, 0x1991, 0x230C, 0x230C, 0x230C, 0x230C,
        0x230C, 0x230C, 0x230C, 0x230C, 0x230C, 0x1082, 0x1082, 0x1082, 0x1082, 0x1082, 0x1082, 0x1082,
        0x612C, 0x612C, 0x612C, 0x612C, 0x612C, 0x612C, 0x612C, 0x612C, 0x612C, 0x88C3, 0x88C3, 0x88C3,
        0x88C3, 0x88C3, 0x88C3, 0x88C3, 0x7AA3, 0x7AA3, 0x7AA3, 0x7AA3, 0x7AA3, 0x7AA3, 0x7AA3, 0x7AA3,
        0x7AA3, 0x9CF3, 0x9CF3, 0x9CF3, 0x9CF3, 0x9CF3, 0x9CF3, 0x9CF3, 0x33C4, 0x33C4, 0x33C4, 0x33C4,
        0x33C4, 0x33C4, 0x33C4, 0x33C4, 0x33C4, 0x1991, 0x1991, 0x1991, 0x19B3, 0x19B3, 0x19B3, 0x19B3,
        0x2B6D, 0x2B6D, 0x2B6D, 0x2B6D, 0x2B6D, 0x2B6D, 0x2B6D, 0x2B6D, 0x2B6D, 0x10A2, 0x10A2, 0x10A2,
        0x10A2, 0x10A2, 0x10A2, 0x10A2, 0x694D, 0x694D, 0x694D, 0x694D, 0x694D, 0x694D, 0x694D, 0x694D,
        0x694D, 0x98C3, 0x98C3, 0x98C3, 0x98C3, 0x98C3, 0x98C3, 0x98C3, 0x82E3, 0x82E3, 0x82E3, 0x82E3,
        0x82E3, 0x82E3, 0x82E3, 0x82E3, 0x82E3, 0xAD75, 0xAD75, 0xAD75, 0xAD75, 0xAD75, 0xAD75, 0xAD75,
        0x3C25, 0x3C25, 0x3C25, 0x3C25, 0x3C25, 0x3C25, 0x3C25, 0x3C25, 0x3C25, 0x19B3, 0x19B3, 0x19B3,
        0x19D5, 0x19D5, 0x19D5, 0x19D5, 0x2BAE, 0x2BAE, 0x2BAE, 0x2BAE, 0x2BAE, 0x2BAE, 0x2BAE, 0x2BAE,
        0x2BAE, 0x10A2, 0x10A2, 0x10A2, 0x10A2, 0x10A2, 0x10A2, 0x10A2, 0x716E, 0x716E, 0x716E, 0x716E,
        0x716E, 0x716E, 0x716E, 0x716E, 0x716E, 0xA8E3, 0xA8E3, 0xA8E3, 0xA8E3, 0xA8E3, 0xA8E3, 0xA8E3,
        0x9343, 0x9343, 0x9343, 0x9343, 0x9343, 0x9343, 0x9343, 0x9343, 0x9343, 0xBDF7, 0xBDF7, 0xBDF7,
        0xBDF7, 0xBDF7, 0xBDF7, 0xBDF7, 0x44A5, 0x44A5, 0x44A5, 0x44A5, 0x44A5, 0x44A5, 0x44A5, 0x44A5,
        0x44A5, 0x19D5, 0x19D5, 0x19D5, 0x2217, 0x2217, 0x2217, 0x2217, 0x3410, 0x3410, 0x3410, 0x3410,
        0x3410, 0x3410, 0x3410, 0x3410, 0x3410, 0x18C3, 0x18C3, 0x18C3, 0x18C3, 0x18C3, 0x18C3, 0x18C3,
        0x8190, 0x8190, 0x8190, 0x8190, 0x8190, 0x8190, 0x8190, 0x8190, 0x8190, 0xB904, 0xB904, 0xB904,
        0xB904, 0xB904, 0xB904, 0xB904, 0xA384, 0xA384, 0xA384, 0xA384, 0xA384, 0xA384, 0xA384, 0xA384,
        0xA384, 0xCE79, 0xCE79, 0xCE79, 0xCE79, 0xCE79, 0xCE79, 0xCE79, 0x4D06, 0x4D06, 0x4D06, 0x4D06,
        0x4D06, 0x4D06, 0x4D06, 0x4D06, 0x4D06, 0x2217, 0x2217, 0x2217, 0x2239, 0x2239, 0x2239, 0x2239,
        0x3451, 0x3451, 0x3451, 0x3451, 0x3451, 0x3451, 0x3451, 0x3451, 0x3451, 0x18C3, 0x18C3, 0x18C3,
        0x18C3, 0x18C3, 0x18C3, 0x18C3, 0x89B1, 0x89B1, 0x89B1, 0x89B1, 0x89B1, 0x89B1, 0x89B1, 0x89B1,
        0x89B1, 0xC904, 0xC904, 0xC904, 0xC904, 0xC904, 0xC904, 0xC904, 0xABC4, 0xABC4, 0xABC4, 0xABC4,
        0xABC4, 0xABC4, 0xABC4, 0xABC4, 0xABC4, 0xDEFB, 0xDEFB, 0xDEFB, 0xDEFB, 0xDEFB, 0xDEFB, 0xDEFB,
        0x4D66, 0x4D66, 0x4D66, 0x4D66, 0x4D66, 0x4D66, 0x4D66, 0x4D66, 0x4D66, 0x2239, 0x2239, 0x2239,
        0x225A, 0x225A, 0x225A, 0x225A, 0x3CB2, 0x3CB2, 0x3CB2, 0x3CB2, 0x3CB2, 0x3CB2, 0x3CB2, 0x3CB2,
        0x3CB2, 0x18E3, 0x18E3, 0x18E3, 0x18E3, 0x18E3, 0x18E3, 0x18E3, 0x91D2, 0x91D2, 0x91D2, 0x91D2,
        0x91D2, 0x91D2, 0x91D2, 0x91D2, 0x91D2, 0xD124, 0xD124, 0xD124, 0xD124, 0xD124, 0xD124, 0xD124,
        0xBC04, 0xBC04, 0xBC04, 0xBC04, 0xBC04, 0xBC04, 0xBC04, 0xBC04, 0xBC04, 0xEF7D, 0xEF7D, 0xEF7D,
        0xEF7D, 0xEF7D, 0xEF7D, 0xEF7D, 0x55C7, 0x55C7, 0x55C7, 0x55C7, 0x55C7, 0x55C7, 0x55C7, 0x55C7,
        0x55C7, 0x225A, 0x225A, 0x225A, 0x2A9C, 0x2A9C, 0x2A9C, 0x2A9C, 0x3D14, 0x3D14, 0x3D14, 0x3D14,
        0x3D14, 0x3D14, 0x3D14, 0x3D14, 0x3D14, 0x18E3, 0x18E3, 0x18E3, 0x18E3, 0x18E3, 0x18E3, 0x18E3,
        0xA1F4, 0xA1F4, 0xA1F4, 0xA1F4, 0xA1F4, 0xA1F4, 0xA1F4, 0xA1F4, 0xA1F4, 0xE145, 0xE145, 0xE145,
        0xE145, 0xE145, 0xE145, 0xE145, 0xCC65, 0xCC65, 0xCC65, 0xCC65, 0xCC65, 0xCC65, 0xCC65, 0xCC65,
        0xCC65, 0xFFFF, 0xFFFF, 0xFFFF, 0xFFFF, 0xFFFF, 0xFFFF, 0xFFFF, 0x5E47, 0x5E47, 0x5E47, 0x5E47,
        0x5E47, 0x5E47, 0x5E47, 0x5E47, 0x5E47, 0x2A9C, 0x2A9C, 0x2A9C, 0x116F, 0x116F, 0x116F, 0x116F,
        0x22CB, 0x22CB, 0x22CB, 0x22CB, 0x22CB, 0x22CB, 0x22CB, 0x22CB, 0x22CB, 0x1082, 0x1082, 0x1082,
        0x1082, 0x1082, 0x1082, 0x1082, 0x590B, 0x590B, 0x590B, 0x590B, 0x590B, 0x590B, 0x590B, 0x590B,
        0x590B, 0x78A2, 0x78A2, 0x78A2, 0x78A2, 0x78A2, 0x78A2, 0x78A2, 0x6A62, 0x6A62, 0x6A62, 0x6A62,
        0x6A62, 0x6A62, 0x6A62, 0x6A62, 0x6A62, 0x8C71, 0x8C71, 0x8C71, 0x8C71, 0x8C71, 0x8C71, 0x8C71,
        0x3364, 0x3364, 0x3364, 0x3364, 0x3364, 0x3364, 0x3364, 0x3364, 0x3364, 0x116F, 0x116F, 0x116F,
        0x1991, 0x1991, 0x1991, 0x1991, 0x230C, 0x230C, 0x230C, 0x230C, 0x230C, 0x230C, 0x230C, 0x230C,
        0x230C, 0x1082, 0x1082, 0x1082, 0x1082, 0x1082, 0x1082, 0x1082, 0x612C, 0x612C, 0x612C, 0x612C,
        0x612C, 0x612C, 0x612C, 0x612C, 0x612C, 0x88C3, 0x88C3, 0x88C3, 0x88C3, 0x88C3, 0x88C3, 0x88C3,
        0x7AA3, 0x7AA3, 0x7AA3, 0x7AA3, 0x7AA3, 0x7AA3, 0x7AA3, 0x7AA3, 0x7AA3, 0x9CF3, 0x9CF3, 0x9CF3,
        0x9CF3, 0x9CF3, 0x9CF3, 0x9CF3, 0x33C4, 0x33C4, 0x33C4, 0x33C4, 0x33C4, 0x33C4, 0x33C4, 0x33C4,
        0x33C4, 0x1991, 0x1991, 0x1991, 0x19B3, 0x19B3, 0x19B3, 0x19B3, 0x2B6D, 0x2B6D, 0x2B6D, 0x2B6D,
        0x2B6D, 0x2B6D, 0x2B6D, 0x2B6D, 0x2B6D, 0x10A2, 0x10A2, 0x10A2, 0x10A2, 0x10A2, 0x10A2, 0x10A2,
        0x694D, 0x694D, 0x694D, 0x694D, 0x694D, 0x694D, 0x694D, 0x694D, 0x694D, 0x98C3, 0x98C3, 0x98C3,
        0x98C3, 0x98C3, 0x98C3, 0x98C3, 0x82E3, 0x82E3, 0x82E3, 0x82E3, 0x82E3, 0x82E3, 0x82E3, 0x82E3,
        0x82E3, 0xAD75, 0xAD75, 0xAD75, 0xAD75, 0xAD75, 0xAD75, 0xAD75, 0x3C25, 0x3C25, 0x3C25, 0x3C25,
        0x3C25, 0x3C25, 0x3C25, 0x3C25, 0x3C25, 0x19B3, 0x19B3, 0x19B3, 0x19D5, 0x19D5, 0x19D5, 0x19D5,
        0x2BAE, 0x2BAE, 0x2BAE, 0x2BAE, 0x2BAE, 0x2BAE, 0x2BAE, 0x2BAE, 0x2BAE, 0x10A2, 0x10A2, 0x10A2,
        0x10A2, 0x10A2, 0x10A2, 0x10A2, 0x716E, 0x716E, 0x716E, 0x716E, 0x716E, 0x716E, 0x716E, 0x716E,
        0x716E, 0xA8E3, 0xA8E3, 0xA8E3, 0xA8E3, 0xA8E3, 0xA8E3, 0xA8E3, 0x9343, 0x9343, 0x9343, 0x9343,
        0x9343, 0x9343, 0x9343, 0x9343, 0x9343, 0xBDF7, 0xBDF7, 0xBDF7, 0xBDF7, 0xBDF7, 0xBDF7, 0xBDF7,
        0x44A5, 0x44A5, 0x44A5, 0x44A5, 0x44A5, 0x44A5, 0x44A5, 0x44A5, 0x44A5, 0x19D5, 0x19D5, 0x19D5,
        0x2217, 0x2217, 0x2217, 0x2217, 0x3410, 0x3410, 0x3410, 0x3410, 0x3410, 0x3410, 0x3410, 0x3410,
        0x3410, 0x18C3, 0x18C3, 0x18C3, 0x18C3, 0x18C3, 0x18C3, 0x18C3, 0x8190, 0x8190, 0x8190, 0x8190,
        0x8190, 0x8190, 0x8190, 0x8190, 0x8190, 0xB904, 0xB904, 0xB904, 0xB904, 0xB904, 0xB904, 0xB904,
        0xA384, 0xA384, 0xA384, 0xA384, 0xA384, 0xA384, 0xA384, 0xA384, 0xA384, 0xCE79, 0xCE79, 0xCE79,
        0xCE79, 0xCE79, 0xCE79, 0xCE79, 0x4D06, 0x4D06, 0x4D06, 0x4D06, 0x4D06, 0x4D06, 0x4D06, 0x4D06,
        0x4D06, 0x2217, 0x2217, 0x2217, 0x2239, 0x2239, 0x2239, 0x2239, 0x3451, 0x3451, 0x3451, 0x3451,
        0x3451, 0x3451, 0x3451, 0x3451, 0x3451, 0x18C3, 0x18C3, 0x18C3, 0x18C3, 0x18C3, 0x18C3, 0x18C3,
        0x89B1, 0x89B1, 0x89B1, 0x89B1, 0x89B1, 0x89B1, 0x89B1, 0x89B1, 0x89B1, 0xC904, 0xC904, 0xC904,
        0xC904, 0xC904, 0xC904, 0xC904, 0xABC4, 0xABC4, 0xABC4, 0xABC4, 0xABC4, 0xABC4, 0xABC4, 0xABC4,
        0xABC4, 0xDEFB, 0xDEFB, 0xDEFB, 0xDEFB, 0xDEFB, 0xDEFB, 0xDEFB, 0x4D66, 0x4D66, 0x4D66, 0x4D66,
        0x4D66, 0x4D66, 0x4D66, 0x4D66, 0x4D66, 0x2239, 0x2239, 0x2239, 0x225A, 0x225A, 0x225A, 0x225A,
        0x3CB2, 0x3CB2, 0x3CB2, 0x3CB2, 0x3CB2, 0x3CB2, 0x3CB2, 0x3CB2, 0x3CB2, 0x18E3, 0x18E3, 0x18E3,
        0x18E3, 0x18E3, 0x18E3, 0x18E3, 0x91D2, 0x91D2, 0x91D2, 0x91D2, 0x91D2, 0x91D2, 0x91D2, 0x91D2,
        0x91D2, 0xD124, 0xD124, 0xD124, 0xD124, 0xD124, 0xD124, 0xD124, 0xBC04, 0xBC04, 0xBC04, 0xBC04,
        0xBC04, 0xBC04, 0xBC04, 0xBC04, 0xBC04, 0xEF7D, 0xEF7D, 0xEF7D, 0xEF7D, 0xEF7D, 0xEF7D, 0xEF7D,
        0x55C7, 0x55C7, 0x55C7, 0x55C7, 0x55C7, 0x55C7, 0x55C7, 0x55C7, 0x55C7, 0x225A, 0x225A, 0x225A,
        0x2A9C, 0x2A9C, 0x2A9C, 0x2A9C, 0x3D14, 0x3D14, 0x3D14, 0x3D14, 0x3D14, 0x3D14, 0x3D14, 0x3D14,
        0x3D14, 0x18E3, 0x18E3, 0x18E3, 0x18E3, 0x18E3, 0x18E3, 0x18E3, 0xA1F4, 0xA1F4, 0xA1F4, 0xA1F4,
        0xA1F4, 0xA1F4, 0xA1F4, 0xA1F4, 0xA1F4, 0xE145, 0xE145, 0xE145, 0xE145, 0xE145, 0xE145, 0xE145,
        0xCC65, 0xCC65, 0xCC65, 0xCC65, 0xCC65, 0xCC65, 0xCC65, 0xCC65, 0xCC65, 0xFFFF, 0xFFFF, 0xFFFF,
        0xFFFF, 0xFFFF, 0xFFFF, 0xFFFF, 0x5E47, 0x5E47, 0x5E47, 0x5E47, 0x5E47, 0x5E47, 0x5E47, 0x5E47,
        0x5E47, 0x2A9C, 0x2A9C, 0x2A9C, 0x8C68, 0x8C68, 0x9526, 0x9526, 0x9526, 0x9526, 0x8C83, 0x8BE1,
        0x8BE1, 0x8BE1, 0xB426, 0xB426, 0xB426, 0xB426, 0xBC03, 0xC3E1, 0xC3E1, 0xC3E1, 0xBCE1, 0xBCE1,
        0xBCE1, 0xBCE1, 0xC585, 0xCE09, 0xCE09, 0xCE09, 0x9D82, 0x9D82, 0x9D82, 0x9D82, 0x94E5, 0x8C68,
        0x19D4, 0x19D4, 0x2B8E, 0x2B8E, 0x2B8E, 0x2B8E, 0x2208, 0x10A2, 0x10A2, 0x10A2, 0x714E, 0x714E,
        0x714E, 0x714E, 0x8928, 0xA0E3, 0xA0E3, 0xA0E3, 0x8B23, 0x8B23, 0x8B23, 0x8B23, 0xA46D, 0xB5B6,
        0xB5B6, 0xB5B6, 0x4465, 0x4465, 0x4465, 0x4465, 0x2B2C, 0x19D4, 0x2218, 0x2218, 0x3430, 0x3430,
        0x3430, 0x3430, 0x228A, 0x18C3, 0x18C3, 0x18C3, 0x8190, 0x8190, 0x8190, 0x8190, 0xA14A, 0xC104,
        0xC104, 0xC104, 0xABA4, 0xABA4, 0xABA4, 0xABA4, 0xBD2F, 0xD6BA, 0xD6BA, 0xD6BA, 0x4D46, 0x4D46,
        0x4D46, 0x4D46, 0x33AF, 0x2218, 0x227B, 0x227B, 0x3CD3, 0x3CD3, 0x3CD3, 0x3CD3, 0x2AEB, 0x18E3,
        0x18E3, 0x18E3, 0x99D3, 0x99D3, 0x99D3, 0x99D3, 0xB98C, 0xD924, 0xD924, 0xD924, 0xC444, 0xC444,
        0xC444, 0xC444, 0xDE11, 0xF7BE, 0xF7BE, 0xF7BE, 0x5607, 0x5607, 0x5607, 0x5607, 0x3C51, 0x227B,
        0x1170, 0x1170, 0x22EB, 0x22EB, 0x22EB, 0x22EB, 0x19A6, 0x1082, 0x1082, 0x1082, 0x590B, 0x590B,
        0x590B, 0x590B, 0x70E7, 0x80A2, 0x80A2, 0x80A2, 0x7282, 0x7282, 0x7282, 0x7282, 0x838A, 0x94B2,
        0x94B2, 0x94B2, 0x33A4, 0x33A4, 0x33A4, 0x33A4, 0x228A, 0x1170, 0x19D4, 0x19D4, 0x2B8E, 0x2B8E,
        0x2B8E, 0x2B8E, 0x2208, 0x10A2, 0x10A2, 0x10A2, 0x714E, 0x714E, 0x714E, 0x714E, 0x8928, 0xA0E3,
        0xA0E3, 0xA0E3, 0x8B23, 0x8B23, 0x8B23, 0x8B23, 0xA46D, 0xB5B6, 0xB5B6, 0xB5B6, 0x4465, 0x4465,
        0x4465, 0x4465, 0x2B2C, 0x19D4, 0x2218, 0x2218, 0x3430, 0x3430, 0x3430, 0x3430, 0x228A, 0x18C3,
        0x18C3, 0x18C3, 0x8190, 0x8190, 0x8190, 0x8190, 0xA14A, 0xC104, 0xC104, 0xC104, 0xABA4, 0xABA4,
        0xABA4, 0xABA4, 0xBD2F, 0xD6BA, 0xD6BA, 0xD6BA, 0x4D46, 0x4D46, 0x4D46, 0x4D46, 0x33AF, 0x2218,
        0x227B, 0x227B, 0x3CD3, 0x3CD3, 0x3CD3, 0x3CD3, 0x2AEB, 0x18E3, 0x18E3, 0x18E3, 0x99D3, 0x99D3,
        0x99D3, 0x99D3, 0xB98C, 0xD924, 0xD924, 0xD924, 0xC444, 0xC444, 0xC444, 0xC444, 0xDE11, 0xF7BE,
        0xF7BE, 0xF7BE, 0x5607, 0x5607, 0x5607, 0x5607, 0x3C51, 0x227B, 0x8C68, 0x8C68, 0x9526, 0x9526,
        0x9526, 0x9526, 0x8C83, 0x8BE1, 0x8BE1, 0x8BE1, 0xB426, 0xB426, 0xB426, 0xB426, 0xBC03, 0xC3E1,
        0xC3E1, 0xC3E1, 0xBCE1, 0xBCE1, 0xBCE1, 0xBCE1, 0xC585, 0xCE09, 0xCE09, 0xCE09, 0x9D82, 0x9D82,
        0x9D82, 0x9D82, 0x94E5, 0x8C68, 0x19D4, 0x19D4, 0x2B8E, 0x2B8E, 0x2B8E, 0x2B8E, 0x2208, 0x10A2,
        0x10A2, 0x10A2, 0x714E, 0x714E, 0x714E, 0x714E, 0x8928, 0xA0E3, 0xA0E3, 0xA0E3, 0x8B23, 0x8B23,
        0x8B23, 0x8B23, 0xA46D, 0xB5B6, 0xB5B6, 0xB5B6, 0x4465, 0x4465, 0x4465, 0x4465, 0x2B2C, 0x19D4,
        0x2218, 0x2218, 0x3430, 0x3430, 0x3430, 0x3430, 0x228A, 0x18C3, 0x18C3, 0x18C3, 0x8190, 0x8190,
        0x8190, 0x8190, 0xA14A, 0xC104, 0xC104, 0xC104, 0xABA4, 0xABA4, 0xABA4, 0xABA4, 0xBD2F, 0xD6BA,
        0xD6BA, 0xD6BA, 0x4D46, 0x4D46, 0x4D46, 0x4D46, 0x33AF, 0x2218, 0x227B, 0x227B, 0x3CD3, 0x3CD3,
        0x3CD3, 0x3CD3, 0x2AEB, 0x18E3, 0x18E3, 0x18E3, 0x99D3, 0x99D3, 0x99D3, 0x99D3, 0xB98C, 0xD924,
        0xD924, 0xD924, 0xC444, 0xC444, 0xC444, 0xC444, 0xDE11, 0xF7BE, 0xF7BE, 0xF7BE, 0x5607, 0x5607,
        0x5607, 0x5607, 0x3C51, 0x227B, 0x1170, 0x1170, 0x22EB, 0x22EB, 0x22EB, 0x22EB, 0x19A6, 0x1082,
        0x1082, 0x1082, 0x590B, 0x590B, 0x590B, 0x590B, 0x70E7, 0x80A2, 0x80A2, 0x80A2, 0x7282, 0x7282,
        0x7282, 0x7282, 0x838A, 0x94B2, 0x94B2, 0x94B2, 0x33A4, 0x33A4, 0x33A4, 0x33A4, 0x228A, 0x1170,
        0x19D4, 0x19D4, 0x2B8E, 0x2B8E, 0x2B8E, 0x2B8E, 0x2208, 0x10A2, 0x10A2, 0x10A2, 0x714E, 0x714E,
        0x714E, 0x714E, 0x8928, 0xA0E3, 0xA0E3, 0xA0E3, 0x8B23, 0x8B23, 0x8B23, 0x8B23, 0xA46D, 0xB5B6,
        0xB5B6, 0xB5B6, 0x4465, 0x4465, 0x4465, 0x4465, 0x2B2C, 0x19D4, 0x2218, 0x2218, 0x3430, 0x3430,
        0x3430, 0x3430, 0x228A, 0x18C3, 0x18C3, 0x18C3, 0x8190, 0x8190, 0x8190, 0x8190, 0xA14A, 0xC104,
        0xC104, 0xC104, 0xABA4, 0xABA4, 0xABA4, 0xABA4, 0xBD2F, 0xD6BA, 0xD6BA, 0xD6BA, 0x4D46, 0x4D46,
        0x4D46, 0x4D46, 0x33AF, 0x2218, 0x227B, 0x227B, 0x3CD3, 0x3CD3, 0x3CD3, 0x3CD3, 0x2AEB, 0x18E3,
        0x18E3, 0x18E3, 0x99D3, 0x99D3, 0x99D3, 0x99D3, 0xB98C, 0xD924, 0xD924, 0xD924, 0xC444, 0xC444,
        0xC444, 0xC444, 0xDE11, 0xF7BE, 0xF7BE, 0xF7BE, 0x5607, 0x5607, 0x5607, 0x5607, 0x3C51, 0x227B,
        0x8C68, 0x8C68, 0x9526, 0x9526, 0x9526, 0x9526, 0x8C83, 0x8BE1, 0x8BE1, 0x8BE1, 0xB426, 0xB426,
        0xB426, 0xB426, 0xBC03, 0xC3E1, 0xC3E1, 0xC3E1, 0xBCE1, 0xBCE1, 0xBCE1, 0xBCE1, 0xC585, 0xCE09,
        0xCE09, 0xCE09, 0x9D82, 0x9D82, 0x9D82, 0x9D82, 0x94E5, 0x8C68, 0x19D4, 0x19D4, 0x2B8E, 0x2B8E,
        0x2B8E, 0x2B8E, 0x2208, 0x10A2, 0x10A2, 0x10A2, 0x714E, 0x714E, 0x714E, 0x714E, 0x8928, 0xA0E3,
        0xA0E3, 0xA0E3, 0x8B23, 0x8B23, 0x8B23, 0x8B23, 0xA46D, 0xB5B6, 0xB5B6, 0xB5B6, 0x4465, 0x4465,
        0x4465, 0x4465, 0x2B2C, 0x19D4, 0x2218, 0x2218, 0x3430, 0x3430, 0x3430, 0x3430, 0x228A, 0x18C3,
        0x18C3, 0x18C3, 0x8190, 0x8190, 0x8190, 0x8190, 0xA14A, 0xC104, 0xC104, 0xC104, 0xABA4, 0xABA4,
        0xABA4, 0xABA4, 0xBD2F, 0xD6BA, 0xD6BA, 0xD6BA, 0x4D46, 0x4D46, 0x4D46, 0x4D46, 0x33AF, 0x2218,
        0x227B, 0x227B, 0x3CD3, 0x3CD3, 0x3CD3, 0x3CD3, 0x2AEB, 0x18E3, 0x18E3, 0x18E3, 0x99D3, 0x99D3,
        0x99D3, 0x99D3, 0xB98C, 0xD924, 0xD924, 0xD924, 0xC444, 0xC444, 0xC444, 0xC444, 0xDE11, 0xF7BE,
        0xF7BE, 0xF7BE, 0x5607, 0x5607, 0x5607, 0x5607, 0x3C51, 0x227B, 0x1170, 0x1170, 0x22EB, 0x22EB,
        0x22EB, 0x22EB, 0x19A6, 0x1082, 0x1082, 0x1082, 0x590B, 0x590B, 0x590B, 0x590B, 0x70E7, 0x80A2,
        0x80A2, 0x80A2, 0x7282, 0x7282, 0x7282, 0x7282, 0x838A, 0x94B2, 0x94B2, 0x94B2, 0x33A4, 0x33A4,
        0x33A4, 0x33A4, 0x228A, 0x1170, 0x19D4, 0x19D4, 0x2B8E, 0x2B8E, 0x2B8E, 0x2B8E, 0x2208, 0x10A2,
        0x10A2, 0x10A2, 0x714E, 0x714E, 0x714E, 0x714E, 0x8928, 0xA0E3, 0xA0E3, 0xA0E3, 0x8B23, 0x8B23,
        0x8B23, 0x8B23, 0xA46D, 0xB5B6, 0xB5B6, 0xB5B6, 0x4465, 0x4465, 0x4465, 0x4465, 0x2B2C, 0x19D4,
        0x2218, 0x2218, 0x3430, 0x3430, 0x3430, 0x3430, 0x228A, 0x18C3, 0x18C3, 0x18C3, 0x8190, 0x8190,
        0x8190, 0x8190, 0xA14A, 0xC104, 0xC104, 0xC104, 0xABA4, 0xABA4, 0xABA4, 0xABA4, 0xBD2F, 0xD6BA,
        0xD6BA, 0xD6BA, 0x4D46, 0x4D46, 0x4D46, 0x4D46, 0x33AF, 0x2218, 0x227B, 0x227B, 0x3CD3, 0x3CD3,
        0x3CD3, 0x3CD3, 0x2AEB, 0x18E3, 0x18E3, 0x18E3, 0x99D3, 0x99D3, 0x99D3, 0x99D3, 0xB98C, 0xD924,
        0xD924, 0xD924, 0xC444, 0xC444, 0xC444, 0xC444, 0xDE11, 0xF7BE, 0xF7BE, 0xF7BE, 0x5607, 0x5607,
        0x5607, 0x5607, 0x3C51, 0x227B, 0x8C68, 0x8C68, 0x9526, 0x9526, 0x9526, 0x9526, 0x8C83, 0x8BE1,
        0x8BE1, 0x8BE1, 0xB426, 0xB426, 0xB426, 0xB426, 0xBC03, 0xC3E1, 0xC3E1, 0xC3E1, 0xBCE1, 0xBCE1,
        0xBCE1, 0xBCE1, 0xC585, 0xCE09, 0xCE09, 0xCE09, 0x9D82, 0x9D82, 0x9D82, 0x9D82, 0x94E5, 0x8C68,
        0x19D4, 0x19D4, 0x2B8E, 0x2B8E, 0x2B8E, 0x2B8E, 0x2208, 0x10A2, 0x10A2, 0x10A2, 0x714E, 0x714E,
        0x714E, 0x714E, 0x8928, 0xA0E3, 0xA0E3, 0xA0E3, 0x8B23, 0x8B23, 0x8B23, 0x8B23, 0xA46D, 0xB5B6,
        0xB5B6, 0xB5B6, 0x4465, 0x4465, 0x4465, 0x4465, 0x2B2C, 0x19D4, 0x2218, 0x2218, 0x3430, 0x3430,
        0x3430, 0x3430, 0x228A, 0x18C3, 0x18C3, 0x18C3, 0x8190, 0x8190, 0x8190, 0x8190, 0xA14A, 0xC104,
        0xC104, 0xC104, 0xABA4, 0xABA4, 0xABA4, 0xABA4, 0xBD2F, 0xD6BA, 0xD6BA, 0xD6BA, 0x4D46, 0x4D46,
        0x4D46, 0x4D46, 0x33AF, 0x2218, 0x227B, 0x227B, 0x3CD3, 0x3CD3, 0x3CD3, 0x3CD3, 0x2AEB, 0x18E3,
        0x18E3, 0x18E3, 0x99D3, 0x99D3, 0x99D3, 0x99D3, 0xB98C, 0xD924, 0xD924, 0xD924, 0xC444, 0xC444,
        0xC444, 0xC444, 0xDE11, 0xF7BE, 0xF7BE, 0xF7BE, 0x5607, 0x5607, 0x5607, 0x5607, 0x3C51, 0x227B,
        0x1170, 0x1170, 0x22EB, 0x22EB, 0x22EB, 0x22EB, 0x19A6, 0x1082, 0x1082, 0x1082, 0x590B, 0x590B,
        0x590B, 0x590B, 0x70E7, 0x80A2, 0x80A2, 0x80A2, 0x7282, 0x7282, 0x7282, 0x7282, 0x838A, 0x94B2,
        0x94B2, 0x94B2, 0x33A4, 0x33A4, 0x33A4, 0x33A4, 0x228A, 0x1170, 0x19D4, 0x19D4, 0x2B8E, 0x2B8E,
        0x2B8E, 0x2B8E, 0x2208, 0x10A2, 0x10A2, 0x10A2, 0x714E, 0x714E, 0x714E, 0x714E, 0x8928, 0xA0E3,
        0xA0E3, 0xA0E3, 0x8B23, 0x8B23, 0x8B23, 0x8B23, 0xA46D, 0xB5B6, 0xB5B6, 0xB5B6, 0x4465, 0x4465,
        0x4465, 0x4465, 0x2B2C, 0x19D4, 0x2218, 0x2218, 0x3430, 0x3430, 0x3430, 0x3430, 0x228A, 0x18C3,
        0x18C3, 0x18C3, 0x8190, 0x8190, 0x8190, 0x8190, 0xA14A, 0xC104, 0xC104, 0xC104, 0xABA4, 0xABA4,
        0xABA4, 0xABA4, 0xBD2F, 0xD6BA, 0xD6BA, 0xD6BA, 0x4D46, 0x4D46, 0x4D46, 0x4D46, 0x33AF, 0x2218,
        0x227B, 0x227B, 0x3CD3, 0x3CD3, 0x3CD3, 0x3CD3, 0x2AEB, 0x18E3, 0x18E3, 0x18E3, 0x99D3, 0x99D3,
        0x99D3, 0x99D3, 0xB98C, 0xD924, 0xD924, 0xD924, 0xC444, 0xC444, 0xC444, 0xC444, 0xDE11, 0xF7BE,
        0xF7BE, 0xF7BE, 0x5607, 0x5607, 0x5607, 0x5607, 0x3C51, 0x227B, 0x530E, 0x5C4A, 0x5C4A, 0x52C4,
        0x4A41, 0x92CA, 0x92CA, 0xAA84, 0xB262, 0xA402, 0xA402, 0xBD6C, 0xC5D0, 0x6CE3, 0x6CE3, 0x5B8B,
        0x225A, 0x3492, 0x3492, 0x21C7, 0x18C3, 0x91B2, 0x91B2, 0xC147, 0xD124, 0xB3E4, 0xB3E4, 0xDE76,
        0xE73C, 0x55A6, 0x55A6, 0x2B15, 0x19B2, 0x232C, 0x232C, 0x1945, 0x1082, 0x612C, 0x612C, 0x88E5,
        0x90C3, 0x82C3, 0x82C3, 0x9C90, 0xA534, 0x3C04, 0x3C04, 0x222F, 0x225A, 0x3492, 0x3492, 0x21C7,
        0x18C3, 0x91B2, 0x91B2, 0xC147, 0xD124, 0xB3E4, 0xB3E4, 0xDE76, 0xE73C, 0x55A6, 0x55A6, 0x2B15,
        0x530E, 0x5C4A, 0x5C4A, 0x52C4, 0x4A41, 0x92CA, 0x92CA, 0xAA84, 0xB262, 0xA402, 0xA402, 0xBD6C,
        0xC5D0, 0x6CE3, 0x6CE3, 0x5B8B, 0x225A, 0x3492, 0x3492, 0x21C7, 0x18C3, 0x91B2, 0x91B2, 0xC147,
        0xD124, 0xB3E4, 0xB3E4, 0xDE76, 0xE73C, 0x55A6, 0x55A6, 0x2B15, 0x19B2, 0x232C, 0x232C, 0x1945,
        0x1082, 0x612C, 0x612C, 0x88E5, 0x90C3, 0x82C3, 0x82C3, 0x9C90, 0xA534, 0x3C04, 0x3C04, 0x222F,
        0x225A, 0x3492, 0x3492, 0x21C7, 0x18C3, 0x91B2, 0x91B2, 0xC147, 0xD124, 0xB3E4, 0xB3E4, 0xDE76,
        0xE73C, 0x55A6, 0x55A6, 0x2B15, 0x530E, 0x5C4A, 0x5C4A, 0x52C4, 0x4A41, 0x92CA, 0x92CA, 0xAA84,
        0xB262, 0xA402, 0xA402, 0xBD6C, 0xC5D0, 0x6CE3, 0x6CE3, 0x5B8B, 0x225A, 0x3492, 0x3492, 0x21C7,
        0x18C3, 0x91B2, 0x91B2, 0xC147, 0xD124, 0xB3E4, 0xB3E4, 0xDE76, 0xE73C, 0x55A6, 0x55A6, 0x2B15,
        0x19B2, 0x232C, 0x232C, 0x1945, 0x1082, 0x612C, 0x612C, 0x88E5, 0x90C3, 0x82C3, 0x82C3, 0x9C90,
        0xA534, 0x3C04, 0x3C04, 0x222F, 0x225A, 0x3492, 0x3492, 0x21C7, 0x18C3, 0x91B2, 0x91B2, 0xC147,
        0xD124, 0xB3E4, 0xB3E4, 0xDE76, 0xE73C, 0x55A6, 0x55A6, 0x2B15, 0x530E, 0x5C4A, 0x5C4A, 0x52C4,
        0x4A41, 0x92CA, 0x92CA, 0xAA84, 0xB262, 0xA402, 0xA402, 0xBD6C, 0xC5D0, 0x6CE3, 0x6CE3, 0x5B8B,
        0x225A, 0x3492, 0x3492, 0x21C7, 0x18C3, 0x91B2, 0x91B2, 0xC147, 0xD124, 0xB3E4, 0xB3E4, 0xDE76,
        0xE73C, 0x55A6, 0x55A6, 0x2B15, 0x19B2, 0x232C, 0x232C, 0x1945, 0x1082, 0x612C, 0x612C, 0x88E5,
        0x90C3, 0x82C3, 0x82C3, 0x9C90, 0xA534, 0x3C04, 0x3C04, 0x222F, 0x225A, 0x3492, 0x3492, 0x21C7,
        0x18C3, 0x91B2, 0x91B2, 0xC147, 0xD124, 0xB3E4, 0xB3E4, 0xDE76, 0xE73C, 0x55A6, 0x55A6, 0x2B15,
        0x4391, 0x4349, 0x61E8, 0xA20A, 0xBAE3, 0xBCEA, 0x9DED, 0x544A, 0x22F2, 0x22AA, 0x4909, 0x914B,
        0xA223, 0xAC6B, 0x858F, 0x33CC, 0x4391, 0x4349, 0x61E8, 0xA20A, 0xBAE3, 0xBCEA, 0x9DED, 0x544A,
        0x22F2, 0x22AA, 0x4909, 0x914B, 0xA223, 0xAC6B, 0x858F, 0x33CC, 0x4391, 0x4349, 0x61E8, 0xA20A,
        0xBAE3, 0xBCEA, 0x9DED, 0x544A, 0x22F2, 0x22AA, 0x4909, 0x914B, 0xA223, 0xAC6B, 0x858F, 0x33CC,
        0x4391, 0x4349, 0x61E8, 0xA20A, 0xBAE3, 0xBCEA, 0x9DED, 0x544A, 0x22F2, 0x22AA, 0x4909, 0x914B,
        0xA223, 0xAC6B, 0x858F, 0x33CC, 0x332E, 0x7989, 0xB3A7, 0x6CED, 0x332E, 0x7989, 0xB3A7, 0x6CED,
        0x332E, 0x7989, 0xB3A7, 0x6CED, 0x332E, 0x7989, 0xB3A7, 0x6CED, 0x524B, 0x8C4A, 0x524B, 0x8C4A,
        0x734B,
    },
    {
        0xFF20, 0xFF20, 0xFF20, 0xFF20, 0xFF20, 0xFF20, 0xFF20, 0xFF20, 0xFF20, 0xFF20, 0xFF20, 0xFF20,
        0xFF20, 0xFF20, 0xFF20, 0xFF20, 0xFF20, 0xFF20, 0xFF20, 0xFF20, 0xFF20, 0xFF20, 0xFF20, 0xFF20,
        0xFF20, 0xFF20, 0xFF20, 0xFF20, 0xFF20, 0xFF20, 0xFF20, 0xFF20, 0xFF20, 0xFF20, 0xFF20, 0xFF20,
        0xFF20, 0xFF20, 0xFF20, 0xFF20, 0xFF20, 0xFF20, 0xFF20, 0xFF20, 0xFF20, 0xFF20, 0xFF20, 0xFF20,
        0xFF20, 0xFF20, 0xFF20, 0xFF20, 0xFF20, 0xFF20, 0xFF20, 0xFF20, 0xFF20, 0xFF20, 0xFF20, 0xFF20,
        0xFF20, 0xFF20, 0xFF20, 0xFF20, 0x1991, 0x1991, 0x1991, 0x1991, 0x230C, 0x230C, 0x230C, 0x230C,
        0x230C, 0x230C, 0x230C, 0x230C, 0x230C, 0x1082, 0x1082, 0x1082, 0x1082, 0x1082, 0x1082, 0x1082,
        0x612C, 0x612C, 0x612C, 0x612C, 0x612C, 0x612C, 0x612C, 0x612C, 0x612C, 0x88C3, 0x88C3, 0x88C3,
        0x88C3, 0x88C3, 0x88C3, 0x88C3, 0x7AA3, 0x7AA3, 0x7AA3, 0x7AA3, 0x7AA3, 0x7AA3, 0x7AA3, 0x7AA3,
        0x7AA3, 0x9CF3, 0x9CF3, 0x9CF3, 0x9CF3, 0x9CF3, 0x9CF3, 0x9CF3, 0x33C4, 0x33C4, 0x33C4, 0x33C4,
        0x33C4, 0x33C4, 0x33C4, 0x33C4, 0x33C4, 0x1991, 0x1991, 0x1991, 0x19B3, 0x19B3, 0x19B3, 0x19B3,
        0x2B6D, 0x2B6D, 0x2B6D, 0x2B6D, 0x2B6D, 0x2B6D, 0x2B6D, 0x2B6D, 0x2B6D, 0x10A2, 0x10A2, 0x10A2,
        0x10A2, 0x10A2, 0x10A2, 0x10A2, 0x694D, 0x694D, 0x694D, 0x694D, 0x694D, 0x694D, 0x694D, 0x694D,
        0x694D, 0x98C3, 0x98C3, 0x98C3, 0x98C3, 0x98C3, 0x98C3, 0x98C3, 0x82E3, 0x82E3, 0x82E3, 0x82E3,
        0x82E3, 0x82E3, 0x82E3, 0x82E3, 0x82E3, 0xAD75, 0xAD75, 0xAD75, 0xAD75, 0xAD75, 0xAD75, 0xAD75,
        0x3C25, 0x3C25, 0x3C25, 0x3C25, 0x3C25, 0x3C25, 0x3C25, 0x3C25, 0x3C25, 0x19B3, 0x19B3, 0x19B3,
        0x19D5, 0x19D5, 0x19D5, 0x19D5, 0x2BAE, 0x2BAE, 0x2BAE, 0x2BAE, 0x2BAE, 0x2BAE, 0x2BAE, 0x2BAE,
        0x2BAE, 0x10A2, 0x10A2, 0x10A2, 0x10A2, 0x10A2, 0x10A2, 0x10A2, 0x716E, 0x716E, 0x716E, 0x716E,
        0x716E, 0x716E, 0x716E, 0x716E, 0x716E, 0xA8E3, 0xA8E3, 0xA8E3, 0xA8E3, 0xA8E3, 0xA8E3, 0xA8E3,
        0x9343, 0x9343, 0x9343, 0x9343, 0x9343, 0x9343, 0x9343, 0x9343, 0x9343, 0xBDF7, 0xBDF7, 0xBDF7,
        0xBDF7, 0xBDF7, 0xBDF7, 0xBDF7, 0x44A5, 0x44A5, 0x44A5, 0x44A5, 0x44A5, 0x44A5, 0x44A5, 0x44A5,
        0x44A5, 0x19D5, 0x19D5, 0x19D5, 0x2217, 0x2217, 0x2217, 0x2217, 0x3410, 0x3410, 0x3410, 0x3410,
        0x3410, 0x3410, 0x3410, 0x3410, 0x3410, 0x18C3, 0x18C3, 0x18C3, 0x18C3, 0x18C3, 0x18C3, 0x18C3,
        0x8190, 0x8190, 0x8190, 0x8190, 0x8190, 0x8190, 0x8190, 0x8190, 0x8190, 0xB904, 0xB904, 0xB904,
        0xB904, 0xB904, 0xB904, 0xB904, 0xA384, 0xA384, 0xA384, 0xA384, 0xA384, 0xA384, 0xA384, 0xA384,
        0xA384, 0xCE79, 0xCE79, 0xCE79, 0xCE79, 0xCE79, 0xCE79, 0xCE79, 0x4D06, 0x4D06, 0x4D06, 0x4D06,
        0x4D06, 0x4D06, 0x4D06, 0x4D06, 0x4D06, 0x2217, 0x2217, 0x2217, 0x2239, 0x2239, 0x2239, 0x2239,
        0x3451, 0x3451, 0x3451, 0x3451, 0x3451, 0x3451, 0x3451, 0x3451, 0x3451, 0x18C3, 0x18C3, 0x18C3,
        0x18C3, 0x18C3, 0x18C3, 0x18C3, 0x89B1, 0x89B1, 0x89B1, 0x89B1, 0x89B1, 0x89B1, 0x89B1, 0x89B1,
        0x89B1, 0xC904, 0xC904, 0xC904, 0xC904, 0xC904, 0xC904, 0xC904, 0xABC4, 0xABC4, 0xABC4, 0xABC4,
        0xABC4, 0xABC4, 0xABC4, 0xABC4, 0xABC4, 0xDEFB, 0xDEFB, 0xDEFB, 0xDEFB, 0xDEFB, 0xDEFB, 0xDEFB,
        0x4D66, 0x4D66, 0x4D66, 0x4D66, 0x4D66, 0x4D66, 0x4D66, 0x4D66, 0x4D66, 0x2239, 0x2239, 0x2239,
        0x225A, 0x225A, 0x225A, 0x225A, 0x3CB2, 0x3CB2, 0x3CB2, 0x3CB2, 0x3CB2, 0x3CB2, 0x3CB2, 0x3CB2,
        0x3CB2, 0x18E3, 0x18E3, 0x18E3, 0x18E3, 0x18E3, 0x18E3, 0x18E3, 0x91D2, 0x91D2, 0x91D2, 0x91D2,
        0x91D2, 0x91D2, 0x91D2, 0x91D2, 0x91D2, 0xD124, 0xD124, 0xD124, 0xD124, 0xD124, 0xD124, 0xD124,
        0xBC04, 0xBC04, 0xBC04, 0xBC04, 0xBC04, 0xBC04, 0xBC04, 0xBC04, 0xBC04, 0xEF7D, 0xEF7D, 0xEF7D,
        0xEF7D, 0xEF7D, 0xEF7D, 0xEF7D, 0x55C7, 0x55C7, 0x55C7, 0x55C7, 0x55C7, 0x55C7, 0x55C7, 0x55C7,
        0x55C7, 0x225A, 0x225A, 0x225A, 0x2A9C, 0x2A9C, 0x2A9C, 0x2A9C, 0x3D14, 0x3D14, 0x3D14, 0x3D14,
        0x3D14, 0x3D14, 0x3D14, 0x3D14, 0x3D14, 0x18E3, 0x18E3, 0x18E3, 0x18E3, 0x18E3, 0x18E3, 0x18E3,
        0xA1F4, 0xA1F4, 0xA1F4, 0xA1F4, 0xA1F4, 0xA1F4, 0xA1F4, 0xA1F4, 0xA1F4, 0xE145, 0xE145, 0xE145,
        0xE145, 0xE145, 0xE145, 0xE145, 0xCC65, 0xCC65, 0xCC65, 0xCC65, 0xCC65, 0xCC65, 0xCC65, 0xCC65,
        0xCC65, 0xFFFF, 0xFFFF, 0xFFFF, 0xFFFF, 0xFFFF, 0xFFFF, 0xFFFF, 0x5E47, 0x5E47, 0x5E47, 0x5E47,
        0x5E47, 0x5E47, 0x5E47, 0x5E47, 0x5E47, 0x2A9C, 0x2A9C, 0x2A9C, 0x116F, 0x116F, 0x116F, 0x116F,
        0x22CB, 0x22CB, 0x22CB, 0x22CB, 0x22CB, 0x22CB, 0x22CB, 0x22CB, 0x22CB, 0x1082, 0x1082, 0x1082,
        0x1082, 0x1082, 0x1082, 0x1082, 0x590B, 0x590B, 0x590B, 0x590B, 0x590B, 0x590B, 0x590B, 0x590B,
        0x590B, 0x78A2, 0x78A2, 0x78A2, 0x78A2, 0x78A2, 0x78A2, 0x78A2, 0x6A62, 0x6A62, 0x6A62, 0x6A62,
        0x6A62, 0x6A62, 0x6A62, 0x6A62, 0x6A62, 0x8C71, 0x8C71, 0x8C71, 0x8C71, 0x8C71, 0x8C71, 0x8C71,
        0x3364, 0x3364, 0x3364, 0x3364, 0x3364, 0x3364, 0x3364, 0x3364, 0x3364, 0x116F, 0x116F, 0x116F,
        0x1991, 0x1991, 0x1991, 0x1991, 0x230C, 0x230C, 0x230C, 0x230C, 0x230C, 0x230C, 0x230C, 0x230C,
        0x230C, 0x1082, 0x1082, 0x1082, 0x1082, 0x1082, 0x1082, 0x1082, 0x612C, 0x612C, 0x612C, 0x612C,
        0x612C, 0x612C, 0x612C, 0x612C, 0x612C, 0x88C3, 0x88C3, 0x88C3, 0x88C3, 0x88C3, 0x88C3, 0x88C3,
        0x7AA3, 0x7AA3, 0x7AA3, 0x7AA3, 0x7AA3, 0x7AA3, 0x7AA3, 0x7AA3, 0x7AA3, 0x9CF3, 0x9CF3, 0x9CF3,
        0x9CF3, 0x9CF3, 0x9CF3, 0x9CF3, 0x33C4, 0x33C4, 0x33C4, 0x33C4, 0x33C4, 0x33C4, 0x33C4, 0x33C4,
        0x33C4, 0x1991, 0x1991, 0x1991, 0x19B3, 0x19B3, 0x19B3, 0x19B3, 0x2B6D, 0x2B6D, 0x2B6D, 0x2B6D,
        0x2B6D, 0x2B6D, 0x2B6D, 0x2B6D, 0x2B6D, 0x10A2, 0x10A2, 0x10A2, 0x10A2, 0x10A2, 0x10A2, 0x10A2,
        0x694D, 0x694D, 0x694D, 0x694D, 0x694D, 0x694D, 0x694D, 0x694D, 0x694D, 0x98C3, 0x98C3, 0x98C3,
        0x98C3, 0x98C3, 0x98C3, 0x98C3, 0x82E3, 0x82E3, 0x82E3, 0x82E3, 0x82E3, 0x82E3, 0x82E3, 0x82E3,
        0x82E3, 0xAD75, 0xAD75, 0xAD75, 0xAD75, 0xAD75, 0xAD75, 0xAD75, 0x3C25, 0x3C25, 0x3C25, 0x3C25,
        0x3C25, 0x3C25, 0x3C25, 0x3C25, 0x3C25, 0x19B3, 0x19B3, 0x19B3, 0x19D5, 0x19D5, 0x19D5, 0x19D5,
        0x2BAE, 0x2BAE, 0x2BAE, 0x2BAE, 0x2BAE, 0x2BAE, 0x2BAE, 0x2BAE, 0x2BAE, 0x10A2, 0x10A2, 0x10A2,
        0x10A2, 0x10A2, 0x10A2, 0x10A2, 0x716E, 0x716E, 0x716E, 0x716E, 0x716E, 0x716E, 0x716E, 0x716E,
        0x716E, 0xA8E3, 0xA8E3, 0xA8E3, 0xA8E3, 0xA8E3, 0xA8E3, 0xA8E3, 0x9343, 0x9343, 0x9343, 0x9343,
        0x9343, 0x9343, 0x9343, 0x9343, 0x9343, 0xBDF7, 0xBDF7, 0xBDF7, 0xBDF7, 0xBDF7, 0xBDF7, 0xBDF7,
        0x44A5, 0x44A5, 0x44A5, 0x44A5, 0x44A5, 0x44A5, 0x44A5, 0x44A5, 0x44A5, 0x19D5, 0x19D5, 0x19D5,
        0x2217, 0x2217, 0x2217, 0x2217, 0x3410, 0x3410, 0x3410, 0x3410, 0x3410, 0x3410, 0x3410, 0x3410,
        0x3410, 0x18C3, 0x18C3, 0x18C3, 0x18C3, 0x18C3, 0x18C3, 0x18C3, 0x8190, 0x8190, 0x8190, 0x8190,
        0x8190, 0x8190, 0x8190, 0x8190, 0x8190, 0xB904, 0xB904, 0xB904, 0xB904, 0xB904, 0xB904, 0xB904,
        0xA384, 0xA384, 0xA384, 0xA384, 0xA384, 0xA384, 0xA384, 0xA384, 0xA384, 0xCE79, 0xCE79, 0xCE79,
        0xCE79, 0xCE79, 0xCE79, 0xCE79, 0x4D06, 0x4D06, 0x4D06, 0x4D06, 0x4D06, 0x4D06, 0x4D06, 0x4D06,
        0x4D06, 0x2217, 0x2217, 0x2217, 0x2239, 0x2239, 0x2239, 0x2239, 0x3451, 0x3451, 0x3451, 0x3451,
        0x3451, 0x3451, 0x3451, 0x3451, 0x3451, 0x18C3, 0x18C3, 0x18C3, 0x18C3, 0x18C3, 0x18C3, 0x18C3,
        0x89B1, 0x89B1, 0x89B1, 0x89B1, 0x89B1, 0x89B1, 0x89B1, 0x89B1, 0x89B1, 0xC904, 0xC904, 0xC904,
        0xC904, 0xC904, 0xC904, 0xC904, 0xABC4, 0xABC4, 0xABC4, 0xABC4, 0xABC4, 0xABC4, 0xABC4, 0xABC4,
        0xABC4, 0xDEFB, 0xDEFB, 0xDEFB, 0xDEFB, 0xDEFB, 0xDEFB, 0xDEFB, 0x4D66, 0x4D66, 0x4D66, 0x4D66,
        0x4D66, 0x4D66, 0x4D66, 0x4D66, 0x4D66, 0x2239, 0x2239, 0x2239, 0x225A, 0x225A, 0x225A, 0x225A,
        0x3CB2, 0x3CB2, 0x3CB2, 0x3CB2, 0x3CB2, 0x3CB2, 0x3CB2, 0x3CB2, 0x3CB2, 0x18E3, 0x18E3, 0x18E3,
        0x18E3, 0x18E3, 0x18E3, 0x18E3, 0x91D2, 0x91D2, 0x91D2, 0x91D2, 0x91D2, 0x91D2, 0x91D2, 0x91D2,
        0x91D2, 0xD124, 0xD124, 0xD124, 0xD124, 0xD124, 0xD124, 0xD124, 0xBC04, 0xBC04, 0xBC04, 0xBC04,
        0xBC04, 0xBC04, 0xBC04, 0xBC04, 0xBC04, 0xEF7D, 0xEF7D, 0xEF7D, 0xEF7D, 0xEF7D, 0xEF7D, 0xEF7D,
        0x55C7, 0x55C7, 0x55C7, 0x55C7, 0x55C7, 0x55C7, 0x55C7, 0x55C7, 0x55C7, 0x225A, 0x225A, 0x225A,
        0x2A9C, 0x2A9C, 0x2A9C, 0x2A9C, 0x3D14, 0x3D14, 0x3D14, 0x3D14, 0x3D14, 0x3D14, 0x3D14, 0x3D14,
        0x3D14, 0x18E3, 0x18E3, 0x18E3, 0x18E3, 0x18E3, 0x18E3, 0x18E3, 0xA1F4, 0xA1F4, 0xA1F4, 0xA1F4,
        0xA1F4, 0xA1F4, 0xA1F4, 0xA1F4, 0xA1F4, 0xE145, 0xE145, 0xE145, 0xE145, 0xE145, 0xE145, 0xE145,
        0xCC65, 0xCC65, 0xCC65, 0xCC65, 0xCC65, 0xCC65, 0xCC65, 0xCC65, 0xCC65, 0xFFFF, 0xFFFF, 0xFFFF,
        0xFFFF, 0xFFFF, 0xFFFF, 0xFFFF, 0x5E47, 0x5E47, 0x5E47, 0x5E47, 0x5E47, 0x5E47, 0x5E47, 0x5E47,
        0x5E47, 0x2A9C, 0x2A9C, 0x2A9C, 0xFF20, 0xFF20, 0xFF20, 0xFF20, 0xFF20, 0xFF20, 0xFF20, 0xFF20,
        0xFF20, 0xFF20, 0xFF20, 0xFF20, 0xFF20, 0xFF20, 0xFF20, 0xFF20, 0xFF20, 0xFF20, 0xFF20, 0xFF20,
        0xFF20, 0xFF20, 0xFF20, 0xFF20, 0xFF20, 0xFF20, 0xFF20, 0xFF20, 0xFF20, 0xFF20, 0xFF20, 0xFF20,
        0xFF20, 0xFF20, 0xFF20, 0xFF20, 0xFF20, 0xFF20, 0xFF20, 0xFF20, 0xFF20, 0xFF20, 0xFF20, 0xFF20,
        0xFF20, 0xFF20, 0xFF20, 0xFF20, 0xFF20, 0xFF20, 0xFF20, 0xFF20, 0xFF20, 0xFF20, 0xFF20, 0xFF20,
        0xFF20, 0xFF20, 0xFF20, 0xFF20, 0xFF20, 0xFF20, 0xFF20, 0xFF20, 0x1991, 0x1991, 0x1991, 0x1991,
        0x230C, 0x230C, 0x230C, 0x230C, 0x230C, 0x230C, 0x230C, 0x230C, 0x230C, 0x1082, 0x1082, 0x1082,
        0x1082, 0x1082, 0x1082, 0x1082, 0x612C, 0x612C, 0x612C, 0x612C, 0x612C, 0x612C, 0x612C, 0x612C,
        0x612C, 0x88C3, 0x88C3, 0x88C3, 0x88C3, 0x88C3, 0x88C3, 0x88C3, 0x7AA3, 0x7AA3, 0x7AA3, 0x7AA3,
        0x7AA3, 0x7AA3, 0x7AA3, 0x7AA3, 0x7AA3, 0x9CF3, 0x9CF3, 0x9CF3, 0x9CF3, 0x9CF3, 0x9CF3, 0x9CF3,
        0x33C4, 0x33C4, 0x33C4, 0x33C4, 0x33C4, 0x33C4, 0x33C4, 0x33C4, 0x33C4, 0x1991, 0x1991, 0x1991,
        0x19B3, 0x19B3, 0x19B3, 0x19B3, 0x2B6D, 0x2B6D, 0x2B6D, 0x2B6D, 0x2B6D, 0x2B6D, 0x2B6D, 0x2B6D,
        0x2B6D, 0x10A2, 0x10A2, 0x10A2, 0x10A2, 0x10A2, 0x10A2, 0x10A2, 0x694D, 0x694D, 0x694D, 0x694D,
        0x694D, 0x694D, 0x694D, 0x694D, 0x694D, 0x98C3, 0x98C3, 0x98C3, 0x98C3, 0x98C3, 0x98C3, 0x98C3,
        0x82E3, 0x82E3, 0x82E3, 0x82E3, 0x82E3, 0x82E3, 0x82E3, 0x82E3, 0x82E3, 0xAD75, 0xAD75, 0xAD75,
        0xAD75, 0xAD75, 0xAD75, 0xAD75, 0x3C25, 0x3C25, 0x3C25, 0x3C25, 0x3C25, 0x3C25, 0x3C25, 0x3C25,
        0x3C25, 0x19B3, 0x19B3, 0x19B3, 0x19D5, 0x19D5, 0x19D5, 0x19D5, 0x2BAE, 0x2BAE, 0x2BAE, 0x2BAE,
        0x2BAE, 0x2BAE, 0x2BAE, 0x2BAE, 0x2BAE, 0x10A2, 0x10A2, 0x10A2, 0x10A2, 0x10A2, 0x10A2, 0x10A2,
        0x716E, 0x716E, 0x716E, 0x716E, 0x716E, 0x716E, 0x716E, 0x716E, 0x716E, 0xA8E3, 0xA8E3, 0xA8E3,
        0xA8E3, 0xA8E3, 0xA8E3, 0xA8E3, 0x9343, 0x9343, 0x9343, 0x9343, 0x9343, 0x9343, 0x9343, 0x9343,
        0x9343, 0xBDF7, 0xBDF7, 0xBDF7, 0xBDF7, 0xBDF7, 0xBDF7, 0xBDF7, 0x44A5, 0x44A5, 0x44A5, 0x44A5,
        0x44A5, 0x44A5, 0x44A5, 0x44A5, 0x44A5, 0x19D5, 0x19D5, 0x19D5, 0x2217, 0x2217, 0x2217, 0x2217,
        0x3410, 0x3410, 0x3410, 0x3410, 0x3410, 0x3410, 0x3410, 0x3410, 0x3410, 0x18C3, 0x18C3, 0x18C3,
        0x18C3, 0x18C3, 0x18C3, 0x18C3, 0x8190, 0x8190, 0x8190, 0x8190, 0x8190, 0x8190, 0x8190, 0x8190,
        0x8190, 0xB904, 0xB904, 0xB904, 0xB904, 0xB904, 0xB904, 0xB904, 0xA384, 0xA384, 0xA384, 0xA384,
        0xA384, 0xA384, 0xA384, 0xA384, 0xA384, 0xCE79, 0xCE79, 0xCE79, 0xCE79, 0xCE79, 0xCE79, 0xCE79,
        0x4D06, 0x4D06, 0x4D06, 0x4D06, 0x4D06, 0x4D06, 0x4D06, 0x4D06, 0x4D06, 0x2217, 0x2217, 0x2217,
        0x2239, 0x2239, 0x2239, 0x2239, 0x3451, 0x3451, 0x3451, 0x3451, 0x3451, 0x3451, 0x3451, 0x3451,
        0x3451, 0x18C3, 0x18C3, 0x18C3, 0x18C3, 0x18C3, 0x18C3, 0x18C3, 0x89B1, 0x89B1, 0x89B1, 0x89B1,
        0x89B1, 0x89B1, 0x89B1, 0x89B1, 0x89B1, 0xC904, 0xC904, 0xC904, 0xC904, 0xC904, 0xC904, 0xC904,
        0xABC4, 0xABC4, 0xABC4, 0xABC4, 0xABC4, 0xABC4, 0xABC4, 0xABC4, 0xABC4, 0xDEFB, 0xDEFB, 0xDEFB,
        0xDEFB, 0xDEFB, 0xDEFB, 0xDEFB, 0x4D66, 0x4D66, 0x4D66, 0x4D66, 0x4D66, 0x4D66, 0x4D66, 0x4D66,
        0x4D66, 0x2239, 0x2239, 0x2239, 0x225A, 0x225A, 0x225A, 0x225A, 0x3CB2, 0x3CB2, 0x3CB2, 0x3CB2,
        0x3CB2, 0x3CB2, 0x3CB2, 0x3CB2, 0x3CB2, 0x18E3, 0x18E3, 0x18E3, 0x18E3, 0x18E3, 0x18E3, 0x18E3,
        0x91D2, 0x91D2, 0x91D2, 0x91D2, 0x91D2, 0x91D2, 0x91D2, 0x91D2, 0x91D2, 0xD124, 0xD124, 0xD124,
        0xD124, 0xD124, 0xD124, 0xD124, 0xBC04, 0xBC04, 0xBC04, 0xBC04, 0xBC04, 0xBC04, 0xBC04, 0xBC04,
        0xBC04, 0xEF7D, 0xEF7D, 0xEF7D, 0xEF7D, 0xEF7D, 0xEF7D, 0xEF7D, 0x55C7, 0x55C7, 0x55C7, 0x55C7,
        0x55C7, 0x55C7, 0x55C7, 0x55C7, 0x55C7, 0x225A, 0x225A, 0x225A, 0x2A9C, 0x2A9C, 0x2A9C, 0x2A9C,
        0x3D14, 0x3D14, 0x3D14, 0x3D14, 0x3D14, 0x3D14, 0x3D14, 0x3D14, 0x3D14, 0x18E3, 0x18E3, 0x18E3,
        0x18E3, 0x18E3, 0x18E3, 0x18E3, 0xA1F4, 0xA1F4, 0xA1F4, 0xA1F4, 0xA1F4, 0xA1F4, 0xA1F4, 0xA1F4,
        0xA1F4, 0xE145, 0xE145, 0xE145, 0xE145, 0xE145, 0xE145, 0xE145, 0xCC65, 0xCC65, 0xCC65, 0xCC65,
        0xCC65, 0xCC65, 0xCC65, 0xCC65, 0xCC65, 0xFFFF, 0xFFFF, 0xFFFF, 0xFFFF, 0xFFFF, 0xFFFF, 0xFFFF,
        0x5E47, 0x5E47, 0x5E47, 0x5E47, 0x5E47, 0x5E47, 0x5E47, 0x5E47, 0x5E47, 0x2A9C, 0x2A9C, 0x2A9C,
        0x116F, 0x116F, 0x116F, 0x116F, 0x22CB, 0x22CB, 0x22CB, 0x22CB, 0x22CB, 0x22CB, 0x22CB, 0x22CB,
        0x22CB, 0x1082, 0x1082, 0x1082, 0x1082, 0x1082, 0x1082, 0x1082, 0x590B, 0x590B, 0x590B, 0x590B,
        0x590B, 0x590B, 0x590B, 0x590B, 0x590B, 0x78A2, 0x78A2, 0x78A2, 0x78A2, 0x78A2, 0x78A2, 0x78A2,
        0x6A62, 0x6A62, 0x6A62, 0x6A62, 0x6A62, 0x6A62, 0x6A62, 0x6A62, 0x6A62, 0x8C71, 0x8C71, 0x8C71,
        0x8C71, 0x8C71, 0x8C71, 0x8C71, 0x3364, 0x3364, 0x3364, 0x3364, 0x3364, 0x3364, 0x3364, 0x3364,
        0x3364, 0x116F, 0x116F, 0x116F, 0x1991, 0x1991, 0x1991, 0x1991, 0x230C, 0x230C, 0x230C, 0x230C,
        0x230C, 0x230C, 0x230C, 0x230C, 0x230C, 0x1082, 0x1082, 0x1082, 0x1082, 0x1082, 0x1082, 0x1082,
        0x612C, 0x612C, 0x612C, 0x612C, 0x612C, 0x612C, 0x612C, 0x612C, 0x612C, 0x88C3, 0x88C3, 0x88C3,
        0x88C3, 0x88C3, 0x88C3, 0x88C3, 0x7AA3, 0x7AA3, 0x7AA3, 0x7AA3, 0x7AA3, 0x7AA3, 0x7AA3, 0x7AA3,
        0x7AA3, 0x9CF3, 0x9CF3, 0x9CF3, 0x9CF3, 0x9CF3, 0x9CF3, 0x9CF3, 0x33C4, 0x33C4, 0x33C4, 0x33C4,
        0x33C4, 0x33C4, 0x33C4, 0x33C4, 0x33C4, 0x1991, 0x1991, 0x1991, 0x19B3, 0x19B3, 0x19B3, 0x19B3,
        0x2B6D, 0x2B6D, 0x2B6D, 0x2B6D, 0x2B6D, 0x2B6D, 0x2B6D, 0x2B6D, 0x2B6D, 0x10A2, 0x10A2, 0x10A2,
        0x10A2, 0x10A2, 0x10A2, 0x10A2, 0x694D, 0x694D, 0x694D, 0x694D, 0x694D, 0x694D, 0x694D, 0x694D,
        0x694D, 0x98C3, 0x98C3, 0x98C3, 0x98C3, 0x98C3, 0x98C3, 0x98C3, 0x82E3, 0x82E3, 0x82E3, 0x82E3,
        0x82E3, 0x82E3, 0x82E3, 0x82E3, 0x82E3, 0xAD75, 0xAD75, 0xAD75, 0xAD75, 0xAD75, 0xAD75, 0xAD75,
        0x3C25, 0x3C25, 0x3C25, 0x3C25, 0x3C25, 0x3C25, 0x3C25, 0x3C25, 0x3C25, 0x19B3, 0x19B3, 0x19B3,
        0x19D5, 0x19D5, 0x19D5, 0x19D5, 0x2BAE, 0x2BAE, 0x2BAE, 0x2BAE, 0x2BAE, 0x2BAE, 0x2BAE, 0x2BAE,
        0x2BAE, 0x10A2, 0x10A2, 0x10A2, 0x10A2, 0x10A2, 0x10A2, 0x10A2, 0x716E, 0x716E, 0x716E, 0x716E,
        0x716E, 0x716E, 0x716E, 0x716E, 0x716E, 0xA8E3, 0xA8E3, 0xA8E3, 0xA8E3, 0xA8E3, 0xA8E3, 0xA8E3,
        0x9343, 0x9343, 0x9343, 0x9343, 0x9343, 0x9343, 0x9343, 0x9343, 0x9343, 0xBDF7, 0xBDF7, 0xBDF7,
        0xBDF7, 0xBDF7, 0xBDF7, 0xBDF7, 0x44A5, 0x44A5, 0x44A5, 0x44A5, 0x44A5, 0x44A5, 0x44A5, 0x44A5,
        0x44A5, 0x19D5, 0x19D5, 0x19D5, 0x2217, 0x2217, 0x2217, 0x2217, 0x3410, 0x3410, 0x3410, 0x3410,
        0x3410, 0x3410, 0x3410, 0x3410, 0x3410, 0x18C3, 0x18C3, 0x18C3, 0x18C3, 0x18C3, 0x18C3, 0x18C3,
        0x8190, 0x8190, 0x8190, 0x8190, 0x8190, 0x8190, 0x8190, 0x8190, 0x8190, 0xB904, 0xB904, 0xB904,
        0xB904, 0xB904, 0xB904, 0xB904, 0xA384, 0xA384, 0xA384, 0xA384, 0xA384, 0xA384, 0xA384, 0xA384,
        0xA384, 0xCE79, 0xCE79, 0xCE79, 0xCE79, 0xCE79, 0xCE79, 0xCE79, 0x4D06, 0x4D06, 0x4D06, 0x4D06,
        0x4D06, 0x4D06, 0x4D06, 0x4D06, 0x4D06, 0x2217, 0x2217, 0x2217, 0x2239, 0x2239, 0x2239, 0x2239,
        0x3451, 0x3451, 0x3451, 0x3451, 0x3451, 0x3451, 0x3451, 0x3451, 0x3451, 0x18C3, 0x18C3, 0x18C3,
        0x18C3, 0x18C3, 0x18C3, 0x18C3, 0x89B1, 0x89B1, 0x89B1, 0x89B1, 0x89B1, 0x89B1, 0x89B1, 0x89B1,
        0x89B1, 0xC904, 0xC904, 0xC904, 0xC904, 0xC904, 0xC904, 0xC904, 0xABC4, 0xABC4, 0xABC4, 0xABC4,
        0xABC4, 0xABC4, 0xABC4, 0xABC4, 0xABC4, 0xDEFB, 0xDEFB, 0xDEFB, 0xDEFB, 0xDEFB, 0xDEFB, 0xDEFB,
        0x4D66, 0x4D66, 0x4D66, 0x4D66, 0x4D66, 0x4D66, 0x4D66, 0x4D66, 0x4D66, 0x2239, 0x2239, 0x2239,
        0x225A, 0x225A, 0x225A, 0x225A, 0x3CB2, 0x3CB2, 0x3CB2, 0x3CB2, 0x3CB2, 0x3CB2, 0x3CB2, 0x3CB2,
        0x3CB2, 0x18E3, 0x18E3, 0x18E3, 0x18E3, 0x18E3, 0x18E3, 0x18E3, 0x91D2, 0x91D2, 0x91D2, 0x91D2,
        0x91D2, 0x91D2, 0x91D2, 0x91D2, 0x91D2, 0xD124, 0xD124, 0xD124, 0xD124, 0xD124, 0xD124, 0xD124,
        0xBC04, 0xBC04, 0xBC04, 0xBC04, 0xBC04, 0xBC04, 0xBC04, 0xBC04, 0xBC04, 0xEF7D, 0xEF7D, 0xEF7D,
        0xEF7D, 0xEF7D, 0xEF7D, 0xEF7D, 0x55C7, 0x55C7, 0x55C7, 0x55C7, 0x55C7, 0x55C7, 0x55C7, 0x55C7,
        0x55C7, 0x225A, 0x225A, 0x225A, 0x2A9C, 0x2A9C, 0x2A9C, 0x2A9C, 0x3D14, 0x3D14, 0x3D14, 0x3D14,
        0x3D14, 0x3D14, 0x3D14, 0x3D14, 0x3D14, 0x18E3, 0x18E3, 0x18E3, 0x18E3, 0x18E3, 0x18E3, 0x18E3,
        0xA1F4, 0xA1F4, 0xA1F4, 0xA1F4, 0xA1F4, 0xA1F4, 0xA1F4, 0xA1F4, 0xA1F4, 0xE145, 0xE145, 0xE145,
        0xE145, 0xE145, 0xE145, 0xE145, 0xCC65, 0xCC65, 0xCC65, 0xCC65, 0xCC65, 0xCC65, 0xCC65, 0xCC65,
        0xCC65, 0xFFFF, 0xFFFF, 0xFFFF, 0xFFFF, 0xFFFF, 0xFFFF, 0xFFFF, 0x5E47, 0x5E47, 0x5E47, 0x5E47,
        0x5E47, 0x5E47, 0x5E47, 0x5E47, 0x5E47, 0x2A9C, 0x2A9C, 0x2A9C, 0xFF20, 0xFF20, 0xFF20, 0xFF20,
        0xFF20, 0xFF20, 0xFF20, 0xFF20, 0xFF20, 0xFF20, 0xFF20, 0xFF20, 0xFF20, 0xFF20, 0xFF20, 0xFF20,
        0xFF20, 0xFF20, 0xFF20, 0xFF20, 0xFF20, 0xFF20, 0xFF20, 0xFF20, 0xFF20, 0xFF20, 0xFF20, 0xFF20,
        0xFF20, 0xFF20, 0xFF20, 0xFF20, 0xFF20, 0xFF20, 0xFF20, 0xFF20, 0xFF20, 0xFF20, 0xFF20, 0xFF20,
        0xFF20, 0xFF20, 0xFF20, 0xFF20, 0xFF20, 0xFF20, 0xFF20, 0xFF20, 0xFF20, 0xFF20, 0xFF20, 0xFF20,
        0xFF20, 0xFF20, 0xFF20, 0xFF20, 0xFF20, 0xFF20, 0xFF20, 0xFF20, 0xFF20, 0xFF20, 0xFF20, 0xFF20,
        0x1991, 0x1991, 0x1991, 0x1991, 0x230C, 0x230C, 0x230C, 0x230C, 0x230C, 0x230C, 0x230C, 0x230C,
        0x230C, 0x1082, 0x1082, 0x1082, 0x1082, 0x1082, 0x1082, 0x1082, 0x612C, 0x612C, 0x612C, 0x612C,
        0x612C, 0x612C, 0x612C, 0x612C, 0x612C, 0x88C3, 0x88C3, 0x88C3, 0x88C3, 0x88C3, 0x88C3, 0x88C3,
        0x7AA3, 0x7AA3, 0x7AA3, 0x7AA3, 0x7AA3, 0x7AA3, 0x7AA3, 0x7AA3, 0x7AA3, 0x9CF3, 0x9CF3, 0x9CF3,
        0x9CF3, 0x9CF3, 0x9CF3, 0x9CF3, 0x33C4, 0x33C4, 0x33C4, 0x33C4, 0x33C4, 0x33C4, 0x33C4, 0x33C4,
        0x33C4, 0x1991, 0x1991, 0x1991, 0x19B3, 0x19B3, 0x19B3, 0x19B3, 0x2B6D, 0x2B6D, 0x2B6D, 0x2B6D,
        0x2B6D, 0x2B6D, 0x2B6D, 0x2B6D, 0x2B6D, 0x10A2, 0x10A2, 0x10A2, 0x10A2, 0x10A2, 0x10A2, 0x10A2,
        0x694D, 0x694D, 0x694D, 0x694D, 0x694D, 0x694D, 0x694D, 0x694D, 0x694D, 0x98C3, 0x98C3, 0x98C3,
        0x98C3, 0x98C3, 0x98C3, 0x98C3, 0x82E3, 0x82E3, 0x82E3, 0x82E3, 0x82E3, 0x82E3, 0x82E3, 0x82E3,
        0x82E3, 0xAD75, 0xAD75, 0xAD75, 0xAD75, 0xAD75, 0xAD75, 0xAD75, 0x3C25, 0x3C25, 0x3C25, 0x3C25,
        0x3C25, 0x3C25, 0x3C25, 0x3C25, 0x3C25, 0x19B3, 0x19B3, 0x19B3, 0x19D5, 0x19D5, 0x19D5, 0x19D5,
        0x2BAE, 0x2BAE, 0x2BAE, 0x2BAE, 0x2BAE, 0x2BAE, 0x2BAE, 0x2BAE, 0x2BAE, 0x10A2, 0x10A2, 0x10A2,
        0x10A2, 0x10A2, 0x10A2, 0x10A2, 0x716E, 0x716E, 0x716E, 0x716E, 0x716E, 0x716E, 0x716E, 0x716E,
        0x716E, 0xA8E3, 0xA8E3, 0xA8E3, 0xA8E3, 0xA8E3, 0xA8E3, 0xA8E3, 0x9343, 0x9343, 0x9343, 0x9343,
        0x9343, 0x9343, 0x9343, 0x9343, 0x9343, 0xBDF7, 0xBDF7, 0xBDF7, 0xBDF7, 0xBDF7, 0xBDF7, 0xBDF7,
        0x44A5, 0x44A5, 0x44A5, 0x44A5, 0x44A5, 0x44A5, 0x44A5, 0x44A5, 0x44A5, 0x19D5, 0x19D5, 0x19D5,
        0x2217, 0x2217, 0x2217, 0x2217, 0x3410, 0x3410, 0x3410, 0x3410, 0x3410, 0x3410, 0x3410, 0x3410,
        0x3410, 0x18C3, 0x18C3, 0x18C3, 0x18C3, 0x18C3, 0x18C3, 0x18C3, 0x8190, 0x8190, 0x8190, 0x8190,
        0x8190, 0x8190, 0x8190, 0x8190, 0x8190, 0xB904, 0xB904, 0xB904, 0xB904, 0xB904, 0xB904, 0xB904,
        0xA384, 0xA384, 0xA384, 0xA384, 0xA384, 0xA384, 0xA384, 0xA384, 0xA384, 0xCE79, 0xCE79, 0xCE79,
        0xCE79, 0xCE79, 0xCE79, 0xCE79, 0x4D06, 0x4D06, 0x4D06, 0x4D06, 0x4D06, 0x4D06, 0x4D06, 0x4D06,
        0x4D06, 0x2217, 0x2217, 0x2217, 0x2239, 0x2239, 0x2239, 0x2239, 0x3451, 0x3451, 0x3451, 0x3451,
        0x3451, 0x3451, 0x3451, 0x3451, 0x3451, 0x18C3, 0x18C3, 0x18C3, 0x18C3, 0x18C3, 0x18C3, 0x18C3,
        0x89B1, 0x89B1, 0x89B1, 0x89B1, 0x89B1, 0x89B1, 0x89B1, 0x89B1, 0x89B1, 0xC904, 0xC904, 0xC904,
        0xC904, 0xC904, 0xC904, 0xC904, 0xABC4, 0xABC4, 0xABC4, 0xABC4, 0xABC4, 0xABC4, 0xABC4, 0xABC4,
        0xABC4, 0xDEFB, 0xDEFB, 0xDEFB, 0xDEFB, 0xDEFB, 0xDEFB, 0xDEFB, 0x4D66, 0x4D66, 0x4D66, 0x4D66,
        0x4D66, 0x4D66, 0x4D66, 0x4D66, 0x4D66, 0x2239, 0x2239, 0x2239, 0x225A, 0x225A, 0x225A, 0x225A,
        0x3CB2, 0x3CB2, 0x3CB2, 0x3CB2, 0x3CB2, 0x3CB2, 0x3CB2, 0x3CB2, 0x3CB2, 0x18E3, 0x18E3, 0x18E3,
        0x18E3, 0x18E3, 0x18E3, 0x18E3, 0x91D2, 0x91D2, 0x91D2, 0x91D2, 0x91D2, 0x91D2, 0x91D2, 0x91D2,
        0x91D2, 0xD124, 0xD124, 0xD124, 0xD124, 0xD124, 0xD124, 0xD124, 0xBC04, 0xBC04, 0xBC04, 0xBC04,
        0xBC04, 0xBC04, 0xBC04, 0xBC04, 0xBC04, 0xEF7D, 0xEF7D, 0xEF7D, 0xEF7D, 0xEF7D, 0xEF7D, 0xEF7D,
        0x55C7, 0x55C7, 0x55C7, 0x55C7, 0x55C7, 0x55C7, 0x55C7, 0x55C7, 0x55C7, 0x225A, 0x225A, 0x225A,
        0x2A9C, 0x2A9C, 0x2A9C, 0x2A9C, 0x3D14, 0x3D14, 0x3D14, 0x3D14, 0x3D14, 0x3D14, 0x3D14, 0x3D14,
        0x3D14, 0x18E3, 0x18E3, 0x18E3, 0x18E3, 0x18E3, 0x18E3, 0x18E3, 0xA1F4, 0xA1F4, 0xA1F4, 0xA1F4,
        0xA1F4, 0xA1F4, 0xA1F4, 0xA1F4, 0xA1F4, 0xE145, 0xE145, 0xE145, 0xE145, 0xE145, 0xE145, 0xE145,
        0xCC65, 0xCC65, 0xCC65, 0xCC65, 0xCC65, 0xCC65, 0xCC65, 0xCC65, 0xCC65, 0xFFFF, 0xFFFF, 0xFFFF,
        0xFFFF, 0xFFFF, 0xFFFF, 0xFFFF, 0x5E47, 0x5E47, 0x5E47, 0x5E47, 0x5E47, 0x5E47, 0x5E47, 0x5E47,
        0x5E47, 0x2A9C, 0x2A9C, 0x2A9C, 0x116F, 0x116F, 0x116F, 0x116F, 0x22CB, 0x22CB, 0x22CB, 0x22CB,
        0x22CB, 0x22CB, 0x22CB, 0x22CB, 0x22CB, 0x1082, 0x1082, 0x1082, 0x1082, 0x1082, 0x1082, 0x1082,
        0x590B, 0x590B, 0x590B, 0x590B, 0x590B, 0x590B, 0x590B, 0x590B, 0x590B, 0x78A2, 0x78A2, 0x78A2,
        0x78A2, 0x78A2, 0x78A2, 0x78A2, 0x6A62, 0x6A62, 0x6A62, 0x6A62, 0x6A62, 0x6A62, 0x6A62, 0x6A62,
        0x6A62, 0x8C71, 0x8C71, 0x8C71, 0x8C71, 0x8C71, 0x8C71, 0x8C71, 0x3364, 0x3364, 0x3364, 0x3364,
        0x3364, 0x3364, 0x3364, 0x3364, 0x3364, 0x116F, 0x116F, 0x116F, 0x1991, 0x1991, 0x1991, 0x1991,
        0x230C, 0x230C, 0x230C, 0x230C, 0x230C, 0x230C, 0x230C, 0x230C, 0x230C, 0x1082, 0x1082, 0x1082,
        0x1082, 0x1082, 0x1082, 0x1082, 0x612C, 0x612C, 0x612C, 0x612C, 0x612C, 0x612C, 0x612C, 0x612C,
        0x612C, 0x88C3, 0x88C3, 0x88C3, 0x88C3, 0x88C3, 0x88C3, 0x88C3, 0x7AA3, 0x7AA3, 0x7AA3, 0x7AA3,
        0x7AA3, 0x7AA3, 0x7AA3, 0x7AA3, 0x7AA3, 0x9CF3, 0x9CF3, 0x9CF3, 0x9CF3, 0x9CF3, 0x9CF3, 0x9CF3,
        0x33C4, 0x33C4, 0x33C4, 0x33C4, 0x33C4, 0x33C4, 0x33C4, 0x33C4, 0x33C4, 0x1991, 0x1991, 0x1991,
        0x19B3, 0x19B3, 0x19B3, 0x19B3, 0x2B6D, 0x2B6D, 0x2B6D, 0x2B6D, 0x2B6D, 0x2B6D, 0x2B6D, 0x2B6D,
        0x2B6D, 0x10A2, 0x10A2, 0x10A2, 0x10A2, 0x10A2, 0x10A2, 0x10A2, 0x694D, 0x694D, 0x694D, 0x694D,
        0x694D, 0x694D, 0x694D, 0x694D, 0x694D, 0x98C3, 0x98C3, 0x98C3, 0x98C3, 0x98C3, 0x98C3, 0x98C3,
        0x82E3, 0x82E3, 0x82E3, 0x82E3, 0x82E3, 0x82E3, 0x82E3, 0x82E3, 0x82E3, 0xAD75, 0xAD75, 0xAD75,
        0xAD75, 0xAD75, 0xAD75, 0xAD75, 0x3C25, 0x3C25, 0x3C25, 0x3C25, 0x3C25, 0x3C25, 0x3C25, 0x3C25,
        0x3C25, 0x19B3, 0x19B3, 0x19B3, 0x19D5, 0x19D5, 0x19D5, 0x19D5, 0x2BAE, 0x2BAE, 0x2BAE, 0x2BAE,
        0x2BAE, 0x2BAE, 0x2BAE, 0x2BAE, 0x2BAE, 0x10A2, 0x10A2, 0x10A2, 0x10A2, 0x10A2, 0x10A2, 0x10A2,
        0x716E, 0x716E, 0x716E, 0x716E, 0x716E, 0x716E, 0x716E, 0x716E, 0x716E, 0xA8E3, 0xA8E3, 0xA8E3,
        0xA8E3, 0xA8E3, 0xA8E3, 0xA8E3, 0x9343, 0x9343, 0x9343, 0x9343, 0x9343, 0x9343, 0x9343, 0x9343,
        0x9343, 0xBDF7, 0xBDF7, 0xBDF7, 0xBDF7, 0xBDF7, 0xBDF7, 0xBDF7, 0x44A5, 0x44A5, 0x44A5, 0x44A5,
        0x44A5, 0x44A5, 0x44A5, 0x44A5, 0x44A5, 0x19D5, 0x19D5, 0x19D5, 0x2217, 0x2217, 0x2217, 0x2217,
        0x3410, 0x3410, 0x3410, 0x3410, 0x3410, 0x3410, 0x3410, 0x3410, 0x3410, 0x18C3, 0x18C3, 0x18C3,
        0x18C3, 0x18C3, 0x18C3, 0x18C3, 0x8190, 0x8190, 0x8190, 0x8190, 0x8190, 0x8190, 0x8190, 0x8190,
        0x8190, 0xB904, 0xB904, 0xB904, 0xB904, 0xB904, 0xB904, 0xB904, 0xA384, 0xA384, 0xA384, 0xA384,
        0xA384, 0xA384, 0xA384, 0xA384, 0xA384, 0xCE79, 0xCE79, 0xCE79, 0xCE79, 0xCE79, 0xCE79, 0xCE79,
        0x4D06, 0x4D06, 0x4D06, 0x4D06, 0x4D06, 0x4D06, 0x4D06, 0x4D06, 0x4D06, 0x2217, 0x2217, 0x2217,
        0x2239, 0x2239, 0x2239, 0x2239, 0x3451, 0x3451, 0x3451, 0x3451, 0x3451, 0x3451, 0x3451, 0x3451,
        0x3451, 0x18C3, 0x18C3, 0x18C3, 0x18C3, 0x18C3, 0x18C3, 0x18C3, 0x89B1, 0x89B1, 0x89B1, 0x89B1,
        0x89B1, 0x89B1, 0x89B1, 0x89B1, 0x89B1, 0xC904, 0xC904, 0xC904, 0xC904, 0xC904, 0xC904, 0xC904,
        0xABC4, 0xABC4, 0xABC4, 0xABC4, 0xABC4, 0xABC4, 0xABC4, 0xABC4, 0xABC4, 0xDEFB, 0xDEFB, 0xDEFB,
        0xDEFB, 0xDEFB, 0xDEFB, 0xDEFB, 0x4D66, 0x4D66, 0x4D66, 0x4D66, 0x4D66, 0x4D66, 0x4D66, 0x4D66,
        0x4D66, 0x2239, 0x2239, 0x2239, 0x225A, 0x225A, 0x225A, 0x225A, 0x3CB2, 0x3CB2, 0x3CB2, 0x3CB2,
        0x3CB2, 0x3CB2, 0x3CB2, 0x3CB2, 0x3CB2, 0x18E3, 0x18E3, 0x18E3, 0x18E3, 0x18E3, 0x18E3, 0x18E3,
        0x91D2, 0x91D2, 0x91D2, 0x91D2, 0x91D2, 0x91D2, 0x91D2, 0x91D2, 0x91D2, 0xD124, 0xD124, 0xD124,
        0xD124, 0xD124, 0xD124, 0xD124, 0xBC04, 0xBC04, 0xBC04, 0xBC04, 0xBC04, 0xBC04, 0xBC04, 0xBC04,
        0xBC04, 0xEF7D, 0xEF7D, 0xEF7D, 0xEF7D, 0xEF7D, 0xEF7D, 0xEF7D, 0x55C7, 0x55C7, 0x55C7, 0x55C7,
        0x55C7, 0x55C7, 0x55C7, 0x55C7, 0x55C7, 0x225A, 0x225A, 0x225A, 0x2A9C, 0x2A9C, 0x2A9C, 0x2A9C,
        0x3D14, 0x3D14, 0x3D14, 0x3D14, 0x3D14, 0x3D14, 0x3D14, 0x3D14, 0x3D14, 0x18E3, 0x18E3, 0x18E3,
        0x18E3, 0x18E3, 0x18E3, 0x18E3, 0xA1F4, 0xA1F4, 0xA1F4, 0xA1F4, 0xA1F4, 0xA1F4, 0xA1F4, 0xA1F4,
        0xA1F4, 0xE145, 0xE145, 0xE145, 0xE145, 0xE145, 0xE145, 0xE145, 0xCC65, 0xCC65, 0xCC65, 0xCC65,
        0xCC65, 0xCC65, 0xCC65, 0xCC65, 0xCC65, 0xFFFF, 0xFFFF, 0xFFFF, 0xFFFF, 0xFFFF, 0xFFFF, 0xFFFF,
        0x5E47, 0x5E47, 0x5E47, 0x5E47, 0x5E47, 0x5E47, 0x5E47, 0x5E47, 0x5E47, 0x2A9C, 0x2A9C, 0x2A9C,
        0xFF20, 0xFF20, 0xFF20, 0xFF20, 0xFF20, 0xFF20, 0xFF20, 0xFF20, 0xFF20, 0xFF20, 0xFF20, 0xFF20,
        0xFF20, 0xFF20, 0xFF20, 0xFF20, 0xFF20, 0xFF20, 0xFF20, 0xFF20, 0xFF20, 0xFF20, 0xFF20, 0xFF20,
        0xFF20, 0xFF20, 0xFF20, 0xFF20, 0xFF20, 0xFF20, 0xFF20, 0xFF20, 0xFF20, 0xFF20, 0xFF20, 0xFF20,
        0xFF20, 0xFF20, 0xFF20, 0xFF20, 0xFF20, 0xFF20, 0xFF20, 0xFF20, 0xFF20, 0xFF20, 0xFF20, 0xFF20,
        0xFF20, 0xFF20, 0xFF20, 0xFF20, 0xFF20, 0xFF20, 0xFF20, 0xFF20, 0xFF20, 0xFF20, 0xFF20, 0xFF20,
        0xFF20, 0xFF20, 0xFF20, 0xFF20, 0x1991, 0x1991, 0x1991, 0x1991, 0x230C, 0x230C, 0x230C, 0x230C,
        0x230C, 0x230C, 0x230C, 0x230C, 0x230C, 0x1082, 0x1082, 0x1082, 0x1082, 0x1082, 0x1082, 0x1082,
        0x612C, 0x612C, 0x612C, 0x612C, 0x612C, 0x612C, 0x612C, 0x612C, 0x612C, 0x88C3, 0x88C3, 0x88C3,
        0x88C3, 0x88C3, 0x88C3, 0x88C3, 0x7AA3, 0x7AA3, 0x7AA3, 0x7AA3, 0x7AA3, 0x7AA3, 0x7AA3, 0x7AA3,
        0x7AA3, 0x9CF3, 0x9CF3, 0x9CF3, 0x9CF3, 0x9CF3, 0x9CF3, 0x9CF3, 0x33C4, 0x33C4, 0x33C4, 0x33C4,
        0x33C4, 0x33C4, 0x33C4, 0x33C4, 0x33C4, 0x1991, 0x1991, 0x1991, 0x19B3, 0x19B3, 0x19B3, 0x19B3,
        0x2B6D, 0x2B6D, 0x2B6D, 0x2B6D, 0x2B6D, 0x2B6D, 0x2B6D, 0x2B6D, 0x2B6D, 0x10A2, 0x10A2, 0x10A2,
        0x10A2, 0x10A2, 0x10A2, 0x10A2, 0x694D, 0x694D, 0x694D, 0x694D, 0x694D, 0x694D, 0x694D, 0x694D,
        0x694D, 0x98C3, 0x98C3, 0x98C3, 0x98C3, 0x98C3, 0x98C3, 0x98C3, 0x82E3, 0x82E3, 0x82E3, 0x82E3,
        0x82E3, 0x82E3, 0x82E3, 0x82E3, 0x82E3, 0xAD75, 0xAD75, 0xAD75, 0xAD75, 0xAD75, 0xAD75, 0xAD75,
        0x3C25, 0x3C25, 0x3C25, 0x3C25, 0x3C25, 0x3C25, 0x3C25, 0x3C25, 0x3C25, 0x19B3, 0x19B3, 0x19B3,
        0x19D5, 0x19D5, 0x19D5, 0x19D5, 0x2BAE, 0x2BAE, 0x2BAE, 0x2BAE, 0x2BAE, 0x2BAE, 0x2BAE, 0x2BAE,
        0x2BAE, 0x10A2, 0x10A2, 0x10A2, 0x10A2, 0x10A2, 0x10A2, 0x10A2, 0x716E, 0x716E, 0x716E, 0x716E,
        0x716E, 0x716E, 0x716E, 0x716E, 0x716E, 0xA8E3, 0xA8E3, 0xA8E3, 0xA8E3, 0xA8E3, 0xA8E3, 0xA8E3,
        0x9343, 0x9343, 0x9343, 0x9343, 0x9343, 0x9343, 0x9343, 0x9343, 0x9343, 0xBDF7, 0xBDF7, 0xBDF7,
        0xBDF7, 0xBDF7, 0xBDF7, 0xBDF7, 0x44A5, 0x44A5, 0x44A5, 0x44A5, 0x44A5, 0x44A5, 0x44A5, 0x44A5,
        0x44A5, 0x19D5, 0x19D5, 0x19D5, 0x2217, 0x2217, 0x2217, 0x2217, 0x3410, 0x3410, 0x3410, 0x3410,
        0x3410, 0x3410, 0x3410, 0x3410, 0x3410, 0x18C3, 0x18C3, 0x18C3, 0x18C3, 0x18C3, 0x18C3, 0x18C3,
        0x8190, 0x8190, 0x8190, 0x8190, 0x8190, 0x8190, 0x8190, 0x8190, 0x8190, 0xB904, 0xB904, 0xB904,
        0xB904, 0xB904, 0xB904, 0xB904, 0xA384, 0xA384, 0xA384, 0xA384, 0xA384, 0xA384, 0xA384, 0xA384,
        0xA384, 0xCE79, 0xCE79, 0xCE79, 0xCE79, 0xCE79, 0xCE79, 0xCE79, 0x4D06, 0x4D06, 0x4D06, 0x4D06,
        0x4D06, 0x4D06, 0x4D06, 0x4D06, 0x4D06, 0x2217, 0x2217, 0x2217, 0x2239, 0x2239, 0x2239, 0x2239,
        0x3451, 0x3451, 0x3451, 0x3451, 0x3451, 0x3451, 0x3451, 0x3451, 0x3451, 0x18C3, 0x18C3, 0x18C3,
        0x18C3, 0x18C3, 0x18C3, 0x18C3, 0x89B1, 0x89B1, 0x89B1, 0x89B1, 0x89B1, 0x89B1, 0x89B1, 0x89B1,
        0x89B1, 0xC904, 0xC904, 0xC904, 0xC904, 0xC904, 0xC904, 0xC904, 0xABC4, 0xABC4, 0xABC4, 0xABC4,
        0xABC4, 0xABC4, 0xABC4, 0xABC4, 0xABC4, 0xDEFB, 0xDEFB, 0xDEFB, 0xDEFB, 0xDEFB, 0xDEFB, 0xDEFB,
        0x4D66, 0x4D66, 0x4D66, 0x4D66, 0x4D66, 0x4D66, 0x4D66, 0x4D66, 0x4D66, 0x2239, 0x2239, 0x2239,
        0x225A, 0x225A, 0x225A, 0x225A, 0x3CB2, 0x3CB2, 0x3CB2, 0x3CB2, 0x3CB2, 0x3CB2, 0x3CB2, 0x3CB2,
        0x3CB2, 0x18E3, 0x18E3, 0x18E3, 0x18E3, 0x18E3, 0x18E3, 0x18E3, 0x91D2, 0x91D2, 0x91D2, 0x91D2,
        0x91D2, 0x91D2, 0x91D2, 0x91D2, 0x91D2, 0xD124, 0xD124, 0xD124, 0xD124, 0xD124, 0xD124, 0xD124,
        0xBC04, 0xBC04, 0xBC04, 0xBC04, 0xBC04, 0xBC04, 0xBC04, 0xBC04, 0xBC04, 0xEF7D, 0xEF7D, 0xEF7D,
        0xEF7D, 0xEF7D, 0xEF7D, 0xEF7D, 0x55C7, 0x55C7, 0x55C7, 0x55C7, 0x55C7, 0x55C7, 0x55C7, 0x55C7,
        0x55C7, 0x225A, 0x225A, 0x225A, 0x2A9C, 0x2A9C, 0x2A9C, 0x2A9C, 0x3D14, 0x3D14, 0x3D14, 0x3D14,
        0x3D14, 0x3D14, 0x3D14, 0x3D14, 0x3D14, 0x18E3, 0x18E3, 0x18E3, 0x18E3, 0x18E3, 0x18E3, 0x18E3,
        0xA1F4, 0xA1F4, 0xA1F4, 0xA1F4, 0xA1F4, 0xA1F4, 0xA1F4, 0xA1F4, 0xA1F4, 0xE145, 0xE145, 0xE145,
        0xE145, 0xE145, 0xE145, 0xE145, 0xCC65, 0xCC65, 0xCC65, 0xCC65, 0xCC65, 0xCC65, 0xCC65, 0xCC65,
        0xCC65, 0xFFFF, 0xFFFF, 0xFFFF, 0xFFFF, 0xFFFF, 0xFFFF, 0xFFFF, 0x5E47, 0x5E47, 0x5E47, 0x5E47,
        0x5E47, 0x5E47, 0x5E47, 0x5E47, 0x5E47, 0x2A9C, 0x2A9C, 0x2A9C, 0x116F, 0x116F, 0x116F, 0x116F,
        0x22CB, 0x22CB, 0x22CB, 0x22CB, 0x22CB, 0x22CB, 0x22CB, 0x22CB, 0x22CB, 0x1082, 0x1082, 0x1082,
        0x1082, 0x1082, 0x1082, 0x1082, 0x590B, 0x590B, 0x590B, 0x590B, 0x590B, 0x590B, 0x590B, 0x590B,
        0x590B, 0x78A2, 0x78A2, 0x78A2, 0x78A2, 0x78A2, 0x78A2, 0x78A2, 0x6A62, 0x6A62, 0x6A62, 0x6A62,
        0x6A62, 0x6A62, 0x6A62, 0x6A62, 0x6A62, 0x8C71, 0x8C71, 0x8C71, 0x8C71, 0x8C71, 0x8C71, 0x8C71,
        0x3364, 0x3364, 0x3364, 0x3364, 0x3364, 0x3364, 0x3364, 0x3364, 0x3364, 0x116F, 0x116F, 0x116F,
        0x1991, 0x1991, 0x1991, 0x1991, 0x230C, 0x230C, 0x230C, 0x230C, 0x230C, 0x230C, 0x230C, 0x230C,
        0x230C, 0x1082, 0x1082, 0x1082, 0x1082, 0x1082, 0x1082, 0x1082, 0x612C, 0x612C, 0x612C, 0x612C,
        0x612C, 0x612C, 0x612C, 0x612C, 0x612C, 0x88C3, 0x88C3, 0x88C3, 0x88C3, 0x88C3, 0x88C3, 0x88C3,
        0x7AA3, 0x7AA3, 0x7AA3, 0x7AA3, 0x7AA3, 0x7AA3, 0x7AA3, 0x7AA3, 0x7AA3, 0x9CF3, 0x9CF3, 0x9CF3,
        0x9CF3, 0x9CF3, 0x9CF3, 0x9CF3, 0x33C4, 0x33C4, 0x33C4, 0x33C4, 0x33C4, 0x33C4, 0x33C4, 0x33C4,
        0x33C4, 0x1991, 0x1991, 0x1991, 0x19B3, 0x19B3, 0x19B3, 0x19B3, 0x2B6D, 0x2B6D, 0x2B6D, 0x2B6D,
        0x2B6D, 0x2B6D, 0x2B6D, 0x2B6D, 0x2B6D, 0x10A2, 0x10A2, 0x10A2, 0x10A2, 0x10A2, 0x10A2, 0x10A2,
        0x694D, 0x694D, 0x694D, 0x694D, 0x694D, 0x694D, 0x694D, 0x694D, 0x694D, 0x98C3, 0x98C3, 0x98C3,
        0x98C3, 0x98C3, 0x98C3, 0x98C3, 0x82E3, 0x82E3, 0x82E3, 0x82E3, 0x82E3, 0x82E3, 0x82E3, 0x82E3,
        0x82E3, 0xAD75, 0xAD75, 0xAD75, 0xAD75, 0xAD75, 0xAD75, 0xAD75, 0x3C25, 0x3C25, 0x3C25, 0x3C25,
        0x3C25, 0x3C25, 0x3C25, 0x3C25, 0x3C25, 0x19B3, 0x19B3, 0x19B3, 0x19D5, 0x19D5, 0x19D5, 0x19D5,
        0x2BAE, 0x2BAE, 0x2BAE, 0x2BAE, 0x2BAE, 0x2BAE, 0x2BAE, 0x2BAE, 0x2BAE, 0x10A2, 0x10A2, 0x10A2,
        0x10A2, 0x10A2, 0x10A2, 0x10A2, 0x716E, 0x716E, 0x716E, 0x716E, 0x716E, 0x716E, 0x716E, 0x716E,
        0x716E, 0xA8E3, 0xA8E3, 0xA8E3, 0xA8E3, 0xA8E3, 0xA8E3, 0xA8E3, 0x9343, 0x9343, 0x9343, 0x9343,
        0x9343, 0x9343, 0x9343, 0x9343, 0x9343, 0xBDF7, 0xBDF7, 0xBDF7, 0xBDF7, 0xBDF7, 0xBDF7, 0xBDF7,
        0x44A5, 0x44A5, 0x44A5, 0x44A5, 0x44A5, 0x44A5, 0x44A5, 0x44A5, 0x44A5, 0x19D5, 0x19D5, 0x19D5,
        0x2217, 0x2217, 0x2217, 0x2217, 0x3410, 0x3410, 0x3410, 0x3410, 0x3410, 0x3410, 0x3410, 0x3410,
        0x3410, 0x18C3, 0x18C3, 0x18C3, 0x18C3, 0x18C3, 0x18C3, 0x18C3, 0x8190, 0x8190, 0x8190, 0x8190,
        0x8190, 0x8190, 0x8190, 0x8190, 0x8190, 0xB904, 0xB904, 0xB904, 0xB904, 0xB904, 0xB904, 0xB904,
        0xA384, 0xA384, 0xA384, 0xA384, 0xA384, 0xA384, 0xA384, 0xA384, 0xA384, 0xCE79, 0xCE79, 0xCE79,
        0xCE79, 0xCE79, 0xCE79, 0xCE79, 0x4D06, 0x4D06, 0x4D06, 0x4D06, 0x4D06, 0x4D06, 0x4D06, 0x4D06,
        0x4D06, 0x2217, 0x2217, 0x2217, 0x2239, 0x2239, 0x2239, 0x2239, 0x3451, 0x3451, 0x3451, 0x3451,
        0x3451, 0x3451, 0x3451, 0x3451, 0x3451, 0x18C3, 0x18C3, 0x18C3, 0x18C3, 0x18C3, 0x18C3, 0x18C3,
        0x89B1, 0x89B1, 0x89B1, 0x89B1, 0x89B1, 0x89B1, 0x89B1, 0x89B1, 0x89B1, 0xC904, 0xC904, 0xC904,
        0xC904, 0xC904, 0xC904, 0xC904, 0xABC4, 0xABC4, 0xABC4, 0xABC4, 0xABC4, 0xABC4, 0xABC4, 0xABC4,
        0xABC4, 0xDEFB, 0xDEFB, 0xDEFB, 0xDEFB, 0xDEFB, 0xDEFB, 0xDEFB, 0x4D66, 0x4D66, 0x4D66, 0x4D66,
        0x4D66, 0x4D66, 0x4D66, 0x4D66, 0x4D66, 0x2239, 0x2239, 0x2239, 0x225A, 0x225A, 0x225A, 0x225A,
        0x3CB2, 0x3CB2, 0x3CB2, 0x3CB2, 0x3CB2, 0x3CB2, 0x3CB2, 0x3CB2, 0x3CB2, 0x18E3, 0x18E3, 0x18E3,
        0x18E3, 0x18E3, 0x18E3, 0x18E3, 0x91D2, 0x91D2, 0x91D2, 0x91D2, 0x91D2, 0x91D2, 0x91D2, 0x91D2,
        0x91D2, 0xD124, 0xD124, 0xD124, 0xD124, 0xD124, 0xD124, 0xD124, 0xBC04, 0xBC04, 0xBC04, 0xBC04,
        0xBC04, 0xBC04, 0xBC04, 0xBC04, 0xBC04, 0xEF7D, 0xEF7D, 0xEF7D, 0xEF7D, 0xEF7D, 0xEF7D, 0xEF7D,
        0x55C7, 0x55C7, 0x55C7, 0x55C7, 0x55C7, 0x55C7, 0x55C7, 0x55C7, 0x55C7, 0x225A, 0x225A, 0x225A,
        0x2A9C, 0x2A9C, 0x2A9C, 0x2A9C, 0x3D14, 0x3D14, 0x3D14, 0x3D14, 0x3D14, 0x3D14, 0x3D14, 0x3D14,
        0x3D14, 0x18E3, 0x18E3, 0x18E3, 0x18E3, 0x18E3, 0x18E3, 0x18E3, 0xA1F4, 0xA1F4, 0xA1F4, 0xA1F4,
        0xA1F4, 0xA1F4, 0xA1F4, 0xA1F4, 0xA1F4, 0xE145, 0xE145, 0xE145, 0xE145, 0xE145, 0xE145, 0xE145,
        0xCC65, 0xCC65, 0xCC65, 0xCC65, 0xCC65, 0xCC65, 0xCC65, 0xCC65, 0xCC65, 0xFFFF, 0xFFFF, 0xFFFF,
        0xFFFF, 0xFFFF, 0xFFFF, 0xFFFF, 0x5E47, 0x5E47, 0x5E47, 0x5E47, 0x5E47, 0x5E47, 0x5E47, 0x5E47,
        0x5E47, 0x2A9C, 0x2A9C, 0x2A9C, 0x8C68, 0x8C68, 0x9526, 0x9526, 0x9526, 0x9526, 0x8C83, 0x8BE1,
        0x8BE1, 0x8BE1, 0xB426, 0xB426, 0xB426, 0xB426, 0xBC03, 0xC3E1, 0xC3E1, 0xC3E1, 0xBCE1, 0xBCE1,
        0xBCE1, 0xBCE1, 0xC585, 0xCE09, 0xCE09, 0xCE09, 0x9D82, 0x9D82, 0x9D82, 0x9D82, 0x94E5, 0x8C68,
        0x19D4, 0x19D4, 0x2B8E, 0x2B8E, 0x2B8E, 0x2B8E, 0x2208, 0x10A2, 0x10A2, 0x10A2, 0x714E, 0x714E,
        0x714E, 0x714E, 0x8928, 0xA0E3, 0xA0E3, 0xA0E3, 0x8B23, 0x8B23, 0x8B23, 0x8B23, 0xA46D, 0xB5B6,
        0xB5B6, 0xB5B6, 0x4465, 0x4465, 0x4465, 0x4465, 0x2B2C, 0x19D4, 0x2218, 0x2218, 0x3430, 0x3430,
        0x3430, 0x3430, 0x228A, 0x18C3, 0x18C3, 0x18C3, 0x8190, 0x8190, 0x8190, 0x8190, 0xA14A, 0xC104,
        0xC104, 0xC104, 0xABA4, 0xABA4, 0xABA4, 0xABA4, 0xBD2F, 0xD6BA, 0xD6BA, 0xD6BA, 0x4D46, 0x4D46,
        0x4D46, 0x4D46, 0x33AF, 0x2218, 0x227B, 0x227B, 0x3CD3, 0x3CD3, 0x3CD3, 0x3CD3, 0x2AEB, 0x18E3,
        0x18E3, 0x18E3, 0x99D3, 0x99D3, 0x99D3, 0x99D3, 0xB98C, 0xD924, 0xD924, 0xD924, 0xC444, 0xC444,
        0xC444, 0xC444, 0xDE11, 0xF7BE, 0xF7BE, 0xF7BE, 0x5607, 0x5607, 0x5607, 0x5607, 0x3C51, 0x227B,
        0x1170, 0x1170, 0x22EB, 0x22EB, 0x22EB, 0x22EB, 0x19A6, 0x1082, 0x1082, 0x1082, 0x590B, 0x590B,
        0x590B, 0x590B, 0x70E7, 0x80A2, 0x80A2, 0x80A2, 0x7282, 0x7282, 0x7282, 0x7282, 0x838A, 0x94B2,
        0x94B2, 0x94B2, 0x33A4, 0x33A4, 0x33A4, 0x33A4, 0x228A, 0x1170, 0x19D4, 0x19D4, 0x2B8E, 0x2B8E,
        0x2B8E, 0x2B8E, 0x2208, 0x10A2, 0x10A2, 0x10A2, 0x714E, 0x714E, 0x714E, 0x714E, 0x8928, 0xA0E3,
        0xA0E3, 0xA0E3, 0x8B23, 0x8B23, 0x8B23, 0x8B23, 0xA46D, 0xB5B6, 0xB5B6, 0xB5B6, 0x4465, 0x4465,
        0x4465, 0x4465, 0x2B2C, 0x19D4, 0x2218, 0x2218, 0x3430, 0x3430, 0x3430, 0x3430, 0x228A, 0x18C3,
        0x18C3, 0x18C3, 0x8190, 0x8190, 0x8190, 0x8190, 0xA14A, 0xC104, 0xC104, 0xC104, 0xABA4, 0xABA4,
        0xABA4, 0xABA4, 0xBD2F, 0xD6BA, 0xD6BA, 0xD6BA, 0x4D46, 0x4D46, 0x4D46, 0x4D46, 0x33AF, 0x2218,
        0x227B, 0x227B, 0x3CD3, 0x3CD3, 0x3CD3, 0x3CD3, 0x2AEB, 0x18E3, 0x18E3, 0x18E3, 0x99D3, 0x99D3,
        0x99D3, 0x99D3, 0xB98C, 0xD924, 0xD924, 0xD924, 0xC444, 0xC444, 0xC444, 0xC444, 0xDE11, 0xF7BE,
        0xF7BE, 0xF7BE, 0x5607, 0x5607, 0x5607, 0x5607, 0x3C51, 0x227B, 0x8C68, 0x8C68, 0x9526, 0x9526,
        0x9526, 0x9526, 0x8C83, 0x8BE1, 0x8BE1, 0x8BE1, 0xB426, 0xB426, 0xB426, 0xB426, 0xBC03, 0xC3E1,
        0xC3E1, 0xC3E1, 0xBCE1, 0xBCE1, 0xBCE1, 0xBCE1, 0xC585, 0xCE09, 0xCE09, 0xCE09, 0x9D82, 0x9D82,
        0x9D82, 0x9D82, 0x94E5, 0x8C68, 0x19D4, 0x19D4, 0x2B8E, 0x2B8E, 0x2B8E, 0x2B8E, 0x2208, 0x10A2,
        0x10A2, 0x10A2, 0x714E, 0x714E, 0x714E, 0x714E, 0x8928, 0xA0E3, 0xA0E3, 0xA0E3, 0x8B23, 0x8B23,
        0x8B23, 0x8B23, 0xA46D, 0xB5B6, 0xB5B6, 0xB5B6, 0x4465, 0x4465, 0x4465, 0x4465, 0x2B2C, 0x19D4,
        0x2218, 0x2218, 0x3430, 0x3430, 0x3430, 0x3430, 0x228A, 0x18C3, 0x18C3, 0x18C3, 0x8190, 0x8190,
        0x8190, 0x8190, 0xA14A, 0xC104, 0xC104, 0xC104, 0xABA4, 0xABA4, 0xABA4, 0xABA4, 0xBD2F, 0xD6BA,
        0xD6BA, 0xD6BA, 0x4D46, 0x4D46, 0x4D46, 0x4D46, 0x33AF, 0x2218, 0x227B, 0x227B, 0x3CD3, 0x3CD3,
        0x3CD3, 0x3CD3, 0x2AEB, 0x18E3, 0x18E3, 0x18E3, 0x99D3, 0x99D3, 0x99D3, 0x99D3, 0xB98C, 0xD924,
        0xD924, 0xD924, 0xC444, 0xC444, 0xC444, 0xC444, 0xDE11, 0xF7BE, 0xF7BE, 0xF7BE, 0x5607, 0x5607,
        0x5607, 0x5607, 0x3C51, 0x227B, 0x1170, 0x1170, 0x22EB, 0x22EB, 0x22EB, 0x22EB, 0x19A6, 0x1082,
        0x1082, 0x1082, 0x590B, 0x590B, 0x590B, 0x590B, 0x70E7, 0x80A2, 0x80A2, 0x80A2, 0x7282, 0x7282,
        0x7282, 0x7282, 0x838A, 0x94B2, 0x94B2, 0x94B2, 0x33A4, 0x33A4, 0x33A4, 0x33A4, 0x228A, 0x1170,
        0x19D4, 0x19D4, 0x2B8E, 0x2B8E, 0x2B8E, 0x2B8E, 0x2208, 0x10A2, 0x10A2, 0x10A2, 0x714E, 0x714E,
        0x714E, 0x714E, 0x8928, 0xA0E3, 0xA0E3, 0xA0E3, 0x8B23, 0x8B23, 0x8B23, 0x8B23, 0xA46D, 0xB5B6,
        0xB5B6, 0xB5B6, 0x4465, 0x4465, 0x4465, 0x4465, 0x2B2C, 0x19D4, 0x2218, 0x2218, 0x3430, 0x3430,
        0x3430, 0x3430, 0x228A, 0x18C3, 0x18C3, 0x18C3, 0x8190, 0x8190, 0x8190, 0x8190, 0xA14A, 0xC104,
        0xC104, 0xC104, 0xABA4, 0xABA4, 0xABA4, 0xABA4, 0xBD2F, 0xD6BA, 0xD6BA, 0xD6BA, 0x4D46, 0x4D46,
        0x4D46, 0x4D46, 0x33AF, 0x2218, 0x227B, 0x227B, 0x3CD3, 0x3CD3, 0x3CD3, 0x3CD3, 0x2AEB, 0x18E3,
        0x18E3, 0x18E3, 0x99D3, 0x99D3, 0x99D3, 0x99D3, 0xB98C, 0xD924, 0xD924, 0xD924, 0xC444, 0xC444,
        0xC444, 0xC444, 0xDE11, 0xF7BE, 0xF7BE, 0xF7BE, 0x5607, 0x5607, 0x5607, 0x5607, 0x3C51, 0x227B,
        0x8C68, 0x8C68, 0x9526, 0x9526, 0x9526, 0x9526, 0x8C83, 0x8BE1, 0x8BE1, 0x8BE1, 0xB426, 0xB426,
        0xB426, 0xB426, 0xBC03, 0xC3E1, 0xC3E1, 0xC3E1, 0xBCE1, 0xBCE1, 0xBCE1, 0xBCE1, 0xC585, 0xCE09,
        0xCE09, 0xCE09, 0x9D82, 0x9D82, 0x9D82, 0x9D82, 0x94E5, 0x8C68, 0x19D4, 0x19D4, 0x2B8E, 0x2B8E,
        0x2B8E, 0x2B8E, 0x2208, 0x10A2, 0x10A2, 0x10A2, 0x714E, 0x714E, 0x714E, 0x714E, 0x8928, 0xA0E3,
        0xA0E3, 0xA0E3, 0x8B23, 0x8B23, 0x8B23, 0x8B23, 0xA46D, 0xB5B6, 0xB5B6, 0xB5B6, 0x4465, 0x4465,
        0x4465, 0x4465, 0x2B2C, 0x19D4, 0x2218, 0x2218, 0x3430, 0x3430, 0x3430, 0x3430, 0x228A, 0x18C3,
        0x18C3, 0x18C3, 0x8190, 0x8190, 0x8190, 0x8190, 0xA14A, 0xC104, 0xC104, 0xC104, 0xABA4, 0xABA4,
        0xABA4, 0xABA4, 0xBD2F, 0xD6BA, 0xD6BA, 0xD6BA, 0x4D46, 0x4D46, 0x4D46, 0x4D46, 0x33AF, 0x2218,
        0x227B, 0x227B, 0x3CD3, 0x3CD3, 0x3CD3, 0x3CD3, 0x2AEB, 0x18E3, 0x18E3, 0x18E3, 0x99D3, 0x99D3,
        0x99D3, 0x99D3, 0xB98C, 0xD924, 0xD924, 0xD924, 0xC444, 0xC444, 0xC444, 0xC444, 0xDE11, 0xF7BE,
        0xF7BE, 0xF7BE, 0x5607, 0x5607, 0x5607, 0x5607, 0x3C51, 0x227B, 0x1170, 0x1170, 0x22EB, 0x22EB,
        0x22EB, 0x22EB, 0x19A6, 0x1082, 0x1082, 0x1082, 0x590B, 0x590B, 0x590B, 0x590B, 0x70E7, 0x80A2,
        0x80A2, 0x80A2, 0x7282, 0x7282, 0x7282, 0x7282, 0x838A, 0x94B2, 0x94B2, 0x94B2, 0x33A4, 0x33A4,
        0x33A4, 0x33A4, 0x228A, 0x1170, 0x19D4, 0x19D4, 0x2B8E, 0x2B8E, 0x2B8E, 0x2B8E, 0x2208, 0x10A2,
        0x10A2, 0x10A2, 0x714E, 0x714E, 0x714E, 0x714E, 0x8928, 0xA0E3, 0xA0E3, 0xA0E3, 0x8B23, 0x8B23,
        0x8B23, 0x8B23, 0xA46D, 0xB5B6, 0xB5B6, 0xB5B6, 0x4465, 0x4465, 0x4465, 0x4465, 0x2B2C, 0x19D4,
        0x2218, 0x2218, 0x3430, 0x3430, 0x3430, 0x3430, 0x228A, 0x18C3, 0x18C3, 0x18C3, 0x8190, 0x8190,
        0x8190, 0x8190, 0xA14A, 0xC104, 0xC104, 0xC104, 0xABA4, 0xABA4, 0xABA4, 0xABA4, 0xBD2F, 0xD6BA,
        0xD6BA, 0xD6BA, 0x4D46, 0x4D46, 0x4D46, 0x4D46, 0x33AF, 0x2218, 0x227B, 0x227B, 0x3CD3, 0x3CD3,
        0x3CD3, 0x3CD3, 0x2AEB, 0x18E3, 0x18E3, 0x18E3, 0x99D3, 0x99D3, 0x99D3, 0x99D3, 0xB98C, 0xD924,
        0xD924, 0xD924, 0xC444, 0xC444, 0xC444, 0xC444, 0xDE11, 0xF7BE, 0xF7BE, 0xF7BE, 0x5607, 0x5607,
        0x5607, 0x5607, 0x3C51, 0x227B, 0x8C68, 0x8C68, 0x9526, 0x9526, 0x9526, 0x9526, 0x8C83, 0x8BE1,
        0x8BE1, 0x8BE1, 0xB426, 0xB426, 0xB426, 0xB426, 0xBC03, 0xC3E1, 0xC3E1, 0xC3E1, 0xBCE1, 0xBCE1,
        0xBCE1, 0xBCE1, 0xC585, 0xCE09, 0xCE09, 0xCE09, 0x9D82, 0x9D82, 0x9D82, 0x9D82, 0x94E5, 0x8C68,
        0x19D4, 0x19D4, 0x2B8E, 0x2B8E, 0x2B8E, 0x2B8E, 0x2208, 0x10A2, 0x10A2, 0x10A2, 0x714E, 0x714E,
        0x714E, 0x714E, 0x8928, 0xA0E3, 0xA0E3, 0xA0E3, 0x8B23, 0x8B23, 0x8B23, 0x8B23, 0xA46D, 0xB5B6,
        0xB5B6, 0xB5B6, 0x4465, 0x4465, 0x4465, 0x4465, 0x2B2C, 0x19D4, 0x2218, 0x2218, 0x3430, 0x3430,
        0x3430, 0x3430, 0x228A, 0x18C3, 0x18C3, 0x18C3, 0x8190, 0x8190, 0x8190, 0x8190, 0xA14A, 0xC104,
        0xC104, 0xC104, 0xABA4, 0xABA4, 0xABA4, 0xABA4, 0xBD2F, 0xD6BA, 0xD6BA, 0xD6BA, 0x4D46, 0x4D46,
        0x4D46, 0x4D46, 0x33AF, 0x2218, 0x227B, 0x227B, 0x3CD3, 0x3CD3, 0x3CD3, 0x3CD3, 0x2AEB, 0x18E3,
        0x18E3, 0x18E3, 0x99D3, 0x99D3, 0x99D3, 0x99D3, 0xB98C, 0xD924, 0xD924, 0xD924, 0xC444, 0xC444,
        0xC444, 0xC444, 0xDE11, 0xF7BE, 0xF7BE, 0xF7BE, 0x5607, 0x5607, 0x5607, 0x5607, 0x3C51, 0x227B,
        0x1170, 0x1170, 0x22EB, 0x22EB, 0x22EB, 0x22EB, 0x19A6, 0x1082, 0x1082, 0x1082, 0x590B, 0x590B,
        0x590B, 0x590B, 0x70E7, 0x80A2, 0x80A2, 0x80A2, 0x7282, 0x7282, 0x7282, 0x7282, 0x838A, 0x94B2,
        0x94B2, 0x94B2, 0x33A4, 0x33A4, 0x33A4, 0x33A4, 0x228A, 0x1170, 0x19D4, 0x19D4, 0x2B8E, 0x2B8E,
        0x2B8E, 0x2B8E, 0x2208, 0x10A2, 0x10A2, 0x10A2, 0x714E, 0x714E, 0x714E, 0x714E, 0x8928, 0xA0E3,
        0xA0E3, 0xA0E3, 0x8B23, 0x8B23, 0x8B23, 0x8B23, 0xA46D, 0xB5B6, 0xB5B6, 0xB5B6, 0x4465, 0x4465,
        0x4465, 0x4465, 0x2B2C, 0x19D4, 0x2218, 0x2218, 0x3430, 0x3430, 0x3430, 0x3430, 0x228A, 0x18C3,
        0x18C3, 0x18C3, 0x8190, 0x8190, 0x8190, 0x8190, 0xA14A, 0xC104, 0xC104, 0xC104, 0xABA4, 0xABA4,
        0xABA4, 0xABA4, 0xBD2F, 0xD6BA, 0xD6BA, 0xD6BA, 0x4D46, 0x4D46, 0x4D46, 0x4D46, 0x33AF, 0x2218,
        0x227B, 0x227B, 0x3CD3, 0x3CD3, 0x3CD3, 0x3CD3, 0x2AEB, 0x18E3, 0x18E3, 0x18E3, 0x99D3, 0x99D3,
        0x99D3, 0x99D3, 0xB98C, 0xD924, 0xD924, 0xD924, 0xC444, 0xC444, 0xC444, 0xC444, 0xDE11, 0xF7BE,
        0xF7BE, 0xF7BE, 0x5607, 0x5607, 0x5607, 0x5607, 0x3C51, 0x227B, 0x530E, 0x5C4A, 0x5C4A, 0x52C4,
        0x4A41, 0x92CA, 0x92CA, 0xAA84, 0xB262, 0xA402, 0xA402, 0xBD6C, 0xC5D0, 0x6CE3, 0x6CE3, 0x5B8B,
        0x225A, 0x3492, 0x3492, 0x21C7, 0x18C3, 0x91B2, 0x91B2, 0xC147, 0xD124, 0xB3E4, 0xB3E4, 0xDE76,
        0xE73C, 0x55A6, 0x55A6, 0x2B15, 0x19B2, 0x232C, 0x232C, 0x1945, 0x1082, 0x612C, 0x612C, 0x88E5,
        0x90C3, 0x82C3, 0x82C3, 0x9C90, 0xA534, 0x3C04, 0x3C04, 0x222F, 0x225A, 0x3492, 0x3492, 0x21C7,
        0x18C3, 0x91B2, 0x91B2, 0xC147, 0xD124, 0xB3E4, 0xB3E4, 0xDE76, 0xE73C, 0x55A6, 0x55A6, 0x2B15,
        0x530E, 0x5C4A, 0x5C4A, 0x52C4, 0x4A41, 0x92CA, 0x92CA, 0xAA84, 0xB262, 0xA402, 0xA402, 0xBD6C,
        0xC5D0, 0x6CE3, 0x6CE3, 0x5B8B, 0x225A, 0x3492, 0x3492, 0x21C7, 0x18C3, 0x91B2, 0x91B2, 0xC147,
        0xD124, 0xB3E4, 0xB3E4, 0xDE76, 0xE73C, 0x55A6, 0x55A6, 0x2B15, 0x19B2, 0x232C, 0x232C, 0x1945,
        0x1082, 0x612C, 0x612C, 0x88E5, 0x90C3, 0x82C3, 0x82C3, 0x9C90, 0xA534, 0x3C04, 0x3C04, 0x222F,
        0x225A, 0x3492, 0x3492, 0x21C7, 0x18C3, 0x91B2, 0x91B2, 0xC147, 0xD124, 0xB3E4, 0xB3E4, 0xDE76,
        0xE73C, 0x55A6, 0x55A6, 0x2B15, 0x530E, 0x5C4A, 0x5C4A, 0x52C4, 0x4A41, 0x92CA, 0x92CA, 0xAA84,
        0xB262, 0xA402, 0xA402, 0xBD6C, 0xC5D0, 0x6CE3, 0x6CE3, 0x5B8B, 0x225A, 0x3492, 0x3492, 0x21C7,
        0x18C3, 0x91B2, 0x91B2, 0xC147, 0xD124, 0xB3E4, 0xB3E4, 0xDE76, 0xE73C, 0x55A6, 0x55A6, 0x2B15,
        0x19B2, 0x232C, 0x232C, 0x1945, 0x1082, 0x612C, 0x612C, 0x88E5, 0x90C3, 0x82C3, 0x82C3, 0x9C90,
        0xA534, 0x3C04, 0x3C04, 0x222F, 0x225A, 0x3492, 0x3492, 0x21C7, 0x18C3, 0x91B2, 0x91B2, 0xC147,
        0xD124, 0xB3E4, 0xB3E4, 0xDE76, 0xE73C, 0x55A6, 0x55A6, 0x2B15, 0x530E, 0x5C4A, 0x5C4A, 0x52C4,
        0x4A41, 0x92CA, 0x92CA, 0xAA84, 0xB262, 0xA402, 0xA402, 0xBD6C, 0xC5D0, 0x6CE3, 0x6CE3, 0x5B8B,
        0x225A, 0x3492, 0x3492, 0x21C7, 0x18C3, 0x91B2, 0x91B2, 0xC147, 0xD124, 0xB3E4, 0xB3E4, 0xDE76,
        0xE73C, 0x55A6, 0x55A6, 0x2B15, 0x19B2, 0x232C, 0x232C, 0x1945, 0x1082, 0x612C, 0x612C, 0x88E5,
        0x90C3, 0x82C3, 0x82C3, 0x9C90, 0xA534, 0x3C04, 0x3C04, 0x222F, 0x225A, 0x3492, 0x3492, 0x21C7,
        0x18C3, 0x91B2, 0x91B2, 0xC147, 0xD124, 0xB3E4, 0xB3E4, 0xDE76, 0xE73C, 0x55A6, 0x55A6, 0x2B15,
        0x4391, 0x4349, 0x61E8, 0xA20A, 0xBAE3, 0xBCEA, 0x9DED, 0x544A, 0x22F2, 0x22AA, 0x4909, 0x914B,
        0xA223, 0xAC6B, 0x858F, 0x33CC, 0x4391, 0x4349, 0x61E8, 0xA20A, 0xBAE3, 0xBCEA, 0x9DED, 0x544A,
        0x22F2, 0x22AA, 0x4909, 0x914B, 0xA223, 0xAC6B, 0x858F, 0x33CC, 0x4391, 0x4349, 0x61E8, 0xA20A,
        0xBAE3, 0xBCEA, 0x9DED, 0x544A, 0x22F2, 0x22AA, 0x4909, 0x914B, 0xA223, 0xAC6B, 0x858F, 0x33CC,
        0x4391, 0x4349, 0x61E8, 0xA20A, 0xBAE3, 0xBCEA, 0x9DED, 0x544A, 0x22F2, 0x22AA, 0x4909, 0x914B,
        0xA223, 0xAC6B, 0x858F, 0x33CC, 0x332E, 0x7989, 0xB3A7, 0x6CED, 0x332E, 0x7989, 0xB3A7, 0x6CED,
        0x332E, 0x7989, 0xB3A7, 0x6CED, 0x332E, 0x7989, 0xB3A7, 0x6CED, 0x524B, 0x8C4A, 0x524B, 0x8C4A,
        0x734B,
    },
    {
        0xFF20, 0xFF20, 0xFF20, 0xFF20, 0xFF20, 0xFF20, 0xFF20, 0xFF20, 0xFF20, 0xFF20, 0xFF20, 0xFF20,
        0xFF20, 0xFF20, 0xFF20, 0xFF20, 0xFF20, 0xFF20, 0xFF20, 0xFF20, 0xFF20, 0xFF20, 0xFF20, 0xFF20,
        0xFF20, 0xFF20, 0xFF20, 0xFF20, 0xFF20, 0xFF20, 0xFF20, 0xFF20, 0xFF20, 0xFF20, 0xFF20, 0xFF20,
        0xFF20, 0xFF20, 0xFF20, 0xFF20, 0xFF20, 0xFF20, 0xFF20, 0xFF20, 0xFF20, 0xFF20, 0xFF20, 0xFF20,
        0xFF20, 0xFF20, 0xFF20, 0xFF20, 0xFF20, 0xFF20, 0xFF20, 0xFF20, 0xFF20, 0xFF20, 0xFF20, 0xFF20,
        0xFF20, 0xFF20, 0xFF20, 0xFF20, 0x1991, 0x1991, 0x1991, 0x1991, 0x230C, 0x230C, 0x230C, 0x230C,
        0x230C, 0x230C, 0x230C, 0x230C, 0x230C, 0x1082, 0x1082, 0x1082, 0x1082, 0x1082, 0x1082, 0x1082,
        0x612C, 0x612C, 0x612C, 0x612C, 0x612C, 0x612C, 0x612C, 0x612C, 0x612C, 0x88C3, 0x88C3, 0x88C3,
        0x88C3, 0x88C3, 0x88C3, 0x88C3, 0x7AA3, 0x7AA3, 0x7AA3, 0x7AA3, 0x7AA3, 0x7AA3, 0x7AA3, 0x7AA3,
        0x7AA3, 0x9CF3, 0x9CF3, 0x9CF3, 0x9CF3, 0x9CF3, 0x9CF3, 0x9CF3, 0x33C4, 0x33C4, 0x33C4, 0x33C4,
        0x33C4, 0x33C4, 0x33C4, 0x33C4, 0x33C4, 0x1991, 0x1991, 0x1991, 0x19B3, 0x19B3, 0x19B3, 0x19B3,
        0x2B6D, 0x2B6D, 0x2B6D, 0x2B6D, 0x2B6D, 0x2B6D, 0x2B6D, 0x2B6D, 0x2B6D, 0x10A2, 0x10A2, 0x10A2,
        0x10A2, 0x10A2, 0x10A2, 0x10A2, 0x694D, 0x694D, 0x694D, 0x694D, 0x694D, 0x694D, 0x694D, 0x694D,
        0x694D, 0x98C3, 0x98C3, 0x98C3, 0x98C3, 0x98C3, 0x98C3, 0x98C3, 0x82E3, 0x82E3, 0x82E3, 0x82E3,
        0x82E3, 0x82E3, 0x82E3, 0x82E3, 0x82E3, 0xAD75, 0xAD75, 0xAD75, 0xAD75, 0xAD75, 0xAD75, 0xAD75,
        0x3C25, 0x3C25, 0x3C25, 0x3C25, 0x3C25, 0x3C25, 0x3C25, 0x3C25, 0x3C25, 0x19B3, 0x19B3, 0x19B3,
        0x19D5, 0x19D5, 0x19D5, 0x19D5, 0x2BAE, 0x2BAE, 0x2BAE, 0x2BAE, 0x2BAE, 0x2BAE, 0x2BAE, 0x2BAE,
        0x2BAE, 0x10A2, 0x10A2, 0x10A2, 0x10A2, 0x10A2, 0x10A2, 0x10A2, 0x716E, 0x716E, 0x716E, 0x716E,
        0x716E, 0x716E, 0x716E, 0x716E, 0x716E, 0xA8E3, 0xA8E3, 0xA8E3, 0xA8E3, 0xA8E3, 0xA8E3, 0xA8E3,
        0x9343, 0x9343, 0x9343, 0x9343, 0x9343, 0x9343, 0x9343, 0x9343, 0x9343, 0xBDF7, 0xBDF7, 0xBDF7,
        0xBDF7, 0xBDF7, 0xBDF7, 0xBDF7, 0x44A5, 0x44A5, 0x44A5, 0x44A5, 0x44A5, 0x44A5, 0x44A5, 0x44A5,
        0x44A5, 0x19D5, 0x19D5, 0x19D5, 0x2217, 0x2217, 0x2217, 0x2217, 0x3410, 0x3410, 0x3410, 0x3410,
        0x3410, 0x3410, 0x3410, 0x3410, 0x3410, 0x18C3, 0x18C3, 0x18C3, 0x18C3, 0x18C3, 0x18C3, 0x18C3,
        0x8190, 0x8190, 0x8190, 0x8190, 0x8190, 0x8190, 0x8190, 0x8190, 0x8190, 0xB904, 0xB904, 0xB904,
        0xB904, 0xB904, 0xB904, 0xB904, 0xA384, 0xA384, 0xA384, 0xA384, 0xA384, 0xA384, 0xA384, 0xA384,
        0xA384, 0xCE79, 0xCE79, 0xCE79, 0xCE79, 0xCE79, 0xCE79, 0xCE79, 0x4D06, 0x4D06, 0x4D06, 0x4D06,
        0x4D06, 0x4D06, 0x4D06, 0x4D06, 0x4D06, 0x2217, 0x2217, 0x2217, 0x2239, 0x2239, 0x2239, 0x2239,
        0x3451, 0x3451, 0x3451, 0x3451, 0x3451, 0x3451, 0x3451, 0x3451, 0x3451, 0x18C3, 0x18C3, 0x18C3,
        0x18C3, 0x18C3, 0x18C3, 0x18C3, 0x89B1, 0x89B1, 0x89B1, 0x89B1, 0x89B1, 0x89B1, 0x89B1, 0x89B1,
        0x89B1, 0xC904, 0xC904, 0xC904, 0xC904, 0xC904, 0xC904, 0xC904, 0xABC4, 0xABC4, 0xABC4, 0xABC4,
        0xABC4, 0xABC4, 0xABC4, 0xABC4, 0xABC4, 0xDEFB, 0xDEFB, 0xDEFB, 0xDEFB, 0xDEFB, 0xDEFB, 0xDEFB,
        0x4D66, 0x4D66, 0x4D66, 0x4D66, 0x4D66, 0x4D66, 0x4D66, 0x4D66, 0x4D66, 0x2239, 0x2239, 0x2239,
        0x225A, 0x225A, 0x225A, 0x225A, 0x3CB2, 0x3CB2, 0x3CB2, 0x3CB2, 0x3CB2, 0x3CB2, 0x3CB2, 0x3CB2,
        0x3CB2, 0x18E3, 0x18E3, 0x18E3, 0x18E3, 0x18E3, 0x18E3, 0x18E3, 0x91D2, 0x91D2, 0x91D2, 0x91D2,
        0x91D2, 0x91D2, 0x91D2, 0x91D2, 0x91D2, 0xD124, 0xD124, 0xD124, 0xD124, 0xD124, 0xD124, 0xD124,
        0xBC04, 0xBC04, 0xBC04, 0xBC04, 0xBC04, 0xBC04, 0xBC04, 0xBC04, 0xBC04, 0xEF7D, 0xEF7D, 0xEF7D,
        0xEF7D, 0xEF7D, 0xEF7D, 0xEF7D, 0x55C7, 0x55C7, 0x55C7, 0x55C7, 0x55C7, 0x55C7, 0x55C7, 0x55C7,
        0x55C7, 0x225A, 0x225A, 0x225A, 0x2A9C, 0x2A9C, 0x2A9C, 0x2A9C, 0x3D14, 0x3D14, 0x3D14, 0x3D14,
        0x3D14, 0x3D14, 0x3D14, 0x3D14, 0x3D14, 0x18E3, 0x18E3, 0x18E3, 0x18E3, 0x18E3, 0x18E3, 0x18E3,
        0xA1F4, 0xA1F4, 0xA1F4, 0xA1F4, 0xA1F4, 0xA1F4, 0xA1F4, 0xA1F4, 0xA1F4, 0xE145, 0xE145, 0xE145,
        0xE145, 0xE145, 0xE145, 0xE145, 0xCC65, 0xCC65, 0xCC65, 0xCC65, 0xCC65, 0xCC65, 0xCC65, 0xCC65,
        0xCC65, 0xFFFF, 0xFFFF, 0xFFFF, 0xFFFF, 0xFFFF, 0xFFFF, 0xFFFF, 0x5E47, 0x5E47, 0x5E47, 0x5E47,
        0x5E47, 0x5E47, 0x5E47, 0x5E47, 0x5E47, 0x2A9C, 0x2A9C, 0x2A9C, 0x116F, 0x116F, 0x116F, 0x116F,
        0x22CB, 0x22CB, 0x22CB, 0x22CB, 0x22CB, 0x22CB, 0x22CB, 0x22CB, 0x22CB, 0x1082, 0x1082, 0x1082,
        0x1082, 0x1082, 0x1082, 0x1082, 0x590B, 0x590B, 0x590B, 0x590B, 0x590B, 0x590B, 0x590B, 0x590B,
        0x590B, 0x78A2, 0x78A2, 0x78A2, 0x78A2, 0x78A2, 0x78A2, 0x78A2, 0x6A62, 0x6A62, 0x6A62, 0x6A62,
        0x6A62, 0x6A62, 0x6A62, 0x6A62, 0x6A62, 0x8C71, 0x8C71, 0x8C71, 0x8C71, 0x8C71, 0x8C71, 0x8C71,
        0x3364, 0x3364, 0x3364, 0x3364, 0x3364, 0x3364, 0x3364, 0x3364, 0x3364, 0x116F, 0x116F, 0x116F,
        0x1991, 0x1991, 0x1991, 0x1991, 0x230C, 0x230C, 0x230C, 0x230C, 0x230C, 0x230C, 0x230C, 0x230C,
        0x230C, 0x1082, 0x1082, 0x1082, 0x1082, 0x1082, 0x1082, 0x1082, 0x612C, 0x612C, 0x612C, 0x612C,
        0x612C, 0x612C, 0x612C, 0x612C, 0x612C, 0x88C3, 0x88C3, 0x88C3, 0x88C3, 0x88C3, 0x88C3, 0x88C3,
        0x7AA3, 0x7AA3, 0x7AA3, 0x7AA3, 0x7AA3, 0x7AA3, 0x7AA3, 0x7AA3, 0x7AA3, 0x9CF3, 0x9CF3, 0x9CF3,
        0x9CF3, 0x9CF3, 0x9CF3, 0x9CF3, 0x33C4, 0x33C4, 0x33C4, 0x33C4, 0x33C4, 0x33C4, 0x33C4, 0x33C4,
        0x33C4, 0x1991, 0x1991, 0x1991, 0x19B3, 0x19B3, 0x19B3, 0x19B3, 0x2B6D, 0x2B6D, 0x2B6D, 0x2B6D,
        0x2B6D, 0x2B6D, 0x2B6D, 0x2B6D, 0x2B6D, 0x10A2, 0x10A2, 0x10A2, 0x10A2, 0x10A2, 0x10A2, 0x10A2,
        0x694D, 0x694D, 0x694D, 0x694D, 0x694D, 0x694D, 0x694D, 0x694D, 0x694D, 0x98C3, 0x98C3, 0x98C3,
        0x98C3, 0x98C3, 0x98C3, 0x98C3, 0x82E3, 0x82E3, 0x82E3, 0x82E3, 0x82E3, 0x82E3, 0x82E3, 0x82E3,
        0x82E3, 0xAD75, 0xAD75, 0xAD75, 0xAD75, 0xAD75, 0xAD75, 0xAD75, 0x3C25, 0x3C25, 0x3C25, 0x3C25,
        0x3C25, 0x3C25, 0x3C25, 0x3C25, 0x3C25, 0x19B3, 0x19B3, 0x19B3, 0x19D5, 0x19D5, 0x19D5, 0x19D5,
        0x2BAE, 0x2BAE, 0x2BAE, 0x2BAE, 0x2BAE, 0x2BAE, 0x2BAE, 0x2BAE, 0x2BAE, 0x10A2, 0x10A2, 0x10A2,
        0x10A2, 0x10A2, 0x10A2, 0x10A2, 0x716E, 0x716E, 0x716E, 0x716E, 0x716E, 0x716E, 0x716E, 0x716E,
        0x716E, 0xA8E3, 0xA8E3, 0xA8E3, 0xA8E3, 0xA8E3, 0xA8E3, 0xA8E3, 0x9343, 0x9343, 0x9343, 0x9343,
        0x9343, 0x9343, 0x9343, 0x9343, 0x9343, 0xBDF7, 0xBDF7, 0xBDF7, 0xBDF7, 0xBDF7, 0xBDF7, 0xBDF7,
        0x44A5, 0x44A5, 0x44A5, 0x44A5, 0x44A5, 0x44A5, 0x44A5, 0x44A5, 0x44A5, 0x19D5, 0x19D5, 0x19D5,
        0x2217, 0x2217, 0x2217, 0x2217, 0x3410, 0x3410, 0x3410, 0x3410, 0x3410, 0x3410, 0x3410, 0x3410,
        0x3410, 0x18C3, 0x18C3, 0x18C3, 0x18C3, 0x18C3, 0x18C3, 0x18C3, 0x8190, 0x8190, 0x8190, 0x8190,
        0x8190, 0x8190, 0x8190, 0x8190, 0x8190, 0xB904, 0xB904, 0xB904, 0xB904, 0xB904, 0xB904, 0xB904,
        0xA384, 0xA384, 0xA384, 0xA384, 0xA384, 0xA384, 0xA384, 0xA384, 0xA384, 0xCE79, 0xCE79, 0xCE79,
        0xCE79, 0xCE79, 0xCE79, 0xCE79, 0x4D06, 0x4D06, 0x4D06, 0x4D06, 0x4D06, 0x4D06, 0x4D06, 0x4D06,
        0x4D06, 0x2217, 0x2217, 0x2217, 0x2239, 0x2239, 0x2239, 0x2239, 0x3451, 0x3451, 0x3451, 0x3451,
        0x3451, 0x3451, 0x3451, 0x3451, 0x3451, 0x18C3, 0x18C3, 0x18C3, 0x18C3, 0x18C3, 0x18C3, 0x18C3,
        0x89B1, 0x89B1, 0x89B1, 0x89B1, 0x89B1, 0x89B1, 0x89B1, 0x89B1, 0x89B1, 0xC904, 0xC904, 0xC904,
        0xC904, 0xC904, 0xC904, 0xC904, 0xABC4, 0xABC4, 0xABC4, 0xABC4, 0xABC4, 0xABC4, 0xABC4, 0xABC4,
        0xABC4, 0xDEFB, 0xDEFB, 0xDEFB, 0xDEFB, 0xDEFB, 0xDEFB, 0xDEFB, 0x4D66, 0x4D66, 0x4D66, 0x4D66,
        0x4D66, 0x4D66, 0x4D66, 0x4D66, 0x4D66, 0x2239, 0x2239, 0x2239, 0x225A, 0x225A, 0x225A, 0x225A,
        0x3CB2, 0x3CB2, 0x3CB2, 0x3CB2, 0x3CB2, 0x3CB2, 0x3CB2, 0x3CB2, 0x3CB2, 0x18E3, 0x18E3, 0x18E3,
        0x18E3, 0x18E3, 0x18E3, 0x18E3, 0x91D2, 0x91D2, 0x91D2, 0x91D2, 0x91D2, 0x91D2, 0x91D2, 0x91D2,
        0x91D2, 0xD124, 0xD124, 0xD124, 0xD124, 0xD124, 0xD124, 0xD124, 0xBC04, 0xBC04, 0xBC04, 0xBC04,
        0xBC04, 0xBC04, 0xBC04, 0xBC04, 0xBC04, 0xEF7D, 0xEF7D, 0xEF7D, 0xEF7D, 0xEF7D, 0xEF7D, 0xEF7D,
        0x55C7, 0x55C7, 0x55C7, 0x55C7, 0x55C7, 0x55C7, 0x55C7, 0x55C7, 0x55C7, 0x225A, 0x225A, 0x225A,
        0x2A9C, 0x2A9C, 0x2A9C, 0x2A9C, 0x3D14, 0x3D14, 0x3D14, 0x3D14, 0x3D14, 0x3D14, 0x3D14, 0x3D14,
        0x3D14, 0x18E3, 0x18E3, 0x18E3, 0x18E3, 0x18E3, 0x18E3, 0x18E3, 0xA1F4, 0xA1F4, 0xA1F4, 0xA1F4,
        0xA1F4, 0xA1F4, 0xA1F4, 0xA1F4, 0xA1F4, 0xE145, 0xE145, 0xE145, 0xE145, 0xE145, 0xE145, 0xE145,
        0xCC65, 0xCC65, 0xCC65, 0xCC65, 0xCC65, 0xCC65, 0xCC65, 0xCC65, 0xCC65, 0xFFFF, 0xFFFF, 0xFFFF,
        0xFFFF, 0xFFFF, 0xFFFF, 0xFFFF, 0x5E47, 0x5E47, 0x5E47, 0x5E47, 0x5E47, 0x5E47, 0x5E47, 0x5E47,
        0x5E47, 0x2A9C, 0x2A9C, 0x2A9C, 0xFF20, 0xFF20, 0xFF20, 0xFF20, 0xFF20, 0xFF20, 0xFF20, 0xFF20,
        0xFF20, 0xFF20, 0xFF20, 0xFF20, 0xFF20, 0xFF20, 0xFF20, 0xFF20, 0xFF20, 0xFF20, 0xFF20, 0xFF20,
        0xFF20, 0xFF20, 0xFF20, 0xFF20, 0xFF20, 0xFF20, 0xFF20, 0xFF20, 0xFF20, 0xFF20, 0xFF20, 0xFF20,
        0xFF20, 0xFF20, 0xFF20, 0xFF20, 0xFF20, 0xFF20, 0xFF20, 0xFF20, 0xFF20, 0xFF20, 0xFF20, 0xFF20,
        0xFF20, 0xFF20, 0xFF20, 0xFF20, 0xFF20, 0xFF20, 0xFF20, 0xFF20, 0xFF20, 0xFF20, 0xFF20, 0xFF20,
        0xFF20, 0xFF20, 0xFF20, 0xFF20, 0xFF20, 0xFF20, 0xFF20, 0xFF20, 0x1991, 0x1991, 0x1991, 0x1991,
        0x230C, 0x230C, 0x230C, 0x230C, 0x230C, 0x230C, 0x230C, 0x230C, 0x230C, 0x1082, 0x1082, 0x1082,
        0x1082, 0x1082, 0x1082, 0x1082, 0x612C, 0x612C, 0x612C, 0x612C, 0x612C, 0x612C, 0x612C, 0x612C,
        0x612C, 0x88C3, 0x88C3, 0x88C3, 0x88C3, 0x88C3, 0x88C3, 0x88C3, 0x7AA3, 0x7AA3, 0x7AA3, 0x7AA3,
        0x7AA3, 0x7AA3, 0x7AA3, 0x7AA3, 0x7AA3, 0x9CF3, 0x9CF3, 0x9CF3, 0x9CF3, 0x9CF3, 0x9CF3, 0x9CF3,
        0x33C4, 0x33C4, 0x33C4, 0x33C4, 0x33C4, 0x33C4, 0x33C4, 0x33C4, 0x33C4, 0x1991, 0x1991, 0x1991,
        0x19B3, 0x19B3, 0x19B3, 0x19B3, 0x2B6D, 0x2B6D, 0x2B6D, 0x2B6D, 0x2B6D, 0x2B6D, 0x2B6D, 0x2B6D,
        0x2B6D, 0x10A2, 0x10A2, 0x10A2, 0x10A2, 0x10A2, 0x10A2, 0x10A2, 0x694D, 0x694D, 0x694D, 0x694D,
        0x694D, 0x694D, 0x694D, 0x694D, 0x694D, 0x98C3, 0x98C3, 0x98C3, 0x98C3, 0x98C3, 0x98C3, 0x98C3,
        0x82E3, 0x82E3, 0x82E3, 0x82E3, 0x82E3, 0x82E3, 0x82E3, 0x82E3, 0x82E3, 0xAD75, 0xAD75, 0xAD75,
        0xAD75, 0xAD75, 0xAD75, 0xAD75, 0x3C25, 0x3C25, 0x3C25, 0x3C25, 0x3C25, 0x3C25, 0x3C25, 0x3C25,
        0x3C25, 0x19B3, 0x19B3, 0x19B3, 0x19D5, 0x19D5, 0x19D5, 0x19D5, 0x2BAE, 0x2BAE, 0x2BAE, 0x2BAE,
        0x2BAE, 0x2BAE, 0x2BAE, 0x2BAE, 0x2BAE, 0x10A2, 0x10A2, 0x10A2, 0x10A2, 0x10A2, 0x10A2, 0x10A2,
        0x716E, 0x716E, 0x716E, 0x716E, 0x716E, 0x716E, 0x716E, 0x716E, 0x716E, 0xA8E3, 0xA8E3, 0xA8E3,
        0xA8E3, 0xA8E3, 0xA8E3, 0xA8E3, 0x9343, 0x9343, 0x9343, 0x9343, 0x9343, 0x9343, 0x9343, 0x9343,
        0x9343, 0xBDF7, 0xBDF7, 0xBDF7, 0xBDF7, 0xBDF7, 0xBDF7, 0xBDF7, 0x44A5, 0x44A5, 0x44A5, 0x44A5,
        0x44A5, 0x44A5, 0x44A5, 0x44A5, 0x44A5, 0x19D5, 0x19D5, 0x19D5, 0x2217, 0x2217, 0x2217, 0x2217,
        0x3410, 0x3410, 0x3410, 0x3410, 0x3410, 0x3410, 0x3410, 0x3410, 0x3410, 0x18C3, 0x18C3, 0x18C3,
        0x18C3, 0x18C3, 0x18C3, 0x18C3, 0x8190, 0x8190, 0x8190, 0x8190, 0x8190, 0x8190, 0x8190, 0x8190,
        0x8190, 0xB904, 0xB904, 0xB904, 0xB904, 0xB904, 0xB904, 0xB904, 0xA384, 0xA384, 0xA384, 0xA384,
        0xA384, 0xA384, 0xA384, 0xA384, 0xA384, 0xCE79, 0xCE79, 0xCE79, 0xCE79, 0xCE79, 0xCE79, 0xCE79,
        0x4D06, 0x4D06, 0x4D06, 0x4D06, 0x4D06, 0x4D06, 0x4D06, 0x4D06, 0x4D06, 0x2217, 0x2217, 0x2217,
        0x2239, 0x2239, 0x2239, 0x2239, 0x3451, 0x3451, 0x3451, 0x3451, 0x3451, 0x3451, 0x3451, 0x3451,
        0x3451, 0x18C3, 0x18C3, 0x18C3, 0x18C3, 0x18C3, 0x18C3, 0x18C3, 0x89B1, 0x89B1, 0x89B1, 0x89B1,
        0x89B1, 0x89B1, 0x89B1, 0x89B1, 0x89B1, 0xC904, 0xC904, 0xC904, 0xC904, 0xC904, 0xC904, 0xC904,
        0xABC4, 0xABC4, 0xABC4, 0xABC4, 0xABC4, 0xABC4, 0xABC4, 0xABC4, 0xABC4, 0xDEFB, 0xDEFB, 0xDEFB,
        0xDEFB, 0xDEFB, 0xDEFB, 0xDEFB, 0x4D66, 0x4D66, 0x4D66, 0x4D66, 0x4D66, 0x4D66, 0x4D66, 0x4D66,
        0x4D66, 0x2239, 0x2239, 0x2239, 0x225A, 0x225A, 0x225A, 0x225A, 0x3CB2, 0x3CB2, 0x3CB2, 0x3CB2,
        0x3CB2, 0x3CB2, 0x3CB2, 0x3CB2, 0x3CB2, 0x18E3, 0x18E3, 0x18E3, 0x18E3, 0x18E3, 0x18E3, 0x18E3,
        0x91D2, 0x91D2, 0x91D2, 0x91D2, 0x91D2, 0x91D2, 0x91D2, 0x91D2, 0x91D2, 0xD124, 0xD124, 0xD124,
        0xD124, 0xD124, 0xD124, 0xD124, 0xBC04, 0xBC04, 0xBC04, 0xBC04, 0xBC04, 0xBC04, 0xBC04, 0xBC04,
        0xBC04, 0xEF7D, 0xEF7D, 0xEF7D, 0xEF7D, 0xEF7D, 0xEF7D, 0xEF7D, 0x55C7, 0x55C7, 0x55C7, 0x55C7,
        0x55C7, 0x55C7, 0x55C7, 0x55C7, 0x55C7, 0x225A, 0x225A, 0x225A, 0x2A9C, 0x2A9C, 0x2A9C, 0x2A9C,
        0x3D14, 0x3D14, 0x3D14, 0x3D14, 0x3D14, 0x3D14, 0x3D14, 0x3D14, 0x3D14, 0x18E3, 0x18E3, 0x18E3,
        0x18E3, 0x18E3, 0x18E3, 0x18E3, 0xA1F4, 0xA1F4, 0xA1F4, 0xA1F4, 0xA1F4, 0xA1F4, 0xA1F4, 0xA1F4,
        0xA1F4, 0xE145, 0xE145, 0xE145, 0xE145, 0xE145, 0xE145, 0xE145, 0xCC65, 0xCC65, 0xCC65, 0xCC65,
        0xCC65, 0xCC65, 0xCC65, 0xCC65, 0xCC65, 0xFFFF, 0xFFFF, 0xFFFF, 0xFFFF, 0xFFFF, 0xFFFF, 0xFFFF,
        0x5E47, 0x5E47, 0x5E47, 0x5E47, 0x5E47, 0x5E47, 0x5E47, 0x5E47, 0x5E47, 0x2A9C, 0x2A9C, 0x2A9C,
        0x116F, 0x116F, 0x116F, 0x116F, 0x22CB, 0x22CB, 0x22CB, 0x22CB, 0x22CB, 0x22CB, 0x22CB, 0x22CB,
        0x22CB, 0x1082, 0x1082, 0x1082, 0x1082, 0x1082, 0x1082, 0x1082, 0x590B, 0x590B, 0x590B, 0x590B,
        0x590B, 0x590B, 0x590B, 0x590B, 0x590B, 0x78A2, 0x78A2, 0x78A2, 0x78A2, 0x78A2, 0x78A2, 0x78A2,
        0x6A62, 0x6A62, 0x6A62, 0x6A62, 0x6A62, 0x6A62, 0x6A62, 0x6A62, 0x6A62, 0x8C71, 0x8C71, 0x8C71,
        0x8C71, 0x8C71, 0x8C71, 0x8C71, 0x3364, 0x3364, 0x3364, 0x3364, 0x3364, 0x3364, 0x3364, 0x3364,
        0x3364, 0x116F, 0x116F, 0x116F, 0x1991, 0x1991, 0x1991, 0x1991, 0x230C, 0x230C, 0x230C, 0x230C,
        0x230C, 0x230C, 0x230C, 0x230C, 0x230C, 0x1082, 0x1082, 0x1082, 0x1082, 0x1082, 0x1082, 0x1082,
        0x612C, 0x612C, 0x612C, 0x612C, 0x612C, 0x612C, 0x612C, 0x612C, 0x612C, 0x88C3, 0x88C3, 0x88C3,
        0x88C3, 0x88C3, 0x88C3, 0x88C3, 0x7AA3, 0x7AA3, 0x7AA3, 0x7AA3, 0x7AA3, 0x7AA3, 0x7AA3, 0x7AA3,
        0x7AA3, 0x9CF3, 0x9CF3, 0x9CF3, 0x9CF3, 0x9CF3, 0x9CF3, 0x9CF3, 0x33C4, 0x33C4, 0x33C4, 0x33C4,
        0x33C4, 0x33C4, 0x33C4, 0x33C4, 0x33C4, 0x1991, 0x1991, 0x1991, 0x19B3, 0x19B3, 0x19B3, 0x19B3,
        0x2B6D, 0x2B6D, 0x2B6D, 0x2B6D, 0x2B6D, 0x2B6D, 0x2B6D, 0x2B6D, 0x2B6D, 0x10A2, 0x10A2, 0x10A2,
        0x10A2, 0x10A2, 0x10A2, 0x10A2, 0x694D, 0x694D, 0x694D, 0x694D, 0x694D, 0x694D, 0x694D, 0x694D,
        0x694D, 0x98C3, 0x98C3, 0x98C3, 0x98C3, 0x98C3, 0x98C3, 0x98C3, 0x82E3, 0x82E3, 0x82E3, 0x82E3,
        0x82E3, 0x82E3, 0x82E3, 0x82E3, 0x82E3, 0xAD75, 0xAD75, 0xAD75, 0xAD75, 0xAD75, 0xAD75, 0xAD75,
        0x3C25, 0x3C25, 0x3C25, 0x3C25, 0x3C25, 0x3C25, 0x3C25, 0x3C25, 0x3C25, 0x19B3, 0x19B3, 0x19B3,
        0x19D5, 0x19D5, 0x19D5, 0x19D5, 0x2BAE, 0x2BAE, 0x2BAE, 0x2BAE, 0x2BAE, 0x2BAE, 0x2BAE, 0x2BAE,
        0x2BAE, 0x10A2, 0x10A2, 0x10A2, 0x10A2, 0x10A2, 0x10A2, 0x10A2, 0x716E, 0x716E, 0x716E, 0x716E,
        0x716E, 0x716E, 0x716E, 0x716E, 0x716E, 0xA8E3, 0xA8E3, 0xA8E3, 0xA8E3, 0xA8E3, 0xA8E3, 0xA8E3,
        0x9343, 0x9343, 0x9343, 0x9343, 0x9343, 0x9343, 0x9343, 0x9343, 0x9343, 0xBDF7, 0xBDF7, 0xBDF7,
        0xBDF7, 0xBDF7, 0xBDF7, 0xBDF7, 0x44A5, 0x44A5, 0x44A5, 0x44A5, 0x44A5, 0x44A5, 0x44A5, 0x44A5,
        0x44A5, 0x19D5, 0x19D5, 0x19D5, 0x2217, 0x2217, 0x2217, 0x2217, 0x3410, 0x3410, 0x3410, 0x3410,
        0x3410, 0x3410, 0x3410, 0x3410, 0x3410, 0x18C3, 0x18C3, 0x18C3, 0x18C3, 0x18C3, 0x18C3, 0x18C3,
        0x8190, 0x8190, 0x8190, 0x8190, 0x8190, 0x8190, 0x8190, 0x8190, 0x8190, 0xB904, 0xB904, 0xB904,
        0xB904, 0xB904, 0xB904, 0xB904, 0xA384, 0xA384, 0xA384, 0xA384, 0xA384, 0xA384, 0xA384, 0xA384,
        0xA384, 0xCE79, 0xCE79, 0xCE79, 0xCE79, 0xCE79, 0xCE79, 0xCE79, 0x4D06, 0x4D06, 0x4D06, 0x4D06,
        0x4D06, 0x4D06, 0x4D06, 0x4D06, 0x4D06, 0x2217, 0x2217, 0x2217, 0x2239, 0x2239, 0x2239, 0x2239,
        0x3451, 0x3451, 0x3451, 0x3451, 0x3451, 0x3451, 0x3451, 0x3451, 0x3451, 0x18C3, 0x18C3, 0x18C3,
        0x18C3, 0x18C3, 0x18C3, 0x18C3, 0x89B1, 0x89B1, 0x89B1, 0x89B1, 0x89B1, 0x89B1, 0x89B1, 0x89B1,
        0x89B1, 0xC904, 0xC904, 0xC904, 0xC904, 0xC904, 0xC904, 0xC904, 0xABC4, 0xABC4, 0xABC4, 0xABC4,
        0xABC4, 0xABC4, 0xABC4, 0xABC4, 0xABC4, 0xDEFB, 0xDEFB, 0xDEFB, 0xDEFB, 0xDEFB, 0xDEFB, 0xDEFB,
        0x4D66, 0x4D66, 0x4D66, 0x4D66, 0x4D66, 0x4D66, 0x4D66, 0x4D66, 0x4D66, 0x2239, 0x2239, 0x2239,
        0x225A, 0x225A, 0x225A, 0x225A, 0x3CB2, 0x3CB2, 0x3CB2, 0x3CB2, 0x3CB2, 0x3CB2, 0x3CB2, 0x3CB2,
        0x3CB2, 0x18E3, 0x18E3, 0x18E3, 0x18E3, 0x18E3, 0x18E3, 0x18E3, 0x91D2, 0x91D2, 0x91D2, 0x91D2,
        0x91D2, 0x91D2, 0x91D2, 0x91D2, 0x91D2, 0xD124, 0xD124, 0xD124, 0xD124, 0xD124, 0xD124, 0xD124,
        0xBC04, 0xBC04, 0xBC04, 0xBC04, 0xBC04, 0xBC04, 0xBC04, 0xBC04, 0xBC04, 0xEF7D, 0xEF7D, 0xEF7D,
        0xEF7D, 0xEF7D, 0xEF7D, 0xEF7D, 0x55C7, 0x55C7, 0x55C7, 0x55C7, 0x55C7, 0x55C7, 0x55C7, 0x55C7,
        0x55C7, 0x225A, 0x225A, 0x225A, 0x2A9C, 0x2A9C, 0x2A9C, 0x2A9C, 0x3D14, 0x3D14, 0x3D14, 0x3D14,
        0x3D14, 0x3D14, 0x3D14, 0x3D14, 0x3D14, 0x18E3, 0x18E3, 0x18E3, 0x18E3, 0x18E3, 0x18E3, 0x18E3,
        0xA1F4, 0xA1F4, 0xA1F4, 0xA1F4, 0xA1F4, 0xA1F4, 0xA1F4, 0xA1F4, 0xA1F4, 0xE145, 0xE145, 0xE145,
        0xE145, 0xE145, 0xE145, 0xE145, 0xCC65, 0xCC65, 0xCC65, 0xCC65, 0xCC65, 0xCC65, 0xCC65, 0xCC65,
        0xCC65, 0xFFFF, 0xFFFF, 0xFFFF, 0xFFFF, 0xFFFF, 0xFFFF, 0xFFFF, 0x5E47, 0x5E47, 0x5E47, 0x5E47,
        0x5E47, 0x5E47, 0x5E47, 0x5E47, 0x5E47, 0x2A9C, 0x2A9C, 0x2A9C, 0xFF20, 0xFF20, 0xFF20, 0xFF20,
        0xFF20, 0xFF20, 0xFF20, 0xFF20, 0xFF20, 0xFF20, 0xFF20, 0xFF20, 0xFF20, 0xFF20, 0xFF20, 0xFF20,
        0xFF20, 0xFF20, 0xFF20, 0xFF20, 0xFF20, 0xFF20, 0xFF20, 0xFF20, 0xFF20, 0xFF20, 0xFF20, 0xFF20,
        0xFF20, 0xFF20, 0xFF20, 0xFF20, 0xFF20, 0xFF20, 0xFF20, 0xFF20, 0xFF20, 0xFF20, 0xFF20, 0xFF20,
        0xFF20, 0xFF20, 0xFF20, 0xFF20, 0xFF20, 0xFF20, 0xFF20, 0xFF20, 0xFF20, 0xFF20, 0xFF20, 0xFF20,
        0xFF20, 0xFF20, 0xFF20, 0xFF20, 0xFF20, 0xFF20, 0xFF20, 0xFF20, 0xFF20, 0xFF20, 0xFF20, 0xFF20,
        0x1991, 0x1991, 0x1991, 0x1991, 0x230C, 0x230C, 0x230C, 0x230C, 0x230C, 0x230C, 0x230C, 0x230C,
        0x230C, 0x1082, 0x1082, 0x1082, 0x1082, 0x1082, 0x1082, 0x1082, 0x612C, 0x612C, 0x612C, 0x612C,
        0x612C, 0x612C, 0x612C, 0x612C, 0x612C, 0x88C3, 0x88C3, 0x88C3, 0x88C3, 0x88C3, 0x88C3, 0x88C3,
        0x7AA3, 0x7AA3, 0x7AA3, 0x7AA3, 0x7AA3, 0x7AA3, 0x7AA3, 0x7AA3, 0x7AA3, 0x9CF3, 0x9CF3, 0x9CF3,
        0x9CF3, 0x9CF3, 0x9CF3, 0x9CF3, 0x33C4, 0x33C4, 0x33C4, 0x33C4, 0x33C4, 0x33C4, 0x33C4, 0x33C4,
        0x33C4, 0x1991, 0x1991, 0x1991, 0x19B3, 0x19B3, 0x19B3, 0x19B3, 0x2B6D, 0x2B6D, 0x2B6D, 0x2B6D,
        0x2B6D, 0x2B6D, 0x2B6D, 0x2B6D, 0x2B6D, 0x10A2, 0x10A2, 0x10A2, 0x10A2, 0x10A2, 0x10A2, 0x10A2,
        0x694D, 0x694D, 0x694D, 0x694D, 0x694D, 0x694D, 0x694D, 0x694D, 0x694D, 0x98C3, 0x98C3, 0x98C3,
        0x98C3, 0x98C3, 0x98C3, 0x98C3, 0x82E3, 0x82E3, 0x82E3, 0x82E3, 0x82E3, 0x82E3, 0x82E3, 0x82E3,
        0x82E3, 0xAD75, 0xAD75, 0xAD75, 0xAD75, 0xAD75, 0xAD75, 0xAD75, 0x3C25, 0x3C25, 0x3C25, 0x3C25,
        0x3C25, 0x3C25, 0x3C25, 0x3C25, 0x3C25, 0x19B3, 0x19B3, 0x19B3, 0x19D5, 0x19D5, 0x19D5, 0x19D5,
        0x2BAE, 0x2BAE, 0x2BAE, 0x2BAE, 0x2BAE, 0x2BAE, 0x2BAE, 0x2BAE, 0x2BAE, 0x10A2, 0x10A2, 0x10A2,
        0x10A2, 0x10A2, 0x10A2, 0x10A2, 0x716E, 0x716E, 0x716E, 0x716E, 0x716E, 0x716E, 0x716E, 0x716E,
        0x716E, 0xA8E3, 0xA8E3, 0xA8E3, 0xA8E3, 0xA8E3, 0xA8E3, 0xA8E3, 0x9343, 0x9343, 0x9343, 0x9343,
        0x9343, 0x9343, 0x9343, 0x9343, 0x9343, 0xBDF7, 0xBDF7, 0xBDF7, 0xBDF7, 0xBDF7, 0xBDF7, 0xBDF7,
        0x44A5, 0x44A5, 0x44A5, 0x44A5, 0x44A5, 0x44A5, 0x44A5, 0x44A5, 0x44A5, 0x19D5, 0x19D5, 0x19D5,
        0x2217, 0x2217, 0x2217, 0x2217, 0x3410, 0x3410, 0x3410, 0x3410, 0x3410, 0x3410, 0x3410, 0x3410,
        0x3410, 0x18C3, 0x18C3, 0x18C3, 0x18C3, 0x18C3, 0x18C3, 0x18C3, 0x8190, 0x8190, 0x8190, 0x8190,
        0x8190, 0x8190, 0x8190, 0x8190, 0x8190, 0xB904, 0xB904, 0xB904, 0xB904, 0xB904, 0xB904, 0xB904,
        0xA384, 0xA384, 0xA384, 0xA384, 0xA384, 0xA384, 0xA384, 0xA384, 0xA384, 0xCE79, 0xCE79, 0xCE79,
        0xCE79, 0xCE79, 0xCE79, 0xCE79, 0x4D06, 0x4D06, 0x4D06, 0x4D06, 0x4D06, 0x4D06, 0x4D06, 0x4D06,
        0x4D06, 0x2217, 0x2217, 0x2217, 0x2239, 0x2239, 0x2239, 0x2239, 0x3451, 0x3451, 0x3451, 0x3451,
        0x3451, 0x3451, 0x3451, 0x3451, 0x3451, 0x18C3, 0x18C3, 0x18C3, 0x18C3, 0x18C3, 0x18C3, 0x18C3,
        0x89B1, 0x89B1, 0x89B1, 0x89B1, 0x89B1, 0x89B1, 0x89B1, 0x89B1, 0x89B1, 0xC904, 0xC904, 0xC904,
        0xC904, 0xC904, 0xC904, 0xC904, 0xABC4, 0xABC4, 0xABC4, 0xABC4, 0xABC4, 0xABC4, 0xABC4, 0xABC4,
        0xABC4, 0xDEFB, 0xDEFB, 0xDEFB, 0xDEFB, 0xDEFB, 0xDEFB, 0xDEFB, 0x4D66, 0x4D66, 0x4D66, 0x4D66,
        0x4D66, 0x4D66, 0x4D66, 0x4D66, 0x4D66, 0x2239, 0x2239, 0x2239, 0x225A, 0x225A, 0x225A, 0x225A,
        0x3CB2, 0x3CB2, 0x3CB2, 0x3CB2, 0x3CB2, 0x3CB2, 0x3CB2, 0x3CB2, 0x3CB2, 0x18E3, 0x18E3, 0x18E3,
        0x18E3, 0x18E3, 0x18E3, 0x18E3, 0x91D2, 0x91D2, 0x91D2, 0x91D2, 0x91D2, 0x91D2, 0x91D2, 0x91D2,
        0x91D2, 0xD124, 0xD124, 0xD124, 0xD124, 0xD124, 0xD124, 0xD124, 0xBC04, 0xBC04, 0xBC04, 0xBC04,
        0xBC04, 0xBC04, 0xBC04, 0xBC04, 0xBC04, 0xEF7D, 0xEF7D, 0xEF7D, 0xEF7D, 0xEF7D, 0xEF7D, 0xEF7D,
        0x55C7, 0x55C7, 0x55C7, 0x55C7, 0x55C7, 0x55C7, 0x55C7, 0x55C7, 0x55C7, 0x225A, 0x225A, 0x225A,
        0x2A9C, 0x2A9C, 0x2A9C, 0x2A9C, 0x3D14, 0x3D14, 0x3D14, 0x3D14, 0x3D14, 0x3D14, 0x3D14, 0x3D14,
        0x3D14, 0x18E3, 0x18E3, 0x18E3, 0x18E3, 0x18E3, 0x18E3, 0x18E3, 0xA1F4, 0xA1F4, 0xA1F4, 0xA1F4,
        0xA1F4, 0xA1F4, 0xA1F4, 0xA1F4, 0xA1F4, 0xE145, 0xE145, 0xE145, 0xE145, 0xE145, 0xE145, 0xE145,
        0xCC65, 0xCC65, 0xCC65, 0xCC65, 0xCC65, 0xCC65, 0xCC65, 0xCC65, 0xCC65, 0xFFFF, 0xFFFF, 0xFFFF,
        0xFFFF, 0xFFFF, 0xFFFF, 0xFFFF, 0x5E47, 0x5E47, 0x5E47, 0x5E47, 0x5E47, 0x5E47, 0x5E47, 0x5E47,
        0x5E47, 0x2A9C, 0x2A9C, 0x2A9C, 0x116F, 0x116F, 0x116F, 0x116F, 0x22CB, 0x22CB, 0x22CB, 0x22CB,
        0x22CB, 0x22CB, 0x22CB, 0x22CB, 0x22CB, 0x1082, 0x1082, 0x1082, 0x1082, 0x1082, 0x1082, 0x1082,
        0x590B, 0x590B, 0x590B, 0x590B, 0x590B, 0x590B, 0x590B, 0x590B, 0x590B, 0x78A2, 0x78A2, 0x78A2,
        0x78A2, 0x78A2, 0x78A2, 0x78A2, 0x6A62, 0x6A62, 0x6A62, 0x6A62, 0x6A62, 0x6A62, 0x6A62, 0x6A62,
        0x6A62, 0x8C71, 0x8C71, 0x8C71, 0x8C71, 0x8C71, 0x8C71, 0x8C71, 0x3364, 0x3364, 0x3364, 0x3364,
        0x3364, 0x3364, 0x3364, 0x3364, 0x3364, 0x116F, 0x116F, 0x116F, 0x1991, 0x1991, 0x1991, 0x1991,
        0x230C, 0x230C, 0x230C, 0x230C, 0x230C, 0x230C, 0x230C, 0x230C, 0x230C, 0x1082, 0x1082, 0x1082,
        0x1082, 0x1082, 0x1082, 0x1082, 0x612C, 0x612C, 0x612C, 0x612C, 0x612C, 0x612C, 0x612C, 0x612C,
        0x612C, 0x88C3, 0x88C3, 0x88C3, 0x88C3, 0x88C3, 0x88C3, 0x88C3, 0x7AA3, 0x7AA3, 0x7AA3, 0x7AA3,
        0x7AA3, 0x7AA3, 0x7AA3, 0x7AA3, 0x7AA3, 0x9CF3, 0x9CF3, 0x9CF3, 0x9CF3, 0x9CF3, 0x9CF3, 0x9CF3,
        0x33C4, 0x33C4, 0x33C4, 0x33C4, 0x33C4, 0x33C4, 0x33C4, 0x33C4, 0x33C4, 0x1991, 0x1991, 0x1991,
        0x19B3, 0x19B3, 0x19B3, 0x19B3, 0x2B6D, 0x2B6D, 0x2B6D, 0x2B6D, 0x2B6D, 0x2B6D, 0x2B6D, 0x2B6D,
        0x2B6D, 0x10A2, 0x10A2, 0x10A2, 0x10A2, 0x10A2, 0x10A2, 0x10A2, 0x694D, 0x694D, 0x694D, 0x694D,
        0x694D, 0x694D, 0x694D, 0x694D, 0x694D, 0x98C3, 0x98C3, 0x98C3, 0x98C3, 0x98C3, 0x98C3, 0x98C3,
        0x82E3, 0x82E3, 0x82E3, 0x82E3, 0x82E3, 0x82E3, 0x82E3, 0x82E3, 0x82E3, 0xAD75, 0xAD75, 0xAD75,
        0xAD75, 0xAD75, 0xAD75, 0xAD75, 0x3C25, 0x3C25, 0x3C25, 0x3C25, 0x3C25, 0x3C25, 0x3C25, 0x3C25,
        0x3C25, 0x19B3, 0x19B3, 0x19B3, 0x19D5, 0x19D5, 0x19D5, 0x19D5, 0x2BAE, 0x2BAE, 0x2BAE, 0x2BAE,
        0x2BAE, 0x2BAE, 0x2BAE, 0x2BAE, 0x2BAE, 0x10A2, 0x10A2, 0x10A2, 0x10A2, 0x10A2, 0x10A2, 0x10A2,
        0x716E, 0x716E, 0x716E, 0x716E, 0x716E, 0x716E, 0x716E, 0x716E, 0x716E, 0xA8E3, 0xA8E3, 0xA8E3,
        0xA8E3, 0xA8E3, 0xA8E3, 0xA8E3, 0x9343, 0x9343, 0x9343, 0x9343, 0x9343, 0x9343, 0x9343, 0x9343,
        0x9343, 0xBDF7, 0xBDF7, 0xBDF7, 0xBDF7, 0xBDF7, 0xBDF7, 0xBDF7, 0x44A5, 0x44A5, 0x44A5, 0x44A5,
        0x44A5, 0x44A5, 0x44A5, 0x44A5, 0x44A5, 0x19D5, 0x19D5, 0x19D5, 0x2217, 0x2217, 0x2217, 0x2217,
        0x3410, 0x3410, 0x3410, 0x3410, 0x3410, 0x3410, 0x3410, 0x3410, 0x3410, 0x18C3, 0x18C3, 0x18C3,
        0x18C3, 0x18C3, 0x18C3, 0x18C3, 0x8190, 0x8190, 0x8190, 0x8190, 0x8190, 0x8190, 0x8190, 0x8190,
        0x8190, 0xB904, 0xB904, 0xB904, 0xB904, 0xB904, 0xB904, 0xB904, 0xA384, 0xA384, 0xA384, 0xA384,
        0xA384, 0xA384, 0xA384, 0xA384, 0xA384, 0xCE79, 0xCE79, 0xCE79, 0xCE79, 0xCE79, 0xCE79, 0xCE79,
        0x4D06, 0x4D06, 0x4D06, 0x4D06, 0x4D06, 0x4D06, 0x4D06, 0x4D06, 0x4D06, 0x2217, 0x2217, 0x2217,
        0x2239, 0x2239, 0x2239, 0x2239, 0x3451, 0x3451, 0x3451, 0x3451, 0x3451, 0x3451, 0x3451, 0x3451,
        0x3451, 0x18C3, 0x18C3, 0x18C3, 0x18C3, 0x18C3, 0x18C3, 0x18C3, 0x89B1, 0x89B1, 0x89B1, 0x89B1,
        0x89B1, 0x89B1, 0x89B1, 0x89B1, 0x89B1, 0xC904, 0xC904, 0xC904, 0xC904, 0xC904, 0xC904, 0xC904,
        0xABC4, 0xABC4, 0xABC4, 0xABC4, 0xABC4, 0xABC4, 0xABC4, 0xABC4, 0xABC4, 0xDEFB, 0xDEFB, 0xDEFB,
        0xDEFB, 0xDEFB, 0xDEFB, 0xDEFB, 0x4D66, 0x4D66, 0x4D66, 0x4D66, 0x4D66, 0x4D66, 0x4D66, 0x4D66,
        0x4D66, 0x2239, 0x2239, 0x2239, 0x225A, 0x225A, 0x225A, 0x225A, 0x3CB2, 0x3CB2, 0x3CB2, 0x3CB2,
        0x3CB2, 0x3CB2, 0x3CB2, 0x3CB2, 0x3CB2, 0x18E3, 0x18E3, 0x18E3, 0x18E3, 0x18E3, 0x18E3, 0x18E3,
        0x91D2, 0x91D2, 0x91D2, 0x91D2, 0x91D2, 0x91D2, 0x91D2, 0x91D2, 0x91D2, 0xD124, 0xD124, 0xD124,
        0xD124, 0xD124, 0xD124, 0xD124, 0xBC04, 0xBC04, 0xBC04, 0xBC04, 0xBC04, 0xBC04, 0xBC04, 0xBC04,
        0xBC04, 0xEF7D, 0xEF7D, 0xEF7D, 0xEF7D, 0xEF7D, 0xEF7D, 0xEF7D, 0x55C7, 0x55C7, 0x55C7, 0x55C7,
        0x55C7, 0x55C7, 0x55C7, 0x55C7, 0x55C7, 0x225A, 0x225A, 0x225A, 0x2A9C, 0x2A9C, 0x2A9C, 0x2A9C,
        0x3D14, 0x3D14, 0x3D14, 0x3D14, 0x3D14, 0x3D14, 0x3D14, 0x3D14, 0x3D14, 0x18E3, 0x18E3, 0x18E3,
        0x18E3, 0x18E3, 0x18E3, 0x18E3, 0xA1F4, 0xA1F4, 0xA1F4, 0xA1F4, 0xA1F4, 0xA1F4, 0xA1F4, 0xA1F4,
        0xA1F4, 0xE145, 0xE145, 0xE145, 0xE145, 0xE145, 0xE145, 0xE145, 0xCC65, 0xCC65, 0xCC65, 0xCC65,
        0xCC65, 0xCC65, 0xCC65, 0xCC65, 0xCC65, 0xFFFF, 0xFFFF, 0xFFFF, 0xFFFF, 0xFFFF, 0xFFFF, 0xFFFF,
        0x5E47, 0x5E47, 0x5E47, 0x5E47, 0x5E47, 0x5E47, 0x5E47, 0x5E47, 0x5E47, 0x2A9C, 0x2A9C, 0x2A9C,
        0xFF20, 0xFF20, 0xFF20, 0xFF20, 0xFF20, 0xFF20, 0xFF20, 0xFF20, 0xFF20, 0xFF20, 0xFF20, 0xFF20,
        0xFF20, 0xFF20, 0xFF20, 0xFF20, 0xFF20, 0xFF20, 0xFF20, 0xFF20, 0xFF20, 0xFF20, 0xFF20, 0xFF20,
        0xFF20, 0xFF20, 0xFF20, 0xFF20, 0xFF20, 0xFF20, 0xFF20, 0xFF20, 0xFF20, 0xFF20, 0xFF20, 0xFF20,
        0xFF20, 0xFF20, 0xFF20, 0xFF20, 0xFF20, 0xFF20, 0xFF20, 0xFF20, 0xFF20, 0xFF20, 0xFF20, 0xFF20,
        0xFF20, 0xFF20, 0xFF20, 0xFF20, 0xFF20, 0xFF20, 0xFF20, 0xFF20, 0xFF20, 0xFF20, 0xFF20, 0xFF20,
        0xFF20, 0xFF20, 0xFF20, 0xFF20, 0x1991, 0x1991, 0x1991, 0x1991, 0x230C, 0x230C, 0x230C, 0x230C,
        0x230C, 0x230C, 0x230C, 0x230C, 0x230C, 0x1082, 0x1082, 0x1082, 0x1082, 0x1082, 0x1082, 0x1082,
        0x612C, 0x612C, 0x612C, 0x612C, 0x612C, 0x612C, 0x612C, 0x612C, 0x612C, 0x88C3, 0x88C3, 0x88C3,
        0x88C3, 0x88C3, 0x88C3, 0x88C3, 0x7AA3, 0x7AA3, 0x7AA3, 0x7AA3, 0x7AA3, 0x7AA3, 0x7AA3, 0x7AA3,
        0x7AA3, 0x9CF3, 0x9CF3, 0x9CF3, 0x9CF3, 0x9CF3, 0x9CF3, 0x9CF3, 0x33C4, 0x33C4, 0x33C4, 0x33C4,
        0x33C4, 0x33C4, 0x33C4, 0x33C4, 0x33C4, 0x1991, 0x1991, 0x1991, 0x19B3, 0x19B3, 0x19B3, 0x19B3,
        0x2B6D, 0x2B6D, 0x2B6D, 0x2B6D, 0x2B6D, 0x2B6D, 0x2B6D, 0x2B6D, 0x2B6D, 0x10A2, 0x10A2, 0x10A2,
        0x10A2, 0x10A2, 0x10A2, 0x10A2, 0x694D, 0x694D, 0x694D, 0x694D, 0x694D, 0x694D, 0x694D, 0x694D,
        0x694D, 0x98C3, 0x98C3, 0x98C3, 0x98C3, 0x98C3, 0x98C3, 0x98C3, 0x82E3, 0x82E3, 0x82E3, 0x82E3,
        0x82E3, 0x82E3, 0x82E3, 0x82E3, 0x82E3, 0xAD75, 0xAD75, 0xAD75, 0xAD75, 0xAD75, 0xAD75, 0xAD75,
        0x3C25, 0x3C25, 0x3C25, 0x3C25, 0x3C25, 0x3C25, 0x3C25, 0x3C25, 0x3C25, 0x19B3, 0x19B3, 0x19B3,
        0x19D5, 0x19D5, 0x19D5, 0x19D5, 0x2BAE, 0x2BAE, 0x2BAE, 0x2BAE, 0x2BAE, 0x2BAE, 0x2BAE, 0x2BAE,
        0x2BAE, 0x10A2, 0x10A2, 0x10A2, 0x10A2, 0x10A2, 0x10A2, 0x10A2, 0x716E, 0x716E, 0x716E, 0x716E,
        0x716E, 0x716E, 0x716E, 0x716E, 0x716E, 0xA8E3, 0xA8E3, 0xA8E3, 0xA8E3, 0xA8E3, 0xA8E3, 0xA8E3,
        0x9343, 0x9343, 0x9343, 0x9343, 0x9343, 0x9343, 0x9343, 0x9343, 0x9343, 0xBDF7, 0xBDF7, 0xBDF7,
        0xBDF7, 0xBDF7, 0xBDF7, 0xBDF7, 0x44A5, 0x44A5, 0x44A5, 0x44A5, 0x44A5, 0x44A5, 0x44A5, 0x44A5,
        0x44A5, 0x19D5, 0x19D5, 0x19D5, 0x2217, 0x2217, 0x2217, 0x2217, 0x3410, 0x3410, 0x3410, 0x3410,
        0x3410, 0x3410, 0x3410, 0x3410, 0x3410, 0x18C3, 0x18C3, 0x18C3, 0x18C3, 0x18C3, 0x18C3, 0x18C3,
        0x8190, 0x8190, 0x8190, 0x8190, 0x8190, 0x8190, 0x8190, 0x8190, 0x8190, 0xB904, 0xB904, 0xB904,
        0xB904, 0xB904, 0xB904, 0xB904, 0xA384, 0xA384, 0xA384, 0xA384, 0xA384, 0xA384, 0xA384, 0xA384,
        0xA384, 0xCE79, 0xCE79, 0xCE79, 0xCE79, 0xCE79, 0xCE79, 0xCE79, 0x4D06, 0x4D06, 0x4D06, 0x4D06,
        0x4D06, 0x4D06, 0x4D06, 0x4D06, 0x4D06, 0x2217, 0x2217, 0x2217, 0x2239, 0x2239, 0x2239, 0x2239,
        0x3451, 0x3451, 0x3451, 0x3451, 0x3451, 0x3451, 0x3451, 0x3451, 0x3451, 0x18C3, 0x18C3, 0x18C3,
        0x18C3, 0x18C3, 0x18C3, 0x18C3, 0x89B1, 0x89B1, 0x89B1, 0x89B1, 0x89B1, 0x89B1, 0x89B1, 0x89B1,
        0x89B1, 0xC904, 0xC904, 0xC904, 0xC904, 0xC904, 0xC904, 0xC904, 0xABC4, 0xABC4, 0xABC4, 0xABC4,
        0xABC4, 0xABC4, 0xABC4, 0xABC4, 0xABC4, 0xDEFB, 0xDEFB, 0xDEFB, 0xDEFB, 0xDEFB, 0xDEFB, 0xDEFB,
        0x4D66, 0x4D66, 0x4D66, 0x4D66, 0x4D66, 0x4D66, 0x4D66, 0x4D66, 0x4D66, 0x2239, 0x2239, 0x2239,
        0x225A, 0x225A, 0x225A, 0x225A, 0x3CB2, 0x3CB2, 0x3CB2, 0x3CB2, 0x3CB2, 0x3CB2, 0x3CB2, 0x3CB2,
        0x3CB2, 0x18E3, 0x18E3, 0x18E3, 0x18E3, 0x18E3, 0x18E3, 0x18E3, 0x91D2, 0x91D2, 0x91D2, 0x91D2,
        0x91D2, 0x91D2, 0x91D2, 0x91D2, 0x91D2, 0xD124, 0xD124, 0xD124, 0xD124, 0xD124, 0xD124, 0xD124,
        0xBC04, 0xBC04, 0xBC04, 0xBC04, 0xBC04, 0xBC04, 0xBC04, 0xBC04, 0xBC04, 0xEF7D, 0xEF7D, 0xEF7D,
        0xEF7D, 0xEF7D, 0xEF7D, 0xEF7D, 0x55C7, 0x55C7, 0x55C7, 0x55C7, 0x55C7, 0x55C7, 0x55C7, 0x55C7,
        0x55C7, 0x225A, 0x225A, 0x225A, 0x2A9C, 0x2A9C, 0x2A9C, 0x2A9C, 0x3D14, 0x3D14, 0x3D14, 0x3D14,
        0x3D14, 0x3D14, 0x3D14, 0x3D14, 0x3D14, 0x18E3, 0x18E3, 0x18E3, 0x18E3, 0x18E3, 0x18E3, 0x18E3,
        0xA1F4, 0xA1F4, 0xA1F4, 0xA1F4, 0xA1F4, 0xA1F4, 0xA1F4, 0xA1F4, 0xA1F4, 0xE145, 0xE145, 0xE145,
        0xE145, 0xE145, 0xE145, 0xE145, 0xCC65, 0xCC65, 0xCC65, 0xCC65, 0xCC65, 0xCC65, 0xCC65, 0xCC65,
        0xCC65, 0xFFFF, 0xFFFF, 0xFFFF, 0xFFFF, 0xFFFF, 0xFFFF, 0xFFFF, 0x5E47, 0x5E47, 0x5E47, 0x5E47,
        0x5E47, 0x5E47, 0x5E47, 0x5E47, 0x5E47, 0x2A9C, 0x2A9C, 0x2A9C, 0x116F, 0x116F, 0x116F, 0x116F,
        0x22CB, 0x22CB, 0x22CB, 0x22CB, 0x22CB, 0x22CB, 0x22CB, 0x22CB, 0x22CB, 0x1082, 0x1082, 0x1082,
        0x1082, 0x1082, 0x1082, 0x1082, 0x590B, 0x590B, 0x590B, 0x590B, 0x590B, 0x590B, 0x590B, 0x590B,
        0x590B, 0x78A2, 0x78A2, 0x78A2, 0x78A2, 0x78A2, 0x78A2, 0x78A2, 0x6A62, 0x6A62, 0x6A62, 0x6A62,
        0x6A62, 0x6A62, 0x6A62, 0x6A62, 0x6A62, 0x8C71, 0x8C71, 0x8C71, 0x8C71, 0x8C71, 0x8C71, 0x8C71,
        0x3364, 0x3364, 0x3364, 0x3364, 0x3364, 0x3364, 0x3364, 0x3364, 0x3364, 0x116F, 0x116F, 0x116F,
        0x1991, 0x1991, 0x1991, 0x1991, 0x230C, 0x230C, 0x230C, 0x230C, 0x230C, 0x230C, 0x230C, 0x230C,
        0x230C, 0x1082, 0x1082, 0x1082, 0x1082, 0x1082, 0x1082, 0x1082, 0x612C, 0x612C, 0x612C, 0x612C,
        0x612C, 0x612C, 0x612C, 0x612C, 0x612C, 0x88C3, 0x88C3, 0x88C3, 0x88C3, 0x88C3, 0x88C3, 0x88C3,
        0x7AA3, 0x7AA3, 0x7AA3, 0x7AA3, 0x7AA3, 0x7AA3, 0x7AA3, 0x7AA3, 0x7AA3, 0x9CF3, 0x9CF3, 0x9CF3,
        0x9CF3, 0x9CF3, 0x9CF3, 0x9CF3, 0x33C4, 0x33C4, 0x33C4, 0x33C4, 0x33C4, 0x33C4, 0x33C4, 0x33C4,
        0x33C4, 0x1991, 0x1991, 0x1991, 0x19B3, 0x19B3, 0x19B3, 0x19B3, 0x2B6D, 0x2B6D, 0x2B6D, 0x2B6D,
        0x2B6D, 0x2B6D, 0x2B6D, 0x2B6D, 0x2B6D, 0x10A2, 0x10A2, 0x10A2, 0x10A2, 0x10A2, 0x10A2, 0x10A2,
        0x694D, 0x694D, 0x694D, 0x694D, 0x694D, 0x694D, 0x694D, 0x694D, 0x694D, 0x98C3, 0x98C3, 0x98C3,
        0x98C3, 0x98C3, 0x98C3, 0x98C3, 0x82E3, 0x82E3, 0x82E3, 0x82E3, 0x82E3, 0x82E3, 0x82E3, 0x82E3,
        0x82E3, 0xAD75, 0xAD75, 0xAD75, 0xAD75, 0xAD75, 0xAD75, 0xAD75, 0x3C25, 0x3C25, 0x3C25, 0x3C25,
        0x3C25, 0x3C25, 0x3C25, 0x3C25, 0x3C25, 0x19B3, 0x19B3, 0x19B3, 0x19D5, 0x19D5, 0x19D5, 0x19D5,
        0x2BAE, 0x2BAE, 0x2BAE, 0x2BAE, 0x2BAE, 0x2BAE, 0x2BAE, 0x2BAE, 0x2BAE, 0x10A2, 0x10A2, 0x10A2,
        0x10A2, 0x10A2, 0x10A2, 0x10A2, 0x716E, 0x716E, 0x716E, 0x716E, 0x716E, 0x716E, 0x716E, 0x716E,
        0x716E, 0xA8E3, 0xA8E3, 0xA8E3, 0xA8E3, 0xA8E3, 0xA8E3, 0xA8E3, 0x9343, 0x9343, 0x9343, 0x9343,
        0x9343, 0x9343, 0x9343, 0x9343, 0x9343, 0xBDF7, 0xBDF7, 0xBDF7, 0xBDF7, 0xBDF7, 0xBDF7, 0xBDF7,
        0x44A5, 0x44A5, 0x44A5, 0x44A5, 0x44A5, 0x44A5, 0x44A5, 0x44A5, 0x44A5, 0x19D5, 0x19D5, 0x19D5,
        0x2217, 0x2217, 0x2217, 0x2217, 0x3410, 0x3410, 0x3410, 0x3410, 0x3410, 0x3410, 0x3410, 0x3410,
        0x3410, 0x18C3, 0x18C3, 0x18C3, 0x18C3, 0x18C3, 0x18C3, 0x18C3, 0x8190, 0x8190, 0x8190, 0x8190,
        0x8190, 0x8190, 0x8190, 0x8190, 0x8190, 0xB904, 0xB904, 0xB904, 0xB904, 0xB904, 0xB904, 0xB904,
        0xA384, 0xA384, 0xA384, 0xA384, 0xA384, 0xA384, 0xA384, 0xA384, 0xA384, 0xCE79, 0xCE79, 0xCE79,
        0xCE79, 0xCE79, 0xCE79, 0xCE79, 0x4D06, 0x4D06, 0x4D06, 0x4D06, 0x4D06, 0x4D06, 0x4D06, 0x4D06,
        0x4D06, 0x2217, 0x2217, 0x2217, 0x2239, 0x2239, 0x2239, 0x2239, 0x3451, 0x3451, 0x3451, 0x3451,
        0x3451, 0x3451, 0x3451, 0x3451, 0x3451, 0x18C3, 0x18C3, 0x18C3, 0x18C3, 0x18C3, 0x18C3, 0x18C3,
        0x89B1, 0x89B1, 0x89B1, 0x89B1, 0x89B1, 0x89B1, 0x89B1, 0x89B1, 0x89B1, 0xC904, 0xC904, 0xC904,
        0xC904, 0xC904, 0xC904, 0xC904, 0xABC4, 0xABC4, 0xABC4, 0xABC4, 0xABC4, 0xABC4, 0xABC4, 0xABC4,
        0xABC4, 0xDEFB, 0xDEFB, 0xDEFB, 0xDEFB, 0xDEFB, 0xDEFB, 0xDEFB, 0x4D66, 0x4D66, 0x4D66, 0x4D66,
        0x4D66, 0x4D66, 0x4D66, 0x4D66, 0x4D66, 0x2239, 0x2239, 0x2239, 0x225A, 0x225A, 0x225A, 0x225A,
        0x3CB2, 0x3CB2, 0x3CB2, 0x3CB2, 0x3CB2, 0x3CB2, 0x3CB2, 0x3CB2, 0x3CB2, 0x18E3, 0x18E3, 0x18E3,
        0x18E3, 0x18E3, 0x18E3, 0x18E3, 0x91D2, 0x91D2, 0x91D2, 0x91D2, 0x91D2, 0x91D2, 0x91D2, 0x91D2,
        0x91D2, 0xD124, 0xD124, 0xD124, 0xD124, 0xD124, 0xD124, 0xD124, 0xBC04, 0xBC04, 0xBC04, 0xBC04,
        0xBC04, 0xBC04, 0xBC04, 0xBC04, 0xBC04, 0xEF7D, 0xEF7D, 0xEF7D, 0xEF7D, 0xEF7D, 0xEF7D, 0xEF7D,
        0x55C7, 0x55C7, 0x55C7, 0x55C7, 0x55C7, 0x55C7, 0x55C7, 0x55C7, 0x55C7, 0x225A, 0x225A, 0x225A,
        0x2A9C, 0x2A9C, 0x2A9C, 0x2A9C, 0x3D14, 0x3D14, 0x3D14, 0x3D14, 0x3D14, 0x3D14, 0x3D14, 0x3D14,
        0x3D14, 0x18E3, 0x18E3, 0x18E3, 0x18E3, 0x18E3, 0x18E3, 0x18E3, 0xA1F4, 0xA1F4, 0xA1F4, 0xA1F4,
        0xA1F4, 0xA1F4, 0xA1F4, 0xA1F4, 0xA1F4, 0xE145, 0xE145, 0xE145, 0xE145, 0xE145, 0xE145, 0xE145,
        0xCC65, 0xCC65, 0xCC65, 0xCC65, 0xCC65, 0xCC65, 0xCC65, 0xCC65, 0xCC65, 0xFFFF, 0xFFFF, 0xFFFF,
        0xFFFF, 0xFFFF, 0xFFFF, 0xFFFF, 0x5E47, 0x5E47, 0x5E47, 0x5E47, 0x5E47, 0x5E47, 0x5E47, 0x5E47,
        0x5E47, 0x2A9C, 0x2A9C, 0x2A9C, 0x8C68, 0x8C68, 0x9526, 0x9526, 0x9526, 0x9526, 0x8C83, 0x8BE1,
        0x8BE1, 0x8BE1, 0xB426, 0xB426, 0xB426, 0xB426, 0xBC03, 0xC3E1, 0xC3E1, 0xC3E1, 0xBCE1, 0xBCE1,
        0xBCE1, 0xBCE1, 0xC585, 0xCE09, 0xCE09, 0xCE09, 0x9D82, 0x9D82, 0x9D82, 0x9D82, 0x94E5, 0x8C68,
        0x19D4, 0x19D4, 0x2B8E, 0x2B8E, 0x2B8E, 0x2B8E, 0x2208, 0x10A2, 0x10A2, 0x10A2, 0x714E, 0x714E,
        0x714E, 0x714E, 0x8928, 0xA0E3, 0xA0E3, 0xA0E3, 0x8B23, 0x8B23, 0x8B23, 0x8B23, 0xA46D, 0xB5B6,
        0xB5B6, 0xB5B6, 0x4465, 0x4465, 0x4465, 0x4465, 0x2B2C, 0x19D4, 0x2218, 0x2218, 0x3430, 0x3430,
        0x3430, 0x3430, 0x228A, 0x18C3, 0x18C3, 0x18C3, 0x8190, 0x8190, 0x8190, 0x8190, 0xA14A, 0xC104,
        0xC104, 0xC104, 0xABA4, 0xABA4, 0xABA4, 0xABA4, 0xBD2F, 0xD6BA, 0xD6BA, 0xD6BA, 0x4D46, 0x4D46,
        0x4D46, 0x4D46, 0x33AF, 0x2218, 0x227B, 0x227B, 0x3CD3, 0x3CD3, 0x3CD3, 0x3CD3, 0x2AEB, 0x18E3,
        0x18E3, 0x18E3, 0x99D3, 0x99D3, 0x99D3, 0x99D3, 0xB98C, 0xD924, 0xD924, 0xD924, 0xC444, 0xC444,
        0xC444, 0xC444, 0xDE11, 0xF7BE, 0xF7BE, 0xF7BE, 0x5607, 0x5607, 0x5607, 0x5607, 0x3C51, 0x227B,
        0x1170, 0x1170, 0x22EB, 0x22EB, 0x22EB, 0x22EB, 0x19A6, 0x1082, 0x1082, 0x1082, 0x590B, 0x590B,
        0x590B, 0x590B, 0x70E7, 0x80A2, 0x80A2, 0x80A2, 0x7282, 0x7282, 0x7282, 0x7282, 0x838A, 0x94B2,
        0x94B2, 0x94B2, 0x33A4, 0x33A4, 0x33A4, 0x33A4, 0x228A, 0x1170, 0x19D4, 0x19D4, 0x2B8E, 0x2B8E,
        0x2B8E, 0x2B8E, 0x2208, 0x10A2, 0x10A2, 0x10A2, 0x714E, 0x714E, 0x714E, 0x714E, 0x8928, 0xA0E3,
        0xA0E3, 0xA0E3, 0x8B23, 0x8B23, 0x8B23, 0x8B23, 0xA46D, 0xB5B6, 0xB5B6, 0xB5B6, 0x4465, 0x4465,
        0x4465, 0x4465, 0x2B2C, 0x19D4, 0x2218, 0x2218, 0x3430, 0x3430, 0x3430, 0x3430, 0x228A, 0x18C3,
        0x18C3, 0x18C3, 0x8190, 0x8190, 0x8190, 0x8190, 0xA14A, 0xC104, 0xC104, 0xC104, 0xABA4, 0xABA4,
        0xABA4, 0xABA4, 0xBD2F, 0xD6BA, 0xD6BA, 0xD6BA, 0x4D46, 0x4D46, 0x4D46, 0x4D46, 0x33AF, 0x2218,
        0x227B, 0x227B, 0x3CD3, 0x3CD3, 0x3CD3, 0x3CD3, 0x2AEB, 0x18E3, 0x18E3, 0x18E3, 0x99D3, 0x99D3,
        0x99D3, 0x99D3, 0xB98C, 0xD924, 0xD924, 0xD924, 0xC444, 0xC444, 0xC444, 0xC444, 0xDE11, 0xF7BE,
        0xF7BE, 0xF7BE, 0x5607, 0x5607, 0x5607, 0x5607, 0x3C51, 0x227B, 0x8C68, 0x8C68, 0x9526, 0x9526,
        0x9526, 0x9526, 0x8C83, 0x8BE1, 0x8BE1, 0x8BE1, 0xB426, 0xB426, 0xB426, 0xB426, 0xBC03, 0xC3E1,
        0xC3E1, 0xC3E1, 0xBCE1, 0xBCE1, 0xBCE1, 0xBCE1, 0xC585, 0xCE09, 0xCE09, 0xCE09, 0x9D82, 0x9D82,
        0x9D82, 0x9D82, 0x94E5, 0x8C68, 0x19D4, 0x19D4, 0x2B8E, 0x2B8E, 0x2B8E, 0x2B8E, 0x2208, 0x10A2,
        0x10A2, 0x10A2, 0x714E, 0x714E, 0x714E, 0x714E, 0x8928, 0xA0E3, 0xA0E3, 0xA0E3, 0x8B23, 0x8B23,
        0x8B23, 0x8B23, 0xA46D, 0xB5B6, 0xB5B6, 0xB5B6, 0x4465, 0x4465, 0x4465, 0x4465, 0x2B2C, 0x19D4,
        0x2218, 0x2218, 0x3430, 0x3430, 0x3430, 0x3430, 0x228A, 0x18C3, 0x18C3, 0x18C3, 0x8190, 0x8190,
        0x8190, 0x8190, 0xA14A, 0xC104, 0xC104, 0xC104, 0xABA4, 0xABA4, 0xABA4, 0xABA4, 0xBD2F, 0xD6BA,
        0xD6BA, 0xD6BA, 0x4D46, 0x4D46, 0x4D46, 0x4D46, 0x33AF, 0x2218, 0x227B, 0x227B, 0x3CD3, 0x3CD3,
        0x3CD3, 0x3CD3, 0x2AEB, 0x18E3, 0x18E3, 0x18E3, 0x99D3, 0x99D3, 0x99D3, 0x99D3, 0xB98C, 0xD924,
        0xD924, 0xD924, 0xC444, 0xC444, 0xC444, 0xC444, 0xDE11, 0xF7BE, 0xF7BE, 0xF7BE, 0x5607, 0x5607,
        0x5607, 0x5607, 0x3C51, 0x227B, 0x1170, 0x1170, 0x22EB, 0x22EB, 0x22EB, 0x22EB, 0x19A6, 0x1082,
        0x1082, 0x1082, 0x590B, 0x590B, 0x590B, 0x590B, 0x70E7, 0x80A2, 0x80A2, 0x80A2, 0x7282, 0x7282,
        0x7282, 0x7282, 0x838A, 0x94B2, 0x94B2, 0x94B2, 0x33A4, 0x33A4, 0x33A4, 0x33A4, 0x228A, 0x1170,
        0x19D4, 0x19D4, 0x2B8E, 0x2B8E, 0x2B8E, 0x2B8E, 0x2208, 0x10A2, 0x10A2, 0x10A2, 0x714E, 0x714E,
        0x714E, 0x714E, 0x8928, 0xA0E3, 0xA0E3, 0xA0E3, 0x8B23, 0x8B23, 0x8B23, 0x8B23, 0xA46D, 0xB5B6,
        0xB5B6, 0xB5B6, 0x4465, 0x4465, 0x4465, 0x4465, 0x2B2C, 0x19D4, 0x2218, 0x2218, 0x3430, 0x3430,
        0x3430, 0x3430, 0x228A, 0x18C3, 0x18C3, 0x18C3, 0x8190, 0x8190, 0x8190, 0x8190, 0xA14A, 0xC104,
        0xC104, 0xC104, 0xABA4, 0xABA4, 0xABA4, 0xABA4, 0xBD2F, 0xD6BA, 0xD6BA, 0xD6BA, 0x4D46, 0x4D46,
        0x4D46, 0x4D46, 0x33AF, 0x2218, 0x227B, 0x227B, 0x3CD3, 0x3CD3, 0x3CD3, 0x3CD3, 0x2AEB, 0x18E3,
        0x18E3, 0x18E3, 0x99D3, 0x99D3, 0x99D3, 0x99D3, 0xB98C, 0xD924, 0xD924, 0xD924, 0xC444, 0xC444,
        0xC444, 0xC444, 0xDE11, 0xF7BE, 0xF7BE, 0xF7BE, 0x5607, 0x5607, 0x5607, 0x5607, 0x3C51, 0x227B,
        0x8C68, 0x8C68, 0x9526, 0x9526, 0x9526, 0x9526, 0x8C83, 0x8BE1, 0x8BE1, 0x8BE1, 0xB426, 0xB426,
        0xB426, 0xB426, 0xBC03, 0xC3E1, 0xC3E1, 0xC3E1, 0xBCE1, 0xBCE1, 0xBCE1, 0xBCE1, 0xC585, 0xCE09,
        0xCE09, 0xCE09, 0x9D82, 0x9D82, 0x9D82, 0x9D82, 0x94E5, 0x8C68, 0x19D4, 0x19D4, 0x2B8E, 0x2B8E,
        0x2B8E, 0x2B8E, 0x2208, 0x10A2, 0x10A2, 0x10A2, 0x714E, 0x714E, 0x714E, 0x714E, 0x8928, 0xA0E3,
        0xA0E3, 0xA0E3, 0x8B23, 0x8B23, 0x8B23, 0x8B23, 0xA46D, 0xB5B6, 0xB5B6, 0xB5B6, 0x4465, 0x4465,
        0x4465, 0x4465, 0x2B2C, 0x19D4, 0x2218, 0x2218, 0x3430, 0x3430, 0x3430, 0x3430, 0x228A, 0x18C3,
        0x18C3, 0x18C3, 0x8190, 0x8190, 0x8190, 0x8190, 0xA14A, 0xC104, 0xC104, 0xC104, 0xABA4, 0xABA4,
        0xABA4, 0xABA4, 0xBD2F, 0xD6BA, 0xD6BA, 0xD6BA, 0x4D46, 0x4D46, 0x4D46, 0x4D46, 0x33AF, 0x2218,
        0x227B, 0x227B, 0x3CD3, 0x3CD3, 0x3CD3, 0x3CD3, 0x2AEB, 0x18E3, 0x18E3, 0x18E3, 0x99D3, 0x99D3,
        0x99D3, 0x99D3, 0xB98C, 0xD924, 0xD924, 0xD924, 0xC444, 0xC444, 0xC444, 0xC444, 0xDE11, 0xF7BE,
        0xF7BE, 0xF7BE, 0x5607, 0x5607, 0x5607, 0x5607, 0x3C51, 0x227B, 0x1170, 0x1170, 0x22EB, 0x22EB,
        0x22EB, 0x22EB, 0x19A6, 0x1082, 0x1082, 0x1082, 0x590B, 0x590B, 0x590B, 0x590B, 0x70E7, 0x80A2,
        0x80A2, 0x80A2, 0x7282, 0x7282, 0x7282, 0x7282, 0x838A, 0x94B2, 0x94B2, 0x94B2, 0x33A4, 0x33A4,
        0x33A4, 0x33A4, 0x228A, 0x1170, 0x19D4, 0x19D4, 0x2B8E, 0x2B8E, 0x2B8E, 0x2B8E, 0x2208, 0x10A2,
        0x10A2, 0x10A2, 0x714E, 0x714E, 0x714E, 0x714E, 0x8928, 0xA0E3, 0xA0E3, 0xA0E3, 0x8B23, 0x8B23,
        0x8B23, 0x8B23, 0xA46D, 0xB5B6, 0xB5B6, 0xB5B6, 0x4465, 0x4465, 0x4465, 0x4465, 0x2B2C, 0x19D4,
        0x2218, 0x2218, 0x3430, 0x3430, 0x3430, 0x3430, 0x228A, 0x18C3, 0x18C3, 0x18C3, 0x8190, 0x8190,
        0x8190, 0x8190, 0xA14A, 0xC104, 0xC104, 0xC104, 0xABA4, 0xABA4, 0xABA4, 0xABA4, 0xBD2F, 0xD6BA,
        0xD6BA, 0xD6BA, 0x4D46, 0x4D46, 0x4D46, 0x4D46, 0x33AF, 0x2218, 0x227B, 0x227B, 0x3CD3, 0x3CD3,
        0x3CD3, 0x3CD3, 0x2AEB, 0x18E3, 0x18E3, 0x18E3, 0x99D3, 0x99D3, 0x99D3, 0x99D3, 0xB98C, 0xD924,
        0xD924, 0xD924, 0xC444, 0xC444, 0xC444, 0xC444, 0xDE11, 0xF7BE, 0xF7BE, 0xF7BE, 0x5607, 0x5607,
        0x5607, 0x5607, 0x3C51, 0x227B, 0x8C68, 0x8C68, 0x9526, 0x9526, 0x9526, 0x9526, 0x8C83, 0x8BE1,
        0x8BE1, 0x8BE1, 0xB426, 0xB426, 0xB426, 0xB426, 0xBC03, 0xC3E1, 0xC3E1, 0xC3E1, 0xBCE1, 0xBCE1,
        0xBCE1, 0xBCE1, 0xC585, 0xCE09, 0xCE09, 0xCE09, 0x9D82, 0x9D82, 0x9D82, 0x9D82, 0x94E5, 0x8C68,
        0x19D4, 0x19D4, 0x2B8E, 0x2B8E, 0x2B8E, 0x2B8E, 0x2208, 0x10A2, 0x10A2, 0x10A2, 0x714E, 0x714E,
        0x714E, 0x714E, 0x8928, 0xA0E3, 0xA0E3, 0xA0E3, 0x8B23, 0x8B23, 0x8B23, 0x8B23, 0xA46D, 0xB5B6,
        0xB5B6, 0xB5B6, 0x4465, 0x4465, 0x4465, 0x4465, 0x2B2C, 0x19D4, 0x2218, 0x2218, 0x3430, 0x3430,
        0x3430, 0x3430, 0x228A, 0x18C3, 0x18C3, 0x18C3, 0x8190, 0x8190, 0x8190, 0x8190, 0xA14A, 0xC104,
        0xC104, 0xC104, 0xABA4, 0xABA4, 0xABA4, 0xABA4, 0xBD2F, 0xD6BA, 0xD6BA, 0xD6BA, 0x4D46, 0x4D46,
        0x4D46, 0x4D46, 0x33AF, 0x2218, 0x227B, 0x227B, 0x3CD3, 0x3CD3, 0x3CD3, 0x3CD3, 0x2AEB, 0x18E3,
        0x18E3, 0x18E3, 0x99D3, 0x99D3, 0x99D3, 0x99D3, 0xB98C, 0xD924, 0xD924, 0xD924, 0xC444, 0xC444,
        0xC444, 0xC444, 0xDE11, 0xF7BE, 0xF7BE, 0xF7BE, 0x5607, 0x5607, 0x5607, 0x5607, 0x3C51, 0x227B,
        0x1170, 0x1170, 0x22EB, 0x22EB, 0x22EB, 0x22EB, 0x19A6, 0x1082, 0x1082, 0x1082, 0x590B, 0x590B,
        0x590B, 0x590B, 0x70E7, 0x80A2, 0x80A2, 0x80A2, 0x7282, 0x7282, 0x7282, 0x7282, 0x838A, 0x94B2,
        0x94B2, 0x94B2, 0x33A4, 0x33A4, 0x33A4, 0x33A4, 0x228A, 0x1170, 0x19D4, 0x19D4, 0x2B8E, 0x2B8E,
        0x2B8E, 0x2B8E, 0x2208, 0x10A2, 0x10A2, 0x10A2, 0x714E, 0x714E, 0x714E, 0x714E, 0x8928, 0xA0E3,
        0xA0E3, 0xA0E3, 0x8B23, 0x8B23, 0x8B23, 0x8B23, 0xA46D, 0xB5B6, 0xB5B6, 0xB5B6, 0x4465, 0x4465,
        0x4465, 0x4465, 0x2B2C, 0x19D4, 0x2218, 0x2218, 0x3430, 0x3430, 0x3430, 0x3430, 0x228A, 0x18C3,
        0x18C3, 0x18C3, 0x8190, 0x8190, 0x8190, 0x8190, 0xA14A, 0xC104, 0xC104, 0xC104, 0xABA4, 0xABA4,
        0xABA4, 0xABA4, 0xBD2F, 0xD6BA, 0xD6BA, 0xD6BA, 0x4D46, 0x4D46, 0x4D46, 0x4D46, 0x33AF, 0x2218,
        0x227B, 0x227B, 0x3CD3, 0x3CD3, 0x3CD3, 0x3CD3, 0x2AEB, 0x18E3, 0x18E3, 0x18E3, 0x99D3, 0x99D3,
        0x99D3, 0x99D3, 0xB98C, 0xD924, 0xD924, 0xD924, 0xC444, 0xC444, 0xC444, 0xC444, 0xDE11, 0xF7BE,
        0xF7BE, 0xF7BE, 0x5607, 0x5607, 0x5607, 0x5607, 0x3C51, 0x227B, 0x530E, 0x5C4A, 0x5C4A, 0x52C4,
        0x4A41, 0x92CA, 0x92CA, 0xAA84, 0xB262, 0xA402, 0xA402, 0xBD6C, 0xC5D0, 0x6CE3, 0x6CE3, 0x5B8B,
        0x225A, 0x3492, 0x3492, 0x21C7, 0x18C3, 0x91B2, 0x91B2, 0xC147, 0xD124, 0xB3E4, 0xB3E4, 0xDE76,
        0xE73C, 0x55A6, 0x55A6, 0x2B15, 0x19B2, 0x232C, 0x232C, 0x1945, 0x1082, 0x612C, 0x612C, 0x88E5,
        0x90C3, 0x82C3, 0x82C3, 0x9C90, 0xA534, 0x3C04, 0x3C04, 0x222F, 0x225A, 0x3492, 0x3492, 0x21C7,
        0x18C3, 0x91B2, 0x91B2, 0xC147, 0xD124, 0xB3E4, 0xB3E4, 0xDE76, 0xE73C, 0x55A6, 0x55A6, 0x2B15,
        0x530E, 0x5C4A, 0x5C4A, 0x52C4, 0x4A41, 0x92CA, 0x92CA, 0xAA84, 0xB262, 0xA402, 0xA402, 0xBD6C,
        0xC5D0, 0x6CE3, 0x6CE3, 0x5B8B, 0x225A, 0x3492, 0x3492, 0x21C7, 0x18C3, 0x91B2, 0x91B2, 0xC147,
        0xD124, 0xB3E4, 0xB3E4, 0xDE76, 0xE73C, 0x55A6, 0x55A6, 0x2B15, 0x19B2, 0x232C, 0x232C, 0x1945,
        0x1082, 0x612C, 0x612C, 0x88E5, 0x90C3, 0x82C3, 0x82C3, 0x9C90, 0xA534, 0x3C04, 0x3C04, 0x222F,
        0x225A, 0x3492, 0x3492, 0x21C7, 0x18C3, 0x91B2, 0x91B2, 0xC147, 0xD124, 0xB3E4, 0xB3E4, 0xDE76,
        0xE73C, 0x55A6, 0x55A6, 0x2B15, 0x530E, 0x5C4A, 0x5C4A, 0x52C4, 0x4A41, 0x92CA, 0x92CA, 0xAA84,
        0xB262, 0xA402, 0xA402, 0xBD6C, 0xC5D0, 0x6CE3, 0x6CE3, 0x5B8B, 0x225A, 0x3492, 0x3492, 0x21C7,
        0x18C3, 0x91B2, 0x91B2, 0xC147, 0xD124, 0xB3E4, 0xB3E4, 0xDE76, 0xE73C, 0x55A6, 0x55A6, 0x2B15,
        0x19B2, 0x232C, 0x232C, 0x1945, 0x1082, 0x612C, 0x612C, 0x88E5, 0x90C3, 0x82C3, 0x82C3, 0x9C90,
        0xA534, 0x3C04, 0x3C04, 0x222F, 0x225A, 0x3492, 0x3492, 0x21C7, 0x18C3, 0x91B2, 0x91B2, 0xC147,
        0xD124, 0xB3E4, 0xB3E4, 0xDE76, 0xE73C, 0x55A6, 0x55A6, 0x2B15, 0x530E, 0x5C4A, 0x5C4A, 0x52C4,
        0x4A41, 0x92CA, 0x92CA, 0xAA84, 0xB262, 0xA402, 0xA402, 0xBD6C, 0xC5D0, 0x6CE3, 0x6CE3, 0x5B8B,
        0x225A, 0x3492, 0x3492, 0x21C7, 0x18C3, 0x91B2, 0x91B2, 0xC147, 0xD124, 0xB3E4, 0xB3E4, 0xDE76,
        0xE73C, 0x55A6, 0x55A6, 0x2B15, 0x19B2, 0x232C, 0x232C, 0x1945, 0x1082, 0x612C, 0x612C, 0x88E5,
        0x90C3, 0x82C3, 0x82C3, 0x9C90, 0xA534, 0x3C04, 0x3C04, 0x222F, 0x225A, 0x3492, 0x3492, 0x21C7,
        0x18C3, 0x91B2, 0x91B2, 0xC147, 0xD124, 0xB3E4, 0xB3E4, 0xDE76, 0xE73C, 0x55A6, 0x55A6, 0x2B15,
        0x4391, 0x4349, 0x61E8, 0xA20A, 0xBAE3, 0xBCEA, 0x9DED, 0x544A, 0x22F2, 0x22AA, 0x4909, 0x914B,
        0xA223, 0xAC6B, 0x858F, 0x33CC, 0x4391, 0x4349, 0x61E8, 0xA20A, 0xBAE3, 0xBCEA, 0x9DED, 0x544A,
        0x22F2, 0x22AA, 0x4909, 0x914B, 0xA223, 0xAC6B, 0x858F, 0x33CC, 0x4391, 0x4349, 0x61E8, 0xA20A,
        0xBAE3, 0xBCEA, 0x9DED, 0x544A, 0x22F2, 0x22AA, 0x4909, 0x914B, 0xA223, 0xAC6B, 0x858F, 0x33CC,
        0x4391, 0x4349, 0x61E8, 0xA20A, 0xBAE3, 0xBCEA, 0x9DED, 0x544A, 0x22F2, 0x22AA, 0x4909, 0x914B,
        0xA223, 0xAC6B, 0x858F, 0x33CC, 0x332E, 0x7989, 0xB3A7, 0x6CED, 0x332E, 0x7989, 0xB3A7, 0x6CED,
        0x332E, 0x7989, 0xB3A7, 0x6CED, 0x332E, 0x7989, 0xB3A7, 0x6CED, 0x524B, 0x8C4A, 0x524B, 0x8C4A,
        0x734B,
    },
    {
        0xFF20, 0xFF20, 0xFF20, 0xFF20, 0xFF20, 0xFF20, 0xFF20, 0xFF20, 0xFF20, 0xFF20, 0xFF20, 0xFF20,
        0xFF20, 0xFF20, 0xFF20, 0xFF20, 0xFF20, 0xFF20, 0xFF20, 0xFF20, 0xFF20, 0xFF20, 0xFF20, 0xFF20,
        0xFF20, 0xFF20, 0xFF20, 0xFF20, 0xFF20, 0xFF20, 0xFF20, 0xFF20, 0xFF20, 0xFF20, 0xFF20, 0xFF20,
        0xFF20, 0xFF20, 0xFF20, 0xFF20, 0xFF20, 0xFF20, 0xFF20, 0xFF20, 0xFF20, 0xFF20, 0xFF20, 0xFF20,
        0xFF20, 0xFF20, 0xFF20, 0xFF20, 0xFF20, 0xFF20, 0xFF20, 0xFF20, 0xFF20, 0xFF20, 0xFF20, 0xFF20,
        0xFF20, 0xFF20, 0xFF20, 0xFF20, 0x1991, 0x1991, 0x1991, 0x1991, 0x230C, 0x230C, 0x230C, 0x230C,
        0x230C, 0x230C, 0x230C, 0x230C, 0x230C, 0x1082, 0x1082, 0x1082, 0x1082, 0x1082, 0x1082, 0x1082,
        0x612C, 0x612C, 0x612C, 0x612C, 0x612C, 0x612C, 0x612C, 0x612C, 0x612C, 0x88C3, 0x88C3, 0x88C3,
        0x88C3, 0x88C3, 0x88C3, 0x88C3, 0x7AA3, 0x7AA3, 0x7AA3, 0x7AA3, 0x7AA3, 0x7AA3, 0x7AA3, 0x7AA3,
        0x7AA3, 0x9CF3, 0x9CF3, 0x9CF3, 0x9CF3, 0x9CF3, 0x9CF3, 0x9CF3, 0x33C4, 0x33C4, 0x33C4, 0x33C4,
        0x33C4, 0x33C4, 0x33C4, 0x33C4, 0x33C4, 0x1991, 0x1991, 0x1991, 0x19B3, 0x19B3, 0x19B3, 0x19B3,
        0x2B6D, 0x2B6D, 0x2B6D, 0x2B6D, 0x2B6D, 0x2B6D, 0x2B6D, 0x2B6D, 0x2B6D, 0x10A2, 0x10A2, 0x10A2,
        0x10A2, 0x10A2, 0x10A2, 0x10A2, 0x694D, 0x694D, 0x694D, 0x694D, 0x694D, 0x694D, 0x694D, 0x694D,
        0x694D, 0x98C3, 0x98C3, 0x98C3, 0x98C3, 0x98C3, 0x98C3, 0x98C3, 0x82E3, 0x82E3, 0x82E3, 0x82E3,
        0x82E3, 0x82E3, 0x82E3, 0x82E3, 0x82E3, 0xAD75, 0xAD75, 0xAD75, 0xAD75, 0xAD75, 0xAD75, 0xAD75,
        0x3C25, 0x3C25, 0x3C25, 0x3C25, 0x3C25, 0x3C25, 0x3C25, 0x3C25, 0x3C25, 0x19B3, 0x19B3, 0x19B3,
        0x19D5, 0x19D5, 0x19D5, 0x19D5, 0x2BAE, 0x2BAE, 0x2BAE, 0x2BAE, 0x2BAE, 0x2BAE, 0x2BAE, 0x2BAE,
        0x2BAE, 0x10A2, 0x10A2, 0x10A2, 0x10A2, 0x10A2, 0x10A2, 0x10A2, 0x716E, 0x716E, 0x716E, 0x716E,
        0x716E, 0x716E, 0x716E, 0x716E, 0x716E, 0xA8E3, 0xA8E3, 0xA8E3, 0xA8E3, 0xA8E3, 0xA8E3, 0xA8E3,
        0x9343, 0x9343, 0x9343, 0x9343, 0x9343, 0x9343, 0x9343, 0x9343, 0x9343, 0xBDF7, 0xBDF7, 0xBDF7,
        0xBDF7, 0xBDF7, 0xBDF7, 0xBDF7, 0x44A5, 0x44A5, 0x44A5, 0x44A5, 0x44A5, 0x44A5, 0x44A5, 0x44A5,
        0x44A5, 0x19D5, 0x19D5, 0x19D5, 0x2217, 0x2217, 0x2217, 0x2217, 0x3410, 0x3410, 0x3410, 0x3410,
        0x3410, 0x3410, 0x3410, 0x3410, 0x3410, 0x18C3, 0x18C3, 0x18C3, 0x18C3, 0x18C3, 0x18C3, 0x18C3,
        0x8190, 0x8190, 0x8190, 0x8190, 0x8190, 0x8190, 0x8190, 0x8190, 0x8190, 0xB904, 0xB904, 0xB904,
        0xB904, 0xB904, 0xB904, 0xB904, 0xA384, 0xA384, 0xA384, 0xA384, 0xA384, 0xA384, 0xA384, 0xA384,
        0xA384, 0xCE79, 0xCE79, 0xCE79, 0xCE79, 0xCE79, 0xCE79, 0xCE79, 0x4D06, 0x4D06, 0x4D06, 0x4D06,
        0x4D06, 0x4D06, 0x4D06, 0x4D06, 0x4D06, 0x2217, 0x2217, 0x2217, 0x2239, 0x2239, 0x2239, 0x2239,
        0x3451, 0x3451, 0x3451, 0x3451, 0x3451, 0x3451, 0x3451, 0x3451, 0x3451, 0x18C3, 0x18C3, 0x18C3,
        0x18C3, 0x18C3, 0x18C3, 0x18C3, 0x89B1, 0x89B1, 0x89B1, 0x89B1, 0x89B1, 0x89B1, 0x89B1, 0x89B1,
        0x89B1, 0xC904, 0xC904, 0xC904, 0xC904, 0xC904, 0xC904, 0xC904, 0xABC4, 0xABC4, 0xABC4, 0xABC4,
        0xABC4, 0xABC4, 0xABC4, 0xABC4, 0xABC4, 0xDEFB, 0xDEFB, 0xDEFB, 0xDEFB, 0xDEFB, 0xDEFB, 0xDEFB,
        0x4D66, 0x4D66, 0x4D66, 0x4D66, 0x4D66, 0x4D66, 0x4D66, 0x4D66, 0x4D66, 0x2239, 0x2239, 0x2239,
        0x225A, 0x225A, 0x225A, 0x225A, 0x3CB2, 0x3CB2, 0x3CB2, 0x3CB2, 0x3CB2, 0x3CB2, 0x3CB2, 0x3CB2,
        0x3CB2, 0x18E3, 0x18E3, 0x18E3, 0x18E3, 0x18E3, 0x18E3, 0x18E3, 0x91D2, 0x91D2, 0x91D2, 0x91D2,
        0x91D2, 0x91D2, 0x91D2, 0x91D2, 0x91D2, 0xD124, 0xD124, 0xD124, 0xD124, 0xD124, 0xD124, 0xD124,
        0xBC04, 0xBC04, 0xBC04, 0xBC04, 0xBC04, 0xBC04, 0xBC04, 0xBC04, 0xBC04, 0xEF7D, 0xEF7D, 0xEF7D,
        0xEF7D, 0xEF7D, 0xEF7D, 0xEF7D, 0x55C7, 0x55C7, 0x55C7, 0x55C7, 0x55C7, 0x55C7, 0x55C7, 0x55C7,
        0x55C7, 0x225A, 0x225A, 0x225A, 0x2A9C, 0x2A9C, 0x2A9C, 0x2A9C, 0x3D14, 0x3D14, 0x3D14, 0x3D14,
        0x3D14, 0x3D14, 0x3D14, 0x3D14, 0x3D14, 0x18E3, 0x18E3, 0x18E3, 0x18E3, 0x18E3, 0x18E3, 0x18E3,
        0xA1F4, 0xA1F4, 0xA1F4, 0xA1F4, 0xA1F4, 0xA1F4, 0xA1F4, 0xA1F4, 0xA1F4, 0xE145, 0xE145, 0xE145,
        0xE145, 0xE145, 0xE145, 0xE145, 0xCC65, 0xCC65, 0xCC65, 0xCC65, 0xCC65, 0xCC65, 0xCC65, 0xCC65,
        0xCC65, 0xFFFF, 0xFFFF, 0xFFFF, 0xFFFF, 0xFFFF, 0xFFFF, 0xFFFF, 0x5E47, 0x5E47, 0x5E47, 0x5E47,
        0x5E47, 0x5E47, 0x5E47, 0x5E47, 0x5E47, 0x2A9C, 0x2A9C, 0x2A9C, 0x116F, 0x116F, 0x116F, 0x116F,
        0x22CB, 0x22CB, 0x22CB, 0x22CB, 0x22CB, 0x22CB, 0x22CB, 0x22CB, 0x22CB, 0x1082, 0x1082, 0x1082,
        0x1082, 0x1082, 0x1082, 0x1082, 0x590B, 0x590B, 0x590B, 0x590B, 0x590B, 0x590B, 0x590B, 0x590B,
        0x590B, 0x78A2, 0x78A2, 0x78A2, 0x78A2, 0x78A2, 0x78A2, 0x78A2, 0x6A62, 0x6A62, 0x6A62, 0x6A62,
        0x6A62, 0x6A62, 0x6A62, 0x6A62, 0x6A62, 0x8C71, 0x8C71, 0x8C71, 0x8C71, 0x8C71, 0x8C71, 0x8C71,
        0x3364, 0x3364, 0x3364, 0x3364, 0x3364, 0x3364, 0x3364, 0x3364, 0x3364, 0x116F, 0x116F, 0x116F,
        0x1991, 0x1991, 0x1991, 0x1991, 0x230C, 0x230C, 0x230C, 0x230C, 0x230C, 0x230C, 0x230C, 0x230C,
        0x230C, 0x1082, 0x1082, 0x1082, 0x1082, 0x1082, 0x1082, 0x1082, 0x612C, 0x612C, 0x612C, 0x612C,
        0x612C, 0x612C, 0x612C, 0x612C, 0x612C, 0x88C3, 0x88C3, 0x88C3, 0x88C3, 0x88C3, 0x88C3, 0x88C3,
        0x7AA3, 0x7AA3, 0x7AA3, 0x7AA3, 0x7AA3, 0x7AA3, 0x7AA3, 0x7AA3, 0x7AA3, 0x9CF3, 0x9CF3, 0x9CF3,
        0x9CF3, 0x9CF3, 0x9CF3, 0x9CF3, 0x33C4, 0x33C4, 0x33C4, 0x33C4, 0x33C4, 0x33C4, 0x33C4, 0x33C4,
        0x33C4, 0x1991, 0x1991, 0x1991, 0x19B3, 0x19B3, 0x19B3, 0x19B3, 0x2B6D, 0x2B6D, 0x2B6D, 0x2B6D,
        0x2B6D, 0x2B6D, 0x2B6D, 0x2B6D, 0x2B6D, 0x10A2, 0x10A2, 0x10A2, 0x10A2, 0x10A2, 0x10A2, 0x10A2,
        0x694D, 0x694D, 0x694D, 0x694D, 0x694D, 0x694D, 0x694D, 0x694D, 0x694D, 0x98C3, 0x98C3, 0x98C3,
        0x98C3, 0x98C3, 0x98C3, 0x98C3, 0x82E3, 0x82E3, 0x82E3, 0x82E3, 0x82E3, 0x82E3, 0x82E3, 0x82E3,
        0x82E3, 0xAD75, 0xAD75, 0xAD75, 0xAD75, 0xAD75, 0xAD75, 0xAD75, 0x3C25, 0x3C25, 0x3C25, 0x3C25,
        0x3C25, 0x3C25, 0x3C25, 0x3C25, 0x3C25, 0x19B3, 0x19B3, 0x19B3, 0x19D5, 0x19D5, 0x19D5, 0x19D5,
        0x2BAE, 0x2BAE, 0x2BAE, 0x2BAE, 0x2BAE, 0x2BAE, 0x2BAE, 0x2BAE, 0x2BAE, 0x10A2, 0x10A2, 0x10A2,
        0x10A2, 0x10A2, 0x10A2, 0x10A2, 0x716E, 0x716E, 0x716E, 0x716E, 0x716E, 0x716E, 0x716E, 0x716E,
        0x716E, 0xA8E3, 0xA8E3, 0xA8E3, 0xA8E3, 0xA8E3, 0xA8E3, 0xA8E3, 0x9343, 0x9343, 0x9343, 0x9343,
        0x9343, 0x9343, 0x9343, 0x9343, 0x9343, 0xBDF7, 0xBDF7, 0xBDF7, 0xBDF7, 0xBDF7, 0xBDF7, 0xBDF7,
        0x44A5, 0x44A5, 0x44A5, 0x44A5, 0x44A5, 0x44A5, 0x44A5, 0x44A5, 0x44A5, 0x19D5, 0x19D5, 0x19D5,
        0x2217, 0x2217, 0x2217, 0x2217, 0x3410, 0x3410, 0x3410, 0x3410, 0x3410, 0x3410, 0x3410, 0x3410,
        0x3410, 0x18C3, 0x18C3, 0x18C3, 0x18C3, 0x18C3, 0x18C3, 0x18C3, 0x8190, 0x8190, 0x8190, 0x8190,
        0x8190, 0x8190, 0x8190, 0x8190, 0x8190, 0xB904, 0xB904, 0xB904, 0xB904, 0xB904, 0xB904, 0xB904,
        0xA384, 0xA384, 0xA384, 0xA384, 0xA384, 0xA384, 0xA384, 0xA384, 0xA384, 0xCE79, 0xCE79, 0xCE79,
        0xCE79, 0xCE79, 0xCE79, 0xCE79, 0x4D06, 0x4D06, 0x4D06, 0x4D06, 0x4D06, 0x4D06, 0x4D06, 0x4D06,
        0x4D06, 0x2217, 0x2217, 0x2217, 0x2239, 0x2239, 0x2239, 0x2239, 0x3451, 0x3451, 0x3451, 0x3451,
        0x3451, 0x3451, 0x3451, 0x3451, 0x3451, 0x18C3, 0x18C3, 0x18C3, 0x18C3, 0x18C3, 0x18C3, 0x18C3,
        0x89B1, 0x89B1, 0x89B1, 0x89B1, 0x89B1, 0x89B1, 0x89B1, 0x89B1, 0x89B1, 0xC904, 0xC904, 0xC904,
        0xC904, 0xC904, 0xC904, 0xC904, 0xABC4, 0xABC4, 0xABC4, 0xABC4, 0xABC4, 0xABC4, 0xABC4, 0xABC4,
        0xABC4, 0xDEFB, 0xDEFB, 0xDEFB, 0xDEFB, 0xDEFB, 0xDEFB, 0xDEFB, 0x4D66, 0x4D66, 0x4D66, 0x4D66,
        0x4D66, 0x4D66, 0x4D66, 0x4D66, 0x4D66, 0x2239, 0x2239, 0x2239, 0x225A, 0x225A, 0x225A, 0x225A,
        0x3CB2, 0x3CB2, 0x3CB2, 0x3CB2, 0x3CB2, 0x3CB2, 0x3CB2, 0x3CB2, 0x3CB2, 0x18E3, 0x18E3, 0x18E3,
        0x18E3, 0x18E3, 0x18E3, 0x18E3, 0x91D2, 0x91D2, 0x91D2, 0x91D2, 0x91D2, 0x91D2, 0x91D2, 0x91D2,
        0x91D2, 0xD124, 0xD124, 0xD124, 0xD124, 0xD124, 0xD124, 0xD124, 0xBC04, 0xBC04, 0xBC04, 0xBC04,
        0xBC04, 0xBC04, 0xBC04, 0xBC04, 0xBC04, 0xEF7D, 0xEF7D, 0xEF7D, 0xEF7D, 0xEF7D, 0xEF7D, 0xEF7D,
        0x55C7, 0x55C7, 0x55C7, 0x55C7, 0x55C7, 0x55C7, 0x55C7, 0x55C7, 0x55C7, 0x225A, 0x225A, 0x225A,
        0x2A9C, 0x2A9C, 0x2A9C, 0x2A9C, 0x3D14, 0x3D14, 0x3D14, 0x3D14, 0x3D14, 0x3D14, 0x3D14, 0x3D14,
        0x3D14, 0x18E3, 0x18E3, 0x18E3, 0x18E3, 0x18E3, 0x18E3, 0x18E3, 0xA1F4, 0xA1F4, 0xA1F4, 0xA1F4,
        0xA1F4, 0xA1F4, 0xA1F4, 0xA1F4, 0xA1F4, 0xE145, 0xE145, 0xE145, 0xE145, 0xE145, 0xE145, 0xE145,
        0xCC65, 0xCC65, 0xCC65, 0xCC65, 0xCC65, 0xCC65, 0xCC65, 0xCC65, 0xCC65, 0xFFFF, 0xFFFF, 0xFFFF,
        0xFFFF, 0xFFFF, 0xFFFF, 0xFFFF, 0x5E47, 0x5E47, 0x5E47, 0x5E47, 0x5E47, 0x5E47, 0x5E47, 0x5E47,
        0x5E47, 0x2A9C, 0x2A9C, 0x2A9C, 0xFF20, 0xFF20, 0xFF20, 0xFF20, 0xFF20, 0xFF20, 0xFF20, 0xFF20,
        0xFF20, 0xFF20, 0xFF20, 0xFF20, 0xFF20, 0xFF20, 0xFF20, 0xFF20, 0xFF20, 0xFF20, 0xFF20, 0xFF20,
        0xFF20, 0xFF20, 0xFF20, 0xFF20, 0xFF20, 0xFF20, 0xFF20, 0xFF20, 0xFF20, 0xFF20, 0xFF20, 0xFF20,
        0xFF20, 0xFF20, 0xFF20, 0xFF20, 0xFF20, 0xFF20, 0xFF20, 0xFF20, 0xFF20, 0xFF20, 0xFF20, 0xFF20,
        0xFF20, 0xFF20, 0xFF20, 0xFF20, 0xFF20, 0xFF20, 0xFF20, 0xFF20, 0xFF20, 0xFF20, 0xFF20, 0xFF20,
        0xFF20, 0xFF20, 0xFF20, 0xFF20, 0xFF20, 0xFF20, 0xFF20, 0xFF20, 0x1991, 0x1991, 0x1991, 0x1991,
        0x230C, 0x230C, 0x230C, 0x230C, 0x230C, 0x230C, 0x230C, 0x230C, 0x230C, 0x1082, 0x1082, 0x1082,
        0x1082, 0x1082, 0x1082, 0x1082, 0x612C, 0x612C, 0x612C, 0x612C, 0x612C, 0x612C, 0x612C, 0x612C,
        0x612C, 0x88C3, 0x88C3, 0x88C3, 0x88C3, 0x88C3, 0x88C3, 0x88C3, 0x7AA3, 0x7AA3, 0x7AA3, 0x7AA3,
        0x7AA3, 0x7AA3, 0x7AA3, 0x7AA3, 0x7AA3, 0x9CF3, 0x9CF3, 0x9CF3, 0x9CF3, 0x9CF3, 0x9CF3, 0x9CF3,
        0x33C4, 0x33C4, 0x33C4, 0x33C4, 0x33C4, 0x33C4, 0x33C4, 0x33C4, 0x33C4, 0x1991, 0x1991, 0x1991,
        0x19B3, 0x19B3, 0x19B3, 0x19B3, 0x2B6D, 0x2B6D, 0x2B6D, 0x2B6D, 0x2B6D, 0x2B6D, 0x2B6D, 0x2B6D,
        0x2B6D, 0x10A2, 0x10A2, 0x10A2, 0x10A2, 0x10A2, 0x10A2, 0x10A2, 0x694D, 0x694D, 0x694D, 0x694D,
        0x694D, 0x694D, 0x694D, 0x694D, 0x694D, 0x98C3, 0x98C3, 0x98C3, 0x98C3, 0x98C3, 0x98C3, 0x98C3,
        0x82E3, 0x82E3, 0x82E3, 0x82E3, 0x82E3, 0x82E3, 0x82E3, 0x82E3, 0x82E3, 0xAD75, 0xAD75, 0xAD75,
        0xAD75, 0xAD75, 0xAD75, 0xAD75, 0x3C25, 0x3C25, 0x3C25, 0x3C25, 0x3C25, 0x3C25, 0x3C25, 0x3C25,
        0x3C25, 0x19B3, 0x19B3, 0x19B3, 0x19D5, 0x19D5, 0x19D5, 0x19D5, 0x2BAE, 0x2BAE, 0x2BAE, 0x2BAE,
        0x2BAE, 0x2BAE, 0x2BAE, 0x2BAE, 0x2BAE, 0x10A2, 0x10A2, 0x10A2, 0x10A2, 0x10A2, 0x10A2, 0x10A2,
        0x716E, 0x716E, 0x716E, 0x716E, 0x716E, 0x716E, 0x716E, 0x716E, 0x716E, 0xA8E3, 0xA8E3, 0xA8E3,
        0xA8E3, 0xA8E3, 0xA8E3, 0xA8E3, 0x9343, 0x9343, 0x9343, 0x9343, 0x9343, 0x9343, 0x9343, 0x9343,
        0x9343, 0xBDF7, 0xBDF7, 0xBDF7, 0xBDF7, 0xBDF7, 0xBDF7, 0xBDF7, 0x44A5, 0x44A5, 0x44A5, 0x44A5,
        0x44A5, 0x44A5, 0x44A5, 0x44A5, 0x44A5, 0x19D5, 0x19D5, 0x19D5, 0x2217, 0x2217, 0x2217, 0x2217,
        0x3410, 0x3410, 0x3410, 0x3410, 0x3410, 0x3410, 0x3410, 0x3410, 0x3410, 0x18C3, 0x18C3, 0x18C3,
        0x18C3, 0x18C3, 0x18C3, 0x18C3, 0x8190, 0x8190, 0x8190, 0x8190, 0x8190, 0x8190, 0x8190, 0x8190,
        0x8190, 0xB904, 0xB904, 0xB904, 0xB904, 0xB904, 0xB904, 0xB904, 0xA384, 0xA384, 0xA384, 0xA384,
        0xA384, 0xA384, 0xA384, 0xA384, 0xA384, 0xCE79, 0xCE79, 0xCE79, 0xCE79, 0xCE79, 0xCE79, 0xCE79,
        0x4D06, 0x4D06, 0x4D06, 0x4D06, 0x4D06, 0x4D06, 0x4D06, 0x4D06, 0x4D06, 0x2217, 0x2217, 0x2217,
        0x2239, 0x2239, 0x2239, 0x2239, 0x3451, 0x3451, 0x3451, 0x3451, 0x3451, 0x3451, 0x3451, 0x3451,
        0x3451, 0x18C3, 0x18C3, 0x18C3, 0x18C3, 0x18C3, 0x18C3, 0x18C3, 0x89B1, 0x89B1, 0x89B1, 0x89B1,
        0x89B1, 0x89B1, 0x89B1, 0x89B1, 0x89B1, 0xC904, 0xC904, 0xC904, 0xC904, 0xC904, 0xC904, 0xC904,
        0xABC4, 0xABC4, 0xABC4, 0xABC4, 0xABC4, 0xABC4, 0xABC4, 0xABC4, 0xABC4, 0xDEFB, 0xDEFB, 0xDEFB,
        0xDEFB, 0xDEFB, 0xDEFB, 0xDEFB, 0x4D66, 0x4D66, 0x4D66, 0x4D66, 0x4D66, 0x4D66, 0x4D66, 0x4D66,
        0x4D66, 0x2239, 0x2239, 0x2239, 0x225A, 0x225A, 0x225A, 0x225A, 0x3CB2, 0x3CB2, 0x3CB2, 0x3CB2,
        0x3CB2, 0x3CB2, 0x3CB2, 0x3CB2, 0x3CB2, 0x18E3, 0x18E3, 0x18E3, 0x18E3, 0x18E3, 0x18E3, 0x18E3,
        0x91D2, 0x91D2, 0x91D2, 0x91D2, 0x91D2, 0x91D2, 0x91D2, 0x91D2, 0x91D2, 0xD124, 0xD124, 0xD124,
        0xD124, 0xD124, 0xD124, 0xD124, 0xBC04, 0xBC04, 0xBC04, 0xBC04, 0xBC04, 0xBC04, 0xBC04, 0xBC04,
        0xBC04, 0xEF7D, 0xEF7D, 0xEF7D, 0xEF7D, 0xEF7D, 0xEF7D, 0xEF7D, 0x55C7, 0x55C7, 0x55C7, 0x55C7,
        0x55C7, 0x55C7, 0x55C7, 0x55C7, 0x55C7, 0x225A, 0x225A, 0x225A, 0x2A9C, 0x2A9C, 0x2A9C, 0x2A9C,
        0x3D14, 0x3D14, 0x3D14, 0x3D14, 0x3D14, 0x3D14, 0x3D14, 0x3D14, 0x3D14, 0x18E3, 0x18E3, 0x18E3,
        0x18E3, 0x18E3, 0x18E3, 0x18E3, 0xA1F4, 0xA1F4, 0xA1F4, 0xA1F4, 0xA1F4, 0xA1F4, 0xA1F4, 0xA1F4,
        0xA1F4, 0xE145, 0xE145, 0xE145, 0xE145, 0xE145, 0xE145, 0xE145, 0xCC65, 0xCC65, 0xCC65, 0xCC65,
        0xCC65, 0xCC65, 0xCC65, 0xCC65, 0xCC65, 0xFFFF, 0xFFFF, 0xFFFF, 0xFFFF, 0xFFFF, 0xFFFF, 0xFFFF,
        0x5E47, 0x5E47, 0x5E47, 0x5E47, 0x5E47, 0x5E47, 0x5E47, 0x5E47, 0x5E47, 0x2A9C, 0x2A9C, 0x2A9C,
        0x116F, 0x116F, 0x116F, 0x116F, 0x22CB, 0x22CB, 0x22CB, 0x22CB, 0x22CB, 0x22CB, 0x22CB, 0x22CB,
        0x22CB, 0x1082, 0x1082, 0x1082, 0x1082, 0x1082, 0x1082, 0x1082, 0x590B, 0x590B, 0x590B, 0x590B,
        0x590B, 0x590B, 0x590B, 0x590B, 0x590B, 0x78A2, 0x78A2, 0x78A2, 0x78A2, 0x78A2, 0x78A2, 0x78A2,
        0x6A62, 0x6A62, 0x6A62, 0x6A62, 0x6A62, 0x6A62, 0x6A62, 0x6A62, 0x6A62, 0x8C71, 0x8C71, 0x8C71,
        0x8C71, 0x8C71, 0x8C71, 0x8C71, 0x3364, 0x3364, 0x3364, 0x3364, 0x3364, 0x3364, 0x3364, 0x3364,
        0x3364, 0x116F, 0x116F, 0x116F, 0x1991, 0x1991, 0x1991, 0x1991, 0x230C, 0x230C, 0x230C, 0x230C,
        0x230C, 0x230C, 0x230C, 0x230C, 0x230C, 0x1082, 0x1082, 0x1082, 0x1082, 0x1082, 0x1082, 0x1082,
        0x612C, 0x612C, 0x612C, 0x612C, 0x612C, 0x612C, 0x612C, 0x612C, 0x612C, 0x88C3, 0x88C3, 0x88C3,
        0x88C3, 0x88C3, 0x88C3, 0x88C3, 0x7AA3, 0x7AA3, 0x7AA3, 0x7AA3, 0x7AA3, 0x7AA3, 0x7AA3, 0x7AA3,
        0x7AA3, 0x9CF3, 0x9CF3, 0x9CF3, 0x9CF3, 0x9CF3, 0x9CF3, 0x9CF3, 0x33C4, 0x33C4, 0x33C4, 0x33C4,
        0x33C4, 0x33C4, 0x33C4, 0x33C4, 0x33C4, 0x1991, 0x1991, 0x1991, 0x19B3, 0x19B3, 0x19B3, 0x19B3,
        0x2B6D, 0x2B6D, 0x2B6D, 0x2B6D, 0x2B6D, 0x2B6D, 0x2B6D, 0x2B6D, 0x2B6D, 0x10A2, 0x10A2, 0x10A2,
        0x10A2, 0x10A2, 0x10A2, 0x10A2, 0x694D, 0x694D, 0x694D, 0x694D, 0x694D, 0x694D, 0x694D, 0x694D,
        0x694D, 0x98C3, 0x98C3, 0x98C3, 0x98C3, 0x98C3, 0x98C3, 0x98C3, 0x82E3, 0x82E3, 0x82E3, 0x82E3,
        0x82E3, 0x82E3, 0x82E3, 0x82E3, 0x82E3, 0xAD75, 0xAD75, 0xAD75, 0xAD75, 0xAD75, 0xAD75, 0xAD75,
        0x3C25, 0x3C25, 0x3C25, 0x3C25, 0x3C25, 0x3C25, 0x3C25, 0x3C25, 0x3C25, 0x19B3, 0x19B3, 0x19B3,
        0x19D5, 0x19D5, 0x19D5, 0x19D5, 0x2BAE, 0x2BAE, 0x2BAE, 0x2BAE, 0x2BAE, 0x2BAE, 0x2BAE, 0x2BAE,
        0x2BAE, 0x10A2, 0x10A2, 0x10A2, 0x10A2, 0x10A2, 0x10A2, 0x10A2, 0x716E, 0x716E, 0x716E, 0x716E,
        0x716E, 0x716E, 0x716E, 0x716E, 0x716E, 0xA8E3, 0xA8E3, 0xA8E3, 0xA8E3, 0xA8E3, 0xA8E3, 0xA8E3,
        0x9343, 0x9343, 0x9343, 0x9343, 0x9343, 0x9343, 0x9343, 0x9343, 0x9343, 0xBDF7, 0xBDF7, 0xBDF7,
        0xBDF7, 0xBDF7, 0xBDF7, 0xBDF7, 0x44A5, 0x44A5, 0x44A5, 0x44A5, 0x44A5, 0x44A5, 0x44A5, 0x44A5,
        0x44A5, 0x19D5, 0x19D5, 0x19D5, 0x2217, 0x2217, 0x2217, 0x2217, 0x3410, 0x3410, 0x3410, 0x3410,
        0x3410, 0x3410, 0x3410, 0x3410, 0x3410, 0x18C3, 0x18C3, 0x18C3, 0x18C3, 0x18C3, 0x18C3, 0x18C3,
        0x8190, 0x8190, 0x8190, 0x8190, 0x8190, 0x8190, 0x8190, 0x8190, 0x8190, 0xB904, 0xB904, 0xB904,
        0xB904, 0xB904, 0xB904, 0xB904, 0xA384, 0xA384, 0xA384, 0xA384, 0xA384, 0xA384, 0xA384, 0xA384,
        0xA384, 0xCE79, 0xCE79, 0xCE79, 0xCE79, 0xCE79, 0xCE79, 0xCE79, 0x4D06, 0x4D06, 0x4D06, 0x4D06,
        0x4D06, 0x4D06, 0x4D06, 0x4D06, 0x4D06, 0x2217, 0x2217, 0x2217, 0x2239, 0x2239, 0x2239, 0x2239,
        0x3451, 0x3451, 0x3451, 0x3451, 0x3451, 0x3451, 0x3451, 0x3451, 0x3451, 0x18C3, 0x18C3, 0x18C3,
        0x18C3, 0x18C3, 0x18C3, 0x18C3, 0x89B1, 0x89B1, 0x89B1, 0x89B1, 0x89B1, 0x89B1, 0x89B1, 0x89B1,
        0x89B1, 0xC904, 0xC904, 0xC904, 0xC904, 0xC904, 0xC904, 0xC904, 0xABC4, 0xABC4, 0xABC4, 0xABC4,
        0xABC4, 0xABC4, 0xABC4, 0xABC4, 0xABC4, 0xDEFB, 0xDEFB, 0xDEFB, 0xDEFB, 0xDEFB, 0xDEFB, 0xDEFB,
        0x4D66, 0x4D66, 0x4D66, 0x4D66, 0x4D66, 0x4D66, 0x4D66, 0x4D66, 0x4D66, 0x2239, 0x2239, 0x2239,
        0x225A, 0x225A, 0x225A, 0x225A, 0x3CB2, 0x3CB2, 0x3CB2, 0x3CB2, 0x3CB2, 0x3CB2, 0x3CB2, 0x3CB2,
        0x3CB2, 0x18E3, 0x18E3, 0x18E3, 0x18E3, 0x18E3, 0x18E3, 0x18E3, 0x91D2, 0x91D2, 0x91D2, 0x91D2,
        0x91D2, 0x91D2, 0x91D2, 0x91D2, 0x91D2, 0xD124, 0xD124, 0xD124, 0xD124, 0xD124, 0xD124, 0xD124,
        0xBC04, 0xBC04, 0xBC04, 0xBC04, 0xBC04, 0xBC04, 0xBC04, 0xBC04, 0xBC04, 0xEF7D, 0xEF7D, 0xEF7D,
        0xEF7D, 0xEF7D, 0xEF7D, 0xEF7D, 0x55C7, 0x55C7, 0x55C7, 0x55C7, 0x55C7, 0x55C7, 0x55C7, 0x55C7,
        0x55C7, 0x225A, 0x225A, 0x225A, 0x2A9C, 0x2A9C, 0x2A9C, 0x2A9C, 0x3D14, 0x3D14, 0x3D14, 0x3D14,
        0x3D14, 0x3D14, 0x3D14, 0x3D14, 0x3D14, 0x18E3, 0x18E3, 0x18E3, 0x18E3, 0x18E3, 0x18E3, 0x18E3,
        0xA1F4, 0xA1F4, 0xA1F4, 0xA1F4, 0xA1F4, 0xA1F4, 0xA1F4, 0xA1F4, 0xA1F4, 0xE145, 0xE145, 0xE145,
        0xE145, 0xE145, 0xE145, 0xE145, 0xCC65, 0xCC65, 0xCC65, 0xCC65, 0xCC65, 0xCC65, 0xCC65, 0xCC65,
        0xCC65, 0xFFFF, 0xFFFF, 0xFFFF, 0xFFFF, 0xFFFF, 0xFFFF, 0xFFFF, 0x5E47, 0x5E47, 0x5E47, 0x5E47,
        0x5E47, 0x5E47, 0x5E47, 0x5E47, 0x5E47, 0x2A9C, 0x2A9C, 0x2A9C, 0xFF20, 0xFF20, 0xFF20, 0xFF20,
        0xFF20, 0xFF20, 0xFF20, 0xFF20, 0xFF20, 0xFF20, 0xFF20, 0xFF20, 0xFF20, 0xFF20, 0xFF20, 0xFF20,
        0xFF20, 0xFF20, 0xFF20, 0xFF20, 0xFF20, 0xFF20, 0xFF20, 0xFF20, 0xFF20, 0xFF20, 0xFF20, 0xFF20,
        0xFF20, 0xFF20, 0xFF20, 0xFF20, 0xFF20, 0xFF20, 0xFF20, 0xFF20, 0xFF20, 0xFF20, 0xFF20, 0xFF20,
        0xFF20, 0xFF20, 0xFF20, 0xFF20, 0xFF20, 0xFF20, 0xFF20, 0xFF20, 0xFF20, 0xFF20, 0xFF20, 0xFF20,
        0xFF20, 0xFF20, 0xFF20, 0xFF20, 0xFF20, 0xFF20, 0xFF20, 0xFF20, 0xFF20, 0xFF20, 0xFF20, 0xFF20,
        0x1991, 0x1991, 0x1991, 0x1991, 0x230C, 0x230C, 0x230C, 0x230C, 0x230C, 0x230C, 0x230C, 0x230C,
        0x230C, 0x1082, 0x1082, 0x1082, 0x1082, 0x1082, 0x1082, 0x1082, 0x612C, 0x612C, 0x612C, 0x612C,
        0x612C, 0x612C, 0x612C, 0x612C, 0x612C, 0x88C3, 0x88C3, 0x88C3, 0x88C3, 0x88C3, 0x88C3, 0x88C3,
        0x7AA3, 0x7AA3, 0x7AA3, 0x7AA3, 0x7AA3, 0x7AA3, 0x7AA3, 0x7AA3, 0x7AA3, 0x9CF3, 0x9CF3, 0x9CF3,
        0x9CF3, 0x9CF3, 0x9CF3, 0x9CF3, 0x33C4, 0x33C4, 0x33C4, 0x33C4, 0x33C4, 0x33C4, 0x33C4, 0x33C4,
        0x33C4, 0x1991, 0x1991, 0x1991, 0x19B3, 0x19B3, 0x19B3, 0x19B3, 0x2B6D, 0x2B6D, 0x2B6D, 0x2B6D,
        0x2B6D, 0x2B6D, 0x2B6D, 0x2B6D, 0x2B6D, 0x10A2, 0x10A2, 0x10A2, 0x10A2, 0x10A2, 0x10A2, 0x10A2,
        0x694D, 0x694D, 0x694D, 0x694D, 0x694D, 0x694D, 0x694D, 0x694D, 0x694D, 0x98C3, 0x98C3, 0x98C3,
        0x98C3, 0x98C3, 0x98C3, 0x98C3, 0x82E3, 0x82E3, 0x82E3, 0x82E3, 0x82E3, 0x82E3, 0x82E3, 0x82E3,
        0x82E3, 0xAD75, 0xAD75, 0xAD75, 0xAD75, 0xAD75, 0xAD75, 0xAD75, 0x3C25, 0x3C25, 0x3C25, 0x3C25,
        0x3C25, 0x3C25, 0x3C25, 0x3C25, 0x3C25, 0x19B3, 0x19B3, 0x19B3, 0x19D5, 0x19D5, 0x19D5, 0x19D5,
        0x2BAE, 0x2BAE, 0x2BAE, 0x2BAE, 0x2BAE, 0x2BAE, 0x2BAE, 0x2BAE, 0x2BAE, 0x10A2, 0x10A2, 0x10A2,
        0x10A2, 0x10A2, 0x10A2, 0x10A2, 0x716E, 0x716E, 0x716E, 0x716E, 0x716E, 0x716E, 0x716E, 0x716E,
        0x716E, 0xA8E3, 0xA8E3, 0xA8E3, 0xA8E3, 0xA8E3, 0xA8E3, 0xA8E3, 0x9343, 0x9343, 0x9343, 0x9343,
        0x9343, 0x9343, 0x9343, 0x9343, 0x9343, 0xBDF7, 0xBDF7, 0xBDF7, 0xBDF7, 0xBDF7, 0xBDF7, 0xBDF7,
        0x44A5, 0x44A5, 0x44A5, 0x44A5, 0x44A5, 0x44A5, 0x44A5, 0x44A5, 0x44A5, 0x19D5, 0x19D5, 0x19D5,
        0x2217, 0x2217, 0x2217, 0x2217, 0x3410, 0x3410, 0x3410, 0x3410, 0x3410, 0x3410, 0x3410, 0x3410,
        0x3410, 0x18C3, 0x18C3, 0x18C3, 0x18C3, 0x18C3, 0x18C3, 0x18C3, 0x8190, 0x8190, 0x8190, 0x8190,
        0x8190, 0x8190, 0x8190, 0x8190, 0x8190, 0xB904, 0xB904, 0xB904, 0xB904, 0xB904, 0xB904, 0xB904,
        0xA384, 0xA384, 0xA384, 0xA384, 0xA384, 0xA384, 0xA384, 0xA384, 0xA384, 0xCE79, 0xCE79, 0xCE79,
        0xCE79, 0xCE79, 0xCE79, 0xCE79, 0x4D06, 0x4D06, 0x4D06, 0x4D06, 0x4D06, 0x4D06, 0x4D06, 0x4D06,
        0x4D06, 0x2217, 0x2217, 0x2217, 0x2239, 0x2239, 0x2239, 0x2239, 0x3451, 0x3451, 0x3451, 0x3451,
        0x3451, 0x3451, 0x3451, 0x3451, 0x3451, 0x18C3, 0x18C3, 0x18C3, 0x18C3, 0x18C3, 0x18C3, 0x18C3,
        0x89B1, 0x89B1, 0x89B1, 0x89B1, 0x89B1, 0x89B1, 0x89B1, 0x89B1, 0x89B1, 0xC904, 0xC904, 0xC904,
        0xC904, 0xC904, 0xC904, 0xC904, 0xABC4, 0xABC4, 0xABC4, 0xABC4, 0xABC4, 0xABC4, 0xABC4, 0xABC4,
        0xABC4, 0xDEFB, 0xDEFB, 0xDEFB, 0xDEFB, 0xDEFB, 0xDEFB, 0xDEFB, 0x4D66, 0x4D66, 0x4D66, 0x4D66,
        0x4D66, 0x4D66, 0x4D66, 0x4D66, 0x4D66, 0x2239, 0x2239, 0x2239, 0x225A, 0x225A, 0x225A, 0x225A,
        0x3CB2, 0x3CB2, 0x3CB2, 0x3CB2, 0x3CB2, 0x3CB2, 0x3CB2, 0x3CB2, 0x3CB2, 0x18E3, 0x18E3, 0x18E3,
        0x18E3, 0x18E3, 0x18E3, 0x18E3, 0x91D2, 0x91D2, 0x91D2, 0x91D2, 0x91D2, 0x91D2, 0x91D2, 0x91D2,
        0x91D2, 0xD124, 0xD124, 0xD124, 0xD124, 0xD124, 0xD124, 0xD124, 0xBC04, 0xBC04, 0xBC04, 0xBC04,
        0xBC04, 0xBC04, 0xBC04, 0xBC04, 0xBC04, 0xEF7D, 0xEF7D, 0xEF7D, 0xEF7D, 0xEF7D, 0xEF7D, 0xEF7D,
        0x55C7, 0x55C7, 0x55C7, 0x55C7, 0x55C7, 0x55C7, 0x55C7, 0x55C7, 0x55C7, 0x225A, 0x225A, 0x225A,
        0x2A9C, 0x2A9C, 0x2A9C, 0x2A9C, 0x3D14, 0x3D14, 0x3D14, 0x3D14, 0x3D14, 0x3D14, 0x3D14, 0x3D14,
        0x3D14, 0x18E3, 0x18E3, 0x18E3, 0x18E3, 0x18E3, 0x18E3, 0x18E3, 0xA1F4, 0xA1F4, 0xA1F4, 0xA1F4,
        0xA1F4, 0xA1F4, 0xA1F4, 0xA1F4, 0xA1F4, 0xE145, 0xE145, 0xE145, 0xE145, 0xE145, 0xE145, 0xE145,
        0xCC65, 0xCC65, 0xCC65, 0xCC65, 0xCC65, 0xCC65, 0xCC65, 0xCC65, 0xCC65, 0xFFFF, 0xFFFF, 0xFFFF,
        0xFFFF, 0xFFFF, 0xFFFF, 0xFFFF, 0x5E47, 0x5E47, 0x5E47, 0x5E47, 0x5E47, 0x5E47, 0x5E47, 0x5E47,
        0x5E47, 0x2A9C, 0x2A9C, 0x2A9C, 0x116F, 0x116F, 0x116F, 0x116F, 0x22CB, 0x22CB, 0x22CB, 0x22CB,
        0x22CB, 0x22CB, 0x22CB, 0x22CB, 0x22CB, 0x1082, 0x1082, 0x1082, 0x1082, 0x1082, 0x1082, 0x1082,
        0x590B, 0x590B, 0x590B, 0x590B, 0x590B, 0x590B, 0x590B, 0x590B, 0x590B, 0x78A2, 0x78A2, 0x78A2,
        0x78A2, 0x78A2, 0x78A2, 0x78A2, 0x6A62, 0x6A62, 0x6A62, 0x6A62, 0x6A62, 0x6A62, 0x6A62, 0x6A62,
        0x6A62, 0x8C71, 0x8C71, 0x8C71, 0x8C71, 0x8C71, 0x8C71, 0x8C71, 0x3364, 0x3364, 0x3364, 0x3364,
        0x3364, 0x3364, 0x3364, 0x3364, 0x3364, 0x116F, 0x116F, 0x116F, 0x1991, 0x1991, 0x1991, 0x1991,
        0x230C, 0x230C, 0x230C, 0x230C, 0x230C, 0x230C, 0x230C, 0x230C, 0x230C, 0x1082, 0x1082, 0x1082,
        0x1082, 0x1082, 0x1082, 0x1082, 0x612C, 0x612C, 0x612C, 0x612C, 0x612C, 0x612C, 0x612C, 0x612C,
        0x612C, 0x88C3, 0x88C3, 0x88C3, 0x88C3, 0x88C3, 0x88C3, 0x88C3, 0x7AA3, 0x7AA3, 0x7AA3, 0x7AA3,
        0x7AA3, 0x7AA3, 0x7AA3, 0x7AA3, 0x7AA3, 0x9CF3, 0x9CF3, 0x9CF3, 0x9CF3, 0x9CF3, 0x9CF3, 0x9CF3,
        0x33C4, 0x33C4, 0x33C4, 0x33C4, 0x33C4, 0x33C4, 0x33C4, 0x33C4, 0x33C4, 0x1991, 0x1991, 0x1991,
        0x19B3, 0x19B3, 0x19B3, 0x19B3, 0x2B6D, 0x2B6D, 0x2B6D, 0x2B6D, 0x2B6D, 0x2B6D, 0x2B6D, 0x2B6D,
        0x2B6D, 0x10A2, 0x10A2, 0x10A2, 0x10A2, 0x10A2, 0x10A2, 0x10A2, 0x694D, 0x694D, 0x694D, 0x694D,
        0x694D, 0x694D, 0x694D, 0x694D, 0x694D, 0x98C3, 0x98C3, 0x98C3, 0x98C3, 0x98C3, 0x98C3, 0x98C3,
        0x82E3, 0x82E3, 0x82E3, 0x82E3, 0x82E3, 0x82E3, 0x82E3, 0x82E3, 0x82E3, 0xAD75, 0xAD75, 0xAD75,
        0xAD75, 0xAD75, 0xAD75, 0xAD75, 0x3C25, 0x3C25, 0x3C25, 0x3C25, 0x3C25, 0x3C25, 0x3C25, 0x3C25,
        0x3C25, 0x19B3, 0x19B3, 0x19B3, 0x19D5, 0x19D5, 0x19D5, 0x19D5, 0x2BAE, 0x2BAE, 0x2BAE, 0x2BAE,
        0x2BAE, 0x2BAE, 0x2BAE, 0x2BAE, 0x2BAE, 0x10A2, 0x10A2, 0x10A2, 0x10A2, 0x10A2, 0x10A2, 0x10A2,
        0x716E, 0x716E, 0x716E, 0x716E, 0x716E, 0x716E, 0x716E, 0x716E, 0x716E, 0xA8E3, 0xA8E3, 0xA8E3,
        0xA8E3, 0xA8E3, 0xA8E3, 0xA8E3, 0x9343, 0x9343, 0x9343, 0x9343, 0x9343, 0x9343, 0x9343, 0x9343,
        0x9343, 0xBDF7, 0xBDF7, 0xBDF7, 0xBDF7, 0xBDF7, 0xBDF7, 0xBDF7, 0x44A5, 0x44A5, 0x44A5, 0x44A5,
        0x44A5, 0x44A5, 0x44A5, 0x44A5, 0x44A5, 0x19D5, 0x19D5, 0x19D5, 0x2217, 0x2217, 0x2217, 0x2217,
        0x3410, 0x3410, 0x3410, 0x3410, 0x3410, 0x3410, 0x3410, 0x3410, 0x3410, 0x18C3, 0x18C3, 0x18C3,
        0x18C3, 0x18C3, 0x18C3, 0x18C3, 0x8190, 0x8190, 0x8190, 0x8190, 0x8190, 0x8190, 0x8190, 0x8190,
        0x8190, 0xB904, 0xB904, 0xB904, 0xB904, 0xB904, 0xB904, 0xB904, 0xA384, 0xA384, 0xA384, 0xA384,
        0xA384, 0xA384, 0xA384, 0xA384, 0xA384, 0xCE79, 0xCE79, 0xCE79, 0xCE79, 0xCE79, 0xCE79, 0xCE79,
        0x4D06, 0x4D06, 0x4D06, 0x4D06, 0x4D06, 0x4D06, 0x4D06, 0x4D06, 0x4D06, 0x2217, 0x2217, 0x2217,
        0x2239, 0x2239, 0x2239, 0x2239, 0x3451, 0x3451, 0x3451, 0x3451, 0x3451, 0x3451, 0x3451, 0x3451,
        0x3451, 0x18C3, 0x18C3, 0x18C3, 0x18C3, 0x18C3, 0x18C3, 0x18C3, 0x89B1, 0x89B1, 0x89B1, 0x89B1,
        0x89B1, 0x89B1, 0x89B1, 0x89B1, 0x89B1, 0xC904, 0xC904, 0xC904, 0xC904, 0xC904, 0xC904, 0xC904,
        0xABC4, 0xABC4, 0xABC4, 0xABC4, 0xABC4, 0xABC4, 0xABC4, 0xABC4, 0xABC4, 0xDEFB, 0xDEFB, 0xDEFB,
        0xDEFB, 0xDEFB, 0xDEFB, 0xDEFB, 0x4D66, 0x4D66, 0x4D66, 0x4D66, 0x4D66, 0x4D66, 0x4D66, 0x4D66,
        0x4D66, 0x2239, 0x2239, 0x2239, 0x225A, 0x225A, 0x225A, 0x225A, 0x3CB2, 0x3CB2, 0x3CB2, 0x3CB2,
        0x3CB2, 0x3CB2, 0x3CB2, 0x3CB2, 0x3CB2, 0x18E3, 0x18E3, 0x18E3, 0x18E3, 0x18E3, 0x18E3, 0x18E3,
        0x91D2, 0x91D2, 0x91D2, 0x91D2, 0x91D2, 0x91D2, 0x91D2, 0x91D2, 0x91D2, 0xD124, 0xD124, 0xD124,
        0xD124, 0xD124, 0xD124, 0xD124, 0xBC04, 0xBC04, 0xBC04, 0xBC04, 0xBC04, 0xBC04, 0xBC04, 0xBC04,
        0xBC04, 0xEF7D, 0xEF7D, 0xEF7D, 0xEF7D, 0xEF7D, 0xEF7D, 0xEF7D, 0x55C7, 0x55C7, 0x55C7, 0x55C7,
        0x55C7, 0x55C7, 0x55C7, 0x55C7, 0x55C7, 0x225A, 0x225A, 0x225A, 0x2A9C, 0x2A9C, 0x2A9C, 0x2A9C,
        0x3D14, 0x3D14, 0x3D14, 0x3D14, 0x3D14, 0x3D14, 0x3D14, 0x3D14, 0x3D14, 0x18E3, 0x18E3, 0x18E3,
        0x18E3, 0x18E3, 0x18E3, 0x18E3, 0xA1F4, 0xA1F4, 0xA1F4, 0xA1F4, 0xA1F4, 0xA1F4, 0xA1F4, 0xA1F4,
        0xA1F4, 0xE145, 0xE145, 0xE145, 0xE145, 0xE145, 0xE145, 0xE145, 0xCC65, 0xCC65, 0xCC65, 0xCC65,
        0xCC65, 0xCC65, 0xCC65, 0xCC65, 0xCC65, 0xFFFF, 0xFFFF, 0xFFFF, 0xFFFF, 0xFFFF, 0xFFFF, 0xFFFF,
        0x5E47, 0x5E47, 0x5E47, 0x5E47, 0x5E47, 0x5E47, 0x5E47, 0x5E47, 0x5E47, 0x2A9C, 0x2A9C, 0x2A9C,
        0xFF20, 0xFF20, 0xFF20, 0xFF20, 0xFF20, 0xFF20, 0xFF20, 0xFF20, 0xFF20, 0xFF20, 0xFF20, 0xFF20,
        0xFF20, 0xFF20, 0xFF20, 0xFF20, 0xFF20, 0xFF20, 0xFF20, 0xFF20, 0xFF20, 0xFF20, 0xFF20, 0xFF20,
        0xFF20, 0xFF20, 0xFF20, 0xFF20, 0xFF20, 0xFF20, 0xFF20, 0xFF20, 0xFF20, 0xFF20, 0xFF20, 0xFF20,
        0xFF20, 0xFF20, 0xFF20, 0xFF20, 0xFF20, 0xFF20, 0xFF20, 0xFF20, 0xFF20, 0xFF20, 0xFF20, 0xFF20,
        0xFF20, 0xFF20, 0xFF20, 0xFF20, 0xFF20, 0xFF20, 0xFF20, 0xFF20, 0xFF20, 0xFF20, 0xFF20, 0xFF20,
        0xFF20, 0xFF20, 0xFF20, 0xFF20, 0x1991, 0x1991, 0x1991, 0x1991, 0x230C, 0x230C, 0x230C, 0x230C,
        0x230C, 0x230C, 0x230C, 0x230C, 0x230C, 0x1082, 0x1082, 0x1082, 0x1082, 0x1082, 0x1082, 0x1082,
        0x612C, 0x612C, 0x612C, 0x612C, 0x612C, 0x612C, 0x612C, 0x612C, 0x612C, 0x88C3, 0x88C3, 0x88C3,
        0x88C3, 0x88C3, 0x88C3, 0x88C3, 0x7AA3, 0x7AA3, 0x7AA3, 0x7AA3, 0x7AA3, 0x7AA3, 0x7AA3, 0x7AA3,
        0x7AA3, 0x9CF3, 0x9CF3, 0x9CF3, 0x9CF3, 0x9CF3, 0x9CF3, 0x9CF3, 0x33C4, 0x33C4, 0x33C4, 0x33C4,
        0x33C4, 0x33C4, 0x33C4, 0x33C4, 0x33C4, 0x1991, 0x1991, 0x1991, 0x19B3, 0x19B3, 0x19B3, 0x19B3,
        0x2B6D, 0x2B6D, 0x2B6D, 0x2B6D, 0x2B6D, 0x2B6D, 0x2B6D, 0x2B6D, 0x2B6D, 0x10A2, 0x10A2, 0x10A2,
        0x10A2, 0x10A2, 0x10A2, 0x10A2, 0x694D, 0x694D, 0x694D, 0x694D, 0x694D, 0x694D, 0x694D, 0x694D,
        0x694D, 0x98C3, 0x98C3, 0x98C3, 0x98C3, 0x98C3, 0x98C3, 0x98C3, 0x82E3, 0x82E3, 0x82E3, 0x82E3,
        0x82E3, 0x82E3, 0x82E3, 0x82E3, 0x82E3, 0xAD75, 0xAD75, 0xAD75, 0xAD75, 0xAD75, 0xAD75, 0xAD75,
        0x3C25, 0x3C25, 0x3C25, 0x3C25, 0x3C25, 0x3C25, 0x3C25, 0x3C25, 0x3C25, 0x19B3, 0x19B3, 0x19B3,
        0x19D5, 0x19D5, 0x19D5, 0x19D5, 0x2BAE, 0x2BAE, 0x2BAE, 0x2BAE, 0x2BAE, 0x2BAE, 0x2BAE, 0x2BAE,
        0x2BAE, 0x10A2, 0x10A2, 0x10A2, 0x10A2, 0x10A2, 0x10A2, 0x10A2, 0x716E, 0x716E, 0x716E, 0x716E,
        0x716E, 0x716E, 0x716E, 0x716E, 0x716E, 0xA8E3, 0xA8E3, 0xA8E3, 0xA8E3, 0xA8E3, 0xA8E3, 0xA8E3,
        0x9343, 0x9343, 0x9343, 0x9343, 0x9343, 0x9343, 0x9343, 0x9343, 0x9343, 0xBDF7, 0xBDF7, 0xBDF7,
        0xBDF7, 0xBDF7, 0xBDF7, 0xBDF7, 0x44A5, 0x44A5, 0x44A5, 0x44A5, 0x44A5, 0x44A5, 0x44A5, 0x44A5,
        0x44A5, 0x19D5, 0x19D5, 0x19D5, 0x2217, 0x2217, 0x2217, 0x2217, 0x3410, 0x3410, 0x3410, 0x3410,
        0x3410, 0x3410, 0x3410, 0x3410, 0x3410, 0x18C3, 0x18C3, 0x18C3, 0x18C3, 0x18C3, 0x18C3, 0x18C3,
        0x8190, 0x8190, 0x8190, 0x8190, 0x8190, 0x8190, 0x8190, 0x8190, 0x8190, 0xB904, 0xB904, 0xB904,
        0xB904, 0xB904, 0xB904, 0xB904, 0xA384, 0xA384, 0xA384, 0xA384, 0xA384, 0xA384, 0xA384, 0xA384,
        0xA384, 0xCE79, 0xCE79, 0xCE79, 0xCE79, 0xCE79, 0xCE79, 0xCE79, 0x4D06, 0x4D06, 0x4D06, 0x4D06,
        0x4D06, 0x4D06, 0x4D06, 0x4D06, 0x4D06, 0x2217, 0x2217, 0x2217, 0x2239, 0x2239, 0x2239, 0x2239,
        0x3451, 0x3451, 0x3451, 0x3451, 0x3451, 0x3451, 0x3451, 0x3451, 0x3451, 0x18C3, 0x18C3, 0x18C3,
        0x18C3, 0x18C3, 0x18C3, 0x18C3, 0x89B1, 0x89B1, 0x89B1, 0x89B1, 0x89B1, 0x89B1, 0x89B1, 0x89B1,
        0x89B1, 0xC904, 0xC904, 0xC904, 0xC904, 0xC904, 0xC904, 0xC904, 0xABC4, 0xABC4, 0xABC4, 0xABC4,
        0xABC4, 0xABC4, 0xABC4, 0xABC4, 0xABC4, 0xDEFB, 0xDEFB, 0xDEFB, 0xDEFB, 0xDEFB, 0xDEFB, 0xDEFB,
        0x4D66, 0x4D66, 0x4D66, 0x4D66, 0x4D66, 0x4D66, 0x4D66, 0x4D66, 0x4D66, 0x2239, 0x2239, 0x2239,
        0x225A, 0x225A, 0x225A, 0x225A, 0x3CB2, 0x3CB2, 0x3CB2, 0x3CB2, 0x3CB2, 0x3CB2, 0x3CB2, 0x3CB2,
        0x3CB2, 0x18E3, 0x18E3, 0x18E3, 0x18E3, 0x18E3, 0x18E3, 0x18E3, 0x91D2, 0x91D2, 0x91D2, 0x91D2,
        0x91D2, 0x91D2, 0x91D2, 0x91D2, 0x91D2, 0xD124, 0xD124, 0xD124, 0xD124, 0xD124, 0xD124, 0xD124,
        0xBC04, 0xBC04, 0xBC04, 0xBC04, 0xBC04, 0xBC04, 0xBC04, 0xBC04, 0xBC04, 0xEF7D, 0xEF7D, 0xEF7D,
        0xEF7D, 0xEF7D, 0xEF7D, 0xEF7D, 0x55C7, 0x55C7, 0x55C7, 0x55C7, 0x55C7, 0x55C7, 0x55C7, 0x55C7,
        0x55C7, 0x225A, 0x225A, 0x225A, 0x2A9C, 0x2A9C, 0x2A9C, 0x2A9C, 0x3D14, 0x3D14, 0x3D14, 0x3D14,
        0x3D14, 0x3D14, 0x3D14, 0x3D14, 0x3D14, 0x18E3, 0x18E3, 0x18E3, 0x18E3, 0x18E3, 0x18E3, 0x18E3,
        0xA1F4, 0xA1F4, 0xA1F4, 0xA1F4, 0xA1F4, 0xA1F4, 0xA1F4, 0xA1F4, 0xA1F4, 0xE145, 0xE145, 0xE145,
        0xE145, 0xE145, 0xE145, 0xE145, 0xCC65, 0xCC65, 0xCC65, 0xCC65, 0xCC65, 0xCC65, 0xCC65, 0xCC65,
        0xCC65, 0xFFFF, 0xFFFF, 0xFFFF, 0xFFFF, 0xFFFF, 0xFFFF, 0xFFFF, 0x5E47, 0x5E47, 0x5E47, 0x5E47,
        0x5E47, 0x5E47, 0x5E47, 0x5E47, 0x5E47, 0x2A9C, 0x2A9C, 0x2A9C, 0x116F, 0x116F, 0x116F, 0x116F,
        0x22CB, 0x22CB, 0x22CB, 0x22CB, 0x22CB, 0x22CB, 0x22CB, 0x22CB, 0x22CB, 0x1082, 0x1082, 0x1082,
        0x1082, 0x1082, 0x1082, 0x1082, 0x590B, 0x590B, 0x590B, 0x590B, 0x590B, 0x590B, 0x590B, 0x590B,
        0x590B, 0x78A2, 0x78A2, 0x78A2, 0x78A2, 0x78A2, 0x78A2, 0x78A2, 0x6A62, 0x6A62, 0x6A62, 0x6A62,
        0x6A62, 0x6A62, 0x6A62, 0x6A62, 0x6A62, 0x8C71, 0x8C71, 0x8C71, 0x8C71, 0x8C71, 0x8C71, 0x8C71,
        0x3364, 0x3364, 0x3364, 0x3364, 0x3364, 0x3364, 0x3364, 0x3364, 0x3364, 0x116F, 0x116F, 0x116F,
        0x1991, 0x1991, 0x1991, 0x1991, 0x230C, 0x230C, 0x230C, 0x230C, 0x230C, 0x230C, 0x230C, 0x230C,
        0x230C, 0x1082, 0x1082, 0x1082, 0x1082, 0x1082, 0x1082, 0x1082, 0x612C, 0x612C, 0x612C, 0x612C,
        0x612C, 0x612C, 0x612C, 0x612C, 0x612C, 0x88C3, 0x88C3, 0x88C3, 0x88C3, 0x88C3, 0x88C3, 0x88C3,
        0x7AA3, 0x7AA3, 0x7AA3, 0x7AA3, 0x7AA3, 0x7AA3, 0x7AA3, 0x7AA3, 0x7AA3, 0x9CF3, 0x9CF3, 0x9CF3,
        0x9CF3, 0x9CF3, 0x9CF3, 0x9CF3, 0x33C4, 0x33C4, 0x33C4, 0x33C4, 0x33C4, 0x33C4, 0x33C4, 0x33C4,
        0x33C4, 0x1991, 0x1991, 0x1991, 0x19B3, 0x19B3, 0x19B3, 0x19B3, 0x2B6D, 0x2B6D, 0x2B6D, 0x2B6D,
        0x2B6D, 0x2B6D, 0x2B6D, 0x2B6D, 0x2B6D, 0x10A2, 0x10A2, 0x10A2, 0x10A2, 0x10A2, 0x10A2, 0x10A2,
        0x694D, 0x694D, 0x694D, 0x694D, 0x694D, 0x694D, 0x694D, 0x694D, 0x694D, 0x98C3, 0x98C3, 0x98C3,
        0x98C3, 0x98C3, 0x98C3, 0x98C3, 0x82E3, 0x82E3, 0x82E3, 0x82E3, 0x82E3, 0x82E3, 0x82E3, 0x82E3,
        0x82E3, 0xAD75, 0xAD75, 0xAD75, 0xAD75, 0xAD75, 0xAD75, 0xAD75, 0x3C25, 0x3C25, 0x3C25, 0x3C25,
        0x3C25, 0x3C25, 0x3C25, 0x3C25, 0x3C25, 0x19B3, 0x19B3, 0x19B3, 0x19D5, 0x19D5, 0x19D5, 0x19D5,
        0x2BAE, 0x2BAE, 0x2BAE, 0x2BAE, 0x2BAE, 0x2BAE, 0x2BAE, 0x2BAE, 0x2BAE, 0x10A2, 0x10A2, 0x10A2,
        0x10A2, 0x10A2, 0x10A2, 0x10A2, 0x716E, 0x716E, 0x716E, 0x716E, 0x716E, 0x716E, 0x716E, 0x716E,
        0x716E, 0xA8E3, 0xA8E3, 0xA8E3, 0xA8E3, 0xA8E3, 0xA8E3, 0xA8E3, 0x9343, 0x9343, 0x9343, 0x9343,
        0x9343, 0x9343, 0x9343, 0x9343, 0x9343, 0xBDF7, 0xBDF7, 0xBDF7, 0xBDF7, 0xBDF7, 0xBDF7, 0xBDF7,
        0x44A5, 0x44A5, 0x44A5, 0x44A5, 0x44A5, 0x44A5, 0x44A5, 0x44A5, 0x44A5, 0x19D5, 0x19D5, 0x19D5,
        0x2217, 0x2217, 0x2217, 0x2217, 0x3410, 0x3410, 0x3410, 0x3410, 0x3410, 0x3410, 0x3410, 0x3410,
        0x3410, 0x18C3, 0x18C3, 0x18C3, 0x18C3, 0x18C3, 0x18C3, 0x18C3, 0x8190, 0x8190, 0x8190, 0x8190,
        0x8190, 0x8190, 0x8190, 0x8190, 0x8190, 0xB904, 0xB904, 0xB904, 0xB904, 0xB904, 0xB904, 0xB904,
        0xA384, 0xA384, 0xA384, 0xA384, 0xA384, 0xA384, 0xA384, 0xA384, 0xA384, 0xCE79, 0xCE79, 0xCE79,
        0xCE79, 0xCE79, 0xCE79, 0xCE79, 0x4D06, 0x4D06, 0x4D06, 0x4D06, 0x4D06, 0x4D06, 0x4D06, 0x4D06,
        0x4D06, 0x2217, 0x2217, 0x2217, 0x2239, 0x2239, 0x2239, 0x2239, 0x3451, 0x3451, 0x3451, 0x3451,
        0x3451, 0x3451, 0x3451, 0x3451, 0x3451, 0x18C3, 0x18C3, 0x18C3, 0x18C3, 0x18C3, 0x18C3, 0x18C3,
        0x89B1, 0x89B1, 0x89B1, 0x89B1, 0x89B1, 0x89B1, 0x89B1, 0x89B1, 0x89B1, 0xC904, 0xC904, 0xC904,
        0xC904, 0xC904, 0xC904, 0xC904, 0xABC4, 0xABC4, 0xABC4, 0xABC4, 0xABC4, 0xABC4, 0xABC4, 0xABC4,
        0xABC4, 0xDEFB, 0xDEFB, 0xDEFB, 0xDEFB, 0xDEFB, 0xDEFB, 0xDEFB, 0x4D66, 0x4D66, 0x4D66, 0x4D66,
        0x4D66, 0x4D66, 0x4D66, 0x4D66, 0x4D66, 0x2239, 0x2239, 0x2239, 0x225A, 0x225A, 0x225A, 0x225A,
        0x3CB2, 0x3CB2, 0x3CB2, 0x3CB2, 0x3CB2, 0x3CB2, 0x3CB2, 0x3CB2, 0x3CB2, 0x18E3, 0x18E3, 0x18E3,
        0x18E3, 0x18E3, 0x18E3, 0x18E3, 0x91D2, 0x91D2, 0x91D2, 0x91D2, 0x91D2, 0x91D2, 0x91D2, 0x91D2,
        0x91D2, 0xD124, 0xD124, 0xD124, 0xD124, 0xD124, 0xD124, 0xD124, 0xBC04, 0xBC04, 0xBC04, 0xBC04,
        0xBC04, 0xBC04, 0xBC04, 0xBC04, 0xBC04, 0xEF7D, 0xEF7D, 0xEF7D, 0xEF7D, 0xEF7D, 0xEF7D, 0xEF7D,
        0x55C7, 0x55C7, 0x55C7, 0x55C7, 0x55C7, 0x55C7, 0x55C7, 0x55C7, 0x55C7, 0x225A, 0x225A, 0x225A,
        0x2A9C, 0x2A9C, 0x2A9C, 0x2A9C, 0x3D14, 0x3D14, 0x3D14, 0x3D14, 0x3D14, 0x3D14, 0x3D14, 0x3D14,
        0x3D14, 0x18E3, 0x18E3, 0x18E3, 0x18E3, 0x18E3, 0x18E3, 0x18E3, 0xA1F4, 0xA1F4, 0xA1F4, 0xA1F4,
        0xA1F4, 0xA1F4, 0xA1F4, 0xA1F4, 0xA1F4, 0xE145, 0xE145, 0xE145, 0xE145, 0xE145, 0xE145, 0xE145,
        0xCC65, 0xCC65, 0xCC65, 0xCC65, 0xCC65, 0xCC65, 0xCC65, 0xCC65, 0xCC65, 0xFFFF, 0xFFFF, 0xFFFF,
        0xFFFF, 0xFFFF, 0xFFFF, 0xFFFF, 0x5E47, 0x5E47, 0x5E47, 0x5E47, 0x5E47, 0x5E47, 0x5E47, 0x5E47,
        0x5E47, 0x2A9C, 0x2A9C, 0x2A9C, 0x8C68, 0x8C68, 0x9526, 0x9526, 0x9526, 0x9526, 0x8C83, 0x8BE1,
        0x8BE1, 0x8BE1, 0xB426, 0xB426, 0xB426, 0xB426, 0xBC03, 0xC3E1, 0xC3E1, 0xC3E1, 0xBCE1, 0xBCE1,
        0xBCE1, 0xBCE1, 0xC585, 0xCE09, 0xCE09, 0xCE09, 0x9D82, 0x9D82, 0x9D82, 0x9D82, 0x94E5, 0x8C68,
        0x19D4, 0x19D4, 0x2B8E, 0x2B8E, 0x2B8E, 0x2B8E, 0x2208, 0x10A2, 0x10A2, 0x10A2, 0x714E, 0x714E,
        0x714E, 0x714E, 0x8928, 0xA0E3, 0xA0E3, 0xA0E3, 0x8B23, 0x8B23, 0x8B23, 0x8B23, 0xA46D, 0xB5B6,
        0xB5B6, 0xB5B6, 0x4465, 0x4465, 0x4465, 0x4465, 0x2B2C, 0x19D4, 0x2218, 0x2218, 0x3430, 0x3430,
        0x3430, 0x3430, 0x228A, 0x18C3, 0x18C3, 0x18C3, 0x8190, 0x8190, 0x8190, 0x8190, 0xA14A, 0xC104,
        0xC104, 0xC104, 0xABA4, 0xABA4, 0xABA4, 0xABA4, 0xBD2F, 0xD6BA, 0xD6BA, 0xD6BA, 0x4D46, 0x4D46,
        0x4D46, 0x4D46, 0x33AF, 0x2218, 0x227B, 0x227B, 0x3CD3, 0x3CD3, 0x3CD3, 0x3CD3, 0x2AEB, 0x18E3,
        0x18E3, 0x18E3, 0x99D3, 0x99D3, 0x99D3, 0x99D3, 0xB98C, 0xD924, 0xD924, 0xD924, 0xC444, 0xC444,
        0xC444, 0xC444, 0xDE11, 0xF7BE, 0xF7BE, 0xF7BE, 0x5607, 0x5607, 0x5607, 0x5607, 0x3C51, 0x227B,
        0x1170, 0x1170, 0x22EB, 0x22EB, 0x22EB, 0x22EB, 0x19A6, 0x1082, 0x1082, 0x1082, 0x590B, 0x590B,
        0x590B, 0x590B, 0x70E7, 0x80A2, 0x80A2, 0x80A2, 0x7282, 0x7282, 0x7282, 0x7282, 0x838A, 0x94B2,
        0x94B2, 0x94B2, 0x33A4, 0x33A4, 0x33A4, 0x33A4, 0x228A, 0x1170, 0x19D4, 0x19D4, 0x2B8E, 0x2B8E,
        0x2B8E, 0x2B8E, 0x2208, 0x10A2, 0x10A2, 0x10A2, 0x714E, 0x714E, 0x714E, 0x714E, 0x8928, 0xA0E3,
        0xA0E3, 0xA0E3, 0x8B23, 0x8B23, 0x8B23, 0x8B23, 0xA46D, 0xB5B6, 0xB5B6, 0xB5B6, 0x4465, 0x4465,
        0x4465, 0x4465, 0x2B2C, 0x19D4, 0x2218, 0x2218, 0x3430, 0x3430, 0x3430, 0x3430, 0x228A, 0x18C3,
        0x18C3, 0x18C3, 0x8190, 0x8190, 0x8190, 0x8190, 0xA14A, 0xC104, 0xC104, 0xC104, 0xABA4, 0xABA4,
        0xABA4, 0xABA4, 0xBD2F, 0xD6BA, 0xD6BA, 0xD6BA, 0x4D46, 0x4D46, 0x4D46, 0x4D46, 0x33AF, 0x2218,
        0x227B, 0x227B, 0x3CD3, 0x3CD3, 0x3CD3, 0x3CD3, 0x2AEB, 0x18E3, 0x18E3, 0x18E3, 0x99D3, 0x99D3,
        0x99D3, 0x99D3, 0xB98C, 0xD924, 0xD924, 0xD924, 0xC444, 0xC444, 0xC444, 0xC444, 0xDE11, 0xF7BE,
        0xF7BE, 0xF7BE, 0x5607, 0x5607, 0x5607, 0x5607, 0x3C51, 0x227B, 0x8C68, 0x8C68, 0x9526, 0x9526,
        0x9526, 0x9526, 0x8C83, 0x8BE1, 0x8BE1, 0x8BE1, 0xB426, 0xB426, 0xB426, 0xB426, 0xBC03, 0xC3E1,
        0xC3E1, 0xC3E1, 0xBCE1, 0xBCE1, 0xBCE1, 0xBCE1, 0xC585, 0xCE09, 0xCE09, 0xCE09, 0x9D82, 0x9D82,
        0x9D82, 0x9D82, 0x94E5, 0x8C68, 0x19D4, 0x19D4, 0x2B8E, 0x2B8E, 0x2B8E, 0x2B8E, 0x2208, 0x10A2,
        0x10A2, 0x10A2, 0x714E, 0x714E, 0x714E, 0x714E, 0x8928, 0xA0E3, 0xA0E3, 0xA0E3, 0x8B23, 0x8B23,
        0x8B23, 0x8B23, 0xA46D, 0xB5B6, 0xB5B6, 0xB5B6, 0x4465, 0x4465, 0x4465, 0x4465, 0x2B2C, 0x19D4,
        0x2218, 0x2218, 0x3430, 0x3430, 0x3430, 0x3430, 0x228A, 0x18C3, 0x18C3, 0x18C3, 0x8190, 0x8190,
        0x8190, 0x8190, 0xA14A, 0xC104, 0xC104, 0xC104, 0xABA4, 0xABA4, 0xABA4, 0xABA4, 0xBD2F, 0xD6BA,
        0xD6BA, 0xD6BA, 0x4D46, 0x4D46, 0x4D46, 0x4D46, 0x33AF, 0x2218, 0x227B, 0x227B, 0x3CD3, 0x3CD3,
        0x3CD3, 0x3CD3, 0x2AEB, 0x18E3, 0x18E3, 0x18E3, 0x99D3, 0x99D3, 0x99D3, 0x99D3, 0xB98C, 0xD924,
        0xD924, 0xD924, 0xC444, 0xC444, 0xC444, 0xC444, 0xDE11, 0xF7BE, 0xF7BE, 0xF7BE, 0x5607, 0x5607,
        0x5607, 0x5607, 0x3C51, 0x227B, 0x1170, 0x1170, 0x22EB, 0x22EB, 0x22EB, 0x22EB, 0x19A6, 0x1082,
        0x1082, 0x1082, 0x590B, 0x590B, 0x590B, 0x590B, 0x70E7, 0x80A2, 0x80A2, 0x80A2, 0x7282, 0x7282,
        0x7282, 0x7282, 0x838A, 0x94B2, 0x94B2, 0x94B2, 0x33A4, 0x33A4, 0x33A4, 0x33A4, 0x228A, 0x1170,
        0x19D4, 0x19D4, 0x2B8E, 0x2B8E, 0x2B8E, 0x2B8E, 0x2208, 0x10A2, 0x10A2, 0x10A2, 0x714E, 0x714E,
        0x714E, 0x714E, 0x8928, 0xA0E3, 0xA0E3, 0xA0E3, 0x8B23, 0x8B23, 0x8B23, 0x8B23, 0xA46D, 0xB5B6,
        0xB5B6, 0xB5B6, 0x4465, 0x4465, 0x4465, 0x4465, 0x2B2C, 0x19D4, 0x2218, 0x2218, 0x3430, 0x3430,
        0x3430, 0x3430, 0x228A, 0x18C3, 0x18C3, 0x18C3, 0x8190, 0x8190, 0x8190, 0x8190, 0xA14A, 0xC104,
        0xC104, 0xC104, 0xABA4, 0xABA4, 0xABA4, 0xABA4, 0xBD2F, 0xD6BA, 0xD6BA, 0xD6BA, 0x4D46, 0x4D46,
        0x4D46, 0x4D46, 0x33AF, 0x2218, 0x227B, 0x227B, 0x3CD3, 0x3CD3, 0x3CD3, 0x3CD3, 0x2AEB, 0x18E3,
        0x18E3, 0x18E3, 0x99D3, 0x99D3, 0x99D3, 0x99D3, 0xB98C, 0xD924, 0xD924, 0xD924, 0xC444, 0xC444,
        0xC444, 0xC444, 0xDE11, 0xF7BE, 0xF7BE, 0xF7BE, 0x5607, 0x5607, 0x5607, 0x5607, 0x3C51, 0x227B,
        0x8C68, 0x8C68, 0x9526, 0x9526, 0x9526, 0x9526, 0x8C83, 0x8BE1, 0x8BE1, 0x8BE1, 0xB426, 0xB426,
        0xB426, 0xB426, 0xBC03, 0xC3E1, 0xC3E1, 0xC3E1, 0xBCE1, 0xBCE1, 0xBCE1, 0xBCE1, 0xC585, 0xCE09,
        0xCE09, 0xCE09, 0x9D82, 0x9D82, 0x9D82, 0x9D82, 0x94E5, 0x8C68, 0x19D4, 0x19D4, 0x2B8E, 0x2B8E,
        0x2B8E, 0x2B8E, 0x2208, 0x10A2, 0x10A2, 0x10A2, 0x714E, 0x714E, 0x714E, 0x714E, 0x8928, 0xA0E3,
        0xA0E3, 0xA0E3, 0x8B23, 0x8B23, 0x8B23, 0x8B23, 0xA46D, 0xB5B6, 0xB5B6, 0xB5B6, 0x4465, 0x4465,
        0x4465, 0x4465, 0x2B2C, 0x19D4, 0x2218, 0x2218, 0x3430, 0x3430, 0x3430, 0x3430, 0x228A, 0x18C3,
        0x18C3, 0x18C3, 0x8190, 0x8190, 0x8190, 0x8190, 0xA14A, 0xC104, 0xC104, 0xC104, 0xABA4, 0xABA4,
        0xABA4, 0xABA4, 0xBD2F, 0xD6BA, 0xD6BA, 0xD6BA, 0x4D46, 0x4D46, 0x4D46, 0x4D46, 0x33AF, 0x2218,
        0x227B, 0x227B, 0x3CD3, 0x3CD3, 0x3CD3, 0x3CD3, 0x2AEB, 0x18E3, 0x18E3, 0x18E3, 0x99D3, 0x99D3,
        0x99D3, 0x99D3, 0xB98C, 0xD924, 0xD924, 0xD924, 0xC444, 0xC444, 0xC444, 0xC444, 0xDE11, 0xF7BE,
        0xF7BE, 0xF7BE, 0x5607, 0x5607, 0x5607, 0x5607, 0x3C51, 0x227B, 0x1170, 0x1170, 0x22EB, 0x22EB,
        0x22EB, 0x22EB, 0x19A6, 0x1082, 0x1082, 0x1082, 0x590B, 0x590B, 0x590B, 0x590B, 0x70E7, 0x80A2,
        0x80A2, 0x80A2, 0x7282, 0x7282, 0x7282, 0x7282, 0x838A, 0x94B2, 0x94B2, 0x94B2, 0x33A4, 0x33A4,
        0x33A4, 0x33A4, 0x228A, 0x1170, 0x19D4, 0x19D4, 0x2B8E, 0x2B8E, 0x2B8E, 0x2B8E, 0x2208, 0x10A2,
        0x10A2, 0x10A2, 0x714E, 0x714E, 0x714E, 0x714E, 0x8928, 0xA0E3, 0xA0E3, 0xA0E3, 0x8B23, 0x8B23,
        0x8B23, 0x8B23, 0xA46D, 0xB5B6, 0xB5B6, 0xB5B6, 0x4465, 0x4465, 0x4465, 0x4465, 0x2B2C, 0x19D4,
        0x2218, 0x2218, 0x3430, 0x3430, 0x3430, 0x3430, 0x228A, 0x18C3, 0x18C3, 0x18C3, 0x8190, 0x8190,
        0x8190, 0x8190, 0xA14A, 0xC104, 0xC104, 0xC104, 0xABA4, 0xABA4, 0xABA4, 0xABA4, 0xBD2F, 0xD6BA,
        0xD6BA, 0xD6BA, 0x4D46, 0x4D46, 0x4D46, 0x4D46, 0x33AF, 0x2218, 0x227B, 0x227B, 0x3CD3, 0x3CD3,
        0x3CD3, 0x3CD3, 0x2AEB, 0x18E3, 0x18E3, 0x18E3, 0x99D3, 0x99D3, 0x99D3, 0x99D3, 0xB98C, 0xD924,
        0xD924, 0xD924, 0xC444, 0xC444, 0xC444, 0xC444, 0xDE11, 0xF7BE, 0xF7BE, 0xF7BE, 0x5607, 0x5607,
        0x5607, 0x5607, 0x3C51, 0x227B, 0x8C68, 0x8C68, 0x9526, 0x9526, 0x9526, 0x9526, 0x8C83, 0x8BE1,
        0x8BE1, 0x8BE1, 0xB426, 0xB426, 0xB426, 0xB426, 0xBC03, 0xC3E1, 0xC3E1, 0xC3E1, 0xBCE1, 0xBCE1,
        0xBCE1, 0xBCE1, 0xC585, 0xCE09, 0xCE09, 0xCE09, 0x9D82, 0x9D82, 0x9D82, 0x9D82, 0x94E5, 0x8C68,
        0x19D4, 0x19D4, 0x2B8E, 0x2B8E, 0x2B8E, 0x2B8E, 0x2208, 0x10A2, 0x10A2, 0x10A2, 0x714E, 0x714E,
        0x714E, 0x714E, 0x8928, 0xA0E3, 0xA0E3, 0xA0E3, 0x8B23, 0x8B23, 0x8B23, 0x8B23, 0xA46D, 0xB5B6,
        0xB5B6, 0xB5B6, 0x4465, 0x4465, 0x4465, 0x4465, 0x2B2C, 0x19D4, 0x2218, 0x2218, 0x3430, 0x3430,
        0x3430, 0x3430, 0x228A, 0x18C3, 0x18C3, 0x18C3, 0x8190, 0x8190, 0x8190, 0x8190, 0xA14A, 0xC104,
        0xC104, 0xC104, 0xABA4, 0xABA4, 0xABA4, 0xABA4, 0xBD2F, 0xD6BA, 0xD6BA, 0xD6BA, 0x4D46, 0x4D46,
        0x4D46, 0x4D46, 0x33AF, 0x2218, 0x227B, 0x227B, 0x3CD3, 0x3CD3, 0x3CD3, 0x3CD3, 0x2AEB, 0x18E3,
        0x18E3, 0x18E3, 0x99D3, 0x99D3, 0x99D3, 0x99D3, 0xB98C, 0xD924, 0xD924, 0xD924, 0xC444, 0xC444,
        0xC444, 0xC444, 0xDE11, 0xF7BE, 0xF7BE, 0xF7BE, 0x5607, 0x5607, 0x5607, 0x5607, 0x3C51, 0x227B,
        0x1170, 0x1170, 0x22EB, 0x22EB, 0x22EB, 0x22EB, 0x19A6, 0x1082, 0x1082, 0x1082, 0x590B, 0x590B,
        0x590B, 0x590B, 0x70E7, 0x80A2, 0x80A2, 0x80A2, 0x7282, 0x7282, 0x7282, 0x7282, 0x838A, 0x94B2,
        0x94B2, 0x94B2, 0x33A4, 0x33A4, 0x33A4, 0x33A4, 0x228A, 0x1170, 0x19D4, 0x19D4, 0x2B8E, 0x2B8E,
        0x2B8E, 0x2B8E, 0x2208, 0x10A2, 0x10A2, 0x10A2, 0x714E, 0x714E, 0x714E, 0x714E, 0x8928, 0xA0E3,
        0xA0E3, 0xA0E3, 0x8B23, 0x8B23, 0x8B23, 0x8B23, 0xA46D, 0xB5B6, 0xB5B6, 0xB5B6, 0x4465, 0x4465,
        0x4465, 0x4465, 0x2B2C, 0x19D4, 0x2218, 0x2218, 0x3430, 0x3430, 0x3430, 0x3430, 0x228A, 0x18C3,
        0x18C3, 0x18C3, 0x8190, 0x8190, 0x8190, 0x8190, 0xA14A, 0xC104, 0xC104, 0xC104, 0xABA4, 0xABA4,
        0xABA4, 0xABA4, 0xBD2F, 0xD6BA, 0xD6BA, 0xD6BA, 0x4D46, 0x4D46, 0x4D46, 0x4D46, 0x33AF, 0x2218,
        0x227B, 0x227B, 0x3CD3, 0x3CD3, 0x3CD3, 0x3CD3, 0x2AEB, 0x18E3, 0x18E3, 0x18E3, 0x99D3, 0x99D3,
        0x99D3, 0x99D3, 0xB98C, 0xD924, 0xD924, 0xD924, 0xC444, 0xC444, 0xC444, 0xC444, 0xDE11, 0xF7BE,
        0xF7BE, 0xF7BE, 0x5607, 0x5607, 0x5607, 0x5607, 0x3C51, 0x227B, 0x530E, 0x5C4A, 0x5C4A, 0x52C4,
        0x4A41, 0x92CA, 0x92CA, 0xAA84, 0xB262, 0xA402, 0xA402, 0xBD6C, 0xC5D0, 0x6CE3, 0x6CE3, 0x5B8B,
        0x225A, 0x3492, 0x3492, 0x21C7, 0x18C3, 0x91B2, 0x91B2, 0xC147, 0xD124, 0xB3E4, 0xB3E4, 0xDE76,
        0xE73C, 0x55A6, 0x55A6, 0x2B15, 0x19B2, 0x232C, 0x232C, 0x1945, 0x1082, 0x612C, 0x612C, 0x88E5,
        0x90C3, 0x82C3, 0x82C3, 0x9C90, 0xA534, 0x3C04, 0x3C04, 0x222F, 0x225A, 0x3492, 0x3492, 0x21C7,
        0x18C3, 0x91B2, 0x91B2, 0xC147, 0xD124, 0xB3E4, 0xB3E4, 0xDE76, 0xE73C, 0x55A6, 0x55A6, 0x2B15,
        0x530E, 0x5C4A, 0x5C4A, 0x52C4, 0x4A41, 0x92CA, 0x92CA, 0xAA84, 0xB262, 0xA402, 0xA402, 0xBD6C,
        0xC5D0, 0x6CE3, 0x6CE3, 0x5B8B, 0x225A, 0x3492, 0x3492, 0x21C7, 0x18C3, 0x91B2, 0x91B2, 0xC147,
        0xD124, 0xB3E4, 0xB3E4, 0xDE76, 0xE73C, 0x55A6, 0x55A6, 0x2B15, 0x19B2, 0x232C, 0x232C, 0x1945,
        0x1082, 0x612C, 0x612C, 0x88E5, 0x90C3, 0x82C3, 0x82C3, 0x9C90, 0xA534, 0x3C04, 0x3C04, 0x222F,
        0x225A, 0x3492, 0x3492, 0x21C7, 0x18C3, 0x91B2, 0x91B2, 0xC147, 0xD124, 0xB3E4, 0xB3E4, 0xDE76,
        0xE73C, 0x55A6, 0x55A6, 0x2B15, 0x530E, 0x5C4A, 0x5C4A, 0x52C4, 0x4A41, 0x92CA, 0x92CA, 0xAA84,
        0xB262, 0xA402, 0xA402, 0xBD6C, 0xC5D0, 0x6CE3, 0x6CE3, 0x5B8B, 0x225A, 0x3492, 0x3492, 0x21C7,
        0x18C3, 0x91B2, 0x91B2, 0xC147, 0xD124, 0xB3E4, 0xB3E4, 0xDE76, 0xE73C, 0x55A6, 0x55A6, 0x2B15,
        0x19B2, 0x232C, 0x232C, 0x1945, 0x1082, 0x612C, 0x612C, 0x88E5, 0x90C3, 0x82C3, 0x82C3, 0x9C90,
        0xA534, 0x3C04, 0x3C04, 0x222F, 0x225A, 0x3492, 0x3492, 0x21C7, 0x18C3, 0x91B2, 0x91B2, 0xC147,
        0xD124, 0xB3E4, 0xB3E4, 0xDE76, 0xE73C, 0x55A6, 0x55A6, 0x2B15, 0x530E, 0x5C4A, 0x5C4A, 0x52C4,
        0x4A41, 0x92CA, 0x92CA, 0xAA84, 0xB262, 0xA402, 0xA402, 0xBD6C, 0xC5D0, 0x6CE3, 0x6CE3, 0x5B8B,
        0x225A, 0x3492, 0x3492, 0x21C7, 0x18C3, 0x91B2, 0x91B2, 0xC147, 0xD124, 0xB3E4, 0xB3E4, 0xDE76,
        0xE73C, 0x55A6, 0x55A6, 0x2B15, 0x19B2, 0x232C, 0x232C, 0x1945, 0x1082, 0x612C, 0x612C, 0x88E5,
        0x90C3, 0x82C3, 0x82C3, 0x9C90, 0xA534, 0x3C04, 0x3C04, 0x222F, 0x225A, 0x3492, 0x3492, 0x21C7,
        0x18C3, 0x91B2, 0x91B2, 0xC147, 0xD124, 0xB3E4, 0xB3E4, 0xDE76, 0xE73C, 0x55A6, 0x55A6, 0x2B15,
        0x4391, 0x4349, 0x61E8, 0xA20A, 0xBAE3, 0xBCEA, 0x9DED, 0x544A, 0x22F2, 0x22AA, 0x4909, 0x914B,
        0xA223, 0xAC6B, 0x858F, 0x33CC, 0x4391, 0x4349, 0x61E8, 0xA20A, 0xBAE3, 0xBCEA, 0x9DED, 0x544A,
        0x22F2, 0x22AA, 0x4909, 0x914B, 0xA223, 0xAC6B, 0x858F, 0x33CC, 0x4391, 0x4349, 0x61E8, 0xA20A,
        0xBAE3, 0xBCEA, 0x9DED, 0x544A, 0x22F2, 0x22AA, 0x4909, 0x914B, 0xA223, 0xAC6B, 0x858F, 0x33CC,
        0x4391, 0x4349, 0x61E8, 0xA20A, 0xBAE3, 0xBCEA, 0x9DED, 0x544A, 0x22F2, 0x22AA, 0x4909, 0x914B,
        0xA223, 0xAC6B, 0x858F, 0x33CC, 0x332E, 0x7989, 0xB3A7, 0x6CED, 0x332E, 0x7989, 0xB3A7, 0x6CED,
        0x332E, 0x7989, 0xB3A7, 0x6CED, 0x332E, 0x7989, 0xB3A7, 0x6CED, 0x524B, 0x8C4A, 0x524B, 0x8C4A,
        0x734B,
    },
    {
        0xFF20, 0xFF20, 0xFF20, 0xFF20, 0xFF20, 0xFF20, 0xFF20, 0xFF20, 0xFF20, 0xFF20, 0xFF20, 0xFF20,
        0xFF20, 0xFF20, 0xFF20, 0xFF20, 0xFF20, 0xFF20, 0xFF20, 0xFF20, 0xFF20, 0xFF20, 0xFF20, 0xFF20,
        0xFF20, 0xFF20, 0xFF20, 0xFF20, 0xFF20, 0xFF20, 0xFF20, 0xFF20, 0xFF20, 0xFF20, 0xFF20, 0xFF20,
        0xFF20, 0xFF20, 0xFF20, 0xFF20, 0xFF20, 0xFF20, 0xFF20, 0xFF20, 0xFF20, 0xFF20, 0xFF20, 0xFF20,
        0xFF20, 0xFF20, 0xFF20, 0xFF20, 0xFF20, 0xFF20, 0xFF20, 0xFF20, 0xFF20, 0xFF20, 0xFF20, 0xFF20,
        0xFF20, 0xFF20, 0xFF20, 0xFF20, 0x1991, 0x1991, 0x1991, 0x1991, 0x230C, 0x230C, 0x230C, 0x230C,
        0x230C, 0x230C, 0x230C, 0x230C, 0x230C, 0x1082, 0x1082, 0x1082, 0x1082, 0x1082, 0x1082, 0x1082,
        0x612C, 0x612C, 0x612C, 0x612C, 0x612C, 0x612C, 0x612C, 0x612C, 0x612C, 0x88C3, 0x88C3, 0x88C3,
        0x88C3, 0x88C3, 0x88C3, 0x88C3, 0x7AA3, 0x7AA3, 0x7AA3, 0x7AA3, 0x7AA3, 0x7AA3, 0x7AA3, 0x7AA3,
        0x7AA3, 0x9CF3, 0x9CF3, 0x9CF3, 0x9CF3, 0x9CF3, 0x9CF3, 0x9CF3, 0x33C4, 0x33C4, 0x33C4, 0x33C4,
        0x33C4, 0x33C4, 0x33C4, 0x33C4, 0x33C4, 0x1991, 0x1991, 0x1991, 0x19B3, 0x19B3, 0x19B3, 0x19B3,
        0x2B6D, 0x2B6D, 0x2B6D, 0x2B6D, 0x2B6D, 0x2B6D, 0x2B6D, 0x2B6D, 0x2B6D, 0x10A2, 0x10A2, 0x10A2,
        0x10A2, 0x10A2, 0x10A2, 0x10A2, 0x694D, 0x694D, 0x694D, 0x694D, 0x694D, 0x694D, 0x694D, 0x694D,
        0x694D, 0x98C3, 0x98C3, 0x98C3, 0x98C3, 0x98C3, 0x98C3, 0x98C3, 0x82E3, 0x82E3, 0x82E3, 0x82E3,
        0x82E3, 0x82E3, 0x82E3, 0x82E3, 0x82E3, 0xAD75, 0xAD75, 0xAD75, 0xAD75, 0xAD75, 0xAD75, 0xAD75,
        0x3C25, 0x3C25, 0x3C25, 0x3C25, 0x3C25, 0x3C25, 0x3C25, 0x3C25, 0x3C25, 0x19B3, 0x19B3, 0x19B3,
        0x19D5, 0x19D5, 0x19D5, 0x19D5, 0x2BAE, 0x2BAE, 0x2BAE, 0x2BAE, 0x2BAE, 0x2BAE, 0x2BAE, 0x2BAE,
        0x2BAE, 0x10A2, 0x10A2, 0x10A2, 0x10A2, 0x10A2, 0x10A2, 0x10A2, 0x716E, 0x716E, 0x716E, 0x716E,
        0x716E, 0x716E, 0x716E, 0x716E, 0x716E, 0xA8E3, 0xA8E3, 0xA8E3, 0xA8E3, 0xA8E3, 0xA8E3, 0xA8E3,
        0x9343, 0x9343, 0x9343, 0x9343, 0x9343, 0x9343, 0x9343, 0x9343, 0x9343, 0xBDF7, 0xBDF7, 0xBDF7,
        0xBDF7, 0xBDF7, 0xBDF7, 0xBDF7, 0x44A5, 0x44A5, 0x44A5, 0x44A5, 0x44A5, 0x44A5, 0x44A5, 0x44A5,
        0x44A5, 0x19D5, 0x19D5, 0x19D5, 0x2217, 0x2217, 0x2217, 0x2217, 0x3410, 0x3410, 0x3410, 0x3410,
        0x3410, 0x3410, 0x3410, 0x3410, 0x3410, 0x18C3, 0x18C3, 0x18C3, 0x18C3, 0x18C3, 0x18C3, 0x18C3,
        0x8190, 0x8190, 0x8190, 0x8190, 0x8190, 0x8190, 0x8190, 0x8190, 0x8190, 0xB904, 0xB904, 0xB904,
        0xB904, 0xB904, 0xB904, 0xB904, 0xA384, 0xA384, 0xA384, 0xA384, 0xA384, 0xA384, 0xA384, 0xA384,
        0xA384, 0xCE79, 0xCE79, 0xCE79, 0xCE79, 0xCE79, 0xCE79, 0xCE79, 0x4D06, 0x4D06, 0x4D06, 0x4D06,
        0x4D06, 0x4D06, 0x4D06, 0x4D06, 0x4D06, 0x2217, 0x2217, 0x2217, 0x2239, 0x2239, 0x2239, 0x2239,
        0x3451, 0x3451, 0x3451, 0x3451, 0x3451, 0x3451, 0x3451, 0x3451, 0x3451, 0x18C3, 0x18C3, 0x18C3,
        0x18C3, 0x18C3, 0x18C3, 0x18C3, 0x89B1, 0x89B1, 0x89B1, 0x89B1, 0x89B1, 0x89B1, 0x89B1, 0x89B1,
        0x89B1, 0xC904, 0xC904, 0xC904, 0xC904, 0xC904, 0xC904, 0xC904, 0xABC4, 0xABC4, 0xABC4, 0xABC4,
        0xABC4, 0xABC4, 0xABC4, 0xABC4, 0xABC4, 0xDEFB, 0xDEFB, 0xDEFB, 0xDEFB, 0xDEFB, 0xDEFB, 0xDEFB,
        0x4D66, 0x4D66, 0x4D66, 0x4D66, 0x4D66, 0x4D66, 0x4D66, 0x4D66, 0x4D66, 0x2239, 0x2239, 0x2239,
        0x225A, 0x225A, 0x225A, 0x225A, 0x3CB2, 0x3CB2, 0x3CB2, 0x3CB2, 0x3CB2, 0x3CB2, 0x3CB2, 0x3CB2,
        0x3CB2, 0x18E3, 0x18E3, 0x18E3, 0x18E3, 0x18E3, 0x18E3, 0x18E3, 0x91D2, 0x91D2, 0x91D2, 0x91D2,
        0x91D2, 0x91D2, 0x91D2, 0x91D2, 0x91D2, 0xD124, 0xD124, 0xD124, 0xD124, 0xD124, 0xD124, 0xD124,
        0xBC04, 0xBC04, 0xBC04, 0xBC04, 0xBC04, 0xBC04, 0xBC04, 0xBC04, 0xBC04, 0xEF7D, 0xEF7D, 0xEF7D,
        0xEF7D, 0xEF7D, 0xEF7D, 0xEF7D, 0x55C7, 0x55C7, 0x55C7, 0x55C7, 0x55C7, 0x55C7, 0x55C7, 0x55C7,
        0x55C7, 0x225A, 0x225A, 0x225A, 0x2A9C, 0x2A9C, 0x2A9C, 0x2A9C, 0x3D14, 0x3D14, 0x3D14, 0x3D14,
        0x3D14, 0x3D14, 0x3D14, 0x3D14, 0x3D14, 0x18E3, 0x18E3, 0x18E3, 0x18E3, 0x18E3, 0x18E3, 0x18E3,
        0xA1F4, 0xA1F4, 0xA1F4, 0xA1F4, 0xA1F4, 0xA1F4, 0xA1F4, 0xA1F4, 0xA1F4, 0xE145, 0xE145, 0xE145,
        0xE145, 0xE145, 0xE145, 0xE145, 0xCC65, 0xCC65, 0xCC65, 0xCC65, 0xCC65, 0xCC65, 0xCC65, 0xCC65,
        0xCC65, 0xFFFF, 0xFFFF, 0xFFFF, 0xFFFF, 0xFFFF, 0xFFFF, 0xFFFF, 0x5E47, 0x5E47, 0x5E47, 0x5E47,
        0x5E47, 0x5E47, 0x5E47, 0x5E47, 0x5E47, 0x2A9C, 0x2A9C, 0x2A9C, 0x116F, 0x116F, 0x116F, 0x116F,
        0x22CB, 0x22CB, 0x22CB, 0x22CB, 0x22CB, 0x22CB, 0x22CB, 0x22CB, 0x22CB, 0x1082, 0x1082, 0x1082,
        0x1082, 0x1082, 0x1082, 0x1082, 0x590B, 0x590B, 0x590B, 0x590B, 0x590B, 0x590B, 0x590B, 0x590B,
        0x590B, 0x78A2, 0x78A2, 0x78A2, 0x78A2, 0x78A2, 0x78A2, 0x78A2, 0x6A62, 0x6A62, 0x6A62, 0x6A62,
        0x6A62, 0x6A62, 0x6A62, 0x6A62, 0x6A62, 0x8C71, 0x8C71, 0x8C71, 0x8C71, 0x8C71, 0x8C71, 0x8C71,
        0x3364, 0x3364, 0x3364, 0x3364, 0x3364, 0x3364, 0x3364, 0x3364, 0x3364, 0x116F, 0x116F, 0x116F,
        0x1991, 0x1991, 0x1991, 0x1991, 0x230C, 0x230C, 0x230C, 0x230C, 0x230C, 0x230C, 0x230C, 0x230C,
        0x230C, 0x1082, 0x1082, 0x1082, 0x1082, 0x1082, 0x1082, 0x1082, 0x612C, 0x612C, 0x612C, 0x612C,
        0x612C, 0x612C, 0x612C, 0x612C, 0x612C, 0x88C3, 0x88C3, 0x88C3, 0x88C3, 0x88C3, 0x88C3, 0x88C3,
        0x7AA3, 0x7AA3, 0x7AA3, 0x7AA3, 0x7AA3, 0x7AA3, 0x7AA3, 0x7AA3, 0x7AA3, 0x9CF3, 0x9CF3, 0x9CF3,
        0x9CF3, 0x9CF3, 0x9CF3, 0x9CF3, 0x33C4, 0x33C4, 0x33C4, 0x33C4, 0x33C4, 0x33C4, 0x33C4, 0x33C4,
        0x33C4, 0x1991, 0x1991, 0x1991, 0x19B3, 0x19B3, 0x19B3, 0x19B3, 0x2B6D, 0x2B6D, 0x2B6D, 0x2B6D,
        0x2B6D, 0x2B6D, 0x2B6D, 0x2B6D, 0x2B6D, 0x10A2, 0x10A2, 0x10A2, 0x10A2, 0x10A2, 0x10A2, 0x10A2,
        0x694D, 0x694D, 0x694D, 0x694D, 0x694D, 0x694D, 0x694D, 0x694D, 0x694D, 0x98C3, 0x98C3, 0x98C3,
        0x98C3, 0x98C3, 0x98C3, 0x98C3, 0x82E3, 0x82E3, 0x82E3, 0x82E3, 0x82E3, 0x82E3, 0x82E3, 0x82E3,
        0x82E3, 0xAD75, 0xAD75, 0xAD75, 0xAD75, 0xAD75, 0xAD75, 0xAD75, 0x3C25, 0x3C25, 0x3C25, 0x3C25,
        0x3C25, 0x3C25, 0x3C25, 0x3C25, 0x3C25, 0x19B3, 0x19B3, 0x19B3, 0x19D5, 0x19D5, 0x19D5, 0x19D5,
        0x2BAE, 0x2BAE, 0x2BAE, 0x2BAE, 0x2BAE, 0x2BAE, 0x2BAE, 0x2BAE, 0x2BAE, 0x10A2, 0x10A2, 0x10A2,
        0x10A2, 0x10A2, 0x10A2, 0x10A2, 0x716E, 0x716E, 0x716E, 0x716E, 0x716E, 0x716E, 0x716E, 0x716E,
        0x716E, 0xA8E3, 0xA8E3, 0xA8E3, 0xA8E3, 0xA8E3, 0xA8E3, 0xA8E3, 0x9343, 0x9343, 0x9343, 0x9343,
        0x9343, 0x9343, 0x9343, 0x9343, 0x9343, 0xBDF7, 0xBDF7, 0xBDF7, 0xBDF7, 0xBDF7, 0xBDF7, 0xBDF7,
        0x44A5, 0x44A5, 0x44A5, 0x44A5, 0x44A5, 0x44A5, 0x44A5, 0x44A5, 0x44A5, 0x19D5, 0x19D5, 0x19D5,
        0x2217, 0x2217, 0x2217, 0x2217, 0x3410, 0x3410, 0x3410, 0x3410, 0x3410, 0x3410, 0x3410, 0x3410,
        0x3410, 0x18C3, 0x18C3, 0x18C3, 0x18C3, 0x18C3, 0x18C3, 0x18C3, 0x8190, 0x8190, 0x8190, 0x8190,
        0x8190, 0x8190, 0x8190, 0x8190, 0x8190, 0xB904, 0xB904, 0xB904, 0xB904, 0xB904, 0xB904, 0xB904,
        0xA384, 0xA384, 0xA384, 0xA384, 0xA384, 0xA384, 0xA384, 0xA384, 0xA384, 0xCE79, 0xCE79, 0xCE79,
        0xCE79, 0xCE79, 0xCE79, 0xCE79, 0x4D06, 0x4D06, 0x4D06, 0x4D06, 0x4D06, 0x4D06, 0x4D06, 0x4D06,
        0x4D06, 0x2217, 0x2217, 0x2217, 0x2239, 0x2239, 0x2239, 0x2239, 0x3451, 0x3451, 0x3451, 0x3451,
        0x3451, 0x3451, 0x3451, 0x3451, 0x3451, 0x18C3, 0x18C3, 0x18C3, 0x18C3, 0x18C3, 0x18C3, 0x18C3,
        0x89B1, 0x89B1, 0x89B1, 0x89B1, 0x89B1, 0x89B1, 0x89B1, 0x89B1, 0x89B1, 0xC904, 0xC904, 0xC904,
        0xC904, 0xC904, 0xC904, 0xC904, 0xABC4, 0xABC4, 0xABC4, 0xABC4, 0xABC4, 0xABC4, 0xABC4, 0xABC4,
        0xABC4, 0xDEFB, 0xDEFB, 0xDEFB, 0xDEFB, 0xDEFB, 0xDEFB, 0xDEFB, 0x4D66, 0x4D66, 0x4D66, 0x4D66,
        0x4D66, 0x4D66, 0x4D66, 0x4D66, 0x4D66, 0x2239, 0x2239, 0x2239, 0x225A, 0x225A, 0x225A, 0x225A,
        0x3CB2, 0x3CB2, 0x3CB2, 0x3CB2, 0x3CB2, 0x3CB2, 0x3CB2, 0x3CB2, 0x3CB2, 0x18E3, 0x18E3, 0x18E3,
        0x18E3, 0x18E3, 0x18E3, 0x18E3, 0x91D2, 0x91D2, 0x91D2, 0x91D2, 0x91D2, 0x91D2, 0x91D2, 0x91D2,
        0x91D2, 0xD124, 0xD124, 0xD124, 0xD124, 0xD124, 0xD124, 0xD124, 0xBC04, 0xBC04, 0xBC04, 0xBC04,
        0xBC04, 0xBC04, 0xBC04, 0xBC04, 0xBC04, 0xEF7D, 0xEF7D, 0xEF7D, 0xEF7D, 0xEF7D, 0xEF7D, 0xEF7D,
        0x55C7, 0x55C7, 0x55C7, 0x55C7, 0x55C7, 0x55C7, 0x55C7, 0x55C7, 0x55C7, 0x225A, 0x225A, 0x225A,
        0x2A9C, 0x2A9C, 0x2A9C, 0x2A9C, 0x3D14, 0x3D14, 0x3D14, 0x3D14, 0x3D14, 0x3D14, 0x3D14, 0x3D14,
        0x3D14, 0x18E3, 0x18E3, 0x18E3, 0x18E3, 0x18E3, 0x18E3, 0x18E3, 0xA1F4, 0xA1F4, 0xA1F4, 0xA1F4,
        0xA1F4, 0xA1F4, 0xA1F4, 0xA1F4, 0xA1F4, 0xE145, 0xE145, 0xE145, 0xE145, 0xE145, 0xE145, 0xE145,
        0xCC65, 0xCC65, 0xCC65, 0xCC65, 0xCC65, 0xCC65, 0xCC65, 0xCC65, 0xCC65, 0xFFFF, 0xFFFF, 0xFFFF,
        0xFFFF, 0xFFFF, 0xFFFF, 0xFFFF, 0x5E47, 0x5E47, 0x5E47, 0x5E47, 0x5E47, 0x5E47, 0x5E47, 0x5E47,
        0x5E47, 0x2A9C, 0x2A9C, 0x2A9C, 0xFF20, 0xFF20, 0xFF20, 0xFF20, 0xFF20, 0xFF20, 0xFF20, 0xFF20,
        0xFF20, 0xFF20, 0xFF20, 0xFF20, 0xFF20, 0xFF20, 0xFF20, 0xFF20, 0xFF20, 0xFF20, 0xFF20, 0xFF20,
        0xFF20, 0xFF20, 0xFF20, 0xFF20, 0xFF20, 0xFF20, 0xFF20, 0xFF20, 0xFF20, 0xFF20, 0xFF20, 0xFF20,
        0xFF20, 0xFF20, 0xFF20, 0xFF20, 0xFF20, 0xFF20, 0xFF20, 0xFF20, 0xFF20, 0xFF20, 0xFF20, 0xFF20,
        0xFF20, 0xFF20, 0xFF20, 0xFF20, 0xFF20, 0xFF20, 0xFF20, 0xFF20, 0xFF20, 0xFF20, 0xFF20, 0xFF20,
        0xFF20, 0xFF20, 0xFF20, 0xFF20, 0xFF20, 0xFF20, 0xFF20, 0xFF20, 0x1991, 0x1991, 0x1991, 0x1991,
        0x230C, 0x230C, 0x230C, 0x230C, 0x230C, 0x230C, 0x230C, 0x230C, 0x230C, 0x1082, 0x1082, 0x1082,
        0x1082, 0x1082, 0x1082, 0x1082, 0x612C, 0x612C, 0x612C, 0x612C, 0x612C, 0x612C, 0x612C, 0x612C,
        0x612C, 0x88C3, 0x88C3, 0x88C3, 0x88C3, 0x88C3, 0x88C3, 0x88C3, 0x7AA3, 0x7AA3, 0x7AA3, 0x7AA3,
        0x7AA3, 0x7AA3, 0x7AA3, 0x7AA3, 0x7AA3, 0x9CF3, 0x9CF3, 0x9CF3, 0x9CF3, 0x9CF3, 0x9CF3, 0x9CF3,
        0x33C4, 0x33C4, 0x33C4, 0x33C4, 0x33C4, 0x33C4, 0x33C4, 0x33C4, 0x33C4, 0x1991, 0x1991, 0x1991,
        0x19B3, 0x19B3, 0x19B3, 0x19B3, 0x2B6D, 0x2B6D, 0x2B6D, 0x2B6D, 0x2B6D, 0x2B6D, 0x2B6D, 0x2B6D,
        0x2B6D, 0x10A2, 0x10A2, 0x10A2, 0x10A2, 0x10A2, 0x10A2, 0x10A2, 0x694D, 0x694D, 0x694D, 0x694D,
        0x694D, 0x694D, 0x694D, 0x694D, 0x694D, 0x98C3, 0x98C3, 0x98C3, 0x98C3, 0x98C3, 0x98C3, 0x98C3,
        0x82E3, 0x82E3, 0x82E3, 0x82E3, 0x82E3, 0x82E3, 0x82E3, 0x82E3, 0x82E3, 0xAD75, 0xAD75, 0xAD75,
        0xAD75, 0xAD75, 0xAD75, 0xAD75, 0x3C25, 0x3C25, 0x3C25, 0x3C25, 0x3C25, 0x3C25, 0x3C25, 0x3C25,
        0x3C25, 0x19B3, 0x19B3, 0x19B3, 0x19D5, 0x19D5, 0x19D5, 0x19D5, 0x2BAE, 0x2BAE, 0x2BAE, 0x2BAE,
        0x2BAE, 0x2BAE, 0x2BAE, 0x2BAE, 0x2BAE, 0x10A2, 0x10A2, 0x10A2, 0x10A2, 0x10A2, 0x10A2, 0x10A2,
        0x716E, 0x716E, 0x716E, 0x716E, 0x716E, 0x716E, 0x716E, 0x716E, 0x716E, 0xA8E3, 0xA8E3, 0xA8E3,
        0xA8E3, 0xA8E3, 0xA8E3, 0xA8E3, 0x9343, 0x9343, 0x9343, 0x9343, 0x9343, 0x9343, 0x9343, 0x9343,
        0x9343, 0xBDF7, 0xBDF7, 0xBDF7, 0xBDF7, 0xBDF7, 0xBDF7, 0xBDF7, 0x44A5, 0x44A5, 0x44A5, 0x44A5,
        0x44A5, 0x44A5, 0x44A5, 0x44A5, 0x44A5, 0x19D5, 0x19D5, 0x19D5, 0x2217, 0x2217, 0x2217, 0x2217,
        0x3410, 0x3410, 0x3410, 0x3410, 0x3410, 0x3410, 0x3410, 0x3410, 0x3410, 0x18C3, 0x18C3, 0x18C3,
        0x18C3, 0x18C3, 0x18C3, 0x18C3, 0x8190, 0x8190, 0x8190, 0x8190, 0x8190, 0x8190, 0x8190, 0x8190,
        0x8190, 0xB904, 0xB904, 0xB904, 0xB904, 0xB904, 0xB904, 0xB904, 0xA384, 0xA384, 0xA384, 0xA384,
        0xA384, 0xA384, 0xA384, 0xA384, 0xA384, 0xCE79, 0xCE79, 0xCE79, 0xCE79, 0xCE79, 0xCE79, 0xCE79,
        0x4D06, 0x4D06, 0x4D06, 0x4D06, 0x4D06, 0x4D06, 0x4D06, 0x4D06, 0x4D06, 0x2217, 0x2217, 0x2217,
        0x2239, 0x2239, 0x2239, 0x2239, 0x3451, 0x3451, 0x3451, 0x3451, 0x3451, 0x3451, 0x3451, 0x3451,
        0x3451, 0x18C3, 0x18C3, 0x18C3, 0x18C3, 0x18C3, 0x18C3, 0x18C3, 0x89B1, 0x89B1, 0x89B1, 0x89B1,
        0x89B1, 0x89B1, 0x89B1, 0x89B1, 0x89B1, 0xC904, 0xC904, 0xC904, 0xC904, 0xC904, 0xC904, 0xC904,
        0xABC4, 0xABC4, 0xABC4, 0xABC4, 0xABC4, 0xABC4, 0xABC4, 0xABC4, 0xABC4, 0xDEFB, 0xDEFB, 0xDEFB,
        0xDEFB, 0xDEFB, 0xDEFB, 0xDEFB, 0x4D66, 0x4D66, 0x4D66, 0x4D66, 0x4D66, 0x4D66, 0x4D66, 0x4D66,
        0x4D66, 0x2239, 0x2239, 0x2239, 0x225A, 0x225A, 0x225A, 0x225A, 0x3CB2, 0x3CB2, 0x3CB2, 0x3CB2,
        0x3CB2, 0x3CB2, 0x3CB2, 0x3CB2, 0x3CB2, 0x18E3, 0x18E3, 0x18E3, 0x18E3, 0x18E3, 0x18E3, 0x18E3,
        0x91D2, 0x91D2, 0x91D2, 0x91D2, 0x91D2, 0x91D2, 0x91D2, 0x91D2, 0x91D2, 0xD124, 0xD124, 0xD124,
        0xD124, 0xD124, 0xD124, 0xD124, 0xBC04, 0xBC04, 0xBC04, 0xBC04, 0xBC04, 0xBC04, 0xBC04, 0xBC04,
        0xBC04, 0xEF7D, 0xEF7D, 0xEF7D, 0xEF7D, 0xEF7D, 0xEF7D, 0xEF7D, 0x55C7, 0x55C7, 0x55C7, 0x55C7,
        0x55C7, 0x55C7, 0x55C7, 0x55C7, 0x55C7, 0x225A, 0x225A, 0x225A, 0x2A9C, 0x2A9C, 0x2A9C, 0x2A9C,
        0x3D14, 0x3D14, 0x3D14, 0x3D14, 0x3D14, 0x3D14, 0x3D14, 0x3D14, 0x3D14, 0x18E3, 0x18E3, 0x18E3,
        0x18E3, 0x18E3, 0x18E3, 0x18E3, 0xA1F4, 0xA1F4, 0xA1F4, 0xA1F4, 0xA1F4, 0xA1F4, 0xA1F4, 0xA1F4,
        0xA1F4, 0xE145, 0xE145, 0xE145, 0xE145, 0xE145, 0xE145, 0xE145, 0xCC65, 0xCC65, 0xCC65, 0xCC65,
        0xCC65, 0xCC65, 0xCC65, 0xCC65, 0xCC65, 0xFFFF, 0xFFFF, 0xFFFF, 0xFFFF, 0xFFFF, 0xFFFF, 0xFFFF,
        0x5E47, 0x5E47, 0x5E47, 0x5E47, 0x5E47, 0x5E47, 0x5E47, 0x5E47, 0x5E47, 0x2A9C, 0x2A9C, 0x2A9C,
        0x116F, 0x116F, 0x116F, 0x116F, 0x22CB, 0x22CB, 0x22CB, 0x22CB, 0x22CB, 0x22CB, 0x22CB, 0x22CB,
        0x22CB, 0x1082, 0x1082, 0x1082, 0x1082, 0x1082, 0x1082, 0x1082, 0x590B, 0x590B, 0x590B, 0x590B,
        0x590B, 0x590B, 0x590B, 0x590B, 0x590B, 0x78A2, 0x78A2, 0x78A2, 0x78A2, 0x78A2, 0x78A2, 0x78A2,
        0x6A62, 0x6A62, 0x6A62, 0x6A62, 0x6A62, 0x6A62, 0x6A62, 0x6A62, 0x6A62, 0x8C71, 0x8C71, 0x8C71,
        0x8C71, 0x8C71, 0x8C71, 0x8C71, 0x3364, 0x3364, 0x3364, 0x3364, 0x3364, 0x3364, 0x3364, 0x3364,
        0x3364, 0x116F, 0x116F, 0x116F, 0x1991, 0x1991, 0x1991, 0x1991, 0x230C, 0x230C, 0x230C, 0x230C,
        0x230C, 0x230C, 0x230C, 0x230C, 0x230C, 0x1082, 0x1082, 0x1082, 0x1082, 0x1082, 0x1082, 0x1082,
        0x612C, 0x612C, 0x612C, 0x612C, 0x612C, 0x612C, 0x612C, 0x612C, 0x612C, 0x88C3, 0x88C3, 0x88C3,
        0x88C3, 0x88C3, 0x88C3, 0x88C3, 0x7AA3, 0x7AA3, 0x7AA3, 0x7AA3, 0x7AA3, 0x7AA3, 0x7AA3, 0x7AA3,
        0x7AA3, 0x9CF3, 0x9CF3, 0x9CF3, 0x9CF3, 0x9CF3, 0x9CF3, 0x9CF3, 0x33C4, 0x33C4, 0x33C4, 0x33C4,
        0x33C4, 0x33C4, 0x33C4, 0x33C4, 0x33C4, 0x1991, 0x1991, 0x1991, 0x19B3, 0x19B3, 0x19B3, 0x19B3,
        0x2B6D, 0x2B6D, 0x2B6D, 0x2B6D, 0x2B6D, 0x2B6D, 0x2B6D, 0x2B6D, 0x2B6D, 0x10A2, 0x10A2, 0x10A2,
        0x10A2, 0x10A2, 0x10A2, 0x10A2, 0x694D, 0x694D, 0x694D, 0x694D, 0x694D, 0x694D, 0x694D, 0x694D,
        0x694D, 0x98C3, 0x98C3, 0x98C3, 0x98C3, 0x98C3, 0x98C3, 0x98C3, 0x82E3, 0x82E3, 0x82E3, 0x82E3,
        0x82E3, 0x82E3, 0x82E3, 0x82E3, 0x82E3, 0xAD75, 0xAD75, 0xAD75, 0xAD75, 0xAD75, 0xAD75, 0xAD75,
        0x3C25, 0x3C25, 0x3C25, 0x3C25, 0x3C25, 0x3C25, 0x3C25, 0x3C25, 0x3C25, 0x19B3, 0x19B3, 0x19B3,
        0x19D5, 0x19D5, 0x19D5, 0x19D5, 0x2BAE, 0x2BAE, 0x2BAE, 0x2BAE, 0x2BAE, 0x2BAE, 0x2BAE, 0x2BAE,
        0x2BAE, 0x10A2, 0x10A2, 0x10A2, 0x10A2, 0x10A2, 0x10A2, 0x10A2, 0x716E, 0x716E, 0x716E, 0x716E,
        0x716E, 0x716E, 0x716E, 0x716E, 0x716E, 0xA8E3, 0xA8E3, 0xA8E3, 0xA8E3, 0xA8E3, 0xA8E3, 0xA8E3,
        0x9343, 0x9343, 0x9343, 0x9343, 0x9343, 0x9343, 0x9343, 0x9343, 0x9343, 0xBDF7, 0xBDF7, 0xBDF7,
        0xBDF7, 0xBDF7, 0xBDF7, 0xBDF7, 0x44A5, 0x44A5, 0x44A5, 0x44A5, 0x44A5, 0x44A5, 0x44A5, 0x44A5,
        0x44A5, 0x19D5, 0x19D5, 0x19D5, 0x2217, 0x2217, 0x2217, 0x2217, 0x3410, 0x3410, 0x3410, 0x3410,
        0x3410, 0x3410, 0x3410, 0x3410, 0x3410, 0x18C3, 0x18C3, 0x18C3, 0x18C3, 0x18C3, 0x18C3, 0x18C3,
        0x8190, 0x8190, 0x8190, 0x8190, 0x8190, 0x8190, 0x8190, 0x8190, 0x8190, 0xB904, 0xB904, 0xB904,
        0xB904, 0xB904, 0xB904, 0xB904, 0xA384, 0xA384, 0xA384, 0xA384, 0xA384, 0xA384, 0xA384, 0xA384,
        0xA384, 0xCE79, 0xCE79, 0xCE79, 0xCE79, 0xCE79, 0xCE79, 0xCE79, 0x4D06, 0x4D06, 0x4D06, 0x4D06,
        0x4D06, 0x4D06, 0x4D06, 0x4D06, 0x4D06, 0x2217, 0x2217, 0x2217, 0x2239, 0x2239, 0x2239, 0x2239,
        0x3451, 0x3451, 0x3451, 0x3451, 0x3451, 0x3451, 0x3451, 0x3451, 0x3451, 0x18C3, 0x18C3, 0x18C3,
        0x18C3, 0x18C3, 0x18C3, 0x18C3, 0x89B1, 0x89B1, 0x89B1, 0x89B1, 0x89B1, 0x89B1, 0x89B1, 0x89B1,
        0x89B1, 0xC904, 0xC904, 0xC904, 0xC904, 0xC904, 0xC904, 0xC904, 0xABC4, 0xABC4, 0xABC4, 0xABC4,
        0xABC4, 0xABC4, 0xABC4, 0xABC4, 0xABC4, 0xDEFB, 0xDEFB, 0xDEFB, 0xDEFB, 0xDEFB, 0xDEFB, 0xDEFB,
        0x4D66, 0x4D66, 0x4D66, 0x4D66, 0x4D66, 0x4D66, 0x4D66, 0x4D66, 0x4D66, 0x2239, 0x2239, 0x2239,
        0x225A, 0x225A, 0x225A, 0x225A, 0x3CB2, 0x3CB2, 0x3CB2, 0x3CB2, 0x3CB2, 0x3CB2, 0x3CB2, 0x3CB2,
        0x3CB2, 0x18E3, 0x18E3, 0x18E3, 0x18E3, 0x18E3, 0x18E3, 0x18E3, 0x91D2, 0x91D2, 0x91D2, 0x91D2,
        0x91D2, 0x91D2, 0x91D2, 0x91D2, 0x91D2, 0xD124, 0xD124, 0xD124, 0xD124, 0xD124, 0xD124, 0xD124,
        0xBC04, 0xBC04, 0xBC04, 0xBC04, 0xBC04, 0xBC04, 0xBC04, 0xBC04, 0xBC04, 0xEF7D, 0xEF7D, 0xEF7D,
        0xEF7D, 0xEF7D, 0xEF7D, 0xEF7D, 0x55C7, 0x55C7, 0x55C7, 0x55C7, 0x55C7, 0x55C7, 0x55C7, 0x55C7,
        0x55C7, 0x225A, 0x225A, 0x225A, 0x2A9C, 0x2A9C, 0x2A9C, 0x2A9C, 0x3D14, 0x3D14, 0x3D14, 0x3D14,
        0x3D14, 0x3D14, 0x3D14, 0x3D14, 0x3D14, 0x18E3, 0x18E3, 0x18E3, 0x18E3, 0x18E3, 0x18E3, 0x18E3,
        0xA1F4, 0xA1F4, 0xA1F4, 0xA1F4, 0xA1F4, 0xA1F4, 0xA1F4, 0xA1F4, 0xA1F4, 0xE145, 0xE145, 0xE145,
        0xE145, 0xE145, 0xE145, 0xE145, 0xCC65, 0xCC65, 0xCC65, 0xCC65, 0xCC65, 0xCC65, 0xCC65, 0xCC65,
        0xCC65, 0xFFFF, 0xFFFF, 0xFFFF, 0xFFFF, 0xFFFF, 0xFFFF, 0xFFFF, 0x5E47, 0x5E47, 0x5E47, 0x5E47,
        0x5E47, 0x5E47, 0x5E47, 0x5E47, 0x5E47, 0x2A9C, 0x2A9C, 0x2A9C, 0xFF20, 0xFF20, 0xFF20, 0xFF20,
        0xFF20, 0xFF20, 0xFF20, 0xFF20, 0xFF20, 0xFF20, 0xFF20, 0xFF20, 0xFF20, 0xFF20, 0xFF20, 0xFF20,
        0xFF20, 0xFF20, 0xFF20, 0xFF20, 0xFF20, 0xFF20, 0xFF20, 0xFF20, 0xFF20, 0xFF20, 0xFF20, 0xFF20,
        0xFF20, 0xFF20, 0xFF20, 0xFF20, 0xFF20, 0xFF20, 0xFF20, 0xFF20, 0xFF20, 0xFF20, 0xFF20, 0xFF20,
        0xFF20, 0xFF20, 0xFF20, 0xFF20, 0xFF20, 0xFF20, 0xFF20, 0xFF20, 0xFF20, 0xFF20, 0xFF20, 0xFF20,
        0xFF20, 0xFF20, 0xFF20, 0xFF20, 0xFF20, 0xFF20, 0xFF20, 0xFF20, 0xFF20, 0xFF20, 0xFF20, 0xFF20,
        0x1991, 0x1991, 0x1991, 0x1991, 0x230C, 0x230C, 0x230C, 0x230C, 0x230C, 0x230C, 0x230C, 0x230C,
        0x230C, 0x1082, 0x1082, 0x1082, 0x1082, 0x1082, 0x1082, 0x1082, 0x612C, 0x612C, 0x612C, 0x612C,
        0x612C, 0x612C, 0x612C, 0x612C, 0x612C, 0x88C3, 0x88C3, 0x88C3, 0x88C3, 0x88C3, 0x88C3, 0x88C3,
        0x7AA3, 0x7AA3, 0x7AA3, 0x7AA3, 0x7AA3, 0x7AA3, 0x7AA3, 0x7AA3, 0x7AA3, 0x9CF3, 0x9CF3, 0x9CF3,
        0x9CF3, 0x9CF3, 0x9CF3, 0x9CF3, 0x33C4, 0x33C4, 0x33C4, 0x33C4, 0x33C4, 0x33C4, 0x33C4, 0x33C4,
        0x33C4, 0x1991, 0x1991, 0x1991, 0x19B3, 0x19B3, 0x19B3, 0x19B3, 0x2B6D, 0x2B6D, 0x2B6D, 0x2B6D,
        0x2B6D, 0x2B6D, 0x2B6D, 0x2B6D, 0x2B6D, 0x10A2, 0x10A2, 0x10A2, 0x10A2, 0x10A2, 0x10A2, 0x10A2,
        0x694D, 0x694D, 0x694D, 0x694D, 0x694D, 0x694D, 0x694D, 0x694D, 0x694D, 0x98C3, 0x98C3, 0x98C3,
        0x98C3, 0x98C3, 0x98C3, 0x98C3, 0x82E3, 0x82E3, 0x82E3, 0x82E3, 0x82E3, 0x82E3, 0x82E3, 0x82E3,
        0x82E3, 0xAD75, 0xAD75, 0xAD75, 0xAD75, 0xAD75, 0xAD75, 0xAD75, 0x3C25, 0x3C25, 0x3C25, 0x3C25,
        0x3C25, 0x3C25, 0x3C25, 0x3C25, 0x3C25, 0x19B3, 0x19B3, 0x19B3, 0x19D5, 0x19D5, 0x19D5, 0x19D5,
        0x2BAE, 0x2BAE, 0x2BAE, 0x2BAE, 0x2BAE, 0x2BAE, 0x2BAE, 0x2BAE, 0x2BAE, 0x10A2, 0x10A2, 0x10A2,
        0x10A2, 0x10A2, 0x10A2, 0x10A2, 0x716E, 0x716E, 0x716E, 0x716E, 0x716E, 0x716E, 0x716E, 0x716E,
        0x716E, 0xA8E3, 0xA8E3, 0xA8E3, 0xA8E3, 0xA8E3, 0xA8E3, 0xA8E3, 0x9343, 0x9343, 0x9343, 0x9343,
        0x9343, 0x9343, 0x9343, 0x9343, 0x9343, 0xBDF7, 0xBDF7, 0xBDF7, 0xBDF7, 0xBDF7, 0xBDF7, 0xBDF7,
        0x44A5, 0x44A5, 0x44A5, 0x44A5, 0x44A5, 0x44A5, 0x44A5, 0x44A5, 0x44A5, 0x19D5, 0x19D5, 0x19D5,
        0x2217, 0x2217, 0x2217, 0x2217, 0x3410, 0x3410, 0x3410, 0x3410, 0x3410, 0x3410, 0x3410, 0x3410,
        0x3410, 0x18C3, 0x18C3, 0x18C3, 0x18C3, 0x18C3, 0x18C3, 0x18C3, 0x8190, 0x8190, 0x8190, 0x8190,
        0x8190, 0x8190, 0x8190, 0x8190, 0x8190, 0xB904, 0xB904, 0xB904, 0xB904, 0xB904, 0xB904, 0xB904,
        0xA384, 0xA384, 0xA384, 0xA384, 0xA384, 0xA384, 0xA384, 0xA384, 0xA384, 0xCE79, 0xCE79, 0xCE79,
        0xCE79, 0xCE79, 0xCE79, 0xCE79, 0x4D06, 0x4D06, 0x4D06, 0x4D06, 0x4D06, 0x4D06, 0x4D06, 0x4D06,
        0x4D06, 0x2217, 0x2217, 0x2217, 0x2239, 0x2239, 0x2239, 0x2239, 0x3451, 0x3451, 0x3451, 0x3451,
        0x3451, 0x3451, 0x3451, 0x3451, 0x3451, 0x18C3, 0x18C3, 0x18C3, 0x18C3, 0x18C3, 0x18C3, 0x18C3,
        0x89B1, 0x89B1, 0x89B1, 0x89B1, 0x89B1, 0x89B1, 0x89B1, 0x89B1, 0x89B1, 0xC904, 0xC904, 0xC904,
        0xC904, 0xC904, 0xC904, 0xC904, 0xABC4, 0xABC4, 0xABC4, 0xABC4, 0xABC4, 0xABC4, 0xABC4, 0xABC4,
        0xABC4, 0xDEFB, 0xDEFB, 0xDEFB, 0xDEFB, 0xDEFB, 0xDEFB, 0xDEFB, 0x4D66, 0x4D66, 0x4D66, 0x4D66,
        0x4D66, 0x4D66, 0x4D66, 0x4D66, 0x4D66, 0x2239, 0x2239, 0x2239, 0x225A, 0x225A, 0x225A, 0x225A,
        0x3CB2, 0x3CB2, 0x3CB2, 0x3CB2, 0x3CB2, 0x3CB2, 0x3CB2, 0x3CB2, 0x3CB2, 0x18E3, 0x18E3, 0x18E3,
        0x18E3, 0x18E3, 0x18E3, 0x18E3, 0x91D2, 0x91D2, 0x91D2, 0x91D2, 0x91D2, 0x91D2, 0x91D2, 0x91D2,
        0x91D2, 0xD124, 0xD124, 0xD124, 0xD124, 0xD124, 0xD124, 0xD124, 0xBC04, 0xBC04, 0xBC04, 0xBC04,
        0xBC04, 0xBC04, 0xBC04, 0xBC04, 0xBC04, 0xEF7D, 0xEF7D, 0xEF7D, 0xEF7D, 0xEF7D, 0xEF7D, 0xEF7D,
        0x55C7, 0x55C7, 0x55C7, 0x55C7, 0x55C7, 0x55C7, 0x55C7, 0x55C7, 0x55C7, 0x225A, 0x225A, 0x225A,
        0x2A9C, 0x2A9C, 0x2A9C, 0x2A9C, 0x3D14, 0x3D14, 0x3D14, 0x3D14, 0x3D14, 0x3D14, 0x3D14, 0x3D14,
        0x3D14, 0x18E3, 0x18E3, 0x18E3, 0x18E3, 0x18E3, 0x18E3, 0x18E3, 0xA1F4, 0xA1F4, 0xA1F4, 0xA1F4,
        0xA1F4, 0xA1F4, 0xA1F4, 0xA1F4, 0xA1F4, 0xE145, 0xE145, 0xE145, 0xE145, 0xE145, 0xE145, 0xE145,
        0xCC65, 0xCC65, 0xCC65, 0xCC65, 0xCC65, 0xCC65, 0xCC65, 0xCC65, 0xCC65, 0xFFFF, 0xFFFF, 0xFFFF,
        0xFFFF, 0xFFFF, 0xFFFF, 0xFFFF, 0x5E47, 0x5E47, 0x5E47, 0x5E47, 0x5E47, 0x5E47, 0x5E47, 0x5E47,
        0x5E47, 0x2A9C, 0x2A9C, 0x2A9C, 0x116F, 0x116F, 0x116F, 0x116F, 0x22CB, 0x22CB, 0x22CB, 0x22CB,
        0x22CB, 0x22CB, 0x22CB, 0x22CB, 0x22CB, 0x1082, 0x1082, 0x1082, 0x1082, 0x1082, 0x1082, 0x1082,
        0x590B, 0x590B, 0x590B, 0x590B, 0x590B, 0x590B, 0x590B, 0x590B, 0x590B, 0x78A2, 0x78A2, 0x78A2,
        0x78A2, 0x78A2, 0x78A2, 0x78A2, 0x6A62, 0x6A62, 0x6A62, 0x6A62, 0x6A62, 0x6A62, 0x6A62, 0x6A62,
        0x6A62, 0x8C71, 0x8C71, 0x8C71, 0x8C71, 0x8C71, 0x8C71, 0x8C71, 0x3364, 0x3364, 0x3364, 0x3364,
        0x3364, 0x3364, 0x3364, 0x3364, 0x3364, 0x116F, 0x116F, 0x116F, 0x1991, 0x1991, 0x1991, 0x1991,
        0x230C, 0x230C, 0x230C, 0x230C, 0x230C, 0x230C, 0x230C, 0x230C, 0x230C, 0x1082, 0x1082, 0x1082,
        0x1082, 0x1082, 0x1082, 0x1082, 0x612C, 0x612C, 0x612C, 0x612C, 0x612C, 0x612C, 0x612C, 0x612C,
        0x612C, 0x88C3, 0x88C3, 0x88C3, 0x88C3, 0x88C3, 0x88C3, 0x88C3, 0x7AA3, 0x7AA3, 0x7AA3, 0x7AA3,
        0x7AA3, 0x7AA3, 0x7AA3, 0x7AA3, 0x7AA3, 0x9CF3, 0x9CF3, 0x9CF3, 0x9CF3, 0x9CF3, 0x9CF3, 0x9CF3,
        0x33C4, 0x33C4, 0x33C4, 0x33C4, 0x33C4, 0x33C4, 0x33C4, 0x33C4, 0x33C4, 0x1991, 0x1991, 0x1991,
        0x19B3, 0x19B3, 0x19B3, 0x19B3, 0x2B6D, 0x2B6D, 0x2B6D, 0x2B6D, 0x2B6D, 0x2B6D, 0x2B6D, 0x2B6D,
        0x2B6D, 0x10A2, 0x10A2, 0x10A2, 0x10A2, 0x10A2, 0x10A2, 0x10A2, 0x694D, 0x694D, 0x694D, 0x694D,
        0x694D, 0x694D, 0x694D, 0x694D, 0x694D, 0x98C3, 0x98C3, 0x98C3, 0x98C3, 0x98C3, 0x98C3, 0x98C3,
        0x82E3, 0x82E3, 0x82E3, 0x82E3, 0x82E3, 0x82E3, 0x82E3, 0x82E3, 0x82E3, 0xAD75, 0xAD75, 0xAD75,
        0xAD75, 0xAD75, 0xAD75, 0xAD75, 0x3C25, 0x3C25, 0x3C25, 0x3C25, 0x3C25, 0x3C25, 0x3C25, 0x3C25,
        0x3C25, 0x19B3, 0x19B3, 0x19B3, 0x19D5, 0x19D5, 0x19D5, 0x19D5, 0x2BAE, 0x2BAE, 0x2BAE, 0x2BAE,
        0x2BAE, 0x2BAE, 0x2BAE, 0x2BAE, 0x2BAE, 0x10A2, 0x10A2, 0x10A2, 0x10A2, 0x10A2, 0x10A2, 0x10A2,
        0x716E, 0x716E, 0x716E, 0x716E, 0x716E, 0x716E, 0x716E, 0x716E, 0x716E, 0xA8E3, 0xA8E3, 0xA8E3,
        0xA8E3, 0xA8E3, 0xA8E3, 0xA8E3, 0x9343, 0x9343, 0x9343, 0x9343, 0x9343, 0x9343, 0x9343, 0x9343,
        0x9343, 0xBDF7, 0xBDF7, 0xBDF7, 0xBDF7, 0xBDF7, 0xBDF7, 0xBDF7, 0x44A5, 0x44A5, 0x44A5, 0x44A5,
        0x44A5, 0x44A5, 0x44A5, 0x44A5, 0x44A5, 0x19D5, 0x19D5, 0x19D5, 0x2217, 0x2217, 0x2217, 0x2217,
        0x3410, 0x3410, 0x3410, 0x3410, 0x3410, 0x3410, 0x3410, 0x3410, 0x3410, 0x18C3, 0x18C3, 0x18C3,
        0x18C3, 0x18C3, 0x18C3, 0x18C3, 0x8190, 0x8190, 0x8190, 0x8190, 0x8190, 0x8190, 0x8190, 0x8190,
        0x8190, 0xB904, 0xB904, 0xB904, 0xB904, 0xB904, 0xB904, 0xB904, 0xA384, 0xA384, 0xA384, 0xA384,
        0xA384, 0xA384, 0xA384, 0xA384, 0xA384, 0xCE79, 0xCE79, 0xCE79, 0xCE79, 0xCE79, 0xCE79, 0xCE79,
        0x4D06, 0x4D06, 0x4D06, 0x4D06, 0x4D06, 0x4D06, 0x4D06, 0x4D06, 0x4D06, 0x2217, 0x2217, 0x2217,
        0x2239, 0x2239, 0x2239, 0x2239, 0x3451, 0x3451, 0x3451, 0x3451, 0x3451, 0x3451, 0x3451, 0x3451,
        0x3451, 0x18C3, 0x18C3, 0x18C3, 0x18C3, 0x18C3, 0x18C3, 0x18C3, 0x89B1, 0x89B1, 0x89B1, 0x89B1,
        0x89B1, 0x89B1, 0x89B1, 0x89B1, 0x89B1, 0xC904, 0xC904, 0xC904, 0xC904, 0xC904, 0xC904, 0xC904,
        0xABC4, 0xABC4, 0xABC4, 0xABC4, 0xABC4, 0xABC4, 0xABC4, 0xABC4, 0xABC4, 0xDEFB, 0xDEFB, 0xDEFB,
        0xDEFB, 0xDEFB, 0xDEFB, 0xDEFB, 0x4D66, 0x4D66, 0x4D66, 0x4D66, 0x4D66, 0x4D66, 0x4D66, 0x4D66,
        0x4D66, 0x2239, 0x2239, 0x2239, 0x225A, 0x225A, 0x225A, 0x225A, 0x3CB2, 0x3CB2, 0x3CB2, 0x3CB2,
        0x3CB2, 0x3CB2, 0x3CB2, 0x3CB2, 0x3CB2, 0x18E3, 0x18E3, 0x18E3, 0x18E3, 0x18E3, 0x18E3, 0x18E3,
        0x91D2, 0x91D2, 0x91D2, 0x91D2, 0x91D2, 0x91D2, 0x91D2, 0x91D2, 0x91D2, 0xD124, 0xD124, 0xD124,
        0xD124, 0xD124, 0xD124, 0xD124, 0xBC04, 0xBC04, 0xBC04, 0xBC04, 0xBC04, 0xBC04, 0xBC04, 0xBC04,
        0xBC04, 0xEF7D, 0xEF7D, 0xEF7D, 0xEF7D, 0xEF7D, 0xEF7D, 0xEF7D, 0x55C7, 0x55C7, 0x55C7, 0x55C7,
        0x55C7, 0x55C7, 0x55C7, 0x55C7, 0x55C7, 0x225A, 0x225A, 0x225A, 0x2A9C, 0x2A9C, 0x2A9C, 0x2A9C,
        0x3D14, 0x3D14, 0x3D14, 0x3D14, 0x3D14, 0x3D14, 0x3D14, 0x3D14, 0x3D14, 0x18E3, 0x18E3, 0x18E3,
        0x18E3, 0x18E3, 0x18E3, 0x18E3, 0xA1F4, 0xA1F4, 0xA1F4, 0xA1F4, 0xA1F4, 0xA1F4, 0xA1F4, 0xA1F4,
        0xA1F4, 0xE145, 0xE145, 0xE145, 0xE145, 0xE145, 0xE145, 0xE145, 0xCC65, 0xCC65, 0xCC65, 0xCC65,
        0xCC65, 0xCC65, 0xCC65, 0xCC65, 0xCC65, 0xFFFF, 0xFFFF, 0xFFFF, 0xFFFF, 0xFFFF, 0xFFFF, 0xFFFF,
        0x5E47, 0x5E47, 0x5E47, 0x5E47, 0x5E47, 0x5E47, 0x5E47, 0x5E47, 0x5E47, 0x2A9C, 0x2A9C, 0x2A9C,
        0xFF20, 0xFF20, 0xFF20, 0xFF20, 0xFF20, 0xFF20, 0xFF20, 0xFF20, 0xFF20, 0xFF20, 0xFF20, 0xFF20,
        0xFF20, 0xFF20, 0xFF20, 0xFF20, 0xFF20, 0xFF20, 0xFF20, 0xFF20, 0xFF20, 0xFF20, 0xFF20, 0xFF20,
        0xFF20, 0xFF20, 0xFF20, 0xFF20, 0xFF20, 0xFF20, 0xFF20, 0xFF20, 0xFF20, 0xFF20, 0xFF20, 0xFF20,
        0xFF20, 0xFF20, 0xFF20, 0xFF20, 0xFF20, 0xFF20, 0xFF20, 0xFF20, 0xFF20, 0xFF20, 0xFF20, 0xFF20,
        0xFF20, 0xFF20, 0xFF20, 0xFF20, 0xFF20, 0xFF20, 0xFF20, 0xFF20, 0xFF20, 0xFF20, 0xFF20, 0xFF20,
        0xFF20, 0xFF20, 0xFF20, 0xFF20, 0x1991, 0x1991, 0x1991, 0x1991, 0x230C, 0x230C, 0x230C, 0x230C,
        0x230C, 0x230C, 0x230C, 0x230C, 0x230C, 0x1082, 0x1082, 0x1082, 0x1082, 0x1082, 0x1082, 0x1082,
        0x612C, 0x612C, 0x612C, 0x612C, 0x612C, 0x612C, 0x612C, 0x612C, 0x612C, 0x88C3, 0x88C3, 0x88C3,
        0x88C3, 0x88C3, 0x88C3, 0x88C3, 0x7AA3, 0x7AA3, 0x7AA3, 0x7AA3, 0x7AA3, 0x7AA3, 0x7AA3, 0x7AA3,
        0x7AA3, 0x9CF3, 0x9CF3, 0x9CF3, 0x9CF3, 0x9CF3, 0x9CF3, 0x9CF3, 0x33C4, 0x33C4, 0x33C4, 0x33C4,
        0x33C4, 0x33C4, 0x33C4, 0x33C4, 0x33C4, 0x1991, 0x1991, 0x1991, 0x19B3, 0x19B3, 0x19B3, 0x19B3,
        0x2B6D, 0x2B6D, 0x2B6D, 0x2B6D, 0x2B6D, 0x2B6D, 0x2B6D, 0x2B6D, 0x2B6D, 0x10A2, 0x10A2, 0x10A2,
        0x10A2, 0x10A2, 0x10A2, 0x10A2, 0x694D, 0x694D, 0x694D, 0x694D, 0x694D, 0x694D, 0x694D, 0x694D,
        0x694D, 0x98C3, 0x98C3, 0x98C3, 0x98C3, 0x98C3, 0x98C3, 0x98C3, 0x82E3, 0x82E3, 0x82E3, 0x82E3,
        0x82E3, 0x82E3, 0x82E3, 0x82E3, 0x82E3, 0xAD75, 0xAD75, 0xAD75, 0xAD75, 0xAD75, 0xAD75, 0xAD75,
        0x3C25, 0x3C25, 0x3C25, 0x3C25, 0x3C25, 0x3C25, 0x3C25, 0x3C25, 0x3C25, 0x19B3, 0x19B3, 0x19B3,
        0x19D5, 0x19D5, 0x19D5, 0x19D5, 0x2BAE, 0x2BAE, 0x2BAE, 0x2BAE, 0x2BAE, 0x2BAE, 0x2BAE, 0x2BAE,
        0x2BAE, 0x10A2, 0x10A2, 0x10A2, 0x10A2, 0x10A2, 0x10A2, 0x10A2, 0x716E, 0x716E, 0x716E, 0x716E,
        0x716E, 0x716E, 0x716E, 0x716E, 0x716E, 0xA8E3, 0xA8E3, 0xA8E3, 0xA8E3, 0xA8E3, 0xA8E3, 0xA8E3,
        0x9343, 0x9343, 0x9343, 0x9343, 0x9343, 0x9343, 0x9343, 0x9343, 0x9343, 0xBDF7, 0xBDF7, 0xBDF7,
        0xBDF7, 0xBDF7, 0xBDF7, 0xBDF7, 0x44A5, 0x44A5, 0x44A5, 0x44A5, 0x44A5, 0x44A5, 0x44A5, 0x44A5,
        0x44A5, 0x19D5, 0x19D5, 0x19D5, 0x2217, 0x2217, 0x2217, 0x2217, 0x3410, 0x3410, 0x3410, 0x3410,
        0x3410, 0x3410, 0x3410, 0x3410, 0x3410, 0x18C3, 0x18C3, 0x18C3, 0x18C3, 0x18C3, 0x18C3, 0x18C3,
        0x8190, 0x8190, 0x8190, 0x8190, 0x8190, 0x8190, 0x8190, 0x8190, 0x8190, 0xB904, 0xB904, 0xB904,
        0xB904, 0xB904, 0xB904, 0xB904, 0xA384, 0xA384, 0xA384, 0xA384, 0xA384, 0xA384, 0xA384, 0xA384,
        0xA384, 0xCE79, 0xCE79, 0xCE79, 0xCE79, 0xCE79, 0xCE79, 0xCE79, 0x4D06, 0x4D06, 0x4D06, 0x4D06,
        0x4D06, 0x4D06, 0x4D06, 0x4D06, 0x4D06, 0x2217, 0x2217, 0x2217, 0x2239, 0x2239, 0x2239, 0x2239,
        0x3451, 0x3451, 0x3451, 0x3451, 0x3451, 0x3451, 0x3451, 0x3451, 0x3451, 0x18C3, 0x18C3, 0x18C3,
        0x18C3, 0x18C3, 0x18C3, 0x18C3, 0x89B1, 0x89B1, 0x89B1, 0x89B1, 0x89B1, 0x89B1, 0x89B1, 0x89B1,
        0x89B1, 0xC904, 0xC904, 0xC904, 0xC904, 0xC904, 0xC904, 0xC904, 0xABC4, 0xABC4, 0xABC4, 0xABC4,
        0xABC4, 0xABC4, 0xABC4, 0xABC4, 0xABC4, 0xDEFB, 0xDEFB, 0xDEFB, 0xDEFB, 0xDEFB, 0xDEFB, 0xDEFB,
        0x4D66, 0x4D66, 0x4D66, 0x4D66, 0x4D66, 0x4D66, 0x4D66, 0x4D66, 0x4D66, 0x2239, 0x2239, 0x2239,
        0x225A, 0x225A, 0x225A, 0x225A, 0x3CB2, 0x3CB2, 0x3CB2, 0x3CB2, 0x3CB2, 0x3CB2, 0x3CB2, 0x3CB2,
        0x3CB2, 0x18E3, 0x18E3, 0x18E3, 0x18E3, 0x18E3, 0x18E3, 0x18E3, 0x91D2, 0x91D2, 0x91D2, 0x91D2,
        0x91D2, 0x91D2, 0x91D2, 0x91D2, 0x91D2, 0xD124, 0xD124, 0xD124, 0xD124, 0xD124, 0xD124, 0xD124,
        0xBC04, 0xBC04, 0xBC04, 0xBC04, 0xBC04, 0xBC04, 0xBC04, 0xBC04, 0xBC04, 0xEF7D, 0xEF7D, 0xEF7D,
        0xEF7D, 0xEF7D, 0xEF7D, 0xEF7D, 0x55C7, 0x55C7, 0x55C7, 0x55C7, 0x55C7, 0x55C7, 0x55C7, 0x55C7,
        0x55C7, 0x225A, 0x225A, 0x225A, 0x2A9C, 0x2A9C, 0x2A9C, 0x2A9C, 0x3D14, 0x3D14, 0x3D14, 0x3D14,
        0x3D14, 0x3D14, 0x3D14, 0x3D14, 0x3D14, 0x18E3, 0x18E3, 0x18E3, 0x18E3, 0x18E3, 0x18E3, 0x18E3,
        0xA1F4, 0xA1F4, 0xA1F4, 0xA1F4, 0xA1F4, 0xA1F4, 0xA1F4, 0xA1F4, 0xA1F4, 0xE145, 0xE145, 0xE145,
        0xE145, 0xE145, 0xE145, 0xE145, 0xCC65, 0xCC65, 0xCC65, 0xCC65, 0xCC65, 0xCC65, 0xCC65, 0xCC65,
        0xCC65, 0xFFFF, 0xFFFF, 0xFFFF, 0xFFFF, 0xFFFF, 0xFFFF, 0xFFFF, 0x5E47, 0x5E47, 0x5E47, 0x5E47,
        0x5E47, 0x5E47, 0x5E47, 0x5E47, 0x5E47, 0x2A9C, 0x2A9C, 0x2A9C, 0x116F, 0x116F, 0x116F, 0x116F,
        0x22CB, 0x22CB, 0x22CB, 0x22CB, 0x22CB, 0x22CB, 0x22CB, 0x22CB, 0x22CB, 0x1082, 0x1082, 0x1082,
        0x1082, 0x1082, 0x1082, 0x1082, 0x590B, 0x590B, 0x590B, 0x590B, 0x590B, 0x590B, 0x590B, 0x590B,
        0x590B, 0x78A2, 0x78A2, 0x78A2, 0x78A2, 0x78A2, 0x78A2, 0x78A2, 0x6A62, 0x6A62, 0x6A62, 0x6A62,
        0x6A62, 0x6A62, 0x6A62, 0x6A62, 0x6A62, 0x8C71, 0x8C71, 0x8C71, 0x8C71, 0x8C71, 0x8C71, 0x8C71,
        0x3364, 0x3364, 0x3364, 0x3364, 0x3364, 0x3364, 0x3364, 0x3364, 0x3364, 0x116F, 0x116F, 0x116F,
        0x1991, 0x1991, 0x1991, 0x1991, 0x230C, 0x230C, 0x230C, 0x230C, 0x230C, 0x230C, 0x230C, 0x230C,
        0x230C, 0x1082, 0x1082, 0x1082, 0x1082, 0x1082, 0x1082, 0x1082, 0x612C, 0x612C, 0x612C, 0x612C,
        0x612C, 0x612C, 0x612C, 0x612C, 0x612C, 0x88C3, 0x88C3, 0x88C3, 0x88C3, 0x88C3, 0x88C3, 0x88C3,
        0x7AA3, 0x7AA3, 0x7AA3, 0x7AA3, 0x7AA3, 0x7AA3, 0x7AA3, 0x7AA3, 0x7AA3, 0x9CF3, 0x9CF3, 0x9CF3,
        0x9CF3, 0x9CF3, 0x9CF3, 0x9CF3, 0x33C4, 0x33C4, 0x33C4, 0x33C4, 0x33C4, 0x33C4, 0x33C4, 0x33C4,
        0x33C4, 0x1991, 0x1991, 0x1991, 0x19B3, 0x19B3, 0x19B3, 0x19B3, 0x2B6D, 0x2B6D, 0x2B6D, 0x2B6D,
        0x2B6D, 0x2B6D, 0x2B6D, 0x2B6D, 0x2B6D, 0x10A2, 0x10A2, 0x10A2, 0x10A2, 0x10A2, 0x10A2, 0x10A2,
        0x694D, 0x694D, 0x694D, 0x694D, 0x694D, 0x694D, 0x694D, 0x694D, 0x694D, 0x98C3, 0x98C3, 0x98C3,
        0x98C3, 0x98C3, 0x98C3, 0x98C3, 0x82E3, 0x82E3, 0x82E3, 0x82E3, 0x82E3, 0x82E3, 0x82E3, 0x82E3,
        0x82E3, 0xAD75, 0xAD75, 0xAD75, 0xAD75, 0xAD75, 0xAD75, 0xAD75, 0x3C25, 0x3C25, 0x3C25, 0x3C25,
        0x3C25, 0x3C25, 0x3C25, 0x3C25, 0x3C25, 0x19B3, 0x19B3, 0x19B3, 0x19D5, 0x19D5, 0x19D5, 0x19D5,
        0x2BAE, 0x2BAE, 0x2BAE, 0x2BAE, 0x2BAE, 0x2BAE, 0x2BAE, 0x2BAE, 0x2BAE, 0x10A2, 0x10A2, 0x10A2,
        0x10A2, 0x10A2, 0x10A2, 0x10A2, 0x716E, 0x716E, 0x716E, 0x716E, 0x716E, 0x716E, 0x716E, 0x716E,
        0x716E, 0xA8E3, 0xA8E3, 0xA8E3, 0xA8E3, 0xA8E3, 0xA8E3, 0xA8E3, 0x9343, 0x9343, 0x9343, 0x9343,
        0x9343, 0x9343, 0x9343, 0x9343, 0x9343, 0xBDF7, 0xBDF7, 0xBDF7, 0xBDF7, 0xBDF7, 0xBDF7, 0xBDF7,
        0x44A5, 0x44A5, 0x44A5, 0x44A5, 0x44A5, 0x44A5, 0x44A5, 0x44A5, 0x44A5, 0x19D5, 0x19D5, 0x19D5,
        0x2217, 0x2217, 0x2217, 0x2217, 0x3410, 0x3410, 0x3410, 0x3410, 0x3410, 0x3410, 0x3410, 0x3410,
        0x3410, 0x18C3, 0x18C3, 0x18C3, 0x18C3, 0x18C3, 0x18C3, 0x18C3, 0x8190, 0x8190, 0x8190, 0x8190,
        0x8190, 0x8190, 0x8190, 0x8190, 0x8190, 0xB904, 0xB904, 0xB904, 0xB904, 0xB904, 0xB904, 0xB904,
        0xA384, 0xA384, 0xA384, 0xA384, 0xA384, 0xA384, 0xA384, 0xA384, 0xA384, 0xCE79, 0xCE79, 0xCE79,
        0xCE79, 0xCE79, 0xCE79, 0xCE79, 0x4D06, 0x4D06, 0x4D06, 0x4D06, 0x4D06, 0x4D06, 0x4D06, 0x4D06,
        0x4D06, 0x2217, 0x2217, 0x2217, 0x2239, 0x2239, 0x2239, 0x2239, 0x3451, 0x3451, 0x3451, 0x3451,
        0x3451, 0x3451, 0x3451, 0x3451, 0x3451, 0x18C3, 0x18C3, 0x18C3, 0x18C3, 0x18C3, 0x18C3, 0x18C3,
        0x89B1, 0x89B1, 0x89B1, 0x89B1, 0x89B1, 0x89B1, 0x89B1, 0x89B1, 0x89B1, 0xC904, 0xC904, 0xC904,
        0xC904, 0xC904, 0xC904, 0xC904, 0xABC4, 0xABC4, 0xABC4, 0xABC4, 0xABC4, 0xABC4, 0xABC4, 0xABC4,
        0xABC4, 0xDEFB, 0xDEFB, 0xDEFB, 0xDEFB, 0xDEFB, 0xDEFB, 0xDEFB, 0x4D66, 0x4D66, 0x4D66, 0x4D66,
        0x4D66, 0x4D66, 0x4D66, 0x4D66, 0x4D66, 0x2239, 0x2239, 0x2239, 0x225A, 0x225A, 0x225A, 0x225A,
        0x3CB2, 0x3CB2, 0x3CB2, 0x3CB2, 0x3CB2, 0x3CB2, 0x3CB2, 0x3CB2, 0x3CB2, 0x18E3, 0x18E3, 0x18E3,
        0x18E3, 0x18E3, 0x18E3, 0x18E3, 0x91D2, 0x91D2, 0x91D2, 0x91D2, 0x91D2, 0x91D2, 0x91D2, 0x91D2,
        0x91D2, 0xD124, 0xD124, 0xD124, 0xD124, 0xD124, 0xD124, 0xD124, 0xBC04, 0xBC04, 0xBC04, 0xBC04,
        0xBC04, 0xBC04, 0xBC04, 0xBC04, 0xBC04, 0xEF7D, 0xEF7D, 0xEF7D, 0xEF7D, 0xEF7D, 0xEF7D, 0xEF7D,
        0x55C7, 0x55C7, 0x55C7, 0x55C7, 0x55C7, 0x55C7, 0x55C7, 0x55C7, 0x55C7, 0x225A, 0x225A, 0x225A,
        0x2A9C, 0x2A9C, 0x2A9C, 0x2A9C, 0x3D14, 0x3D14, 0x3D14, 0x3D14, 0x3D14, 0x3D14, 0x3D14, 0x3D14,
        0x3D14, 0x18E3, 0x18E3, 0x18E3, 0x18E3, 0x18E3, 0x18E3, 0x18E3, 0xA1F4, 0xA1F4, 0xA1F4, 0xA1F4,
        0xA1F4, 0xA1F4, 0xA1F4, 0xA1F4, 0xA1F4, 0xE145, 0xE145, 0xE145, 0xE145, 0xE145, 0xE145, 0xE145,
        0xCC65, 0xCC65, 0xCC65, 0xCC65, 0xCC65, 0xCC65, 0xCC65, 0xCC65, 0xCC65, 0xFFFF, 0xFFFF, 0xFFFF,
        0xFFFF, 0xFFFF, 0xFFFF, 0xFFFF, 0x5E47, 0x5E47, 0x5E47, 0x5E47, 0x5E47, 0x5E47, 0x5E47, 0x5E47,
        0x5E47, 0x2A9C, 0x2A9C, 0x2A9C, 0x8C68, 0x8C68, 0x9526, 0x9526, 0x9526, 0x9526, 0x8C83, 0x8BE1,
        0x8BE1, 0x8BE1, 0xB426, 0xB426, 0xB426, 0xB426, 0xBC03, 0xC3E1, 0xC3E1, 0xC3E1, 0xBCE1, 0xBCE1,
        0xBCE1, 0xBCE1, 0xC585, 0xCE09, 0xCE09, 0xCE09, 0x9D82, 0x9D82, 0x9D82, 0x9D82, 0x94E5, 0x8C68,
        0x19D4, 0x19D4, 0x2B8E, 0x2B8E, 0x2B8E, 0x2B8E, 0x2208, 0x10A2, 0x10A2, 0x10A2, 0x714E, 0x714E,
        0x714E, 0x714E, 0x8928, 0xA0E3, 0xA0E3, 0xA0E3, 0x8B23, 0x8B23, 0x8B23, 0x8B23, 0xA46D, 0xB5B6,
        0xB5B6, 0xB5B6, 0x4465, 0x4465, 0x4465, 0x4465, 0x2B2C, 0x19D4, 0x2218, 0x2218, 0x3430, 0x3430,
        0x3430, 0x3430, 0x228A, 0x18C3, 0x18C3, 0x18C3, 0x8190, 0x8190, 0x8190, 0x8190, 0xA14A, 0xC104,
        0xC104, 0xC104, 0xABA4, 0xABA4, 0xABA4, 0xABA4, 0xBD2F, 0xD6BA, 0xD6BA, 0xD6BA, 0x4D46, 0x4D46,
        0x4D46, 0x4D46, 0x33AF, 0x2218, 0x227B, 0x227B, 0x3CD3, 0x3CD3, 0x3CD3, 0x3CD3, 0x2AEB, 0x18E3,
        0x18E3, 0x18E3, 0x99D3, 0x99D3, 0x99D3, 0x99D3, 0xB98C, 0xD924, 0xD924, 0xD924, 0xC444, 0xC444,
        0xC444, 0xC444, 0xDE11, 0xF7BE, 0xF7BE, 0xF7BE, 0x5607, 0x5607, 0x5607, 0x5607, 0x3C51, 0x227B,
        0x1170, 0x1170, 0x22EB, 0x22EB, 0x22EB, 0x22EB, 0x19A6, 0x1082, 0x1082, 0x1082, 0x590B, 0x590B,
        0x590B, 0x590B, 0x70E7, 0x80A2, 0x80A2, 0x80A2, 0x7282, 0x7282, 0x7282, 0x7282, 0x838A, 0x94B2,
        0x94B2, 0x94B2, 0x33A4, 0x33A4, 0x33A4, 0x33A4, 0x228A, 0x1170, 0x19D4, 0x19D4, 0x2B8E, 0x2B8E,
        0x2B8E, 0x2B8E, 0x2208, 0x10A2, 0x10A2, 0x10A2, 0x714E, 0x714E, 0x714E, 0x714E, 0x8928, 0xA0E3,
        0xA0E3, 0xA0E3, 0x8B23, 0x8B23, 0x8B23, 0x8B23, 0xA46D, 0xB5B6, 0xB5B6, 0xB5B6, 0x4465, 0x4465,
        0x4465, 0x4465, 0x2B2C, 0x19D4, 0x2218, 0x2218, 0x3430, 0x3430, 0x3430, 0x3430, 0x228A, 0x18C3,
        0x18C3, 0x18C3, 0x8190, 0x8190, 0x8190, 0x8190, 0xA14A, 0xC104, 0xC104, 0xC104, 0xABA4, 0xABA4,
        0xABA4, 0xABA4, 0xBD2F, 0xD6BA, 0xD6BA, 0xD6BA, 0x4D46, 0x4D46, 0x4D46, 0x4D46, 0x33AF, 0x2218,
        0x227B, 0x227B, 0x3CD3, 0x3CD3, 0x3CD3, 0x3CD3, 0x2AEB, 0x18E3, 0x18E3, 0x18E3, 0x99D3, 0x99D3,
        0x99D3, 0x99D3, 0xB98C, 0xD924, 0xD924, 0xD924, 0xC444, 0xC444, 0xC444, 0xC444, 0xDE11, 0xF7BE,
        0xF7BE, 0xF7BE, 0x5607, 0x5607, 0x5607, 0x5607, 0x3C51, 0x227B, 0x8C68, 0x8C68, 0x9526, 0x9526,
        0x9526, 0x9526, 0x8C83, 0x8BE1, 0x8BE1, 0x8BE1, 0xB426, 0xB426, 0xB426, 0xB426, 0xBC03, 0xC3E1,
        0xC3E1, 0xC3E1, 0xBCE1, 0xBCE1, 0xBCE1, 0xBCE1, 0xC585, 0xCE09, 0xCE09, 0xCE09, 0x9D82, 0x9D82,
        0x9D82, 0x9D82, 0x94E5, 0x8C68, 0x19D4, 0x19D4, 0x2B8E, 0x2B8E, 0x2B8E, 0x2B8E, 0x2208, 0x10A2,
        0x10A2, 0x10A2, 0x714E, 0x714E, 0x714E, 0x714E, 0x8928, 0xA0E3, 0xA0E3, 0xA0E3, 0x8B23, 0x8B23,
        0x8B23, 0x8B23, 0xA46D, 0xB5B6, 0xB5B6, 0xB5B6, 0x4465, 0x4465, 0x4465, 0x4465, 0x2B2C, 0x19D4,
        0x2218, 0x2218, 0x3430, 0x3430, 0x3430, 0x3430, 0x228A, 0x18C3, 0x18C3, 0x18C3, 0x8190, 0x8190,
        0x8190, 0x8190, 0xA14A, 0xC104, 0xC104, 0xC104, 0xABA4, 0xABA4, 0xABA4, 0xABA4, 0xBD2F, 0xD6BA,
        0xD6BA, 0xD6BA, 0x4D46, 0x4D46, 0x4D46, 0x4D46, 0x33AF, 0x2218, 0x227B, 0x227B, 0x3CD3, 0x3CD3,
        0x3CD3, 0x3CD3, 0x2AEB, 0x18E3, 0x18E3, 0x18E3, 0x99D3, 0x99D3, 0x99D3, 0x99D3, 0xB98C, 0xD924,
        0xD924, 0xD924, 0xC444, 0xC444, 0xC444, 0xC444, 0xDE11, 0xF7BE, 0xF7BE, 0xF7BE, 0x5607, 0x5607,
        0x5607, 0x5607, 0x3C51, 0x227B, 0x1170, 0x1170, 0x22EB, 0x22EB, 0x22EB, 0x22EB, 0x19A6, 0x1082,
        0x1082, 0x1082, 0x590B, 0x590B, 0x590B, 0x590B, 0x70E7, 0x80A2, 0x80A2, 0x80A2, 0x7282, 0x7282,
        0x7282, 0x7282, 0x838A, 0x94B2, 0x94B2, 0x94B2, 0x33A4, 0x33A4, 0x33A4, 0x33A4, 0x228A, 0x1170,
        0x19D4, 0x19D4, 0x2B8E, 0x2B8E, 0x2B8E, 0x2B8E, 0x2208, 0x10A2, 0x10A2, 0x10A2, 0x714E, 0x714E,
        0x714E, 0x714E, 0x8928, 0xA0E3, 0xA0E3, 0xA0E3, 0x8B23, 0x8B23, 0x8B23, 0x8B23, 0xA46D, 0xB5B6,
        0xB5B6, 0xB5B6, 0x4465, 0x4465, 0x4465, 0x4465, 0x2B2C, 0x19D4, 0x2218, 0x2218, 0x3430, 0x3430,
        0x3430, 0x3430, 0x228A, 0x18C3, 0x18C3, 0x18C3, 0x8190, 0x8190, 0x8190, 0x8190, 0xA14A, 0xC104,
        0xC104, 0xC104, 0xABA4, 0xABA4, 0xABA4, 0xABA4, 0xBD2F, 0xD6BA, 0xD6BA, 0xD6BA, 0x4D46, 0x4D46,
        0x4D46, 0x4D46, 0x33AF, 0x2218, 0x227B, 0x227B, 0x3CD3, 0x3CD3, 0x3CD3, 0x3CD3, 0x2AEB, 0x18E3,
        0x18E3, 0x18E3, 0x99D3, 0x99D3, 0x99D3, 0x99D3, 0xB98C, 0xD924, 0xD924, 0xD924, 0xC444, 0xC444,
        0xC444, 0xC444, 0xDE11, 0xF7BE, 0xF7BE, 0xF7BE, 0x5607, 0x5607, 0x5607, 0x5607, 0x3C51, 0x227B,
        0x8C68, 0x8C68, 0x9526, 0x9526, 0x9526, 0x9526, 0x8C83, 0x8BE1, 0x8BE1, 0x8BE1, 0xB426, 0xB426,
        0xB426, 0xB426, 0xBC03, 0xC3E1, 0xC3E1, 0xC3E1, 0xBCE1, 0xBCE1, 0xBCE1, 0xBCE1, 0xC585, 0xCE09,
        0xCE09, 0xCE09, 0x9D82, 0x9D82, 0x9D82, 0x9D82, 0x94E5, 0x8C68, 0x19D4, 0x19D4, 0x2B8E, 0x2B8E,
        0x2B8E, 0x2B8E, 0x2208, 0x10A2, 0x10A2, 0x10A2, 0x714E, 0x714E, 0x714E, 0x714E, 0x8928, 0xA0E3,
        0xA0E3, 0xA0E3, 0x8B23, 0x8B23, 0x8B23, 0x8B23, 0xA46D, 0xB5B6, 0xB5B6, 0xB5B6, 0x4465, 0x4465,
        0x4465, 0x4465, 0x2B2C, 0x19D4, 0x2218, 0x2218, 0x3430, 0x3430, 0x3430, 0x3430, 0x228A, 0x18C3,
        0x18C3, 0x18C3, 0x8190, 0x8190, 0x8190, 0x8190, 0xA14A, 0xC104, 0xC104, 0xC104, 0xABA4, 0xABA4,
        0xABA4, 0xABA4, 0xBD2F, 0xD6BA, 0xD6BA, 0xD6BA, 0x4D46, 0x4D46, 0x4D46, 0x4D46, 0x33AF, 0x2218,
        0x227B, 0x227B, 0x3CD3, 0x3CD3, 0x3CD3, 0x3CD3, 0x2AEB, 0x18E3, 0x18E3, 0x18E3, 0x99D3, 0x99D3,
        0x99D3, 0x99D3, 0xB98C, 0xD924, 0xD924, 0xD924, 0xC444, 0xC444, 0xC444, 0xC444, 0xDE11, 0xF7BE,
        0xF7BE, 0xF7BE, 0x5607, 0x5607, 0x5607, 0x5607, 0x3C51, 0x227B, 0x1170, 0x1170, 0x22EB, 0x22EB,
        0x22EB, 0x22EB, 0x19A6, 0x1082, 0x1082, 0x1082, 0x590B, 0x590B, 0x590B, 0x590B, 0x70E7, 0x80A2,
        0x80A2, 0x80A2, 0x7282, 0x7282, 0x7282, 0x7282, 0x838A, 0x94B2, 0x94B2, 0x94B2, 0x33A4, 0x33A4,
        0x33A4, 0x33A4, 0x228A, 0x1170, 0x19D4, 0x19D4, 0x2B8E, 0x2B8E, 0x2B8E, 0x2B8E, 0x2208, 0x10A2,
        0x10A2, 0x10A2, 0x714E, 0x714E, 0x714E, 0x714E, 0x8928, 0xA0E3, 0xA0E3, 0xA0E3, 0x8B23, 0x8B23,
        0x8B23, 0x8B23, 0xA46D, 0xB5B6, 0xB5B6, 0xB5B6, 0x4465, 0x4465, 0x4465, 0x4465, 0x2B2C, 0x19D4,
        0x2218, 0x2218, 0x3430, 0x3430, 0x3430, 0x3430, 0x228A, 0x18C3, 0x18C3, 0x18C3, 0x8190, 0x8190,
        0x8190, 0x8190, 0xA14A, 0xC104, 0xC104, 0xC104, 0xABA4, 0xABA4, 0xABA4, 0xABA4, 0xBD2F, 0xD6BA,
        0xD6BA, 0xD6BA, 0x4D46, 0x4D46, 0x4D46, 0x4D46, 0x33AF, 0x2218, 0x227B, 0x227B, 0x3CD3, 0x3CD3,
        0x3CD3, 0x3CD3, 0x2AEB, 0x18E3, 0x18E3, 0x18E3, 0x99D3, 0x99D3, 0x99D3, 0x99D3, 0xB98C, 0xD924,
        0xD924, 0xD924, 0xC444, 0xC444, 0xC444, 0xC444, 0xDE11, 0xF7BE, 0xF7BE, 0xF7BE, 0x5607, 0x5607,
        0x5607, 0x5607, 0x3C51, 0x227B, 0x8C68, 0x8C68, 0x9526, 0x9526, 0x9526, 0x9526, 0x8C83, 0x8BE1,
        0x8BE1, 0x8BE1, 0xB426, 0xB426, 0xB426, 0xB426, 0xBC03, 0xC3E1, 0xC3E1, 0xC3E1, 0xBCE1, 0xBCE1,
        0xBCE1, 0xBCE1, 0xC585, 0xCE09, 0xCE09, 0xCE09, 0x9D82, 0x9D82, 0x9D82, 0x9D82, 0x94E5, 0x8C68,
        0x19D4, 0x19D4, 0x2B8E, 0x2B8E, 0x2B8E, 0x2B8E, 0x2208, 0x10A2, 0x10A2, 0x10A2, 0x714E, 0x714E,
        0x714E, 0x714E, 0x8928, 0xA0E3, 0xA0E3, 0xA0E3, 0x8B23, 0x8B23, 0x8B23, 0x8B23, 0xA46D, 0xB5B6,
        0xB5B6, 0xB5B6, 0x4465, 0x4465, 0x4465, 0x4465, 0x2B2C, 0x19D4, 0x2218, 0x2218, 0x3430, 0x3430,
        0x3430, 0x3430, 0x228A, 0x18C3, 0x18C3, 0x18C3, 0x8190, 0x8190, 0x8190, 0x8190, 0xA14A, 0xC104,
        0xC104, 0xC104, 0xABA4, 0xABA4, 0xABA4, 0xABA4, 0xBD2F, 0xD6BA, 0xD6BA, 0xD6BA, 0x4D46, 0x4D46,
        0x4D46, 0x4D46, 0x33AF, 0x2218, 0x227B, 0x227B, 0x3CD3, 0x3CD3, 0x3CD3, 0x3CD3, 0x2AEB, 0x18E3,
        0x18E3, 0x18E3, 0x99D3, 0x99D3, 0x99D3, 0x99D3, 0xB98C, 0xD924, 0xD924, 0xD924, 0xC444, 0xC444,
        0xC444, 0xC444, 0xDE11, 0xF7BE, 0xF7BE, 0xF7BE, 0x5607, 0x5607, 0x5607, 0x5607, 0x3C51, 0x227B,
        0x1170, 0x1170, 0x22EB, 0x22EB, 0x22EB, 0x22EB, 0x19A6, 0x1082, 0x1082, 0x1082, 0x590B, 0x590B,
        0x590B, 0x590B, 0x70E7, 0x80A2, 0x80A2, 0x80A2, 0x7282, 0x7282, 0x7282, 0x7282, 0x838A, 0x94B2,
        0x94B2, 0x94B2, 0x33A4, 0x33A4, 0x33A4, 0x33A4, 0x228A, 0x1170, 0x19D4, 0x19D4, 0x2B8E, 0x2B8E,
        0x2B8E, 0x2B8E, 0x2208, 0x10A2, 0x10A2, 0x10A2, 0x714E, 0x714E, 0x714E, 0x714E, 0x8928, 0xA0E3,
        0xA0E3, 0xA0E3, 0x8B23, 0x8B23, 0x8B23, 0x8B23, 0xA46D, 0xB5B6, 0xB5B6, 0xB5B6, 0x4465, 0x4465,
        0x4465, 0x4465, 0x2B2C, 0x19D4, 0x2218, 0x2218, 0x3430, 0x3430, 0x3430, 0x3430, 0x228A, 0x18C3,
        0x18C3, 0x18C3, 0x8190, 0x8190, 0x8190, 0x8190, 0xA14A, 0xC104, 0xC104, 0xC104, 0xABA4, 0xABA4,
        0xABA4, 0xABA4, 0xBD2F, 0xD6BA, 0xD6BA, 0xD6BA, 0x4D46, 0x4D46, 0x4D46, 0x4D46, 0x33AF, 0x2218,
        0x227B, 0x227B, 0x3CD3, 0x3CD3, 0x3CD3, 0x3CD3, 0x2AEB, 0x18E3, 0x18E3, 0x18E3, 0x99D3, 0x99D3,
        0x99D3, 0x99D3, 0xB98C, 0xD924, 0xD924, 0xD924, 0xC444, 0xC444, 0xC444, 0xC444, 0xDE11, 0xF7BE,
        0xF7BE, 0xF7BE, 0x5607, 0x5607, 0x5607, 0x5607, 0x3C51, 0x227B, 0x530E, 0x5C4A, 0x5C4A, 0x52C4,
        0x4A41, 0x92CA, 0x92CA, 0xAA84, 0xB262, 0xA402, 0xA402, 0xBD6C, 0xC5D0, 0x6CE3, 0x6CE3, 0x5B8B,
        0x225A, 0x3492, 0x3492, 0x21C7, 0x18C3, 0x91B2, 0x91B2, 0xC147, 0xD124, 0xB3E4, 0xB3E4, 0xDE76,
        0xE73C, 0x55A6, 0x55A6, 0x2B15, 0x19B2, 0x232C, 0x232C, 0x1945, 0x1082, 0x612C, 0x612C, 0x88E5,
        0x90C3, 0x82C3, 0x82C3, 0x9C90, 0xA534, 0x3C04, 0x3C04, 0x222F, 0x225A, 0x3492, 0x3492, 0x21C7,
        0x18C3, 0x91B2, 0x91B2, 0xC147, 0xD124, 0xB3E4, 0xB3E4, 0xDE76, 0xE73C, 0x55A6, 0x55A6, 0x2B15,
        0x530E, 0x5C4A, 0x5C4A, 0x52C4, 0x4A41, 0x92CA, 0x92CA, 0xAA84, 0xB262, 0xA402, 0xA402, 0xBD6C,
        0xC5D0, 0x6CE3, 0x6CE3, 0x5B8B, 0x225A, 0x3492, 0x3492, 0x21C7, 0x18C3, 0x91B2, 0x91B2, 0xC147,
        0xD124, 0xB3E4, 0xB3E4, 0xDE76, 0xE73C, 0x55A6, 0x55A6, 0x2B15, 0x19B2, 0x232C, 0x232C, 0x1945,
        0x1082, 0x612C, 0x612C, 0x88E5, 0x90C3, 0x82C3, 0x82C3, 0x9C90, 0xA534, 0x3C04, 0x3C04, 0x222F,
        0x225A, 0x3492, 0x3492, 0x21C7, 0x18C3, 0x91B2, 0x91B2, 0xC147, 0xD124, 0xB3E4, 0xB3E4, 0xDE76,
        0xE73C, 0x55A6, 0x55A6, 0x2B15, 0x530E, 0x5C4A, 0x5C4A, 0x52C4, 0x4A41, 0x92CA, 0x92CA, 0xAA84,
        0xB262, 0xA402, 0xA402, 0xBD6C, 0xC5D0, 0x6CE3, 0x6CE3, 0x5B8B, 0x225A, 0x3492, 0x3492, 0x21C7,
        0x18C3, 0x91B2, 0x91B2, 0xC147, 0xD124, 0xB3E4, 0xB3E4, 0xDE76, 0xE73C, 0x55A6, 0x55A6, 0x2B15,
        0x19B2, 0x232C, 0x232C, 0x1945, 0x1082, 0x612C, 0x612C, 0x88E5, 0x90C3, 0x82C3, 0x82C3, 0x9C90,
        0xA534, 0x3C04, 0x3C04, 0x222F, 0x225A, 0x3492, 0x3492, 0x21C7, 0x18C3, 0x91B2, 0x91B2, 0xC147,
        0xD124, 0xB3E4, 0xB3E4, 0xDE76, 0xE73C, 0x55A6, 0x55A6, 0x2B15, 0x530E, 0x5C4A, 0x5C4A, 0x52C4,
        0x4A41, 0x92CA, 0x92CA, 0xAA84, 0xB262, 0xA402, 0xA402, 0xBD6C, 0xC5D0, 0x6CE3, 0x6CE3, 0x5B8B,
        0x225A, 0x3492, 0x3492, 0x21C7, 0x18C3, 0x91B2, 0x91B2, 0xC147, 0xD124, 0xB3E4, 0xB3E4, 0xDE76,
        0xE73C, 0x55A6, 0x55A6, 0x2B15, 0x19B2, 0x232C, 0x232C, 0x1945, 0x1082, 0x612C, 0x612C, 0x88E5,
        0x90C3, 0x82C3, 0x82C3, 0x9C90, 0xA534, 0x3C04, 0x3C04, 0x222F, 0x225A, 0x3492, 0x3492, 0x21C7,
        0x18C3, 0x91B2, 0x91B2, 0xC147, 0xD124, 0xB3E4, 0xB3E4, 0xDE76, 0xE73C, 0x55A6, 0x55A6, 0x2B15,
        0x4391, 0x4349, 0x61E8, 0xA20A, 0xBAE3, 0xBCEA, 0x9DED, 0x544A, 0x22F2, 0x22AA, 0x4909, 0x914B,
        0xA223, 0xAC6B, 0x858F, 0x33CC, 0x4391, 0x4349, 0x61E8, 0xA20A, 0xBAE3, 0xBCEA, 0x9DED, 0x544A,
        0x22F2, 0x22AA, 0x4909, 0x914B, 0xA223, 0xAC6B, 0x858F, 0x33CC, 0x4391, 0x4349, 0x61E8, 0xA20A,
        0xBAE3, 0xBCEA, 0x9DED, 0x544A, 0x22F2, 0x22AA, 0x4909, 0x914B, 0xA223, 0xAC6B, 0x858F, 0x33CC,
        0x4391, 0x4349, 0x61E8, 0xA20A, 0xBAE3, 0xBCEA, 0x9DED, 0x544A, 0x22F2, 0x22AA, 0x4909, 0x914B,
        0xA223, 0xAC6B, 0x858F, 0x33CC, 0x332E, 0x7989, 0xB3A7, 0x6CED, 0x332E, 0x7989, 0xB3A7, 0x6CED,
        0x332E, 0x7989, 0xB3A7, 0x6CED, 0x332E, 0x7989, 0xB3A7, 0x6CED, 0x524B, 0x8C4A, 0x524B, 0x8C4A,
        0x734B,
    },
    {
        0xFF20, 0xFF20, 0xFF20, 0xFF20, 0xFF20, 0xFF20, 0xFF20, 0xFF20, 0xFF20, 0xFF20, 0xFF20, 0xFF20,
        0xFF20, 0xFF20, 0xFF20, 0xFF20, 0xFF20, 0xFF20, 0xFF20, 0xFF20, 0xFF20, 0xFF20, 0xFF20, 0xFF20,
        0xFF20, 0xFF20, 0xFF20, 0xFF20, 0xFF20, 0xFF20, 0xFF20, 0xFF20, 0xFF20, 0xFF20, 0xFF20, 0xFF20,
        0xFF20, 0xFF20, 0xFF20, 0xFF20, 0xFF20, 0xFF20, 0xFF20, 0xFF20, 0xFF20, 0xFF20, 0xFF20, 0xFF20,
        0xFF20, 0xFF20, 0xFF20, 0xFF20, 0xFF20, 0xFF20, 0xFF20, 0xFF20, 0xFF20, 0xFF20, 0xFF20, 0xFF20,
        0xFF20, 0xFF20, 0xFF20, 0xFF20, 0x1991, 0x1991, 0x1991, 0x1991, 0x230C, 0x230C, 0x230C, 0x230C,
        0x230C, 0x230C, 0x230C, 0x230C, 0x230C, 0x1082, 0x1082, 0x1082, 0x1082, 0x1082, 0x1082, 0x1082,
        0x612C, 0x612C, 0x612C, 0x612C, 0x612C, 0x612C, 0x612C, 0x612C, 0x612C, 0x88C3, 0x88C3, 0x88C3,
        0x88C3, 0x88C3, 0x88C3, 0x88C3, 0x7AA3, 0x7AA3, 0x7AA3, 0x7AA3, 0x7AA3, 0x7AA3, 0x7AA3, 0x7AA3,
        0x7AA3, 0x9CF3, 0x9CF3, 0x9CF3, 0x9CF3, 0x9CF3, 0x9CF3, 0x9CF3, 0x33C4, 0x33C4, 0x33C4, 0x33C4,
        0x33C4, 0x33C4, 0x33C4, 0x33C4, 0x33C4, 0x1991, 0x1991, 0x1991, 0x19B3, 0x19B3, 0x19B3, 0x19B3,
        0x2B6D, 0x2B6D, 0x2B6D, 0x2B6D, 0x2B6D, 0x2B6D, 0x2B6D, 0x2B6D, 0x2B6D, 0x10A2, 0x10A2, 0x10A2,
        0x10A2, 0x10A2, 0x10A2, 0x10A2, 0x694D, 0x694D, 0x694D, 0x694D, 0x694D, 0x694D, 0x694D, 0x694D,
        0x694D, 0x98C3, 0x98C3, 0x98C3, 0x98C3, 0x98C3, 0x98C3, 0x98C3, 0x82E3, 0x82E3, 0x82E3, 0x82E3,
        0x82E3, 0x82E3, 0x82E3, 0x82E3, 0x82E3, 0xAD75, 0xAD75, 0xAD75, 0xAD75, 0xAD75, 0xAD75, 0xAD75,
        0x3C25, 0x3C25, 0x3C25, 0x3C25, 0x3C25, 0x3C25, 0x3C25, 0x3C25, 0x3C25, 0x19B3, 0x19B3, 0x19B3,
        0x19D5, 0x19D5, 0x19D5, 0x19D5, 0x2BAE, 0x2BAE, 0x2BAE, 0x2BAE, 0x2BAE, 0x2BAE, 0x2BAE, 0x2BAE,
        0x2BAE, 0x10A2, 0x10A2, 0x10A2, 0x10A2, 0x10A2, 0x10A2, 0x10A2, 0x716E, 0x716E, 0x716E, 0x716E,
        0x716E, 0x716E, 0x716E, 0x716E, 0x716E, 0xA8E3, 0xA8E3, 0xA8E3, 0xA8E3, 0xA8E3, 0xA8E3, 0xA8E3,
        0x9343, 0x9343, 0x9343, 0x9343, 0x9343, 0x9343, 0x9343, 0x9343, 0x9343, 0xBDF7, 0xBDF7, 0xBDF7,
        0xBDF7, 0xBDF7, 0xBDF7, 0xBDF7, 0x44A5, 0x44A5, 0x44A5, 0x44A5, 0x44A5, 0x44A5, 0x44A5, 0x44A5,
        0x44A5, 0x19D5, 0x19D5, 0x19D5, 0x2217, 0x2217, 0x2217, 0x2217, 0x3410, 0x3410, 0x3410, 0x3410,
        0x3410, 0x3410, 0x3410, 0x3410, 0x3410, 0x18C3, 0x18C3, 0x18C3, 0x18C3, 0x18C3, 0x18C3, 0x18C3,
        0x8190, 0x8190, 0x8190, 0x8190, 0x8190, 0x8190, 0x8190, 0x8190, 0x8190, 0xB904, 0xB904, 0xB904,
        0xB904, 0xB904, 0xB904, 0xB904, 0xA384, 0xA384, 0xA384, 0xA384, 0xA384, 0xA384, 0xA384, 0xA384,
        0xA384, 0xCE79, 0xCE79, 0xCE79, 0xCE79, 0xCE79, 0xCE79, 0xCE79, 0x4D06, 0x4D06, 0x4D06, 0x4D06,
        0x4D06, 0x4D06, 0x4D06, 0x4D06, 0x4D06, 0x2217, 0x2217, 0x2217, 0x2239, 0x2239, 0x2239, 0x2239,
        0x3451, 0x3451, 0x3451, 0x3451, 0x3451, 0x3451, 0x3451, 0x3451, 0x3451, 0x18C3, 0x18C3, 0x18C3,
        0x18C3, 0x18C3, 0x18C3, 0x18C3, 0x89B1, 0x89B1, 0x89B1, 0x89B1, 0x89B1, 0x89B1, 0x89B1, 0x89B1,
        0x89B1, 0xC904, 0xC904, 0xC904, 0xC904, 0xC904, 0xC904, 0xC904, 0xABC4, 0xABC4, 0xABC4, 0xABC4,
        0xABC4, 0xABC4, 0xABC4, 0xABC4, 0xABC4, 0xDEFB, 0xDEFB, 0xDEFB, 0xDEFB, 0xDEFB, 0xDEFB, 0xDEFB,
        0x4D66, 0x4D66, 0x4D66, 0x4D66, 0x4D66, 0x4D66, 0x4D66, 0x4D66, 0x4D66, 0x2239, 0x2239, 0x2239,
        0x225A, 0x225A, 0x225A, 0x225A, 0x3CB2, 0x3CB2, 0x3CB2, 0x3CB2, 0x3CB2, 0x3CB2, 0x3CB2, 0x3CB2,
        0x3CB2, 0x18E3, 0x18E3, 0x18E3, 0x18E3, 0x18E3, 0x18E3, 0x18E3, 0x91D2, 0x91D2, 0x91D2, 0x91D2,
        0x91D2, 0x91D2, 0x91D2, 0x91D2, 0x91D2, 0xD124, 0xD124, 0xD124, 0xD124, 0xD124, 0xD124, 0xD124,
        0xBC04, 0xBC04, 0xBC04, 0xBC04, 0xBC04, 0xBC04, 0xBC04, 0xBC04, 0xBC04, 0xEF7D, 0xEF7D, 0xEF7D,
        0xEF7D, 0xEF7D, 0xEF7D, 0xEF7D, 0x55C7, 0x55C7, 0x55C7, 0x55C7, 0x55C7, 0x55C7, 0x55C7, 0x55C7,
        0x55C7, 0x225A, 0x225A, 0x225A, 0x2A9C, 0x2A9C, 0x2A9C, 0x2A9C, 0x3D14, 0x3D14, 0x3D14, 0x3D14,
        0x3D14, 0x3D14, 0x3D14, 0x3D14, 0x3D14, 0x18E3, 0x18E3, 0x18E3, 0x18E3, 0x18E3, 0x18E3, 0x18E3,
        0xA1F4, 0xA1F4, 0xA1F4, 0xA1F4, 0xA1F4, 0xA1F4, 0xA1F4, 0xA1F4, 0xA1F4, 0xE145, 0xE145, 0xE145,
        0xE145, 0xE145, 0xE145, 0xE145, 0xCC65, 0xCC65, 0xCC65, 0xCC65, 0xCC65, 0xCC65, 0xCC65, 0xCC65,
        0xCC65, 0xFFFF, 0xFFFF, 0xFFFF, 0xFFFF, 0xFFFF, 0xFFFF, 0xFFFF, 0x5E47, 0x5E47, 0x5E47, 0x5E47,
        0x5E47, 0x5E47, 0x5E47, 0x5E47, 0x5E47, 0x2A9C, 0x2A9C, 0x2A9C, 0x116F, 0x116F, 0x116F, 0x116F,
        0x22CB, 0x22CB, 0x22CB, 0x22CB, 0x22CB, 0x22CB, 0x22CB, 0x22CB, 0x22CB, 0x1082, 0x1082, 0x1082,
        0x1082, 0x1082, 0x1082, 0x1082, 0x590B, 0x590B, 0x590B, 0x590B, 0x590B, 0x590B, 0x590B, 0x590B,
        0x590B, 0x78A2, 0x78A2, 0x78A2, 0x78A2, 0x78A2, 0x78A2, 0x78A2, 0x6A62, 0x6A62, 0x6A62, 0x6A62,
        0x6A62, 0x6A62, 0x6A62, 0x6A62, 0x6A62, 0x8C71, 0x8C71, 0x8C71, 0x8C71, 0x8C71, 0x8C71, 0x8C71,
        0x3364, 0x3364, 0x3364, 0x3364, 0x3364, 0x3364, 0x3364, 0x3364, 0x3364, 0x116F, 0x116F, 0x116F,
        0x1991, 0x1991, 0x1991, 0x1991, 0x230C, 0x230C, 0x230C, 0x230C, 0x230C, 0x230C, 0x230C, 0x230C,
        0x230C, 0x1082, 0x1082, 0x1082, 0x1082, 0x1082, 0x1082, 0x1082, 0x612C, 0x612C, 0x612C, 0x612C,
        0x612C, 0x612C, 0x612C, 0x612C, 0x612C, 0x88C3, 0x88C3, 0x88C3, 0x88C3, 0x88C3, 0x88C3, 0x88C3,
        0x7AA3, 0x7AA3, 0x7AA3, 0x7AA3, 0x7AA3, 0x7AA3, 0x7AA3, 0x7AA3, 0x7AA3, 0x9CF3, 0x9CF3, 0x9CF3,
        0x9CF3, 0x9CF3, 0x9CF3, 0x9CF3, 0x33C4, 0x33C4, 0x33C4, 0x33C4, 0x33C4, 0x33C4, 0x33C4, 0x33C4,
        0x33C4, 0x1991, 0x1991, 0x1991, 0x19B3, 0x19B3, 0x19B3, 0x19B3, 0x2B6D, 0x2B6D, 0x2B6D, 0x2B6D,
        0x2B6D, 0x2B6D, 0x2B6D, 0x2B6D, 0x2B6D, 0x10A2, 0x10A2, 0x10A2, 0x10A2, 0x10A2, 0x10A2, 0x10A2,
        0x694D, 0x694D, 0x694D, 0x694D, 0x694D, 0x694D, 0x694D, 0x694D, 0x694D, 0x98C3, 0x98C3, 0x98C3,
        0x98C3, 0x98C3, 0x98C3, 0x98C3, 0x82E3, 0x82E3, 0x82E3, 0x82E3, 0x82E3, 0x82E3, 0x82E3, 0x82E3,
        0x82E3, 0xAD75, 0xAD75, 0xAD75, 0xAD75, 0xAD75, 0xAD75, 0xAD75, 0x3C25, 0x3C25, 0x3C25, 0x3C25,
        0x3C25, 0x3C25, 0x3C25, 0x3C25, 0x3C25, 0x19B3, 0x19B3, 0x19B3, 0x19D5, 0x19D5, 0x19D5, 0x19D5,
        0x2BAE, 0x2BAE, 0x2BAE, 0x2BAE, 0x2BAE, 0x2BAE, 0x2BAE, 0x2BAE, 0x2BAE, 0x10A2, 0x10A2, 0x10A2,
        0x10A2, 0x10A2, 0x10A2, 0x10A2, 0x716E, 0x716E, 0x716E, 0x716E, 0x716E, 0x716E, 0x716E, 0x716E,
        0x716E, 0xA8E3, 0xA8E3, 0xA8E3, 0xA8E3, 0xA8E3, 0xA8E3, 0xA8E3, 0x9343, 0x9343, 0x9343, 0x9343,
        0x9343, 0x9343, 0x9343, 0x9343, 0x9343, 0xBDF7, 0xBDF7, 0xBDF7, 0xBDF7, 0xBDF7, 0xBDF7, 0xBDF7,
        0x44A5, 0x44A5, 0x44A5, 0x44A5, 0x44A5, 0x44A5, 0x44A5, 0x44A5, 0x44A5, 0x19D5, 0x19D5, 0x19D5,
        0x2217, 0x2217, 0x2217, 0x2217, 0x3410, 0x3410, 0x3410, 0x3410, 0x3410, 0x3410, 0x3410, 0x3410,
        0x3410, 0x18C3, 0x18C3, 0x18C3, 0x18C3, 0x18C3, 0x18C3, 0x18C3, 0x8190, 0x8190, 0x8190, 0x8190,
        0x8190, 0x8190, 0x8190, 0x8190, 0x8190, 0xB904, 0xB904, 0xB904, 0xB904, 0xB904, 0xB904, 0xB904,
        0xA384, 0xA384, 0xA384, 0xA384, 0xA384, 0xA384, 0xA384, 0xA384, 0xA384, 0xCE79, 0xCE79, 0xCE79,
        0xCE79, 0xCE79, 0xCE79, 0xCE79, 0x4D06, 0x4D06, 0x4D06, 0x4D06, 0x4D06, 0x4D06, 0x4D06, 0x4D06,
        0x4D06, 0x2217, 0x2217, 0x2217, 0x2239, 0x2239, 0x2239, 0x2239, 0x3451, 0x3451, 0x3451, 0x3451,
        0x3451, 0x3451, 0x3451, 0x3451, 0x3451, 0x18C3, 0x18C3, 0x18C3, 0x18C3, 0x18C3, 0x18C3, 0x18C3,
        0x89B1, 0x89B1, 0x89B1, 0x89B1, 0x89B1, 0x89B1, 0x89B1, 0x89B1, 0x89B1, 0xC904, 0xC904, 0xC904,
        0xC904, 0xC904, 0xC904, 0xC904, 0xABC4, 0xABC4, 0xABC4, 0xABC4, 0xABC4, 0xABC4, 0xABC4, 0xABC4,
        0xABC4, 0xDEFB, 0xDEFB, 0xDEFB, 0xDEFB, 0xDEFB, 0xDEFB, 0xDEFB, 0x4D66, 0x4D66, 0x4D66, 0x4D66,
        0x4D66, 0x4D66, 0x4D66, 0x4D66, 0x4D66, 0x2239, 0x2239, 0x2239, 0x225A, 0x225A, 0x225A, 0x225A,
        0x3CB2, 0x3CB2, 0x3CB2, 0x3CB2, 0x3CB2, 0x3CB2, 0x3CB2, 0x3CB2, 0x3CB2, 0x18E3, 0x18E3, 0x18E3,
        0x18E3, 0x18E3, 0x18E3, 0x18E3, 0x91D2, 0x91D2, 0x91D2, 0x91D2, 0x91D2, 0x91D2, 0x91D2, 0x91D2,
        0x91D2, 0xD124, 0xD124, 0xD124, 0xD124, 0xD124, 0xD124, 0xD124, 0xBC04, 0xBC04, 0xBC04, 0xBC04,
        0xBC04, 0xBC04, 0xBC04, 0xBC04, 0xBC04, 0xEF7D, 0xEF7D, 0xEF7D, 0xEF7D, 0xEF7D, 0xEF7D, 0xEF7D,
        0x55C7, 0x55C7, 0x55C7, 0x55C7, 0x55C7, 0x55C7, 0x55C7, 0x55C7, 0x55C7, 0x225A, 0x225A, 0x225A,
        0x2A9C, 0x2A9C, 0x2A9C, 0x2A9C, 0x3D14, 0x3D14, 0x3D14, 0x3D14, 0x3D14, 0x3D14, 0x3D14, 0x3D14,
        0x3D14, 0x18E3, 0x18E3, 0x18E3, 0x18E3, 0x18E3, 0x18E3, 0x18E3, 0xA1F4, 0xA1F4, 0xA1F4, 0xA1F4,
        0xA1F4, 0xA1F4, 0xA1F4, 0xA1F4, 0xA1F4, 0xE145, 0xE145, 0xE145, 0xE145, 0xE145, 0xE145, 0xE145,
        0xCC65, 0xCC65, 0xCC65, 0xCC65, 0xCC65, 0xCC65, 0xCC65, 0xCC65, 0xCC65, 0xFFFF, 0xFFFF, 0xFFFF,
        0xFFFF, 0xFFFF, 0xFFFF, 0xFFFF, 0x5E47, 0x5E47, 0x5E47, 0x5E47, 0x5E47, 0x5E47, 0x5E47, 0x5E47,
        0x5E47, 0x2A9C, 0x2A9C, 0x2A9C, 0xFF20, 0xFF20, 0xFF20, 0xFF20, 0xFF20, 0xFF20, 0xFF20, 0xFF20,
        0xFF20, 0xFF20, 0xFF20, 0xFF20, 0xFF20, 0xFF20, 0xFF20, 0xFF20, 0xFF20, 0xFF20, 0xFF20, 0xFF20,
        0xFF20, 0xFF20, 0xFF20, 0xFF20, 0xFF20, 0xFF20, 0xFF20, 0xFF20, 0xFF20, 0xFF20, 0xFF20, 0xFF20,
        0xFF20, 0xFF20, 0xFF20, 0xFF20, 0xFF20, 0xFF20, 0xFF20, 0xFF20, 0xFF20, 0xFF20, 0xFF20, 0xFF20,
        0xFF20, 0xFF20, 0xFF20, 0xFF20, 0xFF20, 0xFF20, 0xFF20, 0xFF20, 0xFF20, 0xFF20, 0xFF20, 0xFF20,
        0xFF20, 0xFF20, 0xFF20, 0xFF20, 0xFF20, 0xFF20, 0xFF20, 0xFF20, 0x1991, 0x1991, 0x1991, 0x1991,
        0x230C, 0x230C, 0x230C, 0x230C, 0x230C, 0x230C, 0x230C, 0x230C, 0x230C, 0x1082, 0x1082, 0x1082,
        0x1082, 0x1082, 0x1082, 0x1082, 0x612C, 0x612C, 0x612C, 0x612C, 0x612C, 0x612C, 0x612C, 0x612C,
        0x612C, 0x88C3, 0x88C3, 0x88C3, 0x88C3, 0x88C3, 0x88C3, 0x88C3, 0x7AA3, 0x7AA3, 0x7AA3, 0x7AA3,
        0x7AA3, 0x7AA3, 0x7AA3, 0x7AA3, 0x7AA3, 0x9CF3, 0x9CF3, 0x9CF3, 0x9CF3, 0x9CF3, 0x9CF3, 0x9CF3,
        0x33C4, 0x33C4, 0x33C4, 0x33C4, 0x33C4, 0x33C4, 0x33C4, 0x33C4, 0x33C4, 0x1991, 0x1991, 0x1991,
        0x19B3, 0x19B3, 0x19B3, 0x19B3, 0x2B6D, 0x2B6D, 0x2B6D, 0x2B6D, 0x2B6D, 0x2B6D, 0x2B6D, 0x2B6D,
        0x2B6D, 0x10A2, 0x10A2, 0x10A2, 0x10A2, 0x10A2, 0x10A2, 0x10A2, 0x694D, 0x694D, 0x694D, 0x694D,
        0x694D, 0x694D, 0x694D, 0x694D, 0x694D, 0x98C3, 0x98C3, 0x98C3, 0x98C3, 0x98C3, 0x98C3, 0x98C3,
        0x82E3, 0x82E3, 0x82E3, 0x82E3, 0x82E3, 0x82E3, 0x82E3, 0x82E3, 0x82E3, 0xAD75, 0xAD75, 0xAD75,
        0xAD75, 0xAD75, 0xAD75, 0xAD75, 0x3C25, 0x3C25, 0x3C25, 0x3C25, 0x3C25, 0x3C25, 0x3C25, 0x3C25,
        0x3C25, 0x19B3, 0x19B3, 0x19B3, 0x19D5, 0x19D5, 0x19D5, 0x19D5, 0x2BAE, 0x2BAE, 0x2BAE, 0x2BAE,
        0x2BAE, 0x2BAE, 0x2BAE, 0x2BAE, 0x2BAE, 0x10A2, 0x10A2, 0x10A2, 0x10A2, 0x10A2, 0x10A2, 0x10A2,
        0x716E, 0x716E, 0x716E, 0x716E, 0x716E, 0x716E, 0x716E, 0x716E, 0x716E, 0xA8E3, 0xA8E3, 0xA8E3,
        0xA8E3, 0xA8E3, 0xA8E3, 0xA8E3, 0x9343, 0x9343, 0x9343, 0x9343, 0x9343, 0x9343, 0x9343, 0x9343,
        0x9343, 0xBDF7, 0xBDF7, 0xBDF7, 0xBDF7, 0xBDF7, 0xBDF7, 0xBDF7, 0x44A5, 0x44A5, 0x44A5, 0x44A5,
        0x44A5, 0x44A5, 0x44A5, 0x44A5, 0x44A5, 0x19D5, 0x19D5, 0x19D5, 0x2217, 0x2217, 0x2217, 0x2217,
        0x3410, 0x3410, 0x3410, 0x3410, 0x3410, 0x3410, 0x3410, 0x3410, 0x3410, 0x18C3, 0x18C3, 0x18C3,
        0x18C3, 0x18C3, 0x18C3, 0x18C3, 0x8190, 0x8190, 0x8190, 0x8190, 0x8190, 0x8190, 0x8190, 0x8190,
        0x8190, 0xB904, 0xB904, 0xB904, 0xB904, 0xB904, 0xB904, 0xB904, 0xA384, 0xA384, 0xA384, 0xA384,
        0xA384, 0xA384, 0xA384, 0xA384, 0xA384, 0xCE79, 0xCE79, 0xCE79, 0xCE79, 0xCE79, 0xCE79, 0xCE79,
        0x4D06, 0x4D06, 0x4D06, 0x4D06, 0x4D06, 0x4D06, 0x4D06, 0x4D06, 0x4D06, 0x2217, 0x2217, 0x2217,
        0x2239, 0x2239, 0x2239, 0x2239, 0x3451, 0x3451, 0x3451, 0x3451, 0x3451, 0x3451, 0x3451, 0x3451,
        0x3451, 0x18C3, 0x18C3, 0x18C3, 0x18C3, 0x18C3, 0x18C3, 0x18C3, 0x89B1, 0x89B1, 0x89B1, 0x89B1,
        0x89B1, 0x89B1, 0x89B1, 0x89B1, 0x89B1, 0xC904, 0xC904, 0xC904, 0xC904, 0xC904, 0xC904, 0xC904,
        0xABC4, 0xABC4, 0xABC4, 0xABC4, 0xABC4, 0xABC4, 0xABC4, 0xABC4, 0xABC4, 0xDEFB, 0xDEFB, 0xDEFB,
        0xDEFB, 0xDEFB, 0xDEFB, 0xDEFB, 0x4D66, 0x4D66, 0x4D66, 0x4D66, 0x4D66, 0x4D66, 0x4D66, 0x4D66,
        0x4D66, 0x2239, 0x2239, 0x2239, 0x225A, 0x225A, 0x225A, 0x225A, 0x3CB2, 0x3CB2, 0x3CB2, 0x3CB2,
        0x3CB2, 0x3CB2, 0x3CB2, 0x3CB2, 0x3CB2, 0x18E3, 0x18E3, 0x18E3, 0x18E3, 0x18E3, 0x18E3, 0x18E3,
        0x91D2, 0x91D2, 0x91D2, 0x91D2, 0x91D2, 0x91D2, 0x91D2, 0x91D2, 0x91D2, 0xD124, 0xD124, 0xD124,
        0xD124, 0xD124, 0xD124, 0xD124, 0xBC04, 0xBC04, 0xBC04, 0xBC04, 0xBC04, 0xBC04, 0xBC04, 0xBC04,
        0xBC04, 0xEF7D, 0xEF7D, 0xEF7D, 0xEF7D, 0xEF7D, 0xEF7D, 0xEF7D, 0x55C7, 0x55C7, 0x55C7, 0x55C7,
        0x55C7, 0x55C7, 0x55C7, 0x55C7, 0x55C7, 0x225A, 0x225A, 0x225A, 0x2A9C, 0x2A9C, 0x2A9C, 0x2A9C,
        0x3D14, 0x3D14, 0x3D14, 0x3D14, 0x3D14, 0x3D14, 0x3D14, 0x3D14, 0x3D14, 0x18E3, 0x18E3, 0x18E3,
        0x18E3, 0x18E3, 0x18E3, 0x18E3, 0xA1F4, 0xA1F4, 0xA1F4, 0xA1F4, 0xA1F4, 0xA1F4, 0xA1F4, 0xA1F4,
        0xA1F4, 0xE145, 0xE145, 0xE145, 0xE145, 0xE145, 0xE145, 0xE145, 0xCC65, 0xCC65, 0xCC65, 0xCC65,
        0xCC65, 0xCC65, 0xCC65, 0xCC65, 0xCC65, 0xFFFF, 0xFFFF, 0xFFFF, 0xFFFF, 0xFFFF, 0xFFFF, 0xFFFF,
        0x5E47, 0x5E47, 0x5E47, 0x5E47, 0x5E47, 0x5E47, 0x5E47, 0x5E47, 0x5E47, 0x2A9C, 0x2A9C, 0x2A9C,
        0x116F, 0x116F, 0x116F, 0x116F, 0x22CB, 0x22CB, 0x22CB, 0x22CB, 0x22CB, 0x22CB, 0x22CB, 0x22CB,
        0x22CB, 0x1082, 0x1082, 0x1082, 0x1082, 0x1082, 0x1082, 0x1082, 0x590B, 0x590B, 0x590B, 0x590B,
        0x590B, 0x590B, 0x590B, 0x590B, 0x590B, 0x78A2, 0x78A2, 0x78A2, 0x78A2, 0x78A2, 0x78A2, 0x78A2,
        0x6A62, 0x6A62, 0x6A62, 0x6A62, 0x6A62, 0x6A62, 0x6A62, 0x6A62, 0x6A62, 0x8C71, 0x8C71, 0x8C71,
        0x8C71, 0x8C71, 0x8C71, 0x8C71, 0x3364, 0x3364, 0x3364, 0x3364, 0x3364, 0x3364, 0x3364, 0x3364,
        0x3364, 0x116F, 0x116F, 0x116F, 0x1991, 0x1991, 0x1991, 0x1991, 0x230C, 0x230C, 0x230C, 0x230C,
        0x230C, 0x230C, 0x230C, 0x230C, 0x230C, 0x1082, 0x1082, 0x1082, 0x1082, 0x1082, 0x1082, 0x1082,
        0x612C, 0x612C, 0x612C, 0x612C, 0x612C, 0x612C, 0x612C, 0x612C, 0x612C, 0x88C3, 0x88C3, 0x88C3,
        0x88C3, 0x88C3, 0x88C3, 0x88C3, 0x7AA3, 0x7AA3, 0x7AA3, 0x7AA3, 0x7AA3, 0x7AA3, 0x7AA3, 0x7AA3,
        0x7AA3, 0x9CF3, 0x9CF3, 0x9CF3, 0x9CF3, 0x9CF3, 0x9CF3, 0x9CF3, 0x33C4, 0x33C4, 0x33C4, 0x33C4,
        0x33C4, 0x33C4, 0x33C4, 0x33C4, 0x33C4, 0x1991, 0x1991, 0x1991, 0x19B3, 0x19B3, 0x19B3, 0x19B3,
        0x2B6D, 0x2B6D, 0x2B6D, 0x2B6D, 0x2B6D, 0x2B6D, 0x2B6D, 0x2B6D, 0x2B6D, 0x10A2, 0x10A2, 0x10A2,
        0x10A2, 0x10A2, 0x10A2, 0x10A2, 0x694D, 0x694D, 0x694D, 0x694D, 0x694D, 0x694D, 0x694D, 0x694D,
        0x694D, 0x98C3, 0x98C3, 0x98C3, 0x98C3, 0x98C3, 0x98C3, 0x98C3, 0x82E3, 0x82E3, 0x82E3, 0x82E3,
        0x82E3, 0x82E3, 0x82E3, 0x82E3, 0x82E3, 0xAD75, 0xAD75, 0xAD75, 0xAD75, 0xAD75, 0xAD75, 0xAD75,
        0x3C25, 0x3C25, 0x3C25, 0x3C25, 0x3C25, 0x3C25, 0x3C25, 0x3C25, 0x3C25, 0x19B3, 0x19B3, 0x19B3,
        0x19D5, 0x19D5, 0x19D5, 0x19D5, 0x2BAE, 0x2BAE, 0x2BAE, 0x2BAE, 0x2BAE, 0x2BAE, 0x2BAE, 0x2BAE,
        0x2BAE, 0x10A2, 0x10A2, 0x10A2, 0x10A2, 0x10A2, 0x10A2, 0x10A2, 0x716E, 0x716E, 0x716E, 0x716E,
        0x716E, 0x716E, 0x716E, 0x716E, 0x716E, 0xA8E3, 0xA8E3, 0xA8E3, 0xA8E3, 0xA8E3, 0xA8E3, 0xA8E3,
        0x9343, 0x9343, 0x9343, 0x9343, 0x9343, 0x9343, 0x9343, 0x9343, 0x9343, 0xBDF7, 0xBDF7, 0xBDF7,
        0xBDF7, 0xBDF7, 0xBDF7, 0xBDF7, 0x44A5, 0x44A5, 0x44A5, 0x44A5, 0x44A5, 0x44A5, 0x44A5, 0x44A5,
        0x44A5, 0x19D5, 0x19D5, 0x19D5, 0x2217, 0x2217, 0x2217, 0x2217, 0x3410, 0x3410, 0x3410, 0x3410,
        0x3410, 0x3410, 0x3410, 0x3410, 0x3410, 0x18C3, 0x18C3, 0x18C3, 0x18C3, 0x18C3, 0x18C3, 0x18C3,
        0x8190, 0x8190, 0x8190, 0x8190, 0x8190, 0x8190, 0x8190, 0x8190, 0x8190, 0xB904, 0xB904, 0xB904,
        0xB904, 0xB904, 0xB904, 0xB904, 0xA384, 0xA384, 0xA384, 0xA384, 0xA384, 0xA384, 0xA384, 0xA384,
        0xA384, 0xCE79, 0xCE79, 0xCE79, 0xCE79, 0xCE79, 0xCE79, 0xCE79, 0x4D06, 0x4D06, 0x4D06, 0x4D06,
        0x4D06, 0x4D06, 0x4D06, 0x4D06, 0x4D06, 0x2217, 0x2217, 0x2217, 0x2239, 0x2239, 0x2239, 0x2239,
        0x3451, 0x3451, 0x3451, 0x3451, 0x3451, 0x3451, 0x3451, 0x3451, 0x3451, 0x18C3, 0x18C3, 0x18C3,
        0x18C3, 0x18C3, 0x18C3, 0x18C3, 0x89B1, 0x89B1, 0x89B1, 0x89B1, 0x89B1, 0x89B1, 0x89B1, 0x89B1,
        0x89B1, 0xC904, 0xC904, 0xC904, 0xC904, 0xC904, 0xC904, 0xC904, 0xABC4, 0xABC4, 0xABC4, 0xABC4,
        0xABC4, 0xABC4, 0xABC4, 0xABC4, 0xABC4, 0xDEFB, 0xDEFB, 0xDEFB, 0xDEFB, 0xDEFB, 0xDEFB, 0xDEFB,
        0x4D66, 0x4D66, 0x4D66, 0x4D66, 0x4D66, 0x4D66, 0x4D66, 0x4D66, 0x4D66, 0x2239, 0x2239, 0x2239,
        0x225A, 0x225A, 0x225A, 0x225A, 0x3CB2, 0x3CB2, 0x3CB2, 0x3CB2, 0x3CB2, 0x3CB2, 0x3CB2, 0x3CB2,
        0x3CB2, 0x18E3, 0x18E3, 0x18E3, 0x18E3, 0x18E3, 0x18E3, 0x18E3, 0x91D2, 0x91D2, 0x91D2, 0x91D2,
        0x91D2, 0x91D2, 0x91D2, 0x91D2, 0x91D2, 0xD124, 0xD124, 0xD124, 0xD124, 0xD124, 0xD124, 0xD124,
        0xBC04, 0xBC04, 0xBC04, 0xBC04, 0xBC04, 0xBC04, 0xBC04, 0xBC04, 0xBC04, 0xEF7D, 0xEF7D, 0xEF7D,
        0xEF7D, 0xEF7D, 0xEF7D, 0xEF7D, 0x55C7, 0x55C7, 0x55C7, 0x55C7, 0x55C7, 0x55C7, 0x55C7, 0x55C7,
        0x55C7, 0x225A, 0x225A, 0x225A, 0x2A9C, 0x2A9C, 0x2A9C, 0x2A9C, 0x3D14, 0x3D14, 0x3D14, 0x3D14,
        0x3D14, 0x3D14, 0x3D14, 0x3D14, 0x3D14, 0x18E3, 0x18E3, 0x18E3, 0x18E3, 0x18E3, 0x18E3, 0x18E3,
        0xA1F4, 0xA1F4, 0xA1F4, 0xA1F4, 0xA1F4, 0xA1F4, 0xA1F4, 0xA1F4, 0xA1F4, 0xE145, 0xE145, 0xE145,
        0xE145, 0xE145, 0xE145, 0xE145, 0xCC65, 0xCC65, 0xCC65, 0xCC65, 0xCC65, 0xCC65, 0xCC65, 0xCC65,
        0xCC65, 0xFFFF, 0xFFFF, 0xFFFF, 0xFFFF, 0xFFFF, 0xFFFF, 0xFFFF, 0x5E47, 0x5E47, 0x5E47, 0x5E47,
        0x5E47, 0x5E47, 0x5E47, 0x5E47, 0x5E47, 0x2A9C, 0x2A9C, 0x2A9C, 0xFF20, 0xFF20, 0xFF20, 0xFF20,
        0xFF20, 0xFF20, 0xFF20, 0xFF20, 0xFF20, 0xFF20, 0xFF20, 0xFF20, 0xFF20, 0xFF20, 0xFF20, 0xFF20,
        0xFF20, 0xFF20, 0xFF20, 0xFF20, 0xFF20, 0xFF20, 0xFF20, 0xFF20, 0xFF20, 0xFF20, 0xFF20, 0xFF20,
        0xFF20, 0xFF20, 0xFF20, 0xFF20, 0xFF20, 0xFF20, 0xFF20, 0xFF20, 0xFF20, 0xFF20, 0xFF20, 0xFF20,
        0xFF20, 0xFF20, 0xFF20, 0xFF20, 0xFF20, 0xFF20, 0xFF20, 0xFF20, 0xFF20, 0xFF20, 0xFF20, 0xFF20,
        0xFF20, 0xFF20, 0xFF20, 0xFF20, 0xFF20, 0xFF20, 0xFF20, 0xFF20, 0xFF20, 0xFF20, 0xFF20, 0xFF20,
        0x1991, 0x1991, 0x1991, 0x1991, 0x230C, 0x230C, 0x230C, 0x230C, 0x230C, 0x230C, 0x230C, 0x230C,
        0x230C, 0x1082, 0x1082, 0x1082, 0x1082, 0x1082, 0x1082, 0x1082, 0x612C, 0x612C, 0x612C, 0x612C,
        0x612C, 0x612C, 0x612C, 0x612C, 0x612C, 0x88C3, 0x88C3, 0x88C3, 0x88C3, 0x88C3, 0x88C3, 0x88C3,
        0x7AA3, 0x7AA3, 0x7AA3, 0x7AA3, 0x7AA3, 0x7AA3, 0x7AA3, 0x7AA3, 0x7AA3, 0x9CF3, 0x9CF3, 0x9CF3,
        0x9CF3, 0x9CF3, 0x9CF3, 0x9CF3, 0x33C4, 0x33C4, 0x33C4, 0x33C4, 0x33C4, 0x33C4, 0x33C4, 0x33C4,
        0x33C4, 0x1991, 0x1991, 0x1991, 0x19B3, 0x19B3, 0x19B3, 0x19B3, 0x2B6D, 0x2B6D, 0x2B6D, 0x2B6D,
        0x2B6D, 0x2B6D, 0x2B6D, 0x2B6D, 0x2B6D, 0x10A2, 0x10A2, 0x10A2, 0x10A2, 0x10A2, 0x10A2, 0x10A2,
        0x694D, 0x694D, 0x694D, 0x694D, 0x694D, 0x694D, 0x694D, 0x694D, 0x694D, 0x98C3, 0x98C3, 0x98C3,
        0x98C3, 0x98C3, 0x98C3, 0x98C3, 0x82E3, 0x82E3, 0x82E3, 0x82E3, 0x82E3, 0x82E3, 0x82E3, 0x82E3,
        0x82E3, 0xAD75, 0xAD75, 0xAD75, 0xAD75, 0xAD75, 0xAD75, 0xAD75, 0x3C25, 0x3C25, 0x3C25, 0x3C25,
        0x3C25, 0x3C25, 0x3C25, 0x3C25, 0x3C25, 0x19B3, 0x19B3, 0x19B3, 0x19D5, 0x19D5, 0x19D5, 0x19D5,
        0x2BAE, 0x2BAE, 0x2BAE, 0x2BAE, 0x2BAE, 0x2BAE, 0x2BAE, 0x2BAE, 0x2BAE, 0x10A2, 0x10A2, 0x10A2,
        0x10A2, 0x10A2, 0x10A2, 0x10A2, 0x716E, 0x716E, 0x716E, 0x716E, 0x716E, 0x716E, 0x716E, 0x716E,
        0x716E, 0xA8E3, 0xA8E3, 0xA8E3, 0xA8E3, 0xA8E3, 0xA8E3, 0xA8E3, 0x9343, 0x9343, 0x9343, 0x9343,
        0x9343, 0x9343, 0x9343, 0x9343, 0x9343, 0xBDF7, 0xBDF7, 0xBDF7, 0xBDF7, 0xBDF7, 0xBDF7, 0xBDF7,
        0x44A5, 0x44A5, 0x44A5, 0x44A5, 0x44A5, 0x44A5, 0x44A5, 0x44A5, 0x44A5, 0x19D5, 0x19D5, 0x19D5,
        0x2217, 0x2217, 0x2217, 0x2217, 0x3410, 0x3410, 0x3410, 0x3410, 0x3410, 0x3410, 0x3410, 0x3410,
        0x3410, 0x18C3, 0x18C3, 0x18C3, 0x18C3, 0x18C3, 0x18C3, 0x18C3, 0x8190, 0x8190, 0x8190, 0x8190,
        0x8190, 0x8190, 0x8190, 0x8190, 0x8190, 0xB904, 0xB904, 0xB904, 0xB904, 0xB904, 0xB904, 0xB904,
        0xA384, 0xA384, 0xA384, 0xA384, 0xA384, 0xA384, 0xA384, 0xA384, 0xA384, 0xCE79, 0xCE79, 0xCE79,
        0xCE79, 0xCE79, 0xCE79, 0xCE79, 0x4D06, 0x4D06, 0x4D06, 0x4D06, 0x4D06, 0x4D06, 0x4D06, 0x4D06,
        0x4D06, 0x2217, 0x2217, 0x2217, 0x2239, 0x2239, 0x2239, 0x2239, 0x3451, 0x3451, 0x3451, 0x3451,
        0x3451, 0x3451, 0x3451, 0x3451, 0x3451, 0x18C3, 0x18C3, 0x18C3, 0x18C3, 0x18C3, 0x18C3, 0x18C3,
        0x89B1, 0x89B1, 0x89B1, 0x89B1, 0x89B1, 0x89B1, 0x89B1, 0x89B1, 0x89B1, 0xC904, 0xC904, 0xC904,
        0xC904, 0xC904, 0xC904, 0xC904, 0xABC4, 0xABC4, 0xABC4, 0xABC4, 0xABC4, 0xABC4, 0xABC4, 0xABC4,
        0xABC4, 0xDEFB, 0xDEFB, 0xDEFB, 0xDEFB, 0xDEFB, 0xDEFB, 0xDEFB, 0x4D66, 0x4D66, 0x4D66, 0x4D66,
        0x4D66, 0x4D66, 0x4D66, 0x4D66, 0x4D66, 0x2239, 0x2239, 0x2239, 0x225A, 0x225A, 0x225A, 0x225A,
        0x3CB2, 0x3CB2, 0x3CB2, 0x3CB2, 0x3CB2, 0x3CB2, 0x3CB2, 0x3CB2, 0x3CB2, 0x18E3, 0x18E3, 0x18E3,
        0x18E3, 0x18E3, 0x18E3, 0x18E3, 0x91D2, 0x91D2, 0x91D2, 0x91D2, 0x91D2, 0x91D2, 0x91D2, 0x91D2,
        0x91D2, 0xD124, 0xD124, 0xD124, 0xD124, 0xD124, 0xD124, 0xD124, 0xBC04, 0xBC04, 0xBC04, 0xBC04,
        0xBC04, 0xBC04, 0xBC04, 0xBC04, 0xBC04, 0xEF7D, 0xEF7D, 0xEF7D, 0xEF7D, 0xEF7D, 0xEF7D, 0xEF7D,
        0x55C7, 0x55C7, 0x55C7, 0x55C7, 0x55C7, 0x55C7, 0x55C7, 0x55C7, 0x55C7, 0x225A, 0x225A, 0x225A,
        0x2A9C, 0x2A9C, 0x2A9C, 0x2A9C, 0x3D14, 0x3D14, 0x3D14, 0x3D14, 0x3D14, 0x3D14, 0x3D14, 0x3D14,
        0x3D14, 0x18E3, 0x18E3, 0x18E3, 0x18E3, 0x18E3, 0x18E3, 0x18E3, 0xA1F4, 0xA1F4, 0xA1F4, 0xA1F4,
        0xA1F4, 0xA1F4, 0xA1F4, 0xA1F4, 0xA1F4, 0xE145, 0xE145, 0xE145, 0xE145, 0xE145, 0xE145, 0xE145,
        0xCC65, 0xCC65, 0xCC65, 0xCC65, 0xCC65, 0xCC65, 0xCC65, 0xCC65, 0xCC65, 0xFFFF, 0xFFFF, 0xFFFF,
        0xFFFF, 0xFFFF, 0xFFFF, 0xFFFF, 0x5E47, 0x5E47, 0x5E47, 0x5E47, 0x5E47, 0x5E47, 0x5E47, 0x5E47,
        0x5E47, 0x2A9C, 0x2A9C, 0x2A9C, 0x116F, 0x116F, 0x116F, 0x116F, 0x22CB, 0x22CB, 0x22CB, 0x22CB,
        0x22CB, 0x22CB, 0x22CB, 0x22CB, 0x22CB, 0x1082, 0x1082, 0x1082, 0x1082, 0x1082, 0x1082, 0x1082,
        0x590B, 0x590B, 0x590B, 0x590B, 0x590B, 0x590B, 0x590B, 0x590B, 0x590B, 0x78A2, 0x78A2, 0x78A2,
        0x78A2, 0x78A2, 0x78A2, 0x78A2, 0x6A62, 0x6A62, 0x6A62, 0x6A62, 0x6A62, 0x6A62, 0x6A62, 0x6A62,
        0x6A62, 0x8C71, 0x8C71, 0x8C71, 0x8C71, 0x8C71, 0x8C71, 0x8C71, 0x3364, 0x3364, 0x3364, 0x3364,
        0x3364, 0x3364, 0x3364, 0x3364, 0x3364, 0x116F, 0x116F, 0x116F, 0x1991, 0x1991, 0x1991, 0x1991,
        0x230C, 0x230C, 0x230C, 0x230C, 0x230C, 0x230C, 0x230C, 0x230C, 0x230C, 0x1082, 0x1082, 0x1082,
        0x1082, 0x1082, 0x1082, 0x1082, 0x612C, 0x612C, 0x612C, 0x612C, 0x612C, 0x612C, 0x612C, 0x612C,
        0x612C, 0x88C3, 0x88C3, 0x88C3, 0x88C3, 0x88C3, 0x88C3, 0x88C3, 0x7AA3, 0x7AA3, 0x7AA3, 0x7AA3,
        0x7AA3, 0x7AA3, 0x7AA3, 0x7AA3, 0x7AA3, 0x9CF3, 0x9CF3, 0x9CF3, 0x9CF3, 0x9CF3, 0x9CF3, 0x9CF3,
        0x33C4, 0x33C4, 0x33C4, 0x33C4, 0x33C4, 0x33C4, 0x33C4, 0x33C4, 0x33C4, 0x1991, 0x1991, 0x1991,
        0x19B3, 0x19B3, 0x19B3, 0x19B3, 0x2B6D, 0x2B6D, 0x2B6D, 0x2B6D, 0x2B6D, 0x2B6D, 0x2B6D, 0x2B6D,
        0x2B6D, 0x10A2, 0x10A2, 0x10A2, 0x10A2, 0x10A2, 0x10A2, 0x10A2, 0x694D, 0x694D, 0x694D, 0x694D,
        0x694D, 0x694D, 0x694D, 0x694D, 0x694D, 0x98C3, 0x98C3, 0x98C3, 0x98C3, 0x98C3, 0x98C3, 0x98C3,
        0x82E3, 0x82E3, 0x82E3, 0x82E3, 0x82E3, 0x82E3, 0x82E3, 0x82E3, 0x82E3, 0xAD75, 0xAD75, 0xAD75,
        0xAD75, 0xAD75, 0xAD75, 0xAD75, 0x3C25, 0x3C25, 0x3C25, 0x3C25, 0x3C25, 0x3C25, 0x3C25, 0x3C25,
        0x3C25, 0x19B3, 0x19B3, 0x19B3, 0x19D5, 0x19D5, 0x19D5, 0x19D5, 0x2BAE, 0x2BAE, 0x2BAE, 0x2BAE,
        0x2BAE, 0x2BAE, 0x2BAE, 0x2BAE, 0x2BAE, 0x10A2, 0x10A2, 0x10A2, 0x10A2, 0x10A2, 0x10A2, 0x10A2,
        0x716E, 0x716E, 0x716E, 0x716E, 0x716E, 0x716E, 0x716E, 0x716E, 0x716E, 0xA8E3, 0xA8E3, 0xA8E3,
        0xA8E3, 0xA8E3, 0xA8E3, 0xA8E3, 0x9343, 0x9343, 0x9343, 0x9343, 0x9343, 0x9343, 0x9343, 0x9343,
        0x9343, 0xBDF7, 0xBDF7, 0xBDF7, 0xBDF7, 0xBDF7, 0xBDF7, 0xBDF7, 0x44A5, 0x44A5, 0x44A5, 0x44A5,
        0x44A5, 0x44A5, 0x44A5, 0x44A5, 0x44A5, 0x19D5, 0x19D5, 0x19D5, 0x2217, 0x2217, 0x2217, 0x2217,
        0x3410, 0x3410, 0x3410, 0x3410, 0x3410, 0x3410, 0x3410, 0x3410, 0x3410, 0x18C3, 0x18C3, 0x18C3,
        0x18C3, 0x18C3, 0x18C3, 0x18C3, 0x8190, 0x8190, 0x8190, 0x8190, 0x8190, 0x8190, 0x8190, 0x8190,
        0x8190, 0xB904, 0xB904, 0xB904, 0xB904, 0xB904, 0xB904, 0xB904, 0xA384, 0xA384, 0xA384, 0xA384,
        0xA384, 0xA384, 0xA384, 0xA384, 0xA384, 0xCE79, 0xCE79, 0xCE79, 0xCE79, 0xCE79, 0xCE79, 0xCE79,
        0x4D06, 0x4D06, 0x4D06, 0x4D06, 0x4D06, 0x4D06, 0x4D06, 0x4D06, 0x4D06, 0x2217, 0x2217, 0x2217,
        0x2239, 0x2239, 0x2239, 0x2239, 0x3451, 0x3451, 0x3451, 0x3451, 0x3451, 0x3451, 0x3451, 0x3451,
        0x3451, 0x18C3, 0x18C3, 0x18C3, 0x18C3, 0x18C3, 0x18C3, 0x18C3, 0x89B1, 0x89B1, 0x89B1, 0x89B1,
        0x89B1, 0x89B1, 0x89B1, 0x89B1, 0x89B1, 0xC904, 0xC904, 0xC904, 0xC904, 0xC904, 0xC904, 0xC904,
        0xABC4, 0xABC4, 0xABC4, 0xABC4, 0xABC4, 0xABC4, 0xABC4, 0xABC4, 0xABC4, 0xDEFB, 0xDEFB, 0xDEFB,
        0xDEFB, 0xDEFB, 0xDEFB, 0xDEFB, 0x4D66, 0x4D66, 0x4D66, 0x4D66, 0x4D66, 0x4D66, 0x4D66, 0x4D66,
        0x4D66, 0x2239, 0x2239, 0x2239, 0x225A, 0x225A, 0x225A, 0x225A, 0x3CB2, 0x3CB2, 0x3CB2, 0x3CB2,
        0x3CB2, 0x3CB2, 0x3CB2, 0x3CB2, 0x3CB2, 0x18E3, 0x18E3, 0x18E3, 0x18E3, 0x18E3, 0x18E3, 0x18E3,
        0x91D2, 0x91D2, 0x91D2, 0x91D2, 0x91D2, 0x91D2, 0x91D2, 0x91D2, 0x91D2, 0xD124, 0xD124, 0xD124,
        0xD124, 0xD124, 0xD124, 0xD124, 0xBC04, 0xBC04, 0xBC04, 0xBC04, 0xBC04, 0xBC04, 0xBC04, 0xBC04,
        0xBC04, 0xEF7D, 0xEF7D, 0xEF7D, 0xEF7D, 0xEF7D, 0xEF7D, 0xEF7D, 0x55C7, 0x55C7, 0x55C7, 0x55C7,
        0x55C7, 0x55C7, 0x55C7, 0x55C7, 0x55C7, 0x225A, 0x225A, 0x225A, 0x2A9C, 0x2A9C, 0x2A9C, 0x2A9C,
        0x3D14, 0x3D14, 0x3D14, 0x3D14, 0x3D14, 0x3D14, 0x3D14, 0x3D14, 0x3D14, 0x18E3, 0x18E3, 0x18E3,
        0x18E3, 0x18E3, 0x18E3, 0x18E3, 0xA1F4, 0xA1F4, 0xA1F4, 0xA1F4, 0xA1F4, 0xA1F4, 0xA1F4, 0xA1F4,
        0xA1F4, 0xE145, 0xE145, 0xE145, 0xE145, 0xE145, 0xE145, 0xE145, 0xCC65, 0xCC65, 0xCC65, 0xCC65,
        0xCC65, 0xCC65, 0xCC65, 0xCC65, 0xCC65, 0xFFFF, 0xFFFF, 0xFFFF, 0xFFFF, 0xFFFF, 0xFFFF, 0xFFFF,
        0x5E47, 0x5E47, 0x5E47, 0x5E47, 0x5E47, 0x5E47, 0x5E47, 0x5E47, 0x5E47, 0x2A9C, 0x2A9C, 0x2A9C,
        0xFF20, 0xFF20, 0xFF20, 0xFF20, 0xFF20, 0xFF20, 0xFF20, 0xFF20, 0xFF20, 0xFF20, 0xFF20, 0xFF20,
        0xFF20, 0xFF20, 0xFF20, 0xFF20, 0xFF20, 0xFF20, 0xFF20, 0xFF20, 0xFF20, 0xFF20, 0xFF20, 0xFF20,
        0xFF20, 0xFF20, 0xFF20, 0xFF20, 0xFF20, 0xFF20, 0xFF20, 0xFF20, 0xFF20, 0xFF20, 0xFF20, 0xFF20,
        0xFF20, 0xFF20, 0xFF20, 0xFF20, 0xFF20, 0xFF20, 0xFF20, 0xFF20, 0xFF20, 0xFF20, 0xFF20, 0xFF20,
        0xFF20, 0xFF20, 0xFF20, 0xFF20, 0xFF20, 0xFF20, 0xFF20, 0xFF20, 0xFF20, 0xFF20, 0xFF20, 0xFF20,
        0xFF20, 0xFF20, 0xFF20, 0xFF20, 0x1991, 0x1991, 0x1991, 0x1991, 0x230C, 0x230C, 0x230C, 0x230C,
        0x230C, 0x230C, 0x230C, 0x230C, 0x230C, 0x1082, 0x1082, 0x1082, 0x1082, 0x1082, 0x1082, 0x1082,
        0x612C, 0x612C, 0x612C, 0x612C, 0x612C, 0x612C, 0x612C, 0x612C, 0x612C, 0x88C3, 0x88C3, 0x88C3,
        0x88C3, 0x88C3, 0x88C3, 0x88C3, 0x7AA3, 0x7AA3, 0x7AA3, 0x7AA3, 0x7AA3, 0x7AA3, 0x7AA3, 0x7AA3,
        0x7AA3, 0x9CF3, 0x9CF3, 0x9CF3, 0x9CF3, 0x9CF3, 0x9CF3, 0x9CF3, 0x33C4, 0x33C4, 0x33C4, 0x33C4,
        0x33C4, 0x33C4, 0x33C4, 0x33C4, 0x33C4, 0x1991, 0x1991, 0x1991, 0x19B3, 0x19B3, 0x19B3, 0x19B3,
        0x2B6D, 0x2B6D, 0x2B6D, 0x2B6D, 0x2B6D, 0x2B6D, 0x2B6D, 0x2B6D, 0x2B6D, 0x10A2, 0x10A2, 0x10A2,
        0x10A2, 0x10A2, 0x10A2, 0x10A2, 0x694D, 0x694D, 0x694D, 0x694D, 0x694D, 0x694D, 0x694D, 0x694D,
        0x694D, 0x98C3, 0x98C3, 0x98C3, 0x98C3, 0x98C3, 0x98C3, 0x98C3, 0x82E3, 0x82E3, 0x82E3, 0x82E3,
        0x82E3, 0x82E3, 0x82E3, 0x82E3, 0x82E3, 0xAD75, 0xAD75, 0xAD75, 0xAD75, 0xAD75, 0xAD75, 0xAD75,
        0x3C25, 0x3C25, 0x3C25, 0x3C25, 0x3C25, 0x3C25, 0x3C25, 0x3C25, 0x3C25, 0x19B3, 0x19B3, 0x19B3,
        0x19D5, 0x19D5, 0x19D5, 0x19D5, 0x2BAE, 0x2BAE, 0x2BAE, 0x2BAE, 0x2BAE, 0x2BAE, 0x2BAE, 0x2BAE,
        0x2BAE, 0x10A2, 0x10A2, 0x10A2, 0x10A2, 0x10A2, 0x10A2, 0x10A2, 0x716E, 0x716E, 0x716E, 0x716E,
        0x716E, 0x716E, 0x716E, 0x716E, 0x716E, 0xA8E3, 0xA8E3, 0xA8E3, 0xA8E3, 0xA8E3, 0xA8E3, 0xA8E3,
        0x9343, 0x9343, 0x9343, 0x9343, 0x9343, 0x9343, 0x9343, 0x9343, 0x9343, 0xBDF7, 0xBDF7, 0xBDF7,
        0xBDF7, 0xBDF7, 0xBDF7, 0xBDF7, 0x44A5, 0x44A5, 0x44A5, 0x44A5, 0x44A5, 0x44A5, 0x44A5, 0x44A5,
        0x44A5, 0x19D5, 0x19D5, 0x19D5, 0x2217, 0x2217, 0x2217, 0x2217, 0x3410, 0x3410, 0x3410, 0x3410,
        0x3410, 0x3410, 0x3410, 0x3410, 0x3410, 0x18C3, 0x18C3, 0x18C3, 0x18C3, 0x18C3, 0x18C3, 0x18C3,
        0x8190, 0x8190, 0x8190, 0x8190, 0x8190, 0x8190, 0x8190, 0x8190, 0x8190, 0xB904, 0xB904, 0xB904,
        0xB904, 0xB904, 0xB904, 0xB904, 0xA384, 0xA384, 0xA384, 0xA384, 0xA384, 0xA384, 0xA384, 0xA384,
        0xA384, 0xCE79, 0xCE79, 0xCE79, 0xCE79, 0xCE79, 0xCE79, 0xCE79, 0x4D06, 0x4D06, 0x4D06, 0x4D06,
        0x4D06, 0x4D06, 0x4D06, 0x4D06, 0x4D06, 0x2217, 0x2217, 0x2217, 0x2239, 0x2239, 0x2239, 0x2239,
        0x3451, 0x3451, 0x3451, 0x3451, 0x3451, 0x3451, 0x3451, 0x3451, 0x3451, 0x18C3, 0x18C3, 0x18C3,
        0x18C3, 0x18C3, 0x18C3, 0x18C3, 0x89B1, 0x89B1, 0x89B1, 0x89B1, 0x89B1, 0x89B1, 0x89B1, 0x89B1,
        0x89B1, 0xC904, 0xC904, 0xC904, 0xC904, 0xC904, 0xC904, 0xC904, 0xABC4, 0xABC4, 0xABC4, 0xABC4,
        0xABC4, 0xABC4, 0xABC4, 0xABC4, 0xABC4, 0xDEFB, 0xDEFB, 0xDEFB, 0xDEFB, 0xDEFB, 0xDEFB, 0xDEFB,
        0x4D66, 0x4D66, 0x4D66, 0x4D66, 0x4D66, 0x4D66, 0x4D66, 0x4D66, 0x4D66, 0x2239, 0x2239, 0x2239,
        0x225A, 0x225A, 0x225A, 0x225A, 0x3CB2, 0x3CB2, 0x3CB2, 0x3CB2, 0x3CB2, 0x3CB2, 0x3CB2, 0x3CB2,
        0x3CB2, 0x18E3, 0x18E3, 0x18E3, 0x18E3, 0x18E3, 0x18E3, 0x18E3, 0x91D2, 0x91D2, 0x91D2, 0x91D2,
        0x91D2, 0x91D2, 0x91D2, 0x91D2, 0x91D2, 0xD124, 0xD124, 0xD124, 0xD124, 0xD124, 0xD124, 0xD124,
        0xBC04, 0xBC04, 0xBC04, 0xBC04, 0xBC04, 0xBC04, 0xBC04, 0xBC04, 0xBC04, 0xEF7D, 0xEF7D, 0xEF7D,
        0xEF7D, 0xEF7D, 0xEF7D, 0xEF7D, 0x55C7, 0x55C7, 0x55C7, 0x55C7, 0x55C7, 0x55C7, 0x55C7, 0x55C7,
        0x55C7, 0x225A, 0x225A, 0x225A, 0x2A9C, 0x2A9C, 0x2A9C, 0x2A9C, 0x3D14, 0x3D14, 0x3D14, 0x3D14,
        0x3D14, 0x3D14, 0x3D14, 0x3D14, 0x3D14, 0x18E3, 0x18E3, 0x18E3, 0x18E3, 0x18E3, 0x18E3, 0x18E3,
        0xA1F4, 0xA1F4, 0xA1F4, 0xA1F4, 0xA1F4, 0xA1F4, 0xA1F4, 0xA1F4, 0xA1F4, 0xE145, 0xE145, 0xE145,
        0xE145, 0xE145, 0xE145, 0xE145, 0xCC65, 0xCC65, 0xCC65, 0xCC65, 0xCC65, 0xCC65, 0xCC65, 0xCC65,
        0xCC65, 0xFFFF, 0xFFFF, 0xFFFF, 0xFFFF, 0xFFFF, 0xFFFF, 0xFFFF, 0x5E47, 0x5E47, 0x5E47, 0x5E47,
        0x5E47, 0x5E47, 0x5E47, 0x5E47, 0x5E47, 0x2A9C, 0x2A9C, 0x2A9C, 0x116F, 0x116F, 0x116F, 0x116F,
        0x22CB, 0x22CB, 0x22CB, 0x22CB, 0x22CB, 0x22CB, 0x22CB, 0x22CB, 0x22CB, 0x1082, 0x1082, 0x1082,
        0x1082, 0x1082, 0x1082, 0x1082, 0x590B, 0x590B, 0x590B, 0x590B, 0x590B, 0x590B, 0x590B, 0x590B,
        0x590B, 0x78A2, 0x78A2, 0x78A2, 0x78A2, 0x78A2, 0x78A2, 0x78A2, 0x6A62, 0x6A62, 0x6A62, 0x6A62,
        0x6A62, 0x6A62, 0x6A62, 0x6A62, 0x6A62, 0x8C71, 0x8C71, 0x8C71, 0x8C71, 0x8C71, 0x8C71, 0x8C71,
        0x3364, 0x3364, 0x3364, 0x3364, 0x3364, 0x3364, 0x3364, 0x3364, 0x3364, 0x116F, 0x116F, 0x116F,
        0x1991, 0x1991, 0x1991, 0x1991, 0x230C, 0x230C, 0x230C, 0x230C, 0x230C, 0x230C, 0x230C, 0x230C,
        0x230C, 0x1082, 0x1082, 0x1082, 0x1082, 0x1082, 0x1082, 0x1082, 0x612C, 0x612C, 0x612C, 0x612C,
        0x612C, 0x612C, 0x612C, 0x612C, 0x612C, 0x88C3, 0x88C3, 0x88C3, 0x88C3, 0x88C3, 0x88C3, 0x88C3,
        0x7AA3, 0x7AA3, 0x7AA3, 0x7AA3, 0x7AA3, 0x7AA3, 0x7AA3, 0x7AA3, 0x7AA3, 0x9CF3, 0x9CF3, 0x9CF3,
        0x9CF3, 0x9CF3, 0x9CF3, 0x9CF3, 0x33C4, 0x33C4, 0x33C4, 0x33C4, 0x33C4, 0x33C4, 0x33C4, 0x33C4,
        0x33C4, 0x1991, 0x1991, 0x1991, 0x19B3, 0x19B3, 0x19B3, 0x19B3, 0x2B6D, 0x2B6D, 0x2B6D, 0x2B6D,
        0x2B6D, 0x2B6D, 0x2B6D, 0x2B6D, 0x2B6D, 0x10A2, 0x10A2, 0x10A2, 0x10A2, 0x10A2, 0x10A2, 0x10A2,
        0x694D, 0x694D, 0x694D, 0x694D, 0x694D, 0x694D, 0x694D, 0x694D, 0x694D, 0x98C3, 0x98C3, 0x98C3,
        0x98C3, 0x98C3, 0x98C3, 0x98C3, 0x82E3, 0x82E3, 0x82E3, 0x82E3, 0x82E3, 0x82E3, 0x82E3, 0x82E3,
        0x82E3, 0xAD75, 0xAD75, 0xAD75, 0xAD75, 0xAD75, 0xAD75, 0xAD75, 0x3C25, 0x3C25, 0x3C25, 0x3C25,
        0x3C25, 0x3C25, 0x3C25, 0x3C25, 0x3C25, 0x19B3, 0x19B3, 0x19B3, 0x19D5, 0x19D5, 0x19D5, 0x19D5,
        0x2BAE, 0x2BAE, 0x2BAE, 0x2BAE, 0x2BAE, 0x2BAE, 0x2BAE, 0x2BAE, 0x2BAE, 0x10A2, 0x10A2, 0x10A2,
        0x10A2, 0x10A2, 0x10A2, 0x10A2, 0x716E, 0x716E, 0x716E, 0x716E, 0x716E, 0x716E, 0x716E, 0x716E,
        0x716E, 0xA8E3, 0xA8E3, 0xA8E3, 0xA8E3, 0xA8E3, 0xA8E3, 0xA8E3, 0x9343, 0x9343, 0x9343, 0x9343,
        0x9343, 0x9343, 0x9343, 0x9343, 0x9343, 0xBDF7, 0xBDF7, 0xBDF7, 0xBDF7, 0xBDF7, 0xBDF7, 0xBDF7,
        0x44A5, 0x44A5, 0x44A5, 0x44A5, 0x44A5, 0x44A5, 0x44A5, 0x44A5, 0x44A5, 0x19D5, 0x19D5, 0x19D5,
        0x2217, 0x2217, 0x2217, 0x2217, 0x3410, 0x3410, 0x3410, 0x3410, 0x3410, 0x3410, 0x3410, 0x3410,
        0x3410, 0x18C3, 0x18C3, 0x18C3, 0x18C3, 0x18C3, 0x18C3, 0x18C3, 0x8190, 0x8190, 0x8190, 0x8190,
        0x8190, 0x8190, 0x8190, 0x8190, 0x8190, 0xB904, 0xB904, 0xB904, 0xB904, 0xB904, 0xB904, 0xB904,
        0xA384, 0xA384, 0xA384, 0xA384, 0xA384, 0xA384, 0xA384, 0xA384, 0xA384, 0xCE79, 0xCE79, 0xCE79,
        0xCE79, 0xCE79, 0xCE79, 0xCE79, 0x4D06, 0x4D06, 0x4D06, 0x4D06, 0x4D06, 0x4D06, 0x4D06, 0x4D06,
        0x4D06, 0x2217, 0x2217, 0x2217, 0x2239, 0x2239, 0x2239, 0x2239, 0x3451, 0x3451, 0x3451, 0x3451,
        0x3451, 0x3451, 0x3451, 0x3451, 0x3451, 0x18C3, 0x18C3, 0x18C3, 0x18C3, 0x18C3, 0x18C3, 0x18C3,
        0x89B1, 0x89B1, 0x89B1, 0x89B1, 0x89B1, 0x89B1, 0x89B1, 0x89B1, 0x89B1, 0xC904, 0xC904, 0xC904,
        0xC904, 0xC904, 0xC904, 0xC904, 0xABC4, 0xABC4, 0xABC4, 0xABC4, 0xABC4, 0xABC4, 0xABC4, 0xABC4,
        0xABC4, 0xDEFB, 0xDEFB, 0xDEFB, 0xDEFB, 0xDEFB, 0xDEFB, 0xDEFB, 0x4D66, 0x4D66, 0x4D66, 0x4D66,
        0x4D66, 0x4D66, 0x4D66, 0x4D66, 0x4D66, 0x2239, 0x2239, 0x2239, 0x225A, 0x225A, 0x225A, 0x225A,
        0x3CB2, 0x3CB2, 0x3CB2, 0x3CB2, 0x3CB2, 0x3CB2, 0x3CB2, 0x3CB2, 0x3CB2, 0x18E3, 0x18E3, 0x18E3,
        0x18E3, 0x18E3, 0x18E3, 0x18E3, 0x91D2, 0x91D2, 0x91D2, 0x91D2, 0x91D2, 0x91D2, 0x91D2, 0x91D2,
        0x91D2, 0xD124, 0xD124, 0xD124, 0xD124, 0xD124, 0xD124, 0xD124, 0xBC04, 0xBC04, 0xBC04, 0xBC04,
        0xBC04, 0xBC04, 0xBC04, 0xBC04, 0xBC04, 0xEF7D, 0xEF7D, 0xEF7D, 0xEF7D, 0xEF7D, 0xEF7D, 0xEF7D,
        0x55C7, 0x55C7, 0x55C7, 0x55C7, 0x55C7, 0x55C7, 0x55C7, 0x55C7, 0x55C7, 0x225A, 0x225A, 0x225A,
        0x2A9C, 0x2A9C, 0x2A9C, 0x2A9C, 0x3D14, 0x3D14, 0x3D14, 0x3D14, 0x3D14, 0x3D14, 0x3D14, 0x3D14,
        0x3D14, 0x18E3, 0x18E3, 0x18E3, 0x18E3, 0x18E3, 0x18E3, 0x18E3, 0xA1F4, 0xA1F4, 0xA1F4, 0xA1F4,
        0xA1F4, 0xA1F4, 0xA1F4, 0xA1F4, 0xA1F4, 0xE145, 0xE145, 0xE145, 0xE145, 0xE145, 0xE145, 0xE145,
        0xCC65, 0xCC65, 0xCC65, 0xCC65, 0xCC65, 0xCC65, 0xCC65, 0xCC65, 0xCC65, 0xFFFF, 0xFFFF, 0xFFFF,
        0xFFFF, 0xFFFF, 0xFFFF, 0xFFFF, 0x5E47, 0x5E47, 0x5E47, 0x5E47, 0x5E47, 0x5E47, 0x5E47, 0x5E47,
        0x5E47, 0x2A9C, 0x2A9C, 0x2A9C, 0x8C68, 0x8C68, 0x9526, 0x9526, 0x9526, 0x9526, 0x8C83, 0x8BE1,
        0x8BE1, 0x8BE1, 0xB426, 0xB426, 0xB426, 0xB426, 0xBC03, 0xC3E1, 0xC3E1, 0xC3E1, 0xBCE1, 0xBCE1,
        0xBCE1, 0xBCE1, 0xC585, 0xCE09, 0xCE09, 0xCE09, 0x9D82, 0x9D82, 0x9D82, 0x9D82, 0x94E5, 0x8C68,
        0x19D4, 0x19D4, 0x2B8E, 0x2B8E, 0x2B8E, 0x2B8E, 0x2208, 0x10A2, 0x10A2, 0x10A2, 0x714E, 0x714E,
        0x714E, 0x714E, 0x8928, 0xA0E3, 0xA0E3, 0xA0E3, 0x8B23, 0x8B23, 0x8B23, 0x8B23, 0xA46D, 0xB5B6,
        0xB5B6, 0xB5B6, 0x4465, 0x4465, 0x4465, 0x4465, 0x2B2C, 0x19D4, 0x2218, 0x2218, 0x3430, 0x3430,
        0x3430, 0x3430, 0x228A, 0x18C3, 0x18C3, 0x18C3, 0x8190, 0x8190, 0x8190, 0x8190, 0xA14A, 0xC104,
        0xC104, 0xC104, 0xABA4, 0xABA4, 0xABA4, 0xABA4, 0xBD2F, 0xD6BA, 0xD6BA, 0xD6BA, 0x4D46, 0x4D46,
        0x4D46, 0x4D46, 0x33AF, 0x2218, 0x227B, 0x227B, 0x3CD3, 0x3CD3, 0x3CD3, 0x3CD3, 0x2AEB, 0x18E3,
        0x18E3, 0x18E3, 0x99D3, 0x99D3, 0x99D3, 0x99D3, 0xB98C, 0xD924, 0xD924, 0xD924, 0xC444, 0xC444,
        0xC444, 0xC444, 0xDE11, 0xF7BE, 0xF7BE, 0xF7BE, 0x5607, 0x5607, 0x5607, 0x5607, 0x3C51, 0x227B,
        0x1170, 0x1170, 0x22EB, 0x22EB, 0x22EB, 0x22EB, 0x19A6, 0x1082, 0x1082, 0x1082, 0x590B, 0x590B,
        0x590B, 0x590B, 0x70E7, 0x80A2, 0x80A2, 0x80A2, 0x7282, 0x7282, 0x7282, 0x7282, 0x838A, 0x94B2,
        0x94B2, 0x94B2, 0x33A4, 0x33A4, 0x33A4, 0x33A4, 0x228A, 0x1170, 0x19D4, 0x19D4, 0x2B8E, 0x2B8E,
        0x2B8E, 0x2B8E, 0x2208, 0x10A2, 0x10A2, 0x10A2, 0x714E, 0x714E, 0x714E, 0x714E, 0x8928, 0xA0E3,
        0xA0E3, 0xA0E3, 0x8B23, 0x8B23, 0x8B23, 0x8B23, 0xA46D, 0xB5B6, 0xB5B6, 0xB5B6, 0x4465, 0x4465,
        0x4465, 0x4465, 0x2B2C, 0x19D4, 0x2218, 0x2218, 0x3430, 0x3430, 0x3430, 0x3430, 0x228A, 0x18C3,
        0x18C3, 0x18C3, 0x8190, 0x8190, 0x8190, 0x8190, 0xA14A, 0xC104, 0xC104, 0xC104, 0xABA4, 0xABA4,
        0xABA4, 0xABA4, 0xBD2F, 0xD6BA, 0xD6BA, 0xD6BA, 0x4D46, 0x4D46, 0x4D46, 0x4D46, 0x33AF, 0x2218,
        0x227B, 0x227B, 0x3CD3, 0x3CD3, 0x3CD3, 0x3CD3, 0x2AEB, 0x18E3, 0x18E3, 0x18E3, 0x99D3, 0x99D3,
        0x99D3, 0x99D3, 0xB98C, 0xD924, 0xD924, 0xD924, 0xC444, 0xC444, 0xC444, 0xC444, 0xDE11, 0xF7BE,
        0xF7BE, 0xF7BE, 0x5607, 0x5607, 0x5607, 0x5607, 0x3C51, 0x227B, 0x8C68, 0x8C68, 0x9526, 0x9526,
        0x9526, 0x9526, 0x8C83, 0x8BE1, 0x8BE1, 0x8BE1, 0xB426, 0xB426, 0xB426, 0xB426, 0xBC03, 0xC3E1,
        0xC3E1, 0xC3E1, 0xBCE1, 0xBCE1, 0xBCE1, 0xBCE1, 0xC585, 0xCE09, 0xCE09, 0xCE09, 0x9D82, 0x9D82,
        0x9D82, 0x9D82, 0x94E5, 0x8C68, 0x19D4, 0x19D4, 0x2B8E, 0x2B8E, 0x2B8E, 0x2B8E, 0x2208, 0x10A2,
        0x10A2, 0x10A2, 0x714E, 0x714E, 0x714E, 0x714E, 0x8928, 0xA0E3, 0xA0E3, 0xA0E3, 0x8B23, 0x8B23,
        0x8B23, 0x8B23, 0xA46D, 0xB5B6, 0xB5B6, 0xB5B6, 0x4465, 0x4465, 0x4465, 0x4465, 0x2B2C, 0x19D4,
        0x2218, 0x2218, 0x3430, 0x3430, 0x3430, 0x3430, 0x228A, 0x18C3, 0x18C3, 0x18C3, 0x8190, 0x8190,
        0x8190, 0x8190, 0xA14A, 0xC104, 0xC104, 0xC104, 0xABA4, 0xABA4, 0xABA4, 0xABA4, 0xBD2F, 0xD6BA,
        0xD6BA, 0xD6BA, 0x4D46, 0x4D46, 0x4D46, 0x4D46, 0x33AF, 0x2218, 0x227B, 0x227B, 0x3CD3, 0x3CD3,
        0x3CD3, 0x3CD3, 0x2AEB, 0x18E3, 0x18E3, 0x18E3, 0x99D3, 0x99D3, 0x99D3, 0x99D3, 0xB98C, 0xD924,
        0xD924, 0xD924, 0xC444, 0xC444, 0xC444, 0xC444, 0xDE11, 0xF7BE, 0xF7BE, 0xF7BE, 0x5607, 0x5607,
        0x5607, 0x5607, 0x3C51, 0x227B, 0x1170, 0x1170, 0x22EB, 0x22EB, 0x22EB, 0x22EB, 0x19A6, 0x1082,
        0x1082, 0x1082, 0x590B, 0x590B, 0x590B, 0x590B, 0x70E7, 0x80A2, 0x80A2, 0x80A2, 0x7282, 0x7282,
        0x7282, 0x7282, 0x838A, 0x94B2, 0x94B2, 0x94B2, 0x33A4, 0x33A4, 0x33A4, 0x33A4, 0x228A, 0x1170,
        0x19D4, 0x19D4, 0x2B8E, 0x2B8E, 0x2B8E, 0x2B8E, 0x2208, 0x10A2, 0x10A2, 0x10A2, 0x714E, 0x714E,
        0x714E, 0x714E, 0x8928, 0xA0E3, 0xA0E3, 0xA0E3, 0x8B23, 0x8B23, 0x8B23, 0x8B23, 0xA46D, 0xB5B6,
        0xB5B6, 0xB5B6, 0x4465, 0x4465, 0x4465, 0x4465, 0x2B2C, 0x19D4, 0x2218, 0x2218, 0x3430, 0x3430,
        0x3430, 0x3430, 0x228A, 0x18C3, 0x18C3, 0x18C3, 0x8190, 0x8190, 0x8190, 0x8190, 0xA14A, 0xC104,
        0xC104, 0xC104, 0xABA4, 0xABA4, 0xABA4, 0xABA4, 0xBD2F, 0xD6BA, 0xD6BA, 0xD6BA, 0x4D46, 0x4D46,
        0x4D46, 0x4D46, 0x33AF, 0x2218, 0x227B, 0x227B, 0x3CD3, 0x3CD3, 0x3CD3, 0x3CD3, 0x2AEB, 0x18E3,
        0x18E3, 0x18E3, 0x99D3, 0x99D3, 0x99D3, 0x99D3, 0xB98C, 0xD924, 0xD924, 0xD924, 0xC444, 0xC444,
        0xC444, 0xC444, 0xDE11, 0xF7BE, 0xF7BE, 0xF7BE, 0x5607, 0x5607, 0x5607, 0x5607, 0x3C51, 0x227B,
        0x8C68, 0x8C68, 0x9526, 0x9526, 0x9526, 0x9526, 0x8C83, 0x8BE1, 0x8BE1, 0x8BE1, 0xB426, 0xB426,
        0xB426, 0xB426, 0xBC03, 0xC3E1, 0xC3E1, 0xC3E1, 0xBCE1, 0xBCE1, 0xBCE1, 0xBCE1, 0xC585, 0xCE09,
        0xCE09, 0xCE09, 0x9D82, 0x9D82, 0x9D82, 0x9D82, 0x94E5, 0x8C68, 0x19D4, 0x19D4, 0x2B8E, 0x2B8E,
        0x2B8E, 0x2B8E, 0x2208, 0x10A2, 0x10A2, 0x10A2, 0x714E, 0x714E, 0x714E, 0x714E, 0x8928, 0xA0E3,
        0xA0E3, 0xA0E3, 0x8B23, 0x8B23, 0x8B23, 0x8B23, 0xA46D, 0xB5B6, 0xB5B6, 0xB5B6, 0x4465, 0x4465,
        0x4465, 0x4465, 0x2B2C, 0x19D4, 0x2218, 0x2218, 0x3430, 0x3430, 0x3430, 0x3430, 0x228A, 0x18C3,
        0x18C3, 0x18C3, 0x8190, 0x8190, 0x8190, 0x8190, 0xA14A, 0xC104, 0xC104, 0xC104, 0xABA4, 0xABA4,
        0xABA4, 0xABA4, 0xBD2F, 0xD6BA, 0xD6BA, 0xD6BA, 0x4D46, 0x4D46, 0x4D46, 0x4D46, 0x33AF, 0x2218,
        0x227B, 0x227B, 0x3CD3, 0x3CD3, 0x3CD3, 0x3CD3, 0x2AEB, 0x18E3, 0x18E3, 0x18E3, 0x99D3, 0x99D3,
        0x99D3, 0x99D3, 0xB98C, 0xD924, 0xD924, 0xD924, 0xC444, 0xC444, 0xC444, 0xC444, 0xDE11, 0xF7BE,
        0xF7BE, 0xF7BE, 0x5607, 0x5607, 0x5607, 0x5607, 0x3C51, 0x227B, 0x1170, 0x1170, 0x22EB, 0x22EB,
        0x22EB, 0x22EB, 0x19A6, 0x1082, 0x1082, 0x1082, 0x590B, 0x590B, 0x590B, 0x590B, 0x70E7, 0x80A2,
        0x80A2, 0x80A2, 0x7282, 0x7282, 0x7282, 0x7282, 0x838A, 0x94B2, 0x94B2, 0x94B2, 0x33A4, 0x33A4,
        0x33A4, 0x33A4, 0x228A, 0x1170, 0x19D4, 0x19D4, 0x2B8E, 0x2B8E, 0x2B8E, 0x2B8E, 0x2208, 0x10A2,
        0x10A2, 0x10A2, 0x714E, 0x714E, 0x714E, 0x714E, 0x8928, 0xA0E3, 0xA0E3, 0xA0E3, 0x8B23, 0x8B23,
        0x8B23, 0x8B23, 0xA46D, 0xB5B6, 0xB5B6, 0xB5B6, 0x4465, 0x4465, 0x4465, 0x4465, 0x2B2C, 0x19D4,
        0x2218, 0x2218, 0x3430, 0x3430, 0x3430, 0x3430, 0x228A, 0x18C3, 0x18C3, 0x18C3, 0x8190, 0x8190,
        0x8190, 0x8190, 0xA14A, 0xC104, 0xC104, 0xC104, 0xABA4, 0xABA4, 0xABA4, 0xABA4, 0xBD2F, 0xD6BA,
        0xD6BA, 0xD6BA, 0x4D46, 0x4D46, 0x4D46, 0x4D46, 0x33AF, 0x2218, 0x227B, 0x227B, 0x3CD3, 0x3CD3,
        0x3CD3, 0x3CD3, 0x2AEB, 0x18E3, 0x18E3, 0x18E3, 0x99D3, 0x99D3, 0x99D3, 0x99D3, 0xB98C, 0xD924,
        0xD924, 0xD924, 0xC444, 0xC444, 0xC444, 0xC444, 0xDE11, 0xF7BE, 0xF7BE, 0xF7BE, 0x5607, 0x5607,
        0x5607, 0x5607, 0x3C51, 0x227B, 0x8C68, 0x8C68, 0x9526, 0x9526, 0x9526, 0x9526, 0x8C83, 0x8BE1,
        0x8BE1, 0x8BE1, 0xB426, 0xB426, 0xB426, 0xB426, 0xBC03, 0xC3E1, 0xC3E1, 0xC3E1, 0xBCE1, 0xBCE1,
        0xBCE1, 0xBCE1, 0xC585, 0xCE09, 0xCE09, 0xCE09, 0x9D82, 0x9D82, 0x9D82, 0x9D82, 0x94E5, 0x8C68,
        0x19D4, 0x19D4, 0x2B8E, 0x2B8E, 0x2B8E, 0x2B8E, 0x2208, 0x10A2, 0x10A2, 0x10A2, 0x714E, 0x714E,
        0x714E, 0x714E, 0x8928, 0xA0E3, 0xA0E3, 0xA0E3, 0x8B23, 0x8B23, 0x8B23, 0x8B23, 0xA46D, 0xB5B6,
        0xB5B6, 0xB5B6, 0x4465, 0x4465, 0x4465, 0x4465, 0x2B2C, 0x19D4, 0x2218, 0x2218, 0x3430, 0x3430,
        0x3430, 0x3430, 0x228A, 0x18C3, 0x18C3, 0x18C3, 0x8190, 0x8190, 0x8190, 0x8190, 0xA14A, 0xC104,
        0xC104, 0xC104, 0xABA4, 0xABA4, 0xABA4, 0xABA4, 0xBD2F, 0xD6BA, 0xD6BA, 0xD6BA, 0x4D46, 0x4D46,
        0x4D46, 0x4D46, 0x33AF, 0x2218, 0x227B, 0x227B, 0x3CD3, 0x3CD3, 0x3CD3, 0x3CD3, 0x2AEB, 0x18E3,
        0x18E3, 0x18E3, 0x99D3, 0x99D3, 0x99D3, 0x99D3, 0xB98C, 0xD924, 0xD924, 0xD924, 0xC444, 0xC444,
        0xC444, 0xC444, 0xDE11, 0xF7BE, 0xF7BE, 0xF7BE, 0x5607, 0x5607, 0x5607, 0x5607, 0x3C51, 0x227B,
        0x1170, 0x1170, 0x22EB, 0x22EB, 0x22EB, 0x22EB, 0x19A6, 0x1082, 0x1082, 0x1082, 0x590B, 0x590B,
        0x590B, 0x590B, 0x70E7, 0x80A2, 0x80A2, 0x80A2, 0x7282, 0x7282, 0x7282, 0x7282, 0x838A, 0x94B2,
        0x94B2, 0x94B2, 0x33A4, 0x33A4, 0x33A4, 0x33A4, 0x228A, 0x1170, 0x19D4, 0x19D4, 0x2B8E, 0x2B8E,
        0x2B8E, 0x2B8E, 0x2208, 0x10A2, 0x10A2, 0x10A2, 0x714E, 0x714E, 0x714E, 0x714E, 0x8928, 0xA0E3,
        0xA0E3, 0xA0E3, 0x8B23, 0x8B23, 0x8B23, 0x8B23, 0xA46D, 0xB5B6, 0xB5B6, 0xB5B6, 0x4465, 0x4465,
        0x4465, 0x4465, 0x2B2C, 0x19D4, 0x2218, 0x2218, 0x3430, 0x3430, 0x3430, 0x3430, 0x228A, 0x18C3,
        0x18C3, 0x18C3, 0x8190, 0x8190, 0x8190, 0x8190, 0xA14A, 0xC104, 0xC104, 0xC104, 0xABA4, 0xABA4,
        0xABA4, 0xABA4, 0xBD2F, 0xD6BA, 0xD6BA, 0xD6BA, 0x4D46, 0x4D46, 0x4D46, 0x4D46, 0x33AF, 0x2218,
        0x227B, 0x227B, 0x3CD3, 0x3CD3, 0x3CD3, 0x3CD3, 0x2AEB, 0x18E3, 0x18E3, 0x18E3, 0x99D3, 0x99D3,
        0x99D3, 0x99D3, 0xB98C, 0xD924, 0xD924, 0xD924, 0xC444, 0xC444, 0xC444, 0xC444, 0xDE11, 0xF7BE,
        0xF7BE, 0xF7BE, 0x5607, 0x5607, 0x5607, 0x5607, 0x3C51, 0x227B, 0x530E, 0x5C4A, 0x5C4A, 0x52C4,
        0x4A41, 0x92CA, 0x92CA, 0xAA84, 0xB262, 0xA402, 0xA402, 0xBD6C, 0xC5D0, 0x6CE3, 0x6CE3, 0x5B8B,
        0x225A, 0x3492, 0x3492, 0x21C7, 0x18C3, 0x91B2, 0x91B2, 0xC147, 0xD124, 0xB3E4, 0xB3E4, 0xDE76,
        0xE73C, 0x55A6, 0x55A6, 0x2B15, 0x19B2, 0x232C, 0x232C, 0x1945, 0x1082, 0x612C, 0x612C, 0x88E5,
        0x90C3, 0x82C3, 0x82C3, 0x9C90, 0xA534, 0x3C04, 0x3C04, 0x222F, 0x225A, 0x3492, 0x3492, 0x21C7,
        0x18C3, 0x91B2, 0x91B2, 0xC147, 0xD124, 0xB3E4, 0xB3E4, 0xDE76, 0xE73C, 0x55A6, 0x55A6, 0x2B15,
        0x530E, 0x5C4A, 0x5C4A, 0x52C4, 0x4A41, 0x92CA, 0x92CA, 0xAA84, 0xB262, 0xA402, 0xA402, 0xBD6C,
        0xC5D0, 0x6CE3, 0x6CE3, 0x5B8B, 0x225A, 0x3492, 0x3492, 0x21C7, 0x18C3, 0x91B2, 0x91B2, 0xC147,
        0xD124, 0xB3E4, 0xB3E4, 0xDE76, 0xE73C, 0x55A6, 0x55A6, 0x2B15, 0x19B2, 0x232C, 0x232C, 0x1945,
        0x1082, 0x612C, 0x612C, 0x88E5, 0x90C3, 0x82C3, 0x82C3, 0x9C90, 0xA534, 0x3C04, 0x3C04, 0x222F,
        0x225A, 0x3492, 0x3492, 0x21C7, 0x18C3, 0x91B2, 0x91B2, 0xC147, 0xD124, 0xB3E4, 0xB3E4, 0xDE76,
        0xE73C, 0x55A6, 0x55A6, 0x2B15, 0x530E, 0x5C4A, 0x5C4A, 0x52C4, 0x4A41, 0x92CA, 0x92CA, 0xAA84,
        0xB262, 0xA402, 0xA402, 0xBD6C, 0xC5D0, 0x6CE3, 0x6CE3, 0x5B8B, 0x225A, 0x3492, 0x3492, 0x21C7,
        0x18C3, 0x91B2, 0x91B2, 0xC147, 0xD124, 0xB3E4, 0xB3E4, 0xDE76, 0xE73C, 0x55A6, 0x55A6, 0x2B15,
        0x19B2, 0x232C, 0x232C, 0x1945, 0x1082, 0x612C, 0x612C, 0x88E5, 0x90C3, 0x82C3, 0x82C3, 0x9C90,
        0xA534, 0x3C04, 0x3C04, 0x222F, 0x225A, 0x3492, 0x3492, 0x21C7, 0x18C3, 0x91B2, 0x91B2, 0xC147,
        0xD124, 0xB3E4, 0xB3E4, 0xDE76, 0xE73C, 0x55A6, 0x55A6, 0x2B15, 0x530E, 0x5C4A, 0x5C4A, 0x52C4,
        0x4A41, 0x92CA, 0x92CA, 0xAA84, 0xB262, 0xA402, 0xA402, 0xBD6C, 0xC5D0, 0x6CE3, 0x6CE3, 0x5B8B,
        0x225A, 0x3492, 0x3492, 0x21C7, 0x18C3, 0x91B2, 0x91B2, 0xC147, 0xD124, 0xB3E4, 0xB3E4, 0xDE76,
        0xE73C, 0x55A6, 0x55A6, 0x2B15, 0x19B2, 0x232C, 0x232C, 0x1945, 0x1082, 0x612C, 0x612C, 0x88E5,
        0x90C3, 0x82C3, 0x82C3, 0x9C90, 0xA534, 0x3C04, 0x3C04, 0x222F, 0x225A, 0x3492, 0x3492, 0x21C7,
        0x18C3, 0x91B2, 0x91B2, 0xC147, 0xD124, 0xB3E4, 0xB3E4, 0xDE76, 0xE73C, 0x55A6, 0x55A6, 0x2B15,
        0x4391, 0x4349, 0x61E8, 0xA20A, 0xBAE3, 0xBCEA, 0x9DED, 0x544A, 0x22F2, 0x22AA, 0x4909, 0x914B,
        0xA223, 0xAC6B, 0x858F, 0x33CC, 0x4391, 0x4349, 0x61E8, 0xA20A, 0xBAE3, 0xBCEA, 0x9DED, 0x544A,
        0x22F2, 0x22AA, 0x4909, 0x914B, 0xA223, 0xAC6B, 0x858F, 0x33CC, 0x4391, 0x4349, 0x61E8, 0xA20A,
        0xBAE3, 0xBCEA, 0x9DED, 0x544A, 0x22F2, 0x22AA, 0x4909, 0x914B, 0xA223, 0xAC6B, 0x858F, 0x33CC,
        0x4391, 0x4349, 0x61E8, 0xA20A, 0xBAE3, 0xBCEA, 0x9DED, 0x544A, 0x22F2, 0x22AA, 0x4909, 0x914B,
        0xA223, 0xAC6B, 0x858F, 0x33CC, 0x332E, 0x7989, 0xB3A7, 0x6CED, 0x332E, 0x7989, 0xB3A7, 0x6CED,
        0x332E, 0x7989, 0xB3A7, 0x6CED, 0x332E, 0x7989, 0xB3A7, 0x6CED, 0x524B, 0x8C4A, 0x524B, 0x8C4A,
        0x734B,
    },
};

constexpr uint16_t kPagePalette[256] = {
    0xFFFF, 0xFF20, 0xEF7D, 0xDEFB, 0xCE79, 0x5E47, 0xBDF7, 0xAD75, 0x9CF3, 0x55C7, 0x4D66, 0x3D14,
    0x3CB2, 0x4D06, 0xCC65, 0xBC04, 0xABC4, 0xA384, 0x8C71, 0x44A5, 0x9343, 0x3C25, 0x3451, 0x3410,
    0x33C4, 0x2BAE, 0x2B6D, 0x230C, 0x3364, 0x82E3, 0x7AA3, 0x6A62, 0xA1F4, 0x91D2, 0x89B1, 0x8190,
    0x716E, 0xE145, 0xD124, 0xC904, 0xB904, 0xA8E3, 0x98C3, 0x88C3, 0x694D, 0x78A2, 0x2A9C, 0x225A,
    0x2239, 0x22CB, 0x2217, 0x19D5, 0x612C, 0x19B3, 0x1991, 0x116F, 0x590B, 0x18E3, 0x18E3, 0x18C3,
    0x18C3, 0x10A2, 0x10A2, 0x1082, 0x1082, 0x0000, 0x0000, 0x0000, 0x0000, 0x0000, 0x0000, 0x0000,
    0x0000, 0x0000, 0x0000, 0x0000, 0x0000, 0x0000, 0x0000, 0x0000, 0x0000, 0x0000, 0x0000, 0x0000,
    0x0000, 0x0000, 0x0000, 0x0000, 0x0000, 0x0000, 0x0000, 0x0000, 0x0000, 0x0000, 0x0000, 0x0000,
    0x0000, 0x0000, 0x0000, 0x0000, 0x0000, 0x0000, 0x0000, 0x0000, 0x0000, 0x0000, 0x0000, 0x0000,
    0x0000, 0x0000, 0x0000, 0x0000, 0x0000, 0x0000, 0x0000, 0x0000, 0x0000, 0x0000, 0x0000, 0x0000,
    0x0000, 0x0000, 0x0000, 0x0000, 0x0000, 0x0000, 0x0000, 0x0000, 0x0000, 0x0000, 0x0000, 0x0000,
    0x0000, 0x0000, 0x0000, 0x0000, 0x0000, 0x0000, 0x0000, 0x0000, 0x0000, 0x0000, 0x0000, 0x0000,
    0x0000, 0x0000, 0x0000, 0x0000, 0x0000, 0x0000, 0x0000, 0x0000, 0x0000, 0x0000, 0x0000, 0x0000,
    0x0000, 0x0000, 0x0000, 0x0000, 0x0000, 0x0000, 0x0000, 0x0000, 0x0000, 0x0000, 0x0000, 0x0000,
    0x0000, 0x0000, 0x0000, 0x0000, 0x0000, 0x0000, 0x0000, 0x0000, 0x0000, 0x0000, 0x0000, 0x0000,
    0x0000, 0x0000, 0x0000, 0x0000, 0x0000, 0x0000, 0x0000, 0x0000, 0x0000, 0x0000, 0x0000, 0x0000,
    0x0000, 0x0000, 0x0000, 0x0000, 0x0000, 0x0000, 0x0000, 0x0000, 0x0000, 0x0000, 0x0000, 0x0000,
    0x0000, 0x0000, 0x0000, 0x0000, 0x0000, 0x0000, 0x0000, 0x0000, 0x0000, 0x0000, 0x0000, 0x0000,
    0x0000, 0x0000, 0x0000, 0x0000, 0x0000, 0x0000, 0x0000, 0x0000, 0x0000, 0x0000, 0x0000, 0x0000,
    0x0000, 0x0000, 0x0000, 0x0000, 0x0000, 0x0000, 0x0000, 0x0000, 0x0000, 0x0000, 0x0000, 0x0000,
    0x0000, 0x0000, 0x0000, 0x0000, 0x0000, 0x0000, 0x0000, 0x0000, 0x0000, 0x0000, 0x0000, 0x0000,
    0x0000, 0x0000, 0x0000, 0x0000,
};
constexpr uint8_t kPageTexels[6][64 * 64] = {
    {
          1,   1,   1,   1,   1,   1,   1,   1,   1,   1,   1,   1,   1,   1,   1,   1,   1,   1,   1,   1,   1,   1,   1,   1,   1,   1,   1,   1,   1,   1,   1,   1,
          1,   1,   1,   1,   1,   1,   1,   1,   1,   1,   1,   1,   1,   1,   1,   1,   1,   1,   1,   1,   1,   1,   1,   1,   1,   1,   1,   1,   1,   1,   1,   1,
         54,  54,  54,  54,  27,  27,  27,  27,  27,  27,  27,  27,  27,  63,  63,  63,  63,  63,  63,  63,  52,  52,  52,  52,  52,  52,  52,  52,  52,  43,  43,  43,
         43,  43,  43,  43,  30,  30,  30,  30,  30,  30,  30,  30,  30,   8,   8,   8,   8,   8,   8,   8,  24,  24,  24,  24,  24,  24,  24,  24,  24,  54,  54,  54,
         53,  53,  53,  53,  26,  26,  26,  26,  26,  26,  26,  26,  26,  62,  62,  62,  62,  62,  62,  62,  44,  44,  44,  44,  44,  44,  44,  44,  44,  42,  42,  42,
         42,  42,  42,  42,  29,  29,  29,  29,  29,  29,  29,  29,  29,   7,   7,   7,   7,   7,   7,   7,  21,  21,  21,  21,  21,  21,  21,  21,  21,  53,  53,  53,
         51,  51,  51,  51,  25,  25,  25,  25,  25,  25,  25,  25,  25,  61,  61,  61,  61,  61,  61,  61,  36,  36,  36,  36,  36,  36,  36,  36,  36,  41,  41,  41,
         41,  41,  41,  41,  20,  20,  20,  20,  20,  20,  20,  20,  20,   6,   6,   6,   6,   6,   6,   6,  19,  19,  19,  19,  19,  19,  19,  19,  19,  51,  51,  51,
         50,  50,  50,  50,  23,  23,  23,  23,  23,  23,  23,  23,  23,  60,  60,  60,  60,  60,  60,  60,  35,  35,  35,  35,  35,  35,  35,  35,  35,  40,  40,  40,
         40,  40,  40,  40,  17,  17,  17,  17,  17,  17,  17,  17,  17,   4,   4,   4,   4,   4,   4,   4,  13,  13,  13,  13,  13,  13,  13,  13,  13,  50,  50,  50,
         48,  48,  48,  48,  22,  22,  22,  22,  22,  22,  22,  22,  22,  59,  59,  59,  59,  59,  59,  59,  34,  34,  34,  34,  34,  34,  34,  34,  34,  39,  39,  39,
         39,  39,  39,  39,  16,  16,  16,  16,  16,  16,  16,  16,  16,   3,   3,   3,   3,   3,   3,   3,  10,  10,  10,  10,  10,  10,  10,  10,  10,  48,  48,  48,
         47,  47,  47,  47,  12,  12,  12,  12,  12,  12,  12,  12,  12,  58,  58,  58,  58,  58,  58,  58,  33,  33,  33,  33,  33,  33,  33,  33,  33,  38,  38,  38,
         38,  38,  38,  38,  15,  15,  15,  15,  15,  15,  15,  15,  15,   2,   2,   2,   2,   2,   2,   2,   9,   9,   9,   9,   9,   9,   9,   9,   9,  47,  47,  47,
         46,  46,  46,  46,  11,  11,  11,  11,  11,  11,  11,  11,  11,  57,  57,  57,  57,  57,  57,  57,  32,  32,  32,  32,  32,  32,  32,  32,  32,  37,  37,  37,
         37,  37,  37,  37,  14,  14,  14,  14,  14,  14,  14,  14,  14,   0,   0,   0,   0,   0,   0,   0,   5,   5,   5,   5,   5,   5,   5,   5,   5,  46,  46,  46,
         55,  55,  55,  55,  49,  49,  49,  49,  49,  49,  49,  49,  49,  64,  64,  64,  64,  64,  64,  64,  56,  56,  56,  56,  56,  56,  56,  56,  56,  45,  45,  45,
         45,  45,  45,  45,  31,  31,  31,  31,  31,  31,  31,  31,  31,  18,  18,  18,  18,  18,  18,  18,  28,  28,  28,  28,  28,  28,  28,  28,  28,  55,  55,  55,
         54,  54,  54,  54,  27,  27,  27,  27,  27,  27,  27,  27,  27,  63,  63,  63,  63,  63,  63,  63,  52,  52,  52,  52,  52,  52,  52,  52,  52,  43,  43,  43,
         43,  43,  43,  43,  30,  30,  30,  30,  30,  30,  30,  30,  30,   8,   8,   8,   8,   8,   8,   8,  24,  24,  24,  24,  24,  24,  24,  24,  24,  54,  54,  54,
         53,  53,  53,  53,  26,  26,  26,  26,  26,  26,  26,  26,  26,  62,  62,  62,  62,  62,  62,  62,  44,  44,  44,  44,  44,  44,  44,  44,  44,  42,  42,  42,
         42,  42,  42,  42,  29,  29,  29,  29,  29,  29,  29,  29,  29,   7,   7,   7,   7,   7,   7,   7,  21,  21,  21,  21,  21,  21,  21,  21,  21,  53,  53,  53,
         51,  51,  51,  51,  25,  25,  25,  25,  25,  25,  25,  25,  25,  61,  61,  61,  61,  61,  61,  61,  36,  36,  36,  36,  36,  36,  36,  36,  36,  41,  41,  41,
         41,  41,  41,  41,  20,  20,  20,  20,  20,  20,  20,  20,  20,   6,   6,   6,   6,   6,   6,   6,  19,  19,  19,  19,  19,  19,  19,  19,  19,  51,  51,  51,
         50,  50,  50,  50,  23,  23,  23,  23,  23,  23,  23,  23,  23,  60,  60,  60,  60,  60,  60,  60,  35,  35,  35,  35,  35,  35,  35,  35,  35,  40,  40,  40,
         40,  40,  40,  40,  17,  17,  17,  17,  17,  17,  17,  17,  17,   4,   4,   4,   4,   4,   4,   4,  13,  13,  13,  13,  13,  13,  13,  13,  13,  50,  50,  50,
         48,  48,  48,  48,  22,  22,  22,  22,  22,  22,  22,  22,  22,  59,  59,  59,  59,  59,  59,  59,  34,  34,  34,  34,  34,  34,  34,  34,  34,  39,  39,  39,
         39,  39,  39,  39,  16,  16,  16,  16,  16,  16,  16,  16,  16,   3,   3,   3,   3,   3,   3,   3,  10,  10,  10,  10,  10,  10,  10,  10,  10,  48,  48,  48,
         47,  47,  47,  47,  12,  12,  12,  12,  12,  12,  12,  12,  12,  58,  58,  58,  58,  58,  58,  58,  33,  33,  33,  33,  33,  33,  33,  33,  33,  38,  38,  38,
         38,  38,  38,  38,  15,  15,  15,  15,  15,  15,  15,  15,  15,   2,   2,   2,   2,   2,   2,   2,   9,   9,   9,   9,   9,   9,   9,   9,   9,  47,  47,  47,
         46,  46,  46,  46,  11,  11,  11,  11,  11,  11,  11,  11,  11,  57,  57,  57,  57,  57,  57,  57,  32,  32,  32,  32,  32,  32,  32,  32,  32,  37,  37,  37,
         37,  37,  37,  37,  14,  14,  14,  14,  14,  14,  14,  14,  14,   0,   0,   0,   0,   0,   0,   0,   5,   5,   5,   5,   5,   5,   5,   5,   5,  46,  46,  46,
          1,   1,   1,   1,   1,   1,   1,   1,   1,   1,   1,   1,   1,   1,   1,   1,   1,   1,   1,   1,   1,   1,   1,   1,   1,   1,   1,   1,   1,   1,   1,   1,
          1,   1,   1,   1,   1,   1,   1,   1,   1,   1,   1,   1,   1,   1,   1,   1,   1,   1,   1,   1,   1,   1,   1,   1,   1,   1,   1,   1,   1,   1,   1,   1,
         54,  54,  54,  54,  27,  27,  27,  27,  27,  27,  27,  27,  27,  63,  63,  63,  63,  63,  63,  63,  52,  52,  52,  52,  52,  52,  52,  52,  52,  43,  43,  43,
         43,  43,  43,  43,  30,  30,  30,  30,  30,  30,  30,  30,  30,   8,   8,   8,   8,   8,   8,   8,  24,  24,  24,  24,  24,  24,  24,  24,  24,  54,  54,  54,
         53,  53,  53,  53,  26,  26,  26,  26,  26,  26,  26,  26,  26,  62,  62,  62,  62,  62,  62,  62,  44,  44,  44,  44,  44,  44,  44,  44,  44,  42,  42,  42,
         42,  42,  42,  42,  29,  29,  29,  29,  29,  29,  29,  29,  29,   7,   7,   7,   7,   7,   7,   7,  21,  21,  21,  21,  21,  21,  21,  21,  21,  53,  53,  53,
         51,  51,  51,  51,  25,  25,  25,  25,  25,  25,  25,  25,  25,  61,  61,  61,  61,  61,  61,  61,  36,  36,  36,  36,  36,  36,  36,  36,  36,  41,  41,  41,
         41,  41,  41,  41,  20,  20,  20,  20,  20,  20,  20,  20,  20,   6,   6,   6,   6,   6,   6,   6,  19,  19,  19,  19,  19,  19,  19,  19,  19,  51,  51,  51,
         50,  50,  50,  50,  23,  23,  23,  23,  23,  23,  23,  23,  23,  60,  60,  60,  60,  60,  60,  60,  35,  35,  35,  35,  35,  35,  35,  35,  35,  40,  40,  40,
         40,  40,  40,  40,  17,  17,  17,  17,  17,  17,  17,  17,  17,   4,   4,   4,   4,   4,   4,   4,  13,  13,  13,  13,  13,  13,  13,  13,  13,  50,  50,  50,
         48,  48,  48,  48,  22,  22,  22,  22,  22,  22,  22,  22,  22,  59,  59,  59,  59,  59,  59,  59,  34,  34,  34,  34,  34,  34,  34,  34,  34,  39,  39,  39,
         39,  39,  39,  39,  16,  16,  16,  16,  16,  16,  16,  16,  16,   3,   3,   3,   3,   3,   3,   3,  10,  10,  10,  10,  10,  10,  10,  10,  10,  48,  48,  48,
         47,  47,  47,  47,  12,  12,  12,  12,  12,  12,  12,  12,  12,  58,  58,  58,  58,  58,  58,  58,  33,  33,  33,  33,  33,  33,  33,  33,  33,  38,  38,  38,
         38,  38,  38,  38,  15,  15,  15,  15,  15,  15,  15,  15,  15,   2,   2,   2,   2,   2,   2,   2,   9,   9,   9,   9,   9,   9,   9,   9,   9,  47,  47,  47,
         46,  46,  46,  46,  11,  11,  11,  11,  11,  11,  11,  11,  11,  57,  57,  57,  57,  57,  57,  57,  32,  32,  32,  32,  32,  32,  32,  32,  32,  37,  37,  37,
         37,  37,  37,  37,  14,  14,  14,  14,  14,  14,  14,  14,  14,   0,   0,   0,   0,   0,   0,   0,   5,   5,   5,   5,   5,   5,   5,   5,   5,  46,  46,  46,
         55,  55,  55,  55,  49,  49,  49,  49,  49,  49,  49,  49,  49,  64,  64,  64,  64,  64,  64,  64,  56,  56,  56,  56,  56,  56,  56,  56,  56,  45,  45,  45,
         45,  45,  45,  45,  31,  31,  31,  31,  31,  31,  31,  31,  31,  18,  18,  18,  18,  18,  18,  18,  28,  28,  28,  28,  28,  28,  28,  28,  28,  55,  55,  55,
         54,  54,  54,  54,  27,  27,  27,  27,  27,  27,  27,  27,  27,  63,  63,  63,  63,  63,  63,  63,  52,  52,  52,  52,  52,  52,  52,  52,  52,  43,  43,  43,
         43,  43,  43,  43,  30,  30,  30,  30,  30,  30,  30,  30,  30,   8,   8,   8,   8,   8,   8,   8,  24,  24,  24,  24,  24,  24,  24,  24,  24,  54,  54,  54,
         53,  53,  53,  53,  26,  26,  26,  26,  26,  26,  26,  26,  26,  62,  62,  62,  62,  62,  62,  62,  44,  44,  44,  44,  44,  44,  44,  44,  44,  42,  42,  42,
         42,  42,  42,  42,  29,  29,  29,  29,  29,  29,  29,  29,  29,   7,   7,   7,   7,   7,   7,   7,  21,  21,  21,  21,  21,  21,  21,  21,  21,  53,  53,  53,
         51,  51,  51,  51,  25,  25,  25,  25,  25,  25,  25,  25,  25,  61,  61,  61,  61,  61,  61,  61,  36,  36,  36,  36,  36,  36,  36,  36,  36,  41,  41,  41,
         41,  41,  41,  41,  20,  20,  20,  20,  20,  20,  20,  20,  20,   6,   6,   6,   6,   6,   6,   6,  19,  19,  19,  19,  19,  19,  19,  19,  19,  51,  51,  51,
         50,  50,  50,  50,  23,  23,  23,  23,  23,  23,  23,  23,  23,  60,  60,  60,  60,  60,  60,  60,  35,  35,  35,  35,  35,  35,  35,  35,  35,  40,  40,  40,
         40,  40,  40,  40,  17,  17,  17,  17,  17,  17,  17,  17,  17,   4,   4,   4,   4,   4,   4,   4,  13,  13,  13,  13,  13,  13,  13,  13,  13,  50,  50,  50,
         48,  48,  48,  48,  22,  22,  22,  22,  22,  22,  22,  22,  22,  59,  59,  59,  59,  59,  59,  59,  34,  34,  34,  34,  34,  34,  34,  34,  34,  39,  39,  39,
         39,  39,  39,  39,  16,  16,  16,  16,  16,  16,  16,  16,  16,   3,   3,   3,   3,   3,   3,   3,  10,  10,  10,  10,  10,  10,  10,  10,  10,  48,  48,  48,
         47,  47,  47,  47,  12,  12,  12,  12,  12,  12,  12,  12,  12,  58,  58,  58,  58,  58,  58,  58,  33,  33,  33,  33,  33,  33,  33,  33,  33,  38,  38,  38,
         38,  38,  38,  38,  15,  15,  15,  15,  15,  15,  15,  15,  15,   2,   2,   2,   2,   2,   2,   2,   9,   9,   9,   9,   9,   9,   9,   9,   9,  47,  47,  47,
         46,  46,  46,  46,  11,  11,  11,  11,  11,  11,  11,  11,  11,  57,  57,  57,  57,  57,  57,  57,  32,  32,  32,  32,  32,  32,  32,  32,  32,  37,  37,  37,
         37,  37,  37,  37,  14,  14,  14,  14,  14,  14,  14,  14,  14,   0,   0,   0,   0,   0,   0,   0,   5,   5,   5,   5,   5,   5,   5,   5,   5,  46,  46,  46,
          1,   1,   1,   1,   1,   1,   1,   1,   1,   1,   1,   1,   1,   1,   1,   1,   1,   1,   1,   1,   1,   1,   1,   1,   1,   1,   1,   1,   1,   1,   1,   1,
          1,   1,   1,   1,   1,   1,   1,   1,   1,   1,   1,   1,   1,   1,   1,   1,   1,   1,   1,   1,   1,   1,   1,   1,   1,   1,   1,   1,   1,   1,   1,   1,
         54,  54,  54,  54,  27,  27,  27,  27,  27,  27,  27,  27,  27,  63,  63,  63,  63,  63,  63,  63,  52,  52,  52,  52,  52,  52,  52,  52,  52,  43,  43,  43,
         43,  43,  43,  43,  30,  30,  30,  30,  30,  30,  30,  30,  30,   8,   8,   8,   8,   8,   8,   8,  24,  24,  24,  24,  24,  24,  24,  24,  24,  54,  54,  54,
         53,  53,  53,  53,  26,  26,  26,  26,  26,  26,  26,  26,  26,  62,  62,  62,  62,  62,  62,  62,  44,  44,  44,  44,  44,  44,  44,  44,  44,  42,  42,  42,
         42,  42,  42,  42,  29,  29,  29,  29,  29,  29,  29,  29,  29,   7,   7,   7,   7,   7,   7,   7,  21,  21,  21,  21,  21,  21,  21,  21,  21,  53,  53,  53,
         51,  51,  51,  51,  25,  25,  25,  25,  25,  25,  25,  25,  25,  61,  61,  61,  61,  61,  61,  61,  36,  36,  36,  36,  36,  36,  36,  36,  36,  41,  41,  41,
         41,  41,  41,  41,  20,  20,  20,  20,  20,  20,  20,  20,  20,   6,   6,   6,   6,   6,   6,   6,  19,  19,  19,  19,  19,  19,  19,  19,  19,  51,  51,  51,
         50,  50,  50,  50,  23,  23,  23,  23,  23,  23,  23,  23,  23,  60,  60,  60,  60,  60,  60,  60,  35,  35,  35,  35,  35,  35,  35,  35,  35,  40,  40,  40,
         40,  40,  40,  40,  17,  17,  17,  17,  17,  17,  17,  17,  17,   4,   4,   4,   4,   4,   4,   4,  13,  13,  13,  13,  13,  13,  13,  13,  13,  50,  50,  50,
         48,  48,  48,  48,  22,  22,  22,  22,  22,  22,  22,  22,  22,  59,  59,  59,  59,  59,  59,  59,  34,  34,  34,  34,  34,  34,  34,  34,  34,  39,  39,  39,
         39,  39,  39,  39,  16,  16,  16,  16,  16,  16,  16,  16,  16,   3,   3,   3,   3,   3,   3,   3,  10,  10,  10,  10,  10,  10,  10,  10,  10,  48,  48,  48,
         47,  47,  47,  47,  12,  12,  12,  12,  12,  12,  12,  12,  12,  58,  58,  58,  58,  58,  58,  58,  33,  33,  33,  33,  33,  33,  33,  33,  33,  38,  38,  38,
         38,  38,  38,  38,  15,  15,  15,  15,  15,  15,  15,  15,  15,   2,   2,   2,   2,   2,   2,   2,   9,   9,   9,   9,   9,   9,   9,   9,   9,  47,  47,  47,
         46,  46,  46,  46,  11,  11,  11,  11,  11,  11,  11,  11,  11,  57,  57,  57,  57,  57,  57,  57,  32,  32,  32,  32,  32,  32,  32,  32,  32,  37,  37,  37,
         37,  37,  37,  37,  14,  14,  14,  14,  14,  14,  14,  14,  14,   0,   0,   0,   0,   0,   0,   0,   5,   5,   5,   5,   5,   5,   5,   5,   5,  46,  46,  46,
         55,  55,  55,  55,  49,  49,  49,  49,  49,  49,  49,  49,  49,  64,  64,  64,  64,  64,  64,  64,  56,  56,  56,  56,  56,  56,  56,  56,  56,  45,  45,  45,
         45,  45,  45,  45,  31,  31,  31,  31,  31,  31,  31,  31,  31,  18,  18,  18,  18,  18,  18,  18,  28,  28,  28,  28,  28,  28,  28,  28,  28,  55,  55,  55,
         54,  54,  54,  54,  27,  27,  27,  27,  27,  27,  27,  27,  27,  63,  63,  63,  63,  63,  63,  63,  52,  52,  52,  52,  52,  52,  52,  52,  52,  43,  43,  43,
         43,  43,  43,  43,  30,  30,  30,  30,  30,  30,  30,  30,  30,   8,   8,   8,   8,   8,   8,   8,  24,  24,  24,  24,  24,  24,  24,  24,  24,  54,  54,  54,
         53,  53,  53,  53,  26,  26,  26,  26,  26,  26,  26,  26,  26,  62,  62,  62,  62,  62,  62,  62,  44,  44,  44,  44,  44,  44,  44,  44,  44,  42,  42,  42,
         42,  42,  42,  42,  29,  29,  29,  29,  29,  29,  29,  29,  29,   7,   7,   7,   7,   7,   7,   7,  21,  21,  21,  21,  21,  21,  21,  21,  21,  53,  53,  53,
         51,  51,  51,  51,  25,  25,  25,  25,  25,  25,  25,  25,  25,  61,  61,  61,  61,  61,  61,  61,  36,  36,  36,  36,  36,  36,  36,  36,  36,  41,  41,  41,
         41,  41,  41,  41,  20,  20,  20,  20,  20,  20,  20,  20,  20,   6,   6,   6,   6,   6,   6,   6,  19,  19,  19,  19,  19,  19,  19,  19,  19,  51,  51,  51,
         50,  50,  50,  50,  23,  23,  23,  23,  23,  23,  23,  23,  23,  60,  60,  60,  60,  60,  60,  60,  35,  35,  35,  35,  35,  35,  35,  35,  35,  40,  40,  40,
         40,  40,  40,  40,  17,  17,  17,  17,  17,  17,  17,  17,  17,   4,   4,   4,   4,   4,   4,   4,  13,  13,  13,  13,  13,  13,  13,  13,  13,  50,  50,  50,
         48,  48,  48,  48,  22,  22,  22,  22,  22,  22,  22,  22,  22,  59,  59,  59,  59,  59,  59,  59,  34,  34,  34,  34,  34,  34,  34,  34,  34,  39,  39,  39,
         39,  39,  39,  39,  16,  16,  16,  16,  16,  16,  16,  16,  16,   3,   3,   3,   3,   3,   3,   3,  10,  10,  10,  10,  10,  10,  10,  10,  10,  48,  48,  48,
         47,  47,  47,  47,  12,  12,  12,  12,  12,  12,  12,  12,  12,  58,  58,  58,  58,  58,  58,  58,  33,  33,  33,  33,  33,  33,  33,  33,  33,  38,  38,  38,
         38,  38,  38,  38,  15,  15,  15,  15,  15,  15,  15,  15,  15,   2,   2,   2,   2,   2,   2,   2,   9,   9,   9,   9,   9,   9,   9,   9,   9,  47,  47,  47,
         46,  46,  46,  46,  11,  11,  11,  11,  11,  11,  11,  11,  11,  57,  57,  57,  57,  57,  57,  57,  32,  32,  32,  32,  32,  32,  32,  32,  32,  37,  37,  37,
         37,  37,  37,  37,  14,  14,  14,  14,  14,  14,  14,  14,  14,   0,   0,   0,   0,   0,   0,   0,   5,   5,   5,   5,   5,   5,   5,   5,   5,  46,  46,  46,
          1,   1,   1,   1,   1,   1,   1,   1,   1,   1,   1,   1,   1,   1,   1,   1,   1,   1,   1,   1,   1,   1,   1,   1,   1,   1,   1,   1,   1,   1,   1,   1,
          1,   1,   1,   1,   1,   1,   1,   1,   1,   1,   1,   1,   1,   1,   1,   1,   1,   1,   1,   1,   1,   1,   1,   1,   1,   1,   1,   1,   1,   1,   1,   1,
         54,  54,  54,  54,  27,  27,  27,  27,  27,  27,  27,  27,  27,  63,  63,  63,  63,  63,  63,  63,  52,  52,  52,  52,  52,  52,  52,  52,  52,  43,  43,  43,
         43,  43,  43,  43,  30,  30,  30,  30,  30,  30,  30,  30,  30,   8,   8,   8,   8,   8,   8,   8,  24,  24,  24,  24,  24,  24,  24,  24,  24,  54,  54,  54,
         53,  53,  53,  53,  26,  26,  26,  26,  26,  26,  26,  26,  26,  62,  62,  62,  62,  62,  62,  62,  44,  44,  44,  44,  44,  44,  44,  44,  44,  42,  42,  42,
         42,  42,  42,  42,  29,  29,  29,  29,  29,  29,  29,  29,  29,   7,   7,   7,   7,   7,   7,   7,  21,  21,  21,  21,  21,  21,  21,  21,  21,  53,  53,  53,
         51,  51,  51,  51,  25,  25,  25,  25,  25,  25,  25,  25,  25,  61,  61,  61,  61,  61,  61,  61,  36,  36,  36,  36,  36,  36,  36,  36,  36,  41,  41,  41,
         41,  41,  41,  41,  20,  20,  20,  20,  20,  20,  20,  20,  20,   6,   6,   6,   6,   6,   6,   6,  19,  19,  19,  19,  19,  19,  19,  19,  19,  51,  51,  51,
         50,  50,  50,  50,  23,  23,  23,  23,  23,  23,  23,  23,  23,  60,  60,  60,  60,  60,  60,  60,  35,  35,  35,  35,  35,  35,  35,  35,  35,  40,  40,  40,
         40,  40,  40,  40,  17,  17,  17,  17,  17,  17,  17,  17,  17,   4,   4,   4,   4,   4,   4,   4,  13,  13,  13,  13,  13,  13,  13,  13,  13,  50,  50,  50,
         48,  48,  48,  48,  22,  22,  22,  22,  22,  22,  22,  22,  22,  59,  59,  59,  59,  59,  59,  59,  34,  34,  34,  34,  34,  34,  34,  34,  34,  39,  39,  39,
         39,  39,  39,  39,  16,  16,  16,  16,  16,  16,  16,  16,  16,   3,   3,   3,   3,   3,   3,   3,  10,  10,  10,  10,  10,  10,  10,  10,  10,  48,  48,  48,
         47,  47,  47,  47,  12,  12,  12,  12,  12,  12,  12,  12,  12,  58,  58,  58,  58,  58,  58,  58,  33,  33,  33,  33,  33,  33,  33,  33,  33,  38,  38,  38,
         38,  38,  38,  38,  15,  15,  15,  15,  15,  15,  15,  15,  15,   2,   2,   2,   2,   2,   2,   2,   9,   9,   9,   9,   9,   9,   9,   9,   9,  47,  47,  47,
         46,  46,  46,  46,  11,  11,  11,  11,  11,  11,  11,  11,  11,  57,  57,  57,  57,  57,  57,  57,  32,  32,  32,  32,  32,  32,  32,  32,  32,  37,  37,  37,
         37,  37,  37,  37,  14,  14,  14,  14,  14,  14,  14,  14,  14,   0,   0,   0,   0,   0,   0,   0,   5,   5,   5,   5,   5,   5,   5,   5,   5,  46,  46,  46,
         55,  55,  55,  55,  49,  49,  49,  49,  49,  49,  49,  49,  49,  64,  64,  64,  64,  64,  64,  64,  56,  56,  56,  56,  56,  56,  56,  56,  56,  45,  45,  45,
         45,  45,  45,  45,  31,  31,  31,  31,  31,  31,  31,  31,  31,  18,  18,  18,  18,  18,  18,  18,  28,  28,  28,  28,  28,  28,  28,  28,  28,  55,  55,  55,
         54,  54,  54,  54,  27,  27,  27,  27,  27,  27,  27,  27,  27,  63,  63,  63,  63,  63,  63,  63,  52,  52,  52,  52,  52,  52,  52,  52,  52,  43,  43,  43,
         43,  43,  43,  43,  30,  30,  30,  30,  30,  30,  30,  30,  30,   8,   8,   8,   8,   8,   8,   8,  24,  24,  24,  24,  24,  24,  24,  24,  24,  54,  54,  54,
         53,  53,  53,  53,  26,  26,  26,  26,  26,  26,  26,  26,  26,  62,  62,  62,  62,  62,  62,  62,  44,  44,  44,  44,  44,  44,  44,  44,  44,  42,  42,  42,
         42,  42,  42,  42,  29,  29,  29,  29,  29,  29,  29,  29,  29,   7,   7,   7,   7,   7,   7,   7,  21,  21,  21,  21,  21,  21,  21,  21,  21,  53,  53,  53,
         51,  51,  51,  51,  25,  25,  25,  25,  25,  25,  25,  25,  25,  61,  61,  61,  61,  61,  61,  61,  36,  36,  36,  36,  36,  36,  36,  36,  36,  41,  41,  41,
         41,  41,  41,  41,  20,  20,  20,  20,  20,  20,  20,  20,  20,   6,   6,   6,   6,   6,   6,   6,  19,  19,  19,  19,  19,  19,  19,  19,  19,  51,  51,  51,
         50,  50,  50,  50,  23,  23,  23,  23,  23,  23,  23,  23,  23,  60,  60,  60,  60,  60,  60,  60,  35,  35,  35,  35,  35,  35,  35,  35,  35,  40,  40,  40,
         40,  40,  40,  40,  17,  17,  17,  17,  17,  17,  17,  17,  17,   4,   4,   4,   4,   4,   4,   4,  13,  13,  13,  13,  13,  13,  13,  13,  13,  50,  50,  50,
         48,  48,  48,  48,  22,  22,  22,  22,  22,  22,  22,  22,  22,  59,  59,  59,  59,  59,  59,  59,  34,  34,  34,  34,  34,  34,  34,  34,  34,  39,  39,  39,
         39,  39,  39,  39,  16,  16,  16,  16,  16,  16,  16,  16,  16,   3,   3,   3,   3,   3,   3,   3,  10,  10,  10,  10,  10,  10,  10,  10,  10,  48,  48,  48,
         47,  47,  47,  47,  12,  12,  12,  12,  12,  12,  12,  12,  12,  58,  58,  58,  58,  58,  58,  58,  33,  33,  33,  33,  33,  33,  33,  33,  33,  38,  38,  38,
         38,  38,  38,  38,  15,  15,  15,  15,  15,  15,  15,  15,  15,   2,   2,   2,   2,   2,   2,   2,   9,   9,   9,   9,   9,   9,   9,   9,   9,  47,  47,  47,
         46,  46,  46,  46,  11,  11,  11,  11,  11,  11,  11,  11,  11,  57,  57,  57,  57,  57,  57,  57,  32,  32,  32,  32,  32,  32,  32,  32,  32,  37,  37,  37,
         37,  37,  37,  37,  14,  14,  14,  14,  14,  14,  14,  14,  14,   0,   0,   0,   0,   0,   0,   0,   5,   5,   5,   5,   5,   5,   5,   5,   5,  46,  46,  46,
    },
    {
          1,   1,   1,   1,   1,   1,   1,   1,   1,   1,   1,   1,   1,   1,   1,   1,   1,   1,   1,   1,   1,   1,   1,   1,   1,   1,   1,   1,   1,   1,   1,   1,
          1,   1,   1,   1,   1,   1,   1,   1,   1,   1,   1,   1,   1,   1,   1,   1,   1,   1,   1,   1,   1,   1,   1,   1,   1,   1,   1,   1,   1,   1,   1,   1,
         54,  54,  54,  54,  27,  27,  27,  27,  27,  27,  27,  27,  27,  63,  63,  63,  63,  63,  63,  63,  52,  52,  52,  52,  52,  52,  52,  52,  52,  43,  43,  43,
         43,  43,  43,  43,  30,  30,  30,  30,  30,  30,  30,  30,  30,   8,   8,   8,   8,   8,   8,   8,  24,  24,  24,  24,  24,  24,  24,  24,  24,  54,  54,  54,
         53,  53,  53,  53,  26,  26,  26,  26,  26,  26,  26,  26,  26,  62,  62,  62,  62,  62,  62,  62,  44,  44,  44,  44,  44,  44,  44,  44,  44,  42,  42,  42,
         42,  42,  42,  42,  29,  29,  29,  29,  29,  29,  29,  29,  29,   7,   7,   7,   7,   7,   7,   7,  21,  21,  21,  21,  21,  21,  21,  21,  21,  53,  53,  53,
         51,  51,  51,  51,  25,  25,  25,  25,  25,  25,  25,  25,  25,  61,  61,  61,  61,  61,  61,  61,  36,  36,  36,  36,  36,  36,  36,  36,  36,  41,  41,  41,
         41,  41,  41,  41,  20,  20,  20,  20,  20,  20,  20,  20,  20,   6,   6,   6,   6,   6,   6,   6,  19,  19,  19,  19,  19,  19,  19,  19,  19,  51,  51,  51,
         50,  50,  50,  50,  23,  23,  23,  23,  23,  23,  23,  23,  23,  60,  60,  60,  60,  60,  60,  60,  35,  35,  35,  35,  35,  35,  35,  35,  35,  40,  40,  40,
         40,  40,  40,  40,  17,  17,  17,  17,  17,  17,  17,  17,  17,   4,   4,   4,   4,   4,   4,   4,  13,  13,  13,  13,  13,  13,  13,  13,  13,  50,  50,  50,
         48,  48,  48,  48,  22,  22,  22,  22,  22,  22,  22,  22,  22,  59,  59,  59,  59,  59,  59,  59,  34,  34,  34,  34,  34,  34,  34,  34,  34,  39,  39,  39,
         39,  39,  39,  39,  16,  16,  16,  16,  16,  16,  16,  16,  16,   3,   3,   3,   3,   3,   3,   3,  10,  10,  10,  10,  10,  10,  10,  10,  10,  48,  48,  48,
         47,  47,  47,  47,  12,  12,  12,  12,  12,  12,  12,  12,  12,  58,  58,  58,  58,  58,  58,  58,  33,  33,  33,  33,  33,  33,  33,  33,  33,  38,  38,  38,
         38,  38,  38,  38,  15,  15,  15,  15,  15,  15,  15,  15,  15,   2,   2,   2,   2,   2,   2,   2,   9,   9,   9,   9,   9,   9,   9,   9,   9,  47,  47,  47,
         46,  46,  46,  46,  11,  11,  11,  11,  11,  11,  11,  11,  11,  57,  57,  57,  57,  57,  57,  57,  32,  32,  32,  32,  32,  32,  32,  32,  32,  37,  37,  37,
         37,  37,  37,  37,  14,  14,  14,  14,  14,  14,  14,  14,  14,   0,   0,   0,   0,   0,   0,   0,   5,   5,   5,   5,   5,   5,   5,   5,   5,  46,  46,  46,
         55,  55,  55,  55,  49,  49,  49,  49,  49,  49,  49,  49,  49,  64,  64,  64,  64,  64,  64,  64,  56,  56,  56,  56,  56,  56,  56,  56,  56,  45,  45,  45,
         45,  45,  45,  45,  31,  31,  31,  31,  31,  31,  31,  31,  31,  18,  18,  18,  18,  18,  18,  18,  28,  28,  28,  28,  28,  28,  28,  28,  28,  55,  55,  55,
         54,  54,  54,  54,  27,  27,  27,  27,  27,  27,  27,  27,  27,  63,  63,  63,  63,  63,  63,  63,  52,  52,  52,  52,  52,  52,  52,  52,  52,  43,  43,  43,
         43,  43,  43,  43,  30,  30,  30,  30,  30,  30,  30,  30,  30,   8,   8,   8,   8,   8,   8,   8,  24,  24,  24,  24,  24,  24,  24,  24,  24,  54,  54,  54,
         53,  53,  53,  53,  26,  26,  26,  26,  26,  26,  26,  26,  26,  62,  62,  62,  62,  62,  62,  62,  44,  44,  44,  44,  44,  44,  44,  44,  44,  42,  42,  42,
         42,  42,  42,  42,  29,  29,  29,  29,  29,  29,  29,  29,  29,   7,   7,   7,   7,   7,   7,   7,  21,  21,  21,  21,  21,  21,  21,  21,  21,  53,  53,  53,
         51,  51,  51,  51,  25,  25,  25,  25,  25,  25,  25,  25,  25,  61,  61,  61,  61,  61,  61,  61,  36,  36,  36,  36,  36,  36,  36,  36,  36,  41,  41,  41,
         41,  41,  41,  41,  20,  20,  20,  20,  20,  20,  20,  20,  20,   6,   6,   6,   6,   6,   6,   6,  19,  19,  19,  19,  19,  19,  19,  19,  19,  51,  51,  51,
         50,  50,  50,  50,  23,  23,  23,  23,  23,  23,  23,  23,  23,  60,  60,  60,  60,  60,  60,  60,  35,  35,  35,  35,  35,  35,  35,  35,  35,  40,  40,  40,
         40,  40,  40,  40,  17,  17,  17,  17,  17,  17,  17,  17,  17,   4,   4,   4,   4,   4,   4,   4,  13,  13,  13,  13,  13,  13,  13,  13,  13,  50,  50,  50,
         48,  48,  48,  48,  22,  22,  22,  22,  22,  22,  22,  22,  22,  59,  59,  59,  59,  59,  59,  59,  34,  34,  34,  34,  34,  34,  34,  34,  34,  39,  39,  39,
         39,  39,  39,  39,  16,  16,  16,  16,  16,  16,  16,  16,  16,   3,   3,   3,   3,   3,   3,   3,  10,  10,  10,  10,  10,  10,  10,  10,  10,  48,  48,  48,
         47,  47,  47,  47,  12,  12,  12,  12,  12,  12,  12,  12,  12,  58,  58,  58,  58,  58,  58,  58,  33,  33,  33,  33,  33,  33,  33,  33,  33,  38,  38,  38,
         38,  38,  38,  38,  15,  15,  15,  15,  15,  15,  15,  15,  15,   2,   2,   2,   2,   2,   2,   2,   9,   9,   9,   9,   9,   9,   9,   9,   9,  47,  47,  47,
         46,  46,  46,  46,  11,  11,  11,  11,  11,  11,  11,  11,  11,  57,  57,  57,  57,  57,  57,  57,  32,  32,  32,  32,  32,  32,  32,  32,  32,  37,  37,  37,
         37,  37,  37,  37,  14,  14,  14,  14,  14,  14,  14,  14,  14,   0,   0,   0,   0,   0,   0,   0,   5,   5,   5,   5,   5,   5,   5,   5,   5,  46,  46,  46,
          1,   1,   1,   1,   1,   1,   1,   1,   1,   1,   1,   1,   1,   1,   1,   1,   1,   1,   1,   1,   1,   1,   1,   1,   1,   1,   1,   1,   1,   1,   1,   1,
          1,   1,   1,   1,   1,   1,   1,   1,   1,   1,   1,   1,   1,   1,   1,   1,   1,   1,   1,   1,   1,   1,   1,   1,   1,   1,   1,   1,   1,   1,   1,   1,
         54,  54,  54,  54,  27,  27,  27,  27,  27,  27,  27,  27,  27,  63,  63,  63,  63,  63,  63,  63,  52,  52,  52,  52,  52,  52,  52,  52,  52,  43,  43,  43,
         43,  43,  43,  43,  30,  30,  30,  30,  30,  30,  30,  30,  30,   8,   8,   8,   8,   8,   8,   8,  24,  24,  24,  24,  24,  24,  24,  24,  24,  54,  54,  54,
         53,  53,  53,  53,  26,  26,  26,  26,  26,  26,  26,  26,  26,  62,  62,  62,  62,  62,  62,  62,  44,  44,  44,  44,  44,  44,  44,  44,  44,  42,  42,  42,
         42,  42,  42,  42,  29,  29,  29,  29,  29,  29,  29,  29,  29,   7,   7,   7,   7,   7,   7,   7,  21,  21,  21,  21,  21,  21,  21,  21,  21,  53,  53,  53,
         51,  51,  51,  51,  25,  25,  25,  25,  25,  25,  25,  25,  25,  61,  61,  61,  61,  61,  61,  61,  36,  36,  36,  36,  36,  36,  36,  36,  36,  41,  41,  41,
         41,  41,  41,  41,  20,  20,  20,  20,  20,  20,  20,  20,  20,   6,   6,   6,   6,   6,   6,   6,  19,  19,  19,  19,  19,  19,  19,  19,  19,  51,  51,  51,
         50,  50,  50,  50,  23,  23,  23,  23,  23,  23,  23,  23,  23,  60,  60,  60,  60,  60,  60,  60,  35,  35,  35,  35,  35,  35,  35,  35,  35,  40,  40,  40,
         40,  40,  40,  40,  17,  17,  17,  17,  17,  17,  17,  17,  17,   4,   4,   4,   4,   4,   4,   4,  13,  13,  13,  13,  13,  13,  13,  13,  13,  50,  50,  50,
         48,  48,  48,  48,  22,  22,  22,  22,  22,  22,  22,  22,  22,  59,  59,  59,  59,  59,  59,  59,  34,  34,  34,  34,  34,  34,  34,  34,  34,  39,  39,  39,
         39,  39,  39,  39,  16,  16,  16,  16,  16,  16,  16,  16,  16,   3,   3,   3,   3,   3,   3,   3,  10,  10,  10,  10,  10,  10,  10,  10,  10,  48,  48,  48,
         47,  47,  47,  47,  12,  12,  12,  12,  12,  12,  12,  12,  12,  58,  58,  58,  58,  58,  58,  58,  33,  33,  33,  33,  33,  33,  33,  33,  33,  38,  38,  38,
         38,  38,  38,  38,  15,  15,  15,  15,  15,  15,  15,  15,  15,   2,   2,   2,   2,   2,   2,   2,   9,   9,   9,   9,   9,   9,   9,   9,   9,  47,  47,  47,
         46,  46,  46,  46,  11,  11,  11,  11,  11,  11,  11,  11,  11,  57,  57,  57,  57,  57,  57,  57,  32,  32,  32,  32,  32,  32,  32,  32,  32,  37,  37,  37,
         37,  37,  37,  37,  14,  14,  14,  14,  14,  14,  14,  14,  14,   0,   0,   0,   0,   0,   0,   0,   5,   5,   5,   5,   5,   5,   5,   5,   5,  46,  46,  46,
         55,  55,  55,  55,  49,  49,  49,  49,  49,  49,  49,  49,  49,  64,  64,  64,  64,  64,  64,  64,  56,  56,  56,  56,  56,  56,  56,  56,  56,  45,  45,  45,
         45,  45,  45,  45,  31,  31,  31,  31,  31,  31,  31,  31,  31,  18,  18,  18,  18,  18,  18,  18,  28,  28,  28,  28,  28,  28,  28,  28,  28,  55,  55,  55,
         54,  54,  54,  54,  27,  27,  27,  27,  27,  27,  27,  27,  27,  63,  63,  63,  63,  63,  63,  63,  52,  52,  52,  52,  52,  52,  52,  52,  52,  43,  43,  43,
         43,  43,  43,  43,  30,  30,  30,  30,  30,  30,  30,  30,  30,   8,   8,   8,   8,   8,   8,   8,  24,  24,  24,  24,  24,  24,  24,  24,  24,  54,  54,  54,
         53,  53,  53,  53,  26,  26,  26,  26,  26,  26,  26,  26,  26,  62,  62,  62,  62,  62,  62,  62,  44,  44,  44,  44,  44,  44,  44,  44,  44,  42,  42,  42,
         42,  42,  42,  42,  29,  29,  29,  29,  29,  29,  29,  29,  29,   7,   7,   7,   7,   7,   7,   7,  21,  21,  21,  21,  21,  21,  21,  21,  21,  53,  53,  53,
         51,  51,  51,  51,  25,  25,  25,  25,  25,  25,  25,  25,  25,  61,  61,  61,  61,  61,  61,  61,  36,  36,  36,  36,  36,  36,  36,  36,  36,  41,  41,  41,
         41,  41,  41,  41,  20,  20,  20,  20,  20,  20,  20,  20,  20,   6,   6,   6,   6,   6,   6,   6,  19,  19,  19,  19,  19,  19,  19,  19,  19,  51,  51,  51,
         50,  50,  50,  50,  23,  23,  23,  23,  23,  23,  23,  23,  23,  60,  60,  60,  60,  60,  60,  60,  35,  35,  35,  35,  35,  35,  35,  35,  35,  40,  40,  40,
         40,  40,  40,  40,  17,  17,  17,  17,  17,  17,  17,  17,  17,   4,   4,   4,   4,   4,   4,   4,  13,  13,  13,  13,  13,  13,  13,  13,  13,  50,  50,  50,
         48,  48,  48,  48,  22,  22,  22,  22,  22,  22,  22,  22,  22,  59,  59,  59,  59,  59,  59,  59,  34,  34,  34,  34,  34,  34,  34,  34,  34,  39,  39,  39,
         39,  39,  39,  39,  16,  16,  16,  16,  16,  16,  16,  16,  16,   3,   3,   3,   3,   3,   3,   3,  10,  10,  10,  10,  10,  10,  10,  10,  10,  48,  48,  48,
         47,  47,  47,  47,  12,  12,  12,  12,  12,  12,  12,  12,  12,  58,  58,  58,  58,  58,  58,  58,  33,  33,  33,  33,  33,  33,  33,  33,  33,  38,  38,  38,
         38,  38,  38,  38,  15,  15,  15,  15,  15,  15,  15,  15,  15,   2,   2,   2,   2,   2,   2,   2,   9,   9,   9,   9,   9,   9,   9,   9,   9,  47,  47,  47,
         46,  46,  46,  46,  11,  11,  11,  11,  11,  11,  11,  11,  11,  57,  57,  57,  57,  57,  57,  57,  32,  32,  32,  32,  32,  32,  32,  32,  32,  37,  37,  37,
         37,  37,  37,  37,  14,  14,  14,  14,  14,  14,  14,  14,  14,   0,   0,   0,   0,   0,   0,   0,   5,   5,   5,   5,   5,   5,   5,   5,   5,  46,  46,  46,
          1,   1,   1,   1,   1,   1,   1,   1,   1,   1,   1,   1,   1,   1,   1,   1,   1,   1,   1,   1,   1,   1,   1,   1,   1,   1,   1,   1,   1,   1,   1,   1,
          1,   1,   1,   1,   1,   1,   1,   1,   1,   1,   1,   1,   1,   1,   1,   1,   1,   1,   1,   1,   1,   1,   1,   1,   1,   1,   1,   1,   1,   1,   1,   1,
         54,  54,  54,  54,  27,  27,  27,  27,  27,  27,  27,  27,  27,  63,  63,  63,  63,  63,  63,  63,  52,  52,  52,  52,  52,  52,  52,  52,  52,  43,  43,  43,
         43,  43,  43,  43,  30,  30,  30,  30,  30,  30,  30,  30,  30,   8,   8,   8,   8,   8,   8,   8,  24,  24,  24,  24,  24,  24,  24,  24,  24,  54,  54,  54,
         53,  53,  53,  53,  26,  26,  26,  26,  26,  26,  26,  26,  26,  62,  62,  62,  62,  62,  62,  62,  44,  44,  44,  44,  44,  44,  44,  44,  44,  42,  42,  42,
         42,  42,  42,  42,  29,  29,  29,  29,  29,  29,  29,  29,  29,   7,   7,   7,   7,   7,   7,   7,  21,  21,  21,  21,  21,  21,  21,  21,  21,  53,  53,  53,
         51,  51,  51,  51,  25,  25,  25,  25,  25,  25,  25,  25,  25,  61,  61,  61,  61,  61,  61,  61,  36,  36,  36,  36,  36,  36,  36,  36,  36,  41,  41,  41,
         41,  41,  41,  41,  20,  20,  20,  20,  20,  20,  20,  20,  20,   6,   6,   6,   6,   6,   6,   6,  19,  19,  19,  19,  19,  19,  19,  19,  19,  51,  51,  51,
         50,  50,  50,  50,  23,  23,  23,  23,  23,  23,  23,  23,  23,  60,  60,  60,  60,  60,  60,  60,  35,  35,  35,  35,  35,  35,  35,  35,  35,  40,  40,  40,
         40,  40,  40,  40,  17,  17,  17,  17,  17,  17,  17,  17,  17,   4,   4,   4,   4,   4,   4,   4,  13,  13,  13,  13,  13,  13,  13,  13,  13,  50,  50,  50,
         48,  48,  48,  48,  22,  22,  22,  22,  22,  22,  22,  22,  22,  59,  59,  59,  59,  59,  59,  59,  34,  34,  34,  34,  34,  34,  34,  34,  34,  39,  39,  39,
         39,  39,  39,  39,  16,  16,  16,  16,  16,  16,  16,  16,  16,   3,   3,   3,   3,   3,   3,   3,  10,  10,  10,  10,  10,  10,  10,  10,  10,  48,  48,  48,
         47,  47,  47,  47,  12,  12,  12,  12,  12,  12,  12,  12,  12,  58,  58,  58,  58,  58,  58,  58,  33,  33,  33,  33,  33,  33,  33,  33,  33,  38,  38,  38,
         38,  38,  38,  38,  15,  15,  15,  15,  15,  15,  15,  15,  15,   2,   2,   2,   2,   2,   2,   2,   9,   9,   9,   9,   9,   9,   9,   9,   9,  47,  47,  47,
         46,  46,  46,  46,  11,  11,  11,  11,  11,  11,  11,  11,  11,  57,  57,  57,  57,  57,  57,  57,  32,  32,  32,  32,  32,  32,  32,  32,  32,  37,  37,  37,
         37,  37,  37,  37,  14,  14,  14,  14,  14,  14,  14,  14,  14,   0,   0,   0,   0,   0,   0,   0,   5,   5,   5,   5,   5,   5,   5,   5,   5,  46,  46,  46,
         55,  55,  55,  55,  49,  49,  49,  49,  49,  49,  49,  49,  49,  64,  64,  64,  64,  64,  64,  64,  56,  56,  56,  56,  56,  56,  56,  56,  56,  45,  45,  45,
         45,  45,  45,  45,  31,  31,  31,  31,  31,  31,  31,  31,  31,  18,  18,  18,  18,  18,  18,  18,  28,  28,  28,  28,  28,  28,  28,  28,  28,  55,  55,  55,
         54,  54,  54,  54,  27,  27,  27,  27,  27,  27,  27,  27,  27,  63,  63,  63,  63,  63,  63,  63,  52,  52,  52,  52,  52,  52,  52,  52,  52,  43,  43,  43,
         43,  43,  43,  43,  30,  30,  30,  30,  30,  30,  30,  30,  30,   8,   8,   8,   8,   8,   8,   8,  24,  24,  24,  24,  24,  24,  24,  24,  24,  54,  54,  54,
         53,  53,  53,  53,  26,  26,  26,  26,  26,  26,  26,  26,  26,  62,  62,  62,  62,  62,  62,  62,  44,  44,  44,  44,  44,  44,  44,  44,  44,  42,  42,  42,
         42,  42,  42,  42,  29,  29,  29,  29,  29,  29,  29,  29,  29,   7,   7,   7,   7,   7,   7,   7,  21,  21,  21,  21,  21,  21,  21,  21,  21,  53,  53,  53,
         51,  51,  51,  51,  25,  25,  25,  25,  25,  25,  25,  25,  25,  61,  61,  61,  61,  61,  61,  61,  36,  36,  36,  36,  36,  36,  36,  36,  36,  41,  41,  41,
         41,  41,  41,  41,  20,  20,  20,  20,  20,  20,  20,  20,  20,   6,   6,   6,   6,   6,   6,   6,  19,  19,  19,  19,  19,  19,  19,  19,  19,  51,  51,  51,
         50,  50,  50,  50,  23,  23,  23,  23,  23,  23,  23,  23,  23,  60,  60,  60,  60,  60,  60,  60,  35,  35,  35,  35,  35,  35,  35,  35,  35,  40,  40,  40,
         40,  40,  40,  40,  17,  17,  17,  17,  17,  17,  17,  17,  17,   4,   4,   4,   4,   4,   4,   4,  13,  13,  13,  13,  13,  13,  13,  13,  13,  50,  50,  50,
         48,  48,  48,  48,  22,  22,  22,  22,  22,  22,  22,  22,  22,  59,  59,  59,  59,  59,  59,  59,  34,  34,  34,  34,  34,  34,  34,  34,  34,  39,  39,  39,
         39,  39,  39,  39,  16,  16,  16,  16,  16,  16,  16,  16,  16,   3,   3,   3,   3,   3,   3,   3,  10,  10,  10,  10,  10,  10,  10,  10,  10,  48,  48,  48,
         47,  47,  47,  47,  12,  12,  12,  12,  12,  12,  12,  12,  12,  58,  58,  58,  58,  58,  58,  58,  33,  33,  33,  33,  33,  33,  33,  33,  33,  38,  38,  38,
         38,  38,  38,  38,  15,  15,  15,  15,  15,  15,  15,  15,  15,   2,   2,   2,   2,   2,   2,   2,   9,   9,   9,   9,   9,   9,   9,   9,   9,  47,  47,  47,
         46,  46,  46,  46,  11,  11,  11,  11,  11,  11,  11,  11,  11,  57,  57,  57,  57,  57,  57,  57,  32,  32,  32,  32,  32,  32,  32,  32,  32,  37,  37,  37,
         37,  37,  37,  37,  14,  14,  14,  14,  14,  14,  14,  14,  14,   0,   0,   0,   0,   0,   0,   0,   5,   5,   5,   5,   5,   5,   5,   5,   5,  46,  46,  46,
          1,   1,   1,   1,   1,   1,   1,   1,   1,   1,   1,   1,   1,   1,   1,   1,   1,   1,   1,   1,   1,   1,   1,   1,   1,   1,   1,   1,   1,   1,   1,   1,
          1,   1,   1,   1,   1,   1,   1,   1,   1,   1,   1,   1,   1,   1,   1,   1,   1,   1,   1,   1,   1,   1,   1,   1,   1,   1,   1,   1,   1,   1,   1,   1,
         54,  54,  54,  54,  27,  27,  27,  27,  27,  27,  27,  27,  27,  63,  63,  63,  63,  63,  63,  63,  52,  52,  52,  52,  52,  52,  52,  52,  52,  43,  43,  43,
         43,  43,  43,  43,  30,  30,  30,  30,  30,  30,  30,  30,  30,   8,   8,   8,   8,   8,   8,   8,  24,  24,  24,  24,  24,  24,  24,  24,  24,  54,  54,  54,
         53,  53,  53,  53,  26,  26,  26,  26,  26,  26,  26,  26,  26,  62,  62,  62,  62,  62,  62,  62,  44,  44,  44,  44,  44,  44,  44,  44,  44,  42,  42,  42,
         42,  42,  42,  42,  29,  29,  29,  29,  29,  29,  29,  29,  29,   7,   7,   7,   7,   7,   7,   7,  21,  21,  21,  21,  21,  21,  21,  21,  21,  53,  53,  53,
         51,  51,  51,  51,  25,  25,  25,  25,  25,  25,  25,  25,  25,  61,  61,  61,  61,  61,  61,  61,  36,  36,  36,  36,  36,  36,  36,  36,  36,  41,  41,  41,
         41,  41,  41,  41,  20,  20,  20,  20,  20,  20,  20,  20,  20,   6,   6,   6,   6,   6,   6,   6,  19,  19,  19,  19,  19,  19,  19,  19,  19,  51,  51,  51,
         50,  50,  50,  50,  23,  23,  23,  23,  23,  23,  23,  23,  23,  60,  60,  60,  60,  60,  60,  60,  35,  35,  35,  35,  35,  35,  35,  35,  35,  40,  40,  40,
         40,  40,  40,  40,  17,  17,  17,  17,  17,  17,  17,  17,  17,   4,   4,   4,   4,   4,   4,   4,  13,  13,  13,  13,  13,  13,  13,  13,  13,  50,  50,  50,
         48,  48,  48,  48,  22,  22,  22,  22,  22,  22,  22,  22,  22,  59,  59,  59,  59,  59,  59,  59,  34,  34,  34,  34,  34,  34,  34,  34,  34,  39,  39,  39,
         39,  39,  39,  39,  16,  16,  16,  16,  16,  16,  16,  16,  16,   3,   3,   3,   3,   3,   3,   3,  10,  10,  10,  10,  10,  10,  10,  10,  10,  48,  48,  48,
         47,  47,  47,  47,  12,  12,  12,  12,  12,  12,  12,  12,  12,  58,  58,  58,  58,  58,  58,  58,  33,  33,  33,  33,  33,  33,  33,  33,  33,  38,  38,  38,
         38,  38,  38,  38,  15,  15,  15,  15,  15,  15,  15,  15,  15,   2,   2,   2,   2,   2,   2,   2,   9,   9,   9,   9,   9,   9,   9,   9,   9,  47,  47,  47,
         46,  46,  46,  46,  11,  11,  11,  11,  11,  11,  11,  11,  11,  57,  57,  57,  57,  57,  57,  57,  32,  32,  32,  32,  32,  32,  32,  32,  32,  37,  37,  37,
         37,  37,  37,  37,  14,  14,  14,  14,  14,  14,  14,  14,  14,   0,   0,   0,   0,   0,   0,   0,   5,   5,   5,   5,   5,   5,   5,   5,   5,  46,  46,  46,
         55,  55,  55,  55,  49,  49,  49,  49,  49,  49,  49,  49,  49,  64,  64,  64,  64,  64,  64,  64,  56,  56,  56,  56,  56,  56,  56,  56,  56,  45,  45,  45,
         45,  45,  45,  45,  31,  31,  31,  31,  31,  31,  31,  31,  31,  18,  18,  18,  18,  18,  18,  18,  28,  28,  28,  28,  28,  28,  28,  28,  28,  55,  55,  55,
         54,  54,  54,  54,  27,  27,  27,  27,  27,  27,  27,  27,  27,  63,  63,  63,  63,  63,  63,  63,  52,  52,  52,  52,  52,  52,  52,  52,  52,  43,  43,  43,
         43,  43,  43,  43,  30,  30,  30,  30,  30,  30,  30,  30,  30,   8,   8,   8,   8,   8,   8,   8,  24,  24,  24,  24,  24,  24,  24,  24,  24,  54,  54,  54,
         53,  53,  53,  53,  26,  26,  26,  26,  26,  26,  26,  26,  26,  62,  62,  62,  62,  62,  62,  62,  44,  44,  44,  44,  44,  44,  44,  44,  44,  42,  42,  42,
         42,  42,  42,  42,  29,  29,  29,  29,  29,  29,  29,  29,  29,   7,   7,   7,   7,   7,   7,   7,  21,  21,  21,  21,  21,  21,  21,  21,  21,  53,  53,  53,
         51,  51,  51,  51,  25,  25,  25,  25,  25,  25,  25,  25,  25,  61,  61,  61,  61,  61,  61,  61,  36,  36,  36,  36,  36,  36,  36,  36,  36,  41,  41,  41,
         41,  41,  41,  41,  20,  20,  20,  20,  20,  20,  20,  20,  20,   6,   6,   6,   6,   6,   6,   6,  19,  19,  19,  19,  19,  19,  19,  19,  19,  51,  51,  51,
         50,  50,  50,  50,  23,  23,  23,  23,  23,  23,  23,  23,  23,  60,  60,  60,  60,  60,  60,  60,  35,  35,  35,  35,  35,  35,  35,  35,  35,  40,  40,  40,
         40,  40,  40,  40,  17,  17,  17,  17,  17,  17,  17,  17,  17,   4,   4,   4,   4,   4,   4,   4,  13,  13,  13,  13,  13,  13,  13,  13,  13,  50,  50,  50,
         48,  48,  48,  48,  22,  22,  22,  22,  22,  22,  22,  22,  22,  59,  59,  59,  59,  59,  59,  59,  34,  34,  34,  34,  34,  34,  34,  34,  34,  39,  39,  39,
         39,  39,  39,  39,  16,  16,  16,  16,  16,  16,  16,  16,  16,   3,   3,   3,   3,   3,   3,   3,  10,  10,  10,  10,  10,  10,  10,  10,  10,  48,  48,  48,
         47,  47,  47,  47,  12,  12,  12,  12,  12,  12,  12,  12,  12,  58,  58,  58,  58,  58,  58,  58,  33,  33,  33,  33,  33,  33,  33,  33,  33,  38,  38,  38,
         38,  38,  38,  38,  15,  15,  15,  15,  15,  15,  15,  15,  15,   2,   2,   2,   2,   2,   2,   2,   9,   9,   9,   9,   9,   9,   9,   9,   9,  47,  47,  47,
         46,  46,  46,  46,  11,  11,  11,  11,  11,  11,  11,  11,  11,  57,  57,  57,  57,  57,  57,  57,  32,  32,  32,  32,  32,  32,  32,  32,  32,  37,  37,  37,
         37,  37,  37,  37,  14,  14,  14,  14,  14,  14,  14,  14,  14,   0,   0,   0,   0,   0,   0,   0,   5,   5,   5,   5,   5,   5,   5,   5,   5,  46,  46,  46,
    },
    {
          1,   1,   1,   1,   1,   1,   1,   1,   1,   1,   1,   1,   1,   1,   1,   1,   1,   1,   1,   1,   1,   1,   1,   1,   1,   1,   1,   1,   1,   1,   1,   1,
          1,   1,   1,   1,   1,   1,   1,   1,   1,   1,   1,   1,   1,   1,   1,   1,   1,   1,   1,   1,   1,   1,   1,   1,   1,   1,   1,   1,   1,   1,   1,   1,
         54,  54,  54,  54,  27,  27,  27,  27,  27,  27,  27,  27,  27,  63,  63,  63,  63,  63,  63,  63,  52,  52,  52,  52,  52,  52,  52,  52,  52,  43,  43,  43,
         43,  43,  43,  43,  30,  30,  30,  30,  30,  30,  30,  30,  30,   8,   8,   8,   8,   8,   8,   8,  24,  24,  24,  24,  24,  24,  24,  24,  24,  54,  54,  54,
         53,  53,  53,  53,  26,  26,  26,  26,  26,  26,  26,  26,  26,  62,  62,  62,  62,  62,  62,  62,  44,  44,  44,  44,  44,  44,  44,  44,  44,  42,  42,  42,
         42,  42,  42,  42,  29,  29,  29,  29,  29,  29,  29,  29,  29,   7,   7,   7,   7,   7,   7,   7,  21,  21,  21,  21,  21,  21,  21,  21,  21,  53,  53,  53,
         51,  51,  51,  51,  25,  25,  25,  25,  25,  25,  25,  25,  25,  61,  61,  61,  61,  61,  61,  61,  36,  36,  36,  36,  36,  36,  36,  36,  36,  41,  41,  41,
         41,  41,  41,  41,  20,  20,  20,  20,  20,  20,  20,  20,  20,   6,   6,   6,   6,   6,   6,   6,  19,  19,  19,  19,  19,  19,  19,  19,  19,  51,  51,  51,
         50,  50,  50,  50,  23,  23,  23,  23,  23,  23,  23,  23,  23,  60,  60,  60,  60,  60,  60,  60,  35,  35,  35,  35,  35,  35,  35,  35,  35,  40,  40,  40,
         40,  40,  40,  40,  17,  17,  17,  17,  17,  17,  17,  17,  17,   4,   4,   4,   4,   4,   4,   4,  13,  13,  13,  13,  13,  13,  13,  13,  13,  50,  50,  50,
         48,  48,  48,  48,  22,  22,  22,  22,  22,  22,  22,  22,  22,  59,  59,  59,  59,  59,  59,  59,  34,  34,  34,  34,  34,  34,  34,  34,  34,  39,  39,  39,
         39,  39,  39,  39,  16,  16,  16,  16,  16,  16,  16,  16,  16,   3,   3,   3,   3,   3,   3,   3,  10,  10,  10,  10,  10,  10,  10,  10,  10,  48,  48,  48,
         47,  47,  47,  47,  12,  12,  12,  12,  12,  12,  12,  12,  12,  58,  58,  58,  58,  58,  58,  58,  33,  33,  33,  33,  33,  33,  33,  33,  33,  38,  38,  38,
         38,  38,  38,  38,  15,  15,  15,  15,  15,  15,  15,  15,  15,   2,   2,   2,   2,   2,   2,   2,   9,   9,   9,   9,   9,   9,   9,   9,   9,  47,  47,  47,
         46,  46,  46,  46,  11,  11,  11,  11,  11,  11,  11,  11,  11,  57,  57,  57,  57,  57,  57,  57,  32,  32,  32,  32,  32,  32,  32,  32,  32,  37,  37,  37,
         37,  37,  37,  37,  14,  14,  14,  14,  14,  14,  14,  14,  14,   0,   0,   0,   0,   0,   0,   0,   5,   5,   5,   5,   5,   5,   5,   5,   5,  46,  46,  46,
         55,  55,  55,  55,  49,  49,  49,  49,  49,  49,  49,  49,  49,  64,  64,  64,  64,  64,  64,  64,  56,  56,  56,  56,  56,  56,  56,  56,  56,  45,  45,  45,
         45,  45,  45,  45,  31,  31,  31,  31,  31,  31,  31,  31,  31,  18,  18,  18,  18,  18,  18,  18,  28,  28,  28,  28,  28,  28,  28,  28,  28,  55,  55,  55,
         54,  54,  54,  54,  27,  27,  27,  27,  27,  27,  27,  27,  27,  63,  63,  63,  63,  63,  63,  63,  52,  52,  52,  52,  52,  52,  52,  52,  52,  43,  43,  43,
         43,  43,  43,  43,  30,  30,  30,  30,  30,  30,  30,  30,  30,   8,   8,   8,   8,   8,   8,   8,  24,  24,  24,  24,  24,  24,  24,  24,  24,  54,  54,  54,
         53,  53,  53,  53,  26,  26,  26,  26,  26,  26,  26,  26,  26,  62,  62,  62,  62,  62,  62,  62,  44,  44,  44,  44,  44,  44,  44,  44,  44,  42,  42,  42,
         42,  42,  42,  42,  29,  29,  29,  29,  29,  29,  29,  29,  29,   7,   7,   7,   7,   7,   7,   7,  21,  21,  21,  21,  21,  21,  21,  21,  21,  53,  53,  53,
         51,  51,  51,  51,  25,  25,  25,  25,  25,  25,  25,  25,  25,  61,  61,  61,  61,  61,  61,  61,  36,  36,  36,  36,  36,  36,  36,  36,  36,  41,  41,  41,
         41,  41,  41,  41,  20,  20,  20,  20,  20,  20,  20,  20,  20,   6,   6,   6,   6,   6,   6,   6,  19,  19,  19,  19,  19,  19,  19,  19,  19,  51,  51,  51,
         50,  50,  50,  50,  23,  23,  23,  23,  23,  23,  23,  23,  23,  60,  60,  60,  60,  60,  60,  60,  35,  35,  35,  35,  35,  35,  35,  35,  35,  40,  40,  40,
         40,  40,  40,  40,  17,  17,  17,  17,  17,  17,  17,  17,  17,   4,   4,   4,   4,   4,   4,   4,  13,  13,  13,  13,  13,  13,  13,  13,  13,  50,  50,  50,
         48,  48,  48,  48,  22,  22,  22,  22,  22,  22,  22,  22,  22,  59,  59,  59,  59,  59,  59,  59,  34,  34,  34,  34,  34,  34,  34,  34,  34,  39,  39,  39,
         39,  39,  39,  39,  16,  16,  16,  16,  16,  16,  16,  16,  16,   3,   3,   3,   3,   3,   3,   3,  10,  10,  10,  10,  10,  10,  10,  10,  10,  48,  48,  48,
         47,  47,  47,  47,  12,  12,  12,  12,  12,  12,  12,  12,  12,  58,  58,  58,  58,  58,  58,  58,  33,  33,  33,  33,  33,  33,  33,  33,  33,  38,  38,  38,
         38,  38,  38,  38,  15,  15,  15,  15,  15,  15,  15,  15,  15,   2,   2,   2,   2,   2,   2,   2,   9,   9,   9,   9,   9,   9,   9,   9,   9,  47,  47,  47,
         46,  46,  46,  46,  11,  11,  11,  11,  11,  11,  11,  11,  11,  57,  57,  57,  57,  57,  57,  57,  32,  32,  32,  32,  32,  32,  32,  32,  32,  37,  37,  37,
         37,  37,  37,  37,  14,  14,  14,  14,  14,  14,  14,  14,  14,   0,   0,   0,   0,   0,   0,   0,   5,   5,   5,   5,   5,   5,   5,   5,   5,  46,  46,  46,
          1,   1,   1,   1,   1,   1,   1,   1,   1,   1,   1,   1,   1,   1,   1,   1,   1,   1,   1,   1,   1,   1,   1,   1,   1,   1,   1,   1,   1,   1,   1,   1,
          1,   1,   1,   1,   1,   1,   1,   1,   1,   1,   1,   1,   1,   1,   1,   1,   1,   1,   1,   1,   1,   1,   1,   1,   1,   1,   1,   1,   1,   1,   1,   1,
         54,  54,  54,  54,  27,  27,  27,  27,  27,  27,  27,  27,  27,  63,  63,  63,  63,  63,  63,  63,  52,  52,  52,  52,  52,  52,  52,  52,  52,  43,  43,  43,
         43,  43,  43,  43,  30,  30,  30,  30,  30,  30,  30,  30,  30,   8,   8,   8,   8,   8,   8,   8,  24,  24,  24,  24,  24,  24,  24,  24,  24,  54,  54,  54,
         53,  53,  53,  53,  26,  26,  26,  26,  26,  26,  26,  26,  26,  62,  62,  62,  62,  62,  62,  62,  44,  44,  44,  44,  44,  44,  44,  44,  44,  42,  42,  42,
         42,  42,  42,  42,  29,  29,  29,  29,  29,  29,  29,  29,  29,   7,   7,   7,   7,   7,   7,   7,  21,  21,  21,  21,  21,  21,  21,  21,  21,  53,  53,  53,
         51,  51,  51,  51,  25,  25,  25,  25,  25,  25,  25,  25,  25,  61,  61,  61,  61,  61,  61,  61,  36,  36,  36,  36,  36,  36,  36,  36,  36,  41,  41,  41,
         41,  41,  41,  41,  20,  20,  20,  20,  20,  20,  20,  20,  20,   6,   6,   6,   6,   6,   6,   6,  19,  19,  19,  19,  19,  19,  19,  19,  19,  51,  51,  51,
         50,  50,  50,  50,  23,  23,  23,  23,  23,  23,  23,  23,  23,  60,  60,  60,  60,  60,  60,  60,  35,  35,  35,  35,  35,  35,  35,  35,  35,  40,  40,  40,
         40,  40,  40,  40,  17,  17,  17,  17,  17,  17,  17,  17,  17,   4,   4,   4,   4,   4,   4,   4,  13,  13,  13,  13,  13,  13,  13,  13,  13,  50,  50,  50,
         48,  48,  48,  48,  22,  22,  22,  22,  22,  22,  22,  22,  22,  59,  59,  59,  59,  59,  59,  59,  34,  34,  34,  34,  34,  34,  34,  34,  34,  39,  39,  39,
         39,  39,  39,  39,  16,  16,  16,  16,  16,  16,  16,  16,  16,   3,   3,   3,   3,   3,   3,   3,  10,  10,  10,  10,  10,  10,  10,  10,  10,  48,  48,  48,
         47,  47,  47,  47,  12,  12,  12,  12,  12,  12,  12,  12,  12,  58,  58,  58,  58,  58,  58,  58,  33,  33,  33,  33,  33,  33,  33,  33,  33,  38,  38,  38,
         38,  38,  38,  38,  15,  15,  15,  15,  15,  15,  15,  15,  15,   2,   2,   2,   2,   2,   2,   2,   9,   9,   9,   9,   9,   9,   9,   9,   9,  47,  47,  47,
         46,  46,  46,  46,  11,  11,  11,  11,  11,  11,  11,  11,  11,  57,  57,  57,  57,  57,  57,  57,  32,  32,  32,  32,  32,  32,  32,  32,  32,  37,  37,  37,
         37,  37,  37,  37,  14,  14,  14,  14,  14,  14,  14,  14,  14,   0,   0,   0,   0,   0,   0,   0,   5,   5,   5,   5,   5,   5,   5,   5,   5,  46,  46,  46,
         55,  55,  55,  55,  49,  49,  49,  49,  49,  49,  49,  49,  49,  64,  64,  64,  64,  64,  64,  64,  56,  56,  56,  56,  56,  56,  56,  56,  56,  45,  45,  45,
         45,  45,  45,  45,  31,  31,  31,  31,  31,  31,  31,  31,  31,  18,  18,  18,  18,  18,  18,  18,  28,  28,  28,  28,  28,  28,  28,  28,  28,  55,  55,  55,
         54,  54,  54,  54,  27,  27,  27,  27,  27,  27,  27,  27,  27,  63,  63,  63,  63,  63,  63,  63,  52,  52,  52,  52,  52,  52,  52,  52,  52,  43,  43,  43,
         43,  43,  43,  43,  30,  30,  30,  30,  30,  30,  30,  30,  30,   8,   8,   8,   8,   8,   8,   8,  24,  24,  24,  24,  24,  24,  24,  24,  24,  54,  54,  54,
         53,  53,  53,  53,  26,  26,  26,  26,  26,  26,  26,  26,  26,  62,  62,  62,  62,  62,  62,  62,  44,  44,  44,  44,  44,  44,  44,  44,  44,  42,  42,  42,
         42,  42,  42,  42,  29,  29,  29,  29,  29,  29,  29,  29,  29,   7,   7,   7,   7,   7,   7,   7,  21,  21,  21,  21,  21,  21,  21,  21,  21,  53,  53,  53,
         51,  51,  51,  51,  25,  25,  25,  25,  25,  25,  25,  25,  25,  61,  61,  61,  61,  61,  61,  61,  36,  36,  36,  36,  36,  36,  36,  36,  36,  41,  41,  41,
         41,  41,  41,  41,  20,  20,  20,  20,  20,  20,  20,  20,  20,   6,   6,   6,   6,   6,   6,   6,  19,  19,  19,  19,  19,  19,  19,  19,  19,  51,  51,  51,
         50,  50,  50,  50,  23,  23,  23,  23,  23,  23,  23,  23,  23,  60,  60,  60,  60,  60,  60,  60,  35,  35,  35,  35,  35,  35,  35,  35,  35,  40,  40,  40,
         40,  40,  40,  40,  17,  17,  17,  17,  17,  17,  17,  17,  17,   4,   4,   4,   4,   4,   4,   4,  13,  13,  13,  13,  13,  13,  13,  13,  13,  50,  50,  50,
         48,  48,  48,  48,  22,  22,  22,  22,  22,  22,  22,  22,  22,  59,  59,  59,  59,  59,  59,  59,  34,  34,  34,  34,  34,  34,  34,  34,  34,  39,  39,  39,
         39,  39,  39,  39,  16,  16,  16,  16,  16,  16,  16,  16,  16,   3,   3,   3,   3,   3,   3,   3,  10,  10,  10,  10,  10,  10,  10,  10,  10,  48,  48,  48,
         47,  47,  47,  47,  12,  12,  12,  12,  12,  12,  12,  12,  12,  58,  58,  58,  58,  58,  58,  58,  33,  33,  33,  33,  33,  33,  33,  33,  33,  38,  38,  38,
         38,  38,  38,  38,  15,  15,  15,  15,  15,  15,  15,  15,  15,   2,   2,   2,   2,   2,   2,   2,   9,   9,   9,   9,   9,   9,   9,   9,   9,  47,  47,  47,
         46,  46,  46,  46,  11,  11,  11,  11,  11,  11,  11,  11,  11,  57,  57,  57,  57,  57,  57,  57,  32,  32,  32,  32,  32,  32,  32,  32,  32,  37,  37,  37,
         37,  37,  37,  37,  14,  14,  14,  14,  14,  14,  14,  14,  14,   0,   0,   0,   0,   0,   0,   0,   5,   5,   5,   5,   5,   5,   5,   5,   5,  46,  46,  46,
          1,   1,   1,   1,   1,   1,   1,   1,   1,   1,   1,   1,   1,   1,   1,   1,   1,   1,   1,   1,   1,   1,   1,   1,   1,   1,   1,   1,   1,   1,   1,   1,
          1,   1,   1,   1,   1,   1,   1,   1,   1,   1,   1,   1,   1,   1,   1,   1,   1,   1,   1,   1,   1,   1,   1,   1,   1,   1,   1,   1,   1,   1,   1,   1,
         54,  54,  54,  54,  27,  27,  27,  27,  27,  27,  27,  27,  27,  63,  63,  63,  63,  63,  63,  63,  52,  52,  52,  52,  52,  52,  52,  52,  52,  43,  43,  43,
         43,  43,  43,  43,  30,  30,  30,  30,  30,  30,  30,  30,  30,   8,   8,   8,   8,   8,   8,   8,  24,  24,  24,  24,  24,  24,  24,  24,  24,  54,  54,  54,
         53,  53,  53,  53,  26,  26,  26,  26,  26,  26,  26,  26,  26,  62,  62,  62,  62,  62,  62,  62,  44,  44,  44,  44,  44,  44,  44,  44,  44,  42,  42,  42,
         42,  42,  42,  42,  29,  29,  29,  29,  29,  29,  29,  29,  29,   7,   7,   7,   7,   7,   7,   7,  21,  21,  21,  21,  21,  21,  21,  21,  21,  53,  53,  53,
         51,  51,  51,  51,  25,  25,  25,  25,  25,  25,  25,  25,  25,  61,  61,  61,  61,  61,  61,  61,  36,  36,  36,  36,  36,  36,  36,  36,  36,  41,  41,  41,
         41,  41,  41,  41,  20,  20,  20,  20,  20,  20,  20,  20,  20,   6,   6,   6,   6,   6,   6,   6,  19,  19,  19,  19,  19,  19,  19,  19,  19,  51,  51,  51,
         50,  50,  50,  50,  23,  23,  23,  23,  23,  23,  23,  23,  23,  60,  60,  60,  60,  60,  60,  60,  35,  35,  35,  35,  35,  35,  35,  35,  35,  40,  40,  40,
         40,  40,  40,  40,  17,  17,  17,  17,  17,  17,  17,  17,  17,   4,   4,   4,   4,   4,   4,   4,  13,  13,  13,  13,  13,  13,  13,  13,  13,  50,  50,  50,
         48,  48,  48,  48,  22,  22,  22,  22,  22,  22,  22,  22,  22,  59,  59,  59,  59,  59,  59,  59,  34,  34,  34,  34,  34,  34,  34,  34,  34,  39,  39,  39,
         39,  39,  39,  39,  16,  16,  16,  16,  16,  16,  16,  16,  16,   3,   3,   3,   3,   3,   3,   3,  10,  10,  10,  10,  10,  10,  10,  10,  10,  48,  48,  48,
         47,  47,  47,  47,  12,  12,  12,  12,  12,  12,  12,  12,  12,  58,  58,  58,  58,  58,  58,  58,  33,  33,  33,  33,  33,  33,  33,  33,  33,  38,  38,  38,
         38,  38,  38,  38,  15,  15,  15,  15,  15,  15,  15,  15,  15,   2,   2,   2,   2,   2,   2,   2,   9,   9,   9,   9,   9,   9,   9,   9,   9,  47,  47,  47,
         46,  46,  46,  46,  11,  11,  11,  11,  11,  11,  11,  11,  11,  57,  57,  57,  57,  57,  57,  57,  32,  32,  32,  32,  32,  32,  32,  32,  32,  37,  37,  37,
         37,  37,  37,  37,  14,  14,  14,  14,  14,  14,  14,  14,  14,   0,   0,   0,   0,   0,   0,   0,   5,   5,   5,   5,   5,   5,   5,   5,   5,  46,  46,  46,
         55,  55,  55,  55,  49,  49,  49,  49,  49,  49,  49,  49,  49,  64,  64,  64,  64,  64,  64,  64,  56,  56,  56,  56,  56,  56,  56,  56,  56,  45,  45,  45,
         45,  45,  45,  45,  31,  31,  31,  31,  31,  31,  31,  31,  31,  18,  18,  18,  18,  18,  18,  18,  28,  28,  28,  28,  28,  28,  28,  28,  28,  55,  55,  55,
         54,  54,  54,  54,  27,  27,  27,  27,  27,  27,  27,  27,  27,  63,  63,  63,  63,  63,  63,  63,  52,  52,  52,  52,  52,  52,  52,  52,  52,  43,  43,  43,
         43,  43,  43,  43,  30,  30,  30,  30,  30,  30,  30,  30,  30,   8,   8,   8,   8,   8,   8,   8,  24,  24,  24,  24,  24,  24,  24,  24,  24,  54,  54,  54,
         53,  53,  53,  53,  26,  26,  26,  26,  26,  26,  26,  26,  26,  62,  62,  62,  62,  62,  62,  62,  44,  44,  44,  44,  44,  44,  44,  44,  44,  42,  42,  42,
         42,  42,  42,  42,  29,  29,  29,  29,  29,  29,  29,  29,  29,   7,   7,   7,   7,   7,   7,   7,  21,  21,  21,  21,  21,  21,  21,  21,  21,  53,  53,  53,
         51,  51,  51,  51,  25,  25,  25,  25,  25,  25,  25,  25,  25,  61,  61,  61,  61,  61,  61,  61,  36,  36,  36,  36,  36,  36,  36,  36,  36,  41,  41,  41,
         41,  41,  41,  41,  20,  20,  20,  20,  20,  20,  20,  20,  20,   6,   6,   6,   6,   6,   6,   6,  19,  19,  19,  19,  19,  19,  19,  19,  19,  51,  51,  51,
         50,  50,  50,  50,  23,  23,  23,  23,  23,  23,  23,  23,  23,  60,  60,  60,  60,  60,  60,  60,  35,  35,  35,  35,  35,  35,  35,  35,  35,  40,  40,  40,
         40,  40,  40,  40,  17,  17,  17,  17,  17,  17,  17,  17,  17,   4,   4,   4,   4,   4,   4,   4,  13,  13,  13,  13,  13,  13,  13,  13,  13,  50,  50,  50,
         48,  48,  48,  48,  22,  22,  22,  22,  22,  22,  22,  22,  22,  59,  59,  59,  59,  59,  59,  59,  34,  34,  34,  34,  34,  34,  34,  34,  34,  39,  39,  39,
         39,  39,  39,  39,  16,  16,  16,  16,  16,  16,  16,  16,  16,   3,   3,   3,   3,   3,   3,   3,  10,  10,  10,  10,  10,  10,  10,  10,  10,  48,  48,  48,
         47,  47,  47,  47,  12,  12,  12,  12,  12,  12,  12,  12,  12,  58,  58,  58,  58,  58,  58,  58,  33,  33,  33,  33,  33,  33,  33,  33,  33,  38,  38,  38,
         38,  38,  38,  38,  15,  15,  15,  15,  15,  15,  15,  15,  15,   2,   2,   2,   2,   2,   2,   2,   9,   9,   9,   9,   9,   9,   9,   9,   9,  47,  47,  47,
         46,  46,  46,  46,  11,  11,  11,  11,  11,  11,  11,  11,  11,  57,  57,  57,  57,  57,  57,  57,  32,  32,  32,  32,  32,  32,  32,  32,  32,  37,  37,  37,
         37,  37,  37,  37,  14,  14,  14,  14,  14,  14,  14,  14,  14,   0,   0,   0,   0,   0,   0,   0,   5,   5,   5,   5,   5,   5,   5,   5,   5,  46,  46,  46,
          1,   1,   1,   1,   1,   1,   1,   1,   1,   1,   1,   1,   1,   1,   1,   1,   1,   1,   1,   1,   1,   1,   1,   1,   1,   1,   1,   1,   1,   1,   1,   1,
          1,   1,   1,   1,   1,   1,   1,   1,   1,   1,   1,   1,   1,   1,   1,   1,   1,   1,   1,   1,   1,   1,   1,   1,   1,   1,   1,   1,   1,   1,   1,   1,
         54,  54,  54,  54,  27,  27,  27,  27,  27,  27,  27,  27,  27,  63,  63,  63,  63,  63,  63,  63,  52,  52,  52,  52,  52,  52,  52,  52,  52,  43,  43,  43,
         43,  43,  43,  43,  30,  30,  30,  30,  30,  30,  30,  30,  30,   8,   8,   8,   8,   8,   8,   8,  24,  24,  24,  24,  24,  24,  24,  24,  24,  54,  54,  54,
         53,  53,  53,  53,  26,  26,  26,  26,  26,  26,  26,  26,  26,  62,  62,  62,  62,  62,  62,  62,  44,  44,  44,  44,  44,  44,  44,  44,  44,  42,  42,  42,
         42,  42,  42,  42,  29,  29,  29,  29,  29,  29,  29,  29,  29,   7,   7,   7,   7,   7,   7,   7,  21,  21,  21,  21,  21,  21,  21,  21,  21,  53,  53,  53,
         51,  51,  51,  51,  25,  25,  25,  25,  25,  25,  25,  25,  25,  61,  61,  61,  61,  61,  61,  61,  36,  36,  36,  36,  36,  36,  36,  36,  36,  41,  41,  41,
         41,  41,  41,  41,  20,  20,  20,  20,  20,  20,  20,  20,  20,   6,   6,   6,   6,   6,   6,   6,  19,  19,  19,  19,  19,  19,  19,  19,  19,  51,  51,  51,
         50,  50,  50,  50,  23,  23,  23,  23,  23,  23,  23,  23,  23,  60,  60,  60,  60,  60,  60,  60,  35,  35,  35,  35,  35,  35,  35,  35,  35,  40,  40,  40,
         40,  40,  40,  40,  17,  17,  17,  17,  17,  17,  17,  17,  17,   4,   4,   4,   4,   4,   4,   4,  13,  13,  13,  13,  13,  13,  13,  13,  13,  50,  50,  50,
         48,  48,  48,  48,  22,  22,  22,  22,  22,  22,  22,  22,  22,  59,  59,  59,  59,  59,  59,  59,  34,  34,  34,  34,  34,  34,  34,  34,  34,  39,  39,  39,
         39,  39,  39,  39,  16,  16,  16,  16,  16,  16,  16,  16,  16,   3,   3,   3,   3,   3,   3,   3,  10,  10,  10,  10,  10,  10,  10,  10,  10,  48,  48,  48,
         47,  47,  47,  47,  12,  12,  12,  12,  12,  12,  12,  12,  12,  58,  58,  58,  58,  58,  58,  58,  33,  33,  33,  33,  33,  33,  33,  33,  33,  38,  38,  38,
         38,  38,  38,  38,  15,  15,  15,  15,  15,  15,  15,  15,  15,   2,   2,   2,   2,   2,   2,   2,   9,   9,   9,   9,   9,   9,   9,   9,   9,  47,  47,  47,
         46,  46,  46,  46,  11,  11,  11,  11,  11,  11,  11,  11,  11,  57,  57,  57,  57,  57,  57,  57,  32,  32,  32,  32,  32,  32,  32,  32,  32,  37,  37,  37,
         37,  37,  37,  37,  14,  14,  14,  14,  14,  14,  14,  14,  14,   0,   0,   0,   0,   0,   0,   0,   5,   5,   5,   5,   5,   5,   5,   5,   5,  46,  46,  46,
         55,  55,  55,  55,  49,  49,  49,  49,  49,  49,  49,  49,  49,  64,  64,  64,  64,  64,  64,  64,  56,  56,  56,  56,  56,  56,  56,  56,  56,  45,  45,  45,
         45,  45,  45,  45,  31,  31,  31,  31,  31,  31,  31,  31,  31,  18,  18,  18,  18,  18,  18,  18,  28,  28,  28,  28,  28,  28,  28,  28,  28,  55,  55,  55,
         54,  54,  54,  54,  27,  27,  27,  27,  27,  27,  27,  27,  27,  63,  63,  63,  63,  63,  63,  63,  52,  52,  52,  52,  52,  52,  52,  52,  52,  43,  43,  43,
         43,  43,  43,  43,  30,  30,  30,  30,  30,  30,  30,  30,  30,   8,   8,   8,   8,   8,   8,   8,  24,  24,  24,  24,  24,  24,  24,  24,  24,  54,  54,  54,
         53,  53,  53,  53,  26,  26,  26,  26,  26,  26,  26,  26,  26,  62,  62,  62,  62,  62,  62,  62,  44,  44,  44,  44,  44,  44,  44,  44,  44,  42,  42,  42,
         42,  42,  42,  42,  29,  29,  29,  29,  29,  29,  29,  29,  29,   7,   7,   7,   7,   7,   7,   7,  21,  21,  21,  21,  21,  21,  21,  21,  21,  53,  53,  53,
         51,  51,  51,  51,  25,  25,  25,  25,  25,  25,  25,  25,  25,  61,  61,  61,  61,  61,  61,  61,  36,  36,  36,  36,  36,  36,  36,  36,  36,  41,  41,  41,
         41,  41,  41,  41,  20,  20,  20,  20,  20,  20,  20,  20,  20,   6,   6,   6,   6,   6,   6,   6,  19,  19,  19,  19,  19,  19,  19,  19,  19,  51,  51,  51,
         50,  50,  50,  50,  23,  23,  23,  23,  23,  23,  23,  23,  23,  60,  60,  60,  60,  60,  60,  60,  35,  35,  35,  35,  35,  35,  35,  35,  35,  40,  40,  40,
         40,  40,  40,  40,  17,  17,  17,  17,  17,  17,  17,  17,  17,   4,   4,   4,   4,   4,   4,   4,  13,  13,  13,  13,  13,  13,  13,  13,  13,  50,  50,  50,
         48,  48,  48,  48,  22,  22,  22,  22,  22,  22,  22,  22,  22,  59,  59,  59,  59,  59,  59,  59,  34,  34,  34,  34,  34,  34,  34,  34,  34,  39,  39,  39,
         39,  39,  39,  39,  16,  16,  16,  16,  16,  16,  16,  16,  16,   3,   3,   3,   3,   3,   3,   3,  10,  10,  10,  10,  10,  10,  10,  10,  10,  48,  48,  48,
         47,  47,  47,  47,  12,  12,  12,  12,  12,  12,  12,  12,  12,  58,  58,  58,  58,  58,  58,  58,  33,  33,  33,  33,  33,  33,  33,  33,  33,  38,  38,  38,
         38,  38,  38,  38,  15,  15,  15,  15,  15,  15,  15,  15,  15,   2,   2,   2,   2,   2,   2,   2,   9,   9,   9,   9,   9,   9,   9,   9,   9,  47,  47,  47,
         46,  46,  46,  46,  11,  11,  11,  11,  11,  11,  11,  11,  11,  57,  57,  57,  57,  57,  57,  57,  32,  32,  32,  32,  32,  32,  32,  32,  32,  37,  37,  37,
         37,  37,  37,  37,  14,  14,  14,  14,  14,  14,  14,  14,  14,   0,   0,   0,   0,   0,   0,   0,   5,   5,   5,   5,   5,   5,   5,   5,   5,  46,  46,  46,
    },
    {
          1,   1,   1,   1,   1,   1,   1,   1,   1,   1,   1,   1,   1,   1,   1,   1,   1,   1,   1,   1,   1,   1,   1,   1,   1,   1,   1,   1,   1,   1,   1,   1,
          1,   1,   1,   1,   1,   1,   1,   1,   1,   1,   1,   1,   1,   1,   1,   1,   1,   1,   1,   1,   1,   1,   1,   1,   1,   1,   1,   1,   1,   1,   1,   1,
         54,  54,  54,  54,  27,  27,  27,  27,  27,  27,  27,  27,  27,  63,  63,  63,  63,  63,  63,  63,  52,  52,  52,  52,  52,  52,  52,  52,  52,  43,  43,  43,
         43,  43,  43,  43,  30,  30,  30,  30,  30,  30,  30,  30,  30,   8,   8,   8,   8,   8,   8,   8,  24,  24,  24,  24,  24,  24,  24,  24,  24,  54,  54,  54,
         53,  53,  53,  53,  26,  26,  26,  26,  26,  26,  26,  26,  26,  62,  62,  62,  62,  62,  62,  62,  44,  44,  44,  44,  44,  44,  44,  44,  44,  42,  42,  42,
         42,  42,  42,  42,  29,  29,  29,  29,  29,  29,  29,  29,  29,   7,   7,   7,   7,   7,   7,   7,  21,  21,  21,  21,  21,  21,  21,  21,  21,  53,  53,  53,
         51,  51,  51,  51,  25,  25,  25,  25,  25,  25,  25,  25,  25,  61,  61,  61,  61,  61,  61,  61,  36,  36,  36,  36,  36,  36,  36,  36,  36,  41,  41,  41,
         41,  41,  41,  41,  20,  20,  20,  20,  20,  20,  20,  20,  20,   6,   6,   6,   6,   6,   6,   6,  19,  19,  19,  19,  19,  19,  19,  19,  19,  51,  51,  51,
         50,  50,  50,  50,  23,  23,  23,  23,  23,  23,  23,  23,  23,  60,  60,  60,  60,  60,  60,  60,  35,  35,  35,  35,  35,  35,  35,  35,  35,  40,  40,  40,
         40,  40,  40,  40,  17,  17,  17,  17,  17,  17,  17,  17,  17,   4,   4,   4,   4,   4,   4,   4,  13,  13,  13,  13,  13,  13,  13,  13,  13,  50,  50,  50,
         48,  48,  48,  48,  22,  22,  22,  22,  22,  22,  22,  22,  22,  59,  59,  59,  59,  59,  59,  59,  34,  34,  34,  34,  34,  34,  34,  34,  34,  39,  39,  39,
         39,  39,  39,  39,  16,  16,  16,  16,  16,  16,  16,  16,  16,   3,   3,   3,   3,   3,   3,   3,  10,  10,  10,  10,  10,  10,  10,  10,  10,  48,  48,  48,
         47,  47,  47,  47,  12,  12,  12,  12,  12,  12,  12,  12,  12,  58,  58,  58,  58,  58,  58,  58,  33,  33,  33,  33,  33,  33,  33,  33,  33,  38,  38,  38,
         38,  38,  38,  38,  15,  15,  15,  15,  15,  15,  15,  15,  15,   2,   2,   2,   2,   2,   2,   2,   9,   9,   9,   9,   9,   9,   9,   9,   9,  47,  47,  47,
         46,  46,  46,  46,  11,  11,  11,  11,  11,  11,  11,  11,  11,  57,  57,  57,  57,  57,  57,  57,  32,  32,  32,  32,  32,  32,  32,  32,  32,  37,  37,  37,
         37,  37,  37,  37,  14,  14,  14,  14,  14,  14,  14,  14,  14,   0,   0,   0,   0,   0,   0,   0,   5,   5,   5,   5,   5,   5,   5,   5,   5,  46,  46,  46,
         55,  55,  55,  55,  49,  49,  49,  49,  49,  49,  49,  49,  49,  64,  64,  64,  64,  64,  64,  64,  56,  56,  56,  56,  56,  56,  56,  56,  56,  45,  45,  45,
         45,  45,  45,  45,  31,  31,  31,  31,  31,  31,  31,  31,  31,  18,  18,  18,  18,  18,  18,  18,  28,  28,  28,  28,  28,  28,  28,  28,  28,  55,  55,  55,
         54,  54,  54,  54,  27,  27,  27,  27,  27,  27,  27,  27,  27,  63,  63,  63,  63,  63,  63,  63,  52,  52,  52,  52,  52,  52,  52,  52,  52,  43,  43,  43,
         43,  43,  43,  43,  30,  30,  30,  30,  30,  30,  30,  30,  30,   8,   8,   8,   8,   8,   8,   8,  24,  24,  24,  24,  24,  24,  24,  24,  24,  54,  54,  54,
         53,  53,  53,  53,  26,  26,  26,  26,  26,  26,  26,  26,  26,  62,  62,  62,  62,  62,  62,  62,  44,  44,  44,  44,  44,  44,  44,  44,  44,  42,  42,  42,
         42,  42,  42,  42,  29,  29,  29,  29,  29,  29,  29,  29,  29,   7,   7,   7,   7,   7,   7,   7,  21,  21,  21,  21,  21,  21,  21,  21,  21,  53,  53,  53,
         51,  51,  51,  51,  25,  25,  25,  25,  25,  25,  25,  25,  25,  61,  61,  61,  61,  61,  61,  61,  36,  36,  36,  36,  36,  36,  36,  36,  36,  41,  41,  41,
         41,  41,  41,  41,  20,  20,  20,  20,  20,  20,  20,  20,  20,   6,   6,   6,   6,   6,   6,   6,  19,  19,  19,  19,  19,  19,  19,  19,  19,  51,  51,  51,
         50,  50,  50,  50,  23,  23,  23,  23,  23,  23,  23,  23,  23,  60,  60,  60,  60,  60,  60,  60,  35,  35,  35,  35,  35,  35,  35,  35,  35,  40,  40,  40,
         40,  40,  40,  40,  17,  17,  17,  17,  17,  17,  17,  17,  17,   4,   4,   4,   4,   4,   4,   4,  13,  13,  13,  13,  13,  13,  13,  13,  13,  50,  50,  50,
         48,  48,  48,  48,  22,  22,  22,  22,  22,  22,  22,  22,  22,  59,  59,  59,  59,  59,  59,  59,  34,  34,  34,  34,  34,  34,  34,  34,  34,  39,  39,  39,
         39,  39,  39,  39,  16,  16,  16,  16,  16,  16,  16,  16,  16,   3,   3,   3,   3,   3,   3,   3,  10,  10,  10,  10,  10,  10,  10,  10,  10,  48,  48,  48,
         47,  47,  47,  47,  12,  12,  12,  12,  12,  12,  12,  12,  12,  58,  58,  58,  58,  58,  58,  58,  33,  33,  33,  33,  33,  33,  33,  33,  33,  38,  38,  38,
         38,  38,  38,  38,  15,  15,  15,  15,  15,  15,  15,  15,  15,   2,   2,   2,   2,   2,   2,   2,   9,   9,   9,   9,   9,   9,   9,   9,   9,  47,  47,  47,
         46,  46,  46,  46,  11,  11,  11,  11,  11,  11,  11,  11,  11,  57,  57,  57,  57,  57,  57,  57,  32,  32,  32,  32,  32,  32,  32,  32,  32,  37,  37,  37,
         37,  37,  37,  37,  14,  14,  14,  14,  14,  14,  14,  14,  14,   0,   0,   0,   0,   0,   0,   0,   5,   5,   5,   5,   5,   5,   5,   5,   5,  46,  46,  46,
          1,   1,   1,   1,   1,   1,   1,   1,   1,   1,   1,   1,   1,   1,   1,   1,   1,   1,   1,   1,   1,   1,   1,   1,   1,   1,   1,   1,   1,   1,   1,   1,
          1,   1,   1,   1,   1,   1,   1,   1,   1,   1,   1,   1,   1,   1,   1,   1,   1,   1,   1,   1,   1,   1,   1,   1,   1,   1,   1,   1,   1,   1,   1,   1,
         54,  54,  54,  54,  27,  27,  27,  27,  27,  27,  27,  27,  27,  63,  63,  63,  63,  63,  63,  63,  52,  52,  52,  52,  52,  52,  52,  52,  52,  43,  43,  43,
         43,  43,  43,  43,  30,  30,  30,  30,  30,  30,  30,  30,  30,   8,   8,   8,   8,   8,   8,   8,  24,  24,  24,  24,  24,  24,  24,  24,  24,  54,  54,  54,
         53,  53,  53,  53,  26,  26,  26,  26,  26,  26,  26,  26,  26,  62,  62,  62,  62,  62,  62,  62,  44,  44,  44,  44,  44,  44,  44,  44,  44,  42,  42,  42,
         42,  42,  42,  42,  29,  29,  29,  29,  29,  29,  29,  29,  29,   7,   7,   7,   7,   7,   7,   7,  21,  21,  21,  21,  21,  21,  21,  21,  21,  53,  53,  53,
         51,  51,  51,  51,  25,  25,  25,  25,  25,  25,  25,  25,  25,  61,  61,  61,  61,  61,  61,  61,  36,  36,  36,  36,  36,  36,  36,  36,  36,  41,  41,  41,
         41,  41,  41,  41,  20,  20,  20,  20,  20,  20,  20,  20,  20,   6,   6,   6,   6,   6,   6,   6,  19,  19,  19,  19,  19,  19,  19,  19,  19,  51,  51,  51,
         50,  50,  50,  50,  23,  23,  23,  23,  23,  23,  23,  23,  23,  60,  60,  60,  60,  60,  60,  60,  35,  35,  35,  35,  35,  35,  35,  35,  35,  40,  40,  40,
         40,  40,  40,  40,  17,  17,  17,  17,  17,  17,  17,  17,  17,   4,   4,   4,   4,   4,   4,   4,  13,  13,  13,  13,  13,  13,  13,  13,  13,  50,  50,  50,
         48,  48,  48,  48,  22,  22,  22,  22,  22,  22,  22,  22,  22,  59,  59,  59,  59,  59,  59,  59,  34,  34,  34,  34,  34,  34,  34,  34,  34,  39,  39,  39,
         39,  39,  39,  39,  16,  16,  16,  16,  16,  16,  16,  16,  16,   3,   3,   3,   3,   3,   3,   3,  10,  10,  10,  10,  10,  10,  10,  10,  10,  48,  48,  48,
         47,  47,  47,  47,  12,  12,  12,  12,  12,  12,  12,  12,  12,  58,  58,  58,  58,  58,  58,  58,  33,  33,  33,  33,  33,  33,  33,  33,  33,  38,  38,  38,
         38,  38,  38,  38,  15,  15,  15,  15,  15,  15,  15,  15,  15,   2,   2,   2,   2,   2,   2,   2,   9,   9,   9,   9,   9,   9,   9,   9,   9,  47,  47,  47,
         46,  46,  46,  46,  11,  11,  11,  11,  11,  11,  11,  11,  11,  57,  57,  57,  57,  57,  57,  57,  32,  32,  32,  32,  32,  32,  32,  32,  32,  37,  37,  37,
         37,  37,  37,  37,  14,  14,  14,  14,  14,  14,  14,  14,  14,   0,   0,   0,   0,   0,   0,   0,   5,   5,   5,   5,   5,   5,   5,   5,   5,  46,  46,  46,
         55,  55,  55,  55,  49,  49,  49,  49,  49,  49,  49,  49,  49,  64,  64,  64,  64,  64,  64,  64,  56,  56,  56,  56,  56,  56,  56,  56,  56,  45,  45,  45,
         45,  45,  45,  45,  31,  31,  31,  31,  31,  31,  31,  31,  31,  18,  18,  18,  18,  18,  18,  18,  28,  28,  28,  28,  28,  28,  28,  28,  28,  55,  55,  55,
         54,  54,  54,  54,  27,  27,  27,  27,  27,  27,  27,  27,  27,  63,  63,  63,  63,  63,  63,  63,  52,  52,  52,  52,  52,  52,  52,  52,  52,  43,  43,  43,
         43,  43,  43,  43,  30,  30,  30,  30,  30,  30,  30,  30,  30,   8,   8,   8,   8,   8,   8,   8,  24,  24,  24,  24,  24,  24,  24,  24,  24,  54,  54,  54,
         53,  53,  53,  53,  26,  26,  26,  26,  26,  26,  26,  26,  26,  62,  62,  62,  62,  62,  62,  62,  44,  44,  44,  44,  44,  44,  44,  44,  44,  42,  42,  42,
         42,  42,  42,  42,  29,  29,  29,  29,  29,  29,  29,  29,  29,   7,   7,   7,   7,   7,   7,   7,  21,  21,  21,  21,  21,  21,  21,  21,  21,  53,  53,  53,
         51,  51,  51,  51,  25,  25,  25,  25,  25,  25,  25,  25,  25,  61,  61,  61,  61,  61,  61,  61,  36,  36,  36,  36,  36,  36,  36,  36,  36,  41,  41,  41,
         41,  41,  41,  41,  20,  20,  20,  20,  20,  20,  20,  20,  20,   6,   6,   6,   6,   6,   6,   6,  19,  19,  19,  19,  19,  19,  19,  19,  19,  51,  51,  51,
         50,  50,  50,  50,  23,  23,  23,  23,  23,  23,  23,  23,  23,  60,  60,  60,  60,  60,  60,  60,  35,  35,  35,  35,  35,  35,  35,  35,  35,  40,  40,  40,
         40,  40,  40,  40,  17,  17,  17,  17,  17,  17,  17,  17,  17,   4,   4,   4,   4,   4,   4,   4,  13,  13,  13,  13,  13,  13,  13,  13,  13,  50,  50,  50,
         48,  48,  48,  48,  22,  22,  22,  22,  22,  22,  22,  22,  22,  59,  59,  59,  59,  59,  59,  59,  34,  34,  34,  34,  34,  34,  34,  34,  34,  39,  39,  39,
         39,  39,  39,  39,  16,  16,  16,  16,  16,  16,  16,  16,  16,   3,   3,   3,   3,   3,   3,   3,  10,  10,  10,  10,  10,  10,  10,  10,  10,  48,  48,  48,
         47,  47,  47,  47,  12,  12,  12,  12,  12,  12,  12,  12,  12,  58,  58,  58,  58,  58,  58,  58,  33,  33,  33,  33,  33,  33,  33,  33,  33,  38,  38,  38,
         38,  38,  38,  38,  15,  15,  15,  15,  15,  15,  15,  15,  15,   2,   2,   2,   2,   2,   2,   2,   9,   9,   9,   9,   9,   9,   9,   9,   9,  47,  47,  47,
         46,  46,  46,  46,  11,  11,  11,  11,  11,  11,  11,  11,  11,  57,  57,  57,  57,  57,  57,  57,  32,  32,  32,  32,  32,  32,  32,  32,  32,  37,  37,  37,
         37,  37,  37,  37,  14,  14,  14,  14,  14,  14,  14,  14,  14,   0,   0,   0,   0,   0,   0,   0,   5,   5,   5,   5,   5,   5,   5,   5,   5,  46,  46,  46,
          1,   1,   1,   1,   1,   1,   1,   1,   1,   1,   1,   1,   1,   1,   1,   1,   1,   1,   1,   1,   1,   1,   1,   1,   1,   1,   1,   1,   1,   1,   1,   1,
          1,   1,   1,   1,   1,   1,   1,   1,   1,   1,   1,   1,   1,   1,   1,   1,   1,   1,   1,   1,   1,   1,   1,   1,   1,   1,   1,   1,   1,   1,   1,   1,
         54,  54,  54,  54,  27,  27,  27,  27,  27,  27,  27,  27,  27,  63,  63,  63,  63,  63,  63,  63,  52,  52,  52,  52,  52,  52,  52,  52,  52,  43,  43,  43,
         43,  43,  43,  43,  30,  30,  30,  30,  30,  30,  30,  30,  30,   8,   8,   8,   8,   8,   8,   8,  24,  24,  24,  24,  24,  24,  24,  24,  24,  54,  54,  54,
         53,  53,  53,  53,  26,  26,  26,  26,  26,  26,  26,  26,  26,  62,  62,  62,  62,  62,  62,  62,  44,  44,  44,  44,  44,  44,  44,  44,  44,  42,  42,  42,
         42,  42,  42,  42,  29,  29,  29,  29,  29,  29,  29,  29,  29,   7,   7,   7,   7,   7,   7,   7,  21,  21,  21,  21,  21,  21,  21,  21,  21,  53,  53,  53,
         51,  51,  51,  51,  25,  25,  25,  25,  25,  25,  25,  25,  25,  61,  61,  61,  61,  61,  61,  61,  36,  36,  36,  36,  36,  36,  36,  36,  36,  41,  41,  41,
         41,  41,  41,  41,  20,  20,  20,  20,  20,  20,  20,  20,  20,   6,   6,   6,   6,   6,   6,   6,  19,  19,  19,  19,  19,  19,  19,  19,  19,  51,  51,  51,
         50,  50,  50,  50,  23,  23,  23,  23,  23,  23,  23,  23,  23,  60,  60,  60,  60,  60,  60,  60,  35,  35,  35,  35,  35,  35,  35,  35,  35,  40,  40,  40,
         40,  40,  40,  40,  17,  17,  17,  17,  17,  17,  17,  17,  17,   4,   4,   4,   4,   4,   4,   4,  13,  13,  13,  13,  13,  13,  13,  13,  13,  50,  50,  50,
         48,  48,  48,  48,  22,  22,  22,  22,  22,  22,  22,  22,  22,  59,  59,  59,  59,  59,  59,  59,  34,  34,  34,  34,  34,  34,  34,  34,  34,  39,  39,  39,
         39,  39,  39,  39,  16,  16,  16,  16,  16,  16,  16,  16,  16,   3,   3,   3,   3,   3,   3,   3,  10,  10,  10,  10,  10,  10,  10,  10,  10,  48,  48,  48,
         47,  47,  47,  47,  12,  12,  12,  12,  12,  12,  12,  12,  12,  58,  58,  58,  58,  58,  58,  58,  33,  33,  33,  33,  33,  33,  33,  33,  33,  38,  38,  38,
         38,  38,  38,  38,  15,  15,  15,  15,  15,  15,  15,  15,  15,   2,   2,   2,   2,   2,   2,   2,   9,   9,   9,   9,   9,   9,   9,   9,   9,  47,  47,  47,
         46,  46,  46,  46,  11,  11,  11,  11,  11,  11,  11,  11,  11,  57,  57,  57,  57,  57,  57,  57,  32,  32,  32,  32,  32,  32,  32,  32,  32,  37,  37,  37,
         37,  37,  37,  37,  14,  14,  14,  14,  14,  14,  14,  14,  14,   0,   0,   0,   0,   0,   0,   0,   5,   5,   5,   5,   5,   5,   5,   5,   5,  46,  46,  46,
         55,  55,  55,  55,  49,  49,  49,  49,  49,  49,  49,  49,  49,  64,  64,  64,  64,  64,  64,  64,  56,  56,  56,  56,  56,  56,  56,  56,  56,  45,  45,  45,
         45,  45,  45,  45,  31,  31,  31,  31,  31,  31,  31,  31,  31,  18,  18,  18,  18,  18,  18,  18,  28,  28,  28,  28,  28,  28,  28,  28,  28,  55,  55,  55,
         54,  54,  54,  54,  27,  27,  27,  27,  27,  27,  27,  27,  27,  63,  63,  63,  63,  63,  63,  63,  52,  52,  52,  52,  52,  52,  52,  52,  52,  43,  43,  43,
         43,  43,  43,  43,  30,  30,  30,  30,  30,  30,  30,  30,  30,   8,   8,   8,   8,   8,   8,   8,  24,  24,  24,  24,  24,  24,  24,  24,  24,  54,  54,  54,
         53,  53,  53,  53,  26,  26,  26,  26,  26,  26,  26,  26,  26,  62,  62,  62,  62,  62,  62,  62,  44,  44,  44,  44,  44,  44,  44,  44,  44,  42,  42,  42,
         42,  42,  42,  42,  29,  29,  29,  29,  29,  29,  29,  29,  29,   7,   7,   7,   7,   7,   7,   7,  21,  21,  21,  21,  21,  21,  21,  21,  21,  53,  53,  53,
         51,  51,  51,  51,  25,  25,  25,  25,  25,  25,  25,  25,  25,  61,  61,  61,  61,  61,  61,  61,  36,  36,  36,  36,  36,  36,  36,  36,  36,  41,  41,  41,
         41,  41,  41,  41,  20,  20,  20,  20,  20,  20,  20,  20,  20,   6,   6,   6,   6,   6,   6,   6,  19,  19,  19,  19,  19,  19,  19,  19,  19,  51,  51,  51,
         50,  50,  50,  50,  23,  23,  23,  23,  23,  23,  23,  23,  23,  60,  60,  60,  60,  60,  60,  60,  35,  35,  35,  35,  35,  35,  35,  35,  35,  40,  40,  40,
         40,  40,  40,  40,  17,  17,  17,  17,  17,  17,  17,  17,  17,   4,   4,   4,   4,   4,   4,   4,  13,  13,  13,  13,  13,  13,  13,  13,  13,  50,  50,  50,
         48,  48,  48,  48,  22,  22,  22,  22,  22,  22,  22,  22,  22,  59,  59,  59,  59,  59,  59,  59,  34,  34,  34,  34,  34,  34,  34,  34,  34,  39,  39,  39,
         39,  39,  39,  39,  16,  16,  16,  16,  16,  16,  16,  16,  16,   3,   3,   3,   3,   3,   3,   3,  10,  10,  10,  10,  10,  10,  10,  10,  10,  48,  48,  48,
         47,  47,  47,  47,  12,  12,  12,  12,  12,  12,  12,  12,  12,  58,  58,  58,  58,  58,  58,  58,  33,  33,  33,  33,  33,  33,  33,  33,  33,  38,  38,  38,
         38,  38,  38,  38,  15,  15,  15,  15,  15,  15,  15,  15,  15,   2,   2,   2,   2,   2,   2,   2,   9,   9,   9,   9,   9,   9,   9,   9,   9,  47,  47,  47,
         46,  46,  46,  46,  11,  11,  11,  11,  11,  11,  11,  11,  11,  57,  57,  57,  57,  57,  57,  57,  32,  32,  32,  32,  32,  32,  32,  32,  32,  37,  37,  37,
         37,  37,  37,  37,  14,  14,  14,  14,  14,  14,  14,  14,  14,   0,   0,   0,   0,   0,   0,   0,   5,   5,   5,   5,   5,   5,   5,   5,   5,  46,  46,  46,
          1,   1,   1,   1,   1,   1,   1,   1,   1,   1,   1,   1,   1,   1,   1,   1,   1,   1,   1,   1,   1,   1,   1,   1,   1,   1,   1,   1,   1,   1,   1,   1,
          1,   1,   1,   1,   1,   1,   1,   1,   1,   1,   1,   1,   1,   1,   1,   1,   1,   1,   1,   1,   1,   1,   1,   1,   1,   1,   1,   1,   1,   1,   1,   1,
         54,  54,  54,  54,  27,  27,  27,  27,  27,  27,  27,  27,  27,  63,  63,  63,  63,  63,  63,  63,  52,  52,  52,  52,  52,  52,  52,  52,  52,  43,  43,  43,
         43,  43,  43,  43,  30,  30,  30,  30,  30,  30,  30,  30,  30,   8,   8,   8,   8,   8,   8,   8,  24,  24,  24,  24,  24,  24,  24,  24,  24,  54,  54,  54,
         53,  53,  53,  53,  26,  26,  26,  26,  26,  26,  26,  26,  26,  62,  62,  62,  62,  62,  62,  62,  44,  44,  44,  44,  44,  44,  44,  44,  44,  42,  42,  42,
         42,  42,  42,  42,  29,  29,  29,  29,  29,  29,  29,  29,  29,   7,   7,   7,   7,   7,   7,   7,  21,  21,  21,  21,  21,  21,  21,  21,  21,  53,  53,  53,
         51,  51,  51,  51,  25,  25,  25,  25,  25,  25,  25,  25,  25,  61,  61,  61,  61,  61,  61,  61,  36,  36,  36,  36,  36,  36,  36,  36,  36,  41,  41,  41,
         41,  41,  41,  41,  20,  20,  20,  20,  20,  20,  20,  20,  20,   6,   6,   6,   6,   6,   6,   6,  19,  19,  19,  19,  19,  19,  19,  19,  19,  51,  51,  51,
         50,  50,  50,  50,  23,  23,  23,  23,  23,  23,  23,  23,  23,  60,  60,  60,  60,  60,  60,  60,  35,  35,  35,  35,  35,  35,  35,  35,  35,  40,  40,  40,
         40,  40,  40,  40,  17,  17,  17,  17,  17,  17,  17,  17,  17,   4,   4,   4,   4,   4,   4,   4,  13,  13,  13,  13,  13,  13,  13,  13,  13,  50,  50,  50,
         48,  48,  48,  48,  22,  22,  22,  22,  22,  22,  22,  22,  22,  59,  59,  59,  59,  59,  59,  59,  34,  34,  34,  34,  34,  34,  34,  34,  34,  39,  39,  39,
         39,  39,  39,  39,  16,  16,  16,  16,  16,  16,  16,  16,  16,   3,   3,   3,   3,   3,   3,   3,  10,  10,  10,  10,  10,  10,  10,  10,  10,  48,  48,  48,
         47,  47,  47,  47,  12,  12,  12,  12,  12,  12,  12,  12,  12,  58,  58,  58,  58,  58,  58,  58,  33,  33,  33,  33,  33,  33,  33,  33,  33,  38,  38,  38,
         38,  38,  38,  38,  15,  15,  15,  15,  15,  15,  15,  15,  15,   2,   2,   2,   2,   2,   2,   2,   9,   9,   9,   9,   9,   9,   9,   9,   9,  47,  47,  47,
         46,  46,  46,  46,  11,  11,  11,  11,  11,  11,  11,  11,  11,  57,  57,  57,  57,  57,  57,  57,  32,  32,  32,  32,  32,  32,  32,  32,  32,  37,  37,  37,
         37,  37,  37,  37,  14,  14,  14,  14,  14,  14,  14,  14,  14,   0,   0,   0,   0,   0,   0,   0,   5,   5,   5,   5,   5,   5,   5,   5,   5,  46,  46,  46,
         55,  55,  55,  55,  49,  49,  49,  49,  49,  49,  49,  49,  49,  64,  64,  64,  64,  64,  64,  64,  56,  56,  56,  56,  56,  56,  56,  56,  56,  45,  45,  45,
         45,  45,  45,  45,  31,  31,  31,  31,  31,  31,  31,  31,  31,  18,  18,  18,  18,  18,  18,  18,  28,  28,  28,  28,  28,  28,  28,  28,  28,  55,  55,  55,
         54,  54,  54,  54,  27,  27,  27,  27,  27,  27,  27,  27,  27,  63,  63,  63,  63,  63,  63,  63,  52,  52,  52,  52,  52,  52,  52,  52,  52,  43,  43,  43,
         43,  43,  43,  43,  30,  30,  30,  30,  30,  30,  30,  30,  30,   8,   8,   8,   8,   8,   8,   8,  24,  24,  24,  24,  24,  24,  24,  24,  24,  54,  54,  54,
         53,  53,  53,  53,  26,  26,  26,  26,  26,  26,  26,  26,  26,  62,  62,  62,  62,  62,  62,  62,  44,  44,  44,  44,  44,  44,  44,  44,  44,  42,  42,  42,
         42,  42,  42,  42,  29,  29,  29,  29,  29,  29,  29,  29,  29,   7,   7,   7,   7,   7,   7,   7,  21,  21,  21,  21,  21,  21,  21,  21,  21,  53,  53,  53,
         51,  51,  51,  51,  25,  25,  25,  25,  25,  25,  25,  25,  25,  61,  61,  61,  61,  61,  61,  61,  36,  36,  36,  36,  36,  36,  36,  36,  36,  41,  41,  41,
         41,  41,  41,  41,  20,  20,  20,  20,  20,  20,  20,  20,  20,   6,   6,   6,   6,   6,   6,   6,  19,  19,  19,  19,  19,  19,  19,  19,  19,  51,  51,  51,
         50,  50,  50,  50,  23,  23,  23,  23,  23,  23,  23,  23,  23,  60,  60,  60,  60,  60,  60,  60,  35,  35,  35,  35,  35,  35,  35,  35,  35,  40,  40,  40,
         40,  40,  40,  40,  17,  17,  17,  17,  17,  17,  17,  17,  17,   4,   4,   4,   4,   4,   4,   4,  13,  13,  13,  13,  13,  13,  13,  13,  13,  50,  50,  50,
         48,  48,  48,  48,  22,  22,  22,  22,  22,  22,  22,  22,  22,  59,  59,  59,  59,  59,  59,  59,  34,  34,  34,  34,  34,  34,  34,  34,  34,  39,  39,  39,
         39,  39,  39,  39,  16,  16,  16,  16,  16,  16,  16,  16,  16,   3,   3,   3,   3,   3,   3,   3,  10,  10,  10,  10,  10,  10,  10,  10,  10,  48,  48,  48,
         47,  47,  47,  47,  12,  12,  12,  12,  12,  12,  12,  12,  12,  58,  58,  58,  58,  58,  58,  58,  33,  33,  33,  33,  33,  33,  33,  33,  33,  38,  38,  38,
         38,  38,  38,  38,  15,  15,  15,  15,  15,  15,  15,  15,  15,   2,   2,   2,   2,   2,   2,   2,   9,   9,   9,   9,   9,   9,   9,   9,   9,  47,  47,  47,
         46,  46,  46,  46,  11,  11,  11,  11,  11,  11,  11,  11,  11,  57,  57,  57,  57,  57,  57,  57,  32,  32,  32,  32,  32,  32,  32,  32,  32,  37,  37,  37,
         37,  37,  37,  37,  14,  14,  14,  14,  14,  14,  14,  14,  14,   0,   0,   0,   0,   0,   0,   0,   5,   5,   5,   5,   5,   5,   5,   5,   5,  46,  46,  46,
    },
    {
          1,   1,   1,   1,   1,   1,   1,   1,   1,   1,   1,   1,   1,   1,   1,   1,   1,   1,   1,   1,   1,   1,   1,   1,   1,   1,   1,   1,   1,   1,   1,   1,
          1,   1,   1,   1,   1,   1,   1,   1,   1,   1,   1,   1,   1,   1,   1,   1,   1,   1,   1,   1,   1,   1,   1,   1,   1,   1,   1,   1,   1,   1,   1,   1,
         54,  54,  54,  54,  27,  27,  27,  27,  27,  27,  27,  27,  27,  63,  63,  63,  63,  63,  63,  63,  52,  52,  52,  52,  52,  52,  52,  52,  52,  43,  43,  43,
         43,  43,  43,  43,  30,  30,  30,  30,  30,  30,  30,  30,  30,   8,   8,   8,   8,   8,   8,   8,  24,  24,  24,  24,  24,  24,  24,  24,  24,  54,  54,  54,
         53,  53,  53,  53,  26,  26,  26,  26,  26,  26,  26,  26,  26,  62,  62,  62,  62,  62,  62,  62,  44,  44,  44,  44,  44,  44,  44,  44,  44,  42,  42,  42,
         42,  42,  42,  42,  29,  29,  29,  29,  29,  29,  29,  29,  29,   7,   7,   7,   7,   7,   7,   7,  21,  21,  21,  21,  21,  21,  21,  21,  21,  53,  53,  53,
         51,  51,  51,  51,  25,  25,  25,  25,  25,  25,  25,  25,  25,  61,  61,  61,  61,  61,  61,  61,  36,  36,  36,  36,  36,  36,  36,  36,  36,  41,  41,  41,
         41,  41,  41,  41,  20,  20,  20,  20,  20,  20,  20,  20,  20,   6,   6,   6,   6,   6,   6,   6,  19,  19,  19,  19,  19,  19,  19,  19,  19,  51,  51,  51,
         50,  50,  50,  50,  23,  23,  23,  23,  23,  23,  23,  23,  23,  60,  60,  60,  60,  60,  60,  60,  35,  35,  35,  35,  35,  35,  35,  35,  35,  40,  40,  40,
         40,  40,  40,  40,  17,  17,  17,  17,  17,  17,  17,  17,  17,   4,   4,   4,   4,   4,   4,   4,  13,  13,  13,  13,  13,  13,  13,  13,  13,  50,  50,  50,
         48,  48,  48,  48,  22,  22,  22,  22,  22,  22,  22,  22,  22,  59,  59,  59,  59,  59,  59,  59,  34,  34,  34,  34,  34,  34,  34,  34,  34,  39,  39,  39,
         39,  39,  39,  39,  16,  16,  16,  16,  16,  16,  16,  16,  16,   3,   3,   3,   3,   3,   3,   3,  10,  10,  10,  10,  10,  10,  10,  10,  10,  48,  48,  48,
         47,  47,  47,  47,  12,  12,  12,  12,  12,  12,  12,  12,  12,  58,  58,  58,  58,  58,  58,  58,  33,  33,  33,  33,  33,  33,  33,  33,  33,  38,  38,  38,
         38,  38,  38,  38,  15,  15,  15,  15,  15,  15,  15,  15,  15,   2,   2,   2,   2,   2,   2,   2,   9,   9,   9,   9,   9,   9,   9,   9,   9,  47,  47,  47,
         46,  46,  46,  46,  11,  11,  11,  11,  11,  11,  11,  11,  11,  57,  57,  57,  57,  57,  57,  57,  32,  32,  32,  32,  32,  32,  32,  32,  32,  37,  37,  37,
         37,  37,  37,  37,  14,  14,  14,  14,  14,  14,  14,  14,  14,   0,   0,   0,   0,   0,   0,   0,   5,   5,   5,   5,   5,   5,   5,   5,   5,  46,  46,  46,
         55,  55,  55,  55,  49,  49,  49,  49,  49,  49,  49,  49,  49,  64,  64,  64,  64,  64,  64,  64,  56,  56,  56,  56,  56,  56,  56,  56,  56,  45,  45,  45,
         45,  45,  45,  45,  31,  31,  31,  31,  31,  31,  31,  31,  31,  18,  18,  18,  18,  18,  18,  18,  28,  28,  28,  28,  28,  28,  28,  28,  28,  55,  55,  55,
         54,  54,  54,  54,  27,  27,  27,  27,  27,  27,  27,  27,  27,  63,  63,  63,  63,  63,  63,  63,  52,  52,  52,  52,  52,  52,  52,  52,  52,  43,  43,  43,
         43,  43,  43,  43,  30,  30,  30,  30,  30,  30,  30,  30,  30,   8,   8,   8,   8,   8,   8,   8,  24,  24,  24,  24,  24,  24,  24,  24,  24,  54,  54,  54,
         53,  53,  53,  53,  26,  26,  26,  26,  26,  26,  26,  26,  26,  62,  62,  62,  62,  62,  62,  62,  44,  44,  44,  44,  44,  44,  44,  44,  44,  42,  42,  42,
         42,  42,  42,  42,  29,  29,  29,  29,  29,  29,  29,  29,  29,   7,   7,   7,   7,   7,   7,   7,  21,  21,  21,  21,  21,  21,  21,  21,  21,  53,  53,  53,
         51,  51,  51,  51,  25,  25,  25,  25,  25,  25,  25,  25,  25,  61,  61,  61,  61,  61,  61,  61,  36,  36,  36,  36,  36,  36,  36,  36,  36,  41,  41,  41,
         41,  41,  41,  41,  20,  20,  20,  20,  20,  20,  20,  20,  20,   6,   6,   6,   6,   6,   6,   6,  19,  19,  19,  19,  19,  19,  19,  19,  19,  51,  51,  51,
         50,  50,  50,  50,  23,  23,  23,  23,  23,  23,  23,  23,  23,  60,  60,  60,  60,  60,  60,  60,  35,  35,  35,  35,  35,  35,  35,  35,  35,  40,  40,  40,
         40,  40,  40,  40,  17,  17,  17,  17,  17,  17,  17,  17,  17,   4,   4,   4,   4,   4,   4,   4,  13,  13,  13,  13,  13,  13,  13,  13,  13,  50,  50,  50,
         48,  48,  48,  48,  22,  22,  22,  22,  22,  22,  22,  22,  22,  59,  59,  59,  59,  59,  59,  59,  34,  34,  34,  34,  34,  34,  34,  34,  34,  39,  39,  39,
         39,  39,  39,  39,  16,  16,  16,  16,  16,  16,  16,  16,  16,   3,   3,   3,   3,   3,   3,   3,  10,  10,  10,  10,  10,  10,  10,  10,  10,  48,  48,  48,
         47,  47,  47,  47,  12,  12,  12,  12,  12,  12,  12,  12,  12,  58,  58,  58,  58,  58,  58,  58,  33,  33,  33,  33,  33,  33,  33,  33,  33,  38,  38,  38,
         38,  38,  38,  38,  15,  15,  15,  15,  15,  15,  15,  15,  15,   2,   2,   2,   2,   2,   2,   2,   9,   9,   9,   9,   9,   9,   9,   9,   9,  47,  47,  47,
         46,  46,  46,  46,  11,  11,  11,  11,  11,  11,  11,  11,  11,  57,  57,  57,  57,  57,  57,  57,  32,  32,  32,  32,  32,  32,  32,  32,  32,  37,  37,  37,
         37,  37,  37,  37,  14,  14,  14,  14,  14,  14,  14,  14,  14,   0,   0,   0,   0,   0,   0,   0,   5,   5,   5,   5,   5,   5,   5,   5,   5,  46,  46,  46,
          1,   1,   1,   1,   1,   1,   1,   1,   1,   1,   1,   1,   1,   1,   1,   1,   1,   1,   1,   1,   1,   1,   1,   1,   1,   1,   1,   1,   1,   1,   1,   1,
          1,   1,   1,   1,   1,   1,   1,   1,   1,   1,   1,   1,   1,   1,   1,   1,   1,   1,   1,   1,   1,   1,   1,   1,   1,   1,   1,   1,   1,   1,   1,   1,
         54,  54,  54,  54,  27,  27,  27,  27,  27,  27,  27,  27,  27,  63,  63,  63,  63,  63,  63,  63,  52,  52,  52,  52,  52,  52,  52,  52,  52,  43,  43,  43,
         43,  43,  43,  43,  30,  30,  30,  30,  30,  30,  30,  30,  30,   8,   8,   8,   8,   8,   8,   8,  24,  24,  24,  24,  24,  24,  24,  24,  24,  54,  54,  54,
         53,  53,  53,  53,  26,  26,  26,  26,  26,  26,  26,  26,  26,  62,  62,  62,  62,  62,  62,  62,  44,  44,  44,  44,  44,  44,  44,  44,  44,  42,  42,  42,
         42,  42,  42,  42,  29,  29,  29,  29,  29,  29,  29,  29,  29,   7,   7,   7,   7,   7,   7,   7,  21,  21,  21,  21,  21,  21,  21,  21,  21,  53,  53,  53,
         51,  51,  51,  51,  25,  25,  25,  25,  25,  25,  25,  25,  25,  61,  61,  61,  61,  61,  61,  61,  36,  36,  36,  36,  36,  36,  36,  36,  36,  41,  41,  41,
         41,  41,  41,  41,  20,  20,  20,  20,  20,  20,  20,  20,  20,   6,   6,   6,   6,   6,   6,   6,  19,  19,  19,  19,  19,  19,  19,  19,  19,  51,  51,  51,
         50,  50,  50,  50,  23,  23,  23,  23,  23,  23,  23,  23,  23,  60,  60,  60,  60,  60,  60,  60,  35,  35,  35,  35,  35,  35,  35,  35,  35,  40,  40,  40,
         40,  40,  40,  40,  17,  17,  17,  17,  17,  17,  17,  17,  17,   4,   4,   4,   4,   4,   4,   4,  13,  13,  13,  13,  13,  13,  13,  13,  13,  50,  50,  50,
         48,  48,  48,  48,  22,  22,  22,  22,  22,  22,  22,  22,  22,  59,  59,  59,  59,  59,  59,  59,  34,  34,  34,  34,  34,  34,  34,  34,  34,  39,  39,  39,
         39,  39,  39,  39,  16,  16,  16,  16,  16,  16,  16,  16,  16,   3,   3,   3,   3,   3,   3,   3,  10,  10,  10,  10,  10,  10,  10,  10,  10,  48,  48,  48,
         47,  47,  47,  47,  12,  12,  12,  12,  12,  12,  12,  12,  12,  58,  58,  58,  58,  58,  58,  58,  33,  33,  33,  33,  33,  33,  33,  33,  33,  38,  38,  38,
         38,  38,  38,  38,  15,  15,  15,  15,  15,  15,  15,  15,  15,   2,   2,   2,   2,   2,   2,   2,   9,   9,   9,   9,   9,   9,   9,   9,   9,  47,  47,  47,
         46,  46,  46,  46,  11,  11,  11,  11,  11,  11,  11,  11,  11,  57,  57,  57,  57,  57,  57,  57,  32,  32,  32,  32,  32,  32,  32,  32,  32,  37,  37,  37,
         37,  37,  37,  37,  14,  14,  14,  14,  14,  14,  14,  14,  14,   0,   0,   0,   0,   0,   0,   0,   5,   5,   5,   5,   5,   5,   5,   5,   5,  46,  46,  46,
         55,  55,  55,  55,  49,  49,  49,  49,  49,  49,  49,  49,  49,  64,  64,  64,  64,  64,  64,  64,  56,  56,  56,  56,  56,  56,  56,  56,  56,  45,  45,  45,
         45,  45,  45,  45,  31,  31,  31,  31,  31,  31,  31,  31,  31,  18,  18,  18,  18,  18,  18,  18,  28,  28,  28,  28,  28,  28,  28,  28,  28,  55,  55,  55,
         54,  54,  54,  54,  27,  27,  27,  27,  27,  27,  27,  27,  27,  63,  63,  63,  63,  63,  63,  63,  52,  52,  52,  52,  52,  52,  52,  52,  52,  43,  43,  43,
         43,  43,  43,  43,  30,  30,  30,  30,  30,  30,  30,  30,  30,   8,   8,   8,   8,   8,   8,   8,  24,  24,  24,  24,  24,  24,  24,  24,  24,  54,  54,  54,
         53,  53,  53,  53,  26,  26,  26,  26,  26,  26,  26,  26,  26,  62,  62,  62,  62,  62,  62,  62,  44,  44,  44,  44,  44,  44,  44,  44,  44,  42,  42,  42,
         42,  42,  42,  42,  29,  29,  29,  29,  29,  29,  29,  29,  29,   7,   7,   7,   7,   7,   7,   7,  21,  21,  21,  21,  21,  21,  21,  21,  21,  53,  53,  53,
         51,  51,  51,  51,  25,  25,  25,  25,  25,  25,  25,  25,  25,  61,  61,  61,  61,  61,  61,  61,  36,  36,  36,  36,  36,  36,  36,  36,  36,  41,  41,  41,
         41,  41,  41,  41,  20,  20,  20,  20,  20,  20,  20,  20,  20,   6,   6,   6,   6,   6,   6,   6,  19,  19,  19,  19,  19,  19,  19,  19,  19,  51,  51,  51,
         50,  50,  50,  50,  23,  23,  23,  23,  23,  23,  23,  23,  23,  60,  60,  60,  60,  60,  60,  60,  35,  35,  35,  35,  35,  35,  35,  35,  35,  40,  40,  40,
         40,  40,  40,  40,  17,  17,  17,  17,  17,  17,  17,  17,  17,   4,   4,   4,   4,   4,   4,   4,  13,  13,  13,  13,  13,  13,  13,  13,  13,  50,  50,  50,
         48,  48,  48,  48,  22,  22,  22,  22,  22,  22,  22,  22,  22,  59,  59,  59,  59,  59,  59,  59,  34,  34,  34,  34,  34,  34,  34,  34,  34,  39,  39,  39,
         39,  39,  39,  39,  16,  16,  16,  16,  16,  16,  16,  16,  16,   3,   3,   3,   3,   3,   3,   3,  10,  10,  10,  10,  10,  10,  10,  10,  10,  48,  48,  48,
         47,  47,  47,  47,  12,  12,  12,  12,  12,  12,  12,  12,  12,  58,  58,  58,  58,  58,  58,  58,  33,  33,  33,  33,  33,  33,  33,  33,  33,  38,  38,  38,
         38,  38,  38,  38,  15,  15,  15,  15,  15,  15,  15,  15,  15,   2,   2,   2,   2,   2,   2,   2,   9,   9,   9,   9,   9,   9,   9,   9,   9,  47,  47,  47,
         46,  46,  46,  46,  11,  11,  11,  11,  11,  11,  11,  11,  11,  57,  57,  57,  57,  57,  57,  57,  32,  32,  32,  32,  32,  32,  32,  32,  32,  37,  37,  37,
         37,  37,  37,  37,  14,  14,  14,  14,  14,  14,  14,  14,  14,   0,   0,   0,   0,   0,   0,   0,   5,   5,   5,   5,   5,   5,   5,   5,   5,  46,  46,  46,
          1,   1,   1,   1,   1,   1,   1,   1,   1,   1,   1,   1,   1,   1,   1,   1,   1,   1,   1,   1,   1,   1,   1,   1,   1,   1,   1,   1,   1,   1,   1,   1,
          1,   1,   1,   1,   1,   1,   1,   1,   1,   1,   1,   1,   1,   1,   1,   1,   1,   1,   1,   1,   1,   1,   1,   1,   1,   1,   1,   1,   1,   1,   1,   1,
         54,  54,  54,  54,  27,  27,  27,  27,  27,  27,  27,  27,  27,  63,  63,  63,  63,  63,  63,  63,  52,  52,  52,  52,  52,  52,  52,  52,  52,  43,  43,  43,
         43,  43,  43,  43,  30,  30,  30,  30,  30,  30,  30,  30,  30,   8,   8,   8,   8,   8,   8,   8,  24,  24,  24,  24,  24,  24,  24,  24,  24,  54,  54,  54,
         53,  53,  53,  53,  26,  26,  26,  26,  26,  26,  26,  26,  26,  62,  62,  62,  62,  62,  62,  62,  44,  44,  44,  44,  44,  44,  44,  44,  44,  42,  42,  42,
         42,  42,  42,  42,  29,  29,  29,  29,  29,  29,  29,  29,  29,   7,   7,   7,   7,   7,   7,   7,  21,  21,  21,  21,  21,  21,  21,  21,  21,  53,  53,  53,
         51,  51,  51,  51,  25,  25,  25,  25,  25,  25,  25,  25,  25,  61,  61,  61,  61,  61,  61,  61,  36,  36,  36,  36,  36,  36,  36,  36,  36,  41,  41,  41,
         41,  41,  41,  41,  20,  20,  20,  20,  20,  20,  20,  20,  20,   6,   6,   6,   6,   6,   6,   6,  19,  19,  19,  19,  19,  19,  19,  19,  19,  51,  51,  51,
         50,  50,  50,  50,  23,  23,  23,  23,  23,  23,  23,  23,  23,  60,  60,  60,  60,  60,  60,  60,  35,  35,  35,  35,  35,  35,  35,  35,  35,  40,  40,  40,
         40,  40,  40,  40,  17,  17,  17,  17,  17,  17,  17,  17,  17,   4,   4,   4,   4,   4,   4,   4,  13,  13,  13,  13,  13,  13,  13,  13,  13,  50,  50,  50,
         48,  48,  48,  48,  22,  22,  22,  22,  22,  22,  22,  22,  22,  59,  59,  59,  59,  59,  59,  59,  34,  34,  34,  34,  34,  34,  34,  34,  34,  39,  39,  39,
         39,  39,  39,  39,  16,  16,  16,  16,  16,  16,  16,  16,  16,   3,   3,   3,   3,   3,   3,   3,  10,  10,  10,  10,  10,  10,  10,  10,  10,  48,  48,  48,
         47,  47,  47,  47,  12,  12,  12,  12,  12,  12,  12,  12,  12,  58,  58,  58,  58,  58,  58,  58,  33,  33,  33,  33,  33,  33,  33,  33,  33,  38,  38,  38,
         38,  38,  38,  38,  15,  15,  15,  15,  15,  15,  15,  15,  15,   2,   2,   2,   2,   2,   2,   2,   9,   9,   9,   9,   9,   9,   9,   9,   9,  47,  47,  47,
         46,  46,  46,  46,  11,  11,  11,  11,  11,  11,  11,  11,  11,  57,  57,  57,  57,  57,  57,  57,  32,  32,  32,  32,  32,  32,  32,  32,  32,  37,  37,  37,
         37,  37,  37,  37,  14,  14,  14,  14,  14,  14,  14,  14,  14,   0,   0,   0,   0,   0,   0,   0,   5,   5,   5,   5,   5,   5,   5,   5,   5,  46,  46,  46,
         55,  55,  55,  55,  49,  49,  49,  49,  49,  49,  49,  49,  49,  64,  64,  64,  64,  64,  64,  64,  56,  56,  56,  56,  56,  56,  56,  56,  56,  45,  45,  45,
         45,  45,  45,  45,  31,  31,  31,  31,  31,  31,  31,  31,  31,  18,  18,  18,  18,  18,  18,  18,  28,  28,  28,  28,  28,  28,  28,  28,  28,  55,  55,  55,
         54,  54,  54,  54,  27,  27,  27,  27,  27,  27,  27,  27,  27,  63,  63,  63,  63,  63,  63,  63,  52,  52,  52,  52,  52,  52,  52,  52,  52,  43,  43,  43,
         43,  43,  43,  43,  30,  30,  30,  30,  30,  30,  30,  30,  30,   8,   8,   8,   8,   8,   8,   8,  24,  24,  24,  24,  24,  24,  24,  24,  24,  54,  54,  54,
         53,  53,  53,  53,  26,  26,  26,  26,  26,  26,  26,  26,  26,  62,  62,  62,  62,  62,  62,  62,  44,  44,  44,  44,  44,  44,  44,  44,  44,  42,  42,  42,
         42,  42,  42,  42,  29,  29,  29,  29,  29,  29,  29,  29,  29,   7,   7,   7,   7,   7,   7,   7,  21,  21,  21,  21,  21,  21,  21,  21,  21,  53,  53,  53,
         51,  51,  51,  51,  25,  25,  25,  25,  25,  25,  25,  25,  25,  61,  61,  61,  61,  61,  61,  61,  36,  36,  36,  36,  36,  36,  36,  36,  36,  41,  41,  41,
         41,  41,  41,  41,  20,  20,  20,  20,  20,  20,  20,  20,  20,   6,   6,   6,   6,   6,   6,   6,  19,  19,  19,  19,  19,  19,  19,  19,  19,  51,  51,  51,
         50,  50,  50,  50,  23,  23,  23,  23,  23,  23,  23,  23,  23,  60,  60,  60,  60,  60,  60,  60,  35,  35,  35,  35,  35,  35,  35,  35,  35,  40,  40,  40,
         40,  40,  40,  40,  17,  17,  17,  17,  17,  17,  17,  17,  17,   4,   4,   4,   4,   4,   4,   4,  13,  13,  13,  13,  13,  13,  13,  13,  13,  50,  50,  50,
         48,  48,  48,  48,  22,  22,  22,  22,  22,  22,  22,  22,  22,  59,  59,  59,  59,  59,  59,  59,  34,  34,  34,  34,  34,  34,  34,  34,  34,  39,  39,  39,
         39,  39,  39,  39,  16,  16,  16,  16,  16,  16,  16,  16,  16,   3,   3,   3,   3,   3,   3,   3,  10,  10,  10,  10,  10,  10,  10,  10,  10,  48,  48,  48,
         47,  47,  47,  47,  12,  12,  12,  12,  12,  12,  12,  12,  12,  58,  58,  58,  58,  58,  58,  58,  33,  33,  33,  33,  33,  33,  33,  33,  33,  38,  38,  38,
         38,  38,  38,  38,  15,  15,  15,  15,  15,  15,  15,  15,  15,   2,   2,   2,   2,   2,   2,   2,   9,   9,   9,   9,   9,   9,   9,   9,   9,  47,  47,  47,
         46,  46,  46,  46,  11,  11,  11,  11,  11,  11,  11,  11,  11,  57,  57,  57,  57,  57,  57,  57,  32,  32,  32,  32,  32,  32,  32,  32,  32,  37,  37,  37,
         37,  37,  37,  37,  14,  14,  14,  14,  14,  14,  14,  14,  14,   0,   0,   0,   0,   0,   0,   0,   5,   5,   5,   5,   5,   5,   5,   5,   5,  46,  46,  46,
          1,   1,   1,   1,   1,   1,   1,   1,   1,   1,   1,   1,   1,   1,   1,   1,   1,   1,   1,   1,   1,   1,   1,   1,   1,   1,   1,   1,   1,   1,   1,   1,
          1,   1,   1,   1,   1,   1,   1,   1,   1,   1,   1,   1,   1,   1,   1,   1,   1,   1,   1,   1,   1,   1,   1,   1,   1,   1,   1,   1,   1,   1,   1,   1,
         54,  54,  54,  54,  27,  27,  27,  27,  27,  27,  27,  27,  27,  63,  63,  63,  63,  63,  63,  63,  52,  52,  52,  52,  52,  52,  52,  52,  52,  43,  43,  43,
         43,  43,  43,  43,  30,  30,  30,  30,  30,  30,  30,  30,  30,   8,   8,   8,   8,   8,   8,   8,  24,  24,  24,  24,  24,  24,  24,  24,  24,  54,  54,  54,
         53,  53,  53,  53,  26,  26,  26,  26,  26,  26,  26,  26,  26,  62,  62,  62,  62,  62,  62,  62,  44,  44,  44,  44,  44,  44,  44,  44,  44,  42,  42,  42,
         42,  42,  42,  42,  29,  29,  29,  29,  29,  29,  29,  29,  29,   7,   7,   7,   7,   7,   7,   7,  21,  21,  21,  21,  21,  21,  21,  21,  21,  53,  53,  53,
         51,  51,  51,  51,  25,  25,  25,  25,  25,  25,  25,  25,  25,  61,  61,  61,  61,  61,  61,  61,  36,  36,  36,  36,  36,  36,  36,  36,  36,  41,  41,  41,
         41,  41,  41,  41,  20,  20,  20,  20,  20,  20,  20,  20,  20,   6,   6,   6,   6,   6,   6,   6,  19,  19,  19,  19,  19,  19,  19,  19,  19,  51,  51,  51,
         50,  50,  50,  50,  23,  23,  23,  23,  23,  23,  23,  23,  23,  60,  60,  60,  60,  60,  60,  60,  35,  35,  35,  35,  35,  35,  35,  35,  35,  40,  40,  40,
         40,  40,  40,  40,  17,  17,  17,  17,  17,  17,  17,  17,  17,   4,   4,   4,   4,   4,   4,   4,  13,  13,  13,  13,  13,  13,  13,  13,  13,  50,  50,  50,
         48,  48,  48,  48,  22,  22,  22,  22,  22,  22,  22,  22,  22,  59,  59,  59,  59,  59,  59,  59,  34,  34,  34,  34,  34,  34,  34,  34,  34,  39,  39,  39,
         39,  39,  39,  39,  16,  16,  16,  16,  16,  16,  16,  16,  16,   3,   3,   3,   3,   3,   3,   3,  10,  10,  10,  10,  10,  10,  10,  10,  10,  48,  48,  48,
         47,  47,  47,  47,  12,  12,  12,  12,  12,  12,  12,  12,  12,  58,  58,  58,  58,  58,  58,  58,  33,  33,  33,  33,  33,  33,  33,  33,  33,  38,  38,  38,
         38,  38,  38,  38,  15,  15,  15,  15,  15,  15,  15,  15,  15,   2,   2,   2,   2,   2,   2,   2,   9,   9,   9,   9,   9,   9,   9,   9,   9,  47,  47,  47,
         46,  46,  46,  46,  11,  11,  11,  11,  11,  11,  11,  11,  11,  57,  57,  57,  57,  57,  57,  57,  32,  32,  32,  32,  32,  32,  32,  32,  32,  37,  37,  37,
         37,  37,  37,  37,  14,  14,  14,  14,  14,  14,  14,  14,  14,   0,   0,   0,   0,   0,   0,   0,   5,   5,   5,   5,   5,   5,   5,   5,   5,  46,  46,  46,
         55,  55,  55,  55,  49,  49,  49,  49,  49,  49,  49,  49,  49,  64,  64,  64,  64,  64,  64,  64,  56,  56,  56,  56,  56,  56,  56,  56,  56,  45,  45,  45,
         45,  45,  45,  45,  31,  31,  31,  31,  31,  31,  31,  31,  31,  18,  18,  18,  18,  18,  18,  18,  28,  28,  28,  28,  28,  28,  28,  28,  28,  55,  55,  55,
         54,  54,  54,  54,  27,  27,  27,  27,  27,  27,  27,  27,  27,  63,  63,  63,  63,  63,  63,  63,  52,  52,  52,  52,  52,  52,  52,  52,  52,  43,  43,  43,
         43,  43,  43,  43,  30,  30,  30,  30,  30,  30,  30,  30,  30,   8,   8,   8,   8,   8,   8,   8,  24,  24,  24,  24,  24,  24,  24,  24,  24,  54,  54,  54,
         53,  53,  53,  53,  26,  26,  26,  26,  26,  26,  26,  26,  26,  62,  62,  62,  62,  62,  62,  62,  44,  44,  44,  44,  44,  44,  44,  44,  44,  42,  42,  42,
         42,  42,  42,  42,  29,  29,  29,  29,  29,  29,  29,  29,  29,   7,   7,   7,   7,   7,   7,   7,  21,  21,  21,  21,  21,  21,  21,  21,  21,  53,  53,  53,
         51,  51,  51,  51,  25,  25,  25,  25,  25,  25,  25,  25,  25,  61,  61,  61,  61,  61,  61,  61,  36,  36,  36,  36,  36,  36,  36,  36,  36,  41,  41,  41,
         41,  41,  41,  41,  20,  20,  20,  20,  20,  20,  20,  20,  20,   6,   6,   6,   6,   6,   6,   6,  19,  19,  19,  19,  19,  19,  19,  19,  19,  51,  51,  51,
         50,  50,  50,  50,  23,  23,  23,  23,  23,  23,  23,  23,  23,  60,  60,  60,  60,  60,  60,  60,  35,  35,  35,  35,  35,  35,  35,  35,  35,  40,  40,  40,
         40,  40,  40,  40,  17,  17,  17,  17,  17,  17,  17,  17,  17,   4,   4,   4,   4,   4,   4,   4,  13,  13,  13,  13,  13,  13,  13,  13,  13,  50,  50,  50,
         48,  48,  48,  48,  22,  22,  22,  22,  22,  22,  22,  22,  22,  59,  59,  59,  59,  59,  59,  59,  34,  34,  34,  34,  34,  34,  34,  34,  34,  39,  39,  39,
         39,  39,  39,  39,  16,  16,  16,  16,  16,  16,  16,  16,  16,   3,   3,   3,   3,   3,   3,   3,  10,  10,  10,  10,  10,  10,  10,  10,  10,  48,  48,  48,
         47,  47,  47,  47,  12,  12,  12,  12,  12,  12,  12,  12,  12,  58,  58,  58,  58,  58,  58,  58,  33,  33,  33,  33,  33,  33,  33,  33,  33,  38,  38,  38,
         38,  38,  38,  38,  15,  15,  15,  15,  15,  15,  15,  15,  15,   2,   2,   2,   2,   2,   2,   2,   9,   9,   9,   9,   9,   9,   9,   9,   9,  47,  47,  47,
         46,  46,  46,  46,  11,  11,  11,  11,  11,  11,  11,  11,  11,  57,  57,  57,  57,  57,  57,  57,  32,  32,  32,  32,  32,  32,  32,  32,  32,  37,  37,  37,
         37,  37,  37,  37,  14,  14,  14,  14,  14,  14,  14,  14,  14,   0,   0,   0,   0,   0,   0,   0,   5,   5,   5,   5,   5,   5,   5,   5,   5,  46,  46,  46,
    },
    {
          1,   1,   1,   1,   1,   1,   1,   1,   1,   1,   1,   1,   1,   1,   1,   1,   1,   1,   1,   1,   1,   1,   1,   1,   1,   1,   1,   1,   1,   1,   1,   1,
          1,   1,   1,   1,   1,   1,   1,   1,   1,   1,   1,   1,   1,   1,   1,   1,   1,   1,   1,   1,   1,   1,   1,   1,   1,   1,   1,   1,   1,   1,   1,   1,
         54,  54,  54,  54,  27,  27,  27,  27,  27,  27,  27,  27,  27,  63,  63,  63,  63,  63,  63,  63,  52,  52,  52,  52,  52,  52,  52,  52,  52,  43,  43,  43,
         43,  43,  43,  43,  30,  30,  30,  30,  30,  30,  30,  30,  30,   8,   8,   8,   8,   8,   8,   8,  24,  24,  24,  24,  24,  24,  24,  24,  24,  54,  54,  54,
         53,  53,  53,  53,  26,  26,  26,  26,  26,  26,  26,  26,  26,  62,  62,  62,  62,  62,  62,  62,  44,  44,  44,  44,  44,  44,  44,  44,  44,  42,  42,  42,
         42,  42,  42,  42,  29,  29,  29,  29,  29,  29,  29,  29,  29,   7,   7,   7,   7,   7,   7,   7,  21,  21,  21,  21,  21,  21,  21,  21,  21,  53,  53,  53,
         51,  51,  51,  51,  25,  25,  25,  25,  25,  25,  25,  25,  25,  61,  61,  61,  61,  61,  61,  61,  36,  36,  36,  36,  36,  36,  36,  36,  36,  41,  41,  41,
         41,  41,  41,  41,  20,  20,  20,  20,  20,  20,  20,  20,  20,   6,   6,   6,   6,   6,   6,   6,  19,  19,  19,  19,  19,  19,  19,  19,  19,  51,  51,  51,
         50,  50,  50,  50,  23,  23,  23,  23,  23,  23,  23,  23,  23,  60,  60,  60,  60,  60,  60,  60,  35,  35,  35,  35,  35,  35,  35,  35,  35,  40,  40,  40,
         40,  40,  40,  40,  17,  17,  17,  17,  17,  17,  17,  17,  17,   4,   4,   4,   4,   4,   4,   4,  13,  13,  13,  13,  13,  13,  13,  13,  13,  50,  50,  50,
         48,  48,  48,  48,  22,  22,  22,  22,  22,  22,  22,  22,  22,  59,  59,  59,  59,  59,  59,  59,  34,  34,  34,  34,  34,  34,  34,  34,  34,  39,  39,  39,
         39,  39,  39,  39,  16,  16,  16,  16,  16,  16,  16,  16,  16,   3,   3,   3,   3,   3,   3,   3,  10,  10,  10,  10,  10,  10,  10,  10,  10,  48,  48,  48,
         47,  47,  47,  47,  12,  12,  12,  12,  12,  12,  12,  12,  12,  58,  58,  58,  58,  58,  58,  58,  33,  33,  33,  33,  33,  33,  33,  33,  33,  38,  38,  38,
         38,  38,  38,  38,  15,  15,  15,  15,  15,  15,  15,  15,  15,   2,   2,   2,   2,   2,   2,   2,   9,   9,   9,   9,   9,   9,   9,   9,   9,  47,  47,  47,
         46,  46,  46,  46,  11,  11,  11,  11,  11,  11,  11,  11,  11,  57,  57,  57,  57,  57,  57,  57,  32,  32,  32,  32,  32,  32,  32,  32,  32,  37,  37,  37,
         37,  37,  37,  37,  14,  14,  14,  14,  14,  14,  14,  14,  14,   0,   0,   0,   0,   0,   0,   0,   5,   5,   5,   5,   5,   5,   5,   5,   5,  46,  46,  46,
         55,  55,  55,  55,  49,  49,  49,  49,  49,  49,  49,  49,  49,  64,  64,  64,  64,  64,  64,  64,  56,  56,  56,  56,  56,  56,  56,  56,  56,  45,  45,  45,
         45,  45,  45,  45,  31,  31,  31,  31,  31,  31,  31,  31,  31,  18,  18,  18,  18,  18,  18,  18,  28,  28,  28,  28,  28,  28,  28,  28,  28,  55,  55,  55,
         54,  54,  54,  54,  27,  27,  27,  27,  27,  27,  27,  27,  27,  63,  63,  63,  63,  63,  63,  63,  52,  52,  52,  52,  52,  52,  52,  52,  52,  43,  43,  43,
         43,  43,  43,  43,  30,  30,  30,  30,  30,  30,  30,  30,  30,   8,   8,   8,   8,   8,   8,   8,  24,  24,  24,  24,  24,  24,  24,  24,  24,  54,  54,  54,
         53,  53,  53,  53,  26,  26,  26,  26,  26,  26,  26,  26,  26,  62,  62,  62,  62,  62,  62,  62,  44,  44,  44,  44,  44,  44,  44,  44,  44,  42,  42,  42,
         42,  42,  42,  42,  29,  29,  29,  29,  29,  29,  29,  29,  29,   7,   7,   7,   7,   7,   7,   7,  21,  21,  21,  21,  21,  21,  21,  21,  21,  53,  53,  53,
         51,  51,  51,  51,  25,  25,  25,  25,  25,  25,  25,  25,  25,  61,  61,  61,  61,  61,  61,  61,  36,  36,  36,  36,  36,  36,  36,  36,  36,  41,  41,  41,
         41,  41,  41,  41,  20,  20,  20,  20,  20,  20,  20,  20,  20,   6,   6,   6,   6,   6,   6,   6,  19,  19,  19,  19,  19,  19,  19,  19,  19,  51,  51,  51,
         50,  50,  50,  50,  23,  23,  23,  23,  23,  23,  23,  23,  23,  60,  60,  60,  60,  60,  60,  60,  35,  35,  35,  35,  35,  35,  35,  35,  35,  40,  40,  40,
         40,  40,  40,  40,  17,  17,  17,  17,  17,  17,  17,  17,  17,   4,   4,   4,   4,   4,   4,   4,  13,  13,  13,  13,  13,  13,  13,  13,  13,  50,  50,  50,
         48,  48,  48,  48,  22,  22,  22,  22,  22,  22,  22,  22,  22,  59,  59,  59,  59,  59,  59,  59,  34,  34,  34,  34,  34,  34,  34,  34,  34,  39,  39,  39,
         39,  39,  39,  39,  16,  16,  16,  16,  16,  16,  16,  16,  16,   3,   3,   3,   3,   3,   3,   3,  10,  10,  10,  10,  10,  10,  10,  10,  10,  48,  48,  48,
         47,  47,  47,  47,  12,  12,  12,  12,  12,  12,  12,  12,  12,  58,  58,  58,  58,  58,  58,  58,  33,  33,  33,  33,  33,  33,  33,  33,  33,  38,  38,  38,
         38,  38,  38,  38,  15,  15,  15,  15,  15,  15,  15,  15,  15,   2,   2,   2,   2,   2,   2,   2,   9,   9,   9,   9,   9,   9,   9,   9,   9,  47,  47,  47,
         46,  46,  46,  46,  11,  11,  11,  11,  11,  11,  11,  11,  11,  57,  57,  57,  57,  57,  57,  57,  32,  32,  32,  32,  32,  32,  32,  32,  32,  37,  37,  37,
         37,  37,  37,  37,  14,  14,  14,  14,  14,  14,  14,  14,  14,   0,   0,   0,   0,   0,   0,   0,   5,   5,   5,   5,   5,   5,   5,   5,   5,  46,  46,  46,
          1,   1,   1,   1,   1,   1,   1,   1,   1,   1,   1,   1,   1,   1,   1,   1,   1,   1,   1,   1,   1,   1,   1,   1,   1,   1,   1,   1,   1,   1,   1,   1,
          1,   1,   1,   1,   1,   1,   1,   1,   1,   1,   1,   1,   1,   1,   1,   1,   1,   1,   1,   1,   1,   1,   1,   1,   1,   1,   1,   1,   1,   1,   1,   1,
         54,  54,  54,  54,  27,  27,  27,  27,  27,  27,  27,  27,  27,  63,  63,  63,  63,  63,  63,  63,  52,  52,  52,  52,  52,  52,  52,  52,  52,  43,  43,  43,
         43,  43,  43,  43,  30,  30,  30,  30,  30,  30,  30,  30,  30,   8,   8,   8,   8,   8,   8,   8,  24,  24,  24,  24,  24,  24,  24,  24,  24,  54,  54,  54,
         53,  53,  53,  53,  26,  26,  26,  26,  26,  26,  26,  26,  26,  62,  62,  62,  62,  62,  62,  62,  44,  44,  44,  44,  44,  44,  44,  44,  44,  42,  42,  42,
         42,  42,  42,  42,  29,  29,  29,  29,  29,  29,  29,  29,  29,   7,   7,   7,   7,   7,   7,   7,  21,  21,  21,  21,  21,  21,  21,  21,  21,  53,  53,  53,
         51,  51,  51,  51,  25,  25,  25,  25,  25,  25,  25,  25,  25,  61,  61,  61,  61,  61,  61,  61,  36,  36,  36,  36,  36,  36,  36,  36,  36,  41,  41,  41,
         41,  41,  41,  41,  20,  20,  20,  20,  20,  20,  20,  20,  20,   6,   6,   6,   6,   6,   6,   6,  19,  19,  19,  19,  19,  19,  19,  19,  19,  51,  51,  51,
         50,  50,  50,  50,  23,  23,  23,  23,  23,  23,  23,  23,  23,  60,  60,  60,  60,  60,  60,  60,  35,  35,  35,  35,  35,  35,  35,  35,  35,  40,  40,  40,
         40,  40,  40,  40,  17,  17,  17,  17,  17,  17,  17,  17,  17,   4,   4,   4,   4,   4,   4,   4,  13,  13,  13,  13,  13,  13,  13,  13,  13,  50,  50,  50,
         48,  48,  48,  48,  22,  22,  22,  22,  22,  22,  22,  22,  22,  59,  59,  59,  59,  59,  59,  59,  34,  34,  34,  34,  34,  34,  34,  34,  34,  39,  39,  39,
         39,  39,  39,  39,  16,  16,  16,  16,  16,  16,  16,  16,  16,   3,   3,   3,   3,   3,   3,   3,  10,  10,  10,  10,  10,  10,  10,  10,  10,  48,  48,  48,
         47,  47,  47,  47,  12,  12,  12,  12,  12,  12,  12,  12,  12,  58,  58,  58,  58,  58,  58,  58,  33,  33,  33,  33,  33,  33,  33,  33,  33,  38,  38,  38,
         38,  38,  38,  38,  15,  15,  15,  15,  15,  15,  15,  15,  15,   2,   2,   2,   2,   2,   2,   2,   9,   9,   9,   9,   9,   9,   9,   9,   9,  47,  47,  47,
         46,  46,  46,  46,  11,  11,  11,  11,  11,  11,  11,  11,  11,  57,  57,  57,  57,  57,  57,  57,  32,  32,  32,  32,  32,  32,  32,  32,  32,  37,  37,  37,
         37,  37,  37,  37,  14,  14,  14,  14,  14,  14,  14,  14,  14,   0,   0,   0,   0,   0,   0,   0,   5,   5,   5,   5,   5,   5,   5,   5,   5,  46,  46,  46,
         55,  55,  55,  55,  49,  49,  49,  49,  49,  49,  49,  49,  49,  64,  64,  64,  64,  64,  64,  64,  56,  56,  56,  56,  56,  56,  56,  56,  56,  45,  45,  45,
         45,  45,  45,  45,  31,  31,  31,  31,  31,  31,  31,  31,  31,  18,  18,  18,  18,  18,  18,  18,  28,  28,  28,  28,  28,  28,  28,  28,  28,  55,  55,  55,
         54,  54,  54,  54,  27,  27,  27,  27,  27,  27,  27,  27,  27,  63,  63,  63,  63,  63,  63,  63,  52,  52,  52,  52,  52,  52,  52,  52,  52,  43,  43,  43,
         43,  43,  43,  43,  30,  30,  30,  30,  30,  30,  30,  30,  30,   8,   8,   8,   8,   8,   8,   8,  24,  24,  24,  24,  24,  24,  24,  24,  24,  54,  54,  54,
         53,  53,  53,  53,  26,  26,  26,  26,  26,  26,  26,  26,  26,  62,  62,  62,  62,  62,  62,  62,  44,  44,  44,  44,  44,  44,  44,  44,  44,  42,  42,  42,
         42,  42,  42,  42,  29,  29,  29,  29,  29,  29,  29,  29,  29,   7,   7,   7,   7,   7,   7,   7,  21,  21,  21,  21,  21,  21,  21,  21,  21,  53,  53,  53,
         51,  51,  51,  51,  25,  25,  25,  25,  25,  25,  25,  25,  25,  61,  61,  61,  61,  61,  61,  61,  36,  36,  36,  36,  36,  36,  36,  36,  36,  41,  41,  41,
         41,  41,  41,  41,  20,  20,  20,  20,  20,  20,  20,  20,  20,   6,   6,   6,   6,   6,   6,   6,  19,  19,  19,  19,  19,  19,  19,  19,  19,  51,  51,  51,
         50,  50,  50,  50,  23,  23,  23,  23,  23,  23,  23,  23,  23,  60,  60,  60,  60,  60,  60,  60,  35,  35,  35,  35,  35,  35,  35,  35,  35,  40,  40,  40,
         40,  40,  40,  40,  17,  17,  17,  17,  17,  17,  17,  17,  17,   4,   4,   4,   4,   4,   4,   4,  13,  13,  13,  13,  13,  13,  13,  13,  13,  50,  50,  50,
         48,  48,  48,  48,  22,  22,  22,  22,  22,  22,  22,  22,  22,  59,  59,  59,  59,  59,  59,  59,  34,  34,  34,  34,  34,  34,  34,  34,  34,  39,  39,  39,
         39,  39,  39,  39,  16,  16,  16,  16,  16,  16,  16,  16,  16,   3,   3,   3,   3,   3,   3,   3,  10,  10,  10,  10,  10,  10,  10,  10,  10,  48,  48,  48,
         47,  47,  47,  47,  12,  12,  12,  12,  12,  12,  12,  12,  12,  58,  58,  58,  58,  58,  58,  58,  33,  33,  33,  33,  33,  33,  33,  33,  33,  38,  38,  38,
         38,  38,  38,  38,  15,  15,  15,  15,  15,  15,  15,  15,  15,   2,   2,   2,   2,   2,   2,   2,   9,   9,   9,   9,   9,   9,   9,   9,   9,  47,  47,  47,
         46,  46,  46,  46,  11,  11,  11,  11,  11,  11,  11,  11,  11,  57,  57,  57,  57,  57,  57,  57,  32,  32,  32,  32,  32,  32,  32,  32,  32,  37,  37,  37,
         37,  37,  37,  37,  14,  14,  14,  14,  14,  14,  14,  14,  14,   0,   0,   0,   0,   0,   0,   0,   5,   5,   5,   5,   5,   5,   5,   5,   5,  46,  46,  46,
          1,   1,   1,   1,   1,   1,   1,   1,   1,   1,   1,   1,   1,   1,   1,   1,   1,   1,   1,   1,   1,   1,   1,   1,   1,   1,   1,   1,   1,   1,   1,   1,
          1,   1,   1,   1,   1,   1,   1,   1,   1,   1,   1,   1,   1,   1,   1,   1,   1,   1,   1,   1,   1,   1,   1,   1,   1,   1,   1,   1,   1,   1,   1,   1,
         54,  54,  54,  54,  27,  27,  27,  27,  27,  27,  27,  27,  27,  63,  63,  63,  63,  63,  63,  63,  52,  52,  52,  52,  52,  52,  52,  52,  52,  43,  43,  43,
         43,  43,  43,  43,  30,  30,  30,  30,  30,  30,  30,  30,  30,   8,   8,   8,   8,   8,   8,   8,  24,  24,  24,  24,  24,  24,  24,  24,  24,  54,  54,  54,
         53,  53,  53,  53,  26,  26,  26,  26,  26,  26,  26,  26,  26,  62,  62,  62,  62,  62,  62,  62,  44,  44,  44,  44,  44,  44,  44,  44,  44,  42,  42,  42,
         42,  42,  42,  42,  29,  29,  29,  29,  29,  29,  29,  29,  29,   7,   7,   7,   7,   7,   7,   7,  21,  21,  21,  21,  21,  21,  21,  21,  21,  53,  53,  53,
         51,  51,  51,  51,  25,  25,  25,  25,  25,  25,  25,  25,  25,  61,  61,  61,  61,  61,  61,  61,  36,  36,  36,  36,  36,  36,  36,  36,  36,  41,  41,  41,
         41,  41,  41,  41,  20,  20,  20,  20,  20,  20,  20,  20,  20,   6,   6,   6,   6,   6,   6,   6,  19,  19,  19,  19,  19,  19,  19,  19,  19,  51,  51,  51,
         50,  50,  50,  50,  23,  23,  23,  23,  23,  23,  23,  23,  23,  60,  60,  60,  60,  60,  60,  60,  35,  35,  35,  35,  35,  35,  35,  35,  35,  40,  40,  40,
         40,  40,  40,  40,  17,  17,  17,  17,  17,  17,  17,  17,  17,   4,   4,   4,   4,   4,   4,   4,  13,  13,  13,  13,  13,  13,  13,  13,  13,  50,  50,  50,
         48,  48,  48,  48,  22,  22,  22,  22,  22,  22,  22,  22,  22,  59,  59,  59,  59,  59,  59,  59,  34,  34,  34,  34,  34,  34,  34,  34,  34,  39,  39,  39,
         39,  39,  39,  39,  16,  16,  16,  16,  16,  16,  16,  16,  16,   3,   3,   3,   3,   3,   3,   3,  10,  10,  10,  10,  10,  10,  10,  10,  10,  48,  48,  48,
         47,  47,  47,  47,  12,  12,  12,  12,  12,  12,  12,  12,  12,  58,  58,  58,  58,  58,  58,  58,  33,  33,  33,  33,  33,  33,  33,  33,  33,  38,  38,  38,
         38,  38,  38,  38,  15,  15,  15,  15,  15,  15,  15,  15,  15,   2,   2,   2,   2,   2,   2,   2,   9,   9,   9,   9,   9,   9,   9,   9,   9,  47,  47,  47,
         46,  46,  46,  46,  11,  11,  11,  11,  11,  11,  11,  11,  11,  57,  57,  57,  57,  57,  57,  57,  32,  32,  32,  32,  32,  32,  32,  32,  32,  37,  37,  37,
         37,  37,  37,  37,  14,  14,  14,  14,  14,  14,  14,  14,  14,   0,   0,   0,   0,   0,   0,   0,   5,   5,   5,   5,   5,   5,   5,   5,   5,  46,  46,  46,
         55,  55,  55,  55,  49,  49,  49,  49,  49,  49,  49,  49,  49,  64,  64,  64,  64,  64,  64,  64,  56,  56,  56,  56,  56,  56,  56,  56,  56,  45,  45,  45,
         45,  45,  45,  45,  31,  31,  31,  31,  31,  31,  31,  31,  31,  18,  18,  18,  18,  18,  18,  18,  28,  28,  28,  28,  28,  28,  28,  28,  28,  55,  55,  55,
         54,  54,  54,  54,  27,  27,  27,  27,  27,  27,  27,  27,  27,  63,  63,  63,  63,  63,  63,  63,  52,  52,  52,  52,  52,  52,  52,  52,  52,  43,  43,  43,
         43,  43,  43,  43,  30,  30,  30,  30,  30,  30,  30,  30,  30,   8,   8,   8,   8,   8,   8,   8,  24,  24,  24,  24,  24,  24,  24,  24,  24,  54,  54,  54,
         53,  53,  53,  53,  26,  26,  26,  26,  26,  26,  26,  26,  26,  62,  62,  62,  62,  62,  62,  62,  44,  44,  44,  44,  44,  44,  44,  44,  44,  42,  42,  42,
         42,  42,  42,  42,  29,  29,  29,  29,  29,  29,  29,  29,  29,   7,   7,   7,   7,   7,   7,   7,  21,  21,  21,  21,  21,  21,  21,  21,  21,  53,  53,  53,
         51,  51,  51,  51,  25,  25,  25,  25,  25,  25,  25,  25,  25,  61,  61,  61,  61,  61,  61,  61,  36,  36,  36,  36,  36,  36,  36,  36,  36,  41,  41,  41,
         41,  41,  41,  41,  20,  20,  20,  20,  20,  20,  20,  20,  20,   6,   6,   6,   6,   6,   6,   6,  19,  19,  19,  19,  19,  19,  19,  19,  19,  51,  51,  51,
         50,  50,  50,  50,  23,  23,  23,  23,  23,  23,  23,  23,  23,  60,  60,  60,  60,  60,  60,  60,  35,  35,  35,  35,  35,  35,  35,  35,  35,  40,  40,  40,
         40,  40,  40,  40,  17,  17,  17,  17,  17,  17,  17,  17,  17,   4,   4,   4,   4,   4,   4,   4,  13,  13,  13,  13,  13,  13,  13,  13,  13,  50,  50,  50,
         48,  48,  48,  48,  22,  22,  22,  22,  22,  22,  22,  22,  22,  59,  59,  59,  59,  59,  59,  59,  34,  34,  34,  34,  34,  34,  34,  34,  34,  39,  39,  39,
         39,  39,  39,  39,  16,  16,  16,  16,  16,  16,  16,  16,  16,   3,   3,   3,   3,   3,   3,   3,  10,  10,  10,  10,  10,  10,  10,  10,  10,  48,  48,  48,
         47,  47,  47,  47,  12,  12,  12,  12,  12,  12,  12,  12,  12,  58,  58,  58,  58,  58,  58,  58,  33,  33,  33,  33,  33,  33,  33,  33,  33,  38,  38,  38,
         38,  38,  38,  38,  15,  15,  15,  15,  15,  15,  15,  15,  15,   2,   2,   2,   2,   2,   2,   2,   9,   9,   9,   9,   9,   9,   9,   9,   9,  47,  47,  47,
         46,  46,  46,  46,  11,  11,  11,  11,  11,  11,  11,  11,  11,  57,  57,  57,  57,  57,  57,  57,  32,  32,  32,  32,  32,  32,  32,  32,  32,  37,  37,  37,
         37,  37,  37,  37,  14,  14,  14,  14,  14,  14,  14,  14,  14,   0,   0,   0,   0,   0,   0,   0,   5,   5,   5,   5,   5,   5,   5,   5,   5,  46,  46,  46,
          1,   1,   1,   1,   1,   1,   1,   1,   1,   1,   1,   1,   1,   1,   1,   1,   1,   1,   1,   1,   1,   1,   1,   1,   1,   1,   1,   1,   1,   1,   1,   1,
          1,   1,   1,   1,   1,   1,   1,   1,   1,   1,   1,   1,   1,   1,   1,   1,   1,   1,   1,   1,   1,   1,   1,   1,   1,   1,   1,   1,   1,   1,   1,   1,
         54,  54,  54,  54,  27,  27,  27,  27,  27,  27,  27,  27,  27,  63,  63,  63,  63,  63,  63,  63,  52,  52,  52,  52,  52,  52,  52,  52,  52,  43,  43,  43,
         43,  43,  43,  43,  30,  30,  30,  30,  30,  30,  30,  30,  30,   8,   8,   8,   8,   8,   8,   8,  24,  24,  24,  24,  24,  24,  24,  24,  24,  54,  54,  54,
         53,  53,  53,  53,  26,  26,  26,  26,  26,  26,  26,  26,  26,  62,  62,  62,  62,  62,  62,  62,  44,  44,  44,  44,  44,  44,  44,  44,  44,  42,  42,  42,
         42,  42,  42,  42,  29,  29,  29,  29,  29,  29,  29,  29,  29,   7,   7,   7,   7,   7,   7,   7,  21,  21,  21,  21,  21,  21,  21,  21,  21,  53,  53,  53,
         51,  51,  51,  51,  25,  25,  25,  25,  25,  25,  25,  25,  25,  61,  61,  61,  61,  61,  61,  61,  36,  36,  36,  36,  36,  36,  36,  36,  36,  41,  41,  41,
         41,  41,  41,  41,  20,  20,  20,  20,  20,  20,  20,  20,  20,   6,   6,   6,   6,   6,   6,   6,  19,  19,  19,  19,  19,  19,  19,  19,  19,  51,  51,  51,
         50,  50,  50,  50,  23,  23,  23,  23,  23,  23,  23,  23,  23,  60,  60,  60,  60,  60,  60,  60,  35,  35,  35,  35,  35,  35,  35,  35,  35,  40,  40,  40,
         40,  40,  40,  40,  17,  17,  17,  17,  17,  17,  17,  17,  17,   4,   4,   4,   4,   4,   4,   4,  13,  13,  13,  13,  13,  13,  13,  13,  13,  50,  50,  50,
         48,  48,  48,  48,  22,  22,  22,  22,  22,  22,  22,  22,  22,  59,  59,  59,  59,  59,  59,  59,  34,  34,  34,  34,  34,  34,  34,  34,  34,  39,  39,  39,
         39,  39,  39,  39,  16,  16,  16,  16,  16,  16,  16,  16,  16,   3,   3,   3,   3,   3,   3,   3,  10,  10,  10,  10,  10,  10,  10,  10,  10,  48,  48,  48,
         47,  47,  47,  47,  12,  12,  12,  12,  12,  12,  12,  12,  12,  58,  58,  58,  58,  58,  58,  58,  33,  33,  33,  33,  33,  33,  33,  33,  33,  38,  38,  38,
         38,  38,  38,  38,  15,  15,  15,  15,  15,  15,  15,  15,  15,   2,   2,   2,   2,   2,   2,   2,   9,   9,   9,   9,   9,   9,   9,   9,   9,  47,  47,  47,
         46,  46,  46,  46,  11,  11,  11,  11,  11,  11,  11,  11,  11,  57,  57,  57,  57,  57,  57,  57,  32,  32,  32,  32,  32,  32,  32,  32,  32,  37,  37,  37,
         37,  37,  37,  37,  14,  14,  14,  14,  14,  14,  14,  14,  14,   0,   0,   0,   0,   0,   0,   0,   5,   5,   5,   5,   5,   5,   5,   5,   5,  46,  46,  46,
         55,  55,  55,  55,  49,  49,  49,  49,  49,  49,  49,  49,  49,  64,  64,  64,  64,  64,  64,  64,  56,  56,  56,  56,  56,  56,  56,  56,  56,  45,  45,  45,
         45,  45,  45,  45,  31,  31,  31,  31,  31,  31,  31,  31,  31,  18,  18,  18,  18,  18,  18,  18,  28,  28,  28,  28,  28,  28,  28,  28,  28,  55,  55,  55,
         54,  54,  54,  54,  27,  27,  27,  27,  27,  27,  27,  27,  27,  63,  63,  63,  63,  63,  63,  63,  52,  52,  52,  52,  52,  52,  52,  52,  52,  43,  43,  43,
         43,  43,  43,  43,  30,  30,  30,  30,  30,  30,  30,  30,  30,   8,   8,   8,   8,   8,   8,   8,  24,  24,  24,  24,  24,  24,  24,  24,  24,  54,  54,  54,
         53,  53,  53,  53,  26,  26,  26,  26,  26,  26,  26,  26,  26,  62,  62,  62,  62,  62,  62,  62,  44,  44,  44,  44,  44,  44,  44,  44,  44,  42,  42,  42,
         42,  42,  42,  42,  29,  29,  29,  29,  29,  29,  29,  29,  29,   7,   7,   7,   7,   7,   7,   7,  21,  21,  21,  21,  21,  21,  21,  21,  21,  53,  53,  53,
         51,  51,  51,  51,  25,  25,  25,  25,  25,  25,  25,  25,  25,  61,  61,  61,  61,  61,  61,  61,  36,  36,  36,  36,  36,  36,  36,  36,  36,  41,  41,  41,
         41,  41,  41,  41,  20,  20,  20,  20,  20,  20,  20,  20,  20,   6,   6,   6,   6,   6,   6,   6,  19,  19,  19,  19,  19,  19,  19,  19,  19,  51,  51,  51,
         50,  50,  50,  50,  23,  23,  23,  23,  23,  23,  23,  23,  23,  60,  60,  60,  60,  60,  60,  60,  35,  35,  35,  35,  35,  35,  35,  35,  35,  40,  40,  40,
         40,  40,  40,  40,  17,  17,  17,  17,  17,  17,  17,  17,  17,   4,   4,   4,   4,   4,   4,   4,  13,  13,  13,  13,  13,  13,  13,  13,  13,  50,  50,  50,
         48,  48,  48,  48,  22,  22,  22,  22,  22,  22,  22,  22,  22,  59,  59,  59,  59,  59,  59,  59,  34,  34,  34,  34,  34,  34,  34,  34,  34,  39,  39,  39,
         39,  39,  39,  39,  16,  16,  16,  16,  16,  16,  16,  16,  16,   3,   3,   3,   3,   3,   3,   3,  10,  10,  10,  10,  10,  10,  10,  10,  10,  48,  48,  48,
         47,  47,  47,  47,  12,  12,  12,  12,  12,  12,  12,  12,  12,  58,  58,  58,  58,  58,  58,  58,  33,  33,  33,  33,  33,  33,  33,  33,  33,  38,  38,  38,
         38,  38,  38,  38,  15,  15,  15,  15,  15,  15,  15,  15,  15,   2,   2,   2,   2,   2,   2,   2,   9,   9,   9,   9,   9,   9,   9,   9,   9,  47,  47,  47,
         46,  46,  46,  46,  11,  11,  11,  11,  11,  11,  11,  11,  11,  57,  57,  57,  57,  57,  57,  57,  32,  32,  32,  32,  32,  32,  32,  32,  32,  37,  37,  37,
         37,  37,  37,  37,  14,  14,  14,  14,  14,  14,  14,  14,  14,   0,   0,   0,   0,   0,   0,   0,   5,   5,   5,   5,   5,   5,   5,   5,   5,  46,  46,  46,
    },
};

