----------------
; Command Info ;
----------------
Report Timing: Found 100 setup paths (60 violated).  Worst case slack is -0.621 

Tcl Command:
    report_timing -setup -file output_files/characterization/setup_paths.rpt -nworst 1 -npaths 100 -detail full_path

Options:
    -setup 
    -nworst 1 
    -npaths 100 
    -detail full_path 
    -file {output_files/characterization/setup_paths.rpt} 

Delay Model:
    Slow 1100mV 100C Model

+-------------------------------------------------------------------------------------------------------------------------------------------------------------------------------+
; Summary of Paths                                                                                                                                                              ;
+--------+---------------------------------------------------+--------------------------------------------+--------------+-------------+--------------+------------+------------+
; Slack  ; From Node                                         ; To Node                                    ; Launch Clock ; Latch Clock ; Relationship ; Clock Skew ; Data Delay ;
+--------+---------------------------------------------------+--------------------------------------------+--------------+-------------+--------------+------------+------------+
; -0.621 ; zhao_cmd_dma:u_dma|m.M_HCRC                       ; zhao_cmd_dma:u_dma|crc_pay_r[23]           ; gpu_clk      ; gpu_clk     ; 10.000       ; -0.090     ; 10.471     ;
; -0.566 ; zhao_cmd_dma:u_dma|m.M_HCRC                       ; zhao_cmd_dma:u_dma|crc_hdr_r[23]           ; gpu_clk      ; gpu_clk     ; 10.000       ; -0.085     ; 10.421     ;
; -0.560 ; zhao_cmd_dma:u_dma|m.M_HCRC                       ; zhao_cmd_dma:u_dma|crc_hdr_r[23]~DUPLICATE ; gpu_clk      ; gpu_clk     ; 10.000       ; -0.081     ; 10.419     ;
; -0.312 ; rq_rp[0]                                          ; zhao_cmd_scheduler:u_sched|dead_lim[2][11] ; gpu_clk      ; gpu_clk     ; 10.000       ; -0.442     ; 9.810      ;
; -0.312 ; rq_rp[0]                                          ; zhao_cmd_scheduler:u_sched|dead_lim[2][10] ; gpu_clk      ; gpu_clk     ; 10.000       ; -0.442     ; 9.810      ;
; -0.312 ; rq_rp[0]                                          ; zhao_cmd_scheduler:u_sched|dead_lim[2][17] ; gpu_clk      ; gpu_clk     ; 10.000       ; -0.442     ; 9.810      ;
; -0.312 ; rq_rp[0]                                          ; zhao_cmd_scheduler:u_sched|dead_lim[2][15] ; gpu_clk      ; gpu_clk     ; 10.000       ; -0.442     ; 9.810      ;
; -0.312 ; rq_rp[0]                                          ; zhao_cmd_scheduler:u_sched|dead_lim[2][7]  ; gpu_clk      ; gpu_clk     ; 10.000       ; -0.442     ; 9.810      ;
; -0.308 ; rq_rp[0]                                          ; zhao_cmd_scheduler:u_sched|dead_lim[2][8]  ; gpu_clk      ; gpu_clk     ; 10.000       ; -0.438     ; 9.810      ;
; -0.308 ; rq_rp[0]                                          ; zhao_cmd_scheduler:u_sched|dead_lim[2][14] ; gpu_clk      ; gpu_clk     ; 10.000       ; -0.438     ; 9.810      ;
; -0.308 ; rq_rp[0]                                          ; zhao_cmd_scheduler:u_sched|dead_lim[2][12] ; gpu_clk      ; gpu_clk     ; 10.000       ; -0.438     ; 9.810      ;
; -0.308 ; rq_rp[0]                                          ; zhao_cmd_scheduler:u_sched|dead_lim[2][9]  ; gpu_clk      ; gpu_clk     ; 10.000       ; -0.438     ; 9.810      ;
; -0.308 ; rq_rp[0]                                          ; zhao_cmd_scheduler:u_sched|dead_lim[2][16] ; gpu_clk      ; gpu_clk     ; 10.000       ; -0.438     ; 9.810      ;
; -0.276 ; rq_rp[0]                                          ; zhao_cmd_scheduler:u_sched|dead_lim[1][30] ; gpu_clk      ; gpu_clk     ; 10.000       ; -0.429     ; 9.787      ;
; -0.276 ; rq_rp[0]                                          ; zhao_cmd_scheduler:u_sched|dead_lim[1][29] ; gpu_clk      ; gpu_clk     ; 10.000       ; -0.429     ; 9.787      ;
; -0.276 ; rq_rp[0]                                          ; zhao_cmd_scheduler:u_sched|dead_lim[1][0]  ; gpu_clk      ; gpu_clk     ; 10.000       ; -0.429     ; 9.787      ;
; -0.276 ; rq_rp[0]                                          ; zhao_cmd_scheduler:u_sched|dead_lim[1][2]  ; gpu_clk      ; gpu_clk     ; 10.000       ; -0.429     ; 9.787      ;
; -0.276 ; rq_rp[0]                                          ; zhao_cmd_scheduler:u_sched|dead_lim[1][4]  ; gpu_clk      ; gpu_clk     ; 10.000       ; -0.429     ; 9.787      ;
; -0.275 ; rq_rp[0]                                          ; zhao_cmd_scheduler:u_sched|dead_lim[0][18] ; gpu_clk      ; gpu_clk     ; 10.000       ; -0.447     ; 9.768      ;
; -0.273 ; zhao_hps_arbiter:u_hps_arb|state.A_IDLE~DUPLICATE ; zhao_cmd_dma:u_dma|crc_hdr_r[21]           ; gpu_clk      ; gpu_clk     ; 10.000       ; -0.534     ; 9.679      ;
; -0.270 ; rq_rp[0]                                          ; zhao_cmd_scheduler:u_sched|dead_lim[1][1]  ; gpu_clk      ; gpu_clk     ; 10.000       ; -0.423     ; 9.787      ;
; -0.270 ; rq_rp[0]                                          ; zhao_cmd_scheduler:u_sched|dead_lim[1][3]  ; gpu_clk      ; gpu_clk     ; 10.000       ; -0.423     ; 9.787      ;
; -0.270 ; rq_rp[0]                                          ; zhao_cmd_scheduler:u_sched|dead_lim[1][6]  ; gpu_clk      ; gpu_clk     ; 10.000       ; -0.425     ; 9.785      ;
; -0.270 ; rq_rp[0]                                          ; zhao_cmd_scheduler:u_sched|dead_lim[1][5]  ; gpu_clk      ; gpu_clk     ; 10.000       ; -0.425     ; 9.785      ;
; -0.251 ; rq_rp[0]                                          ; zhao_cmd_scheduler:u_sched|dead_lim[1][22] ; gpu_clk      ; gpu_clk     ; 10.000       ; -0.429     ; 9.762      ;
; -0.251 ; rq_rp[0]                                          ; zhao_cmd_scheduler:u_sched|dead_lim[1][31] ; gpu_clk      ; gpu_clk     ; 10.000       ; -0.429     ; 9.762      ;
; -0.245 ; rq_rp[0]                                          ; zhao_cmd_scheduler:u_sched|dead_lim[1][23] ; gpu_clk      ; gpu_clk     ; 10.000       ; -0.425     ; 9.760      ;
; -0.245 ; rq_rp[0]                                          ; zhao_cmd_scheduler:u_sched|dead_lim[1][25] ; gpu_clk      ; gpu_clk     ; 10.000       ; -0.425     ; 9.760      ;
; -0.245 ; rq_rp[0]                                          ; zhao_cmd_scheduler:u_sched|dead_lim[1][24] ; gpu_clk      ; gpu_clk     ; 10.000       ; -0.425     ; 9.760      ;
; -0.245 ; rq_rp[0]                                          ; zhao_cmd_scheduler:u_sched|dead_lim[1][28] ; gpu_clk      ; gpu_clk     ; 10.000       ; -0.423     ; 9.762      ;
; -0.245 ; rq_rp[0]                                          ; zhao_cmd_scheduler:u_sched|dead_lim[1][26] ; gpu_clk      ; gpu_clk     ; 10.000       ; -0.425     ; 9.760      ;
; -0.245 ; rq_rp[0]                                          ; zhao_cmd_scheduler:u_sched|dead_lim[1][27] ; gpu_clk      ; gpu_clk     ; 10.000       ; -0.425     ; 9.760      ;
; -0.179 ; zhao_cmd_dma:u_dma|cw[0]~DUPLICATE                ; zhao_cmd_dma:u_dma|crc_hdr_r[24]           ; gpu_clk      ; gpu_clk     ; 10.000       ; -0.528     ; 9.591      ;
; -0.176 ; zhao_cmd_dma:u_dma|cw[0]~DUPLICATE                ; zhao_cmd_dma:u_dma|crc_hdr_r[24]~DUPLICATE ; gpu_clk      ; gpu_clk     ; 10.000       ; -0.523     ; 9.593      ;
; -0.157 ; zhao_cmd_dma:u_dma|cw[0]~DUPLICATE                ; zhao_cmd_dma:u_dma|crc_hdr_r[3]            ; gpu_clk      ; gpu_clk     ; 10.000       ; -0.519     ; 9.578      ;
; -0.154 ; zhao_cmd_dma:u_dma|cw[0]~DUPLICATE                ; zhao_cmd_dma:u_dma|crc_pay_r[3]~DUPLICATE  ; gpu_clk      ; gpu_clk     ; 10.000       ; -0.527     ; 9.567      ;
; -0.152 ; rq_rp[0]                                          ; zhao_cmd_scheduler:u_sched|dead_lim[1][19] ; gpu_clk      ; gpu_clk     ; 10.000       ; -0.433     ; 9.659      ;
; -0.151 ; zhao_cmd_dma:u_dma|cw[0]~DUPLICATE                ; zhao_cmd_dma:u_dma|crc_hdr_r[3]~DUPLICATE  ; gpu_clk      ; gpu_clk     ; 10.000       ; -0.515     ; 9.576      ;
; -0.149 ; zhao_cmd_dma:u_dma|cw[0]~DUPLICATE                ; zhao_cmd_dma:u_dma|crc_pay_r[3]            ; gpu_clk      ; gpu_clk     ; 10.000       ; -0.524     ; 9.565      ;
; -0.147 ; rq_rp[0]                                          ; zhao_cmd_scheduler:u_sched|dead_lim[1][20] ; gpu_clk      ; gpu_clk     ; 10.000       ; -0.428     ; 9.659      ;
; -0.147 ; rq_rp[0]                                          ; zhao_cmd_scheduler:u_sched|dead_lim[1][21] ; gpu_clk      ; gpu_clk     ; 10.000       ; -0.428     ; 9.659      ;
; -0.147 ; rq_rp[0]                                          ; zhao_cmd_scheduler:u_sched|dead_lim[1][13] ; gpu_clk      ; gpu_clk     ; 10.000       ; -0.428     ; 9.659      ;
; -0.145 ; zhao_cmd_dma:u_dma|cw[0]~DUPLICATE                ; zhao_cmd_dma:u_dma|crc_hdr_r[5]            ; gpu_clk      ; gpu_clk     ; 10.000       ; -0.535     ; 9.550      ;
; -0.139 ; zhao_cmd_dma:u_dma|cw[0]~DUPLICATE                ; zhao_cmd_dma:u_dma|crc_hdr_r[5]~DUPLICATE  ; gpu_clk      ; gpu_clk     ; 10.000       ; -0.531     ; 9.548      ;
; -0.091 ; zhao_cmd_dma:u_dma|cw[0]~DUPLICATE                ; zhao_cmd_dma:u_dma|crc_pay_r[7]            ; gpu_clk      ; gpu_clk     ; 10.000       ; -0.523     ; 9.508      ;
; -0.069 ; zhao_cmd_dma:u_dma|cw[0]~DUPLICATE                ; zhao_cmd_dma:u_dma|crc_hdr_r[7]            ; gpu_clk      ; gpu_clk     ; 10.000       ; -0.514     ; 9.495      ;
; -0.064 ; zhao_cmd_dma:u_dma|cw[0]~DUPLICATE                ; zhao_cmd_dma:u_dma|crc_pay_r[24]           ; gpu_clk      ; gpu_clk     ; 10.000       ; -0.532     ; 9.472      ;
; -0.062 ; zhao_hps_arbiter:u_hps_arb|state.A_IDLE~DUPLICATE ; zhao_cmd_dma:u_dma|crc_pay_r[25]~DUPLICATE ; gpu_clk      ; gpu_clk     ; 10.000       ; -0.544     ; 9.458      ;
; -0.059 ; zhao_hps_arbiter:u_hps_arb|state.A_IDLE~DUPLICATE ; zhao_cmd_dma:u_dma|crc_pay_r[25]           ; gpu_clk      ; gpu_clk     ; 10.000       ; -0.539     ; 9.460      ;
; -0.048 ; zhao_hps_arbiter:u_hps_arb|state.A_IDLE~DUPLICATE ; zhao_cmd_dma:u_dma|crc_hdr_r[25]~DUPLICATE ; gpu_clk      ; gpu_clk     ; 10.000       ; -0.540     ; 9.448      ;
; -0.043 ; zhao_hps_arbiter:u_hps_arb|state.A_IDLE~DUPLICATE ; zhao_cmd_dma:u_dma|crc_hdr_r[25]           ; gpu_clk      ; gpu_clk     ; 10.000       ; -0.533     ; 9.450      ;
; -0.040 ; zhao_cmd_dma:u_dma|cw[0]~DUPLICATE                ; zhao_cmd_dma:u_dma|crc_hdr_r[13]~DUPLICATE ; gpu_clk      ; gpu_clk     ; 10.000       ; -0.535     ; 9.445      ;
; -0.035 ; zhao_cmd_dma:u_dma|cw[0]~DUPLICATE                ; zhao_cmd_dma:u_dma|crc_pay_r[13]           ; gpu_clk      ; gpu_clk     ; 10.000       ; -0.536     ; 9.439      ;
; -0.034 ; zhao_cmd_dma:u_dma|cw[0]~DUPLICATE                ; zhao_cmd_dma:u_dma|crc_hdr_r[13]           ; gpu_clk      ; gpu_clk     ; 10.000       ; -0.531     ; 9.443      ;
; -0.028 ; zhao_cmd_dma:u_dma|m.M_SEED                       ; zhao_cmd_dma:u_dma|crc_hdr_r[11]~DUPLICATE ; gpu_clk      ; gpu_clk     ; 10.000       ; -0.548     ; 9.420      ;
; -0.022 ; zhao_cmd_dma:u_dma|cw[0]~DUPLICATE                ; zhao_cmd_dma:u_dma|crc_hdr_r[6]            ; gpu_clk      ; gpu_clk     ; 10.000       ; -0.519     ; 9.443      ;
; -0.022 ; zhao_cmd_dma:u_dma|m.M_SEED                       ; zhao_cmd_dma:u_dma|crc_hdr_r[11]           ; gpu_clk      ; gpu_clk     ; 10.000       ; -0.544     ; 9.418      ;
; -0.017 ; zhao_cmd_dma:u_dma|cw[0]~DUPLICATE                ; zhao_cmd_dma:u_dma|crc_pay_r[6]            ; gpu_clk      ; gpu_clk     ; 10.000       ; -0.527     ; 9.430      ;
; -0.008 ; zhao_hps_arbiter:u_hps_arb|state.A_IDLE~DUPLICATE ; zhao_cmd_dma:u_dma|crc_pay_r[21]           ; gpu_clk      ; gpu_clk     ; 10.000       ; -0.543     ; 9.405      ;
; -0.003 ; zhao_hps_arbiter:u_hps_arb|state.A_IDLE~DUPLICATE ; zhao_cmd_dma:u_dma|crc_pay_r[21]~DUPLICATE ; gpu_clk      ; gpu_clk     ; 10.000       ; -0.540     ; 9.403      ;
; 0.012  ; zhao_cmd_dma:u_dma|m.M_SEED                       ; zhao_cmd_dma:u_dma|crc_pay_r[11]~DUPLICATE ; gpu_clk      ; gpu_clk     ; 10.000       ; -0.553     ; 9.375      ;
; 0.017  ; zhao_cmd_dma:u_dma|m.M_SEED                       ; zhao_cmd_dma:u_dma|crc_pay_r[11]           ; gpu_clk      ; gpu_clk     ; 10.000       ; -0.550     ; 9.373      ;
; 0.018  ; zhao_cmd_dma:u_dma|cw[0]~DUPLICATE                ; zhao_cmd_dma:u_dma|crc_pay_r[30]           ; gpu_clk      ; gpu_clk     ; 10.000       ; -0.530     ; 9.392      ;
; 0.023  ; zhao_cmd_dma:u_dma|cw[0]~DUPLICATE                ; zhao_cmd_dma:u_dma|crc_pay_r[30]~DUPLICATE ; gpu_clk      ; gpu_clk     ; 10.000       ; -0.527     ; 9.390      ;
; 0.026  ; zhao_cmd_dma:u_dma|cw[0]~DUPLICATE                ; zhao_cmd_dma:u_dma|crc_hdr_r[1]~DUPLICATE  ; gpu_clk      ; gpu_clk     ; 10.000       ; -0.537     ; 9.377      ;
; 0.031  ; zhao_cmd_dma:u_dma|cw[0]~DUPLICATE                ; zhao_cmd_dma:u_dma|crc_hdr_r[1]            ; gpu_clk      ; gpu_clk     ; 10.000       ; -0.530     ; 9.379      ;
; 0.040  ; zhao_cmd_dma:u_dma|cw[0]~DUPLICATE                ; zhao_cmd_dma:u_dma|crc_hdr_r[30]           ; gpu_clk      ; gpu_clk     ; 10.000       ; -0.524     ; 9.376      ;
; 0.056  ; rq_rp[0]                                          ; zhao_cmd_scheduler:u_sched|dead_lim[2][29] ; gpu_clk      ; gpu_clk     ; 10.000       ; -0.486     ; 9.398      ;
; 0.056  ; rq_rp[0]                                          ; zhao_cmd_scheduler:u_sched|dead_lim[2][30] ; gpu_clk      ; gpu_clk     ; 10.000       ; -0.486     ; 9.398      ;
; 0.056  ; rq_rp[0]                                          ; zhao_cmd_scheduler:u_sched|dead_lim[2][27] ; gpu_clk      ; gpu_clk     ; 10.000       ; -0.486     ; 9.398      ;
; 0.056  ; rq_rp[0]                                          ; zhao_cmd_scheduler:u_sched|dead_lim[2][26] ; gpu_clk      ; gpu_clk     ; 10.000       ; -0.486     ; 9.398      ;
; 0.056  ; rq_rp[0]                                          ; zhao_cmd_scheduler:u_sched|dead_lim[2][24] ; gpu_clk      ; gpu_clk     ; 10.000       ; -0.486     ; 9.398      ;
; 0.056  ; rq_rp[0]                                          ; zhao_cmd_scheduler:u_sched|dead_lim[2][25] ; gpu_clk      ; gpu_clk     ; 10.000       ; -0.486     ; 9.398      ;
; 0.056  ; rq_rp[0]                                          ; zhao_cmd_scheduler:u_sched|dead_lim[2][22] ; gpu_clk      ; gpu_clk     ; 10.000       ; -0.486     ; 9.398      ;
; 0.057  ; rq_rp[0]                                          ; zhao_cmd_scheduler:u_sched|dead_lim[2][31] ; gpu_clk      ; gpu_clk     ; 10.000       ; -0.484     ; 9.399      ;
; 0.057  ; rq_rp[0]                                          ; zhao_cmd_scheduler:u_sched|dead_lim[2][28] ; gpu_clk      ; gpu_clk     ; 10.000       ; -0.484     ; 9.399      ;
; 0.057  ; rq_rp[0]                                          ; zhao_cmd_scheduler:u_sched|dead_lim[2][23] ; gpu_clk      ; gpu_clk     ; 10.000       ; -0.490     ; 9.393      ;
; 0.065  ; rq_rp[0]                                          ; zhao_cmd_scheduler:u_sched|dead_lim[2][13] ; gpu_clk      ; gpu_clk     ; 10.000       ; -0.440     ; 9.435      ;
; 0.065  ; rq_rp[0]                                          ; zhao_cmd_scheduler:u_sched|dead_lim[2][4]  ; gpu_clk      ; gpu_clk     ; 10.000       ; -0.440     ; 9.435      ;
; 0.065  ; rq_rp[0]                                          ; zhao_cmd_scheduler:u_sched|dead_lim[2][0]  ; gpu_clk      ; gpu_clk     ; 10.000       ; -0.440     ; 9.435      ;
; 0.065  ; rq_rp[0]                                          ; zhao_cmd_scheduler:u_sched|dead_lim[2][3]  ; gpu_clk      ; gpu_clk     ; 10.000       ; -0.440     ; 9.435      ;
; 0.069  ; zhao_cmd_dma:u_dma|m.M_HCRC                       ; zhao_cmd_dma:u_dma|crc_pay_r[9]~DUPLICATE  ; gpu_clk      ; gpu_clk     ; 10.000       ; -0.416     ; 9.455      ;
; 0.071  ; rq_rp[0]                                          ; zhao_cmd_scheduler:u_sched|dead_lim[2][5]  ; gpu_clk      ; gpu_clk     ; 10.000       ; -0.436     ; 9.433      ;
; 0.071  ; rq_rp[0]                                          ; zhao_cmd_scheduler:u_sched|dead_lim[2][6]  ; gpu_clk      ; gpu_clk     ; 10.000       ; -0.436     ; 9.433      ;
; 0.071  ; rq_rp[0]                                          ; zhao_cmd_scheduler:u_sched|dead_lim[2][1]  ; gpu_clk      ; gpu_clk     ; 10.000       ; -0.434     ; 9.435      ;
; 0.071  ; rq_rp[0]                                          ; zhao_cmd_scheduler:u_sched|dead_lim[2][2]  ; gpu_clk      ; gpu_clk     ; 10.000       ; -0.434     ; 9.435      ;
; 0.074  ; zhao_cmd_dma:u_dma|m.M_HCRC                       ; zhao_cmd_dma:u_dma|crc_pay_r[9]            ; gpu_clk      ; gpu_clk     ; 10.000       ; -0.413     ; 9.453      ;
; 0.077  ; zhao_cmd_dma:u_dma|m.M_HCRC                       ; zhao_cmd_dma:u_dma|crc_hdr_r[9]~DUPLICATE  ; gpu_clk      ; gpu_clk     ; 10.000       ; -0.411     ; 9.452      ;
; 0.083  ; zhao_cmd_dma:u_dma|m.M_HCRC                       ; zhao_cmd_dma:u_dma|crc_hdr_r[9]            ; gpu_clk      ; gpu_clk     ; 10.000       ; -0.407     ; 9.450      ;
; 0.086  ; zhao_cmd_dma:u_dma|m.M_HCRC                       ; zhao_cmd_dma:u_dma|crc_pay_r[18]~DUPLICATE ; gpu_clk      ; gpu_clk     ; 10.000       ; -0.077     ; 9.777      ;
; 0.088  ; zhao_cmd_dma:u_dma|hdr_win[28][6]                 ; zhao_cmd_dma:u_dma|crc_pay_r[8]~DUPLICATE  ; gpu_clk      ; gpu_clk     ; 10.000       ; -0.412     ; 9.440      ;
; 0.091  ; zhao_cmd_dma:u_dma|m.M_HCRC                       ; zhao_cmd_dma:u_dma|crc_pay_r[18]           ; gpu_clk      ; gpu_clk     ; 10.000       ; -0.074     ; 9.775      ;
; 0.093  ; zhao_cmd_dma:u_dma|hdr_win[28][6]                 ; zhao_cmd_dma:u_dma|crc_pay_r[8]            ; gpu_clk      ; gpu_clk     ; 10.000       ; -0.409     ; 9.438      ;
; 0.102  ; zhao_cmd_dma:u_dma|hdr_win[28][6]                 ; zhao_cmd_dma:u_dma|crc_hdr_r[8]            ; gpu_clk      ; gpu_clk     ; 10.000       ; -0.407     ; 9.431      ;
; 0.105  ; rq_rp[0]                                          ; zhao_cmd_scheduler:u_sched|dead_lim[0][29] ; gpu_clk      ; gpu_clk     ; 10.000       ; -0.524     ; 9.311      ;
; 0.105  ; rq_rp[0]                                          ; zhao_cmd_scheduler:u_sched|dead_lim[0][30] ; gpu_clk      ; gpu_clk     ; 10.000       ; -0.524     ; 9.311      ;
; 0.105  ; rq_rp[0]                                          ; zhao_cmd_scheduler:u_sched|dead_lim[0][27] ; gpu_clk      ; gpu_clk     ; 10.000       ; -0.524     ; 9.311      ;
; 0.110  ; zhao_cmd_dma:u_dma|m.M_HCRC                       ; zhao_cmd_dma:u_dma|crc_hdr_r[18]           ; gpu_clk      ; gpu_clk     ; 10.000       ; -0.074     ; 9.756      ;
; 0.111  ; rq_rp[0]                                          ; zhao_cmd_scheduler:u_sched|dead_lim[0][31] ; gpu_clk      ; gpu_clk     ; 10.000       ; -0.518     ; 9.311      ;
; 0.111  ; rq_rp[0]                                          ; zhao_cmd_scheduler:u_sched|dead_lim[0][13] ; gpu_clk      ; gpu_clk     ; 10.000       ; -0.518     ; 9.311      ;
+--------+---------------------------------------------------+--------------------------------------------+--------------+-------------+--------------+------------+------------+

Path #1: Setup slack is -0.621 (VIOLATED)
===============================================================================
+-------------------------------------------------------+
; Path Summary                                          ;
+--------------------+----------------------------------+
; Property           ; Value                            ;
+--------------------+----------------------------------+
; From Node          ; zhao_cmd_dma:u_dma|m.M_HCRC      ;
; To Node            ; zhao_cmd_dma:u_dma|crc_pay_r[23] ;
; Launch Clock       ; gpu_clk                          ;
; Latch Clock        ; gpu_clk                          ;
; Data Arrival Time  ; 16.443                           ;
; Data Required Time ; 15.822                           ;
; Slack              ; -0.621 (VIOLATED)                ;
+--------------------+----------------------------------+

+------------------------------------------------------------------------------------+
; Statistics                                                                         ;
+------------------------+--------+-------+-------------+------------+-------+-------+
; Property               ; Value  ; Count ; Total Delay ; % of Total ; Min   ; Max   ;
+------------------------+--------+-------+-------------+------------+-------+-------+
; Setup Relationship     ; 10.000 ;       ;             ;            ;       ;       ;
; Clock Skew             ; -0.090 ;       ;             ;            ;       ;       ;
; Data Delay             ; 10.471 ;       ;             ;            ;       ;       ;
; Number of Logic Levels ;        ; 8     ;             ;            ;       ;       ;
; Physical Delays        ;        ;       ;             ;            ;       ;       ;
;  Arrival Path          ;        ;       ;             ;            ;       ;       ;
;   Clock                ;        ;       ;             ;            ;       ;       ;
;    IC                  ;        ; 2     ; 5.068       ; 85         ; 2.325 ; 2.743 ;
;    Cell                ;        ; 2     ; 0.904       ; 15         ; 0.321 ; 0.583 ;
;   Data                 ;        ;       ;             ;            ;       ;       ;
;    IC                  ;        ; 9     ; 6.311       ; 60         ; 0.000 ; 1.404 ;
;    Cell                ;        ; 10    ; 4.160       ; 40         ; 0.000 ; 0.579 ;
;    uTco                ;        ; 1     ; 0.000       ; 0          ; 0.000 ; 0.000 ;
;  Required Path         ;        ;       ;             ;            ;       ;       ;
;   Clock                ;        ;       ;             ;            ;       ;       ;
;    IC                  ;        ; 2     ; 2.530       ; 76         ; 0.588 ; 1.942 ;
;    Cell                ;        ; 2     ; 0.782       ; 24         ; 0.295 ; 0.487 ;
+------------------------+--------+-------+-------------+------------+-------+-------+
Note: Negative delays are omitted from totals when calculating percentages

+-------------------------------------------------------------------------------------------------------------+
; Data Arrival Path                                                                                           ;
+----------+---------+----+------+--------+---------------------+---------------------------------------------+
; Total    ; Incr    ; RF ; Type ; Fanout ; Location            ; Element                                     ;
+----------+---------+----+------+--------+---------------------+---------------------------------------------+
; 0.000    ; 0.000   ;    ;      ;        ;                     ; launch edge time                            ;
; 5.972    ; 5.972   ;    ;      ;        ;                     ; clock path                                  ;
;   0.000  ;   0.000 ;    ;      ;        ;                     ; source latency                              ;
;   0.000  ;   0.000 ;    ;      ; 1      ; LABCELL_X1_Y36_N48  ; gpu_clk                                     ;
;   2.743  ;   2.743 ; RR ; IC   ; 1      ; CLKCTRL_G2          ; gpu_clk~CLKENA0|inclk                       ;
;   3.064  ;   0.321 ; RR ; CELL ; 9151   ; CLKCTRL_G2          ; gpu_clk~CLKENA0|outclk                      ;
;   5.389  ;   2.325 ; RR ; IC   ; 1      ; FF_X16_Y33_N7       ; u_dma|m.M_HCRC|clk                          ;
;   5.972  ;   0.583 ; RR ; CELL ; 1      ; FF_X16_Y33_N7       ; zhao_cmd_dma:u_dma|m.M_HCRC                 ;
; 16.443   ; 10.471  ;    ;      ;        ;                     ; data path                                   ;
;   5.972  ;   0.000 ;    ; uTco ; 1      ; FF_X16_Y33_N7       ; zhao_cmd_dma:u_dma|m.M_HCRC                 ;
;   5.972  ;   0.000 ; FF ; CELL ; 103    ; FF_X16_Y33_N7       ; u_dma|m.M_HCRC|q                            ;
;   7.376  ;   1.404 ; FF ; IC   ; 1      ; LABCELL_X9_Y35_N27  ; u_dma|fold_c[26]~19|datad                   ;
;   7.756  ;   0.380 ; FF ; CELL ; 16     ; LABCELL_X9_Y35_N27  ; u_dma|fold_c[26]~19|combout                 ;
;   8.750  ;   0.994 ; FF ; IC   ; 1      ; LABCELL_X7_Y36_N33  ; u_dma|u_fold4|acc~3|datad                   ;
;   9.133  ;   0.383 ; FF ; CELL ; 9      ; LABCELL_X7_Y36_N33  ; u_dma|u_fold4|acc~3|combout                 ;
;   10.256 ;   1.123 ; FF ; IC   ; 1      ; MLABCELL_X8_Y39_N15 ; u_dma|u_fold4|g_fold[4].acc[23]~139|datab   ;
;   10.812 ;   0.556 ; FF ; CELL ; 1      ; MLABCELL_X8_Y39_N15 ; u_dma|u_fold4|g_fold[4].acc[23]~139|combout ;
;   11.042 ;   0.230 ; FF ; IC   ; 1      ; MLABCELL_X8_Y39_N39 ; u_dma|u_fold4|g_fold[4].acc[23]~140|datac   ;
;   11.621 ;   0.579 ; FF ; CELL ; 1      ; MLABCELL_X8_Y39_N39 ; u_dma|u_fold4|g_fold[4].acc[23]~140|combout ;
;   12.518 ;   0.897 ; FF ; IC   ; 1      ; LABCELL_X7_Y37_N21  ; u_dma|u_fold4|g_fold[4].acc[23]~141|datac   ;
;   12.996 ;   0.478 ; FF ; CELL ; 1      ; LABCELL_X7_Y37_N21  ; u_dma|u_fold4|g_fold[4].acc[23]~141|combout ;
;   13.213 ;   0.217 ; FF ; IC   ; 1      ; LABCELL_X7_Y37_N0   ; u_dma|u_fold4|g_fold[4].acc[23]~142|datac   ;
;   13.721 ;   0.508 ; FF ; CELL ; 1      ; LABCELL_X7_Y37_N0   ; u_dma|u_fold4|g_fold[4].acc[23]~142|combout ;
;   14.093 ;   0.372 ; FF ; IC   ; 1      ; MLABCELL_X8_Y37_N51 ; u_dma|u_fold4|g_fold[4].acc[23]~143|datac   ;
;   14.672 ;   0.579 ; FF ; CELL ; 2      ; MLABCELL_X8_Y37_N51 ; u_dma|u_fold4|g_fold[4].acc[23]~143|combout ;
;   15.746 ;   1.074 ; FF ; IC   ; 1      ; MLABCELL_X8_Y36_N18 ; u_dma|Selector913~0|datac                   ;
;   16.181 ;   0.435 ; FR ; CELL ; 1      ; MLABCELL_X8_Y36_N18 ; u_dma|Selector913~0|combout                 ;
;   16.181 ;   0.000 ; RR ; IC   ; 1      ; FF_X8_Y36_N20       ; u_dma|crc_pay_r[23]|d                       ;
;   16.443 ;   0.262 ; RR ; CELL ; 1      ; FF_X8_Y36_N20       ; zhao_cmd_dma:u_dma|crc_pay_r[23]            ;
+----------+---------+----+------+--------+---------------------+---------------------------------------------+

+-------------------------------------------------------------------------------------------------+
; Data Required Path                                                                              ;
+----------+---------+----+------+--------+--------------------+----------------------------------+
; Total    ; Incr    ; RF ; Type ; Fanout ; Location           ; Element                          ;
+----------+---------+----+------+--------+--------------------+----------------------------------+
; 10.000   ; 10.000  ;    ;      ;        ;                    ; latch edge time                  ;
; 15.882   ; 5.882   ;    ;      ;        ;                    ; clock path                       ;
;   10.000 ;   0.000 ;    ;      ;        ;                    ; source latency                   ;
;   10.000 ;   0.000 ;    ;      ; 1      ; LABCELL_X1_Y36_N48 ; gpu_clk                          ;
;   10.588 ;   0.588 ; RR ; IC   ; 1      ; CLKCTRL_G2         ; gpu_clk~CLKENA0|inclk            ;
;   10.883 ;   0.295 ; RR ; CELL ; 9151   ; CLKCTRL_G2         ; gpu_clk~CLKENA0|outclk           ;
;   12.825 ;   1.942 ; RR ; IC   ; 1      ; FF_X8_Y36_N20      ; u_dma|crc_pay_r[23]|clk          ;
;   13.312 ;   0.487 ; RR ; CELL ; 1      ; FF_X8_Y36_N20      ; zhao_cmd_dma:u_dma|crc_pay_r[23] ;
;   15.882 ;   2.570 ;    ;      ;        ;                    ; clock pessimism removed          ;
; 15.822   ; -0.060  ;    ;      ;        ;                    ; clock uncertainty                ;
; 15.822   ; 0.000   ;    ; uTsu ; 1      ; FF_X8_Y36_N20      ; zhao_cmd_dma:u_dma|crc_pay_r[23] ;
+----------+---------+----+------+--------+--------------------+----------------------------------+

----------------------------
; Extra Fitter Information ;
----------------------------
HTML report is unavailable in plain text report export.


Path #2: Setup slack is -0.566 (VIOLATED)
===============================================================================
+-------------------------------------------------------+
; Path Summary                                          ;
+--------------------+----------------------------------+
; Property           ; Value                            ;
+--------------------+----------------------------------+
; From Node          ; zhao_cmd_dma:u_dma|m.M_HCRC      ;
; To Node            ; zhao_cmd_dma:u_dma|crc_hdr_r[23] ;
; Launch Clock       ; gpu_clk                          ;
; Latch Clock        ; gpu_clk                          ;
; Data Arrival Time  ; 16.393                           ;
; Data Required Time ; 15.827                           ;
; Slack              ; -0.566 (VIOLATED)                ;
+--------------------+----------------------------------+

+------------------------------------------------------------------------------------+
; Statistics                                                                         ;
+------------------------+--------+-------+-------------+------------+-------+-------+
; Property               ; Value  ; Count ; Total Delay ; % of Total ; Min   ; Max   ;
+------------------------+--------+-------+-------------+------------+-------+-------+
; Setup Relationship     ; 10.000 ;       ;             ;            ;       ;       ;
; Clock Skew             ; -0.085 ;       ;             ;            ;       ;       ;
; Data Delay             ; 10.421 ;       ;             ;            ;       ;       ;
; Number of Logic Levels ;        ; 8     ;             ;            ;       ;       ;
; Physical Delays        ;        ;       ;             ;            ;       ;       ;
;  Arrival Path          ;        ;       ;             ;            ;       ;       ;
;   Clock                ;        ;       ;             ;            ;       ;       ;
;    IC                  ;        ; 2     ; 5.068       ; 85         ; 2.325 ; 2.743 ;
;    Cell                ;        ; 2     ; 0.904       ; 15         ; 0.321 ; 0.583 ;
;   Data                 ;        ;       ;             ;            ;       ;       ;
;    IC                  ;        ; 9     ; 6.314       ; 61         ; 0.000 ; 1.404 ;
;    Cell                ;        ; 10    ; 4.107       ; 39         ; 0.000 ; 0.579 ;
;    uTco                ;        ; 1     ; 0.000       ; 0          ; 0.000 ; 0.000 ;
;  Required Path         ;        ;       ;             ;            ;       ;       ;
;   Clock                ;        ;       ;             ;            ;       ;       ;
;    IC                  ;        ; 2     ; 2.530       ; 76         ; 0.588 ; 1.942 ;
;    Cell                ;        ; 2     ; 0.787       ; 24         ; 0.295 ; 0.492 ;
+------------------------+--------+-------+-------------+------------+-------+-------+
Note: Negative delays are omitted from totals when calculating percentages

+-------------------------------------------------------------------------------------------------------------+
; Data Arrival Path                                                                                           ;
+----------+---------+----+------+--------+---------------------+---------------------------------------------+
; Total    ; Incr    ; RF ; Type ; Fanout ; Location            ; Element                                     ;
+----------+---------+----+------+--------+---------------------+---------------------------------------------+
; 0.000    ; 0.000   ;    ;      ;        ;                     ; launch edge time                            ;
; 5.972    ; 5.972   ;    ;      ;        ;                     ; clock path                                  ;
;   0.000  ;   0.000 ;    ;      ;        ;                     ; source latency                              ;
;   0.000  ;   0.000 ;    ;      ; 1      ; LABCELL_X1_Y36_N48  ; gpu_clk                                     ;
;   2.743  ;   2.743 ; RR ; IC   ; 1      ; CLKCTRL_G2          ; gpu_clk~CLKENA0|inclk                       ;
;   3.064  ;   0.321 ; RR ; CELL ; 9151   ; CLKCTRL_G2          ; gpu_clk~CLKENA0|outclk                      ;
;   5.389  ;   2.325 ; RR ; IC   ; 1      ; FF_X16_Y33_N7       ; u_dma|m.M_HCRC|clk                          ;
;   5.972  ;   0.583 ; RR ; CELL ; 1      ; FF_X16_Y33_N7       ; zhao_cmd_dma:u_dma|m.M_HCRC                 ;
; 16.393   ; 10.421  ;    ;      ;        ;                     ; data path                                   ;
;   5.972  ;   0.000 ;    ; uTco ; 1      ; FF_X16_Y33_N7       ; zhao_cmd_dma:u_dma|m.M_HCRC                 ;
;   5.972  ;   0.000 ; FF ; CELL ; 103    ; FF_X16_Y33_N7       ; u_dma|m.M_HCRC|q                            ;
;   7.376  ;   1.404 ; FF ; IC   ; 1      ; LABCELL_X9_Y35_N27  ; u_dma|fold_c[26]~19|datad                   ;
;   7.756  ;   0.380 ; FF ; CELL ; 16     ; LABCELL_X9_Y35_N27  ; u_dma|fold_c[26]~19|combout                 ;
;   8.750  ;   0.994 ; FF ; IC   ; 1      ; LABCELL_X7_Y36_N33  ; u_dma|u_fold4|acc~3|datad                   ;
;   9.133  ;   0.383 ; FF ; CELL ; 9      ; LABCELL_X7_Y36_N33  ; u_dma|u_fold4|acc~3|combout                 ;
;   10.256 ;   1.123 ; FF ; IC   ; 1      ; MLABCELL_X8_Y39_N15 ; u_dma|u_fold4|g_fold[4].acc[23]~139|datab   ;
;   10.812 ;   0.556 ; FF ; CELL ; 1      ; MLABCELL_X8_Y39_N15 ; u_dma|u_fold4|g_fold[4].acc[23]~139|combout ;
;   11.042 ;   0.230 ; FF ; IC   ; 1      ; MLABCELL_X8_Y39_N39 ; u_dma|u_fold4|g_fold[4].acc[23]~140|datac   ;
;   11.621 ;   0.579 ; FF ; CELL ; 1      ; MLABCELL_X8_Y39_N39 ; u_dma|u_fold4|g_fold[4].acc[23]~140|combout ;
;   12.518 ;   0.897 ; FF ; IC   ; 1      ; LABCELL_X7_Y37_N21  ; u_dma|u_fold4|g_fold[4].acc[23]~141|datac   ;
;   12.996 ;   0.478 ; FF ; CELL ; 1      ; LABCELL_X7_Y37_N21  ; u_dma|u_fold4|g_fold[4].acc[23]~141|combout ;
;   13.213 ;   0.217 ; FF ; IC   ; 1      ; LABCELL_X7_Y37_N0   ; u_dma|u_fold4|g_fold[4].acc[23]~142|datac   ;
;   13.721 ;   0.508 ; FF ; CELL ; 1      ; LABCELL_X7_Y37_N0   ; u_dma|u_fold4|g_fold[4].acc[23]~142|combout ;
;   14.093 ;   0.372 ; FF ; IC   ; 1      ; MLABCELL_X8_Y37_N51 ; u_dma|u_fold4|g_fold[4].acc[23]~143|datac   ;
;   14.672 ;   0.579 ; FF ; CELL ; 2      ; MLABCELL_X8_Y37_N51 ; u_dma|u_fold4|g_fold[4].acc[23]~143|combout ;
;   15.749 ;   1.077 ; FF ; IC   ; 1      ; MLABCELL_X8_Y36_N6  ; u_dma|Selector879~0|datac                   ;
;   16.113 ;   0.364 ; FR ; CELL ; 2      ; MLABCELL_X8_Y36_N6  ; u_dma|Selector879~0|combout                 ;
;   16.113 ;   0.000 ; RR ; IC   ; 1      ; FF_X8_Y36_N8        ; u_dma|crc_hdr_r[23]|d                       ;
;   16.393 ;   0.280 ; RR ; CELL ; 1      ; FF_X8_Y36_N8        ; zhao_cmd_dma:u_dma|crc_hdr_r[23]            ;
+----------+---------+----+------+--------+---------------------+---------------------------------------------+

+-------------------------------------------------------------------------------------------------+
; Data Required Path                                                                              ;
+----------+---------+----+------+--------+--------------------+----------------------------------+
; Total    ; Incr    ; RF ; Type ; Fanout ; Location           ; Element                          ;
+----------+---------+----+------+--------+--------------------+----------------------------------+
; 10.000   ; 10.000  ;    ;      ;        ;                    ; latch edge time                  ;
; 15.887   ; 5.887   ;    ;      ;        ;                    ; clock path                       ;
;   10.000 ;   0.000 ;    ;      ;        ;                    ; source latency                   ;
;   10.000 ;   0.000 ;    ;      ; 1      ; LABCELL_X1_Y36_N48 ; gpu_clk                          ;
;   10.588 ;   0.588 ; RR ; IC   ; 1      ; CLKCTRL_G2         ; gpu_clk~CLKENA0|inclk            ;
;   10.883 ;   0.295 ; RR ; CELL ; 9151   ; CLKCTRL_G2         ; gpu_clk~CLKENA0|outclk           ;
;   12.825 ;   1.942 ; RR ; IC   ; 1      ; FF_X8_Y36_N8       ; u_dma|crc_hdr_r[23]|clk          ;
;   13.317 ;   0.492 ; RR ; CELL ; 1      ; FF_X8_Y36_N8       ; zhao_cmd_dma:u_dma|crc_hdr_r[23] ;
;   15.887 ;   2.570 ;    ;      ;        ;                    ; clock pessimism removed          ;
; 15.827   ; -0.060  ;    ;      ;        ;                    ; clock uncertainty                ;
; 15.827   ; 0.000   ;    ; uTsu ; 1      ; FF_X8_Y36_N8       ; zhao_cmd_dma:u_dma|crc_hdr_r[23] ;
+----------+---------+----+------+--------+--------------------+----------------------------------+

----------------------------
; Extra Fitter Information ;
----------------------------
HTML report is unavailable in plain text report export.


Path #3: Setup slack is -0.560 (VIOLATED)
===============================================================================
+-----------------------------------------------------------------+
; Path Summary                                                    ;
+--------------------+--------------------------------------------+
; Property           ; Value                                      ;
+--------------------+--------------------------------------------+
; From Node          ; zhao_cmd_dma:u_dma|m.M_HCRC                ;
; To Node            ; zhao_cmd_dma:u_dma|crc_hdr_r[23]~DUPLICATE ;
; Launch Clock       ; gpu_clk                                    ;
; Latch Clock        ; gpu_clk                                    ;
; Data Arrival Time  ; 16.391                                     ;
; Data Required Time ; 15.831                                     ;
; Slack              ; -0.560 (VIOLATED)                          ;
+--------------------+--------------------------------------------+

+------------------------------------------------------------------------------------+
; Statistics                                                                         ;
+------------------------+--------+-------+-------------+------------+-------+-------+
; Property               ; Value  ; Count ; Total Delay ; % of Total ; Min   ; Max   ;
+------------------------+--------+-------+-------------+------------+-------+-------+
; Setup Relationship     ; 10.000 ;       ;             ;            ;       ;       ;
; Clock Skew             ; -0.081 ;       ;             ;            ;       ;       ;
; Data Delay             ; 10.419 ;       ;             ;            ;       ;       ;
; Number of Logic Levels ;        ; 8     ;             ;            ;       ;       ;
; Physical Delays        ;        ;       ;             ;            ;       ;       ;
;  Arrival Path          ;        ;       ;             ;            ;       ;       ;
;   Clock                ;        ;       ;             ;            ;       ;       ;
;    IC                  ;        ; 2     ; 5.068       ; 85         ; 2.325 ; 2.743 ;
;    Cell                ;        ; 2     ; 0.904       ; 15         ; 0.321 ; 0.583 ;
;   Data                 ;        ;       ;             ;            ;       ;       ;
;    IC                  ;        ; 9     ; 6.314       ; 61         ; 0.000 ; 1.404 ;
;    Cell                ;        ; 10    ; 4.105       ; 39         ; 0.000 ; 0.579 ;
;    uTco                ;        ; 1     ; 0.000       ; 0          ; 0.000 ; 0.000 ;
;  Required Path         ;        ;       ;             ;            ;       ;       ;
;   Clock                ;        ;       ;             ;            ;       ;       ;
;    IC                  ;        ; 2     ; 2.530       ; 76         ; 0.588 ; 1.942 ;
;    Cell                ;        ; 2     ; 0.791       ; 24         ; 0.295 ; 0.496 ;
+------------------------+--------+-------+-------------+------------+-------+-------+
Note: Negative delays are omitted from totals when calculating percentages

+-------------------------------------------------------------------------------------------------------------+
; Data Arrival Path                                                                                           ;
+----------+---------+----+------+--------+---------------------+---------------------------------------------+
; Total    ; Incr    ; RF ; Type ; Fanout ; Location            ; Element                                     ;
+----------+---------+----+------+--------+---------------------+---------------------------------------------+
; 0.000    ; 0.000   ;    ;      ;        ;                     ; launch edge time                            ;
; 5.972    ; 5.972   ;    ;      ;        ;                     ; clock path                                  ;
;   0.000  ;   0.000 ;    ;      ;        ;                     ; source latency                              ;
;   0.000  ;   0.000 ;    ;      ; 1      ; LABCELL_X1_Y36_N48  ; gpu_clk                                     ;
;   2.743  ;   2.743 ; RR ; IC   ; 1      ; CLKCTRL_G2          ; gpu_clk~CLKENA0|inclk                       ;
;   3.064  ;   0.321 ; RR ; CELL ; 9151   ; CLKCTRL_G2          ; gpu_clk~CLKENA0|outclk                      ;
;   5.389  ;   2.325 ; RR ; IC   ; 1      ; FF_X16_Y33_N7       ; u_dma|m.M_HCRC|clk                          ;
;   5.972  ;   0.583 ; RR ; CELL ; 1      ; FF_X16_Y33_N7       ; zhao_cmd_dma:u_dma|m.M_HCRC                 ;
; 16.391   ; 10.419  ;    ;      ;        ;                     ; data path                                   ;
;   5.972  ;   0.000 ;    ; uTco ; 1      ; FF_X16_Y33_N7       ; zhao_cmd_dma:u_dma|m.M_HCRC                 ;
;   5.972  ;   0.000 ; FF ; CELL ; 103    ; FF_X16_Y33_N7       ; u_dma|m.M_HCRC|q                            ;
;   7.376  ;   1.404 ; FF ; IC   ; 1      ; LABCELL_X9_Y35_N27  ; u_dma|fold_c[26]~19|datad                   ;
;   7.756  ;   0.380 ; FF ; CELL ; 16     ; LABCELL_X9_Y35_N27  ; u_dma|fold_c[26]~19|combout                 ;
;   8.750  ;   0.994 ; FF ; IC   ; 1      ; LABCELL_X7_Y36_N33  ; u_dma|u_fold4|acc~3|datad                   ;
;   9.133  ;   0.383 ; FF ; CELL ; 9      ; LABCELL_X7_Y36_N33  ; u_dma|u_fold4|acc~3|combout                 ;
;   10.256 ;   1.123 ; FF ; IC   ; 1      ; MLABCELL_X8_Y39_N15 ; u_dma|u_fold4|g_fold[4].acc[23]~139|datab   ;
;   10.812 ;   0.556 ; FF ; CELL ; 1      ; MLABCELL_X8_Y39_N15 ; u_dma|u_fold4|g_fold[4].acc[23]~139|combout ;
;   11.042 ;   0.230 ; FF ; IC   ; 1      ; MLABCELL_X8_Y39_N39 ; u_dma|u_fold4|g_fold[4].acc[23]~140|datac   ;
;   11.621 ;   0.579 ; FF ; CELL ; 1      ; MLABCELL_X8_Y39_N39 ; u_dma|u_fold4|g_fold[4].acc[23]~140|combout ;
;   12.518 ;   0.897 ; FF ; IC   ; 1      ; LABCELL_X7_Y37_N21  ; u_dma|u_fold4|g_fold[4].acc[23]~141|datac   ;
;   12.996 ;   0.478 ; FF ; CELL ; 1      ; LABCELL_X7_Y37_N21  ; u_dma|u_fold4|g_fold[4].acc[23]~141|combout ;
;   13.213 ;   0.217 ; FF ; IC   ; 1      ; LABCELL_X7_Y37_N0   ; u_dma|u_fold4|g_fold[4].acc[23]~142|datac   ;
;   13.721 ;   0.508 ; FF ; CELL ; 1      ; LABCELL_X7_Y37_N0   ; u_dma|u_fold4|g_fold[4].acc[23]~142|combout ;
;   14.093 ;   0.372 ; FF ; IC   ; 1      ; MLABCELL_X8_Y37_N51 ; u_dma|u_fold4|g_fold[4].acc[23]~143|datac   ;
;   14.672 ;   0.579 ; FF ; CELL ; 2      ; MLABCELL_X8_Y37_N51 ; u_dma|u_fold4|g_fold[4].acc[23]~143|combout ;
;   15.749 ;   1.077 ; FF ; IC   ; 1      ; MLABCELL_X8_Y36_N6  ; u_dma|Selector879~0|datac                   ;
;   16.113 ;   0.364 ; FR ; CELL ; 2      ; MLABCELL_X8_Y36_N6  ; u_dma|Selector879~0|combout                 ;
;   16.113 ;   0.000 ; RR ; IC   ; 1      ; FF_X8_Y36_N7        ; u_dma|crc_hdr_r[23]~DUPLICATE|d             ;
;   16.391 ;   0.278 ; RR ; CELL ; 1      ; FF_X8_Y36_N7        ; zhao_cmd_dma:u_dma|crc_hdr_r[23]~DUPLICATE  ;
+----------+---------+----+------+--------+---------------------+---------------------------------------------+

+-----------------------------------------------------------------------------------------------------------+
; Data Required Path                                                                                        ;
+----------+---------+----+------+--------+--------------------+--------------------------------------------+
; Total    ; Incr    ; RF ; Type ; Fanout ; Location           ; Element                                    ;
+----------+---------+----+------+--------+--------------------+--------------------------------------------+
; 10.000   ; 10.000  ;    ;      ;        ;                    ; latch edge time                            ;
; 15.891   ; 5.891   ;    ;      ;        ;                    ; clock path                                 ;
;   10.000 ;   0.000 ;    ;      ;        ;                    ; source latency                             ;
;   10.000 ;   0.000 ;    ;      ; 1      ; LABCELL_X1_Y36_N48 ; gpu_clk                                    ;
;   10.588 ;   0.588 ; RR ; IC   ; 1      ; CLKCTRL_G2         ; gpu_clk~CLKENA0|inclk                      ;
;   10.883 ;   0.295 ; RR ; CELL ; 9151   ; CLKCTRL_G2         ; gpu_clk~CLKENA0|outclk                     ;
;   12.825 ;   1.942 ; RR ; IC   ; 1      ; FF_X8_Y36_N7       ; u_dma|crc_hdr_r[23]~DUPLICATE|clk          ;
;   13.321 ;   0.496 ; RR ; CELL ; 1      ; FF_X8_Y36_N7       ; zhao_cmd_dma:u_dma|crc_hdr_r[23]~DUPLICATE ;
;   15.891 ;   2.570 ;    ;      ;        ;                    ; clock pessimism removed                    ;
; 15.831   ; -0.060  ;    ;      ;        ;                    ; clock uncertainty                          ;
; 15.831   ; 0.000   ;    ; uTsu ; 1      ; FF_X8_Y36_N7       ; zhao_cmd_dma:u_dma|crc_hdr_r[23]~DUPLICATE ;
+----------+---------+----+------+--------+--------------------+--------------------------------------------+

----------------------------
; Extra Fitter Information ;
----------------------------
HTML report is unavailable in plain text report export.


Path #4: Setup slack is -0.312 (VIOLATED)
===============================================================================
+-----------------------------------------------------------------+
; Path Summary                                                    ;
+--------------------+--------------------------------------------+
; Property           ; Value                                      ;
+--------------------+--------------------------------------------+
; From Node          ; rq_rp[0]                                   ;
; To Node            ; zhao_cmd_scheduler:u_sched|dead_lim[2][11] ;
; Launch Clock       ; gpu_clk                                    ;
; Latch Clock        ; gpu_clk                                    ;
; Data Arrival Time  ; 15.815                                     ;
; Data Required Time ; 15.503                                     ;
; Slack              ; -0.312 (VIOLATED)                          ;
+--------------------+--------------------------------------------+

+------------------------------------------------------------------------------------+
; Statistics                                                                         ;
+------------------------+--------+-------+-------------+------------+-------+-------+
; Property               ; Value  ; Count ; Total Delay ; % of Total ; Min   ; Max   ;
+------------------------+--------+-------+-------------+------------+-------+-------+
; Setup Relationship     ; 10.000 ;       ;             ;            ;       ;       ;
; Clock Skew             ; -0.442 ;       ;             ;            ;       ;       ;
; Data Delay             ; 9.810  ;       ;             ;            ;       ;       ;
; Number of Logic Levels ;        ; 6     ;             ;            ;       ;       ;
; Physical Delays        ;        ;       ;             ;            ;       ;       ;
;  Arrival Path          ;        ;       ;             ;            ;       ;       ;
;   Clock                ;        ;       ;             ;            ;       ;       ;
;    IC                  ;        ; 2     ; 5.100       ; 85         ; 2.357 ; 2.743 ;
;    Cell                ;        ; 2     ; 0.905       ; 15         ; 0.321 ; 0.584 ;
;   Data                 ;        ;       ;             ;            ;       ;       ;
;    IC                  ;        ; 7     ; 6.111       ; 62         ; 0.200 ; 1.695 ;
;    Cell                ;        ; 8     ; 3.699       ; 38         ; 0.000 ; 0.903 ;
;    uTco                ;        ; 1     ; 0.000       ; 0          ; 0.000 ; 0.000 ;
;  Required Path         ;        ;       ;             ;            ;       ;       ;
;   Clock                ;        ;       ;             ;            ;       ;       ;
;    IC                  ;        ; 2     ; 2.607       ; 77         ; 0.588 ; 2.019 ;
;    Cell                ;        ; 2     ; 0.775       ; 23         ; 0.295 ; 0.480 ;
+------------------------+--------+-------+-------------+------------+-------+-------+
Note: Negative delays are omitted from totals when calculating percentages

+------------------------------------------------------------------------------------------------------------+
; Data Arrival Path                                                                                          ;
+----------+---------+----+------+--------+---------------------+--------------------------------------------+
; Total    ; Incr    ; RF ; Type ; Fanout ; Location            ; Element                                    ;
+----------+---------+----+------+--------+---------------------+--------------------------------------------+
; 0.000    ; 0.000   ;    ;      ;        ;                     ; launch edge time                           ;
; 6.005    ; 6.005   ;    ;      ;        ;                     ; clock path                                 ;
;   0.000  ;   0.000 ;    ;      ;        ;                     ; source latency                             ;
;   0.000  ;   0.000 ;    ;      ; 1      ; LABCELL_X1_Y36_N48  ; gpu_clk                                    ;
;   2.743  ;   2.743 ; RR ; IC   ; 1      ; CLKCTRL_G2          ; gpu_clk~CLKENA0|inclk                      ;
;   3.064  ;   0.321 ; RR ; CELL ; 9151   ; CLKCTRL_G2          ; gpu_clk~CLKENA0|outclk                     ;
;   5.421  ;   2.357 ; RR ; IC   ; 1      ; FF_X35_Y36_N46      ; rq_rp[0]|clk                               ;
;   6.005  ;   0.584 ; RR ; CELL ; 1      ; FF_X35_Y36_N46      ; rq_rp[0]                                   ;
; 15.815   ; 9.810   ;    ;      ;        ;                     ; data path                                  ;
;   6.005  ;   0.000 ;    ; uTco ; 1      ; FF_X35_Y36_N46      ; rq_rp[0]                                   ;
;   6.005  ;   0.000 ; FF ; CELL ; 221    ; FF_X35_Y36_N46      ; rq_rp[0]|q                                 ;
;   7.700  ;   1.695 ; FF ; IC   ; 1      ; LABCELL_X31_Y37_N27 ; Mux158~0|datab                             ;
;   8.258  ;   0.558 ; FF ; CELL ; 1      ; LABCELL_X31_Y37_N27 ; Mux158~0|combout                           ;
;   9.037  ;   0.779 ; FF ; IC   ; 1      ; LABCELL_X35_Y37_N21 ; Mux158~2|datad                             ;
;   9.549  ;   0.512 ; FF ; CELL ; 5      ; LABCELL_X35_Y37_N21 ; Mux158~2|combout                           ;
;   9.749  ;   0.200 ; FF ; IC   ; 1      ; LABCELL_X35_Y37_N33 ; u_sched|Equal37~3|dataa                    ;
;   10.318 ;   0.569 ; FR ; CELL ; 1      ; LABCELL_X35_Y37_N33 ; u_sched|Equal37~3|combout                  ;
;   10.646 ;   0.328 ; RR ; IC   ; 1      ; LABCELL_X36_Y37_N24 ; u_sched|Equal37~4|datab                    ;
;   11.228 ;   0.582 ; RR ; CELL ; 1      ; LABCELL_X36_Y37_N24 ; u_sched|Equal37~4|combout                  ;
;   12.082 ;   0.854 ; RR ; IC   ; 1      ; LABCELL_X36_Y36_N54 ; u_sched|Decoder4~1|datac                   ;
;   12.576 ;   0.494 ; RF ; CELL ; 6      ; LABCELL_X36_Y36_N54 ; u_sched|Decoder4~1|combout                 ;
;   13.414 ;   0.838 ; FF ; IC   ; 1      ; LABCELL_X42_Y36_N0  ; u_sched|Decoder4~2|dataf                   ;
;   13.495 ;   0.081 ; FF ; CELL ; 32     ; LABCELL_X42_Y36_N0  ; u_sched|Decoder4~2|combout                 ;
;   14.912 ;   1.417 ; FF ; IC   ; 1      ; FF_X45_Y38_N32      ; u_sched|dead_lim[2][11]|sload              ;
;   15.815 ;   0.903 ; FR ; CELL ; 1      ; FF_X45_Y38_N32      ; zhao_cmd_scheduler:u_sched|dead_lim[2][11] ;
+----------+---------+----+------+--------+---------------------+--------------------------------------------+

+-----------------------------------------------------------------------------------------------------------+
; Data Required Path                                                                                        ;
+----------+---------+----+------+--------+--------------------+--------------------------------------------+
; Total    ; Incr    ; RF ; Type ; Fanout ; Location           ; Element                                    ;
+----------+---------+----+------+--------+--------------------+--------------------------------------------+
; 10.000   ; 10.000  ;    ;      ;        ;                    ; latch edge time                            ;
; 15.563   ; 5.563   ;    ;      ;        ;                    ; clock path                                 ;
;   10.000 ;   0.000 ;    ;      ;        ;                    ; source latency                             ;
;   10.000 ;   0.000 ;    ;      ; 1      ; LABCELL_X1_Y36_N48 ; gpu_clk                                    ;
;   10.588 ;   0.588 ; RR ; IC   ; 1      ; CLKCTRL_G2         ; gpu_clk~CLKENA0|inclk                      ;
;   10.883 ;   0.295 ; RR ; CELL ; 9151   ; CLKCTRL_G2         ; gpu_clk~CLKENA0|outclk                     ;
;   12.902 ;   2.019 ; RR ; IC   ; 1      ; FF_X45_Y38_N32     ; u_sched|dead_lim[2][11]|clk                ;
;   13.382 ;   0.480 ; RR ; CELL ; 1      ; FF_X45_Y38_N32     ; zhao_cmd_scheduler:u_sched|dead_lim[2][11] ;
;   15.563 ;   2.181 ;    ;      ;        ;                    ; clock pessimism removed                    ;
; 15.503   ; -0.060  ;    ;      ;        ;                    ; clock uncertainty                          ;
; 15.503   ; 0.000   ;    ; uTsu ; 1      ; FF_X45_Y38_N32     ; zhao_cmd_scheduler:u_sched|dead_lim[2][11] ;
+----------+---------+----+------+--------+--------------------+--------------------------------------------+

----------------------------
; Extra Fitter Information ;
----------------------------
HTML report is unavailable in plain text report export.


Path #5: Setup slack is -0.312 (VIOLATED)
===============================================================================
+-----------------------------------------------------------------+
; Path Summary                                                    ;
+--------------------+--------------------------------------------+
; Property           ; Value                                      ;
+--------------------+--------------------------------------------+
; From Node          ; rq_rp[0]                                   ;
; To Node            ; zhao_cmd_scheduler:u_sched|dead_lim[2][10] ;
; Launch Clock       ; gpu_clk                                    ;
; Latch Clock        ; gpu_clk                                    ;
; Data Arrival Time  ; 15.815                                     ;
; Data Required Time ; 15.503                                     ;
; Slack              ; -0.312 (VIOLATED)                          ;
+--------------------+--------------------------------------------+

+------------------------------------------------------------------------------------+
; Statistics                                                                         ;
+------------------------+--------+-------+-------------+------------+-------+-------+
; Property               ; Value  ; Count ; Total Delay ; % of Total ; Min   ; Max   ;
+------------------------+--------+-------+-------------+------------+-------+-------+
; Setup Relationship     ; 10.000 ;       ;             ;            ;       ;       ;
; Clock Skew             ; -0.442 ;       ;             ;            ;       ;       ;
; Data Delay             ; 9.810  ;       ;             ;            ;       ;       ;
; Number of Logic Levels ;        ; 6     ;             ;            ;       ;       ;
; Physical Delays        ;        ;       ;             ;            ;       ;       ;
;  Arrival Path          ;        ;       ;             ;            ;       ;       ;
;   Clock                ;        ;       ;             ;            ;       ;       ;
;    IC                  ;        ; 2     ; 5.100       ; 85         ; 2.357 ; 2.743 ;
;    Cell                ;        ; 2     ; 0.905       ; 15         ; 0.321 ; 0.584 ;
;   Data                 ;        ;       ;             ;            ;       ;       ;
;    IC                  ;        ; 7     ; 6.111       ; 62         ; 0.200 ; 1.695 ;
;    Cell                ;        ; 8     ; 3.699       ; 38         ; 0.000 ; 0.903 ;
;    uTco                ;        ; 1     ; 0.000       ; 0          ; 0.000 ; 0.000 ;
;  Required Path         ;        ;       ;             ;            ;       ;       ;
;   Clock                ;        ;       ;             ;            ;       ;       ;
;    IC                  ;        ; 2     ; 2.607       ; 77         ; 0.588 ; 2.019 ;
;    Cell                ;        ; 2     ; 0.775       ; 23         ; 0.295 ; 0.480 ;
+------------------------+--------+-------+-------------+------------+-------+-------+
Note: Negative delays are omitted from totals when calculating percentages

+------------------------------------------------------------------------------------------------------------+
; Data Arrival Path                                                                                          ;
+----------+---------+----+------+--------+---------------------+--------------------------------------------+
; Total    ; Incr    ; RF ; Type ; Fanout ; Location            ; Element                                    ;
+----------+---------+----+------+--------+---------------------+--------------------------------------------+
; 0.000    ; 0.000   ;    ;      ;        ;                     ; launch edge time                           ;
; 6.005    ; 6.005   ;    ;      ;        ;                     ; clock path                                 ;
;   0.000  ;   0.000 ;    ;      ;        ;                     ; source latency                             ;
;   0.000  ;   0.000 ;    ;      ; 1      ; LABCELL_X1_Y36_N48  ; gpu_clk                                    ;
;   2.743  ;   2.743 ; RR ; IC   ; 1      ; CLKCTRL_G2          ; gpu_clk~CLKENA0|inclk                      ;
;   3.064  ;   0.321 ; RR ; CELL ; 9151   ; CLKCTRL_G2          ; gpu_clk~CLKENA0|outclk                     ;
;   5.421  ;   2.357 ; RR ; IC   ; 1      ; FF_X35_Y36_N46      ; rq_rp[0]|clk                               ;
;   6.005  ;   0.584 ; RR ; CELL ; 1      ; FF_X35_Y36_N46      ; rq_rp[0]                                   ;
; 15.815   ; 9.810   ;    ;      ;        ;                     ; data path                                  ;
;   6.005  ;   0.000 ;    ; uTco ; 1      ; FF_X35_Y36_N46      ; rq_rp[0]                                   ;
;   6.005  ;   0.000 ; FF ; CELL ; 221    ; FF_X35_Y36_N46      ; rq_rp[0]|q                                 ;
;   7.700  ;   1.695 ; FF ; IC   ; 1      ; LABCELL_X31_Y37_N27 ; Mux158~0|datab                             ;
;   8.258  ;   0.558 ; FF ; CELL ; 1      ; LABCELL_X31_Y37_N27 ; Mux158~0|combout                           ;
;   9.037  ;   0.779 ; FF ; IC   ; 1      ; LABCELL_X35_Y37_N21 ; Mux158~2|datad                             ;
;   9.549  ;   0.512 ; FF ; CELL ; 5      ; LABCELL_X35_Y37_N21 ; Mux158~2|combout                           ;
;   9.749  ;   0.200 ; FF ; IC   ; 1      ; LABCELL_X35_Y37_N33 ; u_sched|Equal37~3|dataa                    ;
;   10.318 ;   0.569 ; FR ; CELL ; 1      ; LABCELL_X35_Y37_N33 ; u_sched|Equal37~3|combout                  ;
;   10.646 ;   0.328 ; RR ; IC   ; 1      ; LABCELL_X36_Y37_N24 ; u_sched|Equal37~4|datab                    ;
;   11.228 ;   0.582 ; RR ; CELL ; 1      ; LABCELL_X36_Y37_N24 ; u_sched|Equal37~4|combout                  ;
;   12.082 ;   0.854 ; RR ; IC   ; 1      ; LABCELL_X36_Y36_N54 ; u_sched|Decoder4~1|datac                   ;
;   12.576 ;   0.494 ; RF ; CELL ; 6      ; LABCELL_X36_Y36_N54 ; u_sched|Decoder4~1|combout                 ;
;   13.414 ;   0.838 ; FF ; IC   ; 1      ; LABCELL_X42_Y36_N0  ; u_sched|Decoder4~2|dataf                   ;
;   13.495 ;   0.081 ; FF ; CELL ; 32     ; LABCELL_X42_Y36_N0  ; u_sched|Decoder4~2|combout                 ;
;   14.912 ;   1.417 ; FF ; IC   ; 1      ; FF_X45_Y38_N8       ; u_sched|dead_lim[2][10]|sload              ;
;   15.815 ;   0.903 ; FR ; CELL ; 1      ; FF_X45_Y38_N8       ; zhao_cmd_scheduler:u_sched|dead_lim[2][10] ;
+----------+---------+----+------+--------+---------------------+--------------------------------------------+

+-----------------------------------------------------------------------------------------------------------+
; Data Required Path                                                                                        ;
+----------+---------+----+------+--------+--------------------+--------------------------------------------+
; Total    ; Incr    ; RF ; Type ; Fanout ; Location           ; Element                                    ;
+----------+---------+----+------+--------+--------------------+--------------------------------------------+
; 10.000   ; 10.000  ;    ;      ;        ;                    ; latch edge time                            ;
; 15.563   ; 5.563   ;    ;      ;        ;                    ; clock path                                 ;
;   10.000 ;   0.000 ;    ;      ;        ;                    ; source latency                             ;
;   10.000 ;   0.000 ;    ;      ; 1      ; LABCELL_X1_Y36_N48 ; gpu_clk                                    ;
;   10.588 ;   0.588 ; RR ; IC   ; 1      ; CLKCTRL_G2         ; gpu_clk~CLKENA0|inclk                      ;
;   10.883 ;   0.295 ; RR ; CELL ; 9151   ; CLKCTRL_G2         ; gpu_clk~CLKENA0|outclk                     ;
;   12.902 ;   2.019 ; RR ; IC   ; 1      ; FF_X45_Y38_N8      ; u_sched|dead_lim[2][10]|clk                ;
;   13.382 ;   0.480 ; RR ; CELL ; 1      ; FF_X45_Y38_N8      ; zhao_cmd_scheduler:u_sched|dead_lim[2][10] ;
;   15.563 ;   2.181 ;    ;      ;        ;                    ; clock pessimism removed                    ;
; 15.503   ; -0.060  ;    ;      ;        ;                    ; clock uncertainty                          ;
; 15.503   ; 0.000   ;    ; uTsu ; 1      ; FF_X45_Y38_N8      ; zhao_cmd_scheduler:u_sched|dead_lim[2][10] ;
+----------+---------+----+------+--------+--------------------+--------------------------------------------+

----------------------------
; Extra Fitter Information ;
----------------------------
HTML report is unavailable in plain text report export.


Path #6: Setup slack is -0.312 (VIOLATED)
===============================================================================
+-----------------------------------------------------------------+
; Path Summary                                                    ;
+--------------------+--------------------------------------------+
; Property           ; Value                                      ;
+--------------------+--------------------------------------------+
; From Node          ; rq_rp[0]                                   ;
; To Node            ; zhao_cmd_scheduler:u_sched|dead_lim[2][17] ;
; Launch Clock       ; gpu_clk                                    ;
; Latch Clock        ; gpu_clk                                    ;
; Data Arrival Time  ; 15.815                                     ;
; Data Required Time ; 15.503                                     ;
; Slack              ; -0.312 (VIOLATED)                          ;
+--------------------+--------------------------------------------+

+------------------------------------------------------------------------------------+
; Statistics                                                                         ;
+------------------------+--------+-------+-------------+------------+-------+-------+
; Property               ; Value  ; Count ; Total Delay ; % of Total ; Min   ; Max   ;
+------------------------+--------+-------+-------------+------------+-------+-------+
; Setup Relationship     ; 10.000 ;       ;             ;            ;       ;       ;
; Clock Skew             ; -0.442 ;       ;             ;            ;       ;       ;
; Data Delay             ; 9.810  ;       ;             ;            ;       ;       ;
; Number of Logic Levels ;        ; 6     ;             ;            ;       ;       ;
; Physical Delays        ;        ;       ;             ;            ;       ;       ;
;  Arrival Path          ;        ;       ;             ;            ;       ;       ;
;   Clock                ;        ;       ;             ;            ;       ;       ;
;    IC                  ;        ; 2     ; 5.100       ; 85         ; 2.357 ; 2.743 ;
;    Cell                ;        ; 2     ; 0.905       ; 15         ; 0.321 ; 0.584 ;
;   Data                 ;        ;       ;             ;            ;       ;       ;
;    IC                  ;        ; 7     ; 6.111       ; 62         ; 0.200 ; 1.695 ;
;    Cell                ;        ; 8     ; 3.699       ; 38         ; 0.000 ; 0.903 ;
;    uTco                ;        ; 1     ; 0.000       ; 0          ; 0.000 ; 0.000 ;
;  Required Path         ;        ;       ;             ;            ;       ;       ;
;   Clock                ;        ;       ;             ;            ;       ;       ;
;    IC                  ;        ; 2     ; 2.607       ; 77         ; 0.588 ; 2.019 ;
;    Cell                ;        ; 2     ; 0.775       ; 23         ; 0.295 ; 0.480 ;
+------------------------+--------+-------+-------------+------------+-------+-------+
Note: Negative delays are omitted from totals when calculating percentages

+------------------------------------------------------------------------------------------------------------+
; Data Arrival Path                                                                                          ;
+----------+---------+----+------+--------+---------------------+--------------------------------------------+
; Total    ; Incr    ; RF ; Type ; Fanout ; Location            ; Element                                    ;
+----------+---------+----+------+--------+---------------------+--------------------------------------------+
; 0.000    ; 0.000   ;    ;      ;        ;                     ; launch edge time                           ;
; 6.005    ; 6.005   ;    ;      ;        ;                     ; clock path                                 ;
;   0.000  ;   0.000 ;    ;      ;        ;                     ; source latency                             ;
;   0.000  ;   0.000 ;    ;      ; 1      ; LABCELL_X1_Y36_N48  ; gpu_clk                                    ;
;   2.743  ;   2.743 ; RR ; IC   ; 1      ; CLKCTRL_G2          ; gpu_clk~CLKENA0|inclk                      ;
;   3.064  ;   0.321 ; RR ; CELL ; 9151   ; CLKCTRL_G2          ; gpu_clk~CLKENA0|outclk                     ;
;   5.421  ;   2.357 ; RR ; IC   ; 1      ; FF_X35_Y36_N46      ; rq_rp[0]|clk                               ;
;   6.005  ;   0.584 ; RR ; CELL ; 1      ; FF_X35_Y36_N46      ; rq_rp[0]                                   ;
; 15.815   ; 9.810   ;    ;      ;        ;                     ; data path                                  ;
;   6.005  ;   0.000 ;    ; uTco ; 1      ; FF_X35_Y36_N46      ; rq_rp[0]                                   ;
;   6.005  ;   0.000 ; FF ; CELL ; 221    ; FF_X35_Y36_N46      ; rq_rp[0]|q                                 ;
;   7.700  ;   1.695 ; FF ; IC   ; 1      ; LABCELL_X31_Y37_N27 ; Mux158~0|datab                             ;
;   8.258  ;   0.558 ; FF ; CELL ; 1      ; LABCELL_X31_Y37_N27 ; Mux158~0|combout                           ;
;   9.037  ;   0.779 ; FF ; IC   ; 1      ; LABCELL_X35_Y37_N21 ; Mux158~2|datad                             ;
;   9.549  ;   0.512 ; FF ; CELL ; 5      ; LABCELL_X35_Y37_N21 ; Mux158~2|combout                           ;
;   9.749  ;   0.200 ; FF ; IC   ; 1      ; LABCELL_X35_Y37_N33 ; u_sched|Equal37~3|dataa                    ;
;   10.318 ;   0.569 ; FR ; CELL ; 1      ; LABCELL_X35_Y37_N33 ; u_sched|Equal37~3|combout                  ;
;   10.646 ;   0.328 ; RR ; IC   ; 1      ; LABCELL_X36_Y37_N24 ; u_sched|Equal37~4|datab                    ;
;   11.228 ;   0.582 ; RR ; CELL ; 1      ; LABCELL_X36_Y37_N24 ; u_sched|Equal37~4|combout                  ;
;   12.082 ;   0.854 ; RR ; IC   ; 1      ; LABCELL_X36_Y36_N54 ; u_sched|Decoder4~1|datac                   ;
;   12.576 ;   0.494 ; RF ; CELL ; 6      ; LABCELL_X36_Y36_N54 ; u_sched|Decoder4~1|combout                 ;
;   13.414 ;   0.838 ; FF ; IC   ; 1      ; LABCELL_X42_Y36_N0  ; u_sched|Decoder4~2|dataf                   ;
;   13.495 ;   0.081 ; FF ; CELL ; 32     ; LABCELL_X42_Y36_N0  ; u_sched|Decoder4~2|combout                 ;
;   14.912 ;   1.417 ; FF ; IC   ; 1      ; FF_X45_Y38_N14      ; u_sched|dead_lim[2][17]|sload              ;
;   15.815 ;   0.903 ; FR ; CELL ; 1      ; FF_X45_Y38_N14      ; zhao_cmd_scheduler:u_sched|dead_lim[2][17] ;
+----------+---------+----+------+--------+---------------------+--------------------------------------------+

+-----------------------------------------------------------------------------------------------------------+
; Data Required Path                                                                                        ;
+----------+---------+----+------+--------+--------------------+--------------------------------------------+
; Total    ; Incr    ; RF ; Type ; Fanout ; Location           ; Element                                    ;
+----------+---------+----+------+--------+--------------------+--------------------------------------------+
; 10.000   ; 10.000  ;    ;      ;        ;                    ; latch edge time                            ;
; 15.563   ; 5.563   ;    ;      ;        ;                    ; clock path                                 ;
;   10.000 ;   0.000 ;    ;      ;        ;                    ; source latency                             ;
;   10.000 ;   0.000 ;    ;      ; 1      ; LABCELL_X1_Y36_N48 ; gpu_clk                                    ;
;   10.588 ;   0.588 ; RR ; IC   ; 1      ; CLKCTRL_G2         ; gpu_clk~CLKENA0|inclk                      ;
;   10.883 ;   0.295 ; RR ; CELL ; 9151   ; CLKCTRL_G2         ; gpu_clk~CLKENA0|outclk                     ;
;   12.902 ;   2.019 ; RR ; IC   ; 1      ; FF_X45_Y38_N14     ; u_sched|dead_lim[2][17]|clk                ;
;   13.382 ;   0.480 ; RR ; CELL ; 1      ; FF_X45_Y38_N14     ; zhao_cmd_scheduler:u_sched|dead_lim[2][17] ;
;   15.563 ;   2.181 ;    ;      ;        ;                    ; clock pessimism removed                    ;
; 15.503   ; -0.060  ;    ;      ;        ;                    ; clock uncertainty                          ;
; 15.503   ; 0.000   ;    ; uTsu ; 1      ; FF_X45_Y38_N14     ; zhao_cmd_scheduler:u_sched|dead_lim[2][17] ;
+----------+---------+----+------+--------+--------------------+--------------------------------------------+

----------------------------
; Extra Fitter Information ;
----------------------------
HTML report is unavailable in plain text report export.


Path #7: Setup slack is -0.312 (VIOLATED)
===============================================================================
+-----------------------------------------------------------------+
; Path Summary                                                    ;
+--------------------+--------------------------------------------+
; Property           ; Value                                      ;
+--------------------+--------------------------------------------+
; From Node          ; rq_rp[0]                                   ;
; To Node            ; zhao_cmd_scheduler:u_sched|dead_lim[2][15] ;
; Launch Clock       ; gpu_clk                                    ;
; Latch Clock        ; gpu_clk                                    ;
; Data Arrival Time  ; 15.815                                     ;
; Data Required Time ; 15.503                                     ;
; Slack              ; -0.312 (VIOLATED)                          ;
+--------------------+--------------------------------------------+

+------------------------------------------------------------------------------------+
; Statistics                                                                         ;
+------------------------+--------+-------+-------------+------------+-------+-------+
; Property               ; Value  ; Count ; Total Delay ; % of Total ; Min   ; Max   ;
+------------------------+--------+-------+-------------+------------+-------+-------+
; Setup Relationship     ; 10.000 ;       ;             ;            ;       ;       ;
; Clock Skew             ; -0.442 ;       ;             ;            ;       ;       ;
; Data Delay             ; 9.810  ;       ;             ;            ;       ;       ;
; Number of Logic Levels ;        ; 6     ;             ;            ;       ;       ;
; Physical Delays        ;        ;       ;             ;            ;       ;       ;
;  Arrival Path          ;        ;       ;             ;            ;       ;       ;
;   Clock                ;        ;       ;             ;            ;       ;       ;
;    IC                  ;        ; 2     ; 5.100       ; 85         ; 2.357 ; 2.743 ;
;    Cell                ;        ; 2     ; 0.905       ; 15         ; 0.321 ; 0.584 ;
;   Data                 ;        ;       ;             ;            ;       ;       ;
;    IC                  ;        ; 7     ; 6.111       ; 62         ; 0.200 ; 1.695 ;
;    Cell                ;        ; 8     ; 3.699       ; 38         ; 0.000 ; 0.903 ;
;    uTco                ;        ; 1     ; 0.000       ; 0          ; 0.000 ; 0.000 ;
;  Required Path         ;        ;       ;             ;            ;       ;       ;
;   Clock                ;        ;       ;             ;            ;       ;       ;
;    IC                  ;        ; 2     ; 2.607       ; 77         ; 0.588 ; 2.019 ;
;    Cell                ;        ; 2     ; 0.775       ; 23         ; 0.295 ; 0.480 ;
+------------------------+--------+-------+-------------+------------+-------+-------+
Note: Negative delays are omitted from totals when calculating percentages

+------------------------------------------------------------------------------------------------------------+
; Data Arrival Path                                                                                          ;
+----------+---------+----+------+--------+---------------------+--------------------------------------------+
; Total    ; Incr    ; RF ; Type ; Fanout ; Location            ; Element                                    ;
+----------+---------+----+------+--------+---------------------+--------------------------------------------+
; 0.000    ; 0.000   ;    ;      ;        ;                     ; launch edge time                           ;
; 6.005    ; 6.005   ;    ;      ;        ;                     ; clock path                                 ;
;   0.000  ;   0.000 ;    ;      ;        ;                     ; source latency                             ;
;   0.000  ;   0.000 ;    ;      ; 1      ; LABCELL_X1_Y36_N48  ; gpu_clk                                    ;
;   2.743  ;   2.743 ; RR ; IC   ; 1      ; CLKCTRL_G2          ; gpu_clk~CLKENA0|inclk                      ;
;   3.064  ;   0.321 ; RR ; CELL ; 9151   ; CLKCTRL_G2          ; gpu_clk~CLKENA0|outclk                     ;
;   5.421  ;   2.357 ; RR ; IC   ; 1      ; FF_X35_Y36_N46      ; rq_rp[0]|clk                               ;
;   6.005  ;   0.584 ; RR ; CELL ; 1      ; FF_X35_Y36_N46      ; rq_rp[0]                                   ;
; 15.815   ; 9.810   ;    ;      ;        ;                     ; data path                                  ;
;   6.005  ;   0.000 ;    ; uTco ; 1      ; FF_X35_Y36_N46      ; rq_rp[0]                                   ;
;   6.005  ;   0.000 ; FF ; CELL ; 221    ; FF_X35_Y36_N46      ; rq_rp[0]|q                                 ;
;   7.700  ;   1.695 ; FF ; IC   ; 1      ; LABCELL_X31_Y37_N27 ; Mux158~0|datab                             ;
;   8.258  ;   0.558 ; FF ; CELL ; 1      ; LABCELL_X31_Y37_N27 ; Mux158~0|combout                           ;
;   9.037  ;   0.779 ; FF ; IC   ; 1      ; LABCELL_X35_Y37_N21 ; Mux158~2|datad                             ;
;   9.549  ;   0.512 ; FF ; CELL ; 5      ; LABCELL_X35_Y37_N21 ; Mux158~2|combout                           ;
;   9.749  ;   0.200 ; FF ; IC   ; 1      ; LABCELL_X35_Y37_N33 ; u_sched|Equal37~3|dataa                    ;
;   10.318 ;   0.569 ; FR ; CELL ; 1      ; LABCELL_X35_Y37_N33 ; u_sched|Equal37~3|combout                  ;
;   10.646 ;   0.328 ; RR ; IC   ; 1      ; LABCELL_X36_Y37_N24 ; u_sched|Equal37~4|datab                    ;
;   11.228 ;   0.582 ; RR ; CELL ; 1      ; LABCELL_X36_Y37_N24 ; u_sched|Equal37~4|combout                  ;
;   12.082 ;   0.854 ; RR ; IC   ; 1      ; LABCELL_X36_Y36_N54 ; u_sched|Decoder4~1|datac                   ;
;   12.576 ;   0.494 ; RF ; CELL ; 6      ; LABCELL_X36_Y36_N54 ; u_sched|Decoder4~1|combout                 ;
;   13.414 ;   0.838 ; FF ; IC   ; 1      ; LABCELL_X42_Y36_N0  ; u_sched|Decoder4~2|dataf                   ;
;   13.495 ;   0.081 ; FF ; CELL ; 32     ; LABCELL_X42_Y36_N0  ; u_sched|Decoder4~2|combout                 ;
;   14.912 ;   1.417 ; FF ; IC   ; 1      ; FF_X45_Y38_N50      ; u_sched|dead_lim[2][15]|sload              ;
;   15.815 ;   0.903 ; FR ; CELL ; 1      ; FF_X45_Y38_N50      ; zhao_cmd_scheduler:u_sched|dead_lim[2][15] ;
+----------+---------+----+------+--------+---------------------+--------------------------------------------+

+-----------------------------------------------------------------------------------------------------------+
; Data Required Path                                                                                        ;
+----------+---------+----+------+--------+--------------------+--------------------------------------------+
; Total    ; Incr    ; RF ; Type ; Fanout ; Location           ; Element                                    ;
+----------+---------+----+------+--------+--------------------+--------------------------------------------+
; 10.000   ; 10.000  ;    ;      ;        ;                    ; latch edge time                            ;
; 15.563   ; 5.563   ;    ;      ;        ;                    ; clock path                                 ;
;   10.000 ;   0.000 ;    ;      ;        ;                    ; source latency                             ;
;   10.000 ;   0.000 ;    ;      ; 1      ; LABCELL_X1_Y36_N48 ; gpu_clk                                    ;
;   10.588 ;   0.588 ; RR ; IC   ; 1      ; CLKCTRL_G2         ; gpu_clk~CLKENA0|inclk                      ;
;   10.883 ;   0.295 ; RR ; CELL ; 9151   ; CLKCTRL_G2         ; gpu_clk~CLKENA0|outclk                     ;
;   12.902 ;   2.019 ; RR ; IC   ; 1      ; FF_X45_Y38_N50     ; u_sched|dead_lim[2][15]|clk                ;
;   13.382 ;   0.480 ; RR ; CELL ; 1      ; FF_X45_Y38_N50     ; zhao_cmd_scheduler:u_sched|dead_lim[2][15] ;
;   15.563 ;   2.181 ;    ;      ;        ;                    ; clock pessimism removed                    ;
; 15.503   ; -0.060  ;    ;      ;        ;                    ; clock uncertainty                          ;
; 15.503   ; 0.000   ;    ; uTsu ; 1      ; FF_X45_Y38_N50     ; zhao_cmd_scheduler:u_sched|dead_lim[2][15] ;
+----------+---------+----+------+--------+--------------------+--------------------------------------------+

----------------------------
; Extra Fitter Information ;
----------------------------
HTML report is unavailable in plain text report export.


Path #8: Setup slack is -0.312 (VIOLATED)
===============================================================================
+----------------------------------------------------------------+
; Path Summary                                                   ;
+--------------------+-------------------------------------------+
; Property           ; Value                                     ;
+--------------------+-------------------------------------------+
; From Node          ; rq_rp[0]                                  ;
; To Node            ; zhao_cmd_scheduler:u_sched|dead_lim[2][7] ;
; Launch Clock       ; gpu_clk                                   ;
; Latch Clock        ; gpu_clk                                   ;
; Data Arrival Time  ; 15.815                                    ;
; Data Required Time ; 15.503                                    ;
; Slack              ; -0.312 (VIOLATED)                         ;
+--------------------+-------------------------------------------+

+------------------------------------------------------------------------------------+
; Statistics                                                                         ;
+------------------------+--------+-------+-------------+------------+-------+-------+
; Property               ; Value  ; Count ; Total Delay ; % of Total ; Min   ; Max   ;
+------------------------+--------+-------+-------------+------------+-------+-------+
; Setup Relationship     ; 10.000 ;       ;             ;            ;       ;       ;
; Clock Skew             ; -0.442 ;       ;             ;            ;       ;       ;
; Data Delay             ; 9.810  ;       ;             ;            ;       ;       ;
; Number of Logic Levels ;        ; 6     ;             ;            ;       ;       ;
; Physical Delays        ;        ;       ;             ;            ;       ;       ;
;  Arrival Path          ;        ;       ;             ;            ;       ;       ;
;   Clock                ;        ;       ;             ;            ;       ;       ;
;    IC                  ;        ; 2     ; 5.100       ; 85         ; 2.357 ; 2.743 ;
;    Cell                ;        ; 2     ; 0.905       ; 15         ; 0.321 ; 0.584 ;
;   Data                 ;        ;       ;             ;            ;       ;       ;
;    IC                  ;        ; 7     ; 6.111       ; 62         ; 0.200 ; 1.695 ;
;    Cell                ;        ; 8     ; 3.699       ; 38         ; 0.000 ; 0.903 ;
;    uTco                ;        ; 1     ; 0.000       ; 0          ; 0.000 ; 0.000 ;
;  Required Path         ;        ;       ;             ;            ;       ;       ;
;   Clock                ;        ;       ;             ;            ;       ;       ;
;    IC                  ;        ; 2     ; 2.607       ; 77         ; 0.588 ; 2.019 ;
;    Cell                ;        ; 2     ; 0.775       ; 23         ; 0.295 ; 0.480 ;
+------------------------+--------+-------+-------------+------------+-------+-------+
Note: Negative delays are omitted from totals when calculating percentages

+-----------------------------------------------------------------------------------------------------------+
; Data Arrival Path                                                                                         ;
+----------+---------+----+------+--------+---------------------+-------------------------------------------+
; Total    ; Incr    ; RF ; Type ; Fanout ; Location            ; Element                                   ;
+----------+---------+----+------+--------+---------------------+-------------------------------------------+
; 0.000    ; 0.000   ;    ;      ;        ;                     ; launch edge time                          ;
; 6.005    ; 6.005   ;    ;      ;        ;                     ; clock path                                ;
;   0.000  ;   0.000 ;    ;      ;        ;                     ; source latency                            ;
;   0.000  ;   0.000 ;    ;      ; 1      ; LABCELL_X1_Y36_N48  ; gpu_clk                                   ;
;   2.743  ;   2.743 ; RR ; IC   ; 1      ; CLKCTRL_G2          ; gpu_clk~CLKENA0|inclk                     ;
;   3.064  ;   0.321 ; RR ; CELL ; 9151   ; CLKCTRL_G2          ; gpu_clk~CLKENA0|outclk                    ;
;   5.421  ;   2.357 ; RR ; IC   ; 1      ; FF_X35_Y36_N46      ; rq_rp[0]|clk                              ;
;   6.005  ;   0.584 ; RR ; CELL ; 1      ; FF_X35_Y36_N46      ; rq_rp[0]                                  ;
; 15.815   ; 9.810   ;    ;      ;        ;                     ; data path                                 ;
;   6.005  ;   0.000 ;    ; uTco ; 1      ; FF_X35_Y36_N46      ; rq_rp[0]                                  ;
;   6.005  ;   0.000 ; FF ; CELL ; 221    ; FF_X35_Y36_N46      ; rq_rp[0]|q                                ;
;   7.700  ;   1.695 ; FF ; IC   ; 1      ; LABCELL_X31_Y37_N27 ; Mux158~0|datab                            ;
;   8.258  ;   0.558 ; FF ; CELL ; 1      ; LABCELL_X31_Y37_N27 ; Mux158~0|combout                          ;
;   9.037  ;   0.779 ; FF ; IC   ; 1      ; LABCELL_X35_Y37_N21 ; Mux158~2|datad                            ;
;   9.549  ;   0.512 ; FF ; CELL ; 5      ; LABCELL_X35_Y37_N21 ; Mux158~2|combout                          ;
;   9.749  ;   0.200 ; FF ; IC   ; 1      ; LABCELL_X35_Y37_N33 ; u_sched|Equal37~3|dataa                   ;
;   10.318 ;   0.569 ; FR ; CELL ; 1      ; LABCELL_X35_Y37_N33 ; u_sched|Equal37~3|combout                 ;
;   10.646 ;   0.328 ; RR ; IC   ; 1      ; LABCELL_X36_Y37_N24 ; u_sched|Equal37~4|datab                   ;
;   11.228 ;   0.582 ; RR ; CELL ; 1      ; LABCELL_X36_Y37_N24 ; u_sched|Equal37~4|combout                 ;
;   12.082 ;   0.854 ; RR ; IC   ; 1      ; LABCELL_X36_Y36_N54 ; u_sched|Decoder4~1|datac                  ;
;   12.576 ;   0.494 ; RF ; CELL ; 6      ; LABCELL_X36_Y36_N54 ; u_sched|Decoder4~1|combout                ;
;   13.414 ;   0.838 ; FF ; IC   ; 1      ; LABCELL_X42_Y36_N0  ; u_sched|Decoder4~2|dataf                  ;
;   13.495 ;   0.081 ; FF ; CELL ; 32     ; LABCELL_X42_Y36_N0  ; u_sched|Decoder4~2|combout                ;
;   14.912 ;   1.417 ; FF ; IC   ; 1      ; FF_X45_Y38_N38      ; u_sched|dead_lim[2][7]|sload              ;
;   15.815 ;   0.903 ; FR ; CELL ; 1      ; FF_X45_Y38_N38      ; zhao_cmd_scheduler:u_sched|dead_lim[2][7] ;
+----------+---------+----+------+--------+---------------------+-------------------------------------------+

+----------------------------------------------------------------------------------------------------------+
; Data Required Path                                                                                       ;
+----------+---------+----+------+--------+--------------------+-------------------------------------------+
; Total    ; Incr    ; RF ; Type ; Fanout ; Location           ; Element                                   ;
+----------+---------+----+------+--------+--------------------+-------------------------------------------+
; 10.000   ; 10.000  ;    ;      ;        ;                    ; latch edge time                           ;
; 15.563   ; 5.563   ;    ;      ;        ;                    ; clock path                                ;
;   10.000 ;   0.000 ;    ;      ;        ;                    ; source latency                            ;
;   10.000 ;   0.000 ;    ;      ; 1      ; LABCELL_X1_Y36_N48 ; gpu_clk                                   ;
;   10.588 ;   0.588 ; RR ; IC   ; 1      ; CLKCTRL_G2         ; gpu_clk~CLKENA0|inclk                     ;
;   10.883 ;   0.295 ; RR ; CELL ; 9151   ; CLKCTRL_G2         ; gpu_clk~CLKENA0|outclk                    ;
;   12.902 ;   2.019 ; RR ; IC   ; 1      ; FF_X45_Y38_N38     ; u_sched|dead_lim[2][7]|clk                ;
;   13.382 ;   0.480 ; RR ; CELL ; 1      ; FF_X45_Y38_N38     ; zhao_cmd_scheduler:u_sched|dead_lim[2][7] ;
;   15.563 ;   2.181 ;    ;      ;        ;                    ; clock pessimism removed                   ;
; 15.503   ; -0.060  ;    ;      ;        ;                    ; clock uncertainty                         ;
; 15.503   ; 0.000   ;    ; uTsu ; 1      ; FF_X45_Y38_N38     ; zhao_cmd_scheduler:u_sched|dead_lim[2][7] ;
+----------+---------+----+------+--------+--------------------+-------------------------------------------+

----------------------------
; Extra Fitter Information ;
----------------------------
HTML report is unavailable in plain text report export.


Path #9: Setup slack is -0.308 (VIOLATED)
===============================================================================
+----------------------------------------------------------------+
; Path Summary                                                   ;
+--------------------+-------------------------------------------+
; Property           ; Value                                     ;
+--------------------+-------------------------------------------+
; From Node          ; rq_rp[0]                                  ;
; To Node            ; zhao_cmd_scheduler:u_sched|dead_lim[2][8] ;
; Launch Clock       ; gpu_clk                                   ;
; Latch Clock        ; gpu_clk                                   ;
; Data Arrival Time  ; 15.815                                    ;
; Data Required Time ; 15.507                                    ;
; Slack              ; -0.308 (VIOLATED)                         ;
+--------------------+-------------------------------------------+

+------------------------------------------------------------------------------------+
; Statistics                                                                         ;
+------------------------+--------+-------+-------------+------------+-------+-------+
; Property               ; Value  ; Count ; Total Delay ; % of Total ; Min   ; Max   ;
+------------------------+--------+-------+-------------+------------+-------+-------+
; Setup Relationship     ; 10.000 ;       ;             ;            ;       ;       ;
; Clock Skew             ; -0.438 ;       ;             ;            ;       ;       ;
; Data Delay             ; 9.810  ;       ;             ;            ;       ;       ;
; Number of Logic Levels ;        ; 6     ;             ;            ;       ;       ;
; Physical Delays        ;        ;       ;             ;            ;       ;       ;
;  Arrival Path          ;        ;       ;             ;            ;       ;       ;
;   Clock                ;        ;       ;             ;            ;       ;       ;
;    IC                  ;        ; 2     ; 5.100       ; 85         ; 2.357 ; 2.743 ;
;    Cell                ;        ; 2     ; 0.905       ; 15         ; 0.321 ; 0.584 ;
;   Data                 ;        ;       ;             ;            ;       ;       ;
;    IC                  ;        ; 7     ; 6.111       ; 62         ; 0.200 ; 1.695 ;
;    Cell                ;        ; 8     ; 3.699       ; 38         ; 0.000 ; 0.903 ;
;    uTco                ;        ; 1     ; 0.000       ; 0          ; 0.000 ; 0.000 ;
;  Required Path         ;        ;       ;             ;            ;       ;       ;
;   Clock                ;        ;       ;             ;            ;       ;       ;
;    IC                  ;        ; 2     ; 2.607       ; 77         ; 0.588 ; 2.019 ;
;    Cell                ;        ; 2     ; 0.779       ; 23         ; 0.295 ; 0.484 ;
+------------------------+--------+-------+-------------+------------+-------+-------+
Note: Negative delays are omitted from totals when calculating percentages

+-----------------------------------------------------------------------------------------------------------+
; Data Arrival Path                                                                                         ;
+----------+---------+----+------+--------+---------------------+-------------------------------------------+
; Total    ; Incr    ; RF ; Type ; Fanout ; Location            ; Element                                   ;
+----------+---------+----+------+--------+---------------------+-------------------------------------------+
; 0.000    ; 0.000   ;    ;      ;        ;                     ; launch edge time                          ;
; 6.005    ; 6.005   ;    ;      ;        ;                     ; clock path                                ;
;   0.000  ;   0.000 ;    ;      ;        ;                     ; source latency                            ;
;   0.000  ;   0.000 ;    ;      ; 1      ; LABCELL_X1_Y36_N48  ; gpu_clk                                   ;
;   2.743  ;   2.743 ; RR ; IC   ; 1      ; CLKCTRL_G2          ; gpu_clk~CLKENA0|inclk                     ;
;   3.064  ;   0.321 ; RR ; CELL ; 9151   ; CLKCTRL_G2          ; gpu_clk~CLKENA0|outclk                    ;
;   5.421  ;   2.357 ; RR ; IC   ; 1      ; FF_X35_Y36_N46      ; rq_rp[0]|clk                              ;
;   6.005  ;   0.584 ; RR ; CELL ; 1      ; FF_X35_Y36_N46      ; rq_rp[0]                                  ;
; 15.815   ; 9.810   ;    ;      ;        ;                     ; data path                                 ;
;   6.005  ;   0.000 ;    ; uTco ; 1      ; FF_X35_Y36_N46      ; rq_rp[0]                                  ;
;   6.005  ;   0.000 ; FF ; CELL ; 221    ; FF_X35_Y36_N46      ; rq_rp[0]|q                                ;
;   7.700  ;   1.695 ; FF ; IC   ; 1      ; LABCELL_X31_Y37_N27 ; Mux158~0|datab                            ;
;   8.258  ;   0.558 ; FF ; CELL ; 1      ; LABCELL_X31_Y37_N27 ; Mux158~0|combout                          ;
;   9.037  ;   0.779 ; FF ; IC   ; 1      ; LABCELL_X35_Y37_N21 ; Mux158~2|datad                            ;
;   9.549  ;   0.512 ; FF ; CELL ; 5      ; LABCELL_X35_Y37_N21 ; Mux158~2|combout                          ;
;   9.749  ;   0.200 ; FF ; IC   ; 1      ; LABCELL_X35_Y37_N33 ; u_sched|Equal37~3|dataa                   ;
;   10.318 ;   0.569 ; FR ; CELL ; 1      ; LABCELL_X35_Y37_N33 ; u_sched|Equal37~3|combout                 ;
;   10.646 ;   0.328 ; RR ; IC   ; 1      ; LABCELL_X36_Y37_N24 ; u_sched|Equal37~4|datab                   ;
;   11.228 ;   0.582 ; RR ; CELL ; 1      ; LABCELL_X36_Y37_N24 ; u_sched|Equal37~4|combout                 ;
;   12.082 ;   0.854 ; RR ; IC   ; 1      ; LABCELL_X36_Y36_N54 ; u_sched|Decoder4~1|datac                  ;
;   12.576 ;   0.494 ; RF ; CELL ; 6      ; LABCELL_X36_Y36_N54 ; u_sched|Decoder4~1|combout                ;
;   13.414 ;   0.838 ; FF ; IC   ; 1      ; LABCELL_X42_Y36_N0  ; u_sched|Decoder4~2|dataf                  ;
;   13.495 ;   0.081 ; FF ; CELL ; 32     ; LABCELL_X42_Y36_N0  ; u_sched|Decoder4~2|combout                ;
;   14.912 ;   1.417 ; FF ; IC   ; 1      ; FF_X45_Y38_N17      ; u_sched|dead_lim[2][8]|sload              ;
;   15.815 ;   0.903 ; FR ; CELL ; 1      ; FF_X45_Y38_N17      ; zhao_cmd_scheduler:u_sched|dead_lim[2][8] ;
+----------+---------+----+------+--------+---------------------+-------------------------------------------+

+----------------------------------------------------------------------------------------------------------+
; Data Required Path                                                                                       ;
+----------+---------+----+------+--------+--------------------+-------------------------------------------+
; Total    ; Incr    ; RF ; Type ; Fanout ; Location           ; Element                                   ;
+----------+---------+----+------+--------+--------------------+-------------------------------------------+
; 10.000   ; 10.000  ;    ;      ;        ;                    ; latch edge time                           ;
; 15.567   ; 5.567   ;    ;      ;        ;                    ; clock path                                ;
;   10.000 ;   0.000 ;    ;      ;        ;                    ; source latency                            ;
;   10.000 ;   0.000 ;    ;      ; 1      ; LABCELL_X1_Y36_N48 ; gpu_clk                                   ;
;   10.588 ;   0.588 ; RR ; IC   ; 1      ; CLKCTRL_G2         ; gpu_clk~CLKENA0|inclk                     ;
;   10.883 ;   0.295 ; RR ; CELL ; 9151   ; CLKCTRL_G2         ; gpu_clk~CLKENA0|outclk                    ;
;   12.902 ;   2.019 ; RR ; IC   ; 1      ; FF_X45_Y38_N17     ; u_sched|dead_lim[2][8]|clk                ;
;   13.386 ;   0.484 ; RR ; CELL ; 1      ; FF_X45_Y38_N17     ; zhao_cmd_scheduler:u_sched|dead_lim[2][8] ;
;   15.567 ;   2.181 ;    ;      ;        ;                    ; clock pessimism removed                   ;
; 15.507   ; -0.060  ;    ;      ;        ;                    ; clock uncertainty                         ;
; 15.507   ; 0.000   ;    ; uTsu ; 1      ; FF_X45_Y38_N17     ; zhao_cmd_scheduler:u_sched|dead_lim[2][8] ;
+----------+---------+----+------+--------+--------------------+-------------------------------------------+

----------------------------
; Extra Fitter Information ;
----------------------------
HTML report is unavailable in plain text report export.


Path #10: Setup slack is -0.308 (VIOLATED)
===============================================================================
+-----------------------------------------------------------------+
; Path Summary                                                    ;
+--------------------+--------------------------------------------+
; Property           ; Value                                      ;
+--------------------+--------------------------------------------+
; From Node          ; rq_rp[0]                                   ;
; To Node            ; zhao_cmd_scheduler:u_sched|dead_lim[2][14] ;
; Launch Clock       ; gpu_clk                                    ;
; Latch Clock        ; gpu_clk                                    ;
; Data Arrival Time  ; 15.815                                     ;
; Data Required Time ; 15.507                                     ;
; Slack              ; -0.308 (VIOLATED)                          ;
+--------------------+--------------------------------------------+

+------------------------------------------------------------------------------------+
; Statistics                                                                         ;
+------------------------+--------+-------+-------------+------------+-------+-------+
; Property               ; Value  ; Count ; Total Delay ; % of Total ; Min   ; Max   ;
+------------------------+--------+-------+-------------+------------+-------+-------+
; Setup Relationship     ; 10.000 ;       ;             ;            ;       ;       ;
; Clock Skew             ; -0.438 ;       ;             ;            ;       ;       ;
; Data Delay             ; 9.810  ;       ;             ;            ;       ;       ;
; Number of Logic Levels ;        ; 6     ;             ;            ;       ;       ;
; Physical Delays        ;        ;       ;             ;            ;       ;       ;
;  Arrival Path          ;        ;       ;             ;            ;       ;       ;
;   Clock                ;        ;       ;             ;            ;       ;       ;
;    IC                  ;        ; 2     ; 5.100       ; 85         ; 2.357 ; 2.743 ;
;    Cell                ;        ; 2     ; 0.905       ; 15         ; 0.321 ; 0.584 ;
;   Data                 ;        ;       ;             ;            ;       ;       ;
;    IC                  ;        ; 7     ; 6.111       ; 62         ; 0.200 ; 1.695 ;
;    Cell                ;        ; 8     ; 3.699       ; 38         ; 0.000 ; 0.903 ;
;    uTco                ;        ; 1     ; 0.000       ; 0          ; 0.000 ; 0.000 ;
;  Required Path         ;        ;       ;             ;            ;       ;       ;
;   Clock                ;        ;       ;             ;            ;       ;       ;
;    IC                  ;        ; 2     ; 2.607       ; 77         ; 0.588 ; 2.019 ;
;    Cell                ;        ; 2     ; 0.779       ; 23         ; 0.295 ; 0.484 ;
+------------------------+--------+-------+-------------+------------+-------+-------+
Note: Negative delays are omitted from totals when calculating percentages

+------------------------------------------------------------------------------------------------------------+
; Data Arrival Path                                                                                          ;
+----------+---------+----+------+--------+---------------------+--------------------------------------------+
; Total    ; Incr    ; RF ; Type ; Fanout ; Location            ; Element                                    ;
+----------+---------+----+------+--------+---------------------+--------------------------------------------+
; 0.000    ; 0.000   ;    ;      ;        ;                     ; launch edge time                           ;
; 6.005    ; 6.005   ;    ;      ;        ;                     ; clock path                                 ;
;   0.000  ;   0.000 ;    ;      ;        ;                     ; source latency                             ;
;   0.000  ;   0.000 ;    ;      ; 1      ; LABCELL_X1_Y36_N48  ; gpu_clk                                    ;
;   2.743  ;   2.743 ; RR ; IC   ; 1      ; CLKCTRL_G2          ; gpu_clk~CLKENA0|inclk                      ;
;   3.064  ;   0.321 ; RR ; CELL ; 9151   ; CLKCTRL_G2          ; gpu_clk~CLKENA0|outclk                     ;
;   5.421  ;   2.357 ; RR ; IC   ; 1      ; FF_X35_Y36_N46      ; rq_rp[0]|clk                               ;
;   6.005  ;   0.584 ; RR ; CELL ; 1      ; FF_X35_Y36_N46      ; rq_rp[0]                                   ;
; 15.815   ; 9.810   ;    ;      ;        ;                     ; data path                                  ;
;   6.005  ;   0.000 ;    ; uTco ; 1      ; FF_X35_Y36_N46      ; rq_rp[0]                                   ;
;   6.005  ;   0.000 ; FF ; CELL ; 221    ; FF_X35_Y36_N46      ; rq_rp[0]|q                                 ;
;   7.700  ;   1.695 ; FF ; IC   ; 1      ; LABCELL_X31_Y37_N27 ; Mux158~0|datab                             ;
;   8.258  ;   0.558 ; FF ; CELL ; 1      ; LABCELL_X31_Y37_N27 ; Mux158~0|combout                           ;
;   9.037  ;   0.779 ; FF ; IC   ; 1      ; LABCELL_X35_Y37_N21 ; Mux158~2|datad                             ;
;   9.549  ;   0.512 ; FF ; CELL ; 5      ; LABCELL_X35_Y37_N21 ; Mux158~2|combout                           ;
;   9.749  ;   0.200 ; FF ; IC   ; 1      ; LABCELL_X35_Y37_N33 ; u_sched|Equal37~3|dataa                    ;
;   10.318 ;   0.569 ; FR ; CELL ; 1      ; LABCELL_X35_Y37_N33 ; u_sched|Equal37~3|combout                  ;
;   10.646 ;   0.328 ; RR ; IC   ; 1      ; LABCELL_X36_Y37_N24 ; u_sched|Equal37~4|datab                    ;
;   11.228 ;   0.582 ; RR ; CELL ; 1      ; LABCELL_X36_Y37_N24 ; u_sched|Equal37~4|combout                  ;
;   12.082 ;   0.854 ; RR ; IC   ; 1      ; LABCELL_X36_Y36_N54 ; u_sched|Decoder4~1|datac                   ;
;   12.576 ;   0.494 ; RF ; CELL ; 6      ; LABCELL_X36_Y36_N54 ; u_sched|Decoder4~1|combout                 ;
;   13.414 ;   0.838 ; FF ; IC   ; 1      ; LABCELL_X42_Y36_N0  ; u_sched|Decoder4~2|dataf                   ;
;   13.495 ;   0.081 ; FF ; CELL ; 32     ; LABCELL_X42_Y36_N0  ; u_sched|Decoder4~2|combout                 ;
;   14.912 ;   1.417 ; FF ; IC   ; 1      ; FF_X45_Y38_N11      ; u_sched|dead_lim[2][14]|sload              ;
;   15.815 ;   0.903 ; FR ; CELL ; 1      ; FF_X45_Y38_N11      ; zhao_cmd_scheduler:u_sched|dead_lim[2][14] ;
+----------+---------+----+------+--------+---------------------+--------------------------------------------+

+-----------------------------------------------------------------------------------------------------------+
; Data Required Path                                                                                        ;
+----------+---------+----+------+--------+--------------------+--------------------------------------------+
; Total    ; Incr    ; RF ; Type ; Fanout ; Location           ; Element                                    ;
+----------+---------+----+------+--------+--------------------+--------------------------------------------+
; 10.000   ; 10.000  ;    ;      ;        ;                    ; latch edge time                            ;
; 15.567   ; 5.567   ;    ;      ;        ;                    ; clock path                                 ;
;   10.000 ;   0.000 ;    ;      ;        ;                    ; source latency                             ;
;   10.000 ;   0.000 ;    ;      ; 1      ; LABCELL_X1_Y36_N48 ; gpu_clk                                    ;
;   10.588 ;   0.588 ; RR ; IC   ; 1      ; CLKCTRL_G2         ; gpu_clk~CLKENA0|inclk                      ;
;   10.883 ;   0.295 ; RR ; CELL ; 9151   ; CLKCTRL_G2         ; gpu_clk~CLKENA0|outclk                     ;
;   12.902 ;   2.019 ; RR ; IC   ; 1      ; FF_X45_Y38_N11     ; u_sched|dead_lim[2][14]|clk                ;
;   13.386 ;   0.484 ; RR ; CELL ; 1      ; FF_X45_Y38_N11     ; zhao_cmd_scheduler:u_sched|dead_lim[2][14] ;
;   15.567 ;   2.181 ;    ;      ;        ;                    ; clock pessimism removed                    ;
; 15.507   ; -0.060  ;    ;      ;        ;                    ; clock uncertainty                          ;
; 15.507   ; 0.000   ;    ; uTsu ; 1      ; FF_X45_Y38_N11     ; zhao_cmd_scheduler:u_sched|dead_lim[2][14] ;
+----------+---------+----+------+--------+--------------------+--------------------------------------------+

----------------------------
; Extra Fitter Information ;
----------------------------
HTML report is unavailable in plain text report export.


Path #11: Setup slack is -0.308 (VIOLATED)
===============================================================================
+-----------------------------------------------------------------+
; Path Summary                                                    ;
+--------------------+--------------------------------------------+
; Property           ; Value                                      ;
+--------------------+--------------------------------------------+
; From Node          ; rq_rp[0]                                   ;
; To Node            ; zhao_cmd_scheduler:u_sched|dead_lim[2][12] ;
; Launch Clock       ; gpu_clk                                    ;
; Latch Clock        ; gpu_clk                                    ;
; Data Arrival Time  ; 15.815                                     ;
; Data Required Time ; 15.507                                     ;
; Slack              ; -0.308 (VIOLATED)                          ;
+--------------------+--------------------------------------------+

+------------------------------------------------------------------------------------+
; Statistics                                                                         ;
+------------------------+--------+-------+-------------+------------+-------+-------+
; Property               ; Value  ; Count ; Total Delay ; % of Total ; Min   ; Max   ;
+------------------------+--------+-------+-------------+------------+-------+-------+
; Setup Relationship     ; 10.000 ;       ;             ;            ;       ;       ;
; Clock Skew             ; -0.438 ;       ;             ;            ;       ;       ;
; Data Delay             ; 9.810  ;       ;             ;            ;       ;       ;
; Number of Logic Levels ;        ; 6     ;             ;            ;       ;       ;
; Physical Delays        ;        ;       ;             ;            ;       ;       ;
;  Arrival Path          ;        ;       ;             ;            ;       ;       ;
;   Clock                ;        ;       ;             ;            ;       ;       ;
;    IC                  ;        ; 2     ; 5.100       ; 85         ; 2.357 ; 2.743 ;
;    Cell                ;        ; 2     ; 0.905       ; 15         ; 0.321 ; 0.584 ;
;   Data                 ;        ;       ;             ;            ;       ;       ;
;    IC                  ;        ; 7     ; 6.111       ; 62         ; 0.200 ; 1.695 ;
;    Cell                ;        ; 8     ; 3.699       ; 38         ; 0.000 ; 0.903 ;
;    uTco                ;        ; 1     ; 0.000       ; 0          ; 0.000 ; 0.000 ;
;  Required Path         ;        ;       ;             ;            ;       ;       ;
;   Clock                ;        ;       ;             ;            ;       ;       ;
;    IC                  ;        ; 2     ; 2.607       ; 77         ; 0.588 ; 2.019 ;
;    Cell                ;        ; 2     ; 0.779       ; 23         ; 0.295 ; 0.484 ;
+------------------------+--------+-------+-------------+------------+-------+-------+
Note: Negative delays are omitted from totals when calculating percentages

+------------------------------------------------------------------------------------------------------------+
; Data Arrival Path                                                                                          ;
+----------+---------+----+------+--------+---------------------+--------------------------------------------+
; Total    ; Incr    ; RF ; Type ; Fanout ; Location            ; Element                                    ;
+----------+---------+----+------+--------+---------------------+--------------------------------------------+
; 0.000    ; 0.000   ;    ;      ;        ;                     ; launch edge time                           ;
; 6.005    ; 6.005   ;    ;      ;        ;                     ; clock path                                 ;
;   0.000  ;   0.000 ;    ;      ;        ;                     ; source latency                             ;
;   0.000  ;   0.000 ;    ;      ; 1      ; LABCELL_X1_Y36_N48  ; gpu_clk                                    ;
;   2.743  ;   2.743 ; RR ; IC   ; 1      ; CLKCTRL_G2          ; gpu_clk~CLKENA0|inclk                      ;
;   3.064  ;   0.321 ; RR ; CELL ; 9151   ; CLKCTRL_G2          ; gpu_clk~CLKENA0|outclk                     ;
;   5.421  ;   2.357 ; RR ; IC   ; 1      ; FF_X35_Y36_N46      ; rq_rp[0]|clk                               ;
;   6.005  ;   0.584 ; RR ; CELL ; 1      ; FF_X35_Y36_N46      ; rq_rp[0]                                   ;
; 15.815   ; 9.810   ;    ;      ;        ;                     ; data path                                  ;
;   6.005  ;   0.000 ;    ; uTco ; 1      ; FF_X35_Y36_N46      ; rq_rp[0]                                   ;
;   6.005  ;   0.000 ; FF ; CELL ; 221    ; FF_X35_Y36_N46      ; rq_rp[0]|q                                 ;
;   7.700  ;   1.695 ; FF ; IC   ; 1      ; LABCELL_X31_Y37_N27 ; Mux158~0|datab                             ;
;   8.258  ;   0.558 ; FF ; CELL ; 1      ; LABCELL_X31_Y37_N27 ; Mux158~0|combout                           ;
;   9.037  ;   0.779 ; FF ; IC   ; 1      ; LABCELL_X35_Y37_N21 ; Mux158~2|datad                             ;
;   9.549  ;   0.512 ; FF ; CELL ; 5      ; LABCELL_X35_Y37_N21 ; Mux158~2|combout                           ;
;   9.749  ;   0.200 ; FF ; IC   ; 1      ; LABCELL_X35_Y37_N33 ; u_sched|Equal37~3|dataa                    ;
;   10.318 ;   0.569 ; FR ; CELL ; 1      ; LABCELL_X35_Y37_N33 ; u_sched|Equal37~3|combout                  ;
;   10.646 ;   0.328 ; RR ; IC   ; 1      ; LABCELL_X36_Y37_N24 ; u_sched|Equal37~4|datab                    ;
;   11.228 ;   0.582 ; RR ; CELL ; 1      ; LABCELL_X36_Y37_N24 ; u_sched|Equal37~4|combout                  ;
;   12.082 ;   0.854 ; RR ; IC   ; 1      ; LABCELL_X36_Y36_N54 ; u_sched|Decoder4~1|datac                   ;
;   12.576 ;   0.494 ; RF ; CELL ; 6      ; LABCELL_X36_Y36_N54 ; u_sched|Decoder4~1|combout                 ;
;   13.414 ;   0.838 ; FF ; IC   ; 1      ; LABCELL_X42_Y36_N0  ; u_sched|Decoder4~2|dataf                   ;
;   13.495 ;   0.081 ; FF ; CELL ; 32     ; LABCELL_X42_Y36_N0  ; u_sched|Decoder4~2|combout                 ;
;   14.912 ;   1.417 ; FF ; IC   ; 1      ; FF_X45_Y38_N41      ; u_sched|dead_lim[2][12]|sload              ;
;   15.815 ;   0.903 ; FR ; CELL ; 1      ; FF_X45_Y38_N41      ; zhao_cmd_scheduler:u_sched|dead_lim[2][12] ;
+----------+---------+----+------+--------+---------------------+--------------------------------------------+

+-----------------------------------------------------------------------------------------------------------+
; Data Required Path                                                                                        ;
+----------+---------+----+------+--------+--------------------+--------------------------------------------+
; Total    ; Incr    ; RF ; Type ; Fanout ; Location           ; Element                                    ;
+----------+---------+----+------+--------+--------------------+--------------------------------------------+
; 10.000   ; 10.000  ;    ;      ;        ;                    ; latch edge time                            ;
; 15.567   ; 5.567   ;    ;      ;        ;                    ; clock path                                 ;
;   10.000 ;   0.000 ;    ;      ;        ;                    ; source latency                             ;
;   10.000 ;   0.000 ;    ;      ; 1      ; LABCELL_X1_Y36_N48 ; gpu_clk                                    ;
;   10.588 ;   0.588 ; RR ; IC   ; 1      ; CLKCTRL_G2         ; gpu_clk~CLKENA0|inclk                      ;
;   10.883 ;   0.295 ; RR ; CELL ; 9151   ; CLKCTRL_G2         ; gpu_clk~CLKENA0|outclk                     ;
;   12.902 ;   2.019 ; RR ; IC   ; 1      ; FF_X45_Y38_N41     ; u_sched|dead_lim[2][12]|clk                ;
;   13.386 ;   0.484 ; RR ; CELL ; 1      ; FF_X45_Y38_N41     ; zhao_cmd_scheduler:u_sched|dead_lim[2][12] ;
;   15.567 ;   2.181 ;    ;      ;        ;                    ; clock pessimism removed                    ;
; 15.507   ; -0.060  ;    ;      ;        ;                    ; clock uncertainty                          ;
; 15.507   ; 0.000   ;    ; uTsu ; 1      ; FF_X45_Y38_N41     ; zhao_cmd_scheduler:u_sched|dead_lim[2][12] ;
+----------+---------+----+------+--------+--------------------+--------------------------------------------+

----------------------------
; Extra Fitter Information ;
----------------------------
HTML report is unavailable in plain text report export.


Path #12: Setup slack is -0.308 (VIOLATED)
===============================================================================
+----------------------------------------------------------------+
; Path Summary                                                   ;
+--------------------+-------------------------------------------+
; Property           ; Value                                     ;
+--------------------+-------------------------------------------+
; From Node          ; rq_rp[0]                                  ;
; To Node            ; zhao_cmd_scheduler:u_sched|dead_lim[2][9] ;
; Launch Clock       ; gpu_clk                                   ;
; Latch Clock        ; gpu_clk                                   ;
; Data Arrival Time  ; 15.815                                    ;
; Data Required Time ; 15.507                                    ;
; Slack              ; -0.308 (VIOLATED)                         ;
+--------------------+-------------------------------------------+

+------------------------------------------------------------------------------------+
; Statistics                                                                         ;
+------------------------+--------+-------+-------------+------------+-------+-------+
; Property               ; Value  ; Count ; Total Delay ; % of Total ; Min   ; Max   ;
+------------------------+--------+-------+-------------+------------+-------+-------+
; Setup Relationship     ; 10.000 ;       ;             ;            ;       ;       ;
; Clock Skew             ; -0.438 ;       ;             ;            ;       ;       ;
; Data Delay             ; 9.810  ;       ;             ;            ;       ;       ;
; Number of Logic Levels ;        ; 6     ;             ;            ;       ;       ;
; Physical Delays        ;        ;       ;             ;            ;       ;       ;
;  Arrival Path          ;        ;       ;             ;            ;       ;       ;
;   Clock                ;        ;       ;             ;            ;       ;       ;
;    IC                  ;        ; 2     ; 5.100       ; 85         ; 2.357 ; 2.743 ;
;    Cell                ;        ; 2     ; 0.905       ; 15         ; 0.321 ; 0.584 ;
;   Data                 ;        ;       ;             ;            ;       ;       ;
;    IC                  ;        ; 7     ; 6.111       ; 62         ; 0.200 ; 1.695 ;
;    Cell                ;        ; 8     ; 3.699       ; 38         ; 0.000 ; 0.903 ;
;    uTco                ;        ; 1     ; 0.000       ; 0          ; 0.000 ; 0.000 ;
;  Required Path         ;        ;       ;             ;            ;       ;       ;
;   Clock                ;        ;       ;             ;            ;       ;       ;
;    IC                  ;        ; 2     ; 2.607       ; 77         ; 0.588 ; 2.019 ;
;    Cell                ;        ; 2     ; 0.779       ; 23         ; 0.295 ; 0.484 ;
+------------------------+--------+-------+-------------+------------+-------+-------+
Note: Negative delays are omitted from totals when calculating percentages

+-----------------------------------------------------------------------------------------------------------+
; Data Arrival Path                                                                                         ;
+----------+---------+----+------+--------+---------------------+-------------------------------------------+
; Total    ; Incr    ; RF ; Type ; Fanout ; Location            ; Element                                   ;
+----------+---------+----+------+--------+---------------------+-------------------------------------------+
; 0.000    ; 0.000   ;    ;      ;        ;                     ; launch edge time                          ;
; 6.005    ; 6.005   ;    ;      ;        ;                     ; clock path                                ;
;   0.000  ;   0.000 ;    ;      ;        ;                     ; source latency                            ;
;   0.000  ;   0.000 ;    ;      ; 1      ; LABCELL_X1_Y36_N48  ; gpu_clk                                   ;
;   2.743  ;   2.743 ; RR ; IC   ; 1      ; CLKCTRL_G2          ; gpu_clk~CLKENA0|inclk                     ;
;   3.064  ;   0.321 ; RR ; CELL ; 9151   ; CLKCTRL_G2          ; gpu_clk~CLKENA0|outclk                    ;
;   5.421  ;   2.357 ; RR ; IC   ; 1      ; FF_X35_Y36_N46      ; rq_rp[0]|clk                              ;
;   6.005  ;   0.584 ; RR ; CELL ; 1      ; FF_X35_Y36_N46      ; rq_rp[0]                                  ;
; 15.815   ; 9.810   ;    ;      ;        ;                     ; data path                                 ;
;   6.005  ;   0.000 ;    ; uTco ; 1      ; FF_X35_Y36_N46      ; rq_rp[0]                                  ;
;   6.005  ;   0.000 ; FF ; CELL ; 221    ; FF_X35_Y36_N46      ; rq_rp[0]|q                                ;
;   7.700  ;   1.695 ; FF ; IC   ; 1      ; LABCELL_X31_Y37_N27 ; Mux158~0|datab                            ;
;   8.258  ;   0.558 ; FF ; CELL ; 1      ; LABCELL_X31_Y37_N27 ; Mux158~0|combout                          ;
;   9.037  ;   0.779 ; FF ; IC   ; 1      ; LABCELL_X35_Y37_N21 ; Mux158~2|datad                            ;
;   9.549  ;   0.512 ; FF ; CELL ; 5      ; LABCELL_X35_Y37_N21 ; Mux158~2|combout                          ;
;   9.749  ;   0.200 ; FF ; IC   ; 1      ; LABCELL_X35_Y37_N33 ; u_sched|Equal37~3|dataa                   ;
;   10.318 ;   0.569 ; FR ; CELL ; 1      ; LABCELL_X35_Y37_N33 ; u_sched|Equal37~3|combout                 ;
;   10.646 ;   0.328 ; RR ; IC   ; 1      ; LABCELL_X36_Y37_N24 ; u_sched|Equal37~4|datab                   ;
;   11.228 ;   0.582 ; RR ; CELL ; 1      ; LABCELL_X36_Y37_N24 ; u_sched|Equal37~4|combout                 ;
;   12.082 ;   0.854 ; RR ; IC   ; 1      ; LABCELL_X36_Y36_N54 ; u_sched|Decoder4~1|datac                  ;
;   12.576 ;   0.494 ; RF ; CELL ; 6      ; LABCELL_X36_Y36_N54 ; u_sched|Decoder4~1|combout                ;
;   13.414 ;   0.838 ; FF ; IC   ; 1      ; LABCELL_X42_Y36_N0  ; u_sched|Decoder4~2|dataf                  ;
;   13.495 ;   0.081 ; FF ; CELL ; 32     ; LABCELL_X42_Y36_N0  ; u_sched|Decoder4~2|combout                ;
;   14.912 ;   1.417 ; FF ; IC   ; 1      ; FF_X45_Y38_N35      ; u_sched|dead_lim[2][9]|sload              ;
;   15.815 ;   0.903 ; FR ; CELL ; 1      ; FF_X45_Y38_N35      ; zhao_cmd_scheduler:u_sched|dead_lim[2][9] ;
+----------+---------+----+------+--------+---------------------+-------------------------------------------+

+----------------------------------------------------------------------------------------------------------+
; Data Required Path                                                                                       ;
+----------+---------+----+------+--------+--------------------+-------------------------------------------+
; Total    ; Incr    ; RF ; Type ; Fanout ; Location           ; Element                                   ;
+----------+---------+----+------+--------+--------------------+-------------------------------------------+
; 10.000   ; 10.000  ;    ;      ;        ;                    ; latch edge time                           ;
; 15.567   ; 5.567   ;    ;      ;        ;                    ; clock path                                ;
;   10.000 ;   0.000 ;    ;      ;        ;                    ; source latency                            ;
;   10.000 ;   0.000 ;    ;      ; 1      ; LABCELL_X1_Y36_N48 ; gpu_clk                                   ;
;   10.588 ;   0.588 ; RR ; IC   ; 1      ; CLKCTRL_G2         ; gpu_clk~CLKENA0|inclk                     ;
;   10.883 ;   0.295 ; RR ; CELL ; 9151   ; CLKCTRL_G2         ; gpu_clk~CLKENA0|outclk                    ;
;   12.902 ;   2.019 ; RR ; IC   ; 1      ; FF_X45_Y38_N35     ; u_sched|dead_lim[2][9]|clk                ;
;   13.386 ;   0.484 ; RR ; CELL ; 1      ; FF_X45_Y38_N35     ; zhao_cmd_scheduler:u_sched|dead_lim[2][9] ;
;   15.567 ;   2.181 ;    ;      ;        ;                    ; clock pessimism removed                   ;
; 15.507   ; -0.060  ;    ;      ;        ;                    ; clock uncertainty                         ;
; 15.507   ; 0.000   ;    ; uTsu ; 1      ; FF_X45_Y38_N35     ; zhao_cmd_scheduler:u_sched|dead_lim[2][9] ;
+----------+---------+----+------+--------+--------------------+-------------------------------------------+

----------------------------
; Extra Fitter Information ;
----------------------------
HTML report is unavailable in plain text report export.


Path #13: Setup slack is -0.308 (VIOLATED)
===============================================================================
+-----------------------------------------------------------------+
; Path Summary                                                    ;
+--------------------+--------------------------------------------+
; Property           ; Value                                      ;
+--------------------+--------------------------------------------+
; From Node          ; rq_rp[0]                                   ;
; To Node            ; zhao_cmd_scheduler:u_sched|dead_lim[2][16] ;
; Launch Clock       ; gpu_clk                                    ;
; Latch Clock        ; gpu_clk                                    ;
; Data Arrival Time  ; 15.815                                     ;
; Data Required Time ; 15.507                                     ;
; Slack              ; -0.308 (VIOLATED)                          ;
+--------------------+--------------------------------------------+

+------------------------------------------------------------------------------------+
; Statistics                                                                         ;
+------------------------+--------+-------+-------------+------------+-------+-------+
; Property               ; Value  ; Count ; Total Delay ; % of Total ; Min   ; Max   ;
+------------------------+--------+-------+-------------+------------+-------+-------+
; Setup Relationship     ; 10.000 ;       ;             ;            ;       ;       ;
; Clock Skew             ; -0.438 ;       ;             ;            ;       ;       ;
; Data Delay             ; 9.810  ;       ;             ;            ;       ;       ;
; Number of Logic Levels ;        ; 6     ;             ;            ;       ;       ;
; Physical Delays        ;        ;       ;             ;            ;       ;       ;
;  Arrival Path          ;        ;       ;             ;            ;       ;       ;
;   Clock                ;        ;       ;             ;            ;       ;       ;
;    IC                  ;        ; 2     ; 5.100       ; 85         ; 2.357 ; 2.743 ;
;    Cell                ;        ; 2     ; 0.905       ; 15         ; 0.321 ; 0.584 ;
;   Data                 ;        ;       ;             ;            ;       ;       ;
;    IC                  ;        ; 7     ; 6.111       ; 62         ; 0.200 ; 1.695 ;
;    Cell                ;        ; 8     ; 3.699       ; 38         ; 0.000 ; 0.903 ;
;    uTco                ;        ; 1     ; 0.000       ; 0          ; 0.000 ; 0.000 ;
;  Required Path         ;        ;       ;             ;            ;       ;       ;
;   Clock                ;        ;       ;             ;            ;       ;       ;
;    IC                  ;        ; 2     ; 2.607       ; 77         ; 0.588 ; 2.019 ;
;    Cell                ;        ; 2     ; 0.779       ; 23         ; 0.295 ; 0.484 ;
+------------------------+--------+-------+-------------+------------+-------+-------+
Note: Negative delays are omitted from totals when calculating percentages

+------------------------------------------------------------------------------------------------------------+
; Data Arrival Path                                                                                          ;
+----------+---------+----+------+--------+---------------------+--------------------------------------------+
; Total    ; Incr    ; RF ; Type ; Fanout ; Location            ; Element                                    ;
+----------+---------+----+------+--------+---------------------+--------------------------------------------+
; 0.000    ; 0.000   ;    ;      ;        ;                     ; launch edge time                           ;
; 6.005    ; 6.005   ;    ;      ;        ;                     ; clock path                                 ;
;   0.000  ;   0.000 ;    ;      ;        ;                     ; source latency                             ;
;   0.000  ;   0.000 ;    ;      ; 1      ; LABCELL_X1_Y36_N48  ; gpu_clk                                    ;
;   2.743  ;   2.743 ; RR ; IC   ; 1      ; CLKCTRL_G2          ; gpu_clk~CLKENA0|inclk                      ;
;   3.064  ;   0.321 ; RR ; CELL ; 9151   ; CLKCTRL_G2          ; gpu_clk~CLKENA0|outclk                     ;
;   5.421  ;   2.357 ; RR ; IC   ; 1      ; FF_X35_Y36_N46      ; rq_rp[0]|clk                               ;
;   6.005  ;   0.584 ; RR ; CELL ; 1      ; FF_X35_Y36_N46      ; rq_rp[0]                                   ;
; 15.815   ; 9.810   ;    ;      ;        ;                     ; data path                                  ;
;   6.005  ;   0.000 ;    ; uTco ; 1      ; FF_X35_Y36_N46      ; rq_rp[0]                                   ;
;   6.005  ;   0.000 ; FF ; CELL ; 221    ; FF_X35_Y36_N46      ; rq_rp[0]|q                                 ;
;   7.700  ;   1.695 ; FF ; IC   ; 1      ; LABCELL_X31_Y37_N27 ; Mux158~0|datab                             ;
;   8.258  ;   0.558 ; FF ; CELL ; 1      ; LABCELL_X31_Y37_N27 ; Mux158~0|combout                           ;
;   9.037  ;   0.779 ; FF ; IC   ; 1      ; LABCELL_X35_Y37_N21 ; Mux158~2|datad                             ;
;   9.549  ;   0.512 ; FF ; CELL ; 5      ; LABCELL_X35_Y37_N21 ; Mux158~2|combout                           ;
;   9.749  ;   0.200 ; FF ; IC   ; 1      ; LABCELL_X35_Y37_N33 ; u_sched|Equal37~3|dataa                    ;
;   10.318 ;   0.569 ; FR ; CELL ; 1      ; LABCELL_X35_Y37_N33 ; u_sched|Equal37~3|combout                  ;
;   10.646 ;   0.328 ; RR ; IC   ; 1      ; LABCELL_X36_Y37_N24 ; u_sched|Equal37~4|datab                    ;
;   11.228 ;   0.582 ; RR ; CELL ; 1      ; LABCELL_X36_Y37_N24 ; u_sched|Equal37~4|combout                  ;
;   12.082 ;   0.854 ; RR ; IC   ; 1      ; LABCELL_X36_Y36_N54 ; u_sched|Decoder4~1|datac                   ;
;   12.576 ;   0.494 ; RF ; CELL ; 6      ; LABCELL_X36_Y36_N54 ; u_sched|Decoder4~1|combout                 ;
;   13.414 ;   0.838 ; FF ; IC   ; 1      ; LABCELL_X42_Y36_N0  ; u_sched|Decoder4~2|dataf                   ;
;   13.495 ;   0.081 ; FF ; CELL ; 32     ; LABCELL_X42_Y36_N0  ; u_sched|Decoder4~2|combout                 ;
;   14.912 ;   1.417 ; FF ; IC   ; 1      ; FF_X45_Y38_N53      ; u_sched|dead_lim[2][16]|sload              ;
;   15.815 ;   0.903 ; FR ; CELL ; 1      ; FF_X45_Y38_N53      ; zhao_cmd_scheduler:u_sched|dead_lim[2][16] ;
+----------+---------+----+------+--------+---------------------+--------------------------------------------+

+-----------------------------------------------------------------------------------------------------------+
; Data Required Path                                                                                        ;
+----------+---------+----+------+--------+--------------------+--------------------------------------------+
; Total    ; Incr    ; RF ; Type ; Fanout ; Location           ; Element                                    ;
+----------+---------+----+------+--------+--------------------+--------------------------------------------+
; 10.000   ; 10.000  ;    ;      ;        ;                    ; latch edge time                            ;
; 15.567   ; 5.567   ;    ;      ;        ;                    ; clock path                                 ;
;   10.000 ;   0.000 ;    ;      ;        ;                    ; source latency                             ;
;   10.000 ;   0.000 ;    ;      ; 1      ; LABCELL_X1_Y36_N48 ; gpu_clk                                    ;
;   10.588 ;   0.588 ; RR ; IC   ; 1      ; CLKCTRL_G2         ; gpu_clk~CLKENA0|inclk                      ;
;   10.883 ;   0.295 ; RR ; CELL ; 9151   ; CLKCTRL_G2         ; gpu_clk~CLKENA0|outclk                     ;
;   12.902 ;   2.019 ; RR ; IC   ; 1      ; FF_X45_Y38_N53     ; u_sched|dead_lim[2][16]|clk                ;
;   13.386 ;   0.484 ; RR ; CELL ; 1      ; FF_X45_Y38_N53     ; zhao_cmd_scheduler:u_sched|dead_lim[2][16] ;
;   15.567 ;   2.181 ;    ;      ;        ;                    ; clock pessimism removed                    ;
; 15.507   ; -0.060  ;    ;      ;        ;                    ; clock uncertainty                          ;
; 15.507   ; 0.000   ;    ; uTsu ; 1      ; FF_X45_Y38_N53     ; zhao_cmd_scheduler:u_sched|dead_lim[2][16] ;
+----------+---------+----+------+--------+--------------------+--------------------------------------------+

----------------------------
; Extra Fitter Information ;
----------------------------
HTML report is unavailable in plain text report export.


Path #14: Setup slack is -0.276 (VIOLATED)
===============================================================================
+-----------------------------------------------------------------+
; Path Summary                                                    ;
+--------------------+--------------------------------------------+
; Property           ; Value                                      ;
+--------------------+--------------------------------------------+
; From Node          ; rq_rp[0]                                   ;
; To Node            ; zhao_cmd_scheduler:u_sched|dead_lim[1][30] ;
; Launch Clock       ; gpu_clk                                    ;
; Latch Clock        ; gpu_clk                                    ;
; Data Arrival Time  ; 15.792                                     ;
; Data Required Time ; 15.516                                     ;
; Slack              ; -0.276 (VIOLATED)                          ;
+--------------------+--------------------------------------------+

+------------------------------------------------------------------------------------+
; Statistics                                                                         ;
+------------------------+--------+-------+-------------+------------+-------+-------+
; Property               ; Value  ; Count ; Total Delay ; % of Total ; Min   ; Max   ;
+------------------------+--------+-------+-------------+------------+-------+-------+
; Setup Relationship     ; 10.000 ;       ;             ;            ;       ;       ;
; Clock Skew             ; -0.429 ;       ;             ;            ;       ;       ;
; Data Delay             ; 9.787  ;       ;             ;            ;       ;       ;
; Number of Logic Levels ;        ; 6     ;             ;            ;       ;       ;
; Physical Delays        ;        ;       ;             ;            ;       ;       ;
;  Arrival Path          ;        ;       ;             ;            ;       ;       ;
;   Clock                ;        ;       ;             ;            ;       ;       ;
;    IC                  ;        ; 2     ; 5.100       ; 85         ; 2.357 ; 2.743 ;
;    Cell                ;        ; 2     ; 0.905       ; 15         ; 0.321 ; 0.584 ;
;   Data                 ;        ;       ;             ;            ;       ;       ;
;    IC                  ;        ; 7     ; 6.281       ; 64         ; 0.200 ; 1.695 ;
;    Cell                ;        ; 8     ; 3.506       ; 36         ; 0.000 ; 0.707 ;
;    uTco                ;        ; 1     ; 0.000       ; 0          ; 0.000 ; 0.000 ;
;  Required Path         ;        ;       ;             ;            ;       ;       ;
;   Clock                ;        ;       ;             ;            ;       ;       ;
;    IC                  ;        ; 2     ; 2.616       ; 77         ; 0.588 ; 2.028 ;
;    Cell                ;        ; 2     ; 0.779       ; 23         ; 0.295 ; 0.484 ;
+------------------------+--------+-------+-------------+------------+-------+-------+
Note: Negative delays are omitted from totals when calculating percentages

+------------------------------------------------------------------------------------------------------------+
; Data Arrival Path                                                                                          ;
+----------+---------+----+------+--------+---------------------+--------------------------------------------+
; Total    ; Incr    ; RF ; Type ; Fanout ; Location            ; Element                                    ;
+----------+---------+----+------+--------+---------------------+--------------------------------------------+
; 0.000    ; 0.000   ;    ;      ;        ;                     ; launch edge time                           ;
; 6.005    ; 6.005   ;    ;      ;        ;                     ; clock path                                 ;
;   0.000  ;   0.000 ;    ;      ;        ;                     ; source latency                             ;
;   0.000  ;   0.000 ;    ;      ; 1      ; LABCELL_X1_Y36_N48  ; gpu_clk                                    ;
;   2.743  ;   2.743 ; RR ; IC   ; 1      ; CLKCTRL_G2          ; gpu_clk~CLKENA0|inclk                      ;
;   3.064  ;   0.321 ; RR ; CELL ; 9151   ; CLKCTRL_G2          ; gpu_clk~CLKENA0|outclk                     ;
;   5.421  ;   2.357 ; RR ; IC   ; 1      ; FF_X35_Y36_N46      ; rq_rp[0]|clk                               ;
;   6.005  ;   0.584 ; RR ; CELL ; 1      ; FF_X35_Y36_N46      ; rq_rp[0]                                   ;
; 15.792   ; 9.787   ;    ;      ;        ;                     ; data path                                  ;
;   6.005  ;   0.000 ;    ; uTco ; 1      ; FF_X35_Y36_N46      ; rq_rp[0]                                   ;
;   6.005  ;   0.000 ; FF ; CELL ; 221    ; FF_X35_Y36_N46      ; rq_rp[0]|q                                 ;
;   7.700  ;   1.695 ; FF ; IC   ; 1      ; LABCELL_X31_Y37_N27 ; Mux158~0|datab                             ;
;   8.258  ;   0.558 ; FF ; CELL ; 1      ; LABCELL_X31_Y37_N27 ; Mux158~0|combout                           ;
;   9.037  ;   0.779 ; FF ; IC   ; 1      ; LABCELL_X35_Y37_N21 ; Mux158~2|datad                             ;
;   9.549  ;   0.512 ; FF ; CELL ; 5      ; LABCELL_X35_Y37_N21 ; Mux158~2|combout                           ;
;   9.749  ;   0.200 ; FF ; IC   ; 1      ; LABCELL_X35_Y37_N33 ; u_sched|Equal37~3|dataa                    ;
;   10.318 ;   0.569 ; FR ; CELL ; 1      ; LABCELL_X35_Y37_N33 ; u_sched|Equal37~3|combout                  ;
;   10.646 ;   0.328 ; RR ; IC   ; 1      ; LABCELL_X36_Y37_N24 ; u_sched|Equal37~4|datab                    ;
;   11.228 ;   0.582 ; RR ; CELL ; 1      ; LABCELL_X36_Y37_N24 ; u_sched|Equal37~4|combout                  ;
;   12.082 ;   0.854 ; RR ; IC   ; 1      ; LABCELL_X36_Y36_N54 ; u_sched|Decoder4~1|datac                   ;
;   12.576 ;   0.494 ; RF ; CELL ; 6      ; LABCELL_X36_Y36_N54 ; u_sched|Decoder4~1|combout                 ;
;   14.072 ;   1.496 ; FF ; IC   ; 1      ; LABCELL_X42_Y39_N18 ; u_sched|Decoder4~4|dataf                   ;
;   14.156 ;   0.084 ; FF ; CELL ; 32     ; LABCELL_X42_Y39_N18 ; u_sched|Decoder4~4|combout                 ;
;   15.085 ;   0.929 ; FF ; IC   ; 1      ; FF_X46_Y39_N44      ; u_sched|dead_lim[1][30]|sclr               ;
;   15.792 ;   0.707 ; FF ; CELL ; 1      ; FF_X46_Y39_N44      ; zhao_cmd_scheduler:u_sched|dead_lim[1][30] ;
+----------+---------+----+------+--------+---------------------+--------------------------------------------+

+-----------------------------------------------------------------------------------------------------------+
; Data Required Path                                                                                        ;
+----------+---------+----+------+--------+--------------------+--------------------------------------------+
; Total    ; Incr    ; RF ; Type ; Fanout ; Location           ; Element                                    ;
+----------+---------+----+------+--------+--------------------+--------------------------------------------+
; 10.000   ; 10.000  ;    ;      ;        ;                    ; latch edge time                            ;
; 15.576   ; 5.576   ;    ;      ;        ;                    ; clock path                                 ;
;   10.000 ;   0.000 ;    ;      ;        ;                    ; source latency                             ;
;   10.000 ;   0.000 ;    ;      ; 1      ; LABCELL_X1_Y36_N48 ; gpu_clk                                    ;
;   10.588 ;   0.588 ; RR ; IC   ; 1      ; CLKCTRL_G2         ; gpu_clk~CLKENA0|inclk                      ;
;   10.883 ;   0.295 ; RR ; CELL ; 9151   ; CLKCTRL_G2         ; gpu_clk~CLKENA0|outclk                     ;
;   12.911 ;   2.028 ; RR ; IC   ; 1      ; FF_X46_Y39_N44     ; u_sched|dead_lim[1][30]|clk                ;
;   13.395 ;   0.484 ; RR ; CELL ; 1      ; FF_X46_Y39_N44     ; zhao_cmd_scheduler:u_sched|dead_lim[1][30] ;
;   15.576 ;   2.181 ;    ;      ;        ;                    ; clock pessimism removed                    ;
; 15.516   ; -0.060  ;    ;      ;        ;                    ; clock uncertainty                          ;
; 15.516   ; 0.000   ;    ; uTsu ; 1      ; FF_X46_Y39_N44     ; zhao_cmd_scheduler:u_sched|dead_lim[1][30] ;
+----------+---------+----+------+--------+--------------------+--------------------------------------------+

----------------------------
; Extra Fitter Information ;
----------------------------
HTML report is unavailable in plain text report export.


Path #15: Setup slack is -0.276 (VIOLATED)
===============================================================================
+-----------------------------------------------------------------+
; Path Summary                                                    ;
+--------------------+--------------------------------------------+
; Property           ; Value                                      ;
+--------------------+--------------------------------------------+
; From Node          ; rq_rp[0]                                   ;
; To Node            ; zhao_cmd_scheduler:u_sched|dead_lim[1][29] ;
; Launch Clock       ; gpu_clk                                    ;
; Latch Clock        ; gpu_clk                                    ;
; Data Arrival Time  ; 15.792                                     ;
; Data Required Time ; 15.516                                     ;
; Slack              ; -0.276 (VIOLATED)                          ;
+--------------------+--------------------------------------------+

+------------------------------------------------------------------------------------+
; Statistics                                                                         ;
+------------------------+--------+-------+-------------+------------+-------+-------+
; Property               ; Value  ; Count ; Total Delay ; % of Total ; Min   ; Max   ;
+------------------------+--------+-------+-------------+------------+-------+-------+
; Setup Relationship     ; 10.000 ;       ;             ;            ;       ;       ;
; Clock Skew             ; -0.429 ;       ;             ;            ;       ;       ;
; Data Delay             ; 9.787  ;       ;             ;            ;       ;       ;
; Number of Logic Levels ;        ; 6     ;             ;            ;       ;       ;
; Physical Delays        ;        ;       ;             ;            ;       ;       ;
;  Arrival Path          ;        ;       ;             ;            ;       ;       ;
;   Clock                ;        ;       ;             ;            ;       ;       ;
;    IC                  ;        ; 2     ; 5.100       ; 85         ; 2.357 ; 2.743 ;
;    Cell                ;        ; 2     ; 0.905       ; 15         ; 0.321 ; 0.584 ;
;   Data                 ;        ;       ;             ;            ;       ;       ;
;    IC                  ;        ; 7     ; 6.281       ; 64         ; 0.200 ; 1.695 ;
;    Cell                ;        ; 8     ; 3.506       ; 36         ; 0.000 ; 0.707 ;
;    uTco                ;        ; 1     ; 0.000       ; 0          ; 0.000 ; 0.000 ;
;  Required Path         ;        ;       ;             ;            ;       ;       ;
;   Clock                ;        ;       ;             ;            ;       ;       ;
;    IC                  ;        ; 2     ; 2.616       ; 77         ; 0.588 ; 2.028 ;
;    Cell                ;        ; 2     ; 0.779       ; 23         ; 0.295 ; 0.484 ;
+------------------------+--------+-------+-------------+------------+-------+-------+
Note: Negative delays are omitted from totals when calculating percentages

+------------------------------------------------------------------------------------------------------------+
; Data Arrival Path                                                                                          ;
+----------+---------+----+------+--------+---------------------+--------------------------------------------+
; Total    ; Incr    ; RF ; Type ; Fanout ; Location            ; Element                                    ;
+----------+---------+----+------+--------+---------------------+--------------------------------------------+
; 0.000    ; 0.000   ;    ;      ;        ;                     ; launch edge time                           ;
; 6.005    ; 6.005   ;    ;      ;        ;                     ; clock path                                 ;
;   0.000  ;   0.000 ;    ;      ;        ;                     ; source latency                             ;
;   0.000  ;   0.000 ;    ;      ; 1      ; LABCELL_X1_Y36_N48  ; gpu_clk                                    ;
;   2.743  ;   2.743 ; RR ; IC   ; 1      ; CLKCTRL_G2          ; gpu_clk~CLKENA0|inclk                      ;
;   3.064  ;   0.321 ; RR ; CELL ; 9151   ; CLKCTRL_G2          ; gpu_clk~CLKENA0|outclk                     ;
;   5.421  ;   2.357 ; RR ; IC   ; 1      ; FF_X35_Y36_N46      ; rq_rp[0]|clk                               ;
;   6.005  ;   0.584 ; RR ; CELL ; 1      ; FF_X35_Y36_N46      ; rq_rp[0]                                   ;
; 15.792   ; 9.787   ;    ;      ;        ;                     ; data path                                  ;
;   6.005  ;   0.000 ;    ; uTco ; 1      ; FF_X35_Y36_N46      ; rq_rp[0]                                   ;
;   6.005  ;   0.000 ; FF ; CELL ; 221    ; FF_X35_Y36_N46      ; rq_rp[0]|q                                 ;
;   7.700  ;   1.695 ; FF ; IC   ; 1      ; LABCELL_X31_Y37_N27 ; Mux158~0|datab                             ;
;   8.258  ;   0.558 ; FF ; CELL ; 1      ; LABCELL_X31_Y37_N27 ; Mux158~0|combout                           ;
;   9.037  ;   0.779 ; FF ; IC   ; 1      ; LABCELL_X35_Y37_N21 ; Mux158~2|datad                             ;
;   9.549  ;   0.512 ; FF ; CELL ; 5      ; LABCELL_X35_Y37_N21 ; Mux158~2|combout                           ;
;   9.749  ;   0.200 ; FF ; IC   ; 1      ; LABCELL_X35_Y37_N33 ; u_sched|Equal37~3|dataa                    ;
;   10.318 ;   0.569 ; FR ; CELL ; 1      ; LABCELL_X35_Y37_N33 ; u_sched|Equal37~3|combout                  ;
;   10.646 ;   0.328 ; RR ; IC   ; 1      ; LABCELL_X36_Y37_N24 ; u_sched|Equal37~4|datab                    ;
;   11.228 ;   0.582 ; RR ; CELL ; 1      ; LABCELL_X36_Y37_N24 ; u_sched|Equal37~4|combout                  ;
;   12.082 ;   0.854 ; RR ; IC   ; 1      ; LABCELL_X36_Y36_N54 ; u_sched|Decoder4~1|datac                   ;
;   12.576 ;   0.494 ; RF ; CELL ; 6      ; LABCELL_X36_Y36_N54 ; u_sched|Decoder4~1|combout                 ;
;   14.072 ;   1.496 ; FF ; IC   ; 1      ; LABCELL_X42_Y39_N18 ; u_sched|Decoder4~4|dataf                   ;
;   14.156 ;   0.084 ; FF ; CELL ; 32     ; LABCELL_X42_Y39_N18 ; u_sched|Decoder4~4|combout                 ;
;   15.085 ;   0.929 ; FF ; IC   ; 1      ; FF_X46_Y39_N38      ; u_sched|dead_lim[1][29]|sclr               ;
;   15.792 ;   0.707 ; FF ; CELL ; 1      ; FF_X46_Y39_N38      ; zhao_cmd_scheduler:u_sched|dead_lim[1][29] ;
+----------+---------+----+------+--------+---------------------+--------------------------------------------+

+-----------------------------------------------------------------------------------------------------------+
; Data Required Path                                                                                        ;
+----------+---------+----+------+--------+--------------------+--------------------------------------------+
; Total    ; Incr    ; RF ; Type ; Fanout ; Location           ; Element                                    ;
+----------+---------+----+------+--------+--------------------+--------------------------------------------+
; 10.000   ; 10.000  ;    ;      ;        ;                    ; latch edge time                            ;
; 15.576   ; 5.576   ;    ;      ;        ;                    ; clock path                                 ;
;   10.000 ;   0.000 ;    ;      ;        ;                    ; source latency                             ;
;   10.000 ;   0.000 ;    ;      ; 1      ; LABCELL_X1_Y36_N48 ; gpu_clk                                    ;
;   10.588 ;   0.588 ; RR ; IC   ; 1      ; CLKCTRL_G2         ; gpu_clk~CLKENA0|inclk                      ;
;   10.883 ;   0.295 ; RR ; CELL ; 9151   ; CLKCTRL_G2         ; gpu_clk~CLKENA0|outclk                     ;
;   12.911 ;   2.028 ; RR ; IC   ; 1      ; FF_X46_Y39_N38     ; u_sched|dead_lim[1][29]|clk                ;
;   13.395 ;   0.484 ; RR ; CELL ; 1      ; FF_X46_Y39_N38     ; zhao_cmd_scheduler:u_sched|dead_lim[1][29] ;
;   15.576 ;   2.181 ;    ;      ;        ;                    ; clock pessimism removed                    ;
; 15.516   ; -0.060  ;    ;      ;        ;                    ; clock uncertainty                          ;
; 15.516   ; 0.000   ;    ; uTsu ; 1      ; FF_X46_Y39_N38     ; zhao_cmd_scheduler:u_sched|dead_lim[1][29] ;
+----------+---------+----+------+--------+--------------------+--------------------------------------------+

----------------------------
; Extra Fitter Information ;
----------------------------
HTML report is unavailable in plain text report export.


Path #16: Setup slack is -0.276 (VIOLATED)
===============================================================================
+----------------------------------------------------------------+
; Path Summary                                                   ;
+--------------------+-------------------------------------------+
; Property           ; Value                                     ;
+--------------------+-------------------------------------------+
; From Node          ; rq_rp[0]                                  ;
; To Node            ; zhao_cmd_scheduler:u_sched|dead_lim[1][0] ;
; Launch Clock       ; gpu_clk                                   ;
; Latch Clock        ; gpu_clk                                   ;
; Data Arrival Time  ; 15.792                                    ;
; Data Required Time ; 15.516                                    ;
; Slack              ; -0.276 (VIOLATED)                         ;
+--------------------+-------------------------------------------+

+------------------------------------------------------------------------------------+
; Statistics                                                                         ;
+------------------------+--------+-------+-------------+------------+-------+-------+
; Property               ; Value  ; Count ; Total Delay ; % of Total ; Min   ; Max   ;
+------------------------+--------+-------+-------------+------------+-------+-------+
; Setup Relationship     ; 10.000 ;       ;             ;            ;       ;       ;
; Clock Skew             ; -0.429 ;       ;             ;            ;       ;       ;
; Data Delay             ; 9.787  ;       ;             ;            ;       ;       ;
; Number of Logic Levels ;        ; 6     ;             ;            ;       ;       ;
; Physical Delays        ;        ;       ;             ;            ;       ;       ;
;  Arrival Path          ;        ;       ;             ;            ;       ;       ;
;   Clock                ;        ;       ;             ;            ;       ;       ;
;    IC                  ;        ; 2     ; 5.100       ; 85         ; 2.357 ; 2.743 ;
;    Cell                ;        ; 2     ; 0.905       ; 15         ; 0.321 ; 0.584 ;
;   Data                 ;        ;       ;             ;            ;       ;       ;
;    IC                  ;        ; 7     ; 6.281       ; 64         ; 0.200 ; 1.695 ;
;    Cell                ;        ; 8     ; 3.506       ; 36         ; 0.000 ; 0.707 ;
;    uTco                ;        ; 1     ; 0.000       ; 0          ; 0.000 ; 0.000 ;
;  Required Path         ;        ;       ;             ;            ;       ;       ;
;   Clock                ;        ;       ;             ;            ;       ;       ;
;    IC                  ;        ; 2     ; 2.616       ; 77         ; 0.588 ; 2.028 ;
;    Cell                ;        ; 2     ; 0.779       ; 23         ; 0.295 ; 0.484 ;
+------------------------+--------+-------+-------------+------------+-------+-------+
Note: Negative delays are omitted from totals when calculating percentages

+-----------------------------------------------------------------------------------------------------------+
; Data Arrival Path                                                                                         ;
+----------+---------+----+------+--------+---------------------+-------------------------------------------+
; Total    ; Incr    ; RF ; Type ; Fanout ; Location            ; Element                                   ;
+----------+---------+----+------+--------+---------------------+-------------------------------------------+
; 0.000    ; 0.000   ;    ;      ;        ;                     ; launch edge time                          ;
; 6.005    ; 6.005   ;    ;      ;        ;                     ; clock path                                ;
;   0.000  ;   0.000 ;    ;      ;        ;                     ; source latency                            ;
;   0.000  ;   0.000 ;    ;      ; 1      ; LABCELL_X1_Y36_N48  ; gpu_clk                                   ;
;   2.743  ;   2.743 ; RR ; IC   ; 1      ; CLKCTRL_G2          ; gpu_clk~CLKENA0|inclk                     ;
;   3.064  ;   0.321 ; RR ; CELL ; 9151   ; CLKCTRL_G2          ; gpu_clk~CLKENA0|outclk                    ;
;   5.421  ;   2.357 ; RR ; IC   ; 1      ; FF_X35_Y36_N46      ; rq_rp[0]|clk                              ;
;   6.005  ;   0.584 ; RR ; CELL ; 1      ; FF_X35_Y36_N46      ; rq_rp[0]                                  ;
; 15.792   ; 9.787   ;    ;      ;        ;                     ; data path                                 ;
;   6.005  ;   0.000 ;    ; uTco ; 1      ; FF_X35_Y36_N46      ; rq_rp[0]                                  ;
;   6.005  ;   0.000 ; FF ; CELL ; 221    ; FF_X35_Y36_N46      ; rq_rp[0]|q                                ;
;   7.700  ;   1.695 ; FF ; IC   ; 1      ; LABCELL_X31_Y37_N27 ; Mux158~0|datab                            ;
;   8.258  ;   0.558 ; FF ; CELL ; 1      ; LABCELL_X31_Y37_N27 ; Mux158~0|combout                          ;
;   9.037  ;   0.779 ; FF ; IC   ; 1      ; LABCELL_X35_Y37_N21 ; Mux158~2|datad                            ;
;   9.549  ;   0.512 ; FF ; CELL ; 5      ; LABCELL_X35_Y37_N21 ; Mux158~2|combout                          ;
;   9.749  ;   0.200 ; FF ; IC   ; 1      ; LABCELL_X35_Y37_N33 ; u_sched|Equal37~3|dataa                   ;
;   10.318 ;   0.569 ; FR ; CELL ; 1      ; LABCELL_X35_Y37_N33 ; u_sched|Equal37~3|combout                 ;
;   10.646 ;   0.328 ; RR ; IC   ; 1      ; LABCELL_X36_Y37_N24 ; u_sched|Equal37~4|datab                   ;
;   11.228 ;   0.582 ; RR ; CELL ; 1      ; LABCELL_X36_Y37_N24 ; u_sched|Equal37~4|combout                 ;
;   12.082 ;   0.854 ; RR ; IC   ; 1      ; LABCELL_X36_Y36_N54 ; u_sched|Decoder4~1|datac                  ;
;   12.576 ;   0.494 ; RF ; CELL ; 6      ; LABCELL_X36_Y36_N54 ; u_sched|Decoder4~1|combout                ;
;   14.072 ;   1.496 ; FF ; IC   ; 1      ; LABCELL_X42_Y39_N18 ; u_sched|Decoder4~4|dataf                  ;
;   14.156 ;   0.084 ; FF ; CELL ; 32     ; LABCELL_X42_Y39_N18 ; u_sched|Decoder4~4|combout                ;
;   15.085 ;   0.929 ; FF ; IC   ; 1      ; FF_X46_Y39_N26      ; u_sched|dead_lim[1][0]|sclr               ;
;   15.792 ;   0.707 ; FF ; CELL ; 1      ; FF_X46_Y39_N26      ; zhao_cmd_scheduler:u_sched|dead_lim[1][0] ;
+----------+---------+----+------+--------+---------------------+-------------------------------------------+

+----------------------------------------------------------------------------------------------------------+
; Data Required Path                                                                                       ;
+----------+---------+----+------+--------+--------------------+-------------------------------------------+
; Total    ; Incr    ; RF ; Type ; Fanout ; Location           ; Element                                   ;
+----------+---------+----+------+--------+--------------------+-------------------------------------------+
; 10.000   ; 10.000  ;    ;      ;        ;                    ; latch edge time                           ;
; 15.576   ; 5.576   ;    ;      ;        ;                    ; clock path                                ;
;   10.000 ;   0.000 ;    ;      ;        ;                    ; source latency                            ;
;   10.000 ;   0.000 ;    ;      ; 1      ; LABCELL_X1_Y36_N48 ; gpu_clk                                   ;
;   10.588 ;   0.588 ; RR ; IC   ; 1      ; CLKCTRL_G2         ; gpu_clk~CLKENA0|inclk                     ;
;   10.883 ;   0.295 ; RR ; CELL ; 9151   ; CLKCTRL_G2         ; gpu_clk~CLKENA0|outclk                    ;
;   12.911 ;   2.028 ; RR ; IC   ; 1      ; FF_X46_Y39_N26     ; u_sched|dead_lim[1][0]|clk                ;
;   13.395 ;   0.484 ; RR ; CELL ; 1      ; FF_X46_Y39_N26     ; zhao_cmd_scheduler:u_sched|dead_lim[1][0] ;
;   15.576 ;   2.181 ;    ;      ;        ;                    ; clock pessimism removed                   ;
; 15.516   ; -0.060  ;    ;      ;        ;                    ; clock uncertainty                         ;
; 15.516   ; 0.000   ;    ; uTsu ; 1      ; FF_X46_Y39_N26     ; zhao_cmd_scheduler:u_sched|dead_lim[1][0] ;
+----------+---------+----+------+--------+--------------------+-------------------------------------------+

----------------------------
; Extra Fitter Information ;
----------------------------
HTML report is unavailable in plain text report export.


Path #17: Setup slack is -0.276 (VIOLATED)
===============================================================================
+----------------------------------------------------------------+
; Path Summary                                                   ;
+--------------------+-------------------------------------------+
; Property           ; Value                                     ;
+--------------------+-------------------------------------------+
; From Node          ; rq_rp[0]                                  ;
; To Node            ; zhao_cmd_scheduler:u_sched|dead_lim[1][2] ;
; Launch Clock       ; gpu_clk                                   ;
; Latch Clock        ; gpu_clk                                   ;
; Data Arrival Time  ; 15.792                                    ;
; Data Required Time ; 15.516                                    ;
; Slack              ; -0.276 (VIOLATED)                         ;
+--------------------+-------------------------------------------+

+------------------------------------------------------------------------------------+
; Statistics                                                                         ;
+------------------------+--------+-------+-------------+------------+-------+-------+
; Property               ; Value  ; Count ; Total Delay ; % of Total ; Min   ; Max   ;
+------------------------+--------+-------+-------------+------------+-------+-------+
; Setup Relationship     ; 10.000 ;       ;             ;            ;       ;       ;
; Clock Skew             ; -0.429 ;       ;             ;            ;       ;       ;
; Data Delay             ; 9.787  ;       ;             ;            ;       ;       ;
; Number of Logic Levels ;        ; 6     ;             ;            ;       ;       ;
; Physical Delays        ;        ;       ;             ;            ;       ;       ;
;  Arrival Path          ;        ;       ;             ;            ;       ;       ;
;   Clock                ;        ;       ;             ;            ;       ;       ;
;    IC                  ;        ; 2     ; 5.100       ; 85         ; 2.357 ; 2.743 ;
;    Cell                ;        ; 2     ; 0.905       ; 15         ; 0.321 ; 0.584 ;
;   Data                 ;        ;       ;             ;            ;       ;       ;
;    IC                  ;        ; 7     ; 6.281       ; 64         ; 0.200 ; 1.695 ;
;    Cell                ;        ; 8     ; 3.506       ; 36         ; 0.000 ; 0.707 ;
;    uTco                ;        ; 1     ; 0.000       ; 0          ; 0.000 ; 0.000 ;
;  Required Path         ;        ;       ;             ;            ;       ;       ;
;   Clock                ;        ;       ;             ;            ;       ;       ;
;    IC                  ;        ; 2     ; 2.616       ; 77         ; 0.588 ; 2.028 ;
;    Cell                ;        ; 2     ; 0.779       ; 23         ; 0.295 ; 0.484 ;
+------------------------+--------+-------+-------------+------------+-------+-------+
Note: Negative delays are omitted from totals when calculating percentages

+-----------------------------------------------------------------------------------------------------------+
; Data Arrival Path                                                                                         ;
+----------+---------+----+------+--------+---------------------+-------------------------------------------+
; Total    ; Incr    ; RF ; Type ; Fanout ; Location            ; Element                                   ;
+----------+---------+----+------+--------+---------------------+-------------------------------------------+
; 0.000    ; 0.000   ;    ;      ;        ;                     ; launch edge time                          ;
; 6.005    ; 6.005   ;    ;      ;        ;                     ; clock path                                ;
;   0.000  ;   0.000 ;    ;      ;        ;                     ; source latency                            ;
;   0.000  ;   0.000 ;    ;      ; 1      ; LABCELL_X1_Y36_N48  ; gpu_clk                                   ;
;   2.743  ;   2.743 ; RR ; IC   ; 1      ; CLKCTRL_G2          ; gpu_clk~CLKENA0|inclk                     ;
;   3.064  ;   0.321 ; RR ; CELL ; 9151   ; CLKCTRL_G2          ; gpu_clk~CLKENA0|outclk                    ;
;   5.421  ;   2.357 ; RR ; IC   ; 1      ; FF_X35_Y36_N46      ; rq_rp[0]|clk                              ;
;   6.005  ;   0.584 ; RR ; CELL ; 1      ; FF_X35_Y36_N46      ; rq_rp[0]                                  ;
; 15.792   ; 9.787   ;    ;      ;        ;                     ; data path                                 ;
;   6.005  ;   0.000 ;    ; uTco ; 1      ; FF_X35_Y36_N46      ; rq_rp[0]                                  ;
;   6.005  ;   0.000 ; FF ; CELL ; 221    ; FF_X35_Y36_N46      ; rq_rp[0]|q                                ;
;   7.700  ;   1.695 ; FF ; IC   ; 1      ; LABCELL_X31_Y37_N27 ; Mux158~0|datab                            ;
;   8.258  ;   0.558 ; FF ; CELL ; 1      ; LABCELL_X31_Y37_N27 ; Mux158~0|combout                          ;
;   9.037  ;   0.779 ; FF ; IC   ; 1      ; LABCELL_X35_Y37_N21 ; Mux158~2|datad                            ;
;   9.549  ;   0.512 ; FF ; CELL ; 5      ; LABCELL_X35_Y37_N21 ; Mux158~2|combout                          ;
;   9.749  ;   0.200 ; FF ; IC   ; 1      ; LABCELL_X35_Y37_N33 ; u_sched|Equal37~3|dataa                   ;
;   10.318 ;   0.569 ; FR ; CELL ; 1      ; LABCELL_X35_Y37_N33 ; u_sched|Equal37~3|combout                 ;
;   10.646 ;   0.328 ; RR ; IC   ; 1      ; LABCELL_X36_Y37_N24 ; u_sched|Equal37~4|datab                   ;
;   11.228 ;   0.582 ; RR ; CELL ; 1      ; LABCELL_X36_Y37_N24 ; u_sched|Equal37~4|combout                 ;
;   12.082 ;   0.854 ; RR ; IC   ; 1      ; LABCELL_X36_Y36_N54 ; u_sched|Decoder4~1|datac                  ;
;   12.576 ;   0.494 ; RF ; CELL ; 6      ; LABCELL_X36_Y36_N54 ; u_sched|Decoder4~1|combout                ;
;   14.072 ;   1.496 ; FF ; IC   ; 1      ; LABCELL_X42_Y39_N18 ; u_sched|Decoder4~4|dataf                  ;
;   14.156 ;   0.084 ; FF ; CELL ; 32     ; LABCELL_X42_Y39_N18 ; u_sched|Decoder4~4|combout                ;
;   15.085 ;   0.929 ; FF ; IC   ; 1      ; FF_X46_Y39_N8       ; u_sched|dead_lim[1][2]|sclr               ;
;   15.792 ;   0.707 ; FF ; CELL ; 1      ; FF_X46_Y39_N8       ; zhao_cmd_scheduler:u_sched|dead_lim[1][2] ;
+----------+---------+----+------+--------+---------------------+-------------------------------------------+

+----------------------------------------------------------------------------------------------------------+
; Data Required Path                                                                                       ;
+----------+---------+----+------+--------+--------------------+-------------------------------------------+
; Total    ; Incr    ; RF ; Type ; Fanout ; Location           ; Element                                   ;
+----------+---------+----+------+--------+--------------------+-------------------------------------------+
; 10.000   ; 10.000  ;    ;      ;        ;                    ; latch edge time                           ;
; 15.576   ; 5.576   ;    ;      ;        ;                    ; clock path                                ;
;   10.000 ;   0.000 ;    ;      ;        ;                    ; source latency                            ;
;   10.000 ;   0.000 ;    ;      ; 1      ; LABCELL_X1_Y36_N48 ; gpu_clk                                   ;
;   10.588 ;   0.588 ; RR ; IC   ; 1      ; CLKCTRL_G2         ; gpu_clk~CLKENA0|inclk                     ;
;   10.883 ;   0.295 ; RR ; CELL ; 9151   ; CLKCTRL_G2         ; gpu_clk~CLKENA0|outclk                    ;
;   12.911 ;   2.028 ; RR ; IC   ; 1      ; FF_X46_Y39_N8      ; u_sched|dead_lim[1][2]|clk                ;
;   13.395 ;   0.484 ; RR ; CELL ; 1      ; FF_X46_Y39_N8      ; zhao_cmd_scheduler:u_sched|dead_lim[1][2] ;
;   15.576 ;   2.181 ;    ;      ;        ;                    ; clock pessimism removed                   ;
; 15.516   ; -0.060  ;    ;      ;        ;                    ; clock uncertainty                         ;
; 15.516   ; 0.000   ;    ; uTsu ; 1      ; FF_X46_Y39_N8      ; zhao_cmd_scheduler:u_sched|dead_lim[1][2] ;
+----------+---------+----+------+--------+--------------------+-------------------------------------------+

----------------------------
; Extra Fitter Information ;
----------------------------
HTML report is unavailable in plain text report export.


Path #18: Setup slack is -0.276 (VIOLATED)
===============================================================================
+----------------------------------------------------------------+
; Path Summary                                                   ;
+--------------------+-------------------------------------------+
; Property           ; Value                                     ;
+--------------------+-------------------------------------------+
; From Node          ; rq_rp[0]                                  ;
; To Node            ; zhao_cmd_scheduler:u_sched|dead_lim[1][4] ;
; Launch Clock       ; gpu_clk                                   ;
; Latch Clock        ; gpu_clk                                   ;
; Data Arrival Time  ; 15.792                                    ;
; Data Required Time ; 15.516                                    ;
; Slack              ; -0.276 (VIOLATED)                         ;
+--------------------+-------------------------------------------+

+------------------------------------------------------------------------------------+
; Statistics                                                                         ;
+------------------------+--------+-------+-------------+------------+-------+-------+
; Property               ; Value  ; Count ; Total Delay ; % of Total ; Min   ; Max   ;
+------------------------+--------+-------+-------------+------------+-------+-------+
; Setup Relationship     ; 10.000 ;       ;             ;            ;       ;       ;
; Clock Skew             ; -0.429 ;       ;             ;            ;       ;       ;
; Data Delay             ; 9.787  ;       ;             ;            ;       ;       ;
; Number of Logic Levels ;        ; 6     ;             ;            ;       ;       ;
; Physical Delays        ;        ;       ;             ;            ;       ;       ;
;  Arrival Path          ;        ;       ;             ;            ;       ;       ;
;   Clock                ;        ;       ;             ;            ;       ;       ;
;    IC                  ;        ; 2     ; 5.100       ; 85         ; 2.357 ; 2.743 ;
;    Cell                ;        ; 2     ; 0.905       ; 15         ; 0.321 ; 0.584 ;
;   Data                 ;        ;       ;             ;            ;       ;       ;
;    IC                  ;        ; 7     ; 6.281       ; 64         ; 0.200 ; 1.695 ;
;    Cell                ;        ; 8     ; 3.506       ; 36         ; 0.000 ; 0.707 ;
;    uTco                ;        ; 1     ; 0.000       ; 0          ; 0.000 ; 0.000 ;
;  Required Path         ;        ;       ;             ;            ;       ;       ;
;   Clock                ;        ;       ;             ;            ;       ;       ;
;    IC                  ;        ; 2     ; 2.616       ; 77         ; 0.588 ; 2.028 ;
;    Cell                ;        ; 2     ; 0.779       ; 23         ; 0.295 ; 0.484 ;
+------------------------+--------+-------+-------------+------------+-------+-------+
Note: Negative delays are omitted from totals when calculating percentages

+-----------------------------------------------------------------------------------------------------------+
; Data Arrival Path                                                                                         ;
+----------+---------+----+------+--------+---------------------+-------------------------------------------+
; Total    ; Incr    ; RF ; Type ; Fanout ; Location            ; Element                                   ;
+----------+---------+----+------+--------+---------------------+-------------------------------------------+
; 0.000    ; 0.000   ;    ;      ;        ;                     ; launch edge time                          ;
; 6.005    ; 6.005   ;    ;      ;        ;                     ; clock path                                ;
;   0.000  ;   0.000 ;    ;      ;        ;                     ; source latency                            ;
;   0.000  ;   0.000 ;    ;      ; 1      ; LABCELL_X1_Y36_N48  ; gpu_clk                                   ;
;   2.743  ;   2.743 ; RR ; IC   ; 1      ; CLKCTRL_G2          ; gpu_clk~CLKENA0|inclk                     ;
;   3.064  ;   0.321 ; RR ; CELL ; 9151   ; CLKCTRL_G2          ; gpu_clk~CLKENA0|outclk                    ;
;   5.421  ;   2.357 ; RR ; IC   ; 1      ; FF_X35_Y36_N46      ; rq_rp[0]|clk                              ;
;   6.005  ;   0.584 ; RR ; CELL ; 1      ; FF_X35_Y36_N46      ; rq_rp[0]                                  ;
; 15.792   ; 9.787   ;    ;      ;        ;                     ; data path                                 ;
;   6.005  ;   0.000 ;    ; uTco ; 1      ; FF_X35_Y36_N46      ; rq_rp[0]                                  ;
;   6.005  ;   0.000 ; FF ; CELL ; 221    ; FF_X35_Y36_N46      ; rq_rp[0]|q                                ;
;   7.700  ;   1.695 ; FF ; IC   ; 1      ; LABCELL_X31_Y37_N27 ; Mux158~0|datab                            ;
;   8.258  ;   0.558 ; FF ; CELL ; 1      ; LABCELL_X31_Y37_N27 ; Mux158~0|combout                          ;
;   9.037  ;   0.779 ; FF ; IC   ; 1      ; LABCELL_X35_Y37_N21 ; Mux158~2|datad                            ;
;   9.549  ;   0.512 ; FF ; CELL ; 5      ; LABCELL_X35_Y37_N21 ; Mux158~2|combout                          ;
;   9.749  ;   0.200 ; FF ; IC   ; 1      ; LABCELL_X35_Y37_N33 ; u_sched|Equal37~3|dataa                   ;
;   10.318 ;   0.569 ; FR ; CELL ; 1      ; LABCELL_X35_Y37_N33 ; u_sched|Equal37~3|combout                 ;
;   10.646 ;   0.328 ; RR ; IC   ; 1      ; LABCELL_X36_Y37_N24 ; u_sched|Equal37~4|datab                   ;
;   11.228 ;   0.582 ; RR ; CELL ; 1      ; LABCELL_X36_Y37_N24 ; u_sched|Equal37~4|combout                 ;
;   12.082 ;   0.854 ; RR ; IC   ; 1      ; LABCELL_X36_Y36_N54 ; u_sched|Decoder4~1|datac                  ;
;   12.576 ;   0.494 ; RF ; CELL ; 6      ; LABCELL_X36_Y36_N54 ; u_sched|Decoder4~1|combout                ;
;   14.072 ;   1.496 ; FF ; IC   ; 1      ; LABCELL_X42_Y39_N18 ; u_sched|Decoder4~4|dataf                  ;
;   14.156 ;   0.084 ; FF ; CELL ; 32     ; LABCELL_X42_Y39_N18 ; u_sched|Decoder4~4|combout                ;
;   15.085 ;   0.929 ; FF ; IC   ; 1      ; FF_X46_Y39_N14      ; u_sched|dead_lim[1][4]|sclr               ;
;   15.792 ;   0.707 ; FF ; CELL ; 1      ; FF_X46_Y39_N14      ; zhao_cmd_scheduler:u_sched|dead_lim[1][4] ;
+----------+---------+----+------+--------+---------------------+-------------------------------------------+

+----------------------------------------------------------------------------------------------------------+
; Data Required Path                                                                                       ;
+----------+---------+----+------+--------+--------------------+-------------------------------------------+
; Total    ; Incr    ; RF ; Type ; Fanout ; Location           ; Element                                   ;
+----------+---------+----+------+--------+--------------------+-------------------------------------------+
; 10.000   ; 10.000  ;    ;      ;        ;                    ; latch edge time                           ;
; 15.576   ; 5.576   ;    ;      ;        ;                    ; clock path                                ;
;   10.000 ;   0.000 ;    ;      ;        ;                    ; source latency                            ;
;   10.000 ;   0.000 ;    ;      ; 1      ; LABCELL_X1_Y36_N48 ; gpu_clk                                   ;
;   10.588 ;   0.588 ; RR ; IC   ; 1      ; CLKCTRL_G2         ; gpu_clk~CLKENA0|inclk                     ;
;   10.883 ;   0.295 ; RR ; CELL ; 9151   ; CLKCTRL_G2         ; gpu_clk~CLKENA0|outclk                    ;
;   12.911 ;   2.028 ; RR ; IC   ; 1      ; FF_X46_Y39_N14     ; u_sched|dead_lim[1][4]|clk                ;
;   13.395 ;   0.484 ; RR ; CELL ; 1      ; FF_X46_Y39_N14     ; zhao_cmd_scheduler:u_sched|dead_lim[1][4] ;
;   15.576 ;   2.181 ;    ;      ;        ;                    ; clock pessimism removed                   ;
; 15.516   ; -0.060  ;    ;      ;        ;                    ; clock uncertainty                         ;
; 15.516   ; 0.000   ;    ; uTsu ; 1      ; FF_X46_Y39_N14     ; zhao_cmd_scheduler:u_sched|dead_lim[1][4] ;
+----------+---------+----+------+--------+--------------------+-------------------------------------------+

----------------------------
; Extra Fitter Information ;
----------------------------
HTML report is unavailable in plain text report export.


Path #19: Setup slack is -0.275 (VIOLATED)
===============================================================================
+-----------------------------------------------------------------+
; Path Summary                                                    ;
+--------------------+--------------------------------------------+
; Property           ; Value                                      ;
+--------------------+--------------------------------------------+
; From Node          ; rq_rp[0]                                   ;
; To Node            ; zhao_cmd_scheduler:u_sched|dead_lim[0][18] ;
; Launch Clock       ; gpu_clk                                    ;
; Latch Clock        ; gpu_clk                                    ;
; Data Arrival Time  ; 15.773                                     ;
; Data Required Time ; 15.498                                     ;
; Slack              ; -0.275 (VIOLATED)                          ;
+--------------------+--------------------------------------------+

+------------------------------------------------------------------------------------+
; Statistics                                                                         ;
+------------------------+--------+-------+-------------+------------+-------+-------+
; Property               ; Value  ; Count ; Total Delay ; % of Total ; Min   ; Max   ;
+------------------------+--------+-------+-------------+------------+-------+-------+
; Setup Relationship     ; 10.000 ;       ;             ;            ;       ;       ;
; Clock Skew             ; -0.447 ;       ;             ;            ;       ;       ;
; Data Delay             ; 9.768  ;       ;             ;            ;       ;       ;
; Number of Logic Levels ;        ; 6     ;             ;            ;       ;       ;
; Physical Delays        ;        ;       ;             ;            ;       ;       ;
;  Arrival Path          ;        ;       ;             ;            ;       ;       ;
;   Clock                ;        ;       ;             ;            ;       ;       ;
;    IC                  ;        ; 2     ; 5.100       ; 85         ; 2.357 ; 2.743 ;
;    Cell                ;        ; 2     ; 0.905       ; 15         ; 0.321 ; 0.584 ;
;   Data                 ;        ;       ;             ;            ;       ;       ;
;    IC                  ;        ; 7     ; 6.069       ; 62         ; 0.200 ; 1.695 ;
;    Cell                ;        ; 8     ; 3.699       ; 38         ; 0.000 ; 0.903 ;
;    uTco                ;        ; 1     ; 0.000       ; 0          ; 0.000 ; 0.000 ;
;  Required Path         ;        ;       ;             ;            ;       ;       ;
;   Clock                ;        ;       ;             ;            ;       ;       ;
;    IC                  ;        ; 2     ; 2.607       ; 77         ; 0.588 ; 2.019 ;
;    Cell                ;        ; 2     ; 0.770       ; 23         ; 0.295 ; 0.475 ;
+------------------------+--------+-------+-------------+------------+-------+-------+
Note: Negative delays are omitted from totals when calculating percentages

+------------------------------------------------------------------------------------------------------------+
; Data Arrival Path                                                                                          ;
+----------+---------+----+------+--------+---------------------+--------------------------------------------+
; Total    ; Incr    ; RF ; Type ; Fanout ; Location            ; Element                                    ;
+----------+---------+----+------+--------+---------------------+--------------------------------------------+
; 0.000    ; 0.000   ;    ;      ;        ;                     ; launch edge time                           ;
; 6.005    ; 6.005   ;    ;      ;        ;                     ; clock path                                 ;
;   0.000  ;   0.000 ;    ;      ;        ;                     ; source latency                             ;
;   0.000  ;   0.000 ;    ;      ; 1      ; LABCELL_X1_Y36_N48  ; gpu_clk                                    ;
;   2.743  ;   2.743 ; RR ; IC   ; 1      ; CLKCTRL_G2          ; gpu_clk~CLKENA0|inclk                      ;
;   3.064  ;   0.321 ; RR ; CELL ; 9151   ; CLKCTRL_G2          ; gpu_clk~CLKENA0|outclk                     ;
;   5.421  ;   2.357 ; RR ; IC   ; 1      ; FF_X35_Y36_N46      ; rq_rp[0]|clk                               ;
;   6.005  ;   0.584 ; RR ; CELL ; 1      ; FF_X35_Y36_N46      ; rq_rp[0]                                   ;
; 15.773   ; 9.768   ;    ;      ;        ;                     ; data path                                  ;
;   6.005  ;   0.000 ;    ; uTco ; 1      ; FF_X35_Y36_N46      ; rq_rp[0]                                   ;
;   6.005  ;   0.000 ; FF ; CELL ; 221    ; FF_X35_Y36_N46      ; rq_rp[0]|q                                 ;
;   7.700  ;   1.695 ; FF ; IC   ; 1      ; LABCELL_X31_Y37_N27 ; Mux158~0|datab                             ;
;   8.258  ;   0.558 ; FF ; CELL ; 1      ; LABCELL_X31_Y37_N27 ; Mux158~0|combout                           ;
;   9.037  ;   0.779 ; FF ; IC   ; 1      ; LABCELL_X35_Y37_N21 ; Mux158~2|datad                             ;
;   9.549  ;   0.512 ; FF ; CELL ; 5      ; LABCELL_X35_Y37_N21 ; Mux158~2|combout                           ;
;   9.749  ;   0.200 ; FF ; IC   ; 1      ; LABCELL_X35_Y37_N33 ; u_sched|Equal37~3|dataa                    ;
;   10.318 ;   0.569 ; FR ; CELL ; 1      ; LABCELL_X35_Y37_N33 ; u_sched|Equal37~3|combout                  ;
;   10.646 ;   0.328 ; RR ; IC   ; 1      ; LABCELL_X36_Y37_N24 ; u_sched|Equal37~4|datab                    ;
;   11.228 ;   0.582 ; RR ; CELL ; 1      ; LABCELL_X36_Y37_N24 ; u_sched|Equal37~4|combout                  ;
;   12.082 ;   0.854 ; RR ; IC   ; 1      ; LABCELL_X36_Y36_N54 ; u_sched|Decoder4~1|datac                   ;
;   12.576 ;   0.494 ; RF ; CELL ; 6      ; LABCELL_X36_Y36_N54 ; u_sched|Decoder4~1|combout                 ;
;   13.409 ;   0.833 ; FF ; IC   ; 1      ; LABCELL_X42_Y36_N45 ; u_sched|Decoder4~3|dataf                   ;
;   13.490 ;   0.081 ; FF ; CELL ; 32     ; LABCELL_X42_Y36_N45 ; u_sched|Decoder4~3|combout                 ;
;   14.870 ;   1.380 ; FF ; IC   ; 1      ; FF_X46_Y38_N50      ; u_sched|dead_lim[0][18]|sload              ;
;   15.773 ;   0.903 ; FR ; CELL ; 1      ; FF_X46_Y38_N50      ; zhao_cmd_scheduler:u_sched|dead_lim[0][18] ;
+----------+---------+----+------+--------+---------------------+--------------------------------------------+

+-----------------------------------------------------------------------------------------------------------+
; Data Required Path                                                                                        ;
+----------+---------+----+------+--------+--------------------+--------------------------------------------+
; Total    ; Incr    ; RF ; Type ; Fanout ; Location           ; Element                                    ;
+----------+---------+----+------+--------+--------------------+--------------------------------------------+
; 10.000   ; 10.000  ;    ;      ;        ;                    ; latch edge time                            ;
; 15.558   ; 5.558   ;    ;      ;        ;                    ; clock path                                 ;
;   10.000 ;   0.000 ;    ;      ;        ;                    ; source latency                             ;
;   10.000 ;   0.000 ;    ;      ; 1      ; LABCELL_X1_Y36_N48 ; gpu_clk                                    ;
;   10.588 ;   0.588 ; RR ; IC   ; 1      ; CLKCTRL_G2         ; gpu_clk~CLKENA0|inclk                      ;
;   10.883 ;   0.295 ; RR ; CELL ; 9151   ; CLKCTRL_G2         ; gpu_clk~CLKENA0|outclk                     ;
;   12.902 ;   2.019 ; RR ; IC   ; 1      ; FF_X46_Y38_N50     ; u_sched|dead_lim[0][18]|clk                ;
;   13.377 ;   0.475 ; RR ; CELL ; 1      ; FF_X46_Y38_N50     ; zhao_cmd_scheduler:u_sched|dead_lim[0][18] ;
;   15.558 ;   2.181 ;    ;      ;        ;                    ; clock pessimism removed                    ;
; 15.498   ; -0.060  ;    ;      ;        ;                    ; clock uncertainty                          ;
; 15.498   ; 0.000   ;    ; uTsu ; 1      ; FF_X46_Y38_N50     ; zhao_cmd_scheduler:u_sched|dead_lim[0][18] ;
+----------+---------+----+------+--------+--------------------+--------------------------------------------+

----------------------------
; Extra Fitter Information ;
----------------------------
HTML report is unavailable in plain text report export.


Path #20: Setup slack is -0.273 (VIOLATED)
===============================================================================
+------------------------------------------------------------------------+
; Path Summary                                                           ;
+--------------------+---------------------------------------------------+
; Property           ; Value                                             ;
+--------------------+---------------------------------------------------+
; From Node          ; zhao_hps_arbiter:u_hps_arb|state.A_IDLE~DUPLICATE ;
; To Node            ; zhao_cmd_dma:u_dma|crc_hdr_r[21]                  ;
; Launch Clock       ; gpu_clk                                           ;
; Latch Clock        ; gpu_clk                                           ;
; Data Arrival Time  ; 15.717                                            ;
; Data Required Time ; 15.444                                            ;
; Slack              ; -0.273 (VIOLATED)                                 ;
+--------------------+---------------------------------------------------+

+------------------------------------------------------------------------------------+
; Statistics                                                                         ;
+------------------------+--------+-------+-------------+------------+-------+-------+
; Property               ; Value  ; Count ; Total Delay ; % of Total ; Min   ; Max   ;
+------------------------+--------+-------+-------------+------------+-------+-------+
; Setup Relationship     ; 10.000 ;       ;             ;            ;       ;       ;
; Clock Skew             ; -0.534 ;       ;             ;            ;       ;       ;
; Data Delay             ; 9.679  ;       ;             ;            ;       ;       ;
; Number of Logic Levels ;        ; 7     ;             ;            ;       ;       ;
; Physical Delays        ;        ;       ;             ;            ;       ;       ;
;  Arrival Path          ;        ;       ;             ;            ;       ;       ;
;   Clock                ;        ;       ;             ;            ;       ;       ;
;    IC                  ;        ; 2     ; 5.133       ; 85         ; 2.390 ; 2.743 ;
;    Cell                ;        ; 2     ; 0.905       ; 15         ; 0.321 ; 0.584 ;
;   Data                 ;        ;       ;             ;            ;       ;       ;
;    IC                  ;        ; 8     ; 6.227       ; 64         ; 0.000 ; 1.473 ;
;    Cell                ;        ; 9     ; 3.452       ; 36         ; 0.000 ; 0.589 ;
;    uTco                ;        ; 1     ; 0.000       ; 0          ; 0.000 ; 0.000 ;
;  Required Path         ;        ;       ;             ;            ;       ;       ;
;   Clock                ;        ;       ;             ;            ;       ;       ;
;    IC                  ;        ; 2     ; 2.532       ; 76         ; 0.588 ; 1.944 ;
;    Cell                ;        ; 2     ; 0.791       ; 24         ; 0.295 ; 0.496 ;
+------------------------+--------+-------+-------------+------------+-------+-------+
Note: Negative delays are omitted from totals when calculating percentages

+-------------------------------------------------------------------------------------------------------------------+
; Data Arrival Path                                                                                                 ;
+----------+---------+----+------+--------+---------------------+---------------------------------------------------+
; Total    ; Incr    ; RF ; Type ; Fanout ; Location            ; Element                                           ;
+----------+---------+----+------+--------+---------------------+---------------------------------------------------+
; 0.000    ; 0.000   ;    ;      ;        ;                     ; launch edge time                                  ;
; 6.038    ; 6.038   ;    ;      ;        ;                     ; clock path                                        ;
;   0.000  ;   0.000 ;    ;      ;        ;                     ; source latency                                    ;
;   0.000  ;   0.000 ;    ;      ; 1      ; LABCELL_X1_Y36_N48  ; gpu_clk                                           ;
;   2.743  ;   2.743 ; RR ; IC   ; 1      ; CLKCTRL_G2          ; gpu_clk~CLKENA0|inclk                             ;
;   3.064  ;   0.321 ; RR ; CELL ; 9151   ; CLKCTRL_G2          ; gpu_clk~CLKENA0|outclk                            ;
;   5.454  ;   2.390 ; RR ; IC   ; 1      ; FF_X16_Y42_N55      ; u_hps_arb|state.A_IDLE~DUPLICATE|clk              ;
;   6.038  ;   0.584 ; RR ; CELL ; 1      ; FF_X16_Y42_N55      ; zhao_hps_arbiter:u_hps_arb|state.A_IDLE~DUPLICATE ;
; 15.717   ; 9.679   ;    ;      ;        ;                     ; data path                                         ;
;   6.038  ;   0.000 ;    ; uTco ; 1      ; FF_X16_Y42_N55      ; zhao_hps_arbiter:u_hps_arb|state.A_IDLE~DUPLICATE ;
;   6.038  ;   0.000 ; FF ; CELL ; 66     ; FF_X16_Y42_N55      ; u_hps_arb|state.A_IDLE~DUPLICATE|q                ;
;   7.231  ;   1.193 ; FF ; IC   ; 1      ; LABCELL_X19_Y40_N36 ; u_hps_arb|c0_rsp_o.data[38]~55|datab              ;
;   7.794  ;   0.563 ; FF ; CELL ; 10     ; LABCELL_X19_Y40_N36 ; u_hps_arb|c0_rsp_o.data[38]~55|combout            ;
;   9.267  ;   1.473 ; FF ; IC   ; 1      ; LABCELL_X18_Y38_N48 ; u_dma|fold_d[38]~220|datab                        ;
;   9.839  ;   0.572 ; FR ; CELL ; 9      ; LABCELL_X18_Y38_N48 ; u_dma|fold_d[38]~220|combout                      ;
;   10.935 ;   1.096 ; RR ; IC   ; 1      ; LABCELL_X11_Y37_N33 ; u_dma|u_fold8|acc~31|datab                        ;
;   11.524 ;   0.589 ; RR ; CELL ; 4      ; LABCELL_X11_Y37_N33 ; u_dma|u_fold8|acc~31|combout                      ;
;   11.778 ;   0.254 ; RR ; IC   ; 1      ; LABCELL_X11_Y37_N3  ; u_dma|u_fold8|g_fold[8].acc[21]~198|dataa         ;
;   12.339 ;   0.561 ; RF ; CELL ; 1      ; LABCELL_X11_Y37_N3  ; u_dma|u_fold8|g_fold[8].acc[21]~198|combout       ;
;   13.449 ;   1.110 ; FF ; IC   ; 1      ; MLABCELL_X8_Y36_N36 ; u_dma|u_fold8|g_fold[8].acc[21]~199|dataf         ;
;   13.530 ;   0.081 ; FF ; CELL ; 2      ; MLABCELL_X8_Y36_N36 ; u_dma|u_fold8|g_fold[8].acc[21]~199|combout       ;
;   14.378 ;   0.848 ; FF ; IC   ; 1      ; LABCELL_X7_Y35_N24  ; u_dma|u_fold8|g_fold[8].acc[21]~235|datac         ;
;   14.746 ;   0.368 ; FR ; CELL ; 2      ; LABCELL_X7_Y35_N24  ; u_dma|u_fold8|g_fold[8].acc[21]~235|combout       ;
;   14.999 ;   0.253 ; RR ; IC   ; 1      ; LABCELL_X7_Y35_N18  ; u_dma|Selector881~0|datac                         ;
;   15.457 ;   0.458 ; RF ; CELL ; 1      ; LABCELL_X7_Y35_N18  ; u_dma|Selector881~0|combout                       ;
;   15.457 ;   0.000 ; FF ; IC   ; 1      ; FF_X7_Y35_N19       ; u_dma|crc_hdr_r[21]|d                             ;
;   15.717 ;   0.260 ; FF ; CELL ; 1      ; FF_X7_Y35_N19       ; zhao_cmd_dma:u_dma|crc_hdr_r[21]                  ;
+----------+---------+----+------+--------+---------------------+---------------------------------------------------+

+-------------------------------------------------------------------------------------------------+
; Data Required Path                                                                              ;
+----------+---------+----+------+--------+--------------------+----------------------------------+
; Total    ; Incr    ; RF ; Type ; Fanout ; Location           ; Element                          ;
+----------+---------+----+------+--------+--------------------+----------------------------------+
; 10.000   ; 10.000  ;    ;      ;        ;                    ; latch edge time                  ;
; 15.504   ; 5.504   ;    ;      ;        ;                    ; clock path                       ;
;   10.000 ;   0.000 ;    ;      ;        ;                    ; source latency                   ;
;   10.000 ;   0.000 ;    ;      ; 1      ; LABCELL_X1_Y36_N48 ; gpu_clk                          ;
;   10.588 ;   0.588 ; RR ; IC   ; 1      ; CLKCTRL_G2         ; gpu_clk~CLKENA0|inclk            ;
;   10.883 ;   0.295 ; RR ; CELL ; 9151   ; CLKCTRL_G2         ; gpu_clk~CLKENA0|outclk           ;
;   12.827 ;   1.944 ; RR ; IC   ; 1      ; FF_X7_Y35_N19      ; u_dma|crc_hdr_r[21]|clk          ;
;   13.323 ;   0.496 ; RR ; CELL ; 1      ; FF_X7_Y35_N19      ; zhao_cmd_dma:u_dma|crc_hdr_r[21] ;
;   15.504 ;   2.181 ;    ;      ;        ;                    ; clock pessimism removed          ;
; 15.444   ; -0.060  ;    ;      ;        ;                    ; clock uncertainty                ;
; 15.444   ; 0.000   ;    ; uTsu ; 1      ; FF_X7_Y35_N19      ; zhao_cmd_dma:u_dma|crc_hdr_r[21] ;
+----------+---------+----+------+--------+--------------------+----------------------------------+

----------------------------
; Extra Fitter Information ;
----------------------------
HTML report is unavailable in plain text report export.


Path #21: Setup slack is -0.270 (VIOLATED)
===============================================================================
+----------------------------------------------------------------+
; Path Summary                                                   ;
+--------------------+-------------------------------------------+
; Property           ; Value                                     ;
+--------------------+-------------------------------------------+
; From Node          ; rq_rp[0]                                  ;
; To Node            ; zhao_cmd_scheduler:u_sched|dead_lim[1][1] ;
; Launch Clock       ; gpu_clk                                   ;
; Latch Clock        ; gpu_clk                                   ;
; Data Arrival Time  ; 15.792                                    ;
; Data Required Time ; 15.522                                    ;
; Slack              ; -0.270 (VIOLATED)                         ;
+--------------------+-------------------------------------------+

+------------------------------------------------------------------------------------+
; Statistics                                                                         ;
+------------------------+--------+-------+-------------+------------+-------+-------+
; Property               ; Value  ; Count ; Total Delay ; % of Total ; Min   ; Max   ;
+------------------------+--------+-------+-------------+------------+-------+-------+
; Setup Relationship     ; 10.000 ;       ;             ;            ;       ;       ;
; Clock Skew             ; -0.423 ;       ;             ;            ;       ;       ;
; Data Delay             ; 9.787  ;       ;             ;            ;       ;       ;
; Number of Logic Levels ;        ; 6     ;             ;            ;       ;       ;
; Physical Delays        ;        ;       ;             ;            ;       ;       ;
;  Arrival Path          ;        ;       ;             ;            ;       ;       ;
;   Clock                ;        ;       ;             ;            ;       ;       ;
;    IC                  ;        ; 2     ; 5.100       ; 85         ; 2.357 ; 2.743 ;
;    Cell                ;        ; 2     ; 0.905       ; 15         ; 0.321 ; 0.584 ;
;   Data                 ;        ;       ;             ;            ;       ;       ;
;    IC                  ;        ; 7     ; 6.281       ; 64         ; 0.200 ; 1.695 ;
;    Cell                ;        ; 8     ; 3.506       ; 36         ; 0.000 ; 0.707 ;
;    uTco                ;        ; 1     ; 0.000       ; 0          ; 0.000 ; 0.000 ;
;  Required Path         ;        ;       ;             ;            ;       ;       ;
;   Clock                ;        ;       ;             ;            ;       ;       ;
;    IC                  ;        ; 2     ; 2.616       ; 77         ; 0.588 ; 2.028 ;
;    Cell                ;        ; 2     ; 0.785       ; 23         ; 0.295 ; 0.490 ;
+------------------------+--------+-------+-------------+------------+-------+-------+
Note: Negative delays are omitted from totals when calculating percentages

+-----------------------------------------------------------------------------------------------------------+
; Data Arrival Path                                                                                         ;
+----------+---------+----+------+--------+---------------------+-------------------------------------------+
; Total    ; Incr    ; RF ; Type ; Fanout ; Location            ; Element                                   ;
+----------+---------+----+------+--------+---------------------+-------------------------------------------+
; 0.000    ; 0.000   ;    ;      ;        ;                     ; launch edge time                          ;
; 6.005    ; 6.005   ;    ;      ;        ;                     ; clock path                                ;
;   0.000  ;   0.000 ;    ;      ;        ;                     ; source latency                            ;
;   0.000  ;   0.000 ;    ;      ; 1      ; LABCELL_X1_Y36_N48  ; gpu_clk                                   ;
;   2.743  ;   2.743 ; RR ; IC   ; 1      ; CLKCTRL_G2          ; gpu_clk~CLKENA0|inclk                     ;
;   3.064  ;   0.321 ; RR ; CELL ; 9151   ; CLKCTRL_G2          ; gpu_clk~CLKENA0|outclk                    ;
;   5.421  ;   2.357 ; RR ; IC   ; 1      ; FF_X35_Y36_N46      ; rq_rp[0]|clk                              ;
;   6.005  ;   0.584 ; RR ; CELL ; 1      ; FF_X35_Y36_N46      ; rq_rp[0]                                  ;
; 15.792   ; 9.787   ;    ;      ;        ;                     ; data path                                 ;
;   6.005  ;   0.000 ;    ; uTco ; 1      ; FF_X35_Y36_N46      ; rq_rp[0]                                  ;
;   6.005  ;   0.000 ; FF ; CELL ; 221    ; FF_X35_Y36_N46      ; rq_rp[0]|q                                ;
;   7.700  ;   1.695 ; FF ; IC   ; 1      ; LABCELL_X31_Y37_N27 ; Mux158~0|datab                            ;
;   8.258  ;   0.558 ; FF ; CELL ; 1      ; LABCELL_X31_Y37_N27 ; Mux158~0|combout                          ;
;   9.037  ;   0.779 ; FF ; IC   ; 1      ; LABCELL_X35_Y37_N21 ; Mux158~2|datad                            ;
;   9.549  ;   0.512 ; FF ; CELL ; 5      ; LABCELL_X35_Y37_N21 ; Mux158~2|combout                          ;
;   9.749  ;   0.200 ; FF ; IC   ; 1      ; LABCELL_X35_Y37_N33 ; u_sched|Equal37~3|dataa                   ;
;   10.318 ;   0.569 ; FR ; CELL ; 1      ; LABCELL_X35_Y37_N33 ; u_sched|Equal37~3|combout                 ;
;   10.646 ;   0.328 ; RR ; IC   ; 1      ; LABCELL_X36_Y37_N24 ; u_sched|Equal37~4|datab                   ;
;   11.228 ;   0.582 ; RR ; CELL ; 1      ; LABCELL_X36_Y37_N24 ; u_sched|Equal37~4|combout                 ;
;   12.082 ;   0.854 ; RR ; IC   ; 1      ; LABCELL_X36_Y36_N54 ; u_sched|Decoder4~1|datac                  ;
;   12.576 ;   0.494 ; RF ; CELL ; 6      ; LABCELL_X36_Y36_N54 ; u_sched|Decoder4~1|combout                ;
;   14.072 ;   1.496 ; FF ; IC   ; 1      ; LABCELL_X42_Y39_N18 ; u_sched|Decoder4~4|dataf                  ;
;   14.156 ;   0.084 ; FF ; CELL ; 32     ; LABCELL_X42_Y39_N18 ; u_sched|Decoder4~4|combout                ;
;   15.085 ;   0.929 ; FF ; IC   ; 1      ; FF_X46_Y39_N29      ; u_sched|dead_lim[1][1]|sclr               ;
;   15.792 ;   0.707 ; FF ; CELL ; 1      ; FF_X46_Y39_N29      ; zhao_cmd_scheduler:u_sched|dead_lim[1][1] ;
+----------+---------+----+------+--------+---------------------+-------------------------------------------+

+----------------------------------------------------------------------------------------------------------+
; Data Required Path                                                                                       ;
+----------+---------+----+------+--------+--------------------+-------------------------------------------+
; Total    ; Incr    ; RF ; Type ; Fanout ; Location           ; Element                                   ;
+----------+---------+----+------+--------+--------------------+-------------------------------------------+
; 10.000   ; 10.000  ;    ;      ;        ;                    ; latch edge time                           ;
; 15.582   ; 5.582   ;    ;      ;        ;                    ; clock path                                ;
;   10.000 ;   0.000 ;    ;      ;        ;                    ; source latency                            ;
;   10.000 ;   0.000 ;    ;      ; 1      ; LABCELL_X1_Y36_N48 ; gpu_clk                                   ;
;   10.588 ;   0.588 ; RR ; IC   ; 1      ; CLKCTRL_G2         ; gpu_clk~CLKENA0|inclk                     ;
;   10.883 ;   0.295 ; RR ; CELL ; 9151   ; CLKCTRL_G2         ; gpu_clk~CLKENA0|outclk                    ;
;   12.911 ;   2.028 ; RR ; IC   ; 1      ; FF_X46_Y39_N29     ; u_sched|dead_lim[1][1]|clk                ;
;   13.401 ;   0.490 ; RR ; CELL ; 1      ; FF_X46_Y39_N29     ; zhao_cmd_scheduler:u_sched|dead_lim[1][1] ;
;   15.582 ;   2.181 ;    ;      ;        ;                    ; clock pessimism removed                   ;
; 15.522   ; -0.060  ;    ;      ;        ;                    ; clock uncertainty                         ;
; 15.522   ; 0.000   ;    ; uTsu ; 1      ; FF_X46_Y39_N29     ; zhao_cmd_scheduler:u_sched|dead_lim[1][1] ;
+----------+---------+----+------+--------+--------------------+-------------------------------------------+

----------------------------
; Extra Fitter Information ;
----------------------------
HTML report is unavailable in plain text report export.


Path #22: Setup slack is -0.270 (VIOLATED)
===============================================================================
+----------------------------------------------------------------+
; Path Summary                                                   ;
+--------------------+-------------------------------------------+
; Property           ; Value                                     ;
+--------------------+-------------------------------------------+
; From Node          ; rq_rp[0]                                  ;
; To Node            ; zhao_cmd_scheduler:u_sched|dead_lim[1][3] ;
; Launch Clock       ; gpu_clk                                   ;
; Latch Clock        ; gpu_clk                                   ;
; Data Arrival Time  ; 15.792                                    ;
; Data Required Time ; 15.522                                    ;
; Slack              ; -0.270 (VIOLATED)                         ;
+--------------------+-------------------------------------------+

+------------------------------------------------------------------------------------+
; Statistics                                                                         ;
+------------------------+--------+-------+-------------+------------+-------+-------+
; Property               ; Value  ; Count ; Total Delay ; % of Total ; Min   ; Max   ;
+------------------------+--------+-------+-------------+------------+-------+-------+
; Setup Relationship     ; 10.000 ;       ;             ;            ;       ;       ;
; Clock Skew             ; -0.423 ;       ;             ;            ;       ;       ;
; Data Delay             ; 9.787  ;       ;             ;            ;       ;       ;
; Number of Logic Levels ;        ; 6     ;             ;            ;       ;       ;
; Physical Delays        ;        ;       ;             ;            ;       ;       ;
;  Arrival Path          ;        ;       ;             ;            ;       ;       ;
;   Clock                ;        ;       ;             ;            ;       ;       ;
;    IC                  ;        ; 2     ; 5.100       ; 85         ; 2.357 ; 2.743 ;
;    Cell                ;        ; 2     ; 0.905       ; 15         ; 0.321 ; 0.584 ;
;   Data                 ;        ;       ;             ;            ;       ;       ;
;    IC                  ;        ; 7     ; 6.281       ; 64         ; 0.200 ; 1.695 ;
;    Cell                ;        ; 8     ; 3.506       ; 36         ; 0.000 ; 0.707 ;
;    uTco                ;        ; 1     ; 0.000       ; 0          ; 0.000 ; 0.000 ;
;  Required Path         ;        ;       ;             ;            ;       ;       ;
;   Clock                ;        ;       ;             ;            ;       ;       ;
;    IC                  ;        ; 2     ; 2.616       ; 77         ; 0.588 ; 2.028 ;
;    Cell                ;        ; 2     ; 0.785       ; 23         ; 0.295 ; 0.490 ;
+------------------------+--------+-------+-------------+------------+-------+-------+
Note: Negative delays are omitted from totals when calculating percentages

+-----------------------------------------------------------------------------------------------------------+
; Data Arrival Path                                                                                         ;
+----------+---------+----+------+--------+---------------------+-------------------------------------------+
; Total    ; Incr    ; RF ; Type ; Fanout ; Location            ; Element                                   ;
+----------+---------+----+------+--------+---------------------+-------------------------------------------+
; 0.000    ; 0.000   ;    ;      ;        ;                     ; launch edge time                          ;
; 6.005    ; 6.005   ;    ;      ;        ;                     ; clock path                                ;
;   0.000  ;   0.000 ;    ;      ;        ;                     ; source latency                            ;
;   0.000  ;   0.000 ;    ;      ; 1      ; LABCELL_X1_Y36_N48  ; gpu_clk                                   ;
;   2.743  ;   2.743 ; RR ; IC   ; 1      ; CLKCTRL_G2          ; gpu_clk~CLKENA0|inclk                     ;
;   3.064  ;   0.321 ; RR ; CELL ; 9151   ; CLKCTRL_G2          ; gpu_clk~CLKENA0|outclk                    ;
;   5.421  ;   2.357 ; RR ; IC   ; 1      ; FF_X35_Y36_N46      ; rq_rp[0]|clk                              ;
;   6.005  ;   0.584 ; RR ; CELL ; 1      ; FF_X35_Y36_N46      ; rq_rp[0]                                  ;
; 15.792   ; 9.787   ;    ;      ;        ;                     ; data path                                 ;
;   6.005  ;   0.000 ;    ; uTco ; 1      ; FF_X35_Y36_N46      ; rq_rp[0]                                  ;
;   6.005  ;   0.000 ; FF ; CELL ; 221    ; FF_X35_Y36_N46      ; rq_rp[0]|q                                ;
;   7.700  ;   1.695 ; FF ; IC   ; 1      ; LABCELL_X31_Y37_N27 ; Mux158~0|datab                            ;
;   8.258  ;   0.558 ; FF ; CELL ; 1      ; LABCELL_X31_Y37_N27 ; Mux158~0|combout                          ;
;   9.037  ;   0.779 ; FF ; IC   ; 1      ; LABCELL_X35_Y37_N21 ; Mux158~2|datad                            ;
;   9.549  ;   0.512 ; FF ; CELL ; 5      ; LABCELL_X35_Y37_N21 ; Mux158~2|combout                          ;
;   9.749  ;   0.200 ; FF ; IC   ; 1      ; LABCELL_X35_Y37_N33 ; u_sched|Equal37~3|dataa                   ;
;   10.318 ;   0.569 ; FR ; CELL ; 1      ; LABCELL_X35_Y37_N33 ; u_sched|Equal37~3|combout                 ;
;   10.646 ;   0.328 ; RR ; IC   ; 1      ; LABCELL_X36_Y37_N24 ; u_sched|Equal37~4|datab                   ;
;   11.228 ;   0.582 ; RR ; CELL ; 1      ; LABCELL_X36_Y37_N24 ; u_sched|Equal37~4|combout                 ;
;   12.082 ;   0.854 ; RR ; IC   ; 1      ; LABCELL_X36_Y36_N54 ; u_sched|Decoder4~1|datac                  ;
;   12.576 ;   0.494 ; RF ; CELL ; 6      ; LABCELL_X36_Y36_N54 ; u_sched|Decoder4~1|combout                ;
;   14.072 ;   1.496 ; FF ; IC   ; 1      ; LABCELL_X42_Y39_N18 ; u_sched|Decoder4~4|dataf                  ;
;   14.156 ;   0.084 ; FF ; CELL ; 32     ; LABCELL_X42_Y39_N18 ; u_sched|Decoder4~4|combout                ;
;   15.085 ;   0.929 ; FF ; IC   ; 1      ; FF_X46_Y39_N17      ; u_sched|dead_lim[1][3]|sclr               ;
;   15.792 ;   0.707 ; FF ; CELL ; 1      ; FF_X46_Y39_N17      ; zhao_cmd_scheduler:u_sched|dead_lim[1][3] ;
+----------+---------+----+------+--------+---------------------+-------------------------------------------+

+----------------------------------------------------------------------------------------------------------+
; Data Required Path                                                                                       ;
+----------+---------+----+------+--------+--------------------+-------------------------------------------+
; Total    ; Incr    ; RF ; Type ; Fanout ; Location           ; Element                                   ;
+----------+---------+----+------+--------+--------------------+-------------------------------------------+
; 10.000   ; 10.000  ;    ;      ;        ;                    ; latch edge time                           ;
; 15.582   ; 5.582   ;    ;      ;        ;                    ; clock path                                ;
;   10.000 ;   0.000 ;    ;      ;        ;                    ; source latency                            ;
;   10.000 ;   0.000 ;    ;      ; 1      ; LABCELL_X1_Y36_N48 ; gpu_clk                                   ;
;   10.588 ;   0.588 ; RR ; IC   ; 1      ; CLKCTRL_G2         ; gpu_clk~CLKENA0|inclk                     ;
;   10.883 ;   0.295 ; RR ; CELL ; 9151   ; CLKCTRL_G2         ; gpu_clk~CLKENA0|outclk                    ;
;   12.911 ;   2.028 ; RR ; IC   ; 1      ; FF_X46_Y39_N17     ; u_sched|dead_lim[1][3]|clk                ;
;   13.401 ;   0.490 ; RR ; CELL ; 1      ; FF_X46_Y39_N17     ; zhao_cmd_scheduler:u_sched|dead_lim[1][3] ;
;   15.582 ;   2.181 ;    ;      ;        ;                    ; clock pessimism removed                   ;
; 15.522   ; -0.060  ;    ;      ;        ;                    ; clock uncertainty                         ;
; 15.522   ; 0.000   ;    ; uTsu ; 1      ; FF_X46_Y39_N17     ; zhao_cmd_scheduler:u_sched|dead_lim[1][3] ;
+----------+---------+----+------+--------+--------------------+-------------------------------------------+

----------------------------
; Extra Fitter Information ;
----------------------------
HTML report is unavailable in plain text report export.


Path #23: Setup slack is -0.270 (VIOLATED)
===============================================================================
+----------------------------------------------------------------+
; Path Summary                                                   ;
+--------------------+-------------------------------------------+
; Property           ; Value                                     ;
+--------------------+-------------------------------------------+
; From Node          ; rq_rp[0]                                  ;
; To Node            ; zhao_cmd_scheduler:u_sched|dead_lim[1][6] ;
; Launch Clock       ; gpu_clk                                   ;
; Latch Clock        ; gpu_clk                                   ;
; Data Arrival Time  ; 15.790                                    ;
; Data Required Time ; 15.520                                    ;
; Slack              ; -0.270 (VIOLATED)                         ;
+--------------------+-------------------------------------------+

+------------------------------------------------------------------------------------+
; Statistics                                                                         ;
+------------------------+--------+-------+-------------+------------+-------+-------+
; Property               ; Value  ; Count ; Total Delay ; % of Total ; Min   ; Max   ;
+------------------------+--------+-------+-------------+------------+-------+-------+
; Setup Relationship     ; 10.000 ;       ;             ;            ;       ;       ;
; Clock Skew             ; -0.425 ;       ;             ;            ;       ;       ;
; Data Delay             ; 9.785  ;       ;             ;            ;       ;       ;
; Number of Logic Levels ;        ; 6     ;             ;            ;       ;       ;
; Physical Delays        ;        ;       ;             ;            ;       ;       ;
;  Arrival Path          ;        ;       ;             ;            ;       ;       ;
;   Clock                ;        ;       ;             ;            ;       ;       ;
;    IC                  ;        ; 2     ; 5.100       ; 85         ; 2.357 ; 2.743 ;
;    Cell                ;        ; 2     ; 0.905       ; 15         ; 0.321 ; 0.584 ;
;   Data                 ;        ;       ;             ;            ;       ;       ;
;    IC                  ;        ; 7     ; 6.281       ; 64         ; 0.200 ; 1.695 ;
;    Cell                ;        ; 8     ; 3.504       ; 36         ; 0.000 ; 0.705 ;
;    uTco                ;        ; 1     ; 0.000       ; 0          ; 0.000 ; 0.000 ;
;  Required Path         ;        ;       ;             ;            ;       ;       ;
;   Clock                ;        ;       ;             ;            ;       ;       ;
;    IC                  ;        ; 2     ; 2.616       ; 77         ; 0.588 ; 2.028 ;
;    Cell                ;        ; 2     ; 0.783       ; 23         ; 0.295 ; 0.488 ;
+------------------------+--------+-------+-------------+------------+-------+-------+
Note: Negative delays are omitted from totals when calculating percentages

+-----------------------------------------------------------------------------------------------------------+
; Data Arrival Path                                                                                         ;
+----------+---------+----+------+--------+---------------------+-------------------------------------------+
; Total    ; Incr    ; RF ; Type ; Fanout ; Location            ; Element                                   ;
+----------+---------+----+------+--------+---------------------+-------------------------------------------+
; 0.000    ; 0.000   ;    ;      ;        ;                     ; launch edge time                          ;
; 6.005    ; 6.005   ;    ;      ;        ;                     ; clock path                                ;
;   0.000  ;   0.000 ;    ;      ;        ;                     ; source latency                            ;
;   0.000  ;   0.000 ;    ;      ; 1      ; LABCELL_X1_Y36_N48  ; gpu_clk                                   ;
;   2.743  ;   2.743 ; RR ; IC   ; 1      ; CLKCTRL_G2          ; gpu_clk~CLKENA0|inclk                     ;
;   3.064  ;   0.321 ; RR ; CELL ; 9151   ; CLKCTRL_G2          ; gpu_clk~CLKENA0|outclk                    ;
;   5.421  ;   2.357 ; RR ; IC   ; 1      ; FF_X35_Y36_N46      ; rq_rp[0]|clk                              ;
;   6.005  ;   0.584 ; RR ; CELL ; 1      ; FF_X35_Y36_N46      ; rq_rp[0]                                  ;
; 15.790   ; 9.785   ;    ;      ;        ;                     ; data path                                 ;
;   6.005  ;   0.000 ;    ; uTco ; 1      ; FF_X35_Y36_N46      ; rq_rp[0]                                  ;
;   6.005  ;   0.000 ; FF ; CELL ; 221    ; FF_X35_Y36_N46      ; rq_rp[0]|q                                ;
;   7.700  ;   1.695 ; FF ; IC   ; 1      ; LABCELL_X31_Y37_N27 ; Mux158~0|datab                            ;
;   8.258  ;   0.558 ; FF ; CELL ; 1      ; LABCELL_X31_Y37_N27 ; Mux158~0|combout                          ;
;   9.037  ;   0.779 ; FF ; IC   ; 1      ; LABCELL_X35_Y37_N21 ; Mux158~2|datad                            ;
;   9.549  ;   0.512 ; FF ; CELL ; 5      ; LABCELL_X35_Y37_N21 ; Mux158~2|combout                          ;
;   9.749  ;   0.200 ; FF ; IC   ; 1      ; LABCELL_X35_Y37_N33 ; u_sched|Equal37~3|dataa                   ;
;   10.318 ;   0.569 ; FR ; CELL ; 1      ; LABCELL_X35_Y37_N33 ; u_sched|Equal37~3|combout                 ;
;   10.646 ;   0.328 ; RR ; IC   ; 1      ; LABCELL_X36_Y37_N24 ; u_sched|Equal37~4|datab                   ;
;   11.228 ;   0.582 ; RR ; CELL ; 1      ; LABCELL_X36_Y37_N24 ; u_sched|Equal37~4|combout                 ;
;   12.082 ;   0.854 ; RR ; IC   ; 1      ; LABCELL_X36_Y36_N54 ; u_sched|Decoder4~1|datac                  ;
;   12.576 ;   0.494 ; RF ; CELL ; 6      ; LABCELL_X36_Y36_N54 ; u_sched|Decoder4~1|combout                ;
;   14.072 ;   1.496 ; FF ; IC   ; 1      ; LABCELL_X42_Y39_N18 ; u_sched|Decoder4~4|dataf                  ;
;   14.156 ;   0.084 ; FF ; CELL ; 32     ; LABCELL_X42_Y39_N18 ; u_sched|Decoder4~4|combout                ;
;   15.085 ;   0.929 ; FF ; IC   ; 1      ; FF_X46_Y39_N55      ; u_sched|dead_lim[1][6]|sclr               ;
;   15.790 ;   0.705 ; FF ; CELL ; 1      ; FF_X46_Y39_N55      ; zhao_cmd_scheduler:u_sched|dead_lim[1][6] ;
+----------+---------+----+------+--------+---------------------+-------------------------------------------+

+----------------------------------------------------------------------------------------------------------+
; Data Required Path                                                                                       ;
+----------+---------+----+------+--------+--------------------+-------------------------------------------+
; Total    ; Incr    ; RF ; Type ; Fanout ; Location           ; Element                                   ;
+----------+---------+----+------+--------+--------------------+-------------------------------------------+
; 10.000   ; 10.000  ;    ;      ;        ;                    ; latch edge time                           ;
; 15.580   ; 5.580   ;    ;      ;        ;                    ; clock path                                ;
;   10.000 ;   0.000 ;    ;      ;        ;                    ; source latency                            ;
;   10.000 ;   0.000 ;    ;      ; 1      ; LABCELL_X1_Y36_N48 ; gpu_clk                                   ;
;   10.588 ;   0.588 ; RR ; IC   ; 1      ; CLKCTRL_G2         ; gpu_clk~CLKENA0|inclk                     ;
;   10.883 ;   0.295 ; RR ; CELL ; 9151   ; CLKCTRL_G2         ; gpu_clk~CLKENA0|outclk                    ;
;   12.911 ;   2.028 ; RR ; IC   ; 1      ; FF_X46_Y39_N55     ; u_sched|dead_lim[1][6]|clk                ;
;   13.399 ;   0.488 ; RR ; CELL ; 1      ; FF_X46_Y39_N55     ; zhao_cmd_scheduler:u_sched|dead_lim[1][6] ;
;   15.580 ;   2.181 ;    ;      ;        ;                    ; clock pessimism removed                   ;
; 15.520   ; -0.060  ;    ;      ;        ;                    ; clock uncertainty                         ;
; 15.520   ; 0.000   ;    ; uTsu ; 1      ; FF_X46_Y39_N55     ; zhao_cmd_scheduler:u_sched|dead_lim[1][6] ;
+----------+---------+----+------+--------+--------------------+-------------------------------------------+

----------------------------
; Extra Fitter Information ;
----------------------------
HTML report is unavailable in plain text report export.


Path #24: Setup slack is -0.270 (VIOLATED)
===============================================================================
+----------------------------------------------------------------+
; Path Summary                                                   ;
+--------------------+-------------------------------------------+
; Property           ; Value                                     ;
+--------------------+-------------------------------------------+
; From Node          ; rq_rp[0]                                  ;
; To Node            ; zhao_cmd_scheduler:u_sched|dead_lim[1][5] ;
; Launch Clock       ; gpu_clk                                   ;
; Latch Clock        ; gpu_clk                                   ;
; Data Arrival Time  ; 15.790                                    ;
; Data Required Time ; 15.520                                    ;
; Slack              ; -0.270 (VIOLATED)                         ;
+--------------------+-------------------------------------------+

+------------------------------------------------------------------------------------+
; Statistics                                                                         ;
+------------------------+--------+-------+-------------+------------+-------+-------+
; Property               ; Value  ; Count ; Total Delay ; % of Total ; Min   ; Max   ;
+------------------------+--------+-------+-------------+------------+-------+-------+
; Setup Relationship     ; 10.000 ;       ;             ;            ;       ;       ;
; Clock Skew             ; -0.425 ;       ;             ;            ;       ;       ;
; Data Delay             ; 9.785  ;       ;             ;            ;       ;       ;
; Number of Logic Levels ;        ; 6     ;             ;            ;       ;       ;
; Physical Delays        ;        ;       ;             ;            ;       ;       ;
;  Arrival Path          ;        ;       ;             ;            ;       ;       ;
;   Clock                ;        ;       ;             ;            ;       ;       ;
;    IC                  ;        ; 2     ; 5.100       ; 85         ; 2.357 ; 2.743 ;
;    Cell                ;        ; 2     ; 0.905       ; 15         ; 0.321 ; 0.584 ;
;   Data                 ;        ;       ;             ;            ;       ;       ;
;    IC                  ;        ; 7     ; 6.281       ; 64         ; 0.200 ; 1.695 ;
;    Cell                ;        ; 8     ; 3.504       ; 36         ; 0.000 ; 0.705 ;
;    uTco                ;        ; 1     ; 0.000       ; 0          ; 0.000 ; 0.000 ;
;  Required Path         ;        ;       ;             ;            ;       ;       ;
;   Clock                ;        ;       ;             ;            ;       ;       ;
;    IC                  ;        ; 2     ; 2.616       ; 77         ; 0.588 ; 2.028 ;
;    Cell                ;        ; 2     ; 0.783       ; 23         ; 0.295 ; 0.488 ;
+------------------------+--------+-------+-------------+------------+-------+-------+
Note: Negative delays are omitted from totals when calculating percentages

+-----------------------------------------------------------------------------------------------------------+
; Data Arrival Path                                                                                         ;
+----------+---------+----+------+--------+---------------------+-------------------------------------------+
; Total    ; Incr    ; RF ; Type ; Fanout ; Location            ; Element                                   ;
+----------+---------+----+------+--------+---------------------+-------------------------------------------+
; 0.000    ; 0.000   ;    ;      ;        ;                     ; launch edge time                          ;
; 6.005    ; 6.005   ;    ;      ;        ;                     ; clock path                                ;
;   0.000  ;   0.000 ;    ;      ;        ;                     ; source latency                            ;
;   0.000  ;   0.000 ;    ;      ; 1      ; LABCELL_X1_Y36_N48  ; gpu_clk                                   ;
;   2.743  ;   2.743 ; RR ; IC   ; 1      ; CLKCTRL_G2          ; gpu_clk~CLKENA0|inclk                     ;
;   3.064  ;   0.321 ; RR ; CELL ; 9151   ; CLKCTRL_G2          ; gpu_clk~CLKENA0|outclk                    ;
;   5.421  ;   2.357 ; RR ; IC   ; 1      ; FF_X35_Y36_N46      ; rq_rp[0]|clk                              ;
;   6.005  ;   0.584 ; RR ; CELL ; 1      ; FF_X35_Y36_N46      ; rq_rp[0]                                  ;
; 15.790   ; 9.785   ;    ;      ;        ;                     ; data path                                 ;
;   6.005  ;   0.000 ;    ; uTco ; 1      ; FF_X35_Y36_N46      ; rq_rp[0]                                  ;
;   6.005  ;   0.000 ; FF ; CELL ; 221    ; FF_X35_Y36_N46      ; rq_rp[0]|q                                ;
;   7.700  ;   1.695 ; FF ; IC   ; 1      ; LABCELL_X31_Y37_N27 ; Mux158~0|datab                            ;
;   8.258  ;   0.558 ; FF ; CELL ; 1      ; LABCELL_X31_Y37_N27 ; Mux158~0|combout                          ;
;   9.037  ;   0.779 ; FF ; IC   ; 1      ; LABCELL_X35_Y37_N21 ; Mux158~2|datad                            ;
;   9.549  ;   0.512 ; FF ; CELL ; 5      ; LABCELL_X35_Y37_N21 ; Mux158~2|combout                          ;
;   9.749  ;   0.200 ; FF ; IC   ; 1      ; LABCELL_X35_Y37_N33 ; u_sched|Equal37~3|dataa                   ;
;   10.318 ;   0.569 ; FR ; CELL ; 1      ; LABCELL_X35_Y37_N33 ; u_sched|Equal37~3|combout                 ;
;   10.646 ;   0.328 ; RR ; IC   ; 1      ; LABCELL_X36_Y37_N24 ; u_sched|Equal37~4|datab                   ;
;   11.228 ;   0.582 ; RR ; CELL ; 1      ; LABCELL_X36_Y37_N24 ; u_sched|Equal37~4|combout                 ;
;   12.082 ;   0.854 ; RR ; IC   ; 1      ; LABCELL_X36_Y36_N54 ; u_sched|Decoder4~1|datac                  ;
;   12.576 ;   0.494 ; RF ; CELL ; 6      ; LABCELL_X36_Y36_N54 ; u_sched|Decoder4~1|combout                ;
;   14.072 ;   1.496 ; FF ; IC   ; 1      ; LABCELL_X42_Y39_N18 ; u_sched|Decoder4~4|dataf                  ;
;   14.156 ;   0.084 ; FF ; CELL ; 32     ; LABCELL_X42_Y39_N18 ; u_sched|Decoder4~4|combout                ;
;   15.085 ;   0.929 ; FF ; IC   ; 1      ; FF_X46_Y39_N49      ; u_sched|dead_lim[1][5]|sclr               ;
;   15.790 ;   0.705 ; FF ; CELL ; 1      ; FF_X46_Y39_N49      ; zhao_cmd_scheduler:u_sched|dead_lim[1][5] ;
+----------+---------+----+------+--------+---------------------+-------------------------------------------+

+----------------------------------------------------------------------------------------------------------+
; Data Required Path                                                                                       ;
+----------+---------+----+------+--------+--------------------+-------------------------------------------+
; Total    ; Incr    ; RF ; Type ; Fanout ; Location           ; Element                                   ;
+----------+---------+----+------+--------+--------------------+-------------------------------------------+
; 10.000   ; 10.000  ;    ;      ;        ;                    ; latch edge time                           ;
; 15.580   ; 5.580   ;    ;      ;        ;                    ; clock path                                ;
;   10.000 ;   0.000 ;    ;      ;        ;                    ; source latency                            ;
;   10.000 ;   0.000 ;    ;      ; 1      ; LABCELL_X1_Y36_N48 ; gpu_clk                                   ;
;   10.588 ;   0.588 ; RR ; IC   ; 1      ; CLKCTRL_G2         ; gpu_clk~CLKENA0|inclk                     ;
;   10.883 ;   0.295 ; RR ; CELL ; 9151   ; CLKCTRL_G2         ; gpu_clk~CLKENA0|outclk                    ;
;   12.911 ;   2.028 ; RR ; IC   ; 1      ; FF_X46_Y39_N49     ; u_sched|dead_lim[1][5]|clk                ;
;   13.399 ;   0.488 ; RR ; CELL ; 1      ; FF_X46_Y39_N49     ; zhao_cmd_scheduler:u_sched|dead_lim[1][5] ;
;   15.580 ;   2.181 ;    ;      ;        ;                    ; clock pessimism removed                   ;
; 15.520   ; -0.060  ;    ;      ;        ;                    ; clock uncertainty                         ;
; 15.520   ; 0.000   ;    ; uTsu ; 1      ; FF_X46_Y39_N49     ; zhao_cmd_scheduler:u_sched|dead_lim[1][5] ;
+----------+---------+----+------+--------+--------------------+-------------------------------------------+

----------------------------
; Extra Fitter Information ;
----------------------------
HTML report is unavailable in plain text report export.


Path #25: Setup slack is -0.251 (VIOLATED)
===============================================================================
+-----------------------------------------------------------------+
; Path Summary                                                    ;
+--------------------+--------------------------------------------+
; Property           ; Value                                      ;
+--------------------+--------------------------------------------+
; From Node          ; rq_rp[0]                                   ;
; To Node            ; zhao_cmd_scheduler:u_sched|dead_lim[1][22] ;
; Launch Clock       ; gpu_clk                                    ;
; Latch Clock        ; gpu_clk                                    ;
; Data Arrival Time  ; 15.767                                     ;
; Data Required Time ; 15.516                                     ;
; Slack              ; -0.251 (VIOLATED)                          ;
+--------------------+--------------------------------------------+

+------------------------------------------------------------------------------------+
; Statistics                                                                         ;
+------------------------+--------+-------+-------------+------------+-------+-------+
; Property               ; Value  ; Count ; Total Delay ; % of Total ; Min   ; Max   ;
+------------------------+--------+-------+-------------+------------+-------+-------+
; Setup Relationship     ; 10.000 ;       ;             ;            ;       ;       ;
; Clock Skew             ; -0.429 ;       ;             ;            ;       ;       ;
; Data Delay             ; 9.762  ;       ;             ;            ;       ;       ;
; Number of Logic Levels ;        ; 6     ;             ;            ;       ;       ;
; Physical Delays        ;        ;       ;             ;            ;       ;       ;
;  Arrival Path          ;        ;       ;             ;            ;       ;       ;
;   Clock                ;        ;       ;             ;            ;       ;       ;
;    IC                  ;        ; 2     ; 5.100       ; 85         ; 2.357 ; 2.743 ;
;    Cell                ;        ; 2     ; 0.905       ; 15         ; 0.321 ; 0.584 ;
;   Data                 ;        ;       ;             ;            ;       ;       ;
;    IC                  ;        ; 7     ; 6.256       ; 64         ; 0.200 ; 1.695 ;
;    Cell                ;        ; 8     ; 3.506       ; 36         ; 0.000 ; 0.707 ;
;    uTco                ;        ; 1     ; 0.000       ; 0          ; 0.000 ; 0.000 ;
;  Required Path         ;        ;       ;             ;            ;       ;       ;
;   Clock                ;        ;       ;             ;            ;       ;       ;
;    IC                  ;        ; 2     ; 2.616       ; 77         ; 0.588 ; 2.028 ;
;    Cell                ;        ; 2     ; 0.779       ; 23         ; 0.295 ; 0.484 ;
+------------------------+--------+-------+-------------+------------+-------+-------+
Note: Negative delays are omitted from totals when calculating percentages

+------------------------------------------------------------------------------------------------------------+
; Data Arrival Path                                                                                          ;
+----------+---------+----+------+--------+---------------------+--------------------------------------------+
; Total    ; Incr    ; RF ; Type ; Fanout ; Location            ; Element                                    ;
+----------+---------+----+------+--------+---------------------+--------------------------------------------+
; 0.000    ; 0.000   ;    ;      ;        ;                     ; launch edge time                           ;
; 6.005    ; 6.005   ;    ;      ;        ;                     ; clock path                                 ;
;   0.000  ;   0.000 ;    ;      ;        ;                     ; source latency                             ;
;   0.000  ;   0.000 ;    ;      ; 1      ; LABCELL_X1_Y36_N48  ; gpu_clk                                    ;
;   2.743  ;   2.743 ; RR ; IC   ; 1      ; CLKCTRL_G2          ; gpu_clk~CLKENA0|inclk                      ;
;   3.064  ;   0.321 ; RR ; CELL ; 9151   ; CLKCTRL_G2          ; gpu_clk~CLKENA0|outclk                     ;
;   5.421  ;   2.357 ; RR ; IC   ; 1      ; FF_X35_Y36_N46      ; rq_rp[0]|clk                               ;
;   6.005  ;   0.584 ; RR ; CELL ; 1      ; FF_X35_Y36_N46      ; rq_rp[0]                                   ;
; 15.767   ; 9.762   ;    ;      ;        ;                     ; data path                                  ;
;   6.005  ;   0.000 ;    ; uTco ; 1      ; FF_X35_Y36_N46      ; rq_rp[0]                                   ;
;   6.005  ;   0.000 ; FF ; CELL ; 221    ; FF_X35_Y36_N46      ; rq_rp[0]|q                                 ;
;   7.700  ;   1.695 ; FF ; IC   ; 1      ; LABCELL_X31_Y37_N27 ; Mux158~0|datab                             ;
;   8.258  ;   0.558 ; FF ; CELL ; 1      ; LABCELL_X31_Y37_N27 ; Mux158~0|combout                           ;
;   9.037  ;   0.779 ; FF ; IC   ; 1      ; LABCELL_X35_Y37_N21 ; Mux158~2|datad                             ;
;   9.549  ;   0.512 ; FF ; CELL ; 5      ; LABCELL_X35_Y37_N21 ; Mux158~2|combout                           ;
;   9.749  ;   0.200 ; FF ; IC   ; 1      ; LABCELL_X35_Y37_N33 ; u_sched|Equal37~3|dataa                    ;
;   10.318 ;   0.569 ; FR ; CELL ; 1      ; LABCELL_X35_Y37_N33 ; u_sched|Equal37~3|combout                  ;
;   10.646 ;   0.328 ; RR ; IC   ; 1      ; LABCELL_X36_Y37_N24 ; u_sched|Equal37~4|datab                    ;
;   11.228 ;   0.582 ; RR ; CELL ; 1      ; LABCELL_X36_Y37_N24 ; u_sched|Equal37~4|combout                  ;
;   12.082 ;   0.854 ; RR ; IC   ; 1      ; LABCELL_X36_Y36_N54 ; u_sched|Decoder4~1|datac                   ;
;   12.576 ;   0.494 ; RF ; CELL ; 6      ; LABCELL_X36_Y36_N54 ; u_sched|Decoder4~1|combout                 ;
;   14.072 ;   1.496 ; FF ; IC   ; 1      ; LABCELL_X42_Y39_N18 ; u_sched|Decoder4~4|dataf                   ;
;   14.156 ;   0.084 ; FF ; CELL ; 32     ; LABCELL_X42_Y39_N18 ; u_sched|Decoder4~4|combout                 ;
;   15.060 ;   0.904 ; FF ; IC   ; 1      ; FF_X45_Y39_N8       ; u_sched|dead_lim[1][22]|sclr               ;
;   15.767 ;   0.707 ; FF ; CELL ; 1      ; FF_X45_Y39_N8       ; zhao_cmd_scheduler:u_sched|dead_lim[1][22] ;
+----------+---------+----+------+--------+---------------------+--------------------------------------------+

+-----------------------------------------------------------------------------------------------------------+
; Data Required Path                                                                                        ;
+----------+---------+----+------+--------+--------------------+--------------------------------------------+
; Total    ; Incr    ; RF ; Type ; Fanout ; Location           ; Element                                    ;
+----------+---------+----+------+--------+--------------------+--------------------------------------------+
; 10.000   ; 10.000  ;    ;      ;        ;                    ; latch edge time                            ;
; 15.576   ; 5.576   ;    ;      ;        ;                    ; clock path                                 ;
;   10.000 ;   0.000 ;    ;      ;        ;                    ; source latency                             ;
;   10.000 ;   0.000 ;    ;      ; 1      ; LABCELL_X1_Y36_N48 ; gpu_clk                                    ;
;   10.588 ;   0.588 ; RR ; IC   ; 1      ; CLKCTRL_G2         ; gpu_clk~CLKENA0|inclk                      ;
;   10.883 ;   0.295 ; RR ; CELL ; 9151   ; CLKCTRL_G2         ; gpu_clk~CLKENA0|outclk                     ;
;   12.911 ;   2.028 ; RR ; IC   ; 1      ; FF_X45_Y39_N8      ; u_sched|dead_lim[1][22]|clk                ;
;   13.395 ;   0.484 ; RR ; CELL ; 1      ; FF_X45_Y39_N8      ; zhao_cmd_scheduler:u_sched|dead_lim[1][22] ;
;   15.576 ;   2.181 ;    ;      ;        ;                    ; clock pessimism removed                    ;
; 15.516   ; -0.060  ;    ;      ;        ;                    ; clock uncertainty                          ;
; 15.516   ; 0.000   ;    ; uTsu ; 1      ; FF_X45_Y39_N8      ; zhao_cmd_scheduler:u_sched|dead_lim[1][22] ;
+----------+---------+----+------+--------+--------------------+--------------------------------------------+

----------------------------
; Extra Fitter Information ;
----------------------------
HTML report is unavailable in plain text report export.


Path #26: Setup slack is -0.251 (VIOLATED)
===============================================================================
+-----------------------------------------------------------------+
; Path Summary                                                    ;
+--------------------+--------------------------------------------+
; Property           ; Value                                      ;
+--------------------+--------------------------------------------+
; From Node          ; rq_rp[0]                                   ;
; To Node            ; zhao_cmd_scheduler:u_sched|dead_lim[1][31] ;
; Launch Clock       ; gpu_clk                                    ;
; Latch Clock        ; gpu_clk                                    ;
; Data Arrival Time  ; 15.767                                     ;
; Data Required Time ; 15.516                                     ;
; Slack              ; -0.251 (VIOLATED)                          ;
+--------------------+--------------------------------------------+

+------------------------------------------------------------------------------------+
; Statistics                                                                         ;
+------------------------+--------+-------+-------------+------------+-------+-------+
; Property               ; Value  ; Count ; Total Delay ; % of Total ; Min   ; Max   ;
+------------------------+--------+-------+-------------+------------+-------+-------+
; Setup Relationship     ; 10.000 ;       ;             ;            ;       ;       ;
; Clock Skew             ; -0.429 ;       ;             ;            ;       ;       ;
; Data Delay             ; 9.762  ;       ;             ;            ;       ;       ;
; Number of Logic Levels ;        ; 6     ;             ;            ;       ;       ;
; Physical Delays        ;        ;       ;             ;            ;       ;       ;
;  Arrival Path          ;        ;       ;             ;            ;       ;       ;
;   Clock                ;        ;       ;             ;            ;       ;       ;
;    IC                  ;        ; 2     ; 5.100       ; 85         ; 2.357 ; 2.743 ;
;    Cell                ;        ; 2     ; 0.905       ; 15         ; 0.321 ; 0.584 ;
;   Data                 ;        ;       ;             ;            ;       ;       ;
;    IC                  ;        ; 7     ; 6.256       ; 64         ; 0.200 ; 1.695 ;
;    Cell                ;        ; 8     ; 3.506       ; 36         ; 0.000 ; 0.707 ;
;    uTco                ;        ; 1     ; 0.000       ; 0          ; 0.000 ; 0.000 ;
;  Required Path         ;        ;       ;             ;            ;       ;       ;
;   Clock                ;        ;       ;             ;            ;       ;       ;
;    IC                  ;        ; 2     ; 2.616       ; 77         ; 0.588 ; 2.028 ;
;    Cell                ;        ; 2     ; 0.779       ; 23         ; 0.295 ; 0.484 ;
+------------------------+--------+-------+-------------+------------+-------+-------+
Note: Negative delays are omitted from totals when calculating percentages

+------------------------------------------------------------------------------------------------------------+
; Data Arrival Path                                                                                          ;
+----------+---------+----+------+--------+---------------------+--------------------------------------------+
; Total    ; Incr    ; RF ; Type ; Fanout ; Location            ; Element                                    ;
+----------+---------+----+------+--------+---------------------+--------------------------------------------+
; 0.000    ; 0.000   ;    ;      ;        ;                     ; launch edge time                           ;
; 6.005    ; 6.005   ;    ;      ;        ;                     ; clock path                                 ;
;   0.000  ;   0.000 ;    ;      ;        ;                     ; source latency                             ;
;   0.000  ;   0.000 ;    ;      ; 1      ; LABCELL_X1_Y36_N48  ; gpu_clk                                    ;
;   2.743  ;   2.743 ; RR ; IC   ; 1      ; CLKCTRL_G2          ; gpu_clk~CLKENA0|inclk                      ;
;   3.064  ;   0.321 ; RR ; CELL ; 9151   ; CLKCTRL_G2          ; gpu_clk~CLKENA0|outclk                     ;
;   5.421  ;   2.357 ; RR ; IC   ; 1      ; FF_X35_Y36_N46      ; rq_rp[0]|clk                               ;
;   6.005  ;   0.584 ; RR ; CELL ; 1      ; FF_X35_Y36_N46      ; rq_rp[0]                                   ;
; 15.767   ; 9.762   ;    ;      ;        ;                     ; data path                                  ;
;   6.005  ;   0.000 ;    ; uTco ; 1      ; FF_X35_Y36_N46      ; rq_rp[0]                                   ;
;   6.005  ;   0.000 ; FF ; CELL ; 221    ; FF_X35_Y36_N46      ; rq_rp[0]|q                                 ;
;   7.700  ;   1.695 ; FF ; IC   ; 1      ; LABCELL_X31_Y37_N27 ; Mux158~0|datab                             ;
;   8.258  ;   0.558 ; FF ; CELL ; 1      ; LABCELL_X31_Y37_N27 ; Mux158~0|combout                           ;
;   9.037  ;   0.779 ; FF ; IC   ; 1      ; LABCELL_X35_Y37_N21 ; Mux158~2|datad                             ;
;   9.549  ;   0.512 ; FF ; CELL ; 5      ; LABCELL_X35_Y37_N21 ; Mux158~2|combout                           ;
;   9.749  ;   0.200 ; FF ; IC   ; 1      ; LABCELL_X35_Y37_N33 ; u_sched|Equal37~3|dataa                    ;
;   10.318 ;   0.569 ; FR ; CELL ; 1      ; LABCELL_X35_Y37_N33 ; u_sched|Equal37~3|combout                  ;
;   10.646 ;   0.328 ; RR ; IC   ; 1      ; LABCELL_X36_Y37_N24 ; u_sched|Equal37~4|datab                    ;
;   11.228 ;   0.582 ; RR ; CELL ; 1      ; LABCELL_X36_Y37_N24 ; u_sched|Equal37~4|combout                  ;
;   12.082 ;   0.854 ; RR ; IC   ; 1      ; LABCELL_X36_Y36_N54 ; u_sched|Decoder4~1|datac                   ;
;   12.576 ;   0.494 ; RF ; CELL ; 6      ; LABCELL_X36_Y36_N54 ; u_sched|Decoder4~1|combout                 ;
;   14.072 ;   1.496 ; FF ; IC   ; 1      ; LABCELL_X42_Y39_N18 ; u_sched|Decoder4~4|dataf                   ;
;   14.156 ;   0.084 ; FF ; CELL ; 32     ; LABCELL_X42_Y39_N18 ; u_sched|Decoder4~4|combout                 ;
;   15.060 ;   0.904 ; FF ; IC   ; 1      ; FF_X45_Y39_N38      ; u_sched|dead_lim[1][31]|sclr               ;
;   15.767 ;   0.707 ; FF ; CELL ; 1      ; FF_X45_Y39_N38      ; zhao_cmd_scheduler:u_sched|dead_lim[1][31] ;
+----------+---------+----+------+--------+---------------------+--------------------------------------------+

+-----------------------------------------------------------------------------------------------------------+
; Data Required Path                                                                                        ;
+----------+---------+----+------+--------+--------------------+--------------------------------------------+
; Total    ; Incr    ; RF ; Type ; Fanout ; Location           ; Element                                    ;
+----------+---------+----+------+--------+--------------------+--------------------------------------------+
; 10.000   ; 10.000  ;    ;      ;        ;                    ; latch edge time                            ;
; 15.576   ; 5.576   ;    ;      ;        ;                    ; clock path                                 ;
;   10.000 ;   0.000 ;    ;      ;        ;                    ; source latency                             ;
;   10.000 ;   0.000 ;    ;      ; 1      ; LABCELL_X1_Y36_N48 ; gpu_clk                                    ;
;   10.588 ;   0.588 ; RR ; IC   ; 1      ; CLKCTRL_G2         ; gpu_clk~CLKENA0|inclk                      ;
;   10.883 ;   0.295 ; RR ; CELL ; 9151   ; CLKCTRL_G2         ; gpu_clk~CLKENA0|outclk                     ;
;   12.911 ;   2.028 ; RR ; IC   ; 1      ; FF_X45_Y39_N38     ; u_sched|dead_lim[1][31]|clk                ;
;   13.395 ;   0.484 ; RR ; CELL ; 1      ; FF_X45_Y39_N38     ; zhao_cmd_scheduler:u_sched|dead_lim[1][31] ;
;   15.576 ;   2.181 ;    ;      ;        ;                    ; clock pessimism removed                    ;
; 15.516   ; -0.060  ;    ;      ;        ;                    ; clock uncertainty                          ;
; 15.516   ; 0.000   ;    ; uTsu ; 1      ; FF_X45_Y39_N38     ; zhao_cmd_scheduler:u_sched|dead_lim[1][31] ;
+----------+---------+----+------+--------+--------------------+--------------------------------------------+

----------------------------
; Extra Fitter Information ;
----------------------------
HTML report is unavailable in plain text report export.


Path #27: Setup slack is -0.245 (VIOLATED)
===============================================================================
+-----------------------------------------------------------------+
; Path Summary                                                    ;
+--------------------+--------------------------------------------+
; Property           ; Value                                      ;
+--------------------+--------------------------------------------+
; From Node          ; rq_rp[0]                                   ;
; To Node            ; zhao_cmd_scheduler:u_sched|dead_lim[1][23] ;
; Launch Clock       ; gpu_clk                                    ;
; Latch Clock        ; gpu_clk                                    ;
; Data Arrival Time  ; 15.765                                     ;
; Data Required Time ; 15.520                                     ;
; Slack              ; -0.245 (VIOLATED)                          ;
+--------------------+--------------------------------------------+

+------------------------------------------------------------------------------------+
; Statistics                                                                         ;
+------------------------+--------+-------+-------------+------------+-------+-------+
; Property               ; Value  ; Count ; Total Delay ; % of Total ; Min   ; Max   ;
+------------------------+--------+-------+-------------+------------+-------+-------+
; Setup Relationship     ; 10.000 ;       ;             ;            ;       ;       ;
; Clock Skew             ; -0.425 ;       ;             ;            ;       ;       ;
; Data Delay             ; 9.760  ;       ;             ;            ;       ;       ;
; Number of Logic Levels ;        ; 6     ;             ;            ;       ;       ;
; Physical Delays        ;        ;       ;             ;            ;       ;       ;
;  Arrival Path          ;        ;       ;             ;            ;       ;       ;
;   Clock                ;        ;       ;             ;            ;       ;       ;
;    IC                  ;        ; 2     ; 5.100       ; 85         ; 2.357 ; 2.743 ;
;    Cell                ;        ; 2     ; 0.905       ; 15         ; 0.321 ; 0.584 ;
;   Data                 ;        ;       ;             ;            ;       ;       ;
;    IC                  ;        ; 7     ; 6.256       ; 64         ; 0.200 ; 1.695 ;
;    Cell                ;        ; 8     ; 3.504       ; 36         ; 0.000 ; 0.705 ;
;    uTco                ;        ; 1     ; 0.000       ; 0          ; 0.000 ; 0.000 ;
;  Required Path         ;        ;       ;             ;            ;       ;       ;
;   Clock                ;        ;       ;             ;            ;       ;       ;
;    IC                  ;        ; 2     ; 2.616       ; 77         ; 0.588 ; 2.028 ;
;    Cell                ;        ; 2     ; 0.783       ; 23         ; 0.295 ; 0.488 ;
+------------------------+--------+-------+-------------+------------+-------+-------+
Note: Negative delays are omitted from totals when calculating percentages

+------------------------------------------------------------------------------------------------------------+
; Data Arrival Path                                                                                          ;
+----------+---------+----+------+--------+---------------------+--------------------------------------------+
; Total    ; Incr    ; RF ; Type ; Fanout ; Location            ; Element                                    ;
+----------+---------+----+------+--------+---------------------+--------------------------------------------+
; 0.000    ; 0.000   ;    ;      ;        ;                     ; launch edge time                           ;
; 6.005    ; 6.005   ;    ;      ;        ;                     ; clock path                                 ;
;   0.000  ;   0.000 ;    ;      ;        ;                     ; source latency                             ;
;   0.000  ;   0.000 ;    ;      ; 1      ; LABCELL_X1_Y36_N48  ; gpu_clk                                    ;
;   2.743  ;   2.743 ; RR ; IC   ; 1      ; CLKCTRL_G2          ; gpu_clk~CLKENA0|inclk                      ;
;   3.064  ;   0.321 ; RR ; CELL ; 9151   ; CLKCTRL_G2          ; gpu_clk~CLKENA0|outclk                     ;
;   5.421  ;   2.357 ; RR ; IC   ; 1      ; FF_X35_Y36_N46      ; rq_rp[0]|clk                               ;
;   6.005  ;   0.584 ; RR ; CELL ; 1      ; FF_X35_Y36_N46      ; rq_rp[0]                                   ;
; 15.765   ; 9.760   ;    ;      ;        ;                     ; data path                                  ;
;   6.005  ;   0.000 ;    ; uTco ; 1      ; FF_X35_Y36_N46      ; rq_rp[0]                                   ;
;   6.005  ;   0.000 ; FF ; CELL ; 221    ; FF_X35_Y36_N46      ; rq_rp[0]|q                                 ;
;   7.700  ;   1.695 ; FF ; IC   ; 1      ; LABCELL_X31_Y37_N27 ; Mux158~0|datab                             ;
;   8.258  ;   0.558 ; FF ; CELL ; 1      ; LABCELL_X31_Y37_N27 ; Mux158~0|combout                           ;
;   9.037  ;   0.779 ; FF ; IC   ; 1      ; LABCELL_X35_Y37_N21 ; Mux158~2|datad                             ;
;   9.549  ;   0.512 ; FF ; CELL ; 5      ; LABCELL_X35_Y37_N21 ; Mux158~2|combout                           ;
;   9.749  ;   0.200 ; FF ; IC   ; 1      ; LABCELL_X35_Y37_N33 ; u_sched|Equal37~3|dataa                    ;
;   10.318 ;   0.569 ; FR ; CELL ; 1      ; LABCELL_X35_Y37_N33 ; u_sched|Equal37~3|combout                  ;
;   10.646 ;   0.328 ; RR ; IC   ; 1      ; LABCELL_X36_Y37_N24 ; u_sched|Equal37~4|datab                    ;
;   11.228 ;   0.582 ; RR ; CELL ; 1      ; LABCELL_X36_Y37_N24 ; u_sched|Equal37~4|combout                  ;
;   12.082 ;   0.854 ; RR ; IC   ; 1      ; LABCELL_X36_Y36_N54 ; u_sched|Decoder4~1|datac                   ;
;   12.576 ;   0.494 ; RF ; CELL ; 6      ; LABCELL_X36_Y36_N54 ; u_sched|Decoder4~1|combout                 ;
;   14.072 ;   1.496 ; FF ; IC   ; 1      ; LABCELL_X42_Y39_N18 ; u_sched|Decoder4~4|dataf                   ;
;   14.156 ;   0.084 ; FF ; CELL ; 32     ; LABCELL_X42_Y39_N18 ; u_sched|Decoder4~4|combout                 ;
;   15.060 ;   0.904 ; FF ; IC   ; 1      ; FF_X45_Y39_N49      ; u_sched|dead_lim[1][23]|sclr               ;
;   15.765 ;   0.705 ; FF ; CELL ; 1      ; FF_X45_Y39_N49      ; zhao_cmd_scheduler:u_sched|dead_lim[1][23] ;
+----------+---------+----+------+--------+---------------------+--------------------------------------------+

+-----------------------------------------------------------------------------------------------------------+
; Data Required Path                                                                                        ;
+----------+---------+----+------+--------+--------------------+--------------------------------------------+
; Total    ; Incr    ; RF ; Type ; Fanout ; Location           ; Element                                    ;
+----------+---------+----+------+--------+--------------------+--------------------------------------------+
; 10.000   ; 10.000  ;    ;      ;        ;                    ; latch edge time                            ;
; 15.580   ; 5.580   ;    ;      ;        ;                    ; clock path                                 ;
;   10.000 ;   0.000 ;    ;      ;        ;                    ; source latency                             ;
;   10.000 ;   0.000 ;    ;      ; 1      ; LABCELL_X1_Y36_N48 ; gpu_clk                                    ;
;   10.588 ;   0.588 ; RR ; IC   ; 1      ; CLKCTRL_G2         ; gpu_clk~CLKENA0|inclk                      ;
;   10.883 ;   0.295 ; RR ; CELL ; 9151   ; CLKCTRL_G2         ; gpu_clk~CLKENA0|outclk                     ;
;   12.911 ;   2.028 ; RR ; IC   ; 1      ; FF_X45_Y39_N49     ; u_sched|dead_lim[1][23]|clk                ;
;   13.399 ;   0.488 ; RR ; CELL ; 1      ; FF_X45_Y39_N49     ; zhao_cmd_scheduler:u_sched|dead_lim[1][23] ;
;   15.580 ;   2.181 ;    ;      ;        ;                    ; clock pessimism removed                    ;
; 15.520   ; -0.060  ;    ;      ;        ;                    ; clock uncertainty                          ;
; 15.520   ; 0.000   ;    ; uTsu ; 1      ; FF_X45_Y39_N49     ; zhao_cmd_scheduler:u_sched|dead_lim[1][23] ;
+----------+---------+----+------+--------+--------------------+--------------------------------------------+

----------------------------
; Extra Fitter Information ;
----------------------------
HTML report is unavailable in plain text report export.


Path #28: Setup slack is -0.245 (VIOLATED)
===============================================================================
+-----------------------------------------------------------------+
; Path Summary                                                    ;
+--------------------+--------------------------------------------+
; Property           ; Value                                      ;
+--------------------+--------------------------------------------+
; From Node          ; rq_rp[0]                                   ;
; To Node            ; zhao_cmd_scheduler:u_sched|dead_lim[1][25] ;
; Launch Clock       ; gpu_clk                                    ;
; Latch Clock        ; gpu_clk                                    ;
; Data Arrival Time  ; 15.765                                     ;
; Data Required Time ; 15.520                                     ;
; Slack              ; -0.245 (VIOLATED)                          ;
+--------------------+--------------------------------------------+

+------------------------------------------------------------------------------------+
; Statistics                                                                         ;
+------------------------+--------+-------+-------------+------------+-------+-------+
; Property               ; Value  ; Count ; Total Delay ; % of Total ; Min   ; Max   ;
+------------------------+--------+-------+-------------+------------+-------+-------+
; Setup Relationship     ; 10.000 ;       ;             ;            ;       ;       ;
; Clock Skew             ; -0.425 ;       ;             ;            ;       ;       ;
; Data Delay             ; 9.760  ;       ;             ;            ;       ;       ;
; Number of Logic Levels ;        ; 6     ;             ;            ;       ;       ;
; Physical Delays        ;        ;       ;             ;            ;       ;       ;
;  Arrival Path          ;        ;       ;             ;            ;       ;       ;
;   Clock                ;        ;       ;             ;            ;       ;       ;
;    IC                  ;        ; 2     ; 5.100       ; 85         ; 2.357 ; 2.743 ;
;    Cell                ;        ; 2     ; 0.905       ; 15         ; 0.321 ; 0.584 ;
;   Data                 ;        ;       ;             ;            ;       ;       ;
;    IC                  ;        ; 7     ; 6.256       ; 64         ; 0.200 ; 1.695 ;
;    Cell                ;        ; 8     ; 3.504       ; 36         ; 0.000 ; 0.705 ;
;    uTco                ;        ; 1     ; 0.000       ; 0          ; 0.000 ; 0.000 ;
;  Required Path         ;        ;       ;             ;            ;       ;       ;
;   Clock                ;        ;       ;             ;            ;       ;       ;
;    IC                  ;        ; 2     ; 2.616       ; 77         ; 0.588 ; 2.028 ;
;    Cell                ;        ; 2     ; 0.783       ; 23         ; 0.295 ; 0.488 ;
+------------------------+--------+-------+-------------+------------+-------+-------+
Note: Negative delays are omitted from totals when calculating percentages

+------------------------------------------------------------------------------------------------------------+
; Data Arrival Path                                                                                          ;
+----------+---------+----+------+--------+---------------------+--------------------------------------------+
; Total    ; Incr    ; RF ; Type ; Fanout ; Location            ; Element                                    ;
+----------+---------+----+------+--------+---------------------+--------------------------------------------+
; 0.000    ; 0.000   ;    ;      ;        ;                     ; launch edge time                           ;
; 6.005    ; 6.005   ;    ;      ;        ;                     ; clock path                                 ;
;   0.000  ;   0.000 ;    ;      ;        ;                     ; source latency                             ;
;   0.000  ;   0.000 ;    ;      ; 1      ; LABCELL_X1_Y36_N48  ; gpu_clk                                    ;
;   2.743  ;   2.743 ; RR ; IC   ; 1      ; CLKCTRL_G2          ; gpu_clk~CLKENA0|inclk                      ;
;   3.064  ;   0.321 ; RR ; CELL ; 9151   ; CLKCTRL_G2          ; gpu_clk~CLKENA0|outclk                     ;
;   5.421  ;   2.357 ; RR ; IC   ; 1      ; FF_X35_Y36_N46      ; rq_rp[0]|clk                               ;
;   6.005  ;   0.584 ; RR ; CELL ; 1      ; FF_X35_Y36_N46      ; rq_rp[0]                                   ;
; 15.765   ; 9.760   ;    ;      ;        ;                     ; data path                                  ;
;   6.005  ;   0.000 ;    ; uTco ; 1      ; FF_X35_Y36_N46      ; rq_rp[0]                                   ;
;   6.005  ;   0.000 ; FF ; CELL ; 221    ; FF_X35_Y36_N46      ; rq_rp[0]|q                                 ;
;   7.700  ;   1.695 ; FF ; IC   ; 1      ; LABCELL_X31_Y37_N27 ; Mux158~0|datab                             ;
;   8.258  ;   0.558 ; FF ; CELL ; 1      ; LABCELL_X31_Y37_N27 ; Mux158~0|combout                           ;
;   9.037  ;   0.779 ; FF ; IC   ; 1      ; LABCELL_X35_Y37_N21 ; Mux158~2|datad                             ;
;   9.549  ;   0.512 ; FF ; CELL ; 5      ; LABCELL_X35_Y37_N21 ; Mux158~2|combout                           ;
;   9.749  ;   0.200 ; FF ; IC   ; 1      ; LABCELL_X35_Y37_N33 ; u_sched|Equal37~3|dataa                    ;
;   10.318 ;   0.569 ; FR ; CELL ; 1      ; LABCELL_X35_Y37_N33 ; u_sched|Equal37~3|combout                  ;
;   10.646 ;   0.328 ; RR ; IC   ; 1      ; LABCELL_X36_Y37_N24 ; u_sched|Equal37~4|datab                    ;
;   11.228 ;   0.582 ; RR ; CELL ; 1      ; LABCELL_X36_Y37_N24 ; u_sched|Equal37~4|combout                  ;
;   12.082 ;   0.854 ; RR ; IC   ; 1      ; LABCELL_X36_Y36_N54 ; u_sched|Decoder4~1|datac                   ;
;   12.576 ;   0.494 ; RF ; CELL ; 6      ; LABCELL_X36_Y36_N54 ; u_sched|Decoder4~1|combout                 ;
;   14.072 ;   1.496 ; FF ; IC   ; 1      ; LABCELL_X42_Y39_N18 ; u_sched|Decoder4~4|dataf                   ;
;   14.156 ;   0.084 ; FF ; CELL ; 32     ; LABCELL_X42_Y39_N18 ; u_sched|Decoder4~4|combout                 ;
;   15.060 ;   0.904 ; FF ; IC   ; 1      ; FF_X45_Y39_N25      ; u_sched|dead_lim[1][25]|sclr               ;
;   15.765 ;   0.705 ; FF ; CELL ; 1      ; FF_X45_Y39_N25      ; zhao_cmd_scheduler:u_sched|dead_lim[1][25] ;
+----------+---------+----+------+--------+---------------------+--------------------------------------------+

+-----------------------------------------------------------------------------------------------------------+
; Data Required Path                                                                                        ;
+----------+---------+----+------+--------+--------------------+--------------------------------------------+
; Total    ; Incr    ; RF ; Type ; Fanout ; Location           ; Element                                    ;
+----------+---------+----+------+--------+--------------------+--------------------------------------------+
; 10.000   ; 10.000  ;    ;      ;        ;                    ; latch edge time                            ;
; 15.580   ; 5.580   ;    ;      ;        ;                    ; clock path                                 ;
;   10.000 ;   0.000 ;    ;      ;        ;                    ; source latency                             ;
;   10.000 ;   0.000 ;    ;      ; 1      ; LABCELL_X1_Y36_N48 ; gpu_clk                                    ;
;   10.588 ;   0.588 ; RR ; IC   ; 1      ; CLKCTRL_G2         ; gpu_clk~CLKENA0|inclk                      ;
;   10.883 ;   0.295 ; RR ; CELL ; 9151   ; CLKCTRL_G2         ; gpu_clk~CLKENA0|outclk                     ;
;   12.911 ;   2.028 ; RR ; IC   ; 1      ; FF_X45_Y39_N25     ; u_sched|dead_lim[1][25]|clk                ;
;   13.399 ;   0.488 ; RR ; CELL ; 1      ; FF_X45_Y39_N25     ; zhao_cmd_scheduler:u_sched|dead_lim[1][25] ;
;   15.580 ;   2.181 ;    ;      ;        ;                    ; clock pessimism removed                    ;
; 15.520   ; -0.060  ;    ;      ;        ;                    ; clock uncertainty                          ;
; 15.520   ; 0.000   ;    ; uTsu ; 1      ; FF_X45_Y39_N25     ; zhao_cmd_scheduler:u_sched|dead_lim[1][25] ;
+----------+---------+----+------+--------+--------------------+--------------------------------------------+

----------------------------
; Extra Fitter Information ;
----------------------------
HTML report is unavailable in plain text report export.


Path #29: Setup slack is -0.245 (VIOLATED)
===============================================================================
+-----------------------------------------------------------------+
; Path Summary                                                    ;
+--------------------+--------------------------------------------+
; Property           ; Value                                      ;
+--------------------+--------------------------------------------+
; From Node          ; rq_rp[0]                                   ;
; To Node            ; zhao_cmd_scheduler:u_sched|dead_lim[1][24] ;
; Launch Clock       ; gpu_clk                                    ;
; Latch Clock        ; gpu_clk                                    ;
; Data Arrival Time  ; 15.765                                     ;
; Data Required Time ; 15.520                                     ;
; Slack              ; -0.245 (VIOLATED)                          ;
+--------------------+--------------------------------------------+

+------------------------------------------------------------------------------------+
; Statistics                                                                         ;
+------------------------+--------+-------+-------------+------------+-------+-------+
; Property               ; Value  ; Count ; Total Delay ; % of Total ; Min   ; Max   ;
+------------------------+--------+-------+-------------+------------+-------+-------+
; Setup Relationship     ; 10.000 ;       ;             ;            ;       ;       ;
; Clock Skew             ; -0.425 ;       ;             ;            ;       ;       ;
; Data Delay             ; 9.760  ;       ;             ;            ;       ;       ;
; Number of Logic Levels ;        ; 6     ;             ;            ;       ;       ;
; Physical Delays        ;        ;       ;             ;            ;       ;       ;
;  Arrival Path          ;        ;       ;             ;            ;       ;       ;
;   Clock                ;        ;       ;             ;            ;       ;       ;
;    IC                  ;        ; 2     ; 5.100       ; 85         ; 2.357 ; 2.743 ;
;    Cell                ;        ; 2     ; 0.905       ; 15         ; 0.321 ; 0.584 ;
;   Data                 ;        ;       ;             ;            ;       ;       ;
;    IC                  ;        ; 7     ; 6.256       ; 64         ; 0.200 ; 1.695 ;
;    Cell                ;        ; 8     ; 3.504       ; 36         ; 0.000 ; 0.705 ;
;    uTco                ;        ; 1     ; 0.000       ; 0          ; 0.000 ; 0.000 ;
;  Required Path         ;        ;       ;             ;            ;       ;       ;
;   Clock                ;        ;       ;             ;            ;       ;       ;
;    IC                  ;        ; 2     ; 2.616       ; 77         ; 0.588 ; 2.028 ;
;    Cell                ;        ; 2     ; 0.783       ; 23         ; 0.295 ; 0.488 ;
+------------------------+--------+-------+-------------+------------+-------+-------+
Note: Negative delays are omitted from totals when calculating percentages

+------------------------------------------------------------------------------------------------------------+
; Data Arrival Path                                                                                          ;
+----------+---------+----+------+--------+---------------------+--------------------------------------------+
; Total    ; Incr    ; RF ; Type ; Fanout ; Location            ; Element                                    ;
+----------+---------+----+------+--------+---------------------+--------------------------------------------+
; 0.000    ; 0.000   ;    ;      ;        ;                     ; launch edge time                           ;
; 6.005    ; 6.005   ;    ;      ;        ;                     ; clock path                                 ;
;   0.000  ;   0.000 ;    ;      ;        ;                     ; source latency                             ;
;   0.000  ;   0.000 ;    ;      ; 1      ; LABCELL_X1_Y36_N48  ; gpu_clk                                    ;
;   2.743  ;   2.743 ; RR ; IC   ; 1      ; CLKCTRL_G2          ; gpu_clk~CLKENA0|inclk                      ;
;   3.064  ;   0.321 ; RR ; CELL ; 9151   ; CLKCTRL_G2          ; gpu_clk~CLKENA0|outclk                     ;
;   5.421  ;   2.357 ; RR ; IC   ; 1      ; FF_X35_Y36_N46      ; rq_rp[0]|clk                               ;
;   6.005  ;   0.584 ; RR ; CELL ; 1      ; FF_X35_Y36_N46      ; rq_rp[0]                                   ;
; 15.765   ; 9.760   ;    ;      ;        ;                     ; data path                                  ;
;   6.005  ;   0.000 ;    ; uTco ; 1      ; FF_X35_Y36_N46      ; rq_rp[0]                                   ;
;   6.005  ;   0.000 ; FF ; CELL ; 221    ; FF_X35_Y36_N46      ; rq_rp[0]|q                                 ;
;   7.700  ;   1.695 ; FF ; IC   ; 1      ; LABCELL_X31_Y37_N27 ; Mux158~0|datab                             ;
;   8.258  ;   0.558 ; FF ; CELL ; 1      ; LABCELL_X31_Y37_N27 ; Mux158~0|combout                           ;
;   9.037  ;   0.779 ; FF ; IC   ; 1      ; LABCELL_X35_Y37_N21 ; Mux158~2|datad                             ;
;   9.549  ;   0.512 ; FF ; CELL ; 5      ; LABCELL_X35_Y37_N21 ; Mux158~2|combout                           ;
;   9.749  ;   0.200 ; FF ; IC   ; 1      ; LABCELL_X35_Y37_N33 ; u_sched|Equal37~3|dataa                    ;
;   10.318 ;   0.569 ; FR ; CELL ; 1      ; LABCELL_X35_Y37_N33 ; u_sched|Equal37~3|combout                  ;
;   10.646 ;   0.328 ; RR ; IC   ; 1      ; LABCELL_X36_Y37_N24 ; u_sched|Equal37~4|datab                    ;
;   11.228 ;   0.582 ; RR ; CELL ; 1      ; LABCELL_X36_Y37_N24 ; u_sched|Equal37~4|combout                  ;
;   12.082 ;   0.854 ; RR ; IC   ; 1      ; LABCELL_X36_Y36_N54 ; u_sched|Decoder4~1|datac                   ;
;   12.576 ;   0.494 ; RF ; CELL ; 6      ; LABCELL_X36_Y36_N54 ; u_sched|Decoder4~1|combout                 ;
;   14.072 ;   1.496 ; FF ; IC   ; 1      ; LABCELL_X42_Y39_N18 ; u_sched|Decoder4~4|dataf                   ;
;   14.156 ;   0.084 ; FF ; CELL ; 32     ; LABCELL_X42_Y39_N18 ; u_sched|Decoder4~4|combout                 ;
;   15.060 ;   0.904 ; FF ; IC   ; 1      ; FF_X45_Y39_N55      ; u_sched|dead_lim[1][24]|sclr               ;
;   15.765 ;   0.705 ; FF ; CELL ; 1      ; FF_X45_Y39_N55      ; zhao_cmd_scheduler:u_sched|dead_lim[1][24] ;
+----------+---------+----+------+--------+---------------------+--------------------------------------------+

+-----------------------------------------------------------------------------------------------------------+
; Data Required Path                                                                                        ;
+----------+---------+----+------+--------+--------------------+--------------------------------------------+
; Total    ; Incr    ; RF ; Type ; Fanout ; Location           ; Element                                    ;
+----------+---------+----+------+--------+--------------------+--------------------------------------------+
; 10.000   ; 10.000  ;    ;      ;        ;                    ; latch edge time                            ;
; 15.580   ; 5.580   ;    ;      ;        ;                    ; clock path                                 ;
;   10.000 ;   0.000 ;    ;      ;        ;                    ; source latency                             ;
;   10.000 ;   0.000 ;    ;      ; 1      ; LABCELL_X1_Y36_N48 ; gpu_clk                                    ;
;   10.588 ;   0.588 ; RR ; IC   ; 1      ; CLKCTRL_G2         ; gpu_clk~CLKENA0|inclk                      ;
;   10.883 ;   0.295 ; RR ; CELL ; 9151   ; CLKCTRL_G2         ; gpu_clk~CLKENA0|outclk                     ;
;   12.911 ;   2.028 ; RR ; IC   ; 1      ; FF_X45_Y39_N55     ; u_sched|dead_lim[1][24]|clk                ;
;   13.399 ;   0.488 ; RR ; CELL ; 1      ; FF_X45_Y39_N55     ; zhao_cmd_scheduler:u_sched|dead_lim[1][24] ;
;   15.580 ;   2.181 ;    ;      ;        ;                    ; clock pessimism removed                    ;
; 15.520   ; -0.060  ;    ;      ;        ;                    ; clock uncertainty                          ;
; 15.520   ; 0.000   ;    ; uTsu ; 1      ; FF_X45_Y39_N55     ; zhao_cmd_scheduler:u_sched|dead_lim[1][24] ;
+----------+---------+----+------+--------+--------------------+--------------------------------------------+

----------------------------
; Extra Fitter Information ;
----------------------------
HTML report is unavailable in plain text report export.


Path #30: Setup slack is -0.245 (VIOLATED)
===============================================================================
+-----------------------------------------------------------------+
; Path Summary                                                    ;
+--------------------+--------------------------------------------+
; Property           ; Value                                      ;
+--------------------+--------------------------------------------+
; From Node          ; rq_rp[0]                                   ;
; To Node            ; zhao_cmd_scheduler:u_sched|dead_lim[1][28] ;
; Launch Clock       ; gpu_clk                                    ;
; Latch Clock        ; gpu_clk                                    ;
; Data Arrival Time  ; 15.767                                     ;
; Data Required Time ; 15.522                                     ;
; Slack              ; -0.245 (VIOLATED)                          ;
+--------------------+--------------------------------------------+

+------------------------------------------------------------------------------------+
; Statistics                                                                         ;
+------------------------+--------+-------+-------------+------------+-------+-------+
; Property               ; Value  ; Count ; Total Delay ; % of Total ; Min   ; Max   ;
+------------------------+--------+-------+-------------+------------+-------+-------+
; Setup Relationship     ; 10.000 ;       ;             ;            ;       ;       ;
; Clock Skew             ; -0.423 ;       ;             ;            ;       ;       ;
; Data Delay             ; 9.762  ;       ;             ;            ;       ;       ;
; Number of Logic Levels ;        ; 6     ;             ;            ;       ;       ;
; Physical Delays        ;        ;       ;             ;            ;       ;       ;
;  Arrival Path          ;        ;       ;             ;            ;       ;       ;
;   Clock                ;        ;       ;             ;            ;       ;       ;
;    IC                  ;        ; 2     ; 5.100       ; 85         ; 2.357 ; 2.743 ;
;    Cell                ;        ; 2     ; 0.905       ; 15         ; 0.321 ; 0.584 ;
;   Data                 ;        ;       ;             ;            ;       ;       ;
;    IC                  ;        ; 7     ; 6.256       ; 64         ; 0.200 ; 1.695 ;
;    Cell                ;        ; 8     ; 3.506       ; 36         ; 0.000 ; 0.707 ;
;    uTco                ;        ; 1     ; 0.000       ; 0          ; 0.000 ; 0.000 ;
;  Required Path         ;        ;       ;             ;            ;       ;       ;
;   Clock                ;        ;       ;             ;            ;       ;       ;
;    IC                  ;        ; 2     ; 2.616       ; 77         ; 0.588 ; 2.028 ;
;    Cell                ;        ; 2     ; 0.785       ; 23         ; 0.295 ; 0.490 ;
+------------------------+--------+-------+-------------+------------+-------+-------+
Note: Negative delays are omitted from totals when calculating percentages

+------------------------------------------------------------------------------------------------------------+
; Data Arrival Path                                                                                          ;
+----------+---------+----+------+--------+---------------------+--------------------------------------------+
; Total    ; Incr    ; RF ; Type ; Fanout ; Location            ; Element                                    ;
+----------+---------+----+------+--------+---------------------+--------------------------------------------+
; 0.000    ; 0.000   ;    ;      ;        ;                     ; launch edge time                           ;
; 6.005    ; 6.005   ;    ;      ;        ;                     ; clock path                                 ;
;   0.000  ;   0.000 ;    ;      ;        ;                     ; source latency                             ;
;   0.000  ;   0.000 ;    ;      ; 1      ; LABCELL_X1_Y36_N48  ; gpu_clk                                    ;
;   2.743  ;   2.743 ; RR ; IC   ; 1      ; CLKCTRL_G2          ; gpu_clk~CLKENA0|inclk                      ;
;   3.064  ;   0.321 ; RR ; CELL ; 9151   ; CLKCTRL_G2          ; gpu_clk~CLKENA0|outclk                     ;
;   5.421  ;   2.357 ; RR ; IC   ; 1      ; FF_X35_Y36_N46      ; rq_rp[0]|clk                               ;
;   6.005  ;   0.584 ; RR ; CELL ; 1      ; FF_X35_Y36_N46      ; rq_rp[0]                                   ;
; 15.767   ; 9.762   ;    ;      ;        ;                     ; data path                                  ;
;   6.005  ;   0.000 ;    ; uTco ; 1      ; FF_X35_Y36_N46      ; rq_rp[0]                                   ;
;   6.005  ;   0.000 ; FF ; CELL ; 221    ; FF_X35_Y36_N46      ; rq_rp[0]|q                                 ;
;   7.700  ;   1.695 ; FF ; IC   ; 1      ; LABCELL_X31_Y37_N27 ; Mux158~0|datab                             ;
;   8.258  ;   0.558 ; FF ; CELL ; 1      ; LABCELL_X31_Y37_N27 ; Mux158~0|combout                           ;
;   9.037  ;   0.779 ; FF ; IC   ; 1      ; LABCELL_X35_Y37_N21 ; Mux158~2|datad                             ;
;   9.549  ;   0.512 ; FF ; CELL ; 5      ; LABCELL_X35_Y37_N21 ; Mux158~2|combout                           ;
;   9.749  ;   0.200 ; FF ; IC   ; 1      ; LABCELL_X35_Y37_N33 ; u_sched|Equal37~3|dataa                    ;
;   10.318 ;   0.569 ; FR ; CELL ; 1      ; LABCELL_X35_Y37_N33 ; u_sched|Equal37~3|combout                  ;
;   10.646 ;   0.328 ; RR ; IC   ; 1      ; LABCELL_X36_Y37_N24 ; u_sched|Equal37~4|datab                    ;
;   11.228 ;   0.582 ; RR ; CELL ; 1      ; LABCELL_X36_Y37_N24 ; u_sched|Equal37~4|combout                  ;
;   12.082 ;   0.854 ; RR ; IC   ; 1      ; LABCELL_X36_Y36_N54 ; u_sched|Decoder4~1|datac                   ;
;   12.576 ;   0.494 ; RF ; CELL ; 6      ; LABCELL_X36_Y36_N54 ; u_sched|Decoder4~1|combout                 ;
;   14.072 ;   1.496 ; FF ; IC   ; 1      ; LABCELL_X42_Y39_N18 ; u_sched|Decoder4~4|dataf                   ;
;   14.156 ;   0.084 ; FF ; CELL ; 32     ; LABCELL_X42_Y39_N18 ; u_sched|Decoder4~4|combout                 ;
;   15.060 ;   0.904 ; FF ; IC   ; 1      ; FF_X45_Y39_N17      ; u_sched|dead_lim[1][28]|sclr               ;
;   15.767 ;   0.707 ; FF ; CELL ; 1      ; FF_X45_Y39_N17      ; zhao_cmd_scheduler:u_sched|dead_lim[1][28] ;
+----------+---------+----+------+--------+---------------------+--------------------------------------------+

+-----------------------------------------------------------------------------------------------------------+
; Data Required Path                                                                                        ;
+----------+---------+----+------+--------+--------------------+--------------------------------------------+
; Total    ; Incr    ; RF ; Type ; Fanout ; Location           ; Element                                    ;
+----------+---------+----+------+--------+--------------------+--------------------------------------------+
; 10.000   ; 10.000  ;    ;      ;        ;                    ; latch edge time                            ;
; 15.582   ; 5.582   ;    ;      ;        ;                    ; clock path                                 ;
;   10.000 ;   0.000 ;    ;      ;        ;                    ; source latency                             ;
;   10.000 ;   0.000 ;    ;      ; 1      ; LABCELL_X1_Y36_N48 ; gpu_clk                                    ;
;   10.588 ;   0.588 ; RR ; IC   ; 1      ; CLKCTRL_G2         ; gpu_clk~CLKENA0|inclk                      ;
;   10.883 ;   0.295 ; RR ; CELL ; 9151   ; CLKCTRL_G2         ; gpu_clk~CLKENA0|outclk                     ;
;   12.911 ;   2.028 ; RR ; IC   ; 1      ; FF_X45_Y39_N17     ; u_sched|dead_lim[1][28]|clk                ;
;   13.401 ;   0.490 ; RR ; CELL ; 1      ; FF_X45_Y39_N17     ; zhao_cmd_scheduler:u_sched|dead_lim[1][28] ;
;   15.582 ;   2.181 ;    ;      ;        ;                    ; clock pessimism removed                    ;
; 15.522   ; -0.060  ;    ;      ;        ;                    ; clock uncertainty                          ;
; 15.522   ; 0.000   ;    ; uTsu ; 1      ; FF_X45_Y39_N17     ; zhao_cmd_scheduler:u_sched|dead_lim[1][28] ;
+----------+---------+----+------+--------+--------------------+--------------------------------------------+

----------------------------
; Extra Fitter Information ;
----------------------------
HTML report is unavailable in plain text report export.


Path #31: Setup slack is -0.245 (VIOLATED)
===============================================================================
+-----------------------------------------------------------------+
; Path Summary                                                    ;
+--------------------+--------------------------------------------+
; Property           ; Value                                      ;
+--------------------+--------------------------------------------+
; From Node          ; rq_rp[0]                                   ;
; To Node            ; zhao_cmd_scheduler:u_sched|dead_lim[1][26] ;
; Launch Clock       ; gpu_clk                                    ;
; Latch Clock        ; gpu_clk                                    ;
; Data Arrival Time  ; 15.765                                     ;
; Data Required Time ; 15.520                                     ;
; Slack              ; -0.245 (VIOLATED)                          ;
+--------------------+--------------------------------------------+

+------------------------------------------------------------------------------------+
; Statistics                                                                         ;
+------------------------+--------+-------+-------------+------------+-------+-------+
; Property               ; Value  ; Count ; Total Delay ; % of Total ; Min   ; Max   ;
+------------------------+--------+-------+-------------+------------+-------+-------+
; Setup Relationship     ; 10.000 ;       ;             ;            ;       ;       ;
; Clock Skew             ; -0.425 ;       ;             ;            ;       ;       ;
; Data Delay             ; 9.760  ;       ;             ;            ;       ;       ;
; Number of Logic Levels ;        ; 6     ;             ;            ;       ;       ;
; Physical Delays        ;        ;       ;             ;            ;       ;       ;
;  Arrival Path          ;        ;       ;             ;            ;       ;       ;
;   Clock                ;        ;       ;             ;            ;       ;       ;
;    IC                  ;        ; 2     ; 5.100       ; 85         ; 2.357 ; 2.743 ;
;    Cell                ;        ; 2     ; 0.905       ; 15         ; 0.321 ; 0.584 ;
;   Data                 ;        ;       ;             ;            ;       ;       ;
;    IC                  ;        ; 7     ; 6.256       ; 64         ; 0.200 ; 1.695 ;
;    Cell                ;        ; 8     ; 3.504       ; 36         ; 0.000 ; 0.705 ;
;    uTco                ;        ; 1     ; 0.000       ; 0          ; 0.000 ; 0.000 ;
;  Required Path         ;        ;       ;             ;            ;       ;       ;
;   Clock                ;        ;       ;             ;            ;       ;       ;
;    IC                  ;        ; 2     ; 2.616       ; 77         ; 0.588 ; 2.028 ;
;    Cell                ;        ; 2     ; 0.783       ; 23         ; 0.295 ; 0.488 ;
+------------------------+--------+-------+-------------+------------+-------+-------+
Note: Negative delays are omitted from totals when calculating percentages

+------------------------------------------------------------------------------------------------------------+
; Data Arrival Path                                                                                          ;
+----------+---------+----+------+--------+---------------------+--------------------------------------------+
; Total    ; Incr    ; RF ; Type ; Fanout ; Location            ; Element                                    ;
+----------+---------+----+------+--------+---------------------+--------------------------------------------+
; 0.000    ; 0.000   ;    ;      ;        ;                     ; launch edge time                           ;
; 6.005    ; 6.005   ;    ;      ;        ;                     ; clock path                                 ;
;   0.000  ;   0.000 ;    ;      ;        ;                     ; source latency                             ;
;   0.000  ;   0.000 ;    ;      ; 1      ; LABCELL_X1_Y36_N48  ; gpu_clk                                    ;
;   2.743  ;   2.743 ; RR ; IC   ; 1      ; CLKCTRL_G2          ; gpu_clk~CLKENA0|inclk                      ;
;   3.064  ;   0.321 ; RR ; CELL ; 9151   ; CLKCTRL_G2          ; gpu_clk~CLKENA0|outclk                     ;
;   5.421  ;   2.357 ; RR ; IC   ; 1      ; FF_X35_Y36_N46      ; rq_rp[0]|clk                               ;
;   6.005  ;   0.584 ; RR ; CELL ; 1      ; FF_X35_Y36_N46      ; rq_rp[0]                                   ;
; 15.765   ; 9.760   ;    ;      ;        ;                     ; data path                                  ;
;   6.005  ;   0.000 ;    ; uTco ; 1      ; FF_X35_Y36_N46      ; rq_rp[0]                                   ;
;   6.005  ;   0.000 ; FF ; CELL ; 221    ; FF_X35_Y36_N46      ; rq_rp[0]|q                                 ;
;   7.700  ;   1.695 ; FF ; IC   ; 1      ; LABCELL_X31_Y37_N27 ; Mux158~0|datab                             ;
;   8.258  ;   0.558 ; FF ; CELL ; 1      ; LABCELL_X31_Y37_N27 ; Mux158~0|combout                           ;
;   9.037  ;   0.779 ; FF ; IC   ; 1      ; LABCELL_X35_Y37_N21 ; Mux158~2|datad                             ;
;   9.549  ;   0.512 ; FF ; CELL ; 5      ; LABCELL_X35_Y37_N21 ; Mux158~2|combout                           ;
;   9.749  ;   0.200 ; FF ; IC   ; 1      ; LABCELL_X35_Y37_N33 ; u_sched|Equal37~3|dataa                    ;
;   10.318 ;   0.569 ; FR ; CELL ; 1      ; LABCELL_X35_Y37_N33 ; u_sched|Equal37~3|combout                  ;
;   10.646 ;   0.328 ; RR ; IC   ; 1      ; LABCELL_X36_Y37_N24 ; u_sched|Equal37~4|datab                    ;
;   11.228 ;   0.582 ; RR ; CELL ; 1      ; LABCELL_X36_Y37_N24 ; u_sched|Equal37~4|combout                  ;
;   12.082 ;   0.854 ; RR ; IC   ; 1      ; LABCELL_X36_Y36_N54 ; u_sched|Decoder4~1|datac                   ;
;   12.576 ;   0.494 ; RF ; CELL ; 6      ; LABCELL_X36_Y36_N54 ; u_sched|Decoder4~1|combout                 ;
;   14.072 ;   1.496 ; FF ; IC   ; 1      ; LABCELL_X42_Y39_N18 ; u_sched|Decoder4~4|dataf                   ;
;   14.156 ;   0.084 ; FF ; CELL ; 32     ; LABCELL_X42_Y39_N18 ; u_sched|Decoder4~4|combout                 ;
;   15.060 ;   0.904 ; FF ; IC   ; 1      ; FF_X45_Y39_N43      ; u_sched|dead_lim[1][26]|sclr               ;
;   15.765 ;   0.705 ; FF ; CELL ; 1      ; FF_X45_Y39_N43      ; zhao_cmd_scheduler:u_sched|dead_lim[1][26] ;
+----------+---------+----+------+--------+---------------------+--------------------------------------------+

+-----------------------------------------------------------------------------------------------------------+
; Data Required Path                                                                                        ;
+----------+---------+----+------+--------+--------------------+--------------------------------------------+
; Total    ; Incr    ; RF ; Type ; Fanout ; Location           ; Element                                    ;
+----------+---------+----+------+--------+--------------------+--------------------------------------------+
; 10.000   ; 10.000  ;    ;      ;        ;                    ; latch edge time                            ;
; 15.580   ; 5.580   ;    ;      ;        ;                    ; clock path                                 ;
;   10.000 ;   0.000 ;    ;      ;        ;                    ; source latency                             ;
;   10.000 ;   0.000 ;    ;      ; 1      ; LABCELL_X1_Y36_N48 ; gpu_clk                                    ;
;   10.588 ;   0.588 ; RR ; IC   ; 1      ; CLKCTRL_G2         ; gpu_clk~CLKENA0|inclk                      ;
;   10.883 ;   0.295 ; RR ; CELL ; 9151   ; CLKCTRL_G2         ; gpu_clk~CLKENA0|outclk                     ;
;   12.911 ;   2.028 ; RR ; IC   ; 1      ; FF_X45_Y39_N43     ; u_sched|dead_lim[1][26]|clk                ;
;   13.399 ;   0.488 ; RR ; CELL ; 1      ; FF_X45_Y39_N43     ; zhao_cmd_scheduler:u_sched|dead_lim[1][26] ;
;   15.580 ;   2.181 ;    ;      ;        ;                    ; clock pessimism removed                    ;
; 15.520   ; -0.060  ;    ;      ;        ;                    ; clock uncertainty                          ;
; 15.520   ; 0.000   ;    ; uTsu ; 1      ; FF_X45_Y39_N43     ; zhao_cmd_scheduler:u_sched|dead_lim[1][26] ;
+----------+---------+----+------+--------+--------------------+--------------------------------------------+

----------------------------
; Extra Fitter Information ;
----------------------------
HTML report is unavailable in plain text report export.


Path #32: Setup slack is -0.245 (VIOLATED)
===============================================================================
+-----------------------------------------------------------------+
; Path Summary                                                    ;
+--------------------+--------------------------------------------+
; Property           ; Value                                      ;
+--------------------+--------------------------------------------+
; From Node          ; rq_rp[0]                                   ;
; To Node            ; zhao_cmd_scheduler:u_sched|dead_lim[1][27] ;
; Launch Clock       ; gpu_clk                                    ;
; Latch Clock        ; gpu_clk                                    ;
; Data Arrival Time  ; 15.765                                     ;
; Data Required Time ; 15.520                                     ;
; Slack              ; -0.245 (VIOLATED)                          ;
+--------------------+--------------------------------------------+

+------------------------------------------------------------------------------------+
; Statistics                                                                         ;
+------------------------+--------+-------+-------------+------------+-------+-------+
; Property               ; Value  ; Count ; Total Delay ; % of Total ; Min   ; Max   ;
+------------------------+--------+-------+-------------+------------+-------+-------+
; Setup Relationship     ; 10.000 ;       ;             ;            ;       ;       ;
; Clock Skew             ; -0.425 ;       ;             ;            ;       ;       ;
; Data Delay             ; 9.760  ;       ;             ;            ;       ;       ;
; Number of Logic Levels ;        ; 6     ;             ;            ;       ;       ;
; Physical Delays        ;        ;       ;             ;            ;       ;       ;
;  Arrival Path          ;        ;       ;             ;            ;       ;       ;
;   Clock                ;        ;       ;             ;            ;       ;       ;
;    IC                  ;        ; 2     ; 5.100       ; 85         ; 2.357 ; 2.743 ;
;    Cell                ;        ; 2     ; 0.905       ; 15         ; 0.321 ; 0.584 ;
;   Data                 ;        ;       ;             ;            ;       ;       ;
;    IC                  ;        ; 7     ; 6.256       ; 64         ; 0.200 ; 1.695 ;
;    Cell                ;        ; 8     ; 3.504       ; 36         ; 0.000 ; 0.705 ;
;    uTco                ;        ; 1     ; 0.000       ; 0          ; 0.000 ; 0.000 ;
;  Required Path         ;        ;       ;             ;            ;       ;       ;
;   Clock                ;        ;       ;             ;            ;       ;       ;
;    IC                  ;        ; 2     ; 2.616       ; 77         ; 0.588 ; 2.028 ;
;    Cell                ;        ; 2     ; 0.783       ; 23         ; 0.295 ; 0.488 ;
+------------------------+--------+-------+-------------+------------+-------+-------+
Note: Negative delays are omitted from totals when calculating percentages

+------------------------------------------------------------------------------------------------------------+
; Data Arrival Path                                                                                          ;
+----------+---------+----+------+--------+---------------------+--------------------------------------------+
; Total    ; Incr    ; RF ; Type ; Fanout ; Location            ; Element                                    ;
+----------+---------+----+------+--------+---------------------+--------------------------------------------+
; 0.000    ; 0.000   ;    ;      ;        ;                     ; launch edge time                           ;
; 6.005    ; 6.005   ;    ;      ;        ;                     ; clock path                                 ;
;   0.000  ;   0.000 ;    ;      ;        ;                     ; source latency                             ;
;   0.000  ;   0.000 ;    ;      ; 1      ; LABCELL_X1_Y36_N48  ; gpu_clk                                    ;
;   2.743  ;   2.743 ; RR ; IC   ; 1      ; CLKCTRL_G2          ; gpu_clk~CLKENA0|inclk                      ;
;   3.064  ;   0.321 ; RR ; CELL ; 9151   ; CLKCTRL_G2          ; gpu_clk~CLKENA0|outclk                     ;
;   5.421  ;   2.357 ; RR ; IC   ; 1      ; FF_X35_Y36_N46      ; rq_rp[0]|clk                               ;
;   6.005  ;   0.584 ; RR ; CELL ; 1      ; FF_X35_Y36_N46      ; rq_rp[0]                                   ;
; 15.765   ; 9.760   ;    ;      ;        ;                     ; data path                                  ;
;   6.005  ;   0.000 ;    ; uTco ; 1      ; FF_X35_Y36_N46      ; rq_rp[0]                                   ;
;   6.005  ;   0.000 ; FF ; CELL ; 221    ; FF_X35_Y36_N46      ; rq_rp[0]|q                                 ;
;   7.700  ;   1.695 ; FF ; IC   ; 1      ; LABCELL_X31_Y37_N27 ; Mux158~0|datab                             ;
;   8.258  ;   0.558 ; FF ; CELL ; 1      ; LABCELL_X31_Y37_N27 ; Mux158~0|combout                           ;
;   9.037  ;   0.779 ; FF ; IC   ; 1      ; LABCELL_X35_Y37_N21 ; Mux158~2|datad                             ;
;   9.549  ;   0.512 ; FF ; CELL ; 5      ; LABCELL_X35_Y37_N21 ; Mux158~2|combout                           ;
;   9.749  ;   0.200 ; FF ; IC   ; 1      ; LABCELL_X35_Y37_N33 ; u_sched|Equal37~3|dataa                    ;
;   10.318 ;   0.569 ; FR ; CELL ; 1      ; LABCELL_X35_Y37_N33 ; u_sched|Equal37~3|combout                  ;
;   10.646 ;   0.328 ; RR ; IC   ; 1      ; LABCELL_X36_Y37_N24 ; u_sched|Equal37~4|datab                    ;
;   11.228 ;   0.582 ; RR ; CELL ; 1      ; LABCELL_X36_Y37_N24 ; u_sched|Equal37~4|combout                  ;
;   12.082 ;   0.854 ; RR ; IC   ; 1      ; LABCELL_X36_Y36_N54 ; u_sched|Decoder4~1|datac                   ;
;   12.576 ;   0.494 ; RF ; CELL ; 6      ; LABCELL_X36_Y36_N54 ; u_sched|Decoder4~1|combout                 ;
;   14.072 ;   1.496 ; FF ; IC   ; 1      ; LABCELL_X42_Y39_N18 ; u_sched|Decoder4~4|dataf                   ;
;   14.156 ;   0.084 ; FF ; CELL ; 32     ; LABCELL_X42_Y39_N18 ; u_sched|Decoder4~4|combout                 ;
;   15.060 ;   0.904 ; FF ; IC   ; 1      ; FF_X45_Y39_N13      ; u_sched|dead_lim[1][27]|sclr               ;
;   15.765 ;   0.705 ; FF ; CELL ; 1      ; FF_X45_Y39_N13      ; zhao_cmd_scheduler:u_sched|dead_lim[1][27] ;
+----------+---------+----+------+--------+---------------------+--------------------------------------------+

+-----------------------------------------------------------------------------------------------------------+
; Data Required Path                                                                                        ;
+----------+---------+----+------+--------+--------------------+--------------------------------------------+
; Total    ; Incr    ; RF ; Type ; Fanout ; Location           ; Element                                    ;
+----------+---------+----+------+--------+--------------------+--------------------------------------------+
; 10.000   ; 10.000  ;    ;      ;        ;                    ; latch edge time                            ;
; 15.580   ; 5.580   ;    ;      ;        ;                    ; clock path                                 ;
;   10.000 ;   0.000 ;    ;      ;        ;                    ; source latency                             ;
;   10.000 ;   0.000 ;    ;      ; 1      ; LABCELL_X1_Y36_N48 ; gpu_clk                                    ;
;   10.588 ;   0.588 ; RR ; IC   ; 1      ; CLKCTRL_G2         ; gpu_clk~CLKENA0|inclk                      ;
;   10.883 ;   0.295 ; RR ; CELL ; 9151   ; CLKCTRL_G2         ; gpu_clk~CLKENA0|outclk                     ;
;   12.911 ;   2.028 ; RR ; IC   ; 1      ; FF_X45_Y39_N13     ; u_sched|dead_lim[1][27]|clk                ;
;   13.399 ;   0.488 ; RR ; CELL ; 1      ; FF_X45_Y39_N13     ; zhao_cmd_scheduler:u_sched|dead_lim[1][27] ;
;   15.580 ;   2.181 ;    ;      ;        ;                    ; clock pessimism removed                    ;
; 15.520   ; -0.060  ;    ;      ;        ;                    ; clock uncertainty                          ;
; 15.520   ; 0.000   ;    ; uTsu ; 1      ; FF_X45_Y39_N13     ; zhao_cmd_scheduler:u_sched|dead_lim[1][27] ;
+----------+---------+----+------+--------+--------------------+--------------------------------------------+

----------------------------
; Extra Fitter Information ;
----------------------------
HTML report is unavailable in plain text report export.


Path #33: Setup slack is -0.179 (VIOLATED)
===============================================================================
+---------------------------------------------------------+
; Path Summary                                            ;
+--------------------+------------------------------------+
; Property           ; Value                              ;
+--------------------+------------------------------------+
; From Node          ; zhao_cmd_dma:u_dma|cw[0]~DUPLICATE ;
; To Node            ; zhao_cmd_dma:u_dma|crc_hdr_r[24]   ;
; Launch Clock       ; gpu_clk                            ;
; Latch Clock        ; gpu_clk                            ;
; Data Arrival Time  ; 15.621                             ;
; Data Required Time ; 15.442                             ;
; Slack              ; -0.179 (VIOLATED)                  ;
+--------------------+------------------------------------+

+------------------------------------------------------------------------------------+
; Statistics                                                                         ;
+------------------------+--------+-------+-------------+------------+-------+-------+
; Property               ; Value  ; Count ; Total Delay ; % of Total ; Min   ; Max   ;
+------------------------+--------+-------+-------------+------------+-------+-------+
; Setup Relationship     ; 10.000 ;       ;             ;            ;       ;       ;
; Clock Skew             ; -0.528 ;       ;             ;            ;       ;       ;
; Data Delay             ; 9.591  ;       ;             ;            ;       ;       ;
; Number of Logic Levels ;        ; 7     ;             ;            ;       ;       ;
; Physical Delays        ;        ;       ;             ;            ;       ;       ;
;  Arrival Path          ;        ;       ;             ;            ;       ;       ;
;   Clock                ;        ;       ;             ;            ;       ;       ;
;    IC                  ;        ; 2     ; 5.134       ; 85         ; 2.391 ; 2.743 ;
;    Cell                ;        ; 2     ; 0.896       ; 15         ; 0.321 ; 0.575 ;
;   Data                 ;        ;       ;             ;            ;       ;       ;
;    IC                  ;        ; 8     ; 6.393       ; 67         ; 0.000 ; 1.399 ;
;    Cell                ;        ; 9     ; 3.198       ; 33         ; 0.000 ; 0.550 ;
;    uTco                ;        ; 1     ; 0.000       ; 0          ; 0.000 ; 0.000 ;
;  Required Path         ;        ;       ;             ;            ;       ;       ;
;   Clock                ;        ;       ;             ;            ;       ;       ;
;    IC                  ;        ; 2     ; 2.529       ; 76         ; 0.588 ; 1.941 ;
;    Cell                ;        ; 2     ; 0.792       ; 24         ; 0.295 ; 0.497 ;
+------------------------+--------+-------+-------------+------------+-------+-------+
Note: Negative delays are omitted from totals when calculating percentages

+-------------------------------------------------------------------------------------------------------------+
; Data Arrival Path                                                                                           ;
+----------+---------+----+------+--------+---------------------+---------------------------------------------+
; Total    ; Incr    ; RF ; Type ; Fanout ; Location            ; Element                                     ;
+----------+---------+----+------+--------+---------------------+---------------------------------------------+
; 0.000    ; 0.000   ;    ;      ;        ;                     ; launch edge time                            ;
; 6.030    ; 6.030   ;    ;      ;        ;                     ; clock path                                  ;
;   0.000  ;   0.000 ;    ;      ;        ;                     ; source latency                              ;
;   0.000  ;   0.000 ;    ;      ; 1      ; LABCELL_X1_Y36_N48  ; gpu_clk                                     ;
;   2.743  ;   2.743 ; RR ; IC   ; 1      ; CLKCTRL_G2          ; gpu_clk~CLKENA0|inclk                       ;
;   3.064  ;   0.321 ; RR ; CELL ; 9151   ; CLKCTRL_G2          ; gpu_clk~CLKENA0|outclk                      ;
;   5.455  ;   2.391 ; RR ; IC   ; 1      ; FF_X16_Y38_N22      ; u_dma|cw[0]~DUPLICATE|clk                   ;
;   6.030  ;   0.575 ; RR ; CELL ; 1      ; FF_X16_Y38_N22      ; zhao_cmd_dma:u_dma|cw[0]~DUPLICATE          ;
; 15.621   ; 9.591   ;    ;      ;        ;                     ; data path                                   ;
;   6.030  ;   0.000 ;    ; uTco ; 1      ; FF_X16_Y38_N22      ; zhao_cmd_dma:u_dma|cw[0]~DUPLICATE          ;
;   6.030  ;   0.000 ; FF ; CELL ; 135    ; FF_X16_Y38_N22      ; u_dma|cw[0]~DUPLICATE|q                     ;
;   7.369  ;   1.339 ; FF ; IC   ; 1      ; LABCELL_X17_Y36_N18 ; u_dma|fold_d[13]~75|datad                   ;
;   7.877  ;   0.508 ; FF ; CELL ; 1      ; LABCELL_X17_Y36_N18 ; u_dma|fold_d[13]~75|combout                 ;
;   9.276  ;   1.399 ; FF ; IC   ; 1      ; LABCELL_X12_Y38_N57 ; u_dma|fold_d[13]~77|datad                   ;
;   9.656  ;   0.380 ; FF ; CELL ; 16     ; LABCELL_X12_Y38_N57 ; u_dma|fold_d[13]~77|combout                 ;
;   10.432 ;   0.776 ; FF ; IC   ; 1      ; LABCELL_X11_Y39_N45 ; u_dma|u_fold8|g_fold[8].acc[24]~204|datad   ;
;   10.867 ;   0.435 ; FR ; CELL ; 1      ; LABCELL_X11_Y39_N45 ; u_dma|u_fold8|g_fold[8].acc[24]~204|combout ;
;   11.080 ;   0.213 ; RR ; IC   ; 1      ; LABCELL_X11_Y39_N30 ; u_dma|u_fold8|g_fold[8].acc[24]~205|datab   ;
;   11.630 ;   0.550 ; RF ; CELL ; 1      ; LABCELL_X11_Y39_N30 ; u_dma|u_fold8|g_fold[8].acc[24]~205|combout ;
;   12.304 ;   0.674 ; FF ; IC   ; 1      ; LABCELL_X10_Y38_N48 ; u_dma|u_fold8|g_fold[8].acc[24]~206|dataa   ;
;   12.839 ;   0.535 ; FF ; CELL ; 1      ; LABCELL_X10_Y38_N48 ; u_dma|u_fold8|g_fold[8].acc[24]~206|combout ;
;   14.044 ;   1.205 ; FF ; IC   ; 1      ; LABCELL_X9_Y36_N18  ; u_dma|u_fold8|g_fold[8].acc[24]~207|dataf   ;
;   14.125 ;   0.081 ; FF ; CELL ; 2      ; LABCELL_X9_Y36_N18  ; u_dma|u_fold8|g_fold[8].acc[24]~207|combout ;
;   14.912 ;   0.787 ; FF ; IC   ; 1      ; MLABCELL_X8_Y34_N33 ; u_dma|Selector878~0|datad                   ;
;   15.343 ;   0.431 ; FR ; CELL ; 2      ; MLABCELL_X8_Y34_N33 ; u_dma|Selector878~0|combout                 ;
;   15.343 ;   0.000 ; RR ; IC   ; 1      ; FF_X8_Y34_N34       ; u_dma|crc_hdr_r[24]|d                       ;
;   15.621 ;   0.278 ; RR ; CELL ; 1      ; FF_X8_Y34_N34       ; zhao_cmd_dma:u_dma|crc_hdr_r[24]            ;
+----------+---------+----+------+--------+---------------------+---------------------------------------------+

+-------------------------------------------------------------------------------------------------+
; Data Required Path                                                                              ;
+----------+---------+----+------+--------+--------------------+----------------------------------+
; Total    ; Incr    ; RF ; Type ; Fanout ; Location           ; Element                          ;
+----------+---------+----+------+--------+--------------------+----------------------------------+
; 10.000   ; 10.000  ;    ;      ;        ;                    ; latch edge time                  ;
; 15.502   ; 5.502   ;    ;      ;        ;                    ; clock path                       ;
;   10.000 ;   0.000 ;    ;      ;        ;                    ; source latency                   ;
;   10.000 ;   0.000 ;    ;      ; 1      ; LABCELL_X1_Y36_N48 ; gpu_clk                          ;
;   10.588 ;   0.588 ; RR ; IC   ; 1      ; CLKCTRL_G2         ; gpu_clk~CLKENA0|inclk            ;
;   10.883 ;   0.295 ; RR ; CELL ; 9151   ; CLKCTRL_G2         ; gpu_clk~CLKENA0|outclk           ;
;   12.824 ;   1.941 ; RR ; IC   ; 1      ; FF_X8_Y34_N34      ; u_dma|crc_hdr_r[24]|clk          ;
;   13.321 ;   0.497 ; RR ; CELL ; 1      ; FF_X8_Y34_N34      ; zhao_cmd_dma:u_dma|crc_hdr_r[24] ;
;   15.502 ;   2.181 ;    ;      ;        ;                    ; clock pessimism removed          ;
; 15.442   ; -0.060  ;    ;      ;        ;                    ; clock uncertainty                ;
; 15.442   ; 0.000   ;    ; uTsu ; 1      ; FF_X8_Y34_N34      ; zhao_cmd_dma:u_dma|crc_hdr_r[24] ;
+----------+---------+----+------+--------+--------------------+----------------------------------+

----------------------------
; Extra Fitter Information ;
----------------------------
HTML report is unavailable in plain text report export.


Path #34: Setup slack is -0.176 (VIOLATED)
===============================================================================
+-----------------------------------------------------------------+
; Path Summary                                                    ;
+--------------------+--------------------------------------------+
; Property           ; Value                                      ;
+--------------------+--------------------------------------------+
; From Node          ; zhao_cmd_dma:u_dma|cw[0]~DUPLICATE         ;
; To Node            ; zhao_cmd_dma:u_dma|crc_hdr_r[24]~DUPLICATE ;
; Launch Clock       ; gpu_clk                                    ;
; Latch Clock        ; gpu_clk                                    ;
; Data Arrival Time  ; 15.623                                     ;
; Data Required Time ; 15.447                                     ;
; Slack              ; -0.176 (VIOLATED)                          ;
+--------------------+--------------------------------------------+

+------------------------------------------------------------------------------------+
; Statistics                                                                         ;
+------------------------+--------+-------+-------------+------------+-------+-------+
; Property               ; Value  ; Count ; Total Delay ; % of Total ; Min   ; Max   ;
+------------------------+--------+-------+-------------+------------+-------+-------+
; Setup Relationship     ; 10.000 ;       ;             ;            ;       ;       ;
; Clock Skew             ; -0.523 ;       ;             ;            ;       ;       ;
; Data Delay             ; 9.593  ;       ;             ;            ;       ;       ;
; Number of Logic Levels ;        ; 7     ;             ;            ;       ;       ;
; Physical Delays        ;        ;       ;             ;            ;       ;       ;
;  Arrival Path          ;        ;       ;             ;            ;       ;       ;
;   Clock                ;        ;       ;             ;            ;       ;       ;
;    IC                  ;        ; 2     ; 5.134       ; 85         ; 2.391 ; 2.743 ;
;    Cell                ;        ; 2     ; 0.896       ; 15         ; 0.321 ; 0.575 ;
;   Data                 ;        ;       ;             ;            ;       ;       ;
;    IC                  ;        ; 8     ; 6.393       ; 67         ; 0.000 ; 1.399 ;
;    Cell                ;        ; 9     ; 3.200       ; 33         ; 0.000 ; 0.550 ;
;    uTco                ;        ; 1     ; 0.000       ; 0          ; 0.000 ; 0.000 ;
;  Required Path         ;        ;       ;             ;            ;       ;       ;
;   Clock                ;        ;       ;             ;            ;       ;       ;
;    IC                  ;        ; 2     ; 2.529       ; 76         ; 0.588 ; 1.941 ;
;    Cell                ;        ; 2     ; 0.797       ; 24         ; 0.295 ; 0.502 ;
+------------------------+--------+-------+-------------+------------+-------+-------+
Note: Negative delays are omitted from totals when calculating percentages

+-------------------------------------------------------------------------------------------------------------+
; Data Arrival Path                                                                                           ;
+----------+---------+----+------+--------+---------------------+---------------------------------------------+
; Total    ; Incr    ; RF ; Type ; Fanout ; Location            ; Element                                     ;
+----------+---------+----+------+--------+---------------------+---------------------------------------------+
; 0.000    ; 0.000   ;    ;      ;        ;                     ; launch edge time                            ;
; 6.030    ; 6.030   ;    ;      ;        ;                     ; clock path                                  ;
;   0.000  ;   0.000 ;    ;      ;        ;                     ; source latency                              ;
;   0.000  ;   0.000 ;    ;      ; 1      ; LABCELL_X1_Y36_N48  ; gpu_clk                                     ;
;   2.743  ;   2.743 ; RR ; IC   ; 1      ; CLKCTRL_G2          ; gpu_clk~CLKENA0|inclk                       ;
;   3.064  ;   0.321 ; RR ; CELL ; 9151   ; CLKCTRL_G2          ; gpu_clk~CLKENA0|outclk                      ;
;   5.455  ;   2.391 ; RR ; IC   ; 1      ; FF_X16_Y38_N22      ; u_dma|cw[0]~DUPLICATE|clk                   ;
;   6.030  ;   0.575 ; RR ; CELL ; 1      ; FF_X16_Y38_N22      ; zhao_cmd_dma:u_dma|cw[0]~DUPLICATE          ;
; 15.623   ; 9.593   ;    ;      ;        ;                     ; data path                                   ;
;   6.030  ;   0.000 ;    ; uTco ; 1      ; FF_X16_Y38_N22      ; zhao_cmd_dma:u_dma|cw[0]~DUPLICATE          ;
;   6.030  ;   0.000 ; FF ; CELL ; 135    ; FF_X16_Y38_N22      ; u_dma|cw[0]~DUPLICATE|q                     ;
;   7.369  ;   1.339 ; FF ; IC   ; 1      ; LABCELL_X17_Y36_N18 ; u_dma|fold_d[13]~75|datad                   ;
;   7.877  ;   0.508 ; FF ; CELL ; 1      ; LABCELL_X17_Y36_N18 ; u_dma|fold_d[13]~75|combout                 ;
;   9.276  ;   1.399 ; FF ; IC   ; 1      ; LABCELL_X12_Y38_N57 ; u_dma|fold_d[13]~77|datad                   ;
;   9.656  ;   0.380 ; FF ; CELL ; 16     ; LABCELL_X12_Y38_N57 ; u_dma|fold_d[13]~77|combout                 ;
;   10.432 ;   0.776 ; FF ; IC   ; 1      ; LABCELL_X11_Y39_N45 ; u_dma|u_fold8|g_fold[8].acc[24]~204|datad   ;
;   10.867 ;   0.435 ; FR ; CELL ; 1      ; LABCELL_X11_Y39_N45 ; u_dma|u_fold8|g_fold[8].acc[24]~204|combout ;
;   11.080 ;   0.213 ; RR ; IC   ; 1      ; LABCELL_X11_Y39_N30 ; u_dma|u_fold8|g_fold[8].acc[24]~205|datab   ;
;   11.630 ;   0.550 ; RF ; CELL ; 1      ; LABCELL_X11_Y39_N30 ; u_dma|u_fold8|g_fold[8].acc[24]~205|combout ;
;   12.304 ;   0.674 ; FF ; IC   ; 1      ; LABCELL_X10_Y38_N48 ; u_dma|u_fold8|g_fold[8].acc[24]~206|dataa   ;
;   12.839 ;   0.535 ; FF ; CELL ; 1      ; LABCELL_X10_Y38_N48 ; u_dma|u_fold8|g_fold[8].acc[24]~206|combout ;
;   14.044 ;   1.205 ; FF ; IC   ; 1      ; LABCELL_X9_Y36_N18  ; u_dma|u_fold8|g_fold[8].acc[24]~207|dataf   ;
;   14.125 ;   0.081 ; FF ; CELL ; 2      ; LABCELL_X9_Y36_N18  ; u_dma|u_fold8|g_fold[8].acc[24]~207|combout ;
;   14.912 ;   0.787 ; FF ; IC   ; 1      ; MLABCELL_X8_Y34_N33 ; u_dma|Selector878~0|datad                   ;
;   15.343 ;   0.431 ; FR ; CELL ; 2      ; MLABCELL_X8_Y34_N33 ; u_dma|Selector878~0|combout                 ;
;   15.343 ;   0.000 ; RR ; IC   ; 1      ; FF_X8_Y34_N35       ; u_dma|crc_hdr_r[24]~DUPLICATE|d             ;
;   15.623 ;   0.280 ; RR ; CELL ; 1      ; FF_X8_Y34_N35       ; zhao_cmd_dma:u_dma|crc_hdr_r[24]~DUPLICATE  ;
+----------+---------+----+------+--------+---------------------+---------------------------------------------+

+-----------------------------------------------------------------------------------------------------------+
; Data Required Path                                                                                        ;
+----------+---------+----+------+--------+--------------------+--------------------------------------------+
; Total    ; Incr    ; RF ; Type ; Fanout ; Location           ; Element                                    ;
+----------+---------+----+------+--------+--------------------+--------------------------------------------+
; 10.000   ; 10.000  ;    ;      ;        ;                    ; latch edge time                            ;
; 15.507   ; 5.507   ;    ;      ;        ;                    ; clock path                                 ;
;   10.000 ;   0.000 ;    ;      ;        ;                    ; source latency                             ;
;   10.000 ;   0.000 ;    ;      ; 1      ; LABCELL_X1_Y36_N48 ; gpu_clk                                    ;
;   10.588 ;   0.588 ; RR ; IC   ; 1      ; CLKCTRL_G2         ; gpu_clk~CLKENA0|inclk                      ;
;   10.883 ;   0.295 ; RR ; CELL ; 9151   ; CLKCTRL_G2         ; gpu_clk~CLKENA0|outclk                     ;
;   12.824 ;   1.941 ; RR ; IC   ; 1      ; FF_X8_Y34_N35      ; u_dma|crc_hdr_r[24]~DUPLICATE|clk          ;
;   13.326 ;   0.502 ; RR ; CELL ; 1      ; FF_X8_Y34_N35      ; zhao_cmd_dma:u_dma|crc_hdr_r[24]~DUPLICATE ;
;   15.507 ;   2.181 ;    ;      ;        ;                    ; clock pessimism removed                    ;
; 15.447   ; -0.060  ;    ;      ;        ;                    ; clock uncertainty                          ;
; 15.447   ; 0.000   ;    ; uTsu ; 1      ; FF_X8_Y34_N35      ; zhao_cmd_dma:u_dma|crc_hdr_r[24]~DUPLICATE ;
+----------+---------+----+------+--------+--------------------+--------------------------------------------+

----------------------------
; Extra Fitter Information ;
----------------------------
HTML report is unavailable in plain text report export.


Path #35: Setup slack is -0.157 (VIOLATED)
===============================================================================
+---------------------------------------------------------+
; Path Summary                                            ;
+--------------------+------------------------------------+
; Property           ; Value                              ;
+--------------------+------------------------------------+
; From Node          ; zhao_cmd_dma:u_dma|cw[0]~DUPLICATE ;
; To Node            ; zhao_cmd_dma:u_dma|crc_hdr_r[3]    ;
; Launch Clock       ; gpu_clk                            ;
; Latch Clock        ; gpu_clk                            ;
; Data Arrival Time  ; 15.608                             ;
; Data Required Time ; 15.451                             ;
; Slack              ; -0.157 (VIOLATED)                  ;
+--------------------+------------------------------------+

+------------------------------------------------------------------------------------+
; Statistics                                                                         ;
+------------------------+--------+-------+-------------+------------+-------+-------+
; Property               ; Value  ; Count ; Total Delay ; % of Total ; Min   ; Max   ;
+------------------------+--------+-------+-------------+------------+-------+-------+
; Setup Relationship     ; 10.000 ;       ;             ;            ;       ;       ;
; Clock Skew             ; -0.519 ;       ;             ;            ;       ;       ;
; Data Delay             ; 9.578  ;       ;             ;            ;       ;       ;
; Number of Logic Levels ;        ; 7     ;             ;            ;       ;       ;
; Physical Delays        ;        ;       ;             ;            ;       ;       ;
;  Arrival Path          ;        ;       ;             ;            ;       ;       ;
;   Clock                ;        ;       ;             ;            ;       ;       ;
;    IC                  ;        ; 2     ; 5.134       ; 85         ; 2.391 ; 2.743 ;
;    Cell                ;        ; 2     ; 0.896       ; 15         ; 0.321 ; 0.575 ;
;   Data                 ;        ;       ;             ;            ;       ;       ;
;    IC                  ;        ; 8     ; 6.646       ; 69         ; 0.000 ; 1.763 ;
;    Cell                ;        ; 9     ; 2.932       ; 31         ; 0.000 ; 0.561 ;
;    uTco                ;        ; 1     ; 0.000       ; 0          ; 0.000 ; 0.000 ;
;  Required Path         ;        ;       ;             ;            ;       ;       ;
;   Clock                ;        ;       ;             ;            ;       ;       ;
;    IC                  ;        ; 2     ; 2.532       ; 76         ; 0.588 ; 1.944 ;
;    Cell                ;        ; 2     ; 0.798       ; 24         ; 0.295 ; 0.503 ;
+------------------------+--------+-------+-------------+------------+-------+-------+
Note: Negative delays are omitted from totals when calculating percentages

+-------------------------------------------------------------------------------------------------------------+
; Data Arrival Path                                                                                           ;
+----------+---------+----+------+--------+----------------------+--------------------------------------------+
; Total    ; Incr    ; RF ; Type ; Fanout ; Location             ; Element                                    ;
+----------+---------+----+------+--------+----------------------+--------------------------------------------+
; 0.000    ; 0.000   ;    ;      ;        ;                      ; launch edge time                           ;
; 6.030    ; 6.030   ;    ;      ;        ;                      ; clock path                                 ;
;   0.000  ;   0.000 ;    ;      ;        ;                      ; source latency                             ;
;   0.000  ;   0.000 ;    ;      ; 1      ; LABCELL_X1_Y36_N48   ; gpu_clk                                    ;
;   2.743  ;   2.743 ; RR ; IC   ; 1      ; CLKCTRL_G2           ; gpu_clk~CLKENA0|inclk                      ;
;   3.064  ;   0.321 ; RR ; CELL ; 9151   ; CLKCTRL_G2           ; gpu_clk~CLKENA0|outclk                     ;
;   5.455  ;   2.391 ; RR ; IC   ; 1      ; FF_X16_Y38_N22       ; u_dma|cw[0]~DUPLICATE|clk                  ;
;   6.030  ;   0.575 ; RR ; CELL ; 1      ; FF_X16_Y38_N22       ; zhao_cmd_dma:u_dma|cw[0]~DUPLICATE         ;
; 15.608   ; 9.578   ;    ;      ;        ;                      ; data path                                  ;
;   6.030  ;   0.000 ;    ; uTco ; 1      ; FF_X16_Y38_N22       ; zhao_cmd_dma:u_dma|cw[0]~DUPLICATE         ;
;   6.030  ;   0.000 ; FF ; CELL ; 135    ; FF_X16_Y38_N22       ; u_dma|cw[0]~DUPLICATE|q                    ;
;   7.793  ;   1.763 ; FF ; IC   ; 1      ; MLABCELL_X15_Y34_N39 ; u_dma|fold_d[30]~45|datad                  ;
;   8.300  ;   0.507 ; FF ; CELL ; 1      ; MLABCELL_X15_Y34_N39 ; u_dma|fold_d[30]~45|combout                ;
;   9.465  ;   1.165 ; FF ; IC   ; 1      ; MLABCELL_X15_Y37_N6  ; u_dma|fold_d[30]~47|datac                  ;
;   9.973  ;   0.508 ; FF ; CELL ; 22     ; MLABCELL_X15_Y37_N6  ; u_dma|fold_d[30]~47|combout                ;
;   10.974 ;   1.001 ; FF ; IC   ; 1      ; MLABCELL_X8_Y38_N21  ; u_dma|u_fold8|g_fold[8].acc[3]~157|dataa   ;
;   11.535 ;   0.561 ; FF ; CELL ; 1      ; MLABCELL_X8_Y38_N21  ; u_dma|u_fold8|g_fold[8].acc[3]~157|combout ;
;   11.746 ;   0.211 ; FF ; IC   ; 1      ; MLABCELL_X8_Y38_N3   ; u_dma|u_fold8|g_fold[8].acc[3]~158|datad   ;
;   12.144 ;   0.398 ; FF ; CELL ; 1      ; MLABCELL_X8_Y38_N3   ; u_dma|u_fold8|g_fold[8].acc[3]~158|combout ;
;   13.255 ;   1.111 ; FF ; IC   ; 1      ; LABCELL_X7_Y40_N0    ; u_dma|u_fold8|g_fold[8].acc[3]~159|dataf   ;
;   13.336 ;   0.081 ; FF ; CELL ; 1      ; LABCELL_X7_Y40_N0    ; u_dma|u_fold8|g_fold[8].acc[3]~159|combout ;
;   14.500 ;   1.164 ; FF ; IC   ; 1      ; LABCELL_X7_Y36_N15   ; u_dma|u_fold8|g_fold[8].acc[3]~160|datac   ;
;   15.009 ;   0.509 ; FF ; CELL ; 2      ; LABCELL_X7_Y36_N15   ; u_dma|u_fold8|g_fold[8].acc[3]~160|combout ;
;   15.240 ;   0.231 ; FF ; IC   ; 1      ; LABCELL_X7_Y36_N42   ; u_dma|Selector899~0|dataf                  ;
;   15.328 ;   0.088 ; FR ; CELL ; 2      ; LABCELL_X7_Y36_N42   ; u_dma|Selector899~0|combout                ;
;   15.328 ;   0.000 ; RR ; IC   ; 1      ; FF_X7_Y36_N44        ; u_dma|crc_hdr_r[3]|d                       ;
;   15.608 ;   0.280 ; RR ; CELL ; 1      ; FF_X7_Y36_N44        ; zhao_cmd_dma:u_dma|crc_hdr_r[3]            ;
+----------+---------+----+------+--------+----------------------+--------------------------------------------+

+------------------------------------------------------------------------------------------------+
; Data Required Path                                                                             ;
+----------+---------+----+------+--------+--------------------+---------------------------------+
; Total    ; Incr    ; RF ; Type ; Fanout ; Location           ; Element                         ;
+----------+---------+----+------+--------+--------------------+---------------------------------+
; 10.000   ; 10.000  ;    ;      ;        ;                    ; latch edge time                 ;
; 15.511   ; 5.511   ;    ;      ;        ;                    ; clock path                      ;
;   10.000 ;   0.000 ;    ;      ;        ;                    ; source latency                  ;
;   10.000 ;   0.000 ;    ;      ; 1      ; LABCELL_X1_Y36_N48 ; gpu_clk                         ;
;   10.588 ;   0.588 ; RR ; IC   ; 1      ; CLKCTRL_G2         ; gpu_clk~CLKENA0|inclk           ;
;   10.883 ;   0.295 ; RR ; CELL ; 9151   ; CLKCTRL_G2         ; gpu_clk~CLKENA0|outclk          ;
;   12.827 ;   1.944 ; RR ; IC   ; 1      ; FF_X7_Y36_N44      ; u_dma|crc_hdr_r[3]|clk          ;
;   13.330 ;   0.503 ; RR ; CELL ; 1      ; FF_X7_Y36_N44      ; zhao_cmd_dma:u_dma|crc_hdr_r[3] ;
;   15.511 ;   2.181 ;    ;      ;        ;                    ; clock pessimism removed         ;
; 15.451   ; -0.060  ;    ;      ;        ;                    ; clock uncertainty               ;
; 15.451   ; 0.000   ;    ; uTsu ; 1      ; FF_X7_Y36_N44      ; zhao_cmd_dma:u_dma|crc_hdr_r[3] ;
+----------+---------+----+------+--------+--------------------+---------------------------------+

----------------------------
; Extra Fitter Information ;
----------------------------
HTML report is unavailable in plain text report export.


Path #36: Setup slack is -0.154 (VIOLATED)
===============================================================================
+----------------------------------------------------------------+
; Path Summary                                                   ;
+--------------------+-------------------------------------------+
; Property           ; Value                                     ;
+--------------------+-------------------------------------------+
; From Node          ; zhao_cmd_dma:u_dma|cw[0]~DUPLICATE        ;
; To Node            ; zhao_cmd_dma:u_dma|crc_pay_r[3]~DUPLICATE ;
; Launch Clock       ; gpu_clk                                   ;
; Latch Clock        ; gpu_clk                                   ;
; Data Arrival Time  ; 15.597                                    ;
; Data Required Time ; 15.443                                    ;
; Slack              ; -0.154 (VIOLATED)                         ;
+--------------------+-------------------------------------------+

+------------------------------------------------------------------------------------+
; Statistics                                                                         ;
+------------------------+--------+-------+-------------+------------+-------+-------+
; Property               ; Value  ; Count ; Total Delay ; % of Total ; Min   ; Max   ;
+------------------------+--------+-------+-------------+------------+-------+-------+
; Setup Relationship     ; 10.000 ;       ;             ;            ;       ;       ;
; Clock Skew             ; -0.527 ;       ;             ;            ;       ;       ;
; Data Delay             ; 9.567  ;       ;             ;            ;       ;       ;
; Number of Logic Levels ;        ; 7     ;             ;            ;       ;       ;
; Physical Delays        ;        ;       ;             ;            ;       ;       ;
;  Arrival Path          ;        ;       ;             ;            ;       ;       ;
;   Clock                ;        ;       ;             ;            ;       ;       ;
;    IC                  ;        ; 2     ; 5.134       ; 85         ; 2.391 ; 2.743 ;
;    Cell                ;        ; 2     ; 0.896       ; 15         ; 0.321 ; 0.575 ;
;   Data                 ;        ;       ;             ;            ;       ;       ;
;    IC                  ;        ; 8     ; 6.635       ; 69         ; 0.000 ; 1.763 ;
;    Cell                ;        ; 9     ; 2.932       ; 31         ; 0.000 ; 0.561 ;
;    uTco                ;        ; 1     ; 0.000       ; 0          ; 0.000 ; 0.000 ;
;  Required Path         ;        ;       ;             ;            ;       ;       ;
;   Clock                ;        ;       ;             ;            ;       ;       ;
;    IC                  ;        ; 2     ; 2.532       ; 76         ; 0.588 ; 1.944 ;
;    Cell                ;        ; 2     ; 0.790       ; 24         ; 0.295 ; 0.495 ;
+------------------------+--------+-------+-------------+------------+-------+-------+
Note: Negative delays are omitted from totals when calculating percentages

+-------------------------------------------------------------------------------------------------------------+
; Data Arrival Path                                                                                           ;
+----------+---------+----+------+--------+----------------------+--------------------------------------------+
; Total    ; Incr    ; RF ; Type ; Fanout ; Location             ; Element                                    ;
+----------+---------+----+------+--------+----------------------+--------------------------------------------+
; 0.000    ; 0.000   ;    ;      ;        ;                      ; launch edge time                           ;
; 6.030    ; 6.030   ;    ;      ;        ;                      ; clock path                                 ;
;   0.000  ;   0.000 ;    ;      ;        ;                      ; source latency                             ;
;   0.000  ;   0.000 ;    ;      ; 1      ; LABCELL_X1_Y36_N48   ; gpu_clk                                    ;
;   2.743  ;   2.743 ; RR ; IC   ; 1      ; CLKCTRL_G2           ; gpu_clk~CLKENA0|inclk                      ;
;   3.064  ;   0.321 ; RR ; CELL ; 9151   ; CLKCTRL_G2           ; gpu_clk~CLKENA0|outclk                     ;
;   5.455  ;   2.391 ; RR ; IC   ; 1      ; FF_X16_Y38_N22       ; u_dma|cw[0]~DUPLICATE|clk                  ;
;   6.030  ;   0.575 ; RR ; CELL ; 1      ; FF_X16_Y38_N22       ; zhao_cmd_dma:u_dma|cw[0]~DUPLICATE         ;
; 15.597   ; 9.567   ;    ;      ;        ;                      ; data path                                  ;
;   6.030  ;   0.000 ;    ; uTco ; 1      ; FF_X16_Y38_N22       ; zhao_cmd_dma:u_dma|cw[0]~DUPLICATE         ;
;   6.030  ;   0.000 ; FF ; CELL ; 135    ; FF_X16_Y38_N22       ; u_dma|cw[0]~DUPLICATE|q                    ;
;   7.793  ;   1.763 ; FF ; IC   ; 1      ; MLABCELL_X15_Y34_N39 ; u_dma|fold_d[30]~45|datad                  ;
;   8.300  ;   0.507 ; FF ; CELL ; 1      ; MLABCELL_X15_Y34_N39 ; u_dma|fold_d[30]~45|combout                ;
;   9.465  ;   1.165 ; FF ; IC   ; 1      ; MLABCELL_X15_Y37_N6  ; u_dma|fold_d[30]~47|datac                  ;
;   9.973  ;   0.508 ; FF ; CELL ; 22     ; MLABCELL_X15_Y37_N6  ; u_dma|fold_d[30]~47|combout                ;
;   10.974 ;   1.001 ; FF ; IC   ; 1      ; MLABCELL_X8_Y38_N21  ; u_dma|u_fold8|g_fold[8].acc[3]~157|dataa   ;
;   11.535 ;   0.561 ; FF ; CELL ; 1      ; MLABCELL_X8_Y38_N21  ; u_dma|u_fold8|g_fold[8].acc[3]~157|combout ;
;   11.746 ;   0.211 ; FF ; IC   ; 1      ; MLABCELL_X8_Y38_N3   ; u_dma|u_fold8|g_fold[8].acc[3]~158|datad   ;
;   12.144 ;   0.398 ; FF ; CELL ; 1      ; MLABCELL_X8_Y38_N3   ; u_dma|u_fold8|g_fold[8].acc[3]~158|combout ;
;   13.255 ;   1.111 ; FF ; IC   ; 1      ; LABCELL_X7_Y40_N0    ; u_dma|u_fold8|g_fold[8].acc[3]~159|dataf   ;
;   13.336 ;   0.081 ; FF ; CELL ; 1      ; LABCELL_X7_Y40_N0    ; u_dma|u_fold8|g_fold[8].acc[3]~159|combout ;
;   14.500 ;   1.164 ; FF ; IC   ; 1      ; LABCELL_X7_Y36_N15   ; u_dma|u_fold8|g_fold[8].acc[3]~160|datac   ;
;   15.009 ;   0.509 ; FF ; CELL ; 2      ; LABCELL_X7_Y36_N15   ; u_dma|u_fold8|g_fold[8].acc[3]~160|combout ;
;   15.229 ;   0.220 ; FF ; IC   ; 1      ; LABCELL_X7_Y36_N0    ; u_dma|Selector933~0|dataf                  ;
;   15.317 ;   0.088 ; FR ; CELL ; 2      ; LABCELL_X7_Y36_N0    ; u_dma|Selector933~0|combout                ;
;   15.317 ;   0.000 ; RR ; IC   ; 1      ; FF_X7_Y36_N2         ; u_dma|crc_pay_r[3]~DUPLICATE|d             ;
;   15.597 ;   0.280 ; RR ; CELL ; 1      ; FF_X7_Y36_N2         ; zhao_cmd_dma:u_dma|crc_pay_r[3]~DUPLICATE  ;
+----------+---------+----+------+--------+----------------------+--------------------------------------------+

+----------------------------------------------------------------------------------------------------------+
; Data Required Path                                                                                       ;
+----------+---------+----+------+--------+--------------------+-------------------------------------------+
; Total    ; Incr    ; RF ; Type ; Fanout ; Location           ; Element                                   ;
+----------+---------+----+------+--------+--------------------+-------------------------------------------+
; 10.000   ; 10.000  ;    ;      ;        ;                    ; latch edge time                           ;
; 15.503   ; 5.503   ;    ;      ;        ;                    ; clock path                                ;
;   10.000 ;   0.000 ;    ;      ;        ;                    ; source latency                            ;
;   10.000 ;   0.000 ;    ;      ; 1      ; LABCELL_X1_Y36_N48 ; gpu_clk                                   ;
;   10.588 ;   0.588 ; RR ; IC   ; 1      ; CLKCTRL_G2         ; gpu_clk~CLKENA0|inclk                     ;
;   10.883 ;   0.295 ; RR ; CELL ; 9151   ; CLKCTRL_G2         ; gpu_clk~CLKENA0|outclk                    ;
;   12.827 ;   1.944 ; RR ; IC   ; 1      ; FF_X7_Y36_N2       ; u_dma|crc_pay_r[3]~DUPLICATE|clk          ;
;   13.322 ;   0.495 ; RR ; CELL ; 1      ; FF_X7_Y36_N2       ; zhao_cmd_dma:u_dma|crc_pay_r[3]~DUPLICATE ;
;   15.503 ;   2.181 ;    ;      ;        ;                    ; clock pessimism removed                   ;
; 15.443   ; -0.060  ;    ;      ;        ;                    ; clock uncertainty                         ;
; 15.443   ; 0.000   ;    ; uTsu ; 1      ; FF_X7_Y36_N2       ; zhao_cmd_dma:u_dma|crc_pay_r[3]~DUPLICATE ;
+----------+---------+----+------+--------+--------------------+-------------------------------------------+

----------------------------
; Extra Fitter Information ;
----------------------------
HTML report is unavailable in plain text report export.


Path #37: Setup slack is -0.152 (VIOLATED)
===============================================================================
+-----------------------------------------------------------------+
; Path Summary                                                    ;
+--------------------+--------------------------------------------+
; Property           ; Value                                      ;
+--------------------+--------------------------------------------+
; From Node          ; rq_rp[0]                                   ;
; To Node            ; zhao_cmd_scheduler:u_sched|dead_lim[1][19] ;
; Launch Clock       ; gpu_clk                                    ;
; Latch Clock        ; gpu_clk                                    ;
; Data Arrival Time  ; 15.664                                     ;
; Data Required Time ; 15.512                                     ;
; Slack              ; -0.152 (VIOLATED)                          ;
+--------------------+--------------------------------------------+

+------------------------------------------------------------------------------------+
; Statistics                                                                         ;
+------------------------+--------+-------+-------------+------------+-------+-------+
; Property               ; Value  ; Count ; Total Delay ; % of Total ; Min   ; Max   ;
+------------------------+--------+-------+-------------+------------+-------+-------+
; Setup Relationship     ; 10.000 ;       ;             ;            ;       ;       ;
; Clock Skew             ; -0.433 ;       ;             ;            ;       ;       ;
; Data Delay             ; 9.659  ;       ;             ;            ;       ;       ;
; Number of Logic Levels ;        ; 6     ;             ;            ;       ;       ;
; Physical Delays        ;        ;       ;             ;            ;       ;       ;
;  Arrival Path          ;        ;       ;             ;            ;       ;       ;
;   Clock                ;        ;       ;             ;            ;       ;       ;
;    IC                  ;        ; 2     ; 5.100       ; 85         ; 2.357 ; 2.743 ;
;    Cell                ;        ; 2     ; 0.905       ; 15         ; 0.321 ; 0.584 ;
;   Data                 ;        ;       ;             ;            ;       ;       ;
;    IC                  ;        ; 7     ; 6.139       ; 64         ; 0.200 ; 1.695 ;
;    Cell                ;        ; 8     ; 3.520       ; 36         ; 0.000 ; 0.721 ;
;    uTco                ;        ; 1     ; 0.000       ; 0          ; 0.000 ; 0.000 ;
;  Required Path         ;        ;       ;             ;            ;       ;       ;
;   Clock                ;        ;       ;             ;            ;       ;       ;
;    IC                  ;        ; 2     ; 2.613       ; 77         ; 0.588 ; 2.025 ;
;    Cell                ;        ; 2     ; 0.778       ; 23         ; 0.295 ; 0.483 ;
+------------------------+--------+-------+-------------+------------+-------+-------+
Note: Negative delays are omitted from totals when calculating percentages

+------------------------------------------------------------------------------------------------------------+
; Data Arrival Path                                                                                          ;
+----------+---------+----+------+--------+---------------------+--------------------------------------------+
; Total    ; Incr    ; RF ; Type ; Fanout ; Location            ; Element                                    ;
+----------+---------+----+------+--------+---------------------+--------------------------------------------+
; 0.000    ; 0.000   ;    ;      ;        ;                     ; launch edge time                           ;
; 6.005    ; 6.005   ;    ;      ;        ;                     ; clock path                                 ;
;   0.000  ;   0.000 ;    ;      ;        ;                     ; source latency                             ;
;   0.000  ;   0.000 ;    ;      ; 1      ; LABCELL_X1_Y36_N48  ; gpu_clk                                    ;
;   2.743  ;   2.743 ; RR ; IC   ; 1      ; CLKCTRL_G2          ; gpu_clk~CLKENA0|inclk                      ;
;   3.064  ;   0.321 ; RR ; CELL ; 9151   ; CLKCTRL_G2          ; gpu_clk~CLKENA0|outclk                     ;
;   5.421  ;   2.357 ; RR ; IC   ; 1      ; FF_X35_Y36_N46      ; rq_rp[0]|clk                               ;
;   6.005  ;   0.584 ; RR ; CELL ; 1      ; FF_X35_Y36_N46      ; rq_rp[0]                                   ;
; 15.664   ; 9.659   ;    ;      ;        ;                     ; data path                                  ;
;   6.005  ;   0.000 ;    ; uTco ; 1      ; FF_X35_Y36_N46      ; rq_rp[0]                                   ;
;   6.005  ;   0.000 ; FF ; CELL ; 221    ; FF_X35_Y36_N46      ; rq_rp[0]|q                                 ;
;   7.700  ;   1.695 ; FF ; IC   ; 1      ; LABCELL_X31_Y37_N27 ; Mux158~0|datab                             ;
;   8.258  ;   0.558 ; FF ; CELL ; 1      ; LABCELL_X31_Y37_N27 ; Mux158~0|combout                           ;
;   9.037  ;   0.779 ; FF ; IC   ; 1      ; LABCELL_X35_Y37_N21 ; Mux158~2|datad                             ;
;   9.549  ;   0.512 ; FF ; CELL ; 5      ; LABCELL_X35_Y37_N21 ; Mux158~2|combout                           ;
;   9.749  ;   0.200 ; FF ; IC   ; 1      ; LABCELL_X35_Y37_N33 ; u_sched|Equal37~3|dataa                    ;
;   10.318 ;   0.569 ; FR ; CELL ; 1      ; LABCELL_X35_Y37_N33 ; u_sched|Equal37~3|combout                  ;
;   10.646 ;   0.328 ; RR ; IC   ; 1      ; LABCELL_X36_Y37_N24 ; u_sched|Equal37~4|datab                    ;
;   11.228 ;   0.582 ; RR ; CELL ; 1      ; LABCELL_X36_Y37_N24 ; u_sched|Equal37~4|combout                  ;
;   12.082 ;   0.854 ; RR ; IC   ; 1      ; LABCELL_X36_Y36_N54 ; u_sched|Decoder4~1|datac                   ;
;   12.576 ;   0.494 ; RF ; CELL ; 6      ; LABCELL_X36_Y36_N54 ; u_sched|Decoder4~1|combout                 ;
;   14.072 ;   1.496 ; FF ; IC   ; 1      ; LABCELL_X42_Y39_N18 ; u_sched|Decoder4~4|dataf                   ;
;   14.156 ;   0.084 ; FF ; CELL ; 32     ; LABCELL_X42_Y39_N18 ; u_sched|Decoder4~4|combout                 ;
;   14.943 ;   0.787 ; FF ; IC   ; 1      ; FF_X42_Y40_N46      ; u_sched|dead_lim[1][19]|sclr               ;
;   15.664 ;   0.721 ; FF ; CELL ; 1      ; FF_X42_Y40_N46      ; zhao_cmd_scheduler:u_sched|dead_lim[1][19] ;
+----------+---------+----+------+--------+---------------------+--------------------------------------------+

+-----------------------------------------------------------------------------------------------------------+
; Data Required Path                                                                                        ;
+----------+---------+----+------+--------+--------------------+--------------------------------------------+
; Total    ; Incr    ; RF ; Type ; Fanout ; Location           ; Element                                    ;
+----------+---------+----+------+--------+--------------------+--------------------------------------------+
; 10.000   ; 10.000  ;    ;      ;        ;                    ; latch edge time                            ;
; 15.572   ; 5.572   ;    ;      ;        ;                    ; clock path                                 ;
;   10.000 ;   0.000 ;    ;      ;        ;                    ; source latency                             ;
;   10.000 ;   0.000 ;    ;      ; 1      ; LABCELL_X1_Y36_N48 ; gpu_clk                                    ;
;   10.588 ;   0.588 ; RR ; IC   ; 1      ; CLKCTRL_G2         ; gpu_clk~CLKENA0|inclk                      ;
;   10.883 ;   0.295 ; RR ; CELL ; 9151   ; CLKCTRL_G2         ; gpu_clk~CLKENA0|outclk                     ;
;   12.908 ;   2.025 ; RR ; IC   ; 1      ; FF_X42_Y40_N46     ; u_sched|dead_lim[1][19]|clk                ;
;   13.391 ;   0.483 ; RR ; CELL ; 1      ; FF_X42_Y40_N46     ; zhao_cmd_scheduler:u_sched|dead_lim[1][19] ;
;   15.572 ;   2.181 ;    ;      ;        ;                    ; clock pessimism removed                    ;
; 15.512   ; -0.060  ;    ;      ;        ;                    ; clock uncertainty                          ;
; 15.512   ; 0.000   ;    ; uTsu ; 1      ; FF_X42_Y40_N46     ; zhao_cmd_scheduler:u_sched|dead_lim[1][19] ;
+----------+---------+----+------+--------+--------------------+--------------------------------------------+

----------------------------
; Extra Fitter Information ;
----------------------------
HTML report is unavailable in plain text report export.


Path #38: Setup slack is -0.151 (VIOLATED)
===============================================================================
+----------------------------------------------------------------+
; Path Summary                                                   ;
+--------------------+-------------------------------------------+
; Property           ; Value                                     ;
+--------------------+-------------------------------------------+
; From Node          ; zhao_cmd_dma:u_dma|cw[0]~DUPLICATE        ;
; To Node            ; zhao_cmd_dma:u_dma|crc_hdr_r[3]~DUPLICATE ;
; Launch Clock       ; gpu_clk                                   ;
; Latch Clock        ; gpu_clk                                   ;
; Data Arrival Time  ; 15.606                                    ;
; Data Required Time ; 15.455                                    ;
; Slack              ; -0.151 (VIOLATED)                         ;
+--------------------+-------------------------------------------+

+------------------------------------------------------------------------------------+
; Statistics                                                                         ;
+------------------------+--------+-------+-------------+------------+-------+-------+
; Property               ; Value  ; Count ; Total Delay ; % of Total ; Min   ; Max   ;
+------------------------+--------+-------+-------------+------------+-------+-------+
; Setup Relationship     ; 10.000 ;       ;             ;            ;       ;       ;
; Clock Skew             ; -0.515 ;       ;             ;            ;       ;       ;
; Data Delay             ; 9.576  ;       ;             ;            ;       ;       ;
; Number of Logic Levels ;        ; 7     ;             ;            ;       ;       ;
; Physical Delays        ;        ;       ;             ;            ;       ;       ;
;  Arrival Path          ;        ;       ;             ;            ;       ;       ;
;   Clock                ;        ;       ;             ;            ;       ;       ;
;    IC                  ;        ; 2     ; 5.134       ; 85         ; 2.391 ; 2.743 ;
;    Cell                ;        ; 2     ; 0.896       ; 15         ; 0.321 ; 0.575 ;
;   Data                 ;        ;       ;             ;            ;       ;       ;
;    IC                  ;        ; 8     ; 6.646       ; 69         ; 0.000 ; 1.763 ;
;    Cell                ;        ; 9     ; 2.930       ; 31         ; 0.000 ; 0.561 ;
;    uTco                ;        ; 1     ; 0.000       ; 0          ; 0.000 ; 0.000 ;
;  Required Path         ;        ;       ;             ;            ;       ;       ;
;   Clock                ;        ;       ;             ;            ;       ;       ;
;    IC                  ;        ; 2     ; 2.532       ; 76         ; 0.588 ; 1.944 ;
;    Cell                ;        ; 2     ; 0.802       ; 24         ; 0.295 ; 0.507 ;
+------------------------+--------+-------+-------------+------------+-------+-------+
Note: Negative delays are omitted from totals when calculating percentages

+-------------------------------------------------------------------------------------------------------------+
; Data Arrival Path                                                                                           ;
+----------+---------+----+------+--------+----------------------+--------------------------------------------+
; Total    ; Incr    ; RF ; Type ; Fanout ; Location             ; Element                                    ;
+----------+---------+----+------+--------+----------------------+--------------------------------------------+
; 0.000    ; 0.000   ;    ;      ;        ;                      ; launch edge time                           ;
; 6.030    ; 6.030   ;    ;      ;        ;                      ; clock path                                 ;
;   0.000  ;   0.000 ;    ;      ;        ;                      ; source latency                             ;
;   0.000  ;   0.000 ;    ;      ; 1      ; LABCELL_X1_Y36_N48   ; gpu_clk                                    ;
;   2.743  ;   2.743 ; RR ; IC   ; 1      ; CLKCTRL_G2           ; gpu_clk~CLKENA0|inclk                      ;
;   3.064  ;   0.321 ; RR ; CELL ; 9151   ; CLKCTRL_G2           ; gpu_clk~CLKENA0|outclk                     ;
;   5.455  ;   2.391 ; RR ; IC   ; 1      ; FF_X16_Y38_N22       ; u_dma|cw[0]~DUPLICATE|clk                  ;
;   6.030  ;   0.575 ; RR ; CELL ; 1      ; FF_X16_Y38_N22       ; zhao_cmd_dma:u_dma|cw[0]~DUPLICATE         ;
; 15.606   ; 9.576   ;    ;      ;        ;                      ; data path                                  ;
;   6.030  ;   0.000 ;    ; uTco ; 1      ; FF_X16_Y38_N22       ; zhao_cmd_dma:u_dma|cw[0]~DUPLICATE         ;
;   6.030  ;   0.000 ; FF ; CELL ; 135    ; FF_X16_Y38_N22       ; u_dma|cw[0]~DUPLICATE|q                    ;
;   7.793  ;   1.763 ; FF ; IC   ; 1      ; MLABCELL_X15_Y34_N39 ; u_dma|fold_d[30]~45|datad                  ;
;   8.300  ;   0.507 ; FF ; CELL ; 1      ; MLABCELL_X15_Y34_N39 ; u_dma|fold_d[30]~45|combout                ;
;   9.465  ;   1.165 ; FF ; IC   ; 1      ; MLABCELL_X15_Y37_N6  ; u_dma|fold_d[30]~47|datac                  ;
;   9.973  ;   0.508 ; FF ; CELL ; 22     ; MLABCELL_X15_Y37_N6  ; u_dma|fold_d[30]~47|combout                ;
;   10.974 ;   1.001 ; FF ; IC   ; 1      ; MLABCELL_X8_Y38_N21  ; u_dma|u_fold8|g_fold[8].acc[3]~157|dataa   ;
;   11.535 ;   0.561 ; FF ; CELL ; 1      ; MLABCELL_X8_Y38_N21  ; u_dma|u_fold8|g_fold[8].acc[3]~157|combout ;
;   11.746 ;   0.211 ; FF ; IC   ; 1      ; MLABCELL_X8_Y38_N3   ; u_dma|u_fold8|g_fold[8].acc[3]~158|datad   ;
;   12.144 ;   0.398 ; FF ; CELL ; 1      ; MLABCELL_X8_Y38_N3   ; u_dma|u_fold8|g_fold[8].acc[3]~158|combout ;
;   13.255 ;   1.111 ; FF ; IC   ; 1      ; LABCELL_X7_Y40_N0    ; u_dma|u_fold8|g_fold[8].acc[3]~159|dataf   ;
;   13.336 ;   0.081 ; FF ; CELL ; 1      ; LABCELL_X7_Y40_N0    ; u_dma|u_fold8|g_fold[8].acc[3]~159|combout ;
;   14.500 ;   1.164 ; FF ; IC   ; 1      ; LABCELL_X7_Y36_N15   ; u_dma|u_fold8|g_fold[8].acc[3]~160|datac   ;
;   15.009 ;   0.509 ; FF ; CELL ; 2      ; LABCELL_X7_Y36_N15   ; u_dma|u_fold8|g_fold[8].acc[3]~160|combout ;
;   15.240 ;   0.231 ; FF ; IC   ; 1      ; LABCELL_X7_Y36_N42   ; u_dma|Selector899~0|dataf                  ;
;   15.328 ;   0.088 ; FR ; CELL ; 2      ; LABCELL_X7_Y36_N42   ; u_dma|Selector899~0|combout                ;
;   15.328 ;   0.000 ; RR ; IC   ; 1      ; FF_X7_Y36_N43        ; u_dma|crc_hdr_r[3]~DUPLICATE|d             ;
;   15.606 ;   0.278 ; RR ; CELL ; 1      ; FF_X7_Y36_N43        ; zhao_cmd_dma:u_dma|crc_hdr_r[3]~DUPLICATE  ;
+----------+---------+----+------+--------+----------------------+--------------------------------------------+

+----------------------------------------------------------------------------------------------------------+
; Data Required Path                                                                                       ;
+----------+---------+----+------+--------+--------------------+-------------------------------------------+
; Total    ; Incr    ; RF ; Type ; Fanout ; Location           ; Element                                   ;
+----------+---------+----+------+--------+--------------------+-------------------------------------------+
; 10.000   ; 10.000  ;    ;      ;        ;                    ; latch edge time                           ;
; 15.515   ; 5.515   ;    ;      ;        ;                    ; clock path                                ;
;   10.000 ;   0.000 ;    ;      ;        ;                    ; source latency                            ;
;   10.000 ;   0.000 ;    ;      ; 1      ; LABCELL_X1_Y36_N48 ; gpu_clk                                   ;
;   10.588 ;   0.588 ; RR ; IC   ; 1      ; CLKCTRL_G2         ; gpu_clk~CLKENA0|inclk                     ;
;   10.883 ;   0.295 ; RR ; CELL ; 9151   ; CLKCTRL_G2         ; gpu_clk~CLKENA0|outclk                    ;
;   12.827 ;   1.944 ; RR ; IC   ; 1      ; FF_X7_Y36_N43      ; u_dma|crc_hdr_r[3]~DUPLICATE|clk          ;
;   13.334 ;   0.507 ; RR ; CELL ; 1      ; FF_X7_Y36_N43      ; zhao_cmd_dma:u_dma|crc_hdr_r[3]~DUPLICATE ;
;   15.515 ;   2.181 ;    ;      ;        ;                    ; clock pessimism removed                   ;
; 15.455   ; -0.060  ;    ;      ;        ;                    ; clock uncertainty                         ;
; 15.455   ; 0.000   ;    ; uTsu ; 1      ; FF_X7_Y36_N43      ; zhao_cmd_dma:u_dma|crc_hdr_r[3]~DUPLICATE ;
+----------+---------+----+------+--------+--------------------+-------------------------------------------+

----------------------------
; Extra Fitter Information ;
----------------------------
HTML report is unavailable in plain text report export.


Path #39: Setup slack is -0.149 (VIOLATED)
===============================================================================
+---------------------------------------------------------+
; Path Summary                                            ;
+--------------------+------------------------------------+
; Property           ; Value                              ;
+--------------------+------------------------------------+
; From Node          ; zhao_cmd_dma:u_dma|cw[0]~DUPLICATE ;
; To Node            ; zhao_cmd_dma:u_dma|crc_pay_r[3]    ;
; Launch Clock       ; gpu_clk                            ;
; Latch Clock        ; gpu_clk                            ;
; Data Arrival Time  ; 15.595                             ;
; Data Required Time ; 15.446                             ;
; Slack              ; -0.149 (VIOLATED)                  ;
+--------------------+------------------------------------+

+------------------------------------------------------------------------------------+
; Statistics                                                                         ;
+------------------------+--------+-------+-------------+------------+-------+-------+
; Property               ; Value  ; Count ; Total Delay ; % of Total ; Min   ; Max   ;
+------------------------+--------+-------+-------------+------------+-------+-------+
; Setup Relationship     ; 10.000 ;       ;             ;            ;       ;       ;
; Clock Skew             ; -0.524 ;       ;             ;            ;       ;       ;
; Data Delay             ; 9.565  ;       ;             ;            ;       ;       ;
; Number of Logic Levels ;        ; 7     ;             ;            ;       ;       ;
; Physical Delays        ;        ;       ;             ;            ;       ;       ;
;  Arrival Path          ;        ;       ;             ;            ;       ;       ;
;   Clock                ;        ;       ;             ;            ;       ;       ;
;    IC                  ;        ; 2     ; 5.134       ; 85         ; 2.391 ; 2.743 ;
;    Cell                ;        ; 2     ; 0.896       ; 15         ; 0.321 ; 0.575 ;
;   Data                 ;        ;       ;             ;            ;       ;       ;
;    IC                  ;        ; 8     ; 6.635       ; 69         ; 0.000 ; 1.763 ;
;    Cell                ;        ; 9     ; 2.930       ; 31         ; 0.000 ; 0.561 ;
;    uTco                ;        ; 1     ; 0.000       ; 0          ; 0.000 ; 0.000 ;
;  Required Path         ;        ;       ;             ;            ;       ;       ;
;   Clock                ;        ;       ;             ;            ;       ;       ;
;    IC                  ;        ; 2     ; 2.532       ; 76         ; 0.588 ; 1.944 ;
;    Cell                ;        ; 2     ; 0.793       ; 24         ; 0.295 ; 0.498 ;
+------------------------+--------+-------+-------------+------------+-------+-------+
Note: Negative delays are omitted from totals when calculating percentages

+-------------------------------------------------------------------------------------------------------------+
; Data Arrival Path                                                                                           ;
+----------+---------+----+------+--------+----------------------+--------------------------------------------+
; Total    ; Incr    ; RF ; Type ; Fanout ; Location             ; Element                                    ;
+----------+---------+----+------+--------+----------------------+--------------------------------------------+
; 0.000    ; 0.000   ;    ;      ;        ;                      ; launch edge time                           ;
; 6.030    ; 6.030   ;    ;      ;        ;                      ; clock path                                 ;
;   0.000  ;   0.000 ;    ;      ;        ;                      ; source latency                             ;
;   0.000  ;   0.000 ;    ;      ; 1      ; LABCELL_X1_Y36_N48   ; gpu_clk                                    ;
;   2.743  ;   2.743 ; RR ; IC   ; 1      ; CLKCTRL_G2           ; gpu_clk~CLKENA0|inclk                      ;
;   3.064  ;   0.321 ; RR ; CELL ; 9151   ; CLKCTRL_G2           ; gpu_clk~CLKENA0|outclk                     ;
;   5.455  ;   2.391 ; RR ; IC   ; 1      ; FF_X16_Y38_N22       ; u_dma|cw[0]~DUPLICATE|clk                  ;
;   6.030  ;   0.575 ; RR ; CELL ; 1      ; FF_X16_Y38_N22       ; zhao_cmd_dma:u_dma|cw[0]~DUPLICATE         ;
; 15.595   ; 9.565   ;    ;      ;        ;                      ; data path                                  ;
;   6.030  ;   0.000 ;    ; uTco ; 1      ; FF_X16_Y38_N22       ; zhao_cmd_dma:u_dma|cw[0]~DUPLICATE         ;
;   6.030  ;   0.000 ; FF ; CELL ; 135    ; FF_X16_Y38_N22       ; u_dma|cw[0]~DUPLICATE|q                    ;
;   7.793  ;   1.763 ; FF ; IC   ; 1      ; MLABCELL_X15_Y34_N39 ; u_dma|fold_d[30]~45|datad                  ;
;   8.300  ;   0.507 ; FF ; CELL ; 1      ; MLABCELL_X15_Y34_N39 ; u_dma|fold_d[30]~45|combout                ;
;   9.465  ;   1.165 ; FF ; IC   ; 1      ; MLABCELL_X15_Y37_N6  ; u_dma|fold_d[30]~47|datac                  ;
;   9.973  ;   0.508 ; FF ; CELL ; 22     ; MLABCELL_X15_Y37_N6  ; u_dma|fold_d[30]~47|combout                ;
;   10.974 ;   1.001 ; FF ; IC   ; 1      ; MLABCELL_X8_Y38_N21  ; u_dma|u_fold8|g_fold[8].acc[3]~157|dataa   ;
;   11.535 ;   0.561 ; FF ; CELL ; 1      ; MLABCELL_X8_Y38_N21  ; u_dma|u_fold8|g_fold[8].acc[3]~157|combout ;
;   11.746 ;   0.211 ; FF ; IC   ; 1      ; MLABCELL_X8_Y38_N3   ; u_dma|u_fold8|g_fold[8].acc[3]~158|datad   ;
;   12.144 ;   0.398 ; FF ; CELL ; 1      ; MLABCELL_X8_Y38_N3   ; u_dma|u_fold8|g_fold[8].acc[3]~158|combout ;
;   13.255 ;   1.111 ; FF ; IC   ; 1      ; LABCELL_X7_Y40_N0    ; u_dma|u_fold8|g_fold[8].acc[3]~159|dataf   ;
;   13.336 ;   0.081 ; FF ; CELL ; 1      ; LABCELL_X7_Y40_N0    ; u_dma|u_fold8|g_fold[8].acc[3]~159|combout ;
;   14.500 ;   1.164 ; FF ; IC   ; 1      ; LABCELL_X7_Y36_N15   ; u_dma|u_fold8|g_fold[8].acc[3]~160|datac   ;
;   15.009 ;   0.509 ; FF ; CELL ; 2      ; LABCELL_X7_Y36_N15   ; u_dma|u_fold8|g_fold[8].acc[3]~160|combout ;
;   15.229 ;   0.220 ; FF ; IC   ; 1      ; LABCELL_X7_Y36_N0    ; u_dma|Selector933~0|dataf                  ;
;   15.317 ;   0.088 ; FR ; CELL ; 2      ; LABCELL_X7_Y36_N0    ; u_dma|Selector933~0|combout                ;
;   15.317 ;   0.000 ; RR ; IC   ; 1      ; FF_X7_Y36_N1         ; u_dma|crc_pay_r[3]|d                       ;
;   15.595 ;   0.278 ; RR ; CELL ; 1      ; FF_X7_Y36_N1         ; zhao_cmd_dma:u_dma|crc_pay_r[3]            ;
+----------+---------+----+------+--------+----------------------+--------------------------------------------+

+------------------------------------------------------------------------------------------------+
; Data Required Path                                                                             ;
+----------+---------+----+------+--------+--------------------+---------------------------------+
; Total    ; Incr    ; RF ; Type ; Fanout ; Location           ; Element                         ;
+----------+---------+----+------+--------+--------------------+---------------------------------+
; 10.000   ; 10.000  ;    ;      ;        ;                    ; latch edge time                 ;
; 15.506   ; 5.506   ;    ;      ;        ;                    ; clock path                      ;
;   10.000 ;   0.000 ;    ;      ;        ;                    ; source latency                  ;
;   10.000 ;   0.000 ;    ;      ; 1      ; LABCELL_X1_Y36_N48 ; gpu_clk                         ;
;   10.588 ;   0.588 ; RR ; IC   ; 1      ; CLKCTRL_G2         ; gpu_clk~CLKENA0|inclk           ;
;   10.883 ;   0.295 ; RR ; CELL ; 9151   ; CLKCTRL_G2         ; gpu_clk~CLKENA0|outclk          ;
;   12.827 ;   1.944 ; RR ; IC   ; 1      ; FF_X7_Y36_N1       ; u_dma|crc_pay_r[3]|clk          ;
;   13.325 ;   0.498 ; RR ; CELL ; 1      ; FF_X7_Y36_N1       ; zhao_cmd_dma:u_dma|crc_pay_r[3] ;
;   15.506 ;   2.181 ;    ;      ;        ;                    ; clock pessimism removed         ;
; 15.446   ; -0.060  ;    ;      ;        ;                    ; clock uncertainty               ;
; 15.446   ; 0.000   ;    ; uTsu ; 1      ; FF_X7_Y36_N1       ; zhao_cmd_dma:u_dma|crc_pay_r[3] ;
+----------+---------+----+------+--------+--------------------+---------------------------------+

----------------------------
; Extra Fitter Information ;
----------------------------
HTML report is unavailable in plain text report export.


Path #40: Setup slack is -0.147 (VIOLATED)
===============================================================================
+-----------------------------------------------------------------+
; Path Summary                                                    ;
+--------------------+--------------------------------------------+
; Property           ; Value                                      ;
+--------------------+--------------------------------------------+
; From Node          ; rq_rp[0]                                   ;
; To Node            ; zhao_cmd_scheduler:u_sched|dead_lim[1][20] ;
; Launch Clock       ; gpu_clk                                    ;
; Latch Clock        ; gpu_clk                                    ;
; Data Arrival Time  ; 15.664                                     ;
; Data Required Time ; 15.517                                     ;
; Slack              ; -0.147 (VIOLATED)                          ;
+--------------------+--------------------------------------------+

+------------------------------------------------------------------------------------+
; Statistics                                                                         ;
+------------------------+--------+-------+-------------+------------+-------+-------+
; Property               ; Value  ; Count ; Total Delay ; % of Total ; Min   ; Max   ;
+------------------------+--------+-------+-------------+------------+-------+-------+
; Setup Relationship     ; 10.000 ;       ;             ;            ;       ;       ;
; Clock Skew             ; -0.428 ;       ;             ;            ;       ;       ;
; Data Delay             ; 9.659  ;       ;             ;            ;       ;       ;
; Number of Logic Levels ;        ; 6     ;             ;            ;       ;       ;
; Physical Delays        ;        ;       ;             ;            ;       ;       ;
;  Arrival Path          ;        ;       ;             ;            ;       ;       ;
;   Clock                ;        ;       ;             ;            ;       ;       ;
;    IC                  ;        ; 2     ; 5.100       ; 85         ; 2.357 ; 2.743 ;
;    Cell                ;        ; 2     ; 0.905       ; 15         ; 0.321 ; 0.584 ;
;   Data                 ;        ;       ;             ;            ;       ;       ;
;    IC                  ;        ; 7     ; 6.139       ; 64         ; 0.200 ; 1.695 ;
;    Cell                ;        ; 8     ; 3.520       ; 36         ; 0.000 ; 0.721 ;
;    uTco                ;        ; 1     ; 0.000       ; 0          ; 0.000 ; 0.000 ;
;  Required Path         ;        ;       ;             ;            ;       ;       ;
;   Clock                ;        ;       ;             ;            ;       ;       ;
;    IC                  ;        ; 2     ; 2.613       ; 77         ; 0.588 ; 2.025 ;
;    Cell                ;        ; 2     ; 0.783       ; 23         ; 0.295 ; 0.488 ;
+------------------------+--------+-------+-------------+------------+-------+-------+
Note: Negative delays are omitted from totals when calculating percentages

+------------------------------------------------------------------------------------------------------------+
; Data Arrival Path                                                                                          ;
+----------+---------+----+------+--------+---------------------+--------------------------------------------+
; Total    ; Incr    ; RF ; Type ; Fanout ; Location            ; Element                                    ;
+----------+---------+----+------+--------+---------------------+--------------------------------------------+
; 0.000    ; 0.000   ;    ;      ;        ;                     ; launch edge time                           ;
; 6.005    ; 6.005   ;    ;      ;        ;                     ; clock path                                 ;
;   0.000  ;   0.000 ;    ;      ;        ;                     ; source latency                             ;
;   0.000  ;   0.000 ;    ;      ; 1      ; LABCELL_X1_Y36_N48  ; gpu_clk                                    ;
;   2.743  ;   2.743 ; RR ; IC   ; 1      ; CLKCTRL_G2          ; gpu_clk~CLKENA0|inclk                      ;
;   3.064  ;   0.321 ; RR ; CELL ; 9151   ; CLKCTRL_G2          ; gpu_clk~CLKENA0|outclk                     ;
;   5.421  ;   2.357 ; RR ; IC   ; 1      ; FF_X35_Y36_N46      ; rq_rp[0]|clk                               ;
;   6.005  ;   0.584 ; RR ; CELL ; 1      ; FF_X35_Y36_N46      ; rq_rp[0]                                   ;
; 15.664   ; 9.659   ;    ;      ;        ;                     ; data path                                  ;
;   6.005  ;   0.000 ;    ; uTco ; 1      ; FF_X35_Y36_N46      ; rq_rp[0]                                   ;
;   6.005  ;   0.000 ; FF ; CELL ; 221    ; FF_X35_Y36_N46      ; rq_rp[0]|q                                 ;
;   7.700  ;   1.695 ; FF ; IC   ; 1      ; LABCELL_X31_Y37_N27 ; Mux158~0|datab                             ;
;   8.258  ;   0.558 ; FF ; CELL ; 1      ; LABCELL_X31_Y37_N27 ; Mux158~0|combout                           ;
;   9.037  ;   0.779 ; FF ; IC   ; 1      ; LABCELL_X35_Y37_N21 ; Mux158~2|datad                             ;
;   9.549  ;   0.512 ; FF ; CELL ; 5      ; LABCELL_X35_Y37_N21 ; Mux158~2|combout                           ;
;   9.749  ;   0.200 ; FF ; IC   ; 1      ; LABCELL_X35_Y37_N33 ; u_sched|Equal37~3|dataa                    ;
;   10.318 ;   0.569 ; FR ; CELL ; 1      ; LABCELL_X35_Y37_N33 ; u_sched|Equal37~3|combout                  ;
;   10.646 ;   0.328 ; RR ; IC   ; 1      ; LABCELL_X36_Y37_N24 ; u_sched|Equal37~4|datab                    ;
;   11.228 ;   0.582 ; RR ; CELL ; 1      ; LABCELL_X36_Y37_N24 ; u_sched|Equal37~4|combout                  ;
;   12.082 ;   0.854 ; RR ; IC   ; 1      ; LABCELL_X36_Y36_N54 ; u_sched|Decoder4~1|datac                   ;
;   12.576 ;   0.494 ; RF ; CELL ; 6      ; LABCELL_X36_Y36_N54 ; u_sched|Decoder4~1|combout                 ;
;   14.072 ;   1.496 ; FF ; IC   ; 1      ; LABCELL_X42_Y39_N18 ; u_sched|Decoder4~4|dataf                   ;
;   14.156 ;   0.084 ; FF ; CELL ; 32     ; LABCELL_X42_Y39_N18 ; u_sched|Decoder4~4|combout                 ;
;   14.943 ;   0.787 ; FF ; IC   ; 1      ; FF_X42_Y40_N19      ; u_sched|dead_lim[1][20]|sclr               ;
;   15.664 ;   0.721 ; FF ; CELL ; 1      ; FF_X42_Y40_N19      ; zhao_cmd_scheduler:u_sched|dead_lim[1][20] ;
+----------+---------+----+------+--------+---------------------+--------------------------------------------+

+-----------------------------------------------------------------------------------------------------------+
; Data Required Path                                                                                        ;
+----------+---------+----+------+--------+--------------------+--------------------------------------------+
; Total    ; Incr    ; RF ; Type ; Fanout ; Location           ; Element                                    ;
+----------+---------+----+------+--------+--------------------+--------------------------------------------+
; 10.000   ; 10.000  ;    ;      ;        ;                    ; latch edge time                            ;
; 15.577   ; 5.577   ;    ;      ;        ;                    ; clock path                                 ;
;   10.000 ;   0.000 ;    ;      ;        ;                    ; source latency                             ;
;   10.000 ;   0.000 ;    ;      ; 1      ; LABCELL_X1_Y36_N48 ; gpu_clk                                    ;
;   10.588 ;   0.588 ; RR ; IC   ; 1      ; CLKCTRL_G2         ; gpu_clk~CLKENA0|inclk                      ;
;   10.883 ;   0.295 ; RR ; CELL ; 9151   ; CLKCTRL_G2         ; gpu_clk~CLKENA0|outclk                     ;
;   12.908 ;   2.025 ; RR ; IC   ; 1      ; FF_X42_Y40_N19     ; u_sched|dead_lim[1][20]|clk                ;
;   13.396 ;   0.488 ; RR ; CELL ; 1      ; FF_X42_Y40_N19     ; zhao_cmd_scheduler:u_sched|dead_lim[1][20] ;
;   15.577 ;   2.181 ;    ;      ;        ;                    ; clock pessimism removed                    ;
; 15.517   ; -0.060  ;    ;      ;        ;                    ; clock uncertainty                          ;
; 15.517   ; 0.000   ;    ; uTsu ; 1      ; FF_X42_Y40_N19     ; zhao_cmd_scheduler:u_sched|dead_lim[1][20] ;
+----------+---------+----+------+--------+--------------------+--------------------------------------------+

----------------------------
; Extra Fitter Information ;
----------------------------
HTML report is unavailable in plain text report export.


Path #41: Setup slack is -0.147 (VIOLATED)
===============================================================================
+-----------------------------------------------------------------+
; Path Summary                                                    ;
+--------------------+--------------------------------------------+
; Property           ; Value                                      ;
+--------------------+--------------------------------------------+
; From Node          ; rq_rp[0]                                   ;
; To Node            ; zhao_cmd_scheduler:u_sched|dead_lim[1][21] ;
; Launch Clock       ; gpu_clk                                    ;
; Latch Clock        ; gpu_clk                                    ;
; Data Arrival Time  ; 15.664                                     ;
; Data Required Time ; 15.517                                     ;
; Slack              ; -0.147 (VIOLATED)                          ;
+--------------------+--------------------------------------------+

+------------------------------------------------------------------------------------+
; Statistics                                                                         ;
+------------------------+--------+-------+-------------+------------+-------+-------+
; Property               ; Value  ; Count ; Total Delay ; % of Total ; Min   ; Max   ;
+------------------------+--------+-------+-------------+------------+-------+-------+
; Setup Relationship     ; 10.000 ;       ;             ;            ;       ;       ;
; Clock Skew             ; -0.428 ;       ;             ;            ;       ;       ;
; Data Delay             ; 9.659  ;       ;             ;            ;       ;       ;
; Number of Logic Levels ;        ; 6     ;             ;            ;       ;       ;
; Physical Delays        ;        ;       ;             ;            ;       ;       ;
;  Arrival Path          ;        ;       ;             ;            ;       ;       ;
;   Clock                ;        ;       ;             ;            ;       ;       ;
;    IC                  ;        ; 2     ; 5.100       ; 85         ; 2.357 ; 2.743 ;
;    Cell                ;        ; 2     ; 0.905       ; 15         ; 0.321 ; 0.584 ;
;   Data                 ;        ;       ;             ;            ;       ;       ;
;    IC                  ;        ; 7     ; 6.139       ; 64         ; 0.200 ; 1.695 ;
;    Cell                ;        ; 8     ; 3.520       ; 36         ; 0.000 ; 0.721 ;
;    uTco                ;        ; 1     ; 0.000       ; 0          ; 0.000 ; 0.000 ;
;  Required Path         ;        ;       ;             ;            ;       ;       ;
;   Clock                ;        ;       ;             ;            ;       ;       ;
;    IC                  ;        ; 2     ; 2.613       ; 77         ; 0.588 ; 2.025 ;
;    Cell                ;        ; 2     ; 0.783       ; 23         ; 0.295 ; 0.488 ;
+------------------------+--------+-------+-------------+------------+-------+-------+
Note: Negative delays are omitted from totals when calculating percentages

+------------------------------------------------------------------------------------------------------------+
; Data Arrival Path                                                                                          ;
+----------+---------+----+------+--------+---------------------+--------------------------------------------+
; Total    ; Incr    ; RF ; Type ; Fanout ; Location            ; Element                                    ;
+----------+---------+----+------+--------+---------------------+--------------------------------------------+
; 0.000    ; 0.000   ;    ;      ;        ;                     ; launch edge time                           ;
; 6.005    ; 6.005   ;    ;      ;        ;                     ; clock path                                 ;
;   0.000  ;   0.000 ;    ;      ;        ;                     ; source latency                             ;
;   0.000  ;   0.000 ;    ;      ; 1      ; LABCELL_X1_Y36_N48  ; gpu_clk                                    ;
;   2.743  ;   2.743 ; RR ; IC   ; 1      ; CLKCTRL_G2          ; gpu_clk~CLKENA0|inclk                      ;
;   3.064  ;   0.321 ; RR ; CELL ; 9151   ; CLKCTRL_G2          ; gpu_clk~CLKENA0|outclk                     ;
;   5.421  ;   2.357 ; RR ; IC   ; 1      ; FF_X35_Y36_N46      ; rq_rp[0]|clk                               ;
;   6.005  ;   0.584 ; RR ; CELL ; 1      ; FF_X35_Y36_N46      ; rq_rp[0]                                   ;
; 15.664   ; 9.659   ;    ;      ;        ;                     ; data path                                  ;
;   6.005  ;   0.000 ;    ; uTco ; 1      ; FF_X35_Y36_N46      ; rq_rp[0]                                   ;
;   6.005  ;   0.000 ; FF ; CELL ; 221    ; FF_X35_Y36_N46      ; rq_rp[0]|q                                 ;
;   7.700  ;   1.695 ; FF ; IC   ; 1      ; LABCELL_X31_Y37_N27 ; Mux158~0|datab                             ;
;   8.258  ;   0.558 ; FF ; CELL ; 1      ; LABCELL_X31_Y37_N27 ; Mux158~0|combout                           ;
;   9.037  ;   0.779 ; FF ; IC   ; 1      ; LABCELL_X35_Y37_N21 ; Mux158~2|datad                             ;
;   9.549  ;   0.512 ; FF ; CELL ; 5      ; LABCELL_X35_Y37_N21 ; Mux158~2|combout                           ;
;   9.749  ;   0.200 ; FF ; IC   ; 1      ; LABCELL_X35_Y37_N33 ; u_sched|Equal37~3|dataa                    ;
;   10.318 ;   0.569 ; FR ; CELL ; 1      ; LABCELL_X35_Y37_N33 ; u_sched|Equal37~3|combout                  ;
;   10.646 ;   0.328 ; RR ; IC   ; 1      ; LABCELL_X36_Y37_N24 ; u_sched|Equal37~4|datab                    ;
;   11.228 ;   0.582 ; RR ; CELL ; 1      ; LABCELL_X36_Y37_N24 ; u_sched|Equal37~4|combout                  ;
;   12.082 ;   0.854 ; RR ; IC   ; 1      ; LABCELL_X36_Y36_N54 ; u_sched|Decoder4~1|datac                   ;
;   12.576 ;   0.494 ; RF ; CELL ; 6      ; LABCELL_X36_Y36_N54 ; u_sched|Decoder4~1|combout                 ;
;   14.072 ;   1.496 ; FF ; IC   ; 1      ; LABCELL_X42_Y39_N18 ; u_sched|Decoder4~4|dataf                   ;
;   14.156 ;   0.084 ; FF ; CELL ; 32     ; LABCELL_X42_Y39_N18 ; u_sched|Decoder4~4|combout                 ;
;   14.943 ;   0.787 ; FF ; IC   ; 1      ; FF_X42_Y40_N1       ; u_sched|dead_lim[1][21]|sclr               ;
;   15.664 ;   0.721 ; FF ; CELL ; 1      ; FF_X42_Y40_N1       ; zhao_cmd_scheduler:u_sched|dead_lim[1][21] ;
+----------+---------+----+------+--------+---------------------+--------------------------------------------+

+-----------------------------------------------------------------------------------------------------------+
; Data Required Path                                                                                        ;
+----------+---------+----+------+--------+--------------------+--------------------------------------------+
; Total    ; Incr    ; RF ; Type ; Fanout ; Location           ; Element                                    ;
+----------+---------+----+------+--------+--------------------+--------------------------------------------+
; 10.000   ; 10.000  ;    ;      ;        ;                    ; latch edge time                            ;
; 15.577   ; 5.577   ;    ;      ;        ;                    ; clock path                                 ;
;   10.000 ;   0.000 ;    ;      ;        ;                    ; source latency                             ;
;   10.000 ;   0.000 ;    ;      ; 1      ; LABCELL_X1_Y36_N48 ; gpu_clk                                    ;
;   10.588 ;   0.588 ; RR ; IC   ; 1      ; CLKCTRL_G2         ; gpu_clk~CLKENA0|inclk                      ;
;   10.883 ;   0.295 ; RR ; CELL ; 9151   ; CLKCTRL_G2         ; gpu_clk~CLKENA0|outclk                     ;
;   12.908 ;   2.025 ; RR ; IC   ; 1      ; FF_X42_Y40_N1      ; u_sched|dead_lim[1][21]|clk                ;
;   13.396 ;   0.488 ; RR ; CELL ; 1      ; FF_X42_Y40_N1      ; zhao_cmd_scheduler:u_sched|dead_lim[1][21] ;
;   15.577 ;   2.181 ;    ;      ;        ;                    ; clock pessimism removed                    ;
; 15.517   ; -0.060  ;    ;      ;        ;                    ; clock uncertainty                          ;
; 15.517   ; 0.000   ;    ; uTsu ; 1      ; FF_X42_Y40_N1      ; zhao_cmd_scheduler:u_sched|dead_lim[1][21] ;
+----------+---------+----+------+--------+--------------------+--------------------------------------------+

----------------------------
; Extra Fitter Information ;
----------------------------
HTML report is unavailable in plain text report export.


Path #42: Setup slack is -0.147 (VIOLATED)
===============================================================================
+-----------------------------------------------------------------+
; Path Summary                                                    ;
+--------------------+--------------------------------------------+
; Property           ; Value                                      ;
+--------------------+--------------------------------------------+
; From Node          ; rq_rp[0]                                   ;
; To Node            ; zhao_cmd_scheduler:u_sched|dead_lim[1][13] ;
; Launch Clock       ; gpu_clk                                    ;
; Latch Clock        ; gpu_clk                                    ;
; Data Arrival Time  ; 15.664                                     ;
; Data Required Time ; 15.517                                     ;
; Slack              ; -0.147 (VIOLATED)                          ;
+--------------------+--------------------------------------------+

+------------------------------------------------------------------------------------+
; Statistics                                                                         ;
+------------------------+--------+-------+-------------+------------+-------+-------+
; Property               ; Value  ; Count ; Total Delay ; % of Total ; Min   ; Max   ;
+------------------------+--------+-------+-------------+------------+-------+-------+
; Setup Relationship     ; 10.000 ;       ;             ;            ;       ;       ;
; Clock Skew             ; -0.428 ;       ;             ;            ;       ;       ;
; Data Delay             ; 9.659  ;       ;             ;            ;       ;       ;
; Number of Logic Levels ;        ; 6     ;             ;            ;       ;       ;
; Physical Delays        ;        ;       ;             ;            ;       ;       ;
;  Arrival Path          ;        ;       ;             ;            ;       ;       ;
;   Clock                ;        ;       ;             ;            ;       ;       ;
;    IC                  ;        ; 2     ; 5.100       ; 85         ; 2.357 ; 2.743 ;
;    Cell                ;        ; 2     ; 0.905       ; 15         ; 0.321 ; 0.584 ;
;   Data                 ;        ;       ;             ;            ;       ;       ;
;    IC                  ;        ; 7     ; 6.139       ; 64         ; 0.200 ; 1.695 ;
;    Cell                ;        ; 8     ; 3.520       ; 36         ; 0.000 ; 0.721 ;
;    uTco                ;        ; 1     ; 0.000       ; 0          ; 0.000 ; 0.000 ;
;  Required Path         ;        ;       ;             ;            ;       ;       ;
;   Clock                ;        ;       ;             ;            ;       ;       ;
;    IC                  ;        ; 2     ; 2.613       ; 77         ; 0.588 ; 2.025 ;
;    Cell                ;        ; 2     ; 0.783       ; 23         ; 0.295 ; 0.488 ;
+------------------------+--------+-------+-------------+------------+-------+-------+
Note: Negative delays are omitted from totals when calculating percentages

+------------------------------------------------------------------------------------------------------------+
; Data Arrival Path                                                                                          ;
+----------+---------+----+------+--------+---------------------+--------------------------------------------+
; Total    ; Incr    ; RF ; Type ; Fanout ; Location            ; Element                                    ;
+----------+---------+----+------+--------+---------------------+--------------------------------------------+
; 0.000    ; 0.000   ;    ;      ;        ;                     ; launch edge time                           ;
; 6.005    ; 6.005   ;    ;      ;        ;                     ; clock path                                 ;
;   0.000  ;   0.000 ;    ;      ;        ;                     ; source latency                             ;
;   0.000  ;   0.000 ;    ;      ; 1      ; LABCELL_X1_Y36_N48  ; gpu_clk                                    ;
;   2.743  ;   2.743 ; RR ; IC   ; 1      ; CLKCTRL_G2          ; gpu_clk~CLKENA0|inclk                      ;
;   3.064  ;   0.321 ; RR ; CELL ; 9151   ; CLKCTRL_G2          ; gpu_clk~CLKENA0|outclk                     ;
;   5.421  ;   2.357 ; RR ; IC   ; 1      ; FF_X35_Y36_N46      ; rq_rp[0]|clk                               ;
;   6.005  ;   0.584 ; RR ; CELL ; 1      ; FF_X35_Y36_N46      ; rq_rp[0]                                   ;
; 15.664   ; 9.659   ;    ;      ;        ;                     ; data path                                  ;
;   6.005  ;   0.000 ;    ; uTco ; 1      ; FF_X35_Y36_N46      ; rq_rp[0]                                   ;
;   6.005  ;   0.000 ; FF ; CELL ; 221    ; FF_X35_Y36_N46      ; rq_rp[0]|q                                 ;
;   7.700  ;   1.695 ; FF ; IC   ; 1      ; LABCELL_X31_Y37_N27 ; Mux158~0|datab                             ;
;   8.258  ;   0.558 ; FF ; CELL ; 1      ; LABCELL_X31_Y37_N27 ; Mux158~0|combout                           ;
;   9.037  ;   0.779 ; FF ; IC   ; 1      ; LABCELL_X35_Y37_N21 ; Mux158~2|datad                             ;
;   9.549  ;   0.512 ; FF ; CELL ; 5      ; LABCELL_X35_Y37_N21 ; Mux158~2|combout                           ;
;   9.749  ;   0.200 ; FF ; IC   ; 1      ; LABCELL_X35_Y37_N33 ; u_sched|Equal37~3|dataa                    ;
;   10.318 ;   0.569 ; FR ; CELL ; 1      ; LABCELL_X35_Y37_N33 ; u_sched|Equal37~3|combout                  ;
;   10.646 ;   0.328 ; RR ; IC   ; 1      ; LABCELL_X36_Y37_N24 ; u_sched|Equal37~4|datab                    ;
;   11.228 ;   0.582 ; RR ; CELL ; 1      ; LABCELL_X36_Y37_N24 ; u_sched|Equal37~4|combout                  ;
;   12.082 ;   0.854 ; RR ; IC   ; 1      ; LABCELL_X36_Y36_N54 ; u_sched|Decoder4~1|datac                   ;
;   12.576 ;   0.494 ; RF ; CELL ; 6      ; LABCELL_X36_Y36_N54 ; u_sched|Decoder4~1|combout                 ;
;   14.072 ;   1.496 ; FF ; IC   ; 1      ; LABCELL_X42_Y39_N18 ; u_sched|Decoder4~4|dataf                   ;
;   14.156 ;   0.084 ; FF ; CELL ; 32     ; LABCELL_X42_Y39_N18 ; u_sched|Decoder4~4|combout                 ;
;   14.943 ;   0.787 ; FF ; IC   ; 1      ; FF_X42_Y40_N49      ; u_sched|dead_lim[1][13]|sclr               ;
;   15.664 ;   0.721 ; FF ; CELL ; 1      ; FF_X42_Y40_N49      ; zhao_cmd_scheduler:u_sched|dead_lim[1][13] ;
+----------+---------+----+------+--------+---------------------+--------------------------------------------+

+-----------------------------------------------------------------------------------------------------------+
; Data Required Path                                                                                        ;
+----------+---------+----+------+--------+--------------------+--------------------------------------------+
; Total    ; Incr    ; RF ; Type ; Fanout ; Location           ; Element                                    ;
+----------+---------+----+------+--------+--------------------+--------------------------------------------+
; 10.000   ; 10.000  ;    ;      ;        ;                    ; latch edge time                            ;
; 15.577   ; 5.577   ;    ;      ;        ;                    ; clock path                                 ;
;   10.000 ;   0.000 ;    ;      ;        ;                    ; source latency                             ;
;   10.000 ;   0.000 ;    ;      ; 1      ; LABCELL_X1_Y36_N48 ; gpu_clk                                    ;
;   10.588 ;   0.588 ; RR ; IC   ; 1      ; CLKCTRL_G2         ; gpu_clk~CLKENA0|inclk                      ;
;   10.883 ;   0.295 ; RR ; CELL ; 9151   ; CLKCTRL_G2         ; gpu_clk~CLKENA0|outclk                     ;
;   12.908 ;   2.025 ; RR ; IC   ; 1      ; FF_X42_Y40_N49     ; u_sched|dead_lim[1][13]|clk                ;
;   13.396 ;   0.488 ; RR ; CELL ; 1      ; FF_X42_Y40_N49     ; zhao_cmd_scheduler:u_sched|dead_lim[1][13] ;
;   15.577 ;   2.181 ;    ;      ;        ;                    ; clock pessimism removed                    ;
; 15.517   ; -0.060  ;    ;      ;        ;                    ; clock uncertainty                          ;
; 15.517   ; 0.000   ;    ; uTsu ; 1      ; FF_X42_Y40_N49     ; zhao_cmd_scheduler:u_sched|dead_lim[1][13] ;
+----------+---------+----+------+--------+--------------------+--------------------------------------------+

----------------------------
; Extra Fitter Information ;
----------------------------
HTML report is unavailable in plain text report export.


Path #43: Setup slack is -0.145 (VIOLATED)
===============================================================================
+---------------------------------------------------------+
; Path Summary                                            ;
+--------------------+------------------------------------+
; Property           ; Value                              ;
+--------------------+------------------------------------+
; From Node          ; zhao_cmd_dma:u_dma|cw[0]~DUPLICATE ;
; To Node            ; zhao_cmd_dma:u_dma|crc_hdr_r[5]    ;
; Launch Clock       ; gpu_clk                            ;
; Latch Clock        ; gpu_clk                            ;
; Data Arrival Time  ; 15.580                             ;
; Data Required Time ; 15.435                             ;
; Slack              ; -0.145 (VIOLATED)                  ;
+--------------------+------------------------------------+

+------------------------------------------------------------------------------------+
; Statistics                                                                         ;
+------------------------+--------+-------+-------------+------------+-------+-------+
; Property               ; Value  ; Count ; Total Delay ; % of Total ; Min   ; Max   ;
+------------------------+--------+-------+-------------+------------+-------+-------+
; Setup Relationship     ; 10.000 ;       ;             ;            ;       ;       ;
; Clock Skew             ; -0.535 ;       ;             ;            ;       ;       ;
; Data Delay             ; 9.550  ;       ;             ;            ;       ;       ;
; Number of Logic Levels ;        ; 8     ;             ;            ;       ;       ;
; Physical Delays        ;        ;       ;             ;            ;       ;       ;
;  Arrival Path          ;        ;       ;             ;            ;       ;       ;
;   Clock                ;        ;       ;             ;            ;       ;       ;
;    IC                  ;        ; 2     ; 5.134       ; 85         ; 2.391 ; 2.743 ;
;    Cell                ;        ; 2     ; 0.896       ; 15         ; 0.321 ; 0.575 ;
;   Data                 ;        ;       ;             ;            ;       ;       ;
;    IC                  ;        ; 9     ; 6.436       ; 67         ; 0.000 ; 1.393 ;
;    Cell                ;        ; 10    ; 3.114       ; 33         ; 0.000 ; 0.579 ;
;    uTco                ;        ; 1     ; 0.000       ; 0          ; 0.000 ; 0.000 ;
;  Required Path         ;        ;       ;             ;            ;       ;       ;
;   Clock                ;        ;       ;             ;            ;       ;       ;
;    IC                  ;        ; 2     ; 2.527       ; 76         ; 0.588 ; 1.939 ;
;    Cell                ;        ; 2     ; 0.787       ; 24         ; 0.295 ; 0.492 ;
+------------------------+--------+-------+-------------+------------+-------+-------+
Note: Negative delays are omitted from totals when calculating percentages

+------------------------------------------------------------------------------------------------------------+
; Data Arrival Path                                                                                          ;
+----------+---------+----+------+--------+---------------------+--------------------------------------------+
; Total    ; Incr    ; RF ; Type ; Fanout ; Location            ; Element                                    ;
+----------+---------+----+------+--------+---------------------+--------------------------------------------+
; 0.000    ; 0.000   ;    ;      ;        ;                     ; launch edge time                           ;
; 6.030    ; 6.030   ;    ;      ;        ;                     ; clock path                                 ;
;   0.000  ;   0.000 ;    ;      ;        ;                     ; source latency                             ;
;   0.000  ;   0.000 ;    ;      ; 1      ; LABCELL_X1_Y36_N48  ; gpu_clk                                    ;
;   2.743  ;   2.743 ; RR ; IC   ; 1      ; CLKCTRL_G2          ; gpu_clk~CLKENA0|inclk                      ;
;   3.064  ;   0.321 ; RR ; CELL ; 9151   ; CLKCTRL_G2          ; gpu_clk~CLKENA0|outclk                     ;
;   5.455  ;   2.391 ; RR ; IC   ; 1      ; FF_X16_Y38_N22      ; u_dma|cw[0]~DUPLICATE|clk                  ;
;   6.030  ;   0.575 ; RR ; CELL ; 1      ; FF_X16_Y38_N22      ; zhao_cmd_dma:u_dma|cw[0]~DUPLICATE         ;
; 15.580   ; 9.550   ;    ;      ;        ;                     ; data path                                  ;
;   6.030  ;   0.000 ;    ; uTco ; 1      ; FF_X16_Y38_N22      ; zhao_cmd_dma:u_dma|cw[0]~DUPLICATE         ;
;   6.030  ;   0.000 ; FF ; CELL ; 135    ; FF_X16_Y38_N22      ; u_dma|cw[0]~DUPLICATE|q                    ;
;   7.423  ;   1.393 ; FF ; IC   ; 1      ; LABCELL_X19_Y36_N30 ; u_dma|fold_d[34]~182|datad                 ;
;   7.931  ;   0.508 ; FF ; CELL ; 1      ; LABCELL_X19_Y36_N30 ; u_dma|fold_d[34]~182|combout               ;
;   9.132  ;   1.201 ; FF ; IC   ; 1      ; LABCELL_X19_Y39_N48 ; u_dma|fold_d[34]~184|datac                 ;
;   9.615  ;   0.483 ; FF ; CELL ; 1      ; LABCELL_X19_Y39_N48 ; u_dma|fold_d[34]~184|combout               ;
;   9.844  ;   0.229 ; FF ; IC   ; 1      ; LABCELL_X19_Y39_N54 ; u_dma|fold_d[34]~185|dataf                 ;
;   9.935  ;   0.091 ; FR ; CELL ; 5      ; LABCELL_X19_Y39_N54 ; u_dma|fold_d[34]~185|combout               ;
;   11.122 ;   1.187 ; RR ; IC   ; 1      ; LABCELL_X10_Y38_N21 ; u_dma|u_fold8|acc~36|dataf                 ;
;   11.214 ;   0.092 ; RF ; CELL ; 3      ; LABCELL_X10_Y38_N21 ; u_dma|u_fold8|acc~36|combout               ;
;   11.936 ;   0.722 ; FF ; IC   ; 1      ; LABCELL_X10_Y40_N12 ; u_dma|u_fold8|g_fold[8].acc[5]~120|datab   ;
;   12.481 ;   0.545 ; FR ; CELL ; 1      ; LABCELL_X10_Y40_N12 ; u_dma|u_fold8|g_fold[8].acc[5]~120|combout ;
;   12.704 ;   0.223 ; RR ; IC   ; 1      ; LABCELL_X10_Y40_N54 ; u_dma|u_fold8|g_fold[8].acc[5]~121|datab   ;
;   13.283 ;   0.579 ; RF ; CELL ; 1      ; LABCELL_X10_Y40_N54 ; u_dma|u_fold8|g_fold[8].acc[5]~121|combout ;
;   14.502 ;   1.219 ; FF ; IC   ; 1      ; LABCELL_X10_Y36_N48 ; u_dma|u_fold8|g_fold[8].acc[5]~122|dataf   ;
;   14.594 ;   0.092 ; FR ; CELL ; 2      ; LABCELL_X10_Y36_N48 ; u_dma|u_fold8|g_fold[8].acc[5]~122|combout ;
;   14.856 ;   0.262 ; RR ; IC   ; 1      ; LABCELL_X10_Y36_N54 ; u_dma|Selector897~0|datac                  ;
;   15.314 ;   0.458 ; RF ; CELL ; 2      ; LABCELL_X10_Y36_N54 ; u_dma|Selector897~0|combout                ;
;   15.314 ;   0.000 ; FF ; IC   ; 1      ; FF_X10_Y36_N56      ; u_dma|crc_hdr_r[5]|d                       ;
;   15.580 ;   0.266 ; FF ; CELL ; 1      ; FF_X10_Y36_N56      ; zhao_cmd_dma:u_dma|crc_hdr_r[5]            ;
+----------+---------+----+------+--------+---------------------+--------------------------------------------+

+------------------------------------------------------------------------------------------------+
; Data Required Path                                                                             ;
+----------+---------+----+------+--------+--------------------+---------------------------------+
; Total    ; Incr    ; RF ; Type ; Fanout ; Location           ; Element                         ;
+----------+---------+----+------+--------+--------------------+---------------------------------+
; 10.000   ; 10.000  ;    ;      ;        ;                    ; latch edge time                 ;
; 15.495   ; 5.495   ;    ;      ;        ;                    ; clock path                      ;
;   10.000 ;   0.000 ;    ;      ;        ;                    ; source latency                  ;
;   10.000 ;   0.000 ;    ;      ; 1      ; LABCELL_X1_Y36_N48 ; gpu_clk                         ;
;   10.588 ;   0.588 ; RR ; IC   ; 1      ; CLKCTRL_G2         ; gpu_clk~CLKENA0|inclk           ;
;   10.883 ;   0.295 ; RR ; CELL ; 9151   ; CLKCTRL_G2         ; gpu_clk~CLKENA0|outclk          ;
;   12.822 ;   1.939 ; RR ; IC   ; 1      ; FF_X10_Y36_N56     ; u_dma|crc_hdr_r[5]|clk          ;
;   13.314 ;   0.492 ; RR ; CELL ; 1      ; FF_X10_Y36_N56     ; zhao_cmd_dma:u_dma|crc_hdr_r[5] ;
;   15.495 ;   2.181 ;    ;      ;        ;                    ; clock pessimism removed         ;
; 15.435   ; -0.060  ;    ;      ;        ;                    ; clock uncertainty               ;
; 15.435   ; 0.000   ;    ; uTsu ; 1      ; FF_X10_Y36_N56     ; zhao_cmd_dma:u_dma|crc_hdr_r[5] ;
+----------+---------+----+------+--------+--------------------+---------------------------------+

----------------------------
; Extra Fitter Information ;
----------------------------
HTML report is unavailable in plain text report export.


Path #44: Setup slack is -0.139 (VIOLATED)
===============================================================================
+----------------------------------------------------------------+
; Path Summary                                                   ;
+--------------------+-------------------------------------------+
; Property           ; Value                                     ;
+--------------------+-------------------------------------------+
; From Node          ; zhao_cmd_dma:u_dma|cw[0]~DUPLICATE        ;
; To Node            ; zhao_cmd_dma:u_dma|crc_hdr_r[5]~DUPLICATE ;
; Launch Clock       ; gpu_clk                                   ;
; Latch Clock        ; gpu_clk                                   ;
; Data Arrival Time  ; 15.578                                    ;
; Data Required Time ; 15.439                                    ;
; Slack              ; -0.139 (VIOLATED)                         ;
+--------------------+-------------------------------------------+

+------------------------------------------------------------------------------------+
; Statistics                                                                         ;
+------------------------+--------+-------+-------------+------------+-------+-------+
; Property               ; Value  ; Count ; Total Delay ; % of Total ; Min   ; Max   ;
+------------------------+--------+-------+-------------+------------+-------+-------+
; Setup Relationship     ; 10.000 ;       ;             ;            ;       ;       ;
; Clock Skew             ; -0.531 ;       ;             ;            ;       ;       ;
; Data Delay             ; 9.548  ;       ;             ;            ;       ;       ;
; Number of Logic Levels ;        ; 8     ;             ;            ;       ;       ;
; Physical Delays        ;        ;       ;             ;            ;       ;       ;
;  Arrival Path          ;        ;       ;             ;            ;       ;       ;
;   Clock                ;        ;       ;             ;            ;       ;       ;
;    IC                  ;        ; 2     ; 5.134       ; 85         ; 2.391 ; 2.743 ;
;    Cell                ;        ; 2     ; 0.896       ; 15         ; 0.321 ; 0.575 ;
;   Data                 ;        ;       ;             ;            ;       ;       ;
;    IC                  ;        ; 9     ; 6.436       ; 67         ; 0.000 ; 1.393 ;
;    Cell                ;        ; 10    ; 3.112       ; 33         ; 0.000 ; 0.579 ;
;    uTco                ;        ; 1     ; 0.000       ; 0          ; 0.000 ; 0.000 ;
;  Required Path         ;        ;       ;             ;            ;       ;       ;
;   Clock                ;        ;       ;             ;            ;       ;       ;
;    IC                  ;        ; 2     ; 2.527       ; 76         ; 0.588 ; 1.939 ;
;    Cell                ;        ; 2     ; 0.791       ; 24         ; 0.295 ; 0.496 ;
+------------------------+--------+-------+-------------+------------+-------+-------+
Note: Negative delays are omitted from totals when calculating percentages

+------------------------------------------------------------------------------------------------------------+
; Data Arrival Path                                                                                          ;
+----------+---------+----+------+--------+---------------------+--------------------------------------------+
; Total    ; Incr    ; RF ; Type ; Fanout ; Location            ; Element                                    ;
+----------+---------+----+------+--------+---------------------+--------------------------------------------+
; 0.000    ; 0.000   ;    ;      ;        ;                     ; launch edge time                           ;
; 6.030    ; 6.030   ;    ;      ;        ;                     ; clock path                                 ;
;   0.000  ;   0.000 ;    ;      ;        ;                     ; source latency                             ;
;   0.000  ;   0.000 ;    ;      ; 1      ; LABCELL_X1_Y36_N48  ; gpu_clk                                    ;
;   2.743  ;   2.743 ; RR ; IC   ; 1      ; CLKCTRL_G2          ; gpu_clk~CLKENA0|inclk                      ;
;   3.064  ;   0.321 ; RR ; CELL ; 9151   ; CLKCTRL_G2          ; gpu_clk~CLKENA0|outclk                     ;
;   5.455  ;   2.391 ; RR ; IC   ; 1      ; FF_X16_Y38_N22      ; u_dma|cw[0]~DUPLICATE|clk                  ;
;   6.030  ;   0.575 ; RR ; CELL ; 1      ; FF_X16_Y38_N22      ; zhao_cmd_dma:u_dma|cw[0]~DUPLICATE         ;
; 15.578   ; 9.548   ;    ;      ;        ;                     ; data path                                  ;
;   6.030  ;   0.000 ;    ; uTco ; 1      ; FF_X16_Y38_N22      ; zhao_cmd_dma:u_dma|cw[0]~DUPLICATE         ;
;   6.030  ;   0.000 ; FF ; CELL ; 135    ; FF_X16_Y38_N22      ; u_dma|cw[0]~DUPLICATE|q                    ;
;   7.423  ;   1.393 ; FF ; IC   ; 1      ; LABCELL_X19_Y36_N30 ; u_dma|fold_d[34]~182|datad                 ;
;   7.931  ;   0.508 ; FF ; CELL ; 1      ; LABCELL_X19_Y36_N30 ; u_dma|fold_d[34]~182|combout               ;
;   9.132  ;   1.201 ; FF ; IC   ; 1      ; LABCELL_X19_Y39_N48 ; u_dma|fold_d[34]~184|datac                 ;
;   9.615  ;   0.483 ; FF ; CELL ; 1      ; LABCELL_X19_Y39_N48 ; u_dma|fold_d[34]~184|combout               ;
;   9.844  ;   0.229 ; FF ; IC   ; 1      ; LABCELL_X19_Y39_N54 ; u_dma|fold_d[34]~185|dataf                 ;
;   9.935  ;   0.091 ; FR ; CELL ; 5      ; LABCELL_X19_Y39_N54 ; u_dma|fold_d[34]~185|combout               ;
;   11.122 ;   1.187 ; RR ; IC   ; 1      ; LABCELL_X10_Y38_N21 ; u_dma|u_fold8|acc~36|dataf                 ;
;   11.214 ;   0.092 ; RF ; CELL ; 3      ; LABCELL_X10_Y38_N21 ; u_dma|u_fold8|acc~36|combout               ;
;   11.936 ;   0.722 ; FF ; IC   ; 1      ; LABCELL_X10_Y40_N12 ; u_dma|u_fold8|g_fold[8].acc[5]~120|datab   ;
;   12.481 ;   0.545 ; FR ; CELL ; 1      ; LABCELL_X10_Y40_N12 ; u_dma|u_fold8|g_fold[8].acc[5]~120|combout ;
;   12.704 ;   0.223 ; RR ; IC   ; 1      ; LABCELL_X10_Y40_N54 ; u_dma|u_fold8|g_fold[8].acc[5]~121|datab   ;
;   13.283 ;   0.579 ; RF ; CELL ; 1      ; LABCELL_X10_Y40_N54 ; u_dma|u_fold8|g_fold[8].acc[5]~121|combout ;
;   14.502 ;   1.219 ; FF ; IC   ; 1      ; LABCELL_X10_Y36_N48 ; u_dma|u_fold8|g_fold[8].acc[5]~122|dataf   ;
;   14.594 ;   0.092 ; FR ; CELL ; 2      ; LABCELL_X10_Y36_N48 ; u_dma|u_fold8|g_fold[8].acc[5]~122|combout ;
;   14.856 ;   0.262 ; RR ; IC   ; 1      ; LABCELL_X10_Y36_N54 ; u_dma|Selector897~0|datac                  ;
;   15.314 ;   0.458 ; RF ; CELL ; 2      ; LABCELL_X10_Y36_N54 ; u_dma|Selector897~0|combout                ;
;   15.314 ;   0.000 ; FF ; IC   ; 1      ; FF_X10_Y36_N55      ; u_dma|crc_hdr_r[5]~DUPLICATE|d             ;
;   15.578 ;   0.264 ; FF ; CELL ; 1      ; FF_X10_Y36_N55      ; zhao_cmd_dma:u_dma|crc_hdr_r[5]~DUPLICATE  ;
+----------+---------+----+------+--------+---------------------+--------------------------------------------+

+----------------------------------------------------------------------------------------------------------+
; Data Required Path                                                                                       ;
+----------+---------+----+------+--------+--------------------+-------------------------------------------+
; Total    ; Incr    ; RF ; Type ; Fanout ; Location           ; Element                                   ;
+----------+---------+----+------+--------+--------------------+-------------------------------------------+
; 10.000   ; 10.000  ;    ;      ;        ;                    ; latch edge time                           ;
; 15.499   ; 5.499   ;    ;      ;        ;                    ; clock path                                ;
;   10.000 ;   0.000 ;    ;      ;        ;                    ; source latency                            ;
;   10.000 ;   0.000 ;    ;      ; 1      ; LABCELL_X1_Y36_N48 ; gpu_clk                                   ;
;   10.588 ;   0.588 ; RR ; IC   ; 1      ; CLKCTRL_G2         ; gpu_clk~CLKENA0|inclk                     ;
;   10.883 ;   0.295 ; RR ; CELL ; 9151   ; CLKCTRL_G2         ; gpu_clk~CLKENA0|outclk                    ;
;   12.822 ;   1.939 ; RR ; IC   ; 1      ; FF_X10_Y36_N55     ; u_dma|crc_hdr_r[5]~DUPLICATE|clk          ;
;   13.318 ;   0.496 ; RR ; CELL ; 1      ; FF_X10_Y36_N55     ; zhao_cmd_dma:u_dma|crc_hdr_r[5]~DUPLICATE ;
;   15.499 ;   2.181 ;    ;      ;        ;                    ; clock pessimism removed                   ;
; 15.439   ; -0.060  ;    ;      ;        ;                    ; clock uncertainty                         ;
; 15.439   ; 0.000   ;    ; uTsu ; 1      ; FF_X10_Y36_N55     ; zhao_cmd_dma:u_dma|crc_hdr_r[5]~DUPLICATE ;
+----------+---------+----+------+--------+--------------------+-------------------------------------------+

----------------------------
; Extra Fitter Information ;
----------------------------
HTML report is unavailable in plain text report export.


Path #45: Setup slack is -0.091 (VIOLATED)
===============================================================================
+---------------------------------------------------------+
; Path Summary                                            ;
+--------------------+------------------------------------+
; Property           ; Value                              ;
+--------------------+------------------------------------+
; From Node          ; zhao_cmd_dma:u_dma|cw[0]~DUPLICATE ;
; To Node            ; zhao_cmd_dma:u_dma|crc_pay_r[7]    ;
; Launch Clock       ; gpu_clk                            ;
; Latch Clock        ; gpu_clk                            ;
; Data Arrival Time  ; 15.538                             ;
; Data Required Time ; 15.447                             ;
; Slack              ; -0.091 (VIOLATED)                  ;
+--------------------+------------------------------------+

+------------------------------------------------------------------------------------+
; Statistics                                                                         ;
+------------------------+--------+-------+-------------+------------+-------+-------+
; Property               ; Value  ; Count ; Total Delay ; % of Total ; Min   ; Max   ;
+------------------------+--------+-------+-------------+------------+-------+-------+
; Setup Relationship     ; 10.000 ;       ;             ;            ;       ;       ;
; Clock Skew             ; -0.523 ;       ;             ;            ;       ;       ;
; Data Delay             ; 9.508  ;       ;             ;            ;       ;       ;
; Number of Logic Levels ;        ; 7     ;             ;            ;       ;       ;
; Physical Delays        ;        ;       ;             ;            ;       ;       ;
;  Arrival Path          ;        ;       ;             ;            ;       ;       ;
;   Clock                ;        ;       ;             ;            ;       ;       ;
;    IC                  ;        ; 2     ; 5.134       ; 85         ; 2.391 ; 2.743 ;
;    Cell                ;        ; 2     ; 0.896       ; 15         ; 0.321 ; 0.575 ;
;   Data                 ;        ;       ;             ;            ;       ;       ;
;    IC                  ;        ; 8     ; 7.280       ; 77         ; 0.000 ; 1.527 ;
;    Cell                ;        ; 9     ; 2.228       ; 23         ; 0.000 ; 0.555 ;
;    uTco                ;        ; 1     ; 0.000       ; 0          ; 0.000 ; 0.000 ;
;  Required Path         ;        ;       ;             ;            ;       ;       ;
;   Clock                ;        ;       ;             ;            ;       ;       ;
;    IC                  ;        ; 2     ; 2.532       ; 76         ; 0.588 ; 1.944 ;
;    Cell                ;        ; 2     ; 0.794       ; 24         ; 0.295 ; 0.499 ;
+------------------------+--------+-------+-------------+------------+-------+-------+
Note: Negative delays are omitted from totals when calculating percentages

+-------------------------------------------------------------------------------------------------------------+
; Data Arrival Path                                                                                           ;
+----------+---------+----+------+--------+----------------------+--------------------------------------------+
; Total    ; Incr    ; RF ; Type ; Fanout ; Location             ; Element                                    ;
+----------+---------+----+------+--------+----------------------+--------------------------------------------+
; 0.000    ; 0.000   ;    ;      ;        ;                      ; launch edge time                           ;
; 6.030    ; 6.030   ;    ;      ;        ;                      ; clock path                                 ;
;   0.000  ;   0.000 ;    ;      ;        ;                      ; source latency                             ;
;   0.000  ;   0.000 ;    ;      ; 1      ; LABCELL_X1_Y36_N48   ; gpu_clk                                    ;
;   2.743  ;   2.743 ; RR ; IC   ; 1      ; CLKCTRL_G2           ; gpu_clk~CLKENA0|inclk                      ;
;   3.064  ;   0.321 ; RR ; CELL ; 9151   ; CLKCTRL_G2           ; gpu_clk~CLKENA0|outclk                     ;
;   5.455  ;   2.391 ; RR ; IC   ; 1      ; FF_X16_Y38_N22       ; u_dma|cw[0]~DUPLICATE|clk                  ;
;   6.030  ;   0.575 ; RR ; CELL ; 1      ; FF_X16_Y38_N22       ; zhao_cmd_dma:u_dma|cw[0]~DUPLICATE         ;
; 15.538   ; 9.508   ;    ;      ;        ;                      ; data path                                  ;
;   6.030  ;   0.000 ;    ; uTco ; 1      ; FF_X16_Y38_N22       ; zhao_cmd_dma:u_dma|cw[0]~DUPLICATE         ;
;   6.030  ;   0.000 ; FF ; CELL ; 135    ; FF_X16_Y38_N22       ; u_dma|cw[0]~DUPLICATE|q                    ;
;   7.557  ;   1.527 ; FF ; IC   ; 1      ; MLABCELL_X15_Y35_N39 ; u_dma|fold_d[28]~172|datad                 ;
;   8.063  ;   0.506 ; FF ; CELL ; 1      ; MLABCELL_X15_Y35_N39 ; u_dma|fold_d[28]~172|combout               ;
;   9.226  ;   1.163 ; FF ; IC   ; 1      ; MLABCELL_X15_Y37_N33 ; u_dma|fold_d[28]~174|dataf                 ;
;   9.305  ;   0.079 ; FF ; CELL ; 14     ; MLABCELL_X15_Y37_N33 ; u_dma|fold_d[28]~174|combout               ;
;   10.717 ;   1.412 ; FF ; IC   ; 1      ; MLABCELL_X8_Y35_N36  ; u_dma|u_fold4|g_fold[4].acc[6]~78|dataf    ;
;   10.798 ;   0.081 ; FF ; CELL ; 2      ; MLABCELL_X8_Y35_N36  ; u_dma|u_fold4|g_fold[4].acc[6]~78|combout  ;
;   12.158 ;   1.360 ; FF ; IC   ; 1      ; LABCELL_X4_Y38_N24   ; u_dma|u_fold4|g_fold[4].acc[2]~79|datae    ;
;   12.379 ;   0.221 ; FF ; CELL ; 3      ; LABCELL_X4_Y38_N24   ; u_dma|u_fold4|g_fold[4].acc[2]~79|combout  ;
;   13.702 ;   1.323 ; FF ; IC   ; 1      ; LABCELL_X7_Y36_N39   ; u_dma|u_fold8|g_fold[8].acc[7]~103|datad   ;
;   14.137 ;   0.435 ; FR ; CELL ; 1      ; LABCELL_X7_Y36_N39   ; u_dma|u_fold8|g_fold[8].acc[7]~103|combout ;
;   14.347 ;   0.210 ; RR ; IC   ; 1      ; LABCELL_X7_Y36_N30   ; u_dma|u_fold8|g_fold[8].acc[7]~107|datab   ;
;   14.902 ;   0.555 ; RR ; CELL ; 2      ; LABCELL_X7_Y36_N30   ; u_dma|u_fold8|g_fold[8].acc[7]~107|combout ;
;   15.187 ;   0.285 ; RR ; IC   ; 1      ; LABCELL_X7_Y36_N21   ; u_dma|Selector929~0|dataf                  ;
;   15.276 ;   0.089 ; RF ; CELL ; 1      ; LABCELL_X7_Y36_N21   ; u_dma|Selector929~0|combout                ;
;   15.276 ;   0.000 ; FF ; IC   ; 1      ; FF_X7_Y36_N23        ; u_dma|crc_pay_r[7]|d                       ;
;   15.538 ;   0.262 ; FF ; CELL ; 1      ; FF_X7_Y36_N23        ; zhao_cmd_dma:u_dma|crc_pay_r[7]            ;
+----------+---------+----+------+--------+----------------------+--------------------------------------------+

+------------------------------------------------------------------------------------------------+
; Data Required Path                                                                             ;
+----------+---------+----+------+--------+--------------------+---------------------------------+
; Total    ; Incr    ; RF ; Type ; Fanout ; Location           ; Element                         ;
+----------+---------+----+------+--------+--------------------+---------------------------------+
; 10.000   ; 10.000  ;    ;      ;        ;                    ; latch edge time                 ;
; 15.507   ; 5.507   ;    ;      ;        ;                    ; clock path                      ;
;   10.000 ;   0.000 ;    ;      ;        ;                    ; source latency                  ;
;   10.000 ;   0.000 ;    ;      ; 1      ; LABCELL_X1_Y36_N48 ; gpu_clk                         ;
;   10.588 ;   0.588 ; RR ; IC   ; 1      ; CLKCTRL_G2         ; gpu_clk~CLKENA0|inclk           ;
;   10.883 ;   0.295 ; RR ; CELL ; 9151   ; CLKCTRL_G2         ; gpu_clk~CLKENA0|outclk          ;
;   12.827 ;   1.944 ; RR ; IC   ; 1      ; FF_X7_Y36_N23      ; u_dma|crc_pay_r[7]|clk          ;
;   13.326 ;   0.499 ; RR ; CELL ; 1      ; FF_X7_Y36_N23      ; zhao_cmd_dma:u_dma|crc_pay_r[7] ;
;   15.507 ;   2.181 ;    ;      ;        ;                    ; clock pessimism removed         ;
; 15.447   ; -0.060  ;    ;      ;        ;                    ; clock uncertainty               ;
; 15.447   ; 0.000   ;    ; uTsu ; 1      ; FF_X7_Y36_N23      ; zhao_cmd_dma:u_dma|crc_pay_r[7] ;
+----------+---------+----+------+--------+--------------------+---------------------------------+

----------------------------
; Extra Fitter Information ;
----------------------------
HTML report is unavailable in plain text report export.


Path #46: Setup slack is -0.069 (VIOLATED)
===============================================================================
+---------------------------------------------------------+
; Path Summary                                            ;
+--------------------+------------------------------------+
; Property           ; Value                              ;
+--------------------+------------------------------------+
; From Node          ; zhao_cmd_dma:u_dma|cw[0]~DUPLICATE ;
; To Node            ; zhao_cmd_dma:u_dma|crc_hdr_r[7]    ;
; Launch Clock       ; gpu_clk                            ;
; Latch Clock        ; gpu_clk                            ;
; Data Arrival Time  ; 15.525                             ;
; Data Required Time ; 15.456                             ;
; Slack              ; -0.069 (VIOLATED)                  ;
+--------------------+------------------------------------+

+------------------------------------------------------------------------------------+
; Statistics                                                                         ;
+------------------------+--------+-------+-------------+------------+-------+-------+
; Property               ; Value  ; Count ; Total Delay ; % of Total ; Min   ; Max   ;
+------------------------+--------+-------+-------------+------------+-------+-------+
; Setup Relationship     ; 10.000 ;       ;             ;            ;       ;       ;
; Clock Skew             ; -0.514 ;       ;             ;            ;       ;       ;
; Data Delay             ; 9.495  ;       ;             ;            ;       ;       ;
; Number of Logic Levels ;        ; 7     ;             ;            ;       ;       ;
; Physical Delays        ;        ;       ;             ;            ;       ;       ;
;  Arrival Path          ;        ;       ;             ;            ;       ;       ;
;   Clock                ;        ;       ;             ;            ;       ;       ;
;    IC                  ;        ; 2     ; 5.134       ; 85         ; 2.391 ; 2.743 ;
;    Cell                ;        ; 2     ; 0.896       ; 15         ; 0.321 ; 0.575 ;
;   Data                 ;        ;       ;             ;            ;       ;       ;
;    IC                  ;        ; 8     ; 7.267       ; 77         ; 0.000 ; 1.527 ;
;    Cell                ;        ; 9     ; 2.228       ; 23         ; 0.000 ; 0.555 ;
;    uTco                ;        ; 1     ; 0.000       ; 0          ; 0.000 ; 0.000 ;
;  Required Path         ;        ;       ;             ;            ;       ;       ;
;   Clock                ;        ;       ;             ;            ;       ;       ;
;    IC                  ;        ; 2     ; 2.532       ; 76         ; 0.588 ; 1.944 ;
;    Cell                ;        ; 2     ; 0.803       ; 24         ; 0.295 ; 0.508 ;
+------------------------+--------+-------+-------------+------------+-------+-------+
Note: Negative delays are omitted from totals when calculating percentages

+-------------------------------------------------------------------------------------------------------------+
; Data Arrival Path                                                                                           ;
+----------+---------+----+------+--------+----------------------+--------------------------------------------+
; Total    ; Incr    ; RF ; Type ; Fanout ; Location             ; Element                                    ;
+----------+---------+----+------+--------+----------------------+--------------------------------------------+
; 0.000    ; 0.000   ;    ;      ;        ;                      ; launch edge time                           ;
; 6.030    ; 6.030   ;    ;      ;        ;                      ; clock path                                 ;
;   0.000  ;   0.000 ;    ;      ;        ;                      ; source latency                             ;
;   0.000  ;   0.000 ;    ;      ; 1      ; LABCELL_X1_Y36_N48   ; gpu_clk                                    ;
;   2.743  ;   2.743 ; RR ; IC   ; 1      ; CLKCTRL_G2           ; gpu_clk~CLKENA0|inclk                      ;
;   3.064  ;   0.321 ; RR ; CELL ; 9151   ; CLKCTRL_G2           ; gpu_clk~CLKENA0|outclk                     ;
;   5.455  ;   2.391 ; RR ; IC   ; 1      ; FF_X16_Y38_N22       ; u_dma|cw[0]~DUPLICATE|clk                  ;
;   6.030  ;   0.575 ; RR ; CELL ; 1      ; FF_X16_Y38_N22       ; zhao_cmd_dma:u_dma|cw[0]~DUPLICATE         ;
; 15.525   ; 9.495   ;    ;      ;        ;                      ; data path                                  ;
;   6.030  ;   0.000 ;    ; uTco ; 1      ; FF_X16_Y38_N22       ; zhao_cmd_dma:u_dma|cw[0]~DUPLICATE         ;
;   6.030  ;   0.000 ; FF ; CELL ; 135    ; FF_X16_Y38_N22       ; u_dma|cw[0]~DUPLICATE|q                    ;
;   7.557  ;   1.527 ; FF ; IC   ; 1      ; MLABCELL_X15_Y35_N39 ; u_dma|fold_d[28]~172|datad                 ;
;   8.063  ;   0.506 ; FF ; CELL ; 1      ; MLABCELL_X15_Y35_N39 ; u_dma|fold_d[28]~172|combout               ;
;   9.226  ;   1.163 ; FF ; IC   ; 1      ; MLABCELL_X15_Y37_N33 ; u_dma|fold_d[28]~174|dataf                 ;
;   9.305  ;   0.079 ; FF ; CELL ; 14     ; MLABCELL_X15_Y37_N33 ; u_dma|fold_d[28]~174|combout               ;
;   10.717 ;   1.412 ; FF ; IC   ; 1      ; MLABCELL_X8_Y35_N36  ; u_dma|u_fold4|g_fold[4].acc[6]~78|dataf    ;
;   10.798 ;   0.081 ; FF ; CELL ; 2      ; MLABCELL_X8_Y35_N36  ; u_dma|u_fold4|g_fold[4].acc[6]~78|combout  ;
;   12.158 ;   1.360 ; FF ; IC   ; 1      ; LABCELL_X4_Y38_N24   ; u_dma|u_fold4|g_fold[4].acc[2]~79|datae    ;
;   12.379 ;   0.221 ; FF ; CELL ; 3      ; LABCELL_X4_Y38_N24   ; u_dma|u_fold4|g_fold[4].acc[2]~79|combout  ;
;   13.702 ;   1.323 ; FF ; IC   ; 1      ; LABCELL_X7_Y36_N39   ; u_dma|u_fold8|g_fold[8].acc[7]~103|datad   ;
;   14.137 ;   0.435 ; FR ; CELL ; 1      ; LABCELL_X7_Y36_N39   ; u_dma|u_fold8|g_fold[8].acc[7]~103|combout ;
;   14.347 ;   0.210 ; RR ; IC   ; 1      ; LABCELL_X7_Y36_N30   ; u_dma|u_fold8|g_fold[8].acc[7]~107|datab   ;
;   14.902 ;   0.555 ; RR ; CELL ; 2      ; LABCELL_X7_Y36_N30   ; u_dma|u_fold8|g_fold[8].acc[7]~107|combout ;
;   15.174 ;   0.272 ; RR ; IC   ; 1      ; LABCELL_X7_Y36_N51   ; u_dma|Selector895~0|dataf                  ;
;   15.263 ;   0.089 ; RF ; CELL ; 1      ; LABCELL_X7_Y36_N51   ; u_dma|Selector895~0|combout                ;
;   15.263 ;   0.000 ; FF ; IC   ; 1      ; FF_X7_Y36_N53        ; u_dma|crc_hdr_r[7]|d                       ;
;   15.525 ;   0.262 ; FF ; CELL ; 1      ; FF_X7_Y36_N53        ; zhao_cmd_dma:u_dma|crc_hdr_r[7]            ;
+----------+---------+----+------+--------+----------------------+--------------------------------------------+

+------------------------------------------------------------------------------------------------+
; Data Required Path                                                                             ;
+----------+---------+----+------+--------+--------------------+---------------------------------+
; Total    ; Incr    ; RF ; Type ; Fanout ; Location           ; Element                         ;
+----------+---------+----+------+--------+--------------------+---------------------------------+
; 10.000   ; 10.000  ;    ;      ;        ;                    ; latch edge time                 ;
; 15.516   ; 5.516   ;    ;      ;        ;                    ; clock path                      ;
;   10.000 ;   0.000 ;    ;      ;        ;                    ; source latency                  ;
;   10.000 ;   0.000 ;    ;      ; 1      ; LABCELL_X1_Y36_N48 ; gpu_clk                         ;
;   10.588 ;   0.588 ; RR ; IC   ; 1      ; CLKCTRL_G2         ; gpu_clk~CLKENA0|inclk           ;
;   10.883 ;   0.295 ; RR ; CELL ; 9151   ; CLKCTRL_G2         ; gpu_clk~CLKENA0|outclk          ;
;   12.827 ;   1.944 ; RR ; IC   ; 1      ; FF_X7_Y36_N53      ; u_dma|crc_hdr_r[7]|clk          ;
;   13.335 ;   0.508 ; RR ; CELL ; 1      ; FF_X7_Y36_N53      ; zhao_cmd_dma:u_dma|crc_hdr_r[7] ;
;   15.516 ;   2.181 ;    ;      ;        ;                    ; clock pessimism removed         ;
; 15.456   ; -0.060  ;    ;      ;        ;                    ; clock uncertainty               ;
; 15.456   ; 0.000   ;    ; uTsu ; 1      ; FF_X7_Y36_N53      ; zhao_cmd_dma:u_dma|crc_hdr_r[7] ;
+----------+---------+----+------+--------+--------------------+---------------------------------+

----------------------------
; Extra Fitter Information ;
----------------------------
HTML report is unavailable in plain text report export.


Path #47: Setup slack is -0.064 (VIOLATED)
===============================================================================
+---------------------------------------------------------+
; Path Summary                                            ;
+--------------------+------------------------------------+
; Property           ; Value                              ;
+--------------------+------------------------------------+
; From Node          ; zhao_cmd_dma:u_dma|cw[0]~DUPLICATE ;
; To Node            ; zhao_cmd_dma:u_dma|crc_pay_r[24]   ;
; Launch Clock       ; gpu_clk                            ;
; Latch Clock        ; gpu_clk                            ;
; Data Arrival Time  ; 15.502                             ;
; Data Required Time ; 15.438                             ;
; Slack              ; -0.064 (VIOLATED)                  ;
+--------------------+------------------------------------+

+------------------------------------------------------------------------------------+
; Statistics                                                                         ;
+------------------------+--------+-------+-------------+------------+-------+-------+
; Property               ; Value  ; Count ; Total Delay ; % of Total ; Min   ; Max   ;
+------------------------+--------+-------+-------------+------------+-------+-------+
; Setup Relationship     ; 10.000 ;       ;             ;            ;       ;       ;
; Clock Skew             ; -0.532 ;       ;             ;            ;       ;       ;
; Data Delay             ; 9.472  ;       ;             ;            ;       ;       ;
; Number of Logic Levels ;        ; 7     ;             ;            ;       ;       ;
; Physical Delays        ;        ;       ;             ;            ;       ;       ;
;  Arrival Path          ;        ;       ;             ;            ;       ;       ;
;   Clock                ;        ;       ;             ;            ;       ;       ;
;    IC                  ;        ; 2     ; 5.134       ; 85         ; 2.391 ; 2.743 ;
;    Cell                ;        ; 2     ; 0.896       ; 15         ; 0.321 ; 0.575 ;
;   Data                 ;        ;       ;             ;            ;       ;       ;
;    IC                  ;        ; 8     ; 6.388       ; 67         ; 0.000 ; 1.399 ;
;    Cell                ;        ; 9     ; 3.084       ; 33         ; 0.000 ; 0.550 ;
;    uTco                ;        ; 1     ; 0.000       ; 0          ; 0.000 ; 0.000 ;
;  Required Path         ;        ;       ;             ;            ;       ;       ;
;   Clock                ;        ;       ;             ;            ;       ;       ;
;    IC                  ;        ; 2     ; 2.529       ; 76         ; 0.588 ; 1.941 ;
;    Cell                ;        ; 2     ; 0.788       ; 24         ; 0.295 ; 0.493 ;
+------------------------+--------+-------+-------------+------------+-------+-------+
Note: Negative delays are omitted from totals when calculating percentages

+-------------------------------------------------------------------------------------------------------------+
; Data Arrival Path                                                                                           ;
+----------+---------+----+------+--------+---------------------+---------------------------------------------+
; Total    ; Incr    ; RF ; Type ; Fanout ; Location            ; Element                                     ;
+----------+---------+----+------+--------+---------------------+---------------------------------------------+
; 0.000    ; 0.000   ;    ;      ;        ;                     ; launch edge time                            ;
; 6.030    ; 6.030   ;    ;      ;        ;                     ; clock path                                  ;
;   0.000  ;   0.000 ;    ;      ;        ;                     ; source latency                              ;
;   0.000  ;   0.000 ;    ;      ; 1      ; LABCELL_X1_Y36_N48  ; gpu_clk                                     ;
;   2.743  ;   2.743 ; RR ; IC   ; 1      ; CLKCTRL_G2          ; gpu_clk~CLKENA0|inclk                       ;
;   3.064  ;   0.321 ; RR ; CELL ; 9151   ; CLKCTRL_G2          ; gpu_clk~CLKENA0|outclk                      ;
;   5.455  ;   2.391 ; RR ; IC   ; 1      ; FF_X16_Y38_N22      ; u_dma|cw[0]~DUPLICATE|clk                   ;
;   6.030  ;   0.575 ; RR ; CELL ; 1      ; FF_X16_Y38_N22      ; zhao_cmd_dma:u_dma|cw[0]~DUPLICATE          ;
; 15.502   ; 9.472   ;    ;      ;        ;                     ; data path                                   ;
;   6.030  ;   0.000 ;    ; uTco ; 1      ; FF_X16_Y38_N22      ; zhao_cmd_dma:u_dma|cw[0]~DUPLICATE          ;
;   6.030  ;   0.000 ; FF ; CELL ; 135    ; FF_X16_Y38_N22      ; u_dma|cw[0]~DUPLICATE|q                     ;
;   7.369  ;   1.339 ; FF ; IC   ; 1      ; LABCELL_X17_Y36_N18 ; u_dma|fold_d[13]~75|datad                   ;
;   7.877  ;   0.508 ; FF ; CELL ; 1      ; LABCELL_X17_Y36_N18 ; u_dma|fold_d[13]~75|combout                 ;
;   9.276  ;   1.399 ; FF ; IC   ; 1      ; LABCELL_X12_Y38_N57 ; u_dma|fold_d[13]~77|datad                   ;
;   9.656  ;   0.380 ; FF ; CELL ; 16     ; LABCELL_X12_Y38_N57 ; u_dma|fold_d[13]~77|combout                 ;
;   10.432 ;   0.776 ; FF ; IC   ; 1      ; LABCELL_X11_Y39_N45 ; u_dma|u_fold8|g_fold[8].acc[24]~204|datad   ;
;   10.867 ;   0.435 ; FR ; CELL ; 1      ; LABCELL_X11_Y39_N45 ; u_dma|u_fold8|g_fold[8].acc[24]~204|combout ;
;   11.080 ;   0.213 ; RR ; IC   ; 1      ; LABCELL_X11_Y39_N30 ; u_dma|u_fold8|g_fold[8].acc[24]~205|datab   ;
;   11.630 ;   0.550 ; RF ; CELL ; 1      ; LABCELL_X11_Y39_N30 ; u_dma|u_fold8|g_fold[8].acc[24]~205|combout ;
;   12.304 ;   0.674 ; FF ; IC   ; 1      ; LABCELL_X10_Y38_N48 ; u_dma|u_fold8|g_fold[8].acc[24]~206|dataa   ;
;   12.839 ;   0.535 ; FF ; CELL ; 1      ; LABCELL_X10_Y38_N48 ; u_dma|u_fold8|g_fold[8].acc[24]~206|combout ;
;   14.044 ;   1.205 ; FF ; IC   ; 1      ; LABCELL_X9_Y36_N18  ; u_dma|u_fold8|g_fold[8].acc[24]~207|dataf   ;
;   14.125 ;   0.081 ; FF ; CELL ; 2      ; LABCELL_X9_Y36_N18  ; u_dma|u_fold8|g_fold[8].acc[24]~207|combout ;
;   14.907 ;   0.782 ; FF ; IC   ; 1      ; MLABCELL_X8_Y34_N57 ; u_dma|Selector912~0|datae                   ;
;   15.242 ;   0.335 ; FR ; CELL ; 1      ; MLABCELL_X8_Y34_N57 ; u_dma|Selector912~0|combout                 ;
;   15.242 ;   0.000 ; RR ; IC   ; 1      ; FF_X8_Y34_N58       ; u_dma|crc_pay_r[24]|d                       ;
;   15.502 ;   0.260 ; RR ; CELL ; 1      ; FF_X8_Y34_N58       ; zhao_cmd_dma:u_dma|crc_pay_r[24]            ;
+----------+---------+----+------+--------+---------------------+---------------------------------------------+

+-------------------------------------------------------------------------------------------------+
; Data Required Path                                                                              ;
+----------+---------+----+------+--------+--------------------+----------------------------------+
; Total    ; Incr    ; RF ; Type ; Fanout ; Location           ; Element                          ;
+----------+---------+----+------+--------+--------------------+----------------------------------+
; 10.000   ; 10.000  ;    ;      ;        ;                    ; latch edge time                  ;
; 15.498   ; 5.498   ;    ;      ;        ;                    ; clock path                       ;
;   10.000 ;   0.000 ;    ;      ;        ;                    ; source latency                   ;
;   10.000 ;   0.000 ;    ;      ; 1      ; LABCELL_X1_Y36_N48 ; gpu_clk                          ;
;   10.588 ;   0.588 ; RR ; IC   ; 1      ; CLKCTRL_G2         ; gpu_clk~CLKENA0|inclk            ;
;   10.883 ;   0.295 ; RR ; CELL ; 9151   ; CLKCTRL_G2         ; gpu_clk~CLKENA0|outclk           ;
;   12.824 ;   1.941 ; RR ; IC   ; 1      ; FF_X8_Y34_N58      ; u_dma|crc_pay_r[24]|clk          ;
;   13.317 ;   0.493 ; RR ; CELL ; 1      ; FF_X8_Y34_N58      ; zhao_cmd_dma:u_dma|crc_pay_r[24] ;
;   15.498 ;   2.181 ;    ;      ;        ;                    ; clock pessimism removed          ;
; 15.438   ; -0.060  ;    ;      ;        ;                    ; clock uncertainty                ;
; 15.438   ; 0.000   ;    ; uTsu ; 1      ; FF_X8_Y34_N58      ; zhao_cmd_dma:u_dma|crc_pay_r[24] ;
+----------+---------+----+------+--------+--------------------+----------------------------------+

----------------------------
; Extra Fitter Information ;
----------------------------
HTML report is unavailable in plain text report export.


Path #48: Setup slack is -0.062 (VIOLATED)
===============================================================================
+------------------------------------------------------------------------+
; Path Summary                                                           ;
+--------------------+---------------------------------------------------+
; Property           ; Value                                             ;
+--------------------+---------------------------------------------------+
; From Node          ; zhao_hps_arbiter:u_hps_arb|state.A_IDLE~DUPLICATE ;
; To Node            ; zhao_cmd_dma:u_dma|crc_pay_r[25]~DUPLICATE        ;
; Launch Clock       ; gpu_clk                                           ;
; Latch Clock        ; gpu_clk                                           ;
; Data Arrival Time  ; 15.496                                            ;
; Data Required Time ; 15.434                                            ;
; Slack              ; -0.062 (VIOLATED)                                 ;
+--------------------+---------------------------------------------------+

+------------------------------------------------------------------------------------+
; Statistics                                                                         ;
+------------------------+--------+-------+-------------+------------+-------+-------+
; Property               ; Value  ; Count ; Total Delay ; % of Total ; Min   ; Max   ;
+------------------------+--------+-------+-------------+------------+-------+-------+
; Setup Relationship     ; 10.000 ;       ;             ;            ;       ;       ;
; Clock Skew             ; -0.544 ;       ;             ;            ;       ;       ;
; Data Delay             ; 9.458  ;       ;             ;            ;       ;       ;
; Number of Logic Levels ;        ; 6     ;             ;            ;       ;       ;
; Physical Delays        ;        ;       ;             ;            ;       ;       ;
;  Arrival Path          ;        ;       ;             ;            ;       ;       ;
;   Clock                ;        ;       ;             ;            ;       ;       ;
;    IC                  ;        ; 2     ; 5.133       ; 85         ; 2.390 ; 2.743 ;
;    Cell                ;        ; 2     ; 0.905       ; 15         ; 0.321 ; 0.584 ;
;   Data                 ;        ;       ;             ;            ;       ;       ;
;    IC                  ;        ; 7     ; 6.790       ; 72         ; 0.000 ; 1.379 ;
;    Cell                ;        ; 8     ; 2.668       ; 28         ; 0.000 ; 0.579 ;
;    uTco                ;        ; 1     ; 0.000       ; 0          ; 0.000 ; 0.000 ;
;  Required Path         ;        ;       ;             ;            ;       ;       ;
;   Clock                ;        ;       ;             ;            ;       ;       ;
;    IC                  ;        ; 2     ; 2.532       ; 76         ; 0.588 ; 1.944 ;
;    Cell                ;        ; 2     ; 0.781       ; 24         ; 0.295 ; 0.486 ;
+------------------------+--------+-------+-------------+------------+-------+-------+
Note: Negative delays are omitted from totals when calculating percentages

+-------------------------------------------------------------------------------------------------------------------+
; Data Arrival Path                                                                                                 ;
+----------+---------+----+------+--------+---------------------+---------------------------------------------------+
; Total    ; Incr    ; RF ; Type ; Fanout ; Location            ; Element                                           ;
+----------+---------+----+------+--------+---------------------+---------------------------------------------------+
; 0.000    ; 0.000   ;    ;      ;        ;                     ; launch edge time                                  ;
; 6.038    ; 6.038   ;    ;      ;        ;                     ; clock path                                        ;
;   0.000  ;   0.000 ;    ;      ;        ;                     ; source latency                                    ;
;   0.000  ;   0.000 ;    ;      ; 1      ; LABCELL_X1_Y36_N48  ; gpu_clk                                           ;
;   2.743  ;   2.743 ; RR ; IC   ; 1      ; CLKCTRL_G2          ; gpu_clk~CLKENA0|inclk                             ;
;   3.064  ;   0.321 ; RR ; CELL ; 9151   ; CLKCTRL_G2          ; gpu_clk~CLKENA0|outclk                            ;
;   5.454  ;   2.390 ; RR ; IC   ; 1      ; FF_X16_Y42_N55      ; u_hps_arb|state.A_IDLE~DUPLICATE|clk              ;
;   6.038  ;   0.584 ; RR ; CELL ; 1      ; FF_X16_Y42_N55      ; zhao_hps_arbiter:u_hps_arb|state.A_IDLE~DUPLICATE ;
; 15.496   ; 9.458   ;    ;      ;        ;                     ; data path                                         ;
;   6.038  ;   0.000 ;    ; uTco ; 1      ; FF_X16_Y42_N55      ; zhao_hps_arbiter:u_hps_arb|state.A_IDLE~DUPLICATE ;
;   6.038  ;   0.000 ; FF ; CELL ; 66     ; FF_X16_Y42_N55      ; u_hps_arb|state.A_IDLE~DUPLICATE|q                ;
;   7.301  ;   1.263 ; FF ; IC   ; 1      ; MLABCELL_X15_Y40_N9 ; u_hps_arb|c0_rsp_o.data[22]~4|datac               ;
;   7.808  ;   0.507 ; FF ; CELL ; 10     ; MLABCELL_X15_Y40_N9 ; u_hps_arb|c0_rsp_o.data[22]~4|combout             ;
;   9.020  ;   1.212 ; FF ; IC   ; 1      ; LABCELL_X16_Y37_N12 ; u_dma|fold_d[22]~14|datab                         ;
;   9.582  ;   0.562 ; FF ; CELL ; 20     ; LABCELL_X16_Y37_N12 ; u_dma|fold_d[22]~14|combout                       ;
;   10.961 ;   1.379 ; FF ; IC   ; 1      ; MLABCELL_X8_Y38_N27 ; u_dma|u_fold4|g_fold[4].acc[28]~129|datac         ;
;   11.540 ;   0.579 ; FF ; CELL ; 2      ; MLABCELL_X8_Y38_N27 ; u_dma|u_fold4|g_fold[4].acc[28]~129|combout       ;
;   12.333 ;   0.793 ; FF ; IC   ; 1      ; MLABCELL_X3_Y38_N24 ; u_dma|u_fold4|g_fold[4].acc[24]~145|datae         ;
;   12.539 ;   0.206 ; FF ; CELL ; 2      ; MLABCELL_X3_Y38_N24 ; u_dma|u_fold4|g_fold[4].acc[24]~145|combout       ;
;   13.564 ;   1.025 ; FF ; IC   ; 1      ; MLABCELL_X6_Y37_N0  ; u_dma|u_fold4|g_fold[4].acc[25]~150|datae         ;
;   13.765 ;   0.201 ; FF ; CELL ; 2      ; MLABCELL_X6_Y37_N0  ; u_dma|u_fold4|g_fold[4].acc[25]~150|combout       ;
;   14.883 ;   1.118 ; FF ; IC   ; 1      ; LABCELL_X7_Y35_N51  ; u_dma|Selector911~0|datae                         ;
;   15.218 ;   0.335 ; FR ; CELL ; 2      ; LABCELL_X7_Y35_N51  ; u_dma|Selector911~0|combout                       ;
;   15.218 ;   0.000 ; RR ; IC   ; 1      ; FF_X7_Y35_N52       ; u_dma|crc_pay_r[25]~DUPLICATE|d                   ;
;   15.496 ;   0.278 ; RR ; CELL ; 1      ; FF_X7_Y35_N52       ; zhao_cmd_dma:u_dma|crc_pay_r[25]~DUPLICATE        ;
+----------+---------+----+------+--------+---------------------+---------------------------------------------------+

+-----------------------------------------------------------------------------------------------------------+
; Data Required Path                                                                                        ;
+----------+---------+----+------+--------+--------------------+--------------------------------------------+
; Total    ; Incr    ; RF ; Type ; Fanout ; Location           ; Element                                    ;
+----------+---------+----+------+--------+--------------------+--------------------------------------------+
; 10.000   ; 10.000  ;    ;      ;        ;                    ; latch edge time                            ;
; 15.494   ; 5.494   ;    ;      ;        ;                    ; clock path                                 ;
;   10.000 ;   0.000 ;    ;      ;        ;                    ; source latency                             ;
;   10.000 ;   0.000 ;    ;      ; 1      ; LABCELL_X1_Y36_N48 ; gpu_clk                                    ;
;   10.588 ;   0.588 ; RR ; IC   ; 1      ; CLKCTRL_G2         ; gpu_clk~CLKENA0|inclk                      ;
;   10.883 ;   0.295 ; RR ; CELL ; 9151   ; CLKCTRL_G2         ; gpu_clk~CLKENA0|outclk                     ;
;   12.827 ;   1.944 ; RR ; IC   ; 1      ; FF_X7_Y35_N52      ; u_dma|crc_pay_r[25]~DUPLICATE|clk          ;
;   13.313 ;   0.486 ; RR ; CELL ; 1      ; FF_X7_Y35_N52      ; zhao_cmd_dma:u_dma|crc_pay_r[25]~DUPLICATE ;
;   15.494 ;   2.181 ;    ;      ;        ;                    ; clock pessimism removed                    ;
; 15.434   ; -0.060  ;    ;      ;        ;                    ; clock uncertainty                          ;
; 15.434   ; 0.000   ;    ; uTsu ; 1      ; FF_X7_Y35_N52      ; zhao_cmd_dma:u_dma|crc_pay_r[25]~DUPLICATE ;
+----------+---------+----+------+--------+--------------------+--------------------------------------------+

----------------------------
; Extra Fitter Information ;
----------------------------
HTML report is unavailable in plain text report export.


Path #49: Setup slack is -0.059 (VIOLATED)
===============================================================================
+------------------------------------------------------------------------+
; Path Summary                                                           ;
+--------------------+---------------------------------------------------+
; Property           ; Value                                             ;
+--------------------+---------------------------------------------------+
; From Node          ; zhao_hps_arbiter:u_hps_arb|state.A_IDLE~DUPLICATE ;
; To Node            ; zhao_cmd_dma:u_dma|crc_pay_r[25]                  ;
; Launch Clock       ; gpu_clk                                           ;
; Latch Clock        ; gpu_clk                                           ;
; Data Arrival Time  ; 15.498                                            ;
; Data Required Time ; 15.439                                            ;
; Slack              ; -0.059 (VIOLATED)                                 ;
+--------------------+---------------------------------------------------+

+------------------------------------------------------------------------------------+
; Statistics                                                                         ;
+------------------------+--------+-------+-------------+------------+-------+-------+
; Property               ; Value  ; Count ; Total Delay ; % of Total ; Min   ; Max   ;
+------------------------+--------+-------+-------------+------------+-------+-------+
; Setup Relationship     ; 10.000 ;       ;             ;            ;       ;       ;
; Clock Skew             ; -0.539 ;       ;             ;            ;       ;       ;
; Data Delay             ; 9.460  ;       ;             ;            ;       ;       ;
; Number of Logic Levels ;        ; 6     ;             ;            ;       ;       ;
; Physical Delays        ;        ;       ;             ;            ;       ;       ;
;  Arrival Path          ;        ;       ;             ;            ;       ;       ;
;   Clock                ;        ;       ;             ;            ;       ;       ;
;    IC                  ;        ; 2     ; 5.133       ; 85         ; 2.390 ; 2.743 ;
;    Cell                ;        ; 2     ; 0.905       ; 15         ; 0.321 ; 0.584 ;
;   Data                 ;        ;       ;             ;            ;       ;       ;
;    IC                  ;        ; 7     ; 6.790       ; 72         ; 0.000 ; 1.379 ;
;    Cell                ;        ; 8     ; 2.670       ; 28         ; 0.000 ; 0.579 ;
;    uTco                ;        ; 1     ; 0.000       ; 0          ; 0.000 ; 0.000 ;
;  Required Path         ;        ;       ;             ;            ;       ;       ;
;   Clock                ;        ;       ;             ;            ;       ;       ;
;    IC                  ;        ; 2     ; 2.532       ; 76         ; 0.588 ; 1.944 ;
;    Cell                ;        ; 2     ; 0.786       ; 24         ; 0.295 ; 0.491 ;
+------------------------+--------+-------+-------------+------------+-------+-------+
Note: Negative delays are omitted from totals when calculating percentages

+-------------------------------------------------------------------------------------------------------------------+
; Data Arrival Path                                                                                                 ;
+----------+---------+----+------+--------+---------------------+---------------------------------------------------+
; Total    ; Incr    ; RF ; Type ; Fanout ; Location            ; Element                                           ;
+----------+---------+----+------+--------+---------------------+---------------------------------------------------+
; 0.000    ; 0.000   ;    ;      ;        ;                     ; launch edge time                                  ;
; 6.038    ; 6.038   ;    ;      ;        ;                     ; clock path                                        ;
;   0.000  ;   0.000 ;    ;      ;        ;                     ; source latency                                    ;
;   0.000  ;   0.000 ;    ;      ; 1      ; LABCELL_X1_Y36_N48  ; gpu_clk                                           ;
;   2.743  ;   2.743 ; RR ; IC   ; 1      ; CLKCTRL_G2          ; gpu_clk~CLKENA0|inclk                             ;
;   3.064  ;   0.321 ; RR ; CELL ; 9151   ; CLKCTRL_G2          ; gpu_clk~CLKENA0|outclk                            ;
;   5.454  ;   2.390 ; RR ; IC   ; 1      ; FF_X16_Y42_N55      ; u_hps_arb|state.A_IDLE~DUPLICATE|clk              ;
;   6.038  ;   0.584 ; RR ; CELL ; 1      ; FF_X16_Y42_N55      ; zhao_hps_arbiter:u_hps_arb|state.A_IDLE~DUPLICATE ;
; 15.498   ; 9.460   ;    ;      ;        ;                     ; data path                                         ;
;   6.038  ;   0.000 ;    ; uTco ; 1      ; FF_X16_Y42_N55      ; zhao_hps_arbiter:u_hps_arb|state.A_IDLE~DUPLICATE ;
;   6.038  ;   0.000 ; FF ; CELL ; 66     ; FF_X16_Y42_N55      ; u_hps_arb|state.A_IDLE~DUPLICATE|q                ;
;   7.301  ;   1.263 ; FF ; IC   ; 1      ; MLABCELL_X15_Y40_N9 ; u_hps_arb|c0_rsp_o.data[22]~4|datac               ;
;   7.808  ;   0.507 ; FF ; CELL ; 10     ; MLABCELL_X15_Y40_N9 ; u_hps_arb|c0_rsp_o.data[22]~4|combout             ;
;   9.020  ;   1.212 ; FF ; IC   ; 1      ; LABCELL_X16_Y37_N12 ; u_dma|fold_d[22]~14|datab                         ;
;   9.582  ;   0.562 ; FF ; CELL ; 20     ; LABCELL_X16_Y37_N12 ; u_dma|fold_d[22]~14|combout                       ;
;   10.961 ;   1.379 ; FF ; IC   ; 1      ; MLABCELL_X8_Y38_N27 ; u_dma|u_fold4|g_fold[4].acc[28]~129|datac         ;
;   11.540 ;   0.579 ; FF ; CELL ; 2      ; MLABCELL_X8_Y38_N27 ; u_dma|u_fold4|g_fold[4].acc[28]~129|combout       ;
;   12.333 ;   0.793 ; FF ; IC   ; 1      ; MLABCELL_X3_Y38_N24 ; u_dma|u_fold4|g_fold[4].acc[24]~145|datae         ;
;   12.539 ;   0.206 ; FF ; CELL ; 2      ; MLABCELL_X3_Y38_N24 ; u_dma|u_fold4|g_fold[4].acc[24]~145|combout       ;
;   13.564 ;   1.025 ; FF ; IC   ; 1      ; MLABCELL_X6_Y37_N0  ; u_dma|u_fold4|g_fold[4].acc[25]~150|datae         ;
;   13.765 ;   0.201 ; FF ; CELL ; 2      ; MLABCELL_X6_Y37_N0  ; u_dma|u_fold4|g_fold[4].acc[25]~150|combout       ;
;   14.883 ;   1.118 ; FF ; IC   ; 1      ; LABCELL_X7_Y35_N51  ; u_dma|Selector911~0|datae                         ;
;   15.218 ;   0.335 ; FR ; CELL ; 2      ; LABCELL_X7_Y35_N51  ; u_dma|Selector911~0|combout                       ;
;   15.218 ;   0.000 ; RR ; IC   ; 1      ; FF_X7_Y35_N53       ; u_dma|crc_pay_r[25]|d                             ;
;   15.498 ;   0.280 ; RR ; CELL ; 1      ; FF_X7_Y35_N53       ; zhao_cmd_dma:u_dma|crc_pay_r[25]                  ;
+----------+---------+----+------+--------+---------------------+---------------------------------------------------+

+-------------------------------------------------------------------------------------------------+
; Data Required Path                                                                              ;
+----------+---------+----+------+--------+--------------------+----------------------------------+
; Total    ; Incr    ; RF ; Type ; Fanout ; Location           ; Element                          ;
+----------+---------+----+------+--------+--------------------+----------------------------------+
; 10.000   ; 10.000  ;    ;      ;        ;                    ; latch edge time                  ;
; 15.499   ; 5.499   ;    ;      ;        ;                    ; clock path                       ;
;   10.000 ;   0.000 ;    ;      ;        ;                    ; source latency                   ;
;   10.000 ;   0.000 ;    ;      ; 1      ; LABCELL_X1_Y36_N48 ; gpu_clk                          ;
;   10.588 ;   0.588 ; RR ; IC   ; 1      ; CLKCTRL_G2         ; gpu_clk~CLKENA0|inclk            ;
;   10.883 ;   0.295 ; RR ; CELL ; 9151   ; CLKCTRL_G2         ; gpu_clk~CLKENA0|outclk           ;
;   12.827 ;   1.944 ; RR ; IC   ; 1      ; FF_X7_Y35_N53      ; u_dma|crc_pay_r[25]|clk          ;
;   13.318 ;   0.491 ; RR ; CELL ; 1      ; FF_X7_Y35_N53      ; zhao_cmd_dma:u_dma|crc_pay_r[25] ;
;   15.499 ;   2.181 ;    ;      ;        ;                    ; clock pessimism removed          ;
; 15.439   ; -0.060  ;    ;      ;        ;                    ; clock uncertainty                ;
; 15.439   ; 0.000   ;    ; uTsu ; 1      ; FF_X7_Y35_N53      ; zhao_cmd_dma:u_dma|crc_pay_r[25] ;
+----------+---------+----+------+--------+--------------------+----------------------------------+

----------------------------
; Extra Fitter Information ;
----------------------------
HTML report is unavailable in plain text report export.


Path #50: Setup slack is -0.048 (VIOLATED)
===============================================================================
+------------------------------------------------------------------------+
; Path Summary                                                           ;
+--------------------+---------------------------------------------------+
; Property           ; Value                                             ;
+--------------------+---------------------------------------------------+
; From Node          ; zhao_hps_arbiter:u_hps_arb|state.A_IDLE~DUPLICATE ;
; To Node            ; zhao_cmd_dma:u_dma|crc_hdr_r[25]~DUPLICATE        ;
; Launch Clock       ; gpu_clk                                           ;
; Latch Clock        ; gpu_clk                                           ;
; Data Arrival Time  ; 15.486                                            ;
; Data Required Time ; 15.438                                            ;
; Slack              ; -0.048 (VIOLATED)                                 ;
+--------------------+---------------------------------------------------+

+------------------------------------------------------------------------------------+
; Statistics                                                                         ;
+------------------------+--------+-------+-------------+------------+-------+-------+
; Property               ; Value  ; Count ; Total Delay ; % of Total ; Min   ; Max   ;
+------------------------+--------+-------+-------------+------------+-------+-------+
; Setup Relationship     ; 10.000 ;       ;             ;            ;       ;       ;
; Clock Skew             ; -0.540 ;       ;             ;            ;       ;       ;
; Data Delay             ; 9.448  ;       ;             ;            ;       ;       ;
; Number of Logic Levels ;        ; 7     ;             ;            ;       ;       ;
; Physical Delays        ;        ;       ;             ;            ;       ;       ;
;  Arrival Path          ;        ;       ;             ;            ;       ;       ;
;   Clock                ;        ;       ;             ;            ;       ;       ;
;    IC                  ;        ; 2     ; 5.133       ; 85         ; 2.390 ; 2.743 ;
;    Cell                ;        ; 2     ; 0.905       ; 15         ; 0.321 ; 0.584 ;
;   Data                 ;        ;       ;             ;            ;       ;       ;
;    IC                  ;        ; 8     ; 6.231       ; 66         ; 0.000 ; 1.473 ;
;    Cell                ;        ; 9     ; 3.217       ; 34         ; 0.000 ; 0.589 ;
;    uTco                ;        ; 1     ; 0.000       ; 0          ; 0.000 ; 0.000 ;
;  Required Path         ;        ;       ;             ;            ;       ;       ;
;   Clock                ;        ;       ;             ;            ;       ;       ;
;    IC                  ;        ; 2     ; 2.532       ; 76         ; 0.588 ; 1.944 ;
;    Cell                ;        ; 2     ; 0.785       ; 24         ; 0.295 ; 0.490 ;
+------------------------+--------+-------+-------------+------------+-------+-------+
Note: Negative delays are omitted from totals when calculating percentages

+-------------------------------------------------------------------------------------------------------------------+
; Data Arrival Path                                                                                                 ;
+----------+---------+----+------+--------+---------------------+---------------------------------------------------+
; Total    ; Incr    ; RF ; Type ; Fanout ; Location            ; Element                                           ;
+----------+---------+----+------+--------+---------------------+---------------------------------------------------+
; 0.000    ; 0.000   ;    ;      ;        ;                     ; launch edge time                                  ;
; 6.038    ; 6.038   ;    ;      ;        ;                     ; clock path                                        ;
;   0.000  ;   0.000 ;    ;      ;        ;                     ; source latency                                    ;
;   0.000  ;   0.000 ;    ;      ; 1      ; LABCELL_X1_Y36_N48  ; gpu_clk                                           ;
;   2.743  ;   2.743 ; RR ; IC   ; 1      ; CLKCTRL_G2          ; gpu_clk~CLKENA0|inclk                             ;
;   3.064  ;   0.321 ; RR ; CELL ; 9151   ; CLKCTRL_G2          ; gpu_clk~CLKENA0|outclk                            ;
;   5.454  ;   2.390 ; RR ; IC   ; 1      ; FF_X16_Y42_N55      ; u_hps_arb|state.A_IDLE~DUPLICATE|clk              ;
;   6.038  ;   0.584 ; RR ; CELL ; 1      ; FF_X16_Y42_N55      ; zhao_hps_arbiter:u_hps_arb|state.A_IDLE~DUPLICATE ;
; 15.486   ; 9.448   ;    ;      ;        ;                     ; data path                                         ;
;   6.038  ;   0.000 ;    ; uTco ; 1      ; FF_X16_Y42_N55      ; zhao_hps_arbiter:u_hps_arb|state.A_IDLE~DUPLICATE ;
;   6.038  ;   0.000 ; FF ; CELL ; 66     ; FF_X16_Y42_N55      ; u_hps_arb|state.A_IDLE~DUPLICATE|q                ;
;   7.231  ;   1.193 ; FF ; IC   ; 1      ; LABCELL_X19_Y40_N36 ; u_hps_arb|c0_rsp_o.data[38]~55|datab              ;
;   7.794  ;   0.563 ; FF ; CELL ; 10     ; LABCELL_X19_Y40_N36 ; u_hps_arb|c0_rsp_o.data[38]~55|combout            ;
;   9.267  ;   1.473 ; FF ; IC   ; 1      ; LABCELL_X18_Y38_N48 ; u_dma|fold_d[38]~220|datab                        ;
;   9.839  ;   0.572 ; FR ; CELL ; 9      ; LABCELL_X18_Y38_N48 ; u_dma|fold_d[38]~220|combout                      ;
;   10.935 ;   1.096 ; RR ; IC   ; 1      ; LABCELL_X11_Y37_N33 ; u_dma|u_fold8|acc~31|datab                        ;
;   11.524 ;   0.589 ; RR ; CELL ; 4      ; LABCELL_X11_Y37_N33 ; u_dma|u_fold8|acc~31|combout                      ;
;   11.778 ;   0.254 ; RR ; IC   ; 1      ; LABCELL_X11_Y37_N3  ; u_dma|u_fold8|g_fold[8].acc[21]~198|dataa         ;
;   12.339 ;   0.561 ; RF ; CELL ; 1      ; LABCELL_X11_Y37_N3  ; u_dma|u_fold8|g_fold[8].acc[21]~198|combout       ;
;   13.449 ;   1.110 ; FF ; IC   ; 1      ; MLABCELL_X8_Y36_N36 ; u_dma|u_fold8|g_fold[8].acc[21]~199|dataf         ;
;   13.530 ;   0.081 ; FF ; CELL ; 2      ; MLABCELL_X8_Y36_N36 ; u_dma|u_fold8|g_fold[8].acc[21]~199|combout       ;
;   14.390 ;   0.860 ; FF ; IC   ; 1      ; LABCELL_X7_Y35_N42  ; u_dma|u_fold8|g_fold[8].acc[25]~203|datac         ;
;   14.873 ;   0.483 ; FF ; CELL ; 2      ; LABCELL_X7_Y35_N42  ; u_dma|u_fold8|g_fold[8].acc[25]~203|combout       ;
;   15.118 ;   0.245 ; FF ; IC   ; 1      ; LABCELL_X7_Y35_N21  ; u_dma|Selector877~0|dataf                         ;
;   15.208 ;   0.090 ; FR ; CELL ; 2      ; LABCELL_X7_Y35_N21  ; u_dma|Selector877~0|combout                       ;
;   15.208 ;   0.000 ; RR ; IC   ; 1      ; FF_X7_Y35_N22       ; u_dma|crc_hdr_r[25]~DUPLICATE|d                   ;
;   15.486 ;   0.278 ; RR ; CELL ; 1      ; FF_X7_Y35_N22       ; zhao_cmd_dma:u_dma|crc_hdr_r[25]~DUPLICATE        ;
+----------+---------+----+------+--------+---------------------+---------------------------------------------------+

+-----------------------------------------------------------------------------------------------------------+
; Data Required Path                                                                                        ;
+----------+---------+----+------+--------+--------------------+--------------------------------------------+
; Total    ; Incr    ; RF ; Type ; Fanout ; Location           ; Element                                    ;
+----------+---------+----+------+--------+--------------------+--------------------------------------------+
; 10.000   ; 10.000  ;    ;      ;        ;                    ; latch edge time                            ;
; 15.498   ; 5.498   ;    ;      ;        ;                    ; clock path                                 ;
;   10.000 ;   0.000 ;    ;      ;        ;                    ; source latency                             ;
;   10.000 ;   0.000 ;    ;      ; 1      ; LABCELL_X1_Y36_N48 ; gpu_clk                                    ;
;   10.588 ;   0.588 ; RR ; IC   ; 1      ; CLKCTRL_G2         ; gpu_clk~CLKENA0|inclk                      ;
;   10.883 ;   0.295 ; RR ; CELL ; 9151   ; CLKCTRL_G2         ; gpu_clk~CLKENA0|outclk                     ;
;   12.827 ;   1.944 ; RR ; IC   ; 1      ; FF_X7_Y35_N22      ; u_dma|crc_hdr_r[25]~DUPLICATE|clk          ;
;   13.317 ;   0.490 ; RR ; CELL ; 1      ; FF_X7_Y35_N22      ; zhao_cmd_dma:u_dma|crc_hdr_r[25]~DUPLICATE ;
;   15.498 ;   2.181 ;    ;      ;        ;                    ; clock pessimism removed                    ;
; 15.438   ; -0.060  ;    ;      ;        ;                    ; clock uncertainty                          ;
; 15.438   ; 0.000   ;    ; uTsu ; 1      ; FF_X7_Y35_N22      ; zhao_cmd_dma:u_dma|crc_hdr_r[25]~DUPLICATE ;
+----------+---------+----+------+--------+--------------------+--------------------------------------------+

----------------------------
; Extra Fitter Information ;
----------------------------
HTML report is unavailable in plain text report export.


Path #51: Setup slack is -0.043 (VIOLATED)
===============================================================================
+------------------------------------------------------------------------+
; Path Summary                                                           ;
+--------------------+---------------------------------------------------+
; Property           ; Value                                             ;
+--------------------+---------------------------------------------------+
; From Node          ; zhao_hps_arbiter:u_hps_arb|state.A_IDLE~DUPLICATE ;
; To Node            ; zhao_cmd_dma:u_dma|crc_hdr_r[25]                  ;
; Launch Clock       ; gpu_clk                                           ;
; Latch Clock        ; gpu_clk                                           ;
; Data Arrival Time  ; 15.488                                            ;
; Data Required Time ; 15.445                                            ;
; Slack              ; -0.043 (VIOLATED)                                 ;
+--------------------+---------------------------------------------------+

+------------------------------------------------------------------------------------+
; Statistics                                                                         ;
+------------------------+--------+-------+-------------+------------+-------+-------+
; Property               ; Value  ; Count ; Total Delay ; % of Total ; Min   ; Max   ;
+------------------------+--------+-------+-------------+------------+-------+-------+
; Setup Relationship     ; 10.000 ;       ;             ;            ;       ;       ;
; Clock Skew             ; -0.533 ;       ;             ;            ;       ;       ;
; Data Delay             ; 9.450  ;       ;             ;            ;       ;       ;
; Number of Logic Levels ;        ; 7     ;             ;            ;       ;       ;
; Physical Delays        ;        ;       ;             ;            ;       ;       ;
;  Arrival Path          ;        ;       ;             ;            ;       ;       ;
;   Clock                ;        ;       ;             ;            ;       ;       ;
;    IC                  ;        ; 2     ; 5.133       ; 85         ; 2.390 ; 2.743 ;
;    Cell                ;        ; 2     ; 0.905       ; 15         ; 0.321 ; 0.584 ;
;   Data                 ;        ;       ;             ;            ;       ;       ;
;    IC                  ;        ; 8     ; 6.231       ; 66         ; 0.000 ; 1.473 ;
;    Cell                ;        ; 9     ; 3.219       ; 34         ; 0.000 ; 0.589 ;
;    uTco                ;        ; 1     ; 0.000       ; 0          ; 0.000 ; 0.000 ;
;  Required Path         ;        ;       ;             ;            ;       ;       ;
;   Clock                ;        ;       ;             ;            ;       ;       ;
;    IC                  ;        ; 2     ; 2.532       ; 76         ; 0.588 ; 1.944 ;
;    Cell                ;        ; 2     ; 0.792       ; 24         ; 0.295 ; 0.497 ;
+------------------------+--------+-------+-------------+------------+-------+-------+
Note: Negative delays are omitted from totals when calculating percentages

+-------------------------------------------------------------------------------------------------------------------+
; Data Arrival Path                                                                                                 ;
+----------+---------+----+------+--------+---------------------+---------------------------------------------------+
; Total    ; Incr    ; RF ; Type ; Fanout ; Location            ; Element                                           ;
+----------+---------+----+------+--------+---------------------+---------------------------------------------------+
; 0.000    ; 0.000   ;    ;      ;        ;                     ; launch edge time                                  ;
; 6.038    ; 6.038   ;    ;      ;        ;                     ; clock path                                        ;
;   0.000  ;   0.000 ;    ;      ;        ;                     ; source latency                                    ;
;   0.000  ;   0.000 ;    ;      ; 1      ; LABCELL_X1_Y36_N48  ; gpu_clk                                           ;
;   2.743  ;   2.743 ; RR ; IC   ; 1      ; CLKCTRL_G2          ; gpu_clk~CLKENA0|inclk                             ;
;   3.064  ;   0.321 ; RR ; CELL ; 9151   ; CLKCTRL_G2          ; gpu_clk~CLKENA0|outclk                            ;
;   5.454  ;   2.390 ; RR ; IC   ; 1      ; FF_X16_Y42_N55      ; u_hps_arb|state.A_IDLE~DUPLICATE|clk              ;
;   6.038  ;   0.584 ; RR ; CELL ; 1      ; FF_X16_Y42_N55      ; zhao_hps_arbiter:u_hps_arb|state.A_IDLE~DUPLICATE ;
; 15.488   ; 9.450   ;    ;      ;        ;                     ; data path                                         ;
;   6.038  ;   0.000 ;    ; uTco ; 1      ; FF_X16_Y42_N55      ; zhao_hps_arbiter:u_hps_arb|state.A_IDLE~DUPLICATE ;
;   6.038  ;   0.000 ; FF ; CELL ; 66     ; FF_X16_Y42_N55      ; u_hps_arb|state.A_IDLE~DUPLICATE|q                ;
;   7.231  ;   1.193 ; FF ; IC   ; 1      ; LABCELL_X19_Y40_N36 ; u_hps_arb|c0_rsp_o.data[38]~55|datab              ;
;   7.794  ;   0.563 ; FF ; CELL ; 10     ; LABCELL_X19_Y40_N36 ; u_hps_arb|c0_rsp_o.data[38]~55|combout            ;
;   9.267  ;   1.473 ; FF ; IC   ; 1      ; LABCELL_X18_Y38_N48 ; u_dma|fold_d[38]~220|datab                        ;
;   9.839  ;   0.572 ; FR ; CELL ; 9      ; LABCELL_X18_Y38_N48 ; u_dma|fold_d[38]~220|combout                      ;
;   10.935 ;   1.096 ; RR ; IC   ; 1      ; LABCELL_X11_Y37_N33 ; u_dma|u_fold8|acc~31|datab                        ;
;   11.524 ;   0.589 ; RR ; CELL ; 4      ; LABCELL_X11_Y37_N33 ; u_dma|u_fold8|acc~31|combout                      ;
;   11.778 ;   0.254 ; RR ; IC   ; 1      ; LABCELL_X11_Y37_N3  ; u_dma|u_fold8|g_fold[8].acc[21]~198|dataa         ;
;   12.339 ;   0.561 ; RF ; CELL ; 1      ; LABCELL_X11_Y37_N3  ; u_dma|u_fold8|g_fold[8].acc[21]~198|combout       ;
;   13.449 ;   1.110 ; FF ; IC   ; 1      ; MLABCELL_X8_Y36_N36 ; u_dma|u_fold8|g_fold[8].acc[21]~199|dataf         ;
;   13.530 ;   0.081 ; FF ; CELL ; 2      ; MLABCELL_X8_Y36_N36 ; u_dma|u_fold8|g_fold[8].acc[21]~199|combout       ;
;   14.390 ;   0.860 ; FF ; IC   ; 1      ; LABCELL_X7_Y35_N42  ; u_dma|u_fold8|g_fold[8].acc[25]~203|datac         ;
;   14.873 ;   0.483 ; FF ; CELL ; 2      ; LABCELL_X7_Y35_N42  ; u_dma|u_fold8|g_fold[8].acc[25]~203|combout       ;
;   15.118 ;   0.245 ; FF ; IC   ; 1      ; LABCELL_X7_Y35_N21  ; u_dma|Selector877~0|dataf                         ;
;   15.208 ;   0.090 ; FR ; CELL ; 2      ; LABCELL_X7_Y35_N21  ; u_dma|Selector877~0|combout                       ;
;   15.208 ;   0.000 ; RR ; IC   ; 1      ; FF_X7_Y35_N23       ; u_dma|crc_hdr_r[25]|d                             ;
;   15.488 ;   0.280 ; RR ; CELL ; 1      ; FF_X7_Y35_N23       ; zhao_cmd_dma:u_dma|crc_hdr_r[25]                  ;
+----------+---------+----+------+--------+---------------------+---------------------------------------------------+

+-------------------------------------------------------------------------------------------------+
; Data Required Path                                                                              ;
+----------+---------+----+------+--------+--------------------+----------------------------------+
; Total    ; Incr    ; RF ; Type ; Fanout ; Location           ; Element                          ;
+----------+---------+----+------+--------+--------------------+----------------------------------+
; 10.000   ; 10.000  ;    ;      ;        ;                    ; latch edge time                  ;
; 15.505   ; 5.505   ;    ;      ;        ;                    ; clock path                       ;
;   10.000 ;   0.000 ;    ;      ;        ;                    ; source latency                   ;
;   10.000 ;   0.000 ;    ;      ; 1      ; LABCELL_X1_Y36_N48 ; gpu_clk                          ;
;   10.588 ;   0.588 ; RR ; IC   ; 1      ; CLKCTRL_G2         ; gpu_clk~CLKENA0|inclk            ;
;   10.883 ;   0.295 ; RR ; CELL ; 9151   ; CLKCTRL_G2         ; gpu_clk~CLKENA0|outclk           ;
;   12.827 ;   1.944 ; RR ; IC   ; 1      ; FF_X7_Y35_N23      ; u_dma|crc_hdr_r[25]|clk          ;
;   13.324 ;   0.497 ; RR ; CELL ; 1      ; FF_X7_Y35_N23      ; zhao_cmd_dma:u_dma|crc_hdr_r[25] ;
;   15.505 ;   2.181 ;    ;      ;        ;                    ; clock pessimism removed          ;
; 15.445   ; -0.060  ;    ;      ;        ;                    ; clock uncertainty                ;
; 15.445   ; 0.000   ;    ; uTsu ; 1      ; FF_X7_Y35_N23      ; zhao_cmd_dma:u_dma|crc_hdr_r[25] ;
+----------+---------+----+------+--------+--------------------+----------------------------------+

----------------------------
; Extra Fitter Information ;
----------------------------
HTML report is unavailable in plain text report export.


Path #52: Setup slack is -0.040 (VIOLATED)
===============================================================================
+-----------------------------------------------------------------+
; Path Summary                                                    ;
+--------------------+--------------------------------------------+
; Property           ; Value                                      ;
+--------------------+--------------------------------------------+
; From Node          ; zhao_cmd_dma:u_dma|cw[0]~DUPLICATE         ;
; To Node            ; zhao_cmd_dma:u_dma|crc_hdr_r[13]~DUPLICATE ;
; Launch Clock       ; gpu_clk                                    ;
; Latch Clock        ; gpu_clk                                    ;
; Data Arrival Time  ; 15.475                                     ;
; Data Required Time ; 15.435                                     ;
; Slack              ; -0.040 (VIOLATED)                          ;
+--------------------+--------------------------------------------+

+------------------------------------------------------------------------------------+
; Statistics                                                                         ;
+------------------------+--------+-------+-------------+------------+-------+-------+
; Property               ; Value  ; Count ; Total Delay ; % of Total ; Min   ; Max   ;
+------------------------+--------+-------+-------------+------------+-------+-------+
; Setup Relationship     ; 10.000 ;       ;             ;            ;       ;       ;
; Clock Skew             ; -0.535 ;       ;             ;            ;       ;       ;
; Data Delay             ; 9.445  ;       ;             ;            ;       ;       ;
; Number of Logic Levels ;        ; 8     ;             ;            ;       ;       ;
; Physical Delays        ;        ;       ;             ;            ;       ;       ;
;  Arrival Path          ;        ;       ;             ;            ;       ;       ;
;   Clock                ;        ;       ;             ;            ;       ;       ;
;    IC                  ;        ; 2     ; 5.134       ; 85         ; 2.391 ; 2.743 ;
;    Cell                ;        ; 2     ; 0.896       ; 15         ; 0.321 ; 0.575 ;
;   Data                 ;        ;       ;             ;            ;       ;       ;
;    IC                  ;        ; 9     ; 6.017       ; 64         ; 0.000 ; 1.309 ;
;    Cell                ;        ; 10    ; 3.428       ; 36         ; 0.000 ; 0.535 ;
;    uTco                ;        ; 1     ; 0.000       ; 0          ; 0.000 ; 0.000 ;
;  Required Path         ;        ;       ;             ;            ;       ;       ;
;   Clock                ;        ;       ;             ;            ;       ;       ;
;    IC                  ;        ; 2     ; 2.527       ; 76         ; 0.588 ; 1.939 ;
;    Cell                ;        ; 2     ; 0.787       ; 24         ; 0.295 ; 0.492 ;
+------------------------+--------+-------+-------------+------------+-------+-------+
Note: Negative delays are omitted from totals when calculating percentages

+------------------------------------------------------------------------------------------------------------+
; Data Arrival Path                                                                                          ;
+----------+---------+----+------+--------+---------------------+--------------------------------------------+
; Total    ; Incr    ; RF ; Type ; Fanout ; Location            ; Element                                    ;
+----------+---------+----+------+--------+---------------------+--------------------------------------------+
; 0.000    ; 0.000   ;    ;      ;        ;                     ; launch edge time                           ;
; 6.030    ; 6.030   ;    ;      ;        ;                     ; clock path                                 ;
;   0.000  ;   0.000 ;    ;      ;        ;                     ; source latency                             ;
;   0.000  ;   0.000 ;    ;      ; 1      ; LABCELL_X1_Y36_N48  ; gpu_clk                                    ;
;   2.743  ;   2.743 ; RR ; IC   ; 1      ; CLKCTRL_G2          ; gpu_clk~CLKENA0|inclk                      ;
;   3.064  ;   0.321 ; RR ; CELL ; 9151   ; CLKCTRL_G2          ; gpu_clk~CLKENA0|outclk                     ;
;   5.455  ;   2.391 ; RR ; IC   ; 1      ; FF_X16_Y38_N22      ; u_dma|cw[0]~DUPLICATE|clk                  ;
;   6.030  ;   0.575 ; RR ; CELL ; 1      ; FF_X16_Y38_N22      ; zhao_cmd_dma:u_dma|cw[0]~DUPLICATE         ;
; 15.475   ; 9.445   ;    ;      ;        ;                     ; data path                                  ;
;   6.030  ;   0.000 ;    ; uTco ; 1      ; FF_X16_Y38_N22      ; zhao_cmd_dma:u_dma|cw[0]~DUPLICATE         ;
;   6.030  ;   0.000 ; RR ; CELL ; 135    ; FF_X16_Y38_N22      ; u_dma|cw[0]~DUPLICATE|q                    ;
;   6.940  ;   0.910 ; RR ; IC   ; 1      ; LABCELL_X16_Y37_N6  ; u_dma|Add2~1|datac                         ;
;   7.443  ;   0.503 ; RF ; CELL ; 32     ; LABCELL_X16_Y37_N6  ; u_dma|Add2~1|combout                       ;
;   8.324  ;   0.881 ; FF ; IC   ; 1      ; LABCELL_X18_Y38_N9  ; u_dma|fold_d[36]~250|datac                 ;
;   8.752  ;   0.428 ; FR ; CELL ; 1      ; LABCELL_X18_Y38_N9  ; u_dma|fold_d[36]~250|combout               ;
;   9.015  ;   0.263 ; RR ; IC   ; 1      ; LABCELL_X18_Y38_N3  ; u_dma|fold_d[36]~251|dataf                 ;
;   9.107  ;   0.092 ; RF ; CELL ; 5      ; LABCELL_X18_Y38_N3  ; u_dma|fold_d[36]~251|combout               ;
;   10.117 ;   1.010 ; FF ; IC   ; 1      ; LABCELL_X13_Y38_N0  ; u_dma|u_fold8|acc~24|datac                 ;
;   10.604 ;   0.487 ; FF ; CELL ; 3      ; LABCELL_X13_Y38_N0  ; u_dma|u_fold8|acc~24|combout               ;
;   11.147 ;   0.543 ; FF ; IC   ; 1      ; LABCELL_X12_Y38_N45 ; u_dma|u_fold8|g_fold[8].acc[13]~40|datad   ;
;   11.654 ;   0.507 ; FF ; CELL ; 1      ; LABCELL_X12_Y38_N45 ; u_dma|u_fold8|g_fold[8].acc[13]~40|combout ;
;   12.402 ;   0.748 ; FF ; IC   ; 1      ; LABCELL_X10_Y40_N48 ; u_dma|u_fold8|g_fold[8].acc[13]~41|datad   ;
;   12.910 ;   0.508 ; FF ; CELL ; 1      ; LABCELL_X10_Y40_N48 ; u_dma|u_fold8|g_fold[8].acc[13]~41|combout ;
;   14.219 ;   1.309 ; FF ; IC   ; 1      ; LABCELL_X11_Y35_N24 ; u_dma|u_fold8|g_fold[8].acc[13]~42|dataa   ;
;   14.754 ;   0.535 ; FF ; CELL ; 2      ; LABCELL_X11_Y35_N24 ; u_dma|u_fold8|g_fold[8].acc[13]~42|combout ;
;   15.107 ;   0.353 ; FF ; IC   ; 1      ; LABCELL_X10_Y35_N36 ; u_dma|Selector889~0|dataf                  ;
;   15.195 ;   0.088 ; FR ; CELL ; 2      ; LABCELL_X10_Y35_N36 ; u_dma|Selector889~0|combout                ;
;   15.195 ;   0.000 ; RR ; IC   ; 1      ; FF_X10_Y35_N38      ; u_dma|crc_hdr_r[13]~DUPLICATE|d            ;
;   15.475 ;   0.280 ; RR ; CELL ; 1      ; FF_X10_Y35_N38      ; zhao_cmd_dma:u_dma|crc_hdr_r[13]~DUPLICATE ;
+----------+---------+----+------+--------+---------------------+--------------------------------------------+

+-----------------------------------------------------------------------------------------------------------+
; Data Required Path                                                                                        ;
+----------+---------+----+------+--------+--------------------+--------------------------------------------+
; Total    ; Incr    ; RF ; Type ; Fanout ; Location           ; Element                                    ;
+----------+---------+----+------+--------+--------------------+--------------------------------------------+
; 10.000   ; 10.000  ;    ;      ;        ;                    ; latch edge time                            ;
; 15.495   ; 5.495   ;    ;      ;        ;                    ; clock path                                 ;
;   10.000 ;   0.000 ;    ;      ;        ;                    ; source latency                             ;
;   10.000 ;   0.000 ;    ;      ; 1      ; LABCELL_X1_Y36_N48 ; gpu_clk                                    ;
;   10.588 ;   0.588 ; RR ; IC   ; 1      ; CLKCTRL_G2         ; gpu_clk~CLKENA0|inclk                      ;
;   10.883 ;   0.295 ; RR ; CELL ; 9151   ; CLKCTRL_G2         ; gpu_clk~CLKENA0|outclk                     ;
;   12.822 ;   1.939 ; RR ; IC   ; 1      ; FF_X10_Y35_N38     ; u_dma|crc_hdr_r[13]~DUPLICATE|clk          ;
;   13.314 ;   0.492 ; RR ; CELL ; 1      ; FF_X10_Y35_N38     ; zhao_cmd_dma:u_dma|crc_hdr_r[13]~DUPLICATE ;
;   15.495 ;   2.181 ;    ;      ;        ;                    ; clock pessimism removed                    ;
; 15.435   ; -0.060  ;    ;      ;        ;                    ; clock uncertainty                          ;
; 15.435   ; 0.000   ;    ; uTsu ; 1      ; FF_X10_Y35_N38     ; zhao_cmd_dma:u_dma|crc_hdr_r[13]~DUPLICATE ;
+----------+---------+----+------+--------+--------------------+--------------------------------------------+

----------------------------
; Extra Fitter Information ;
----------------------------
HTML report is unavailable in plain text report export.


Path #53: Setup slack is -0.035 (VIOLATED)
===============================================================================
+---------------------------------------------------------+
; Path Summary                                            ;
+--------------------+------------------------------------+
; Property           ; Value                              ;
+--------------------+------------------------------------+
; From Node          ; zhao_cmd_dma:u_dma|cw[0]~DUPLICATE ;
; To Node            ; zhao_cmd_dma:u_dma|crc_pay_r[13]   ;
; Launch Clock       ; gpu_clk                            ;
; Latch Clock        ; gpu_clk                            ;
; Data Arrival Time  ; 15.469                             ;
; Data Required Time ; 15.434                             ;
; Slack              ; -0.035 (VIOLATED)                  ;
+--------------------+------------------------------------+

+------------------------------------------------------------------------------------+
; Statistics                                                                         ;
+------------------------+--------+-------+-------------+------------+-------+-------+
; Property               ; Value  ; Count ; Total Delay ; % of Total ; Min   ; Max   ;
+------------------------+--------+-------+-------------+------------+-------+-------+
; Setup Relationship     ; 10.000 ;       ;             ;            ;       ;       ;
; Clock Skew             ; -0.536 ;       ;             ;            ;       ;       ;
; Data Delay             ; 9.439  ;       ;             ;            ;       ;       ;
; Number of Logic Levels ;        ; 8     ;             ;            ;       ;       ;
; Physical Delays        ;        ;       ;             ;            ;       ;       ;
;  Arrival Path          ;        ;       ;             ;            ;       ;       ;
;   Clock                ;        ;       ;             ;            ;       ;       ;
;    IC                  ;        ; 2     ; 5.134       ; 85         ; 2.391 ; 2.743 ;
;    Cell                ;        ; 2     ; 0.896       ; 15         ; 0.321 ; 0.575 ;
;   Data                 ;        ;       ;             ;            ;       ;       ;
;    IC                  ;        ; 9     ; 6.023       ; 64         ; 0.000 ; 1.309 ;
;    Cell                ;        ; 10    ; 3.416       ; 36         ; 0.000 ; 0.540 ;
;    uTco                ;        ; 1     ; 0.000       ; 0          ; 0.000 ; 0.000 ;
;  Required Path         ;        ;       ;             ;            ;       ;       ;
;   Clock                ;        ;       ;             ;            ;       ;       ;
;    IC                  ;        ; 2     ; 2.527       ; 76         ; 0.588 ; 1.939 ;
;    Cell                ;        ; 2     ; 0.786       ; 24         ; 0.295 ; 0.491 ;
+------------------------+--------+-------+-------------+------------+-------+-------+
Note: Negative delays are omitted from totals when calculating percentages

+------------------------------------------------------------------------------------------------------------+
; Data Arrival Path                                                                                          ;
+----------+---------+----+------+--------+---------------------+--------------------------------------------+
; Total    ; Incr    ; RF ; Type ; Fanout ; Location            ; Element                                    ;
+----------+---------+----+------+--------+---------------------+--------------------------------------------+
; 0.000    ; 0.000   ;    ;      ;        ;                     ; launch edge time                           ;
; 6.030    ; 6.030   ;    ;      ;        ;                     ; clock path                                 ;
;   0.000  ;   0.000 ;    ;      ;        ;                     ; source latency                             ;
;   0.000  ;   0.000 ;    ;      ; 1      ; LABCELL_X1_Y36_N48  ; gpu_clk                                    ;
;   2.743  ;   2.743 ; RR ; IC   ; 1      ; CLKCTRL_G2          ; gpu_clk~CLKENA0|inclk                      ;
;   3.064  ;   0.321 ; RR ; CELL ; 9151   ; CLKCTRL_G2          ; gpu_clk~CLKENA0|outclk                     ;
;   5.455  ;   2.391 ; RR ; IC   ; 1      ; FF_X16_Y38_N22      ; u_dma|cw[0]~DUPLICATE|clk                  ;
;   6.030  ;   0.575 ; RR ; CELL ; 1      ; FF_X16_Y38_N22      ; zhao_cmd_dma:u_dma|cw[0]~DUPLICATE         ;
; 15.469   ; 9.439   ;    ;      ;        ;                     ; data path                                  ;
;   6.030  ;   0.000 ;    ; uTco ; 1      ; FF_X16_Y38_N22      ; zhao_cmd_dma:u_dma|cw[0]~DUPLICATE         ;
;   6.030  ;   0.000 ; RR ; CELL ; 135    ; FF_X16_Y38_N22      ; u_dma|cw[0]~DUPLICATE|q                    ;
;   6.940  ;   0.910 ; RR ; IC   ; 1      ; LABCELL_X16_Y37_N6  ; u_dma|Add2~1|datac                         ;
;   7.443  ;   0.503 ; RF ; CELL ; 32     ; LABCELL_X16_Y37_N6  ; u_dma|Add2~1|combout                       ;
;   8.324  ;   0.881 ; FF ; IC   ; 1      ; LABCELL_X18_Y38_N9  ; u_dma|fold_d[36]~250|datac                 ;
;   8.752  ;   0.428 ; FR ; CELL ; 1      ; LABCELL_X18_Y38_N9  ; u_dma|fold_d[36]~250|combout               ;
;   9.015  ;   0.263 ; RR ; IC   ; 1      ; LABCELL_X18_Y38_N3  ; u_dma|fold_d[36]~251|dataf                 ;
;   9.107  ;   0.092 ; RF ; CELL ; 5      ; LABCELL_X18_Y38_N3  ; u_dma|fold_d[36]~251|combout               ;
;   10.117 ;   1.010 ; FF ; IC   ; 1      ; LABCELL_X13_Y38_N0  ; u_dma|u_fold8|acc~24|datac                 ;
;   10.604 ;   0.487 ; FF ; CELL ; 3      ; LABCELL_X13_Y38_N0  ; u_dma|u_fold8|acc~24|combout               ;
;   11.147 ;   0.543 ; FF ; IC   ; 1      ; LABCELL_X12_Y38_N45 ; u_dma|u_fold8|g_fold[8].acc[13]~40|datad   ;
;   11.654 ;   0.507 ; FF ; CELL ; 1      ; LABCELL_X12_Y38_N45 ; u_dma|u_fold8|g_fold[8].acc[13]~40|combout ;
;   12.402 ;   0.748 ; FF ; IC   ; 1      ; LABCELL_X10_Y40_N48 ; u_dma|u_fold8|g_fold[8].acc[13]~41|datad   ;
;   12.910 ;   0.508 ; FF ; CELL ; 1      ; LABCELL_X10_Y40_N48 ; u_dma|u_fold8|g_fold[8].acc[13]~41|combout ;
;   14.219 ;   1.309 ; FF ; IC   ; 1      ; LABCELL_X11_Y35_N24 ; u_dma|u_fold8|g_fold[8].acc[13]~42|dataa   ;
;   14.759 ;   0.540 ; FR ; CELL ; 2      ; LABCELL_X11_Y35_N24 ; u_dma|u_fold8|g_fold[8].acc[13]~42|combout ;
;   15.118 ;   0.359 ; RR ; IC   ; 1      ; LABCELL_X10_Y35_N9  ; u_dma|Selector923~0|dataf                  ;
;   15.207 ;   0.089 ; RF ; CELL ; 1      ; LABCELL_X10_Y35_N9  ; u_dma|Selector923~0|combout                ;
;   15.207 ;   0.000 ; FF ; IC   ; 1      ; FF_X10_Y35_N11      ; u_dma|crc_pay_r[13]|d                      ;
;   15.469 ;   0.262 ; FF ; CELL ; 1      ; FF_X10_Y35_N11      ; zhao_cmd_dma:u_dma|crc_pay_r[13]           ;
+----------+---------+----+------+--------+---------------------+--------------------------------------------+

+-------------------------------------------------------------------------------------------------+
; Data Required Path                                                                              ;
+----------+---------+----+------+--------+--------------------+----------------------------------+
; Total    ; Incr    ; RF ; Type ; Fanout ; Location           ; Element                          ;
+----------+---------+----+------+--------+--------------------+----------------------------------+
; 10.000   ; 10.000  ;    ;      ;        ;                    ; latch edge time                  ;
; 15.494   ; 5.494   ;    ;      ;        ;                    ; clock path                       ;
;   10.000 ;   0.000 ;    ;      ;        ;                    ; source latency                   ;
;   10.000 ;   0.000 ;    ;      ; 1      ; LABCELL_X1_Y36_N48 ; gpu_clk                          ;
;   10.588 ;   0.588 ; RR ; IC   ; 1      ; CLKCTRL_G2         ; gpu_clk~CLKENA0|inclk            ;
;   10.883 ;   0.295 ; RR ; CELL ; 9151   ; CLKCTRL_G2         ; gpu_clk~CLKENA0|outclk           ;
;   12.822 ;   1.939 ; RR ; IC   ; 1      ; FF_X10_Y35_N11     ; u_dma|crc_pay_r[13]|clk          ;
;   13.313 ;   0.491 ; RR ; CELL ; 1      ; FF_X10_Y35_N11     ; zhao_cmd_dma:u_dma|crc_pay_r[13] ;
;   15.494 ;   2.181 ;    ;      ;        ;                    ; clock pessimism removed          ;
; 15.434   ; -0.060  ;    ;      ;        ;                    ; clock uncertainty                ;
; 15.434   ; 0.000   ;    ; uTsu ; 1      ; FF_X10_Y35_N11     ; zhao_cmd_dma:u_dma|crc_pay_r[13] ;
+----------+---------+----+------+--------+--------------------+----------------------------------+

----------------------------
; Extra Fitter Information ;
----------------------------
HTML report is unavailable in plain text report export.


Path #54: Setup slack is -0.034 (VIOLATED)
===============================================================================
+---------------------------------------------------------+
; Path Summary                                            ;
+--------------------+------------------------------------+
; Property           ; Value                              ;
+--------------------+------------------------------------+
; From Node          ; zhao_cmd_dma:u_dma|cw[0]~DUPLICATE ;
; To Node            ; zhao_cmd_dma:u_dma|crc_hdr_r[13]   ;
; Launch Clock       ; gpu_clk                            ;
; Latch Clock        ; gpu_clk                            ;
; Data Arrival Time  ; 15.473                             ;
; Data Required Time ; 15.439                             ;
; Slack              ; -0.034 (VIOLATED)                  ;
+--------------------+------------------------------------+

+------------------------------------------------------------------------------------+
; Statistics                                                                         ;
+------------------------+--------+-------+-------------+------------+-------+-------+
; Property               ; Value  ; Count ; Total Delay ; % of Total ; Min   ; Max   ;
+------------------------+--------+-------+-------------+------------+-------+-------+
; Setup Relationship     ; 10.000 ;       ;             ;            ;       ;       ;
; Clock Skew             ; -0.531 ;       ;             ;            ;       ;       ;
; Data Delay             ; 9.443  ;       ;             ;            ;       ;       ;
; Number of Logic Levels ;        ; 8     ;             ;            ;       ;       ;
; Physical Delays        ;        ;       ;             ;            ;       ;       ;
;  Arrival Path          ;        ;       ;             ;            ;       ;       ;
;   Clock                ;        ;       ;             ;            ;       ;       ;
;    IC                  ;        ; 2     ; 5.134       ; 85         ; 2.391 ; 2.743 ;
;    Cell                ;        ; 2     ; 0.896       ; 15         ; 0.321 ; 0.575 ;
;   Data                 ;        ;       ;             ;            ;       ;       ;
;    IC                  ;        ; 9     ; 6.017       ; 64         ; 0.000 ; 1.309 ;
;    Cell                ;        ; 10    ; 3.426       ; 36         ; 0.000 ; 0.535 ;
;    uTco                ;        ; 1     ; 0.000       ; 0          ; 0.000 ; 0.000 ;
;  Required Path         ;        ;       ;             ;            ;       ;       ;
;   Clock                ;        ;       ;             ;            ;       ;       ;
;    IC                  ;        ; 2     ; 2.527       ; 76         ; 0.588 ; 1.939 ;
;    Cell                ;        ; 2     ; 0.791       ; 24         ; 0.295 ; 0.496 ;
+------------------------+--------+-------+-------------+------------+-------+-------+
Note: Negative delays are omitted from totals when calculating percentages

+------------------------------------------------------------------------------------------------------------+
; Data Arrival Path                                                                                          ;
+----------+---------+----+------+--------+---------------------+--------------------------------------------+
; Total    ; Incr    ; RF ; Type ; Fanout ; Location            ; Element                                    ;
+----------+---------+----+------+--------+---------------------+--------------------------------------------+
; 0.000    ; 0.000   ;    ;      ;        ;                     ; launch edge time                           ;
; 6.030    ; 6.030   ;    ;      ;        ;                     ; clock path                                 ;
;   0.000  ;   0.000 ;    ;      ;        ;                     ; source latency                             ;
;   0.000  ;   0.000 ;    ;      ; 1      ; LABCELL_X1_Y36_N48  ; gpu_clk                                    ;
;   2.743  ;   2.743 ; RR ; IC   ; 1      ; CLKCTRL_G2          ; gpu_clk~CLKENA0|inclk                      ;
;   3.064  ;   0.321 ; RR ; CELL ; 9151   ; CLKCTRL_G2          ; gpu_clk~CLKENA0|outclk                     ;
;   5.455  ;   2.391 ; RR ; IC   ; 1      ; FF_X16_Y38_N22      ; u_dma|cw[0]~DUPLICATE|clk                  ;
;   6.030  ;   0.575 ; RR ; CELL ; 1      ; FF_X16_Y38_N22      ; zhao_cmd_dma:u_dma|cw[0]~DUPLICATE         ;
; 15.473   ; 9.443   ;    ;      ;        ;                     ; data path                                  ;
;   6.030  ;   0.000 ;    ; uTco ; 1      ; FF_X16_Y38_N22      ; zhao_cmd_dma:u_dma|cw[0]~DUPLICATE         ;
;   6.030  ;   0.000 ; RR ; CELL ; 135    ; FF_X16_Y38_N22      ; u_dma|cw[0]~DUPLICATE|q                    ;
;   6.940  ;   0.910 ; RR ; IC   ; 1      ; LABCELL_X16_Y37_N6  ; u_dma|Add2~1|datac                         ;
;   7.443  ;   0.503 ; RF ; CELL ; 32     ; LABCELL_X16_Y37_N6  ; u_dma|Add2~1|combout                       ;
;   8.324  ;   0.881 ; FF ; IC   ; 1      ; LABCELL_X18_Y38_N9  ; u_dma|fold_d[36]~250|datac                 ;
;   8.752  ;   0.428 ; FR ; CELL ; 1      ; LABCELL_X18_Y38_N9  ; u_dma|fold_d[36]~250|combout               ;
;   9.015  ;   0.263 ; RR ; IC   ; 1      ; LABCELL_X18_Y38_N3  ; u_dma|fold_d[36]~251|dataf                 ;
;   9.107  ;   0.092 ; RF ; CELL ; 5      ; LABCELL_X18_Y38_N3  ; u_dma|fold_d[36]~251|combout               ;
;   10.117 ;   1.010 ; FF ; IC   ; 1      ; LABCELL_X13_Y38_N0  ; u_dma|u_fold8|acc~24|datac                 ;
;   10.604 ;   0.487 ; FF ; CELL ; 3      ; LABCELL_X13_Y38_N0  ; u_dma|u_fold8|acc~24|combout               ;
;   11.147 ;   0.543 ; FF ; IC   ; 1      ; LABCELL_X12_Y38_N45 ; u_dma|u_fold8|g_fold[8].acc[13]~40|datad   ;
;   11.654 ;   0.507 ; FF ; CELL ; 1      ; LABCELL_X12_Y38_N45 ; u_dma|u_fold8|g_fold[8].acc[13]~40|combout ;
;   12.402 ;   0.748 ; FF ; IC   ; 1      ; LABCELL_X10_Y40_N48 ; u_dma|u_fold8|g_fold[8].acc[13]~41|datad   ;
;   12.910 ;   0.508 ; FF ; CELL ; 1      ; LABCELL_X10_Y40_N48 ; u_dma|u_fold8|g_fold[8].acc[13]~41|combout ;
;   14.219 ;   1.309 ; FF ; IC   ; 1      ; LABCELL_X11_Y35_N24 ; u_dma|u_fold8|g_fold[8].acc[13]~42|dataa   ;
;   14.754 ;   0.535 ; FF ; CELL ; 2      ; LABCELL_X11_Y35_N24 ; u_dma|u_fold8|g_fold[8].acc[13]~42|combout ;
;   15.107 ;   0.353 ; FF ; IC   ; 1      ; LABCELL_X10_Y35_N36 ; u_dma|Selector889~0|dataf                  ;
;   15.195 ;   0.088 ; FR ; CELL ; 2      ; LABCELL_X10_Y35_N36 ; u_dma|Selector889~0|combout                ;
;   15.195 ;   0.000 ; RR ; IC   ; 1      ; FF_X10_Y35_N37      ; u_dma|crc_hdr_r[13]|d                      ;
;   15.473 ;   0.278 ; RR ; CELL ; 1      ; FF_X10_Y35_N37      ; zhao_cmd_dma:u_dma|crc_hdr_r[13]           ;
+----------+---------+----+------+--------+---------------------+--------------------------------------------+

+-------------------------------------------------------------------------------------------------+
; Data Required Path                                                                              ;
+----------+---------+----+------+--------+--------------------+----------------------------------+
; Total    ; Incr    ; RF ; Type ; Fanout ; Location           ; Element                          ;
+----------+---------+----+------+--------+--------------------+----------------------------------+
; 10.000   ; 10.000  ;    ;      ;        ;                    ; latch edge time                  ;
; 15.499   ; 5.499   ;    ;      ;        ;                    ; clock path                       ;
;   10.000 ;   0.000 ;    ;      ;        ;                    ; source latency                   ;
;   10.000 ;   0.000 ;    ;      ; 1      ; LABCELL_X1_Y36_N48 ; gpu_clk                          ;
;   10.588 ;   0.588 ; RR ; IC   ; 1      ; CLKCTRL_G2         ; gpu_clk~CLKENA0|inclk            ;
;   10.883 ;   0.295 ; RR ; CELL ; 9151   ; CLKCTRL_G2         ; gpu_clk~CLKENA0|outclk           ;
;   12.822 ;   1.939 ; RR ; IC   ; 1      ; FF_X10_Y35_N37     ; u_dma|crc_hdr_r[13]|clk          ;
;   13.318 ;   0.496 ; RR ; CELL ; 1      ; FF_X10_Y35_N37     ; zhao_cmd_dma:u_dma|crc_hdr_r[13] ;
;   15.499 ;   2.181 ;    ;      ;        ;                    ; clock pessimism removed          ;
; 15.439   ; -0.060  ;    ;      ;        ;                    ; clock uncertainty                ;
; 15.439   ; 0.000   ;    ; uTsu ; 1      ; FF_X10_Y35_N37     ; zhao_cmd_dma:u_dma|crc_hdr_r[13] ;
+----------+---------+----+------+--------+--------------------+----------------------------------+

----------------------------
; Extra Fitter Information ;
----------------------------
HTML report is unavailable in plain text report export.


Path #55: Setup slack is -0.028 (VIOLATED)
===============================================================================
+-----------------------------------------------------------------+
; Path Summary                                                    ;
+--------------------+--------------------------------------------+
; Property           ; Value                                      ;
+--------------------+--------------------------------------------+
; From Node          ; zhao_cmd_dma:u_dma|m.M_SEED                ;
; To Node            ; zhao_cmd_dma:u_dma|crc_hdr_r[11]~DUPLICATE ;
; Launch Clock       ; gpu_clk                                    ;
; Latch Clock        ; gpu_clk                                    ;
; Data Arrival Time  ; 15.463                                     ;
; Data Required Time ; 15.435                                     ;
; Slack              ; -0.028 (VIOLATED)                          ;
+--------------------+--------------------------------------------+

+------------------------------------------------------------------------------------+
; Statistics                                                                         ;
+------------------------+--------+-------+-------------+------------+-------+-------+
; Property               ; Value  ; Count ; Total Delay ; % of Total ; Min   ; Max   ;
+------------------------+--------+-------+-------------+------------+-------+-------+
; Setup Relationship     ; 10.000 ;       ;             ;            ;       ;       ;
; Clock Skew             ; -0.548 ;       ;             ;            ;       ;       ;
; Data Delay             ; 9.420  ;       ;             ;            ;       ;       ;
; Number of Logic Levels ;        ; 7     ;             ;            ;       ;       ;
; Physical Delays        ;        ;       ;             ;            ;       ;       ;
;  Arrival Path          ;        ;       ;             ;            ;       ;       ;
;   Clock                ;        ;       ;             ;            ;       ;       ;
;    IC                  ;        ; 2     ; 5.140       ; 85         ; 2.397 ; 2.743 ;
;    Cell                ;        ; 2     ; 0.903       ; 15         ; 0.321 ; 0.582 ;
;   Data                 ;        ;       ;             ;            ;       ;       ;
;    IC                  ;        ; 8     ; 6.468       ; 69         ; 0.000 ; 1.534 ;
;    Cell                ;        ; 9     ; 2.952       ; 31         ; 0.000 ; 0.552 ;
;    uTco                ;        ; 1     ; 0.000       ; 0          ; 0.000 ; 0.000 ;
;  Required Path         ;        ;       ;             ;            ;       ;       ;
;   Clock                ;        ;       ;             ;            ;       ;       ;
;    IC                  ;        ; 2     ; 2.527       ; 76         ; 0.588 ; 1.939 ;
;    Cell                ;        ; 2     ; 0.787       ; 24         ; 0.295 ; 0.492 ;
+------------------------+--------+-------+-------------+------------+-------+-------+
Note: Negative delays are omitted from totals when calculating percentages

+------------------------------------------------------------------------------------------------------------+
; Data Arrival Path                                                                                          ;
+----------+---------+----+------+--------+---------------------+--------------------------------------------+
; Total    ; Incr    ; RF ; Type ; Fanout ; Location            ; Element                                    ;
+----------+---------+----+------+--------+---------------------+--------------------------------------------+
; 0.000    ; 0.000   ;    ;      ;        ;                     ; launch edge time                           ;
; 6.043    ; 6.043   ;    ;      ;        ;                     ; clock path                                 ;
;   0.000  ;   0.000 ;    ;      ;        ;                     ; source latency                             ;
;   0.000  ;   0.000 ;    ;      ; 1      ; LABCELL_X1_Y36_N48  ; gpu_clk                                    ;
;   2.743  ;   2.743 ; RR ; IC   ; 1      ; CLKCTRL_G2          ; gpu_clk~CLKENA0|inclk                      ;
;   3.064  ;   0.321 ; RR ; CELL ; 9151   ; CLKCTRL_G2          ; gpu_clk~CLKENA0|outclk                     ;
;   5.461  ;   2.397 ; RR ; IC   ; 1      ; FF_X18_Y37_N35      ; u_dma|m.M_SEED|clk                         ;
;   6.043  ;   0.582 ; RR ; CELL ; 1      ; FF_X18_Y37_N35      ; zhao_cmd_dma:u_dma|m.M_SEED                ;
; 15.463   ; 9.420   ;    ;      ;        ;                     ; data path                                  ;
;   6.043  ;   0.000 ;    ; uTco ; 1      ; FF_X18_Y37_N35      ; zhao_cmd_dma:u_dma|m.M_SEED                ;
;   6.043  ;   0.000 ; FF ; CELL ; 119    ; FF_X18_Y37_N35      ; u_dma|m.M_SEED|q                           ;
;   7.577  ;   1.534 ; FF ; IC   ; 1      ; LABCELL_X16_Y35_N51 ; u_dma|fold_d[26]~141|datac                 ;
;   8.084  ;   0.507 ; FF ; CELL ; 1      ; LABCELL_X16_Y35_N51 ; u_dma|fold_d[26]~141|combout               ;
;   8.827  ;   0.743 ; FF ; IC   ; 1      ; LABCELL_X11_Y35_N12 ; u_dma|fold_d[26]~142|datac                 ;
;   9.339  ;   0.512 ; FF ; CELL ; 14     ; LABCELL_X11_Y35_N12 ; u_dma|fold_d[26]~142|combout               ;
;   10.062 ;   0.723 ; FF ; IC   ; 1      ; LABCELL_X7_Y35_N3   ; u_dma|u_fold4|acc~10|datad                 ;
;   10.442 ;   0.380 ; FF ; CELL ; 5      ; LABCELL_X7_Y35_N3   ; u_dma|u_fold4|acc~10|combout               ;
;   11.829 ;   1.387 ; FF ; IC   ; 1      ; LABCELL_X7_Y39_N51  ; u_dma|u_fold8|g_fold[8].acc[11]~80|datab   ;
;   12.381 ;   0.552 ; FR ; CELL ; 1      ; LABCELL_X7_Y39_N51  ; u_dma|u_fold8|g_fold[8].acc[11]~80|combout ;
;   12.705 ;   0.324 ; RR ; IC   ; 1      ; MLABCELL_X6_Y39_N54 ; u_dma|u_fold8|g_fold[8].acc[11]~81|dataf   ;
;   12.801 ;   0.096 ; RF ; CELL ; 2      ; MLABCELL_X6_Y39_N54 ; u_dma|u_fold8|g_fold[8].acc[11]~81|combout ;
;   14.250 ;   1.449 ; FF ; IC   ; 1      ; LABCELL_X9_Y35_N3   ; u_dma|u_fold8|g_fold[8].acc[11]~82|dataf   ;
;   14.343 ;   0.093 ; FR ; CELL ; 2      ; LABCELL_X9_Y35_N3   ; u_dma|u_fold8|g_fold[8].acc[11]~82|combout ;
;   14.651 ;   0.308 ; RR ; IC   ; 1      ; LABCELL_X10_Y35_N48 ; u_dma|Selector891~0|datab                  ;
;   15.197 ;   0.546 ; RF ; CELL ; 2      ; LABCELL_X10_Y35_N48 ; u_dma|Selector891~0|combout                ;
;   15.197 ;   0.000 ; FF ; IC   ; 1      ; FF_X10_Y35_N50      ; u_dma|crc_hdr_r[11]~DUPLICATE|d            ;
;   15.463 ;   0.266 ; FF ; CELL ; 1      ; FF_X10_Y35_N50      ; zhao_cmd_dma:u_dma|crc_hdr_r[11]~DUPLICATE ;
+----------+---------+----+------+--------+---------------------+--------------------------------------------+

+-----------------------------------------------------------------------------------------------------------+
; Data Required Path                                                                                        ;
+----------+---------+----+------+--------+--------------------+--------------------------------------------+
; Total    ; Incr    ; RF ; Type ; Fanout ; Location           ; Element                                    ;
+----------+---------+----+------+--------+--------------------+--------------------------------------------+
; 10.000   ; 10.000  ;    ;      ;        ;                    ; latch edge time                            ;
; 15.495   ; 5.495   ;    ;      ;        ;                    ; clock path                                 ;
;   10.000 ;   0.000 ;    ;      ;        ;                    ; source latency                             ;
;   10.000 ;   0.000 ;    ;      ; 1      ; LABCELL_X1_Y36_N48 ; gpu_clk                                    ;
;   10.588 ;   0.588 ; RR ; IC   ; 1      ; CLKCTRL_G2         ; gpu_clk~CLKENA0|inclk                      ;
;   10.883 ;   0.295 ; RR ; CELL ; 9151   ; CLKCTRL_G2         ; gpu_clk~CLKENA0|outclk                     ;
;   12.822 ;   1.939 ; RR ; IC   ; 1      ; FF_X10_Y35_N50     ; u_dma|crc_hdr_r[11]~DUPLICATE|clk          ;
;   13.314 ;   0.492 ; RR ; CELL ; 1      ; FF_X10_Y35_N50     ; zhao_cmd_dma:u_dma|crc_hdr_r[11]~DUPLICATE ;
;   15.495 ;   2.181 ;    ;      ;        ;                    ; clock pessimism removed                    ;
; 15.435   ; -0.060  ;    ;      ;        ;                    ; clock uncertainty                          ;
; 15.435   ; 0.000   ;    ; uTsu ; 1      ; FF_X10_Y35_N50     ; zhao_cmd_dma:u_dma|crc_hdr_r[11]~DUPLICATE ;
+----------+---------+----+------+--------+--------------------+--------------------------------------------+

----------------------------
; Extra Fitter Information ;
----------------------------
HTML report is unavailable in plain text report export.


Path #56: Setup slack is -0.022 (VIOLATED)
===============================================================================
+---------------------------------------------------------+
; Path Summary                                            ;
+--------------------+------------------------------------+
; Property           ; Value                              ;
+--------------------+------------------------------------+
; From Node          ; zhao_cmd_dma:u_dma|cw[0]~DUPLICATE ;
; To Node            ; zhao_cmd_dma:u_dma|crc_hdr_r[6]    ;
; Launch Clock       ; gpu_clk                            ;
; Latch Clock        ; gpu_clk                            ;
; Data Arrival Time  ; 15.473                             ;
; Data Required Time ; 15.451                             ;
; Slack              ; -0.022 (VIOLATED)                  ;
+--------------------+------------------------------------+

+------------------------------------------------------------------------------------+
; Statistics                                                                         ;
+------------------------+--------+-------+-------------+------------+-------+-------+
; Property               ; Value  ; Count ; Total Delay ; % of Total ; Min   ; Max   ;
+------------------------+--------+-------+-------------+------------+-------+-------+
; Setup Relationship     ; 10.000 ;       ;             ;            ;       ;       ;
; Clock Skew             ; -0.519 ;       ;             ;            ;       ;       ;
; Data Delay             ; 9.443  ;       ;             ;            ;       ;       ;
; Number of Logic Levels ;        ; 7     ;             ;            ;       ;       ;
; Physical Delays        ;        ;       ;             ;            ;       ;       ;
;  Arrival Path          ;        ;       ;             ;            ;       ;       ;
;   Clock                ;        ;       ;             ;            ;       ;       ;
;    IC                  ;        ; 2     ; 5.134       ; 85         ; 2.391 ; 2.743 ;
;    Cell                ;        ; 2     ; 0.896       ; 15         ; 0.321 ; 0.575 ;
;   Data                 ;        ;       ;             ;            ;       ;       ;
;    IC                  ;        ; 8     ; 6.788       ; 72         ; 0.000 ; 1.280 ;
;    Cell                ;        ; 9     ; 2.655       ; 28         ; 0.000 ; 0.563 ;
;    uTco                ;        ; 1     ; 0.000       ; 0          ; 0.000 ; 0.000 ;
;  Required Path         ;        ;       ;             ;            ;       ;       ;
;   Clock                ;        ;       ;             ;            ;       ;       ;
;    IC                  ;        ; 2     ; 2.532       ; 76         ; 0.588 ; 1.944 ;
;    Cell                ;        ; 2     ; 0.798       ; 24         ; 0.295 ; 0.503 ;
+------------------------+--------+-------+-------------+------------+-------+-------+
Note: Negative delays are omitted from totals when calculating percentages

+------------------------------------------------------------------------------------------------------------+
; Data Arrival Path                                                                                          ;
+----------+---------+----+------+--------+---------------------+--------------------------------------------+
; Total    ; Incr    ; RF ; Type ; Fanout ; Location            ; Element                                    ;
+----------+---------+----+------+--------+---------------------+--------------------------------------------+
; 0.000    ; 0.000   ;    ;      ;        ;                     ; launch edge time                           ;
; 6.030    ; 6.030   ;    ;      ;        ;                     ; clock path                                 ;
;   0.000  ;   0.000 ;    ;      ;        ;                     ; source latency                             ;
;   0.000  ;   0.000 ;    ;      ; 1      ; LABCELL_X1_Y36_N48  ; gpu_clk                                    ;
;   2.743  ;   2.743 ; RR ; IC   ; 1      ; CLKCTRL_G2          ; gpu_clk~CLKENA0|inclk                      ;
;   3.064  ;   0.321 ; RR ; CELL ; 9151   ; CLKCTRL_G2          ; gpu_clk~CLKENA0|outclk                     ;
;   5.455  ;   2.391 ; RR ; IC   ; 1      ; FF_X16_Y38_N22      ; u_dma|cw[0]~DUPLICATE|clk                  ;
;   6.030  ;   0.575 ; RR ; CELL ; 1      ; FF_X16_Y38_N22      ; zhao_cmd_dma:u_dma|cw[0]~DUPLICATE         ;
; 15.473   ; 9.443   ;    ;      ;        ;                     ; data path                                  ;
;   6.030  ;   0.000 ;    ; uTco ; 1      ; FF_X16_Y38_N22      ; zhao_cmd_dma:u_dma|cw[0]~DUPLICATE         ;
;   6.030  ;   0.000 ; RR ; CELL ; 135    ; FF_X16_Y38_N22      ; u_dma|cw[0]~DUPLICATE|q                    ;
;   6.940  ;   0.910 ; RR ; IC   ; 1      ; LABCELL_X16_Y37_N6  ; u_dma|Add2~1|datac                         ;
;   7.443  ;   0.503 ; RF ; CELL ; 32     ; LABCELL_X16_Y37_N6  ; u_dma|Add2~1|combout                       ;
;   8.712  ;   1.269 ; FF ; IC   ; 1      ; LABCELL_X16_Y40_N24 ; u_dma|fold_d[48]~224|datac                 ;
;   9.152  ;   0.440 ; FR ; CELL ; 1      ; LABCELL_X16_Y40_N24 ; u_dma|fold_d[48]~224|combout               ;
;   9.394  ;   0.242 ; RR ; IC   ; 1      ; LABCELL_X16_Y40_N9  ; u_dma|fold_d[48]~225|dataf                 ;
;   9.486  ;   0.092 ; RF ; CELL ; 6      ; LABCELL_X16_Y40_N9  ; u_dma|fold_d[48]~225|combout               ;
;   10.766 ;   1.280 ; FF ; IC   ; 1      ; LABCELL_X11_Y37_N9  ; u_dma|u_fold8|acc~30|datac                 ;
;   11.248 ;   0.482 ; FF ; CELL ; 3      ; LABCELL_X11_Y37_N9  ; u_dma|u_fold8|acc~30|combout               ;
;   12.249 ;   1.001 ; FF ; IC   ; 1      ; LABCELL_X11_Y36_N18 ; u_dma|u_fold8|g_fold[8].acc[1]~108|datae   ;
;   12.474 ;   0.225 ; FF ; CELL ; 2      ; LABCELL_X11_Y36_N18 ; u_dma|u_fold8|g_fold[8].acc[1]~108|combout ;
;   13.484 ;   1.010 ; FF ; IC   ; 1      ; LABCELL_X11_Y38_N6  ; u_dma|u_fold8|g_fold[8].acc[6]~114|dataa   ;
;   14.047 ;   0.563 ; FF ; CELL ; 2      ; LABCELL_X11_Y38_N6  ; u_dma|u_fold8|g_fold[8].acc[6]~114|combout ;
;   15.123 ;   1.076 ; FF ; IC   ; 1      ; LABCELL_X7_Y36_N48  ; u_dma|Selector896~0|dataf                  ;
;   15.211 ;   0.088 ; FR ; CELL ; 1      ; LABCELL_X7_Y36_N48  ; u_dma|Selector896~0|combout                ;
;   15.211 ;   0.000 ; RR ; IC   ; 1      ; FF_X7_Y36_N50       ; u_dma|crc_hdr_r[6]|d                       ;
;   15.473 ;   0.262 ; RR ; CELL ; 1      ; FF_X7_Y36_N50       ; zhao_cmd_dma:u_dma|crc_hdr_r[6]            ;
+----------+---------+----+------+--------+---------------------+--------------------------------------------+

+------------------------------------------------------------------------------------------------+
; Data Required Path                                                                             ;
+----------+---------+----+------+--------+--------------------+---------------------------------+
; Total    ; Incr    ; RF ; Type ; Fanout ; Location           ; Element                         ;
+----------+---------+----+------+--------+--------------------+---------------------------------+
; 10.000   ; 10.000  ;    ;      ;        ;                    ; latch edge time                 ;
; 15.511   ; 5.511   ;    ;      ;        ;                    ; clock path                      ;
;   10.000 ;   0.000 ;    ;      ;        ;                    ; source latency                  ;
;   10.000 ;   0.000 ;    ;      ; 1      ; LABCELL_X1_Y36_N48 ; gpu_clk                         ;
;   10.588 ;   0.588 ; RR ; IC   ; 1      ; CLKCTRL_G2         ; gpu_clk~CLKENA0|inclk           ;
;   10.883 ;   0.295 ; RR ; CELL ; 9151   ; CLKCTRL_G2         ; gpu_clk~CLKENA0|outclk          ;
;   12.827 ;   1.944 ; RR ; IC   ; 1      ; FF_X7_Y36_N50      ; u_dma|crc_hdr_r[6]|clk          ;
;   13.330 ;   0.503 ; RR ; CELL ; 1      ; FF_X7_Y36_N50      ; zhao_cmd_dma:u_dma|crc_hdr_r[6] ;
;   15.511 ;   2.181 ;    ;      ;        ;                    ; clock pessimism removed         ;
; 15.451   ; -0.060  ;    ;      ;        ;                    ; clock uncertainty               ;
; 15.451   ; 0.000   ;    ; uTsu ; 1      ; FF_X7_Y36_N50      ; zhao_cmd_dma:u_dma|crc_hdr_r[6] ;
+----------+---------+----+------+--------+--------------------+---------------------------------+

----------------------------
; Extra Fitter Information ;
----------------------------
HTML report is unavailable in plain text report export.


Path #57: Setup slack is -0.022 (VIOLATED)
===============================================================================
+-------------------------------------------------------+
; Path Summary                                          ;
+--------------------+----------------------------------+
; Property           ; Value                            ;
+--------------------+----------------------------------+
; From Node          ; zhao_cmd_dma:u_dma|m.M_SEED      ;
; To Node            ; zhao_cmd_dma:u_dma|crc_hdr_r[11] ;
; Launch Clock       ; gpu_clk                          ;
; Latch Clock        ; gpu_clk                          ;
; Data Arrival Time  ; 15.461                           ;
; Data Required Time ; 15.439                           ;
; Slack              ; -0.022 (VIOLATED)                ;
+--------------------+----------------------------------+

+------------------------------------------------------------------------------------+
; Statistics                                                                         ;
+------------------------+--------+-------+-------------+------------+-------+-------+
; Property               ; Value  ; Count ; Total Delay ; % of Total ; Min   ; Max   ;
+------------------------+--------+-------+-------------+------------+-------+-------+
; Setup Relationship     ; 10.000 ;       ;             ;            ;       ;       ;
; Clock Skew             ; -0.544 ;       ;             ;            ;       ;       ;
; Data Delay             ; 9.418  ;       ;             ;            ;       ;       ;
; Number of Logic Levels ;        ; 7     ;             ;            ;       ;       ;
; Physical Delays        ;        ;       ;             ;            ;       ;       ;
;  Arrival Path          ;        ;       ;             ;            ;       ;       ;
;   Clock                ;        ;       ;             ;            ;       ;       ;
;    IC                  ;        ; 2     ; 5.140       ; 85         ; 2.397 ; 2.743 ;
;    Cell                ;        ; 2     ; 0.903       ; 15         ; 0.321 ; 0.582 ;
;   Data                 ;        ;       ;             ;            ;       ;       ;
;    IC                  ;        ; 8     ; 6.468       ; 69         ; 0.000 ; 1.534 ;
;    Cell                ;        ; 9     ; 2.950       ; 31         ; 0.000 ; 0.552 ;
;    uTco                ;        ; 1     ; 0.000       ; 0          ; 0.000 ; 0.000 ;
;  Required Path         ;        ;       ;             ;            ;       ;       ;
;   Clock                ;        ;       ;             ;            ;       ;       ;
;    IC                  ;        ; 2     ; 2.527       ; 76         ; 0.588 ; 1.939 ;
;    Cell                ;        ; 2     ; 0.791       ; 24         ; 0.295 ; 0.496 ;
+------------------------+--------+-------+-------------+------------+-------+-------+
Note: Negative delays are omitted from totals when calculating percentages

+------------------------------------------------------------------------------------------------------------+
; Data Arrival Path                                                                                          ;
+----------+---------+----+------+--------+---------------------+--------------------------------------------+
; Total    ; Incr    ; RF ; Type ; Fanout ; Location            ; Element                                    ;
+----------+---------+----+------+--------+---------------------+--------------------------------------------+
; 0.000    ; 0.000   ;    ;      ;        ;                     ; launch edge time                           ;
; 6.043    ; 6.043   ;    ;      ;        ;                     ; clock path                                 ;
;   0.000  ;   0.000 ;    ;      ;        ;                     ; source latency                             ;
;   0.000  ;   0.000 ;    ;      ; 1      ; LABCELL_X1_Y36_N48  ; gpu_clk                                    ;
;   2.743  ;   2.743 ; RR ; IC   ; 1      ; CLKCTRL_G2          ; gpu_clk~CLKENA0|inclk                      ;
;   3.064  ;   0.321 ; RR ; CELL ; 9151   ; CLKCTRL_G2          ; gpu_clk~CLKENA0|outclk                     ;
;   5.461  ;   2.397 ; RR ; IC   ; 1      ; FF_X18_Y37_N35      ; u_dma|m.M_SEED|clk                         ;
;   6.043  ;   0.582 ; RR ; CELL ; 1      ; FF_X18_Y37_N35      ; zhao_cmd_dma:u_dma|m.M_SEED                ;
; 15.461   ; 9.418   ;    ;      ;        ;                     ; data path                                  ;
;   6.043  ;   0.000 ;    ; uTco ; 1      ; FF_X18_Y37_N35      ; zhao_cmd_dma:u_dma|m.M_SEED                ;
;   6.043  ;   0.000 ; FF ; CELL ; 119    ; FF_X18_Y37_N35      ; u_dma|m.M_SEED|q                           ;
;   7.577  ;   1.534 ; FF ; IC   ; 1      ; LABCELL_X16_Y35_N51 ; u_dma|fold_d[26]~141|datac                 ;
;   8.084  ;   0.507 ; FF ; CELL ; 1      ; LABCELL_X16_Y35_N51 ; u_dma|fold_d[26]~141|combout               ;
;   8.827  ;   0.743 ; FF ; IC   ; 1      ; LABCELL_X11_Y35_N12 ; u_dma|fold_d[26]~142|datac                 ;
;   9.339  ;   0.512 ; FF ; CELL ; 14     ; LABCELL_X11_Y35_N12 ; u_dma|fold_d[26]~142|combout               ;
;   10.062 ;   0.723 ; FF ; IC   ; 1      ; LABCELL_X7_Y35_N3   ; u_dma|u_fold4|acc~10|datad                 ;
;   10.442 ;   0.380 ; FF ; CELL ; 5      ; LABCELL_X7_Y35_N3   ; u_dma|u_fold4|acc~10|combout               ;
;   11.829 ;   1.387 ; FF ; IC   ; 1      ; LABCELL_X7_Y39_N51  ; u_dma|u_fold8|g_fold[8].acc[11]~80|datab   ;
;   12.381 ;   0.552 ; FR ; CELL ; 1      ; LABCELL_X7_Y39_N51  ; u_dma|u_fold8|g_fold[8].acc[11]~80|combout ;
;   12.705 ;   0.324 ; RR ; IC   ; 1      ; MLABCELL_X6_Y39_N54 ; u_dma|u_fold8|g_fold[8].acc[11]~81|dataf   ;
;   12.801 ;   0.096 ; RF ; CELL ; 2      ; MLABCELL_X6_Y39_N54 ; u_dma|u_fold8|g_fold[8].acc[11]~81|combout ;
;   14.250 ;   1.449 ; FF ; IC   ; 1      ; LABCELL_X9_Y35_N3   ; u_dma|u_fold8|g_fold[8].acc[11]~82|dataf   ;
;   14.343 ;   0.093 ; FR ; CELL ; 2      ; LABCELL_X9_Y35_N3   ; u_dma|u_fold8|g_fold[8].acc[11]~82|combout ;
;   14.651 ;   0.308 ; RR ; IC   ; 1      ; LABCELL_X10_Y35_N48 ; u_dma|Selector891~0|datab                  ;
;   15.197 ;   0.546 ; RF ; CELL ; 2      ; LABCELL_X10_Y35_N48 ; u_dma|Selector891~0|combout                ;
;   15.197 ;   0.000 ; FF ; IC   ; 1      ; FF_X10_Y35_N49      ; u_dma|crc_hdr_r[11]|d                      ;
;   15.461 ;   0.264 ; FF ; CELL ; 1      ; FF_X10_Y35_N49      ; zhao_cmd_dma:u_dma|crc_hdr_r[11]           ;
+----------+---------+----+------+--------+---------------------+--------------------------------------------+

+-------------------------------------------------------------------------------------------------+
; Data Required Path                                                                              ;
+----------+---------+----+------+--------+--------------------+----------------------------------+
; Total    ; Incr    ; RF ; Type ; Fanout ; Location           ; Element                          ;
+----------+---------+----+------+--------+--------------------+----------------------------------+
; 10.000   ; 10.000  ;    ;      ;        ;                    ; latch edge time                  ;
; 15.499   ; 5.499   ;    ;      ;        ;                    ; clock path                       ;
;   10.000 ;   0.000 ;    ;      ;        ;                    ; source latency                   ;
;   10.000 ;   0.000 ;    ;      ; 1      ; LABCELL_X1_Y36_N48 ; gpu_clk                          ;
;   10.588 ;   0.588 ; RR ; IC   ; 1      ; CLKCTRL_G2         ; gpu_clk~CLKENA0|inclk            ;
;   10.883 ;   0.295 ; RR ; CELL ; 9151   ; CLKCTRL_G2         ; gpu_clk~CLKENA0|outclk           ;
;   12.822 ;   1.939 ; RR ; IC   ; 1      ; FF_X10_Y35_N49     ; u_dma|crc_hdr_r[11]|clk          ;
;   13.318 ;   0.496 ; RR ; CELL ; 1      ; FF_X10_Y35_N49     ; zhao_cmd_dma:u_dma|crc_hdr_r[11] ;
;   15.499 ;   2.181 ;    ;      ;        ;                    ; clock pessimism removed          ;
; 15.439   ; -0.060  ;    ;      ;        ;                    ; clock uncertainty                ;
; 15.439   ; 0.000   ;    ; uTsu ; 1      ; FF_X10_Y35_N49     ; zhao_cmd_dma:u_dma|crc_hdr_r[11] ;
+----------+---------+----+------+--------+--------------------+----------------------------------+

----------------------------
; Extra Fitter Information ;
----------------------------
HTML report is unavailable in plain text report export.


Path #58: Setup slack is -0.017 (VIOLATED)
===============================================================================
+---------------------------------------------------------+
; Path Summary                                            ;
+--------------------+------------------------------------+
; Property           ; Value                              ;
+--------------------+------------------------------------+
; From Node          ; zhao_cmd_dma:u_dma|cw[0]~DUPLICATE ;
; To Node            ; zhao_cmd_dma:u_dma|crc_pay_r[6]    ;
; Launch Clock       ; gpu_clk                            ;
; Latch Clock        ; gpu_clk                            ;
; Data Arrival Time  ; 15.460                             ;
; Data Required Time ; 15.443                             ;
; Slack              ; -0.017 (VIOLATED)                  ;
+--------------------+------------------------------------+

+------------------------------------------------------------------------------------+
; Statistics                                                                         ;
+------------------------+--------+-------+-------------+------------+-------+-------+
; Property               ; Value  ; Count ; Total Delay ; % of Total ; Min   ; Max   ;
+------------------------+--------+-------+-------------+------------+-------+-------+
; Setup Relationship     ; 10.000 ;       ;             ;            ;       ;       ;
; Clock Skew             ; -0.527 ;       ;             ;            ;       ;       ;
; Data Delay             ; 9.430  ;       ;             ;            ;       ;       ;
; Number of Logic Levels ;        ; 7     ;             ;            ;       ;       ;
; Physical Delays        ;        ;       ;             ;            ;       ;       ;
;  Arrival Path          ;        ;       ;             ;            ;       ;       ;
;   Clock                ;        ;       ;             ;            ;       ;       ;
;    IC                  ;        ; 2     ; 5.134       ; 85         ; 2.391 ; 2.743 ;
;    Cell                ;        ; 2     ; 0.896       ; 15         ; 0.321 ; 0.575 ;
;   Data                 ;        ;       ;             ;            ;       ;       ;
;    IC                  ;        ; 8     ; 6.775       ; 72         ; 0.000 ; 1.280 ;
;    Cell                ;        ; 9     ; 2.655       ; 28         ; 0.000 ; 0.563 ;
;    uTco                ;        ; 1     ; 0.000       ; 0          ; 0.000 ; 0.000 ;
;  Required Path         ;        ;       ;             ;            ;       ;       ;
;   Clock                ;        ;       ;             ;            ;       ;       ;
;    IC                  ;        ; 2     ; 2.532       ; 76         ; 0.588 ; 1.944 ;
;    Cell                ;        ; 2     ; 0.790       ; 24         ; 0.295 ; 0.495 ;
+------------------------+--------+-------+-------------+------------+-------+-------+
Note: Negative delays are omitted from totals when calculating percentages

+------------------------------------------------------------------------------------------------------------+
; Data Arrival Path                                                                                          ;
+----------+---------+----+------+--------+---------------------+--------------------------------------------+
; Total    ; Incr    ; RF ; Type ; Fanout ; Location            ; Element                                    ;
+----------+---------+----+------+--------+---------------------+--------------------------------------------+
; 0.000    ; 0.000   ;    ;      ;        ;                     ; launch edge time                           ;
; 6.030    ; 6.030   ;    ;      ;        ;                     ; clock path                                 ;
;   0.000  ;   0.000 ;    ;      ;        ;                     ; source latency                             ;
;   0.000  ;   0.000 ;    ;      ; 1      ; LABCELL_X1_Y36_N48  ; gpu_clk                                    ;
;   2.743  ;   2.743 ; RR ; IC   ; 1      ; CLKCTRL_G2          ; gpu_clk~CLKENA0|inclk                      ;
;   3.064  ;   0.321 ; RR ; CELL ; 9151   ; CLKCTRL_G2          ; gpu_clk~CLKENA0|outclk                     ;
;   5.455  ;   2.391 ; RR ; IC   ; 1      ; FF_X16_Y38_N22      ; u_dma|cw[0]~DUPLICATE|clk                  ;
;   6.030  ;   0.575 ; RR ; CELL ; 1      ; FF_X16_Y38_N22      ; zhao_cmd_dma:u_dma|cw[0]~DUPLICATE         ;
; 15.460   ; 9.430   ;    ;      ;        ;                     ; data path                                  ;
;   6.030  ;   0.000 ;    ; uTco ; 1      ; FF_X16_Y38_N22      ; zhao_cmd_dma:u_dma|cw[0]~DUPLICATE         ;
;   6.030  ;   0.000 ; RR ; CELL ; 135    ; FF_X16_Y38_N22      ; u_dma|cw[0]~DUPLICATE|q                    ;
;   6.940  ;   0.910 ; RR ; IC   ; 1      ; LABCELL_X16_Y37_N6  ; u_dma|Add2~1|datac                         ;
;   7.443  ;   0.503 ; RF ; CELL ; 32     ; LABCELL_X16_Y37_N6  ; u_dma|Add2~1|combout                       ;
;   8.712  ;   1.269 ; FF ; IC   ; 1      ; LABCELL_X16_Y40_N24 ; u_dma|fold_d[48]~224|datac                 ;
;   9.152  ;   0.440 ; FR ; CELL ; 1      ; LABCELL_X16_Y40_N24 ; u_dma|fold_d[48]~224|combout               ;
;   9.394  ;   0.242 ; RR ; IC   ; 1      ; LABCELL_X16_Y40_N9  ; u_dma|fold_d[48]~225|dataf                 ;
;   9.486  ;   0.092 ; RF ; CELL ; 6      ; LABCELL_X16_Y40_N9  ; u_dma|fold_d[48]~225|combout               ;
;   10.766 ;   1.280 ; FF ; IC   ; 1      ; LABCELL_X11_Y37_N9  ; u_dma|u_fold8|acc~30|datac                 ;
;   11.248 ;   0.482 ; FF ; CELL ; 3      ; LABCELL_X11_Y37_N9  ; u_dma|u_fold8|acc~30|combout               ;
;   12.249 ;   1.001 ; FF ; IC   ; 1      ; LABCELL_X11_Y36_N18 ; u_dma|u_fold8|g_fold[8].acc[1]~108|datae   ;
;   12.474 ;   0.225 ; FF ; CELL ; 2      ; LABCELL_X11_Y36_N18 ; u_dma|u_fold8|g_fold[8].acc[1]~108|combout ;
;   13.484 ;   1.010 ; FF ; IC   ; 1      ; LABCELL_X11_Y38_N6  ; u_dma|u_fold8|g_fold[8].acc[6]~114|dataa   ;
;   14.047 ;   0.563 ; FF ; CELL ; 2      ; LABCELL_X11_Y38_N6  ; u_dma|u_fold8|g_fold[8].acc[6]~114|combout ;
;   15.110 ;   1.063 ; FF ; IC   ; 1      ; LABCELL_X7_Y36_N18  ; u_dma|Selector930~0|dataf                  ;
;   15.198 ;   0.088 ; FR ; CELL ; 1      ; LABCELL_X7_Y36_N18  ; u_dma|Selector930~0|combout                ;
;   15.198 ;   0.000 ; RR ; IC   ; 1      ; FF_X7_Y36_N20       ; u_dma|crc_pay_r[6]|d                       ;
;   15.460 ;   0.262 ; RR ; CELL ; 1      ; FF_X7_Y36_N20       ; zhao_cmd_dma:u_dma|crc_pay_r[6]            ;
+----------+---------+----+------+--------+---------------------+--------------------------------------------+

+------------------------------------------------------------------------------------------------+
; Data Required Path                                                                             ;
+----------+---------+----+------+--------+--------------------+---------------------------------+
; Total    ; Incr    ; RF ; Type ; Fanout ; Location           ; Element                         ;
+----------+---------+----+------+--------+--------------------+---------------------------------+
; 10.000   ; 10.000  ;    ;      ;        ;                    ; latch edge time                 ;
; 15.503   ; 5.503   ;    ;      ;        ;                    ; clock path                      ;
;   10.000 ;   0.000 ;    ;      ;        ;                    ; source latency                  ;
;   10.000 ;   0.000 ;    ;      ; 1      ; LABCELL_X1_Y36_N48 ; gpu_clk                         ;
;   10.588 ;   0.588 ; RR ; IC   ; 1      ; CLKCTRL_G2         ; gpu_clk~CLKENA0|inclk           ;
;   10.883 ;   0.295 ; RR ; CELL ; 9151   ; CLKCTRL_G2         ; gpu_clk~CLKENA0|outclk          ;
;   12.827 ;   1.944 ; RR ; IC   ; 1      ; FF_X7_Y36_N20      ; u_dma|crc_pay_r[6]|clk          ;
;   13.322 ;   0.495 ; RR ; CELL ; 1      ; FF_X7_Y36_N20      ; zhao_cmd_dma:u_dma|crc_pay_r[6] ;
;   15.503 ;   2.181 ;    ;      ;        ;                    ; clock pessimism removed         ;
; 15.443   ; -0.060  ;    ;      ;        ;                    ; clock uncertainty               ;
; 15.443   ; 0.000   ;    ; uTsu ; 1      ; FF_X7_Y36_N20      ; zhao_cmd_dma:u_dma|crc_pay_r[6] ;
+----------+---------+----+------+--------+--------------------+---------------------------------+

----------------------------
; Extra Fitter Information ;
----------------------------
HTML report is unavailable in plain text report export.


Path #59: Setup slack is -0.008 (VIOLATED)
===============================================================================
+------------------------------------------------------------------------+
; Path Summary                                                           ;
+--------------------+---------------------------------------------------+
; Property           ; Value                                             ;
+--------------------+---------------------------------------------------+
; From Node          ; zhao_hps_arbiter:u_hps_arb|state.A_IDLE~DUPLICATE ;
; To Node            ; zhao_cmd_dma:u_dma|crc_pay_r[21]                  ;
; Launch Clock       ; gpu_clk                                           ;
; Latch Clock        ; gpu_clk                                           ;
; Data Arrival Time  ; 15.443                                            ;
; Data Required Time ; 15.435                                            ;
; Slack              ; -0.008 (VIOLATED)                                 ;
+--------------------+---------------------------------------------------+

+------------------------------------------------------------------------------------+
; Statistics                                                                         ;
+------------------------+--------+-------+-------------+------------+-------+-------+
; Property               ; Value  ; Count ; Total Delay ; % of Total ; Min   ; Max   ;
+------------------------+--------+-------+-------------+------------+-------+-------+
; Setup Relationship     ; 10.000 ;       ;             ;            ;       ;       ;
; Clock Skew             ; -0.543 ;       ;             ;            ;       ;       ;
; Data Delay             ; 9.405  ;       ;             ;            ;       ;       ;
; Number of Logic Levels ;        ; 7     ;             ;            ;       ;       ;
; Physical Delays        ;        ;       ;             ;            ;       ;       ;
;  Arrival Path          ;        ;       ;             ;            ;       ;       ;
;   Clock                ;        ;       ;             ;            ;       ;       ;
;    IC                  ;        ; 2     ; 5.133       ; 85         ; 2.390 ; 2.743 ;
;    Cell                ;        ; 2     ; 0.905       ; 15         ; 0.321 ; 0.584 ;
;   Data                 ;        ;       ;             ;            ;       ;       ;
;    IC                  ;        ; 8     ; 6.188       ; 66         ; 0.000 ; 1.473 ;
;    Cell                ;        ; 9     ; 3.217       ; 34         ; 0.000 ; 0.589 ;
;    uTco                ;        ; 1     ; 0.000       ; 0          ; 0.000 ; 0.000 ;
;  Required Path         ;        ;       ;             ;            ;       ;       ;
;   Clock                ;        ;       ;             ;            ;       ;       ;
;    IC                  ;        ; 2     ; 2.532       ; 76         ; 0.588 ; 1.944 ;
;    Cell                ;        ; 2     ; 0.782       ; 24         ; 0.295 ; 0.487 ;
+------------------------+--------+-------+-------------+------------+-------+-------+
Note: Negative delays are omitted from totals when calculating percentages

+-------------------------------------------------------------------------------------------------------------------+
; Data Arrival Path                                                                                                 ;
+----------+---------+----+------+--------+---------------------+---------------------------------------------------+
; Total    ; Incr    ; RF ; Type ; Fanout ; Location            ; Element                                           ;
+----------+---------+----+------+--------+---------------------+---------------------------------------------------+
; 0.000    ; 0.000   ;    ;      ;        ;                     ; launch edge time                                  ;
; 6.038    ; 6.038   ;    ;      ;        ;                     ; clock path                                        ;
;   0.000  ;   0.000 ;    ;      ;        ;                     ; source latency                                    ;
;   0.000  ;   0.000 ;    ;      ; 1      ; LABCELL_X1_Y36_N48  ; gpu_clk                                           ;
;   2.743  ;   2.743 ; RR ; IC   ; 1      ; CLKCTRL_G2          ; gpu_clk~CLKENA0|inclk                             ;
;   3.064  ;   0.321 ; RR ; CELL ; 9151   ; CLKCTRL_G2          ; gpu_clk~CLKENA0|outclk                            ;
;   5.454  ;   2.390 ; RR ; IC   ; 1      ; FF_X16_Y42_N55      ; u_hps_arb|state.A_IDLE~DUPLICATE|clk              ;
;   6.038  ;   0.584 ; RR ; CELL ; 1      ; FF_X16_Y42_N55      ; zhao_hps_arbiter:u_hps_arb|state.A_IDLE~DUPLICATE ;
; 15.443   ; 9.405   ;    ;      ;        ;                     ; data path                                         ;
;   6.038  ;   0.000 ;    ; uTco ; 1      ; FF_X16_Y42_N55      ; zhao_hps_arbiter:u_hps_arb|state.A_IDLE~DUPLICATE ;
;   6.038  ;   0.000 ; FF ; CELL ; 66     ; FF_X16_Y42_N55      ; u_hps_arb|state.A_IDLE~DUPLICATE|q                ;
;   7.231  ;   1.193 ; FF ; IC   ; 1      ; LABCELL_X19_Y40_N36 ; u_hps_arb|c0_rsp_o.data[38]~55|datab              ;
;   7.794  ;   0.563 ; FF ; CELL ; 10     ; LABCELL_X19_Y40_N36 ; u_hps_arb|c0_rsp_o.data[38]~55|combout            ;
;   9.267  ;   1.473 ; FF ; IC   ; 1      ; LABCELL_X18_Y38_N48 ; u_dma|fold_d[38]~220|datab                        ;
;   9.839  ;   0.572 ; FR ; CELL ; 9      ; LABCELL_X18_Y38_N48 ; u_dma|fold_d[38]~220|combout                      ;
;   10.935 ;   1.096 ; RR ; IC   ; 1      ; LABCELL_X11_Y37_N33 ; u_dma|u_fold8|acc~31|datab                        ;
;   11.524 ;   0.589 ; RR ; CELL ; 4      ; LABCELL_X11_Y37_N33 ; u_dma|u_fold8|acc~31|combout                      ;
;   11.778 ;   0.254 ; RR ; IC   ; 1      ; LABCELL_X11_Y37_N3  ; u_dma|u_fold8|g_fold[8].acc[21]~198|dataa         ;
;   12.339 ;   0.561 ; RF ; CELL ; 1      ; LABCELL_X11_Y37_N3  ; u_dma|u_fold8|g_fold[8].acc[21]~198|combout       ;
;   13.449 ;   1.110 ; FF ; IC   ; 1      ; MLABCELL_X8_Y36_N36 ; u_dma|u_fold8|g_fold[8].acc[21]~199|dataf         ;
;   13.530 ;   0.081 ; FF ; CELL ; 2      ; MLABCELL_X8_Y36_N36 ; u_dma|u_fold8|g_fold[8].acc[21]~199|combout       ;
;   14.378 ;   0.848 ; FF ; IC   ; 1      ; LABCELL_X7_Y35_N24  ; u_dma|u_fold8|g_fold[8].acc[21]~235|datac         ;
;   14.861 ;   0.483 ; FF ; CELL ; 2      ; LABCELL_X7_Y35_N24  ; u_dma|u_fold8|g_fold[8].acc[21]~235|combout       ;
;   15.075 ;   0.214 ; FF ; IC   ; 1      ; LABCELL_X7_Y35_N48  ; u_dma|Selector915~0|dataf                         ;
;   15.163 ;   0.088 ; FR ; CELL ; 2      ; LABCELL_X7_Y35_N48  ; u_dma|Selector915~0|combout                       ;
;   15.163 ;   0.000 ; RR ; IC   ; 1      ; FF_X7_Y35_N50       ; u_dma|crc_pay_r[21]|d                             ;
;   15.443 ;   0.280 ; RR ; CELL ; 1      ; FF_X7_Y35_N50       ; zhao_cmd_dma:u_dma|crc_pay_r[21]                  ;
+----------+---------+----+------+--------+---------------------+---------------------------------------------------+

+-------------------------------------------------------------------------------------------------+
; Data Required Path                                                                              ;
+----------+---------+----+------+--------+--------------------+----------------------------------+
; Total    ; Incr    ; RF ; Type ; Fanout ; Location           ; Element                          ;
+----------+---------+----+------+--------+--------------------+----------------------------------+
; 10.000   ; 10.000  ;    ;      ;        ;                    ; latch edge time                  ;
; 15.495   ; 5.495   ;    ;      ;        ;                    ; clock path                       ;
;   10.000 ;   0.000 ;    ;      ;        ;                    ; source latency                   ;
;   10.000 ;   0.000 ;    ;      ; 1      ; LABCELL_X1_Y36_N48 ; gpu_clk                          ;
;   10.588 ;   0.588 ; RR ; IC   ; 1      ; CLKCTRL_G2         ; gpu_clk~CLKENA0|inclk            ;
;   10.883 ;   0.295 ; RR ; CELL ; 9151   ; CLKCTRL_G2         ; gpu_clk~CLKENA0|outclk           ;
;   12.827 ;   1.944 ; RR ; IC   ; 1      ; FF_X7_Y35_N50      ; u_dma|crc_pay_r[21]|clk          ;
;   13.314 ;   0.487 ; RR ; CELL ; 1      ; FF_X7_Y35_N50      ; zhao_cmd_dma:u_dma|crc_pay_r[21] ;
;   15.495 ;   2.181 ;    ;      ;        ;                    ; clock pessimism removed          ;
; 15.435   ; -0.060  ;    ;      ;        ;                    ; clock uncertainty                ;
; 15.435   ; 0.000   ;    ; uTsu ; 1      ; FF_X7_Y35_N50      ; zhao_cmd_dma:u_dma|crc_pay_r[21] ;
+----------+---------+----+------+--------+--------------------+----------------------------------+

----------------------------
; Extra Fitter Information ;
----------------------------
HTML report is unavailable in plain text report export.


Path #60: Setup slack is -0.003 (VIOLATED)
===============================================================================
+------------------------------------------------------------------------+
; Path Summary                                                           ;
+--------------------+---------------------------------------------------+
; Property           ; Value                                             ;
+--------------------+---------------------------------------------------+
; From Node          ; zhao_hps_arbiter:u_hps_arb|state.A_IDLE~DUPLICATE ;
; To Node            ; zhao_cmd_dma:u_dma|crc_pay_r[21]~DUPLICATE        ;
; Launch Clock       ; gpu_clk                                           ;
; Latch Clock        ; gpu_clk                                           ;
; Data Arrival Time  ; 15.441                                            ;
; Data Required Time ; 15.438                                            ;
; Slack              ; -0.003 (VIOLATED)                                 ;
+--------------------+---------------------------------------------------+

+------------------------------------------------------------------------------------+
; Statistics                                                                         ;
+------------------------+--------+-------+-------------+------------+-------+-------+
; Property               ; Value  ; Count ; Total Delay ; % of Total ; Min   ; Max   ;
+------------------------+--------+-------+-------------+------------+-------+-------+
; Setup Relationship     ; 10.000 ;       ;             ;            ;       ;       ;
; Clock Skew             ; -0.540 ;       ;             ;            ;       ;       ;
; Data Delay             ; 9.403  ;       ;             ;            ;       ;       ;
; Number of Logic Levels ;        ; 7     ;             ;            ;       ;       ;
; Physical Delays        ;        ;       ;             ;            ;       ;       ;
;  Arrival Path          ;        ;       ;             ;            ;       ;       ;
;   Clock                ;        ;       ;             ;            ;       ;       ;
;    IC                  ;        ; 2     ; 5.133       ; 85         ; 2.390 ; 2.743 ;
;    Cell                ;        ; 2     ; 0.905       ; 15         ; 0.321 ; 0.584 ;
;   Data                 ;        ;       ;             ;            ;       ;       ;
;    IC                  ;        ; 8     ; 6.188       ; 66         ; 0.000 ; 1.473 ;
;    Cell                ;        ; 9     ; 3.215       ; 34         ; 0.000 ; 0.589 ;
;    uTco                ;        ; 1     ; 0.000       ; 0          ; 0.000 ; 0.000 ;
;  Required Path         ;        ;       ;             ;            ;       ;       ;
;   Clock                ;        ;       ;             ;            ;       ;       ;
;    IC                  ;        ; 2     ; 2.532       ; 76         ; 0.588 ; 1.944 ;
;    Cell                ;        ; 2     ; 0.785       ; 24         ; 0.295 ; 0.490 ;
+------------------------+--------+-------+-------------+------------+-------+-------+
Note: Negative delays are omitted from totals when calculating percentages

+-------------------------------------------------------------------------------------------------------------------+
; Data Arrival Path                                                                                                 ;
+----------+---------+----+------+--------+---------------------+---------------------------------------------------+
; Total    ; Incr    ; RF ; Type ; Fanout ; Location            ; Element                                           ;
+----------+---------+----+------+--------+---------------------+---------------------------------------------------+
; 0.000    ; 0.000   ;    ;      ;        ;                     ; launch edge time                                  ;
; 6.038    ; 6.038   ;    ;      ;        ;                     ; clock path                                        ;
;   0.000  ;   0.000 ;    ;      ;        ;                     ; source latency                                    ;
;   0.000  ;   0.000 ;    ;      ; 1      ; LABCELL_X1_Y36_N48  ; gpu_clk                                           ;
;   2.743  ;   2.743 ; RR ; IC   ; 1      ; CLKCTRL_G2          ; gpu_clk~CLKENA0|inclk                             ;
;   3.064  ;   0.321 ; RR ; CELL ; 9151   ; CLKCTRL_G2          ; gpu_clk~CLKENA0|outclk                            ;
;   5.454  ;   2.390 ; RR ; IC   ; 1      ; FF_X16_Y42_N55      ; u_hps_arb|state.A_IDLE~DUPLICATE|clk              ;
;   6.038  ;   0.584 ; RR ; CELL ; 1      ; FF_X16_Y42_N55      ; zhao_hps_arbiter:u_hps_arb|state.A_IDLE~DUPLICATE ;
; 15.441   ; 9.403   ;    ;      ;        ;                     ; data path                                         ;
;   6.038  ;   0.000 ;    ; uTco ; 1      ; FF_X16_Y42_N55      ; zhao_hps_arbiter:u_hps_arb|state.A_IDLE~DUPLICATE ;
;   6.038  ;   0.000 ; FF ; CELL ; 66     ; FF_X16_Y42_N55      ; u_hps_arb|state.A_IDLE~DUPLICATE|q                ;
;   7.231  ;   1.193 ; FF ; IC   ; 1      ; LABCELL_X19_Y40_N36 ; u_hps_arb|c0_rsp_o.data[38]~55|datab              ;
;   7.794  ;   0.563 ; FF ; CELL ; 10     ; LABCELL_X19_Y40_N36 ; u_hps_arb|c0_rsp_o.data[38]~55|combout            ;
;   9.267  ;   1.473 ; FF ; IC   ; 1      ; LABCELL_X18_Y38_N48 ; u_dma|fold_d[38]~220|datab                        ;
;   9.839  ;   0.572 ; FR ; CELL ; 9      ; LABCELL_X18_Y38_N48 ; u_dma|fold_d[38]~220|combout                      ;
;   10.935 ;   1.096 ; RR ; IC   ; 1      ; LABCELL_X11_Y37_N33 ; u_dma|u_fold8|acc~31|datab                        ;
;   11.524 ;   0.589 ; RR ; CELL ; 4      ; LABCELL_X11_Y37_N33 ; u_dma|u_fold8|acc~31|combout                      ;
;   11.778 ;   0.254 ; RR ; IC   ; 1      ; LABCELL_X11_Y37_N3  ; u_dma|u_fold8|g_fold[8].acc[21]~198|dataa         ;
;   12.339 ;   0.561 ; RF ; CELL ; 1      ; LABCELL_X11_Y37_N3  ; u_dma|u_fold8|g_fold[8].acc[21]~198|combout       ;
;   13.449 ;   1.110 ; FF ; IC   ; 1      ; MLABCELL_X8_Y36_N36 ; u_dma|u_fold8|g_fold[8].acc[21]~199|dataf         ;
;   13.530 ;   0.081 ; FF ; CELL ; 2      ; MLABCELL_X8_Y36_N36 ; u_dma|u_fold8|g_fold[8].acc[21]~199|combout       ;
;   14.378 ;   0.848 ; FF ; IC   ; 1      ; LABCELL_X7_Y35_N24  ; u_dma|u_fold8|g_fold[8].acc[21]~235|datac         ;
;   14.861 ;   0.483 ; FF ; CELL ; 2      ; LABCELL_X7_Y35_N24  ; u_dma|u_fold8|g_fold[8].acc[21]~235|combout       ;
;   15.075 ;   0.214 ; FF ; IC   ; 1      ; LABCELL_X7_Y35_N48  ; u_dma|Selector915~0|dataf                         ;
;   15.163 ;   0.088 ; FR ; CELL ; 2      ; LABCELL_X7_Y35_N48  ; u_dma|Selector915~0|combout                       ;
;   15.163 ;   0.000 ; RR ; IC   ; 1      ; FF_X7_Y35_N49       ; u_dma|crc_pay_r[21]~DUPLICATE|d                   ;
;   15.441 ;   0.278 ; RR ; CELL ; 1      ; FF_X7_Y35_N49       ; zhao_cmd_dma:u_dma|crc_pay_r[21]~DUPLICATE        ;
+----------+---------+----+------+--------+---------------------+---------------------------------------------------+

+-----------------------------------------------------------------------------------------------------------+
; Data Required Path                                                                                        ;
+----------+---------+----+------+--------+--------------------+--------------------------------------------+
; Total    ; Incr    ; RF ; Type ; Fanout ; Location           ; Element                                    ;
+----------+---------+----+------+--------+--------------------+--------------------------------------------+
; 10.000   ; 10.000  ;    ;      ;        ;                    ; latch edge time                            ;
; 15.498   ; 5.498   ;    ;      ;        ;                    ; clock path                                 ;
;   10.000 ;   0.000 ;    ;      ;        ;                    ; source latency                             ;
;   10.000 ;   0.000 ;    ;      ; 1      ; LABCELL_X1_Y36_N48 ; gpu_clk                                    ;
;   10.588 ;   0.588 ; RR ; IC   ; 1      ; CLKCTRL_G2         ; gpu_clk~CLKENA0|inclk                      ;
;   10.883 ;   0.295 ; RR ; CELL ; 9151   ; CLKCTRL_G2         ; gpu_clk~CLKENA0|outclk                     ;
;   12.827 ;   1.944 ; RR ; IC   ; 1      ; FF_X7_Y35_N49      ; u_dma|crc_pay_r[21]~DUPLICATE|clk          ;
;   13.317 ;   0.490 ; RR ; CELL ; 1      ; FF_X7_Y35_N49      ; zhao_cmd_dma:u_dma|crc_pay_r[21]~DUPLICATE ;
;   15.498 ;   2.181 ;    ;      ;        ;                    ; clock pessimism removed                    ;
; 15.438   ; -0.060  ;    ;      ;        ;                    ; clock uncertainty                          ;
; 15.438   ; 0.000   ;    ; uTsu ; 1      ; FF_X7_Y35_N49      ; zhao_cmd_dma:u_dma|crc_pay_r[21]~DUPLICATE ;
+----------+---------+----+------+--------+--------------------+--------------------------------------------+

----------------------------
; Extra Fitter Information ;
----------------------------
HTML report is unavailable in plain text report export.


Path #61: Setup slack is 0.012 
===============================================================================
+-----------------------------------------------------------------+
; Path Summary                                                    ;
+--------------------+--------------------------------------------+
; Property           ; Value                                      ;
+--------------------+--------------------------------------------+
; From Node          ; zhao_cmd_dma:u_dma|m.M_SEED                ;
; To Node            ; zhao_cmd_dma:u_dma|crc_pay_r[11]~DUPLICATE ;
; Launch Clock       ; gpu_clk                                    ;
; Latch Clock        ; gpu_clk                                    ;
; Data Arrival Time  ; 15.418                                     ;
; Data Required Time ; 15.430                                     ;
; Slack              ; 0.012                                      ;
+--------------------+--------------------------------------------+

+------------------------------------------------------------------------------------+
; Statistics                                                                         ;
+------------------------+--------+-------+-------------+------------+-------+-------+
; Property               ; Value  ; Count ; Total Delay ; % of Total ; Min   ; Max   ;
+------------------------+--------+-------+-------------+------------+-------+-------+
; Setup Relationship     ; 10.000 ;       ;             ;            ;       ;       ;
; Clock Skew             ; -0.553 ;       ;             ;            ;       ;       ;
; Data Delay             ; 9.375  ;       ;             ;            ;       ;       ;
; Number of Logic Levels ;        ; 7     ;             ;            ;       ;       ;
; Physical Delays        ;        ;       ;             ;            ;       ;       ;
;  Arrival Path          ;        ;       ;             ;            ;       ;       ;
;   Clock                ;        ;       ;             ;            ;       ;       ;
;    IC                  ;        ; 2     ; 5.140       ; 85         ; 2.397 ; 2.743 ;
;    Cell                ;        ; 2     ; 0.903       ; 15         ; 0.321 ; 0.582 ;
;   Data                 ;        ;       ;             ;            ;       ;       ;
;    IC                  ;        ; 8     ; 6.480       ; 69         ; 0.000 ; 1.534 ;
;    Cell                ;        ; 9     ; 2.895       ; 31         ; 0.000 ; 0.552 ;
;    uTco                ;        ; 1     ; 0.000       ; 0          ; 0.000 ; 0.000 ;
;  Required Path         ;        ;       ;             ;            ;       ;       ;
;   Clock                ;        ;       ;             ;            ;       ;       ;
;    IC                  ;        ; 2     ; 2.527       ; 76         ; 0.588 ; 1.939 ;
;    Cell                ;        ; 2     ; 0.782       ; 24         ; 0.295 ; 0.487 ;
+------------------------+--------+-------+-------------+------------+-------+-------+
Note: Negative delays are omitted from totals when calculating percentages

+------------------------------------------------------------------------------------------------------------+
; Data Arrival Path                                                                                          ;
+----------+---------+----+------+--------+---------------------+--------------------------------------------+
; Total    ; Incr    ; RF ; Type ; Fanout ; Location            ; Element                                    ;
+----------+---------+----+------+--------+---------------------+--------------------------------------------+
; 0.000    ; 0.000   ;    ;      ;        ;                     ; launch edge time                           ;
; 6.043    ; 6.043   ;    ;      ;        ;                     ; clock path                                 ;
;   0.000  ;   0.000 ;    ;      ;        ;                     ; source latency                             ;
;   0.000  ;   0.000 ;    ;      ; 1      ; LABCELL_X1_Y36_N48  ; gpu_clk                                    ;
;   2.743  ;   2.743 ; RR ; IC   ; 1      ; CLKCTRL_G2          ; gpu_clk~CLKENA0|inclk                      ;
;   3.064  ;   0.321 ; RR ; CELL ; 9151   ; CLKCTRL_G2          ; gpu_clk~CLKENA0|outclk                     ;
;   5.461  ;   2.397 ; RR ; IC   ; 1      ; FF_X18_Y37_N35      ; u_dma|m.M_SEED|clk                         ;
;   6.043  ;   0.582 ; RR ; CELL ; 1      ; FF_X18_Y37_N35      ; zhao_cmd_dma:u_dma|m.M_SEED                ;
; 15.418   ; 9.375   ;    ;      ;        ;                     ; data path                                  ;
;   6.043  ;   0.000 ;    ; uTco ; 1      ; FF_X18_Y37_N35      ; zhao_cmd_dma:u_dma|m.M_SEED                ;
;   6.043  ;   0.000 ; FF ; CELL ; 119    ; FF_X18_Y37_N35      ; u_dma|m.M_SEED|q                           ;
;   7.577  ;   1.534 ; FF ; IC   ; 1      ; LABCELL_X16_Y35_N51 ; u_dma|fold_d[26]~141|datac                 ;
;   8.084  ;   0.507 ; FF ; CELL ; 1      ; LABCELL_X16_Y35_N51 ; u_dma|fold_d[26]~141|combout               ;
;   8.827  ;   0.743 ; FF ; IC   ; 1      ; LABCELL_X11_Y35_N12 ; u_dma|fold_d[26]~142|datac                 ;
;   9.339  ;   0.512 ; FF ; CELL ; 14     ; LABCELL_X11_Y35_N12 ; u_dma|fold_d[26]~142|combout               ;
;   10.062 ;   0.723 ; FF ; IC   ; 1      ; LABCELL_X7_Y35_N3   ; u_dma|u_fold4|acc~10|datad                 ;
;   10.442 ;   0.380 ; FF ; CELL ; 5      ; LABCELL_X7_Y35_N3   ; u_dma|u_fold4|acc~10|combout               ;
;   11.829 ;   1.387 ; FF ; IC   ; 1      ; LABCELL_X7_Y39_N51  ; u_dma|u_fold8|g_fold[8].acc[11]~80|datab   ;
;   12.381 ;   0.552 ; FR ; CELL ; 1      ; LABCELL_X7_Y39_N51  ; u_dma|u_fold8|g_fold[8].acc[11]~80|combout ;
;   12.705 ;   0.324 ; RR ; IC   ; 1      ; MLABCELL_X6_Y39_N54 ; u_dma|u_fold8|g_fold[8].acc[11]~81|dataf   ;
;   12.801 ;   0.096 ; RF ; CELL ; 2      ; MLABCELL_X6_Y39_N54 ; u_dma|u_fold8|g_fold[8].acc[11]~81|combout ;
;   14.250 ;   1.449 ; FF ; IC   ; 1      ; LABCELL_X9_Y35_N3   ; u_dma|u_fold8|g_fold[8].acc[11]~82|dataf   ;
;   14.343 ;   0.093 ; FR ; CELL ; 2      ; LABCELL_X9_Y35_N3   ; u_dma|u_fold8|g_fold[8].acc[11]~82|combout ;
;   14.663 ;   0.320 ; RR ; IC   ; 1      ; LABCELL_X10_Y35_N0  ; u_dma|Selector925~0|datad                  ;
;   15.152 ;   0.489 ; RF ; CELL ; 2      ; LABCELL_X10_Y35_N0  ; u_dma|Selector925~0|combout                ;
;   15.152 ;   0.000 ; FF ; IC   ; 1      ; FF_X10_Y35_N2       ; u_dma|crc_pay_r[11]~DUPLICATE|d            ;
;   15.418 ;   0.266 ; FF ; CELL ; 1      ; FF_X10_Y35_N2       ; zhao_cmd_dma:u_dma|crc_pay_r[11]~DUPLICATE ;
+----------+---------+----+------+--------+---------------------+--------------------------------------------+

+-----------------------------------------------------------------------------------------------------------+
; Data Required Path                                                                                        ;
+----------+---------+----+------+--------+--------------------+--------------------------------------------+
; Total    ; Incr    ; RF ; Type ; Fanout ; Location           ; Element                                    ;
+----------+---------+----+------+--------+--------------------+--------------------------------------------+
; 10.000   ; 10.000  ;    ;      ;        ;                    ; latch edge time                            ;
; 15.490   ; 5.490   ;    ;      ;        ;                    ; clock path                                 ;
;   10.000 ;   0.000 ;    ;      ;        ;                    ; source latency                             ;
;   10.000 ;   0.000 ;    ;      ; 1      ; LABCELL_X1_Y36_N48 ; gpu_clk                                    ;
;   10.588 ;   0.588 ; RR ; IC   ; 1      ; CLKCTRL_G2         ; gpu_clk~CLKENA0|inclk                      ;
;   10.883 ;   0.295 ; RR ; CELL ; 9151   ; CLKCTRL_G2         ; gpu_clk~CLKENA0|outclk                     ;
;   12.822 ;   1.939 ; RR ; IC   ; 1      ; FF_X10_Y35_N2      ; u_dma|crc_pay_r[11]~DUPLICATE|clk          ;
;   13.309 ;   0.487 ; RR ; CELL ; 1      ; FF_X10_Y35_N2      ; zhao_cmd_dma:u_dma|crc_pay_r[11]~DUPLICATE ;
;   15.490 ;   2.181 ;    ;      ;        ;                    ; clock pessimism removed                    ;
; 15.430   ; -0.060  ;    ;      ;        ;                    ; clock uncertainty                          ;
; 15.430   ; 0.000   ;    ; uTsu ; 1      ; FF_X10_Y35_N2      ; zhao_cmd_dma:u_dma|crc_pay_r[11]~DUPLICATE ;
+----------+---------+----+------+--------+--------------------+--------------------------------------------+

----------------------------
; Extra Fitter Information ;
----------------------------
HTML report is unavailable in plain text report export.


Path #62: Setup slack is 0.017 
===============================================================================
+-------------------------------------------------------+
; Path Summary                                          ;
+--------------------+----------------------------------+
; Property           ; Value                            ;
+--------------------+----------------------------------+
; From Node          ; zhao_cmd_dma:u_dma|m.M_SEED      ;
; To Node            ; zhao_cmd_dma:u_dma|crc_pay_r[11] ;
; Launch Clock       ; gpu_clk                          ;
; Latch Clock        ; gpu_clk                          ;
; Data Arrival Time  ; 15.416                           ;
; Data Required Time ; 15.433                           ;
; Slack              ; 0.017                            ;
+--------------------+----------------------------------+

+------------------------------------------------------------------------------------+
; Statistics                                                                         ;
+------------------------+--------+-------+-------------+------------+-------+-------+
; Property               ; Value  ; Count ; Total Delay ; % of Total ; Min   ; Max   ;
+------------------------+--------+-------+-------------+------------+-------+-------+
; Setup Relationship     ; 10.000 ;       ;             ;            ;       ;       ;
; Clock Skew             ; -0.550 ;       ;             ;            ;       ;       ;
; Data Delay             ; 9.373  ;       ;             ;            ;       ;       ;
; Number of Logic Levels ;        ; 7     ;             ;            ;       ;       ;
; Physical Delays        ;        ;       ;             ;            ;       ;       ;
;  Arrival Path          ;        ;       ;             ;            ;       ;       ;
;   Clock                ;        ;       ;             ;            ;       ;       ;
;    IC                  ;        ; 2     ; 5.140       ; 85         ; 2.397 ; 2.743 ;
;    Cell                ;        ; 2     ; 0.903       ; 15         ; 0.321 ; 0.582 ;
;   Data                 ;        ;       ;             ;            ;       ;       ;
;    IC                  ;        ; 8     ; 6.480       ; 69         ; 0.000 ; 1.534 ;
;    Cell                ;        ; 9     ; 2.893       ; 31         ; 0.000 ; 0.552 ;
;    uTco                ;        ; 1     ; 0.000       ; 0          ; 0.000 ; 0.000 ;
;  Required Path         ;        ;       ;             ;            ;       ;       ;
;   Clock                ;        ;       ;             ;            ;       ;       ;
;    IC                  ;        ; 2     ; 2.527       ; 76         ; 0.588 ; 1.939 ;
;    Cell                ;        ; 2     ; 0.785       ; 24         ; 0.295 ; 0.490 ;
+------------------------+--------+-------+-------------+------------+-------+-------+
Note: Negative delays are omitted from totals when calculating percentages

+------------------------------------------------------------------------------------------------------------+
; Data Arrival Path                                                                                          ;
+----------+---------+----+------+--------+---------------------+--------------------------------------------+
; Total    ; Incr    ; RF ; Type ; Fanout ; Location            ; Element                                    ;
+----------+---------+----+------+--------+---------------------+--------------------------------------------+
; 0.000    ; 0.000   ;    ;      ;        ;                     ; launch edge time                           ;
; 6.043    ; 6.043   ;    ;      ;        ;                     ; clock path                                 ;
;   0.000  ;   0.000 ;    ;      ;        ;                     ; source latency                             ;
;   0.000  ;   0.000 ;    ;      ; 1      ; LABCELL_X1_Y36_N48  ; gpu_clk                                    ;
;   2.743  ;   2.743 ; RR ; IC   ; 1      ; CLKCTRL_G2          ; gpu_clk~CLKENA0|inclk                      ;
;   3.064  ;   0.321 ; RR ; CELL ; 9151   ; CLKCTRL_G2          ; gpu_clk~CLKENA0|outclk                     ;
;   5.461  ;   2.397 ; RR ; IC   ; 1      ; FF_X18_Y37_N35      ; u_dma|m.M_SEED|clk                         ;
;   6.043  ;   0.582 ; RR ; CELL ; 1      ; FF_X18_Y37_N35      ; zhao_cmd_dma:u_dma|m.M_SEED                ;
; 15.416   ; 9.373   ;    ;      ;        ;                     ; data path                                  ;
;   6.043  ;   0.000 ;    ; uTco ; 1      ; FF_X18_Y37_N35      ; zhao_cmd_dma:u_dma|m.M_SEED                ;
;   6.043  ;   0.000 ; FF ; CELL ; 119    ; FF_X18_Y37_N35      ; u_dma|m.M_SEED|q                           ;
;   7.577  ;   1.534 ; FF ; IC   ; 1      ; LABCELL_X16_Y35_N51 ; u_dma|fold_d[26]~141|datac                 ;
;   8.084  ;   0.507 ; FF ; CELL ; 1      ; LABCELL_X16_Y35_N51 ; u_dma|fold_d[26]~141|combout               ;
;   8.827  ;   0.743 ; FF ; IC   ; 1      ; LABCELL_X11_Y35_N12 ; u_dma|fold_d[26]~142|datac                 ;
;   9.339  ;   0.512 ; FF ; CELL ; 14     ; LABCELL_X11_Y35_N12 ; u_dma|fold_d[26]~142|combout               ;
;   10.062 ;   0.723 ; FF ; IC   ; 1      ; LABCELL_X7_Y35_N3   ; u_dma|u_fold4|acc~10|datad                 ;
;   10.442 ;   0.380 ; FF ; CELL ; 5      ; LABCELL_X7_Y35_N3   ; u_dma|u_fold4|acc~10|combout               ;
;   11.829 ;   1.387 ; FF ; IC   ; 1      ; LABCELL_X7_Y39_N51  ; u_dma|u_fold8|g_fold[8].acc[11]~80|datab   ;
;   12.381 ;   0.552 ; FR ; CELL ; 1      ; LABCELL_X7_Y39_N51  ; u_dma|u_fold8|g_fold[8].acc[11]~80|combout ;
;   12.705 ;   0.324 ; RR ; IC   ; 1      ; MLABCELL_X6_Y39_N54 ; u_dma|u_fold8|g_fold[8].acc[11]~81|dataf   ;
;   12.801 ;   0.096 ; RF ; CELL ; 2      ; MLABCELL_X6_Y39_N54 ; u_dma|u_fold8|g_fold[8].acc[11]~81|combout ;
;   14.250 ;   1.449 ; FF ; IC   ; 1      ; LABCELL_X9_Y35_N3   ; u_dma|u_fold8|g_fold[8].acc[11]~82|dataf   ;
;   14.343 ;   0.093 ; FR ; CELL ; 2      ; LABCELL_X9_Y35_N3   ; u_dma|u_fold8|g_fold[8].acc[11]~82|combout ;
;   14.663 ;   0.320 ; RR ; IC   ; 1      ; LABCELL_X10_Y35_N0  ; u_dma|Selector925~0|datad                  ;
;   15.152 ;   0.489 ; RF ; CELL ; 2      ; LABCELL_X10_Y35_N0  ; u_dma|Selector925~0|combout                ;
;   15.152 ;   0.000 ; FF ; IC   ; 1      ; FF_X10_Y35_N1       ; u_dma|crc_pay_r[11]|d                      ;
;   15.416 ;   0.264 ; FF ; CELL ; 1      ; FF_X10_Y35_N1       ; zhao_cmd_dma:u_dma|crc_pay_r[11]           ;
+----------+---------+----+------+--------+---------------------+--------------------------------------------+

+-------------------------------------------------------------------------------------------------+
; Data Required Path                                                                              ;
+----------+---------+----+------+--------+--------------------+----------------------------------+
; Total    ; Incr    ; RF ; Type ; Fanout ; Location           ; Element                          ;
+----------+---------+----+------+--------+--------------------+----------------------------------+
; 10.000   ; 10.000  ;    ;      ;        ;                    ; latch edge time                  ;
; 15.493   ; 5.493   ;    ;      ;        ;                    ; clock path                       ;
;   10.000 ;   0.000 ;    ;      ;        ;                    ; source latency                   ;
;   10.000 ;   0.000 ;    ;      ; 1      ; LABCELL_X1_Y36_N48 ; gpu_clk                          ;
;   10.588 ;   0.588 ; RR ; IC   ; 1      ; CLKCTRL_G2         ; gpu_clk~CLKENA0|inclk            ;
;   10.883 ;   0.295 ; RR ; CELL ; 9151   ; CLKCTRL_G2         ; gpu_clk~CLKENA0|outclk           ;
;   12.822 ;   1.939 ; RR ; IC   ; 1      ; FF_X10_Y35_N1      ; u_dma|crc_pay_r[11]|clk          ;
;   13.312 ;   0.490 ; RR ; CELL ; 1      ; FF_X10_Y35_N1      ; zhao_cmd_dma:u_dma|crc_pay_r[11] ;
;   15.493 ;   2.181 ;    ;      ;        ;                    ; clock pessimism removed          ;
; 15.433   ; -0.060  ;    ;      ;        ;                    ; clock uncertainty                ;
; 15.433   ; 0.000   ;    ; uTsu ; 1      ; FF_X10_Y35_N1      ; zhao_cmd_dma:u_dma|crc_pay_r[11] ;
+----------+---------+----+------+--------+--------------------+----------------------------------+

----------------------------
; Extra Fitter Information ;
----------------------------
HTML report is unavailable in plain text report export.


Path #63: Setup slack is 0.018 
===============================================================================
+---------------------------------------------------------+
; Path Summary                                            ;
+--------------------+------------------------------------+
; Property           ; Value                              ;
+--------------------+------------------------------------+
; From Node          ; zhao_cmd_dma:u_dma|cw[0]~DUPLICATE ;
; To Node            ; zhao_cmd_dma:u_dma|crc_pay_r[30]   ;
; Launch Clock       ; gpu_clk                            ;
; Latch Clock        ; gpu_clk                            ;
; Data Arrival Time  ; 15.422                             ;
; Data Required Time ; 15.440                             ;
; Slack              ; 0.018                              ;
+--------------------+------------------------------------+

+------------------------------------------------------------------------------------+
; Statistics                                                                         ;
+------------------------+--------+-------+-------------+------------+-------+-------+
; Property               ; Value  ; Count ; Total Delay ; % of Total ; Min   ; Max   ;
+------------------------+--------+-------+-------------+------------+-------+-------+
; Setup Relationship     ; 10.000 ;       ;             ;            ;       ;       ;
; Clock Skew             ; -0.530 ;       ;             ;            ;       ;       ;
; Data Delay             ; 9.392  ;       ;             ;            ;       ;       ;
; Number of Logic Levels ;        ; 7     ;             ;            ;       ;       ;
; Physical Delays        ;        ;       ;             ;            ;       ;       ;
;  Arrival Path          ;        ;       ;             ;            ;       ;       ;
;   Clock                ;        ;       ;             ;            ;       ;       ;
;    IC                  ;        ; 2     ; 5.134       ; 85         ; 2.391 ; 2.743 ;
;    Cell                ;        ; 2     ; 0.896       ; 15         ; 0.321 ; 0.575 ;
;   Data                 ;        ;       ;             ;            ;       ;       ;
;    IC                  ;        ; 8     ; 6.354       ; 68         ; 0.000 ; 1.474 ;
;    Cell                ;        ; 9     ; 3.038       ; 32         ; 0.000 ; 0.573 ;
;    uTco                ;        ; 1     ; 0.000       ; 0          ; 0.000 ; 0.000 ;
;  Required Path         ;        ;       ;             ;            ;       ;       ;
;   Clock                ;        ;       ;             ;            ;       ;       ;
;    IC                  ;        ; 2     ; 2.529       ; 76         ; 0.588 ; 1.941 ;
;    Cell                ;        ; 2     ; 0.790       ; 24         ; 0.295 ; 0.495 ;
+------------------------+--------+-------+-------------+------------+-------+-------+
Note: Negative delays are omitted from totals when calculating percentages

+-------------------------------------------------------------------------------------------------------------+
; Data Arrival Path                                                                                           ;
+----------+---------+----+------+--------+---------------------+---------------------------------------------+
; Total    ; Incr    ; RF ; Type ; Fanout ; Location            ; Element                                     ;
+----------+---------+----+------+--------+---------------------+---------------------------------------------+
; 0.000    ; 0.000   ;    ;      ;        ;                     ; launch edge time                            ;
; 6.030    ; 6.030   ;    ;      ;        ;                     ; clock path                                  ;
;   0.000  ;   0.000 ;    ;      ;        ;                     ; source latency                              ;
;   0.000  ;   0.000 ;    ;      ; 1      ; LABCELL_X1_Y36_N48  ; gpu_clk                                     ;
;   2.743  ;   2.743 ; RR ; IC   ; 1      ; CLKCTRL_G2          ; gpu_clk~CLKENA0|inclk                       ;
;   3.064  ;   0.321 ; RR ; CELL ; 9151   ; CLKCTRL_G2          ; gpu_clk~CLKENA0|outclk                      ;
;   5.455  ;   2.391 ; RR ; IC   ; 1      ; FF_X16_Y38_N22      ; u_dma|cw[0]~DUPLICATE|clk                   ;
;   6.030  ;   0.575 ; RR ; CELL ; 1      ; FF_X16_Y38_N22      ; zhao_cmd_dma:u_dma|cw[0]~DUPLICATE          ;
; 15.422   ; 9.392   ;    ;      ;        ;                     ; data path                                   ;
;   6.030  ;   0.000 ;    ; uTco ; 1      ; FF_X16_Y38_N22      ; zhao_cmd_dma:u_dma|cw[0]~DUPLICATE          ;
;   6.030  ;   0.000 ; FF ; CELL ; 135    ; FF_X16_Y38_N22      ; u_dma|cw[0]~DUPLICATE|q                     ;
;   6.882  ;   0.852 ; FF ; IC   ; 1      ; LABCELL_X22_Y38_N48 ; u_dma|fold_d[0]~30|datac                    ;
;   7.390  ;   0.508 ; FF ; CELL ; 1      ; LABCELL_X22_Y38_N48 ; u_dma|fold_d[0]~30|combout                  ;
;   8.335  ;   0.945 ; FF ; IC   ; 1      ; LABCELL_X18_Y39_N48 ; u_dma|fold_d[0]~32|datac                    ;
;   8.843  ;   0.508 ; FF ; CELL ; 10     ; LABCELL_X18_Y39_N48 ; u_dma|fold_d[0]~32|combout                  ;
;   10.317 ;   1.474 ; FF ; IC   ; 1      ; LABCELL_X7_Y38_N0   ; u_dma|u_fold4|acc~12|dataf                  ;
;   10.411 ;   0.094 ; FR ; CELL ; 7      ; LABCELL_X7_Y38_N0   ; u_dma|u_fold4|acc~12|combout                ;
;   11.051 ;   0.640 ; RR ; IC   ; 1      ; LABCELL_X13_Y38_N51 ; u_dma|u_fold8|g_fold[8].acc[30]~168|datac   ;
;   11.544 ;   0.493 ; RF ; CELL ; 1      ; LABCELL_X13_Y38_N51 ; u_dma|u_fold8|g_fold[8].acc[30]~168|combout ;
;   12.657 ;   1.113 ; FF ; IC   ; 1      ; LABCELL_X7_Y36_N57  ; u_dma|u_fold8|g_fold[8].acc[30]~169|datab   ;
;   13.230 ;   0.573 ; FR ; CELL ; 1      ; LABCELL_X7_Y36_N57  ; u_dma|u_fold8|g_fold[8].acc[30]~169|combout ;
;   13.814 ;   0.584 ; RR ; IC   ; 1      ; LABCELL_X9_Y36_N36  ; u_dma|u_fold8|g_fold[8].acc[30]~170|datad   ;
;   14.308 ;   0.494 ; RF ; CELL ; 2      ; LABCELL_X9_Y36_N36  ; u_dma|u_fold8|g_fold[8].acc[30]~170|combout ;
;   15.054 ;   0.746 ; FF ; IC   ; 1      ; MLABCELL_X8_Y34_N24 ; u_dma|Selector906~0|dataf                   ;
;   15.142 ;   0.088 ; FR ; CELL ; 2      ; MLABCELL_X8_Y34_N24 ; u_dma|Selector906~0|combout                 ;
;   15.142 ;   0.000 ; RR ; IC   ; 1      ; FF_X8_Y34_N26       ; u_dma|crc_pay_r[30]|d                       ;
;   15.422 ;   0.280 ; RR ; CELL ; 1      ; FF_X8_Y34_N26       ; zhao_cmd_dma:u_dma|crc_pay_r[30]            ;
+----------+---------+----+------+--------+---------------------+---------------------------------------------+

+-------------------------------------------------------------------------------------------------+
; Data Required Path                                                                              ;
+----------+---------+----+------+--------+--------------------+----------------------------------+
; Total    ; Incr    ; RF ; Type ; Fanout ; Location           ; Element                          ;
+----------+---------+----+------+--------+--------------------+----------------------------------+
; 10.000   ; 10.000  ;    ;      ;        ;                    ; latch edge time                  ;
; 15.500   ; 5.500   ;    ;      ;        ;                    ; clock path                       ;
;   10.000 ;   0.000 ;    ;      ;        ;                    ; source latency                   ;
;   10.000 ;   0.000 ;    ;      ; 1      ; LABCELL_X1_Y36_N48 ; gpu_clk                          ;
;   10.588 ;   0.588 ; RR ; IC   ; 1      ; CLKCTRL_G2         ; gpu_clk~CLKENA0|inclk            ;
;   10.883 ;   0.295 ; RR ; CELL ; 9151   ; CLKCTRL_G2         ; gpu_clk~CLKENA0|outclk           ;
;   12.824 ;   1.941 ; RR ; IC   ; 1      ; FF_X8_Y34_N26      ; u_dma|crc_pay_r[30]|clk          ;
;   13.319 ;   0.495 ; RR ; CELL ; 1      ; FF_X8_Y34_N26      ; zhao_cmd_dma:u_dma|crc_pay_r[30] ;
;   15.500 ;   2.181 ;    ;      ;        ;                    ; clock pessimism removed          ;
; 15.440   ; -0.060  ;    ;      ;        ;                    ; clock uncertainty                ;
; 15.440   ; 0.000   ;    ; uTsu ; 1      ; FF_X8_Y34_N26      ; zhao_cmd_dma:u_dma|crc_pay_r[30] ;
+----------+---------+----+------+--------+--------------------+----------------------------------+

----------------------------
; Extra Fitter Information ;
----------------------------
HTML report is unavailable in plain text report export.


Path #64: Setup slack is 0.023 
===============================================================================
+-----------------------------------------------------------------+
; Path Summary                                                    ;
+--------------------+--------------------------------------------+
; Property           ; Value                                      ;
+--------------------+--------------------------------------------+
; From Node          ; zhao_cmd_dma:u_dma|cw[0]~DUPLICATE         ;
; To Node            ; zhao_cmd_dma:u_dma|crc_pay_r[30]~DUPLICATE ;
; Launch Clock       ; gpu_clk                                    ;
; Latch Clock        ; gpu_clk                                    ;
; Data Arrival Time  ; 15.420                                     ;
; Data Required Time ; 15.443                                     ;
; Slack              ; 0.023                                      ;
+--------------------+--------------------------------------------+

+------------------------------------------------------------------------------------+
; Statistics                                                                         ;
+------------------------+--------+-------+-------------+------------+-------+-------+
; Property               ; Value  ; Count ; Total Delay ; % of Total ; Min   ; Max   ;
+------------------------+--------+-------+-------------+------------+-------+-------+
; Setup Relationship     ; 10.000 ;       ;             ;            ;       ;       ;
; Clock Skew             ; -0.527 ;       ;             ;            ;       ;       ;
; Data Delay             ; 9.390  ;       ;             ;            ;       ;       ;
; Number of Logic Levels ;        ; 7     ;             ;            ;       ;       ;
; Physical Delays        ;        ;       ;             ;            ;       ;       ;
;  Arrival Path          ;        ;       ;             ;            ;       ;       ;
;   Clock                ;        ;       ;             ;            ;       ;       ;
;    IC                  ;        ; 2     ; 5.134       ; 85         ; 2.391 ; 2.743 ;
;    Cell                ;        ; 2     ; 0.896       ; 15         ; 0.321 ; 0.575 ;
;   Data                 ;        ;       ;             ;            ;       ;       ;
;    IC                  ;        ; 8     ; 6.354       ; 68         ; 0.000 ; 1.474 ;
;    Cell                ;        ; 9     ; 3.036       ; 32         ; 0.000 ; 0.573 ;
;    uTco                ;        ; 1     ; 0.000       ; 0          ; 0.000 ; 0.000 ;
;  Required Path         ;        ;       ;             ;            ;       ;       ;
;   Clock                ;        ;       ;             ;            ;       ;       ;
;    IC                  ;        ; 2     ; 2.529       ; 76         ; 0.588 ; 1.941 ;
;    Cell                ;        ; 2     ; 0.793       ; 24         ; 0.295 ; 0.498 ;
+------------------------+--------+-------+-------------+------------+-------+-------+
Note: Negative delays are omitted from totals when calculating percentages

+-------------------------------------------------------------------------------------------------------------+
; Data Arrival Path                                                                                           ;
+----------+---------+----+------+--------+---------------------+---------------------------------------------+
; Total    ; Incr    ; RF ; Type ; Fanout ; Location            ; Element                                     ;
+----------+---------+----+------+--------+---------------------+---------------------------------------------+
; 0.000    ; 0.000   ;    ;      ;        ;                     ; launch edge time                            ;
; 6.030    ; 6.030   ;    ;      ;        ;                     ; clock path                                  ;
;   0.000  ;   0.000 ;    ;      ;        ;                     ; source latency                              ;
;   0.000  ;   0.000 ;    ;      ; 1      ; LABCELL_X1_Y36_N48  ; gpu_clk                                     ;
;   2.743  ;   2.743 ; RR ; IC   ; 1      ; CLKCTRL_G2          ; gpu_clk~CLKENA0|inclk                       ;
;   3.064  ;   0.321 ; RR ; CELL ; 9151   ; CLKCTRL_G2          ; gpu_clk~CLKENA0|outclk                      ;
;   5.455  ;   2.391 ; RR ; IC   ; 1      ; FF_X16_Y38_N22      ; u_dma|cw[0]~DUPLICATE|clk                   ;
;   6.030  ;   0.575 ; RR ; CELL ; 1      ; FF_X16_Y38_N22      ; zhao_cmd_dma:u_dma|cw[0]~DUPLICATE          ;
; 15.420   ; 9.390   ;    ;      ;        ;                     ; data path                                   ;
;   6.030  ;   0.000 ;    ; uTco ; 1      ; FF_X16_Y38_N22      ; zhao_cmd_dma:u_dma|cw[0]~DUPLICATE          ;
;   6.030  ;   0.000 ; FF ; CELL ; 135    ; FF_X16_Y38_N22      ; u_dma|cw[0]~DUPLICATE|q                     ;
;   6.882  ;   0.852 ; FF ; IC   ; 1      ; LABCELL_X22_Y38_N48 ; u_dma|fold_d[0]~30|datac                    ;
;   7.390  ;   0.508 ; FF ; CELL ; 1      ; LABCELL_X22_Y38_N48 ; u_dma|fold_d[0]~30|combout                  ;
;   8.335  ;   0.945 ; FF ; IC   ; 1      ; LABCELL_X18_Y39_N48 ; u_dma|fold_d[0]~32|datac                    ;
;   8.843  ;   0.508 ; FF ; CELL ; 10     ; LABCELL_X18_Y39_N48 ; u_dma|fold_d[0]~32|combout                  ;
;   10.317 ;   1.474 ; FF ; IC   ; 1      ; LABCELL_X7_Y38_N0   ; u_dma|u_fold4|acc~12|dataf                  ;
;   10.411 ;   0.094 ; FR ; CELL ; 7      ; LABCELL_X7_Y38_N0   ; u_dma|u_fold4|acc~12|combout                ;
;   11.051 ;   0.640 ; RR ; IC   ; 1      ; LABCELL_X13_Y38_N51 ; u_dma|u_fold8|g_fold[8].acc[30]~168|datac   ;
;   11.544 ;   0.493 ; RF ; CELL ; 1      ; LABCELL_X13_Y38_N51 ; u_dma|u_fold8|g_fold[8].acc[30]~168|combout ;
;   12.657 ;   1.113 ; FF ; IC   ; 1      ; LABCELL_X7_Y36_N57  ; u_dma|u_fold8|g_fold[8].acc[30]~169|datab   ;
;   13.230 ;   0.573 ; FR ; CELL ; 1      ; LABCELL_X7_Y36_N57  ; u_dma|u_fold8|g_fold[8].acc[30]~169|combout ;
;   13.814 ;   0.584 ; RR ; IC   ; 1      ; LABCELL_X9_Y36_N36  ; u_dma|u_fold8|g_fold[8].acc[30]~170|datad   ;
;   14.308 ;   0.494 ; RF ; CELL ; 2      ; LABCELL_X9_Y36_N36  ; u_dma|u_fold8|g_fold[8].acc[30]~170|combout ;
;   15.054 ;   0.746 ; FF ; IC   ; 1      ; MLABCELL_X8_Y34_N24 ; u_dma|Selector906~0|dataf                   ;
;   15.142 ;   0.088 ; FR ; CELL ; 2      ; MLABCELL_X8_Y34_N24 ; u_dma|Selector906~0|combout                 ;
;   15.142 ;   0.000 ; RR ; IC   ; 1      ; FF_X8_Y34_N25       ; u_dma|crc_pay_r[30]~DUPLICATE|d             ;
;   15.420 ;   0.278 ; RR ; CELL ; 1      ; FF_X8_Y34_N25       ; zhao_cmd_dma:u_dma|crc_pay_r[30]~DUPLICATE  ;
+----------+---------+----+------+--------+---------------------+---------------------------------------------+

+-----------------------------------------------------------------------------------------------------------+
; Data Required Path                                                                                        ;
+----------+---------+----+------+--------+--------------------+--------------------------------------------+
; Total    ; Incr    ; RF ; Type ; Fanout ; Location           ; Element                                    ;
+----------+---------+----+------+--------+--------------------+--------------------------------------------+
; 10.000   ; 10.000  ;    ;      ;        ;                    ; latch edge time                            ;
; 15.503   ; 5.503   ;    ;      ;        ;                    ; clock path                                 ;
;   10.000 ;   0.000 ;    ;      ;        ;                    ; source latency                             ;
;   10.000 ;   0.000 ;    ;      ; 1      ; LABCELL_X1_Y36_N48 ; gpu_clk                                    ;
;   10.588 ;   0.588 ; RR ; IC   ; 1      ; CLKCTRL_G2         ; gpu_clk~CLKENA0|inclk                      ;
;   10.883 ;   0.295 ; RR ; CELL ; 9151   ; CLKCTRL_G2         ; gpu_clk~CLKENA0|outclk                     ;
;   12.824 ;   1.941 ; RR ; IC   ; 1      ; FF_X8_Y34_N25      ; u_dma|crc_pay_r[30]~DUPLICATE|clk          ;
;   13.322 ;   0.498 ; RR ; CELL ; 1      ; FF_X8_Y34_N25      ; zhao_cmd_dma:u_dma|crc_pay_r[30]~DUPLICATE ;
;   15.503 ;   2.181 ;    ;      ;        ;                    ; clock pessimism removed                    ;
; 15.443   ; -0.060  ;    ;      ;        ;                    ; clock uncertainty                          ;
; 15.443   ; 0.000   ;    ; uTsu ; 1      ; FF_X8_Y34_N25      ; zhao_cmd_dma:u_dma|crc_pay_r[30]~DUPLICATE ;
+----------+---------+----+------+--------+--------------------+--------------------------------------------+

----------------------------
; Extra Fitter Information ;
----------------------------
HTML report is unavailable in plain text report export.


Path #65: Setup slack is 0.026 
===============================================================================
+----------------------------------------------------------------+
; Path Summary                                                   ;
+--------------------+-------------------------------------------+
; Property           ; Value                                     ;
+--------------------+-------------------------------------------+
; From Node          ; zhao_cmd_dma:u_dma|cw[0]~DUPLICATE        ;
; To Node            ; zhao_cmd_dma:u_dma|crc_hdr_r[1]~DUPLICATE ;
; Launch Clock       ; gpu_clk                                   ;
; Latch Clock        ; gpu_clk                                   ;
; Data Arrival Time  ; 15.407                                    ;
; Data Required Time ; 15.433                                    ;
; Slack              ; 0.026                                     ;
+--------------------+-------------------------------------------+

+------------------------------------------------------------------------------------+
; Statistics                                                                         ;
+------------------------+--------+-------+-------------+------------+-------+-------+
; Property               ; Value  ; Count ; Total Delay ; % of Total ; Min   ; Max   ;
+------------------------+--------+-------+-------------+------------+-------+-------+
; Setup Relationship     ; 10.000 ;       ;             ;            ;       ;       ;
; Clock Skew             ; -0.537 ;       ;             ;            ;       ;       ;
; Data Delay             ; 9.377  ;       ;             ;            ;       ;       ;
; Number of Logic Levels ;        ; 6     ;             ;            ;       ;       ;
; Physical Delays        ;        ;       ;             ;            ;       ;       ;
;  Arrival Path          ;        ;       ;             ;            ;       ;       ;
;   Clock                ;        ;       ;             ;            ;       ;       ;
;    IC                  ;        ; 2     ; 5.134       ; 85         ; 2.391 ; 2.743 ;
;    Cell                ;        ; 2     ; 0.896       ; 15         ; 0.321 ; 0.575 ;
;   Data                 ;        ;       ;             ;            ;       ;       ;
;    IC                  ;        ; 7     ; 6.735       ; 72         ; 0.000 ; 1.763 ;
;    Cell                ;        ; 8     ; 2.642       ; 28         ; 0.000 ; 0.584 ;
;    uTco                ;        ; 1     ; 0.000       ; 0          ; 0.000 ; 0.000 ;
;  Required Path         ;        ;       ;             ;            ;       ;       ;
;   Clock                ;        ;       ;             ;            ;       ;       ;
;    IC                  ;        ; 2     ; 2.527       ; 76         ; 0.588 ; 1.939 ;
;    Cell                ;        ; 2     ; 0.785       ; 24         ; 0.295 ; 0.490 ;
+------------------------+--------+-------+-------------+------------+-------+-------+
Note: Negative delays are omitted from totals when calculating percentages

+-------------------------------------------------------------------------------------------------------------+
; Data Arrival Path                                                                                           ;
+----------+---------+----+------+--------+----------------------+--------------------------------------------+
; Total    ; Incr    ; RF ; Type ; Fanout ; Location             ; Element                                    ;
+----------+---------+----+------+--------+----------------------+--------------------------------------------+
; 0.000    ; 0.000   ;    ;      ;        ;                      ; launch edge time                           ;
; 6.030    ; 6.030   ;    ;      ;        ;                      ; clock path                                 ;
;   0.000  ;   0.000 ;    ;      ;        ;                      ; source latency                             ;
;   0.000  ;   0.000 ;    ;      ; 1      ; LABCELL_X1_Y36_N48   ; gpu_clk                                    ;
;   2.743  ;   2.743 ; RR ; IC   ; 1      ; CLKCTRL_G2           ; gpu_clk~CLKENA0|inclk                      ;
;   3.064  ;   0.321 ; RR ; CELL ; 9151   ; CLKCTRL_G2           ; gpu_clk~CLKENA0|outclk                     ;
;   5.455  ;   2.391 ; RR ; IC   ; 1      ; FF_X16_Y38_N22       ; u_dma|cw[0]~DUPLICATE|clk                  ;
;   6.030  ;   0.575 ; RR ; CELL ; 1      ; FF_X16_Y38_N22       ; zhao_cmd_dma:u_dma|cw[0]~DUPLICATE         ;
; 15.407   ; 9.377   ;    ;      ;        ;                      ; data path                                  ;
;   6.030  ;   0.000 ;    ; uTco ; 1      ; FF_X16_Y38_N22       ; zhao_cmd_dma:u_dma|cw[0]~DUPLICATE         ;
;   6.030  ;   0.000 ; FF ; CELL ; 135    ; FF_X16_Y38_N22       ; u_dma|cw[0]~DUPLICATE|q                    ;
;   7.793  ;   1.763 ; FF ; IC   ; 1      ; MLABCELL_X15_Y34_N39 ; u_dma|fold_d[30]~45|datad                  ;
;   8.300  ;   0.507 ; FF ; CELL ; 1      ; MLABCELL_X15_Y34_N39 ; u_dma|fold_d[30]~45|combout                ;
;   9.465  ;   1.165 ; FF ; IC   ; 1      ; MLABCELL_X15_Y37_N6  ; u_dma|fold_d[30]~47|datac                  ;
;   9.973  ;   0.508 ; FF ; CELL ; 22     ; MLABCELL_X15_Y37_N6  ; u_dma|fold_d[30]~47|combout                ;
;   11.611 ;   1.638 ; FF ; IC   ; 1      ; LABCELL_X4_Y38_N12   ; u_dma|u_fold8|g_fold[8].acc[1]~99|dataf    ;
;   11.703 ;   0.092 ; FR ; CELL ; 1      ; LABCELL_X4_Y38_N12   ; u_dma|u_fold8|g_fold[8].acc[1]~99|combout  ;
;   11.916 ;   0.213 ; RR ; IC   ; 1      ; LABCELL_X4_Y38_N18   ; u_dma|u_fold8|g_fold[8].acc[1]~100|datab   ;
;   12.500 ;   0.584 ; RF ; CELL ; 2      ; LABCELL_X4_Y38_N18   ; u_dma|u_fold8|g_fold[8].acc[1]~100|combout ;
;   13.900 ;   1.400 ; FF ; IC   ; 1      ; LABCELL_X11_Y36_N54  ; u_dma|u_fold8|g_fold[8].acc[1]~146|datae   ;
;   14.131 ;   0.231 ; FR ; CELL ; 2      ; LABCELL_X11_Y36_N54  ; u_dma|u_fold8|g_fold[8].acc[1]~146|combout ;
;   14.687 ;   0.556 ; RR ; IC   ; 1      ; LABCELL_X10_Y36_N27  ; u_dma|Selector901~0|datac                  ;
;   15.144 ;   0.457 ; RF ; CELL ; 2      ; LABCELL_X10_Y36_N27  ; u_dma|Selector901~0|combout                ;
;   15.144 ;   0.000 ; FF ; IC   ; 1      ; FF_X10_Y36_N28       ; u_dma|crc_hdr_r[1]~DUPLICATE|d             ;
;   15.407 ;   0.263 ; FF ; CELL ; 1      ; FF_X10_Y36_N28       ; zhao_cmd_dma:u_dma|crc_hdr_r[1]~DUPLICATE  ;
+----------+---------+----+------+--------+----------------------+--------------------------------------------+

+----------------------------------------------------------------------------------------------------------+
; Data Required Path                                                                                       ;
+----------+---------+----+------+--------+--------------------+-------------------------------------------+
; Total    ; Incr    ; RF ; Type ; Fanout ; Location           ; Element                                   ;
+----------+---------+----+------+--------+--------------------+-------------------------------------------+
; 10.000   ; 10.000  ;    ;      ;        ;                    ; latch edge time                           ;
; 15.493   ; 5.493   ;    ;      ;        ;                    ; clock path                                ;
;   10.000 ;   0.000 ;    ;      ;        ;                    ; source latency                            ;
;   10.000 ;   0.000 ;    ;      ; 1      ; LABCELL_X1_Y36_N48 ; gpu_clk                                   ;
;   10.588 ;   0.588 ; RR ; IC   ; 1      ; CLKCTRL_G2         ; gpu_clk~CLKENA0|inclk                     ;
;   10.883 ;   0.295 ; RR ; CELL ; 9151   ; CLKCTRL_G2         ; gpu_clk~CLKENA0|outclk                    ;
;   12.822 ;   1.939 ; RR ; IC   ; 1      ; FF_X10_Y36_N28     ; u_dma|crc_hdr_r[1]~DUPLICATE|clk          ;
;   13.312 ;   0.490 ; RR ; CELL ; 1      ; FF_X10_Y36_N28     ; zhao_cmd_dma:u_dma|crc_hdr_r[1]~DUPLICATE ;
;   15.493 ;   2.181 ;    ;      ;        ;                    ; clock pessimism removed                   ;
; 15.433   ; -0.060  ;    ;      ;        ;                    ; clock uncertainty                         ;
; 15.433   ; 0.000   ;    ; uTsu ; 1      ; FF_X10_Y36_N28     ; zhao_cmd_dma:u_dma|crc_hdr_r[1]~DUPLICATE ;
+----------+---------+----+------+--------+--------------------+-------------------------------------------+

----------------------------
; Extra Fitter Information ;
----------------------------
HTML report is unavailable in plain text report export.


Path #66: Setup slack is 0.031 
===============================================================================
+---------------------------------------------------------+
; Path Summary                                            ;
+--------------------+------------------------------------+
; Property           ; Value                              ;
+--------------------+------------------------------------+
; From Node          ; zhao_cmd_dma:u_dma|cw[0]~DUPLICATE ;
; To Node            ; zhao_cmd_dma:u_dma|crc_hdr_r[1]    ;
; Launch Clock       ; gpu_clk                            ;
; Latch Clock        ; gpu_clk                            ;
; Data Arrival Time  ; 15.409                             ;
; Data Required Time ; 15.440                             ;
; Slack              ; 0.031                              ;
+--------------------+------------------------------------+

+------------------------------------------------------------------------------------+
; Statistics                                                                         ;
+------------------------+--------+-------+-------------+------------+-------+-------+
; Property               ; Value  ; Count ; Total Delay ; % of Total ; Min   ; Max   ;
+------------------------+--------+-------+-------------+------------+-------+-------+
; Setup Relationship     ; 10.000 ;       ;             ;            ;       ;       ;
; Clock Skew             ; -0.530 ;       ;             ;            ;       ;       ;
; Data Delay             ; 9.379  ;       ;             ;            ;       ;       ;
; Number of Logic Levels ;        ; 6     ;             ;            ;       ;       ;
; Physical Delays        ;        ;       ;             ;            ;       ;       ;
;  Arrival Path          ;        ;       ;             ;            ;       ;       ;
;   Clock                ;        ;       ;             ;            ;       ;       ;
;    IC                  ;        ; 2     ; 5.134       ; 85         ; 2.391 ; 2.743 ;
;    Cell                ;        ; 2     ; 0.896       ; 15         ; 0.321 ; 0.575 ;
;   Data                 ;        ;       ;             ;            ;       ;       ;
;    IC                  ;        ; 7     ; 6.735       ; 72         ; 0.000 ; 1.763 ;
;    Cell                ;        ; 8     ; 2.644       ; 28         ; 0.000 ; 0.584 ;
;    uTco                ;        ; 1     ; 0.000       ; 0          ; 0.000 ; 0.000 ;
;  Required Path         ;        ;       ;             ;            ;       ;       ;
;   Clock                ;        ;       ;             ;            ;       ;       ;
;    IC                  ;        ; 2     ; 2.527       ; 76         ; 0.588 ; 1.939 ;
;    Cell                ;        ; 2     ; 0.792       ; 24         ; 0.295 ; 0.497 ;
+------------------------+--------+-------+-------------+------------+-------+-------+
Note: Negative delays are omitted from totals when calculating percentages

+-------------------------------------------------------------------------------------------------------------+
; Data Arrival Path                                                                                           ;
+----------+---------+----+------+--------+----------------------+--------------------------------------------+
; Total    ; Incr    ; RF ; Type ; Fanout ; Location             ; Element                                    ;
+----------+---------+----+------+--------+----------------------+--------------------------------------------+
; 0.000    ; 0.000   ;    ;      ;        ;                      ; launch edge time                           ;
; 6.030    ; 6.030   ;    ;      ;        ;                      ; clock path                                 ;
;   0.000  ;   0.000 ;    ;      ;        ;                      ; source latency                             ;
;   0.000  ;   0.000 ;    ;      ; 1      ; LABCELL_X1_Y36_N48   ; gpu_clk                                    ;
;   2.743  ;   2.743 ; RR ; IC   ; 1      ; CLKCTRL_G2           ; gpu_clk~CLKENA0|inclk                      ;
;   3.064  ;   0.321 ; RR ; CELL ; 9151   ; CLKCTRL_G2           ; gpu_clk~CLKENA0|outclk                     ;
;   5.455  ;   2.391 ; RR ; IC   ; 1      ; FF_X16_Y38_N22       ; u_dma|cw[0]~DUPLICATE|clk                  ;
;   6.030  ;   0.575 ; RR ; CELL ; 1      ; FF_X16_Y38_N22       ; zhao_cmd_dma:u_dma|cw[0]~DUPLICATE         ;
; 15.409   ; 9.379   ;    ;      ;        ;                      ; data path                                  ;
;   6.030  ;   0.000 ;    ; uTco ; 1      ; FF_X16_Y38_N22       ; zhao_cmd_dma:u_dma|cw[0]~DUPLICATE         ;
;   6.030  ;   0.000 ; FF ; CELL ; 135    ; FF_X16_Y38_N22       ; u_dma|cw[0]~DUPLICATE|q                    ;
;   7.793  ;   1.763 ; FF ; IC   ; 1      ; MLABCELL_X15_Y34_N39 ; u_dma|fold_d[30]~45|datad                  ;
;   8.300  ;   0.507 ; FF ; CELL ; 1      ; MLABCELL_X15_Y34_N39 ; u_dma|fold_d[30]~45|combout                ;
;   9.465  ;   1.165 ; FF ; IC   ; 1      ; MLABCELL_X15_Y37_N6  ; u_dma|fold_d[30]~47|datac                  ;
;   9.973  ;   0.508 ; FF ; CELL ; 22     ; MLABCELL_X15_Y37_N6  ; u_dma|fold_d[30]~47|combout                ;
;   11.611 ;   1.638 ; FF ; IC   ; 1      ; LABCELL_X4_Y38_N12   ; u_dma|u_fold8|g_fold[8].acc[1]~99|dataf    ;
;   11.703 ;   0.092 ; FR ; CELL ; 1      ; LABCELL_X4_Y38_N12   ; u_dma|u_fold8|g_fold[8].acc[1]~99|combout  ;
;   11.916 ;   0.213 ; RR ; IC   ; 1      ; LABCELL_X4_Y38_N18   ; u_dma|u_fold8|g_fold[8].acc[1]~100|datab   ;
;   12.500 ;   0.584 ; RF ; CELL ; 2      ; LABCELL_X4_Y38_N18   ; u_dma|u_fold8|g_fold[8].acc[1]~100|combout ;
;   13.900 ;   1.400 ; FF ; IC   ; 1      ; LABCELL_X11_Y36_N54  ; u_dma|u_fold8|g_fold[8].acc[1]~146|datae   ;
;   14.131 ;   0.231 ; FR ; CELL ; 2      ; LABCELL_X11_Y36_N54  ; u_dma|u_fold8|g_fold[8].acc[1]~146|combout ;
;   14.687 ;   0.556 ; RR ; IC   ; 1      ; LABCELL_X10_Y36_N27  ; u_dma|Selector901~0|datac                  ;
;   15.144 ;   0.457 ; RF ; CELL ; 2      ; LABCELL_X10_Y36_N27  ; u_dma|Selector901~0|combout                ;
;   15.144 ;   0.000 ; FF ; IC   ; 1      ; FF_X10_Y36_N29       ; u_dma|crc_hdr_r[1]|d                       ;
;   15.409 ;   0.265 ; FF ; CELL ; 1      ; FF_X10_Y36_N29       ; zhao_cmd_dma:u_dma|crc_hdr_r[1]            ;
+----------+---------+----+------+--------+----------------------+--------------------------------------------+

+------------------------------------------------------------------------------------------------+
; Data Required Path                                                                             ;
+----------+---------+----+------+--------+--------------------+---------------------------------+
; Total    ; Incr    ; RF ; Type ; Fanout ; Location           ; Element                         ;
+----------+---------+----+------+--------+--------------------+---------------------------------+
; 10.000   ; 10.000  ;    ;      ;        ;                    ; latch edge time                 ;
; 15.500   ; 5.500   ;    ;      ;        ;                    ; clock path                      ;
;   10.000 ;   0.000 ;    ;      ;        ;                    ; source latency                  ;
;   10.000 ;   0.000 ;    ;      ; 1      ; LABCELL_X1_Y36_N48 ; gpu_clk                         ;
;   10.588 ;   0.588 ; RR ; IC   ; 1      ; CLKCTRL_G2         ; gpu_clk~CLKENA0|inclk           ;
;   10.883 ;   0.295 ; RR ; CELL ; 9151   ; CLKCTRL_G2         ; gpu_clk~CLKENA0|outclk          ;
;   12.822 ;   1.939 ; RR ; IC   ; 1      ; FF_X10_Y36_N29     ; u_dma|crc_hdr_r[1]|clk          ;
;   13.319 ;   0.497 ; RR ; CELL ; 1      ; FF_X10_Y36_N29     ; zhao_cmd_dma:u_dma|crc_hdr_r[1] ;
;   15.500 ;   2.181 ;    ;      ;        ;                    ; clock pessimism removed         ;
; 15.440   ; -0.060  ;    ;      ;        ;                    ; clock uncertainty               ;
; 15.440   ; 0.000   ;    ; uTsu ; 1      ; FF_X10_Y36_N29     ; zhao_cmd_dma:u_dma|crc_hdr_r[1] ;
+----------+---------+----+------+--------+--------------------+---------------------------------+

----------------------------
; Extra Fitter Information ;
----------------------------
HTML report is unavailable in plain text report export.


Path #67: Setup slack is 0.040 
===============================================================================
+---------------------------------------------------------+
; Path Summary                                            ;
+--------------------+------------------------------------+
; Property           ; Value                              ;
+--------------------+------------------------------------+
; From Node          ; zhao_cmd_dma:u_dma|cw[0]~DUPLICATE ;
; To Node            ; zhao_cmd_dma:u_dma|crc_hdr_r[30]   ;
; Launch Clock       ; gpu_clk                            ;
; Latch Clock        ; gpu_clk                            ;
; Data Arrival Time  ; 15.406                             ;
; Data Required Time ; 15.446                             ;
; Slack              ; 0.040                              ;
+--------------------+------------------------------------+

+------------------------------------------------------------------------------------+
; Statistics                                                                         ;
+------------------------+--------+-------+-------------+------------+-------+-------+
; Property               ; Value  ; Count ; Total Delay ; % of Total ; Min   ; Max   ;
+------------------------+--------+-------+-------------+------------+-------+-------+
; Setup Relationship     ; 10.000 ;       ;             ;            ;       ;       ;
; Clock Skew             ; -0.524 ;       ;             ;            ;       ;       ;
; Data Delay             ; 9.376  ;       ;             ;            ;       ;       ;
; Number of Logic Levels ;        ; 7     ;             ;            ;       ;       ;
; Physical Delays        ;        ;       ;             ;            ;       ;       ;
;  Arrival Path          ;        ;       ;             ;            ;       ;       ;
;   Clock                ;        ;       ;             ;            ;       ;       ;
;    IC                  ;        ; 2     ; 5.134       ; 85         ; 2.391 ; 2.743 ;
;    Cell                ;        ; 2     ; 0.896       ; 15         ; 0.321 ; 0.575 ;
;   Data                 ;        ;       ;             ;            ;       ;       ;
;    IC                  ;        ; 8     ; 6.358       ; 68         ; 0.000 ; 1.474 ;
;    Cell                ;        ; 9     ; 3.018       ; 32         ; 0.000 ; 0.573 ;
;    uTco                ;        ; 1     ; 0.000       ; 0          ; 0.000 ; 0.000 ;
;  Required Path         ;        ;       ;             ;            ;       ;       ;
;   Clock                ;        ;       ;             ;            ;       ;       ;
;    IC                  ;        ; 2     ; 2.529       ; 76         ; 0.588 ; 1.941 ;
;    Cell                ;        ; 2     ; 0.796       ; 24         ; 0.295 ; 0.501 ;
+------------------------+--------+-------+-------------+------------+-------+-------+
Note: Negative delays are omitted from totals when calculating percentages

+-------------------------------------------------------------------------------------------------------------+
; Data Arrival Path                                                                                           ;
+----------+---------+----+------+--------+---------------------+---------------------------------------------+
; Total    ; Incr    ; RF ; Type ; Fanout ; Location            ; Element                                     ;
+----------+---------+----+------+--------+---------------------+---------------------------------------------+
; 0.000    ; 0.000   ;    ;      ;        ;                     ; launch edge time                            ;
; 6.030    ; 6.030   ;    ;      ;        ;                     ; clock path                                  ;
;   0.000  ;   0.000 ;    ;      ;        ;                     ; source latency                              ;
;   0.000  ;   0.000 ;    ;      ; 1      ; LABCELL_X1_Y36_N48  ; gpu_clk                                     ;
;   2.743  ;   2.743 ; RR ; IC   ; 1      ; CLKCTRL_G2          ; gpu_clk~CLKENA0|inclk                       ;
;   3.064  ;   0.321 ; RR ; CELL ; 9151   ; CLKCTRL_G2          ; gpu_clk~CLKENA0|outclk                      ;
;   5.455  ;   2.391 ; RR ; IC   ; 1      ; FF_X16_Y38_N22      ; u_dma|cw[0]~DUPLICATE|clk                   ;
;   6.030  ;   0.575 ; RR ; CELL ; 1      ; FF_X16_Y38_N22      ; zhao_cmd_dma:u_dma|cw[0]~DUPLICATE          ;
; 15.406   ; 9.376   ;    ;      ;        ;                     ; data path                                   ;
;   6.030  ;   0.000 ;    ; uTco ; 1      ; FF_X16_Y38_N22      ; zhao_cmd_dma:u_dma|cw[0]~DUPLICATE          ;
;   6.030  ;   0.000 ; FF ; CELL ; 135    ; FF_X16_Y38_N22      ; u_dma|cw[0]~DUPLICATE|q                     ;
;   6.882  ;   0.852 ; FF ; IC   ; 1      ; LABCELL_X22_Y38_N48 ; u_dma|fold_d[0]~30|datac                    ;
;   7.390  ;   0.508 ; FF ; CELL ; 1      ; LABCELL_X22_Y38_N48 ; u_dma|fold_d[0]~30|combout                  ;
;   8.335  ;   0.945 ; FF ; IC   ; 1      ; LABCELL_X18_Y39_N48 ; u_dma|fold_d[0]~32|datac                    ;
;   8.843  ;   0.508 ; FF ; CELL ; 10     ; LABCELL_X18_Y39_N48 ; u_dma|fold_d[0]~32|combout                  ;
;   10.317 ;   1.474 ; FF ; IC   ; 1      ; LABCELL_X7_Y38_N0   ; u_dma|u_fold4|acc~12|dataf                  ;
;   10.411 ;   0.094 ; FR ; CELL ; 7      ; LABCELL_X7_Y38_N0   ; u_dma|u_fold4|acc~12|combout                ;
;   11.051 ;   0.640 ; RR ; IC   ; 1      ; LABCELL_X13_Y38_N51 ; u_dma|u_fold8|g_fold[8].acc[30]~168|datac   ;
;   11.544 ;   0.493 ; RF ; CELL ; 1      ; LABCELL_X13_Y38_N51 ; u_dma|u_fold8|g_fold[8].acc[30]~168|combout ;
;   12.657 ;   1.113 ; FF ; IC   ; 1      ; LABCELL_X7_Y36_N57  ; u_dma|u_fold8|g_fold[8].acc[30]~169|datab   ;
;   13.230 ;   0.573 ; FR ; CELL ; 1      ; LABCELL_X7_Y36_N57  ; u_dma|u_fold8|g_fold[8].acc[30]~169|combout ;
;   13.814 ;   0.584 ; RR ; IC   ; 1      ; LABCELL_X9_Y36_N36  ; u_dma|u_fold8|g_fold[8].acc[30]~170|datad   ;
;   14.308 ;   0.494 ; RF ; CELL ; 2      ; LABCELL_X9_Y36_N36  ; u_dma|u_fold8|g_fold[8].acc[30]~170|combout ;
;   15.058 ;   0.750 ; FF ; IC   ; 1      ; MLABCELL_X8_Y34_N6  ; u_dma|Selector872~0|dataf                   ;
;   15.146 ;   0.088 ; FR ; CELL ; 1      ; MLABCELL_X8_Y34_N6  ; u_dma|Selector872~0|combout                 ;
;   15.146 ;   0.000 ; RR ; IC   ; 1      ; FF_X8_Y34_N7        ; u_dma|crc_hdr_r[30]|d                       ;
;   15.406 ;   0.260 ; RR ; CELL ; 1      ; FF_X8_Y34_N7        ; zhao_cmd_dma:u_dma|crc_hdr_r[30]            ;
+----------+---------+----+------+--------+---------------------+---------------------------------------------+

+-------------------------------------------------------------------------------------------------+
; Data Required Path                                                                              ;
+----------+---------+----+------+--------+--------------------+----------------------------------+
; Total    ; Incr    ; RF ; Type ; Fanout ; Location           ; Element                          ;
+----------+---------+----+------+--------+--------------------+----------------------------------+
; 10.000   ; 10.000  ;    ;      ;        ;                    ; latch edge time                  ;
; 15.506   ; 5.506   ;    ;      ;        ;                    ; clock path                       ;
;   10.000 ;   0.000 ;    ;      ;        ;                    ; source latency                   ;
;   10.000 ;   0.000 ;    ;      ; 1      ; LABCELL_X1_Y36_N48 ; gpu_clk                          ;
;   10.588 ;   0.588 ; RR ; IC   ; 1      ; CLKCTRL_G2         ; gpu_clk~CLKENA0|inclk            ;
;   10.883 ;   0.295 ; RR ; CELL ; 9151   ; CLKCTRL_G2         ; gpu_clk~CLKENA0|outclk           ;
;   12.824 ;   1.941 ; RR ; IC   ; 1      ; FF_X8_Y34_N7       ; u_dma|crc_hdr_r[30]|clk          ;
;   13.325 ;   0.501 ; RR ; CELL ; 1      ; FF_X8_Y34_N7       ; zhao_cmd_dma:u_dma|crc_hdr_r[30] ;
;   15.506 ;   2.181 ;    ;      ;        ;                    ; clock pessimism removed          ;
; 15.446   ; -0.060  ;    ;      ;        ;                    ; clock uncertainty                ;
; 15.446   ; 0.000   ;    ; uTsu ; 1      ; FF_X8_Y34_N7       ; zhao_cmd_dma:u_dma|crc_hdr_r[30] ;
+----------+---------+----+------+--------+--------------------+----------------------------------+

----------------------------
; Extra Fitter Information ;
----------------------------
HTML report is unavailable in plain text report export.


Path #68: Setup slack is 0.056 
===============================================================================
+-----------------------------------------------------------------+
; Path Summary                                                    ;
+--------------------+--------------------------------------------+
; Property           ; Value                                      ;
+--------------------+--------------------------------------------+
; From Node          ; rq_rp[0]                                   ;
; To Node            ; zhao_cmd_scheduler:u_sched|dead_lim[2][29] ;
; Launch Clock       ; gpu_clk                                    ;
; Latch Clock        ; gpu_clk                                    ;
; Data Arrival Time  ; 15.403                                     ;
; Data Required Time ; 15.459                                     ;
; Slack              ; 0.056                                      ;
+--------------------+--------------------------------------------+

+------------------------------------------------------------------------------------+
; Statistics                                                                         ;
+------------------------+--------+-------+-------------+------------+-------+-------+
; Property               ; Value  ; Count ; Total Delay ; % of Total ; Min   ; Max   ;
+------------------------+--------+-------+-------------+------------+-------+-------+
; Setup Relationship     ; 10.000 ;       ;             ;            ;       ;       ;
; Clock Skew             ; -0.486 ;       ;             ;            ;       ;       ;
; Data Delay             ; 9.398  ;       ;             ;            ;       ;       ;
; Number of Logic Levels ;        ; 6     ;             ;            ;       ;       ;
; Physical Delays        ;        ;       ;             ;            ;       ;       ;
;  Arrival Path          ;        ;       ;             ;            ;       ;       ;
;   Clock                ;        ;       ;             ;            ;       ;       ;
;    IC                  ;        ; 2     ; 5.100       ; 85         ; 2.357 ; 2.743 ;
;    Cell                ;        ; 2     ; 0.905       ; 15         ; 0.321 ; 0.584 ;
;   Data                 ;        ;       ;             ;            ;       ;       ;
;    IC                  ;        ; 7     ; 5.885       ; 63         ; 0.200 ; 1.695 ;
;    Cell                ;        ; 8     ; 3.513       ; 37         ; 0.000 ; 0.719 ;
;    uTco                ;        ; 1     ; 0.000       ; 0          ; 0.000 ; 0.000 ;
;  Required Path         ;        ;       ;             ;            ;       ;       ;
;   Clock                ;        ;       ;             ;            ;       ;       ;
;    IC                  ;        ; 2     ; 2.555       ; 77         ; 0.588 ; 1.967 ;
;    Cell                ;        ; 2     ; 0.783       ; 23         ; 0.295 ; 0.488 ;
+------------------------+--------+-------+-------------+------------+-------+-------+
Note: Negative delays are omitted from totals when calculating percentages

+------------------------------------------------------------------------------------------------------------+
; Data Arrival Path                                                                                          ;
+----------+---------+----+------+--------+---------------------+--------------------------------------------+
; Total    ; Incr    ; RF ; Type ; Fanout ; Location            ; Element                                    ;
+----------+---------+----+------+--------+---------------------+--------------------------------------------+
; 0.000    ; 0.000   ;    ;      ;        ;                     ; launch edge time                           ;
; 6.005    ; 6.005   ;    ;      ;        ;                     ; clock path                                 ;
;   0.000  ;   0.000 ;    ;      ;        ;                     ; source latency                             ;
;   0.000  ;   0.000 ;    ;      ; 1      ; LABCELL_X1_Y36_N48  ; gpu_clk                                    ;
;   2.743  ;   2.743 ; RR ; IC   ; 1      ; CLKCTRL_G2          ; gpu_clk~CLKENA0|inclk                      ;
;   3.064  ;   0.321 ; RR ; CELL ; 9151   ; CLKCTRL_G2          ; gpu_clk~CLKENA0|outclk                     ;
;   5.421  ;   2.357 ; RR ; IC   ; 1      ; FF_X35_Y36_N46      ; rq_rp[0]|clk                               ;
;   6.005  ;   0.584 ; RR ; CELL ; 1      ; FF_X35_Y36_N46      ; rq_rp[0]                                   ;
; 15.403   ; 9.398   ;    ;      ;        ;                     ; data path                                  ;
;   6.005  ;   0.000 ;    ; uTco ; 1      ; FF_X35_Y36_N46      ; rq_rp[0]                                   ;
;   6.005  ;   0.000 ; FF ; CELL ; 221    ; FF_X35_Y36_N46      ; rq_rp[0]|q                                 ;
;   7.700  ;   1.695 ; FF ; IC   ; 1      ; LABCELL_X31_Y37_N27 ; Mux158~0|datab                             ;
;   8.258  ;   0.558 ; FF ; CELL ; 1      ; LABCELL_X31_Y37_N27 ; Mux158~0|combout                           ;
;   9.037  ;   0.779 ; FF ; IC   ; 1      ; LABCELL_X35_Y37_N21 ; Mux158~2|datad                             ;
;   9.549  ;   0.512 ; FF ; CELL ; 5      ; LABCELL_X35_Y37_N21 ; Mux158~2|combout                           ;
;   9.749  ;   0.200 ; FF ; IC   ; 1      ; LABCELL_X35_Y37_N33 ; u_sched|Equal37~3|dataa                    ;
;   10.318 ;   0.569 ; FR ; CELL ; 1      ; LABCELL_X35_Y37_N33 ; u_sched|Equal37~3|combout                  ;
;   10.646 ;   0.328 ; RR ; IC   ; 1      ; LABCELL_X36_Y37_N24 ; u_sched|Equal37~4|datab                    ;
;   11.228 ;   0.582 ; RR ; CELL ; 1      ; LABCELL_X36_Y37_N24 ; u_sched|Equal37~4|combout                  ;
;   12.082 ;   0.854 ; RR ; IC   ; 1      ; LABCELL_X36_Y36_N54 ; u_sched|Decoder4~1|datac                   ;
;   12.576 ;   0.494 ; RF ; CELL ; 6      ; LABCELL_X36_Y36_N54 ; u_sched|Decoder4~1|combout                 ;
;   13.425 ;   0.849 ; FF ; IC   ; 1      ; LABCELL_X42_Y36_N21 ; u_sched|dead_lim[2][31]~0|dataf            ;
;   13.504 ;   0.079 ; FF ; CELL ; 32     ; LABCELL_X42_Y36_N21 ; u_sched|dead_lim[2][31]~0|combout          ;
;   14.684 ;   1.180 ; FF ; IC   ; 1      ; FF_X42_Y37_N55      ; u_sched|dead_lim[2][29]|ena                ;
;   15.403 ;   0.719 ; FF ; CELL ; 1      ; FF_X42_Y37_N55      ; zhao_cmd_scheduler:u_sched|dead_lim[2][29] ;
+----------+---------+----+------+--------+---------------------+--------------------------------------------+

+-----------------------------------------------------------------------------------------------------------+
; Data Required Path                                                                                        ;
+----------+---------+----+------+--------+--------------------+--------------------------------------------+
; Total    ; Incr    ; RF ; Type ; Fanout ; Location           ; Element                                    ;
+----------+---------+----+------+--------+--------------------+--------------------------------------------+
; 10.000   ; 10.000  ;    ;      ;        ;                    ; latch edge time                            ;
; 15.519   ; 5.519   ;    ;      ;        ;                    ; clock path                                 ;
;   10.000 ;   0.000 ;    ;      ;        ;                    ; source latency                             ;
;   10.000 ;   0.000 ;    ;      ; 1      ; LABCELL_X1_Y36_N48 ; gpu_clk                                    ;
;   10.588 ;   0.588 ; RR ; IC   ; 1      ; CLKCTRL_G2         ; gpu_clk~CLKENA0|inclk                      ;
;   10.883 ;   0.295 ; RR ; CELL ; 9151   ; CLKCTRL_G2         ; gpu_clk~CLKENA0|outclk                     ;
;   12.850 ;   1.967 ; RR ; IC   ; 1      ; FF_X42_Y37_N55     ; u_sched|dead_lim[2][29]|clk                ;
;   13.338 ;   0.488 ; RR ; CELL ; 1      ; FF_X42_Y37_N55     ; zhao_cmd_scheduler:u_sched|dead_lim[2][29] ;
;   15.519 ;   2.181 ;    ;      ;        ;                    ; clock pessimism removed                    ;
; 15.459   ; -0.060  ;    ;      ;        ;                    ; clock uncertainty                          ;
; 15.459   ; 0.000   ;    ; uTsu ; 1      ; FF_X42_Y37_N55     ; zhao_cmd_scheduler:u_sched|dead_lim[2][29] ;
+----------+---------+----+------+--------+--------------------+--------------------------------------------+

----------------------------
; Extra Fitter Information ;
----------------------------
HTML report is unavailable in plain text report export.


Path #69: Setup slack is 0.056 
===============================================================================
+-----------------------------------------------------------------+
; Path Summary                                                    ;
+--------------------+--------------------------------------------+
; Property           ; Value                                      ;
+--------------------+--------------------------------------------+
; From Node          ; rq_rp[0]                                   ;
; To Node            ; zhao_cmd_scheduler:u_sched|dead_lim[2][30] ;
; Launch Clock       ; gpu_clk                                    ;
; Latch Clock        ; gpu_clk                                    ;
; Data Arrival Time  ; 15.403                                     ;
; Data Required Time ; 15.459                                     ;
; Slack              ; 0.056                                      ;
+--------------------+--------------------------------------------+

+------------------------------------------------------------------------------------+
; Statistics                                                                         ;
+------------------------+--------+-------+-------------+------------+-------+-------+
; Property               ; Value  ; Count ; Total Delay ; % of Total ; Min   ; Max   ;
+------------------------+--------+-------+-------------+------------+-------+-------+
; Setup Relationship     ; 10.000 ;       ;             ;            ;       ;       ;
; Clock Skew             ; -0.486 ;       ;             ;            ;       ;       ;
; Data Delay             ; 9.398  ;       ;             ;            ;       ;       ;
; Number of Logic Levels ;        ; 6     ;             ;            ;       ;       ;
; Physical Delays        ;        ;       ;             ;            ;       ;       ;
;  Arrival Path          ;        ;       ;             ;            ;       ;       ;
;   Clock                ;        ;       ;             ;            ;       ;       ;
;    IC                  ;        ; 2     ; 5.100       ; 85         ; 2.357 ; 2.743 ;
;    Cell                ;        ; 2     ; 0.905       ; 15         ; 0.321 ; 0.584 ;
;   Data                 ;        ;       ;             ;            ;       ;       ;
;    IC                  ;        ; 7     ; 5.885       ; 63         ; 0.200 ; 1.695 ;
;    Cell                ;        ; 8     ; 3.513       ; 37         ; 0.000 ; 0.719 ;
;    uTco                ;        ; 1     ; 0.000       ; 0          ; 0.000 ; 0.000 ;
;  Required Path         ;        ;       ;             ;            ;       ;       ;
;   Clock                ;        ;       ;             ;            ;       ;       ;
;    IC                  ;        ; 2     ; 2.555       ; 77         ; 0.588 ; 1.967 ;
;    Cell                ;        ; 2     ; 0.783       ; 23         ; 0.295 ; 0.488 ;
+------------------------+--------+-------+-------------+------------+-------+-------+
Note: Negative delays are omitted from totals when calculating percentages

+------------------------------------------------------------------------------------------------------------+
; Data Arrival Path                                                                                          ;
+----------+---------+----+------+--------+---------------------+--------------------------------------------+
; Total    ; Incr    ; RF ; Type ; Fanout ; Location            ; Element                                    ;
+----------+---------+----+------+--------+---------------------+--------------------------------------------+
; 0.000    ; 0.000   ;    ;      ;        ;                     ; launch edge time                           ;
; 6.005    ; 6.005   ;    ;      ;        ;                     ; clock path                                 ;
;   0.000  ;   0.000 ;    ;      ;        ;                     ; source latency                             ;
;   0.000  ;   0.000 ;    ;      ; 1      ; LABCELL_X1_Y36_N48  ; gpu_clk                                    ;
;   2.743  ;   2.743 ; RR ; IC   ; 1      ; CLKCTRL_G2          ; gpu_clk~CLKENA0|inclk                      ;
;   3.064  ;   0.321 ; RR ; CELL ; 9151   ; CLKCTRL_G2          ; gpu_clk~CLKENA0|outclk                     ;
;   5.421  ;   2.357 ; RR ; IC   ; 1      ; FF_X35_Y36_N46      ; rq_rp[0]|clk                               ;
;   6.005  ;   0.584 ; RR ; CELL ; 1      ; FF_X35_Y36_N46      ; rq_rp[0]                                   ;
; 15.403   ; 9.398   ;    ;      ;        ;                     ; data path                                  ;
;   6.005  ;   0.000 ;    ; uTco ; 1      ; FF_X35_Y36_N46      ; rq_rp[0]                                   ;
;   6.005  ;   0.000 ; FF ; CELL ; 221    ; FF_X35_Y36_N46      ; rq_rp[0]|q                                 ;
;   7.700  ;   1.695 ; FF ; IC   ; 1      ; LABCELL_X31_Y37_N27 ; Mux158~0|datab                             ;
;   8.258  ;   0.558 ; FF ; CELL ; 1      ; LABCELL_X31_Y37_N27 ; Mux158~0|combout                           ;
;   9.037  ;   0.779 ; FF ; IC   ; 1      ; LABCELL_X35_Y37_N21 ; Mux158~2|datad                             ;
;   9.549  ;   0.512 ; FF ; CELL ; 5      ; LABCELL_X35_Y37_N21 ; Mux158~2|combout                           ;
;   9.749  ;   0.200 ; FF ; IC   ; 1      ; LABCELL_X35_Y37_N33 ; u_sched|Equal37~3|dataa                    ;
;   10.318 ;   0.569 ; FR ; CELL ; 1      ; LABCELL_X35_Y37_N33 ; u_sched|Equal37~3|combout                  ;
;   10.646 ;   0.328 ; RR ; IC   ; 1      ; LABCELL_X36_Y37_N24 ; u_sched|Equal37~4|datab                    ;
;   11.228 ;   0.582 ; RR ; CELL ; 1      ; LABCELL_X36_Y37_N24 ; u_sched|Equal37~4|combout                  ;
;   12.082 ;   0.854 ; RR ; IC   ; 1      ; LABCELL_X36_Y36_N54 ; u_sched|Decoder4~1|datac                   ;
;   12.576 ;   0.494 ; RF ; CELL ; 6      ; LABCELL_X36_Y36_N54 ; u_sched|Decoder4~1|combout                 ;
;   13.425 ;   0.849 ; FF ; IC   ; 1      ; LABCELL_X42_Y36_N21 ; u_sched|dead_lim[2][31]~0|dataf            ;
;   13.504 ;   0.079 ; FF ; CELL ; 32     ; LABCELL_X42_Y36_N21 ; u_sched|dead_lim[2][31]~0|combout          ;
;   14.684 ;   1.180 ; FF ; IC   ; 1      ; FF_X42_Y37_N1       ; u_sched|dead_lim[2][30]|ena                ;
;   15.403 ;   0.719 ; FF ; CELL ; 1      ; FF_X42_Y37_N1       ; zhao_cmd_scheduler:u_sched|dead_lim[2][30] ;
+----------+---------+----+------+--------+---------------------+--------------------------------------------+

+-----------------------------------------------------------------------------------------------------------+
; Data Required Path                                                                                        ;
+----------+---------+----+------+--------+--------------------+--------------------------------------------+
; Total    ; Incr    ; RF ; Type ; Fanout ; Location           ; Element                                    ;
+----------+---------+----+------+--------+--------------------+--------------------------------------------+
; 10.000   ; 10.000  ;    ;      ;        ;                    ; latch edge time                            ;
; 15.519   ; 5.519   ;    ;      ;        ;                    ; clock path                                 ;
;   10.000 ;   0.000 ;    ;      ;        ;                    ; source latency                             ;
;   10.000 ;   0.000 ;    ;      ; 1      ; LABCELL_X1_Y36_N48 ; gpu_clk                                    ;
;   10.588 ;   0.588 ; RR ; IC   ; 1      ; CLKCTRL_G2         ; gpu_clk~CLKENA0|inclk                      ;
;   10.883 ;   0.295 ; RR ; CELL ; 9151   ; CLKCTRL_G2         ; gpu_clk~CLKENA0|outclk                     ;
;   12.850 ;   1.967 ; RR ; IC   ; 1      ; FF_X42_Y37_N1      ; u_sched|dead_lim[2][30]|clk                ;
;   13.338 ;   0.488 ; RR ; CELL ; 1      ; FF_X42_Y37_N1      ; zhao_cmd_scheduler:u_sched|dead_lim[2][30] ;
;   15.519 ;   2.181 ;    ;      ;        ;                    ; clock pessimism removed                    ;
; 15.459   ; -0.060  ;    ;      ;        ;                    ; clock uncertainty                          ;
; 15.459   ; 0.000   ;    ; uTsu ; 1      ; FF_X42_Y37_N1      ; zhao_cmd_scheduler:u_sched|dead_lim[2][30] ;
+----------+---------+----+------+--------+--------------------+--------------------------------------------+

----------------------------
; Extra Fitter Information ;
----------------------------
HTML report is unavailable in plain text report export.


Path #70: Setup slack is 0.056 
===============================================================================
+-----------------------------------------------------------------+
; Path Summary                                                    ;
+--------------------+--------------------------------------------+
; Property           ; Value                                      ;
+--------------------+--------------------------------------------+
; From Node          ; rq_rp[0]                                   ;
; To Node            ; zhao_cmd_scheduler:u_sched|dead_lim[2][27] ;
; Launch Clock       ; gpu_clk                                    ;
; Latch Clock        ; gpu_clk                                    ;
; Data Arrival Time  ; 15.403                                     ;
; Data Required Time ; 15.459                                     ;
; Slack              ; 0.056                                      ;
+--------------------+--------------------------------------------+

+------------------------------------------------------------------------------------+
; Statistics                                                                         ;
+------------------------+--------+-------+-------------+------------+-------+-------+
; Property               ; Value  ; Count ; Total Delay ; % of Total ; Min   ; Max   ;
+------------------------+--------+-------+-------------+------------+-------+-------+
; Setup Relationship     ; 10.000 ;       ;             ;            ;       ;       ;
; Clock Skew             ; -0.486 ;       ;             ;            ;       ;       ;
; Data Delay             ; 9.398  ;       ;             ;            ;       ;       ;
; Number of Logic Levels ;        ; 6     ;             ;            ;       ;       ;
; Physical Delays        ;        ;       ;             ;            ;       ;       ;
;  Arrival Path          ;        ;       ;             ;            ;       ;       ;
;   Clock                ;        ;       ;             ;            ;       ;       ;
;    IC                  ;        ; 2     ; 5.100       ; 85         ; 2.357 ; 2.743 ;
;    Cell                ;        ; 2     ; 0.905       ; 15         ; 0.321 ; 0.584 ;
;   Data                 ;        ;       ;             ;            ;       ;       ;
;    IC                  ;        ; 7     ; 5.885       ; 63         ; 0.200 ; 1.695 ;
;    Cell                ;        ; 8     ; 3.513       ; 37         ; 0.000 ; 0.719 ;
;    uTco                ;        ; 1     ; 0.000       ; 0          ; 0.000 ; 0.000 ;
;  Required Path         ;        ;       ;             ;            ;       ;       ;
;   Clock                ;        ;       ;             ;            ;       ;       ;
;    IC                  ;        ; 2     ; 2.555       ; 77         ; 0.588 ; 1.967 ;
;    Cell                ;        ; 2     ; 0.783       ; 23         ; 0.295 ; 0.488 ;
+------------------------+--------+-------+-------------+------------+-------+-------+
Note: Negative delays are omitted from totals when calculating percentages

+------------------------------------------------------------------------------------------------------------+
; Data Arrival Path                                                                                          ;
+----------+---------+----+------+--------+---------------------+--------------------------------------------+
; Total    ; Incr    ; RF ; Type ; Fanout ; Location            ; Element                                    ;
+----------+---------+----+------+--------+---------------------+--------------------------------------------+
; 0.000    ; 0.000   ;    ;      ;        ;                     ; launch edge time                           ;
; 6.005    ; 6.005   ;    ;      ;        ;                     ; clock path                                 ;
;   0.000  ;   0.000 ;    ;      ;        ;                     ; source latency                             ;
;   0.000  ;   0.000 ;    ;      ; 1      ; LABCELL_X1_Y36_N48  ; gpu_clk                                    ;
;   2.743  ;   2.743 ; RR ; IC   ; 1      ; CLKCTRL_G2          ; gpu_clk~CLKENA0|inclk                      ;
;   3.064  ;   0.321 ; RR ; CELL ; 9151   ; CLKCTRL_G2          ; gpu_clk~CLKENA0|outclk                     ;
;   5.421  ;   2.357 ; RR ; IC   ; 1      ; FF_X35_Y36_N46      ; rq_rp[0]|clk                               ;
;   6.005  ;   0.584 ; RR ; CELL ; 1      ; FF_X35_Y36_N46      ; rq_rp[0]                                   ;
; 15.403   ; 9.398   ;    ;      ;        ;                     ; data path                                  ;
;   6.005  ;   0.000 ;    ; uTco ; 1      ; FF_X35_Y36_N46      ; rq_rp[0]                                   ;
;   6.005  ;   0.000 ; FF ; CELL ; 221    ; FF_X35_Y36_N46      ; rq_rp[0]|q                                 ;
;   7.700  ;   1.695 ; FF ; IC   ; 1      ; LABCELL_X31_Y37_N27 ; Mux158~0|datab                             ;
;   8.258  ;   0.558 ; FF ; CELL ; 1      ; LABCELL_X31_Y37_N27 ; Mux158~0|combout                           ;
;   9.037  ;   0.779 ; FF ; IC   ; 1      ; LABCELL_X35_Y37_N21 ; Mux158~2|datad                             ;
;   9.549  ;   0.512 ; FF ; CELL ; 5      ; LABCELL_X35_Y37_N21 ; Mux158~2|combout                           ;
;   9.749  ;   0.200 ; FF ; IC   ; 1      ; LABCELL_X35_Y37_N33 ; u_sched|Equal37~3|dataa                    ;
;   10.318 ;   0.569 ; FR ; CELL ; 1      ; LABCELL_X35_Y37_N33 ; u_sched|Equal37~3|combout                  ;
;   10.646 ;   0.328 ; RR ; IC   ; 1      ; LABCELL_X36_Y37_N24 ; u_sched|Equal37~4|datab                    ;
;   11.228 ;   0.582 ; RR ; CELL ; 1      ; LABCELL_X36_Y37_N24 ; u_sched|Equal37~4|combout                  ;
;   12.082 ;   0.854 ; RR ; IC   ; 1      ; LABCELL_X36_Y36_N54 ; u_sched|Decoder4~1|datac                   ;
;   12.576 ;   0.494 ; RF ; CELL ; 6      ; LABCELL_X36_Y36_N54 ; u_sched|Decoder4~1|combout                 ;
;   13.425 ;   0.849 ; FF ; IC   ; 1      ; LABCELL_X42_Y36_N21 ; u_sched|dead_lim[2][31]~0|dataf            ;
;   13.504 ;   0.079 ; FF ; CELL ; 32     ; LABCELL_X42_Y36_N21 ; u_sched|dead_lim[2][31]~0|combout          ;
;   14.684 ;   1.180 ; FF ; IC   ; 1      ; FF_X42_Y37_N31      ; u_sched|dead_lim[2][27]|ena                ;
;   15.403 ;   0.719 ; FF ; CELL ; 1      ; FF_X42_Y37_N31      ; zhao_cmd_scheduler:u_sched|dead_lim[2][27] ;
+----------+---------+----+------+--------+---------------------+--------------------------------------------+

+-----------------------------------------------------------------------------------------------------------+
; Data Required Path                                                                                        ;
+----------+---------+----+------+--------+--------------------+--------------------------------------------+
; Total    ; Incr    ; RF ; Type ; Fanout ; Location           ; Element                                    ;
+----------+---------+----+------+--------+--------------------+--------------------------------------------+
; 10.000   ; 10.000  ;    ;      ;        ;                    ; latch edge time                            ;
; 15.519   ; 5.519   ;    ;      ;        ;                    ; clock path                                 ;
;   10.000 ;   0.000 ;    ;      ;        ;                    ; source latency                             ;
;   10.000 ;   0.000 ;    ;      ; 1      ; LABCELL_X1_Y36_N48 ; gpu_clk                                    ;
;   10.588 ;   0.588 ; RR ; IC   ; 1      ; CLKCTRL_G2         ; gpu_clk~CLKENA0|inclk                      ;
;   10.883 ;   0.295 ; RR ; CELL ; 9151   ; CLKCTRL_G2         ; gpu_clk~CLKENA0|outclk                     ;
;   12.850 ;   1.967 ; RR ; IC   ; 1      ; FF_X42_Y37_N31     ; u_sched|dead_lim[2][27]|clk                ;
;   13.338 ;   0.488 ; RR ; CELL ; 1      ; FF_X42_Y37_N31     ; zhao_cmd_scheduler:u_sched|dead_lim[2][27] ;
;   15.519 ;   2.181 ;    ;      ;        ;                    ; clock pessimism removed                    ;
; 15.459   ; -0.060  ;    ;      ;        ;                    ; clock uncertainty                          ;
; 15.459   ; 0.000   ;    ; uTsu ; 1      ; FF_X42_Y37_N31     ; zhao_cmd_scheduler:u_sched|dead_lim[2][27] ;
+----------+---------+----+------+--------+--------------------+--------------------------------------------+

----------------------------
; Extra Fitter Information ;
----------------------------
HTML report is unavailable in plain text report export.


Path #71: Setup slack is 0.056 
===============================================================================
+-----------------------------------------------------------------+
; Path Summary                                                    ;
+--------------------+--------------------------------------------+
; Property           ; Value                                      ;
+--------------------+--------------------------------------------+
; From Node          ; rq_rp[0]                                   ;
; To Node            ; zhao_cmd_scheduler:u_sched|dead_lim[2][26] ;
; Launch Clock       ; gpu_clk                                    ;
; Latch Clock        ; gpu_clk                                    ;
; Data Arrival Time  ; 15.403                                     ;
; Data Required Time ; 15.459                                     ;
; Slack              ; 0.056                                      ;
+--------------------+--------------------------------------------+

+------------------------------------------------------------------------------------+
; Statistics                                                                         ;
+------------------------+--------+-------+-------------+------------+-------+-------+
; Property               ; Value  ; Count ; Total Delay ; % of Total ; Min   ; Max   ;
+------------------------+--------+-------+-------------+------------+-------+-------+
; Setup Relationship     ; 10.000 ;       ;             ;            ;       ;       ;
; Clock Skew             ; -0.486 ;       ;             ;            ;       ;       ;
; Data Delay             ; 9.398  ;       ;             ;            ;       ;       ;
; Number of Logic Levels ;        ; 6     ;             ;            ;       ;       ;
; Physical Delays        ;        ;       ;             ;            ;       ;       ;
;  Arrival Path          ;        ;       ;             ;            ;       ;       ;
;   Clock                ;        ;       ;             ;            ;       ;       ;
;    IC                  ;        ; 2     ; 5.100       ; 85         ; 2.357 ; 2.743 ;
;    Cell                ;        ; 2     ; 0.905       ; 15         ; 0.321 ; 0.584 ;
;   Data                 ;        ;       ;             ;            ;       ;       ;
;    IC                  ;        ; 7     ; 5.885       ; 63         ; 0.200 ; 1.695 ;
;    Cell                ;        ; 8     ; 3.513       ; 37         ; 0.000 ; 0.719 ;
;    uTco                ;        ; 1     ; 0.000       ; 0          ; 0.000 ; 0.000 ;
;  Required Path         ;        ;       ;             ;            ;       ;       ;
;   Clock                ;        ;       ;             ;            ;       ;       ;
;    IC                  ;        ; 2     ; 2.555       ; 77         ; 0.588 ; 1.967 ;
;    Cell                ;        ; 2     ; 0.783       ; 23         ; 0.295 ; 0.488 ;
+------------------------+--------+-------+-------------+------------+-------+-------+
Note: Negative delays are omitted from totals when calculating percentages

+------------------------------------------------------------------------------------------------------------+
; Data Arrival Path                                                                                          ;
+----------+---------+----+------+--------+---------------------+--------------------------------------------+
; Total    ; Incr    ; RF ; Type ; Fanout ; Location            ; Element                                    ;
+----------+---------+----+------+--------+---------------------+--------------------------------------------+
; 0.000    ; 0.000   ;    ;      ;        ;                     ; launch edge time                           ;
; 6.005    ; 6.005   ;    ;      ;        ;                     ; clock path                                 ;
;   0.000  ;   0.000 ;    ;      ;        ;                     ; source latency                             ;
;   0.000  ;   0.000 ;    ;      ; 1      ; LABCELL_X1_Y36_N48  ; gpu_clk                                    ;
;   2.743  ;   2.743 ; RR ; IC   ; 1      ; CLKCTRL_G2          ; gpu_clk~CLKENA0|inclk                      ;
;   3.064  ;   0.321 ; RR ; CELL ; 9151   ; CLKCTRL_G2          ; gpu_clk~CLKENA0|outclk                     ;
;   5.421  ;   2.357 ; RR ; IC   ; 1      ; FF_X35_Y36_N46      ; rq_rp[0]|clk                               ;
;   6.005  ;   0.584 ; RR ; CELL ; 1      ; FF_X35_Y36_N46      ; rq_rp[0]                                   ;
; 15.403   ; 9.398   ;    ;      ;        ;                     ; data path                                  ;
;   6.005  ;   0.000 ;    ; uTco ; 1      ; FF_X35_Y36_N46      ; rq_rp[0]                                   ;
;   6.005  ;   0.000 ; FF ; CELL ; 221    ; FF_X35_Y36_N46      ; rq_rp[0]|q                                 ;
;   7.700  ;   1.695 ; FF ; IC   ; 1      ; LABCELL_X31_Y37_N27 ; Mux158~0|datab                             ;
;   8.258  ;   0.558 ; FF ; CELL ; 1      ; LABCELL_X31_Y37_N27 ; Mux158~0|combout                           ;
;   9.037  ;   0.779 ; FF ; IC   ; 1      ; LABCELL_X35_Y37_N21 ; Mux158~2|datad                             ;
;   9.549  ;   0.512 ; FF ; CELL ; 5      ; LABCELL_X35_Y37_N21 ; Mux158~2|combout                           ;
;   9.749  ;   0.200 ; FF ; IC   ; 1      ; LABCELL_X35_Y37_N33 ; u_sched|Equal37~3|dataa                    ;
;   10.318 ;   0.569 ; FR ; CELL ; 1      ; LABCELL_X35_Y37_N33 ; u_sched|Equal37~3|combout                  ;
;   10.646 ;   0.328 ; RR ; IC   ; 1      ; LABCELL_X36_Y37_N24 ; u_sched|Equal37~4|datab                    ;
;   11.228 ;   0.582 ; RR ; CELL ; 1      ; LABCELL_X36_Y37_N24 ; u_sched|Equal37~4|combout                  ;
;   12.082 ;   0.854 ; RR ; IC   ; 1      ; LABCELL_X36_Y36_N54 ; u_sched|Decoder4~1|datac                   ;
;   12.576 ;   0.494 ; RF ; CELL ; 6      ; LABCELL_X36_Y36_N54 ; u_sched|Decoder4~1|combout                 ;
;   13.425 ;   0.849 ; FF ; IC   ; 1      ; LABCELL_X42_Y36_N21 ; u_sched|dead_lim[2][31]~0|dataf            ;
;   13.504 ;   0.079 ; FF ; CELL ; 32     ; LABCELL_X42_Y36_N21 ; u_sched|dead_lim[2][31]~0|combout          ;
;   14.684 ;   1.180 ; FF ; IC   ; 1      ; FF_X42_Y37_N25      ; u_sched|dead_lim[2][26]|ena                ;
;   15.403 ;   0.719 ; FF ; CELL ; 1      ; FF_X42_Y37_N25      ; zhao_cmd_scheduler:u_sched|dead_lim[2][26] ;
+----------+---------+----+------+--------+---------------------+--------------------------------------------+

+-----------------------------------------------------------------------------------------------------------+
; Data Required Path                                                                                        ;
+----------+---------+----+------+--------+--------------------+--------------------------------------------+
; Total    ; Incr    ; RF ; Type ; Fanout ; Location           ; Element                                    ;
+----------+---------+----+------+--------+--------------------+--------------------------------------------+
; 10.000   ; 10.000  ;    ;      ;        ;                    ; latch edge time                            ;
; 15.519   ; 5.519   ;    ;      ;        ;                    ; clock path                                 ;
;   10.000 ;   0.000 ;    ;      ;        ;                    ; source latency                             ;
;   10.000 ;   0.000 ;    ;      ; 1      ; LABCELL_X1_Y36_N48 ; gpu_clk                                    ;
;   10.588 ;   0.588 ; RR ; IC   ; 1      ; CLKCTRL_G2         ; gpu_clk~CLKENA0|inclk                      ;
;   10.883 ;   0.295 ; RR ; CELL ; 9151   ; CLKCTRL_G2         ; gpu_clk~CLKENA0|outclk                     ;
;   12.850 ;   1.967 ; RR ; IC   ; 1      ; FF_X42_Y37_N25     ; u_sched|dead_lim[2][26]|clk                ;
;   13.338 ;   0.488 ; RR ; CELL ; 1      ; FF_X42_Y37_N25     ; zhao_cmd_scheduler:u_sched|dead_lim[2][26] ;
;   15.519 ;   2.181 ;    ;      ;        ;                    ; clock pessimism removed                    ;
; 15.459   ; -0.060  ;    ;      ;        ;                    ; clock uncertainty                          ;
; 15.459   ; 0.000   ;    ; uTsu ; 1      ; FF_X42_Y37_N25     ; zhao_cmd_scheduler:u_sched|dead_lim[2][26] ;
+----------+---------+----+------+--------+--------------------+--------------------------------------------+

----------------------------
; Extra Fitter Information ;
----------------------------
HTML report is unavailable in plain text report export.


Path #72: Setup slack is 0.056 
===============================================================================
+-----------------------------------------------------------------+
; Path Summary                                                    ;
+--------------------+--------------------------------------------+
; Property           ; Value                                      ;
+--------------------+--------------------------------------------+
; From Node          ; rq_rp[0]                                   ;
; To Node            ; zhao_cmd_scheduler:u_sched|dead_lim[2][24] ;
; Launch Clock       ; gpu_clk                                    ;
; Latch Clock        ; gpu_clk                                    ;
; Data Arrival Time  ; 15.403                                     ;
; Data Required Time ; 15.459                                     ;
; Slack              ; 0.056                                      ;
+--------------------+--------------------------------------------+

+------------------------------------------------------------------------------------+
; Statistics                                                                         ;
+------------------------+--------+-------+-------------+------------+-------+-------+
; Property               ; Value  ; Count ; Total Delay ; % of Total ; Min   ; Max   ;
+------------------------+--------+-------+-------------+------------+-------+-------+
; Setup Relationship     ; 10.000 ;       ;             ;            ;       ;       ;
; Clock Skew             ; -0.486 ;       ;             ;            ;       ;       ;
; Data Delay             ; 9.398  ;       ;             ;            ;       ;       ;
; Number of Logic Levels ;        ; 6     ;             ;            ;       ;       ;
; Physical Delays        ;        ;       ;             ;            ;       ;       ;
;  Arrival Path          ;        ;       ;             ;            ;       ;       ;
;   Clock                ;        ;       ;             ;            ;       ;       ;
;    IC                  ;        ; 2     ; 5.100       ; 85         ; 2.357 ; 2.743 ;
;    Cell                ;        ; 2     ; 0.905       ; 15         ; 0.321 ; 0.584 ;
;   Data                 ;        ;       ;             ;            ;       ;       ;
;    IC                  ;        ; 7     ; 5.885       ; 63         ; 0.200 ; 1.695 ;
;    Cell                ;        ; 8     ; 3.513       ; 37         ; 0.000 ; 0.719 ;
;    uTco                ;        ; 1     ; 0.000       ; 0          ; 0.000 ; 0.000 ;
;  Required Path         ;        ;       ;             ;            ;       ;       ;
;   Clock                ;        ;       ;             ;            ;       ;       ;
;    IC                  ;        ; 2     ; 2.555       ; 77         ; 0.588 ; 1.967 ;
;    Cell                ;        ; 2     ; 0.783       ; 23         ; 0.295 ; 0.488 ;
+------------------------+--------+-------+-------------+------------+-------+-------+
Note: Negative delays are omitted from totals when calculating percentages

+------------------------------------------------------------------------------------------------------------+
; Data Arrival Path                                                                                          ;
+----------+---------+----+------+--------+---------------------+--------------------------------------------+
; Total    ; Incr    ; RF ; Type ; Fanout ; Location            ; Element                                    ;
+----------+---------+----+------+--------+---------------------+--------------------------------------------+
; 0.000    ; 0.000   ;    ;      ;        ;                     ; launch edge time                           ;
; 6.005    ; 6.005   ;    ;      ;        ;                     ; clock path                                 ;
;   0.000  ;   0.000 ;    ;      ;        ;                     ; source latency                             ;
;   0.000  ;   0.000 ;    ;      ; 1      ; LABCELL_X1_Y36_N48  ; gpu_clk                                    ;
;   2.743  ;   2.743 ; RR ; IC   ; 1      ; CLKCTRL_G2          ; gpu_clk~CLKENA0|inclk                      ;
;   3.064  ;   0.321 ; RR ; CELL ; 9151   ; CLKCTRL_G2          ; gpu_clk~CLKENA0|outclk                     ;
;   5.421  ;   2.357 ; RR ; IC   ; 1      ; FF_X35_Y36_N46      ; rq_rp[0]|clk                               ;
;   6.005  ;   0.584 ; RR ; CELL ; 1      ; FF_X35_Y36_N46      ; rq_rp[0]                                   ;
; 15.403   ; 9.398   ;    ;      ;        ;                     ; data path                                  ;
;   6.005  ;   0.000 ;    ; uTco ; 1      ; FF_X35_Y36_N46      ; rq_rp[0]                                   ;
;   6.005  ;   0.000 ; FF ; CELL ; 221    ; FF_X35_Y36_N46      ; rq_rp[0]|q                                 ;
;   7.700  ;   1.695 ; FF ; IC   ; 1      ; LABCELL_X31_Y37_N27 ; Mux158~0|datab                             ;
;   8.258  ;   0.558 ; FF ; CELL ; 1      ; LABCELL_X31_Y37_N27 ; Mux158~0|combout                           ;
;   9.037  ;   0.779 ; FF ; IC   ; 1      ; LABCELL_X35_Y37_N21 ; Mux158~2|datad                             ;
;   9.549  ;   0.512 ; FF ; CELL ; 5      ; LABCELL_X35_Y37_N21 ; Mux158~2|combout                           ;
;   9.749  ;   0.200 ; FF ; IC   ; 1      ; LABCELL_X35_Y37_N33 ; u_sched|Equal37~3|dataa                    ;
;   10.318 ;   0.569 ; FR ; CELL ; 1      ; LABCELL_X35_Y37_N33 ; u_sched|Equal37~3|combout                  ;
;   10.646 ;   0.328 ; RR ; IC   ; 1      ; LABCELL_X36_Y37_N24 ; u_sched|Equal37~4|datab                    ;
;   11.228 ;   0.582 ; RR ; CELL ; 1      ; LABCELL_X36_Y37_N24 ; u_sched|Equal37~4|combout                  ;
;   12.082 ;   0.854 ; RR ; IC   ; 1      ; LABCELL_X36_Y36_N54 ; u_sched|Decoder4~1|datac                   ;
;   12.576 ;   0.494 ; RF ; CELL ; 6      ; LABCELL_X36_Y36_N54 ; u_sched|Decoder4~1|combout                 ;
;   13.425 ;   0.849 ; FF ; IC   ; 1      ; LABCELL_X42_Y36_N21 ; u_sched|dead_lim[2][31]~0|dataf            ;
;   13.504 ;   0.079 ; FF ; CELL ; 32     ; LABCELL_X42_Y36_N21 ; u_sched|dead_lim[2][31]~0|combout          ;
;   14.684 ;   1.180 ; FF ; IC   ; 1      ; FF_X42_Y37_N43      ; u_sched|dead_lim[2][24]|ena                ;
;   15.403 ;   0.719 ; FF ; CELL ; 1      ; FF_X42_Y37_N43      ; zhao_cmd_scheduler:u_sched|dead_lim[2][24] ;
+----------+---------+----+------+--------+---------------------+--------------------------------------------+

+-----------------------------------------------------------------------------------------------------------+
; Data Required Path                                                                                        ;
+----------+---------+----+------+--------+--------------------+--------------------------------------------+
; Total    ; Incr    ; RF ; Type ; Fanout ; Location           ; Element                                    ;
+----------+---------+----+------+--------+--------------------+--------------------------------------------+
; 10.000   ; 10.000  ;    ;      ;        ;                    ; latch edge time                            ;
; 15.519   ; 5.519   ;    ;      ;        ;                    ; clock path                                 ;
;   10.000 ;   0.000 ;    ;      ;        ;                    ; source latency                             ;
;   10.000 ;   0.000 ;    ;      ; 1      ; LABCELL_X1_Y36_N48 ; gpu_clk                                    ;
;   10.588 ;   0.588 ; RR ; IC   ; 1      ; CLKCTRL_G2         ; gpu_clk~CLKENA0|inclk                      ;
;   10.883 ;   0.295 ; RR ; CELL ; 9151   ; CLKCTRL_G2         ; gpu_clk~CLKENA0|outclk                     ;
;   12.850 ;   1.967 ; RR ; IC   ; 1      ; FF_X42_Y37_N43     ; u_sched|dead_lim[2][24]|clk                ;
;   13.338 ;   0.488 ; RR ; CELL ; 1      ; FF_X42_Y37_N43     ; zhao_cmd_scheduler:u_sched|dead_lim[2][24] ;
;   15.519 ;   2.181 ;    ;      ;        ;                    ; clock pessimism removed                    ;
; 15.459   ; -0.060  ;    ;      ;        ;                    ; clock uncertainty                          ;
; 15.459   ; 0.000   ;    ; uTsu ; 1      ; FF_X42_Y37_N43     ; zhao_cmd_scheduler:u_sched|dead_lim[2][24] ;
+----------+---------+----+------+--------+--------------------+--------------------------------------------+

----------------------------
; Extra Fitter Information ;
----------------------------
HTML report is unavailable in plain text report export.


Path #73: Setup slack is 0.056 
===============================================================================
+-----------------------------------------------------------------+
; Path Summary                                                    ;
+--------------------+--------------------------------------------+
; Property           ; Value                                      ;
+--------------------+--------------------------------------------+
; From Node          ; rq_rp[0]                                   ;
; To Node            ; zhao_cmd_scheduler:u_sched|dead_lim[2][25] ;
; Launch Clock       ; gpu_clk                                    ;
; Latch Clock        ; gpu_clk                                    ;
; Data Arrival Time  ; 15.403                                     ;
; Data Required Time ; 15.459                                     ;
; Slack              ; 0.056                                      ;
+--------------------+--------------------------------------------+

+------------------------------------------------------------------------------------+
; Statistics                                                                         ;
+------------------------+--------+-------+-------------+------------+-------+-------+
; Property               ; Value  ; Count ; Total Delay ; % of Total ; Min   ; Max   ;
+------------------------+--------+-------+-------------+------------+-------+-------+
; Setup Relationship     ; 10.000 ;       ;             ;            ;       ;       ;
; Clock Skew             ; -0.486 ;       ;             ;            ;       ;       ;
; Data Delay             ; 9.398  ;       ;             ;            ;       ;       ;
; Number of Logic Levels ;        ; 6     ;             ;            ;       ;       ;
; Physical Delays        ;        ;       ;             ;            ;       ;       ;
;  Arrival Path          ;        ;       ;             ;            ;       ;       ;
;   Clock                ;        ;       ;             ;            ;       ;       ;
;    IC                  ;        ; 2     ; 5.100       ; 85         ; 2.357 ; 2.743 ;
;    Cell                ;        ; 2     ; 0.905       ; 15         ; 0.321 ; 0.584 ;
;   Data                 ;        ;       ;             ;            ;       ;       ;
;    IC                  ;        ; 7     ; 5.885       ; 63         ; 0.200 ; 1.695 ;
;    Cell                ;        ; 8     ; 3.513       ; 37         ; 0.000 ; 0.719 ;
;    uTco                ;        ; 1     ; 0.000       ; 0          ; 0.000 ; 0.000 ;
;  Required Path         ;        ;       ;             ;            ;       ;       ;
;   Clock                ;        ;       ;             ;            ;       ;       ;
;    IC                  ;        ; 2     ; 2.555       ; 77         ; 0.588 ; 1.967 ;
;    Cell                ;        ; 2     ; 0.783       ; 23         ; 0.295 ; 0.488 ;
+------------------------+--------+-------+-------------+------------+-------+-------+
Note: Negative delays are omitted from totals when calculating percentages

+------------------------------------------------------------------------------------------------------------+
; Data Arrival Path                                                                                          ;
+----------+---------+----+------+--------+---------------------+--------------------------------------------+
; Total    ; Incr    ; RF ; Type ; Fanout ; Location            ; Element                                    ;
+----------+---------+----+------+--------+---------------------+--------------------------------------------+
; 0.000    ; 0.000   ;    ;      ;        ;                     ; launch edge time                           ;
; 6.005    ; 6.005   ;    ;      ;        ;                     ; clock path                                 ;
;   0.000  ;   0.000 ;    ;      ;        ;                     ; source latency                             ;
;   0.000  ;   0.000 ;    ;      ; 1      ; LABCELL_X1_Y36_N48  ; gpu_clk                                    ;
;   2.743  ;   2.743 ; RR ; IC   ; 1      ; CLKCTRL_G2          ; gpu_clk~CLKENA0|inclk                      ;
;   3.064  ;   0.321 ; RR ; CELL ; 9151   ; CLKCTRL_G2          ; gpu_clk~CLKENA0|outclk                     ;
;   5.421  ;   2.357 ; RR ; IC   ; 1      ; FF_X35_Y36_N46      ; rq_rp[0]|clk                               ;
;   6.005  ;   0.584 ; RR ; CELL ; 1      ; FF_X35_Y36_N46      ; rq_rp[0]                                   ;
; 15.403   ; 9.398   ;    ;      ;        ;                     ; data path                                  ;
;   6.005  ;   0.000 ;    ; uTco ; 1      ; FF_X35_Y36_N46      ; rq_rp[0]                                   ;
;   6.005  ;   0.000 ; FF ; CELL ; 221    ; FF_X35_Y36_N46      ; rq_rp[0]|q                                 ;
;   7.700  ;   1.695 ; FF ; IC   ; 1      ; LABCELL_X31_Y37_N27 ; Mux158~0|datab                             ;
;   8.258  ;   0.558 ; FF ; CELL ; 1      ; LABCELL_X31_Y37_N27 ; Mux158~0|combout                           ;
;   9.037  ;   0.779 ; FF ; IC   ; 1      ; LABCELL_X35_Y37_N21 ; Mux158~2|datad                             ;
;   9.549  ;   0.512 ; FF ; CELL ; 5      ; LABCELL_X35_Y37_N21 ; Mux158~2|combout                           ;
;   9.749  ;   0.200 ; FF ; IC   ; 1      ; LABCELL_X35_Y37_N33 ; u_sched|Equal37~3|dataa                    ;
;   10.318 ;   0.569 ; FR ; CELL ; 1      ; LABCELL_X35_Y37_N33 ; u_sched|Equal37~3|combout                  ;
;   10.646 ;   0.328 ; RR ; IC   ; 1      ; LABCELL_X36_Y37_N24 ; u_sched|Equal37~4|datab                    ;
;   11.228 ;   0.582 ; RR ; CELL ; 1      ; LABCELL_X36_Y37_N24 ; u_sched|Equal37~4|combout                  ;
;   12.082 ;   0.854 ; RR ; IC   ; 1      ; LABCELL_X36_Y36_N54 ; u_sched|Decoder4~1|datac                   ;
;   12.576 ;   0.494 ; RF ; CELL ; 6      ; LABCELL_X36_Y36_N54 ; u_sched|Decoder4~1|combout                 ;
;   13.425 ;   0.849 ; FF ; IC   ; 1      ; LABCELL_X42_Y36_N21 ; u_sched|dead_lim[2][31]~0|dataf            ;
;   13.504 ;   0.079 ; FF ; CELL ; 32     ; LABCELL_X42_Y36_N21 ; u_sched|dead_lim[2][31]~0|combout          ;
;   14.684 ;   1.180 ; FF ; IC   ; 1      ; FF_X42_Y37_N37      ; u_sched|dead_lim[2][25]|ena                ;
;   15.403 ;   0.719 ; FF ; CELL ; 1      ; FF_X42_Y37_N37      ; zhao_cmd_scheduler:u_sched|dead_lim[2][25] ;
+----------+---------+----+------+--------+---------------------+--------------------------------------------+

+-----------------------------------------------------------------------------------------------------------+
; Data Required Path                                                                                        ;
+----------+---------+----+------+--------+--------------------+--------------------------------------------+
; Total    ; Incr    ; RF ; Type ; Fanout ; Location           ; Element                                    ;
+----------+---------+----+------+--------+--------------------+--------------------------------------------+
; 10.000   ; 10.000  ;    ;      ;        ;                    ; latch edge time                            ;
; 15.519   ; 5.519   ;    ;      ;        ;                    ; clock path                                 ;
;   10.000 ;   0.000 ;    ;      ;        ;                    ; source latency                             ;
;   10.000 ;   0.000 ;    ;      ; 1      ; LABCELL_X1_Y36_N48 ; gpu_clk                                    ;
;   10.588 ;   0.588 ; RR ; IC   ; 1      ; CLKCTRL_G2         ; gpu_clk~CLKENA0|inclk                      ;
;   10.883 ;   0.295 ; RR ; CELL ; 9151   ; CLKCTRL_G2         ; gpu_clk~CLKENA0|outclk                     ;
;   12.850 ;   1.967 ; RR ; IC   ; 1      ; FF_X42_Y37_N37     ; u_sched|dead_lim[2][25]|clk                ;
;   13.338 ;   0.488 ; RR ; CELL ; 1      ; FF_X42_Y37_N37     ; zhao_cmd_scheduler:u_sched|dead_lim[2][25] ;
;   15.519 ;   2.181 ;    ;      ;        ;                    ; clock pessimism removed                    ;
; 15.459   ; -0.060  ;    ;      ;        ;                    ; clock uncertainty                          ;
; 15.459   ; 0.000   ;    ; uTsu ; 1      ; FF_X42_Y37_N37     ; zhao_cmd_scheduler:u_sched|dead_lim[2][25] ;
+----------+---------+----+------+--------+--------------------+--------------------------------------------+

----------------------------
; Extra Fitter Information ;
----------------------------
HTML report is unavailable in plain text report export.


Path #74: Setup slack is 0.056 
===============================================================================
+-----------------------------------------------------------------+
; Path Summary                                                    ;
+--------------------+--------------------------------------------+
; Property           ; Value                                      ;
+--------------------+--------------------------------------------+
; From Node          ; rq_rp[0]                                   ;
; To Node            ; zhao_cmd_scheduler:u_sched|dead_lim[2][22] ;
; Launch Clock       ; gpu_clk                                    ;
; Latch Clock        ; gpu_clk                                    ;
; Data Arrival Time  ; 15.403                                     ;
; Data Required Time ; 15.459                                     ;
; Slack              ; 0.056                                      ;
+--------------------+--------------------------------------------+

+------------------------------------------------------------------------------------+
; Statistics                                                                         ;
+------------------------+--------+-------+-------------+------------+-------+-------+
; Property               ; Value  ; Count ; Total Delay ; % of Total ; Min   ; Max   ;
+------------------------+--------+-------+-------------+------------+-------+-------+
; Setup Relationship     ; 10.000 ;       ;             ;            ;       ;       ;
; Clock Skew             ; -0.486 ;       ;             ;            ;       ;       ;
; Data Delay             ; 9.398  ;       ;             ;            ;       ;       ;
; Number of Logic Levels ;        ; 6     ;             ;            ;       ;       ;
; Physical Delays        ;        ;       ;             ;            ;       ;       ;
;  Arrival Path          ;        ;       ;             ;            ;       ;       ;
;   Clock                ;        ;       ;             ;            ;       ;       ;
;    IC                  ;        ; 2     ; 5.100       ; 85         ; 2.357 ; 2.743 ;
;    Cell                ;        ; 2     ; 0.905       ; 15         ; 0.321 ; 0.584 ;
;   Data                 ;        ;       ;             ;            ;       ;       ;
;    IC                  ;        ; 7     ; 5.885       ; 63         ; 0.200 ; 1.695 ;
;    Cell                ;        ; 8     ; 3.513       ; 37         ; 0.000 ; 0.719 ;
;    uTco                ;        ; 1     ; 0.000       ; 0          ; 0.000 ; 0.000 ;
;  Required Path         ;        ;       ;             ;            ;       ;       ;
;   Clock                ;        ;       ;             ;            ;       ;       ;
;    IC                  ;        ; 2     ; 2.555       ; 77         ; 0.588 ; 1.967 ;
;    Cell                ;        ; 2     ; 0.783       ; 23         ; 0.295 ; 0.488 ;
+------------------------+--------+-------+-------------+------------+-------+-------+
Note: Negative delays are omitted from totals when calculating percentages

+------------------------------------------------------------------------------------------------------------+
; Data Arrival Path                                                                                          ;
+----------+---------+----+------+--------+---------------------+--------------------------------------------+
; Total    ; Incr    ; RF ; Type ; Fanout ; Location            ; Element                                    ;
+----------+---------+----+------+--------+---------------------+--------------------------------------------+
; 0.000    ; 0.000   ;    ;      ;        ;                     ; launch edge time                           ;
; 6.005    ; 6.005   ;    ;      ;        ;                     ; clock path                                 ;
;   0.000  ;   0.000 ;    ;      ;        ;                     ; source latency                             ;
;   0.000  ;   0.000 ;    ;      ; 1      ; LABCELL_X1_Y36_N48  ; gpu_clk                                    ;
;   2.743  ;   2.743 ; RR ; IC   ; 1      ; CLKCTRL_G2          ; gpu_clk~CLKENA0|inclk                      ;
;   3.064  ;   0.321 ; RR ; CELL ; 9151   ; CLKCTRL_G2          ; gpu_clk~CLKENA0|outclk                     ;
;   5.421  ;   2.357 ; RR ; IC   ; 1      ; FF_X35_Y36_N46      ; rq_rp[0]|clk                               ;
;   6.005  ;   0.584 ; RR ; CELL ; 1      ; FF_X35_Y36_N46      ; rq_rp[0]                                   ;
; 15.403   ; 9.398   ;    ;      ;        ;                     ; data path                                  ;
;   6.005  ;   0.000 ;    ; uTco ; 1      ; FF_X35_Y36_N46      ; rq_rp[0]                                   ;
;   6.005  ;   0.000 ; FF ; CELL ; 221    ; FF_X35_Y36_N46      ; rq_rp[0]|q                                 ;
;   7.700  ;   1.695 ; FF ; IC   ; 1      ; LABCELL_X31_Y37_N27 ; Mux158~0|datab                             ;
;   8.258  ;   0.558 ; FF ; CELL ; 1      ; LABCELL_X31_Y37_N27 ; Mux158~0|combout                           ;
;   9.037  ;   0.779 ; FF ; IC   ; 1      ; LABCELL_X35_Y37_N21 ; Mux158~2|datad                             ;
;   9.549  ;   0.512 ; FF ; CELL ; 5      ; LABCELL_X35_Y37_N21 ; Mux158~2|combout                           ;
;   9.749  ;   0.200 ; FF ; IC   ; 1      ; LABCELL_X35_Y37_N33 ; u_sched|Equal37~3|dataa                    ;
;   10.318 ;   0.569 ; FR ; CELL ; 1      ; LABCELL_X35_Y37_N33 ; u_sched|Equal37~3|combout                  ;
;   10.646 ;   0.328 ; RR ; IC   ; 1      ; LABCELL_X36_Y37_N24 ; u_sched|Equal37~4|datab                    ;
;   11.228 ;   0.582 ; RR ; CELL ; 1      ; LABCELL_X36_Y37_N24 ; u_sched|Equal37~4|combout                  ;
;   12.082 ;   0.854 ; RR ; IC   ; 1      ; LABCELL_X36_Y36_N54 ; u_sched|Decoder4~1|datac                   ;
;   12.576 ;   0.494 ; RF ; CELL ; 6      ; LABCELL_X36_Y36_N54 ; u_sched|Decoder4~1|combout                 ;
;   13.425 ;   0.849 ; FF ; IC   ; 1      ; LABCELL_X42_Y36_N21 ; u_sched|dead_lim[2][31]~0|dataf            ;
;   13.504 ;   0.079 ; FF ; CELL ; 32     ; LABCELL_X42_Y36_N21 ; u_sched|dead_lim[2][31]~0|combout          ;
;   14.684 ;   1.180 ; FF ; IC   ; 1      ; FF_X42_Y37_N7       ; u_sched|dead_lim[2][22]|ena                ;
;   15.403 ;   0.719 ; FF ; CELL ; 1      ; FF_X42_Y37_N7       ; zhao_cmd_scheduler:u_sched|dead_lim[2][22] ;
+----------+---------+----+------+--------+---------------------+--------------------------------------------+

+-----------------------------------------------------------------------------------------------------------+
; Data Required Path                                                                                        ;
+----------+---------+----+------+--------+--------------------+--------------------------------------------+
; Total    ; Incr    ; RF ; Type ; Fanout ; Location           ; Element                                    ;
+----------+---------+----+------+--------+--------------------+--------------------------------------------+
; 10.000   ; 10.000  ;    ;      ;        ;                    ; latch edge time                            ;
; 15.519   ; 5.519   ;    ;      ;        ;                    ; clock path                                 ;
;   10.000 ;   0.000 ;    ;      ;        ;                    ; source latency                             ;
;   10.000 ;   0.000 ;    ;      ; 1      ; LABCELL_X1_Y36_N48 ; gpu_clk                                    ;
;   10.588 ;   0.588 ; RR ; IC   ; 1      ; CLKCTRL_G2         ; gpu_clk~CLKENA0|inclk                      ;
;   10.883 ;   0.295 ; RR ; CELL ; 9151   ; CLKCTRL_G2         ; gpu_clk~CLKENA0|outclk                     ;
;   12.850 ;   1.967 ; RR ; IC   ; 1      ; FF_X42_Y37_N7      ; u_sched|dead_lim[2][22]|clk                ;
;   13.338 ;   0.488 ; RR ; CELL ; 1      ; FF_X42_Y37_N7      ; zhao_cmd_scheduler:u_sched|dead_lim[2][22] ;
;   15.519 ;   2.181 ;    ;      ;        ;                    ; clock pessimism removed                    ;
; 15.459   ; -0.060  ;    ;      ;        ;                    ; clock uncertainty                          ;
; 15.459   ; 0.000   ;    ; uTsu ; 1      ; FF_X42_Y37_N7      ; zhao_cmd_scheduler:u_sched|dead_lim[2][22] ;
+----------+---------+----+------+--------+--------------------+--------------------------------------------+

----------------------------
; Extra Fitter Information ;
----------------------------
HTML report is unavailable in plain text report export.


Path #75: Setup slack is 0.057 
===============================================================================
+-----------------------------------------------------------------+
; Path Summary                                                    ;
+--------------------+--------------------------------------------+
; Property           ; Value                                      ;
+--------------------+--------------------------------------------+
; From Node          ; rq_rp[0]                                   ;
; To Node            ; zhao_cmd_scheduler:u_sched|dead_lim[2][31] ;
; Launch Clock       ; gpu_clk                                    ;
; Latch Clock        ; gpu_clk                                    ;
; Data Arrival Time  ; 15.404                                     ;
; Data Required Time ; 15.461                                     ;
; Slack              ; 0.057                                      ;
+--------------------+--------------------------------------------+

+------------------------------------------------------------------------------------+
; Statistics                                                                         ;
+------------------------+--------+-------+-------------+------------+-------+-------+
; Property               ; Value  ; Count ; Total Delay ; % of Total ; Min   ; Max   ;
+------------------------+--------+-------+-------------+------------+-------+-------+
; Setup Relationship     ; 10.000 ;       ;             ;            ;       ;       ;
; Clock Skew             ; -0.484 ;       ;             ;            ;       ;       ;
; Data Delay             ; 9.399  ;       ;             ;            ;       ;       ;
; Number of Logic Levels ;        ; 6     ;             ;            ;       ;       ;
; Physical Delays        ;        ;       ;             ;            ;       ;       ;
;  Arrival Path          ;        ;       ;             ;            ;       ;       ;
;   Clock                ;        ;       ;             ;            ;       ;       ;
;    IC                  ;        ; 2     ; 5.100       ; 85         ; 2.357 ; 2.743 ;
;    Cell                ;        ; 2     ; 0.905       ; 15         ; 0.321 ; 0.584 ;
;   Data                 ;        ;       ;             ;            ;       ;       ;
;    IC                  ;        ; 7     ; 5.885       ; 63         ; 0.200 ; 1.695 ;
;    Cell                ;        ; 8     ; 3.514       ; 37         ; 0.000 ; 0.720 ;
;    uTco                ;        ; 1     ; 0.000       ; 0          ; 0.000 ; 0.000 ;
;  Required Path         ;        ;       ;             ;            ;       ;       ;
;   Clock                ;        ;       ;             ;            ;       ;       ;
;    IC                  ;        ; 2     ; 2.555       ; 76         ; 0.588 ; 1.967 ;
;    Cell                ;        ; 2     ; 0.785       ; 24         ; 0.295 ; 0.490 ;
+------------------------+--------+-------+-------------+------------+-------+-------+
Note: Negative delays are omitted from totals when calculating percentages

+------------------------------------------------------------------------------------------------------------+
; Data Arrival Path                                                                                          ;
+----------+---------+----+------+--------+---------------------+--------------------------------------------+
; Total    ; Incr    ; RF ; Type ; Fanout ; Location            ; Element                                    ;
+----------+---------+----+------+--------+---------------------+--------------------------------------------+
; 0.000    ; 0.000   ;    ;      ;        ;                     ; launch edge time                           ;
; 6.005    ; 6.005   ;    ;      ;        ;                     ; clock path                                 ;
;   0.000  ;   0.000 ;    ;      ;        ;                     ; source latency                             ;
;   0.000  ;   0.000 ;    ;      ; 1      ; LABCELL_X1_Y36_N48  ; gpu_clk                                    ;
;   2.743  ;   2.743 ; RR ; IC   ; 1      ; CLKCTRL_G2          ; gpu_clk~CLKENA0|inclk                      ;
;   3.064  ;   0.321 ; RR ; CELL ; 9151   ; CLKCTRL_G2          ; gpu_clk~CLKENA0|outclk                     ;
;   5.421  ;   2.357 ; RR ; IC   ; 1      ; FF_X35_Y36_N46      ; rq_rp[0]|clk                               ;
;   6.005  ;   0.584 ; RR ; CELL ; 1      ; FF_X35_Y36_N46      ; rq_rp[0]                                   ;
; 15.404   ; 9.399   ;    ;      ;        ;                     ; data path                                  ;
;   6.005  ;   0.000 ;    ; uTco ; 1      ; FF_X35_Y36_N46      ; rq_rp[0]                                   ;
;   6.005  ;   0.000 ; FF ; CELL ; 221    ; FF_X35_Y36_N46      ; rq_rp[0]|q                                 ;
;   7.700  ;   1.695 ; FF ; IC   ; 1      ; LABCELL_X31_Y37_N27 ; Mux158~0|datab                             ;
;   8.258  ;   0.558 ; FF ; CELL ; 1      ; LABCELL_X31_Y37_N27 ; Mux158~0|combout                           ;
;   9.037  ;   0.779 ; FF ; IC   ; 1      ; LABCELL_X35_Y37_N21 ; Mux158~2|datad                             ;
;   9.549  ;   0.512 ; FF ; CELL ; 5      ; LABCELL_X35_Y37_N21 ; Mux158~2|combout                           ;
;   9.749  ;   0.200 ; FF ; IC   ; 1      ; LABCELL_X35_Y37_N33 ; u_sched|Equal37~3|dataa                    ;
;   10.318 ;   0.569 ; FR ; CELL ; 1      ; LABCELL_X35_Y37_N33 ; u_sched|Equal37~3|combout                  ;
;   10.646 ;   0.328 ; RR ; IC   ; 1      ; LABCELL_X36_Y37_N24 ; u_sched|Equal37~4|datab                    ;
;   11.228 ;   0.582 ; RR ; CELL ; 1      ; LABCELL_X36_Y37_N24 ; u_sched|Equal37~4|combout                  ;
;   12.082 ;   0.854 ; RR ; IC   ; 1      ; LABCELL_X36_Y36_N54 ; u_sched|Decoder4~1|datac                   ;
;   12.576 ;   0.494 ; RF ; CELL ; 6      ; LABCELL_X36_Y36_N54 ; u_sched|Decoder4~1|combout                 ;
;   13.425 ;   0.849 ; FF ; IC   ; 1      ; LABCELL_X42_Y36_N21 ; u_sched|dead_lim[2][31]~0|dataf            ;
;   13.504 ;   0.079 ; FF ; CELL ; 32     ; LABCELL_X42_Y36_N21 ; u_sched|dead_lim[2][31]~0|combout          ;
;   14.684 ;   1.180 ; FF ; IC   ; 1      ; FF_X42_Y37_N59      ; u_sched|dead_lim[2][31]|ena                ;
;   15.404 ;   0.720 ; FF ; CELL ; 1      ; FF_X42_Y37_N59      ; zhao_cmd_scheduler:u_sched|dead_lim[2][31] ;
+----------+---------+----+------+--------+---------------------+--------------------------------------------+

+-----------------------------------------------------------------------------------------------------------+
; Data Required Path                                                                                        ;
+----------+---------+----+------+--------+--------------------+--------------------------------------------+
; Total    ; Incr    ; RF ; Type ; Fanout ; Location           ; Element                                    ;
+----------+---------+----+------+--------+--------------------+--------------------------------------------+
; 10.000   ; 10.000  ;    ;      ;        ;                    ; latch edge time                            ;
; 15.521   ; 5.521   ;    ;      ;        ;                    ; clock path                                 ;
;   10.000 ;   0.000 ;    ;      ;        ;                    ; source latency                             ;
;   10.000 ;   0.000 ;    ;      ; 1      ; LABCELL_X1_Y36_N48 ; gpu_clk                                    ;
;   10.588 ;   0.588 ; RR ; IC   ; 1      ; CLKCTRL_G2         ; gpu_clk~CLKENA0|inclk                      ;
;   10.883 ;   0.295 ; RR ; CELL ; 9151   ; CLKCTRL_G2         ; gpu_clk~CLKENA0|outclk                     ;
;   12.850 ;   1.967 ; RR ; IC   ; 1      ; FF_X42_Y37_N59     ; u_sched|dead_lim[2][31]|clk                ;
;   13.340 ;   0.490 ; RR ; CELL ; 1      ; FF_X42_Y37_N59     ; zhao_cmd_scheduler:u_sched|dead_lim[2][31] ;
;   15.521 ;   2.181 ;    ;      ;        ;                    ; clock pessimism removed                    ;
; 15.461   ; -0.060  ;    ;      ;        ;                    ; clock uncertainty                          ;
; 15.461   ; 0.000   ;    ; uTsu ; 1      ; FF_X42_Y37_N59     ; zhao_cmd_scheduler:u_sched|dead_lim[2][31] ;
+----------+---------+----+------+--------+--------------------+--------------------------------------------+

----------------------------
; Extra Fitter Information ;
----------------------------
HTML report is unavailable in plain text report export.


Path #76: Setup slack is 0.057 
===============================================================================
+-----------------------------------------------------------------+
; Path Summary                                                    ;
+--------------------+--------------------------------------------+
; Property           ; Value                                      ;
+--------------------+--------------------------------------------+
; From Node          ; rq_rp[0]                                   ;
; To Node            ; zhao_cmd_scheduler:u_sched|dead_lim[2][28] ;
; Launch Clock       ; gpu_clk                                    ;
; Latch Clock        ; gpu_clk                                    ;
; Data Arrival Time  ; 15.404                                     ;
; Data Required Time ; 15.461                                     ;
; Slack              ; 0.057                                      ;
+--------------------+--------------------------------------------+

+------------------------------------------------------------------------------------+
; Statistics                                                                         ;
+------------------------+--------+-------+-------------+------------+-------+-------+
; Property               ; Value  ; Count ; Total Delay ; % of Total ; Min   ; Max   ;
+------------------------+--------+-------+-------------+------------+-------+-------+
; Setup Relationship     ; 10.000 ;       ;             ;            ;       ;       ;
; Clock Skew             ; -0.484 ;       ;             ;            ;       ;       ;
; Data Delay             ; 9.399  ;       ;             ;            ;       ;       ;
; Number of Logic Levels ;        ; 6     ;             ;            ;       ;       ;
; Physical Delays        ;        ;       ;             ;            ;       ;       ;
;  Arrival Path          ;        ;       ;             ;            ;       ;       ;
;   Clock                ;        ;       ;             ;            ;       ;       ;
;    IC                  ;        ; 2     ; 5.100       ; 85         ; 2.357 ; 2.743 ;
;    Cell                ;        ; 2     ; 0.905       ; 15         ; 0.321 ; 0.584 ;
;   Data                 ;        ;       ;             ;            ;       ;       ;
;    IC                  ;        ; 7     ; 5.885       ; 63         ; 0.200 ; 1.695 ;
;    Cell                ;        ; 8     ; 3.514       ; 37         ; 0.000 ; 0.720 ;
;    uTco                ;        ; 1     ; 0.000       ; 0          ; 0.000 ; 0.000 ;
;  Required Path         ;        ;       ;             ;            ;       ;       ;
;   Clock                ;        ;       ;             ;            ;       ;       ;
;    IC                  ;        ; 2     ; 2.555       ; 76         ; 0.588 ; 1.967 ;
;    Cell                ;        ; 2     ; 0.785       ; 24         ; 0.295 ; 0.490 ;
+------------------------+--------+-------+-------------+------------+-------+-------+
Note: Negative delays are omitted from totals when calculating percentages

+------------------------------------------------------------------------------------------------------------+
; Data Arrival Path                                                                                          ;
+----------+---------+----+------+--------+---------------------+--------------------------------------------+
; Total    ; Incr    ; RF ; Type ; Fanout ; Location            ; Element                                    ;
+----------+---------+----+------+--------+---------------------+--------------------------------------------+
; 0.000    ; 0.000   ;    ;      ;        ;                     ; launch edge time                           ;
; 6.005    ; 6.005   ;    ;      ;        ;                     ; clock path                                 ;
;   0.000  ;   0.000 ;    ;      ;        ;                     ; source latency                             ;
;   0.000  ;   0.000 ;    ;      ; 1      ; LABCELL_X1_Y36_N48  ; gpu_clk                                    ;
;   2.743  ;   2.743 ; RR ; IC   ; 1      ; CLKCTRL_G2          ; gpu_clk~CLKENA0|inclk                      ;
;   3.064  ;   0.321 ; RR ; CELL ; 9151   ; CLKCTRL_G2          ; gpu_clk~CLKENA0|outclk                     ;
;   5.421  ;   2.357 ; RR ; IC   ; 1      ; FF_X35_Y36_N46      ; rq_rp[0]|clk                               ;
;   6.005  ;   0.584 ; RR ; CELL ; 1      ; FF_X35_Y36_N46      ; rq_rp[0]                                   ;
; 15.404   ; 9.399   ;    ;      ;        ;                     ; data path                                  ;
;   6.005  ;   0.000 ;    ; uTco ; 1      ; FF_X35_Y36_N46      ; rq_rp[0]                                   ;
;   6.005  ;   0.000 ; FF ; CELL ; 221    ; FF_X35_Y36_N46      ; rq_rp[0]|q                                 ;
;   7.700  ;   1.695 ; FF ; IC   ; 1      ; LABCELL_X31_Y37_N27 ; Mux158~0|datab                             ;
;   8.258  ;   0.558 ; FF ; CELL ; 1      ; LABCELL_X31_Y37_N27 ; Mux158~0|combout                           ;
;   9.037  ;   0.779 ; FF ; IC   ; 1      ; LABCELL_X35_Y37_N21 ; Mux158~2|datad                             ;
;   9.549  ;   0.512 ; FF ; CELL ; 5      ; LABCELL_X35_Y37_N21 ; Mux158~2|combout                           ;
;   9.749  ;   0.200 ; FF ; IC   ; 1      ; LABCELL_X35_Y37_N33 ; u_sched|Equal37~3|dataa                    ;
;   10.318 ;   0.569 ; FR ; CELL ; 1      ; LABCELL_X35_Y37_N33 ; u_sched|Equal37~3|combout                  ;
;   10.646 ;   0.328 ; RR ; IC   ; 1      ; LABCELL_X36_Y37_N24 ; u_sched|Equal37~4|datab                    ;
;   11.228 ;   0.582 ; RR ; CELL ; 1      ; LABCELL_X36_Y37_N24 ; u_sched|Equal37~4|combout                  ;
;   12.082 ;   0.854 ; RR ; IC   ; 1      ; LABCELL_X36_Y36_N54 ; u_sched|Decoder4~1|datac                   ;
;   12.576 ;   0.494 ; RF ; CELL ; 6      ; LABCELL_X36_Y36_N54 ; u_sched|Decoder4~1|combout                 ;
;   13.425 ;   0.849 ; FF ; IC   ; 1      ; LABCELL_X42_Y36_N21 ; u_sched|dead_lim[2][31]~0|dataf            ;
;   13.504 ;   0.079 ; FF ; CELL ; 32     ; LABCELL_X42_Y36_N21 ; u_sched|dead_lim[2][31]~0|combout          ;
;   14.684 ;   1.180 ; FF ; IC   ; 1      ; FF_X42_Y37_N53      ; u_sched|dead_lim[2][28]|ena                ;
;   15.404 ;   0.720 ; FF ; CELL ; 1      ; FF_X42_Y37_N53      ; zhao_cmd_scheduler:u_sched|dead_lim[2][28] ;
+----------+---------+----+------+--------+---------------------+--------------------------------------------+

+-----------------------------------------------------------------------------------------------------------+
; Data Required Path                                                                                        ;
+----------+---------+----+------+--------+--------------------+--------------------------------------------+
; Total    ; Incr    ; RF ; Type ; Fanout ; Location           ; Element                                    ;
+----------+---------+----+------+--------+--------------------+--------------------------------------------+
; 10.000   ; 10.000  ;    ;      ;        ;                    ; latch edge time                            ;
; 15.521   ; 5.521   ;    ;      ;        ;                    ; clock path                                 ;
;   10.000 ;   0.000 ;    ;      ;        ;                    ; source latency                             ;
;   10.000 ;   0.000 ;    ;      ; 1      ; LABCELL_X1_Y36_N48 ; gpu_clk                                    ;
;   10.588 ;   0.588 ; RR ; IC   ; 1      ; CLKCTRL_G2         ; gpu_clk~CLKENA0|inclk                      ;
;   10.883 ;   0.295 ; RR ; CELL ; 9151   ; CLKCTRL_G2         ; gpu_clk~CLKENA0|outclk                     ;
;   12.850 ;   1.967 ; RR ; IC   ; 1      ; FF_X42_Y37_N53     ; u_sched|dead_lim[2][28]|clk                ;
;   13.340 ;   0.490 ; RR ; CELL ; 1      ; FF_X42_Y37_N53     ; zhao_cmd_scheduler:u_sched|dead_lim[2][28] ;
;   15.521 ;   2.181 ;    ;      ;        ;                    ; clock pessimism removed                    ;
; 15.461   ; -0.060  ;    ;      ;        ;                    ; clock uncertainty                          ;
; 15.461   ; 0.000   ;    ; uTsu ; 1      ; FF_X42_Y37_N53     ; zhao_cmd_scheduler:u_sched|dead_lim[2][28] ;
+----------+---------+----+------+--------+--------------------+--------------------------------------------+

----------------------------
; Extra Fitter Information ;
----------------------------
HTML report is unavailable in plain text report export.


Path #77: Setup slack is 0.057 
===============================================================================
+-----------------------------------------------------------------+
; Path Summary                                                    ;
+--------------------+--------------------------------------------+
; Property           ; Value                                      ;
+--------------------+--------------------------------------------+
; From Node          ; rq_rp[0]                                   ;
; To Node            ; zhao_cmd_scheduler:u_sched|dead_lim[2][23] ;
; Launch Clock       ; gpu_clk                                    ;
; Latch Clock        ; gpu_clk                                    ;
; Data Arrival Time  ; 15.398                                     ;
; Data Required Time ; 15.455                                     ;
; Slack              ; 0.057                                      ;
+--------------------+--------------------------------------------+

+------------------------------------------------------------------------------------+
; Statistics                                                                         ;
+------------------------+--------+-------+-------------+------------+-------+-------+
; Property               ; Value  ; Count ; Total Delay ; % of Total ; Min   ; Max   ;
+------------------------+--------+-------+-------------+------------+-------+-------+
; Setup Relationship     ; 10.000 ;       ;             ;            ;       ;       ;
; Clock Skew             ; -0.490 ;       ;             ;            ;       ;       ;
; Data Delay             ; 9.393  ;       ;             ;            ;       ;       ;
; Number of Logic Levels ;        ; 6     ;             ;            ;       ;       ;
; Physical Delays        ;        ;       ;             ;            ;       ;       ;
;  Arrival Path          ;        ;       ;             ;            ;       ;       ;
;   Clock                ;        ;       ;             ;            ;       ;       ;
;    IC                  ;        ; 2     ; 5.100       ; 85         ; 2.357 ; 2.743 ;
;    Cell                ;        ; 2     ; 0.905       ; 15         ; 0.321 ; 0.584 ;
;   Data                 ;        ;       ;             ;            ;       ;       ;
;    IC                  ;        ; 7     ; 5.885       ; 63         ; 0.200 ; 1.695 ;
;    Cell                ;        ; 8     ; 3.508       ; 37         ; 0.000 ; 0.714 ;
;    uTco                ;        ; 1     ; 0.000       ; 0          ; 0.000 ; 0.000 ;
;  Required Path         ;        ;       ;             ;            ;       ;       ;
;   Clock                ;        ;       ;             ;            ;       ;       ;
;    IC                  ;        ; 2     ; 2.555       ; 77         ; 0.588 ; 1.967 ;
;    Cell                ;        ; 2     ; 0.779       ; 23         ; 0.295 ; 0.484 ;
+------------------------+--------+-------+-------------+------------+-------+-------+
Note: Negative delays are omitted from totals when calculating percentages

+------------------------------------------------------------------------------------------------------------+
; Data Arrival Path                                                                                          ;
+----------+---------+----+------+--------+---------------------+--------------------------------------------+
; Total    ; Incr    ; RF ; Type ; Fanout ; Location            ; Element                                    ;
+----------+---------+----+------+--------+---------------------+--------------------------------------------+
; 0.000    ; 0.000   ;    ;      ;        ;                     ; launch edge time                           ;
; 6.005    ; 6.005   ;    ;      ;        ;                     ; clock path                                 ;
;   0.000  ;   0.000 ;    ;      ;        ;                     ; source latency                             ;
;   0.000  ;   0.000 ;    ;      ; 1      ; LABCELL_X1_Y36_N48  ; gpu_clk                                    ;
;   2.743  ;   2.743 ; RR ; IC   ; 1      ; CLKCTRL_G2          ; gpu_clk~CLKENA0|inclk                      ;
;   3.064  ;   0.321 ; RR ; CELL ; 9151   ; CLKCTRL_G2          ; gpu_clk~CLKENA0|outclk                     ;
;   5.421  ;   2.357 ; RR ; IC   ; 1      ; FF_X35_Y36_N46      ; rq_rp[0]|clk                               ;
;   6.005  ;   0.584 ; RR ; CELL ; 1      ; FF_X35_Y36_N46      ; rq_rp[0]                                   ;
; 15.398   ; 9.393   ;    ;      ;        ;                     ; data path                                  ;
;   6.005  ;   0.000 ;    ; uTco ; 1      ; FF_X35_Y36_N46      ; rq_rp[0]                                   ;
;   6.005  ;   0.000 ; FF ; CELL ; 221    ; FF_X35_Y36_N46      ; rq_rp[0]|q                                 ;
;   7.700  ;   1.695 ; FF ; IC   ; 1      ; LABCELL_X31_Y37_N27 ; Mux158~0|datab                             ;
;   8.258  ;   0.558 ; FF ; CELL ; 1      ; LABCELL_X31_Y37_N27 ; Mux158~0|combout                           ;
;   9.037  ;   0.779 ; FF ; IC   ; 1      ; LABCELL_X35_Y37_N21 ; Mux158~2|datad                             ;
;   9.549  ;   0.512 ; FF ; CELL ; 5      ; LABCELL_X35_Y37_N21 ; Mux158~2|combout                           ;
;   9.749  ;   0.200 ; FF ; IC   ; 1      ; LABCELL_X35_Y37_N33 ; u_sched|Equal37~3|dataa                    ;
;   10.318 ;   0.569 ; FR ; CELL ; 1      ; LABCELL_X35_Y37_N33 ; u_sched|Equal37~3|combout                  ;
;   10.646 ;   0.328 ; RR ; IC   ; 1      ; LABCELL_X36_Y37_N24 ; u_sched|Equal37~4|datab                    ;
;   11.228 ;   0.582 ; RR ; CELL ; 1      ; LABCELL_X36_Y37_N24 ; u_sched|Equal37~4|combout                  ;
;   12.082 ;   0.854 ; RR ; IC   ; 1      ; LABCELL_X36_Y36_N54 ; u_sched|Decoder4~1|datac                   ;
;   12.576 ;   0.494 ; RF ; CELL ; 6      ; LABCELL_X36_Y36_N54 ; u_sched|Decoder4~1|combout                 ;
;   13.425 ;   0.849 ; FF ; IC   ; 1      ; LABCELL_X42_Y36_N21 ; u_sched|dead_lim[2][31]~0|dataf            ;
;   13.504 ;   0.079 ; FF ; CELL ; 32     ; LABCELL_X42_Y36_N21 ; u_sched|dead_lim[2][31]~0|combout          ;
;   14.684 ;   1.180 ; FF ; IC   ; 1      ; FF_X42_Y37_N14      ; u_sched|dead_lim[2][23]|ena                ;
;   15.398 ;   0.714 ; FF ; CELL ; 1      ; FF_X42_Y37_N14      ; zhao_cmd_scheduler:u_sched|dead_lim[2][23] ;
+----------+---------+----+------+--------+---------------------+--------------------------------------------+

+-----------------------------------------------------------------------------------------------------------+
; Data Required Path                                                                                        ;
+----------+---------+----+------+--------+--------------------+--------------------------------------------+
; Total    ; Incr    ; RF ; Type ; Fanout ; Location           ; Element                                    ;
+----------+---------+----+------+--------+--------------------+--------------------------------------------+
; 10.000   ; 10.000  ;    ;      ;        ;                    ; latch edge time                            ;
; 15.515   ; 5.515   ;    ;      ;        ;                    ; clock path                                 ;
;   10.000 ;   0.000 ;    ;      ;        ;                    ; source latency                             ;
;   10.000 ;   0.000 ;    ;      ; 1      ; LABCELL_X1_Y36_N48 ; gpu_clk                                    ;
;   10.588 ;   0.588 ; RR ; IC   ; 1      ; CLKCTRL_G2         ; gpu_clk~CLKENA0|inclk                      ;
;   10.883 ;   0.295 ; RR ; CELL ; 9151   ; CLKCTRL_G2         ; gpu_clk~CLKENA0|outclk                     ;
;   12.850 ;   1.967 ; RR ; IC   ; 1      ; FF_X42_Y37_N14     ; u_sched|dead_lim[2][23]|clk                ;
;   13.334 ;   0.484 ; RR ; CELL ; 1      ; FF_X42_Y37_N14     ; zhao_cmd_scheduler:u_sched|dead_lim[2][23] ;
;   15.515 ;   2.181 ;    ;      ;        ;                    ; clock pessimism removed                    ;
; 15.455   ; -0.060  ;    ;      ;        ;                    ; clock uncertainty                          ;
; 15.455   ; 0.000   ;    ; uTsu ; 1      ; FF_X42_Y37_N14     ; zhao_cmd_scheduler:u_sched|dead_lim[2][23] ;
+----------+---------+----+------+--------+--------------------+--------------------------------------------+

----------------------------
; Extra Fitter Information ;
----------------------------
HTML report is unavailable in plain text report export.


Path #78: Setup slack is 0.065 
===============================================================================
+-----------------------------------------------------------------+
; Path Summary                                                    ;
+--------------------+--------------------------------------------+
; Property           ; Value                                      ;
+--------------------+--------------------------------------------+
; From Node          ; rq_rp[0]                                   ;
; To Node            ; zhao_cmd_scheduler:u_sched|dead_lim[2][13] ;
; Launch Clock       ; gpu_clk                                    ;
; Latch Clock        ; gpu_clk                                    ;
; Data Arrival Time  ; 15.440                                     ;
; Data Required Time ; 15.505                                     ;
; Slack              ; 0.065                                      ;
+--------------------+--------------------------------------------+

+------------------------------------------------------------------------------------+
; Statistics                                                                         ;
+------------------------+--------+-------+-------------+------------+-------+-------+
; Property               ; Value  ; Count ; Total Delay ; % of Total ; Min   ; Max   ;
+------------------------+--------+-------+-------------+------------+-------+-------+
; Setup Relationship     ; 10.000 ;       ;             ;            ;       ;       ;
; Clock Skew             ; -0.440 ;       ;             ;            ;       ;       ;
; Data Delay             ; 9.435  ;       ;             ;            ;       ;       ;
; Number of Logic Levels ;        ; 6     ;             ;            ;       ;       ;
; Physical Delays        ;        ;       ;             ;            ;       ;       ;
;  Arrival Path          ;        ;       ;             ;            ;       ;       ;
;   Clock                ;        ;       ;             ;            ;       ;       ;
;    IC                  ;        ; 2     ; 5.100       ; 85         ; 2.357 ; 2.743 ;
;    Cell                ;        ; 2     ; 0.905       ; 15         ; 0.321 ; 0.584 ;
;   Data                 ;        ;       ;             ;            ;       ;       ;
;    IC                  ;        ; 7     ; 5.842       ; 62         ; 0.215 ; 1.695 ;
;    Cell                ;        ; 8     ; 3.593       ; 38         ; 0.000 ; 0.917 ;
;    uTco                ;        ; 1     ; 0.000       ; 0          ; 0.000 ; 0.000 ;
;  Required Path         ;        ;       ;             ;            ;       ;       ;
;   Clock                ;        ;       ;             ;            ;       ;       ;
;    IC                  ;        ; 2     ; 2.605       ; 77         ; 0.588 ; 2.017 ;
;    Cell                ;        ; 2     ; 0.779       ; 23         ; 0.295 ; 0.484 ;
+------------------------+--------+-------+-------------+------------+-------+-------+
Note: Negative delays are omitted from totals when calculating percentages

+------------------------------------------------------------------------------------------------------------+
; Data Arrival Path                                                                                          ;
+----------+---------+----+------+--------+---------------------+--------------------------------------------+
; Total    ; Incr    ; RF ; Type ; Fanout ; Location            ; Element                                    ;
+----------+---------+----+------+--------+---------------------+--------------------------------------------+
; 0.000    ; 0.000   ;    ;      ;        ;                     ; launch edge time                           ;
; 6.005    ; 6.005   ;    ;      ;        ;                     ; clock path                                 ;
;   0.000  ;   0.000 ;    ;      ;        ;                     ; source latency                             ;
;   0.000  ;   0.000 ;    ;      ; 1      ; LABCELL_X1_Y36_N48  ; gpu_clk                                    ;
;   2.743  ;   2.743 ; RR ; IC   ; 1      ; CLKCTRL_G2          ; gpu_clk~CLKENA0|inclk                      ;
;   3.064  ;   0.321 ; RR ; CELL ; 9151   ; CLKCTRL_G2          ; gpu_clk~CLKENA0|outclk                     ;
;   5.421  ;   2.357 ; RR ; IC   ; 1      ; FF_X35_Y36_N46      ; rq_rp[0]|clk                               ;
;   6.005  ;   0.584 ; RR ; CELL ; 1      ; FF_X35_Y36_N46      ; rq_rp[0]                                   ;
; 15.440   ; 9.435   ;    ;      ;        ;                     ; data path                                  ;
;   6.005  ;   0.000 ;    ; uTco ; 1      ; FF_X35_Y36_N46      ; rq_rp[0]                                   ;
;   6.005  ;   0.000 ; FF ; CELL ; 221    ; FF_X35_Y36_N46      ; rq_rp[0]|q                                 ;
;   7.700  ;   1.695 ; FF ; IC   ; 1      ; LABCELL_X31_Y37_N27 ; Mux158~0|datab                             ;
;   8.273  ;   0.573 ; FR ; CELL ; 1      ; LABCELL_X31_Y37_N27 ; Mux158~0|combout                           ;
;   8.958  ;   0.685 ; RR ; IC   ; 1      ; LABCELL_X35_Y37_N21 ; Mux158~2|datad                             ;
;   9.390  ;   0.432 ; RR ; CELL ; 5      ; LABCELL_X35_Y37_N21 ; Mux158~2|combout                           ;
;   9.605  ;   0.215 ; RR ; IC   ; 1      ; LABCELL_X35_Y37_N33 ; u_sched|Equal37~3|dataa                    ;
;   10.192 ;   0.587 ; RF ; CELL ; 1      ; LABCELL_X35_Y37_N33 ; u_sched|Equal37~3|combout                  ;
;   10.514 ;   0.322 ; FF ; IC   ; 1      ; LABCELL_X36_Y37_N24 ; u_sched|Equal37~4|datab                    ;
;   11.073 ;   0.559 ; FF ; CELL ; 1      ; LABCELL_X36_Y37_N24 ; u_sched|Equal37~4|combout                  ;
;   12.104 ;   1.031 ; FF ; IC   ; 1      ; LABCELL_X36_Y36_N54 ; u_sched|Decoder4~1|datac                   ;
;   12.543 ;   0.439 ; FR ; CELL ; 6      ; LABCELL_X36_Y36_N54 ; u_sched|Decoder4~1|combout                 ;
;   13.277 ;   0.734 ; RR ; IC   ; 1      ; LABCELL_X42_Y36_N0  ; u_sched|Decoder4~2|dataf                   ;
;   13.363 ;   0.086 ; RR ; CELL ; 32     ; LABCELL_X42_Y36_N0  ; u_sched|Decoder4~2|combout                 ;
;   14.523 ;   1.160 ; RR ; IC   ; 1      ; FF_X42_Y38_N20      ; u_sched|dead_lim[2][13]|sclr               ;
;   15.440 ;   0.917 ; RR ; CELL ; 1      ; FF_X42_Y38_N20      ; zhao_cmd_scheduler:u_sched|dead_lim[2][13] ;
+----------+---------+----+------+--------+---------------------+--------------------------------------------+

+-----------------------------------------------------------------------------------------------------------+
; Data Required Path                                                                                        ;
+----------+---------+----+------+--------+--------------------+--------------------------------------------+
; Total    ; Incr    ; RF ; Type ; Fanout ; Location           ; Element                                    ;
+----------+---------+----+------+--------+--------------------+--------------------------------------------+
; 10.000   ; 10.000  ;    ;      ;        ;                    ; latch edge time                            ;
; 15.565   ; 5.565   ;    ;      ;        ;                    ; clock path                                 ;
;   10.000 ;   0.000 ;    ;      ;        ;                    ; source latency                             ;
;   10.000 ;   0.000 ;    ;      ; 1      ; LABCELL_X1_Y36_N48 ; gpu_clk                                    ;
;   10.588 ;   0.588 ; RR ; IC   ; 1      ; CLKCTRL_G2         ; gpu_clk~CLKENA0|inclk                      ;
;   10.883 ;   0.295 ; RR ; CELL ; 9151   ; CLKCTRL_G2         ; gpu_clk~CLKENA0|outclk                     ;
;   12.900 ;   2.017 ; RR ; IC   ; 1      ; FF_X42_Y38_N20     ; u_sched|dead_lim[2][13]|clk                ;
;   13.384 ;   0.484 ; RR ; CELL ; 1      ; FF_X42_Y38_N20     ; zhao_cmd_scheduler:u_sched|dead_lim[2][13] ;
;   15.565 ;   2.181 ;    ;      ;        ;                    ; clock pessimism removed                    ;
; 15.505   ; -0.060  ;    ;      ;        ;                    ; clock uncertainty                          ;
; 15.505   ; 0.000   ;    ; uTsu ; 1      ; FF_X42_Y38_N20     ; zhao_cmd_scheduler:u_sched|dead_lim[2][13] ;
+----------+---------+----+------+--------+--------------------+--------------------------------------------+

----------------------------
; Extra Fitter Information ;
----------------------------
HTML report is unavailable in plain text report export.


Path #79: Setup slack is 0.065 
===============================================================================
+----------------------------------------------------------------+
; Path Summary                                                   ;
+--------------------+-------------------------------------------+
; Property           ; Value                                     ;
+--------------------+-------------------------------------------+
; From Node          ; rq_rp[0]                                  ;
; To Node            ; zhao_cmd_scheduler:u_sched|dead_lim[2][4] ;
; Launch Clock       ; gpu_clk                                   ;
; Latch Clock        ; gpu_clk                                   ;
; Data Arrival Time  ; 15.440                                    ;
; Data Required Time ; 15.505                                    ;
; Slack              ; 0.065                                     ;
+--------------------+-------------------------------------------+

+------------------------------------------------------------------------------------+
; Statistics                                                                         ;
+------------------------+--------+-------+-------------+------------+-------+-------+
; Property               ; Value  ; Count ; Total Delay ; % of Total ; Min   ; Max   ;
+------------------------+--------+-------+-------------+------------+-------+-------+
; Setup Relationship     ; 10.000 ;       ;             ;            ;       ;       ;
; Clock Skew             ; -0.440 ;       ;             ;            ;       ;       ;
; Data Delay             ; 9.435  ;       ;             ;            ;       ;       ;
; Number of Logic Levels ;        ; 6     ;             ;            ;       ;       ;
; Physical Delays        ;        ;       ;             ;            ;       ;       ;
;  Arrival Path          ;        ;       ;             ;            ;       ;       ;
;   Clock                ;        ;       ;             ;            ;       ;       ;
;    IC                  ;        ; 2     ; 5.100       ; 85         ; 2.357 ; 2.743 ;
;    Cell                ;        ; 2     ; 0.905       ; 15         ; 0.321 ; 0.584 ;
;   Data                 ;        ;       ;             ;            ;       ;       ;
;    IC                  ;        ; 7     ; 5.842       ; 62         ; 0.215 ; 1.695 ;
;    Cell                ;        ; 8     ; 3.593       ; 38         ; 0.000 ; 0.917 ;
;    uTco                ;        ; 1     ; 0.000       ; 0          ; 0.000 ; 0.000 ;
;  Required Path         ;        ;       ;             ;            ;       ;       ;
;   Clock                ;        ;       ;             ;            ;       ;       ;
;    IC                  ;        ; 2     ; 2.605       ; 77         ; 0.588 ; 2.017 ;
;    Cell                ;        ; 2     ; 0.779       ; 23         ; 0.295 ; 0.484 ;
+------------------------+--------+-------+-------------+------------+-------+-------+
Note: Negative delays are omitted from totals when calculating percentages

+-----------------------------------------------------------------------------------------------------------+
; Data Arrival Path                                                                                         ;
+----------+---------+----+------+--------+---------------------+-------------------------------------------+
; Total    ; Incr    ; RF ; Type ; Fanout ; Location            ; Element                                   ;
+----------+---------+----+------+--------+---------------------+-------------------------------------------+
; 0.000    ; 0.000   ;    ;      ;        ;                     ; launch edge time                          ;
; 6.005    ; 6.005   ;    ;      ;        ;                     ; clock path                                ;
;   0.000  ;   0.000 ;    ;      ;        ;                     ; source latency                            ;
;   0.000  ;   0.000 ;    ;      ; 1      ; LABCELL_X1_Y36_N48  ; gpu_clk                                   ;
;   2.743  ;   2.743 ; RR ; IC   ; 1      ; CLKCTRL_G2          ; gpu_clk~CLKENA0|inclk                     ;
;   3.064  ;   0.321 ; RR ; CELL ; 9151   ; CLKCTRL_G2          ; gpu_clk~CLKENA0|outclk                    ;
;   5.421  ;   2.357 ; RR ; IC   ; 1      ; FF_X35_Y36_N46      ; rq_rp[0]|clk                              ;
;   6.005  ;   0.584 ; RR ; CELL ; 1      ; FF_X35_Y36_N46      ; rq_rp[0]                                  ;
; 15.440   ; 9.435   ;    ;      ;        ;                     ; data path                                 ;
;   6.005  ;   0.000 ;    ; uTco ; 1      ; FF_X35_Y36_N46      ; rq_rp[0]                                  ;
;   6.005  ;   0.000 ; FF ; CELL ; 221    ; FF_X35_Y36_N46      ; rq_rp[0]|q                                ;
;   7.700  ;   1.695 ; FF ; IC   ; 1      ; LABCELL_X31_Y37_N27 ; Mux158~0|datab                            ;
;   8.273  ;   0.573 ; FR ; CELL ; 1      ; LABCELL_X31_Y37_N27 ; Mux158~0|combout                          ;
;   8.958  ;   0.685 ; RR ; IC   ; 1      ; LABCELL_X35_Y37_N21 ; Mux158~2|datad                            ;
;   9.390  ;   0.432 ; RR ; CELL ; 5      ; LABCELL_X35_Y37_N21 ; Mux158~2|combout                          ;
;   9.605  ;   0.215 ; RR ; IC   ; 1      ; LABCELL_X35_Y37_N33 ; u_sched|Equal37~3|dataa                   ;
;   10.192 ;   0.587 ; RF ; CELL ; 1      ; LABCELL_X35_Y37_N33 ; u_sched|Equal37~3|combout                 ;
;   10.514 ;   0.322 ; FF ; IC   ; 1      ; LABCELL_X36_Y37_N24 ; u_sched|Equal37~4|datab                   ;
;   11.073 ;   0.559 ; FF ; CELL ; 1      ; LABCELL_X36_Y37_N24 ; u_sched|Equal37~4|combout                 ;
;   12.104 ;   1.031 ; FF ; IC   ; 1      ; LABCELL_X36_Y36_N54 ; u_sched|Decoder4~1|datac                  ;
;   12.543 ;   0.439 ; FR ; CELL ; 6      ; LABCELL_X36_Y36_N54 ; u_sched|Decoder4~1|combout                ;
;   13.277 ;   0.734 ; RR ; IC   ; 1      ; LABCELL_X42_Y36_N0  ; u_sched|Decoder4~2|dataf                  ;
;   13.363 ;   0.086 ; RR ; CELL ; 32     ; LABCELL_X42_Y36_N0  ; u_sched|Decoder4~2|combout                ;
;   14.523 ;   1.160 ; RR ; IC   ; 1      ; FF_X42_Y38_N14      ; u_sched|dead_lim[2][4]|sclr               ;
;   15.440 ;   0.917 ; RR ; CELL ; 1      ; FF_X42_Y38_N14      ; zhao_cmd_scheduler:u_sched|dead_lim[2][4] ;
+----------+---------+----+------+--------+---------------------+-------------------------------------------+

+----------------------------------------------------------------------------------------------------------+
; Data Required Path                                                                                       ;
+----------+---------+----+------+--------+--------------------+-------------------------------------------+
; Total    ; Incr    ; RF ; Type ; Fanout ; Location           ; Element                                   ;
+----------+---------+----+------+--------+--------------------+-------------------------------------------+
; 10.000   ; 10.000  ;    ;      ;        ;                    ; latch edge time                           ;
; 15.565   ; 5.565   ;    ;      ;        ;                    ; clock path                                ;
;   10.000 ;   0.000 ;    ;      ;        ;                    ; source latency                            ;
;   10.000 ;   0.000 ;    ;      ; 1      ; LABCELL_X1_Y36_N48 ; gpu_clk                                   ;
;   10.588 ;   0.588 ; RR ; IC   ; 1      ; CLKCTRL_G2         ; gpu_clk~CLKENA0|inclk                     ;
;   10.883 ;   0.295 ; RR ; CELL ; 9151   ; CLKCTRL_G2         ; gpu_clk~CLKENA0|outclk                    ;
;   12.900 ;   2.017 ; RR ; IC   ; 1      ; FF_X42_Y38_N14     ; u_sched|dead_lim[2][4]|clk                ;
;   13.384 ;   0.484 ; RR ; CELL ; 1      ; FF_X42_Y38_N14     ; zhao_cmd_scheduler:u_sched|dead_lim[2][4] ;
;   15.565 ;   2.181 ;    ;      ;        ;                    ; clock pessimism removed                   ;
; 15.505   ; -0.060  ;    ;      ;        ;                    ; clock uncertainty                         ;
; 15.505   ; 0.000   ;    ; uTsu ; 1      ; FF_X42_Y38_N14     ; zhao_cmd_scheduler:u_sched|dead_lim[2][4] ;
+----------+---------+----+------+--------+--------------------+-------------------------------------------+

----------------------------
; Extra Fitter Information ;
----------------------------
HTML report is unavailable in plain text report export.


Path #80: Setup slack is 0.065 
===============================================================================
+----------------------------------------------------------------+
; Path Summary                                                   ;
+--------------------+-------------------------------------------+
; Property           ; Value                                     ;
+--------------------+-------------------------------------------+
; From Node          ; rq_rp[0]                                  ;
; To Node            ; zhao_cmd_scheduler:u_sched|dead_lim[2][0] ;
; Launch Clock       ; gpu_clk                                   ;
; Latch Clock        ; gpu_clk                                   ;
; Data Arrival Time  ; 15.440                                    ;
; Data Required Time ; 15.505                                    ;
; Slack              ; 0.065                                     ;
+--------------------+-------------------------------------------+

+------------------------------------------------------------------------------------+
; Statistics                                                                         ;
+------------------------+--------+-------+-------------+------------+-------+-------+
; Property               ; Value  ; Count ; Total Delay ; % of Total ; Min   ; Max   ;
+------------------------+--------+-------+-------------+------------+-------+-------+
; Setup Relationship     ; 10.000 ;       ;             ;            ;       ;       ;
; Clock Skew             ; -0.440 ;       ;             ;            ;       ;       ;
; Data Delay             ; 9.435  ;       ;             ;            ;       ;       ;
; Number of Logic Levels ;        ; 6     ;             ;            ;       ;       ;
; Physical Delays        ;        ;       ;             ;            ;       ;       ;
;  Arrival Path          ;        ;       ;             ;            ;       ;       ;
;   Clock                ;        ;       ;             ;            ;       ;       ;
;    IC                  ;        ; 2     ; 5.100       ; 85         ; 2.357 ; 2.743 ;
;    Cell                ;        ; 2     ; 0.905       ; 15         ; 0.321 ; 0.584 ;
;   Data                 ;        ;       ;             ;            ;       ;       ;
;    IC                  ;        ; 7     ; 5.842       ; 62         ; 0.215 ; 1.695 ;
;    Cell                ;        ; 8     ; 3.593       ; 38         ; 0.000 ; 0.917 ;
;    uTco                ;        ; 1     ; 0.000       ; 0          ; 0.000 ; 0.000 ;
;  Required Path         ;        ;       ;             ;            ;       ;       ;
;   Clock                ;        ;       ;             ;            ;       ;       ;
;    IC                  ;        ; 2     ; 2.605       ; 77         ; 0.588 ; 2.017 ;
;    Cell                ;        ; 2     ; 0.779       ; 23         ; 0.295 ; 0.484 ;
+------------------------+--------+-------+-------------+------------+-------+-------+
Note: Negative delays are omitted from totals when calculating percentages

+-----------------------------------------------------------------------------------------------------------+
; Data Arrival Path                                                                                         ;
+----------+---------+----+------+--------+---------------------+-------------------------------------------+
; Total    ; Incr    ; RF ; Type ; Fanout ; Location            ; Element                                   ;
+----------+---------+----+------+--------+---------------------+-------------------------------------------+
; 0.000    ; 0.000   ;    ;      ;        ;                     ; launch edge time                          ;
; 6.005    ; 6.005   ;    ;      ;        ;                     ; clock path                                ;
;   0.000  ;   0.000 ;    ;      ;        ;                     ; source latency                            ;
;   0.000  ;   0.000 ;    ;      ; 1      ; LABCELL_X1_Y36_N48  ; gpu_clk                                   ;
;   2.743  ;   2.743 ; RR ; IC   ; 1      ; CLKCTRL_G2          ; gpu_clk~CLKENA0|inclk                     ;
;   3.064  ;   0.321 ; RR ; CELL ; 9151   ; CLKCTRL_G2          ; gpu_clk~CLKENA0|outclk                    ;
;   5.421  ;   2.357 ; RR ; IC   ; 1      ; FF_X35_Y36_N46      ; rq_rp[0]|clk                              ;
;   6.005  ;   0.584 ; RR ; CELL ; 1      ; FF_X35_Y36_N46      ; rq_rp[0]                                  ;
; 15.440   ; 9.435   ;    ;      ;        ;                     ; data path                                 ;
;   6.005  ;   0.000 ;    ; uTco ; 1      ; FF_X35_Y36_N46      ; rq_rp[0]                                  ;
;   6.005  ;   0.000 ; FF ; CELL ; 221    ; FF_X35_Y36_N46      ; rq_rp[0]|q                                ;
;   7.700  ;   1.695 ; FF ; IC   ; 1      ; LABCELL_X31_Y37_N27 ; Mux158~0|datab                            ;
;   8.273  ;   0.573 ; FR ; CELL ; 1      ; LABCELL_X31_Y37_N27 ; Mux158~0|combout                          ;
;   8.958  ;   0.685 ; RR ; IC   ; 1      ; LABCELL_X35_Y37_N21 ; Mux158~2|datad                            ;
;   9.390  ;   0.432 ; RR ; CELL ; 5      ; LABCELL_X35_Y37_N21 ; Mux158~2|combout                          ;
;   9.605  ;   0.215 ; RR ; IC   ; 1      ; LABCELL_X35_Y37_N33 ; u_sched|Equal37~3|dataa                   ;
;   10.192 ;   0.587 ; RF ; CELL ; 1      ; LABCELL_X35_Y37_N33 ; u_sched|Equal37~3|combout                 ;
;   10.514 ;   0.322 ; FF ; IC   ; 1      ; LABCELL_X36_Y37_N24 ; u_sched|Equal37~4|datab                   ;
;   11.073 ;   0.559 ; FF ; CELL ; 1      ; LABCELL_X36_Y37_N24 ; u_sched|Equal37~4|combout                 ;
;   12.104 ;   1.031 ; FF ; IC   ; 1      ; LABCELL_X36_Y36_N54 ; u_sched|Decoder4~1|datac                  ;
;   12.543 ;   0.439 ; FR ; CELL ; 6      ; LABCELL_X36_Y36_N54 ; u_sched|Decoder4~1|combout                ;
;   13.277 ;   0.734 ; RR ; IC   ; 1      ; LABCELL_X42_Y36_N0  ; u_sched|Decoder4~2|dataf                  ;
;   13.363 ;   0.086 ; RR ; CELL ; 32     ; LABCELL_X42_Y36_N0  ; u_sched|Decoder4~2|combout                ;
;   14.523 ;   1.160 ; RR ; IC   ; 1      ; FF_X42_Y38_N50      ; u_sched|dead_lim[2][0]|sclr               ;
;   15.440 ;   0.917 ; RR ; CELL ; 1      ; FF_X42_Y38_N50      ; zhao_cmd_scheduler:u_sched|dead_lim[2][0] ;
+----------+---------+----+------+--------+---------------------+-------------------------------------------+

+----------------------------------------------------------------------------------------------------------+
; Data Required Path                                                                                       ;
+----------+---------+----+------+--------+--------------------+-------------------------------------------+
; Total    ; Incr    ; RF ; Type ; Fanout ; Location           ; Element                                   ;
+----------+---------+----+------+--------+--------------------+-------------------------------------------+
; 10.000   ; 10.000  ;    ;      ;        ;                    ; latch edge time                           ;
; 15.565   ; 5.565   ;    ;      ;        ;                    ; clock path                                ;
;   10.000 ;   0.000 ;    ;      ;        ;                    ; source latency                            ;
;   10.000 ;   0.000 ;    ;      ; 1      ; LABCELL_X1_Y36_N48 ; gpu_clk                                   ;
;   10.588 ;   0.588 ; RR ; IC   ; 1      ; CLKCTRL_G2         ; gpu_clk~CLKENA0|inclk                     ;
;   10.883 ;   0.295 ; RR ; CELL ; 9151   ; CLKCTRL_G2         ; gpu_clk~CLKENA0|outclk                    ;
;   12.900 ;   2.017 ; RR ; IC   ; 1      ; FF_X42_Y38_N50     ; u_sched|dead_lim[2][0]|clk                ;
;   13.384 ;   0.484 ; RR ; CELL ; 1      ; FF_X42_Y38_N50     ; zhao_cmd_scheduler:u_sched|dead_lim[2][0] ;
;   15.565 ;   2.181 ;    ;      ;        ;                    ; clock pessimism removed                   ;
; 15.505   ; -0.060  ;    ;      ;        ;                    ; clock uncertainty                         ;
; 15.505   ; 0.000   ;    ; uTsu ; 1      ; FF_X42_Y38_N50     ; zhao_cmd_scheduler:u_sched|dead_lim[2][0] ;
+----------+---------+----+------+--------+--------------------+-------------------------------------------+

----------------------------
; Extra Fitter Information ;
----------------------------
HTML report is unavailable in plain text report export.


Path #81: Setup slack is 0.065 
===============================================================================
+----------------------------------------------------------------+
; Path Summary                                                   ;
+--------------------+-------------------------------------------+
; Property           ; Value                                     ;
+--------------------+-------------------------------------------+
; From Node          ; rq_rp[0]                                  ;
; To Node            ; zhao_cmd_scheduler:u_sched|dead_lim[2][3] ;
; Launch Clock       ; gpu_clk                                   ;
; Latch Clock        ; gpu_clk                                   ;
; Data Arrival Time  ; 15.440                                    ;
; Data Required Time ; 15.505                                    ;
; Slack              ; 0.065                                     ;
+--------------------+-------------------------------------------+

+------------------------------------------------------------------------------------+
; Statistics                                                                         ;
+------------------------+--------+-------+-------------+------------+-------+-------+
; Property               ; Value  ; Count ; Total Delay ; % of Total ; Min   ; Max   ;
+------------------------+--------+-------+-------------+------------+-------+-------+
; Setup Relationship     ; 10.000 ;       ;             ;            ;       ;       ;
; Clock Skew             ; -0.440 ;       ;             ;            ;       ;       ;
; Data Delay             ; 9.435  ;       ;             ;            ;       ;       ;
; Number of Logic Levels ;        ; 6     ;             ;            ;       ;       ;
; Physical Delays        ;        ;       ;             ;            ;       ;       ;
;  Arrival Path          ;        ;       ;             ;            ;       ;       ;
;   Clock                ;        ;       ;             ;            ;       ;       ;
;    IC                  ;        ; 2     ; 5.100       ; 85         ; 2.357 ; 2.743 ;
;    Cell                ;        ; 2     ; 0.905       ; 15         ; 0.321 ; 0.584 ;
;   Data                 ;        ;       ;             ;            ;       ;       ;
;    IC                  ;        ; 7     ; 5.842       ; 62         ; 0.215 ; 1.695 ;
;    Cell                ;        ; 8     ; 3.593       ; 38         ; 0.000 ; 0.917 ;
;    uTco                ;        ; 1     ; 0.000       ; 0          ; 0.000 ; 0.000 ;
;  Required Path         ;        ;       ;             ;            ;       ;       ;
;   Clock                ;        ;       ;             ;            ;       ;       ;
;    IC                  ;        ; 2     ; 2.605       ; 77         ; 0.588 ; 2.017 ;
;    Cell                ;        ; 2     ; 0.779       ; 23         ; 0.295 ; 0.484 ;
+------------------------+--------+-------+-------------+------------+-------+-------+
Note: Negative delays are omitted from totals when calculating percentages

+-----------------------------------------------------------------------------------------------------------+
; Data Arrival Path                                                                                         ;
+----------+---------+----+------+--------+---------------------+-------------------------------------------+
; Total    ; Incr    ; RF ; Type ; Fanout ; Location            ; Element                                   ;
+----------+---------+----+------+--------+---------------------+-------------------------------------------+
; 0.000    ; 0.000   ;    ;      ;        ;                     ; launch edge time                          ;
; 6.005    ; 6.005   ;    ;      ;        ;                     ; clock path                                ;
;   0.000  ;   0.000 ;    ;      ;        ;                     ; source latency                            ;
;   0.000  ;   0.000 ;    ;      ; 1      ; LABCELL_X1_Y36_N48  ; gpu_clk                                   ;
;   2.743  ;   2.743 ; RR ; IC   ; 1      ; CLKCTRL_G2          ; gpu_clk~CLKENA0|inclk                     ;
;   3.064  ;   0.321 ; RR ; CELL ; 9151   ; CLKCTRL_G2          ; gpu_clk~CLKENA0|outclk                    ;
;   5.421  ;   2.357 ; RR ; IC   ; 1      ; FF_X35_Y36_N46      ; rq_rp[0]|clk                              ;
;   6.005  ;   0.584 ; RR ; CELL ; 1      ; FF_X35_Y36_N46      ; rq_rp[0]                                  ;
; 15.440   ; 9.435   ;    ;      ;        ;                     ; data path                                 ;
;   6.005  ;   0.000 ;    ; uTco ; 1      ; FF_X35_Y36_N46      ; rq_rp[0]                                  ;
;   6.005  ;   0.000 ; FF ; CELL ; 221    ; FF_X35_Y36_N46      ; rq_rp[0]|q                                ;
;   7.700  ;   1.695 ; FF ; IC   ; 1      ; LABCELL_X31_Y37_N27 ; Mux158~0|datab                            ;
;   8.273  ;   0.573 ; FR ; CELL ; 1      ; LABCELL_X31_Y37_N27 ; Mux158~0|combout                          ;
;   8.958  ;   0.685 ; RR ; IC   ; 1      ; LABCELL_X35_Y37_N21 ; Mux158~2|datad                            ;
;   9.390  ;   0.432 ; RR ; CELL ; 5      ; LABCELL_X35_Y37_N21 ; Mux158~2|combout                          ;
;   9.605  ;   0.215 ; RR ; IC   ; 1      ; LABCELL_X35_Y37_N33 ; u_sched|Equal37~3|dataa                   ;
;   10.192 ;   0.587 ; RF ; CELL ; 1      ; LABCELL_X35_Y37_N33 ; u_sched|Equal37~3|combout                 ;
;   10.514 ;   0.322 ; FF ; IC   ; 1      ; LABCELL_X36_Y37_N24 ; u_sched|Equal37~4|datab                   ;
;   11.073 ;   0.559 ; FF ; CELL ; 1      ; LABCELL_X36_Y37_N24 ; u_sched|Equal37~4|combout                 ;
;   12.104 ;   1.031 ; FF ; IC   ; 1      ; LABCELL_X36_Y36_N54 ; u_sched|Decoder4~1|datac                  ;
;   12.543 ;   0.439 ; FR ; CELL ; 6      ; LABCELL_X36_Y36_N54 ; u_sched|Decoder4~1|combout                ;
;   13.277 ;   0.734 ; RR ; IC   ; 1      ; LABCELL_X42_Y36_N0  ; u_sched|Decoder4~2|dataf                  ;
;   13.363 ;   0.086 ; RR ; CELL ; 32     ; LABCELL_X42_Y36_N0  ; u_sched|Decoder4~2|combout                ;
;   14.523 ;   1.160 ; RR ; IC   ; 1      ; FF_X42_Y38_N32      ; u_sched|dead_lim[2][3]|sclr               ;
;   15.440 ;   0.917 ; RR ; CELL ; 1      ; FF_X42_Y38_N32      ; zhao_cmd_scheduler:u_sched|dead_lim[2][3] ;
+----------+---------+----+------+--------+---------------------+-------------------------------------------+

+----------------------------------------------------------------------------------------------------------+
; Data Required Path                                                                                       ;
+----------+---------+----+------+--------+--------------------+-------------------------------------------+
; Total    ; Incr    ; RF ; Type ; Fanout ; Location           ; Element                                   ;
+----------+---------+----+------+--------+--------------------+-------------------------------------------+
; 10.000   ; 10.000  ;    ;      ;        ;                    ; latch edge time                           ;
; 15.565   ; 5.565   ;    ;      ;        ;                    ; clock path                                ;
;   10.000 ;   0.000 ;    ;      ;        ;                    ; source latency                            ;
;   10.000 ;   0.000 ;    ;      ; 1      ; LABCELL_X1_Y36_N48 ; gpu_clk                                   ;
;   10.588 ;   0.588 ; RR ; IC   ; 1      ; CLKCTRL_G2         ; gpu_clk~CLKENA0|inclk                     ;
;   10.883 ;   0.295 ; RR ; CELL ; 9151   ; CLKCTRL_G2         ; gpu_clk~CLKENA0|outclk                    ;
;   12.900 ;   2.017 ; RR ; IC   ; 1      ; FF_X42_Y38_N32     ; u_sched|dead_lim[2][3]|clk                ;
;   13.384 ;   0.484 ; RR ; CELL ; 1      ; FF_X42_Y38_N32     ; zhao_cmd_scheduler:u_sched|dead_lim[2][3] ;
;   15.565 ;   2.181 ;    ;      ;        ;                    ; clock pessimism removed                   ;
; 15.505   ; -0.060  ;    ;      ;        ;                    ; clock uncertainty                         ;
; 15.505   ; 0.000   ;    ; uTsu ; 1      ; FF_X42_Y38_N32     ; zhao_cmd_scheduler:u_sched|dead_lim[2][3] ;
+----------+---------+----+------+--------+--------------------+-------------------------------------------+

----------------------------
; Extra Fitter Information ;
----------------------------
HTML report is unavailable in plain text report export.


Path #82: Setup slack is 0.069 
===============================================================================
+----------------------------------------------------------------+
; Path Summary                                                   ;
+--------------------+-------------------------------------------+
; Property           ; Value                                     ;
+--------------------+-------------------------------------------+
; From Node          ; zhao_cmd_dma:u_dma|m.M_HCRC               ;
; To Node            ; zhao_cmd_dma:u_dma|crc_pay_r[9]~DUPLICATE ;
; Launch Clock       ; gpu_clk                                   ;
; Latch Clock        ; gpu_clk                                   ;
; Data Arrival Time  ; 15.427                                    ;
; Data Required Time ; 15.496                                    ;
; Slack              ; 0.069                                     ;
+--------------------+-------------------------------------------+

+------------------------------------------------------------------------------------+
; Statistics                                                                         ;
+------------------------+--------+-------+-------------+------------+-------+-------+
; Property               ; Value  ; Count ; Total Delay ; % of Total ; Min   ; Max   ;
+------------------------+--------+-------+-------------+------------+-------+-------+
; Setup Relationship     ; 10.000 ;       ;             ;            ;       ;       ;
; Clock Skew             ; -0.416 ;       ;             ;            ;       ;       ;
; Data Delay             ; 9.455  ;       ;             ;            ;       ;       ;
; Number of Logic Levels ;        ; 8     ;             ;            ;       ;       ;
; Physical Delays        ;        ;       ;             ;            ;       ;       ;
;  Arrival Path          ;        ;       ;             ;            ;       ;       ;
;   Clock                ;        ;       ;             ;            ;       ;       ;
;    IC                  ;        ; 2     ; 5.068       ; 85         ; 2.325 ; 2.743 ;
;    Cell                ;        ; 2     ; 0.904       ; 15         ; 0.321 ; 0.583 ;
;   Data                 ;        ;       ;             ;            ;       ;       ;
;    IC                  ;        ; 9     ; 6.749       ; 71         ; 0.000 ; 1.452 ;
;    Cell                ;        ; 10    ; 2.706       ; 29         ; 0.000 ; 0.573 ;
;    uTco                ;        ; 1     ; 0.000       ; 0          ; 0.000 ; 0.000 ;
;  Required Path         ;        ;       ;             ;            ;       ;       ;
;   Clock                ;        ;       ;             ;            ;       ;       ;
;    IC                  ;        ; 2     ; 2.588       ; 77         ; 0.588 ; 2.000 ;
;    Cell                ;        ; 2     ; 0.787       ; 23         ; 0.295 ; 0.492 ;
+------------------------+--------+-------+-------------+------------+-------+-------+
Note: Negative delays are omitted from totals when calculating percentages

+-----------------------------------------------------------------------------------------------------------+
; Data Arrival Path                                                                                         ;
+----------+---------+----+------+--------+---------------------+-------------------------------------------+
; Total    ; Incr    ; RF ; Type ; Fanout ; Location            ; Element                                   ;
+----------+---------+----+------+--------+---------------------+-------------------------------------------+
; 0.000    ; 0.000   ;    ;      ;        ;                     ; launch edge time                          ;
; 5.972    ; 5.972   ;    ;      ;        ;                     ; clock path                                ;
;   0.000  ;   0.000 ;    ;      ;        ;                     ; source latency                            ;
;   0.000  ;   0.000 ;    ;      ; 1      ; LABCELL_X1_Y36_N48  ; gpu_clk                                   ;
;   2.743  ;   2.743 ; RR ; IC   ; 1      ; CLKCTRL_G2          ; gpu_clk~CLKENA0|inclk                     ;
;   3.064  ;   0.321 ; RR ; CELL ; 9151   ; CLKCTRL_G2          ; gpu_clk~CLKENA0|outclk                    ;
;   5.389  ;   2.325 ; RR ; IC   ; 1      ; FF_X16_Y33_N7       ; u_dma|m.M_HCRC|clk                        ;
;   5.972  ;   0.583 ; RR ; CELL ; 1      ; FF_X16_Y33_N7       ; zhao_cmd_dma:u_dma|m.M_HCRC               ;
; 15.427   ; 9.455   ;    ;      ;        ;                     ; data path                                 ;
;   5.972  ;   0.000 ;    ; uTco ; 1      ; FF_X16_Y33_N7       ; zhao_cmd_dma:u_dma|m.M_HCRC               ;
;   5.972  ;   0.000 ; RR ; CELL ; 103    ; FF_X16_Y33_N7       ; u_dma|m.M_HCRC|q                          ;
;   7.052  ;   1.080 ; RR ; IC   ; 1      ; LABCELL_X17_Y37_N45 ; u_dma|WideNor0|datae                      ;
;   7.322  ;   0.270 ; RF ; CELL ; 65     ; LABCELL_X17_Y37_N45 ; u_dma|WideNor0|combout                    ;
;   8.774  ;   1.452 ; FF ; IC   ; 1      ; LABCELL_X11_Y35_N12 ; u_dma|fold_d[26]~142|datad                ;
;   9.286  ;   0.512 ; FF ; CELL ; 14     ; LABCELL_X11_Y35_N12 ; u_dma|fold_d[26]~142|combout              ;
;   10.009 ;   0.723 ; FF ; IC   ; 1      ; LABCELL_X7_Y35_N3   ; u_dma|u_fold4|acc~10|datad                ;
;   10.389 ;   0.380 ; FF ; CELL ; 5      ; LABCELL_X7_Y35_N3   ; u_dma|u_fold4|acc~10|combout              ;
;   11.737 ;   1.348 ; FF ; IC   ; 1      ; MLABCELL_X6_Y37_N24 ; u_dma|u_fold4|g_fold[4].acc[2]~26|dataf   ;
;   11.820 ;   0.083 ; FF ; CELL ; 3      ; MLABCELL_X6_Y37_N24 ; u_dma|u_fold4|g_fold[4].acc[2]~26|combout ;
;   12.799 ;   0.979 ; FF ; IC   ; 1      ; LABCELL_X9_Y38_N54  ; u_dma|u_fold8|g_fold[8].acc[9]~27|datae   ;
;   13.030 ;   0.231 ; FR ; CELL ; 1      ; LABCELL_X9_Y38_N54  ; u_dma|u_fold8|g_fold[8].acc[9]~27|combout ;
;   13.712 ;   0.682 ; RR ; IC   ; 1      ; LABCELL_X9_Y39_N12  ; u_dma|u_fold8|g_fold[8].acc[9]~28|datae   ;
;   14.014 ;   0.302 ; RF ; CELL ; 2      ; LABCELL_X9_Y39_N12  ; u_dma|u_fold8|g_fold[8].acc[9]~28|combout ;
;   14.224 ;   0.210 ; FF ; IC   ; 1      ; LABCELL_X9_Y39_N18  ; u_dma|u_fold8|g_fold[8].acc[9]~88|datab   ;
;   14.797 ;   0.573 ; FR ; CELL ; 2      ; LABCELL_X9_Y39_N18  ; u_dma|u_fold8|g_fold[8].acc[9]~88|combout ;
;   15.072 ;   0.275 ; RR ; IC   ; 1      ; LABCELL_X9_Y39_N30  ; u_dma|Selector927~0|dataf                 ;
;   15.161 ;   0.089 ; RF ; CELL ; 2      ; LABCELL_X9_Y39_N30  ; u_dma|Selector927~0|combout               ;
;   15.161 ;   0.000 ; FF ; IC   ; 1      ; FF_X9_Y39_N32       ; u_dma|crc_pay_r[9]~DUPLICATE|d            ;
;   15.427 ;   0.266 ; FF ; CELL ; 1      ; FF_X9_Y39_N32       ; zhao_cmd_dma:u_dma|crc_pay_r[9]~DUPLICATE ;
+----------+---------+----+------+--------+---------------------+-------------------------------------------+

+----------------------------------------------------------------------------------------------------------+
; Data Required Path                                                                                       ;
+----------+---------+----+------+--------+--------------------+-------------------------------------------+
; Total    ; Incr    ; RF ; Type ; Fanout ; Location           ; Element                                   ;
+----------+---------+----+------+--------+--------------------+-------------------------------------------+
; 10.000   ; 10.000  ;    ;      ;        ;                    ; latch edge time                           ;
; 15.556   ; 5.556   ;    ;      ;        ;                    ; clock path                                ;
;   10.000 ;   0.000 ;    ;      ;        ;                    ; source latency                            ;
;   10.000 ;   0.000 ;    ;      ; 1      ; LABCELL_X1_Y36_N48 ; gpu_clk                                   ;
;   10.588 ;   0.588 ; RR ; IC   ; 1      ; CLKCTRL_G2         ; gpu_clk~CLKENA0|inclk                     ;
;   10.883 ;   0.295 ; RR ; CELL ; 9151   ; CLKCTRL_G2         ; gpu_clk~CLKENA0|outclk                    ;
;   12.883 ;   2.000 ; RR ; IC   ; 1      ; FF_X9_Y39_N32      ; u_dma|crc_pay_r[9]~DUPLICATE|clk          ;
;   13.375 ;   0.492 ; RR ; CELL ; 1      ; FF_X9_Y39_N32      ; zhao_cmd_dma:u_dma|crc_pay_r[9]~DUPLICATE ;
;   15.556 ;   2.181 ;    ;      ;        ;                    ; clock pessimism removed                   ;
; 15.496   ; -0.060  ;    ;      ;        ;                    ; clock uncertainty                         ;
; 15.496   ; 0.000   ;    ; uTsu ; 1      ; FF_X9_Y39_N32      ; zhao_cmd_dma:u_dma|crc_pay_r[9]~DUPLICATE ;
+----------+---------+----+------+--------+--------------------+-------------------------------------------+

----------------------------
; Extra Fitter Information ;
----------------------------
HTML report is unavailable in plain text report export.


Path #83: Setup slack is 0.071 
===============================================================================
+----------------------------------------------------------------+
; Path Summary                                                   ;
+--------------------+-------------------------------------------+
; Property           ; Value                                     ;
+--------------------+-------------------------------------------+
; From Node          ; rq_rp[0]                                  ;
; To Node            ; zhao_cmd_scheduler:u_sched|dead_lim[2][5] ;
; Launch Clock       ; gpu_clk                                   ;
; Latch Clock        ; gpu_clk                                   ;
; Data Arrival Time  ; 15.438                                    ;
; Data Required Time ; 15.509                                    ;
; Slack              ; 0.071                                     ;
+--------------------+-------------------------------------------+

+------------------------------------------------------------------------------------+
; Statistics                                                                         ;
+------------------------+--------+-------+-------------+------------+-------+-------+
; Property               ; Value  ; Count ; Total Delay ; % of Total ; Min   ; Max   ;
+------------------------+--------+-------+-------------+------------+-------+-------+
; Setup Relationship     ; 10.000 ;       ;             ;            ;       ;       ;
; Clock Skew             ; -0.436 ;       ;             ;            ;       ;       ;
; Data Delay             ; 9.433  ;       ;             ;            ;       ;       ;
; Number of Logic Levels ;        ; 6     ;             ;            ;       ;       ;
; Physical Delays        ;        ;       ;             ;            ;       ;       ;
;  Arrival Path          ;        ;       ;             ;            ;       ;       ;
;   Clock                ;        ;       ;             ;            ;       ;       ;
;    IC                  ;        ; 2     ; 5.100       ; 85         ; 2.357 ; 2.743 ;
;    Cell                ;        ; 2     ; 0.905       ; 15         ; 0.321 ; 0.584 ;
;   Data                 ;        ;       ;             ;            ;       ;       ;
;    IC                  ;        ; 7     ; 5.842       ; 62         ; 0.215 ; 1.695 ;
;    Cell                ;        ; 8     ; 3.591       ; 38         ; 0.000 ; 0.915 ;
;    uTco                ;        ; 1     ; 0.000       ; 0          ; 0.000 ; 0.000 ;
;  Required Path         ;        ;       ;             ;            ;       ;       ;
;   Clock                ;        ;       ;             ;            ;       ;       ;
;    IC                  ;        ; 2     ; 2.605       ; 77         ; 0.588 ; 2.017 ;
;    Cell                ;        ; 2     ; 0.783       ; 23         ; 0.295 ; 0.488 ;
+------------------------+--------+-------+-------------+------------+-------+-------+
Note: Negative delays are omitted from totals when calculating percentages

+-----------------------------------------------------------------------------------------------------------+
; Data Arrival Path                                                                                         ;
+----------+---------+----+------+--------+---------------------+-------------------------------------------+
; Total    ; Incr    ; RF ; Type ; Fanout ; Location            ; Element                                   ;
+----------+---------+----+------+--------+---------------------+-------------------------------------------+
; 0.000    ; 0.000   ;    ;      ;        ;                     ; launch edge time                          ;
; 6.005    ; 6.005   ;    ;      ;        ;                     ; clock path                                ;
;   0.000  ;   0.000 ;    ;      ;        ;                     ; source latency                            ;
;   0.000  ;   0.000 ;    ;      ; 1      ; LABCELL_X1_Y36_N48  ; gpu_clk                                   ;
;   2.743  ;   2.743 ; RR ; IC   ; 1      ; CLKCTRL_G2          ; gpu_clk~CLKENA0|inclk                     ;
;   3.064  ;   0.321 ; RR ; CELL ; 9151   ; CLKCTRL_G2          ; gpu_clk~CLKENA0|outclk                    ;
;   5.421  ;   2.357 ; RR ; IC   ; 1      ; FF_X35_Y36_N46      ; rq_rp[0]|clk                              ;
;   6.005  ;   0.584 ; RR ; CELL ; 1      ; FF_X35_Y36_N46      ; rq_rp[0]                                  ;
; 15.438   ; 9.433   ;    ;      ;        ;                     ; data path                                 ;
;   6.005  ;   0.000 ;    ; uTco ; 1      ; FF_X35_Y36_N46      ; rq_rp[0]                                  ;
;   6.005  ;   0.000 ; FF ; CELL ; 221    ; FF_X35_Y36_N46      ; rq_rp[0]|q                                ;
;   7.700  ;   1.695 ; FF ; IC   ; 1      ; LABCELL_X31_Y37_N27 ; Mux158~0|datab                            ;
;   8.273  ;   0.573 ; FR ; CELL ; 1      ; LABCELL_X31_Y37_N27 ; Mux158~0|combout                          ;
;   8.958  ;   0.685 ; RR ; IC   ; 1      ; LABCELL_X35_Y37_N21 ; Mux158~2|datad                            ;
;   9.390  ;   0.432 ; RR ; CELL ; 5      ; LABCELL_X35_Y37_N21 ; Mux158~2|combout                          ;
;   9.605  ;   0.215 ; RR ; IC   ; 1      ; LABCELL_X35_Y37_N33 ; u_sched|Equal37~3|dataa                   ;
;   10.192 ;   0.587 ; RF ; CELL ; 1      ; LABCELL_X35_Y37_N33 ; u_sched|Equal37~3|combout                 ;
;   10.514 ;   0.322 ; FF ; IC   ; 1      ; LABCELL_X36_Y37_N24 ; u_sched|Equal37~4|datab                   ;
;   11.073 ;   0.559 ; FF ; CELL ; 1      ; LABCELL_X36_Y37_N24 ; u_sched|Equal37~4|combout                 ;
;   12.104 ;   1.031 ; FF ; IC   ; 1      ; LABCELL_X36_Y36_N54 ; u_sched|Decoder4~1|datac                  ;
;   12.543 ;   0.439 ; FR ; CELL ; 6      ; LABCELL_X36_Y36_N54 ; u_sched|Decoder4~1|combout                ;
;   13.277 ;   0.734 ; RR ; IC   ; 1      ; LABCELL_X42_Y36_N0  ; u_sched|Decoder4~2|dataf                  ;
;   13.363 ;   0.086 ; RR ; CELL ; 32     ; LABCELL_X42_Y36_N0  ; u_sched|Decoder4~2|combout                ;
;   14.523 ;   1.160 ; RR ; IC   ; 1      ; FF_X42_Y38_N25      ; u_sched|dead_lim[2][5]|sclr               ;
;   15.438 ;   0.915 ; RR ; CELL ; 1      ; FF_X42_Y38_N25      ; zhao_cmd_scheduler:u_sched|dead_lim[2][5] ;
+----------+---------+----+------+--------+---------------------+-------------------------------------------+

+----------------------------------------------------------------------------------------------------------+
; Data Required Path                                                                                       ;
+----------+---------+----+------+--------+--------------------+-------------------------------------------+
; Total    ; Incr    ; RF ; Type ; Fanout ; Location           ; Element                                   ;
+----------+---------+----+------+--------+--------------------+-------------------------------------------+
; 10.000   ; 10.000  ;    ;      ;        ;                    ; latch edge time                           ;
; 15.569   ; 5.569   ;    ;      ;        ;                    ; clock path                                ;
;   10.000 ;   0.000 ;    ;      ;        ;                    ; source latency                            ;
;   10.000 ;   0.000 ;    ;      ; 1      ; LABCELL_X1_Y36_N48 ; gpu_clk                                   ;
;   10.588 ;   0.588 ; RR ; IC   ; 1      ; CLKCTRL_G2         ; gpu_clk~CLKENA0|inclk                     ;
;   10.883 ;   0.295 ; RR ; CELL ; 9151   ; CLKCTRL_G2         ; gpu_clk~CLKENA0|outclk                    ;
;   12.900 ;   2.017 ; RR ; IC   ; 1      ; FF_X42_Y38_N25     ; u_sched|dead_lim[2][5]|clk                ;
;   13.388 ;   0.488 ; RR ; CELL ; 1      ; FF_X42_Y38_N25     ; zhao_cmd_scheduler:u_sched|dead_lim[2][5] ;
;   15.569 ;   2.181 ;    ;      ;        ;                    ; clock pessimism removed                   ;
; 15.509   ; -0.060  ;    ;      ;        ;                    ; clock uncertainty                         ;
; 15.509   ; 0.000   ;    ; uTsu ; 1      ; FF_X42_Y38_N25     ; zhao_cmd_scheduler:u_sched|dead_lim[2][5] ;
+----------+---------+----+------+--------+--------------------+-------------------------------------------+

----------------------------
; Extra Fitter Information ;
----------------------------
HTML report is unavailable in plain text report export.


Path #84: Setup slack is 0.071 
===============================================================================
+----------------------------------------------------------------+
; Path Summary                                                   ;
+--------------------+-------------------------------------------+
; Property           ; Value                                     ;
+--------------------+-------------------------------------------+
; From Node          ; rq_rp[0]                                  ;
; To Node            ; zhao_cmd_scheduler:u_sched|dead_lim[2][6] ;
; Launch Clock       ; gpu_clk                                   ;
; Latch Clock        ; gpu_clk                                   ;
; Data Arrival Time  ; 15.438                                    ;
; Data Required Time ; 15.509                                    ;
; Slack              ; 0.071                                     ;
+--------------------+-------------------------------------------+

+------------------------------------------------------------------------------------+
; Statistics                                                                         ;
+------------------------+--------+-------+-------------+------------+-------+-------+
; Property               ; Value  ; Count ; Total Delay ; % of Total ; Min   ; Max   ;
+------------------------+--------+-------+-------------+------------+-------+-------+
; Setup Relationship     ; 10.000 ;       ;             ;            ;       ;       ;
; Clock Skew             ; -0.436 ;       ;             ;            ;       ;       ;
; Data Delay             ; 9.433  ;       ;             ;            ;       ;       ;
; Number of Logic Levels ;        ; 6     ;             ;            ;       ;       ;
; Physical Delays        ;        ;       ;             ;            ;       ;       ;
;  Arrival Path          ;        ;       ;             ;            ;       ;       ;
;   Clock                ;        ;       ;             ;            ;       ;       ;
;    IC                  ;        ; 2     ; 5.100       ; 85         ; 2.357 ; 2.743 ;
;    Cell                ;        ; 2     ; 0.905       ; 15         ; 0.321 ; 0.584 ;
;   Data                 ;        ;       ;             ;            ;       ;       ;
;    IC                  ;        ; 7     ; 5.842       ; 62         ; 0.215 ; 1.695 ;
;    Cell                ;        ; 8     ; 3.591       ; 38         ; 0.000 ; 0.915 ;
;    uTco                ;        ; 1     ; 0.000       ; 0          ; 0.000 ; 0.000 ;
;  Required Path         ;        ;       ;             ;            ;       ;       ;
;   Clock                ;        ;       ;             ;            ;       ;       ;
;    IC                  ;        ; 2     ; 2.605       ; 77         ; 0.588 ; 2.017 ;
;    Cell                ;        ; 2     ; 0.783       ; 23         ; 0.295 ; 0.488 ;
+------------------------+--------+-------+-------------+------------+-------+-------+
Note: Negative delays are omitted from totals when calculating percentages

+-----------------------------------------------------------------------------------------------------------+
; Data Arrival Path                                                                                         ;
+----------+---------+----+------+--------+---------------------+-------------------------------------------+
; Total    ; Incr    ; RF ; Type ; Fanout ; Location            ; Element                                   ;
+----------+---------+----+------+--------+---------------------+-------------------------------------------+
; 0.000    ; 0.000   ;    ;      ;        ;                     ; launch edge time                          ;
; 6.005    ; 6.005   ;    ;      ;        ;                     ; clock path                                ;
;   0.000  ;   0.000 ;    ;      ;        ;                     ; source latency                            ;
;   0.000  ;   0.000 ;    ;      ; 1      ; LABCELL_X1_Y36_N48  ; gpu_clk                                   ;
;   2.743  ;   2.743 ; RR ; IC   ; 1      ; CLKCTRL_G2          ; gpu_clk~CLKENA0|inclk                     ;
;   3.064  ;   0.321 ; RR ; CELL ; 9151   ; CLKCTRL_G2          ; gpu_clk~CLKENA0|outclk                    ;
;   5.421  ;   2.357 ; RR ; IC   ; 1      ; FF_X35_Y36_N46      ; rq_rp[0]|clk                              ;
;   6.005  ;   0.584 ; RR ; CELL ; 1      ; FF_X35_Y36_N46      ; rq_rp[0]                                  ;
; 15.438   ; 9.433   ;    ;      ;        ;                     ; data path                                 ;
;   6.005  ;   0.000 ;    ; uTco ; 1      ; FF_X35_Y36_N46      ; rq_rp[0]                                  ;
;   6.005  ;   0.000 ; FF ; CELL ; 221    ; FF_X35_Y36_N46      ; rq_rp[0]|q                                ;
;   7.700  ;   1.695 ; FF ; IC   ; 1      ; LABCELL_X31_Y37_N27 ; Mux158~0|datab                            ;
;   8.273  ;   0.573 ; FR ; CELL ; 1      ; LABCELL_X31_Y37_N27 ; Mux158~0|combout                          ;
;   8.958  ;   0.685 ; RR ; IC   ; 1      ; LABCELL_X35_Y37_N21 ; Mux158~2|datad                            ;
;   9.390  ;   0.432 ; RR ; CELL ; 5      ; LABCELL_X35_Y37_N21 ; Mux158~2|combout                          ;
;   9.605  ;   0.215 ; RR ; IC   ; 1      ; LABCELL_X35_Y37_N33 ; u_sched|Equal37~3|dataa                   ;
;   10.192 ;   0.587 ; RF ; CELL ; 1      ; LABCELL_X35_Y37_N33 ; u_sched|Equal37~3|combout                 ;
;   10.514 ;   0.322 ; FF ; IC   ; 1      ; LABCELL_X36_Y37_N24 ; u_sched|Equal37~4|datab                   ;
;   11.073 ;   0.559 ; FF ; CELL ; 1      ; LABCELL_X36_Y37_N24 ; u_sched|Equal37~4|combout                 ;
;   12.104 ;   1.031 ; FF ; IC   ; 1      ; LABCELL_X36_Y36_N54 ; u_sched|Decoder4~1|datac                  ;
;   12.543 ;   0.439 ; FR ; CELL ; 6      ; LABCELL_X36_Y36_N54 ; u_sched|Decoder4~1|combout                ;
;   13.277 ;   0.734 ; RR ; IC   ; 1      ; LABCELL_X42_Y36_N0  ; u_sched|Decoder4~2|dataf                  ;
;   13.363 ;   0.086 ; RR ; CELL ; 32     ; LABCELL_X42_Y36_N0  ; u_sched|Decoder4~2|combout                ;
;   14.523 ;   1.160 ; RR ; IC   ; 1      ; FF_X42_Y38_N55      ; u_sched|dead_lim[2][6]|sclr               ;
;   15.438 ;   0.915 ; RR ; CELL ; 1      ; FF_X42_Y38_N55      ; zhao_cmd_scheduler:u_sched|dead_lim[2][6] ;
+----------+---------+----+------+--------+---------------------+-------------------------------------------+

+----------------------------------------------------------------------------------------------------------+
; Data Required Path                                                                                       ;
+----------+---------+----+------+--------+--------------------+-------------------------------------------+
; Total    ; Incr    ; RF ; Type ; Fanout ; Location           ; Element                                   ;
+----------+---------+----+------+--------+--------------------+-------------------------------------------+
; 10.000   ; 10.000  ;    ;      ;        ;                    ; latch edge time                           ;
; 15.569   ; 5.569   ;    ;      ;        ;                    ; clock path                                ;
;   10.000 ;   0.000 ;    ;      ;        ;                    ; source latency                            ;
;   10.000 ;   0.000 ;    ;      ; 1      ; LABCELL_X1_Y36_N48 ; gpu_clk                                   ;
;   10.588 ;   0.588 ; RR ; IC   ; 1      ; CLKCTRL_G2         ; gpu_clk~CLKENA0|inclk                     ;
;   10.883 ;   0.295 ; RR ; CELL ; 9151   ; CLKCTRL_G2         ; gpu_clk~CLKENA0|outclk                    ;
;   12.900 ;   2.017 ; RR ; IC   ; 1      ; FF_X42_Y38_N55     ; u_sched|dead_lim[2][6]|clk                ;
;   13.388 ;   0.488 ; RR ; CELL ; 1      ; FF_X42_Y38_N55     ; zhao_cmd_scheduler:u_sched|dead_lim[2][6] ;
;   15.569 ;   2.181 ;    ;      ;        ;                    ; clock pessimism removed                   ;
; 15.509   ; -0.060  ;    ;      ;        ;                    ; clock uncertainty                         ;
; 15.509   ; 0.000   ;    ; uTsu ; 1      ; FF_X42_Y38_N55     ; zhao_cmd_scheduler:u_sched|dead_lim[2][6] ;
+----------+---------+----+------+--------+--------------------+-------------------------------------------+

----------------------------
; Extra Fitter Information ;
----------------------------
HTML report is unavailable in plain text report export.


Path #85: Setup slack is 0.071 
===============================================================================
+----------------------------------------------------------------+
; Path Summary                                                   ;
+--------------------+-------------------------------------------+
; Property           ; Value                                     ;
+--------------------+-------------------------------------------+
; From Node          ; rq_rp[0]                                  ;
; To Node            ; zhao_cmd_scheduler:u_sched|dead_lim[2][1] ;
; Launch Clock       ; gpu_clk                                   ;
; Latch Clock        ; gpu_clk                                   ;
; Data Arrival Time  ; 15.440                                    ;
; Data Required Time ; 15.511                                    ;
; Slack              ; 0.071                                     ;
+--------------------+-------------------------------------------+

+------------------------------------------------------------------------------------+
; Statistics                                                                         ;
+------------------------+--------+-------+-------------+------------+-------+-------+
; Property               ; Value  ; Count ; Total Delay ; % of Total ; Min   ; Max   ;
+------------------------+--------+-------+-------------+------------+-------+-------+
; Setup Relationship     ; 10.000 ;       ;             ;            ;       ;       ;
; Clock Skew             ; -0.434 ;       ;             ;            ;       ;       ;
; Data Delay             ; 9.435  ;       ;             ;            ;       ;       ;
; Number of Logic Levels ;        ; 6     ;             ;            ;       ;       ;
; Physical Delays        ;        ;       ;             ;            ;       ;       ;
;  Arrival Path          ;        ;       ;             ;            ;       ;       ;
;   Clock                ;        ;       ;             ;            ;       ;       ;
;    IC                  ;        ; 2     ; 5.100       ; 85         ; 2.357 ; 2.743 ;
;    Cell                ;        ; 2     ; 0.905       ; 15         ; 0.321 ; 0.584 ;
;   Data                 ;        ;       ;             ;            ;       ;       ;
;    IC                  ;        ; 7     ; 5.842       ; 62         ; 0.215 ; 1.695 ;
;    Cell                ;        ; 8     ; 3.593       ; 38         ; 0.000 ; 0.917 ;
;    uTco                ;        ; 1     ; 0.000       ; 0          ; 0.000 ; 0.000 ;
;  Required Path         ;        ;       ;             ;            ;       ;       ;
;   Clock                ;        ;       ;             ;            ;       ;       ;
;    IC                  ;        ; 2     ; 2.605       ; 77         ; 0.588 ; 2.017 ;
;    Cell                ;        ; 2     ; 0.785       ; 23         ; 0.295 ; 0.490 ;
+------------------------+--------+-------+-------------+------------+-------+-------+
Note: Negative delays are omitted from totals when calculating percentages

+-----------------------------------------------------------------------------------------------------------+
; Data Arrival Path                                                                                         ;
+----------+---------+----+------+--------+---------------------+-------------------------------------------+
; Total    ; Incr    ; RF ; Type ; Fanout ; Location            ; Element                                   ;
+----------+---------+----+------+--------+---------------------+-------------------------------------------+
; 0.000    ; 0.000   ;    ;      ;        ;                     ; launch edge time                          ;
; 6.005    ; 6.005   ;    ;      ;        ;                     ; clock path                                ;
;   0.000  ;   0.000 ;    ;      ;        ;                     ; source latency                            ;
;   0.000  ;   0.000 ;    ;      ; 1      ; LABCELL_X1_Y36_N48  ; gpu_clk                                   ;
;   2.743  ;   2.743 ; RR ; IC   ; 1      ; CLKCTRL_G2          ; gpu_clk~CLKENA0|inclk                     ;
;   3.064  ;   0.321 ; RR ; CELL ; 9151   ; CLKCTRL_G2          ; gpu_clk~CLKENA0|outclk                    ;
;   5.421  ;   2.357 ; RR ; IC   ; 1      ; FF_X35_Y36_N46      ; rq_rp[0]|clk                              ;
;   6.005  ;   0.584 ; RR ; CELL ; 1      ; FF_X35_Y36_N46      ; rq_rp[0]                                  ;
; 15.440   ; 9.435   ;    ;      ;        ;                     ; data path                                 ;
;   6.005  ;   0.000 ;    ; uTco ; 1      ; FF_X35_Y36_N46      ; rq_rp[0]                                  ;
;   6.005  ;   0.000 ; FF ; CELL ; 221    ; FF_X35_Y36_N46      ; rq_rp[0]|q                                ;
;   7.700  ;   1.695 ; FF ; IC   ; 1      ; LABCELL_X31_Y37_N27 ; Mux158~0|datab                            ;
;   8.273  ;   0.573 ; FR ; CELL ; 1      ; LABCELL_X31_Y37_N27 ; Mux158~0|combout                          ;
;   8.958  ;   0.685 ; RR ; IC   ; 1      ; LABCELL_X35_Y37_N21 ; Mux158~2|datad                            ;
;   9.390  ;   0.432 ; RR ; CELL ; 5      ; LABCELL_X35_Y37_N21 ; Mux158~2|combout                          ;
;   9.605  ;   0.215 ; RR ; IC   ; 1      ; LABCELL_X35_Y37_N33 ; u_sched|Equal37~3|dataa                   ;
;   10.192 ;   0.587 ; RF ; CELL ; 1      ; LABCELL_X35_Y37_N33 ; u_sched|Equal37~3|combout                 ;
;   10.514 ;   0.322 ; FF ; IC   ; 1      ; LABCELL_X36_Y37_N24 ; u_sched|Equal37~4|datab                   ;
;   11.073 ;   0.559 ; FF ; CELL ; 1      ; LABCELL_X36_Y37_N24 ; u_sched|Equal37~4|combout                 ;
;   12.104 ;   1.031 ; FF ; IC   ; 1      ; LABCELL_X36_Y36_N54 ; u_sched|Decoder4~1|datac                  ;
;   12.543 ;   0.439 ; FR ; CELL ; 6      ; LABCELL_X36_Y36_N54 ; u_sched|Decoder4~1|combout                ;
;   13.277 ;   0.734 ; RR ; IC   ; 1      ; LABCELL_X42_Y36_N0  ; u_sched|Decoder4~2|dataf                  ;
;   13.363 ;   0.086 ; RR ; CELL ; 32     ; LABCELL_X42_Y36_N0  ; u_sched|Decoder4~2|combout                ;
;   14.523 ;   1.160 ; RR ; IC   ; 1      ; FF_X42_Y38_N53      ; u_sched|dead_lim[2][1]|sclr               ;
;   15.440 ;   0.917 ; RR ; CELL ; 1      ; FF_X42_Y38_N53      ; zhao_cmd_scheduler:u_sched|dead_lim[2][1] ;
+----------+---------+----+------+--------+---------------------+-------------------------------------------+

+----------------------------------------------------------------------------------------------------------+
; Data Required Path                                                                                       ;
+----------+---------+----+------+--------+--------------------+-------------------------------------------+
; Total    ; Incr    ; RF ; Type ; Fanout ; Location           ; Element                                   ;
+----------+---------+----+------+--------+--------------------+-------------------------------------------+
; 10.000   ; 10.000  ;    ;      ;        ;                    ; latch edge time                           ;
; 15.571   ; 5.571   ;    ;      ;        ;                    ; clock path                                ;
;   10.000 ;   0.000 ;    ;      ;        ;                    ; source latency                            ;
;   10.000 ;   0.000 ;    ;      ; 1      ; LABCELL_X1_Y36_N48 ; gpu_clk                                   ;
;   10.588 ;   0.588 ; RR ; IC   ; 1      ; CLKCTRL_G2         ; gpu_clk~CLKENA0|inclk                     ;
;   10.883 ;   0.295 ; RR ; CELL ; 9151   ; CLKCTRL_G2         ; gpu_clk~CLKENA0|outclk                    ;
;   12.900 ;   2.017 ; RR ; IC   ; 1      ; FF_X42_Y38_N53     ; u_sched|dead_lim[2][1]|clk                ;
;   13.390 ;   0.490 ; RR ; CELL ; 1      ; FF_X42_Y38_N53     ; zhao_cmd_scheduler:u_sched|dead_lim[2][1] ;
;   15.571 ;   2.181 ;    ;      ;        ;                    ; clock pessimism removed                   ;
; 15.511   ; -0.060  ;    ;      ;        ;                    ; clock uncertainty                         ;
; 15.511   ; 0.000   ;    ; uTsu ; 1      ; FF_X42_Y38_N53     ; zhao_cmd_scheduler:u_sched|dead_lim[2][1] ;
+----------+---------+----+------+--------+--------------------+-------------------------------------------+

----------------------------
; Extra Fitter Information ;
----------------------------
HTML report is unavailable in plain text report export.


Path #86: Setup slack is 0.071 
===============================================================================
+----------------------------------------------------------------+
; Path Summary                                                   ;
+--------------------+-------------------------------------------+
; Property           ; Value                                     ;
+--------------------+-------------------------------------------+
; From Node          ; rq_rp[0]                                  ;
; To Node            ; zhao_cmd_scheduler:u_sched|dead_lim[2][2] ;
; Launch Clock       ; gpu_clk                                   ;
; Latch Clock        ; gpu_clk                                   ;
; Data Arrival Time  ; 15.440                                    ;
; Data Required Time ; 15.511                                    ;
; Slack              ; 0.071                                     ;
+--------------------+-------------------------------------------+

+------------------------------------------------------------------------------------+
; Statistics                                                                         ;
+------------------------+--------+-------+-------------+------------+-------+-------+
; Property               ; Value  ; Count ; Total Delay ; % of Total ; Min   ; Max   ;
+------------------------+--------+-------+-------------+------------+-------+-------+
; Setup Relationship     ; 10.000 ;       ;             ;            ;       ;       ;
; Clock Skew             ; -0.434 ;       ;             ;            ;       ;       ;
; Data Delay             ; 9.435  ;       ;             ;            ;       ;       ;
; Number of Logic Levels ;        ; 6     ;             ;            ;       ;       ;
; Physical Delays        ;        ;       ;             ;            ;       ;       ;
;  Arrival Path          ;        ;       ;             ;            ;       ;       ;
;   Clock                ;        ;       ;             ;            ;       ;       ;
;    IC                  ;        ; 2     ; 5.100       ; 85         ; 2.357 ; 2.743 ;
;    Cell                ;        ; 2     ; 0.905       ; 15         ; 0.321 ; 0.584 ;
;   Data                 ;        ;       ;             ;            ;       ;       ;
;    IC                  ;        ; 7     ; 5.842       ; 62         ; 0.215 ; 1.695 ;
;    Cell                ;        ; 8     ; 3.593       ; 38         ; 0.000 ; 0.917 ;
;    uTco                ;        ; 1     ; 0.000       ; 0          ; 0.000 ; 0.000 ;
;  Required Path         ;        ;       ;             ;            ;       ;       ;
;   Clock                ;        ;       ;             ;            ;       ;       ;
;    IC                  ;        ; 2     ; 2.605       ; 77         ; 0.588 ; 2.017 ;
;    Cell                ;        ; 2     ; 0.785       ; 23         ; 0.295 ; 0.490 ;
+------------------------+--------+-------+-------------+------------+-------+-------+
Note: Negative delays are omitted from totals when calculating percentages

+-----------------------------------------------------------------------------------------------------------+
; Data Arrival Path                                                                                         ;
+----------+---------+----+------+--------+---------------------+-------------------------------------------+
; Total    ; Incr    ; RF ; Type ; Fanout ; Location            ; Element                                   ;
+----------+---------+----+------+--------+---------------------+-------------------------------------------+
; 0.000    ; 0.000   ;    ;      ;        ;                     ; launch edge time                          ;
; 6.005    ; 6.005   ;    ;      ;        ;                     ; clock path                                ;
;   0.000  ;   0.000 ;    ;      ;        ;                     ; source latency                            ;
;   0.000  ;   0.000 ;    ;      ; 1      ; LABCELL_X1_Y36_N48  ; gpu_clk                                   ;
;   2.743  ;   2.743 ; RR ; IC   ; 1      ; CLKCTRL_G2          ; gpu_clk~CLKENA0|inclk                     ;
;   3.064  ;   0.321 ; RR ; CELL ; 9151   ; CLKCTRL_G2          ; gpu_clk~CLKENA0|outclk                    ;
;   5.421  ;   2.357 ; RR ; IC   ; 1      ; FF_X35_Y36_N46      ; rq_rp[0]|clk                              ;
;   6.005  ;   0.584 ; RR ; CELL ; 1      ; FF_X35_Y36_N46      ; rq_rp[0]                                  ;
; 15.440   ; 9.435   ;    ;      ;        ;                     ; data path                                 ;
;   6.005  ;   0.000 ;    ; uTco ; 1      ; FF_X35_Y36_N46      ; rq_rp[0]                                  ;
;   6.005  ;   0.000 ; FF ; CELL ; 221    ; FF_X35_Y36_N46      ; rq_rp[0]|q                                ;
;   7.700  ;   1.695 ; FF ; IC   ; 1      ; LABCELL_X31_Y37_N27 ; Mux158~0|datab                            ;
;   8.273  ;   0.573 ; FR ; CELL ; 1      ; LABCELL_X31_Y37_N27 ; Mux158~0|combout                          ;
;   8.958  ;   0.685 ; RR ; IC   ; 1      ; LABCELL_X35_Y37_N21 ; Mux158~2|datad                            ;
;   9.390  ;   0.432 ; RR ; CELL ; 5      ; LABCELL_X35_Y37_N21 ; Mux158~2|combout                          ;
;   9.605  ;   0.215 ; RR ; IC   ; 1      ; LABCELL_X35_Y37_N33 ; u_sched|Equal37~3|dataa                   ;
;   10.192 ;   0.587 ; RF ; CELL ; 1      ; LABCELL_X35_Y37_N33 ; u_sched|Equal37~3|combout                 ;
;   10.514 ;   0.322 ; FF ; IC   ; 1      ; LABCELL_X36_Y37_N24 ; u_sched|Equal37~4|datab                   ;
;   11.073 ;   0.559 ; FF ; CELL ; 1      ; LABCELL_X36_Y37_N24 ; u_sched|Equal37~4|combout                 ;
;   12.104 ;   1.031 ; FF ; IC   ; 1      ; LABCELL_X36_Y36_N54 ; u_sched|Decoder4~1|datac                  ;
;   12.543 ;   0.439 ; FR ; CELL ; 6      ; LABCELL_X36_Y36_N54 ; u_sched|Decoder4~1|combout                ;
;   13.277 ;   0.734 ; RR ; IC   ; 1      ; LABCELL_X42_Y36_N0  ; u_sched|Decoder4~2|dataf                  ;
;   13.363 ;   0.086 ; RR ; CELL ; 32     ; LABCELL_X42_Y36_N0  ; u_sched|Decoder4~2|combout                ;
;   14.523 ;   1.160 ; RR ; IC   ; 1      ; FF_X42_Y38_N35      ; u_sched|dead_lim[2][2]|sclr               ;
;   15.440 ;   0.917 ; RR ; CELL ; 1      ; FF_X42_Y38_N35      ; zhao_cmd_scheduler:u_sched|dead_lim[2][2] ;
+----------+---------+----+------+--------+---------------------+-------------------------------------------+

+----------------------------------------------------------------------------------------------------------+
; Data Required Path                                                                                       ;
+----------+---------+----+------+--------+--------------------+-------------------------------------------+
; Total    ; Incr    ; RF ; Type ; Fanout ; Location           ; Element                                   ;
+----------+---------+----+------+--------+--------------------+-------------------------------------------+
; 10.000   ; 10.000  ;    ;      ;        ;                    ; latch edge time                           ;
; 15.571   ; 5.571   ;    ;      ;        ;                    ; clock path                                ;
;   10.000 ;   0.000 ;    ;      ;        ;                    ; source latency                            ;
;   10.000 ;   0.000 ;    ;      ; 1      ; LABCELL_X1_Y36_N48 ; gpu_clk                                   ;
;   10.588 ;   0.588 ; RR ; IC   ; 1      ; CLKCTRL_G2         ; gpu_clk~CLKENA0|inclk                     ;
;   10.883 ;   0.295 ; RR ; CELL ; 9151   ; CLKCTRL_G2         ; gpu_clk~CLKENA0|outclk                    ;
;   12.900 ;   2.017 ; RR ; IC   ; 1      ; FF_X42_Y38_N35     ; u_sched|dead_lim[2][2]|clk                ;
;   13.390 ;   0.490 ; RR ; CELL ; 1      ; FF_X42_Y38_N35     ; zhao_cmd_scheduler:u_sched|dead_lim[2][2] ;
;   15.571 ;   2.181 ;    ;      ;        ;                    ; clock pessimism removed                   ;
; 15.511   ; -0.060  ;    ;      ;        ;                    ; clock uncertainty                         ;
; 15.511   ; 0.000   ;    ; uTsu ; 1      ; FF_X42_Y38_N35     ; zhao_cmd_scheduler:u_sched|dead_lim[2][2] ;
+----------+---------+----+------+--------+--------------------+-------------------------------------------+

----------------------------
; Extra Fitter Information ;
----------------------------
HTML report is unavailable in plain text report export.


Path #87: Setup slack is 0.074 
===============================================================================
+------------------------------------------------------+
; Path Summary                                         ;
+--------------------+---------------------------------+
; Property           ; Value                           ;
+--------------------+---------------------------------+
; From Node          ; zhao_cmd_dma:u_dma|m.M_HCRC     ;
; To Node            ; zhao_cmd_dma:u_dma|crc_pay_r[9] ;
; Launch Clock       ; gpu_clk                         ;
; Latch Clock        ; gpu_clk                         ;
; Data Arrival Time  ; 15.425                          ;
; Data Required Time ; 15.499                          ;
; Slack              ; 0.074                           ;
+--------------------+---------------------------------+

+------------------------------------------------------------------------------------+
; Statistics                                                                         ;
+------------------------+--------+-------+-------------+------------+-------+-------+
; Property               ; Value  ; Count ; Total Delay ; % of Total ; Min   ; Max   ;
+------------------------+--------+-------+-------------+------------+-------+-------+
; Setup Relationship     ; 10.000 ;       ;             ;            ;       ;       ;
; Clock Skew             ; -0.413 ;       ;             ;            ;       ;       ;
; Data Delay             ; 9.453  ;       ;             ;            ;       ;       ;
; Number of Logic Levels ;        ; 8     ;             ;            ;       ;       ;
; Physical Delays        ;        ;       ;             ;            ;       ;       ;
;  Arrival Path          ;        ;       ;             ;            ;       ;       ;
;   Clock                ;        ;       ;             ;            ;       ;       ;
;    IC                  ;        ; 2     ; 5.068       ; 85         ; 2.325 ; 2.743 ;
;    Cell                ;        ; 2     ; 0.904       ; 15         ; 0.321 ; 0.583 ;
;   Data                 ;        ;       ;             ;            ;       ;       ;
;    IC                  ;        ; 9     ; 6.749       ; 71         ; 0.000 ; 1.452 ;
;    Cell                ;        ; 10    ; 2.704       ; 29         ; 0.000 ; 0.573 ;
;    uTco                ;        ; 1     ; 0.000       ; 0          ; 0.000 ; 0.000 ;
;  Required Path         ;        ;       ;             ;            ;       ;       ;
;   Clock                ;        ;       ;             ;            ;       ;       ;
;    IC                  ;        ; 2     ; 2.588       ; 77         ; 0.588 ; 2.000 ;
;    Cell                ;        ; 2     ; 0.790       ; 23         ; 0.295 ; 0.495 ;
+------------------------+--------+-------+-------------+------------+-------+-------+
Note: Negative delays are omitted from totals when calculating percentages

+-----------------------------------------------------------------------------------------------------------+
; Data Arrival Path                                                                                         ;
+----------+---------+----+------+--------+---------------------+-------------------------------------------+
; Total    ; Incr    ; RF ; Type ; Fanout ; Location            ; Element                                   ;
+----------+---------+----+------+--------+---------------------+-------------------------------------------+
; 0.000    ; 0.000   ;    ;      ;        ;                     ; launch edge time                          ;
; 5.972    ; 5.972   ;    ;      ;        ;                     ; clock path                                ;
;   0.000  ;   0.000 ;    ;      ;        ;                     ; source latency                            ;
;   0.000  ;   0.000 ;    ;      ; 1      ; LABCELL_X1_Y36_N48  ; gpu_clk                                   ;
;   2.743  ;   2.743 ; RR ; IC   ; 1      ; CLKCTRL_G2          ; gpu_clk~CLKENA0|inclk                     ;
;   3.064  ;   0.321 ; RR ; CELL ; 9151   ; CLKCTRL_G2          ; gpu_clk~CLKENA0|outclk                    ;
;   5.389  ;   2.325 ; RR ; IC   ; 1      ; FF_X16_Y33_N7       ; u_dma|m.M_HCRC|clk                        ;
;   5.972  ;   0.583 ; RR ; CELL ; 1      ; FF_X16_Y33_N7       ; zhao_cmd_dma:u_dma|m.M_HCRC               ;
; 15.425   ; 9.453   ;    ;      ;        ;                     ; data path                                 ;
;   5.972  ;   0.000 ;    ; uTco ; 1      ; FF_X16_Y33_N7       ; zhao_cmd_dma:u_dma|m.M_HCRC               ;
;   5.972  ;   0.000 ; RR ; CELL ; 103    ; FF_X16_Y33_N7       ; u_dma|m.M_HCRC|q                          ;
;   7.052  ;   1.080 ; RR ; IC   ; 1      ; LABCELL_X17_Y37_N45 ; u_dma|WideNor0|datae                      ;
;   7.322  ;   0.270 ; RF ; CELL ; 65     ; LABCELL_X17_Y37_N45 ; u_dma|WideNor0|combout                    ;
;   8.774  ;   1.452 ; FF ; IC   ; 1      ; LABCELL_X11_Y35_N12 ; u_dma|fold_d[26]~142|datad                ;
;   9.286  ;   0.512 ; FF ; CELL ; 14     ; LABCELL_X11_Y35_N12 ; u_dma|fold_d[26]~142|combout              ;
;   10.009 ;   0.723 ; FF ; IC   ; 1      ; LABCELL_X7_Y35_N3   ; u_dma|u_fold4|acc~10|datad                ;
;   10.389 ;   0.380 ; FF ; CELL ; 5      ; LABCELL_X7_Y35_N3   ; u_dma|u_fold4|acc~10|combout              ;
;   11.737 ;   1.348 ; FF ; IC   ; 1      ; MLABCELL_X6_Y37_N24 ; u_dma|u_fold4|g_fold[4].acc[2]~26|dataf   ;
;   11.820 ;   0.083 ; FF ; CELL ; 3      ; MLABCELL_X6_Y37_N24 ; u_dma|u_fold4|g_fold[4].acc[2]~26|combout ;
;   12.799 ;   0.979 ; FF ; IC   ; 1      ; LABCELL_X9_Y38_N54  ; u_dma|u_fold8|g_fold[8].acc[9]~27|datae   ;
;   13.030 ;   0.231 ; FR ; CELL ; 1      ; LABCELL_X9_Y38_N54  ; u_dma|u_fold8|g_fold[8].acc[9]~27|combout ;
;   13.712 ;   0.682 ; RR ; IC   ; 1      ; LABCELL_X9_Y39_N12  ; u_dma|u_fold8|g_fold[8].acc[9]~28|datae   ;
;   14.014 ;   0.302 ; RF ; CELL ; 2      ; LABCELL_X9_Y39_N12  ; u_dma|u_fold8|g_fold[8].acc[9]~28|combout ;
;   14.224 ;   0.210 ; FF ; IC   ; 1      ; LABCELL_X9_Y39_N18  ; u_dma|u_fold8|g_fold[8].acc[9]~88|datab   ;
;   14.797 ;   0.573 ; FR ; CELL ; 2      ; LABCELL_X9_Y39_N18  ; u_dma|u_fold8|g_fold[8].acc[9]~88|combout ;
;   15.072 ;   0.275 ; RR ; IC   ; 1      ; LABCELL_X9_Y39_N30  ; u_dma|Selector927~0|dataf                 ;
;   15.161 ;   0.089 ; RF ; CELL ; 2      ; LABCELL_X9_Y39_N30  ; u_dma|Selector927~0|combout               ;
;   15.161 ;   0.000 ; FF ; IC   ; 1      ; FF_X9_Y39_N31       ; u_dma|crc_pay_r[9]|d                      ;
;   15.425 ;   0.264 ; FF ; CELL ; 1      ; FF_X9_Y39_N31       ; zhao_cmd_dma:u_dma|crc_pay_r[9]           ;
+----------+---------+----+------+--------+---------------------+-------------------------------------------+

+------------------------------------------------------------------------------------------------+
; Data Required Path                                                                             ;
+----------+---------+----+------+--------+--------------------+---------------------------------+
; Total    ; Incr    ; RF ; Type ; Fanout ; Location           ; Element                         ;
+----------+---------+----+------+--------+--------------------+---------------------------------+
; 10.000   ; 10.000  ;    ;      ;        ;                    ; latch edge time                 ;
; 15.559   ; 5.559   ;    ;      ;        ;                    ; clock path                      ;
;   10.000 ;   0.000 ;    ;      ;        ;                    ; source latency                  ;
;   10.000 ;   0.000 ;    ;      ; 1      ; LABCELL_X1_Y36_N48 ; gpu_clk                         ;
;   10.588 ;   0.588 ; RR ; IC   ; 1      ; CLKCTRL_G2         ; gpu_clk~CLKENA0|inclk           ;
;   10.883 ;   0.295 ; RR ; CELL ; 9151   ; CLKCTRL_G2         ; gpu_clk~CLKENA0|outclk          ;
;   12.883 ;   2.000 ; RR ; IC   ; 1      ; FF_X9_Y39_N31      ; u_dma|crc_pay_r[9]|clk          ;
;   13.378 ;   0.495 ; RR ; CELL ; 1      ; FF_X9_Y39_N31      ; zhao_cmd_dma:u_dma|crc_pay_r[9] ;
;   15.559 ;   2.181 ;    ;      ;        ;                    ; clock pessimism removed         ;
; 15.499   ; -0.060  ;    ;      ;        ;                    ; clock uncertainty               ;
; 15.499   ; 0.000   ;    ; uTsu ; 1      ; FF_X9_Y39_N31      ; zhao_cmd_dma:u_dma|crc_pay_r[9] ;
+----------+---------+----+------+--------+--------------------+---------------------------------+

----------------------------
; Extra Fitter Information ;
----------------------------
HTML report is unavailable in plain text report export.


Path #88: Setup slack is 0.077 
===============================================================================
+----------------------------------------------------------------+
; Path Summary                                                   ;
+--------------------+-------------------------------------------+
; Property           ; Value                                     ;
+--------------------+-------------------------------------------+
; From Node          ; zhao_cmd_dma:u_dma|m.M_HCRC               ;
; To Node            ; zhao_cmd_dma:u_dma|crc_hdr_r[9]~DUPLICATE ;
; Launch Clock       ; gpu_clk                                   ;
; Latch Clock        ; gpu_clk                                   ;
; Data Arrival Time  ; 15.424                                    ;
; Data Required Time ; 15.501                                    ;
; Slack              ; 0.077                                     ;
+--------------------+-------------------------------------------+

+------------------------------------------------------------------------------------+
; Statistics                                                                         ;
+------------------------+--------+-------+-------------+------------+-------+-------+
; Property               ; Value  ; Count ; Total Delay ; % of Total ; Min   ; Max   ;
+------------------------+--------+-------+-------------+------------+-------+-------+
; Setup Relationship     ; 10.000 ;       ;             ;            ;       ;       ;
; Clock Skew             ; -0.411 ;       ;             ;            ;       ;       ;
; Data Delay             ; 9.452  ;       ;             ;            ;       ;       ;
; Number of Logic Levels ;        ; 8     ;             ;            ;       ;       ;
; Physical Delays        ;        ;       ;             ;            ;       ;       ;
;  Arrival Path          ;        ;       ;             ;            ;       ;       ;
;   Clock                ;        ;       ;             ;            ;       ;       ;
;    IC                  ;        ; 2     ; 5.068       ; 85         ; 2.325 ; 2.743 ;
;    Cell                ;        ; 2     ; 0.904       ; 15         ; 0.321 ; 0.583 ;
;   Data                 ;        ;       ;             ;            ;       ;       ;
;    IC                  ;        ; 9     ; 6.746       ; 71         ; 0.000 ; 1.452 ;
;    Cell                ;        ; 10    ; 2.706       ; 29         ; 0.000 ; 0.573 ;
;    uTco                ;        ; 1     ; 0.000       ; 0          ; 0.000 ; 0.000 ;
;  Required Path         ;        ;       ;             ;            ;       ;       ;
;   Clock                ;        ;       ;             ;            ;       ;       ;
;    IC                  ;        ; 2     ; 2.588       ; 77         ; 0.588 ; 2.000 ;
;    Cell                ;        ; 2     ; 0.792       ; 23         ; 0.295 ; 0.497 ;
+------------------------+--------+-------+-------------+------------+-------+-------+
Note: Negative delays are omitted from totals when calculating percentages

+-----------------------------------------------------------------------------------------------------------+
; Data Arrival Path                                                                                         ;
+----------+---------+----+------+--------+---------------------+-------------------------------------------+
; Total    ; Incr    ; RF ; Type ; Fanout ; Location            ; Element                                   ;
+----------+---------+----+------+--------+---------------------+-------------------------------------------+
; 0.000    ; 0.000   ;    ;      ;        ;                     ; launch edge time                          ;
; 5.972    ; 5.972   ;    ;      ;        ;                     ; clock path                                ;
;   0.000  ;   0.000 ;    ;      ;        ;                     ; source latency                            ;
;   0.000  ;   0.000 ;    ;      ; 1      ; LABCELL_X1_Y36_N48  ; gpu_clk                                   ;
;   2.743  ;   2.743 ; RR ; IC   ; 1      ; CLKCTRL_G2          ; gpu_clk~CLKENA0|inclk                     ;
;   3.064  ;   0.321 ; RR ; CELL ; 9151   ; CLKCTRL_G2          ; gpu_clk~CLKENA0|outclk                    ;
;   5.389  ;   2.325 ; RR ; IC   ; 1      ; FF_X16_Y33_N7       ; u_dma|m.M_HCRC|clk                        ;
;   5.972  ;   0.583 ; RR ; CELL ; 1      ; FF_X16_Y33_N7       ; zhao_cmd_dma:u_dma|m.M_HCRC               ;
; 15.424   ; 9.452   ;    ;      ;        ;                     ; data path                                 ;
;   5.972  ;   0.000 ;    ; uTco ; 1      ; FF_X16_Y33_N7       ; zhao_cmd_dma:u_dma|m.M_HCRC               ;
;   5.972  ;   0.000 ; RR ; CELL ; 103    ; FF_X16_Y33_N7       ; u_dma|m.M_HCRC|q                          ;
;   7.052  ;   1.080 ; RR ; IC   ; 1      ; LABCELL_X17_Y37_N45 ; u_dma|WideNor0|datae                      ;
;   7.322  ;   0.270 ; RF ; CELL ; 65     ; LABCELL_X17_Y37_N45 ; u_dma|WideNor0|combout                    ;
;   8.774  ;   1.452 ; FF ; IC   ; 1      ; LABCELL_X11_Y35_N12 ; u_dma|fold_d[26]~142|datad                ;
;   9.286  ;   0.512 ; FF ; CELL ; 14     ; LABCELL_X11_Y35_N12 ; u_dma|fold_d[26]~142|combout              ;
;   10.009 ;   0.723 ; FF ; IC   ; 1      ; LABCELL_X7_Y35_N3   ; u_dma|u_fold4|acc~10|datad                ;
;   10.389 ;   0.380 ; FF ; CELL ; 5      ; LABCELL_X7_Y35_N3   ; u_dma|u_fold4|acc~10|combout              ;
;   11.737 ;   1.348 ; FF ; IC   ; 1      ; MLABCELL_X6_Y37_N24 ; u_dma|u_fold4|g_fold[4].acc[2]~26|dataf   ;
;   11.820 ;   0.083 ; FF ; CELL ; 3      ; MLABCELL_X6_Y37_N24 ; u_dma|u_fold4|g_fold[4].acc[2]~26|combout ;
;   12.799 ;   0.979 ; FF ; IC   ; 1      ; LABCELL_X9_Y38_N54  ; u_dma|u_fold8|g_fold[8].acc[9]~27|datae   ;
;   13.030 ;   0.231 ; FR ; CELL ; 1      ; LABCELL_X9_Y38_N54  ; u_dma|u_fold8|g_fold[8].acc[9]~27|combout ;
;   13.712 ;   0.682 ; RR ; IC   ; 1      ; LABCELL_X9_Y39_N12  ; u_dma|u_fold8|g_fold[8].acc[9]~28|datae   ;
;   14.014 ;   0.302 ; RF ; CELL ; 2      ; LABCELL_X9_Y39_N12  ; u_dma|u_fold8|g_fold[8].acc[9]~28|combout ;
;   14.224 ;   0.210 ; FF ; IC   ; 1      ; LABCELL_X9_Y39_N18  ; u_dma|u_fold8|g_fold[8].acc[9]~88|datab   ;
;   14.797 ;   0.573 ; FR ; CELL ; 2      ; LABCELL_X9_Y39_N18  ; u_dma|u_fold8|g_fold[8].acc[9]~88|combout ;
;   15.069 ;   0.272 ; RR ; IC   ; 1      ; LABCELL_X9_Y39_N48  ; u_dma|Selector893~0|dataf                 ;
;   15.158 ;   0.089 ; RF ; CELL ; 2      ; LABCELL_X9_Y39_N48  ; u_dma|Selector893~0|combout               ;
;   15.158 ;   0.000 ; FF ; IC   ; 1      ; FF_X9_Y39_N50       ; u_dma|crc_hdr_r[9]~DUPLICATE|d            ;
;   15.424 ;   0.266 ; FF ; CELL ; 1      ; FF_X9_Y39_N50       ; zhao_cmd_dma:u_dma|crc_hdr_r[9]~DUPLICATE ;
+----------+---------+----+------+--------+---------------------+-------------------------------------------+

+----------------------------------------------------------------------------------------------------------+
; Data Required Path                                                                                       ;
+----------+---------+----+------+--------+--------------------+-------------------------------------------+
; Total    ; Incr    ; RF ; Type ; Fanout ; Location           ; Element                                   ;
+----------+---------+----+------+--------+--------------------+-------------------------------------------+
; 10.000   ; 10.000  ;    ;      ;        ;                    ; latch edge time                           ;
; 15.561   ; 5.561   ;    ;      ;        ;                    ; clock path                                ;
;   10.000 ;   0.000 ;    ;      ;        ;                    ; source latency                            ;
;   10.000 ;   0.000 ;    ;      ; 1      ; LABCELL_X1_Y36_N48 ; gpu_clk                                   ;
;   10.588 ;   0.588 ; RR ; IC   ; 1      ; CLKCTRL_G2         ; gpu_clk~CLKENA0|inclk                     ;
;   10.883 ;   0.295 ; RR ; CELL ; 9151   ; CLKCTRL_G2         ; gpu_clk~CLKENA0|outclk                    ;
;   12.883 ;   2.000 ; RR ; IC   ; 1      ; FF_X9_Y39_N50      ; u_dma|crc_hdr_r[9]~DUPLICATE|clk          ;
;   13.380 ;   0.497 ; RR ; CELL ; 1      ; FF_X9_Y39_N50      ; zhao_cmd_dma:u_dma|crc_hdr_r[9]~DUPLICATE ;
;   15.561 ;   2.181 ;    ;      ;        ;                    ; clock pessimism removed                   ;
; 15.501   ; -0.060  ;    ;      ;        ;                    ; clock uncertainty                         ;
; 15.501   ; 0.000   ;    ; uTsu ; 1      ; FF_X9_Y39_N50      ; zhao_cmd_dma:u_dma|crc_hdr_r[9]~DUPLICATE ;
+----------+---------+----+------+--------+--------------------+-------------------------------------------+

----------------------------
; Extra Fitter Information ;
----------------------------
HTML report is unavailable in plain text report export.


Path #89: Setup slack is 0.083 
===============================================================================
+------------------------------------------------------+
; Path Summary                                         ;
+--------------------+---------------------------------+
; Property           ; Value                           ;
+--------------------+---------------------------------+
; From Node          ; zhao_cmd_dma:u_dma|m.M_HCRC     ;
; To Node            ; zhao_cmd_dma:u_dma|crc_hdr_r[9] ;
; Launch Clock       ; gpu_clk                         ;
; Latch Clock        ; gpu_clk                         ;
; Data Arrival Time  ; 15.422                          ;
; Data Required Time ; 15.505                          ;
; Slack              ; 0.083                           ;
+--------------------+---------------------------------+

+------------------------------------------------------------------------------------+
; Statistics                                                                         ;
+------------------------+--------+-------+-------------+------------+-------+-------+
; Property               ; Value  ; Count ; Total Delay ; % of Total ; Min   ; Max   ;
+------------------------+--------+-------+-------------+------------+-------+-------+
; Setup Relationship     ; 10.000 ;       ;             ;            ;       ;       ;
; Clock Skew             ; -0.407 ;       ;             ;            ;       ;       ;
; Data Delay             ; 9.450  ;       ;             ;            ;       ;       ;
; Number of Logic Levels ;        ; 8     ;             ;            ;       ;       ;
; Physical Delays        ;        ;       ;             ;            ;       ;       ;
;  Arrival Path          ;        ;       ;             ;            ;       ;       ;
;   Clock                ;        ;       ;             ;            ;       ;       ;
;    IC                  ;        ; 2     ; 5.068       ; 85         ; 2.325 ; 2.743 ;
;    Cell                ;        ; 2     ; 0.904       ; 15         ; 0.321 ; 0.583 ;
;   Data                 ;        ;       ;             ;            ;       ;       ;
;    IC                  ;        ; 9     ; 6.746       ; 71         ; 0.000 ; 1.452 ;
;    Cell                ;        ; 10    ; 2.704       ; 29         ; 0.000 ; 0.573 ;
;    uTco                ;        ; 1     ; 0.000       ; 0          ; 0.000 ; 0.000 ;
;  Required Path         ;        ;       ;             ;            ;       ;       ;
;   Clock                ;        ;       ;             ;            ;       ;       ;
;    IC                  ;        ; 2     ; 2.588       ; 76         ; 0.588 ; 2.000 ;
;    Cell                ;        ; 2     ; 0.796       ; 24         ; 0.295 ; 0.501 ;
+------------------------+--------+-------+-------------+------------+-------+-------+
Note: Negative delays are omitted from totals when calculating percentages

+-----------------------------------------------------------------------------------------------------------+
; Data Arrival Path                                                                                         ;
+----------+---------+----+------+--------+---------------------+-------------------------------------------+
; Total    ; Incr    ; RF ; Type ; Fanout ; Location            ; Element                                   ;
+----------+---------+----+------+--------+---------------------+-------------------------------------------+
; 0.000    ; 0.000   ;    ;      ;        ;                     ; launch edge time                          ;
; 5.972    ; 5.972   ;    ;      ;        ;                     ; clock path                                ;
;   0.000  ;   0.000 ;    ;      ;        ;                     ; source latency                            ;
;   0.000  ;   0.000 ;    ;      ; 1      ; LABCELL_X1_Y36_N48  ; gpu_clk                                   ;
;   2.743  ;   2.743 ; RR ; IC   ; 1      ; CLKCTRL_G2          ; gpu_clk~CLKENA0|inclk                     ;
;   3.064  ;   0.321 ; RR ; CELL ; 9151   ; CLKCTRL_G2          ; gpu_clk~CLKENA0|outclk                    ;
;   5.389  ;   2.325 ; RR ; IC   ; 1      ; FF_X16_Y33_N7       ; u_dma|m.M_HCRC|clk                        ;
;   5.972  ;   0.583 ; RR ; CELL ; 1      ; FF_X16_Y33_N7       ; zhao_cmd_dma:u_dma|m.M_HCRC               ;
; 15.422   ; 9.450   ;    ;      ;        ;                     ; data path                                 ;
;   5.972  ;   0.000 ;    ; uTco ; 1      ; FF_X16_Y33_N7       ; zhao_cmd_dma:u_dma|m.M_HCRC               ;
;   5.972  ;   0.000 ; RR ; CELL ; 103    ; FF_X16_Y33_N7       ; u_dma|m.M_HCRC|q                          ;
;   7.052  ;   1.080 ; RR ; IC   ; 1      ; LABCELL_X17_Y37_N45 ; u_dma|WideNor0|datae                      ;
;   7.322  ;   0.270 ; RF ; CELL ; 65     ; LABCELL_X17_Y37_N45 ; u_dma|WideNor0|combout                    ;
;   8.774  ;   1.452 ; FF ; IC   ; 1      ; LABCELL_X11_Y35_N12 ; u_dma|fold_d[26]~142|datad                ;
;   9.286  ;   0.512 ; FF ; CELL ; 14     ; LABCELL_X11_Y35_N12 ; u_dma|fold_d[26]~142|combout              ;
;   10.009 ;   0.723 ; FF ; IC   ; 1      ; LABCELL_X7_Y35_N3   ; u_dma|u_fold4|acc~10|datad                ;
;   10.389 ;   0.380 ; FF ; CELL ; 5      ; LABCELL_X7_Y35_N3   ; u_dma|u_fold4|acc~10|combout              ;
;   11.737 ;   1.348 ; FF ; IC   ; 1      ; MLABCELL_X6_Y37_N24 ; u_dma|u_fold4|g_fold[4].acc[2]~26|dataf   ;
;   11.820 ;   0.083 ; FF ; CELL ; 3      ; MLABCELL_X6_Y37_N24 ; u_dma|u_fold4|g_fold[4].acc[2]~26|combout ;
;   12.799 ;   0.979 ; FF ; IC   ; 1      ; LABCELL_X9_Y38_N54  ; u_dma|u_fold8|g_fold[8].acc[9]~27|datae   ;
;   13.030 ;   0.231 ; FR ; CELL ; 1      ; LABCELL_X9_Y38_N54  ; u_dma|u_fold8|g_fold[8].acc[9]~27|combout ;
;   13.712 ;   0.682 ; RR ; IC   ; 1      ; LABCELL_X9_Y39_N12  ; u_dma|u_fold8|g_fold[8].acc[9]~28|datae   ;
;   14.014 ;   0.302 ; RF ; CELL ; 2      ; LABCELL_X9_Y39_N12  ; u_dma|u_fold8|g_fold[8].acc[9]~28|combout ;
;   14.224 ;   0.210 ; FF ; IC   ; 1      ; LABCELL_X9_Y39_N18  ; u_dma|u_fold8|g_fold[8].acc[9]~88|datab   ;
;   14.797 ;   0.573 ; FR ; CELL ; 2      ; LABCELL_X9_Y39_N18  ; u_dma|u_fold8|g_fold[8].acc[9]~88|combout ;
;   15.069 ;   0.272 ; RR ; IC   ; 1      ; LABCELL_X9_Y39_N48  ; u_dma|Selector893~0|dataf                 ;
;   15.158 ;   0.089 ; RF ; CELL ; 2      ; LABCELL_X9_Y39_N48  ; u_dma|Selector893~0|combout               ;
;   15.158 ;   0.000 ; FF ; IC   ; 1      ; FF_X9_Y39_N49       ; u_dma|crc_hdr_r[9]|d                      ;
;   15.422 ;   0.264 ; FF ; CELL ; 1      ; FF_X9_Y39_N49       ; zhao_cmd_dma:u_dma|crc_hdr_r[9]           ;
+----------+---------+----+------+--------+---------------------+-------------------------------------------+

+------------------------------------------------------------------------------------------------+
; Data Required Path                                                                             ;
+----------+---------+----+------+--------+--------------------+---------------------------------+
; Total    ; Incr    ; RF ; Type ; Fanout ; Location           ; Element                         ;
+----------+---------+----+------+--------+--------------------+---------------------------------+
; 10.000   ; 10.000  ;    ;      ;        ;                    ; latch edge time                 ;
; 15.565   ; 5.565   ;    ;      ;        ;                    ; clock path                      ;
;   10.000 ;   0.000 ;    ;      ;        ;                    ; source latency                  ;
;   10.000 ;   0.000 ;    ;      ; 1      ; LABCELL_X1_Y36_N48 ; gpu_clk                         ;
;   10.588 ;   0.588 ; RR ; IC   ; 1      ; CLKCTRL_G2         ; gpu_clk~CLKENA0|inclk           ;
;   10.883 ;   0.295 ; RR ; CELL ; 9151   ; CLKCTRL_G2         ; gpu_clk~CLKENA0|outclk          ;
;   12.883 ;   2.000 ; RR ; IC   ; 1      ; FF_X9_Y39_N49      ; u_dma|crc_hdr_r[9]|clk          ;
;   13.384 ;   0.501 ; RR ; CELL ; 1      ; FF_X9_Y39_N49      ; zhao_cmd_dma:u_dma|crc_hdr_r[9] ;
;   15.565 ;   2.181 ;    ;      ;        ;                    ; clock pessimism removed         ;
; 15.505   ; -0.060  ;    ;      ;        ;                    ; clock uncertainty               ;
; 15.505   ; 0.000   ;    ; uTsu ; 1      ; FF_X9_Y39_N49      ; zhao_cmd_dma:u_dma|crc_hdr_r[9] ;
+----------+---------+----+------+--------+--------------------+---------------------------------+

----------------------------
; Extra Fitter Information ;
----------------------------
HTML report is unavailable in plain text report export.


Path #90: Setup slack is 0.086 
===============================================================================
+-----------------------------------------------------------------+
; Path Summary                                                    ;
+--------------------+--------------------------------------------+
; Property           ; Value                                      ;
+--------------------+--------------------------------------------+
; From Node          ; zhao_cmd_dma:u_dma|m.M_HCRC                ;
; To Node            ; zhao_cmd_dma:u_dma|crc_pay_r[18]~DUPLICATE ;
; Launch Clock       ; gpu_clk                                    ;
; Latch Clock        ; gpu_clk                                    ;
; Data Arrival Time  ; 15.749                                     ;
; Data Required Time ; 15.835                                     ;
; Slack              ; 0.086                                      ;
+--------------------+--------------------------------------------+

+------------------------------------------------------------------------------------+
; Statistics                                                                         ;
+------------------------+--------+-------+-------------+------------+-------+-------+
; Property               ; Value  ; Count ; Total Delay ; % of Total ; Min   ; Max   ;
+------------------------+--------+-------+-------------+------------+-------+-------+
; Setup Relationship     ; 10.000 ;       ;             ;            ;       ;       ;
; Clock Skew             ; -0.077 ;       ;             ;            ;       ;       ;
; Data Delay             ; 9.777  ;       ;             ;            ;       ;       ;
; Number of Logic Levels ;        ; 8     ;             ;            ;       ;       ;
; Physical Delays        ;        ;       ;             ;            ;       ;       ;
;  Arrival Path          ;        ;       ;             ;            ;       ;       ;
;   Clock                ;        ;       ;             ;            ;       ;       ;
;    IC                  ;        ; 2     ; 5.068       ; 85         ; 2.325 ; 2.743 ;
;    Cell                ;        ; 2     ; 0.904       ; 15         ; 0.321 ; 0.583 ;
;   Data                 ;        ;       ;             ;            ;       ;       ;
;    IC                  ;        ; 9     ; 7.070       ; 72         ; 0.000 ; 1.404 ;
;    Cell                ;        ; 10    ; 2.707       ; 28         ; 0.000 ; 0.571 ;
;    uTco                ;        ; 1     ; 0.000       ; 0          ; 0.000 ; 0.000 ;
;  Required Path         ;        ;       ;             ;            ;       ;       ;
;   Clock                ;        ;       ;             ;            ;       ;       ;
;    IC                  ;        ; 2     ; 2.530       ; 76         ; 0.588 ; 1.942 ;
;    Cell                ;        ; 2     ; 0.795       ; 24         ; 0.295 ; 0.500 ;
+------------------------+--------+-------+-------------+------------+-------+-------+
Note: Negative delays are omitted from totals when calculating percentages

+-------------------------------------------------------------------------------------------------------------+
; Data Arrival Path                                                                                           ;
+----------+---------+----+------+--------+---------------------+---------------------------------------------+
; Total    ; Incr    ; RF ; Type ; Fanout ; Location            ; Element                                     ;
+----------+---------+----+------+--------+---------------------+---------------------------------------------+
; 0.000    ; 0.000   ;    ;      ;        ;                     ; launch edge time                            ;
; 5.972    ; 5.972   ;    ;      ;        ;                     ; clock path                                  ;
;   0.000  ;   0.000 ;    ;      ;        ;                     ; source latency                              ;
;   0.000  ;   0.000 ;    ;      ; 1      ; LABCELL_X1_Y36_N48  ; gpu_clk                                     ;
;   2.743  ;   2.743 ; RR ; IC   ; 1      ; CLKCTRL_G2          ; gpu_clk~CLKENA0|inclk                       ;
;   3.064  ;   0.321 ; RR ; CELL ; 9151   ; CLKCTRL_G2          ; gpu_clk~CLKENA0|outclk                      ;
;   5.389  ;   2.325 ; RR ; IC   ; 1      ; FF_X16_Y33_N7       ; u_dma|m.M_HCRC|clk                          ;
;   5.972  ;   0.583 ; RR ; CELL ; 1      ; FF_X16_Y33_N7       ; zhao_cmd_dma:u_dma|m.M_HCRC                 ;
; 15.749   ; 9.777   ;    ;      ;        ;                     ; data path                                   ;
;   5.972  ;   0.000 ;    ; uTco ; 1      ; FF_X16_Y33_N7       ; zhao_cmd_dma:u_dma|m.M_HCRC                 ;
;   5.972  ;   0.000 ; FF ; CELL ; 103    ; FF_X16_Y33_N7       ; u_dma|m.M_HCRC|q                            ;
;   7.376  ;   1.404 ; FF ; IC   ; 1      ; LABCELL_X9_Y35_N27  ; u_dma|fold_c[26]~19|datad                   ;
;   7.756  ;   0.380 ; FF ; CELL ; 16     ; LABCELL_X9_Y35_N27  ; u_dma|fold_c[26]~19|combout                 ;
;   8.750  ;   0.994 ; FF ; IC   ; 1      ; LABCELL_X7_Y36_N33  ; u_dma|u_fold4|acc~3|datad                   ;
;   9.133  ;   0.383 ; FF ; CELL ; 9      ; LABCELL_X7_Y36_N33  ; u_dma|u_fold4|acc~3|combout                 ;
;   10.506 ;   1.373 ; FF ; IC   ; 1      ; LABCELL_X4_Y39_N39  ; u_dma|u_fold8|g_fold[8].acc[18]~213|datae   ;
;   10.844 ;   0.338 ; FR ; CELL ; 1      ; LABCELL_X4_Y39_N39  ; u_dma|u_fold8|g_fold[8].acc[18]~213|combout ;
;   11.492 ;   0.648 ; RR ; IC   ; 1      ; MLABCELL_X8_Y39_N42 ; u_dma|u_fold8|g_fold[8].acc[18]~214|datab   ;
;   12.063 ;   0.571 ; RF ; CELL ; 1      ; MLABCELL_X8_Y39_N42 ; u_dma|u_fold8|g_fold[8].acc[18]~214|combout ;
;   12.770 ;   0.707 ; FF ; IC   ; 1      ; LABCELL_X10_Y38_N30 ; u_dma|u_fold8|g_fold[8].acc[18]~215|datac   ;
;   13.253 ;   0.483 ; FF ; CELL ; 1      ; LABCELL_X10_Y38_N30 ; u_dma|u_fold8|g_fold[8].acc[18]~215|combout ;
;   13.489 ;   0.236 ; FF ; IC   ; 1      ; LABCELL_X10_Y38_N36 ; u_dma|u_fold8|g_fold[8].acc[18]~216|dataf   ;
;   13.580 ;   0.091 ; FR ; CELL ; 1      ; LABCELL_X10_Y38_N36 ; u_dma|u_fold8|g_fold[8].acc[18]~216|combout ;
;   14.185 ;   0.605 ; RR ; IC   ; 1      ; MLABCELL_X8_Y38_N15 ; u_dma|u_fold8|g_fold[8].acc[18]~217|dataf   ;
;   14.278 ;   0.093 ; RF ; CELL ; 2      ; MLABCELL_X8_Y38_N15 ; u_dma|u_fold8|g_fold[8].acc[18]~217|combout ;
;   15.381 ;   1.103 ; FF ; IC   ; 1      ; MLABCELL_X8_Y35_N12 ; u_dma|Selector918~0|dataf                   ;
;   15.469 ;   0.088 ; FR ; CELL ; 2      ; MLABCELL_X8_Y35_N12 ; u_dma|Selector918~0|combout                 ;
;   15.469 ;   0.000 ; RR ; IC   ; 1      ; FF_X8_Y35_N14       ; u_dma|crc_pay_r[18]~DUPLICATE|d             ;
;   15.749 ;   0.280 ; RR ; CELL ; 1      ; FF_X8_Y35_N14       ; zhao_cmd_dma:u_dma|crc_pay_r[18]~DUPLICATE  ;
+----------+---------+----+------+--------+---------------------+---------------------------------------------+

+-----------------------------------------------------------------------------------------------------------+
; Data Required Path                                                                                        ;
+----------+---------+----+------+--------+--------------------+--------------------------------------------+
; Total    ; Incr    ; RF ; Type ; Fanout ; Location           ; Element                                    ;
+----------+---------+----+------+--------+--------------------+--------------------------------------------+
; 10.000   ; 10.000  ;    ;      ;        ;                    ; latch edge time                            ;
; 15.895   ; 5.895   ;    ;      ;        ;                    ; clock path                                 ;
;   10.000 ;   0.000 ;    ;      ;        ;                    ; source latency                             ;
;   10.000 ;   0.000 ;    ;      ; 1      ; LABCELL_X1_Y36_N48 ; gpu_clk                                    ;
;   10.588 ;   0.588 ; RR ; IC   ; 1      ; CLKCTRL_G2         ; gpu_clk~CLKENA0|inclk                      ;
;   10.883 ;   0.295 ; RR ; CELL ; 9151   ; CLKCTRL_G2         ; gpu_clk~CLKENA0|outclk                     ;
;   12.825 ;   1.942 ; RR ; IC   ; 1      ; FF_X8_Y35_N14      ; u_dma|crc_pay_r[18]~DUPLICATE|clk          ;
;   13.325 ;   0.500 ; RR ; CELL ; 1      ; FF_X8_Y35_N14      ; zhao_cmd_dma:u_dma|crc_pay_r[18]~DUPLICATE ;
;   15.895 ;   2.570 ;    ;      ;        ;                    ; clock pessimism removed                    ;
; 15.835   ; -0.060  ;    ;      ;        ;                    ; clock uncertainty                          ;
; 15.835   ; 0.000   ;    ; uTsu ; 1      ; FF_X8_Y35_N14      ; zhao_cmd_dma:u_dma|crc_pay_r[18]~DUPLICATE ;
+----------+---------+----+------+--------+--------------------+--------------------------------------------+

----------------------------
; Extra Fitter Information ;
----------------------------
HTML report is unavailable in plain text report export.


Path #91: Setup slack is 0.088 
===============================================================================
+----------------------------------------------------------------+
; Path Summary                                                   ;
+--------------------+-------------------------------------------+
; Property           ; Value                                     ;
+--------------------+-------------------------------------------+
; From Node          ; zhao_cmd_dma:u_dma|hdr_win[28][6]         ;
; To Node            ; zhao_cmd_dma:u_dma|crc_pay_r[8]~DUPLICATE ;
; Launch Clock       ; gpu_clk                                   ;
; Latch Clock        ; gpu_clk                                   ;
; Data Arrival Time  ; 15.407                                    ;
; Data Required Time ; 15.495                                    ;
; Slack              ; 0.088                                     ;
+--------------------+-------------------------------------------+

+------------------------------------------------------------------------------------+
; Statistics                                                                         ;
+------------------------+--------+-------+-------------+------------+-------+-------+
; Property               ; Value  ; Count ; Total Delay ; % of Total ; Min   ; Max   ;
+------------------------+--------+-------+-------------+------------+-------+-------+
; Setup Relationship     ; 10.000 ;       ;             ;            ;       ;       ;
; Clock Skew             ; -0.412 ;       ;             ;            ;       ;       ;
; Data Delay             ; 9.440  ;       ;             ;            ;       ;       ;
; Number of Logic Levels ;        ; 8     ;             ;            ;       ;       ;
; Physical Delays        ;        ;       ;             ;            ;       ;       ;
;  Arrival Path          ;        ;       ;             ;            ;       ;       ;
;   Clock                ;        ;       ;             ;            ;       ;       ;
;    IC                  ;        ; 2     ; 5.072       ; 85         ; 2.329 ; 2.743 ;
;    Cell                ;        ; 2     ; 0.895       ; 15         ; 0.321 ; 0.574 ;
;   Data                 ;        ;       ;             ;            ;       ;       ;
;    IC                  ;        ; 9     ; 5.595       ; 59         ; 0.000 ; 1.232 ;
;    Cell                ;        ; 10    ; 3.845       ; 41         ; 0.000 ; 0.601 ;
;    uTco                ;        ; 1     ; 0.000       ; 0          ; 0.000 ; 0.000 ;
;  Required Path         ;        ;       ;             ;            ;       ;       ;
;   Clock                ;        ;       ;             ;            ;       ;       ;
;    IC                  ;        ; 2     ; 2.587       ; 77         ; 0.588 ; 1.999 ;
;    Cell                ;        ; 2     ; 0.787       ; 23         ; 0.295 ; 0.492 ;
+------------------------+--------+-------+-------------+------------+-------+-------+
Note: Negative delays are omitted from totals when calculating percentages

+-----------------------------------------------------------------------------------------------------------+
; Data Arrival Path                                                                                         ;
+----------+---------+----+------+--------+---------------------+-------------------------------------------+
; Total    ; Incr    ; RF ; Type ; Fanout ; Location            ; Element                                   ;
+----------+---------+----+------+--------+---------------------+-------------------------------------------+
; 0.000    ; 0.000   ;    ;      ;        ;                     ; launch edge time                          ;
; 5.967    ; 5.967   ;    ;      ;        ;                     ; clock path                                ;
;   0.000  ;   0.000 ;    ;      ;        ;                     ; source latency                            ;
;   0.000  ;   0.000 ;    ;      ; 1      ; LABCELL_X1_Y36_N48  ; gpu_clk                                   ;
;   2.743  ;   2.743 ; RR ; IC   ; 1      ; CLKCTRL_G2          ; gpu_clk~CLKENA0|inclk                     ;
;   3.064  ;   0.321 ; RR ; CELL ; 9151   ; CLKCTRL_G2          ; gpu_clk~CLKENA0|outclk                    ;
;   5.393  ;   2.329 ; RR ; IC   ; 1      ; FF_X21_Y34_N44      ; u_dma|hdr_win[28][6]|clk                  ;
;   5.967  ;   0.574 ; RR ; CELL ; 1      ; FF_X21_Y34_N44      ; zhao_cmd_dma:u_dma|hdr_win[28][6]         ;
; 15.407   ; 9.440   ;    ;      ;        ;                     ; data path                                 ;
;   5.967  ;   0.000 ;    ; uTco ; 1      ; FF_X21_Y34_N44      ; zhao_cmd_dma:u_dma|hdr_win[28][6]         ;
;   5.967  ;   0.000 ; RR ; CELL ; 4      ; FF_X21_Y34_N44      ; u_dma|hdr_win[28][6]|q                    ;
;   7.030  ;   1.063 ; RR ; IC   ; 1      ; MLABCELL_X21_Y38_N6 ; u_dma|fold_d[38]~217|dataa                ;
;   7.631  ;   0.601 ; RR ; CELL ; 1      ; MLABCELL_X21_Y38_N6 ; u_dma|fold_d[38]~217|combout              ;
;   8.236  ;   0.605 ; RR ; IC   ; 1      ; LABCELL_X18_Y38_N33 ; u_dma|fold_d[38]~219|datad                ;
;   8.664  ;   0.428 ; RR ; CELL ; 1      ; LABCELL_X18_Y38_N33 ; u_dma|fold_d[38]~219|combout              ;
;   8.926  ;   0.262 ; RR ; IC   ; 1      ; LABCELL_X18_Y38_N48 ; u_dma|fold_d[38]~220|datac                ;
;   9.420  ;   0.494 ; RF ; CELL ; 9      ; LABCELL_X18_Y38_N48 ; u_dma|fold_d[38]~220|combout              ;
;   10.652 ;   1.232 ; FF ; IC   ; 1      ; LABCELL_X9_Y38_N30  ; u_dma|u_fold8|acc~35|datac                ;
;   11.139 ;   0.487 ; FF ; CELL ; 3      ; LABCELL_X9_Y38_N30  ; u_dma|u_fold8|acc~35|combout              ;
;   11.860 ;   0.721 ; FF ; IC   ; 1      ; MLABCELL_X6_Y38_N12 ; u_dma|u_fold8|g_fold[8].acc[8]~96|datad   ;
;   12.429 ;   0.569 ; FF ; CELL ; 2      ; MLABCELL_X6_Y38_N12 ; u_dma|u_fold8|g_fold[8].acc[8]~96|combout ;
;   13.348 ;   0.919 ; FF ; IC   ; 1      ; LABCELL_X11_Y37_N48 ; u_dma|u_fold8|g_fold[8].acc[8]~97|dataa   ;
;   13.883 ;   0.535 ; FF ; CELL ; 1      ; LABCELL_X11_Y37_N48 ; u_dma|u_fold8|g_fold[8].acc[8]~97|combout ;
;   14.418 ;   0.535 ; FF ; IC   ; 1      ; LABCELL_X10_Y37_N18 ; u_dma|u_fold8|g_fold[8].acc[8]~98|datad   ;
;   14.794 ;   0.376 ; FR ; CELL ; 2      ; LABCELL_X10_Y37_N18 ; u_dma|u_fold8|g_fold[8].acc[8]~98|combout ;
;   15.052 ;   0.258 ; RR ; IC   ; 1      ; LABCELL_X10_Y37_N30 ; u_dma|Selector928~0|dataf                 ;
;   15.141 ;   0.089 ; RF ; CELL ; 2      ; LABCELL_X10_Y37_N30 ; u_dma|Selector928~0|combout               ;
;   15.141 ;   0.000 ; FF ; IC   ; 1      ; FF_X10_Y37_N32      ; u_dma|crc_pay_r[8]~DUPLICATE|d            ;
;   15.407 ;   0.266 ; FF ; CELL ; 1      ; FF_X10_Y37_N32      ; zhao_cmd_dma:u_dma|crc_pay_r[8]~DUPLICATE ;
+----------+---------+----+------+--------+---------------------+-------------------------------------------+

+----------------------------------------------------------------------------------------------------------+
; Data Required Path                                                                                       ;
+----------+---------+----+------+--------+--------------------+-------------------------------------------+
; Total    ; Incr    ; RF ; Type ; Fanout ; Location           ; Element                                   ;
+----------+---------+----+------+--------+--------------------+-------------------------------------------+
; 10.000   ; 10.000  ;    ;      ;        ;                    ; latch edge time                           ;
; 15.555   ; 5.555   ;    ;      ;        ;                    ; clock path                                ;
;   10.000 ;   0.000 ;    ;      ;        ;                    ; source latency                            ;
;   10.000 ;   0.000 ;    ;      ; 1      ; LABCELL_X1_Y36_N48 ; gpu_clk                                   ;
;   10.588 ;   0.588 ; RR ; IC   ; 1      ; CLKCTRL_G2         ; gpu_clk~CLKENA0|inclk                     ;
;   10.883 ;   0.295 ; RR ; CELL ; 9151   ; CLKCTRL_G2         ; gpu_clk~CLKENA0|outclk                    ;
;   12.882 ;   1.999 ; RR ; IC   ; 1      ; FF_X10_Y37_N32     ; u_dma|crc_pay_r[8]~DUPLICATE|clk          ;
;   13.374 ;   0.492 ; RR ; CELL ; 1      ; FF_X10_Y37_N32     ; zhao_cmd_dma:u_dma|crc_pay_r[8]~DUPLICATE ;
;   15.555 ;   2.181 ;    ;      ;        ;                    ; clock pessimism removed                   ;
; 15.495   ; -0.060  ;    ;      ;        ;                    ; clock uncertainty                         ;
; 15.495   ; 0.000   ;    ; uTsu ; 1      ; FF_X10_Y37_N32     ; zhao_cmd_dma:u_dma|crc_pay_r[8]~DUPLICATE ;
+----------+---------+----+------+--------+--------------------+-------------------------------------------+

----------------------------
; Extra Fitter Information ;
----------------------------
HTML report is unavailable in plain text report export.


Path #92: Setup slack is 0.091 
===============================================================================
+-------------------------------------------------------+
; Path Summary                                          ;
+--------------------+----------------------------------+
; Property           ; Value                            ;
+--------------------+----------------------------------+
; From Node          ; zhao_cmd_dma:u_dma|m.M_HCRC      ;
; To Node            ; zhao_cmd_dma:u_dma|crc_pay_r[18] ;
; Launch Clock       ; gpu_clk                          ;
; Latch Clock        ; gpu_clk                          ;
; Data Arrival Time  ; 15.747                           ;
; Data Required Time ; 15.838                           ;
; Slack              ; 0.091                            ;
+--------------------+----------------------------------+

+------------------------------------------------------------------------------------+
; Statistics                                                                         ;
+------------------------+--------+-------+-------------+------------+-------+-------+
; Property               ; Value  ; Count ; Total Delay ; % of Total ; Min   ; Max   ;
+------------------------+--------+-------+-------------+------------+-------+-------+
; Setup Relationship     ; 10.000 ;       ;             ;            ;       ;       ;
; Clock Skew             ; -0.074 ;       ;             ;            ;       ;       ;
; Data Delay             ; 9.775  ;       ;             ;            ;       ;       ;
; Number of Logic Levels ;        ; 8     ;             ;            ;       ;       ;
; Physical Delays        ;        ;       ;             ;            ;       ;       ;
;  Arrival Path          ;        ;       ;             ;            ;       ;       ;
;   Clock                ;        ;       ;             ;            ;       ;       ;
;    IC                  ;        ; 2     ; 5.068       ; 85         ; 2.325 ; 2.743 ;
;    Cell                ;        ; 2     ; 0.904       ; 15         ; 0.321 ; 0.583 ;
;   Data                 ;        ;       ;             ;            ;       ;       ;
;    IC                  ;        ; 9     ; 7.070       ; 72         ; 0.000 ; 1.404 ;
;    Cell                ;        ; 10    ; 2.705       ; 28         ; 0.000 ; 0.571 ;
;    uTco                ;        ; 1     ; 0.000       ; 0          ; 0.000 ; 0.000 ;
;  Required Path         ;        ;       ;             ;            ;       ;       ;
;   Clock                ;        ;       ;             ;            ;       ;       ;
;    IC                  ;        ; 2     ; 2.530       ; 76         ; 0.588 ; 1.942 ;
;    Cell                ;        ; 2     ; 0.798       ; 24         ; 0.295 ; 0.503 ;
+------------------------+--------+-------+-------------+------------+-------+-------+
Note: Negative delays are omitted from totals when calculating percentages

+-------------------------------------------------------------------------------------------------------------+
; Data Arrival Path                                                                                           ;
+----------+---------+----+------+--------+---------------------+---------------------------------------------+
; Total    ; Incr    ; RF ; Type ; Fanout ; Location            ; Element                                     ;
+----------+---------+----+------+--------+---------------------+---------------------------------------------+
; 0.000    ; 0.000   ;    ;      ;        ;                     ; launch edge time                            ;
; 5.972    ; 5.972   ;    ;      ;        ;                     ; clock path                                  ;
;   0.000  ;   0.000 ;    ;      ;        ;                     ; source latency                              ;
;   0.000  ;   0.000 ;    ;      ; 1      ; LABCELL_X1_Y36_N48  ; gpu_clk                                     ;
;   2.743  ;   2.743 ; RR ; IC   ; 1      ; CLKCTRL_G2          ; gpu_clk~CLKENA0|inclk                       ;
;   3.064  ;   0.321 ; RR ; CELL ; 9151   ; CLKCTRL_G2          ; gpu_clk~CLKENA0|outclk                      ;
;   5.389  ;   2.325 ; RR ; IC   ; 1      ; FF_X16_Y33_N7       ; u_dma|m.M_HCRC|clk                          ;
;   5.972  ;   0.583 ; RR ; CELL ; 1      ; FF_X16_Y33_N7       ; zhao_cmd_dma:u_dma|m.M_HCRC                 ;
; 15.747   ; 9.775   ;    ;      ;        ;                     ; data path                                   ;
;   5.972  ;   0.000 ;    ; uTco ; 1      ; FF_X16_Y33_N7       ; zhao_cmd_dma:u_dma|m.M_HCRC                 ;
;   5.972  ;   0.000 ; FF ; CELL ; 103    ; FF_X16_Y33_N7       ; u_dma|m.M_HCRC|q                            ;
;   7.376  ;   1.404 ; FF ; IC   ; 1      ; LABCELL_X9_Y35_N27  ; u_dma|fold_c[26]~19|datad                   ;
;   7.756  ;   0.380 ; FF ; CELL ; 16     ; LABCELL_X9_Y35_N27  ; u_dma|fold_c[26]~19|combout                 ;
;   8.750  ;   0.994 ; FF ; IC   ; 1      ; LABCELL_X7_Y36_N33  ; u_dma|u_fold4|acc~3|datad                   ;
;   9.133  ;   0.383 ; FF ; CELL ; 9      ; LABCELL_X7_Y36_N33  ; u_dma|u_fold4|acc~3|combout                 ;
;   10.506 ;   1.373 ; FF ; IC   ; 1      ; LABCELL_X4_Y39_N39  ; u_dma|u_fold8|g_fold[8].acc[18]~213|datae   ;
;   10.844 ;   0.338 ; FR ; CELL ; 1      ; LABCELL_X4_Y39_N39  ; u_dma|u_fold8|g_fold[8].acc[18]~213|combout ;
;   11.492 ;   0.648 ; RR ; IC   ; 1      ; MLABCELL_X8_Y39_N42 ; u_dma|u_fold8|g_fold[8].acc[18]~214|datab   ;
;   12.063 ;   0.571 ; RF ; CELL ; 1      ; MLABCELL_X8_Y39_N42 ; u_dma|u_fold8|g_fold[8].acc[18]~214|combout ;
;   12.770 ;   0.707 ; FF ; IC   ; 1      ; LABCELL_X10_Y38_N30 ; u_dma|u_fold8|g_fold[8].acc[18]~215|datac   ;
;   13.253 ;   0.483 ; FF ; CELL ; 1      ; LABCELL_X10_Y38_N30 ; u_dma|u_fold8|g_fold[8].acc[18]~215|combout ;
;   13.489 ;   0.236 ; FF ; IC   ; 1      ; LABCELL_X10_Y38_N36 ; u_dma|u_fold8|g_fold[8].acc[18]~216|dataf   ;
;   13.580 ;   0.091 ; FR ; CELL ; 1      ; LABCELL_X10_Y38_N36 ; u_dma|u_fold8|g_fold[8].acc[18]~216|combout ;
;   14.185 ;   0.605 ; RR ; IC   ; 1      ; MLABCELL_X8_Y38_N15 ; u_dma|u_fold8|g_fold[8].acc[18]~217|dataf   ;
;   14.278 ;   0.093 ; RF ; CELL ; 2      ; MLABCELL_X8_Y38_N15 ; u_dma|u_fold8|g_fold[8].acc[18]~217|combout ;
;   15.381 ;   1.103 ; FF ; IC   ; 1      ; MLABCELL_X8_Y35_N12 ; u_dma|Selector918~0|dataf                   ;
;   15.469 ;   0.088 ; FR ; CELL ; 2      ; MLABCELL_X8_Y35_N12 ; u_dma|Selector918~0|combout                 ;
;   15.469 ;   0.000 ; RR ; IC   ; 1      ; FF_X8_Y35_N13       ; u_dma|crc_pay_r[18]|d                       ;
;   15.747 ;   0.278 ; RR ; CELL ; 1      ; FF_X8_Y35_N13       ; zhao_cmd_dma:u_dma|crc_pay_r[18]            ;
+----------+---------+----+------+--------+---------------------+---------------------------------------------+

+-------------------------------------------------------------------------------------------------+
; Data Required Path                                                                              ;
+----------+---------+----+------+--------+--------------------+----------------------------------+
; Total    ; Incr    ; RF ; Type ; Fanout ; Location           ; Element                          ;
+----------+---------+----+------+--------+--------------------+----------------------------------+
; 10.000   ; 10.000  ;    ;      ;        ;                    ; latch edge time                  ;
; 15.898   ; 5.898   ;    ;      ;        ;                    ; clock path                       ;
;   10.000 ;   0.000 ;    ;      ;        ;                    ; source latency                   ;
;   10.000 ;   0.000 ;    ;      ; 1      ; LABCELL_X1_Y36_N48 ; gpu_clk                          ;
;   10.588 ;   0.588 ; RR ; IC   ; 1      ; CLKCTRL_G2         ; gpu_clk~CLKENA0|inclk            ;
;   10.883 ;   0.295 ; RR ; CELL ; 9151   ; CLKCTRL_G2         ; gpu_clk~CLKENA0|outclk           ;
;   12.825 ;   1.942 ; RR ; IC   ; 1      ; FF_X8_Y35_N13      ; u_dma|crc_pay_r[18]|clk          ;
;   13.328 ;   0.503 ; RR ; CELL ; 1      ; FF_X8_Y35_N13      ; zhao_cmd_dma:u_dma|crc_pay_r[18] ;
;   15.898 ;   2.570 ;    ;      ;        ;                    ; clock pessimism removed          ;
; 15.838   ; -0.060  ;    ;      ;        ;                    ; clock uncertainty                ;
; 15.838   ; 0.000   ;    ; uTsu ; 1      ; FF_X8_Y35_N13      ; zhao_cmd_dma:u_dma|crc_pay_r[18] ;
+----------+---------+----+------+--------+--------------------+----------------------------------+

----------------------------
; Extra Fitter Information ;
----------------------------
HTML report is unavailable in plain text report export.


Path #93: Setup slack is 0.093 
===============================================================================
+--------------------------------------------------------+
; Path Summary                                           ;
+--------------------+-----------------------------------+
; Property           ; Value                             ;
+--------------------+-----------------------------------+
; From Node          ; zhao_cmd_dma:u_dma|hdr_win[28][6] ;
; To Node            ; zhao_cmd_dma:u_dma|crc_pay_r[8]   ;
; Launch Clock       ; gpu_clk                           ;
; Latch Clock        ; gpu_clk                           ;
; Data Arrival Time  ; 15.405                            ;
; Data Required Time ; 15.498                            ;
; Slack              ; 0.093                             ;
+--------------------+-----------------------------------+

+------------------------------------------------------------------------------------+
; Statistics                                                                         ;
+------------------------+--------+-------+-------------+------------+-------+-------+
; Property               ; Value  ; Count ; Total Delay ; % of Total ; Min   ; Max   ;
+------------------------+--------+-------+-------------+------------+-------+-------+
; Setup Relationship     ; 10.000 ;       ;             ;            ;       ;       ;
; Clock Skew             ; -0.409 ;       ;             ;            ;       ;       ;
; Data Delay             ; 9.438  ;       ;             ;            ;       ;       ;
; Number of Logic Levels ;        ; 8     ;             ;            ;       ;       ;
; Physical Delays        ;        ;       ;             ;            ;       ;       ;
;  Arrival Path          ;        ;       ;             ;            ;       ;       ;
;   Clock                ;        ;       ;             ;            ;       ;       ;
;    IC                  ;        ; 2     ; 5.072       ; 85         ; 2.329 ; 2.743 ;
;    Cell                ;        ; 2     ; 0.895       ; 15         ; 0.321 ; 0.574 ;
;   Data                 ;        ;       ;             ;            ;       ;       ;
;    IC                  ;        ; 9     ; 5.595       ; 59         ; 0.000 ; 1.232 ;
;    Cell                ;        ; 10    ; 3.843       ; 41         ; 0.000 ; 0.601 ;
;    uTco                ;        ; 1     ; 0.000       ; 0          ; 0.000 ; 0.000 ;
;  Required Path         ;        ;       ;             ;            ;       ;       ;
;   Clock                ;        ;       ;             ;            ;       ;       ;
;    IC                  ;        ; 2     ; 2.587       ; 77         ; 0.588 ; 1.999 ;
;    Cell                ;        ; 2     ; 0.790       ; 23         ; 0.295 ; 0.495 ;
+------------------------+--------+-------+-------------+------------+-------+-------+
Note: Negative delays are omitted from totals when calculating percentages

+-----------------------------------------------------------------------------------------------------------+
; Data Arrival Path                                                                                         ;
+----------+---------+----+------+--------+---------------------+-------------------------------------------+
; Total    ; Incr    ; RF ; Type ; Fanout ; Location            ; Element                                   ;
+----------+---------+----+------+--------+---------------------+-------------------------------------------+
; 0.000    ; 0.000   ;    ;      ;        ;                     ; launch edge time                          ;
; 5.967    ; 5.967   ;    ;      ;        ;                     ; clock path                                ;
;   0.000  ;   0.000 ;    ;      ;        ;                     ; source latency                            ;
;   0.000  ;   0.000 ;    ;      ; 1      ; LABCELL_X1_Y36_N48  ; gpu_clk                                   ;
;   2.743  ;   2.743 ; RR ; IC   ; 1      ; CLKCTRL_G2          ; gpu_clk~CLKENA0|inclk                     ;
;   3.064  ;   0.321 ; RR ; CELL ; 9151   ; CLKCTRL_G2          ; gpu_clk~CLKENA0|outclk                    ;
;   5.393  ;   2.329 ; RR ; IC   ; 1      ; FF_X21_Y34_N44      ; u_dma|hdr_win[28][6]|clk                  ;
;   5.967  ;   0.574 ; RR ; CELL ; 1      ; FF_X21_Y34_N44      ; zhao_cmd_dma:u_dma|hdr_win[28][6]         ;
; 15.405   ; 9.438   ;    ;      ;        ;                     ; data path                                 ;
;   5.967  ;   0.000 ;    ; uTco ; 1      ; FF_X21_Y34_N44      ; zhao_cmd_dma:u_dma|hdr_win[28][6]         ;
;   5.967  ;   0.000 ; RR ; CELL ; 4      ; FF_X21_Y34_N44      ; u_dma|hdr_win[28][6]|q                    ;
;   7.030  ;   1.063 ; RR ; IC   ; 1      ; MLABCELL_X21_Y38_N6 ; u_dma|fold_d[38]~217|dataa                ;
;   7.631  ;   0.601 ; RR ; CELL ; 1      ; MLABCELL_X21_Y38_N6 ; u_dma|fold_d[38]~217|combout              ;
;   8.236  ;   0.605 ; RR ; IC   ; 1      ; LABCELL_X18_Y38_N33 ; u_dma|fold_d[38]~219|datad                ;
;   8.664  ;   0.428 ; RR ; CELL ; 1      ; LABCELL_X18_Y38_N33 ; u_dma|fold_d[38]~219|combout              ;
;   8.926  ;   0.262 ; RR ; IC   ; 1      ; LABCELL_X18_Y38_N48 ; u_dma|fold_d[38]~220|datac                ;
;   9.420  ;   0.494 ; RF ; CELL ; 9      ; LABCELL_X18_Y38_N48 ; u_dma|fold_d[38]~220|combout              ;
;   10.652 ;   1.232 ; FF ; IC   ; 1      ; LABCELL_X9_Y38_N30  ; u_dma|u_fold8|acc~35|datac                ;
;   11.139 ;   0.487 ; FF ; CELL ; 3      ; LABCELL_X9_Y38_N30  ; u_dma|u_fold8|acc~35|combout              ;
;   11.860 ;   0.721 ; FF ; IC   ; 1      ; MLABCELL_X6_Y38_N12 ; u_dma|u_fold8|g_fold[8].acc[8]~96|datad   ;
;   12.429 ;   0.569 ; FF ; CELL ; 2      ; MLABCELL_X6_Y38_N12 ; u_dma|u_fold8|g_fold[8].acc[8]~96|combout ;
;   13.348 ;   0.919 ; FF ; IC   ; 1      ; LABCELL_X11_Y37_N48 ; u_dma|u_fold8|g_fold[8].acc[8]~97|dataa   ;
;   13.883 ;   0.535 ; FF ; CELL ; 1      ; LABCELL_X11_Y37_N48 ; u_dma|u_fold8|g_fold[8].acc[8]~97|combout ;
;   14.418 ;   0.535 ; FF ; IC   ; 1      ; LABCELL_X10_Y37_N18 ; u_dma|u_fold8|g_fold[8].acc[8]~98|datad   ;
;   14.794 ;   0.376 ; FR ; CELL ; 2      ; LABCELL_X10_Y37_N18 ; u_dma|u_fold8|g_fold[8].acc[8]~98|combout ;
;   15.052 ;   0.258 ; RR ; IC   ; 1      ; LABCELL_X10_Y37_N30 ; u_dma|Selector928~0|dataf                 ;
;   15.141 ;   0.089 ; RF ; CELL ; 2      ; LABCELL_X10_Y37_N30 ; u_dma|Selector928~0|combout               ;
;   15.141 ;   0.000 ; FF ; IC   ; 1      ; FF_X10_Y37_N31      ; u_dma|crc_pay_r[8]|d                      ;
;   15.405 ;   0.264 ; FF ; CELL ; 1      ; FF_X10_Y37_N31      ; zhao_cmd_dma:u_dma|crc_pay_r[8]           ;
+----------+---------+----+------+--------+---------------------+-------------------------------------------+

+------------------------------------------------------------------------------------------------+
; Data Required Path                                                                             ;
+----------+---------+----+------+--------+--------------------+---------------------------------+
; Total    ; Incr    ; RF ; Type ; Fanout ; Location           ; Element                         ;
+----------+---------+----+------+--------+--------------------+---------------------------------+
; 10.000   ; 10.000  ;    ;      ;        ;                    ; latch edge time                 ;
; 15.558   ; 5.558   ;    ;      ;        ;                    ; clock path                      ;
;   10.000 ;   0.000 ;    ;      ;        ;                    ; source latency                  ;
;   10.000 ;   0.000 ;    ;      ; 1      ; LABCELL_X1_Y36_N48 ; gpu_clk                         ;
;   10.588 ;   0.588 ; RR ; IC   ; 1      ; CLKCTRL_G2         ; gpu_clk~CLKENA0|inclk           ;
;   10.883 ;   0.295 ; RR ; CELL ; 9151   ; CLKCTRL_G2         ; gpu_clk~CLKENA0|outclk          ;
;   12.882 ;   1.999 ; RR ; IC   ; 1      ; FF_X10_Y37_N31     ; u_dma|crc_pay_r[8]|clk          ;
;   13.377 ;   0.495 ; RR ; CELL ; 1      ; FF_X10_Y37_N31     ; zhao_cmd_dma:u_dma|crc_pay_r[8] ;
;   15.558 ;   2.181 ;    ;      ;        ;                    ; clock pessimism removed         ;
; 15.498   ; -0.060  ;    ;      ;        ;                    ; clock uncertainty               ;
; 15.498   ; 0.000   ;    ; uTsu ; 1      ; FF_X10_Y37_N31     ; zhao_cmd_dma:u_dma|crc_pay_r[8] ;
+----------+---------+----+------+--------+--------------------+---------------------------------+

----------------------------
; Extra Fitter Information ;
----------------------------
HTML report is unavailable in plain text report export.


Path #94: Setup slack is 0.102 
===============================================================================
+--------------------------------------------------------+
; Path Summary                                           ;
+--------------------+-----------------------------------+
; Property           ; Value                             ;
+--------------------+-----------------------------------+
; From Node          ; zhao_cmd_dma:u_dma|hdr_win[28][6] ;
; To Node            ; zhao_cmd_dma:u_dma|crc_hdr_r[8]   ;
; Launch Clock       ; gpu_clk                           ;
; Latch Clock        ; gpu_clk                           ;
; Data Arrival Time  ; 15.398                            ;
; Data Required Time ; 15.500                            ;
; Slack              ; 0.102                             ;
+--------------------+-----------------------------------+

+------------------------------------------------------------------------------------+
; Statistics                                                                         ;
+------------------------+--------+-------+-------------+------------+-------+-------+
; Property               ; Value  ; Count ; Total Delay ; % of Total ; Min   ; Max   ;
+------------------------+--------+-------+-------------+------------+-------+-------+
; Setup Relationship     ; 10.000 ;       ;             ;            ;       ;       ;
; Clock Skew             ; -0.407 ;       ;             ;            ;       ;       ;
; Data Delay             ; 9.431  ;       ;             ;            ;       ;       ;
; Number of Logic Levels ;        ; 8     ;             ;            ;       ;       ;
; Physical Delays        ;        ;       ;             ;            ;       ;       ;
;  Arrival Path          ;        ;       ;             ;            ;       ;       ;
;   Clock                ;        ;       ;             ;            ;       ;       ;
;    IC                  ;        ; 2     ; 5.072       ; 85         ; 2.329 ; 2.743 ;
;    Cell                ;        ; 2     ; 0.895       ; 15         ; 0.321 ; 0.574 ;
;   Data                 ;        ;       ;             ;            ;       ;       ;
;    IC                  ;        ; 9     ; 5.590       ; 59         ; 0.000 ; 1.232 ;
;    Cell                ;        ; 10    ; 3.841       ; 41         ; 0.000 ; 0.601 ;
;    uTco                ;        ; 1     ; 0.000       ; 0          ; 0.000 ; 0.000 ;
;  Required Path         ;        ;       ;             ;            ;       ;       ;
;   Clock                ;        ;       ;             ;            ;       ;       ;
;    IC                  ;        ; 2     ; 2.587       ; 77         ; 0.588 ; 1.999 ;
;    Cell                ;        ; 2     ; 0.792       ; 23         ; 0.295 ; 0.497 ;
+------------------------+--------+-------+-------------+------------+-------+-------+
Note: Negative delays are omitted from totals when calculating percentages

+-----------------------------------------------------------------------------------------------------------+
; Data Arrival Path                                                                                         ;
+----------+---------+----+------+--------+---------------------+-------------------------------------------+
; Total    ; Incr    ; RF ; Type ; Fanout ; Location            ; Element                                   ;
+----------+---------+----+------+--------+---------------------+-------------------------------------------+
; 0.000    ; 0.000   ;    ;      ;        ;                     ; launch edge time                          ;
; 5.967    ; 5.967   ;    ;      ;        ;                     ; clock path                                ;
;   0.000  ;   0.000 ;    ;      ;        ;                     ; source latency                            ;
;   0.000  ;   0.000 ;    ;      ; 1      ; LABCELL_X1_Y36_N48  ; gpu_clk                                   ;
;   2.743  ;   2.743 ; RR ; IC   ; 1      ; CLKCTRL_G2          ; gpu_clk~CLKENA0|inclk                     ;
;   3.064  ;   0.321 ; RR ; CELL ; 9151   ; CLKCTRL_G2          ; gpu_clk~CLKENA0|outclk                    ;
;   5.393  ;   2.329 ; RR ; IC   ; 1      ; FF_X21_Y34_N44      ; u_dma|hdr_win[28][6]|clk                  ;
;   5.967  ;   0.574 ; RR ; CELL ; 1      ; FF_X21_Y34_N44      ; zhao_cmd_dma:u_dma|hdr_win[28][6]         ;
; 15.398   ; 9.431   ;    ;      ;        ;                     ; data path                                 ;
;   5.967  ;   0.000 ;    ; uTco ; 1      ; FF_X21_Y34_N44      ; zhao_cmd_dma:u_dma|hdr_win[28][6]         ;
;   5.967  ;   0.000 ; RR ; CELL ; 4      ; FF_X21_Y34_N44      ; u_dma|hdr_win[28][6]|q                    ;
;   7.030  ;   1.063 ; RR ; IC   ; 1      ; MLABCELL_X21_Y38_N6 ; u_dma|fold_d[38]~217|dataa                ;
;   7.631  ;   0.601 ; RR ; CELL ; 1      ; MLABCELL_X21_Y38_N6 ; u_dma|fold_d[38]~217|combout              ;
;   8.236  ;   0.605 ; RR ; IC   ; 1      ; LABCELL_X18_Y38_N33 ; u_dma|fold_d[38]~219|datad                ;
;   8.664  ;   0.428 ; RR ; CELL ; 1      ; LABCELL_X18_Y38_N33 ; u_dma|fold_d[38]~219|combout              ;
;   8.926  ;   0.262 ; RR ; IC   ; 1      ; LABCELL_X18_Y38_N48 ; u_dma|fold_d[38]~220|datac                ;
;   9.420  ;   0.494 ; RF ; CELL ; 9      ; LABCELL_X18_Y38_N48 ; u_dma|fold_d[38]~220|combout              ;
;   10.652 ;   1.232 ; FF ; IC   ; 1      ; LABCELL_X9_Y38_N30  ; u_dma|u_fold8|acc~35|datac                ;
;   11.139 ;   0.487 ; FF ; CELL ; 3      ; LABCELL_X9_Y38_N30  ; u_dma|u_fold8|acc~35|combout              ;
;   11.860 ;   0.721 ; FF ; IC   ; 1      ; MLABCELL_X6_Y38_N12 ; u_dma|u_fold8|g_fold[8].acc[8]~96|datad   ;
;   12.429 ;   0.569 ; FF ; CELL ; 2      ; MLABCELL_X6_Y38_N12 ; u_dma|u_fold8|g_fold[8].acc[8]~96|combout ;
;   13.348 ;   0.919 ; FF ; IC   ; 1      ; LABCELL_X11_Y37_N48 ; u_dma|u_fold8|g_fold[8].acc[8]~97|dataa   ;
;   13.883 ;   0.535 ; FF ; CELL ; 1      ; LABCELL_X11_Y37_N48 ; u_dma|u_fold8|g_fold[8].acc[8]~97|combout ;
;   14.418 ;   0.535 ; FF ; IC   ; 1      ; LABCELL_X10_Y37_N18 ; u_dma|u_fold8|g_fold[8].acc[8]~98|datad   ;
;   14.794 ;   0.376 ; FR ; CELL ; 2      ; LABCELL_X10_Y37_N18 ; u_dma|u_fold8|g_fold[8].acc[8]~98|combout ;
;   15.047 ;   0.253 ; RR ; IC   ; 1      ; LABCELL_X10_Y37_N54 ; u_dma|Selector894~0|dataf                 ;
;   15.136 ;   0.089 ; RF ; CELL ; 1      ; LABCELL_X10_Y37_N54 ; u_dma|Selector894~0|combout               ;
;   15.136 ;   0.000 ; FF ; IC   ; 1      ; FF_X10_Y37_N56      ; u_dma|crc_hdr_r[8]|d                      ;
;   15.398 ;   0.262 ; FF ; CELL ; 1      ; FF_X10_Y37_N56      ; zhao_cmd_dma:u_dma|crc_hdr_r[8]           ;
+----------+---------+----+------+--------+---------------------+-------------------------------------------+

+------------------------------------------------------------------------------------------------+
; Data Required Path                                                                             ;
+----------+---------+----+------+--------+--------------------+---------------------------------+
; Total    ; Incr    ; RF ; Type ; Fanout ; Location           ; Element                         ;
+----------+---------+----+------+--------+--------------------+---------------------------------+
; 10.000   ; 10.000  ;    ;      ;        ;                    ; latch edge time                 ;
; 15.560   ; 5.560   ;    ;      ;        ;                    ; clock path                      ;
;   10.000 ;   0.000 ;    ;      ;        ;                    ; source latency                  ;
;   10.000 ;   0.000 ;    ;      ; 1      ; LABCELL_X1_Y36_N48 ; gpu_clk                         ;
;   10.588 ;   0.588 ; RR ; IC   ; 1      ; CLKCTRL_G2         ; gpu_clk~CLKENA0|inclk           ;
;   10.883 ;   0.295 ; RR ; CELL ; 9151   ; CLKCTRL_G2         ; gpu_clk~CLKENA0|outclk          ;
;   12.882 ;   1.999 ; RR ; IC   ; 1      ; FF_X10_Y37_N56     ; u_dma|crc_hdr_r[8]|clk          ;
;   13.379 ;   0.497 ; RR ; CELL ; 1      ; FF_X10_Y37_N56     ; zhao_cmd_dma:u_dma|crc_hdr_r[8] ;
;   15.560 ;   2.181 ;    ;      ;        ;                    ; clock pessimism removed         ;
; 15.500   ; -0.060  ;    ;      ;        ;                    ; clock uncertainty               ;
; 15.500   ; 0.000   ;    ; uTsu ; 1      ; FF_X10_Y37_N56     ; zhao_cmd_dma:u_dma|crc_hdr_r[8] ;
+----------+---------+----+------+--------+--------------------+---------------------------------+

----------------------------
; Extra Fitter Information ;
----------------------------
HTML report is unavailable in plain text report export.


Path #95: Setup slack is 0.105 
===============================================================================
+-----------------------------------------------------------------+
; Path Summary                                                    ;
+--------------------+--------------------------------------------+
; Property           ; Value                                      ;
+--------------------+--------------------------------------------+
; From Node          ; rq_rp[0]                                   ;
; To Node            ; zhao_cmd_scheduler:u_sched|dead_lim[0][29] ;
; Launch Clock       ; gpu_clk                                    ;
; Latch Clock        ; gpu_clk                                    ;
; Data Arrival Time  ; 15.316                                     ;
; Data Required Time ; 15.421                                     ;
; Slack              ; 0.105                                      ;
+--------------------+--------------------------------------------+

+------------------------------------------------------------------------------------+
; Statistics                                                                         ;
+------------------------+--------+-------+-------------+------------+-------+-------+
; Property               ; Value  ; Count ; Total Delay ; % of Total ; Min   ; Max   ;
+------------------------+--------+-------+-------------+------------+-------+-------+
; Setup Relationship     ; 10.000 ;       ;             ;            ;       ;       ;
; Clock Skew             ; -0.524 ;       ;             ;            ;       ;       ;
; Data Delay             ; 9.311  ;       ;             ;            ;       ;       ;
; Number of Logic Levels ;        ; 6     ;             ;            ;       ;       ;
; Physical Delays        ;        ;       ;             ;            ;       ;       ;
;  Arrival Path          ;        ;       ;             ;            ;       ;       ;
;   Clock                ;        ;       ;             ;            ;       ;       ;
;    IC                  ;        ; 2     ; 5.100       ; 85         ; 2.357 ; 2.743 ;
;    Cell                ;        ; 2     ; 0.905       ; 15         ; 0.321 ; 0.584 ;
;   Data                 ;        ;       ;             ;            ;       ;       ;
;    IC                  ;        ; 7     ; 5.715       ; 61         ; 0.215 ; 1.695 ;
;    Cell                ;        ; 8     ; 3.596       ; 39         ; 0.000 ; 0.917 ;
;    uTco                ;        ; 1     ; 0.000       ; 0          ; 0.000 ; 0.000 ;
;  Required Path         ;        ;       ;             ;            ;       ;       ;
;   Clock                ;        ;       ;             ;            ;       ;       ;
;    IC                  ;        ; 2     ; 2.521       ; 76         ; 0.588 ; 1.933 ;
;    Cell                ;        ; 2     ; 0.779       ; 24         ; 0.295 ; 0.484 ;
+------------------------+--------+-------+-------------+------------+-------+-------+
Note: Negative delays are omitted from totals when calculating percentages

+------------------------------------------------------------------------------------------------------------+
; Data Arrival Path                                                                                          ;
+----------+---------+----+------+--------+---------------------+--------------------------------------------+
; Total    ; Incr    ; RF ; Type ; Fanout ; Location            ; Element                                    ;
+----------+---------+----+------+--------+---------------------+--------------------------------------------+
; 0.000    ; 0.000   ;    ;      ;        ;                     ; launch edge time                           ;
; 6.005    ; 6.005   ;    ;      ;        ;                     ; clock path                                 ;
;   0.000  ;   0.000 ;    ;      ;        ;                     ; source latency                             ;
;   0.000  ;   0.000 ;    ;      ; 1      ; LABCELL_X1_Y36_N48  ; gpu_clk                                    ;
;   2.743  ;   2.743 ; RR ; IC   ; 1      ; CLKCTRL_G2          ; gpu_clk~CLKENA0|inclk                      ;
;   3.064  ;   0.321 ; RR ; CELL ; 9151   ; CLKCTRL_G2          ; gpu_clk~CLKENA0|outclk                     ;
;   5.421  ;   2.357 ; RR ; IC   ; 1      ; FF_X35_Y36_N46      ; rq_rp[0]|clk                               ;
;   6.005  ;   0.584 ; RR ; CELL ; 1      ; FF_X35_Y36_N46      ; rq_rp[0]                                   ;
; 15.316   ; 9.311   ;    ;      ;        ;                     ; data path                                  ;
;   6.005  ;   0.000 ;    ; uTco ; 1      ; FF_X35_Y36_N46      ; rq_rp[0]                                   ;
;   6.005  ;   0.000 ; FF ; CELL ; 221    ; FF_X35_Y36_N46      ; rq_rp[0]|q                                 ;
;   7.700  ;   1.695 ; FF ; IC   ; 1      ; LABCELL_X31_Y37_N27 ; Mux158~0|datab                             ;
;   8.273  ;   0.573 ; FR ; CELL ; 1      ; LABCELL_X31_Y37_N27 ; Mux158~0|combout                           ;
;   8.958  ;   0.685 ; RR ; IC   ; 1      ; LABCELL_X35_Y37_N21 ; Mux158~2|datad                             ;
;   9.390  ;   0.432 ; RR ; CELL ; 5      ; LABCELL_X35_Y37_N21 ; Mux158~2|combout                           ;
;   9.605  ;   0.215 ; RR ; IC   ; 1      ; LABCELL_X35_Y37_N33 ; u_sched|Equal37~3|dataa                    ;
;   10.192 ;   0.587 ; RF ; CELL ; 1      ; LABCELL_X35_Y37_N33 ; u_sched|Equal37~3|combout                  ;
;   10.514 ;   0.322 ; FF ; IC   ; 1      ; LABCELL_X36_Y37_N24 ; u_sched|Equal37~4|datab                    ;
;   11.073 ;   0.559 ; FF ; CELL ; 1      ; LABCELL_X36_Y37_N24 ; u_sched|Equal37~4|combout                  ;
;   12.104 ;   1.031 ; FF ; IC   ; 1      ; LABCELL_X36_Y36_N54 ; u_sched|Decoder4~1|datac                   ;
;   12.543 ;   0.439 ; FR ; CELL ; 6      ; LABCELL_X36_Y36_N54 ; u_sched|Decoder4~1|combout                 ;
;   13.270 ;   0.727 ; RR ; IC   ; 1      ; LABCELL_X42_Y36_N45 ; u_sched|Decoder4~3|dataf                   ;
;   13.359 ;   0.089 ; RR ; CELL ; 32     ; LABCELL_X42_Y36_N45 ; u_sched|Decoder4~3|combout                 ;
;   14.399 ;   1.040 ; RR ; IC   ; 1      ; FF_X45_Y36_N44      ; u_sched|dead_lim[0][29]|sclr               ;
;   15.316 ;   0.917 ; RR ; CELL ; 1      ; FF_X45_Y36_N44      ; zhao_cmd_scheduler:u_sched|dead_lim[0][29] ;
+----------+---------+----+------+--------+---------------------+--------------------------------------------+

+-----------------------------------------------------------------------------------------------------------+
; Data Required Path                                                                                        ;
+----------+---------+----+------+--------+--------------------+--------------------------------------------+
; Total    ; Incr    ; RF ; Type ; Fanout ; Location           ; Element                                    ;
+----------+---------+----+------+--------+--------------------+--------------------------------------------+
; 10.000   ; 10.000  ;    ;      ;        ;                    ; latch edge time                            ;
; 15.481   ; 5.481   ;    ;      ;        ;                    ; clock path                                 ;
;   10.000 ;   0.000 ;    ;      ;        ;                    ; source latency                             ;
;   10.000 ;   0.000 ;    ;      ; 1      ; LABCELL_X1_Y36_N48 ; gpu_clk                                    ;
;   10.588 ;   0.588 ; RR ; IC   ; 1      ; CLKCTRL_G2         ; gpu_clk~CLKENA0|inclk                      ;
;   10.883 ;   0.295 ; RR ; CELL ; 9151   ; CLKCTRL_G2         ; gpu_clk~CLKENA0|outclk                     ;
;   12.816 ;   1.933 ; RR ; IC   ; 1      ; FF_X45_Y36_N44     ; u_sched|dead_lim[0][29]|clk                ;
;   13.300 ;   0.484 ; RR ; CELL ; 1      ; FF_X45_Y36_N44     ; zhao_cmd_scheduler:u_sched|dead_lim[0][29] ;
;   15.481 ;   2.181 ;    ;      ;        ;                    ; clock pessimism removed                    ;
; 15.421   ; -0.060  ;    ;      ;        ;                    ; clock uncertainty                          ;
; 15.421   ; 0.000   ;    ; uTsu ; 1      ; FF_X45_Y36_N44     ; zhao_cmd_scheduler:u_sched|dead_lim[0][29] ;
+----------+---------+----+------+--------+--------------------+--------------------------------------------+

----------------------------
; Extra Fitter Information ;
----------------------------
HTML report is unavailable in plain text report export.


Path #96: Setup slack is 0.105 
===============================================================================
+-----------------------------------------------------------------+
; Path Summary                                                    ;
+--------------------+--------------------------------------------+
; Property           ; Value                                      ;
+--------------------+--------------------------------------------+
; From Node          ; rq_rp[0]                                   ;
; To Node            ; zhao_cmd_scheduler:u_sched|dead_lim[0][30] ;
; Launch Clock       ; gpu_clk                                    ;
; Latch Clock        ; gpu_clk                                    ;
; Data Arrival Time  ; 15.316                                     ;
; Data Required Time ; 15.421                                     ;
; Slack              ; 0.105                                      ;
+--------------------+--------------------------------------------+

+------------------------------------------------------------------------------------+
; Statistics                                                                         ;
+------------------------+--------+-------+-------------+------------+-------+-------+
; Property               ; Value  ; Count ; Total Delay ; % of Total ; Min   ; Max   ;
+------------------------+--------+-------+-------------+------------+-------+-------+
; Setup Relationship     ; 10.000 ;       ;             ;            ;       ;       ;
; Clock Skew             ; -0.524 ;       ;             ;            ;       ;       ;
; Data Delay             ; 9.311  ;       ;             ;            ;       ;       ;
; Number of Logic Levels ;        ; 6     ;             ;            ;       ;       ;
; Physical Delays        ;        ;       ;             ;            ;       ;       ;
;  Arrival Path          ;        ;       ;             ;            ;       ;       ;
;   Clock                ;        ;       ;             ;            ;       ;       ;
;    IC                  ;        ; 2     ; 5.100       ; 85         ; 2.357 ; 2.743 ;
;    Cell                ;        ; 2     ; 0.905       ; 15         ; 0.321 ; 0.584 ;
;   Data                 ;        ;       ;             ;            ;       ;       ;
;    IC                  ;        ; 7     ; 5.715       ; 61         ; 0.215 ; 1.695 ;
;    Cell                ;        ; 8     ; 3.596       ; 39         ; 0.000 ; 0.917 ;
;    uTco                ;        ; 1     ; 0.000       ; 0          ; 0.000 ; 0.000 ;
;  Required Path         ;        ;       ;             ;            ;       ;       ;
;   Clock                ;        ;       ;             ;            ;       ;       ;
;    IC                  ;        ; 2     ; 2.521       ; 76         ; 0.588 ; 1.933 ;
;    Cell                ;        ; 2     ; 0.779       ; 24         ; 0.295 ; 0.484 ;
+------------------------+--------+-------+-------------+------------+-------+-------+
Note: Negative delays are omitted from totals when calculating percentages

+------------------------------------------------------------------------------------------------------------+
; Data Arrival Path                                                                                          ;
+----------+---------+----+------+--------+---------------------+--------------------------------------------+
; Total    ; Incr    ; RF ; Type ; Fanout ; Location            ; Element                                    ;
+----------+---------+----+------+--------+---------------------+--------------------------------------------+
; 0.000    ; 0.000   ;    ;      ;        ;                     ; launch edge time                           ;
; 6.005    ; 6.005   ;    ;      ;        ;                     ; clock path                                 ;
;   0.000  ;   0.000 ;    ;      ;        ;                     ; source latency                             ;
;   0.000  ;   0.000 ;    ;      ; 1      ; LABCELL_X1_Y36_N48  ; gpu_clk                                    ;
;   2.743  ;   2.743 ; RR ; IC   ; 1      ; CLKCTRL_G2          ; gpu_clk~CLKENA0|inclk                      ;
;   3.064  ;   0.321 ; RR ; CELL ; 9151   ; CLKCTRL_G2          ; gpu_clk~CLKENA0|outclk                     ;
;   5.421  ;   2.357 ; RR ; IC   ; 1      ; FF_X35_Y36_N46      ; rq_rp[0]|clk                               ;
;   6.005  ;   0.584 ; RR ; CELL ; 1      ; FF_X35_Y36_N46      ; rq_rp[0]                                   ;
; 15.316   ; 9.311   ;    ;      ;        ;                     ; data path                                  ;
;   6.005  ;   0.000 ;    ; uTco ; 1      ; FF_X35_Y36_N46      ; rq_rp[0]                                   ;
;   6.005  ;   0.000 ; FF ; CELL ; 221    ; FF_X35_Y36_N46      ; rq_rp[0]|q                                 ;
;   7.700  ;   1.695 ; FF ; IC   ; 1      ; LABCELL_X31_Y37_N27 ; Mux158~0|datab                             ;
;   8.273  ;   0.573 ; FR ; CELL ; 1      ; LABCELL_X31_Y37_N27 ; Mux158~0|combout                           ;
;   8.958  ;   0.685 ; RR ; IC   ; 1      ; LABCELL_X35_Y37_N21 ; Mux158~2|datad                             ;
;   9.390  ;   0.432 ; RR ; CELL ; 5      ; LABCELL_X35_Y37_N21 ; Mux158~2|combout                           ;
;   9.605  ;   0.215 ; RR ; IC   ; 1      ; LABCELL_X35_Y37_N33 ; u_sched|Equal37~3|dataa                    ;
;   10.192 ;   0.587 ; RF ; CELL ; 1      ; LABCELL_X35_Y37_N33 ; u_sched|Equal37~3|combout                  ;
;   10.514 ;   0.322 ; FF ; IC   ; 1      ; LABCELL_X36_Y37_N24 ; u_sched|Equal37~4|datab                    ;
;   11.073 ;   0.559 ; FF ; CELL ; 1      ; LABCELL_X36_Y37_N24 ; u_sched|Equal37~4|combout                  ;
;   12.104 ;   1.031 ; FF ; IC   ; 1      ; LABCELL_X36_Y36_N54 ; u_sched|Decoder4~1|datac                   ;
;   12.543 ;   0.439 ; FR ; CELL ; 6      ; LABCELL_X36_Y36_N54 ; u_sched|Decoder4~1|combout                 ;
;   13.270 ;   0.727 ; RR ; IC   ; 1      ; LABCELL_X42_Y36_N45 ; u_sched|Decoder4~3|dataf                   ;
;   13.359 ;   0.089 ; RR ; CELL ; 32     ; LABCELL_X42_Y36_N45 ; u_sched|Decoder4~3|combout                 ;
;   14.399 ;   1.040 ; RR ; IC   ; 1      ; FF_X45_Y36_N50      ; u_sched|dead_lim[0][30]|sclr               ;
;   15.316 ;   0.917 ; RR ; CELL ; 1      ; FF_X45_Y36_N50      ; zhao_cmd_scheduler:u_sched|dead_lim[0][30] ;
+----------+---------+----+------+--------+---------------------+--------------------------------------------+

+-----------------------------------------------------------------------------------------------------------+
; Data Required Path                                                                                        ;
+----------+---------+----+------+--------+--------------------+--------------------------------------------+
; Total    ; Incr    ; RF ; Type ; Fanout ; Location           ; Element                                    ;
+----------+---------+----+------+--------+--------------------+--------------------------------------------+
; 10.000   ; 10.000  ;    ;      ;        ;                    ; latch edge time                            ;
; 15.481   ; 5.481   ;    ;      ;        ;                    ; clock path                                 ;
;   10.000 ;   0.000 ;    ;      ;        ;                    ; source latency                             ;
;   10.000 ;   0.000 ;    ;      ; 1      ; LABCELL_X1_Y36_N48 ; gpu_clk                                    ;
;   10.588 ;   0.588 ; RR ; IC   ; 1      ; CLKCTRL_G2         ; gpu_clk~CLKENA0|inclk                      ;
;   10.883 ;   0.295 ; RR ; CELL ; 9151   ; CLKCTRL_G2         ; gpu_clk~CLKENA0|outclk                     ;
;   12.816 ;   1.933 ; RR ; IC   ; 1      ; FF_X45_Y36_N50     ; u_sched|dead_lim[0][30]|clk                ;
;   13.300 ;   0.484 ; RR ; CELL ; 1      ; FF_X45_Y36_N50     ; zhao_cmd_scheduler:u_sched|dead_lim[0][30] ;
;   15.481 ;   2.181 ;    ;      ;        ;                    ; clock pessimism removed                    ;
; 15.421   ; -0.060  ;    ;      ;        ;                    ; clock uncertainty                          ;
; 15.421   ; 0.000   ;    ; uTsu ; 1      ; FF_X45_Y36_N50     ; zhao_cmd_scheduler:u_sched|dead_lim[0][30] ;
+----------+---------+----+------+--------+--------------------+--------------------------------------------+

----------------------------
; Extra Fitter Information ;
----------------------------
HTML report is unavailable in plain text report export.


Path #97: Setup slack is 0.105 
===============================================================================
+-----------------------------------------------------------------+
; Path Summary                                                    ;
+--------------------+--------------------------------------------+
; Property           ; Value                                      ;
+--------------------+--------------------------------------------+
; From Node          ; rq_rp[0]                                   ;
; To Node            ; zhao_cmd_scheduler:u_sched|dead_lim[0][27] ;
; Launch Clock       ; gpu_clk                                    ;
; Latch Clock        ; gpu_clk                                    ;
; Data Arrival Time  ; 15.316                                     ;
; Data Required Time ; 15.421                                     ;
; Slack              ; 0.105                                      ;
+--------------------+--------------------------------------------+

+------------------------------------------------------------------------------------+
; Statistics                                                                         ;
+------------------------+--------+-------+-------------+------------+-------+-------+
; Property               ; Value  ; Count ; Total Delay ; % of Total ; Min   ; Max   ;
+------------------------+--------+-------+-------------+------------+-------+-------+
; Setup Relationship     ; 10.000 ;       ;             ;            ;       ;       ;
; Clock Skew             ; -0.524 ;       ;             ;            ;       ;       ;
; Data Delay             ; 9.311  ;       ;             ;            ;       ;       ;
; Number of Logic Levels ;        ; 6     ;             ;            ;       ;       ;
; Physical Delays        ;        ;       ;             ;            ;       ;       ;
;  Arrival Path          ;        ;       ;             ;            ;       ;       ;
;   Clock                ;        ;       ;             ;            ;       ;       ;
;    IC                  ;        ; 2     ; 5.100       ; 85         ; 2.357 ; 2.743 ;
;    Cell                ;        ; 2     ; 0.905       ; 15         ; 0.321 ; 0.584 ;
;   Data                 ;        ;       ;             ;            ;       ;       ;
;    IC                  ;        ; 7     ; 5.715       ; 61         ; 0.215 ; 1.695 ;
;    Cell                ;        ; 8     ; 3.596       ; 39         ; 0.000 ; 0.917 ;
;    uTco                ;        ; 1     ; 0.000       ; 0          ; 0.000 ; 0.000 ;
;  Required Path         ;        ;       ;             ;            ;       ;       ;
;   Clock                ;        ;       ;             ;            ;       ;       ;
;    IC                  ;        ; 2     ; 2.521       ; 76         ; 0.588 ; 1.933 ;
;    Cell                ;        ; 2     ; 0.779       ; 24         ; 0.295 ; 0.484 ;
+------------------------+--------+-------+-------------+------------+-------+-------+
Note: Negative delays are omitted from totals when calculating percentages

+------------------------------------------------------------------------------------------------------------+
; Data Arrival Path                                                                                          ;
+----------+---------+----+------+--------+---------------------+--------------------------------------------+
; Total    ; Incr    ; RF ; Type ; Fanout ; Location            ; Element                                    ;
+----------+---------+----+------+--------+---------------------+--------------------------------------------+
; 0.000    ; 0.000   ;    ;      ;        ;                     ; launch edge time                           ;
; 6.005    ; 6.005   ;    ;      ;        ;                     ; clock path                                 ;
;   0.000  ;   0.000 ;    ;      ;        ;                     ; source latency                             ;
;   0.000  ;   0.000 ;    ;      ; 1      ; LABCELL_X1_Y36_N48  ; gpu_clk                                    ;
;   2.743  ;   2.743 ; RR ; IC   ; 1      ; CLKCTRL_G2          ; gpu_clk~CLKENA0|inclk                      ;
;   3.064  ;   0.321 ; RR ; CELL ; 9151   ; CLKCTRL_G2          ; gpu_clk~CLKENA0|outclk                     ;
;   5.421  ;   2.357 ; RR ; IC   ; 1      ; FF_X35_Y36_N46      ; rq_rp[0]|clk                               ;
;   6.005  ;   0.584 ; RR ; CELL ; 1      ; FF_X35_Y36_N46      ; rq_rp[0]                                   ;
; 15.316   ; 9.311   ;    ;      ;        ;                     ; data path                                  ;
;   6.005  ;   0.000 ;    ; uTco ; 1      ; FF_X35_Y36_N46      ; rq_rp[0]                                   ;
;   6.005  ;   0.000 ; FF ; CELL ; 221    ; FF_X35_Y36_N46      ; rq_rp[0]|q                                 ;
;   7.700  ;   1.695 ; FF ; IC   ; 1      ; LABCELL_X31_Y37_N27 ; Mux158~0|datab                             ;
;   8.273  ;   0.573 ; FR ; CELL ; 1      ; LABCELL_X31_Y37_N27 ; Mux158~0|combout                           ;
;   8.958  ;   0.685 ; RR ; IC   ; 1      ; LABCELL_X35_Y37_N21 ; Mux158~2|datad                             ;
;   9.390  ;   0.432 ; RR ; CELL ; 5      ; LABCELL_X35_Y37_N21 ; Mux158~2|combout                           ;
;   9.605  ;   0.215 ; RR ; IC   ; 1      ; LABCELL_X35_Y37_N33 ; u_sched|Equal37~3|dataa                    ;
;   10.192 ;   0.587 ; RF ; CELL ; 1      ; LABCELL_X35_Y37_N33 ; u_sched|Equal37~3|combout                  ;
;   10.514 ;   0.322 ; FF ; IC   ; 1      ; LABCELL_X36_Y37_N24 ; u_sched|Equal37~4|datab                    ;
;   11.073 ;   0.559 ; FF ; CELL ; 1      ; LABCELL_X36_Y37_N24 ; u_sched|Equal37~4|combout                  ;
;   12.104 ;   1.031 ; FF ; IC   ; 1      ; LABCELL_X36_Y36_N54 ; u_sched|Decoder4~1|datac                   ;
;   12.543 ;   0.439 ; FR ; CELL ; 6      ; LABCELL_X36_Y36_N54 ; u_sched|Decoder4~1|combout                 ;
;   13.270 ;   0.727 ; RR ; IC   ; 1      ; LABCELL_X42_Y36_N45 ; u_sched|Decoder4~3|dataf                   ;
;   13.359 ;   0.089 ; RR ; CELL ; 32     ; LABCELL_X42_Y36_N45 ; u_sched|Decoder4~3|combout                 ;
;   14.399 ;   1.040 ; RR ; IC   ; 1      ; FF_X45_Y36_N20      ; u_sched|dead_lim[0][27]|sclr               ;
;   15.316 ;   0.917 ; RR ; CELL ; 1      ; FF_X45_Y36_N20      ; zhao_cmd_scheduler:u_sched|dead_lim[0][27] ;
+----------+---------+----+------+--------+---------------------+--------------------------------------------+

+-----------------------------------------------------------------------------------------------------------+
; Data Required Path                                                                                        ;
+----------+---------+----+------+--------+--------------------+--------------------------------------------+
; Total    ; Incr    ; RF ; Type ; Fanout ; Location           ; Element                                    ;
+----------+---------+----+------+--------+--------------------+--------------------------------------------+
; 10.000   ; 10.000  ;    ;      ;        ;                    ; latch edge time                            ;
; 15.481   ; 5.481   ;    ;      ;        ;                    ; clock path                                 ;
;   10.000 ;   0.000 ;    ;      ;        ;                    ; source latency                             ;
;   10.000 ;   0.000 ;    ;      ; 1      ; LABCELL_X1_Y36_N48 ; gpu_clk                                    ;
;   10.588 ;   0.588 ; RR ; IC   ; 1      ; CLKCTRL_G2         ; gpu_clk~CLKENA0|inclk                      ;
;   10.883 ;   0.295 ; RR ; CELL ; 9151   ; CLKCTRL_G2         ; gpu_clk~CLKENA0|outclk                     ;
;   12.816 ;   1.933 ; RR ; IC   ; 1      ; FF_X45_Y36_N20     ; u_sched|dead_lim[0][27]|clk                ;
;   13.300 ;   0.484 ; RR ; CELL ; 1      ; FF_X45_Y36_N20     ; zhao_cmd_scheduler:u_sched|dead_lim[0][27] ;
;   15.481 ;   2.181 ;    ;      ;        ;                    ; clock pessimism removed                    ;
; 15.421   ; -0.060  ;    ;      ;        ;                    ; clock uncertainty                          ;
; 15.421   ; 0.000   ;    ; uTsu ; 1      ; FF_X45_Y36_N20     ; zhao_cmd_scheduler:u_sched|dead_lim[0][27] ;
+----------+---------+----+------+--------+--------------------+--------------------------------------------+

----------------------------
; Extra Fitter Information ;
----------------------------
HTML report is unavailable in plain text report export.


Path #98: Setup slack is 0.110 
===============================================================================
+-------------------------------------------------------+
; Path Summary                                          ;
+--------------------+----------------------------------+
; Property           ; Value                            ;
+--------------------+----------------------------------+
; From Node          ; zhao_cmd_dma:u_dma|m.M_HCRC      ;
; To Node            ; zhao_cmd_dma:u_dma|crc_hdr_r[18] ;
; Launch Clock       ; gpu_clk                          ;
; Latch Clock        ; gpu_clk                          ;
; Data Arrival Time  ; 15.728                           ;
; Data Required Time ; 15.838                           ;
; Slack              ; 0.110                            ;
+--------------------+----------------------------------+

+------------------------------------------------------------------------------------+
; Statistics                                                                         ;
+------------------------+--------+-------+-------------+------------+-------+-------+
; Property               ; Value  ; Count ; Total Delay ; % of Total ; Min   ; Max   ;
+------------------------+--------+-------+-------------+------------+-------+-------+
; Setup Relationship     ; 10.000 ;       ;             ;            ;       ;       ;
; Clock Skew             ; -0.074 ;       ;             ;            ;       ;       ;
; Data Delay             ; 9.756  ;       ;             ;            ;       ;       ;
; Number of Logic Levels ;        ; 8     ;             ;            ;       ;       ;
; Physical Delays        ;        ;       ;             ;            ;       ;       ;
;  Arrival Path          ;        ;       ;             ;            ;       ;       ;
;   Clock                ;        ;       ;             ;            ;       ;       ;
;    IC                  ;        ; 2     ; 5.068       ; 85         ; 2.325 ; 2.743 ;
;    Cell                ;        ; 2     ; 0.904       ; 15         ; 0.321 ; 0.583 ;
;   Data                 ;        ;       ;             ;            ;       ;       ;
;    IC                  ;        ; 9     ; 7.067       ; 72         ; 0.000 ; 1.404 ;
;    Cell                ;        ; 10    ; 2.689       ; 28         ; 0.000 ; 0.571 ;
;    uTco                ;        ; 1     ; 0.000       ; 0          ; 0.000 ; 0.000 ;
;  Required Path         ;        ;       ;             ;            ;       ;       ;
;   Clock                ;        ;       ;             ;            ;       ;       ;
;    IC                  ;        ; 2     ; 2.530       ; 76         ; 0.588 ; 1.942 ;
;    Cell                ;        ; 2     ; 0.798       ; 24         ; 0.295 ; 0.503 ;
+------------------------+--------+-------+-------------+------------+-------+-------+
Note: Negative delays are omitted from totals when calculating percentages

+-------------------------------------------------------------------------------------------------------------+
; Data Arrival Path                                                                                           ;
+----------+---------+----+------+--------+---------------------+---------------------------------------------+
; Total    ; Incr    ; RF ; Type ; Fanout ; Location            ; Element                                     ;
+----------+---------+----+------+--------+---------------------+---------------------------------------------+
; 0.000    ; 0.000   ;    ;      ;        ;                     ; launch edge time                            ;
; 5.972    ; 5.972   ;    ;      ;        ;                     ; clock path                                  ;
;   0.000  ;   0.000 ;    ;      ;        ;                     ; source latency                              ;
;   0.000  ;   0.000 ;    ;      ; 1      ; LABCELL_X1_Y36_N48  ; gpu_clk                                     ;
;   2.743  ;   2.743 ; RR ; IC   ; 1      ; CLKCTRL_G2          ; gpu_clk~CLKENA0|inclk                       ;
;   3.064  ;   0.321 ; RR ; CELL ; 9151   ; CLKCTRL_G2          ; gpu_clk~CLKENA0|outclk                      ;
;   5.389  ;   2.325 ; RR ; IC   ; 1      ; FF_X16_Y33_N7       ; u_dma|m.M_HCRC|clk                          ;
;   5.972  ;   0.583 ; RR ; CELL ; 1      ; FF_X16_Y33_N7       ; zhao_cmd_dma:u_dma|m.M_HCRC                 ;
; 15.728   ; 9.756   ;    ;      ;        ;                     ; data path                                   ;
;   5.972  ;   0.000 ;    ; uTco ; 1      ; FF_X16_Y33_N7       ; zhao_cmd_dma:u_dma|m.M_HCRC                 ;
;   5.972  ;   0.000 ; FF ; CELL ; 103    ; FF_X16_Y33_N7       ; u_dma|m.M_HCRC|q                            ;
;   7.376  ;   1.404 ; FF ; IC   ; 1      ; LABCELL_X9_Y35_N27  ; u_dma|fold_c[26]~19|datad                   ;
;   7.756  ;   0.380 ; FF ; CELL ; 16     ; LABCELL_X9_Y35_N27  ; u_dma|fold_c[26]~19|combout                 ;
;   8.750  ;   0.994 ; FF ; IC   ; 1      ; LABCELL_X7_Y36_N33  ; u_dma|u_fold4|acc~3|datad                   ;
;   9.133  ;   0.383 ; FF ; CELL ; 9      ; LABCELL_X7_Y36_N33  ; u_dma|u_fold4|acc~3|combout                 ;
;   10.506 ;   1.373 ; FF ; IC   ; 1      ; LABCELL_X4_Y39_N39  ; u_dma|u_fold8|g_fold[8].acc[18]~213|datae   ;
;   10.844 ;   0.338 ; FR ; CELL ; 1      ; LABCELL_X4_Y39_N39  ; u_dma|u_fold8|g_fold[8].acc[18]~213|combout ;
;   11.492 ;   0.648 ; RR ; IC   ; 1      ; MLABCELL_X8_Y39_N42 ; u_dma|u_fold8|g_fold[8].acc[18]~214|datab   ;
;   12.063 ;   0.571 ; RF ; CELL ; 1      ; MLABCELL_X8_Y39_N42 ; u_dma|u_fold8|g_fold[8].acc[18]~214|combout ;
;   12.770 ;   0.707 ; FF ; IC   ; 1      ; LABCELL_X10_Y38_N30 ; u_dma|u_fold8|g_fold[8].acc[18]~215|datac   ;
;   13.253 ;   0.483 ; FF ; CELL ; 1      ; LABCELL_X10_Y38_N30 ; u_dma|u_fold8|g_fold[8].acc[18]~215|combout ;
;   13.489 ;   0.236 ; FF ; IC   ; 1      ; LABCELL_X10_Y38_N36 ; u_dma|u_fold8|g_fold[8].acc[18]~216|dataf   ;
;   13.580 ;   0.091 ; FR ; CELL ; 1      ; LABCELL_X10_Y38_N36 ; u_dma|u_fold8|g_fold[8].acc[18]~216|combout ;
;   14.185 ;   0.605 ; RR ; IC   ; 1      ; MLABCELL_X8_Y38_N15 ; u_dma|u_fold8|g_fold[8].acc[18]~217|dataf   ;
;   14.278 ;   0.093 ; RF ; CELL ; 2      ; MLABCELL_X8_Y38_N15 ; u_dma|u_fold8|g_fold[8].acc[18]~217|combout ;
;   15.378 ;   1.100 ; FF ; IC   ; 1      ; MLABCELL_X8_Y35_N24 ; u_dma|Selector884~0|dataf                   ;
;   15.466 ;   0.088 ; FR ; CELL ; 1      ; MLABCELL_X8_Y35_N24 ; u_dma|Selector884~0|combout                 ;
;   15.466 ;   0.000 ; RR ; IC   ; 1      ; FF_X8_Y35_N26       ; u_dma|crc_hdr_r[18]|d                       ;
;   15.728 ;   0.262 ; RR ; CELL ; 1      ; FF_X8_Y35_N26       ; zhao_cmd_dma:u_dma|crc_hdr_r[18]            ;
+----------+---------+----+------+--------+---------------------+---------------------------------------------+

+-------------------------------------------------------------------------------------------------+
; Data Required Path                                                                              ;
+----------+---------+----+------+--------+--------------------+----------------------------------+
; Total    ; Incr    ; RF ; Type ; Fanout ; Location           ; Element                          ;
+----------+---------+----+------+--------+--------------------+----------------------------------+
; 10.000   ; 10.000  ;    ;      ;        ;                    ; latch edge time                  ;
; 15.898   ; 5.898   ;    ;      ;        ;                    ; clock path                       ;
;   10.000 ;   0.000 ;    ;      ;        ;                    ; source latency                   ;
;   10.000 ;   0.000 ;    ;      ; 1      ; LABCELL_X1_Y36_N48 ; gpu_clk                          ;
;   10.588 ;   0.588 ; RR ; IC   ; 1      ; CLKCTRL_G2         ; gpu_clk~CLKENA0|inclk            ;
;   10.883 ;   0.295 ; RR ; CELL ; 9151   ; CLKCTRL_G2         ; gpu_clk~CLKENA0|outclk           ;
;   12.825 ;   1.942 ; RR ; IC   ; 1      ; FF_X8_Y35_N26      ; u_dma|crc_hdr_r[18]|clk          ;
;   13.328 ;   0.503 ; RR ; CELL ; 1      ; FF_X8_Y35_N26      ; zhao_cmd_dma:u_dma|crc_hdr_r[18] ;
;   15.898 ;   2.570 ;    ;      ;        ;                    ; clock pessimism removed          ;
; 15.838   ; -0.060  ;    ;      ;        ;                    ; clock uncertainty                ;
; 15.838   ; 0.000   ;    ; uTsu ; 1      ; FF_X8_Y35_N26      ; zhao_cmd_dma:u_dma|crc_hdr_r[18] ;
+----------+---------+----+------+--------+--------------------+----------------------------------+

----------------------------
; Extra Fitter Information ;
----------------------------
HTML report is unavailable in plain text report export.


Path #99: Setup slack is 0.111 
===============================================================================
+-----------------------------------------------------------------+
; Path Summary                                                    ;
+--------------------+--------------------------------------------+
; Property           ; Value                                      ;
+--------------------+--------------------------------------------+
; From Node          ; rq_rp[0]                                   ;
; To Node            ; zhao_cmd_scheduler:u_sched|dead_lim[0][31] ;
; Launch Clock       ; gpu_clk                                    ;
; Latch Clock        ; gpu_clk                                    ;
; Data Arrival Time  ; 15.316                                     ;
; Data Required Time ; 15.427                                     ;
; Slack              ; 0.111                                      ;
+--------------------+--------------------------------------------+

+------------------------------------------------------------------------------------+
; Statistics                                                                         ;
+------------------------+--------+-------+-------------+------------+-------+-------+
; Property               ; Value  ; Count ; Total Delay ; % of Total ; Min   ; Max   ;
+------------------------+--------+-------+-------------+------------+-------+-------+
; Setup Relationship     ; 10.000 ;       ;             ;            ;       ;       ;
; Clock Skew             ; -0.518 ;       ;             ;            ;       ;       ;
; Data Delay             ; 9.311  ;       ;             ;            ;       ;       ;
; Number of Logic Levels ;        ; 6     ;             ;            ;       ;       ;
; Physical Delays        ;        ;       ;             ;            ;       ;       ;
;  Arrival Path          ;        ;       ;             ;            ;       ;       ;
;   Clock                ;        ;       ;             ;            ;       ;       ;
;    IC                  ;        ; 2     ; 5.100       ; 85         ; 2.357 ; 2.743 ;
;    Cell                ;        ; 2     ; 0.905       ; 15         ; 0.321 ; 0.584 ;
;   Data                 ;        ;       ;             ;            ;       ;       ;
;    IC                  ;        ; 7     ; 5.715       ; 61         ; 0.215 ; 1.695 ;
;    Cell                ;        ; 8     ; 3.596       ; 39         ; 0.000 ; 0.917 ;
;    uTco                ;        ; 1     ; 0.000       ; 0          ; 0.000 ; 0.000 ;
;  Required Path         ;        ;       ;             ;            ;       ;       ;
;   Clock                ;        ;       ;             ;            ;       ;       ;
;    IC                  ;        ; 2     ; 2.521       ; 76         ; 0.588 ; 1.933 ;
;    Cell                ;        ; 2     ; 0.785       ; 24         ; 0.295 ; 0.490 ;
+------------------------+--------+-------+-------------+------------+-------+-------+
Note: Negative delays are omitted from totals when calculating percentages

+------------------------------------------------------------------------------------------------------------+
; Data Arrival Path                                                                                          ;
+----------+---------+----+------+--------+---------------------+--------------------------------------------+
; Total    ; Incr    ; RF ; Type ; Fanout ; Location            ; Element                                    ;
+----------+---------+----+------+--------+---------------------+--------------------------------------------+
; 0.000    ; 0.000   ;    ;      ;        ;                     ; launch edge time                           ;
; 6.005    ; 6.005   ;    ;      ;        ;                     ; clock path                                 ;
;   0.000  ;   0.000 ;    ;      ;        ;                     ; source latency                             ;
;   0.000  ;   0.000 ;    ;      ; 1      ; LABCELL_X1_Y36_N48  ; gpu_clk                                    ;
;   2.743  ;   2.743 ; RR ; IC   ; 1      ; CLKCTRL_G2          ; gpu_clk~CLKENA0|inclk                      ;
;   3.064  ;   0.321 ; RR ; CELL ; 9151   ; CLKCTRL_G2          ; gpu_clk~CLKENA0|outclk                     ;
;   5.421  ;   2.357 ; RR ; IC   ; 1      ; FF_X35_Y36_N46      ; rq_rp[0]|clk                               ;
;   6.005  ;   0.584 ; RR ; CELL ; 1      ; FF_X35_Y36_N46      ; rq_rp[0]                                   ;
; 15.316   ; 9.311   ;    ;      ;        ;                     ; data path                                  ;
;   6.005  ;   0.000 ;    ; uTco ; 1      ; FF_X35_Y36_N46      ; rq_rp[0]                                   ;
;   6.005  ;   0.000 ; FF ; CELL ; 221    ; FF_X35_Y36_N46      ; rq_rp[0]|q                                 ;
;   7.700  ;   1.695 ; FF ; IC   ; 1      ; LABCELL_X31_Y37_N27 ; Mux158~0|datab                             ;
;   8.273  ;   0.573 ; FR ; CELL ; 1      ; LABCELL_X31_Y37_N27 ; Mux158~0|combout                           ;
;   8.958  ;   0.685 ; RR ; IC   ; 1      ; LABCELL_X35_Y37_N21 ; Mux158~2|datad                             ;
;   9.390  ;   0.432 ; RR ; CELL ; 5      ; LABCELL_X35_Y37_N21 ; Mux158~2|combout                           ;
;   9.605  ;   0.215 ; RR ; IC   ; 1      ; LABCELL_X35_Y37_N33 ; u_sched|Equal37~3|dataa                    ;
;   10.192 ;   0.587 ; RF ; CELL ; 1      ; LABCELL_X35_Y37_N33 ; u_sched|Equal37~3|combout                  ;
;   10.514 ;   0.322 ; FF ; IC   ; 1      ; LABCELL_X36_Y37_N24 ; u_sched|Equal37~4|datab                    ;
;   11.073 ;   0.559 ; FF ; CELL ; 1      ; LABCELL_X36_Y37_N24 ; u_sched|Equal37~4|combout                  ;
;   12.104 ;   1.031 ; FF ; IC   ; 1      ; LABCELL_X36_Y36_N54 ; u_sched|Decoder4~1|datac                   ;
;   12.543 ;   0.439 ; FR ; CELL ; 6      ; LABCELL_X36_Y36_N54 ; u_sched|Decoder4~1|combout                 ;
;   13.270 ;   0.727 ; RR ; IC   ; 1      ; LABCELL_X42_Y36_N45 ; u_sched|Decoder4~3|dataf                   ;
;   13.359 ;   0.089 ; RR ; CELL ; 32     ; LABCELL_X42_Y36_N45 ; u_sched|Decoder4~3|combout                 ;
;   14.399 ;   1.040 ; RR ; IC   ; 1      ; FF_X45_Y36_N47      ; u_sched|dead_lim[0][31]|sclr               ;
;   15.316 ;   0.917 ; RR ; CELL ; 1      ; FF_X45_Y36_N47      ; zhao_cmd_scheduler:u_sched|dead_lim[0][31] ;
+----------+---------+----+------+--------+---------------------+--------------------------------------------+

+-----------------------------------------------------------------------------------------------------------+
; Data Required Path                                                                                        ;
+----------+---------+----+------+--------+--------------------+--------------------------------------------+
; Total    ; Incr    ; RF ; Type ; Fanout ; Location           ; Element                                    ;
+----------+---------+----+------+--------+--------------------+--------------------------------------------+
; 10.000   ; 10.000  ;    ;      ;        ;                    ; latch edge time                            ;
; 15.487   ; 5.487   ;    ;      ;        ;                    ; clock path                                 ;
;   10.000 ;   0.000 ;    ;      ;        ;                    ; source latency                             ;
;   10.000 ;   0.000 ;    ;      ; 1      ; LABCELL_X1_Y36_N48 ; gpu_clk                                    ;
;   10.588 ;   0.588 ; RR ; IC   ; 1      ; CLKCTRL_G2         ; gpu_clk~CLKENA0|inclk                      ;
;   10.883 ;   0.295 ; RR ; CELL ; 9151   ; CLKCTRL_G2         ; gpu_clk~CLKENA0|outclk                     ;
;   12.816 ;   1.933 ; RR ; IC   ; 1      ; FF_X45_Y36_N47     ; u_sched|dead_lim[0][31]|clk                ;
;   13.306 ;   0.490 ; RR ; CELL ; 1      ; FF_X45_Y36_N47     ; zhao_cmd_scheduler:u_sched|dead_lim[0][31] ;
;   15.487 ;   2.181 ;    ;      ;        ;                    ; clock pessimism removed                    ;
; 15.427   ; -0.060  ;    ;      ;        ;                    ; clock uncertainty                          ;
; 15.427   ; 0.000   ;    ; uTsu ; 1      ; FF_X45_Y36_N47     ; zhao_cmd_scheduler:u_sched|dead_lim[0][31] ;
+----------+---------+----+------+--------+--------------------+--------------------------------------------+

----------------------------
; Extra Fitter Information ;
----------------------------
HTML report is unavailable in plain text report export.


Path #100: Setup slack is 0.111 
===============================================================================
+-----------------------------------------------------------------+
; Path Summary                                                    ;
+--------------------+--------------------------------------------+
; Property           ; Value                                      ;
+--------------------+--------------------------------------------+
; From Node          ; rq_rp[0]                                   ;
; To Node            ; zhao_cmd_scheduler:u_sched|dead_lim[0][13] ;
; Launch Clock       ; gpu_clk                                    ;
; Latch Clock        ; gpu_clk                                    ;
; Data Arrival Time  ; 15.316                                     ;
; Data Required Time ; 15.427                                     ;
; Slack              ; 0.111                                      ;
+--------------------+--------------------------------------------+

+------------------------------------------------------------------------------------+
; Statistics                                                                         ;
+------------------------+--------+-------+-------------+------------+-------+-------+
; Property               ; Value  ; Count ; Total Delay ; % of Total ; Min   ; Max   ;
+------------------------+--------+-------+-------------+------------+-------+-------+
; Setup Relationship     ; 10.000 ;       ;             ;            ;       ;       ;
; Clock Skew             ; -0.518 ;       ;             ;            ;       ;       ;
; Data Delay             ; 9.311  ;       ;             ;            ;       ;       ;
; Number of Logic Levels ;        ; 6     ;             ;            ;       ;       ;
; Physical Delays        ;        ;       ;             ;            ;       ;       ;
;  Arrival Path          ;        ;       ;             ;            ;       ;       ;
;   Clock                ;        ;       ;             ;            ;       ;       ;
;    IC                  ;        ; 2     ; 5.100       ; 85         ; 2.357 ; 2.743 ;
;    Cell                ;        ; 2     ; 0.905       ; 15         ; 0.321 ; 0.584 ;
;   Data                 ;        ;       ;             ;            ;       ;       ;
;    IC                  ;        ; 7     ; 5.715       ; 61         ; 0.215 ; 1.695 ;
;    Cell                ;        ; 8     ; 3.596       ; 39         ; 0.000 ; 0.917 ;
;    uTco                ;        ; 1     ; 0.000       ; 0          ; 0.000 ; 0.000 ;
;  Required Path         ;        ;       ;             ;            ;       ;       ;
;   Clock                ;        ;       ;             ;            ;       ;       ;
;    IC                  ;        ; 2     ; 2.521       ; 76         ; 0.588 ; 1.933 ;
;    Cell                ;        ; 2     ; 0.785       ; 24         ; 0.295 ; 0.490 ;
+------------------------+--------+-------+-------------+------------+-------+-------+
Note: Negative delays are omitted from totals when calculating percentages

+------------------------------------------------------------------------------------------------------------+
; Data Arrival Path                                                                                          ;
+----------+---------+----+------+--------+---------------------+--------------------------------------------+
; Total    ; Incr    ; RF ; Type ; Fanout ; Location            ; Element                                    ;
+----------+---------+----+------+--------+---------------------+--------------------------------------------+
; 0.000    ; 0.000   ;    ;      ;        ;                     ; launch edge time                           ;
; 6.005    ; 6.005   ;    ;      ;        ;                     ; clock path                                 ;
;   0.000  ;   0.000 ;    ;      ;        ;                     ; source latency                             ;
;   0.000  ;   0.000 ;    ;      ; 1      ; LABCELL_X1_Y36_N48  ; gpu_clk                                    ;
;   2.743  ;   2.743 ; RR ; IC   ; 1      ; CLKCTRL_G2          ; gpu_clk~CLKENA0|inclk                      ;
;   3.064  ;   0.321 ; RR ; CELL ; 9151   ; CLKCTRL_G2          ; gpu_clk~CLKENA0|outclk                     ;
;   5.421  ;   2.357 ; RR ; IC   ; 1      ; FF_X35_Y36_N46      ; rq_rp[0]|clk                               ;
;   6.005  ;   0.584 ; RR ; CELL ; 1      ; FF_X35_Y36_N46      ; rq_rp[0]                                   ;
; 15.316   ; 9.311   ;    ;      ;        ;                     ; data path                                  ;
;   6.005  ;   0.000 ;    ; uTco ; 1      ; FF_X35_Y36_N46      ; rq_rp[0]                                   ;
;   6.005  ;   0.000 ; FF ; CELL ; 221    ; FF_X35_Y36_N46      ; rq_rp[0]|q                                 ;
;   7.700  ;   1.695 ; FF ; IC   ; 1      ; LABCELL_X31_Y37_N27 ; Mux158~0|datab                             ;
;   8.273  ;   0.573 ; FR ; CELL ; 1      ; LABCELL_X31_Y37_N27 ; Mux158~0|combout                           ;
;   8.958  ;   0.685 ; RR ; IC   ; 1      ; LABCELL_X35_Y37_N21 ; Mux158~2|datad                             ;
;   9.390  ;   0.432 ; RR ; CELL ; 5      ; LABCELL_X35_Y37_N21 ; Mux158~2|combout                           ;
;   9.605  ;   0.215 ; RR ; IC   ; 1      ; LABCELL_X35_Y37_N33 ; u_sched|Equal37~3|dataa                    ;
;   10.192 ;   0.587 ; RF ; CELL ; 1      ; LABCELL_X35_Y37_N33 ; u_sched|Equal37~3|combout                  ;
;   10.514 ;   0.322 ; FF ; IC   ; 1      ; LABCELL_X36_Y37_N24 ; u_sched|Equal37~4|datab                    ;
;   11.073 ;   0.559 ; FF ; CELL ; 1      ; LABCELL_X36_Y37_N24 ; u_sched|Equal37~4|combout                  ;
;   12.104 ;   1.031 ; FF ; IC   ; 1      ; LABCELL_X36_Y36_N54 ; u_sched|Decoder4~1|datac                   ;
;   12.543 ;   0.439 ; FR ; CELL ; 6      ; LABCELL_X36_Y36_N54 ; u_sched|Decoder4~1|combout                 ;
;   13.270 ;   0.727 ; RR ; IC   ; 1      ; LABCELL_X42_Y36_N45 ; u_sched|Decoder4~3|dataf                   ;
;   13.359 ;   0.089 ; RR ; CELL ; 32     ; LABCELL_X42_Y36_N45 ; u_sched|Decoder4~3|combout                 ;
;   14.399 ;   1.040 ; RR ; IC   ; 1      ; FF_X45_Y36_N17      ; u_sched|dead_lim[0][13]|sclr               ;
;   15.316 ;   0.917 ; RR ; CELL ; 1      ; FF_X45_Y36_N17      ; zhao_cmd_scheduler:u_sched|dead_lim[0][13] ;
+----------+---------+----+------+--------+---------------------+--------------------------------------------+

+-----------------------------------------------------------------------------------------------------------+
; Data Required Path                                                                                        ;
+----------+---------+----+------+--------+--------------------+--------------------------------------------+
; Total    ; Incr    ; RF ; Type ; Fanout ; Location           ; Element                                    ;
+----------+---------+----+------+--------+--------------------+--------------------------------------------+
; 10.000   ; 10.000  ;    ;      ;        ;                    ; latch edge time                            ;
; 15.487   ; 5.487   ;    ;      ;        ;                    ; clock path                                 ;
;   10.000 ;   0.000 ;    ;      ;        ;                    ; source latency                             ;
;   10.000 ;   0.000 ;    ;      ; 1      ; LABCELL_X1_Y36_N48 ; gpu_clk                                    ;
;   10.588 ;   0.588 ; RR ; IC   ; 1      ; CLKCTRL_G2         ; gpu_clk~CLKENA0|inclk                      ;
;   10.883 ;   0.295 ; RR ; CELL ; 9151   ; CLKCTRL_G2         ; gpu_clk~CLKENA0|outclk                     ;
;   12.816 ;   1.933 ; RR ; IC   ; 1      ; FF_X45_Y36_N17     ; u_sched|dead_lim[0][13]|clk                ;
;   13.306 ;   0.490 ; RR ; CELL ; 1      ; FF_X45_Y36_N17     ; zhao_cmd_scheduler:u_sched|dead_lim[0][13] ;
;   15.487 ;   2.181 ;    ;      ;        ;                    ; clock pessimism removed                    ;
; 15.427   ; -0.060  ;    ;      ;        ;                    ; clock uncertainty                          ;
; 15.427   ; 0.000   ;    ; uTsu ; 1      ; FF_X45_Y36_N17     ; zhao_cmd_scheduler:u_sched|dead_lim[0][13] ;
+----------+---------+----+------+--------+--------------------+--------------------------------------------+

----------------------------
; Extra Fitter Information ;
----------------------------
HTML report is unavailable in plain text report export.


