----------------
; Command Info ;
----------------
Report Timing: Found 100 hold paths (0 violated).  Worst case slack is 0.245 

Tcl Command:
    report_timing -hold -file output_files/characterization/hold_paths.rpt -nworst 1 -npaths 100 -detail full_path

Options:
    -hold 
    -nworst 1 
    -npaths 100 
    -detail full_path 
    -file {output_files/characterization/hold_paths.rpt} 

Delay Model:
    Slow 1100mV 100C Model

+--------------------------------------------------------------------------------------------------------------------------------------------------------------------------------------------------------------------------------------------------------------------------------------------------------------------------------+
; Summary of Paths                                                                                                                                                                                                                                                                                                               ;
+-------+------------------------------------------------------------------------------------------------------------------------+-------------------------------------------------------------------------------------------------------------------------+--------------+-------------+--------------+------------+------------+
; Slack ; From Node                                                                                                              ; To Node                                                                                                                 ; Launch Clock ; Latch Clock ; Relationship ; Clock Skew ; Data Delay ;
+-------+------------------------------------------------------------------------------------------------------------------------+-------------------------------------------------------------------------------------------------------------------------+--------------+-------------+--------------+------------+------------+
; 0.245 ; zhao_raster_fbwrite:u_render_fbw|pixels_written_o[2]                                                                   ; zhao_raster_fbwrite:u_render_fbw|pixels_written_o[2]                                                                    ; gpu_clk      ; gpu_clk     ; 0.000        ; 0.111      ; 0.356      ;
; 0.254 ; zhao_video_slotmgr:u_slotmgr|generation[0][14]                                                                         ; zhao_video_slotmgr:u_slotmgr|generation[0][14]                                                                          ; gpu_clk      ; gpu_clk     ; 0.000        ; 0.109      ; 0.363      ;
; 0.255 ; zhao_geom_bin_pipe:u_render_bin|zhao_raster_tile_pipe:u_pipe|zhao_raster_edgewalk:u_edgewalk|e2_r[4]                   ; zhao_geom_bin_pipe:u_render_bin|zhao_raster_tile_pipe:u_pipe|zhao_raster_edgewalk:u_edgewalk|e2_r[4]~DUPLICATE          ; gpu_clk      ; gpu_clk     ; 0.000        ; 0.110      ; 0.365      ;
; 0.256 ; zhao_debug_frameblit:u_frameblit|off[2]~DUPLICATE                                                                      ; zhao_debug_frameblit:u_frameblit|off[2]                                                                                 ; gpu_clk      ; gpu_clk     ; 0.000        ; 0.113      ; 0.369      ;
; 0.257 ; zhao_raster_fbwrite:u_render_fbw|pixels_written_o[4]                                                                   ; zhao_raster_fbwrite:u_render_fbw|pixels_written_o[4]                                                                    ; gpu_clk      ; gpu_clk     ; 0.000        ; 0.111      ; 0.368      ;
; 0.257 ; zhao_cmd_scheduler:u_sched|live_cmds[1]                                                                                ; zhao_cmd_scheduler:u_sched|live_cmds[1]                                                                                 ; gpu_clk      ; gpu_clk     ; 0.000        ; 0.109      ; 0.366      ;
; 0.258 ; zhao_vram_arbiter:u_arb|pend_addr[3][1]                                                                                ; zhao_vram_arbiter:u_arb|pend_addr[3][1]~DUPLICATE                                                                       ; gpu_clk      ; gpu_clk     ; 0.000        ; 0.112      ; 0.370      ;
; 0.259 ; zhao_geom_bin_pipe:u_render_bin|zhao_raster_tile_pipe:u_pipe|zhao_raster_edgewalk:u_edgewalk|e0_r[4]~DUPLICATE         ; zhao_geom_bin_pipe:u_render_bin|zhao_raster_tile_pipe:u_pipe|zhao_raster_edgewalk:u_edgewalk|e0_r[4]                    ; gpu_clk      ; gpu_clk     ; 0.000        ; 0.112      ; 0.371      ;
; 0.260 ; zhao_geom_bin_pipe:u_render_bin|zhao_raster_tile_pipe:u_pipe|zhao_raster_edgewalk:u_edgewalk|e2_r[4]                   ; zhao_geom_bin_pipe:u_render_bin|zhao_raster_tile_pipe:u_pipe|zhao_raster_edgewalk:u_edgewalk|e2_r[4]                    ; gpu_clk      ; gpu_clk     ; 0.000        ; 0.107      ; 0.367      ;
; 0.261 ; zhao_debug_frameblit:u_frameblit|off[2]~DUPLICATE                                                                      ; zhao_debug_frameblit:u_frameblit|off[2]~DUPLICATE                                                                       ; gpu_clk      ; gpu_clk     ; 0.000        ; 0.110      ; 0.371      ;
; 0.262 ; zhao_vram_arbiter:u_arb|pend_addr[3][1]                                                                                ; zhao_vram_arbiter:u_arb|pend_addr[3][1]                                                                                 ; gpu_clk      ; gpu_clk     ; 0.000        ; 0.109      ; 0.371      ;
; 0.264 ; zhao_video_slotmgr:u_slotmgr|generation[0][11]                                                                         ; zhao_video_slotmgr:u_slotmgr|generation[0][11]                                                                          ; gpu_clk      ; gpu_clk     ; 0.000        ; 0.111      ; 0.375      ;
; 0.264 ; zhao_geom_bin_pipe:u_render_bin|zhao_raster_tile_pipe:u_pipe|zhao_raster_edgewalk:u_edgewalk|e0_r[4]~DUPLICATE         ; zhao_geom_bin_pipe:u_render_bin|zhao_raster_tile_pipe:u_pipe|zhao_raster_edgewalk:u_edgewalk|e0_r[4]~DUPLICATE          ; gpu_clk      ; gpu_clk     ; 0.000        ; 0.109      ; 0.373      ;
; 0.268 ; zhao_vram_arbiter:u_arb|vram_bytes[0][6]                                                                               ; zhao_vram_arbiter:u_arb|vram_bytes[0][6]                                                                                ; gpu_clk      ; gpu_clk     ; 0.000        ; 0.111      ; 0.379      ;
; 0.276 ; zhao_geom_bin_pipe:u_render_bin|zhao_raster_tile_pipe:u_pipe|zhao_raster_edgewalk:u_edgewalk|e1_r[4]                   ; zhao_geom_bin_pipe:u_render_bin|zhao_raster_tile_pipe:u_pipe|zhao_raster_edgewalk:u_edgewalk|e1_r[4]                    ; gpu_clk      ; gpu_clk     ; 0.000        ; 0.106      ; 0.382      ;
; 0.288 ; zhao_geom_bin_pipe:u_render_bin|zhao_geom_binner:u_binner|d_tri_r[66]                                                  ; zhao_geom_bin_pipe:u_render_bin|zhao_raster_tile_pipe:u_pipe|by_r[3]                                                    ; gpu_clk      ; gpu_clk     ; 0.000        ; 0.380      ; 0.668      ;
; 0.292 ; zhao_input_snapshot:u_snapshot|gaps[1]                                                                                 ; zhao_input_snapshot:u_snapshot|gaps[1]                                                                                  ; gpu_clk      ; gpu_clk     ; 0.000        ; 0.108      ; 0.400      ;
; 0.293 ; zhao_video_slotmgr:u_slotmgr|generation[0][10]                                                                         ; zhao_video_slotmgr:u_slotmgr|generation[0][10]                                                                          ; gpu_clk      ; gpu_clk     ; 0.000        ; 0.109      ; 0.402      ;
; 0.298 ; zhao_geom_bin_pipe:u_render_bin|zhao_raster_tile_pipe:u_pipe|zhao_raster_edgewalk:u_edgewalk|ax_r[19]                  ; zhao_geom_bin_pipe:u_render_bin|zhao_raster_tile_pipe:u_pipe|zhao_raster_edgewalk:u_edgewalk|o2p_r[19]                  ; gpu_clk      ; gpu_clk     ; 0.000        ; 0.502      ; 0.800      ;
; 0.301 ; zhao_geom_bin_pipe:u_render_bin|zhao_raster_tile_pipe:u_pipe|zhao_raster_edgewalk:u_edgewalk|ax_r[13]                  ; zhao_geom_bin_pipe:u_render_bin|zhao_raster_tile_pipe:u_pipe|zhao_raster_edgewalk:u_edgewalk|o2p_r[13]                  ; gpu_clk      ; gpu_clk     ; 0.000        ; 0.497      ; 0.798      ;
; 0.312 ; zhao_geom_bin_pipe:u_render_bin|zhao_raster_tile_pipe:u_pipe|zhao_raster_fragment:u_fragment|s1_depth_r[16]            ; zhao_geom_bin_pipe:u_render_bin|zhao_raster_tile_pipe:u_pipe|zhao_raster_fragment:u_fragment|s2_depth_r[16]             ; gpu_clk      ; gpu_clk     ; 0.000        ; 0.515      ; 0.827      ;
; 0.313 ; zhao_geom_bin_pipe:u_render_bin|zhao_raster_tile_pipe:u_pipe|zhao_raster_fragment:u_fragment|s1_depth_r[5]             ; zhao_geom_bin_pipe:u_render_bin|zhao_raster_tile_pipe:u_pipe|zhao_raster_fragment:u_fragment|s2_depth_r[5]              ; gpu_clk      ; gpu_clk     ; 0.000        ; 0.475      ; 0.788      ;
; 0.320 ; zhao_geom_bin_pipe:u_render_bin|zhao_raster_tile_pipe:u_pipe|zhao_raster_edgewalk:u_edgewalk|ax_r[18]                  ; zhao_geom_bin_pipe:u_render_bin|zhao_raster_tile_pipe:u_pipe|zhao_raster_edgewalk:u_edgewalk|o1p_r[18]                  ; gpu_clk      ; gpu_clk     ; 0.000        ; 0.491      ; 0.811      ;
; 0.322 ; zhao_geom_bin_pipe:u_render_bin|zhao_raster_tile_pipe:u_pipe|zhao_raster_edgewalk:u_edgewalk|bx_r[8]                   ; zhao_geom_bin_pipe:u_render_bin|zhao_raster_tile_pipe:u_pipe|zhao_raster_edgewalk:u_edgewalk|o2p_r[8]~DUPLICATE         ; gpu_clk      ; gpu_clk     ; 0.000        ; 0.509      ; 0.831      ;
; 0.324 ; zhao_geom_bin_pipe:u_render_bin|zhao_raster_tile_pipe:u_pipe|ay_r[11]                                                  ; zhao_geom_bin_pipe:u_render_bin|zhao_raster_tile_pipe:u_pipe|zhao_raster_edgewalk:u_edgewalk|ay_r[11]                   ; gpu_clk      ; gpu_clk     ; 0.000        ; 0.512      ; 0.836      ;
; 0.326 ; zhao_geom_bin_pipe:u_render_bin|zhao_raster_tile_pipe:u_pipe|zhao_raster_edgewalk:u_edgewalk|ax_r[7]                   ; zhao_geom_bin_pipe:u_render_bin|zhao_raster_tile_pipe:u_pipe|zhao_raster_edgewalk:u_edgewalk|o1p_r[7]                   ; gpu_clk      ; gpu_clk     ; 0.000        ; 0.494      ; 0.820      ;
; 0.328 ; zhao_geom_bin_pipe:u_render_bin|zhao_raster_tile_pipe:u_pipe|zhao_raster_edgewalk:u_edgewalk|bx_r[8]                   ; zhao_geom_bin_pipe:u_render_bin|zhao_raster_tile_pipe:u_pipe|zhao_raster_edgewalk:u_edgewalk|o2p_r[8]                   ; gpu_clk      ; gpu_clk     ; 0.000        ; 0.502      ; 0.830      ;
; 0.332 ; zhao_geom_bin_pipe:u_render_bin|zhao_raster_tile_pipe:u_pipe|ay_r[13]                                                  ; zhao_geom_bin_pipe:u_render_bin|zhao_raster_tile_pipe:u_pipe|zhao_raster_edgewalk:u_edgewalk|ay_r[13]                   ; gpu_clk      ; gpu_clk     ; 0.000        ; 0.507      ; 0.839      ;
; 0.335 ; zhao_geom_bin_pipe:u_render_bin|zhao_raster_tile_pipe:u_pipe|ay_r[17]                                                  ; zhao_geom_bin_pipe:u_render_bin|zhao_raster_tile_pipe:u_pipe|zhao_raster_edgewalk:u_edgewalk|ay_r[17]                   ; gpu_clk      ; gpu_clk     ; 0.000        ; 0.507      ; 0.842      ;
; 0.341 ; zhao_geom_bin_pipe:u_render_bin|zhao_raster_tile_pipe:u_pipe|ay_r[16]                                                  ; zhao_geom_bin_pipe:u_render_bin|zhao_raster_tile_pipe:u_pipe|zhao_raster_edgewalk:u_edgewalk|ay_r[16]                   ; gpu_clk      ; gpu_clk     ; 0.000        ; 0.505      ; 0.846      ;
; 0.344 ; zhao_geom_bin_pipe:u_render_bin|zhao_raster_tile_pipe:u_pipe|zhao_raster_fragment:u_fragment|s1_depth_r[4]             ; zhao_geom_bin_pipe:u_render_bin|zhao_raster_tile_pipe:u_pipe|zhao_raster_fragment:u_fragment|s2_depth_r[4]              ; gpu_clk      ; gpu_clk     ; 0.000        ; 0.480      ; 0.824      ;
; 0.348 ; zhao_geom_bin_pipe:u_render_bin|zhao_raster_tile_pipe:u_pipe|zhao_raster_fragment:u_fragment|s2_dst_rgb_r[19]          ; zhao_geom_bin_pipe:u_render_bin|zhao_raster_tile_pipe:u_pipe|zhao_raster_fragment:u_fragment|s3_dst_rgb_r[19]           ; gpu_clk      ; gpu_clk     ; 0.000        ; 0.123      ; 0.471      ;
; 0.348 ; zhao_cmd_scheduler:u_sched|sh_cycles[41]                                                                               ; zhao_debug_counters:u_counters|bank[0][41]                                                                              ; gpu_clk      ; gpu_clk     ; 0.000        ; 0.573      ; 0.921      ;
; 0.349 ; zhao_geom_bin_pipe:u_render_bin|zhao_raster_tile_pipe:u_pipe|zhao_skid2:u_cand_skid|mem[1][141]                        ; zhao_geom_bin_pipe:u_render_bin|zhao_raster_tile_pipe:u_pipe|zhao_raster_fragment:u_fragment|s0_depth_r[5]              ; gpu_clk      ; gpu_clk     ; 0.000        ; 0.118      ; 0.467      ;
; 0.349 ; zhao_cmd_dma:u_dma|fetched[4]~DUPLICATE                                                                                ; zhao_cmd_dma:u_dma|burst_end[4]_OTERM2466                                                                               ; gpu_clk      ; gpu_clk     ; 0.000        ; 0.480      ; 0.829      ;
; 0.349 ; zhao_cmd_scheduler:u_sched|rumble_str[4]                                                                               ; zhao_input_rumble:u_rumble|pend_strength[1][4]                                                                          ; gpu_clk      ; gpu_clk     ; 0.000        ; 0.485      ; 0.834      ;
; 0.350 ; zhao_geom_bin_pipe:u_render_bin|zhao_raster_tile_pipe:u_pipe|zhao_raster_fragment:u_fragment|s1_depth_r[15]~DUPLICATE  ; zhao_geom_bin_pipe:u_render_bin|zhao_raster_tile_pipe:u_pipe|zhao_raster_fragment:u_fragment|s2_live_r_OTERM3           ; gpu_clk      ; gpu_clk     ; 0.000        ; 0.517      ; 0.867      ;
; 0.356 ; zhao_geom_bin_pipe:u_render_bin|zhao_raster_tile_pipe:u_pipe|clear_r[27]                                               ; zhao_geom_bin_pipe:u_render_bin|zhao_raster_tile_pipe:u_pipe|zhao_raster_earlyz:u_earlyz|floor_r[19]                    ; gpu_clk      ; gpu_clk     ; 0.000        ; 0.568      ; 0.924      ;
; 0.358 ; zhao_cmd_scheduler:u_sched|rumble_pad[0]                                                                               ; rum_prev_pl[16]                                                                                                         ; gpu_clk      ; gpu_clk     ; 0.000        ; 0.496      ; 0.854      ;
; 0.360 ; zhao_geom_bin_pipe:u_render_bin|zhao_geom_binner:u_binner|d_tri_r[35]                                                  ; zhao_geom_bin_pipe:u_render_bin|zhao_raster_tile_pipe:u_pipe|ay_r[14]                                                   ; gpu_clk      ; gpu_clk     ; 0.000        ; 0.392      ; 0.752      ;
; 0.360 ; zhao_audio_fifo:u_fifo|cnt_gray_meta[24]                                                                               ; zhao_audio_fifo:u_fifo|cnt_gray_sync[24]                                                                                ; gpu_clk      ; gpu_clk     ; 0.000        ; 0.569      ; 0.929      ;
; 0.362 ; zhao_geom_bin_pipe:u_render_bin|zhao_raster_tile_pipe:u_pipe|clear_r[27]                                               ; zhao_geom_bin_pipe:u_render_bin|zhao_raster_tile_pipe:u_pipe|zhao_raster_earlyz:u_earlyz|floor_r[19]~DUPLICATE          ; gpu_clk      ; gpu_clk     ; 0.000        ; 0.563      ; 0.925      ;
; 0.365 ; zhao_geom_bin_pipe:u_render_bin|zhao_raster_tile_pipe:u_pipe|zhao_raster_edgewalk:u_edgewalk|by_r[19]                  ; zhao_geom_bin_pipe:u_render_bin|zhao_raster_tile_pipe:u_pipe|zhao_raster_edgewalk:u_edgewalk|o0q_r[19]                  ; gpu_clk      ; gpu_clk     ; 0.000        ; 0.489      ; 0.854      ;
; 0.366 ; zhao_geom_bin_pipe:u_render_bin|zhao_raster_tile_pipe:u_pipe|zhao_skid2:u_cand_skid|mem[0][17]                         ; zhao_geom_bin_pipe:u_render_bin|zhao_raster_tile_pipe:u_pipe|zhao_raster_fragment:u_fragment|s0_trgb_r[1]~_Duplicate_1  ; gpu_clk      ; gpu_clk     ; 0.000        ; 0.123      ; 0.489      ;
; 0.366 ; zhao_geom_bin_pipe:u_render_bin|zhao_raster_tile_pipe:u_pipe|zhao_raster_fragment:u_fragment|s1_depth_r[15]~DUPLICATE  ; zhao_geom_bin_pipe:u_render_bin|zhao_raster_tile_pipe:u_pipe|zhao_raster_fragment:u_fragment|s2_depth_r[15]             ; gpu_clk      ; gpu_clk     ; 0.000        ; 0.511      ; 0.877      ;
; 0.366 ; pack_lo[44]                                                                                                            ; scan_beat_data[44]                                                                                                      ; gpu_clk      ; gpu_clk     ; 0.000        ; 0.117      ; 0.483      ;
; 0.367 ; zhao_cmd_scheduler:u_sched|live_cmds[25]                                                                               ; zhao_cmd_scheduler:u_sched|sh_cmds[25]                                                                                  ; gpu_clk      ; gpu_clk     ; 0.000        ; 0.447      ; 0.814      ;
; 0.368 ; zhao_geom_bin_pipe:u_render_bin|zhao_raster_tile_pipe:u_pipe|zhao_skid2:u_cand_skid|mem[1][0]                          ; zhao_geom_bin_pipe:u_render_bin|zhao_raster_tile_pipe:u_pipe|zhao_raster_fragment:u_fragment|s0_tidx_r[0]               ; gpu_clk      ; gpu_clk     ; 0.000        ; 0.106      ; 0.474      ;
; 0.368 ; zhao_video_scanout:u_scanout|zhao_scanout_fetch:u_fetch|line_base_r[8]                                                 ; zhao_mem_guard:u_guard_scan|fwd_req.addr[8]_OTERM2000                                                                   ; gpu_clk      ; gpu_clk     ; 0.000        ; 0.094      ; 0.462      ;
; 0.368 ; zhao_cmd_scheduler:u_sched|live_cmds[36]                                                                               ; zhao_cmd_scheduler:u_sched|sh_cmds[36]                                                                                  ; gpu_clk      ; gpu_clk     ; 0.000        ; 0.451      ; 0.819      ;
; 0.369 ; zhao_geom_bin_pipe:u_render_bin|zhao_raster_tile_pipe:u_pipe|zhao_skid2:u_cand_skid|mem[0][30]                         ; zhao_geom_bin_pipe:u_render_bin|zhao_raster_tile_pipe:u_pipe|zhao_raster_fragment:u_fragment|s0_trgb_r[14]~_Duplicate_1 ; gpu_clk      ; gpu_clk     ; 0.000        ; 0.117      ; 0.486      ;
; 0.369 ; zhao_cmd_scheduler:u_sched|sh_faults[62]                                                                               ; zhao_debug_counters:u_counters|bank[1][62]                                                                              ; gpu_clk      ; gpu_clk     ; 0.000        ; 0.565      ; 0.934      ;
; 0.370 ; zhao_geom_bin_pipe:u_render_bin|zhao_raster_tile_pipe:u_pipe|ax_r[15]                                                  ; zhao_geom_bin_pipe:u_render_bin|zhao_raster_tile_pipe:u_pipe|zhao_raster_edgewalk:u_edgewalk|ax_r[15]                   ; gpu_clk      ; gpu_clk     ; 0.000        ; 0.489      ; 0.859      ;
; 0.370 ; zhao_cmd_dma:u_dma|fetched[6]~DUPLICATE                                                                                ; zhao_cmd_dma:u_dma|burst_end[6]_OTERM2474                                                                               ; gpu_clk      ; gpu_clk     ; 0.000        ; 0.496      ; 0.866      ;
; 0.371 ; zhao_hps_bridge:u_bridge|hps_bytes[2][0]                                                                               ; zhao_hps_bridge:u_bridge|hps_bytes_shadow[2][0]                                                                         ; gpu_clk      ; gpu_clk     ; 0.000        ; 0.107      ; 0.478      ;
; 0.372 ; zhao_geom_bin_pipe:u_render_bin|zhao_raster_tile_pipe:u_pipe|zhao_skid2:u_cand_skid|mem[0][23]                         ; zhao_geom_bin_pipe:u_render_bin|zhao_raster_tile_pipe:u_pipe|zhao_raster_fragment:u_fragment|s0_trgb_r[7]~_Duplicate_1  ; gpu_clk      ; gpu_clk     ; 0.000        ; 0.128      ; 0.500      ;
; 0.372 ; zhao_geom_bin_pipe:u_render_bin|zhao_raster_tile_pipe:u_pipe|zhao_skid2:u_cand_skid|mem[1][112]                        ; zhao_geom_bin_pipe:u_render_bin|zhao_raster_tile_pipe:u_pipe|zhao_raster_fragment:u_fragment|s0_state_r[8]              ; gpu_clk      ; gpu_clk     ; 0.000        ; 0.112      ; 0.484      ;
; 0.372 ; zhao_cmd_scheduler:u_sched|live_cmds[42]                                                                               ; zhao_cmd_scheduler:u_sched|sh_cmds[42]                                                                                  ; gpu_clk      ; gpu_clk     ; 0.000        ; 0.453      ; 0.825      ;
; 0.376 ; zhao_geom_bin_pipe:u_render_bin|zhao_geom_binner:u_binner|d_tri_r[29]                                                  ; zhao_geom_bin_pipe:u_render_bin|zhao_raster_tile_pipe:u_pipe|ay_r[8]                                                    ; gpu_clk      ; gpu_clk     ; 0.000        ; 0.393      ; 0.769      ;
; 0.376 ; zhao_cmd_scheduler:u_sched|sh_faults[33]                                                                               ; zhao_debug_counters:u_counters|bank[1][33]                                                                              ; gpu_clk      ; gpu_clk     ; 0.000        ; 0.578      ; 0.954      ;
; 0.378 ; zhao_geom_bin_pipe:u_render_bin|zhao_raster_tile_pipe:u_pipe|cy_r[9]                                                   ; zhao_geom_bin_pipe:u_render_bin|zhao_raster_tile_pipe:u_pipe|zhao_raster_edgewalk:u_edgewalk|cy_r[9]                    ; gpu_clk      ; gpu_clk     ; 0.000        ; 0.497      ; 0.875      ;
; 0.379 ; zhao_cmd_scheduler:u_sched|sh_faults[43]                                                                               ; zhao_debug_counters:u_counters|bank[1][43]                                                                              ; gpu_clk      ; gpu_clk     ; 0.000        ; 0.584      ; 0.963      ;
; 0.380 ; zhao_geom_bin_pipe:u_render_bin|zhao_raster_tile_pipe:u_pipe|zhao_raster_fragment:u_fragment|s1_depth_r[20]            ; zhao_geom_bin_pipe:u_render_bin|zhao_raster_tile_pipe:u_pipe|zhao_raster_fragment:u_fragment|s2_depth_r[20]             ; gpu_clk      ; gpu_clk     ; 0.000        ; 0.511      ; 0.891      ;
; 0.380 ; zhao_geom_bin_pipe:u_render_bin|zhao_raster_tile_pipe:u_pipe|zhao_raster_earlyz:u_earlyz|out_payload_r[7]              ; zhao_geom_bin_pipe:u_render_bin|zhao_raster_tile_pipe:u_pipe|zhao_skid2:u_cand_skid|mem[1][7]                           ; gpu_clk      ; gpu_clk     ; 0.000        ; 0.520      ; 0.900      ;
; 0.381 ; zhao_mem_guard:u_guard_blit|guard_violations[0]                                                                        ; zhao_mem_guard:u_guard_blit|guard_violations[1]                                                                         ; gpu_clk      ; gpu_clk     ; 0.000        ; 0.440      ; 0.821      ;
; 0.382 ; zhao_geom_bin_pipe:u_render_bin|zhao_raster_tile_pipe:u_pipe|zhao_raster_fragment:u_fragment|s1_src_rgb_r[7]_OTERM2090 ; zhao_geom_bin_pipe:u_render_bin|zhao_raster_tile_pipe:u_pipe|zhao_raster_fragment:u_fragment|s1_src_rgb_r[7]_OTERM2086  ; gpu_clk      ; gpu_clk     ; 0.000        ; 0.095      ; 0.477      ;
; 0.383 ; zhao_input_rumble:u_rumble|pend_strength[0][3]                                                                         ; zhao_input_rumble:u_rumble|duty[0][3]                                                                                   ; gpu_clk      ; gpu_clk     ; 0.000        ; 0.511      ; 0.894      ;
; 0.385 ; zhao_geom_bin_pipe:u_render_bin|zhao_raster_tile_pipe:u_pipe|zhao_raster_edgewalk:u_edgewalk|cy_r[16]                  ; zhao_geom_bin_pipe:u_render_bin|zhao_raster_tile_pipe:u_pipe|zhao_raster_edgewalk:u_edgewalk|o0q_r[16]                  ; gpu_clk      ; gpu_clk     ; 0.000        ; 0.484      ; 0.869      ;
; 0.385 ; zhao_geom_bin_pipe:u_render_bin|zhao_raster_tile_pipe:u_pipe|zhao_raster_edgewalk:u_edgewalk|ax_r[14]                  ; zhao_geom_bin_pipe:u_render_bin|zhao_raster_tile_pipe:u_pipe|zhao_raster_edgewalk:u_edgewalk|o1p_r[14]                  ; gpu_clk      ; gpu_clk     ; 0.000        ; 0.512      ; 0.897      ;
; 0.385 ; zhao_geom_bin_pipe:u_render_bin|zhao_raster_tile_pipe:u_pipe|zhao_raster_edgewalk:u_edgewalk|bx_r[2]                   ; zhao_geom_bin_pipe:u_render_bin|zhao_raster_tile_pipe:u_pipe|zhao_raster_edgewalk:u_edgewalk|o0v_r[2]                   ; gpu_clk      ; gpu_clk     ; 0.000        ; 0.508      ; 0.893      ;
; 0.386 ; zhao_cmd_scheduler:u_sched|fetch_len[5]                                                                                ; zhao_cmd_dma:u_dma|f_len[5]                                                                                             ; gpu_clk      ; gpu_clk     ; 0.000        ; 0.483      ; 0.869      ;
; 0.388 ; zhao_geom_bin_pipe:u_render_bin|zhao_raster_tile_pipe:u_pipe|zhao_raster_earlyz:u_earlyz|out_state_r[15]               ; zhao_geom_bin_pipe:u_render_bin|zhao_raster_tile_pipe:u_pipe|zhao_skid2:u_cand_skid|mem[1][119]                         ; gpu_clk      ; gpu_clk     ; 0.000        ; 0.525      ; 0.913      ;
; 0.388 ; zhao_geom_bin_pipe:u_render_bin|zhao_raster_tile_pipe:u_pipe|zhao_raster_earlyz:u_earlyz|out_state_r[7]                ; zhao_geom_bin_pipe:u_render_bin|zhao_raster_tile_pipe:u_pipe|zhao_skid2:u_cand_skid|mem[1][111]                         ; gpu_clk      ; gpu_clk     ; 0.000        ; 0.550      ; 0.938      ;
; 0.388 ; zhao_mem_guard:u_guard_blit|guard_violations[19]                                                                       ; zhao_mem_guard:u_guard_blit|guard_violations[22]                                                                        ; gpu_clk      ; gpu_clk     ; 0.000        ; 0.587      ; 0.975      ;
; 0.389 ; zhao_geom_bin_pipe:u_render_bin|zhao_raster_tile_pipe:u_pipe|zhao_raster_edgewalk:u_edgewalk|px0_r[15]                 ; zhao_geom_bin_pipe:u_render_bin|zhao_raster_tile_pipe:u_pipe|zhao_raster_edgewalk:u_edgewalk|o0v_r[15]                  ; gpu_clk      ; gpu_clk     ; 0.000        ; 0.487      ; 0.876      ;
; 0.389 ; zhao_geom_bin_pipe:u_render_bin|zhao_raster_tile_pipe:u_pipe|zhao_raster_earlyz:u_earlyz|out_state_r[7]                ; zhao_geom_bin_pipe:u_render_bin|zhao_raster_tile_pipe:u_pipe|zhao_skid2:u_cand_skid|mem[0][111]                         ; gpu_clk      ; gpu_clk     ; 0.000        ; 0.544      ; 0.933      ;
; 0.390 ; zhao_geom_bin_pipe:u_render_bin|zhao_geom_binner:u_binner|tri_count_r[6]                                               ; zhao_geom_bin_pipe:u_render_bin|zhao_geom_binner:u_binner|tri_idx_r[6]                                                  ; gpu_clk      ; gpu_clk     ; 0.000        ; 0.105      ; 0.495      ;
; 0.390 ; zhao_geom_bin_pipe:u_render_bin|zhao_raster_tile_pipe:u_pipe|zhao_raster_earlyz:u_earlyz|out_addr_r[4]                 ; zhao_geom_bin_pipe:u_render_bin|zhao_raster_tile_pipe:u_pipe|zhao_skid2:u_cand_skid|mem[1][164]                         ; gpu_clk      ; gpu_clk     ; 0.000        ; 0.461      ; 0.851      ;
; 0.392 ; zhao_geom_bin_pipe:u_render_bin|zhao_raster_tile_pipe:u_pipe|zhao_raster_edgewalk:u_edgewalk|ax_r[17]                  ; zhao_geom_bin_pipe:u_render_bin|zhao_raster_tile_pipe:u_pipe|zhao_raster_edgewalk:u_edgewalk|o1p_r[17]                  ; gpu_clk      ; gpu_clk     ; 0.000        ; 0.507      ; 0.899      ;
; 0.392 ; zhao_geom_bin_pipe:u_render_bin|zhao_raster_tile_pipe:u_pipe|zhao_raster_earlyz:u_earlyz|out_addr_r[4]                 ; zhao_geom_bin_pipe:u_render_bin|zhao_raster_tile_pipe:u_pipe|zhao_skid2:u_cand_skid|mem[0][164]                         ; gpu_clk      ; gpu_clk     ; 0.000        ; 0.458      ; 0.850      ;
; 0.392 ; zhao_geom_bin_pipe:u_render_bin|zhao_raster_tile_pipe:u_pipe|fill_r[3]                                                 ; zhao_geom_bin_pipe:u_render_bin|zhao_raster_tile_pipe:u_pipe|zhao_raster_earlyz:u_earlyz|out_payload_r[43]              ; gpu_clk      ; gpu_clk     ; 0.000        ; 0.121      ; 0.513      ;
; 0.394 ; zhao_geom_bin_pipe:u_render_bin|zhao_geom_binner:u_binner|d_tx_r[0]                                                    ; zhao_geom_bin_pipe:u_render_bin|zhao_geom_binner:u_binner|d_jx_r[0]                                                     ; gpu_clk      ; gpu_clk     ; 0.000        ; 0.483      ; 0.877      ;
; 0.395 ; zhao_geom_bin_pipe:u_render_bin|zhao_raster_tile_pipe:u_pipe|ax_r[8]                                                   ; zhao_geom_bin_pipe:u_render_bin|zhao_raster_tile_pipe:u_pipe|zhao_raster_edgewalk:u_edgewalk|ax_r[8]                    ; gpu_clk      ; gpu_clk     ; 0.000        ; 0.509      ; 0.904      ;
; 0.395 ; zhao_geom_bin_pipe:u_render_bin|zhao_raster_tile_pipe:u_pipe|zhao_raster_edgewalk:u_edgewalk|ax_r[11]                  ; zhao_geom_bin_pipe:u_render_bin|zhao_raster_tile_pipe:u_pipe|zhao_raster_edgewalk:u_edgewalk|o2p_r[11]                  ; gpu_clk      ; gpu_clk     ; 0.000        ; 0.502      ; 0.897      ;
; 0.395 ; zhao_cmd_scheduler:u_sched|live_cmds[6]                                                                                ; zhao_cmd_scheduler:u_sched|sh_cmds[6]                                                                                   ; gpu_clk      ; gpu_clk     ; 0.000        ; 0.438      ; 0.833      ;
; 0.396 ; pack_lo[27]                                                                                                            ; scan_beat_data[27]                                                                                                      ; gpu_clk      ; gpu_clk     ; 0.000        ; 0.512      ; 0.908      ;
; 0.396 ; zhao_cmd_scheduler:u_sched|live_cmds[26]                                                                               ; zhao_cmd_scheduler:u_sched|sh_cmds[26]                                                                                  ; gpu_clk      ; gpu_clk     ; 0.000        ; 0.442      ; 0.838      ;
; 0.399 ; zhao_cmd_scheduler:u_sched|fetch_len[31]                                                                               ; zhao_cmd_dma:u_dma|f_len[31]                                                                                            ; gpu_clk      ; gpu_clk     ; 0.000        ; 0.484      ; 0.883      ;
; 0.399 ; zhao_input_rumble:u_rumble|pend_strength[0][7]                                                                         ; zhao_input_rumble:u_rumble|duty[0][7]                                                                                   ; gpu_clk      ; gpu_clk     ; 0.000        ; 0.511      ; 0.910      ;
; 0.399 ; zhao_vram_arbiter:u_arb|vram_bytes[2][27]                                                                              ; zhao_vram_arbiter:u_arb|vram_bytes_shadow[2][27]                                                                        ; gpu_clk      ; gpu_clk     ; 0.000        ; 0.109      ; 0.508      ;
; 0.401 ; zhao_cmd_scheduler:u_sched|live_cmds[45]                                                                               ; zhao_cmd_scheduler:u_sched|sh_cmds[45]                                                                                  ; gpu_clk      ; gpu_clk     ; 0.000        ; 0.454      ; 0.855      ;
; 0.403 ; zhao_cmd_scheduler:u_sched|fetch_len[19]                                                                               ; zhao_cmd_dma:u_dma|f_len[19]                                                                                            ; gpu_clk      ; gpu_clk     ; 0.000        ; 0.479      ; 0.882      ;
; 0.404 ; zhao_cmd_scheduler:u_sched|live_cmds[53]                                                                               ; zhao_cmd_scheduler:u_sched|sh_cmds[53]                                                                                  ; gpu_clk      ; gpu_clk     ; 0.000        ; 0.134      ; 0.538      ;
; 0.405 ; zhao_video_scanout:u_scanout|zhao_scanout_fetch:u_fetch|state.F_ARM                                                    ; zhao_video_scanout:u_scanout|zhao_scanout_fetch:u_fetch|state.F_WAIT                                                    ; gpu_clk      ; gpu_clk     ; 0.000        ; 0.095      ; 0.500      ;
; 0.405 ; zhao_cmd_scheduler:u_sched|live_cmds[19]~DUPLICATE                                                                     ; zhao_cmd_scheduler:u_sched|live_cmds[19]                                                                                ; gpu_clk      ; gpu_clk     ; 0.000        ; 0.128      ; 0.533      ;
; 0.405 ; zhao_cmd_scheduler:u_sched|live_cmds[28]                                                                               ; zhao_cmd_scheduler:u_sched|sh_cmds[28]                                                                                  ; gpu_clk      ; gpu_clk     ; 0.000        ; 0.447      ; 0.852      ;
; 0.406 ; zhao_geom_bin_pipe:u_render_bin|zhao_raster_tile_pipe:u_pipe|zhao_raster_fragment:u_fragment|s0_tidx_r[5]              ; zhao_geom_bin_pipe:u_render_bin|zhao_raster_tile_pipe:u_pipe|zhao_raster_fragment:u_fragment|s1_tidx_r[5]               ; gpu_clk      ; gpu_clk     ; 0.000        ; 0.491      ; 0.897      ;
; 0.406 ; zhao_mem_guard:u_guard_blit|guard_violations[9]~DUPLICATE                                                              ; zhao_mem_guard:u_guard_blit|guard_violations[9]                                                                         ; gpu_clk      ; gpu_clk     ; 0.000        ; 0.127      ; 0.533      ;
; 0.406 ; zhao_mem_guard:u_guard_blit|guard_violations[29]~DUPLICATE                                                             ; zhao_mem_guard:u_guard_blit|guard_violations[29]                                                                        ; gpu_clk      ; gpu_clk     ; 0.000        ; 0.127      ; 0.533      ;
; 0.406 ; zhao_input_rumble:u_rumble|pend_strength[0][6]                                                                         ; zhao_input_rumble:u_rumble|duty[0][6]                                                                                   ; gpu_clk      ; gpu_clk     ; 0.000        ; 0.507      ; 0.913      ;
+-------+------------------------------------------------------------------------------------------------------------------------+-------------------------------------------------------------------------------------------------------------------------+--------------+-------------+--------------+------------+------------+

Path #1: Hold slack is 0.245 
===============================================================================
+---------------------------------------------------------------------------+
; Path Summary                                                              ;
+--------------------+------------------------------------------------------+
; Property           ; Value                                                ;
+--------------------+------------------------------------------------------+
; From Node          ; zhao_raster_fbwrite:u_render_fbw|pixels_written_o[2] ;
; To Node            ; zhao_raster_fbwrite:u_render_fbw|pixels_written_o[2] ;
; Launch Clock       ; gpu_clk                                              ;
; Latch Clock        ; gpu_clk                                              ;
; Data Arrival Time  ; 3.712                                                ;
; Data Required Time ; 3.467                                                ;
; Slack              ; 0.245                                                ;
+--------------------+------------------------------------------------------+

+-----------------------------------------------------------------------------------+
; Statistics                                                                        ;
+------------------------+-------+-------+-------------+------------+-------+-------+
; Property               ; Value ; Count ; Total Delay ; % of Total ; Min   ; Max   ;
+------------------------+-------+-------+-------------+------------+-------+-------+
; Hold Relationship      ; 0.000 ;       ;             ;            ;       ;       ;
; Clock Skew             ; 0.111 ;       ;             ;            ;       ;       ;
; Data Delay             ; 0.356 ;       ;             ;            ;       ;       ;
; Number of Logic Levels ;       ; 1     ;             ;            ;       ;       ;
; Physical Delays        ;       ;       ;             ;            ;       ;       ;
;  Arrival Path          ;       ;       ;             ;            ;       ;       ;
;   Clock                ;       ;       ;             ;            ;       ;       ;
;    IC                  ;       ; 2     ; 2.600       ; 77         ; 0.734 ; 1.866 ;
;    Cell                ;       ; 2     ; 0.756       ; 23         ; 0.272 ; 0.484 ;
;   Data                 ;       ;       ;             ;            ;       ;       ;
;    IC                  ;       ; 2     ; 0.218       ; 61         ; 0.000 ; 0.218 ;
;    Cell                ;       ; 3     ; 0.138       ; 39         ; 0.000 ; 0.069 ;
;    uTco                ;       ; 1     ; 0.000       ; 0          ; 0.000 ; 0.000 ;
;  Required Path         ;       ;       ;             ;            ;       ;       ;
;   Clock                ;       ;       ;             ;            ;       ;       ;
;    IC                  ;       ; 2     ; 5.189       ; 86         ; 2.278 ; 2.911 ;
;    Cell                ;       ; 2     ; 0.862       ; 14         ; 0.298 ; 0.564 ;
+------------------------+-------+-------+-------------+------------+-------+-------+
Note: Negative delays are omitted from totals when calculating percentages

+--------------------------------------------------------------------------------------------------------------------+
; Data Arrival Path                                                                                                  ;
+---------+---------+----+------+--------+--------------------+------------------------------------------------------+
; Total   ; Incr    ; RF ; Type ; Fanout ; Location           ; Element                                              ;
+---------+---------+----+------+--------+--------------------+------------------------------------------------------+
; 0.000   ; 0.000   ;    ;      ;        ;                    ; launch edge time                                     ;
; 3.356   ; 3.356   ;    ;      ;        ;                    ; clock path                                           ;
;   0.000 ;   0.000 ;    ;      ;        ;                    ; source latency                                       ;
;   0.000 ;   0.000 ;    ;      ; 1      ; LABCELL_X45_Y1_N3  ; gpu_clk                                              ;
;   0.734 ;   0.734 ; RR ; IC   ; 1      ; CLKCTRL_G5         ; gpu_clk~CLKENA0|inclk                                ;
;   1.006 ;   0.272 ; RR ; CELL ; 15028  ; CLKCTRL_G5         ; gpu_clk~CLKENA0|outclk                               ;
;   2.872 ;   1.866 ; RR ; IC   ; 1      ; FF_X42_Y23_N8      ; u_render_fbw|pixels_written_o[2]|clk                 ;
;   3.356 ;   0.484 ; RR ; CELL ; 1      ; FF_X42_Y23_N8      ; zhao_raster_fbwrite:u_render_fbw|pixels_written_o[2] ;
; 3.712   ; 0.356   ;    ;      ;        ;                    ; data path                                            ;
;   3.356 ;   0.000 ;    ; uTco ; 1      ; FF_X42_Y23_N8      ; zhao_raster_fbwrite:u_render_fbw|pixels_written_o[2] ;
;   3.356 ;   0.000 ; FF ; CELL ; 2      ; FF_X42_Y23_N8      ; u_render_fbw|pixels_written_o[2]|q                   ;
;   3.574 ;   0.218 ; FF ; IC   ; 2      ; LABCELL_X42_Y23_N6 ; u_render_fbw|Add9~9|dataf                            ;
;   3.643 ;   0.069 ; FR ; CELL ; 1      ; LABCELL_X42_Y23_N6 ; u_render_fbw|Add9~9|sumout                           ;
;   3.643 ;   0.000 ; RR ; IC   ; 1      ; FF_X42_Y23_N8      ; u_render_fbw|pixels_written_o[2]|d                   ;
;   3.712 ;   0.069 ; RR ; CELL ; 1      ; FF_X42_Y23_N8      ; zhao_raster_fbwrite:u_render_fbw|pixels_written_o[2] ;
+---------+---------+----+------+--------+--------------------+------------------------------------------------------+

+--------------------------------------------------------------------------------------------------------------------+
; Data Required Path                                                                                                 ;
+---------+----------+----+------+--------+-------------------+------------------------------------------------------+
; Total   ; Incr     ; RF ; Type ; Fanout ; Location          ; Element                                              ;
+---------+----------+----+------+--------+-------------------+------------------------------------------------------+
; 0.000   ; 0.000    ;    ;      ;        ;                   ; latch edge time                                      ;
; 3.467   ; 3.467    ;    ;      ;        ;                   ; clock path                                           ;
;   0.000 ;   0.000  ;    ;      ;        ;                   ; source latency                                       ;
;   0.000 ;   0.000  ;    ;      ; 1      ; LABCELL_X45_Y1_N3 ; gpu_clk                                              ;
;   2.911 ;   2.911  ; RR ; IC   ; 1      ; CLKCTRL_G5        ; gpu_clk~CLKENA0|inclk                                ;
;   3.209 ;   0.298  ; RR ; CELL ; 15028  ; CLKCTRL_G5        ; gpu_clk~CLKENA0|outclk                               ;
;   5.487 ;   2.278  ; RR ; IC   ; 1      ; FF_X42_Y23_N8     ; u_render_fbw|pixels_written_o[2]|clk                 ;
;   6.051 ;   0.564  ; RR ; CELL ; 1      ; FF_X42_Y23_N8     ; zhao_raster_fbwrite:u_render_fbw|pixels_written_o[2] ;
;   3.467 ;   -2.584 ;    ;      ;        ;                   ; clock pessimism removed                              ;
; 3.467   ; 0.000    ;    ;      ;        ;                   ; clock uncertainty                                    ;
; 3.467   ; 0.000    ;    ; uTh  ; 1      ; FF_X42_Y23_N8     ; zhao_raster_fbwrite:u_render_fbw|pixels_written_o[2] ;
+---------+----------+----+------+--------+-------------------+------------------------------------------------------+

----------------------------
; Extra Fitter Information ;
----------------------------
HTML report is unavailable in plain text report export.


Path #2: Hold slack is 0.254 
===============================================================================
+---------------------------------------------------------------------+
; Path Summary                                                        ;
+--------------------+------------------------------------------------+
; Property           ; Value                                          ;
+--------------------+------------------------------------------------+
; From Node          ; zhao_video_slotmgr:u_slotmgr|generation[0][14] ;
; To Node            ; zhao_video_slotmgr:u_slotmgr|generation[0][14] ;
; Launch Clock       ; gpu_clk                                        ;
; Latch Clock        ; gpu_clk                                        ;
; Data Arrival Time  ; 3.746                                          ;
; Data Required Time ; 3.492                                          ;
; Slack              ; 0.254                                          ;
+--------------------+------------------------------------------------+

+-----------------------------------------------------------------------------------+
; Statistics                                                                        ;
+------------------------+-------+-------+-------------+------------+-------+-------+
; Property               ; Value ; Count ; Total Delay ; % of Total ; Min   ; Max   ;
+------------------------+-------+-------+-------------+------------+-------+-------+
; Hold Relationship      ; 0.000 ;       ;             ;            ;       ;       ;
; Clock Skew             ; 0.109 ;       ;             ;            ;       ;       ;
; Data Delay             ; 0.363 ;       ;             ;            ;       ;       ;
; Number of Logic Levels ;       ; 1     ;             ;            ;       ;       ;
; Physical Delays        ;       ;       ;             ;            ;       ;       ;
;  Arrival Path          ;       ;       ;             ;            ;       ;       ;
;   Clock                ;       ;       ;             ;            ;       ;       ;
;    IC                  ;       ; 2     ; 2.617       ; 77         ; 0.734 ; 1.883 ;
;    Cell                ;       ; 2     ; 0.766       ; 23         ; 0.272 ; 0.494 ;
;   Data                 ;       ;       ;             ;            ;       ;       ;
;    IC                  ;       ; 2     ; 0.227       ; 63         ; 0.000 ; 0.227 ;
;    Cell                ;       ; 3     ; 0.136       ; 37         ; 0.000 ; 0.072 ;
;    uTco                ;       ; 1     ; 0.000       ; 0          ; 0.000 ; 0.000 ;
;  Required Path         ;       ;       ;             ;            ;       ;       ;
;   Clock                ;       ;       ;             ;            ;       ;       ;
;    IC                  ;       ; 2     ; 5.208       ; 86         ; 2.297 ; 2.911 ;
;    Cell                ;       ; 2     ; 0.872       ; 14         ; 0.298 ; 0.574 ;
+------------------------+-------+-------+-------------+------------+-------+-------+
Note: Negative delays are omitted from totals when calculating percentages

+----------------------------------------------------------------------------------------------------------------+
; Data Arrival Path                                                                                              ;
+---------+---------+----+------+--------+----------------------+------------------------------------------------+
; Total   ; Incr    ; RF ; Type ; Fanout ; Location             ; Element                                        ;
+---------+---------+----+------+--------+----------------------+------------------------------------------------+
; 0.000   ; 0.000   ;    ;      ;        ;                      ; launch edge time                               ;
; 3.383   ; 3.383   ;    ;      ;        ;                      ; clock path                                     ;
;   0.000 ;   0.000 ;    ;      ;        ;                      ; source latency                                 ;
;   0.000 ;   0.000 ;    ;      ; 1      ; LABCELL_X45_Y1_N3    ; gpu_clk                                        ;
;   0.734 ;   0.734 ; RR ; IC   ; 1      ; CLKCTRL_G5           ; gpu_clk~CLKENA0|inclk                          ;
;   1.006 ;   0.272 ; RR ; CELL ; 15028  ; CLKCTRL_G5           ; gpu_clk~CLKENA0|outclk                         ;
;   2.889 ;   1.883 ; RR ; IC   ; 1      ; FF_X59_Y18_N44       ; u_slotmgr|generation[0][14]|clk                ;
;   3.383 ;   0.494 ; RR ; CELL ; 1      ; FF_X59_Y18_N44       ; zhao_video_slotmgr:u_slotmgr|generation[0][14] ;
; 3.746   ; 0.363   ;    ;      ;        ;                      ; data path                                      ;
;   3.383 ;   0.000 ;    ; uTco ; 1      ; FF_X59_Y18_N44       ; zhao_video_slotmgr:u_slotmgr|generation[0][14] ;
;   3.383 ;   0.000 ; FF ; CELL ; 3      ; FF_X59_Y18_N44       ; u_slotmgr|generation[0][14]|q                  ;
;   3.610 ;   0.227 ; FF ; IC   ; 2      ; MLABCELL_X59_Y18_N42 ; u_slotmgr|Add1~1|dataf                         ;
;   3.682 ;   0.072 ; FF ; CELL ; 3      ; MLABCELL_X59_Y18_N42 ; u_slotmgr|Add1~1|sumout                        ;
;   3.682 ;   0.000 ; FF ; IC   ; 1      ; FF_X59_Y18_N44       ; u_slotmgr|generation[0][14]|d                  ;
;   3.746 ;   0.064 ; FF ; CELL ; 1      ; FF_X59_Y18_N44       ; zhao_video_slotmgr:u_slotmgr|generation[0][14] ;
+---------+---------+----+------+--------+----------------------+------------------------------------------------+

+--------------------------------------------------------------------------------------------------------------+
; Data Required Path                                                                                           ;
+---------+----------+----+------+--------+-------------------+------------------------------------------------+
; Total   ; Incr     ; RF ; Type ; Fanout ; Location          ; Element                                        ;
+---------+----------+----+------+--------+-------------------+------------------------------------------------+
; 0.000   ; 0.000    ;    ;      ;        ;                   ; latch edge time                                ;
; 3.492   ; 3.492    ;    ;      ;        ;                   ; clock path                                     ;
;   0.000 ;   0.000  ;    ;      ;        ;                   ; source latency                                 ;
;   0.000 ;   0.000  ;    ;      ; 1      ; LABCELL_X45_Y1_N3 ; gpu_clk                                        ;
;   2.911 ;   2.911  ; RR ; IC   ; 1      ; CLKCTRL_G5        ; gpu_clk~CLKENA0|inclk                          ;
;   3.209 ;   0.298  ; RR ; CELL ; 15028  ; CLKCTRL_G5        ; gpu_clk~CLKENA0|outclk                         ;
;   5.506 ;   2.297  ; RR ; IC   ; 1      ; FF_X59_Y18_N44    ; u_slotmgr|generation[0][14]|clk                ;
;   6.080 ;   0.574  ; RR ; CELL ; 1      ; FF_X59_Y18_N44    ; zhao_video_slotmgr:u_slotmgr|generation[0][14] ;
;   3.492 ;   -2.588 ;    ;      ;        ;                   ; clock pessimism removed                        ;
; 3.492   ; 0.000    ;    ;      ;        ;                   ; clock uncertainty                              ;
; 3.492   ; 0.000    ;    ; uTh  ; 1      ; FF_X59_Y18_N44    ; zhao_video_slotmgr:u_slotmgr|generation[0][14] ;
+---------+----------+----+------+--------+-------------------+------------------------------------------------+

----------------------------
; Extra Fitter Information ;
----------------------------
HTML report is unavailable in plain text report export.


Path #3: Hold slack is 0.255 
===============================================================================
+-------------------------------------------------------------------------------------------------------------------------------------+
; Path Summary                                                                                                                        ;
+--------------------+----------------------------------------------------------------------------------------------------------------+
; Property           ; Value                                                                                                          ;
+--------------------+----------------------------------------------------------------------------------------------------------------+
; From Node          ; zhao_geom_bin_pipe:u_render_bin|zhao_raster_tile_pipe:u_pipe|zhao_raster_edgewalk:u_edgewalk|e2_r[4]           ;
; To Node            ; zhao_geom_bin_pipe:u_render_bin|zhao_raster_tile_pipe:u_pipe|zhao_raster_edgewalk:u_edgewalk|e2_r[4]~DUPLICATE ;
; Launch Clock       ; gpu_clk                                                                                                        ;
; Latch Clock        ; gpu_clk                                                                                                        ;
; Data Arrival Time  ; 3.729                                                                                                          ;
; Data Required Time ; 3.474                                                                                                          ;
; Slack              ; 0.255                                                                                                          ;
+--------------------+----------------------------------------------------------------------------------------------------------------+

+-----------------------------------------------------------------------------------+
; Statistics                                                                        ;
+------------------------+-------+-------+-------------+------------+-------+-------+
; Property               ; Value ; Count ; Total Delay ; % of Total ; Min   ; Max   ;
+------------------------+-------+-------+-------------+------------+-------+-------+
; Hold Relationship      ; 0.000 ;       ;             ;            ;       ;       ;
; Clock Skew             ; 0.110 ;       ;             ;            ;       ;       ;
; Data Delay             ; 0.365 ;       ;             ;            ;       ;       ;
; Number of Logic Levels ;       ; 1     ;             ;            ;       ;       ;
; Physical Delays        ;       ;       ;             ;            ;       ;       ;
;  Arrival Path          ;       ;       ;             ;            ;       ;       ;
;   Clock                ;       ;       ;             ;            ;       ;       ;
;    IC                  ;       ; 2     ; 2.612       ; 78         ; 0.734 ; 1.878 ;
;    Cell                ;       ; 2     ; 0.752       ; 22         ; 0.272 ; 0.480 ;
;   Data                 ;       ;       ;             ;            ;       ;       ;
;    IC                  ;       ; 2     ; 0.225       ; 62         ; 0.000 ; 0.225 ;
;    Cell                ;       ; 3     ; 0.140       ; 38         ; 0.000 ; 0.070 ;
;    uTco                ;       ; 1     ; 0.000       ; 0          ; 0.000 ; 0.000 ;
;  Required Path         ;       ;       ;             ;            ;       ;       ;
;   Clock                ;       ;       ;             ;            ;       ;       ;
;    IC                  ;       ; 2     ; 5.202       ; 86         ; 2.291 ; 2.911 ;
;    Cell                ;       ; 2     ; 0.860       ; 14         ; 0.298 ; 0.562 ;
+------------------------+-------+-------+-------------+------------+-------+-------+
Note: Negative delays are omitted from totals when calculating percentages

+-------------------------------------------------------------------------------------------------------------------------------------------------------------------------------+
; Data Arrival Path                                                                                                                                                             ;
+---------+---------+----+------+--------+---------------------+----------------------------------------------------------------------------------------------------------------+
; Total   ; Incr    ; RF ; Type ; Fanout ; Location            ; Element                                                                                                        ;
+---------+---------+----+------+--------+---------------------+----------------------------------------------------------------------------------------------------------------+
; 0.000   ; 0.000   ;    ;      ;        ;                     ; launch edge time                                                                                               ;
; 3.364   ; 3.364   ;    ;      ;        ;                     ; clock path                                                                                                     ;
;   0.000 ;   0.000 ;    ;      ;        ;                     ; source latency                                                                                                 ;
;   0.000 ;   0.000 ;    ;      ; 1      ; LABCELL_X45_Y1_N3   ; gpu_clk                                                                                                        ;
;   0.734 ;   0.734 ; RR ; IC   ; 1      ; CLKCTRL_G5          ; gpu_clk~CLKENA0|inclk                                                                                          ;
;   1.006 ;   0.272 ; RR ; CELL ; 15028  ; CLKCTRL_G5          ; gpu_clk~CLKENA0|outclk                                                                                         ;
;   2.884 ;   1.878 ; RR ; IC   ; 1      ; FF_X16_Y48_N44      ; u_render_bin|u_pipe|u_edgewalk|e2_r[4]|clk                                                                     ;
;   3.364 ;   0.480 ; RR ; CELL ; 1      ; FF_X16_Y48_N44      ; zhao_geom_bin_pipe:u_render_bin|zhao_raster_tile_pipe:u_pipe|zhao_raster_edgewalk:u_edgewalk|e2_r[4]           ;
; 3.729   ; 0.365   ;    ;      ;        ;                     ; data path                                                                                                      ;
;   3.364 ;   0.000 ;    ; uTco ; 1      ; FF_X16_Y48_N44      ; zhao_geom_bin_pipe:u_render_bin|zhao_raster_tile_pipe:u_pipe|zhao_raster_edgewalk:u_edgewalk|e2_r[4]           ;
;   3.364 ;   0.000 ; FF ; CELL ; 15     ; FF_X16_Y48_N44      ; u_render_bin|u_pipe|u_edgewalk|e2_r[4]|q                                                                       ;
;   3.589 ;   0.225 ; FF ; IC   ; 2      ; LABCELL_X16_Y48_N42 ; u_render_bin|u_pipe|u_edgewalk|Add124~29|dataf                                                                 ;
;   3.659 ;   0.070 ; FF ; CELL ; 2      ; LABCELL_X16_Y48_N42 ; u_render_bin|u_pipe|u_edgewalk|Add124~29|sumout                                                                ;
;   3.659 ;   0.000 ; FF ; IC   ; 1      ; FF_X16_Y48_N43      ; u_render_bin|u_pipe|u_edgewalk|e2_r[4]~DUPLICATE|d                                                             ;
;   3.729 ;   0.070 ; FF ; CELL ; 1      ; FF_X16_Y48_N43      ; zhao_geom_bin_pipe:u_render_bin|zhao_raster_tile_pipe:u_pipe|zhao_raster_edgewalk:u_edgewalk|e2_r[4]~DUPLICATE ;
+---------+---------+----+------+--------+---------------------+----------------------------------------------------------------------------------------------------------------+

+------------------------------------------------------------------------------------------------------------------------------------------------------------------------------+
; Data Required Path                                                                                                                                                           ;
+---------+----------+----+------+--------+-------------------+----------------------------------------------------------------------------------------------------------------+
; Total   ; Incr     ; RF ; Type ; Fanout ; Location          ; Element                                                                                                        ;
+---------+----------+----+------+--------+-------------------+----------------------------------------------------------------------------------------------------------------+
; 0.000   ; 0.000    ;    ;      ;        ;                   ; latch edge time                                                                                                ;
; 3.474   ; 3.474    ;    ;      ;        ;                   ; clock path                                                                                                     ;
;   0.000 ;   0.000  ;    ;      ;        ;                   ; source latency                                                                                                 ;
;   0.000 ;   0.000  ;    ;      ; 1      ; LABCELL_X45_Y1_N3 ; gpu_clk                                                                                                        ;
;   2.911 ;   2.911  ; RR ; IC   ; 1      ; CLKCTRL_G5        ; gpu_clk~CLKENA0|inclk                                                                                          ;
;   3.209 ;   0.298  ; RR ; CELL ; 15028  ; CLKCTRL_G5        ; gpu_clk~CLKENA0|outclk                                                                                         ;
;   5.500 ;   2.291  ; RR ; IC   ; 1      ; FF_X16_Y48_N43    ; u_render_bin|u_pipe|u_edgewalk|e2_r[4]~DUPLICATE|clk                                                           ;
;   6.062 ;   0.562  ; RR ; CELL ; 1      ; FF_X16_Y48_N43    ; zhao_geom_bin_pipe:u_render_bin|zhao_raster_tile_pipe:u_pipe|zhao_raster_edgewalk:u_edgewalk|e2_r[4]~DUPLICATE ;
;   3.474 ;   -2.588 ;    ;      ;        ;                   ; clock pessimism removed                                                                                        ;
; 3.474   ; 0.000    ;    ;      ;        ;                   ; clock uncertainty                                                                                              ;
; 3.474   ; 0.000    ;    ; uTh  ; 1      ; FF_X16_Y48_N43    ; zhao_geom_bin_pipe:u_render_bin|zhao_raster_tile_pipe:u_pipe|zhao_raster_edgewalk:u_edgewalk|e2_r[4]~DUPLICATE ;
+---------+----------+----+------+--------+-------------------+----------------------------------------------------------------------------------------------------------------+

----------------------------
; Extra Fitter Information ;
----------------------------
HTML report is unavailable in plain text report export.


Path #4: Hold slack is 0.256 
===============================================================================
+------------------------------------------------------------------------+
; Path Summary                                                           ;
+--------------------+---------------------------------------------------+
; Property           ; Value                                             ;
+--------------------+---------------------------------------------------+
; From Node          ; zhao_debug_frameblit:u_frameblit|off[2]~DUPLICATE ;
; To Node            ; zhao_debug_frameblit:u_frameblit|off[2]           ;
; Launch Clock       ; gpu_clk                                           ;
; Latch Clock        ; gpu_clk                                           ;
; Data Arrival Time  ; 3.744                                             ;
; Data Required Time ; 3.488                                             ;
; Slack              ; 0.256                                             ;
+--------------------+---------------------------------------------------+

+-----------------------------------------------------------------------------------+
; Statistics                                                                        ;
+------------------------+-------+-------+-------------+------------+-------+-------+
; Property               ; Value ; Count ; Total Delay ; % of Total ; Min   ; Max   ;
+------------------------+-------+-------+-------------+------------+-------+-------+
; Hold Relationship      ; 0.000 ;       ;             ;            ;       ;       ;
; Clock Skew             ; 0.113 ;       ;             ;            ;       ;       ;
; Data Delay             ; 0.369 ;       ;             ;            ;       ;       ;
; Number of Logic Levels ;       ; 1     ;             ;            ;       ;       ;
; Physical Delays        ;       ;       ;             ;            ;       ;       ;
;  Arrival Path          ;       ;       ;             ;            ;       ;       ;
;   Clock                ;       ;       ;             ;            ;       ;       ;
;    IC                  ;       ; 2     ; 2.631       ; 78         ; 0.734 ; 1.897 ;
;    Cell                ;       ; 2     ; 0.744       ; 22         ; 0.272 ; 0.472 ;
;   Data                 ;       ;       ;             ;            ;       ;       ;
;    IC                  ;       ; 2     ; 0.229       ; 62         ; 0.000 ; 0.229 ;
;    Cell                ;       ; 3     ; 0.140       ; 38         ; 0.000 ; 0.070 ;
;    uTco                ;       ; 1     ; 0.000       ; 0          ; 0.000 ; 0.000 ;
;  Required Path         ;       ;       ;             ;            ;       ;       ;
;   Clock                ;       ;       ;             ;            ;       ;       ;
;    IC                  ;       ; 2     ; 5.224       ; 86         ; 2.313 ; 2.911 ;
;    Cell                ;       ; 2     ; 0.852       ; 14         ; 0.298 ; 0.554 ;
+------------------------+-------+-------+-------------+------------+-------+-------+
Note: Negative delays are omitted from totals when calculating percentages

+-----------------------------------------------------------------------------------------------------------------+
; Data Arrival Path                                                                                               ;
+---------+---------+----+------+--------+--------------------+---------------------------------------------------+
; Total   ; Incr    ; RF ; Type ; Fanout ; Location           ; Element                                           ;
+---------+---------+----+------+--------+--------------------+---------------------------------------------------+
; 0.000   ; 0.000   ;    ;      ;        ;                    ; launch edge time                                  ;
; 3.375   ; 3.375   ;    ;      ;        ;                    ; clock path                                        ;
;   0.000 ;   0.000 ;    ;      ;        ;                    ; source latency                                    ;
;   0.000 ;   0.000 ;    ;      ; 1      ; LABCELL_X45_Y1_N3  ; gpu_clk                                           ;
;   0.734 ;   0.734 ; RR ; IC   ; 1      ; CLKCTRL_G5         ; gpu_clk~CLKENA0|inclk                             ;
;   1.006 ;   0.272 ; RR ; CELL ; 15028  ; CLKCTRL_G5         ; gpu_clk~CLKENA0|outclk                            ;
;   2.903 ;   1.897 ; RR ; IC   ; 1      ; FF_X46_Y16_N8      ; u_frameblit|off[2]~DUPLICATE|clk                  ;
;   3.375 ;   0.472 ; RR ; CELL ; 1      ; FF_X46_Y16_N8      ; zhao_debug_frameblit:u_frameblit|off[2]~DUPLICATE ;
; 3.744   ; 0.369   ;    ;      ;        ;                    ; data path                                         ;
;   3.375 ;   0.000 ;    ; uTco ; 1      ; FF_X46_Y16_N8      ; zhao_debug_frameblit:u_frameblit|off[2]~DUPLICATE ;
;   3.375 ;   0.000 ; FF ; CELL ; 3      ; FF_X46_Y16_N8      ; u_frameblit|off[2]~DUPLICATE|q                    ;
;   3.604 ;   0.229 ; FF ; IC   ; 2      ; LABCELL_X46_Y16_N6 ; u_frameblit|Add7~13|dataf                         ;
;   3.674 ;   0.070 ; FF ; CELL ; 2      ; LABCELL_X46_Y16_N6 ; u_frameblit|Add7~13|sumout                        ;
;   3.674 ;   0.000 ; FF ; IC   ; 1      ; FF_X46_Y16_N7      ; u_frameblit|off[2]|d                              ;
;   3.744 ;   0.070 ; FF ; CELL ; 1      ; FF_X46_Y16_N7      ; zhao_debug_frameblit:u_frameblit|off[2]           ;
+---------+---------+----+------+--------+--------------------+---------------------------------------------------+

+-------------------------------------------------------------------------------------------------------+
; Data Required Path                                                                                    ;
+---------+----------+----+------+--------+-------------------+-----------------------------------------+
; Total   ; Incr     ; RF ; Type ; Fanout ; Location          ; Element                                 ;
+---------+----------+----+------+--------+-------------------+-----------------------------------------+
; 0.000   ; 0.000    ;    ;      ;        ;                   ; latch edge time                         ;
; 3.488   ; 3.488    ;    ;      ;        ;                   ; clock path                              ;
;   0.000 ;   0.000  ;    ;      ;        ;                   ; source latency                          ;
;   0.000 ;   0.000  ;    ;      ; 1      ; LABCELL_X45_Y1_N3 ; gpu_clk                                 ;
;   2.911 ;   2.911  ; RR ; IC   ; 1      ; CLKCTRL_G5        ; gpu_clk~CLKENA0|inclk                   ;
;   3.209 ;   0.298  ; RR ; CELL ; 15028  ; CLKCTRL_G5        ; gpu_clk~CLKENA0|outclk                  ;
;   5.522 ;   2.313  ; RR ; IC   ; 1      ; FF_X46_Y16_N7     ; u_frameblit|off[2]|clk                  ;
;   6.076 ;   0.554  ; RR ; CELL ; 1      ; FF_X46_Y16_N7     ; zhao_debug_frameblit:u_frameblit|off[2] ;
;   3.488 ;   -2.588 ;    ;      ;        ;                   ; clock pessimism removed                 ;
; 3.488   ; 0.000    ;    ;      ;        ;                   ; clock uncertainty                       ;
; 3.488   ; 0.000    ;    ; uTh  ; 1      ; FF_X46_Y16_N7     ; zhao_debug_frameblit:u_frameblit|off[2] ;
+---------+----------+----+------+--------+-------------------+-----------------------------------------+

----------------------------
; Extra Fitter Information ;
----------------------------
HTML report is unavailable in plain text report export.


Path #5: Hold slack is 0.257 
===============================================================================
+---------------------------------------------------------------------------+
; Path Summary                                                              ;
+--------------------+------------------------------------------------------+
; Property           ; Value                                                ;
+--------------------+------------------------------------------------------+
; From Node          ; zhao_raster_fbwrite:u_render_fbw|pixels_written_o[4] ;
; To Node            ; zhao_raster_fbwrite:u_render_fbw|pixels_written_o[4] ;
; Launch Clock       ; gpu_clk                                              ;
; Latch Clock        ; gpu_clk                                              ;
; Data Arrival Time  ; 3.724                                                ;
; Data Required Time ; 3.467                                                ;
; Slack              ; 0.257                                                ;
+--------------------+------------------------------------------------------+

+-----------------------------------------------------------------------------------+
; Statistics                                                                        ;
+------------------------+-------+-------+-------------+------------+-------+-------+
; Property               ; Value ; Count ; Total Delay ; % of Total ; Min   ; Max   ;
+------------------------+-------+-------+-------------+------------+-------+-------+
; Hold Relationship      ; 0.000 ;       ;             ;            ;       ;       ;
; Clock Skew             ; 0.111 ;       ;             ;            ;       ;       ;
; Data Delay             ; 0.368 ;       ;             ;            ;       ;       ;
; Number of Logic Levels ;       ; 1     ;             ;            ;       ;       ;
; Physical Delays        ;       ;       ;             ;            ;       ;       ;
;  Arrival Path          ;       ;       ;             ;            ;       ;       ;
;   Clock                ;       ;       ;             ;            ;       ;       ;
;    IC                  ;       ; 2     ; 2.600       ; 77         ; 0.734 ; 1.866 ;
;    Cell                ;       ; 2     ; 0.756       ; 23         ; 0.272 ; 0.484 ;
;   Data                 ;       ;       ;             ;            ;       ;       ;
;    IC                  ;       ; 2     ; 0.230       ; 63         ; 0.000 ; 0.230 ;
;    Cell                ;       ; 3     ; 0.138       ; 38         ; 0.000 ; 0.069 ;
;    uTco                ;       ; 1     ; 0.000       ; 0          ; 0.000 ; 0.000 ;
;  Required Path         ;       ;       ;             ;            ;       ;       ;
;   Clock                ;       ;       ;             ;            ;       ;       ;
;    IC                  ;       ; 2     ; 5.189       ; 86         ; 2.278 ; 2.911 ;
;    Cell                ;       ; 2     ; 0.862       ; 14         ; 0.298 ; 0.564 ;
+------------------------+-------+-------+-------------+------------+-------+-------+
Note: Negative delays are omitted from totals when calculating percentages

+---------------------------------------------------------------------------------------------------------------------+
; Data Arrival Path                                                                                                   ;
+---------+---------+----+------+--------+---------------------+------------------------------------------------------+
; Total   ; Incr    ; RF ; Type ; Fanout ; Location            ; Element                                              ;
+---------+---------+----+------+--------+---------------------+------------------------------------------------------+
; 0.000   ; 0.000   ;    ;      ;        ;                     ; launch edge time                                     ;
; 3.356   ; 3.356   ;    ;      ;        ;                     ; clock path                                           ;
;   0.000 ;   0.000 ;    ;      ;        ;                     ; source latency                                       ;
;   0.000 ;   0.000 ;    ;      ; 1      ; LABCELL_X45_Y1_N3   ; gpu_clk                                              ;
;   0.734 ;   0.734 ; RR ; IC   ; 1      ; CLKCTRL_G5          ; gpu_clk~CLKENA0|inclk                                ;
;   1.006 ;   0.272 ; RR ; CELL ; 15028  ; CLKCTRL_G5          ; gpu_clk~CLKENA0|outclk                               ;
;   2.872 ;   1.866 ; RR ; IC   ; 1      ; FF_X42_Y23_N14      ; u_render_fbw|pixels_written_o[4]|clk                 ;
;   3.356 ;   0.484 ; RR ; CELL ; 1      ; FF_X42_Y23_N14      ; zhao_raster_fbwrite:u_render_fbw|pixels_written_o[4] ;
; 3.724   ; 0.368   ;    ;      ;        ;                     ; data path                                            ;
;   3.356 ;   0.000 ;    ; uTco ; 1      ; FF_X42_Y23_N14      ; zhao_raster_fbwrite:u_render_fbw|pixels_written_o[4] ;
;   3.356 ;   0.000 ; FF ; CELL ; 2      ; FF_X42_Y23_N14      ; u_render_fbw|pixels_written_o[4]|q                   ;
;   3.586 ;   0.230 ; FF ; IC   ; 2      ; LABCELL_X42_Y23_N12 ; u_render_fbw|Add9~17|dataf                           ;
;   3.655 ;   0.069 ; FR ; CELL ; 1      ; LABCELL_X42_Y23_N12 ; u_render_fbw|Add9~17|sumout                          ;
;   3.655 ;   0.000 ; RR ; IC   ; 1      ; FF_X42_Y23_N14      ; u_render_fbw|pixels_written_o[4]|d                   ;
;   3.724 ;   0.069 ; RR ; CELL ; 1      ; FF_X42_Y23_N14      ; zhao_raster_fbwrite:u_render_fbw|pixels_written_o[4] ;
+---------+---------+----+------+--------+---------------------+------------------------------------------------------+

+--------------------------------------------------------------------------------------------------------------------+
; Data Required Path                                                                                                 ;
+---------+----------+----+------+--------+-------------------+------------------------------------------------------+
; Total   ; Incr     ; RF ; Type ; Fanout ; Location          ; Element                                              ;
+---------+----------+----+------+--------+-------------------+------------------------------------------------------+
; 0.000   ; 0.000    ;    ;      ;        ;                   ; latch edge time                                      ;
; 3.467   ; 3.467    ;    ;      ;        ;                   ; clock path                                           ;
;   0.000 ;   0.000  ;    ;      ;        ;                   ; source latency                                       ;
;   0.000 ;   0.000  ;    ;      ; 1      ; LABCELL_X45_Y1_N3 ; gpu_clk                                              ;
;   2.911 ;   2.911  ; RR ; IC   ; 1      ; CLKCTRL_G5        ; gpu_clk~CLKENA0|inclk                                ;
;   3.209 ;   0.298  ; RR ; CELL ; 15028  ; CLKCTRL_G5        ; gpu_clk~CLKENA0|outclk                               ;
;   5.487 ;   2.278  ; RR ; IC   ; 1      ; FF_X42_Y23_N14    ; u_render_fbw|pixels_written_o[4]|clk                 ;
;   6.051 ;   0.564  ; RR ; CELL ; 1      ; FF_X42_Y23_N14    ; zhao_raster_fbwrite:u_render_fbw|pixels_written_o[4] ;
;   3.467 ;   -2.584 ;    ;      ;        ;                   ; clock pessimism removed                              ;
; 3.467   ; 0.000    ;    ;      ;        ;                   ; clock uncertainty                                    ;
; 3.467   ; 0.000    ;    ; uTh  ; 1      ; FF_X42_Y23_N14    ; zhao_raster_fbwrite:u_render_fbw|pixels_written_o[4] ;
+---------+----------+----+------+--------+-------------------+------------------------------------------------------+

----------------------------
; Extra Fitter Information ;
----------------------------
HTML report is unavailable in plain text report export.


Path #6: Hold slack is 0.257 
===============================================================================
+--------------------------------------------------------------+
; Path Summary                                                 ;
+--------------------+-----------------------------------------+
; Property           ; Value                                   ;
+--------------------+-----------------------------------------+
; From Node          ; zhao_cmd_scheduler:u_sched|live_cmds[1] ;
; To Node            ; zhao_cmd_scheduler:u_sched|live_cmds[1] ;
; Launch Clock       ; gpu_clk                                 ;
; Latch Clock        ; gpu_clk                                 ;
; Data Arrival Time  ; 3.761                                   ;
; Data Required Time ; 3.504                                   ;
; Slack              ; 0.257                                   ;
+--------------------+-----------------------------------------+

+-----------------------------------------------------------------------------------+
; Statistics                                                                        ;
+------------------------+-------+-------+-------------+------------+-------+-------+
; Property               ; Value ; Count ; Total Delay ; % of Total ; Min   ; Max   ;
+------------------------+-------+-------+-------------+------------+-------+-------+
; Hold Relationship      ; 0.000 ;       ;             ;            ;       ;       ;
; Clock Skew             ; 0.109 ;       ;             ;            ;       ;       ;
; Data Delay             ; 0.366 ;       ;             ;            ;       ;       ;
; Number of Logic Levels ;       ; 1     ;             ;            ;       ;       ;
; Physical Delays        ;       ;       ;             ;            ;       ;       ;
;  Arrival Path          ;       ;       ;             ;            ;       ;       ;
;   Clock                ;       ;       ;             ;            ;       ;       ;
;    IC                  ;       ; 2     ; 2.639       ; 78         ; 0.734 ; 1.905 ;
;    Cell                ;       ; 2     ; 0.756       ; 22         ; 0.272 ; 0.484 ;
;   Data                 ;       ;       ;             ;            ;       ;       ;
;    IC                  ;       ; 2     ; 0.234       ; 64         ; 0.000 ; 0.234 ;
;    Cell                ;       ; 3     ; 0.132       ; 36         ; 0.000 ; 0.069 ;
;    uTco                ;       ; 1     ; 0.000       ; 0          ; 0.000 ; 0.000 ;
;  Required Path         ;       ;       ;             ;            ;       ;       ;
;   Clock                ;       ;       ;             ;            ;       ;       ;
;    IC                  ;       ; 2     ; 5.243       ; 86         ; 2.332 ; 2.911 ;
;    Cell                ;       ; 2     ; 0.862       ; 14         ; 0.298 ; 0.564 ;
+------------------------+-------+-------+-------------+------------+-------+-------+
Note: Negative delays are omitted from totals when calculating percentages

+---------------------------------------------------------------------------------------------------------+
; Data Arrival Path                                                                                       ;
+---------+---------+----+------+--------+----------------------+-----------------------------------------+
; Total   ; Incr    ; RF ; Type ; Fanout ; Location             ; Element                                 ;
+---------+---------+----+------+--------+----------------------+-----------------------------------------+
; 0.000   ; 0.000   ;    ;      ;        ;                      ; launch edge time                        ;
; 3.395   ; 3.395   ;    ;      ;        ;                      ; clock path                              ;
;   0.000 ;   0.000 ;    ;      ;        ;                      ; source latency                          ;
;   0.000 ;   0.000 ;    ;      ; 1      ; LABCELL_X45_Y1_N3    ; gpu_clk                                 ;
;   0.734 ;   0.734 ; RR ; IC   ; 1      ; CLKCTRL_G5           ; gpu_clk~CLKENA0|inclk                   ;
;   1.006 ;   0.272 ; RR ; CELL ; 15028  ; CLKCTRL_G5           ; gpu_clk~CLKENA0|outclk                  ;
;   2.911 ;   1.905 ; RR ; IC   ; 1      ; FF_X25_Y10_N32       ; u_sched|live_cmds[1]|clk                ;
;   3.395 ;   0.484 ; RR ; CELL ; 1      ; FF_X25_Y10_N32       ; zhao_cmd_scheduler:u_sched|live_cmds[1] ;
; 3.761   ; 0.366   ;    ;      ;        ;                      ; data path                               ;
;   3.395 ;   0.000 ;    ; uTco ; 1      ; FF_X25_Y10_N32       ; zhao_cmd_scheduler:u_sched|live_cmds[1] ;
;   3.395 ;   0.000 ; FF ; CELL ; 2      ; FF_X25_Y10_N32       ; u_sched|live_cmds[1]|q                  ;
;   3.629 ;   0.234 ; FF ; IC   ; 2      ; MLABCELL_X25_Y10_N30 ; u_sched|Add5~1|dataf                    ;
;   3.698 ;   0.069 ; FF ; CELL ; 1      ; MLABCELL_X25_Y10_N30 ; u_sched|Add5~1|sumout                   ;
;   3.698 ;   0.000 ; FF ; IC   ; 1      ; FF_X25_Y10_N32       ; u_sched|live_cmds[1]|d                  ;
;   3.761 ;   0.063 ; FF ; CELL ; 1      ; FF_X25_Y10_N32       ; zhao_cmd_scheduler:u_sched|live_cmds[1] ;
+---------+---------+----+------+--------+----------------------+-----------------------------------------+

+-------------------------------------------------------------------------------------------------------+
; Data Required Path                                                                                    ;
+---------+----------+----+------+--------+-------------------+-----------------------------------------+
; Total   ; Incr     ; RF ; Type ; Fanout ; Location          ; Element                                 ;
+---------+----------+----+------+--------+-------------------+-----------------------------------------+
; 0.000   ; 0.000    ;    ;      ;        ;                   ; latch edge time                         ;
; 3.504   ; 3.504    ;    ;      ;        ;                   ; clock path                              ;
;   0.000 ;   0.000  ;    ;      ;        ;                   ; source latency                          ;
;   0.000 ;   0.000  ;    ;      ; 1      ; LABCELL_X45_Y1_N3 ; gpu_clk                                 ;
;   2.911 ;   2.911  ; RR ; IC   ; 1      ; CLKCTRL_G5        ; gpu_clk~CLKENA0|inclk                   ;
;   3.209 ;   0.298  ; RR ; CELL ; 15028  ; CLKCTRL_G5        ; gpu_clk~CLKENA0|outclk                  ;
;   5.541 ;   2.332  ; RR ; IC   ; 1      ; FF_X25_Y10_N32    ; u_sched|live_cmds[1]|clk                ;
;   6.105 ;   0.564  ; RR ; CELL ; 1      ; FF_X25_Y10_N32    ; zhao_cmd_scheduler:u_sched|live_cmds[1] ;
;   3.504 ;   -2.601 ;    ;      ;        ;                   ; clock pessimism removed                 ;
; 3.504   ; 0.000    ;    ;      ;        ;                   ; clock uncertainty                       ;
; 3.504   ; 0.000    ;    ; uTh  ; 1      ; FF_X25_Y10_N32    ; zhao_cmd_scheduler:u_sched|live_cmds[1] ;
+---------+----------+----+------+--------+-------------------+-----------------------------------------+

----------------------------
; Extra Fitter Information ;
----------------------------
HTML report is unavailable in plain text report export.


Path #7: Hold slack is 0.258 
===============================================================================
+------------------------------------------------------------------------+
; Path Summary                                                           ;
+--------------------+---------------------------------------------------+
; Property           ; Value                                             ;
+--------------------+---------------------------------------------------+
; From Node          ; zhao_vram_arbiter:u_arb|pend_addr[3][1]           ;
; To Node            ; zhao_vram_arbiter:u_arb|pend_addr[3][1]~DUPLICATE ;
; Launch Clock       ; gpu_clk                                           ;
; Latch Clock        ; gpu_clk                                           ;
; Data Arrival Time  ; 3.768                                             ;
; Data Required Time ; 3.510                                             ;
; Slack              ; 0.258                                             ;
+--------------------+---------------------------------------------------+

+-----------------------------------------------------------------------------------+
; Statistics                                                                        ;
+------------------------+-------+-------+-------------+------------+-------+-------+
; Property               ; Value ; Count ; Total Delay ; % of Total ; Min   ; Max   ;
+------------------------+-------+-------+-------------+------------+-------+-------+
; Hold Relationship      ; 0.000 ;       ;             ;            ;       ;       ;
; Clock Skew             ; 0.112 ;       ;             ;            ;       ;       ;
; Data Delay             ; 0.370 ;       ;             ;            ;       ;       ;
; Number of Logic Levels ;       ; 1     ;             ;            ;       ;       ;
; Physical Delays        ;       ;       ;             ;            ;       ;       ;
;  Arrival Path          ;       ;       ;             ;            ;       ;       ;
;   Clock                ;       ;       ;             ;            ;       ;       ;
;    IC                  ;       ; 2     ; 2.642       ; 78         ; 0.734 ; 1.908 ;
;    Cell                ;       ; 2     ; 0.756       ; 22         ; 0.272 ; 0.484 ;
;   Data                 ;       ;       ;             ;            ;       ;       ;
;    IC                  ;       ; 2     ; 0.230       ; 62         ; 0.000 ; 0.230 ;
;    Cell                ;       ; 3     ; 0.140       ; 38         ; 0.000 ; 0.070 ;
;    uTco                ;       ; 1     ; 0.000       ; 0          ; 0.000 ; 0.000 ;
;  Required Path         ;       ;       ;             ;            ;       ;       ;
;   Clock                ;       ;       ;             ;            ;       ;       ;
;    IC                  ;       ; 2     ; 5.246       ; 86         ; 2.335 ; 2.911 ;
;    Cell                ;       ; 2     ; 0.865       ; 14         ; 0.298 ; 0.567 ;
+------------------------+-------+-------+-------------+------------+-------+-------+
Note: Negative delays are omitted from totals when calculating percentages

+------------------------------------------------------------------------------------------------------------------+
; Data Arrival Path                                                                                                ;
+---------+---------+----+------+--------+---------------------+---------------------------------------------------+
; Total   ; Incr    ; RF ; Type ; Fanout ; Location            ; Element                                           ;
+---------+---------+----+------+--------+---------------------+---------------------------------------------------+
; 0.000   ; 0.000   ;    ;      ;        ;                     ; launch edge time                                  ;
; 3.398   ; 3.398   ;    ;      ;        ;                     ; clock path                                        ;
;   0.000 ;   0.000 ;    ;      ;        ;                     ; source latency                                    ;
;   0.000 ;   0.000 ;    ;      ; 1      ; LABCELL_X45_Y1_N3   ; gpu_clk                                           ;
;   0.734 ;   0.734 ; RR ; IC   ; 1      ; CLKCTRL_G5          ; gpu_clk~CLKENA0|inclk                             ;
;   1.006 ;   0.272 ; RR ; CELL ; 15028  ; CLKCTRL_G5          ; gpu_clk~CLKENA0|outclk                            ;
;   2.914 ;   1.908 ; RR ; IC   ; 1      ; FF_X37_Y10_N32      ; u_arb|pend_addr[3][1]|clk                         ;
;   3.398 ;   0.484 ; RR ; CELL ; 1      ; FF_X37_Y10_N32      ; zhao_vram_arbiter:u_arb|pend_addr[3][1]           ;
; 3.768   ; 0.370   ;    ;      ;        ;                     ; data path                                         ;
;   3.398 ;   0.000 ;    ; uTco ; 1      ; FF_X37_Y10_N32      ; zhao_vram_arbiter:u_arb|pend_addr[3][1]           ;
;   3.398 ;   0.000 ; FF ; CELL ; 1      ; FF_X37_Y10_N32      ; u_arb|pend_addr[3][1]|q                           ;
;   3.628 ;   0.230 ; FF ; IC   ; 2      ; LABCELL_X37_Y10_N30 ; u_arb|Add36~61|dataf                              ;
;   3.698 ;   0.070 ; FF ; CELL ; 2      ; LABCELL_X37_Y10_N30 ; u_arb|Add36~61|sumout                             ;
;   3.698 ;   0.000 ; FF ; IC   ; 1      ; FF_X37_Y10_N31      ; u_arb|pend_addr[3][1]~DUPLICATE|d                 ;
;   3.768 ;   0.070 ; FF ; CELL ; 1      ; FF_X37_Y10_N31      ; zhao_vram_arbiter:u_arb|pend_addr[3][1]~DUPLICATE ;
+---------+---------+----+------+--------+---------------------+---------------------------------------------------+

+-----------------------------------------------------------------------------------------------------------------+
; Data Required Path                                                                                              ;
+---------+----------+----+------+--------+-------------------+---------------------------------------------------+
; Total   ; Incr     ; RF ; Type ; Fanout ; Location          ; Element                                           ;
+---------+----------+----+------+--------+-------------------+---------------------------------------------------+
; 0.000   ; 0.000    ;    ;      ;        ;                   ; latch edge time                                   ;
; 3.510   ; 3.510    ;    ;      ;        ;                   ; clock path                                        ;
;   0.000 ;   0.000  ;    ;      ;        ;                   ; source latency                                    ;
;   0.000 ;   0.000  ;    ;      ; 1      ; LABCELL_X45_Y1_N3 ; gpu_clk                                           ;
;   2.911 ;   2.911  ; RR ; IC   ; 1      ; CLKCTRL_G5        ; gpu_clk~CLKENA0|inclk                             ;
;   3.209 ;   0.298  ; RR ; CELL ; 15028  ; CLKCTRL_G5        ; gpu_clk~CLKENA0|outclk                            ;
;   5.544 ;   2.335  ; RR ; IC   ; 1      ; FF_X37_Y10_N31    ; u_arb|pend_addr[3][1]~DUPLICATE|clk               ;
;   6.111 ;   0.567  ; RR ; CELL ; 1      ; FF_X37_Y10_N31    ; zhao_vram_arbiter:u_arb|pend_addr[3][1]~DUPLICATE ;
;   3.510 ;   -2.601 ;    ;      ;        ;                   ; clock pessimism removed                           ;
; 3.510   ; 0.000    ;    ;      ;        ;                   ; clock uncertainty                                 ;
; 3.510   ; 0.000    ;    ; uTh  ; 1      ; FF_X37_Y10_N31    ; zhao_vram_arbiter:u_arb|pend_addr[3][1]~DUPLICATE ;
+---------+----------+----+------+--------+-------------------+---------------------------------------------------+

----------------------------
; Extra Fitter Information ;
----------------------------
HTML report is unavailable in plain text report export.


Path #8: Hold slack is 0.259 
===============================================================================
+-------------------------------------------------------------------------------------------------------------------------------------+
; Path Summary                                                                                                                        ;
+--------------------+----------------------------------------------------------------------------------------------------------------+
; Property           ; Value                                                                                                          ;
+--------------------+----------------------------------------------------------------------------------------------------------------+
; From Node          ; zhao_geom_bin_pipe:u_render_bin|zhao_raster_tile_pipe:u_pipe|zhao_raster_edgewalk:u_edgewalk|e0_r[4]~DUPLICATE ;
; To Node            ; zhao_geom_bin_pipe:u_render_bin|zhao_raster_tile_pipe:u_pipe|zhao_raster_edgewalk:u_edgewalk|e0_r[4]           ;
; Launch Clock       ; gpu_clk                                                                                                        ;
; Latch Clock        ; gpu_clk                                                                                                        ;
; Data Arrival Time  ; 3.746                                                                                                          ;
; Data Required Time ; 3.487                                                                                                          ;
; Slack              ; 0.259                                                                                                          ;
+--------------------+----------------------------------------------------------------------------------------------------------------+

+-----------------------------------------------------------------------------------+
; Statistics                                                                        ;
+------------------------+-------+-------+-------------+------------+-------+-------+
; Property               ; Value ; Count ; Total Delay ; % of Total ; Min   ; Max   ;
+------------------------+-------+-------+-------------+------------+-------+-------+
; Hold Relationship      ; 0.000 ;       ;             ;            ;       ;       ;
; Clock Skew             ; 0.112 ;       ;             ;            ;       ;       ;
; Data Delay             ; 0.371 ;       ;             ;            ;       ;       ;
; Number of Logic Levels ;       ; 1     ;             ;            ;       ;       ;
; Physical Delays        ;       ;       ;             ;            ;       ;       ;
;  Arrival Path          ;       ;       ;             ;            ;       ;       ;
;   Clock                ;       ;       ;             ;            ;       ;       ;
;    IC                  ;       ; 2     ; 2.623       ; 78         ; 0.734 ; 1.889 ;
;    Cell                ;       ; 2     ; 0.752       ; 22         ; 0.272 ; 0.480 ;
;   Data                 ;       ;       ;             ;            ;       ;       ;
;    IC                  ;       ; 2     ; 0.231       ; 62         ; 0.000 ; 0.231 ;
;    Cell                ;       ; 3     ; 0.140       ; 38         ; 0.000 ; 0.070 ;
;    uTco                ;       ; 1     ; 0.000       ; 0          ; 0.000 ; 0.000 ;
;  Required Path         ;       ;       ;             ;            ;       ;       ;
;   Clock                ;       ;       ;             ;            ;       ;       ;
;    IC                  ;       ; 2     ; 5.214       ; 86         ; 2.303 ; 2.911 ;
;    Cell                ;       ; 2     ; 0.860       ; 14         ; 0.298 ; 0.562 ;
+------------------------+-------+-------+-------------+------------+-------+-------+
Note: Negative delays are omitted from totals when calculating percentages

+-------------------------------------------------------------------------------------------------------------------------------------------------------------------------------+
; Data Arrival Path                                                                                                                                                             ;
+---------+---------+----+------+--------+---------------------+----------------------------------------------------------------------------------------------------------------+
; Total   ; Incr    ; RF ; Type ; Fanout ; Location            ; Element                                                                                                        ;
+---------+---------+----+------+--------+---------------------+----------------------------------------------------------------------------------------------------------------+
; 0.000   ; 0.000   ;    ;      ;        ;                     ; launch edge time                                                                                               ;
; 3.375   ; 3.375   ;    ;      ;        ;                     ; clock path                                                                                                     ;
;   0.000 ;   0.000 ;    ;      ;        ;                     ; source latency                                                                                                 ;
;   0.000 ;   0.000 ;    ;      ; 1      ; LABCELL_X45_Y1_N3   ; gpu_clk                                                                                                        ;
;   0.734 ;   0.734 ; RR ; IC   ; 1      ; CLKCTRL_G5          ; gpu_clk~CLKENA0|inclk                                                                                          ;
;   1.006 ;   0.272 ; RR ; CELL ; 15028  ; CLKCTRL_G5          ; gpu_clk~CLKENA0|outclk                                                                                         ;
;   2.895 ;   1.889 ; RR ; IC   ; 1      ; FF_X19_Y52_N44      ; u_render_bin|u_pipe|u_edgewalk|e0_r[4]~DUPLICATE|clk                                                           ;
;   3.375 ;   0.480 ; RR ; CELL ; 1      ; FF_X19_Y52_N44      ; zhao_geom_bin_pipe:u_render_bin|zhao_raster_tile_pipe:u_pipe|zhao_raster_edgewalk:u_edgewalk|e0_r[4]~DUPLICATE ;
; 3.746   ; 0.371   ;    ;      ;        ;                     ; data path                                                                                                      ;
;   3.375 ;   0.000 ;    ; uTco ; 1      ; FF_X19_Y52_N44      ; zhao_geom_bin_pipe:u_render_bin|zhao_raster_tile_pipe:u_pipe|zhao_raster_edgewalk:u_edgewalk|e0_r[4]~DUPLICATE ;
;   3.375 ;   0.000 ; FF ; CELL ; 16     ; FF_X19_Y52_N44      ; u_render_bin|u_pipe|u_edgewalk|e0_r[4]~DUPLICATE|q                                                             ;
;   3.606 ;   0.231 ; FF ; IC   ; 2      ; LABCELL_X19_Y52_N42 ; u_render_bin|u_pipe|u_edgewalk|Add122~69|dataf                                                                 ;
;   3.676 ;   0.070 ; FF ; CELL ; 2      ; LABCELL_X19_Y52_N42 ; u_render_bin|u_pipe|u_edgewalk|Add122~69|sumout                                                                ;
;   3.676 ;   0.000 ; FF ; IC   ; 1      ; FF_X19_Y52_N43      ; u_render_bin|u_pipe|u_edgewalk|e0_r[4]|d                                                                       ;
;   3.746 ;   0.070 ; FF ; CELL ; 1      ; FF_X19_Y52_N43      ; zhao_geom_bin_pipe:u_render_bin|zhao_raster_tile_pipe:u_pipe|zhao_raster_edgewalk:u_edgewalk|e0_r[4]           ;
+---------+---------+----+------+--------+---------------------+----------------------------------------------------------------------------------------------------------------+

+--------------------------------------------------------------------------------------------------------------------------------------------------------------------+
; Data Required Path                                                                                                                                                 ;
+---------+----------+----+------+--------+-------------------+------------------------------------------------------------------------------------------------------+
; Total   ; Incr     ; RF ; Type ; Fanout ; Location          ; Element                                                                                              ;
+---------+----------+----+------+--------+-------------------+------------------------------------------------------------------------------------------------------+
; 0.000   ; 0.000    ;    ;      ;        ;                   ; latch edge time                                                                                      ;
; 3.487   ; 3.487    ;    ;      ;        ;                   ; clock path                                                                                           ;
;   0.000 ;   0.000  ;    ;      ;        ;                   ; source latency                                                                                       ;
;   0.000 ;   0.000  ;    ;      ; 1      ; LABCELL_X45_Y1_N3 ; gpu_clk                                                                                              ;
;   2.911 ;   2.911  ; RR ; IC   ; 1      ; CLKCTRL_G5        ; gpu_clk~CLKENA0|inclk                                                                                ;
;   3.209 ;   0.298  ; RR ; CELL ; 15028  ; CLKCTRL_G5        ; gpu_clk~CLKENA0|outclk                                                                               ;
;   5.512 ;   2.303  ; RR ; IC   ; 1      ; FF_X19_Y52_N43    ; u_render_bin|u_pipe|u_edgewalk|e0_r[4]|clk                                                           ;
;   6.074 ;   0.562  ; RR ; CELL ; 1      ; FF_X19_Y52_N43    ; zhao_geom_bin_pipe:u_render_bin|zhao_raster_tile_pipe:u_pipe|zhao_raster_edgewalk:u_edgewalk|e0_r[4] ;
;   3.487 ;   -2.587 ;    ;      ;        ;                   ; clock pessimism removed                                                                              ;
; 3.487   ; 0.000    ;    ;      ;        ;                   ; clock uncertainty                                                                                    ;
; 3.487   ; 0.000    ;    ; uTh  ; 1      ; FF_X19_Y52_N43    ; zhao_geom_bin_pipe:u_render_bin|zhao_raster_tile_pipe:u_pipe|zhao_raster_edgewalk:u_edgewalk|e0_r[4] ;
+---------+----------+----+------+--------+-------------------+------------------------------------------------------------------------------------------------------+

----------------------------
; Extra Fitter Information ;
----------------------------
HTML report is unavailable in plain text report export.


Path #9: Hold slack is 0.260 
===============================================================================
+---------------------------------------------------------------------------------------------------------------------------+
; Path Summary                                                                                                              ;
+--------------------+------------------------------------------------------------------------------------------------------+
; Property           ; Value                                                                                                ;
+--------------------+------------------------------------------------------------------------------------------------------+
; From Node          ; zhao_geom_bin_pipe:u_render_bin|zhao_raster_tile_pipe:u_pipe|zhao_raster_edgewalk:u_edgewalk|e2_r[4] ;
; To Node            ; zhao_geom_bin_pipe:u_render_bin|zhao_raster_tile_pipe:u_pipe|zhao_raster_edgewalk:u_edgewalk|e2_r[4] ;
; Launch Clock       ; gpu_clk                                                                                              ;
; Latch Clock        ; gpu_clk                                                                                              ;
; Data Arrival Time  ; 3.731                                                                                                ;
; Data Required Time ; 3.471                                                                                                ;
; Slack              ; 0.260                                                                                                ;
+--------------------+------------------------------------------------------------------------------------------------------+

+-----------------------------------------------------------------------------------+
; Statistics                                                                        ;
+------------------------+-------+-------+-------------+------------+-------+-------+
; Property               ; Value ; Count ; Total Delay ; % of Total ; Min   ; Max   ;
+------------------------+-------+-------+-------------+------------+-------+-------+
; Hold Relationship      ; 0.000 ;       ;             ;            ;       ;       ;
; Clock Skew             ; 0.107 ;       ;             ;            ;       ;       ;
; Data Delay             ; 0.367 ;       ;             ;            ;       ;       ;
; Number of Logic Levels ;       ; 1     ;             ;            ;       ;       ;
; Physical Delays        ;       ;       ;             ;            ;       ;       ;
;  Arrival Path          ;       ;       ;             ;            ;       ;       ;
;   Clock                ;       ;       ;             ;            ;       ;       ;
;    IC                  ;       ; 2     ; 2.612       ; 78         ; 0.734 ; 1.878 ;
;    Cell                ;       ; 2     ; 0.752       ; 22         ; 0.272 ; 0.480 ;
;   Data                 ;       ;       ;             ;            ;       ;       ;
;    IC                  ;       ; 2     ; 0.225       ; 61         ; 0.000 ; 0.225 ;
;    Cell                ;       ; 3     ; 0.142       ; 39         ; 0.000 ; 0.072 ;
;    uTco                ;       ; 1     ; 0.000       ; 0          ; 0.000 ; 0.000 ;
;  Required Path         ;       ;       ;             ;            ;       ;       ;
;   Clock                ;       ;       ;             ;            ;       ;       ;
;    IC                  ;       ; 2     ; 5.202       ; 86         ; 2.291 ; 2.911 ;
;    Cell                ;       ; 2     ; 0.857       ; 14         ; 0.298 ; 0.559 ;
+------------------------+-------+-------+-------------+------------+-------+-------+
Note: Negative delays are omitted from totals when calculating percentages

+---------------------------------------------------------------------------------------------------------------------------------------------------------------------+
; Data Arrival Path                                                                                                                                                   ;
+---------+---------+----+------+--------+---------------------+------------------------------------------------------------------------------------------------------+
; Total   ; Incr    ; RF ; Type ; Fanout ; Location            ; Element                                                                                              ;
+---------+---------+----+------+--------+---------------------+------------------------------------------------------------------------------------------------------+
; 0.000   ; 0.000   ;    ;      ;        ;                     ; launch edge time                                                                                     ;
; 3.364   ; 3.364   ;    ;      ;        ;                     ; clock path                                                                                           ;
;   0.000 ;   0.000 ;    ;      ;        ;                     ; source latency                                                                                       ;
;   0.000 ;   0.000 ;    ;      ; 1      ; LABCELL_X45_Y1_N3   ; gpu_clk                                                                                              ;
;   0.734 ;   0.734 ; RR ; IC   ; 1      ; CLKCTRL_G5          ; gpu_clk~CLKENA0|inclk                                                                                ;
;   1.006 ;   0.272 ; RR ; CELL ; 15028  ; CLKCTRL_G5          ; gpu_clk~CLKENA0|outclk                                                                               ;
;   2.884 ;   1.878 ; RR ; IC   ; 1      ; FF_X16_Y48_N44      ; u_render_bin|u_pipe|u_edgewalk|e2_r[4]|clk                                                           ;
;   3.364 ;   0.480 ; RR ; CELL ; 1      ; FF_X16_Y48_N44      ; zhao_geom_bin_pipe:u_render_bin|zhao_raster_tile_pipe:u_pipe|zhao_raster_edgewalk:u_edgewalk|e2_r[4] ;
; 3.731   ; 0.367   ;    ;      ;        ;                     ; data path                                                                                            ;
;   3.364 ;   0.000 ;    ; uTco ; 1      ; FF_X16_Y48_N44      ; zhao_geom_bin_pipe:u_render_bin|zhao_raster_tile_pipe:u_pipe|zhao_raster_edgewalk:u_edgewalk|e2_r[4] ;
;   3.364 ;   0.000 ; FF ; CELL ; 15     ; FF_X16_Y48_N44      ; u_render_bin|u_pipe|u_edgewalk|e2_r[4]|q                                                             ;
;   3.589 ;   0.225 ; FF ; IC   ; 2      ; LABCELL_X16_Y48_N42 ; u_render_bin|u_pipe|u_edgewalk|Add124~29|dataf                                                       ;
;   3.659 ;   0.070 ; FF ; CELL ; 2      ; LABCELL_X16_Y48_N42 ; u_render_bin|u_pipe|u_edgewalk|Add124~29|sumout                                                      ;
;   3.659 ;   0.000 ; FF ; IC   ; 1      ; FF_X16_Y48_N44      ; u_render_bin|u_pipe|u_edgewalk|e2_r[4]|d                                                             ;
;   3.731 ;   0.072 ; FF ; CELL ; 1      ; FF_X16_Y48_N44      ; zhao_geom_bin_pipe:u_render_bin|zhao_raster_tile_pipe:u_pipe|zhao_raster_edgewalk:u_edgewalk|e2_r[4] ;
+---------+---------+----+------+--------+---------------------+------------------------------------------------------------------------------------------------------+

+--------------------------------------------------------------------------------------------------------------------------------------------------------------------+
; Data Required Path                                                                                                                                                 ;
+---------+----------+----+------+--------+-------------------+------------------------------------------------------------------------------------------------------+
; Total   ; Incr     ; RF ; Type ; Fanout ; Location          ; Element                                                                                              ;
+---------+----------+----+------+--------+-------------------+------------------------------------------------------------------------------------------------------+
; 0.000   ; 0.000    ;    ;      ;        ;                   ; latch edge time                                                                                      ;
; 3.471   ; 3.471    ;    ;      ;        ;                   ; clock path                                                                                           ;
;   0.000 ;   0.000  ;    ;      ;        ;                   ; source latency                                                                                       ;
;   0.000 ;   0.000  ;    ;      ; 1      ; LABCELL_X45_Y1_N3 ; gpu_clk                                                                                              ;
;   2.911 ;   2.911  ; RR ; IC   ; 1      ; CLKCTRL_G5        ; gpu_clk~CLKENA0|inclk                                                                                ;
;   3.209 ;   0.298  ; RR ; CELL ; 15028  ; CLKCTRL_G5        ; gpu_clk~CLKENA0|outclk                                                                               ;
;   5.500 ;   2.291  ; RR ; IC   ; 1      ; FF_X16_Y48_N44    ; u_render_bin|u_pipe|u_edgewalk|e2_r[4]|clk                                                           ;
;   6.059 ;   0.559  ; RR ; CELL ; 1      ; FF_X16_Y48_N44    ; zhao_geom_bin_pipe:u_render_bin|zhao_raster_tile_pipe:u_pipe|zhao_raster_edgewalk:u_edgewalk|e2_r[4] ;
;   3.471 ;   -2.588 ;    ;      ;        ;                   ; clock pessimism removed                                                                              ;
; 3.471   ; 0.000    ;    ;      ;        ;                   ; clock uncertainty                                                                                    ;
; 3.471   ; 0.000    ;    ; uTh  ; 1      ; FF_X16_Y48_N44    ; zhao_geom_bin_pipe:u_render_bin|zhao_raster_tile_pipe:u_pipe|zhao_raster_edgewalk:u_edgewalk|e2_r[4] ;
+---------+----------+----+------+--------+-------------------+------------------------------------------------------------------------------------------------------+

----------------------------
; Extra Fitter Information ;
----------------------------
HTML report is unavailable in plain text report export.


Path #10: Hold slack is 0.261 
===============================================================================
+------------------------------------------------------------------------+
; Path Summary                                                           ;
+--------------------+---------------------------------------------------+
; Property           ; Value                                             ;
+--------------------+---------------------------------------------------+
; From Node          ; zhao_debug_frameblit:u_frameblit|off[2]~DUPLICATE ;
; To Node            ; zhao_debug_frameblit:u_frameblit|off[2]~DUPLICATE ;
; Launch Clock       ; gpu_clk                                           ;
; Latch Clock        ; gpu_clk                                           ;
; Data Arrival Time  ; 3.746                                             ;
; Data Required Time ; 3.485                                             ;
; Slack              ; 0.261                                             ;
+--------------------+---------------------------------------------------+

+-----------------------------------------------------------------------------------+
; Statistics                                                                        ;
+------------------------+-------+-------+-------------+------------+-------+-------+
; Property               ; Value ; Count ; Total Delay ; % of Total ; Min   ; Max   ;
+------------------------+-------+-------+-------------+------------+-------+-------+
; Hold Relationship      ; 0.000 ;       ;             ;            ;       ;       ;
; Clock Skew             ; 0.110 ;       ;             ;            ;       ;       ;
; Data Delay             ; 0.371 ;       ;             ;            ;       ;       ;
; Number of Logic Levels ;       ; 1     ;             ;            ;       ;       ;
; Physical Delays        ;       ;       ;             ;            ;       ;       ;
;  Arrival Path          ;       ;       ;             ;            ;       ;       ;
;   Clock                ;       ;       ;             ;            ;       ;       ;
;    IC                  ;       ; 2     ; 2.631       ; 78         ; 0.734 ; 1.897 ;
;    Cell                ;       ; 2     ; 0.744       ; 22         ; 0.272 ; 0.472 ;
;   Data                 ;       ;       ;             ;            ;       ;       ;
;    IC                  ;       ; 2     ; 0.229       ; 62         ; 0.000 ; 0.229 ;
;    Cell                ;       ; 3     ; 0.142       ; 38         ; 0.000 ; 0.072 ;
;    uTco                ;       ; 1     ; 0.000       ; 0          ; 0.000 ; 0.000 ;
;  Required Path         ;       ;       ;             ;            ;       ;       ;
;   Clock                ;       ;       ;             ;            ;       ;       ;
;    IC                  ;       ; 2     ; 5.224       ; 86         ; 2.313 ; 2.911 ;
;    Cell                ;       ; 2     ; 0.849       ; 14         ; 0.298 ; 0.551 ;
+------------------------+-------+-------+-------------+------------+-------+-------+
Note: Negative delays are omitted from totals when calculating percentages

+-----------------------------------------------------------------------------------------------------------------+
; Data Arrival Path                                                                                               ;
+---------+---------+----+------+--------+--------------------+---------------------------------------------------+
; Total   ; Incr    ; RF ; Type ; Fanout ; Location           ; Element                                           ;
+---------+---------+----+------+--------+--------------------+---------------------------------------------------+
; 0.000   ; 0.000   ;    ;      ;        ;                    ; launch edge time                                  ;
; 3.375   ; 3.375   ;    ;      ;        ;                    ; clock path                                        ;
;   0.000 ;   0.000 ;    ;      ;        ;                    ; source latency                                    ;
;   0.000 ;   0.000 ;    ;      ; 1      ; LABCELL_X45_Y1_N3  ; gpu_clk                                           ;
;   0.734 ;   0.734 ; RR ; IC   ; 1      ; CLKCTRL_G5         ; gpu_clk~CLKENA0|inclk                             ;
;   1.006 ;   0.272 ; RR ; CELL ; 15028  ; CLKCTRL_G5         ; gpu_clk~CLKENA0|outclk                            ;
;   2.903 ;   1.897 ; RR ; IC   ; 1      ; FF_X46_Y16_N8      ; u_frameblit|off[2]~DUPLICATE|clk                  ;
;   3.375 ;   0.472 ; RR ; CELL ; 1      ; FF_X46_Y16_N8      ; zhao_debug_frameblit:u_frameblit|off[2]~DUPLICATE ;
; 3.746   ; 0.371   ;    ;      ;        ;                    ; data path                                         ;
;   3.375 ;   0.000 ;    ; uTco ; 1      ; FF_X46_Y16_N8      ; zhao_debug_frameblit:u_frameblit|off[2]~DUPLICATE ;
;   3.375 ;   0.000 ; FF ; CELL ; 3      ; FF_X46_Y16_N8      ; u_frameblit|off[2]~DUPLICATE|q                    ;
;   3.604 ;   0.229 ; FF ; IC   ; 2      ; LABCELL_X46_Y16_N6 ; u_frameblit|Add7~13|dataf                         ;
;   3.674 ;   0.070 ; FF ; CELL ; 2      ; LABCELL_X46_Y16_N6 ; u_frameblit|Add7~13|sumout                        ;
;   3.674 ;   0.000 ; FF ; IC   ; 1      ; FF_X46_Y16_N8      ; u_frameblit|off[2]~DUPLICATE|d                    ;
;   3.746 ;   0.072 ; FF ; CELL ; 1      ; FF_X46_Y16_N8      ; zhao_debug_frameblit:u_frameblit|off[2]~DUPLICATE ;
+---------+---------+----+------+--------+--------------------+---------------------------------------------------+

+-----------------------------------------------------------------------------------------------------------------+
; Data Required Path                                                                                              ;
+---------+----------+----+------+--------+-------------------+---------------------------------------------------+
; Total   ; Incr     ; RF ; Type ; Fanout ; Location          ; Element                                           ;
+---------+----------+----+------+--------+-------------------+---------------------------------------------------+
; 0.000   ; 0.000    ;    ;      ;        ;                   ; latch edge time                                   ;
; 3.485   ; 3.485    ;    ;      ;        ;                   ; clock path                                        ;
;   0.000 ;   0.000  ;    ;      ;        ;                   ; source latency                                    ;
;   0.000 ;   0.000  ;    ;      ; 1      ; LABCELL_X45_Y1_N3 ; gpu_clk                                           ;
;   2.911 ;   2.911  ; RR ; IC   ; 1      ; CLKCTRL_G5        ; gpu_clk~CLKENA0|inclk                             ;
;   3.209 ;   0.298  ; RR ; CELL ; 15028  ; CLKCTRL_G5        ; gpu_clk~CLKENA0|outclk                            ;
;   5.522 ;   2.313  ; RR ; IC   ; 1      ; FF_X46_Y16_N8     ; u_frameblit|off[2]~DUPLICATE|clk                  ;
;   6.073 ;   0.551  ; RR ; CELL ; 1      ; FF_X46_Y16_N8     ; zhao_debug_frameblit:u_frameblit|off[2]~DUPLICATE ;
;   3.485 ;   -2.588 ;    ;      ;        ;                   ; clock pessimism removed                           ;
; 3.485   ; 0.000    ;    ;      ;        ;                   ; clock uncertainty                                 ;
; 3.485   ; 0.000    ;    ; uTh  ; 1      ; FF_X46_Y16_N8     ; zhao_debug_frameblit:u_frameblit|off[2]~DUPLICATE ;
+---------+----------+----+------+--------+-------------------+---------------------------------------------------+

----------------------------
; Extra Fitter Information ;
----------------------------
HTML report is unavailable in plain text report export.


Path #11: Hold slack is 0.262 
===============================================================================
+--------------------------------------------------------------+
; Path Summary                                                 ;
+--------------------+-----------------------------------------+
; Property           ; Value                                   ;
+--------------------+-----------------------------------------+
; From Node          ; zhao_vram_arbiter:u_arb|pend_addr[3][1] ;
; To Node            ; zhao_vram_arbiter:u_arb|pend_addr[3][1] ;
; Launch Clock       ; gpu_clk                                 ;
; Latch Clock        ; gpu_clk                                 ;
; Data Arrival Time  ; 3.769                                   ;
; Data Required Time ; 3.507                                   ;
; Slack              ; 0.262                                   ;
+--------------------+-----------------------------------------+

+-----------------------------------------------------------------------------------+
; Statistics                                                                        ;
+------------------------+-------+-------+-------------+------------+-------+-------+
; Property               ; Value ; Count ; Total Delay ; % of Total ; Min   ; Max   ;
+------------------------+-------+-------+-------------+------------+-------+-------+
; Hold Relationship      ; 0.000 ;       ;             ;            ;       ;       ;
; Clock Skew             ; 0.109 ;       ;             ;            ;       ;       ;
; Data Delay             ; 0.371 ;       ;             ;            ;       ;       ;
; Number of Logic Levels ;       ; 1     ;             ;            ;       ;       ;
; Physical Delays        ;       ;       ;             ;            ;       ;       ;
;  Arrival Path          ;       ;       ;             ;            ;       ;       ;
;   Clock                ;       ;       ;             ;            ;       ;       ;
;    IC                  ;       ; 2     ; 2.642       ; 78         ; 0.734 ; 1.908 ;
;    Cell                ;       ; 2     ; 0.756       ; 22         ; 0.272 ; 0.484 ;
;   Data                 ;       ;       ;             ;            ;       ;       ;
;    IC                  ;       ; 2     ; 0.230       ; 62         ; 0.000 ; 0.230 ;
;    Cell                ;       ; 3     ; 0.141       ; 38         ; 0.000 ; 0.071 ;
;    uTco                ;       ; 1     ; 0.000       ; 0          ; 0.000 ; 0.000 ;
;  Required Path         ;       ;       ;             ;            ;       ;       ;
;   Clock                ;       ;       ;             ;            ;       ;       ;
;    IC                  ;       ; 2     ; 5.246       ; 86         ; 2.335 ; 2.911 ;
;    Cell                ;       ; 2     ; 0.862       ; 14         ; 0.298 ; 0.564 ;
+------------------------+-------+-------+-------------+------------+-------+-------+
Note: Negative delays are omitted from totals when calculating percentages

+--------------------------------------------------------------------------------------------------------+
; Data Arrival Path                                                                                      ;
+---------+---------+----+------+--------+---------------------+-----------------------------------------+
; Total   ; Incr    ; RF ; Type ; Fanout ; Location            ; Element                                 ;
+---------+---------+----+------+--------+---------------------+-----------------------------------------+
; 0.000   ; 0.000   ;    ;      ;        ;                     ; launch edge time                        ;
; 3.398   ; 3.398   ;    ;      ;        ;                     ; clock path                              ;
;   0.000 ;   0.000 ;    ;      ;        ;                     ; source latency                          ;
;   0.000 ;   0.000 ;    ;      ; 1      ; LABCELL_X45_Y1_N3   ; gpu_clk                                 ;
;   0.734 ;   0.734 ; RR ; IC   ; 1      ; CLKCTRL_G5          ; gpu_clk~CLKENA0|inclk                   ;
;   1.006 ;   0.272 ; RR ; CELL ; 15028  ; CLKCTRL_G5          ; gpu_clk~CLKENA0|outclk                  ;
;   2.914 ;   1.908 ; RR ; IC   ; 1      ; FF_X37_Y10_N32      ; u_arb|pend_addr[3][1]|clk               ;
;   3.398 ;   0.484 ; RR ; CELL ; 1      ; FF_X37_Y10_N32      ; zhao_vram_arbiter:u_arb|pend_addr[3][1] ;
; 3.769   ; 0.371   ;    ;      ;        ;                     ; data path                               ;
;   3.398 ;   0.000 ;    ; uTco ; 1      ; FF_X37_Y10_N32      ; zhao_vram_arbiter:u_arb|pend_addr[3][1] ;
;   3.398 ;   0.000 ; FF ; CELL ; 1      ; FF_X37_Y10_N32      ; u_arb|pend_addr[3][1]|q                 ;
;   3.628 ;   0.230 ; FF ; IC   ; 2      ; LABCELL_X37_Y10_N30 ; u_arb|Add36~61|dataf                    ;
;   3.698 ;   0.070 ; FF ; CELL ; 2      ; LABCELL_X37_Y10_N30 ; u_arb|Add36~61|sumout                   ;
;   3.698 ;   0.000 ; FF ; IC   ; 1      ; FF_X37_Y10_N32      ; u_arb|pend_addr[3][1]|d                 ;
;   3.769 ;   0.071 ; FF ; CELL ; 1      ; FF_X37_Y10_N32      ; zhao_vram_arbiter:u_arb|pend_addr[3][1] ;
+---------+---------+----+------+--------+---------------------+-----------------------------------------+

+-------------------------------------------------------------------------------------------------------+
; Data Required Path                                                                                    ;
+---------+----------+----+------+--------+-------------------+-----------------------------------------+
; Total   ; Incr     ; RF ; Type ; Fanout ; Location          ; Element                                 ;
+---------+----------+----+------+--------+-------------------+-----------------------------------------+
; 0.000   ; 0.000    ;    ;      ;        ;                   ; latch edge time                         ;
; 3.507   ; 3.507    ;    ;      ;        ;                   ; clock path                              ;
;   0.000 ;   0.000  ;    ;      ;        ;                   ; source latency                          ;
;   0.000 ;   0.000  ;    ;      ; 1      ; LABCELL_X45_Y1_N3 ; gpu_clk                                 ;
;   2.911 ;   2.911  ; RR ; IC   ; 1      ; CLKCTRL_G5        ; gpu_clk~CLKENA0|inclk                   ;
;   3.209 ;   0.298  ; RR ; CELL ; 15028  ; CLKCTRL_G5        ; gpu_clk~CLKENA0|outclk                  ;
;   5.544 ;   2.335  ; RR ; IC   ; 1      ; FF_X37_Y10_N32    ; u_arb|pend_addr[3][1]|clk               ;
;   6.108 ;   0.564  ; RR ; CELL ; 1      ; FF_X37_Y10_N32    ; zhao_vram_arbiter:u_arb|pend_addr[3][1] ;
;   3.507 ;   -2.601 ;    ;      ;        ;                   ; clock pessimism removed                 ;
; 3.507   ; 0.000    ;    ;      ;        ;                   ; clock uncertainty                       ;
; 3.507   ; 0.000    ;    ; uTh  ; 1      ; FF_X37_Y10_N32    ; zhao_vram_arbiter:u_arb|pend_addr[3][1] ;
+---------+----------+----+------+--------+-------------------+-----------------------------------------+

----------------------------
; Extra Fitter Information ;
----------------------------
HTML report is unavailable in plain text report export.


Path #12: Hold slack is 0.264 
===============================================================================
+---------------------------------------------------------------------+
; Path Summary                                                        ;
+--------------------+------------------------------------------------+
; Property           ; Value                                          ;
+--------------------+------------------------------------------------+
; From Node          ; zhao_video_slotmgr:u_slotmgr|generation[0][11] ;
; To Node            ; zhao_video_slotmgr:u_slotmgr|generation[0][11] ;
; Launch Clock       ; gpu_clk                                        ;
; Latch Clock        ; gpu_clk                                        ;
; Data Arrival Time  ; 3.772                                          ;
; Data Required Time ; 3.508                                          ;
; Slack              ; 0.264                                          ;
+--------------------+------------------------------------------------+

+-----------------------------------------------------------------------------------+
; Statistics                                                                        ;
+------------------------+-------+-------+-------------+------------+-------+-------+
; Property               ; Value ; Count ; Total Delay ; % of Total ; Min   ; Max   ;
+------------------------+-------+-------+-------------+------------+-------+-------+
; Hold Relationship      ; 0.000 ;       ;             ;            ;       ;       ;
; Clock Skew             ; 0.111 ;       ;             ;            ;       ;       ;
; Data Delay             ; 0.375 ;       ;             ;            ;       ;       ;
; Number of Logic Levels ;       ; 1     ;             ;            ;       ;       ;
; Physical Delays        ;       ;       ;             ;            ;       ;       ;
;  Arrival Path          ;       ;       ;             ;            ;       ;       ;
;   Clock                ;       ;       ;             ;            ;       ;       ;
;    IC                  ;       ; 2     ; 2.617       ; 77         ; 0.734 ; 1.883 ;
;    Cell                ;       ; 2     ; 0.780       ; 23         ; 0.272 ; 0.508 ;
;   Data                 ;       ;       ;             ;            ;       ;       ;
;    IC                  ;       ; 2     ; 0.239       ; 64         ; 0.000 ; 0.239 ;
;    Cell                ;       ; 3     ; 0.136       ; 36         ; 0.000 ; 0.072 ;
;    uTco                ;       ; 1     ; 0.000       ; 0          ; 0.000 ; 0.000 ;
;  Required Path         ;       ;       ;             ;            ;       ;       ;
;   Clock                ;       ;       ;             ;            ;       ;       ;
;    IC                  ;       ; 2     ; 5.208       ; 85         ; 2.297 ; 2.911 ;
;    Cell                ;       ; 2     ; 0.888       ; 15         ; 0.298 ; 0.590 ;
+------------------------+-------+-------+-------------+------------+-------+-------+
Note: Negative delays are omitted from totals when calculating percentages

+----------------------------------------------------------------------------------------------------------------+
; Data Arrival Path                                                                                              ;
+---------+---------+----+------+--------+----------------------+------------------------------------------------+
; Total   ; Incr    ; RF ; Type ; Fanout ; Location             ; Element                                        ;
+---------+---------+----+------+--------+----------------------+------------------------------------------------+
; 0.000   ; 0.000   ;    ;      ;        ;                      ; launch edge time                               ;
; 3.397   ; 3.397   ;    ;      ;        ;                      ; clock path                                     ;
;   0.000 ;   0.000 ;    ;      ;        ;                      ; source latency                                 ;
;   0.000 ;   0.000 ;    ;      ; 1      ; LABCELL_X45_Y1_N3    ; gpu_clk                                        ;
;   0.734 ;   0.734 ; RR ; IC   ; 1      ; CLKCTRL_G5           ; gpu_clk~CLKENA0|inclk                          ;
;   1.006 ;   0.272 ; RR ; CELL ; 15028  ; CLKCTRL_G5           ; gpu_clk~CLKENA0|outclk                         ;
;   2.889 ;   1.883 ; RR ; IC   ; 1      ; FF_X59_Y18_N35       ; u_slotmgr|generation[0][11]|clk                ;
;   3.397 ;   0.508 ; RR ; CELL ; 1      ; FF_X59_Y18_N35       ; zhao_video_slotmgr:u_slotmgr|generation[0][11] ;
; 3.772   ; 0.375   ;    ;      ;        ;                      ; data path                                      ;
;   3.397 ;   0.000 ;    ; uTco ; 1      ; FF_X59_Y18_N35       ; zhao_video_slotmgr:u_slotmgr|generation[0][11] ;
;   3.397 ;   0.000 ; FF ; CELL ; 3      ; FF_X59_Y18_N35       ; u_slotmgr|generation[0][11]|q                  ;
;   3.636 ;   0.239 ; FF ; IC   ; 2      ; MLABCELL_X59_Y18_N33 ; u_slotmgr|Add1~29|dataf                        ;
;   3.708 ;   0.072 ; FF ; CELL ; 3      ; MLABCELL_X59_Y18_N33 ; u_slotmgr|Add1~29|sumout                       ;
;   3.708 ;   0.000 ; FF ; IC   ; 1      ; FF_X59_Y18_N35       ; u_slotmgr|generation[0][11]|d                  ;
;   3.772 ;   0.064 ; FF ; CELL ; 1      ; FF_X59_Y18_N35       ; zhao_video_slotmgr:u_slotmgr|generation[0][11] ;
+---------+---------+----+------+--------+----------------------+------------------------------------------------+

+--------------------------------------------------------------------------------------------------------------+
; Data Required Path                                                                                           ;
+---------+----------+----+------+--------+-------------------+------------------------------------------------+
; Total   ; Incr     ; RF ; Type ; Fanout ; Location          ; Element                                        ;
+---------+----------+----+------+--------+-------------------+------------------------------------------------+
; 0.000   ; 0.000    ;    ;      ;        ;                   ; latch edge time                                ;
; 3.508   ; 3.508    ;    ;      ;        ;                   ; clock path                                     ;
;   0.000 ;   0.000  ;    ;      ;        ;                   ; source latency                                 ;
;   0.000 ;   0.000  ;    ;      ; 1      ; LABCELL_X45_Y1_N3 ; gpu_clk                                        ;
;   2.911 ;   2.911  ; RR ; IC   ; 1      ; CLKCTRL_G5        ; gpu_clk~CLKENA0|inclk                          ;
;   3.209 ;   0.298  ; RR ; CELL ; 15028  ; CLKCTRL_G5        ; gpu_clk~CLKENA0|outclk                         ;
;   5.506 ;   2.297  ; RR ; IC   ; 1      ; FF_X59_Y18_N35    ; u_slotmgr|generation[0][11]|clk                ;
;   6.096 ;   0.590  ; RR ; CELL ; 1      ; FF_X59_Y18_N35    ; zhao_video_slotmgr:u_slotmgr|generation[0][11] ;
;   3.508 ;   -2.588 ;    ;      ;        ;                   ; clock pessimism removed                        ;
; 3.508   ; 0.000    ;    ;      ;        ;                   ; clock uncertainty                              ;
; 3.508   ; 0.000    ;    ; uTh  ; 1      ; FF_X59_Y18_N35    ; zhao_video_slotmgr:u_slotmgr|generation[0][11] ;
+---------+----------+----+------+--------+-------------------+------------------------------------------------+

----------------------------
; Extra Fitter Information ;
----------------------------
HTML report is unavailable in plain text report export.


Path #13: Hold slack is 0.264 
===============================================================================
+-------------------------------------------------------------------------------------------------------------------------------------+
; Path Summary                                                                                                                        ;
+--------------------+----------------------------------------------------------------------------------------------------------------+
; Property           ; Value                                                                                                          ;
+--------------------+----------------------------------------------------------------------------------------------------------------+
; From Node          ; zhao_geom_bin_pipe:u_render_bin|zhao_raster_tile_pipe:u_pipe|zhao_raster_edgewalk:u_edgewalk|e0_r[4]~DUPLICATE ;
; To Node            ; zhao_geom_bin_pipe:u_render_bin|zhao_raster_tile_pipe:u_pipe|zhao_raster_edgewalk:u_edgewalk|e0_r[4]~DUPLICATE ;
; Launch Clock       ; gpu_clk                                                                                                        ;
; Latch Clock        ; gpu_clk                                                                                                        ;
; Data Arrival Time  ; 3.748                                                                                                          ;
; Data Required Time ; 3.484                                                                                                          ;
; Slack              ; 0.264                                                                                                          ;
+--------------------+----------------------------------------------------------------------------------------------------------------+

+-----------------------------------------------------------------------------------+
; Statistics                                                                        ;
+------------------------+-------+-------+-------------+------------+-------+-------+
; Property               ; Value ; Count ; Total Delay ; % of Total ; Min   ; Max   ;
+------------------------+-------+-------+-------------+------------+-------+-------+
; Hold Relationship      ; 0.000 ;       ;             ;            ;       ;       ;
; Clock Skew             ; 0.109 ;       ;             ;            ;       ;       ;
; Data Delay             ; 0.373 ;       ;             ;            ;       ;       ;
; Number of Logic Levels ;       ; 1     ;             ;            ;       ;       ;
; Physical Delays        ;       ;       ;             ;            ;       ;       ;
;  Arrival Path          ;       ;       ;             ;            ;       ;       ;
;   Clock                ;       ;       ;             ;            ;       ;       ;
;    IC                  ;       ; 2     ; 2.623       ; 78         ; 0.734 ; 1.889 ;
;    Cell                ;       ; 2     ; 0.752       ; 22         ; 0.272 ; 0.480 ;
;   Data                 ;       ;       ;             ;            ;       ;       ;
;    IC                  ;       ; 2     ; 0.231       ; 62         ; 0.000 ; 0.231 ;
;    Cell                ;       ; 3     ; 0.142       ; 38         ; 0.000 ; 0.072 ;
;    uTco                ;       ; 1     ; 0.000       ; 0          ; 0.000 ; 0.000 ;
;  Required Path         ;       ;       ;             ;            ;       ;       ;
;   Clock                ;       ;       ;             ;            ;       ;       ;
;    IC                  ;       ; 2     ; 5.214       ; 86         ; 2.303 ; 2.911 ;
;    Cell                ;       ; 2     ; 0.857       ; 14         ; 0.298 ; 0.559 ;
+------------------------+-------+-------+-------------+------------+-------+-------+
Note: Negative delays are omitted from totals when calculating percentages

+-------------------------------------------------------------------------------------------------------------------------------------------------------------------------------+
; Data Arrival Path                                                                                                                                                             ;
+---------+---------+----+------+--------+---------------------+----------------------------------------------------------------------------------------------------------------+
; Total   ; Incr    ; RF ; Type ; Fanout ; Location            ; Element                                                                                                        ;
+---------+---------+----+------+--------+---------------------+----------------------------------------------------------------------------------------------------------------+
; 0.000   ; 0.000   ;    ;      ;        ;                     ; launch edge time                                                                                               ;
; 3.375   ; 3.375   ;    ;      ;        ;                     ; clock path                                                                                                     ;
;   0.000 ;   0.000 ;    ;      ;        ;                     ; source latency                                                                                                 ;
;   0.000 ;   0.000 ;    ;      ; 1      ; LABCELL_X45_Y1_N3   ; gpu_clk                                                                                                        ;
;   0.734 ;   0.734 ; RR ; IC   ; 1      ; CLKCTRL_G5          ; gpu_clk~CLKENA0|inclk                                                                                          ;
;   1.006 ;   0.272 ; RR ; CELL ; 15028  ; CLKCTRL_G5          ; gpu_clk~CLKENA0|outclk                                                                                         ;
;   2.895 ;   1.889 ; RR ; IC   ; 1      ; FF_X19_Y52_N44      ; u_render_bin|u_pipe|u_edgewalk|e0_r[4]~DUPLICATE|clk                                                           ;
;   3.375 ;   0.480 ; RR ; CELL ; 1      ; FF_X19_Y52_N44      ; zhao_geom_bin_pipe:u_render_bin|zhao_raster_tile_pipe:u_pipe|zhao_raster_edgewalk:u_edgewalk|e0_r[4]~DUPLICATE ;
; 3.748   ; 0.373   ;    ;      ;        ;                     ; data path                                                                                                      ;
;   3.375 ;   0.000 ;    ; uTco ; 1      ; FF_X19_Y52_N44      ; zhao_geom_bin_pipe:u_render_bin|zhao_raster_tile_pipe:u_pipe|zhao_raster_edgewalk:u_edgewalk|e0_r[4]~DUPLICATE ;
;   3.375 ;   0.000 ; FF ; CELL ; 16     ; FF_X19_Y52_N44      ; u_render_bin|u_pipe|u_edgewalk|e0_r[4]~DUPLICATE|q                                                             ;
;   3.606 ;   0.231 ; FF ; IC   ; 2      ; LABCELL_X19_Y52_N42 ; u_render_bin|u_pipe|u_edgewalk|Add122~69|dataf                                                                 ;
;   3.676 ;   0.070 ; FF ; CELL ; 2      ; LABCELL_X19_Y52_N42 ; u_render_bin|u_pipe|u_edgewalk|Add122~69|sumout                                                                ;
;   3.676 ;   0.000 ; FF ; IC   ; 1      ; FF_X19_Y52_N44      ; u_render_bin|u_pipe|u_edgewalk|e0_r[4]~DUPLICATE|d                                                             ;
;   3.748 ;   0.072 ; FF ; CELL ; 1      ; FF_X19_Y52_N44      ; zhao_geom_bin_pipe:u_render_bin|zhao_raster_tile_pipe:u_pipe|zhao_raster_edgewalk:u_edgewalk|e0_r[4]~DUPLICATE ;
+---------+---------+----+------+--------+---------------------+----------------------------------------------------------------------------------------------------------------+

+------------------------------------------------------------------------------------------------------------------------------------------------------------------------------+
; Data Required Path                                                                                                                                                           ;
+---------+----------+----+------+--------+-------------------+----------------------------------------------------------------------------------------------------------------+
; Total   ; Incr     ; RF ; Type ; Fanout ; Location          ; Element                                                                                                        ;
+---------+----------+----+------+--------+-------------------+----------------------------------------------------------------------------------------------------------------+
; 0.000   ; 0.000    ;    ;      ;        ;                   ; latch edge time                                                                                                ;
; 3.484   ; 3.484    ;    ;      ;        ;                   ; clock path                                                                                                     ;
;   0.000 ;   0.000  ;    ;      ;        ;                   ; source latency                                                                                                 ;
;   0.000 ;   0.000  ;    ;      ; 1      ; LABCELL_X45_Y1_N3 ; gpu_clk                                                                                                        ;
;   2.911 ;   2.911  ; RR ; IC   ; 1      ; CLKCTRL_G5        ; gpu_clk~CLKENA0|inclk                                                                                          ;
;   3.209 ;   0.298  ; RR ; CELL ; 15028  ; CLKCTRL_G5        ; gpu_clk~CLKENA0|outclk                                                                                         ;
;   5.512 ;   2.303  ; RR ; IC   ; 1      ; FF_X19_Y52_N44    ; u_render_bin|u_pipe|u_edgewalk|e0_r[4]~DUPLICATE|clk                                                           ;
;   6.071 ;   0.559  ; RR ; CELL ; 1      ; FF_X19_Y52_N44    ; zhao_geom_bin_pipe:u_render_bin|zhao_raster_tile_pipe:u_pipe|zhao_raster_edgewalk:u_edgewalk|e0_r[4]~DUPLICATE ;
;   3.484 ;   -2.587 ;    ;      ;        ;                   ; clock pessimism removed                                                                                        ;
; 3.484   ; 0.000    ;    ;      ;        ;                   ; clock uncertainty                                                                                              ;
; 3.484   ; 0.000    ;    ; uTh  ; 1      ; FF_X19_Y52_N44    ; zhao_geom_bin_pipe:u_render_bin|zhao_raster_tile_pipe:u_pipe|zhao_raster_edgewalk:u_edgewalk|e0_r[4]~DUPLICATE ;
+---------+----------+----+------+--------+-------------------+----------------------------------------------------------------------------------------------------------------+

----------------------------
; Extra Fitter Information ;
----------------------------
HTML report is unavailable in plain text report export.


Path #14: Hold slack is 0.268 
===============================================================================
+---------------------------------------------------------------+
; Path Summary                                                  ;
+--------------------+------------------------------------------+
; Property           ; Value                                    ;
+--------------------+------------------------------------------+
; From Node          ; zhao_vram_arbiter:u_arb|vram_bytes[0][6] ;
; To Node            ; zhao_vram_arbiter:u_arb|vram_bytes[0][6] ;
; Launch Clock       ; gpu_clk                                  ;
; Latch Clock        ; gpu_clk                                  ;
; Data Arrival Time  ; 3.776                                    ;
; Data Required Time ; 3.508                                    ;
; Slack              ; 0.268                                    ;
+--------------------+------------------------------------------+

+-----------------------------------------------------------------------------------+
; Statistics                                                                        ;
+------------------------+-------+-------+-------------+------------+-------+-------+
; Property               ; Value ; Count ; Total Delay ; % of Total ; Min   ; Max   ;
+------------------------+-------+-------+-------------+------------+-------+-------+
; Hold Relationship      ; 0.000 ;       ;             ;            ;       ;       ;
; Clock Skew             ; 0.111 ;       ;             ;            ;       ;       ;
; Data Delay             ; 0.379 ;       ;             ;            ;       ;       ;
; Number of Logic Levels ;       ; 1     ;             ;            ;       ;       ;
; Physical Delays        ;       ;       ;             ;            ;       ;       ;
;  Arrival Path          ;       ;       ;             ;            ;       ;       ;
;   Clock                ;       ;       ;             ;            ;       ;       ;
;    IC                  ;       ; 2     ; 2.638       ; 78         ; 0.734 ; 1.904 ;
;    Cell                ;       ; 2     ; 0.759       ; 22         ; 0.272 ; 0.487 ;
;   Data                 ;       ;       ;             ;            ;       ;       ;
;    IC                  ;       ; 2     ; 0.241       ; 64         ; 0.000 ; 0.241 ;
;    Cell                ;       ; 3     ; 0.138       ; 36         ; 0.000 ; 0.069 ;
;    uTco                ;       ; 1     ; 0.000       ; 0          ; 0.000 ; 0.000 ;
;  Required Path         ;       ;       ;             ;            ;       ;       ;
;   Clock                ;       ;       ;             ;            ;       ;       ;
;    IC                  ;       ; 2     ; 5.243       ; 86         ; 2.332 ; 2.911 ;
;    Cell                ;       ; 2     ; 0.866       ; 14         ; 0.298 ; 0.568 ;
+------------------------+-------+-------+-------------+------------+-------+-------+
Note: Negative delays are omitted from totals when calculating percentages

+---------------------------------------------------------------------------------------------------------+
; Data Arrival Path                                                                                       ;
+---------+---------+----+------+--------+---------------------+------------------------------------------+
; Total   ; Incr    ; RF ; Type ; Fanout ; Location            ; Element                                  ;
+---------+---------+----+------+--------+---------------------+------------------------------------------+
; 0.000   ; 0.000   ;    ;      ;        ;                     ; launch edge time                         ;
; 3.397   ; 3.397   ;    ;      ;        ;                     ; clock path                               ;
;   0.000 ;   0.000 ;    ;      ;        ;                     ; source latency                           ;
;   0.000 ;   0.000 ;    ;      ; 1      ; LABCELL_X45_Y1_N3   ; gpu_clk                                  ;
;   0.734 ;   0.734 ; RR ; IC   ; 1      ; CLKCTRL_G5          ; gpu_clk~CLKENA0|inclk                    ;
;   1.006 ;   0.272 ; RR ; CELL ; 15028  ; CLKCTRL_G5          ; gpu_clk~CLKENA0|outclk                   ;
;   2.910 ;   1.904 ; RR ; IC   ; 1      ; FF_X35_Y12_N32      ; u_arb|vram_bytes[0][6]|clk               ;
;   3.397 ;   0.487 ; RR ; CELL ; 1      ; FF_X35_Y12_N32      ; zhao_vram_arbiter:u_arb|vram_bytes[0][6] ;
; 3.776   ; 0.379   ;    ;      ;        ;                     ; data path                                ;
;   3.397 ;   0.000 ;    ; uTco ; 1      ; FF_X35_Y12_N32      ; zhao_vram_arbiter:u_arb|vram_bytes[0][6] ;
;   3.397 ;   0.000 ; FF ; CELL ; 3      ; FF_X35_Y12_N32      ; u_arb|vram_bytes[0][6]|q                 ;
;   3.638 ;   0.241 ; FF ; IC   ; 2      ; LABCELL_X35_Y12_N30 ; u_arb|Add19~1|dataf                      ;
;   3.707 ;   0.069 ; FR ; CELL ; 1      ; LABCELL_X35_Y12_N30 ; u_arb|Add19~1|sumout                     ;
;   3.707 ;   0.000 ; RR ; IC   ; 1      ; FF_X35_Y12_N32      ; u_arb|vram_bytes[0][6]|d                 ;
;   3.776 ;   0.069 ; RR ; CELL ; 1      ; FF_X35_Y12_N32      ; zhao_vram_arbiter:u_arb|vram_bytes[0][6] ;
+---------+---------+----+------+--------+---------------------+------------------------------------------+

+--------------------------------------------------------------------------------------------------------+
; Data Required Path                                                                                     ;
+---------+----------+----+------+--------+-------------------+------------------------------------------+
; Total   ; Incr     ; RF ; Type ; Fanout ; Location          ; Element                                  ;
+---------+----------+----+------+--------+-------------------+------------------------------------------+
; 0.000   ; 0.000    ;    ;      ;        ;                   ; latch edge time                          ;
; 3.508   ; 3.508    ;    ;      ;        ;                   ; clock path                               ;
;   0.000 ;   0.000  ;    ;      ;        ;                   ; source latency                           ;
;   0.000 ;   0.000  ;    ;      ; 1      ; LABCELL_X45_Y1_N3 ; gpu_clk                                  ;
;   2.911 ;   2.911  ; RR ; IC   ; 1      ; CLKCTRL_G5        ; gpu_clk~CLKENA0|inclk                    ;
;   3.209 ;   0.298  ; RR ; CELL ; 15028  ; CLKCTRL_G5        ; gpu_clk~CLKENA0|outclk                   ;
;   5.541 ;   2.332  ; RR ; IC   ; 1      ; FF_X35_Y12_N32    ; u_arb|vram_bytes[0][6]|clk               ;
;   6.109 ;   0.568  ; RR ; CELL ; 1      ; FF_X35_Y12_N32    ; zhao_vram_arbiter:u_arb|vram_bytes[0][6] ;
;   3.508 ;   -2.601 ;    ;      ;        ;                   ; clock pessimism removed                  ;
; 3.508   ; 0.000    ;    ;      ;        ;                   ; clock uncertainty                        ;
; 3.508   ; 0.000    ;    ; uTh  ; 1      ; FF_X35_Y12_N32    ; zhao_vram_arbiter:u_arb|vram_bytes[0][6] ;
+---------+----------+----+------+--------+-------------------+------------------------------------------+

----------------------------
; Extra Fitter Information ;
----------------------------
HTML report is unavailable in plain text report export.


Path #15: Hold slack is 0.276 
===============================================================================
+---------------------------------------------------------------------------------------------------------------------------+
; Path Summary                                                                                                              ;
+--------------------+------------------------------------------------------------------------------------------------------+
; Property           ; Value                                                                                                ;
+--------------------+------------------------------------------------------------------------------------------------------+
; From Node          ; zhao_geom_bin_pipe:u_render_bin|zhao_raster_tile_pipe:u_pipe|zhao_raster_edgewalk:u_edgewalk|e1_r[4] ;
; To Node            ; zhao_geom_bin_pipe:u_render_bin|zhao_raster_tile_pipe:u_pipe|zhao_raster_edgewalk:u_edgewalk|e1_r[4] ;
; Launch Clock       ; gpu_clk                                                                                              ;
; Latch Clock        ; gpu_clk                                                                                              ;
; Data Arrival Time  ; 3.749                                                                                                ;
; Data Required Time ; 3.473                                                                                                ;
; Slack              ; 0.276                                                                                                ;
+--------------------+------------------------------------------------------------------------------------------------------+

+-----------------------------------------------------------------------------------+
; Statistics                                                                        ;
+------------------------+-------+-------+-------------+------------+-------+-------+
; Property               ; Value ; Count ; Total Delay ; % of Total ; Min   ; Max   ;
+------------------------+-------+-------+-------------+------------+-------+-------+
; Hold Relationship      ; 0.000 ;       ;             ;            ;       ;       ;
; Clock Skew             ; 0.106 ;       ;             ;            ;       ;       ;
; Data Delay             ; 0.382 ;       ;             ;            ;       ;       ;
; Number of Logic Levels ;       ; 1     ;             ;            ;       ;       ;
; Physical Delays        ;       ;       ;             ;            ;       ;       ;
;  Arrival Path          ;       ;       ;             ;            ;       ;       ;
;   Clock                ;       ;       ;             ;            ;       ;       ;
;    IC                  ;       ; 2     ; 2.615       ; 78         ; 0.734 ; 1.881 ;
;    Cell                ;       ; 2     ; 0.752       ; 22         ; 0.272 ; 0.480 ;
;   Data                 ;       ;       ;             ;            ;       ;       ;
;    IC                  ;       ; 2     ; 0.244       ; 64         ; 0.000 ; 0.244 ;
;    Cell                ;       ; 3     ; 0.138       ; 36         ; 0.000 ; 0.069 ;
;    uTco                ;       ; 1     ; 0.000       ; 0          ; 0.000 ; 0.000 ;
;  Required Path         ;       ;       ;             ;            ;       ;       ;
;   Clock                ;       ;       ;             ;            ;       ;       ;
;    IC                  ;       ; 2     ; 5.205       ; 86         ; 2.294 ; 2.911 ;
;    Cell                ;       ; 2     ; 0.857       ; 14         ; 0.298 ; 0.559 ;
+------------------------+-------+-------+-------------+------------+-------+-------+
Note: Negative delays are omitted from totals when calculating percentages

+---------------------------------------------------------------------------------------------------------------------------------------------------------------------+
; Data Arrival Path                                                                                                                                                   ;
+---------+---------+----+------+--------+---------------------+------------------------------------------------------------------------------------------------------+
; Total   ; Incr    ; RF ; Type ; Fanout ; Location            ; Element                                                                                              ;
+---------+---------+----+------+--------+---------------------+------------------------------------------------------------------------------------------------------+
; 0.000   ; 0.000   ;    ;      ;        ;                     ; launch edge time                                                                                     ;
; 3.367   ; 3.367   ;    ;      ;        ;                     ; clock path                                                                                           ;
;   0.000 ;   0.000 ;    ;      ;        ;                     ; source latency                                                                                       ;
;   0.000 ;   0.000 ;    ;      ; 1      ; LABCELL_X45_Y1_N3   ; gpu_clk                                                                                              ;
;   0.734 ;   0.734 ; RR ; IC   ; 1      ; CLKCTRL_G5          ; gpu_clk~CLKENA0|inclk                                                                                ;
;   1.006 ;   0.272 ; RR ; CELL ; 15028  ; CLKCTRL_G5          ; gpu_clk~CLKENA0|outclk                                                                               ;
;   2.887 ;   1.881 ; RR ; IC   ; 1      ; FF_X16_Y50_N44      ; u_render_bin|u_pipe|u_edgewalk|e1_r[4]|clk                                                           ;
;   3.367 ;   0.480 ; RR ; CELL ; 1      ; FF_X16_Y50_N44      ; zhao_geom_bin_pipe:u_render_bin|zhao_raster_tile_pipe:u_pipe|zhao_raster_edgewalk:u_edgewalk|e1_r[4] ;
; 3.749   ; 0.382   ;    ;      ;        ;                     ; data path                                                                                            ;
;   3.367 ;   0.000 ;    ; uTco ; 1      ; FF_X16_Y50_N44      ; zhao_geom_bin_pipe:u_render_bin|zhao_raster_tile_pipe:u_pipe|zhao_raster_edgewalk:u_edgewalk|e1_r[4] ;
;   3.367 ;   0.000 ; FF ; CELL ; 17     ; FF_X16_Y50_N44      ; u_render_bin|u_pipe|u_edgewalk|e1_r[4]|q                                                             ;
;   3.611 ;   0.244 ; FF ; IC   ; 2      ; LABCELL_X16_Y50_N42 ; u_render_bin|u_pipe|u_edgewalk|Add123~85|dataf                                                       ;
;   3.680 ;   0.069 ; FR ; CELL ; 1      ; LABCELL_X16_Y50_N42 ; u_render_bin|u_pipe|u_edgewalk|Add123~85|sumout                                                      ;
;   3.680 ;   0.000 ; RR ; IC   ; 1      ; FF_X16_Y50_N44      ; u_render_bin|u_pipe|u_edgewalk|e1_r[4]|d                                                             ;
;   3.749 ;   0.069 ; RR ; CELL ; 1      ; FF_X16_Y50_N44      ; zhao_geom_bin_pipe:u_render_bin|zhao_raster_tile_pipe:u_pipe|zhao_raster_edgewalk:u_edgewalk|e1_r[4] ;
+---------+---------+----+------+--------+---------------------+------------------------------------------------------------------------------------------------------+

+--------------------------------------------------------------------------------------------------------------------------------------------------------------------+
; Data Required Path                                                                                                                                                 ;
+---------+----------+----+------+--------+-------------------+------------------------------------------------------------------------------------------------------+
; Total   ; Incr     ; RF ; Type ; Fanout ; Location          ; Element                                                                                              ;
+---------+----------+----+------+--------+-------------------+------------------------------------------------------------------------------------------------------+
; 0.000   ; 0.000    ;    ;      ;        ;                   ; latch edge time                                                                                      ;
; 3.473   ; 3.473    ;    ;      ;        ;                   ; clock path                                                                                           ;
;   0.000 ;   0.000  ;    ;      ;        ;                   ; source latency                                                                                       ;
;   0.000 ;   0.000  ;    ;      ; 1      ; LABCELL_X45_Y1_N3 ; gpu_clk                                                                                              ;
;   2.911 ;   2.911  ; RR ; IC   ; 1      ; CLKCTRL_G5        ; gpu_clk~CLKENA0|inclk                                                                                ;
;   3.209 ;   0.298  ; RR ; CELL ; 15028  ; CLKCTRL_G5        ; gpu_clk~CLKENA0|outclk                                                                               ;
;   5.503 ;   2.294  ; RR ; IC   ; 1      ; FF_X16_Y50_N44    ; u_render_bin|u_pipe|u_edgewalk|e1_r[4]|clk                                                           ;
;   6.062 ;   0.559  ; RR ; CELL ; 1      ; FF_X16_Y50_N44    ; zhao_geom_bin_pipe:u_render_bin|zhao_raster_tile_pipe:u_pipe|zhao_raster_edgewalk:u_edgewalk|e1_r[4] ;
;   3.473 ;   -2.589 ;    ;      ;        ;                   ; clock pessimism removed                                                                              ;
; 3.473   ; 0.000    ;    ;      ;        ;                   ; clock uncertainty                                                                                    ;
; 3.473   ; 0.000    ;    ; uTh  ; 1      ; FF_X16_Y50_N44    ; zhao_geom_bin_pipe:u_render_bin|zhao_raster_tile_pipe:u_pipe|zhao_raster_edgewalk:u_edgewalk|e1_r[4] ;
+---------+----------+----+------+--------+-------------------+------------------------------------------------------------------------------------------------------+

----------------------------
; Extra Fitter Information ;
----------------------------
HTML report is unavailable in plain text report export.


Path #16: Hold slack is 0.288 
===============================================================================
+--------------------------------------------------------------------------------------------+
; Path Summary                                                                               ;
+--------------------+-----------------------------------------------------------------------+
; Property           ; Value                                                                 ;
+--------------------+-----------------------------------------------------------------------+
; From Node          ; zhao_geom_bin_pipe:u_render_bin|zhao_geom_binner:u_binner|d_tri_r[66] ;
; To Node            ; zhao_geom_bin_pipe:u_render_bin|zhao_raster_tile_pipe:u_pipe|by_r[3]  ;
; Launch Clock       ; gpu_clk                                                               ;
; Latch Clock        ; gpu_clk                                                               ;
; Data Arrival Time  ; 4.173                                                                 ;
; Data Required Time ; 3.885                                                                 ;
; Slack              ; 0.288                                                                 ;
+--------------------+-----------------------------------------------------------------------+

+-----------------------------------------------------------------------------------+
; Statistics                                                                        ;
+------------------------+-------+-------+-------------+------------+-------+-------+
; Property               ; Value ; Count ; Total Delay ; % of Total ; Min   ; Max   ;
+------------------------+-------+-------+-------------+------------+-------+-------+
; Hold Relationship      ; 0.000 ;       ;             ;            ;       ;       ;
; Clock Skew             ; 0.380 ;       ;             ;            ;       ;       ;
; Data Delay             ; 0.668 ;       ;             ;            ;       ;       ;
; Number of Logic Levels ;       ; 1     ;             ;            ;       ;       ;
; Physical Delays        ;       ;       ;             ;            ;       ;       ;
;  Arrival Path          ;       ;       ;             ;            ;       ;       ;
;   Clock                ;       ;       ;             ;            ;       ;       ;
;    IC                  ;       ; 2     ; 2.636       ; 75         ; 0.734 ; 1.902 ;
;    Cell                ;       ; 2     ; 0.869       ; 25         ; 0.272 ; 0.597 ;
;   Data                 ;       ;       ;             ;            ;       ;       ;
;    IC                  ;       ; 2     ; 0.501       ; 75         ; 0.000 ; 0.501 ;
;    Cell                ;       ; 3     ; 0.167       ; 25         ; 0.046 ; 0.067 ;
;    uTco                ;       ; 1     ; 0.000       ; 0          ; 0.000 ; 0.000 ;
;  Required Path         ;       ;       ;             ;            ;       ;       ;
;   Clock                ;       ;       ;             ;            ;       ;       ;
;    IC                  ;       ; 2     ; 5.211       ; 86         ; 2.300 ; 2.911 ;
;    Cell                ;       ; 2     ; 0.877       ; 14         ; 0.298 ; 0.579 ;
+------------------------+-------+-------+-------------+------------+-------+-------+
Note: Negative delays are omitted from totals when calculating percentages

+------------------------------------------------------------------------------------------------------------------------------------------------+
; Data Arrival Path                                                                                                                              ;
+---------+---------+----+------+--------+--------------------+----------------------------------------------------------------------------------+
; Total   ; Incr    ; RF ; Type ; Fanout ; Location           ; Element                                                                          ;
+---------+---------+----+------+--------+--------------------+----------------------------------------------------------------------------------+
; 0.000   ; 0.000   ;    ;      ;        ;                    ; launch edge time                                                                 ;
; 3.505   ; 3.505   ;    ;      ;        ;                    ; clock path                                                                       ;
;   0.000 ;   0.000 ;    ;      ;        ;                    ; source latency                                                                   ;
;   0.000 ;   0.000 ;    ;      ; 1      ; LABCELL_X45_Y1_N3  ; gpu_clk                                                                          ;
;   0.734 ;   0.734 ; RR ; IC   ; 1      ; CLKCTRL_G5         ; gpu_clk~CLKENA0|inclk                                                            ;
;   1.006 ;   0.272 ; RR ; CELL ; 15028  ; CLKCTRL_G5         ; gpu_clk~CLKENA0|outclk                                                           ;
;   2.908 ;   1.902 ; RR ; IC   ; 98     ; M10K_X26_Y48_N0    ; u_render_bin|u_binner|tri_ram_rtl_0|auto_generated|ram_block1a54|clk0            ;
;   3.505 ;   0.597 ; RR ; CELL ; 1      ; M10K_X26_Y48_N0    ; zhao_geom_bin_pipe:u_render_bin|zhao_geom_binner:u_binner|d_tri_r[66]            ;
; 4.173   ; 0.668   ;    ;      ;        ;                    ; data path                                                                        ;
;   3.505 ;   0.000 ;    ; uTco ; 1      ; M10K_X26_Y48_N0    ; zhao_geom_bin_pipe:u_render_bin|zhao_geom_binner:u_binner|d_tri_r[66]            ;
;   3.551 ;   0.046 ; RR ; CELL ; 1      ; M10K_X26_Y48_N0    ; u_render_bin|u_binner|tri_ram_rtl_0|auto_generated|ram_block1a54|portbdataout[2] ;
;   4.052 ;   0.501 ; RR ; IC   ; 1      ; LABCELL_X23_Y48_N6 ; u_render_bin|u_pipe|by_r[3]~feeder|dataf                                         ;
;   4.106 ;   0.054 ; RR ; CELL ; 1      ; LABCELL_X23_Y48_N6 ; u_render_bin|u_pipe|by_r[3]~feeder|combout                                       ;
;   4.106 ;   0.000 ; RR ; IC   ; 1      ; FF_X23_Y48_N7      ; u_render_bin|u_pipe|by_r[3]|d                                                    ;
;   4.173 ;   0.067 ; RR ; CELL ; 1      ; FF_X23_Y48_N7      ; zhao_geom_bin_pipe:u_render_bin|zhao_raster_tile_pipe:u_pipe|by_r[3]             ;
+---------+---------+----+------+--------+--------------------+----------------------------------------------------------------------------------+

+------------------------------------------------------------------------------------------------------------------------------------+
; Data Required Path                                                                                                                 ;
+---------+----------+----+------+--------+-------------------+----------------------------------------------------------------------+
; Total   ; Incr     ; RF ; Type ; Fanout ; Location          ; Element                                                              ;
+---------+----------+----+------+--------+-------------------+----------------------------------------------------------------------+
; 0.000   ; 0.000    ;    ;      ;        ;                   ; latch edge time                                                      ;
; 3.885   ; 3.885    ;    ;      ;        ;                   ; clock path                                                           ;
;   0.000 ;   0.000  ;    ;      ;        ;                   ; source latency                                                       ;
;   0.000 ;   0.000  ;    ;      ; 1      ; LABCELL_X45_Y1_N3 ; gpu_clk                                                              ;
;   2.911 ;   2.911  ; RR ; IC   ; 1      ; CLKCTRL_G5        ; gpu_clk~CLKENA0|inclk                                                ;
;   3.209 ;   0.298  ; RR ; CELL ; 15028  ; CLKCTRL_G5        ; gpu_clk~CLKENA0|outclk                                               ;
;   5.509 ;   2.300  ; RR ; IC   ; 1      ; FF_X23_Y48_N7     ; u_render_bin|u_pipe|by_r[3]|clk                                      ;
;   6.088 ;   0.579  ; RR ; CELL ; 1      ; FF_X23_Y48_N7     ; zhao_geom_bin_pipe:u_render_bin|zhao_raster_tile_pipe:u_pipe|by_r[3] ;
;   3.885 ;   -2.203 ;    ;      ;        ;                   ; clock pessimism removed                                              ;
; 3.885   ; 0.000    ;    ;      ;        ;                   ; clock uncertainty                                                    ;
; 3.885   ; 0.000    ;    ; uTh  ; 1      ; FF_X23_Y48_N7     ; zhao_geom_bin_pipe:u_render_bin|zhao_raster_tile_pipe:u_pipe|by_r[3] ;
+---------+----------+----+------+--------+-------------------+----------------------------------------------------------------------+

----------------------------
; Extra Fitter Information ;
----------------------------
HTML report is unavailable in plain text report export.


Path #17: Hold slack is 0.292 
===============================================================================
+-------------------------------------------------------------+
; Path Summary                                                ;
+--------------------+----------------------------------------+
; Property           ; Value                                  ;
+--------------------+----------------------------------------+
; From Node          ; zhao_input_snapshot:u_snapshot|gaps[1] ;
; To Node            ; zhao_input_snapshot:u_snapshot|gaps[1] ;
; Launch Clock       ; gpu_clk                                ;
; Latch Clock        ; gpu_clk                                ;
; Data Arrival Time  ; 3.728                                  ;
; Data Required Time ; 3.436                                  ;
; Slack              ; 0.292                                  ;
+--------------------+----------------------------------------+

+-----------------------------------------------------------------------------------+
; Statistics                                                                        ;
+------------------------+-------+-------+-------------+------------+-------+-------+
; Property               ; Value ; Count ; Total Delay ; % of Total ; Min   ; Max   ;
+------------------------+-------+-------+-------------+------------+-------+-------+
; Hold Relationship      ; 0.000 ;       ;             ;            ;       ;       ;
; Clock Skew             ; 0.108 ;       ;             ;            ;       ;       ;
; Data Delay             ; 0.400 ;       ;             ;            ;       ;       ;
; Number of Logic Levels ;       ; 1     ;             ;            ;       ;       ;
; Physical Delays        ;       ;       ;             ;            ;       ;       ;
;  Arrival Path          ;       ;       ;             ;            ;       ;       ;
;   Clock                ;       ;       ;             ;            ;       ;       ;
;    IC                  ;       ; 2     ; 2.577       ; 77         ; 0.734 ; 1.843 ;
;    Cell                ;       ; 2     ; 0.751       ; 23         ; 0.272 ; 0.479 ;
;   Data                 ;       ;       ;             ;            ;       ;       ;
;    IC                  ;       ; 2     ; 0.263       ; 66         ; 0.000 ; 0.263 ;
;    Cell                ;       ; 3     ; 0.137       ; 34         ; 0.000 ; 0.069 ;
;    uTco                ;       ; 1     ; 0.000       ; 0          ; 0.000 ; 0.000 ;
;  Required Path         ;       ;       ;             ;            ;       ;       ;
;   Clock                ;       ;       ;             ;            ;       ;       ;
;    IC                  ;       ; 2     ; 5.164       ; 86         ; 2.253 ; 2.911 ;
;    Cell                ;       ; 2     ; 0.857       ; 14         ; 0.298 ; 0.559 ;
+------------------------+-------+-------+-------------+------------+-------+-------+
Note: Negative delays are omitted from totals when calculating percentages

+-------------------------------------------------------------------------------------------------------+
; Data Arrival Path                                                                                     ;
+---------+---------+----+------+--------+---------------------+----------------------------------------+
; Total   ; Incr    ; RF ; Type ; Fanout ; Location            ; Element                                ;
+---------+---------+----+------+--------+---------------------+----------------------------------------+
; 0.000   ; 0.000   ;    ;      ;        ;                     ; launch edge time                       ;
; 3.328   ; 3.328   ;    ;      ;        ;                     ; clock path                             ;
;   0.000 ;   0.000 ;    ;      ;        ;                     ; source latency                         ;
;   0.000 ;   0.000 ;    ;      ; 1      ; LABCELL_X45_Y1_N3   ; gpu_clk                                ;
;   0.734 ;   0.734 ; RR ; IC   ; 1      ; CLKCTRL_G5          ; gpu_clk~CLKENA0|inclk                  ;
;   1.006 ;   0.272 ; RR ; CELL ; 15028  ; CLKCTRL_G5          ; gpu_clk~CLKENA0|outclk                 ;
;   2.849 ;   1.843 ; RR ; IC   ; 1      ; FF_X16_Y14_N35      ; u_snapshot|gaps[1]|clk                 ;
;   3.328 ;   0.479 ; RR ; CELL ; 1      ; FF_X16_Y14_N35      ; zhao_input_snapshot:u_snapshot|gaps[1] ;
; 3.728   ; 0.400   ;    ;      ;        ;                     ; data path                              ;
;   3.328 ;   0.000 ;    ; uTco ; 1      ; FF_X16_Y14_N35      ; zhao_input_snapshot:u_snapshot|gaps[1] ;
;   3.328 ;   0.000 ; FF ; CELL ; 4      ; FF_X16_Y14_N35      ; u_snapshot|gaps[1]|q                   ;
;   3.591 ;   0.263 ; FF ; IC   ; 2      ; LABCELL_X16_Y14_N33 ; u_snapshot|Add11~5|dataf               ;
;   3.659 ;   0.068 ; FF ; CELL ; 1      ; LABCELL_X16_Y14_N33 ; u_snapshot|Add11~5|sumout              ;
;   3.659 ;   0.000 ; FF ; IC   ; 1      ; FF_X16_Y14_N35      ; u_snapshot|gaps[1]|d                   ;
;   3.728 ;   0.069 ; FF ; CELL ; 1      ; FF_X16_Y14_N35      ; zhao_input_snapshot:u_snapshot|gaps[1] ;
+---------+---------+----+------+--------+---------------------+----------------------------------------+

+------------------------------------------------------------------------------------------------------+
; Data Required Path                                                                                   ;
+---------+----------+----+------+--------+-------------------+----------------------------------------+
; Total   ; Incr     ; RF ; Type ; Fanout ; Location          ; Element                                ;
+---------+----------+----+------+--------+-------------------+----------------------------------------+
; 0.000   ; 0.000    ;    ;      ;        ;                   ; latch edge time                        ;
; 3.436   ; 3.436    ;    ;      ;        ;                   ; clock path                             ;
;   0.000 ;   0.000  ;    ;      ;        ;                   ; source latency                         ;
;   0.000 ;   0.000  ;    ;      ; 1      ; LABCELL_X45_Y1_N3 ; gpu_clk                                ;
;   2.911 ;   2.911  ; RR ; IC   ; 1      ; CLKCTRL_G5        ; gpu_clk~CLKENA0|inclk                  ;
;   3.209 ;   0.298  ; RR ; CELL ; 15028  ; CLKCTRL_G5        ; gpu_clk~CLKENA0|outclk                 ;
;   5.462 ;   2.253  ; RR ; IC   ; 1      ; FF_X16_Y14_N35    ; u_snapshot|gaps[1]|clk                 ;
;   6.021 ;   0.559  ; RR ; CELL ; 1      ; FF_X16_Y14_N35    ; zhao_input_snapshot:u_snapshot|gaps[1] ;
;   3.436 ;   -2.585 ;    ;      ;        ;                   ; clock pessimism removed                ;
; 3.436   ; 0.000    ;    ;      ;        ;                   ; clock uncertainty                      ;
; 3.436   ; 0.000    ;    ; uTh  ; 1      ; FF_X16_Y14_N35    ; zhao_input_snapshot:u_snapshot|gaps[1] ;
+---------+----------+----+------+--------+-------------------+----------------------------------------+

----------------------------
; Extra Fitter Information ;
----------------------------
HTML report is unavailable in plain text report export.


Path #18: Hold slack is 0.293 
===============================================================================
+---------------------------------------------------------------------+
; Path Summary                                                        ;
+--------------------+------------------------------------------------+
; Property           ; Value                                          ;
+--------------------+------------------------------------------------+
; From Node          ; zhao_video_slotmgr:u_slotmgr|generation[0][10] ;
; To Node            ; zhao_video_slotmgr:u_slotmgr|generation[0][10] ;
; Launch Clock       ; gpu_clk                                        ;
; Latch Clock        ; gpu_clk                                        ;
; Data Arrival Time  ; 3.785                                          ;
; Data Required Time ; 3.492                                          ;
; Slack              ; 0.293                                          ;
+--------------------+------------------------------------------------+

+-----------------------------------------------------------------------------------+
; Statistics                                                                        ;
+------------------------+-------+-------+-------------+------------+-------+-------+
; Property               ; Value ; Count ; Total Delay ; % of Total ; Min   ; Max   ;
+------------------------+-------+-------+-------------+------------+-------+-------+
; Hold Relationship      ; 0.000 ;       ;             ;            ;       ;       ;
; Clock Skew             ; 0.109 ;       ;             ;            ;       ;       ;
; Data Delay             ; 0.402 ;       ;             ;            ;       ;       ;
; Number of Logic Levels ;       ; 1     ;             ;            ;       ;       ;
; Physical Delays        ;       ;       ;             ;            ;       ;       ;
;  Arrival Path          ;       ;       ;             ;            ;       ;       ;
;   Clock                ;       ;       ;             ;            ;       ;       ;
;    IC                  ;       ; 2     ; 2.617       ; 77         ; 0.734 ; 1.883 ;
;    Cell                ;       ; 2     ; 0.766       ; 23         ; 0.272 ; 0.494 ;
;   Data                 ;       ;       ;             ;            ;       ;       ;
;    IC                  ;       ; 2     ; 0.266       ; 66         ; 0.000 ; 0.266 ;
;    Cell                ;       ; 3     ; 0.136       ; 34         ; 0.000 ; 0.072 ;
;    uTco                ;       ; 1     ; 0.000       ; 0          ; 0.000 ; 0.000 ;
;  Required Path         ;       ;       ;             ;            ;       ;       ;
;   Clock                ;       ;       ;             ;            ;       ;       ;
;    IC                  ;       ; 2     ; 5.208       ; 86         ; 2.297 ; 2.911 ;
;    Cell                ;       ; 2     ; 0.872       ; 14         ; 0.298 ; 0.574 ;
+------------------------+-------+-------+-------------+------------+-------+-------+
Note: Negative delays are omitted from totals when calculating percentages

+----------------------------------------------------------------------------------------------------------------+
; Data Arrival Path                                                                                              ;
+---------+---------+----+------+--------+----------------------+------------------------------------------------+
; Total   ; Incr    ; RF ; Type ; Fanout ; Location             ; Element                                        ;
+---------+---------+----+------+--------+----------------------+------------------------------------------------+
; 0.000   ; 0.000   ;    ;      ;        ;                      ; launch edge time                               ;
; 3.383   ; 3.383   ;    ;      ;        ;                      ; clock path                                     ;
;   0.000 ;   0.000 ;    ;      ;        ;                      ; source latency                                 ;
;   0.000 ;   0.000 ;    ;      ; 1      ; LABCELL_X45_Y1_N3    ; gpu_clk                                        ;
;   0.734 ;   0.734 ; RR ; IC   ; 1      ; CLKCTRL_G5           ; gpu_clk~CLKENA0|inclk                          ;
;   1.006 ;   0.272 ; RR ; CELL ; 15028  ; CLKCTRL_G5           ; gpu_clk~CLKENA0|outclk                         ;
;   2.889 ;   1.883 ; RR ; IC   ; 1      ; FF_X59_Y18_N32       ; u_slotmgr|generation[0][10]|clk                ;
;   3.383 ;   0.494 ; RR ; CELL ; 1      ; FF_X59_Y18_N32       ; zhao_video_slotmgr:u_slotmgr|generation[0][10] ;
; 3.785   ; 0.402   ;    ;      ;        ;                      ; data path                                      ;
;   3.383 ;   0.000 ;    ; uTco ; 1      ; FF_X59_Y18_N32       ; zhao_video_slotmgr:u_slotmgr|generation[0][10] ;
;   3.383 ;   0.000 ; FF ; CELL ; 3      ; FF_X59_Y18_N32       ; u_slotmgr|generation[0][10]|q                  ;
;   3.649 ;   0.266 ; FF ; IC   ; 2      ; MLABCELL_X59_Y18_N30 ; u_slotmgr|Add1~25|dataf                        ;
;   3.721 ;   0.072 ; FF ; CELL ; 3      ; MLABCELL_X59_Y18_N30 ; u_slotmgr|Add1~25|sumout                       ;
;   3.721 ;   0.000 ; FF ; IC   ; 1      ; FF_X59_Y18_N32       ; u_slotmgr|generation[0][10]|d                  ;
;   3.785 ;   0.064 ; FF ; CELL ; 1      ; FF_X59_Y18_N32       ; zhao_video_slotmgr:u_slotmgr|generation[0][10] ;
+---------+---------+----+------+--------+----------------------+------------------------------------------------+

+--------------------------------------------------------------------------------------------------------------+
; Data Required Path                                                                                           ;
+---------+----------+----+------+--------+-------------------+------------------------------------------------+
; Total   ; Incr     ; RF ; Type ; Fanout ; Location          ; Element                                        ;
+---------+----------+----+------+--------+-------------------+------------------------------------------------+
; 0.000   ; 0.000    ;    ;      ;        ;                   ; latch edge time                                ;
; 3.492   ; 3.492    ;    ;      ;        ;                   ; clock path                                     ;
;   0.000 ;   0.000  ;    ;      ;        ;                   ; source latency                                 ;
;   0.000 ;   0.000  ;    ;      ; 1      ; LABCELL_X45_Y1_N3 ; gpu_clk                                        ;
;   2.911 ;   2.911  ; RR ; IC   ; 1      ; CLKCTRL_G5        ; gpu_clk~CLKENA0|inclk                          ;
;   3.209 ;   0.298  ; RR ; CELL ; 15028  ; CLKCTRL_G5        ; gpu_clk~CLKENA0|outclk                         ;
;   5.506 ;   2.297  ; RR ; IC   ; 1      ; FF_X59_Y18_N32    ; u_slotmgr|generation[0][10]|clk                ;
;   6.080 ;   0.574  ; RR ; CELL ; 1      ; FF_X59_Y18_N32    ; zhao_video_slotmgr:u_slotmgr|generation[0][10] ;
;   3.492 ;   -2.588 ;    ;      ;        ;                   ; clock pessimism removed                        ;
; 3.492   ; 0.000    ;    ;      ;        ;                   ; clock uncertainty                              ;
; 3.492   ; 0.000    ;    ; uTh  ; 1      ; FF_X59_Y18_N32    ; zhao_video_slotmgr:u_slotmgr|generation[0][10] ;
+---------+----------+----+------+--------+-------------------+------------------------------------------------+

----------------------------
; Extra Fitter Information ;
----------------------------
HTML report is unavailable in plain text report export.


Path #19: Hold slack is 0.298 
===============================================================================
+-----------------------------------------------------------------------------------------------------------------------------+
; Path Summary                                                                                                                ;
+--------------------+--------------------------------------------------------------------------------------------------------+
; Property           ; Value                                                                                                  ;
+--------------------+--------------------------------------------------------------------------------------------------------+
; From Node          ; zhao_geom_bin_pipe:u_render_bin|zhao_raster_tile_pipe:u_pipe|zhao_raster_edgewalk:u_edgewalk|ax_r[19]  ;
; To Node            ; zhao_geom_bin_pipe:u_render_bin|zhao_raster_tile_pipe:u_pipe|zhao_raster_edgewalk:u_edgewalk|o2p_r[19] ;
; Launch Clock       ; gpu_clk                                                                                                ;
; Latch Clock        ; gpu_clk                                                                                                ;
; Data Arrival Time  ; 4.192                                                                                                  ;
; Data Required Time ; 3.894                                                                                                  ;
; Slack              ; 0.298                                                                                                  ;
+--------------------+--------------------------------------------------------------------------------------------------------+

+-----------------------------------------------------------------------------------+
; Statistics                                                                        ;
+------------------------+-------+-------+-------------+------------+-------+-------+
; Property               ; Value ; Count ; Total Delay ; % of Total ; Min   ; Max   ;
+------------------------+-------+-------+-------------+------------+-------+-------+
; Hold Relationship      ; 0.000 ;       ;             ;            ;       ;       ;
; Clock Skew             ; 0.502 ;       ;             ;            ;       ;       ;
; Data Delay             ; 0.800 ;       ;             ;            ;       ;       ;
; Number of Logic Levels ;       ; 1     ;             ;            ;       ;       ;
; Physical Delays        ;       ;       ;             ;            ;       ;       ;
;  Arrival Path          ;       ;       ;             ;            ;       ;       ;
;   Clock                ;       ;       ;             ;            ;       ;       ;
;    IC                  ;       ; 2     ; 2.618       ; 77         ; 0.734 ; 1.884 ;
;    Cell                ;       ; 2     ; 0.774       ; 23         ; 0.272 ; 0.502 ;
;   Data                 ;       ;       ;             ;            ;       ;       ;
;    IC                  ;       ; 2     ; 0.666       ; 83         ; 0.000 ; 0.666 ;
;    Cell                ;       ; 3     ; 0.134       ; 17         ; 0.000 ; 0.067 ;
;    uTco                ;       ; 1     ; 0.000       ; 0          ; 0.000 ; 0.000 ;
;  Required Path         ;       ;       ;             ;            ;       ;       ;
;   Clock                ;       ;       ;             ;            ;       ;       ;
;    IC                  ;       ; 2     ; 5.230       ; 86         ; 2.319 ; 2.911 ;
;    Cell                ;       ; 2     ; 0.867       ; 14         ; 0.298 ; 0.569 ;
+------------------------+-------+-------+-------------+------------+-------+-------+
Note: Negative delays are omitted from totals when calculating percentages

+-----------------------------------------------------------------------------------------------------------------------------------------------------------------------+
; Data Arrival Path                                                                                                                                                     ;
+---------+---------+----+------+--------+---------------------+--------------------------------------------------------------------------------------------------------+
; Total   ; Incr    ; RF ; Type ; Fanout ; Location            ; Element                                                                                                ;
+---------+---------+----+------+--------+---------------------+--------------------------------------------------------------------------------------------------------+
; 0.000   ; 0.000   ;    ;      ;        ;                     ; launch edge time                                                                                       ;
; 3.392   ; 3.392   ;    ;      ;        ;                     ; clock path                                                                                             ;
;   0.000 ;   0.000 ;    ;      ;        ;                     ; source latency                                                                                         ;
;   0.000 ;   0.000 ;    ;      ; 1      ; LABCELL_X45_Y1_N3   ; gpu_clk                                                                                                ;
;   0.734 ;   0.734 ; RR ; IC   ; 1      ; CLKCTRL_G5          ; gpu_clk~CLKENA0|inclk                                                                                  ;
;   1.006 ;   0.272 ; RR ; CELL ; 15028  ; CLKCTRL_G5          ; gpu_clk~CLKENA0|outclk                                                                                 ;
;   2.890 ;   1.884 ; RR ; IC   ; 1      ; FF_X23_Y45_N29      ; u_render_bin|u_pipe|u_edgewalk|ax_r[19]|clk                                                            ;
;   3.392 ;   0.502 ; RR ; CELL ; 1      ; FF_X23_Y45_N29      ; zhao_geom_bin_pipe:u_render_bin|zhao_raster_tile_pipe:u_pipe|zhao_raster_edgewalk:u_edgewalk|ax_r[19]  ;
; 4.192   ; 0.800   ;    ;      ;        ;                     ; data path                                                                                              ;
;   3.392 ;   0.000 ;    ; uTco ; 1      ; FF_X23_Y45_N29      ; zhao_geom_bin_pipe:u_render_bin|zhao_raster_tile_pipe:u_pipe|zhao_raster_edgewalk:u_edgewalk|ax_r[19]  ;
;   3.392 ;   0.000 ; RR ; CELL ; 9      ; FF_X23_Y45_N29      ; u_render_bin|u_pipe|u_edgewalk|ax_r[19]|q                                                              ;
;   4.058 ;   0.666 ; RR ; IC   ; 2      ; LABCELL_X27_Y45_N24 ; u_render_bin|u_pipe|u_edgewalk|Add115~61|dataf                                                         ;
;   4.125 ;   0.067 ; RR ; CELL ; 1      ; LABCELL_X27_Y45_N24 ; u_render_bin|u_pipe|u_edgewalk|Add115~61|sumout                                                        ;
;   4.125 ;   0.000 ; RR ; IC   ; 1      ; FF_X27_Y45_N25      ; u_render_bin|u_pipe|u_edgewalk|o2p_r[19]|d                                                             ;
;   4.192 ;   0.067 ; RR ; CELL ; 1      ; FF_X27_Y45_N25      ; zhao_geom_bin_pipe:u_render_bin|zhao_raster_tile_pipe:u_pipe|zhao_raster_edgewalk:u_edgewalk|o2p_r[19] ;
+---------+---------+----+------+--------+---------------------+--------------------------------------------------------------------------------------------------------+

+----------------------------------------------------------------------------------------------------------------------------------------------------------------------+
; Data Required Path                                                                                                                                                   ;
+---------+----------+----+------+--------+-------------------+--------------------------------------------------------------------------------------------------------+
; Total   ; Incr     ; RF ; Type ; Fanout ; Location          ; Element                                                                                                ;
+---------+----------+----+------+--------+-------------------+--------------------------------------------------------------------------------------------------------+
; 0.000   ; 0.000    ;    ;      ;        ;                   ; latch edge time                                                                                        ;
; 3.894   ; 3.894    ;    ;      ;        ;                   ; clock path                                                                                             ;
;   0.000 ;   0.000  ;    ;      ;        ;                   ; source latency                                                                                         ;
;   0.000 ;   0.000  ;    ;      ; 1      ; LABCELL_X45_Y1_N3 ; gpu_clk                                                                                                ;
;   2.911 ;   2.911  ; RR ; IC   ; 1      ; CLKCTRL_G5        ; gpu_clk~CLKENA0|inclk                                                                                  ;
;   3.209 ;   0.298  ; RR ; CELL ; 15028  ; CLKCTRL_G5        ; gpu_clk~CLKENA0|outclk                                                                                 ;
;   5.528 ;   2.319  ; RR ; IC   ; 1      ; FF_X27_Y45_N25    ; u_render_bin|u_pipe|u_edgewalk|o2p_r[19]|clk                                                           ;
;   6.097 ;   0.569  ; RR ; CELL ; 1      ; FF_X27_Y45_N25    ; zhao_geom_bin_pipe:u_render_bin|zhao_raster_tile_pipe:u_pipe|zhao_raster_edgewalk:u_edgewalk|o2p_r[19] ;
;   3.894 ;   -2.203 ;    ;      ;        ;                   ; clock pessimism removed                                                                                ;
; 3.894   ; 0.000    ;    ;      ;        ;                   ; clock uncertainty                                                                                      ;
; 3.894   ; 0.000    ;    ; uTh  ; 1      ; FF_X27_Y45_N25    ; zhao_geom_bin_pipe:u_render_bin|zhao_raster_tile_pipe:u_pipe|zhao_raster_edgewalk:u_edgewalk|o2p_r[19] ;
+---------+----------+----+------+--------+-------------------+--------------------------------------------------------------------------------------------------------+

----------------------------
; Extra Fitter Information ;
----------------------------
HTML report is unavailable in plain text report export.


Path #20: Hold slack is 0.301 
===============================================================================
+-----------------------------------------------------------------------------------------------------------------------------+
; Path Summary                                                                                                                ;
+--------------------+--------------------------------------------------------------------------------------------------------+
; Property           ; Value                                                                                                  ;
+--------------------+--------------------------------------------------------------------------------------------------------+
; From Node          ; zhao_geom_bin_pipe:u_render_bin|zhao_raster_tile_pipe:u_pipe|zhao_raster_edgewalk:u_edgewalk|ax_r[13]  ;
; To Node            ; zhao_geom_bin_pipe:u_render_bin|zhao_raster_tile_pipe:u_pipe|zhao_raster_edgewalk:u_edgewalk|o2p_r[13] ;
; Launch Clock       ; gpu_clk                                                                                                ;
; Latch Clock        ; gpu_clk                                                                                                ;
; Data Arrival Time  ; 4.190                                                                                                  ;
; Data Required Time ; 3.889                                                                                                  ;
; Slack              ; 0.301                                                                                                  ;
+--------------------+--------------------------------------------------------------------------------------------------------+

+-----------------------------------------------------------------------------------+
; Statistics                                                                        ;
+------------------------+-------+-------+-------------+------------+-------+-------+
; Property               ; Value ; Count ; Total Delay ; % of Total ; Min   ; Max   ;
+------------------------+-------+-------+-------------+------------+-------+-------+
; Hold Relationship      ; 0.000 ;       ;             ;            ;       ;       ;
; Clock Skew             ; 0.497 ;       ;             ;            ;       ;       ;
; Data Delay             ; 0.798 ;       ;             ;            ;       ;       ;
; Number of Logic Levels ;       ; 1     ;             ;            ;       ;       ;
; Physical Delays        ;       ;       ;             ;            ;       ;       ;
;  Arrival Path          ;       ;       ;             ;            ;       ;       ;
;   Clock                ;       ;       ;             ;            ;       ;       ;
;    IC                  ;       ; 2     ; 2.618       ; 77         ; 0.734 ; 1.884 ;
;    Cell                ;       ; 2     ; 0.774       ; 23         ; 0.272 ; 0.502 ;
;   Data                 ;       ;       ;             ;            ;       ;       ;
;    IC                  ;       ; 2     ; 0.662       ; 83         ; 0.000 ; 0.662 ;
;    Cell                ;       ; 3     ; 0.136       ; 17         ; 0.000 ; 0.069 ;
;    uTco                ;       ; 1     ; 0.000       ; 0          ; 0.000 ; 0.000 ;
;  Required Path         ;       ;       ;             ;            ;       ;       ;
;   Clock                ;       ;       ;             ;            ;       ;       ;
;    IC                  ;       ; 2     ; 5.230       ; 86         ; 2.319 ; 2.911 ;
;    Cell                ;       ; 2     ; 0.862       ; 14         ; 0.298 ; 0.564 ;
+------------------------+-------+-------+-------------+------------+-------+-------+
Note: Negative delays are omitted from totals when calculating percentages

+----------------------------------------------------------------------------------------------------------------------------------------------------------------------+
; Data Arrival Path                                                                                                                                                    ;
+---------+---------+----+------+--------+--------------------+--------------------------------------------------------------------------------------------------------+
; Total   ; Incr    ; RF ; Type ; Fanout ; Location           ; Element                                                                                                ;
+---------+---------+----+------+--------+--------------------+--------------------------------------------------------------------------------------------------------+
; 0.000   ; 0.000   ;    ;      ;        ;                    ; launch edge time                                                                                       ;
; 3.392   ; 3.392   ;    ;      ;        ;                    ; clock path                                                                                             ;
;   0.000 ;   0.000 ;    ;      ;        ;                    ; source latency                                                                                         ;
;   0.000 ;   0.000 ;    ;      ; 1      ; LABCELL_X45_Y1_N3  ; gpu_clk                                                                                                ;
;   0.734 ;   0.734 ; RR ; IC   ; 1      ; CLKCTRL_G5         ; gpu_clk~CLKENA0|inclk                                                                                  ;
;   1.006 ;   0.272 ; RR ; CELL ; 15028  ; CLKCTRL_G5         ; gpu_clk~CLKENA0|outclk                                                                                 ;
;   2.890 ;   1.884 ; RR ; IC   ; 1      ; FF_X23_Y45_N11     ; u_render_bin|u_pipe|u_edgewalk|ax_r[13]|clk                                                            ;
;   3.392 ;   0.502 ; RR ; CELL ; 1      ; FF_X23_Y45_N11     ; zhao_geom_bin_pipe:u_render_bin|zhao_raster_tile_pipe:u_pipe|zhao_raster_edgewalk:u_edgewalk|ax_r[13]  ;
; 4.190   ; 0.798   ;    ;      ;        ;                    ; data path                                                                                              ;
;   3.392 ;   0.000 ;    ; uTco ; 1      ; FF_X23_Y45_N11     ; zhao_geom_bin_pipe:u_render_bin|zhao_raster_tile_pipe:u_pipe|zhao_raster_edgewalk:u_edgewalk|ax_r[13]  ;
;   3.392 ;   0.000 ; RR ; CELL ; 9      ; FF_X23_Y45_N11     ; u_render_bin|u_pipe|u_edgewalk|ax_r[13]|q                                                              ;
;   4.054 ;   0.662 ; RR ; IC   ; 2      ; LABCELL_X27_Y45_N6 ; u_render_bin|u_pipe|u_edgewalk|Add115~57|dataf                                                         ;
;   4.121 ;   0.067 ; RR ; CELL ; 1      ; LABCELL_X27_Y45_N6 ; u_render_bin|u_pipe|u_edgewalk|Add115~57|sumout                                                        ;
;   4.121 ;   0.000 ; RR ; IC   ; 1      ; FF_X27_Y45_N8      ; u_render_bin|u_pipe|u_edgewalk|o2p_r[13]|d                                                             ;
;   4.190 ;   0.069 ; RR ; CELL ; 1      ; FF_X27_Y45_N8      ; zhao_geom_bin_pipe:u_render_bin|zhao_raster_tile_pipe:u_pipe|zhao_raster_edgewalk:u_edgewalk|o2p_r[13] ;
+---------+---------+----+------+--------+--------------------+--------------------------------------------------------------------------------------------------------+

+----------------------------------------------------------------------------------------------------------------------------------------------------------------------+
; Data Required Path                                                                                                                                                   ;
+---------+----------+----+------+--------+-------------------+--------------------------------------------------------------------------------------------------------+
; Total   ; Incr     ; RF ; Type ; Fanout ; Location          ; Element                                                                                                ;
+---------+----------+----+------+--------+-------------------+--------------------------------------------------------------------------------------------------------+
; 0.000   ; 0.000    ;    ;      ;        ;                   ; latch edge time                                                                                        ;
; 3.889   ; 3.889    ;    ;      ;        ;                   ; clock path                                                                                             ;
;   0.000 ;   0.000  ;    ;      ;        ;                   ; source latency                                                                                         ;
;   0.000 ;   0.000  ;    ;      ; 1      ; LABCELL_X45_Y1_N3 ; gpu_clk                                                                                                ;
;   2.911 ;   2.911  ; RR ; IC   ; 1      ; CLKCTRL_G5        ; gpu_clk~CLKENA0|inclk                                                                                  ;
;   3.209 ;   0.298  ; RR ; CELL ; 15028  ; CLKCTRL_G5        ; gpu_clk~CLKENA0|outclk                                                                                 ;
;   5.528 ;   2.319  ; RR ; IC   ; 1      ; FF_X27_Y45_N8     ; u_render_bin|u_pipe|u_edgewalk|o2p_r[13]|clk                                                           ;
;   6.092 ;   0.564  ; RR ; CELL ; 1      ; FF_X27_Y45_N8     ; zhao_geom_bin_pipe:u_render_bin|zhao_raster_tile_pipe:u_pipe|zhao_raster_edgewalk:u_edgewalk|o2p_r[13] ;
;   3.889 ;   -2.203 ;    ;      ;        ;                   ; clock pessimism removed                                                                                ;
; 3.889   ; 0.000    ;    ;      ;        ;                   ; clock uncertainty                                                                                      ;
; 3.889   ; 0.000    ;    ; uTh  ; 1      ; FF_X27_Y45_N8     ; zhao_geom_bin_pipe:u_render_bin|zhao_raster_tile_pipe:u_pipe|zhao_raster_edgewalk:u_edgewalk|o2p_r[13] ;
+---------+----------+----+------+--------+-------------------+--------------------------------------------------------------------------------------------------------+

----------------------------
; Extra Fitter Information ;
----------------------------
HTML report is unavailable in plain text report export.


Path #21: Hold slack is 0.312 
===============================================================================
+----------------------------------------------------------------------------------------------------------------------------------+
; Path Summary                                                                                                                     ;
+--------------------+-------------------------------------------------------------------------------------------------------------+
; Property           ; Value                                                                                                       ;
+--------------------+-------------------------------------------------------------------------------------------------------------+
; From Node          ; zhao_geom_bin_pipe:u_render_bin|zhao_raster_tile_pipe:u_pipe|zhao_raster_fragment:u_fragment|s1_depth_r[16] ;
; To Node            ; zhao_geom_bin_pipe:u_render_bin|zhao_raster_tile_pipe:u_pipe|zhao_raster_fragment:u_fragment|s2_depth_r[16] ;
; Launch Clock       ; gpu_clk                                                                                                     ;
; Latch Clock        ; gpu_clk                                                                                                     ;
; Data Arrival Time  ; 4.170                                                                                                       ;
; Data Required Time ; 3.858                                                                                                       ;
; Slack              ; 0.312                                                                                                       ;
+--------------------+-------------------------------------------------------------------------------------------------------------+

+-----------------------------------------------------------------------------------+
; Statistics                                                                        ;
+------------------------+-------+-------+-------------+------------+-------+-------+
; Property               ; Value ; Count ; Total Delay ; % of Total ; Min   ; Max   ;
+------------------------+-------+-------+-------------+------------+-------+-------+
; Hold Relationship      ; 0.000 ;       ;             ;            ;       ;       ;
; Clock Skew             ; 0.515 ;       ;             ;            ;       ;       ;
; Data Delay             ; 0.827 ;       ;             ;            ;       ;       ;
; Number of Logic Levels ;       ; 0     ;             ;            ;       ;       ;
; Physical Delays        ;       ;       ;             ;            ;       ;       ;
;  Arrival Path          ;       ;       ;             ;            ;       ;       ;
;   Clock                ;       ;       ;             ;            ;       ;       ;
;    IC                  ;       ; 2     ; 2.582       ; 77         ; 0.734 ; 1.848 ;
;    Cell                ;       ; 2     ; 0.761       ; 23         ; 0.272 ; 0.489 ;
;   Data                 ;       ;       ;             ;            ;       ;       ;
;    IC                  ;       ; 1     ; 0.555       ; 67         ; 0.555 ; 0.555 ;
;    Cell                ;       ; 2     ; 0.272       ; 33         ; 0.000 ; 0.272 ;
;    uTco                ;       ; 1     ; 0.000       ; 0          ; 0.000 ; 0.000 ;
;  Required Path         ;       ;       ;             ;            ;       ;       ;
;   Clock                ;       ;       ;             ;            ;       ;       ;
;    IC                  ;       ; 2     ; 5.186       ; 86         ; 2.275 ; 2.911 ;
;    Cell                ;       ; 2     ; 0.875       ; 14         ; 0.298 ; 0.577 ;
+------------------------+-------+-------+-------------+------------+-------+-------+
Note: Negative delays are omitted from totals when calculating percentages

+--------------------------------------------------------------------------------------------------------------------------------------------------------------------------+
; Data Arrival Path                                                                                                                                                        ;
+---------+---------+----+------+--------+-------------------+-------------------------------------------------------------------------------------------------------------+
; Total   ; Incr    ; RF ; Type ; Fanout ; Location          ; Element                                                                                                     ;
+---------+---------+----+------+--------+-------------------+-------------------------------------------------------------------------------------------------------------+
; 0.000   ; 0.000   ;    ;      ;        ;                   ; launch edge time                                                                                            ;
; 3.343   ; 3.343   ;    ;      ;        ;                   ; clock path                                                                                                  ;
;   0.000 ;   0.000 ;    ;      ;        ;                   ; source latency                                                                                              ;
;   0.000 ;   0.000 ;    ;      ; 1      ; LABCELL_X45_Y1_N3 ; gpu_clk                                                                                                     ;
;   0.734 ;   0.734 ; RR ; IC   ; 1      ; CLKCTRL_G5        ; gpu_clk~CLKENA0|inclk                                                                                       ;
;   1.006 ;   0.272 ; RR ; CELL ; 15028  ; CLKCTRL_G5        ; gpu_clk~CLKENA0|outclk                                                                                      ;
;   2.854 ;   1.848 ; RR ; IC   ; 1      ; FF_X24_Y32_N14    ; u_render_bin|u_pipe|u_fragment|s1_depth_r[16]|clk                                                           ;
;   3.343 ;   0.489 ; RR ; CELL ; 1      ; FF_X24_Y32_N14    ; zhao_geom_bin_pipe:u_render_bin|zhao_raster_tile_pipe:u_pipe|zhao_raster_fragment:u_fragment|s1_depth_r[16] ;
; 4.170   ; 0.827   ;    ;      ;        ;                   ; data path                                                                                                   ;
;   3.343 ;   0.000 ;    ; uTco ; 1      ; FF_X24_Y32_N14    ; zhao_geom_bin_pipe:u_render_bin|zhao_raster_tile_pipe:u_pipe|zhao_raster_fragment:u_fragment|s1_depth_r[16] ;
;   3.343 ;   0.000 ; RR ; CELL ; 3      ; FF_X24_Y32_N14    ; u_render_bin|u_pipe|u_fragment|s1_depth_r[16]|q                                                             ;
;   3.898 ;   0.555 ; RR ; IC   ; 1      ; FF_X25_Y32_N49    ; u_render_bin|u_pipe|u_fragment|s2_depth_r[16]|asdata                                                        ;
;   4.170 ;   0.272 ; RR ; CELL ; 1      ; FF_X25_Y32_N49    ; zhao_geom_bin_pipe:u_render_bin|zhao_raster_tile_pipe:u_pipe|zhao_raster_fragment:u_fragment|s2_depth_r[16] ;
+---------+---------+----+------+--------+-------------------+-------------------------------------------------------------------------------------------------------------+

+---------------------------------------------------------------------------------------------------------------------------------------------------------------------------+
; Data Required Path                                                                                                                                                        ;
+---------+----------+----+------+--------+-------------------+-------------------------------------------------------------------------------------------------------------+
; Total   ; Incr     ; RF ; Type ; Fanout ; Location          ; Element                                                                                                     ;
+---------+----------+----+------+--------+-------------------+-------------------------------------------------------------------------------------------------------------+
; 0.000   ; 0.000    ;    ;      ;        ;                   ; latch edge time                                                                                             ;
; 3.858   ; 3.858    ;    ;      ;        ;                   ; clock path                                                                                                  ;
;   0.000 ;   0.000  ;    ;      ;        ;                   ; source latency                                                                                              ;
;   0.000 ;   0.000  ;    ;      ; 1      ; LABCELL_X45_Y1_N3 ; gpu_clk                                                                                                     ;
;   2.911 ;   2.911  ; RR ; IC   ; 1      ; CLKCTRL_G5        ; gpu_clk~CLKENA0|inclk                                                                                       ;
;   3.209 ;   0.298  ; RR ; CELL ; 15028  ; CLKCTRL_G5        ; gpu_clk~CLKENA0|outclk                                                                                      ;
;   5.484 ;   2.275  ; RR ; IC   ; 1      ; FF_X25_Y32_N49    ; u_render_bin|u_pipe|u_fragment|s2_depth_r[16]|clk                                                           ;
;   6.061 ;   0.577  ; RR ; CELL ; 1      ; FF_X25_Y32_N49    ; zhao_geom_bin_pipe:u_render_bin|zhao_raster_tile_pipe:u_pipe|zhao_raster_fragment:u_fragment|s2_depth_r[16] ;
;   3.858 ;   -2.203 ;    ;      ;        ;                   ; clock pessimism removed                                                                                     ;
; 3.858   ; 0.000    ;    ;      ;        ;                   ; clock uncertainty                                                                                           ;
; 3.858   ; 0.000    ;    ; uTh  ; 1      ; FF_X25_Y32_N49    ; zhao_geom_bin_pipe:u_render_bin|zhao_raster_tile_pipe:u_pipe|zhao_raster_fragment:u_fragment|s2_depth_r[16] ;
+---------+----------+----+------+--------+-------------------+-------------------------------------------------------------------------------------------------------------+

----------------------------
; Extra Fitter Information ;
----------------------------
HTML report is unavailable in plain text report export.


Path #22: Hold slack is 0.313 
===============================================================================
+---------------------------------------------------------------------------------------------------------------------------------+
; Path Summary                                                                                                                    ;
+--------------------+------------------------------------------------------------------------------------------------------------+
; Property           ; Value                                                                                                      ;
+--------------------+------------------------------------------------------------------------------------------------------------+
; From Node          ; zhao_geom_bin_pipe:u_render_bin|zhao_raster_tile_pipe:u_pipe|zhao_raster_fragment:u_fragment|s1_depth_r[5] ;
; To Node            ; zhao_geom_bin_pipe:u_render_bin|zhao_raster_tile_pipe:u_pipe|zhao_raster_fragment:u_fragment|s2_depth_r[5] ;
; Launch Clock       ; gpu_clk                                                                                                    ;
; Latch Clock        ; gpu_clk                                                                                                    ;
; Data Arrival Time  ; 4.146                                                                                                      ;
; Data Required Time ; 3.833                                                                                                      ;
; Slack              ; 0.313                                                                                                      ;
+--------------------+------------------------------------------------------------------------------------------------------------+

+-----------------------------------------------------------------------------------+
; Statistics                                                                        ;
+------------------------+-------+-------+-------------+------------+-------+-------+
; Property               ; Value ; Count ; Total Delay ; % of Total ; Min   ; Max   ;
+------------------------+-------+-------+-------------+------------+-------+-------+
; Hold Relationship      ; 0.000 ;       ;             ;            ;       ;       ;
; Clock Skew             ; 0.475 ;       ;             ;            ;       ;       ;
; Data Delay             ; 0.788 ;       ;             ;            ;       ;       ;
; Number of Logic Levels ;       ; 0     ;             ;            ;       ;       ;
; Physical Delays        ;       ;       ;             ;            ;       ;       ;
;  Arrival Path          ;       ;       ;             ;            ;       ;       ;
;   Clock                ;       ;       ;             ;            ;       ;       ;
;    IC                  ;       ; 2     ; 2.599       ; 77         ; 0.734 ; 1.865 ;
;    Cell                ;       ; 2     ; 0.759       ; 23         ; 0.272 ; 0.487 ;
;   Data                 ;       ;       ;             ;            ;       ;       ;
;    IC                  ;       ; 1     ; 0.486       ; 62         ; 0.486 ; 0.486 ;
;    Cell                ;       ; 2     ; 0.302       ; 38         ; 0.000 ; 0.302 ;
;    uTco                ;       ; 1     ; 0.000       ; 0          ; 0.000 ; 0.000 ;
;  Required Path         ;       ;       ;             ;            ;       ;       ;
;   Clock                ;       ;       ;             ;            ;       ;       ;
;    IC                  ;       ; 2     ; 5.156       ; 85         ; 2.245 ; 2.911 ;
;    Cell                ;       ; 2     ; 0.880       ; 15         ; 0.298 ; 0.582 ;
+------------------------+-------+-------+-------------+------------+-------+-------+
Note: Negative delays are omitted from totals when calculating percentages

+-------------------------------------------------------------------------------------------------------------------------------------------------------------------------+
; Data Arrival Path                                                                                                                                                       ;
+---------+---------+----+------+--------+-------------------+------------------------------------------------------------------------------------------------------------+
; Total   ; Incr    ; RF ; Type ; Fanout ; Location          ; Element                                                                                                    ;
+---------+---------+----+------+--------+-------------------+------------------------------------------------------------------------------------------------------------+
; 0.000   ; 0.000   ;    ;      ;        ;                   ; launch edge time                                                                                           ;
; 3.358   ; 3.358   ;    ;      ;        ;                   ; clock path                                                                                                 ;
;   0.000 ;   0.000 ;    ;      ;        ;                   ; source latency                                                                                             ;
;   0.000 ;   0.000 ;    ;      ; 1      ; LABCELL_X45_Y1_N3 ; gpu_clk                                                                                                    ;
;   0.734 ;   0.734 ; RR ; IC   ; 1      ; CLKCTRL_G5        ; gpu_clk~CLKENA0|inclk                                                                                      ;
;   1.006 ;   0.272 ; RR ; CELL ; 15028  ; CLKCTRL_G5        ; gpu_clk~CLKENA0|outclk                                                                                     ;
;   2.871 ;   1.865 ; RR ; IC   ; 1      ; FF_X25_Y33_N49    ; u_render_bin|u_pipe|u_fragment|s1_depth_r[5]|clk                                                           ;
;   3.358 ;   0.487 ; RR ; CELL ; 1      ; FF_X25_Y33_N49    ; zhao_geom_bin_pipe:u_render_bin|zhao_raster_tile_pipe:u_pipe|zhao_raster_fragment:u_fragment|s1_depth_r[5] ;
; 4.146   ; 0.788   ;    ;      ;        ;                   ; data path                                                                                                  ;
;   3.358 ;   0.000 ;    ; uTco ; 1      ; FF_X25_Y33_N49    ; zhao_geom_bin_pipe:u_render_bin|zhao_raster_tile_pipe:u_pipe|zhao_raster_fragment:u_fragment|s1_depth_r[5] ;
;   3.358 ;   0.000 ; FF ; CELL ; 3      ; FF_X25_Y33_N49    ; u_render_bin|u_pipe|u_fragment|s1_depth_r[5]|q                                                             ;
;   3.844 ;   0.486 ; FF ; IC   ; 1      ; FF_X24_Y33_N43    ; u_render_bin|u_pipe|u_fragment|s2_depth_r[5]|asdata                                                        ;
;   4.146 ;   0.302 ; FF ; CELL ; 1      ; FF_X24_Y33_N43    ; zhao_geom_bin_pipe:u_render_bin|zhao_raster_tile_pipe:u_pipe|zhao_raster_fragment:u_fragment|s2_depth_r[5] ;
+---------+---------+----+------+--------+-------------------+------------------------------------------------------------------------------------------------------------+

+--------------------------------------------------------------------------------------------------------------------------------------------------------------------------+
; Data Required Path                                                                                                                                                       ;
+---------+----------+----+------+--------+-------------------+------------------------------------------------------------------------------------------------------------+
; Total   ; Incr     ; RF ; Type ; Fanout ; Location          ; Element                                                                                                    ;
+---------+----------+----+------+--------+-------------------+------------------------------------------------------------------------------------------------------------+
; 0.000   ; 0.000    ;    ;      ;        ;                   ; latch edge time                                                                                            ;
; 3.833   ; 3.833    ;    ;      ;        ;                   ; clock path                                                                                                 ;
;   0.000 ;   0.000  ;    ;      ;        ;                   ; source latency                                                                                             ;
;   0.000 ;   0.000  ;    ;      ; 1      ; LABCELL_X45_Y1_N3 ; gpu_clk                                                                                                    ;
;   2.911 ;   2.911  ; RR ; IC   ; 1      ; CLKCTRL_G5        ; gpu_clk~CLKENA0|inclk                                                                                      ;
;   3.209 ;   0.298  ; RR ; CELL ; 15028  ; CLKCTRL_G5        ; gpu_clk~CLKENA0|outclk                                                                                     ;
;   5.454 ;   2.245  ; RR ; IC   ; 1      ; FF_X24_Y33_N43    ; u_render_bin|u_pipe|u_fragment|s2_depth_r[5]|clk                                                           ;
;   6.036 ;   0.582  ; RR ; CELL ; 1      ; FF_X24_Y33_N43    ; zhao_geom_bin_pipe:u_render_bin|zhao_raster_tile_pipe:u_pipe|zhao_raster_fragment:u_fragment|s2_depth_r[5] ;
;   3.833 ;   -2.203 ;    ;      ;        ;                   ; clock pessimism removed                                                                                    ;
; 3.833   ; 0.000    ;    ;      ;        ;                   ; clock uncertainty                                                                                          ;
; 3.833   ; 0.000    ;    ; uTh  ; 1      ; FF_X24_Y33_N43    ; zhao_geom_bin_pipe:u_render_bin|zhao_raster_tile_pipe:u_pipe|zhao_raster_fragment:u_fragment|s2_depth_r[5] ;
+---------+----------+----+------+--------+-------------------+------------------------------------------------------------------------------------------------------------+

----------------------------
; Extra Fitter Information ;
----------------------------
HTML report is unavailable in plain text report export.


Path #23: Hold slack is 0.320 
===============================================================================
+-----------------------------------------------------------------------------------------------------------------------------+
; Path Summary                                                                                                                ;
+--------------------+--------------------------------------------------------------------------------------------------------+
; Property           ; Value                                                                                                  ;
+--------------------+--------------------------------------------------------------------------------------------------------+
; From Node          ; zhao_geom_bin_pipe:u_render_bin|zhao_raster_tile_pipe:u_pipe|zhao_raster_edgewalk:u_edgewalk|ax_r[18]  ;
; To Node            ; zhao_geom_bin_pipe:u_render_bin|zhao_raster_tile_pipe:u_pipe|zhao_raster_edgewalk:u_edgewalk|o1p_r[18] ;
; Launch Clock       ; gpu_clk                                                                                                ;
; Latch Clock        ; gpu_clk                                                                                                ;
; Data Arrival Time  ; 4.203                                                                                                  ;
; Data Required Time ; 3.883                                                                                                  ;
; Slack              ; 0.320                                                                                                  ;
+--------------------+--------------------------------------------------------------------------------------------------------+

+-----------------------------------------------------------------------------------+
; Statistics                                                                        ;
+------------------------+-------+-------+-------------+------------+-------+-------+
; Property               ; Value ; Count ; Total Delay ; % of Total ; Min   ; Max   ;
+------------------------+-------+-------+-------------+------------+-------+-------+
; Hold Relationship      ; 0.000 ;       ;             ;            ;       ;       ;
; Clock Skew             ; 0.491 ;       ;             ;            ;       ;       ;
; Data Delay             ; 0.811 ;       ;             ;            ;       ;       ;
; Number of Logic Levels ;       ; 1     ;             ;            ;       ;       ;
; Physical Delays        ;       ;       ;             ;            ;       ;       ;
;  Arrival Path          ;       ;       ;             ;            ;       ;       ;
;   Clock                ;       ;       ;             ;            ;       ;       ;
;    IC                  ;       ; 2     ; 2.618       ; 77         ; 0.734 ; 1.884 ;
;    Cell                ;       ; 2     ; 0.774       ; 23         ; 0.272 ; 0.502 ;
;   Data                 ;       ;       ;             ;            ;       ;       ;
;    IC                  ;       ; 2     ; 0.683       ; 84         ; 0.000 ; 0.683 ;
;    Cell                ;       ; 3     ; 0.128       ; 16         ; 0.000 ; 0.067 ;
;    uTco                ;       ; 1     ; 0.000       ; 0          ; 0.000 ; 0.000 ;
;  Required Path         ;       ;       ;             ;            ;       ;       ;
;   Clock                ;       ;       ;             ;            ;       ;       ;
;    IC                  ;       ; 2     ; 5.229       ; 86         ; 2.318 ; 2.911 ;
;    Cell                ;       ; 2     ; 0.857       ; 14         ; 0.298 ; 0.559 ;
+------------------------+-------+-------+-------------+------------+-------+-------+
Note: Negative delays are omitted from totals when calculating percentages

+------------------------------------------------------------------------------------------------------------------------------------------------------------------------+
; Data Arrival Path                                                                                                                                                      ;
+---------+---------+----+------+--------+----------------------+--------------------------------------------------------------------------------------------------------+
; Total   ; Incr    ; RF ; Type ; Fanout ; Location             ; Element                                                                                                ;
+---------+---------+----+------+--------+----------------------+--------------------------------------------------------------------------------------------------------+
; 0.000   ; 0.000   ;    ;      ;        ;                      ; launch edge time                                                                                       ;
; 3.392   ; 3.392   ;    ;      ;        ;                      ; clock path                                                                                             ;
;   0.000 ;   0.000 ;    ;      ;        ;                      ; source latency                                                                                         ;
;   0.000 ;   0.000 ;    ;      ; 1      ; LABCELL_X45_Y1_N3    ; gpu_clk                                                                                                ;
;   0.734 ;   0.734 ; RR ; IC   ; 1      ; CLKCTRL_G5           ; gpu_clk~CLKENA0|inclk                                                                                  ;
;   1.006 ;   0.272 ; RR ; CELL ; 15028  ; CLKCTRL_G5           ; gpu_clk~CLKENA0|outclk                                                                                 ;
;   2.890 ;   1.884 ; RR ; IC   ; 1      ; FF_X23_Y45_N17       ; u_render_bin|u_pipe|u_edgewalk|ax_r[18]|clk                                                            ;
;   3.392 ;   0.502 ; RR ; CELL ; 1      ; FF_X23_Y45_N17       ; zhao_geom_bin_pipe:u_render_bin|zhao_raster_tile_pipe:u_pipe|zhao_raster_edgewalk:u_edgewalk|ax_r[18]  ;
; 4.203   ; 0.811   ;    ;      ;        ;                      ; data path                                                                                              ;
;   3.392 ;   0.000 ;    ; uTco ; 1      ; FF_X23_Y45_N17       ; zhao_geom_bin_pipe:u_render_bin|zhao_raster_tile_pipe:u_pipe|zhao_raster_edgewalk:u_edgewalk|ax_r[18]  ;
;   3.392 ;   0.000 ; RR ; CELL ; 11     ; FF_X23_Y45_N17       ; u_render_bin|u_pipe|u_edgewalk|ax_r[18]|q                                                              ;
;   4.075 ;   0.683 ; RR ; IC   ; 2      ; MLABCELL_X28_Y45_N21 ; u_render_bin|u_pipe|u_edgewalk|Add112~29|dataf                                                         ;
;   4.142 ;   0.067 ; RR ; CELL ; 1      ; MLABCELL_X28_Y45_N21 ; u_render_bin|u_pipe|u_edgewalk|Add112~29|sumout                                                        ;
;   4.142 ;   0.000 ; RR ; IC   ; 1      ; FF_X28_Y45_N22       ; u_render_bin|u_pipe|u_edgewalk|o1p_r[18]|d                                                             ;
;   4.203 ;   0.061 ; RR ; CELL ; 1      ; FF_X28_Y45_N22       ; zhao_geom_bin_pipe:u_render_bin|zhao_raster_tile_pipe:u_pipe|zhao_raster_edgewalk:u_edgewalk|o1p_r[18] ;
+---------+---------+----+------+--------+----------------------+--------------------------------------------------------------------------------------------------------+

+----------------------------------------------------------------------------------------------------------------------------------------------------------------------+
; Data Required Path                                                                                                                                                   ;
+---------+----------+----+------+--------+-------------------+--------------------------------------------------------------------------------------------------------+
; Total   ; Incr     ; RF ; Type ; Fanout ; Location          ; Element                                                                                                ;
+---------+----------+----+------+--------+-------------------+--------------------------------------------------------------------------------------------------------+
; 0.000   ; 0.000    ;    ;      ;        ;                   ; latch edge time                                                                                        ;
; 3.883   ; 3.883    ;    ;      ;        ;                   ; clock path                                                                                             ;
;   0.000 ;   0.000  ;    ;      ;        ;                   ; source latency                                                                                         ;
;   0.000 ;   0.000  ;    ;      ; 1      ; LABCELL_X45_Y1_N3 ; gpu_clk                                                                                                ;
;   2.911 ;   2.911  ; RR ; IC   ; 1      ; CLKCTRL_G5        ; gpu_clk~CLKENA0|inclk                                                                                  ;
;   3.209 ;   0.298  ; RR ; CELL ; 15028  ; CLKCTRL_G5        ; gpu_clk~CLKENA0|outclk                                                                                 ;
;   5.527 ;   2.318  ; RR ; IC   ; 1      ; FF_X28_Y45_N22    ; u_render_bin|u_pipe|u_edgewalk|o1p_r[18]|clk                                                           ;
;   6.086 ;   0.559  ; RR ; CELL ; 1      ; FF_X28_Y45_N22    ; zhao_geom_bin_pipe:u_render_bin|zhao_raster_tile_pipe:u_pipe|zhao_raster_edgewalk:u_edgewalk|o1p_r[18] ;
;   3.883 ;   -2.203 ;    ;      ;        ;                   ; clock pessimism removed                                                                                ;
; 3.883   ; 0.000    ;    ;      ;        ;                   ; clock uncertainty                                                                                      ;
; 3.883   ; 0.000    ;    ; uTh  ; 1      ; FF_X28_Y45_N22    ; zhao_geom_bin_pipe:u_render_bin|zhao_raster_tile_pipe:u_pipe|zhao_raster_edgewalk:u_edgewalk|o1p_r[18] ;
+---------+----------+----+------+--------+-------------------+--------------------------------------------------------------------------------------------------------+

----------------------------
; Extra Fitter Information ;
----------------------------
HTML report is unavailable in plain text report export.


Path #24: Hold slack is 0.322 
===============================================================================
+--------------------------------------------------------------------------------------------------------------------------------------+
; Path Summary                                                                                                                         ;
+--------------------+-----------------------------------------------------------------------------------------------------------------+
; Property           ; Value                                                                                                           ;
+--------------------+-----------------------------------------------------------------------------------------------------------------+
; From Node          ; zhao_geom_bin_pipe:u_render_bin|zhao_raster_tile_pipe:u_pipe|zhao_raster_edgewalk:u_edgewalk|bx_r[8]            ;
; To Node            ; zhao_geom_bin_pipe:u_render_bin|zhao_raster_tile_pipe:u_pipe|zhao_raster_edgewalk:u_edgewalk|o2p_r[8]~DUPLICATE ;
; Launch Clock       ; gpu_clk                                                                                                         ;
; Latch Clock        ; gpu_clk                                                                                                         ;
; Data Arrival Time  ; 4.206                                                                                                           ;
; Data Required Time ; 3.884                                                                                                           ;
; Slack              ; 0.322                                                                                                           ;
+--------------------+-----------------------------------------------------------------------------------------------------------------+

+-----------------------------------------------------------------------------------+
; Statistics                                                                        ;
+------------------------+-------+-------+-------------+------------+-------+-------+
; Property               ; Value ; Count ; Total Delay ; % of Total ; Min   ; Max   ;
+------------------------+-------+-------+-------------+------------+-------+-------+
; Hold Relationship      ; 0.000 ;       ;             ;            ;       ;       ;
; Clock Skew             ; 0.509 ;       ;             ;            ;       ;       ;
; Data Delay             ; 0.831 ;       ;             ;            ;       ;       ;
; Number of Logic Levels ;       ; 1     ;             ;            ;       ;       ;
; Physical Delays        ;       ;       ;             ;            ;       ;       ;
;  Arrival Path          ;       ;       ;             ;            ;       ;       ;
;   Clock                ;       ;       ;             ;            ;       ;       ;
;    IC                  ;       ; 2     ; 2.616       ; 78         ; 0.734 ; 1.882 ;
;    Cell                ;       ; 2     ; 0.759       ; 22         ; 0.272 ; 0.487 ;
;   Data                 ;       ;       ;             ;            ;       ;       ;
;    IC                  ;       ; 2     ; 0.686       ; 83         ; 0.000 ; 0.686 ;
;    Cell                ;       ; 3     ; 0.145       ; 17         ; 0.000 ; 0.078 ;
;    uTco                ;       ; 1     ; 0.000       ; 0          ; 0.000 ; 0.000 ;
;  Required Path         ;       ;       ;             ;            ;       ;       ;
;   Clock                ;       ;       ;             ;            ;       ;       ;
;    IC                  ;       ; 2     ; 5.211       ; 86         ; 2.300 ; 2.911 ;
;    Cell                ;       ; 2     ; 0.876       ; 14         ; 0.298 ; 0.578 ;
+------------------------+-------+-------+-------------+------------+-------+-------+
Note: Negative delays are omitted from totals when calculating percentages

+--------------------------------------------------------------------------------------------------------------------------------------------------------------------------------+
; Data Arrival Path                                                                                                                                                              ;
+---------+---------+----+------+--------+---------------------+-----------------------------------------------------------------------------------------------------------------+
; Total   ; Incr    ; RF ; Type ; Fanout ; Location            ; Element                                                                                                         ;
+---------+---------+----+------+--------+---------------------+-----------------------------------------------------------------------------------------------------------------+
; 0.000   ; 0.000   ;    ;      ;        ;                     ; launch edge time                                                                                                ;
; 3.375   ; 3.375   ;    ;      ;        ;                     ; clock path                                                                                                      ;
;   0.000 ;   0.000 ;    ;      ;        ;                     ; source latency                                                                                                  ;
;   0.000 ;   0.000 ;    ;      ; 1      ; LABCELL_X45_Y1_N3   ; gpu_clk                                                                                                         ;
;   0.734 ;   0.734 ; RR ; IC   ; 1      ; CLKCTRL_G5          ; gpu_clk~CLKENA0|inclk                                                                                           ;
;   1.006 ;   0.272 ; RR ; CELL ; 15028  ; CLKCTRL_G5          ; gpu_clk~CLKENA0|outclk                                                                                          ;
;   2.888 ;   1.882 ; RR ; IC   ; 1      ; FF_X24_Y46_N50      ; u_render_bin|u_pipe|u_edgewalk|bx_r[8]|clk                                                                      ;
;   3.375 ;   0.487 ; RR ; CELL ; 1      ; FF_X24_Y46_N50      ; zhao_geom_bin_pipe:u_render_bin|zhao_raster_tile_pipe:u_pipe|zhao_raster_edgewalk:u_edgewalk|bx_r[8]            ;
; 4.206   ; 0.831   ;    ;      ;        ;                     ; data path                                                                                                       ;
;   3.375 ;   0.000 ;    ; uTco ; 1      ; FF_X24_Y46_N50      ; zhao_geom_bin_pipe:u_render_bin|zhao_raster_tile_pipe:u_pipe|zhao_raster_edgewalk:u_edgewalk|bx_r[8]            ;
;   3.375 ;   0.000 ; RR ; CELL ; 8      ; FF_X24_Y46_N50      ; u_render_bin|u_pipe|u_edgewalk|bx_r[8]|q                                                                        ;
;   4.061 ;   0.686 ; RR ; IC   ; 2      ; LABCELL_X27_Y46_N51 ; u_render_bin|u_pipe|u_edgewalk|Add115~41|dataf                                                                  ;
;   4.128 ;   0.067 ; RR ; CELL ; 2      ; LABCELL_X27_Y46_N51 ; u_render_bin|u_pipe|u_edgewalk|Add115~41|sumout                                                                 ;
;   4.128 ;   0.000 ; RR ; IC   ; 1      ; FF_X27_Y46_N53      ; u_render_bin|u_pipe|u_edgewalk|o2p_r[8]~DUPLICATE|d                                                             ;
;   4.206 ;   0.078 ; RR ; CELL ; 1      ; FF_X27_Y46_N53      ; zhao_geom_bin_pipe:u_render_bin|zhao_raster_tile_pipe:u_pipe|zhao_raster_edgewalk:u_edgewalk|o2p_r[8]~DUPLICATE ;
+---------+---------+----+------+--------+---------------------+-----------------------------------------------------------------------------------------------------------------+

+-------------------------------------------------------------------------------------------------------------------------------------------------------------------------------+
; Data Required Path                                                                                                                                                            ;
+---------+----------+----+------+--------+-------------------+-----------------------------------------------------------------------------------------------------------------+
; Total   ; Incr     ; RF ; Type ; Fanout ; Location          ; Element                                                                                                         ;
+---------+----------+----+------+--------+-------------------+-----------------------------------------------------------------------------------------------------------------+
; 0.000   ; 0.000    ;    ;      ;        ;                   ; latch edge time                                                                                                 ;
; 3.884   ; 3.884    ;    ;      ;        ;                   ; clock path                                                                                                      ;
;   0.000 ;   0.000  ;    ;      ;        ;                   ; source latency                                                                                                  ;
;   0.000 ;   0.000  ;    ;      ; 1      ; LABCELL_X45_Y1_N3 ; gpu_clk                                                                                                         ;
;   2.911 ;   2.911  ; RR ; IC   ; 1      ; CLKCTRL_G5        ; gpu_clk~CLKENA0|inclk                                                                                           ;
;   3.209 ;   0.298  ; RR ; CELL ; 15028  ; CLKCTRL_G5        ; gpu_clk~CLKENA0|outclk                                                                                          ;
;   5.509 ;   2.300  ; RR ; IC   ; 1      ; FF_X27_Y46_N53    ; u_render_bin|u_pipe|u_edgewalk|o2p_r[8]~DUPLICATE|clk                                                           ;
;   6.087 ;   0.578  ; RR ; CELL ; 1      ; FF_X27_Y46_N53    ; zhao_geom_bin_pipe:u_render_bin|zhao_raster_tile_pipe:u_pipe|zhao_raster_edgewalk:u_edgewalk|o2p_r[8]~DUPLICATE ;
;   3.884 ;   -2.203 ;    ;      ;        ;                   ; clock pessimism removed                                                                                         ;
; 3.884   ; 0.000    ;    ;      ;        ;                   ; clock uncertainty                                                                                               ;
; 3.884   ; 0.000    ;    ; uTh  ; 1      ; FF_X27_Y46_N53    ; zhao_geom_bin_pipe:u_render_bin|zhao_raster_tile_pipe:u_pipe|zhao_raster_edgewalk:u_edgewalk|o2p_r[8]~DUPLICATE ;
+---------+----------+----+------+--------+-------------------+-----------------------------------------------------------------------------------------------------------------+

----------------------------
; Extra Fitter Information ;
----------------------------
HTML report is unavailable in plain text report export.


Path #25: Hold slack is 0.324 
===============================================================================
+----------------------------------------------------------------------------------------------------------------------------+
; Path Summary                                                                                                               ;
+--------------------+-------------------------------------------------------------------------------------------------------+
; Property           ; Value                                                                                                 ;
+--------------------+-------------------------------------------------------------------------------------------------------+
; From Node          ; zhao_geom_bin_pipe:u_render_bin|zhao_raster_tile_pipe:u_pipe|ay_r[11]                                 ;
; To Node            ; zhao_geom_bin_pipe:u_render_bin|zhao_raster_tile_pipe:u_pipe|zhao_raster_edgewalk:u_edgewalk|ay_r[11] ;
; Launch Clock       ; gpu_clk                                                                                               ;
; Latch Clock        ; gpu_clk                                                                                               ;
; Data Arrival Time  ; 4.213                                                                                                 ;
; Data Required Time ; 3.889                                                                                                 ;
; Slack              ; 0.324                                                                                                 ;
+--------------------+-------------------------------------------------------------------------------------------------------+

+-----------------------------------------------------------------------------------+
; Statistics                                                                        ;
+------------------------+-------+-------+-------------+------------+-------+-------+
; Property               ; Value ; Count ; Total Delay ; % of Total ; Min   ; Max   ;
+------------------------+-------+-------+-------------+------------+-------+-------+
; Hold Relationship      ; 0.000 ;       ;             ;            ;       ;       ;
; Clock Skew             ; 0.512 ;       ;             ;            ;       ;       ;
; Data Delay             ; 0.836 ;       ;             ;            ;       ;       ;
; Number of Logic Levels ;       ; 0     ;             ;            ;       ;       ;
; Physical Delays        ;       ;       ;             ;            ;       ;       ;
;  Arrival Path          ;       ;       ;             ;            ;       ;       ;
;   Clock                ;       ;       ;             ;            ;       ;       ;
;    IC                  ;       ; 2     ; 2.618       ; 78         ; 0.734 ; 1.884 ;
;    Cell                ;       ; 2     ; 0.759       ; 22         ; 0.272 ; 0.487 ;
;   Data                 ;       ;       ;             ;            ;       ;       ;
;    IC                  ;       ; 1     ; 0.548       ; 66         ; 0.548 ; 0.548 ;
;    Cell                ;       ; 2     ; 0.288       ; 34         ; 0.000 ; 0.288 ;
;    uTco                ;       ; 1     ; 0.000       ; 0          ; 0.000 ; 0.000 ;
;  Required Path         ;       ;       ;             ;            ;       ;       ;
;   Clock                ;       ;       ;             ;            ;       ;       ;
;    IC                  ;       ; 2     ; 5.209       ; 86         ; 2.298 ; 2.911 ;
;    Cell                ;       ; 2     ; 0.883       ; 14         ; 0.298 ; 0.585 ;
+------------------------+-------+-------+-------------+------------+-------+-------+
Note: Negative delays are omitted from totals when calculating percentages

+--------------------------------------------------------------------------------------------------------------------------------------------------------------------+
; Data Arrival Path                                                                                                                                                  ;
+---------+---------+----+------+--------+-------------------+-------------------------------------------------------------------------------------------------------+
; Total   ; Incr    ; RF ; Type ; Fanout ; Location          ; Element                                                                                               ;
+---------+---------+----+------+--------+-------------------+-------------------------------------------------------------------------------------------------------+
; 0.000   ; 0.000   ;    ;      ;        ;                   ; launch edge time                                                                                      ;
; 3.377   ; 3.377   ;    ;      ;        ;                   ; clock path                                                                                            ;
;   0.000 ;   0.000 ;    ;      ;        ;                   ; source latency                                                                                        ;
;   0.000 ;   0.000 ;    ;      ; 1      ; LABCELL_X45_Y1_N3 ; gpu_clk                                                                                               ;
;   0.734 ;   0.734 ; RR ; IC   ; 1      ; CLKCTRL_G5        ; gpu_clk~CLKENA0|inclk                                                                                 ;
;   1.006 ;   0.272 ; RR ; CELL ; 15028  ; CLKCTRL_G5        ; gpu_clk~CLKENA0|outclk                                                                                ;
;   2.890 ;   1.884 ; RR ; IC   ; 1      ; FF_X25_Y47_N46    ; u_render_bin|u_pipe|ay_r[11]|clk                                                                      ;
;   3.377 ;   0.487 ; RR ; CELL ; 1      ; FF_X25_Y47_N46    ; zhao_geom_bin_pipe:u_render_bin|zhao_raster_tile_pipe:u_pipe|ay_r[11]                                 ;
; 4.213   ; 0.836   ;    ;      ;        ;                   ; data path                                                                                             ;
;   3.377 ;   0.000 ;    ; uTco ; 1      ; FF_X25_Y47_N46    ; zhao_geom_bin_pipe:u_render_bin|zhao_raster_tile_pipe:u_pipe|ay_r[11]                                 ;
;   3.377 ;   0.000 ; RR ; CELL ; 1      ; FF_X25_Y47_N46    ; u_render_bin|u_pipe|ay_r[11]|q                                                                        ;
;   3.925 ;   0.548 ; RR ; IC   ; 1      ; FF_X24_Y47_N5     ; u_render_bin|u_pipe|u_edgewalk|ay_r[11]|asdata                                                        ;
;   4.213 ;   0.288 ; RR ; CELL ; 1      ; FF_X24_Y47_N5     ; zhao_geom_bin_pipe:u_render_bin|zhao_raster_tile_pipe:u_pipe|zhao_raster_edgewalk:u_edgewalk|ay_r[11] ;
+---------+---------+----+------+--------+-------------------+-------------------------------------------------------------------------------------------------------+

+---------------------------------------------------------------------------------------------------------------------------------------------------------------------+
; Data Required Path                                                                                                                                                  ;
+---------+----------+----+------+--------+-------------------+-------------------------------------------------------------------------------------------------------+
; Total   ; Incr     ; RF ; Type ; Fanout ; Location          ; Element                                                                                               ;
+---------+----------+----+------+--------+-------------------+-------------------------------------------------------------------------------------------------------+
; 0.000   ; 0.000    ;    ;      ;        ;                   ; latch edge time                                                                                       ;
; 3.889   ; 3.889    ;    ;      ;        ;                   ; clock path                                                                                            ;
;   0.000 ;   0.000  ;    ;      ;        ;                   ; source latency                                                                                        ;
;   0.000 ;   0.000  ;    ;      ; 1      ; LABCELL_X45_Y1_N3 ; gpu_clk                                                                                               ;
;   2.911 ;   2.911  ; RR ; IC   ; 1      ; CLKCTRL_G5        ; gpu_clk~CLKENA0|inclk                                                                                 ;
;   3.209 ;   0.298  ; RR ; CELL ; 15028  ; CLKCTRL_G5        ; gpu_clk~CLKENA0|outclk                                                                                ;
;   5.507 ;   2.298  ; RR ; IC   ; 1      ; FF_X24_Y47_N5     ; u_render_bin|u_pipe|u_edgewalk|ay_r[11]|clk                                                           ;
;   6.092 ;   0.585  ; RR ; CELL ; 1      ; FF_X24_Y47_N5     ; zhao_geom_bin_pipe:u_render_bin|zhao_raster_tile_pipe:u_pipe|zhao_raster_edgewalk:u_edgewalk|ay_r[11] ;
;   3.889 ;   -2.203 ;    ;      ;        ;                   ; clock pessimism removed                                                                               ;
; 3.889   ; 0.000    ;    ;      ;        ;                   ; clock uncertainty                                                                                     ;
; 3.889   ; 0.000    ;    ; uTh  ; 1      ; FF_X24_Y47_N5     ; zhao_geom_bin_pipe:u_render_bin|zhao_raster_tile_pipe:u_pipe|zhao_raster_edgewalk:u_edgewalk|ay_r[11] ;
+---------+----------+----+------+--------+-------------------+-------------------------------------------------------------------------------------------------------+

----------------------------
; Extra Fitter Information ;
----------------------------
HTML report is unavailable in plain text report export.


Path #26: Hold slack is 0.326 
===============================================================================
+----------------------------------------------------------------------------------------------------------------------------+
; Path Summary                                                                                                               ;
+--------------------+-------------------------------------------------------------------------------------------------------+
; Property           ; Value                                                                                                 ;
+--------------------+-------------------------------------------------------------------------------------------------------+
; From Node          ; zhao_geom_bin_pipe:u_render_bin|zhao_raster_tile_pipe:u_pipe|zhao_raster_edgewalk:u_edgewalk|ax_r[7]  ;
; To Node            ; zhao_geom_bin_pipe:u_render_bin|zhao_raster_tile_pipe:u_pipe|zhao_raster_edgewalk:u_edgewalk|o1p_r[7] ;
; Launch Clock       ; gpu_clk                                                                                               ;
; Latch Clock        ; gpu_clk                                                                                               ;
; Data Arrival Time  ; 4.206                                                                                                 ;
; Data Required Time ; 3.880                                                                                                 ;
; Slack              ; 0.326                                                                                                 ;
+--------------------+-------------------------------------------------------------------------------------------------------+

+-----------------------------------------------------------------------------------+
; Statistics                                                                        ;
+------------------------+-------+-------+-------------+------------+-------+-------+
; Property               ; Value ; Count ; Total Delay ; % of Total ; Min   ; Max   ;
+------------------------+-------+-------+-------------+------------+-------+-------+
; Hold Relationship      ; 0.000 ;       ;             ;            ;       ;       ;
; Clock Skew             ; 0.494 ;       ;             ;            ;       ;       ;
; Data Delay             ; 0.820 ;       ;             ;            ;       ;       ;
; Number of Logic Levels ;       ; 1     ;             ;            ;       ;       ;
; Physical Delays        ;       ;       ;             ;            ;       ;       ;
;  Arrival Path          ;       ;       ;             ;            ;       ;       ;
;   Clock                ;       ;       ;             ;            ;       ;       ;
;    IC                  ;       ; 2     ; 2.616       ; 77         ; 0.734 ; 1.882 ;
;    Cell                ;       ; 2     ; 0.770       ; 23         ; 0.272 ; 0.498 ;
;   Data                 ;       ;       ;             ;            ;       ;       ;
;    IC                  ;       ; 2     ; 0.693       ; 85         ; 0.000 ; 0.693 ;
;    Cell                ;       ; 3     ; 0.127       ; 15         ; 0.000 ; 0.066 ;
;    uTco                ;       ; 1     ; 0.000       ; 0          ; 0.000 ; 0.000 ;
;  Required Path         ;       ;       ;             ;            ;       ;       ;
;   Clock                ;       ;       ;             ;            ;       ;       ;
;    IC                  ;       ; 2     ; 5.210       ; 86         ; 2.299 ; 2.911 ;
;    Cell                ;       ; 2     ; 0.873       ; 14         ; 0.298 ; 0.575 ;
+------------------------+-------+-------+-------------+------------+-------+-------+
Note: Negative delays are omitted from totals when calculating percentages

+-----------------------------------------------------------------------------------------------------------------------------------------------------------------------+
; Data Arrival Path                                                                                                                                                     ;
+---------+---------+----+------+--------+----------------------+-------------------------------------------------------------------------------------------------------+
; Total   ; Incr    ; RF ; Type ; Fanout ; Location             ; Element                                                                                               ;
+---------+---------+----+------+--------+----------------------+-------------------------------------------------------------------------------------------------------+
; 0.000   ; 0.000   ;    ;      ;        ;                      ; launch edge time                                                                                      ;
; 3.386   ; 3.386   ;    ;      ;        ;                      ; clock path                                                                                            ;
;   0.000 ;   0.000 ;    ;      ;        ;                      ; source latency                                                                                        ;
;   0.000 ;   0.000 ;    ;      ; 1      ; LABCELL_X45_Y1_N3    ; gpu_clk                                                                                               ;
;   0.734 ;   0.734 ; RR ; IC   ; 1      ; CLKCTRL_G5           ; gpu_clk~CLKENA0|inclk                                                                                 ;
;   1.006 ;   0.272 ; RR ; CELL ; 15028  ; CLKCTRL_G5           ; gpu_clk~CLKENA0|outclk                                                                                ;
;   2.888 ;   1.882 ; RR ; IC   ; 1      ; FF_X23_Y46_N2        ; u_render_bin|u_pipe|u_edgewalk|ax_r[7]|clk                                                            ;
;   3.386 ;   0.498 ; RR ; CELL ; 1      ; FF_X23_Y46_N2        ; zhao_geom_bin_pipe:u_render_bin|zhao_raster_tile_pipe:u_pipe|zhao_raster_edgewalk:u_edgewalk|ax_r[7]  ;
; 4.206   ; 0.820   ;    ;      ;        ;                      ; data path                                                                                             ;
;   3.386 ;   0.000 ;    ; uTco ; 1      ; FF_X23_Y46_N2        ; zhao_geom_bin_pipe:u_render_bin|zhao_raster_tile_pipe:u_pipe|zhao_raster_edgewalk:u_edgewalk|ax_r[7]  ;
;   3.386 ;   0.000 ; RR ; CELL ; 9      ; FF_X23_Y46_N2        ; u_render_bin|u_pipe|u_edgewalk|ax_r[7]|q                                                              ;
;   4.079 ;   0.693 ; RR ; IC   ; 2      ; MLABCELL_X28_Y46_N48 ; u_render_bin|u_pipe|u_edgewalk|Add112~69|dataf                                                        ;
;   4.145 ;   0.066 ; RR ; CELL ; 1      ; MLABCELL_X28_Y46_N48 ; u_render_bin|u_pipe|u_edgewalk|Add112~69|sumout                                                       ;
;   4.145 ;   0.000 ; RR ; IC   ; 1      ; FF_X28_Y46_N49       ; u_render_bin|u_pipe|u_edgewalk|o1p_r[7]|d                                                             ;
;   4.206 ;   0.061 ; RR ; CELL ; 1      ; FF_X28_Y46_N49       ; zhao_geom_bin_pipe:u_render_bin|zhao_raster_tile_pipe:u_pipe|zhao_raster_edgewalk:u_edgewalk|o1p_r[7] ;
+---------+---------+----+------+--------+----------------------+-------------------------------------------------------------------------------------------------------+

+---------------------------------------------------------------------------------------------------------------------------------------------------------------------+
; Data Required Path                                                                                                                                                  ;
+---------+----------+----+------+--------+-------------------+-------------------------------------------------------------------------------------------------------+
; Total   ; Incr     ; RF ; Type ; Fanout ; Location          ; Element                                                                                               ;
+---------+----------+----+------+--------+-------------------+-------------------------------------------------------------------------------------------------------+
; 0.000   ; 0.000    ;    ;      ;        ;                   ; latch edge time                                                                                       ;
; 3.880   ; 3.880    ;    ;      ;        ;                   ; clock path                                                                                            ;
;   0.000 ;   0.000  ;    ;      ;        ;                   ; source latency                                                                                        ;
;   0.000 ;   0.000  ;    ;      ; 1      ; LABCELL_X45_Y1_N3 ; gpu_clk                                                                                               ;
;   2.911 ;   2.911  ; RR ; IC   ; 1      ; CLKCTRL_G5        ; gpu_clk~CLKENA0|inclk                                                                                 ;
;   3.209 ;   0.298  ; RR ; CELL ; 15028  ; CLKCTRL_G5        ; gpu_clk~CLKENA0|outclk                                                                                ;
;   5.508 ;   2.299  ; RR ; IC   ; 1      ; FF_X28_Y46_N49    ; u_render_bin|u_pipe|u_edgewalk|o1p_r[7]|clk                                                           ;
;   6.083 ;   0.575  ; RR ; CELL ; 1      ; FF_X28_Y46_N49    ; zhao_geom_bin_pipe:u_render_bin|zhao_raster_tile_pipe:u_pipe|zhao_raster_edgewalk:u_edgewalk|o1p_r[7] ;
;   3.880 ;   -2.203 ;    ;      ;        ;                   ; clock pessimism removed                                                                               ;
; 3.880   ; 0.000    ;    ;      ;        ;                   ; clock uncertainty                                                                                     ;
; 3.880   ; 0.000    ;    ; uTh  ; 1      ; FF_X28_Y46_N49    ; zhao_geom_bin_pipe:u_render_bin|zhao_raster_tile_pipe:u_pipe|zhao_raster_edgewalk:u_edgewalk|o1p_r[7] ;
+---------+----------+----+------+--------+-------------------+-------------------------------------------------------------------------------------------------------+

----------------------------
; Extra Fitter Information ;
----------------------------
HTML report is unavailable in plain text report export.


Path #27: Hold slack is 0.328 
===============================================================================
+----------------------------------------------------------------------------------------------------------------------------+
; Path Summary                                                                                                               ;
+--------------------+-------------------------------------------------------------------------------------------------------+
; Property           ; Value                                                                                                 ;
+--------------------+-------------------------------------------------------------------------------------------------------+
; From Node          ; zhao_geom_bin_pipe:u_render_bin|zhao_raster_tile_pipe:u_pipe|zhao_raster_edgewalk:u_edgewalk|bx_r[8]  ;
; To Node            ; zhao_geom_bin_pipe:u_render_bin|zhao_raster_tile_pipe:u_pipe|zhao_raster_edgewalk:u_edgewalk|o2p_r[8] ;
; Launch Clock       ; gpu_clk                                                                                               ;
; Latch Clock        ; gpu_clk                                                                                               ;
; Data Arrival Time  ; 4.205                                                                                                 ;
; Data Required Time ; 3.877                                                                                                 ;
; Slack              ; 0.328                                                                                                 ;
+--------------------+-------------------------------------------------------------------------------------------------------+

+-----------------------------------------------------------------------------------+
; Statistics                                                                        ;
+------------------------+-------+-------+-------------+------------+-------+-------+
; Property               ; Value ; Count ; Total Delay ; % of Total ; Min   ; Max   ;
+------------------------+-------+-------+-------------+------------+-------+-------+
; Hold Relationship      ; 0.000 ;       ;             ;            ;       ;       ;
; Clock Skew             ; 0.502 ;       ;             ;            ;       ;       ;
; Data Delay             ; 0.830 ;       ;             ;            ;       ;       ;
; Number of Logic Levels ;       ; 1     ;             ;            ;       ;       ;
; Physical Delays        ;       ;       ;             ;            ;       ;       ;
;  Arrival Path          ;       ;       ;             ;            ;       ;       ;
;   Clock                ;       ;       ;             ;            ;       ;       ;
;    IC                  ;       ; 2     ; 2.616       ; 78         ; 0.734 ; 1.882 ;
;    Cell                ;       ; 2     ; 0.759       ; 22         ; 0.272 ; 0.487 ;
;   Data                 ;       ;       ;             ;            ;       ;       ;
;    IC                  ;       ; 2     ; 0.686       ; 83         ; 0.000 ; 0.686 ;
;    Cell                ;       ; 3     ; 0.144       ; 17         ; 0.000 ; 0.077 ;
;    uTco                ;       ; 1     ; 0.000       ; 0          ; 0.000 ; 0.000 ;
;  Required Path         ;       ;       ;             ;            ;       ;       ;
;   Clock                ;       ;       ;             ;            ;       ;       ;
;    IC                  ;       ; 2     ; 5.211       ; 86         ; 2.300 ; 2.911 ;
;    Cell                ;       ; 2     ; 0.869       ; 14         ; 0.298 ; 0.571 ;
+------------------------+-------+-------+-------------+------------+-------+-------+
Note: Negative delays are omitted from totals when calculating percentages

+----------------------------------------------------------------------------------------------------------------------------------------------------------------------+
; Data Arrival Path                                                                                                                                                    ;
+---------+---------+----+------+--------+---------------------+-------------------------------------------------------------------------------------------------------+
; Total   ; Incr    ; RF ; Type ; Fanout ; Location            ; Element                                                                                               ;
+---------+---------+----+------+--------+---------------------+-------------------------------------------------------------------------------------------------------+
; 0.000   ; 0.000   ;    ;      ;        ;                     ; launch edge time                                                                                      ;
; 3.375   ; 3.375   ;    ;      ;        ;                     ; clock path                                                                                            ;
;   0.000 ;   0.000 ;    ;      ;        ;                     ; source latency                                                                                        ;
;   0.000 ;   0.000 ;    ;      ; 1      ; LABCELL_X45_Y1_N3   ; gpu_clk                                                                                               ;
;   0.734 ;   0.734 ; RR ; IC   ; 1      ; CLKCTRL_G5          ; gpu_clk~CLKENA0|inclk                                                                                 ;
;   1.006 ;   0.272 ; RR ; CELL ; 15028  ; CLKCTRL_G5          ; gpu_clk~CLKENA0|outclk                                                                                ;
;   2.888 ;   1.882 ; RR ; IC   ; 1      ; FF_X24_Y46_N50      ; u_render_bin|u_pipe|u_edgewalk|bx_r[8]|clk                                                            ;
;   3.375 ;   0.487 ; RR ; CELL ; 1      ; FF_X24_Y46_N50      ; zhao_geom_bin_pipe:u_render_bin|zhao_raster_tile_pipe:u_pipe|zhao_raster_edgewalk:u_edgewalk|bx_r[8]  ;
; 4.205   ; 0.830   ;    ;      ;        ;                     ; data path                                                                                             ;
;   3.375 ;   0.000 ;    ; uTco ; 1      ; FF_X24_Y46_N50      ; zhao_geom_bin_pipe:u_render_bin|zhao_raster_tile_pipe:u_pipe|zhao_raster_edgewalk:u_edgewalk|bx_r[8]  ;
;   3.375 ;   0.000 ; RR ; CELL ; 8      ; FF_X24_Y46_N50      ; u_render_bin|u_pipe|u_edgewalk|bx_r[8]|q                                                              ;
;   4.061 ;   0.686 ; RR ; IC   ; 2      ; LABCELL_X27_Y46_N51 ; u_render_bin|u_pipe|u_edgewalk|Add115~41|dataf                                                        ;
;   4.128 ;   0.067 ; RR ; CELL ; 2      ; LABCELL_X27_Y46_N51 ; u_render_bin|u_pipe|u_edgewalk|Add115~41|sumout                                                       ;
;   4.128 ;   0.000 ; RR ; IC   ; 1      ; FF_X27_Y46_N52      ; u_render_bin|u_pipe|u_edgewalk|o2p_r[8]|d                                                             ;
;   4.205 ;   0.077 ; RR ; CELL ; 1      ; FF_X27_Y46_N52      ; zhao_geom_bin_pipe:u_render_bin|zhao_raster_tile_pipe:u_pipe|zhao_raster_edgewalk:u_edgewalk|o2p_r[8] ;
+---------+---------+----+------+--------+---------------------+-------------------------------------------------------------------------------------------------------+

+---------------------------------------------------------------------------------------------------------------------------------------------------------------------+
; Data Required Path                                                                                                                                                  ;
+---------+----------+----+------+--------+-------------------+-------------------------------------------------------------------------------------------------------+
; Total   ; Incr     ; RF ; Type ; Fanout ; Location          ; Element                                                                                               ;
+---------+----------+----+------+--------+-------------------+-------------------------------------------------------------------------------------------------------+
; 0.000   ; 0.000    ;    ;      ;        ;                   ; latch edge time                                                                                       ;
; 3.877   ; 3.877    ;    ;      ;        ;                   ; clock path                                                                                            ;
;   0.000 ;   0.000  ;    ;      ;        ;                   ; source latency                                                                                        ;
;   0.000 ;   0.000  ;    ;      ; 1      ; LABCELL_X45_Y1_N3 ; gpu_clk                                                                                               ;
;   2.911 ;   2.911  ; RR ; IC   ; 1      ; CLKCTRL_G5        ; gpu_clk~CLKENA0|inclk                                                                                 ;
;   3.209 ;   0.298  ; RR ; CELL ; 15028  ; CLKCTRL_G5        ; gpu_clk~CLKENA0|outclk                                                                                ;
;   5.509 ;   2.300  ; RR ; IC   ; 1      ; FF_X27_Y46_N52    ; u_render_bin|u_pipe|u_edgewalk|o2p_r[8]|clk                                                           ;
;   6.080 ;   0.571  ; RR ; CELL ; 1      ; FF_X27_Y46_N52    ; zhao_geom_bin_pipe:u_render_bin|zhao_raster_tile_pipe:u_pipe|zhao_raster_edgewalk:u_edgewalk|o2p_r[8] ;
;   3.877 ;   -2.203 ;    ;      ;        ;                   ; clock pessimism removed                                                                               ;
; 3.877   ; 0.000    ;    ;      ;        ;                   ; clock uncertainty                                                                                     ;
; 3.877   ; 0.000    ;    ; uTh  ; 1      ; FF_X27_Y46_N52    ; zhao_geom_bin_pipe:u_render_bin|zhao_raster_tile_pipe:u_pipe|zhao_raster_edgewalk:u_edgewalk|o2p_r[8] ;
+---------+----------+----+------+--------+-------------------+-------------------------------------------------------------------------------------------------------+

----------------------------
; Extra Fitter Information ;
----------------------------
HTML report is unavailable in plain text report export.


Path #28: Hold slack is 0.332 
===============================================================================
+----------------------------------------------------------------------------------------------------------------------------+
; Path Summary                                                                                                               ;
+--------------------+-------------------------------------------------------------------------------------------------------+
; Property           ; Value                                                                                                 ;
+--------------------+-------------------------------------------------------------------------------------------------------+
; From Node          ; zhao_geom_bin_pipe:u_render_bin|zhao_raster_tile_pipe:u_pipe|ay_r[13]                                 ;
; To Node            ; zhao_geom_bin_pipe:u_render_bin|zhao_raster_tile_pipe:u_pipe|zhao_raster_edgewalk:u_edgewalk|ay_r[13] ;
; Launch Clock       ; gpu_clk                                                                                               ;
; Latch Clock        ; gpu_clk                                                                                               ;
; Data Arrival Time  ; 4.221                                                                                                 ;
; Data Required Time ; 3.889                                                                                                 ;
; Slack              ; 0.332                                                                                                 ;
+--------------------+-------------------------------------------------------------------------------------------------------+

+-----------------------------------------------------------------------------------+
; Statistics                                                                        ;
+------------------------+-------+-------+-------------+------------+-------+-------+
; Property               ; Value ; Count ; Total Delay ; % of Total ; Min   ; Max   ;
+------------------------+-------+-------+-------------+------------+-------+-------+
; Hold Relationship      ; 0.000 ;       ;             ;            ;       ;       ;
; Clock Skew             ; 0.507 ;       ;             ;            ;       ;       ;
; Data Delay             ; 0.839 ;       ;             ;            ;       ;       ;
; Number of Logic Levels ;       ; 0     ;             ;            ;       ;       ;
; Physical Delays        ;       ;       ;             ;            ;       ;       ;
;  Arrival Path          ;       ;       ;             ;            ;       ;       ;
;   Clock                ;       ;       ;             ;            ;       ;       ;
;    IC                  ;       ; 2     ; 2.618       ; 77         ; 0.734 ; 1.884 ;
;    Cell                ;       ; 2     ; 0.764       ; 23         ; 0.272 ; 0.492 ;
;   Data                 ;       ;       ;             ;            ;       ;       ;
;    IC                  ;       ; 1     ; 0.551       ; 66         ; 0.551 ; 0.551 ;
;    Cell                ;       ; 2     ; 0.288       ; 34         ; 0.000 ; 0.288 ;
;    uTco                ;       ; 1     ; 0.000       ; 0          ; 0.000 ; 0.000 ;
;  Required Path         ;       ;       ;             ;            ;       ;       ;
;   Clock                ;       ;       ;             ;            ;       ;       ;
;    IC                  ;       ; 2     ; 5.209       ; 86         ; 2.298 ; 2.911 ;
;    Cell                ;       ; 2     ; 0.883       ; 14         ; 0.298 ; 0.585 ;
+------------------------+-------+-------+-------------+------------+-------+-------+
Note: Negative delays are omitted from totals when calculating percentages

+--------------------------------------------------------------------------------------------------------------------------------------------------------------------+
; Data Arrival Path                                                                                                                                                  ;
+---------+---------+----+------+--------+-------------------+-------------------------------------------------------------------------------------------------------+
; Total   ; Incr    ; RF ; Type ; Fanout ; Location          ; Element                                                                                               ;
+---------+---------+----+------+--------+-------------------+-------------------------------------------------------------------------------------------------------+
; 0.000   ; 0.000   ;    ;      ;        ;                   ; launch edge time                                                                                      ;
; 3.382   ; 3.382   ;    ;      ;        ;                   ; clock path                                                                                            ;
;   0.000 ;   0.000 ;    ;      ;        ;                   ; source latency                                                                                        ;
;   0.000 ;   0.000 ;    ;      ; 1      ; LABCELL_X45_Y1_N3 ; gpu_clk                                                                                               ;
;   0.734 ;   0.734 ; RR ; IC   ; 1      ; CLKCTRL_G5        ; gpu_clk~CLKENA0|inclk                                                                                 ;
;   1.006 ;   0.272 ; RR ; CELL ; 15028  ; CLKCTRL_G5        ; gpu_clk~CLKENA0|outclk                                                                                ;
;   2.890 ;   1.884 ; RR ; IC   ; 1      ; FF_X25_Y47_N55    ; u_render_bin|u_pipe|ay_r[13]|clk                                                                      ;
;   3.382 ;   0.492 ; RR ; CELL ; 1      ; FF_X25_Y47_N55    ; zhao_geom_bin_pipe:u_render_bin|zhao_raster_tile_pipe:u_pipe|ay_r[13]                                 ;
; 4.221   ; 0.839   ;    ;      ;        ;                   ; data path                                                                                             ;
;   3.382 ;   0.000 ;    ; uTco ; 1      ; FF_X25_Y47_N55    ; zhao_geom_bin_pipe:u_render_bin|zhao_raster_tile_pipe:u_pipe|ay_r[13]                                 ;
;   3.382 ;   0.000 ; RR ; CELL ; 1      ; FF_X25_Y47_N55    ; u_render_bin|u_pipe|ay_r[13]|q                                                                        ;
;   3.933 ;   0.551 ; RR ; IC   ; 1      ; FF_X24_Y47_N11    ; u_render_bin|u_pipe|u_edgewalk|ay_r[13]|asdata                                                        ;
;   4.221 ;   0.288 ; RR ; CELL ; 1      ; FF_X24_Y47_N11    ; zhao_geom_bin_pipe:u_render_bin|zhao_raster_tile_pipe:u_pipe|zhao_raster_edgewalk:u_edgewalk|ay_r[13] ;
+---------+---------+----+------+--------+-------------------+-------------------------------------------------------------------------------------------------------+

+---------------------------------------------------------------------------------------------------------------------------------------------------------------------+
; Data Required Path                                                                                                                                                  ;
+---------+----------+----+------+--------+-------------------+-------------------------------------------------------------------------------------------------------+
; Total   ; Incr     ; RF ; Type ; Fanout ; Location          ; Element                                                                                               ;
+---------+----------+----+------+--------+-------------------+-------------------------------------------------------------------------------------------------------+
; 0.000   ; 0.000    ;    ;      ;        ;                   ; latch edge time                                                                                       ;
; 3.889   ; 3.889    ;    ;      ;        ;                   ; clock path                                                                                            ;
;   0.000 ;   0.000  ;    ;      ;        ;                   ; source latency                                                                                        ;
;   0.000 ;   0.000  ;    ;      ; 1      ; LABCELL_X45_Y1_N3 ; gpu_clk                                                                                               ;
;   2.911 ;   2.911  ; RR ; IC   ; 1      ; CLKCTRL_G5        ; gpu_clk~CLKENA0|inclk                                                                                 ;
;   3.209 ;   0.298  ; RR ; CELL ; 15028  ; CLKCTRL_G5        ; gpu_clk~CLKENA0|outclk                                                                                ;
;   5.507 ;   2.298  ; RR ; IC   ; 1      ; FF_X24_Y47_N11    ; u_render_bin|u_pipe|u_edgewalk|ay_r[13]|clk                                                           ;
;   6.092 ;   0.585  ; RR ; CELL ; 1      ; FF_X24_Y47_N11    ; zhao_geom_bin_pipe:u_render_bin|zhao_raster_tile_pipe:u_pipe|zhao_raster_edgewalk:u_edgewalk|ay_r[13] ;
;   3.889 ;   -2.203 ;    ;      ;        ;                   ; clock pessimism removed                                                                               ;
; 3.889   ; 0.000    ;    ;      ;        ;                   ; clock uncertainty                                                                                     ;
; 3.889   ; 0.000    ;    ; uTh  ; 1      ; FF_X24_Y47_N11    ; zhao_geom_bin_pipe:u_render_bin|zhao_raster_tile_pipe:u_pipe|zhao_raster_edgewalk:u_edgewalk|ay_r[13] ;
+---------+----------+----+------+--------+-------------------+-------------------------------------------------------------------------------------------------------+

----------------------------
; Extra Fitter Information ;
----------------------------
HTML report is unavailable in plain text report export.


Path #29: Hold slack is 0.335 
===============================================================================
+----------------------------------------------------------------------------------------------------------------------------+
; Path Summary                                                                                                               ;
+--------------------+-------------------------------------------------------------------------------------------------------+
; Property           ; Value                                                                                                 ;
+--------------------+-------------------------------------------------------------------------------------------------------+
; From Node          ; zhao_geom_bin_pipe:u_render_bin|zhao_raster_tile_pipe:u_pipe|ay_r[17]                                 ;
; To Node            ; zhao_geom_bin_pipe:u_render_bin|zhao_raster_tile_pipe:u_pipe|zhao_raster_edgewalk:u_edgewalk|ay_r[17] ;
; Launch Clock       ; gpu_clk                                                                                               ;
; Latch Clock        ; gpu_clk                                                                                               ;
; Data Arrival Time  ; 4.224                                                                                                 ;
; Data Required Time ; 3.889                                                                                                 ;
; Slack              ; 0.335                                                                                                 ;
+--------------------+-------------------------------------------------------------------------------------------------------+

+-----------------------------------------------------------------------------------+
; Statistics                                                                        ;
+------------------------+-------+-------+-------------+------------+-------+-------+
; Property               ; Value ; Count ; Total Delay ; % of Total ; Min   ; Max   ;
+------------------------+-------+-------+-------------+------------+-------+-------+
; Hold Relationship      ; 0.000 ;       ;             ;            ;       ;       ;
; Clock Skew             ; 0.507 ;       ;             ;            ;       ;       ;
; Data Delay             ; 0.842 ;       ;             ;            ;       ;       ;
; Number of Logic Levels ;       ; 0     ;             ;            ;       ;       ;
; Physical Delays        ;       ;       ;             ;            ;       ;       ;
;  Arrival Path          ;       ;       ;             ;            ;       ;       ;
;   Clock                ;       ;       ;             ;            ;       ;       ;
;    IC                  ;       ; 2     ; 2.618       ; 77         ; 0.734 ; 1.884 ;
;    Cell                ;       ; 2     ; 0.764       ; 23         ; 0.272 ; 0.492 ;
;   Data                 ;       ;       ;             ;            ;       ;       ;
;    IC                  ;       ; 1     ; 0.554       ; 66         ; 0.554 ; 0.554 ;
;    Cell                ;       ; 2     ; 0.288       ; 34         ; 0.000 ; 0.288 ;
;    uTco                ;       ; 1     ; 0.000       ; 0          ; 0.000 ; 0.000 ;
;  Required Path         ;       ;       ;             ;            ;       ;       ;
;   Clock                ;       ;       ;             ;            ;       ;       ;
;    IC                  ;       ; 2     ; 5.209       ; 86         ; 2.298 ; 2.911 ;
;    Cell                ;       ; 2     ; 0.883       ; 14         ; 0.298 ; 0.585 ;
+------------------------+-------+-------+-------------+------------+-------+-------+
Note: Negative delays are omitted from totals when calculating percentages

+--------------------------------------------------------------------------------------------------------------------------------------------------------------------+
; Data Arrival Path                                                                                                                                                  ;
+---------+---------+----+------+--------+-------------------+-------------------------------------------------------------------------------------------------------+
; Total   ; Incr    ; RF ; Type ; Fanout ; Location          ; Element                                                                                               ;
+---------+---------+----+------+--------+-------------------+-------------------------------------------------------------------------------------------------------+
; 0.000   ; 0.000   ;    ;      ;        ;                   ; launch edge time                                                                                      ;
; 3.382   ; 3.382   ;    ;      ;        ;                   ; clock path                                                                                            ;
;   0.000 ;   0.000 ;    ;      ;        ;                   ; source latency                                                                                        ;
;   0.000 ;   0.000 ;    ;      ; 1      ; LABCELL_X45_Y1_N3 ; gpu_clk                                                                                               ;
;   0.734 ;   0.734 ; RR ; IC   ; 1      ; CLKCTRL_G5        ; gpu_clk~CLKENA0|inclk                                                                                 ;
;   1.006 ;   0.272 ; RR ; CELL ; 15028  ; CLKCTRL_G5        ; gpu_clk~CLKENA0|outclk                                                                                ;
;   2.890 ;   1.884 ; RR ; IC   ; 1      ; FF_X25_Y47_N31    ; u_render_bin|u_pipe|ay_r[17]|clk                                                                      ;
;   3.382 ;   0.492 ; RR ; CELL ; 1      ; FF_X25_Y47_N31    ; zhao_geom_bin_pipe:u_render_bin|zhao_raster_tile_pipe:u_pipe|ay_r[17]                                 ;
; 4.224   ; 0.842   ;    ;      ;        ;                   ; data path                                                                                             ;
;   3.382 ;   0.000 ;    ; uTco ; 1      ; FF_X25_Y47_N31    ; zhao_geom_bin_pipe:u_render_bin|zhao_raster_tile_pipe:u_pipe|ay_r[17]                                 ;
;   3.382 ;   0.000 ; RR ; CELL ; 1      ; FF_X25_Y47_N31    ; u_render_bin|u_pipe|ay_r[17]|q                                                                        ;
;   3.936 ;   0.554 ; RR ; IC   ; 1      ; FF_X24_Y47_N23    ; u_render_bin|u_pipe|u_edgewalk|ay_r[17]|asdata                                                        ;
;   4.224 ;   0.288 ; RR ; CELL ; 1      ; FF_X24_Y47_N23    ; zhao_geom_bin_pipe:u_render_bin|zhao_raster_tile_pipe:u_pipe|zhao_raster_edgewalk:u_edgewalk|ay_r[17] ;
+---------+---------+----+------+--------+-------------------+-------------------------------------------------------------------------------------------------------+

+---------------------------------------------------------------------------------------------------------------------------------------------------------------------+
; Data Required Path                                                                                                                                                  ;
+---------+----------+----+------+--------+-------------------+-------------------------------------------------------------------------------------------------------+
; Total   ; Incr     ; RF ; Type ; Fanout ; Location          ; Element                                                                                               ;
+---------+----------+----+------+--------+-------------------+-------------------------------------------------------------------------------------------------------+
; 0.000   ; 0.000    ;    ;      ;        ;                   ; latch edge time                                                                                       ;
; 3.889   ; 3.889    ;    ;      ;        ;                   ; clock path                                                                                            ;
;   0.000 ;   0.000  ;    ;      ;        ;                   ; source latency                                                                                        ;
;   0.000 ;   0.000  ;    ;      ; 1      ; LABCELL_X45_Y1_N3 ; gpu_clk                                                                                               ;
;   2.911 ;   2.911  ; RR ; IC   ; 1      ; CLKCTRL_G5        ; gpu_clk~CLKENA0|inclk                                                                                 ;
;   3.209 ;   0.298  ; RR ; CELL ; 15028  ; CLKCTRL_G5        ; gpu_clk~CLKENA0|outclk                                                                                ;
;   5.507 ;   2.298  ; RR ; IC   ; 1      ; FF_X24_Y47_N23    ; u_render_bin|u_pipe|u_edgewalk|ay_r[17]|clk                                                           ;
;   6.092 ;   0.585  ; RR ; CELL ; 1      ; FF_X24_Y47_N23    ; zhao_geom_bin_pipe:u_render_bin|zhao_raster_tile_pipe:u_pipe|zhao_raster_edgewalk:u_edgewalk|ay_r[17] ;
;   3.889 ;   -2.203 ;    ;      ;        ;                   ; clock pessimism removed                                                                               ;
; 3.889   ; 0.000    ;    ;      ;        ;                   ; clock uncertainty                                                                                     ;
; 3.889   ; 0.000    ;    ; uTh  ; 1      ; FF_X24_Y47_N23    ; zhao_geom_bin_pipe:u_render_bin|zhao_raster_tile_pipe:u_pipe|zhao_raster_edgewalk:u_edgewalk|ay_r[17] ;
+---------+----------+----+------+--------+-------------------+-------------------------------------------------------------------------------------------------------+

----------------------------
; Extra Fitter Information ;
----------------------------
HTML report is unavailable in plain text report export.


Path #30: Hold slack is 0.341 
===============================================================================
+----------------------------------------------------------------------------------------------------------------------------+
; Path Summary                                                                                                               ;
+--------------------+-------------------------------------------------------------------------------------------------------+
; Property           ; Value                                                                                                 ;
+--------------------+-------------------------------------------------------------------------------------------------------+
; From Node          ; zhao_geom_bin_pipe:u_render_bin|zhao_raster_tile_pipe:u_pipe|ay_r[16]                                 ;
; To Node            ; zhao_geom_bin_pipe:u_render_bin|zhao_raster_tile_pipe:u_pipe|zhao_raster_edgewalk:u_edgewalk|ay_r[16] ;
; Launch Clock       ; gpu_clk                                                                                               ;
; Latch Clock        ; gpu_clk                                                                                               ;
; Data Arrival Time  ; 4.225                                                                                                 ;
; Data Required Time ; 3.884                                                                                                 ;
; Slack              ; 0.341                                                                                                 ;
+--------------------+-------------------------------------------------------------------------------------------------------+

+-----------------------------------------------------------------------------------+
; Statistics                                                                        ;
+------------------------+-------+-------+-------------+------------+-------+-------+
; Property               ; Value ; Count ; Total Delay ; % of Total ; Min   ; Max   ;
+------------------------+-------+-------+-------------+------------+-------+-------+
; Hold Relationship      ; 0.000 ;       ;             ;            ;       ;       ;
; Clock Skew             ; 0.505 ;       ;             ;            ;       ;       ;
; Data Delay             ; 0.846 ;       ;             ;            ;       ;       ;
; Number of Logic Levels ;       ; 0     ;             ;            ;       ;       ;
; Physical Delays        ;       ;       ;             ;            ;       ;       ;
;  Arrival Path          ;       ;       ;             ;            ;       ;       ;
;   Clock                ;       ;       ;             ;            ;       ;       ;
;    IC                  ;       ; 2     ; 2.618       ; 77         ; 0.734 ; 1.884 ;
;    Cell                ;       ; 2     ; 0.761       ; 23         ; 0.272 ; 0.489 ;
;   Data                 ;       ;       ;             ;            ;       ;       ;
;    IC                  ;       ; 1     ; 0.534       ; 63         ; 0.534 ; 0.534 ;
;    Cell                ;       ; 2     ; 0.312       ; 37         ; 0.000 ; 0.312 ;
;    uTco                ;       ; 1     ; 0.000       ; 0          ; 0.000 ; 0.000 ;
;  Required Path         ;       ;       ;             ;            ;       ;       ;
;   Clock                ;       ;       ;             ;            ;       ;       ;
;    IC                  ;       ; 2     ; 5.209       ; 86         ; 2.298 ; 2.911 ;
;    Cell                ;       ; 2     ; 0.878       ; 14         ; 0.298 ; 0.580 ;
+------------------------+-------+-------+-------------+------------+-------+-------+
Note: Negative delays are omitted from totals when calculating percentages

+--------------------------------------------------------------------------------------------------------------------------------------------------------------------+
; Data Arrival Path                                                                                                                                                  ;
+---------+---------+----+------+--------+-------------------+-------------------------------------------------------------------------------------------------------+
; Total   ; Incr    ; RF ; Type ; Fanout ; Location          ; Element                                                                                               ;
+---------+---------+----+------+--------+-------------------+-------------------------------------------------------------------------------------------------------+
; 0.000   ; 0.000   ;    ;      ;        ;                   ; launch edge time                                                                                      ;
; 3.379   ; 3.379   ;    ;      ;        ;                   ; clock path                                                                                            ;
;   0.000 ;   0.000 ;    ;      ;        ;                   ; source latency                                                                                        ;
;   0.000 ;   0.000 ;    ;      ; 1      ; LABCELL_X45_Y1_N3 ; gpu_clk                                                                                               ;
;   0.734 ;   0.734 ; RR ; IC   ; 1      ; CLKCTRL_G5        ; gpu_clk~CLKENA0|inclk                                                                                 ;
;   1.006 ;   0.272 ; RR ; CELL ; 15028  ; CLKCTRL_G5        ; gpu_clk~CLKENA0|outclk                                                                                ;
;   2.890 ;   1.884 ; RR ; IC   ; 1      ; FF_X25_Y47_N38    ; u_render_bin|u_pipe|ay_r[16]|clk                                                                      ;
;   3.379 ;   0.489 ; RR ; CELL ; 1      ; FF_X25_Y47_N38    ; zhao_geom_bin_pipe:u_render_bin|zhao_raster_tile_pipe:u_pipe|ay_r[16]                                 ;
; 4.225   ; 0.846   ;    ;      ;        ;                   ; data path                                                                                             ;
;   3.379 ;   0.000 ;    ; uTco ; 1      ; FF_X25_Y47_N38    ; zhao_geom_bin_pipe:u_render_bin|zhao_raster_tile_pipe:u_pipe|ay_r[16]                                 ;
;   3.379 ;   0.000 ; FF ; CELL ; 1      ; FF_X25_Y47_N38    ; u_render_bin|u_pipe|ay_r[16]|q                                                                        ;
;   3.913 ;   0.534 ; FF ; IC   ; 1      ; FF_X24_Y47_N20    ; u_render_bin|u_pipe|u_edgewalk|ay_r[16]|asdata                                                        ;
;   4.225 ;   0.312 ; FF ; CELL ; 1      ; FF_X24_Y47_N20    ; zhao_geom_bin_pipe:u_render_bin|zhao_raster_tile_pipe:u_pipe|zhao_raster_edgewalk:u_edgewalk|ay_r[16] ;
+---------+---------+----+------+--------+-------------------+-------------------------------------------------------------------------------------------------------+

+---------------------------------------------------------------------------------------------------------------------------------------------------------------------+
; Data Required Path                                                                                                                                                  ;
+---------+----------+----+------+--------+-------------------+-------------------------------------------------------------------------------------------------------+
; Total   ; Incr     ; RF ; Type ; Fanout ; Location          ; Element                                                                                               ;
+---------+----------+----+------+--------+-------------------+-------------------------------------------------------------------------------------------------------+
; 0.000   ; 0.000    ;    ;      ;        ;                   ; latch edge time                                                                                       ;
; 3.884   ; 3.884    ;    ;      ;        ;                   ; clock path                                                                                            ;
;   0.000 ;   0.000  ;    ;      ;        ;                   ; source latency                                                                                        ;
;   0.000 ;   0.000  ;    ;      ; 1      ; LABCELL_X45_Y1_N3 ; gpu_clk                                                                                               ;
;   2.911 ;   2.911  ; RR ; IC   ; 1      ; CLKCTRL_G5        ; gpu_clk~CLKENA0|inclk                                                                                 ;
;   3.209 ;   0.298  ; RR ; CELL ; 15028  ; CLKCTRL_G5        ; gpu_clk~CLKENA0|outclk                                                                                ;
;   5.507 ;   2.298  ; RR ; IC   ; 1      ; FF_X24_Y47_N20    ; u_render_bin|u_pipe|u_edgewalk|ay_r[16]|clk                                                           ;
;   6.087 ;   0.580  ; RR ; CELL ; 1      ; FF_X24_Y47_N20    ; zhao_geom_bin_pipe:u_render_bin|zhao_raster_tile_pipe:u_pipe|zhao_raster_edgewalk:u_edgewalk|ay_r[16] ;
;   3.884 ;   -2.203 ;    ;      ;        ;                   ; clock pessimism removed                                                                               ;
; 3.884   ; 0.000    ;    ;      ;        ;                   ; clock uncertainty                                                                                     ;
; 3.884   ; 0.000    ;    ; uTh  ; 1      ; FF_X24_Y47_N20    ; zhao_geom_bin_pipe:u_render_bin|zhao_raster_tile_pipe:u_pipe|zhao_raster_edgewalk:u_edgewalk|ay_r[16] ;
+---------+----------+----+------+--------+-------------------+-------------------------------------------------------------------------------------------------------+

----------------------------
; Extra Fitter Information ;
----------------------------
HTML report is unavailable in plain text report export.


Path #31: Hold slack is 0.344 
===============================================================================
+---------------------------------------------------------------------------------------------------------------------------------+
; Path Summary                                                                                                                    ;
+--------------------+------------------------------------------------------------------------------------------------------------+
; Property           ; Value                                                                                                      ;
+--------------------+------------------------------------------------------------------------------------------------------------+
; From Node          ; zhao_geom_bin_pipe:u_render_bin|zhao_raster_tile_pipe:u_pipe|zhao_raster_fragment:u_fragment|s1_depth_r[4] ;
; To Node            ; zhao_geom_bin_pipe:u_render_bin|zhao_raster_tile_pipe:u_pipe|zhao_raster_fragment:u_fragment|s2_depth_r[4] ;
; Launch Clock       ; gpu_clk                                                                                                    ;
; Latch Clock        ; gpu_clk                                                                                                    ;
; Data Arrival Time  ; 4.177                                                                                                      ;
; Data Required Time ; 3.833                                                                                                      ;
; Slack              ; 0.344                                                                                                      ;
+--------------------+------------------------------------------------------------------------------------------------------------+

+-----------------------------------------------------------------------------------+
; Statistics                                                                        ;
+------------------------+-------+-------+-------------+------------+-------+-------+
; Property               ; Value ; Count ; Total Delay ; % of Total ; Min   ; Max   ;
+------------------------+-------+-------+-------------+------------+-------+-------+
; Hold Relationship      ; 0.000 ;       ;             ;            ;       ;       ;
; Clock Skew             ; 0.480 ;       ;             ;            ;       ;       ;
; Data Delay             ; 0.824 ;       ;             ;            ;       ;       ;
; Number of Logic Levels ;       ; 0     ;             ;            ;       ;       ;
; Physical Delays        ;       ;       ;             ;            ;       ;       ;
;  Arrival Path          ;       ;       ;             ;            ;       ;       ;
;   Clock                ;       ;       ;             ;            ;       ;       ;
;    IC                  ;       ; 2     ; 2.599       ; 78         ; 0.734 ; 1.865 ;
;    Cell                ;       ; 2     ; 0.754       ; 22         ; 0.272 ; 0.482 ;
;   Data                 ;       ;       ;             ;            ;       ;       ;
;    IC                  ;       ; 1     ; 0.552       ; 67         ; 0.552 ; 0.552 ;
;    Cell                ;       ; 2     ; 0.272       ; 33         ; 0.000 ; 0.272 ;
;    uTco                ;       ; 1     ; 0.000       ; 0          ; 0.000 ; 0.000 ;
;  Required Path         ;       ;       ;             ;            ;       ;       ;
;   Clock                ;       ;       ;             ;            ;       ;       ;
;    IC                  ;       ; 2     ; 5.156       ; 85         ; 2.245 ; 2.911 ;
;    Cell                ;       ; 2     ; 0.880       ; 15         ; 0.298 ; 0.582 ;
+------------------------+-------+-------+-------------+------------+-------+-------+
Note: Negative delays are omitted from totals when calculating percentages

+-------------------------------------------------------------------------------------------------------------------------------------------------------------------------+
; Data Arrival Path                                                                                                                                                       ;
+---------+---------+----+------+--------+-------------------+------------------------------------------------------------------------------------------------------------+
; Total   ; Incr    ; RF ; Type ; Fanout ; Location          ; Element                                                                                                    ;
+---------+---------+----+------+--------+-------------------+------------------------------------------------------------------------------------------------------------+
; 0.000   ; 0.000   ;    ;      ;        ;                   ; launch edge time                                                                                           ;
; 3.353   ; 3.353   ;    ;      ;        ;                   ; clock path                                                                                                 ;
;   0.000 ;   0.000 ;    ;      ;        ;                   ; source latency                                                                                             ;
;   0.000 ;   0.000 ;    ;      ; 1      ; LABCELL_X45_Y1_N3 ; gpu_clk                                                                                                    ;
;   0.734 ;   0.734 ; RR ; IC   ; 1      ; CLKCTRL_G5        ; gpu_clk~CLKENA0|inclk                                                                                      ;
;   1.006 ;   0.272 ; RR ; CELL ; 15028  ; CLKCTRL_G5        ; gpu_clk~CLKENA0|outclk                                                                                     ;
;   2.871 ;   1.865 ; RR ; IC   ; 1      ; FF_X25_Y33_N10    ; u_render_bin|u_pipe|u_fragment|s1_depth_r[4]|clk                                                           ;
;   3.353 ;   0.482 ; RR ; CELL ; 1      ; FF_X25_Y33_N10    ; zhao_geom_bin_pipe:u_render_bin|zhao_raster_tile_pipe:u_pipe|zhao_raster_fragment:u_fragment|s1_depth_r[4] ;
; 4.177   ; 0.824   ;    ;      ;        ;                   ; data path                                                                                                  ;
;   3.353 ;   0.000 ;    ; uTco ; 1      ; FF_X25_Y33_N10    ; zhao_geom_bin_pipe:u_render_bin|zhao_raster_tile_pipe:u_pipe|zhao_raster_fragment:u_fragment|s1_depth_r[4] ;
;   3.353 ;   0.000 ; RR ; CELL ; 2      ; FF_X25_Y33_N10    ; u_render_bin|u_pipe|u_fragment|s1_depth_r[4]|q                                                             ;
;   3.905 ;   0.552 ; RR ; IC   ; 1      ; FF_X24_Y33_N37    ; u_render_bin|u_pipe|u_fragment|s2_depth_r[4]|asdata                                                        ;
;   4.177 ;   0.272 ; RR ; CELL ; 1      ; FF_X24_Y33_N37    ; zhao_geom_bin_pipe:u_render_bin|zhao_raster_tile_pipe:u_pipe|zhao_raster_fragment:u_fragment|s2_depth_r[4] ;
+---------+---------+----+------+--------+-------------------+------------------------------------------------------------------------------------------------------------+

+--------------------------------------------------------------------------------------------------------------------------------------------------------------------------+
; Data Required Path                                                                                                                                                       ;
+---------+----------+----+------+--------+-------------------+------------------------------------------------------------------------------------------------------------+
; Total   ; Incr     ; RF ; Type ; Fanout ; Location          ; Element                                                                                                    ;
+---------+----------+----+------+--------+-------------------+------------------------------------------------------------------------------------------------------------+
; 0.000   ; 0.000    ;    ;      ;        ;                   ; latch edge time                                                                                            ;
; 3.833   ; 3.833    ;    ;      ;        ;                   ; clock path                                                                                                 ;
;   0.000 ;   0.000  ;    ;      ;        ;                   ; source latency                                                                                             ;
;   0.000 ;   0.000  ;    ;      ; 1      ; LABCELL_X45_Y1_N3 ; gpu_clk                                                                                                    ;
;   2.911 ;   2.911  ; RR ; IC   ; 1      ; CLKCTRL_G5        ; gpu_clk~CLKENA0|inclk                                                                                      ;
;   3.209 ;   0.298  ; RR ; CELL ; 15028  ; CLKCTRL_G5        ; gpu_clk~CLKENA0|outclk                                                                                     ;
;   5.454 ;   2.245  ; RR ; IC   ; 1      ; FF_X24_Y33_N37    ; u_render_bin|u_pipe|u_fragment|s2_depth_r[4]|clk                                                           ;
;   6.036 ;   0.582  ; RR ; CELL ; 1      ; FF_X24_Y33_N37    ; zhao_geom_bin_pipe:u_render_bin|zhao_raster_tile_pipe:u_pipe|zhao_raster_fragment:u_fragment|s2_depth_r[4] ;
;   3.833 ;   -2.203 ;    ;      ;        ;                   ; clock pessimism removed                                                                                    ;
; 3.833   ; 0.000    ;    ;      ;        ;                   ; clock uncertainty                                                                                          ;
; 3.833   ; 0.000    ;    ; uTh  ; 1      ; FF_X24_Y33_N37    ; zhao_geom_bin_pipe:u_render_bin|zhao_raster_tile_pipe:u_pipe|zhao_raster_fragment:u_fragment|s2_depth_r[4] ;
+---------+----------+----+------+--------+-------------------+------------------------------------------------------------------------------------------------------------+

----------------------------
; Extra Fitter Information ;
----------------------------
HTML report is unavailable in plain text report export.


Path #32: Hold slack is 0.348 
===============================================================================
+------------------------------------------------------------------------------------------------------------------------------------+
; Path Summary                                                                                                                       ;
+--------------------+---------------------------------------------------------------------------------------------------------------+
; Property           ; Value                                                                                                         ;
+--------------------+---------------------------------------------------------------------------------------------------------------+
; From Node          ; zhao_geom_bin_pipe:u_render_bin|zhao_raster_tile_pipe:u_pipe|zhao_raster_fragment:u_fragment|s2_dst_rgb_r[19] ;
; To Node            ; zhao_geom_bin_pipe:u_render_bin|zhao_raster_tile_pipe:u_pipe|zhao_raster_fragment:u_fragment|s3_dst_rgb_r[19] ;
; Launch Clock       ; gpu_clk                                                                                                       ;
; Latch Clock        ; gpu_clk                                                                                                       ;
; Data Arrival Time  ; 3.807                                                                                                         ;
; Data Required Time ; 3.459                                                                                                         ;
; Slack              ; 0.348                                                                                                         ;
+--------------------+---------------------------------------------------------------------------------------------------------------+

+-----------------------------------------------------------------------------------+
; Statistics                                                                        ;
+------------------------+-------+-------+-------------+------------+-------+-------+
; Property               ; Value ; Count ; Total Delay ; % of Total ; Min   ; Max   ;
+------------------------+-------+-------+-------------+------------+-------+-------+
; Hold Relationship      ; 0.000 ;       ;             ;            ;       ;       ;
; Clock Skew             ; 0.123 ;       ;             ;            ;       ;       ;
; Data Delay             ; 0.471 ;       ;             ;            ;       ;       ;
; Number of Logic Levels ;       ; 1     ;             ;            ;       ;       ;
; Physical Delays        ;       ;       ;             ;            ;       ;       ;
;  Arrival Path          ;       ;       ;             ;            ;       ;       ;
;   Clock                ;       ;       ;             ;            ;       ;       ;
;    IC                  ;       ; 2     ; 2.580       ; 77         ; 0.734 ; 1.846 ;
;    Cell                ;       ; 2     ; 0.756       ; 23         ; 0.272 ; 0.484 ;
;   Data                 ;       ;       ;             ;            ;       ;       ;
;    IC                  ;       ; 2     ; 0.353       ; 75         ; 0.000 ; 0.353 ;
;    Cell                ;       ; 3     ; 0.118       ; 25         ; 0.000 ; 0.069 ;
;    uTco                ;       ; 1     ; 0.000       ; 0          ; 0.000 ; 0.000 ;
;  Required Path         ;       ;       ;             ;            ;       ;       ;
;   Clock                ;       ;       ;             ;            ;       ;       ;
;    IC                  ;       ; 2     ; 5.168       ; 86         ; 2.257 ; 2.911 ;
;    Cell                ;       ; 2     ; 0.876       ; 14         ; 0.298 ; 0.578 ;
+------------------------+-------+-------+-------------+------------+-------+-------+
Note: Negative delays are omitted from totals when calculating percentages

+------------------------------------------------------------------------------------------------------------------------------------------------------------------------------+
; Data Arrival Path                                                                                                                                                            ;
+---------+---------+----+------+--------+---------------------+---------------------------------------------------------------------------------------------------------------+
; Total   ; Incr    ; RF ; Type ; Fanout ; Location            ; Element                                                                                                       ;
+---------+---------+----+------+--------+---------------------+---------------------------------------------------------------------------------------------------------------+
; 0.000   ; 0.000   ;    ;      ;        ;                     ; launch edge time                                                                                              ;
; 3.336   ; 3.336   ;    ;      ;        ;                     ; clock path                                                                                                    ;
;   0.000 ;   0.000 ;    ;      ;        ;                     ; source latency                                                                                                ;
;   0.000 ;   0.000 ;    ;      ; 1      ; LABCELL_X45_Y1_N3   ; gpu_clk                                                                                                       ;
;   0.734 ;   0.734 ; RR ; IC   ; 1      ; CLKCTRL_G5          ; gpu_clk~CLKENA0|inclk                                                                                         ;
;   1.006 ;   0.272 ; RR ; CELL ; 15028  ; CLKCTRL_G5          ; gpu_clk~CLKENA0|outclk                                                                                        ;
;   2.852 ;   1.846 ; RR ; IC   ; 1      ; FF_X30_Y30_N26      ; u_render_bin|u_pipe|u_fragment|s2_dst_rgb_r[19]|clk                                                           ;
;   3.336 ;   0.484 ; RR ; CELL ; 1      ; FF_X30_Y30_N26      ; zhao_geom_bin_pipe:u_render_bin|zhao_raster_tile_pipe:u_pipe|zhao_raster_fragment:u_fragment|s2_dst_rgb_r[19] ;
; 3.807   ; 0.471   ;    ;      ;        ;                     ; data path                                                                                                     ;
;   3.336 ;   0.000 ;    ; uTco ; 1      ; FF_X30_Y30_N26      ; zhao_geom_bin_pipe:u_render_bin|zhao_raster_tile_pipe:u_pipe|zhao_raster_fragment:u_fragment|s2_dst_rgb_r[19] ;
;   3.336 ;   0.000 ; FF ; CELL ; 1      ; FF_X30_Y30_N26      ; u_render_bin|u_pipe|u_fragment|s2_dst_rgb_r[19]|q                                                             ;
;   3.689 ;   0.353 ; FF ; IC   ; 1      ; LABCELL_X29_Y30_N42 ; u_render_bin|u_pipe|u_fragment|s3_dst_rgb_r[19]~feeder|dataf                                                  ;
;   3.738 ;   0.049 ; FF ; CELL ; 1      ; LABCELL_X29_Y30_N42 ; u_render_bin|u_pipe|u_fragment|s3_dst_rgb_r[19]~feeder|combout                                                ;
;   3.738 ;   0.000 ; FF ; IC   ; 1      ; FF_X29_Y30_N44      ; u_render_bin|u_pipe|u_fragment|s3_dst_rgb_r[19]|d                                                             ;
;   3.807 ;   0.069 ; FF ; CELL ; 1      ; FF_X29_Y30_N44      ; zhao_geom_bin_pipe:u_render_bin|zhao_raster_tile_pipe:u_pipe|zhao_raster_fragment:u_fragment|s3_dst_rgb_r[19] ;
+---------+---------+----+------+--------+---------------------+---------------------------------------------------------------------------------------------------------------+

+-----------------------------------------------------------------------------------------------------------------------------------------------------------------------------+
; Data Required Path                                                                                                                                                          ;
+---------+----------+----+------+--------+-------------------+---------------------------------------------------------------------------------------------------------------+
; Total   ; Incr     ; RF ; Type ; Fanout ; Location          ; Element                                                                                                       ;
+---------+----------+----+------+--------+-------------------+---------------------------------------------------------------------------------------------------------------+
; 0.000   ; 0.000    ;    ;      ;        ;                   ; latch edge time                                                                                               ;
; 3.459   ; 3.459    ;    ;      ;        ;                   ; clock path                                                                                                    ;
;   0.000 ;   0.000  ;    ;      ;        ;                   ; source latency                                                                                                ;
;   0.000 ;   0.000  ;    ;      ; 1      ; LABCELL_X45_Y1_N3 ; gpu_clk                                                                                                       ;
;   2.911 ;   2.911  ; RR ; IC   ; 1      ; CLKCTRL_G5        ; gpu_clk~CLKENA0|inclk                                                                                         ;
;   3.209 ;   0.298  ; RR ; CELL ; 15028  ; CLKCTRL_G5        ; gpu_clk~CLKENA0|outclk                                                                                        ;
;   5.466 ;   2.257  ; RR ; IC   ; 1      ; FF_X29_Y30_N44    ; u_render_bin|u_pipe|u_fragment|s3_dst_rgb_r[19]|clk                                                           ;
;   6.044 ;   0.578  ; RR ; CELL ; 1      ; FF_X29_Y30_N44    ; zhao_geom_bin_pipe:u_render_bin|zhao_raster_tile_pipe:u_pipe|zhao_raster_fragment:u_fragment|s3_dst_rgb_r[19] ;
;   3.459 ;   -2.585 ;    ;      ;        ;                   ; clock pessimism removed                                                                                       ;
; 3.459   ; 0.000    ;    ;      ;        ;                   ; clock uncertainty                                                                                             ;
; 3.459   ; 0.000    ;    ; uTh  ; 1      ; FF_X29_Y30_N44    ; zhao_geom_bin_pipe:u_render_bin|zhao_raster_tile_pipe:u_pipe|zhao_raster_fragment:u_fragment|s3_dst_rgb_r[19] ;
+---------+----------+----+------+--------+-------------------+---------------------------------------------------------------------------------------------------------------+

----------------------------
; Extra Fitter Information ;
----------------------------
HTML report is unavailable in plain text report export.


Path #33: Hold slack is 0.348 
===============================================================================
+-----------------------------------------------------------------+
; Path Summary                                                    ;
+--------------------+--------------------------------------------+
; Property           ; Value                                      ;
+--------------------+--------------------------------------------+
; From Node          ; zhao_cmd_scheduler:u_sched|sh_cycles[41]   ;
; To Node            ; zhao_debug_counters:u_counters|bank[0][41] ;
; Launch Clock       ; gpu_clk                                    ;
; Latch Clock        ; gpu_clk                                    ;
; Data Arrival Time  ; 4.268                                      ;
; Data Required Time ; 3.920                                      ;
; Slack              ; 0.348                                      ;
+--------------------+--------------------------------------------+

+-----------------------------------------------------------------------------------+
; Statistics                                                                        ;
+------------------------+-------+-------+-------------+------------+-------+-------+
; Property               ; Value ; Count ; Total Delay ; % of Total ; Min   ; Max   ;
+------------------------+-------+-------+-------------+------------+-------+-------+
; Hold Relationship      ; 0.000 ;       ;             ;            ;       ;       ;
; Clock Skew             ; 0.573 ;       ;             ;            ;       ;       ;
; Data Delay             ; 0.921 ;       ;             ;            ;       ;       ;
; Number of Logic Levels ;       ; 1     ;             ;            ;       ;       ;
; Physical Delays        ;       ;       ;             ;            ;       ;       ;
;  Arrival Path          ;       ;       ;             ;            ;       ;       ;
;   Clock                ;       ;       ;             ;            ;       ;       ;
;    IC                  ;       ; 2     ; 2.581       ; 77         ; 0.734 ; 1.847 ;
;    Cell                ;       ; 2     ; 0.766       ; 23         ; 0.272 ; 0.494 ;
;   Data                 ;       ;       ;             ;            ;       ;       ;
;    IC                  ;       ; 2     ; 0.798       ; 87         ; 0.000 ; 0.798 ;
;    Cell                ;       ; 3     ; 0.123       ; 13         ; 0.000 ; 0.069 ;
;    uTco                ;       ; 1     ; 0.000       ; 0          ; 0.000 ; 0.000 ;
;  Required Path         ;       ;       ;             ;            ;       ;       ;
;   Clock                ;       ;       ;             ;            ;       ;       ;
;    IC                  ;       ; 2     ; 5.241       ; 86         ; 2.330 ; 2.911 ;
;    Cell                ;       ; 2     ; 0.882       ; 14         ; 0.298 ; 0.584 ;
+------------------------+-------+-------+-------------+------------+-------+-------+
Note: Negative delays are omitted from totals when calculating percentages

+----------------------------------------------------------------------------------------------------------+
; Data Arrival Path                                                                                        ;
+---------+---------+----+------+--------+--------------------+--------------------------------------------+
; Total   ; Incr    ; RF ; Type ; Fanout ; Location           ; Element                                    ;
+---------+---------+----+------+--------+--------------------+--------------------------------------------+
; 0.000   ; 0.000   ;    ;      ;        ;                    ; launch edge time                           ;
; 3.347   ; 3.347   ;    ;      ;        ;                    ; clock path                                 ;
;   0.000 ;   0.000 ;    ;      ;        ;                    ; source latency                             ;
;   0.000 ;   0.000 ;    ;      ; 1      ; LABCELL_X45_Y1_N3  ; gpu_clk                                    ;
;   0.734 ;   0.734 ; RR ; IC   ; 1      ; CLKCTRL_G5         ; gpu_clk~CLKENA0|inclk                      ;
;   1.006 ;   0.272 ; RR ; CELL ; 15028  ; CLKCTRL_G5         ; gpu_clk~CLKENA0|outclk                     ;
;   2.853 ;   1.847 ; RR ; IC   ; 1      ; FF_X21_Y8_N31      ; u_sched|sh_cycles[41]|clk                  ;
;   3.347 ;   0.494 ; RR ; CELL ; 1      ; FF_X21_Y8_N31      ; zhao_cmd_scheduler:u_sched|sh_cycles[41]   ;
; 4.268   ; 0.921   ;    ;      ;        ;                    ; data path                                  ;
;   3.347 ;   0.000 ;    ; uTco ; 1      ; FF_X21_Y8_N31      ; zhao_cmd_scheduler:u_sched|sh_cycles[41]   ;
;   3.347 ;   0.000 ; RR ; CELL ; 1      ; FF_X21_Y8_N31      ; u_sched|sh_cycles[41]|q                    ;
;   4.145 ;   0.798 ; RR ; IC   ; 1      ; MLABCELL_X25_Y6_N9 ; u_counters|bank[0][41]~feeder|dataf        ;
;   4.199 ;   0.054 ; RR ; CELL ; 1      ; MLABCELL_X25_Y6_N9 ; u_counters|bank[0][41]~feeder|combout      ;
;   4.199 ;   0.000 ; RR ; IC   ; 1      ; FF_X25_Y6_N11      ; u_counters|bank[0][41]|d                   ;
;   4.268 ;   0.069 ; RR ; CELL ; 1      ; FF_X25_Y6_N11      ; zhao_debug_counters:u_counters|bank[0][41] ;
+---------+---------+----+------+--------+--------------------+--------------------------------------------+

+----------------------------------------------------------------------------------------------------------+
; Data Required Path                                                                                       ;
+---------+----------+----+------+--------+-------------------+--------------------------------------------+
; Total   ; Incr     ; RF ; Type ; Fanout ; Location          ; Element                                    ;
+---------+----------+----+------+--------+-------------------+--------------------------------------------+
; 0.000   ; 0.000    ;    ;      ;        ;                   ; latch edge time                            ;
; 3.920   ; 3.920    ;    ;      ;        ;                   ; clock path                                 ;
;   0.000 ;   0.000  ;    ;      ;        ;                   ; source latency                             ;
;   0.000 ;   0.000  ;    ;      ; 1      ; LABCELL_X45_Y1_N3 ; gpu_clk                                    ;
;   2.911 ;   2.911  ; RR ; IC   ; 1      ; CLKCTRL_G5        ; gpu_clk~CLKENA0|inclk                      ;
;   3.209 ;   0.298  ; RR ; CELL ; 15028  ; CLKCTRL_G5        ; gpu_clk~CLKENA0|outclk                     ;
;   5.539 ;   2.330  ; RR ; IC   ; 1      ; FF_X25_Y6_N11     ; u_counters|bank[0][41]|clk                 ;
;   6.123 ;   0.584  ; RR ; CELL ; 1      ; FF_X25_Y6_N11     ; zhao_debug_counters:u_counters|bank[0][41] ;
;   3.920 ;   -2.203 ;    ;      ;        ;                   ; clock pessimism removed                    ;
; 3.920   ; 0.000    ;    ;      ;        ;                   ; clock uncertainty                          ;
; 3.920   ; 0.000    ;    ; uTh  ; 1      ; FF_X25_Y6_N11     ; zhao_debug_counters:u_counters|bank[0][41] ;
+---------+----------+----+------+--------+-------------------+--------------------------------------------+

----------------------------
; Extra Fitter Information ;
----------------------------
HTML report is unavailable in plain text report export.


Path #34: Hold slack is 0.349 
===============================================================================
+---------------------------------------------------------------------------------------------------------------------------------+
; Path Summary                                                                                                                    ;
+--------------------+------------------------------------------------------------------------------------------------------------+
; Property           ; Value                                                                                                      ;
+--------------------+------------------------------------------------------------------------------------------------------------+
; From Node          ; zhao_geom_bin_pipe:u_render_bin|zhao_raster_tile_pipe:u_pipe|zhao_skid2:u_cand_skid|mem[1][141]            ;
; To Node            ; zhao_geom_bin_pipe:u_render_bin|zhao_raster_tile_pipe:u_pipe|zhao_raster_fragment:u_fragment|s0_depth_r[5] ;
; Launch Clock       ; gpu_clk                                                                                                    ;
; Latch Clock        ; gpu_clk                                                                                                    ;
; Data Arrival Time  ; 3.823                                                                                                      ;
; Data Required Time ; 3.474                                                                                                      ;
; Slack              ; 0.349                                                                                                      ;
+--------------------+------------------------------------------------------------------------------------------------------------+

+-----------------------------------------------------------------------------------+
; Statistics                                                                        ;
+------------------------+-------+-------+-------------+------------+-------+-------+
; Property               ; Value ; Count ; Total Delay ; % of Total ; Min   ; Max   ;
+------------------------+-------+-------+-------------+------------+-------+-------+
; Hold Relationship      ; 0.000 ;       ;             ;            ;       ;       ;
; Clock Skew             ; 0.118 ;       ;             ;            ;       ;       ;
; Data Delay             ; 0.467 ;       ;             ;            ;       ;       ;
; Number of Logic Levels ;       ; 1     ;             ;            ;       ;       ;
; Physical Delays        ;       ;       ;             ;            ;       ;       ;
;  Arrival Path          ;       ;       ;             ;            ;       ;       ;
;   Clock                ;       ;       ;             ;            ;       ;       ;
;    IC                  ;       ; 2     ; 2.583       ; 77         ; 0.734 ; 1.849 ;
;    Cell                ;       ; 2     ; 0.773       ; 23         ; 0.272 ; 0.501 ;
;   Data                 ;       ;       ;             ;            ;       ;       ;
;    IC                  ;       ; 2     ; 0.350       ; 75         ; 0.000 ; 0.350 ;
;    Cell                ;       ; 3     ; 0.117       ; 25         ; 0.000 ; 0.068 ;
;    uTco                ;       ; 1     ; 0.000       ; 0          ; 0.000 ; 0.000 ;
;  Required Path         ;       ;       ;             ;            ;       ;       ;
;   Clock                ;       ;       ;             ;            ;       ;       ;
;    IC                  ;       ; 2     ; 5.171       ; 85         ; 2.260 ; 2.911 ;
;    Cell                ;       ; 2     ; 0.887       ; 15         ; 0.298 ; 0.589 ;
+------------------------+-------+-------+-------------+------------+-------+-------+
Note: Negative delays are omitted from totals when calculating percentages

+---------------------------------------------------------------------------------------------------------------------------------------------------------------------------+
; Data Arrival Path                                                                                                                                                         ;
+---------+---------+----+------+--------+---------------------+------------------------------------------------------------------------------------------------------------+
; Total   ; Incr    ; RF ; Type ; Fanout ; Location            ; Element                                                                                                    ;
+---------+---------+----+------+--------+---------------------+------------------------------------------------------------------------------------------------------------+
; 0.000   ; 0.000   ;    ;      ;        ;                     ; launch edge time                                                                                           ;
; 3.356   ; 3.356   ;    ;      ;        ;                     ; clock path                                                                                                 ;
;   0.000 ;   0.000 ;    ;      ;        ;                     ; source latency                                                                                             ;
;   0.000 ;   0.000 ;    ;      ; 1      ; LABCELL_X45_Y1_N3   ; gpu_clk                                                                                                    ;
;   0.734 ;   0.734 ; RR ; IC   ; 1      ; CLKCTRL_G5          ; gpu_clk~CLKENA0|inclk                                                                                      ;
;   1.006 ;   0.272 ; RR ; CELL ; 15028  ; CLKCTRL_G5          ; gpu_clk~CLKENA0|outclk                                                                                     ;
;   2.855 ;   1.849 ; RR ; IC   ; 1      ; FF_X27_Y36_N13      ; u_render_bin|u_pipe|u_cand_skid|mem[1][141]|clk                                                            ;
;   3.356 ;   0.501 ; RR ; CELL ; 1      ; FF_X27_Y36_N13      ; zhao_geom_bin_pipe:u_render_bin|zhao_raster_tile_pipe:u_pipe|zhao_skid2:u_cand_skid|mem[1][141]            ;
; 3.823   ; 0.467   ;    ;      ;        ;                     ; data path                                                                                                  ;
;   3.356 ;   0.000 ;    ; uTco ; 1      ; FF_X27_Y36_N13      ; zhao_geom_bin_pipe:u_render_bin|zhao_raster_tile_pipe:u_pipe|zhao_skid2:u_cand_skid|mem[1][141]            ;
;   3.356 ;   0.000 ; FF ; CELL ; 1      ; FF_X27_Y36_N13      ; u_render_bin|u_pipe|u_cand_skid|mem[1][141]|q                                                              ;
;   3.706 ;   0.350 ; FF ; IC   ; 1      ; LABCELL_X27_Y36_N24 ; u_render_bin|u_pipe|u_fragment|s0_depth_r[5]~feeder|dataf                                                  ;
;   3.755 ;   0.049 ; FF ; CELL ; 1      ; LABCELL_X27_Y36_N24 ; u_render_bin|u_pipe|u_fragment|s0_depth_r[5]~feeder|combout                                                ;
;   3.755 ;   0.000 ; FF ; IC   ; 1      ; FF_X27_Y36_N25      ; u_render_bin|u_pipe|u_fragment|s0_depth_r[5]|d                                                             ;
;   3.823 ;   0.068 ; FF ; CELL ; 1      ; FF_X27_Y36_N25      ; zhao_geom_bin_pipe:u_render_bin|zhao_raster_tile_pipe:u_pipe|zhao_raster_fragment:u_fragment|s0_depth_r[5] ;
+---------+---------+----+------+--------+---------------------+------------------------------------------------------------------------------------------------------------+

+--------------------------------------------------------------------------------------------------------------------------------------------------------------------------+
; Data Required Path                                                                                                                                                       ;
+---------+----------+----+------+--------+-------------------+------------------------------------------------------------------------------------------------------------+
; Total   ; Incr     ; RF ; Type ; Fanout ; Location          ; Element                                                                                                    ;
+---------+----------+----+------+--------+-------------------+------------------------------------------------------------------------------------------------------------+
; 0.000   ; 0.000    ;    ;      ;        ;                   ; latch edge time                                                                                            ;
; 3.474   ; 3.474    ;    ;      ;        ;                   ; clock path                                                                                                 ;
;   0.000 ;   0.000  ;    ;      ;        ;                   ; source latency                                                                                             ;
;   0.000 ;   0.000  ;    ;      ; 1      ; LABCELL_X45_Y1_N3 ; gpu_clk                                                                                                    ;
;   2.911 ;   2.911  ; RR ; IC   ; 1      ; CLKCTRL_G5        ; gpu_clk~CLKENA0|inclk                                                                                      ;
;   3.209 ;   0.298  ; RR ; CELL ; 15028  ; CLKCTRL_G5        ; gpu_clk~CLKENA0|outclk                                                                                     ;
;   5.469 ;   2.260  ; RR ; IC   ; 1      ; FF_X27_Y36_N25    ; u_render_bin|u_pipe|u_fragment|s0_depth_r[5]|clk                                                           ;
;   6.058 ;   0.589  ; RR ; CELL ; 1      ; FF_X27_Y36_N25    ; zhao_geom_bin_pipe:u_render_bin|zhao_raster_tile_pipe:u_pipe|zhao_raster_fragment:u_fragment|s0_depth_r[5] ;
;   3.474 ;   -2.584 ;    ;      ;        ;                   ; clock pessimism removed                                                                                    ;
; 3.474   ; 0.000    ;    ;      ;        ;                   ; clock uncertainty                                                                                          ;
; 3.474   ; 0.000    ;    ; uTh  ; 1      ; FF_X27_Y36_N25    ; zhao_geom_bin_pipe:u_render_bin|zhao_raster_tile_pipe:u_pipe|zhao_raster_fragment:u_fragment|s0_depth_r[5] ;
+---------+----------+----+------+--------+-------------------+------------------------------------------------------------------------------------------------------------+

----------------------------
; Extra Fitter Information ;
----------------------------
HTML report is unavailable in plain text report export.


Path #35: Hold slack is 0.349 
===============================================================================
+----------------------------------------------------------------+
; Path Summary                                                   ;
+--------------------+-------------------------------------------+
; Property           ; Value                                     ;
+--------------------+-------------------------------------------+
; From Node          ; zhao_cmd_dma:u_dma|fetched[4]~DUPLICATE   ;
; To Node            ; zhao_cmd_dma:u_dma|burst_end[4]_OTERM2466 ;
; Launch Clock       ; gpu_clk                                   ;
; Latch Clock        ; gpu_clk                                   ;
; Data Arrival Time  ; 4.173                                     ;
; Data Required Time ; 3.824                                     ;
; Slack              ; 0.349                                     ;
+--------------------+-------------------------------------------+

+-----------------------------------------------------------------------------------+
; Statistics                                                                        ;
+------------------------+-------+-------+-------------+------------+-------+-------+
; Property               ; Value ; Count ; Total Delay ; % of Total ; Min   ; Max   ;
+------------------------+-------+-------+-------------+------------+-------+-------+
; Hold Relationship      ; 0.000 ;       ;             ;            ;       ;       ;
; Clock Skew             ; 0.480 ;       ;             ;            ;       ;       ;
; Data Delay             ; 0.829 ;       ;             ;            ;       ;       ;
; Number of Logic Levels ;       ; 1     ;             ;            ;       ;       ;
; Physical Delays        ;       ;       ;             ;            ;       ;       ;
;  Arrival Path          ;       ;       ;             ;            ;       ;       ;
;   Clock                ;       ;       ;             ;            ;       ;       ;
;    IC                  ;       ; 2     ; 2.570       ; 77         ; 0.734 ; 1.836 ;
;    Cell                ;       ; 2     ; 0.774       ; 23         ; 0.272 ; 0.502 ;
;   Data                 ;       ;       ;             ;            ;       ;       ;
;    IC                  ;       ; 2     ; 0.701       ; 85         ; 0.000 ; 0.701 ;
;    Cell                ;       ; 3     ; 0.128       ; 15         ; 0.000 ; 0.067 ;
;    uTco                ;       ; 1     ; 0.000       ; 0          ; 0.000 ; 0.000 ;
;  Required Path         ;       ;       ;             ;            ;       ;       ;
;   Clock                ;       ;       ;             ;            ;       ;       ;
;    IC                  ;       ; 2     ; 5.169       ; 86         ; 2.258 ; 2.911 ;
;    Cell                ;       ; 2     ; 0.858       ; 14         ; 0.298 ; 0.560 ;
+------------------------+-------+-------+-------------+------------+-------+-------+
Note: Negative delays are omitted from totals when calculating percentages

+----------------------------------------------------------------------------------------------------------+
; Data Arrival Path                                                                                        ;
+---------+---------+----+------+--------+---------------------+-------------------------------------------+
; Total   ; Incr    ; RF ; Type ; Fanout ; Location            ; Element                                   ;
+---------+---------+----+------+--------+---------------------+-------------------------------------------+
; 0.000   ; 0.000   ;    ;      ;        ;                     ; launch edge time                          ;
; 3.344   ; 3.344   ;    ;      ;        ;                     ; clock path                                ;
;   0.000 ;   0.000 ;    ;      ;        ;                     ; source latency                            ;
;   0.000 ;   0.000 ;    ;      ; 1      ; LABCELL_X45_Y1_N3   ; gpu_clk                                   ;
;   0.734 ;   0.734 ; RR ; IC   ; 1      ; CLKCTRL_G5          ; gpu_clk~CLKENA0|inclk                     ;
;   1.006 ;   0.272 ; RR ; CELL ; 15028  ; CLKCTRL_G5          ; gpu_clk~CLKENA0|outclk                    ;
;   2.842 ;   1.836 ; RR ; IC   ; 1      ; FF_X74_Y19_N16      ; u_dma|fetched[4]~DUPLICATE|clk            ;
;   3.344 ;   0.502 ; RR ; CELL ; 1      ; FF_X74_Y19_N16      ; zhao_cmd_dma:u_dma|fetched[4]~DUPLICATE   ;
; 4.173   ; 0.829   ;    ;      ;        ;                     ; data path                                 ;
;   3.344 ;   0.000 ;    ; uTco ; 1      ; FF_X74_Y19_N16      ; zhao_cmd_dma:u_dma|fetched[4]~DUPLICATE   ;
;   3.344 ;   0.000 ; RR ; CELL ; 5      ; FF_X74_Y19_N16      ; u_dma|fetched[4]~DUPLICATE|q              ;
;   4.045 ;   0.701 ; RR ; IC   ; 2      ; MLABCELL_X72_Y18_N3 ; u_dma|Add24~41|dataf                      ;
;   4.112 ;   0.067 ; RR ; CELL ; 1      ; MLABCELL_X72_Y18_N3 ; u_dma|Add24~41|sumout                     ;
;   4.112 ;   0.000 ; RR ; IC   ; 1      ; FF_X72_Y18_N4       ; u_dma|burst_end[4]_NEW_REG2465|d          ;
;   4.173 ;   0.061 ; RR ; CELL ; 1      ; FF_X72_Y18_N4       ; zhao_cmd_dma:u_dma|burst_end[4]_OTERM2466 ;
+---------+---------+----+------+--------+---------------------+-------------------------------------------+

+---------------------------------------------------------------------------------------------------------+
; Data Required Path                                                                                      ;
+---------+----------+----+------+--------+-------------------+-------------------------------------------+
; Total   ; Incr     ; RF ; Type ; Fanout ; Location          ; Element                                   ;
+---------+----------+----+------+--------+-------------------+-------------------------------------------+
; 0.000   ; 0.000    ;    ;      ;        ;                   ; latch edge time                           ;
; 3.824   ; 3.824    ;    ;      ;        ;                   ; clock path                                ;
;   0.000 ;   0.000  ;    ;      ;        ;                   ; source latency                            ;
;   0.000 ;   0.000  ;    ;      ; 1      ; LABCELL_X45_Y1_N3 ; gpu_clk                                   ;
;   2.911 ;   2.911  ; RR ; IC   ; 1      ; CLKCTRL_G5        ; gpu_clk~CLKENA0|inclk                     ;
;   3.209 ;   0.298  ; RR ; CELL ; 15028  ; CLKCTRL_G5        ; gpu_clk~CLKENA0|outclk                    ;
;   5.467 ;   2.258  ; RR ; IC   ; 1      ; FF_X72_Y18_N4     ; u_dma|burst_end[4]_NEW_REG2465|clk        ;
;   6.027 ;   0.560  ; RR ; CELL ; 1      ; FF_X72_Y18_N4     ; zhao_cmd_dma:u_dma|burst_end[4]_OTERM2466 ;
;   3.824 ;   -2.203 ;    ;      ;        ;                   ; clock pessimism removed                   ;
; 3.824   ; 0.000    ;    ;      ;        ;                   ; clock uncertainty                         ;
; 3.824   ; 0.000    ;    ; uTh  ; 1      ; FF_X72_Y18_N4     ; zhao_cmd_dma:u_dma|burst_end[4]_OTERM2466 ;
+---------+----------+----+------+--------+-------------------+-------------------------------------------+

----------------------------
; Extra Fitter Information ;
----------------------------
HTML report is unavailable in plain text report export.


Path #36: Hold slack is 0.349 
===============================================================================
+---------------------------------------------------------------------+
; Path Summary                                                        ;
+--------------------+------------------------------------------------+
; Property           ; Value                                          ;
+--------------------+------------------------------------------------+
; From Node          ; zhao_cmd_scheduler:u_sched|rumble_str[4]       ;
; To Node            ; zhao_input_rumble:u_rumble|pend_strength[1][4] ;
; Launch Clock       ; gpu_clk                                        ;
; Latch Clock        ; gpu_clk                                        ;
; Data Arrival Time  ; 4.224                                          ;
; Data Required Time ; 3.875                                          ;
; Slack              ; 0.349                                          ;
+--------------------+------------------------------------------------+

+-----------------------------------------------------------------------------------+
; Statistics                                                                        ;
+------------------------+-------+-------+-------------+------------+-------+-------+
; Property               ; Value ; Count ; Total Delay ; % of Total ; Min   ; Max   ;
+------------------------+-------+-------+-------------+------------+-------+-------+
; Hold Relationship      ; 0.000 ;       ;             ;            ;       ;       ;
; Clock Skew             ; 0.485 ;       ;             ;            ;       ;       ;
; Data Delay             ; 0.834 ;       ;             ;            ;       ;       ;
; Number of Logic Levels ;       ; 0     ;             ;            ;       ;       ;
; Physical Delays        ;       ;       ;             ;            ;       ;       ;
;  Arrival Path          ;       ;       ;             ;            ;       ;       ;
;   Clock                ;       ;       ;             ;            ;       ;       ;
;    IC                  ;       ; 2     ; 2.611       ; 77         ; 0.734 ; 1.877 ;
;    Cell                ;       ; 2     ; 0.779       ; 23         ; 0.272 ; 0.507 ;
;   Data                 ;       ;       ;             ;            ;       ;       ;
;    IC                  ;       ; 1     ; 0.554       ; 66         ; 0.554 ; 0.554 ;
;    Cell                ;       ; 2     ; 0.280       ; 34         ; 0.000 ; 0.280 ;
;    uTco                ;       ; 1     ; 0.000       ; 0          ; 0.000 ; 0.000 ;
;  Required Path         ;       ;       ;             ;            ;       ;       ;
;   Clock                ;       ;       ;             ;            ;       ;       ;
;    IC                  ;       ; 2     ; 5.198       ; 86         ; 2.287 ; 2.911 ;
;    Cell                ;       ; 2     ; 0.880       ; 14         ; 0.298 ; 0.582 ;
+------------------------+-------+-------+-------------+------------+-------+-------+
Note: Negative delays are omitted from totals when calculating percentages

+-------------------------------------------------------------------------------------------------------------+
; Data Arrival Path                                                                                           ;
+---------+---------+----+------+--------+-------------------+------------------------------------------------+
; Total   ; Incr    ; RF ; Type ; Fanout ; Location          ; Element                                        ;
+---------+---------+----+------+--------+-------------------+------------------------------------------------+
; 0.000   ; 0.000   ;    ;      ;        ;                   ; launch edge time                               ;
; 3.390   ; 3.390   ;    ;      ;        ;                   ; clock path                                     ;
;   0.000 ;   0.000 ;    ;      ;        ;                   ; source latency                                 ;
;   0.000 ;   0.000 ;    ;      ; 1      ; LABCELL_X45_Y1_N3 ; gpu_clk                                        ;
;   0.734 ;   0.734 ; RR ; IC   ; 1      ; CLKCTRL_G5        ; gpu_clk~CLKENA0|inclk                          ;
;   1.006 ;   0.272 ; RR ; CELL ; 15028  ; CLKCTRL_G5        ; gpu_clk~CLKENA0|outclk                         ;
;   2.883 ;   1.877 ; RR ; IC   ; 1      ; FF_X62_Y6_N43     ; u_sched|rumble_str[4]|clk                      ;
;   3.390 ;   0.507 ; RR ; CELL ; 1      ; FF_X62_Y6_N43     ; zhao_cmd_scheduler:u_sched|rumble_str[4]       ;
; 4.224   ; 0.834   ;    ;      ;        ;                   ; data path                                      ;
;   3.390 ;   0.000 ;    ; uTco ; 1      ; FF_X62_Y6_N43     ; zhao_cmd_scheduler:u_sched|rumble_str[4]       ;
;   3.390 ;   0.000 ; FF ; CELL ; 6      ; FF_X62_Y6_N43     ; u_sched|rumble_str[4]|q                        ;
;   3.944 ;   0.554 ; FF ; IC   ; 1      ; FF_X67_Y6_N2      ; u_rumble|pend_strength[1][4]|asdata            ;
;   4.224 ;   0.280 ; FF ; CELL ; 1      ; FF_X67_Y6_N2      ; zhao_input_rumble:u_rumble|pend_strength[1][4] ;
+---------+---------+----+------+--------+-------------------+------------------------------------------------+

+--------------------------------------------------------------------------------------------------------------+
; Data Required Path                                                                                           ;
+---------+----------+----+------+--------+-------------------+------------------------------------------------+
; Total   ; Incr     ; RF ; Type ; Fanout ; Location          ; Element                                        ;
+---------+----------+----+------+--------+-------------------+------------------------------------------------+
; 0.000   ; 0.000    ;    ;      ;        ;                   ; latch edge time                                ;
; 3.875   ; 3.875    ;    ;      ;        ;                   ; clock path                                     ;
;   0.000 ;   0.000  ;    ;      ;        ;                   ; source latency                                 ;
;   0.000 ;   0.000  ;    ;      ; 1      ; LABCELL_X45_Y1_N3 ; gpu_clk                                        ;
;   2.911 ;   2.911  ; RR ; IC   ; 1      ; CLKCTRL_G5        ; gpu_clk~CLKENA0|inclk                          ;
;   3.209 ;   0.298  ; RR ; CELL ; 15028  ; CLKCTRL_G5        ; gpu_clk~CLKENA0|outclk                         ;
;   5.496 ;   2.287  ; RR ; IC   ; 1      ; FF_X67_Y6_N2      ; u_rumble|pend_strength[1][4]|clk               ;
;   6.078 ;   0.582  ; RR ; CELL ; 1      ; FF_X67_Y6_N2      ; zhao_input_rumble:u_rumble|pend_strength[1][4] ;
;   3.875 ;   -2.203 ;    ;      ;        ;                   ; clock pessimism removed                        ;
; 3.875   ; 0.000    ;    ;      ;        ;                   ; clock uncertainty                              ;
; 3.875   ; 0.000    ;    ; uTh  ; 1      ; FF_X67_Y6_N2      ; zhao_input_rumble:u_rumble|pend_strength[1][4] ;
+---------+----------+----+------+--------+-------------------+------------------------------------------------+

----------------------------
; Extra Fitter Information ;
----------------------------
HTML report is unavailable in plain text report export.


Path #37: Hold slack is 0.350 
===============================================================================
+--------------------------------------------------------------------------------------------------------------------------------------------+
; Path Summary                                                                                                                               ;
+--------------------+-----------------------------------------------------------------------------------------------------------------------+
; Property           ; Value                                                                                                                 ;
+--------------------+-----------------------------------------------------------------------------------------------------------------------+
; From Node          ; zhao_geom_bin_pipe:u_render_bin|zhao_raster_tile_pipe:u_pipe|zhao_raster_fragment:u_fragment|s1_depth_r[15]~DUPLICATE ;
; To Node            ; zhao_geom_bin_pipe:u_render_bin|zhao_raster_tile_pipe:u_pipe|zhao_raster_fragment:u_fragment|s2_live_r_OTERM3         ;
; Launch Clock       ; gpu_clk                                                                                                               ;
; Latch Clock        ; gpu_clk                                                                                                               ;
; Data Arrival Time  ; 4.208                                                                                                                 ;
; Data Required Time ; 3.858                                                                                                                 ;
; Slack              ; 0.350                                                                                                                 ;
+--------------------+-----------------------------------------------------------------------------------------------------------------------+

+-----------------------------------------------------------------------------------+
; Statistics                                                                        ;
+------------------------+-------+-------+-------------+------------+-------+-------+
; Property               ; Value ; Count ; Total Delay ; % of Total ; Min   ; Max   ;
+------------------------+-------+-------+-------------+------------+-------+-------+
; Hold Relationship      ; 0.000 ;       ;             ;            ;       ;       ;
; Clock Skew             ; 0.517 ;       ;             ;            ;       ;       ;
; Data Delay             ; 0.867 ;       ;             ;            ;       ;       ;
; Number of Logic Levels ;       ; 1     ;             ;            ;       ;       ;
; Physical Delays        ;       ;       ;             ;            ;       ;       ;
;  Arrival Path          ;       ;       ;             ;            ;       ;       ;
;   Clock                ;       ;       ;             ;            ;       ;       ;
;    IC                  ;       ; 2     ; 2.582       ; 77         ; 0.734 ; 1.848 ;
;    Cell                ;       ; 2     ; 0.759       ; 23         ; 0.272 ; 0.487 ;
;   Data                 ;       ;       ;             ;            ;       ;       ;
;    IC                  ;       ; 2     ; 0.557       ; 64         ; 0.000 ; 0.557 ;
;    Cell                ;       ; 3     ; 0.310       ; 36         ; 0.000 ; 0.243 ;
;    uTco                ;       ; 1     ; 0.000       ; 0          ; 0.000 ; 0.000 ;
;  Required Path         ;       ;       ;             ;            ;       ;       ;
;   Clock                ;       ;       ;             ;            ;       ;       ;
;    IC                  ;       ; 2     ; 5.186       ; 86         ; 2.275 ; 2.911 ;
;    Cell                ;       ; 2     ; 0.875       ; 14         ; 0.298 ; 0.577 ;
+------------------------+-------+-------+-------------+------------+-------+-------+
Note: Negative delays are omitted from totals when calculating percentages

+---------------------------------------------------------------------------------------------------------------------------------------------------------------------------------------+
; Data Arrival Path                                                                                                                                                                     ;
+---------+---------+----+------+--------+----------------------+-----------------------------------------------------------------------------------------------------------------------+
; Total   ; Incr    ; RF ; Type ; Fanout ; Location             ; Element                                                                                                               ;
+---------+---------+----+------+--------+----------------------+-----------------------------------------------------------------------------------------------------------------------+
; 0.000   ; 0.000   ;    ;      ;        ;                      ; launch edge time                                                                                                      ;
; 3.341   ; 3.341   ;    ;      ;        ;                      ; clock path                                                                                                            ;
;   0.000 ;   0.000 ;    ;      ;        ;                      ; source latency                                                                                                        ;
;   0.000 ;   0.000 ;    ;      ; 1      ; LABCELL_X45_Y1_N3    ; gpu_clk                                                                                                               ;
;   0.734 ;   0.734 ; RR ; IC   ; 1      ; CLKCTRL_G5           ; gpu_clk~CLKENA0|inclk                                                                                                 ;
;   1.006 ;   0.272 ; RR ; CELL ; 15028  ; CLKCTRL_G5           ; gpu_clk~CLKENA0|outclk                                                                                                ;
;   2.854 ;   1.848 ; RR ; IC   ; 1      ; FF_X24_Y32_N28       ; u_render_bin|u_pipe|u_fragment|s1_depth_r[15]~DUPLICATE|clk                                                           ;
;   3.341 ;   0.487 ; RR ; CELL ; 1      ; FF_X24_Y32_N28       ; zhao_geom_bin_pipe:u_render_bin|zhao_raster_tile_pipe:u_pipe|zhao_raster_fragment:u_fragment|s1_depth_r[15]~DUPLICATE ;
; 4.208   ; 0.867   ;    ;      ;        ;                      ; data path                                                                                                             ;
;   3.341 ;   0.000 ;    ; uTco ; 1      ; FF_X24_Y32_N28       ; zhao_geom_bin_pipe:u_render_bin|zhao_raster_tile_pipe:u_pipe|zhao_raster_fragment:u_fragment|s1_depth_r[15]~DUPLICATE ;
;   3.341 ;   0.000 ; RR ; CELL ; 2      ; FF_X24_Y32_N28       ; u_render_bin|u_pipe|u_fragment|s1_depth_r[15]~DUPLICATE|q                                                             ;
;   3.898 ;   0.557 ; RR ; IC   ; 1      ; MLABCELL_X25_Y32_N12 ; u_render_bin|u_pipe|u_fragment|LessThan0~9|datac                                                                      ;
;   4.141 ;   0.243 ; RR ; CELL ; 1      ; MLABCELL_X25_Y32_N12 ; u_render_bin|u_pipe|u_fragment|LessThan0~9|combout                                                                    ;
;   4.141 ;   0.000 ; RR ; IC   ; 1      ; FF_X25_Y32_N13       ; u_render_bin|u_pipe|u_fragment|s2_live_r_NEW_REG2|d                                                                   ;
;   4.208 ;   0.067 ; RR ; CELL ; 1      ; FF_X25_Y32_N13       ; zhao_geom_bin_pipe:u_render_bin|zhao_raster_tile_pipe:u_pipe|zhao_raster_fragment:u_fragment|s2_live_r_OTERM3         ;
+---------+---------+----+------+--------+----------------------+-----------------------------------------------------------------------------------------------------------------------+

+-----------------------------------------------------------------------------------------------------------------------------------------------------------------------------+
; Data Required Path                                                                                                                                                          ;
+---------+----------+----+------+--------+-------------------+---------------------------------------------------------------------------------------------------------------+
; Total   ; Incr     ; RF ; Type ; Fanout ; Location          ; Element                                                                                                       ;
+---------+----------+----+------+--------+-------------------+---------------------------------------------------------------------------------------------------------------+
; 0.000   ; 0.000    ;    ;      ;        ;                   ; latch edge time                                                                                               ;
; 3.858   ; 3.858    ;    ;      ;        ;                   ; clock path                                                                                                    ;
;   0.000 ;   0.000  ;    ;      ;        ;                   ; source latency                                                                                                ;
;   0.000 ;   0.000  ;    ;      ; 1      ; LABCELL_X45_Y1_N3 ; gpu_clk                                                                                                       ;
;   2.911 ;   2.911  ; RR ; IC   ; 1      ; CLKCTRL_G5        ; gpu_clk~CLKENA0|inclk                                                                                         ;
;   3.209 ;   0.298  ; RR ; CELL ; 15028  ; CLKCTRL_G5        ; gpu_clk~CLKENA0|outclk                                                                                        ;
;   5.484 ;   2.275  ; RR ; IC   ; 1      ; FF_X25_Y32_N13    ; u_render_bin|u_pipe|u_fragment|s2_live_r_NEW_REG2|clk                                                         ;
;   6.061 ;   0.577  ; RR ; CELL ; 1      ; FF_X25_Y32_N13    ; zhao_geom_bin_pipe:u_render_bin|zhao_raster_tile_pipe:u_pipe|zhao_raster_fragment:u_fragment|s2_live_r_OTERM3 ;
;   3.858 ;   -2.203 ;    ;      ;        ;                   ; clock pessimism removed                                                                                       ;
; 3.858   ; 0.000    ;    ;      ;        ;                   ; clock uncertainty                                                                                             ;
; 3.858   ; 0.000    ;    ; uTh  ; 1      ; FF_X25_Y32_N13    ; zhao_geom_bin_pipe:u_render_bin|zhao_raster_tile_pipe:u_pipe|zhao_raster_fragment:u_fragment|s2_live_r_OTERM3 ;
+---------+----------+----+------+--------+-------------------+---------------------------------------------------------------------------------------------------------------+

----------------------------
; Extra Fitter Information ;
----------------------------
HTML report is unavailable in plain text report export.


Path #38: Hold slack is 0.356 
===============================================================================
+---------------------------------------------------------------------------------------------------------------------------+
; Path Summary                                                                                                              ;
+--------------------+------------------------------------------------------------------------------------------------------+
; Property           ; Value                                                                                                ;
+--------------------+------------------------------------------------------------------------------------------------------+
; From Node          ; zhao_geom_bin_pipe:u_render_bin|zhao_raster_tile_pipe:u_pipe|clear_r[27]                             ;
; To Node            ; zhao_geom_bin_pipe:u_render_bin|zhao_raster_tile_pipe:u_pipe|zhao_raster_earlyz:u_earlyz|floor_r[19] ;
; Launch Clock       ; gpu_clk                                                                                              ;
; Latch Clock        ; gpu_clk                                                                                              ;
; Data Arrival Time  ; 4.259                                                                                                ;
; Data Required Time ; 3.903                                                                                                ;
; Slack              ; 0.356                                                                                                ;
+--------------------+------------------------------------------------------------------------------------------------------+

+-----------------------------------------------------------------------------------+
; Statistics                                                                        ;
+------------------------+-------+-------+-------------+------------+-------+-------+
; Property               ; Value ; Count ; Total Delay ; % of Total ; Min   ; Max   ;
+------------------------+-------+-------+-------------+------------+-------+-------+
; Hold Relationship      ; 0.000 ;       ;             ;            ;       ;       ;
; Clock Skew             ; 0.568 ;       ;             ;            ;       ;       ;
; Data Delay             ; 0.924 ;       ;             ;            ;       ;       ;
; Number of Logic Levels ;       ; 1     ;             ;            ;       ;       ;
; Physical Delays        ;       ;       ;             ;            ;       ;       ;
;  Arrival Path          ;       ;       ;             ;            ;       ;       ;
;   Clock                ;       ;       ;             ;            ;       ;       ;
;    IC                  ;       ; 2     ; 2.566       ; 77         ; 0.734 ; 1.832 ;
;    Cell                ;       ; 2     ; 0.769       ; 23         ; 0.272 ; 0.497 ;
;   Data                 ;       ;       ;             ;            ;       ;       ;
;    IC                  ;       ; 2     ; 0.793       ; 86         ; 0.000 ; 0.793 ;
;    Cell                ;       ; 3     ; 0.131       ; 14         ; 0.000 ; 0.077 ;
;    uTco                ;       ; 1     ; 0.000       ; 0          ; 0.000 ; 0.000 ;
;  Required Path         ;       ;       ;             ;            ;       ;       ;
;   Clock                ;       ;       ;             ;            ;       ;       ;
;    IC                  ;       ; 2     ; 5.213       ; 85         ; 2.302 ; 2.911 ;
;    Cell                ;       ; 2     ; 0.893       ; 15         ; 0.298 ; 0.595 ;
+------------------------+-------+-------+-------------+------------+-------+-------+
Note: Negative delays are omitted from totals when calculating percentages

+----------------------------------------------------------------------------------------------------------------------------------------------------------------------+
; Data Arrival Path                                                                                                                                                    ;
+---------+---------+----+------+--------+----------------------+------------------------------------------------------------------------------------------------------+
; Total   ; Incr    ; RF ; Type ; Fanout ; Location             ; Element                                                                                              ;
+---------+---------+----+------+--------+----------------------+------------------------------------------------------------------------------------------------------+
; 0.000   ; 0.000   ;    ;      ;        ;                      ; launch edge time                                                                                     ;
; 3.335   ; 3.335   ;    ;      ;        ;                      ; clock path                                                                                           ;
;   0.000 ;   0.000 ;    ;      ;        ;                      ; source latency                                                                                       ;
;   0.000 ;   0.000 ;    ;      ; 1      ; LABCELL_X45_Y1_N3    ; gpu_clk                                                                                              ;
;   0.734 ;   0.734 ; RR ; IC   ; 1      ; CLKCTRL_G5           ; gpu_clk~CLKENA0|inclk                                                                                ;
;   1.006 ;   0.272 ; RR ; CELL ; 15028  ; CLKCTRL_G5           ; gpu_clk~CLKENA0|outclk                                                                               ;
;   2.838 ;   1.832 ; RR ; IC   ; 1      ; FF_X21_Y34_N2        ; u_render_bin|u_pipe|clear_r[27]|clk                                                                  ;
;   3.335 ;   0.497 ; RR ; CELL ; 1      ; FF_X21_Y34_N2        ; zhao_geom_bin_pipe:u_render_bin|zhao_raster_tile_pipe:u_pipe|clear_r[27]                             ;
; 4.259   ; 0.924   ;    ;      ;        ;                      ; data path                                                                                            ;
;   3.335 ;   0.000 ;    ; uTco ; 1      ; FF_X21_Y34_N2        ; zhao_geom_bin_pipe:u_render_bin|zhao_raster_tile_pipe:u_pipe|clear_r[27]                             ;
;   3.335 ;   0.000 ; RR ; CELL ; 4      ; FF_X21_Y34_N2        ; u_render_bin|u_pipe|clear_r[27]|q                                                                    ;
;   4.128 ;   0.793 ; RR ; IC   ; 1      ; MLABCELL_X21_Y38_N24 ; u_render_bin|u_pipe|u_earlyz|floor_r[19]~feeder|dataf                                                ;
;   4.182 ;   0.054 ; RR ; CELL ; 2      ; MLABCELL_X21_Y38_N24 ; u_render_bin|u_pipe|u_earlyz|floor_r[19]~feeder|combout                                              ;
;   4.182 ;   0.000 ; RR ; IC   ; 1      ; FF_X21_Y38_N25       ; u_render_bin|u_pipe|u_earlyz|floor_r[19]|d                                                           ;
;   4.259 ;   0.077 ; RR ; CELL ; 1      ; FF_X21_Y38_N25       ; zhao_geom_bin_pipe:u_render_bin|zhao_raster_tile_pipe:u_pipe|zhao_raster_earlyz:u_earlyz|floor_r[19] ;
+---------+---------+----+------+--------+----------------------+------------------------------------------------------------------------------------------------------+

+--------------------------------------------------------------------------------------------------------------------------------------------------------------------+
; Data Required Path                                                                                                                                                 ;
+---------+----------+----+------+--------+-------------------+------------------------------------------------------------------------------------------------------+
; Total   ; Incr     ; RF ; Type ; Fanout ; Location          ; Element                                                                                              ;
+---------+----------+----+------+--------+-------------------+------------------------------------------------------------------------------------------------------+
; 0.000   ; 0.000    ;    ;      ;        ;                   ; latch edge time                                                                                      ;
; 3.903   ; 3.903    ;    ;      ;        ;                   ; clock path                                                                                           ;
;   0.000 ;   0.000  ;    ;      ;        ;                   ; source latency                                                                                       ;
;   0.000 ;   0.000  ;    ;      ; 1      ; LABCELL_X45_Y1_N3 ; gpu_clk                                                                                              ;
;   2.911 ;   2.911  ; RR ; IC   ; 1      ; CLKCTRL_G5        ; gpu_clk~CLKENA0|inclk                                                                                ;
;   3.209 ;   0.298  ; RR ; CELL ; 15028  ; CLKCTRL_G5        ; gpu_clk~CLKENA0|outclk                                                                               ;
;   5.511 ;   2.302  ; RR ; IC   ; 1      ; FF_X21_Y38_N25    ; u_render_bin|u_pipe|u_earlyz|floor_r[19]|clk                                                         ;
;   6.106 ;   0.595  ; RR ; CELL ; 1      ; FF_X21_Y38_N25    ; zhao_geom_bin_pipe:u_render_bin|zhao_raster_tile_pipe:u_pipe|zhao_raster_earlyz:u_earlyz|floor_r[19] ;
;   3.903 ;   -2.203 ;    ;      ;        ;                   ; clock pessimism removed                                                                              ;
; 3.903   ; 0.000    ;    ;      ;        ;                   ; clock uncertainty                                                                                    ;
; 3.903   ; 0.000    ;    ; uTh  ; 1      ; FF_X21_Y38_N25    ; zhao_geom_bin_pipe:u_render_bin|zhao_raster_tile_pipe:u_pipe|zhao_raster_earlyz:u_earlyz|floor_r[19] ;
+---------+----------+----+------+--------+-------------------+------------------------------------------------------------------------------------------------------+

----------------------------
; Extra Fitter Information ;
----------------------------
HTML report is unavailable in plain text report export.


Path #39: Hold slack is 0.358 
===============================================================================
+---------------------------------------------------------------+
; Path Summary                                                  ;
+--------------------+------------------------------------------+
; Property           ; Value                                    ;
+--------------------+------------------------------------------+
; From Node          ; zhao_cmd_scheduler:u_sched|rumble_pad[0] ;
; To Node            ; rum_prev_pl[16]                          ;
; Launch Clock       ; gpu_clk                                  ;
; Latch Clock        ; gpu_clk                                  ;
; Data Arrival Time  ; 4.247                                    ;
; Data Required Time ; 3.889                                    ;
; Slack              ; 0.358                                    ;
+--------------------+------------------------------------------+

+-----------------------------------------------------------------------------------+
; Statistics                                                                        ;
+------------------------+-------+-------+-------------+------------+-------+-------+
; Property               ; Value ; Count ; Total Delay ; % of Total ; Min   ; Max   ;
+------------------------+-------+-------+-------------+------------+-------+-------+
; Hold Relationship      ; 0.000 ;       ;             ;            ;       ;       ;
; Clock Skew             ; 0.496 ;       ;             ;            ;       ;       ;
; Data Delay             ; 0.854 ;       ;             ;            ;       ;       ;
; Number of Logic Levels ;       ; 0     ;             ;            ;       ;       ;
; Physical Delays        ;       ;       ;             ;            ;       ;       ;
;  Arrival Path          ;       ;       ;             ;            ;       ;       ;
;   Clock                ;       ;       ;             ;            ;       ;       ;
;    IC                  ;       ; 2     ; 2.613       ; 77         ; 0.734 ; 1.879 ;
;    Cell                ;       ; 2     ; 0.780       ; 23         ; 0.272 ; 0.508 ;
;   Data                 ;       ;       ;             ;            ;       ;       ;
;    IC                  ;       ; 1     ; 0.574       ; 67         ; 0.574 ; 0.574 ;
;    Cell                ;       ; 2     ; 0.280       ; 33         ; 0.000 ; 0.280 ;
;    uTco                ;       ; 1     ; 0.000       ; 0          ; 0.000 ; 0.000 ;
;  Required Path         ;       ;       ;             ;            ;       ;       ;
;   Clock                ;       ;       ;             ;            ;       ;       ;
;    IC                  ;       ; 2     ; 5.205       ; 85         ; 2.294 ; 2.911 ;
;    Cell                ;       ; 2     ; 0.887       ; 15         ; 0.298 ; 0.589 ;
+------------------------+-------+-------+-------------+------------+-------+-------+
Note: Negative delays are omitted from totals when calculating percentages

+-------------------------------------------------------------------------------------------------------+
; Data Arrival Path                                                                                     ;
+---------+---------+----+------+--------+-------------------+------------------------------------------+
; Total   ; Incr    ; RF ; Type ; Fanout ; Location          ; Element                                  ;
+---------+---------+----+------+--------+-------------------+------------------------------------------+
; 0.000   ; 0.000   ;    ;      ;        ;                   ; launch edge time                         ;
; 3.393   ; 3.393   ;    ;      ;        ;                   ; clock path                               ;
;   0.000 ;   0.000 ;    ;      ;        ;                   ; source latency                           ;
;   0.000 ;   0.000 ;    ;      ; 1      ; LABCELL_X45_Y1_N3 ; gpu_clk                                  ;
;   0.734 ;   0.734 ; RR ; IC   ; 1      ; CLKCTRL_G5        ; gpu_clk~CLKENA0|inclk                    ;
;   1.006 ;   0.272 ; RR ; CELL ; 15028  ; CLKCTRL_G5        ; gpu_clk~CLKENA0|outclk                   ;
;   2.885 ;   1.879 ; RR ; IC   ; 1      ; FF_X67_Y8_N26     ; u_sched|rumble_pad[0]|clk                ;
;   3.393 ;   0.508 ; RR ; CELL ; 1      ; FF_X67_Y8_N26     ; zhao_cmd_scheduler:u_sched|rumble_pad[0] ;
; 4.247   ; 0.854   ;    ;      ;        ;                   ; data path                                ;
;   3.393 ;   0.000 ;    ; uTco ; 1      ; FF_X67_Y8_N26     ; zhao_cmd_scheduler:u_sched|rumble_pad[0] ;
;   3.393 ;   0.000 ; RR ; CELL ; 7      ; FF_X67_Y8_N26     ; u_sched|rumble_pad[0]|q                  ;
;   3.967 ;   0.574 ; RR ; IC   ; 1      ; FF_X66_Y8_N19     ; rum_prev_pl[16]|asdata                   ;
;   4.247 ;   0.280 ; RR ; CELL ; 1      ; FF_X66_Y8_N19     ; rum_prev_pl[16]                          ;
+---------+---------+----+------+--------+-------------------+------------------------------------------+

+---------------------------------------------------------------------------------------+
; Data Required Path                                                                    ;
+---------+----------+----+------+--------+-------------------+-------------------------+
; Total   ; Incr     ; RF ; Type ; Fanout ; Location          ; Element                 ;
+---------+----------+----+------+--------+-------------------+-------------------------+
; 0.000   ; 0.000    ;    ;      ;        ;                   ; latch edge time         ;
; 3.889   ; 3.889    ;    ;      ;        ;                   ; clock path              ;
;   0.000 ;   0.000  ;    ;      ;        ;                   ; source latency          ;
;   0.000 ;   0.000  ;    ;      ; 1      ; LABCELL_X45_Y1_N3 ; gpu_clk                 ;
;   2.911 ;   2.911  ; RR ; IC   ; 1      ; CLKCTRL_G5        ; gpu_clk~CLKENA0|inclk   ;
;   3.209 ;   0.298  ; RR ; CELL ; 15028  ; CLKCTRL_G5        ; gpu_clk~CLKENA0|outclk  ;
;   5.503 ;   2.294  ; RR ; IC   ; 1      ; FF_X66_Y8_N19     ; rum_prev_pl[16]|clk     ;
;   6.092 ;   0.589  ; RR ; CELL ; 1      ; FF_X66_Y8_N19     ; rum_prev_pl[16]         ;
;   3.889 ;   -2.203 ;    ;      ;        ;                   ; clock pessimism removed ;
; 3.889   ; 0.000    ;    ;      ;        ;                   ; clock uncertainty       ;
; 3.889   ; 0.000    ;    ; uTh  ; 1      ; FF_X66_Y8_N19     ; rum_prev_pl[16]         ;
+---------+----------+----+------+--------+-------------------+-------------------------+

----------------------------
; Extra Fitter Information ;
----------------------------
HTML report is unavailable in plain text report export.


Path #40: Hold slack is 0.360 
===============================================================================
+--------------------------------------------------------------------------------------------+
; Path Summary                                                                               ;
+--------------------+-----------------------------------------------------------------------+
; Property           ; Value                                                                 ;
+--------------------+-----------------------------------------------------------------------+
; From Node          ; zhao_geom_bin_pipe:u_render_bin|zhao_geom_binner:u_binner|d_tri_r[35] ;
; To Node            ; zhao_geom_bin_pipe:u_render_bin|zhao_raster_tile_pipe:u_pipe|ay_r[14] ;
; Launch Clock       ; gpu_clk                                                               ;
; Latch Clock        ; gpu_clk                                                               ;
; Data Arrival Time  ; 4.240                                                                 ;
; Data Required Time ; 3.880                                                                 ;
; Slack              ; 0.360                                                                 ;
+--------------------+-----------------------------------------------------------------------+

+-----------------------------------------------------------------------------------+
; Statistics                                                                        ;
+------------------------+-------+-------+-------------+------------+-------+-------+
; Property               ; Value ; Count ; Total Delay ; % of Total ; Min   ; Max   ;
+------------------------+-------+-------+-------------+------------+-------+-------+
; Hold Relationship      ; 0.000 ;       ;             ;            ;       ;       ;
; Clock Skew             ; 0.392 ;       ;             ;            ;       ;       ;
; Data Delay             ; 0.752 ;       ;             ;            ;       ;       ;
; Number of Logic Levels ;       ; 1     ;             ;            ;       ;       ;
; Physical Delays        ;       ;       ;             ;            ;       ;       ;
;  Arrival Path          ;       ;       ;             ;            ;       ;       ;
;   Clock                ;       ;       ;             ;            ;       ;       ;
;    IC                  ;       ; 2     ; 2.618       ; 75         ; 0.734 ; 1.884 ;
;    Cell                ;       ; 2     ; 0.870       ; 25         ; 0.272 ; 0.598 ;
;   Data                 ;       ;       ;             ;            ;       ;       ;
;    IC                  ;       ; 2     ; 0.551       ; 73         ; 0.000 ; 0.551 ;
;    Cell                ;       ; 3     ; 0.201       ; 27         ; 0.054 ; 0.078 ;
;    uTco                ;       ; 1     ; 0.000       ; 0          ; 0.000 ; 0.000 ;
;  Required Path         ;       ;       ;             ;            ;       ;       ;
;   Clock                ;       ;       ;             ;            ;       ;       ;
;    IC                  ;       ; 2     ; 5.209       ; 86         ; 2.298 ; 2.911 ;
;    Cell                ;       ; 2     ; 0.874       ; 14         ; 0.298 ; 0.576 ;
+------------------------+-------+-------+-------------+------------+-------+-------+
Note: Negative delays are omitted from totals when calculating percentages

+-------------------------------------------------------------------------------------------------------------------------------------------------+
; Data Arrival Path                                                                                                                               ;
+---------+---------+----+------+--------+---------------------+----------------------------------------------------------------------------------+
; Total   ; Incr    ; RF ; Type ; Fanout ; Location            ; Element                                                                          ;
+---------+---------+----+------+--------+---------------------+----------------------------------------------------------------------------------+
; 0.000   ; 0.000   ;    ;      ;        ;                     ; launch edge time                                                                 ;
; 3.488   ; 3.488   ;    ;      ;        ;                     ; clock path                                                                       ;
;   0.000 ;   0.000 ;    ;      ;        ;                     ; source latency                                                                   ;
;   0.000 ;   0.000 ;    ;      ; 1      ; LABCELL_X45_Y1_N3   ; gpu_clk                                                                          ;
;   0.734 ;   0.734 ; RR ; IC   ; 1      ; CLKCTRL_G5          ; gpu_clk~CLKENA0|inclk                                                            ;
;   1.006 ;   0.272 ; RR ; CELL ; 15028  ; CLKCTRL_G5          ; gpu_clk~CLKENA0|outclk                                                           ;
;   2.890 ;   1.884 ; RR ; IC   ; 98     ; M10K_X26_Y47_N0     ; u_render_bin|u_binner|tri_ram_rtl_0|auto_generated|ram_block1a0|clk0             ;
;   3.488 ;   0.598 ; RR ; CELL ; 1      ; M10K_X26_Y47_N0     ; zhao_geom_bin_pipe:u_render_bin|zhao_geom_binner:u_binner|d_tri_r[35]            ;
; 4.240   ; 0.752   ;    ;      ;        ;                     ; data path                                                                        ;
;   3.488 ;   0.000 ;    ; uTco ; 1      ; M10K_X26_Y47_N0     ; zhao_geom_bin_pipe:u_render_bin|zhao_geom_binner:u_binner|d_tri_r[35]            ;
;   3.566 ;   0.078 ; RR ; CELL ; 1      ; M10K_X26_Y47_N0     ; u_render_bin|u_binner|tri_ram_rtl_0|auto_generated|ram_block1a0|portbdataout[29] ;
;   4.117 ;   0.551 ; RR ; IC   ; 1      ; LABCELL_X24_Y47_N54 ; u_render_bin|u_pipe|ay_r[14]~feeder|dataf                                        ;
;   4.171 ;   0.054 ; RR ; CELL ; 1      ; LABCELL_X24_Y47_N54 ; u_render_bin|u_pipe|ay_r[14]~feeder|combout                                      ;
;   4.171 ;   0.000 ; RR ; IC   ; 1      ; FF_X24_Y47_N56      ; u_render_bin|u_pipe|ay_r[14]|d                                                   ;
;   4.240 ;   0.069 ; RR ; CELL ; 1      ; FF_X24_Y47_N56      ; zhao_geom_bin_pipe:u_render_bin|zhao_raster_tile_pipe:u_pipe|ay_r[14]            ;
+---------+---------+----+------+--------+---------------------+----------------------------------------------------------------------------------+

+-------------------------------------------------------------------------------------------------------------------------------------+
; Data Required Path                                                                                                                  ;
+---------+----------+----+------+--------+-------------------+-----------------------------------------------------------------------+
; Total   ; Incr     ; RF ; Type ; Fanout ; Location          ; Element                                                               ;
+---------+----------+----+------+--------+-------------------+-----------------------------------------------------------------------+
; 0.000   ; 0.000    ;    ;      ;        ;                   ; latch edge time                                                       ;
; 3.880   ; 3.880    ;    ;      ;        ;                   ; clock path                                                            ;
;   0.000 ;   0.000  ;    ;      ;        ;                   ; source latency                                                        ;
;   0.000 ;   0.000  ;    ;      ; 1      ; LABCELL_X45_Y1_N3 ; gpu_clk                                                               ;
;   2.911 ;   2.911  ; RR ; IC   ; 1      ; CLKCTRL_G5        ; gpu_clk~CLKENA0|inclk                                                 ;
;   3.209 ;   0.298  ; RR ; CELL ; 15028  ; CLKCTRL_G5        ; gpu_clk~CLKENA0|outclk                                                ;
;   5.507 ;   2.298  ; RR ; IC   ; 1      ; FF_X24_Y47_N56    ; u_render_bin|u_pipe|ay_r[14]|clk                                      ;
;   6.083 ;   0.576  ; RR ; CELL ; 1      ; FF_X24_Y47_N56    ; zhao_geom_bin_pipe:u_render_bin|zhao_raster_tile_pipe:u_pipe|ay_r[14] ;
;   3.880 ;   -2.203 ;    ;      ;        ;                   ; clock pessimism removed                                               ;
; 3.880   ; 0.000    ;    ;      ;        ;                   ; clock uncertainty                                                     ;
; 3.880   ; 0.000    ;    ; uTh  ; 1      ; FF_X24_Y47_N56    ; zhao_geom_bin_pipe:u_render_bin|zhao_raster_tile_pipe:u_pipe|ay_r[14] ;
+---------+----------+----+------+--------+-------------------+-----------------------------------------------------------------------+

----------------------------
; Extra Fitter Information ;
----------------------------
HTML report is unavailable in plain text report export.


Path #41: Hold slack is 0.360 
===============================================================================
+---------------------------------------------------------------+
; Path Summary                                                  ;
+--------------------+------------------------------------------+
; Property           ; Value                                    ;
+--------------------+------------------------------------------+
; From Node          ; zhao_audio_fifo:u_fifo|cnt_gray_meta[24] ;
; To Node            ; zhao_audio_fifo:u_fifo|cnt_gray_sync[24] ;
; Launch Clock       ; gpu_clk                                  ;
; Latch Clock        ; gpu_clk                                  ;
; Data Arrival Time  ; 4.274                                    ;
; Data Required Time ; 3.914                                    ;
; Slack              ; 0.360                                    ;
+--------------------+------------------------------------------+

+-----------------------------------------------------------------------------------+
; Statistics                                                                        ;
+------------------------+-------+-------+-------------+------------+-------+-------+
; Property               ; Value ; Count ; Total Delay ; % of Total ; Min   ; Max   ;
+------------------------+-------+-------+-------------+------------+-------+-------+
; Hold Relationship      ; 0.000 ;       ;             ;            ;       ;       ;
; Clock Skew             ; 0.569 ;       ;             ;            ;       ;       ;
; Data Delay             ; 0.929 ;       ;             ;            ;       ;       ;
; Number of Logic Levels ;       ; 0     ;             ;            ;       ;       ;
; Physical Delays        ;       ;       ;             ;            ;       ;       ;
;  Arrival Path          ;       ;       ;             ;            ;       ;       ;
;   Clock                ;       ;       ;             ;            ;       ;       ;
;    IC                  ;       ; 2     ; 2.580       ; 77         ; 0.734 ; 1.846 ;
;    Cell                ;       ; 2     ; 0.765       ; 23         ; 0.272 ; 0.493 ;
;   Data                 ;       ;       ;             ;            ;       ;       ;
;    IC                  ;       ; 1     ; 0.648       ; 70         ; 0.648 ; 0.648 ;
;    Cell                ;       ; 2     ; 0.281       ; 30         ; 0.000 ; 0.281 ;
;    uTco                ;       ; 1     ; 0.000       ; 0          ; 0.000 ; 0.000 ;
;  Required Path         ;       ;       ;             ;            ;       ;       ;
;   Clock                ;       ;       ;             ;            ;       ;       ;
;    IC                  ;       ; 2     ; 5.245       ; 86         ; 2.334 ; 2.911 ;
;    Cell                ;       ; 2     ; 0.872       ; 14         ; 0.298 ; 0.574 ;
+------------------------+-------+-------+-------------+------------+-------+-------+
Note: Negative delays are omitted from totals when calculating percentages

+-------------------------------------------------------------------------------------------------------+
; Data Arrival Path                                                                                     ;
+---------+---------+----+------+--------+-------------------+------------------------------------------+
; Total   ; Incr    ; RF ; Type ; Fanout ; Location          ; Element                                  ;
+---------+---------+----+------+--------+-------------------+------------------------------------------+
; 0.000   ; 0.000   ;    ;      ;        ;                   ; launch edge time                         ;
; 3.345   ; 3.345   ;    ;      ;        ;                   ; clock path                               ;
;   0.000 ;   0.000 ;    ;      ;        ;                   ; source latency                           ;
;   0.000 ;   0.000 ;    ;      ; 1      ; LABCELL_X45_Y1_N3 ; gpu_clk                                  ;
;   0.734 ;   0.734 ; RR ; IC   ; 1      ; CLKCTRL_G5        ; gpu_clk~CLKENA0|inclk                    ;
;   1.006 ;   0.272 ; RR ; CELL ; 15028  ; CLKCTRL_G5        ; gpu_clk~CLKENA0|outclk                   ;
;   2.852 ;   1.846 ; RR ; IC   ; 1      ; FF_X24_Y13_N46    ; u_fifo|cnt_gray_meta[24]|clk             ;
;   3.345 ;   0.493 ; RR ; CELL ; 1      ; FF_X24_Y13_N46    ; zhao_audio_fifo:u_fifo|cnt_gray_meta[24] ;
; 4.274   ; 0.929   ;    ;      ;        ;                   ; data path                                ;
;   3.345 ;   0.000 ;    ; uTco ; 1      ; FF_X24_Y13_N46    ; zhao_audio_fifo:u_fifo|cnt_gray_meta[24] ;
;   3.345 ;   0.000 ; RR ; CELL ; 1      ; FF_X24_Y13_N46    ; u_fifo|cnt_gray_meta[24]|q               ;
;   3.993 ;   0.648 ; RR ; IC   ; 1      ; FF_X28_Y13_N14    ; u_fifo|cnt_gray_sync[24]|asdata          ;
;   4.274 ;   0.281 ; RR ; CELL ; 1      ; FF_X28_Y13_N14    ; zhao_audio_fifo:u_fifo|cnt_gray_sync[24] ;
+---------+---------+----+------+--------+-------------------+------------------------------------------+

+--------------------------------------------------------------------------------------------------------+
; Data Required Path                                                                                     ;
+---------+----------+----+------+--------+-------------------+------------------------------------------+
; Total   ; Incr     ; RF ; Type ; Fanout ; Location          ; Element                                  ;
+---------+----------+----+------+--------+-------------------+------------------------------------------+
; 0.000   ; 0.000    ;    ;      ;        ;                   ; latch edge time                          ;
; 3.914   ; 3.914    ;    ;      ;        ;                   ; clock path                               ;
;   0.000 ;   0.000  ;    ;      ;        ;                   ; source latency                           ;
;   0.000 ;   0.000  ;    ;      ; 1      ; LABCELL_X45_Y1_N3 ; gpu_clk                                  ;
;   2.911 ;   2.911  ; RR ; IC   ; 1      ; CLKCTRL_G5        ; gpu_clk~CLKENA0|inclk                    ;
;   3.209 ;   0.298  ; RR ; CELL ; 15028  ; CLKCTRL_G5        ; gpu_clk~CLKENA0|outclk                   ;
;   5.543 ;   2.334  ; RR ; IC   ; 1      ; FF_X28_Y13_N14    ; u_fifo|cnt_gray_sync[24]|clk             ;
;   6.117 ;   0.574  ; RR ; CELL ; 1      ; FF_X28_Y13_N14    ; zhao_audio_fifo:u_fifo|cnt_gray_sync[24] ;
;   3.914 ;   -2.203 ;    ;      ;        ;                   ; clock pessimism removed                  ;
; 3.914   ; 0.000    ;    ;      ;        ;                   ; clock uncertainty                        ;
; 3.914   ; 0.000    ;    ; uTh  ; 1      ; FF_X28_Y13_N14    ; zhao_audio_fifo:u_fifo|cnt_gray_sync[24] ;
+---------+----------+----+------+--------+-------------------+------------------------------------------+

----------------------------
; Extra Fitter Information ;
----------------------------
HTML report is unavailable in plain text report export.


Path #42: Hold slack is 0.362 
===============================================================================
+-------------------------------------------------------------------------------------------------------------------------------------+
; Path Summary                                                                                                                        ;
+--------------------+----------------------------------------------------------------------------------------------------------------+
; Property           ; Value                                                                                                          ;
+--------------------+----------------------------------------------------------------------------------------------------------------+
; From Node          ; zhao_geom_bin_pipe:u_render_bin|zhao_raster_tile_pipe:u_pipe|clear_r[27]                                       ;
; To Node            ; zhao_geom_bin_pipe:u_render_bin|zhao_raster_tile_pipe:u_pipe|zhao_raster_earlyz:u_earlyz|floor_r[19]~DUPLICATE ;
; Launch Clock       ; gpu_clk                                                                                                        ;
; Latch Clock        ; gpu_clk                                                                                                        ;
; Data Arrival Time  ; 4.260                                                                                                          ;
; Data Required Time ; 3.898                                                                                                          ;
; Slack              ; 0.362                                                                                                          ;
+--------------------+----------------------------------------------------------------------------------------------------------------+

+-----------------------------------------------------------------------------------+
; Statistics                                                                        ;
+------------------------+-------+-------+-------------+------------+-------+-------+
; Property               ; Value ; Count ; Total Delay ; % of Total ; Min   ; Max   ;
+------------------------+-------+-------+-------------+------------+-------+-------+
; Hold Relationship      ; 0.000 ;       ;             ;            ;       ;       ;
; Clock Skew             ; 0.563 ;       ;             ;            ;       ;       ;
; Data Delay             ; 0.925 ;       ;             ;            ;       ;       ;
; Number of Logic Levels ;       ; 1     ;             ;            ;       ;       ;
; Physical Delays        ;       ;       ;             ;            ;       ;       ;
;  Arrival Path          ;       ;       ;             ;            ;       ;       ;
;   Clock                ;       ;       ;             ;            ;       ;       ;
;    IC                  ;       ; 2     ; 2.566       ; 77         ; 0.734 ; 1.832 ;
;    Cell                ;       ; 2     ; 0.769       ; 23         ; 0.272 ; 0.497 ;
;   Data                 ;       ;       ;             ;            ;       ;       ;
;    IC                  ;       ; 2     ; 0.793       ; 86         ; 0.000 ; 0.793 ;
;    Cell                ;       ; 3     ; 0.132       ; 14         ; 0.000 ; 0.078 ;
;    uTco                ;       ; 1     ; 0.000       ; 0          ; 0.000 ; 0.000 ;
;  Required Path         ;       ;       ;             ;            ;       ;       ;
;   Clock                ;       ;       ;             ;            ;       ;       ;
;    IC                  ;       ; 2     ; 5.213       ; 85         ; 2.302 ; 2.911 ;
;    Cell                ;       ; 2     ; 0.888       ; 15         ; 0.298 ; 0.590 ;
+------------------------+-------+-------+-------------+------------+-------+-------+
Note: Negative delays are omitted from totals when calculating percentages

+--------------------------------------------------------------------------------------------------------------------------------------------------------------------------------+
; Data Arrival Path                                                                                                                                                              ;
+---------+---------+----+------+--------+----------------------+----------------------------------------------------------------------------------------------------------------+
; Total   ; Incr    ; RF ; Type ; Fanout ; Location             ; Element                                                                                                        ;
+---------+---------+----+------+--------+----------------------+----------------------------------------------------------------------------------------------------------------+
; 0.000   ; 0.000   ;    ;      ;        ;                      ; launch edge time                                                                                               ;
; 3.335   ; 3.335   ;    ;      ;        ;                      ; clock path                                                                                                     ;
;   0.000 ;   0.000 ;    ;      ;        ;                      ; source latency                                                                                                 ;
;   0.000 ;   0.000 ;    ;      ; 1      ; LABCELL_X45_Y1_N3    ; gpu_clk                                                                                                        ;
;   0.734 ;   0.734 ; RR ; IC   ; 1      ; CLKCTRL_G5           ; gpu_clk~CLKENA0|inclk                                                                                          ;
;   1.006 ;   0.272 ; RR ; CELL ; 15028  ; CLKCTRL_G5           ; gpu_clk~CLKENA0|outclk                                                                                         ;
;   2.838 ;   1.832 ; RR ; IC   ; 1      ; FF_X21_Y34_N2        ; u_render_bin|u_pipe|clear_r[27]|clk                                                                            ;
;   3.335 ;   0.497 ; RR ; CELL ; 1      ; FF_X21_Y34_N2        ; zhao_geom_bin_pipe:u_render_bin|zhao_raster_tile_pipe:u_pipe|clear_r[27]                                       ;
; 4.260   ; 0.925   ;    ;      ;        ;                      ; data path                                                                                                      ;
;   3.335 ;   0.000 ;    ; uTco ; 1      ; FF_X21_Y34_N2        ; zhao_geom_bin_pipe:u_render_bin|zhao_raster_tile_pipe:u_pipe|clear_r[27]                                       ;
;   3.335 ;   0.000 ; RR ; CELL ; 4      ; FF_X21_Y34_N2        ; u_render_bin|u_pipe|clear_r[27]|q                                                                              ;
;   4.128 ;   0.793 ; RR ; IC   ; 1      ; MLABCELL_X21_Y38_N24 ; u_render_bin|u_pipe|u_earlyz|floor_r[19]~feeder|dataf                                                          ;
;   4.182 ;   0.054 ; RR ; CELL ; 2      ; MLABCELL_X21_Y38_N24 ; u_render_bin|u_pipe|u_earlyz|floor_r[19]~feeder|combout                                                        ;
;   4.182 ;   0.000 ; RR ; IC   ; 1      ; FF_X21_Y38_N26       ; u_render_bin|u_pipe|u_earlyz|floor_r[19]~DUPLICATE|d                                                           ;
;   4.260 ;   0.078 ; RR ; CELL ; 1      ; FF_X21_Y38_N26       ; zhao_geom_bin_pipe:u_render_bin|zhao_raster_tile_pipe:u_pipe|zhao_raster_earlyz:u_earlyz|floor_r[19]~DUPLICATE ;
+---------+---------+----+------+--------+----------------------+----------------------------------------------------------------------------------------------------------------+

+------------------------------------------------------------------------------------------------------------------------------------------------------------------------------+
; Data Required Path                                                                                                                                                           ;
+---------+----------+----+------+--------+-------------------+----------------------------------------------------------------------------------------------------------------+
; Total   ; Incr     ; RF ; Type ; Fanout ; Location          ; Element                                                                                                        ;
+---------+----------+----+------+--------+-------------------+----------------------------------------------------------------------------------------------------------------+
; 0.000   ; 0.000    ;    ;      ;        ;                   ; latch edge time                                                                                                ;
; 3.898   ; 3.898    ;    ;      ;        ;                   ; clock path                                                                                                     ;
;   0.000 ;   0.000  ;    ;      ;        ;                   ; source latency                                                                                                 ;
;   0.000 ;   0.000  ;    ;      ; 1      ; LABCELL_X45_Y1_N3 ; gpu_clk                                                                                                        ;
;   2.911 ;   2.911  ; RR ; IC   ; 1      ; CLKCTRL_G5        ; gpu_clk~CLKENA0|inclk                                                                                          ;
;   3.209 ;   0.298  ; RR ; CELL ; 15028  ; CLKCTRL_G5        ; gpu_clk~CLKENA0|outclk                                                                                         ;
;   5.511 ;   2.302  ; RR ; IC   ; 1      ; FF_X21_Y38_N26    ; u_render_bin|u_pipe|u_earlyz|floor_r[19]~DUPLICATE|clk                                                         ;
;   6.101 ;   0.590  ; RR ; CELL ; 1      ; FF_X21_Y38_N26    ; zhao_geom_bin_pipe:u_render_bin|zhao_raster_tile_pipe:u_pipe|zhao_raster_earlyz:u_earlyz|floor_r[19]~DUPLICATE ;
;   3.898 ;   -2.203 ;    ;      ;        ;                   ; clock pessimism removed                                                                                        ;
; 3.898   ; 0.000    ;    ;      ;        ;                   ; clock uncertainty                                                                                              ;
; 3.898   ; 0.000    ;    ; uTh  ; 1      ; FF_X21_Y38_N26    ; zhao_geom_bin_pipe:u_render_bin|zhao_raster_tile_pipe:u_pipe|zhao_raster_earlyz:u_earlyz|floor_r[19]~DUPLICATE ;
+---------+----------+----+------+--------+-------------------+----------------------------------------------------------------------------------------------------------------+

----------------------------
; Extra Fitter Information ;
----------------------------
HTML report is unavailable in plain text report export.


Path #43: Hold slack is 0.365 
===============================================================================
+-----------------------------------------------------------------------------------------------------------------------------+
; Path Summary                                                                                                                ;
+--------------------+--------------------------------------------------------------------------------------------------------+
; Property           ; Value                                                                                                  ;
+--------------------+--------------------------------------------------------------------------------------------------------+
; From Node          ; zhao_geom_bin_pipe:u_render_bin|zhao_raster_tile_pipe:u_pipe|zhao_raster_edgewalk:u_edgewalk|by_r[19]  ;
; To Node            ; zhao_geom_bin_pipe:u_render_bin|zhao_raster_tile_pipe:u_pipe|zhao_raster_edgewalk:u_edgewalk|o0q_r[19] ;
; Launch Clock       ; gpu_clk                                                                                                ;
; Latch Clock        ; gpu_clk                                                                                                ;
; Data Arrival Time  ; 4.236                                                                                                  ;
; Data Required Time ; 3.871                                                                                                  ;
; Slack              ; 0.365                                                                                                  ;
+--------------------+--------------------------------------------------------------------------------------------------------+

+-----------------------------------------------------------------------------------+
; Statistics                                                                        ;
+------------------------+-------+-------+-------------+------------+-------+-------+
; Property               ; Value ; Count ; Total Delay ; % of Total ; Min   ; Max   ;
+------------------------+-------+-------+-------------+------------+-------+-------+
; Hold Relationship      ; 0.000 ;       ;             ;            ;       ;       ;
; Clock Skew             ; 0.489 ;       ;             ;            ;       ;       ;
; Data Delay             ; 0.854 ;       ;             ;            ;       ;       ;
; Number of Logic Levels ;       ; 1     ;             ;            ;       ;       ;
; Physical Delays        ;       ;       ;             ;            ;       ;       ;
;  Arrival Path          ;       ;       ;             ;            ;       ;       ;
;   Clock                ;       ;       ;             ;            ;       ;       ;
;    IC                  ;       ; 2     ; 2.618       ; 77         ; 0.734 ; 1.884 ;
;    Cell                ;       ; 2     ; 0.764       ; 23         ; 0.272 ; 0.492 ;
;   Data                 ;       ;       ;             ;            ;       ;       ;
;    IC                  ;       ; 2     ; 0.578       ; 68         ; 0.000 ; 0.578 ;
;    Cell                ;       ; 3     ; 0.276       ; 32         ; 0.000 ; 0.209 ;
;    uTco                ;       ; 1     ; 0.000       ; 0          ; 0.000 ; 0.000 ;
;  Required Path         ;       ;       ;             ;            ;       ;       ;
;   Clock                ;       ;       ;             ;            ;       ;       ;
;    IC                  ;       ; 2     ; 5.209       ; 86         ; 2.298 ; 2.911 ;
;    Cell                ;       ; 2     ; 0.865       ; 14         ; 0.298 ; 0.567 ;
+------------------------+-------+-------+-------------+------------+-------+-------+
Note: Negative delays are omitted from totals when calculating percentages

+-----------------------------------------------------------------------------------------------------------------------------------------------------------------------+
; Data Arrival Path                                                                                                                                                     ;
+---------+---------+----+------+--------+---------------------+--------------------------------------------------------------------------------------------------------+
; Total   ; Incr    ; RF ; Type ; Fanout ; Location            ; Element                                                                                                ;
+---------+---------+----+------+--------+---------------------+--------------------------------------------------------------------------------------------------------+
; 0.000   ; 0.000   ;    ;      ;        ;                     ; launch edge time                                                                                       ;
; 3.382   ; 3.382   ;    ;      ;        ;                     ; clock path                                                                                             ;
;   0.000 ;   0.000 ;    ;      ;        ;                     ; source latency                                                                                         ;
;   0.000 ;   0.000 ;    ;      ; 1      ; LABCELL_X45_Y1_N3   ; gpu_clk                                                                                                ;
;   0.734 ;   0.734 ; RR ; IC   ; 1      ; CLKCTRL_G5          ; gpu_clk~CLKENA0|inclk                                                                                  ;
;   1.006 ;   0.272 ; RR ; CELL ; 15028  ; CLKCTRL_G5          ; gpu_clk~CLKENA0|outclk                                                                                 ;
;   2.890 ;   1.884 ; RR ; IC   ; 1      ; FF_X25_Y47_N2       ; u_render_bin|u_pipe|u_edgewalk|by_r[19]|clk                                                            ;
;   3.382 ;   0.492 ; RR ; CELL ; 1      ; FF_X25_Y47_N2       ; zhao_geom_bin_pipe:u_render_bin|zhao_raster_tile_pipe:u_pipe|zhao_raster_edgewalk:u_edgewalk|by_r[19]  ;
; 4.236   ; 0.854   ;    ;      ;        ;                     ; data path                                                                                              ;
;   3.382 ;   0.000 ;    ; uTco ; 1      ; FF_X25_Y47_N2       ; zhao_geom_bin_pipe:u_render_bin|zhao_raster_tile_pipe:u_pipe|zhao_raster_edgewalk:u_edgewalk|by_r[19]  ;
;   3.382 ;   0.000 ; RR ; CELL ; 8      ; FF_X25_Y47_N2       ; u_render_bin|u_pipe|u_edgewalk|by_r[19]|q                                                              ;
;   3.960 ;   0.578 ; RR ; IC   ; 2      ; LABCELL_X22_Y47_N24 ; u_render_bin|u_pipe|u_edgewalk|Add116~73|datad                                                         ;
;   4.169 ;   0.209 ; RR ; CELL ; 1      ; LABCELL_X22_Y47_N24 ; u_render_bin|u_pipe|u_edgewalk|Add116~73|sumout                                                        ;
;   4.169 ;   0.000 ; RR ; IC   ; 1      ; FF_X22_Y47_N25      ; u_render_bin|u_pipe|u_edgewalk|o0q_r[19]|d                                                             ;
;   4.236 ;   0.067 ; RR ; CELL ; 1      ; FF_X22_Y47_N25      ; zhao_geom_bin_pipe:u_render_bin|zhao_raster_tile_pipe:u_pipe|zhao_raster_edgewalk:u_edgewalk|o0q_r[19] ;
+---------+---------+----+------+--------+---------------------+--------------------------------------------------------------------------------------------------------+

+----------------------------------------------------------------------------------------------------------------------------------------------------------------------+
; Data Required Path                                                                                                                                                   ;
+---------+----------+----+------+--------+-------------------+--------------------------------------------------------------------------------------------------------+
; Total   ; Incr     ; RF ; Type ; Fanout ; Location          ; Element                                                                                                ;
+---------+----------+----+------+--------+-------------------+--------------------------------------------------------------------------------------------------------+
; 0.000   ; 0.000    ;    ;      ;        ;                   ; latch edge time                                                                                        ;
; 3.871   ; 3.871    ;    ;      ;        ;                   ; clock path                                                                                             ;
;   0.000 ;   0.000  ;    ;      ;        ;                   ; source latency                                                                                         ;
;   0.000 ;   0.000  ;    ;      ; 1      ; LABCELL_X45_Y1_N3 ; gpu_clk                                                                                                ;
;   2.911 ;   2.911  ; RR ; IC   ; 1      ; CLKCTRL_G5        ; gpu_clk~CLKENA0|inclk                                                                                  ;
;   3.209 ;   0.298  ; RR ; CELL ; 15028  ; CLKCTRL_G5        ; gpu_clk~CLKENA0|outclk                                                                                 ;
;   5.507 ;   2.298  ; RR ; IC   ; 1      ; FF_X22_Y47_N25    ; u_render_bin|u_pipe|u_edgewalk|o0q_r[19]|clk                                                           ;
;   6.074 ;   0.567  ; RR ; CELL ; 1      ; FF_X22_Y47_N25    ; zhao_geom_bin_pipe:u_render_bin|zhao_raster_tile_pipe:u_pipe|zhao_raster_edgewalk:u_edgewalk|o0q_r[19] ;
;   3.871 ;   -2.203 ;    ;      ;        ;                   ; clock pessimism removed                                                                                ;
; 3.871   ; 0.000    ;    ;      ;        ;                   ; clock uncertainty                                                                                      ;
; 3.871   ; 0.000    ;    ; uTh  ; 1      ; FF_X22_Y47_N25    ; zhao_geom_bin_pipe:u_render_bin|zhao_raster_tile_pipe:u_pipe|zhao_raster_edgewalk:u_edgewalk|o0q_r[19] ;
+---------+----------+----+------+--------+-------------------+--------------------------------------------------------------------------------------------------------+

----------------------------
; Extra Fitter Information ;
----------------------------
HTML report is unavailable in plain text report export.


Path #44: Hold slack is 0.366 
===============================================================================
+---------------------------------------------------------------------------------------------------------------------------------------------+
; Path Summary                                                                                                                                ;
+--------------------+------------------------------------------------------------------------------------------------------------------------+
; Property           ; Value                                                                                                                  ;
+--------------------+------------------------------------------------------------------------------------------------------------------------+
; From Node          ; zhao_geom_bin_pipe:u_render_bin|zhao_raster_tile_pipe:u_pipe|zhao_skid2:u_cand_skid|mem[0][17]                         ;
; To Node            ; zhao_geom_bin_pipe:u_render_bin|zhao_raster_tile_pipe:u_pipe|zhao_raster_fragment:u_fragment|s0_trgb_r[1]~_Duplicate_1 ;
; Launch Clock       ; gpu_clk                                                                                                                ;
; Latch Clock        ; gpu_clk                                                                                                                ;
; Data Arrival Time  ; 3.879                                                                                                                  ;
; Data Required Time ; 3.513                                                                                                                  ;
; Slack              ; 0.366                                                                                                                  ;
+--------------------+------------------------------------------------------------------------------------------------------------------------+

+-----------------------------------------------------------------------------------+
; Statistics                                                                        ;
+------------------------+-------+-------+-------------+------------+-------+-------+
; Property               ; Value ; Count ; Total Delay ; % of Total ; Min   ; Max   ;
+------------------------+-------+-------+-------------+------------+-------+-------+
; Hold Relationship      ; 0.000 ;       ;             ;            ;       ;       ;
; Clock Skew             ; 0.123 ;       ;             ;            ;       ;       ;
; Data Delay             ; 0.489 ;       ;             ;            ;       ;       ;
; Number of Logic Levels ;       ; 1     ;             ;            ;       ;       ;
; Physical Delays        ;       ;       ;             ;            ;       ;       ;
;  Arrival Path          ;       ;       ;             ;            ;       ;       ;
;   Clock                ;       ;       ;             ;            ;       ;       ;
;    IC                  ;       ; 2     ; 2.620       ; 77         ; 0.734 ; 1.886 ;
;    Cell                ;       ; 2     ; 0.770       ; 23         ; 0.272 ; 0.498 ;
;   Data                 ;       ;       ;             ;            ;       ;       ;
;    IC                  ;       ; 2     ; 0.369       ; 75         ; 0.000 ; 0.369 ;
;    Cell                ;       ; 3     ; 0.120       ; 25         ; 0.000 ; 0.070 ;
;    uTco                ;       ; 1     ; 0.000       ; 0          ; 0.000 ; 0.000 ;
;  Required Path         ;       ;       ;             ;            ;       ;       ;
;   Clock                ;       ;       ;             ;            ;       ;       ;
;    IC                  ;       ; 2     ; 5.216       ; 85         ; 2.305 ; 2.911 ;
;    Cell                ;       ; 2     ; 0.890       ; 15         ; 0.298 ; 0.592 ;
+------------------------+-------+-------+-------------+------------+-------+-------+
Note: Negative delays are omitted from totals when calculating percentages

+---------------------------------------------------------------------------------------------------------------------------------------------------------------------------------------+
; Data Arrival Path                                                                                                                                                                     ;
+---------+---------+----+------+--------+---------------------+------------------------------------------------------------------------------------------------------------------------+
; Total   ; Incr    ; RF ; Type ; Fanout ; Location            ; Element                                                                                                                ;
+---------+---------+----+------+--------+---------------------+------------------------------------------------------------------------------------------------------------------------+
; 0.000   ; 0.000   ;    ;      ;        ;                     ; launch edge time                                                                                                       ;
; 3.390   ; 3.390   ;    ;      ;        ;                     ; clock path                                                                                                             ;
;   0.000 ;   0.000 ;    ;      ;        ;                     ; source latency                                                                                                         ;
;   0.000 ;   0.000 ;    ;      ; 1      ; LABCELL_X45_Y1_N3   ; gpu_clk                                                                                                                ;
;   0.734 ;   0.734 ; RR ; IC   ; 1      ; CLKCTRL_G5          ; gpu_clk~CLKENA0|inclk                                                                                                  ;
;   1.006 ;   0.272 ; RR ; CELL ; 15028  ; CLKCTRL_G5          ; gpu_clk~CLKENA0|outclk                                                                                                 ;
;   2.892 ;   1.886 ; RR ; IC   ; 1      ; FF_X33_Y37_N25      ; u_render_bin|u_pipe|u_cand_skid|mem[0][17]|clk                                                                         ;
;   3.390 ;   0.498 ; RR ; CELL ; 1      ; FF_X33_Y37_N25      ; zhao_geom_bin_pipe:u_render_bin|zhao_raster_tile_pipe:u_pipe|zhao_skid2:u_cand_skid|mem[0][17]                         ;
; 3.879   ; 0.489   ;    ;      ;        ;                     ; data path                                                                                                              ;
;   3.390 ;   0.000 ;    ; uTco ; 1      ; FF_X33_Y37_N25      ; zhao_geom_bin_pipe:u_render_bin|zhao_raster_tile_pipe:u_pipe|zhao_skid2:u_cand_skid|mem[0][17]                         ;
;   3.390 ;   0.000 ; FF ; CELL ; 1      ; FF_X33_Y37_N25      ; u_render_bin|u_pipe|u_cand_skid|mem[0][17]|q                                                                           ;
;   3.759 ;   0.369 ; FF ; IC   ; 1      ; LABCELL_X33_Y37_N57 ; u_render_bin|u_pipe|u_fragment|s0_trgb_r[1]_NEW3263|dataf                                                              ;
;   3.809 ;   0.050 ; FF ; CELL ; 2      ; LABCELL_X33_Y37_N57 ; u_render_bin|u_pipe|u_fragment|s0_trgb_r[1]_NEW3263|combout                                                            ;
;   3.809 ;   0.000 ; FF ; IC   ; 1      ; FF_X33_Y37_N59      ; u_render_bin|u_pipe|u_fragment|s0_trgb_r[1]~_Duplicate_1|d                                                             ;
;   3.879 ;   0.070 ; FF ; CELL ; 1      ; FF_X33_Y37_N59      ; zhao_geom_bin_pipe:u_render_bin|zhao_raster_tile_pipe:u_pipe|zhao_raster_fragment:u_fragment|s0_trgb_r[1]~_Duplicate_1 ;
+---------+---------+----+------+--------+---------------------+------------------------------------------------------------------------------------------------------------------------+

+--------------------------------------------------------------------------------------------------------------------------------------------------------------------------------------+
; Data Required Path                                                                                                                                                                   ;
+---------+----------+----+------+--------+-------------------+------------------------------------------------------------------------------------------------------------------------+
; Total   ; Incr     ; RF ; Type ; Fanout ; Location          ; Element                                                                                                                ;
+---------+----------+----+------+--------+-------------------+------------------------------------------------------------------------------------------------------------------------+
; 0.000   ; 0.000    ;    ;      ;        ;                   ; latch edge time                                                                                                        ;
; 3.513   ; 3.513    ;    ;      ;        ;                   ; clock path                                                                                                             ;
;   0.000 ;   0.000  ;    ;      ;        ;                   ; source latency                                                                                                         ;
;   0.000 ;   0.000  ;    ;      ; 1      ; LABCELL_X45_Y1_N3 ; gpu_clk                                                                                                                ;
;   2.911 ;   2.911  ; RR ; IC   ; 1      ; CLKCTRL_G5        ; gpu_clk~CLKENA0|inclk                                                                                                  ;
;   3.209 ;   0.298  ; RR ; CELL ; 15028  ; CLKCTRL_G5        ; gpu_clk~CLKENA0|outclk                                                                                                 ;
;   5.514 ;   2.305  ; RR ; IC   ; 1      ; FF_X33_Y37_N59    ; u_render_bin|u_pipe|u_fragment|s0_trgb_r[1]~_Duplicate_1|clk                                                           ;
;   6.106 ;   0.592  ; RR ; CELL ; 1      ; FF_X33_Y37_N59    ; zhao_geom_bin_pipe:u_render_bin|zhao_raster_tile_pipe:u_pipe|zhao_raster_fragment:u_fragment|s0_trgb_r[1]~_Duplicate_1 ;
;   3.513 ;   -2.593 ;    ;      ;        ;                   ; clock pessimism removed                                                                                                ;
; 3.513   ; 0.000    ;    ;      ;        ;                   ; clock uncertainty                                                                                                      ;
; 3.513   ; 0.000    ;    ; uTh  ; 1      ; FF_X33_Y37_N59    ; zhao_geom_bin_pipe:u_render_bin|zhao_raster_tile_pipe:u_pipe|zhao_raster_fragment:u_fragment|s0_trgb_r[1]~_Duplicate_1 ;
+---------+----------+----+------+--------+-------------------+------------------------------------------------------------------------------------------------------------------------+

----------------------------
; Extra Fitter Information ;
----------------------------
HTML report is unavailable in plain text report export.


Path #45: Hold slack is 0.366 
===============================================================================
+--------------------------------------------------------------------------------------------------------------------------------------------+
; Path Summary                                                                                                                               ;
+--------------------+-----------------------------------------------------------------------------------------------------------------------+
; Property           ; Value                                                                                                                 ;
+--------------------+-----------------------------------------------------------------------------------------------------------------------+
; From Node          ; zhao_geom_bin_pipe:u_render_bin|zhao_raster_tile_pipe:u_pipe|zhao_raster_fragment:u_fragment|s1_depth_r[15]~DUPLICATE ;
; To Node            ; zhao_geom_bin_pipe:u_render_bin|zhao_raster_tile_pipe:u_pipe|zhao_raster_fragment:u_fragment|s2_depth_r[15]           ;
; Launch Clock       ; gpu_clk                                                                                                               ;
; Latch Clock        ; gpu_clk                                                                                                               ;
; Data Arrival Time  ; 4.218                                                                                                                 ;
; Data Required Time ; 3.852                                                                                                                 ;
; Slack              ; 0.366                                                                                                                 ;
+--------------------+-----------------------------------------------------------------------------------------------------------------------+

+-----------------------------------------------------------------------------------+
; Statistics                                                                        ;
+------------------------+-------+-------+-------------+------------+-------+-------+
; Property               ; Value ; Count ; Total Delay ; % of Total ; Min   ; Max   ;
+------------------------+-------+-------+-------------+------------+-------+-------+
; Hold Relationship      ; 0.000 ;       ;             ;            ;       ;       ;
; Clock Skew             ; 0.511 ;       ;             ;            ;       ;       ;
; Data Delay             ; 0.877 ;       ;             ;            ;       ;       ;
; Number of Logic Levels ;       ; 0     ;             ;            ;       ;       ;
; Physical Delays        ;       ;       ;             ;            ;       ;       ;
;  Arrival Path          ;       ;       ;             ;            ;       ;       ;
;   Clock                ;       ;       ;             ;            ;       ;       ;
;    IC                  ;       ; 2     ; 2.582       ; 77         ; 0.734 ; 1.848 ;
;    Cell                ;       ; 2     ; 0.759       ; 23         ; 0.272 ; 0.487 ;
;   Data                 ;       ;       ;             ;            ;       ;       ;
;    IC                  ;       ; 1     ; 0.519       ; 59         ; 0.519 ; 0.519 ;
;    Cell                ;       ; 2     ; 0.358       ; 41         ; 0.000 ; 0.358 ;
;    uTco                ;       ; 1     ; 0.000       ; 0          ; 0.000 ; 0.000 ;
;  Required Path         ;       ;       ;             ;            ;       ;       ;
;   Clock                ;       ;       ;             ;            ;       ;       ;
;    IC                  ;       ; 2     ; 5.186       ; 86         ; 2.275 ; 2.911 ;
;    Cell                ;       ; 2     ; 0.869       ; 14         ; 0.298 ; 0.571 ;
+------------------------+-------+-------+-------------+------------+-------+-------+
Note: Negative delays are omitted from totals when calculating percentages

+------------------------------------------------------------------------------------------------------------------------------------------------------------------------------------+
; Data Arrival Path                                                                                                                                                                  ;
+---------+---------+----+------+--------+-------------------+-----------------------------------------------------------------------------------------------------------------------+
; Total   ; Incr    ; RF ; Type ; Fanout ; Location          ; Element                                                                                                               ;
+---------+---------+----+------+--------+-------------------+-----------------------------------------------------------------------------------------------------------------------+
; 0.000   ; 0.000   ;    ;      ;        ;                   ; launch edge time                                                                                                      ;
; 3.341   ; 3.341   ;    ;      ;        ;                   ; clock path                                                                                                            ;
;   0.000 ;   0.000 ;    ;      ;        ;                   ; source latency                                                                                                        ;
;   0.000 ;   0.000 ;    ;      ; 1      ; LABCELL_X45_Y1_N3 ; gpu_clk                                                                                                               ;
;   0.734 ;   0.734 ; RR ; IC   ; 1      ; CLKCTRL_G5        ; gpu_clk~CLKENA0|inclk                                                                                                 ;
;   1.006 ;   0.272 ; RR ; CELL ; 15028  ; CLKCTRL_G5        ; gpu_clk~CLKENA0|outclk                                                                                                ;
;   2.854 ;   1.848 ; RR ; IC   ; 1      ; FF_X24_Y32_N28    ; u_render_bin|u_pipe|u_fragment|s1_depth_r[15]~DUPLICATE|clk                                                           ;
;   3.341 ;   0.487 ; RR ; CELL ; 1      ; FF_X24_Y32_N28    ; zhao_geom_bin_pipe:u_render_bin|zhao_raster_tile_pipe:u_pipe|zhao_raster_fragment:u_fragment|s1_depth_r[15]~DUPLICATE ;
; 4.218   ; 0.877   ;    ;      ;        ;                   ; data path                                                                                                             ;
;   3.341 ;   0.000 ;    ; uTco ; 1      ; FF_X24_Y32_N28    ; zhao_geom_bin_pipe:u_render_bin|zhao_raster_tile_pipe:u_pipe|zhao_raster_fragment:u_fragment|s1_depth_r[15]~DUPLICATE ;
;   3.341 ;   0.000 ; FF ; CELL ; 2      ; FF_X24_Y32_N28    ; u_render_bin|u_pipe|u_fragment|s1_depth_r[15]~DUPLICATE|q                                                             ;
;   3.860 ;   0.519 ; FF ; IC   ; 1      ; FF_X25_Y32_N10    ; u_render_bin|u_pipe|u_fragment|s2_depth_r[15]|asdata                                                                  ;
;   4.218 ;   0.358 ; FF ; CELL ; 1      ; FF_X25_Y32_N10    ; zhao_geom_bin_pipe:u_render_bin|zhao_raster_tile_pipe:u_pipe|zhao_raster_fragment:u_fragment|s2_depth_r[15]           ;
+---------+---------+----+------+--------+-------------------+-----------------------------------------------------------------------------------------------------------------------+

+---------------------------------------------------------------------------------------------------------------------------------------------------------------------------+
; Data Required Path                                                                                                                                                        ;
+---------+----------+----+------+--------+-------------------+-------------------------------------------------------------------------------------------------------------+
; Total   ; Incr     ; RF ; Type ; Fanout ; Location          ; Element                                                                                                     ;
+---------+----------+----+------+--------+-------------------+-------------------------------------------------------------------------------------------------------------+
; 0.000   ; 0.000    ;    ;      ;        ;                   ; latch edge time                                                                                             ;
; 3.852   ; 3.852    ;    ;      ;        ;                   ; clock path                                                                                                  ;
;   0.000 ;   0.000  ;    ;      ;        ;                   ; source latency                                                                                              ;
;   0.000 ;   0.000  ;    ;      ; 1      ; LABCELL_X45_Y1_N3 ; gpu_clk                                                                                                     ;
;   2.911 ;   2.911  ; RR ; IC   ; 1      ; CLKCTRL_G5        ; gpu_clk~CLKENA0|inclk                                                                                       ;
;   3.209 ;   0.298  ; RR ; CELL ; 15028  ; CLKCTRL_G5        ; gpu_clk~CLKENA0|outclk                                                                                      ;
;   5.484 ;   2.275  ; RR ; IC   ; 1      ; FF_X25_Y32_N10    ; u_render_bin|u_pipe|u_fragment|s2_depth_r[15]|clk                                                           ;
;   6.055 ;   0.571  ; RR ; CELL ; 1      ; FF_X25_Y32_N10    ; zhao_geom_bin_pipe:u_render_bin|zhao_raster_tile_pipe:u_pipe|zhao_raster_fragment:u_fragment|s2_depth_r[15] ;
;   3.852 ;   -2.203 ;    ;      ;        ;                   ; clock pessimism removed                                                                                     ;
; 3.852   ; 0.000    ;    ;      ;        ;                   ; clock uncertainty                                                                                           ;
; 3.852   ; 0.000    ;    ; uTh  ; 1      ; FF_X25_Y32_N10    ; zhao_geom_bin_pipe:u_render_bin|zhao_raster_tile_pipe:u_pipe|zhao_raster_fragment:u_fragment|s2_depth_r[15] ;
+---------+----------+----+------+--------+-------------------+-------------------------------------------------------------------------------------------------------------+

----------------------------
; Extra Fitter Information ;
----------------------------
HTML report is unavailable in plain text report export.


Path #46: Hold slack is 0.366 
===============================================================================
+-----------------------------------------+
; Path Summary                            ;
+--------------------+--------------------+
; Property           ; Value              ;
+--------------------+--------------------+
; From Node          ; pack_lo[44]        ;
; To Node            ; scan_beat_data[44] ;
; Launch Clock       ; gpu_clk            ;
; Latch Clock        ; gpu_clk            ;
; Data Arrival Time  ; 3.847              ;
; Data Required Time ; 3.481              ;
; Slack              ; 0.366              ;
+--------------------+--------------------+

+-----------------------------------------------------------------------------------+
; Statistics                                                                        ;
+------------------------+-------+-------+-------------+------------+-------+-------+
; Property               ; Value ; Count ; Total Delay ; % of Total ; Min   ; Max   ;
+------------------------+-------+-------+-------------+------------+-------+-------+
; Hold Relationship      ; 0.000 ;       ;             ;            ;       ;       ;
; Clock Skew             ; 0.117 ;       ;             ;            ;       ;       ;
; Data Delay             ; 0.483 ;       ;             ;            ;       ;       ;
; Number of Logic Levels ;       ; 1     ;             ;            ;       ;       ;
; Physical Delays        ;       ;       ;             ;            ;       ;       ;
;  Arrival Path          ;       ;       ;             ;            ;       ;       ;
;   Clock                ;       ;       ;             ;            ;       ;       ;
;    IC                  ;       ; 2     ; 2.594       ; 77         ; 0.734 ; 1.860 ;
;    Cell                ;       ; 2     ; 0.770       ; 23         ; 0.272 ; 0.498 ;
;   Data                 ;       ;       ;             ;            ;       ;       ;
;    IC                  ;       ; 2     ; 0.366       ; 76         ; 0.000 ; 0.366 ;
;    Cell                ;       ; 3     ; 0.117       ; 24         ; 0.000 ; 0.069 ;
;    uTco                ;       ; 1     ; 0.000       ; 0          ; 0.000 ; 0.000 ;
;  Required Path         ;       ;       ;             ;            ;       ;       ;
;   Clock                ;       ;       ;             ;            ;       ;       ;
;    IC                  ;       ; 2     ; 5.180       ; 85         ; 2.269 ; 2.911 ;
;    Cell                ;       ; 2     ; 0.883       ; 15         ; 0.298 ; 0.585 ;
+------------------------+-------+-------+-------------+------------+-------+-------+
Note: Negative delays are omitted from totals when calculating percentages

+-------------------------------------------------------------------------------------------------+
; Data Arrival Path                                                                               ;
+---------+---------+----+------+--------+--------------------+-----------------------------------+
; Total   ; Incr    ; RF ; Type ; Fanout ; Location           ; Element                           ;
+---------+---------+----+------+--------+--------------------+-----------------------------------+
; 0.000   ; 0.000   ;    ;      ;        ;                    ; launch edge time                  ;
; 3.364   ; 3.364   ;    ;      ;        ;                    ; clock path                        ;
;   0.000 ;   0.000 ;    ;      ;        ;                    ; source latency                    ;
;   0.000 ;   0.000 ;    ;      ; 1      ; LABCELL_X45_Y1_N3  ; gpu_clk                           ;
;   0.734 ;   0.734 ; RR ; IC   ; 1      ; CLKCTRL_G5         ; gpu_clk~CLKENA0|inclk             ;
;   1.006 ;   0.272 ; RR ; CELL ; 15028  ; CLKCTRL_G5         ; gpu_clk~CLKENA0|outclk            ;
;   2.866 ;   1.860 ; RR ; IC   ; 1      ; FF_X71_Y7_N13      ; pack_lo[44]|clk                   ;
;   3.364 ;   0.498 ; RR ; CELL ; 1      ; FF_X71_Y7_N13      ; pack_lo[44]                       ;
; 3.847   ; 0.483   ;    ;      ;        ;                    ; data path                         ;
;   3.364 ;   0.000 ;    ; uTco ; 1      ; FF_X71_Y7_N13      ; pack_lo[44]                       ;
;   3.364 ;   0.000 ; FF ; CELL ; 1      ; FF_X71_Y7_N13      ; pack_lo[44]|q                     ;
;   3.730 ;   0.366 ; FF ; IC   ; 1      ; LABCELL_X71_Y7_N27 ; scan_beat_data[44]~feeder|dataf   ;
;   3.778 ;   0.048 ; FF ; CELL ; 1      ; LABCELL_X71_Y7_N27 ; scan_beat_data[44]~feeder|combout ;
;   3.778 ;   0.000 ; FF ; IC   ; 1      ; FF_X71_Y7_N29      ; scan_beat_data[44]|d              ;
;   3.847 ;   0.069 ; FF ; CELL ; 1      ; FF_X71_Y7_N29      ; scan_beat_data[44]                ;
+---------+---------+----+------+--------+--------------------+-----------------------------------+

+---------------------------------------------------------------------------------------+
; Data Required Path                                                                    ;
+---------+----------+----+------+--------+-------------------+-------------------------+
; Total   ; Incr     ; RF ; Type ; Fanout ; Location          ; Element                 ;
+---------+----------+----+------+--------+-------------------+-------------------------+
; 0.000   ; 0.000    ;    ;      ;        ;                   ; latch edge time         ;
; 3.481   ; 3.481    ;    ;      ;        ;                   ; clock path              ;
;   0.000 ;   0.000  ;    ;      ;        ;                   ; source latency          ;
;   0.000 ;   0.000  ;    ;      ; 1      ; LABCELL_X45_Y1_N3 ; gpu_clk                 ;
;   2.911 ;   2.911  ; RR ; IC   ; 1      ; CLKCTRL_G5        ; gpu_clk~CLKENA0|inclk   ;
;   3.209 ;   0.298  ; RR ; CELL ; 15028  ; CLKCTRL_G5        ; gpu_clk~CLKENA0|outclk  ;
;   5.478 ;   2.269  ; RR ; IC   ; 1      ; FF_X71_Y7_N29     ; scan_beat_data[44]|clk  ;
;   6.063 ;   0.585  ; RR ; CELL ; 1      ; FF_X71_Y7_N29     ; scan_beat_data[44]      ;
;   3.481 ;   -2.582 ;    ;      ;        ;                   ; clock pessimism removed ;
; 3.481   ; 0.000    ;    ;      ;        ;                   ; clock uncertainty       ;
; 3.481   ; 0.000    ;    ; uTh  ; 1      ; FF_X71_Y7_N29     ; scan_beat_data[44]      ;
+---------+----------+----+------+--------+-------------------+-------------------------+

----------------------------
; Extra Fitter Information ;
----------------------------
HTML report is unavailable in plain text report export.


Path #47: Hold slack is 0.367 
===============================================================================
+---------------------------------------------------------------+
; Path Summary                                                  ;
+--------------------+------------------------------------------+
; Property           ; Value                                    ;
+--------------------+------------------------------------------+
; From Node          ; zhao_cmd_scheduler:u_sched|live_cmds[25] ;
; To Node            ; zhao_cmd_scheduler:u_sched|sh_cmds[25]   ;
; Launch Clock       ; gpu_clk                                  ;
; Latch Clock        ; gpu_clk                                  ;
; Data Arrival Time  ; 4.205                                    ;
; Data Required Time ; 3.838                                    ;
; Slack              ; 0.367                                    ;
+--------------------+------------------------------------------+

+-----------------------------------------------------------------------------------+
; Statistics                                                                        ;
+------------------------+-------+-------+-------------+------------+-------+-------+
; Property               ; Value ; Count ; Total Delay ; % of Total ; Min   ; Max   ;
+------------------------+-------+-------+-------------+------------+-------+-------+
; Hold Relationship      ; 0.000 ;       ;             ;            ;       ;       ;
; Clock Skew             ; 0.447 ;       ;             ;            ;       ;       ;
; Data Delay             ; 0.814 ;       ;             ;            ;       ;       ;
; Number of Logic Levels ;       ; 0     ;             ;            ;       ;       ;
; Physical Delays        ;       ;       ;             ;            ;       ;       ;
;  Arrival Path          ;       ;       ;             ;            ;       ;       ;
;   Clock                ;       ;       ;             ;            ;       ;       ;
;    IC                  ;       ; 2     ; 2.637       ; 78         ; 0.734 ; 1.903 ;
;    Cell                ;       ; 2     ; 0.754       ; 22         ; 0.272 ; 0.482 ;
;   Data                 ;       ;       ;             ;            ;       ;       ;
;    IC                  ;       ; 1     ; 0.534       ; 66         ; 0.534 ; 0.534 ;
;    Cell                ;       ; 2     ; 0.280       ; 34         ; 0.000 ; 0.280 ;
;    uTco                ;       ; 1     ; 0.000       ; 0          ; 0.000 ; 0.000 ;
;  Required Path         ;       ;       ;             ;            ;       ;       ;
;   Clock                ;       ;       ;             ;            ;       ;       ;
;    IC                  ;       ; 2     ; 5.165       ; 85         ; 2.254 ; 2.911 ;
;    Cell                ;       ; 2     ; 0.876       ; 15         ; 0.298 ; 0.578 ;
+------------------------+-------+-------+-------------+------------+-------+-------+
Note: Negative delays are omitted from totals when calculating percentages

+-------------------------------------------------------------------------------------------------------+
; Data Arrival Path                                                                                     ;
+---------+---------+----+------+--------+-------------------+------------------------------------------+
; Total   ; Incr    ; RF ; Type ; Fanout ; Location          ; Element                                  ;
+---------+---------+----+------+--------+-------------------+------------------------------------------+
; 0.000   ; 0.000   ;    ;      ;        ;                   ; launch edge time                         ;
; 3.391   ; 3.391   ;    ;      ;        ;                   ; clock path                               ;
;   0.000 ;   0.000 ;    ;      ;        ;                   ; source latency                           ;
;   0.000 ;   0.000 ;    ;      ; 1      ; LABCELL_X45_Y1_N3 ; gpu_clk                                  ;
;   0.734 ;   0.734 ; RR ; IC   ; 1      ; CLKCTRL_G5        ; gpu_clk~CLKENA0|inclk                    ;
;   1.006 ;   0.272 ; RR ; CELL ; 15028  ; CLKCTRL_G5        ; gpu_clk~CLKENA0|outclk                   ;
;   2.909 ;   1.903 ; RR ; IC   ; 1      ; FF_X25_Y9_N44     ; u_sched|live_cmds[25]|clk                ;
;   3.391 ;   0.482 ; RR ; CELL ; 1      ; FF_X25_Y9_N44     ; zhao_cmd_scheduler:u_sched|live_cmds[25] ;
; 4.205   ; 0.814   ;    ;      ;        ;                   ; data path                                ;
;   3.391 ;   0.000 ;    ; uTco ; 1      ; FF_X25_Y9_N44     ; zhao_cmd_scheduler:u_sched|live_cmds[25] ;
;   3.391 ;   0.000 ; RR ; CELL ; 2      ; FF_X25_Y9_N44     ; u_sched|live_cmds[25]|q                  ;
;   3.925 ;   0.534 ; RR ; IC   ; 1      ; FF_X24_Y9_N5      ; u_sched|sh_cmds[25]|asdata               ;
;   4.205 ;   0.280 ; RR ; CELL ; 1      ; FF_X24_Y9_N5      ; zhao_cmd_scheduler:u_sched|sh_cmds[25]   ;
+---------+---------+----+------+--------+-------------------+------------------------------------------+

+------------------------------------------------------------------------------------------------------+
; Data Required Path                                                                                   ;
+---------+----------+----+------+--------+-------------------+----------------------------------------+
; Total   ; Incr     ; RF ; Type ; Fanout ; Location          ; Element                                ;
+---------+----------+----+------+--------+-------------------+----------------------------------------+
; 0.000   ; 0.000    ;    ;      ;        ;                   ; latch edge time                        ;
; 3.838   ; 3.838    ;    ;      ;        ;                   ; clock path                             ;
;   0.000 ;   0.000  ;    ;      ;        ;                   ; source latency                         ;
;   0.000 ;   0.000  ;    ;      ; 1      ; LABCELL_X45_Y1_N3 ; gpu_clk                                ;
;   2.911 ;   2.911  ; RR ; IC   ; 1      ; CLKCTRL_G5        ; gpu_clk~CLKENA0|inclk                  ;
;   3.209 ;   0.298  ; RR ; CELL ; 15028  ; CLKCTRL_G5        ; gpu_clk~CLKENA0|outclk                 ;
;   5.463 ;   2.254  ; RR ; IC   ; 1      ; FF_X24_Y9_N5      ; u_sched|sh_cmds[25]|clk                ;
;   6.041 ;   0.578  ; RR ; CELL ; 1      ; FF_X24_Y9_N5      ; zhao_cmd_scheduler:u_sched|sh_cmds[25] ;
;   3.838 ;   -2.203 ;    ;      ;        ;                   ; clock pessimism removed                ;
; 3.838   ; 0.000    ;    ;      ;        ;                   ; clock uncertainty                      ;
; 3.838   ; 0.000    ;    ; uTh  ; 1      ; FF_X24_Y9_N5      ; zhao_cmd_scheduler:u_sched|sh_cmds[25] ;
+---------+----------+----+------+--------+-------------------+----------------------------------------+

----------------------------
; Extra Fitter Information ;
----------------------------
HTML report is unavailable in plain text report export.


Path #48: Hold slack is 0.368 
===============================================================================
+--------------------------------------------------------------------------------------------------------------------------------+
; Path Summary                                                                                                                   ;
+--------------------+-----------------------------------------------------------------------------------------------------------+
; Property           ; Value                                                                                                     ;
+--------------------+-----------------------------------------------------------------------------------------------------------+
; From Node          ; zhao_geom_bin_pipe:u_render_bin|zhao_raster_tile_pipe:u_pipe|zhao_skid2:u_cand_skid|mem[1][0]             ;
; To Node            ; zhao_geom_bin_pipe:u_render_bin|zhao_raster_tile_pipe:u_pipe|zhao_raster_fragment:u_fragment|s0_tidx_r[0] ;
; Launch Clock       ; gpu_clk                                                                                                   ;
; Latch Clock        ; gpu_clk                                                                                                   ;
; Data Arrival Time  ; 3.876                                                                                                     ;
; Data Required Time ; 3.508                                                                                                     ;
; Slack              ; 0.368                                                                                                     ;
+--------------------+-----------------------------------------------------------------------------------------------------------+

+-----------------------------------------------------------------------------------+
; Statistics                                                                        ;
+------------------------+-------+-------+-------------+------------+-------+-------+
; Property               ; Value ; Count ; Total Delay ; % of Total ; Min   ; Max   ;
+------------------------+-------+-------+-------------+------------+-------+-------+
; Hold Relationship      ; 0.000 ;       ;             ;            ;       ;       ;
; Clock Skew             ; 0.106 ;       ;             ;            ;       ;       ;
; Data Delay             ; 0.474 ;       ;             ;            ;       ;       ;
; Number of Logic Levels ;       ; 1     ;             ;            ;       ;       ;
; Physical Delays        ;       ;       ;             ;            ;       ;       ;
;  Arrival Path          ;       ;       ;             ;            ;       ;       ;
;   Clock                ;       ;       ;             ;            ;       ;       ;
;    IC                  ;       ; 2     ; 2.622       ; 77         ; 0.734 ; 1.888 ;
;    Cell                ;       ; 2     ; 0.780       ; 23         ; 0.272 ; 0.508 ;
;   Data                 ;       ;       ;             ;            ;       ;       ;
;    IC                  ;       ; 2     ; 0.356       ; 75         ; 0.000 ; 0.356 ;
;    Cell                ;       ; 3     ; 0.118       ; 25         ; 0.000 ; 0.069 ;
;    uTco                ;       ; 1     ; 0.000       ; 0          ; 0.000 ; 0.000 ;
;  Required Path         ;       ;       ;             ;            ;       ;       ;
;   Clock                ;       ;       ;             ;            ;       ;       ;
;    IC                  ;       ; 2     ; 5.213       ; 86         ; 2.302 ; 2.911 ;
;    Cell                ;       ; 2     ; 0.883       ; 14         ; 0.298 ; 0.585 ;
+------------------------+-------+-------+-------------+------------+-------+-------+
Note: Negative delays are omitted from totals when calculating percentages

+--------------------------------------------------------------------------------------------------------------------------------------------------------------------------+
; Data Arrival Path                                                                                                                                                        ;
+---------+---------+----+------+--------+---------------------+-----------------------------------------------------------------------------------------------------------+
; Total   ; Incr    ; RF ; Type ; Fanout ; Location            ; Element                                                                                                   ;
+---------+---------+----+------+--------+---------------------+-----------------------------------------------------------------------------------------------------------+
; 0.000   ; 0.000   ;    ;      ;        ;                     ; launch edge time                                                                                          ;
; 3.402   ; 3.402   ;    ;      ;        ;                     ; clock path                                                                                                ;
;   0.000 ;   0.000 ;    ;      ;        ;                     ; source latency                                                                                            ;
;   0.000 ;   0.000 ;    ;      ; 1      ; LABCELL_X45_Y1_N3   ; gpu_clk                                                                                                   ;
;   0.734 ;   0.734 ; RR ; IC   ; 1      ; CLKCTRL_G5          ; gpu_clk~CLKENA0|inclk                                                                                     ;
;   1.006 ;   0.272 ; RR ; CELL ; 15028  ; CLKCTRL_G5          ; gpu_clk~CLKENA0|outclk                                                                                    ;
;   2.894 ;   1.888 ; RR ; IC   ; 1      ; FF_X23_Y39_N14      ; u_render_bin|u_pipe|u_cand_skid|mem[1][0]|clk                                                             ;
;   3.402 ;   0.508 ; RR ; CELL ; 1      ; FF_X23_Y39_N14      ; zhao_geom_bin_pipe:u_render_bin|zhao_raster_tile_pipe:u_pipe|zhao_skid2:u_cand_skid|mem[1][0]             ;
; 3.876   ; 0.474   ;    ;      ;        ;                     ; data path                                                                                                 ;
;   3.402 ;   0.000 ;    ; uTco ; 1      ; FF_X23_Y39_N14      ; zhao_geom_bin_pipe:u_render_bin|zhao_raster_tile_pipe:u_pipe|zhao_skid2:u_cand_skid|mem[1][0]             ;
;   3.402 ;   0.000 ; FF ; CELL ; 1      ; FF_X23_Y39_N14      ; u_render_bin|u_pipe|u_cand_skid|mem[1][0]|q                                                               ;
;   3.758 ;   0.356 ; FF ; IC   ; 1      ; LABCELL_X22_Y39_N48 ; u_render_bin|u_pipe|u_fragment|s0_tidx_r[0]~feeder|dataf                                                  ;
;   3.807 ;   0.049 ; FF ; CELL ; 1      ; LABCELL_X22_Y39_N48 ; u_render_bin|u_pipe|u_fragment|s0_tidx_r[0]~feeder|combout                                                ;
;   3.807 ;   0.000 ; FF ; IC   ; 1      ; FF_X22_Y39_N50      ; u_render_bin|u_pipe|u_fragment|s0_tidx_r[0]|d                                                             ;
;   3.876 ;   0.069 ; FF ; CELL ; 1      ; FF_X22_Y39_N50      ; zhao_geom_bin_pipe:u_render_bin|zhao_raster_tile_pipe:u_pipe|zhao_raster_fragment:u_fragment|s0_tidx_r[0] ;
+---------+---------+----+------+--------+---------------------+-----------------------------------------------------------------------------------------------------------+

+-------------------------------------------------------------------------------------------------------------------------------------------------------------------------+
; Data Required Path                                                                                                                                                      ;
+---------+----------+----+------+--------+-------------------+-----------------------------------------------------------------------------------------------------------+
; Total   ; Incr     ; RF ; Type ; Fanout ; Location          ; Element                                                                                                   ;
+---------+----------+----+------+--------+-------------------+-----------------------------------------------------------------------------------------------------------+
; 0.000   ; 0.000    ;    ;      ;        ;                   ; latch edge time                                                                                           ;
; 3.508   ; 3.508    ;    ;      ;        ;                   ; clock path                                                                                                ;
;   0.000 ;   0.000  ;    ;      ;        ;                   ; source latency                                                                                            ;
;   0.000 ;   0.000  ;    ;      ; 1      ; LABCELL_X45_Y1_N3 ; gpu_clk                                                                                                   ;
;   2.911 ;   2.911  ; RR ; IC   ; 1      ; CLKCTRL_G5        ; gpu_clk~CLKENA0|inclk                                                                                     ;
;   3.209 ;   0.298  ; RR ; CELL ; 15028  ; CLKCTRL_G5        ; gpu_clk~CLKENA0|outclk                                                                                    ;
;   5.511 ;   2.302  ; RR ; IC   ; 1      ; FF_X22_Y39_N50    ; u_render_bin|u_pipe|u_fragment|s0_tidx_r[0]|clk                                                           ;
;   6.096 ;   0.585  ; RR ; CELL ; 1      ; FF_X22_Y39_N50    ; zhao_geom_bin_pipe:u_render_bin|zhao_raster_tile_pipe:u_pipe|zhao_raster_fragment:u_fragment|s0_tidx_r[0] ;
;   3.508 ;   -2.588 ;    ;      ;        ;                   ; clock pessimism removed                                                                                   ;
; 3.508   ; 0.000    ;    ;      ;        ;                   ; clock uncertainty                                                                                         ;
; 3.508   ; 0.000    ;    ; uTh  ; 1      ; FF_X22_Y39_N50    ; zhao_geom_bin_pipe:u_render_bin|zhao_raster_tile_pipe:u_pipe|zhao_raster_fragment:u_fragment|s0_tidx_r[0] ;
+---------+----------+----+------+--------+-------------------+-----------------------------------------------------------------------------------------------------------+

----------------------------
; Extra Fitter Information ;
----------------------------
HTML report is unavailable in plain text report export.


Path #49: Hold slack is 0.368 
===============================================================================
+---------------------------------------------------------------------------------------------+
; Path Summary                                                                                ;
+--------------------+------------------------------------------------------------------------+
; Property           ; Value                                                                  ;
+--------------------+------------------------------------------------------------------------+
; From Node          ; zhao_video_scanout:u_scanout|zhao_scanout_fetch:u_fetch|line_base_r[8] ;
; To Node            ; zhao_mem_guard:u_guard_scan|fwd_req.addr[8]_OTERM2000                  ;
; Launch Clock       ; gpu_clk                                                                ;
; Latch Clock        ; gpu_clk                                                                ;
; Data Arrival Time  ; 3.869                                                                  ;
; Data Required Time ; 3.501                                                                  ;
; Slack              ; 0.368                                                                  ;
+--------------------+------------------------------------------------------------------------+

+-----------------------------------------------------------------------------------+
; Statistics                                                                        ;
+------------------------+-------+-------+-------------+------------+-------+-------+
; Property               ; Value ; Count ; Total Delay ; % of Total ; Min   ; Max   ;
+------------------------+-------+-------+-------------+------------+-------+-------+
; Hold Relationship      ; 0.000 ;       ;             ;            ;       ;       ;
; Clock Skew             ; 0.094 ;       ;             ;            ;       ;       ;
; Data Delay             ; 0.462 ;       ;             ;            ;       ;       ;
; Number of Logic Levels ;       ; 1     ;             ;            ;       ;       ;
; Physical Delays        ;       ;       ;             ;            ;       ;       ;
;  Arrival Path          ;       ;       ;             ;            ;       ;       ;
;   Clock                ;       ;       ;             ;            ;       ;       ;
;    IC                  ;       ; 2     ; 2.622       ; 77         ; 0.734 ; 1.888 ;
;    Cell                ;       ; 2     ; 0.785       ; 23         ; 0.272 ; 0.513 ;
;   Data                 ;       ;       ;             ;            ;       ;       ;
;    IC                  ;       ; 2     ; 0.322       ; 70         ; 0.000 ; 0.322 ;
;    Cell                ;       ; 3     ; 0.140       ; 30         ; 0.000 ; 0.072 ;
;    uTco                ;       ; 1     ; 0.000       ; 0          ; 0.000 ; 0.000 ;
;  Required Path         ;       ;       ;             ;            ;       ;       ;
;   Clock                ;       ;       ;             ;            ;       ;       ;
;    IC                  ;       ; 2     ; 5.214       ; 86         ; 2.303 ; 2.911 ;
;    Cell                ;       ; 2     ; 0.875       ; 14         ; 0.298 ; 0.577 ;
+------------------------+-------+-------+-------------+------------+-------+-------+
Note: Negative delays are omitted from totals when calculating percentages

+--------------------------------------------------------------------------------------------------------------------------------------+
; Data Arrival Path                                                                                                                    ;
+---------+---------+----+------+--------+--------------------+------------------------------------------------------------------------+
; Total   ; Incr    ; RF ; Type ; Fanout ; Location           ; Element                                                                ;
+---------+---------+----+------+--------+--------------------+------------------------------------------------------------------------+
; 0.000   ; 0.000   ;    ;      ;        ;                    ; launch edge time                                                       ;
; 3.407   ; 3.407   ;    ;      ;        ;                    ; clock path                                                             ;
;   0.000 ;   0.000 ;    ;      ;        ;                    ; source latency                                                         ;
;   0.000 ;   0.000 ;    ;      ; 1      ; LABCELL_X45_Y1_N3  ; gpu_clk                                                                ;
;   0.734 ;   0.734 ; RR ; IC   ; 1      ; CLKCTRL_G5         ; gpu_clk~CLKENA0|inclk                                                  ;
;   1.006 ;   0.272 ; RR ; CELL ; 15028  ; CLKCTRL_G5         ; gpu_clk~CLKENA0|outclk                                                 ;
;   2.894 ;   1.888 ; RR ; IC   ; 1      ; FF_X51_Y6_N13      ; u_scanout|u_fetch|line_base_r[8]|clk                                   ;
;   3.407 ;   0.513 ; RR ; CELL ; 1      ; FF_X51_Y6_N13      ; zhao_video_scanout:u_scanout|zhao_scanout_fetch:u_fetch|line_base_r[8] ;
; 3.869   ; 0.462   ;    ;      ;        ;                    ; data path                                                              ;
;   3.407 ;   0.000 ;    ; uTco ; 1      ; FF_X51_Y6_N13      ; zhao_video_scanout:u_scanout|zhao_scanout_fetch:u_fetch|line_base_r[8] ;
;   3.407 ;   0.000 ; FF ; CELL ; 1      ; FF_X51_Y6_N13      ; u_scanout|u_fetch|line_base_r[8]|q                                     ;
;   3.729 ;   0.322 ; FF ; IC   ; 2      ; LABCELL_X51_Y6_N36 ; u_scanout|u_fetch|Add6~61|dataf                                        ;
;   3.801 ;   0.072 ; FR ; CELL ; 2      ; LABCELL_X51_Y6_N36 ; u_scanout|u_fetch|Add6~61|sumout                                       ;
;   3.801 ;   0.000 ; RR ; IC   ; 1      ; FF_X51_Y6_N37      ; u_guard_scan|fwd_req.addr[8]_NEW_REG1999|d                             ;
;   3.869 ;   0.068 ; RR ; CELL ; 1      ; FF_X51_Y6_N37      ; zhao_mem_guard:u_guard_scan|fwd_req.addr[8]_OTERM2000                  ;
+---------+---------+----+------+--------+--------------------+------------------------------------------------------------------------+

+---------------------------------------------------------------------------------------------------------------------+
; Data Required Path                                                                                                  ;
+---------+----------+----+------+--------+-------------------+-------------------------------------------------------+
; Total   ; Incr     ; RF ; Type ; Fanout ; Location          ; Element                                               ;
+---------+----------+----+------+--------+-------------------+-------------------------------------------------------+
; 0.000   ; 0.000    ;    ;      ;        ;                   ; latch edge time                                       ;
; 3.501   ; 3.501    ;    ;      ;        ;                   ; clock path                                            ;
;   0.000 ;   0.000  ;    ;      ;        ;                   ; source latency                                        ;
;   0.000 ;   0.000  ;    ;      ; 1      ; LABCELL_X45_Y1_N3 ; gpu_clk                                               ;
;   2.911 ;   2.911  ; RR ; IC   ; 1      ; CLKCTRL_G5        ; gpu_clk~CLKENA0|inclk                                 ;
;   3.209 ;   0.298  ; RR ; CELL ; 15028  ; CLKCTRL_G5        ; gpu_clk~CLKENA0|outclk                                ;
;   5.512 ;   2.303  ; RR ; IC   ; 1      ; FF_X51_Y6_N37     ; u_guard_scan|fwd_req.addr[8]_NEW_REG1999|clk          ;
;   6.089 ;   0.577  ; RR ; CELL ; 1      ; FF_X51_Y6_N37     ; zhao_mem_guard:u_guard_scan|fwd_req.addr[8]_OTERM2000 ;
;   3.501 ;   -2.588 ;    ;      ;        ;                   ; clock pessimism removed                               ;
; 3.501   ; 0.000    ;    ;      ;        ;                   ; clock uncertainty                                     ;
; 3.501   ; 0.000    ;    ; uTh  ; 1      ; FF_X51_Y6_N37     ; zhao_mem_guard:u_guard_scan|fwd_req.addr[8]_OTERM2000 ;
+---------+----------+----+------+--------+-------------------+-------------------------------------------------------+

----------------------------
; Extra Fitter Information ;
----------------------------
HTML report is unavailable in plain text report export.


Path #50: Hold slack is 0.368 
===============================================================================
+---------------------------------------------------------------+
; Path Summary                                                  ;
+--------------------+------------------------------------------+
; Property           ; Value                                    ;
+--------------------+------------------------------------------+
; From Node          ; zhao_cmd_scheduler:u_sched|live_cmds[36] ;
; To Node            ; zhao_cmd_scheduler:u_sched|sh_cmds[36]   ;
; Launch Clock       ; gpu_clk                                  ;
; Latch Clock        ; gpu_clk                                  ;
; Data Arrival Time  ; 4.209                                    ;
; Data Required Time ; 3.841                                    ;
; Slack              ; 0.368                                    ;
+--------------------+------------------------------------------+

+-----------------------------------------------------------------------------------+
; Statistics                                                                        ;
+------------------------+-------+-------+-------------+------------+-------+-------+
; Property               ; Value ; Count ; Total Delay ; % of Total ; Min   ; Max   ;
+------------------------+-------+-------+-------------+------------+-------+-------+
; Hold Relationship      ; 0.000 ;       ;             ;            ;       ;       ;
; Clock Skew             ; 0.451 ;       ;             ;            ;       ;       ;
; Data Delay             ; 0.819 ;       ;             ;            ;       ;       ;
; Number of Logic Levels ;       ; 0     ;             ;            ;       ;       ;
; Physical Delays        ;       ;       ;             ;            ;       ;       ;
;  Arrival Path          ;       ;       ;             ;            ;       ;       ;
;   Clock                ;       ;       ;             ;            ;       ;       ;
;    IC                  ;       ; 2     ; 2.638       ; 78         ; 0.734 ; 1.904 ;
;    Cell                ;       ; 2     ; 0.752       ; 22         ; 0.272 ; 0.480 ;
;   Data                 ;       ;       ;             ;            ;       ;       ;
;    IC                  ;       ; 1     ; 0.540       ; 66         ; 0.540 ; 0.540 ;
;    Cell                ;       ; 2     ; 0.279       ; 34         ; 0.000 ; 0.279 ;
;    uTco                ;       ; 1     ; 0.000       ; 0          ; 0.000 ; 0.000 ;
;  Required Path         ;       ;       ;             ;            ;       ;       ;
;   Clock                ;       ;       ;             ;            ;       ;       ;
;    IC                  ;       ; 2     ; 5.168       ; 86         ; 2.257 ; 2.911 ;
;    Cell                ;       ; 2     ; 0.876       ; 14         ; 0.298 ; 0.578 ;
+------------------------+-------+-------+-------------+------------+-------+-------+
Note: Negative delays are omitted from totals when calculating percentages

+-------------------------------------------------------------------------------------------------------+
; Data Arrival Path                                                                                     ;
+---------+---------+----+------+--------+-------------------+------------------------------------------+
; Total   ; Incr    ; RF ; Type ; Fanout ; Location          ; Element                                  ;
+---------+---------+----+------+--------+-------------------+------------------------------------------+
; 0.000   ; 0.000   ;    ;      ;        ;                   ; launch edge time                         ;
; 3.390   ; 3.390   ;    ;      ;        ;                   ; clock path                               ;
;   0.000 ;   0.000 ;    ;      ;        ;                   ; source latency                           ;
;   0.000 ;   0.000 ;    ;      ; 1      ; LABCELL_X45_Y1_N3 ; gpu_clk                                  ;
;   0.734 ;   0.734 ; RR ; IC   ; 1      ; CLKCTRL_G5        ; gpu_clk~CLKENA0|inclk                    ;
;   1.006 ;   0.272 ; RR ; CELL ; 15028  ; CLKCTRL_G5        ; gpu_clk~CLKENA0|outclk                   ;
;   2.910 ;   1.904 ; RR ; IC   ; 1      ; FF_X25_Y8_N16     ; u_sched|live_cmds[36]|clk                ;
;   3.390 ;   0.480 ; RR ; CELL ; 1      ; FF_X25_Y8_N16     ; zhao_cmd_scheduler:u_sched|live_cmds[36] ;
; 4.209   ; 0.819   ;    ;      ;        ;                   ; data path                                ;
;   3.390 ;   0.000 ;    ; uTco ; 1      ; FF_X25_Y8_N16     ; zhao_cmd_scheduler:u_sched|live_cmds[36] ;
;   3.390 ;   0.000 ; RR ; CELL ; 1      ; FF_X25_Y8_N16     ; u_sched|live_cmds[36]|q                  ;
;   3.930 ;   0.540 ; RR ; IC   ; 1      ; FF_X24_Y8_N16     ; u_sched|sh_cmds[36]|asdata               ;
;   4.209 ;   0.279 ; RR ; CELL ; 1      ; FF_X24_Y8_N16     ; zhao_cmd_scheduler:u_sched|sh_cmds[36]   ;
+---------+---------+----+------+--------+-------------------+------------------------------------------+

+------------------------------------------------------------------------------------------------------+
; Data Required Path                                                                                   ;
+---------+----------+----+------+--------+-------------------+----------------------------------------+
; Total   ; Incr     ; RF ; Type ; Fanout ; Location          ; Element                                ;
+---------+----------+----+------+--------+-------------------+----------------------------------------+
; 0.000   ; 0.000    ;    ;      ;        ;                   ; latch edge time                        ;
; 3.841   ; 3.841    ;    ;      ;        ;                   ; clock path                             ;
;   0.000 ;   0.000  ;    ;      ;        ;                   ; source latency                         ;
;   0.000 ;   0.000  ;    ;      ; 1      ; LABCELL_X45_Y1_N3 ; gpu_clk                                ;
;   2.911 ;   2.911  ; RR ; IC   ; 1      ; CLKCTRL_G5        ; gpu_clk~CLKENA0|inclk                  ;
;   3.209 ;   0.298  ; RR ; CELL ; 15028  ; CLKCTRL_G5        ; gpu_clk~CLKENA0|outclk                 ;
;   5.466 ;   2.257  ; RR ; IC   ; 1      ; FF_X24_Y8_N16     ; u_sched|sh_cmds[36]|clk                ;
;   6.044 ;   0.578  ; RR ; CELL ; 1      ; FF_X24_Y8_N16     ; zhao_cmd_scheduler:u_sched|sh_cmds[36] ;
;   3.841 ;   -2.203 ;    ;      ;        ;                   ; clock pessimism removed                ;
; 3.841   ; 0.000    ;    ;      ;        ;                   ; clock uncertainty                      ;
; 3.841   ; 0.000    ;    ; uTh  ; 1      ; FF_X24_Y8_N16     ; zhao_cmd_scheduler:u_sched|sh_cmds[36] ;
+---------+----------+----+------+--------+-------------------+----------------------------------------+

----------------------------
; Extra Fitter Information ;
----------------------------
HTML report is unavailable in plain text report export.


Path #51: Hold slack is 0.369 
===============================================================================
+----------------------------------------------------------------------------------------------------------------------------------------------+
; Path Summary                                                                                                                                 ;
+--------------------+-------------------------------------------------------------------------------------------------------------------------+
; Property           ; Value                                                                                                                   ;
+--------------------+-------------------------------------------------------------------------------------------------------------------------+
; From Node          ; zhao_geom_bin_pipe:u_render_bin|zhao_raster_tile_pipe:u_pipe|zhao_skid2:u_cand_skid|mem[0][30]                          ;
; To Node            ; zhao_geom_bin_pipe:u_render_bin|zhao_raster_tile_pipe:u_pipe|zhao_raster_fragment:u_fragment|s0_trgb_r[14]~_Duplicate_1 ;
; Launch Clock       ; gpu_clk                                                                                                                 ;
; Latch Clock        ; gpu_clk                                                                                                                 ;
; Data Arrival Time  ; 3.891                                                                                                                   ;
; Data Required Time ; 3.522                                                                                                                   ;
; Slack              ; 0.369                                                                                                                   ;
+--------------------+-------------------------------------------------------------------------------------------------------------------------+

+-----------------------------------------------------------------------------------+
; Statistics                                                                        ;
+------------------------+-------+-------+-------------+------------+-------+-------+
; Property               ; Value ; Count ; Total Delay ; % of Total ; Min   ; Max   ;
+------------------------+-------+-------+-------------+------------+-------+-------+
; Hold Relationship      ; 0.000 ;       ;             ;            ;       ;       ;
; Clock Skew             ; 0.117 ;       ;             ;            ;       ;       ;
; Data Delay             ; 0.486 ;       ;             ;            ;       ;       ;
; Number of Logic Levels ;       ; 1     ;             ;            ;       ;       ;
; Physical Delays        ;       ;       ;             ;            ;       ;       ;
;  Arrival Path          ;       ;       ;             ;            ;       ;       ;
;   Clock                ;       ;       ;             ;            ;       ;       ;
;    IC                  ;       ; 2     ; 2.635       ; 77         ; 0.734 ; 1.901 ;
;    Cell                ;       ; 2     ; 0.770       ; 23         ; 0.272 ; 0.498 ;
;   Data                 ;       ;       ;             ;            ;       ;       ;
;    IC                  ;       ; 2     ; 0.364       ; 75         ; 0.000 ; 0.364 ;
;    Cell                ;       ; 3     ; 0.122       ; 25         ; 0.000 ; 0.071 ;
;    uTco                ;       ; 1     ; 0.000       ; 0          ; 0.000 ; 0.000 ;
;  Required Path         ;       ;       ;             ;            ;       ;       ;
;   Clock                ;       ;       ;             ;            ;       ;       ;
;    IC                  ;       ; 2     ; 5.231       ; 86         ; 2.320 ; 2.911 ;
;    Cell                ;       ; 2     ; 0.884       ; 14         ; 0.298 ; 0.586 ;
+------------------------+-------+-------+-------------+------------+-------+-------+
Note: Negative delays are omitted from totals when calculating percentages

+----------------------------------------------------------------------------------------------------------------------------------------------------------------------------------------+
; Data Arrival Path                                                                                                                                                                      ;
+---------+---------+----+------+--------+---------------------+-------------------------------------------------------------------------------------------------------------------------+
; Total   ; Incr    ; RF ; Type ; Fanout ; Location            ; Element                                                                                                                 ;
+---------+---------+----+------+--------+---------------------+-------------------------------------------------------------------------------------------------------------------------+
; 0.000   ; 0.000   ;    ;      ;        ;                     ; launch edge time                                                                                                        ;
; 3.405   ; 3.405   ;    ;      ;        ;                     ; clock path                                                                                                              ;
;   0.000 ;   0.000 ;    ;      ;        ;                     ; source latency                                                                                                          ;
;   0.000 ;   0.000 ;    ;      ; 1      ; LABCELL_X45_Y1_N3   ; gpu_clk                                                                                                                 ;
;   0.734 ;   0.734 ; RR ; IC   ; 1      ; CLKCTRL_G5          ; gpu_clk~CLKENA0|inclk                                                                                                   ;
;   1.006 ;   0.272 ; RR ; CELL ; 15028  ; CLKCTRL_G5          ; gpu_clk~CLKENA0|outclk                                                                                                  ;
;   2.907 ;   1.901 ; RR ; IC   ; 1      ; FF_X33_Y39_N31      ; u_render_bin|u_pipe|u_cand_skid|mem[0][30]|clk                                                                          ;
;   3.405 ;   0.498 ; RR ; CELL ; 1      ; FF_X33_Y39_N31      ; zhao_geom_bin_pipe:u_render_bin|zhao_raster_tile_pipe:u_pipe|zhao_skid2:u_cand_skid|mem[0][30]                          ;
; 3.891   ; 0.486   ;    ;      ;        ;                     ; data path                                                                                                               ;
;   3.405 ;   0.000 ;    ; uTco ; 1      ; FF_X33_Y39_N31      ; zhao_geom_bin_pipe:u_render_bin|zhao_raster_tile_pipe:u_pipe|zhao_skid2:u_cand_skid|mem[0][30]                          ;
;   3.405 ;   0.000 ; FF ; CELL ; 1      ; FF_X33_Y39_N31      ; u_render_bin|u_pipe|u_cand_skid|mem[0][30]|q                                                                            ;
;   3.769 ;   0.364 ; FF ; IC   ; 1      ; LABCELL_X33_Y39_N54 ; u_render_bin|u_pipe|u_fragment|s0_trgb_r[14]_NEW3218|dataf                                                              ;
;   3.820 ;   0.051 ; FF ; CELL ; 2      ; LABCELL_X33_Y39_N54 ; u_render_bin|u_pipe|u_fragment|s0_trgb_r[14]_NEW3218|combout                                                            ;
;   3.820 ;   0.000 ; FF ; IC   ; 1      ; FF_X33_Y39_N56      ; u_render_bin|u_pipe|u_fragment|s0_trgb_r[14]~_Duplicate_1|d                                                             ;
;   3.891 ;   0.071 ; FF ; CELL ; 1      ; FF_X33_Y39_N56      ; zhao_geom_bin_pipe:u_render_bin|zhao_raster_tile_pipe:u_pipe|zhao_raster_fragment:u_fragment|s0_trgb_r[14]~_Duplicate_1 ;
+---------+---------+----+------+--------+---------------------+-------------------------------------------------------------------------------------------------------------------------+

+---------------------------------------------------------------------------------------------------------------------------------------------------------------------------------------+
; Data Required Path                                                                                                                                                                    ;
+---------+----------+----+------+--------+-------------------+-------------------------------------------------------------------------------------------------------------------------+
; Total   ; Incr     ; RF ; Type ; Fanout ; Location          ; Element                                                                                                                 ;
+---------+----------+----+------+--------+-------------------+-------------------------------------------------------------------------------------------------------------------------+
; 0.000   ; 0.000    ;    ;      ;        ;                   ; latch edge time                                                                                                         ;
; 3.522   ; 3.522    ;    ;      ;        ;                   ; clock path                                                                                                              ;
;   0.000 ;   0.000  ;    ;      ;        ;                   ; source latency                                                                                                          ;
;   0.000 ;   0.000  ;    ;      ; 1      ; LABCELL_X45_Y1_N3 ; gpu_clk                                                                                                                 ;
;   2.911 ;   2.911  ; RR ; IC   ; 1      ; CLKCTRL_G5        ; gpu_clk~CLKENA0|inclk                                                                                                   ;
;   3.209 ;   0.298  ; RR ; CELL ; 15028  ; CLKCTRL_G5        ; gpu_clk~CLKENA0|outclk                                                                                                  ;
;   5.529 ;   2.320  ; RR ; IC   ; 1      ; FF_X33_Y39_N56    ; u_render_bin|u_pipe|u_fragment|s0_trgb_r[14]~_Duplicate_1|clk                                                           ;
;   6.115 ;   0.586  ; RR ; CELL ; 1      ; FF_X33_Y39_N56    ; zhao_geom_bin_pipe:u_render_bin|zhao_raster_tile_pipe:u_pipe|zhao_raster_fragment:u_fragment|s0_trgb_r[14]~_Duplicate_1 ;
;   3.522 ;   -2.593 ;    ;      ;        ;                   ; clock pessimism removed                                                                                                 ;
; 3.522   ; 0.000    ;    ;      ;        ;                   ; clock uncertainty                                                                                                       ;
; 3.522   ; 0.000    ;    ; uTh  ; 1      ; FF_X33_Y39_N56    ; zhao_geom_bin_pipe:u_render_bin|zhao_raster_tile_pipe:u_pipe|zhao_raster_fragment:u_fragment|s0_trgb_r[14]~_Duplicate_1 ;
+---------+----------+----+------+--------+-------------------+-------------------------------------------------------------------------------------------------------------------------+

----------------------------
; Extra Fitter Information ;
----------------------------
HTML report is unavailable in plain text report export.


Path #52: Hold slack is 0.369 
===============================================================================
+-----------------------------------------------------------------+
; Path Summary                                                    ;
+--------------------+--------------------------------------------+
; Property           ; Value                                      ;
+--------------------+--------------------------------------------+
; From Node          ; zhao_cmd_scheduler:u_sched|sh_faults[62]   ;
; To Node            ; zhao_debug_counters:u_counters|bank[1][62] ;
; Launch Clock       ; gpu_clk                                    ;
; Latch Clock        ; gpu_clk                                    ;
; Data Arrival Time  ; 4.282                                      ;
; Data Required Time ; 3.913                                      ;
; Slack              ; 0.369                                      ;
+--------------------+--------------------------------------------+

+-----------------------------------------------------------------------------------+
; Statistics                                                                        ;
+------------------------+-------+-------+-------------+------------+-------+-------+
; Property               ; Value ; Count ; Total Delay ; % of Total ; Min   ; Max   ;
+------------------------+-------+-------+-------------+------------+-------+-------+
; Hold Relationship      ; 0.000 ;       ;             ;            ;       ;       ;
; Clock Skew             ; 0.565 ;       ;             ;            ;       ;       ;
; Data Delay             ; 0.934 ;       ;             ;            ;       ;       ;
; Number of Logic Levels ;       ; 0     ;             ;            ;       ;       ;
; Physical Delays        ;       ;       ;             ;            ;       ;       ;
;  Arrival Path          ;       ;       ;             ;            ;       ;       ;
;   Clock                ;       ;       ;             ;            ;       ;       ;
;    IC                  ;       ; 2     ; 2.581       ; 77         ; 0.734 ; 1.847 ;
;    Cell                ;       ; 2     ; 0.767       ; 23         ; 0.272 ; 0.495 ;
;   Data                 ;       ;       ;             ;            ;       ;       ;
;    IC                  ;       ; 1     ; 0.653       ; 70         ; 0.653 ; 0.653 ;
;    Cell                ;       ; 2     ; 0.281       ; 30         ; 0.000 ; 0.281 ;
;    uTco                ;       ; 1     ; 0.000       ; 0          ; 0.000 ; 0.000 ;
;  Required Path         ;       ;       ;             ;            ;       ;       ;
;   Clock                ;       ;       ;             ;            ;       ;       ;
;    IC                  ;       ; 2     ; 5.240       ; 86         ; 2.329 ; 2.911 ;
;    Cell                ;       ; 2     ; 0.876       ; 14         ; 0.298 ; 0.578 ;
+------------------------+-------+-------+-------------+------------+-------+-------+
Note: Negative delays are omitted from totals when calculating percentages

+---------------------------------------------------------------------------------------------------------+
; Data Arrival Path                                                                                       ;
+---------+---------+----+------+--------+-------------------+--------------------------------------------+
; Total   ; Incr    ; RF ; Type ; Fanout ; Location          ; Element                                    ;
+---------+---------+----+------+--------+-------------------+--------------------------------------------+
; 0.000   ; 0.000   ;    ;      ;        ;                   ; launch edge time                           ;
; 3.348   ; 3.348   ;    ;      ;        ;                   ; clock path                                 ;
;   0.000 ;   0.000 ;    ;      ;        ;                   ; source latency                             ;
;   0.000 ;   0.000 ;    ;      ; 1      ; LABCELL_X45_Y1_N3 ; gpu_clk                                    ;
;   0.734 ;   0.734 ; RR ; IC   ; 1      ; CLKCTRL_G5        ; gpu_clk~CLKENA0|inclk                      ;
;   1.006 ;   0.272 ; RR ; CELL ; 15028  ; CLKCTRL_G5        ; gpu_clk~CLKENA0|outclk                     ;
;   2.853 ;   1.847 ; RR ; IC   ; 1      ; FF_X23_Y7_N37     ; u_sched|sh_faults[62]|clk                  ;
;   3.348 ;   0.495 ; RR ; CELL ; 1      ; FF_X23_Y7_N37     ; zhao_cmd_scheduler:u_sched|sh_faults[62]   ;
; 4.282   ; 0.934   ;    ;      ;        ;                   ; data path                                  ;
;   3.348 ;   0.000 ;    ; uTco ; 1      ; FF_X23_Y7_N37     ; zhao_cmd_scheduler:u_sched|sh_faults[62]   ;
;   3.348 ;   0.000 ; RR ; CELL ; 1      ; FF_X23_Y7_N37     ; u_sched|sh_faults[62]|q                    ;
;   4.001 ;   0.653 ; RR ; IC   ; 1      ; FF_X27_Y7_N44     ; u_counters|bank[1][62]|asdata              ;
;   4.282 ;   0.281 ; RR ; CELL ; 1      ; FF_X27_Y7_N44     ; zhao_debug_counters:u_counters|bank[1][62] ;
+---------+---------+----+------+--------+-------------------+--------------------------------------------+

+----------------------------------------------------------------------------------------------------------+
; Data Required Path                                                                                       ;
+---------+----------+----+------+--------+-------------------+--------------------------------------------+
; Total   ; Incr     ; RF ; Type ; Fanout ; Location          ; Element                                    ;
+---------+----------+----+------+--------+-------------------+--------------------------------------------+
; 0.000   ; 0.000    ;    ;      ;        ;                   ; latch edge time                            ;
; 3.913   ; 3.913    ;    ;      ;        ;                   ; clock path                                 ;
;   0.000 ;   0.000  ;    ;      ;        ;                   ; source latency                             ;
;   0.000 ;   0.000  ;    ;      ; 1      ; LABCELL_X45_Y1_N3 ; gpu_clk                                    ;
;   2.911 ;   2.911  ; RR ; IC   ; 1      ; CLKCTRL_G5        ; gpu_clk~CLKENA0|inclk                      ;
;   3.209 ;   0.298  ; RR ; CELL ; 15028  ; CLKCTRL_G5        ; gpu_clk~CLKENA0|outclk                     ;
;   5.538 ;   2.329  ; RR ; IC   ; 1      ; FF_X27_Y7_N44     ; u_counters|bank[1][62]|clk                 ;
;   6.116 ;   0.578  ; RR ; CELL ; 1      ; FF_X27_Y7_N44     ; zhao_debug_counters:u_counters|bank[1][62] ;
;   3.913 ;   -2.203 ;    ;      ;        ;                   ; clock pessimism removed                    ;
; 3.913   ; 0.000    ;    ;      ;        ;                   ; clock uncertainty                          ;
; 3.913   ; 0.000    ;    ; uTh  ; 1      ; FF_X27_Y7_N44     ; zhao_debug_counters:u_counters|bank[1][62] ;
+---------+----------+----+------+--------+-------------------+--------------------------------------------+

----------------------------
; Extra Fitter Information ;
----------------------------
HTML report is unavailable in plain text report export.


Path #53: Hold slack is 0.370 
===============================================================================
+----------------------------------------------------------------------------------------------------------------------------+
; Path Summary                                                                                                               ;
+--------------------+-------------------------------------------------------------------------------------------------------+
; Property           ; Value                                                                                                 ;
+--------------------+-------------------------------------------------------------------------------------------------------+
; From Node          ; zhao_geom_bin_pipe:u_render_bin|zhao_raster_tile_pipe:u_pipe|ax_r[15]                                 ;
; To Node            ; zhao_geom_bin_pipe:u_render_bin|zhao_raster_tile_pipe:u_pipe|zhao_raster_edgewalk:u_edgewalk|ax_r[15] ;
; Launch Clock       ; gpu_clk                                                                                               ;
; Latch Clock        ; gpu_clk                                                                                               ;
; Data Arrival Time  ; 4.258                                                                                                 ;
; Data Required Time ; 3.888                                                                                                 ;
; Slack              ; 0.370                                                                                                 ;
+--------------------+-------------------------------------------------------------------------------------------------------+

+-----------------------------------------------------------------------------------+
; Statistics                                                                        ;
+------------------------+-------+-------+-------------+------------+-------+-------+
; Property               ; Value ; Count ; Total Delay ; % of Total ; Min   ; Max   ;
+------------------------+-------+-------+-------------+------------+-------+-------+
; Hold Relationship      ; 0.000 ;       ;             ;            ;       ;       ;
; Clock Skew             ; 0.489 ;       ;             ;            ;       ;       ;
; Data Delay             ; 0.859 ;       ;             ;            ;       ;       ;
; Number of Logic Levels ;       ; 0     ;             ;            ;       ;       ;
; Physical Delays        ;       ;       ;             ;            ;       ;       ;
;  Arrival Path          ;       ;       ;             ;            ;       ;       ;
;   Clock                ;       ;       ;             ;            ;       ;       ;
;    IC                  ;       ; 2     ; 2.634       ; 77         ; 0.734 ; 1.900 ;
;    Cell                ;       ; 2     ; 0.765       ; 23         ; 0.272 ; 0.493 ;
;   Data                 ;       ;       ;             ;            ;       ;       ;
;    IC                  ;       ; 1     ; 0.571       ; 66         ; 0.571 ; 0.571 ;
;    Cell                ;       ; 2     ; 0.288       ; 34         ; 0.000 ; 0.288 ;
;    uTco                ;       ; 1     ; 0.000       ; 0          ; 0.000 ; 0.000 ;
;  Required Path         ;       ;       ;             ;            ;       ;       ;
;   Clock                ;       ;       ;             ;            ;       ;       ;
;    IC                  ;       ; 2     ; 5.208       ; 86         ; 2.297 ; 2.911 ;
;    Cell                ;       ; 2     ; 0.883       ; 14         ; 0.298 ; 0.585 ;
+------------------------+-------+-------+-------------+------------+-------+-------+
Note: Negative delays are omitted from totals when calculating percentages

+--------------------------------------------------------------------------------------------------------------------------------------------------------------------+
; Data Arrival Path                                                                                                                                                  ;
+---------+---------+----+------+--------+-------------------+-------------------------------------------------------------------------------------------------------+
; Total   ; Incr    ; RF ; Type ; Fanout ; Location          ; Element                                                                                               ;
+---------+---------+----+------+--------+-------------------+-------------------------------------------------------------------------------------------------------+
; 0.000   ; 0.000   ;    ;      ;        ;                   ; launch edge time                                                                                      ;
; 3.399   ; 3.399   ;    ;      ;        ;                   ; clock path                                                                                            ;
;   0.000 ;   0.000 ;    ;      ;        ;                   ; source latency                                                                                        ;
;   0.000 ;   0.000 ;    ;      ; 1      ; LABCELL_X45_Y1_N3 ; gpu_clk                                                                                               ;
;   0.734 ;   0.734 ; RR ; IC   ; 1      ; CLKCTRL_G5        ; gpu_clk~CLKENA0|inclk                                                                                 ;
;   1.006 ;   0.272 ; RR ; CELL ; 15028  ; CLKCTRL_G5        ; gpu_clk~CLKENA0|outclk                                                                                ;
;   2.906 ;   1.900 ; RR ; IC   ; 1      ; FF_X25_Y45_N34    ; u_render_bin|u_pipe|ax_r[15]|clk                                                                      ;
;   3.399 ;   0.493 ; RR ; CELL ; 1      ; FF_X25_Y45_N34    ; zhao_geom_bin_pipe:u_render_bin|zhao_raster_tile_pipe:u_pipe|ax_r[15]                                 ;
; 4.258   ; 0.859   ;    ;      ;        ;                   ; data path                                                                                             ;
;   3.399 ;   0.000 ;    ; uTco ; 1      ; FF_X25_Y45_N34    ; zhao_geom_bin_pipe:u_render_bin|zhao_raster_tile_pipe:u_pipe|ax_r[15]                                 ;
;   3.399 ;   0.000 ; RR ; CELL ; 1      ; FF_X25_Y45_N34    ; u_render_bin|u_pipe|ax_r[15]|q                                                                        ;
;   3.970 ;   0.571 ; RR ; IC   ; 1      ; FF_X23_Y45_N23    ; u_render_bin|u_pipe|u_edgewalk|ax_r[15]|asdata                                                        ;
;   4.258 ;   0.288 ; RR ; CELL ; 1      ; FF_X23_Y45_N23    ; zhao_geom_bin_pipe:u_render_bin|zhao_raster_tile_pipe:u_pipe|zhao_raster_edgewalk:u_edgewalk|ax_r[15] ;
+---------+---------+----+------+--------+-------------------+-------------------------------------------------------------------------------------------------------+

+---------------------------------------------------------------------------------------------------------------------------------------------------------------------+
; Data Required Path                                                                                                                                                  ;
+---------+----------+----+------+--------+-------------------+-------------------------------------------------------------------------------------------------------+
; Total   ; Incr     ; RF ; Type ; Fanout ; Location          ; Element                                                                                               ;
+---------+----------+----+------+--------+-------------------+-------------------------------------------------------------------------------------------------------+
; 0.000   ; 0.000    ;    ;      ;        ;                   ; latch edge time                                                                                       ;
; 3.888   ; 3.888    ;    ;      ;        ;                   ; clock path                                                                                            ;
;   0.000 ;   0.000  ;    ;      ;        ;                   ; source latency                                                                                        ;
;   0.000 ;   0.000  ;    ;      ; 1      ; LABCELL_X45_Y1_N3 ; gpu_clk                                                                                               ;
;   2.911 ;   2.911  ; RR ; IC   ; 1      ; CLKCTRL_G5        ; gpu_clk~CLKENA0|inclk                                                                                 ;
;   3.209 ;   0.298  ; RR ; CELL ; 15028  ; CLKCTRL_G5        ; gpu_clk~CLKENA0|outclk                                                                                ;
;   5.506 ;   2.297  ; RR ; IC   ; 1      ; FF_X23_Y45_N23    ; u_render_bin|u_pipe|u_edgewalk|ax_r[15]|clk                                                           ;
;   6.091 ;   0.585  ; RR ; CELL ; 1      ; FF_X23_Y45_N23    ; zhao_geom_bin_pipe:u_render_bin|zhao_raster_tile_pipe:u_pipe|zhao_raster_edgewalk:u_edgewalk|ax_r[15] ;
;   3.888 ;   -2.203 ;    ;      ;        ;                   ; clock pessimism removed                                                                               ;
; 3.888   ; 0.000    ;    ;      ;        ;                   ; clock uncertainty                                                                                     ;
; 3.888   ; 0.000    ;    ; uTh  ; 1      ; FF_X23_Y45_N23    ; zhao_geom_bin_pipe:u_render_bin|zhao_raster_tile_pipe:u_pipe|zhao_raster_edgewalk:u_edgewalk|ax_r[15] ;
+---------+----------+----+------+--------+-------------------+-------------------------------------------------------------------------------------------------------+

----------------------------
; Extra Fitter Information ;
----------------------------
HTML report is unavailable in plain text report export.


Path #54: Hold slack is 0.370 
===============================================================================
+----------------------------------------------------------------+
; Path Summary                                                   ;
+--------------------+-------------------------------------------+
; Property           ; Value                                     ;
+--------------------+-------------------------------------------+
; From Node          ; zhao_cmd_dma:u_dma|fetched[6]~DUPLICATE   ;
; To Node            ; zhao_cmd_dma:u_dma|burst_end[6]_OTERM2474 ;
; Launch Clock       ; gpu_clk                                   ;
; Latch Clock        ; gpu_clk                                   ;
; Data Arrival Time  ; 4.211                                     ;
; Data Required Time ; 3.841                                     ;
; Slack              ; 0.370                                     ;
+--------------------+-------------------------------------------+

+-----------------------------------------------------------------------------------+
; Statistics                                                                        ;
+------------------------+-------+-------+-------------+------------+-------+-------+
; Property               ; Value ; Count ; Total Delay ; % of Total ; Min   ; Max   ;
+------------------------+-------+-------+-------------+------------+-------+-------+
; Hold Relationship      ; 0.000 ;       ;             ;            ;       ;       ;
; Clock Skew             ; 0.496 ;       ;             ;            ;       ;       ;
; Data Delay             ; 0.866 ;       ;             ;            ;       ;       ;
; Number of Logic Levels ;       ; 1     ;             ;            ;       ;       ;
; Physical Delays        ;       ;       ;             ;            ;       ;       ;
;  Arrival Path          ;       ;       ;             ;            ;       ;       ;
;   Clock                ;       ;       ;             ;            ;       ;       ;
;    IC                  ;       ; 2     ; 2.570       ; 77         ; 0.734 ; 1.836 ;
;    Cell                ;       ; 2     ; 0.775       ; 23         ; 0.272 ; 0.503 ;
;   Data                 ;       ;       ;             ;            ;       ;       ;
;    IC                  ;       ; 2     ; 0.737       ; 85         ; 0.000 ; 0.737 ;
;    Cell                ;       ; 3     ; 0.129       ; 15         ; 0.000 ; 0.067 ;
;    uTco                ;       ; 1     ; 0.000       ; 0          ; 0.000 ; 0.000 ;
;  Required Path         ;       ;       ;             ;            ;       ;       ;
;   Clock                ;       ;       ;             ;            ;       ;       ;
;    IC                  ;       ; 2     ; 5.169       ; 86         ; 2.258 ; 2.911 ;
;    Cell                ;       ; 2     ; 0.875       ; 14         ; 0.298 ; 0.577 ;
+------------------------+-------+-------+-------------+------------+-------+-------+
Note: Negative delays are omitted from totals when calculating percentages

+----------------------------------------------------------------------------------------------------------+
; Data Arrival Path                                                                                        ;
+---------+---------+----+------+--------+---------------------+-------------------------------------------+
; Total   ; Incr    ; RF ; Type ; Fanout ; Location            ; Element                                   ;
+---------+---------+----+------+--------+---------------------+-------------------------------------------+
; 0.000   ; 0.000   ;    ;      ;        ;                     ; launch edge time                          ;
; 3.345   ; 3.345   ;    ;      ;        ;                     ; clock path                                ;
;   0.000 ;   0.000 ;    ;      ;        ;                     ; source latency                            ;
;   0.000 ;   0.000 ;    ;      ; 1      ; LABCELL_X45_Y1_N3   ; gpu_clk                                   ;
;   0.734 ;   0.734 ; RR ; IC   ; 1      ; CLKCTRL_G5          ; gpu_clk~CLKENA0|inclk                     ;
;   1.006 ;   0.272 ; RR ; CELL ; 15028  ; CLKCTRL_G5          ; gpu_clk~CLKENA0|outclk                    ;
;   2.842 ;   1.836 ; RR ; IC   ; 1      ; FF_X75_Y19_N50      ; u_dma|fetched[6]~DUPLICATE|clk            ;
;   3.345 ;   0.503 ; RR ; CELL ; 1      ; FF_X75_Y19_N50      ; zhao_cmd_dma:u_dma|fetched[6]~DUPLICATE   ;
; 4.211   ; 0.866   ;    ;      ;        ;                     ; data path                                 ;
;   3.345 ;   0.000 ;    ; uTco ; 1      ; FF_X75_Y19_N50      ; zhao_cmd_dma:u_dma|fetched[6]~DUPLICATE   ;
;   3.345 ;   0.000 ; RR ; CELL ; 6      ; FF_X75_Y19_N50      ; u_dma|fetched[6]~DUPLICATE|q              ;
;   4.082 ;   0.737 ; RR ; IC   ; 2      ; MLABCELL_X72_Y18_N9 ; u_dma|Add24~33|dataf                      ;
;   4.149 ;   0.067 ; RR ; CELL ; 1      ; MLABCELL_X72_Y18_N9 ; u_dma|Add24~33|sumout                     ;
;   4.149 ;   0.000 ; RR ; IC   ; 1      ; FF_X72_Y18_N11      ; u_dma|burst_end[6]_NEW_REG2473|d          ;
;   4.211 ;   0.062 ; RR ; CELL ; 1      ; FF_X72_Y18_N11      ; zhao_cmd_dma:u_dma|burst_end[6]_OTERM2474 ;
+---------+---------+----+------+--------+---------------------+-------------------------------------------+

+---------------------------------------------------------------------------------------------------------+
; Data Required Path                                                                                      ;
+---------+----------+----+------+--------+-------------------+-------------------------------------------+
; Total   ; Incr     ; RF ; Type ; Fanout ; Location          ; Element                                   ;
+---------+----------+----+------+--------+-------------------+-------------------------------------------+
; 0.000   ; 0.000    ;    ;      ;        ;                   ; latch edge time                           ;
; 3.841   ; 3.841    ;    ;      ;        ;                   ; clock path                                ;
;   0.000 ;   0.000  ;    ;      ;        ;                   ; source latency                            ;
;   0.000 ;   0.000  ;    ;      ; 1      ; LABCELL_X45_Y1_N3 ; gpu_clk                                   ;
;   2.911 ;   2.911  ; RR ; IC   ; 1      ; CLKCTRL_G5        ; gpu_clk~CLKENA0|inclk                     ;
;   3.209 ;   0.298  ; RR ; CELL ; 15028  ; CLKCTRL_G5        ; gpu_clk~CLKENA0|outclk                    ;
;   5.467 ;   2.258  ; RR ; IC   ; 1      ; FF_X72_Y18_N11    ; u_dma|burst_end[6]_NEW_REG2473|clk        ;
;   6.044 ;   0.577  ; RR ; CELL ; 1      ; FF_X72_Y18_N11    ; zhao_cmd_dma:u_dma|burst_end[6]_OTERM2474 ;
;   3.841 ;   -2.203 ;    ;      ;        ;                   ; clock pessimism removed                   ;
; 3.841   ; 0.000    ;    ;      ;        ;                   ; clock uncertainty                         ;
; 3.841   ; 0.000    ;    ; uTh  ; 1      ; FF_X72_Y18_N11    ; zhao_cmd_dma:u_dma|burst_end[6]_OTERM2474 ;
+---------+----------+----+------+--------+-------------------+-------------------------------------------+

----------------------------
; Extra Fitter Information ;
----------------------------
HTML report is unavailable in plain text report export.


Path #55: Hold slack is 0.371 
===============================================================================
+----------------------------------------------------------------------+
; Path Summary                                                         ;
+--------------------+-------------------------------------------------+
; Property           ; Value                                           ;
+--------------------+-------------------------------------------------+
; From Node          ; zhao_hps_bridge:u_bridge|hps_bytes[2][0]        ;
; To Node            ; zhao_hps_bridge:u_bridge|hps_bytes_shadow[2][0] ;
; Launch Clock       ; gpu_clk                                         ;
; Latch Clock        ; gpu_clk                                         ;
; Data Arrival Time  ; 3.887                                           ;
; Data Required Time ; 3.516                                           ;
; Slack              ; 0.371                                           ;
+--------------------+-------------------------------------------------+

+-----------------------------------------------------------------------------------+
; Statistics                                                                        ;
+------------------------+-------+-------+-------------+------------+-------+-------+
; Property               ; Value ; Count ; Total Delay ; % of Total ; Min   ; Max   ;
+------------------------+-------+-------+-------------+------------+-------+-------+
; Hold Relationship      ; 0.000 ;       ;             ;            ;       ;       ;
; Clock Skew             ; 0.107 ;       ;             ;            ;       ;       ;
; Data Delay             ; 0.478 ;       ;             ;            ;       ;       ;
; Number of Logic Levels ;       ; 1     ;             ;            ;       ;       ;
; Physical Delays        ;       ;       ;             ;            ;       ;       ;
;  Arrival Path          ;       ;       ;             ;            ;       ;       ;
;   Clock                ;       ;       ;             ;            ;       ;       ;
;    IC                  ;       ; 2     ; 2.642       ; 78         ; 0.734 ; 1.908 ;
;    Cell                ;       ; 2     ; 0.767       ; 22         ; 0.272 ; 0.495 ;
;   Data                 ;       ;       ;             ;            ;       ;       ;
;    IC                  ;       ; 2     ; 0.361       ; 76         ; 0.000 ; 0.361 ;
;    Cell                ;       ; 3     ; 0.117       ; 24         ; 0.000 ; 0.068 ;
;    uTco                ;       ; 1     ; 0.000       ; 0          ; 0.000 ; 0.000 ;
;  Required Path         ;       ;       ;             ;            ;       ;       ;
;   Clock                ;       ;       ;             ;            ;       ;       ;
;    IC                  ;       ; 2     ; 5.247       ; 86         ; 2.336 ; 2.911 ;
;    Cell                ;       ; 2     ; 0.870       ; 14         ; 0.298 ; 0.572 ;
+------------------------+-------+-------+-------------+------------+-------+-------+
Note: Negative delays are omitted from totals when calculating percentages

+---------------------------------------------------------------------------------------------------------------+
; Data Arrival Path                                                                                             ;
+---------+---------+----+------+--------+--------------------+-------------------------------------------------+
; Total   ; Incr    ; RF ; Type ; Fanout ; Location           ; Element                                         ;
+---------+---------+----+------+--------+--------------------+-------------------------------------------------+
; 0.000   ; 0.000   ;    ;      ;        ;                    ; launch edge time                                ;
; 3.409   ; 3.409   ;    ;      ;        ;                    ; clock path                                      ;
;   0.000 ;   0.000 ;    ;      ;        ;                    ; source latency                                  ;
;   0.000 ;   0.000 ;    ;      ; 1      ; LABCELL_X45_Y1_N3  ; gpu_clk                                         ;
;   0.734 ;   0.734 ; RR ; IC   ; 1      ; CLKCTRL_G5         ; gpu_clk~CLKENA0|inclk                           ;
;   1.006 ;   0.272 ; RR ; CELL ; 15028  ; CLKCTRL_G5         ; gpu_clk~CLKENA0|outclk                          ;
;   2.914 ;   1.908 ; RR ; IC   ; 1      ; FF_X30_Y17_N26     ; u_bridge|hps_bytes[2][0]|clk                    ;
;   3.409 ;   0.495 ; RR ; CELL ; 1      ; FF_X30_Y17_N26     ; zhao_hps_bridge:u_bridge|hps_bytes[2][0]        ;
; 3.887   ; 0.478   ;    ;      ;        ;                    ; data path                                       ;
;   3.409 ;   0.000 ;    ; uTco ; 1      ; FF_X30_Y17_N26     ; zhao_hps_bridge:u_bridge|hps_bytes[2][0]        ;
;   3.409 ;   0.000 ; FF ; CELL ; 2      ; FF_X30_Y17_N26     ; u_bridge|hps_bytes[2][0]|q                      ;
;   3.770 ;   0.361 ; FF ; IC   ; 1      ; LABCELL_X29_Y17_N0 ; u_bridge|hps_bytes_shadow[2][0]~feeder|dataf    ;
;   3.819 ;   0.049 ; FF ; CELL ; 1      ; LABCELL_X29_Y17_N0 ; u_bridge|hps_bytes_shadow[2][0]~feeder|combout  ;
;   3.819 ;   0.000 ; FF ; IC   ; 1      ; FF_X29_Y17_N1      ; u_bridge|hps_bytes_shadow[2][0]|d               ;
;   3.887 ;   0.068 ; FF ; CELL ; 1      ; FF_X29_Y17_N1      ; zhao_hps_bridge:u_bridge|hps_bytes_shadow[2][0] ;
+---------+---------+----+------+--------+--------------------+-------------------------------------------------+

+---------------------------------------------------------------------------------------------------------------+
; Data Required Path                                                                                            ;
+---------+----------+----+------+--------+-------------------+-------------------------------------------------+
; Total   ; Incr     ; RF ; Type ; Fanout ; Location          ; Element                                         ;
+---------+----------+----+------+--------+-------------------+-------------------------------------------------+
; 0.000   ; 0.000    ;    ;      ;        ;                   ; latch edge time                                 ;
; 3.516   ; 3.516    ;    ;      ;        ;                   ; clock path                                      ;
;   0.000 ;   0.000  ;    ;      ;        ;                   ; source latency                                  ;
;   0.000 ;   0.000  ;    ;      ; 1      ; LABCELL_X45_Y1_N3 ; gpu_clk                                         ;
;   2.911 ;   2.911  ; RR ; IC   ; 1      ; CLKCTRL_G5        ; gpu_clk~CLKENA0|inclk                           ;
;   3.209 ;   0.298  ; RR ; CELL ; 15028  ; CLKCTRL_G5        ; gpu_clk~CLKENA0|outclk                          ;
;   5.545 ;   2.336  ; RR ; IC   ; 1      ; FF_X29_Y17_N1     ; u_bridge|hps_bytes_shadow[2][0]|clk             ;
;   6.117 ;   0.572  ; RR ; CELL ; 1      ; FF_X29_Y17_N1     ; zhao_hps_bridge:u_bridge|hps_bytes_shadow[2][0] ;
;   3.516 ;   -2.601 ;    ;      ;        ;                   ; clock pessimism removed                         ;
; 3.516   ; 0.000    ;    ;      ;        ;                   ; clock uncertainty                               ;
; 3.516   ; 0.000    ;    ; uTh  ; 1      ; FF_X29_Y17_N1     ; zhao_hps_bridge:u_bridge|hps_bytes_shadow[2][0] ;
+---------+----------+----+------+--------+-------------------+-------------------------------------------------+

----------------------------
; Extra Fitter Information ;
----------------------------
HTML report is unavailable in plain text report export.


Path #56: Hold slack is 0.372 
===============================================================================
+---------------------------------------------------------------------------------------------------------------------------------------------+
; Path Summary                                                                                                                                ;
+--------------------+------------------------------------------------------------------------------------------------------------------------+
; Property           ; Value                                                                                                                  ;
+--------------------+------------------------------------------------------------------------------------------------------------------------+
; From Node          ; zhao_geom_bin_pipe:u_render_bin|zhao_raster_tile_pipe:u_pipe|zhao_skid2:u_cand_skid|mem[0][23]                         ;
; To Node            ; zhao_geom_bin_pipe:u_render_bin|zhao_raster_tile_pipe:u_pipe|zhao_raster_fragment:u_fragment|s0_trgb_r[7]~_Duplicate_1 ;
; Launch Clock       ; gpu_clk                                                                                                                ;
; Latch Clock        ; gpu_clk                                                                                                                ;
; Data Arrival Time  ; 3.885                                                                                                                  ;
; Data Required Time ; 3.513                                                                                                                  ;
; Slack              ; 0.372                                                                                                                  ;
+--------------------+------------------------------------------------------------------------------------------------------------------------+

+-----------------------------------------------------------------------------------+
; Statistics                                                                        ;
+------------------------+-------+-------+-------------+------------+-------+-------+
; Property               ; Value ; Count ; Total Delay ; % of Total ; Min   ; Max   ;
+------------------------+-------+-------+-------------+------------+-------+-------+
; Hold Relationship      ; 0.000 ;       ;             ;            ;       ;       ;
; Clock Skew             ; 0.128 ;       ;             ;            ;       ;       ;
; Data Delay             ; 0.500 ;       ;             ;            ;       ;       ;
; Number of Logic Levels ;       ; 1     ;             ;            ;       ;       ;
; Physical Delays        ;       ;       ;             ;            ;       ;       ;
;  Arrival Path          ;       ;       ;             ;            ;       ;       ;
;   Clock                ;       ;       ;             ;            ;       ;       ;
;    IC                  ;       ; 2     ; 2.620       ; 77         ; 0.734 ; 1.886 ;
;    Cell                ;       ; 2     ; 0.765       ; 23         ; 0.272 ; 0.493 ;
;   Data                 ;       ;       ;             ;            ;       ;       ;
;    IC                  ;       ; 2     ; 0.380       ; 76         ; 0.000 ; 0.380 ;
;    Cell                ;       ; 3     ; 0.120       ; 24         ; 0.000 ; 0.070 ;
;    uTco                ;       ; 1     ; 0.000       ; 0          ; 0.000 ; 0.000 ;
;  Required Path         ;       ;       ;             ;            ;       ;       ;
;   Clock                ;       ;       ;             ;            ;       ;       ;
;    IC                  ;       ; 2     ; 5.216       ; 85         ; 2.305 ; 2.911 ;
;    Cell                ;       ; 2     ; 0.890       ; 15         ; 0.298 ; 0.592 ;
+------------------------+-------+-------+-------------+------------+-------+-------+
Note: Negative delays are omitted from totals when calculating percentages

+---------------------------------------------------------------------------------------------------------------------------------------------------------------------------------------+
; Data Arrival Path                                                                                                                                                                     ;
+---------+---------+----+------+--------+---------------------+------------------------------------------------------------------------------------------------------------------------+
; Total   ; Incr    ; RF ; Type ; Fanout ; Location            ; Element                                                                                                                ;
+---------+---------+----+------+--------+---------------------+------------------------------------------------------------------------------------------------------------------------+
; 0.000   ; 0.000   ;    ;      ;        ;                     ; launch edge time                                                                                                       ;
; 3.385   ; 3.385   ;    ;      ;        ;                     ; clock path                                                                                                             ;
;   0.000 ;   0.000 ;    ;      ;        ;                     ; source latency                                                                                                         ;
;   0.000 ;   0.000 ;    ;      ; 1      ; LABCELL_X45_Y1_N3   ; gpu_clk                                                                                                                ;
;   0.734 ;   0.734 ; RR ; IC   ; 1      ; CLKCTRL_G5          ; gpu_clk~CLKENA0|inclk                                                                                                  ;
;   1.006 ;   0.272 ; RR ; CELL ; 15028  ; CLKCTRL_G5          ; gpu_clk~CLKENA0|outclk                                                                                                 ;
;   2.892 ;   1.886 ; RR ; IC   ; 1      ; FF_X33_Y37_N16      ; u_render_bin|u_pipe|u_cand_skid|mem[0][23]|clk                                                                         ;
;   3.385 ;   0.493 ; RR ; CELL ; 1      ; FF_X33_Y37_N16      ; zhao_geom_bin_pipe:u_render_bin|zhao_raster_tile_pipe:u_pipe|zhao_skid2:u_cand_skid|mem[0][23]                         ;
; 3.885   ; 0.500   ;    ;      ;        ;                     ; data path                                                                                                              ;
;   3.385 ;   0.000 ;    ; uTco ; 1      ; FF_X33_Y37_N16      ; zhao_geom_bin_pipe:u_render_bin|zhao_raster_tile_pipe:u_pipe|zhao_skid2:u_cand_skid|mem[0][23]                         ;
;   3.385 ;   0.000 ; FF ; CELL ; 1      ; FF_X33_Y37_N16      ; u_render_bin|u_pipe|u_cand_skid|mem[0][23]|q                                                                           ;
;   3.765 ;   0.380 ; FF ; IC   ; 1      ; LABCELL_X33_Y37_N39 ; u_render_bin|u_pipe|u_fragment|s0_trgb_r[7]_NEW3245|dataf                                                              ;
;   3.815 ;   0.050 ; FF ; CELL ; 2      ; LABCELL_X33_Y37_N39 ; u_render_bin|u_pipe|u_fragment|s0_trgb_r[7]_NEW3245|combout                                                            ;
;   3.815 ;   0.000 ; FF ; IC   ; 1      ; FF_X33_Y37_N41      ; u_render_bin|u_pipe|u_fragment|s0_trgb_r[7]~_Duplicate_1|d                                                             ;
;   3.885 ;   0.070 ; FF ; CELL ; 1      ; FF_X33_Y37_N41      ; zhao_geom_bin_pipe:u_render_bin|zhao_raster_tile_pipe:u_pipe|zhao_raster_fragment:u_fragment|s0_trgb_r[7]~_Duplicate_1 ;
+---------+---------+----+------+--------+---------------------+------------------------------------------------------------------------------------------------------------------------+

+--------------------------------------------------------------------------------------------------------------------------------------------------------------------------------------+
; Data Required Path                                                                                                                                                                   ;
+---------+----------+----+------+--------+-------------------+------------------------------------------------------------------------------------------------------------------------+
; Total   ; Incr     ; RF ; Type ; Fanout ; Location          ; Element                                                                                                                ;
+---------+----------+----+------+--------+-------------------+------------------------------------------------------------------------------------------------------------------------+
; 0.000   ; 0.000    ;    ;      ;        ;                   ; latch edge time                                                                                                        ;
; 3.513   ; 3.513    ;    ;      ;        ;                   ; clock path                                                                                                             ;
;   0.000 ;   0.000  ;    ;      ;        ;                   ; source latency                                                                                                         ;
;   0.000 ;   0.000  ;    ;      ; 1      ; LABCELL_X45_Y1_N3 ; gpu_clk                                                                                                                ;
;   2.911 ;   2.911  ; RR ; IC   ; 1      ; CLKCTRL_G5        ; gpu_clk~CLKENA0|inclk                                                                                                  ;
;   3.209 ;   0.298  ; RR ; CELL ; 15028  ; CLKCTRL_G5        ; gpu_clk~CLKENA0|outclk                                                                                                 ;
;   5.514 ;   2.305  ; RR ; IC   ; 1      ; FF_X33_Y37_N41    ; u_render_bin|u_pipe|u_fragment|s0_trgb_r[7]~_Duplicate_1|clk                                                           ;
;   6.106 ;   0.592  ; RR ; CELL ; 1      ; FF_X33_Y37_N41    ; zhao_geom_bin_pipe:u_render_bin|zhao_raster_tile_pipe:u_pipe|zhao_raster_fragment:u_fragment|s0_trgb_r[7]~_Duplicate_1 ;
;   3.513 ;   -2.593 ;    ;      ;        ;                   ; clock pessimism removed                                                                                                ;
; 3.513   ; 0.000    ;    ;      ;        ;                   ; clock uncertainty                                                                                                      ;
; 3.513   ; 0.000    ;    ; uTh  ; 1      ; FF_X33_Y37_N41    ; zhao_geom_bin_pipe:u_render_bin|zhao_raster_tile_pipe:u_pipe|zhao_raster_fragment:u_fragment|s0_trgb_r[7]~_Duplicate_1 ;
+---------+----------+----+------+--------+-------------------+------------------------------------------------------------------------------------------------------------------------+

----------------------------
; Extra Fitter Information ;
----------------------------
HTML report is unavailable in plain text report export.


Path #57: Hold slack is 0.372 
===============================================================================
+---------------------------------------------------------------------------------------------------------------------------------+
; Path Summary                                                                                                                    ;
+--------------------+------------------------------------------------------------------------------------------------------------+
; Property           ; Value                                                                                                      ;
+--------------------+------------------------------------------------------------------------------------------------------------+
; From Node          ; zhao_geom_bin_pipe:u_render_bin|zhao_raster_tile_pipe:u_pipe|zhao_skid2:u_cand_skid|mem[1][112]            ;
; To Node            ; zhao_geom_bin_pipe:u_render_bin|zhao_raster_tile_pipe:u_pipe|zhao_raster_fragment:u_fragment|s0_state_r[8] ;
; Launch Clock       ; gpu_clk                                                                                                    ;
; Latch Clock        ; gpu_clk                                                                                                    ;
; Data Arrival Time  ; 3.886                                                                                                      ;
; Data Required Time ; 3.514                                                                                                      ;
; Slack              ; 0.372                                                                                                      ;
+--------------------+------------------------------------------------------------------------------------------------------------+

+-----------------------------------------------------------------------------------+
; Statistics                                                                        ;
+------------------------+-------+-------+-------------+------------+-------+-------+
; Property               ; Value ; Count ; Total Delay ; % of Total ; Min   ; Max   ;
+------------------------+-------+-------+-------------+------------+-------+-------+
; Hold Relationship      ; 0.000 ;       ;             ;            ;       ;       ;
; Clock Skew             ; 0.112 ;       ;             ;            ;       ;       ;
; Data Delay             ; 0.484 ;       ;             ;            ;       ;       ;
; Number of Logic Levels ;       ; 1     ;             ;            ;       ;       ;
; Physical Delays        ;       ;       ;             ;            ;       ;       ;
;  Arrival Path          ;       ;       ;             ;            ;       ;       ;
;   Clock                ;       ;       ;             ;            ;       ;       ;
;    IC                  ;       ; 2     ; 2.622       ; 77         ; 0.734 ; 1.888 ;
;    Cell                ;       ; 2     ; 0.780       ; 23         ; 0.272 ; 0.508 ;
;   Data                 ;       ;       ;             ;            ;       ;       ;
;    IC                  ;       ; 2     ; 0.367       ; 76         ; 0.000 ; 0.367 ;
;    Cell                ;       ; 3     ; 0.117       ; 24         ; 0.000 ; 0.069 ;
;    uTco                ;       ; 1     ; 0.000       ; 0          ; 0.000 ; 0.000 ;
;  Required Path         ;       ;       ;             ;            ;       ;       ;
;   Clock                ;       ;       ;             ;            ;       ;       ;
;    IC                  ;       ; 2     ; 5.213       ; 85         ; 2.302 ; 2.911 ;
;    Cell                ;       ; 2     ; 0.889       ; 15         ; 0.298 ; 0.591 ;
+------------------------+-------+-------+-------------+------------+-------+-------+
Note: Negative delays are omitted from totals when calculating percentages

+--------------------------------------------------------------------------------------------------------------------------------------------------------------------------+
; Data Arrival Path                                                                                                                                                        ;
+---------+---------+----+------+--------+--------------------+------------------------------------------------------------------------------------------------------------+
; Total   ; Incr    ; RF ; Type ; Fanout ; Location           ; Element                                                                                                    ;
+---------+---------+----+------+--------+--------------------+------------------------------------------------------------------------------------------------------------+
; 0.000   ; 0.000   ;    ;      ;        ;                    ; launch edge time                                                                                           ;
; 3.402   ; 3.402   ;    ;      ;        ;                    ; clock path                                                                                                 ;
;   0.000 ;   0.000 ;    ;      ;        ;                    ; source latency                                                                                             ;
;   0.000 ;   0.000 ;    ;      ; 1      ; LABCELL_X45_Y1_N3  ; gpu_clk                                                                                                    ;
;   0.734 ;   0.734 ; RR ; IC   ; 1      ; CLKCTRL_G5         ; gpu_clk~CLKENA0|inclk                                                                                      ;
;   1.006 ;   0.272 ; RR ; CELL ; 15028  ; CLKCTRL_G5         ; gpu_clk~CLKENA0|outclk                                                                                     ;
;   2.894 ;   1.888 ; RR ; IC   ; 1      ; FF_X23_Y39_N20     ; u_render_bin|u_pipe|u_cand_skid|mem[1][112]|clk                                                            ;
;   3.402 ;   0.508 ; RR ; CELL ; 1      ; FF_X23_Y39_N20     ; zhao_geom_bin_pipe:u_render_bin|zhao_raster_tile_pipe:u_pipe|zhao_skid2:u_cand_skid|mem[1][112]            ;
; 3.886   ; 0.484   ;    ;      ;        ;                    ; data path                                                                                                  ;
;   3.402 ;   0.000 ;    ; uTco ; 1      ; FF_X23_Y39_N20     ; zhao_geom_bin_pipe:u_render_bin|zhao_raster_tile_pipe:u_pipe|zhao_skid2:u_cand_skid|mem[1][112]            ;
;   3.402 ;   0.000 ; FF ; CELL ; 1      ; FF_X23_Y39_N20     ; u_render_bin|u_pipe|u_cand_skid|mem[1][112]|q                                                              ;
;   3.769 ;   0.367 ; FF ; IC   ; 1      ; LABCELL_X22_Y39_N9 ; u_render_bin|u_pipe|u_fragment|s0_state_r[8]~feeder|dataf                                                  ;
;   3.817 ;   0.048 ; FF ; CELL ; 1      ; LABCELL_X22_Y39_N9 ; u_render_bin|u_pipe|u_fragment|s0_state_r[8]~feeder|combout                                                ;
;   3.817 ;   0.000 ; FF ; IC   ; 1      ; FF_X22_Y39_N11     ; u_render_bin|u_pipe|u_fragment|s0_state_r[8]|d                                                             ;
;   3.886 ;   0.069 ; FF ; CELL ; 1      ; FF_X22_Y39_N11     ; zhao_geom_bin_pipe:u_render_bin|zhao_raster_tile_pipe:u_pipe|zhao_raster_fragment:u_fragment|s0_state_r[8] ;
+---------+---------+----+------+--------+--------------------+------------------------------------------------------------------------------------------------------------+

+--------------------------------------------------------------------------------------------------------------------------------------------------------------------------+
; Data Required Path                                                                                                                                                       ;
+---------+----------+----+------+--------+-------------------+------------------------------------------------------------------------------------------------------------+
; Total   ; Incr     ; RF ; Type ; Fanout ; Location          ; Element                                                                                                    ;
+---------+----------+----+------+--------+-------------------+------------------------------------------------------------------------------------------------------------+
; 0.000   ; 0.000    ;    ;      ;        ;                   ; latch edge time                                                                                            ;
; 3.514   ; 3.514    ;    ;      ;        ;                   ; clock path                                                                                                 ;
;   0.000 ;   0.000  ;    ;      ;        ;                   ; source latency                                                                                             ;
;   0.000 ;   0.000  ;    ;      ; 1      ; LABCELL_X45_Y1_N3 ; gpu_clk                                                                                                    ;
;   2.911 ;   2.911  ; RR ; IC   ; 1      ; CLKCTRL_G5        ; gpu_clk~CLKENA0|inclk                                                                                      ;
;   3.209 ;   0.298  ; RR ; CELL ; 15028  ; CLKCTRL_G5        ; gpu_clk~CLKENA0|outclk                                                                                     ;
;   5.511 ;   2.302  ; RR ; IC   ; 1      ; FF_X22_Y39_N11    ; u_render_bin|u_pipe|u_fragment|s0_state_r[8]|clk                                                           ;
;   6.102 ;   0.591  ; RR ; CELL ; 1      ; FF_X22_Y39_N11    ; zhao_geom_bin_pipe:u_render_bin|zhao_raster_tile_pipe:u_pipe|zhao_raster_fragment:u_fragment|s0_state_r[8] ;
;   3.514 ;   -2.588 ;    ;      ;        ;                   ; clock pessimism removed                                                                                    ;
; 3.514   ; 0.000    ;    ;      ;        ;                   ; clock uncertainty                                                                                          ;
; 3.514   ; 0.000    ;    ; uTh  ; 1      ; FF_X22_Y39_N11    ; zhao_geom_bin_pipe:u_render_bin|zhao_raster_tile_pipe:u_pipe|zhao_raster_fragment:u_fragment|s0_state_r[8] ;
+---------+----------+----+------+--------+-------------------+------------------------------------------------------------------------------------------------------------+

----------------------------
; Extra Fitter Information ;
----------------------------
HTML report is unavailable in plain text report export.


Path #58: Hold slack is 0.372 
===============================================================================
+---------------------------------------------------------------+
; Path Summary                                                  ;
+--------------------+------------------------------------------+
; Property           ; Value                                    ;
+--------------------+------------------------------------------+
; From Node          ; zhao_cmd_scheduler:u_sched|live_cmds[42] ;
; To Node            ; zhao_cmd_scheduler:u_sched|sh_cmds[42]   ;
; Launch Clock       ; gpu_clk                                  ;
; Latch Clock        ; gpu_clk                                  ;
; Data Arrival Time  ; 4.215                                    ;
; Data Required Time ; 3.843                                    ;
; Slack              ; 0.372                                    ;
+--------------------+------------------------------------------+

+-----------------------------------------------------------------------------------+
; Statistics                                                                        ;
+------------------------+-------+-------+-------------+------------+-------+-------+
; Property               ; Value ; Count ; Total Delay ; % of Total ; Min   ; Max   ;
+------------------------+-------+-------+-------------+------------+-------+-------+
; Hold Relationship      ; 0.000 ;       ;             ;            ;       ;       ;
; Clock Skew             ; 0.453 ;       ;             ;            ;       ;       ;
; Data Delay             ; 0.825 ;       ;             ;            ;       ;       ;
; Number of Logic Levels ;       ; 0     ;             ;            ;       ;       ;
; Physical Delays        ;       ;       ;             ;            ;       ;       ;
;  Arrival Path          ;       ;       ;             ;            ;       ;       ;
;   Clock                ;       ;       ;             ;            ;       ;       ;
;    IC                  ;       ; 2     ; 2.638       ; 78         ; 0.734 ; 1.904 ;
;    Cell                ;       ; 2     ; 0.752       ; 22         ; 0.272 ; 0.480 ;
;   Data                 ;       ;       ;             ;            ;       ;       ;
;    IC                  ;       ; 1     ; 0.551       ; 67         ; 0.551 ; 0.551 ;
;    Cell                ;       ; 2     ; 0.274       ; 33         ; 0.000 ; 0.274 ;
;    uTco                ;       ; 1     ; 0.000       ; 0          ; 0.000 ; 0.000 ;
;  Required Path         ;       ;       ;             ;            ;       ;       ;
;   Clock                ;       ;       ;             ;            ;       ;       ;
;    IC                  ;       ; 2     ; 5.168       ; 85         ; 2.257 ; 2.911 ;
;    Cell                ;       ; 2     ; 0.878       ; 15         ; 0.298 ; 0.580 ;
+------------------------+-------+-------+-------------+------------+-------+-------+
Note: Negative delays are omitted from totals when calculating percentages

+-------------------------------------------------------------------------------------------------------+
; Data Arrival Path                                                                                     ;
+---------+---------+----+------+--------+-------------------+------------------------------------------+
; Total   ; Incr    ; RF ; Type ; Fanout ; Location          ; Element                                  ;
+---------+---------+----+------+--------+-------------------+------------------------------------------+
; 0.000   ; 0.000   ;    ;      ;        ;                   ; launch edge time                         ;
; 3.390   ; 3.390   ;    ;      ;        ;                   ; clock path                               ;
;   0.000 ;   0.000 ;    ;      ;        ;                   ; source latency                           ;
;   0.000 ;   0.000 ;    ;      ; 1      ; LABCELL_X45_Y1_N3 ; gpu_clk                                  ;
;   0.734 ;   0.734 ; RR ; IC   ; 1      ; CLKCTRL_G5        ; gpu_clk~CLKENA0|inclk                    ;
;   1.006 ;   0.272 ; RR ; CELL ; 15028  ; CLKCTRL_G5        ; gpu_clk~CLKENA0|outclk                   ;
;   2.910 ;   1.904 ; RR ; IC   ; 1      ; FF_X25_Y8_N34     ; u_sched|live_cmds[42]|clk                ;
;   3.390 ;   0.480 ; RR ; CELL ; 1      ; FF_X25_Y8_N34     ; zhao_cmd_scheduler:u_sched|live_cmds[42] ;
; 4.215   ; 0.825   ;    ;      ;        ;                   ; data path                                ;
;   3.390 ;   0.000 ;    ; uTco ; 1      ; FF_X25_Y8_N34     ; zhao_cmd_scheduler:u_sched|live_cmds[42] ;
;   3.390 ;   0.000 ; RR ; CELL ; 1      ; FF_X25_Y8_N34     ; u_sched|live_cmds[42]|q                  ;
;   3.941 ;   0.551 ; RR ; IC   ; 1      ; FF_X24_Y8_N14     ; u_sched|sh_cmds[42]|asdata               ;
;   4.215 ;   0.274 ; RR ; CELL ; 1      ; FF_X24_Y8_N14     ; zhao_cmd_scheduler:u_sched|sh_cmds[42]   ;
+---------+---------+----+------+--------+-------------------+------------------------------------------+

+------------------------------------------------------------------------------------------------------+
; Data Required Path                                                                                   ;
+---------+----------+----+------+--------+-------------------+----------------------------------------+
; Total   ; Incr     ; RF ; Type ; Fanout ; Location          ; Element                                ;
+---------+----------+----+------+--------+-------------------+----------------------------------------+
; 0.000   ; 0.000    ;    ;      ;        ;                   ; latch edge time                        ;
; 3.843   ; 3.843    ;    ;      ;        ;                   ; clock path                             ;
;   0.000 ;   0.000  ;    ;      ;        ;                   ; source latency                         ;
;   0.000 ;   0.000  ;    ;      ; 1      ; LABCELL_X45_Y1_N3 ; gpu_clk                                ;
;   2.911 ;   2.911  ; RR ; IC   ; 1      ; CLKCTRL_G5        ; gpu_clk~CLKENA0|inclk                  ;
;   3.209 ;   0.298  ; RR ; CELL ; 15028  ; CLKCTRL_G5        ; gpu_clk~CLKENA0|outclk                 ;
;   5.466 ;   2.257  ; RR ; IC   ; 1      ; FF_X24_Y8_N14     ; u_sched|sh_cmds[42]|clk                ;
;   6.046 ;   0.580  ; RR ; CELL ; 1      ; FF_X24_Y8_N14     ; zhao_cmd_scheduler:u_sched|sh_cmds[42] ;
;   3.843 ;   -2.203 ;    ;      ;        ;                   ; clock pessimism removed                ;
; 3.843   ; 0.000    ;    ;      ;        ;                   ; clock uncertainty                      ;
; 3.843   ; 0.000    ;    ; uTh  ; 1      ; FF_X24_Y8_N14     ; zhao_cmd_scheduler:u_sched|sh_cmds[42] ;
+---------+----------+----+------+--------+-------------------+----------------------------------------+

----------------------------
; Extra Fitter Information ;
----------------------------
HTML report is unavailable in plain text report export.


Path #59: Hold slack is 0.376 
===============================================================================
+--------------------------------------------------------------------------------------------+
; Path Summary                                                                               ;
+--------------------+-----------------------------------------------------------------------+
; Property           ; Value                                                                 ;
+--------------------+-----------------------------------------------------------------------+
; From Node          ; zhao_geom_bin_pipe:u_render_bin|zhao_geom_binner:u_binner|d_tri_r[29] ;
; To Node            ; zhao_geom_bin_pipe:u_render_bin|zhao_raster_tile_pipe:u_pipe|ay_r[8]  ;
; Launch Clock       ; gpu_clk                                                               ;
; Latch Clock        ; gpu_clk                                                               ;
; Data Arrival Time  ; 4.255                                                                 ;
; Data Required Time ; 3.879                                                                 ;
; Slack              ; 0.376                                                                 ;
+--------------------+-----------------------------------------------------------------------+

+-----------------------------------------------------------------------------------+
; Statistics                                                                        ;
+------------------------+-------+-------+-------------+------------+-------+-------+
; Property               ; Value ; Count ; Total Delay ; % of Total ; Min   ; Max   ;
+------------------------+-------+-------+-------------+------------+-------+-------+
; Hold Relationship      ; 0.000 ;       ;             ;            ;       ;       ;
; Clock Skew             ; 0.393 ;       ;             ;            ;       ;       ;
; Data Delay             ; 0.769 ;       ;             ;            ;       ;       ;
; Number of Logic Levels ;       ; 1     ;             ;            ;       ;       ;
; Physical Delays        ;       ;       ;             ;            ;       ;       ;
;  Arrival Path          ;       ;       ;             ;            ;       ;       ;
;   Clock                ;       ;       ;             ;            ;       ;       ;
;    IC                  ;       ; 2     ; 2.618       ; 75         ; 0.734 ; 1.884 ;
;    Cell                ;       ; 2     ; 0.868       ; 25         ; 0.272 ; 0.596 ;
;   Data                 ;       ;       ;             ;            ;       ;       ;
;    IC                  ;       ; 2     ; 0.570       ; 74         ; 0.000 ; 0.570 ;
;    Cell                ;       ; 3     ; 0.199       ; 26         ; 0.054 ; 0.078 ;
;    uTco                ;       ; 1     ; 0.000       ; 0          ; 0.000 ; 0.000 ;
;  Required Path         ;       ;       ;             ;            ;       ;       ;
;   Clock                ;       ;       ;             ;            ;       ;       ;
;    IC                  ;       ; 2     ; 5.209       ; 86         ; 2.298 ; 2.911 ;
;    Cell                ;       ; 2     ; 0.873       ; 14         ; 0.298 ; 0.575 ;
+------------------------+-------+-------+-------------+------------+-------+-------+
Note: Negative delays are omitted from totals when calculating percentages

+-------------------------------------------------------------------------------------------------------------------------------------------------+
; Data Arrival Path                                                                                                                               ;
+---------+---------+----+------+--------+---------------------+----------------------------------------------------------------------------------+
; Total   ; Incr    ; RF ; Type ; Fanout ; Location            ; Element                                                                          ;
+---------+---------+----+------+--------+---------------------+----------------------------------------------------------------------------------+
; 0.000   ; 0.000   ;    ;      ;        ;                     ; launch edge time                                                                 ;
; 3.486   ; 3.486   ;    ;      ;        ;                     ; clock path                                                                       ;
;   0.000 ;   0.000 ;    ;      ;        ;                     ; source latency                                                                   ;
;   0.000 ;   0.000 ;    ;      ; 1      ; LABCELL_X45_Y1_N3   ; gpu_clk                                                                          ;
;   0.734 ;   0.734 ; RR ; IC   ; 1      ; CLKCTRL_G5          ; gpu_clk~CLKENA0|inclk                                                            ;
;   1.006 ;   0.272 ; RR ; CELL ; 15028  ; CLKCTRL_G5          ; gpu_clk~CLKENA0|outclk                                                           ;
;   2.890 ;   1.884 ; RR ; IC   ; 98     ; M10K_X26_Y47_N0     ; u_render_bin|u_binner|tri_ram_rtl_0|auto_generated|ram_block1a0|clk0             ;
;   3.486 ;   0.596 ; RR ; CELL ; 1      ; M10K_X26_Y47_N0     ; zhao_geom_bin_pipe:u_render_bin|zhao_geom_binner:u_binner|d_tri_r[29]            ;
; 4.255   ; 0.769   ;    ;      ;        ;                     ; data path                                                                        ;
;   3.486 ;   0.000 ;    ; uTco ; 1      ; M10K_X26_Y47_N0     ; zhao_geom_bin_pipe:u_render_bin|zhao_geom_binner:u_binner|d_tri_r[29]            ;
;   3.564 ;   0.078 ; RR ; CELL ; 1      ; M10K_X26_Y47_N0     ; u_render_bin|u_binner|tri_ram_rtl_0|auto_generated|ram_block1a0|portbdataout[23] ;
;   4.134 ;   0.570 ; RR ; IC   ; 1      ; LABCELL_X24_Y47_N57 ; u_render_bin|u_pipe|ay_r[8]~feeder|dataf                                         ;
;   4.188 ;   0.054 ; RR ; CELL ; 1      ; LABCELL_X24_Y47_N57 ; u_render_bin|u_pipe|ay_r[8]~feeder|combout                                       ;
;   4.188 ;   0.000 ; RR ; IC   ; 1      ; FF_X24_Y47_N58      ; u_render_bin|u_pipe|ay_r[8]|d                                                    ;
;   4.255 ;   0.067 ; RR ; CELL ; 1      ; FF_X24_Y47_N58      ; zhao_geom_bin_pipe:u_render_bin|zhao_raster_tile_pipe:u_pipe|ay_r[8]             ;
+---------+---------+----+------+--------+---------------------+----------------------------------------------------------------------------------+

+------------------------------------------------------------------------------------------------------------------------------------+
; Data Required Path                                                                                                                 ;
+---------+----------+----+------+--------+-------------------+----------------------------------------------------------------------+
; Total   ; Incr     ; RF ; Type ; Fanout ; Location          ; Element                                                              ;
+---------+----------+----+------+--------+-------------------+----------------------------------------------------------------------+
; 0.000   ; 0.000    ;    ;      ;        ;                   ; latch edge time                                                      ;
; 3.879   ; 3.879    ;    ;      ;        ;                   ; clock path                                                           ;
;   0.000 ;   0.000  ;    ;      ;        ;                   ; source latency                                                       ;
;   0.000 ;   0.000  ;    ;      ; 1      ; LABCELL_X45_Y1_N3 ; gpu_clk                                                              ;
;   2.911 ;   2.911  ; RR ; IC   ; 1      ; CLKCTRL_G5        ; gpu_clk~CLKENA0|inclk                                                ;
;   3.209 ;   0.298  ; RR ; CELL ; 15028  ; CLKCTRL_G5        ; gpu_clk~CLKENA0|outclk                                               ;
;   5.507 ;   2.298  ; RR ; IC   ; 1      ; FF_X24_Y47_N58    ; u_render_bin|u_pipe|ay_r[8]|clk                                      ;
;   6.082 ;   0.575  ; RR ; CELL ; 1      ; FF_X24_Y47_N58    ; zhao_geom_bin_pipe:u_render_bin|zhao_raster_tile_pipe:u_pipe|ay_r[8] ;
;   3.879 ;   -2.203 ;    ;      ;        ;                   ; clock pessimism removed                                              ;
; 3.879   ; 0.000    ;    ;      ;        ;                   ; clock uncertainty                                                    ;
; 3.879   ; 0.000    ;    ; uTh  ; 1      ; FF_X24_Y47_N58    ; zhao_geom_bin_pipe:u_render_bin|zhao_raster_tile_pipe:u_pipe|ay_r[8] ;
+---------+----------+----+------+--------+-------------------+----------------------------------------------------------------------+

----------------------------
; Extra Fitter Information ;
----------------------------
HTML report is unavailable in plain text report export.


Path #60: Hold slack is 0.376 
===============================================================================
+-----------------------------------------------------------------+
; Path Summary                                                    ;
+--------------------+--------------------------------------------+
; Property           ; Value                                      ;
+--------------------+--------------------------------------------+
; From Node          ; zhao_cmd_scheduler:u_sched|sh_faults[33]   ;
; To Node            ; zhao_debug_counters:u_counters|bank[1][33] ;
; Launch Clock       ; gpu_clk                                    ;
; Latch Clock        ; gpu_clk                                    ;
; Data Arrival Time  ; 4.297                                      ;
; Data Required Time ; 3.921                                      ;
; Slack              ; 0.376                                      ;
+--------------------+--------------------------------------------+

+-----------------------------------------------------------------------------------+
; Statistics                                                                        ;
+------------------------+-------+-------+-------------+------------+-------+-------+
; Property               ; Value ; Count ; Total Delay ; % of Total ; Min   ; Max   ;
+------------------------+-------+-------+-------------+------------+-------+-------+
; Hold Relationship      ; 0.000 ;       ;             ;            ;       ;       ;
; Clock Skew             ; 0.578 ;       ;             ;            ;       ;       ;
; Data Delay             ; 0.954 ;       ;             ;            ;       ;       ;
; Number of Logic Levels ;       ; 0     ;             ;            ;       ;       ;
; Physical Delays        ;       ;       ;             ;            ;       ;       ;
;  Arrival Path          ;       ;       ;             ;            ;       ;       ;
;   Clock                ;       ;       ;             ;            ;       ;       ;
;    IC                  ;       ; 2     ; 2.581       ; 77         ; 0.734 ; 1.847 ;
;    Cell                ;       ; 2     ; 0.762       ; 23         ; 0.272 ; 0.490 ;
;   Data                 ;       ;       ;             ;            ;       ;       ;
;    IC                  ;       ; 1     ; 0.666       ; 70         ; 0.666 ; 0.666 ;
;    Cell                ;       ; 2     ; 0.288       ; 30         ; 0.000 ; 0.288 ;
;    uTco                ;       ; 1     ; 0.000       ; 0          ; 0.000 ; 0.000 ;
;  Required Path         ;       ;       ;             ;            ;       ;       ;
;   Clock                ;       ;       ;             ;            ;       ;       ;
;    IC                  ;       ; 2     ; 5.242       ; 86         ; 2.331 ; 2.911 ;
;    Cell                ;       ; 2     ; 0.882       ; 14         ; 0.298 ; 0.584 ;
+------------------------+-------+-------+-------------+------------+-------+-------+
Note: Negative delays are omitted from totals when calculating percentages

+---------------------------------------------------------------------------------------------------------+
; Data Arrival Path                                                                                       ;
+---------+---------+----+------+--------+-------------------+--------------------------------------------+
; Total   ; Incr    ; RF ; Type ; Fanout ; Location          ; Element                                    ;
+---------+---------+----+------+--------+-------------------+--------------------------------------------+
; 0.000   ; 0.000   ;    ;      ;        ;                   ; launch edge time                           ;
; 3.343   ; 3.343   ;    ;      ;        ;                   ; clock path                                 ;
;   0.000 ;   0.000 ;    ;      ;        ;                   ; source latency                             ;
;   0.000 ;   0.000 ;    ;      ; 1      ; LABCELL_X45_Y1_N3 ; gpu_clk                                    ;
;   0.734 ;   0.734 ; RR ; IC   ; 1      ; CLKCTRL_G5        ; gpu_clk~CLKENA0|inclk                      ;
;   1.006 ;   0.272 ; RR ; CELL ; 15028  ; CLKCTRL_G5        ; gpu_clk~CLKENA0|outclk                     ;
;   2.853 ;   1.847 ; RR ; IC   ; 1      ; FF_X23_Y8_N11     ; u_sched|sh_faults[33]|clk                  ;
;   3.343 ;   0.490 ; RR ; CELL ; 1      ; FF_X23_Y8_N11     ; zhao_cmd_scheduler:u_sched|sh_faults[33]   ;
; 4.297   ; 0.954   ;    ;      ;        ;                   ; data path                                  ;
;   3.343 ;   0.000 ;    ; uTco ; 1      ; FF_X23_Y8_N11     ; zhao_cmd_scheduler:u_sched|sh_faults[33]   ;
;   3.343 ;   0.000 ; RR ; CELL ; 2      ; FF_X23_Y8_N11     ; u_sched|sh_faults[33]|q                    ;
;   4.009 ;   0.666 ; RR ; IC   ; 1      ; FF_X27_Y8_N47     ; u_counters|bank[1][33]|asdata              ;
;   4.297 ;   0.288 ; RR ; CELL ; 1      ; FF_X27_Y8_N47     ; zhao_debug_counters:u_counters|bank[1][33] ;
+---------+---------+----+------+--------+-------------------+--------------------------------------------+

+----------------------------------------------------------------------------------------------------------+
; Data Required Path                                                                                       ;
+---------+----------+----+------+--------+-------------------+--------------------------------------------+
; Total   ; Incr     ; RF ; Type ; Fanout ; Location          ; Element                                    ;
+---------+----------+----+------+--------+-------------------+--------------------------------------------+
; 0.000   ; 0.000    ;    ;      ;        ;                   ; latch edge time                            ;
; 3.921   ; 3.921    ;    ;      ;        ;                   ; clock path                                 ;
;   0.000 ;   0.000  ;    ;      ;        ;                   ; source latency                             ;
;   0.000 ;   0.000  ;    ;      ; 1      ; LABCELL_X45_Y1_N3 ; gpu_clk                                    ;
;   2.911 ;   2.911  ; RR ; IC   ; 1      ; CLKCTRL_G5        ; gpu_clk~CLKENA0|inclk                      ;
;   3.209 ;   0.298  ; RR ; CELL ; 15028  ; CLKCTRL_G5        ; gpu_clk~CLKENA0|outclk                     ;
;   5.540 ;   2.331  ; RR ; IC   ; 1      ; FF_X27_Y8_N47     ; u_counters|bank[1][33]|clk                 ;
;   6.124 ;   0.584  ; RR ; CELL ; 1      ; FF_X27_Y8_N47     ; zhao_debug_counters:u_counters|bank[1][33] ;
;   3.921 ;   -2.203 ;    ;      ;        ;                   ; clock pessimism removed                    ;
; 3.921   ; 0.000    ;    ;      ;        ;                   ; clock uncertainty                          ;
; 3.921   ; 0.000    ;    ; uTh  ; 1      ; FF_X27_Y8_N47     ; zhao_debug_counters:u_counters|bank[1][33] ;
+---------+----------+----+------+--------+-------------------+--------------------------------------------+

----------------------------
; Extra Fitter Information ;
----------------------------
HTML report is unavailable in plain text report export.


Path #61: Hold slack is 0.378 
===============================================================================
+---------------------------------------------------------------------------------------------------------------------------+
; Path Summary                                                                                                              ;
+--------------------+------------------------------------------------------------------------------------------------------+
; Property           ; Value                                                                                                ;
+--------------------+------------------------------------------------------------------------------------------------------+
; From Node          ; zhao_geom_bin_pipe:u_render_bin|zhao_raster_tile_pipe:u_pipe|cy_r[9]                                 ;
; To Node            ; zhao_geom_bin_pipe:u_render_bin|zhao_raster_tile_pipe:u_pipe|zhao_raster_edgewalk:u_edgewalk|cy_r[9] ;
; Launch Clock       ; gpu_clk                                                                                              ;
; Latch Clock        ; gpu_clk                                                                                              ;
; Data Arrival Time  ; 4.275                                                                                                ;
; Data Required Time ; 3.897                                                                                                ;
; Slack              ; 0.378                                                                                                ;
+--------------------+------------------------------------------------------------------------------------------------------+

+-----------------------------------------------------------------------------------+
; Statistics                                                                        ;
+------------------------+-------+-------+-------------+------------+-------+-------+
; Property               ; Value ; Count ; Total Delay ; % of Total ; Min   ; Max   ;
+------------------------+-------+-------+-------------+------------+-------+-------+
; Hold Relationship      ; 0.000 ;       ;             ;            ;       ;       ;
; Clock Skew             ; 0.497 ;       ;             ;            ;       ;       ;
; Data Delay             ; 0.875 ;       ;             ;            ;       ;       ;
; Number of Logic Levels ;       ; 0     ;             ;            ;       ;       ;
; Physical Delays        ;       ;       ;             ;            ;       ;       ;
;  Arrival Path          ;       ;       ;             ;            ;       ;       ;
;   Clock                ;       ;       ;             ;            ;       ;       ;
;    IC                  ;       ; 2     ; 2.636       ; 78         ; 0.734 ; 1.902 ;
;    Cell                ;       ; 2     ; 0.764       ; 22         ; 0.272 ; 0.492 ;
;   Data                 ;       ;       ;             ;            ;       ;       ;
;    IC                  ;       ; 1     ; 0.509       ; 58         ; 0.509 ; 0.509 ;
;    Cell                ;       ; 2     ; 0.366       ; 42         ; 0.000 ; 0.366 ;
;    uTco                ;       ; 1     ; 0.000       ; 0          ; 0.000 ; 0.000 ;
;  Required Path         ;       ;       ;             ;            ;       ;       ;
;   Clock                ;       ;       ;             ;            ;       ;       ;
;    IC                  ;       ; 2     ; 5.211       ; 85         ; 2.300 ; 2.911 ;
;    Cell                ;       ; 2     ; 0.889       ; 15         ; 0.298 ; 0.591 ;
+------------------------+-------+-------+-------------+------------+-------+-------+
Note: Negative delays are omitted from totals when calculating percentages

+-------------------------------------------------------------------------------------------------------------------------------------------------------------------+
; Data Arrival Path                                                                                                                                                 ;
+---------+---------+----+------+--------+-------------------+------------------------------------------------------------------------------------------------------+
; Total   ; Incr    ; RF ; Type ; Fanout ; Location          ; Element                                                                                              ;
+---------+---------+----+------+--------+-------------------+------------------------------------------------------------------------------------------------------+
; 0.000   ; 0.000   ;    ;      ;        ;                   ; launch edge time                                                                                     ;
; 3.400   ; 3.400   ;    ;      ;        ;                   ; clock path                                                                                           ;
;   0.000 ;   0.000 ;    ;      ;        ;                   ; source latency                                                                                       ;
;   0.000 ;   0.000 ;    ;      ; 1      ; LABCELL_X45_Y1_N3 ; gpu_clk                                                                                              ;
;   0.734 ;   0.734 ; RR ; IC   ; 1      ; CLKCTRL_G5        ; gpu_clk~CLKENA0|inclk                                                                                ;
;   1.006 ;   0.272 ; RR ; CELL ; 15028  ; CLKCTRL_G5        ; gpu_clk~CLKENA0|outclk                                                                               ;
;   2.908 ;   1.902 ; RR ; IC   ; 1      ; FF_X25_Y48_N7     ; u_render_bin|u_pipe|cy_r[9]|clk                                                                      ;
;   3.400 ;   0.492 ; RR ; CELL ; 1      ; FF_X25_Y48_N7     ; zhao_geom_bin_pipe:u_render_bin|zhao_raster_tile_pipe:u_pipe|cy_r[9]                                 ;
; 4.275   ; 0.875   ;    ;      ;        ;                   ; data path                                                                                            ;
;   3.400 ;   0.000 ;    ; uTco ; 1      ; FF_X25_Y48_N7     ; zhao_geom_bin_pipe:u_render_bin|zhao_raster_tile_pipe:u_pipe|cy_r[9]                                 ;
;   3.400 ;   0.000 ; RR ; CELL ; 1      ; FF_X25_Y48_N7     ; u_render_bin|u_pipe|cy_r[9]|q                                                                        ;
;   3.909 ;   0.509 ; RR ; IC   ; 1      ; FF_X24_Y48_N11    ; u_render_bin|u_pipe|u_edgewalk|cy_r[9]|asdata                                                        ;
;   4.275 ;   0.366 ; RR ; CELL ; 1      ; FF_X24_Y48_N11    ; zhao_geom_bin_pipe:u_render_bin|zhao_raster_tile_pipe:u_pipe|zhao_raster_edgewalk:u_edgewalk|cy_r[9] ;
+---------+---------+----+------+--------+-------------------+------------------------------------------------------------------------------------------------------+

+--------------------------------------------------------------------------------------------------------------------------------------------------------------------+
; Data Required Path                                                                                                                                                 ;
+---------+----------+----+------+--------+-------------------+------------------------------------------------------------------------------------------------------+
; Total   ; Incr     ; RF ; Type ; Fanout ; Location          ; Element                                                                                              ;
+---------+----------+----+------+--------+-------------------+------------------------------------------------------------------------------------------------------+
; 0.000   ; 0.000    ;    ;      ;        ;                   ; latch edge time                                                                                      ;
; 3.897   ; 3.897    ;    ;      ;        ;                   ; clock path                                                                                           ;
;   0.000 ;   0.000  ;    ;      ;        ;                   ; source latency                                                                                       ;
;   0.000 ;   0.000  ;    ;      ; 1      ; LABCELL_X45_Y1_N3 ; gpu_clk                                                                                              ;
;   2.911 ;   2.911  ; RR ; IC   ; 1      ; CLKCTRL_G5        ; gpu_clk~CLKENA0|inclk                                                                                ;
;   3.209 ;   0.298  ; RR ; CELL ; 15028  ; CLKCTRL_G5        ; gpu_clk~CLKENA0|outclk                                                                               ;
;   5.509 ;   2.300  ; RR ; IC   ; 1      ; FF_X24_Y48_N11    ; u_render_bin|u_pipe|u_edgewalk|cy_r[9]|clk                                                           ;
;   6.100 ;   0.591  ; RR ; CELL ; 1      ; FF_X24_Y48_N11    ; zhao_geom_bin_pipe:u_render_bin|zhao_raster_tile_pipe:u_pipe|zhao_raster_edgewalk:u_edgewalk|cy_r[9] ;
;   3.897 ;   -2.203 ;    ;      ;        ;                   ; clock pessimism removed                                                                              ;
; 3.897   ; 0.000    ;    ;      ;        ;                   ; clock uncertainty                                                                                    ;
; 3.897   ; 0.000    ;    ; uTh  ; 1      ; FF_X24_Y48_N11    ; zhao_geom_bin_pipe:u_render_bin|zhao_raster_tile_pipe:u_pipe|zhao_raster_edgewalk:u_edgewalk|cy_r[9] ;
+---------+----------+----+------+--------+-------------------+------------------------------------------------------------------------------------------------------+

----------------------------
; Extra Fitter Information ;
----------------------------
HTML report is unavailable in plain text report export.


Path #62: Hold slack is 0.379 
===============================================================================
+-----------------------------------------------------------------+
; Path Summary                                                    ;
+--------------------+--------------------------------------------+
; Property           ; Value                                      ;
+--------------------+--------------------------------------------+
; From Node          ; zhao_cmd_scheduler:u_sched|sh_faults[43]   ;
; To Node            ; zhao_debug_counters:u_counters|bank[1][43] ;
; Launch Clock       ; gpu_clk                                    ;
; Latch Clock        ; gpu_clk                                    ;
; Data Arrival Time  ; 4.299                                      ;
; Data Required Time ; 3.920                                      ;
; Slack              ; 0.379                                      ;
+--------------------+--------------------------------------------+

+-----------------------------------------------------------------------------------+
; Statistics                                                                        ;
+------------------------+-------+-------+-------------+------------+-------+-------+
; Property               ; Value ; Count ; Total Delay ; % of Total ; Min   ; Max   ;
+------------------------+-------+-------+-------------+------------+-------+-------+
; Hold Relationship      ; 0.000 ;       ;             ;            ;       ;       ;
; Clock Skew             ; 0.584 ;       ;             ;            ;       ;       ;
; Data Delay             ; 0.963 ;       ;             ;            ;       ;       ;
; Number of Logic Levels ;       ; 0     ;             ;            ;       ;       ;
; Physical Delays        ;       ;       ;             ;            ;       ;       ;
;  Arrival Path          ;       ;       ;             ;            ;       ;       ;
;   Clock                ;       ;       ;             ;            ;       ;       ;
;    IC                  ;       ; 2     ; 2.581       ; 77         ; 0.734 ; 1.847 ;
;    Cell                ;       ; 2     ; 0.755       ; 23         ; 0.272 ; 0.483 ;
;   Data                 ;       ;       ;             ;            ;       ;       ;
;    IC                  ;       ; 1     ; 0.675       ; 70         ; 0.675 ; 0.675 ;
;    Cell                ;       ; 2     ; 0.288       ; 30         ; 0.000 ; 0.288 ;
;    uTco                ;       ; 1     ; 0.000       ; 0          ; 0.000 ; 0.000 ;
;  Required Path         ;       ;       ;             ;            ;       ;       ;
;   Clock                ;       ;       ;             ;            ;       ;       ;
;    IC                  ;       ; 2     ; 5.241       ; 86         ; 2.330 ; 2.911 ;
;    Cell                ;       ; 2     ; 0.882       ; 14         ; 0.298 ; 0.584 ;
+------------------------+-------+-------+-------------+------------+-------+-------+
Note: Negative delays are omitted from totals when calculating percentages

+---------------------------------------------------------------------------------------------------------+
; Data Arrival Path                                                                                       ;
+---------+---------+----+------+--------+-------------------+--------------------------------------------+
; Total   ; Incr    ; RF ; Type ; Fanout ; Location          ; Element                                    ;
+---------+---------+----+------+--------+-------------------+--------------------------------------------+
; 0.000   ; 0.000   ;    ;      ;        ;                   ; launch edge time                           ;
; 3.336   ; 3.336   ;    ;      ;        ;                   ; clock path                                 ;
;   0.000 ;   0.000 ;    ;      ;        ;                   ; source latency                             ;
;   0.000 ;   0.000 ;    ;      ; 1      ; LABCELL_X45_Y1_N3 ; gpu_clk                                    ;
;   0.734 ;   0.734 ; RR ; IC   ; 1      ; CLKCTRL_G5        ; gpu_clk~CLKENA0|inclk                      ;
;   1.006 ;   0.272 ; RR ; CELL ; 15028  ; CLKCTRL_G5        ; gpu_clk~CLKENA0|outclk                     ;
;   2.853 ;   1.847 ; RR ; IC   ; 1      ; FF_X23_Y8_N40     ; u_sched|sh_faults[43]|clk                  ;
;   3.336 ;   0.483 ; RR ; CELL ; 1      ; FF_X23_Y8_N40     ; zhao_cmd_scheduler:u_sched|sh_faults[43]   ;
; 4.299   ; 0.963   ;    ;      ;        ;                   ; data path                                  ;
;   3.336 ;   0.000 ;    ; uTco ; 1      ; FF_X23_Y8_N40     ; zhao_cmd_scheduler:u_sched|sh_faults[43]   ;
;   3.336 ;   0.000 ; RR ; CELL ; 1      ; FF_X23_Y8_N40     ; u_sched|sh_faults[43]|q                    ;
;   4.011 ;   0.675 ; RR ; IC   ; 1      ; FF_X25_Y6_N41     ; u_counters|bank[1][43]|asdata              ;
;   4.299 ;   0.288 ; RR ; CELL ; 1      ; FF_X25_Y6_N41     ; zhao_debug_counters:u_counters|bank[1][43] ;
+---------+---------+----+------+--------+-------------------+--------------------------------------------+

+----------------------------------------------------------------------------------------------------------+
; Data Required Path                                                                                       ;
+---------+----------+----+------+--------+-------------------+--------------------------------------------+
; Total   ; Incr     ; RF ; Type ; Fanout ; Location          ; Element                                    ;
+---------+----------+----+------+--------+-------------------+--------------------------------------------+
; 0.000   ; 0.000    ;    ;      ;        ;                   ; latch edge time                            ;
; 3.920   ; 3.920    ;    ;      ;        ;                   ; clock path                                 ;
;   0.000 ;   0.000  ;    ;      ;        ;                   ; source latency                             ;
;   0.000 ;   0.000  ;    ;      ; 1      ; LABCELL_X45_Y1_N3 ; gpu_clk                                    ;
;   2.911 ;   2.911  ; RR ; IC   ; 1      ; CLKCTRL_G5        ; gpu_clk~CLKENA0|inclk                      ;
;   3.209 ;   0.298  ; RR ; CELL ; 15028  ; CLKCTRL_G5        ; gpu_clk~CLKENA0|outclk                     ;
;   5.539 ;   2.330  ; RR ; IC   ; 1      ; FF_X25_Y6_N41     ; u_counters|bank[1][43]|clk                 ;
;   6.123 ;   0.584  ; RR ; CELL ; 1      ; FF_X25_Y6_N41     ; zhao_debug_counters:u_counters|bank[1][43] ;
;   3.920 ;   -2.203 ;    ;      ;        ;                   ; clock pessimism removed                    ;
; 3.920   ; 0.000    ;    ;      ;        ;                   ; clock uncertainty                          ;
; 3.920   ; 0.000    ;    ; uTh  ; 1      ; FF_X25_Y6_N41     ; zhao_debug_counters:u_counters|bank[1][43] ;
+---------+----------+----+------+--------+-------------------+--------------------------------------------+

----------------------------
; Extra Fitter Information ;
----------------------------
HTML report is unavailable in plain text report export.


Path #63: Hold slack is 0.380 
===============================================================================
+----------------------------------------------------------------------------------------------------------------------------------+
; Path Summary                                                                                                                     ;
+--------------------+-------------------------------------------------------------------------------------------------------------+
; Property           ; Value                                                                                                       ;
+--------------------+-------------------------------------------------------------------------------------------------------------+
; From Node          ; zhao_geom_bin_pipe:u_render_bin|zhao_raster_tile_pipe:u_pipe|zhao_raster_fragment:u_fragment|s1_depth_r[20] ;
; To Node            ; zhao_geom_bin_pipe:u_render_bin|zhao_raster_tile_pipe:u_pipe|zhao_raster_fragment:u_fragment|s2_depth_r[20] ;
; Launch Clock       ; gpu_clk                                                                                                     ;
; Latch Clock        ; gpu_clk                                                                                                     ;
; Data Arrival Time  ; 4.232                                                                                                       ;
; Data Required Time ; 3.852                                                                                                       ;
; Slack              ; 0.380                                                                                                       ;
+--------------------+-------------------------------------------------------------------------------------------------------------+

+-----------------------------------------------------------------------------------+
; Statistics                                                                        ;
+------------------------+-------+-------+-------------+------------+-------+-------+
; Property               ; Value ; Count ; Total Delay ; % of Total ; Min   ; Max   ;
+------------------------+-------+-------+-------------+------------+-------+-------+
; Hold Relationship      ; 0.000 ;       ;             ;            ;       ;       ;
; Clock Skew             ; 0.511 ;       ;             ;            ;       ;       ;
; Data Delay             ; 0.891 ;       ;             ;            ;       ;       ;
; Number of Logic Levels ;       ; 0     ;             ;            ;       ;       ;
; Physical Delays        ;       ;       ;             ;            ;       ;       ;
;  Arrival Path          ;       ;       ;             ;            ;       ;       ;
;   Clock                ;       ;       ;             ;            ;       ;       ;
;    IC                  ;       ; 2     ; 2.582       ; 77         ; 0.734 ; 1.848 ;
;    Cell                ;       ; 2     ; 0.759       ; 23         ; 0.272 ; 0.487 ;
;   Data                 ;       ;       ;             ;            ;       ;       ;
;    IC                  ;       ; 1     ; 0.613       ; 69         ; 0.613 ; 0.613 ;
;    Cell                ;       ; 2     ; 0.278       ; 31         ; 0.000 ; 0.278 ;
;    uTco                ;       ; 1     ; 0.000       ; 0          ; 0.000 ; 0.000 ;
;  Required Path         ;       ;       ;             ;            ;       ;       ;
;   Clock                ;       ;       ;             ;            ;       ;       ;
;    IC                  ;       ; 2     ; 5.186       ; 86         ; 2.275 ; 2.911 ;
;    Cell                ;       ; 2     ; 0.869       ; 14         ; 0.298 ; 0.571 ;
+------------------------+-------+-------+-------------+------------+-------+-------+
Note: Negative delays are omitted from totals when calculating percentages

+--------------------------------------------------------------------------------------------------------------------------------------------------------------------------+
; Data Arrival Path                                                                                                                                                        ;
+---------+---------+----+------+--------+-------------------+-------------------------------------------------------------------------------------------------------------+
; Total   ; Incr    ; RF ; Type ; Fanout ; Location          ; Element                                                                                                     ;
+---------+---------+----+------+--------+-------------------+-------------------------------------------------------------------------------------------------------------+
; 0.000   ; 0.000   ;    ;      ;        ;                   ; launch edge time                                                                                            ;
; 3.341   ; 3.341   ;    ;      ;        ;                   ; clock path                                                                                                  ;
;   0.000 ;   0.000 ;    ;      ;        ;                   ; source latency                                                                                              ;
;   0.000 ;   0.000 ;    ;      ; 1      ; LABCELL_X45_Y1_N3 ; gpu_clk                                                                                                     ;
;   0.734 ;   0.734 ; RR ; IC   ; 1      ; CLKCTRL_G5        ; gpu_clk~CLKENA0|inclk                                                                                       ;
;   1.006 ;   0.272 ; RR ; CELL ; 15028  ; CLKCTRL_G5        ; gpu_clk~CLKENA0|outclk                                                                                      ;
;   2.854 ;   1.848 ; RR ; IC   ; 1      ; FF_X24_Y32_N52    ; u_render_bin|u_pipe|u_fragment|s1_depth_r[20]|clk                                                           ;
;   3.341 ;   0.487 ; RR ; CELL ; 1      ; FF_X24_Y32_N52    ; zhao_geom_bin_pipe:u_render_bin|zhao_raster_tile_pipe:u_pipe|zhao_raster_fragment:u_fragment|s1_depth_r[20] ;
; 4.232   ; 0.891   ;    ;      ;        ;                   ; data path                                                                                                   ;
;   3.341 ;   0.000 ;    ; uTco ; 1      ; FF_X24_Y32_N52    ; zhao_geom_bin_pipe:u_render_bin|zhao_raster_tile_pipe:u_pipe|zhao_raster_fragment:u_fragment|s1_depth_r[20] ;
;   3.341 ;   0.000 ; RR ; CELL ; 3      ; FF_X24_Y32_N52    ; u_render_bin|u_pipe|u_fragment|s1_depth_r[20]|q                                                             ;
;   3.954 ;   0.613 ; RR ; IC   ; 1      ; FF_X25_Y32_N28    ; u_render_bin|u_pipe|u_fragment|s2_depth_r[20]|asdata                                                        ;
;   4.232 ;   0.278 ; RR ; CELL ; 1      ; FF_X25_Y32_N28    ; zhao_geom_bin_pipe:u_render_bin|zhao_raster_tile_pipe:u_pipe|zhao_raster_fragment:u_fragment|s2_depth_r[20] ;
+---------+---------+----+------+--------+-------------------+-------------------------------------------------------------------------------------------------------------+

+---------------------------------------------------------------------------------------------------------------------------------------------------------------------------+
; Data Required Path                                                                                                                                                        ;
+---------+----------+----+------+--------+-------------------+-------------------------------------------------------------------------------------------------------------+
; Total   ; Incr     ; RF ; Type ; Fanout ; Location          ; Element                                                                                                     ;
+---------+----------+----+------+--------+-------------------+-------------------------------------------------------------------------------------------------------------+
; 0.000   ; 0.000    ;    ;      ;        ;                   ; latch edge time                                                                                             ;
; 3.852   ; 3.852    ;    ;      ;        ;                   ; clock path                                                                                                  ;
;   0.000 ;   0.000  ;    ;      ;        ;                   ; source latency                                                                                              ;
;   0.000 ;   0.000  ;    ;      ; 1      ; LABCELL_X45_Y1_N3 ; gpu_clk                                                                                                     ;
;   2.911 ;   2.911  ; RR ; IC   ; 1      ; CLKCTRL_G5        ; gpu_clk~CLKENA0|inclk                                                                                       ;
;   3.209 ;   0.298  ; RR ; CELL ; 15028  ; CLKCTRL_G5        ; gpu_clk~CLKENA0|outclk                                                                                      ;
;   5.484 ;   2.275  ; RR ; IC   ; 1      ; FF_X25_Y32_N28    ; u_render_bin|u_pipe|u_fragment|s2_depth_r[20]|clk                                                           ;
;   6.055 ;   0.571  ; RR ; CELL ; 1      ; FF_X25_Y32_N28    ; zhao_geom_bin_pipe:u_render_bin|zhao_raster_tile_pipe:u_pipe|zhao_raster_fragment:u_fragment|s2_depth_r[20] ;
;   3.852 ;   -2.203 ;    ;      ;        ;                   ; clock pessimism removed                                                                                     ;
; 3.852   ; 0.000    ;    ;      ;        ;                   ; clock uncertainty                                                                                           ;
; 3.852   ; 0.000    ;    ; uTh  ; 1      ; FF_X25_Y32_N28    ; zhao_geom_bin_pipe:u_render_bin|zhao_raster_tile_pipe:u_pipe|zhao_raster_fragment:u_fragment|s2_depth_r[20] ;
+---------+----------+----+------+--------+-------------------+-------------------------------------------------------------------------------------------------------------+

----------------------------
; Extra Fitter Information ;
----------------------------
HTML report is unavailable in plain text report export.


Path #64: Hold slack is 0.380 
===============================================================================
+--------------------------------------------------------------------------------------------------------------------------------+
; Path Summary                                                                                                                   ;
+--------------------+-----------------------------------------------------------------------------------------------------------+
; Property           ; Value                                                                                                     ;
+--------------------+-----------------------------------------------------------------------------------------------------------+
; From Node          ; zhao_geom_bin_pipe:u_render_bin|zhao_raster_tile_pipe:u_pipe|zhao_raster_earlyz:u_earlyz|out_payload_r[7] ;
; To Node            ; zhao_geom_bin_pipe:u_render_bin|zhao_raster_tile_pipe:u_pipe|zhao_skid2:u_cand_skid|mem[1][7]             ;
; Launch Clock       ; gpu_clk                                                                                                   ;
; Latch Clock        ; gpu_clk                                                                                                   ;
; Data Arrival Time  ; 4.280                                                                                                     ;
; Data Required Time ; 3.900                                                                                                     ;
; Slack              ; 0.380                                                                                                     ;
+--------------------+-----------------------------------------------------------------------------------------------------------+

+-----------------------------------------------------------------------------------+
; Statistics                                                                        ;
+------------------------+-------+-------+-------------+------------+-------+-------+
; Property               ; Value ; Count ; Total Delay ; % of Total ; Min   ; Max   ;
+------------------------+-------+-------+-------------+------------+-------+-------+
; Hold Relationship      ; 0.000 ;       ;             ;            ;       ;       ;
; Clock Skew             ; 0.520 ;       ;             ;            ;       ;       ;
; Data Delay             ; 0.900 ;       ;             ;            ;       ;       ;
; Number of Logic Levels ;       ; 1     ;             ;            ;       ;       ;
; Physical Delays        ;       ;       ;             ;            ;       ;       ;
;  Arrival Path          ;       ;       ;             ;            ;       ;       ;
;   Clock                ;       ;       ;             ;            ;       ;       ;
;    IC                  ;       ; 2     ; 2.620       ; 78         ; 0.734 ; 1.886 ;
;    Cell                ;       ; 2     ; 0.760       ; 22         ; 0.272 ; 0.488 ;
;   Data                 ;       ;       ;             ;            ;       ;       ;
;    IC                  ;       ; 2     ; 0.777       ; 86         ; 0.000 ; 0.777 ;
;    Cell                ;       ; 3     ; 0.123       ; 14         ; 0.000 ; 0.069 ;
;    uTco                ;       ; 1     ; 0.000       ; 0          ; 0.000 ; 0.000 ;
;  Required Path         ;       ;       ;             ;            ;       ;       ;
;   Clock                ;       ;       ;             ;            ;       ;       ;
;    IC                  ;       ; 2     ; 5.220       ; 86         ; 2.309 ; 2.911 ;
;    Cell                ;       ; 2     ; 0.883       ; 14         ; 0.298 ; 0.585 ;
+------------------------+-------+-------+-------------+------------+-------+-------+
Note: Negative delays are omitted from totals when calculating percentages

+---------------------------------------------------------------------------------------------------------------------------------------------------------------------------+
; Data Arrival Path                                                                                                                                                         ;
+---------+---------+----+------+--------+----------------------+-----------------------------------------------------------------------------------------------------------+
; Total   ; Incr    ; RF ; Type ; Fanout ; Location             ; Element                                                                                                   ;
+---------+---------+----+------+--------+----------------------+-----------------------------------------------------------------------------------------------------------+
; 0.000   ; 0.000   ;    ;      ;        ;                      ; launch edge time                                                                                          ;
; 3.380   ; 3.380   ;    ;      ;        ;                      ; clock path                                                                                                ;
;   0.000 ;   0.000 ;    ;      ;        ;                      ; source latency                                                                                            ;
;   0.000 ;   0.000 ;    ;      ; 1      ; LABCELL_X45_Y1_N3    ; gpu_clk                                                                                                   ;
;   0.734 ;   0.734 ; RR ; IC   ; 1      ; CLKCTRL_G5           ; gpu_clk~CLKENA0|inclk                                                                                     ;
;   1.006 ;   0.272 ; RR ; CELL ; 15028  ; CLKCTRL_G5           ; gpu_clk~CLKENA0|outclk                                                                                    ;
;   2.892 ;   1.886 ; RR ; IC   ; 1      ; FF_X19_Y38_N35       ; u_render_bin|u_pipe|u_earlyz|out_payload_r[7]|clk                                                         ;
;   3.380 ;   0.488 ; RR ; CELL ; 1      ; FF_X19_Y38_N35       ; zhao_geom_bin_pipe:u_render_bin|zhao_raster_tile_pipe:u_pipe|zhao_raster_earlyz:u_earlyz|out_payload_r[7] ;
; 4.280   ; 0.900   ;    ;      ;        ;                      ; data path                                                                                                 ;
;   3.380 ;   0.000 ;    ; uTco ; 1      ; FF_X19_Y38_N35       ; zhao_geom_bin_pipe:u_render_bin|zhao_raster_tile_pipe:u_pipe|zhao_raster_earlyz:u_earlyz|out_payload_r[7] ;
;   3.380 ;   0.000 ; RR ; CELL ; 2      ; FF_X19_Y38_N35       ; u_render_bin|u_pipe|u_earlyz|out_payload_r[7]|q                                                           ;
;   4.157 ;   0.777 ; RR ; IC   ; 1      ; MLABCELL_X25_Y38_N30 ; u_render_bin|u_pipe|u_cand_skid|mem[1][7]~feeder|dataf                                                    ;
;   4.211 ;   0.054 ; RR ; CELL ; 1      ; MLABCELL_X25_Y38_N30 ; u_render_bin|u_pipe|u_cand_skid|mem[1][7]~feeder|combout                                                  ;
;   4.211 ;   0.000 ; RR ; IC   ; 1      ; FF_X25_Y38_N32       ; u_render_bin|u_pipe|u_cand_skid|mem[1][7]|d                                                               ;
;   4.280 ;   0.069 ; RR ; CELL ; 1      ; FF_X25_Y38_N32       ; zhao_geom_bin_pipe:u_render_bin|zhao_raster_tile_pipe:u_pipe|zhao_skid2:u_cand_skid|mem[1][7]             ;
+---------+---------+----+------+--------+----------------------+-----------------------------------------------------------------------------------------------------------+

+-------------------------------------------------------------------------------------------------------------------------------------------------------------+
; Data Required Path                                                                                                                                          ;
+---------+----------+----+------+--------+-------------------+-----------------------------------------------------------------------------------------------+
; Total   ; Incr     ; RF ; Type ; Fanout ; Location          ; Element                                                                                       ;
+---------+----------+----+------+--------+-------------------+-----------------------------------------------------------------------------------------------+
; 0.000   ; 0.000    ;    ;      ;        ;                   ; latch edge time                                                                               ;
; 3.900   ; 3.900    ;    ;      ;        ;                   ; clock path                                                                                    ;
;   0.000 ;   0.000  ;    ;      ;        ;                   ; source latency                                                                                ;
;   0.000 ;   0.000  ;    ;      ; 1      ; LABCELL_X45_Y1_N3 ; gpu_clk                                                                                       ;
;   2.911 ;   2.911  ; RR ; IC   ; 1      ; CLKCTRL_G5        ; gpu_clk~CLKENA0|inclk                                                                         ;
;   3.209 ;   0.298  ; RR ; CELL ; 15028  ; CLKCTRL_G5        ; gpu_clk~CLKENA0|outclk                                                                        ;
;   5.518 ;   2.309  ; RR ; IC   ; 1      ; FF_X25_Y38_N32    ; u_render_bin|u_pipe|u_cand_skid|mem[1][7]|clk                                                 ;
;   6.103 ;   0.585  ; RR ; CELL ; 1      ; FF_X25_Y38_N32    ; zhao_geom_bin_pipe:u_render_bin|zhao_raster_tile_pipe:u_pipe|zhao_skid2:u_cand_skid|mem[1][7] ;
;   3.900 ;   -2.203 ;    ;      ;        ;                   ; clock pessimism removed                                                                       ;
; 3.900   ; 0.000    ;    ;      ;        ;                   ; clock uncertainty                                                                             ;
; 3.900   ; 0.000    ;    ; uTh  ; 1      ; FF_X25_Y38_N32    ; zhao_geom_bin_pipe:u_render_bin|zhao_raster_tile_pipe:u_pipe|zhao_skid2:u_cand_skid|mem[1][7] ;
+---------+----------+----+------+--------+-------------------+-----------------------------------------------------------------------------------------------+

----------------------------
; Extra Fitter Information ;
----------------------------
HTML report is unavailable in plain text report export.


Path #65: Hold slack is 0.381 
===============================================================================
+----------------------------------------------------------------------+
; Path Summary                                                         ;
+--------------------+-------------------------------------------------+
; Property           ; Value                                           ;
+--------------------+-------------------------------------------------+
; From Node          ; zhao_mem_guard:u_guard_blit|guard_violations[0] ;
; To Node            ; zhao_mem_guard:u_guard_blit|guard_violations[1] ;
; Launch Clock       ; gpu_clk                                         ;
; Latch Clock        ; gpu_clk                                         ;
; Data Arrival Time  ; 4.223                                           ;
; Data Required Time ; 3.842                                           ;
; Slack              ; 0.381                                           ;
+--------------------+-------------------------------------------------+

+-----------------------------------------------------------------------------------+
; Statistics                                                                        ;
+------------------------+-------+-------+-------------+------------+-------+-------+
; Property               ; Value ; Count ; Total Delay ; % of Total ; Min   ; Max   ;
+------------------------+-------+-------+-------------+------------+-------+-------+
; Hold Relationship      ; 0.000 ;       ;             ;            ;       ;       ;
; Clock Skew             ; 0.440 ;       ;             ;            ;       ;       ;
; Data Delay             ; 0.821 ;       ;             ;            ;       ;       ;
; Number of Logic Levels ;       ; 1     ;             ;            ;       ;       ;
; Physical Delays        ;       ;       ;             ;            ;       ;       ;
;  Arrival Path          ;       ;       ;             ;            ;       ;       ;
;   Clock                ;       ;       ;             ;            ;       ;       ;
;    IC                  ;       ; 2     ; 2.648       ; 78         ; 0.734 ; 1.914 ;
;    Cell                ;       ; 2     ; 0.754       ; 22         ; 0.272 ; 0.482 ;
;   Data                 ;       ;       ;             ;            ;       ;       ;
;    IC                  ;       ; 2     ; 0.547       ; 67         ; 0.000 ; 0.547 ;
;    Cell                ;       ; 3     ; 0.274       ; 33         ; 0.000 ; 0.213 ;
;    uTco                ;       ; 1     ; 0.000       ; 0          ; 0.000 ; 0.000 ;
;  Required Path         ;       ;       ;             ;            ;       ;       ;
;   Clock                ;       ;       ;             ;            ;       ;       ;
;    IC                  ;       ; 2     ; 5.172       ; 86         ; 2.261 ; 2.911 ;
;    Cell                ;       ; 2     ; 0.873       ; 14         ; 0.298 ; 0.575 ;
+------------------------+-------+-------+-------------+------------+-------+-------+
Note: Negative delays are omitted from totals when calculating percentages

+----------------------------------------------------------------------------------------------------------------+
; Data Arrival Path                                                                                              ;
+---------+---------+----+------+--------+---------------------+-------------------------------------------------+
; Total   ; Incr    ; RF ; Type ; Fanout ; Location            ; Element                                         ;
+---------+---------+----+------+--------+---------------------+-------------------------------------------------+
; 0.000   ; 0.000   ;    ;      ;        ;                     ; launch edge time                                ;
; 3.402   ; 3.402   ;    ;      ;        ;                     ; clock path                                      ;
;   0.000 ;   0.000 ;    ;      ;        ;                     ; source latency                                  ;
;   0.000 ;   0.000 ;    ;      ; 1      ; LABCELL_X45_Y1_N3   ; gpu_clk                                         ;
;   0.734 ;   0.734 ; RR ; IC   ; 1      ; CLKCTRL_G5          ; gpu_clk~CLKENA0|inclk                           ;
;   1.006 ;   0.272 ; RR ; CELL ; 15028  ; CLKCTRL_G5          ; gpu_clk~CLKENA0|outclk                          ;
;   2.920 ;   1.914 ; RR ; IC   ; 1      ; FF_X39_Y18_N38      ; u_guard_blit|guard_violations[0]|clk            ;
;   3.402 ;   0.482 ; RR ; CELL ; 1      ; FF_X39_Y18_N38      ; zhao_mem_guard:u_guard_blit|guard_violations[0] ;
; 4.223   ; 0.821   ;    ;      ;        ;                     ; data path                                       ;
;   3.402 ;   0.000 ;    ; uTco ; 1      ; FF_X39_Y18_N38      ; zhao_mem_guard:u_guard_blit|guard_violations[0] ;
;   3.402 ;   0.000 ; RR ; CELL ; 3      ; FF_X39_Y18_N38      ; u_guard_blit|guard_violations[0]|q              ;
;   3.949 ;   0.547 ; RR ; IC   ; 2      ; MLABCELL_X39_Y19_N0 ; u_guard_blit|Add2~1|datad                       ;
;   4.162 ;   0.213 ; RR ; CELL ; 1      ; MLABCELL_X39_Y19_N0 ; u_guard_blit|Add2~1|sumout                      ;
;   4.162 ;   0.000 ; RR ; IC   ; 1      ; FF_X39_Y19_N1       ; u_guard_blit|guard_violations[1]|d              ;
;   4.223 ;   0.061 ; RR ; CELL ; 1      ; FF_X39_Y19_N1       ; zhao_mem_guard:u_guard_blit|guard_violations[1] ;
+---------+---------+----+------+--------+---------------------+-------------------------------------------------+

+---------------------------------------------------------------------------------------------------------------+
; Data Required Path                                                                                            ;
+---------+----------+----+------+--------+-------------------+-------------------------------------------------+
; Total   ; Incr     ; RF ; Type ; Fanout ; Location          ; Element                                         ;
+---------+----------+----+------+--------+-------------------+-------------------------------------------------+
; 0.000   ; 0.000    ;    ;      ;        ;                   ; latch edge time                                 ;
; 3.842   ; 3.842    ;    ;      ;        ;                   ; clock path                                      ;
;   0.000 ;   0.000  ;    ;      ;        ;                   ; source latency                                  ;
;   0.000 ;   0.000  ;    ;      ; 1      ; LABCELL_X45_Y1_N3 ; gpu_clk                                         ;
;   2.911 ;   2.911  ; RR ; IC   ; 1      ; CLKCTRL_G5        ; gpu_clk~CLKENA0|inclk                           ;
;   3.209 ;   0.298  ; RR ; CELL ; 15028  ; CLKCTRL_G5        ; gpu_clk~CLKENA0|outclk                          ;
;   5.470 ;   2.261  ; RR ; IC   ; 1      ; FF_X39_Y19_N1     ; u_guard_blit|guard_violations[1]|clk            ;
;   6.045 ;   0.575  ; RR ; CELL ; 1      ; FF_X39_Y19_N1     ; zhao_mem_guard:u_guard_blit|guard_violations[1] ;
;   3.842 ;   -2.203 ;    ;      ;        ;                   ; clock pessimism removed                         ;
; 3.842   ; 0.000    ;    ;      ;        ;                   ; clock uncertainty                               ;
; 3.842   ; 0.000    ;    ; uTh  ; 1      ; FF_X39_Y19_N1     ; zhao_mem_guard:u_guard_blit|guard_violations[1] ;
+---------+----------+----+------+--------+-------------------+-------------------------------------------------+

----------------------------
; Extra Fitter Information ;
----------------------------
HTML report is unavailable in plain text report export.


Path #66: Hold slack is 0.382 
===============================================================================
+---------------------------------------------------------------------------------------------------------------------------------------------+
; Path Summary                                                                                                                                ;
+--------------------+------------------------------------------------------------------------------------------------------------------------+
; Property           ; Value                                                                                                                  ;
+--------------------+------------------------------------------------------------------------------------------------------------------------+
; From Node          ; zhao_geom_bin_pipe:u_render_bin|zhao_raster_tile_pipe:u_pipe|zhao_raster_fragment:u_fragment|s1_src_rgb_r[7]_OTERM2090 ;
; To Node            ; zhao_geom_bin_pipe:u_render_bin|zhao_raster_tile_pipe:u_pipe|zhao_raster_fragment:u_fragment|s1_src_rgb_r[7]_OTERM2086 ;
; Launch Clock       ; gpu_clk                                                                                                                ;
; Latch Clock        ; gpu_clk                                                                                                                ;
; Data Arrival Time  ; 3.860                                                                                                                  ;
; Data Required Time ; 3.478                                                                                                                  ;
; Slack              ; 0.382                                                                                                                  ;
+--------------------+------------------------------------------------------------------------------------------------------------------------+

+-----------------------------------------------------------------------------------+
; Statistics                                                                        ;
+------------------------+-------+-------+-------------+------------+-------+-------+
; Property               ; Value ; Count ; Total Delay ; % of Total ; Min   ; Max   ;
+------------------------+-------+-------+-------------+------------+-------+-------+
; Hold Relationship      ; 0.000 ;       ;             ;            ;       ;       ;
; Clock Skew             ; 0.095 ;       ;             ;            ;       ;       ;
; Data Delay             ; 0.477 ;       ;             ;            ;       ;       ;
; Number of Logic Levels ;       ; 1     ;             ;            ;       ;       ;
; Physical Delays        ;       ;       ;             ;            ;       ;       ;
;  Arrival Path          ;       ;       ;             ;            ;       ;       ;
;   Clock                ;       ;       ;             ;            ;       ;       ;
;    IC                  ;       ; 2     ; 2.599       ; 77         ; 0.734 ; 1.865 ;
;    Cell                ;       ; 2     ; 0.784       ; 23         ; 0.272 ; 0.512 ;
;   Data                 ;       ;       ;             ;            ;       ;       ;
;    IC                  ;       ; 2     ; 0.362       ; 76         ; 0.000 ; 0.362 ;
;    Cell                ;       ; 3     ; 0.115       ; 24         ; 0.000 ; 0.064 ;
;    uTco                ;       ; 1     ; 0.000       ; 0          ; 0.000 ; 0.000 ;
;  Required Path         ;       ;       ;             ;            ;       ;       ;
;   Clock                ;       ;       ;             ;            ;       ;       ;
;    IC                  ;       ; 2     ; 5.188       ; 86         ; 2.277 ; 2.911 ;
;    Cell                ;       ; 2     ; 0.875       ; 14         ; 0.298 ; 0.577 ;
+------------------------+-------+-------+-------------+------------+-------+-------+
Note: Negative delays are omitted from totals when calculating percentages

+---------------------------------------------------------------------------------------------------------------------------------------------------------------------------------------+
; Data Arrival Path                                                                                                                                                                     ;
+---------+---------+----+------+--------+---------------------+------------------------------------------------------------------------------------------------------------------------+
; Total   ; Incr    ; RF ; Type ; Fanout ; Location            ; Element                                                                                                                ;
+---------+---------+----+------+--------+---------------------+------------------------------------------------------------------------------------------------------------------------+
; 0.000   ; 0.000   ;    ;      ;        ;                     ; launch edge time                                                                                                       ;
; 3.383   ; 3.383   ;    ;      ;        ;                     ; clock path                                                                                                             ;
;   0.000 ;   0.000 ;    ;      ;        ;                     ; source latency                                                                                                         ;
;   0.000 ;   0.000 ;    ;      ; 1      ; LABCELL_X45_Y1_N3   ; gpu_clk                                                                                                                ;
;   0.734 ;   0.734 ; RR ; IC   ; 1      ; CLKCTRL_G5          ; gpu_clk~CLKENA0|inclk                                                                                                  ;
;   1.006 ;   0.272 ; RR ; CELL ; 15028  ; CLKCTRL_G5          ; gpu_clk~CLKENA0|outclk                                                                                                 ;
;   2.871 ;   1.865 ; RR ; IC   ; 1      ; FF_X34_Y35_N31      ; u_render_bin|u_pipe|u_fragment|s1_src_rgb_r[7]_NEW_REG2089|clk                                                         ;
;   3.383 ;   0.512 ; RR ; CELL ; 1      ; FF_X34_Y35_N31      ; zhao_geom_bin_pipe:u_render_bin|zhao_raster_tile_pipe:u_pipe|zhao_raster_fragment:u_fragment|s1_src_rgb_r[7]_OTERM2090 ;
; 3.860   ; 0.477   ;    ;      ;        ;                     ; data path                                                                                                              ;
;   3.383 ;   0.000 ;    ; uTco ; 1      ; FF_X34_Y35_N31      ; zhao_geom_bin_pipe:u_render_bin|zhao_raster_tile_pipe:u_pipe|zhao_raster_fragment:u_fragment|s1_src_rgb_r[7]_OTERM2090 ;
;   3.383 ;   0.000 ; FF ; CELL ; 1      ; FF_X34_Y35_N31      ; u_render_bin|u_pipe|u_fragment|s1_src_rgb_r[7]_NEW_REG2089|q                                                           ;
;   3.745 ;   0.362 ; FF ; IC   ; 1      ; MLABCELL_X34_Y35_N9 ; u_render_bin|u_pipe|u_fragment|s1_src_rgb_r[7]_NEW1644|dataf                                                           ;
;   3.796 ;   0.051 ; FF ; CELL ; 4      ; MLABCELL_X34_Y35_N9 ; u_render_bin|u_pipe|u_fragment|s1_src_rgb_r[7]_NEW1644|combout                                                         ;
;   3.796 ;   0.000 ; FF ; IC   ; 1      ; FF_X34_Y35_N11      ; u_render_bin|u_pipe|u_fragment|s1_src_rgb_r[7]_NEW_REG2085|d                                                           ;
;   3.860 ;   0.064 ; FF ; CELL ; 1      ; FF_X34_Y35_N11      ; zhao_geom_bin_pipe:u_render_bin|zhao_raster_tile_pipe:u_pipe|zhao_raster_fragment:u_fragment|s1_src_rgb_r[7]_OTERM2086 ;
+---------+---------+----+------+--------+---------------------+------------------------------------------------------------------------------------------------------------------------+

+--------------------------------------------------------------------------------------------------------------------------------------------------------------------------------------+
; Data Required Path                                                                                                                                                                   ;
+---------+----------+----+------+--------+-------------------+------------------------------------------------------------------------------------------------------------------------+
; Total   ; Incr     ; RF ; Type ; Fanout ; Location          ; Element                                                                                                                ;
+---------+----------+----+------+--------+-------------------+------------------------------------------------------------------------------------------------------------------------+
; 0.000   ; 0.000    ;    ;      ;        ;                   ; latch edge time                                                                                                        ;
; 3.478   ; 3.478    ;    ;      ;        ;                   ; clock path                                                                                                             ;
;   0.000 ;   0.000  ;    ;      ;        ;                   ; source latency                                                                                                         ;
;   0.000 ;   0.000  ;    ;      ; 1      ; LABCELL_X45_Y1_N3 ; gpu_clk                                                                                                                ;
;   2.911 ;   2.911  ; RR ; IC   ; 1      ; CLKCTRL_G5        ; gpu_clk~CLKENA0|inclk                                                                                                  ;
;   3.209 ;   0.298  ; RR ; CELL ; 15028  ; CLKCTRL_G5        ; gpu_clk~CLKENA0|outclk                                                                                                 ;
;   5.486 ;   2.277  ; RR ; IC   ; 1      ; FF_X34_Y35_N11    ; u_render_bin|u_pipe|u_fragment|s1_src_rgb_r[7]_NEW_REG2085|clk                                                         ;
;   6.063 ;   0.577  ; RR ; CELL ; 1      ; FF_X34_Y35_N11    ; zhao_geom_bin_pipe:u_render_bin|zhao_raster_tile_pipe:u_pipe|zhao_raster_fragment:u_fragment|s1_src_rgb_r[7]_OTERM2086 ;
;   3.478 ;   -2.585 ;    ;      ;        ;                   ; clock pessimism removed                                                                                                ;
; 3.478   ; 0.000    ;    ;      ;        ;                   ; clock uncertainty                                                                                                      ;
; 3.478   ; 0.000    ;    ; uTh  ; 1      ; FF_X34_Y35_N11    ; zhao_geom_bin_pipe:u_render_bin|zhao_raster_tile_pipe:u_pipe|zhao_raster_fragment:u_fragment|s1_src_rgb_r[7]_OTERM2086 ;
+---------+----------+----+------+--------+-------------------+------------------------------------------------------------------------------------------------------------------------+

----------------------------
; Extra Fitter Information ;
----------------------------
HTML report is unavailable in plain text report export.


Path #67: Hold slack is 0.383 
===============================================================================
+---------------------------------------------------------------------+
; Path Summary                                                        ;
+--------------------+------------------------------------------------+
; Property           ; Value                                          ;
+--------------------+------------------------------------------------+
; From Node          ; zhao_input_rumble:u_rumble|pend_strength[0][3] ;
; To Node            ; zhao_input_rumble:u_rumble|duty[0][3]          ;
; Launch Clock       ; gpu_clk                                        ;
; Latch Clock        ; gpu_clk                                        ;
; Data Arrival Time  ; 4.259                                          ;
; Data Required Time ; 3.876                                          ;
; Slack              ; 0.383                                          ;
+--------------------+------------------------------------------------+

+-----------------------------------------------------------------------------------+
; Statistics                                                                        ;
+------------------------+-------+-------+-------------+------------+-------+-------+
; Property               ; Value ; Count ; Total Delay ; % of Total ; Min   ; Max   ;
+------------------------+-------+-------+-------------+------------+-------+-------+
; Hold Relationship      ; 0.000 ;       ;             ;            ;       ;       ;
; Clock Skew             ; 0.511 ;       ;             ;            ;       ;       ;
; Data Delay             ; 0.894 ;       ;             ;            ;       ;       ;
; Number of Logic Levels ;       ; 0     ;             ;            ;       ;       ;
; Physical Delays        ;       ;       ;             ;            ;       ;       ;
;  Arrival Path          ;       ;       ;             ;            ;       ;       ;
;   Clock                ;       ;       ;             ;            ;       ;       ;
;    IC                  ;       ; 2     ; 2.596       ; 77         ; 0.734 ; 1.862 ;
;    Cell                ;       ; 2     ; 0.769       ; 23         ; 0.272 ; 0.497 ;
;   Data                 ;       ;       ;             ;            ;       ;       ;
;    IC                  ;       ; 1     ; 0.538       ; 60         ; 0.538 ; 0.538 ;
;    Cell                ;       ; 2     ; 0.356       ; 40         ; 0.000 ; 0.356 ;
;    uTco                ;       ; 1     ; 0.000       ; 0          ; 0.000 ; 0.000 ;
;  Required Path         ;       ;       ;             ;            ;       ;       ;
;   Clock                ;       ;       ;             ;            ;       ;       ;
;    IC                  ;       ; 2     ; 5.203       ; 86         ; 2.292 ; 2.911 ;
;    Cell                ;       ; 2     ; 0.876       ; 14         ; 0.298 ; 0.578 ;
+------------------------+-------+-------+-------------+------------+-------+-------+
Note: Negative delays are omitted from totals when calculating percentages

+-------------------------------------------------------------------------------------------------------------+
; Data Arrival Path                                                                                           ;
+---------+---------+----+------+--------+-------------------+------------------------------------------------+
; Total   ; Incr    ; RF ; Type ; Fanout ; Location          ; Element                                        ;
+---------+---------+----+------+--------+-------------------+------------------------------------------------+
; 0.000   ; 0.000   ;    ;      ;        ;                   ; launch edge time                               ;
; 3.365   ; 3.365   ;    ;      ;        ;                   ; clock path                                     ;
;   0.000 ;   0.000 ;    ;      ;        ;                   ; source latency                                 ;
;   0.000 ;   0.000 ;    ;      ; 1      ; LABCELL_X45_Y1_N3 ; gpu_clk                                        ;
;   0.734 ;   0.734 ; RR ; IC   ; 1      ; CLKCTRL_G5        ; gpu_clk~CLKENA0|inclk                          ;
;   1.006 ;   0.272 ; RR ; CELL ; 15028  ; CLKCTRL_G5        ; gpu_clk~CLKENA0|outclk                         ;
;   2.868 ;   1.862 ; RR ; IC   ; 1      ; FF_X68_Y5_N4      ; u_rumble|pend_strength[0][3]|clk               ;
;   3.365 ;   0.497 ; RR ; CELL ; 1      ; FF_X68_Y5_N4      ; zhao_input_rumble:u_rumble|pend_strength[0][3] ;
; 4.259   ; 0.894   ;    ;      ;        ;                   ; data path                                      ;
;   3.365 ;   0.000 ;    ; uTco ; 1      ; FF_X68_Y5_N4      ; zhao_input_rumble:u_rumble|pend_strength[0][3] ;
;   3.365 ;   0.000 ; FF ; CELL ; 1      ; FF_X68_Y5_N4      ; u_rumble|pend_strength[0][3]|q                 ;
;   3.903 ;   0.538 ; FF ; IC   ; 1      ; FF_X65_Y5_N8      ; u_rumble|duty[0][3]|asdata                     ;
;   4.259 ;   0.356 ; FF ; CELL ; 1      ; FF_X65_Y5_N8      ; zhao_input_rumble:u_rumble|duty[0][3]          ;
+---------+---------+----+------+--------+-------------------+------------------------------------------------+

+-----------------------------------------------------------------------------------------------------+
; Data Required Path                                                                                  ;
+---------+----------+----+------+--------+-------------------+---------------------------------------+
; Total   ; Incr     ; RF ; Type ; Fanout ; Location          ; Element                               ;
+---------+----------+----+------+--------+-------------------+---------------------------------------+
; 0.000   ; 0.000    ;    ;      ;        ;                   ; latch edge time                       ;
; 3.876   ; 3.876    ;    ;      ;        ;                   ; clock path                            ;
;   0.000 ;   0.000  ;    ;      ;        ;                   ; source latency                        ;
;   0.000 ;   0.000  ;    ;      ; 1      ; LABCELL_X45_Y1_N3 ; gpu_clk                               ;
;   2.911 ;   2.911  ; RR ; IC   ; 1      ; CLKCTRL_G5        ; gpu_clk~CLKENA0|inclk                 ;
;   3.209 ;   0.298  ; RR ; CELL ; 15028  ; CLKCTRL_G5        ; gpu_clk~CLKENA0|outclk                ;
;   5.501 ;   2.292  ; RR ; IC   ; 1      ; FF_X65_Y5_N8      ; u_rumble|duty[0][3]|clk               ;
;   6.079 ;   0.578  ; RR ; CELL ; 1      ; FF_X65_Y5_N8      ; zhao_input_rumble:u_rumble|duty[0][3] ;
;   3.876 ;   -2.203 ;    ;      ;        ;                   ; clock pessimism removed               ;
; 3.876   ; 0.000    ;    ;      ;        ;                   ; clock uncertainty                     ;
; 3.876   ; 0.000    ;    ; uTh  ; 1      ; FF_X65_Y5_N8      ; zhao_input_rumble:u_rumble|duty[0][3] ;
+---------+----------+----+------+--------+-------------------+---------------------------------------+

----------------------------
; Extra Fitter Information ;
----------------------------
HTML report is unavailable in plain text report export.


Path #68: Hold slack is 0.385 
===============================================================================
+-----------------------------------------------------------------------------------------------------------------------------+
; Path Summary                                                                                                                ;
+--------------------+--------------------------------------------------------------------------------------------------------+
; Property           ; Value                                                                                                  ;
+--------------------+--------------------------------------------------------------------------------------------------------+
; From Node          ; zhao_geom_bin_pipe:u_render_bin|zhao_raster_tile_pipe:u_pipe|zhao_raster_edgewalk:u_edgewalk|cy_r[16]  ;
; To Node            ; zhao_geom_bin_pipe:u_render_bin|zhao_raster_tile_pipe:u_pipe|zhao_raster_edgewalk:u_edgewalk|o0q_r[16] ;
; Launch Clock       ; gpu_clk                                                                                                ;
; Latch Clock        ; gpu_clk                                                                                                ;
; Data Arrival Time  ; 4.251                                                                                                  ;
; Data Required Time ; 3.866                                                                                                  ;
; Slack              ; 0.385                                                                                                  ;
+--------------------+--------------------------------------------------------------------------------------------------------+

+-----------------------------------------------------------------------------------+
; Statistics                                                                        ;
+------------------------+-------+-------+-------------+------------+-------+-------+
; Property               ; Value ; Count ; Total Delay ; % of Total ; Min   ; Max   ;
+------------------------+-------+-------+-------------+------------+-------+-------+
; Hold Relationship      ; 0.000 ;       ;             ;            ;       ;       ;
; Clock Skew             ; 0.484 ;       ;             ;            ;       ;       ;
; Data Delay             ; 0.869 ;       ;             ;            ;       ;       ;
; Number of Logic Levels ;       ; 1     ;             ;            ;       ;       ;
; Physical Delays        ;       ;       ;             ;            ;       ;       ;
;  Arrival Path          ;       ;       ;             ;            ;       ;       ;
;   Clock                ;       ;       ;             ;            ;       ;       ;
;    IC                  ;       ; 2     ; 2.618       ; 77         ; 0.734 ; 1.884 ;
;    Cell                ;       ; 2     ; 0.764       ; 23         ; 0.272 ; 0.492 ;
;   Data                 ;       ;       ;             ;            ;       ;       ;
;    IC                  ;       ; 2     ; 0.571       ; 66         ; 0.000 ; 0.571 ;
;    Cell                ;       ; 3     ; 0.298       ; 34         ; 0.000 ; 0.231 ;
;    uTco                ;       ; 1     ; 0.000       ; 0          ; 0.000 ; 0.000 ;
;  Required Path         ;       ;       ;             ;            ;       ;       ;
;   Clock                ;       ;       ;             ;            ;       ;       ;
;    IC                  ;       ; 2     ; 5.209       ; 86         ; 2.298 ; 2.911 ;
;    Cell                ;       ; 2     ; 0.860       ; 14         ; 0.298 ; 0.562 ;
+------------------------+-------+-------+-------------+------------+-------+-------+
Note: Negative delays are omitted from totals when calculating percentages

+-----------------------------------------------------------------------------------------------------------------------------------------------------------------------+
; Data Arrival Path                                                                                                                                                     ;
+---------+---------+----+------+--------+---------------------+--------------------------------------------------------------------------------------------------------+
; Total   ; Incr    ; RF ; Type ; Fanout ; Location            ; Element                                                                                                ;
+---------+---------+----+------+--------+---------------------+--------------------------------------------------------------------------------------------------------+
; 0.000   ; 0.000   ;    ;      ;        ;                     ; launch edge time                                                                                       ;
; 3.382   ; 3.382   ;    ;      ;        ;                     ; clock path                                                                                             ;
;   0.000 ;   0.000 ;    ;      ;        ;                     ; source latency                                                                                         ;
;   0.000 ;   0.000 ;    ;      ; 1      ; LABCELL_X45_Y1_N3   ; gpu_clk                                                                                                ;
;   0.734 ;   0.734 ; RR ; IC   ; 1      ; CLKCTRL_G5          ; gpu_clk~CLKENA0|inclk                                                                                  ;
;   1.006 ;   0.272 ; RR ; CELL ; 15028  ; CLKCTRL_G5          ; gpu_clk~CLKENA0|outclk                                                                                 ;
;   2.890 ;   1.884 ; RR ; IC   ; 1      ; FF_X25_Y47_N8       ; u_render_bin|u_pipe|u_edgewalk|cy_r[16]|clk                                                            ;
;   3.382 ;   0.492 ; RR ; CELL ; 1      ; FF_X25_Y47_N8       ; zhao_geom_bin_pipe:u_render_bin|zhao_raster_tile_pipe:u_pipe|zhao_raster_edgewalk:u_edgewalk|cy_r[16]  ;
; 4.251   ; 0.869   ;    ;      ;        ;                     ; data path                                                                                              ;
;   3.382 ;   0.000 ;    ; uTco ; 1      ; FF_X25_Y47_N8       ; zhao_geom_bin_pipe:u_render_bin|zhao_raster_tile_pipe:u_pipe|zhao_raster_edgewalk:u_edgewalk|cy_r[16]  ;
;   3.382 ;   0.000 ; FF ; CELL ; 8      ; FF_X25_Y47_N8       ; u_render_bin|u_pipe|u_edgewalk|cy_r[16]|q                                                              ;
;   3.953 ;   0.571 ; FF ; IC   ; 2      ; LABCELL_X22_Y47_N15 ; u_render_bin|u_pipe|u_edgewalk|Add116~61|datac                                                         ;
;   4.184 ;   0.231 ; FR ; CELL ; 1      ; LABCELL_X22_Y47_N15 ; u_render_bin|u_pipe|u_edgewalk|Add116~61|sumout                                                        ;
;   4.184 ;   0.000 ; RR ; IC   ; 1      ; FF_X22_Y47_N16      ; u_render_bin|u_pipe|u_edgewalk|o0q_r[16]|d                                                             ;
;   4.251 ;   0.067 ; RR ; CELL ; 1      ; FF_X22_Y47_N16      ; zhao_geom_bin_pipe:u_render_bin|zhao_raster_tile_pipe:u_pipe|zhao_raster_edgewalk:u_edgewalk|o0q_r[16] ;
+---------+---------+----+------+--------+---------------------+--------------------------------------------------------------------------------------------------------+

+----------------------------------------------------------------------------------------------------------------------------------------------------------------------+
; Data Required Path                                                                                                                                                   ;
+---------+----------+----+------+--------+-------------------+--------------------------------------------------------------------------------------------------------+
; Total   ; Incr     ; RF ; Type ; Fanout ; Location          ; Element                                                                                                ;
+---------+----------+----+------+--------+-------------------+--------------------------------------------------------------------------------------------------------+
; 0.000   ; 0.000    ;    ;      ;        ;                   ; latch edge time                                                                                        ;
; 3.866   ; 3.866    ;    ;      ;        ;                   ; clock path                                                                                             ;
;   0.000 ;   0.000  ;    ;      ;        ;                   ; source latency                                                                                         ;
;   0.000 ;   0.000  ;    ;      ; 1      ; LABCELL_X45_Y1_N3 ; gpu_clk                                                                                                ;
;   2.911 ;   2.911  ; RR ; IC   ; 1      ; CLKCTRL_G5        ; gpu_clk~CLKENA0|inclk                                                                                  ;
;   3.209 ;   0.298  ; RR ; CELL ; 15028  ; CLKCTRL_G5        ; gpu_clk~CLKENA0|outclk                                                                                 ;
;   5.507 ;   2.298  ; RR ; IC   ; 1      ; FF_X22_Y47_N16    ; u_render_bin|u_pipe|u_edgewalk|o0q_r[16]|clk                                                           ;
;   6.069 ;   0.562  ; RR ; CELL ; 1      ; FF_X22_Y47_N16    ; zhao_geom_bin_pipe:u_render_bin|zhao_raster_tile_pipe:u_pipe|zhao_raster_edgewalk:u_edgewalk|o0q_r[16] ;
;   3.866 ;   -2.203 ;    ;      ;        ;                   ; clock pessimism removed                                                                                ;
; 3.866   ; 0.000    ;    ;      ;        ;                   ; clock uncertainty                                                                                      ;
; 3.866   ; 0.000    ;    ; uTh  ; 1      ; FF_X22_Y47_N16    ; zhao_geom_bin_pipe:u_render_bin|zhao_raster_tile_pipe:u_pipe|zhao_raster_edgewalk:u_edgewalk|o0q_r[16] ;
+---------+----------+----+------+--------+-------------------+--------------------------------------------------------------------------------------------------------+

----------------------------
; Extra Fitter Information ;
----------------------------
HTML report is unavailable in plain text report export.


Path #69: Hold slack is 0.385 
===============================================================================
+-----------------------------------------------------------------------------------------------------------------------------+
; Path Summary                                                                                                                ;
+--------------------+--------------------------------------------------------------------------------------------------------+
; Property           ; Value                                                                                                  ;
+--------------------+--------------------------------------------------------------------------------------------------------+
; From Node          ; zhao_geom_bin_pipe:u_render_bin|zhao_raster_tile_pipe:u_pipe|zhao_raster_edgewalk:u_edgewalk|ax_r[14]  ;
; To Node            ; zhao_geom_bin_pipe:u_render_bin|zhao_raster_tile_pipe:u_pipe|zhao_raster_edgewalk:u_edgewalk|o1p_r[14] ;
; Launch Clock       ; gpu_clk                                                                                                ;
; Latch Clock        ; gpu_clk                                                                                                ;
; Data Arrival Time  ; 4.285                                                                                                  ;
; Data Required Time ; 3.900                                                                                                  ;
; Slack              ; 0.385                                                                                                  ;
+--------------------+--------------------------------------------------------------------------------------------------------+

+-----------------------------------------------------------------------------------+
; Statistics                                                                        ;
+------------------------+-------+-------+-------------+------------+-------+-------+
; Property               ; Value ; Count ; Total Delay ; % of Total ; Min   ; Max   ;
+------------------------+-------+-------+-------------+------------+-------+-------+
; Hold Relationship      ; 0.000 ;       ;             ;            ;       ;       ;
; Clock Skew             ; 0.512 ;       ;             ;            ;       ;       ;
; Data Delay             ; 0.897 ;       ;             ;            ;       ;       ;
; Number of Logic Levels ;       ; 1     ;             ;            ;       ;       ;
; Physical Delays        ;       ;       ;             ;            ;       ;       ;
;  Arrival Path          ;       ;       ;             ;            ;       ;       ;
;   Clock                ;       ;       ;             ;            ;       ;       ;
;    IC                  ;       ; 2     ; 2.618       ; 77         ; 0.734 ; 1.884 ;
;    Cell                ;       ; 2     ; 0.770       ; 23         ; 0.272 ; 0.498 ;
;   Data                 ;       ;       ;             ;            ;       ;       ;
;    IC                  ;       ; 2     ; 0.768       ; 86         ; 0.000 ; 0.768 ;
;    Cell                ;       ; 3     ; 0.129       ; 14         ; 0.000 ; 0.067 ;
;    uTco                ;       ; 1     ; 0.000       ; 0          ; 0.000 ; 0.000 ;
;  Required Path         ;       ;       ;             ;            ;       ;       ;
;   Clock                ;       ;       ;             ;            ;       ;       ;
;    IC                  ;       ; 2     ; 5.229       ; 86         ; 2.318 ; 2.911 ;
;    Cell                ;       ; 2     ; 0.874       ; 14         ; 0.298 ; 0.576 ;
+------------------------+-------+-------+-------------+------------+-------+-------+
Note: Negative delays are omitted from totals when calculating percentages

+-----------------------------------------------------------------------------------------------------------------------------------------------------------------------+
; Data Arrival Path                                                                                                                                                     ;
+---------+---------+----+------+--------+---------------------+--------------------------------------------------------------------------------------------------------+
; Total   ; Incr    ; RF ; Type ; Fanout ; Location            ; Element                                                                                                ;
+---------+---------+----+------+--------+---------------------+--------------------------------------------------------------------------------------------------------+
; 0.000   ; 0.000   ;    ;      ;        ;                     ; launch edge time                                                                                       ;
; 3.388   ; 3.388   ;    ;      ;        ;                     ; clock path                                                                                             ;
;   0.000 ;   0.000 ;    ;      ;        ;                     ; source latency                                                                                         ;
;   0.000 ;   0.000 ;    ;      ; 1      ; LABCELL_X45_Y1_N3   ; gpu_clk                                                                                                ;
;   0.734 ;   0.734 ; RR ; IC   ; 1      ; CLKCTRL_G5          ; gpu_clk~CLKENA0|inclk                                                                                  ;
;   1.006 ;   0.272 ; RR ; CELL ; 15028  ; CLKCTRL_G5          ; gpu_clk~CLKENA0|outclk                                                                                 ;
;   2.890 ;   1.884 ; RR ; IC   ; 1      ; FF_X23_Y45_N20      ; u_render_bin|u_pipe|u_edgewalk|ax_r[14]|clk                                                            ;
;   3.388 ;   0.498 ; RR ; CELL ; 1      ; FF_X23_Y45_N20      ; zhao_geom_bin_pipe:u_render_bin|zhao_raster_tile_pipe:u_pipe|zhao_raster_edgewalk:u_edgewalk|ax_r[14]  ;
; 4.285   ; 0.897   ;    ;      ;        ;                     ; data path                                                                                              ;
;   3.388 ;   0.000 ;    ; uTco ; 1      ; FF_X23_Y45_N20      ; zhao_geom_bin_pipe:u_render_bin|zhao_raster_tile_pipe:u_pipe|zhao_raster_edgewalk:u_edgewalk|ax_r[14]  ;
;   3.388 ;   0.000 ; RR ; CELL ; 9      ; FF_X23_Y45_N20      ; u_render_bin|u_pipe|u_edgewalk|ax_r[14]|q                                                              ;
;   4.156 ;   0.768 ; RR ; IC   ; 2      ; MLABCELL_X28_Y45_N9 ; u_render_bin|u_pipe|u_edgewalk|Add112~45|dataf                                                         ;
;   4.223 ;   0.067 ; RR ; CELL ; 1      ; MLABCELL_X28_Y45_N9 ; u_render_bin|u_pipe|u_edgewalk|Add112~45|sumout                                                        ;
;   4.223 ;   0.000 ; RR ; IC   ; 1      ; FF_X28_Y45_N11      ; u_render_bin|u_pipe|u_edgewalk|o1p_r[14]|d                                                             ;
;   4.285 ;   0.062 ; RR ; CELL ; 1      ; FF_X28_Y45_N11      ; zhao_geom_bin_pipe:u_render_bin|zhao_raster_tile_pipe:u_pipe|zhao_raster_edgewalk:u_edgewalk|o1p_r[14] ;
+---------+---------+----+------+--------+---------------------+--------------------------------------------------------------------------------------------------------+

+----------------------------------------------------------------------------------------------------------------------------------------------------------------------+
; Data Required Path                                                                                                                                                   ;
+---------+----------+----+------+--------+-------------------+--------------------------------------------------------------------------------------------------------+
; Total   ; Incr     ; RF ; Type ; Fanout ; Location          ; Element                                                                                                ;
+---------+----------+----+------+--------+-------------------+--------------------------------------------------------------------------------------------------------+
; 0.000   ; 0.000    ;    ;      ;        ;                   ; latch edge time                                                                                        ;
; 3.900   ; 3.900    ;    ;      ;        ;                   ; clock path                                                                                             ;
;   0.000 ;   0.000  ;    ;      ;        ;                   ; source latency                                                                                         ;
;   0.000 ;   0.000  ;    ;      ; 1      ; LABCELL_X45_Y1_N3 ; gpu_clk                                                                                                ;
;   2.911 ;   2.911  ; RR ; IC   ; 1      ; CLKCTRL_G5        ; gpu_clk~CLKENA0|inclk                                                                                  ;
;   3.209 ;   0.298  ; RR ; CELL ; 15028  ; CLKCTRL_G5        ; gpu_clk~CLKENA0|outclk                                                                                 ;
;   5.527 ;   2.318  ; RR ; IC   ; 1      ; FF_X28_Y45_N11    ; u_render_bin|u_pipe|u_edgewalk|o1p_r[14]|clk                                                           ;
;   6.103 ;   0.576  ; RR ; CELL ; 1      ; FF_X28_Y45_N11    ; zhao_geom_bin_pipe:u_render_bin|zhao_raster_tile_pipe:u_pipe|zhao_raster_edgewalk:u_edgewalk|o1p_r[14] ;
;   3.900 ;   -2.203 ;    ;      ;        ;                   ; clock pessimism removed                                                                                ;
; 3.900   ; 0.000    ;    ;      ;        ;                   ; clock uncertainty                                                                                      ;
; 3.900   ; 0.000    ;    ; uTh  ; 1      ; FF_X28_Y45_N11    ; zhao_geom_bin_pipe:u_render_bin|zhao_raster_tile_pipe:u_pipe|zhao_raster_edgewalk:u_edgewalk|o1p_r[14] ;
+---------+----------+----+------+--------+-------------------+--------------------------------------------------------------------------------------------------------+

----------------------------
; Extra Fitter Information ;
----------------------------
HTML report is unavailable in plain text report export.


Path #70: Hold slack is 0.385 
===============================================================================
+----------------------------------------------------------------------------------------------------------------------------+
; Path Summary                                                                                                               ;
+--------------------+-------------------------------------------------------------------------------------------------------+
; Property           ; Value                                                                                                 ;
+--------------------+-------------------------------------------------------------------------------------------------------+
; From Node          ; zhao_geom_bin_pipe:u_render_bin|zhao_raster_tile_pipe:u_pipe|zhao_raster_edgewalk:u_edgewalk|bx_r[2]  ;
; To Node            ; zhao_geom_bin_pipe:u_render_bin|zhao_raster_tile_pipe:u_pipe|zhao_raster_edgewalk:u_edgewalk|o0v_r[2] ;
; Launch Clock       ; gpu_clk                                                                                               ;
; Latch Clock        ; gpu_clk                                                                                               ;
; Data Arrival Time  ; 4.274                                                                                                 ;
; Data Required Time ; 3.889                                                                                                 ;
; Slack              ; 0.385                                                                                                 ;
+--------------------+-------------------------------------------------------------------------------------------------------+

+-----------------------------------------------------------------------------------+
; Statistics                                                                        ;
+------------------------+-------+-------+-------------+------------+-------+-------+
; Property               ; Value ; Count ; Total Delay ; % of Total ; Min   ; Max   ;
+------------------------+-------+-------+-------------+------------+-------+-------+
; Hold Relationship      ; 0.000 ;       ;             ;            ;       ;       ;
; Clock Skew             ; 0.508 ;       ;             ;            ;       ;       ;
; Data Delay             ; 0.893 ;       ;             ;            ;       ;       ;
; Number of Logic Levels ;       ; 1     ;             ;            ;       ;       ;
; Physical Delays        ;       ;       ;             ;            ;       ;       ;
;  Arrival Path          ;       ;       ;             ;            ;       ;       ;
;   Clock                ;       ;       ;             ;            ;       ;       ;
;    IC                  ;       ; 2     ; 2.618       ; 77         ; 0.734 ; 1.884 ;
;    Cell                ;       ; 2     ; 0.763       ; 23         ; 0.272 ; 0.491 ;
;   Data                 ;       ;       ;             ;            ;       ;       ;
;    IC                  ;       ; 2     ; 0.757       ; 85         ; 0.000 ; 0.757 ;
;    Cell                ;       ; 3     ; 0.136       ; 15         ; 0.000 ; 0.069 ;
;    uTco                ;       ; 1     ; 0.000       ; 0          ; 0.000 ; 0.000 ;
;  Required Path         ;       ;       ;             ;            ;       ;       ;
;   Clock                ;       ;       ;             ;            ;       ;       ;
;    IC                  ;       ; 2     ; 5.215       ; 86         ; 2.304 ; 2.911 ;
;    Cell                ;       ; 2     ; 0.877       ; 14         ; 0.298 ; 0.579 ;
+------------------------+-------+-------+-------------+------------+-------+-------+
Note: Negative delays are omitted from totals when calculating percentages

+----------------------------------------------------------------------------------------------------------------------------------------------------------------------+
; Data Arrival Path                                                                                                                                                    ;
+---------+---------+----+------+--------+---------------------+-------------------------------------------------------------------------------------------------------+
; Total   ; Incr    ; RF ; Type ; Fanout ; Location            ; Element                                                                                               ;
+---------+---------+----+------+--------+---------------------+-------------------------------------------------------------------------------------------------------+
; 0.000   ; 0.000   ;    ;      ;        ;                     ; launch edge time                                                                                      ;
; 3.381   ; 3.381   ;    ;      ;        ;                     ; clock path                                                                                            ;
;   0.000 ;   0.000 ;    ;      ;        ;                     ; source latency                                                                                        ;
;   0.000 ;   0.000 ;    ;      ; 1      ; LABCELL_X45_Y1_N3   ; gpu_clk                                                                                               ;
;   0.734 ;   0.734 ; RR ; IC   ; 1      ; CLKCTRL_G5          ; gpu_clk~CLKENA0|inclk                                                                                 ;
;   1.006 ;   0.272 ; RR ; CELL ; 15028  ; CLKCTRL_G5          ; gpu_clk~CLKENA0|outclk                                                                                ;
;   2.890 ;   1.884 ; RR ; IC   ; 1      ; FF_X23_Y44_N35      ; u_render_bin|u_pipe|u_edgewalk|bx_r[2]|clk                                                            ;
;   3.381 ;   0.491 ; RR ; CELL ; 1      ; FF_X23_Y44_N35      ; zhao_geom_bin_pipe:u_render_bin|zhao_raster_tile_pipe:u_pipe|zhao_raster_edgewalk:u_edgewalk|bx_r[2]  ;
; 4.274   ; 0.893   ;    ;      ;        ;                     ; data path                                                                                             ;
;   3.381 ;   0.000 ;    ; uTco ; 1      ; FF_X23_Y44_N35      ; zhao_geom_bin_pipe:u_render_bin|zhao_raster_tile_pipe:u_pipe|zhao_raster_edgewalk:u_edgewalk|bx_r[2]  ;
;   3.381 ;   0.000 ; RR ; CELL ; 8      ; FF_X23_Y44_N35      ; u_render_bin|u_pipe|u_edgewalk|bx_r[2]|q                                                              ;
;   4.138 ;   0.757 ; RR ; IC   ; 2      ; LABCELL_X27_Y44_N33 ; u_render_bin|u_pipe|u_edgewalk|Add117~5|dataf                                                         ;
;   4.205 ;   0.067 ; RR ; CELL ; 1      ; LABCELL_X27_Y44_N33 ; u_render_bin|u_pipe|u_edgewalk|Add117~5|sumout                                                        ;
;   4.205 ;   0.000 ; RR ; IC   ; 1      ; FF_X27_Y44_N35      ; u_render_bin|u_pipe|u_edgewalk|o0v_r[2]|d                                                             ;
;   4.274 ;   0.069 ; RR ; CELL ; 1      ; FF_X27_Y44_N35      ; zhao_geom_bin_pipe:u_render_bin|zhao_raster_tile_pipe:u_pipe|zhao_raster_edgewalk:u_edgewalk|o0v_r[2] ;
+---------+---------+----+------+--------+---------------------+-------------------------------------------------------------------------------------------------------+

+---------------------------------------------------------------------------------------------------------------------------------------------------------------------+
; Data Required Path                                                                                                                                                  ;
+---------+----------+----+------+--------+-------------------+-------------------------------------------------------------------------------------------------------+
; Total   ; Incr     ; RF ; Type ; Fanout ; Location          ; Element                                                                                               ;
+---------+----------+----+------+--------+-------------------+-------------------------------------------------------------------------------------------------------+
; 0.000   ; 0.000    ;    ;      ;        ;                   ; latch edge time                                                                                       ;
; 3.889   ; 3.889    ;    ;      ;        ;                   ; clock path                                                                                            ;
;   0.000 ;   0.000  ;    ;      ;        ;                   ; source latency                                                                                        ;
;   0.000 ;   0.000  ;    ;      ; 1      ; LABCELL_X45_Y1_N3 ; gpu_clk                                                                                               ;
;   2.911 ;   2.911  ; RR ; IC   ; 1      ; CLKCTRL_G5        ; gpu_clk~CLKENA0|inclk                                                                                 ;
;   3.209 ;   0.298  ; RR ; CELL ; 15028  ; CLKCTRL_G5        ; gpu_clk~CLKENA0|outclk                                                                                ;
;   5.513 ;   2.304  ; RR ; IC   ; 1      ; FF_X27_Y44_N35    ; u_render_bin|u_pipe|u_edgewalk|o0v_r[2]|clk                                                           ;
;   6.092 ;   0.579  ; RR ; CELL ; 1      ; FF_X27_Y44_N35    ; zhao_geom_bin_pipe:u_render_bin|zhao_raster_tile_pipe:u_pipe|zhao_raster_edgewalk:u_edgewalk|o0v_r[2] ;
;   3.889 ;   -2.203 ;    ;      ;        ;                   ; clock pessimism removed                                                                               ;
; 3.889   ; 0.000    ;    ;      ;        ;                   ; clock uncertainty                                                                                     ;
; 3.889   ; 0.000    ;    ; uTh  ; 1      ; FF_X27_Y44_N35    ; zhao_geom_bin_pipe:u_render_bin|zhao_raster_tile_pipe:u_pipe|zhao_raster_edgewalk:u_edgewalk|o0v_r[2] ;
+---------+----------+----+------+--------+-------------------+-------------------------------------------------------------------------------------------------------+

----------------------------
; Extra Fitter Information ;
----------------------------
HTML report is unavailable in plain text report export.


Path #71: Hold slack is 0.386 
===============================================================================
+--------------------------------------------------------------+
; Path Summary                                                 ;
+--------------------+-----------------------------------------+
; Property           ; Value                                   ;
+--------------------+-----------------------------------------+
; From Node          ; zhao_cmd_scheduler:u_sched|fetch_len[5] ;
; To Node            ; zhao_cmd_dma:u_dma|f_len[5]             ;
; Launch Clock       ; gpu_clk                                 ;
; Latch Clock        ; gpu_clk                                 ;
; Data Arrival Time  ; 4.207                                   ;
; Data Required Time ; 3.821                                   ;
; Slack              ; 0.386                                   ;
+--------------------+-----------------------------------------+

+-----------------------------------------------------------------------------------+
; Statistics                                                                        ;
+------------------------+-------+-------+-------------+------------+-------+-------+
; Property               ; Value ; Count ; Total Delay ; % of Total ; Min   ; Max   ;
+------------------------+-------+-------+-------------+------------+-------+-------+
; Hold Relationship      ; 0.000 ;       ;             ;            ;       ;       ;
; Clock Skew             ; 0.483 ;       ;             ;            ;       ;       ;
; Data Delay             ; 0.869 ;       ;             ;            ;       ;       ;
; Number of Logic Levels ;       ; 1     ;             ;            ;       ;       ;
; Physical Delays        ;       ;       ;             ;            ;       ;       ;
;  Arrival Path          ;       ;       ;             ;            ;       ;       ;
;   Clock                ;       ;       ;             ;            ;       ;       ;
;    IC                  ;       ; 2     ; 2.582       ; 77         ; 0.734 ; 1.848 ;
;    Cell                ;       ; 2     ; 0.756       ; 23         ; 0.272 ; 0.484 ;
;   Data                 ;       ;       ;             ;            ;       ;       ;
;    IC                  ;       ; 2     ; 0.748       ; 86         ; 0.000 ; 0.748 ;
;    Cell                ;       ; 3     ; 0.121       ; 14         ; 0.000 ; 0.067 ;
;    uTco                ;       ; 1     ; 0.000       ; 0          ; 0.000 ; 0.000 ;
;  Required Path         ;       ;       ;             ;            ;       ;       ;
;   Clock                ;       ;       ;             ;            ;       ;       ;
;    IC                  ;       ; 2     ; 5.157       ; 86         ; 2.246 ; 2.911 ;
;    Cell                ;       ; 2     ; 0.867       ; 14         ; 0.298 ; 0.569 ;
+------------------------+-------+-------+-------------+------------+-------+-------+
Note: Negative delays are omitted from totals when calculating percentages

+-------------------------------------------------------------------------------------------------------+
; Data Arrival Path                                                                                     ;
+---------+---------+----+------+--------+--------------------+-----------------------------------------+
; Total   ; Incr    ; RF ; Type ; Fanout ; Location           ; Element                                 ;
+---------+---------+----+------+--------+--------------------+-----------------------------------------+
; 0.000   ; 0.000   ;    ;      ;        ;                    ; launch edge time                        ;
; 3.338   ; 3.338   ;    ;      ;        ;                    ; clock path                              ;
;   0.000 ;   0.000 ;    ;      ;        ;                    ; source latency                          ;
;   0.000 ;   0.000 ;    ;      ; 1      ; LABCELL_X45_Y1_N3  ; gpu_clk                                 ;
;   0.734 ;   0.734 ; RR ; IC   ; 1      ; CLKCTRL_G5         ; gpu_clk~CLKENA0|inclk                   ;
;   1.006 ;   0.272 ; RR ; CELL ; 15028  ; CLKCTRL_G5         ; gpu_clk~CLKENA0|outclk                  ;
;   2.854 ;   1.848 ; RR ; IC   ; 1      ; FF_X61_Y23_N26     ; u_sched|fetch_len[5]|clk                ;
;   3.338 ;   0.484 ; RR ; CELL ; 1      ; FF_X61_Y23_N26     ; zhao_cmd_scheduler:u_sched|fetch_len[5] ;
; 4.207   ; 0.869   ;    ;      ;        ;                    ; data path                               ;
;   3.338 ;   0.000 ;    ; uTco ; 1      ; FF_X61_Y23_N26     ; zhao_cmd_scheduler:u_sched|fetch_len[5] ;
;   3.338 ;   0.000 ; RR ; CELL ; 2      ; FF_X61_Y23_N26     ; u_sched|fetch_len[5]|q                  ;
;   4.086 ;   0.748 ; RR ; IC   ; 1      ; LABCELL_X67_Y23_N0 ; u_dma|f_len[5]~feeder|dataf             ;
;   4.140 ;   0.054 ; RR ; CELL ; 1      ; LABCELL_X67_Y23_N0 ; u_dma|f_len[5]~feeder|combout           ;
;   4.140 ;   0.000 ; RR ; IC   ; 1      ; FF_X67_Y23_N1      ; u_dma|f_len[5]|d                        ;
;   4.207 ;   0.067 ; RR ; CELL ; 1      ; FF_X67_Y23_N1      ; zhao_cmd_dma:u_dma|f_len[5]             ;
+---------+---------+----+------+--------+--------------------+-----------------------------------------+

+-------------------------------------------------------------------------------------------+
; Data Required Path                                                                        ;
+---------+----------+----+------+--------+-------------------+-----------------------------+
; Total   ; Incr     ; RF ; Type ; Fanout ; Location          ; Element                     ;
+---------+----------+----+------+--------+-------------------+-----------------------------+
; 0.000   ; 0.000    ;    ;      ;        ;                   ; latch edge time             ;
; 3.821   ; 3.821    ;    ;      ;        ;                   ; clock path                  ;
;   0.000 ;   0.000  ;    ;      ;        ;                   ; source latency              ;
;   0.000 ;   0.000  ;    ;      ; 1      ; LABCELL_X45_Y1_N3 ; gpu_clk                     ;
;   2.911 ;   2.911  ; RR ; IC   ; 1      ; CLKCTRL_G5        ; gpu_clk~CLKENA0|inclk       ;
;   3.209 ;   0.298  ; RR ; CELL ; 15028  ; CLKCTRL_G5        ; gpu_clk~CLKENA0|outclk      ;
;   5.455 ;   2.246  ; RR ; IC   ; 1      ; FF_X67_Y23_N1     ; u_dma|f_len[5]|clk          ;
;   6.024 ;   0.569  ; RR ; CELL ; 1      ; FF_X67_Y23_N1     ; zhao_cmd_dma:u_dma|f_len[5] ;
;   3.821 ;   -2.203 ;    ;      ;        ;                   ; clock pessimism removed     ;
; 3.821   ; 0.000    ;    ;      ;        ;                   ; clock uncertainty           ;
; 3.821   ; 0.000    ;    ; uTh  ; 1      ; FF_X67_Y23_N1     ; zhao_cmd_dma:u_dma|f_len[5] ;
+---------+----------+----+------+--------+-------------------+-----------------------------+

----------------------------
; Extra Fitter Information ;
----------------------------
HTML report is unavailable in plain text report export.


Path #72: Hold slack is 0.388 
===============================================================================
+-------------------------------------------------------------------------------------------------------------------------------+
; Path Summary                                                                                                                  ;
+--------------------+----------------------------------------------------------------------------------------------------------+
; Property           ; Value                                                                                                    ;
+--------------------+----------------------------------------------------------------------------------------------------------+
; From Node          ; zhao_geom_bin_pipe:u_render_bin|zhao_raster_tile_pipe:u_pipe|zhao_raster_earlyz:u_earlyz|out_state_r[15] ;
; To Node            ; zhao_geom_bin_pipe:u_render_bin|zhao_raster_tile_pipe:u_pipe|zhao_skid2:u_cand_skid|mem[1][119]          ;
; Launch Clock       ; gpu_clk                                                                                                  ;
; Latch Clock        ; gpu_clk                                                                                                  ;
; Data Arrival Time  ; 4.293                                                                                                    ;
; Data Required Time ; 3.905                                                                                                    ;
; Slack              ; 0.388                                                                                                    ;
+--------------------+----------------------------------------------------------------------------------------------------------+

+-----------------------------------------------------------------------------------+
; Statistics                                                                        ;
+------------------------+-------+-------+-------------+------------+-------+-------+
; Property               ; Value ; Count ; Total Delay ; % of Total ; Min   ; Max   ;
+------------------------+-------+-------+-------------+------------+-------+-------+
; Hold Relationship      ; 0.000 ;       ;             ;            ;       ;       ;
; Clock Skew             ; 0.525 ;       ;             ;            ;       ;       ;
; Data Delay             ; 0.913 ;       ;             ;            ;       ;       ;
; Number of Logic Levels ;       ; 0     ;             ;            ;       ;       ;
; Physical Delays        ;       ;       ;             ;            ;       ;       ;
;  Arrival Path          ;       ;       ;             ;            ;       ;       ;
;   Clock                ;       ;       ;             ;            ;       ;       ;
;    IC                  ;       ; 2     ; 2.620       ; 78         ; 0.734 ; 1.886 ;
;    Cell                ;       ; 2     ; 0.760       ; 22         ; 0.272 ; 0.488 ;
;   Data                 ;       ;       ;             ;            ;       ;       ;
;    IC                  ;       ; 1     ; 0.625       ; 68         ; 0.625 ; 0.625 ;
;    Cell                ;       ; 2     ; 0.288       ; 32         ; 0.000 ; 0.288 ;
;    uTco                ;       ; 1     ; 0.000       ; 0          ; 0.000 ; 0.000 ;
;  Required Path         ;       ;       ;             ;            ;       ;       ;
;   Clock                ;       ;       ;             ;            ;       ;       ;
;    IC                  ;       ; 2     ; 5.220       ; 85         ; 2.309 ; 2.911 ;
;    Cell                ;       ; 2     ; 0.888       ; 15         ; 0.298 ; 0.590 ;
+------------------------+-------+-------+-------------+------------+-------+-------+
Note: Negative delays are omitted from totals when calculating percentages

+-----------------------------------------------------------------------------------------------------------------------------------------------------------------------+
; Data Arrival Path                                                                                                                                                     ;
+---------+---------+----+------+--------+-------------------+----------------------------------------------------------------------------------------------------------+
; Total   ; Incr    ; RF ; Type ; Fanout ; Location          ; Element                                                                                                  ;
+---------+---------+----+------+--------+-------------------+----------------------------------------------------------------------------------------------------------+
; 0.000   ; 0.000   ;    ;      ;        ;                   ; launch edge time                                                                                         ;
; 3.380   ; 3.380   ;    ;      ;        ;                   ; clock path                                                                                               ;
;   0.000 ;   0.000 ;    ;      ;        ;                   ; source latency                                                                                           ;
;   0.000 ;   0.000 ;    ;      ; 1      ; LABCELL_X45_Y1_N3 ; gpu_clk                                                                                                  ;
;   0.734 ;   0.734 ; RR ; IC   ; 1      ; CLKCTRL_G5        ; gpu_clk~CLKENA0|inclk                                                                                    ;
;   1.006 ;   0.272 ; RR ; CELL ; 15028  ; CLKCTRL_G5        ; gpu_clk~CLKENA0|outclk                                                                                   ;
;   2.892 ;   1.886 ; RR ; IC   ; 1      ; FF_X19_Y38_N59    ; u_render_bin|u_pipe|u_earlyz|out_state_r[15]|clk                                                         ;
;   3.380 ;   0.488 ; RR ; CELL ; 1      ; FF_X19_Y38_N59    ; zhao_geom_bin_pipe:u_render_bin|zhao_raster_tile_pipe:u_pipe|zhao_raster_earlyz:u_earlyz|out_state_r[15] ;
; 4.293   ; 0.913   ;    ;      ;        ;                   ; data path                                                                                                ;
;   3.380 ;   0.000 ;    ; uTco ; 1      ; FF_X19_Y38_N59    ; zhao_geom_bin_pipe:u_render_bin|zhao_raster_tile_pipe:u_pipe|zhao_raster_earlyz:u_earlyz|out_state_r[15] ;
;   3.380 ;   0.000 ; RR ; CELL ; 2      ; FF_X19_Y38_N59    ; u_render_bin|u_pipe|u_earlyz|out_state_r[15]|q                                                           ;
;   4.005 ;   0.625 ; RR ; IC   ; 1      ; FF_X25_Y38_N23    ; u_render_bin|u_pipe|u_cand_skid|mem[1][119]|asdata                                                       ;
;   4.293 ;   0.288 ; RR ; CELL ; 1      ; FF_X25_Y38_N23    ; zhao_geom_bin_pipe:u_render_bin|zhao_raster_tile_pipe:u_pipe|zhao_skid2:u_cand_skid|mem[1][119]          ;
+---------+---------+----+------+--------+-------------------+----------------------------------------------------------------------------------------------------------+

+---------------------------------------------------------------------------------------------------------------------------------------------------------------+
; Data Required Path                                                                                                                                            ;
+---------+----------+----+------+--------+-------------------+-------------------------------------------------------------------------------------------------+
; Total   ; Incr     ; RF ; Type ; Fanout ; Location          ; Element                                                                                         ;
+---------+----------+----+------+--------+-------------------+-------------------------------------------------------------------------------------------------+
; 0.000   ; 0.000    ;    ;      ;        ;                   ; latch edge time                                                                                 ;
; 3.905   ; 3.905    ;    ;      ;        ;                   ; clock path                                                                                      ;
;   0.000 ;   0.000  ;    ;      ;        ;                   ; source latency                                                                                  ;
;   0.000 ;   0.000  ;    ;      ; 1      ; LABCELL_X45_Y1_N3 ; gpu_clk                                                                                         ;
;   2.911 ;   2.911  ; RR ; IC   ; 1      ; CLKCTRL_G5        ; gpu_clk~CLKENA0|inclk                                                                           ;
;   3.209 ;   0.298  ; RR ; CELL ; 15028  ; CLKCTRL_G5        ; gpu_clk~CLKENA0|outclk                                                                          ;
;   5.518 ;   2.309  ; RR ; IC   ; 1      ; FF_X25_Y38_N23    ; u_render_bin|u_pipe|u_cand_skid|mem[1][119]|clk                                                 ;
;   6.108 ;   0.590  ; RR ; CELL ; 1      ; FF_X25_Y38_N23    ; zhao_geom_bin_pipe:u_render_bin|zhao_raster_tile_pipe:u_pipe|zhao_skid2:u_cand_skid|mem[1][119] ;
;   3.905 ;   -2.203 ;    ;      ;        ;                   ; clock pessimism removed                                                                         ;
; 3.905   ; 0.000    ;    ;      ;        ;                   ; clock uncertainty                                                                               ;
; 3.905   ; 0.000    ;    ; uTh  ; 1      ; FF_X25_Y38_N23    ; zhao_geom_bin_pipe:u_render_bin|zhao_raster_tile_pipe:u_pipe|zhao_skid2:u_cand_skid|mem[1][119] ;
+---------+----------+----+------+--------+-------------------+-------------------------------------------------------------------------------------------------+

----------------------------
; Extra Fitter Information ;
----------------------------
HTML report is unavailable in plain text report export.


Path #73: Hold slack is 0.388 
===============================================================================
+------------------------------------------------------------------------------------------------------------------------------+
; Path Summary                                                                                                                 ;
+--------------------+---------------------------------------------------------------------------------------------------------+
; Property           ; Value                                                                                                   ;
+--------------------+---------------------------------------------------------------------------------------------------------+
; From Node          ; zhao_geom_bin_pipe:u_render_bin|zhao_raster_tile_pipe:u_pipe|zhao_raster_earlyz:u_earlyz|out_state_r[7] ;
; To Node            ; zhao_geom_bin_pipe:u_render_bin|zhao_raster_tile_pipe:u_pipe|zhao_skid2:u_cand_skid|mem[1][111]         ;
; Launch Clock       ; gpu_clk                                                                                                 ;
; Latch Clock        ; gpu_clk                                                                                                 ;
; Data Arrival Time  ; 4.284                                                                                                   ;
; Data Required Time ; 3.896                                                                                                   ;
; Slack              ; 0.388                                                                                                   ;
+--------------------+---------------------------------------------------------------------------------------------------------+

+-----------------------------------------------------------------------------------+
; Statistics                                                                        ;
+------------------------+-------+-------+-------------+------------+-------+-------+
; Property               ; Value ; Count ; Total Delay ; % of Total ; Min   ; Max   ;
+------------------------+-------+-------+-------------+------------+-------+-------+
; Hold Relationship      ; 0.000 ;       ;             ;            ;       ;       ;
; Clock Skew             ; 0.550 ;       ;             ;            ;       ;       ;
; Data Delay             ; 0.938 ;       ;             ;            ;       ;       ;
; Number of Logic Levels ;       ; 1     ;             ;            ;       ;       ;
; Physical Delays        ;       ;       ;             ;            ;       ;       ;
;  Arrival Path          ;       ;       ;             ;            ;       ;       ;
;   Clock                ;       ;       ;             ;            ;       ;       ;
;    IC                  ;       ; 2     ; 2.584       ; 77         ; 0.734 ; 1.850 ;
;    Cell                ;       ; 2     ; 0.762       ; 23         ; 0.272 ; 0.490 ;
;   Data                 ;       ;       ;             ;            ;       ;       ;
;    IC                  ;       ; 2     ; 0.817       ; 87         ; 0.000 ; 0.817 ;
;    Cell                ;       ; 3     ; 0.121       ; 13         ; 0.000 ; 0.067 ;
;    uTco                ;       ; 1     ; 0.000       ; 0          ; 0.000 ; 0.000 ;
;  Required Path         ;       ;       ;             ;            ;       ;       ;
;   Clock                ;       ;       ;             ;            ;       ;       ;
;    IC                  ;       ; 2     ; 5.213       ; 85         ; 2.302 ; 2.911 ;
;    Cell                ;       ; 2     ; 0.886       ; 15         ; 0.298 ; 0.588 ;
+------------------------+-------+-------+-------------+------------+-------+-------+
Note: Negative delays are omitted from totals when calculating percentages

+-------------------------------------------------------------------------------------------------------------------------------------------------------------------------+
; Data Arrival Path                                                                                                                                                       ;
+---------+---------+----+------+--------+----------------------+---------------------------------------------------------------------------------------------------------+
; Total   ; Incr    ; RF ; Type ; Fanout ; Location             ; Element                                                                                                 ;
+---------+---------+----+------+--------+----------------------+---------------------------------------------------------------------------------------------------------+
; 0.000   ; 0.000   ;    ;      ;        ;                      ; launch edge time                                                                                        ;
; 3.346   ; 3.346   ;    ;      ;        ;                      ; clock path                                                                                              ;
;   0.000 ;   0.000 ;    ;      ;        ;                      ; source latency                                                                                          ;
;   0.000 ;   0.000 ;    ;      ; 1      ; LABCELL_X45_Y1_N3    ; gpu_clk                                                                                                 ;
;   0.734 ;   0.734 ; RR ; IC   ; 1      ; CLKCTRL_G5           ; gpu_clk~CLKENA0|inclk                                                                                   ;
;   1.006 ;   0.272 ; RR ; CELL ; 15028  ; CLKCTRL_G5           ; gpu_clk~CLKENA0|outclk                                                                                  ;
;   2.856 ;   1.850 ; RR ; IC   ; 1      ; FF_X25_Y36_N55       ; u_render_bin|u_pipe|u_earlyz|out_state_r[7]|clk                                                         ;
;   3.346 ;   0.490 ; RR ; CELL ; 1      ; FF_X25_Y36_N55       ; zhao_geom_bin_pipe:u_render_bin|zhao_raster_tile_pipe:u_pipe|zhao_raster_earlyz:u_earlyz|out_state_r[7] ;
; 4.284   ; 0.938   ;    ;      ;        ;                      ; data path                                                                                               ;
;   3.346 ;   0.000 ;    ; uTco ; 1      ; FF_X25_Y36_N55       ; zhao_geom_bin_pipe:u_render_bin|zhao_raster_tile_pipe:u_pipe|zhao_raster_earlyz:u_earlyz|out_state_r[7] ;
;   3.346 ;   0.000 ; RR ; CELL ; 2      ; FF_X25_Y36_N55       ; u_render_bin|u_pipe|u_earlyz|out_state_r[7]|q                                                           ;
;   4.163 ;   0.817 ; RR ; IC   ; 1      ; MLABCELL_X21_Y37_N24 ; u_render_bin|u_pipe|u_cand_skid|mem[1][111]~feeder|dataf                                                ;
;   4.217 ;   0.054 ; RR ; CELL ; 1      ; MLABCELL_X21_Y37_N24 ; u_render_bin|u_pipe|u_cand_skid|mem[1][111]~feeder|combout                                              ;
;   4.217 ;   0.000 ; RR ; IC   ; 1      ; FF_X21_Y37_N25       ; u_render_bin|u_pipe|u_cand_skid|mem[1][111]|d                                                           ;
;   4.284 ;   0.067 ; RR ; CELL ; 1      ; FF_X21_Y37_N25       ; zhao_geom_bin_pipe:u_render_bin|zhao_raster_tile_pipe:u_pipe|zhao_skid2:u_cand_skid|mem[1][111]         ;
+---------+---------+----+------+--------+----------------------+---------------------------------------------------------------------------------------------------------+

+---------------------------------------------------------------------------------------------------------------------------------------------------------------+
; Data Required Path                                                                                                                                            ;
+---------+----------+----+------+--------+-------------------+-------------------------------------------------------------------------------------------------+
; Total   ; Incr     ; RF ; Type ; Fanout ; Location          ; Element                                                                                         ;
+---------+----------+----+------+--------+-------------------+-------------------------------------------------------------------------------------------------+
; 0.000   ; 0.000    ;    ;      ;        ;                   ; latch edge time                                                                                 ;
; 3.896   ; 3.896    ;    ;      ;        ;                   ; clock path                                                                                      ;
;   0.000 ;   0.000  ;    ;      ;        ;                   ; source latency                                                                                  ;
;   0.000 ;   0.000  ;    ;      ; 1      ; LABCELL_X45_Y1_N3 ; gpu_clk                                                                                         ;
;   2.911 ;   2.911  ; RR ; IC   ; 1      ; CLKCTRL_G5        ; gpu_clk~CLKENA0|inclk                                                                           ;
;   3.209 ;   0.298  ; RR ; CELL ; 15028  ; CLKCTRL_G5        ; gpu_clk~CLKENA0|outclk                                                                          ;
;   5.511 ;   2.302  ; RR ; IC   ; 1      ; FF_X21_Y37_N25    ; u_render_bin|u_pipe|u_cand_skid|mem[1][111]|clk                                                 ;
;   6.099 ;   0.588  ; RR ; CELL ; 1      ; FF_X21_Y37_N25    ; zhao_geom_bin_pipe:u_render_bin|zhao_raster_tile_pipe:u_pipe|zhao_skid2:u_cand_skid|mem[1][111] ;
;   3.896 ;   -2.203 ;    ;      ;        ;                   ; clock pessimism removed                                                                         ;
; 3.896   ; 0.000    ;    ;      ;        ;                   ; clock uncertainty                                                                               ;
; 3.896   ; 0.000    ;    ; uTh  ; 1      ; FF_X21_Y37_N25    ; zhao_geom_bin_pipe:u_render_bin|zhao_raster_tile_pipe:u_pipe|zhao_skid2:u_cand_skid|mem[1][111] ;
+---------+----------+----+------+--------+-------------------+-------------------------------------------------------------------------------------------------+

----------------------------
; Extra Fitter Information ;
----------------------------
HTML report is unavailable in plain text report export.


Path #74: Hold slack is 0.388 
===============================================================================
+-----------------------------------------------------------------------+
; Path Summary                                                          ;
+--------------------+--------------------------------------------------+
; Property           ; Value                                            ;
+--------------------+--------------------------------------------------+
; From Node          ; zhao_mem_guard:u_guard_blit|guard_violations[19] ;
; To Node            ; zhao_mem_guard:u_guard_blit|guard_violations[22] ;
; Launch Clock       ; gpu_clk                                          ;
; Latch Clock        ; gpu_clk                                          ;
; Data Arrival Time  ; 4.312                                            ;
; Data Required Time ; 3.924                                            ;
; Slack              ; 0.388                                            ;
+--------------------+--------------------------------------------------+

+-----------------------------------------------------------------------------------+
; Statistics                                                                        ;
+------------------------+-------+-------+-------------+------------+-------+-------+
; Property               ; Value ; Count ; Total Delay ; % of Total ; Min   ; Max   ;
+------------------------+-------+-------+-------------+------------+-------+-------+
; Hold Relationship      ; 0.000 ;       ;             ;            ;       ;       ;
; Clock Skew             ; 0.587 ;       ;             ;            ;       ;       ;
; Data Delay             ; 0.975 ;       ;             ;            ;       ;       ;
; Number of Logic Levels ;       ; 1     ;             ;            ;       ;       ;
; Physical Delays        ;       ;       ;             ;            ;       ;       ;
;  Arrival Path          ;       ;       ;             ;            ;       ;       ;
;   Clock                ;       ;       ;             ;            ;       ;       ;
;    IC                  ;       ; 2     ; 2.584       ; 77         ; 0.734 ; 1.850 ;
;    Cell                ;       ; 2     ; 0.753       ; 23         ; 0.272 ; 0.481 ;
;   Data                 ;       ;       ;             ;            ;       ;       ;
;    IC                  ;       ; 5     ; 0.237       ; 24         ; 0.000 ; 0.237 ;
;    Cell                ;       ; 6     ; 0.738       ; 76         ; 0.000 ; 0.439 ;
;    uTco                ;       ; 1     ; 0.000       ; 0          ; 0.000 ; 0.000 ;
;  Required Path         ;       ;       ;             ;            ;       ;       ;
;   Clock                ;       ;       ;             ;            ;       ;       ;
;    IC                  ;       ; 2     ; 5.253       ; 86         ; 2.342 ; 2.911 ;
;    Cell                ;       ; 2     ; 0.874       ; 14         ; 0.298 ; 0.576 ;
+------------------------+-------+-------+-------------+------------+-------+-------+
Note: Negative delays are omitted from totals when calculating percentages

+------------------------------------------------------------------------------------------------------------------+
; Data Arrival Path                                                                                                ;
+---------+---------+----+------+--------+----------------------+--------------------------------------------------+
; Total   ; Incr    ; RF ; Type ; Fanout ; Location             ; Element                                          ;
+---------+---------+----+------+--------+----------------------+--------------------------------------------------+
; 0.000   ; 0.000   ;    ;      ;        ;                      ; launch edge time                                 ;
; 3.337   ; 3.337   ;    ;      ;        ;                      ; clock path                                       ;
;   0.000 ;   0.000 ;    ;      ;        ;                      ; source latency                                   ;
;   0.000 ;   0.000 ;    ;      ; 1      ; LABCELL_X45_Y1_N3    ; gpu_clk                                          ;
;   0.734 ;   0.734 ; RR ; IC   ; 1      ; CLKCTRL_G5           ; gpu_clk~CLKENA0|inclk                            ;
;   1.006 ;   0.272 ; RR ; CELL ; 15028  ; CLKCTRL_G5           ; gpu_clk~CLKENA0|outclk                           ;
;   2.856 ;   1.850 ; RR ; IC   ; 1      ; FF_X39_Y19_N56       ; u_guard_blit|guard_violations[19]|clk            ;
;   3.337 ;   0.481 ; RR ; CELL ; 1      ; FF_X39_Y19_N56       ; zhao_mem_guard:u_guard_blit|guard_violations[19] ;
; 4.312   ; 0.975   ;    ;      ;        ;                      ; data path                                        ;
;   3.337 ;   0.000 ;    ; uTco ; 1      ; FF_X39_Y19_N56       ; zhao_mem_guard:u_guard_blit|guard_violations[19] ;
;   3.337 ;   0.000 ; FF ; CELL ; 2      ; FF_X39_Y19_N56       ; u_guard_blit|guard_violations[19]|q              ;
;   3.574 ;   0.237 ; FF ; IC   ; 2      ; MLABCELL_X39_Y19_N54 ; u_guard_blit|Add2~73|datac                       ;
;   4.013 ;   0.439 ; FF ; CELL ; 1      ; MLABCELL_X39_Y19_N54 ; u_guard_blit|Add2~73|cout                        ;
;   4.013 ;   0.000 ; FF ; IC   ; 2      ; MLABCELL_X39_Y19_N57 ; u_guard_blit|Add2~77|cin                         ;
;   4.013 ;   0.000 ; FF ; CELL ; 1      ; MLABCELL_X39_Y19_N57 ; u_guard_blit|Add2~77|cout                        ;
;   4.013 ;   0.000 ; FF ; IC   ; 2      ; MLABCELL_X39_Y18_N0  ; u_guard_blit|Add2~81|cin                         ;
;   4.110 ;   0.097 ; FF ; CELL ; 1      ; MLABCELL_X39_Y18_N0  ; u_guard_blit|Add2~81|cout                        ;
;   4.110 ;   0.000 ; FF ; IC   ; 2      ; MLABCELL_X39_Y18_N3  ; u_guard_blit|Add2~85|cin                         ;
;   4.250 ;   0.140 ; FR ; CELL ; 1      ; MLABCELL_X39_Y18_N3  ; u_guard_blit|Add2~85|sumout                      ;
;   4.250 ;   0.000 ; RR ; IC   ; 1      ; FF_X39_Y18_N5        ; u_guard_blit|guard_violations[22]|d              ;
;   4.312 ;   0.062 ; RR ; CELL ; 1      ; FF_X39_Y18_N5        ; zhao_mem_guard:u_guard_blit|guard_violations[22] ;
+---------+---------+----+------+--------+----------------------+--------------------------------------------------+

+----------------------------------------------------------------------------------------------------------------+
; Data Required Path                                                                                             ;
+---------+----------+----+------+--------+-------------------+--------------------------------------------------+
; Total   ; Incr     ; RF ; Type ; Fanout ; Location          ; Element                                          ;
+---------+----------+----+------+--------+-------------------+--------------------------------------------------+
; 0.000   ; 0.000    ;    ;      ;        ;                   ; latch edge time                                  ;
; 3.924   ; 3.924    ;    ;      ;        ;                   ; clock path                                       ;
;   0.000 ;   0.000  ;    ;      ;        ;                   ; source latency                                   ;
;   0.000 ;   0.000  ;    ;      ; 1      ; LABCELL_X45_Y1_N3 ; gpu_clk                                          ;
;   2.911 ;   2.911  ; RR ; IC   ; 1      ; CLKCTRL_G5        ; gpu_clk~CLKENA0|inclk                            ;
;   3.209 ;   0.298  ; RR ; CELL ; 15028  ; CLKCTRL_G5        ; gpu_clk~CLKENA0|outclk                           ;
;   5.551 ;   2.342  ; RR ; IC   ; 1      ; FF_X39_Y18_N5     ; u_guard_blit|guard_violations[22]|clk            ;
;   6.127 ;   0.576  ; RR ; CELL ; 1      ; FF_X39_Y18_N5     ; zhao_mem_guard:u_guard_blit|guard_violations[22] ;
;   3.924 ;   -2.203 ;    ;      ;        ;                   ; clock pessimism removed                          ;
; 3.924   ; 0.000    ;    ;      ;        ;                   ; clock uncertainty                                ;
; 3.924   ; 0.000    ;    ; uTh  ; 1      ; FF_X39_Y18_N5     ; zhao_mem_guard:u_guard_blit|guard_violations[22] ;
+---------+----------+----+------+--------+-------------------+--------------------------------------------------+

----------------------------
; Extra Fitter Information ;
----------------------------
HTML report is unavailable in plain text report export.


Path #75: Hold slack is 0.389 
===============================================================================
+-----------------------------------------------------------------------------------------------------------------------------+
; Path Summary                                                                                                                ;
+--------------------+--------------------------------------------------------------------------------------------------------+
; Property           ; Value                                                                                                  ;
+--------------------+--------------------------------------------------------------------------------------------------------+
; From Node          ; zhao_geom_bin_pipe:u_render_bin|zhao_raster_tile_pipe:u_pipe|zhao_raster_edgewalk:u_edgewalk|px0_r[15] ;
; To Node            ; zhao_geom_bin_pipe:u_render_bin|zhao_raster_tile_pipe:u_pipe|zhao_raster_edgewalk:u_edgewalk|o0v_r[15] ;
; Launch Clock       ; gpu_clk                                                                                                ;
; Latch Clock        ; gpu_clk                                                                                                ;
; Data Arrival Time  ; 4.269                                                                                                  ;
; Data Required Time ; 3.880                                                                                                  ;
; Slack              ; 0.389                                                                                                  ;
+--------------------+--------------------------------------------------------------------------------------------------------+

+-----------------------------------------------------------------------------------+
; Statistics                                                                        ;
+------------------------+-------+-------+-------------+------------+-------+-------+
; Property               ; Value ; Count ; Total Delay ; % of Total ; Min   ; Max   ;
+------------------------+-------+-------+-------------+------------+-------+-------+
; Hold Relationship      ; 0.000 ;       ;             ;            ;       ;       ;
; Clock Skew             ; 0.487 ;       ;             ;            ;       ;       ;
; Data Delay             ; 0.876 ;       ;             ;            ;       ;       ;
; Number of Logic Levels ;       ; 1     ;             ;            ;       ;       ;
; Physical Delays        ;       ;       ;             ;            ;       ;       ;
;  Arrival Path          ;       ;       ;             ;            ;       ;       ;
;   Clock                ;       ;       ;             ;            ;       ;       ;
;    IC                  ;       ; 2     ; 2.619       ; 77         ; 0.734 ; 1.885 ;
;    Cell                ;       ; 2     ; 0.774       ; 23         ; 0.272 ; 0.502 ;
;   Data                 ;       ;       ;             ;            ;       ;       ;
;    IC                  ;       ; 2     ; 0.742       ; 85         ; 0.000 ; 0.742 ;
;    Cell                ;       ; 3     ; 0.134       ; 15         ; 0.000 ; 0.067 ;
;    uTco                ;       ; 1     ; 0.000       ; 0          ; 0.000 ; 0.000 ;
;  Required Path         ;       ;       ;             ;            ;       ;       ;
;   Clock                ;       ;       ;             ;            ;       ;       ;
;    IC                  ;       ; 2     ; 5.216       ; 86         ; 2.305 ; 2.911 ;
;    Cell                ;       ; 2     ; 0.867       ; 14         ; 0.298 ; 0.569 ;
+------------------------+-------+-------+-------------+------------+-------+-------+
Note: Negative delays are omitted from totals when calculating percentages

+-----------------------------------------------------------------------------------------------------------------------------------------------------------------------+
; Data Arrival Path                                                                                                                                                     ;
+---------+---------+----+------+--------+---------------------+--------------------------------------------------------------------------------------------------------+
; Total   ; Incr    ; RF ; Type ; Fanout ; Location            ; Element                                                                                                ;
+---------+---------+----+------+--------+---------------------+--------------------------------------------------------------------------------------------------------+
; 0.000   ; 0.000   ;    ;      ;        ;                     ; launch edge time                                                                                       ;
; 3.393   ; 3.393   ;    ;      ;        ;                     ; clock path                                                                                             ;
;   0.000 ;   0.000 ;    ;      ;        ;                     ; source latency                                                                                         ;
;   0.000 ;   0.000 ;    ;      ; 1      ; LABCELL_X45_Y1_N3   ; gpu_clk                                                                                                ;
;   0.734 ;   0.734 ; RR ; IC   ; 1      ; CLKCTRL_G5          ; gpu_clk~CLKENA0|inclk                                                                                  ;
;   1.006 ;   0.272 ; RR ; CELL ; 15028  ; CLKCTRL_G5          ; gpu_clk~CLKENA0|outclk                                                                                 ;
;   2.891 ;   1.885 ; RR ; IC   ; 1      ; FF_X24_Y43_N22      ; u_render_bin|u_pipe|u_edgewalk|px0_r[15]|clk                                                           ;
;   3.393 ;   0.502 ; RR ; CELL ; 1      ; FF_X24_Y43_N22      ; zhao_geom_bin_pipe:u_render_bin|zhao_raster_tile_pipe:u_pipe|zhao_raster_edgewalk:u_edgewalk|px0_r[15] ;
; 4.269   ; 0.876   ;    ;      ;        ;                     ; data path                                                                                              ;
;   3.393 ;   0.000 ;    ; uTco ; 1      ; FF_X24_Y43_N22      ; zhao_geom_bin_pipe:u_render_bin|zhao_raster_tile_pipe:u_pipe|zhao_raster_edgewalk:u_edgewalk|px0_r[15] ;
;   3.393 ;   0.000 ; RR ; CELL ; 3      ; FF_X24_Y43_N22      ; u_render_bin|u_pipe|u_edgewalk|px0_r[15]|q                                                             ;
;   4.135 ;   0.742 ; RR ; IC   ; 2      ; LABCELL_X27_Y43_N12 ; u_render_bin|u_pipe|u_edgewalk|Add117~57|dataf                                                         ;
;   4.202 ;   0.067 ; RR ; CELL ; 1      ; LABCELL_X27_Y43_N12 ; u_render_bin|u_pipe|u_edgewalk|Add117~57|sumout                                                        ;
;   4.202 ;   0.000 ; RR ; IC   ; 1      ; FF_X27_Y43_N13      ; u_render_bin|u_pipe|u_edgewalk|o0v_r[15]|d                                                             ;
;   4.269 ;   0.067 ; RR ; CELL ; 1      ; FF_X27_Y43_N13      ; zhao_geom_bin_pipe:u_render_bin|zhao_raster_tile_pipe:u_pipe|zhao_raster_edgewalk:u_edgewalk|o0v_r[15] ;
+---------+---------+----+------+--------+---------------------+--------------------------------------------------------------------------------------------------------+

+----------------------------------------------------------------------------------------------------------------------------------------------------------------------+
; Data Required Path                                                                                                                                                   ;
+---------+----------+----+------+--------+-------------------+--------------------------------------------------------------------------------------------------------+
; Total   ; Incr     ; RF ; Type ; Fanout ; Location          ; Element                                                                                                ;
+---------+----------+----+------+--------+-------------------+--------------------------------------------------------------------------------------------------------+
; 0.000   ; 0.000    ;    ;      ;        ;                   ; latch edge time                                                                                        ;
; 3.880   ; 3.880    ;    ;      ;        ;                   ; clock path                                                                                             ;
;   0.000 ;   0.000  ;    ;      ;        ;                   ; source latency                                                                                         ;
;   0.000 ;   0.000  ;    ;      ; 1      ; LABCELL_X45_Y1_N3 ; gpu_clk                                                                                                ;
;   2.911 ;   2.911  ; RR ; IC   ; 1      ; CLKCTRL_G5        ; gpu_clk~CLKENA0|inclk                                                                                  ;
;   3.209 ;   0.298  ; RR ; CELL ; 15028  ; CLKCTRL_G5        ; gpu_clk~CLKENA0|outclk                                                                                 ;
;   5.514 ;   2.305  ; RR ; IC   ; 1      ; FF_X27_Y43_N13    ; u_render_bin|u_pipe|u_edgewalk|o0v_r[15]|clk                                                           ;
;   6.083 ;   0.569  ; RR ; CELL ; 1      ; FF_X27_Y43_N13    ; zhao_geom_bin_pipe:u_render_bin|zhao_raster_tile_pipe:u_pipe|zhao_raster_edgewalk:u_edgewalk|o0v_r[15] ;
;   3.880 ;   -2.203 ;    ;      ;        ;                   ; clock pessimism removed                                                                                ;
; 3.880   ; 0.000    ;    ;      ;        ;                   ; clock uncertainty                                                                                      ;
; 3.880   ; 0.000    ;    ; uTh  ; 1      ; FF_X27_Y43_N13    ; zhao_geom_bin_pipe:u_render_bin|zhao_raster_tile_pipe:u_pipe|zhao_raster_edgewalk:u_edgewalk|o0v_r[15] ;
+---------+----------+----+------+--------+-------------------+--------------------------------------------------------------------------------------------------------+

----------------------------
; Extra Fitter Information ;
----------------------------
HTML report is unavailable in plain text report export.


Path #76: Hold slack is 0.389 
===============================================================================
+------------------------------------------------------------------------------------------------------------------------------+
; Path Summary                                                                                                                 ;
+--------------------+---------------------------------------------------------------------------------------------------------+
; Property           ; Value                                                                                                   ;
+--------------------+---------------------------------------------------------------------------------------------------------+
; From Node          ; zhao_geom_bin_pipe:u_render_bin|zhao_raster_tile_pipe:u_pipe|zhao_raster_earlyz:u_earlyz|out_state_r[7] ;
; To Node            ; zhao_geom_bin_pipe:u_render_bin|zhao_raster_tile_pipe:u_pipe|zhao_skid2:u_cand_skid|mem[0][111]         ;
; Launch Clock       ; gpu_clk                                                                                                 ;
; Latch Clock        ; gpu_clk                                                                                                 ;
; Data Arrival Time  ; 4.279                                                                                                   ;
; Data Required Time ; 3.890                                                                                                   ;
; Slack              ; 0.389                                                                                                   ;
+--------------------+---------------------------------------------------------------------------------------------------------+

+-----------------------------------------------------------------------------------+
; Statistics                                                                        ;
+------------------------+-------+-------+-------------+------------+-------+-------+
; Property               ; Value ; Count ; Total Delay ; % of Total ; Min   ; Max   ;
+------------------------+-------+-------+-------------+------------+-------+-------+
; Hold Relationship      ; 0.000 ;       ;             ;            ;       ;       ;
; Clock Skew             ; 0.544 ;       ;             ;            ;       ;       ;
; Data Delay             ; 0.933 ;       ;             ;            ;       ;       ;
; Number of Logic Levels ;       ; 1     ;             ;            ;       ;       ;
; Physical Delays        ;       ;       ;             ;            ;       ;       ;
;  Arrival Path          ;       ;       ;             ;            ;       ;       ;
;   Clock                ;       ;       ;             ;            ;       ;       ;
;    IC                  ;       ; 2     ; 2.584       ; 77         ; 0.734 ; 1.850 ;
;    Cell                ;       ; 2     ; 0.762       ; 23         ; 0.272 ; 0.490 ;
;   Data                 ;       ;       ;             ;            ;       ;       ;
;    IC                  ;       ; 2     ; 0.810       ; 87         ; 0.000 ; 0.810 ;
;    Cell                ;       ; 3     ; 0.123       ; 13         ; 0.000 ; 0.069 ;
;    uTco                ;       ; 1     ; 0.000       ; 0          ; 0.000 ; 0.000 ;
;  Required Path         ;       ;       ;             ;            ;       ;       ;
;   Clock                ;       ;       ;             ;            ;       ;       ;
;    IC                  ;       ; 2     ; 5.213       ; 86         ; 2.302 ; 2.911 ;
;    Cell                ;       ; 2     ; 0.880       ; 14         ; 0.298 ; 0.582 ;
+------------------------+-------+-------+-------------+------------+-------+-------+
Note: Negative delays are omitted from totals when calculating percentages

+------------------------------------------------------------------------------------------------------------------------------------------------------------------------+
; Data Arrival Path                                                                                                                                                      ;
+---------+---------+----+------+--------+---------------------+---------------------------------------------------------------------------------------------------------+
; Total   ; Incr    ; RF ; Type ; Fanout ; Location            ; Element                                                                                                 ;
+---------+---------+----+------+--------+---------------------+---------------------------------------------------------------------------------------------------------+
; 0.000   ; 0.000   ;    ;      ;        ;                     ; launch edge time                                                                                        ;
; 3.346   ; 3.346   ;    ;      ;        ;                     ; clock path                                                                                              ;
;   0.000 ;   0.000 ;    ;      ;        ;                     ; source latency                                                                                          ;
;   0.000 ;   0.000 ;    ;      ; 1      ; LABCELL_X45_Y1_N3   ; gpu_clk                                                                                                 ;
;   0.734 ;   0.734 ; RR ; IC   ; 1      ; CLKCTRL_G5          ; gpu_clk~CLKENA0|inclk                                                                                   ;
;   1.006 ;   0.272 ; RR ; CELL ; 15028  ; CLKCTRL_G5          ; gpu_clk~CLKENA0|outclk                                                                                  ;
;   2.856 ;   1.850 ; RR ; IC   ; 1      ; FF_X25_Y36_N55      ; u_render_bin|u_pipe|u_earlyz|out_state_r[7]|clk                                                         ;
;   3.346 ;   0.490 ; RR ; CELL ; 1      ; FF_X25_Y36_N55      ; zhao_geom_bin_pipe:u_render_bin|zhao_raster_tile_pipe:u_pipe|zhao_raster_earlyz:u_earlyz|out_state_r[7] ;
; 4.279   ; 0.933   ;    ;      ;        ;                     ; data path                                                                                               ;
;   3.346 ;   0.000 ;    ; uTco ; 1      ; FF_X25_Y36_N55      ; zhao_geom_bin_pipe:u_render_bin|zhao_raster_tile_pipe:u_pipe|zhao_raster_earlyz:u_earlyz|out_state_r[7] ;
;   3.346 ;   0.000 ; RR ; CELL ; 2      ; FF_X25_Y36_N55      ; u_render_bin|u_pipe|u_earlyz|out_state_r[7]|q                                                           ;
;   4.156 ;   0.810 ; RR ; IC   ; 1      ; MLABCELL_X21_Y37_N6 ; u_render_bin|u_pipe|u_cand_skid|mem[0][111]~feeder|dataf                                                ;
;   4.210 ;   0.054 ; RR ; CELL ; 1      ; MLABCELL_X21_Y37_N6 ; u_render_bin|u_pipe|u_cand_skid|mem[0][111]~feeder|combout                                              ;
;   4.210 ;   0.000 ; RR ; IC   ; 1      ; FF_X21_Y37_N8       ; u_render_bin|u_pipe|u_cand_skid|mem[0][111]|d                                                           ;
;   4.279 ;   0.069 ; RR ; CELL ; 1      ; FF_X21_Y37_N8       ; zhao_geom_bin_pipe:u_render_bin|zhao_raster_tile_pipe:u_pipe|zhao_skid2:u_cand_skid|mem[0][111]         ;
+---------+---------+----+------+--------+---------------------+---------------------------------------------------------------------------------------------------------+

+---------------------------------------------------------------------------------------------------------------------------------------------------------------+
; Data Required Path                                                                                                                                            ;
+---------+----------+----+------+--------+-------------------+-------------------------------------------------------------------------------------------------+
; Total   ; Incr     ; RF ; Type ; Fanout ; Location          ; Element                                                                                         ;
+---------+----------+----+------+--------+-------------------+-------------------------------------------------------------------------------------------------+
; 0.000   ; 0.000    ;    ;      ;        ;                   ; latch edge time                                                                                 ;
; 3.890   ; 3.890    ;    ;      ;        ;                   ; clock path                                                                                      ;
;   0.000 ;   0.000  ;    ;      ;        ;                   ; source latency                                                                                  ;
;   0.000 ;   0.000  ;    ;      ; 1      ; LABCELL_X45_Y1_N3 ; gpu_clk                                                                                         ;
;   2.911 ;   2.911  ; RR ; IC   ; 1      ; CLKCTRL_G5        ; gpu_clk~CLKENA0|inclk                                                                           ;
;   3.209 ;   0.298  ; RR ; CELL ; 15028  ; CLKCTRL_G5        ; gpu_clk~CLKENA0|outclk                                                                          ;
;   5.511 ;   2.302  ; RR ; IC   ; 1      ; FF_X21_Y37_N8     ; u_render_bin|u_pipe|u_cand_skid|mem[0][111]|clk                                                 ;
;   6.093 ;   0.582  ; RR ; CELL ; 1      ; FF_X21_Y37_N8     ; zhao_geom_bin_pipe:u_render_bin|zhao_raster_tile_pipe:u_pipe|zhao_skid2:u_cand_skid|mem[0][111] ;
;   3.890 ;   -2.203 ;    ;      ;        ;                   ; clock pessimism removed                                                                         ;
; 3.890   ; 0.000    ;    ;      ;        ;                   ; clock uncertainty                                                                               ;
; 3.890   ; 0.000    ;    ; uTh  ; 1      ; FF_X21_Y37_N8     ; zhao_geom_bin_pipe:u_render_bin|zhao_raster_tile_pipe:u_pipe|zhao_skid2:u_cand_skid|mem[0][111] ;
+---------+----------+----+------+--------+-------------------+-------------------------------------------------------------------------------------------------+

----------------------------
; Extra Fitter Information ;
----------------------------
HTML report is unavailable in plain text report export.


Path #77: Hold slack is 0.390 
===============================================================================
+-----------------------------------------------------------------------------------------------+
; Path Summary                                                                                  ;
+--------------------+--------------------------------------------------------------------------+
; Property           ; Value                                                                    ;
+--------------------+--------------------------------------------------------------------------+
; From Node          ; zhao_geom_bin_pipe:u_render_bin|zhao_geom_binner:u_binner|tri_count_r[6] ;
; To Node            ; zhao_geom_bin_pipe:u_render_bin|zhao_geom_binner:u_binner|tri_idx_r[6]   ;
; Launch Clock       ; gpu_clk                                                                  ;
; Latch Clock        ; gpu_clk                                                                  ;
; Data Arrival Time  ; 3.881                                                                    ;
; Data Required Time ; 3.491                                                                    ;
; Slack              ; 0.390                                                                    ;
+--------------------+--------------------------------------------------------------------------+

+-----------------------------------------------------------------------------------+
; Statistics                                                                        ;
+------------------------+-------+-------+-------------+------------+-------+-------+
; Property               ; Value ; Count ; Total Delay ; % of Total ; Min   ; Max   ;
+------------------------+-------+-------+-------------+------------+-------+-------+
; Hold Relationship      ; 0.000 ;       ;             ;            ;       ;       ;
; Clock Skew             ; 0.105 ;       ;             ;            ;       ;       ;
; Data Delay             ; 0.495 ;       ;             ;            ;       ;       ;
; Number of Logic Levels ;       ; 1     ;             ;            ;       ;       ;
; Physical Delays        ;       ;       ;             ;            ;       ;       ;
;  Arrival Path          ;       ;       ;             ;            ;       ;       ;
;   Clock                ;       ;       ;             ;            ;       ;       ;
;    IC                  ;       ; 2     ; 2.625       ; 78         ; 0.734 ; 1.891 ;
;    Cell                ;       ; 2     ; 0.761       ; 22         ; 0.272 ; 0.489 ;
;   Data                 ;       ;       ;             ;            ;       ;       ;
;    IC                  ;       ; 2     ; 0.377       ; 76         ; 0.000 ; 0.377 ;
;    Cell                ;       ; 3     ; 0.118       ; 24         ; 0.000 ; 0.069 ;
;    uTco                ;       ; 1     ; 0.000       ; 0          ; 0.000 ; 0.000 ;
;  Required Path         ;       ;       ;             ;            ;       ;       ;
;   Clock                ;       ;       ;             ;            ;       ;       ;
;    IC                  ;       ; 2     ; 5.221       ; 86         ; 2.310 ; 2.911 ;
;    Cell                ;       ; 2     ; 0.862       ; 14         ; 0.298 ; 0.564 ;
+------------------------+-------+-------+-------------+------------+-------+-------+
Note: Negative delays are omitted from totals when calculating percentages

+----------------------------------------------------------------------------------------------------------------------------------------+
; Data Arrival Path                                                                                                                      ;
+---------+---------+----+------+--------+--------------------+--------------------------------------------------------------------------+
; Total   ; Incr    ; RF ; Type ; Fanout ; Location           ; Element                                                                  ;
+---------+---------+----+------+--------+--------------------+--------------------------------------------------------------------------+
; 0.000   ; 0.000   ;    ;      ;        ;                    ; launch edge time                                                         ;
; 3.386   ; 3.386   ;    ;      ;        ;                    ; clock path                                                               ;
;   0.000 ;   0.000 ;    ;      ;        ;                    ; source latency                                                           ;
;   0.000 ;   0.000 ;    ;      ; 1      ; LABCELL_X45_Y1_N3  ; gpu_clk                                                                  ;
;   0.734 ;   0.734 ; RR ; IC   ; 1      ; CLKCTRL_G5         ; gpu_clk~CLKENA0|inclk                                                    ;
;   1.006 ;   0.272 ; RR ; CELL ; 15028  ; CLKCTRL_G5         ; gpu_clk~CLKENA0|outclk                                                   ;
;   2.897 ;   1.891 ; RR ; IC   ; 1      ; FF_X28_Y55_N20     ; u_render_bin|u_binner|tri_count_r[6]|clk                                 ;
;   3.386 ;   0.489 ; RR ; CELL ; 1      ; FF_X28_Y55_N20     ; zhao_geom_bin_pipe:u_render_bin|zhao_geom_binner:u_binner|tri_count_r[6] ;
; 3.881   ; 0.495   ;    ;      ;        ;                    ; data path                                                                ;
;   3.386 ;   0.000 ;    ; uTco ; 1      ; FF_X28_Y55_N20     ; zhao_geom_bin_pipe:u_render_bin|zhao_geom_binner:u_binner|tri_count_r[6] ;
;   3.386 ;   0.000 ; FF ; CELL ; 7      ; FF_X28_Y55_N20     ; u_render_bin|u_binner|tri_count_r[6]|q                                   ;
;   3.763 ;   0.377 ; FF ; IC   ; 1      ; LABCELL_X27_Y55_N6 ; u_render_bin|u_binner|tri_idx_r[6]~feeder|dataf                          ;
;   3.812 ;   0.049 ; FF ; CELL ; 1      ; LABCELL_X27_Y55_N6 ; u_render_bin|u_binner|tri_idx_r[6]~feeder|combout                        ;
;   3.812 ;   0.000 ; FF ; IC   ; 1      ; FF_X27_Y55_N8      ; u_render_bin|u_binner|tri_idx_r[6]|d                                     ;
;   3.881 ;   0.069 ; FF ; CELL ; 1      ; FF_X27_Y55_N8      ; zhao_geom_bin_pipe:u_render_bin|zhao_geom_binner:u_binner|tri_idx_r[6]   ;
+---------+---------+----+------+--------+--------------------+--------------------------------------------------------------------------+

+--------------------------------------------------------------------------------------------------------------------------------------+
; Data Required Path                                                                                                                   ;
+---------+----------+----+------+--------+-------------------+------------------------------------------------------------------------+
; Total   ; Incr     ; RF ; Type ; Fanout ; Location          ; Element                                                                ;
+---------+----------+----+------+--------+-------------------+------------------------------------------------------------------------+
; 0.000   ; 0.000    ;    ;      ;        ;                   ; latch edge time                                                        ;
; 3.491   ; 3.491    ;    ;      ;        ;                   ; clock path                                                             ;
;   0.000 ;   0.000  ;    ;      ;        ;                   ; source latency                                                         ;
;   0.000 ;   0.000  ;    ;      ; 1      ; LABCELL_X45_Y1_N3 ; gpu_clk                                                                ;
;   2.911 ;   2.911  ; RR ; IC   ; 1      ; CLKCTRL_G5        ; gpu_clk~CLKENA0|inclk                                                  ;
;   3.209 ;   0.298  ; RR ; CELL ; 15028  ; CLKCTRL_G5        ; gpu_clk~CLKENA0|outclk                                                 ;
;   5.519 ;   2.310  ; RR ; IC   ; 1      ; FF_X27_Y55_N8     ; u_render_bin|u_binner|tri_idx_r[6]|clk                                 ;
;   6.083 ;   0.564  ; RR ; CELL ; 1      ; FF_X27_Y55_N8     ; zhao_geom_bin_pipe:u_render_bin|zhao_geom_binner:u_binner|tri_idx_r[6] ;
;   3.491 ;   -2.592 ;    ;      ;        ;                   ; clock pessimism removed                                                ;
; 3.491   ; 0.000    ;    ;      ;        ;                   ; clock uncertainty                                                      ;
; 3.491   ; 0.000    ;    ; uTh  ; 1      ; FF_X27_Y55_N8     ; zhao_geom_bin_pipe:u_render_bin|zhao_geom_binner:u_binner|tri_idx_r[6] ;
+---------+----------+----+------+--------+-------------------+------------------------------------------------------------------------+

----------------------------
; Extra Fitter Information ;
----------------------------
HTML report is unavailable in plain text report export.


Path #78: Hold slack is 0.390 
===============================================================================
+-----------------------------------------------------------------------------------------------------------------------------+
; Path Summary                                                                                                                ;
+--------------------+--------------------------------------------------------------------------------------------------------+
; Property           ; Value                                                                                                  ;
+--------------------+--------------------------------------------------------------------------------------------------------+
; From Node          ; zhao_geom_bin_pipe:u_render_bin|zhao_raster_tile_pipe:u_pipe|zhao_raster_earlyz:u_earlyz|out_addr_r[4] ;
; To Node            ; zhao_geom_bin_pipe:u_render_bin|zhao_raster_tile_pipe:u_pipe|zhao_skid2:u_cand_skid|mem[1][164]        ;
; Launch Clock       ; gpu_clk                                                                                                ;
; Latch Clock        ; gpu_clk                                                                                                ;
; Data Arrival Time  ; 4.223                                                                                                  ;
; Data Required Time ; 3.833                                                                                                  ;
; Slack              ; 0.390                                                                                                  ;
+--------------------+--------------------------------------------------------------------------------------------------------+

+-----------------------------------------------------------------------------------+
; Statistics                                                                        ;
+------------------------+-------+-------+-------------+------------+-------+-------+
; Property               ; Value ; Count ; Total Delay ; % of Total ; Min   ; Max   ;
+------------------------+-------+-------+-------------+------------+-------+-------+
; Hold Relationship      ; 0.000 ;       ;             ;            ;       ;       ;
; Clock Skew             ; 0.461 ;       ;             ;            ;       ;       ;
; Data Delay             ; 0.851 ;       ;             ;            ;       ;       ;
; Number of Logic Levels ;       ; 1     ;             ;            ;       ;       ;
; Physical Delays        ;       ;       ;             ;            ;       ;       ;
;  Arrival Path          ;       ;       ;             ;            ;       ;       ;
;   Clock                ;       ;       ;             ;            ;       ;       ;
;    IC                  ;       ; 2     ; 2.618       ; 78         ; 0.734 ; 1.884 ;
;    Cell                ;       ; 2     ; 0.754       ; 22         ; 0.272 ; 0.482 ;
;   Data                 ;       ;       ;             ;            ;       ;       ;
;    IC                  ;       ; 2     ; 0.730       ; 86         ; 0.000 ; 0.730 ;
;    Cell                ;       ; 3     ; 0.121       ; 14         ; 0.000 ; 0.067 ;
;    uTco                ;       ; 1     ; 0.000       ; 0          ; 0.000 ; 0.000 ;
;  Required Path         ;       ;       ;             ;            ;       ;       ;
;   Clock                ;       ;       ;             ;            ;       ;       ;
;    IC                  ;       ; 2     ; 5.155       ; 85         ; 2.244 ; 2.911 ;
;    Cell                ;       ; 2     ; 0.881       ; 15         ; 0.298 ; 0.583 ;
+------------------------+-------+-------+-------------+------------+-------+-------+
Note: Negative delays are omitted from totals when calculating percentages

+-----------------------------------------------------------------------------------------------------------------------------------------------------------------------+
; Data Arrival Path                                                                                                                                                     ;
+---------+---------+----+------+--------+---------------------+--------------------------------------------------------------------------------------------------------+
; Total   ; Incr    ; RF ; Type ; Fanout ; Location            ; Element                                                                                                ;
+---------+---------+----+------+--------+---------------------+--------------------------------------------------------------------------------------------------------+
; 0.000   ; 0.000   ;    ;      ;        ;                     ; launch edge time                                                                                       ;
; 3.372   ; 3.372   ;    ;      ;        ;                     ; clock path                                                                                             ;
;   0.000 ;   0.000 ;    ;      ;        ;                     ; source latency                                                                                         ;
;   0.000 ;   0.000 ;    ;      ; 1      ; LABCELL_X45_Y1_N3   ; gpu_clk                                                                                                ;
;   0.734 ;   0.734 ; RR ; IC   ; 1      ; CLKCTRL_G5          ; gpu_clk~CLKENA0|inclk                                                                                  ;
;   1.006 ;   0.272 ; RR ; CELL ; 15028  ; CLKCTRL_G5          ; gpu_clk~CLKENA0|outclk                                                                                 ;
;   2.890 ;   1.884 ; RR ; IC   ; 1      ; FF_X17_Y37_N22      ; u_render_bin|u_pipe|u_earlyz|out_addr_r[4]|clk                                                         ;
;   3.372 ;   0.482 ; RR ; CELL ; 1      ; FF_X17_Y37_N22      ; zhao_geom_bin_pipe:u_render_bin|zhao_raster_tile_pipe:u_pipe|zhao_raster_earlyz:u_earlyz|out_addr_r[4] ;
; 4.223   ; 0.851   ;    ;      ;        ;                     ; data path                                                                                              ;
;   3.372 ;   0.000 ;    ; uTco ; 1      ; FF_X17_Y37_N22      ; zhao_geom_bin_pipe:u_render_bin|zhao_raster_tile_pipe:u_pipe|zhao_raster_earlyz:u_earlyz|out_addr_r[4] ;
;   3.372 ;   0.000 ; RR ; CELL ; 2      ; FF_X17_Y37_N22      ; u_render_bin|u_pipe|u_earlyz|out_addr_r[4]|q                                                           ;
;   4.102 ;   0.730 ; RR ; IC   ; 1      ; LABCELL_X18_Y35_N39 ; u_render_bin|u_pipe|u_cand_skid|mem[1][164]~feeder|dataf                                               ;
;   4.156 ;   0.054 ; RR ; CELL ; 1      ; LABCELL_X18_Y35_N39 ; u_render_bin|u_pipe|u_cand_skid|mem[1][164]~feeder|combout                                             ;
;   4.156 ;   0.000 ; RR ; IC   ; 1      ; FF_X18_Y35_N40      ; u_render_bin|u_pipe|u_cand_skid|mem[1][164]|d                                                          ;
;   4.223 ;   0.067 ; RR ; CELL ; 1      ; FF_X18_Y35_N40      ; zhao_geom_bin_pipe:u_render_bin|zhao_raster_tile_pipe:u_pipe|zhao_skid2:u_cand_skid|mem[1][164]        ;
+---------+---------+----+------+--------+---------------------+--------------------------------------------------------------------------------------------------------+

+---------------------------------------------------------------------------------------------------------------------------------------------------------------+
; Data Required Path                                                                                                                                            ;
+---------+----------+----+------+--------+-------------------+-------------------------------------------------------------------------------------------------+
; Total   ; Incr     ; RF ; Type ; Fanout ; Location          ; Element                                                                                         ;
+---------+----------+----+------+--------+-------------------+-------------------------------------------------------------------------------------------------+
; 0.000   ; 0.000    ;    ;      ;        ;                   ; latch edge time                                                                                 ;
; 3.833   ; 3.833    ;    ;      ;        ;                   ; clock path                                                                                      ;
;   0.000 ;   0.000  ;    ;      ;        ;                   ; source latency                                                                                  ;
;   0.000 ;   0.000  ;    ;      ; 1      ; LABCELL_X45_Y1_N3 ; gpu_clk                                                                                         ;
;   2.911 ;   2.911  ; RR ; IC   ; 1      ; CLKCTRL_G5        ; gpu_clk~CLKENA0|inclk                                                                           ;
;   3.209 ;   0.298  ; RR ; CELL ; 15028  ; CLKCTRL_G5        ; gpu_clk~CLKENA0|outclk                                                                          ;
;   5.453 ;   2.244  ; RR ; IC   ; 1      ; FF_X18_Y35_N40    ; u_render_bin|u_pipe|u_cand_skid|mem[1][164]|clk                                                 ;
;   6.036 ;   0.583  ; RR ; CELL ; 1      ; FF_X18_Y35_N40    ; zhao_geom_bin_pipe:u_render_bin|zhao_raster_tile_pipe:u_pipe|zhao_skid2:u_cand_skid|mem[1][164] ;
;   3.833 ;   -2.203 ;    ;      ;        ;                   ; clock pessimism removed                                                                         ;
; 3.833   ; 0.000    ;    ;      ;        ;                   ; clock uncertainty                                                                               ;
; 3.833   ; 0.000    ;    ; uTh  ; 1      ; FF_X18_Y35_N40    ; zhao_geom_bin_pipe:u_render_bin|zhao_raster_tile_pipe:u_pipe|zhao_skid2:u_cand_skid|mem[1][164] ;
+---------+----------+----+------+--------+-------------------+-------------------------------------------------------------------------------------------------+

----------------------------
; Extra Fitter Information ;
----------------------------
HTML report is unavailable in plain text report export.


Path #79: Hold slack is 0.392 
===============================================================================
+-----------------------------------------------------------------------------------------------------------------------------+
; Path Summary                                                                                                                ;
+--------------------+--------------------------------------------------------------------------------------------------------+
; Property           ; Value                                                                                                  ;
+--------------------+--------------------------------------------------------------------------------------------------------+
; From Node          ; zhao_geom_bin_pipe:u_render_bin|zhao_raster_tile_pipe:u_pipe|zhao_raster_edgewalk:u_edgewalk|ax_r[17]  ;
; To Node            ; zhao_geom_bin_pipe:u_render_bin|zhao_raster_tile_pipe:u_pipe|zhao_raster_edgewalk:u_edgewalk|o1p_r[17] ;
; Launch Clock       ; gpu_clk                                                                                                ;
; Latch Clock        ; gpu_clk                                                                                                ;
; Data Arrival Time  ; 4.291                                                                                                  ;
; Data Required Time ; 3.899                                                                                                  ;
; Slack              ; 0.392                                                                                                  ;
+--------------------+--------------------------------------------------------------------------------------------------------+

+-----------------------------------------------------------------------------------+
; Statistics                                                                        ;
+------------------------+-------+-------+-------------+------------+-------+-------+
; Property               ; Value ; Count ; Total Delay ; % of Total ; Min   ; Max   ;
+------------------------+-------+-------+-------------+------------+-------+-------+
; Hold Relationship      ; 0.000 ;       ;             ;            ;       ;       ;
; Clock Skew             ; 0.507 ;       ;             ;            ;       ;       ;
; Data Delay             ; 0.899 ;       ;             ;            ;       ;       ;
; Number of Logic Levels ;       ; 1     ;             ;            ;       ;       ;
; Physical Delays        ;       ;       ;             ;            ;       ;       ;
;  Arrival Path          ;       ;       ;             ;            ;       ;       ;
;   Clock                ;       ;       ;             ;            ;       ;       ;
;    IC                  ;       ; 2     ; 2.618       ; 77         ; 0.734 ; 1.884 ;
;    Cell                ;       ; 2     ; 0.774       ; 23         ; 0.272 ; 0.502 ;
;   Data                 ;       ;       ;             ;            ;       ;       ;
;    IC                  ;       ; 2     ; 0.772       ; 86         ; 0.000 ; 0.772 ;
;    Cell                ;       ; 3     ; 0.127       ; 14         ; 0.000 ; 0.066 ;
;    uTco                ;       ; 1     ; 0.000       ; 0          ; 0.000 ; 0.000 ;
;  Required Path         ;       ;       ;             ;            ;       ;       ;
;   Clock                ;       ;       ;             ;            ;       ;       ;
;    IC                  ;       ; 2     ; 5.229       ; 86         ; 2.318 ; 2.911 ;
;    Cell                ;       ; 2     ; 0.873       ; 14         ; 0.298 ; 0.575 ;
+------------------------+-------+-------+-------------+------------+-------+-------+
Note: Negative delays are omitted from totals when calculating percentages

+------------------------------------------------------------------------------------------------------------------------------------------------------------------------+
; Data Arrival Path                                                                                                                                                      ;
+---------+---------+----+------+--------+----------------------+--------------------------------------------------------------------------------------------------------+
; Total   ; Incr    ; RF ; Type ; Fanout ; Location             ; Element                                                                                                ;
+---------+---------+----+------+--------+----------------------+--------------------------------------------------------------------------------------------------------+
; 0.000   ; 0.000   ;    ;      ;        ;                      ; launch edge time                                                                                       ;
; 3.392   ; 3.392   ;    ;      ;        ;                      ; clock path                                                                                             ;
;   0.000 ;   0.000 ;    ;      ;        ;                      ; source latency                                                                                         ;
;   0.000 ;   0.000 ;    ;      ; 1      ; LABCELL_X45_Y1_N3    ; gpu_clk                                                                                                ;
;   0.734 ;   0.734 ; RR ; IC   ; 1      ; CLKCTRL_G5           ; gpu_clk~CLKENA0|inclk                                                                                  ;
;   1.006 ;   0.272 ; RR ; CELL ; 15028  ; CLKCTRL_G5           ; gpu_clk~CLKENA0|outclk                                                                                 ;
;   2.890 ;   1.884 ; RR ; IC   ; 1      ; FF_X23_Y45_N41       ; u_render_bin|u_pipe|u_edgewalk|ax_r[17]|clk                                                            ;
;   3.392 ;   0.502 ; RR ; CELL ; 1      ; FF_X23_Y45_N41       ; zhao_geom_bin_pipe:u_render_bin|zhao_raster_tile_pipe:u_pipe|zhao_raster_edgewalk:u_edgewalk|ax_r[17]  ;
; 4.291   ; 0.899   ;    ;      ;        ;                      ; data path                                                                                              ;
;   3.392 ;   0.000 ;    ; uTco ; 1      ; FF_X23_Y45_N41       ; zhao_geom_bin_pipe:u_render_bin|zhao_raster_tile_pipe:u_pipe|zhao_raster_edgewalk:u_edgewalk|ax_r[17]  ;
;   3.392 ;   0.000 ; RR ; CELL ; 9      ; FF_X23_Y45_N41       ; u_render_bin|u_pipe|u_edgewalk|ax_r[17]|q                                                              ;
;   4.164 ;   0.772 ; RR ; IC   ; 2      ; MLABCELL_X28_Y45_N18 ; u_render_bin|u_pipe|u_edgewalk|Add112~25|dataf                                                         ;
;   4.230 ;   0.066 ; RR ; CELL ; 1      ; MLABCELL_X28_Y45_N18 ; u_render_bin|u_pipe|u_edgewalk|Add112~25|sumout                                                        ;
;   4.230 ;   0.000 ; RR ; IC   ; 1      ; FF_X28_Y45_N19       ; u_render_bin|u_pipe|u_edgewalk|o1p_r[17]|d                                                             ;
;   4.291 ;   0.061 ; RR ; CELL ; 1      ; FF_X28_Y45_N19       ; zhao_geom_bin_pipe:u_render_bin|zhao_raster_tile_pipe:u_pipe|zhao_raster_edgewalk:u_edgewalk|o1p_r[17] ;
+---------+---------+----+------+--------+----------------------+--------------------------------------------------------------------------------------------------------+

+----------------------------------------------------------------------------------------------------------------------------------------------------------------------+
; Data Required Path                                                                                                                                                   ;
+---------+----------+----+------+--------+-------------------+--------------------------------------------------------------------------------------------------------+
; Total   ; Incr     ; RF ; Type ; Fanout ; Location          ; Element                                                                                                ;
+---------+----------+----+------+--------+-------------------+--------------------------------------------------------------------------------------------------------+
; 0.000   ; 0.000    ;    ;      ;        ;                   ; latch edge time                                                                                        ;
; 3.899   ; 3.899    ;    ;      ;        ;                   ; clock path                                                                                             ;
;   0.000 ;   0.000  ;    ;      ;        ;                   ; source latency                                                                                         ;
;   0.000 ;   0.000  ;    ;      ; 1      ; LABCELL_X45_Y1_N3 ; gpu_clk                                                                                                ;
;   2.911 ;   2.911  ; RR ; IC   ; 1      ; CLKCTRL_G5        ; gpu_clk~CLKENA0|inclk                                                                                  ;
;   3.209 ;   0.298  ; RR ; CELL ; 15028  ; CLKCTRL_G5        ; gpu_clk~CLKENA0|outclk                                                                                 ;
;   5.527 ;   2.318  ; RR ; IC   ; 1      ; FF_X28_Y45_N19    ; u_render_bin|u_pipe|u_edgewalk|o1p_r[17]|clk                                                           ;
;   6.102 ;   0.575  ; RR ; CELL ; 1      ; FF_X28_Y45_N19    ; zhao_geom_bin_pipe:u_render_bin|zhao_raster_tile_pipe:u_pipe|zhao_raster_edgewalk:u_edgewalk|o1p_r[17] ;
;   3.899 ;   -2.203 ;    ;      ;        ;                   ; clock pessimism removed                                                                                ;
; 3.899   ; 0.000    ;    ;      ;        ;                   ; clock uncertainty                                                                                      ;
; 3.899   ; 0.000    ;    ; uTh  ; 1      ; FF_X28_Y45_N19    ; zhao_geom_bin_pipe:u_render_bin|zhao_raster_tile_pipe:u_pipe|zhao_raster_edgewalk:u_edgewalk|o1p_r[17] ;
+---------+----------+----+------+--------+-------------------+--------------------------------------------------------------------------------------------------------+

----------------------------
; Extra Fitter Information ;
----------------------------
HTML report is unavailable in plain text report export.


Path #80: Hold slack is 0.392 
===============================================================================
+-----------------------------------------------------------------------------------------------------------------------------+
; Path Summary                                                                                                                ;
+--------------------+--------------------------------------------------------------------------------------------------------+
; Property           ; Value                                                                                                  ;
+--------------------+--------------------------------------------------------------------------------------------------------+
; From Node          ; zhao_geom_bin_pipe:u_render_bin|zhao_raster_tile_pipe:u_pipe|zhao_raster_earlyz:u_earlyz|out_addr_r[4] ;
; To Node            ; zhao_geom_bin_pipe:u_render_bin|zhao_raster_tile_pipe:u_pipe|zhao_skid2:u_cand_skid|mem[0][164]        ;
; Launch Clock       ; gpu_clk                                                                                                ;
; Latch Clock        ; gpu_clk                                                                                                ;
; Data Arrival Time  ; 4.222                                                                                                  ;
; Data Required Time ; 3.830                                                                                                  ;
; Slack              ; 0.392                                                                                                  ;
+--------------------+--------------------------------------------------------------------------------------------------------+

+-----------------------------------------------------------------------------------+
; Statistics                                                                        ;
+------------------------+-------+-------+-------------+------------+-------+-------+
; Property               ; Value ; Count ; Total Delay ; % of Total ; Min   ; Max   ;
+------------------------+-------+-------+-------------+------------+-------+-------+
; Hold Relationship      ; 0.000 ;       ;             ;            ;       ;       ;
; Clock Skew             ; 0.458 ;       ;             ;            ;       ;       ;
; Data Delay             ; 0.850 ;       ;             ;            ;       ;       ;
; Number of Logic Levels ;       ; 1     ;             ;            ;       ;       ;
; Physical Delays        ;       ;       ;             ;            ;       ;       ;
;  Arrival Path          ;       ;       ;             ;            ;       ;       ;
;   Clock                ;       ;       ;             ;            ;       ;       ;
;    IC                  ;       ; 2     ; 2.618       ; 78         ; 0.734 ; 1.884 ;
;    Cell                ;       ; 2     ; 0.754       ; 22         ; 0.272 ; 0.482 ;
;   Data                 ;       ;       ;             ;            ;       ;       ;
;    IC                  ;       ; 2     ; 0.729       ; 86         ; 0.000 ; 0.729 ;
;    Cell                ;       ; 3     ; 0.121       ; 14         ; 0.000 ; 0.067 ;
;    uTco                ;       ; 1     ; 0.000       ; 0          ; 0.000 ; 0.000 ;
;  Required Path         ;       ;       ;             ;            ;       ;       ;
;   Clock                ;       ;       ;             ;            ;       ;       ;
;    IC                  ;       ; 2     ; 5.155       ; 85         ; 2.244 ; 2.911 ;
;    Cell                ;       ; 2     ; 0.878       ; 15         ; 0.298 ; 0.580 ;
+------------------------+-------+-------+-------------+------------+-------+-------+
Note: Negative delays are omitted from totals when calculating percentages

+-----------------------------------------------------------------------------------------------------------------------------------------------------------------------+
; Data Arrival Path                                                                                                                                                     ;
+---------+---------+----+------+--------+---------------------+--------------------------------------------------------------------------------------------------------+
; Total   ; Incr    ; RF ; Type ; Fanout ; Location            ; Element                                                                                                ;
+---------+---------+----+------+--------+---------------------+--------------------------------------------------------------------------------------------------------+
; 0.000   ; 0.000   ;    ;      ;        ;                     ; launch edge time                                                                                       ;
; 3.372   ; 3.372   ;    ;      ;        ;                     ; clock path                                                                                             ;
;   0.000 ;   0.000 ;    ;      ;        ;                     ; source latency                                                                                         ;
;   0.000 ;   0.000 ;    ;      ; 1      ; LABCELL_X45_Y1_N3   ; gpu_clk                                                                                                ;
;   0.734 ;   0.734 ; RR ; IC   ; 1      ; CLKCTRL_G5          ; gpu_clk~CLKENA0|inclk                                                                                  ;
;   1.006 ;   0.272 ; RR ; CELL ; 15028  ; CLKCTRL_G5          ; gpu_clk~CLKENA0|outclk                                                                                 ;
;   2.890 ;   1.884 ; RR ; IC   ; 1      ; FF_X17_Y37_N22      ; u_render_bin|u_pipe|u_earlyz|out_addr_r[4]|clk                                                         ;
;   3.372 ;   0.482 ; RR ; CELL ; 1      ; FF_X17_Y37_N22      ; zhao_geom_bin_pipe:u_render_bin|zhao_raster_tile_pipe:u_pipe|zhao_raster_earlyz:u_earlyz|out_addr_r[4] ;
; 4.222   ; 0.850   ;    ;      ;        ;                     ; data path                                                                                              ;
;   3.372 ;   0.000 ;    ; uTco ; 1      ; FF_X17_Y37_N22      ; zhao_geom_bin_pipe:u_render_bin|zhao_raster_tile_pipe:u_pipe|zhao_raster_earlyz:u_earlyz|out_addr_r[4] ;
;   3.372 ;   0.000 ; RR ; CELL ; 2      ; FF_X17_Y37_N22      ; u_render_bin|u_pipe|u_earlyz|out_addr_r[4]|q                                                           ;
;   4.101 ;   0.729 ; RR ; IC   ; 1      ; LABCELL_X18_Y35_N45 ; u_render_bin|u_pipe|u_cand_skid|mem[0][164]~feeder|dataf                                               ;
;   4.155 ;   0.054 ; RR ; CELL ; 1      ; LABCELL_X18_Y35_N45 ; u_render_bin|u_pipe|u_cand_skid|mem[0][164]~feeder|combout                                             ;
;   4.155 ;   0.000 ; RR ; IC   ; 1      ; FF_X18_Y35_N46      ; u_render_bin|u_pipe|u_cand_skid|mem[0][164]|d                                                          ;
;   4.222 ;   0.067 ; RR ; CELL ; 1      ; FF_X18_Y35_N46      ; zhao_geom_bin_pipe:u_render_bin|zhao_raster_tile_pipe:u_pipe|zhao_skid2:u_cand_skid|mem[0][164]        ;
+---------+---------+----+------+--------+---------------------+--------------------------------------------------------------------------------------------------------+

+---------------------------------------------------------------------------------------------------------------------------------------------------------------+
; Data Required Path                                                                                                                                            ;
+---------+----------+----+------+--------+-------------------+-------------------------------------------------------------------------------------------------+
; Total   ; Incr     ; RF ; Type ; Fanout ; Location          ; Element                                                                                         ;
+---------+----------+----+------+--------+-------------------+-------------------------------------------------------------------------------------------------+
; 0.000   ; 0.000    ;    ;      ;        ;                   ; latch edge time                                                                                 ;
; 3.830   ; 3.830    ;    ;      ;        ;                   ; clock path                                                                                      ;
;   0.000 ;   0.000  ;    ;      ;        ;                   ; source latency                                                                                  ;
;   0.000 ;   0.000  ;    ;      ; 1      ; LABCELL_X45_Y1_N3 ; gpu_clk                                                                                         ;
;   2.911 ;   2.911  ; RR ; IC   ; 1      ; CLKCTRL_G5        ; gpu_clk~CLKENA0|inclk                                                                           ;
;   3.209 ;   0.298  ; RR ; CELL ; 15028  ; CLKCTRL_G5        ; gpu_clk~CLKENA0|outclk                                                                          ;
;   5.453 ;   2.244  ; RR ; IC   ; 1      ; FF_X18_Y35_N46    ; u_render_bin|u_pipe|u_cand_skid|mem[0][164]|clk                                                 ;
;   6.033 ;   0.580  ; RR ; CELL ; 1      ; FF_X18_Y35_N46    ; zhao_geom_bin_pipe:u_render_bin|zhao_raster_tile_pipe:u_pipe|zhao_skid2:u_cand_skid|mem[0][164] ;
;   3.830 ;   -2.203 ;    ;      ;        ;                   ; clock pessimism removed                                                                         ;
; 3.830   ; 0.000    ;    ;      ;        ;                   ; clock uncertainty                                                                               ;
; 3.830   ; 0.000    ;    ; uTh  ; 1      ; FF_X18_Y35_N46    ; zhao_geom_bin_pipe:u_render_bin|zhao_raster_tile_pipe:u_pipe|zhao_skid2:u_cand_skid|mem[0][164] ;
+---------+----------+----+------+--------+-------------------+-------------------------------------------------------------------------------------------------+

----------------------------
; Extra Fitter Information ;
----------------------------
HTML report is unavailable in plain text report export.


Path #81: Hold slack is 0.392 
===============================================================================
+---------------------------------------------------------------------------------------------------------------------------------+
; Path Summary                                                                                                                    ;
+--------------------+------------------------------------------------------------------------------------------------------------+
; Property           ; Value                                                                                                      ;
+--------------------+------------------------------------------------------------------------------------------------------------+
; From Node          ; zhao_geom_bin_pipe:u_render_bin|zhao_raster_tile_pipe:u_pipe|fill_r[3]                                     ;
; To Node            ; zhao_geom_bin_pipe:u_render_bin|zhao_raster_tile_pipe:u_pipe|zhao_raster_earlyz:u_earlyz|out_payload_r[43] ;
; Launch Clock       ; gpu_clk                                                                                                    ;
; Latch Clock        ; gpu_clk                                                                                                    ;
; Data Arrival Time  ; 3.920                                                                                                      ;
; Data Required Time ; 3.528                                                                                                      ;
; Slack              ; 0.392                                                                                                      ;
+--------------------+------------------------------------------------------------------------------------------------------------+

+-----------------------------------------------------------------------------------+
; Statistics                                                                        ;
+------------------------+-------+-------+-------------+------------+-------+-------+
; Property               ; Value ; Count ; Total Delay ; % of Total ; Min   ; Max   ;
+------------------------+-------+-------+-------------+------------+-------+-------+
; Hold Relationship      ; 0.000 ;       ;             ;            ;       ;       ;
; Clock Skew             ; 0.121 ;       ;             ;            ;       ;       ;
; Data Delay             ; 0.513 ;       ;             ;            ;       ;       ;
; Number of Logic Levels ;       ; 0     ;             ;            ;       ;       ;
; Physical Delays        ;       ;       ;             ;            ;       ;       ;
;  Arrival Path          ;       ;       ;             ;            ;       ;       ;
;   Clock                ;       ;       ;             ;            ;       ;       ;
;    IC                  ;       ; 2     ; 2.637       ; 77         ; 0.734 ; 1.903 ;
;    Cell                ;       ; 2     ; 0.770       ; 23         ; 0.272 ; 0.498 ;
;   Data                 ;       ;       ;             ;            ;       ;       ;
;    IC                  ;       ; 1     ; 0.235       ; 46         ; 0.235 ; 0.235 ;
;    Cell                ;       ; 2     ; 0.278       ; 54         ; 0.000 ; 0.278 ;
;    uTco                ;       ; 1     ; 0.000       ; 0          ; 0.000 ; 0.000 ;
;  Required Path         ;       ;       ;             ;            ;       ;       ;
;   Clock                ;       ;       ;             ;            ;       ;       ;
;    IC                  ;       ; 2     ; 5.234       ; 86         ; 2.323 ; 2.911 ;
;    Cell                ;       ; 2     ; 0.887       ; 14         ; 0.298 ; 0.589 ;
+------------------------+-------+-------+-------------+------------+-------+-------+
Note: Negative delays are omitted from totals when calculating percentages

+-------------------------------------------------------------------------------------------------------------------------------------------------------------------------+
; Data Arrival Path                                                                                                                                                       ;
+---------+---------+----+------+--------+-------------------+------------------------------------------------------------------------------------------------------------+
; Total   ; Incr    ; RF ; Type ; Fanout ; Location          ; Element                                                                                                    ;
+---------+---------+----+------+--------+-------------------+------------------------------------------------------------------------------------------------------------+
; 0.000   ; 0.000   ;    ;      ;        ;                   ; launch edge time                                                                                           ;
; 3.407   ; 3.407   ;    ;      ;        ;                   ; clock path                                                                                                 ;
;   0.000 ;   0.000 ;    ;      ;        ;                   ; source latency                                                                                             ;
;   0.000 ;   0.000 ;    ;      ; 1      ; LABCELL_X45_Y1_N3 ; gpu_clk                                                                                                    ;
;   0.734 ;   0.734 ; RR ; IC   ; 1      ; CLKCTRL_G5        ; gpu_clk~CLKENA0|inclk                                                                                      ;
;   1.006 ;   0.272 ; RR ; CELL ; 15028  ; CLKCTRL_G5        ; gpu_clk~CLKENA0|outclk                                                                                     ;
;   2.909 ;   1.903 ; RR ; IC   ; 1      ; FF_X30_Y39_N8     ; u_render_bin|u_pipe|fill_r[3]|clk                                                                          ;
;   3.407 ;   0.498 ; RR ; CELL ; 1      ; FF_X30_Y39_N8     ; zhao_geom_bin_pipe:u_render_bin|zhao_raster_tile_pipe:u_pipe|fill_r[3]                                     ;
; 3.920   ; 0.513   ;    ;      ;        ;                   ; data path                                                                                                  ;
;   3.407 ;   0.000 ;    ; uTco ; 1      ; FF_X30_Y39_N8     ; zhao_geom_bin_pipe:u_render_bin|zhao_raster_tile_pipe:u_pipe|fill_r[3]                                     ;
;   3.407 ;   0.000 ; FF ; CELL ; 1      ; FF_X30_Y39_N8     ; u_render_bin|u_pipe|fill_r[3]|q                                                                            ;
;   3.642 ;   0.235 ; FF ; IC   ; 1      ; FF_X30_Y39_N1     ; u_render_bin|u_pipe|u_earlyz|out_payload_r[43]|asdata                                                      ;
;   3.920 ;   0.278 ; FF ; CELL ; 1      ; FF_X30_Y39_N1     ; zhao_geom_bin_pipe:u_render_bin|zhao_raster_tile_pipe:u_pipe|zhao_raster_earlyz:u_earlyz|out_payload_r[43] ;
+---------+---------+----+------+--------+-------------------+------------------------------------------------------------------------------------------------------------+

+--------------------------------------------------------------------------------------------------------------------------------------------------------------------------+
; Data Required Path                                                                                                                                                       ;
+---------+----------+----+------+--------+-------------------+------------------------------------------------------------------------------------------------------------+
; Total   ; Incr     ; RF ; Type ; Fanout ; Location          ; Element                                                                                                    ;
+---------+----------+----+------+--------+-------------------+------------------------------------------------------------------------------------------------------------+
; 0.000   ; 0.000    ;    ;      ;        ;                   ; latch edge time                                                                                            ;
; 3.528   ; 3.528    ;    ;      ;        ;                   ; clock path                                                                                                 ;
;   0.000 ;   0.000  ;    ;      ;        ;                   ; source latency                                                                                             ;
;   0.000 ;   0.000  ;    ;      ; 1      ; LABCELL_X45_Y1_N3 ; gpu_clk                                                                                                    ;
;   2.911 ;   2.911  ; RR ; IC   ; 1      ; CLKCTRL_G5        ; gpu_clk~CLKENA0|inclk                                                                                      ;
;   3.209 ;   0.298  ; RR ; CELL ; 15028  ; CLKCTRL_G5        ; gpu_clk~CLKENA0|outclk                                                                                     ;
;   5.532 ;   2.323  ; RR ; IC   ; 1      ; FF_X30_Y39_N1     ; u_render_bin|u_pipe|u_earlyz|out_payload_r[43]|clk                                                         ;
;   6.121 ;   0.589  ; RR ; CELL ; 1      ; FF_X30_Y39_N1     ; zhao_geom_bin_pipe:u_render_bin|zhao_raster_tile_pipe:u_pipe|zhao_raster_earlyz:u_earlyz|out_payload_r[43] ;
;   3.528 ;   -2.593 ;    ;      ;        ;                   ; clock pessimism removed                                                                                    ;
; 3.528   ; 0.000    ;    ;      ;        ;                   ; clock uncertainty                                                                                          ;
; 3.528   ; 0.000    ;    ; uTh  ; 1      ; FF_X30_Y39_N1     ; zhao_geom_bin_pipe:u_render_bin|zhao_raster_tile_pipe:u_pipe|zhao_raster_earlyz:u_earlyz|out_payload_r[43] ;
+---------+----------+----+------+--------+-------------------+------------------------------------------------------------------------------------------------------------+

----------------------------
; Extra Fitter Information ;
----------------------------
HTML report is unavailable in plain text report export.


Path #82: Hold slack is 0.394 
===============================================================================
+------------------------------------------------------------------------------------------+
; Path Summary                                                                             ;
+--------------------+---------------------------------------------------------------------+
; Property           ; Value                                                               ;
+--------------------+---------------------------------------------------------------------+
; From Node          ; zhao_geom_bin_pipe:u_render_bin|zhao_geom_binner:u_binner|d_tx_r[0] ;
; To Node            ; zhao_geom_bin_pipe:u_render_bin|zhao_geom_binner:u_binner|d_jx_r[0] ;
; Launch Clock       ; gpu_clk                                                             ;
; Latch Clock        ; gpu_clk                                                             ;
; Data Arrival Time  ; 4.304                                                               ;
; Data Required Time ; 3.910                                                               ;
; Slack              ; 0.394                                                               ;
+--------------------+---------------------------------------------------------------------+

+-----------------------------------------------------------------------------------+
; Statistics                                                                        ;
+------------------------+-------+-------+-------------+------------+-------+-------+
; Property               ; Value ; Count ; Total Delay ; % of Total ; Min   ; Max   ;
+------------------------+-------+-------+-------------+------------+-------+-------+
; Hold Relationship      ; 0.000 ;       ;             ;            ;       ;       ;
; Clock Skew             ; 0.483 ;       ;             ;            ;       ;       ;
; Data Delay             ; 0.877 ;       ;             ;            ;       ;       ;
; Number of Logic Levels ;       ; 1     ;             ;            ;       ;       ;
; Physical Delays        ;       ;       ;             ;            ;       ;       ;
;  Arrival Path          ;       ;       ;             ;            ;       ;       ;
;   Clock                ;       ;       ;             ;            ;       ;       ;
;    IC                  ;       ; 2     ; 2.663       ; 78         ; 0.734 ; 1.929 ;
;    Cell                ;       ; 2     ; 0.764       ; 22         ; 0.272 ; 0.492 ;
;   Data                 ;       ;       ;             ;            ;       ;       ;
;    IC                  ;       ; 2     ; 0.754       ; 86         ; 0.000 ; 0.754 ;
;    Cell                ;       ; 3     ; 0.123       ; 14         ; 0.000 ; 0.069 ;
;    uTco                ;       ; 1     ; 0.000       ; 0          ; 0.000 ; 0.000 ;
;  Required Path         ;       ;       ;             ;            ;       ;       ;
;   Clock                ;       ;       ;             ;            ;       ;       ;
;    IC                  ;       ; 2     ; 5.237       ; 86         ; 2.326 ; 2.911 ;
;    Cell                ;       ; 2     ; 0.876       ; 14         ; 0.298 ; 0.578 ;
+------------------------+-------+-------+-------------+------------+-------+-------+
Note: Negative delays are omitted from totals when calculating percentages

+------------------------------------------------------------------------------------------------------------------------------------+
; Data Arrival Path                                                                                                                  ;
+---------+---------+----+------+--------+---------------------+---------------------------------------------------------------------+
; Total   ; Incr    ; RF ; Type ; Fanout ; Location            ; Element                                                             ;
+---------+---------+----+------+--------+---------------------+---------------------------------------------------------------------+
; 0.000   ; 0.000   ;    ;      ;        ;                     ; launch edge time                                                    ;
; 3.427   ; 3.427   ;    ;      ;        ;                     ; clock path                                                          ;
;   0.000 ;   0.000 ;    ;      ;        ;                     ; source latency                                                      ;
;   0.000 ;   0.000 ;    ;      ; 1      ; LABCELL_X45_Y1_N3   ; gpu_clk                                                             ;
;   0.734 ;   0.734 ; RR ; IC   ; 1      ; CLKCTRL_G5          ; gpu_clk~CLKENA0|inclk                                               ;
;   1.006 ;   0.272 ; RR ; CELL ; 15028  ; CLKCTRL_G5          ; gpu_clk~CLKENA0|outclk                                              ;
;   2.935 ;   1.929 ; RR ; IC   ; 1      ; FF_X31_Y59_N56      ; u_render_bin|u_binner|d_tx_r[0]|clk                                 ;
;   3.427 ;   0.492 ; RR ; CELL ; 1      ; FF_X31_Y59_N56      ; zhao_geom_bin_pipe:u_render_bin|zhao_geom_binner:u_binner|d_tx_r[0] ;
; 4.304   ; 0.877   ;    ;      ;        ;                     ; data path                                                           ;
;   3.427 ;   0.000 ;    ; uTco ; 1      ; FF_X31_Y59_N56      ; zhao_geom_bin_pipe:u_render_bin|zhao_geom_binner:u_binner|d_tx_r[0] ;
;   3.427 ;   0.000 ; RR ; CELL ; 7      ; FF_X31_Y59_N56      ; u_render_bin|u_binner|d_tx_r[0]|q                                   ;
;   4.181 ;   0.754 ; RR ; IC   ; 1      ; LABCELL_X31_Y57_N33 ; u_render_bin|u_binner|d_jx_r[0]~feeder|dataf                        ;
;   4.235 ;   0.054 ; RR ; CELL ; 1      ; LABCELL_X31_Y57_N33 ; u_render_bin|u_binner|d_jx_r[0]~feeder|combout                      ;
;   4.235 ;   0.000 ; RR ; IC   ; 1      ; FF_X31_Y57_N35      ; u_render_bin|u_binner|d_jx_r[0]|d                                   ;
;   4.304 ;   0.069 ; RR ; CELL ; 1      ; FF_X31_Y57_N35      ; zhao_geom_bin_pipe:u_render_bin|zhao_geom_binner:u_binner|d_jx_r[0] ;
+---------+---------+----+------+--------+---------------------+---------------------------------------------------------------------+

+-----------------------------------------------------------------------------------------------------------------------------------+
; Data Required Path                                                                                                                ;
+---------+----------+----+------+--------+-------------------+---------------------------------------------------------------------+
; Total   ; Incr     ; RF ; Type ; Fanout ; Location          ; Element                                                             ;
+---------+----------+----+------+--------+-------------------+---------------------------------------------------------------------+
; 0.000   ; 0.000    ;    ;      ;        ;                   ; latch edge time                                                     ;
; 3.910   ; 3.910    ;    ;      ;        ;                   ; clock path                                                          ;
;   0.000 ;   0.000  ;    ;      ;        ;                   ; source latency                                                      ;
;   0.000 ;   0.000  ;    ;      ; 1      ; LABCELL_X45_Y1_N3 ; gpu_clk                                                             ;
;   2.911 ;   2.911  ; RR ; IC   ; 1      ; CLKCTRL_G5        ; gpu_clk~CLKENA0|inclk                                               ;
;   3.209 ;   0.298  ; RR ; CELL ; 15028  ; CLKCTRL_G5        ; gpu_clk~CLKENA0|outclk                                              ;
;   5.535 ;   2.326  ; RR ; IC   ; 1      ; FF_X31_Y57_N35    ; u_render_bin|u_binner|d_jx_r[0]|clk                                 ;
;   6.113 ;   0.578  ; RR ; CELL ; 1      ; FF_X31_Y57_N35    ; zhao_geom_bin_pipe:u_render_bin|zhao_geom_binner:u_binner|d_jx_r[0] ;
;   3.910 ;   -2.203 ;    ;      ;        ;                   ; clock pessimism removed                                             ;
; 3.910   ; 0.000    ;    ;      ;        ;                   ; clock uncertainty                                                   ;
; 3.910   ; 0.000    ;    ; uTh  ; 1      ; FF_X31_Y57_N35    ; zhao_geom_bin_pipe:u_render_bin|zhao_geom_binner:u_binner|d_jx_r[0] ;
+---------+----------+----+------+--------+-------------------+---------------------------------------------------------------------+

----------------------------
; Extra Fitter Information ;
----------------------------
HTML report is unavailable in plain text report export.


Path #83: Hold slack is 0.395 
===============================================================================
+---------------------------------------------------------------------------------------------------------------------------+
; Path Summary                                                                                                              ;
+--------------------+------------------------------------------------------------------------------------------------------+
; Property           ; Value                                                                                                ;
+--------------------+------------------------------------------------------------------------------------------------------+
; From Node          ; zhao_geom_bin_pipe:u_render_bin|zhao_raster_tile_pipe:u_pipe|ax_r[8]                                 ;
; To Node            ; zhao_geom_bin_pipe:u_render_bin|zhao_raster_tile_pipe:u_pipe|zhao_raster_edgewalk:u_edgewalk|ax_r[8] ;
; Launch Clock       ; gpu_clk                                                                                              ;
; Latch Clock        ; gpu_clk                                                                                              ;
; Data Arrival Time  ; 4.282                                                                                                ;
; Data Required Time ; 3.887                                                                                                ;
; Slack              ; 0.395                                                                                                ;
+--------------------+------------------------------------------------------------------------------------------------------+

+-----------------------------------------------------------------------------------+
; Statistics                                                                        ;
+------------------------+-------+-------+-------------+------------+-------+-------+
; Property               ; Value ; Count ; Total Delay ; % of Total ; Min   ; Max   ;
+------------------------+-------+-------+-------------+------------+-------+-------+
; Hold Relationship      ; 0.000 ;       ;             ;            ;       ;       ;
; Clock Skew             ; 0.509 ;       ;             ;            ;       ;       ;
; Data Delay             ; 0.904 ;       ;             ;            ;       ;       ;
; Number of Logic Levels ;       ; 1     ;             ;            ;       ;       ;
; Physical Delays        ;       ;       ;             ;            ;       ;       ;
;  Arrival Path          ;       ;       ;             ;            ;       ;       ;
;   Clock                ;       ;       ;             ;            ;       ;       ;
;    IC                  ;       ; 2     ; 2.618       ; 78         ; 0.734 ; 1.884 ;
;    Cell                ;       ; 2     ; 0.760       ; 22         ; 0.272 ; 0.488 ;
;   Data                 ;       ;       ;             ;            ;       ;       ;
;    IC                  ;       ; 2     ; 0.781       ; 86         ; 0.000 ; 0.781 ;
;    Cell                ;       ; 3     ; 0.123       ; 14         ; 0.000 ; 0.069 ;
;    uTco                ;       ; 1     ; 0.000       ; 0          ; 0.000 ; 0.000 ;
;  Required Path         ;       ;       ;             ;            ;       ;       ;
;   Clock                ;       ;       ;             ;            ;       ;       ;
;    IC                  ;       ; 2     ; 5.207       ; 86         ; 2.296 ; 2.911 ;
;    Cell                ;       ; 2     ; 0.883       ; 14         ; 0.298 ; 0.585 ;
+------------------------+-------+-------+-------------+------------+-------+-------+
Note: Negative delays are omitted from totals when calculating percentages

+--------------------------------------------------------------------------------------------------------------------------------------------------------------------+
; Data Arrival Path                                                                                                                                                  ;
+---------+---------+----+------+--------+--------------------+------------------------------------------------------------------------------------------------------+
; Total   ; Incr    ; RF ; Type ; Fanout ; Location           ; Element                                                                                              ;
+---------+---------+----+------+--------+--------------------+------------------------------------------------------------------------------------------------------+
; 0.000   ; 0.000   ;    ;      ;        ;                    ; launch edge time                                                                                     ;
; 3.378   ; 3.378   ;    ;      ;        ;                    ; clock path                                                                                           ;
;   0.000 ;   0.000 ;    ;      ;        ;                    ; source latency                                                                                       ;
;   0.000 ;   0.000 ;    ;      ; 1      ; LABCELL_X45_Y1_N3  ; gpu_clk                                                                                              ;
;   0.734 ;   0.734 ; RR ; IC   ; 1      ; CLKCTRL_G5         ; gpu_clk~CLKENA0|inclk                                                                                ;
;   1.006 ;   0.272 ; RR ; CELL ; 15028  ; CLKCTRL_G5         ; gpu_clk~CLKENA0|outclk                                                                               ;
;   2.890 ;   1.884 ; RR ; IC   ; 1      ; FF_X27_Y47_N13     ; u_render_bin|u_pipe|ax_r[8]|clk                                                                      ;
;   3.378 ;   0.488 ; RR ; CELL ; 1      ; FF_X27_Y47_N13     ; zhao_geom_bin_pipe:u_render_bin|zhao_raster_tile_pipe:u_pipe|ax_r[8]                                 ;
; 4.282   ; 0.904   ;    ;      ;        ;                    ; data path                                                                                            ;
;   3.378 ;   0.000 ;    ; uTco ; 1      ; FF_X27_Y47_N13     ; zhao_geom_bin_pipe:u_render_bin|zhao_raster_tile_pipe:u_pipe|ax_r[8]                                 ;
;   3.378 ;   0.000 ; RR ; CELL ; 1      ; FF_X27_Y47_N13     ; u_render_bin|u_pipe|ax_r[8]|q                                                                        ;
;   4.159 ;   0.781 ; RR ; IC   ; 1      ; LABCELL_X23_Y46_N3 ; u_render_bin|u_pipe|u_edgewalk|ax_r[8]~feeder|dataf                                                  ;
;   4.213 ;   0.054 ; RR ; CELL ; 1      ; LABCELL_X23_Y46_N3 ; u_render_bin|u_pipe|u_edgewalk|ax_r[8]~feeder|combout                                                ;
;   4.213 ;   0.000 ; RR ; IC   ; 1      ; FF_X23_Y46_N5      ; u_render_bin|u_pipe|u_edgewalk|ax_r[8]|d                                                             ;
;   4.282 ;   0.069 ; RR ; CELL ; 1      ; FF_X23_Y46_N5      ; zhao_geom_bin_pipe:u_render_bin|zhao_raster_tile_pipe:u_pipe|zhao_raster_edgewalk:u_edgewalk|ax_r[8] ;
+---------+---------+----+------+--------+--------------------+------------------------------------------------------------------------------------------------------+

+--------------------------------------------------------------------------------------------------------------------------------------------------------------------+
; Data Required Path                                                                                                                                                 ;
+---------+----------+----+------+--------+-------------------+------------------------------------------------------------------------------------------------------+
; Total   ; Incr     ; RF ; Type ; Fanout ; Location          ; Element                                                                                              ;
+---------+----------+----+------+--------+-------------------+------------------------------------------------------------------------------------------------------+
; 0.000   ; 0.000    ;    ;      ;        ;                   ; latch edge time                                                                                      ;
; 3.887   ; 3.887    ;    ;      ;        ;                   ; clock path                                                                                           ;
;   0.000 ;   0.000  ;    ;      ;        ;                   ; source latency                                                                                       ;
;   0.000 ;   0.000  ;    ;      ; 1      ; LABCELL_X45_Y1_N3 ; gpu_clk                                                                                              ;
;   2.911 ;   2.911  ; RR ; IC   ; 1      ; CLKCTRL_G5        ; gpu_clk~CLKENA0|inclk                                                                                ;
;   3.209 ;   0.298  ; RR ; CELL ; 15028  ; CLKCTRL_G5        ; gpu_clk~CLKENA0|outclk                                                                               ;
;   5.505 ;   2.296  ; RR ; IC   ; 1      ; FF_X23_Y46_N5     ; u_render_bin|u_pipe|u_edgewalk|ax_r[8]|clk                                                           ;
;   6.090 ;   0.585  ; RR ; CELL ; 1      ; FF_X23_Y46_N5     ; zhao_geom_bin_pipe:u_render_bin|zhao_raster_tile_pipe:u_pipe|zhao_raster_edgewalk:u_edgewalk|ax_r[8] ;
;   3.887 ;   -2.203 ;    ;      ;        ;                   ; clock pessimism removed                                                                              ;
; 3.887   ; 0.000    ;    ;      ;        ;                   ; clock uncertainty                                                                                    ;
; 3.887   ; 0.000    ;    ; uTh  ; 1      ; FF_X23_Y46_N5     ; zhao_geom_bin_pipe:u_render_bin|zhao_raster_tile_pipe:u_pipe|zhao_raster_edgewalk:u_edgewalk|ax_r[8] ;
+---------+----------+----+------+--------+-------------------+------------------------------------------------------------------------------------------------------+

----------------------------
; Extra Fitter Information ;
----------------------------
HTML report is unavailable in plain text report export.


Path #84: Hold slack is 0.395 
===============================================================================
+-----------------------------------------------------------------------------------------------------------------------------+
; Path Summary                                                                                                                ;
+--------------------+--------------------------------------------------------------------------------------------------------+
; Property           ; Value                                                                                                  ;
+--------------------+--------------------------------------------------------------------------------------------------------+
; From Node          ; zhao_geom_bin_pipe:u_render_bin|zhao_raster_tile_pipe:u_pipe|zhao_raster_edgewalk:u_edgewalk|ax_r[11]  ;
; To Node            ; zhao_geom_bin_pipe:u_render_bin|zhao_raster_tile_pipe:u_pipe|zhao_raster_edgewalk:u_edgewalk|o2p_r[11] ;
; Launch Clock       ; gpu_clk                                                                                                ;
; Latch Clock        ; gpu_clk                                                                                                ;
; Data Arrival Time  ; 4.289                                                                                                  ;
; Data Required Time ; 3.894                                                                                                  ;
; Slack              ; 0.395                                                                                                  ;
+--------------------+--------------------------------------------------------------------------------------------------------+

+-----------------------------------------------------------------------------------+
; Statistics                                                                        ;
+------------------------+-------+-------+-------------+------------+-------+-------+
; Property               ; Value ; Count ; Total Delay ; % of Total ; Min   ; Max   ;
+------------------------+-------+-------+-------------+------------+-------+-------+
; Hold Relationship      ; 0.000 ;       ;             ;            ;       ;       ;
; Clock Skew             ; 0.502 ;       ;             ;            ;       ;       ;
; Data Delay             ; 0.897 ;       ;             ;            ;       ;       ;
; Number of Logic Levels ;       ; 1     ;             ;            ;       ;       ;
; Physical Delays        ;       ;       ;             ;            ;       ;       ;
;  Arrival Path          ;       ;       ;             ;            ;       ;       ;
;   Clock                ;       ;       ;             ;            ;       ;       ;
;    IC                  ;       ; 2     ; 2.618       ; 77         ; 0.734 ; 1.884 ;
;    Cell                ;       ; 2     ; 0.774       ; 23         ; 0.272 ; 0.502 ;
;   Data                 ;       ;       ;             ;            ;       ;       ;
;    IC                  ;       ; 2     ; 0.763       ; 85         ; 0.000 ; 0.763 ;
;    Cell                ;       ; 3     ; 0.134       ; 15         ; 0.000 ; 0.067 ;
;    uTco                ;       ; 1     ; 0.000       ; 0          ; 0.000 ; 0.000 ;
;  Required Path         ;       ;       ;             ;            ;       ;       ;
;   Clock                ;       ;       ;             ;            ;       ;       ;
;    IC                  ;       ; 2     ; 5.230       ; 86         ; 2.319 ; 2.911 ;
;    Cell                ;       ; 2     ; 0.867       ; 14         ; 0.298 ; 0.569 ;
+------------------------+-------+-------+-------------+------------+-------+-------+
Note: Negative delays are omitted from totals when calculating percentages

+----------------------------------------------------------------------------------------------------------------------------------------------------------------------+
; Data Arrival Path                                                                                                                                                    ;
+---------+---------+----+------+--------+--------------------+--------------------------------------------------------------------------------------------------------+
; Total   ; Incr    ; RF ; Type ; Fanout ; Location           ; Element                                                                                                ;
+---------+---------+----+------+--------+--------------------+--------------------------------------------------------------------------------------------------------+
; 0.000   ; 0.000   ;    ;      ;        ;                    ; launch edge time                                                                                       ;
; 3.392   ; 3.392   ;    ;      ;        ;                    ; clock path                                                                                             ;
;   0.000 ;   0.000 ;    ;      ;        ;                    ; source latency                                                                                         ;
;   0.000 ;   0.000 ;    ;      ; 1      ; LABCELL_X45_Y1_N3  ; gpu_clk                                                                                                ;
;   0.734 ;   0.734 ; RR ; IC   ; 1      ; CLKCTRL_G5         ; gpu_clk~CLKENA0|inclk                                                                                  ;
;   1.006 ;   0.272 ; RR ; CELL ; 15028  ; CLKCTRL_G5         ; gpu_clk~CLKENA0|outclk                                                                                 ;
;   2.890 ;   1.884 ; RR ; IC   ; 1      ; FF_X23_Y45_N5      ; u_render_bin|u_pipe|u_edgewalk|ax_r[11]|clk                                                            ;
;   3.392 ;   0.502 ; RR ; CELL ; 1      ; FF_X23_Y45_N5      ; zhao_geom_bin_pipe:u_render_bin|zhao_raster_tile_pipe:u_pipe|zhao_raster_edgewalk:u_edgewalk|ax_r[11]  ;
; 4.289   ; 0.897   ;    ;      ;        ;                    ; data path                                                                                              ;
;   3.392 ;   0.000 ;    ; uTco ; 1      ; FF_X23_Y45_N5      ; zhao_geom_bin_pipe:u_render_bin|zhao_raster_tile_pipe:u_pipe|zhao_raster_edgewalk:u_edgewalk|ax_r[11]  ;
;   3.392 ;   0.000 ; RR ; CELL ; 9      ; FF_X23_Y45_N5      ; u_render_bin|u_pipe|u_edgewalk|ax_r[11]|q                                                              ;
;   4.155 ;   0.763 ; RR ; IC   ; 2      ; LABCELL_X27_Y45_N0 ; u_render_bin|u_pipe|u_edgewalk|Add115~49|dataf                                                         ;
;   4.222 ;   0.067 ; RR ; CELL ; 1      ; LABCELL_X27_Y45_N0 ; u_render_bin|u_pipe|u_edgewalk|Add115~49|sumout                                                        ;
;   4.222 ;   0.000 ; RR ; IC   ; 1      ; FF_X27_Y45_N1      ; u_render_bin|u_pipe|u_edgewalk|o2p_r[11]|d                                                             ;
;   4.289 ;   0.067 ; RR ; CELL ; 1      ; FF_X27_Y45_N1      ; zhao_geom_bin_pipe:u_render_bin|zhao_raster_tile_pipe:u_pipe|zhao_raster_edgewalk:u_edgewalk|o2p_r[11] ;
+---------+---------+----+------+--------+--------------------+--------------------------------------------------------------------------------------------------------+

+----------------------------------------------------------------------------------------------------------------------------------------------------------------------+
; Data Required Path                                                                                                                                                   ;
+---------+----------+----+------+--------+-------------------+--------------------------------------------------------------------------------------------------------+
; Total   ; Incr     ; RF ; Type ; Fanout ; Location          ; Element                                                                                                ;
+---------+----------+----+------+--------+-------------------+--------------------------------------------------------------------------------------------------------+
; 0.000   ; 0.000    ;    ;      ;        ;                   ; latch edge time                                                                                        ;
; 3.894   ; 3.894    ;    ;      ;        ;                   ; clock path                                                                                             ;
;   0.000 ;   0.000  ;    ;      ;        ;                   ; source latency                                                                                         ;
;   0.000 ;   0.000  ;    ;      ; 1      ; LABCELL_X45_Y1_N3 ; gpu_clk                                                                                                ;
;   2.911 ;   2.911  ; RR ; IC   ; 1      ; CLKCTRL_G5        ; gpu_clk~CLKENA0|inclk                                                                                  ;
;   3.209 ;   0.298  ; RR ; CELL ; 15028  ; CLKCTRL_G5        ; gpu_clk~CLKENA0|outclk                                                                                 ;
;   5.528 ;   2.319  ; RR ; IC   ; 1      ; FF_X27_Y45_N1     ; u_render_bin|u_pipe|u_edgewalk|o2p_r[11]|clk                                                           ;
;   6.097 ;   0.569  ; RR ; CELL ; 1      ; FF_X27_Y45_N1     ; zhao_geom_bin_pipe:u_render_bin|zhao_raster_tile_pipe:u_pipe|zhao_raster_edgewalk:u_edgewalk|o2p_r[11] ;
;   3.894 ;   -2.203 ;    ;      ;        ;                   ; clock pessimism removed                                                                                ;
; 3.894   ; 0.000    ;    ;      ;        ;                   ; clock uncertainty                                                                                      ;
; 3.894   ; 0.000    ;    ; uTh  ; 1      ; FF_X27_Y45_N1     ; zhao_geom_bin_pipe:u_render_bin|zhao_raster_tile_pipe:u_pipe|zhao_raster_edgewalk:u_edgewalk|o2p_r[11] ;
+---------+----------+----+------+--------+-------------------+--------------------------------------------------------------------------------------------------------+

----------------------------
; Extra Fitter Information ;
----------------------------
HTML report is unavailable in plain text report export.


Path #85: Hold slack is 0.395 
===============================================================================
+--------------------------------------------------------------+
; Path Summary                                                 ;
+--------------------+-----------------------------------------+
; Property           ; Value                                   ;
+--------------------+-----------------------------------------+
; From Node          ; zhao_cmd_scheduler:u_sched|live_cmds[6] ;
; To Node            ; zhao_cmd_scheduler:u_sched|sh_cmds[6]   ;
; Launch Clock       ; gpu_clk                                 ;
; Latch Clock        ; gpu_clk                                 ;
; Data Arrival Time  ; 4.227                                   ;
; Data Required Time ; 3.832                                   ;
; Slack              ; 0.395                                   ;
+--------------------+-----------------------------------------+

+-----------------------------------------------------------------------------------+
; Statistics                                                                        ;
+------------------------+-------+-------+-------------+------------+-------+-------+
; Property               ; Value ; Count ; Total Delay ; % of Total ; Min   ; Max   ;
+------------------------+-------+-------+-------------+------------+-------+-------+
; Hold Relationship      ; 0.000 ;       ;             ;            ;       ;       ;
; Clock Skew             ; 0.438 ;       ;             ;            ;       ;       ;
; Data Delay             ; 0.833 ;       ;             ;            ;       ;       ;
; Number of Logic Levels ;       ; 0     ;             ;            ;       ;       ;
; Physical Delays        ;       ;       ;             ;            ;       ;       ;
;  Arrival Path          ;       ;       ;             ;            ;       ;       ;
;   Clock                ;       ;       ;             ;            ;       ;       ;
;    IC                  ;       ; 2     ; 2.639       ; 78         ; 0.734 ; 1.905 ;
;    Cell                ;       ; 2     ; 0.755       ; 22         ; 0.272 ; 0.483 ;
;   Data                 ;       ;       ;             ;            ;       ;       ;
;    IC                  ;       ; 1     ; 0.554       ; 67         ; 0.554 ; 0.554 ;
;    Cell                ;       ; 2     ; 0.279       ; 33         ; 0.000 ; 0.279 ;
;    uTco                ;       ; 1     ; 0.000       ; 0          ; 0.000 ; 0.000 ;
;  Required Path         ;       ;       ;             ;            ;       ;       ;
;   Clock                ;       ;       ;             ;            ;       ;       ;
;    IC                  ;       ; 2     ; 5.166       ; 86         ; 2.255 ; 2.911 ;
;    Cell                ;       ; 2     ; 0.869       ; 14         ; 0.298 ; 0.571 ;
+------------------------+-------+-------+-------------+------------+-------+-------+
Note: Negative delays are omitted from totals when calculating percentages

+------------------------------------------------------------------------------------------------------+
; Data Arrival Path                                                                                    ;
+---------+---------+----+------+--------+-------------------+-----------------------------------------+
; Total   ; Incr    ; RF ; Type ; Fanout ; Location          ; Element                                 ;
+---------+---------+----+------+--------+-------------------+-----------------------------------------+
; 0.000   ; 0.000   ;    ;      ;        ;                   ; launch edge time                        ;
; 3.394   ; 3.394   ;    ;      ;        ;                   ; clock path                              ;
;   0.000 ;   0.000 ;    ;      ;        ;                   ; source latency                          ;
;   0.000 ;   0.000 ;    ;      ; 1      ; LABCELL_X45_Y1_N3 ; gpu_clk                                 ;
;   0.734 ;   0.734 ; RR ; IC   ; 1      ; CLKCTRL_G5        ; gpu_clk~CLKENA0|inclk                   ;
;   1.006 ;   0.272 ; RR ; CELL ; 15028  ; CLKCTRL_G5        ; gpu_clk~CLKENA0|outclk                  ;
;   2.911 ;   1.905 ; RR ; IC   ; 1      ; FF_X25_Y10_N46    ; u_sched|live_cmds[6]|clk                ;
;   3.394 ;   0.483 ; RR ; CELL ; 1      ; FF_X25_Y10_N46    ; zhao_cmd_scheduler:u_sched|live_cmds[6] ;
; 4.227   ; 0.833   ;    ;      ;        ;                   ; data path                               ;
;   3.394 ;   0.000 ;    ; uTco ; 1      ; FF_X25_Y10_N46    ; zhao_cmd_scheduler:u_sched|live_cmds[6] ;
;   3.394 ;   0.000 ; RR ; CELL ; 1      ; FF_X25_Y10_N46    ; u_sched|live_cmds[6]|q                  ;
;   3.948 ;   0.554 ; RR ; IC   ; 1      ; FF_X23_Y10_N46    ; u_sched|sh_cmds[6]|asdata               ;
;   4.227 ;   0.279 ; RR ; CELL ; 1      ; FF_X23_Y10_N46    ; zhao_cmd_scheduler:u_sched|sh_cmds[6]   ;
+---------+---------+----+------+--------+-------------------+-----------------------------------------+

+-----------------------------------------------------------------------------------------------------+
; Data Required Path                                                                                  ;
+---------+----------+----+------+--------+-------------------+---------------------------------------+
; Total   ; Incr     ; RF ; Type ; Fanout ; Location          ; Element                               ;
+---------+----------+----+------+--------+-------------------+---------------------------------------+
; 0.000   ; 0.000    ;    ;      ;        ;                   ; latch edge time                       ;
; 3.832   ; 3.832    ;    ;      ;        ;                   ; clock path                            ;
;   0.000 ;   0.000  ;    ;      ;        ;                   ; source latency                        ;
;   0.000 ;   0.000  ;    ;      ; 1      ; LABCELL_X45_Y1_N3 ; gpu_clk                               ;
;   2.911 ;   2.911  ; RR ; IC   ; 1      ; CLKCTRL_G5        ; gpu_clk~CLKENA0|inclk                 ;
;   3.209 ;   0.298  ; RR ; CELL ; 15028  ; CLKCTRL_G5        ; gpu_clk~CLKENA0|outclk                ;
;   5.464 ;   2.255  ; RR ; IC   ; 1      ; FF_X23_Y10_N46    ; u_sched|sh_cmds[6]|clk                ;
;   6.035 ;   0.571  ; RR ; CELL ; 1      ; FF_X23_Y10_N46    ; zhao_cmd_scheduler:u_sched|sh_cmds[6] ;
;   3.832 ;   -2.203 ;    ;      ;        ;                   ; clock pessimism removed               ;
; 3.832   ; 0.000    ;    ;      ;        ;                   ; clock uncertainty                     ;
; 3.832   ; 0.000    ;    ; uTh  ; 1      ; FF_X23_Y10_N46    ; zhao_cmd_scheduler:u_sched|sh_cmds[6] ;
+---------+----------+----+------+--------+-------------------+---------------------------------------+

----------------------------
; Extra Fitter Information ;
----------------------------
HTML report is unavailable in plain text report export.


Path #86: Hold slack is 0.396 
===============================================================================
+-----------------------------------------+
; Path Summary                            ;
+--------------------+--------------------+
; Property           ; Value              ;
+--------------------+--------------------+
; From Node          ; pack_lo[27]        ;
; To Node            ; scan_beat_data[27] ;
; Launch Clock       ; gpu_clk            ;
; Latch Clock        ; gpu_clk            ;
; Data Arrival Time  ; 4.276              ;
; Data Required Time ; 3.880              ;
; Slack              ; 0.396              ;
+--------------------+--------------------+

+-----------------------------------------------------------------------------------+
; Statistics                                                                        ;
+------------------------+-------+-------+-------------+------------+-------+-------+
; Property               ; Value ; Count ; Total Delay ; % of Total ; Min   ; Max   ;
+------------------------+-------+-------+-------------+------------+-------+-------+
; Hold Relationship      ; 0.000 ;       ;             ;            ;       ;       ;
; Clock Skew             ; 0.512 ;       ;             ;            ;       ;       ;
; Data Delay             ; 0.908 ;       ;             ;            ;       ;       ;
; Number of Logic Levels ;       ; 1     ;             ;            ;       ;       ;
; Physical Delays        ;       ;       ;             ;            ;       ;       ;
;  Arrival Path          ;       ;       ;             ;            ;       ;       ;
;   Clock                ;       ;       ;             ;            ;       ;       ;
;    IC                  ;       ; 2     ; 2.595       ; 77         ; 0.734 ; 1.861 ;
;    Cell                ;       ; 2     ; 0.773       ; 23         ; 0.272 ; 0.501 ;
;   Data                 ;       ;       ;             ;            ;       ;       ;
;    IC                  ;       ; 2     ; 0.507       ; 56         ; 0.000 ; 0.507 ;
;    Cell                ;       ; 3     ; 0.401       ; 44         ; 0.000 ; 0.333 ;
;    uTco                ;       ; 1     ; 0.000       ; 0          ; 0.000 ; 0.000 ;
;  Required Path         ;       ;       ;             ;            ;       ;       ;
;   Clock                ;       ;       ;             ;            ;       ;       ;
;    IC                  ;       ; 2     ; 5.202       ; 86         ; 2.291 ; 2.911 ;
;    Cell                ;       ; 2     ; 0.881       ; 14         ; 0.298 ; 0.583 ;
+------------------------+-------+-------+-------------+------------+-------+-------+
Note: Negative delays are omitted from totals when calculating percentages

+--------------------------------------------------------------------------------------------------+
; Data Arrival Path                                                                                ;
+---------+---------+----+------+--------+---------------------+-----------------------------------+
; Total   ; Incr    ; RF ; Type ; Fanout ; Location            ; Element                           ;
+---------+---------+----+------+--------+---------------------+-----------------------------------+
; 0.000   ; 0.000   ;    ;      ;        ;                     ; launch edge time                  ;
; 3.368   ; 3.368   ;    ;      ;        ;                     ; clock path                        ;
;   0.000 ;   0.000 ;    ;      ;        ;                     ; source latency                    ;
;   0.000 ;   0.000 ;    ;      ; 1      ; LABCELL_X45_Y1_N3   ; gpu_clk                           ;
;   0.734 ;   0.734 ; RR ; IC   ; 1      ; CLKCTRL_G5          ; gpu_clk~CLKENA0|inclk             ;
;   1.006 ;   0.272 ; RR ; CELL ; 15028  ; CLKCTRL_G5          ; gpu_clk~CLKENA0|outclk            ;
;   2.867 ;   1.861 ; RR ; IC   ; 1      ; FF_X67_Y7_N13       ; pack_lo[27]|clk                   ;
;   3.368 ;   0.501 ; RR ; CELL ; 1      ; FF_X67_Y7_N13       ; pack_lo[27]                       ;
; 4.276   ; 0.908   ;    ;      ;        ;                     ; data path                         ;
;   3.368 ;   0.000 ;    ; uTco ; 1      ; FF_X67_Y7_N13       ; pack_lo[27]                       ;
;   3.368 ;   0.000 ; FF ; CELL ; 1      ; FF_X67_Y7_N13       ; pack_lo[27]|q                     ;
;   3.875 ;   0.507 ; FF ; IC   ; 1      ; MLABCELL_X65_Y7_N45 ; scan_beat_data[27]~feeder|datac   ;
;   4.208 ;   0.333 ; FF ; CELL ; 1      ; MLABCELL_X65_Y7_N45 ; scan_beat_data[27]~feeder|combout ;
;   4.208 ;   0.000 ; FF ; IC   ; 1      ; FF_X65_Y7_N46       ; scan_beat_data[27]|d              ;
;   4.276 ;   0.068 ; FF ; CELL ; 1      ; FF_X65_Y7_N46       ; scan_beat_data[27]                ;
+---------+---------+----+------+--------+---------------------+-----------------------------------+

+---------------------------------------------------------------------------------------+
; Data Required Path                                                                    ;
+---------+----------+----+------+--------+-------------------+-------------------------+
; Total   ; Incr     ; RF ; Type ; Fanout ; Location          ; Element                 ;
+---------+----------+----+------+--------+-------------------+-------------------------+
; 0.000   ; 0.000    ;    ;      ;        ;                   ; latch edge time         ;
; 3.880   ; 3.880    ;    ;      ;        ;                   ; clock path              ;
;   0.000 ;   0.000  ;    ;      ;        ;                   ; source latency          ;
;   0.000 ;   0.000  ;    ;      ; 1      ; LABCELL_X45_Y1_N3 ; gpu_clk                 ;
;   2.911 ;   2.911  ; RR ; IC   ; 1      ; CLKCTRL_G5        ; gpu_clk~CLKENA0|inclk   ;
;   3.209 ;   0.298  ; RR ; CELL ; 15028  ; CLKCTRL_G5        ; gpu_clk~CLKENA0|outclk  ;
;   5.500 ;   2.291  ; RR ; IC   ; 1      ; FF_X65_Y7_N46     ; scan_beat_data[27]|clk  ;
;   6.083 ;   0.583  ; RR ; CELL ; 1      ; FF_X65_Y7_N46     ; scan_beat_data[27]      ;
;   3.880 ;   -2.203 ;    ;      ;        ;                   ; clock pessimism removed ;
; 3.880   ; 0.000    ;    ;      ;        ;                   ; clock uncertainty       ;
; 3.880   ; 0.000    ;    ; uTh  ; 1      ; FF_X65_Y7_N46     ; scan_beat_data[27]      ;
+---------+----------+----+------+--------+-------------------+-------------------------+

----------------------------
; Extra Fitter Information ;
----------------------------
HTML report is unavailable in plain text report export.


Path #87: Hold slack is 0.396 
===============================================================================
+---------------------------------------------------------------+
; Path Summary                                                  ;
+--------------------+------------------------------------------+
; Property           ; Value                                    ;
+--------------------+------------------------------------------+
; From Node          ; zhao_cmd_scheduler:u_sched|live_cmds[26] ;
; To Node            ; zhao_cmd_scheduler:u_sched|sh_cmds[26]   ;
; Launch Clock       ; gpu_clk                                  ;
; Latch Clock        ; gpu_clk                                  ;
; Data Arrival Time  ; 4.227                                    ;
; Data Required Time ; 3.831                                    ;
; Slack              ; 0.396                                    ;
+--------------------+------------------------------------------+

+-----------------------------------------------------------------------------------+
; Statistics                                                                        ;
+------------------------+-------+-------+-------------+------------+-------+-------+
; Property               ; Value ; Count ; Total Delay ; % of Total ; Min   ; Max   ;
+------------------------+-------+-------+-------------+------------+-------+-------+
; Hold Relationship      ; 0.000 ;       ;             ;            ;       ;       ;
; Clock Skew             ; 0.442 ;       ;             ;            ;       ;       ;
; Data Delay             ; 0.838 ;       ;             ;            ;       ;       ;
; Number of Logic Levels ;       ; 0     ;             ;            ;       ;       ;
; Physical Delays        ;       ;       ;             ;            ;       ;       ;
;  Arrival Path          ;       ;       ;             ;            ;       ;       ;
;   Clock                ;       ;       ;             ;            ;       ;       ;
;    IC                  ;       ; 2     ; 2.637       ; 78         ; 0.734 ; 1.903 ;
;    Cell                ;       ; 2     ; 0.752       ; 22         ; 0.272 ; 0.480 ;
;   Data                 ;       ;       ;             ;            ;       ;       ;
;    IC                  ;       ; 1     ; 0.552       ; 66         ; 0.552 ; 0.552 ;
;    Cell                ;       ; 2     ; 0.286       ; 34         ; 0.000 ; 0.286 ;
;    uTco                ;       ; 1     ; 0.000       ; 0          ; 0.000 ; 0.000 ;
;  Required Path         ;       ;       ;             ;            ;       ;       ;
;   Clock                ;       ;       ;             ;            ;       ;       ;
;    IC                  ;       ; 2     ; 5.165       ; 86         ; 2.254 ; 2.911 ;
;    Cell                ;       ; 2     ; 0.869       ; 14         ; 0.298 ; 0.571 ;
+------------------------+-------+-------+-------------+------------+-------+-------+
Note: Negative delays are omitted from totals when calculating percentages

+-------------------------------------------------------------------------------------------------------+
; Data Arrival Path                                                                                     ;
+---------+---------+----+------+--------+-------------------+------------------------------------------+
; Total   ; Incr    ; RF ; Type ; Fanout ; Location          ; Element                                  ;
+---------+---------+----+------+--------+-------------------+------------------------------------------+
; 0.000   ; 0.000   ;    ;      ;        ;                   ; launch edge time                         ;
; 3.389   ; 3.389   ;    ;      ;        ;                   ; clock path                               ;
;   0.000 ;   0.000 ;    ;      ;        ;                   ; source latency                           ;
;   0.000 ;   0.000 ;    ;      ; 1      ; LABCELL_X45_Y1_N3 ; gpu_clk                                  ;
;   0.734 ;   0.734 ; RR ; IC   ; 1      ; CLKCTRL_G5        ; gpu_clk~CLKENA0|inclk                    ;
;   1.006 ;   0.272 ; RR ; CELL ; 15028  ; CLKCTRL_G5        ; gpu_clk~CLKENA0|outclk                   ;
;   2.909 ;   1.903 ; RR ; IC   ; 1      ; FF_X25_Y9_N46     ; u_sched|live_cmds[26]|clk                ;
;   3.389 ;   0.480 ; RR ; CELL ; 1      ; FF_X25_Y9_N46     ; zhao_cmd_scheduler:u_sched|live_cmds[26] ;
; 4.227   ; 0.838   ;    ;      ;        ;                   ; data path                                ;
;   3.389 ;   0.000 ;    ; uTco ; 1      ; FF_X25_Y9_N46     ; zhao_cmd_scheduler:u_sched|live_cmds[26] ;
;   3.389 ;   0.000 ; RR ; CELL ; 1      ; FF_X25_Y9_N46     ; u_sched|live_cmds[26]|q                  ;
;   3.941 ;   0.552 ; RR ; IC   ; 1      ; FF_X24_Y9_N22     ; u_sched|sh_cmds[26]|asdata               ;
;   4.227 ;   0.286 ; RR ; CELL ; 1      ; FF_X24_Y9_N22     ; zhao_cmd_scheduler:u_sched|sh_cmds[26]   ;
+---------+---------+----+------+--------+-------------------+------------------------------------------+

+------------------------------------------------------------------------------------------------------+
; Data Required Path                                                                                   ;
+---------+----------+----+------+--------+-------------------+----------------------------------------+
; Total   ; Incr     ; RF ; Type ; Fanout ; Location          ; Element                                ;
+---------+----------+----+------+--------+-------------------+----------------------------------------+
; 0.000   ; 0.000    ;    ;      ;        ;                   ; latch edge time                        ;
; 3.831   ; 3.831    ;    ;      ;        ;                   ; clock path                             ;
;   0.000 ;   0.000  ;    ;      ;        ;                   ; source latency                         ;
;   0.000 ;   0.000  ;    ;      ; 1      ; LABCELL_X45_Y1_N3 ; gpu_clk                                ;
;   2.911 ;   2.911  ; RR ; IC   ; 1      ; CLKCTRL_G5        ; gpu_clk~CLKENA0|inclk                  ;
;   3.209 ;   0.298  ; RR ; CELL ; 15028  ; CLKCTRL_G5        ; gpu_clk~CLKENA0|outclk                 ;
;   5.463 ;   2.254  ; RR ; IC   ; 1      ; FF_X24_Y9_N22     ; u_sched|sh_cmds[26]|clk                ;
;   6.034 ;   0.571  ; RR ; CELL ; 1      ; FF_X24_Y9_N22     ; zhao_cmd_scheduler:u_sched|sh_cmds[26] ;
;   3.831 ;   -2.203 ;    ;      ;        ;                   ; clock pessimism removed                ;
; 3.831   ; 0.000    ;    ;      ;        ;                   ; clock uncertainty                      ;
; 3.831   ; 0.000    ;    ; uTh  ; 1      ; FF_X24_Y9_N22     ; zhao_cmd_scheduler:u_sched|sh_cmds[26] ;
+---------+----------+----+------+--------+-------------------+----------------------------------------+

----------------------------
; Extra Fitter Information ;
----------------------------
HTML report is unavailable in plain text report export.


Path #88: Hold slack is 0.399 
===============================================================================
+---------------------------------------------------------------+
; Path Summary                                                  ;
+--------------------+------------------------------------------+
; Property           ; Value                                    ;
+--------------------+------------------------------------------+
; From Node          ; zhao_cmd_scheduler:u_sched|fetch_len[31] ;
; To Node            ; zhao_cmd_dma:u_dma|f_len[31]             ;
; Launch Clock       ; gpu_clk                                  ;
; Latch Clock        ; gpu_clk                                  ;
; Data Arrival Time  ; 4.213                                    ;
; Data Required Time ; 3.814                                    ;
; Slack              ; 0.399                                    ;
+--------------------+------------------------------------------+

+-----------------------------------------------------------------------------------+
; Statistics                                                                        ;
+------------------------+-------+-------+-------------+------------+-------+-------+
; Property               ; Value ; Count ; Total Delay ; % of Total ; Min   ; Max   ;
+------------------------+-------+-------+-------------+------------+-------+-------+
; Hold Relationship      ; 0.000 ;       ;             ;            ;       ;       ;
; Clock Skew             ; 0.484 ;       ;             ;            ;       ;       ;
; Data Delay             ; 0.883 ;       ;             ;            ;       ;       ;
; Number of Logic Levels ;       ; 0     ;             ;            ;       ;       ;
; Physical Delays        ;       ;       ;             ;            ;       ;       ;
;  Arrival Path          ;       ;       ;             ;            ;       ;       ;
;   Clock                ;       ;       ;             ;            ;       ;       ;
;    IC                  ;       ; 2     ; 2.566       ; 77         ; 0.734 ; 1.832 ;
;    Cell                ;       ; 2     ; 0.764       ; 23         ; 0.272 ; 0.492 ;
;   Data                 ;       ;       ;             ;            ;       ;       ;
;    IC                  ;       ; 1     ; 0.597       ; 68         ; 0.597 ; 0.597 ;
;    Cell                ;       ; 2     ; 0.286       ; 32         ; 0.000 ; 0.286 ;
;    uTco                ;       ; 1     ; 0.000       ; 0          ; 0.000 ; 0.000 ;
;  Required Path         ;       ;       ;             ;            ;       ;       ;
;   Clock                ;       ;       ;             ;            ;       ;       ;
;    IC                  ;       ; 2     ; 5.157       ; 86         ; 2.246 ; 2.911 ;
;    Cell                ;       ; 2     ; 0.860       ; 14         ; 0.298 ; 0.562 ;
+------------------------+-------+-------+-------------+------------+-------+-------+
Note: Negative delays are omitted from totals when calculating percentages

+-------------------------------------------------------------------------------------------------------+
; Data Arrival Path                                                                                     ;
+---------+---------+----+------+--------+-------------------+------------------------------------------+
; Total   ; Incr    ; RF ; Type ; Fanout ; Location          ; Element                                  ;
+---------+---------+----+------+--------+-------------------+------------------------------------------+
; 0.000   ; 0.000   ;    ;      ;        ;                   ; launch edge time                         ;
; 3.330   ; 3.330   ;    ;      ;        ;                   ; clock path                               ;
;   0.000 ;   0.000 ;    ;      ;        ;                   ; source latency                           ;
;   0.000 ;   0.000 ;    ;      ; 1      ; LABCELL_X45_Y1_N3 ; gpu_clk                                  ;
;   0.734 ;   0.734 ; RR ; IC   ; 1      ; CLKCTRL_G5        ; gpu_clk~CLKENA0|inclk                    ;
;   1.006 ;   0.272 ; RR ; CELL ; 15028  ; CLKCTRL_G5        ; gpu_clk~CLKENA0|outclk                   ;
;   2.838 ;   1.832 ; RR ; IC   ; 1      ; FF_X62_Y22_N20    ; u_sched|fetch_len[31]|clk                ;
;   3.330 ;   0.492 ; RR ; CELL ; 1      ; FF_X62_Y22_N20    ; zhao_cmd_scheduler:u_sched|fetch_len[31] ;
; 4.213   ; 0.883   ;    ;      ;        ;                   ; data path                                ;
;   3.330 ;   0.000 ;    ; uTco ; 1      ; FF_X62_Y22_N20    ; zhao_cmd_scheduler:u_sched|fetch_len[31] ;
;   3.330 ;   0.000 ; RR ; CELL ; 2      ; FF_X62_Y22_N20    ; u_sched|fetch_len[31]|q                  ;
;   3.927 ;   0.597 ; RR ; IC   ; 1      ; FF_X68_Y22_N46    ; u_dma|f_len[31]|asdata                   ;
;   4.213 ;   0.286 ; RR ; CELL ; 1      ; FF_X68_Y22_N46    ; zhao_cmd_dma:u_dma|f_len[31]             ;
+---------+---------+----+------+--------+-------------------+------------------------------------------+

+--------------------------------------------------------------------------------------------+
; Data Required Path                                                                         ;
+---------+----------+----+------+--------+-------------------+------------------------------+
; Total   ; Incr     ; RF ; Type ; Fanout ; Location          ; Element                      ;
+---------+----------+----+------+--------+-------------------+------------------------------+
; 0.000   ; 0.000    ;    ;      ;        ;                   ; latch edge time              ;
; 3.814   ; 3.814    ;    ;      ;        ;                   ; clock path                   ;
;   0.000 ;   0.000  ;    ;      ;        ;                   ; source latency               ;
;   0.000 ;   0.000  ;    ;      ; 1      ; LABCELL_X45_Y1_N3 ; gpu_clk                      ;
;   2.911 ;   2.911  ; RR ; IC   ; 1      ; CLKCTRL_G5        ; gpu_clk~CLKENA0|inclk        ;
;   3.209 ;   0.298  ; RR ; CELL ; 15028  ; CLKCTRL_G5        ; gpu_clk~CLKENA0|outclk       ;
;   5.455 ;   2.246  ; RR ; IC   ; 1      ; FF_X68_Y22_N46    ; u_dma|f_len[31]|clk          ;
;   6.017 ;   0.562  ; RR ; CELL ; 1      ; FF_X68_Y22_N46    ; zhao_cmd_dma:u_dma|f_len[31] ;
;   3.814 ;   -2.203 ;    ;      ;        ;                   ; clock pessimism removed      ;
; 3.814   ; 0.000    ;    ;      ;        ;                   ; clock uncertainty            ;
; 3.814   ; 0.000    ;    ; uTh  ; 1      ; FF_X68_Y22_N46    ; zhao_cmd_dma:u_dma|f_len[31] ;
+---------+----------+----+------+--------+-------------------+------------------------------+

----------------------------
; Extra Fitter Information ;
----------------------------
HTML report is unavailable in plain text report export.


Path #89: Hold slack is 0.399 
===============================================================================
+---------------------------------------------------------------------+
; Path Summary                                                        ;
+--------------------+------------------------------------------------+
; Property           ; Value                                          ;
+--------------------+------------------------------------------------+
; From Node          ; zhao_input_rumble:u_rumble|pend_strength[0][7] ;
; To Node            ; zhao_input_rumble:u_rumble|duty[0][7]          ;
; Launch Clock       ; gpu_clk                                        ;
; Latch Clock        ; gpu_clk                                        ;
; Data Arrival Time  ; 4.275                                          ;
; Data Required Time ; 3.876                                          ;
; Slack              ; 0.399                                          ;
+--------------------+------------------------------------------------+

+-----------------------------------------------------------------------------------+
; Statistics                                                                        ;
+------------------------+-------+-------+-------------+------------+-------+-------+
; Property               ; Value ; Count ; Total Delay ; % of Total ; Min   ; Max   ;
+------------------------+-------+-------+-------------+------------+-------+-------+
; Hold Relationship      ; 0.000 ;       ;             ;            ;       ;       ;
; Clock Skew             ; 0.511 ;       ;             ;            ;       ;       ;
; Data Delay             ; 0.910 ;       ;             ;            ;       ;       ;
; Number of Logic Levels ;       ; 0     ;             ;            ;       ;       ;
; Physical Delays        ;       ;       ;             ;            ;       ;       ;
;  Arrival Path          ;       ;       ;             ;            ;       ;       ;
;   Clock                ;       ;       ;             ;            ;       ;       ;
;    IC                  ;       ; 2     ; 2.596       ; 77         ; 0.734 ; 1.862 ;
;    Cell                ;       ; 2     ; 0.769       ; 23         ; 0.272 ; 0.497 ;
;   Data                 ;       ;       ;             ;            ;       ;       ;
;    IC                  ;       ; 1     ; 0.554       ; 61         ; 0.554 ; 0.554 ;
;    Cell                ;       ; 2     ; 0.356       ; 39         ; 0.000 ; 0.356 ;
;    uTco                ;       ; 1     ; 0.000       ; 0          ; 0.000 ; 0.000 ;
;  Required Path         ;       ;       ;             ;            ;       ;       ;
;   Clock                ;       ;       ;             ;            ;       ;       ;
;    IC                  ;       ; 2     ; 5.203       ; 86         ; 2.292 ; 2.911 ;
;    Cell                ;       ; 2     ; 0.876       ; 14         ; 0.298 ; 0.578 ;
+------------------------+-------+-------+-------------+------------+-------+-------+
Note: Negative delays are omitted from totals when calculating percentages

+-------------------------------------------------------------------------------------------------------------+
; Data Arrival Path                                                                                           ;
+---------+---------+----+------+--------+-------------------+------------------------------------------------+
; Total   ; Incr    ; RF ; Type ; Fanout ; Location          ; Element                                        ;
+---------+---------+----+------+--------+-------------------+------------------------------------------------+
; 0.000   ; 0.000   ;    ;      ;        ;                   ; launch edge time                               ;
; 3.365   ; 3.365   ;    ;      ;        ;                   ; clock path                                     ;
;   0.000 ;   0.000 ;    ;      ;        ;                   ; source latency                                 ;
;   0.000 ;   0.000 ;    ;      ; 1      ; LABCELL_X45_Y1_N3 ; gpu_clk                                        ;
;   0.734 ;   0.734 ; RR ; IC   ; 1      ; CLKCTRL_G5        ; gpu_clk~CLKENA0|inclk                          ;
;   1.006 ;   0.272 ; RR ; CELL ; 15028  ; CLKCTRL_G5        ; gpu_clk~CLKENA0|outclk                         ;
;   2.868 ;   1.862 ; RR ; IC   ; 1      ; FF_X68_Y5_N40     ; u_rumble|pend_strength[0][7]|clk               ;
;   3.365 ;   0.497 ; RR ; CELL ; 1      ; FF_X68_Y5_N40     ; zhao_input_rumble:u_rumble|pend_strength[0][7] ;
; 4.275   ; 0.910   ;    ;      ;        ;                   ; data path                                      ;
;   3.365 ;   0.000 ;    ; uTco ; 1      ; FF_X68_Y5_N40     ; zhao_input_rumble:u_rumble|pend_strength[0][7] ;
;   3.365 ;   0.000 ; FF ; CELL ; 1      ; FF_X68_Y5_N40     ; u_rumble|pend_strength[0][7]|q                 ;
;   3.919 ;   0.554 ; FF ; IC   ; 1      ; FF_X65_Y5_N26     ; u_rumble|duty[0][7]|asdata                     ;
;   4.275 ;   0.356 ; FF ; CELL ; 1      ; FF_X65_Y5_N26     ; zhao_input_rumble:u_rumble|duty[0][7]          ;
+---------+---------+----+------+--------+-------------------+------------------------------------------------+

+-----------------------------------------------------------------------------------------------------+
; Data Required Path                                                                                  ;
+---------+----------+----+------+--------+-------------------+---------------------------------------+
; Total   ; Incr     ; RF ; Type ; Fanout ; Location          ; Element                               ;
+---------+----------+----+------+--------+-------------------+---------------------------------------+
; 0.000   ; 0.000    ;    ;      ;        ;                   ; latch edge time                       ;
; 3.876   ; 3.876    ;    ;      ;        ;                   ; clock path                            ;
;   0.000 ;   0.000  ;    ;      ;        ;                   ; source latency                        ;
;   0.000 ;   0.000  ;    ;      ; 1      ; LABCELL_X45_Y1_N3 ; gpu_clk                               ;
;   2.911 ;   2.911  ; RR ; IC   ; 1      ; CLKCTRL_G5        ; gpu_clk~CLKENA0|inclk                 ;
;   3.209 ;   0.298  ; RR ; CELL ; 15028  ; CLKCTRL_G5        ; gpu_clk~CLKENA0|outclk                ;
;   5.501 ;   2.292  ; RR ; IC   ; 1      ; FF_X65_Y5_N26     ; u_rumble|duty[0][7]|clk               ;
;   6.079 ;   0.578  ; RR ; CELL ; 1      ; FF_X65_Y5_N26     ; zhao_input_rumble:u_rumble|duty[0][7] ;
;   3.876 ;   -2.203 ;    ;      ;        ;                   ; clock pessimism removed               ;
; 3.876   ; 0.000    ;    ;      ;        ;                   ; clock uncertainty                     ;
; 3.876   ; 0.000    ;    ; uTh  ; 1      ; FF_X65_Y5_N26     ; zhao_input_rumble:u_rumble|duty[0][7] ;
+---------+----------+----+------+--------+-------------------+---------------------------------------+

----------------------------
; Extra Fitter Information ;
----------------------------
HTML report is unavailable in plain text report export.


Path #90: Hold slack is 0.399 
===============================================================================
+-----------------------------------------------------------------------+
; Path Summary                                                          ;
+--------------------+--------------------------------------------------+
; Property           ; Value                                            ;
+--------------------+--------------------------------------------------+
; From Node          ; zhao_vram_arbiter:u_arb|vram_bytes[2][27]        ;
; To Node            ; zhao_vram_arbiter:u_arb|vram_bytes_shadow[2][27] ;
; Launch Clock       ; gpu_clk                                          ;
; Latch Clock        ; gpu_clk                                          ;
; Data Arrival Time  ; 3.912                                            ;
; Data Required Time ; 3.513                                            ;
; Slack              ; 0.399                                            ;
+--------------------+--------------------------------------------------+

+-----------------------------------------------------------------------------------+
; Statistics                                                                        ;
+------------------------+-------+-------+-------------+------------+-------+-------+
; Property               ; Value ; Count ; Total Delay ; % of Total ; Min   ; Max   ;
+------------------------+-------+-------+-------------+------------+-------+-------+
; Hold Relationship      ; 0.000 ;       ;             ;            ;       ;       ;
; Clock Skew             ; 0.109 ;       ;             ;            ;       ;       ;
; Data Delay             ; 0.508 ;       ;             ;            ;       ;       ;
; Number of Logic Levels ;       ; 1     ;             ;            ;       ;       ;
; Physical Delays        ;       ;       ;             ;            ;       ;       ;
;  Arrival Path          ;       ;       ;             ;            ;       ;       ;
;   Clock                ;       ;       ;             ;            ;       ;       ;
;    IC                  ;       ; 2     ; 2.642       ; 78         ; 0.734 ; 1.908 ;
;    Cell                ;       ; 2     ; 0.762       ; 22         ; 0.272 ; 0.490 ;
;   Data                 ;       ;       ;             ;            ;       ;       ;
;    IC                  ;       ; 2     ; 0.391       ; 77         ; 0.000 ; 0.391 ;
;    Cell                ;       ; 3     ; 0.117       ; 23         ; 0.000 ; 0.069 ;
;    uTco                ;       ; 1     ; 0.000       ; 0          ; 0.000 ; 0.000 ;
;  Required Path         ;       ;       ;             ;            ;       ;       ;
;   Clock                ;       ;       ;             ;            ;       ;       ;
;    IC                  ;       ; 2     ; 5.247       ; 86         ; 2.336 ; 2.911 ;
;    Cell                ;       ; 2     ; 0.867       ; 14         ; 0.298 ; 0.569 ;
+------------------------+-------+-------+-------------+------------+-------+-------+
Note: Negative delays are omitted from totals when calculating percentages

+-----------------------------------------------------------------------------------------------------------------+
; Data Arrival Path                                                                                               ;
+---------+---------+----+------+--------+---------------------+--------------------------------------------------+
; Total   ; Incr    ; RF ; Type ; Fanout ; Location            ; Element                                          ;
+---------+---------+----+------+--------+---------------------+--------------------------------------------------+
; 0.000   ; 0.000   ;    ;      ;        ;                     ; launch edge time                                 ;
; 3.404   ; 3.404   ;    ;      ;        ;                     ; clock path                                       ;
;   0.000 ;   0.000 ;    ;      ;        ;                     ; source latency                                   ;
;   0.000 ;   0.000 ;    ;      ; 1      ; LABCELL_X45_Y1_N3   ; gpu_clk                                          ;
;   0.734 ;   0.734 ; RR ; IC   ; 1      ; CLKCTRL_G5          ; gpu_clk~CLKENA0|inclk                            ;
;   1.006 ;   0.272 ; RR ; CELL ; 15028  ; CLKCTRL_G5          ; gpu_clk~CLKENA0|outclk                           ;
;   2.914 ;   1.908 ; RR ; IC   ; 1      ; FF_X35_Y13_N19      ; u_arb|vram_bytes[2][27]|clk                      ;
;   3.404 ;   0.490 ; RR ; CELL ; 1      ; FF_X35_Y13_N19      ; zhao_vram_arbiter:u_arb|vram_bytes[2][27]        ;
; 3.912   ; 0.508   ;    ;      ;        ;                     ; data path                                        ;
;   3.404 ;   0.000 ;    ; uTco ; 1      ; FF_X35_Y13_N19      ; zhao_vram_arbiter:u_arb|vram_bytes[2][27]        ;
;   3.404 ;   0.000 ; FF ; CELL ; 3      ; FF_X35_Y13_N19      ; u_arb|vram_bytes[2][27]|q                        ;
;   3.795 ;   0.391 ; FF ; IC   ; 1      ; LABCELL_X35_Y13_N39 ; u_arb|vram_bytes_shadow[2][27]~feeder|dataf      ;
;   3.843 ;   0.048 ; FF ; CELL ; 1      ; LABCELL_X35_Y13_N39 ; u_arb|vram_bytes_shadow[2][27]~feeder|combout    ;
;   3.843 ;   0.000 ; FF ; IC   ; 1      ; FF_X35_Y13_N41      ; u_arb|vram_bytes_shadow[2][27]|d                 ;
;   3.912 ;   0.069 ; FF ; CELL ; 1      ; FF_X35_Y13_N41      ; zhao_vram_arbiter:u_arb|vram_bytes_shadow[2][27] ;
+---------+---------+----+------+--------+---------------------+--------------------------------------------------+

+----------------------------------------------------------------------------------------------------------------+
; Data Required Path                                                                                             ;
+---------+----------+----+------+--------+-------------------+--------------------------------------------------+
; Total   ; Incr     ; RF ; Type ; Fanout ; Location          ; Element                                          ;
+---------+----------+----+------+--------+-------------------+--------------------------------------------------+
; 0.000   ; 0.000    ;    ;      ;        ;                   ; latch edge time                                  ;
; 3.513   ; 3.513    ;    ;      ;        ;                   ; clock path                                       ;
;   0.000 ;   0.000  ;    ;      ;        ;                   ; source latency                                   ;
;   0.000 ;   0.000  ;    ;      ; 1      ; LABCELL_X45_Y1_N3 ; gpu_clk                                          ;
;   2.911 ;   2.911  ; RR ; IC   ; 1      ; CLKCTRL_G5        ; gpu_clk~CLKENA0|inclk                            ;
;   3.209 ;   0.298  ; RR ; CELL ; 15028  ; CLKCTRL_G5        ; gpu_clk~CLKENA0|outclk                           ;
;   5.545 ;   2.336  ; RR ; IC   ; 1      ; FF_X35_Y13_N41    ; u_arb|vram_bytes_shadow[2][27]|clk               ;
;   6.114 ;   0.569  ; RR ; CELL ; 1      ; FF_X35_Y13_N41    ; zhao_vram_arbiter:u_arb|vram_bytes_shadow[2][27] ;
;   3.513 ;   -2.601 ;    ;      ;        ;                   ; clock pessimism removed                          ;
; 3.513   ; 0.000    ;    ;      ;        ;                   ; clock uncertainty                                ;
; 3.513   ; 0.000    ;    ; uTh  ; 1      ; FF_X35_Y13_N41    ; zhao_vram_arbiter:u_arb|vram_bytes_shadow[2][27] ;
+---------+----------+----+------+--------+-------------------+--------------------------------------------------+

----------------------------
; Extra Fitter Information ;
----------------------------
HTML report is unavailable in plain text report export.


Path #91: Hold slack is 0.401 
===============================================================================
+---------------------------------------------------------------+
; Path Summary                                                  ;
+--------------------+------------------------------------------+
; Property           ; Value                                    ;
+--------------------+------------------------------------------+
; From Node          ; zhao_cmd_scheduler:u_sched|live_cmds[45] ;
; To Node            ; zhao_cmd_scheduler:u_sched|sh_cmds[45]   ;
; Launch Clock       ; gpu_clk                                  ;
; Latch Clock        ; gpu_clk                                  ;
; Data Arrival Time  ; 4.247                                    ;
; Data Required Time ; 3.846                                    ;
; Slack              ; 0.401                                    ;
+--------------------+------------------------------------------+

+-----------------------------------------------------------------------------------+
; Statistics                                                                        ;
+------------------------+-------+-------+-------------+------------+-------+-------+
; Property               ; Value ; Count ; Total Delay ; % of Total ; Min   ; Max   ;
+------------------------+-------+-------+-------------+------------+-------+-------+
; Hold Relationship      ; 0.000 ;       ;             ;            ;       ;       ;
; Clock Skew             ; 0.454 ;       ;             ;            ;       ;       ;
; Data Delay             ; 0.855 ;       ;             ;            ;       ;       ;
; Number of Logic Levels ;       ; 1     ;             ;            ;       ;       ;
; Physical Delays        ;       ;       ;             ;            ;       ;       ;
;  Arrival Path          ;       ;       ;             ;            ;       ;       ;
;   Clock                ;       ;       ;             ;            ;       ;       ;
;    IC                  ;       ; 2     ; 2.638       ; 78         ; 0.734 ; 1.904 ;
;    Cell                ;       ; 2     ; 0.754       ; 22         ; 0.272 ; 0.482 ;
;   Data                 ;       ;       ;             ;            ;       ;       ;
;    IC                  ;       ; 2     ; 0.345       ; 40         ; 0.000 ; 0.345 ;
;    Cell                ;       ; 3     ; 0.510       ; 60         ; 0.000 ; 0.442 ;
;    uTco                ;       ; 1     ; 0.000       ; 0          ; 0.000 ; 0.000 ;
;  Required Path         ;       ;       ;             ;            ;       ;       ;
;   Clock                ;       ;       ;             ;            ;       ;       ;
;    IC                  ;       ; 2     ; 5.168       ; 85         ; 2.257 ; 2.911 ;
;    Cell                ;       ; 2     ; 0.881       ; 15         ; 0.298 ; 0.583 ;
+------------------------+-------+-------+-------------+------------+-------+-------+
Note: Negative delays are omitted from totals when calculating percentages

+--------------------------------------------------------------------------------------------------------+
; Data Arrival Path                                                                                      ;
+---------+---------+----+------+--------+--------------------+------------------------------------------+
; Total   ; Incr    ; RF ; Type ; Fanout ; Location           ; Element                                  ;
+---------+---------+----+------+--------+--------------------+------------------------------------------+
; 0.000   ; 0.000   ;    ;      ;        ;                    ; launch edge time                         ;
; 3.392   ; 3.392   ;    ;      ;        ;                    ; clock path                               ;
;   0.000 ;   0.000 ;    ;      ;        ;                    ; source latency                           ;
;   0.000 ;   0.000 ;    ;      ; 1      ; LABCELL_X45_Y1_N3  ; gpu_clk                                  ;
;   0.734 ;   0.734 ; RR ; IC   ; 1      ; CLKCTRL_G5         ; gpu_clk~CLKENA0|inclk                    ;
;   1.006 ;   0.272 ; RR ; CELL ; 15028  ; CLKCTRL_G5         ; gpu_clk~CLKENA0|outclk                   ;
;   2.910 ;   1.904 ; RR ; IC   ; 1      ; FF_X25_Y8_N44      ; u_sched|live_cmds[45]|clk                ;
;   3.392 ;   0.482 ; RR ; CELL ; 1      ; FF_X25_Y8_N44      ; zhao_cmd_scheduler:u_sched|live_cmds[45] ;
; 4.247   ; 0.855   ;    ;      ;        ;                    ; data path                                ;
;   3.392 ;   0.000 ;    ; uTco ; 1      ; FF_X25_Y8_N44      ; zhao_cmd_scheduler:u_sched|live_cmds[45] ;
;   3.392 ;   0.000 ; FF ; CELL ; 2      ; FF_X25_Y8_N44      ; u_sched|live_cmds[45]|q                  ;
;   3.737 ;   0.345 ; FF ; IC   ; 1      ; LABCELL_X24_Y8_N12 ; u_sched|sh_cmds[45]~feeder|datab         ;
;   4.179 ;   0.442 ; FF ; CELL ; 1      ; LABCELL_X24_Y8_N12 ; u_sched|sh_cmds[45]~feeder|combout       ;
;   4.179 ;   0.000 ; FF ; IC   ; 1      ; FF_X24_Y8_N13      ; u_sched|sh_cmds[45]|d                    ;
;   4.247 ;   0.068 ; FF ; CELL ; 1      ; FF_X24_Y8_N13      ; zhao_cmd_scheduler:u_sched|sh_cmds[45]   ;
+---------+---------+----+------+--------+--------------------+------------------------------------------+

+------------------------------------------------------------------------------------------------------+
; Data Required Path                                                                                   ;
+---------+----------+----+------+--------+-------------------+----------------------------------------+
; Total   ; Incr     ; RF ; Type ; Fanout ; Location          ; Element                                ;
+---------+----------+----+------+--------+-------------------+----------------------------------------+
; 0.000   ; 0.000    ;    ;      ;        ;                   ; latch edge time                        ;
; 3.846   ; 3.846    ;    ;      ;        ;                   ; clock path                             ;
;   0.000 ;   0.000  ;    ;      ;        ;                   ; source latency                         ;
;   0.000 ;   0.000  ;    ;      ; 1      ; LABCELL_X45_Y1_N3 ; gpu_clk                                ;
;   2.911 ;   2.911  ; RR ; IC   ; 1      ; CLKCTRL_G5        ; gpu_clk~CLKENA0|inclk                  ;
;   3.209 ;   0.298  ; RR ; CELL ; 15028  ; CLKCTRL_G5        ; gpu_clk~CLKENA0|outclk                 ;
;   5.466 ;   2.257  ; RR ; IC   ; 1      ; FF_X24_Y8_N13     ; u_sched|sh_cmds[45]|clk                ;
;   6.049 ;   0.583  ; RR ; CELL ; 1      ; FF_X24_Y8_N13     ; zhao_cmd_scheduler:u_sched|sh_cmds[45] ;
;   3.846 ;   -2.203 ;    ;      ;        ;                   ; clock pessimism removed                ;
; 3.846   ; 0.000    ;    ;      ;        ;                   ; clock uncertainty                      ;
; 3.846   ; 0.000    ;    ; uTh  ; 1      ; FF_X24_Y8_N13     ; zhao_cmd_scheduler:u_sched|sh_cmds[45] ;
+---------+----------+----+------+--------+-------------------+----------------------------------------+

----------------------------
; Extra Fitter Information ;
----------------------------
HTML report is unavailable in plain text report export.


Path #92: Hold slack is 0.403 
===============================================================================
+---------------------------------------------------------------+
; Path Summary                                                  ;
+--------------------+------------------------------------------+
; Property           ; Value                                    ;
+--------------------+------------------------------------------+
; From Node          ; zhao_cmd_scheduler:u_sched|fetch_len[19] ;
; To Node            ; zhao_cmd_dma:u_dma|f_len[19]             ;
; Launch Clock       ; gpu_clk                                  ;
; Latch Clock        ; gpu_clk                                  ;
; Data Arrival Time  ; 4.217                                    ;
; Data Required Time ; 3.814                                    ;
; Slack              ; 0.403                                    ;
+--------------------+------------------------------------------+

+-----------------------------------------------------------------------------------+
; Statistics                                                                        ;
+------------------------+-------+-------+-------------+------------+-------+-------+
; Property               ; Value ; Count ; Total Delay ; % of Total ; Min   ; Max   ;
+------------------------+-------+-------+-------------+------------+-------+-------+
; Hold Relationship      ; 0.000 ;       ;             ;            ;       ;       ;
; Clock Skew             ; 0.479 ;       ;             ;            ;       ;       ;
; Data Delay             ; 0.882 ;       ;             ;            ;       ;       ;
; Number of Logic Levels ;       ; 0     ;             ;            ;       ;       ;
; Physical Delays        ;       ;       ;             ;            ;       ;       ;
;  Arrival Path          ;       ;       ;             ;            ;       ;       ;
;   Clock                ;       ;       ;             ;            ;       ;       ;
;    IC                  ;       ; 2     ; 2.566       ; 77         ; 0.734 ; 1.832 ;
;    Cell                ;       ; 2     ; 0.769       ; 23         ; 0.272 ; 0.497 ;
;   Data                 ;       ;       ;             ;            ;       ;       ;
;    IC                  ;       ; 1     ; 0.596       ; 68         ; 0.596 ; 0.596 ;
;    Cell                ;       ; 2     ; 0.286       ; 32         ; 0.000 ; 0.286 ;
;    uTco                ;       ; 1     ; 0.000       ; 0          ; 0.000 ; 0.000 ;
;  Required Path         ;       ;       ;             ;            ;       ;       ;
;   Clock                ;       ;       ;             ;            ;       ;       ;
;    IC                  ;       ; 2     ; 5.157       ; 86         ; 2.246 ; 2.911 ;
;    Cell                ;       ; 2     ; 0.860       ; 14         ; 0.298 ; 0.562 ;
+------------------------+-------+-------+-------------+------------+-------+-------+
Note: Negative delays are omitted from totals when calculating percentages

+-------------------------------------------------------------------------------------------------------+
; Data Arrival Path                                                                                     ;
+---------+---------+----+------+--------+-------------------+------------------------------------------+
; Total   ; Incr    ; RF ; Type ; Fanout ; Location          ; Element                                  ;
+---------+---------+----+------+--------+-------------------+------------------------------------------+
; 0.000   ; 0.000   ;    ;      ;        ;                   ; launch edge time                         ;
; 3.335   ; 3.335   ;    ;      ;        ;                   ; clock path                               ;
;   0.000 ;   0.000 ;    ;      ;        ;                   ; source latency                           ;
;   0.000 ;   0.000 ;    ;      ; 1      ; LABCELL_X45_Y1_N3 ; gpu_clk                                  ;
;   0.734 ;   0.734 ; RR ; IC   ; 1      ; CLKCTRL_G5        ; gpu_clk~CLKENA0|inclk                    ;
;   1.006 ;   0.272 ; RR ; CELL ; 15028  ; CLKCTRL_G5        ; gpu_clk~CLKENA0|outclk                   ;
;   2.838 ;   1.832 ; RR ; IC   ; 1      ; FF_X62_Y22_N29    ; u_sched|fetch_len[19]|clk                ;
;   3.335 ;   0.497 ; RR ; CELL ; 1      ; FF_X62_Y22_N29    ; zhao_cmd_scheduler:u_sched|fetch_len[19] ;
; 4.217   ; 0.882   ;    ;      ;        ;                   ; data path                                ;
;   3.335 ;   0.000 ;    ; uTco ; 1      ; FF_X62_Y22_N29    ; zhao_cmd_scheduler:u_sched|fetch_len[19] ;
;   3.335 ;   0.000 ; RR ; CELL ; 2      ; FF_X62_Y22_N29    ; u_sched|fetch_len[19]|q                  ;
;   3.931 ;   0.596 ; RR ; IC   ; 1      ; FF_X67_Y22_N4     ; u_dma|f_len[19]|asdata                   ;
;   4.217 ;   0.286 ; RR ; CELL ; 1      ; FF_X67_Y22_N4     ; zhao_cmd_dma:u_dma|f_len[19]             ;
+---------+---------+----+------+--------+-------------------+------------------------------------------+

+--------------------------------------------------------------------------------------------+
; Data Required Path                                                                         ;
+---------+----------+----+------+--------+-------------------+------------------------------+
; Total   ; Incr     ; RF ; Type ; Fanout ; Location          ; Element                      ;
+---------+----------+----+------+--------+-------------------+------------------------------+
; 0.000   ; 0.000    ;    ;      ;        ;                   ; latch edge time              ;
; 3.814   ; 3.814    ;    ;      ;        ;                   ; clock path                   ;
;   0.000 ;   0.000  ;    ;      ;        ;                   ; source latency               ;
;   0.000 ;   0.000  ;    ;      ; 1      ; LABCELL_X45_Y1_N3 ; gpu_clk                      ;
;   2.911 ;   2.911  ; RR ; IC   ; 1      ; CLKCTRL_G5        ; gpu_clk~CLKENA0|inclk        ;
;   3.209 ;   0.298  ; RR ; CELL ; 15028  ; CLKCTRL_G5        ; gpu_clk~CLKENA0|outclk       ;
;   5.455 ;   2.246  ; RR ; IC   ; 1      ; FF_X67_Y22_N4     ; u_dma|f_len[19]|clk          ;
;   6.017 ;   0.562  ; RR ; CELL ; 1      ; FF_X67_Y22_N4     ; zhao_cmd_dma:u_dma|f_len[19] ;
;   3.814 ;   -2.203 ;    ;      ;        ;                   ; clock pessimism removed      ;
; 3.814   ; 0.000    ;    ;      ;        ;                   ; clock uncertainty            ;
; 3.814   ; 0.000    ;    ; uTh  ; 1      ; FF_X67_Y22_N4     ; zhao_cmd_dma:u_dma|f_len[19] ;
+---------+----------+----+------+--------+-------------------+------------------------------+

----------------------------
; Extra Fitter Information ;
----------------------------
HTML report is unavailable in plain text report export.


Path #93: Hold slack is 0.404 
===============================================================================
+---------------------------------------------------------------+
; Path Summary                                                  ;
+--------------------+------------------------------------------+
; Property           ; Value                                    ;
+--------------------+------------------------------------------+
; From Node          ; zhao_cmd_scheduler:u_sched|live_cmds[53] ;
; To Node            ; zhao_cmd_scheduler:u_sched|sh_cmds[53]   ;
; Launch Clock       ; gpu_clk                                  ;
; Latch Clock        ; gpu_clk                                  ;
; Data Arrival Time  ; 3.930                                    ;
; Data Required Time ; 3.526                                    ;
; Slack              ; 0.404                                    ;
+--------------------+------------------------------------------+

+-----------------------------------------------------------------------------------+
; Statistics                                                                        ;
+------------------------+-------+-------+-------------+------------+-------+-------+
; Property               ; Value ; Count ; Total Delay ; % of Total ; Min   ; Max   ;
+------------------------+-------+-------+-------------+------------+-------+-------+
; Hold Relationship      ; 0.000 ;       ;             ;            ;       ;       ;
; Clock Skew             ; 0.134 ;       ;             ;            ;       ;       ;
; Data Delay             ; 0.538 ;       ;             ;            ;       ;       ;
; Number of Logic Levels ;       ; 0     ;             ;            ;       ;       ;
; Physical Delays        ;       ;       ;             ;            ;       ;       ;
;  Arrival Path          ;       ;       ;             ;            ;       ;       ;
;   Clock                ;       ;       ;             ;            ;       ;       ;
;    IC                  ;       ; 2     ; 2.636       ; 78         ; 0.734 ; 1.902 ;
;    Cell                ;       ; 2     ; 0.756       ; 22         ; 0.272 ; 0.484 ;
;   Data                 ;       ;       ;             ;            ;       ;       ;
;    IC                  ;       ; 1     ; 0.251       ; 47         ; 0.251 ; 0.251 ;
;    Cell                ;       ; 2     ; 0.287       ; 53         ; 0.000 ; 0.287 ;
;    uTco                ;       ; 1     ; 0.000       ; 0          ; 0.000 ; 0.000 ;
;  Required Path         ;       ;       ;             ;            ;       ;       ;
;   Clock                ;       ;       ;             ;            ;       ;       ;
;    IC                  ;       ; 2     ; 5.241       ; 86         ; 2.330 ; 2.911 ;
;    Cell                ;       ; 2     ; 0.886       ; 14         ; 0.298 ; 0.588 ;
+------------------------+-------+-------+-------------+------------+-------+-------+
Note: Negative delays are omitted from totals when calculating percentages

+-------------------------------------------------------------------------------------------------------+
; Data Arrival Path                                                                                     ;
+---------+---------+----+------+--------+-------------------+------------------------------------------+
; Total   ; Incr    ; RF ; Type ; Fanout ; Location          ; Element                                  ;
+---------+---------+----+------+--------+-------------------+------------------------------------------+
; 0.000   ; 0.000   ;    ;      ;        ;                   ; launch edge time                         ;
; 3.392   ; 3.392   ;    ;      ;        ;                   ; clock path                               ;
;   0.000 ;   0.000 ;    ;      ;        ;                   ; source latency                           ;
;   0.000 ;   0.000 ;    ;      ; 1      ; LABCELL_X45_Y1_N3 ; gpu_clk                                  ;
;   0.734 ;   0.734 ; RR ; IC   ; 1      ; CLKCTRL_G5        ; gpu_clk~CLKENA0|inclk                    ;
;   1.006 ;   0.272 ; RR ; CELL ; 15028  ; CLKCTRL_G5        ; gpu_clk~CLKENA0|outclk                   ;
;   2.908 ;   1.902 ; RR ; IC   ; 1      ; FF_X25_Y7_N8      ; u_sched|live_cmds[53]|clk                ;
;   3.392 ;   0.484 ; RR ; CELL ; 1      ; FF_X25_Y7_N8      ; zhao_cmd_scheduler:u_sched|live_cmds[53] ;
; 3.930   ; 0.538   ;    ;      ;        ;                   ; data path                                ;
;   3.392 ;   0.000 ;    ; uTco ; 1      ; FF_X25_Y7_N8      ; zhao_cmd_scheduler:u_sched|live_cmds[53] ;
;   3.392 ;   0.000 ; FF ; CELL ; 2      ; FF_X25_Y7_N8      ; u_sched|live_cmds[53]|q                  ;
;   3.643 ;   0.251 ; FF ; IC   ; 1      ; FF_X25_Y7_N49     ; u_sched|sh_cmds[53]|asdata               ;
;   3.930 ;   0.287 ; FF ; CELL ; 1      ; FF_X25_Y7_N49     ; zhao_cmd_scheduler:u_sched|sh_cmds[53]   ;
+---------+---------+----+------+--------+-------------------+------------------------------------------+

+------------------------------------------------------------------------------------------------------+
; Data Required Path                                                                                   ;
+---------+----------+----+------+--------+-------------------+----------------------------------------+
; Total   ; Incr     ; RF ; Type ; Fanout ; Location          ; Element                                ;
+---------+----------+----+------+--------+-------------------+----------------------------------------+
; 0.000   ; 0.000    ;    ;      ;        ;                   ; latch edge time                        ;
; 3.526   ; 3.526    ;    ;      ;        ;                   ; clock path                             ;
;   0.000 ;   0.000  ;    ;      ;        ;                   ; source latency                         ;
;   0.000 ;   0.000  ;    ;      ; 1      ; LABCELL_X45_Y1_N3 ; gpu_clk                                ;
;   2.911 ;   2.911  ; RR ; IC   ; 1      ; CLKCTRL_G5        ; gpu_clk~CLKENA0|inclk                  ;
;   3.209 ;   0.298  ; RR ; CELL ; 15028  ; CLKCTRL_G5        ; gpu_clk~CLKENA0|outclk                 ;
;   5.539 ;   2.330  ; RR ; IC   ; 1      ; FF_X25_Y7_N49     ; u_sched|sh_cmds[53]|clk                ;
;   6.127 ;   0.588  ; RR ; CELL ; 1      ; FF_X25_Y7_N49     ; zhao_cmd_scheduler:u_sched|sh_cmds[53] ;
;   3.526 ;   -2.601 ;    ;      ;        ;                   ; clock pessimism removed                ;
; 3.526   ; 0.000    ;    ;      ;        ;                   ; clock uncertainty                      ;
; 3.526   ; 0.000    ;    ; uTh  ; 1      ; FF_X25_Y7_N49     ; zhao_cmd_scheduler:u_sched|sh_cmds[53] ;
+---------+----------+----+------+--------+-------------------+----------------------------------------+

----------------------------
; Extra Fitter Information ;
----------------------------
HTML report is unavailable in plain text report export.


Path #94: Hold slack is 0.405 
===============================================================================
+-------------------------------------------------------------------------------------------+
; Path Summary                                                                              ;
+--------------------+----------------------------------------------------------------------+
; Property           ; Value                                                                ;
+--------------------+----------------------------------------------------------------------+
; From Node          ; zhao_video_scanout:u_scanout|zhao_scanout_fetch:u_fetch|state.F_ARM  ;
; To Node            ; zhao_video_scanout:u_scanout|zhao_scanout_fetch:u_fetch|state.F_WAIT ;
; Launch Clock       ; gpu_clk                                                              ;
; Latch Clock        ; gpu_clk                                                              ;
; Data Arrival Time  ; 3.908                                                                ;
; Data Required Time ; 3.503                                                                ;
; Slack              ; 0.405                                                                ;
+--------------------+----------------------------------------------------------------------+

+-----------------------------------------------------------------------------------+
; Statistics                                                                        ;
+------------------------+-------+-------+-------------+------------+-------+-------+
; Property               ; Value ; Count ; Total Delay ; % of Total ; Min   ; Max   ;
+------------------------+-------+-------+-------------+------------+-------+-------+
; Hold Relationship      ; 0.000 ;       ;             ;            ;       ;       ;
; Clock Skew             ; 0.095 ;       ;             ;            ;       ;       ;
; Data Delay             ; 0.500 ;       ;             ;            ;       ;       ;
; Number of Logic Levels ;       ; 1     ;             ;            ;       ;       ;
; Physical Delays        ;       ;       ;             ;            ;       ;       ;
;  Arrival Path          ;       ;       ;             ;            ;       ;       ;
;   Clock                ;       ;       ;             ;            ;       ;       ;
;    IC                  ;       ; 2     ; 2.621       ; 77         ; 0.734 ; 1.887 ;
;    Cell                ;       ; 2     ; 0.787       ; 23         ; 0.272 ; 0.515 ;
;   Data                 ;       ;       ;             ;            ;       ;       ;
;    IC                  ;       ; 2     ; 0.374       ; 75         ; 0.000 ; 0.374 ;
;    Cell                ;       ; 3     ; 0.126       ; 25         ; 0.000 ; 0.069 ;
;    uTco                ;       ; 1     ; 0.000       ; 0          ; 0.000 ; 0.000 ;
;  Required Path         ;       ;       ;             ;            ;       ;       ;
;   Clock                ;       ;       ;             ;            ;       ;       ;
;    IC                  ;       ; 2     ; 5.213       ; 86         ; 2.302 ; 2.911 ;
;    Cell                ;       ; 2     ; 0.878       ; 14         ; 0.298 ; 0.580 ;
+------------------------+-------+-------+-------------+------------+-------+-------+
Note: Negative delays are omitted from totals when calculating percentages

+------------------------------------------------------------------------------------------------------------------------------------+
; Data Arrival Path                                                                                                                  ;
+---------+---------+----+------+--------+--------------------+----------------------------------------------------------------------+
; Total   ; Incr    ; RF ; Type ; Fanout ; Location           ; Element                                                              ;
+---------+---------+----+------+--------+--------------------+----------------------------------------------------------------------+
; 0.000   ; 0.000   ;    ;      ;        ;                    ; launch edge time                                                     ;
; 3.408   ; 3.408   ;    ;      ;        ;                    ; clock path                                                           ;
;   0.000 ;   0.000 ;    ;      ;        ;                    ; source latency                                                       ;
;   0.000 ;   0.000 ;    ;      ; 1      ; LABCELL_X45_Y1_N3  ; gpu_clk                                                              ;
;   0.734 ;   0.734 ; RR ; IC   ; 1      ; CLKCTRL_G5         ; gpu_clk~CLKENA0|inclk                                                ;
;   1.006 ;   0.272 ; RR ; CELL ; 15028  ; CLKCTRL_G5         ; gpu_clk~CLKENA0|outclk                                               ;
;   2.893 ;   1.887 ; RR ; IC   ; 1      ; FF_X52_Y6_N19      ; u_scanout|u_fetch|state.F_ARM|clk                                    ;
;   3.408 ;   0.515 ; RR ; CELL ; 1      ; FF_X52_Y6_N19      ; zhao_video_scanout:u_scanout|zhao_scanout_fetch:u_fetch|state.F_ARM  ;
; 3.908   ; 0.500   ;    ;      ;        ;                    ; data path                                                            ;
;   3.408 ;   0.000 ;    ; uTco ; 1      ; FF_X52_Y6_N19      ; zhao_video_scanout:u_scanout|zhao_scanout_fetch:u_fetch|state.F_ARM  ;
;   3.408 ;   0.000 ; FF ; CELL ; 3      ; FF_X52_Y6_N19      ; u_scanout|u_fetch|state.F_ARM|q                                      ;
;   3.782 ;   0.374 ; FF ; IC   ; 1      ; MLABCELL_X52_Y6_N3 ; u_scanout|u_fetch|state~18|dataf                                     ;
;   3.839 ;   0.057 ; FR ; CELL ; 1      ; MLABCELL_X52_Y6_N3 ; u_scanout|u_fetch|state~18|combout                                   ;
;   3.839 ;   0.000 ; RR ; IC   ; 1      ; FF_X52_Y6_N5       ; u_scanout|u_fetch|state.F_WAIT|d                                     ;
;   3.908 ;   0.069 ; RR ; CELL ; 1      ; FF_X52_Y6_N5       ; zhao_video_scanout:u_scanout|zhao_scanout_fetch:u_fetch|state.F_WAIT ;
+---------+---------+----+------+--------+--------------------+----------------------------------------------------------------------+

+------------------------------------------------------------------------------------------------------------------------------------+
; Data Required Path                                                                                                                 ;
+---------+----------+----+------+--------+-------------------+----------------------------------------------------------------------+
; Total   ; Incr     ; RF ; Type ; Fanout ; Location          ; Element                                                              ;
+---------+----------+----+------+--------+-------------------+----------------------------------------------------------------------+
; 0.000   ; 0.000    ;    ;      ;        ;                   ; latch edge time                                                      ;
; 3.503   ; 3.503    ;    ;      ;        ;                   ; clock path                                                           ;
;   0.000 ;   0.000  ;    ;      ;        ;                   ; source latency                                                       ;
;   0.000 ;   0.000  ;    ;      ; 1      ; LABCELL_X45_Y1_N3 ; gpu_clk                                                              ;
;   2.911 ;   2.911  ; RR ; IC   ; 1      ; CLKCTRL_G5        ; gpu_clk~CLKENA0|inclk                                                ;
;   3.209 ;   0.298  ; RR ; CELL ; 15028  ; CLKCTRL_G5        ; gpu_clk~CLKENA0|outclk                                               ;
;   5.511 ;   2.302  ; RR ; IC   ; 1      ; FF_X52_Y6_N5      ; u_scanout|u_fetch|state.F_WAIT|clk                                   ;
;   6.091 ;   0.580  ; RR ; CELL ; 1      ; FF_X52_Y6_N5      ; zhao_video_scanout:u_scanout|zhao_scanout_fetch:u_fetch|state.F_WAIT ;
;   3.503 ;   -2.588 ;    ;      ;        ;                   ; clock pessimism removed                                              ;
; 3.503   ; 0.000    ;    ;      ;        ;                   ; clock uncertainty                                                    ;
; 3.503   ; 0.000    ;    ; uTh  ; 1      ; FF_X52_Y6_N5      ; zhao_video_scanout:u_scanout|zhao_scanout_fetch:u_fetch|state.F_WAIT ;
+---------+----------+----+------+--------+-------------------+----------------------------------------------------------------------+

----------------------------
; Extra Fitter Information ;
----------------------------
HTML report is unavailable in plain text report export.


Path #95: Hold slack is 0.405 
===============================================================================
+-------------------------------------------------------------------------+
; Path Summary                                                            ;
+--------------------+----------------------------------------------------+
; Property           ; Value                                              ;
+--------------------+----------------------------------------------------+
; From Node          ; zhao_cmd_scheduler:u_sched|live_cmds[19]~DUPLICATE ;
; To Node            ; zhao_cmd_scheduler:u_sched|live_cmds[19]           ;
; Launch Clock       ; gpu_clk                                            ;
; Latch Clock        ; gpu_clk                                            ;
; Data Arrival Time  ; 3.923                                              ;
; Data Required Time ; 3.518                                              ;
; Slack              ; 0.405                                              ;
+--------------------+----------------------------------------------------+

+-----------------------------------------------------------------------------------+
; Statistics                                                                        ;
+------------------------+-------+-------+-------------+------------+-------+-------+
; Property               ; Value ; Count ; Total Delay ; % of Total ; Min   ; Max   ;
+------------------------+-------+-------+-------------+------------+-------+-------+
; Hold Relationship      ; 0.000 ;       ;             ;            ;       ;       ;
; Clock Skew             ; 0.128 ;       ;             ;            ;       ;       ;
; Data Delay             ; 0.533 ;       ;             ;            ;       ;       ;
; Number of Logic Levels ;       ; 1     ;             ;            ;       ;       ;
; Physical Delays        ;       ;       ;             ;            ;       ;       ;
;  Arrival Path          ;       ;       ;             ;            ;       ;       ;
;   Clock                ;       ;       ;             ;            ;       ;       ;
;    IC                  ;       ; 2     ; 2.637       ; 78         ; 0.734 ; 1.903 ;
;    Cell                ;       ; 2     ; 0.753       ; 22         ; 0.272 ; 0.481 ;
;   Data                 ;       ;       ;             ;            ;       ;       ;
;    IC                  ;       ; 2     ; 0.236       ; 44         ; 0.000 ; 0.236 ;
;    Cell                ;       ; 3     ; 0.297       ; 56         ; 0.000 ; 0.226 ;
;    uTco                ;       ; 1     ; 0.000       ; 0          ; 0.000 ; 0.000 ;
;  Required Path         ;       ;       ;             ;            ;       ;       ;
;   Clock                ;       ;       ;             ;            ;       ;       ;
;    IC                  ;       ; 2     ; 5.242       ; 86         ; 2.331 ; 2.911 ;
;    Cell                ;       ; 2     ; 0.876       ; 14         ; 0.298 ; 0.578 ;
+------------------------+-------+-------+-------------+------------+-------+-------+
Note: Negative delays are omitted from totals when calculating percentages

+-------------------------------------------------------------------------------------------------------------------+
; Data Arrival Path                                                                                                 ;
+---------+---------+----+------+--------+---------------------+----------------------------------------------------+
; Total   ; Incr    ; RF ; Type ; Fanout ; Location            ; Element                                            ;
+---------+---------+----+------+--------+---------------------+----------------------------------------------------+
; 0.000   ; 0.000   ;    ;      ;        ;                     ; launch edge time                                   ;
; 3.390   ; 3.390   ;    ;      ;        ;                     ; clock path                                         ;
;   0.000 ;   0.000 ;    ;      ;        ;                     ; source latency                                     ;
;   0.000 ;   0.000 ;    ;      ; 1      ; LABCELL_X45_Y1_N3   ; gpu_clk                                            ;
;   0.734 ;   0.734 ; RR ; IC   ; 1      ; CLKCTRL_G5          ; gpu_clk~CLKENA0|inclk                              ;
;   1.006 ;   0.272 ; RR ; CELL ; 15028  ; CLKCTRL_G5          ; gpu_clk~CLKENA0|outclk                             ;
;   2.909 ;   1.903 ; RR ; IC   ; 1      ; FF_X25_Y9_N26       ; u_sched|live_cmds[19]~DUPLICATE|clk                ;
;   3.390 ;   0.481 ; RR ; CELL ; 1      ; FF_X25_Y9_N26       ; zhao_cmd_scheduler:u_sched|live_cmds[19]~DUPLICATE ;
; 3.923   ; 0.533   ;    ;      ;        ;                     ; data path                                          ;
;   3.390 ;   0.000 ;    ; uTco ; 1      ; FF_X25_Y9_N26       ; zhao_cmd_scheduler:u_sched|live_cmds[19]~DUPLICATE ;
;   3.390 ;   0.000 ; FF ; CELL ; 1      ; FF_X25_Y9_N26       ; u_sched|live_cmds[19]~DUPLICATE|q                  ;
;   3.626 ;   0.236 ; FF ; IC   ; 2      ; MLABCELL_X25_Y9_N24 ; u_sched|Add5~73|datac                              ;
;   3.852 ;   0.226 ; FR ; CELL ; 2      ; MLABCELL_X25_Y9_N24 ; u_sched|Add5~73|sumout                             ;
;   3.852 ;   0.000 ; RR ; IC   ; 1      ; FF_X25_Y9_N25       ; u_sched|live_cmds[19]|d                            ;
;   3.923 ;   0.071 ; RR ; CELL ; 1      ; FF_X25_Y9_N25       ; zhao_cmd_scheduler:u_sched|live_cmds[19]           ;
+---------+---------+----+------+--------+---------------------+----------------------------------------------------+

+--------------------------------------------------------------------------------------------------------+
; Data Required Path                                                                                     ;
+---------+----------+----+------+--------+-------------------+------------------------------------------+
; Total   ; Incr     ; RF ; Type ; Fanout ; Location          ; Element                                  ;
+---------+----------+----+------+--------+-------------------+------------------------------------------+
; 0.000   ; 0.000    ;    ;      ;        ;                   ; latch edge time                          ;
; 3.518   ; 3.518    ;    ;      ;        ;                   ; clock path                               ;
;   0.000 ;   0.000  ;    ;      ;        ;                   ; source latency                           ;
;   0.000 ;   0.000  ;    ;      ; 1      ; LABCELL_X45_Y1_N3 ; gpu_clk                                  ;
;   2.911 ;   2.911  ; RR ; IC   ; 1      ; CLKCTRL_G5        ; gpu_clk~CLKENA0|inclk                    ;
;   3.209 ;   0.298  ; RR ; CELL ; 15028  ; CLKCTRL_G5        ; gpu_clk~CLKENA0|outclk                   ;
;   5.540 ;   2.331  ; RR ; IC   ; 1      ; FF_X25_Y9_N25     ; u_sched|live_cmds[19]|clk                ;
;   6.118 ;   0.578  ; RR ; CELL ; 1      ; FF_X25_Y9_N25     ; zhao_cmd_scheduler:u_sched|live_cmds[19] ;
;   3.518 ;   -2.600 ;    ;      ;        ;                   ; clock pessimism removed                  ;
; 3.518   ; 0.000    ;    ;      ;        ;                   ; clock uncertainty                        ;
; 3.518   ; 0.000    ;    ; uTh  ; 1      ; FF_X25_Y9_N25     ; zhao_cmd_scheduler:u_sched|live_cmds[19] ;
+---------+----------+----+------+--------+-------------------+------------------------------------------+

----------------------------
; Extra Fitter Information ;
----------------------------
HTML report is unavailable in plain text report export.


Path #96: Hold slack is 0.405 
===============================================================================
+---------------------------------------------------------------+
; Path Summary                                                  ;
+--------------------+------------------------------------------+
; Property           ; Value                                    ;
+--------------------+------------------------------------------+
; From Node          ; zhao_cmd_scheduler:u_sched|live_cmds[28] ;
; To Node            ; zhao_cmd_scheduler:u_sched|sh_cmds[28]   ;
; Launch Clock       ; gpu_clk                                  ;
; Latch Clock        ; gpu_clk                                  ;
; Data Arrival Time  ; 4.241                                    ;
; Data Required Time ; 3.836                                    ;
; Slack              ; 0.405                                    ;
+--------------------+------------------------------------------+

+-----------------------------------------------------------------------------------+
; Statistics                                                                        ;
+------------------------+-------+-------+-------------+------------+-------+-------+
; Property               ; Value ; Count ; Total Delay ; % of Total ; Min   ; Max   ;
+------------------------+-------+-------+-------------+------------+-------+-------+
; Hold Relationship      ; 0.000 ;       ;             ;            ;       ;       ;
; Clock Skew             ; 0.447 ;       ;             ;            ;       ;       ;
; Data Delay             ; 0.852 ;       ;             ;            ;       ;       ;
; Number of Logic Levels ;       ; 0     ;             ;            ;       ;       ;
; Physical Delays        ;       ;       ;             ;            ;       ;       ;
;  Arrival Path          ;       ;       ;             ;            ;       ;       ;
;   Clock                ;       ;       ;             ;            ;       ;       ;
;    IC                  ;       ; 2     ; 2.637       ; 78         ; 0.734 ; 1.903 ;
;    Cell                ;       ; 2     ; 0.752       ; 22         ; 0.272 ; 0.480 ;
;   Data                 ;       ;       ;             ;            ;       ;       ;
;    IC                  ;       ; 1     ; 0.572       ; 67         ; 0.572 ; 0.572 ;
;    Cell                ;       ; 2     ; 0.280       ; 33         ; 0.000 ; 0.280 ;
;    uTco                ;       ; 1     ; 0.000       ; 0          ; 0.000 ; 0.000 ;
;  Required Path         ;       ;       ;             ;            ;       ;       ;
;   Clock                ;       ;       ;             ;            ;       ;       ;
;    IC                  ;       ; 2     ; 5.165       ; 86         ; 2.254 ; 2.911 ;
;    Cell                ;       ; 2     ; 0.874       ; 14         ; 0.298 ; 0.576 ;
+------------------------+-------+-------+-------------+------------+-------+-------+
Note: Negative delays are omitted from totals when calculating percentages

+-------------------------------------------------------------------------------------------------------+
; Data Arrival Path                                                                                     ;
+---------+---------+----+------+--------+-------------------+------------------------------------------+
; Total   ; Incr    ; RF ; Type ; Fanout ; Location          ; Element                                  ;
+---------+---------+----+------+--------+-------------------+------------------------------------------+
; 0.000   ; 0.000   ;    ;      ;        ;                   ; launch edge time                         ;
; 3.389   ; 3.389   ;    ;      ;        ;                   ; clock path                               ;
;   0.000 ;   0.000 ;    ;      ;        ;                   ; source latency                           ;
;   0.000 ;   0.000 ;    ;      ; 1      ; LABCELL_X45_Y1_N3 ; gpu_clk                                  ;
;   0.734 ;   0.734 ; RR ; IC   ; 1      ; CLKCTRL_G5        ; gpu_clk~CLKENA0|inclk                    ;
;   1.006 ;   0.272 ; RR ; CELL ; 15028  ; CLKCTRL_G5        ; gpu_clk~CLKENA0|outclk                   ;
;   2.909 ;   1.903 ; RR ; IC   ; 1      ; FF_X25_Y9_N52     ; u_sched|live_cmds[28]|clk                ;
;   3.389 ;   0.480 ; RR ; CELL ; 1      ; FF_X25_Y9_N52     ; zhao_cmd_scheduler:u_sched|live_cmds[28] ;
; 4.241   ; 0.852   ;    ;      ;        ;                   ; data path                                ;
;   3.389 ;   0.000 ;    ; uTco ; 1      ; FF_X25_Y9_N52     ; zhao_cmd_scheduler:u_sched|live_cmds[28] ;
;   3.389 ;   0.000 ; RR ; CELL ; 2      ; FF_X25_Y9_N52     ; u_sched|live_cmds[28]|q                  ;
;   3.961 ;   0.572 ; RR ; IC   ; 1      ; FF_X24_Y9_N19     ; u_sched|sh_cmds[28]|asdata               ;
;   4.241 ;   0.280 ; RR ; CELL ; 1      ; FF_X24_Y9_N19     ; zhao_cmd_scheduler:u_sched|sh_cmds[28]   ;
+---------+---------+----+------+--------+-------------------+------------------------------------------+

+------------------------------------------------------------------------------------------------------+
; Data Required Path                                                                                   ;
+---------+----------+----+------+--------+-------------------+----------------------------------------+
; Total   ; Incr     ; RF ; Type ; Fanout ; Location          ; Element                                ;
+---------+----------+----+------+--------+-------------------+----------------------------------------+
; 0.000   ; 0.000    ;    ;      ;        ;                   ; latch edge time                        ;
; 3.836   ; 3.836    ;    ;      ;        ;                   ; clock path                             ;
;   0.000 ;   0.000  ;    ;      ;        ;                   ; source latency                         ;
;   0.000 ;   0.000  ;    ;      ; 1      ; LABCELL_X45_Y1_N3 ; gpu_clk                                ;
;   2.911 ;   2.911  ; RR ; IC   ; 1      ; CLKCTRL_G5        ; gpu_clk~CLKENA0|inclk                  ;
;   3.209 ;   0.298  ; RR ; CELL ; 15028  ; CLKCTRL_G5        ; gpu_clk~CLKENA0|outclk                 ;
;   5.463 ;   2.254  ; RR ; IC   ; 1      ; FF_X24_Y9_N19     ; u_sched|sh_cmds[28]|clk                ;
;   6.039 ;   0.576  ; RR ; CELL ; 1      ; FF_X24_Y9_N19     ; zhao_cmd_scheduler:u_sched|sh_cmds[28] ;
;   3.836 ;   -2.203 ;    ;      ;        ;                   ; clock pessimism removed                ;
; 3.836   ; 0.000    ;    ;      ;        ;                   ; clock uncertainty                      ;
; 3.836   ; 0.000    ;    ; uTh  ; 1      ; FF_X24_Y9_N19     ; zhao_cmd_scheduler:u_sched|sh_cmds[28] ;
+---------+----------+----+------+--------+-------------------+----------------------------------------+

----------------------------
; Extra Fitter Information ;
----------------------------
HTML report is unavailable in plain text report export.


Path #97: Hold slack is 0.406 
===============================================================================
+--------------------------------------------------------------------------------------------------------------------------------+
; Path Summary                                                                                                                   ;
+--------------------+-----------------------------------------------------------------------------------------------------------+
; Property           ; Value                                                                                                     ;
+--------------------+-----------------------------------------------------------------------------------------------------------+
; From Node          ; zhao_geom_bin_pipe:u_render_bin|zhao_raster_tile_pipe:u_pipe|zhao_raster_fragment:u_fragment|s0_tidx_r[5] ;
; To Node            ; zhao_geom_bin_pipe:u_render_bin|zhao_raster_tile_pipe:u_pipe|zhao_raster_fragment:u_fragment|s1_tidx_r[5] ;
; Launch Clock       ; gpu_clk                                                                                                   ;
; Latch Clock        ; gpu_clk                                                                                                   ;
; Data Arrival Time  ; 4.299                                                                                                     ;
; Data Required Time ; 3.893                                                                                                     ;
; Slack              ; 0.406                                                                                                     ;
+--------------------+-----------------------------------------------------------------------------------------------------------+

+-----------------------------------------------------------------------------------+
; Statistics                                                                        ;
+------------------------+-------+-------+-------------+------------+-------+-------+
; Property               ; Value ; Count ; Total Delay ; % of Total ; Min   ; Max   ;
+------------------------+-------+-------+-------------+------------+-------+-------+
; Hold Relationship      ; 0.000 ;       ;             ;            ;       ;       ;
; Clock Skew             ; 0.491 ;       ;             ;            ;       ;       ;
; Data Delay             ; 0.897 ;       ;             ;            ;       ;       ;
; Number of Logic Levels ;       ; 1     ;             ;            ;       ;       ;
; Physical Delays        ;       ;       ;             ;            ;       ;       ;
;  Arrival Path          ;       ;       ;             ;            ;       ;       ;
;   Clock                ;       ;       ;             ;            ;       ;       ;
;    IC                  ;       ; 2     ; 2.624       ; 77         ; 0.734 ; 1.890 ;
;    Cell                ;       ; 2     ; 0.778       ; 23         ; 0.272 ; 0.506 ;
;   Data                 ;       ;       ;             ;            ;       ;       ;
;    IC                  ;       ; 2     ; 0.774       ; 86         ; 0.000 ; 0.774 ;
;    Cell                ;       ; 3     ; 0.123       ; 14         ; 0.000 ; 0.069 ;
;    uTco                ;       ; 1     ; 0.000       ; 0          ; 0.000 ; 0.000 ;
;  Required Path         ;       ;       ;             ;            ;       ;       ;
;   Clock                ;       ;       ;             ;            ;       ;       ;
;    IC                  ;       ; 2     ; 5.213       ; 86         ; 2.302 ; 2.911 ;
;    Cell                ;       ; 2     ; 0.883       ; 14         ; 0.298 ; 0.585 ;
+------------------------+-------+-------+-------------+------------+-------+-------+
Note: Negative delays are omitted from totals when calculating percentages

+--------------------------------------------------------------------------------------------------------------------------------------------------------------------------+
; Data Arrival Path                                                                                                                                                        ;
+---------+---------+----+------+--------+---------------------+-----------------------------------------------------------------------------------------------------------+
; Total   ; Incr    ; RF ; Type ; Fanout ; Location            ; Element                                                                                                   ;
+---------+---------+----+------+--------+---------------------+-----------------------------------------------------------------------------------------------------------+
; 0.000   ; 0.000   ;    ;      ;        ;                     ; launch edge time                                                                                          ;
; 3.402   ; 3.402   ;    ;      ;        ;                     ; clock path                                                                                                ;
;   0.000 ;   0.000 ;    ;      ;        ;                     ; source latency                                                                                            ;
;   0.000 ;   0.000 ;    ;      ; 1      ; LABCELL_X45_Y1_N3   ; gpu_clk                                                                                                   ;
;   0.734 ;   0.734 ; RR ; IC   ; 1      ; CLKCTRL_G5          ; gpu_clk~CLKENA0|inclk                                                                                     ;
;   1.006 ;   0.272 ; RR ; CELL ; 15028  ; CLKCTRL_G5          ; gpu_clk~CLKENA0|outclk                                                                                    ;
;   2.896 ;   1.890 ; RR ; IC   ; 1      ; FF_X25_Y38_N28      ; u_render_bin|u_pipe|u_fragment|s0_tidx_r[5]|clk                                                           ;
;   3.402 ;   0.506 ; RR ; CELL ; 1      ; FF_X25_Y38_N28      ; zhao_geom_bin_pipe:u_render_bin|zhao_raster_tile_pipe:u_pipe|zhao_raster_fragment:u_fragment|s0_tidx_r[5] ;
; 4.299   ; 0.897   ;    ;      ;        ;                     ; data path                                                                                                 ;
;   3.402 ;   0.000 ;    ; uTco ; 1      ; FF_X25_Y38_N28      ; zhao_geom_bin_pipe:u_render_bin|zhao_raster_tile_pipe:u_pipe|zhao_raster_fragment:u_fragment|s0_tidx_r[5] ;
;   3.402 ;   0.000 ; RR ; CELL ; 1      ; FF_X25_Y38_N28      ; u_render_bin|u_pipe|u_fragment|s0_tidx_r[5]|q                                                             ;
;   4.176 ;   0.774 ; RR ; IC   ; 1      ; LABCELL_X22_Y39_N45 ; u_render_bin|u_pipe|u_fragment|s1_tidx_r[5]~feeder|dataf                                                  ;
;   4.230 ;   0.054 ; RR ; CELL ; 1      ; LABCELL_X22_Y39_N45 ; u_render_bin|u_pipe|u_fragment|s1_tidx_r[5]~feeder|combout                                                ;
;   4.230 ;   0.000 ; RR ; IC   ; 1      ; FF_X22_Y39_N47      ; u_render_bin|u_pipe|u_fragment|s1_tidx_r[5]|d                                                             ;
;   4.299 ;   0.069 ; RR ; CELL ; 1      ; FF_X22_Y39_N47      ; zhao_geom_bin_pipe:u_render_bin|zhao_raster_tile_pipe:u_pipe|zhao_raster_fragment:u_fragment|s1_tidx_r[5] ;
+---------+---------+----+------+--------+---------------------+-----------------------------------------------------------------------------------------------------------+

+-------------------------------------------------------------------------------------------------------------------------------------------------------------------------+
; Data Required Path                                                                                                                                                      ;
+---------+----------+----+------+--------+-------------------+-----------------------------------------------------------------------------------------------------------+
; Total   ; Incr     ; RF ; Type ; Fanout ; Location          ; Element                                                                                                   ;
+---------+----------+----+------+--------+-------------------+-----------------------------------------------------------------------------------------------------------+
; 0.000   ; 0.000    ;    ;      ;        ;                   ; latch edge time                                                                                           ;
; 3.893   ; 3.893    ;    ;      ;        ;                   ; clock path                                                                                                ;
;   0.000 ;   0.000  ;    ;      ;        ;                   ; source latency                                                                                            ;
;   0.000 ;   0.000  ;    ;      ; 1      ; LABCELL_X45_Y1_N3 ; gpu_clk                                                                                                   ;
;   2.911 ;   2.911  ; RR ; IC   ; 1      ; CLKCTRL_G5        ; gpu_clk~CLKENA0|inclk                                                                                     ;
;   3.209 ;   0.298  ; RR ; CELL ; 15028  ; CLKCTRL_G5        ; gpu_clk~CLKENA0|outclk                                                                                    ;
;   5.511 ;   2.302  ; RR ; IC   ; 1      ; FF_X22_Y39_N47    ; u_render_bin|u_pipe|u_fragment|s1_tidx_r[5]|clk                                                           ;
;   6.096 ;   0.585  ; RR ; CELL ; 1      ; FF_X22_Y39_N47    ; zhao_geom_bin_pipe:u_render_bin|zhao_raster_tile_pipe:u_pipe|zhao_raster_fragment:u_fragment|s1_tidx_r[5] ;
;   3.893 ;   -2.203 ;    ;      ;        ;                   ; clock pessimism removed                                                                                   ;
; 3.893   ; 0.000    ;    ;      ;        ;                   ; clock uncertainty                                                                                         ;
; 3.893   ; 0.000    ;    ; uTh  ; 1      ; FF_X22_Y39_N47    ; zhao_geom_bin_pipe:u_render_bin|zhao_raster_tile_pipe:u_pipe|zhao_raster_fragment:u_fragment|s1_tidx_r[5] ;
+---------+----------+----+------+--------+-------------------+-----------------------------------------------------------------------------------------------------------+

----------------------------
; Extra Fitter Information ;
----------------------------
HTML report is unavailable in plain text report export.


Path #98: Hold slack is 0.406 
===============================================================================
+--------------------------------------------------------------------------------+
; Path Summary                                                                   ;
+--------------------+-----------------------------------------------------------+
; Property           ; Value                                                     ;
+--------------------+-----------------------------------------------------------+
; From Node          ; zhao_mem_guard:u_guard_blit|guard_violations[9]~DUPLICATE ;
; To Node            ; zhao_mem_guard:u_guard_blit|guard_violations[9]           ;
; Launch Clock       ; gpu_clk                                                   ;
; Latch Clock        ; gpu_clk                                                   ;
; Data Arrival Time  ; 3.870                                                     ;
; Data Required Time ; 3.464                                                     ;
; Slack              ; 0.406                                                     ;
+--------------------+-----------------------------------------------------------+

+-----------------------------------------------------------------------------------+
; Statistics                                                                        ;
+------------------------+-------+-------+-------------+------------+-------+-------+
; Property               ; Value ; Count ; Total Delay ; % of Total ; Min   ; Max   ;
+------------------------+-------+-------+-------------+------------+-------+-------+
; Hold Relationship      ; 0.000 ;       ;             ;            ;       ;       ;
; Clock Skew             ; 0.127 ;       ;             ;            ;       ;       ;
; Data Delay             ; 0.533 ;       ;             ;            ;       ;       ;
; Number of Logic Levels ;       ; 1     ;             ;            ;       ;       ;
; Physical Delays        ;       ;       ;             ;            ;       ;       ;
;  Arrival Path          ;       ;       ;             ;            ;       ;       ;
;   Clock                ;       ;       ;             ;            ;       ;       ;
;    IC                  ;       ; 2     ; 2.584       ; 77         ; 0.734 ; 1.850 ;
;    Cell                ;       ; 2     ; 0.753       ; 23         ; 0.272 ; 0.481 ;
;   Data                 ;       ;       ;             ;            ;       ;       ;
;    IC                  ;       ; 2     ; 0.236       ; 44         ; 0.000 ; 0.236 ;
;    Cell                ;       ; 3     ; 0.297       ; 56         ; 0.000 ; 0.226 ;
;    uTco                ;       ; 1     ; 0.000       ; 0          ; 0.000 ; 0.000 ;
;  Required Path         ;       ;       ;             ;            ;       ;       ;
;   Clock                ;       ;       ;             ;            ;       ;       ;
;    IC                  ;       ; 2     ; 5.172       ; 86         ; 2.261 ; 2.911 ;
;    Cell                ;       ; 2     ; 0.876       ; 14         ; 0.298 ; 0.578 ;
+------------------------+-------+-------+-------------+------------+-------+-------+
Note: Negative delays are omitted from totals when calculating percentages

+---------------------------------------------------------------------------------------------------------------------------+
; Data Arrival Path                                                                                                         ;
+---------+---------+----+------+--------+----------------------+-----------------------------------------------------------+
; Total   ; Incr    ; RF ; Type ; Fanout ; Location             ; Element                                                   ;
+---------+---------+----+------+--------+----------------------+-----------------------------------------------------------+
; 0.000   ; 0.000   ;    ;      ;        ;                      ; launch edge time                                          ;
; 3.337   ; 3.337   ;    ;      ;        ;                      ; clock path                                                ;
;   0.000 ;   0.000 ;    ;      ;        ;                      ; source latency                                            ;
;   0.000 ;   0.000 ;    ;      ; 1      ; LABCELL_X45_Y1_N3    ; gpu_clk                                                   ;
;   0.734 ;   0.734 ; RR ; IC   ; 1      ; CLKCTRL_G5           ; gpu_clk~CLKENA0|inclk                                     ;
;   1.006 ;   0.272 ; RR ; CELL ; 15028  ; CLKCTRL_G5           ; gpu_clk~CLKENA0|outclk                                    ;
;   2.856 ;   1.850 ; RR ; IC   ; 1      ; FF_X39_Y19_N26       ; u_guard_blit|guard_violations[9]~DUPLICATE|clk            ;
;   3.337 ;   0.481 ; RR ; CELL ; 1      ; FF_X39_Y19_N26       ; zhao_mem_guard:u_guard_blit|guard_violations[9]~DUPLICATE ;
; 3.870   ; 0.533   ;    ;      ;        ;                      ; data path                                                 ;
;   3.337 ;   0.000 ;    ; uTco ; 1      ; FF_X39_Y19_N26       ; zhao_mem_guard:u_guard_blit|guard_violations[9]~DUPLICATE ;
;   3.337 ;   0.000 ; FF ; CELL ; 1      ; FF_X39_Y19_N26       ; u_guard_blit|guard_violations[9]~DUPLICATE|q              ;
;   3.573 ;   0.236 ; FF ; IC   ; 2      ; MLABCELL_X39_Y19_N24 ; u_guard_blit|Add2~33|datac                                ;
;   3.799 ;   0.226 ; FR ; CELL ; 2      ; MLABCELL_X39_Y19_N24 ; u_guard_blit|Add2~33|sumout                               ;
;   3.799 ;   0.000 ; RR ; IC   ; 1      ; FF_X39_Y19_N25       ; u_guard_blit|guard_violations[9]|d                        ;
;   3.870 ;   0.071 ; RR ; CELL ; 1      ; FF_X39_Y19_N25       ; zhao_mem_guard:u_guard_blit|guard_violations[9]           ;
+---------+---------+----+------+--------+----------------------+-----------------------------------------------------------+

+---------------------------------------------------------------------------------------------------------------+
; Data Required Path                                                                                            ;
+---------+----------+----+------+--------+-------------------+-------------------------------------------------+
; Total   ; Incr     ; RF ; Type ; Fanout ; Location          ; Element                                         ;
+---------+----------+----+------+--------+-------------------+-------------------------------------------------+
; 0.000   ; 0.000    ;    ;      ;        ;                   ; latch edge time                                 ;
; 3.464   ; 3.464    ;    ;      ;        ;                   ; clock path                                      ;
;   0.000 ;   0.000  ;    ;      ;        ;                   ; source latency                                  ;
;   0.000 ;   0.000  ;    ;      ; 1      ; LABCELL_X45_Y1_N3 ; gpu_clk                                         ;
;   2.911 ;   2.911  ; RR ; IC   ; 1      ; CLKCTRL_G5        ; gpu_clk~CLKENA0|inclk                           ;
;   3.209 ;   0.298  ; RR ; CELL ; 15028  ; CLKCTRL_G5        ; gpu_clk~CLKENA0|outclk                          ;
;   5.470 ;   2.261  ; RR ; IC   ; 1      ; FF_X39_Y19_N25    ; u_guard_blit|guard_violations[9]|clk            ;
;   6.048 ;   0.578  ; RR ; CELL ; 1      ; FF_X39_Y19_N25    ; zhao_mem_guard:u_guard_blit|guard_violations[9] ;
;   3.464 ;   -2.584 ;    ;      ;        ;                   ; clock pessimism removed                         ;
; 3.464   ; 0.000    ;    ;      ;        ;                   ; clock uncertainty                               ;
; 3.464   ; 0.000    ;    ; uTh  ; 1      ; FF_X39_Y19_N25    ; zhao_mem_guard:u_guard_blit|guard_violations[9] ;
+---------+----------+----+------+--------+-------------------+-------------------------------------------------+

----------------------------
; Extra Fitter Information ;
----------------------------
HTML report is unavailable in plain text report export.


Path #99: Hold slack is 0.406 
===============================================================================
+---------------------------------------------------------------------------------+
; Path Summary                                                                    ;
+--------------------+------------------------------------------------------------+
; Property           ; Value                                                      ;
+--------------------+------------------------------------------------------------+
; From Node          ; zhao_mem_guard:u_guard_blit|guard_violations[29]~DUPLICATE ;
; To Node            ; zhao_mem_guard:u_guard_blit|guard_violations[29]           ;
; Launch Clock       ; gpu_clk                                                    ;
; Latch Clock        ; gpu_clk                                                    ;
; Data Arrival Time  ; 3.934                                                      ;
; Data Required Time ; 3.528                                                      ;
; Slack              ; 0.406                                                      ;
+--------------------+------------------------------------------------------------+

+-----------------------------------------------------------------------------------+
; Statistics                                                                        ;
+------------------------+-------+-------+-------------+------------+-------+-------+
; Property               ; Value ; Count ; Total Delay ; % of Total ; Min   ; Max   ;
+------------------------+-------+-------+-------------+------------+-------+-------+
; Hold Relationship      ; 0.000 ;       ;             ;            ;       ;       ;
; Clock Skew             ; 0.127 ;       ;             ;            ;       ;       ;
; Data Delay             ; 0.533 ;       ;             ;            ;       ;       ;
; Number of Logic Levels ;       ; 1     ;             ;            ;       ;       ;
; Physical Delays        ;       ;       ;             ;            ;       ;       ;
;  Arrival Path          ;       ;       ;             ;            ;       ;       ;
;   Clock                ;       ;       ;             ;            ;       ;       ;
;    IC                  ;       ; 2     ; 2.648       ; 78         ; 0.734 ; 1.914 ;
;    Cell                ;       ; 2     ; 0.753       ; 22         ; 0.272 ; 0.481 ;
;   Data                 ;       ;       ;             ;            ;       ;       ;
;    IC                  ;       ; 2     ; 0.236       ; 44         ; 0.000 ; 0.236 ;
;    Cell                ;       ; 3     ; 0.297       ; 56         ; 0.000 ; 0.226 ;
;    uTco                ;       ; 1     ; 0.000       ; 0          ; 0.000 ; 0.000 ;
;  Required Path         ;       ;       ;             ;            ;       ;       ;
;   Clock                ;       ;       ;             ;            ;       ;       ;
;    IC                  ;       ; 2     ; 5.253       ; 86         ; 2.342 ; 2.911 ;
;    Cell                ;       ; 2     ; 0.876       ; 14         ; 0.298 ; 0.578 ;
+------------------------+-------+-------+-------------+------------+-------+-------+
Note: Negative delays are omitted from totals when calculating percentages

+----------------------------------------------------------------------------------------------------------------------------+
; Data Arrival Path                                                                                                          ;
+---------+---------+----+------+--------+----------------------+------------------------------------------------------------+
; Total   ; Incr    ; RF ; Type ; Fanout ; Location             ; Element                                                    ;
+---------+---------+----+------+--------+----------------------+------------------------------------------------------------+
; 0.000   ; 0.000   ;    ;      ;        ;                      ; launch edge time                                           ;
; 3.401   ; 3.401   ;    ;      ;        ;                      ; clock path                                                 ;
;   0.000 ;   0.000 ;    ;      ;        ;                      ; source latency                                             ;
;   0.000 ;   0.000 ;    ;      ; 1      ; LABCELL_X45_Y1_N3    ; gpu_clk                                                    ;
;   0.734 ;   0.734 ; RR ; IC   ; 1      ; CLKCTRL_G5           ; gpu_clk~CLKENA0|inclk                                      ;
;   1.006 ;   0.272 ; RR ; CELL ; 15028  ; CLKCTRL_G5           ; gpu_clk~CLKENA0|outclk                                     ;
;   2.920 ;   1.914 ; RR ; IC   ; 1      ; FF_X39_Y18_N26       ; u_guard_blit|guard_violations[29]~DUPLICATE|clk            ;
;   3.401 ;   0.481 ; RR ; CELL ; 1      ; FF_X39_Y18_N26       ; zhao_mem_guard:u_guard_blit|guard_violations[29]~DUPLICATE ;
; 3.934   ; 0.533   ;    ;      ;        ;                      ; data path                                                  ;
;   3.401 ;   0.000 ;    ; uTco ; 1      ; FF_X39_Y18_N26       ; zhao_mem_guard:u_guard_blit|guard_violations[29]~DUPLICATE ;
;   3.401 ;   0.000 ; FF ; CELL ; 1      ; FF_X39_Y18_N26       ; u_guard_blit|guard_violations[29]~DUPLICATE|q              ;
;   3.637 ;   0.236 ; FF ; IC   ; 2      ; MLABCELL_X39_Y18_N24 ; u_guard_blit|Add2~113|datac                                ;
;   3.863 ;   0.226 ; FR ; CELL ; 2      ; MLABCELL_X39_Y18_N24 ; u_guard_blit|Add2~113|sumout                               ;
;   3.863 ;   0.000 ; RR ; IC   ; 1      ; FF_X39_Y18_N25       ; u_guard_blit|guard_violations[29]|d                        ;
;   3.934 ;   0.071 ; RR ; CELL ; 1      ; FF_X39_Y18_N25       ; zhao_mem_guard:u_guard_blit|guard_violations[29]           ;
+---------+---------+----+------+--------+----------------------+------------------------------------------------------------+

+----------------------------------------------------------------------------------------------------------------+
; Data Required Path                                                                                             ;
+---------+----------+----+------+--------+-------------------+--------------------------------------------------+
; Total   ; Incr     ; RF ; Type ; Fanout ; Location          ; Element                                          ;
+---------+----------+----+------+--------+-------------------+--------------------------------------------------+
; 0.000   ; 0.000    ;    ;      ;        ;                   ; latch edge time                                  ;
; 3.528   ; 3.528    ;    ;      ;        ;                   ; clock path                                       ;
;   0.000 ;   0.000  ;    ;      ;        ;                   ; source latency                                   ;
;   0.000 ;   0.000  ;    ;      ; 1      ; LABCELL_X45_Y1_N3 ; gpu_clk                                          ;
;   2.911 ;   2.911  ; RR ; IC   ; 1      ; CLKCTRL_G5        ; gpu_clk~CLKENA0|inclk                            ;
;   3.209 ;   0.298  ; RR ; CELL ; 15028  ; CLKCTRL_G5        ; gpu_clk~CLKENA0|outclk                           ;
;   5.551 ;   2.342  ; RR ; IC   ; 1      ; FF_X39_Y18_N25    ; u_guard_blit|guard_violations[29]|clk            ;
;   6.129 ;   0.578  ; RR ; CELL ; 1      ; FF_X39_Y18_N25    ; zhao_mem_guard:u_guard_blit|guard_violations[29] ;
;   3.528 ;   -2.601 ;    ;      ;        ;                   ; clock pessimism removed                          ;
; 3.528   ; 0.000    ;    ;      ;        ;                   ; clock uncertainty                                ;
; 3.528   ; 0.000    ;    ; uTh  ; 1      ; FF_X39_Y18_N25    ; zhao_mem_guard:u_guard_blit|guard_violations[29] ;
+---------+----------+----+------+--------+-------------------+--------------------------------------------------+

----------------------------
; Extra Fitter Information ;
----------------------------
HTML report is unavailable in plain text report export.


Path #100: Hold slack is 0.406 
===============================================================================
+---------------------------------------------------------------------+
; Path Summary                                                        ;
+--------------------+------------------------------------------------+
; Property           ; Value                                          ;
+--------------------+------------------------------------------------+
; From Node          ; zhao_input_rumble:u_rumble|pend_strength[0][6] ;
; To Node            ; zhao_input_rumble:u_rumble|duty[0][6]          ;
; Launch Clock       ; gpu_clk                                        ;
; Latch Clock        ; gpu_clk                                        ;
; Data Arrival Time  ; 4.282                                          ;
; Data Required Time ; 3.876                                          ;
; Slack              ; 0.406                                          ;
+--------------------+------------------------------------------------+

+-----------------------------------------------------------------------------------+
; Statistics                                                                        ;
+------------------------+-------+-------+-------------+------------+-------+-------+
; Property               ; Value ; Count ; Total Delay ; % of Total ; Min   ; Max   ;
+------------------------+-------+-------+-------------+------------+-------+-------+
; Hold Relationship      ; 0.000 ;       ;             ;            ;       ;       ;
; Clock Skew             ; 0.507 ;       ;             ;            ;       ;       ;
; Data Delay             ; 0.913 ;       ;             ;            ;       ;       ;
; Number of Logic Levels ;       ; 0     ;             ;            ;       ;       ;
; Physical Delays        ;       ;       ;             ;            ;       ;       ;
;  Arrival Path          ;       ;       ;             ;            ;       ;       ;
;   Clock                ;       ;       ;             ;            ;       ;       ;
;    IC                  ;       ; 2     ; 2.596       ; 77         ; 0.734 ; 1.862 ;
;    Cell                ;       ; 2     ; 0.773       ; 23         ; 0.272 ; 0.501 ;
;   Data                 ;       ;       ;             ;            ;       ;       ;
;    IC                  ;       ; 1     ; 0.640       ; 70         ; 0.640 ; 0.640 ;
;    Cell                ;       ; 2     ; 0.273       ; 30         ; 0.000 ; 0.273 ;
;    uTco                ;       ; 1     ; 0.000       ; 0          ; 0.000 ; 0.000 ;
;  Required Path         ;       ;       ;             ;            ;       ;       ;
;   Clock                ;       ;       ;             ;            ;       ;       ;
;    IC                  ;       ; 2     ; 5.203       ; 86         ; 2.292 ; 2.911 ;
;    Cell                ;       ; 2     ; 0.876       ; 14         ; 0.298 ; 0.578 ;
+------------------------+-------+-------+-------------+------------+-------+-------+
Note: Negative delays are omitted from totals when calculating percentages

+-------------------------------------------------------------------------------------------------------------+
; Data Arrival Path                                                                                           ;
+---------+---------+----+------+--------+-------------------+------------------------------------------------+
; Total   ; Incr    ; RF ; Type ; Fanout ; Location          ; Element                                        ;
+---------+---------+----+------+--------+-------------------+------------------------------------------------+
; 0.000   ; 0.000   ;    ;      ;        ;                   ; launch edge time                               ;
; 3.369   ; 3.369   ;    ;      ;        ;                   ; clock path                                     ;
;   0.000 ;   0.000 ;    ;      ;        ;                   ; source latency                                 ;
;   0.000 ;   0.000 ;    ;      ; 1      ; LABCELL_X45_Y1_N3 ; gpu_clk                                        ;
;   0.734 ;   0.734 ; RR ; IC   ; 1      ; CLKCTRL_G5        ; gpu_clk~CLKENA0|inclk                          ;
;   1.006 ;   0.272 ; RR ; CELL ; 15028  ; CLKCTRL_G5        ; gpu_clk~CLKENA0|outclk                         ;
;   2.868 ;   1.862 ; RR ; IC   ; 1      ; FF_X68_Y5_N37     ; u_rumble|pend_strength[0][6]|clk               ;
;   3.369 ;   0.501 ; RR ; CELL ; 1      ; FF_X68_Y5_N37     ; zhao_input_rumble:u_rumble|pend_strength[0][6] ;
; 4.282   ; 0.913   ;    ;      ;        ;                   ; data path                                      ;
;   3.369 ;   0.000 ;    ; uTco ; 1      ; FF_X68_Y5_N37     ; zhao_input_rumble:u_rumble|pend_strength[0][6] ;
;   3.369 ;   0.000 ; RR ; CELL ; 1      ; FF_X68_Y5_N37     ; u_rumble|pend_strength[0][6]|q                 ;
;   4.009 ;   0.640 ; RR ; IC   ; 1      ; FF_X65_Y5_N20     ; u_rumble|duty[0][6]|asdata                     ;
;   4.282 ;   0.273 ; RR ; CELL ; 1      ; FF_X65_Y5_N20     ; zhao_input_rumble:u_rumble|duty[0][6]          ;
+---------+---------+----+------+--------+-------------------+------------------------------------------------+

+-----------------------------------------------------------------------------------------------------+
; Data Required Path                                                                                  ;
+---------+----------+----+------+--------+-------------------+---------------------------------------+
; Total   ; Incr     ; RF ; Type ; Fanout ; Location          ; Element                               ;
+---------+----------+----+------+--------+-------------------+---------------------------------------+
; 0.000   ; 0.000    ;    ;      ;        ;                   ; latch edge time                       ;
; 3.876   ; 3.876    ;    ;      ;        ;                   ; clock path                            ;
;   0.000 ;   0.000  ;    ;      ;        ;                   ; source latency                        ;
;   0.000 ;   0.000  ;    ;      ; 1      ; LABCELL_X45_Y1_N3 ; gpu_clk                               ;
;   2.911 ;   2.911  ; RR ; IC   ; 1      ; CLKCTRL_G5        ; gpu_clk~CLKENA0|inclk                 ;
;   3.209 ;   0.298  ; RR ; CELL ; 15028  ; CLKCTRL_G5        ; gpu_clk~CLKENA0|outclk                ;
;   5.501 ;   2.292  ; RR ; IC   ; 1      ; FF_X65_Y5_N20     ; u_rumble|duty[0][6]|clk               ;
;   6.079 ;   0.578  ; RR ; CELL ; 1      ; FF_X65_Y5_N20     ; zhao_input_rumble:u_rumble|duty[0][6] ;
;   3.876 ;   -2.203 ;    ;      ;        ;                   ; clock pessimism removed               ;
; 3.876   ; 0.000    ;    ;      ;        ;                   ; clock uncertainty                     ;
; 3.876   ; 0.000    ;    ; uTh  ; 1      ; FF_X65_Y5_N20     ; zhao_input_rumble:u_rumble|duty[0][6] ;
+---------+----------+----+------+--------+-------------------+---------------------------------------+

----------------------------
; Extra Fitter Information ;
----------------------------
HTML report is unavailable in plain text report export.


