+---------------------------------------------------------------------------------------------------------------------------------------------------------------------------------------------------------------------------------------------------------------------------------+
; Report Timing                                                                                                                                                                                                                                                                   ;
+---------+--------------------------------------------------------------------------------------------------+----------------------------------------------------------------------------------------------+--------------+-------------+--------------+------------+------------+
; Slack   ; From Node                                                                                        ; To Node                                                                                      ; Launch Clock ; Latch Clock ; Relationship ; Clock Skew ; Data Delay ;
+---------+--------------------------------------------------------------------------------------------------+----------------------------------------------------------------------------------------------+--------------+-------------+--------------+------------+------------+
; -15.174 ; altsyncram:edge_key_r_rtl_0|altsyncram_esi1:auto_generated|ram_block1a0~PORT_B_WRITE_ENABLE_REG  ; vd_addr_o[26]                                                                                ; clk          ; clk         ; 10.000       ; -6.908     ; 18.206     ;
; -14.879 ; altsyncram:edge_key_r_rtl_0|altsyncram_esi1:auto_generated|ram_block1a0~PORT_B_WRITE_ENABLE_REG  ; vd_addr_o[30]                                                                                ; clk          ; clk         ; 10.000       ; -6.908     ; 17.911     ;
; -14.813 ; altsyncram:edge_key_r_rtl_0|altsyncram_esi1:auto_generated|ram_block1a0~PORT_B_WRITE_ENABLE_REG  ; vd_addr_o[28]                                                                                ; clk          ; clk         ; 10.000       ; -6.908     ; 17.845     ;
; -14.734 ; altsyncram:edge_key_r_rtl_0|altsyncram_esi1:auto_generated|ram_block1a0~PORT_B_WRITE_ENABLE_REG  ; vd_addr_o[24]                                                                                ; clk          ; clk         ; 10.000       ; -6.908     ; 17.766     ;
; -14.375 ; altsyncram:edge_key_r_rtl_0|altsyncram_esi1:auto_generated|ram_block1a0~PORT_B_WRITE_ENABLE_REG  ; vd_addr_o[31]                                                                                ; clk          ; clk         ; 10.000       ; -6.908     ; 17.407     ;
; -14.338 ; altsyncram:edge_key_r_rtl_0|altsyncram_esi1:auto_generated|ram_block1a0~PORT_B_WRITE_ENABLE_REG  ; vd_addr_o[21]                                                                                ; clk          ; clk         ; 10.000       ; -6.908     ; 17.370     ;
; -14.299 ; altsyncram:edge_key_r_rtl_0|altsyncram_esi1:auto_generated|ram_block1a0~PORT_B_WRITE_ENABLE_REG  ; vd_addr_o[29]                                                                                ; clk          ; clk         ; 10.000       ; -6.908     ; 17.331     ;
; -14.250 ; altsyncram:edge_key_r_rtl_0|altsyncram_esi1:auto_generated|ram_block1a0~PORT_B_WRITE_ENABLE_REG  ; vd_addr_o[14]                                                                                ; clk          ; clk         ; 10.000       ; -6.908     ; 17.282     ;
; -14.235 ; altsyncram:edge_key_r_rtl_0|altsyncram_esi1:auto_generated|ram_block1a0~PORT_B_WRITE_ENABLE_REG  ; vd_addr_o[10]                                                                                ; clk          ; clk         ; 10.000       ; -6.908     ; 17.267     ;
; -14.196 ; altsyncram:edge_key_r_rtl_0|altsyncram_esi1:auto_generated|ram_block1a0~PORT_B_WRITE_ENABLE_REG  ; vd_addr_o[25]                                                                                ; clk          ; clk         ; 10.000       ; -6.908     ; 17.228     ;
; -14.193 ; altsyncram:edge_key_r_rtl_0|altsyncram_esi1:auto_generated|ram_block1a0~PORT_B_WRITE_ENABLE_REG  ; vd_addr_o[27]                                                                                ; clk          ; clk         ; 10.000       ; -6.908     ; 17.225     ;
; -14.148 ; altsyncram:edge_key_r_rtl_0|altsyncram_esi1:auto_generated|ram_block1a0~PORT_B_WRITE_ENABLE_REG  ; vd_addr_o[13]                                                                                ; clk          ; clk         ; 10.000       ; -6.908     ; 17.180     ;
; -14.128 ; altsyncram:edge_key_r_rtl_0|altsyncram_esi1:auto_generated|ram_block1a0~PORT_B_WRITE_ENABLE_REG  ; vd_addr_o[12]                                                                                ; clk          ; clk         ; 10.000       ; -6.908     ; 17.160     ;
; -14.084 ; altsyncram:edge_key_r_rtl_0|altsyncram_esi1:auto_generated|ram_block1a0~PORT_B_WRITE_ENABLE_REG  ; vd_addr_o[20]                                                                                ; clk          ; clk         ; 10.000       ; -6.908     ; 17.116     ;
; -14.081 ; altsyncram:edge_key_r_rtl_0|altsyncram_esi1:auto_generated|ram_block1a0~PORT_B_WRITE_ENABLE_REG  ; vd_addr_o[8]                                                                                 ; clk          ; clk         ; 10.000       ; -6.908     ; 17.113     ;
; -14.037 ; altsyncram:edge_key_r_rtl_0|altsyncram_esi1:auto_generated|ram_block1a0~PORT_B_WRITE_ENABLE_REG  ; vd_addr_o[23]                                                                                ; clk          ; clk         ; 10.000       ; -6.908     ; 17.069     ;
; -14.009 ; altsyncram:edge_key_r_rtl_0|altsyncram_esi1:auto_generated|ram_block1a0~PORT_B_WRITE_ENABLE_REG  ; vd_addr_o[17]                                                                                ; clk          ; clk         ; 10.000       ; -6.908     ; 17.041     ;
; -13.961 ; altsyncram:edge_key_r_rtl_0|altsyncram_esi1:auto_generated|ram_block1a0~PORT_B_WRITE_ENABLE_REG  ; vd_addr_o[22]                                                                                ; clk          ; clk         ; 10.000       ; -6.908     ; 16.993     ;
; -13.935 ; altsyncram:edge_key_r_rtl_0|altsyncram_esi1:auto_generated|ram_block1a0~PORT_B_WRITE_ENABLE_REG  ; vd_addr_o[7]                                                                                 ; clk          ; clk         ; 10.000       ; -6.908     ; 16.967     ;
; -13.885 ; altsyncram:edge_key_r_rtl_0|altsyncram_esi1:auto_generated|ram_block1a0~PORT_B_WRITE_ENABLE_REG  ; vd_addr_o[4]                                                                                 ; clk          ; clk         ; 10.000       ; -6.908     ; 16.917     ;
; -13.833 ; altsyncram:edge_key_r_rtl_0|altsyncram_esi1:auto_generated|ram_block1a0~PORT_B_WRITE_ENABLE_REG  ; vd_addr_o[6]                                                                                 ; clk          ; clk         ; 10.000       ; -6.908     ; 16.865     ;
; -13.828 ; altsyncram:edge_key_r_rtl_0|altsyncram_esi1:auto_generated|ram_block1a0~PORT_B_WRITE_ENABLE_REG  ; vd_addr_o[9]                                                                                 ; clk          ; clk         ; 10.000       ; -6.908     ; 16.860     ;
; -13.813 ; altsyncram:edge_key_r_rtl_0|altsyncram_esi1:auto_generated|ram_block1a0~PORT_B_WRITE_ENABLE_REG  ; vd_addr_o[19]                                                                                ; clk          ; clk         ; 10.000       ; -6.908     ; 16.845     ;
; -13.782 ; altsyncram:edge_key_r_rtl_0|altsyncram_esi1:auto_generated|ram_block1a0~PORT_B_WRITE_ENABLE_REG  ; vd_addr_o[18]                                                                                ; clk          ; clk         ; 10.000       ; -6.908     ; 16.814     ;
; -13.781 ; altsyncram:edge_key_r_rtl_0|altsyncram_esi1:auto_generated|ram_block1a0~PORT_B_WRITE_ENABLE_REG  ; vd_addr_o[15]                                                                                ; clk          ; clk         ; 10.000       ; -6.908     ; 16.813     ;
; -13.712 ; altsyncram:edge_key_r_rtl_0|altsyncram_esi1:auto_generated|ram_block1a0~PORT_B_WRITE_ENABLE_REG  ; vd_addr_o[16]                                                                                ; clk          ; clk         ; 10.000       ; -6.908     ; 16.744     ;
; -13.603 ; altsyncram:edge_key_r_rtl_0|altsyncram_esi1:auto_generated|ram_block1a0~PORT_B_WRITE_ENABLE_REG  ; vd_addr_o[5]                                                                                 ; clk          ; clk         ; 10.000       ; -6.908     ; 16.635     ;
; -13.449 ; altsyncram:edge_key_r_rtl_0|altsyncram_esi1:auto_generated|ram_block1a0~PORT_B_WRITE_ENABLE_REG  ; vd_addr_o[11]                                                                                ; clk          ; clk         ; 10.000       ; -6.908     ; 16.481     ;
; -13.423 ; altsyncram:edge_key_r_rtl_0|altsyncram_esi1:auto_generated|ram_block1a0~PORT_B_WRITE_ENABLE_REG  ; vd_addr_o[2]                                                                                 ; clk          ; clk         ; 10.000       ; -6.908     ; 16.455     ;
; -13.412 ; altsyncram:edge_key_r_rtl_0|altsyncram_esi1:auto_generated|ram_block1a0~PORT_B_WRITE_ENABLE_REG  ; vd_addr_o[3]                                                                                 ; clk          ; clk         ; 10.000       ; -6.908     ; 16.444     ;
; -13.403 ; altsyncram:edge_key_r_rtl_0|altsyncram_esi1:auto_generated|ram_block1a0~PORT_B_WRITE_ENABLE_REG  ; vd_addr_o[1]                                                                                 ; clk          ; clk         ; 10.000       ; -6.908     ; 16.435     ;
; -12.712 ; altsyncram:edge_key_r_rtl_0|altsyncram_esi1:auto_generated|ram_block1a0~PORT_B_WRITE_ENABLE_REG  ; vd_addr_o[0]                                                                                 ; clk          ; clk         ; 10.000       ; -6.908     ; 15.744     ;
; -9.048  ; vd_data_i[24]                                                                                    ; altsyncram:prio_mem_r_rtl_0|altsyncram_isi1:auto_generated|ram_block1a19~PORT_A_DATA_IN_13   ; clk          ; clk         ; 10.000       ; 3.302      ; 22.290     ;
; -9.045  ; vd_data_i[24]                                                                                    ; altsyncram:prio_mem_r_rtl_0|altsyncram_isi1:auto_generated|ram_block1a19~porta_datain_reg3   ; clk          ; clk         ; 10.000       ; 3.298      ; 22.283     ;
; -9.040  ; vd_data_i[24]                                                                                    ; prio_mem_r~23                                                                                ; clk          ; clk         ; 10.000       ; 3.238      ; 22.218     ;
; -9.019  ; vd_data_i[24]                                                                                    ; prio_mem_r_rtl_0_bypass[45]                                                                  ; clk          ; clk         ; 10.000       ; 3.260      ; 22.219     ;
; -8.970  ; vd_data_i[24]                                                                                    ; prio_mem_r_rtl_0_bypass[48]                                                                  ; clk          ; clk         ; 10.000       ; 3.255      ; 22.165     ;
; -8.896  ; vd_data_i[24]                                                                                    ; altsyncram:prio_mem_r_rtl_0|altsyncram_isi1:auto_generated|ram_block1a19~PORT_A_DATA_IN_15   ; clk          ; clk         ; 10.000       ; 3.302      ; 22.138     ;
; -8.883  ; vd_data_i[24]                                                                                    ; altsyncram:prio_mem_r_rtl_0|altsyncram_isi1:auto_generated|ram_block1a19~PORT_A_DATA_IN_5    ; clk          ; clk         ; 10.000       ; 3.300      ; 22.123     ;
; -8.874  ; vd_data_i[24]                                                                                    ; altsyncram:prio_mem_r_rtl_0|altsyncram_isi1:auto_generated|ram_block1a19~porta_datain_reg0   ; clk          ; clk         ; 10.000       ; 3.292      ; 22.106     ;
; -8.866  ; vd_data_i[24]                                                                                    ; altsyncram:prio_mem_r_rtl_0|altsyncram_isi1:auto_generated|ram_block1a19~PORT_A_DATA_IN_10   ; clk          ; clk         ; 10.000       ; 3.299      ; 22.105     ;
; -8.825  ; vd_data_i[24]                                                                                    ; prio_mem_r~26                                                                                ; clk          ; clk         ; 10.000       ; 3.231      ; 21.996     ;
; -8.766  ; vd_data_i[24]                                                                                    ; prio_mem_r~27                                                                                ; clk          ; clk         ; 10.000       ; 3.220      ; 21.926     ;
; -8.695  ; vd_data_i[24]                                                                                    ; altsyncram:prio_mem_r_rtl_0|altsyncram_isi1:auto_generated|ram_block1a24~PORT_A_DATA_IN_6    ; clk          ; clk         ; 10.000       ; 3.236      ; 21.871     ;
; -8.676  ; vd_data_i[24]                                                                                    ; prio_mem_r~20                                                                                ; clk          ; clk         ; 10.000       ; 3.236      ; 21.852     ;
; -8.675  ; vd_data_i[24]                                                                                    ; altsyncram:prio_mem_r_rtl_0|altsyncram_isi1:auto_generated|ram_block1a9~porta_datain_reg4    ; clk          ; clk         ; 10.000       ; 3.239      ; 21.854     ;
; -8.675  ; vd_data_i[24]                                                                                    ; altsyncram:prio_mem_r_rtl_0|altsyncram_isi1:auto_generated|ram_block1a24~PORT_A_DATA_IN_16   ; clk          ; clk         ; 10.000       ; 3.235      ; 21.850     ;
; -8.653  ; vd_data_i[24]                                                                                    ; altsyncram:prio_mem_r_rtl_0|altsyncram_isi1:auto_generated|ram_block1a24~PORT_A_DATA_IN_11   ; clk          ; clk         ; 10.000       ; 3.238      ; 21.831     ;
; -8.650  ; vd_data_i[24]                                                                                    ; prio_mem_r_rtl_0_bypass[42]                                                                  ; clk          ; clk         ; 10.000       ; 3.265      ; 21.855     ;
; -8.649  ; vd_data_i[24]                                                                                    ; altsyncram:prio_mem_r_rtl_0|altsyncram_isi1:auto_generated|ram_block1a14~PORT_A_DATA_IN_15   ; clk          ; clk         ; 10.000       ; 3.259      ; 21.848     ;
; -8.648  ; vd_data_i[24]                                                                                    ; altsyncram:prio_mem_r_rtl_0|altsyncram_isi1:auto_generated|ram_block1a9~PORT_A_DATA_IN_6     ; clk          ; clk         ; 10.000       ; 3.234      ; 21.822     ;
; -8.642  ; vd_data_i[24]                                                                                    ; altsyncram:prio_mem_r_rtl_0|altsyncram_isi1:auto_generated|ram_block1a24~porta_datain_reg1   ; clk          ; clk         ; 10.000       ; 3.241      ; 21.823     ;
; -8.638  ; vd_data_i[24]                                                                                    ; altsyncram:prio_mem_r_rtl_0|altsyncram_isi1:auto_generated|ram_block1a14~PORT_A_DATA_IN_5    ; clk          ; clk         ; 10.000       ; 3.257      ; 21.835     ;
; -8.635  ; vd_data_i[24]                                                                                    ; altsyncram:prio_mem_r_rtl_0|altsyncram_isi1:auto_generated|ram_block1a19~porta_datain_reg4   ; clk          ; clk         ; 10.000       ; 3.301      ; 21.876     ;
; -8.629  ; vd_data_i[24]                                                                                    ; altsyncram:prio_mem_r_rtl_0|altsyncram_isi1:auto_generated|ram_block1a14~porta_datain_reg0   ; clk          ; clk         ; 10.000       ; 3.249      ; 21.818     ;
; -8.628  ; vd_data_i[24]                                                                                    ; altsyncram:prio_mem_r_rtl_0|altsyncram_isi1:auto_generated|ram_block1a9~PORT_A_DATA_IN_16    ; clk          ; clk         ; 10.000       ; 3.233      ; 21.801     ;
; -8.625  ; vd_data_i[24]                                                                                    ; altsyncram:prio_mem_r_rtl_0|altsyncram_isi1:auto_generated|ram_block1a0~PORT_A_DATA_IN_7     ; clk          ; clk         ; 10.000       ; 3.231      ; 21.796     ;
; -8.624  ; vd_data_i[24]                                                                                    ; altsyncram:prio_mem_r_rtl_0|altsyncram_isi1:auto_generated|ram_block1a14~PORT_A_DATA_IN_10   ; clk          ; clk         ; 10.000       ; 3.256      ; 21.820     ;
; -8.619  ; vd_data_i[24]                                                                                    ; altsyncram:prio_mem_r_rtl_0|altsyncram_isi1:auto_generated|ram_block1a0~PORT_A_DATA_IN_17    ; clk          ; clk         ; 10.000       ; 3.228      ; 21.787     ;
; -8.611  ; vd_data_i[24]                                                                                    ; altsyncram:prio_mem_r_rtl_0|altsyncram_isi1:auto_generated|ram_block1a0~porta_datain_reg2    ; clk          ; clk         ; 10.000       ; 3.230      ; 21.781     ;
; -8.609  ; vd_data_i[24]                                                                                    ; altsyncram:prio_mem_r_rtl_0|altsyncram_isi1:auto_generated|ram_block1a9~PORT_A_DATA_IN_11    ; clk          ; clk         ; 10.000       ; 3.236      ; 21.785     ;
; -8.608  ; vd_data_i[24]                                                                                    ; altsyncram:prio_mem_r_rtl_0|altsyncram_isi1:auto_generated|ram_block1a0~PORT_A_DATA_IN_12    ; clk          ; clk         ; 10.000       ; 3.227      ; 21.775     ;
; -8.599  ; vd_data_i[24]                                                                                    ; altsyncram:prio_mem_r_rtl_0|altsyncram_isi1:auto_generated|ram_block1a9~porta_datain_reg1    ; clk          ; clk         ; 10.000       ; 3.239      ; 21.778     ;
; -8.556  ; vd_data_i[24]                                                                                    ; altsyncram:prio_mem_r_rtl_0|altsyncram_isi1:auto_generated|ram_block1a24~PORT_A_DATA_IN_7    ; clk          ; clk         ; 10.000       ; 3.239      ; 21.735     ;
; -8.551  ; vd_data_i[24]                                                                                    ; altsyncram:prio_mem_r_rtl_0|altsyncram_isi1:auto_generated|ram_block1a24~PORT_A_DATA_IN_17   ; clk          ; clk         ; 10.000       ; 3.236      ; 21.727     ;
; -8.532  ; vd_data_i[24]                                                                                    ; altsyncram:prio_mem_r_rtl_0|altsyncram_isi1:auto_generated|ram_block1a24~PORT_A_DATA_IN_12   ; clk          ; clk         ; 10.000       ; 3.235      ; 21.707     ;
; -8.531  ; vd_data_i[24]                                                                                    ; altsyncram:prio_mem_r_rtl_0|altsyncram_isi1:auto_generated|ram_block1a24~porta_datain_reg2   ; clk          ; clk         ; 10.000       ; 3.238      ; 21.709     ;
; -8.529  ; vd_data_i[24]                                                                                    ; prio_mem_r_rtl_0_bypass[33]                                                                  ; clk          ; clk         ; 10.000       ; 3.251      ; 21.720     ;
; -8.502  ; vd_data_i[24]                                                                                    ; altsyncram:prio_mem_r_rtl_0|altsyncram_isi1:auto_generated|ram_block1a9~PORT_A_DATA_IN_19    ; clk          ; clk         ; 10.000       ; 3.192      ; 21.634     ;
; -8.471  ; vd_data_i[24]                                                                                    ; altsyncram:prio_mem_r_rtl_0|altsyncram_isi1:auto_generated|ram_block1a14~PORT_A_DATA_IN_7    ; clk          ; clk         ; 10.000       ; 3.256      ; 21.667     ;
; -8.466  ; vd_data_i[24]                                                                                    ; altsyncram:prio_mem_r_rtl_0|altsyncram_isi1:auto_generated|ram_block1a14~PORT_A_DATA_IN_17   ; clk          ; clk         ; 10.000       ; 3.253      ; 21.659     ;
; -8.466  ; vd_data_i[24]                                                                                    ; altsyncram:prio_mem_r_rtl_0|altsyncram_isi1:auto_generated|ram_block1a19~PORT_A_DATA_IN_19   ; clk          ; clk         ; 10.000       ; 3.254      ; 21.660     ;
; -8.464  ; vd_data_i[24]                                                                                    ; altsyncram:prio_mem_r_rtl_0|altsyncram_isi1:auto_generated|ram_block1a9~PORT_A_DATA_IN_9     ; clk          ; clk         ; 10.000       ; 3.237      ; 21.641     ;
; -8.458  ; vd_data_i[24]                                                                                    ; altsyncram:prio_mem_r_rtl_0|altsyncram_isi1:auto_generated|ram_block1a9~PORT_A_DATA_IN_14    ; clk          ; clk         ; 10.000       ; 3.231      ; 21.629     ;
; -8.457  ; vd_data_i[24]                                                                                    ; altsyncram:prio_mem_r_rtl_0|altsyncram_isi1:auto_generated|ram_block1a14~PORT_A_DATA_IN_11   ; clk          ; clk         ; 10.000       ; 3.255      ; 21.652     ;
; -8.451  ; vd_data_i[24]                                                                                    ; altsyncram:prio_mem_r_rtl_0|altsyncram_isi1:auto_generated|ram_block1a14~porta_datain_reg1   ; clk          ; clk         ; 10.000       ; 3.258      ; 21.649     ;
; -8.448  ; vd_data_i[24]                                                                                    ; altsyncram:prio_mem_r_rtl_0|altsyncram_isi1:auto_generated|ram_block1a14~porta_datain_reg2   ; clk          ; clk         ; 10.000       ; 3.255      ; 21.643     ;
; -8.445  ; vd_data_i[24]                                                                                    ; altsyncram:prio_mem_r_rtl_0|altsyncram_isi1:auto_generated|ram_block1a14~PORT_A_DATA_IN_12   ; clk          ; clk         ; 10.000       ; 3.252      ; 21.637     ;
; -8.428  ; vd_data_i[24]                                                                                    ; altsyncram:prio_mem_r_rtl_0|altsyncram_isi1:auto_generated|ram_block1a19~PORT_A_DATA_IN_9    ; clk          ; clk         ; 10.000       ; 3.299      ; 21.667     ;
; -8.427  ; vd_data_i[24]                                                                                    ; altsyncram:prio_mem_r_rtl_0|altsyncram_isi1:auto_generated|ram_block1a14~PORT_A_DATA_IN_6    ; clk          ; clk         ; 10.000       ; 3.253      ; 21.620     ;
; -8.419  ; vd_data_i[24]                                                                                    ; altsyncram:prio_mem_r_rtl_0|altsyncram_isi1:auto_generated|ram_block1a19~PORT_A_DATA_IN_14   ; clk          ; clk         ; 10.000       ; 3.293      ; 21.652     ;
; -8.414  ; vd_data_i[24]                                                                                    ; altsyncram:prio_mem_r_rtl_0|altsyncram_isi1:auto_generated|ram_block1a2~porta_datain_reg4    ; clk          ; clk         ; 10.000       ; 3.240      ; 21.594     ;
; -8.414  ; vd_data_i[24]                                                                                    ; prio_mem_r_rtl_0_bypass[49]                                                                  ; clk          ; clk         ; 10.000       ; 3.246      ; 21.600     ;
; -8.412  ; vd_data_i[24]                                                                                    ; altsyncram:prio_mem_r_rtl_0|altsyncram_isi1:auto_generated|ram_block1a0~porta_datain_reg4    ; clk          ; clk         ; 10.000       ; 3.233      ; 21.585     ;
; -8.411  ; vd_data_i[24]                                                                                    ; altsyncram:prio_mem_r_rtl_0|altsyncram_isi1:auto_generated|ram_block1a14~PORT_A_DATA_IN_16   ; clk          ; clk         ; 10.000       ; 3.252      ; 21.603     ;
; -8.396  ; vd_data_i[24]                                                                                    ; prio_mem_r~6                                                                                 ; clk          ; clk         ; 10.000       ; 3.217      ; 21.553     ;
; -8.394  ; vd_data_i[24]                                                                                    ; altsyncram:prio_mem_r_rtl_0|altsyncram_isi1:auto_generated|ram_block1a19~PORT_A_DATA_IN_18   ; clk          ; clk         ; 10.000       ; 3.299      ; 21.633     ;
; -8.385  ; vd_data_i[24]                                                                                    ; altsyncram:prio_mem_r_rtl_0|altsyncram_isi1:auto_generated|ram_block1a19~PORT_A_DATA_IN_8    ; clk          ; clk         ; 10.000       ; 3.298      ; 21.623     ;
; -8.376  ; vd_data_i[24]                                                                                    ; prio_mem_r~5                                                                                 ; clk          ; clk         ; 10.000       ; 3.219      ; 21.535     ;
; -8.375  ; vd_data_i[24]                                                                                    ; prio_mem_r_rtl_0_bypass[29]                                                                  ; clk          ; clk         ; 10.000       ; 3.252      ; 21.567     ;
; -8.367  ; vd_data_i[24]                                                                                    ; altsyncram:prio_mem_r_rtl_0|altsyncram_isi1:auto_generated|ram_block1a29~PORT_A_DATA_IN_6    ; clk          ; clk         ; 10.000       ; 3.227      ; 21.534     ;
; -8.362  ; vd_data_i[24]                                                                                    ; prio_mem_r_rtl_0_bypass[28]                                                                  ; clk          ; clk         ; 10.000       ; 3.242      ; 21.544     ;
; -8.362  ; vd_data_i[24]                                                                                    ; prio_mem_r~15                                                                                ; clk          ; clk         ; 10.000       ; 3.238      ; 21.540     ;
; -8.360  ; vd_data_i[24]                                                                                    ; prio_mem_r_rtl_0_bypass[27]                                                                  ; clk          ; clk         ; 10.000       ; 3.248      ; 21.548     ;
; -8.357  ; vd_data_i[24]                                                                                    ; altsyncram:prio_mem_r_rtl_0|altsyncram_isi1:auto_generated|ram_block1a2~PORT_A_DATA_IN_18    ; clk          ; clk         ; 10.000       ; 3.238      ; 21.535     ;
; -8.354  ; vd_data_i[24]                                                                                    ; prio_mem_r~4                                                                                 ; clk          ; clk         ; 10.000       ; 3.223      ; 21.517     ;
; -8.353  ; vd_data_i[24]                                                                                    ; prio_mem_r_rtl_0_bypass[38]                                                                  ; clk          ; clk         ; 10.000       ; 3.257      ; 21.550     ;
; -8.352  ; vd_data_i[24]                                                                                    ; prio_mem_r~17                                                                                ; clk          ; clk         ; 10.000       ; 3.247      ; 21.539     ;
; -8.352  ; vd_data_i[24]                                                                                    ; prio_mem_r~16                                                                                ; clk          ; clk         ; 10.000       ; 3.242      ; 21.534     ;
; -8.350  ; vd_data_i[24]                                                                                    ; prio_mem_r~7                                                                                 ; clk          ; clk         ; 10.000       ; 3.228      ; 21.518     ;
; -8.348  ; vd_data_i[24]                                                                                    ; altsyncram:prio_mem_r_rtl_0|altsyncram_isi1:auto_generated|ram_block1a2~PORT_A_DATA_IN_8     ; clk          ; clk         ; 10.000       ; 3.237      ; 21.525     ;
; -8.348  ; vd_data_i[24]                                                                                    ; altsyncram:prio_mem_r_rtl_0|altsyncram_isi1:auto_generated|ram_block1a29~PORT_A_DATA_IN_16   ; clk          ; clk         ; 10.000       ; 3.226      ; 21.514     ;
; -8.342  ; vd_data_i[24]                                                                                    ; altsyncram:prio_mem_r_rtl_0|altsyncram_isi1:auto_generated|ram_block1a2~PORT_A_DATA_IN_13    ; clk          ; clk         ; 10.000       ; 3.241      ; 21.523     ;
; -8.340  ; vd_data_i[24]                                                                                    ; prio_mem_r_rtl_0_bypass[37]                                                                  ; clk          ; clk         ; 10.000       ; 3.258      ; 21.538     ;
; -8.339  ; vd_data_i[24]                                                                                    ; altsyncram:prio_mem_r_rtl_0|altsyncram_isi1:auto_generated|ram_block1a2~porta_datain_reg3    ; clk          ; clk         ; 10.000       ; 3.237      ; 21.516     ;
; -8.332  ; vd_data_i[24]                                                                                    ; altsyncram:prio_mem_r_rtl_0|altsyncram_isi1:auto_generated|ram_block1a29~PORT_A_DATA_IN_11   ; clk          ; clk         ; 10.000       ; 3.229      ; 21.501     ;
; -8.322  ; vd_data_i[24]                                                                                    ; altsyncram:prio_mem_r_rtl_0|altsyncram_isi1:auto_generated|ram_block1a29~porta_datain_reg1   ; clk          ; clk         ; 10.000       ; 3.232      ; 21.494     ;
; -8.295  ; vd_data_i[24]                                                                                    ; prio_mem_r_rtl_0_bypass[39]                                                                  ; clk          ; clk         ; 10.000       ; 3.264      ; 21.499     ;
; -8.291  ; vd_data_i[24]                                                                                    ; altsyncram:prio_mem_r_rtl_0|altsyncram_isi1:auto_generated|ram_block1a2~PORT_A_DATA_IN_7     ; clk          ; clk         ; 10.000       ; 3.238      ; 21.469     ;
; -8.285  ; vd_data_i[24]                                                                                    ; altsyncram:prio_mem_r_rtl_0|altsyncram_isi1:auto_generated|ram_block1a2~PORT_A_DATA_IN_17    ; clk          ; clk         ; 10.000       ; 3.235      ; 21.460     ;
; -8.272  ; vd_data_i[24]                                                                                    ; altsyncram:prio_mem_r_rtl_0|altsyncram_isi1:auto_generated|ram_block1a0~PORT_A_DATA_IN_13    ; clk          ; clk         ; 10.000       ; 3.234      ; 21.446     ;
; -8.269  ; vd_data_i[24]                                                                                    ; altsyncram:prio_mem_r_rtl_0|altsyncram_isi1:auto_generated|ram_block1a0~porta_datain_reg3    ; clk          ; clk         ; 10.000       ; 3.230      ; 21.439     ;
; -8.268  ; vd_data_i[24]                                                                                    ; altsyncram:prio_mem_r_rtl_0|altsyncram_isi1:auto_generated|ram_block1a2~PORT_A_DATA_IN_12    ; clk          ; clk         ; 10.000       ; 3.234      ; 21.442     ;
; -8.267  ; vd_data_i[24]                                                                                    ; altsyncram:prio_mem_r_rtl_0|altsyncram_isi1:auto_generated|ram_block1a2~porta_datain_reg2    ; clk          ; clk         ; 10.000       ; 3.237      ; 21.444     ;
; -8.264  ; vd_data_i[24]                                                                                    ; prio_mem_r~14                                                                                ; clk          ; clk         ; 10.000       ; 3.239      ; 21.443     ;
; -8.242  ; vd_data_i[24]                                                                                    ; altsyncram:prio_mem_r_rtl_0|altsyncram_isi1:auto_generated|ram_block1a0~PORT_A_DATA_IN_19    ; clk          ; clk         ; 10.000       ; 3.186      ; 21.368     ;
; -8.242  ; vd_data_i[24]                                                                                    ; altsyncram:prio_mem_r_rtl_0|altsyncram_isi1:auto_generated|ram_block1a2~PORT_A_DATA_IN_19    ; clk          ; clk         ; 10.000       ; 3.193      ; 21.375     ;
; -8.231  ; vd_data_i[24]                                                                                    ; prio_mem_r_rtl_0_bypass[36]                                                                  ; clk          ; clk         ; 10.000       ; 3.257      ; 21.428     ;
; -8.212  ; vd_data_i[24]                                                                                    ; altsyncram:prio_mem_r_rtl_0|altsyncram_isi1:auto_generated|ram_block1a24~PORT_A_DATA_IN_15   ; clk          ; clk         ; 10.000       ; 3.242      ; 21.394     ;
; -8.207  ; vd_data_i[24]                                                                                    ; altsyncram:prio_mem_r_rtl_0|altsyncram_isi1:auto_generated|ram_block1a9~PORT_A_DATA_IN_18    ; clk          ; clk         ; 10.000       ; 3.237      ; 21.384     ;
; -8.204  ; vd_data_i[24]                                                                                    ; altsyncram:prio_mem_r_rtl_0|altsyncram_isi1:auto_generated|ram_block1a0~PORT_A_DATA_IN_9     ; clk          ; clk         ; 10.000       ; 3.231      ; 21.375     ;
; -8.202  ; vd_data_i[24]                                                                                    ; altsyncram:prio_mem_r_rtl_0|altsyncram_isi1:auto_generated|ram_block1a2~PORT_A_DATA_IN_9     ; clk          ; clk         ; 10.000       ; 3.238      ; 21.380     ;
; -8.201  ; vd_data_i[24]                                                                                    ; prio_mem_r_rtl_0_bypass[31]                                                                  ; clk          ; clk         ; 10.000       ; 3.248      ; 21.389     ;
; -8.201  ; vd_data_i[24]                                                                                    ; altsyncram:prio_mem_r_rtl_0|altsyncram_isi1:auto_generated|ram_block1a24~PORT_A_DATA_IN_5    ; clk          ; clk         ; 10.000       ; 3.240      ; 21.381     ;
; -8.199  ; vd_data_i[24]                                                                                    ; altsyncram:prio_mem_r_rtl_0|altsyncram_isi1:auto_generated|ram_block1a9~PORT_A_DATA_IN_8     ; clk          ; clk         ; 10.000       ; 3.236      ; 21.375     ;
; -8.198  ; vd_data_i[24]                                                                                    ; altsyncram:prio_mem_r_rtl_0|altsyncram_isi1:auto_generated|ram_block1a2~PORT_A_DATA_IN_14    ; clk          ; clk         ; 10.000       ; 3.232      ; 21.370     ;
; -8.197  ; vd_data_i[24]                                                                                    ; prio_mem_r~24                                                                                ; clk          ; clk         ; 10.000       ; 3.235      ; 21.372     ;
; -8.196  ; vd_data_i[24]                                                                                    ; altsyncram:prio_mem_r_rtl_0|altsyncram_isi1:auto_generated|ram_block1a0~PORT_A_DATA_IN_14    ; clk          ; clk         ; 10.000       ; 3.225      ; 21.361     ;
; -8.196  ; vd_data_i[24]                                                                                    ; altsyncram:prio_mem_r_rtl_0|altsyncram_isi1:auto_generated|ram_block1a2~PORT_A_DATA_IN_15    ; clk          ; clk         ; 10.000       ; 3.241      ; 21.377     ;
; -8.189  ; vd_data_i[24]                                                                                    ; altsyncram:prio_mem_r_rtl_0|altsyncram_isi1:auto_generated|ram_block1a9~PORT_A_DATA_IN_13    ; clk          ; clk         ; 10.000       ; 3.240      ; 21.369     ;
; -8.189  ; vd_data_i[24]                                                                                    ; altsyncram:prio_mem_r_rtl_0|altsyncram_isi1:auto_generated|ram_block1a24~porta_datain_reg0   ; clk          ; clk         ; 10.000       ; 3.232      ; 21.361     ;
; -8.185  ; vd_data_i[24]                                                                                    ; altsyncram:prio_mem_r_rtl_0|altsyncram_isi1:auto_generated|ram_block1a2~PORT_A_DATA_IN_5     ; clk          ; clk         ; 10.000       ; 3.239      ; 21.364     ;
; -8.185  ; vd_data_i[24]                                                                                    ; altsyncram:prio_mem_r_rtl_0|altsyncram_isi1:auto_generated|ram_block1a24~PORT_A_DATA_IN_10   ; clk          ; clk         ; 10.000       ; 3.239      ; 21.364     ;
; -8.184  ; vd_data_i[24]                                                                                    ; altsyncram:prio_mem_r_rtl_0|altsyncram_isi1:auto_generated|ram_block1a9~porta_datain_reg3    ; clk          ; clk         ; 10.000       ; 3.236      ; 21.360     ;
; -8.172  ; vd_data_i[24]                                                                                    ; altsyncram:prio_mem_r_rtl_0|altsyncram_isi1:auto_generated|ram_block1a2~porta_datain_reg0    ; clk          ; clk         ; 10.000       ; 3.231      ; 21.343     ;
; -8.168  ; vd_data_i[24]                                                                                    ; altsyncram:prio_mem_r_rtl_0|altsyncram_isi1:auto_generated|ram_block1a2~PORT_A_DATA_IN_10    ; clk          ; clk         ; 10.000       ; 3.238      ; 21.346     ;
; -8.157  ; vd_data_i[24]                                                                                    ; altsyncram:prio_mem_r_rtl_0|altsyncram_isi1:auto_generated|ram_block1a9~porta_datain_reg2    ; clk          ; clk         ; 10.000       ; 3.236      ; 21.333     ;
; -8.156  ; vd_data_i[24]                                                                                    ; altsyncram:prio_mem_r_rtl_0|altsyncram_isi1:auto_generated|ram_block1a24~porta_datain_reg4   ; clk          ; clk         ; 10.000       ; 3.241      ; 21.337     ;
; -8.154  ; vd_data_i[24]                                                                                    ; altsyncram:prio_mem_r_rtl_0|altsyncram_isi1:auto_generated|ram_block1a9~PORT_A_DATA_IN_12    ; clk          ; clk         ; 10.000       ; 3.233      ; 21.327     ;
; -8.149  ; vd_data_i[24]                                                                                    ; altsyncram:prio_mem_r_rtl_0|altsyncram_isi1:auto_generated|ram_block1a9~PORT_A_DATA_IN_7     ; clk          ; clk         ; 10.000       ; 3.237      ; 21.326     ;
; -8.144  ; vd_data_i[24]                                                                                    ; altsyncram:prio_mem_r_rtl_0|altsyncram_isi1:auto_generated|ram_block1a9~PORT_A_DATA_IN_17    ; clk          ; clk         ; 10.000       ; 3.234      ; 21.318     ;
; -8.116  ; vd_data_i[24]                                                                                    ; prio_mem_r~31                                                                                ; clk          ; clk         ; 10.000       ; 3.233      ; 21.289     ;
; -8.109  ; vd_data_i[24]                                                                                    ; prio_mem_r_rtl_0_bypass[54]                                                                  ; clk          ; clk         ; 10.000       ; 3.258      ; 21.307     ;
; -8.090  ; vd_data_i[24]                                                                                    ; prio_mem_r_rtl_0_bypass[53]                                                                  ; clk          ; clk         ; 10.000       ; 3.258      ; 21.288     ;
; -8.084  ; vd_data_i[24]                                                                                    ; prio_mem_r~11                                                                                ; clk          ; clk         ; 10.000       ; 3.224      ; 21.248     ;
; -8.078  ; vd_data_i[24]                                                                                    ; altsyncram:prio_mem_r_rtl_0|altsyncram_isi1:auto_generated|ram_block1a2~PORT_A_DATA_IN_6     ; clk          ; clk         ; 10.000       ; 3.235      ; 21.253     ;
; -8.059  ; vd_data_i[24]                                                                                    ; altsyncram:prio_mem_r_rtl_0|altsyncram_isi1:auto_generated|ram_block1a2~PORT_A_DATA_IN_16    ; clk          ; clk         ; 10.000       ; 3.234      ; 21.233     ;
; -8.052  ; vd_data_i[24]                                                                                    ; prio_mem_r_rtl_0_bypass[46]                                                                  ; clk          ; clk         ; 10.000       ; 3.247      ; 21.239     ;
; -8.048  ; vd_data_i[24]                                                                                    ; prio_mem_r~9                                                                                 ; clk          ; clk         ; 10.000       ; 3.228      ; 21.216     ;
; -8.046  ; vd_data_i[24]                                                                                    ; altsyncram:prio_mem_r_rtl_0|altsyncram_isi1:auto_generated|ram_block1a14~porta_datain_reg4   ; clk          ; clk         ; 10.000       ; 3.258      ; 21.244     ;
; -8.043  ; vd_data_i[24]                                                                                    ; altsyncram:prio_mem_r_rtl_0|altsyncram_isi1:auto_generated|ram_block1a2~PORT_A_DATA_IN_11    ; clk          ; clk         ; 10.000       ; 3.237      ; 21.220     ;
; -8.034  ; vd_data_i[24]                                                                                    ; prio_mem_r~13                                                                                ; clk          ; clk         ; 10.000       ; 3.247      ; 21.221     ;
; -8.033  ; vd_data_i[24]                                                                                    ; altsyncram:prio_mem_r_rtl_0|altsyncram_isi1:auto_generated|ram_block1a2~porta_datain_reg1    ; clk          ; clk         ; 10.000       ; 3.240      ; 21.213     ;
; -8.025  ; vd_data_i[24]                                                                                    ; prio_mem_r_rtl_0_bypass[26]                                                                  ; clk          ; clk         ; 10.000       ; 3.264      ; 21.229     ;
; -8.020  ; vd_data_i[24]                                                                                    ; prio_mem_r_rtl_0_bypass[35]                                                                  ; clk          ; clk         ; 10.000       ; 3.262      ; 21.222     ;
; -7.995  ; vd_data_i[24]                                                                                    ; prio_mem_r_rtl_0_bypass[25]                                                                  ; clk          ; clk         ; 10.000       ; 3.258      ; 21.193     ;
; -7.993  ; vd_data_i[24]                                                                                    ; prio_mem_r_rtl_0_bypass[52]                                                                  ; clk          ; clk         ; 10.000       ; 3.264      ; 21.197     ;
; -7.990  ; vd_data_i[24]                                                                                    ; prio_mem_r_rtl_0_bypass[47]                                                                  ; clk          ; clk         ; 10.000       ; 3.259      ; 21.189     ;
; -7.990  ; vd_data_i[24]                                                                                    ; prio_mem_r~32                                                                                ; clk          ; clk         ; 10.000       ; 3.219      ; 21.149     ;
; -7.984  ; vd_data_i[24]                                                                                    ; altsyncram:prio_mem_r_rtl_0|altsyncram_isi1:auto_generated|ram_block1a24~PORT_A_DATA_IN_19   ; clk          ; clk         ; 10.000       ; 3.194      ; 21.118     ;
; -7.977  ; vd_data_i[24]                                                                                    ; prio_mem_r_rtl_0_bypass[23]                                                                  ; clk          ; clk         ; 10.000       ; 3.250      ; 21.167     ;
; -7.974  ; vd_data_i[24]                                                                                    ; prio_mem_r~3                                                                                 ; clk          ; clk         ; 10.000       ; 3.223      ; 21.137     ;
; -7.970  ; vd_data_i[24]                                                                                    ; prio_mem_r~2                                                                                 ; clk          ; clk         ; 10.000       ; 3.218      ; 21.128     ;
; -7.965  ; vd_data_i[24]                                                                                    ; prio_mem_r_rtl_0_bypass[30]                                                                  ; clk          ; clk         ; 10.000       ; 3.242      ; 21.147     ;
; -7.955  ; vd_data_i[24]                                                                                    ; altsyncram:prio_mem_r_rtl_0|altsyncram_isi1:auto_generated|ram_block1a24~PORT_A_DATA_IN_18   ; clk          ; clk         ; 10.000       ; 3.239      ; 21.134     ;
; -7.947  ; vd_data_i[24]                                                                                    ; altsyncram:prio_mem_r_rtl_0|altsyncram_isi1:auto_generated|ram_block1a24~PORT_A_DATA_IN_8    ; clk          ; clk         ; 10.000       ; 3.238      ; 21.125     ;
; -7.945  ; vd_data_i[24]                                                                                    ; altsyncram:prio_mem_r_rtl_0|altsyncram_isi1:auto_generated|ram_block1a24~PORT_A_DATA_IN_9    ; clk          ; clk         ; 10.000       ; 3.239      ; 21.124     ;
; -7.940  ; vd_data_i[24]                                                                                    ; altsyncram:prio_mem_r_rtl_0|altsyncram_isi1:auto_generated|ram_block1a14~PORT_A_DATA_IN_18   ; clk          ; clk         ; 10.000       ; 3.256      ; 21.136     ;
; -7.940  ; vd_data_i[24]                                                                                    ; altsyncram:prio_mem_r_rtl_0|altsyncram_isi1:auto_generated|ram_block1a24~PORT_A_DATA_IN_14   ; clk          ; clk         ; 10.000       ; 3.233      ; 21.113     ;
; -7.936  ; vd_data_i[24]                                                                                    ; altsyncram:prio_mem_r_rtl_0|altsyncram_isi1:auto_generated|ram_block1a24~PORT_A_DATA_IN_13   ; clk          ; clk         ; 10.000       ; 3.242      ; 21.118     ;
; -7.931  ; vd_data_i[24]                                                                                    ; altsyncram:prio_mem_r_rtl_0|altsyncram_isi1:auto_generated|ram_block1a24~porta_datain_reg3   ; clk          ; clk         ; 10.000       ; 3.238      ; 21.109     ;
; -7.931  ; vd_data_i[24]                                                                                    ; altsyncram:prio_mem_r_rtl_0|altsyncram_isi1:auto_generated|ram_block1a29~PORT_A_DATA_IN_15   ; clk          ; clk         ; 10.000       ; 3.233      ; 21.104     ;
; -7.930  ; vd_data_i[24]                                                                                    ; altsyncram:prio_mem_r_rtl_0|altsyncram_isi1:auto_generated|ram_block1a14~PORT_A_DATA_IN_8    ; clk          ; clk         ; 10.000       ; 3.255      ; 21.125     ;
; -7.924  ; vd_data_i[24]                                                                                    ; altsyncram:prio_mem_r_rtl_0|altsyncram_isi1:auto_generated|ram_block1a14~PORT_A_DATA_IN_13   ; clk          ; clk         ; 10.000       ; 3.259      ; 21.123     ;
; -7.920  ; vd_data_i[24]                                                                                    ; altsyncram:prio_mem_r_rtl_0|altsyncram_isi1:auto_generated|ram_block1a14~porta_datain_reg3   ; clk          ; clk         ; 10.000       ; 3.255      ; 21.115     ;
; -7.919  ; vd_data_i[24]                                                                                    ; altsyncram:prio_mem_r_rtl_0|altsyncram_isi1:auto_generated|ram_block1a29~PORT_A_DATA_IN_5    ; clk          ; clk         ; 10.000       ; 3.231      ; 21.090     ;
; -7.908  ; vd_data_i[24]                                                                                    ; altsyncram:prio_mem_r_rtl_0|altsyncram_isi1:auto_generated|ram_block1a29~porta_datain_reg0   ; clk          ; clk         ; 10.000       ; 3.223      ; 21.071     ;
; -7.907  ; vd_data_i[24]                                                                                    ; altsyncram:prio_mem_r_rtl_0|altsyncram_isi1:auto_generated|ram_block1a0~PORT_A_DATA_IN_15    ; clk          ; clk         ; 10.000       ; 3.234      ; 21.081     ;
; -7.903  ; vd_data_i[24]                                                                                    ; altsyncram:prio_mem_r_rtl_0|altsyncram_isi1:auto_generated|ram_block1a29~PORT_A_DATA_IN_10   ; clk          ; clk         ; 10.000       ; 3.230      ; 21.073     ;
; -7.900  ; vd_data_i[24]                                                                                    ; prio_mem_r~25DUPLICATE                                                                       ; clk          ; clk         ; 10.000       ; 3.236      ; 21.076     ;
; -7.895  ; vd_data_i[24]                                                                                    ; altsyncram:prio_mem_r_rtl_0|altsyncram_isi1:auto_generated|ram_block1a0~PORT_A_DATA_IN_5     ; clk          ; clk         ; 10.000       ; 3.232      ; 21.067     ;
; -7.895  ; vd_data_i[24]                                                                                    ; altsyncram:prio_mem_r_rtl_0|altsyncram_isi1:auto_generated|ram_block1a19~PORT_A_DATA_IN_7    ; clk          ; clk         ; 10.000       ; 3.299      ; 21.134     ;
; -7.894  ; vd_data_i[24]                                                                                    ; prio_mem_r~25                                                                                ; clk          ; clk         ; 10.000       ; 3.239      ; 21.073     ;
; -7.889  ; vd_data_i[24]                                                                                    ; altsyncram:prio_mem_r_rtl_0|altsyncram_isi1:auto_generated|ram_block1a19~PORT_A_DATA_IN_17   ; clk          ; clk         ; 10.000       ; 3.296      ; 21.125     ;
; -7.885  ; vd_data_i[24]                                                                                    ; altsyncram:prio_mem_r_rtl_0|altsyncram_isi1:auto_generated|ram_block1a0~PORT_A_DATA_IN_18    ; clk          ; clk         ; 10.000       ; 3.231      ; 21.056     ;
; -7.885  ; vd_data_i[24]                                                                                    ; prio_mem_r_rtl_0_bypass[34]                                                                  ; clk          ; clk         ; 10.000       ; 3.262      ; 21.087     ;
; -7.884  ; vd_data_i[24]                                                                                    ; altsyncram:prio_mem_r_rtl_0|altsyncram_isi1:auto_generated|ram_block1a0~porta_datain_reg0    ; clk          ; clk         ; 10.000       ; 3.224      ; 21.048     ;
; -7.883  ; vd_data_i[24]                                                                                    ; prio_mem_r_rtl_0_bypass[24]                                                                  ; clk          ; clk         ; 10.000       ; 3.254      ; 21.077     ;
; -7.880  ; vd_data_i[24]                                                                                    ; altsyncram:prio_mem_r_rtl_0|altsyncram_isi1:auto_generated|ram_block1a0~PORT_A_DATA_IN_10    ; clk          ; clk         ; 10.000       ; 3.231      ; 21.051     ;
; -7.876  ; vd_data_i[24]                                                                                    ; altsyncram:prio_mem_r_rtl_0|altsyncram_isi1:auto_generated|ram_block1a0~PORT_A_DATA_IN_8     ; clk          ; clk         ; 10.000       ; 3.230      ; 21.046     ;
; -7.875  ; vd_data_i[24]                                                                                    ; altsyncram:prio_mem_r_rtl_0|altsyncram_isi1:auto_generated|ram_block1a9~PORT_A_DATA_IN_15    ; clk          ; clk         ; 10.000       ; 3.240      ; 21.055     ;
; -7.874  ; vd_data_i[24]                                                                                    ; altsyncram:prio_mem_r_rtl_0|altsyncram_isi1:auto_generated|ram_block1a14~PORT_A_DATA_IN_19   ; clk          ; clk         ; 10.000       ; 3.211      ; 21.025     ;
; -7.860  ; vd_data_i[24]                                                                                    ; altsyncram:prio_mem_r_rtl_0|altsyncram_isi1:auto_generated|ram_block1a9~PORT_A_DATA_IN_5     ; clk          ; clk         ; 10.000       ; 3.238      ; 21.038     ;
; -7.860  ; vd_data_i[24]                                                                                    ; altsyncram:prio_mem_r_rtl_0|altsyncram_isi1:auto_generated|ram_block1a19~PORT_A_DATA_IN_12   ; clk          ; clk         ; 10.000       ; 3.295      ; 21.095     ;
; -7.857  ; vd_data_i[24]                                                                                    ; altsyncram:prio_mem_r_rtl_0|altsyncram_isi1:auto_generated|ram_block1a19~porta_datain_reg2   ; clk          ; clk         ; 10.000       ; 3.298      ; 21.095     ;
; -7.856  ; vd_data_i[24]                                                                                    ; prio_mem_r~21                                                                                ; clk          ; clk         ; 10.000       ; 3.240      ; 21.036     ;
; -7.851  ; vd_data_i[24]                                                                                    ; prio_mem_r_rtl_0_bypass[32]                                                                  ; clk          ; clk         ; 10.000       ; 3.248      ; 21.039     ;
; -7.847  ; vd_data_i[24]                                                                                    ; prio_mem_r_rtl_0_bypass[40]                                                                  ; clk          ; clk         ; 10.000       ; 3.262      ; 21.049     ;
; -7.844  ; vd_data_i[24]                                                                                    ; altsyncram:prio_mem_r_rtl_0|altsyncram_isi1:auto_generated|ram_block1a9~porta_datain_reg0    ; clk          ; clk         ; 10.000       ; 3.230      ; 21.014     ;
; -7.841  ; vd_data_i[24]                                                                                    ; altsyncram:prio_mem_r_rtl_0|altsyncram_isi1:auto_generated|ram_block1a9~PORT_A_DATA_IN_10    ; clk          ; clk         ; 10.000       ; 3.237      ; 21.018     ;
; -7.835  ; vd_data_i[24]                                                                                    ; altsyncram:prio_mem_r_rtl_0|altsyncram_isi1:auto_generated|ram_block1a14~PORT_A_DATA_IN_9    ; clk          ; clk         ; 10.000       ; 3.256      ; 21.031     ;
; -7.830  ; vd_data_i[24]                                                                                    ; altsyncram:prio_mem_r_rtl_0|altsyncram_isi1:auto_generated|ram_block1a14~PORT_A_DATA_IN_14   ; clk          ; clk         ; 10.000       ; 3.250      ; 21.020     ;
; -7.827  ; vd_data_i[24]                                                                                    ; prio_mem_r~22                                                                                ; clk          ; clk         ; 10.000       ; 3.235      ; 21.002     ;
; -7.825  ; vd_data_i[24]                                                                                    ; prio_mem_r_rtl_0_bypass[43]                                                                  ; clk          ; clk         ; 10.000       ; 3.265      ; 21.030     ;
; -7.817  ; vd_data_i[24]                                                                                    ; prio_mem_r_rtl_0_bypass[44]~DUPLICATE                                                        ; clk          ; clk         ; 10.000       ; 3.258      ; 21.015     ;
; -7.812  ; vd_data_i[24]                                                                                    ; prio_mem_r_rtl_0_bypass[44]                                                                  ; clk          ; clk         ; 10.000       ; 3.265      ; 21.017     ;
; -7.798  ; vd_data_i[24]                                                                                    ; prio_mem_r~29                                                                                ; clk          ; clk         ; 10.000       ; 3.236      ; 20.974     ;
; -7.784  ; vd_data_i[24]                                                                                    ; prio_mem_r~30                                                                                ; clk          ; clk         ; 10.000       ; 3.223      ; 20.947     ;
; -7.778  ; vd_data_i[24]                                                                                    ; prio_mem_r~18                                                                                ; clk          ; clk         ; 10.000       ; 3.247      ; 20.965     ;
; -7.762  ; vd_data_i[24]                                                                                    ; prio_mem_r_rtl_0_bypass[51]                                                                  ; clk          ; clk         ; 10.000       ; 3.263      ; 20.965     ;
; -7.752  ; vd_data_i[24]                                                                                    ; altsyncram:prio_mem_r_rtl_0|altsyncram_isi1:auto_generated|ram_block1a0~PORT_A_DATA_IN_6     ; clk          ; clk         ; 10.000       ; 3.228      ; 20.920     ;
; -7.735  ; vd_data_i[24]                                                                                    ; prio_mem_r~12                                                                                ; clk          ; clk         ; 10.000       ; 3.228      ; 20.903     ;
; -7.732  ; vd_data_i[24]                                                                                    ; altsyncram:prio_mem_r_rtl_0|altsyncram_isi1:auto_generated|ram_block1a0~PORT_A_DATA_IN_16    ; clk          ; clk         ; 10.000       ; 3.227      ; 20.899     ;
; -7.731  ; vd_data_i[24]                                                                                    ; prio_mem_r~19                                                                                ; clk          ; clk         ; 10.000       ; 3.247      ; 20.918     ;
; -7.709  ; vd_data_i[24]                                                                                    ; altsyncram:prio_mem_r_rtl_0|altsyncram_isi1:auto_generated|ram_block1a0~PORT_A_DATA_IN_11    ; clk          ; clk         ; 10.000       ; 3.230      ; 20.879     ;
; -7.697  ; vd_data_i[24]                                                                                    ; altsyncram:prio_mem_r_rtl_0|altsyncram_isi1:auto_generated|ram_block1a0~porta_datain_reg1    ; clk          ; clk         ; 10.000       ; 3.233      ; 20.870     ;
; -7.680  ; vd_data_i[24]                                                                                    ; prio_mem_r_rtl_0_bypass[41]~DUPLICATE                                                        ; clk          ; clk         ; 10.000       ; 3.259      ; 20.879     ;
; -7.673  ; vd_data_i[24]                                                                                    ; prio_mem_r_rtl_0_bypass[41]                                                                  ; clk          ; clk         ; 10.000       ; 3.263      ; 20.876     ;
; -7.626  ; vd_data_i[24]                                                                                    ; altsyncram:prio_mem_r_rtl_0|altsyncram_isi1:auto_generated|ram_block1a19~PORT_A_DATA_IN_6    ; clk          ; clk         ; 10.000       ; 3.296      ; 20.862     ;
; -7.606  ; vd_data_i[24]                                                                                    ; altsyncram:prio_mem_r_rtl_0|altsyncram_isi1:auto_generated|ram_block1a19~PORT_A_DATA_IN_16   ; clk          ; clk         ; 10.000       ; 3.295      ; 20.841     ;
; -7.578  ; vd_data_i[24]                                                                                    ; altsyncram:prio_mem_r_rtl_0|altsyncram_isi1:auto_generated|ram_block1a19~PORT_A_DATA_IN_11   ; clk          ; clk         ; 10.000       ; 3.298      ; 20.816     ;
; -7.566  ; vd_data_i[24]                                                                                    ; altsyncram:prio_mem_r_rtl_0|altsyncram_isi1:auto_generated|ram_block1a19~porta_datain_reg1   ; clk          ; clk         ; 10.000       ; 3.301      ; 20.807     ;
; -7.503  ; vd_data_i[24]                                                                                    ; prio_mem_r~28                                                                                ; clk          ; clk         ; 10.000       ; 3.234      ; 20.677     ;
; -7.466  ; vd_data_i[24]                                                                                    ; prio_mem_r_rtl_0_bypass[50]                                                                  ; clk          ; clk         ; 10.000       ; 3.265      ; 20.671     ;
; -7.431  ; vd_data_i[24]                                                                                    ; prio_mem_r~10                                                                                ; clk          ; clk         ; 10.000       ; 3.224      ; 20.595     ;
; -7.268  ; vd_data_i[24]                                                                                    ; prio_mem_r~1                                                                                 ; clk          ; clk         ; 10.000       ; 3.217      ; 20.425     ;
; -7.058  ; vd_data_i[24]                                                                                    ; prio_mem_r~8                                                                                 ; clk          ; clk         ; 10.000       ; 3.221      ; 20.219     ;
; -0.798  ; sc_ci_r[2]~DUPLICATE                                                                             ; altsyncram:prio_mem_r_rtl_0|altsyncram_isi1:auto_generated|ram_block1a19~portb_address_reg5  ; clk          ; clk         ; 10.000       ; -0.518     ; 10.220     ;
; -0.785  ; sc_ci_r[2]~DUPLICATE                                                                             ; altsyncram:edge_key_r_rtl_0|altsyncram_esi1:auto_generated|ram_block1a5~portb_address_reg5   ; clk          ; clk         ; 10.000       ; -0.517     ; 10.208     ;
; -0.746  ; pg_cj_r[5]                                                                                       ; edge_cj_o[14]                                                                                ; clk          ; clk         ; 10.000       ; -5.940     ; 4.746      ;
; -0.715  ; sc_ci_r[2]~DUPLICATE                                                                             ; altsyncram:edge_key_r_rtl_0|altsyncram_esi1:auto_generated|ram_block1a5~portb_address_reg7   ; clk          ; clk         ; 10.000       ; -0.517     ; 10.138     ;
; -0.629  ; ld_wj_r[5]                                                                                       ; altsyncram:prio_mem_r_rtl_0|altsyncram_isi1:auto_generated|ram_block1a29~portb_address_reg5  ; clk          ; clk         ; 10.000       ; -0.663     ; 9.906      ;
; -0.597  ; sc_ci_r[2]~DUPLICATE                                                                             ; edge_span_r_rtl_0_bypass[12]                                                                 ; clk          ; clk         ; 10.000       ; -0.436     ; 10.101     ;
; -0.586  ; pg_cj_r[5]                                                                                       ; edge_cj_o[12]                                                                                ; clk          ; clk         ; 10.000       ; -5.940     ; 4.586      ;
; -0.578  ; sc_ci_r[2]~DUPLICATE                                                                             ; edge_span_r_rtl_0_bypass[16]                                                                 ; clk          ; clk         ; 10.000       ; -0.455     ; 10.063     ;
; -0.552  ; vd_data_i[24]                                                                                    ; pr_va_r[24]                                                                                  ; clk          ; clk         ; 10.000       ; 3.234      ; 13.726     ;
; -0.551  ; ld_wj_r[5]                                                                                       ; altsyncram:prio_mem_r_rtl_0|altsyncram_isi1:auto_generated|ram_block1a0~portb_address_reg5   ; clk          ; clk         ; 10.000       ; -0.662     ; 9.829      ;
; -0.534  ; sc_ci_r[2]~DUPLICATE                                                                             ; altsyncram:edge_span_r_rtl_0|altsyncram_kpi1:auto_generated|ram_block1a0~portb_address_reg1  ; clk          ; clk         ; 10.000       ; -0.451     ; 10.023     ;
; -0.516  ; sc_ci_r[2]~DUPLICATE                                                                             ; altsyncram:edge_span_r_rtl_0|altsyncram_kpi1:auto_generated|ram_block1a0~portb_address_reg7  ; clk          ; clk         ; 10.000       ; -0.498     ; 9.958      ;
; -0.513  ; sc_ci_r[2]~DUPLICATE                                                                             ; altsyncram:edge_key_r_rtl_0|altsyncram_esi1:auto_generated|ram_block1a5~portb_address_reg1   ; clk          ; clk         ; 10.000       ; -0.470     ; 9.983      ;
; -0.507  ; sc_ci_r[2]~DUPLICATE                                                                             ; edge_span_r_rtl_0_bypass[20]                                                                 ; clk          ; clk         ; 10.000       ; -0.442     ; 10.005     ;
; -0.499  ; sc_ci_r[2]~DUPLICATE                                                                             ; edge_span_r~2                                                                                ; clk          ; clk         ; 10.000       ; -0.535     ; 9.904      ;
; -0.499  ; sc_ci_r[2]~DUPLICATE                                                                             ; edge_span_r~1                                                                                ; clk          ; clk         ; 10.000       ; -0.533     ; 9.906      ;
; -0.499  ; sc_ci_r[2]~DUPLICATE                                                                             ; edge_span_r~5                                                                                ; clk          ; clk         ; 10.000       ; -0.535     ; 9.904      ;
; -0.499  ; sc_ci_r[2]~DUPLICATE                                                                             ; edge_span_r~3                                                                                ; clk          ; clk         ; 10.000       ; -0.535     ; 9.904      ;
; -0.495  ; sc_ci_r[2]~DUPLICATE                                                                             ; edge_span_r~4                                                                                ; clk          ; clk         ; 10.000       ; -0.530     ; 9.905      ;
; -0.495  ; sc_ci_r[2]~DUPLICATE                                                                             ; edge_span_r~6                                                                                ; clk          ; clk         ; 10.000       ; -0.530     ; 9.905      ;
; -0.490  ; sc_ci_r[2]~DUPLICATE                                                                             ; altsyncram:edge_span_r_rtl_0|altsyncram_kpi1:auto_generated|ram_block1a0~portb_address_reg5  ; clk          ; clk         ; 10.000       ; -0.498     ; 9.932      ;
; -0.488  ; sc_ci_r[2]~DUPLICATE                                                                             ; altsyncram:prio_mem_r_rtl_0|altsyncram_isi1:auto_generated|ram_block1a19~portb_address_reg1  ; clk          ; clk         ; 10.000       ; -0.471     ; 9.957      ;
; -0.475  ; sc_ci_r[2]~DUPLICATE                                                                             ; altsyncram:edge_key_r_rtl_0|altsyncram_esi1:auto_generated|ram_block1a5~portb_address_reg4   ; clk          ; clk         ; 10.000       ; -0.515     ; 9.900      ;
; -0.473  ; ld_wj_r[5]                                                                                       ; altsyncram:prio_mem_r_rtl_0|altsyncram_isi1:auto_generated|ram_block1a29~portb_address_reg7  ; clk          ; clk         ; 10.000       ; -0.663     ; 9.750      ;
; -0.440  ; ld_wj_r[5]                                                                                       ; altsyncram:prio_mem_r_rtl_0|altsyncram_isi1:auto_generated|ram_block1a2~portb_address_reg5   ; clk          ; clk         ; 10.000       ; -0.655     ; 9.725      ;
; -0.399  ; ld_wj_r[5]                                                                                       ; altsyncram:prio_mem_r_rtl_0|altsyncram_isi1:auto_generated|ram_block1a9~portb_address_reg5   ; clk          ; clk         ; 10.000       ; -0.656     ; 9.683      ;
; -0.398  ; sc_ci_r[2]~DUPLICATE                                                                             ; edge_span_r_rtl_0_bypass[22]                                                                 ; clk          ; clk         ; 10.000       ; -0.436     ; 9.902      ;
; -0.395  ; sc_ci_r[2]~DUPLICATE                                                                             ; altsyncram:edge_key_r_rtl_0|altsyncram_esi1:auto_generated|ram_block1a5~portb_address_reg9   ; clk          ; clk         ; 10.000       ; -0.523     ; 9.812      ;
; -0.381  ; pg_cj_r[5]                                                                                       ; edge_cj_o[8]                                                                                 ; clk          ; clk         ; 10.000       ; -5.940     ; 4.381      ;
; -0.370  ; sc_ci_r[2]~DUPLICATE                                                                             ; altsyncram:edge_span_r_rtl_0|altsyncram_kpi1:auto_generated|ram_block1a0~portb_address_reg4  ; clk          ; clk         ; 10.000       ; -0.496     ; 9.814      ;
; -0.367  ; sc_ci_r[2]~DUPLICATE                                                                             ; altsyncram:prio_mem_r_rtl_0|altsyncram_isi1:auto_generated|ram_block1a19~portb_address_reg7  ; clk          ; clk         ; 10.000       ; -0.518     ; 9.789      ;
; -0.366  ; pg_cj_r[3]                                                                                       ; edge_cj_o[4]                                                                                 ; clk          ; clk         ; 10.000       ; -5.915     ; 4.391      ;
; -0.359  ; sc_ci_r[2]~DUPLICATE                                                                             ; altsyncram:prio_mem_r_rtl_0|altsyncram_isi1:auto_generated|ram_block1a19~portb_address_reg8  ; clk          ; clk         ; 10.000       ; -0.518     ; 9.781      ;
; -0.358  ; sc_ci_r[2]~DUPLICATE                                                                             ; altsyncram:edge_key_r_rtl_0|altsyncram_esi1:auto_generated|ram_block1a5~portb_address_reg8   ; clk          ; clk         ; 10.000       ; -0.517     ; 9.781      ;
; -0.349  ; sc_ci_r[2]~DUPLICATE                                                                             ; edge_key_r_rtl_0_bypass[12]                                                                  ; clk          ; clk         ; 10.000       ; -0.522     ; 9.767      ;
; -0.342  ; sc_ci_r[2]~DUPLICATE                                                                             ; altsyncram:prio_mem_r_rtl_0|altsyncram_isi1:auto_generated|ram_block1a19~portb_address_reg4  ; clk          ; clk         ; 10.000       ; -0.516     ; 9.766      ;
; -0.338  ; sc_ci_r[2]~DUPLICATE                                                                             ; altsyncram:edge_key_r_rtl_0|altsyncram_esi1:auto_generated|ram_block1a5~portb_address_reg10  ; clk          ; clk         ; 10.000       ; -0.570     ; 9.708      ;
; -0.337  ; ld_wj_r[5]                                                                                       ; altsyncram:prio_mem_r_rtl_0|altsyncram_isi1:auto_generated|ram_block1a0~portb_address_reg7   ; clk          ; clk         ; 10.000       ; -0.662     ; 9.615      ;
; -0.332  ; sc_ci_r[2]~DUPLICATE                                                                             ; altsyncram:edge_span_r_rtl_0|altsyncram_kpi1:auto_generated|ram_block1a0~portb_address_reg9  ; clk          ; clk         ; 10.000       ; -0.504     ; 9.768      ;
; -0.328  ; sc_ci_r[2]~DUPLICATE                                                                             ; altsyncram:prio_mem_r_rtl_0|altsyncram_isi1:auto_generated|ram_block1a19~portb_address_reg10 ; clk          ; clk         ; 10.000       ; -0.571     ; 9.697      ;
; -0.297  ; sc_ci_r[3]~DUPLICATE                                                                             ; altsyncram:prio_mem_r_rtl_0|altsyncram_isi1:auto_generated|ram_block1a19~portb_address_reg6  ; clk          ; clk         ; 10.000       ; -0.527     ; 9.710      ;
; -0.288  ; sc_ci_r[2]~DUPLICATE                                                                             ; edge_key_r_rtl_0_bypass[16]                                                                  ; clk          ; clk         ; 10.000       ; -0.516     ; 9.712      ;
; -0.258  ; sc_ci_r[2]~DUPLICATE                                                                             ; altsyncram:prio_mem_r_rtl_0|altsyncram_isi1:auto_generated|ram_block1a19~portb_address_reg2  ; clk          ; clk         ; 10.000       ; -0.472     ; 9.726      ;
; -0.250  ; sc_ci_r[3]~DUPLICATE                                                                             ; altsyncram:edge_key_r_rtl_0|altsyncram_esi1:auto_generated|ram_block1a5~portb_address_reg6   ; clk          ; clk         ; 10.000       ; -0.526     ; 9.664      ;
; -0.244  ; sc_ci_r[2]~DUPLICATE                                                                             ; altsyncram:edge_span_r_rtl_0|altsyncram_kpi1:auto_generated|ram_block1a0~portb_address_reg10 ; clk          ; clk         ; 10.000       ; -0.551     ; 9.633      ;
; -0.243  ; sc_ci_r[2]~DUPLICATE                                                                             ; altsyncram:edge_key_r_rtl_0|altsyncram_esi1:auto_generated|ram_block1a5~portb_address_reg0   ; clk          ; clk         ; 10.000       ; -0.467     ; 9.716      ;
; -0.239  ; ld_wj_r[5]                                                                                       ; altsyncram:prio_mem_r_rtl_0|altsyncram_isi1:auto_generated|ram_block1a29~portb_address_reg6  ; clk          ; clk         ; 10.000       ; -0.666     ; 9.513      ;
; -0.237  ; sc_ci_r[2]~DUPLICATE                                                                             ; edge_key_r~12                                                                                ; clk          ; clk         ; 10.000       ; -0.509     ; 9.668      ;
; -0.236  ; sc_ci_r[2]~DUPLICATE                                                                             ; edge_key_r~11                                                                                ; clk          ; clk         ; 10.000       ; -0.513     ; 9.663      ;
; -0.233  ; sc_ci_r[2]~DUPLICATE                                                                             ; edge_span_r_rtl_0_bypass[10]                                                                 ; clk          ; clk         ; 10.000       ; -0.457     ; 9.716      ;
; -0.225  ; ld_wj_r[5]                                                                                       ; altsyncram:prio_mem_r_rtl_0|altsyncram_isi1:auto_generated|ram_block1a0~portb_address_reg6   ; clk          ; clk         ; 10.000       ; -0.665     ; 9.500      ;
; -0.216  ; sc_ci_r[2]~DUPLICATE                                                                             ; altsyncram:edge_key_r_rtl_0|altsyncram_esi1:auto_generated|ram_block1a5~portb_address_reg2   ; clk          ; clk         ; 10.000       ; -0.471     ; 9.685      ;
; -0.215  ; ld_wj_r[5]                                                                                       ; altsyncram:prio_mem_r_rtl_0|altsyncram_isi1:auto_generated|ram_block1a29~portb_address_reg1  ; clk          ; clk         ; 10.000       ; -0.616     ; 9.539      ;
; -0.210  ; ld_wj_r[5]                                                                                       ; altsyncram:prio_mem_r_rtl_0|altsyncram_isi1:auto_generated|ram_block1a29~portb_address_reg8  ; clk          ; clk         ; 10.000       ; -0.663     ; 9.487      ;
; -0.204  ; sc_ci_r[2]~DUPLICATE                                                                             ; altsyncram:edge_key_r_rtl_0|altsyncram_esi1:auto_generated|ram_block1a5~portb_address_reg3   ; clk          ; clk         ; 10.000       ; -0.256     ; 9.888      ;
; -0.183  ; altsyncram:edge_span_r_rtl_0|altsyncram_kpi1:auto_generated|ram_block1a0~PORT_B_WRITE_ENABLE_REG ; altsyncram:prio_mem_r_rtl_0|altsyncram_isi1:auto_generated|ram_block1a29~portb_address_reg0  ; clk          ; clk         ; 10.000       ; -1.586     ; 8.537      ;
; -0.170  ; sc_ci_r[3]~DUPLICATE                                                                             ; edge_span_r_rtl_0_bypass[14]                                                                 ; clk          ; clk         ; 10.000       ; -0.461     ; 9.649      ;
; -0.159  ; sc_ci_r[2]~DUPLICATE                                                                             ; edge_span_r_rtl_0_bypass[18]                                                                 ; clk          ; clk         ; 10.000       ; -0.442     ; 9.657      ;
; -0.154  ; sc_ci_r[2]~DUPLICATE                                                                             ; altsyncram:prio_mem_r_rtl_0|altsyncram_isi1:auto_generated|ram_block1a19~portb_address_reg9  ; clk          ; clk         ; 10.000       ; -0.524     ; 9.570      ;
; -0.146  ; sc_ci_r[2]~DUPLICATE                                                                             ; altsyncram:prio_mem_r_rtl_0|altsyncram_isi1:auto_generated|ram_block1a19~portb_address_reg3  ; clk          ; clk         ; 10.000       ; -0.257     ; 9.829      ;
; -0.134  ; sc_ci_r[2]~DUPLICATE                                                                             ; edge_span_r_rtl_0_bypass[6]                                                                  ; clk          ; clk         ; 10.000       ; -0.457     ; 9.617      ;
; -0.124  ; sc_ci_r[2]~DUPLICATE                                                                             ; edge_span_r_rtl_0_bypass[2]                                                                  ; clk          ; clk         ; 10.000       ; -0.455     ; 9.609      ;
; -0.119  ; sc_ci_r[2]~DUPLICATE                                                                             ; edge_span_r_rtl_0_bypass[4]                                                                  ; clk          ; clk         ; 10.000       ; -0.443     ; 9.616      ;
; -0.112  ; ld_wj_r[5]                                                                                       ; altsyncram:prio_mem_r_rtl_0|altsyncram_isi1:auto_generated|ram_block1a9~portb_address_reg7   ; clk          ; clk         ; 10.000       ; -0.656     ; 9.396      ;
; -0.108  ; sc_ci_r[2]~DUPLICATE                                                                             ; edge_key_r~1                                                                                 ; clk          ; clk         ; 10.000       ; -0.126     ; 9.922      ;
; -0.105  ; sc_ci_r[2]~DUPLICATE                                                                             ; altsyncram:prio_mem_r_rtl_0|altsyncram_isi1:auto_generated|ram_block1a0~portb_address_reg9   ; clk          ; clk         ; 10.000       ; -0.211     ; 9.834      ;
; -0.105  ; sc_ci_r[2]~DUPLICATE                                                                             ; altsyncram:prio_mem_r_rtl_0|altsyncram_isi1:auto_generated|ram_block1a19~portb_address_reg0  ; clk          ; clk         ; 10.000       ; -0.468     ; 9.577      ;
; -0.099  ; ld_wj_r[5]                                                                                       ; altsyncram:edge_span_r_rtl_0|altsyncram_kpi1:auto_generated|ram_block1a5~portb_address_reg5  ; clk          ; clk         ; 10.000       ; -0.636     ; 9.403      ;
; -0.096  ; ld_wj_r[5]                                                                                       ; altsyncram:prio_mem_r_rtl_0|altsyncram_isi1:auto_generated|ram_block1a14~portb_address_reg5  ; clk          ; clk         ; 10.000       ; -0.637     ; 9.399      ;
; -0.092  ; sc_ci_r[2]~DUPLICATE                                                                             ; edge_key_r~3                                                                                 ; clk          ; clk         ; 10.000       ; -0.506     ; 9.526      ;
; -0.091  ; ld_wj_r[5]                                                                                       ; altsyncram:prio_mem_r_rtl_0|altsyncram_isi1:auto_generated|ram_block1a2~portb_address_reg7   ; clk          ; clk         ; 10.000       ; -0.655     ; 9.376      ;
; -0.091  ; sc_ci_r[2]~DUPLICATE                                                                             ; edge_key_r~5                                                                                 ; clk          ; clk         ; 10.000       ; -0.507     ; 9.524      ;
; -0.091  ; sc_ci_r[2]~DUPLICATE                                                                             ; edge_key_r~6                                                                                 ; clk          ; clk         ; 10.000       ; -0.510     ; 9.521      ;
; -0.088  ; sc_ci_r[3]~DUPLICATE                                                                             ; altsyncram:edge_span_r_rtl_0|altsyncram_kpi1:auto_generated|ram_block1a0~portb_address_reg6  ; clk          ; clk         ; 10.000       ; -0.507     ; 9.521      ;
; -0.066  ; sc_ci_r[2]~DUPLICATE                                                                             ; altsyncram:prio_mem_r_rtl_0|altsyncram_isi1:auto_generated|ram_block1a29~portb_address_reg9  ; clk          ; clk         ; 10.000       ; -0.212     ; 9.794      ;
; -0.047  ; sc_ci_r[2]~DUPLICATE                                                                             ; altsyncram:edge_span_r_rtl_0|altsyncram_kpi1:auto_generated|ram_block1a0~portb_address_reg8  ; clk          ; clk         ; 10.000       ; -0.498     ; 9.489      ;
; -0.037  ; sc_ci_r[2]~DUPLICATE                                                                             ; altsyncram:prio_mem_r_rtl_0|altsyncram_isi1:auto_generated|ram_block1a0~portb_address_reg4   ; clk          ; clk         ; 10.000       ; -0.203     ; 9.774      ;
; -0.036  ; sc_ci_r[2]~DUPLICATE                                                                             ; idx_r[9]                                                                                     ; clk          ; clk         ; 10.000       ; -0.129     ; 9.847      ;
; -0.031  ; ld_wj_r[5]                                                                                       ; altsyncram:prio_mem_r_rtl_0|altsyncram_isi1:auto_generated|ram_block1a0~portb_address_reg1   ; clk          ; clk         ; 10.000       ; -0.615     ; 9.356      ;
; -0.029  ; sc_ci_r[2]~DUPLICATE                                                                             ; altsyncram:prio_mem_r_rtl_0|altsyncram_isi1:auto_generated|ram_block1a29~portb_address_reg4  ; clk          ; clk         ; 10.000       ; -0.204     ; 9.765      ;
; -0.023  ; sc_ci_r[2]~DUPLICATE                                                                             ; prio_mem_r_rtl_0_bypass[12]                                                                  ; clk          ; clk         ; 10.000       ; -0.505     ; 9.458      ;
; -0.018  ; sc_ci_r[2]~DUPLICATE                                                                             ; altsyncram:edge_span_r_rtl_0|altsyncram_kpi1:auto_generated|ram_block1a0~portb_address_reg2  ; clk          ; clk         ; 10.000       ; -0.452     ; 9.506      ;
; -0.017  ; ld_wj_r[5]                                                                                       ; altsyncram:prio_mem_r_rtl_0|altsyncram_isi1:auto_generated|ram_block1a14~portb_address_reg7  ; clk          ; clk         ; 10.000       ; -0.637     ; 9.320      ;
; -0.013  ; ld_wj_r[5]                                                                                       ; altsyncram:edge_key_r_rtl_0|altsyncram_esi1:auto_generated|ram_block1a0~portb_address_reg5   ; clk          ; clk         ; 10.000       ; -0.636     ; 9.317      ;
; -0.013  ; ld_wj_r[5]                                                                                       ; altsyncram:prio_mem_r_rtl_0|altsyncram_isi1:auto_generated|ram_block1a24~portb_address_reg5  ; clk          ; clk         ; 10.000       ; -0.654     ; 9.299      ;
; -0.012  ; ld_wj_r[5]                                                                                       ; altsyncram:edge_span_r_rtl_0|altsyncram_kpi1:auto_generated|ram_block1a5~portb_address_reg7  ; clk          ; clk         ; 10.000       ; -0.636     ; 9.316      ;
; -0.011  ; ld_wj_r[5]                                                                                       ; altsyncram:prio_mem_r_rtl_0|altsyncram_isi1:auto_generated|ram_block1a0~portb_address_reg8   ; clk          ; clk         ; 10.000       ; -0.662     ; 9.289      ;
; 0.004   ; ld_wj_r[5]                                                                                       ; altsyncram:prio_mem_r_rtl_0|altsyncram_isi1:auto_generated|ram_block1a9~portb_address_reg8   ; clk          ; clk         ; 10.000       ; -0.656     ; 9.280      ;
; 0.005   ; sc_ci_r[2]~DUPLICATE                                                                             ; edge_key_r~9                                                                                 ; clk          ; clk         ; 10.000       ; -0.142     ; 9.793      ;
; 0.006   ; sc_ci_r[2]~DUPLICATE                                                                             ; edge_key_r_rtl_0_bypass[20]                                                                  ; clk          ; clk         ; 10.000       ; -0.486     ; 9.448      ;
; 0.011   ; ld_wj_r[5]                                                                                       ; altsyncram:prio_mem_r_rtl_0|altsyncram_isi1:auto_generated|ram_block1a9~portb_address_reg6   ; clk          ; clk         ; 10.000       ; -0.659     ; 9.270      ;
; 0.013   ; sc_ci_r[3]~DUPLICATE                                                                             ; edge_key_r_rtl_0_bypass[14]                                                                  ; clk          ; clk         ; 10.000       ; -0.529     ; 9.398      ;
; 0.021   ; altsyncram:prio_mem_r_rtl_0|altsyncram_isi1:auto_generated|ram_block1a9~PORT_B_WRITE_ENABLE_REG  ; altsyncram:edge_key_r_rtl_0|altsyncram_esi1:auto_generated|ram_block1a5~porta_we_reg         ; clk          ; clk         ; 10.000       ; -0.543     ; 9.376      ;
; 0.024   ; ld_wj_r[5]                                                                                       ; idx_r[7]                                                                                     ; clk          ; clk         ; 10.000       ; -0.569     ; 9.347      ;
; 0.026   ; ld_wj_r[5]                                                                                       ; altsyncram:edge_key_r_rtl_0|altsyncram_esi1:auto_generated|ram_block1a4~portb_address_reg5   ; clk          ; clk         ; 10.000       ; -0.636     ; 9.278      ;
; 0.027   ; ld_wj_r[5]                                                                                       ; idx_r[5]                                                                                     ; clk          ; clk         ; 10.000       ; -0.569     ; 9.344      ;
; 0.027   ; altsyncram:edge_span_r_rtl_0|altsyncram_kpi1:auto_generated|ram_block1a0~PORT_B_WRITE_ENABLE_REG ; altsyncram:prio_mem_r_rtl_0|altsyncram_isi1:auto_generated|ram_block1a29~portb_address_reg10 ; clk          ; clk         ; 10.000       ; -1.689     ; 8.224      ;
; 0.031   ; ld_wj_r[5]                                                                                       ; idx_r[7]~DUPLICATE                                                                           ; clk          ; clk         ; 10.000       ; -0.565     ; 9.344      ;
; 0.032   ; pg_cj_r[3]                                                                                       ; edge_cj_o[5]                                                                                 ; clk          ; clk         ; 10.000       ; -5.915     ; 3.993      ;
; 0.034   ; ld_wj_r[5]                                                                                       ; idx_r[5]~DUPLICATE                                                                           ; clk          ; clk         ; 10.000       ; -0.565     ; 9.341      ;
; 0.043   ; altsyncram:edge_span_r_rtl_0|altsyncram_kpi1:auto_generated|ram_block1a0~PORT_B_WRITE_ENABLE_REG ; altsyncram:prio_mem_r_rtl_0|altsyncram_isi1:auto_generated|ram_block1a0~portb_address_reg0   ; clk          ; clk         ; 10.000       ; -1.585     ; 8.312      ;
; 0.044   ; ld_wj_r[5]                                                                                       ; altsyncram:edge_key_r_rtl_0|altsyncram_esi1:auto_generated|ram_block1a4~portb_address_reg7   ; clk          ; clk         ; 10.000       ; -0.636     ; 9.260      ;
; 0.051   ; sc_ci_r[2]~DUPLICATE                                                                             ; edge_key_r_rtl_0_bypass[22]                                                                  ; clk          ; clk         ; 10.000       ; -0.488     ; 9.401      ;
; 0.056   ; sc_ci_r[2]~DUPLICATE                                                                             ; edge_key_r~7                                                                                 ; clk          ; clk         ; 10.000       ; -0.515     ; 9.369      ;
; 0.056   ; sc_ci_r[2]~DUPLICATE                                                                             ; edge_key_r~4                                                                                 ; clk          ; clk         ; 10.000       ; -0.515     ; 9.369      ;
; 0.058   ; sc_ci_r[2]~DUPLICATE                                                                             ; edge_key_r~4DUPLICATE                                                                        ; clk          ; clk         ; 10.000       ; -0.509     ; 9.373      ;
; 0.075   ; sc_ci_r[2]~DUPLICATE                                                                             ; edge_key_r_rtl_0_bypass[18]                                                                  ; clk          ; clk         ; 10.000       ; -0.481     ; 9.384      ;
; 0.076   ; altsyncram:edge_span_r_rtl_0|altsyncram_kpi1:auto_generated|ram_block1a0~PORT_B_WRITE_ENABLE_REG ; altsyncram:prio_mem_r_rtl_0|altsyncram_isi1:auto_generated|ram_block1a0~portb_address_reg10  ; clk          ; clk         ; 10.000       ; -1.688     ; 8.176      ;
; 0.078   ; ld_wj_r[5]                                                                                       ; altsyncram:prio_mem_r_rtl_0|altsyncram_isi1:auto_generated|ram_block1a24~portb_address_reg7  ; clk          ; clk         ; 10.000       ; -0.654     ; 9.208      ;
; 0.088   ; sc_ci_r[2]~DUPLICATE                                                                             ; edge_key_r_rtl_0_bypass[4]                                                                   ; clk          ; clk         ; 10.000       ; -0.484     ; 9.368      ;
; 0.090   ; sc_ci_r[2]~DUPLICATE                                                                             ; altsyncram:edge_span_r_rtl_0|altsyncram_kpi1:auto_generated|ram_block1a0~portb_address_reg0  ; clk          ; clk         ; 10.000       ; -0.448     ; 9.402      ;
; 0.095   ; altsyncram:prio_mem_r_rtl_0|altsyncram_isi1:auto_generated|ram_block1a9~PORT_B_WRITE_ENABLE_REG  ; altsyncram:edge_key_r_rtl_0|altsyncram_esi1:auto_generated|ram_block1a5~CLOCK0_ENABLE0_0     ; clk          ; clk         ; 10.000       ; -1.782     ; 8.063      ;
; 0.101   ; ld_wj_r[5]                                                                                       ; altsyncram:prio_mem_r_rtl_0|altsyncram_isi1:auto_generated|ram_block1a2~portb_address_reg8   ; clk          ; clk         ; 10.000       ; -0.655     ; 9.184      ;
; 0.117   ; ld_wj_r[5]                                                                                       ; altsyncram:prio_mem_r_rtl_0|altsyncram_isi1:auto_generated|ram_block1a2~portb_address_reg6   ; clk          ; clk         ; 10.000       ; -0.658     ; 9.165      ;
; 0.119   ; ld_wj_r[5]                                                                                       ; altsyncram:prio_mem_r_rtl_0|altsyncram_isi1:auto_generated|ram_block1a29~portb_address_reg3  ; clk          ; clk         ; 10.000       ; -0.402     ; 9.419      ;
; 0.121   ; altsyncram:prio_mem_r_rtl_0|altsyncram_isi1:auto_generated|ram_block1a14~PORT_B_WRITE_ENABLE_REG ; altsyncram:edge_span_r_rtl_0|altsyncram_kpi1:auto_generated|ram_block1a0~porta_we_reg        ; clk          ; clk         ; 10.000       ; -0.543     ; 9.276      ;
; 0.122   ; prio_mem_r_rtl_0_bypass[16]                                                                      ; dropped_r[1]                                                                                 ; clk          ; clk         ; 10.000       ; -0.506     ; 9.312      ;
; 0.122   ; prio_mem_r_rtl_0_bypass[16]                                                                      ; dropped_r[3]                                                                                 ; clk          ; clk         ; 10.000       ; -0.506     ; 9.312      ;
; 0.122   ; prio_mem_r_rtl_0_bypass[16]                                                                      ; dropped_r[7]                                                                                 ; clk          ; clk         ; 10.000       ; -0.506     ; 9.312      ;
; 0.123   ; ld_wj_r[5]                                                                                       ; altsyncram:prio_mem_r_rtl_0|altsyncram_isi1:auto_generated|ram_block1a29~portb_address_reg2  ; clk          ; clk         ; 10.000       ; -0.617     ; 9.200      ;
; 0.123   ; prio_mem_r_rtl_0_bypass[16]                                                                      ; dropped_r[2]                                                                                 ; clk          ; clk         ; 10.000       ; -0.504     ; 9.313      ;
; 0.123   ; prio_mem_r_rtl_0_bypass[16]                                                                      ; dropped_r[4]                                                                                 ; clk          ; clk         ; 10.000       ; -0.504     ; 9.313      ;
; 0.123   ; prio_mem_r_rtl_0_bypass[16]                                                                      ; dropped_r[6]~DUPLICATE                                                                       ; clk          ; clk         ; 10.000       ; -0.504     ; 9.313      ;
; 0.123   ; prio_mem_r_rtl_0_bypass[16]                                                                      ; dropped_r[10]                                                                                ; clk          ; clk         ; 10.000       ; -0.504     ; 9.313      ;
; 0.123   ; prio_mem_r_rtl_0_bypass[16]                                                                      ; dropped_r[0]~DUPLICATE                                                                       ; clk          ; clk         ; 10.000       ; -0.504     ; 9.313      ;
; 0.125   ; ld_wj_r[5]                                                                                       ; altsyncram:edge_key_r_rtl_0|altsyncram_esi1:auto_generated|ram_block1a0~portb_address_reg7   ; clk          ; clk         ; 10.000       ; -0.636     ; 9.179      ;
; 0.130   ; prio_mem_r_rtl_0_bypass[16]                                                                      ; dropped_r[5]                                                                                 ; clk          ; clk         ; 10.000       ; -0.499     ; 9.311      ;
; 0.130   ; prio_mem_r_rtl_0_bypass[16]                                                                      ; dropped_r[7]~DUPLICATE                                                                       ; clk          ; clk         ; 10.000       ; -0.499     ; 9.311      ;
; 0.130   ; prio_mem_r_rtl_0_bypass[16]                                                                      ; dropped_r[9]                                                                                 ; clk          ; clk         ; 10.000       ; -0.499     ; 9.311      ;
; 0.130   ; prio_mem_r_rtl_0_bypass[16]                                                                      ; dropped_r[11]                                                                                ; clk          ; clk         ; 10.000       ; -0.499     ; 9.311      ;
; 0.130   ; prio_mem_r_rtl_0_bypass[16]                                                                      ; dropped_r[1]~DUPLICATE                                                                       ; clk          ; clk         ; 10.000       ; -0.499     ; 9.311      ;
; 0.131   ; prio_mem_r_rtl_0_bypass[16]                                                                      ; dropped_r[0]                                                                                 ; clk          ; clk         ; 10.000       ; -0.500     ; 9.309      ;
; 0.131   ; prio_mem_r_rtl_0_bypass[16]                                                                      ; dropped_r[6]                                                                                 ; clk          ; clk         ; 10.000       ; -0.500     ; 9.309      ;
; 0.131   ; prio_mem_r_rtl_0_bypass[16]                                                                      ; dropped_r[8]                                                                                 ; clk          ; clk         ; 10.000       ; -0.500     ; 9.309      ;
; 0.131   ; prio_mem_r_rtl_0_bypass[16]                                                                      ; dropped_r[4]~DUPLICATE                                                                       ; clk          ; clk         ; 10.000       ; -0.500     ; 9.309      ;
; 0.139   ; sc_ci_r[2]~DUPLICATE                                                                             ; altsyncram:edge_span_r_rtl_0|altsyncram_kpi1:auto_generated|ram_block1a0~portb_address_reg3  ; clk          ; clk         ; 10.000       ; -0.237     ; 9.564      ;
; 0.141   ; sc_ci_r[2]~DUPLICATE                                                                             ; edge_span_r_rtl_0_bypass[8]                                                                  ; clk          ; clk         ; 10.000       ; -0.450     ; 9.349      ;
; 0.154   ; sc_ci_r[3]~DUPLICATE                                                                             ; cnt_r[4]                                                                                     ; clk          ; clk         ; 10.000       ; -0.144     ; 9.642      ;
; 0.154   ; sc_ci_r[3]~DUPLICATE                                                                             ; cnt_r[8]~DUPLICATE                                                                           ; clk          ; clk         ; 10.000       ; -0.141     ; 9.645      ;
; 0.154   ; sc_ci_r[3]~DUPLICATE                                                                             ; cnt_r[7]~DUPLICATE                                                                           ; clk          ; clk         ; 10.000       ; -0.140     ; 9.646      ;
; 0.154   ; sc_ci_r[3]~DUPLICATE                                                                             ; cnt_r[6]                                                                                     ; clk          ; clk         ; 10.000       ; -0.144     ; 9.642      ;
; 0.154   ; sc_ci_r[3]~DUPLICATE                                                                             ; cnt_r[5]                                                                                     ; clk          ; clk         ; 10.000       ; -0.140     ; 9.646      ;
; 0.154   ; sc_ci_r[3]~DUPLICATE                                                                             ; cnt_r[4]~DUPLICATE                                                                           ; clk          ; clk         ; 10.000       ; -0.141     ; 9.645      ;
; 0.154   ; sc_ci_r[3]~DUPLICATE                                                                             ; cnt_r[3]                                                                                     ; clk          ; clk         ; 10.000       ; -0.146     ; 9.640      ;
; 0.154   ; sc_ci_r[3]~DUPLICATE                                                                             ; cnt_r[2]~DUPLICATE                                                                           ; clk          ; clk         ; 10.000       ; -0.144     ; 9.642      ;
; 0.154   ; sc_ci_r[3]~DUPLICATE                                                                             ; cnt_r[1]                                                                                     ; clk          ; clk         ; 10.000       ; -0.140     ; 9.646      ;
; 0.154   ; sc_ci_r[3]~DUPLICATE                                                                             ; cnt_r[0]                                                                                     ; clk          ; clk         ; 10.000       ; -0.141     ; 9.645      ;
; 0.154   ; sc_ci_r[3]~DUPLICATE                                                                             ; cnt_r[10]~DUPLICATE                                                                          ; clk          ; clk         ; 10.000       ; -0.141     ; 9.645      ;
; 0.154   ; sc_ci_r[3]~DUPLICATE                                                                             ; cnt_r[10]                                                                                    ; clk          ; clk         ; 10.000       ; -0.144     ; 9.642      ;
; 0.154   ; sc_ci_r[3]~DUPLICATE                                                                             ; cnt_r[9]~DUPLICATE                                                                           ; clk          ; clk         ; 10.000       ; -0.146     ; 9.640      ;
; 0.154   ; sc_ci_r[3]~DUPLICATE                                                                             ; cnt_r[5]~DUPLICATE                                                                           ; clk          ; clk         ; 10.000       ; -0.146     ; 9.640      ;
; 0.154   ; sc_ci_r[3]~DUPLICATE                                                                             ; cnt_r[7]                                                                                     ; clk          ; clk         ; 10.000       ; -0.146     ; 9.640      ;
; 0.154   ; sc_ci_r[3]~DUPLICATE                                                                             ; cnt_r[6]~DUPLICATE                                                                           ; clk          ; clk         ; 10.000       ; -0.141     ; 9.645      ;
; 0.154   ; sc_ci_r[3]~DUPLICATE                                                                             ; cnt_r[11]~DUPLICATE                                                                          ; clk          ; clk         ; 10.000       ; -0.146     ; 9.640      ;
; 0.154   ; sc_ci_r[3]~DUPLICATE                                                                             ; cnt_r[11]                                                                                    ; clk          ; clk         ; 10.000       ; -0.140     ; 9.646      ;
; 0.154   ; sc_ci_r[3]~DUPLICATE                                                                             ; cnt_r[2]                                                                                     ; clk          ; clk         ; 10.000       ; -0.141     ; 9.645      ;
; 0.154   ; sc_ci_r[3]~DUPLICATE                                                                             ; cnt_r[1]~DUPLICATE                                                                           ; clk          ; clk         ; 10.000       ; -0.146     ; 9.640      ;
; 0.154   ; sc_ci_r[3]~DUPLICATE                                                                             ; cnt_r[8]                                                                                     ; clk          ; clk         ; 10.000       ; -0.144     ; 9.642      ;
; 0.154   ; sc_ci_r[3]~DUPLICATE                                                                             ; cnt_r[9]                                                                                     ; clk          ; clk         ; 10.000       ; -0.140     ; 9.646      ;
; 0.173   ; ld_wj_r[5]                                                                                       ; altsyncram:prio_mem_r_rtl_0|altsyncram_isi1:auto_generated|ram_block1a0~portb_address_reg2   ; clk          ; clk         ; 10.000       ; -0.616     ; 9.151      ;
; 0.176   ; sc_ci_r[2]~DUPLICATE                                                                             ; altsyncram:prio_mem_r_rtl_0|altsyncram_isi1:auto_generated|ram_block1a9~portb_address_reg9   ; clk          ; clk         ; 10.000       ; -0.205     ; 9.559      ;
; 0.187   ; sc_ci_r[2]~DUPLICATE                                                                             ; altsyncram:prio_mem_r_rtl_0|altsyncram_isi1:auto_generated|ram_block1a2~portb_address_reg9   ; clk          ; clk         ; 10.000       ; -0.204     ; 9.549      ;
; 0.190   ; sc_ci_r[2]~DUPLICATE                                                                             ; altsyncram:edge_key_r_rtl_0|altsyncram_esi1:auto_generated|ram_block1a4~portb_address_reg4   ; clk          ; clk         ; 10.000       ; -0.177     ; 9.573      ;
; 0.200   ; altsyncram:prio_mem_r_rtl_0|altsyncram_isi1:auto_generated|ram_block1a14~PORT_B_WRITE_ENABLE_REG ; altsyncram:edge_span_r_rtl_0|altsyncram_kpi1:auto_generated|ram_block1a0~CLOCK0_ENABLE0_0    ; clk          ; clk         ; 10.000       ; -1.782     ; 7.958      ;
; 0.203   ; ld_wj_r[5]                                                                                       ; altsyncram:prio_mem_r_rtl_0|altsyncram_isi1:auto_generated|ram_block1a2~portb_address_reg1   ; clk          ; clk         ; 10.000       ; -0.608     ; 9.129      ;
; 0.206   ; sc_ci_r[2]~DUPLICATE                                                                             ; prio_mem_r_rtl_0_bypass[10]                                                                  ; clk          ; clk         ; 10.000       ; -0.510     ; 9.224      ;
; 0.212   ; ld_wj_r[5]                                                                                       ; altsyncram:prio_mem_r_rtl_0|altsyncram_isi1:auto_generated|ram_block1a0~portb_address_reg3   ; clk          ; clk         ; 10.000       ; -0.401     ; 9.327      ;
; 0.213   ; altsyncram:edge_span_r_rtl_0|altsyncram_kpi1:auto_generated|ram_block1a0~PORT_B_WRITE_ENABLE_REG ; idx_r[10]                                                                                    ; clk          ; clk         ; 10.000       ; -1.536     ; 8.191      ;
; 0.218   ; altsyncram:prio_mem_r_rtl_0|altsyncram_isi1:auto_generated|ram_block1a14~PORT_B_WRITE_ENABLE_REG ; bs_count_r[9]                                                                                ; clk          ; clk         ; 10.000       ; -1.500     ; 8.222      ;
; 0.218   ; altsyncram:prio_mem_r_rtl_0|altsyncram_isi1:auto_generated|ram_block1a14~PORT_B_WRITE_ENABLE_REG ; bs_count_r[7]                                                                                ; clk          ; clk         ; 10.000       ; -1.500     ; 8.222      ;
; 0.218   ; altsyncram:prio_mem_r_rtl_0|altsyncram_isi1:auto_generated|ram_block1a14~PORT_B_WRITE_ENABLE_REG ; bs_count_r[5]                                                                                ; clk          ; clk         ; 10.000       ; -1.500     ; 8.222      ;
; 0.218   ; altsyncram:prio_mem_r_rtl_0|altsyncram_isi1:auto_generated|ram_block1a14~PORT_B_WRITE_ENABLE_REG ; bs_count_r[1]                                                                                ; clk          ; clk         ; 10.000       ; -1.500     ; 8.222      ;
; 0.219   ; altsyncram:prio_mem_r_rtl_0|altsyncram_isi1:auto_generated|ram_block1a14~PORT_B_WRITE_ENABLE_REG ; bs_count_r[10]~DUPLICATE                                                                     ; clk          ; clk         ; 10.000       ; -1.501     ; 8.220      ;
; 0.219   ; altsyncram:prio_mem_r_rtl_0|altsyncram_isi1:auto_generated|ram_block1a14~PORT_B_WRITE_ENABLE_REG ; bs_count_r[8]                                                                                ; clk          ; clk         ; 10.000       ; -1.505     ; 8.216      ;
; 0.219   ; altsyncram:prio_mem_r_rtl_0|altsyncram_isi1:auto_generated|ram_block1a14~PORT_B_WRITE_ENABLE_REG ; bs_count_r[6]                                                                                ; clk          ; clk         ; 10.000       ; -1.501     ; 8.220      ;
; 0.219   ; altsyncram:prio_mem_r_rtl_0|altsyncram_isi1:auto_generated|ram_block1a14~PORT_B_WRITE_ENABLE_REG ; bs_count_r[4]                                                                                ; clk          ; clk         ; 10.000       ; -1.501     ; 8.220      ;
; 0.219   ; altsyncram:prio_mem_r_rtl_0|altsyncram_isi1:auto_generated|ram_block1a14~PORT_B_WRITE_ENABLE_REG ; bs_count_r[3]                                                                                ; clk          ; clk         ; 10.000       ; -1.507     ; 8.214      ;
; 0.219   ; altsyncram:prio_mem_r_rtl_0|altsyncram_isi1:auto_generated|ram_block1a14~PORT_B_WRITE_ENABLE_REG ; bs_count_r[2]                                                                                ; clk          ; clk         ; 10.000       ; -1.505     ; 8.216      ;
; 0.219   ; altsyncram:prio_mem_r_rtl_0|altsyncram_isi1:auto_generated|ram_block1a14~PORT_B_WRITE_ENABLE_REG ; bs_count_r[0]                                                                                ; clk          ; clk         ; 10.000       ; -1.501     ; 8.220      ;
; 0.219   ; altsyncram:prio_mem_r_rtl_0|altsyncram_isi1:auto_generated|ram_block1a14~PORT_B_WRITE_ENABLE_REG ; bs_count_r[11]                                                                               ; clk          ; clk         ; 10.000       ; -1.507     ; 8.214      ;
; 0.219   ; altsyncram:prio_mem_r_rtl_0|altsyncram_isi1:auto_generated|ram_block1a14~PORT_B_WRITE_ENABLE_REG ; bs_count_r[7]~DUPLICATE                                                                      ; clk          ; clk         ; 10.000       ; -1.507     ; 8.214      ;
; 0.219   ; altsyncram:prio_mem_r_rtl_0|altsyncram_isi1:auto_generated|ram_block1a14~PORT_B_WRITE_ENABLE_REG ; bs_count_r[5]~DUPLICATE                                                                      ; clk          ; clk         ; 10.000       ; -1.507     ; 8.214      ;
; 0.219   ; altsyncram:prio_mem_r_rtl_0|altsyncram_isi1:auto_generated|ram_block1a14~PORT_B_WRITE_ENABLE_REG ; bs_count_r[1]~DUPLICATE                                                                      ; clk          ; clk         ; 10.000       ; -1.507     ; 8.214      ;
; 0.219   ; altsyncram:prio_mem_r_rtl_0|altsyncram_isi1:auto_generated|ram_block1a14~PORT_B_WRITE_ENABLE_REG ; bs_count_r[10]                                                                               ; clk          ; clk         ; 10.000       ; -1.505     ; 8.216      ;
; 0.220   ; ld_wj_r[5]                                                                                       ; altsyncram:prio_mem_r_rtl_0|altsyncram_isi1:auto_generated|ram_block1a14~portb_address_reg1  ; clk          ; clk         ; 10.000       ; -0.590     ; 9.130      ;
; 0.225   ; sc_ci_r[2]~DUPLICATE                                                                             ; altsyncram:prio_mem_r_rtl_0|altsyncram_isi1:auto_generated|ram_block1a9~portb_address_reg4   ; clk          ; clk         ; 10.000       ; -0.197     ; 9.518      ;
; 0.230   ; ld_wj_r[5]                                                                                       ; altsyncram:edge_key_r_rtl_0|altsyncram_esi1:auto_generated|ram_block1a4~portb_address_reg6   ; clk          ; clk         ; 10.000       ; -0.639     ; 9.071      ;
; 0.233   ; sc_ci_r[2]~DUPLICATE                                                                             ; edge_key_r_rtl_0_bypass[10]                                                                  ; clk          ; clk         ; 10.000       ; -0.505     ; 9.202      ;
; 0.240   ; sc_ci_r[2]~DUPLICATE                                                                             ; altsyncram:prio_mem_r_rtl_0|altsyncram_isi1:auto_generated|ram_block1a2~portb_address_reg4   ; clk          ; clk         ; 10.000       ; -0.196     ; 9.504      ;
; 0.242   ; prio_mem_r_rtl_0_bypass[16]                                                                      ; altsyncram:edge_key_r_rtl_0|altsyncram_esi1:auto_generated|ram_block1a0~porta_we_reg         ; clk          ; clk         ; 10.000       ; 0.382      ; 10.080     ;
; 0.248   ; sc_ci_r[2]~DUPLICATE                                                                             ; prio_mem_r_rtl_0_bypass[16]                                                                  ; clk          ; clk         ; 10.000       ; -0.506     ; 9.186      ;
; 0.250   ; altsyncram:edge_span_r_rtl_0|altsyncram_kpi1:auto_generated|ram_block1a0~PORT_B_WRITE_ENABLE_REG ; idx_r[0]                                                                                     ; clk          ; clk         ; 10.000       ; -1.559     ; 8.131      ;
; 0.257   ; ld_wj_r[5]                                                                                       ; idx_r[8]~DUPLICATE                                                                           ; clk          ; clk         ; 10.000       ; -0.569     ; 9.114      ;
; 0.259   ; altsyncram:edge_span_r_rtl_0|altsyncram_kpi1:auto_generated|ram_block1a0~PORT_B_WRITE_ENABLE_REG ; altsyncram:edge_span_r_rtl_0|altsyncram_kpi1:auto_generated|ram_block1a5~portb_address_reg0  ; clk          ; clk         ; 10.000       ; -1.559     ; 8.122      ;
; 0.264   ; ld_wj_r[5]                                                                                       ; idx_r[8]                                                                                     ; clk          ; clk         ; 10.000       ; -0.565     ; 9.111      ;
; 0.265   ; sc_ci_r[3]~DUPLICATE                                                                             ; prio_mem_r_rtl_0_bypass[14]                                                                  ; clk          ; clk         ; 10.000       ; -0.516     ; 9.159      ;
; 0.272   ; altsyncram:edge_span_r_rtl_0|altsyncram_kpi1:auto_generated|ram_block1a0~PORT_B_WRITE_ENABLE_REG ; altsyncram:prio_mem_r_rtl_0|altsyncram_isi1:auto_generated|ram_block1a14~portb_address_reg0  ; clk          ; clk         ; 10.000       ; -1.560     ; 8.108      ;
; 0.278   ; ld_wj_r[5]                                                                                       ; altsyncram:edge_span_r_rtl_0|altsyncram_kpi1:auto_generated|ram_block1a5~portb_address_reg8  ; clk          ; clk         ; 10.000       ; -0.636     ; 9.026      ;
; 0.284   ; altsyncram:edge_span_r_rtl_0|altsyncram_kpi1:auto_generated|ram_block1a0~PORT_B_WRITE_ENABLE_REG ; altsyncram:prio_mem_r_rtl_0|altsyncram_isi1:auto_generated|ram_block1a2~portb_address_reg0   ; clk          ; clk         ; 10.000       ; -1.578     ; 8.078      ;
; 0.286   ; altsyncram:edge_span_r_rtl_0|altsyncram_kpi1:auto_generated|ram_block1a0~PORT_B_WRITE_ENABLE_REG ; altsyncram:prio_mem_r_rtl_0|altsyncram_isi1:auto_generated|ram_block1a24~portb_address_reg0  ; clk          ; clk         ; 10.000       ; -1.577     ; 8.077      ;
; 0.287   ; altsyncram:edge_span_r_rtl_0|altsyncram_kpi1:auto_generated|ram_block1a0~PORT_B_WRITE_ENABLE_REG ; altsyncram:prio_mem_r_rtl_0|altsyncram_isi1:auto_generated|ram_block1a9~portb_address_reg0   ; clk          ; clk         ; 10.000       ; -1.579     ; 8.074      ;
; 0.294   ; sc_ci_r[2]~DUPLICATE                                                                             ; altsyncram:edge_span_r_rtl_0|altsyncram_kpi1:auto_generated|ram_block1a5~portb_address_reg9  ; clk          ; clk         ; 10.000       ; -0.165     ; 9.481      ;
; 0.300   ; altsyncram:prio_mem_r_rtl_0|altsyncram_isi1:auto_generated|ram_block1a14~PORT_B_WRITE_ENABLE_REG ; wr_r[3]                                                                                      ; clk          ; clk         ; 10.000       ; -1.512     ; 8.128      ;
; 0.300   ; altsyncram:prio_mem_r_rtl_0|altsyncram_isi1:auto_generated|ram_block1a14~PORT_B_WRITE_ENABLE_REG ; wr_r[6]                                                                                      ; clk          ; clk         ; 10.000       ; -1.512     ; 8.128      ;
; 0.300   ; altsyncram:prio_mem_r_rtl_0|altsyncram_isi1:auto_generated|ram_block1a14~PORT_B_WRITE_ENABLE_REG ; wr_r[10]                                                                                     ; clk          ; clk         ; 10.000       ; -1.512     ; 8.128      ;
; 0.300   ; altsyncram:prio_mem_r_rtl_0|altsyncram_isi1:auto_generated|ram_block1a14~PORT_B_WRITE_ENABLE_REG ; wr_r[0]                                                                                      ; clk          ; clk         ; 10.000       ; -1.512     ; 8.128      ;
; 0.300   ; altsyncram:prio_mem_r_rtl_0|altsyncram_isi1:auto_generated|ram_block1a14~PORT_B_WRITE_ENABLE_REG ; wr_r[8]~DUPLICATE                                                                            ; clk          ; clk         ; 10.000       ; -1.512     ; 8.128      ;
; 0.301   ; altsyncram:prio_mem_r_rtl_0|altsyncram_isi1:auto_generated|ram_block1a14~PORT_B_WRITE_ENABLE_REG ; wr_r[7]                                                                                      ; clk          ; clk         ; 10.000       ; -1.510     ; 8.129      ;
; 0.301   ; altsyncram:prio_mem_r_rtl_0|altsyncram_isi1:auto_generated|ram_block1a14~PORT_B_WRITE_ENABLE_REG ; wr_r[8]                                                                                      ; clk          ; clk         ; 10.000       ; -1.516     ; 8.123      ;
; 0.301   ; altsyncram:prio_mem_r_rtl_0|altsyncram_isi1:auto_generated|ram_block1a14~PORT_B_WRITE_ENABLE_REG ; wr_r[10]~DUPLICATE                                                                           ; clk          ; clk         ; 10.000       ; -1.516     ; 8.123      ;
; 0.301   ; altsyncram:prio_mem_r_rtl_0|altsyncram_isi1:auto_generated|ram_block1a14~PORT_B_WRITE_ENABLE_REG ; wr_r[9]                                                                                      ; clk          ; clk         ; 10.000       ; -1.510     ; 8.129      ;
; 0.301   ; altsyncram:prio_mem_r_rtl_0|altsyncram_isi1:auto_generated|ram_block1a14~PORT_B_WRITE_ENABLE_REG ; wr_r[2]                                                                                      ; clk          ; clk         ; 10.000       ; -1.516     ; 8.123      ;
; 0.301   ; altsyncram:prio_mem_r_rtl_0|altsyncram_isi1:auto_generated|ram_block1a14~PORT_B_WRITE_ENABLE_REG ; wr_r[1]                                                                                      ; clk          ; clk         ; 10.000       ; -1.510     ; 8.129      ;
; 0.301   ; altsyncram:prio_mem_r_rtl_0|altsyncram_isi1:auto_generated|ram_block1a14~PORT_B_WRITE_ENABLE_REG ; wr_r[0]~DUPLICATE                                                                            ; clk          ; clk         ; 10.000       ; -1.516     ; 8.123      ;
; 0.301   ; altsyncram:prio_mem_r_rtl_0|altsyncram_isi1:auto_generated|ram_block1a14~PORT_B_WRITE_ENABLE_REG ; wr_r[4]                                                                                      ; clk          ; clk         ; 10.000       ; -1.510     ; 8.129      ;
; 0.301   ; altsyncram:prio_mem_r_rtl_0|altsyncram_isi1:auto_generated|ram_block1a14~PORT_B_WRITE_ENABLE_REG ; wr_r[5]                                                                                      ; clk          ; clk         ; 10.000       ; -1.510     ; 8.129      ;
; 0.301   ; altsyncram:prio_mem_r_rtl_0|altsyncram_isi1:auto_generated|ram_block1a14~PORT_B_WRITE_ENABLE_REG ; wr_r[11]                                                                                     ; clk          ; clk         ; 10.000       ; -1.510     ; 8.129      ;
; 0.302   ; altsyncram:prio_mem_r_rtl_0|altsyncram_isi1:auto_generated|ram_block1a14~PORT_B_WRITE_ENABLE_REG ; wr_r[9]~DUPLICATE                                                                            ; clk          ; clk         ; 10.000       ; -1.517     ; 8.121      ;
; 0.302   ; altsyncram:prio_mem_r_rtl_0|altsyncram_isi1:auto_generated|ram_block1a14~PORT_B_WRITE_ENABLE_REG ; wr_r[7]~DUPLICATE                                                                            ; clk          ; clk         ; 10.000       ; -1.517     ; 8.121      ;
; 0.302   ; altsyncram:prio_mem_r_rtl_0|altsyncram_isi1:auto_generated|ram_block1a14~PORT_B_WRITE_ENABLE_REG ; wr_r[1]~DUPLICATE                                                                            ; clk          ; clk         ; 10.000       ; -1.517     ; 8.121      ;
; 0.302   ; altsyncram:prio_mem_r_rtl_0|altsyncram_isi1:auto_generated|ram_block1a14~PORT_B_WRITE_ENABLE_REG ; wr_r[11]~DUPLICATE                                                                           ; clk          ; clk         ; 10.000       ; -1.517     ; 8.121      ;
; 0.302   ; altsyncram:prio_mem_r_rtl_0|altsyncram_isi1:auto_generated|ram_block1a14~PORT_B_WRITE_ENABLE_REG ; wr_r[4]~DUPLICATE                                                                            ; clk          ; clk         ; 10.000       ; -1.517     ; 8.121      ;
; 0.314   ; ld_wj_r[5]                                                                                       ; altsyncram:prio_mem_r_rtl_0|altsyncram_isi1:auto_generated|ram_block1a14~portb_address_reg6  ; clk          ; clk         ; 10.000       ; -0.640     ; 8.986      ;
; 0.315   ; ld_wj_r[5]                                                                                       ; altsyncram:prio_mem_r_rtl_0|altsyncram_isi1:auto_generated|ram_block1a9~portb_address_reg1   ; clk          ; clk         ; 10.000       ; -0.609     ; 9.016      ;
; 0.319   ; prio_mem_r_rtl_0_bypass[16]                                                                      ; altsyncram:edge_key_r_rtl_0|altsyncram_esi1:auto_generated|ram_block1a0~CLOCK0_ENABLE0_0     ; clk          ; clk         ; 10.000       ; -0.857     ; 8.764      ;
; 0.323   ; ld_wj_r[5]                                                                                       ; altsyncram:prio_mem_r_rtl_0|altsyncram_isi1:auto_generated|ram_block1a9~portb_address_reg2   ; clk          ; clk         ; 10.000       ; -0.610     ; 9.007      ;
; 0.324   ; ld_wj_r[5]                                                                                       ; altsyncram:edge_span_r_rtl_0|altsyncram_kpi1:auto_generated|ram_block1a5~portb_address_reg1  ; clk          ; clk         ; 10.000       ; -0.589     ; 9.027      ;
; 0.328   ; ld_wj_r[5]                                                                                       ; altsyncram:prio_mem_r_rtl_0|altsyncram_isi1:auto_generated|ram_block1a24~portb_address_reg6  ; clk          ; clk         ; 10.000       ; -0.657     ; 8.955      ;
; 0.329   ; sc_ci_r[2]~DUPLICATE                                                                             ; altsyncram:prio_mem_r_rtl_0|altsyncram_isi1:auto_generated|ram_block1a14~portb_address_reg4  ; clk          ; clk         ; 10.000       ; -0.178     ; 9.433      ;
; 0.330   ; sc_ci_r[2]~DUPLICATE                                                                             ; edge_key_r~10                                                                                ; clk          ; clk         ; 10.000       ; -0.118     ; 9.492      ;
; 0.331   ; sc_ci_r[2]~DUPLICATE                                                                             ; edge_key_r~2                                                                                 ; clk          ; clk         ; 10.000       ; -0.125     ; 9.484      ;
; 0.331   ; sc_ci_r[2]~DUPLICATE                                                                             ; edge_key_r~8                                                                                 ; clk          ; clk         ; 10.000       ; -0.125     ; 9.484      ;
; 0.342   ; ld_wj_r[5]                                                                                       ; altsyncram:edge_span_r_rtl_0|altsyncram_kpi1:auto_generated|ram_block1a5~portb_address_reg6  ; clk          ; clk         ; 10.000       ; -0.639     ; 8.959      ;
; 0.353   ; ld_wj_r[5]                                                                                       ; altsyncram:prio_mem_r_rtl_0|altsyncram_isi1:auto_generated|ram_block1a9~portb_address_reg3   ; clk          ; clk         ; 10.000       ; -0.395     ; 9.192      ;
; 0.362   ; sc_ci_r[2]~DUPLICATE                                                                             ; altsyncram:prio_mem_r_rtl_0|altsyncram_isi1:auto_generated|ram_block1a24~portb_address_reg9  ; clk          ; clk         ; 10.000       ; -0.203     ; 9.375      ;
; 0.366   ; altsyncram:edge_span_r_rtl_0|altsyncram_kpi1:auto_generated|ram_block1a0~PORT_B_WRITE_ENABLE_REG ; altsyncram:prio_mem_r_rtl_0|altsyncram_isi1:auto_generated|ram_block1a9~portb_address_reg10  ; clk          ; clk         ; 10.000       ; -1.682     ; 7.892      ;
; 0.374   ; ld_wj_r[5]                                                                                       ; altsyncram:prio_mem_r_rtl_0|altsyncram_isi1:auto_generated|ram_block1a2~portb_address_reg3   ; clk          ; clk         ; 10.000       ; -0.394     ; 9.172      ;
; 0.376   ; ld_wj_r[5]                                                                                       ; altsyncram:prio_mem_r_rtl_0|altsyncram_isi1:auto_generated|ram_block1a14~portb_address_reg8  ; clk          ; clk         ; 10.000       ; -0.637     ; 8.927      ;
; 0.389   ; altsyncram:edge_span_r_rtl_0|altsyncram_kpi1:auto_generated|ram_block1a0~PORT_B_WRITE_ENABLE_REG ; altsyncram:edge_key_r_rtl_0|altsyncram_esi1:auto_generated|ram_block1a4~portb_address_reg10  ; clk          ; clk         ; 10.000       ; -1.662     ; 7.889      ;
; 0.389   ; altsyncram:edge_span_r_rtl_0|altsyncram_kpi1:auto_generated|ram_block1a0~PORT_B_WRITE_ENABLE_REG ; altsyncram:prio_mem_r_rtl_0|altsyncram_isi1:auto_generated|ram_block1a2~portb_address_reg10  ; clk          ; clk         ; 10.000       ; -1.681     ; 7.870      ;
; 0.391   ; ld_wj_r[5]                                                                                       ; idx_r[6]                                                                                     ; clk          ; clk         ; 10.000       ; -0.563     ; 8.986      ;
; 0.394   ; ld_wj_r[5]                                                                                       ; altsyncram:prio_mem_r_rtl_0|altsyncram_isi1:auto_generated|ram_block1a24~portb_address_reg8  ; clk          ; clk         ; 10.000       ; -0.654     ; 8.892      ;
; 0.397   ; prio_mem_r_rtl_0_bypass[16]                                                                      ; altsyncram:edge_span_r_rtl_0|altsyncram_kpi1:auto_generated|ram_block1a5~porta_we_reg        ; clk          ; clk         ; 10.000       ; 0.382      ; 9.925      ;
; 0.398   ; altsyncram:edge_span_r_rtl_0|altsyncram_kpi1:auto_generated|ram_block1a0~PORT_B_WRITE_ENABLE_REG ; altsyncram:edge_key_r_rtl_0|altsyncram_esi1:auto_generated|ram_block1a4~portb_address_reg0   ; clk          ; clk         ; 10.000       ; -1.559     ; 7.983      ;
; 0.401   ; sc_ci_r[2]~DUPLICATE                                                                             ; idx_r[4]                                                                                     ; clk          ; clk         ; 10.000       ; -0.117     ; 9.422      ;
; 0.403   ; sc_ci_r[2]~DUPLICATE                                                                             ; prio_mem_r_rtl_0_bypass[20]                                                                  ; clk          ; clk         ; 10.000       ; -0.506     ; 9.031      ;
; 0.404   ; ld_wj_r[5]                                                                                       ; altsyncram:edge_key_r_rtl_0|altsyncram_esi1:auto_generated|ram_block1a0~portb_address_reg6   ; clk          ; clk         ; 10.000       ; -0.639     ; 8.897      ;
; 0.405   ; sc_ci_r[2]~DUPLICATE                                                                             ; idx_r[4]~DUPLICATE                                                                           ; clk          ; clk         ; 10.000       ; -0.111     ; 9.424      ;
; 0.411   ; ld_wj_r[5]                                                                                       ; altsyncram:edge_key_r_rtl_0|altsyncram_esi1:auto_generated|ram_block1a4~portb_address_reg8   ; clk          ; clk         ; 10.000       ; -0.636     ; 8.893      ;
; 0.435   ; sc_ci_r[2]~DUPLICATE                                                                             ; altsyncram:edge_key_r_rtl_0|altsyncram_esi1:auto_generated|ram_block1a4~portb_address_reg9   ; clk          ; clk         ; 10.000       ; -0.185     ; 9.320      ;
; 0.438   ; ld_wj_r[5]                                                                                       ; idx_r[3]                                                                                     ; clk          ; clk         ; 10.000       ; -0.590     ; 8.912      ;
; 0.444   ; ld_wj_r[5]                                                                                       ; altsyncram:edge_key_r_rtl_0|altsyncram_esi1:auto_generated|ram_block1a4~portb_address_reg1   ; clk          ; clk         ; 10.000       ; -0.589     ; 8.907      ;
; 0.448   ; altsyncram:edge_span_r_rtl_0|altsyncram_kpi1:auto_generated|ram_block1a0~PORT_B_WRITE_ENABLE_REG ; altsyncram:edge_span_r_rtl_0|altsyncram_kpi1:auto_generated|ram_block1a5~portb_address_reg4  ; clk          ; clk         ; 10.000       ; -1.607     ; 7.885      ;
; 0.454   ; sc_ci_r[2]~DUPLICATE                                                                             ; altsyncram:prio_mem_r_rtl_0|altsyncram_isi1:auto_generated|ram_block1a24~portb_address_reg4  ; clk          ; clk         ; 10.000       ; -0.195     ; 9.291      ;
; 0.457   ; ld_wj_r[5]                                                                                       ; altsyncram:edge_span_r_rtl_0|altsyncram_kpi1:auto_generated|ram_block1a5~portb_address_reg2  ; clk          ; clk         ; 10.000       ; -0.590     ; 8.893      ;
; 0.468   ; altsyncram:edge_span_r_rtl_0|altsyncram_kpi1:auto_generated|ram_block1a0~PORT_B_WRITE_ENABLE_REG ; altsyncram:prio_mem_r_rtl_0|altsyncram_isi1:auto_generated|ram_block1a14~portb_address_reg10 ; clk          ; clk         ; 10.000       ; -1.663     ; 7.809      ;
; 0.470   ; altsyncram:edge_span_r_rtl_0|altsyncram_kpi1:auto_generated|ram_block1a0~PORT_B_WRITE_ENABLE_REG ; altsyncram:edge_key_r_rtl_0|altsyncram_esi1:auto_generated|ram_block1a0~portb_address_reg0   ; clk          ; clk         ; 10.000       ; -1.559     ; 7.911      ;
; 0.475   ; prio_mem_r_rtl_0_bypass[16]                                                                      ; altsyncram:edge_span_r_rtl_0|altsyncram_kpi1:auto_generated|ram_block1a5~CLOCK0_ENABLE0_0    ; clk          ; clk         ; 10.000       ; -0.857     ; 8.608      ;
; 0.480   ; ld_wj_r[5]                                                                                       ; altsyncram:prio_mem_r_rtl_0|altsyncram_isi1:auto_generated|ram_block1a2~portb_address_reg2   ; clk          ; clk         ; 10.000       ; -0.609     ; 8.851      ;
; 0.481   ; ld_wj_r[5]                                                                                       ; altsyncram:edge_key_r_rtl_0|altsyncram_esi1:auto_generated|ram_block1a0~portb_address_reg8   ; clk          ; clk         ; 10.000       ; -0.636     ; 8.823      ;
; 0.481   ; sc_ci_r[2]~DUPLICATE                                                                             ; altsyncram:prio_mem_r_rtl_0|altsyncram_isi1:auto_generated|ram_block1a14~portb_address_reg9  ; clk          ; clk         ; 10.000       ; -0.186     ; 9.273      ;
; 0.492   ; sc_ci_r[2]~DUPLICATE                                                                             ; altsyncram:edge_key_r_rtl_0|altsyncram_esi1:auto_generated|ram_block1a0~portb_address_reg4   ; clk          ; clk         ; 10.000       ; -0.177     ; 9.271      ;
; 0.499   ; ld_wj_r[5]                                                                                       ; altsyncram:prio_mem_r_rtl_0|altsyncram_isi1:auto_generated|ram_block1a24~portb_address_reg1  ; clk          ; clk         ; 10.000       ; -0.607     ; 8.834      ;
; 0.507   ; ld_wj_r[5]                                                                                       ; altsyncram:edge_key_r_rtl_0|altsyncram_esi1:auto_generated|ram_block1a0~portb_address_reg1   ; clk          ; clk         ; 10.000       ; -0.589     ; 8.844      ;
; 0.532   ; prio_mem_r_rtl_0_bypass[16]                                                                      ; altsyncram:edge_key_r_rtl_0|altsyncram_esi1:auto_generated|ram_block1a4~porta_we_reg         ; clk          ; clk         ; 10.000       ; 0.382      ; 9.790      ;
; 0.534   ; altsyncram:edge_span_r_rtl_0|altsyncram_kpi1:auto_generated|ram_block1a0~PORT_B_WRITE_ENABLE_REG ; altsyncram:prio_mem_r_rtl_0|altsyncram_isi1:auto_generated|ram_block1a24~portb_address_reg10 ; clk          ; clk         ; 10.000       ; -1.680     ; 7.726      ;
; 0.536   ; ld_wj_r[5]                                                                                       ; altsyncram:prio_mem_r_rtl_0|altsyncram_isi1:auto_generated|ram_block1a14~portb_address_reg2  ; clk          ; clk         ; 10.000       ; -0.591     ; 8.813      ;
; 0.538   ; sc_ci_r[2]~DUPLICATE                                                                             ; altsyncram:edge_key_r_rtl_0|altsyncram_esi1:auto_generated|ram_block1a0~portb_address_reg9   ; clk          ; clk         ; 10.000       ; -0.185     ; 9.217      ;
; 0.548   ; sc_ci_r[2]~DUPLICATE                                                                             ; edge_key_r_rtl_0_bypass[2]                                                                   ; clk          ; clk         ; 10.000       ; -0.501     ; 8.891      ;
; 0.565   ; sc_ci_r[2]~DUPLICATE                                                                             ; prio_mem_r_rtl_0_bypass[18]                                                                  ; clk          ; clk         ; 10.000       ; -0.506     ; 8.869      ;
; 0.579   ; ld_wj_r[5]                                                                                       ; altsyncram:prio_mem_r_rtl_0|altsyncram_isi1:auto_generated|ram_block1a24~portb_address_reg2  ; clk          ; clk         ; 10.000       ; -0.608     ; 8.753      ;
; 0.585   ; sc_ci_r[2]~DUPLICATE                                                                             ; prio_mem_r_rtl_0_bypass[6]                                                                   ; clk          ; clk         ; 10.000       ; -0.510     ; 8.845      ;
; 0.586   ; sc_ci_r[2]~DUPLICATE                                                                             ; edge_key_r_rtl_0_bypass[6]                                                                   ; clk          ; clk         ; 10.000       ; -0.510     ; 8.844      ;
; 0.606   ; altsyncram:edge_span_r_rtl_0|altsyncram_kpi1:auto_generated|ram_block1a0~PORT_B_WRITE_ENABLE_REG ; altsyncram:edge_span_r_rtl_0|altsyncram_kpi1:auto_generated|ram_block1a5~portb_address_reg10 ; clk          ; clk         ; 10.000       ; -1.662     ; 7.672      ;
; 0.610   ; prio_mem_r_rtl_0_bypass[16]                                                                      ; altsyncram:edge_key_r_rtl_0|altsyncram_esi1:auto_generated|ram_block1a4~CLOCK0_ENABLE0_0     ; clk          ; clk         ; 10.000       ; -0.857     ; 8.473      ;
; 0.615   ; ld_wj_r[5]                                                                                       ; altsyncram:edge_span_r_rtl_0|altsyncram_kpi1:auto_generated|ram_block1a5~portb_address_reg3  ; clk          ; clk         ; 10.000       ; -0.375     ; 8.950      ;
; 0.621   ; sc_ci_r[2]~DUPLICATE                                                                             ; edge_key_r_rtl_0_bypass[8]                                                                   ; clk          ; clk         ; 10.000       ; -0.510     ; 8.809      ;
; 0.625   ; sc_ci_r[2]~DUPLICATE                                                                             ; prio_mem_r_rtl_0_bypass[8]                                                                   ; clk          ; clk         ; 10.000       ; -0.510     ; 8.805      ;
; 0.628   ; prio_mem_r_rtl_0_bypass[16]                                                                      ; tie_left_r[10]                                                                               ; clk          ; clk         ; 10.000       ; -0.525     ; 8.787      ;
; 0.628   ; prio_mem_r_rtl_0_bypass[16]                                                                      ; tie_left_r[6]                                                                                ; clk          ; clk         ; 10.000       ; -0.525     ; 8.787      ;
; 0.629   ; prio_mem_r_rtl_0_bypass[16]                                                                      ; tie_left_r[8]                                                                                ; clk          ; clk         ; 10.000       ; -0.526     ; 8.785      ;
; 0.630   ; prio_mem_r_rtl_0_bypass[16]                                                                      ; tie_left_r[0]                                                                                ; clk          ; clk         ; 10.000       ; -0.523     ; 8.787      ;
; 0.630   ; prio_mem_r_rtl_0_bypass[16]                                                                      ; tie_left_r[9]                                                                                ; clk          ; clk         ; 10.000       ; -0.524     ; 8.786      ;
; 0.630   ; prio_mem_r_rtl_0_bypass[16]                                                                      ; tie_left_r[7]                                                                                ; clk          ; clk         ; 10.000       ; -0.524     ; 8.786      ;
; 0.630   ; prio_mem_r_rtl_0_bypass[16]                                                                      ; tie_left_r[3]                                                                                ; clk          ; clk         ; 10.000       ; -0.523     ; 8.787      ;
; 0.630   ; prio_mem_r_rtl_0_bypass[16]                                                                      ; tie_left_r[11]                                                                               ; clk          ; clk         ; 10.000       ; -0.524     ; 8.786      ;
; 0.630   ; prio_mem_r_rtl_0_bypass[16]                                                                      ; tie_left_r[11]~DUPLICATE                                                                     ; clk          ; clk         ; 10.000       ; -0.524     ; 8.786      ;
; 0.648   ; ld_wj_r[5]                                                                                       ; idx_r[1]                                                                                     ; clk          ; clk         ; 10.000       ; -0.583     ; 8.709      ;
; 0.650   ; ld_wj_r[5]                                                                                       ; prio_mem_r_rtl_0_bypass[4]                                                                   ; clk          ; clk         ; 10.000       ; -0.585     ; 8.705      ;
; 0.655   ; ld_wj_r[5]                                                                                       ; altsyncram:edge_key_r_rtl_0|altsyncram_esi1:auto_generated|ram_block1a4~portb_address_reg2   ; clk          ; clk         ; 10.000       ; -0.590     ; 8.695      ;
; 0.657   ; ld_wj_r[5]                                                                                       ; altsyncram:edge_key_r_rtl_0|altsyncram_esi1:auto_generated|ram_block1a0~portb_address_reg2   ; clk          ; clk         ; 10.000       ; -0.590     ; 8.693      ;
; 0.663   ; ld_wj_r[5]                                                                                       ; idx_r[1]~DUPLICATE                                                                           ; clk          ; clk         ; 10.000       ; -0.571     ; 8.706      ;
; 0.669   ; altsyncram:edge_span_r_rtl_0|altsyncram_kpi1:auto_generated|ram_block1a0~PORT_B_WRITE_ENABLE_REG ; altsyncram:edge_key_r_rtl_0|altsyncram_esi1:auto_generated|ram_block1a0~portb_address_reg10  ; clk          ; clk         ; 10.000       ; -1.662     ; 7.609      ;
; 0.685   ; ld_wj_r[5]                                                                                       ; altsyncram:prio_mem_r_rtl_0|altsyncram_isi1:auto_generated|ram_block1a24~portb_address_reg3  ; clk          ; clk         ; 10.000       ; -0.393     ; 8.862      ;
; 0.694   ; ld_wj_r[5]                                                                                       ; altsyncram:edge_key_r_rtl_0|altsyncram_esi1:auto_generated|ram_block1a4~portb_address_reg3   ; clk          ; clk         ; 10.000       ; -0.375     ; 8.871      ;
; 0.697   ; ld_wj_r[5]                                                                                       ; altsyncram:prio_mem_r_rtl_0|altsyncram_isi1:auto_generated|ram_block1a14~portb_address_reg3  ; clk          ; clk         ; 10.000       ; -0.376     ; 8.867      ;
; 0.716   ; altsyncram:prio_mem_r_rtl_0|altsyncram_isi1:auto_generated|ram_block1a9~PORT_B_WRITE_ENABLE_REG  ; edge_key_r_rtl_0_bypass[0]                                                                   ; clk          ; clk         ; 10.000       ; -1.442     ; 7.782      ;
; 0.721   ; pg_cj_r[5]                                                                                       ; edge_cj_o[6]                                                                                 ; clk          ; clk         ; 10.000       ; -5.940     ; 3.279      ;
; 0.728   ; ld_wj_r[5]                                                                                       ; altsyncram:edge_key_r_rtl_0|altsyncram_esi1:auto_generated|ram_block1a0~portb_address_reg3   ; clk          ; clk         ; 10.000       ; -0.375     ; 8.837      ;
; 0.752   ; altsyncram:prio_mem_r_rtl_0|altsyncram_isi1:auto_generated|ram_block1a14~PORT_B_WRITE_ENABLE_REG ; edge_span_r_rtl_0_bypass[0]                                                                  ; clk          ; clk         ; 10.000       ; -1.463     ; 7.725      ;
; 0.768   ; sc_ci_r[2]~DUPLICATE                                                                             ; altsyncram:edge_span_r_rtl_0|altsyncram_kpi1:auto_generated|ram_block1a5~porta_address_reg2  ; clk          ; clk         ; 10.000       ; -0.113     ; 9.059      ;
; 0.811   ; vd_data_i[7]                                                                                     ; pr_va_r[7]                                                                                   ; clk          ; clk         ; 10.000       ; 3.215      ; 12.344     ;
; 0.838   ; altsyncram:edge_span_r_rtl_0|altsyncram_kpi1:auto_generated|ram_block1a0~PORT_B_WRITE_ENABLE_REG ; prio_mem_r_rtl_0_bypass[22]                                                                  ; clk          ; clk         ; 10.000       ; -1.557     ; 7.545      ;
; 0.858   ; edge_key_r_rtl_0_bypass[10]                                                                      ; run_mem_r~17                                                                                 ; clk          ; clk         ; 10.000       ; -0.501     ; 8.581      ;
; 0.858   ; edge_key_r_rtl_0_bypass[10]                                                                      ; run_mem_r~3                                                                                  ; clk          ; clk         ; 10.000       ; -0.500     ; 8.582      ;
; 0.858   ; edge_key_r_rtl_0_bypass[10]                                                                      ; run_mem_r~5                                                                                  ; clk          ; clk         ; 10.000       ; -0.500     ; 8.582      ;
; 0.889   ; pg_ci_r[3]                                                                                       ; edge_ci_o[12]                                                                                ; clk          ; clk         ; 10.000       ; -5.933     ; 3.118      ;
; 0.908   ; edge_key_r_rtl_0_bypass[10]                                                                      ; run_mem_r~14                                                                                 ; clk          ; clk         ; 10.000       ; -0.503     ; 8.529      ;
; 0.908   ; edge_key_r_rtl_0_bypass[10]                                                                      ; run_mem_r~8                                                                                  ; clk          ; clk         ; 10.000       ; -0.503     ; 8.529      ;
; 0.915   ; sc_ci_r[2]~DUPLICATE                                                                             ; edge_span_r_rtl_0_bypass[24]                                                                 ; clk          ; clk         ; 10.000       ; -0.510     ; 8.515      ;
; 0.917   ; altsyncram:prio_mem_r_rtl_0|altsyncram_isi1:auto_generated|ram_block1a14~PORT_B_WRITE_ENABLE_REG ; tie_left_r[4]                                                                                ; clk          ; clk         ; 10.000       ; -1.486     ; 7.537      ;
; 0.920   ; altsyncram:prio_mem_r_rtl_0|altsyncram_isi1:auto_generated|ram_block1a14~PORT_B_WRITE_ENABLE_REG ; tie_left_r[2]                                                                                ; clk          ; clk         ; 10.000       ; -1.481     ; 7.539      ;
; 0.921   ; altsyncram:prio_mem_r_rtl_0|altsyncram_isi1:auto_generated|ram_block1a14~PORT_B_WRITE_ENABLE_REG ; tie_left_r[5]                                                                                ; clk          ; clk         ; 10.000       ; -1.482     ; 7.537      ;
; 0.921   ; altsyncram:prio_mem_r_rtl_0|altsyncram_isi1:auto_generated|ram_block1a14~PORT_B_WRITE_ENABLE_REG ; tie_left_r[1]                                                                                ; clk          ; clk         ; 10.000       ; -1.482     ; 7.537      ;
; 0.922   ; sc_ci_r[2]~DUPLICATE                                                                             ; edge_span_r_rtl_0_bypass[24]~DUPLICATE                                                       ; clk          ; clk         ; 10.000       ; -0.506     ; 8.512      ;
; 0.929   ; edge_key_r_rtl_0_bypass[10]                                                                      ; run_mem_r~13                                                                                 ; clk          ; clk         ; 10.000       ; -0.509     ; 8.502      ;
; 0.947   ; ld_wj_r[5]                                                                                       ; idx_r[2]                                                                                     ; clk          ; clk         ; 10.000       ; -0.570     ; 8.423      ;
; 0.947   ; pg_ci_r[3]                                                                                       ; edge_ci_o[15]                                                                                ; clk          ; clk         ; 10.000       ; -5.933     ; 3.060      ;
; 0.953   ; ld_wj_r[5]                                                                                       ; idx_r[2]~DUPLICATE                                                                           ; clk          ; clk         ; 10.000       ; -0.566     ; 8.421      ;
; 1.004   ; sc_ci_r[2]~DUPLICATE                                                                             ; idx_r[11]                                                                                    ; clk          ; clk         ; 10.000       ; -0.134     ; 8.802      ;
; 1.030   ; pg_ci_r[3]                                                                                       ; edge_ci_o[6]                                                                                 ; clk          ; clk         ; 10.000       ; -5.933     ; 2.977      ;
; 1.033   ; pg_cj_r[5]                                                                                       ; edge_cj_o[10]                                                                                ; clk          ; clk         ; 10.000       ; -5.940     ; 2.967      ;
; 1.053   ; edge_key_r_rtl_0_bypass[10]                                                                      ; runs_r[6]                                                                                    ; clk          ; clk         ; 10.000       ; -0.511     ; 8.376      ;
; 1.053   ; edge_key_r_rtl_0_bypass[10]                                                                      ; runs_r[2]                                                                                    ; clk          ; clk         ; 10.000       ; -0.511     ; 8.376      ;
; 1.053   ; edge_key_r_rtl_0_bypass[10]                                                                      ; runs_r[10]                                                                                   ; clk          ; clk         ; 10.000       ; -0.511     ; 8.376      ;
; 1.054   ; edge_key_r_rtl_0_bypass[10]                                                                      ; runs_r[7]                                                                                    ; clk          ; clk         ; 10.000       ; -0.512     ; 8.374      ;
; 1.054   ; edge_key_r_rtl_0_bypass[10]                                                                      ; runs_r[3]~DUPLICATE                                                                          ; clk          ; clk         ; 10.000       ; -0.512     ; 8.374      ;
; 1.054   ; edge_key_r_rtl_0_bypass[10]                                                                      ; runs_r[5]~DUPLICATE                                                                          ; clk          ; clk         ; 10.000       ; -0.512     ; 8.374      ;
; 1.054   ; edge_key_r_rtl_0_bypass[10]                                                                      ; runs_r[9]~DUPLICATE                                                                          ; clk          ; clk         ; 10.000       ; -0.512     ; 8.374      ;
; 1.054   ; edge_key_r_rtl_0_bypass[10]                                                                      ; runs_r[1]                                                                                    ; clk          ; clk         ; 10.000       ; -0.512     ; 8.374      ;
; 1.054   ; sc_ci_r[2]~DUPLICATE                                                                             ; prio_mem_r_rtl_0_bypass[2]                                                                   ; clk          ; clk         ; 10.000       ; -0.506     ; 8.380      ;
; 1.061   ; edge_key_r_rtl_0_bypass[10]                                                                      ; runs_r[5]                                                                                    ; clk          ; clk         ; 10.000       ; -0.505     ; 8.374      ;
; 1.061   ; edge_key_r_rtl_0_bypass[10]                                                                      ; runs_r[4]                                                                                    ; clk          ; clk         ; 10.000       ; -0.507     ; 8.372      ;
; 1.061   ; edge_key_r_rtl_0_bypass[10]                                                                      ; runs_r[1]~DUPLICATE                                                                          ; clk          ; clk         ; 10.000       ; -0.505     ; 8.374      ;
; 1.061   ; edge_key_r_rtl_0_bypass[10]                                                                      ; runs_r[0]                                                                                    ; clk          ; clk         ; 10.000       ; -0.507     ; 8.372      ;
; 1.061   ; edge_key_r_rtl_0_bypass[10]                                                                      ; runs_r[6]~DUPLICATE                                                                          ; clk          ; clk         ; 10.000       ; -0.507     ; 8.372      ;
; 1.061   ; edge_key_r_rtl_0_bypass[10]                                                                      ; runs_r[8]                                                                                    ; clk          ; clk         ; 10.000       ; -0.507     ; 8.372      ;
; 1.061   ; edge_key_r_rtl_0_bypass[10]                                                                      ; runs_r[9]                                                                                    ; clk          ; clk         ; 10.000       ; -0.505     ; 8.374      ;
; 1.061   ; edge_key_r_rtl_0_bypass[10]                                                                      ; runs_r[2]~DUPLICATE                                                                          ; clk          ; clk         ; 10.000       ; -0.507     ; 8.372      ;
; 1.061   ; edge_key_r_rtl_0_bypass[10]                                                                      ; runs_r[3]                                                                                    ; clk          ; clk         ; 10.000       ; -0.505     ; 8.374      ;
; 1.087   ; altsyncram:edge_key_r_rtl_0|altsyncram_esi1:auto_generated|ram_block1a5~PORT_B_WRITE_ENABLE_REG  ; altsyncram:run_mem_r_rtl_0|altsyncram_8si1:auto_generated|ram_block1a6~porta_we_reg          ; clk          ; clk         ; 10.000       ; -0.652     ; 8.201      ;
; 1.095   ; pg_cj_r[5]                                                                                       ; edge_cj_o[15]                                                                                ; clk          ; clk         ; 10.000       ; -5.940     ; 2.905      ;
; 1.117   ; sc_ci_r[2]~DUPLICATE                                                                             ; altsyncram:edge_key_r_rtl_0|altsyncram_esi1:auto_generated|ram_block1a5~porta_address_reg0   ; clk          ; clk         ; 10.000       ; -0.469     ; 8.354      ;
; 1.143   ; pg_cj_r[5]                                                                                       ; edge_cj_o[13]                                                                                ; clk          ; clk         ; 10.000       ; -5.940     ; 2.857      ;
; 1.152   ; pg_ci_r[3]                                                                                       ; edge_ci_o[4]                                                                                 ; clk          ; clk         ; 10.000       ; -5.933     ; 2.855      ;
; 1.177   ; pg_cj_r[5]                                                                                       ; edge_cj_o[11]                                                                                ; clk          ; clk         ; 10.000       ; -5.940     ; 2.823      ;
; 1.204   ; altsyncram:edge_key_r_rtl_0|altsyncram_esi1:auto_generated|ram_block1a5~PORT_B_WRITE_ENABLE_REG  ; altsyncram:run_mem_r_rtl_0|altsyncram_8si1:auto_generated|ram_block1a6~CLOCK0_ENABLE0_0      ; clk          ; clk         ; 10.000       ; -1.891     ; 6.845      ;
; 1.261   ; altsyncram:edge_key_r_rtl_0|altsyncram_esi1:auto_generated|ram_block1a4~PORT_B_WRITE_ENABLE_REG  ; rstart_r[6]                                                                                  ; clk          ; clk         ; 10.000       ; -1.124     ; 7.555      ;
; 1.268   ; altsyncram:edge_key_r_rtl_0|altsyncram_esi1:auto_generated|ram_block1a4~PORT_B_WRITE_ENABLE_REG  ; rstart_r[2]                                                                                  ; clk          ; clk         ; 10.000       ; -1.119     ; 7.553      ;
; 1.268   ; altsyncram:edge_key_r_rtl_0|altsyncram_esi1:auto_generated|ram_block1a4~PORT_B_WRITE_ENABLE_REG  ; rstart_r[0]                                                                                  ; clk          ; clk         ; 10.000       ; -1.119     ; 7.553      ;
; 1.277   ; pg_ci_r[3]                                                                                       ; edge_ci_o[14]                                                                                ; clk          ; clk         ; 10.000       ; -5.933     ; 2.730      ;
; 1.289   ; pg_ci_r[3]                                                                                       ; edge_ci_o[11]                                                                                ; clk          ; clk         ; 10.000       ; -5.933     ; 2.718      ;
; 1.295   ; pg_cj_r[5]                                                                                       ; edge_cj_o[9]                                                                                 ; clk          ; clk         ; 10.000       ; -5.940     ; 2.705      ;
; 1.296   ; pg_ci_r[3]                                                                                       ; edge_ci_o[5]                                                                                 ; clk          ; clk         ; 10.000       ; -5.933     ; 2.711      ;
; 1.304   ; altsyncram:edge_key_r_rtl_0|altsyncram_esi1:auto_generated|ram_block1a5~PORT_B_WRITE_ENABLE_REG  ; altsyncram:run_mem_r_rtl_0|altsyncram_8si1:auto_generated|ram_block1a0~porta_we_reg          ; clk          ; clk         ; 10.000       ; -0.652     ; 7.984      ;
; 1.307   ; altsyncram:edge_key_r_rtl_0|altsyncram_esi1:auto_generated|ram_block1a4~PORT_B_WRITE_ENABLE_REG  ; rstart_r[3]                                                                                  ; clk          ; clk         ; 10.000       ; -1.101     ; 7.532      ;
; 1.307   ; altsyncram:edge_key_r_rtl_0|altsyncram_esi1:auto_generated|ram_block1a4~PORT_B_WRITE_ENABLE_REG  ; rstart_r[4]                                                                                  ; clk          ; clk         ; 10.000       ; -1.101     ; 7.532      ;
; 1.308   ; altsyncram:edge_key_r_rtl_0|altsyncram_esi1:auto_generated|ram_block1a4~PORT_B_WRITE_ENABLE_REG  ; rstart_r[5]                                                                                  ; clk          ; clk         ; 10.000       ; -1.106     ; 7.526      ;
; 1.318   ; sc_ci_r[2]~DUPLICATE                                                                             ; altsyncram:edge_key_r_rtl_0|altsyncram_esi1:auto_generated|ram_block1a5~porta_address_reg5   ; clk          ; clk         ; 10.000       ; -0.517     ; 8.105      ;
; 1.329   ; edge_key_r_rtl_0_bypass[10]                                                                      ; run_mem_r~10                                                                                 ; clk          ; clk         ; 10.000       ; -0.502     ; 8.109      ;
; 1.329   ; edge_key_r_rtl_0_bypass[10]                                                                      ; run_mem_r~15                                                                                 ; clk          ; clk         ; 10.000       ; -0.504     ; 8.107      ;
; 1.329   ; edge_key_r_rtl_0_bypass[10]                                                                      ; run_mem_r~12                                                                                 ; clk          ; clk         ; 10.000       ; -0.504     ; 8.107      ;
; 1.329   ; edge_key_r_rtl_0_bypass[10]                                                                      ; run_mem_r~7                                                                                  ; clk          ; clk         ; 10.000       ; -0.504     ; 8.107      ;
; 1.329   ; edge_key_r_rtl_0_bypass[10]                                                                      ; run_mem_r~9                                                                                  ; clk          ; clk         ; 10.000       ; -0.504     ; 8.107      ;
; 1.329   ; edge_key_r_rtl_0_bypass[10]                                                                      ; run_mem_r~6                                                                                  ; clk          ; clk         ; 10.000       ; -0.504     ; 8.107      ;
; 1.330   ; sc_ci_r[2]~DUPLICATE                                                                             ; altsyncram:edge_key_r_rtl_0|altsyncram_esi1:auto_generated|ram_block1a5~porta_address_reg2   ; clk          ; clk         ; 10.000       ; -0.471     ; 8.139      ;
; 1.336   ; edge_key_r_rtl_0_bypass[10]                                                                      ; run_mem_r~4                                                                                  ; clk          ; clk         ; 10.000       ; -0.497     ; 8.107      ;
; 1.337   ; edge_key_r_rtl_0_bypass[10]                                                                      ; run_mem_r~1                                                                                  ; clk          ; clk         ; 10.000       ; -0.498     ; 8.105      ;
; 1.337   ; edge_key_r_rtl_0_bypass[10]                                                                      ; run_mem_r~16                                                                                 ; clk          ; clk         ; 10.000       ; -0.498     ; 8.105      ;
; 1.337   ; edge_key_r_rtl_0_bypass[10]                                                                      ; run_mem_r~11                                                                                 ; clk          ; clk         ; 10.000       ; -0.498     ; 8.105      ;
; 1.337   ; edge_key_r_rtl_0_bypass[10]                                                                      ; run_mem_r~2                                                                                  ; clk          ; clk         ; 10.000       ; -0.498     ; 8.105      ;
; 1.344   ; pg_cj_r[3]                                                                                       ; edge_cj_o[3]                                                                                 ; clk          ; clk         ; 10.000       ; -5.915     ; 2.681      ;
; 1.348   ; pg_cj_r[5]                                                                                       ; edge_cj_o[7]                                                                                 ; clk          ; clk         ; 10.000       ; -5.940     ; 2.652      ;
; 1.367   ; pg_ci_r[3]                                                                                       ; edge_ci_o[10]                                                                                ; clk          ; clk         ; 10.000       ; -5.933     ; 2.640      ;
; 1.367   ; pg_cj_r[1]                                                                                       ; edge_cj_o[2]                                                                                 ; clk          ; clk         ; 10.000       ; -5.913     ; 2.660      ;
; 1.380   ; sc_ci_r[2]~DUPLICATE                                                                             ; altsyncram:edge_span_r_rtl_0|altsyncram_kpi1:auto_generated|ram_block1a5~porta_address_reg1  ; clk          ; clk         ; 10.000       ; -0.110     ; 8.450      ;
; 1.398   ; pg_ci_r[0]                                                                                       ; edge_ci_o[2]                                                                                 ; clk          ; clk         ; 10.000       ; -5.924     ; 2.618      ;
; 1.425   ; altsyncram:edge_key_r_rtl_0|altsyncram_esi1:auto_generated|ram_block1a5~PORT_B_WRITE_ENABLE_REG  ; altsyncram:run_mem_r_rtl_0|altsyncram_8si1:auto_generated|ram_block1a0~CLOCK0_ENABLE0_0      ; clk          ; clk         ; 10.000       ; -1.891     ; 6.624      ;
; 1.434   ; sc_ci_r[2]~DUPLICATE                                                                             ; altsyncram:edge_key_r_rtl_0|altsyncram_esi1:auto_generated|ram_block1a5~porta_address_reg6   ; clk          ; clk         ; 10.000       ; -0.520     ; 7.986      ;
; 1.462   ; sc_ci_r[2]~DUPLICATE                                                                             ; altsyncram:edge_span_r_rtl_0|altsyncram_kpi1:auto_generated|ram_block1a5~porta_address_reg9  ; clk          ; clk         ; 10.000       ; -0.160     ; 8.318      ;
; 1.477   ; pg_ci_r[3]                                                                                       ; edge_ci_o[8]                                                                                 ; clk          ; clk         ; 10.000       ; -5.933     ; 2.530      ;
; 1.486   ; sc_ci_r[4]                                                                                       ; edge_span_r_rtl_0_bypass[1]                                                                  ; clk          ; clk         ; 10.000       ; -0.457     ; 7.997      ;
; 1.486   ; pg_ci_r[3]                                                                                       ; edge_ci_o[13]                                                                                ; clk          ; clk         ; 10.000       ; -5.933     ; 2.521      ;
; 1.489   ; sc_ci_r[2]~DUPLICATE                                                                             ; altsyncram:edge_key_r_rtl_0|altsyncram_esi1:auto_generated|ram_block1a5~porta_address_reg1   ; clk          ; clk         ; 10.000       ; -0.468     ; 7.983      ;
; 1.489   ; pg_ci_r[3]                                                                                       ; edge_ci_o[3]                                                                                 ; clk          ; clk         ; 10.000       ; -5.933     ; 2.518      ;
; 1.508   ; sc_ci_r[2]~DUPLICATE                                                                             ; altsyncram:edge_span_r_rtl_0|altsyncram_kpi1:auto_generated|ram_block1a5~porta_address_reg5  ; clk          ; clk         ; 10.000       ; -0.159     ; 8.273      ;
; 1.517   ; sc_ci_r[2]~DUPLICATE                                                                             ; edge_key_r_rtl_0_bypass[31]                                                                  ; clk          ; clk         ; 10.000       ; -0.488     ; 7.935      ;
; 1.523   ; sc_ci_r[2]~DUPLICATE                                                                             ; edge_key_r_rtl_0_bypass[24]                                                                  ; clk          ; clk         ; 10.000       ; -0.085     ; 8.332      ;
; 1.529   ; sc_ci_r[2]~DUPLICATE                                                                             ; edge_span_r_rtl_0_bypass[11]                                                                 ; clk          ; clk         ; 10.000       ; -0.455     ; 7.956      ;
; 1.551   ; altsyncram:edge_key_r_rtl_0|altsyncram_esi1:auto_generated|ram_block1a4~PORT_B_WRITE_ENABLE_REG  ; run_first_r[15]                                                                              ; clk          ; clk         ; 10.000       ; -1.085     ; 7.304      ;
; 1.553   ; st_r.StCompact~DUPLICATE                                                                         ; vd_en_o                                                                                      ; clk          ; clk         ; 10.000       ; -5.914     ; 2.473      ;
; 1.558   ; sc_ci_r[2]~DUPLICATE                                                                             ; edge_span_r_rtl_0_bypass[9]                                                                  ; clk          ; clk         ; 10.000       ; -0.450     ; 7.932      ;
; 1.565   ; sc_ci_r[2]~DUPLICATE                                                                             ; altsyncram:edge_span_r_rtl_0|altsyncram_kpi1:auto_generated|ram_block1a5~porta_address_reg8  ; clk          ; clk         ; 10.000       ; -0.157     ; 8.218      ;
; 1.573   ; sc_ci_r[2]~DUPLICATE                                                                             ; altsyncram:edge_key_r_rtl_0|altsyncram_esi1:auto_generated|ram_block1a5~porta_address_reg3   ; clk          ; clk         ; 10.000       ; -0.254     ; 8.113      ;
; 1.573   ; sc_ci_r[2]~DUPLICATE                                                                             ; altsyncram:edge_span_r_rtl_0|altsyncram_kpi1:auto_generated|ram_block1a0~porta_address_reg1  ; clk          ; clk         ; 10.000       ; -0.449     ; 7.918      ;
; 1.580   ; sc_ci_r[2]~DUPLICATE                                                                             ; altsyncram:edge_span_r_rtl_0|altsyncram_kpi1:auto_generated|ram_block1a0~porta_address_reg2  ; clk          ; clk         ; 10.000       ; -0.452     ; 7.908      ;
; 1.583   ; sc_ci_r[2]~DUPLICATE                                                                             ; altsyncram:edge_key_r_rtl_0|altsyncram_esi1:auto_generated|ram_block1a0~porta_datain_reg4    ; clk          ; clk         ; 10.000       ; -0.113     ; 8.244      ;
; 1.587   ; sc_ci_r[2]~DUPLICATE                                                                             ; altsyncram:edge_key_r_rtl_0|altsyncram_esi1:auto_generated|ram_block1a5~porta_address_reg4   ; clk          ; clk         ; 10.000       ; -0.518     ; 7.835      ;
; 1.590   ; altsyncram:edge_key_r_rtl_0|altsyncram_esi1:auto_generated|ram_block1a4~PORT_B_WRITE_ENABLE_REG  ; run_first_r[12]                                                                              ; clk          ; clk         ; 10.000       ; -1.100     ; 7.250      ;
; 1.590   ; altsyncram:edge_key_r_rtl_0|altsyncram_esi1:auto_generated|ram_block1a4~PORT_B_WRITE_ENABLE_REG  ; run_first_r[9]                                                                               ; clk          ; clk         ; 10.000       ; -1.100     ; 7.250      ;
; 1.591   ; altsyncram:edge_key_r_rtl_0|altsyncram_esi1:auto_generated|ram_block1a4~PORT_B_WRITE_ENABLE_REG  ; run_first_r[10]~DUPLICATE                                                                    ; clk          ; clk         ; 10.000       ; -1.101     ; 7.248      ;
; 1.591   ; altsyncram:edge_key_r_rtl_0|altsyncram_esi1:auto_generated|ram_block1a4~PORT_B_WRITE_ENABLE_REG  ; run_first_r[11]~DUPLICATE                                                                    ; clk          ; clk         ; 10.000       ; -1.101     ; 7.248      ;
; 1.598   ; altsyncram:edge_key_r_rtl_0|altsyncram_esi1:auto_generated|ram_block1a4~PORT_B_WRITE_ENABLE_REG  ; rstart_r[8]                                                                                  ; clk          ; clk         ; 10.000       ; -1.094     ; 7.248      ;
; 1.598   ; altsyncram:edge_key_r_rtl_0|altsyncram_esi1:auto_generated|ram_block1a4~PORT_B_WRITE_ENABLE_REG  ; rstart_r[7]                                                                                  ; clk          ; clk         ; 10.000       ; -1.094     ; 7.248      ;
; 1.598   ; altsyncram:edge_key_r_rtl_0|altsyncram_esi1:auto_generated|ram_block1a4~PORT_B_WRITE_ENABLE_REG  ; run_first_r[8]                                                                               ; clk          ; clk         ; 10.000       ; -1.094     ; 7.248      ;
; 1.598   ; altsyncram:edge_key_r_rtl_0|altsyncram_esi1:auto_generated|ram_block1a4~PORT_B_WRITE_ENABLE_REG  ; run_first_r[10]                                                                              ; clk          ; clk         ; 10.000       ; -1.094     ; 7.248      ;
; 1.598   ; altsyncram:edge_key_r_rtl_0|altsyncram_esi1:auto_generated|ram_block1a4~PORT_B_WRITE_ENABLE_REG  ; run_first_r[11]                                                                              ; clk          ; clk         ; 10.000       ; -1.094     ; 7.248      ;
; 1.606   ; sc_ci_r[2]~DUPLICATE                                                                             ; altsyncram:edge_span_r_rtl_0|altsyncram_kpi1:auto_generated|ram_block1a5~porta_address_reg3  ; clk          ; clk         ; 10.000       ; 0.104      ; 8.438      ;
; 1.617   ; pg_ci_r[3]                                                                                       ; edge_ci_o[9]                                                                                 ; clk          ; clk         ; 10.000       ; -5.933     ; 2.390      ;
; 1.618   ; sc_ci_r[2]~DUPLICATE                                                                             ; altsyncram:edge_span_r_rtl_0|altsyncram_kpi1:auto_generated|ram_block1a5~porta_address_reg0  ; clk          ; clk         ; 10.000       ; -0.111     ; 8.211      ;
; 1.628   ; sc_ci_r[2]~DUPLICATE                                                                             ; edge_span_r_rtl_0_bypass[19]                                                                 ; clk          ; clk         ; 10.000       ; -0.436     ; 7.876      ;
; 1.642   ; emit_live_r                                                                                      ; edge_valid_o                                                                                 ; clk          ; clk         ; 10.000       ; -5.914     ; 2.384      ;
; 1.645   ; sc_ci_r[2]~DUPLICATE                                                                             ; altsyncram:edge_span_r_rtl_0|altsyncram_kpi1:auto_generated|ram_block1a5~porta_address_reg7  ; clk          ; clk         ; 10.000       ; -0.160     ; 8.135      ;
; 1.656   ; sc_ci_r[3]~DUPLICATE                                                                             ; sc_cj_r[5]                                                                                   ; clk          ; clk         ; 10.000       ; -0.431     ; 7.853      ;
; 1.656   ; pg_ci_r[0]                                                                                       ; edge_ci_o[0]                                                                                 ; clk          ; clk         ; 10.000       ; -5.924     ; 2.360      ;
; 1.657   ; pg_ci_r[0]                                                                                       ; edge_ci_o[1]                                                                                 ; clk          ; clk         ; 10.000       ; -5.924     ; 2.359      ;
; 1.667   ; sc_ci_r[2]~DUPLICATE                                                                             ; altsyncram:edge_key_r_rtl_0|altsyncram_esi1:auto_generated|ram_block1a5~porta_address_reg8   ; clk          ; clk         ; 10.000       ; -0.515     ; 7.758      ;
; 1.668   ; sc_ci_r[2]~DUPLICATE                                                                             ; altsyncram:edge_span_r_rtl_0|altsyncram_kpi1:auto_generated|ram_block1a5~porta_address_reg10 ; clk          ; clk         ; 10.000       ; -0.158     ; 8.114      ;
; 1.671   ; pg_ci_r[7]                                                                                       ; edge_ci_o[7]                                                                                 ; clk          ; clk         ; 10.000       ; -5.933     ; 2.336      ;
; 1.678   ; sc_ci_r[2]~DUPLICATE                                                                             ; altsyncram:edge_span_r_rtl_0|altsyncram_kpi1:auto_generated|ram_block1a5~porta_address_reg4  ; clk          ; clk         ; 10.000       ; -0.160     ; 8.102      ;
; 1.683   ; sc_ci_r[2]~DUPLICATE                                                                             ; altsyncram:edge_key_r_rtl_0|altsyncram_esi1:auto_generated|ram_block1a5~porta_address_reg10  ; clk          ; clk         ; 10.000       ; -0.516     ; 7.741      ;
; 1.683   ; sc_ci_r[2]~DUPLICATE                                                                             ; altsyncram:edge_span_r_rtl_0|altsyncram_kpi1:auto_generated|ram_block1a0~porta_address_reg0  ; clk          ; clk         ; 10.000       ; -0.450     ; 7.807      ;
; 1.685   ; sc_ci_r[2]~DUPLICATE                                                                             ; altsyncram:edge_span_r_rtl_0|altsyncram_kpi1:auto_generated|ram_block1a5~porta_address_reg6  ; clk          ; clk         ; 10.000       ; -0.162     ; 8.093      ;
; 1.689   ; triangles_submitted_o[25]~reg0                                                                   ; triangles_submitted_o[2]~reg0                                                                ; clk          ; clk         ; 10.000       ; -0.433     ; 7.818      ;
; 1.689   ; triangles_submitted_o[25]~reg0                                                                   ; triangles_submitted_o[4]~reg0                                                                ; clk          ; clk         ; 10.000       ; -0.433     ; 7.818      ;
; 1.689   ; triangles_submitted_o[25]~reg0                                                                   ; triangles_submitted_o[6]~reg0                                                                ; clk          ; clk         ; 10.000       ; -0.433     ; 7.818      ;
; 1.689   ; triangles_submitted_o[25]~reg0                                                                   ; triangles_submitted_o[8]~reg0                                                                ; clk          ; clk         ; 10.000       ; -0.433     ; 7.818      ;
; 1.689   ; triangles_submitted_o[25]~reg0                                                                   ; triangles_submitted_o[12]~reg0                                                               ; clk          ; clk         ; 10.000       ; -0.433     ; 7.818      ;
; 1.689   ; triangles_submitted_o[25]~reg0                                                                   ; triangles_submitted_o[14]~reg0                                                               ; clk          ; clk         ; 10.000       ; -0.433     ; 7.818      ;
; 1.689   ; triangles_submitted_o[25]~reg0                                                                   ; triangles_submitted_o[18]~reg0                                                               ; clk          ; clk         ; 10.000       ; -0.433     ; 7.818      ;
; 1.689   ; triangles_submitted_o[25]~reg0                                                                   ; triangles_submitted_o[16]~reg0                                                               ; clk          ; clk         ; 10.000       ; -0.433     ; 7.818      ;
; 1.690   ; triangles_submitted_o[25]~reg0                                                                   ; triangles_submitted_o[3]~reg0                                                                ; clk          ; clk         ; 10.000       ; -0.431     ; 7.819      ;
; 1.690   ; triangles_submitted_o[25]~reg0                                                                   ; triangles_submitted_o[5]~reg0                                                                ; clk          ; clk         ; 10.000       ; -0.431     ; 7.819      ;
; 1.690   ; triangles_submitted_o[25]~reg0                                                                   ; triangles_submitted_o[9]~reg0DUPLICATE                                                       ; clk          ; clk         ; 10.000       ; -0.431     ; 7.819      ;
; 1.690   ; triangles_submitted_o[25]~reg0                                                                   ; triangles_submitted_o[10]~reg0                                                               ; clk          ; clk         ; 10.000       ; -0.429     ; 7.821      ;
; 1.690   ; triangles_submitted_o[25]~reg0                                                                   ; triangles_submitted_o[13]~reg0DUPLICATE                                                      ; clk          ; clk         ; 10.000       ; -0.431     ; 7.819      ;
; 1.690   ; triangles_submitted_o[25]~reg0                                                                   ; triangles_submitted_o[20]~reg0DUPLICATE                                                      ; clk          ; clk         ; 10.000       ; -0.429     ; 7.821      ;
; 1.690   ; triangles_submitted_o[25]~reg0                                                                   ; triangles_submitted_o[19]~reg0DUPLICATE                                                      ; clk          ; clk         ; 10.000       ; -0.431     ; 7.819      ;
; 1.690   ; triangles_submitted_o[25]~reg0                                                                   ; triangles_submitted_o[17]~reg0DUPLICATE                                                      ; clk          ; clk         ; 10.000       ; -0.431     ; 7.819      ;
; 1.690   ; triangles_submitted_o[25]~reg0                                                                   ; triangles_submitted_o[15]~reg0DUPLICATE                                                      ; clk          ; clk         ; 10.000       ; -0.431     ; 7.819      ;
; 1.691   ; triangles_submitted_o[25]~reg0                                                                   ; triangles_submitted_o[7]~reg0                                                                ; clk          ; clk         ; 10.000       ; -0.447     ; 7.802      ;
; 1.691   ; triangles_submitted_o[25]~reg0                                                                   ; triangles_submitted_o[6]~reg0DUPLICATE                                                       ; clk          ; clk         ; 10.000       ; -0.445     ; 7.804      ;
; 1.691   ; triangles_submitted_o[25]~reg0                                                                   ; triangles_submitted_o[5]~reg0DUPLICATE                                                       ; clk          ; clk         ; 10.000       ; -0.447     ; 7.802      ;
; 1.691   ; triangles_submitted_o[25]~reg0                                                                   ; triangles_submitted_o[8]~reg0DUPLICATE                                                       ; clk          ; clk         ; 10.000       ; -0.445     ; 7.804      ;
; 1.691   ; triangles_submitted_o[25]~reg0                                                                   ; triangles_submitted_o[10]~reg0DUPLICATE                                                      ; clk          ; clk         ; 10.000       ; -0.446     ; 7.803      ;
; 1.691   ; triangles_submitted_o[25]~reg0                                                                   ; triangles_submitted_o[13]~reg0                                                               ; clk          ; clk         ; 10.000       ; -0.447     ; 7.802      ;
; 1.691   ; triangles_submitted_o[25]~reg0                                                                   ; triangles_submitted_o[14]~reg0DUPLICATE                                                      ; clk          ; clk         ; 10.000       ; -0.445     ; 7.804      ;
; 1.691   ; triangles_submitted_o[25]~reg0                                                                   ; triangles_submitted_o[15]~reg0                                                               ; clk          ; clk         ; 10.000       ; -0.447     ; 7.802      ;
; 1.691   ; triangles_submitted_o[25]~reg0                                                                   ; triangles_submitted_o[19]~reg0                                                               ; clk          ; clk         ; 10.000       ; -0.447     ; 7.802      ;
; 1.691   ; triangles_submitted_o[25]~reg0                                                                   ; triangles_submitted_o[17]~reg0                                                               ; clk          ; clk         ; 10.000       ; -0.447     ; 7.802      ;
; 1.691   ; triangles_submitted_o[25]~reg0                                                                   ; triangles_submitted_o[9]~reg0                                                                ; clk          ; clk         ; 10.000       ; -0.447     ; 7.802      ;
; 1.691   ; triangles_submitted_o[25]~reg0                                                                   ; triangles_submitted_o[20]~reg0                                                               ; clk          ; clk         ; 10.000       ; -0.446     ; 7.803      ;
; 1.692   ; sc_ci_r[2]~DUPLICATE                                                                             ; altsyncram:edge_key_r_rtl_0|altsyncram_esi1:auto_generated|ram_block1a5~PORT_A_DATA_IN_15    ; clk          ; clk         ; 10.000       ; -0.450     ; 7.798      ;
; 1.692   ; triangles_submitted_o[25]~reg0                                                                   ; triangles_submitted_o[11]~reg0                                                               ; clk          ; clk         ; 10.000       ; -0.447     ; 7.801      ;
; 1.692   ; triangles_submitted_o[25]~reg0                                                                   ; triangles_submitted_o[21]~reg0                                                               ; clk          ; clk         ; 10.000       ; -0.447     ; 7.801      ;
; 1.696   ; pg_cj_r[1]                                                                                       ; edge_cj_o[1]                                                                                 ; clk          ; clk         ; 10.000       ; -5.913     ; 2.331      ;
; 1.704   ; sc_ci_r[2]~DUPLICATE                                                                             ; altsyncram:edge_key_r_rtl_0|altsyncram_esi1:auto_generated|ram_block1a5~PORT_A_DATA_IN_5     ; clk          ; clk         ; 10.000       ; -0.452     ; 7.784      ;
; 1.704   ; edge_key_r_rtl_0_bypass[10]                                                                      ; rlen_r[5]                                                                                    ; clk          ; clk         ; 10.000       ; -0.507     ; 7.729      ;
; 1.707   ; sc_ci_r[3]~DUPLICATE                                                                             ; sc_cj_r[3]                                                                                   ; clk          ; clk         ; 10.000       ; -0.451     ; 7.782      ;
; 1.707   ; edge_key_r_rtl_0_bypass[10]                                                                      ; rlen_r[2]                                                                                    ; clk          ; clk         ; 10.000       ; -0.503     ; 7.730      ;
; 1.708   ; sc_ci_r[3]~DUPLICATE                                                                             ; sc_cj_r[2]                                                                                   ; clk          ; clk         ; 10.000       ; -0.452     ; 7.780      ;
; 1.708   ; sc_ci_r[3]~DUPLICATE                                                                             ; sc_cj_r[0]                                                                                   ; clk          ; clk         ; 10.000       ; -0.455     ; 7.777      ;
; 1.708   ; sc_ci_r[3]~DUPLICATE                                                                             ; sc_cj_r[1]                                                                                   ; clk          ; clk         ; 10.000       ; -0.455     ; 7.777      ;
; 1.708   ; sc_ci_r[3]~DUPLICATE                                                                             ; sc_cj_r[2]~DUPLICATE                                                                         ; clk          ; clk         ; 10.000       ; -0.455     ; 7.777      ;
; 1.708   ; sc_ci_r[3]~DUPLICATE                                                                             ; sc_cj_r[4]                                                                                   ; clk          ; clk         ; 10.000       ; -0.455     ; 7.777      ;
; 1.711   ; edge_key_r_rtl_0_bypass[10]                                                                      ; rlen_r[1]                                                                                    ; clk          ; clk         ; 10.000       ; -0.503     ; 7.726      ;
; 1.712   ; edge_key_r_rtl_0_bypass[10]                                                                      ; rlen_r[3]                                                                                    ; clk          ; clk         ; 10.000       ; -0.503     ; 7.725      ;
; 1.715   ; sc_ci_r[2]~DUPLICATE                                                                             ; altsyncram:edge_key_r_rtl_0|altsyncram_esi1:auto_generated|ram_block1a5~porta_datain_reg0    ; clk          ; clk         ; 10.000       ; -0.460     ; 7.765      ;
; 1.719   ; sc_ci_r[2]~DUPLICATE                                                                             ; altsyncram:edge_key_r_rtl_0|altsyncram_esi1:auto_generated|ram_block1a5~PORT_A_DATA_IN_10    ; clk          ; clk         ; 10.000       ; -0.453     ; 7.768      ;
; 1.724   ; sc_ci_r[2]~DUPLICATE                                                                             ; altsyncram:edge_span_r_rtl_0|altsyncram_kpi1:auto_generated|ram_block1a0~porta_address_reg9  ; clk          ; clk         ; 10.000       ; -0.499     ; 7.717      ;
; 1.733   ; sc_ci_r[2]~DUPLICATE                                                                             ; altsyncram:edge_span_r_rtl_0|altsyncram_kpi1:auto_generated|ram_block1a0~porta_address_reg3  ; clk          ; clk         ; 10.000       ; -0.235     ; 7.972      ;
; 1.734   ; edge_key_r_rtl_0_bypass[10]                                                                      ; rlen_r[4]                                                                                    ; clk          ; clk         ; 10.000       ; -0.507     ; 7.699      ;
; 1.735   ; sc_ci_r[2]~DUPLICATE                                                                             ; altsyncram:edge_key_r_rtl_0|altsyncram_esi1:auto_generated|ram_block1a5~PORT_A_DATA_IN_6     ; clk          ; clk         ; 10.000       ; -0.456     ; 7.749      ;
; 1.752   ; sc_ci_r[2]~DUPLICATE                                                                             ; altsyncram:edge_span_r_rtl_0|altsyncram_kpi1:auto_generated|ram_block1a0~porta_address_reg10 ; clk          ; clk         ; 10.000       ; -0.497     ; 7.691      ;
; 1.754   ; sc_ci_r[2]~DUPLICATE                                                                             ; altsyncram:edge_key_r_rtl_0|altsyncram_esi1:auto_generated|ram_block1a0~PORT_A_DATA_IN_19    ; clk          ; clk         ; 10.000       ; -0.160     ; 8.026      ;
; 1.755   ; sc_ci_r[2]~DUPLICATE                                                                             ; altsyncram:edge_key_r_rtl_0|altsyncram_esi1:auto_generated|ram_block1a5~PORT_A_DATA_IN_16    ; clk          ; clk         ; 10.000       ; -0.457     ; 7.728      ;
; 1.757   ; sc_ci_r[2]~DUPLICATE                                                                             ; altsyncram:edge_span_r_rtl_0|altsyncram_kpi1:auto_generated|ram_block1a0~porta_address_reg6  ; clk          ; clk         ; 10.000       ; -0.501     ; 7.682      ;
; 1.758   ; sc_ci_r[2]~DUPLICATE                                                                             ; altsyncram:edge_key_r_rtl_0|altsyncram_esi1:auto_generated|ram_block1a5~porta_address_reg9   ; clk          ; clk         ; 10.000       ; -0.518     ; 7.664      ;
; 1.758   ; sc_ci_r[2]~DUPLICATE                                                                             ; altsyncram:edge_span_r_rtl_0|altsyncram_kpi1:auto_generated|ram_block1a0~porta_address_reg5  ; clk          ; clk         ; 10.000       ; -0.498     ; 7.684      ;
; 1.766   ; sc_ci_r[2]~DUPLICATE                                                                             ; altsyncram:edge_span_r_rtl_0|altsyncram_kpi1:auto_generated|ram_block1a0~porta_address_reg4  ; clk          ; clk         ; 10.000       ; -0.499     ; 7.675      ;
; 1.769   ; sc_ci_r[2]~DUPLICATE                                                                             ; altsyncram:edge_key_r_rtl_0|altsyncram_esi1:auto_generated|ram_block1a5~PORT_A_DATA_IN_11    ; clk          ; clk         ; 10.000       ; -0.454     ; 7.717      ;
; 1.773   ; altsyncram:edge_key_r_rtl_0|altsyncram_esi1:auto_generated|ram_block1a4~PORT_B_WRITE_ENABLE_REG  ; run_first_r[16]                                                                              ; clk          ; clk         ; 10.000       ; -1.093     ; 7.074      ;
; 1.774   ; altsyncram:edge_key_r_rtl_0|altsyncram_esi1:auto_generated|ram_block1a4~PORT_B_WRITE_ENABLE_REG  ; rstart_r[10]                                                                                 ; clk          ; clk         ; 10.000       ; -1.091     ; 7.075      ;
; 1.774   ; altsyncram:edge_key_r_rtl_0|altsyncram_esi1:auto_generated|ram_block1a4~PORT_B_WRITE_ENABLE_REG  ; run_first_r[17]                                                                              ; clk          ; clk         ; 10.000       ; -1.091     ; 7.075      ;
; 1.774   ; altsyncram:edge_key_r_rtl_0|altsyncram_esi1:auto_generated|ram_block1a4~PORT_B_WRITE_ENABLE_REG  ; run_first_r[14]                                                                              ; clk          ; clk         ; 10.000       ; -1.091     ; 7.075      ;
; 1.774   ; altsyncram:edge_key_r_rtl_0|altsyncram_esi1:auto_generated|ram_block1a4~PORT_B_WRITE_ENABLE_REG  ; run_first_r[7]                                                                               ; clk          ; clk         ; 10.000       ; -1.091     ; 7.075      ;
; 1.774   ; altsyncram:edge_key_r_rtl_0|altsyncram_esi1:auto_generated|ram_block1a4~PORT_B_WRITE_ENABLE_REG  ; run_first_r[13]                                                                              ; clk          ; clk         ; 10.000       ; -1.091     ; 7.075      ;
; 1.774   ; altsyncram:edge_key_r_rtl_0|altsyncram_esi1:auto_generated|ram_block1a4~PORT_B_WRITE_ENABLE_REG  ; run_first_r[6]                                                                               ; clk          ; clk         ; 10.000       ; -1.091     ; 7.075      ;
; 1.779   ; sc_ci_r[2]~DUPLICATE                                                                             ; altsyncram:edge_key_r_rtl_0|altsyncram_esi1:auto_generated|ram_block1a5~porta_datain_reg1    ; clk          ; clk         ; 10.000       ; -0.451     ; 7.710      ;
; 1.781   ; altsyncram:edge_key_r_rtl_0|altsyncram_esi1:auto_generated|ram_block1a4~PORT_B_WRITE_ENABLE_REG  ; rstart_r[9]                                                                                  ; clk          ; clk         ; 10.000       ; -1.086     ; 7.073      ;
; 1.781   ; altsyncram:edge_key_r_rtl_0|altsyncram_esi1:auto_generated|ram_block1a4~PORT_B_WRITE_ENABLE_REG  ; rstart_r[1]                                                                                  ; clk          ; clk         ; 10.000       ; -1.086     ; 7.073      ;
; 1.793   ; sc_ci_r[2]~DUPLICATE                                                                             ; altsyncram:edge_key_r_rtl_0|altsyncram_esi1:auto_generated|ram_block1a0~PORT_A_DATA_IN_9     ; clk          ; clk         ; 10.000       ; -0.115     ; 8.032      ;
; 1.793   ; sc_ci_r[2]~DUPLICATE                                                                             ; altsyncram:edge_span_r_rtl_0|altsyncram_kpi1:auto_generated|ram_block1a0~porta_address_reg8  ; clk          ; clk         ; 10.000       ; -0.496     ; 7.651      ;
; 1.799   ; sc_ci_r[2]~DUPLICATE                                                                             ; altsyncram:edge_key_r_rtl_0|altsyncram_esi1:auto_generated|ram_block1a0~PORT_A_DATA_IN_14    ; clk          ; clk         ; 10.000       ; -0.121     ; 8.020      ;
; 1.806   ; sc_ci_r[2]~DUPLICATE                                                                             ; altsyncram:edge_span_r_rtl_0|altsyncram_kpi1:auto_generated|ram_block1a0~porta_address_reg7  ; clk          ; clk         ; 10.000       ; -0.499     ; 7.635      ;
; 1.811   ; altsyncram:edge_span_r_rtl_0|altsyncram_kpi1:auto_generated|ram_block1a0~PORT_B_WRITE_ENABLE_REG ; walk_fault_o[5]~reg0                                                                         ; clk          ; clk         ; 10.000       ; -1.578     ; 6.551      ;
; 1.811   ; altsyncram:edge_span_r_rtl_0|altsyncram_kpi1:auto_generated|ram_block1a0~PORT_B_WRITE_ENABLE_REG ; walk_fault_o[4]~reg0                                                                         ; clk          ; clk         ; 10.000       ; -1.583     ; 6.546      ;
; 1.811   ; altsyncram:edge_span_r_rtl_0|altsyncram_kpi1:auto_generated|ram_block1a0~PORT_B_WRITE_ENABLE_REG ; walk_fault_o[2]~reg0                                                                         ; clk          ; clk         ; 10.000       ; -1.583     ; 6.546      ;
; 1.811   ; altsyncram:edge_span_r_rtl_0|altsyncram_kpi1:auto_generated|ram_block1a0~PORT_B_WRITE_ENABLE_REG ; walk_fault_o[7]~reg0                                                                         ; clk          ; clk         ; 10.000       ; -1.578     ; 6.551      ;
; 1.811   ; altsyncram:edge_span_r_rtl_0|altsyncram_kpi1:auto_generated|ram_block1a0~PORT_B_WRITE_ENABLE_REG ; walk_fault_o[6]~reg0                                                                         ; clk          ; clk         ; 10.000       ; -1.577     ; 6.552      ;
; 1.811   ; altsyncram:edge_span_r_rtl_0|altsyncram_kpi1:auto_generated|ram_block1a0~PORT_B_WRITE_ENABLE_REG ; walk_fault_o[2]~reg0DUPLICATE                                                                ; clk          ; clk         ; 10.000       ; -1.577     ; 6.552      ;
; 1.811   ; altsyncram:edge_span_r_rtl_0|altsyncram_kpi1:auto_generated|ram_block1a0~PORT_B_WRITE_ENABLE_REG ; walk_fault_o[3]~reg0DUPLICATE                                                                ; clk          ; clk         ; 10.000       ; -1.578     ; 6.551      ;
; 1.812   ; altsyncram:edge_span_r_rtl_0|altsyncram_kpi1:auto_generated|ram_block1a0~PORT_B_WRITE_ENABLE_REG ; walk_fault_o[1]~reg0                                                                         ; clk          ; clk         ; 10.000       ; -1.581     ; 6.547      ;
; 1.812   ; altsyncram:edge_span_r_rtl_0|altsyncram_kpi1:auto_generated|ram_block1a0~PORT_B_WRITE_ENABLE_REG ; walk_fault_o[3]~reg0                                                                         ; clk          ; clk         ; 10.000       ; -1.581     ; 6.547      ;
; 1.841   ; sc_ci_r[4]                                                                                       ; altsyncram:edge_key_r_rtl_0|altsyncram_esi1:auto_generated|ram_block1a5~porta_address_reg7   ; clk          ; clk         ; 10.000       ; -0.524     ; 7.575      ;
; 1.843   ; triangles_submitted_o[25]~reg0                                                                   ; triangles_submitted_o[1]~reg0                                                                ; clk          ; clk         ; 10.000       ; -0.082     ; 8.015      ;
; 1.849   ; pg_cj_r[0]                                                                                       ; edge_cj_o[0]                                                                                 ; clk          ; clk         ; 10.000       ; -5.913     ; 2.178      ;
; 1.850   ; sc_ci_r[4]                                                                                       ; altsyncram:edge_span_r_rtl_0|altsyncram_kpi1:auto_generated|ram_block1a0~PORT_A_DATA_IN_15   ; clk          ; clk         ; 10.000       ; -0.437     ; 7.653      ;
; 1.852   ; sc_ci_r[2]~DUPLICATE                                                                             ; edge_key_r_rtl_0_bypass[30]                                                                  ; clk          ; clk         ; 10.000       ; -0.523     ; 7.565      ;
; 1.861   ; sc_ci_r[4]                                                                                       ; altsyncram:edge_span_r_rtl_0|altsyncram_kpi1:auto_generated|ram_block1a0~PORT_A_DATA_IN_5    ; clk          ; clk         ; 10.000       ; -0.439     ; 7.640      ;
; 1.861   ; sc_ci_r[2]~DUPLICATE                                                                             ; altsyncram:edge_span_r_rtl_0|altsyncram_kpi1:auto_generated|ram_block1a0~PORT_A_DATA_IN_6    ; clk          ; clk         ; 10.000       ; -0.437     ; 7.642      ;
; 1.871   ; sc_ci_r[4]                                                                                       ; altsyncram:edge_span_r_rtl_0|altsyncram_kpi1:auto_generated|ram_block1a0~porta_datain_reg0   ; clk          ; clk         ; 10.000       ; -0.447     ; 7.622      ;
; 1.876   ; sc_ci_r[4]                                                                                       ; altsyncram:edge_span_r_rtl_0|altsyncram_kpi1:auto_generated|ram_block1a0~PORT_A_DATA_IN_10   ; clk          ; clk         ; 10.000       ; -0.440     ; 7.624      ;
; 1.881   ; sc_ci_r[2]~DUPLICATE                                                                             ; altsyncram:edge_span_r_rtl_0|altsyncram_kpi1:auto_generated|ram_block1a0~PORT_A_DATA_IN_16   ; clk          ; clk         ; 10.000       ; -0.438     ; 7.621      ;
; 1.892   ; sc_ci_r[2]~DUPLICATE                                                                             ; altsyncram:edge_span_r_rtl_0|altsyncram_kpi1:auto_generated|ram_block1a0~PORT_A_DATA_IN_11   ; clk          ; clk         ; 10.000       ; -0.435     ; 7.613      ;
; 1.897   ; sc_ci_r[4]                                                                                       ; altsyncram:edge_span_r_rtl_0|altsyncram_kpi1:auto_generated|ram_block1a0~PORT_A_DATA_IN_7    ; clk          ; clk         ; 10.000       ; -0.440     ; 7.603      ;
; 1.899   ; sc_ci_r[2]~DUPLICATE                                                                             ; altsyncram:edge_span_r_rtl_0|altsyncram_kpi1:auto_generated|ram_block1a0~porta_datain_reg1   ; clk          ; clk         ; 10.000       ; -0.432     ; 7.609      ;
; 1.902   ; sc_ci_r[4]                                                                                       ; altsyncram:edge_span_r_rtl_0|altsyncram_kpi1:auto_generated|ram_block1a0~PORT_A_DATA_IN_17   ; clk          ; clk         ; 10.000       ; -0.443     ; 7.595      ;
; 1.903   ; sc_ci_r[4]                                                                                       ; edge_span_r_rtl_0_bypass[28]                                                                 ; clk          ; clk         ; 10.000       ; -0.456     ; 7.581      ;
; 1.912   ; sc_ci_r[2]~DUPLICATE                                                                             ; edge_span_r_rtl_0_bypass[13]                                                                 ; clk          ; clk         ; 10.000       ; -0.450     ; 7.578      ;
; 1.914   ; altsyncram:run_mem_r_rtl_0|altsyncram_8si1:auto_generated|ram_block1a0~PORT_B_WRITE_ENABLE_REG   ; st_r.StLoad                                                                                  ; clk          ; clk         ; 10.000       ; -1.404     ; 6.622      ;
; 1.919   ; altsyncram:run_mem_r_rtl_0|altsyncram_8si1:auto_generated|ram_block1a0~PORT_B_WRITE_ENABLE_REG   ; st_r.StLoad~DUPLICATE                                                                        ; clk          ; clk         ; 10.000       ; -1.401     ; 6.620      ;
; 1.920   ; altsyncram:run_mem_r_rtl_0|altsyncram_8si1:auto_generated|ram_block1a0~PORT_B_WRITE_ENABLE_REG   ; st_r.StPrime                                                                                 ; clk          ; clk         ; 10.000       ; -1.401     ; 6.619      ;
; 1.921   ; sc_ci_r[4]                                                                                       ; altsyncram:edge_span_r_rtl_0|altsyncram_kpi1:auto_generated|ram_block1a0~PORT_A_DATA_IN_12   ; clk          ; clk         ; 10.000       ; -0.444     ; 7.575      ;
; 1.922   ; sc_ci_r[4]                                                                                       ; altsyncram:edge_span_r_rtl_0|altsyncram_kpi1:auto_generated|ram_block1a0~porta_datain_reg2   ; clk          ; clk         ; 10.000       ; -0.441     ; 7.577      ;
; 1.929   ; triangles_submitted_o[25]~reg0                                                                   ; triangles_submitted_o[30]~reg0                                                               ; clk          ; clk         ; 10.000       ; -0.109     ; 7.902      ;
; 1.929   ; triangles_submitted_o[25]~reg0                                                                   ; triangles_submitted_o[29]~reg0DUPLICATE                                                      ; clk          ; clk         ; 10.000       ; -0.110     ; 7.901      ;
; 1.929   ; triangles_submitted_o[25]~reg0                                                                   ; triangles_submitted_o[27]~reg0                                                               ; clk          ; clk         ; 10.000       ; -0.110     ; 7.901      ;
; 1.929   ; triangles_submitted_o[25]~reg0                                                                   ; triangles_submitted_o[25]~reg0                                                               ; clk          ; clk         ; 10.000       ; -0.107     ; 7.904      ;
; 1.929   ; triangles_submitted_o[25]~reg0                                                                   ; triangles_submitted_o[23]~reg0DUPLICATE                                                      ; clk          ; clk         ; 10.000       ; -0.110     ; 7.901      ;
; 1.929   ; triangles_submitted_o[25]~reg0                                                                   ; triangles_submitted_o[31]~reg0                                                               ; clk          ; clk         ; 10.000       ; -0.107     ; 7.904      ;
; 1.929   ; triangles_submitted_o[25]~reg0                                                                   ; triangles_submitted_o[29]~reg0                                                               ; clk          ; clk         ; 10.000       ; -0.107     ; 7.904      ;
; 1.929   ; triangles_submitted_o[25]~reg0                                                                   ; triangles_submitted_o[23]~reg0                                                               ; clk          ; clk         ; 10.000       ; -0.107     ; 7.904      ;
; 1.929   ; triangles_submitted_o[25]~reg0                                                                   ; triangles_submitted_o[30]~reg0DUPLICATE                                                      ; clk          ; clk         ; 10.000       ; -0.109     ; 7.902      ;
; 1.930   ; triangles_submitted_o[25]~reg0                                                                   ; triangles_submitted_o[28]~reg0                                                               ; clk          ; clk         ; 10.000       ; -0.108     ; 7.902      ;
; 1.930   ; triangles_submitted_o[25]~reg0                                                                   ; triangles_submitted_o[26]~reg0                                                               ; clk          ; clk         ; 10.000       ; -0.108     ; 7.902      ;
; 1.930   ; triangles_submitted_o[25]~reg0                                                                   ; triangles_submitted_o[24]~reg0                                                               ; clk          ; clk         ; 10.000       ; -0.108     ; 7.902      ;
; 1.930   ; triangles_submitted_o[25]~reg0                                                                   ; triangles_submitted_o[22]~reg0                                                               ; clk          ; clk         ; 10.000       ; -0.108     ; 7.902      ;
; 1.931   ; sc_ci_r[2]~DUPLICATE                                                                             ; altsyncram:edge_key_r_rtl_0|altsyncram_esi1:auto_generated|ram_block1a4~porta_address_reg5   ; clk          ; clk         ; 10.000       ; -0.179     ; 7.830      ;
; 1.934   ; idx_r[11]                                                                                        ; walk_fault_o[0]~reg0                                                                         ; clk          ; clk         ; 10.000       ; -0.087     ; 7.919      ;
; 1.939   ; idx_r[11]                                                                                        ; walk_fault_o[0]~reg0DUPLICATE                                                                ; clk          ; clk         ; 10.000       ; -0.084     ; 7.917      ;
; 1.943   ; sc_ci_r[2]~DUPLICATE                                                                             ; edge_key_r_rtl_0_bypass[29]                                                                  ; clk          ; clk         ; 10.000       ; -0.500     ; 7.497      ;
; 1.944   ; sc_ci_r[2]~DUPLICATE                                                                             ; altsyncram:edge_key_r_rtl_0|altsyncram_esi1:auto_generated|ram_block1a0~porta_address_reg8   ; clk          ; clk         ; 10.000       ; -0.177     ; 7.819      ;
; 1.947   ; sc_ci_r[2]~DUPLICATE                                                                             ; edge_key_r_rtl_0_bypass[26]                                                                  ; clk          ; clk         ; 10.000       ; -0.488     ; 7.505      ;
; 1.951   ; cnt_r[2]~DUPLICATE                                                                               ; thr_r[22]                                                                                    ; clk          ; clk         ; 10.000       ; -0.492     ; 7.497      ;
; 1.951   ; cnt_r[2]~DUPLICATE                                                                               ; thr_r[24]                                                                                    ; clk          ; clk         ; 10.000       ; -0.492     ; 7.497      ;
; 1.952   ; cnt_r[2]~DUPLICATE                                                                               ; thr_r[24]~DUPLICATE                                                                          ; clk          ; clk         ; 10.000       ; -0.499     ; 7.489      ;
; 1.952   ; cnt_r[2]~DUPLICATE                                                                               ; thr_r[28]                                                                                    ; clk          ; clk         ; 10.000       ; -0.493     ; 7.495      ;
; 1.964   ; sc_ci_r[2]~DUPLICATE                                                                             ; altsyncram:edge_key_r_rtl_0|altsyncram_esi1:auto_generated|ram_block1a0~porta_datain_reg2    ; clk          ; clk         ; 10.000       ; -0.116     ; 7.860      ;
; 1.967   ; sc_ci_r[2]~DUPLICATE                                                                             ; altsyncram:edge_key_r_rtl_0|altsyncram_esi1:auto_generated|ram_block1a0~PORT_A_DATA_IN_12    ; clk          ; clk         ; 10.000       ; -0.119     ; 7.854      ;
; 1.977   ; sc_ci_r[4]                                                                                       ; edge_span_r_rtl_0_bypass[26]~DUPLICATE                                                       ; clk          ; clk         ; 10.000       ; -0.448     ; 7.515      ;
; 1.982   ; sc_ci_r[2]~DUPLICATE                                                                             ; altsyncram:edge_key_r_rtl_0|altsyncram_esi1:auto_generated|ram_block1a0~PORT_A_DATA_IN_7     ; clk          ; clk         ; 10.000       ; -0.115     ; 7.843      ;
; 1.984   ; sc_ci_r[4]                                                                                       ; edge_span_r_rtl_0_bypass[26]                                                                 ; clk          ; clk         ; 10.000       ; -0.444     ; 7.512      ;
; 1.988   ; sc_ci_r[2]~DUPLICATE                                                                             ; altsyncram:edge_key_r_rtl_0|altsyncram_esi1:auto_generated|ram_block1a0~PORT_A_DATA_IN_17    ; clk          ; clk         ; 10.000       ; -0.118     ; 7.834      ;
; 1.992   ; sc_ci_r[4]                                                                                       ; edge_span_r_rtl_0_bypass[3]                                                                  ; clk          ; clk         ; 10.000       ; -0.456     ; 7.492      ;
; 2.021   ; sc_ci_r[4]                                                                                       ; edge_span_r_rtl_0_bypass[25]                                                                 ; clk          ; clk         ; 10.000       ; -0.427     ; 7.492      ;
; 2.021   ; sc_ci_r[2]~DUPLICATE                                                                             ; edge_key_r_rtl_0_bypass[28]~DUPLICATE                                                        ; clk          ; clk         ; 10.000       ; -0.486     ; 7.433      ;
; 2.022   ; sc_ci_r[2]~DUPLICATE                                                                             ; edge_key_r_rtl_0_bypass[13]                                                                  ; clk          ; clk         ; 10.000       ; -0.522     ; 7.396      ;
; 2.028   ; sc_ci_r[2]~DUPLICATE                                                                             ; edge_key_r_rtl_0_bypass[28]                                                                  ; clk          ; clk         ; 10.000       ; -0.482     ; 7.430      ;
; 2.046   ; ld_valid_i                                                                                       ; altsyncram:win_mem_rtl_0|altsyncram_40q1:auto_generated|ram_block1a0~porta_we_reg            ; clk          ; clk         ; 10.000       ; 4.944      ; 12.838     ;
; 2.071   ; sc_ci_r[4]                                                                                       ; edge_span_r_rtl_0_bypass[17]                                                                 ; clk          ; clk         ; 10.000       ; -0.442     ; 7.427      ;
; 2.084   ; sc_ci_r[2]~DUPLICATE                                                                             ; altsyncram:edge_key_r_rtl_0|altsyncram_esi1:auto_generated|ram_block1a0~porta_address_reg6   ; clk          ; clk         ; 10.000       ; -0.182     ; 7.674      ;
; 2.084   ; sc_ci_r[2]~DUPLICATE                                                                             ; edge_span_r_rtl_0_bypass[7]                                                                  ; clk          ; clk         ; 10.000       ; -0.450     ; 7.406      ;
; 2.093   ; cnt_r[2]~DUPLICATE                                                                               ; thr_r[21]                                                                                    ; clk          ; clk         ; 10.000       ; -0.516     ; 7.331      ;
; 2.093   ; cnt_r[2]~DUPLICATE                                                                               ; thr_r[31]                                                                                    ; clk          ; clk         ; 10.000       ; -0.522     ; 7.325      ;
; 2.103   ; cnt_r[2]~DUPLICATE                                                                               ; thr_r[6]                                                                                     ; clk          ; clk         ; 10.000       ; -0.515     ; 7.322      ;
; 2.104   ; sc_ci_r[2]~DUPLICATE                                                                             ; altsyncram:edge_key_r_rtl_0|altsyncram_esi1:auto_generated|ram_block1a4~porta_address_reg0   ; clk          ; clk         ; 10.000       ; -0.131     ; 7.705      ;
; 2.104   ; cnt_r[2]~DUPLICATE                                                                               ; thr_r[7]                                                                                     ; clk          ; clk         ; 10.000       ; -0.516     ; 7.320      ;
; 2.104   ; cnt_r[2]~DUPLICATE                                                                               ; thr_r[0]                                                                                     ; clk          ; clk         ; 10.000       ; -0.516     ; 7.320      ;
; 2.104   ; cnt_r[2]~DUPLICATE                                                                               ; thr_r[5]                                                                                     ; clk          ; clk         ; 10.000       ; -0.520     ; 7.316      ;
; 2.104   ; cnt_r[2]~DUPLICATE                                                                               ; thr_r[4]                                                                                     ; clk          ; clk         ; 10.000       ; -0.522     ; 7.314      ;
; 2.104   ; cnt_r[2]~DUPLICATE                                                                               ; thr_r[20]                                                                                    ; clk          ; clk         ; 10.000       ; -0.522     ; 7.314      ;
; 2.104   ; cnt_r[2]~DUPLICATE                                                                               ; thr_r[23]~DUPLICATE                                                                          ; clk          ; clk         ; 10.000       ; -0.516     ; 7.320      ;
; 2.104   ; cnt_r[2]~DUPLICATE                                                                               ; thr_r[23]                                                                                    ; clk          ; clk         ; 10.000       ; -0.520     ; 7.316      ;
; 2.104   ; cnt_r[2]~DUPLICATE                                                                               ; thr_r[6]~DUPLICATE                                                                           ; clk          ; clk         ; 10.000       ; -0.522     ; 7.314      ;
; 2.109   ; sc_ci_r[2]~DUPLICATE                                                                             ; edge_span_r_rtl_0_bypass[15]                                                                 ; clk          ; clk         ; 10.000       ; -0.455     ; 7.376      ;
; 2.113   ; sc_ci_r[2]~DUPLICATE                                                                             ; altsyncram:edge_key_r_rtl_0|altsyncram_esi1:auto_generated|ram_block1a0~porta_datain_reg0    ; clk          ; clk         ; 10.000       ; -0.122     ; 7.705      ;
; 2.121   ; sc_ci_r[2]~DUPLICATE                                                                             ; altsyncram:edge_key_r_rtl_0|altsyncram_esi1:auto_generated|ram_block1a0~PORT_A_DATA_IN_10    ; clk          ; clk         ; 10.000       ; -0.115     ; 7.704      ;
; 2.133   ; sc_ci_r[2]~DUPLICATE                                                                             ; altsyncram:edge_key_r_rtl_0|altsyncram_esi1:auto_generated|ram_block1a0~porta_address_reg0   ; clk          ; clk         ; 10.000       ; -0.131     ; 7.676      ;
; 2.136   ; edge_key_r_rtl_0_bypass[10]                                                                      ; rlen_r[0]                                                                                    ; clk          ; clk         ; 10.000       ; -0.507     ; 7.297      ;
; 2.137   ; sc_ci_r[2]~DUPLICATE                                                                             ; altsyncram:edge_key_r_rtl_0|altsyncram_esi1:auto_generated|ram_block1a0~PORT_A_DATA_IN_15    ; clk          ; clk         ; 10.000       ; -0.112     ; 7.691      ;
; 2.137   ; sc_ci_r[2]~DUPLICATE                                                                             ; altsyncram:edge_key_r_rtl_0|altsyncram_esi1:auto_generated|ram_block1a0~porta_address_reg5   ; clk          ; clk         ; 10.000       ; -0.179     ; 7.624      ;
; 2.141   ; sc_ci_r[4]                                                                                       ; edge_span_r_rtl_0_bypass[27]                                                                 ; clk          ; clk         ; 10.000       ; -0.449     ; 7.350      ;
; 2.141   ; sc_ci_r[2]~DUPLICATE                                                                             ; altsyncram:edge_key_r_rtl_0|altsyncram_esi1:auto_generated|ram_block1a0~PORT_A_DATA_IN_5     ; clk          ; clk         ; 10.000       ; -0.114     ; 7.685      ;
; 2.150   ; sc_ci_r[2]~DUPLICATE                                                                             ; edge_key_r_rtl_0_bypass[21]                                                                  ; clk          ; clk         ; 10.000       ; -0.481     ; 7.309      ;
; 2.152   ; sc_ci_r[4]                                                                                       ; altsyncram:edge_span_r_rtl_0|altsyncram_kpi1:auto_generated|ram_block1a0~porta_datain_reg4   ; clk          ; clk         ; 10.000       ; -0.438     ; 7.350      ;
; 2.152   ; altsyncram:edge_key_r_rtl_0|altsyncram_esi1:auto_generated|ram_block1a5~PORT_B_WRITE_ENABLE_REG  ; run_mem_r_rtl_0_bypass[0]                                                                    ; clk          ; clk         ; 10.000       ; -1.526     ; 6.262      ;
; 2.167   ; sc_ci_r[2]~DUPLICATE                                                                             ; edge_key_r_rtl_0_bypass[3]                                                                   ; clk          ; clk         ; 10.000       ; -0.481     ; 7.292      ;
; 2.169   ; sc_ci_r[4]                                                                                       ; altsyncram:edge_span_r_rtl_0|altsyncram_kpi1:auto_generated|ram_block1a0~PORT_A_DATA_IN_18   ; clk          ; clk         ; 10.000       ; -0.440     ; 7.331      ;
; 2.178   ; sc_ci_r[4]                                                                                       ; altsyncram:edge_span_r_rtl_0|altsyncram_kpi1:auto_generated|ram_block1a0~PORT_A_DATA_IN_8    ; clk          ; clk         ; 10.000       ; -0.441     ; 7.321      ;
; 2.184   ; sc_ci_r[2]~DUPLICATE                                                                             ; altsyncram:edge_key_r_rtl_0|altsyncram_esi1:auto_generated|ram_block1a0~PORT_A_DATA_IN_6     ; clk          ; clk         ; 10.000       ; -0.118     ; 7.638      ;
; 2.184   ; sc_ci_r[4]                                                                                       ; altsyncram:edge_span_r_rtl_0|altsyncram_kpi1:auto_generated|ram_block1a0~PORT_A_DATA_IN_13   ; clk          ; clk         ; 10.000       ; -0.437     ; 7.319      ;
; 2.188   ; sc_ci_r[4]                                                                                       ; altsyncram:edge_span_r_rtl_0|altsyncram_kpi1:auto_generated|ram_block1a0~porta_datain_reg3   ; clk          ; clk         ; 10.000       ; -0.441     ; 7.311      ;
; 2.203   ; sc_ci_r[2]~DUPLICATE                                                                             ; altsyncram:edge_key_r_rtl_0|altsyncram_esi1:auto_generated|ram_block1a0~PORT_A_DATA_IN_16    ; clk          ; clk         ; 10.000       ; -0.119     ; 7.618      ;
; 2.208   ; sc_ci_r[2]~DUPLICATE                                                                             ; altsyncram:edge_key_r_rtl_0|altsyncram_esi1:auto_generated|ram_block1a4~porta_address_reg6   ; clk          ; clk         ; 10.000       ; -0.182     ; 7.550      ;
; 2.208   ; sc_ci_r[2]~DUPLICATE                                                                             ; edge_span_r_rtl_0_bypass[5]                                                                  ; clk          ; clk         ; 10.000       ; -0.455     ; 7.277      ;
; 2.215   ; sc_ci_r[2]~DUPLICATE                                                                             ; edge_key_r_rtl_0_bypass[27]                                                                  ; clk          ; clk         ; 10.000       ; -0.506     ; 7.219      ;
; 2.218   ; sc_ci_r[2]~DUPLICATE                                                                             ; altsyncram:edge_key_r_rtl_0|altsyncram_esi1:auto_generated|ram_block1a0~PORT_A_DATA_IN_11    ; clk          ; clk         ; 10.000       ; -0.116     ; 7.606      ;
; 2.219   ; sc_ci_r[2]~DUPLICATE                                                                             ; edge_key_r_rtl_0_bypass[34]                                                                  ; clk          ; clk         ; 10.000       ; -0.486     ; 7.235      ;
; 2.223   ; sc_ci_r[2]~DUPLICATE                                                                             ; altsyncram:edge_key_r_rtl_0|altsyncram_esi1:auto_generated|ram_block1a4~PORT_A_DATA_IN_7     ; clk          ; clk         ; 10.000       ; -0.115     ; 7.602      ;
; 2.224   ; sc_ci_r[2]~DUPLICATE                                                                             ; altsyncram:edge_key_r_rtl_0|altsyncram_esi1:auto_generated|ram_block1a0~porta_datain_reg1    ; clk          ; clk         ; 10.000       ; -0.113     ; 7.603      ;
; 2.224   ; sc_ci_r[2]~DUPLICATE                                                                             ; altsyncram:edge_key_r_rtl_0|altsyncram_esi1:auto_generated|ram_block1a0~porta_address_reg1   ; clk          ; clk         ; 10.000       ; -0.130     ; 7.586      ;
; 2.227   ; sc_ci_r[2]~DUPLICATE                                                                             ; edge_key_r_rtl_0_bypass[33]                                                                  ; clk          ; clk         ; 10.000       ; -0.481     ; 7.232      ;
; 2.229   ; sc_ci_r[2]~DUPLICATE                                                                             ; altsyncram:edge_key_r_rtl_0|altsyncram_esi1:auto_generated|ram_block1a4~PORT_A_DATA_IN_17    ; clk          ; clk         ; 10.000       ; -0.118     ; 7.593      ;
; 2.247   ; sc_ci_r[2]~DUPLICATE                                                                             ; altsyncram:edge_key_r_rtl_0|altsyncram_esi1:auto_generated|ram_block1a4~PORT_A_DATA_IN_12    ; clk          ; clk         ; 10.000       ; -0.119     ; 7.574      ;
; 2.247   ; sc_ci_r[2]~DUPLICATE                                                                             ; altsyncram:edge_key_r_rtl_0|altsyncram_esi1:auto_generated|ram_block1a4~porta_address_reg9   ; clk          ; clk         ; 10.000       ; -0.180     ; 7.513      ;
; 2.248   ; sc_ci_r[2]~DUPLICATE                                                                             ; altsyncram:edge_key_r_rtl_0|altsyncram_esi1:auto_generated|ram_block1a4~porta_datain_reg2    ; clk          ; clk         ; 10.000       ; -0.116     ; 7.576      ;
; 2.301   ; sc_ci_r[2]~DUPLICATE                                                                             ; altsyncram:edge_key_r_rtl_0|altsyncram_esi1:auto_generated|ram_block1a4~porta_address_reg2   ; clk          ; clk         ; 10.000       ; -0.133     ; 7.506      ;
; 2.301   ; cnt_r[2]~DUPLICATE                                                                               ; thr_r[8]                                                                                     ; clk          ; clk         ; 10.000       ; -0.504     ; 7.135      ;
; 2.301   ; cnt_r[2]~DUPLICATE                                                                               ; thr_r[8]~DUPLICATE                                                                           ; clk          ; clk         ; 10.000       ; -0.511     ; 7.128      ;
; 2.302   ; sc_ci_r[2]~DUPLICATE                                                                             ; altsyncram:edge_key_r_rtl_0|altsyncram_esi1:auto_generated|ram_block1a0~PORT_A_DATA_IN_18    ; clk          ; clk         ; 10.000       ; -0.115     ; 7.523      ;
; 2.308   ; sc_ci_r[2]~DUPLICATE                                                                             ; altsyncram:edge_key_r_rtl_0|altsyncram_esi1:auto_generated|ram_block1a4~porta_datain_reg4    ; clk          ; clk         ; 10.000       ; -0.113     ; 7.519      ;
; 2.311   ; sc_ci_r[2]~DUPLICATE                                                                             ; altsyncram:edge_key_r_rtl_0|altsyncram_esi1:auto_generated|ram_block1a0~PORT_A_DATA_IN_8     ; clk          ; clk         ; 10.000       ; -0.116     ; 7.513      ;
; 2.318   ; sc_ci_r[2]~DUPLICATE                                                                             ; altsyncram:edge_key_r_rtl_0|altsyncram_esi1:auto_generated|ram_block1a4~porta_address_reg1   ; clk          ; clk         ; 10.000       ; -0.130     ; 7.492      ;
; 2.318   ; sc_ci_r[2]~DUPLICATE                                                                             ; altsyncram:edge_key_r_rtl_0|altsyncram_esi1:auto_generated|ram_block1a0~PORT_A_DATA_IN_13    ; clk          ; clk         ; 10.000       ; -0.112     ; 7.510      ;
; 2.322   ; sc_ci_r[2]~DUPLICATE                                                                             ; altsyncram:edge_key_r_rtl_0|altsyncram_esi1:auto_generated|ram_block1a0~porta_datain_reg3    ; clk          ; clk         ; 10.000       ; -0.116     ; 7.502      ;
; 2.325   ; sc_ci_r[4]                                                                                       ; altsyncram:edge_span_r_rtl_0|altsyncram_kpi1:auto_generated|ram_block1a0~PORT_A_DATA_IN_19   ; clk          ; clk         ; 10.000       ; -0.485     ; 7.130      ;
; 2.345   ; sc_ci_r[2]~DUPLICATE                                                                             ; altsyncram:edge_key_r_rtl_0|altsyncram_esi1:auto_generated|ram_block1a0~porta_address_reg10  ; clk          ; clk         ; 10.000       ; -0.178     ; 7.417      ;
; 2.349   ; sc_ci_r[2]~DUPLICATE                                                                             ; altsyncram:edge_key_r_rtl_0|altsyncram_esi1:auto_generated|ram_block1a0~porta_address_reg2   ; clk          ; clk         ; 10.000       ; -0.133     ; 7.458      ;
; 2.350   ; sc_ci_r[2]~DUPLICATE                                                                             ; altsyncram:edge_key_r_rtl_0|altsyncram_esi1:auto_generated|ram_block1a4~PORT_A_DATA_IN_18    ; clk          ; clk         ; 10.000       ; -0.115     ; 7.475      ;
; 2.359   ; sc_ci_r[2]~DUPLICATE                                                                             ; altsyncram:edge_key_r_rtl_0|altsyncram_esi1:auto_generated|ram_block1a4~PORT_A_DATA_IN_8     ; clk          ; clk         ; 10.000       ; -0.116     ; 7.465      ;
; 2.364   ; sc_ci_r[4]                                                                                       ; altsyncram:edge_span_r_rtl_0|altsyncram_kpi1:auto_generated|ram_block1a0~PORT_A_DATA_IN_9    ; clk          ; clk         ; 10.000       ; -0.440     ; 7.136      ;
; 2.367   ; sc_ci_r[2]~DUPLICATE                                                                             ; altsyncram:edge_key_r_rtl_0|altsyncram_esi1:auto_generated|ram_block1a4~PORT_A_DATA_IN_13    ; clk          ; clk         ; 10.000       ; -0.112     ; 7.461      ;
; 2.368   ; sc_ci_r[4]                                                                                       ; altsyncram:edge_span_r_rtl_0|altsyncram_kpi1:auto_generated|ram_block1a0~PORT_A_DATA_IN_14   ; clk          ; clk         ; 10.000       ; -0.446     ; 7.126      ;
; 2.370   ; sc_ci_r[2]~DUPLICATE                                                                             ; altsyncram:edge_key_r_rtl_0|altsyncram_esi1:auto_generated|ram_block1a4~porta_datain_reg3    ; clk          ; clk         ; 10.000       ; -0.116     ; 7.454      ;
; 2.373   ; sc_ci_r[2]~DUPLICATE                                                                             ; edge_key_r_rtl_0_bypass[32]                                                                  ; clk          ; clk         ; 10.000       ; -0.482     ; 7.085      ;
; 2.384   ; cnt_r[2]~DUPLICATE                                                                               ; thr_r[12]                                                                                    ; clk          ; clk         ; 10.000       ; -0.515     ; 7.041      ;
; 2.384   ; cnt_r[2]~DUPLICATE                                                                               ; thr_r[11]                                                                                    ; clk          ; clk         ; 10.000       ; -0.515     ; 7.041      ;
; 2.384   ; cnt_r[2]~DUPLICATE                                                                               ; thr_r[27]~DUPLICATE                                                                          ; clk          ; clk         ; 10.000       ; -0.515     ; 7.041      ;
; 2.385   ; cnt_r[2]~DUPLICATE                                                                               ; thr_r[13]                                                                                    ; clk          ; clk         ; 10.000       ; -0.522     ; 7.033      ;
; 2.385   ; cnt_r[2]~DUPLICATE                                                                               ; thr_r[12]~DUPLICATE                                                                          ; clk          ; clk         ; 10.000       ; -0.522     ; 7.033      ;
; 2.385   ; cnt_r[2]~DUPLICATE                                                                               ; thr_r[10]                                                                                    ; clk          ; clk         ; 10.000       ; -0.516     ; 7.039      ;
; 2.385   ; cnt_r[2]~DUPLICATE                                                                               ; thr_r[15]~DUPLICATE                                                                          ; clk          ; clk         ; 10.000       ; -0.520     ; 7.035      ;
; 2.385   ; cnt_r[2]~DUPLICATE                                                                               ; thr_r[15]                                                                                    ; clk          ; clk         ; 10.000       ; -0.516     ; 7.039      ;
; 2.385   ; cnt_r[2]~DUPLICATE                                                                               ; thr_r[26]                                                                                    ; clk          ; clk         ; 10.000       ; -0.522     ; 7.033      ;
; 2.385   ; cnt_r[2]~DUPLICATE                                                                               ; thr_r[27]                                                                                    ; clk          ; clk         ; 10.000       ; -0.522     ; 7.033      ;
; 2.387   ; cnt_r[2]~DUPLICATE                                                                               ; thr_r[2]                                                                                     ; clk          ; clk         ; 10.000       ; -0.510     ; 7.043      ;
; 2.387   ; cnt_r[2]~DUPLICATE                                                                               ; thr_r[3]                                                                                     ; clk          ; clk         ; 10.000       ; -0.504     ; 7.049      ;
; 2.387   ; cnt_r[2]~DUPLICATE                                                                               ; thr_r[19]                                                                                    ; clk          ; clk         ; 10.000       ; -0.510     ; 7.043      ;
; 2.387   ; cnt_r[2]~DUPLICATE                                                                               ; thr_r[17]                                                                                    ; clk          ; clk         ; 10.000       ; -0.503     ; 7.050      ;
; 2.387   ; cnt_r[2]~DUPLICATE                                                                               ; thr_r[18]~DUPLICATE                                                                          ; clk          ; clk         ; 10.000       ; -0.504     ; 7.049      ;
; 2.387   ; cnt_r[2]~DUPLICATE                                                                               ; thr_r[17]~DUPLICATE                                                                          ; clk          ; clk         ; 10.000       ; -0.510     ; 7.043      ;
; 2.388   ; cnt_r[2]~DUPLICATE                                                                               ; thr_r[18]                                                                                    ; clk          ; clk         ; 10.000       ; -0.508     ; 7.044      ;
; 2.405   ; altsyncram:run_mem_r_rtl_0|altsyncram_8si1:auto_generated|ram_block1a0~PORT_B_WRITE_ENABLE_REG   ; mtake_r[0]                                                                                   ; clk          ; clk         ; 10.000       ; -1.127     ; 6.408      ;
; 2.408   ; sc_ci_r[2]~DUPLICATE                                                                             ; altsyncram:edge_key_r_rtl_0|altsyncram_esi1:auto_generated|ram_block1a4~porta_address_reg3   ; clk          ; clk         ; 10.000       ; 0.084      ; 7.616      ;
; 2.424   ; sc_ci_r[4]                                                                                       ; edge_key_r_rtl_0_bypass[15]                                                                  ; clk          ; clk         ; 10.000       ; -0.522     ; 6.994      ;
; 2.429   ; st_r.StIdle                                                                                      ; cmd_ready_o                                                                                  ; clk          ; clk         ; 10.000       ; -5.938     ; 1.573      ;
; 2.430   ; st_r.StIdle                                                                                      ; idle_o                                                                                       ; clk          ; clk         ; 10.000       ; -5.938     ; 1.572      ;
; 2.437   ; ld_valid_i                                                                                       ; ld_wj_r[2]                                                                                   ; clk          ; clk         ; 10.000       ; 3.308      ; 10.811     ;
; 2.437   ; ld_valid_i                                                                                       ; ld_wj_r[1]                                                                                   ; clk          ; clk         ; 10.000       ; 3.308      ; 10.811     ;
; 2.437   ; ld_valid_i                                                                                       ; ld_wj_r[0]~DUPLICATE                                                                         ; clk          ; clk         ; 10.000       ; 3.308      ; 10.811     ;
; 2.438   ; ld_valid_i                                                                                       ; ld_wj_r[3]                                                                                   ; clk          ; clk         ; 10.000       ; 3.303      ; 10.805     ;
; 2.438   ; ld_valid_i                                                                                       ; ld_wj_r[0]                                                                                   ; clk          ; clk         ; 10.000       ; 3.301      ; 10.803     ;
; 2.438   ; ld_valid_i                                                                                       ; ld_wj_r[4]                                                                                   ; clk          ; clk         ; 10.000       ; 3.303      ; 10.805     ;
; 2.438   ; ld_valid_i                                                                                       ; ld_wj_r[5]                                                                                   ; clk          ; clk         ; 10.000       ; 3.307      ; 10.809     ;
; 2.438   ; ld_valid_i                                                                                       ; ld_wj_r[3]~DUPLICATE                                                                         ; clk          ; clk         ; 10.000       ; 3.307      ; 10.809     ;
; 2.438   ; ld_valid_i                                                                                       ; ld_wj_r[5]~DUPLICATE                                                                         ; clk          ; clk         ; 10.000       ; 3.303      ; 10.805     ;
; 2.450   ; sc_ci_r[2]~DUPLICATE                                                                             ; altsyncram:edge_key_r_rtl_0|altsyncram_esi1:auto_generated|ram_block1a0~porta_address_reg9   ; clk          ; clk         ; 10.000       ; -0.180     ; 7.310      ;
; 2.472   ; st_r.StEnum                                                                                      ; sc_ci_r[5]                                                                                   ; clk          ; clk         ; 10.000       ; -0.447     ; 7.021      ;
; 2.472   ; st_r.StEnum                                                                                      ; sc_ci_r[5]~DUPLICATE                                                                         ; clk          ; clk         ; 10.000       ; -0.453     ; 7.015      ;
; 2.474   ; sc_ci_r[2]~DUPLICATE                                                                             ; altsyncram:edge_key_r_rtl_0|altsyncram_esi1:auto_generated|ram_block1a4~porta_address_reg8   ; clk          ; clk         ; 10.000       ; -0.177     ; 7.289      ;
; 2.480   ; sc_ci_r[2]~DUPLICATE                                                                             ; edge_key_r_rtl_0_bypass[17]                                                                  ; clk          ; clk         ; 10.000       ; -0.481     ; 6.979      ;
; 2.491   ; cmd_lat_w_i[8]                                                                                   ; lat_w_r[8]                                                                                   ; clk          ; clk         ; 10.000       ; 3.527      ; 10.976     ;
; 2.494   ; cmd_lat_w_i[8]                                                                                   ; lat_w_r[8]~_Duplicate_1                                                                      ; clk          ; clk         ; 10.000       ; 3.581      ; 11.027     ;
; 2.498   ; sc_ci_r[2]~DUPLICATE                                                                             ; altsyncram:edge_key_r_rtl_0|altsyncram_esi1:auto_generated|ram_block1a4~PORT_A_DATA_IN_19    ; clk          ; clk         ; 10.000       ; -0.160     ; 7.282      ;
; 2.505   ; vd_data_i[6]                                                                                     ; pr_va_r[6]                                                                                   ; clk          ; clk         ; 10.000       ; 3.219      ; 10.654     ;
; 2.510   ; sc_ci_r[2]~DUPLICATE                                                                             ; altsyncram:edge_key_r_rtl_0|altsyncram_esi1:auto_generated|ram_block1a4~PORT_A_DATA_IN_6     ; clk          ; clk         ; 10.000       ; -0.118     ; 7.312      ;
; 2.522   ; sc_ci_r[2]~DUPLICATE                                                                             ; edge_key_r_rtl_0_bypass[19]                                                                  ; clk          ; clk         ; 10.000       ; -0.481     ; 6.937      ;
; 2.527   ; sc_ci_r[2]~DUPLICATE                                                                             ; altsyncram:edge_key_r_rtl_0|altsyncram_esi1:auto_generated|ram_block1a4~PORT_A_DATA_IN_14    ; clk          ; clk         ; 10.000       ; -0.121     ; 7.292      ;
; 2.527   ; altsyncram:run_mem_r_rtl_0|altsyncram_8si1:auto_generated|ram_block1a0~PORT_B_WRITE_ENABLE_REG   ; mtake_r[3]                                                                                   ; clk          ; clk         ; 10.000       ; -1.121     ; 6.292      ;
; 2.527   ; altsyncram:run_mem_r_rtl_0|altsyncram_8si1:auto_generated|ram_block1a0~PORT_B_WRITE_ENABLE_REG   ; mtake_r[2]                                                                                   ; clk          ; clk         ; 10.000       ; -1.121     ; 6.292      ;
; 2.528   ; altsyncram:run_mem_r_rtl_0|altsyncram_8si1:auto_generated|ram_block1a0~PORT_B_WRITE_ENABLE_REG   ; mtake_r[4]                                                                                   ; clk          ; clk         ; 10.000       ; -1.116     ; 6.296      ;
; 2.528   ; cmd_ch_i[2]                                                                                      ; ch_r[2]                                                                                      ; clk          ; clk         ; 10.000       ; 3.301      ; 10.713     ;
; 2.528   ; altsyncram:run_mem_r_rtl_0|altsyncram_8si1:auto_generated|ram_block1a0~PORT_B_WRITE_ENABLE_REG   ; mtake_r[1]                                                                                   ; clk          ; clk         ; 10.000       ; -1.116     ; 6.296      ;
; 2.528   ; altsyncram:run_mem_r_rtl_0|altsyncram_8si1:auto_generated|ram_block1a0~PORT_B_WRITE_ENABLE_REG   ; mtake_r[5]                                                                                   ; clk          ; clk         ; 10.000       ; -1.116     ; 6.296      ;
; 2.530   ; sc_ci_r[2]~DUPLICATE                                                                             ; altsyncram:edge_key_r_rtl_0|altsyncram_esi1:auto_generated|ram_block1a4~PORT_A_DATA_IN_16    ; clk          ; clk         ; 10.000       ; -0.119     ; 7.291      ;
; 2.531   ; sc_ci_r[2]~DUPLICATE                                                                             ; altsyncram:edge_key_r_rtl_0|altsyncram_esi1:auto_generated|ram_block1a4~PORT_A_DATA_IN_15    ; clk          ; clk         ; 10.000       ; -0.112     ; 7.297      ;
; 2.532   ; sc_ci_r[4]                                                                                       ; altsyncram:edge_key_r_rtl_0|altsyncram_esi1:auto_generated|ram_block1a0~porta_address_reg7   ; clk          ; clk         ; 10.000       ; -0.167     ; 7.241      ;
; 2.539   ; sc_ci_r[4]                                                                                       ; altsyncram:edge_key_r_rtl_0|altsyncram_esi1:auto_generated|ram_block1a4~porta_address_reg7   ; clk          ; clk         ; 10.000       ; -0.186     ; 7.215      ;
; 2.539   ; cmd_lat_w_i[7]                                                                                   ; lat_w_r[7]~_Duplicate_1                                                                      ; clk          ; clk         ; 10.000       ; 3.581      ; 10.982     ;
; 2.541   ; sc_ci_r[2]~DUPLICATE                                                                             ; altsyncram:edge_key_r_rtl_0|altsyncram_esi1:auto_generated|ram_block1a4~PORT_A_DATA_IN_9     ; clk          ; clk         ; 10.000       ; -0.115     ; 7.284      ;
; 2.542   ; sc_ci_r[2]~DUPLICATE                                                                             ; altsyncram:edge_key_r_rtl_0|altsyncram_esi1:auto_generated|ram_block1a4~PORT_A_DATA_IN_5     ; clk          ; clk         ; 10.000       ; -0.114     ; 7.284      ;
; 2.548   ; sc_ci_r[2]~DUPLICATE                                                                             ; altsyncram:edge_key_r_rtl_0|altsyncram_esi1:auto_generated|ram_block1a4~PORT_A_DATA_IN_11    ; clk          ; clk         ; 10.000       ; -0.116     ; 7.276      ;
; 2.551   ; sc_ci_r[2]~DUPLICATE                                                                             ; altsyncram:edge_key_r_rtl_0|altsyncram_esi1:auto_generated|ram_block1a4~porta_datain_reg0    ; clk          ; clk         ; 10.000       ; -0.122     ; 7.267      ;
; 2.554   ; sc_ci_r[2]~DUPLICATE                                                                             ; altsyncram:edge_key_r_rtl_0|altsyncram_esi1:auto_generated|ram_block1a4~porta_datain_reg1    ; clk          ; clk         ; 10.000       ; -0.113     ; 7.273      ;
; 2.555   ; cmd_lat_w_i[7]                                                                                   ; lat_w_r[7]                                                                                   ; clk          ; clk         ; 10.000       ; 3.527      ; 10.912     ;
; 2.556   ; sc_ci_r[2]~DUPLICATE                                                                             ; altsyncram:edge_key_r_rtl_0|altsyncram_esi1:auto_generated|ram_block1a4~PORT_A_DATA_IN_10    ; clk          ; clk         ; 10.000       ; -0.115     ; 7.269      ;
; 2.561   ; sc_ci_r[2]~DUPLICATE                                                                             ; altsyncram:edge_key_r_rtl_0|altsyncram_esi1:auto_generated|ram_block1a4~porta_address_reg4   ; clk          ; clk         ; 10.000       ; -0.180     ; 7.199      ;
; 2.587   ; cmd_valid_i                                                                                      ; lat_w_r[0]~_Duplicate_2                                                                      ; clk          ; clk         ; 10.000       ; 3.275      ; 10.628     ;
; 2.587   ; cmd_valid_i                                                                                      ; lat_w_r[2]~_Duplicate_2                                                                      ; clk          ; clk         ; 10.000       ; 3.275      ; 10.628     ;
; 2.587   ; cmd_valid_i                                                                                      ; lat_w_r[3]~_Duplicate_2                                                                      ; clk          ; clk         ; 10.000       ; 3.281      ; 10.634     ;
; 2.587   ; cmd_valid_i                                                                                      ; lat_w_r[6]~_Duplicate_2                                                                      ; clk          ; clk         ; 10.000       ; 3.281      ; 10.634     ;
; 2.587   ; cmd_valid_i                                                                                      ; lat_w_r[9]~_Duplicate_2                                                                      ; clk          ; clk         ; 10.000       ; 3.277      ; 10.630     ;
; 2.587   ; cmd_valid_i                                                                                      ; lat_w_r[10]~_Duplicate_2                                                                     ; clk          ; clk         ; 10.000       ; 3.281      ; 10.634     ;
; 2.589   ; sc_ci_r[2]~DUPLICATE                                                                             ; altsyncram:edge_key_r_rtl_0|altsyncram_esi1:auto_generated|ram_block1a4~porta_address_reg10  ; clk          ; clk         ; 10.000       ; -0.178     ; 7.173      ;
; 2.604   ; dropped_q_r[11]                                                                                  ; page_dropped_o[11]                                                                           ; clk          ; clk         ; 10.000       ; -5.916     ; 1.420      ;
; 2.609   ; sc_ci_r[2]~DUPLICATE                                                                             ; edge_span_r_rtl_0_bypass[21]                                                                 ; clk          ; clk         ; 10.000       ; -0.504     ; 6.827      ;
; 2.626   ; cmd_cw_i[3]                                                                                      ; cw_r[3]                                                                                      ; clk          ; clk         ; 10.000       ; 3.304      ; 10.618     ;
; 2.626   ; cmd_valid_i                                                                                      ; src_r[5]                                                                                     ; clk          ; clk         ; 10.000       ; 3.232      ; 10.546     ;
; 2.647   ; sc_ci_r[2]~DUPLICATE                                                                             ; altsyncram:edge_key_r_rtl_0|altsyncram_esi1:auto_generated|ram_block1a0~porta_address_reg3   ; clk          ; clk         ; 10.000       ; 0.084      ; 7.377      ;
; 2.652   ; vd_data_i[1]                                                                                     ; pr_va_r[1]                                                                                   ; clk          ; clk         ; 10.000       ; 3.228      ; 10.516     ;
; 2.667   ; cmd_src_id_i[2]                                                                                  ; src_r[2]                                                                                     ; clk          ; clk         ; 10.000       ; 3.203      ; 10.476     ;
; 2.670   ; sc_ci_r[2]~DUPLICATE                                                                             ; edge_key_r_rtl_0_bypass[25]~DUPLICATE                                                        ; clk          ; clk         ; 10.000       ; -0.486     ; 6.784      ;
; 2.670   ; sc_ci_r[4]                                                                                       ; altsyncram:edge_span_r_rtl_0|altsyncram_kpi1:auto_generated|ram_block1a5~PORT_A_DATA_IN_15   ; clk          ; clk         ; 10.000       ; -0.118     ; 7.152      ;
; 2.677   ; sc_ci_r[2]~DUPLICATE                                                                             ; edge_key_r_rtl_0_bypass[25]                                                                  ; clk          ; clk         ; 10.000       ; -0.482     ; 6.781      ;
; 2.681   ; cmd_lat_w_i[14]                                                                                  ; lat_w_r[14]                                                                                  ; clk          ; clk         ; 10.000       ; 3.527      ; 10.786     ;
; 2.683   ; cmd_valid_i                                                                                      ; lat_w_r[14]~_Duplicate_2                                                                     ; clk          ; clk         ; 10.000       ; 3.275      ; 10.532     ;
; 2.685   ; sc_ci_r[4]                                                                                       ; altsyncram:edge_span_r_rtl_0|altsyncram_kpi1:auto_generated|ram_block1a5~PORT_A_DATA_IN_5    ; clk          ; clk         ; 10.000       ; -0.120     ; 7.135      ;
; 2.689   ; altsyncram:run_mem_r_rtl_0|altsyncram_8si1:auto_generated|ram_block1a0~PORT_B_WRITE_ENABLE_REG   ; mhead_r[10]                                                                                  ; clk          ; clk         ; 10.000       ; -1.107     ; 6.144      ;
; 2.689   ; altsyncram:run_mem_r_rtl_0|altsyncram_8si1:auto_generated|ram_block1a0~PORT_B_WRITE_ENABLE_REG   ; mhead_r[6]                                                                                   ; clk          ; clk         ; 10.000       ; -1.107     ; 6.144      ;
; 2.689   ; altsyncram:run_mem_r_rtl_0|altsyncram_8si1:auto_generated|ram_block1a0~PORT_B_WRITE_ENABLE_REG   ; mhead_r[5]                                                                                   ; clk          ; clk         ; 10.000       ; -1.111     ; 6.140      ;
; 2.689   ; altsyncram:run_mem_r_rtl_0|altsyncram_8si1:auto_generated|ram_block1a0~PORT_B_WRITE_ENABLE_REG   ; mhead_r[2]                                                                                   ; clk          ; clk         ; 10.000       ; -1.111     ; 6.140      ;
; 2.691   ; st_r.StEnum                                                                                      ; sc_ci_r[3]~DUPLICATE                                                                         ; clk          ; clk         ; 10.000       ; -0.130     ; 7.119      ;
; 2.691   ; st_r.StEnum                                                                                      ; sc_ci_r[1]~DUPLICATE                                                                         ; clk          ; clk         ; 10.000       ; -0.130     ; 7.119      ;
; 2.692   ; st_r.StEnum                                                                                      ; sc_ci_r[2]~DUPLICATE                                                                         ; clk          ; clk         ; 10.000       ; -0.135     ; 7.113      ;
; 2.692   ; st_r.StEnum                                                                                      ; sc_ci_r[0]                                                                                   ; clk          ; clk         ; 10.000       ; -0.135     ; 7.113      ;
; 2.692   ; st_r.StEnum                                                                                      ; sc_ci_r[1]                                                                                   ; clk          ; clk         ; 10.000       ; -0.137     ; 7.111      ;
; 2.692   ; st_r.StEnum                                                                                      ; sc_ci_r[0]~DUPLICATE                                                                         ; clk          ; clk         ; 10.000       ; -0.131     ; 7.117      ;
; 2.692   ; st_r.StEnum                                                                                      ; sc_ci_r[2]                                                                                   ; clk          ; clk         ; 10.000       ; -0.131     ; 7.117      ;
; 2.692   ; st_r.StEnum                                                                                      ; sc_ci_r[3]                                                                                   ; clk          ; clk         ; 10.000       ; -0.137     ; 7.111      ;
; 2.697   ; sc_ci_r[4]                                                                                       ; altsyncram:edge_span_r_rtl_0|altsyncram_kpi1:auto_generated|ram_block1a5~porta_datain_reg0   ; clk          ; clk         ; 10.000       ; -0.128     ; 7.115      ;
; 2.698   ; sc_ci_r[4]                                                                                       ; altsyncram:edge_span_r_rtl_0|altsyncram_kpi1:auto_generated|ram_block1a5~PORT_A_DATA_IN_10   ; clk          ; clk         ; 10.000       ; -0.121     ; 7.121      ;
; 2.703   ; cmd_valid_i                                                                                      ; Mult1~mac|ENA_DFF0                                                                           ; clk          ; clk         ; 10.000       ; 3.581      ; 10.818     ;
; 2.704   ; cmd_lat_w_i[11]                                                                                  ; lat_w_r[11]~_Duplicate_1                                                                     ; clk          ; clk         ; 10.000       ; 3.581      ; 10.817     ;
; 2.708   ; sc_ci_r[2]~DUPLICATE                                                                             ; edge_key_r_rtl_0_bypass[23]                                                                  ; clk          ; clk         ; 10.000       ; -0.105     ; 7.127      ;
; 2.711   ; sc_ci_r[4]                                                                                       ; edge_span_r_rtl_0_bypass[23]                                                                 ; clk          ; clk         ; 10.000       ; -0.134     ; 7.095      ;
; 2.712   ; cmd_lat_w_i[9]                                                                                   ; lat_w_r[9]~_Duplicate_1                                                                      ; clk          ; clk         ; 10.000       ; 3.581      ; 10.809     ;
; 2.724   ; cmd_src_id_i[15]                                                                                 ; src_r[15]                                                                                    ; clk          ; clk         ; 10.000       ; 3.227      ; 10.443     ;
; 2.726   ; cmd_lat_w_i[6]                                                                                   ; lat_w_r[6]~_Duplicate_1                                                                      ; clk          ; clk         ; 10.000       ; 3.581      ; 10.795     ;
; 2.736   ; triangles_submitted_o[21]~reg0                                                                   ; triangles_submitted_o[21]                                                                    ; clk          ; clk         ; 10.000       ; -5.985     ; 1.219      ;
; 2.737   ; sc_ci_r[2]~DUPLICATE                                                                             ; altsyncram:edge_key_r_rtl_0|altsyncram_esi1:auto_generated|ram_block1a0~porta_address_reg4   ; clk          ; clk         ; 10.000       ; -0.180     ; 7.023      ;
; 2.746   ; cmd_src_id_i[13]                                                                                 ; src_r[13]                                                                                    ; clk          ; clk         ; 10.000       ; 3.221      ; 10.415     ;
; 2.751   ; triangles_submitted_o[1]~reg0                                                                    ; triangles_submitted_o[1]                                                                     ; clk          ; clk         ; 10.000       ; -5.922     ; 1.267      ;
; 2.754   ; cmd_lat_w_i[7]                                                                                   ; lat_w_r[7]~_Duplicate_2                                                                      ; clk          ; clk         ; 10.000       ; 3.277      ; 10.463     ;
; 2.758   ; st_r.StEnum                                                                                      ; sc_ci_r[4]                                                                                   ; clk          ; clk         ; 10.000       ; -0.130     ; 7.052      ;
; 2.759   ; st_r.StEnum                                                                                      ; sc_ci_r[4]~DUPLICATE                                                                         ; clk          ; clk         ; 10.000       ; -0.137     ; 7.044      ;
; 2.761   ; cmd_valid_i                                                                                      ; src_r[7]                                                                                     ; clk          ; clk         ; 10.000       ; 3.233      ; 10.412     ;
; 2.761   ; cmd_valid_i                                                                                      ; src_r[12]                                                                                    ; clk          ; clk         ; 10.000       ; 3.233      ; 10.412     ;
; 2.771   ; cmd_lat_w_i[6]                                                                                   ; lat_w_r[6]                                                                                   ; clk          ; clk         ; 10.000       ; 3.527      ; 10.696     ;
; 2.771   ; cmd_lat_w_i[8]                                                                                   ; lat_w_r[8]~_Duplicate_2                                                                      ; clk          ; clk         ; 10.000       ; 3.282      ; 10.451     ;
; 2.772   ; mtake_r[0]                                                                                       ; need_r[9]                                                                                    ; clk          ; clk         ; 10.000       ; -0.113     ; 7.055      ;
; 2.776   ; mtake_r[0]                                                                                       ; need_r[9]~DUPLICATE                                                                          ; clk          ; clk         ; 10.000       ; -0.111     ; 7.053      ;
; 2.777   ; cmd_valid_i                                                                                      ; lat_w_r[5]~_Duplicate_2                                                                      ; clk          ; clk         ; 10.000       ; 3.282      ; 10.445     ;
; 2.777   ; cmd_valid_i                                                                                      ; lat_w_r[13]~_Duplicate_2                                                                     ; clk          ; clk         ; 10.000       ; 3.282      ; 10.445     ;
; 2.778   ; cmd_valid_i                                                                                      ; pg_cj_r[13]                                                                                  ; clk          ; clk         ; 10.000       ; 3.221      ; 10.383     ;
; 2.778   ; cmd_valid_i                                                                                      ; lat_w_r[1]~_Duplicate_2                                                                      ; clk          ; clk         ; 10.000       ; 3.277      ; 10.439     ;
; 2.778   ; cmd_valid_i                                                                                      ; lat_w_r[4]~_Duplicate_2                                                                      ; clk          ; clk         ; 10.000       ; 3.277      ; 10.439     ;
; 2.778   ; cmd_valid_i                                                                                      ; lat_w_r[11]~_Duplicate_2                                                                     ; clk          ; clk         ; 10.000       ; 3.277      ; 10.439     ;
; 2.778   ; cmd_valid_i                                                                                      ; lat_w_r[12]~_Duplicate_2                                                                     ; clk          ; clk         ; 10.000       ; 3.277      ; 10.439     ;
; 2.778   ; cmd_valid_i                                                                                      ; lat_w_r[15]~_Duplicate_2                                                                     ; clk          ; clk         ; 10.000       ; 3.277      ; 10.439     ;
; 2.778   ; cmd_valid_i                                                                                      ; src_r[1]                                                                                     ; clk          ; clk         ; 10.000       ; 3.221      ; 10.383     ;
; 2.778   ; cmd_valid_i                                                                                      ; src_r[11]                                                                                    ; clk          ; clk         ; 10.000       ; 3.221      ; 10.383     ;
; 2.779   ; cmd_valid_i                                                                                      ; pg_cj_r[12]                                                                                  ; clk          ; clk         ; 10.000       ; 3.220      ; 10.381     ;
; 2.779   ; cmd_valid_i                                                                                      ; pg_cj_r[10]                                                                                  ; clk          ; clk         ; 10.000       ; 3.220      ; 10.381     ;
; 2.779   ; cmd_valid_i                                                                                      ; pg_cj_r[7]                                                                                   ; clk          ; clk         ; 10.000       ; 3.220      ; 10.381     ;
; 2.780   ; ld_solid_i                                                                                       ; altsyncram:win_mem_rtl_0|altsyncram_40q1:auto_generated|ram_block1a0~porta_datain_reg33      ; clk          ; clk         ; 10.000       ; 3.335      ; 10.495     ;
; 2.782   ; cmd_valid_i                                                                                      ; ch_r[0]                                                                                      ; clk          ; clk         ; 10.000       ; 3.305      ; 10.463     ;
; 2.782   ; cmd_valid_i                                                                                      ; ch_r[1]                                                                                      ; clk          ; clk         ; 10.000       ; 3.305      ; 10.463     ;
; 2.782   ; cmd_valid_i                                                                                      ; ch_r[5]                                                                                      ; clk          ; clk         ; 10.000       ; 3.305      ; 10.463     ;
; 2.783   ; cmd_valid_i                                                                                      ; ch_r[3]                                                                                      ; clk          ; clk         ; 10.000       ; 3.301      ; 10.458     ;
; 2.785   ; ld_wj_r[5]                                                                                       ; sc_side_r[1]                                                                                 ; clk          ; clk         ; 10.000       ; -0.098     ; 7.057      ;
; 2.786   ; ld_wj_r[5]                                                                                       ; sc_side_r[0]                                                                                 ; clk          ; clk         ; 10.000       ; -0.103     ; 7.051      ;
; 2.786   ; ld_wj_r[5]                                                                                       ; sc_side_r[1]~DUPLICATE                                                                       ; clk          ; clk         ; 10.000       ; -0.105     ; 7.049      ;
; 2.801   ; cmd_valid_i                                                                                      ; vden_r                                                                                       ; clk          ; clk         ; 10.000       ; 3.229      ; 10.368     ;
; 2.801   ; cmd_valid_i                                                                                      ; pg_cj_r[14]                                                                                  ; clk          ; clk         ; 10.000       ; 3.229      ; 10.368     ;
; 2.801   ; cmd_valid_i                                                                                      ; pg_cj_r[15]                                                                                  ; clk          ; clk         ; 10.000       ; 3.229      ; 10.368     ;
; 2.801   ; dropped_q_r[10]                                                                                  ; page_dropped_o[10]                                                                           ; clk          ; clk         ; 10.000       ; -5.915     ; 1.224      ;
; 2.802   ; cmd_valid_i                                                                                      ; pg_cj_r[2]                                                                                   ; clk          ; clk         ; 10.000       ; 3.224      ; 10.362     ;
; 2.802   ; cmd_valid_i                                                                                      ; pg_cj_r[0]                                                                                   ; clk          ; clk         ; 10.000       ; 3.224      ; 10.362     ;
; 2.802   ; merged_q_r[7]                                                                                    ; page_merged_o[7]                                                                             ; clk          ; clk         ; 10.000       ; -5.912     ; 1.226      ;
; 2.813   ; mtake_r[0]                                                                                       ; need_r[8]~DUPLICATE                                                                          ; clk          ; clk         ; 10.000       ; -0.115     ; 7.012      ;
; 2.817   ; mtake_r[0]                                                                                       ; need_r[8]                                                                                    ; clk          ; clk         ; 10.000       ; -0.109     ; 7.014      ;
; 2.825   ; merged_q_r[8]                                                                                    ; page_merged_o[8]                                                                             ; clk          ; clk         ; 10.000       ; -5.912     ; 1.203      ;
; 2.826   ; cmd_lat_w_i[14]                                                                                  ; lat_w_r[14]~_Duplicate_1                                                                     ; clk          ; clk         ; 10.000       ; 3.581      ; 10.695     ;
; 2.828   ; dropped_q_r[8]                                                                                   ; page_dropped_o[8]                                                                            ; clk          ; clk         ; 10.000       ; -5.920     ; 1.192      ;
; 2.837   ; altsyncram:run_mem_r_rtl_0|altsyncram_8si1:auto_generated|ram_block1a0~PORT_B_WRITE_ENABLE_REG   ; mhead_r[9]                                                                                   ; clk          ; clk         ; 10.000       ; -1.092     ; 6.011      ;
; 2.849   ; altsyncram:edge_key_r_rtl_0|altsyncram_esi1:auto_generated|ram_block1a0~PORT_B_WRITE_ENABLE_REG  ; emit_e_r[16]                                                                                 ; clk          ; clk         ; 10.000       ; -1.497     ; 5.594      ;
; 2.854   ; cmd_valid_i                                                                                      ; src_r[6]                                                                                     ; clk          ; clk         ; 10.000       ; 3.240      ; 10.326     ;
; 2.862   ; cmd_valid_i                                                                                      ; cw_r[4]                                                                                      ; clk          ; clk         ; 10.000       ; 3.309      ; 10.387     ;
; 2.862   ; cmd_valid_i                                                                                      ; cw_r[1]                                                                                      ; clk          ; clk         ; 10.000       ; 3.309      ; 10.387     ;
; 2.862   ; cmd_lat_w_i[3]                                                                                   ; lat_w_r[3]                                                                                   ; clk          ; clk         ; 10.000       ; 3.527      ; 10.605     ;
; 2.863   ; cmd_valid_i                                                                                      ; cw_r[0]                                                                                      ; clk          ; clk         ; 10.000       ; 3.304      ; 10.381     ;
; 2.863   ; cmd_valid_i                                                                                      ; cw_r[2]                                                                                      ; clk          ; clk         ; 10.000       ; 3.302      ; 10.379     ;
; 2.863   ; cmd_valid_i                                                                                      ; cw_r[5]                                                                                      ; clk          ; clk         ; 10.000       ; 3.304      ; 10.381     ;
; 2.863   ; cmd_valid_i                                                                                      ; ch_r[4]                                                                                      ; clk          ; clk         ; 10.000       ; 3.302      ; 10.379     ;
; 2.872   ; merged_q_r[9]                                                                                    ; page_merged_o[9]                                                                             ; clk          ; clk         ; 10.000       ; -5.912     ; 1.156      ;
; 2.874   ; mtake_r[0]                                                                                       ; need_r[11]                                                                                   ; clk          ; clk         ; 10.000       ; -0.115     ; 6.951      ;
; 2.878   ; cnt_r[2]~DUPLICATE                                                                               ; thr_r[9]                                                                                     ; clk          ; clk         ; 10.000       ; -0.138     ; 6.924      ;
; 2.878   ; cnt_r[2]~DUPLICATE                                                                               ; thr_r[1]                                                                                     ; clk          ; clk         ; 10.000       ; -0.145     ; 6.917      ;
; 2.878   ; cnt_r[2]~DUPLICATE                                                                               ; thr_r[16]                                                                                    ; clk          ; clk         ; 10.000       ; -0.139     ; 6.923      ;
; 2.878   ; cnt_r[2]~DUPLICATE                                                                               ; thr_r[14]                                                                                    ; clk          ; clk         ; 10.000       ; -0.139     ; 6.923      ;
; 2.878   ; cnt_r[2]~DUPLICATE                                                                               ; thr_r[29]                                                                                    ; clk          ; clk         ; 10.000       ; -0.138     ; 6.924      ;
; 2.878   ; cnt_r[2]~DUPLICATE                                                                               ; thr_r[30]                                                                                    ; clk          ; clk         ; 10.000       ; -0.139     ; 6.923      ;
; 2.879   ; cnt_r[2]~DUPLICATE                                                                               ; thr_r[25]                                                                                    ; clk          ; clk         ; 10.000       ; -0.143     ; 6.918      ;
; 2.883   ; mtake_r[0]                                                                                       ; need_r[7]~DUPLICATE                                                                          ; clk          ; clk         ; 10.000       ; -0.113     ; 6.944      ;
; 2.883   ; altsyncram:run_mem_r_rtl_0|altsyncram_8si1:auto_generated|ram_block1a0~PORT_B_WRITE_ENABLE_REG   ; mhead_r[8]                                                                                   ; clk          ; clk         ; 10.000       ; -1.090     ; 5.967      ;
; 2.886   ; sc_ci_r[2]~DUPLICATE                                                                             ; edge_key_r_rtl_0_bypass[1]                                                                   ; clk          ; clk         ; 10.000       ; -0.505     ; 6.549      ;
; 2.888   ; mtake_r[0]                                                                                       ; need_r[7]                                                                                    ; clk          ; clk         ; 10.000       ; -0.111     ; 6.941      ;
; 2.888   ; cmd_valid_i                                                                                      ; src_r[4]                                                                                     ; clk          ; clk         ; 10.000       ; 3.243      ; 10.295     ;
; 2.895   ; cmd_valid_i                                                                                      ; src_r[8]                                                                                     ; clk          ; clk         ; 10.000       ; 3.207      ; 10.252     ;
; 2.896   ; merged_q_r[10]                                                                                   ; page_merged_o[10]                                                                            ; clk          ; clk         ; 10.000       ; -5.919     ; 1.125      ;
; 2.899   ; vd_data_i[28]                                                                                    ; pr_va_r[28]                                                                                  ; clk          ; clk         ; 10.000       ; 3.234      ; 10.275     ;
; 2.907   ; idx_r[6]                                                                                         ; altsyncram:run_mem_r_rtl_0|altsyncram_8si1:auto_generated|ram_block1a0~portb_address_reg5    ; clk          ; clk         ; 10.000       ; -0.185     ; 6.848      ;
; 2.907   ; vd_data_i[17]                                                                                    ; pr_va_r[17]                                                                                  ; clk          ; clk         ; 10.000       ; 3.237      ; 10.270     ;
; 2.907   ; cmd_valid_i                                                                                      ; pg_cj_r[11]                                                                                  ; clk          ; clk         ; 10.000       ; 3.226      ; 10.259     ;
; 2.907   ; cmd_valid_i                                                                                      ; pg_cj_r[3]                                                                                   ; clk          ; clk         ; 10.000       ; 3.226      ; 10.259     ;
; 2.907   ; cmd_valid_i                                                                                      ; pg_cj_r[1]                                                                                   ; clk          ; clk         ; 10.000       ; 3.224      ; 10.257     ;
; 2.908   ; cmd_valid_i                                                                                      ; pg_cj_r[4]                                                                                   ; clk          ; clk         ; 10.000       ; 3.225      ; 10.257     ;
; 2.908   ; triangles_submitted_o[12]~reg0                                                                   ; triangles_submitted_o[12]                                                                    ; clk          ; clk         ; 10.000       ; -6.002     ; 1.030      ;
; 2.908   ; triangles_submitted_o[20]~reg0                                                                   ; triangles_submitted_o[20]                                                                    ; clk          ; clk         ; 10.000       ; -5.987     ; 1.045      ;
; 2.915   ; cmd_valid_i                                                                                      ; Mult0~mac|ENA_DFF0                                                                           ; clk          ; clk         ; 10.000       ; 3.527      ; 10.552     ;
; 2.919   ; ld_solid_i                                                                                       ; ld_asm_r[32]~DUPLICATE                                                                       ; clk          ; clk         ; 10.000       ; 3.323      ; 10.344     ;
; 2.921   ; cmd_valid_i                                                                                      ; src_r[0]                                                                                     ; clk          ; clk         ; 10.000       ; 3.203      ; 10.222     ;
; 2.921   ; cmd_valid_i                                                                                      ; src_r[3]                                                                                     ; clk          ; clk         ; 10.000       ; 3.209      ; 10.228     ;
; 2.923   ; cmd_valid_i                                                                                      ; pg_ci_r[15]                                                                                  ; clk          ; clk         ; 10.000       ; 3.232      ; 10.249     ;
; 2.933   ; ld_solid_i                                                                                       ; ld_asm_r[32]                                                                                 ; clk          ; clk         ; 10.000       ; 3.339      ; 10.346     ;
; 2.935   ; altsyncram:run_mem_r_rtl_0|altsyncram_8si1:auto_generated|ram_block1a0~PORT_B_WRITE_ENABLE_REG   ; mhead_r[3]                                                                                   ; clk          ; clk         ; 10.000       ; -1.092     ; 5.913      ;
; 2.935   ; altsyncram:run_mem_r_rtl_0|altsyncram_8si1:auto_generated|ram_block1a0~PORT_B_WRITE_ENABLE_REG   ; mhead_r[7]                                                                                   ; clk          ; clk         ; 10.000       ; -1.096     ; 5.909      ;
; 2.935   ; altsyncram:run_mem_r_rtl_0|altsyncram_8si1:auto_generated|ram_block1a0~PORT_B_WRITE_ENABLE_REG   ; mhead_r[1]                                                                                   ; clk          ; clk         ; 10.000       ; -1.095     ; 5.910      ;
; 2.935   ; altsyncram:run_mem_r_rtl_0|altsyncram_8si1:auto_generated|ram_block1a0~PORT_B_WRITE_ENABLE_REG   ; mhead_r[0]                                                                                   ; clk          ; clk         ; 10.000       ; -1.096     ; 5.909      ;
; 2.935   ; altsyncram:run_mem_r_rtl_0|altsyncram_8si1:auto_generated|ram_block1a0~PORT_B_WRITE_ENABLE_REG   ; mhead_r[4]                                                                                   ; clk          ; clk         ; 10.000       ; -1.096     ; 5.909      ;
; 2.937   ; vd_data_i[21]                                                                                    ; pr_va_r[21]                                                                                  ; clk          ; clk         ; 10.000       ; 3.234      ; 10.237     ;
; 2.945   ; vd_data_i[20]                                                                                    ; pr_va_r[20]                                                                                  ; clk          ; clk         ; 10.000       ; 3.230      ; 10.225     ;
; 2.945   ; idx_r[11]                                                                                        ; merged_q_r[10]                                                                               ; clk          ; clk         ; 10.000       ; -0.119     ; 6.876      ;
; 2.946   ; idx_r[11]                                                                                        ; merged_q_r[3]                                                                                ; clk          ; clk         ; 10.000       ; -0.117     ; 6.877      ;
; 2.946   ; idx_r[11]                                                                                        ; merged_q_r[4]                                                                                ; clk          ; clk         ; 10.000       ; -0.123     ; 6.871      ;
; 2.946   ; idx_r[11]                                                                                        ; dropped_q_r[3]                                                                               ; clk          ; clk         ; 10.000       ; -0.123     ; 6.871      ;
; 2.947   ; idx_r[11]                                                                                        ; merged_q_r[7]                                                                                ; clk          ; clk         ; 10.000       ; -0.124     ; 6.869      ;
; 2.947   ; idx_r[11]                                                                                        ; merged_q_r[8]                                                                                ; clk          ; clk         ; 10.000       ; -0.124     ; 6.869      ;
; 2.947   ; idx_r[11]                                                                                        ; merged_q_r[9]                                                                                ; clk          ; clk         ; 10.000       ; -0.124     ; 6.869      ;
; 2.948   ; vd_data_i[3]                                                                                     ; pr_va_r[3]                                                                                   ; clk          ; clk         ; 10.000       ; 3.234      ; 10.226     ;
; 2.951   ; idx_r[6]                                                                                         ; altsyncram:run_mem_r_rtl_0|altsyncram_8si1:auto_generated|ram_block1a6~portb_address_reg6    ; clk          ; clk         ; 10.000       ; -0.166     ; 6.823      ;
; 2.954   ; dropped_q_r[0]                                                                                   ; page_dropped_o[0]                                                                            ; clk          ; clk         ; 10.000       ; -5.920     ; 1.066      ;
; 2.956   ; dropped_q_r[9]                                                                                   ; page_dropped_o[9]                                                                            ; clk          ; clk         ; 10.000       ; -5.920     ; 1.064      ;
; 2.957   ; cmd_valid_i                                                                                      ; pg_cj_r[5]                                                                                   ; clk          ; clk         ; 10.000       ; 3.247      ; 10.230     ;
; 2.958   ; cmd_valid_i                                                                                      ; pg_cj_r[6]                                                                                   ; clk          ; clk         ; 10.000       ; 3.243      ; 10.225     ;
; 2.964   ; cmd_valid_i                                                                                      ; pg_ci_r[14]                                                                                  ; clk          ; clk         ; 10.000       ; 3.233      ; 10.209     ;
; 2.964   ; cmd_valid_i                                                                                      ; pg_ci_r[13]~DUPLICATE                                                                        ; clk          ; clk         ; 10.000       ; 3.239      ; 10.215     ;
; 2.964   ; cmd_valid_i                                                                                      ; pg_ci_r[12]                                                                                  ; clk          ; clk         ; 10.000       ; 3.239      ; 10.215     ;
; 2.964   ; cmd_valid_i                                                                                      ; pg_ci_r[11]                                                                                  ; clk          ; clk         ; 10.000       ; 3.239      ; 10.215     ;
; 2.964   ; cmd_valid_i                                                                                      ; pg_ci_r[10]                                                                                  ; clk          ; clk         ; 10.000       ; 3.233      ; 10.209     ;
; 2.964   ; cmd_valid_i                                                                                      ; pg_ci_r[6]                                                                                   ; clk          ; clk         ; 10.000       ; 3.239      ; 10.215     ;
; 2.964   ; cmd_valid_i                                                                                      ; pg_ci_r[5]                                                                                   ; clk          ; clk         ; 10.000       ; 3.239      ; 10.215     ;
; 2.964   ; cmd_valid_i                                                                                      ; pg_ci_r[1]                                                                                   ; clk          ; clk         ; 10.000       ; 3.233      ; 10.209     ;
; 2.964   ; cmd_valid_i                                                                                      ; pg_ci_r[0]                                                                                   ; clk          ; clk         ; 10.000       ; 3.233      ; 10.209     ;
; 2.965   ; mlen_r[5]                                                                                        ; altsyncram:run_mem_r_rtl_0|altsyncram_8si1:auto_generated|ram_block1a6~portb_address_reg3    ; clk          ; clk         ; 10.000       ; -0.176     ; 6.799      ;
; 2.965   ; cmd_valid_i                                                                                      ; pg_ci_r[13]                                                                                  ; clk          ; clk         ; 10.000       ; 3.235      ; 10.210     ;
; 2.975   ; sc_ci_r[2]~DUPLICATE                                                                             ; edge_key_r_rtl_0_bypass[11]                                                                  ; clk          ; clk         ; 10.000       ; -0.516     ; 6.449      ;
; 2.976   ; cmd_valid_i                                                                                      ; pg_ci_r[8]                                                                                   ; clk          ; clk         ; 10.000       ; 3.240      ; 10.204     ;
; 2.976   ; cmd_valid_i                                                                                      ; pg_ci_r[7]                                                                                   ; clk          ; clk         ; 10.000       ; 3.240      ; 10.204     ;
; 2.976   ; cmd_valid_i                                                                                      ; pg_ci_r[4]                                                                                   ; clk          ; clk         ; 10.000       ; 3.240      ; 10.204     ;
; 2.976   ; cmd_valid_i                                                                                      ; pg_ci_r[3]                                                                                   ; clk          ; clk         ; 10.000       ; 3.240      ; 10.204     ;
; 2.976   ; cmd_lat_w_i[3]                                                                                   ; lat_w_r[3]~_Duplicate_1                                                                      ; clk          ; clk         ; 10.000       ; 3.581      ; 10.545     ;
; 2.977   ; cmd_valid_i                                                                                      ; pg_ci_r[9]                                                                                   ; clk          ; clk         ; 10.000       ; 3.235      ; 10.198     ;
; 2.977   ; cmd_valid_i                                                                                      ; pg_ci_r[2]                                                                                   ; clk          ; clk         ; 10.000       ; 3.235      ; 10.198     ;
; 2.977   ; cmd_valid_i                                                                                      ; pg_cj_r[9]                                                                                   ; clk          ; clk         ; 10.000       ; 3.235      ; 10.198     ;
; 2.977   ; cmd_valid_i                                                                                      ; pg_cj_r[8]                                                                                   ; clk          ; clk         ; 10.000       ; 3.235      ; 10.198     ;
; 2.981   ; idx_r[6]                                                                                         ; altsyncram:run_mem_r_rtl_0|altsyncram_8si1:auto_generated|ram_block1a0~portb_address_reg6    ; clk          ; clk         ; 10.000       ; -0.182     ; 6.777      ;
; 2.985   ; cmd_valid_i                                                                                      ; src_r[9]                                                                                     ; clk          ; clk         ; 10.000       ; 3.207      ; 10.162     ;
; 2.986   ; cmd_valid_i                                                                                      ; src_r[10]                                                                                    ; clk          ; clk         ; 10.000       ; 3.209      ; 10.163     ;
; 2.986   ; cmd_valid_i                                                                                      ; src_r[14]                                                                                    ; clk          ; clk         ; 10.000       ; 3.203      ; 10.157     ;
; 2.997   ; dropped_q_r[2]                                                                                   ; page_dropped_o[2]                                                                            ; clk          ; clk         ; 10.000       ; -5.920     ; 1.023      ;
; 2.998   ; dropped_q_r[1]                                                                                   ; page_dropped_o[1]                                                                            ; clk          ; clk         ; 10.000       ; -5.915     ; 1.027      ;
; 3.003   ; altsyncram:edge_key_r_rtl_0|altsyncram_esi1:auto_generated|ram_block1a5~PORT_B_WRITE_ENABLE_REG  ; run_prev_r[11]                                                                               ; clk          ; clk         ; 10.000       ; -1.492     ; 5.445      ;
; 3.012   ; cmd_lat_w_i[15]                                                                                  ; lat_w_r[15]                                                                                  ; clk          ; clk         ; 10.000       ; 3.527      ; 10.455     ;
; 3.013   ; mlen_r[5]                                                                                        ; altsyncram:run_mem_r_rtl_0|altsyncram_8si1:auto_generated|ram_block1a0~portb_address_reg3    ; clk          ; clk         ; 10.000       ; -0.176     ; 6.751      ;
; 3.022   ; cmd_lat_w_i[9]                                                                                   ; lat_w_r[9]                                                                                   ; clk          ; clk         ; 10.000       ; 3.527      ; 10.445     ;
; 3.023   ; cmd_lat_w_i[0]                                                                                   ; lat_w_r[0]                                                                                   ; clk          ; clk         ; 10.000       ; 3.527      ; 10.444     ;
; 3.038   ; st_r.StLoad~DUPLICATE                                                                            ; ld_ready_o                                                                                   ; clk          ; clk         ; 10.000       ; -6.014     ; 0.888      ;
; 3.041   ; idx_r[6]                                                                                         ; altsyncram:run_mem_r_rtl_0|altsyncram_8si1:auto_generated|ram_block1a6~portb_address_reg5    ; clk          ; clk         ; 10.000       ; -0.169     ; 6.730      ;
; 3.049   ; idx_r[11]                                                                                        ; merged_q_r[0]                                                                                ; clk          ; clk         ; 10.000       ; -0.121     ; 6.770      ;
; 3.049   ; idx_r[11]                                                                                        ; merged_q_r[1]                                                                                ; clk          ; clk         ; 10.000       ; -0.121     ; 6.770      ;
; 3.049   ; idx_r[11]                                                                                        ; merged_q_r[5]                                                                                ; clk          ; clk         ; 10.000       ; -0.116     ; 6.775      ;
; 3.049   ; idx_r[11]                                                                                        ; merged_q_r[6]                                                                                ; clk          ; clk         ; 10.000       ; -0.119     ; 6.772      ;
; 3.049   ; idx_r[11]                                                                                        ; merged_q_r[11]                                                                               ; clk          ; clk         ; 10.000       ; -0.121     ; 6.770      ;
; 3.054   ; cmd_lat_w_i[13]                                                                                  ; lat_w_r[13]~_Duplicate_1                                                                     ; clk          ; clk         ; 10.000       ; 3.581      ; 10.467     ;
; 3.060   ; st_r.StLoad~DUPLICATE                                                                            ; ld_asm_r[2]                                                                                  ; clk          ; clk         ; 10.000       ; -0.602     ; 6.278      ;
; 3.060   ; st_r.StLoad~DUPLICATE                                                                            ; ld_asm_r[3]                                                                                  ; clk          ; clk         ; 10.000       ; -0.602     ; 6.278      ;
; 3.061   ; merged_q_r[11]                                                                                   ; page_merged_o[11]                                                                            ; clk          ; clk         ; 10.000       ; -5.916     ; 0.963      ;
; 3.067   ; ld_wj_r[5]                                                                                       ; prime_k_r[2]~DUPLICATE                                                                       ; clk          ; clk         ; 10.000       ; -0.578     ; 6.295      ;
; 3.072   ; ld_wj_r[5]                                                                                       ; prime_k_r[2]                                                                                 ; clk          ; clk         ; 10.000       ; -0.571     ; 6.297      ;
; 3.075   ; idx_r[6]                                                                                         ; pr_va_r[29]                                                                                  ; clk          ; clk         ; 10.000       ; -0.522     ; 6.343      ;
; 3.075   ; idx_r[6]                                                                                         ; pr_va_r[29]~DUPLICATE                                                                        ; clk          ; clk         ; 10.000       ; -0.528     ; 6.337      ;
; 3.089   ; ld_wj_r[5]                                                                                       ; prime_k_r[0]~DUPLICATE                                                                       ; clk          ; clk         ; 10.000       ; -0.578     ; 6.273      ;
; 3.094   ; idx_r[6]                                                                                         ; pr_va_r[31]                                                                                  ; clk          ; clk         ; 10.000       ; -0.525     ; 6.321      ;
; 3.094   ; ld_wj_r[5]                                                                                       ; prime_k_r[0]                                                                                 ; clk          ; clk         ; 10.000       ; -0.571     ; 6.275      ;
; 3.095   ; idx_r[6]                                                                                         ; pr_va_r[30]                                                                                  ; clk          ; clk         ; 10.000       ; -0.529     ; 6.316      ;
; 3.095   ; idx_r[6]                                                                                         ; pr_va_r[31]~DUPLICATE                                                                        ; clk          ; clk         ; 10.000       ; -0.530     ; 6.315      ;
; 3.095   ; idx_r[6]                                                                                         ; pr_va_r[19]                                                                                  ; clk          ; clk         ; 10.000       ; -0.529     ; 6.316      ;
; 3.095   ; ld_wj_r[5]                                                                                       ; prime_k_r[1]~DUPLICATE                                                                       ; clk          ; clk         ; 10.000       ; -0.577     ; 6.268      ;
; 3.096   ; triangles_submitted_o[18]~reg0                                                                   ; triangles_submitted_o[18]                                                                    ; clk          ; clk         ; 10.000       ; -6.002     ; 0.842      ;
; 3.101   ; vd_data_i[27]                                                                                    ; pr_va_r[27]                                                                                  ; clk          ; clk         ; 10.000       ; 3.234      ; 10.073     ;
; 3.101   ; ld_wj_r[5]                                                                                       ; prime_k_r[1]                                                                                 ; clk          ; clk         ; 10.000       ; -0.573     ; 6.266      ;
; 3.105   ; merged_q_r[5]                                                                                    ; page_merged_o[5]                                                                             ; clk          ; clk         ; 10.000       ; -5.921     ; 0.914      ;
; 3.108   ; merged_q_r[4]                                                                                    ; page_merged_o[4]                                                                             ; clk          ; clk         ; 10.000       ; -5.914     ; 0.918      ;
; 3.114   ; idx_r[11]                                                                                        ; dropped_q_r[0]                                                                               ; clk          ; clk         ; 10.000       ; -0.117     ; 6.709      ;
; 3.114   ; idx_r[11]                                                                                        ; dropped_q_r[1]                                                                               ; clk          ; clk         ; 10.000       ; -0.122     ; 6.704      ;
; 3.114   ; idx_r[11]                                                                                        ; dropped_q_r[2]                                                                               ; clk          ; clk         ; 10.000       ; -0.117     ; 6.709      ;
; 3.114   ; idx_r[11]                                                                                        ; dropped_q_r[8]                                                                               ; clk          ; clk         ; 10.000       ; -0.117     ; 6.709      ;
; 3.114   ; idx_r[11]                                                                                        ; dropped_q_r[9]                                                                               ; clk          ; clk         ; 10.000       ; -0.117     ; 6.709      ;
; 3.114   ; idx_r[11]                                                                                        ; dropped_q_r[10]                                                                              ; clk          ; clk         ; 10.000       ; -0.122     ; 6.704      ;
; 3.130   ; idx_r[6]                                                                                         ; altsyncram:run_mem_r_rtl_0|altsyncram_8si1:auto_generated|ram_block1a0~portb_address_reg4    ; clk          ; clk         ; 10.000       ; -0.182     ; 6.628      ;
; 3.133   ; idx_r[6]                                                                                         ; altsyncram:run_mem_r_rtl_0|altsyncram_8si1:auto_generated|ram_block1a6~portb_address_reg4    ; clk          ; clk         ; 10.000       ; -0.166     ; 6.641      ;
; 3.135   ; merged_q_r[6]                                                                                    ; page_merged_o[6]                                                                             ; clk          ; clk         ; 10.000       ; -5.918     ; 0.887      ;
; 3.157   ; vd_data_i[9]                                                                                     ; pr_va_r[9]                                                                                   ; clk          ; clk         ; 10.000       ; 3.221      ; 10.004     ;
; 3.160   ; vd_data_i[8]                                                                                     ; pr_va_r[8]                                                                                   ; clk          ; clk         ; 10.000       ; 3.225      ; 10.005     ;
; 3.165   ; altsyncram:edge_key_r_rtl_0|altsyncram_esi1:auto_generated|ram_block1a0~PORT_B_WRITE_ENABLE_REG  ; run_prev_r[16]                                                                               ; clk          ; clk         ; 10.000       ; -1.463     ; 5.312      ;
; 3.173   ; walk_fault_o[3]~reg0DUPLICATE                                                                    ; walk_fault_o[3]                                                                              ; clk          ; clk         ; 10.000       ; -5.912     ; 0.855      ;
; 3.181   ; sc_ci_r[3]~DUPLICATE                                                                             ; row_c_r[19]                                                                                  ; clk          ; clk         ; 10.000       ; -0.137     ; 6.622      ;
; 3.181   ; sc_ci_r[3]~DUPLICATE                                                                             ; row_c_r[23]                                                                                  ; clk          ; clk         ; 10.000       ; -0.137     ; 6.622      ;
; 3.181   ; sc_ci_r[3]~DUPLICATE                                                                             ; row_c_r[21]                                                                                  ; clk          ; clk         ; 10.000       ; -0.137     ; 6.622      ;
; 3.181   ; sc_ci_r[3]~DUPLICATE                                                                             ; row_c_r[4]                                                                                   ; clk          ; clk         ; 10.000       ; -0.143     ; 6.616      ;
; 3.181   ; sc_ci_r[3]~DUPLICATE                                                                             ; row_c_r[8]                                                                                   ; clk          ; clk         ; 10.000       ; -0.137     ; 6.622      ;
; 3.181   ; sc_ci_r[3]~DUPLICATE                                                                             ; row_c_r[29]~DUPLICATE                                                                        ; clk          ; clk         ; 10.000       ; -0.143     ; 6.616      ;
; 3.181   ; sc_ci_r[3]~DUPLICATE                                                                             ; row_c_r[29]                                                                                  ; clk          ; clk         ; 10.000       ; -0.137     ; 6.622      ;
; 3.181   ; sc_ci_r[3]~DUPLICATE                                                                             ; row_c_r[4]~DUPLICATE                                                                         ; clk          ; clk         ; 10.000       ; -0.137     ; 6.622      ;
; 3.182   ; sc_ci_r[3]~DUPLICATE                                                                             ; row_c_r[2]                                                                                   ; clk          ; clk         ; 10.000       ; -0.141     ; 6.617      ;
; 3.182   ; sc_ci_r[3]~DUPLICATE                                                                             ; row_c_r[6]~DUPLICATE                                                                         ; clk          ; clk         ; 10.000       ; -0.138     ; 6.620      ;
; 3.182   ; sc_ci_r[3]~DUPLICATE                                                                             ; row_c_r[14]                                                                                  ; clk          ; clk         ; 10.000       ; -0.138     ; 6.620      ;
; 3.182   ; sc_ci_r[3]~DUPLICATE                                                                             ; row_c_r[31]~DUPLICATE                                                                        ; clk          ; clk         ; 10.000       ; -0.138     ; 6.620      ;
; 3.182   ; sc_ci_r[3]~DUPLICATE                                                                             ; row_c_r[20]                                                                                  ; clk          ; clk         ; 10.000       ; -0.141     ; 6.617      ;
; 3.182   ; sc_ci_r[3]~DUPLICATE                                                                             ; row_c_r[17]                                                                                  ; clk          ; clk         ; 10.000       ; -0.141     ; 6.617      ;
; 3.182   ; sc_ci_r[3]~DUPLICATE                                                                             ; row_c_r[31]                                                                                  ; clk          ; clk         ; 10.000       ; -0.141     ; 6.617      ;
; 3.182   ; sc_ci_r[3]~DUPLICATE                                                                             ; row_c_r[6]                                                                                   ; clk          ; clk         ; 10.000       ; -0.141     ; 6.617      ;
; 3.194   ; merged_q_r[1]                                                                                    ; page_merged_o[1]                                                                             ; clk          ; clk         ; 10.000       ; -5.916     ; 0.830      ;
; 3.208   ; merged_q_r[2]                                                                                    ; page_merged_o[2]                                                                             ; clk          ; clk         ; 10.000       ; -5.921     ; 0.811      ;
; 3.211   ; triangles_submitted_o[5]~reg0DUPLICATE                                                           ; triangles_submitted_o[5]                                                                     ; clk          ; clk         ; 10.000       ; -5.986     ; 0.743      ;
; 3.218   ; mtake_r[0]                                                                                       ; need_r[10]                                                                                   ; clk          ; clk         ; 10.000       ; -0.115     ; 6.607      ;
; 3.221   ; mtake_r[0]                                                                                       ; need_r[10]~DUPLICATE                                                                         ; clk          ; clk         ; 10.000       ; -0.109     ; 6.610      ;
; 3.228   ; vd_data_i[5]                                                                                     ; pr_va_r[5]                                                                                   ; clk          ; clk         ; 10.000       ; 3.213      ; 9.925      ;
; 3.229   ; idx_r[6]                                                                                         ; pr_va_r[14]                                                                                  ; clk          ; clk         ; 10.000       ; -0.527     ; 6.184      ;
; 3.229   ; idx_r[6]                                                                                         ; pr_va_r[0]                                                                                   ; clk          ; clk         ; 10.000       ; -0.527     ; 6.184      ;
; 3.231   ; triangles_submitted_o[2]~reg0                                                                    ; triangles_submitted_o[2]                                                                     ; clk          ; clk         ; 10.000       ; -6.002     ; 0.707      ;
; 3.231   ; triangles_submitted_o[16]~reg0                                                                   ; triangles_submitted_o[16]                                                                    ; clk          ; clk         ; 10.000       ; -6.002     ; 0.707      ;
; 3.232   ; vd_data_i[5]                                                                                     ; pr_va_r[5]~DUPLICATE                                                                         ; clk          ; clk         ; 10.000       ; 3.219      ; 9.927      ;
; 3.232   ; cmd_lat_w_i[15]                                                                                  ; lat_w_r[15]~_Duplicate_1                                                                     ; clk          ; clk         ; 10.000       ; 3.581      ; 10.289     ;
; 3.236   ; walk_fault_o[4]~reg0                                                                             ; walk_fault_o[4]                                                                              ; clk          ; clk         ; 10.000       ; -5.908     ; 0.796      ;
; 3.240   ; src_r[13]                                                                                        ; edge_src_id_o[13]                                                                            ; clk          ; clk         ; 10.000       ; -5.910     ; 0.790      ;
; 3.246   ; st_r.StLoad~DUPLICATE                                                                            ; ld_asm_r[4]                                                                                  ; clk          ; clk         ; 10.000       ; -0.149     ; 6.545      ;
; 3.248   ; st_r.StLoad~DUPLICATE                                                                            ; ld_asm_r[5]                                                                                  ; clk          ; clk         ; 10.000       ; -0.154     ; 6.538      ;
; 3.248   ; st_r.StLoad~DUPLICATE                                                                            ; ld_asm_r[6]                                                                                  ; clk          ; clk         ; 10.000       ; -0.154     ; 6.538      ;
; 3.249   ; src_r[12]                                                                                        ; edge_src_id_o[12]                                                                            ; clk          ; clk         ; 10.000       ; -5.922     ; 0.769      ;
; 3.250   ; walk_fault_o[2]~reg0                                                                             ; walk_fault_o[2]                                                                              ; clk          ; clk         ; 10.000       ; -5.908     ; 0.782      ;
; 3.253   ; dropped_q_r[3]                                                                                   ; page_dropped_o[3]                                                                            ; clk          ; clk         ; 10.000       ; -5.914     ; 0.773      ;
; 3.253   ; triangles_submitted_o[4]~reg0                                                                    ; triangles_submitted_o[4]                                                                     ; clk          ; clk         ; 10.000       ; -6.002     ; 0.685      ;
; 3.253   ; walk_fault_o[6]~reg0                                                                             ; walk_fault_o[6]                                                                              ; clk          ; clk         ; 10.000       ; -5.914     ; 0.773      ;
; 3.256   ; idx_r[6]                                                                                         ; pr_va_r[11]                                                                                  ; clk          ; clk         ; 10.000       ; -0.529     ; 6.155      ;
; 3.257   ; idx_r[6]                                                                                         ; pr_va_r[10]                                                                                  ; clk          ; clk         ; 10.000       ; -0.533     ; 6.150      ;
; 3.260   ; idx_r[0]                                                                                         ; emit_e_r[9]                                                                                  ; clk          ; clk         ; 10.000       ; -0.496     ; 6.184      ;
; 3.260   ; idx_r[0]                                                                                         ; emit_e_r[11]                                                                                 ; clk          ; clk         ; 10.000       ; -0.496     ; 6.184      ;
; 3.261   ; idx_r[0]                                                                                         ; emit_e_r[8]                                                                                  ; clk          ; clk         ; 10.000       ; -0.501     ; 6.178      ;
; 3.261   ; idx_r[0]                                                                                         ; emit_e_r[10]                                                                                 ; clk          ; clk         ; 10.000       ; -0.501     ; 6.178      ;
; 3.261   ; idx_r[0]                                                                                         ; emit_e_r[12]                                                                                 ; clk          ; clk         ; 10.000       ; -0.501     ; 6.178      ;
; 3.268   ; triangles_submitted_o[7]~reg0                                                                    ; triangles_submitted_o[7]                                                                     ; clk          ; clk         ; 10.000       ; -5.986     ; 0.686      ;
; 3.270   ; sc_ci_r[2]~DUPLICATE                                                                             ; edge_key_r_rtl_0_bypass[5]                                                                   ; clk          ; clk         ; 10.000       ; -0.505     ; 6.165      ;
; 3.272   ; idx_r[11]                                                                                        ; merged_q_r[2]                                                                                ; clk          ; clk         ; 10.000       ; -0.115     ; 6.553      ;
; 3.274   ; triangles_submitted_o[11]~reg0                                                                   ; triangles_submitted_o[11]                                                                    ; clk          ; clk         ; 10.000       ; -5.985     ; 0.681      ;
; 3.275   ; cmd_valid_i                                                                                      ; st_r.StIdle                                                                                  ; clk          ; clk         ; 10.000       ; 3.267      ; 9.932      ;
; 3.276   ; sc_ci_r[2]~DUPLICATE                                                                             ; edge_key_r_rtl_0_bypass[9]                                                                   ; clk          ; clk         ; 10.000       ; -0.510     ; 6.154      ;
; 3.277   ; cmd_valid_i                                                                                      ; merged_r[1]                                                                                  ; clk          ; clk         ; 10.000       ; 3.236      ; 9.899      ;
; 3.277   ; cmd_valid_i                                                                                      ; merged_r[9]~DUPLICATE                                                                        ; clk          ; clk         ; 10.000       ; 3.236      ; 9.899      ;
; 3.277   ; cmd_valid_i                                                                                      ; merged_r[9]                                                                                  ; clk          ; clk         ; 10.000       ; 3.243      ; 9.906      ;
; 3.277   ; cmd_valid_i                                                                                      ; merged_r[8]                                                                                  ; clk          ; clk         ; 10.000       ; 3.242      ; 9.905      ;
; 3.277   ; cmd_valid_i                                                                                      ; merged_r[7]                                                                                  ; clk          ; clk         ; 10.000       ; 3.243      ; 9.906      ;
; 3.277   ; cmd_valid_i                                                                                      ; merged_r[6]                                                                                  ; clk          ; clk         ; 10.000       ; 3.242      ; 9.905      ;
; 3.277   ; cmd_valid_i                                                                                      ; merged_r[5]                                                                                  ; clk          ; clk         ; 10.000       ; 3.243      ; 9.906      ;
; 3.277   ; cmd_valid_i                                                                                      ; merged_r[3]                                                                                  ; clk          ; clk         ; 10.000       ; 3.236      ; 9.899      ;
; 3.277   ; cmd_valid_i                                                                                      ; merged_r[3]~DUPLICATE                                                                        ; clk          ; clk         ; 10.000       ; 3.243      ; 9.906      ;
; 3.277   ; cmd_valid_i                                                                                      ; merged_r[1]~DUPLICATE                                                                        ; clk          ; clk         ; 10.000       ; 3.243      ; 9.906      ;
; 3.277   ; cmd_valid_i                                                                                      ; merged_r[11]                                                                                 ; clk          ; clk         ; 10.000       ; 3.236      ; 9.899      ;
; 3.278   ; cmd_valid_i                                                                                      ; merged_r[10]                                                                                 ; clk          ; clk         ; 10.000       ; 3.238      ; 9.900      ;
; 3.278   ; cmd_valid_i                                                                                      ; merged_r[4]                                                                                  ; clk          ; clk         ; 10.000       ; 3.238      ; 9.900      ;
; 3.278   ; cmd_valid_i                                                                                      ; merged_r[2]                                                                                  ; clk          ; clk         ; 10.000       ; 3.238      ; 9.900      ;
; 3.278   ; cmd_valid_i                                                                                      ; merged_r[6]~DUPLICATE                                                                        ; clk          ; clk         ; 10.000       ; 3.238      ; 9.900      ;
; 3.278   ; cmd_valid_i                                                                                      ; merged_r[0]                                                                                  ; clk          ; clk         ; 10.000       ; 3.238      ; 9.900      ;
; 3.278   ; cmd_valid_i                                                                                      ; merged_r[8]~DUPLICATE                                                                        ; clk          ; clk         ; 10.000       ; 3.238      ; 9.900      ;
; 3.280   ; sc_ci_r[2]~DUPLICATE                                                                             ; edge_key_r_rtl_0_bypass[7]                                                                   ; clk          ; clk         ; 10.000       ; -0.510     ; 6.150      ;
; 3.284   ; cmd_lat_w_i[5]                                                                                   ; lat_w_r[5]                                                                                   ; clk          ; clk         ; 10.000       ; 3.527      ; 10.183     ;
; 3.284   ; triangles_submitted_o[29]~reg0DUPLICATE                                                          ; triangles_submitted_o[29]                                                                    ; clk          ; clk         ; 10.000       ; -5.911     ; 0.745      ;
; 3.288   ; dropped_q_r[7]                                                                                   ; page_dropped_o[7]                                                                            ; clk          ; clk         ; 10.000       ; -5.902     ; 0.750      ;
; 3.290   ; walk_fault_o[7]~reg0                                                                             ; walk_fault_o[7]                                                                              ; clk          ; clk         ; 10.000       ; -5.912     ; 0.738      ;
; 3.292   ; cmd_valid_i                                                                                      ; ld_wi_r[3]                                                                                   ; clk          ; clk         ; 10.000       ; 3.246      ; 9.894      ;
; 3.292   ; cmd_valid_i                                                                                      ; ld_wi_r[1]                                                                                   ; clk          ; clk         ; 10.000       ; 3.246      ; 9.894      ;
; 3.292   ; cmd_valid_i                                                                                      ; ld_wi_r[0]~DUPLICATE                                                                         ; clk          ; clk         ; 10.000       ; 3.246      ; 9.894      ;
; 3.293   ; cmd_valid_i                                                                                      ; ld_wi_r[5]                                                                                   ; clk          ; clk         ; 10.000       ; 3.241      ; 9.888      ;
; 3.293   ; cmd_valid_i                                                                                      ; ld_wi_r[0]                                                                                   ; clk          ; clk         ; 10.000       ; 3.239      ; 9.886      ;
; 3.293   ; cmd_valid_i                                                                                      ; ld_wi_r[2]                                                                                   ; clk          ; clk         ; 10.000       ; 3.241      ; 9.888      ;
; 3.293   ; cmd_valid_i                                                                                      ; ld_wi_r[4]                                                                                   ; clk          ; clk         ; 10.000       ; 3.241      ; 9.888      ;
; 3.294   ; dropped_q_r[6]                                                                                   ; page_dropped_o[6]                                                                            ; clk          ; clk         ; 10.000       ; -5.910     ; 0.736      ;
; 3.297   ; src_r[5]                                                                                         ; edge_src_id_o[5]                                                                             ; clk          ; clk         ; 10.000       ; -5.923     ; 0.720      ;
; 3.299   ; page_done_r                                                                                      ; page_done_o                                                                                  ; clk          ; clk         ; 10.000       ; -5.911     ; 0.730      ;
; 3.308   ; cmd_lat_w_i[12]                                                                                  ; lat_w_r[12]~_Duplicate_1                                                                     ; clk          ; clk         ; 10.000       ; 3.581      ; 10.213     ;
; 3.309   ; src_r[11]                                                                                        ; edge_src_id_o[11]                                                                            ; clk          ; clk         ; 10.000       ; -5.910     ; 0.721      ;
; 3.310   ; altsyncram:edge_key_r_rtl_0|altsyncram_esi1:auto_generated|ram_block1a0~PORT_B_WRITE_ENABLE_REG  ; run_prev_r[9]                                                                                ; clk          ; clk         ; 10.000       ; -1.441     ; 5.189      ;
; 3.311   ; dropped_q_r[4]                                                                                   ; page_dropped_o[4]                                                                            ; clk          ; clk         ; 10.000       ; -5.902     ; 0.727      ;
; 3.313   ; src_r[6]                                                                                         ; edge_src_id_o[6]                                                                             ; clk          ; clk         ; 10.000       ; -5.932     ; 0.695      ;
; 3.321   ; src_r[8]                                                                                         ; edge_src_id_o[8]                                                                             ; clk          ; clk         ; 10.000       ; -5.895     ; 0.724      ;
; 3.324   ; walk_fault_o[5]~reg0                                                                             ; walk_fault_o[5]                                                                              ; clk          ; clk         ; 10.000       ; -5.912     ; 0.704      ;
; 3.327   ; emit_e_r[6]                                                                                      ; edge_side_o[0]                                                                               ; clk          ; clk         ; 10.000       ; -5.995     ; 0.618      ;
; 3.329   ; src_r[15]                                                                                        ; edge_src_id_o[15]                                                                            ; clk          ; clk         ; 10.000       ; -5.916     ; 0.695      ;
; 3.332   ; emit_e_r[5]                                                                                      ; edge_span_o[5]                                                                               ; clk          ; clk         ; 10.000       ; -5.995     ; 0.613      ;
; 3.333   ; st_r.StLoad~DUPLICATE                                                                            ; ld_asm_r[7]                                                                                  ; clk          ; clk         ; 10.000       ; -0.129     ; 6.478      ;
; 3.333   ; st_r.StLoad~DUPLICATE                                                                            ; ld_asm_r[8]                                                                                  ; clk          ; clk         ; 10.000       ; -0.123     ; 6.484      ;
; 3.333   ; st_r.StLoad~DUPLICATE                                                                            ; ld_asm_r[9]                                                                                  ; clk          ; clk         ; 10.000       ; -0.129     ; 6.478      ;
; 3.333   ; st_r.StLoad~DUPLICATE                                                                            ; ld_asm_r[10]                                                                                 ; clk          ; clk         ; 10.000       ; -0.129     ; 6.478      ;
; 3.333   ; st_r.StLoad~DUPLICATE                                                                            ; ld_asm_r[15]                                                                                 ; clk          ; clk         ; 10.000       ; -0.123     ; 6.484      ;
; 3.333   ; st_r.StLoad~DUPLICATE                                                                            ; ld_asm_r[16]                                                                                 ; clk          ; clk         ; 10.000       ; -0.129     ; 6.478      ;
; 3.333   ; st_r.StLoad~DUPLICATE                                                                            ; ld_asm_r[8]~DUPLICATE                                                                        ; clk          ; clk         ; 10.000       ; -0.129     ; 6.478      ;
; 3.334   ; st_r.StLoad~DUPLICATE                                                                            ; ld_asm_r[17]                                                                                 ; clk          ; clk         ; 10.000       ; -0.124     ; 6.482      ;
; 3.334   ; st_r.StLoad~DUPLICATE                                                                            ; ld_asm_r[11]                                                                                 ; clk          ; clk         ; 10.000       ; -0.124     ; 6.482      ;
; 3.334   ; st_r.StLoad~DUPLICATE                                                                            ; ld_asm_r[12]                                                                                 ; clk          ; clk         ; 10.000       ; -0.124     ; 6.482      ;
; 3.334   ; st_r.StLoad~DUPLICATE                                                                            ; ld_asm_r[13]                                                                                 ; clk          ; clk         ; 10.000       ; -0.124     ; 6.482      ;
; 3.334   ; st_r.StLoad~DUPLICATE                                                                            ; ld_asm_r[14]                                                                                 ; clk          ; clk         ; 10.000       ; -0.124     ; 6.482      ;
; 3.334   ; walk_fault_o[0]~reg0DUPLICATE                                                                    ; walk_fault_o[0]                                                                              ; clk          ; clk         ; 10.000       ; -5.917     ; 0.689      ;
; 3.336   ; cmd_lat_w_i[4]                                                                                   ; lat_w_r[4]                                                                                   ; clk          ; clk         ; 10.000       ; 3.527      ; 10.131     ;
; 3.338   ; triangles_submitted_o[23]~reg0DUPLICATE                                                          ; triangles_submitted_o[23]                                                                    ; clk          ; clk         ; 10.000       ; -5.911     ; 0.691      ;
; 3.351   ; altsyncram:edge_key_r_rtl_0|altsyncram_esi1:auto_generated|ram_block1a4~PORT_B_WRITE_ENABLE_REG  ; emit_e_r[17]                                                                                 ; clk          ; clk         ; 10.000       ; -1.503     ; 5.086      ;
; 3.352   ; triangles_submitted_o[27]~reg0                                                                   ; triangles_submitted_o[27]                                                                    ; clk          ; clk         ; 10.000       ; -5.911     ; 0.677      ;
; 3.362   ; altsyncram:edge_key_r_rtl_0|altsyncram_esi1:auto_generated|ram_block1a4~PORT_B_WRITE_ENABLE_REG  ; run_prev_r[10]                                                                               ; clk          ; clk         ; 10.000       ; -1.443     ; 5.135      ;
; 3.370   ; src_r[7]                                                                                         ; edge_src_id_o[7]                                                                             ; clk          ; clk         ; 10.000       ; -5.922     ; 0.648      ;
; 3.381   ; idx_r[6]                                                                                         ; altsyncram:run_mem_r_rtl_0|altsyncram_8si1:auto_generated|ram_block1a0~portb_address_reg2    ; clk          ; clk         ; 10.000       ; 0.079      ; 6.638      ;
; 3.381   ; cmd_lat_w_i[13]                                                                                  ; lat_w_r[13]                                                                                  ; clk          ; clk         ; 10.000       ; 3.527      ; 10.086     ;
; 3.382   ; src_r[4]                                                                                         ; edge_src_id_o[4]                                                                             ; clk          ; clk         ; 10.000       ; -5.935     ; 0.623      ;
; 3.389   ; st_r.StPrime                                                                                     ; st_r.StEnum                                                                                  ; clk          ; clk         ; 10.000       ; -0.572     ; 5.979      ;
; 3.390   ; idx_r[6]                                                                                         ; altsyncram:run_mem_r_rtl_0|altsyncram_8si1:auto_generated|ram_block1a0~portb_address_reg7    ; clk          ; clk         ; 10.000       ; -0.182     ; 6.368      ;
; 3.394   ; cmd_lat_w_i[5]                                                                                   ; lat_w_r[5]~_Duplicate_1                                                                      ; clk          ; clk         ; 10.000       ; 3.581      ; 10.127     ;
; 3.398   ; mtake_r[0]                                                                                       ; need_r[6]                                                                                    ; clk          ; clk         ; 10.000       ; -0.115     ; 6.427      ;
; 3.398   ; merged_q_r[0]                                                                                    ; page_merged_o[0]                                                                             ; clk          ; clk         ; 10.000       ; -5.916     ; 0.626      ;
; 3.399   ; src_r[1]                                                                                         ; edge_src_id_o[1]                                                                             ; clk          ; clk         ; 10.000       ; -5.910     ; 0.631      ;
; 3.402   ; mtake_r[0]                                                                                       ; need_r[6]~DUPLICATE                                                                          ; clk          ; clk         ; 10.000       ; -0.109     ; 6.429      ;
; 3.406   ; st_r.StLoad~DUPLICATE                                                                            ; ld_asm_r[22]                                                                                 ; clk          ; clk         ; 10.000       ; -0.091     ; 6.443      ;
; 3.406   ; st_r.StLoad~DUPLICATE                                                                            ; ld_asm_r[24]                                                                                 ; clk          ; clk         ; 10.000       ; -0.091     ; 6.443      ;
; 3.406   ; st_r.StLoad~DUPLICATE                                                                            ; ld_asm_r[26]                                                                                 ; clk          ; clk         ; 10.000       ; -0.091     ; 6.443      ;
; 3.406   ; st_r.StLoad~DUPLICATE                                                                            ; ld_asm_r[28]                                                                                 ; clk          ; clk         ; 10.000       ; -0.091     ; 6.443      ;
; 3.406   ; st_r.StLoad~DUPLICATE                                                                            ; ld_asm_r[30]                                                                                 ; clk          ; clk         ; 10.000       ; -0.091     ; 6.443      ;
; 3.406   ; st_r.StLoad~DUPLICATE                                                                            ; ld_asm_r[0]                                                                                  ; clk          ; clk         ; 10.000       ; -0.091     ; 6.443      ;
; 3.407   ; st_r.StLoad~DUPLICATE                                                                            ; ld_asm_r[18]                                                                                 ; clk          ; clk         ; 10.000       ; -0.087     ; 6.446      ;
; 3.407   ; st_r.StLoad~DUPLICATE                                                                            ; ld_asm_r[20]                                                                                 ; clk          ; clk         ; 10.000       ; -0.087     ; 6.446      ;
; 3.408   ; st_r.StLoad~DUPLICATE                                                                            ; ld_asm_r[21]                                                                                 ; clk          ; clk         ; 10.000       ; -0.105     ; 6.427      ;
; 3.408   ; st_r.StLoad~DUPLICATE                                                                            ; ld_asm_r[23]                                                                                 ; clk          ; clk         ; 10.000       ; -0.105     ; 6.427      ;
; 3.408   ; st_r.StLoad~DUPLICATE                                                                            ; ld_asm_r[25]                                                                                 ; clk          ; clk         ; 10.000       ; -0.105     ; 6.427      ;
; 3.408   ; st_r.StLoad~DUPLICATE                                                                            ; ld_asm_r[27]                                                                                 ; clk          ; clk         ; 10.000       ; -0.105     ; 6.427      ;
; 3.408   ; st_r.StLoad~DUPLICATE                                                                            ; ld_asm_r[29]                                                                                 ; clk          ; clk         ; 10.000       ; -0.105     ; 6.427      ;
; 3.408   ; st_r.StLoad~DUPLICATE                                                                            ; ld_asm_r[1]                                                                                  ; clk          ; clk         ; 10.000       ; -0.105     ; 6.427      ;
; 3.409   ; st_r.StLoad~DUPLICATE                                                                            ; ld_asm_r[19]                                                                                 ; clk          ; clk         ; 10.000       ; -0.105     ; 6.426      ;
; 3.409   ; st_r.StLoad~DUPLICATE                                                                            ; ld_asm_r[31]                                                                                 ; clk          ; clk         ; 10.000       ; -0.105     ; 6.426      ;
; 3.410   ; walk_fault_o[1]~reg0                                                                             ; walk_fault_o[1]                                                                              ; clk          ; clk         ; 10.000       ; -5.909     ; 0.621      ;
; 3.411   ; dropped_q_r[5]                                                                                   ; page_dropped_o[5]                                                                            ; clk          ; clk         ; 10.000       ; -5.902     ; 0.627      ;
; 3.421   ; triangles_submitted_o[3]~reg0                                                                    ; triangles_submitted_o[3]                                                                     ; clk          ; clk         ; 10.000       ; -6.003     ; 0.516      ;
; 3.422   ; vd_data_i[26]                                                                                    ; pr_va_r[26]                                                                                  ; clk          ; clk         ; 10.000       ; 3.234      ; 9.752      ;
; 3.424   ; merged_q_r[3]                                                                                    ; page_merged_o[3]                                                                             ; clk          ; clk         ; 10.000       ; -5.920     ; 0.596      ;
; 3.431   ; triangles_submitted_o[9]~reg0DUPLICATE                                                           ; triangles_submitted_o[9]                                                                     ; clk          ; clk         ; 10.000       ; -6.003     ; 0.506      ;
; 3.435   ; altsyncram:run_mem_r_rtl_0|altsyncram_8si1:auto_generated|ram_block1a0~PORT_B_WRITE_ENABLE_REG   ; st_r.StMsel                                                                                  ; clk          ; clk         ; 10.000       ; -1.073     ; 5.432      ;
; 3.436   ; triangles_submitted_o[15]~reg0DUPLICATE                                                          ; triangles_submitted_o[15]                                                                    ; clk          ; clk         ; 10.000       ; -6.003     ; 0.501      ;
; 3.438   ; triangles_submitted_o[19]~reg0DUPLICATE                                                          ; triangles_submitted_o[19]                                                                    ; clk          ; clk         ; 10.000       ; -6.003     ; 0.499      ;
; 3.439   ; cmd_lat_w_i[0]                                                                                   ; lat_w_r[0]~_Duplicate_1                                                                      ; clk          ; clk         ; 10.000       ; 3.581      ; 10.082     ;
; 3.440   ; altsyncram:run_mem_r_rtl_0|altsyncram_8si1:auto_generated|ram_block1a0~PORT_B_WRITE_ENABLE_REG   ; st_r.StMsel~DUPLICATE                                                                        ; clk          ; clk         ; 10.000       ; -1.066     ; 5.434      ;
; 3.443   ; triangles_submitted_o[17]~reg0DUPLICATE                                                          ; triangles_submitted_o[17]                                                                    ; clk          ; clk         ; 10.000       ; -6.003     ; 0.494      ;
; 3.450   ; triangles_submitted_o[13]~reg0DUPLICATE                                                          ; triangles_submitted_o[13]                                                                    ; clk          ; clk         ; 10.000       ; -6.003     ; 0.487      ;
; 3.459   ; cmd_lat_w_i[2]                                                                                   ; lat_w_r[2]~_Duplicate_1                                                                      ; clk          ; clk         ; 10.000       ; 3.581      ; 10.062     ;
; 3.466   ; altsyncram:run_mem_r_rtl_0|altsyncram_8si1:auto_generated|ram_block1a0~PORT_B_WRITE_ENABLE_REG   ; st_r.StMwrite                                                                                ; clk          ; clk         ; 10.000       ; -1.071     ; 5.403      ;
; 3.472   ; cmd_lat_w_i[4]                                                                                   ; lat_w_r[4]~_Duplicate_1                                                                      ; clk          ; clk         ; 10.000       ; 3.581      ; 10.049     ;
; 3.480   ; triangles_submitted_o[10]~reg0DUPLICATE                                                          ; triangles_submitted_o[10]                                                                    ; clk          ; clk         ; 10.000       ; -5.987     ; 0.473      ;
; 3.492   ; triangles_submitted_o[8]~reg0DUPLICATE                                                           ; triangles_submitted_o[8]                                                                     ; clk          ; clk         ; 10.000       ; -5.988     ; 0.460      ;
; 3.494   ; cmd_valid_i                                                                                      ; sparse_r                                                                                     ; clk          ; clk         ; 10.000       ; 3.241      ; 9.687      ;
; 3.494   ; triangles_submitted_o[6]~reg0DUPLICATE                                                           ; triangles_submitted_o[6]                                                                     ; clk          ; clk         ; 10.000       ; -5.988     ; 0.458      ;
; 3.500   ; triangles_submitted_o[14]~reg0DUPLICATE                                                          ; triangles_submitted_o[14]                                                                    ; clk          ; clk         ; 10.000       ; -5.988     ; 0.452      ;
; 3.509   ; triangles_submitted_o[25]~reg0                                                                   ; triangles_submitted_o[25]                                                                    ; clk          ; clk         ; 10.000       ; -5.914     ; 0.517      ;
; 3.527   ; triangles_submitted_o[31]~reg0                                                                   ; triangles_submitted_o[31]                                                                    ; clk          ; clk         ; 10.000       ; -5.913     ; 0.500      ;
; 3.531   ; cmd_lat_w_i[11]                                                                                  ; lat_w_r[11]                                                                                  ; clk          ; clk         ; 10.000       ; 3.527      ; 9.936      ;
; 3.550   ; idx_r[6]                                                                                         ; altsyncram:run_mem_r_rtl_0|altsyncram_8si1:auto_generated|ram_block1a6~portb_address_reg2    ; clk          ; clk         ; 10.000       ; 0.095      ; 6.485      ;
; 3.566   ; emit_e_r[7]                                                                                      ; edge_side_o[1]                                                                               ; clk          ; clk         ; 10.000       ; -5.987     ; 0.387      ;
; 3.568   ; emit_e_r[4]                                                                                      ; edge_span_o[4]                                                                               ; clk          ; clk         ; 10.000       ; -5.994     ; 0.378      ;
; 3.569   ; emit_e_r[0]                                                                                      ; edge_span_o[0]                                                                               ; clk          ; clk         ; 10.000       ; -5.994     ; 0.377      ;
; 3.569   ; emit_e_r[2]                                                                                      ; edge_span_o[2]                                                                               ; clk          ; clk         ; 10.000       ; -5.987     ; 0.384      ;
; 3.575   ; triangles_submitted_o[28]~reg0                                                                   ; triangles_submitted_o[28]                                                                    ; clk          ; clk         ; 10.000       ; -5.912     ; 0.453      ;
; 3.576   ; emit_e_r[1]                                                                                      ; edge_span_o[1]                                                                               ; clk          ; clk         ; 10.000       ; -5.987     ; 0.377      ;
; 3.578   ; triangles_submitted_o[26]~reg0                                                                   ; triangles_submitted_o[26]                                                                    ; clk          ; clk         ; 10.000       ; -5.912     ; 0.450      ;
; 3.579   ; mlen_r[5]                                                                                        ; altsyncram:run_mem_r_rtl_0|altsyncram_8si1:auto_generated|ram_block1a0~portb_address_reg1    ; clk          ; clk         ; 10.000       ; -0.132     ; 6.229      ;
; 3.586   ; cmd_lat_w_i[2]                                                                                   ; lat_w_r[2]                                                                                   ; clk          ; clk         ; 10.000       ; 3.527      ; 9.881      ;
; 3.587   ; emit_e_r[3]                                                                                      ; edge_span_o[3]                                                                               ; clk          ; clk         ; 10.000       ; -5.994     ; 0.359      ;
; 3.588   ; src_r[10]                                                                                        ; edge_src_id_o[10]                                                                            ; clk          ; clk         ; 10.000       ; -5.896     ; 0.456      ;
; 3.589   ; src_r[2]                                                                                         ; edge_src_id_o[2]                                                                             ; clk          ; clk         ; 10.000       ; -5.890     ; 0.461      ;
; 3.591   ; triangles_submitted_o[22]~reg0                                                                   ; triangles_submitted_o[22]                                                                    ; clk          ; clk         ; 10.000       ; -5.912     ; 0.437      ;
; 3.591   ; triangles_submitted_o[24]~reg0                                                                   ; triangles_submitted_o[24]                                                                    ; clk          ; clk         ; 10.000       ; -5.912     ; 0.437      ;
; 3.593   ; idx_r[6]                                                                                         ; altsyncram:run_mem_r_rtl_0|altsyncram_8si1:auto_generated|ram_block1a6~portb_address_reg0    ; clk          ; clk         ; 10.000       ; -0.119     ; 6.228      ;
; 3.596   ; idx_r[6]                                                                                         ; pr_va_r[13]                                                                                  ; clk          ; clk         ; 10.000       ; -0.163     ; 6.181      ;
; 3.596   ; idx_r[6]                                                                                         ; pr_va_r[12]                                                                                  ; clk          ; clk         ; 10.000       ; -0.163     ; 6.181      ;
; 3.597   ; src_r[14]                                                                                        ; edge_src_id_o[14]                                                                            ; clk          ; clk         ; 10.000       ; -5.890     ; 0.453      ;
; 3.603   ; idx_r[6]                                                                                         ; altsyncram:run_mem_r_rtl_0|altsyncram_8si1:auto_generated|ram_block1a0~portb_address_reg0    ; clk          ; clk         ; 10.000       ; -0.135     ; 6.202      ;
; 3.619   ; mlen_r[5]                                                                                        ; altsyncram:run_mem_r_rtl_0|altsyncram_8si1:auto_generated|ram_block1a6~portb_address_reg1    ; clk          ; clk         ; 10.000       ; -0.132     ; 6.189      ;
; 3.620   ; idx_r[8]                                                                                         ; altsyncram:prio_mem_r_rtl_0|altsyncram_isi1:auto_generated|ram_block1a19~porta_we_reg        ; clk          ; clk         ; 10.000       ; 0.408      ; 6.728      ;
; 3.620   ; src_r[0]                                                                                         ; edge_src_id_o[0]                                                                             ; clk          ; clk         ; 10.000       ; -5.889     ; 0.431      ;
; 3.624   ; src_r[3]                                                                                         ; edge_src_id_o[3]                                                                             ; clk          ; clk         ; 10.000       ; -5.895     ; 0.421      ;
; 3.626   ; mlen_r[5]                                                                                        ; altsyncram:run_mem_r_rtl_0|altsyncram_8si1:auto_generated|ram_block1a6~portb_address_reg9    ; clk          ; clk         ; 10.000       ; -0.231     ; 6.083      ;
; 3.643   ; triangles_submitted_o[30]~reg0DUPLICATE                                                          ; triangles_submitted_o[30]                                                                    ; clk          ; clk         ; 10.000       ; -5.912     ; 0.385      ;
; 3.652   ; cmd_lat_w_i[12]                                                                                  ; lat_w_r[12]                                                                                  ; clk          ; clk         ; 10.000       ; 3.527      ; 9.815      ;
; 3.654   ; vd_data_i[16]                                                                                    ; pr_va_r[16]                                                                                  ; clk          ; clk         ; 10.000       ; 3.241      ; 9.527      ;
; 3.667   ; src_r[9]                                                                                         ; edge_src_id_o[9]                                                                             ; clk          ; clk         ; 10.000       ; -5.895     ; 0.378      ;
; 3.687   ; altsyncram:edge_key_r_rtl_0|altsyncram_esi1:auto_generated|ram_block1a0~PORT_B_WRITE_ENABLE_REG  ; run_prev_r[8]                                                                                ; clk          ; clk         ; 10.000       ; -1.441     ; 4.812      ;
; 3.688   ; idx_r[6]                                                                                         ; altsyncram:run_mem_r_rtl_0|altsyncram_8si1:auto_generated|ram_block1a6~portb_address_reg7    ; clk          ; clk         ; 10.000       ; -0.166     ; 6.086      ;
; 3.697   ; idx_r[8]                                                                                         ; altsyncram:prio_mem_r_rtl_0|altsyncram_isi1:auto_generated|ram_block1a19~CLOCK0_ENABLE0_0    ; clk          ; clk         ; 10.000       ; -0.831     ; 5.412      ;
; 3.702   ; idx_r[11]                                                                                        ; dropped_q_r[11]                                                                              ; clk          ; clk         ; 10.000       ; -0.103     ; 6.135      ;
; 3.706   ; st_r.StAfterEnum                                                                                 ; emit_live_r                                                                                  ; clk          ; clk         ; 10.000       ; -0.101     ; 6.133      ;
; 3.708   ; altsyncram:edge_key_r_rtl_0|altsyncram_esi1:auto_generated|ram_block1a5~PORT_B_WRITE_ENABLE_REG  ; run_prev_r[12]                                                                               ; clk          ; clk         ; 10.000       ; -1.539     ; 4.693      ;
; 3.717   ; idx_r[6]                                                                                         ; pr_va_r[25]                                                                                  ; clk          ; clk         ; 10.000       ; -0.150     ; 6.073      ;
; 3.717   ; idx_r[6]                                                                                         ; pr_va_r[22]                                                                                  ; clk          ; clk         ; 10.000       ; -0.150     ; 6.073      ;
; 3.717   ; idx_r[6]                                                                                         ; pr_va_r[23]                                                                                  ; clk          ; clk         ; 10.000       ; -0.150     ; 6.073      ;
; 3.717   ; idx_r[6]                                                                                         ; pr_va_r[2]                                                                                   ; clk          ; clk         ; 10.000       ; -0.150     ; 6.073      ;
; 3.751   ; idx_r[11]                                                                                        ; dropped_q_r[4]                                                                               ; clk          ; clk         ; 10.000       ; -0.116     ; 6.073      ;
; 3.751   ; idx_r[11]                                                                                        ; dropped_q_r[5]                                                                               ; clk          ; clk         ; 10.000       ; -0.116     ; 6.073      ;
; 3.751   ; idx_r[11]                                                                                        ; dropped_q_r[7]                                                                               ; clk          ; clk         ; 10.000       ; -0.116     ; 6.073      ;
; 3.789   ; idx_r[6]                                                                                         ; altsyncram:run_mem_r_rtl_0|altsyncram_8si1:auto_generated|ram_block1a0~portb_address_reg8    ; clk          ; clk         ; 10.000       ; -0.188     ; 5.963      ;
; 3.796   ; altsyncram:edge_key_r_rtl_0|altsyncram_esi1:auto_generated|ram_block1a4~PORT_B_WRITE_ENABLE_REG  ; emit_e_r[15]                                                                                 ; clk          ; clk         ; 10.000       ; -1.503     ; 4.641      ;
; 3.797   ; sc_ci_r[3]~DUPLICATE                                                                             ; row_c_r[7]                                                                                   ; clk          ; clk         ; 10.000       ; -0.124     ; 6.019      ;
; 3.797   ; sc_ci_r[3]~DUPLICATE                                                                             ; row_n_r[17]                                                                                  ; clk          ; clk         ; 10.000       ; -0.124     ; 6.019      ;
; 3.797   ; sc_ci_r[3]~DUPLICATE                                                                             ; row_n_r[31]                                                                                  ; clk          ; clk         ; 10.000       ; -0.124     ; 6.019      ;
; 3.797   ; sc_ci_r[3]~DUPLICATE                                                                             ; row_n_r[11]                                                                                  ; clk          ; clk         ; 10.000       ; -0.124     ; 6.019      ;
; 3.798   ; sc_ci_r[3]~DUPLICATE                                                                             ; row_n_r[21]                                                                                  ; clk          ; clk         ; 10.000       ; -0.122     ; 6.020      ;
; 3.798   ; sc_ci_r[3]~DUPLICATE                                                                             ; row_n_r[29]                                                                                  ; clk          ; clk         ; 10.000       ; -0.122     ; 6.020      ;
; 3.798   ; sc_ci_r[3]~DUPLICATE                                                                             ; row_n_r[25]                                                                                  ; clk          ; clk         ; 10.000       ; -0.122     ; 6.020      ;
; 3.798   ; sc_ci_r[3]~DUPLICATE                                                                             ; row_n_r[26]                                                                                  ; clk          ; clk         ; 10.000       ; -0.128     ; 6.014      ;
; 3.798   ; sc_ci_r[3]~DUPLICATE                                                                             ; row_n_r[6]                                                                                   ; clk          ; clk         ; 10.000       ; -0.128     ; 6.014      ;
; 3.798   ; sc_ci_r[3]~DUPLICATE                                                                             ; row_n_r[12]                                                                                  ; clk          ; clk         ; 10.000       ; -0.122     ; 6.020      ;
; 3.798   ; sc_ci_r[3]~DUPLICATE                                                                             ; row_n_r[4]                                                                                   ; clk          ; clk         ; 10.000       ; -0.128     ; 6.014      ;
; 3.798   ; sc_ci_r[3]~DUPLICATE                                                                             ; row_n_r[14]                                                                                  ; clk          ; clk         ; 10.000       ; -0.122     ; 6.020      ;
; 3.798   ; sc_ci_r[3]~DUPLICATE                                                                             ; row_n_r[15]                                                                                  ; clk          ; clk         ; 10.000       ; -0.122     ; 6.020      ;
; 3.798   ; sc_ci_r[3]~DUPLICATE                                                                             ; row_n_r[5]                                                                                   ; clk          ; clk         ; 10.000       ; -0.122     ; 6.020      ;
; 3.798   ; sc_ci_r[3]~DUPLICATE                                                                             ; row_c_r[5]~DUPLICATE                                                                         ; clk          ; clk         ; 10.000       ; -0.122     ; 6.020      ;
; 3.798   ; sc_ci_r[3]~DUPLICATE                                                                             ; row_n_r[7]                                                                                   ; clk          ; clk         ; 10.000       ; -0.122     ; 6.020      ;
; 3.798   ; sc_ci_r[3]~DUPLICATE                                                                             ; row_c_r[7]~DUPLICATE                                                                         ; clk          ; clk         ; 10.000       ; -0.128     ; 6.014      ;
; 3.798   ; sc_ci_r[3]~DUPLICATE                                                                             ; row_n_r[3]                                                                                   ; clk          ; clk         ; 10.000       ; -0.128     ; 6.014      ;
; 3.798   ; sc_ci_r[3]~DUPLICATE                                                                             ; row_c_r[3]                                                                                   ; clk          ; clk         ; 10.000       ; -0.122     ; 6.020      ;
; 3.798   ; sc_ci_r[3]~DUPLICATE                                                                             ; row_n_r[1]                                                                                   ; clk          ; clk         ; 10.000       ; -0.128     ; 6.014      ;
; 3.799   ; sc_ci_r[3]~DUPLICATE                                                                             ; row_c_r[3]~DUPLICATE                                                                         ; clk          ; clk         ; 10.000       ; -0.129     ; 6.012      ;
; 3.799   ; sc_ci_r[3]~DUPLICATE                                                                             ; row_c_r[5]                                                                                   ; clk          ; clk         ; 10.000       ; -0.129     ; 6.012      ;
; 3.802   ; mtake_r[0]                                                                                       ; need_r[4]                                                                                    ; clk          ; clk         ; 10.000       ; -0.115     ; 6.023      ;
; 3.805   ; mtake_r[0]                                                                                       ; need_r[4]~DUPLICATE                                                                          ; clk          ; clk         ; 10.000       ; -0.109     ; 6.026      ;
; 3.813   ; cmd_lat_w_i[1]                                                                                   ; lat_w_r[1]~_Duplicate_1                                                                      ; clk          ; clk         ; 10.000       ; 3.581      ; 9.708      ;
; 3.831   ; cmd_lat_w_i[10]                                                                                  ; lat_w_r[10]                                                                                  ; clk          ; clk         ; 10.000       ; 3.527      ; 9.636      ;
; 3.841   ; bs_bit_r[2]~DUPLICATE                                                                            ; bs_bit_r[4]                                                                                  ; clk          ; clk         ; 10.000       ; -0.088     ; 6.011      ;
; 3.845   ; bs_bit_r[2]~DUPLICATE                                                                            ; st_r.StBsCount                                                                               ; clk          ; clk         ; 10.000       ; -0.480     ; 5.615      ;
; 3.847   ; bs_bit_r[2]~DUPLICATE                                                                            ; bs_bit_r[4]~DUPLICATE                                                                        ; clk          ; clk         ; 10.000       ; -0.084     ; 6.009      ;
; 3.852   ; idx_r[0]                                                                                         ; emit_e_r[13]                                                                                 ; clk          ; clk         ; 10.000       ; -0.508     ; 5.580      ;
; 3.852   ; idx_r[0]                                                                                         ; emit_e_r[14]                                                                                 ; clk          ; clk         ; 10.000       ; -0.502     ; 5.586      ;
; 3.865   ; idx_r[6]                                                                                         ; altsyncram:run_mem_r_rtl_0|altsyncram_8si1:auto_generated|ram_block1a6~portb_address_reg8    ; clk          ; clk         ; 10.000       ; -0.172     ; 5.903      ;
; 3.867   ; cmd_lat_w_i[10]                                                                                  ; lat_w_r[10]~_Duplicate_1                                                                     ; clk          ; clk         ; 10.000       ; 3.581      ; 9.654      ;
; 3.869   ; runs_r[7]                                                                                        ; mlen_r[3]                                                                                    ; clk          ; clk         ; 10.000       ; -0.103     ; 5.968      ;
; 3.875   ; runs_r[7]                                                                                        ; mlen_r[3]~DUPLICATE                                                                          ; clk          ; clk         ; 10.000       ; -0.099     ; 5.966      ;
; 3.876   ; cmd_lat_w_i[1]                                                                                   ; lat_w_r[1]                                                                                   ; clk          ; clk         ; 10.000       ; 3.527      ; 9.591      ;
; 3.881   ; bs_bit_r[2]~DUPLICATE                                                                            ; bs_bit_r[3]~DUPLICATE                                                                        ; clk          ; clk         ; 10.000       ; -0.090     ; 5.969      ;
; 3.881   ; idx_r[6]                                                                                         ; run_mem_r_rtl_0_bypass[12]                                                                   ; clk          ; clk         ; 10.000       ; -0.126     ; 5.933      ;
; 3.885   ; idx_r[6]                                                                                         ; ridx_r[6]                                                                                    ; clk          ; clk         ; 10.000       ; -0.126     ; 5.929      ;
; 3.885   ; idx_r[6]                                                                                         ; ridx_r[4]                                                                                    ; clk          ; clk         ; 10.000       ; -0.126     ; 5.929      ;
; 3.885   ; idx_r[6]                                                                                         ; ridx_r[8]                                                                                    ; clk          ; clk         ; 10.000       ; -0.126     ; 5.929      ;
; 3.886   ; bs_bit_r[2]~DUPLICATE                                                                            ; bs_bit_r[3]                                                                                  ; clk          ; clk         ; 10.000       ; -0.083     ; 5.971      ;
; 3.886   ; idx_r[6]                                                                                         ; ridx_r[0]                                                                                    ; clk          ; clk         ; 10.000       ; -0.127     ; 5.927      ;
; 3.887   ; idx_r[6]                                                                                         ; run_mem_r_rtl_0_bypass[14]                                                                   ; clk          ; clk         ; 10.000       ; -0.120     ; 5.933      ;
; 3.887   ; idx_r[6]                                                                                         ; run_mem_r_rtl_0_bypass[10]                                                                   ; clk          ; clk         ; 10.000       ; -0.120     ; 5.933      ;
; 3.887   ; idx_r[6]                                                                                         ; run_mem_r_rtl_0_bypass[8]                                                                    ; clk          ; clk         ; 10.000       ; -0.120     ; 5.933      ;
; 3.891   ; idx_r[6]                                                                                         ; run_mem_r_rtl_0_bypass[16]                                                                   ; clk          ; clk         ; 10.000       ; -0.120     ; 5.929      ;
; 3.891   ; idx_r[6]                                                                                         ; ridx_r[7]                                                                                    ; clk          ; clk         ; 10.000       ; -0.120     ; 5.929      ;
; 3.891   ; idx_r[6]                                                                                         ; ridx_r[5]                                                                                    ; clk          ; clk         ; 10.000       ; -0.120     ; 5.929      ;
; 3.891   ; idx_r[6]                                                                                         ; ridx_r[3]                                                                                    ; clk          ; clk         ; 10.000       ; -0.120     ; 5.929      ;
; 3.891   ; idx_r[6]                                                                                         ; ridx_r[9]                                                                                    ; clk          ; clk         ; 10.000       ; -0.120     ; 5.929      ;
; 3.891   ; idx_r[6]                                                                                         ; run_mem_r_rtl_0_bypass[6]                                                                    ; clk          ; clk         ; 10.000       ; -0.120     ; 5.929      ;
; 3.896   ; bs_bit_r[2]~DUPLICATE                                                                            ; bs_bit_r[2]~DUPLICATE                                                                        ; clk          ; clk         ; 10.000       ; -0.090     ; 5.954      ;
; 3.901   ; bs_bit_r[2]~DUPLICATE                                                                            ; bs_bit_r[2]                                                                                  ; clk          ; clk         ; 10.000       ; -0.083     ; 5.956      ;
; 3.903   ; runs_r[7]                                                                                        ; mlen_r[2]                                                                                    ; clk          ; clk         ; 10.000       ; -0.103     ; 5.934      ;
; 3.905   ; altsyncram:edge_key_r_rtl_0|altsyncram_esi1:auto_generated|ram_block1a4~PORT_B_WRITE_ENABLE_REG  ; run_prev_r[15]                                                                               ; clk          ; clk         ; 10.000       ; -1.442     ; 4.593      ;
; 3.908   ; runs_r[7]                                                                                        ; mlen_r[0]                                                                                    ; clk          ; clk         ; 10.000       ; -0.103     ; 5.929      ;
; 3.909   ; runs_r[7]                                                                                        ; mlen_r[2]~DUPLICATE                                                                          ; clk          ; clk         ; 10.000       ; -0.099     ; 5.932      ;
; 3.915   ; runs_r[7]                                                                                        ; mlen_r[0]~DUPLICATE                                                                          ; clk          ; clk         ; 10.000       ; -0.099     ; 5.926      ;
; 3.921   ; mtake_r[0]                                                                                       ; need_r[5]                                                                                    ; clk          ; clk         ; 10.000       ; -0.115     ; 5.904      ;
; 3.924   ; mtake_r[0]                                                                                       ; need_r[5]~DUPLICATE                                                                          ; clk          ; clk         ; 10.000       ; -0.109     ; 5.907      ;
; 3.925   ; runs_r[7]                                                                                        ; mlen_r[5]                                                                                    ; clk          ; clk         ; 10.000       ; -0.097     ; 5.918      ;
; 3.927   ; altsyncram:edge_key_r_rtl_0|altsyncram_esi1:auto_generated|ram_block1a4~PORT_B_WRITE_ENABLE_REG  ; run_prev_r[13]                                                                               ; clk          ; clk         ; 10.000       ; -1.442     ; 4.571      ;
; 3.952   ; altsyncram:edge_key_r_rtl_0|altsyncram_esi1:auto_generated|ram_block1a4~PORT_B_WRITE_ENABLE_REG  ; run_prev_r[17]                                                                               ; clk          ; clk         ; 10.000       ; -1.490     ; 4.498      ;
; 3.960   ; vd_data_i[15]                                                                                    ; pr_va_r[15]                                                                                  ; clk          ; clk         ; 10.000       ; 3.241      ; 9.221      ;
; 3.968   ; idx_r[6]                                                                                         ; pr_va_r[4]                                                                                   ; clk          ; clk         ; 10.000       ; -0.163     ; 5.809      ;
; 3.971   ; runs_r[7]                                                                                        ; mlen_r[4]                                                                                    ; clk          ; clk         ; 10.000       ; -0.104     ; 5.865      ;
; 3.976   ; runs_r[7]                                                                                        ; mlen_r[4]~DUPLICATE                                                                          ; clk          ; clk         ; 10.000       ; -0.097     ; 5.867      ;
; 3.987   ; sc_ci_r[3]~DUPLICATE                                                                             ; row_n_r[24]                                                                                  ; clk          ; clk         ; 10.000       ; -0.462     ; 5.491      ;
; 3.988   ; sc_cj_r[0]                                                                                       ; st_r.StAfterEnum                                                                             ; clk          ; clk         ; 10.000       ; -0.589     ; 5.363      ;
; 3.988   ; sc_ci_r[3]~DUPLICATE                                                                             ; row_n_r[28]                                                                                  ; clk          ; clk         ; 10.000       ; -0.469     ; 5.483      ;
; 4.032   ; sc_ci_r[3]~DUPLICATE                                                                             ; altsyncram:win_mem_rtl_0|altsyncram_40q1:auto_generated|ram_block1a0~CLOCK0_ENABLE0_0        ; clk          ; clk         ; 10.000       ; -0.813     ; 5.095      ;
; 4.033   ; sc_ci_r[3]~DUPLICATE                                                                             ; row_c_r[18]                                                                                  ; clk          ; clk         ; 10.000       ; -0.462     ; 5.445      ;
; 4.033   ; sc_ci_r[3]~DUPLICATE                                                                             ; row_c_r[22]                                                                                  ; clk          ; clk         ; 10.000       ; -0.456     ; 5.451      ;
; 4.033   ; sc_ci_r[3]~DUPLICATE                                                                             ; row_n_r[16]                                                                                  ; clk          ; clk         ; 10.000       ; -0.456     ; 5.451      ;
; 4.033   ; sc_ci_r[3]~DUPLICATE                                                                             ; row_n_r[22]                                                                                  ; clk          ; clk         ; 10.000       ; -0.456     ; 5.451      ;
; 4.033   ; sc_ci_r[3]~DUPLICATE                                                                             ; row_n_r[30]                                                                                  ; clk          ; clk         ; 10.000       ; -0.456     ; 5.451      ;
; 4.033   ; sc_ci_r[3]~DUPLICATE                                                                             ; row_n_r[33]                                                                                  ; clk          ; clk         ; 10.000       ; -0.462     ; 5.445      ;
; 4.034   ; sc_ci_r[3]~DUPLICATE                                                                             ; row_c_r[30]                                                                                  ; clk          ; clk         ; 10.000       ; -0.460     ; 5.446      ;
; 4.034   ; sc_ci_r[3]~DUPLICATE                                                                             ; row_c_r[26]                                                                                  ; clk          ; clk         ; 10.000       ; -0.460     ; 5.446      ;
; 4.034   ; sc_ci_r[3]~DUPLICATE                                                                             ; row_n_r[18]                                                                                  ; clk          ; clk         ; 10.000       ; -0.460     ; 5.446      ;
; 4.034   ; sc_ci_r[3]~DUPLICATE                                                                             ; row_n_r[20]                                                                                  ; clk          ; clk         ; 10.000       ; -0.460     ; 5.446      ;
; 4.034   ; sc_ci_r[3]~DUPLICATE                                                                             ; row_c_r[30]~DUPLICATE                                                                        ; clk          ; clk         ; 10.000       ; -0.457     ; 5.449      ;
; 4.034   ; sc_ci_r[3]~DUPLICATE                                                                             ; row_n_r[32]                                                                                  ; clk          ; clk         ; 10.000       ; -0.460     ; 5.446      ;
; 4.044   ; sc_ci_r[3]~DUPLICATE                                                                             ; row_c_r[10]                                                                                  ; clk          ; clk         ; 10.000       ; -0.125     ; 5.771      ;
; 4.044   ; sc_ci_r[3]~DUPLICATE                                                                             ; row_c_r[32]                                                                                  ; clk          ; clk         ; 10.000       ; -0.125     ; 5.771      ;
; 4.044   ; sc_ci_r[3]~DUPLICATE                                                                             ; row_c_r[24]~DUPLICATE                                                                        ; clk          ; clk         ; 10.000       ; -0.125     ; 5.771      ;
; 4.044   ; sc_ci_r[3]~DUPLICATE                                                                             ; row_n_r[0]                                                                                   ; clk          ; clk         ; 10.000       ; -0.125     ; 5.771      ;
; 4.044   ; sc_ci_r[3]~DUPLICATE                                                                             ; row_c_r[0]~DUPLICATE                                                                         ; clk          ; clk         ; 10.000       ; -0.125     ; 5.771      ;
; 4.045   ; sc_ci_r[3]~DUPLICATE                                                                             ; row_c_r[0]                                                                                   ; clk          ; clk         ; 10.000       ; -0.129     ; 5.766      ;
; 4.045   ; sc_ci_r[3]~DUPLICATE                                                                             ; row_c_r[16]                                                                                  ; clk          ; clk         ; 10.000       ; -0.123     ; 5.772      ;
; 4.045   ; sc_ci_r[3]~DUPLICATE                                                                             ; row_c_r[25]                                                                                  ; clk          ; clk         ; 10.000       ; -0.123     ; 5.772      ;
; 4.045   ; sc_ci_r[3]~DUPLICATE                                                                             ; row_c_r[24]                                                                                  ; clk          ; clk         ; 10.000       ; -0.129     ; 5.766      ;
; 4.045   ; sc_ci_r[3]~DUPLICATE                                                                             ; row_c_r[12]                                                                                  ; clk          ; clk         ; 10.000       ; -0.123     ; 5.772      ;
; 4.045   ; sc_ci_r[3]~DUPLICATE                                                                             ; row_c_r[28]                                                                                  ; clk          ; clk         ; 10.000       ; -0.123     ; 5.772      ;
; 4.046   ; sc_ci_r[3]~DUPLICATE                                                                             ; row_c_r[33]                                                                                  ; clk          ; clk         ; 10.000       ; -0.130     ; 5.764      ;
; 4.046   ; sc_ci_r[3]~DUPLICATE                                                                             ; row_c_r[16]~DUPLICATE                                                                        ; clk          ; clk         ; 10.000       ; -0.130     ; 5.764      ;
; 4.046   ; sc_ci_r[3]~DUPLICATE                                                                             ; row_c_r[25]~DUPLICATE                                                                        ; clk          ; clk         ; 10.000       ; -0.130     ; 5.764      ;
; 4.046   ; sc_ci_r[3]~DUPLICATE                                                                             ; row_c_r[12]~DUPLICATE                                                                        ; clk          ; clk         ; 10.000       ; -0.130     ; 5.764      ;
; 4.054   ; sc_ci_r[3]~DUPLICATE                                                                             ; row_c_r[27]                                                                                  ; clk          ; clk         ; 10.000       ; -0.117     ; 5.769      ;
; 4.054   ; sc_ci_r[3]~DUPLICATE                                                                             ; row_c_r[1]                                                                                   ; clk          ; clk         ; 10.000       ; -0.123     ; 5.763      ;
; 4.054   ; sc_ci_r[3]~DUPLICATE                                                                             ; row_c_r[9]~DUPLICATE                                                                         ; clk          ; clk         ; 10.000       ; -0.123     ; 5.763      ;
; 4.054   ; sc_ci_r[3]~DUPLICATE                                                                             ; row_n_r[23]                                                                                  ; clk          ; clk         ; 10.000       ; -0.117     ; 5.769      ;
; 4.054   ; sc_ci_r[3]~DUPLICATE                                                                             ; row_n_r[19]                                                                                  ; clk          ; clk         ; 10.000       ; -0.117     ; 5.769      ;
; 4.054   ; sc_ci_r[3]~DUPLICATE                                                                             ; row_n_r[27]                                                                                  ; clk          ; clk         ; 10.000       ; -0.117     ; 5.769      ;
; 4.054   ; sc_ci_r[3]~DUPLICATE                                                                             ; row_n_r[8]                                                                                   ; clk          ; clk         ; 10.000       ; -0.117     ; 5.769      ;
; 4.054   ; sc_ci_r[3]~DUPLICATE                                                                             ; row_c_r[9]                                                                                   ; clk          ; clk         ; 10.000       ; -0.117     ; 5.769      ;
; 4.055   ; sc_ci_r[3]~DUPLICATE                                                                             ; row_c_r[11]~DUPLICATE                                                                        ; clk          ; clk         ; 10.000       ; -0.118     ; 5.767      ;
; 4.055   ; sc_ci_r[3]~DUPLICATE                                                                             ; row_c_r[15]                                                                                  ; clk          ; clk         ; 10.000       ; -0.121     ; 5.764      ;
; 4.055   ; sc_ci_r[3]~DUPLICATE                                                                             ; row_c_r[13]~DUPLICATE                                                                        ; clk          ; clk         ; 10.000       ; -0.118     ; 5.767      ;
; 4.055   ; sc_ci_r[3]~DUPLICATE                                                                             ; row_n_r[10]                                                                                  ; clk          ; clk         ; 10.000       ; -0.121     ; 5.764      ;
; 4.055   ; sc_ci_r[3]~DUPLICATE                                                                             ; row_n_r[2]                                                                                   ; clk          ; clk         ; 10.000       ; -0.121     ; 5.764      ;
; 4.055   ; sc_ci_r[3]~DUPLICATE                                                                             ; row_n_r[13]                                                                                  ; clk          ; clk         ; 10.000       ; -0.121     ; 5.764      ;
; 4.055   ; sc_ci_r[3]~DUPLICATE                                                                             ; row_c_r[13]                                                                                  ; clk          ; clk         ; 10.000       ; -0.121     ; 5.764      ;
; 4.055   ; sc_ci_r[3]~DUPLICATE                                                                             ; row_n_r[9]                                                                                   ; clk          ; clk         ; 10.000       ; -0.118     ; 5.767      ;
; 4.055   ; sc_ci_r[3]~DUPLICATE                                                                             ; row_c_r[11]                                                                                  ; clk          ; clk         ; 10.000       ; -0.121     ; 5.764      ;
; 4.056   ; idx_r[6]                                                                                         ; altsyncram:run_mem_r_rtl_0|altsyncram_8si1:auto_generated|ram_block1a0~portb_address_reg9    ; clk          ; clk         ; 10.000       ; -0.235     ; 5.649      ;
; 4.056   ; idx_r[8]                                                                                         ; altsyncram:prio_mem_r_rtl_0|altsyncram_isi1:auto_generated|ram_block1a0~porta_we_reg         ; clk          ; clk         ; 10.000       ; 0.721      ; 6.605      ;
; 4.102   ; idx_r[11]                                                                                        ; dropped_q_r[6]                                                                               ; clk          ; clk         ; 10.000       ; -0.108     ; 5.730      ;
; 4.115   ; idx_r[6]                                                                                         ; pr_va_r[18]                                                                                  ; clk          ; clk         ; 10.000       ; -0.137     ; 5.688      ;
; 4.129   ; idx_r[8]                                                                                         ; altsyncram:prio_mem_r_rtl_0|altsyncram_isi1:auto_generated|ram_block1a0~CLOCK0_ENABLE0_0     ; clk          ; clk         ; 10.000       ; -0.518     ; 5.293      ;
; 4.135   ; altsyncram:edge_key_r_rtl_0|altsyncram_esi1:auto_generated|ram_block1a4~PORT_B_WRITE_ENABLE_REG  ; run_prev_r[14]                                                                               ; clk          ; clk         ; 10.000       ; -1.441     ; 4.364      ;
; 4.203   ; idx_r[0]                                                                                         ; emit_e_r[6]                                                                                  ; clk          ; clk         ; 10.000       ; -0.439     ; 5.298      ;
; 4.203   ; idx_r[0]                                                                                         ; emit_e_r[5]                                                                                  ; clk          ; clk         ; 10.000       ; -0.439     ; 5.298      ;
; 4.208   ; altsyncram:edge_key_r_rtl_0|altsyncram_esi1:auto_generated|ram_block1a0~PORT_B_WRITE_ENABLE_REG  ; emit_e_r[7]                                                                                  ; clk          ; clk         ; 10.000       ; -1.441     ; 4.291      ;
; 4.259   ; bs_bit_r[2]~DUPLICATE                                                                            ; bs_bit_r[0]                                                                                  ; clk          ; clk         ; 10.000       ; -0.090     ; 5.591      ;
; 4.264   ; bs_bit_r[2]~DUPLICATE                                                                            ; bs_bit_r[0]~DUPLICATE                                                                        ; clk          ; clk         ; 10.000       ; -0.083     ; 5.593      ;
; 4.272   ; cnt_r[9]~DUPLICATE                                                                               ; run_prev_r[5]                                                                                ; clk          ; clk         ; 10.000       ; -0.475     ; 5.193      ;
; 4.275   ; bs_bit_r[2]~DUPLICATE                                                                            ; bs_bit_r[1]~DUPLICATE                                                                        ; clk          ; clk         ; 10.000       ; -0.088     ; 5.577      ;
; 4.278   ; bs_bit_r[2]~DUPLICATE                                                                            ; bs_bit_r[5]~DUPLICATE                                                                        ; clk          ; clk         ; 10.000       ; -0.090     ; 5.572      ;
; 4.281   ; bs_bit_r[2]~DUPLICATE                                                                            ; bs_bit_r[1]                                                                                  ; clk          ; clk         ; 10.000       ; -0.084     ; 5.575      ;
; 4.283   ; bs_bit_r[2]~DUPLICATE                                                                            ; bs_bit_r[5]                                                                                  ; clk          ; clk         ; 10.000       ; -0.083     ; 5.574      ;
; 4.295   ; cnt_r[9]~DUPLICATE                                                                               ; run_prev_r[1]                                                                                ; clk          ; clk         ; 10.000       ; -0.453     ; 5.192      ;
; 4.296   ; cnt_r[9]~DUPLICATE                                                                               ; run_prev_r[3]                                                                                ; clk          ; clk         ; 10.000       ; -0.454     ; 5.190      ;
; 4.296   ; cnt_r[9]~DUPLICATE                                                                               ; run_prev_r[2]                                                                                ; clk          ; clk         ; 10.000       ; -0.454     ; 5.190      ;
; 4.296   ; cnt_r[9]~DUPLICATE                                                                               ; run_prev_r[0]                                                                                ; clk          ; clk         ; 10.000       ; -0.454     ; 5.190      ;
; 4.296   ; cnt_r[9]~DUPLICATE                                                                               ; run_prev_r[4]                                                                                ; clk          ; clk         ; 10.000       ; -0.454     ; 5.190      ;
; 4.322   ; cnt_r[2]~DUPLICATE                                                                               ; st_r.StEmit                                                                                  ; clk          ; clk         ; 10.000       ; -0.115     ; 5.503      ;
; 4.322   ; runs_r[7]                                                                                        ; mlen_r[1]~DUPLICATE                                                                          ; clk          ; clk         ; 10.000       ; -0.104     ; 5.514      ;
; 4.325   ; cnt_r[2]~DUPLICATE                                                                               ; st_r.StCompact~DUPLICATE                                                                     ; clk          ; clk         ; 10.000       ; -0.116     ; 5.499      ;
; 4.327   ; runs_r[7]                                                                                        ; mlen_r[1]                                                                                    ; clk          ; clk         ; 10.000       ; -0.097     ; 5.516      ;
; 4.330   ; cnt_r[2]~DUPLICATE                                                                               ; st_r.StKeep                                                                                  ; clk          ; clk         ; 10.000       ; -0.115     ; 5.495      ;
; 4.330   ; cnt_r[2]~DUPLICATE                                                                               ; st_r.StCompact                                                                               ; clk          ; clk         ; 10.000       ; -0.109     ; 5.501      ;
; 4.389   ; idx_r[0]                                                                                         ; emit_e_r[0]                                                                                  ; clk          ; clk         ; 10.000       ; -0.441     ; 5.110      ;
; 4.389   ; idx_r[0]                                                                                         ; emit_e_r[3]                                                                                  ; clk          ; clk         ; 10.000       ; -0.441     ; 5.110      ;
; 4.389   ; idx_r[0]                                                                                         ; emit_e_r[4]                                                                                  ; clk          ; clk         ; 10.000       ; -0.441     ; 5.110      ;
; 4.391   ; idx_r[0]                                                                                         ; emit_e_r[1]                                                                                  ; clk          ; clk         ; 10.000       ; -0.446     ; 5.103      ;
; 4.391   ; idx_r[0]                                                                                         ; emit_e_r[2]                                                                                  ; clk          ; clk         ; 10.000       ; -0.446     ; 5.103      ;
; 4.392   ; idx_r[6]                                                                                         ; ridx_r[2]                                                                                    ; clk          ; clk         ; 10.000       ; -0.126     ; 5.422      ;
; 4.392   ; idx_r[6]                                                                                         ; run_mem_r_rtl_0_bypass[18]                                                                   ; clk          ; clk         ; 10.000       ; -0.126     ; 5.422      ;
; 4.392   ; idx_r[6]                                                                                         ; run_mem_r_rtl_0_bypass[4]                                                                    ; clk          ; clk         ; 10.000       ; -0.126     ; 5.422      ;
; 4.393   ; idx_r[6]                                                                                         ; ridx_r[1]                                                                                    ; clk          ; clk         ; 10.000       ; -0.127     ; 5.420      ;
; 4.398   ; idx_r[6]                                                                                         ; run_mem_r_rtl_0_bypass[20]                                                                   ; clk          ; clk         ; 10.000       ; -0.120     ; 5.422      ;
; 4.398   ; idx_r[6]                                                                                         ; run_mem_r_rtl_0_bypass[2]                                                                    ; clk          ; clk         ; 10.000       ; -0.120     ; 5.422      ;
; 4.408   ; st_r.StEnum                                                                                      ; altsyncram:win_mem_rtl_0|altsyncram_40q1:auto_generated|ram_block1a0~portb_re_reg            ; clk          ; clk         ; 10.000       ; -0.521     ; 5.011      ;
; 4.551   ; idx_r[8]                                                                                         ; prio_mem_r_rtl_0_bypass[0]                                                                   ; clk          ; clk         ; 10.000       ; -0.499     ; 4.890      ;
; 4.562   ; idx_r[8]                                                                                         ; altsyncram:prio_mem_r_rtl_0|altsyncram_isi1:auto_generated|ram_block1a29~porta_we_reg        ; clk          ; clk         ; 10.000       ; 0.720      ; 6.098      ;
; 4.612   ; idx_r[8]                                                                                         ; altsyncram:prio_mem_r_rtl_0|altsyncram_isi1:auto_generated|ram_block1a2~porta_we_reg         ; clk          ; clk         ; 10.000       ; 0.728      ; 6.056      ;
; 4.636   ; idx_r[8]                                                                                         ; altsyncram:prio_mem_r_rtl_0|altsyncram_isi1:auto_generated|ram_block1a29~CLOCK0_ENABLE0_0    ; clk          ; clk         ; 10.000       ; -0.519     ; 4.785      ;
; 4.680   ; idx_r[8]                                                                                         ; altsyncram:prio_mem_r_rtl_0|altsyncram_isi1:auto_generated|ram_block1a14~porta_we_reg        ; clk          ; clk         ; 10.000       ; 0.746      ; 6.006      ;
; 4.684   ; st_r.StAfterEnum                                                                                 ; need_r[1]                                                                                    ; clk          ; clk         ; 10.000       ; -0.120     ; 5.136      ;
; 4.684   ; st_r.StAfterEnum                                                                                 ; need_r[3]~DUPLICATE                                                                          ; clk          ; clk         ; 10.000       ; -0.122     ; 5.134      ;
; 4.684   ; st_r.StAfterEnum                                                                                 ; need_r[0]~DUPLICATE                                                                          ; clk          ; clk         ; 10.000       ; -0.122     ; 5.134      ;
; 4.684   ; st_r.StAfterEnum                                                                                 ; need_r[2]                                                                                    ; clk          ; clk         ; 10.000       ; -0.122     ; 5.134      ;
; 4.685   ; st_r.StAfterEnum                                                                                 ; need_r[2]~DUPLICATE                                                                          ; clk          ; clk         ; 10.000       ; -0.124     ; 5.131      ;
; 4.685   ; st_r.StAfterEnum                                                                                 ; need_r[3]                                                                                    ; clk          ; clk         ; 10.000       ; -0.124     ; 5.131      ;
; 4.685   ; st_r.StAfterEnum                                                                                 ; need_r[0]                                                                                    ; clk          ; clk         ; 10.000       ; -0.124     ; 5.131      ;
; 4.689   ; idx_r[8]                                                                                         ; altsyncram:prio_mem_r_rtl_0|altsyncram_isi1:auto_generated|ram_block1a2~CLOCK0_ENABLE0_0     ; clk          ; clk         ; 10.000       ; -0.511     ; 4.740      ;
; 4.732   ; idx_r[11]                                                                                        ; pr_ph_r.10                                                                                   ; clk          ; clk         ; 10.000       ; -0.096     ; 5.112      ;
; 4.754   ; idx_r[8]                                                                                         ; altsyncram:prio_mem_r_rtl_0|altsyncram_isi1:auto_generated|ram_block1a14~CLOCK0_ENABLE0_0    ; clk          ; clk         ; 10.000       ; -0.493     ; 4.693      ;
; 4.822   ; idx_r[11]                                                                                        ; pr_ph_r.01                                                                                   ; clk          ; clk         ; 10.000       ; -0.103     ; 5.015      ;
; 4.827   ; idx_r[11]                                                                                        ; pr_ph_r.01~DUPLICATE                                                                         ; clk          ; clk         ; 10.000       ; -0.096     ; 5.017      ;
; 4.837   ; idx_r[11]                                                                                        ; pr_ph_r.00                                                                                   ; clk          ; clk         ; 10.000       ; -0.102     ; 5.001      ;
; 4.843   ; idx_r[11]                                                                                        ; pr_ph_r.00~DUPLICATE                                                                         ; clk          ; clk         ; 10.000       ; -0.098     ; 4.999      ;
; 4.856   ; idx_r[8]                                                                                         ; altsyncram:prio_mem_r_rtl_0|altsyncram_isi1:auto_generated|ram_block1a9~porta_we_reg         ; clk          ; clk         ; 10.000       ; 0.727      ; 5.811      ;
; 4.879   ; idx_r[6]                                                                                         ; ridx_r[10]                                                                                   ; clk          ; clk         ; 10.000       ; -0.123     ; 4.938      ;
; 4.910   ; idx_r[8]                                                                                         ; altsyncram:prio_mem_r_rtl_0|altsyncram_isi1:auto_generated|ram_block1a24~porta_we_reg        ; clk          ; clk         ; 10.000       ; 0.729      ; 5.759      ;
; 4.934   ; idx_r[8]                                                                                         ; altsyncram:prio_mem_r_rtl_0|altsyncram_isi1:auto_generated|ram_block1a9~CLOCK0_ENABLE0_0     ; clk          ; clk         ; 10.000       ; -0.512     ; 4.494      ;
; 4.988   ; idx_r[8]                                                                                         ; altsyncram:prio_mem_r_rtl_0|altsyncram_isi1:auto_generated|ram_block1a24~CLOCK0_ENABLE0_0    ; clk          ; clk         ; 10.000       ; -0.510     ; 4.442      ;
; 5.414   ; st_r.StPrime                                                                                     ; altsyncram:win_mem_rtl_0|altsyncram_40q1:auto_generated|ram_block1a0~portb_address_reg0      ; clk          ; clk         ; 10.000       ; 0.101      ; 4.627      ;
; 5.636   ; bs_bit_r[2]~DUPLICATE                                                                            ; st_r.StGtCount                                                                               ; clk          ; clk         ; 10.000       ; -0.487     ; 3.817      ;
; 5.705   ; idx_r[6]                                                                                         ; st_r.StRuns                                                                                  ; clk          ; clk         ; 10.000       ; -0.094     ; 4.141      ;
; 5.952   ; prime_k_r[1]~DUPLICATE                                                                           ; altsyncram:win_mem_rtl_0|altsyncram_40q1:auto_generated|ram_block1a0~portb_address_reg1      ; clk          ; clk         ; 10.000       ; -0.476     ; 3.512      ;
; 6.113   ; wr_r[8]~DUPLICATE                                                                                ; altsyncram:prio_mem_r_rtl_0|altsyncram_isi1:auto_generated|ram_block1a9~porta_address_reg8   ; clk          ; clk         ; 10.000       ; -0.553     ; 3.274      ;
; 6.220   ; wr_r[3]                                                                                          ; altsyncram:prio_mem_r_rtl_0|altsyncram_isi1:auto_generated|ram_block1a24~porta_address_reg3  ; clk          ; clk         ; 10.000       ; -0.290     ; 3.430      ;
; 6.224   ; wr_r[9]~DUPLICATE                                                                                ; altsyncram:prio_mem_r_rtl_0|altsyncram_isi1:auto_generated|ram_block1a19~porta_address_reg9  ; clk          ; clk         ; 10.000       ; -0.103     ; 3.613      ;
; 6.228   ; idx_r[6]                                                                                         ; page_done_r                                                                                  ; clk          ; clk         ; 10.000       ; -0.137     ; 3.575      ;
; 6.317   ; wr_r[8]~DUPLICATE                                                                                ; altsyncram:prio_mem_r_rtl_0|altsyncram_isi1:auto_generated|ram_block1a2~porta_address_reg8   ; clk          ; clk         ; 10.000       ; -0.552     ; 3.071      ;
; 6.348   ; wr_r[10]~DUPLICATE                                                                               ; altsyncram:prio_mem_r_rtl_0|altsyncram_isi1:auto_generated|ram_block1a9~porta_address_reg10  ; clk          ; clk         ; 10.000       ; -0.549     ; 3.043      ;
; 6.361   ; wr_r[3]                                                                                          ; altsyncram:prio_mem_r_rtl_0|altsyncram_isi1:auto_generated|ram_block1a2~porta_address_reg3   ; clk          ; clk         ; 10.000       ; -0.291     ; 3.288      ;
; 6.407   ; wr_r[7]~DUPLICATE                                                                                ; altsyncram:prio_mem_r_rtl_0|altsyncram_isi1:auto_generated|ram_block1a29~porta_address_reg7  ; clk          ; clk         ; 10.000       ; -0.556     ; 2.977      ;
; 6.429   ; prime_k_r[2]~DUPLICATE                                                                           ; altsyncram:win_mem_rtl_0|altsyncram_40q1:auto_generated|ram_block1a0~portb_address_reg2      ; clk          ; clk         ; 10.000       ; -0.476     ; 3.035      ;
; 6.446   ; wr_r[3]                                                                                          ; altsyncram:prio_mem_r_rtl_0|altsyncram_isi1:auto_generated|ram_block1a14~porta_address_reg3  ; clk          ; clk         ; 10.000       ; -0.273     ; 3.221      ;
; 6.459   ; wr_r[0]                                                                                          ; altsyncram:prio_mem_r_rtl_0|altsyncram_isi1:auto_generated|ram_block1a0~porta_address_reg0   ; clk          ; clk         ; 10.000       ; -0.513     ; 2.968      ;
; 6.471   ; wr_r[0]                                                                                          ; altsyncram:prio_mem_r_rtl_0|altsyncram_isi1:auto_generated|ram_block1a29~porta_address_reg0  ; clk          ; clk         ; 10.000       ; -0.514     ; 2.955      ;
; 6.500   ; wr_r[7]~DUPLICATE                                                                                ; altsyncram:prio_mem_r_rtl_0|altsyncram_isi1:auto_generated|ram_block1a9~porta_address_reg7   ; clk          ; clk         ; 10.000       ; -0.549     ; 2.891      ;
; 6.505   ; wr_r[4]                                                                                          ; altsyncram:prio_mem_r_rtl_0|altsyncram_isi1:auto_generated|ram_block1a0~porta_address_reg4   ; clk          ; clk         ; 10.000       ; -0.563     ; 2.872      ;
; 6.510   ; wr_r[7]~DUPLICATE                                                                                ; altsyncram:prio_mem_r_rtl_0|altsyncram_isi1:auto_generated|ram_block1a0~porta_address_reg7   ; clk          ; clk         ; 10.000       ; -0.555     ; 2.875      ;
; 6.518   ; sc_cj_r[1]                                                                                       ; altsyncram:win_mem_rtl_0|altsyncram_40q1:auto_generated|ram_block1a0~portb_address_reg4      ; clk          ; clk         ; 10.000       ; -0.150     ; 3.272      ;
; 6.550   ; wr_r[6]                                                                                          ; altsyncram:prio_mem_r_rtl_0|altsyncram_isi1:auto_generated|ram_block1a29~porta_address_reg6  ; clk          ; clk         ; 10.000       ; -0.565     ; 2.825      ;
; 6.553   ; wr_r[4]                                                                                          ; altsyncram:prio_mem_r_rtl_0|altsyncram_isi1:auto_generated|ram_block1a29~porta_address_reg4  ; clk          ; clk         ; 10.000       ; -0.564     ; 2.823      ;
; 6.556   ; wr_r[4]                                                                                          ; altsyncram:prio_mem_r_rtl_0|altsyncram_isi1:auto_generated|ram_block1a9~porta_address_reg4   ; clk          ; clk         ; 10.000       ; -0.557     ; 2.827      ;
; 6.575   ; wr_r[3]                                                                                          ; prio_mem_r_rtl_0_bypass[7]                                                                   ; clk          ; clk         ; 10.000       ; -0.101     ; 3.264      ;
; 6.592   ; wr_r[4]                                                                                          ; altsyncram:prio_mem_r_rtl_0|altsyncram_isi1:auto_generated|ram_block1a2~porta_address_reg4   ; clk          ; clk         ; 10.000       ; -0.556     ; 2.792      ;
; 6.682   ; wr_r[0]~DUPLICATE                                                                                ; altsyncram:prio_mem_r_rtl_0|altsyncram_isi1:auto_generated|ram_block1a19~porta_address_reg0  ; clk          ; clk         ; 10.000       ; -0.056     ; 3.202      ;
; 6.684   ; wr_r[6]                                                                                          ; altsyncram:prio_mem_r_rtl_0|altsyncram_isi1:auto_generated|ram_block1a19~porta_address_reg6  ; clk          ; clk         ; 10.000       ; -0.112     ; 3.144      ;
; 6.695   ; wr_r[9]~DUPLICATE                                                                                ; altsyncram:prio_mem_r_rtl_0|altsyncram_isi1:auto_generated|ram_block1a2~porta_address_reg9   ; clk          ; clk         ; 10.000       ; -0.548     ; 2.697      ;
; 6.702   ; wr_r[0]                                                                                          ; altsyncram:prio_mem_r_rtl_0|altsyncram_isi1:auto_generated|ram_block1a9~porta_address_reg0   ; clk          ; clk         ; 10.000       ; -0.507     ; 2.731      ;
; 6.705   ; wr_r[2]                                                                                          ; altsyncram:prio_mem_r_rtl_0|altsyncram_isi1:auto_generated|ram_block1a29~porta_address_reg2  ; clk          ; clk         ; 10.000       ; -0.511     ; 2.724      ;
; 6.748   ; wr_r[8]~DUPLICATE                                                                                ; altsyncram:prio_mem_r_rtl_0|altsyncram_isi1:auto_generated|ram_block1a0~porta_address_reg8   ; clk          ; clk         ; 10.000       ; -0.559     ; 2.633      ;
; 6.754   ; wr_r[0]                                                                                          ; altsyncram:prio_mem_r_rtl_0|altsyncram_isi1:auto_generated|ram_block1a2~porta_address_reg0   ; clk          ; clk         ; 10.000       ; -0.506     ; 2.680      ;
; 6.757   ; wr_r[8]~DUPLICATE                                                                                ; altsyncram:prio_mem_r_rtl_0|altsyncram_isi1:auto_generated|ram_block1a14~porta_address_reg8  ; clk          ; clk         ; 10.000       ; -0.534     ; 2.649      ;
; 6.758   ; wr_r[6]                                                                                          ; altsyncram:prio_mem_r_rtl_0|altsyncram_isi1:auto_generated|ram_block1a0~porta_address_reg6   ; clk          ; clk         ; 10.000       ; -0.564     ; 2.618      ;
; 6.765   ; wr_r[6]                                                                                          ; altsyncram:prio_mem_r_rtl_0|altsyncram_isi1:auto_generated|ram_block1a9~porta_address_reg6   ; clk          ; clk         ; 10.000       ; -0.558     ; 2.617      ;
; 6.791   ; wr_r[3]                                                                                          ; altsyncram:prio_mem_r_rtl_0|altsyncram_isi1:auto_generated|ram_block1a29~porta_address_reg3  ; clk          ; clk         ; 10.000       ; -0.299     ; 2.850      ;
; 6.802   ; wr_r[9]~DUPLICATE                                                                                ; altsyncram:prio_mem_r_rtl_0|altsyncram_isi1:auto_generated|ram_block1a14~porta_address_reg9  ; clk          ; clk         ; 10.000       ; -0.530     ; 2.608      ;
; 6.814   ; wr_r[1]~DUPLICATE                                                                                ; altsyncram:prio_mem_r_rtl_0|altsyncram_isi1:auto_generated|ram_block1a29~porta_address_reg1  ; clk          ; clk         ; 10.000       ; -0.506     ; 2.620      ;
; 6.826   ; wr_r[9]~DUPLICATE                                                                                ; altsyncram:prio_mem_r_rtl_0|altsyncram_isi1:auto_generated|ram_block1a24~porta_address_reg9  ; clk          ; clk         ; 10.000       ; -0.547     ; 2.567      ;
; 6.834   ; wr_r[7]~DUPLICATE                                                                                ; altsyncram:prio_mem_r_rtl_0|altsyncram_isi1:auto_generated|ram_block1a2~porta_address_reg7   ; clk          ; clk         ; 10.000       ; -0.548     ; 2.558      ;
; 6.848   ; wr_r[1]~DUPLICATE                                                                                ; altsyncram:prio_mem_r_rtl_0|altsyncram_isi1:auto_generated|ram_block1a0~porta_address_reg1   ; clk          ; clk         ; 10.000       ; -0.505     ; 2.587      ;
; 6.851   ; wr_r[1]~DUPLICATE                                                                                ; altsyncram:prio_mem_r_rtl_0|altsyncram_isi1:auto_generated|ram_block1a9~porta_address_reg1   ; clk          ; clk         ; 10.000       ; -0.499     ; 2.590      ;
; 6.859   ; rstart_r[3]                                                                                      ; run_mem_r_rtl_0_bypass[30]                                                                   ; clk          ; clk         ; 10.000       ; -0.114     ; 2.967      ;
; 6.865   ; wr_r[5]                                                                                          ; altsyncram:prio_mem_r_rtl_0|altsyncram_isi1:auto_generated|ram_block1a2~porta_address_reg5   ; clk          ; clk         ; 10.000       ; -0.555     ; 2.520      ;
; 6.900   ; sc_cj_r[1]                                                                                       ; altsyncram:win_mem_rtl_0|altsyncram_40q1:auto_generated|ram_block1a0~portb_address_reg5      ; clk          ; clk         ; 10.000       ; -0.150     ; 2.890      ;
; 6.904   ; idx_r[6]                                                                                         ; st_r.StBsStep                                                                                ; clk          ; clk         ; 10.000       ; -0.140     ; 2.896      ;
; 6.913   ; wr_r[1]~DUPLICATE                                                                                ; altsyncram:prio_mem_r_rtl_0|altsyncram_isi1:auto_generated|ram_block1a2~porta_address_reg1   ; clk          ; clk         ; 10.000       ; -0.498     ; 2.529      ;
; 6.970   ; wr_r[9]~DUPLICATE                                                                                ; altsyncram:prio_mem_r_rtl_0|altsyncram_isi1:auto_generated|ram_block1a29~porta_address_reg9  ; clk          ; clk         ; 10.000       ; -0.556     ; 2.414      ;
; 6.973   ; wr_r[6]                                                                                          ; altsyncram:prio_mem_r_rtl_0|altsyncram_isi1:auto_generated|ram_block1a2~porta_address_reg6   ; clk          ; clk         ; 10.000       ; -0.557     ; 2.410      ;
; 6.975   ; wr_r[9]~DUPLICATE                                                                                ; prio_mem_r_rtl_0_bypass[19]                                                                  ; clk          ; clk         ; 10.000       ; -0.079     ; 2.886      ;
; 6.979   ; wr_r[2]                                                                                          ; altsyncram:prio_mem_r_rtl_0|altsyncram_isi1:auto_generated|ram_block1a9~porta_address_reg2   ; clk          ; clk         ; 10.000       ; -0.504     ; 2.457      ;
; 6.982   ; wr_r[5]                                                                                          ; prio_mem_r_rtl_0_bypass[11]                                                                  ; clk          ; clk         ; 10.000       ; -0.097     ; 2.861      ;
; 6.989   ; wr_r[10]~DUPLICATE                                                                               ; altsyncram:prio_mem_r_rtl_0|altsyncram_isi1:auto_generated|ram_block1a29~porta_address_reg10 ; clk          ; clk         ; 10.000       ; -0.556     ; 2.395      ;
; 6.989   ; ld_asm_r[2]                                                                                      ; altsyncram:win_mem_rtl_0|altsyncram_40q1:auto_generated|ram_block1a0~porta_datain_reg2       ; clk          ; clk         ; 10.000       ; -0.417     ; 2.534      ;
; 6.990   ; wr_r[2]                                                                                          ; altsyncram:prio_mem_r_rtl_0|altsyncram_isi1:auto_generated|ram_block1a0~porta_address_reg2   ; clk          ; clk         ; 10.000       ; -0.510     ; 2.440      ;
; 7.055   ; wr_r[8]                                                                                          ; altsyncram:prio_mem_r_rtl_0|altsyncram_isi1:auto_generated|ram_block1a24~porta_address_reg8  ; clk          ; clk         ; 10.000       ; -0.546     ; 2.339      ;
; 7.063   ; wr_r[5]                                                                                          ; altsyncram:prio_mem_r_rtl_0|altsyncram_isi1:auto_generated|ram_block1a0~porta_address_reg5   ; clk          ; clk         ; 10.000       ; -0.562     ; 2.315      ;
; 7.065   ; rlen_r[5]                                                                                        ; run_mem_r_rtl_0_bypass[26]                                                                   ; clk          ; clk         ; 10.000       ; -0.077     ; 2.798      ;
; 7.073   ; wr_r[5]                                                                                          ; altsyncram:prio_mem_r_rtl_0|altsyncram_isi1:auto_generated|ram_block1a29~porta_address_reg5  ; clk          ; clk         ; 10.000       ; -0.563     ; 2.304      ;
; 7.084   ; wr_r[10]~DUPLICATE                                                                               ; altsyncram:prio_mem_r_rtl_0|altsyncram_isi1:auto_generated|ram_block1a0~porta_address_reg10  ; clk          ; clk         ; 10.000       ; -0.555     ; 2.301      ;
; 7.102   ; wr_r[7]~DUPLICATE                                                                                ; altsyncram:prio_mem_r_rtl_0|altsyncram_isi1:auto_generated|ram_block1a24~porta_address_reg7  ; clk          ; clk         ; 10.000       ; -0.547     ; 2.291      ;
; 7.108   ; wr_r[2]                                                                                          ; prio_mem_r_rtl_0_bypass[5]                                                                   ; clk          ; clk         ; 10.000       ; -0.096     ; 2.736      ;
; 7.123   ; wr_r[6]                                                                                          ; prio_mem_r_rtl_0_bypass[13]                                                                  ; clk          ; clk         ; 10.000       ; -0.096     ; 2.721      ;
; 7.133   ; wr_r[5]                                                                                          ; altsyncram:prio_mem_r_rtl_0|altsyncram_isi1:auto_generated|ram_block1a9~porta_address_reg5   ; clk          ; clk         ; 10.000       ; -0.556     ; 2.251      ;
; 7.135   ; wr_r[0]~DUPLICATE                                                                                ; altsyncram:prio_mem_r_rtl_0|altsyncram_isi1:auto_generated|ram_block1a14~porta_address_reg0  ; clk          ; clk         ; 10.000       ; -0.483     ; 2.322      ;
; 7.139   ; wr_r[3]                                                                                          ; altsyncram:prio_mem_r_rtl_0|altsyncram_isi1:auto_generated|ram_block1a9~porta_address_reg3   ; clk          ; clk         ; 10.000       ; -0.292     ; 2.509      ;
; 7.170   ; wr_r[6]                                                                                          ; altsyncram:prio_mem_r_rtl_0|altsyncram_isi1:auto_generated|ram_block1a24~porta_address_reg6  ; clk          ; clk         ; 10.000       ; -0.556     ; 2.214      ;
; 7.172   ; wr_r[0]~DUPLICATE                                                                                ; altsyncram:prio_mem_r_rtl_0|altsyncram_isi1:auto_generated|ram_block1a24~porta_address_reg0  ; clk          ; clk         ; 10.000       ; -0.500     ; 2.268      ;
; 7.186   ; wr_r[8]~DUPLICATE                                                                                ; altsyncram:prio_mem_r_rtl_0|altsyncram_isi1:auto_generated|ram_block1a29~porta_address_reg8  ; clk          ; clk         ; 10.000       ; -0.560     ; 2.194      ;
; 7.192   ; wr_r[1]~DUPLICATE                                                                                ; altsyncram:prio_mem_r_rtl_0|altsyncram_isi1:auto_generated|ram_block1a14~porta_address_reg1  ; clk          ; clk         ; 10.000       ; -0.480     ; 2.268      ;
; 7.192   ; wr_r[4]                                                                                          ; altsyncram:prio_mem_r_rtl_0|altsyncram_isi1:auto_generated|ram_block1a24~porta_address_reg4  ; clk          ; clk         ; 10.000       ; -0.555     ; 2.193      ;
; 7.202   ; wr_r[9]~DUPLICATE                                                                                ; altsyncram:prio_mem_r_rtl_0|altsyncram_isi1:auto_generated|ram_block1a0~porta_address_reg9   ; clk          ; clk         ; 10.000       ; -0.555     ; 2.183      ;
; 7.206   ; wr_r[2]                                                                                          ; altsyncram:prio_mem_r_rtl_0|altsyncram_isi1:auto_generated|ram_block1a14~porta_address_reg2  ; clk          ; clk         ; 10.000       ; -0.485     ; 2.249      ;
; 7.214   ; wr_r[2]                                                                                          ; altsyncram:prio_mem_r_rtl_0|altsyncram_isi1:auto_generated|ram_block1a2~porta_address_reg2   ; clk          ; clk         ; 10.000       ; -0.503     ; 2.223      ;
; 7.215   ; wr_r[3]                                                                                          ; altsyncram:prio_mem_r_rtl_0|altsyncram_isi1:auto_generated|ram_block1a0~porta_address_reg3   ; clk          ; clk         ; 10.000       ; -0.298     ; 2.427      ;
; 7.234   ; wr_r[1]~DUPLICATE                                                                                ; altsyncram:prio_mem_r_rtl_0|altsyncram_isi1:auto_generated|ram_block1a24~porta_address_reg1  ; clk          ; clk         ; 10.000       ; -0.497     ; 2.209      ;
; 7.252   ; wr_r[2]                                                                                          ; altsyncram:prio_mem_r_rtl_0|altsyncram_isi1:auto_generated|ram_block1a24~porta_address_reg2  ; clk          ; clk         ; 10.000       ; -0.502     ; 2.186      ;
; 7.295   ; wr_r[9]~DUPLICATE                                                                                ; altsyncram:prio_mem_r_rtl_0|altsyncram_isi1:auto_generated|ram_block1a9~porta_address_reg9   ; clk          ; clk         ; 10.000       ; -0.549     ; 2.096      ;
; 7.296   ; wr_r[5]                                                                                          ; altsyncram:prio_mem_r_rtl_0|altsyncram_isi1:auto_generated|ram_block1a24~porta_address_reg5  ; clk          ; clk         ; 10.000       ; -0.554     ; 2.090      ;
; 7.301   ; wr_r[10]~DUPLICATE                                                                               ; altsyncram:prio_mem_r_rtl_0|altsyncram_isi1:auto_generated|ram_block1a2~porta_address_reg10  ; clk          ; clk         ; 10.000       ; -0.548     ; 2.091      ;
; 7.308   ; wr_r[6]                                                                                          ; altsyncram:prio_mem_r_rtl_0|altsyncram_isi1:auto_generated|ram_block1a14~porta_address_reg6  ; clk          ; clk         ; 10.000       ; -0.539     ; 2.093      ;
; 7.318   ; wr_r[4]                                                                                          ; altsyncram:prio_mem_r_rtl_0|altsyncram_isi1:auto_generated|ram_block1a14~porta_address_reg4  ; clk          ; clk         ; 10.000       ; -0.538     ; 2.084      ;
; 7.325   ; wr_r[1]~DUPLICATE                                                                                ; altsyncram:prio_mem_r_rtl_0|altsyncram_isi1:auto_generated|ram_block1a19~porta_address_reg1  ; clk          ; clk         ; 10.000       ; -0.053     ; 2.562      ;
; 7.328   ; wr_r[4]                                                                                          ; altsyncram:prio_mem_r_rtl_0|altsyncram_isi1:auto_generated|ram_block1a19~porta_address_reg4  ; clk          ; clk         ; 10.000       ; -0.111     ; 2.501      ;
; 7.334   ; runs_r[0]                                                                                        ; altsyncram:run_mem_r_rtl_0|altsyncram_8si1:auto_generated|ram_block1a0~porta_address_reg0    ; clk          ; clk         ; 10.000       ; -0.101     ; 2.505      ;
; 7.346   ; wr_r[7]~DUPLICATE                                                                                ; altsyncram:prio_mem_r_rtl_0|altsyncram_isi1:auto_generated|ram_block1a14~porta_address_reg7  ; clk          ; clk         ; 10.000       ; -0.530     ; 2.064      ;
; 7.357   ; sc_cj_r[0]                                                                                       ; altsyncram:win_mem_rtl_0|altsyncram_40q1:auto_generated|ram_block1a0~portb_address_reg3      ; clk          ; clk         ; 10.000       ; -0.153     ; 2.430      ;
; 7.359   ; wr_r[5]                                                                                          ; altsyncram:prio_mem_r_rtl_0|altsyncram_isi1:auto_generated|ram_block1a14~porta_address_reg5  ; clk          ; clk         ; 10.000       ; -0.537     ; 2.044      ;
; 7.378   ; runs_r[0]                                                                                        ; run_mem_r_rtl_0_bypass[1]                                                                    ; clk          ; clk         ; 10.000       ; -0.088     ; 2.474      ;
; 7.391   ; wr_r[7]~DUPLICATE                                                                                ; prio_mem_r_rtl_0_bypass[15]                                                                  ; clk          ; clk         ; 10.000       ; -0.094     ; 2.455      ;
; 7.444   ; wr_r[5]                                                                                          ; altsyncram:prio_mem_r_rtl_0|altsyncram_isi1:auto_generated|ram_block1a19~porta_address_reg5  ; clk          ; clk         ; 10.000       ; -0.110     ; 2.386      ;
; 7.451   ; wr_r[2]                                                                                          ; altsyncram:prio_mem_r_rtl_0|altsyncram_isi1:auto_generated|ram_block1a19~porta_address_reg2  ; clk          ; clk         ; 10.000       ; -0.058     ; 2.431      ;
; 7.492   ; wr_r[10]~DUPLICATE                                                                               ; altsyncram:prio_mem_r_rtl_0|altsyncram_isi1:auto_generated|ram_block1a14~porta_address_reg10 ; clk          ; clk         ; 10.000       ; -0.530     ; 1.918      ;
; 7.509   ; wr_r[0]~DUPLICATE                                                                                ; prio_mem_r_rtl_0_bypass[1]                                                                   ; clk          ; clk         ; 10.000       ; -0.075     ; 2.356      ;
; 7.549   ; wr_r[10]~DUPLICATE                                                                               ; altsyncram:prio_mem_r_rtl_0|altsyncram_isi1:auto_generated|ram_block1a19~porta_address_reg10 ; clk          ; clk         ; 10.000       ; -0.103     ; 2.288      ;
; 7.583   ; ld_asm_r[3]                                                                                      ; altsyncram:win_mem_rtl_0|altsyncram_40q1:auto_generated|ram_block1a0~porta_datain_reg3       ; clk          ; clk         ; 10.000       ; -0.417     ; 1.940      ;
; 7.594   ; wr_r[10]~DUPLICATE                                                                               ; altsyncram:prio_mem_r_rtl_0|altsyncram_isi1:auto_generated|ram_block1a24~porta_address_reg10 ; clk          ; clk         ; 10.000       ; -0.547     ; 1.799      ;
; 7.628   ; wr_r[10]                                                                                         ; prio_mem_r_rtl_0_bypass[21]                                                                  ; clk          ; clk         ; 10.000       ; -0.086     ; 2.226      ;
; 7.635   ; wr_r[8]                                                                                          ; altsyncram:prio_mem_r_rtl_0|altsyncram_isi1:auto_generated|ram_block1a19~porta_address_reg8  ; clk          ; clk         ; 10.000       ; -0.102     ; 2.203      ;
; 7.651   ; runs_r[0]                                                                                        ; altsyncram:run_mem_r_rtl_0|altsyncram_8si1:auto_generated|ram_block1a6~porta_address_reg0    ; clk          ; clk         ; 10.000       ; -0.121     ; 2.168      ;
; 7.651   ; wr_r[3]                                                                                          ; altsyncram:prio_mem_r_rtl_0|altsyncram_isi1:auto_generated|ram_block1a19~porta_address_reg3  ; clk          ; clk         ; 10.000       ; 0.154      ; 2.443      ;
; 7.672   ; wr_r[1]~DUPLICATE                                                                                ; prio_mem_r_rtl_0_bypass[3]                                                                   ; clk          ; clk         ; 10.000       ; -0.073     ; 2.195      ;
; 7.675   ; rstart_r[4]                                                                                      ; run_mem_r_rtl_0_bypass[31]                                                                   ; clk          ; clk         ; 10.000       ; -0.114     ; 2.151      ;
; 7.691   ; wr_r[7]~DUPLICATE                                                                                ; altsyncram:prio_mem_r_rtl_0|altsyncram_isi1:auto_generated|ram_block1a19~porta_address_reg7  ; clk          ; clk         ; 10.000       ; -0.103     ; 2.146      ;
; 7.718   ; runs_r[5]~DUPLICATE                                                                              ; run_mem_r_rtl_0_bypass[11]                                                                   ; clk          ; clk         ; 10.000       ; -0.101     ; 2.121      ;
; 7.718   ; altsyncram:win_mem_rtl_0|altsyncram_40q1:auto_generated|ram_block1a0~PORT_B_WRITE_ENABLE_REG     ; row_s_r[9]                                                                                   ; clk          ; clk         ; 10.000       ; -1.864     ; 0.358      ;
; 7.719   ; altsyncram:win_mem_rtl_0|altsyncram_40q1:auto_generated|ram_block1a0~PORT_B_WRITE_ENABLE_REG     ; row_s_r[21]                                                                                  ; clk          ; clk         ; 10.000       ; -1.863     ; 0.358      ;
; 7.720   ; altsyncram:win_mem_rtl_0|altsyncram_40q1:auto_generated|ram_block1a0~PORT_B_WRITE_ENABLE_REG     ; row_s_r[23]                                                                                  ; clk          ; clk         ; 10.000       ; -1.867     ; 0.353      ;
; 7.721   ; altsyncram:win_mem_rtl_0|altsyncram_40q1:auto_generated|ram_block1a0~PORT_B_WRITE_ENABLE_REG     ; row_s_r[20]                                                                                  ; clk          ; clk         ; 10.000       ; -1.869     ; 0.350      ;
; 7.722   ; altsyncram:win_mem_rtl_0|altsyncram_40q1:auto_generated|ram_block1a0~PORT_B_WRITE_ENABLE_REG     ; row_s_r[28]                                                                                  ; clk          ; clk         ; 10.000       ; -1.865     ; 0.353      ;
; 7.722   ; altsyncram:win_mem_rtl_0|altsyncram_40q1:auto_generated|ram_block1a0~PORT_B_WRITE_ENABLE_REG     ; row_s_r[22]                                                                                  ; clk          ; clk         ; 10.000       ; -1.869     ; 0.349      ;
; 7.723   ; altsyncram:win_mem_rtl_0|altsyncram_40q1:auto_generated|ram_block1a0~PORT_B_WRITE_ENABLE_REG     ; row_s_r[5]                                                                                   ; clk          ; clk         ; 10.000       ; -1.870     ; 0.347      ;
; 7.723   ; altsyncram:win_mem_rtl_0|altsyncram_40q1:auto_generated|ram_block1a0~PORT_B_WRITE_ENABLE_REG     ; row_s_r[3]                                                                                   ; clk          ; clk         ; 10.000       ; -1.871     ; 0.346      ;
; 7.724   ; altsyncram:win_mem_rtl_0|altsyncram_40q1:auto_generated|ram_block1a0~PORT_B_WRITE_ENABLE_REG     ; row_s_r[29]                                                                                  ; clk          ; clk         ; 10.000       ; -1.865     ; 0.351      ;
; 7.724   ; altsyncram:win_mem_rtl_0|altsyncram_40q1:auto_generated|ram_block1a0~PORT_B_WRITE_ENABLE_REG     ; row_s_r[27]                                                                                  ; clk          ; clk         ; 10.000       ; -1.865     ; 0.351      ;
; 7.724   ; altsyncram:win_mem_rtl_0|altsyncram_40q1:auto_generated|ram_block1a0~PORT_B_WRITE_ENABLE_REG     ; row_s_r[24]                                                                                  ; clk          ; clk         ; 10.000       ; -1.866     ; 0.350      ;
; 7.724   ; altsyncram:win_mem_rtl_0|altsyncram_40q1:auto_generated|ram_block1a0~PORT_B_WRITE_ENABLE_REG     ; row_s_r[8]                                                                                   ; clk          ; clk         ; 10.000       ; -1.875     ; 0.341      ;
; 7.725   ; altsyncram:win_mem_rtl_0|altsyncram_40q1:auto_generated|ram_block1a0~PORT_B_WRITE_ENABLE_REG     ; row_s_r[4]                                                                                   ; clk          ; clk         ; 10.000       ; -1.869     ; 0.346      ;
; 7.726   ; altsyncram:win_mem_rtl_0|altsyncram_40q1:auto_generated|ram_block1a0~PORT_B_WRITE_ENABLE_REG     ; row_s_r[26]                                                                                  ; clk          ; clk         ; 10.000       ; -1.867     ; 0.347      ;
; 7.726   ; altsyncram:win_mem_rtl_0|altsyncram_40q1:auto_generated|ram_block1a0~PORT_B_WRITE_ENABLE_REG     ; row_s_r[25]                                                                                  ; clk          ; clk         ; 10.000       ; -1.866     ; 0.348      ;
; 7.726   ; altsyncram:win_mem_rtl_0|altsyncram_40q1:auto_generated|ram_block1a0~PORT_B_WRITE_ENABLE_REG     ; row_s_r[2]                                                                                   ; clk          ; clk         ; 10.000       ; -1.866     ; 0.348      ;
; 7.727   ; altsyncram:win_mem_rtl_0|altsyncram_40q1:auto_generated|ram_block1a0~PORT_B_WRITE_ENABLE_REG     ; row_s_r[6]                                                                                   ; clk          ; clk         ; 10.000       ; -1.873     ; 0.340      ;
; 7.727   ; altsyncram:win_mem_rtl_0|altsyncram_40q1:auto_generated|ram_block1a0~PORT_B_WRITE_ENABLE_REG     ; row_s_r[7]                                                                                   ; clk          ; clk         ; 10.000       ; -1.871     ; 0.342      ;
; 7.727   ; altsyncram:win_mem_rtl_0|altsyncram_40q1:auto_generated|ram_block1a0~PORT_B_WRITE_ENABLE_REG     ; row_s_r[1]                                                                                   ; clk          ; clk         ; 10.000       ; -1.866     ; 0.347      ;
; 7.728   ; runs_r[4]                                                                                        ; altsyncram:run_mem_r_rtl_0|altsyncram_8si1:auto_generated|ram_block1a0~porta_address_reg4    ; clk          ; clk         ; 10.000       ; -0.150     ; 2.062      ;
; 7.728   ; altsyncram:win_mem_rtl_0|altsyncram_40q1:auto_generated|ram_block1a0~PORT_B_WRITE_ENABLE_REG     ; row_s_r[0]                                                                                   ; clk          ; clk         ; 10.000       ; -1.866     ; 0.346      ;
; 7.731   ; rstart_r[2]                                                                                      ; altsyncram:run_mem_r_rtl_0|altsyncram_8si1:auto_generated|ram_block1a6~PORT_A_DATA_IN_12     ; clk          ; clk         ; 10.000       ; -0.103     ; 2.106      ;
; 7.731   ; rstart_r[2]                                                                                      ; altsyncram:run_mem_r_rtl_0|altsyncram_8si1:auto_generated|ram_block1a6~porta_datain_reg2     ; clk          ; clk         ; 10.000       ; -0.100     ; 2.109      ;
; 7.763   ; ld_wj_r[4]                                                                                       ; altsyncram:win_mem_rtl_0|altsyncram_40q1:auto_generated|ram_block1a0~porta_address_reg4      ; clk          ; clk         ; 10.000       ; -0.149     ; 2.028      ;
; 7.763   ; altsyncram:win_mem_rtl_0|altsyncram_40q1:auto_generated|ram_block1a0~PORT_B_WRITE_ENABLE_REG     ; row_s_r[18]                                                                                  ; clk          ; clk         ; 10.000       ; -1.872     ; 0.305      ;
; 7.764   ; runs_r[3]~DUPLICATE                                                                              ; altsyncram:run_mem_r_rtl_0|altsyncram_8si1:auto_generated|ram_block1a6~porta_address_reg3    ; clk          ; clk         ; 10.000       ; -0.164     ; 2.012      ;
; 7.764   ; altsyncram:win_mem_rtl_0|altsyncram_40q1:auto_generated|ram_block1a0~PORT_B_WRITE_ENABLE_REG     ; row_s_r[16]                                                                                  ; clk          ; clk         ; 10.000       ; -1.871     ; 0.305      ;
; 7.764   ; altsyncram:win_mem_rtl_0|altsyncram_40q1:auto_generated|ram_block1a0~PORT_B_WRITE_ENABLE_REG     ; row_s_r[30]                                                                                  ; clk          ; clk         ; 10.000       ; -1.863     ; 0.313      ;
; 7.765   ; altsyncram:win_mem_rtl_0|altsyncram_40q1:auto_generated|ram_block1a0~PORT_B_WRITE_ENABLE_REG     ; row_s_r[31]                                                                                  ; clk          ; clk         ; 10.000       ; -1.869     ; 0.306      ;
; 7.766   ; altsyncram:win_mem_rtl_0|altsyncram_40q1:auto_generated|ram_block1a0~PORT_B_WRITE_ENABLE_REG     ; row_s_r[19]                                                                                  ; clk          ; clk         ; 10.000       ; -1.868     ; 0.306      ;
; 7.766   ; altsyncram:win_mem_rtl_0|altsyncram_40q1:auto_generated|ram_block1a0~PORT_B_WRITE_ENABLE_REG     ; row_s_r[17]                                                                                  ; clk          ; clk         ; 10.000       ; -1.868     ; 0.306      ;
; 7.767   ; altsyncram:win_mem_rtl_0|altsyncram_40q1:auto_generated|ram_block1a0~PORT_B_WRITE_ENABLE_REG     ; row_s_r[32]                                                                                  ; clk          ; clk         ; 10.000       ; -1.871     ; 0.302      ;
; 7.767   ; altsyncram:win_mem_rtl_0|altsyncram_40q1:auto_generated|ram_block1a0~PORT_B_WRITE_ENABLE_REG     ; row_s_r[10]                                                                                  ; clk          ; clk         ; 10.000       ; -1.874     ; 0.299      ;
; 7.767   ; altsyncram:win_mem_rtl_0|altsyncram_40q1:auto_generated|ram_block1a0~PORT_B_WRITE_ENABLE_REG     ; row_s_r[14]                                                                                  ; clk          ; clk         ; 10.000       ; -1.870     ; 0.303      ;
; 7.767   ; altsyncram:win_mem_rtl_0|altsyncram_40q1:auto_generated|ram_block1a0~PORT_B_WRITE_ENABLE_REG     ; row_s_r[15]                                                                                  ; clk          ; clk         ; 10.000       ; -1.872     ; 0.301      ;
; 7.767   ; altsyncram:win_mem_rtl_0|altsyncram_40q1:auto_generated|ram_block1a0~PORT_B_WRITE_ENABLE_REG     ; row_s_r[12]                                                                                  ; clk          ; clk         ; 10.000       ; -1.869     ; 0.304      ;
; 7.768   ; ld_asm_r[4]                                                                                      ; altsyncram:win_mem_rtl_0|altsyncram_40q1:auto_generated|ram_block1a0~porta_datain_reg4       ; clk          ; clk         ; 10.000       ; -0.098     ; 2.074      ;
; 7.768   ; altsyncram:win_mem_rtl_0|altsyncram_40q1:auto_generated|ram_block1a0~PORT_B_WRITE_ENABLE_REG     ; row_s_r[11]                                                                                  ; clk          ; clk         ; 10.000       ; -1.864     ; 0.308      ;
; 7.769   ; altsyncram:win_mem_rtl_0|altsyncram_40q1:auto_generated|ram_block1a0~PORT_B_WRITE_ENABLE_REG     ; row_s_r[13]                                                                                  ; clk          ; clk         ; 10.000       ; -1.871     ; 0.300      ;
; 7.770   ; altsyncram:win_mem_rtl_0|altsyncram_40q1:auto_generated|ram_block1a0~PORT_B_WRITE_ENABLE_REG     ; row_s_r[33]                                                                                  ; clk          ; clk         ; 10.000       ; -1.868     ; 0.302      ;
; 7.785   ; rstart_r[0]                                                                                      ; altsyncram:run_mem_r_rtl_0|altsyncram_8si1:auto_generated|ram_block1a6~porta_datain_reg0     ; clk          ; clk         ; 10.000       ; -0.106     ; 2.049      ;
; 7.794   ; rstart_r[0]                                                                                      ; altsyncram:run_mem_r_rtl_0|altsyncram_8si1:auto_generated|ram_block1a6~PORT_A_DATA_IN_10     ; clk          ; clk         ; 10.000       ; -0.099     ; 2.047      ;
; 7.794   ; rstart_r[6]                                                                                      ; altsyncram:run_mem_r_rtl_0|altsyncram_8si1:auto_generated|ram_block1a6~porta_datain_reg6     ; clk          ; clk         ; 10.000       ; -0.096     ; 2.050      ;
; 7.798   ; runs_r[3]~DUPLICATE                                                                              ; altsyncram:run_mem_r_rtl_0|altsyncram_8si1:auto_generated|ram_block1a0~porta_address_reg3    ; clk          ; clk         ; 10.000       ; -0.144     ; 1.998      ;
; 7.814   ; rstart_r[6]                                                                                      ; altsyncram:run_mem_r_rtl_0|altsyncram_8si1:auto_generated|ram_block1a6~PORT_A_DATA_IN_16     ; clk          ; clk         ; 10.000       ; -0.097     ; 2.029      ;
; 7.829   ; rstart_r[1]                                                                                      ; altsyncram:run_mem_r_rtl_0|altsyncram_8si1:auto_generated|ram_block1a6~PORT_A_DATA_IN_11     ; clk          ; clk         ; 10.000       ; -0.114     ; 1.997      ;
; 7.839   ; rstart_r[1]                                                                                      ; altsyncram:run_mem_r_rtl_0|altsyncram_8si1:auto_generated|ram_block1a6~porta_datain_reg1     ; clk          ; clk         ; 10.000       ; -0.111     ; 1.990      ;
; 7.863   ; rstart_r[4]                                                                                      ; altsyncram:run_mem_r_rtl_0|altsyncram_8si1:auto_generated|ram_block1a6~porta_datain_reg4     ; clk          ; clk         ; 10.000       ; -0.100     ; 1.977      ;
; 7.890   ; runs_r[8]                                                                                        ; altsyncram:run_mem_r_rtl_0|altsyncram_8si1:auto_generated|ram_block1a0~porta_address_reg8    ; clk          ; clk         ; 10.000       ; -0.151     ; 1.899      ;
; 7.909   ; rstart_r[0]                                                                                      ; run_mem_r_rtl_0_bypass[27]                                                                   ; clk          ; clk         ; 10.000       ; -0.091     ; 1.940      ;
; 7.924   ; wr_r[8]~DUPLICATE                                                                                ; prio_mem_r_rtl_0_bypass[17]                                                                  ; clk          ; clk         ; 10.000       ; -0.080     ; 1.936      ;
; 7.926   ; ld_asm_r[6]                                                                                      ; altsyncram:win_mem_rtl_0|altsyncram_40q1:auto_generated|ram_block1a0~porta_datain_reg6       ; clk          ; clk         ; 10.000       ; -0.095     ; 1.919      ;
; 7.938   ; rlen_r[4]                                                                                        ; altsyncram:run_mem_r_rtl_0|altsyncram_8si1:auto_generated|ram_block1a0~porta_datain_reg4     ; clk          ; clk         ; 10.000       ; -0.087     ; 1.915      ;
; 7.958   ; runs_r[8]                                                                                        ; altsyncram:run_mem_r_rtl_0|altsyncram_8si1:auto_generated|ram_block1a6~porta_address_reg8    ; clk          ; clk         ; 10.000       ; -0.171     ; 1.811      ;
; 7.962   ; runs_r[2]~DUPLICATE                                                                              ; altsyncram:run_mem_r_rtl_0|altsyncram_8si1:auto_generated|ram_block1a0~porta_address_reg2    ; clk          ; clk         ; 10.000       ; 0.113      ; 2.091      ;
; 7.972   ; runs_r[4]                                                                                        ; altsyncram:run_mem_r_rtl_0|altsyncram_8si1:auto_generated|ram_block1a6~porta_address_reg4    ; clk          ; clk         ; 10.000       ; -0.170     ; 1.798      ;
; 7.973   ; runs_r[1]                                                                                        ; altsyncram:run_mem_r_rtl_0|altsyncram_8si1:auto_generated|ram_block1a0~porta_address_reg1    ; clk          ; clk         ; 10.000       ; -0.097     ; 1.870      ;
; 7.987   ; ld_wj_r[2]                                                                                       ; altsyncram:win_mem_rtl_0|altsyncram_40q1:auto_generated|ram_block1a0~porta_address_reg2      ; clk          ; clk         ; 10.000       ; -0.155     ; 1.798      ;
; 8.005   ; runs_r[9]~DUPLICATE                                                                              ; altsyncram:run_mem_r_rtl_0|altsyncram_8si1:auto_generated|ram_block1a0~porta_address_reg9    ; clk          ; clk         ; 10.000       ; -0.142     ; 1.793      ;
; 8.017   ; rstart_r[9]                                                                                      ; altsyncram:run_mem_r_rtl_0|altsyncram_8si1:auto_generated|ram_block1a0~PORT_A_DATA_IN_18     ; clk          ; clk         ; 10.000       ; -0.096     ; 1.827      ;
; 8.023   ; runs_r[9]~DUPLICATE                                                                              ; altsyncram:run_mem_r_rtl_0|altsyncram_8si1:auto_generated|ram_block1a6~porta_address_reg9    ; clk          ; clk         ; 10.000       ; -0.162     ; 1.755      ;
; 8.027   ; rstart_r[9]                                                                                      ; altsyncram:run_mem_r_rtl_0|altsyncram_8si1:auto_generated|ram_block1a0~porta_datain_reg8     ; clk          ; clk         ; 10.000       ; -0.097     ; 1.816      ;
; 8.035   ; rstart_r[10]                                                                                     ; altsyncram:run_mem_r_rtl_0|altsyncram_8si1:auto_generated|ram_block1a0~PORT_A_DATA_IN_19     ; clk          ; clk         ; 10.000       ; -0.135     ; 1.770      ;
; 8.041   ; rlen_r[1]                                                                                        ; altsyncram:run_mem_r_rtl_0|altsyncram_8si1:auto_generated|ram_block1a0~PORT_A_DATA_IN_11     ; clk          ; clk         ; 10.000       ; -0.095     ; 1.804      ;
; 8.050   ; rlen_r[1]                                                                                        ; altsyncram:run_mem_r_rtl_0|altsyncram_8si1:auto_generated|ram_block1a0~porta_datain_reg1     ; clk          ; clk         ; 10.000       ; -0.092     ; 1.798      ;
; 8.051   ; rstart_r[5]                                                                                      ; altsyncram:run_mem_r_rtl_0|altsyncram_8si1:auto_generated|ram_block1a6~PORT_A_DATA_IN_15     ; clk          ; clk         ; 10.000       ; -0.093     ; 1.796      ;
; 8.060   ; runs_r[7]                                                                                        ; altsyncram:run_mem_r_rtl_0|altsyncram_8si1:auto_generated|ram_block1a0~porta_address_reg7    ; clk          ; clk         ; 10.000       ; -0.141     ; 1.739      ;
; 8.062   ; rstart_r[5]                                                                                      ; altsyncram:run_mem_r_rtl_0|altsyncram_8si1:auto_generated|ram_block1a6~porta_datain_reg5     ; clk          ; clk         ; 10.000       ; -0.095     ; 1.783      ;
; 8.069   ; rstart_r[10]                                                                                     ; run_mem_r_rtl_0_bypass[37]                                                                   ; clk          ; clk         ; 10.000       ; -0.096     ; 1.775      ;
; 8.071   ; rstart_r[3]                                                                                      ; altsyncram:run_mem_r_rtl_0|altsyncram_8si1:auto_generated|ram_block1a6~PORT_A_DATA_IN_13     ; clk          ; clk         ; 10.000       ; -0.099     ; 1.770      ;
; 8.072   ; runs_r[7]                                                                                        ; altsyncram:run_mem_r_rtl_0|altsyncram_8si1:auto_generated|ram_block1a6~porta_address_reg7    ; clk          ; clk         ; 10.000       ; -0.161     ; 1.707      ;
; 8.074   ; rstart_r[10]                                                                                     ; altsyncram:run_mem_r_rtl_0|altsyncram_8si1:auto_generated|ram_block1a0~porta_datain_reg9     ; clk          ; clk         ; 10.000       ; -0.090     ; 1.776      ;
; 8.074   ; rstart_r[3]                                                                                      ; altsyncram:run_mem_r_rtl_0|altsyncram_8si1:auto_generated|ram_block1a6~porta_datain_reg3     ; clk          ; clk         ; 10.000       ; -0.103     ; 1.763      ;
; 8.080   ; rstart_r[4]                                                                                      ; altsyncram:run_mem_r_rtl_0|altsyncram_8si1:auto_generated|ram_block1a6~PORT_A_DATA_IN_14     ; clk          ; clk         ; 10.000       ; -0.108     ; 1.752      ;
; 8.105   ; runs_r[5]~DUPLICATE                                                                              ; altsyncram:run_mem_r_rtl_0|altsyncram_8si1:auto_generated|ram_block1a0~porta_address_reg5    ; clk          ; clk         ; 10.000       ; -0.146     ; 1.689      ;
; 8.107   ; rstart_r[1]                                                                                      ; run_mem_r_rtl_0_bypass[28]                                                                   ; clk          ; clk         ; 10.000       ; -0.091     ; 1.742      ;
; 8.112   ; rstart_r[7]                                                                                      ; altsyncram:run_mem_r_rtl_0|altsyncram_8si1:auto_generated|ram_block1a0~porta_datain_reg6     ; clk          ; clk         ; 10.000       ; -0.090     ; 1.738      ;
; 8.126   ; ld_asm_r[19]                                                                                     ; altsyncram:win_mem_rtl_0|altsyncram_40q1:auto_generated|ram_block1a0~porta_datain_reg19      ; clk          ; clk         ; 10.000       ; -0.155     ; 1.659      ;
; 8.132   ; rstart_r[7]                                                                                      ; altsyncram:run_mem_r_rtl_0|altsyncram_8si1:auto_generated|ram_block1a0~PORT_A_DATA_IN_16     ; clk          ; clk         ; 10.000       ; -0.091     ; 1.717      ;
; 8.137   ; ld_asm_r[5]                                                                                      ; altsyncram:win_mem_rtl_0|altsyncram_40q1:auto_generated|ram_block1a0~porta_datain_reg5       ; clk          ; clk         ; 10.000       ; -0.092     ; 1.711      ;
; 8.144   ; rstart_r[2]                                                                                      ; run_mem_r_rtl_0_bypass[29]                                                                   ; clk          ; clk         ; 10.000       ; -0.088     ; 1.708      ;
; 8.149   ; runs_r[6]~DUPLICATE                                                                              ; altsyncram:run_mem_r_rtl_0|altsyncram_8si1:auto_generated|ram_block1a6~porta_address_reg6    ; clk          ; clk         ; 10.000       ; -0.171     ; 1.620      ;
; 8.152   ; rlen_r[3]                                                                                        ; altsyncram:run_mem_r_rtl_0|altsyncram_8si1:auto_generated|ram_block1a0~PORT_A_DATA_IN_13     ; clk          ; clk         ; 10.000       ; -0.091     ; 1.697      ;
; 8.155   ; rlen_r[3]                                                                                        ; altsyncram:run_mem_r_rtl_0|altsyncram_8si1:auto_generated|ram_block1a0~porta_datain_reg3     ; clk          ; clk         ; 10.000       ; -0.095     ; 1.690      ;
; 8.157   ; runs_r[1]                                                                                        ; altsyncram:run_mem_r_rtl_0|altsyncram_8si1:auto_generated|ram_block1a6~porta_address_reg1    ; clk          ; clk         ; 10.000       ; -0.117     ; 1.666      ;
; 8.158   ; rlen_r[4]                                                                                        ; altsyncram:run_mem_r_rtl_0|altsyncram_8si1:auto_generated|ram_block1a0~PORT_A_DATA_IN_14     ; clk          ; clk         ; 10.000       ; -0.095     ; 1.687      ;
; 8.166   ; rstart_r[8]                                                                                      ; altsyncram:run_mem_r_rtl_0|altsyncram_8si1:auto_generated|ram_block1a0~porta_datain_reg7     ; clk          ; clk         ; 10.000       ; -0.087     ; 1.687      ;
; 8.171   ; rstart_r[8]                                                                                      ; altsyncram:run_mem_r_rtl_0|altsyncram_8si1:auto_generated|ram_block1a0~PORT_A_DATA_IN_17     ; clk          ; clk         ; 10.000       ; -0.090     ; 1.679      ;
; 8.188   ; ld_asm_r[27]                                                                                     ; altsyncram:win_mem_rtl_0|altsyncram_40q1:auto_generated|ram_block1a0~porta_datain_reg27      ; clk          ; clk         ; 10.000       ; -0.106     ; 1.646      ;
; 8.194   ; ld_wj_r[0]~DUPLICATE                                                                             ; altsyncram:win_mem_rtl_0|altsyncram_40q1:auto_generated|ram_block1a0~porta_address_reg0      ; clk          ; clk         ; 10.000       ; 0.108      ; 1.854      ;
; 8.202   ; ld_asm_r[32]~DUPLICATE                                                                           ; altsyncram:win_mem_rtl_0|altsyncram_40q1:auto_generated|ram_block1a0~porta_datain_reg32      ; clk          ; clk         ; 10.000       ; -0.107     ; 1.631      ;
; 8.205   ; ld_asm_r[24]                                                                                     ; altsyncram:win_mem_rtl_0|altsyncram_40q1:auto_generated|ram_block1a0~porta_datain_reg24      ; clk          ; clk         ; 10.000       ; -0.117     ; 1.618      ;
; 8.207   ; rlen_r[5]                                                                                        ; altsyncram:run_mem_r_rtl_0|altsyncram_8si1:auto_generated|ram_block1a0~PORT_A_DATA_IN_15     ; clk          ; clk         ; 10.000       ; -0.086     ; 1.647      ;
; 8.218   ; ld_asm_r[28]                                                                                     ; altsyncram:win_mem_rtl_0|altsyncram_40q1:auto_generated|ram_block1a0~porta_datain_reg28      ; clk          ; clk         ; 10.000       ; -0.121     ; 1.601      ;
; 8.219   ; rlen_r[5]                                                                                        ; altsyncram:run_mem_r_rtl_0|altsyncram_8si1:auto_generated|ram_block1a0~porta_datain_reg5     ; clk          ; clk         ; 10.000       ; -0.088     ; 1.633      ;
; 8.222   ; ld_wj_r[1]                                                                                       ; altsyncram:win_mem_rtl_0|altsyncram_40q1:auto_generated|ram_block1a0~porta_address_reg1      ; clk          ; clk         ; 10.000       ; -0.156     ; 1.562      ;
; 8.224   ; runs_r[6]~DUPLICATE                                                                              ; altsyncram:run_mem_r_rtl_0|altsyncram_8si1:auto_generated|ram_block1a0~porta_address_reg6    ; clk          ; clk         ; 10.000       ; -0.151     ; 1.565      ;
; 8.229   ; rlen_r[0]                                                                                        ; run_mem_r_rtl_0_bypass[21]                                                                   ; clk          ; clk         ; 10.000       ; -0.083     ; 1.628      ;
; 8.234   ; ld_asm_r[25]                                                                                     ; altsyncram:win_mem_rtl_0|altsyncram_40q1:auto_generated|ram_block1a0~porta_datain_reg25      ; clk          ; clk         ; 10.000       ; -0.108     ; 1.598      ;
; 8.243   ; rlen_r[0]                                                                                        ; altsyncram:run_mem_r_rtl_0|altsyncram_8si1:auto_generated|ram_block1a0~porta_datain_reg0     ; clk          ; clk         ; 10.000       ; -0.096     ; 1.601      ;
; 8.243   ; ld_asm_r[23]                                                                                     ; altsyncram:win_mem_rtl_0|altsyncram_40q1:auto_generated|ram_block1a0~porta_datain_reg23      ; clk          ; clk         ; 10.000       ; -0.108     ; 1.589      ;
; 8.249   ; rlen_r[0]                                                                                        ; altsyncram:run_mem_r_rtl_0|altsyncram_8si1:auto_generated|ram_block1a0~PORT_A_DATA_IN_10     ; clk          ; clk         ; 10.000       ; -0.089     ; 1.602      ;
; 8.255   ; ld_asm_r[7]                                                                                      ; altsyncram:win_mem_rtl_0|altsyncram_40q1:auto_generated|ram_block1a0~porta_datain_reg7       ; clk          ; clk         ; 10.000       ; -0.078     ; 1.607      ;
; 8.259   ; ld_asm_r[0]                                                                                      ; altsyncram:win_mem_rtl_0|altsyncram_40q1:auto_generated|ram_block1a0~porta_datain_reg0       ; clk          ; clk         ; 10.000       ; -0.131     ; 1.550      ;
; 8.261   ; ld_wj_r[5]~DUPLICATE                                                                             ; altsyncram:win_mem_rtl_0|altsyncram_40q1:auto_generated|ram_block1a0~porta_address_reg5      ; clk          ; clk         ; 10.000       ; -0.146     ; 1.533      ;
; 8.262   ; ld_asm_r[1]                                                                                      ; altsyncram:win_mem_rtl_0|altsyncram_40q1:auto_generated|ram_block1a0~porta_datain_reg1       ; clk          ; clk         ; 10.000       ; -0.105     ; 1.573      ;
; 8.265   ; rlen_r[2]                                                                                        ; altsyncram:run_mem_r_rtl_0|altsyncram_8si1:auto_generated|ram_block1a0~porta_datain_reg2     ; clk          ; clk         ; 10.000       ; -0.095     ; 1.580      ;
; 8.265   ; rlen_r[2]                                                                                        ; altsyncram:run_mem_r_rtl_0|altsyncram_8si1:auto_generated|ram_block1a0~PORT_A_DATA_IN_12     ; clk          ; clk         ; 10.000       ; -0.098     ; 1.577      ;
; 8.270   ; ld_asm_r[22]                                                                                     ; altsyncram:win_mem_rtl_0|altsyncram_40q1:auto_generated|ram_block1a0~porta_datain_reg22      ; clk          ; clk         ; 10.000       ; -0.119     ; 1.551      ;
; 8.276   ; ld_asm_r[18]                                                                                     ; altsyncram:win_mem_rtl_0|altsyncram_40q1:auto_generated|ram_block1a0~porta_datain_reg18      ; clk          ; clk         ; 10.000       ; -0.126     ; 1.538      ;
; 8.293   ; ld_asm_r[30]                                                                                     ; altsyncram:win_mem_rtl_0|altsyncram_40q1:auto_generated|ram_block1a0~porta_datain_reg30      ; clk          ; clk         ; 10.000       ; -0.122     ; 1.525      ;
; 8.300   ; ld_asm_r[21]                                                                                     ; altsyncram:win_mem_rtl_0|altsyncram_40q1:auto_generated|ram_block1a0~porta_datain_reg21      ; clk          ; clk         ; 10.000       ; -0.106     ; 1.534      ;
; 8.303   ; ld_asm_r[29]                                                                                     ; altsyncram:win_mem_rtl_0|altsyncram_40q1:auto_generated|ram_block1a0~porta_datain_reg29      ; clk          ; clk         ; 10.000       ; -0.105     ; 1.532      ;
; 8.305   ; runs_r[5]~DUPLICATE                                                                              ; altsyncram:run_mem_r_rtl_0|altsyncram_8si1:auto_generated|ram_block1a6~porta_address_reg5    ; clk          ; clk         ; 10.000       ; -0.166     ; 1.469      ;
; 8.307   ; runs_r[3]~DUPLICATE                                                                              ; run_mem_r_rtl_0_bypass[7]                                                                    ; clk          ; clk         ; 10.000       ; -0.107     ; 1.526      ;
; 8.314   ; runs_r[6]~DUPLICATE                                                                              ; run_mem_r_rtl_0_bypass[13]                                                                   ; clk          ; clk         ; 10.000       ; -0.108     ; 1.518      ;
; 8.317   ; ld_wj_r[3]~DUPLICATE                                                                             ; altsyncram:win_mem_rtl_0|altsyncram_40q1:auto_generated|ram_block1a0~porta_address_reg3      ; clk          ; clk         ; 10.000       ; -0.155     ; 1.468      ;
; 8.319   ; runs_r[7]                                                                                        ; run_mem_r_rtl_0_bypass[15]                                                                   ; clk          ; clk         ; 10.000       ; -0.107     ; 1.514      ;
; 8.319   ; ld_asm_r[26]                                                                                     ; altsyncram:win_mem_rtl_0|altsyncram_40q1:auto_generated|ram_block1a0~porta_datain_reg26      ; clk          ; clk         ; 10.000       ; -0.122     ; 1.499      ;
; 8.322   ; runs_r[2]~DUPLICATE                                                                              ; altsyncram:run_mem_r_rtl_0|altsyncram_8si1:auto_generated|ram_block1a6~porta_address_reg2    ; clk          ; clk         ; 10.000       ; 0.093      ; 1.711      ;
; 8.330   ; runs_r[4]                                                                                        ; run_mem_r_rtl_0_bypass[9]                                                                    ; clk          ; clk         ; 10.000       ; -0.108     ; 1.502      ;
; 8.339   ; runs_r[2]~DUPLICATE                                                                              ; run_mem_r_rtl_0_bypass[5]                                                                    ; clk          ; clk         ; 10.000       ; -0.108     ; 1.493      ;
; 8.340   ; ld_asm_r[20]                                                                                     ; altsyncram:win_mem_rtl_0|altsyncram_40q1:auto_generated|ram_block1a0~porta_datain_reg20      ; clk          ; clk         ; 10.000       ; -0.122     ; 1.478      ;
; 8.346   ; rlen_r[3]                                                                                        ; run_mem_r_rtl_0_bypass[24]                                                                   ; clk          ; clk         ; 10.000       ; -0.093     ; 1.501      ;
; 8.346   ; ld_asm_r[31]                                                                                     ; altsyncram:win_mem_rtl_0|altsyncram_40q1:auto_generated|ram_block1a0~porta_datain_reg31      ; clk          ; clk         ; 10.000       ; -0.107     ; 1.487      ;
; 8.366   ; rlen_r[2]                                                                                        ; run_mem_r_rtl_0_bypass[23]                                                                   ; clk          ; clk         ; 10.000       ; -0.088     ; 1.486      ;
; 8.378   ; rlen_r[4]                                                                                        ; run_mem_r_rtl_0_bypass[25]                                                                   ; clk          ; clk         ; 10.000       ; -0.081     ; 1.481      ;
; 8.381   ; rstart_r[8]                                                                                      ; run_mem_r_rtl_0_bypass[35]                                                                   ; clk          ; clk         ; 10.000       ; -0.091     ; 1.468      ;
; 8.386   ; wr_r[4]~DUPLICATE                                                                                ; prio_mem_r_rtl_0_bypass[9]                                                                   ; clk          ; clk         ; 10.000       ; -0.089     ; 1.465      ;
; 8.392   ; rstart_r[7]                                                                                      ; run_mem_r_rtl_0_bypass[34]                                                                   ; clk          ; clk         ; 10.000       ; -0.082     ; 1.466      ;
; 8.404   ; rlen_r[1]                                                                                        ; run_mem_r_rtl_0_bypass[22]                                                                   ; clk          ; clk         ; 10.000       ; -0.092     ; 1.444      ;
; 8.444   ; rstart_r[5]                                                                                      ; run_mem_r_rtl_0_bypass[32]                                                                   ; clk          ; clk         ; 10.000       ; -0.087     ; 1.409      ;
; 8.449   ; ld_asm_r[15]                                                                                     ; altsyncram:win_mem_rtl_0|altsyncram_40q1:auto_generated|ram_block1a0~porta_datain_reg15      ; clk          ; clk         ; 10.000       ; -0.081     ; 1.410      ;
; 8.451   ; rstart_r[6]                                                                                      ; run_mem_r_rtl_0_bypass[33]                                                                   ; clk          ; clk         ; 10.000       ; -0.087     ; 1.402      ;
; 8.498   ; ld_asm_r[14]                                                                                     ; altsyncram:win_mem_rtl_0|altsyncram_40q1:auto_generated|ram_block1a0~porta_datain_reg14      ; clk          ; clk         ; 10.000       ; -0.089     ; 1.353      ;
; 8.521   ; ld_asm_r[12]                                                                                     ; altsyncram:win_mem_rtl_0|altsyncram_40q1:auto_generated|ram_block1a0~porta_datain_reg12      ; clk          ; clk         ; 10.000       ; -0.087     ; 1.332      ;
; 8.543   ; runs_r[9]~DUPLICATE                                                                              ; run_mem_r_rtl_0_bypass[19]                                                                   ; clk          ; clk         ; 10.000       ; -0.081     ; 1.316      ;
; 8.575   ; runs_r[8]                                                                                        ; run_mem_r_rtl_0_bypass[17]                                                                   ; clk          ; clk         ; 10.000       ; -0.094     ; 1.271      ;
; 8.591   ; ld_asm_r[13]                                                                                     ; altsyncram:win_mem_rtl_0|altsyncram_40q1:auto_generated|ram_block1a0~porta_datain_reg13      ; clk          ; clk         ; 10.000       ; -0.079     ; 1.270      ;
; 8.601   ; ld_asm_r[9]                                                                                      ; altsyncram:win_mem_rtl_0|altsyncram_40q1:auto_generated|ram_block1a0~porta_datain_reg9       ; clk          ; clk         ; 10.000       ; -0.078     ; 1.261      ;
; 8.619   ; ld_asm_r[10]                                                                                     ; altsyncram:win_mem_rtl_0|altsyncram_40q1:auto_generated|ram_block1a0~porta_datain_reg10      ; clk          ; clk         ; 10.000       ; -0.078     ; 1.243      ;
; 8.637   ; ld_asm_r[8]~DUPLICATE                                                                            ; altsyncram:win_mem_rtl_0|altsyncram_40q1:auto_generated|ram_block1a0~porta_datain_reg8       ; clk          ; clk         ; 10.000       ; -0.079     ; 1.224      ;
; 8.668   ; ld_asm_r[16]                                                                                     ; altsyncram:win_mem_rtl_0|altsyncram_40q1:auto_generated|ram_block1a0~porta_datain_reg16      ; clk          ; clk         ; 10.000       ; -0.082     ; 1.190      ;
; 8.692   ; rstart_r[9]                                                                                      ; run_mem_r_rtl_0_bypass[36]                                                                   ; clk          ; clk         ; 10.000       ; -0.082     ; 1.166      ;
; 8.700   ; ld_asm_r[17]                                                                                     ; altsyncram:win_mem_rtl_0|altsyncram_40q1:auto_generated|ram_block1a0~porta_datain_reg17      ; clk          ; clk         ; 10.000       ; -0.086     ; 1.154      ;
; 8.708   ; ld_asm_r[11]                                                                                     ; altsyncram:win_mem_rtl_0|altsyncram_40q1:auto_generated|ram_block1a0~porta_datain_reg11      ; clk          ; clk         ; 10.000       ; -0.083     ; 1.149      ;
; 8.927   ; runs_r[1]                                                                                        ; run_mem_r_rtl_0_bypass[3]                                                                    ; clk          ; clk         ; 10.000       ; -0.087     ; 0.926      ;
+---------+--------------------------------------------------------------------------------------------------+----------------------------------------------------------------------------------------------+--------------+-------------+--------------+------------+------------+
