----------------
; Command Info ;
----------------
Report Timing: Found 100 hold paths (1 violated).  Worst case slack is -0.952 

Tcl Command:
    report_timing -hold -file output_files/characterization/hold_paths.rpt -nworst 1 -npaths 100 -detail full_path

Options:
    -hold 
    -nworst 1 
    -npaths 100 
    -detail full_path 
    -file {output_files/characterization/hold_paths.rpt} 

Delay Model:
    Slow 1100mV 100C Model

+-----------------------------------------------------------------------------------------------------------------------------------------------------------------------------------------------------------------------------------------------------+
; Summary of Paths                                                                                                                                                                                                                                    ;
+--------+-----------------------------------------------------------------------------------+----------------------------------------------------------------------------------+--------------+-------------+--------------+------------+------------+
; Slack  ; From Node                                                                         ; To Node                                                                          ; Launch Clock ; Latch Clock ; Relationship ; Clock Skew ; Data Delay ;
+--------+-----------------------------------------------------------------------------------+----------------------------------------------------------------------------------+--------------+-------------+--------------+------------+------------+
; -0.952 ; zhao_video_scanout:u_scanout|zhao_scanout_serializer:u_ser|starve_q[48]           ; starve_samp[48]                                                                  ; vid_clk      ; gpu_clk     ; 0.000        ; 2.736      ; 1.844      ;
; 0.250  ; zhao_input_snapshot:u_snapshot|gaps[2]                                            ; zhao_input_snapshot:u_snapshot|gaps[2]                                           ; gpu_clk      ; gpu_clk     ; 0.000        ; 0.108      ; 0.358      ;
; 0.250  ; zhao_vram_arbiter:u_arb|vram_bytes[1][2]                                          ; zhao_vram_arbiter:u_arb|vram_bytes[1][2]                                         ; gpu_clk      ; gpu_clk     ; 0.000        ; 0.108      ; 0.358      ;
; 0.251  ; zhao_debug_frameblit:u_frameblit|issued[2]                                        ; zhao_debug_frameblit:u_frameblit|issued[2]~DUPLICATE                             ; gpu_clk      ; gpu_clk     ; 0.000        ; 0.113      ; 0.364      ;
; 0.258  ; zhao_debug_frameblit:u_frameblit|issued[2]                                        ; zhao_debug_frameblit:u_frameblit|issued[2]                                       ; gpu_clk      ; gpu_clk     ; 0.000        ; 0.108      ; 0.366      ;
; 0.259  ; zhao_video_slotmgr:u_slotmgr|generation[0][14]                                    ; zhao_video_slotmgr:u_slotmgr|generation[0][14]                                   ; gpu_clk      ; gpu_clk     ; 0.000        ; 0.108      ; 0.367      ;
; 0.264  ; zhao_video_slotmgr:u_slotmgr|generation[0][10]                                    ; zhao_video_slotmgr:u_slotmgr|generation[0][10]                                   ; gpu_clk      ; gpu_clk     ; 0.000        ; 0.108      ; 0.372      ;
; 0.274  ; zhao_video_slotmgr:u_slotmgr|generation[0][11]                                    ; zhao_video_slotmgr:u_slotmgr|generation[0][11]                                   ; gpu_clk      ; gpu_clk     ; 0.000        ; 0.109      ; 0.383      ;
; 0.305  ; zhao_sdram_ctrl:u_ctrl|credits_cnt[2]                                             ; zhao_vram_arbiter:u_arb|credits[0][2]                                            ; gpu_clk      ; gpu_clk     ; 0.000        ; 0.105      ; 0.410      ;
; 0.363  ; zhao_vram_arbiter:u_arb|vram_bytes[0][26]                                         ; zhao_vram_arbiter:u_arb|vram_bytes_shadow[0][26]                                 ; gpu_clk      ; gpu_clk     ; 0.000        ; 0.109      ; 0.472      ;
; 0.366  ; zhao_video_scanout:u_scanout|zhao_scanout_serializer:u_ser|starve_q[1]~DUPLICATE  ; zhao_video_scanout:u_scanout|zhao_scanout_serializer:u_ser|starve_q[1]~DUPLICATE ; vid_clk      ; vid_clk     ; 0.000        ; 0.110      ; 0.476      ;
; 0.372  ; pack_lo[5]                                                                        ; scan_beat_data[5]                                                                ; gpu_clk      ; gpu_clk     ; 0.000        ; 0.517      ; 0.889      ;
; 0.376  ; zhao_input_rumble:u_rumble|dropped_live[16]                                       ; zhao_input_rumble:u_rumble|dropped_shadow[16]                                    ; gpu_clk      ; gpu_clk     ; 0.000        ; 0.109      ; 0.485      ;
; 0.377  ; zhao_cmd_scheduler:u_sched|fetch_len[23]                                          ; zhao_cmd_dma:u_dma|f_len[23]                                                     ; gpu_clk      ; gpu_clk     ; 0.000        ; 0.524      ; 0.901      ;
; 0.378  ; zhao_input_rumble:u_rumble|dropped_live[14]                                       ; zhao_input_rumble:u_rumble|dropped_shadow[14]                                    ; gpu_clk      ; gpu_clk     ; 0.000        ; 0.109      ; 0.487      ;
; 0.381  ; zhao_video_scanout:u_scanout|zhao_scanout_serializer:u_ser|starve_q[1]~DUPLICATE  ; zhao_video_scanout:u_scanout|zhao_scanout_serializer:u_ser|starve_q[1]           ; vid_clk      ; vid_clk     ; 0.000        ; 0.096      ; 0.477      ;
; 0.382  ; zhao_debug_frameblit:u_frameblit|off[4]                                           ; zhao_debug_frameblit:u_frameblit|off[4]                                          ; gpu_clk      ; gpu_clk     ; 0.000        ; 0.108      ; 0.490      ;
; 0.384  ; zhao_vram_arbiter:u_arb|pend_addr[0][23]                                          ; zhao_vram_arbiter:u_arb|offer_addr[23]                                           ; gpu_clk      ; gpu_clk     ; 0.000        ; 0.505      ; 0.889      ;
; 0.396  ; zhao_hps_bridge:u_bridge|hps_bytes[2][17]                                         ; zhao_hps_bridge:u_bridge|hps_bytes_shadow[2][17]                                 ; gpu_clk      ; gpu_clk     ; 0.000        ; 0.503      ; 0.899      ;
; 0.397  ; zhao_hps_bridge:u_bridge|hps_bytes[3][12]                                         ; zhao_hps_bridge:u_bridge|hps_bytes_shadow[3][12]                                 ; gpu_clk      ; gpu_clk     ; 0.000        ; 0.517      ; 0.914      ;
; 0.397  ; zhao_cmd_scheduler:u_sched|sh_cycles[29]                                          ; zhao_debug_counters:u_counters|bank[0][29]                                       ; gpu_clk      ; gpu_clk     ; 0.000        ; 0.517      ; 0.914      ;
; 0.404  ; zhao_video_framectl:u_framectl|frame_cycles_q[39]~DUPLICATE                       ; zhao_video_framectl:u_framectl|frame_cycles_q[39]                                ; vid_clk      ; vid_clk     ; 0.000        ; 0.129      ; 0.533      ;
; 0.405  ; zhao_video_framectl:u_framectl|frame_cycles_q[11]~DUPLICATE                       ; zhao_video_framectl:u_framectl|frame_cycles_q[11]                                ; vid_clk      ; vid_clk     ; 0.000        ; 0.125      ; 0.530      ;
; 0.405  ; zhao_video_framectl:u_framectl|frame_cycles_q[31]~DUPLICATE                       ; zhao_video_framectl:u_framectl|frame_cycles_q[31]                                ; vid_clk      ; vid_clk     ; 0.000        ; 0.125      ; 0.530      ;
; 0.405  ; zhao_video_framectl:u_framectl|frame_cycles_q[29]~DUPLICATE                       ; zhao_video_framectl:u_framectl|frame_cycles_q[29]                                ; vid_clk      ; vid_clk     ; 0.000        ; 0.129      ; 0.534      ;
; 0.405  ; zhao_vram_arbiter:u_arb|vram_bytes[0][20]                                         ; zhao_vram_arbiter:u_arb|vram_bytes_shadow[0][20]                                 ; gpu_clk      ; gpu_clk     ; 0.000        ; 0.102      ; 0.507      ;
; 0.407  ; zhao_input_rumble:u_rumble|dropped_live[18]                                       ; zhao_input_rumble:u_rumble|dropped_live[18]~DUPLICATE                            ; gpu_clk      ; gpu_clk     ; 0.000        ; 0.126      ; 0.533      ;
; 0.407  ; zhao_video_scanout:u_scanout|zhao_scanout_serializer:u_ser|starve_q[39]~DUPLICATE ; zhao_video_scanout:u_scanout|zhao_scanout_serializer:u_ser|starve_q[39]          ; vid_clk      ; vid_clk     ; 0.000        ; 0.126      ; 0.533      ;
; 0.407  ; zhao_hps_bridge:u_bridge|hps_err_count[9]~DUPLICATE                               ; zhao_hps_bridge:u_bridge|hps_err_count[9]                                        ; gpu_clk      ; gpu_clk     ; 0.000        ; 0.126      ; 0.533      ;
; 0.408  ; zhao_input_rumble:u_rumble|dropped_live[36]~DUPLICATE                             ; zhao_input_rumble:u_rumble|dropped_live[36]                                      ; gpu_clk      ; gpu_clk     ; 0.000        ; 0.123      ; 0.531      ;
; 0.408  ; zhao_input_rumble:u_rumble|dropped_live[28]~DUPLICATE                             ; zhao_input_rumble:u_rumble|dropped_live[28]                                      ; gpu_clk      ; gpu_clk     ; 0.000        ; 0.126      ; 0.534      ;
; 0.408  ; zhao_video_scanout:u_scanout|zhao_scanout_serializer:u_ser|starve_q[31]~DUPLICATE ; zhao_video_scanout:u_scanout|zhao_scanout_serializer:u_ser|starve_q[31]          ; vid_clk      ; vid_clk     ; 0.000        ; 0.122      ; 0.530      ;
; 0.408  ; zhao_video_scanout:u_scanout|zhao_scanout_serializer:u_ser|starve_q[49]~DUPLICATE ; zhao_video_scanout:u_scanout|zhao_scanout_serializer:u_ser|starve_q[49]          ; vid_clk      ; vid_clk     ; 0.000        ; 0.126      ; 0.534      ;
; 0.408  ; zhao_debug_crc:u_crc|fin_crc[21]                                                  ; crc_frame_hold[21]                                                               ; vid_clk      ; vid_clk     ; 0.000        ; 0.123      ; 0.531      ;
; 0.409  ; zhao_hps_bridge:u_bridge|hps_err_count[17]~DUPLICATE                              ; zhao_hps_bridge:u_bridge|hps_err_count[17]                                       ; gpu_clk      ; gpu_clk     ; 0.000        ; 0.122      ; 0.531      ;
; 0.411  ; f_w[32]                                                                           ; recq[7][32]                                                                      ; gpu_clk      ; gpu_clk     ; 0.000        ; 0.533      ; 0.944      ;
; 0.411  ; zhao_cmd_scheduler:u_sched|blit_src[18]                                           ; r_blit_src[18]                                                                   ; gpu_clk      ; gpu_clk     ; 0.000        ; 0.521      ; 0.932      ;
; 0.411  ; pack_lo[41]                                                                       ; scan_beat_data[41]                                                               ; gpu_clk      ; gpu_clk     ; 0.000        ; 0.576      ; 0.987      ;
; 0.411  ; zhao_sdram_ctrl:u_ctrl|rdata[14]                                                  ; pack_lo[14]                                                                      ; gpu_clk      ; gpu_clk     ; 0.000        ; 0.577      ; 0.988      ;
; 0.411  ; zhao_hps_bridge:u_bridge|hps_bytes_shadow[0][20]                                  ; zhao_debug_counters:u_counters|bank[29][20]                                      ; gpu_clk      ; gpu_clk     ; 0.000        ; 0.133      ; 0.544      ;
; 0.412  ; zhao_debug_frameblit:u_frameblit|retired[29]                                      ; zhao_debug_frameblit:u_frameblit|retired[29]                                     ; gpu_clk      ; gpu_clk     ; 0.000        ; 0.111      ; 0.523      ;
; 0.412  ; zhao_video_framectl:u_framectl|frame_cycles_q[27]                                 ; zhao_video_framectl:u_framectl|frame_cycles_q[27]                                ; vid_clk      ; vid_clk     ; 0.000        ; 0.111      ; 0.523      ;
; 0.412  ; zhao_video_framectl:u_framectl|frame_cycles_q[17]~DUPLICATE                       ; zhao_video_framectl:u_framectl|frame_cycles_q[17]                                ; vid_clk      ; vid_clk     ; 0.000        ; 0.125      ; 0.537      ;
; 0.412  ; zhao_audio_fifo:u_fifo|cnt_gray_meta[30]                                          ; zhao_audio_fifo:u_fifo|cnt_gray_sync[30]                                         ; gpu_clk      ; gpu_clk     ; 0.000        ; 0.093      ; 0.505      ;
; 0.412  ; zhao_cmd_scheduler:u_sched|sh_cycles[16]                                          ; zhao_debug_counters:u_counters|bank[0][16]                                       ; gpu_clk      ; gpu_clk     ; 0.000        ; 0.520      ; 0.932      ;
; 0.414  ; zhao_cmd_dma:u_dma|walk_off[28]                                                   ; zhao_cmd_dma:u_dma|walk_off[28]                                                  ; gpu_clk      ; gpu_clk     ; 0.000        ; 0.113      ; 0.527      ;
; 0.414  ; zhao_cmd_scheduler:u_sched|dead_cnt[1][0]                                         ; zhao_cmd_scheduler:u_sched|dead_cnt[1][0]                                        ; gpu_clk      ; gpu_clk     ; 0.000        ; 0.113      ; 0.527      ;
; 0.414  ; zhao_video_framectl:u_framectl|frame_cycles_q[19]                                 ; zhao_video_framectl:u_framectl|frame_cycles_q[19]                                ; vid_clk      ; vid_clk     ; 0.000        ; 0.111      ; 0.525      ;
; 0.414  ; zhao_hps_bridge:u_bridge|hps_err_count[21]                                        ; zhao_hps_bridge:u_bridge|hps_err_count[21]                                       ; gpu_clk      ; gpu_clk     ; 0.000        ; 0.108      ; 0.522      ;
; 0.414  ; zhao_input_rumble:u_rumble|dropped_live[10]                                       ; zhao_input_rumble:u_rumble|dropped_live[10]                                      ; gpu_clk      ; gpu_clk     ; 0.000        ; 0.108      ; 0.522      ;
; 0.414  ; zhao_video_framectl:u_framectl|frame_cycles_q[63]~DUPLICATE                       ; zhao_video_framectl:u_framectl|frame_cycles_q[63]                                ; vid_clk      ; vid_clk     ; 0.000        ; 0.126      ; 0.540      ;
; 0.415  ; zhao_video_scanout:u_scanout|zhao_scanout_serializer:u_ser|starve_q[37]~DUPLICATE ; zhao_video_scanout:u_scanout|zhao_scanout_serializer:u_ser|starve_q[37]          ; vid_clk      ; vid_clk     ; 0.000        ; 0.122      ; 0.537      ;
; 0.415  ; zhao_video_scanout:u_scanout|zhao_scanout_serializer:u_ser|starve_q[43]~DUPLICATE ; zhao_video_scanout:u_scanout|zhao_scanout_serializer:u_ser|starve_q[43]          ; vid_clk      ; vid_clk     ; 0.000        ; 0.122      ; 0.537      ;
; 0.415  ; zhao_input_rumble:u_rumble|dropped_live[26]                                       ; zhao_input_rumble:u_rumble|dropped_live[26]                                      ; gpu_clk      ; gpu_clk     ; 0.000        ; 0.108      ; 0.523      ;
; 0.415  ; zhao_hps_bridge:u_bridge|hps_err_count[7]~DUPLICATE                               ; zhao_hps_bridge:u_bridge|hps_err_count[7]                                        ; gpu_clk      ; gpu_clk     ; 0.000        ; 0.122      ; 0.537      ;
; 0.415  ; zhao_hps_bridge:u_bridge|hps_err_count[13]~DUPLICATE                              ; zhao_hps_bridge:u_bridge|hps_err_count[13]                                       ; gpu_clk      ; gpu_clk     ; 0.000        ; 0.122      ; 0.537      ;
; 0.416  ; zhao_cmd_dma:u_dma|fetched[18]                                                    ; zhao_cmd_dma:u_dma|fetched[18]                                                   ; gpu_clk      ; gpu_clk     ; 0.000        ; 0.113      ; 0.529      ;
; 0.416  ; zhao_cmd_scheduler:u_sched|dead_cnt[1][25]                                        ; zhao_cmd_scheduler:u_sched|dead_cnt[1][25]                                       ; gpu_clk      ; gpu_clk     ; 0.000        ; 0.116      ; 0.532      ;
; 0.416  ; zhao_mem_guard:u_guard_scan|guard_violations[21]                                  ; zhao_mem_guard:u_guard_scan|guard_violations[21]                                 ; gpu_clk      ; gpu_clk     ; 0.000        ; 0.111      ; 0.527      ;
; 0.416  ; zhao_video_scanout:u_scanout|zhao_scanout_serializer:u_ser|starve_q[23]~DUPLICATE ; zhao_video_scanout:u_scanout|zhao_scanout_serializer:u_ser|starve_q[23]          ; vid_clk      ; vid_clk     ; 0.000        ; 0.121      ; 0.537      ;
; 0.416  ; zhao_video_scanout:u_scanout|zhao_scanout_serializer:u_ser|starve_q[27]~DUPLICATE ; zhao_video_scanout:u_scanout|zhao_scanout_serializer:u_ser|starve_q[27]          ; vid_clk      ; vid_clk     ; 0.000        ; 0.121      ; 0.537      ;
; 0.416  ; zhao_audio_fifo:u_fifo|underruns[19]                                              ; zhao_audio_fifo:u_fifo|underruns[19]                                             ; audio_clk    ; audio_clk   ; 0.000        ; 0.109      ; 0.525      ;
; 0.417  ; zhao_cmd_scheduler:u_sched|dead_cnt[1][8]                                         ; zhao_cmd_scheduler:u_sched|dead_cnt[1][8]                                        ; gpu_clk      ; gpu_clk     ; 0.000        ; 0.113      ; 0.530      ;
; 0.417  ; zhao_cmd_scheduler:u_sched|dead_cnt[0][0]                                         ; zhao_cmd_scheduler:u_sched|dead_cnt[0][0]                                        ; gpu_clk      ; gpu_clk     ; 0.000        ; 0.112      ; 0.529      ;
; 0.417  ; zhao_debug_frameblit:u_frameblit|retired[19]                                      ; zhao_debug_frameblit:u_frameblit|retired[19]                                     ; gpu_clk      ; gpu_clk     ; 0.000        ; 0.108      ; 0.525      ;
; 0.417  ; zhao_cmd_scheduler:u_sched|dead_cnt[2][28]                                        ; zhao_cmd_scheduler:u_sched|dead_cnt[2][28]                                       ; gpu_clk      ; gpu_clk     ; 0.000        ; 0.113      ; 0.530      ;
; 0.417  ; zhao_cmd_scheduler:u_sched|dead_cnt[2][8]                                         ; zhao_cmd_scheduler:u_sched|dead_cnt[2][8]                                        ; gpu_clk      ; gpu_clk     ; 0.000        ; 0.113      ; 0.530      ;
; 0.417  ; zhao_cmd_scheduler:u_sched|dead_cnt[2][3]                                         ; zhao_cmd_scheduler:u_sched|dead_cnt[2][3]                                        ; gpu_clk      ; gpu_clk     ; 0.000        ; 0.113      ; 0.530      ;
; 0.417  ; zhao_cmd_scheduler:u_sched|sh_faults[30]                                          ; zhao_cmd_scheduler:u_sched|sh_faults[30]                                         ; gpu_clk      ; gpu_clk     ; 0.000        ; 0.110      ; 0.527      ;
; 0.417  ; zhao_cmd_scheduler:u_sched|sh_cycles[31]                                          ; zhao_cmd_scheduler:u_sched|sh_cycles[31]                                         ; gpu_clk      ; gpu_clk     ; 0.000        ; 0.110      ; 0.527      ;
; 0.417  ; zhao_cmd_scheduler:u_sched|sh_faults[49]                                          ; zhao_cmd_scheduler:u_sched|sh_faults[49]                                         ; gpu_clk      ; gpu_clk     ; 0.000        ; 0.110      ; 0.527      ;
; 0.417  ; zhao_video_framectl:u_framectl|frame_cycles_q[59]~DUPLICATE                       ; zhao_video_framectl:u_framectl|frame_cycles_q[59]                                ; vid_clk      ; vid_clk     ; 0.000        ; 0.130      ; 0.547      ;
; 0.418  ; zhao_cmd_dma:u_dma|fetched[13]                                                    ; zhao_cmd_dma:u_dma|fetched[13]                                                   ; gpu_clk      ; gpu_clk     ; 0.000        ; 0.113      ; 0.531      ;
; 0.418  ; f_rpos[0]                                                                         ; f_rpos[0]                                                                        ; gpu_clk      ; gpu_clk     ; 0.000        ; 0.113      ; 0.531      ;
; 0.418  ; zhao_cmd_scheduler:u_sched|dead_cnt[1][20]                                        ; zhao_cmd_scheduler:u_sched|dead_cnt[1][20]                                       ; gpu_clk      ; gpu_clk     ; 0.000        ; 0.115      ; 0.533      ;
; 0.418  ; zhao_cmd_scheduler:u_sched|dead_cnt[1][18]                                        ; zhao_cmd_scheduler:u_sched|dead_cnt[1][18]                                       ; gpu_clk      ; gpu_clk     ; 0.000        ; 0.113      ; 0.531      ;
; 0.418  ; zhao_vram_arbiter:u_arb|pend_addr[1][7]                                           ; zhao_vram_arbiter:u_arb|pend_addr[1][7]                                          ; gpu_clk      ; gpu_clk     ; 0.000        ; 0.111      ; 0.529      ;
; 0.418  ; zhao_debug_frameblit:u_frameblit|issued[25]                                       ; zhao_debug_frameblit:u_frameblit|issued[25]                                      ; gpu_clk      ; gpu_clk     ; 0.000        ; 0.108      ; 0.526      ;
; 0.418  ; zhao_cmd_scheduler:u_sched|dead_cnt[2][18]                                        ; zhao_cmd_scheduler:u_sched|dead_cnt[2][18]                                       ; gpu_clk      ; gpu_clk     ; 0.000        ; 0.113      ; 0.531      ;
; 0.418  ; zhao_mem_guard:u_guard_scan|guard_violations[17]                                  ; zhao_mem_guard:u_guard_scan|guard_violations[17]                                 ; gpu_clk      ; gpu_clk     ; 0.000        ; 0.111      ; 0.529      ;
; 0.418  ; zhao_video_framectl:u_framectl|deadline_faults_q[49]                              ; zhao_video_framectl:u_framectl|deadline_faults_q[49]                             ; vid_clk      ; vid_clk     ; 0.000        ; 0.109      ; 0.527      ;
; 0.418  ; zhao_video_framectl:u_framectl|frame_cycles_q[37]                                 ; zhao_video_framectl:u_framectl|frame_cycles_q[37]                                ; vid_clk      ; vid_clk     ; 0.000        ; 0.111      ; 0.529      ;
; 0.418  ; zhao_video_framectl:u_framectl|frame_cycles_q[23]                                 ; zhao_video_framectl:u_framectl|frame_cycles_q[23]                                ; vid_clk      ; vid_clk     ; 0.000        ; 0.111      ; 0.529      ;
; 0.418  ; zhao_video_scanout:u_scanout|zhao_scanout_serializer:u_ser|starve_q[19]           ; zhao_video_scanout:u_scanout|zhao_scanout_serializer:u_ser|starve_q[19]          ; vid_clk      ; vid_clk     ; 0.000        ; 0.107      ; 0.525      ;
; 0.418  ; zhao_hps_bridge:u_bridge|hps_err_count[19]                                        ; zhao_hps_bridge:u_bridge|hps_err_count[19]                                       ; gpu_clk      ; gpu_clk     ; 0.000        ; 0.108      ; 0.526      ;
; 0.419  ; f_pos[0]                                                                          ; f_pos[0]                                                                         ; gpu_clk      ; gpu_clk     ; 0.000        ; 0.112      ; 0.531      ;
; 0.419  ; f_rpos[3]                                                                         ; f_rpos[3]                                                                        ; gpu_clk      ; gpu_clk     ; 0.000        ; 0.114      ; 0.533      ;
; 0.419  ; zhao_cmd_scheduler:u_sched|dead_cnt[1][5]                                         ; zhao_cmd_scheduler:u_sched|dead_cnt[1][5]                                        ; gpu_clk      ; gpu_clk     ; 0.000        ; 0.113      ; 0.532      ;
; 0.419  ; zhao_cmd_scheduler:u_sched|dead_cnt[0][3]                                         ; zhao_cmd_scheduler:u_sched|dead_cnt[0][3]                                        ; gpu_clk      ; gpu_clk     ; 0.000        ; 0.112      ; 0.531      ;
; 0.419  ; zhao_cmd_dma:u_dma|rd_off[18]                                                     ; zhao_cmd_dma:u_dma|rd_off[18]                                                    ; gpu_clk      ; gpu_clk     ; 0.000        ; 0.110      ; 0.529      ;
; 0.419  ; zhao_debug_frameblit:u_frameblit|retired[21]                                      ; zhao_debug_frameblit:u_frameblit|retired[21]~DUPLICATE                           ; gpu_clk      ; gpu_clk     ; 0.000        ; 0.116      ; 0.535      ;
; 0.419  ; zhao_cmd_scheduler:u_sched|dead_cnt[2][5]                                         ; zhao_cmd_scheduler:u_sched|dead_cnt[2][5]                                        ; gpu_clk      ; gpu_clk     ; 0.000        ; 0.113      ; 0.532      ;
; 0.419  ; zhao_mem_guard:u_guard_scan|guard_violations[9]                                   ; zhao_mem_guard:u_guard_scan|guard_violations[9]                                  ; gpu_clk      ; gpu_clk     ; 0.000        ; 0.111      ; 0.530      ;
; 0.419  ; zhao_mem_guard:u_guard_scan|guard_violations[24]                                  ; zhao_mem_guard:u_guard_scan|guard_violations[24]                                 ; gpu_clk      ; gpu_clk     ; 0.000        ; 0.111      ; 0.530      ;
; 0.419  ; zhao_mem_guard:u_guard_scan|guard_violations[29]                                  ; zhao_mem_guard:u_guard_scan|guard_violations[29]                                 ; gpu_clk      ; gpu_clk     ; 0.000        ; 0.111      ; 0.530      ;
; 0.419  ; zhao_input_snapshot:u_snapshot|gaps[5]                                            ; zhao_input_snapshot:u_snapshot|gaps[5]                                           ; gpu_clk      ; gpu_clk     ; 0.000        ; 0.109      ; 0.528      ;
; 0.419  ; zhao_video_scanout:u_scanout|zhao_scanout_serializer:u_ser|starve_q[29]           ; zhao_video_scanout:u_scanout|zhao_scanout_serializer:u_ser|starve_q[29]          ; vid_clk      ; vid_clk     ; 0.000        ; 0.107      ; 0.526      ;
; 0.419  ; zhao_sdram_ctrl:u_ctrl|refresh_stalls[27]                                         ; zhao_sdram_ctrl:u_ctrl|refresh_stalls[27]                                        ; gpu_clk      ; gpu_clk     ; 0.000        ; 0.109      ; 0.528      ;
; 0.419  ; zhao_cmd_scheduler:u_sched|sh_faults[42]                                          ; zhao_cmd_scheduler:u_sched|sh_faults[42]                                         ; gpu_clk      ; gpu_clk     ; 0.000        ; 0.110      ; 0.529      ;
; 0.419  ; zhao_cmd_scheduler:u_sched|sh_faults[46]                                          ; zhao_cmd_scheduler:u_sched|sh_faults[46]                                         ; gpu_clk      ; gpu_clk     ; 0.000        ; 0.110      ; 0.529      ;
+--------+-----------------------------------------------------------------------------------+----------------------------------------------------------------------------------+--------------+-------------+--------------+------------+------------+

Path #1: Hold slack is -0.952 (VIOLATED)
===============================================================================
+----------------------------------------------------------------------------------------------+
; Path Summary                                                                                 ;
+--------------------+-------------------------------------------------------------------------+
; Property           ; Value                                                                   ;
+--------------------+-------------------------------------------------------------------------+
; From Node          ; zhao_video_scanout:u_scanout|zhao_scanout_serializer:u_ser|starve_q[48] ;
; To Node            ; starve_samp[48]                                                         ;
; Launch Clock       ; vid_clk                                                                 ;
; Latch Clock        ; gpu_clk                                                                 ;
; Data Arrival Time  ; 5.097                                                                   ;
; Data Required Time ; 6.049                                                                   ;
; Slack              ; -0.952 (VIOLATED)                                                       ;
+--------------------+-------------------------------------------------------------------------+

+-----------------------------------------------------------------------------------+
; Statistics                                                                        ;
+------------------------+-------+-------+-------------+------------+-------+-------+
; Property               ; Value ; Count ; Total Delay ; % of Total ; Min   ; Max   ;
+------------------------+-------+-------+-------------+------------+-------+-------+
; Hold Relationship      ; 0.000 ;       ;             ;            ;       ;       ;
; Clock Skew             ; 2.736 ;       ;             ;            ;       ;       ;
; Data Delay             ; 1.844 ;       ;             ;            ;       ;       ;
; Number of Logic Levels ;       ; 0     ;             ;            ;       ;       ;
; Physical Delays        ;       ;       ;             ;            ;       ;       ;
;  Arrival Path          ;       ;       ;             ;            ;       ;       ;
;   Clock                ;       ;       ;             ;            ;       ;       ;
;    IC                  ;       ; 2     ; 2.478       ; 76         ; 0.581 ; 1.897 ;
;    Cell                ;       ; 2     ; 0.775       ; 24         ; 0.295 ; 0.480 ;
;   Data                 ;       ;       ;             ;            ;       ;       ;
;    IC                  ;       ; 1     ; 1.478       ; 80         ; 1.478 ; 1.478 ;
;    Cell                ;       ; 2     ; 0.366       ; 20         ; 0.000 ; 0.366 ;
;    uTco                ;       ; 1     ; 0.000       ; 0          ; 0.000 ; 0.000 ;
;  Required Path         ;       ;       ;             ;            ;       ;       ;
;   Clock                ;       ;       ;             ;            ;       ;       ;
;    IC                  ;       ; 2     ; 5.089       ; 85         ; 2.355 ; 2.734 ;
;    Cell                ;       ; 2     ; 0.900       ; 15         ; 0.321 ; 0.579 ;
+------------------------+-------+-------+-------------+------------+-------+-------+
Note: Negative delays are omitted from totals when calculating percentages

+--------------------------------------------------------------------------------------------------------------------------------------+
; Data Arrival Path                                                                                                                    ;
+---------+---------+----+------+--------+-------------------+-------------------------------------------------------------------------+
; Total   ; Incr    ; RF ; Type ; Fanout ; Location          ; Element                                                                 ;
+---------+---------+----+------+--------+-------------------+-------------------------------------------------------------------------+
; 0.000   ; 0.000   ;    ;      ;        ;                   ; launch edge time                                                        ;
; 3.253   ; 3.253   ;    ;      ;        ;                   ; clock path                                                              ;
;   0.000 ;   0.000 ;    ;      ;        ;                   ; source latency                                                          ;
;   0.000 ;   0.000 ;    ;      ; 1      ; LABCELL_X1_Y36_N3 ; vid_clk                                                                 ;
;   0.581 ;   0.581 ; RR ; IC   ; 1      ; CLKCTRL_G3        ; vid_clk~CLKENA0|inclk                                                   ;
;   0.876 ;   0.295 ; RR ; CELL ; 746    ; CLKCTRL_G3        ; vid_clk~CLKENA0|outclk                                                  ;
;   2.773 ;   1.897 ; RR ; IC   ; 1      ; FF_X39_Y26_N52    ; u_scanout|u_ser|starve_q[48]|clk                                        ;
;   3.253 ;   0.480 ; RR ; CELL ; 1      ; FF_X39_Y26_N52    ; zhao_video_scanout:u_scanout|zhao_scanout_serializer:u_ser|starve_q[48] ;
; 5.097   ; 1.844   ;    ;      ;        ;                   ; data path                                                               ;
;   3.253 ;   0.000 ;    ; uTco ; 1      ; FF_X39_Y26_N52    ; zhao_video_scanout:u_scanout|zhao_scanout_serializer:u_ser|starve_q[48] ;
;   3.253 ;   0.000 ; RR ; CELL ; 4      ; FF_X39_Y26_N52    ; u_scanout|u_ser|starve_q[48]|q                                          ;
;   4.731 ;   1.478 ; RR ; IC   ; 1      ; FF_X40_Y25_N29    ; starve_samp[48]|asdata                                                  ;
;   5.097 ;   0.366 ; RR ; CELL ; 1      ; FF_X40_Y25_N29    ; starve_samp[48]                                                         ;
+---------+---------+----+------+--------+-------------------+-------------------------------------------------------------------------+

+-------------------------------------------------------------------------------------+
; Data Required Path                                                                  ;
+---------+---------+----+------+--------+-------------------+------------------------+
; Total   ; Incr    ; RF ; Type ; Fanout ; Location          ; Element                ;
+---------+---------+----+------+--------+-------------------+------------------------+
; 0.000   ; 0.000   ;    ;      ;        ;                   ; latch edge time        ;
; 5.989   ; 5.989   ;    ;      ;        ;                   ; clock path             ;
;   0.000 ;   0.000 ;    ;      ;        ;                   ; source latency         ;
;   0.000 ;   0.000 ;    ;      ; 1      ; LABCELL_X1_Y36_N9 ; gpu_clk                ;
;   2.734 ;   2.734 ; RR ; IC   ; 1      ; CLKCTRL_G2        ; gpu_clk~CLKENA0|inclk  ;
;   3.055 ;   0.321 ; RR ; CELL ; 9078   ; CLKCTRL_G2        ; gpu_clk~CLKENA0|outclk ;
;   5.410 ;   2.355 ; RR ; IC   ; 1      ; FF_X40_Y25_N29    ; starve_samp[48]|clk    ;
;   5.989 ;   0.579 ; RR ; CELL ; 1      ; FF_X40_Y25_N29    ; starve_samp[48]        ;
; 6.049   ; 0.060   ;    ;      ;        ;                   ; clock uncertainty      ;
; 6.049   ; 0.000   ;    ; uTh  ; 1      ; FF_X40_Y25_N29    ; starve_samp[48]        ;
+---------+---------+----+------+--------+-------------------+------------------------+

----------------------------
; Extra Fitter Information ;
----------------------------
HTML report is unavailable in plain text report export.


Path #2: Hold slack is 0.250 
===============================================================================
+-------------------------------------------------------------+
; Path Summary                                                ;
+--------------------+----------------------------------------+
; Property           ; Value                                  ;
+--------------------+----------------------------------------+
; From Node          ; zhao_input_snapshot:u_snapshot|gaps[2] ;
; To Node            ; zhao_input_snapshot:u_snapshot|gaps[2] ;
; Launch Clock       ; gpu_clk                                ;
; Latch Clock        ; gpu_clk                                ;
; Data Arrival Time  ; 3.626                                  ;
; Data Required Time ; 3.376                                  ;
; Slack              ; 0.250                                  ;
+--------------------+----------------------------------------+

+-----------------------------------------------------------------------------------+
; Statistics                                                                        ;
+------------------------+-------+-------+-------------+------------+-------+-------+
; Property               ; Value ; Count ; Total Delay ; % of Total ; Min   ; Max   ;
+------------------------+-------+-------+-------------+------------+-------+-------+
; Hold Relationship      ; 0.000 ;       ;             ;            ;       ;       ;
; Clock Skew             ; 0.108 ;       ;             ;            ;       ;       ;
; Data Delay             ; 0.358 ;       ;             ;            ;       ;       ;
; Number of Logic Levels ;       ; 1     ;             ;            ;       ;       ;
; Physical Delays        ;       ;       ;             ;            ;       ;       ;
;  Arrival Path          ;       ;       ;             ;            ;       ;       ;
;   Clock                ;       ;       ;             ;            ;       ;       ;
;    IC                  ;       ; 2     ; 2.493       ; 76         ; 0.576 ; 1.917 ;
;    Cell                ;       ; 2     ; 0.775       ; 24         ; 0.295 ; 0.480 ;
;   Data                 ;       ;       ;             ;            ;       ;       ;
;    IC                  ;       ; 2     ; 0.220       ; 61         ; 0.000 ; 0.220 ;
;    Cell                ;       ; 3     ; 0.138       ; 39         ; 0.000 ; 0.069 ;
;    uTco                ;       ; 1     ; 0.000       ; 0          ; 0.000 ; 0.000 ;
;  Required Path         ;       ;       ;             ;            ;       ;       ;
;   Clock                ;       ;       ;             ;            ;       ;       ;
;    IC                  ;       ; 2     ; 5.099       ; 85         ; 2.365 ; 2.734 ;
;    Cell                ;       ; 2     ; 0.880       ; 15         ; 0.321 ; 0.559 ;
+------------------------+-------+-------+-------------+------------+-------+-------+
Note: Negative delays are omitted from totals when calculating percentages

+-------------------------------------------------------------------------------------------------------+
; Data Arrival Path                                                                                     ;
+---------+---------+----+------+--------+---------------------+----------------------------------------+
; Total   ; Incr    ; RF ; Type ; Fanout ; Location            ; Element                                ;
+---------+---------+----+------+--------+---------------------+----------------------------------------+
; 0.000   ; 0.000   ;    ;      ;        ;                     ; launch edge time                       ;
; 3.268   ; 3.268   ;    ;      ;        ;                     ; clock path                             ;
;   0.000 ;   0.000 ;    ;      ;        ;                     ; source latency                         ;
;   0.000 ;   0.000 ;    ;      ; 1      ; LABCELL_X1_Y36_N9   ; gpu_clk                                ;
;   0.576 ;   0.576 ; RR ; IC   ; 1      ; CLKCTRL_G2          ; gpu_clk~CLKENA0|inclk                  ;
;   0.871 ;   0.295 ; RR ; CELL ; 9078   ; CLKCTRL_G2          ; gpu_clk~CLKENA0|outclk                 ;
;   2.788 ;   1.917 ; RR ; IC   ; 1      ; FF_X59_Y32_N8       ; u_snapshot|gaps[2]|clk                 ;
;   3.268 ;   0.480 ; RR ; CELL ; 1      ; FF_X59_Y32_N8       ; zhao_input_snapshot:u_snapshot|gaps[2] ;
; 3.626   ; 0.358   ;    ;      ;        ;                     ; data path                              ;
;   3.268 ;   0.000 ;    ; uTco ; 1      ; FF_X59_Y32_N8       ; zhao_input_snapshot:u_snapshot|gaps[2] ;
;   3.268 ;   0.000 ; FF ; CELL ; 4      ; FF_X59_Y32_N8       ; u_snapshot|gaps[2]|q                   ;
;   3.488 ;   0.220 ; FF ; IC   ; 2      ; MLABCELL_X59_Y32_N6 ; u_snapshot|Add11~9|dataf               ;
;   3.557 ;   0.069 ; FR ; CELL ; 1      ; MLABCELL_X59_Y32_N6 ; u_snapshot|Add11~9|sumout              ;
;   3.557 ;   0.000 ; RR ; IC   ; 1      ; FF_X59_Y32_N8       ; u_snapshot|gaps[2]|d                   ;
;   3.626 ;   0.069 ; RR ; CELL ; 1      ; FF_X59_Y32_N8       ; zhao_input_snapshot:u_snapshot|gaps[2] ;
+---------+---------+----+------+--------+---------------------+----------------------------------------+

+------------------------------------------------------------------------------------------------------+
; Data Required Path                                                                                   ;
+---------+----------+----+------+--------+-------------------+----------------------------------------+
; Total   ; Incr     ; RF ; Type ; Fanout ; Location          ; Element                                ;
+---------+----------+----+------+--------+-------------------+----------------------------------------+
; 0.000   ; 0.000    ;    ;      ;        ;                   ; latch edge time                        ;
; 3.376   ; 3.376    ;    ;      ;        ;                   ; clock path                             ;
;   0.000 ;   0.000  ;    ;      ;        ;                   ; source latency                         ;
;   0.000 ;   0.000  ;    ;      ; 1      ; LABCELL_X1_Y36_N9 ; gpu_clk                                ;
;   2.734 ;   2.734  ; RR ; IC   ; 1      ; CLKCTRL_G2        ; gpu_clk~CLKENA0|inclk                  ;
;   3.055 ;   0.321  ; RR ; CELL ; 9078   ; CLKCTRL_G2        ; gpu_clk~CLKENA0|outclk                 ;
;   5.420 ;   2.365  ; RR ; IC   ; 1      ; FF_X59_Y32_N8     ; u_snapshot|gaps[2]|clk                 ;
;   5.979 ;   0.559  ; RR ; CELL ; 1      ; FF_X59_Y32_N8     ; zhao_input_snapshot:u_snapshot|gaps[2] ;
;   3.376 ;   -2.603 ;    ;      ;        ;                   ; clock pessimism removed                ;
; 3.376   ; 0.000    ;    ;      ;        ;                   ; clock uncertainty                      ;
; 3.376   ; 0.000    ;    ; uTh  ; 1      ; FF_X59_Y32_N8     ; zhao_input_snapshot:u_snapshot|gaps[2] ;
+---------+----------+----+------+--------+-------------------+----------------------------------------+

----------------------------
; Extra Fitter Information ;
----------------------------
HTML report is unavailable in plain text report export.


Path #3: Hold slack is 0.250 
===============================================================================
+---------------------------------------------------------------+
; Path Summary                                                  ;
+--------------------+------------------------------------------+
; Property           ; Value                                    ;
+--------------------+------------------------------------------+
; From Node          ; zhao_vram_arbiter:u_arb|vram_bytes[1][2] ;
; To Node            ; zhao_vram_arbiter:u_arb|vram_bytes[1][2] ;
; Launch Clock       ; gpu_clk                                  ;
; Latch Clock        ; gpu_clk                                  ;
; Data Arrival Time  ; 3.618                                    ;
; Data Required Time ; 3.368                                    ;
; Slack              ; 0.250                                    ;
+--------------------+------------------------------------------+

+-----------------------------------------------------------------------------------+
; Statistics                                                                        ;
+------------------------+-------+-------+-------------+------------+-------+-------+
; Property               ; Value ; Count ; Total Delay ; % of Total ; Min   ; Max   ;
+------------------------+-------+-------+-------------+------------+-------+-------+
; Hold Relationship      ; 0.000 ;       ;             ;            ;       ;       ;
; Clock Skew             ; 0.108 ;       ;             ;            ;       ;       ;
; Data Delay             ; 0.358 ;       ;             ;            ;       ;       ;
; Number of Logic Levels ;       ; 1     ;             ;            ;       ;       ;
; Physical Delays        ;       ;       ;             ;            ;       ;       ;
;  Arrival Path          ;       ;       ;             ;            ;       ;       ;
;   Clock                ;       ;       ;             ;            ;       ;       ;
;    IC                  ;       ; 2     ; 2.485       ; 76         ; 0.576 ; 1.909 ;
;    Cell                ;       ; 2     ; 0.775       ; 24         ; 0.295 ; 0.480 ;
;   Data                 ;       ;       ;             ;            ;       ;       ;
;    IC                  ;       ; 2     ; 0.220       ; 61         ; 0.000 ; 0.220 ;
;    Cell                ;       ; 3     ; 0.138       ; 39         ; 0.000 ; 0.069 ;
;    uTco                ;       ; 1     ; 0.000       ; 0          ; 0.000 ; 0.000 ;
;  Required Path         ;       ;       ;             ;            ;       ;       ;
;   Clock                ;       ;       ;             ;            ;       ;       ;
;    IC                  ;       ; 2     ; 5.087       ; 85         ; 2.353 ; 2.734 ;
;    Cell                ;       ; 2     ; 0.880       ; 15         ; 0.321 ; 0.559 ;
+------------------------+-------+-------+-------------+------------+-------+-------+
Note: Negative delays are omitted from totals when calculating percentages

+---------------------------------------------------------------------------------------------------------+
; Data Arrival Path                                                                                       ;
+---------+---------+----+------+--------+---------------------+------------------------------------------+
; Total   ; Incr    ; RF ; Type ; Fanout ; Location            ; Element                                  ;
+---------+---------+----+------+--------+---------------------+------------------------------------------+
; 0.000   ; 0.000   ;    ;      ;        ;                     ; launch edge time                         ;
; 3.260   ; 3.260   ;    ;      ;        ;                     ; clock path                               ;
;   0.000 ;   0.000 ;    ;      ;        ;                     ; source latency                           ;
;   0.000 ;   0.000 ;    ;      ; 1      ; LABCELL_X1_Y36_N9   ; gpu_clk                                  ;
;   0.576 ;   0.576 ; RR ; IC   ; 1      ; CLKCTRL_G2          ; gpu_clk~CLKENA0|inclk                    ;
;   0.871 ;   0.295 ; RR ; CELL ; 9078   ; CLKCTRL_G2          ; gpu_clk~CLKENA0|outclk                   ;
;   2.780 ;   1.909 ; RR ; IC   ; 1      ; FF_X28_Y31_N8       ; u_arb|vram_bytes[1][2]|clk               ;
;   3.260 ;   0.480 ; RR ; CELL ; 1      ; FF_X28_Y31_N8       ; zhao_vram_arbiter:u_arb|vram_bytes[1][2] ;
; 3.618   ; 0.358   ;    ;      ;        ;                     ; data path                                ;
;   3.260 ;   0.000 ;    ; uTco ; 1      ; FF_X28_Y31_N8       ; zhao_vram_arbiter:u_arb|vram_bytes[1][2] ;
;   3.260 ;   0.000 ; FF ; CELL ; 3      ; FF_X28_Y31_N8       ; u_arb|vram_bytes[1][2]|q                 ;
;   3.480 ;   0.220 ; FF ; IC   ; 2      ; MLABCELL_X28_Y31_N6 ; u_arb|Add20~9|dataf                      ;
;   3.549 ;   0.069 ; FR ; CELL ; 1      ; MLABCELL_X28_Y31_N6 ; u_arb|Add20~9|sumout                     ;
;   3.549 ;   0.000 ; RR ; IC   ; 1      ; FF_X28_Y31_N8       ; u_arb|vram_bytes[1][2]|d                 ;
;   3.618 ;   0.069 ; RR ; CELL ; 1      ; FF_X28_Y31_N8       ; zhao_vram_arbiter:u_arb|vram_bytes[1][2] ;
+---------+---------+----+------+--------+---------------------+------------------------------------------+

+--------------------------------------------------------------------------------------------------------+
; Data Required Path                                                                                     ;
+---------+----------+----+------+--------+-------------------+------------------------------------------+
; Total   ; Incr     ; RF ; Type ; Fanout ; Location          ; Element                                  ;
+---------+----------+----+------+--------+-------------------+------------------------------------------+
; 0.000   ; 0.000    ;    ;      ;        ;                   ; latch edge time                          ;
; 3.368   ; 3.368    ;    ;      ;        ;                   ; clock path                               ;
;   0.000 ;   0.000  ;    ;      ;        ;                   ; source latency                           ;
;   0.000 ;   0.000  ;    ;      ; 1      ; LABCELL_X1_Y36_N9 ; gpu_clk                                  ;
;   2.734 ;   2.734  ; RR ; IC   ; 1      ; CLKCTRL_G2        ; gpu_clk~CLKENA0|inclk                    ;
;   3.055 ;   0.321  ; RR ; CELL ; 9078   ; CLKCTRL_G2        ; gpu_clk~CLKENA0|outclk                   ;
;   5.408 ;   2.353  ; RR ; IC   ; 1      ; FF_X28_Y31_N8     ; u_arb|vram_bytes[1][2]|clk               ;
;   5.967 ;   0.559  ; RR ; CELL ; 1      ; FF_X28_Y31_N8     ; zhao_vram_arbiter:u_arb|vram_bytes[1][2] ;
;   3.368 ;   -2.599 ;    ;      ;        ;                   ; clock pessimism removed                  ;
; 3.368   ; 0.000    ;    ;      ;        ;                   ; clock uncertainty                        ;
; 3.368   ; 0.000    ;    ; uTh  ; 1      ; FF_X28_Y31_N8     ; zhao_vram_arbiter:u_arb|vram_bytes[1][2] ;
+---------+----------+----+------+--------+-------------------+------------------------------------------+

----------------------------
; Extra Fitter Information ;
----------------------------
HTML report is unavailable in plain text report export.


Path #4: Hold slack is 0.251 
===============================================================================
+---------------------------------------------------------------------------+
; Path Summary                                                              ;
+--------------------+------------------------------------------------------+
; Property           ; Value                                                ;
+--------------------+------------------------------------------------------+
; From Node          ; zhao_debug_frameblit:u_frameblit|issued[2]           ;
; To Node            ; zhao_debug_frameblit:u_frameblit|issued[2]~DUPLICATE ;
; Launch Clock       ; gpu_clk                                              ;
; Latch Clock        ; gpu_clk                                              ;
; Data Arrival Time  ; 3.664                                                ;
; Data Required Time ; 3.413                                                ;
; Slack              ; 0.251                                                ;
+--------------------+------------------------------------------------------+

+-----------------------------------------------------------------------------------+
; Statistics                                                                        ;
+------------------------+-------+-------+-------------+------------+-------+-------+
; Property               ; Value ; Count ; Total Delay ; % of Total ; Min   ; Max   ;
+------------------------+-------+-------+-------------+------------+-------+-------+
; Hold Relationship      ; 0.000 ;       ;             ;            ;       ;       ;
; Clock Skew             ; 0.113 ;       ;             ;            ;       ;       ;
; Data Delay             ; 0.364 ;       ;             ;            ;       ;       ;
; Number of Logic Levels ;       ; 1     ;             ;            ;       ;       ;
; Physical Delays        ;       ;       ;             ;            ;       ;       ;
;  Arrival Path          ;       ;       ;             ;            ;       ;       ;
;   Clock                ;       ;       ;             ;            ;       ;       ;
;    IC                  ;       ; 2     ; 2.521       ; 76         ; 0.576 ; 1.945 ;
;    Cell                ;       ; 2     ; 0.779       ; 24         ; 0.295 ; 0.484 ;
;   Data                 ;       ;       ;             ;            ;       ;       ;
;    IC                  ;       ; 2     ; 0.224       ; 62         ; 0.000 ; 0.224 ;
;    Cell                ;       ; 3     ; 0.140       ; 38         ; 0.000 ; 0.070 ;
;    uTco                ;       ; 1     ; 0.000       ; 0          ; 0.000 ; 0.000 ;
;  Required Path         ;       ;       ;             ;            ;       ;       ;
;   Clock                ;       ;       ;             ;            ;       ;       ;
;    IC                  ;       ; 2     ; 5.125       ; 85         ; 2.391 ; 2.734 ;
;    Cell                ;       ; 2     ; 0.890       ; 15         ; 0.321 ; 0.569 ;
+------------------------+-------+-------+-------------+------------+-------+-------+
Note: Negative delays are omitted from totals when calculating percentages

+--------------------------------------------------------------------------------------------------------------------+
; Data Arrival Path                                                                                                  ;
+---------+---------+----+------+--------+--------------------+------------------------------------------------------+
; Total   ; Incr    ; RF ; Type ; Fanout ; Location           ; Element                                              ;
+---------+---------+----+------+--------+--------------------+------------------------------------------------------+
; 0.000   ; 0.000   ;    ;      ;        ;                    ; launch edge time                                     ;
; 3.300   ; 3.300   ;    ;      ;        ;                    ; clock path                                           ;
;   0.000 ;   0.000 ;    ;      ;        ;                    ; source latency                                       ;
;   0.000 ;   0.000 ;    ;      ; 1      ; LABCELL_X1_Y36_N9  ; gpu_clk                                              ;
;   0.576 ;   0.576 ; RR ; IC   ; 1      ; CLKCTRL_G2         ; gpu_clk~CLKENA0|inclk                                ;
;   0.871 ;   0.295 ; RR ; CELL ; 9078   ; CLKCTRL_G2         ; gpu_clk~CLKENA0|outclk                               ;
;   2.816 ;   1.945 ; RR ; IC   ; 1      ; FF_X18_Y48_N8      ; u_frameblit|issued[2]|clk                            ;
;   3.300 ;   0.484 ; RR ; CELL ; 1      ; FF_X18_Y48_N8      ; zhao_debug_frameblit:u_frameblit|issued[2]           ;
; 3.664   ; 0.364   ;    ;      ;        ;                    ; data path                                            ;
;   3.300 ;   0.000 ;    ; uTco ; 1      ; FF_X18_Y48_N8      ; zhao_debug_frameblit:u_frameblit|issued[2]           ;
;   3.300 ;   0.000 ; FF ; CELL ; 1      ; FF_X18_Y48_N8      ; u_frameblit|issued[2]|q                              ;
;   3.524 ;   0.224 ; FF ; IC   ; 2      ; LABCELL_X18_Y48_N6 ; u_frameblit|Add6~73|dataf                            ;
;   3.594 ;   0.070 ; FF ; CELL ; 2      ; LABCELL_X18_Y48_N6 ; u_frameblit|Add6~73|sumout                           ;
;   3.594 ;   0.000 ; FF ; IC   ; 1      ; FF_X18_Y48_N7      ; u_frameblit|issued[2]~DUPLICATE|d                    ;
;   3.664 ;   0.070 ; FF ; CELL ; 1      ; FF_X18_Y48_N7      ; zhao_debug_frameblit:u_frameblit|issued[2]~DUPLICATE ;
+---------+---------+----+------+--------+--------------------+------------------------------------------------------+

+--------------------------------------------------------------------------------------------------------------------+
; Data Required Path                                                                                                 ;
+---------+----------+----+------+--------+-------------------+------------------------------------------------------+
; Total   ; Incr     ; RF ; Type ; Fanout ; Location          ; Element                                              ;
+---------+----------+----+------+--------+-------------------+------------------------------------------------------+
; 0.000   ; 0.000    ;    ;      ;        ;                   ; latch edge time                                      ;
; 3.413   ; 3.413    ;    ;      ;        ;                   ; clock path                                           ;
;   0.000 ;   0.000  ;    ;      ;        ;                   ; source latency                                       ;
;   0.000 ;   0.000  ;    ;      ; 1      ; LABCELL_X1_Y36_N9 ; gpu_clk                                              ;
;   2.734 ;   2.734  ; RR ; IC   ; 1      ; CLKCTRL_G2        ; gpu_clk~CLKENA0|inclk                                ;
;   3.055 ;   0.321  ; RR ; CELL ; 9078   ; CLKCTRL_G2        ; gpu_clk~CLKENA0|outclk                               ;
;   5.446 ;   2.391  ; RR ; IC   ; 1      ; FF_X18_Y48_N7     ; u_frameblit|issued[2]~DUPLICATE|clk                  ;
;   6.015 ;   0.569  ; RR ; CELL ; 1      ; FF_X18_Y48_N7     ; zhao_debug_frameblit:u_frameblit|issued[2]~DUPLICATE ;
;   3.413 ;   -2.602 ;    ;      ;        ;                   ; clock pessimism removed                              ;
; 3.413   ; 0.000    ;    ;      ;        ;                   ; clock uncertainty                                    ;
; 3.413   ; 0.000    ;    ; uTh  ; 1      ; FF_X18_Y48_N7     ; zhao_debug_frameblit:u_frameblit|issued[2]~DUPLICATE ;
+---------+----------+----+------+--------+-------------------+------------------------------------------------------+

----------------------------
; Extra Fitter Information ;
----------------------------
HTML report is unavailable in plain text report export.


Path #5: Hold slack is 0.258 
===============================================================================
+-----------------------------------------------------------------+
; Path Summary                                                    ;
+--------------------+--------------------------------------------+
; Property           ; Value                                      ;
+--------------------+--------------------------------------------+
; From Node          ; zhao_debug_frameblit:u_frameblit|issued[2] ;
; To Node            ; zhao_debug_frameblit:u_frameblit|issued[2] ;
; Launch Clock       ; gpu_clk                                    ;
; Latch Clock        ; gpu_clk                                    ;
; Data Arrival Time  ; 3.666                                      ;
; Data Required Time ; 3.408                                      ;
; Slack              ; 0.258                                      ;
+--------------------+--------------------------------------------+

+-----------------------------------------------------------------------------------+
; Statistics                                                                        ;
+------------------------+-------+-------+-------------+------------+-------+-------+
; Property               ; Value ; Count ; Total Delay ; % of Total ; Min   ; Max   ;
+------------------------+-------+-------+-------------+------------+-------+-------+
; Hold Relationship      ; 0.000 ;       ;             ;            ;       ;       ;
; Clock Skew             ; 0.108 ;       ;             ;            ;       ;       ;
; Data Delay             ; 0.366 ;       ;             ;            ;       ;       ;
; Number of Logic Levels ;       ; 1     ;             ;            ;       ;       ;
; Physical Delays        ;       ;       ;             ;            ;       ;       ;
;  Arrival Path          ;       ;       ;             ;            ;       ;       ;
;   Clock                ;       ;       ;             ;            ;       ;       ;
;    IC                  ;       ; 2     ; 2.521       ; 76         ; 0.576 ; 1.945 ;
;    Cell                ;       ; 2     ; 0.779       ; 24         ; 0.295 ; 0.484 ;
;   Data                 ;       ;       ;             ;            ;       ;       ;
;    IC                  ;       ; 2     ; 0.224       ; 61         ; 0.000 ; 0.224 ;
;    Cell                ;       ; 3     ; 0.142       ; 39         ; 0.000 ; 0.072 ;
;    uTco                ;       ; 1     ; 0.000       ; 0          ; 0.000 ; 0.000 ;
;  Required Path         ;       ;       ;             ;            ;       ;       ;
;   Clock                ;       ;       ;             ;            ;       ;       ;
;    IC                  ;       ; 2     ; 5.125       ; 85         ; 2.391 ; 2.734 ;
;    Cell                ;       ; 2     ; 0.885       ; 15         ; 0.321 ; 0.564 ;
+------------------------+-------+-------+-------------+------------+-------+-------+
Note: Negative delays are omitted from totals when calculating percentages

+----------------------------------------------------------------------------------------------------------+
; Data Arrival Path                                                                                        ;
+---------+---------+----+------+--------+--------------------+--------------------------------------------+
; Total   ; Incr    ; RF ; Type ; Fanout ; Location           ; Element                                    ;
+---------+---------+----+------+--------+--------------------+--------------------------------------------+
; 0.000   ; 0.000   ;    ;      ;        ;                    ; launch edge time                           ;
; 3.300   ; 3.300   ;    ;      ;        ;                    ; clock path                                 ;
;   0.000 ;   0.000 ;    ;      ;        ;                    ; source latency                             ;
;   0.000 ;   0.000 ;    ;      ; 1      ; LABCELL_X1_Y36_N9  ; gpu_clk                                    ;
;   0.576 ;   0.576 ; RR ; IC   ; 1      ; CLKCTRL_G2         ; gpu_clk~CLKENA0|inclk                      ;
;   0.871 ;   0.295 ; RR ; CELL ; 9078   ; CLKCTRL_G2         ; gpu_clk~CLKENA0|outclk                     ;
;   2.816 ;   1.945 ; RR ; IC   ; 1      ; FF_X18_Y48_N8      ; u_frameblit|issued[2]|clk                  ;
;   3.300 ;   0.484 ; RR ; CELL ; 1      ; FF_X18_Y48_N8      ; zhao_debug_frameblit:u_frameblit|issued[2] ;
; 3.666   ; 0.366   ;    ;      ;        ;                    ; data path                                  ;
;   3.300 ;   0.000 ;    ; uTco ; 1      ; FF_X18_Y48_N8      ; zhao_debug_frameblit:u_frameblit|issued[2] ;
;   3.300 ;   0.000 ; FF ; CELL ; 1      ; FF_X18_Y48_N8      ; u_frameblit|issued[2]|q                    ;
;   3.524 ;   0.224 ; FF ; IC   ; 2      ; LABCELL_X18_Y48_N6 ; u_frameblit|Add6~73|dataf                  ;
;   3.594 ;   0.070 ; FF ; CELL ; 2      ; LABCELL_X18_Y48_N6 ; u_frameblit|Add6~73|sumout                 ;
;   3.594 ;   0.000 ; FF ; IC   ; 1      ; FF_X18_Y48_N8      ; u_frameblit|issued[2]|d                    ;
;   3.666 ;   0.072 ; FF ; CELL ; 1      ; FF_X18_Y48_N8      ; zhao_debug_frameblit:u_frameblit|issued[2] ;
+---------+---------+----+------+--------+--------------------+--------------------------------------------+

+----------------------------------------------------------------------------------------------------------+
; Data Required Path                                                                                       ;
+---------+----------+----+------+--------+-------------------+--------------------------------------------+
; Total   ; Incr     ; RF ; Type ; Fanout ; Location          ; Element                                    ;
+---------+----------+----+------+--------+-------------------+--------------------------------------------+
; 0.000   ; 0.000    ;    ;      ;        ;                   ; latch edge time                            ;
; 3.408   ; 3.408    ;    ;      ;        ;                   ; clock path                                 ;
;   0.000 ;   0.000  ;    ;      ;        ;                   ; source latency                             ;
;   0.000 ;   0.000  ;    ;      ; 1      ; LABCELL_X1_Y36_N9 ; gpu_clk                                    ;
;   2.734 ;   2.734  ; RR ; IC   ; 1      ; CLKCTRL_G2        ; gpu_clk~CLKENA0|inclk                      ;
;   3.055 ;   0.321  ; RR ; CELL ; 9078   ; CLKCTRL_G2        ; gpu_clk~CLKENA0|outclk                     ;
;   5.446 ;   2.391  ; RR ; IC   ; 1      ; FF_X18_Y48_N8     ; u_frameblit|issued[2]|clk                  ;
;   6.010 ;   0.564  ; RR ; CELL ; 1      ; FF_X18_Y48_N8     ; zhao_debug_frameblit:u_frameblit|issued[2] ;
;   3.408 ;   -2.602 ;    ;      ;        ;                   ; clock pessimism removed                    ;
; 3.408   ; 0.000    ;    ;      ;        ;                   ; clock uncertainty                          ;
; 3.408   ; 0.000    ;    ; uTh  ; 1      ; FF_X18_Y48_N8     ; zhao_debug_frameblit:u_frameblit|issued[2] ;
+---------+----------+----+------+--------+-------------------+--------------------------------------------+

----------------------------
; Extra Fitter Information ;
----------------------------
HTML report is unavailable in plain text report export.


Path #6: Hold slack is 0.259 
===============================================================================
+---------------------------------------------------------------------+
; Path Summary                                                        ;
+--------------------+------------------------------------------------+
; Property           ; Value                                          ;
+--------------------+------------------------------------------------+
; From Node          ; zhao_video_slotmgr:u_slotmgr|generation[0][14] ;
; To Node            ; zhao_video_slotmgr:u_slotmgr|generation[0][14] ;
; Launch Clock       ; gpu_clk                                        ;
; Latch Clock        ; gpu_clk                                        ;
; Data Arrival Time  ; 3.684                                          ;
; Data Required Time ; 3.425                                          ;
; Slack              ; 0.259                                          ;
+--------------------+------------------------------------------------+

+-----------------------------------------------------------------------------------+
; Statistics                                                                        ;
+------------------------+-------+-------+-------------+------------+-------+-------+
; Property               ; Value ; Count ; Total Delay ; % of Total ; Min   ; Max   ;
+------------------------+-------+-------+-------------+------------+-------+-------+
; Hold Relationship      ; 0.000 ;       ;             ;            ;       ;       ;
; Clock Skew             ; 0.108 ;       ;             ;            ;       ;       ;
; Data Delay             ; 0.367 ;       ;             ;            ;       ;       ;
; Number of Logic Levels ;       ; 1     ;             ;            ;       ;       ;
; Physical Delays        ;       ;       ;             ;            ;       ;       ;
;  Arrival Path          ;       ;       ;             ;            ;       ;       ;
;   Clock                ;       ;       ;             ;            ;       ;       ;
;    IC                  ;       ; 2     ; 2.525       ; 76         ; 0.576 ; 1.949 ;
;    Cell                ;       ; 2     ; 0.792       ; 24         ; 0.295 ; 0.497 ;
;   Data                 ;       ;       ;             ;            ;       ;       ;
;    IC                  ;       ; 2     ; 0.225       ; 61         ; 0.000 ; 0.225 ;
;    Cell                ;       ; 3     ; 0.142       ; 39         ; 0.000 ; 0.072 ;
;    uTco                ;       ; 1     ; 0.000       ; 0          ; 0.000 ; 0.000 ;
;  Required Path         ;       ;       ;             ;            ;       ;       ;
;   Clock                ;       ;       ;             ;            ;       ;       ;
;    IC                  ;       ; 2     ; 5.129       ; 85         ; 2.395 ; 2.734 ;
;    Cell                ;       ; 2     ; 0.899       ; 15         ; 0.321 ; 0.578 ;
+------------------------+-------+-------+-------------+------------+-------+-------+
Note: Negative delays are omitted from totals when calculating percentages

+---------------------------------------------------------------------------------------------------------------+
; Data Arrival Path                                                                                             ;
+---------+---------+----+------+--------+---------------------+------------------------------------------------+
; Total   ; Incr    ; RF ; Type ; Fanout ; Location            ; Element                                        ;
+---------+---------+----+------+--------+---------------------+------------------------------------------------+
; 0.000   ; 0.000   ;    ;      ;        ;                     ; launch edge time                               ;
; 3.317   ; 3.317   ;    ;      ;        ;                     ; clock path                                     ;
;   0.000 ;   0.000 ;    ;      ;        ;                     ; source latency                                 ;
;   0.000 ;   0.000 ;    ;      ; 1      ; LABCELL_X1_Y36_N9   ; gpu_clk                                        ;
;   0.576 ;   0.576 ; RR ; IC   ; 1      ; CLKCTRL_G2          ; gpu_clk~CLKENA0|inclk                          ;
;   0.871 ;   0.295 ; RR ; CELL ; 9078   ; CLKCTRL_G2          ; gpu_clk~CLKENA0|outclk                         ;
;   2.820 ;   1.949 ; RR ; IC   ; 1      ; FF_X18_Y51_N44      ; u_slotmgr|generation[0][14]|clk                ;
;   3.317 ;   0.497 ; RR ; CELL ; 1      ; FF_X18_Y51_N44      ; zhao_video_slotmgr:u_slotmgr|generation[0][14] ;
; 3.684   ; 0.367   ;    ;      ;        ;                     ; data path                                      ;
;   3.317 ;   0.000 ;    ; uTco ; 1      ; FF_X18_Y51_N44      ; zhao_video_slotmgr:u_slotmgr|generation[0][14] ;
;   3.317 ;   0.000 ; FF ; CELL ; 3      ; FF_X18_Y51_N44      ; u_slotmgr|generation[0][14]|q                  ;
;   3.542 ;   0.225 ; FF ; IC   ; 2      ; LABCELL_X18_Y51_N42 ; u_slotmgr|Add1~13|dataf                        ;
;   3.614 ;   0.072 ; FR ; CELL ; 3      ; LABCELL_X18_Y51_N42 ; u_slotmgr|Add1~13|sumout                       ;
;   3.614 ;   0.000 ; RR ; IC   ; 1      ; FF_X18_Y51_N44      ; u_slotmgr|generation[0][14]|d                  ;
;   3.684 ;   0.070 ; RR ; CELL ; 1      ; FF_X18_Y51_N44      ; zhao_video_slotmgr:u_slotmgr|generation[0][14] ;
+---------+---------+----+------+--------+---------------------+------------------------------------------------+

+--------------------------------------------------------------------------------------------------------------+
; Data Required Path                                                                                           ;
+---------+----------+----+------+--------+-------------------+------------------------------------------------+
; Total   ; Incr     ; RF ; Type ; Fanout ; Location          ; Element                                        ;
+---------+----------+----+------+--------+-------------------+------------------------------------------------+
; 0.000   ; 0.000    ;    ;      ;        ;                   ; latch edge time                                ;
; 3.425   ; 3.425    ;    ;      ;        ;                   ; clock path                                     ;
;   0.000 ;   0.000  ;    ;      ;        ;                   ; source latency                                 ;
;   0.000 ;   0.000  ;    ;      ; 1      ; LABCELL_X1_Y36_N9 ; gpu_clk                                        ;
;   2.734 ;   2.734  ; RR ; IC   ; 1      ; CLKCTRL_G2        ; gpu_clk~CLKENA0|inclk                          ;
;   3.055 ;   0.321  ; RR ; CELL ; 9078   ; CLKCTRL_G2        ; gpu_clk~CLKENA0|outclk                         ;
;   5.450 ;   2.395  ; RR ; IC   ; 1      ; FF_X18_Y51_N44    ; u_slotmgr|generation[0][14]|clk                ;
;   6.028 ;   0.578  ; RR ; CELL ; 1      ; FF_X18_Y51_N44    ; zhao_video_slotmgr:u_slotmgr|generation[0][14] ;
;   3.425 ;   -2.603 ;    ;      ;        ;                   ; clock pessimism removed                        ;
; 3.425   ; 0.000    ;    ;      ;        ;                   ; clock uncertainty                              ;
; 3.425   ; 0.000    ;    ; uTh  ; 1      ; FF_X18_Y51_N44    ; zhao_video_slotmgr:u_slotmgr|generation[0][14] ;
+---------+----------+----+------+--------+-------------------+------------------------------------------------+

----------------------------
; Extra Fitter Information ;
----------------------------
HTML report is unavailable in plain text report export.


Path #7: Hold slack is 0.264 
===============================================================================
+---------------------------------------------------------------------+
; Path Summary                                                        ;
+--------------------+------------------------------------------------+
; Property           ; Value                                          ;
+--------------------+------------------------------------------------+
; From Node          ; zhao_video_slotmgr:u_slotmgr|generation[0][10] ;
; To Node            ; zhao_video_slotmgr:u_slotmgr|generation[0][10] ;
; Launch Clock       ; gpu_clk                                        ;
; Latch Clock        ; gpu_clk                                        ;
; Data Arrival Time  ; 3.689                                          ;
; Data Required Time ; 3.425                                          ;
; Slack              ; 0.264                                          ;
+--------------------+------------------------------------------------+

+-----------------------------------------------------------------------------------+
; Statistics                                                                        ;
+------------------------+-------+-------+-------------+------------+-------+-------+
; Property               ; Value ; Count ; Total Delay ; % of Total ; Min   ; Max   ;
+------------------------+-------+-------+-------------+------------+-------+-------+
; Hold Relationship      ; 0.000 ;       ;             ;            ;       ;       ;
; Clock Skew             ; 0.108 ;       ;             ;            ;       ;       ;
; Data Delay             ; 0.372 ;       ;             ;            ;       ;       ;
; Number of Logic Levels ;       ; 1     ;             ;            ;       ;       ;
; Physical Delays        ;       ;       ;             ;            ;       ;       ;
;  Arrival Path          ;       ;       ;             ;            ;       ;       ;
;   Clock                ;       ;       ;             ;            ;       ;       ;
;    IC                  ;       ; 2     ; 2.525       ; 76         ; 0.576 ; 1.949 ;
;    Cell                ;       ; 2     ; 0.792       ; 24         ; 0.295 ; 0.497 ;
;   Data                 ;       ;       ;             ;            ;       ;       ;
;    IC                  ;       ; 2     ; 0.230       ; 62         ; 0.000 ; 0.230 ;
;    Cell                ;       ; 3     ; 0.142       ; 38         ; 0.000 ; 0.072 ;
;    uTco                ;       ; 1     ; 0.000       ; 0          ; 0.000 ; 0.000 ;
;  Required Path         ;       ;       ;             ;            ;       ;       ;
;   Clock                ;       ;       ;             ;            ;       ;       ;
;    IC                  ;       ; 2     ; 5.129       ; 85         ; 2.395 ; 2.734 ;
;    Cell                ;       ; 2     ; 0.899       ; 15         ; 0.321 ; 0.578 ;
+------------------------+-------+-------+-------------+------------+-------+-------+
Note: Negative delays are omitted from totals when calculating percentages

+---------------------------------------------------------------------------------------------------------------+
; Data Arrival Path                                                                                             ;
+---------+---------+----+------+--------+---------------------+------------------------------------------------+
; Total   ; Incr    ; RF ; Type ; Fanout ; Location            ; Element                                        ;
+---------+---------+----+------+--------+---------------------+------------------------------------------------+
; 0.000   ; 0.000   ;    ;      ;        ;                     ; launch edge time                               ;
; 3.317   ; 3.317   ;    ;      ;        ;                     ; clock path                                     ;
;   0.000 ;   0.000 ;    ;      ;        ;                     ; source latency                                 ;
;   0.000 ;   0.000 ;    ;      ; 1      ; LABCELL_X1_Y36_N9   ; gpu_clk                                        ;
;   0.576 ;   0.576 ; RR ; IC   ; 1      ; CLKCTRL_G2          ; gpu_clk~CLKENA0|inclk                          ;
;   0.871 ;   0.295 ; RR ; CELL ; 9078   ; CLKCTRL_G2          ; gpu_clk~CLKENA0|outclk                         ;
;   2.820 ;   1.949 ; RR ; IC   ; 1      ; FF_X18_Y51_N32      ; u_slotmgr|generation[0][10]|clk                ;
;   3.317 ;   0.497 ; RR ; CELL ; 1      ; FF_X18_Y51_N32      ; zhao_video_slotmgr:u_slotmgr|generation[0][10] ;
; 3.689   ; 0.372   ;    ;      ;        ;                     ; data path                                      ;
;   3.317 ;   0.000 ;    ; uTco ; 1      ; FF_X18_Y51_N32      ; zhao_video_slotmgr:u_slotmgr|generation[0][10] ;
;   3.317 ;   0.000 ; FF ; CELL ; 3      ; FF_X18_Y51_N32      ; u_slotmgr|generation[0][10]|q                  ;
;   3.547 ;   0.230 ; FF ; IC   ; 2      ; LABCELL_X18_Y51_N30 ; u_slotmgr|Add1~21|dataf                        ;
;   3.619 ;   0.072 ; FR ; CELL ; 3      ; LABCELL_X18_Y51_N30 ; u_slotmgr|Add1~21|sumout                       ;
;   3.619 ;   0.000 ; RR ; IC   ; 1      ; FF_X18_Y51_N32      ; u_slotmgr|generation[0][10]|d                  ;
;   3.689 ;   0.070 ; RR ; CELL ; 1      ; FF_X18_Y51_N32      ; zhao_video_slotmgr:u_slotmgr|generation[0][10] ;
+---------+---------+----+------+--------+---------------------+------------------------------------------------+

+--------------------------------------------------------------------------------------------------------------+
; Data Required Path                                                                                           ;
+---------+----------+----+------+--------+-------------------+------------------------------------------------+
; Total   ; Incr     ; RF ; Type ; Fanout ; Location          ; Element                                        ;
+---------+----------+----+------+--------+-------------------+------------------------------------------------+
; 0.000   ; 0.000    ;    ;      ;        ;                   ; latch edge time                                ;
; 3.425   ; 3.425    ;    ;      ;        ;                   ; clock path                                     ;
;   0.000 ;   0.000  ;    ;      ;        ;                   ; source latency                                 ;
;   0.000 ;   0.000  ;    ;      ; 1      ; LABCELL_X1_Y36_N9 ; gpu_clk                                        ;
;   2.734 ;   2.734  ; RR ; IC   ; 1      ; CLKCTRL_G2        ; gpu_clk~CLKENA0|inclk                          ;
;   3.055 ;   0.321  ; RR ; CELL ; 9078   ; CLKCTRL_G2        ; gpu_clk~CLKENA0|outclk                         ;
;   5.450 ;   2.395  ; RR ; IC   ; 1      ; FF_X18_Y51_N32    ; u_slotmgr|generation[0][10]|clk                ;
;   6.028 ;   0.578  ; RR ; CELL ; 1      ; FF_X18_Y51_N32    ; zhao_video_slotmgr:u_slotmgr|generation[0][10] ;
;   3.425 ;   -2.603 ;    ;      ;        ;                   ; clock pessimism removed                        ;
; 3.425   ; 0.000    ;    ;      ;        ;                   ; clock uncertainty                              ;
; 3.425   ; 0.000    ;    ; uTh  ; 1      ; FF_X18_Y51_N32    ; zhao_video_slotmgr:u_slotmgr|generation[0][10] ;
+---------+----------+----+------+--------+-------------------+------------------------------------------------+

----------------------------
; Extra Fitter Information ;
----------------------------
HTML report is unavailable in plain text report export.


Path #8: Hold slack is 0.274 
===============================================================================
+---------------------------------------------------------------------+
; Path Summary                                                        ;
+--------------------+------------------------------------------------+
; Property           ; Value                                          ;
+--------------------+------------------------------------------------+
; From Node          ; zhao_video_slotmgr:u_slotmgr|generation[0][11] ;
; To Node            ; zhao_video_slotmgr:u_slotmgr|generation[0][11] ;
; Launch Clock       ; gpu_clk                                        ;
; Latch Clock        ; gpu_clk                                        ;
; Data Arrival Time  ; 3.705                                          ;
; Data Required Time ; 3.431                                          ;
; Slack              ; 0.274                                          ;
+--------------------+------------------------------------------------+

+-----------------------------------------------------------------------------------+
; Statistics                                                                        ;
+------------------------+-------+-------+-------------+------------+-------+-------+
; Property               ; Value ; Count ; Total Delay ; % of Total ; Min   ; Max   ;
+------------------------+-------+-------+-------------+------------+-------+-------+
; Hold Relationship      ; 0.000 ;       ;             ;            ;       ;       ;
; Clock Skew             ; 0.109 ;       ;             ;            ;       ;       ;
; Data Delay             ; 0.383 ;       ;             ;            ;       ;       ;
; Number of Logic Levels ;       ; 1     ;             ;            ;       ;       ;
; Physical Delays        ;       ;       ;             ;            ;       ;       ;
;  Arrival Path          ;       ;       ;             ;            ;       ;       ;
;   Clock                ;       ;       ;             ;            ;       ;       ;
;    IC                  ;       ; 2     ; 2.525       ; 76         ; 0.576 ; 1.949 ;
;    Cell                ;       ; 2     ; 0.797       ; 24         ; 0.295 ; 0.502 ;
;   Data                 ;       ;       ;             ;            ;       ;       ;
;    IC                  ;       ; 2     ; 0.242       ; 63         ; 0.000 ; 0.242 ;
;    Cell                ;       ; 3     ; 0.141       ; 37         ; 0.000 ; 0.071 ;
;    uTco                ;       ; 1     ; 0.000       ; 0          ; 0.000 ; 0.000 ;
;  Required Path         ;       ;       ;             ;            ;       ;       ;
;   Clock                ;       ;       ;             ;            ;       ;       ;
;    IC                  ;       ; 2     ; 5.129       ; 85         ; 2.395 ; 2.734 ;
;    Cell                ;       ; 2     ; 0.905       ; 15         ; 0.321 ; 0.584 ;
+------------------------+-------+-------+-------------+------------+-------+-------+
Note: Negative delays are omitted from totals when calculating percentages

+---------------------------------------------------------------------------------------------------------------+
; Data Arrival Path                                                                                             ;
+---------+---------+----+------+--------+---------------------+------------------------------------------------+
; Total   ; Incr    ; RF ; Type ; Fanout ; Location            ; Element                                        ;
+---------+---------+----+------+--------+---------------------+------------------------------------------------+
; 0.000   ; 0.000   ;    ;      ;        ;                     ; launch edge time                               ;
; 3.322   ; 3.322   ;    ;      ;        ;                     ; clock path                                     ;
;   0.000 ;   0.000 ;    ;      ;        ;                     ; source latency                                 ;
;   0.000 ;   0.000 ;    ;      ; 1      ; LABCELL_X1_Y36_N9   ; gpu_clk                                        ;
;   0.576 ;   0.576 ; RR ; IC   ; 1      ; CLKCTRL_G2          ; gpu_clk~CLKENA0|inclk                          ;
;   0.871 ;   0.295 ; RR ; CELL ; 9078   ; CLKCTRL_G2          ; gpu_clk~CLKENA0|outclk                         ;
;   2.820 ;   1.949 ; RR ; IC   ; 1      ; FF_X18_Y51_N35      ; u_slotmgr|generation[0][11]|clk                ;
;   3.322 ;   0.502 ; RR ; CELL ; 1      ; FF_X18_Y51_N35      ; zhao_video_slotmgr:u_slotmgr|generation[0][11] ;
; 3.705   ; 0.383   ;    ;      ;        ;                     ; data path                                      ;
;   3.322 ;   0.000 ;    ; uTco ; 1      ; FF_X18_Y51_N35      ; zhao_video_slotmgr:u_slotmgr|generation[0][11] ;
;   3.322 ;   0.000 ; FF ; CELL ; 3      ; FF_X18_Y51_N35      ; u_slotmgr|generation[0][11]|q                  ;
;   3.564 ;   0.242 ; FF ; IC   ; 2      ; LABCELL_X18_Y51_N33 ; u_slotmgr|Add1~25|dataf                        ;
;   3.635 ;   0.071 ; FF ; CELL ; 3      ; LABCELL_X18_Y51_N33 ; u_slotmgr|Add1~25|sumout                       ;
;   3.635 ;   0.000 ; FF ; IC   ; 1      ; FF_X18_Y51_N35      ; u_slotmgr|generation[0][11]|d                  ;
;   3.705 ;   0.070 ; FF ; CELL ; 1      ; FF_X18_Y51_N35      ; zhao_video_slotmgr:u_slotmgr|generation[0][11] ;
+---------+---------+----+------+--------+---------------------+------------------------------------------------+

+--------------------------------------------------------------------------------------------------------------+
; Data Required Path                                                                                           ;
+---------+----------+----+------+--------+-------------------+------------------------------------------------+
; Total   ; Incr     ; RF ; Type ; Fanout ; Location          ; Element                                        ;
+---------+----------+----+------+--------+-------------------+------------------------------------------------+
; 0.000   ; 0.000    ;    ;      ;        ;                   ; latch edge time                                ;
; 3.431   ; 3.431    ;    ;      ;        ;                   ; clock path                                     ;
;   0.000 ;   0.000  ;    ;      ;        ;                   ; source latency                                 ;
;   0.000 ;   0.000  ;    ;      ; 1      ; LABCELL_X1_Y36_N9 ; gpu_clk                                        ;
;   2.734 ;   2.734  ; RR ; IC   ; 1      ; CLKCTRL_G2        ; gpu_clk~CLKENA0|inclk                          ;
;   3.055 ;   0.321  ; RR ; CELL ; 9078   ; CLKCTRL_G2        ; gpu_clk~CLKENA0|outclk                         ;
;   5.450 ;   2.395  ; RR ; IC   ; 1      ; FF_X18_Y51_N35    ; u_slotmgr|generation[0][11]|clk                ;
;   6.034 ;   0.584  ; RR ; CELL ; 1      ; FF_X18_Y51_N35    ; zhao_video_slotmgr:u_slotmgr|generation[0][11] ;
;   3.431 ;   -2.603 ;    ;      ;        ;                   ; clock pessimism removed                        ;
; 3.431   ; 0.000    ;    ;      ;        ;                   ; clock uncertainty                              ;
; 3.431   ; 0.000    ;    ; uTh  ; 1      ; FF_X18_Y51_N35    ; zhao_video_slotmgr:u_slotmgr|generation[0][11] ;
+---------+----------+----+------+--------+-------------------+------------------------------------------------+

----------------------------
; Extra Fitter Information ;
----------------------------
HTML report is unavailable in plain text report export.


Path #9: Hold slack is 0.305 
===============================================================================
+------------------------------------------------------------+
; Path Summary                                               ;
+--------------------+---------------------------------------+
; Property           ; Value                                 ;
+--------------------+---------------------------------------+
; From Node          ; zhao_sdram_ctrl:u_ctrl|credits_cnt[2] ;
; To Node            ; zhao_vram_arbiter:u_arb|credits[0][2] ;
; Launch Clock       ; gpu_clk                               ;
; Latch Clock        ; gpu_clk                               ;
; Data Arrival Time  ; 3.742                                 ;
; Data Required Time ; 3.437                                 ;
; Slack              ; 0.305                                 ;
+--------------------+---------------------------------------+

+-----------------------------------------------------------------------------------+
; Statistics                                                                        ;
+------------------------+-------+-------+-------------+------------+-------+-------+
; Property               ; Value ; Count ; Total Delay ; % of Total ; Min   ; Max   ;
+------------------------+-------+-------+-------------+------------+-------+-------+
; Hold Relationship      ; 0.000 ;       ;             ;            ;       ;       ;
; Clock Skew             ; 0.105 ;       ;             ;            ;       ;       ;
; Data Delay             ; 0.410 ;       ;             ;            ;       ;       ;
; Number of Logic Levels ;       ; 1     ;             ;            ;       ;       ;
; Physical Delays        ;       ;       ;             ;            ;       ;       ;
;  Arrival Path          ;       ;       ;             ;            ;       ;       ;
;   Clock                ;       ;       ;             ;            ;       ;       ;
;    IC                  ;       ; 2     ; 2.529       ; 76         ; 0.576 ; 1.953 ;
;    Cell                ;       ; 2     ; 0.803       ; 24         ; 0.295 ; 0.508 ;
;   Data                 ;       ;       ;             ;            ;       ;       ;
;    IC                  ;       ; 2     ; 0.272       ; 66         ; 0.000 ; 0.272 ;
;    Cell                ;       ; 3     ; 0.138       ; 34         ; 0.000 ; 0.069 ;
;    uTco                ;       ; 1     ; 0.000       ; 0          ; 0.000 ; 0.000 ;
;  Required Path         ;       ;       ;             ;            ;       ;       ;
;   Clock                ;       ;       ;             ;            ;       ;       ;
;    IC                  ;       ; 2     ; 5.134       ; 85         ; 2.400 ; 2.734 ;
;    Cell                ;       ; 2     ; 0.904       ; 15         ; 0.321 ; 0.583 ;
+------------------------+-------+-------+-------------+------------+-------+-------+
Note: Negative delays are omitted from totals when calculating percentages

+------------------------------------------------------------------------------------------------------+
; Data Arrival Path                                                                                    ;
+---------+---------+----+------+--------+---------------------+---------------------------------------+
; Total   ; Incr    ; RF ; Type ; Fanout ; Location            ; Element                               ;
+---------+---------+----+------+--------+---------------------+---------------------------------------+
; 0.000   ; 0.000   ;    ;      ;        ;                     ; launch edge time                      ;
; 3.332   ; 3.332   ;    ;      ;        ;                     ; clock path                            ;
;   0.000 ;   0.000 ;    ;      ;        ;                     ; source latency                        ;
;   0.000 ;   0.000 ;    ;      ; 1      ; LABCELL_X1_Y36_N9   ; gpu_clk                               ;
;   0.576 ;   0.576 ; RR ; IC   ; 1      ; CLKCTRL_G2          ; gpu_clk~CLKENA0|inclk                 ;
;   0.871 ;   0.295 ; RR ; CELL ; 9078   ; CLKCTRL_G2          ; gpu_clk~CLKENA0|outclk                ;
;   2.824 ;   1.953 ; RR ; IC   ; 1      ; FF_X22_Y53_N8       ; u_ctrl|credits_cnt[2]|clk             ;
;   3.332 ;   0.508 ; RR ; CELL ; 1      ; FF_X22_Y53_N8       ; zhao_sdram_ctrl:u_ctrl|credits_cnt[2] ;
; 3.742   ; 0.410   ;    ;      ;        ;                     ; data path                             ;
;   3.332 ;   0.000 ;    ; uTco ; 1      ; FF_X22_Y53_N8       ; zhao_sdram_ctrl:u_ctrl|credits_cnt[2] ;
;   3.332 ;   0.000 ; FF ; CELL ; 6      ; FF_X22_Y53_N8       ; u_ctrl|credits_cnt[2]|q               ;
;   3.604 ;   0.272 ; FF ; IC   ; 2      ; LABCELL_X22_Y53_N36 ; u_arb|Add4~13|dataf                   ;
;   3.673 ;   0.069 ; FR ; CELL ; 1      ; LABCELL_X22_Y53_N36 ; u_arb|Add4~13|sumout                  ;
;   3.673 ;   0.000 ; RR ; IC   ; 1      ; FF_X22_Y53_N38      ; u_arb|credits[0][2]|d                 ;
;   3.742 ;   0.069 ; RR ; CELL ; 1      ; FF_X22_Y53_N38      ; zhao_vram_arbiter:u_arb|credits[0][2] ;
+---------+---------+----+------+--------+---------------------+---------------------------------------+

+-----------------------------------------------------------------------------------------------------+
; Data Required Path                                                                                  ;
+---------+----------+----+------+--------+-------------------+---------------------------------------+
; Total   ; Incr     ; RF ; Type ; Fanout ; Location          ; Element                               ;
+---------+----------+----+------+--------+-------------------+---------------------------------------+
; 0.000   ; 0.000    ;    ;      ;        ;                   ; latch edge time                       ;
; 3.437   ; 3.437    ;    ;      ;        ;                   ; clock path                            ;
;   0.000 ;   0.000  ;    ;      ;        ;                   ; source latency                        ;
;   0.000 ;   0.000  ;    ;      ; 1      ; LABCELL_X1_Y36_N9 ; gpu_clk                               ;
;   2.734 ;   2.734  ; RR ; IC   ; 1      ; CLKCTRL_G2        ; gpu_clk~CLKENA0|inclk                 ;
;   3.055 ;   0.321  ; RR ; CELL ; 9078   ; CLKCTRL_G2        ; gpu_clk~CLKENA0|outclk                ;
;   5.455 ;   2.400  ; RR ; IC   ; 1      ; FF_X22_Y53_N38    ; u_arb|credits[0][2]|clk               ;
;   6.038 ;   0.583  ; RR ; CELL ; 1      ; FF_X22_Y53_N38    ; zhao_vram_arbiter:u_arb|credits[0][2] ;
;   3.437 ;   -2.601 ;    ;      ;        ;                   ; clock pessimism removed               ;
; 3.437   ; 0.000    ;    ;      ;        ;                   ; clock uncertainty                     ;
; 3.437   ; 0.000    ;    ; uTh  ; 1      ; FF_X22_Y53_N38    ; zhao_vram_arbiter:u_arb|credits[0][2] ;
+---------+----------+----+------+--------+-------------------+---------------------------------------+

----------------------------
; Extra Fitter Information ;
----------------------------
HTML report is unavailable in plain text report export.


Path #10: Hold slack is 0.363 
===============================================================================
+-----------------------------------------------------------------------+
; Path Summary                                                          ;
+--------------------+--------------------------------------------------+
; Property           ; Value                                            ;
+--------------------+--------------------------------------------------+
; From Node          ; zhao_vram_arbiter:u_arb|vram_bytes[0][26]        ;
; To Node            ; zhao_vram_arbiter:u_arb|vram_bytes_shadow[0][26] ;
; Launch Clock       ; gpu_clk                                          ;
; Latch Clock        ; gpu_clk                                          ;
; Data Arrival Time  ; 3.741                                            ;
; Data Required Time ; 3.378                                            ;
; Slack              ; 0.363                                            ;
+--------------------+--------------------------------------------------+

+-----------------------------------------------------------------------------------+
; Statistics                                                                        ;
+------------------------+-------+-------+-------------+------------+-------+-------+
; Property               ; Value ; Count ; Total Delay ; % of Total ; Min   ; Max   ;
+------------------------+-------+-------+-------------+------------+-------+-------+
; Hold Relationship      ; 0.000 ;       ;             ;            ;       ;       ;
; Clock Skew             ; 0.109 ;       ;             ;            ;       ;       ;
; Data Delay             ; 0.472 ;       ;             ;            ;       ;       ;
; Number of Logic Levels ;       ; 1     ;             ;            ;       ;       ;
; Physical Delays        ;       ;       ;             ;            ;       ;       ;
;  Arrival Path          ;       ;       ;             ;            ;       ;       ;
;   Clock                ;       ;       ;             ;            ;       ;       ;
;    IC                  ;       ; 2     ; 2.487       ; 76         ; 0.576 ; 1.911 ;
;    Cell                ;       ; 2     ; 0.782       ; 24         ; 0.295 ; 0.487 ;
;   Data                 ;       ;       ;             ;            ;       ;       ;
;    IC                  ;       ; 2     ; 0.355       ; 75         ; 0.000 ; 0.355 ;
;    Cell                ;       ; 3     ; 0.117       ; 25         ; 0.000 ; 0.068 ;
;    uTco                ;       ; 1     ; 0.000       ; 0          ; 0.000 ; 0.000 ;
;  Required Path         ;       ;       ;             ;            ;       ;       ;
;   Clock                ;       ;       ;             ;            ;       ;       ;
;    IC                  ;       ; 2     ; 5.084       ; 85         ; 2.350 ; 2.734 ;
;    Cell                ;       ; 2     ; 0.890       ; 15         ; 0.321 ; 0.569 ;
+------------------------+-------+-------+-------------+------------+-------+-------+
Note: Negative delays are omitted from totals when calculating percentages

+-----------------------------------------------------------------------------------------------------------------+
; Data Arrival Path                                                                                               ;
+---------+---------+----+------+--------+---------------------+--------------------------------------------------+
; Total   ; Incr    ; RF ; Type ; Fanout ; Location            ; Element                                          ;
+---------+---------+----+------+--------+---------------------+--------------------------------------------------+
; 0.000   ; 0.000   ;    ;      ;        ;                     ; launch edge time                                 ;
; 3.269   ; 3.269   ;    ;      ;        ;                     ; clock path                                       ;
;   0.000 ;   0.000 ;    ;      ;        ;                     ; source latency                                   ;
;   0.000 ;   0.000 ;    ;      ; 1      ; LABCELL_X1_Y36_N9   ; gpu_clk                                          ;
;   0.576 ;   0.576 ; RR ; IC   ; 1      ; CLKCTRL_G2          ; gpu_clk~CLKENA0|inclk                            ;
;   0.871 ;   0.295 ; RR ; CELL ; 9078   ; CLKCTRL_G2          ; gpu_clk~CLKENA0|outclk                           ;
;   2.782 ;   1.911 ; RR ; IC   ; 1      ; FF_X34_Y32_N32      ; u_arb|vram_bytes[0][26]|clk                      ;
;   3.269 ;   0.487 ; RR ; CELL ; 1      ; FF_X34_Y32_N32      ; zhao_vram_arbiter:u_arb|vram_bytes[0][26]        ;
; 3.741   ; 0.472   ;    ;      ;        ;                     ; data path                                        ;
;   3.269 ;   0.000 ;    ; uTco ; 1      ; FF_X34_Y32_N32      ; zhao_vram_arbiter:u_arb|vram_bytes[0][26]        ;
;   3.269 ;   0.000 ; FF ; CELL ; 3      ; FF_X34_Y32_N32      ; u_arb|vram_bytes[0][26]|q                        ;
;   3.624 ;   0.355 ; FF ; IC   ; 1      ; LABCELL_X33_Y32_N30 ; u_arb|vram_bytes_shadow[0][26]~feeder|dataf      ;
;   3.673 ;   0.049 ; FF ; CELL ; 1      ; LABCELL_X33_Y32_N30 ; u_arb|vram_bytes_shadow[0][26]~feeder|combout    ;
;   3.673 ;   0.000 ; FF ; IC   ; 1      ; FF_X33_Y32_N31      ; u_arb|vram_bytes_shadow[0][26]|d                 ;
;   3.741 ;   0.068 ; FF ; CELL ; 1      ; FF_X33_Y32_N31      ; zhao_vram_arbiter:u_arb|vram_bytes_shadow[0][26] ;
+---------+---------+----+------+--------+---------------------+--------------------------------------------------+

+----------------------------------------------------------------------------------------------------------------+
; Data Required Path                                                                                             ;
+---------+----------+----+------+--------+-------------------+--------------------------------------------------+
; Total   ; Incr     ; RF ; Type ; Fanout ; Location          ; Element                                          ;
+---------+----------+----+------+--------+-------------------+--------------------------------------------------+
; 0.000   ; 0.000    ;    ;      ;        ;                   ; latch edge time                                  ;
; 3.378   ; 3.378    ;    ;      ;        ;                   ; clock path                                       ;
;   0.000 ;   0.000  ;    ;      ;        ;                   ; source latency                                   ;
;   0.000 ;   0.000  ;    ;      ; 1      ; LABCELL_X1_Y36_N9 ; gpu_clk                                          ;
;   2.734 ;   2.734  ; RR ; IC   ; 1      ; CLKCTRL_G2        ; gpu_clk~CLKENA0|inclk                            ;
;   3.055 ;   0.321  ; RR ; CELL ; 9078   ; CLKCTRL_G2        ; gpu_clk~CLKENA0|outclk                           ;
;   5.405 ;   2.350  ; RR ; IC   ; 1      ; FF_X33_Y32_N31    ; u_arb|vram_bytes_shadow[0][26]|clk               ;
;   5.974 ;   0.569  ; RR ; CELL ; 1      ; FF_X33_Y32_N31    ; zhao_vram_arbiter:u_arb|vram_bytes_shadow[0][26] ;
;   3.378 ;   -2.596 ;    ;      ;        ;                   ; clock pessimism removed                          ;
; 3.378   ; 0.000    ;    ;      ;        ;                   ; clock uncertainty                                ;
; 3.378   ; 0.000    ;    ; uTh  ; 1      ; FF_X33_Y32_N31    ; zhao_vram_arbiter:u_arb|vram_bytes_shadow[0][26] ;
+---------+----------+----+------+--------+-------------------+--------------------------------------------------+

----------------------------
; Extra Fitter Information ;
----------------------------
HTML report is unavailable in plain text report export.


Path #11: Hold slack is 0.366 
===============================================================================
+-------------------------------------------------------------------------------------------------------+
; Path Summary                                                                                          ;
+--------------------+----------------------------------------------------------------------------------+
; Property           ; Value                                                                            ;
+--------------------+----------------------------------------------------------------------------------+
; From Node          ; zhao_video_scanout:u_scanout|zhao_scanout_serializer:u_ser|starve_q[1]~DUPLICATE ;
; To Node            ; zhao_video_scanout:u_scanout|zhao_scanout_serializer:u_ser|starve_q[1]~DUPLICATE ;
; Launch Clock       ; vid_clk                                                                          ;
; Latch Clock        ; vid_clk                                                                          ;
; Data Arrival Time  ; 3.745                                                                            ;
; Data Required Time ; 3.379                                                                            ;
; Slack              ; 0.366                                                                            ;
+--------------------+----------------------------------------------------------------------------------+

+-----------------------------------------------------------------------------------+
; Statistics                                                                        ;
+------------------------+-------+-------+-------------+------------+-------+-------+
; Property               ; Value ; Count ; Total Delay ; % of Total ; Min   ; Max   ;
+------------------------+-------+-------+-------------+------------+-------+-------+
; Hold Relationship      ; 0.000 ;       ;             ;            ;       ;       ;
; Clock Skew             ; 0.110 ;       ;             ;            ;       ;       ;
; Data Delay             ; 0.476 ;       ;             ;            ;       ;       ;
; Number of Logic Levels ;       ; 1     ;             ;            ;       ;       ;
; Physical Delays        ;       ;       ;             ;            ;       ;       ;
;  Arrival Path          ;       ;       ;             ;            ;       ;       ;
;   Clock                ;       ;       ;             ;            ;       ;       ;
;    IC                  ;       ; 2     ; 2.467       ; 75         ; 0.581 ; 1.886 ;
;    Cell                ;       ; 2     ; 0.802       ; 25         ; 0.295 ; 0.507 ;
;   Data                 ;       ;       ;             ;            ;       ;       ;
;    IC                  ;       ; 2     ; 0.343       ; 72         ; 0.000 ; 0.343 ;
;    Cell                ;       ; 3     ; 0.133       ; 28         ; 0.000 ; 0.069 ;
;    uTco                ;       ; 1     ; 0.000       ; 0          ; 0.000 ; 0.000 ;
;  Required Path         ;       ;       ;             ;            ;       ;       ;
;   Clock                ;       ;       ;             ;            ;       ;       ;
;    IC                  ;       ; 2     ; 5.069       ; 85         ; 2.329 ; 2.740 ;
;    Cell                ;       ; 2     ; 0.909       ; 15         ; 0.321 ; 0.588 ;
+------------------------+-------+-------+-------------+------------+-------+-------+
Note: Negative delays are omitted from totals when calculating percentages

+--------------------------------------------------------------------------------------------------------------------------------------------------+
; Data Arrival Path                                                                                                                                ;
+---------+---------+----+------+--------+----------------------+----------------------------------------------------------------------------------+
; Total   ; Incr    ; RF ; Type ; Fanout ; Location             ; Element                                                                          ;
+---------+---------+----+------+--------+----------------------+----------------------------------------------------------------------------------+
; 0.000   ; 0.000   ;    ;      ;        ;                      ; launch edge time                                                                 ;
; 3.269   ; 3.269   ;    ;      ;        ;                      ; clock path                                                                       ;
;   0.000 ;   0.000 ;    ;      ;        ;                      ; source latency                                                                   ;
;   0.000 ;   0.000 ;    ;      ; 1      ; LABCELL_X1_Y36_N3    ; vid_clk                                                                          ;
;   0.581 ;   0.581 ; RR ; IC   ; 1      ; CLKCTRL_G3           ; vid_clk~CLKENA0|inclk                                                            ;
;   0.876 ;   0.295 ; RR ; CELL ; 746    ; CLKCTRL_G3           ; vid_clk~CLKENA0|outclk                                                           ;
;   2.762 ;   1.886 ; RR ; IC   ; 1      ; FF_X39_Y28_N31       ; u_scanout|u_ser|starve_q[1]~DUPLICATE|clk                                        ;
;   3.269 ;   0.507 ; RR ; CELL ; 1      ; FF_X39_Y28_N31       ; zhao_video_scanout:u_scanout|zhao_scanout_serializer:u_ser|starve_q[1]~DUPLICATE ;
; 3.745   ; 0.476   ;    ;      ;        ;                      ; data path                                                                        ;
;   3.269 ;   0.000 ;    ; uTco ; 1      ; FF_X39_Y28_N31       ; zhao_video_scanout:u_scanout|zhao_scanout_serializer:u_ser|starve_q[1]~DUPLICATE ;
;   3.269 ;   0.000 ; FF ; CELL ; 5      ; FF_X39_Y28_N31       ; u_scanout|u_ser|starve_q[1]~DUPLICATE|q                                          ;
;   3.612 ;   0.343 ; FF ; IC   ; 2      ; MLABCELL_X39_Y28_N30 ; u_scanout|u_ser|Add5~1|dataf                                                     ;
;   3.681 ;   0.069 ; FF ; CELL ; 2      ; MLABCELL_X39_Y28_N30 ; u_scanout|u_ser|Add5~1|sumout                                                    ;
;   3.681 ;   0.000 ; FF ; IC   ; 1      ; FF_X39_Y28_N31       ; u_scanout|u_ser|starve_q[1]~DUPLICATE|d                                          ;
;   3.745 ;   0.064 ; FF ; CELL ; 1      ; FF_X39_Y28_N31       ; zhao_video_scanout:u_scanout|zhao_scanout_serializer:u_ser|starve_q[1]~DUPLICATE ;
+---------+---------+----+------+--------+----------------------+----------------------------------------------------------------------------------+

+------------------------------------------------------------------------------------------------------------------------------------------------+
; Data Required Path                                                                                                                             ;
+---------+----------+----+------+--------+-------------------+----------------------------------------------------------------------------------+
; Total   ; Incr     ; RF ; Type ; Fanout ; Location          ; Element                                                                          ;
+---------+----------+----+------+--------+-------------------+----------------------------------------------------------------------------------+
; 0.000   ; 0.000    ;    ;      ;        ;                   ; latch edge time                                                                  ;
; 3.379   ; 3.379    ;    ;      ;        ;                   ; clock path                                                                       ;
;   0.000 ;   0.000  ;    ;      ;        ;                   ; source latency                                                                   ;
;   0.000 ;   0.000  ;    ;      ; 1      ; LABCELL_X1_Y36_N3 ; vid_clk                                                                          ;
;   2.740 ;   2.740  ; RR ; IC   ; 1      ; CLKCTRL_G3        ; vid_clk~CLKENA0|inclk                                                            ;
;   3.061 ;   0.321  ; RR ; CELL ; 746    ; CLKCTRL_G3        ; vid_clk~CLKENA0|outclk                                                           ;
;   5.390 ;   2.329  ; RR ; IC   ; 1      ; FF_X39_Y28_N31    ; u_scanout|u_ser|starve_q[1]~DUPLICATE|clk                                        ;
;   5.978 ;   0.588  ; RR ; CELL ; 1      ; FF_X39_Y28_N31    ; zhao_video_scanout:u_scanout|zhao_scanout_serializer:u_ser|starve_q[1]~DUPLICATE ;
;   3.379 ;   -2.599 ;    ;      ;        ;                   ; clock pessimism removed                                                          ;
; 3.379   ; 0.000    ;    ;      ;        ;                   ; clock uncertainty                                                                ;
; 3.379   ; 0.000    ;    ; uTh  ; 1      ; FF_X39_Y28_N31    ; zhao_video_scanout:u_scanout|zhao_scanout_serializer:u_ser|starve_q[1]~DUPLICATE ;
+---------+----------+----+------+--------+-------------------+----------------------------------------------------------------------------------+

----------------------------
; Extra Fitter Information ;
----------------------------
HTML report is unavailable in plain text report export.


Path #12: Hold slack is 0.372 
===============================================================================
+----------------------------------------+
; Path Summary                           ;
+--------------------+-------------------+
; Property           ; Value             ;
+--------------------+-------------------+
; From Node          ; pack_lo[5]        ;
; To Node            ; scan_beat_data[5] ;
; Launch Clock       ; gpu_clk           ;
; Latch Clock        ; gpu_clk           ;
; Data Arrival Time  ; 4.226             ;
; Data Required Time ; 3.854             ;
; Slack              ; 0.372             ;
+--------------------+-------------------+

+-----------------------------------------------------------------------------------+
; Statistics                                                                        ;
+------------------------+-------+-------+-------------+------------+-------+-------+
; Property               ; Value ; Count ; Total Delay ; % of Total ; Min   ; Max   ;
+------------------------+-------+-------+-------------+------------+-------+-------+
; Hold Relationship      ; 0.000 ;       ;             ;            ;       ;       ;
; Clock Skew             ; 0.517 ;       ;             ;            ;       ;       ;
; Data Delay             ; 0.889 ;       ;             ;            ;       ;       ;
; Number of Logic Levels ;       ; 1     ;             ;            ;       ;       ;
; Physical Delays        ;       ;       ;             ;            ;       ;       ;
;  Arrival Path          ;       ;       ;             ;            ;       ;       ;
;   Clock                ;       ;       ;             ;            ;       ;       ;
;    IC                  ;       ; 2     ; 2.539       ; 76         ; 0.576 ; 1.963 ;
;    Cell                ;       ; 2     ; 0.798       ; 24         ; 0.295 ; 0.503 ;
;   Data                 ;       ;       ;             ;            ;       ;       ;
;    IC                  ;       ; 2     ; 0.768       ; 86         ; 0.000 ; 0.768 ;
;    Cell                ;       ; 3     ; 0.121       ; 14         ; 0.000 ; 0.067 ;
;    uTco                ;       ; 1     ; 0.000       ; 0          ; 0.000 ; 0.000 ;
;  Required Path         ;       ;       ;             ;            ;       ;       ;
;   Clock                ;       ;       ;             ;            ;       ;       ;
;    IC                  ;       ; 2     ; 5.122       ; 85         ; 2.388 ; 2.734 ;
;    Cell                ;       ; 2     ; 0.916       ; 15         ; 0.321 ; 0.595 ;
+------------------------+-------+-------+-------------+------------+-------+-------+
Note: Negative delays are omitted from totals when calculating percentages

+-------------------------------------------------------------------------------------------------+
; Data Arrival Path                                                                               ;
+---------+---------+----+------+--------+---------------------+----------------------------------+
; Total   ; Incr    ; RF ; Type ; Fanout ; Location            ; Element                          ;
+---------+---------+----+------+--------+---------------------+----------------------------------+
; 0.000   ; 0.000   ;    ;      ;        ;                     ; launch edge time                 ;
; 3.337   ; 3.337   ;    ;      ;        ;                     ; clock path                       ;
;   0.000 ;   0.000 ;    ;      ;        ;                     ; source latency                   ;
;   0.000 ;   0.000 ;    ;      ; 1      ; LABCELL_X1_Y36_N9   ; gpu_clk                          ;
;   0.576 ;   0.576 ; RR ; IC   ; 1      ; CLKCTRL_G2          ; gpu_clk~CLKENA0|inclk            ;
;   0.871 ;   0.295 ; RR ; CELL ; 9078   ; CLKCTRL_G2          ; gpu_clk~CLKENA0|outclk           ;
;   2.834 ;   1.963 ; RR ; IC   ; 1      ; FF_X27_Y58_N55      ; pack_lo[5]|clk                   ;
;   3.337 ;   0.503 ; RR ; CELL ; 1      ; FF_X27_Y58_N55      ; pack_lo[5]                       ;
; 4.226   ; 0.889   ;    ;      ;        ;                     ; data path                        ;
;   3.337 ;   0.000 ;    ; uTco ; 1      ; FF_X27_Y58_N55      ; pack_lo[5]                       ;
;   3.337 ;   0.000 ; RR ; CELL ; 1      ; FF_X27_Y58_N55      ; pack_lo[5]|q                     ;
;   4.105 ;   0.768 ; RR ; IC   ; 1      ; LABCELL_X23_Y59_N36 ; scan_beat_data[5]~feeder|dataf   ;
;   4.159 ;   0.054 ; RR ; CELL ; 1      ; LABCELL_X23_Y59_N36 ; scan_beat_data[5]~feeder|combout ;
;   4.159 ;   0.000 ; RR ; IC   ; 1      ; FF_X23_Y59_N37      ; scan_beat_data[5]|d              ;
;   4.226 ;   0.067 ; RR ; CELL ; 1      ; FF_X23_Y59_N37      ; scan_beat_data[5]                ;
+---------+---------+----+------+--------+---------------------+----------------------------------+

+---------------------------------------------------------------------------------------+
; Data Required Path                                                                    ;
+---------+----------+----+------+--------+-------------------+-------------------------+
; Total   ; Incr     ; RF ; Type ; Fanout ; Location          ; Element                 ;
+---------+----------+----+------+--------+-------------------+-------------------------+
; 0.000   ; 0.000    ;    ;      ;        ;                   ; latch edge time         ;
; 3.854   ; 3.854    ;    ;      ;        ;                   ; clock path              ;
;   0.000 ;   0.000  ;    ;      ;        ;                   ; source latency          ;
;   0.000 ;   0.000  ;    ;      ; 1      ; LABCELL_X1_Y36_N9 ; gpu_clk                 ;
;   2.734 ;   2.734  ; RR ; IC   ; 1      ; CLKCTRL_G2        ; gpu_clk~CLKENA0|inclk   ;
;   3.055 ;   0.321  ; RR ; CELL ; 9078   ; CLKCTRL_G2        ; gpu_clk~CLKENA0|outclk  ;
;   5.443 ;   2.388  ; RR ; IC   ; 1      ; FF_X23_Y59_N37    ; scan_beat_data[5]|clk   ;
;   6.038 ;   0.595  ; RR ; CELL ; 1      ; FF_X23_Y59_N37    ; scan_beat_data[5]       ;
;   3.854 ;   -2.184 ;    ;      ;        ;                   ; clock pessimism removed ;
; 3.854   ; 0.000    ;    ;      ;        ;                   ; clock uncertainty       ;
; 3.854   ; 0.000    ;    ; uTh  ; 1      ; FF_X23_Y59_N37    ; scan_beat_data[5]       ;
+---------+----------+----+------+--------+-------------------+-------------------------+

----------------------------
; Extra Fitter Information ;
----------------------------
HTML report is unavailable in plain text report export.


Path #13: Hold slack is 0.376 
===============================================================================
+--------------------------------------------------------------------+
; Path Summary                                                       ;
+--------------------+-----------------------------------------------+
; Property           ; Value                                         ;
+--------------------+-----------------------------------------------+
; From Node          ; zhao_input_rumble:u_rumble|dropped_live[16]   ;
; To Node            ; zhao_input_rumble:u_rumble|dropped_shadow[16] ;
; Launch Clock       ; gpu_clk                                       ;
; Latch Clock        ; gpu_clk                                       ;
; Data Arrival Time  ; 3.765                                         ;
; Data Required Time ; 3.389                                         ;
; Slack              ; 0.376                                         ;
+--------------------+-----------------------------------------------+

+-----------------------------------------------------------------------------------+
; Statistics                                                                        ;
+------------------------+-------+-------+-------------+------------+-------+-------+
; Property               ; Value ; Count ; Total Delay ; % of Total ; Min   ; Max   ;
+------------------------+-------+-------+-------------+------------+-------+-------+
; Hold Relationship      ; 0.000 ;       ;             ;            ;       ;       ;
; Clock Skew             ; 0.109 ;       ;             ;            ;       ;       ;
; Data Delay             ; 0.485 ;       ;             ;            ;       ;       ;
; Number of Logic Levels ;       ; 1     ;             ;            ;       ;       ;
; Physical Delays        ;       ;       ;             ;            ;       ;       ;
;  Arrival Path          ;       ;       ;             ;            ;       ;       ;
;   Clock                ;       ;       ;             ;            ;       ;       ;
;    IC                  ;       ; 2     ; 2.503       ; 76         ; 0.576 ; 1.927 ;
;    Cell                ;       ; 2     ; 0.777       ; 24         ; 0.295 ; 0.482 ;
;   Data                 ;       ;       ;             ;            ;       ;       ;
;    IC                  ;       ; 2     ; 0.370       ; 76         ; 0.000 ; 0.370 ;
;    Cell                ;       ; 3     ; 0.115       ; 24         ; 0.000 ; 0.067 ;
;    uTco                ;       ; 1     ; 0.000       ; 0          ; 0.000 ; 0.000 ;
;  Required Path         ;       ;       ;             ;            ;       ;       ;
;   Clock                ;       ;       ;             ;            ;       ;       ;
;    IC                  ;       ; 2     ; 5.109       ; 85         ; 2.375 ; 2.734 ;
;    Cell                ;       ; 2     ; 0.883       ; 15         ; 0.321 ; 0.562 ;
+------------------------+-------+-------+-------------+------------+-------+-------+
Note: Negative delays are omitted from totals when calculating percentages

+--------------------------------------------------------------------------------------------------------------+
; Data Arrival Path                                                                                            ;
+---------+---------+----+------+--------+---------------------+-----------------------------------------------+
; Total   ; Incr    ; RF ; Type ; Fanout ; Location            ; Element                                       ;
+---------+---------+----+------+--------+---------------------+-----------------------------------------------+
; 0.000   ; 0.000   ;    ;      ;        ;                     ; launch edge time                              ;
; 3.280   ; 3.280   ;    ;      ;        ;                     ; clock path                                    ;
;   0.000 ;   0.000 ;    ;      ;        ;                     ; source latency                                ;
;   0.000 ;   0.000 ;    ;      ; 1      ; LABCELL_X1_Y36_N9   ; gpu_clk                                       ;
;   0.576 ;   0.576 ; RR ; IC   ; 1      ; CLKCTRL_G2          ; gpu_clk~CLKENA0|inclk                         ;
;   0.871 ;   0.295 ; RR ; CELL ; 9078   ; CLKCTRL_G2          ; gpu_clk~CLKENA0|outclk                        ;
;   2.798 ;   1.927 ; RR ; IC   ; 1      ; FF_X47_Y25_N20      ; u_rumble|dropped_live[16]|clk                 ;
;   3.280 ;   0.482 ; RR ; CELL ; 1      ; FF_X47_Y25_N20      ; zhao_input_rumble:u_rumble|dropped_live[16]   ;
; 3.765   ; 0.485   ;    ;      ;        ;                     ; data path                                     ;
;   3.280 ;   0.000 ;    ; uTco ; 1      ; FF_X47_Y25_N20      ; zhao_input_rumble:u_rumble|dropped_live[16]   ;
;   3.280 ;   0.000 ; FF ; CELL ; 3      ; FF_X47_Y25_N20      ; u_rumble|dropped_live[16]|q                   ;
;   3.650 ;   0.370 ; FF ; IC   ; 1      ; LABCELL_X46_Y25_N51 ; u_rumble|dropped_shadow[16]~feeder|dataf      ;
;   3.698 ;   0.048 ; FF ; CELL ; 1      ; LABCELL_X46_Y25_N51 ; u_rumble|dropped_shadow[16]~feeder|combout    ;
;   3.698 ;   0.000 ; FF ; IC   ; 1      ; FF_X46_Y25_N52      ; u_rumble|dropped_shadow[16]|d                 ;
;   3.765 ;   0.067 ; FF ; CELL ; 1      ; FF_X46_Y25_N52      ; zhao_input_rumble:u_rumble|dropped_shadow[16] ;
+---------+---------+----+------+--------+---------------------+-----------------------------------------------+

+-------------------------------------------------------------------------------------------------------------+
; Data Required Path                                                                                          ;
+---------+----------+----+------+--------+-------------------+-----------------------------------------------+
; Total   ; Incr     ; RF ; Type ; Fanout ; Location          ; Element                                       ;
+---------+----------+----+------+--------+-------------------+-----------------------------------------------+
; 0.000   ; 0.000    ;    ;      ;        ;                   ; latch edge time                               ;
; 3.389   ; 3.389    ;    ;      ;        ;                   ; clock path                                    ;
;   0.000 ;   0.000  ;    ;      ;        ;                   ; source latency                                ;
;   0.000 ;   0.000  ;    ;      ; 1      ; LABCELL_X1_Y36_N9 ; gpu_clk                                       ;
;   2.734 ;   2.734  ; RR ; IC   ; 1      ; CLKCTRL_G2        ; gpu_clk~CLKENA0|inclk                         ;
;   3.055 ;   0.321  ; RR ; CELL ; 9078   ; CLKCTRL_G2        ; gpu_clk~CLKENA0|outclk                        ;
;   5.430 ;   2.375  ; RR ; IC   ; 1      ; FF_X46_Y25_N52    ; u_rumble|dropped_shadow[16]|clk               ;
;   5.992 ;   0.562  ; RR ; CELL ; 1      ; FF_X46_Y25_N52    ; zhao_input_rumble:u_rumble|dropped_shadow[16] ;
;   3.389 ;   -2.603 ;    ;      ;        ;                   ; clock pessimism removed                       ;
; 3.389   ; 0.000    ;    ;      ;        ;                   ; clock uncertainty                             ;
; 3.389   ; 0.000    ;    ; uTh  ; 1      ; FF_X46_Y25_N52    ; zhao_input_rumble:u_rumble|dropped_shadow[16] ;
+---------+----------+----+------+--------+-------------------+-----------------------------------------------+

----------------------------
; Extra Fitter Information ;
----------------------------
HTML report is unavailable in plain text report export.


Path #14: Hold slack is 0.377 
===============================================================================
+---------------------------------------------------------------+
; Path Summary                                                  ;
+--------------------+------------------------------------------+
; Property           ; Value                                    ;
+--------------------+------------------------------------------+
; From Node          ; zhao_cmd_scheduler:u_sched|fetch_len[23] ;
; To Node            ; zhao_cmd_dma:u_dma|f_len[23]             ;
; Launch Clock       ; gpu_clk                                  ;
; Latch Clock        ; gpu_clk                                  ;
; Data Arrival Time  ; 4.178                                    ;
; Data Required Time ; 3.801                                    ;
; Slack              ; 0.377                                    ;
+--------------------+------------------------------------------+

+-----------------------------------------------------------------------------------+
; Statistics                                                                        ;
+------------------------+-------+-------+-------------+------------+-------+-------+
; Property               ; Value ; Count ; Total Delay ; % of Total ; Min   ; Max   ;
+------------------------+-------+-------+-------------+------------+-------+-------+
; Hold Relationship      ; 0.000 ;       ;             ;            ;       ;       ;
; Clock Skew             ; 0.524 ;       ;             ;            ;       ;       ;
; Data Delay             ; 0.901 ;       ;             ;            ;       ;       ;
; Number of Logic Levels ;       ; 1     ;             ;            ;       ;       ;
; Physical Delays        ;       ;       ;             ;            ;       ;       ;
;  Arrival Path          ;       ;       ;             ;            ;       ;       ;
;   Clock                ;       ;       ;             ;            ;       ;       ;
;    IC                  ;       ; 2     ; 2.492       ; 76         ; 0.576 ; 1.916 ;
;    Cell                ;       ; 2     ; 0.785       ; 24         ; 0.295 ; 0.490 ;
;   Data                 ;       ;       ;             ;            ;       ;       ;
;    IC                  ;       ; 2     ; 0.784       ; 87         ; 0.000 ; 0.784 ;
;    Cell                ;       ; 3     ; 0.117       ; 13         ; 0.000 ; 0.068 ;
;    uTco                ;       ; 1     ; 0.000       ; 0          ; 0.000 ; 0.000 ;
;  Required Path         ;       ;       ;             ;            ;       ;       ;
;   Clock                ;       ;       ;             ;            ;       ;       ;
;    IC                  ;       ; 2     ; 5.095       ; 85         ; 2.361 ; 2.734 ;
;    Cell                ;       ; 2     ; 0.890       ; 15         ; 0.321 ; 0.569 ;
+------------------------+-------+-------+-------------+------------+-------+-------+
Note: Negative delays are omitted from totals when calculating percentages

+---------------------------------------------------------------------------------------------------------+
; Data Arrival Path                                                                                       ;
+---------+---------+----+------+--------+---------------------+------------------------------------------+
; Total   ; Incr    ; RF ; Type ; Fanout ; Location            ; Element                                  ;
+---------+---------+----+------+--------+---------------------+------------------------------------------+
; 0.000   ; 0.000   ;    ;      ;        ;                     ; launch edge time                         ;
; 3.277   ; 3.277   ;    ;      ;        ;                     ; clock path                               ;
;   0.000 ;   0.000 ;    ;      ;        ;                     ; source latency                           ;
;   0.000 ;   0.000 ;    ;      ; 1      ; LABCELL_X1_Y36_N9   ; gpu_clk                                  ;
;   0.576 ;   0.576 ; RR ; IC   ; 1      ; CLKCTRL_G2          ; gpu_clk~CLKENA0|inclk                    ;
;   0.871 ;   0.295 ; RR ; CELL ; 9078   ; CLKCTRL_G2          ; gpu_clk~CLKENA0|outclk                   ;
;   2.787 ;   1.916 ; RR ; IC   ; 1      ; FF_X46_Y36_N41      ; u_sched|fetch_len[23]|clk                ;
;   3.277 ;   0.490 ; RR ; CELL ; 1      ; FF_X46_Y36_N41      ; zhao_cmd_scheduler:u_sched|fetch_len[23] ;
; 4.178   ; 0.901   ;    ;      ;        ;                     ; data path                                ;
;   3.277 ;   0.000 ;    ; uTco ; 1      ; FF_X46_Y36_N41      ; zhao_cmd_scheduler:u_sched|fetch_len[23] ;
;   3.277 ;   0.000 ; FF ; CELL ; 2      ; FF_X46_Y36_N41      ; u_sched|fetch_len[23]|q                  ;
;   4.061 ;   0.784 ; FF ; IC   ; 1      ; LABCELL_X40_Y36_N30 ; u_dma|f_len[23]~feeder|dataf             ;
;   4.110 ;   0.049 ; FF ; CELL ; 1      ; LABCELL_X40_Y36_N30 ; u_dma|f_len[23]~feeder|combout           ;
;   4.110 ;   0.000 ; FF ; IC   ; 1      ; FF_X40_Y36_N31      ; u_dma|f_len[23]|d                        ;
;   4.178 ;   0.068 ; FF ; CELL ; 1      ; FF_X40_Y36_N31      ; zhao_cmd_dma:u_dma|f_len[23]             ;
+---------+---------+----+------+--------+---------------------+------------------------------------------+

+--------------------------------------------------------------------------------------------+
; Data Required Path                                                                         ;
+---------+----------+----+------+--------+-------------------+------------------------------+
; Total   ; Incr     ; RF ; Type ; Fanout ; Location          ; Element                      ;
+---------+----------+----+------+--------+-------------------+------------------------------+
; 0.000   ; 0.000    ;    ;      ;        ;                   ; latch edge time              ;
; 3.801   ; 3.801    ;    ;      ;        ;                   ; clock path                   ;
;   0.000 ;   0.000  ;    ;      ;        ;                   ; source latency               ;
;   0.000 ;   0.000  ;    ;      ; 1      ; LABCELL_X1_Y36_N9 ; gpu_clk                      ;
;   2.734 ;   2.734  ; RR ; IC   ; 1      ; CLKCTRL_G2        ; gpu_clk~CLKENA0|inclk        ;
;   3.055 ;   0.321  ; RR ; CELL ; 9078   ; CLKCTRL_G2        ; gpu_clk~CLKENA0|outclk       ;
;   5.416 ;   2.361  ; RR ; IC   ; 1      ; FF_X40_Y36_N31    ; u_dma|f_len[23]|clk          ;
;   5.985 ;   0.569  ; RR ; CELL ; 1      ; FF_X40_Y36_N31    ; zhao_cmd_dma:u_dma|f_len[23] ;
;   3.801 ;   -2.184 ;    ;      ;        ;                   ; clock pessimism removed      ;
; 3.801   ; 0.000    ;    ;      ;        ;                   ; clock uncertainty            ;
; 3.801   ; 0.000    ;    ; uTh  ; 1      ; FF_X40_Y36_N31    ; zhao_cmd_dma:u_dma|f_len[23] ;
+---------+----------+----+------+--------+-------------------+------------------------------+

----------------------------
; Extra Fitter Information ;
----------------------------
HTML report is unavailable in plain text report export.


Path #15: Hold slack is 0.378 
===============================================================================
+--------------------------------------------------------------------+
; Path Summary                                                       ;
+--------------------+-----------------------------------------------+
; Property           ; Value                                         ;
+--------------------+-----------------------------------------------+
; From Node          ; zhao_input_rumble:u_rumble|dropped_live[14]   ;
; To Node            ; zhao_input_rumble:u_rumble|dropped_shadow[14] ;
; Launch Clock       ; gpu_clk                                       ;
; Latch Clock        ; gpu_clk                                       ;
; Data Arrival Time  ; 3.767                                         ;
; Data Required Time ; 3.389                                         ;
; Slack              ; 0.378                                         ;
+--------------------+-----------------------------------------------+

+-----------------------------------------------------------------------------------+
; Statistics                                                                        ;
+------------------------+-------+-------+-------------+------------+-------+-------+
; Property               ; Value ; Count ; Total Delay ; % of Total ; Min   ; Max   ;
+------------------------+-------+-------+-------------+------------+-------+-------+
; Hold Relationship      ; 0.000 ;       ;             ;            ;       ;       ;
; Clock Skew             ; 0.109 ;       ;             ;            ;       ;       ;
; Data Delay             ; 0.487 ;       ;             ;            ;       ;       ;
; Number of Logic Levels ;       ; 1     ;             ;            ;       ;       ;
; Physical Delays        ;       ;       ;             ;            ;       ;       ;
;  Arrival Path          ;       ;       ;             ;            ;       ;       ;
;   Clock                ;       ;       ;             ;            ;       ;       ;
;    IC                  ;       ; 2     ; 2.503       ; 76         ; 0.576 ; 1.927 ;
;    Cell                ;       ; 2     ; 0.777       ; 24         ; 0.295 ; 0.482 ;
;   Data                 ;       ;       ;             ;            ;       ;       ;
;    IC                  ;       ; 2     ; 0.372       ; 76         ; 0.000 ; 0.372 ;
;    Cell                ;       ; 3     ; 0.115       ; 24         ; 0.000 ; 0.067 ;
;    uTco                ;       ; 1     ; 0.000       ; 0          ; 0.000 ; 0.000 ;
;  Required Path         ;       ;       ;             ;            ;       ;       ;
;   Clock                ;       ;       ;             ;            ;       ;       ;
;    IC                  ;       ; 2     ; 5.109       ; 85         ; 2.375 ; 2.734 ;
;    Cell                ;       ; 2     ; 0.883       ; 15         ; 0.321 ; 0.562 ;
+------------------------+-------+-------+-------------+------------+-------+-------+
Note: Negative delays are omitted from totals when calculating percentages

+--------------------------------------------------------------------------------------------------------------+
; Data Arrival Path                                                                                            ;
+---------+---------+----+------+--------+---------------------+-----------------------------------------------+
; Total   ; Incr    ; RF ; Type ; Fanout ; Location            ; Element                                       ;
+---------+---------+----+------+--------+---------------------+-----------------------------------------------+
; 0.000   ; 0.000   ;    ;      ;        ;                     ; launch edge time                              ;
; 3.280   ; 3.280   ;    ;      ;        ;                     ; clock path                                    ;
;   0.000 ;   0.000 ;    ;      ;        ;                     ; source latency                                ;
;   0.000 ;   0.000 ;    ;      ; 1      ; LABCELL_X1_Y36_N9   ; gpu_clk                                       ;
;   0.576 ;   0.576 ; RR ; IC   ; 1      ; CLKCTRL_G2          ; gpu_clk~CLKENA0|inclk                         ;
;   0.871 ;   0.295 ; RR ; CELL ; 9078   ; CLKCTRL_G2          ; gpu_clk~CLKENA0|outclk                        ;
;   2.798 ;   1.927 ; RR ; IC   ; 1      ; FF_X47_Y25_N14      ; u_rumble|dropped_live[14]|clk                 ;
;   3.280 ;   0.482 ; RR ; CELL ; 1      ; FF_X47_Y25_N14      ; zhao_input_rumble:u_rumble|dropped_live[14]   ;
; 3.767   ; 0.487   ;    ;      ;        ;                     ; data path                                     ;
;   3.280 ;   0.000 ;    ; uTco ; 1      ; FF_X47_Y25_N14      ; zhao_input_rumble:u_rumble|dropped_live[14]   ;
;   3.280 ;   0.000 ; FF ; CELL ; 3      ; FF_X47_Y25_N14      ; u_rumble|dropped_live[14]|q                   ;
;   3.652 ;   0.372 ; FF ; IC   ; 1      ; LABCELL_X46_Y25_N21 ; u_rumble|dropped_shadow[14]~feeder|dataf      ;
;   3.700 ;   0.048 ; FF ; CELL ; 1      ; LABCELL_X46_Y25_N21 ; u_rumble|dropped_shadow[14]~feeder|combout    ;
;   3.700 ;   0.000 ; FF ; IC   ; 1      ; FF_X46_Y25_N22      ; u_rumble|dropped_shadow[14]|d                 ;
;   3.767 ;   0.067 ; FF ; CELL ; 1      ; FF_X46_Y25_N22      ; zhao_input_rumble:u_rumble|dropped_shadow[14] ;
+---------+---------+----+------+--------+---------------------+-----------------------------------------------+

+-------------------------------------------------------------------------------------------------------------+
; Data Required Path                                                                                          ;
+---------+----------+----+------+--------+-------------------+-----------------------------------------------+
; Total   ; Incr     ; RF ; Type ; Fanout ; Location          ; Element                                       ;
+---------+----------+----+------+--------+-------------------+-----------------------------------------------+
; 0.000   ; 0.000    ;    ;      ;        ;                   ; latch edge time                               ;
; 3.389   ; 3.389    ;    ;      ;        ;                   ; clock path                                    ;
;   0.000 ;   0.000  ;    ;      ;        ;                   ; source latency                                ;
;   0.000 ;   0.000  ;    ;      ; 1      ; LABCELL_X1_Y36_N9 ; gpu_clk                                       ;
;   2.734 ;   2.734  ; RR ; IC   ; 1      ; CLKCTRL_G2        ; gpu_clk~CLKENA0|inclk                         ;
;   3.055 ;   0.321  ; RR ; CELL ; 9078   ; CLKCTRL_G2        ; gpu_clk~CLKENA0|outclk                        ;
;   5.430 ;   2.375  ; RR ; IC   ; 1      ; FF_X46_Y25_N22    ; u_rumble|dropped_shadow[14]|clk               ;
;   5.992 ;   0.562  ; RR ; CELL ; 1      ; FF_X46_Y25_N22    ; zhao_input_rumble:u_rumble|dropped_shadow[14] ;
;   3.389 ;   -2.603 ;    ;      ;        ;                   ; clock pessimism removed                       ;
; 3.389   ; 0.000    ;    ;      ;        ;                   ; clock uncertainty                             ;
; 3.389   ; 0.000    ;    ; uTh  ; 1      ; FF_X46_Y25_N22    ; zhao_input_rumble:u_rumble|dropped_shadow[14] ;
+---------+----------+----+------+--------+-------------------+-----------------------------------------------+

----------------------------
; Extra Fitter Information ;
----------------------------
HTML report is unavailable in plain text report export.


Path #16: Hold slack is 0.381 
===============================================================================
+-------------------------------------------------------------------------------------------------------+
; Path Summary                                                                                          ;
+--------------------+----------------------------------------------------------------------------------+
; Property           ; Value                                                                            ;
+--------------------+----------------------------------------------------------------------------------+
; From Node          ; zhao_video_scanout:u_scanout|zhao_scanout_serializer:u_ser|starve_q[1]~DUPLICATE ;
; To Node            ; zhao_video_scanout:u_scanout|zhao_scanout_serializer:u_ser|starve_q[1]           ;
; Launch Clock       ; vid_clk                                                                          ;
; Latch Clock        ; vid_clk                                                                          ;
; Data Arrival Time  ; 3.746                                                                            ;
; Data Required Time ; 3.365                                                                            ;
; Slack              ; 0.381                                                                            ;
+--------------------+----------------------------------------------------------------------------------+

+-----------------------------------------------------------------------------------+
; Statistics                                                                        ;
+------------------------+-------+-------+-------------+------------+-------+-------+
; Property               ; Value ; Count ; Total Delay ; % of Total ; Min   ; Max   ;
+------------------------+-------+-------+-------------+------------+-------+-------+
; Hold Relationship      ; 0.000 ;       ;             ;            ;       ;       ;
; Clock Skew             ; 0.096 ;       ;             ;            ;       ;       ;
; Data Delay             ; 0.477 ;       ;             ;            ;       ;       ;
; Number of Logic Levels ;       ; 1     ;             ;            ;       ;       ;
; Physical Delays        ;       ;       ;             ;            ;       ;       ;
;  Arrival Path          ;       ;       ;             ;            ;       ;       ;
;   Clock                ;       ;       ;             ;            ;       ;       ;
;    IC                  ;       ; 2     ; 2.467       ; 75         ; 0.581 ; 1.886 ;
;    Cell                ;       ; 2     ; 0.802       ; 25         ; 0.295 ; 0.507 ;
;   Data                 ;       ;       ;             ;            ;       ;       ;
;    IC                  ;       ; 2     ; 0.343       ; 72         ; 0.000 ; 0.343 ;
;    Cell                ;       ; 3     ; 0.134       ; 28         ; 0.000 ; 0.069 ;
;    uTco                ;       ; 1     ; 0.000       ; 0          ; 0.000 ; 0.000 ;
;  Required Path         ;       ;       ;             ;            ;       ;       ;
;   Clock                ;       ;       ;             ;            ;       ;       ;
;    IC                  ;       ; 2     ; 5.069       ; 85         ; 2.329 ; 2.740 ;
;    Cell                ;       ; 2     ; 0.895       ; 15         ; 0.321 ; 0.574 ;
+------------------------+-------+-------+-------------+------------+-------+-------+
Note: Negative delays are omitted from totals when calculating percentages

+--------------------------------------------------------------------------------------------------------------------------------------------------+
; Data Arrival Path                                                                                                                                ;
+---------+---------+----+------+--------+----------------------+----------------------------------------------------------------------------------+
; Total   ; Incr    ; RF ; Type ; Fanout ; Location             ; Element                                                                          ;
+---------+---------+----+------+--------+----------------------+----------------------------------------------------------------------------------+
; 0.000   ; 0.000   ;    ;      ;        ;                      ; launch edge time                                                                 ;
; 3.269   ; 3.269   ;    ;      ;        ;                      ; clock path                                                                       ;
;   0.000 ;   0.000 ;    ;      ;        ;                      ; source latency                                                                   ;
;   0.000 ;   0.000 ;    ;      ; 1      ; LABCELL_X1_Y36_N3    ; vid_clk                                                                          ;
;   0.581 ;   0.581 ; RR ; IC   ; 1      ; CLKCTRL_G3           ; vid_clk~CLKENA0|inclk                                                            ;
;   0.876 ;   0.295 ; RR ; CELL ; 746    ; CLKCTRL_G3           ; vid_clk~CLKENA0|outclk                                                           ;
;   2.762 ;   1.886 ; RR ; IC   ; 1      ; FF_X39_Y28_N31       ; u_scanout|u_ser|starve_q[1]~DUPLICATE|clk                                        ;
;   3.269 ;   0.507 ; RR ; CELL ; 1      ; FF_X39_Y28_N31       ; zhao_video_scanout:u_scanout|zhao_scanout_serializer:u_ser|starve_q[1]~DUPLICATE ;
; 3.746   ; 0.477   ;    ;      ;        ;                      ; data path                                                                        ;
;   3.269 ;   0.000 ;    ; uTco ; 1      ; FF_X39_Y28_N31       ; zhao_video_scanout:u_scanout|zhao_scanout_serializer:u_ser|starve_q[1]~DUPLICATE ;
;   3.269 ;   0.000 ; FF ; CELL ; 5      ; FF_X39_Y28_N31       ; u_scanout|u_ser|starve_q[1]~DUPLICATE|q                                          ;
;   3.612 ;   0.343 ; FF ; IC   ; 2      ; MLABCELL_X39_Y28_N30 ; u_scanout|u_ser|Add5~1|dataf                                                     ;
;   3.681 ;   0.069 ; FF ; CELL ; 2      ; MLABCELL_X39_Y28_N30 ; u_scanout|u_ser|Add5~1|sumout                                                    ;
;   3.681 ;   0.000 ; FF ; IC   ; 1      ; FF_X39_Y28_N32       ; u_scanout|u_ser|starve_q[1]|d                                                    ;
;   3.746 ;   0.065 ; FF ; CELL ; 1      ; FF_X39_Y28_N32       ; zhao_video_scanout:u_scanout|zhao_scanout_serializer:u_ser|starve_q[1]           ;
+---------+---------+----+------+--------+----------------------+----------------------------------------------------------------------------------+

+--------------------------------------------------------------------------------------------------------------------------------------+
; Data Required Path                                                                                                                   ;
+---------+----------+----+------+--------+-------------------+------------------------------------------------------------------------+
; Total   ; Incr     ; RF ; Type ; Fanout ; Location          ; Element                                                                ;
+---------+----------+----+------+--------+-------------------+------------------------------------------------------------------------+
; 0.000   ; 0.000    ;    ;      ;        ;                   ; latch edge time                                                        ;
; 3.365   ; 3.365    ;    ;      ;        ;                   ; clock path                                                             ;
;   0.000 ;   0.000  ;    ;      ;        ;                   ; source latency                                                         ;
;   0.000 ;   0.000  ;    ;      ; 1      ; LABCELL_X1_Y36_N3 ; vid_clk                                                                ;
;   2.740 ;   2.740  ; RR ; IC   ; 1      ; CLKCTRL_G3        ; vid_clk~CLKENA0|inclk                                                  ;
;   3.061 ;   0.321  ; RR ; CELL ; 746    ; CLKCTRL_G3        ; vid_clk~CLKENA0|outclk                                                 ;
;   5.390 ;   2.329  ; RR ; IC   ; 1      ; FF_X39_Y28_N32    ; u_scanout|u_ser|starve_q[1]|clk                                        ;
;   5.964 ;   0.574  ; RR ; CELL ; 1      ; FF_X39_Y28_N32    ; zhao_video_scanout:u_scanout|zhao_scanout_serializer:u_ser|starve_q[1] ;
;   3.365 ;   -2.599 ;    ;      ;        ;                   ; clock pessimism removed                                                ;
; 3.365   ; 0.000    ;    ;      ;        ;                   ; clock uncertainty                                                      ;
; 3.365   ; 0.000    ;    ; uTh  ; 1      ; FF_X39_Y28_N32    ; zhao_video_scanout:u_scanout|zhao_scanout_serializer:u_ser|starve_q[1] ;
+---------+----------+----+------+--------+-------------------+------------------------------------------------------------------------+

----------------------------
; Extra Fitter Information ;
----------------------------
HTML report is unavailable in plain text report export.


Path #17: Hold slack is 0.382 
===============================================================================
+--------------------------------------------------------------+
; Path Summary                                                 ;
+--------------------+-----------------------------------------+
; Property           ; Value                                   ;
+--------------------+-----------------------------------------+
; From Node          ; zhao_debug_frameblit:u_frameblit|off[4] ;
; To Node            ; zhao_debug_frameblit:u_frameblit|off[4] ;
; Launch Clock       ; gpu_clk                                 ;
; Latch Clock        ; gpu_clk                                 ;
; Data Arrival Time  ; 3.785                                   ;
; Data Required Time ; 3.403                                   ;
; Slack              ; 0.382                                   ;
+--------------------+-----------------------------------------+

+-----------------------------------------------------------------------------------+
; Statistics                                                                        ;
+------------------------+-------+-------+-------------+------------+-------+-------+
; Property               ; Value ; Count ; Total Delay ; % of Total ; Min   ; Max   ;
+------------------------+-------+-------+-------------+------------+-------+-------+
; Hold Relationship      ; 0.000 ;       ;             ;            ;       ;       ;
; Clock Skew             ; 0.108 ;       ;             ;            ;       ;       ;
; Data Delay             ; 0.490 ;       ;             ;            ;       ;       ;
; Number of Logic Levels ;       ; 1     ;             ;            ;       ;       ;
; Physical Delays        ;       ;       ;             ;            ;       ;       ;
;  Arrival Path          ;       ;       ;             ;            ;       ;       ;
;   Clock                ;       ;       ;             ;            ;       ;       ;
;    IC                  ;       ; 2     ; 2.525       ; 77         ; 0.576 ; 1.949 ;
;    Cell                ;       ; 2     ; 0.770       ; 23         ; 0.295 ; 0.475 ;
;   Data                 ;       ;       ;             ;            ;       ;       ;
;    IC                  ;       ; 2     ; 0.354       ; 72         ; 0.000 ; 0.354 ;
;    Cell                ;       ; 3     ; 0.136       ; 28         ; 0.000 ; 0.069 ;
;    uTco                ;       ; 1     ; 0.000       ; 0          ; 0.000 ; 0.000 ;
;  Required Path         ;       ;       ;             ;            ;       ;       ;
;   Clock                ;       ;       ;             ;            ;       ;       ;
;    IC                  ;       ; 2     ; 5.130       ; 85         ; 2.396 ; 2.734 ;
;    Cell                ;       ; 2     ; 0.875       ; 15         ; 0.321 ; 0.554 ;
+------------------------+-------+-------+-------------+------------+-------+-------+
Note: Negative delays are omitted from totals when calculating percentages

+---------------------------------------------------------------------------------------------------------+
; Data Arrival Path                                                                                       ;
+---------+---------+----+------+--------+----------------------+-----------------------------------------+
; Total   ; Incr    ; RF ; Type ; Fanout ; Location             ; Element                                 ;
+---------+---------+----+------+--------+----------------------+-----------------------------------------+
; 0.000   ; 0.000   ;    ;      ;        ;                      ; launch edge time                        ;
; 3.295   ; 3.295   ;    ;      ;        ;                      ; clock path                              ;
;   0.000 ;   0.000 ;    ;      ;        ;                      ; source latency                          ;
;   0.000 ;   0.000 ;    ;      ; 1      ; LABCELL_X1_Y36_N9    ; gpu_clk                                 ;
;   0.576 ;   0.576 ; RR ; IC   ; 1      ; CLKCTRL_G2           ; gpu_clk~CLKENA0|inclk                   ;
;   0.871 ;   0.295 ; RR ; CELL ; 9078   ; CLKCTRL_G2           ; gpu_clk~CLKENA0|outclk                  ;
;   2.820 ;   1.949 ; RR ; IC   ; 1      ; FF_X21_Y50_N13       ; u_frameblit|off[4]|clk                  ;
;   3.295 ;   0.475 ; RR ; CELL ; 1      ; FF_X21_Y50_N13       ; zhao_debug_frameblit:u_frameblit|off[4] ;
; 3.785   ; 0.490   ;    ;      ;        ;                      ; data path                               ;
;   3.295 ;   0.000 ;    ; uTco ; 1      ; FF_X21_Y50_N13       ; zhao_debug_frameblit:u_frameblit|off[4] ;
;   3.295 ;   0.000 ; FF ; CELL ; 4      ; FF_X21_Y50_N13       ; u_frameblit|off[4]|q                    ;
;   3.649 ;   0.354 ; FF ; IC   ; 2      ; MLABCELL_X21_Y50_N12 ; u_frameblit|Add7~17|dataf               ;
;   3.718 ;   0.069 ; FR ; CELL ; 1      ; MLABCELL_X21_Y50_N12 ; u_frameblit|Add7~17|sumout              ;
;   3.718 ;   0.000 ; RR ; IC   ; 1      ; FF_X21_Y50_N13       ; u_frameblit|off[4]|d                    ;
;   3.785 ;   0.067 ; RR ; CELL ; 1      ; FF_X21_Y50_N13       ; zhao_debug_frameblit:u_frameblit|off[4] ;
+---------+---------+----+------+--------+----------------------+-----------------------------------------+

+-------------------------------------------------------------------------------------------------------+
; Data Required Path                                                                                    ;
+---------+----------+----+------+--------+-------------------+-----------------------------------------+
; Total   ; Incr     ; RF ; Type ; Fanout ; Location          ; Element                                 ;
+---------+----------+----+------+--------+-------------------+-----------------------------------------+
; 0.000   ; 0.000    ;    ;      ;        ;                   ; latch edge time                         ;
; 3.403   ; 3.403    ;    ;      ;        ;                   ; clock path                              ;
;   0.000 ;   0.000  ;    ;      ;        ;                   ; source latency                          ;
;   0.000 ;   0.000  ;    ;      ; 1      ; LABCELL_X1_Y36_N9 ; gpu_clk                                 ;
;   2.734 ;   2.734  ; RR ; IC   ; 1      ; CLKCTRL_G2        ; gpu_clk~CLKENA0|inclk                   ;
;   3.055 ;   0.321  ; RR ; CELL ; 9078   ; CLKCTRL_G2        ; gpu_clk~CLKENA0|outclk                  ;
;   5.451 ;   2.396  ; RR ; IC   ; 1      ; FF_X21_Y50_N13    ; u_frameblit|off[4]|clk                  ;
;   6.005 ;   0.554  ; RR ; CELL ; 1      ; FF_X21_Y50_N13    ; zhao_debug_frameblit:u_frameblit|off[4] ;
;   3.403 ;   -2.602 ;    ;      ;        ;                   ; clock pessimism removed                 ;
; 3.403   ; 0.000    ;    ;      ;        ;                   ; clock uncertainty                       ;
; 3.403   ; 0.000    ;    ; uTh  ; 1      ; FF_X21_Y50_N13    ; zhao_debug_frameblit:u_frameblit|off[4] ;
+---------+----------+----+------+--------+-------------------+-----------------------------------------+

----------------------------
; Extra Fitter Information ;
----------------------------
HTML report is unavailable in plain text report export.


Path #18: Hold slack is 0.384 
===============================================================================
+---------------------------------------------------------------+
; Path Summary                                                  ;
+--------------------+------------------------------------------+
; Property           ; Value                                    ;
+--------------------+------------------------------------------+
; From Node          ; zhao_vram_arbiter:u_arb|pend_addr[0][23] ;
; To Node            ; zhao_vram_arbiter:u_arb|offer_addr[23]   ;
; Launch Clock       ; gpu_clk                                  ;
; Latch Clock        ; gpu_clk                                  ;
; Data Arrival Time  ; 4.214                                    ;
; Data Required Time ; 3.830                                    ;
; Slack              ; 0.384                                    ;
+--------------------+------------------------------------------+

+-----------------------------------------------------------------------------------+
; Statistics                                                                        ;
+------------------------+-------+-------+-------------+------------+-------+-------+
; Property               ; Value ; Count ; Total Delay ; % of Total ; Min   ; Max   ;
+------------------------+-------+-------+-------------+------------+-------+-------+
; Hold Relationship      ; 0.000 ;       ;             ;            ;       ;       ;
; Clock Skew             ; 0.505 ;       ;             ;            ;       ;       ;
; Data Delay             ; 0.889 ;       ;             ;            ;       ;       ;
; Number of Logic Levels ;       ; 1     ;             ;            ;       ;       ;
; Physical Delays        ;       ;       ;             ;            ;       ;       ;
;  Arrival Path          ;       ;       ;             ;            ;       ;       ;
;   Clock                ;       ;       ;             ;            ;       ;       ;
;    IC                  ;       ; 2     ; 2.538       ; 76         ; 0.576 ; 1.962 ;
;    Cell                ;       ; 2     ; 0.787       ; 24         ; 0.295 ; 0.492 ;
;   Data                 ;       ;       ;             ;            ;       ;       ;
;    IC                  ;       ; 2     ; 0.768       ; 86         ; 0.000 ; 0.768 ;
;    Cell                ;       ; 3     ; 0.121       ; 14         ; 0.000 ; 0.067 ;
;    uTco                ;       ; 1     ; 0.000       ; 0          ; 0.000 ; 0.000 ;
;  Required Path         ;       ;       ;             ;            ;       ;       ;
;   Clock                ;       ;       ;             ;            ;       ;       ;
;    IC                  ;       ; 2     ; 5.117       ; 85         ; 2.383 ; 2.734 ;
;    Cell                ;       ; 2     ; 0.897       ; 15         ; 0.321 ; 0.576 ;
+------------------------+-------+-------+-------------+------------+-------+-------+
Note: Negative delays are omitted from totals when calculating percentages

+---------------------------------------------------------------------------------------------------------+
; Data Arrival Path                                                                                       ;
+---------+---------+----+------+--------+---------------------+------------------------------------------+
; Total   ; Incr    ; RF ; Type ; Fanout ; Location            ; Element                                  ;
+---------+---------+----+------+--------+---------------------+------------------------------------------+
; 0.000   ; 0.000   ;    ;      ;        ;                     ; launch edge time                         ;
; 3.325   ; 3.325   ;    ;      ;        ;                     ; clock path                               ;
;   0.000 ;   0.000 ;    ;      ;        ;                     ; source latency                           ;
;   0.000 ;   0.000 ;    ;      ; 1      ; LABCELL_X1_Y36_N9   ; gpu_clk                                  ;
;   0.576 ;   0.576 ; RR ; IC   ; 1      ; CLKCTRL_G2          ; gpu_clk~CLKENA0|inclk                    ;
;   0.871 ;   0.295 ; RR ; CELL ; 9078   ; CLKCTRL_G2          ; gpu_clk~CLKENA0|outclk                   ;
;   2.833 ;   1.962 ; RR ; IC   ; 1      ; FF_X27_Y54_N38      ; u_arb|pend_addr[0][23]|clk               ;
;   3.325 ;   0.492 ; RR ; CELL ; 1      ; FF_X27_Y54_N38      ; zhao_vram_arbiter:u_arb|pend_addr[0][23] ;
; 4.214   ; 0.889   ;    ;      ;        ;                     ; data path                                ;
;   3.325 ;   0.000 ;    ; uTco ; 1      ; FF_X27_Y54_N38      ; zhao_vram_arbiter:u_arb|pend_addr[0][23] ;
;   3.325 ;   0.000 ; RR ; CELL ; 2      ; FF_X27_Y54_N38      ; u_arb|pend_addr[0][23]|q                 ;
;   4.093 ;   0.768 ; RR ; IC   ; 1      ; LABCELL_X22_Y55_N15 ; u_arb|Mux13~0|dataf                      ;
;   4.147 ;   0.054 ; RR ; CELL ; 1      ; LABCELL_X22_Y55_N15 ; u_arb|Mux13~0|combout                    ;
;   4.147 ;   0.000 ; RR ; IC   ; 1      ; FF_X22_Y55_N16      ; u_arb|offer_addr[23]|d                   ;
;   4.214 ;   0.067 ; RR ; CELL ; 1      ; FF_X22_Y55_N16      ; zhao_vram_arbiter:u_arb|offer_addr[23]   ;
+---------+---------+----+------+--------+---------------------+------------------------------------------+

+------------------------------------------------------------------------------------------------------+
; Data Required Path                                                                                   ;
+---------+----------+----+------+--------+-------------------+----------------------------------------+
; Total   ; Incr     ; RF ; Type ; Fanout ; Location          ; Element                                ;
+---------+----------+----+------+--------+-------------------+----------------------------------------+
; 0.000   ; 0.000    ;    ;      ;        ;                   ; latch edge time                        ;
; 3.830   ; 3.830    ;    ;      ;        ;                   ; clock path                             ;
;   0.000 ;   0.000  ;    ;      ;        ;                   ; source latency                         ;
;   0.000 ;   0.000  ;    ;      ; 1      ; LABCELL_X1_Y36_N9 ; gpu_clk                                ;
;   2.734 ;   2.734  ; RR ; IC   ; 1      ; CLKCTRL_G2        ; gpu_clk~CLKENA0|inclk                  ;
;   3.055 ;   0.321  ; RR ; CELL ; 9078   ; CLKCTRL_G2        ; gpu_clk~CLKENA0|outclk                 ;
;   5.438 ;   2.383  ; RR ; IC   ; 1      ; FF_X22_Y55_N16    ; u_arb|offer_addr[23]|clk               ;
;   6.014 ;   0.576  ; RR ; CELL ; 1      ; FF_X22_Y55_N16    ; zhao_vram_arbiter:u_arb|offer_addr[23] ;
;   3.830 ;   -2.184 ;    ;      ;        ;                   ; clock pessimism removed                ;
; 3.830   ; 0.000    ;    ;      ;        ;                   ; clock uncertainty                      ;
; 3.830   ; 0.000    ;    ; uTh  ; 1      ; FF_X22_Y55_N16    ; zhao_vram_arbiter:u_arb|offer_addr[23] ;
+---------+----------+----+------+--------+-------------------+----------------------------------------+

----------------------------
; Extra Fitter Information ;
----------------------------
HTML report is unavailable in plain text report export.


Path #19: Hold slack is 0.396 
===============================================================================
+-----------------------------------------------------------------------+
; Path Summary                                                          ;
+--------------------+--------------------------------------------------+
; Property           ; Value                                            ;
+--------------------+--------------------------------------------------+
; From Node          ; zhao_hps_bridge:u_bridge|hps_bytes[2][17]        ;
; To Node            ; zhao_hps_bridge:u_bridge|hps_bytes_shadow[2][17] ;
; Launch Clock       ; gpu_clk                                          ;
; Latch Clock        ; gpu_clk                                          ;
; Data Arrival Time  ; 4.196                                            ;
; Data Required Time ; 3.800                                            ;
; Slack              ; 0.396                                            ;
+--------------------+--------------------------------------------------+

+-----------------------------------------------------------------------------------+
; Statistics                                                                        ;
+------------------------+-------+-------+-------------+------------+-------+-------+
; Property               ; Value ; Count ; Total Delay ; % of Total ; Min   ; Max   ;
+------------------------+-------+-------+-------------+------------+-------+-------+
; Hold Relationship      ; 0.000 ;       ;             ;            ;       ;       ;
; Clock Skew             ; 0.503 ;       ;             ;            ;       ;       ;
; Data Delay             ; 0.899 ;       ;             ;            ;       ;       ;
; Number of Logic Levels ;       ; 1     ;             ;            ;       ;       ;
; Physical Delays        ;       ;       ;             ;            ;       ;       ;
;  Arrival Path          ;       ;       ;             ;            ;       ;       ;
;   Clock                ;       ;       ;             ;            ;       ;       ;
;    IC                  ;       ; 2     ; 2.507       ; 76         ; 0.576 ; 1.931 ;
;    Cell                ;       ; 2     ; 0.790       ; 24         ; 0.295 ; 0.495 ;
;   Data                 ;       ;       ;             ;            ;       ;       ;
;    IC                  ;       ; 2     ; 0.782       ; 87         ; 0.000 ; 0.782 ;
;    Cell                ;       ; 3     ; 0.117       ; 13         ; 0.000 ; 0.069 ;
;    uTco                ;       ; 1     ; 0.000       ; 0          ; 0.000 ; 0.000 ;
;  Required Path         ;       ;       ;             ;            ;       ;       ;
;   Clock                ;       ;       ;             ;            ;       ;       ;
;    IC                  ;       ; 2     ; 5.093       ; 85         ; 2.359 ; 2.734 ;
;    Cell                ;       ; 2     ; 0.891       ; 15         ; 0.321 ; 0.570 ;
+------------------------+-------+-------+-------------+------------+-------+-------+
Note: Negative delays are omitted from totals when calculating percentages

+-----------------------------------------------------------------------------------------------------------------+
; Data Arrival Path                                                                                               ;
+---------+---------+----+------+--------+---------------------+--------------------------------------------------+
; Total   ; Incr    ; RF ; Type ; Fanout ; Location            ; Element                                          ;
+---------+---------+----+------+--------+---------------------+--------------------------------------------------+
; 0.000   ; 0.000   ;    ;      ;        ;                     ; launch edge time                                 ;
; 3.297   ; 3.297   ;    ;      ;        ;                     ; clock path                                       ;
;   0.000 ;   0.000 ;    ;      ;        ;                     ; source latency                                   ;
;   0.000 ;   0.000 ;    ;      ; 1      ; LABCELL_X1_Y36_N9   ; gpu_clk                                          ;
;   0.576 ;   0.576 ; RR ; IC   ; 1      ; CLKCTRL_G2          ; gpu_clk~CLKENA0|inclk                            ;
;   0.871 ;   0.295 ; RR ; CELL ; 9078   ; CLKCTRL_G2          ; gpu_clk~CLKENA0|outclk                           ;
;   2.802 ;   1.931 ; RR ; IC   ; 1      ; FF_X45_Y32_N26      ; u_bridge|hps_bytes[2][17]|clk                    ;
;   3.297 ;   0.495 ; RR ; CELL ; 1      ; FF_X45_Y32_N26      ; zhao_hps_bridge:u_bridge|hps_bytes[2][17]        ;
; 4.196   ; 0.899   ;    ;      ;        ;                     ; data path                                        ;
;   3.297 ;   0.000 ;    ; uTco ; 1      ; FF_X45_Y32_N26      ; zhao_hps_bridge:u_bridge|hps_bytes[2][17]        ;
;   3.297 ;   0.000 ; FF ; CELL ; 2      ; FF_X45_Y32_N26      ; u_bridge|hps_bytes[2][17]|q                      ;
;   4.079 ;   0.782 ; FF ; IC   ; 1      ; LABCELL_X40_Y32_N15 ; u_bridge|hps_bytes_shadow[2][17]~feeder|dataf    ;
;   4.127 ;   0.048 ; FF ; CELL ; 1      ; LABCELL_X40_Y32_N15 ; u_bridge|hps_bytes_shadow[2][17]~feeder|combout  ;
;   4.127 ;   0.000 ; FF ; IC   ; 1      ; FF_X40_Y32_N17      ; u_bridge|hps_bytes_shadow[2][17]|d               ;
;   4.196 ;   0.069 ; FF ; CELL ; 1      ; FF_X40_Y32_N17      ; zhao_hps_bridge:u_bridge|hps_bytes_shadow[2][17] ;
+---------+---------+----+------+--------+---------------------+--------------------------------------------------+

+----------------------------------------------------------------------------------------------------------------+
; Data Required Path                                                                                             ;
+---------+----------+----+------+--------+-------------------+--------------------------------------------------+
; Total   ; Incr     ; RF ; Type ; Fanout ; Location          ; Element                                          ;
+---------+----------+----+------+--------+-------------------+--------------------------------------------------+
; 0.000   ; 0.000    ;    ;      ;        ;                   ; latch edge time                                  ;
; 3.800   ; 3.800    ;    ;      ;        ;                   ; clock path                                       ;
;   0.000 ;   0.000  ;    ;      ;        ;                   ; source latency                                   ;
;   0.000 ;   0.000  ;    ;      ; 1      ; LABCELL_X1_Y36_N9 ; gpu_clk                                          ;
;   2.734 ;   2.734  ; RR ; IC   ; 1      ; CLKCTRL_G2        ; gpu_clk~CLKENA0|inclk                            ;
;   3.055 ;   0.321  ; RR ; CELL ; 9078   ; CLKCTRL_G2        ; gpu_clk~CLKENA0|outclk                           ;
;   5.414 ;   2.359  ; RR ; IC   ; 1      ; FF_X40_Y32_N17    ; u_bridge|hps_bytes_shadow[2][17]|clk             ;
;   5.984 ;   0.570  ; RR ; CELL ; 1      ; FF_X40_Y32_N17    ; zhao_hps_bridge:u_bridge|hps_bytes_shadow[2][17] ;
;   3.800 ;   -2.184 ;    ;      ;        ;                   ; clock pessimism removed                          ;
; 3.800   ; 0.000    ;    ;      ;        ;                   ; clock uncertainty                                ;
; 3.800   ; 0.000    ;    ; uTh  ; 1      ; FF_X40_Y32_N17    ; zhao_hps_bridge:u_bridge|hps_bytes_shadow[2][17] ;
+---------+----------+----+------+--------+-------------------+--------------------------------------------------+

----------------------------
; Extra Fitter Information ;
----------------------------
HTML report is unavailable in plain text report export.


Path #20: Hold slack is 0.397 
===============================================================================
+-----------------------------------------------------------------------+
; Path Summary                                                          ;
+--------------------+--------------------------------------------------+
; Property           ; Value                                            ;
+--------------------+--------------------------------------------------+
; From Node          ; zhao_hps_bridge:u_bridge|hps_bytes[3][12]        ;
; To Node            ; zhao_hps_bridge:u_bridge|hps_bytes_shadow[3][12] ;
; Launch Clock       ; gpu_clk                                          ;
; Latch Clock        ; gpu_clk                                          ;
; Data Arrival Time  ; 4.191                                            ;
; Data Required Time ; 3.794                                            ;
; Slack              ; 0.397                                            ;
+--------------------+--------------------------------------------------+

+-----------------------------------------------------------------------------------+
; Statistics                                                                        ;
+------------------------+-------+-------+-------------+------------+-------+-------+
; Property               ; Value ; Count ; Total Delay ; % of Total ; Min   ; Max   ;
+------------------------+-------+-------+-------------+------------+-------+-------+
; Hold Relationship      ; 0.000 ;       ;             ;            ;       ;       ;
; Clock Skew             ; 0.517 ;       ;             ;            ;       ;       ;
; Data Delay             ; 0.914 ;       ;             ;            ;       ;       ;
; Number of Logic Levels ;       ; 1     ;             ;            ;       ;       ;
; Physical Delays        ;       ;       ;             ;            ;       ;       ;
;  Arrival Path          ;       ;       ;             ;            ;       ;       ;
;   Clock                ;       ;       ;             ;            ;       ;       ;
;    IC                  ;       ; 2     ; 2.507       ; 77         ; 0.576 ; 1.931 ;
;    Cell                ;       ; 2     ; 0.770       ; 23         ; 0.295 ; 0.475 ;
;   Data                 ;       ;       ;             ;            ;       ;       ;
;    IC                  ;       ; 2     ; 0.796       ; 87         ; 0.000 ; 0.796 ;
;    Cell                ;       ; 3     ; 0.118       ; 13         ; 0.000 ; 0.069 ;
;    uTco                ;       ; 1     ; 0.000       ; 0          ; 0.000 ; 0.000 ;
;  Required Path         ;       ;       ;             ;            ;       ;       ;
;   Clock                ;       ;       ;             ;            ;       ;       ;
;    IC                  ;       ; 2     ; 5.093       ; 85         ; 2.359 ; 2.734 ;
;    Cell                ;       ; 2     ; 0.885       ; 15         ; 0.321 ; 0.564 ;
+------------------------+-------+-------+-------------+------------+-------+-------+
Note: Negative delays are omitted from totals when calculating percentages

+-----------------------------------------------------------------------------------------------------------------+
; Data Arrival Path                                                                                               ;
+---------+---------+----+------+--------+---------------------+--------------------------------------------------+
; Total   ; Incr    ; RF ; Type ; Fanout ; Location            ; Element                                          ;
+---------+---------+----+------+--------+---------------------+--------------------------------------------------+
; 0.000   ; 0.000   ;    ;      ;        ;                     ; launch edge time                                 ;
; 3.277   ; 3.277   ;    ;      ;        ;                     ; clock path                                       ;
;   0.000 ;   0.000 ;    ;      ;        ;                     ; source latency                                   ;
;   0.000 ;   0.000 ;    ;      ; 1      ; LABCELL_X1_Y36_N9   ; gpu_clk                                          ;
;   0.576 ;   0.576 ; RR ; IC   ; 1      ; CLKCTRL_G2          ; gpu_clk~CLKENA0|inclk                            ;
;   0.871 ;   0.295 ; RR ; CELL ; 9078   ; CLKCTRL_G2          ; gpu_clk~CLKENA0|outclk                           ;
;   2.802 ;   1.931 ; RR ; IC   ; 1      ; FF_X46_Y32_N38      ; u_bridge|hps_bytes[3][12]|clk                    ;
;   3.277 ;   0.475 ; RR ; CELL ; 1      ; FF_X46_Y32_N38      ; zhao_hps_bridge:u_bridge|hps_bytes[3][12]        ;
; 4.191   ; 0.914   ;    ;      ;        ;                     ; data path                                        ;
;   3.277 ;   0.000 ;    ; uTco ; 1      ; FF_X46_Y32_N38      ; zhao_hps_bridge:u_bridge|hps_bytes[3][12]        ;
;   3.277 ;   0.000 ; FF ; CELL ; 2      ; FF_X46_Y32_N38      ; u_bridge|hps_bytes[3][12]|q                      ;
;   4.073 ;   0.796 ; FF ; IC   ; 1      ; LABCELL_X40_Y32_N24 ; u_bridge|hps_bytes_shadow[3][12]~feeder|dataf    ;
;   4.122 ;   0.049 ; FF ; CELL ; 1      ; LABCELL_X40_Y32_N24 ; u_bridge|hps_bytes_shadow[3][12]~feeder|combout  ;
;   4.122 ;   0.000 ; FF ; IC   ; 1      ; FF_X40_Y32_N26      ; u_bridge|hps_bytes_shadow[3][12]|d               ;
;   4.191 ;   0.069 ; FF ; CELL ; 1      ; FF_X40_Y32_N26      ; zhao_hps_bridge:u_bridge|hps_bytes_shadow[3][12] ;
+---------+---------+----+------+--------+---------------------+--------------------------------------------------+

+----------------------------------------------------------------------------------------------------------------+
; Data Required Path                                                                                             ;
+---------+----------+----+------+--------+-------------------+--------------------------------------------------+
; Total   ; Incr     ; RF ; Type ; Fanout ; Location          ; Element                                          ;
+---------+----------+----+------+--------+-------------------+--------------------------------------------------+
; 0.000   ; 0.000    ;    ;      ;        ;                   ; latch edge time                                  ;
; 3.794   ; 3.794    ;    ;      ;        ;                   ; clock path                                       ;
;   0.000 ;   0.000  ;    ;      ;        ;                   ; source latency                                   ;
;   0.000 ;   0.000  ;    ;      ; 1      ; LABCELL_X1_Y36_N9 ; gpu_clk                                          ;
;   2.734 ;   2.734  ; RR ; IC   ; 1      ; CLKCTRL_G2        ; gpu_clk~CLKENA0|inclk                            ;
;   3.055 ;   0.321  ; RR ; CELL ; 9078   ; CLKCTRL_G2        ; gpu_clk~CLKENA0|outclk                           ;
;   5.414 ;   2.359  ; RR ; IC   ; 1      ; FF_X40_Y32_N26    ; u_bridge|hps_bytes_shadow[3][12]|clk             ;
;   5.978 ;   0.564  ; RR ; CELL ; 1      ; FF_X40_Y32_N26    ; zhao_hps_bridge:u_bridge|hps_bytes_shadow[3][12] ;
;   3.794 ;   -2.184 ;    ;      ;        ;                   ; clock pessimism removed                          ;
; 3.794   ; 0.000    ;    ;      ;        ;                   ; clock uncertainty                                ;
; 3.794   ; 0.000    ;    ; uTh  ; 1      ; FF_X40_Y32_N26    ; zhao_hps_bridge:u_bridge|hps_bytes_shadow[3][12] ;
+---------+----------+----+------+--------+-------------------+--------------------------------------------------+

----------------------------
; Extra Fitter Information ;
----------------------------
HTML report is unavailable in plain text report export.


Path #21: Hold slack is 0.397 
===============================================================================
+-----------------------------------------------------------------+
; Path Summary                                                    ;
+--------------------+--------------------------------------------+
; Property           ; Value                                      ;
+--------------------+--------------------------------------------+
; From Node          ; zhao_cmd_scheduler:u_sched|sh_cycles[29]   ;
; To Node            ; zhao_debug_counters:u_counters|bank[0][29] ;
; Launch Clock       ; gpu_clk                                    ;
; Latch Clock        ; gpu_clk                                    ;
; Data Arrival Time  ; 4.201                                      ;
; Data Required Time ; 3.804                                      ;
; Slack              ; 0.397                                      ;
+--------------------+--------------------------------------------+

+-----------------------------------------------------------------------------------+
; Statistics                                                                        ;
+------------------------+-------+-------+-------------+------------+-------+-------+
; Property               ; Value ; Count ; Total Delay ; % of Total ; Min   ; Max   ;
+------------------------+-------+-------+-------------+------------+-------+-------+
; Hold Relationship      ; 0.000 ;       ;             ;            ;       ;       ;
; Clock Skew             ; 0.517 ;       ;             ;            ;       ;       ;
; Data Delay             ; 0.914 ;       ;             ;            ;       ;       ;
; Number of Logic Levels ;       ; 1     ;             ;            ;       ;       ;
; Physical Delays        ;       ;       ;             ;            ;       ;       ;
;  Arrival Path          ;       ;       ;             ;            ;       ;       ;
;   Clock                ;       ;       ;             ;            ;       ;       ;
;    IC                  ;       ; 2     ; 2.504       ; 76         ; 0.576 ; 1.928 ;
;    Cell                ;       ; 2     ; 0.783       ; 24         ; 0.295 ; 0.488 ;
;   Data                 ;       ;       ;             ;            ;       ;       ;
;    IC                  ;       ; 2     ; 0.796       ; 87         ; 0.000 ; 0.796 ;
;    Cell                ;       ; 3     ; 0.118       ; 13         ; 0.000 ; 0.069 ;
;    uTco                ;       ; 1     ; 0.000       ; 0          ; 0.000 ; 0.000 ;
;  Required Path         ;       ;       ;             ;            ;       ;       ;
;   Clock                ;       ;       ;             ;            ;       ;       ;
;    IC                  ;       ; 2     ; 5.089       ; 85         ; 2.355 ; 2.734 ;
;    Cell                ;       ; 2     ; 0.899       ; 15         ; 0.321 ; 0.578 ;
+------------------------+-------+-------+-------------+------------+-------+-------+
Note: Negative delays are omitted from totals when calculating percentages

+-----------------------------------------------------------------------------------------------------------+
; Data Arrival Path                                                                                         ;
+---------+---------+----+------+--------+---------------------+--------------------------------------------+
; Total   ; Incr    ; RF ; Type ; Fanout ; Location            ; Element                                    ;
+---------+---------+----+------+--------+---------------------+--------------------------------------------+
; 0.000   ; 0.000   ;    ;      ;        ;                     ; launch edge time                           ;
; 3.287   ; 3.287   ;    ;      ;        ;                     ; clock path                                 ;
;   0.000 ;   0.000 ;    ;      ;        ;                     ; source latency                             ;
;   0.000 ;   0.000 ;    ;      ; 1      ; LABCELL_X1_Y36_N9   ; gpu_clk                                    ;
;   0.576 ;   0.576 ; RR ; IC   ; 1      ; CLKCTRL_G2          ; gpu_clk~CLKENA0|inclk                      ;
;   0.871 ;   0.295 ; RR ; CELL ; 9078   ; CLKCTRL_G2          ; gpu_clk~CLKENA0|outclk                     ;
;   2.799 ;   1.928 ; RR ; IC   ; 1      ; FF_X46_Y29_N55      ; u_sched|sh_cycles[29]|clk                  ;
;   3.287 ;   0.488 ; RR ; CELL ; 1      ; FF_X46_Y29_N55      ; zhao_cmd_scheduler:u_sched|sh_cycles[29]   ;
; 4.201   ; 0.914   ;    ;      ;        ;                     ; data path                                  ;
;   3.287 ;   0.000 ;    ; uTco ; 1      ; FF_X46_Y29_N55      ; zhao_cmd_scheduler:u_sched|sh_cycles[29]   ;
;   3.287 ;   0.000 ; FF ; CELL ; 2      ; FF_X46_Y29_N55      ; u_sched|sh_cycles[29]|q                    ;
;   4.083 ;   0.796 ; FF ; IC   ; 1      ; LABCELL_X40_Y29_N54 ; u_counters|bank[0][29]~feeder|dataf        ;
;   4.132 ;   0.049 ; FF ; CELL ; 1      ; LABCELL_X40_Y29_N54 ; u_counters|bank[0][29]~feeder|combout      ;
;   4.132 ;   0.000 ; FF ; IC   ; 1      ; FF_X40_Y29_N56      ; u_counters|bank[0][29]|d                   ;
;   4.201 ;   0.069 ; FF ; CELL ; 1      ; FF_X40_Y29_N56      ; zhao_debug_counters:u_counters|bank[0][29] ;
+---------+---------+----+------+--------+---------------------+--------------------------------------------+

+----------------------------------------------------------------------------------------------------------+
; Data Required Path                                                                                       ;
+---------+----------+----+------+--------+-------------------+--------------------------------------------+
; Total   ; Incr     ; RF ; Type ; Fanout ; Location          ; Element                                    ;
+---------+----------+----+------+--------+-------------------+--------------------------------------------+
; 0.000   ; 0.000    ;    ;      ;        ;                   ; latch edge time                            ;
; 3.804   ; 3.804    ;    ;      ;        ;                   ; clock path                                 ;
;   0.000 ;   0.000  ;    ;      ;        ;                   ; source latency                             ;
;   0.000 ;   0.000  ;    ;      ; 1      ; LABCELL_X1_Y36_N9 ; gpu_clk                                    ;
;   2.734 ;   2.734  ; RR ; IC   ; 1      ; CLKCTRL_G2        ; gpu_clk~CLKENA0|inclk                      ;
;   3.055 ;   0.321  ; RR ; CELL ; 9078   ; CLKCTRL_G2        ; gpu_clk~CLKENA0|outclk                     ;
;   5.410 ;   2.355  ; RR ; IC   ; 1      ; FF_X40_Y29_N56    ; u_counters|bank[0][29]|clk                 ;
;   5.988 ;   0.578  ; RR ; CELL ; 1      ; FF_X40_Y29_N56    ; zhao_debug_counters:u_counters|bank[0][29] ;
;   3.804 ;   -2.184 ;    ;      ;        ;                   ; clock pessimism removed                    ;
; 3.804   ; 0.000    ;    ;      ;        ;                   ; clock uncertainty                          ;
; 3.804   ; 0.000    ;    ; uTh  ; 1      ; FF_X40_Y29_N56    ; zhao_debug_counters:u_counters|bank[0][29] ;
+---------+----------+----+------+--------+-------------------+--------------------------------------------+

----------------------------
; Extra Fitter Information ;
----------------------------
HTML report is unavailable in plain text report export.


Path #22: Hold slack is 0.404 
===============================================================================
+----------------------------------------------------------------------------------+
; Path Summary                                                                     ;
+--------------------+-------------------------------------------------------------+
; Property           ; Value                                                       ;
+--------------------+-------------------------------------------------------------+
; From Node          ; zhao_video_framectl:u_framectl|frame_cycles_q[39]~DUPLICATE ;
; To Node            ; zhao_video_framectl:u_framectl|frame_cycles_q[39]           ;
; Launch Clock       ; vid_clk                                                     ;
; Latch Clock        ; vid_clk                                                     ;
; Data Arrival Time  ; 3.919                                                       ;
; Data Required Time ; 3.515                                                       ;
; Slack              ; 0.404                                                       ;
+--------------------+-------------------------------------------------------------+

+-----------------------------------------------------------------------------------+
; Statistics                                                                        ;
+------------------------+-------+-------+-------------+------------+-------+-------+
; Property               ; Value ; Count ; Total Delay ; % of Total ; Min   ; Max   ;
+------------------------+-------+-------+-------------+------------+-------+-------+
; Hold Relationship      ; 0.000 ;       ;             ;            ;       ;       ;
; Clock Skew             ; 0.129 ;       ;             ;            ;       ;       ;
; Data Delay             ; 0.533 ;       ;             ;            ;       ;       ;
; Number of Logic Levels ;       ; 1     ;             ;            ;       ;       ;
; Physical Delays        ;       ;       ;             ;            ;       ;       ;
;  Arrival Path          ;       ;       ;             ;            ;       ;       ;
;   Clock                ;       ;       ;             ;            ;       ;       ;
;    IC                  ;       ; 2     ; 2.610       ; 77         ; 0.581 ; 2.029 ;
;    Cell                ;       ; 2     ; 0.776       ; 23         ; 0.295 ; 0.481 ;
;   Data                 ;       ;       ;             ;            ;       ;       ;
;    IC                  ;       ; 2     ; 0.236       ; 44         ; 0.000 ; 0.236 ;
;    Cell                ;       ; 3     ; 0.297       ; 56         ; 0.000 ; 0.226 ;
;    uTco                ;       ; 1     ; 0.000       ; 0          ; 0.000 ; 0.000 ;
;  Required Path         ;       ;       ;             ;            ;       ;       ;
;   Clock                ;       ;       ;             ;            ;       ;       ;
;    IC                  ;       ; 2     ; 5.221       ; 85         ; 2.481 ; 2.740 ;
;    Cell                ;       ; 2     ; 0.899       ; 15         ; 0.321 ; 0.578 ;
+------------------------+-------+-------+-------------+------------+-------+-------+
Note: Negative delays are omitted from totals when calculating percentages

+-----------------------------------------------------------------------------------------------------------------------------+
; Data Arrival Path                                                                                                           ;
+---------+---------+----+------+--------+----------------------+-------------------------------------------------------------+
; Total   ; Incr    ; RF ; Type ; Fanout ; Location             ; Element                                                     ;
+---------+---------+----+------+--------+----------------------+-------------------------------------------------------------+
; 0.000   ; 0.000   ;    ;      ;        ;                      ; launch edge time                                            ;
; 3.386   ; 3.386   ;    ;      ;        ;                      ; clock path                                                  ;
;   0.000 ;   0.000 ;    ;      ;        ;                      ; source latency                                              ;
;   0.000 ;   0.000 ;    ;      ; 1      ; LABCELL_X1_Y36_N3    ; vid_clk                                                     ;
;   0.581 ;   0.581 ; RR ; IC   ; 1      ; CLKCTRL_G3           ; vid_clk~CLKENA0|inclk                                       ;
;   0.876 ;   0.295 ; RR ; CELL ; 746    ; CLKCTRL_G3           ; vid_clk~CLKENA0|outclk                                      ;
;   2.905 ;   2.029 ; RR ; IC   ; 1      ; FF_X47_Y41_N26       ; u_framectl|frame_cycles_q[39]~DUPLICATE|clk                 ;
;   3.386 ;   0.481 ; RR ; CELL ; 1      ; FF_X47_Y41_N26       ; zhao_video_framectl:u_framectl|frame_cycles_q[39]~DUPLICATE ;
; 3.919   ; 0.533   ;    ;      ;        ;                      ; data path                                                   ;
;   3.386 ;   0.000 ;    ; uTco ; 1      ; FF_X47_Y41_N26       ; zhao_video_framectl:u_framectl|frame_cycles_q[39]~DUPLICATE ;
;   3.386 ;   0.000 ; FF ; CELL ; 1      ; FF_X47_Y41_N26       ; u_framectl|frame_cycles_q[39]~DUPLICATE|q                   ;
;   3.622 ;   0.236 ; FF ; IC   ; 2      ; MLABCELL_X47_Y41_N24 ; u_framectl|Add2~153|datac                                   ;
;   3.848 ;   0.226 ; FR ; CELL ; 2      ; MLABCELL_X47_Y41_N24 ; u_framectl|Add2~153|sumout                                  ;
;   3.848 ;   0.000 ; RR ; IC   ; 1      ; FF_X47_Y41_N25       ; u_framectl|frame_cycles_q[39]|d                             ;
;   3.919 ;   0.071 ; RR ; CELL ; 1      ; FF_X47_Y41_N25       ; zhao_video_framectl:u_framectl|frame_cycles_q[39]           ;
+---------+---------+----+------+--------+----------------------+-------------------------------------------------------------+

+-----------------------------------------------------------------------------------------------------------------+
; Data Required Path                                                                                              ;
+---------+----------+----+------+--------+-------------------+---------------------------------------------------+
; Total   ; Incr     ; RF ; Type ; Fanout ; Location          ; Element                                           ;
+---------+----------+----+------+--------+-------------------+---------------------------------------------------+
; 0.000   ; 0.000    ;    ;      ;        ;                   ; latch edge time                                   ;
; 3.515   ; 3.515    ;    ;      ;        ;                   ; clock path                                        ;
;   0.000 ;   0.000  ;    ;      ;        ;                   ; source latency                                    ;
;   0.000 ;   0.000  ;    ;      ; 1      ; LABCELL_X1_Y36_N3 ; vid_clk                                           ;
;   2.740 ;   2.740  ; RR ; IC   ; 1      ; CLKCTRL_G3        ; vid_clk~CLKENA0|inclk                             ;
;   3.061 ;   0.321  ; RR ; CELL ; 746    ; CLKCTRL_G3        ; vid_clk~CLKENA0|outclk                            ;
;   5.542 ;   2.481  ; RR ; IC   ; 1      ; FF_X47_Y41_N25    ; u_framectl|frame_cycles_q[39]|clk                 ;
;   6.120 ;   0.578  ; RR ; CELL ; 1      ; FF_X47_Y41_N25    ; zhao_video_framectl:u_framectl|frame_cycles_q[39] ;
;   3.515 ;   -2.605 ;    ;      ;        ;                   ; clock pessimism removed                           ;
; 3.515   ; 0.000    ;    ;      ;        ;                   ; clock uncertainty                                 ;
; 3.515   ; 0.000    ;    ; uTh  ; 1      ; FF_X47_Y41_N25    ; zhao_video_framectl:u_framectl|frame_cycles_q[39] ;
+---------+----------+----+------+--------+-------------------+---------------------------------------------------+

----------------------------
; Extra Fitter Information ;
----------------------------
HTML report is unavailable in plain text report export.


Path #23: Hold slack is 0.405 
===============================================================================
+----------------------------------------------------------------------------------+
; Path Summary                                                                     ;
+--------------------+-------------------------------------------------------------+
; Property           ; Value                                                       ;
+--------------------+-------------------------------------------------------------+
; From Node          ; zhao_video_framectl:u_framectl|frame_cycles_q[11]~DUPLICATE ;
; To Node            ; zhao_video_framectl:u_framectl|frame_cycles_q[11]           ;
; Launch Clock       ; vid_clk                                                     ;
; Latch Clock        ; vid_clk                                                     ;
; Data Arrival Time  ; 3.912                                                       ;
; Data Required Time ; 3.507                                                       ;
; Slack              ; 0.405                                                       ;
+--------------------+-------------------------------------------------------------+

+-----------------------------------------------------------------------------------+
; Statistics                                                                        ;
+------------------------+-------+-------+-------------+------------+-------+-------+
; Property               ; Value ; Count ; Total Delay ; % of Total ; Min   ; Max   ;
+------------------------+-------+-------+-------------+------------+-------+-------+
; Hold Relationship      ; 0.000 ;       ;             ;            ;       ;       ;
; Clock Skew             ; 0.125 ;       ;             ;            ;       ;       ;
; Data Delay             ; 0.530 ;       ;             ;            ;       ;       ;
; Number of Logic Levels ;       ; 1     ;             ;            ;       ;       ;
; Physical Delays        ;       ;       ;             ;            ;       ;       ;
;  Arrival Path          ;       ;       ;             ;            ;       ;       ;
;   Clock                ;       ;       ;             ;            ;       ;       ;
;    IC                  ;       ; 2     ; 2.609       ; 77         ; 0.581 ; 2.028 ;
;    Cell                ;       ; 2     ; 0.773       ; 23         ; 0.295 ; 0.478 ;
;   Data                 ;       ;       ;             ;            ;       ;       ;
;    IC                  ;       ; 2     ; 0.233       ; 44         ; 0.000 ; 0.233 ;
;    Cell                ;       ; 3     ; 0.297       ; 56         ; 0.000 ; 0.226 ;
;    uTco                ;       ; 1     ; 0.000       ; 0          ; 0.000 ; 0.000 ;
;  Required Path         ;       ;       ;             ;            ;       ;       ;
;   Clock                ;       ;       ;             ;            ;       ;       ;
;    IC                  ;       ; 2     ; 5.220       ; 85         ; 2.480 ; 2.740 ;
;    Cell                ;       ; 2     ; 0.891       ; 15         ; 0.321 ; 0.570 ;
+------------------------+-------+-------+-------------+------------+-------+-------+
Note: Negative delays are omitted from totals when calculating percentages

+----------------------------------------------------------------------------------------------------------------------------+
; Data Arrival Path                                                                                                          ;
+---------+---------+----+------+--------+---------------------+-------------------------------------------------------------+
; Total   ; Incr    ; RF ; Type ; Fanout ; Location            ; Element                                                     ;
+---------+---------+----+------+--------+---------------------+-------------------------------------------------------------+
; 0.000   ; 0.000   ;    ;      ;        ;                     ; launch edge time                                            ;
; 3.382   ; 3.382   ;    ;      ;        ;                     ; clock path                                                  ;
;   0.000 ;   0.000 ;    ;      ;        ;                     ; source latency                                              ;
;   0.000 ;   0.000 ;    ;      ; 1      ; LABCELL_X1_Y36_N3   ; vid_clk                                                     ;
;   0.581 ;   0.581 ; RR ; IC   ; 1      ; CLKCTRL_G3          ; vid_clk~CLKENA0|inclk                                       ;
;   0.876 ;   0.295 ; RR ; CELL ; 746    ; CLKCTRL_G3          ; vid_clk~CLKENA0|outclk                                      ;
;   2.904 ;   2.028 ; RR ; IC   ; 1      ; FF_X47_Y42_N2       ; u_framectl|frame_cycles_q[11]~DUPLICATE|clk                 ;
;   3.382 ;   0.478 ; RR ; CELL ; 1      ; FF_X47_Y42_N2       ; zhao_video_framectl:u_framectl|frame_cycles_q[11]~DUPLICATE ;
; 3.912   ; 0.530   ;    ;      ;        ;                     ; data path                                                   ;
;   3.382 ;   0.000 ;    ; uTco ; 1      ; FF_X47_Y42_N2       ; zhao_video_framectl:u_framectl|frame_cycles_q[11]~DUPLICATE ;
;   3.382 ;   0.000 ; FF ; CELL ; 1      ; FF_X47_Y42_N2       ; u_framectl|frame_cycles_q[11]~DUPLICATE|q                   ;
;   3.615 ;   0.233 ; FF ; IC   ; 2      ; MLABCELL_X47_Y42_N0 ; u_framectl|Add2~41|datac                                    ;
;   3.841 ;   0.226 ; FR ; CELL ; 2      ; MLABCELL_X47_Y42_N0 ; u_framectl|Add2~41|sumout                                   ;
;   3.841 ;   0.000 ; RR ; IC   ; 1      ; FF_X47_Y42_N1       ; u_framectl|frame_cycles_q[11]|d                             ;
;   3.912 ;   0.071 ; RR ; CELL ; 1      ; FF_X47_Y42_N1       ; zhao_video_framectl:u_framectl|frame_cycles_q[11]           ;
+---------+---------+----+------+--------+---------------------+-------------------------------------------------------------+

+-----------------------------------------------------------------------------------------------------------------+
; Data Required Path                                                                                              ;
+---------+----------+----+------+--------+-------------------+---------------------------------------------------+
; Total   ; Incr     ; RF ; Type ; Fanout ; Location          ; Element                                           ;
+---------+----------+----+------+--------+-------------------+---------------------------------------------------+
; 0.000   ; 0.000    ;    ;      ;        ;                   ; latch edge time                                   ;
; 3.507   ; 3.507    ;    ;      ;        ;                   ; clock path                                        ;
;   0.000 ;   0.000  ;    ;      ;        ;                   ; source latency                                    ;
;   0.000 ;   0.000  ;    ;      ; 1      ; LABCELL_X1_Y36_N3 ; vid_clk                                           ;
;   2.740 ;   2.740  ; RR ; IC   ; 1      ; CLKCTRL_G3        ; vid_clk~CLKENA0|inclk                             ;
;   3.061 ;   0.321  ; RR ; CELL ; 746    ; CLKCTRL_G3        ; vid_clk~CLKENA0|outclk                            ;
;   5.541 ;   2.480  ; RR ; IC   ; 1      ; FF_X47_Y42_N1     ; u_framectl|frame_cycles_q[11]|clk                 ;
;   6.111 ;   0.570  ; RR ; CELL ; 1      ; FF_X47_Y42_N1     ; zhao_video_framectl:u_framectl|frame_cycles_q[11] ;
;   3.507 ;   -2.604 ;    ;      ;        ;                   ; clock pessimism removed                           ;
; 3.507   ; 0.000    ;    ;      ;        ;                   ; clock uncertainty                                 ;
; 3.507   ; 0.000    ;    ; uTh  ; 1      ; FF_X47_Y42_N1     ; zhao_video_framectl:u_framectl|frame_cycles_q[11] ;
+---------+----------+----+------+--------+-------------------+---------------------------------------------------+

----------------------------
; Extra Fitter Information ;
----------------------------
HTML report is unavailable in plain text report export.


Path #24: Hold slack is 0.405 
===============================================================================
+----------------------------------------------------------------------------------+
; Path Summary                                                                     ;
+--------------------+-------------------------------------------------------------+
; Property           ; Value                                                       ;
+--------------------+-------------------------------------------------------------+
; From Node          ; zhao_video_framectl:u_framectl|frame_cycles_q[31]~DUPLICATE ;
; To Node            ; zhao_video_framectl:u_framectl|frame_cycles_q[31]           ;
; Launch Clock       ; vid_clk                                                     ;
; Latch Clock        ; vid_clk                                                     ;
; Data Arrival Time  ; 3.917                                                       ;
; Data Required Time ; 3.512                                                       ;
; Slack              ; 0.405                                                       ;
+--------------------+-------------------------------------------------------------+

+-----------------------------------------------------------------------------------+
; Statistics                                                                        ;
+------------------------+-------+-------+-------------+------------+-------+-------+
; Property               ; Value ; Count ; Total Delay ; % of Total ; Min   ; Max   ;
+------------------------+-------+-------+-------------+------------+-------+-------+
; Hold Relationship      ; 0.000 ;       ;             ;            ;       ;       ;
; Clock Skew             ; 0.125 ;       ;             ;            ;       ;       ;
; Data Delay             ; 0.530 ;       ;             ;            ;       ;       ;
; Number of Logic Levels ;       ; 1     ;             ;            ;       ;       ;
; Physical Delays        ;       ;       ;             ;            ;       ;       ;
;  Arrival Path          ;       ;       ;             ;            ;       ;       ;
;   Clock                ;       ;       ;             ;            ;       ;       ;
;    IC                  ;       ; 2     ; 2.610       ; 77         ; 0.581 ; 2.029 ;
;    Cell                ;       ; 2     ; 0.777       ; 23         ; 0.295 ; 0.482 ;
;   Data                 ;       ;       ;             ;            ;       ;       ;
;    IC                  ;       ; 2     ; 0.233       ; 44         ; 0.000 ; 0.233 ;
;    Cell                ;       ; 3     ; 0.297       ; 56         ; 0.000 ; 0.226 ;
;    uTco                ;       ; 1     ; 0.000       ; 0          ; 0.000 ; 0.000 ;
;  Required Path         ;       ;       ;             ;            ;       ;       ;
;   Clock                ;       ;       ;             ;            ;       ;       ;
;    IC                  ;       ; 2     ; 5.221       ; 85         ; 2.481 ; 2.740 ;
;    Cell                ;       ; 2     ; 0.896       ; 15         ; 0.321 ; 0.575 ;
+------------------------+-------+-------+-------------+------------+-------+-------+
Note: Negative delays are omitted from totals when calculating percentages

+----------------------------------------------------------------------------------------------------------------------------+
; Data Arrival Path                                                                                                          ;
+---------+---------+----+------+--------+---------------------+-------------------------------------------------------------+
; Total   ; Incr    ; RF ; Type ; Fanout ; Location            ; Element                                                     ;
+---------+---------+----+------+--------+---------------------+-------------------------------------------------------------+
; 0.000   ; 0.000   ;    ;      ;        ;                     ; launch edge time                                            ;
; 3.387   ; 3.387   ;    ;      ;        ;                     ; clock path                                                  ;
;   0.000 ;   0.000 ;    ;      ;        ;                     ; source latency                                              ;
;   0.000 ;   0.000 ;    ;      ; 1      ; LABCELL_X1_Y36_N3   ; vid_clk                                                     ;
;   0.581 ;   0.581 ; RR ; IC   ; 1      ; CLKCTRL_G3          ; vid_clk~CLKENA0|inclk                                       ;
;   0.876 ;   0.295 ; RR ; CELL ; 746    ; CLKCTRL_G3          ; vid_clk~CLKENA0|outclk                                      ;
;   2.905 ;   2.029 ; RR ; IC   ; 1      ; FF_X47_Y41_N2       ; u_framectl|frame_cycles_q[31]~DUPLICATE|clk                 ;
;   3.387 ;   0.482 ; RR ; CELL ; 1      ; FF_X47_Y41_N2       ; zhao_video_framectl:u_framectl|frame_cycles_q[31]~DUPLICATE ;
; 3.917   ; 0.530   ;    ;      ;        ;                     ; data path                                                   ;
;   3.387 ;   0.000 ;    ; uTco ; 1      ; FF_X47_Y41_N2       ; zhao_video_framectl:u_framectl|frame_cycles_q[31]~DUPLICATE ;
;   3.387 ;   0.000 ; FF ; CELL ; 1      ; FF_X47_Y41_N2       ; u_framectl|frame_cycles_q[31]~DUPLICATE|q                   ;
;   3.620 ;   0.233 ; FF ; IC   ; 2      ; MLABCELL_X47_Y41_N0 ; u_framectl|Add2~121|datac                                   ;
;   3.846 ;   0.226 ; FR ; CELL ; 2      ; MLABCELL_X47_Y41_N0 ; u_framectl|Add2~121|sumout                                  ;
;   3.846 ;   0.000 ; RR ; IC   ; 1      ; FF_X47_Y41_N1       ; u_framectl|frame_cycles_q[31]|d                             ;
;   3.917 ;   0.071 ; RR ; CELL ; 1      ; FF_X47_Y41_N1       ; zhao_video_framectl:u_framectl|frame_cycles_q[31]           ;
+---------+---------+----+------+--------+---------------------+-------------------------------------------------------------+

+-----------------------------------------------------------------------------------------------------------------+
; Data Required Path                                                                                              ;
+---------+----------+----+------+--------+-------------------+---------------------------------------------------+
; Total   ; Incr     ; RF ; Type ; Fanout ; Location          ; Element                                           ;
+---------+----------+----+------+--------+-------------------+---------------------------------------------------+
; 0.000   ; 0.000    ;    ;      ;        ;                   ; latch edge time                                   ;
; 3.512   ; 3.512    ;    ;      ;        ;                   ; clock path                                        ;
;   0.000 ;   0.000  ;    ;      ;        ;                   ; source latency                                    ;
;   0.000 ;   0.000  ;    ;      ; 1      ; LABCELL_X1_Y36_N3 ; vid_clk                                           ;
;   2.740 ;   2.740  ; RR ; IC   ; 1      ; CLKCTRL_G3        ; vid_clk~CLKENA0|inclk                             ;
;   3.061 ;   0.321  ; RR ; CELL ; 746    ; CLKCTRL_G3        ; vid_clk~CLKENA0|outclk                            ;
;   5.542 ;   2.481  ; RR ; IC   ; 1      ; FF_X47_Y41_N1     ; u_framectl|frame_cycles_q[31]|clk                 ;
;   6.117 ;   0.575  ; RR ; CELL ; 1      ; FF_X47_Y41_N1     ; zhao_video_framectl:u_framectl|frame_cycles_q[31] ;
;   3.512 ;   -2.605 ;    ;      ;        ;                   ; clock pessimism removed                           ;
; 3.512   ; 0.000    ;    ;      ;        ;                   ; clock uncertainty                                 ;
; 3.512   ; 0.000    ;    ; uTh  ; 1      ; FF_X47_Y41_N1     ; zhao_video_framectl:u_framectl|frame_cycles_q[31] ;
+---------+----------+----+------+--------+-------------------+---------------------------------------------------+

----------------------------
; Extra Fitter Information ;
----------------------------
HTML report is unavailable in plain text report export.


Path #25: Hold slack is 0.405 
===============================================================================
+----------------------------------------------------------------------------------+
; Path Summary                                                                     ;
+--------------------+-------------------------------------------------------------+
; Property           ; Value                                                       ;
+--------------------+-------------------------------------------------------------+
; From Node          ; zhao_video_framectl:u_framectl|frame_cycles_q[29]~DUPLICATE ;
; To Node            ; zhao_video_framectl:u_framectl|frame_cycles_q[29]           ;
; Launch Clock       ; vid_clk                                                     ;
; Latch Clock        ; vid_clk                                                     ;
; Data Arrival Time  ; 3.915                                                       ;
; Data Required Time ; 3.510                                                       ;
; Slack              ; 0.405                                                       ;
+--------------------+-------------------------------------------------------------+

+-----------------------------------------------------------------------------------+
; Statistics                                                                        ;
+------------------------+-------+-------+-------------+------------+-------+-------+
; Property               ; Value ; Count ; Total Delay ; % of Total ; Min   ; Max   ;
+------------------------+-------+-------+-------------+------------+-------+-------+
; Hold Relationship      ; 0.000 ;       ;             ;            ;       ;       ;
; Clock Skew             ; 0.129 ;       ;             ;            ;       ;       ;
; Data Delay             ; 0.534 ;       ;             ;            ;       ;       ;
; Number of Logic Levels ;       ; 1     ;             ;            ;       ;       ;
; Physical Delays        ;       ;       ;             ;            ;       ;       ;
;  Arrival Path          ;       ;       ;             ;            ;       ;       ;
;   Clock                ;       ;       ;             ;            ;       ;       ;
;    IC                  ;       ; 2     ; 2.609       ; 77         ; 0.581 ; 2.028 ;
;    Cell                ;       ; 2     ; 0.772       ; 23         ; 0.295 ; 0.477 ;
;   Data                 ;       ;       ;             ;            ;       ;       ;
;    IC                  ;       ; 2     ; 0.237       ; 44         ; 0.000 ; 0.237 ;
;    Cell                ;       ; 3     ; 0.297       ; 56         ; 0.000 ; 0.226 ;
;    uTco                ;       ; 1     ; 0.000       ; 0          ; 0.000 ; 0.000 ;
;  Required Path         ;       ;       ;             ;            ;       ;       ;
;   Clock                ;       ;       ;             ;            ;       ;       ;
;    IC                  ;       ; 2     ; 5.220       ; 85         ; 2.480 ; 2.740 ;
;    Cell                ;       ; 2     ; 0.894       ; 15         ; 0.321 ; 0.573 ;
+------------------------+-------+-------+-------------+------------+-------+-------+
Note: Negative delays are omitted from totals when calculating percentages

+-----------------------------------------------------------------------------------------------------------------------------+
; Data Arrival Path                                                                                                           ;
+---------+---------+----+------+--------+----------------------+-------------------------------------------------------------+
; Total   ; Incr    ; RF ; Type ; Fanout ; Location             ; Element                                                     ;
+---------+---------+----+------+--------+----------------------+-------------------------------------------------------------+
; 0.000   ; 0.000   ;    ;      ;        ;                      ; launch edge time                                            ;
; 3.381   ; 3.381   ;    ;      ;        ;                      ; clock path                                                  ;
;   0.000 ;   0.000 ;    ;      ;        ;                      ; source latency                                              ;
;   0.000 ;   0.000 ;    ;      ; 1      ; LABCELL_X1_Y36_N3    ; vid_clk                                                     ;
;   0.581 ;   0.581 ; RR ; IC   ; 1      ; CLKCTRL_G3           ; vid_clk~CLKENA0|inclk                                       ;
;   0.876 ;   0.295 ; RR ; CELL ; 746    ; CLKCTRL_G3           ; vid_clk~CLKENA0|outclk                                      ;
;   2.904 ;   2.028 ; RR ; IC   ; 1      ; FF_X47_Y42_N56       ; u_framectl|frame_cycles_q[29]~DUPLICATE|clk                 ;
;   3.381 ;   0.477 ; RR ; CELL ; 1      ; FF_X47_Y42_N56       ; zhao_video_framectl:u_framectl|frame_cycles_q[29]~DUPLICATE ;
; 3.915   ; 0.534   ;    ;      ;        ;                      ; data path                                                   ;
;   3.381 ;   0.000 ;    ; uTco ; 1      ; FF_X47_Y42_N56       ; zhao_video_framectl:u_framectl|frame_cycles_q[29]~DUPLICATE ;
;   3.381 ;   0.000 ; FF ; CELL ; 1      ; FF_X47_Y42_N56       ; u_framectl|frame_cycles_q[29]~DUPLICATE|q                   ;
;   3.618 ;   0.237 ; FF ; IC   ; 2      ; MLABCELL_X47_Y42_N54 ; u_framectl|Add2~113|datac                                   ;
;   3.844 ;   0.226 ; FR ; CELL ; 2      ; MLABCELL_X47_Y42_N54 ; u_framectl|Add2~113|sumout                                  ;
;   3.844 ;   0.000 ; RR ; IC   ; 1      ; FF_X47_Y42_N55       ; u_framectl|frame_cycles_q[29]|d                             ;
;   3.915 ;   0.071 ; RR ; CELL ; 1      ; FF_X47_Y42_N55       ; zhao_video_framectl:u_framectl|frame_cycles_q[29]           ;
+---------+---------+----+------+--------+----------------------+-------------------------------------------------------------+

+-----------------------------------------------------------------------------------------------------------------+
; Data Required Path                                                                                              ;
+---------+----------+----+------+--------+-------------------+---------------------------------------------------+
; Total   ; Incr     ; RF ; Type ; Fanout ; Location          ; Element                                           ;
+---------+----------+----+------+--------+-------------------+---------------------------------------------------+
; 0.000   ; 0.000    ;    ;      ;        ;                   ; latch edge time                                   ;
; 3.510   ; 3.510    ;    ;      ;        ;                   ; clock path                                        ;
;   0.000 ;   0.000  ;    ;      ;        ;                   ; source latency                                    ;
;   0.000 ;   0.000  ;    ;      ; 1      ; LABCELL_X1_Y36_N3 ; vid_clk                                           ;
;   2.740 ;   2.740  ; RR ; IC   ; 1      ; CLKCTRL_G3        ; vid_clk~CLKENA0|inclk                             ;
;   3.061 ;   0.321  ; RR ; CELL ; 746    ; CLKCTRL_G3        ; vid_clk~CLKENA0|outclk                            ;
;   5.541 ;   2.480  ; RR ; IC   ; 1      ; FF_X47_Y42_N55    ; u_framectl|frame_cycles_q[29]|clk                 ;
;   6.114 ;   0.573  ; RR ; CELL ; 1      ; FF_X47_Y42_N55    ; zhao_video_framectl:u_framectl|frame_cycles_q[29] ;
;   3.510 ;   -2.604 ;    ;      ;        ;                   ; clock pessimism removed                           ;
; 3.510   ; 0.000    ;    ;      ;        ;                   ; clock uncertainty                                 ;
; 3.510   ; 0.000    ;    ; uTh  ; 1      ; FF_X47_Y42_N55    ; zhao_video_framectl:u_framectl|frame_cycles_q[29] ;
+---------+----------+----+------+--------+-------------------+---------------------------------------------------+

----------------------------
; Extra Fitter Information ;
----------------------------
HTML report is unavailable in plain text report export.


Path #26: Hold slack is 0.405 
===============================================================================
+-----------------------------------------------------------------------+
; Path Summary                                                          ;
+--------------------+--------------------------------------------------+
; Property           ; Value                                            ;
+--------------------+--------------------------------------------------+
; From Node          ; zhao_vram_arbiter:u_arb|vram_bytes[0][20]        ;
; To Node            ; zhao_vram_arbiter:u_arb|vram_bytes_shadow[0][20] ;
; Launch Clock       ; gpu_clk                                          ;
; Latch Clock        ; gpu_clk                                          ;
; Data Arrival Time  ; 3.776                                            ;
; Data Required Time ; 3.371                                            ;
; Slack              ; 0.405                                            ;
+--------------------+--------------------------------------------------+

+-----------------------------------------------------------------------------------+
; Statistics                                                                        ;
+------------------------+-------+-------+-------------+------------+-------+-------+
; Property               ; Value ; Count ; Total Delay ; % of Total ; Min   ; Max   ;
+------------------------+-------+-------+-------------+------------+-------+-------+
; Hold Relationship      ; 0.000 ;       ;             ;            ;       ;       ;
; Clock Skew             ; 0.102 ;       ;             ;            ;       ;       ;
; Data Delay             ; 0.507 ;       ;             ;            ;       ;       ;
; Number of Logic Levels ;       ; 1     ;             ;            ;       ;       ;
; Physical Delays        ;       ;       ;             ;            ;       ;       ;
;  Arrival Path          ;       ;       ;             ;            ;       ;       ;
;   Clock                ;       ;       ;             ;            ;       ;       ;
;    IC                  ;       ; 2     ; 2.487       ; 76         ; 0.576 ; 1.911 ;
;    Cell                ;       ; 2     ; 0.782       ; 24         ; 0.295 ; 0.487 ;
;   Data                 ;       ;       ;             ;            ;       ;       ;
;    IC                  ;       ; 2     ; 0.392       ; 77         ; 0.000 ; 0.392 ;
;    Cell                ;       ; 3     ; 0.115       ; 23         ; 0.000 ; 0.067 ;
;    uTco                ;       ; 1     ; 0.000       ; 0          ; 0.000 ; 0.000 ;
;  Required Path         ;       ;       ;             ;            ;       ;       ;
;   Clock                ;       ;       ;             ;            ;       ;       ;
;    IC                  ;       ; 2     ; 5.084       ; 85         ; 2.350 ; 2.734 ;
;    Cell                ;       ; 2     ; 0.883       ; 15         ; 0.321 ; 0.562 ;
+------------------------+-------+-------+-------------+------------+-------+-------+
Note: Negative delays are omitted from totals when calculating percentages

+-----------------------------------------------------------------------------------------------------------------+
; Data Arrival Path                                                                                               ;
+---------+---------+----+------+--------+---------------------+--------------------------------------------------+
; Total   ; Incr    ; RF ; Type ; Fanout ; Location            ; Element                                          ;
+---------+---------+----+------+--------+---------------------+--------------------------------------------------+
; 0.000   ; 0.000   ;    ;      ;        ;                     ; launch edge time                                 ;
; 3.269   ; 3.269   ;    ;      ;        ;                     ; clock path                                       ;
;   0.000 ;   0.000 ;    ;      ;        ;                     ; source latency                                   ;
;   0.000 ;   0.000 ;    ;      ; 1      ; LABCELL_X1_Y36_N9   ; gpu_clk                                          ;
;   0.576 ;   0.576 ; RR ; IC   ; 1      ; CLKCTRL_G2          ; gpu_clk~CLKENA0|inclk                            ;
;   0.871 ;   0.295 ; RR ; CELL ; 9078   ; CLKCTRL_G2          ; gpu_clk~CLKENA0|outclk                           ;
;   2.782 ;   1.911 ; RR ; IC   ; 1      ; FF_X34_Y32_N14      ; u_arb|vram_bytes[0][20]|clk                      ;
;   3.269 ;   0.487 ; RR ; CELL ; 1      ; FF_X34_Y32_N14      ; zhao_vram_arbiter:u_arb|vram_bytes[0][20]        ;
; 3.776   ; 0.507   ;    ;      ;        ;                     ; data path                                        ;
;   3.269 ;   0.000 ;    ; uTco ; 1      ; FF_X34_Y32_N14      ; zhao_vram_arbiter:u_arb|vram_bytes[0][20]        ;
;   3.269 ;   0.000 ; FF ; CELL ; 3      ; FF_X34_Y32_N14      ; u_arb|vram_bytes[0][20]|q                        ;
;   3.661 ;   0.392 ; FF ; IC   ; 1      ; LABCELL_X33_Y32_N45 ; u_arb|vram_bytes_shadow[0][20]~feeder|dataf      ;
;   3.709 ;   0.048 ; FF ; CELL ; 1      ; LABCELL_X33_Y32_N45 ; u_arb|vram_bytes_shadow[0][20]~feeder|combout    ;
;   3.709 ;   0.000 ; FF ; IC   ; 1      ; FF_X33_Y32_N46      ; u_arb|vram_bytes_shadow[0][20]|d                 ;
;   3.776 ;   0.067 ; FF ; CELL ; 1      ; FF_X33_Y32_N46      ; zhao_vram_arbiter:u_arb|vram_bytes_shadow[0][20] ;
+---------+---------+----+------+--------+---------------------+--------------------------------------------------+

+----------------------------------------------------------------------------------------------------------------+
; Data Required Path                                                                                             ;
+---------+----------+----+------+--------+-------------------+--------------------------------------------------+
; Total   ; Incr     ; RF ; Type ; Fanout ; Location          ; Element                                          ;
+---------+----------+----+------+--------+-------------------+--------------------------------------------------+
; 0.000   ; 0.000    ;    ;      ;        ;                   ; latch edge time                                  ;
; 3.371   ; 3.371    ;    ;      ;        ;                   ; clock path                                       ;
;   0.000 ;   0.000  ;    ;      ;        ;                   ; source latency                                   ;
;   0.000 ;   0.000  ;    ;      ; 1      ; LABCELL_X1_Y36_N9 ; gpu_clk                                          ;
;   2.734 ;   2.734  ; RR ; IC   ; 1      ; CLKCTRL_G2        ; gpu_clk~CLKENA0|inclk                            ;
;   3.055 ;   0.321  ; RR ; CELL ; 9078   ; CLKCTRL_G2        ; gpu_clk~CLKENA0|outclk                           ;
;   5.405 ;   2.350  ; RR ; IC   ; 1      ; FF_X33_Y32_N46    ; u_arb|vram_bytes_shadow[0][20]|clk               ;
;   5.967 ;   0.562  ; RR ; CELL ; 1      ; FF_X33_Y32_N46    ; zhao_vram_arbiter:u_arb|vram_bytes_shadow[0][20] ;
;   3.371 ;   -2.596 ;    ;      ;        ;                   ; clock pessimism removed                          ;
; 3.371   ; 0.000    ;    ;      ;        ;                   ; clock uncertainty                                ;
; 3.371   ; 0.000    ;    ; uTh  ; 1      ; FF_X33_Y32_N46    ; zhao_vram_arbiter:u_arb|vram_bytes_shadow[0][20] ;
+---------+----------+----+------+--------+-------------------+--------------------------------------------------+

----------------------------
; Extra Fitter Information ;
----------------------------
HTML report is unavailable in plain text report export.


Path #27: Hold slack is 0.407 
===============================================================================
+----------------------------------------------------------------------------+
; Path Summary                                                               ;
+--------------------+-------------------------------------------------------+
; Property           ; Value                                                 ;
+--------------------+-------------------------------------------------------+
; From Node          ; zhao_input_rumble:u_rumble|dropped_live[18]           ;
; To Node            ; zhao_input_rumble:u_rumble|dropped_live[18]~DUPLICATE ;
; Launch Clock       ; gpu_clk                                               ;
; Latch Clock        ; gpu_clk                                               ;
; Data Arrival Time  ; 3.812                                                 ;
; Data Required Time ; 3.405                                                 ;
; Slack              ; 0.407                                                 ;
+--------------------+-------------------------------------------------------+

+-----------------------------------------------------------------------------------+
; Statistics                                                                        ;
+------------------------+-------+-------+-------------+------------+-------+-------+
; Property               ; Value ; Count ; Total Delay ; % of Total ; Min   ; Max   ;
+------------------------+-------+-------+-------------+------------+-------+-------+
; Hold Relationship      ; 0.000 ;       ;             ;            ;       ;       ;
; Clock Skew             ; 0.126 ;       ;             ;            ;       ;       ;
; Data Delay             ; 0.533 ;       ;             ;            ;       ;       ;
; Number of Logic Levels ;       ; 1     ;             ;            ;       ;       ;
; Physical Delays        ;       ;       ;             ;            ;       ;       ;
;  Arrival Path          ;       ;       ;             ;            ;       ;       ;
;   Clock                ;       ;       ;             ;            ;       ;       ;
;    IC                  ;       ; 2     ; 2.503       ; 76         ; 0.576 ; 1.927 ;
;    Cell                ;       ; 2     ; 0.776       ; 24         ; 0.295 ; 0.481 ;
;   Data                 ;       ;       ;             ;            ;       ;       ;
;    IC                  ;       ; 2     ; 0.236       ; 44         ; 0.000 ; 0.236 ;
;    Cell                ;       ; 3     ; 0.297       ; 56         ; 0.000 ; 0.226 ;
;    uTco                ;       ; 1     ; 0.000       ; 0          ; 0.000 ; 0.000 ;
;  Required Path         ;       ;       ;             ;            ;       ;       ;
;   Clock                ;       ;       ;             ;            ;       ;       ;
;    IC                  ;       ; 2     ; 5.109       ; 85         ; 2.375 ; 2.734 ;
;    Cell                ;       ; 2     ; 0.899       ; 15         ; 0.321 ; 0.578 ;
+------------------------+-------+-------+-------------+------------+-------+-------+
Note: Negative delays are omitted from totals when calculating percentages

+-----------------------------------------------------------------------------------------------------------------------+
; Data Arrival Path                                                                                                     ;
+---------+---------+----+------+--------+----------------------+-------------------------------------------------------+
; Total   ; Incr    ; RF ; Type ; Fanout ; Location             ; Element                                               ;
+---------+---------+----+------+--------+----------------------+-------------------------------------------------------+
; 0.000   ; 0.000   ;    ;      ;        ;                      ; launch edge time                                      ;
; 3.279   ; 3.279   ;    ;      ;        ;                      ; clock path                                            ;
;   0.000 ;   0.000 ;    ;      ;        ;                      ; source latency                                        ;
;   0.000 ;   0.000 ;    ;      ; 1      ; LABCELL_X1_Y36_N9    ; gpu_clk                                               ;
;   0.576 ;   0.576 ; RR ; IC   ; 1      ; CLKCTRL_G2           ; gpu_clk~CLKENA0|inclk                                 ;
;   0.871 ;   0.295 ; RR ; CELL ; 9078   ; CLKCTRL_G2           ; gpu_clk~CLKENA0|outclk                                ;
;   2.798 ;   1.927 ; RR ; IC   ; 1      ; FF_X47_Y25_N26       ; u_rumble|dropped_live[18]|clk                         ;
;   3.279 ;   0.481 ; RR ; CELL ; 1      ; FF_X47_Y25_N26       ; zhao_input_rumble:u_rumble|dropped_live[18]           ;
; 3.812   ; 0.533   ;    ;      ;        ;                      ; data path                                             ;
;   3.279 ;   0.000 ;    ; uTco ; 1      ; FF_X47_Y25_N26       ; zhao_input_rumble:u_rumble|dropped_live[18]           ;
;   3.279 ;   0.000 ; FF ; CELL ; 1      ; FF_X47_Y25_N26       ; u_rumble|dropped_live[18]|q                           ;
;   3.515 ;   0.236 ; FF ; IC   ; 2      ; MLABCELL_X47_Y25_N24 ; u_rumble|Add2~73|datac                                ;
;   3.741 ;   0.226 ; FR ; CELL ; 2      ; MLABCELL_X47_Y25_N24 ; u_rumble|Add2~73|sumout                               ;
;   3.741 ;   0.000 ; RR ; IC   ; 1      ; FF_X47_Y25_N25       ; u_rumble|dropped_live[18]~DUPLICATE|d                 ;
;   3.812 ;   0.071 ; RR ; CELL ; 1      ; FF_X47_Y25_N25       ; zhao_input_rumble:u_rumble|dropped_live[18]~DUPLICATE ;
+---------+---------+----+------+--------+----------------------+-------------------------------------------------------+

+---------------------------------------------------------------------------------------------------------------------+
; Data Required Path                                                                                                  ;
+---------+----------+----+------+--------+-------------------+-------------------------------------------------------+
; Total   ; Incr     ; RF ; Type ; Fanout ; Location          ; Element                                               ;
+---------+----------+----+------+--------+-------------------+-------------------------------------------------------+
; 0.000   ; 0.000    ;    ;      ;        ;                   ; latch edge time                                       ;
; 3.405   ; 3.405    ;    ;      ;        ;                   ; clock path                                            ;
;   0.000 ;   0.000  ;    ;      ;        ;                   ; source latency                                        ;
;   0.000 ;   0.000  ;    ;      ; 1      ; LABCELL_X1_Y36_N9 ; gpu_clk                                               ;
;   2.734 ;   2.734  ; RR ; IC   ; 1      ; CLKCTRL_G2        ; gpu_clk~CLKENA0|inclk                                 ;
;   3.055 ;   0.321  ; RR ; CELL ; 9078   ; CLKCTRL_G2        ; gpu_clk~CLKENA0|outclk                                ;
;   5.430 ;   2.375  ; RR ; IC   ; 1      ; FF_X47_Y25_N25    ; u_rumble|dropped_live[18]~DUPLICATE|clk               ;
;   6.008 ;   0.578  ; RR ; CELL ; 1      ; FF_X47_Y25_N25    ; zhao_input_rumble:u_rumble|dropped_live[18]~DUPLICATE ;
;   3.405 ;   -2.603 ;    ;      ;        ;                   ; clock pessimism removed                               ;
; 3.405   ; 0.000    ;    ;      ;        ;                   ; clock uncertainty                                     ;
; 3.405   ; 0.000    ;    ; uTh  ; 1      ; FF_X47_Y25_N25    ; zhao_input_rumble:u_rumble|dropped_live[18]~DUPLICATE ;
+---------+----------+----+------+--------+-------------------+-------------------------------------------------------+

----------------------------
; Extra Fitter Information ;
----------------------------
HTML report is unavailable in plain text report export.


Path #28: Hold slack is 0.407 
===============================================================================
+--------------------------------------------------------------------------------------------------------+
; Path Summary                                                                                           ;
+--------------------+-----------------------------------------------------------------------------------+
; Property           ; Value                                                                             ;
+--------------------+-----------------------------------------------------------------------------------+
; From Node          ; zhao_video_scanout:u_scanout|zhao_scanout_serializer:u_ser|starve_q[39]~DUPLICATE ;
; To Node            ; zhao_video_scanout:u_scanout|zhao_scanout_serializer:u_ser|starve_q[39]           ;
; Launch Clock       ; vid_clk                                                                           ;
; Latch Clock        ; vid_clk                                                                           ;
; Data Arrival Time  ; 3.787                                                                             ;
; Data Required Time ; 3.380                                                                             ;
; Slack              ; 0.407                                                                             ;
+--------------------+-----------------------------------------------------------------------------------+

+-----------------------------------------------------------------------------------+
; Statistics                                                                        ;
+------------------------+-------+-------+-------------+------------+-------+-------+
; Property               ; Value ; Count ; Total Delay ; % of Total ; Min   ; Max   ;
+------------------------+-------+-------+-------------+------------+-------+-------+
; Hold Relationship      ; 0.000 ;       ;             ;            ;       ;       ;
; Clock Skew             ; 0.126 ;       ;             ;            ;       ;       ;
; Data Delay             ; 0.533 ;       ;             ;            ;       ;       ;
; Number of Logic Levels ;       ; 1     ;             ;            ;       ;       ;
; Physical Delays        ;       ;       ;             ;            ;       ;       ;
;  Arrival Path          ;       ;       ;             ;            ;       ;       ;
;   Clock                ;       ;       ;             ;            ;       ;       ;
;    IC                  ;       ; 2     ; 2.478       ; 76         ; 0.581 ; 1.897 ;
;    Cell                ;       ; 2     ; 0.776       ; 24         ; 0.295 ; 0.481 ;
;   Data                 ;       ;       ;             ;            ;       ;       ;
;    IC                  ;       ; 2     ; 0.236       ; 44         ; 0.000 ; 0.236 ;
;    Cell                ;       ; 3     ; 0.297       ; 56         ; 0.000 ; 0.226 ;
;    uTco                ;       ; 1     ; 0.000       ; 0          ; 0.000 ; 0.000 ;
;  Required Path         ;       ;       ;             ;            ;       ;       ;
;   Clock                ;       ;       ;             ;            ;       ;       ;
;    IC                  ;       ; 2     ; 5.080       ; 85         ; 2.340 ; 2.740 ;
;    Cell                ;       ; 2     ; 0.899       ; 15         ; 0.321 ; 0.578 ;
+------------------------+-------+-------+-------------+------------+-------+-------+
Note: Negative delays are omitted from totals when calculating percentages

+---------------------------------------------------------------------------------------------------------------------------------------------------+
; Data Arrival Path                                                                                                                                 ;
+---------+---------+----+------+--------+----------------------+-----------------------------------------------------------------------------------+
; Total   ; Incr    ; RF ; Type ; Fanout ; Location             ; Element                                                                           ;
+---------+---------+----+------+--------+----------------------+-----------------------------------------------------------------------------------+
; 0.000   ; 0.000   ;    ;      ;        ;                      ; launch edge time                                                                  ;
; 3.254   ; 3.254   ;    ;      ;        ;                      ; clock path                                                                        ;
;   0.000 ;   0.000 ;    ;      ;        ;                      ; source latency                                                                    ;
;   0.000 ;   0.000 ;    ;      ; 1      ; LABCELL_X1_Y36_N3    ; vid_clk                                                                           ;
;   0.581 ;   0.581 ; RR ; IC   ; 1      ; CLKCTRL_G3           ; vid_clk~CLKENA0|inclk                                                             ;
;   0.876 ;   0.295 ; RR ; CELL ; 746    ; CLKCTRL_G3           ; vid_clk~CLKENA0|outclk                                                            ;
;   2.773 ;   1.897 ; RR ; IC   ; 1      ; FF_X39_Y26_N26       ; u_scanout|u_ser|starve_q[39]~DUPLICATE|clk                                        ;
;   3.254 ;   0.481 ; RR ; CELL ; 1      ; FF_X39_Y26_N26       ; zhao_video_scanout:u_scanout|zhao_scanout_serializer:u_ser|starve_q[39]~DUPLICATE ;
; 3.787   ; 0.533   ;    ;      ;        ;                      ; data path                                                                         ;
;   3.254 ;   0.000 ;    ; uTco ; 1      ; FF_X39_Y26_N26       ; zhao_video_scanout:u_scanout|zhao_scanout_serializer:u_ser|starve_q[39]~DUPLICATE ;
;   3.254 ;   0.000 ; FF ; CELL ; 4      ; FF_X39_Y26_N26       ; u_scanout|u_ser|starve_q[39]~DUPLICATE|q                                          ;
;   3.490 ;   0.236 ; FF ; IC   ; 2      ; MLABCELL_X39_Y26_N24 ; u_scanout|u_ser|Add5~153|datac                                                    ;
;   3.716 ;   0.226 ; FR ; CELL ; 2      ; MLABCELL_X39_Y26_N24 ; u_scanout|u_ser|Add5~153|sumout                                                   ;
;   3.716 ;   0.000 ; RR ; IC   ; 1      ; FF_X39_Y26_N25       ; u_scanout|u_ser|starve_q[39]|d                                                    ;
;   3.787 ;   0.071 ; RR ; CELL ; 1      ; FF_X39_Y26_N25       ; zhao_video_scanout:u_scanout|zhao_scanout_serializer:u_ser|starve_q[39]           ;
+---------+---------+----+------+--------+----------------------+-----------------------------------------------------------------------------------+

+---------------------------------------------------------------------------------------------------------------------------------------+
; Data Required Path                                                                                                                    ;
+---------+----------+----+------+--------+-------------------+-------------------------------------------------------------------------+
; Total   ; Incr     ; RF ; Type ; Fanout ; Location          ; Element                                                                 ;
+---------+----------+----+------+--------+-------------------+-------------------------------------------------------------------------+
; 0.000   ; 0.000    ;    ;      ;        ;                   ; latch edge time                                                         ;
; 3.380   ; 3.380    ;    ;      ;        ;                   ; clock path                                                              ;
;   0.000 ;   0.000  ;    ;      ;        ;                   ; source latency                                                          ;
;   0.000 ;   0.000  ;    ;      ; 1      ; LABCELL_X1_Y36_N3 ; vid_clk                                                                 ;
;   2.740 ;   2.740  ; RR ; IC   ; 1      ; CLKCTRL_G3        ; vid_clk~CLKENA0|inclk                                                   ;
;   3.061 ;   0.321  ; RR ; CELL ; 746    ; CLKCTRL_G3        ; vid_clk~CLKENA0|outclk                                                  ;
;   5.401 ;   2.340  ; RR ; IC   ; 1      ; FF_X39_Y26_N25    ; u_scanout|u_ser|starve_q[39]|clk                                        ;
;   5.979 ;   0.578  ; RR ; CELL ; 1      ; FF_X39_Y26_N25    ; zhao_video_scanout:u_scanout|zhao_scanout_serializer:u_ser|starve_q[39] ;
;   3.380 ;   -2.599 ;    ;      ;        ;                   ; clock pessimism removed                                                 ;
; 3.380   ; 0.000    ;    ;      ;        ;                   ; clock uncertainty                                                       ;
; 3.380   ; 0.000    ;    ; uTh  ; 1      ; FF_X39_Y26_N25    ; zhao_video_scanout:u_scanout|zhao_scanout_serializer:u_ser|starve_q[39] ;
+---------+----------+----+------+--------+-------------------+-------------------------------------------------------------------------+

----------------------------
; Extra Fitter Information ;
----------------------------
HTML report is unavailable in plain text report export.


Path #29: Hold slack is 0.407 
===============================================================================
+--------------------------------------------------------------------------+
; Path Summary                                                             ;
+--------------------+-----------------------------------------------------+
; Property           ; Value                                               ;
+--------------------+-----------------------------------------------------+
; From Node          ; zhao_hps_bridge:u_bridge|hps_err_count[9]~DUPLICATE ;
; To Node            ; zhao_hps_bridge:u_bridge|hps_err_count[9]           ;
; Launch Clock       ; gpu_clk                                             ;
; Latch Clock        ; gpu_clk                                             ;
; Data Arrival Time  ; 3.795                                               ;
; Data Required Time ; 3.388                                               ;
; Slack              ; 0.407                                               ;
+--------------------+-----------------------------------------------------+

+-----------------------------------------------------------------------------------+
; Statistics                                                                        ;
+------------------------+-------+-------+-------------+------------+-------+-------+
; Property               ; Value ; Count ; Total Delay ; % of Total ; Min   ; Max   ;
+------------------------+-------+-------+-------------+------------+-------+-------+
; Hold Relationship      ; 0.000 ;       ;             ;            ;       ;       ;
; Clock Skew             ; 0.126 ;       ;             ;            ;       ;       ;
; Data Delay             ; 0.533 ;       ;             ;            ;       ;       ;
; Number of Logic Levels ;       ; 1     ;             ;            ;       ;       ;
; Physical Delays        ;       ;       ;             ;            ;       ;       ;
;  Arrival Path          ;       ;       ;             ;            ;       ;       ;
;   Clock                ;       ;       ;             ;            ;       ;       ;
;    IC                  ;       ; 2     ; 2.486       ; 76         ; 0.576 ; 1.910 ;
;    Cell                ;       ; 2     ; 0.776       ; 24         ; 0.295 ; 0.481 ;
;   Data                 ;       ;       ;             ;            ;       ;       ;
;    IC                  ;       ; 2     ; 0.236       ; 44         ; 0.000 ; 0.236 ;
;    Cell                ;       ; 3     ; 0.297       ; 56         ; 0.000 ; 0.226 ;
;    uTco                ;       ; 1     ; 0.000       ; 0          ; 0.000 ; 0.000 ;
;  Required Path         ;       ;       ;             ;            ;       ;       ;
;   Clock                ;       ;       ;             ;            ;       ;       ;
;    IC                  ;       ; 2     ; 5.088       ; 85         ; 2.354 ; 2.734 ;
;    Cell                ;       ; 2     ; 0.899       ; 15         ; 0.321 ; 0.578 ;
+------------------------+-------+-------+-------------+------------+-------+-------+
Note: Negative delays are omitted from totals when calculating percentages

+---------------------------------------------------------------------------------------------------------------------+
; Data Arrival Path                                                                                                   ;
+---------+---------+----+------+--------+----------------------+-----------------------------------------------------+
; Total   ; Incr    ; RF ; Type ; Fanout ; Location             ; Element                                             ;
+---------+---------+----+------+--------+----------------------+-----------------------------------------------------+
; 0.000   ; 0.000   ;    ;      ;        ;                      ; launch edge time                                    ;
; 3.262   ; 3.262   ;    ;      ;        ;                      ; clock path                                          ;
;   0.000 ;   0.000 ;    ;      ;        ;                      ; source latency                                      ;
;   0.000 ;   0.000 ;    ;      ; 1      ; LABCELL_X1_Y36_N9    ; gpu_clk                                             ;
;   0.576 ;   0.576 ; RR ; IC   ; 1      ; CLKCTRL_G2           ; gpu_clk~CLKENA0|inclk                               ;
;   0.871 ;   0.295 ; RR ; CELL ; 9078   ; CLKCTRL_G2           ; gpu_clk~CLKENA0|outclk                              ;
;   2.781 ;   1.910 ; RR ; IC   ; 1      ; FF_X34_Y31_N26       ; u_bridge|hps_err_count[9]~DUPLICATE|clk             ;
;   3.262 ;   0.481 ; RR ; CELL ; 1      ; FF_X34_Y31_N26       ; zhao_hps_bridge:u_bridge|hps_err_count[9]~DUPLICATE ;
; 3.795   ; 0.533   ;    ;      ;        ;                      ; data path                                           ;
;   3.262 ;   0.000 ;    ; uTco ; 1      ; FF_X34_Y31_N26       ; zhao_hps_bridge:u_bridge|hps_err_count[9]~DUPLICATE ;
;   3.262 ;   0.000 ; FF ; CELL ; 1      ; FF_X34_Y31_N26       ; u_bridge|hps_err_count[9]~DUPLICATE|q               ;
;   3.498 ;   0.236 ; FF ; IC   ; 2      ; MLABCELL_X34_Y31_N24 ; u_bridge|Add0~33|datac                              ;
;   3.724 ;   0.226 ; FR ; CELL ; 2      ; MLABCELL_X34_Y31_N24 ; u_bridge|Add0~33|sumout                             ;
;   3.724 ;   0.000 ; RR ; IC   ; 1      ; FF_X34_Y31_N25       ; u_bridge|hps_err_count[9]|d                         ;
;   3.795 ;   0.071 ; RR ; CELL ; 1      ; FF_X34_Y31_N25       ; zhao_hps_bridge:u_bridge|hps_err_count[9]           ;
+---------+---------+----+------+--------+----------------------+-----------------------------------------------------+

+---------------------------------------------------------------------------------------------------------+
; Data Required Path                                                                                      ;
+---------+----------+----+------+--------+-------------------+-------------------------------------------+
; Total   ; Incr     ; RF ; Type ; Fanout ; Location          ; Element                                   ;
+---------+----------+----+------+--------+-------------------+-------------------------------------------+
; 0.000   ; 0.000    ;    ;      ;        ;                   ; latch edge time                           ;
; 3.388   ; 3.388    ;    ;      ;        ;                   ; clock path                                ;
;   0.000 ;   0.000  ;    ;      ;        ;                   ; source latency                            ;
;   0.000 ;   0.000  ;    ;      ; 1      ; LABCELL_X1_Y36_N9 ; gpu_clk                                   ;
;   2.734 ;   2.734  ; RR ; IC   ; 1      ; CLKCTRL_G2        ; gpu_clk~CLKENA0|inclk                     ;
;   3.055 ;   0.321  ; RR ; CELL ; 9078   ; CLKCTRL_G2        ; gpu_clk~CLKENA0|outclk                    ;
;   5.409 ;   2.354  ; RR ; IC   ; 1      ; FF_X34_Y31_N25    ; u_bridge|hps_err_count[9]|clk             ;
;   5.987 ;   0.578  ; RR ; CELL ; 1      ; FF_X34_Y31_N25    ; zhao_hps_bridge:u_bridge|hps_err_count[9] ;
;   3.388 ;   -2.599 ;    ;      ;        ;                   ; clock pessimism removed                   ;
; 3.388   ; 0.000    ;    ;      ;        ;                   ; clock uncertainty                         ;
; 3.388   ; 0.000    ;    ; uTh  ; 1      ; FF_X34_Y31_N25    ; zhao_hps_bridge:u_bridge|hps_err_count[9] ;
+---------+----------+----+------+--------+-------------------+-------------------------------------------+

----------------------------
; Extra Fitter Information ;
----------------------------
HTML report is unavailable in plain text report export.


Path #30: Hold slack is 0.408 
===============================================================================
+----------------------------------------------------------------------------+
; Path Summary                                                               ;
+--------------------+-------------------------------------------------------+
; Property           ; Value                                                 ;
+--------------------+-------------------------------------------------------+
; From Node          ; zhao_input_rumble:u_rumble|dropped_live[36]~DUPLICATE ;
; To Node            ; zhao_input_rumble:u_rumble|dropped_live[36]           ;
; Launch Clock       ; gpu_clk                                               ;
; Latch Clock        ; gpu_clk                                               ;
; Data Arrival Time  ; 3.812                                                 ;
; Data Required Time ; 3.404                                                 ;
; Slack              ; 0.408                                                 ;
+--------------------+-------------------------------------------------------+

+-----------------------------------------------------------------------------------+
; Statistics                                                                        ;
+------------------------+-------+-------+-------------+------------+-------+-------+
; Property               ; Value ; Count ; Total Delay ; % of Total ; Min   ; Max   ;
+------------------------+-------+-------+-------------+------------+-------+-------+
; Hold Relationship      ; 0.000 ;       ;             ;            ;       ;       ;
; Clock Skew             ; 0.123 ;       ;             ;            ;       ;       ;
; Data Delay             ; 0.531 ;       ;             ;            ;       ;       ;
; Number of Logic Levels ;       ; 1     ;             ;            ;       ;       ;
; Physical Delays        ;       ;       ;             ;            ;       ;       ;
;  Arrival Path          ;       ;       ;             ;            ;       ;       ;
;   Clock                ;       ;       ;             ;            ;       ;       ;
;    IC                  ;       ; 2     ; 2.504       ; 76         ; 0.576 ; 1.928 ;
;    Cell                ;       ; 2     ; 0.777       ; 24         ; 0.295 ; 0.482 ;
;   Data                 ;       ;       ;             ;            ;       ;       ;
;    IC                  ;       ; 2     ; 0.234       ; 44         ; 0.000 ; 0.234 ;
;    Cell                ;       ; 3     ; 0.297       ; 56         ; 0.000 ; 0.226 ;
;    uTco                ;       ; 1     ; 0.000       ; 0          ; 0.000 ; 0.000 ;
;  Required Path         ;       ;       ;             ;            ;       ;       ;
;   Clock                ;       ;       ;             ;            ;       ;       ;
;    IC                  ;       ; 2     ; 5.110       ; 85         ; 2.376 ; 2.734 ;
;    Cell                ;       ; 2     ; 0.896       ; 15         ; 0.321 ; 0.575 ;
+------------------------+-------+-------+-------------+------------+-------+-------+
Note: Negative delays are omitted from totals when calculating percentages

+-----------------------------------------------------------------------------------------------------------------------+
; Data Arrival Path                                                                                                     ;
+---------+---------+----+------+--------+----------------------+-------------------------------------------------------+
; Total   ; Incr    ; RF ; Type ; Fanout ; Location             ; Element                                               ;
+---------+---------+----+------+--------+----------------------+-------------------------------------------------------+
; 0.000   ; 0.000   ;    ;      ;        ;                      ; launch edge time                                      ;
; 3.281   ; 3.281   ;    ;      ;        ;                      ; clock path                                            ;
;   0.000 ;   0.000 ;    ;      ;        ;                      ; source latency                                        ;
;   0.000 ;   0.000 ;    ;      ; 1      ; LABCELL_X1_Y36_N9    ; gpu_clk                                               ;
;   0.576 ;   0.576 ; RR ; IC   ; 1      ; CLKCTRL_G2           ; gpu_clk~CLKENA0|inclk                                 ;
;   0.871 ;   0.295 ; RR ; CELL ; 9078   ; CLKCTRL_G2           ; gpu_clk~CLKENA0|outclk                                ;
;   2.799 ;   1.928 ; RR ; IC   ; 1      ; FF_X47_Y24_N20       ; u_rumble|dropped_live[36]~DUPLICATE|clk               ;
;   3.281 ;   0.482 ; RR ; CELL ; 1      ; FF_X47_Y24_N20       ; zhao_input_rumble:u_rumble|dropped_live[36]~DUPLICATE ;
; 3.812   ; 0.531   ;    ;      ;        ;                      ; data path                                             ;
;   3.281 ;   0.000 ;    ; uTco ; 1      ; FF_X47_Y24_N20       ; zhao_input_rumble:u_rumble|dropped_live[36]~DUPLICATE ;
;   3.281 ;   0.000 ; FF ; CELL ; 1      ; FF_X47_Y24_N20       ; u_rumble|dropped_live[36]~DUPLICATE|q                 ;
;   3.515 ;   0.234 ; FF ; IC   ; 2      ; MLABCELL_X47_Y24_N18 ; u_rumble|Add2~145|datac                               ;
;   3.741 ;   0.226 ; FR ; CELL ; 2      ; MLABCELL_X47_Y24_N18 ; u_rumble|Add2~145|sumout                              ;
;   3.741 ;   0.000 ; RR ; IC   ; 1      ; FF_X47_Y24_N19       ; u_rumble|dropped_live[36]|d                           ;
;   3.812 ;   0.071 ; RR ; CELL ; 1      ; FF_X47_Y24_N19       ; zhao_input_rumble:u_rumble|dropped_live[36]           ;
+---------+---------+----+------+--------+----------------------+-------------------------------------------------------+

+-----------------------------------------------------------------------------------------------------------+
; Data Required Path                                                                                        ;
+---------+----------+----+------+--------+-------------------+---------------------------------------------+
; Total   ; Incr     ; RF ; Type ; Fanout ; Location          ; Element                                     ;
+---------+----------+----+------+--------+-------------------+---------------------------------------------+
; 0.000   ; 0.000    ;    ;      ;        ;                   ; latch edge time                             ;
; 3.404   ; 3.404    ;    ;      ;        ;                   ; clock path                                  ;
;   0.000 ;   0.000  ;    ;      ;        ;                   ; source latency                              ;
;   0.000 ;   0.000  ;    ;      ; 1      ; LABCELL_X1_Y36_N9 ; gpu_clk                                     ;
;   2.734 ;   2.734  ; RR ; IC   ; 1      ; CLKCTRL_G2        ; gpu_clk~CLKENA0|inclk                       ;
;   3.055 ;   0.321  ; RR ; CELL ; 9078   ; CLKCTRL_G2        ; gpu_clk~CLKENA0|outclk                      ;
;   5.431 ;   2.376  ; RR ; IC   ; 1      ; FF_X47_Y24_N19    ; u_rumble|dropped_live[36]|clk               ;
;   6.006 ;   0.575  ; RR ; CELL ; 1      ; FF_X47_Y24_N19    ; zhao_input_rumble:u_rumble|dropped_live[36] ;
;   3.404 ;   -2.602 ;    ;      ;        ;                   ; clock pessimism removed                     ;
; 3.404   ; 0.000    ;    ;      ;        ;                   ; clock uncertainty                           ;
; 3.404   ; 0.000    ;    ; uTh  ; 1      ; FF_X47_Y24_N19    ; zhao_input_rumble:u_rumble|dropped_live[36] ;
+---------+----------+----+------+--------+-------------------+---------------------------------------------+

----------------------------
; Extra Fitter Information ;
----------------------------
HTML report is unavailable in plain text report export.


Path #31: Hold slack is 0.408 
===============================================================================
+----------------------------------------------------------------------------+
; Path Summary                                                               ;
+--------------------+-------------------------------------------------------+
; Property           ; Value                                                 ;
+--------------------+-------------------------------------------------------+
; From Node          ; zhao_input_rumble:u_rumble|dropped_live[28]~DUPLICATE ;
; To Node            ; zhao_input_rumble:u_rumble|dropped_live[28]           ;
; Launch Clock       ; gpu_clk                                               ;
; Latch Clock        ; gpu_clk                                               ;
; Data Arrival Time  ; 3.813                                                 ;
; Data Required Time ; 3.405                                                 ;
; Slack              ; 0.408                                                 ;
+--------------------+-------------------------------------------------------+

+-----------------------------------------------------------------------------------+
; Statistics                                                                        ;
+------------------------+-------+-------+-------------+------------+-------+-------+
; Property               ; Value ; Count ; Total Delay ; % of Total ; Min   ; Max   ;
+------------------------+-------+-------+-------------+------------+-------+-------+
; Hold Relationship      ; 0.000 ;       ;             ;            ;       ;       ;
; Clock Skew             ; 0.126 ;       ;             ;            ;       ;       ;
; Data Delay             ; 0.534 ;       ;             ;            ;       ;       ;
; Number of Logic Levels ;       ; 1     ;             ;            ;       ;       ;
; Physical Delays        ;       ;       ;             ;            ;       ;       ;
;  Arrival Path          ;       ;       ;             ;            ;       ;       ;
;   Clock                ;       ;       ;             ;            ;       ;       ;
;    IC                  ;       ; 2     ; 2.503       ; 76         ; 0.576 ; 1.927 ;
;    Cell                ;       ; 2     ; 0.776       ; 24         ; 0.295 ; 0.481 ;
;   Data                 ;       ;       ;             ;            ;       ;       ;
;    IC                  ;       ; 2     ; 0.237       ; 44         ; 0.000 ; 0.237 ;
;    Cell                ;       ; 3     ; 0.297       ; 56         ; 0.000 ; 0.226 ;
;    uTco                ;       ; 1     ; 0.000       ; 0          ; 0.000 ; 0.000 ;
;  Required Path         ;       ;       ;             ;            ;       ;       ;
;   Clock                ;       ;       ;             ;            ;       ;       ;
;    IC                  ;       ; 2     ; 5.109       ; 85         ; 2.375 ; 2.734 ;
;    Cell                ;       ; 2     ; 0.899       ; 15         ; 0.321 ; 0.578 ;
+------------------------+-------+-------+-------------+------------+-------+-------+
Note: Negative delays are omitted from totals when calculating percentages

+-----------------------------------------------------------------------------------------------------------------------+
; Data Arrival Path                                                                                                     ;
+---------+---------+----+------+--------+----------------------+-------------------------------------------------------+
; Total   ; Incr    ; RF ; Type ; Fanout ; Location             ; Element                                               ;
+---------+---------+----+------+--------+----------------------+-------------------------------------------------------+
; 0.000   ; 0.000   ;    ;      ;        ;                      ; launch edge time                                      ;
; 3.279   ; 3.279   ;    ;      ;        ;                      ; clock path                                            ;
;   0.000 ;   0.000 ;    ;      ;        ;                      ; source latency                                        ;
;   0.000 ;   0.000 ;    ;      ; 1      ; LABCELL_X1_Y36_N9    ; gpu_clk                                               ;
;   0.576 ;   0.576 ; RR ; IC   ; 1      ; CLKCTRL_G2           ; gpu_clk~CLKENA0|inclk                                 ;
;   0.871 ;   0.295 ; RR ; CELL ; 9078   ; CLKCTRL_G2           ; gpu_clk~CLKENA0|outclk                                ;
;   2.798 ;   1.927 ; RR ; IC   ; 1      ; FF_X47_Y25_N56       ; u_rumble|dropped_live[28]~DUPLICATE|clk               ;
;   3.279 ;   0.481 ; RR ; CELL ; 1      ; FF_X47_Y25_N56       ; zhao_input_rumble:u_rumble|dropped_live[28]~DUPLICATE ;
; 3.813   ; 0.534   ;    ;      ;        ;                      ; data path                                             ;
;   3.279 ;   0.000 ;    ; uTco ; 1      ; FF_X47_Y25_N56       ; zhao_input_rumble:u_rumble|dropped_live[28]~DUPLICATE ;
;   3.279 ;   0.000 ; FF ; CELL ; 2      ; FF_X47_Y25_N56       ; u_rumble|dropped_live[28]~DUPLICATE|q                 ;
;   3.516 ;   0.237 ; FF ; IC   ; 2      ; MLABCELL_X47_Y25_N54 ; u_rumble|Add2~113|datac                               ;
;   3.742 ;   0.226 ; FR ; CELL ; 2      ; MLABCELL_X47_Y25_N54 ; u_rumble|Add2~113|sumout                              ;
;   3.742 ;   0.000 ; RR ; IC   ; 1      ; FF_X47_Y25_N55       ; u_rumble|dropped_live[28]|d                           ;
;   3.813 ;   0.071 ; RR ; CELL ; 1      ; FF_X47_Y25_N55       ; zhao_input_rumble:u_rumble|dropped_live[28]           ;
+---------+---------+----+------+--------+----------------------+-------------------------------------------------------+

+-----------------------------------------------------------------------------------------------------------+
; Data Required Path                                                                                        ;
+---------+----------+----+------+--------+-------------------+---------------------------------------------+
; Total   ; Incr     ; RF ; Type ; Fanout ; Location          ; Element                                     ;
+---------+----------+----+------+--------+-------------------+---------------------------------------------+
; 0.000   ; 0.000    ;    ;      ;        ;                   ; latch edge time                             ;
; 3.405   ; 3.405    ;    ;      ;        ;                   ; clock path                                  ;
;   0.000 ;   0.000  ;    ;      ;        ;                   ; source latency                              ;
;   0.000 ;   0.000  ;    ;      ; 1      ; LABCELL_X1_Y36_N9 ; gpu_clk                                     ;
;   2.734 ;   2.734  ; RR ; IC   ; 1      ; CLKCTRL_G2        ; gpu_clk~CLKENA0|inclk                       ;
;   3.055 ;   0.321  ; RR ; CELL ; 9078   ; CLKCTRL_G2        ; gpu_clk~CLKENA0|outclk                      ;
;   5.430 ;   2.375  ; RR ; IC   ; 1      ; FF_X47_Y25_N55    ; u_rumble|dropped_live[28]|clk               ;
;   6.008 ;   0.578  ; RR ; CELL ; 1      ; FF_X47_Y25_N55    ; zhao_input_rumble:u_rumble|dropped_live[28] ;
;   3.405 ;   -2.603 ;    ;      ;        ;                   ; clock pessimism removed                     ;
; 3.405   ; 0.000    ;    ;      ;        ;                   ; clock uncertainty                           ;
; 3.405   ; 0.000    ;    ; uTh  ; 1      ; FF_X47_Y25_N55    ; zhao_input_rumble:u_rumble|dropped_live[28] ;
+---------+----------+----+------+--------+-------------------+---------------------------------------------+

----------------------------
; Extra Fitter Information ;
----------------------------
HTML report is unavailable in plain text report export.


Path #32: Hold slack is 0.408 
===============================================================================
+--------------------------------------------------------------------------------------------------------+
; Path Summary                                                                                           ;
+--------------------+-----------------------------------------------------------------------------------+
; Property           ; Value                                                                             ;
+--------------------+-----------------------------------------------------------------------------------+
; From Node          ; zhao_video_scanout:u_scanout|zhao_scanout_serializer:u_ser|starve_q[31]~DUPLICATE ;
; To Node            ; zhao_video_scanout:u_scanout|zhao_scanout_serializer:u_ser|starve_q[31]           ;
; Launch Clock       ; vid_clk                                                                           ;
; Latch Clock        ; vid_clk                                                                           ;
; Data Arrival Time  ; 3.785                                                                             ;
; Data Required Time ; 3.377                                                                             ;
; Slack              ; 0.408                                                                             ;
+--------------------+-----------------------------------------------------------------------------------+

+-----------------------------------------------------------------------------------+
; Statistics                                                                        ;
+------------------------+-------+-------+-------------+------------+-------+-------+
; Property               ; Value ; Count ; Total Delay ; % of Total ; Min   ; Max   ;
+------------------------+-------+-------+-------------+------------+-------+-------+
; Hold Relationship      ; 0.000 ;       ;             ;            ;       ;       ;
; Clock Skew             ; 0.122 ;       ;             ;            ;       ;       ;
; Data Delay             ; 0.530 ;       ;             ;            ;       ;       ;
; Number of Logic Levels ;       ; 1     ;             ;            ;       ;       ;
; Physical Delays        ;       ;       ;             ;            ;       ;       ;
;  Arrival Path          ;       ;       ;             ;            ;       ;       ;
;   Clock                ;       ;       ;             ;            ;       ;       ;
;    IC                  ;       ; 2     ; 2.478       ; 76         ; 0.581 ; 1.897 ;
;    Cell                ;       ; 2     ; 0.777       ; 24         ; 0.295 ; 0.482 ;
;   Data                 ;       ;       ;             ;            ;       ;       ;
;    IC                  ;       ; 2     ; 0.233       ; 44         ; 0.000 ; 0.233 ;
;    Cell                ;       ; 3     ; 0.297       ; 56         ; 0.000 ; 0.226 ;
;    uTco                ;       ; 1     ; 0.000       ; 0          ; 0.000 ; 0.000 ;
;  Required Path         ;       ;       ;             ;            ;       ;       ;
;   Clock                ;       ;       ;             ;            ;       ;       ;
;    IC                  ;       ; 2     ; 5.080       ; 85         ; 2.340 ; 2.740 ;
;    Cell                ;       ; 2     ; 0.896       ; 15         ; 0.321 ; 0.575 ;
+------------------------+-------+-------+-------------+------------+-------+-------+
Note: Negative delays are omitted from totals when calculating percentages

+--------------------------------------------------------------------------------------------------------------------------------------------------+
; Data Arrival Path                                                                                                                                ;
+---------+---------+----+------+--------+---------------------+-----------------------------------------------------------------------------------+
; Total   ; Incr    ; RF ; Type ; Fanout ; Location            ; Element                                                                           ;
+---------+---------+----+------+--------+---------------------+-----------------------------------------------------------------------------------+
; 0.000   ; 0.000   ;    ;      ;        ;                     ; launch edge time                                                                  ;
; 3.255   ; 3.255   ;    ;      ;        ;                     ; clock path                                                                        ;
;   0.000 ;   0.000 ;    ;      ;        ;                     ; source latency                                                                    ;
;   0.000 ;   0.000 ;    ;      ; 1      ; LABCELL_X1_Y36_N3   ; vid_clk                                                                           ;
;   0.581 ;   0.581 ; RR ; IC   ; 1      ; CLKCTRL_G3          ; vid_clk~CLKENA0|inclk                                                             ;
;   0.876 ;   0.295 ; RR ; CELL ; 746    ; CLKCTRL_G3          ; vid_clk~CLKENA0|outclk                                                            ;
;   2.773 ;   1.897 ; RR ; IC   ; 1      ; FF_X39_Y26_N2       ; u_scanout|u_ser|starve_q[31]~DUPLICATE|clk                                        ;
;   3.255 ;   0.482 ; RR ; CELL ; 1      ; FF_X39_Y26_N2       ; zhao_video_scanout:u_scanout|zhao_scanout_serializer:u_ser|starve_q[31]~DUPLICATE ;
; 3.785   ; 0.530   ;    ;      ;        ;                     ; data path                                                                         ;
;   3.255 ;   0.000 ;    ; uTco ; 1      ; FF_X39_Y26_N2       ; zhao_video_scanout:u_scanout|zhao_scanout_serializer:u_ser|starve_q[31]~DUPLICATE ;
;   3.255 ;   0.000 ; FF ; CELL ; 5      ; FF_X39_Y26_N2       ; u_scanout|u_ser|starve_q[31]~DUPLICATE|q                                          ;
;   3.488 ;   0.233 ; FF ; IC   ; 2      ; MLABCELL_X39_Y26_N0 ; u_scanout|u_ser|Add5~121|datac                                                    ;
;   3.714 ;   0.226 ; FR ; CELL ; 2      ; MLABCELL_X39_Y26_N0 ; u_scanout|u_ser|Add5~121|sumout                                                   ;
;   3.714 ;   0.000 ; RR ; IC   ; 1      ; FF_X39_Y26_N1       ; u_scanout|u_ser|starve_q[31]|d                                                    ;
;   3.785 ;   0.071 ; RR ; CELL ; 1      ; FF_X39_Y26_N1       ; zhao_video_scanout:u_scanout|zhao_scanout_serializer:u_ser|starve_q[31]           ;
+---------+---------+----+------+--------+---------------------+-----------------------------------------------------------------------------------+

+---------------------------------------------------------------------------------------------------------------------------------------+
; Data Required Path                                                                                                                    ;
+---------+----------+----+------+--------+-------------------+-------------------------------------------------------------------------+
; Total   ; Incr     ; RF ; Type ; Fanout ; Location          ; Element                                                                 ;
+---------+----------+----+------+--------+-------------------+-------------------------------------------------------------------------+
; 0.000   ; 0.000    ;    ;      ;        ;                   ; latch edge time                                                         ;
; 3.377   ; 3.377    ;    ;      ;        ;                   ; clock path                                                              ;
;   0.000 ;   0.000  ;    ;      ;        ;                   ; source latency                                                          ;
;   0.000 ;   0.000  ;    ;      ; 1      ; LABCELL_X1_Y36_N3 ; vid_clk                                                                 ;
;   2.740 ;   2.740  ; RR ; IC   ; 1      ; CLKCTRL_G3        ; vid_clk~CLKENA0|inclk                                                   ;
;   3.061 ;   0.321  ; RR ; CELL ; 746    ; CLKCTRL_G3        ; vid_clk~CLKENA0|outclk                                                  ;
;   5.401 ;   2.340  ; RR ; IC   ; 1      ; FF_X39_Y26_N1     ; u_scanout|u_ser|starve_q[31]|clk                                        ;
;   5.976 ;   0.575  ; RR ; CELL ; 1      ; FF_X39_Y26_N1     ; zhao_video_scanout:u_scanout|zhao_scanout_serializer:u_ser|starve_q[31] ;
;   3.377 ;   -2.599 ;    ;      ;        ;                   ; clock pessimism removed                                                 ;
; 3.377   ; 0.000    ;    ;      ;        ;                   ; clock uncertainty                                                       ;
; 3.377   ; 0.000    ;    ; uTh  ; 1      ; FF_X39_Y26_N1     ; zhao_video_scanout:u_scanout|zhao_scanout_serializer:u_ser|starve_q[31] ;
+---------+----------+----+------+--------+-------------------+-------------------------------------------------------------------------+

----------------------------
; Extra Fitter Information ;
----------------------------
HTML report is unavailable in plain text report export.


Path #33: Hold slack is 0.408 
===============================================================================
+--------------------------------------------------------------------------------------------------------+
; Path Summary                                                                                           ;
+--------------------+-----------------------------------------------------------------------------------+
; Property           ; Value                                                                             ;
+--------------------+-----------------------------------------------------------------------------------+
; From Node          ; zhao_video_scanout:u_scanout|zhao_scanout_serializer:u_ser|starve_q[49]~DUPLICATE ;
; To Node            ; zhao_video_scanout:u_scanout|zhao_scanout_serializer:u_ser|starve_q[49]           ;
; Launch Clock       ; vid_clk                                                                           ;
; Latch Clock        ; vid_clk                                                                           ;
; Data Arrival Time  ; 3.788                                                                             ;
; Data Required Time ; 3.380                                                                             ;
; Slack              ; 0.408                                                                             ;
+--------------------+-----------------------------------------------------------------------------------+

+-----------------------------------------------------------------------------------+
; Statistics                                                                        ;
+------------------------+-------+-------+-------------+------------+-------+-------+
; Property               ; Value ; Count ; Total Delay ; % of Total ; Min   ; Max   ;
+------------------------+-------+-------+-------------+------------+-------+-------+
; Hold Relationship      ; 0.000 ;       ;             ;            ;       ;       ;
; Clock Skew             ; 0.126 ;       ;             ;            ;       ;       ;
; Data Delay             ; 0.534 ;       ;             ;            ;       ;       ;
; Number of Logic Levels ;       ; 1     ;             ;            ;       ;       ;
; Physical Delays        ;       ;       ;             ;            ;       ;       ;
;  Arrival Path          ;       ;       ;             ;            ;       ;       ;
;   Clock                ;       ;       ;             ;            ;       ;       ;
;    IC                  ;       ; 2     ; 2.478       ; 76         ; 0.581 ; 1.897 ;
;    Cell                ;       ; 2     ; 0.776       ; 24         ; 0.295 ; 0.481 ;
;   Data                 ;       ;       ;             ;            ;       ;       ;
;    IC                  ;       ; 2     ; 0.237       ; 44         ; 0.000 ; 0.237 ;
;    Cell                ;       ; 3     ; 0.297       ; 56         ; 0.000 ; 0.226 ;
;    uTco                ;       ; 1     ; 0.000       ; 0          ; 0.000 ; 0.000 ;
;  Required Path         ;       ;       ;             ;            ;       ;       ;
;   Clock                ;       ;       ;             ;            ;       ;       ;
;    IC                  ;       ; 2     ; 5.080       ; 85         ; 2.340 ; 2.740 ;
;    Cell                ;       ; 2     ; 0.899       ; 15         ; 0.321 ; 0.578 ;
+------------------------+-------+-------+-------------+------------+-------+-------+
Note: Negative delays are omitted from totals when calculating percentages

+---------------------------------------------------------------------------------------------------------------------------------------------------+
; Data Arrival Path                                                                                                                                 ;
+---------+---------+----+------+--------+----------------------+-----------------------------------------------------------------------------------+
; Total   ; Incr    ; RF ; Type ; Fanout ; Location             ; Element                                                                           ;
+---------+---------+----+------+--------+----------------------+-----------------------------------------------------------------------------------+
; 0.000   ; 0.000   ;    ;      ;        ;                      ; launch edge time                                                                  ;
; 3.254   ; 3.254   ;    ;      ;        ;                      ; clock path                                                                        ;
;   0.000 ;   0.000 ;    ;      ;        ;                      ; source latency                                                                    ;
;   0.000 ;   0.000 ;    ;      ; 1      ; LABCELL_X1_Y36_N3    ; vid_clk                                                                           ;
;   0.581 ;   0.581 ; RR ; IC   ; 1      ; CLKCTRL_G3           ; vid_clk~CLKENA0|inclk                                                             ;
;   0.876 ;   0.295 ; RR ; CELL ; 746    ; CLKCTRL_G3           ; vid_clk~CLKENA0|outclk                                                            ;
;   2.773 ;   1.897 ; RR ; IC   ; 1      ; FF_X39_Y26_N56       ; u_scanout|u_ser|starve_q[49]~DUPLICATE|clk                                        ;
;   3.254 ;   0.481 ; RR ; CELL ; 1      ; FF_X39_Y26_N56       ; zhao_video_scanout:u_scanout|zhao_scanout_serializer:u_ser|starve_q[49]~DUPLICATE ;
; 3.788   ; 0.534   ;    ;      ;        ;                      ; data path                                                                         ;
;   3.254 ;   0.000 ;    ; uTco ; 1      ; FF_X39_Y26_N56       ; zhao_video_scanout:u_scanout|zhao_scanout_serializer:u_ser|starve_q[49]~DUPLICATE ;
;   3.254 ;   0.000 ; FF ; CELL ; 5      ; FF_X39_Y26_N56       ; u_scanout|u_ser|starve_q[49]~DUPLICATE|q                                          ;
;   3.491 ;   0.237 ; FF ; IC   ; 2      ; MLABCELL_X39_Y26_N54 ; u_scanout|u_ser|Add5~193|datac                                                    ;
;   3.717 ;   0.226 ; FR ; CELL ; 2      ; MLABCELL_X39_Y26_N54 ; u_scanout|u_ser|Add5~193|sumout                                                   ;
;   3.717 ;   0.000 ; RR ; IC   ; 1      ; FF_X39_Y26_N55       ; u_scanout|u_ser|starve_q[49]|d                                                    ;
;   3.788 ;   0.071 ; RR ; CELL ; 1      ; FF_X39_Y26_N55       ; zhao_video_scanout:u_scanout|zhao_scanout_serializer:u_ser|starve_q[49]           ;
+---------+---------+----+------+--------+----------------------+-----------------------------------------------------------------------------------+

+---------------------------------------------------------------------------------------------------------------------------------------+
; Data Required Path                                                                                                                    ;
+---------+----------+----+------+--------+-------------------+-------------------------------------------------------------------------+
; Total   ; Incr     ; RF ; Type ; Fanout ; Location          ; Element                                                                 ;
+---------+----------+----+------+--------+-------------------+-------------------------------------------------------------------------+
; 0.000   ; 0.000    ;    ;      ;        ;                   ; latch edge time                                                         ;
; 3.380   ; 3.380    ;    ;      ;        ;                   ; clock path                                                              ;
;   0.000 ;   0.000  ;    ;      ;        ;                   ; source latency                                                          ;
;   0.000 ;   0.000  ;    ;      ; 1      ; LABCELL_X1_Y36_N3 ; vid_clk                                                                 ;
;   2.740 ;   2.740  ; RR ; IC   ; 1      ; CLKCTRL_G3        ; vid_clk~CLKENA0|inclk                                                   ;
;   3.061 ;   0.321  ; RR ; CELL ; 746    ; CLKCTRL_G3        ; vid_clk~CLKENA0|outclk                                                  ;
;   5.401 ;   2.340  ; RR ; IC   ; 1      ; FF_X39_Y26_N55    ; u_scanout|u_ser|starve_q[49]|clk                                        ;
;   5.979 ;   0.578  ; RR ; CELL ; 1      ; FF_X39_Y26_N55    ; zhao_video_scanout:u_scanout|zhao_scanout_serializer:u_ser|starve_q[49] ;
;   3.380 ;   -2.599 ;    ;      ;        ;                   ; clock pessimism removed                                                 ;
; 3.380   ; 0.000    ;    ;      ;        ;                   ; clock uncertainty                                                       ;
; 3.380   ; 0.000    ;    ; uTh  ; 1      ; FF_X39_Y26_N55    ; zhao_video_scanout:u_scanout|zhao_scanout_serializer:u_ser|starve_q[49] ;
+---------+----------+----+------+--------+-------------------+-------------------------------------------------------------------------+

----------------------------
; Extra Fitter Information ;
----------------------------
HTML report is unavailable in plain text report export.


Path #34: Hold slack is 0.408 
===============================================================================
+-------------------------------------------------------+
; Path Summary                                          ;
+--------------------+----------------------------------+
; Property           ; Value                            ;
+--------------------+----------------------------------+
; From Node          ; zhao_debug_crc:u_crc|fin_crc[21] ;
; To Node            ; crc_frame_hold[21]               ;
; Launch Clock       ; vid_clk                          ;
; Latch Clock        ; vid_clk                          ;
; Data Arrival Time  ; 3.951                            ;
; Data Required Time ; 3.543                            ;
; Slack              ; 0.408                            ;
+--------------------+----------------------------------+

+-----------------------------------------------------------------------------------+
; Statistics                                                                        ;
+------------------------+-------+-------+-------------+------------+-------+-------+
; Property               ; Value ; Count ; Total Delay ; % of Total ; Min   ; Max   ;
+------------------------+-------+-------+-------------+------------+-------+-------+
; Hold Relationship      ; 0.000 ;       ;             ;            ;       ;       ;
; Clock Skew             ; 0.123 ;       ;             ;            ;       ;       ;
; Data Delay             ; 0.531 ;       ;             ;            ;       ;       ;
; Number of Logic Levels ;       ; 0     ;             ;            ;       ;       ;
; Physical Delays        ;       ;       ;             ;            ;       ;       ;
;  Arrival Path          ;       ;       ;             ;            ;       ;       ;
;   Clock                ;       ;       ;             ;            ;       ;       ;
;    IC                  ;       ; 2     ; 2.625       ; 77         ; 0.581 ; 2.044 ;
;    Cell                ;       ; 2     ; 0.795       ; 23         ; 0.295 ; 0.500 ;
;   Data                 ;       ;       ;             ;            ;       ;       ;
;    IC                  ;       ; 1     ; 0.251       ; 47         ; 0.251 ; 0.251 ;
;    Cell                ;       ; 2     ; 0.280       ; 53         ; 0.000 ; 0.280 ;
;    uTco                ;       ; 1     ; 0.000       ; 0          ; 0.000 ; 0.000 ;
;  Required Path         ;       ;       ;             ;            ;       ;       ;
;   Clock                ;       ;       ;             ;            ;       ;       ;
;    IC                  ;       ; 2     ; 5.243       ; 85         ; 2.503 ; 2.740 ;
;    Cell                ;       ; 2     ; 0.911       ; 15         ; 0.321 ; 0.590 ;
+------------------------+-------+-------+-------------+------------+-------+-------+
Note: Negative delays are omitted from totals when calculating percentages

+-----------------------------------------------------------------------------------------------+
; Data Arrival Path                                                                             ;
+---------+---------+----+------+--------+-------------------+----------------------------------+
; Total   ; Incr    ; RF ; Type ; Fanout ; Location          ; Element                          ;
+---------+---------+----+------+--------+-------------------+----------------------------------+
; 0.000   ; 0.000   ;    ;      ;        ;                   ; launch edge time                 ;
; 3.420   ; 3.420   ;    ;      ;        ;                   ; clock path                       ;
;   0.000 ;   0.000 ;    ;      ;        ;                   ; source latency                   ;
;   0.000 ;   0.000 ;    ;      ; 1      ; LABCELL_X1_Y36_N3 ; vid_clk                          ;
;   0.581 ;   0.581 ; RR ; IC   ; 1      ; CLKCTRL_G3        ; vid_clk~CLKENA0|inclk            ;
;   0.876 ;   0.295 ; RR ; CELL ; 746    ; CLKCTRL_G3        ; vid_clk~CLKENA0|outclk           ;
;   2.920 ;   2.044 ; RR ; IC   ; 1      ; FF_X39_Y59_N20    ; u_crc|fin_crc[21]|clk            ;
;   3.420 ;   0.500 ; RR ; CELL ; 1      ; FF_X39_Y59_N20    ; zhao_debug_crc:u_crc|fin_crc[21] ;
; 3.951   ; 0.531   ;    ;      ;        ;                   ; data path                        ;
;   3.420 ;   0.000 ;    ; uTco ; 1      ; FF_X39_Y59_N20    ; zhao_debug_crc:u_crc|fin_crc[21] ;
;   3.420 ;   0.000 ; FF ; CELL ; 1      ; FF_X39_Y59_N20    ; u_crc|fin_crc[21]|q              ;
;   3.671 ;   0.251 ; FF ; IC   ; 1      ; FF_X39_Y59_N8     ; crc_frame_hold[21]|asdata        ;
;   3.951 ;   0.280 ; FF ; CELL ; 1      ; FF_X39_Y59_N8     ; crc_frame_hold[21]               ;
+---------+---------+----+------+--------+-------------------+----------------------------------+

+---------------------------------------------------------------------------------------+
; Data Required Path                                                                    ;
+---------+----------+----+------+--------+-------------------+-------------------------+
; Total   ; Incr     ; RF ; Type ; Fanout ; Location          ; Element                 ;
+---------+----------+----+------+--------+-------------------+-------------------------+
; 0.000   ; 0.000    ;    ;      ;        ;                   ; latch edge time         ;
; 3.543   ; 3.543    ;    ;      ;        ;                   ; clock path              ;
;   0.000 ;   0.000  ;    ;      ;        ;                   ; source latency          ;
;   0.000 ;   0.000  ;    ;      ; 1      ; LABCELL_X1_Y36_N3 ; vid_clk                 ;
;   2.740 ;   2.740  ; RR ; IC   ; 1      ; CLKCTRL_G3        ; vid_clk~CLKENA0|inclk   ;
;   3.061 ;   0.321  ; RR ; CELL ; 746    ; CLKCTRL_G3        ; vid_clk~CLKENA0|outclk  ;
;   5.564 ;   2.503  ; RR ; IC   ; 1      ; FF_X39_Y59_N8     ; crc_frame_hold[21]|clk  ;
;   6.154 ;   0.590  ; RR ; CELL ; 1      ; FF_X39_Y59_N8     ; crc_frame_hold[21]      ;
;   3.543 ;   -2.611 ;    ;      ;        ;                   ; clock pessimism removed ;
; 3.543   ; 0.000    ;    ;      ;        ;                   ; clock uncertainty       ;
; 3.543   ; 0.000    ;    ; uTh  ; 1      ; FF_X39_Y59_N8     ; crc_frame_hold[21]      ;
+---------+----------+----+------+--------+-------------------+-------------------------+

----------------------------
; Extra Fitter Information ;
----------------------------
HTML report is unavailable in plain text report export.


Path #35: Hold slack is 0.409 
===============================================================================
+---------------------------------------------------------------------------+
; Path Summary                                                              ;
+--------------------+------------------------------------------------------+
; Property           ; Value                                                ;
+--------------------+------------------------------------------------------+
; From Node          ; zhao_hps_bridge:u_bridge|hps_err_count[17]~DUPLICATE ;
; To Node            ; zhao_hps_bridge:u_bridge|hps_err_count[17]           ;
; Launch Clock       ; gpu_clk                                              ;
; Latch Clock        ; gpu_clk                                              ;
; Data Arrival Time  ; 3.794                                                ;
; Data Required Time ; 3.385                                                ;
; Slack              ; 0.409                                                ;
+--------------------+------------------------------------------------------+

+-----------------------------------------------------------------------------------+
; Statistics                                                                        ;
+------------------------+-------+-------+-------------+------------+-------+-------+
; Property               ; Value ; Count ; Total Delay ; % of Total ; Min   ; Max   ;
+------------------------+-------+-------+-------------+------------+-------+-------+
; Hold Relationship      ; 0.000 ;       ;             ;            ;       ;       ;
; Clock Skew             ; 0.122 ;       ;             ;            ;       ;       ;
; Data Delay             ; 0.531 ;       ;             ;            ;       ;       ;
; Number of Logic Levels ;       ; 1     ;             ;            ;       ;       ;
; Physical Delays        ;       ;       ;             ;            ;       ;       ;
;  Arrival Path          ;       ;       ;             ;            ;       ;       ;
;   Clock                ;       ;       ;             ;            ;       ;       ;
;    IC                  ;       ; 2     ; 2.486       ; 76         ; 0.576 ; 1.910 ;
;    Cell                ;       ; 2     ; 0.777       ; 24         ; 0.295 ; 0.482 ;
;   Data                 ;       ;       ;             ;            ;       ;       ;
;    IC                  ;       ; 2     ; 0.234       ; 44         ; 0.000 ; 0.234 ;
;    Cell                ;       ; 3     ; 0.297       ; 56         ; 0.000 ; 0.226 ;
;    uTco                ;       ; 1     ; 0.000       ; 0          ; 0.000 ; 0.000 ;
;  Required Path         ;       ;       ;             ;            ;       ;       ;
;   Clock                ;       ;       ;             ;            ;       ;       ;
;    IC                  ;       ; 2     ; 5.088       ; 85         ; 2.354 ; 2.734 ;
;    Cell                ;       ; 2     ; 0.896       ; 15         ; 0.321 ; 0.575 ;
+------------------------+-------+-------+-------------+------------+-------+-------+
Note: Negative delays are omitted from totals when calculating percentages

+----------------------------------------------------------------------------------------------------------------------+
; Data Arrival Path                                                                                                    ;
+---------+---------+----+------+--------+----------------------+------------------------------------------------------+
; Total   ; Incr    ; RF ; Type ; Fanout ; Location             ; Element                                              ;
+---------+---------+----+------+--------+----------------------+------------------------------------------------------+
; 0.000   ; 0.000   ;    ;      ;        ;                      ; launch edge time                                     ;
; 3.263   ; 3.263   ;    ;      ;        ;                      ; clock path                                           ;
;   0.000 ;   0.000 ;    ;      ;        ;                      ; source latency                                       ;
;   0.000 ;   0.000 ;    ;      ; 1      ; LABCELL_X1_Y36_N9    ; gpu_clk                                              ;
;   0.576 ;   0.576 ; RR ; IC   ; 1      ; CLKCTRL_G2           ; gpu_clk~CLKENA0|inclk                                ;
;   0.871 ;   0.295 ; RR ; CELL ; 9078   ; CLKCTRL_G2           ; gpu_clk~CLKENA0|outclk                               ;
;   2.781 ;   1.910 ; RR ; IC   ; 1      ; FF_X34_Y31_N50       ; u_bridge|hps_err_count[17]~DUPLICATE|clk             ;
;   3.263 ;   0.482 ; RR ; CELL ; 1      ; FF_X34_Y31_N50       ; zhao_hps_bridge:u_bridge|hps_err_count[17]~DUPLICATE ;
; 3.794   ; 0.531   ;    ;      ;        ;                      ; data path                                            ;
;   3.263 ;   0.000 ;    ; uTco ; 1      ; FF_X34_Y31_N50       ; zhao_hps_bridge:u_bridge|hps_err_count[17]~DUPLICATE ;
;   3.263 ;   0.000 ; FF ; CELL ; 1      ; FF_X34_Y31_N50       ; u_bridge|hps_err_count[17]~DUPLICATE|q               ;
;   3.497 ;   0.234 ; FF ; IC   ; 2      ; MLABCELL_X34_Y31_N48 ; u_bridge|Add0~65|datac                               ;
;   3.723 ;   0.226 ; FR ; CELL ; 2      ; MLABCELL_X34_Y31_N48 ; u_bridge|Add0~65|sumout                              ;
;   3.723 ;   0.000 ; RR ; IC   ; 1      ; FF_X34_Y31_N49       ; u_bridge|hps_err_count[17]|d                         ;
;   3.794 ;   0.071 ; RR ; CELL ; 1      ; FF_X34_Y31_N49       ; zhao_hps_bridge:u_bridge|hps_err_count[17]           ;
+---------+---------+----+------+--------+----------------------+------------------------------------------------------+

+----------------------------------------------------------------------------------------------------------+
; Data Required Path                                                                                       ;
+---------+----------+----+------+--------+-------------------+--------------------------------------------+
; Total   ; Incr     ; RF ; Type ; Fanout ; Location          ; Element                                    ;
+---------+----------+----+------+--------+-------------------+--------------------------------------------+
; 0.000   ; 0.000    ;    ;      ;        ;                   ; latch edge time                            ;
; 3.385   ; 3.385    ;    ;      ;        ;                   ; clock path                                 ;
;   0.000 ;   0.000  ;    ;      ;        ;                   ; source latency                             ;
;   0.000 ;   0.000  ;    ;      ; 1      ; LABCELL_X1_Y36_N9 ; gpu_clk                                    ;
;   2.734 ;   2.734  ; RR ; IC   ; 1      ; CLKCTRL_G2        ; gpu_clk~CLKENA0|inclk                      ;
;   3.055 ;   0.321  ; RR ; CELL ; 9078   ; CLKCTRL_G2        ; gpu_clk~CLKENA0|outclk                     ;
;   5.409 ;   2.354  ; RR ; IC   ; 1      ; FF_X34_Y31_N49    ; u_bridge|hps_err_count[17]|clk             ;
;   5.984 ;   0.575  ; RR ; CELL ; 1      ; FF_X34_Y31_N49    ; zhao_hps_bridge:u_bridge|hps_err_count[17] ;
;   3.385 ;   -2.599 ;    ;      ;        ;                   ; clock pessimism removed                    ;
; 3.385   ; 0.000    ;    ;      ;        ;                   ; clock uncertainty                          ;
; 3.385   ; 0.000    ;    ; uTh  ; 1      ; FF_X34_Y31_N49    ; zhao_hps_bridge:u_bridge|hps_err_count[17] ;
+---------+----------+----+------+--------+-------------------+--------------------------------------------+

----------------------------
; Extra Fitter Information ;
----------------------------
HTML report is unavailable in plain text report export.


Path #36: Hold slack is 0.411 
===============================================================================
+----------------------------------+
; Path Summary                     ;
+--------------------+-------------+
; Property           ; Value       ;
+--------------------+-------------+
; From Node          ; f_w[32]     ;
; To Node            ; recq[7][32] ;
; Launch Clock       ; gpu_clk     ;
; Latch Clock        ; gpu_clk     ;
; Data Arrival Time  ; 4.259       ;
; Data Required Time ; 3.848       ;
; Slack              ; 0.411       ;
+--------------------+-------------+

+-----------------------------------------------------------------------------------+
; Statistics                                                                        ;
+------------------------+-------+-------+-------------+------------+-------+-------+
; Property               ; Value ; Count ; Total Delay ; % of Total ; Min   ; Max   ;
+------------------------+-------+-------+-------------+------------+-------+-------+
; Hold Relationship      ; 0.000 ;       ;             ;            ;       ;       ;
; Clock Skew             ; 0.533 ;       ;             ;            ;       ;       ;
; Data Delay             ; 0.944 ;       ;             ;            ;       ;       ;
; Number of Logic Levels ;       ; 2     ;             ;            ;       ;       ;
; Physical Delays        ;       ;       ;             ;            ;       ;       ;
;  Arrival Path          ;       ;       ;             ;            ;       ;       ;
;   Clock                ;       ;       ;             ;            ;       ;       ;
;    IC                  ;       ; 2     ; 2.530       ; 76         ; 0.576 ; 1.954 ;
;    Cell                ;       ; 2     ; 0.785       ; 24         ; 0.295 ; 0.490 ;
;   Data                 ;       ;       ;             ;            ;       ;       ;
;    IC                  ;       ; 3     ; 0.774       ; 82         ; 0.000 ; 0.477 ;
;    Cell                ;       ; 4     ; 0.170       ; 18         ; 0.000 ; 0.068 ;
;    uTco                ;       ; 1     ; 0.000       ; 0          ; 0.000 ; 0.000 ;
;  Required Path         ;       ;       ;             ;            ;       ;       ;
;   Clock                ;       ;       ;             ;            ;       ;       ;
;    IC                  ;       ; 2     ; 5.126       ; 85         ; 2.392 ; 2.734 ;
;    Cell                ;       ; 2     ; 0.906       ; 15         ; 0.321 ; 0.585 ;
+------------------------+-------+-------+-------------+------------+-------+-------+
Note: Negative delays are omitted from totals when calculating percentages

+--------------------------------------------------------------------------------------------+
; Data Arrival Path                                                                          ;
+---------+---------+----+------+--------+----------------------+----------------------------+
; Total   ; Incr    ; RF ; Type ; Fanout ; Location             ; Element                    ;
+---------+---------+----+------+--------+----------------------+----------------------------+
; 0.000   ; 0.000   ;    ;      ;        ;                      ; launch edge time           ;
; 3.315   ; 3.315   ;    ;      ;        ;                      ; clock path                 ;
;   0.000 ;   0.000 ;    ;      ;        ;                      ; source latency             ;
;   0.000 ;   0.000 ;    ;      ; 1      ; LABCELL_X1_Y36_N9    ; gpu_clk                    ;
;   0.576 ;   0.576 ; RR ; IC   ; 1      ; CLKCTRL_G2           ; gpu_clk~CLKENA0|inclk      ;
;   0.871 ;   0.295 ; RR ; CELL ; 9078   ; CLKCTRL_G2           ; gpu_clk~CLKENA0|outclk     ;
;   2.825 ;   1.954 ; RR ; IC   ; 1      ; FF_X25_Y47_N22       ; f_w[32]|clk                ;
;   3.315 ;   0.490 ; RR ; CELL ; 1      ; FF_X25_Y47_N22       ; f_w[32]                    ;
; 4.259   ; 0.944   ;    ;      ;        ;                      ; data path                  ;
;   3.315 ;   0.000 ;    ; uTco ; 1      ; FF_X25_Y47_N22       ; f_w[32]                    ;
;   3.315 ;   0.000 ; FF ; CELL ; 2      ; FF_X25_Y47_N22       ; f_w[32]|q                  ;
;   3.792 ;   0.477 ; FF ; IC   ; 1      ; MLABCELL_X25_Y47_N18 ; w_final[32]~104|dataf      ;
;   3.845 ;   0.053 ; FF ; CELL ; 8      ; MLABCELL_X25_Y47_N18 ; w_final[32]~104|combout    ;
;   4.142 ;   0.297 ; FF ; IC   ; 1      ; LABCELL_X24_Y47_N6   ; recq[7][32]~feeder|dataf   ;
;   4.191 ;   0.049 ; FF ; CELL ; 1      ; LABCELL_X24_Y47_N6   ; recq[7][32]~feeder|combout ;
;   4.191 ;   0.000 ; FF ; IC   ; 1      ; FF_X24_Y47_N7        ; recq[7][32]|d              ;
;   4.259 ;   0.068 ; FF ; CELL ; 1      ; FF_X24_Y47_N7        ; recq[7][32]                ;
+---------+---------+----+------+--------+----------------------+----------------------------+

+---------------------------------------------------------------------------------------+
; Data Required Path                                                                    ;
+---------+----------+----+------+--------+-------------------+-------------------------+
; Total   ; Incr     ; RF ; Type ; Fanout ; Location          ; Element                 ;
+---------+----------+----+------+--------+-------------------+-------------------------+
; 0.000   ; 0.000    ;    ;      ;        ;                   ; latch edge time         ;
; 3.848   ; 3.848    ;    ;      ;        ;                   ; clock path              ;
;   0.000 ;   0.000  ;    ;      ;        ;                   ; source latency          ;
;   0.000 ;   0.000  ;    ;      ; 1      ; LABCELL_X1_Y36_N9 ; gpu_clk                 ;
;   2.734 ;   2.734  ; RR ; IC   ; 1      ; CLKCTRL_G2        ; gpu_clk~CLKENA0|inclk   ;
;   3.055 ;   0.321  ; RR ; CELL ; 9078   ; CLKCTRL_G2        ; gpu_clk~CLKENA0|outclk  ;
;   5.447 ;   2.392  ; RR ; IC   ; 1      ; FF_X24_Y47_N7     ; recq[7][32]|clk         ;
;   6.032 ;   0.585  ; RR ; CELL ; 1      ; FF_X24_Y47_N7     ; recq[7][32]             ;
;   3.848 ;   -2.184 ;    ;      ;        ;                   ; clock pessimism removed ;
; 3.848   ; 0.000    ;    ;      ;        ;                   ; clock uncertainty       ;
; 3.848   ; 0.000    ;    ; uTh  ; 1      ; FF_X24_Y47_N7     ; recq[7][32]             ;
+---------+----------+----+------+--------+-------------------+-------------------------+

----------------------------
; Extra Fitter Information ;
----------------------------
HTML report is unavailable in plain text report export.


Path #37: Hold slack is 0.411 
===============================================================================
+--------------------------------------------------------------+
; Path Summary                                                 ;
+--------------------+-----------------------------------------+
; Property           ; Value                                   ;
+--------------------+-----------------------------------------+
; From Node          ; zhao_cmd_scheduler:u_sched|blit_src[18] ;
; To Node            ; r_blit_src[18]                          ;
; Launch Clock       ; gpu_clk                                 ;
; Latch Clock        ; gpu_clk                                 ;
; Data Arrival Time  ; 4.254                                   ;
; Data Required Time ; 3.843                                   ;
; Slack              ; 0.411                                   ;
+--------------------+-----------------------------------------+

+-----------------------------------------------------------------------------------+
; Statistics                                                                        ;
+------------------------+-------+-------+-------------+------------+-------+-------+
; Property               ; Value ; Count ; Total Delay ; % of Total ; Min   ; Max   ;
+------------------------+-------+-------+-------------+------------+-------+-------+
; Hold Relationship      ; 0.000 ;       ;             ;            ;       ;       ;
; Clock Skew             ; 0.521 ;       ;             ;            ;       ;       ;
; Data Delay             ; 0.932 ;       ;             ;            ;       ;       ;
; Number of Logic Levels ;       ; 1     ;             ;            ;       ;       ;
; Physical Delays        ;       ;       ;             ;            ;       ;       ;
;  Arrival Path          ;       ;       ;             ;            ;       ;       ;
;   Clock                ;       ;       ;             ;            ;       ;       ;
;    IC                  ;       ; 2     ; 2.532       ; 76         ; 0.576 ; 1.956 ;
;    Cell                ;       ; 2     ; 0.790       ; 24         ; 0.295 ; 0.495 ;
;   Data                 ;       ;       ;             ;            ;       ;       ;
;    IC                  ;       ; 2     ; 0.531       ; 57         ; 0.000 ; 0.531 ;
;    Cell                ;       ; 3     ; 0.401       ; 43         ; 0.000 ; 0.333 ;
;    uTco                ;       ; 1     ; 0.000       ; 0          ; 0.000 ; 0.000 ;
;  Required Path         ;       ;       ;             ;            ;       ;       ;
;   Clock                ;       ;       ;             ;            ;       ;       ;
;    IC                  ;       ; 2     ; 5.127       ; 85         ; 2.393 ; 2.734 ;
;    Cell                ;       ; 2     ; 0.900       ; 15         ; 0.321 ; 0.579 ;
+------------------------+-------+-------+-------------+------------+-------+-------+
Note: Negative delays are omitted from totals when calculating percentages

+--------------------------------------------------------------------------------------------------------+
; Data Arrival Path                                                                                      ;
+---------+---------+----+------+--------+---------------------+-----------------------------------------+
; Total   ; Incr    ; RF ; Type ; Fanout ; Location            ; Element                                 ;
+---------+---------+----+------+--------+---------------------+-----------------------------------------+
; 0.000   ; 0.000   ;    ;      ;        ;                     ; launch edge time                        ;
; 3.322   ; 3.322   ;    ;      ;        ;                     ; clock path                              ;
;   0.000 ;   0.000 ;    ;      ;        ;                     ; source latency                          ;
;   0.000 ;   0.000 ;    ;      ; 1      ; LABCELL_X1_Y36_N9   ; gpu_clk                                 ;
;   0.576 ;   0.576 ; RR ; IC   ; 1      ; CLKCTRL_G2          ; gpu_clk~CLKENA0|inclk                   ;
;   0.871 ;   0.295 ; RR ; CELL ; 9078   ; CLKCTRL_G2          ; gpu_clk~CLKENA0|outclk                  ;
;   2.827 ;   1.956 ; RR ; IC   ; 1      ; FF_X25_Y46_N56      ; u_sched|blit_src[18]|clk                ;
;   3.322 ;   0.495 ; RR ; CELL ; 1      ; FF_X25_Y46_N56      ; zhao_cmd_scheduler:u_sched|blit_src[18] ;
; 4.254   ; 0.932   ;    ;      ;        ;                     ; data path                               ;
;   3.322 ;   0.000 ;    ; uTco ; 1      ; FF_X25_Y46_N56      ; zhao_cmd_scheduler:u_sched|blit_src[18] ;
;   3.322 ;   0.000 ; FF ; CELL ; 1      ; FF_X25_Y46_N56      ; u_sched|blit_src[18]|q                  ;
;   3.853 ;   0.531 ; FF ; IC   ; 1      ; MLABCELL_X21_Y46_N6 ; r_blit_src[18]~feeder|datac             ;
;   4.186 ;   0.333 ; FF ; CELL ; 1      ; MLABCELL_X21_Y46_N6 ; r_blit_src[18]~feeder|combout           ;
;   4.186 ;   0.000 ; FF ; IC   ; 1      ; FF_X21_Y46_N7       ; r_blit_src[18]|d                        ;
;   4.254 ;   0.068 ; FF ; CELL ; 1      ; FF_X21_Y46_N7       ; r_blit_src[18]                          ;
+---------+---------+----+------+--------+---------------------+-----------------------------------------+

+---------------------------------------------------------------------------------------+
; Data Required Path                                                                    ;
+---------+----------+----+------+--------+-------------------+-------------------------+
; Total   ; Incr     ; RF ; Type ; Fanout ; Location          ; Element                 ;
+---------+----------+----+------+--------+-------------------+-------------------------+
; 0.000   ; 0.000    ;    ;      ;        ;                   ; latch edge time         ;
; 3.843   ; 3.843    ;    ;      ;        ;                   ; clock path              ;
;   0.000 ;   0.000  ;    ;      ;        ;                   ; source latency          ;
;   0.000 ;   0.000  ;    ;      ; 1      ; LABCELL_X1_Y36_N9 ; gpu_clk                 ;
;   2.734 ;   2.734  ; RR ; IC   ; 1      ; CLKCTRL_G2        ; gpu_clk~CLKENA0|inclk   ;
;   3.055 ;   0.321  ; RR ; CELL ; 9078   ; CLKCTRL_G2        ; gpu_clk~CLKENA0|outclk  ;
;   5.448 ;   2.393  ; RR ; IC   ; 1      ; FF_X21_Y46_N7     ; r_blit_src[18]|clk      ;
;   6.027 ;   0.579  ; RR ; CELL ; 1      ; FF_X21_Y46_N7     ; r_blit_src[18]          ;
;   3.843 ;   -2.184 ;    ;      ;        ;                   ; clock pessimism removed ;
; 3.843   ; 0.000    ;    ;      ;        ;                   ; clock uncertainty       ;
; 3.843   ; 0.000    ;    ; uTh  ; 1      ; FF_X21_Y46_N7     ; r_blit_src[18]          ;
+---------+----------+----+------+--------+-------------------+-------------------------+

----------------------------
; Extra Fitter Information ;
----------------------------
HTML report is unavailable in plain text report export.


Path #38: Hold slack is 0.411 
===============================================================================
+-----------------------------------------+
; Path Summary                            ;
+--------------------+--------------------+
; Property           ; Value              ;
+--------------------+--------------------+
; From Node          ; pack_lo[41]        ;
; To Node            ; scan_beat_data[41] ;
; Launch Clock       ; gpu_clk            ;
; Latch Clock        ; gpu_clk            ;
; Data Arrival Time  ; 4.308              ;
; Data Required Time ; 3.897              ;
; Slack              ; 0.411              ;
+--------------------+--------------------+

+-----------------------------------------------------------------------------------+
; Statistics                                                                        ;
+------------------------+-------+-------+-------------+------------+-------+-------+
; Property               ; Value ; Count ; Total Delay ; % of Total ; Min   ; Max   ;
+------------------------+-------+-------+-------------+------------+-------+-------+
; Hold Relationship      ; 0.000 ;       ;             ;            ;       ;       ;
; Clock Skew             ; 0.576 ;       ;             ;            ;       ;       ;
; Data Delay             ; 0.987 ;       ;             ;            ;       ;       ;
; Number of Logic Levels ;       ; 1     ;             ;            ;       ;       ;
; Physical Delays        ;       ;       ;             ;            ;       ;       ;
;  Arrival Path          ;       ;       ;             ;            ;       ;       ;
;   Clock                ;       ;       ;             ;            ;       ;       ;
;    IC                  ;       ; 2     ; 2.520       ; 76         ; 0.576 ; 1.944 ;
;    Cell                ;       ; 2     ; 0.801       ; 24         ; 0.295 ; 0.506 ;
;   Data                 ;       ;       ;             ;            ;       ;       ;
;    IC                  ;       ; 2     ; 0.486       ; 49         ; 0.000 ; 0.486 ;
;    Cell                ;       ; 3     ; 0.501       ; 51         ; 0.000 ; 0.431 ;
;    uTco                ;       ; 1     ; 0.000       ; 0          ; 0.000 ; 0.000 ;
;  Required Path         ;       ;       ;             ;            ;       ;       ;
;   Clock                ;       ;       ;             ;            ;       ;       ;
;    IC                  ;       ; 2     ; 5.175       ; 85         ; 2.441 ; 2.734 ;
;    Cell                ;       ; 2     ; 0.906       ; 15         ; 0.321 ; 0.585 ;
+------------------------+-------+-------+-------------+------------+-------+-------+
Note: Negative delays are omitted from totals when calculating percentages

+---------------------------------------------------------------------------------------------------+
; Data Arrival Path                                                                                 ;
+---------+---------+----+------+--------+----------------------+-----------------------------------+
; Total   ; Incr    ; RF ; Type ; Fanout ; Location             ; Element                           ;
+---------+---------+----+------+--------+----------------------+-----------------------------------+
; 0.000   ; 0.000   ;    ;      ;        ;                      ; launch edge time                  ;
; 3.321   ; 3.321   ;    ;      ;        ;                      ; clock path                        ;
;   0.000 ;   0.000 ;    ;      ;        ;                      ; source latency                    ;
;   0.000 ;   0.000 ;    ;      ; 1      ; LABCELL_X1_Y36_N9    ; gpu_clk                           ;
;   0.576 ;   0.576 ; RR ; IC   ; 1      ; CLKCTRL_G2           ; gpu_clk~CLKENA0|inclk             ;
;   0.871 ;   0.295 ; RR ; CELL ; 9078   ; CLKCTRL_G2           ; gpu_clk~CLKENA0|outclk            ;
;   2.815 ;   1.944 ; RR ; IC   ; 1      ; FF_X24_Y59_N1        ; pack_lo[41]|clk                   ;
;   3.321 ;   0.506 ; RR ; CELL ; 1      ; FF_X24_Y59_N1        ; pack_lo[41]                       ;
; 4.308   ; 0.987   ;    ;      ;        ;                      ; data path                         ;
;   3.321 ;   0.000 ;    ; uTco ; 1      ; FF_X24_Y59_N1        ; pack_lo[41]                       ;
;   3.321 ;   0.000 ; FF ; CELL ; 1      ; FF_X24_Y59_N1        ; pack_lo[41]|q                     ;
;   3.807 ;   0.486 ; FF ; IC   ; 1      ; MLABCELL_X25_Y59_N24 ; scan_beat_data[41]~feeder|dataa   ;
;   4.238 ;   0.431 ; FF ; CELL ; 1      ; MLABCELL_X25_Y59_N24 ; scan_beat_data[41]~feeder|combout ;
;   4.238 ;   0.000 ; FF ; IC   ; 1      ; FF_X25_Y59_N26       ; scan_beat_data[41]|d              ;
;   4.308 ;   0.070 ; FF ; CELL ; 1      ; FF_X25_Y59_N26       ; scan_beat_data[41]                ;
+---------+---------+----+------+--------+----------------------+-----------------------------------+

+---------------------------------------------------------------------------------------+
; Data Required Path                                                                    ;
+---------+----------+----+------+--------+-------------------+-------------------------+
; Total   ; Incr     ; RF ; Type ; Fanout ; Location          ; Element                 ;
+---------+----------+----+------+--------+-------------------+-------------------------+
; 0.000   ; 0.000    ;    ;      ;        ;                   ; latch edge time         ;
; 3.897   ; 3.897    ;    ;      ;        ;                   ; clock path              ;
;   0.000 ;   0.000  ;    ;      ;        ;                   ; source latency          ;
;   0.000 ;   0.000  ;    ;      ; 1      ; LABCELL_X1_Y36_N9 ; gpu_clk                 ;
;   2.734 ;   2.734  ; RR ; IC   ; 1      ; CLKCTRL_G2        ; gpu_clk~CLKENA0|inclk   ;
;   3.055 ;   0.321  ; RR ; CELL ; 9078   ; CLKCTRL_G2        ; gpu_clk~CLKENA0|outclk  ;
;   5.496 ;   2.441  ; RR ; IC   ; 1      ; FF_X25_Y59_N26    ; scan_beat_data[41]|clk  ;
;   6.081 ;   0.585  ; RR ; CELL ; 1      ; FF_X25_Y59_N26    ; scan_beat_data[41]      ;
;   3.897 ;   -2.184 ;    ;      ;        ;                   ; clock pessimism removed ;
; 3.897   ; 0.000    ;    ;      ;        ;                   ; clock uncertainty       ;
; 3.897   ; 0.000    ;    ; uTh  ; 1      ; FF_X25_Y59_N26    ; scan_beat_data[41]      ;
+---------+----------+----+------+--------+-------------------+-------------------------+

----------------------------
; Extra Fitter Information ;
----------------------------
HTML report is unavailable in plain text report export.


Path #39: Hold slack is 0.411 
===============================================================================
+-------------------------------------------------------+
; Path Summary                                          ;
+--------------------+----------------------------------+
; Property           ; Value                            ;
+--------------------+----------------------------------+
; From Node          ; zhao_sdram_ctrl:u_ctrl|rdata[14] ;
; To Node            ; pack_lo[14]                      ;
; Launch Clock       ; gpu_clk                          ;
; Latch Clock        ; gpu_clk                          ;
; Data Arrival Time  ; 4.303                            ;
; Data Required Time ; 3.892                            ;
; Slack              ; 0.411                            ;
+--------------------+----------------------------------+

+-----------------------------------------------------------------------------------+
; Statistics                                                                        ;
+------------------------+-------+-------+-------------+------------+-------+-------+
; Property               ; Value ; Count ; Total Delay ; % of Total ; Min   ; Max   ;
+------------------------+-------+-------+-------------+------------+-------+-------+
; Hold Relationship      ; 0.000 ;       ;             ;            ;       ;       ;
; Clock Skew             ; 0.577 ;       ;             ;            ;       ;       ;
; Data Delay             ; 0.988 ;       ;             ;            ;       ;       ;
; Number of Logic Levels ;       ; 0     ;             ;            ;       ;       ;
; Physical Delays        ;       ;       ;             ;            ;       ;       ;
;  Arrival Path          ;       ;       ;             ;            ;       ;       ;
;   Clock                ;       ;       ;             ;            ;       ;       ;
;    IC                  ;       ; 2     ; 2.520       ; 76         ; 0.576 ; 1.944 ;
;    Cell                ;       ; 2     ; 0.795       ; 24         ; 0.295 ; 0.500 ;
;   Data                 ;       ;       ;             ;            ;       ;       ;
;    IC                  ;       ; 1     ; 0.714       ; 72         ; 0.714 ; 0.714 ;
;    Cell                ;       ; 2     ; 0.274       ; 28         ; 0.000 ; 0.274 ;
;    uTco                ;       ; 1     ; 0.000       ; 0          ; 0.000 ; 0.000 ;
;  Required Path         ;       ;       ;             ;            ;       ;       ;
;   Clock                ;       ;       ;             ;            ;       ;       ;
;    IC                  ;       ; 2     ; 5.175       ; 85         ; 2.441 ; 2.734 ;
;    Cell                ;       ; 2     ; 0.901       ; 15         ; 0.321 ; 0.580 ;
+------------------------+-------+-------+-------------+------------+-------+-------+
Note: Negative delays are omitted from totals when calculating percentages

+-----------------------------------------------------------------------------------------------+
; Data Arrival Path                                                                             ;
+---------+---------+----+------+--------+-------------------+----------------------------------+
; Total   ; Incr    ; RF ; Type ; Fanout ; Location          ; Element                          ;
+---------+---------+----+------+--------+-------------------+----------------------------------+
; 0.000   ; 0.000   ;    ;      ;        ;                   ; launch edge time                 ;
; 3.315   ; 3.315   ;    ;      ;        ;                   ; clock path                       ;
;   0.000 ;   0.000 ;    ;      ;        ;                   ; source latency                   ;
;   0.000 ;   0.000 ;    ;      ; 1      ; LABCELL_X1_Y36_N9 ; gpu_clk                          ;
;   0.576 ;   0.576 ; RR ; IC   ; 1      ; CLKCTRL_G2        ; gpu_clk~CLKENA0|inclk            ;
;   0.871 ;   0.295 ; RR ; CELL ; 9078   ; CLKCTRL_G2        ; gpu_clk~CLKENA0|outclk           ;
;   2.815 ;   1.944 ; RR ; IC   ; 1      ; FF_X24_Y59_N32    ; u_ctrl|rdata[14]|clk             ;
;   3.315 ;   0.500 ; RR ; CELL ; 1      ; FF_X24_Y59_N32    ; zhao_sdram_ctrl:u_ctrl|rdata[14] ;
; 4.303   ; 0.988   ;    ;      ;        ;                   ; data path                        ;
;   3.315 ;   0.000 ;    ; uTco ; 1      ; FF_X24_Y59_N32    ; zhao_sdram_ctrl:u_ctrl|rdata[14] ;
;   3.315 ;   0.000 ; RR ; CELL ; 4      ; FF_X24_Y59_N32    ; u_ctrl|rdata[14]|q               ;
;   4.029 ;   0.714 ; RR ; IC   ; 1      ; FF_X25_Y59_N38    ; pack_lo[14]|asdata               ;
;   4.303 ;   0.274 ; RR ; CELL ; 1      ; FF_X25_Y59_N38    ; pack_lo[14]                      ;
+---------+---------+----+------+--------+-------------------+----------------------------------+

+---------------------------------------------------------------------------------------+
; Data Required Path                                                                    ;
+---------+----------+----+------+--------+-------------------+-------------------------+
; Total   ; Incr     ; RF ; Type ; Fanout ; Location          ; Element                 ;
+---------+----------+----+------+--------+-------------------+-------------------------+
; 0.000   ; 0.000    ;    ;      ;        ;                   ; latch edge time         ;
; 3.892   ; 3.892    ;    ;      ;        ;                   ; clock path              ;
;   0.000 ;   0.000  ;    ;      ;        ;                   ; source latency          ;
;   0.000 ;   0.000  ;    ;      ; 1      ; LABCELL_X1_Y36_N9 ; gpu_clk                 ;
;   2.734 ;   2.734  ; RR ; IC   ; 1      ; CLKCTRL_G2        ; gpu_clk~CLKENA0|inclk   ;
;   3.055 ;   0.321  ; RR ; CELL ; 9078   ; CLKCTRL_G2        ; gpu_clk~CLKENA0|outclk  ;
;   5.496 ;   2.441  ; RR ; IC   ; 1      ; FF_X25_Y59_N38    ; pack_lo[14]|clk         ;
;   6.076 ;   0.580  ; RR ; CELL ; 1      ; FF_X25_Y59_N38    ; pack_lo[14]             ;
;   3.892 ;   -2.184 ;    ;      ;        ;                   ; clock pessimism removed ;
; 3.892   ; 0.000    ;    ;      ;        ;                   ; clock uncertainty       ;
; 3.892   ; 0.000    ;    ; uTh  ; 1      ; FF_X25_Y59_N38    ; pack_lo[14]             ;
+---------+----------+----+------+--------+-------------------+-------------------------+

----------------------------
; Extra Fitter Information ;
----------------------------
HTML report is unavailable in plain text report export.


Path #40: Hold slack is 0.411 
===============================================================================
+-----------------------------------------------------------------------+
; Path Summary                                                          ;
+--------------------+--------------------------------------------------+
; Property           ; Value                                            ;
+--------------------+--------------------------------------------------+
; From Node          ; zhao_hps_bridge:u_bridge|hps_bytes_shadow[0][20] ;
; To Node            ; zhao_debug_counters:u_counters|bank[29][20]      ;
; Launch Clock       ; gpu_clk                                          ;
; Latch Clock        ; gpu_clk                                          ;
; Data Arrival Time  ; 3.813                                            ;
; Data Required Time ; 3.402                                            ;
; Slack              ; 0.411                                            ;
+--------------------+--------------------------------------------------+

+-----------------------------------------------------------------------------------+
; Statistics                                                                        ;
+------------------------+-------+-------+-------------+------------+-------+-------+
; Property               ; Value ; Count ; Total Delay ; % of Total ; Min   ; Max   ;
+------------------------+-------+-------+-------------+------------+-------+-------+
; Hold Relationship      ; 0.000 ;       ;             ;            ;       ;       ;
; Clock Skew             ; 0.133 ;       ;             ;            ;       ;       ;
; Data Delay             ; 0.544 ;       ;             ;            ;       ;       ;
; Number of Logic Levels ;       ; 1     ;             ;            ;       ;       ;
; Physical Delays        ;       ;       ;             ;            ;       ;       ;
;  Arrival Path          ;       ;       ;             ;            ;       ;       ;
;   Clock                ;       ;       ;             ;            ;       ;       ;
;    IC                  ;       ; 2     ; 2.490       ; 76         ; 0.576 ; 1.914 ;
;    Cell                ;       ; 2     ; 0.779       ; 24         ; 0.295 ; 0.484 ;
;   Data                 ;       ;       ;             ;            ;       ;       ;
;    IC                  ;       ; 2     ; 0.257       ; 47         ; 0.000 ; 0.257 ;
;    Cell                ;       ; 3     ; 0.287       ; 53         ; 0.000 ; 0.226 ;
;    uTco                ;       ; 1     ; 0.000       ; 0          ; 0.000 ; 0.000 ;
;  Required Path         ;       ;       ;             ;            ;       ;       ;
;   Clock                ;       ;       ;             ;            ;       ;       ;
;    IC                  ;       ; 2     ; 5.092       ; 85         ; 2.358 ; 2.734 ;
;    Cell                ;       ; 2     ; 0.909       ; 15         ; 0.321 ; 0.588 ;
+------------------------+-------+-------+-------------+------------+-------+-------+
Note: Negative delays are omitted from totals when calculating percentages

+-----------------------------------------------------------------------------------------------------------------+
; Data Arrival Path                                                                                               ;
+---------+---------+----+------+--------+---------------------+--------------------------------------------------+
; Total   ; Incr    ; RF ; Type ; Fanout ; Location            ; Element                                          ;
+---------+---------+----+------+--------+---------------------+--------------------------------------------------+
; 0.000   ; 0.000   ;    ;      ;        ;                     ; launch edge time                                 ;
; 3.269   ; 3.269   ;    ;      ;        ;                     ; clock path                                       ;
;   0.000 ;   0.000 ;    ;      ;        ;                     ; source latency                                   ;
;   0.000 ;   0.000 ;    ;      ; 1      ; LABCELL_X1_Y36_N9   ; gpu_clk                                          ;
;   0.576 ;   0.576 ; RR ; IC   ; 1      ; CLKCTRL_G2          ; gpu_clk~CLKENA0|inclk                            ;
;   0.871 ;   0.295 ; RR ; CELL ; 9078   ; CLKCTRL_G2          ; gpu_clk~CLKENA0|outclk                           ;
;   2.785 ;   1.914 ; RR ; IC   ; 1      ; FF_X39_Y31_N50      ; u_bridge|hps_bytes_shadow[0][20]|clk             ;
;   3.269 ;   0.484 ; RR ; CELL ; 1      ; FF_X39_Y31_N50      ; zhao_hps_bridge:u_bridge|hps_bytes_shadow[0][20] ;
; 3.813   ; 0.544   ;    ;      ;        ;                     ; data path                                        ;
;   3.269 ;   0.000 ;    ; uTco ; 1      ; FF_X39_Y31_N50      ; zhao_hps_bridge:u_bridge|hps_bytes_shadow[0][20] ;
;   3.269 ;   0.000 ; FF ; CELL ; 1      ; FF_X39_Y31_N50      ; u_bridge|hps_bytes_shadow[0][20]|q               ;
;   3.526 ;   0.257 ; FF ; IC   ; 2      ; MLABCELL_X39_Y31_N0 ; Add21~81|datac                                   ;
;   3.752 ;   0.226 ; FR ; CELL ; 1      ; MLABCELL_X39_Y31_N0 ; Add21~81|sumout                                  ;
;   3.752 ;   0.000 ; RR ; IC   ; 1      ; FF_X39_Y31_N1       ; u_counters|bank[29][20]|d                        ;
;   3.813 ;   0.061 ; RR ; CELL ; 1      ; FF_X39_Y31_N1       ; zhao_debug_counters:u_counters|bank[29][20]      ;
+---------+---------+----+------+--------+---------------------+--------------------------------------------------+

+-----------------------------------------------------------------------------------------------------------+
; Data Required Path                                                                                        ;
+---------+----------+----+------+--------+-------------------+---------------------------------------------+
; Total   ; Incr     ; RF ; Type ; Fanout ; Location          ; Element                                     ;
+---------+----------+----+------+--------+-------------------+---------------------------------------------+
; 0.000   ; 0.000    ;    ;      ;        ;                   ; latch edge time                             ;
; 3.402   ; 3.402    ;    ;      ;        ;                   ; clock path                                  ;
;   0.000 ;   0.000  ;    ;      ;        ;                   ; source latency                              ;
;   0.000 ;   0.000  ;    ;      ; 1      ; LABCELL_X1_Y36_N9 ; gpu_clk                                     ;
;   2.734 ;   2.734  ; RR ; IC   ; 1      ; CLKCTRL_G2        ; gpu_clk~CLKENA0|inclk                       ;
;   3.055 ;   0.321  ; RR ; CELL ; 9078   ; CLKCTRL_G2        ; gpu_clk~CLKENA0|outclk                      ;
;   5.413 ;   2.358  ; RR ; IC   ; 1      ; FF_X39_Y31_N1     ; u_counters|bank[29][20]|clk                 ;
;   6.001 ;   0.588  ; RR ; CELL ; 1      ; FF_X39_Y31_N1     ; zhao_debug_counters:u_counters|bank[29][20] ;
;   3.402 ;   -2.599 ;    ;      ;        ;                   ; clock pessimism removed                     ;
; 3.402   ; 0.000    ;    ;      ;        ;                   ; clock uncertainty                           ;
; 3.402   ; 0.000    ;    ; uTh  ; 1      ; FF_X39_Y31_N1     ; zhao_debug_counters:u_counters|bank[29][20] ;
+---------+----------+----+------+--------+-------------------+---------------------------------------------+

----------------------------
; Extra Fitter Information ;
----------------------------
HTML report is unavailable in plain text report export.


Path #41: Hold slack is 0.412 
===============================================================================
+-------------------------------------------------------------------+
; Path Summary                                                      ;
+--------------------+----------------------------------------------+
; Property           ; Value                                        ;
+--------------------+----------------------------------------------+
; From Node          ; zhao_debug_frameblit:u_frameblit|retired[29] ;
; To Node            ; zhao_debug_frameblit:u_frameblit|retired[29] ;
; Launch Clock       ; gpu_clk                                      ;
; Latch Clock        ; gpu_clk                                      ;
; Data Arrival Time  ; 3.846                                        ;
; Data Required Time ; 3.434                                        ;
; Slack              ; 0.412                                        ;
+--------------------+----------------------------------------------+

+-----------------------------------------------------------------------------------+
; Statistics                                                                        ;
+------------------------+-------+-------+-------------+------------+-------+-------+
; Property               ; Value ; Count ; Total Delay ; % of Total ; Min   ; Max   ;
+------------------------+-------+-------+-------------+------------+-------+-------+
; Hold Relationship      ; 0.000 ;       ;             ;            ;       ;       ;
; Clock Skew             ; 0.111 ;       ;             ;            ;       ;       ;
; Data Delay             ; 0.523 ;       ;             ;            ;       ;       ;
; Number of Logic Levels ;       ; 1     ;             ;            ;       ;       ;
; Physical Delays        ;       ;       ;             ;            ;       ;       ;
;  Arrival Path          ;       ;       ;             ;            ;       ;       ;
;   Clock                ;       ;       ;             ;            ;       ;       ;
;    IC                  ;       ; 2     ; 2.520       ; 76         ; 0.576 ; 1.944 ;
;    Cell                ;       ; 2     ; 0.803       ; 24         ; 0.295 ; 0.508 ;
;   Data                 ;       ;       ;             ;            ;       ;       ;
;    IC                  ;       ; 2     ; 0.227       ; 43         ; 0.000 ; 0.227 ;
;    Cell                ;       ; 3     ; 0.296       ; 57         ; 0.000 ; 0.227 ;
;    uTco                ;       ; 1     ; 0.000       ; 0          ; 0.000 ; 0.000 ;
;  Required Path         ;       ;       ;             ;            ;       ;       ;
;   Clock                ;       ;       ;             ;            ;       ;       ;
;    IC                  ;       ; 2     ; 5.125       ; 85         ; 2.391 ; 2.734 ;
;    Cell                ;       ; 2     ; 0.911       ; 15         ; 0.321 ; 0.590 ;
+------------------------+-------+-------+-------------+------------+-------+-------+
Note: Negative delays are omitted from totals when calculating percentages

+-------------------------------------------------------------------------------------------------------------+
; Data Arrival Path                                                                                           ;
+---------+---------+----+------+--------+---------------------+----------------------------------------------+
; Total   ; Incr    ; RF ; Type ; Fanout ; Location            ; Element                                      ;
+---------+---------+----+------+--------+---------------------+----------------------------------------------+
; 0.000   ; 0.000   ;    ;      ;        ;                     ; launch edge time                             ;
; 3.323   ; 3.323   ;    ;      ;        ;                     ; clock path                                   ;
;   0.000 ;   0.000 ;    ;      ;        ;                     ; source latency                               ;
;   0.000 ;   0.000 ;    ;      ; 1      ; LABCELL_X1_Y36_N9   ; gpu_clk                                      ;
;   0.576 ;   0.576 ; RR ; IC   ; 1      ; CLKCTRL_G2          ; gpu_clk~CLKENA0|inclk                        ;
;   0.871 ;   0.295 ; RR ; CELL ; 9078   ; CLKCTRL_G2          ; gpu_clk~CLKENA0|outclk                       ;
;   2.815 ;   1.944 ; RR ; IC   ; 1      ; FF_X17_Y49_N26      ; u_frameblit|retired[29]|clk                  ;
;   3.323 ;   0.508 ; RR ; CELL ; 1      ; FF_X17_Y49_N26      ; zhao_debug_frameblit:u_frameblit|retired[29] ;
; 3.846   ; 0.523   ;    ;      ;        ;                     ; data path                                    ;
;   3.323 ;   0.000 ;    ; uTco ; 1      ; FF_X17_Y49_N26      ; zhao_debug_frameblit:u_frameblit|retired[29] ;
;   3.323 ;   0.000 ; FF ; CELL ; 3      ; FF_X17_Y49_N26      ; u_frameblit|retired[29]|q                    ;
;   3.550 ;   0.227 ; FF ; IC   ; 2      ; LABCELL_X17_Y49_N24 ; u_frameblit|Add5~1|datac                     ;
;   3.777 ;   0.227 ; FR ; CELL ; 1      ; LABCELL_X17_Y49_N24 ; u_frameblit|Add5~1|sumout                    ;
;   3.777 ;   0.000 ; RR ; IC   ; 1      ; FF_X17_Y49_N26      ; u_frameblit|retired[29]|d                    ;
;   3.846 ;   0.069 ; RR ; CELL ; 1      ; FF_X17_Y49_N26      ; zhao_debug_frameblit:u_frameblit|retired[29] ;
+---------+---------+----+------+--------+---------------------+----------------------------------------------+

+------------------------------------------------------------------------------------------------------------+
; Data Required Path                                                                                         ;
+---------+----------+----+------+--------+-------------------+----------------------------------------------+
; Total   ; Incr     ; RF ; Type ; Fanout ; Location          ; Element                                      ;
+---------+----------+----+------+--------+-------------------+----------------------------------------------+
; 0.000   ; 0.000    ;    ;      ;        ;                   ; latch edge time                              ;
; 3.434   ; 3.434    ;    ;      ;        ;                   ; clock path                                   ;
;   0.000 ;   0.000  ;    ;      ;        ;                   ; source latency                               ;
;   0.000 ;   0.000  ;    ;      ; 1      ; LABCELL_X1_Y36_N9 ; gpu_clk                                      ;
;   2.734 ;   2.734  ; RR ; IC   ; 1      ; CLKCTRL_G2        ; gpu_clk~CLKENA0|inclk                        ;
;   3.055 ;   0.321  ; RR ; CELL ; 9078   ; CLKCTRL_G2        ; gpu_clk~CLKENA0|outclk                       ;
;   5.446 ;   2.391  ; RR ; IC   ; 1      ; FF_X17_Y49_N26    ; u_frameblit|retired[29]|clk                  ;
;   6.036 ;   0.590  ; RR ; CELL ; 1      ; FF_X17_Y49_N26    ; zhao_debug_frameblit:u_frameblit|retired[29] ;
;   3.434 ;   -2.602 ;    ;      ;        ;                   ; clock pessimism removed                      ;
; 3.434   ; 0.000    ;    ;      ;        ;                   ; clock uncertainty                            ;
; 3.434   ; 0.000    ;    ; uTh  ; 1      ; FF_X17_Y49_N26    ; zhao_debug_frameblit:u_frameblit|retired[29] ;
+---------+----------+----+------+--------+-------------------+----------------------------------------------+

----------------------------
; Extra Fitter Information ;
----------------------------
HTML report is unavailable in plain text report export.


Path #42: Hold slack is 0.412 
===============================================================================
+------------------------------------------------------------------------+
; Path Summary                                                           ;
+--------------------+---------------------------------------------------+
; Property           ; Value                                             ;
+--------------------+---------------------------------------------------+
; From Node          ; zhao_video_framectl:u_framectl|frame_cycles_q[27] ;
; To Node            ; zhao_video_framectl:u_framectl|frame_cycles_q[27] ;
; Launch Clock       ; vid_clk                                           ;
; Latch Clock        ; vid_clk                                           ;
; Data Arrival Time  ; 3.905                                             ;
; Data Required Time ; 3.493                                             ;
; Slack              ; 0.412                                             ;
+--------------------+---------------------------------------------------+

+-----------------------------------------------------------------------------------+
; Statistics                                                                        ;
+------------------------+-------+-------+-------------+------------+-------+-------+
; Property               ; Value ; Count ; Total Delay ; % of Total ; Min   ; Max   ;
+------------------------+-------+-------+-------------+------------+-------+-------+
; Hold Relationship      ; 0.000 ;       ;             ;            ;       ;       ;
; Clock Skew             ; 0.111 ;       ;             ;            ;       ;       ;
; Data Delay             ; 0.523 ;       ;             ;            ;       ;       ;
; Number of Logic Levels ;       ; 1     ;             ;            ;       ;       ;
; Physical Delays        ;       ;       ;             ;            ;       ;       ;
;  Arrival Path          ;       ;       ;             ;            ;       ;       ;
;   Clock                ;       ;       ;             ;            ;       ;       ;
;    IC                  ;       ; 2     ; 2.609       ; 77         ; 0.581 ; 2.028 ;
;    Cell                ;       ; 2     ; 0.773       ; 23         ; 0.295 ; 0.478 ;
;   Data                 ;       ;       ;             ;            ;       ;       ;
;    IC                  ;       ; 2     ; 0.234       ; 45         ; 0.000 ; 0.234 ;
;    Cell                ;       ; 3     ; 0.289       ; 55         ; 0.000 ; 0.226 ;
;    uTco                ;       ; 1     ; 0.000       ; 0          ; 0.000 ; 0.000 ;
;  Required Path         ;       ;       ;             ;            ;       ;       ;
;   Clock                ;       ;       ;             ;            ;       ;       ;
;    IC                  ;       ; 2     ; 5.220       ; 86         ; 2.480 ; 2.740 ;
;    Cell                ;       ; 2     ; 0.877       ; 14         ; 0.321 ; 0.556 ;
+------------------------+-------+-------+-------------+------------+-------+-------+
Note: Negative delays are omitted from totals when calculating percentages

+-------------------------------------------------------------------------------------------------------------------+
; Data Arrival Path                                                                                                 ;
+---------+---------+----+------+--------+----------------------+---------------------------------------------------+
; Total   ; Incr    ; RF ; Type ; Fanout ; Location             ; Element                                           ;
+---------+---------+----+------+--------+----------------------+---------------------------------------------------+
; 0.000   ; 0.000   ;    ;      ;        ;                      ; launch edge time                                  ;
; 3.382   ; 3.382   ;    ;      ;        ;                      ; clock path                                        ;
;   0.000 ;   0.000 ;    ;      ;        ;                      ; source latency                                    ;
;   0.000 ;   0.000 ;    ;      ; 1      ; LABCELL_X1_Y36_N3    ; vid_clk                                           ;
;   0.581 ;   0.581 ; RR ; IC   ; 1      ; CLKCTRL_G3           ; vid_clk~CLKENA0|inclk                             ;
;   0.876 ;   0.295 ; RR ; CELL ; 746    ; CLKCTRL_G3           ; vid_clk~CLKENA0|outclk                            ;
;   2.904 ;   2.028 ; RR ; IC   ; 1      ; FF_X47_Y42_N50       ; u_framectl|frame_cycles_q[27]|clk                 ;
;   3.382 ;   0.478 ; RR ; CELL ; 1      ; FF_X47_Y42_N50       ; zhao_video_framectl:u_framectl|frame_cycles_q[27] ;
; 3.905   ; 0.523   ;    ;      ;        ;                      ; data path                                         ;
;   3.382 ;   0.000 ;    ; uTco ; 1      ; FF_X47_Y42_N50       ; zhao_video_framectl:u_framectl|frame_cycles_q[27] ;
;   3.382 ;   0.000 ; FF ; CELL ; 3      ; FF_X47_Y42_N50       ; u_framectl|frame_cycles_q[27]|q                   ;
;   3.616 ;   0.234 ; FF ; IC   ; 2      ; MLABCELL_X47_Y42_N48 ; u_framectl|Add2~105|datac                         ;
;   3.842 ;   0.226 ; FR ; CELL ; 1      ; MLABCELL_X47_Y42_N48 ; u_framectl|Add2~105|sumout                        ;
;   3.842 ;   0.000 ; RR ; IC   ; 1      ; FF_X47_Y42_N50       ; u_framectl|frame_cycles_q[27]|d                   ;
;   3.905 ;   0.063 ; RR ; CELL ; 1      ; FF_X47_Y42_N50       ; zhao_video_framectl:u_framectl|frame_cycles_q[27] ;
+---------+---------+----+------+--------+----------------------+---------------------------------------------------+

+-----------------------------------------------------------------------------------------------------------------+
; Data Required Path                                                                                              ;
+---------+----------+----+------+--------+-------------------+---------------------------------------------------+
; Total   ; Incr     ; RF ; Type ; Fanout ; Location          ; Element                                           ;
+---------+----------+----+------+--------+-------------------+---------------------------------------------------+
; 0.000   ; 0.000    ;    ;      ;        ;                   ; latch edge time                                   ;
; 3.493   ; 3.493    ;    ;      ;        ;                   ; clock path                                        ;
;   0.000 ;   0.000  ;    ;      ;        ;                   ; source latency                                    ;
;   0.000 ;   0.000  ;    ;      ; 1      ; LABCELL_X1_Y36_N3 ; vid_clk                                           ;
;   2.740 ;   2.740  ; RR ; IC   ; 1      ; CLKCTRL_G3        ; vid_clk~CLKENA0|inclk                             ;
;   3.061 ;   0.321  ; RR ; CELL ; 746    ; CLKCTRL_G3        ; vid_clk~CLKENA0|outclk                            ;
;   5.541 ;   2.480  ; RR ; IC   ; 1      ; FF_X47_Y42_N50    ; u_framectl|frame_cycles_q[27]|clk                 ;
;   6.097 ;   0.556  ; RR ; CELL ; 1      ; FF_X47_Y42_N50    ; zhao_video_framectl:u_framectl|frame_cycles_q[27] ;
;   3.493 ;   -2.604 ;    ;      ;        ;                   ; clock pessimism removed                           ;
; 3.493   ; 0.000    ;    ;      ;        ;                   ; clock uncertainty                                 ;
; 3.493   ; 0.000    ;    ; uTh  ; 1      ; FF_X47_Y42_N50    ; zhao_video_framectl:u_framectl|frame_cycles_q[27] ;
+---------+----------+----+------+--------+-------------------+---------------------------------------------------+

----------------------------
; Extra Fitter Information ;
----------------------------
HTML report is unavailable in plain text report export.


Path #43: Hold slack is 0.412 
===============================================================================
+----------------------------------------------------------------------------------+
; Path Summary                                                                     ;
+--------------------+-------------------------------------------------------------+
; Property           ; Value                                                       ;
+--------------------+-------------------------------------------------------------+
; From Node          ; zhao_video_framectl:u_framectl|frame_cycles_q[17]~DUPLICATE ;
; To Node            ; zhao_video_framectl:u_framectl|frame_cycles_q[17]           ;
; Launch Clock       ; vid_clk                                                     ;
; Latch Clock        ; vid_clk                                                     ;
; Data Arrival Time  ; 3.919                                                       ;
; Data Required Time ; 3.507                                                       ;
; Slack              ; 0.412                                                       ;
+--------------------+-------------------------------------------------------------+

+-----------------------------------------------------------------------------------+
; Statistics                                                                        ;
+------------------------+-------+-------+-------------+------------+-------+-------+
; Property               ; Value ; Count ; Total Delay ; % of Total ; Min   ; Max   ;
+------------------------+-------+-------+-------------+------------+-------+-------+
; Hold Relationship      ; 0.000 ;       ;             ;            ;       ;       ;
; Clock Skew             ; 0.125 ;       ;             ;            ;       ;       ;
; Data Delay             ; 0.537 ;       ;             ;            ;       ;       ;
; Number of Logic Levels ;       ; 1     ;             ;            ;       ;       ;
; Physical Delays        ;       ;       ;             ;            ;       ;       ;
;  Arrival Path          ;       ;       ;             ;            ;       ;       ;
;   Clock                ;       ;       ;             ;            ;       ;       ;
;    IC                  ;       ; 2     ; 2.609       ; 77         ; 0.581 ; 2.028 ;
;    Cell                ;       ; 2     ; 0.773       ; 23         ; 0.295 ; 0.478 ;
;   Data                 ;       ;       ;             ;            ;       ;       ;
;    IC                  ;       ; 2     ; 0.240       ; 45         ; 0.000 ; 0.240 ;
;    Cell                ;       ; 3     ; 0.297       ; 55         ; 0.000 ; 0.226 ;
;    uTco                ;       ; 1     ; 0.000       ; 0          ; 0.000 ; 0.000 ;
;  Required Path         ;       ;       ;             ;            ;       ;       ;
;   Clock                ;       ;       ;             ;            ;       ;       ;
;    IC                  ;       ; 2     ; 5.220       ; 85         ; 2.480 ; 2.740 ;
;    Cell                ;       ; 2     ; 0.891       ; 15         ; 0.321 ; 0.570 ;
+------------------------+-------+-------+-------------+------------+-------+-------+
Note: Negative delays are omitted from totals when calculating percentages

+-----------------------------------------------------------------------------------------------------------------------------+
; Data Arrival Path                                                                                                           ;
+---------+---------+----+------+--------+----------------------+-------------------------------------------------------------+
; Total   ; Incr    ; RF ; Type ; Fanout ; Location             ; Element                                                     ;
+---------+---------+----+------+--------+----------------------+-------------------------------------------------------------+
; 0.000   ; 0.000   ;    ;      ;        ;                      ; launch edge time                                            ;
; 3.382   ; 3.382   ;    ;      ;        ;                      ; clock path                                                  ;
;   0.000 ;   0.000 ;    ;      ;        ;                      ; source latency                                              ;
;   0.000 ;   0.000 ;    ;      ; 1      ; LABCELL_X1_Y36_N3    ; vid_clk                                                     ;
;   0.581 ;   0.581 ; RR ; IC   ; 1      ; CLKCTRL_G3           ; vid_clk~CLKENA0|inclk                                       ;
;   0.876 ;   0.295 ; RR ; CELL ; 746    ; CLKCTRL_G3           ; vid_clk~CLKENA0|outclk                                      ;
;   2.904 ;   2.028 ; RR ; IC   ; 1      ; FF_X47_Y42_N20       ; u_framectl|frame_cycles_q[17]~DUPLICATE|clk                 ;
;   3.382 ;   0.478 ; RR ; CELL ; 1      ; FF_X47_Y42_N20       ; zhao_video_framectl:u_framectl|frame_cycles_q[17]~DUPLICATE ;
; 3.919   ; 0.537   ;    ;      ;        ;                      ; data path                                                   ;
;   3.382 ;   0.000 ;    ; uTco ; 1      ; FF_X47_Y42_N20       ; zhao_video_framectl:u_framectl|frame_cycles_q[17]~DUPLICATE ;
;   3.382 ;   0.000 ; FF ; CELL ; 1      ; FF_X47_Y42_N20       ; u_framectl|frame_cycles_q[17]~DUPLICATE|q                   ;
;   3.622 ;   0.240 ; FF ; IC   ; 2      ; MLABCELL_X47_Y42_N18 ; u_framectl|Add2~65|datac                                    ;
;   3.848 ;   0.226 ; FR ; CELL ; 2      ; MLABCELL_X47_Y42_N18 ; u_framectl|Add2~65|sumout                                   ;
;   3.848 ;   0.000 ; RR ; IC   ; 1      ; FF_X47_Y42_N19       ; u_framectl|frame_cycles_q[17]|d                             ;
;   3.919 ;   0.071 ; RR ; CELL ; 1      ; FF_X47_Y42_N19       ; zhao_video_framectl:u_framectl|frame_cycles_q[17]           ;
+---------+---------+----+------+--------+----------------------+-------------------------------------------------------------+

+-----------------------------------------------------------------------------------------------------------------+
; Data Required Path                                                                                              ;
+---------+----------+----+------+--------+-------------------+---------------------------------------------------+
; Total   ; Incr     ; RF ; Type ; Fanout ; Location          ; Element                                           ;
+---------+----------+----+------+--------+-------------------+---------------------------------------------------+
; 0.000   ; 0.000    ;    ;      ;        ;                   ; latch edge time                                   ;
; 3.507   ; 3.507    ;    ;      ;        ;                   ; clock path                                        ;
;   0.000 ;   0.000  ;    ;      ;        ;                   ; source latency                                    ;
;   0.000 ;   0.000  ;    ;      ; 1      ; LABCELL_X1_Y36_N3 ; vid_clk                                           ;
;   2.740 ;   2.740  ; RR ; IC   ; 1      ; CLKCTRL_G3        ; vid_clk~CLKENA0|inclk                             ;
;   3.061 ;   0.321  ; RR ; CELL ; 746    ; CLKCTRL_G3        ; vid_clk~CLKENA0|outclk                            ;
;   5.541 ;   2.480  ; RR ; IC   ; 1      ; FF_X47_Y42_N19    ; u_framectl|frame_cycles_q[17]|clk                 ;
;   6.111 ;   0.570  ; RR ; CELL ; 1      ; FF_X47_Y42_N19    ; zhao_video_framectl:u_framectl|frame_cycles_q[17] ;
;   3.507 ;   -2.604 ;    ;      ;        ;                   ; clock pessimism removed                           ;
; 3.507   ; 0.000    ;    ;      ;        ;                   ; clock uncertainty                                 ;
; 3.507   ; 0.000    ;    ; uTh  ; 1      ; FF_X47_Y42_N19    ; zhao_video_framectl:u_framectl|frame_cycles_q[17] ;
+---------+----------+----+------+--------+-------------------+---------------------------------------------------+

----------------------------
; Extra Fitter Information ;
----------------------------
HTML report is unavailable in plain text report export.


Path #44: Hold slack is 0.412 
===============================================================================
+---------------------------------------------------------------+
; Path Summary                                                  ;
+--------------------+------------------------------------------+
; Property           ; Value                                    ;
+--------------------+------------------------------------------+
; From Node          ; zhao_audio_fifo:u_fifo|cnt_gray_meta[30] ;
; To Node            ; zhao_audio_fifo:u_fifo|cnt_gray_sync[30] ;
; Launch Clock       ; gpu_clk                                  ;
; Latch Clock        ; gpu_clk                                  ;
; Data Arrival Time  ; 3.764                                    ;
; Data Required Time ; 3.352                                    ;
; Slack              ; 0.412                                    ;
+--------------------+------------------------------------------+

+-----------------------------------------------------------------------------------+
; Statistics                                                                        ;
+------------------------+-------+-------+-------------+------------+-------+-------+
; Property               ; Value ; Count ; Total Delay ; % of Total ; Min   ; Max   ;
+------------------------+-------+-------+-------------+------------+-------+-------+
; Hold Relationship      ; 0.000 ;       ;             ;            ;       ;       ;
; Clock Skew             ; 0.093 ;       ;             ;            ;       ;       ;
; Data Delay             ; 0.505 ;       ;             ;            ;       ;       ;
; Number of Logic Levels ;       ; 0     ;             ;            ;       ;       ;
; Physical Delays        ;       ;       ;             ;            ;       ;       ;
;  Arrival Path          ;       ;       ;             ;            ;       ;       ;
;   Clock                ;       ;       ;             ;            ;       ;       ;
;    IC                  ;       ; 2     ; 2.470       ; 76         ; 0.576 ; 1.894 ;
;    Cell                ;       ; 2     ; 0.789       ; 24         ; 0.295 ; 0.494 ;
;   Data                 ;       ;       ;             ;            ;       ;       ;
;    IC                  ;       ; 1     ; 0.227       ; 45         ; 0.227 ; 0.227 ;
;    Cell                ;       ; 2     ; 0.278       ; 55         ; 0.000 ; 0.278 ;
;    uTco                ;       ; 1     ; 0.000       ; 0          ; 0.000 ; 0.000 ;
;  Required Path         ;       ;       ;             ;            ;       ;       ;
;   Clock                ;       ;       ;             ;            ;       ;       ;
;    IC                  ;       ; 2     ; 5.072       ; 85         ; 2.338 ; 2.734 ;
;    Cell                ;       ; 2     ; 0.879       ; 15         ; 0.321 ; 0.558 ;
+------------------------+-------+-------+-------------+------------+-------+-------+
Note: Negative delays are omitted from totals when calculating percentages

+-------------------------------------------------------------------------------------------------------+
; Data Arrival Path                                                                                     ;
+---------+---------+----+------+--------+-------------------+------------------------------------------+
; Total   ; Incr    ; RF ; Type ; Fanout ; Location          ; Element                                  ;
+---------+---------+----+------+--------+-------------------+------------------------------------------+
; 0.000   ; 0.000   ;    ;      ;        ;                   ; launch edge time                         ;
; 3.259   ; 3.259   ;    ;      ;        ;                   ; clock path                               ;
;   0.000 ;   0.000 ;    ;      ;        ;                   ; source latency                           ;
;   0.000 ;   0.000 ;    ;      ; 1      ; LABCELL_X1_Y36_N9 ; gpu_clk                                  ;
;   0.576 ;   0.576 ; RR ; IC   ; 1      ; CLKCTRL_G2        ; gpu_clk~CLKENA0|inclk                    ;
;   0.871 ;   0.295 ; RR ; CELL ; 9078   ; CLKCTRL_G2        ; gpu_clk~CLKENA0|outclk                   ;
;   2.765 ;   1.894 ; RR ; IC   ; 1      ; FF_X31_Y27_N44    ; u_fifo|cnt_gray_meta[30]|clk             ;
;   3.259 ;   0.494 ; RR ; CELL ; 1      ; FF_X31_Y27_N44    ; zhao_audio_fifo:u_fifo|cnt_gray_meta[30] ;
; 3.764   ; 0.505   ;    ;      ;        ;                   ; data path                                ;
;   3.259 ;   0.000 ;    ; uTco ; 1      ; FF_X31_Y27_N44    ; zhao_audio_fifo:u_fifo|cnt_gray_meta[30] ;
;   3.259 ;   0.000 ; FF ; CELL ; 1      ; FF_X31_Y27_N44    ; u_fifo|cnt_gray_meta[30]|q               ;
;   3.486 ;   0.227 ; FF ; IC   ; 1      ; FF_X31_Y27_N43    ; u_fifo|cnt_gray_sync[30]|asdata          ;
;   3.764 ;   0.278 ; FF ; CELL ; 1      ; FF_X31_Y27_N43    ; zhao_audio_fifo:u_fifo|cnt_gray_sync[30] ;
+---------+---------+----+------+--------+-------------------+------------------------------------------+

+--------------------------------------------------------------------------------------------------------+
; Data Required Path                                                                                     ;
+---------+----------+----+------+--------+-------------------+------------------------------------------+
; Total   ; Incr     ; RF ; Type ; Fanout ; Location          ; Element                                  ;
+---------+----------+----+------+--------+-------------------+------------------------------------------+
; 0.000   ; 0.000    ;    ;      ;        ;                   ; latch edge time                          ;
; 3.352   ; 3.352    ;    ;      ;        ;                   ; clock path                               ;
;   0.000 ;   0.000  ;    ;      ;        ;                   ; source latency                           ;
;   0.000 ;   0.000  ;    ;      ; 1      ; LABCELL_X1_Y36_N9 ; gpu_clk                                  ;
;   2.734 ;   2.734  ; RR ; IC   ; 1      ; CLKCTRL_G2        ; gpu_clk~CLKENA0|inclk                    ;
;   3.055 ;   0.321  ; RR ; CELL ; 9078   ; CLKCTRL_G2        ; gpu_clk~CLKENA0|outclk                   ;
;   5.393 ;   2.338  ; RR ; IC   ; 1      ; FF_X31_Y27_N43    ; u_fifo|cnt_gray_sync[30]|clk             ;
;   5.951 ;   0.558  ; RR ; CELL ; 1      ; FF_X31_Y27_N43    ; zhao_audio_fifo:u_fifo|cnt_gray_sync[30] ;
;   3.352 ;   -2.599 ;    ;      ;        ;                   ; clock pessimism removed                  ;
; 3.352   ; 0.000    ;    ;      ;        ;                   ; clock uncertainty                        ;
; 3.352   ; 0.000    ;    ; uTh  ; 1      ; FF_X31_Y27_N43    ; zhao_audio_fifo:u_fifo|cnt_gray_sync[30] ;
+---------+----------+----+------+--------+-------------------+------------------------------------------+

----------------------------
; Extra Fitter Information ;
----------------------------
HTML report is unavailable in plain text report export.


Path #45: Hold slack is 0.412 
===============================================================================
+-----------------------------------------------------------------+
; Path Summary                                                    ;
+--------------------+--------------------------------------------+
; Property           ; Value                                      ;
+--------------------+--------------------------------------------+
; From Node          ; zhao_cmd_scheduler:u_sched|sh_cycles[16]   ;
; To Node            ; zhao_debug_counters:u_counters|bank[0][16] ;
; Launch Clock       ; gpu_clk                                    ;
; Latch Clock        ; gpu_clk                                    ;
; Data Arrival Time  ; 4.214                                      ;
; Data Required Time ; 3.802                                      ;
; Slack              ; 0.412                                      ;
+--------------------+--------------------------------------------+

+-----------------------------------------------------------------------------------+
; Statistics                                                                        ;
+------------------------+-------+-------+-------------+------------+-------+-------+
; Property               ; Value ; Count ; Total Delay ; % of Total ; Min   ; Max   ;
+------------------------+-------+-------+-------------+------------+-------+-------+
; Hold Relationship      ; 0.000 ;       ;             ;            ;       ;       ;
; Clock Skew             ; 0.520 ;       ;             ;            ;       ;       ;
; Data Delay             ; 0.932 ;       ;             ;            ;       ;       ;
; Number of Logic Levels ;       ; 1     ;             ;            ;       ;       ;
; Physical Delays        ;       ;       ;             ;            ;       ;       ;
;  Arrival Path          ;       ;       ;             ;            ;       ;       ;
;   Clock                ;       ;       ;             ;            ;       ;       ;
;    IC                  ;       ; 2     ; 2.504       ; 76         ; 0.576 ; 1.928 ;
;    Cell                ;       ; 2     ; 0.778       ; 24         ; 0.295 ; 0.483 ;
;   Data                 ;       ;       ;             ;            ;       ;       ;
;    IC                  ;       ; 2     ; 0.817       ; 88         ; 0.000 ; 0.817 ;
;    Cell                ;       ; 3     ; 0.115       ; 12         ; 0.000 ; 0.067 ;
;    uTco                ;       ; 1     ; 0.000       ; 0          ; 0.000 ; 0.000 ;
;  Required Path         ;       ;       ;             ;            ;       ;       ;
;   Clock                ;       ;       ;             ;            ;       ;       ;
;    IC                  ;       ; 2     ; 5.089       ; 85         ; 2.355 ; 2.734 ;
;    Cell                ;       ; 2     ; 0.897       ; 15         ; 0.321 ; 0.576 ;
+------------------------+-------+-------+-------------+------------+-------+-------+
Note: Negative delays are omitted from totals when calculating percentages

+-----------------------------------------------------------------------------------------------------------+
; Data Arrival Path                                                                                         ;
+---------+---------+----+------+--------+---------------------+--------------------------------------------+
; Total   ; Incr    ; RF ; Type ; Fanout ; Location            ; Element                                    ;
+---------+---------+----+------+--------+---------------------+--------------------------------------------+
; 0.000   ; 0.000   ;    ;      ;        ;                     ; launch edge time                           ;
; 3.282   ; 3.282   ;    ;      ;        ;                     ; clock path                                 ;
;   0.000 ;   0.000 ;    ;      ;        ;                     ; source latency                             ;
;   0.000 ;   0.000 ;    ;      ; 1      ; LABCELL_X1_Y36_N9   ; gpu_clk                                    ;
;   0.576 ;   0.576 ; RR ; IC   ; 1      ; CLKCTRL_G2          ; gpu_clk~CLKENA0|inclk                      ;
;   0.871 ;   0.295 ; RR ; CELL ; 9078   ; CLKCTRL_G2          ; gpu_clk~CLKENA0|outclk                     ;
;   2.799 ;   1.928 ; RR ; IC   ; 1      ; FF_X46_Y29_N16      ; u_sched|sh_cycles[16]|clk                  ;
;   3.282 ;   0.483 ; RR ; CELL ; 1      ; FF_X46_Y29_N16      ; zhao_cmd_scheduler:u_sched|sh_cycles[16]   ;
; 4.214   ; 0.932   ;    ;      ;        ;                     ; data path                                  ;
;   3.282 ;   0.000 ;    ; uTco ; 1      ; FF_X46_Y29_N16      ; zhao_cmd_scheduler:u_sched|sh_cycles[16]   ;
;   3.282 ;   0.000 ; FF ; CELL ; 2      ; FF_X46_Y29_N16      ; u_sched|sh_cycles[16]|q                    ;
;   4.099 ;   0.817 ; FF ; IC   ; 1      ; LABCELL_X40_Y29_N51 ; u_counters|bank[0][16]~feeder|dataf        ;
;   4.147 ;   0.048 ; FF ; CELL ; 1      ; LABCELL_X40_Y29_N51 ; u_counters|bank[0][16]~feeder|combout      ;
;   4.147 ;   0.000 ; FF ; IC   ; 1      ; FF_X40_Y29_N52      ; u_counters|bank[0][16]|d                   ;
;   4.214 ;   0.067 ; FF ; CELL ; 1      ; FF_X40_Y29_N52      ; zhao_debug_counters:u_counters|bank[0][16] ;
+---------+---------+----+------+--------+---------------------+--------------------------------------------+

+----------------------------------------------------------------------------------------------------------+
; Data Required Path                                                                                       ;
+---------+----------+----+------+--------+-------------------+--------------------------------------------+
; Total   ; Incr     ; RF ; Type ; Fanout ; Location          ; Element                                    ;
+---------+----------+----+------+--------+-------------------+--------------------------------------------+
; 0.000   ; 0.000    ;    ;      ;        ;                   ; latch edge time                            ;
; 3.802   ; 3.802    ;    ;      ;        ;                   ; clock path                                 ;
;   0.000 ;   0.000  ;    ;      ;        ;                   ; source latency                             ;
;   0.000 ;   0.000  ;    ;      ; 1      ; LABCELL_X1_Y36_N9 ; gpu_clk                                    ;
;   2.734 ;   2.734  ; RR ; IC   ; 1      ; CLKCTRL_G2        ; gpu_clk~CLKENA0|inclk                      ;
;   3.055 ;   0.321  ; RR ; CELL ; 9078   ; CLKCTRL_G2        ; gpu_clk~CLKENA0|outclk                     ;
;   5.410 ;   2.355  ; RR ; IC   ; 1      ; FF_X40_Y29_N52    ; u_counters|bank[0][16]|clk                 ;
;   5.986 ;   0.576  ; RR ; CELL ; 1      ; FF_X40_Y29_N52    ; zhao_debug_counters:u_counters|bank[0][16] ;
;   3.802 ;   -2.184 ;    ;      ;        ;                   ; clock pessimism removed                    ;
; 3.802   ; 0.000    ;    ;      ;        ;                   ; clock uncertainty                          ;
; 3.802   ; 0.000    ;    ; uTh  ; 1      ; FF_X40_Y29_N52    ; zhao_debug_counters:u_counters|bank[0][16] ;
+---------+----------+----+------+--------+-------------------+--------------------------------------------+

----------------------------
; Extra Fitter Information ;
----------------------------
HTML report is unavailable in plain text report export.


Path #46: Hold slack is 0.414 
===============================================================================
+------------------------------------------------------+
; Path Summary                                         ;
+--------------------+---------------------------------+
; Property           ; Value                           ;
+--------------------+---------------------------------+
; From Node          ; zhao_cmd_dma:u_dma|walk_off[28] ;
; To Node            ; zhao_cmd_dma:u_dma|walk_off[28] ;
; Launch Clock       ; gpu_clk                         ;
; Latch Clock        ; gpu_clk                         ;
; Data Arrival Time  ; 3.888                           ;
; Data Required Time ; 3.474                           ;
; Slack              ; 0.414                           ;
+--------------------+---------------------------------+

+-----------------------------------------------------------------------------------+
; Statistics                                                                        ;
+------------------------+-------+-------+-------------+------------+-------+-------+
; Property               ; Value ; Count ; Total Delay ; % of Total ; Min   ; Max   ;
+------------------------+-------+-------+-------------+------------+-------+-------+
; Hold Relationship      ; 0.000 ;       ;             ;            ;       ;       ;
; Clock Skew             ; 0.113 ;       ;             ;            ;       ;       ;
; Data Delay             ; 0.527 ;       ;             ;            ;       ;       ;
; Number of Logic Levels ;       ; 1     ;             ;            ;       ;       ;
; Physical Delays        ;       ;       ;             ;            ;       ;       ;
;  Arrival Path          ;       ;       ;             ;            ;       ;       ;
;   Clock                ;       ;       ;             ;            ;       ;       ;
;    IC                  ;       ; 2     ; 2.582       ; 77         ; 0.576 ; 2.006 ;
;    Cell                ;       ; 2     ; 0.779       ; 23         ; 0.295 ; 0.484 ;
;   Data                 ;       ;       ;             ;            ;       ;       ;
;    IC                  ;       ; 2     ; 0.227       ; 43         ; 0.000 ; 0.227 ;
;    Cell                ;       ; 3     ; 0.300       ; 57         ; 0.000 ; 0.230 ;
;    uTco                ;       ; 1     ; 0.000       ; 0          ; 0.000 ; 0.000 ;
;  Required Path         ;       ;       ;             ;            ;       ;       ;
;   Clock                ;       ;       ;             ;            ;       ;       ;
;    IC                  ;       ; 2     ; 5.191       ; 85         ; 2.457 ; 2.734 ;
;    Cell                ;       ; 2     ; 0.885       ; 15         ; 0.321 ; 0.564 ;
+------------------------+-------+-------+-------------+------------+-------+-------+
Note: Negative delays are omitted from totals when calculating percentages

+------------------------------------------------------------------------------------------------+
; Data Arrival Path                                                                              ;
+---------+---------+----+------+--------+---------------------+---------------------------------+
; Total   ; Incr    ; RF ; Type ; Fanout ; Location            ; Element                         ;
+---------+---------+----+------+--------+---------------------+---------------------------------+
; 0.000   ; 0.000   ;    ;      ;        ;                     ; launch edge time                ;
; 3.361   ; 3.361   ;    ;      ;        ;                     ; clock path                      ;
;   0.000 ;   0.000 ;    ;      ;        ;                     ; source latency                  ;
;   0.000 ;   0.000 ;    ;      ; 1      ; LABCELL_X1_Y36_N9   ; gpu_clk                         ;
;   0.576 ;   0.576 ; RR ; IC   ; 1      ; CLKCTRL_G2          ; gpu_clk~CLKENA0|inclk           ;
;   0.871 ;   0.295 ; RR ; CELL ; 9078   ; CLKCTRL_G2          ; gpu_clk~CLKENA0|outclk          ;
;   2.877 ;   2.006 ; RR ; IC   ; 1      ; FF_X35_Y40_N26      ; u_dma|walk_off[28]|clk          ;
;   3.361 ;   0.484 ; RR ; CELL ; 1      ; FF_X35_Y40_N26      ; zhao_cmd_dma:u_dma|walk_off[28] ;
; 3.888   ; 0.527   ;    ;      ;        ;                     ; data path                       ;
;   3.361 ;   0.000 ;    ; uTco ; 1      ; FF_X35_Y40_N26      ; zhao_cmd_dma:u_dma|walk_off[28] ;
;   3.361 ;   0.000 ; FF ; CELL ; 3      ; FF_X35_Y40_N26      ; u_dma|walk_off[28]|q            ;
;   3.588 ;   0.227 ; FF ; IC   ; 2      ; LABCELL_X35_Y40_N24 ; u_dma|Add28~89|datac            ;
;   3.818 ;   0.230 ; FR ; CELL ; 5      ; LABCELL_X35_Y40_N24 ; u_dma|Add28~89|sumout           ;
;   3.818 ;   0.000 ; RR ; IC   ; 1      ; FF_X35_Y40_N26      ; u_dma|walk_off[28]|d            ;
;   3.888 ;   0.070 ; RR ; CELL ; 1      ; FF_X35_Y40_N26      ; zhao_cmd_dma:u_dma|walk_off[28] ;
+---------+---------+----+------+--------+---------------------+---------------------------------+

+-----------------------------------------------------------------------------------------------+
; Data Required Path                                                                            ;
+---------+----------+----+------+--------+-------------------+---------------------------------+
; Total   ; Incr     ; RF ; Type ; Fanout ; Location          ; Element                         ;
+---------+----------+----+------+--------+-------------------+---------------------------------+
; 0.000   ; 0.000    ;    ;      ;        ;                   ; latch edge time                 ;
; 3.474   ; 3.474    ;    ;      ;        ;                   ; clock path                      ;
;   0.000 ;   0.000  ;    ;      ;        ;                   ; source latency                  ;
;   0.000 ;   0.000  ;    ;      ; 1      ; LABCELL_X1_Y36_N9 ; gpu_clk                         ;
;   2.734 ;   2.734  ; RR ; IC   ; 1      ; CLKCTRL_G2        ; gpu_clk~CLKENA0|inclk           ;
;   3.055 ;   0.321  ; RR ; CELL ; 9078   ; CLKCTRL_G2        ; gpu_clk~CLKENA0|outclk          ;
;   5.512 ;   2.457  ; RR ; IC   ; 1      ; FF_X35_Y40_N26    ; u_dma|walk_off[28]|clk          ;
;   6.076 ;   0.564  ; RR ; CELL ; 1      ; FF_X35_Y40_N26    ; zhao_cmd_dma:u_dma|walk_off[28] ;
;   3.474 ;   -2.602 ;    ;      ;        ;                   ; clock pessimism removed         ;
; 3.474   ; 0.000    ;    ;      ;        ;                   ; clock uncertainty               ;
; 3.474   ; 0.000    ;    ; uTh  ; 1      ; FF_X35_Y40_N26    ; zhao_cmd_dma:u_dma|walk_off[28] ;
+---------+----------+----+------+--------+-------------------+---------------------------------+

----------------------------
; Extra Fitter Information ;
----------------------------
HTML report is unavailable in plain text report export.


Path #47: Hold slack is 0.414 
===============================================================================
+----------------------------------------------------------------+
; Path Summary                                                   ;
+--------------------+-------------------------------------------+
; Property           ; Value                                     ;
+--------------------+-------------------------------------------+
; From Node          ; zhao_cmd_scheduler:u_sched|dead_cnt[1][0] ;
; To Node            ; zhao_cmd_scheduler:u_sched|dead_cnt[1][0] ;
; Launch Clock       ; gpu_clk                                   ;
; Latch Clock        ; gpu_clk                                   ;
; Data Arrival Time  ; 3.901                                     ;
; Data Required Time ; 3.487                                     ;
; Slack              ; 0.414                                     ;
+--------------------+-------------------------------------------+

+-----------------------------------------------------------------------------------+
; Statistics                                                                        ;
+------------------------+-------+-------+-------------+------------+-------+-------+
; Property               ; Value ; Count ; Total Delay ; % of Total ; Min   ; Max   ;
+------------------------+-------+-------+-------------+------------+-------+-------+
; Hold Relationship      ; 0.000 ;       ;             ;            ;       ;       ;
; Clock Skew             ; 0.113 ;       ;             ;            ;       ;       ;
; Data Delay             ; 0.527 ;       ;             ;            ;       ;       ;
; Number of Logic Levels ;       ; 1     ;             ;            ;       ;       ;
; Physical Delays        ;       ;       ;             ;            ;       ;       ;
;  Arrival Path          ;       ;       ;             ;            ;       ;       ;
;   Clock                ;       ;       ;             ;            ;       ;       ;
;    IC                  ;       ; 2     ; 2.595       ; 77         ; 0.576 ; 2.019 ;
;    Cell                ;       ; 2     ; 0.779       ; 23         ; 0.295 ; 0.484 ;
;   Data                 ;       ;       ;             ;            ;       ;       ;
;    IC                  ;       ; 2     ; 0.231       ; 44         ; 0.000 ; 0.231 ;
;    Cell                ;       ; 3     ; 0.296       ; 56         ; 0.000 ; 0.227 ;
;    uTco                ;       ; 1     ; 0.000       ; 0          ; 0.000 ; 0.000 ;
;  Required Path         ;       ;       ;             ;            ;       ;       ;
;   Clock                ;       ;       ;             ;            ;       ;       ;
;    IC                  ;       ; 2     ; 5.205       ; 85         ; 2.471 ; 2.734 ;
;    Cell                ;       ; 2     ; 0.885       ; 15         ; 0.321 ; 0.564 ;
+------------------------+-------+-------+-------------+------------+-------+-------+
Note: Negative delays are omitted from totals when calculating percentages

+---------------------------------------------------------------------------------------------------------+
; Data Arrival Path                                                                                       ;
+---------+---------+----+------+--------+--------------------+-------------------------------------------+
; Total   ; Incr    ; RF ; Type ; Fanout ; Location           ; Element                                   ;
+---------+---------+----+------+--------+--------------------+-------------------------------------------+
; 0.000   ; 0.000   ;    ;      ;        ;                    ; launch edge time                          ;
; 3.374   ; 3.374   ;    ;      ;        ;                    ; clock path                                ;
;   0.000 ;   0.000 ;    ;      ;        ;                    ; source latency                            ;
;   0.000 ;   0.000 ;    ;      ; 1      ; LABCELL_X1_Y36_N9  ; gpu_clk                                   ;
;   0.576 ;   0.576 ; RR ; IC   ; 1      ; CLKCTRL_G2         ; gpu_clk~CLKENA0|inclk                     ;
;   0.871 ;   0.295 ; RR ; CELL ; 9078   ; CLKCTRL_G2         ; gpu_clk~CLKENA0|outclk                    ;
;   2.890 ;   2.019 ; RR ; IC   ; 1      ; FF_X43_Y47_N2      ; u_sched|dead_cnt[1][0]|clk                ;
;   3.374 ;   0.484 ; RR ; CELL ; 1      ; FF_X43_Y47_N2      ; zhao_cmd_scheduler:u_sched|dead_cnt[1][0] ;
; 3.901   ; 0.527   ;    ;      ;        ;                    ; data path                                 ;
;   3.374 ;   0.000 ;    ; uTco ; 1      ; FF_X43_Y47_N2      ; zhao_cmd_scheduler:u_sched|dead_cnt[1][0] ;
;   3.374 ;   0.000 ; FF ; CELL ; 2      ; FF_X43_Y47_N2      ; u_sched|dead_cnt[1][0]|q                  ;
;   3.605 ;   0.231 ; FF ; IC   ; 2      ; LABCELL_X43_Y47_N0 ; u_sched|Add1~17|datac                     ;
;   3.832 ;   0.227 ; FR ; CELL ; 1      ; LABCELL_X43_Y47_N0 ; u_sched|Add1~17|sumout                    ;
;   3.832 ;   0.000 ; RR ; IC   ; 1      ; FF_X43_Y47_N2      ; u_sched|dead_cnt[1][0]|d                  ;
;   3.901 ;   0.069 ; RR ; CELL ; 1      ; FF_X43_Y47_N2      ; zhao_cmd_scheduler:u_sched|dead_cnt[1][0] ;
+---------+---------+----+------+--------+--------------------+-------------------------------------------+

+---------------------------------------------------------------------------------------------------------+
; Data Required Path                                                                                      ;
+---------+----------+----+------+--------+-------------------+-------------------------------------------+
; Total   ; Incr     ; RF ; Type ; Fanout ; Location          ; Element                                   ;
+---------+----------+----+------+--------+-------------------+-------------------------------------------+
; 0.000   ; 0.000    ;    ;      ;        ;                   ; latch edge time                           ;
; 3.487   ; 3.487    ;    ;      ;        ;                   ; clock path                                ;
;   0.000 ;   0.000  ;    ;      ;        ;                   ; source latency                            ;
;   0.000 ;   0.000  ;    ;      ; 1      ; LABCELL_X1_Y36_N9 ; gpu_clk                                   ;
;   2.734 ;   2.734  ; RR ; IC   ; 1      ; CLKCTRL_G2        ; gpu_clk~CLKENA0|inclk                     ;
;   3.055 ;   0.321  ; RR ; CELL ; 9078   ; CLKCTRL_G2        ; gpu_clk~CLKENA0|outclk                    ;
;   5.526 ;   2.471  ; RR ; IC   ; 1      ; FF_X43_Y47_N2     ; u_sched|dead_cnt[1][0]|clk                ;
;   6.090 ;   0.564  ; RR ; CELL ; 1      ; FF_X43_Y47_N2     ; zhao_cmd_scheduler:u_sched|dead_cnt[1][0] ;
;   3.487 ;   -2.603 ;    ;      ;        ;                   ; clock pessimism removed                   ;
; 3.487   ; 0.000    ;    ;      ;        ;                   ; clock uncertainty                         ;
; 3.487   ; 0.000    ;    ; uTh  ; 1      ; FF_X43_Y47_N2     ; zhao_cmd_scheduler:u_sched|dead_cnt[1][0] ;
+---------+----------+----+------+--------+-------------------+-------------------------------------------+

----------------------------
; Extra Fitter Information ;
----------------------------
HTML report is unavailable in plain text report export.


Path #48: Hold slack is 0.414 
===============================================================================
+------------------------------------------------------------------------+
; Path Summary                                                           ;
+--------------------+---------------------------------------------------+
; Property           ; Value                                             ;
+--------------------+---------------------------------------------------+
; From Node          ; zhao_video_framectl:u_framectl|frame_cycles_q[19] ;
; To Node            ; zhao_video_framectl:u_framectl|frame_cycles_q[19] ;
; Launch Clock       ; vid_clk                                           ;
; Latch Clock        ; vid_clk                                           ;
; Data Arrival Time  ; 3.906                                             ;
; Data Required Time ; 3.492                                             ;
; Slack              ; 0.414                                             ;
+--------------------+---------------------------------------------------+

+-----------------------------------------------------------------------------------+
; Statistics                                                                        ;
+------------------------+-------+-------+-------------+------------+-------+-------+
; Property               ; Value ; Count ; Total Delay ; % of Total ; Min   ; Max   ;
+------------------------+-------+-------+-------------+------------+-------+-------+
; Hold Relationship      ; 0.000 ;       ;             ;            ;       ;       ;
; Clock Skew             ; 0.111 ;       ;             ;            ;       ;       ;
; Data Delay             ; 0.525 ;       ;             ;            ;       ;       ;
; Number of Logic Levels ;       ; 1     ;             ;            ;       ;       ;
; Physical Delays        ;       ;       ;             ;            ;       ;       ;
;  Arrival Path          ;       ;       ;             ;            ;       ;       ;
;   Clock                ;       ;       ;             ;            ;       ;       ;
;    IC                  ;       ; 2     ; 2.609       ; 77         ; 0.581 ; 2.028 ;
;    Cell                ;       ; 2     ; 0.772       ; 23         ; 0.295 ; 0.477 ;
;   Data                 ;       ;       ;             ;            ;       ;       ;
;    IC                  ;       ; 2     ; 0.236       ; 45         ; 0.000 ; 0.236 ;
;    Cell                ;       ; 3     ; 0.289       ; 55         ; 0.000 ; 0.226 ;
;    uTco                ;       ; 1     ; 0.000       ; 0          ; 0.000 ; 0.000 ;
;  Required Path         ;       ;       ;             ;            ;       ;       ;
;   Clock                ;       ;       ;             ;            ;       ;       ;
;    IC                  ;       ; 2     ; 5.220       ; 86         ; 2.480 ; 2.740 ;
;    Cell                ;       ; 2     ; 0.876       ; 14         ; 0.321 ; 0.555 ;
+------------------------+-------+-------+-------------+------------+-------+-------+
Note: Negative delays are omitted from totals when calculating percentages

+-------------------------------------------------------------------------------------------------------------------+
; Data Arrival Path                                                                                                 ;
+---------+---------+----+------+--------+----------------------+---------------------------------------------------+
; Total   ; Incr    ; RF ; Type ; Fanout ; Location             ; Element                                           ;
+---------+---------+----+------+--------+----------------------+---------------------------------------------------+
; 0.000   ; 0.000   ;    ;      ;        ;                      ; launch edge time                                  ;
; 3.381   ; 3.381   ;    ;      ;        ;                      ; clock path                                        ;
;   0.000 ;   0.000 ;    ;      ;        ;                      ; source latency                                    ;
;   0.000 ;   0.000 ;    ;      ; 1      ; LABCELL_X1_Y36_N3    ; vid_clk                                           ;
;   0.581 ;   0.581 ; RR ; IC   ; 1      ; CLKCTRL_G3           ; vid_clk~CLKENA0|inclk                             ;
;   0.876 ;   0.295 ; RR ; CELL ; 746    ; CLKCTRL_G3           ; vid_clk~CLKENA0|outclk                            ;
;   2.904 ;   2.028 ; RR ; IC   ; 1      ; FF_X47_Y42_N26       ; u_framectl|frame_cycles_q[19]|clk                 ;
;   3.381 ;   0.477 ; RR ; CELL ; 1      ; FF_X47_Y42_N26       ; zhao_video_framectl:u_framectl|frame_cycles_q[19] ;
; 3.906   ; 0.525   ;    ;      ;        ;                      ; data path                                         ;
;   3.381 ;   0.000 ;    ; uTco ; 1      ; FF_X47_Y42_N26       ; zhao_video_framectl:u_framectl|frame_cycles_q[19] ;
;   3.381 ;   0.000 ; FF ; CELL ; 3      ; FF_X47_Y42_N26       ; u_framectl|frame_cycles_q[19]|q                   ;
;   3.617 ;   0.236 ; FF ; IC   ; 2      ; MLABCELL_X47_Y42_N24 ; u_framectl|Add2~73|datac                          ;
;   3.843 ;   0.226 ; FR ; CELL ; 1      ; MLABCELL_X47_Y42_N24 ; u_framectl|Add2~73|sumout                         ;
;   3.843 ;   0.000 ; RR ; IC   ; 1      ; FF_X47_Y42_N26       ; u_framectl|frame_cycles_q[19]|d                   ;
;   3.906 ;   0.063 ; RR ; CELL ; 1      ; FF_X47_Y42_N26       ; zhao_video_framectl:u_framectl|frame_cycles_q[19] ;
+---------+---------+----+------+--------+----------------------+---------------------------------------------------+

+-----------------------------------------------------------------------------------------------------------------+
; Data Required Path                                                                                              ;
+---------+----------+----+------+--------+-------------------+---------------------------------------------------+
; Total   ; Incr     ; RF ; Type ; Fanout ; Location          ; Element                                           ;
+---------+----------+----+------+--------+-------------------+---------------------------------------------------+
; 0.000   ; 0.000    ;    ;      ;        ;                   ; latch edge time                                   ;
; 3.492   ; 3.492    ;    ;      ;        ;                   ; clock path                                        ;
;   0.000 ;   0.000  ;    ;      ;        ;                   ; source latency                                    ;
;   0.000 ;   0.000  ;    ;      ; 1      ; LABCELL_X1_Y36_N3 ; vid_clk                                           ;
;   2.740 ;   2.740  ; RR ; IC   ; 1      ; CLKCTRL_G3        ; vid_clk~CLKENA0|inclk                             ;
;   3.061 ;   0.321  ; RR ; CELL ; 746    ; CLKCTRL_G3        ; vid_clk~CLKENA0|outclk                            ;
;   5.541 ;   2.480  ; RR ; IC   ; 1      ; FF_X47_Y42_N26    ; u_framectl|frame_cycles_q[19]|clk                 ;
;   6.096 ;   0.555  ; RR ; CELL ; 1      ; FF_X47_Y42_N26    ; zhao_video_framectl:u_framectl|frame_cycles_q[19] ;
;   3.492 ;   -2.604 ;    ;      ;        ;                   ; clock pessimism removed                           ;
; 3.492   ; 0.000    ;    ;      ;        ;                   ; clock uncertainty                                 ;
; 3.492   ; 0.000    ;    ; uTh  ; 1      ; FF_X47_Y42_N26    ; zhao_video_framectl:u_framectl|frame_cycles_q[19] ;
+---------+----------+----+------+--------+-------------------+---------------------------------------------------+

----------------------------
; Extra Fitter Information ;
----------------------------
HTML report is unavailable in plain text report export.


Path #49: Hold slack is 0.414 
===============================================================================
+-----------------------------------------------------------------+
; Path Summary                                                    ;
+--------------------+--------------------------------------------+
; Property           ; Value                                      ;
+--------------------+--------------------------------------------+
; From Node          ; zhao_hps_bridge:u_bridge|hps_err_count[21] ;
; To Node            ; zhao_hps_bridge:u_bridge|hps_err_count[21] ;
; Launch Clock       ; gpu_clk                                    ;
; Latch Clock        ; gpu_clk                                    ;
; Data Arrival Time  ; 3.797                                      ;
; Data Required Time ; 3.383                                      ;
; Slack              ; 0.414                                      ;
+--------------------+--------------------------------------------+

+-----------------------------------------------------------------------------------+
; Statistics                                                                        ;
+------------------------+-------+-------+-------------+------------+-------+-------+
; Property               ; Value ; Count ; Total Delay ; % of Total ; Min   ; Max   ;
+------------------------+-------+-------+-------------+------------+-------+-------+
; Hold Relationship      ; 0.000 ;       ;             ;            ;       ;       ;
; Clock Skew             ; 0.108 ;       ;             ;            ;       ;       ;
; Data Delay             ; 0.522 ;       ;             ;            ;       ;       ;
; Number of Logic Levels ;       ; 1     ;             ;            ;       ;       ;
; Physical Delays        ;       ;       ;             ;            ;       ;       ;
;  Arrival Path          ;       ;       ;             ;            ;       ;       ;
;   Clock                ;       ;       ;             ;            ;       ;       ;
;    IC                  ;       ; 2     ; 2.486       ; 76         ; 0.576 ; 1.910 ;
;    Cell                ;       ; 2     ; 0.789       ; 24         ; 0.295 ; 0.494 ;
;   Data                 ;       ;       ;             ;            ;       ;       ;
;    IC                  ;       ; 2     ; 0.233       ; 45         ; 0.000 ; 0.233 ;
;    Cell                ;       ; 3     ; 0.289       ; 55         ; 0.000 ; 0.226 ;
;    uTco                ;       ; 1     ; 0.000       ; 0          ; 0.000 ; 0.000 ;
;  Required Path         ;       ;       ;             ;            ;       ;       ;
;   Clock                ;       ;       ;             ;            ;       ;       ;
;    IC                  ;       ; 2     ; 5.087       ; 85         ; 2.353 ; 2.734 ;
;    Cell                ;       ; 2     ; 0.895       ; 15         ; 0.321 ; 0.574 ;
+------------------------+-------+-------+-------------+------------+-------+-------+
Note: Negative delays are omitted from totals when calculating percentages

+-----------------------------------------------------------------------------------------------------------+
; Data Arrival Path                                                                                         ;
+---------+---------+----+------+--------+---------------------+--------------------------------------------+
; Total   ; Incr    ; RF ; Type ; Fanout ; Location            ; Element                                    ;
+---------+---------+----+------+--------+---------------------+--------------------------------------------+
; 0.000   ; 0.000   ;    ;      ;        ;                     ; launch edge time                           ;
; 3.275   ; 3.275   ;    ;      ;        ;                     ; clock path                                 ;
;   0.000 ;   0.000 ;    ;      ;        ;                     ; source latency                             ;
;   0.000 ;   0.000 ;    ;      ; 1      ; LABCELL_X1_Y36_N9   ; gpu_clk                                    ;
;   0.576 ;   0.576 ; RR ; IC   ; 1      ; CLKCTRL_G2          ; gpu_clk~CLKENA0|inclk                      ;
;   0.871 ;   0.295 ; RR ; CELL ; 9078   ; CLKCTRL_G2          ; gpu_clk~CLKENA0|outclk                     ;
;   2.781 ;   1.910 ; RR ; IC   ; 1      ; FF_X34_Y30_N2       ; u_bridge|hps_err_count[21]|clk             ;
;   3.275 ;   0.494 ; RR ; CELL ; 1      ; FF_X34_Y30_N2       ; zhao_hps_bridge:u_bridge|hps_err_count[21] ;
; 3.797   ; 0.522   ;    ;      ;        ;                     ; data path                                  ;
;   3.275 ;   0.000 ;    ; uTco ; 1      ; FF_X34_Y30_N2       ; zhao_hps_bridge:u_bridge|hps_err_count[21] ;
;   3.275 ;   0.000 ; FF ; CELL ; 2      ; FF_X34_Y30_N2       ; u_bridge|hps_err_count[21]|q               ;
;   3.508 ;   0.233 ; FF ; IC   ; 2      ; MLABCELL_X34_Y30_N0 ; u_bridge|Add0~81|datac                     ;
;   3.734 ;   0.226 ; FR ; CELL ; 1      ; MLABCELL_X34_Y30_N0 ; u_bridge|Add0~81|sumout                    ;
;   3.734 ;   0.000 ; RR ; IC   ; 1      ; FF_X34_Y30_N2       ; u_bridge|hps_err_count[21]|d               ;
;   3.797 ;   0.063 ; RR ; CELL ; 1      ; FF_X34_Y30_N2       ; zhao_hps_bridge:u_bridge|hps_err_count[21] ;
+---------+---------+----+------+--------+---------------------+--------------------------------------------+

+----------------------------------------------------------------------------------------------------------+
; Data Required Path                                                                                       ;
+---------+----------+----+------+--------+-------------------+--------------------------------------------+
; Total   ; Incr     ; RF ; Type ; Fanout ; Location          ; Element                                    ;
+---------+----------+----+------+--------+-------------------+--------------------------------------------+
; 0.000   ; 0.000    ;    ;      ;        ;                   ; latch edge time                            ;
; 3.383   ; 3.383    ;    ;      ;        ;                   ; clock path                                 ;
;   0.000 ;   0.000  ;    ;      ;        ;                   ; source latency                             ;
;   0.000 ;   0.000  ;    ;      ; 1      ; LABCELL_X1_Y36_N9 ; gpu_clk                                    ;
;   2.734 ;   2.734  ; RR ; IC   ; 1      ; CLKCTRL_G2        ; gpu_clk~CLKENA0|inclk                      ;
;   3.055 ;   0.321  ; RR ; CELL ; 9078   ; CLKCTRL_G2        ; gpu_clk~CLKENA0|outclk                     ;
;   5.408 ;   2.353  ; RR ; IC   ; 1      ; FF_X34_Y30_N2     ; u_bridge|hps_err_count[21]|clk             ;
;   5.982 ;   0.574  ; RR ; CELL ; 1      ; FF_X34_Y30_N2     ; zhao_hps_bridge:u_bridge|hps_err_count[21] ;
;   3.383 ;   -2.599 ;    ;      ;        ;                   ; clock pessimism removed                    ;
; 3.383   ; 0.000    ;    ;      ;        ;                   ; clock uncertainty                          ;
; 3.383   ; 0.000    ;    ; uTh  ; 1      ; FF_X34_Y30_N2     ; zhao_hps_bridge:u_bridge|hps_err_count[21] ;
+---------+----------+----+------+--------+-------------------+--------------------------------------------+

----------------------------
; Extra Fitter Information ;
----------------------------
HTML report is unavailable in plain text report export.


Path #50: Hold slack is 0.414 
===============================================================================
+------------------------------------------------------------------+
; Path Summary                                                     ;
+--------------------+---------------------------------------------+
; Property           ; Value                                       ;
+--------------------+---------------------------------------------+
; From Node          ; zhao_input_rumble:u_rumble|dropped_live[10] ;
; To Node            ; zhao_input_rumble:u_rumble|dropped_live[10] ;
; Launch Clock       ; gpu_clk                                     ;
; Latch Clock        ; gpu_clk                                     ;
; Data Arrival Time  ; 3.802                                       ;
; Data Required Time ; 3.388                                       ;
; Slack              ; 0.414                                       ;
+--------------------+---------------------------------------------+

+-----------------------------------------------------------------------------------+
; Statistics                                                                        ;
+------------------------+-------+-------+-------------+------------+-------+-------+
; Property               ; Value ; Count ; Total Delay ; % of Total ; Min   ; Max   ;
+------------------------+-------+-------+-------------+------------+-------+-------+
; Hold Relationship      ; 0.000 ;       ;             ;            ;       ;       ;
; Clock Skew             ; 0.108 ;       ;             ;            ;       ;       ;
; Data Delay             ; 0.522 ;       ;             ;            ;       ;       ;
; Number of Logic Levels ;       ; 1     ;             ;            ;       ;       ;
; Physical Delays        ;       ;       ;             ;            ;       ;       ;
;  Arrival Path          ;       ;       ;             ;            ;       ;       ;
;   Clock                ;       ;       ;             ;            ;       ;       ;
;    IC                  ;       ; 2     ; 2.503       ; 76         ; 0.576 ; 1.927 ;
;    Cell                ;       ; 2     ; 0.777       ; 24         ; 0.295 ; 0.482 ;
;   Data                 ;       ;       ;             ;            ;       ;       ;
;    IC                  ;       ; 2     ; 0.233       ; 45         ; 0.000 ; 0.233 ;
;    Cell                ;       ; 3     ; 0.289       ; 55         ; 0.000 ; 0.226 ;
;    uTco                ;       ; 1     ; 0.000       ; 0          ; 0.000 ; 0.000 ;
;  Required Path         ;       ;       ;             ;            ;       ;       ;
;   Clock                ;       ;       ;             ;            ;       ;       ;
;    IC                  ;       ; 2     ; 5.109       ; 85         ; 2.375 ; 2.734 ;
;    Cell                ;       ; 2     ; 0.882       ; 15         ; 0.321 ; 0.561 ;
+------------------------+-------+-------+-------------+------------+-------+-------+
Note: Negative delays are omitted from totals when calculating percentages

+------------------------------------------------------------------------------------------------------------+
; Data Arrival Path                                                                                          ;
+---------+---------+----+------+--------+---------------------+---------------------------------------------+
; Total   ; Incr    ; RF ; Type ; Fanout ; Location            ; Element                                     ;
+---------+---------+----+------+--------+---------------------+---------------------------------------------+
; 0.000   ; 0.000   ;    ;      ;        ;                     ; launch edge time                            ;
; 3.280   ; 3.280   ;    ;      ;        ;                     ; clock path                                  ;
;   0.000 ;   0.000 ;    ;      ;        ;                     ; source latency                              ;
;   0.000 ;   0.000 ;    ;      ; 1      ; LABCELL_X1_Y36_N9   ; gpu_clk                                     ;
;   0.576 ;   0.576 ; RR ; IC   ; 1      ; CLKCTRL_G2          ; gpu_clk~CLKENA0|inclk                       ;
;   0.871 ;   0.295 ; RR ; CELL ; 9078   ; CLKCTRL_G2          ; gpu_clk~CLKENA0|outclk                      ;
;   2.798 ;   1.927 ; RR ; IC   ; 1      ; FF_X47_Y25_N2       ; u_rumble|dropped_live[10]|clk               ;
;   3.280 ;   0.482 ; RR ; CELL ; 1      ; FF_X47_Y25_N2       ; zhao_input_rumble:u_rumble|dropped_live[10] ;
; 3.802   ; 0.522   ;    ;      ;        ;                     ; data path                                   ;
;   3.280 ;   0.000 ;    ; uTco ; 1      ; FF_X47_Y25_N2       ; zhao_input_rumble:u_rumble|dropped_live[10] ;
;   3.280 ;   0.000 ; FF ; CELL ; 3      ; FF_X47_Y25_N2       ; u_rumble|dropped_live[10]|q                 ;
;   3.513 ;   0.233 ; FF ; IC   ; 2      ; MLABCELL_X47_Y25_N0 ; u_rumble|Add2~41|datac                      ;
;   3.739 ;   0.226 ; FR ; CELL ; 1      ; MLABCELL_X47_Y25_N0 ; u_rumble|Add2~41|sumout                     ;
;   3.739 ;   0.000 ; RR ; IC   ; 1      ; FF_X47_Y25_N2       ; u_rumble|dropped_live[10]|d                 ;
;   3.802 ;   0.063 ; RR ; CELL ; 1      ; FF_X47_Y25_N2       ; zhao_input_rumble:u_rumble|dropped_live[10] ;
+---------+---------+----+------+--------+---------------------+---------------------------------------------+

+-----------------------------------------------------------------------------------------------------------+
; Data Required Path                                                                                        ;
+---------+----------+----+------+--------+-------------------+---------------------------------------------+
; Total   ; Incr     ; RF ; Type ; Fanout ; Location          ; Element                                     ;
+---------+----------+----+------+--------+-------------------+---------------------------------------------+
; 0.000   ; 0.000    ;    ;      ;        ;                   ; latch edge time                             ;
; 3.388   ; 3.388    ;    ;      ;        ;                   ; clock path                                  ;
;   0.000 ;   0.000  ;    ;      ;        ;                   ; source latency                              ;
;   0.000 ;   0.000  ;    ;      ; 1      ; LABCELL_X1_Y36_N9 ; gpu_clk                                     ;
;   2.734 ;   2.734  ; RR ; IC   ; 1      ; CLKCTRL_G2        ; gpu_clk~CLKENA0|inclk                       ;
;   3.055 ;   0.321  ; RR ; CELL ; 9078   ; CLKCTRL_G2        ; gpu_clk~CLKENA0|outclk                      ;
;   5.430 ;   2.375  ; RR ; IC   ; 1      ; FF_X47_Y25_N2     ; u_rumble|dropped_live[10]|clk               ;
;   5.991 ;   0.561  ; RR ; CELL ; 1      ; FF_X47_Y25_N2     ; zhao_input_rumble:u_rumble|dropped_live[10] ;
;   3.388 ;   -2.603 ;    ;      ;        ;                   ; clock pessimism removed                     ;
; 3.388   ; 0.000    ;    ;      ;        ;                   ; clock uncertainty                           ;
; 3.388   ; 0.000    ;    ; uTh  ; 1      ; FF_X47_Y25_N2     ; zhao_input_rumble:u_rumble|dropped_live[10] ;
+---------+----------+----+------+--------+-------------------+---------------------------------------------+

----------------------------
; Extra Fitter Information ;
----------------------------
HTML report is unavailable in plain text report export.


Path #51: Hold slack is 0.414 
===============================================================================
+----------------------------------------------------------------------------------+
; Path Summary                                                                     ;
+--------------------+-------------------------------------------------------------+
; Property           ; Value                                                       ;
+--------------------+-------------------------------------------------------------+
; From Node          ; zhao_video_framectl:u_framectl|frame_cycles_q[63]~DUPLICATE ;
; To Node            ; zhao_video_framectl:u_framectl|frame_cycles_q[63]           ;
; Launch Clock       ; vid_clk                                                     ;
; Latch Clock        ; vid_clk                                                     ;
; Data Arrival Time  ; 3.923                                                       ;
; Data Required Time ; 3.509                                                       ;
; Slack              ; 0.414                                                       ;
+--------------------+-------------------------------------------------------------+

+-----------------------------------------------------------------------------------+
; Statistics                                                                        ;
+------------------------+-------+-------+-------------+------------+-------+-------+
; Property               ; Value ; Count ; Total Delay ; % of Total ; Min   ; Max   ;
+------------------------+-------+-------+-------------+------------+-------+-------+
; Hold Relationship      ; 0.000 ;       ;             ;            ;       ;       ;
; Clock Skew             ; 0.126 ;       ;             ;            ;       ;       ;
; Data Delay             ; 0.540 ;       ;             ;            ;       ;       ;
; Number of Logic Levels ;       ; 1     ;             ;            ;       ;       ;
; Physical Delays        ;       ;       ;             ;            ;       ;       ;
;  Arrival Path          ;       ;       ;             ;            ;       ;       ;
;   Clock                ;       ;       ;             ;            ;       ;       ;
;    IC                  ;       ; 2     ; 2.610       ; 77         ; 0.581 ; 2.029 ;
;    Cell                ;       ; 2     ; 0.773       ; 23         ; 0.295 ; 0.478 ;
;   Data                 ;       ;       ;             ;            ;       ;       ;
;    IC                  ;       ; 2     ; 0.243       ; 45         ; 0.000 ; 0.243 ;
;    Cell                ;       ; 3     ; 0.297       ; 55         ; 0.000 ; 0.226 ;
;    uTco                ;       ; 1     ; 0.000       ; 0          ; 0.000 ; 0.000 ;
;  Required Path         ;       ;       ;             ;            ;       ;       ;
;   Clock                ;       ;       ;             ;            ;       ;       ;
;    IC                  ;       ; 2     ; 5.222       ; 85         ; 2.482 ; 2.740 ;
;    Cell                ;       ; 2     ; 0.891       ; 15         ; 0.321 ; 0.570 ;
+------------------------+-------+-------+-------------+------------+-------+-------+
Note: Negative delays are omitted from totals when calculating percentages

+-----------------------------------------------------------------------------------------------------------------------------+
; Data Arrival Path                                                                                                           ;
+---------+---------+----+------+--------+----------------------+-------------------------------------------------------------+
; Total   ; Incr    ; RF ; Type ; Fanout ; Location             ; Element                                                     ;
+---------+---------+----+------+--------+----------------------+-------------------------------------------------------------+
; 0.000   ; 0.000   ;    ;      ;        ;                      ; launch edge time                                            ;
; 3.383   ; 3.383   ;    ;      ;        ;                      ; clock path                                                  ;
;   0.000 ;   0.000 ;    ;      ;        ;                      ; source latency                                              ;
;   0.000 ;   0.000 ;    ;      ; 1      ; LABCELL_X1_Y36_N3    ; vid_clk                                                     ;
;   0.581 ;   0.581 ; RR ; IC   ; 1      ; CLKCTRL_G3           ; vid_clk~CLKENA0|inclk                                       ;
;   0.876 ;   0.295 ; RR ; CELL ; 746    ; CLKCTRL_G3           ; vid_clk~CLKENA0|outclk                                      ;
;   2.905 ;   2.029 ; RR ; IC   ; 1      ; FF_X47_Y40_N38       ; u_framectl|frame_cycles_q[63]~DUPLICATE|clk                 ;
;   3.383 ;   0.478 ; RR ; CELL ; 1      ; FF_X47_Y40_N38       ; zhao_video_framectl:u_framectl|frame_cycles_q[63]~DUPLICATE ;
; 3.923   ; 0.540   ;    ;      ;        ;                      ; data path                                                   ;
;   3.383 ;   0.000 ;    ; uTco ; 1      ; FF_X47_Y40_N38       ; zhao_video_framectl:u_framectl|frame_cycles_q[63]~DUPLICATE ;
;   3.383 ;   0.000 ; FF ; CELL ; 2      ; FF_X47_Y40_N38       ; u_framectl|frame_cycles_q[63]~DUPLICATE|q                   ;
;   3.626 ;   0.243 ; FF ; IC   ; 1      ; MLABCELL_X47_Y40_N36 ; u_framectl|Add2~249|datac                                   ;
;   3.852 ;   0.226 ; FR ; CELL ; 2      ; MLABCELL_X47_Y40_N36 ; u_framectl|Add2~249|sumout                                  ;
;   3.852 ;   0.000 ; RR ; IC   ; 1      ; FF_X47_Y40_N37       ; u_framectl|frame_cycles_q[63]|d                             ;
;   3.923 ;   0.071 ; RR ; CELL ; 1      ; FF_X47_Y40_N37       ; zhao_video_framectl:u_framectl|frame_cycles_q[63]           ;
+---------+---------+----+------+--------+----------------------+-------------------------------------------------------------+

+-----------------------------------------------------------------------------------------------------------------+
; Data Required Path                                                                                              ;
+---------+----------+----+------+--------+-------------------+---------------------------------------------------+
; Total   ; Incr     ; RF ; Type ; Fanout ; Location          ; Element                                           ;
+---------+----------+----+------+--------+-------------------+---------------------------------------------------+
; 0.000   ; 0.000    ;    ;      ;        ;                   ; latch edge time                                   ;
; 3.509   ; 3.509    ;    ;      ;        ;                   ; clock path                                        ;
;   0.000 ;   0.000  ;    ;      ;        ;                   ; source latency                                    ;
;   0.000 ;   0.000  ;    ;      ; 1      ; LABCELL_X1_Y36_N3 ; vid_clk                                           ;
;   2.740 ;   2.740  ; RR ; IC   ; 1      ; CLKCTRL_G3        ; vid_clk~CLKENA0|inclk                             ;
;   3.061 ;   0.321  ; RR ; CELL ; 746    ; CLKCTRL_G3        ; vid_clk~CLKENA0|outclk                            ;
;   5.543 ;   2.482  ; RR ; IC   ; 1      ; FF_X47_Y40_N37    ; u_framectl|frame_cycles_q[63]|clk                 ;
;   6.113 ;   0.570  ; RR ; CELL ; 1      ; FF_X47_Y40_N37    ; zhao_video_framectl:u_framectl|frame_cycles_q[63] ;
;   3.509 ;   -2.604 ;    ;      ;        ;                   ; clock pessimism removed                           ;
; 3.509   ; 0.000    ;    ;      ;        ;                   ; clock uncertainty                                 ;
; 3.509   ; 0.000    ;    ; uTh  ; 1      ; FF_X47_Y40_N37    ; zhao_video_framectl:u_framectl|frame_cycles_q[63] ;
+---------+----------+----+------+--------+-------------------+---------------------------------------------------+

----------------------------
; Extra Fitter Information ;
----------------------------
HTML report is unavailable in plain text report export.


Path #52: Hold slack is 0.415 
===============================================================================
+--------------------------------------------------------------------------------------------------------+
; Path Summary                                                                                           ;
+--------------------+-----------------------------------------------------------------------------------+
; Property           ; Value                                                                             ;
+--------------------+-----------------------------------------------------------------------------------+
; From Node          ; zhao_video_scanout:u_scanout|zhao_scanout_serializer:u_ser|starve_q[37]~DUPLICATE ;
; To Node            ; zhao_video_scanout:u_scanout|zhao_scanout_serializer:u_ser|starve_q[37]           ;
; Launch Clock       ; vid_clk                                                                           ;
; Latch Clock        ; vid_clk                                                                           ;
; Data Arrival Time  ; 3.792                                                                             ;
; Data Required Time ; 3.377                                                                             ;
; Slack              ; 0.415                                                                             ;
+--------------------+-----------------------------------------------------------------------------------+

+-----------------------------------------------------------------------------------+
; Statistics                                                                        ;
+------------------------+-------+-------+-------------+------------+-------+-------+
; Property               ; Value ; Count ; Total Delay ; % of Total ; Min   ; Max   ;
+------------------------+-------+-------+-------------+------------+-------+-------+
; Hold Relationship      ; 0.000 ;       ;             ;            ;       ;       ;
; Clock Skew             ; 0.122 ;       ;             ;            ;       ;       ;
; Data Delay             ; 0.537 ;       ;             ;            ;       ;       ;
; Number of Logic Levels ;       ; 1     ;             ;            ;       ;       ;
; Physical Delays        ;       ;       ;             ;            ;       ;       ;
;  Arrival Path          ;       ;       ;             ;            ;       ;       ;
;   Clock                ;       ;       ;             ;            ;       ;       ;
;    IC                  ;       ; 2     ; 2.478       ; 76         ; 0.581 ; 1.897 ;
;    Cell                ;       ; 2     ; 0.777       ; 24         ; 0.295 ; 0.482 ;
;   Data                 ;       ;       ;             ;            ;       ;       ;
;    IC                  ;       ; 2     ; 0.240       ; 45         ; 0.000 ; 0.240 ;
;    Cell                ;       ; 3     ; 0.297       ; 55         ; 0.000 ; 0.226 ;
;    uTco                ;       ; 1     ; 0.000       ; 0          ; 0.000 ; 0.000 ;
;  Required Path         ;       ;       ;             ;            ;       ;       ;
;   Clock                ;       ;       ;             ;            ;       ;       ;
;    IC                  ;       ; 2     ; 5.080       ; 85         ; 2.340 ; 2.740 ;
;    Cell                ;       ; 2     ; 0.896       ; 15         ; 0.321 ; 0.575 ;
+------------------------+-------+-------+-------------+------------+-------+-------+
Note: Negative delays are omitted from totals when calculating percentages

+---------------------------------------------------------------------------------------------------------------------------------------------------+
; Data Arrival Path                                                                                                                                 ;
+---------+---------+----+------+--------+----------------------+-----------------------------------------------------------------------------------+
; Total   ; Incr    ; RF ; Type ; Fanout ; Location             ; Element                                                                           ;
+---------+---------+----+------+--------+----------------------+-----------------------------------------------------------------------------------+
; 0.000   ; 0.000   ;    ;      ;        ;                      ; launch edge time                                                                  ;
; 3.255   ; 3.255   ;    ;      ;        ;                      ; clock path                                                                        ;
;   0.000 ;   0.000 ;    ;      ;        ;                      ; source latency                                                                    ;
;   0.000 ;   0.000 ;    ;      ; 1      ; LABCELL_X1_Y36_N3    ; vid_clk                                                                           ;
;   0.581 ;   0.581 ; RR ; IC   ; 1      ; CLKCTRL_G3           ; vid_clk~CLKENA0|inclk                                                             ;
;   0.876 ;   0.295 ; RR ; CELL ; 746    ; CLKCTRL_G3           ; vid_clk~CLKENA0|outclk                                                            ;
;   2.773 ;   1.897 ; RR ; IC   ; 1      ; FF_X39_Y26_N20       ; u_scanout|u_ser|starve_q[37]~DUPLICATE|clk                                        ;
;   3.255 ;   0.482 ; RR ; CELL ; 1      ; FF_X39_Y26_N20       ; zhao_video_scanout:u_scanout|zhao_scanout_serializer:u_ser|starve_q[37]~DUPLICATE ;
; 3.792   ; 0.537   ;    ;      ;        ;                      ; data path                                                                         ;
;   3.255 ;   0.000 ;    ; uTco ; 1      ; FF_X39_Y26_N20       ; zhao_video_scanout:u_scanout|zhao_scanout_serializer:u_ser|starve_q[37]~DUPLICATE ;
;   3.255 ;   0.000 ; FF ; CELL ; 3      ; FF_X39_Y26_N20       ; u_scanout|u_ser|starve_q[37]~DUPLICATE|q                                          ;
;   3.495 ;   0.240 ; FF ; IC   ; 2      ; MLABCELL_X39_Y26_N18 ; u_scanout|u_ser|Add5~145|datac                                                    ;
;   3.721 ;   0.226 ; FR ; CELL ; 2      ; MLABCELL_X39_Y26_N18 ; u_scanout|u_ser|Add5~145|sumout                                                   ;
;   3.721 ;   0.000 ; RR ; IC   ; 1      ; FF_X39_Y26_N19       ; u_scanout|u_ser|starve_q[37]|d                                                    ;
;   3.792 ;   0.071 ; RR ; CELL ; 1      ; FF_X39_Y26_N19       ; zhao_video_scanout:u_scanout|zhao_scanout_serializer:u_ser|starve_q[37]           ;
+---------+---------+----+------+--------+----------------------+-----------------------------------------------------------------------------------+

+---------------------------------------------------------------------------------------------------------------------------------------+
; Data Required Path                                                                                                                    ;
+---------+----------+----+------+--------+-------------------+-------------------------------------------------------------------------+
; Total   ; Incr     ; RF ; Type ; Fanout ; Location          ; Element                                                                 ;
+---------+----------+----+------+--------+-------------------+-------------------------------------------------------------------------+
; 0.000   ; 0.000    ;    ;      ;        ;                   ; latch edge time                                                         ;
; 3.377   ; 3.377    ;    ;      ;        ;                   ; clock path                                                              ;
;   0.000 ;   0.000  ;    ;      ;        ;                   ; source latency                                                          ;
;   0.000 ;   0.000  ;    ;      ; 1      ; LABCELL_X1_Y36_N3 ; vid_clk                                                                 ;
;   2.740 ;   2.740  ; RR ; IC   ; 1      ; CLKCTRL_G3        ; vid_clk~CLKENA0|inclk                                                   ;
;   3.061 ;   0.321  ; RR ; CELL ; 746    ; CLKCTRL_G3        ; vid_clk~CLKENA0|outclk                                                  ;
;   5.401 ;   2.340  ; RR ; IC   ; 1      ; FF_X39_Y26_N19    ; u_scanout|u_ser|starve_q[37]|clk                                        ;
;   5.976 ;   0.575  ; RR ; CELL ; 1      ; FF_X39_Y26_N19    ; zhao_video_scanout:u_scanout|zhao_scanout_serializer:u_ser|starve_q[37] ;
;   3.377 ;   -2.599 ;    ;      ;        ;                   ; clock pessimism removed                                                 ;
; 3.377   ; 0.000    ;    ;      ;        ;                   ; clock uncertainty                                                       ;
; 3.377   ; 0.000    ;    ; uTh  ; 1      ; FF_X39_Y26_N19    ; zhao_video_scanout:u_scanout|zhao_scanout_serializer:u_ser|starve_q[37] ;
+---------+----------+----+------+--------+-------------------+-------------------------------------------------------------------------+

----------------------------
; Extra Fitter Information ;
----------------------------
HTML report is unavailable in plain text report export.


Path #53: Hold slack is 0.415 
===============================================================================
+--------------------------------------------------------------------------------------------------------+
; Path Summary                                                                                           ;
+--------------------+-----------------------------------------------------------------------------------+
; Property           ; Value                                                                             ;
+--------------------+-----------------------------------------------------------------------------------+
; From Node          ; zhao_video_scanout:u_scanout|zhao_scanout_serializer:u_ser|starve_q[43]~DUPLICATE ;
; To Node            ; zhao_video_scanout:u_scanout|zhao_scanout_serializer:u_ser|starve_q[43]           ;
; Launch Clock       ; vid_clk                                                                           ;
; Latch Clock        ; vid_clk                                                                           ;
; Data Arrival Time  ; 3.792                                                                             ;
; Data Required Time ; 3.377                                                                             ;
; Slack              ; 0.415                                                                             ;
+--------------------+-----------------------------------------------------------------------------------+

+-----------------------------------------------------------------------------------+
; Statistics                                                                        ;
+------------------------+-------+-------+-------------+------------+-------+-------+
; Property               ; Value ; Count ; Total Delay ; % of Total ; Min   ; Max   ;
+------------------------+-------+-------+-------------+------------+-------+-------+
; Hold Relationship      ; 0.000 ;       ;             ;            ;       ;       ;
; Clock Skew             ; 0.122 ;       ;             ;            ;       ;       ;
; Data Delay             ; 0.537 ;       ;             ;            ;       ;       ;
; Number of Logic Levels ;       ; 1     ;             ;            ;       ;       ;
; Physical Delays        ;       ;       ;             ;            ;       ;       ;
;  Arrival Path          ;       ;       ;             ;            ;       ;       ;
;   Clock                ;       ;       ;             ;            ;       ;       ;
;    IC                  ;       ; 2     ; 2.478       ; 76         ; 0.581 ; 1.897 ;
;    Cell                ;       ; 2     ; 0.777       ; 24         ; 0.295 ; 0.482 ;
;   Data                 ;       ;       ;             ;            ;       ;       ;
;    IC                  ;       ; 2     ; 0.240       ; 45         ; 0.000 ; 0.240 ;
;    Cell                ;       ; 3     ; 0.297       ; 55         ; 0.000 ; 0.226 ;
;    uTco                ;       ; 1     ; 0.000       ; 0          ; 0.000 ; 0.000 ;
;  Required Path         ;       ;       ;             ;            ;       ;       ;
;   Clock                ;       ;       ;             ;            ;       ;       ;
;    IC                  ;       ; 2     ; 5.080       ; 85         ; 2.340 ; 2.740 ;
;    Cell                ;       ; 2     ; 0.896       ; 15         ; 0.321 ; 0.575 ;
+------------------------+-------+-------+-------------+------------+-------+-------+
Note: Negative delays are omitted from totals when calculating percentages

+---------------------------------------------------------------------------------------------------------------------------------------------------+
; Data Arrival Path                                                                                                                                 ;
+---------+---------+----+------+--------+----------------------+-----------------------------------------------------------------------------------+
; Total   ; Incr    ; RF ; Type ; Fanout ; Location             ; Element                                                                           ;
+---------+---------+----+------+--------+----------------------+-----------------------------------------------------------------------------------+
; 0.000   ; 0.000   ;    ;      ;        ;                      ; launch edge time                                                                  ;
; 3.255   ; 3.255   ;    ;      ;        ;                      ; clock path                                                                        ;
;   0.000 ;   0.000 ;    ;      ;        ;                      ; source latency                                                                    ;
;   0.000 ;   0.000 ;    ;      ; 1      ; LABCELL_X1_Y36_N3    ; vid_clk                                                                           ;
;   0.581 ;   0.581 ; RR ; IC   ; 1      ; CLKCTRL_G3           ; vid_clk~CLKENA0|inclk                                                             ;
;   0.876 ;   0.295 ; RR ; CELL ; 746    ; CLKCTRL_G3           ; vid_clk~CLKENA0|outclk                                                            ;
;   2.773 ;   1.897 ; RR ; IC   ; 1      ; FF_X39_Y26_N38       ; u_scanout|u_ser|starve_q[43]~DUPLICATE|clk                                        ;
;   3.255 ;   0.482 ; RR ; CELL ; 1      ; FF_X39_Y26_N38       ; zhao_video_scanout:u_scanout|zhao_scanout_serializer:u_ser|starve_q[43]~DUPLICATE ;
; 3.792   ; 0.537   ;    ;      ;        ;                      ; data path                                                                         ;
;   3.255 ;   0.000 ;    ; uTco ; 1      ; FF_X39_Y26_N38       ; zhao_video_scanout:u_scanout|zhao_scanout_serializer:u_ser|starve_q[43]~DUPLICATE ;
;   3.255 ;   0.000 ; FF ; CELL ; 1      ; FF_X39_Y26_N38       ; u_scanout|u_ser|starve_q[43]~DUPLICATE|q                                          ;
;   3.495 ;   0.240 ; FF ; IC   ; 2      ; MLABCELL_X39_Y26_N36 ; u_scanout|u_ser|Add5~169|datac                                                    ;
;   3.721 ;   0.226 ; FR ; CELL ; 2      ; MLABCELL_X39_Y26_N36 ; u_scanout|u_ser|Add5~169|sumout                                                   ;
;   3.721 ;   0.000 ; RR ; IC   ; 1      ; FF_X39_Y26_N37       ; u_scanout|u_ser|starve_q[43]|d                                                    ;
;   3.792 ;   0.071 ; RR ; CELL ; 1      ; FF_X39_Y26_N37       ; zhao_video_scanout:u_scanout|zhao_scanout_serializer:u_ser|starve_q[43]           ;
+---------+---------+----+------+--------+----------------------+-----------------------------------------------------------------------------------+

+---------------------------------------------------------------------------------------------------------------------------------------+
; Data Required Path                                                                                                                    ;
+---------+----------+----+------+--------+-------------------+-------------------------------------------------------------------------+
; Total   ; Incr     ; RF ; Type ; Fanout ; Location          ; Element                                                                 ;
+---------+----------+----+------+--------+-------------------+-------------------------------------------------------------------------+
; 0.000   ; 0.000    ;    ;      ;        ;                   ; latch edge time                                                         ;
; 3.377   ; 3.377    ;    ;      ;        ;                   ; clock path                                                              ;
;   0.000 ;   0.000  ;    ;      ;        ;                   ; source latency                                                          ;
;   0.000 ;   0.000  ;    ;      ; 1      ; LABCELL_X1_Y36_N3 ; vid_clk                                                                 ;
;   2.740 ;   2.740  ; RR ; IC   ; 1      ; CLKCTRL_G3        ; vid_clk~CLKENA0|inclk                                                   ;
;   3.061 ;   0.321  ; RR ; CELL ; 746    ; CLKCTRL_G3        ; vid_clk~CLKENA0|outclk                                                  ;
;   5.401 ;   2.340  ; RR ; IC   ; 1      ; FF_X39_Y26_N37    ; u_scanout|u_ser|starve_q[43]|clk                                        ;
;   5.976 ;   0.575  ; RR ; CELL ; 1      ; FF_X39_Y26_N37    ; zhao_video_scanout:u_scanout|zhao_scanout_serializer:u_ser|starve_q[43] ;
;   3.377 ;   -2.599 ;    ;      ;        ;                   ; clock pessimism removed                                                 ;
; 3.377   ; 0.000    ;    ;      ;        ;                   ; clock uncertainty                                                       ;
; 3.377   ; 0.000    ;    ; uTh  ; 1      ; FF_X39_Y26_N37    ; zhao_video_scanout:u_scanout|zhao_scanout_serializer:u_ser|starve_q[43] ;
+---------+----------+----+------+--------+-------------------+-------------------------------------------------------------------------+

----------------------------
; Extra Fitter Information ;
----------------------------
HTML report is unavailable in plain text report export.


Path #54: Hold slack is 0.415 
===============================================================================
+------------------------------------------------------------------+
; Path Summary                                                     ;
+--------------------+---------------------------------------------+
; Property           ; Value                                       ;
+--------------------+---------------------------------------------+
; From Node          ; zhao_input_rumble:u_rumble|dropped_live[26] ;
; To Node            ; zhao_input_rumble:u_rumble|dropped_live[26] ;
; Launch Clock       ; gpu_clk                                     ;
; Latch Clock        ; gpu_clk                                     ;
; Data Arrival Time  ; 3.803                                       ;
; Data Required Time ; 3.388                                       ;
; Slack              ; 0.415                                       ;
+--------------------+---------------------------------------------+

+-----------------------------------------------------------------------------------+
; Statistics                                                                        ;
+------------------------+-------+-------+-------------+------------+-------+-------+
; Property               ; Value ; Count ; Total Delay ; % of Total ; Min   ; Max   ;
+------------------------+-------+-------+-------------+------------+-------+-------+
; Hold Relationship      ; 0.000 ;       ;             ;            ;       ;       ;
; Clock Skew             ; 0.108 ;       ;             ;            ;       ;       ;
; Data Delay             ; 0.523 ;       ;             ;            ;       ;       ;
; Number of Logic Levels ;       ; 1     ;             ;            ;       ;       ;
; Physical Delays        ;       ;       ;             ;            ;       ;       ;
;  Arrival Path          ;       ;       ;             ;            ;       ;       ;
;   Clock                ;       ;       ;             ;            ;       ;       ;
;    IC                  ;       ; 2     ; 2.503       ; 76         ; 0.576 ; 1.927 ;
;    Cell                ;       ; 2     ; 0.777       ; 24         ; 0.295 ; 0.482 ;
;   Data                 ;       ;       ;             ;            ;       ;       ;
;    IC                  ;       ; 2     ; 0.234       ; 45         ; 0.000 ; 0.234 ;
;    Cell                ;       ; 3     ; 0.289       ; 55         ; 0.000 ; 0.226 ;
;    uTco                ;       ; 1     ; 0.000       ; 0          ; 0.000 ; 0.000 ;
;  Required Path         ;       ;       ;             ;            ;       ;       ;
;   Clock                ;       ;       ;             ;            ;       ;       ;
;    IC                  ;       ; 2     ; 5.109       ; 85         ; 2.375 ; 2.734 ;
;    Cell                ;       ; 2     ; 0.882       ; 15         ; 0.321 ; 0.561 ;
+------------------------+-------+-------+-------------+------------+-------+-------+
Note: Negative delays are omitted from totals when calculating percentages

+-------------------------------------------------------------------------------------------------------------+
; Data Arrival Path                                                                                           ;
+---------+---------+----+------+--------+----------------------+---------------------------------------------+
; Total   ; Incr    ; RF ; Type ; Fanout ; Location             ; Element                                     ;
+---------+---------+----+------+--------+----------------------+---------------------------------------------+
; 0.000   ; 0.000   ;    ;      ;        ;                      ; launch edge time                            ;
; 3.280   ; 3.280   ;    ;      ;        ;                      ; clock path                                  ;
;   0.000 ;   0.000 ;    ;      ;        ;                      ; source latency                              ;
;   0.000 ;   0.000 ;    ;      ; 1      ; LABCELL_X1_Y36_N9    ; gpu_clk                                     ;
;   0.576 ;   0.576 ; RR ; IC   ; 1      ; CLKCTRL_G2           ; gpu_clk~CLKENA0|inclk                       ;
;   0.871 ;   0.295 ; RR ; CELL ; 9078   ; CLKCTRL_G2           ; gpu_clk~CLKENA0|outclk                      ;
;   2.798 ;   1.927 ; RR ; IC   ; 1      ; FF_X47_Y25_N50       ; u_rumble|dropped_live[26]|clk               ;
;   3.280 ;   0.482 ; RR ; CELL ; 1      ; FF_X47_Y25_N50       ; zhao_input_rumble:u_rumble|dropped_live[26] ;
; 3.803   ; 0.523   ;    ;      ;        ;                      ; data path                                   ;
;   3.280 ;   0.000 ;    ; uTco ; 1      ; FF_X47_Y25_N50       ; zhao_input_rumble:u_rumble|dropped_live[26] ;
;   3.280 ;   0.000 ; FF ; CELL ; 3      ; FF_X47_Y25_N50       ; u_rumble|dropped_live[26]|q                 ;
;   3.514 ;   0.234 ; FF ; IC   ; 2      ; MLABCELL_X47_Y25_N48 ; u_rumble|Add2~105|datac                     ;
;   3.740 ;   0.226 ; FR ; CELL ; 1      ; MLABCELL_X47_Y25_N48 ; u_rumble|Add2~105|sumout                    ;
;   3.740 ;   0.000 ; RR ; IC   ; 1      ; FF_X47_Y25_N50       ; u_rumble|dropped_live[26]|d                 ;
;   3.803 ;   0.063 ; RR ; CELL ; 1      ; FF_X47_Y25_N50       ; zhao_input_rumble:u_rumble|dropped_live[26] ;
+---------+---------+----+------+--------+----------------------+---------------------------------------------+

+-----------------------------------------------------------------------------------------------------------+
; Data Required Path                                                                                        ;
+---------+----------+----+------+--------+-------------------+---------------------------------------------+
; Total   ; Incr     ; RF ; Type ; Fanout ; Location          ; Element                                     ;
+---------+----------+----+------+--------+-------------------+---------------------------------------------+
; 0.000   ; 0.000    ;    ;      ;        ;                   ; latch edge time                             ;
; 3.388   ; 3.388    ;    ;      ;        ;                   ; clock path                                  ;
;   0.000 ;   0.000  ;    ;      ;        ;                   ; source latency                              ;
;   0.000 ;   0.000  ;    ;      ; 1      ; LABCELL_X1_Y36_N9 ; gpu_clk                                     ;
;   2.734 ;   2.734  ; RR ; IC   ; 1      ; CLKCTRL_G2        ; gpu_clk~CLKENA0|inclk                       ;
;   3.055 ;   0.321  ; RR ; CELL ; 9078   ; CLKCTRL_G2        ; gpu_clk~CLKENA0|outclk                      ;
;   5.430 ;   2.375  ; RR ; IC   ; 1      ; FF_X47_Y25_N50    ; u_rumble|dropped_live[26]|clk               ;
;   5.991 ;   0.561  ; RR ; CELL ; 1      ; FF_X47_Y25_N50    ; zhao_input_rumble:u_rumble|dropped_live[26] ;
;   3.388 ;   -2.603 ;    ;      ;        ;                   ; clock pessimism removed                     ;
; 3.388   ; 0.000    ;    ;      ;        ;                   ; clock uncertainty                           ;
; 3.388   ; 0.000    ;    ; uTh  ; 1      ; FF_X47_Y25_N50    ; zhao_input_rumble:u_rumble|dropped_live[26] ;
+---------+----------+----+------+--------+-------------------+---------------------------------------------+

----------------------------
; Extra Fitter Information ;
----------------------------
HTML report is unavailable in plain text report export.


Path #55: Hold slack is 0.415 
===============================================================================
+--------------------------------------------------------------------------+
; Path Summary                                                             ;
+--------------------+-----------------------------------------------------+
; Property           ; Value                                               ;
+--------------------+-----------------------------------------------------+
; From Node          ; zhao_hps_bridge:u_bridge|hps_err_count[7]~DUPLICATE ;
; To Node            ; zhao_hps_bridge:u_bridge|hps_err_count[7]           ;
; Launch Clock       ; gpu_clk                                             ;
; Latch Clock        ; gpu_clk                                             ;
; Data Arrival Time  ; 3.800                                               ;
; Data Required Time ; 3.385                                               ;
; Slack              ; 0.415                                               ;
+--------------------+-----------------------------------------------------+

+-----------------------------------------------------------------------------------+
; Statistics                                                                        ;
+------------------------+-------+-------+-------------+------------+-------+-------+
; Property               ; Value ; Count ; Total Delay ; % of Total ; Min   ; Max   ;
+------------------------+-------+-------+-------------+------------+-------+-------+
; Hold Relationship      ; 0.000 ;       ;             ;            ;       ;       ;
; Clock Skew             ; 0.122 ;       ;             ;            ;       ;       ;
; Data Delay             ; 0.537 ;       ;             ;            ;       ;       ;
; Number of Logic Levels ;       ; 1     ;             ;            ;       ;       ;
; Physical Delays        ;       ;       ;             ;            ;       ;       ;
;  Arrival Path          ;       ;       ;             ;            ;       ;       ;
;   Clock                ;       ;       ;             ;            ;       ;       ;
;    IC                  ;       ; 2     ; 2.486       ; 76         ; 0.576 ; 1.910 ;
;    Cell                ;       ; 2     ; 0.777       ; 24         ; 0.295 ; 0.482 ;
;   Data                 ;       ;       ;             ;            ;       ;       ;
;    IC                  ;       ; 2     ; 0.240       ; 45         ; 0.000 ; 0.240 ;
;    Cell                ;       ; 3     ; 0.297       ; 55         ; 0.000 ; 0.226 ;
;    uTco                ;       ; 1     ; 0.000       ; 0          ; 0.000 ; 0.000 ;
;  Required Path         ;       ;       ;             ;            ;       ;       ;
;   Clock                ;       ;       ;             ;            ;       ;       ;
;    IC                  ;       ; 2     ; 5.088       ; 85         ; 2.354 ; 2.734 ;
;    Cell                ;       ; 2     ; 0.896       ; 15         ; 0.321 ; 0.575 ;
+------------------------+-------+-------+-------------+------------+-------+-------+
Note: Negative delays are omitted from totals when calculating percentages

+---------------------------------------------------------------------------------------------------------------------+
; Data Arrival Path                                                                                                   ;
+---------+---------+----+------+--------+----------------------+-----------------------------------------------------+
; Total   ; Incr    ; RF ; Type ; Fanout ; Location             ; Element                                             ;
+---------+---------+----+------+--------+----------------------+-----------------------------------------------------+
; 0.000   ; 0.000   ;    ;      ;        ;                      ; launch edge time                                    ;
; 3.263   ; 3.263   ;    ;      ;        ;                      ; clock path                                          ;
;   0.000 ;   0.000 ;    ;      ;        ;                      ; source latency                                      ;
;   0.000 ;   0.000 ;    ;      ; 1      ; LABCELL_X1_Y36_N9    ; gpu_clk                                             ;
;   0.576 ;   0.576 ; RR ; IC   ; 1      ; CLKCTRL_G2           ; gpu_clk~CLKENA0|inclk                               ;
;   0.871 ;   0.295 ; RR ; CELL ; 9078   ; CLKCTRL_G2           ; gpu_clk~CLKENA0|outclk                              ;
;   2.781 ;   1.910 ; RR ; IC   ; 1      ; FF_X34_Y31_N20       ; u_bridge|hps_err_count[7]~DUPLICATE|clk             ;
;   3.263 ;   0.482 ; RR ; CELL ; 1      ; FF_X34_Y31_N20       ; zhao_hps_bridge:u_bridge|hps_err_count[7]~DUPLICATE ;
; 3.800   ; 0.537   ;    ;      ;        ;                      ; data path                                           ;
;   3.263 ;   0.000 ;    ; uTco ; 1      ; FF_X34_Y31_N20       ; zhao_hps_bridge:u_bridge|hps_err_count[7]~DUPLICATE ;
;   3.263 ;   0.000 ; FF ; CELL ; 1      ; FF_X34_Y31_N20       ; u_bridge|hps_err_count[7]~DUPLICATE|q               ;
;   3.503 ;   0.240 ; FF ; IC   ; 2      ; MLABCELL_X34_Y31_N18 ; u_bridge|Add0~25|datac                              ;
;   3.729 ;   0.226 ; FR ; CELL ; 2      ; MLABCELL_X34_Y31_N18 ; u_bridge|Add0~25|sumout                             ;
;   3.729 ;   0.000 ; RR ; IC   ; 1      ; FF_X34_Y31_N19       ; u_bridge|hps_err_count[7]|d                         ;
;   3.800 ;   0.071 ; RR ; CELL ; 1      ; FF_X34_Y31_N19       ; zhao_hps_bridge:u_bridge|hps_err_count[7]           ;
+---------+---------+----+------+--------+----------------------+-----------------------------------------------------+

+---------------------------------------------------------------------------------------------------------+
; Data Required Path                                                                                      ;
+---------+----------+----+------+--------+-------------------+-------------------------------------------+
; Total   ; Incr     ; RF ; Type ; Fanout ; Location          ; Element                                   ;
+---------+----------+----+------+--------+-------------------+-------------------------------------------+
; 0.000   ; 0.000    ;    ;      ;        ;                   ; latch edge time                           ;
; 3.385   ; 3.385    ;    ;      ;        ;                   ; clock path                                ;
;   0.000 ;   0.000  ;    ;      ;        ;                   ; source latency                            ;
;   0.000 ;   0.000  ;    ;      ; 1      ; LABCELL_X1_Y36_N9 ; gpu_clk                                   ;
;   2.734 ;   2.734  ; RR ; IC   ; 1      ; CLKCTRL_G2        ; gpu_clk~CLKENA0|inclk                     ;
;   3.055 ;   0.321  ; RR ; CELL ; 9078   ; CLKCTRL_G2        ; gpu_clk~CLKENA0|outclk                    ;
;   5.409 ;   2.354  ; RR ; IC   ; 1      ; FF_X34_Y31_N19    ; u_bridge|hps_err_count[7]|clk             ;
;   5.984 ;   0.575  ; RR ; CELL ; 1      ; FF_X34_Y31_N19    ; zhao_hps_bridge:u_bridge|hps_err_count[7] ;
;   3.385 ;   -2.599 ;    ;      ;        ;                   ; clock pessimism removed                   ;
; 3.385   ; 0.000    ;    ;      ;        ;                   ; clock uncertainty                         ;
; 3.385   ; 0.000    ;    ; uTh  ; 1      ; FF_X34_Y31_N19    ; zhao_hps_bridge:u_bridge|hps_err_count[7] ;
+---------+----------+----+------+--------+-------------------+-------------------------------------------+

----------------------------
; Extra Fitter Information ;
----------------------------
HTML report is unavailable in plain text report export.


Path #56: Hold slack is 0.415 
===============================================================================
+---------------------------------------------------------------------------+
; Path Summary                                                              ;
+--------------------+------------------------------------------------------+
; Property           ; Value                                                ;
+--------------------+------------------------------------------------------+
; From Node          ; zhao_hps_bridge:u_bridge|hps_err_count[13]~DUPLICATE ;
; To Node            ; zhao_hps_bridge:u_bridge|hps_err_count[13]           ;
; Launch Clock       ; gpu_clk                                              ;
; Latch Clock        ; gpu_clk                                              ;
; Data Arrival Time  ; 3.800                                                ;
; Data Required Time ; 3.385                                                ;
; Slack              ; 0.415                                                ;
+--------------------+------------------------------------------------------+

+-----------------------------------------------------------------------------------+
; Statistics                                                                        ;
+------------------------+-------+-------+-------------+------------+-------+-------+
; Property               ; Value ; Count ; Total Delay ; % of Total ; Min   ; Max   ;
+------------------------+-------+-------+-------------+------------+-------+-------+
; Hold Relationship      ; 0.000 ;       ;             ;            ;       ;       ;
; Clock Skew             ; 0.122 ;       ;             ;            ;       ;       ;
; Data Delay             ; 0.537 ;       ;             ;            ;       ;       ;
; Number of Logic Levels ;       ; 1     ;             ;            ;       ;       ;
; Physical Delays        ;       ;       ;             ;            ;       ;       ;
;  Arrival Path          ;       ;       ;             ;            ;       ;       ;
;   Clock                ;       ;       ;             ;            ;       ;       ;
;    IC                  ;       ; 2     ; 2.486       ; 76         ; 0.576 ; 1.910 ;
;    Cell                ;       ; 2     ; 0.777       ; 24         ; 0.295 ; 0.482 ;
;   Data                 ;       ;       ;             ;            ;       ;       ;
;    IC                  ;       ; 2     ; 0.240       ; 45         ; 0.000 ; 0.240 ;
;    Cell                ;       ; 3     ; 0.297       ; 55         ; 0.000 ; 0.226 ;
;    uTco                ;       ; 1     ; 0.000       ; 0          ; 0.000 ; 0.000 ;
;  Required Path         ;       ;       ;             ;            ;       ;       ;
;   Clock                ;       ;       ;             ;            ;       ;       ;
;    IC                  ;       ; 2     ; 5.088       ; 85         ; 2.354 ; 2.734 ;
;    Cell                ;       ; 2     ; 0.896       ; 15         ; 0.321 ; 0.575 ;
+------------------------+-------+-------+-------------+------------+-------+-------+
Note: Negative delays are omitted from totals when calculating percentages

+----------------------------------------------------------------------------------------------------------------------+
; Data Arrival Path                                                                                                    ;
+---------+---------+----+------+--------+----------------------+------------------------------------------------------+
; Total   ; Incr    ; RF ; Type ; Fanout ; Location             ; Element                                              ;
+---------+---------+----+------+--------+----------------------+------------------------------------------------------+
; 0.000   ; 0.000   ;    ;      ;        ;                      ; launch edge time                                     ;
; 3.263   ; 3.263   ;    ;      ;        ;                      ; clock path                                           ;
;   0.000 ;   0.000 ;    ;      ;        ;                      ; source latency                                       ;
;   0.000 ;   0.000 ;    ;      ; 1      ; LABCELL_X1_Y36_N9    ; gpu_clk                                              ;
;   0.576 ;   0.576 ; RR ; IC   ; 1      ; CLKCTRL_G2           ; gpu_clk~CLKENA0|inclk                                ;
;   0.871 ;   0.295 ; RR ; CELL ; 9078   ; CLKCTRL_G2           ; gpu_clk~CLKENA0|outclk                               ;
;   2.781 ;   1.910 ; RR ; IC   ; 1      ; FF_X34_Y31_N38       ; u_bridge|hps_err_count[13]~DUPLICATE|clk             ;
;   3.263 ;   0.482 ; RR ; CELL ; 1      ; FF_X34_Y31_N38       ; zhao_hps_bridge:u_bridge|hps_err_count[13]~DUPLICATE ;
; 3.800   ; 0.537   ;    ;      ;        ;                      ; data path                                            ;
;   3.263 ;   0.000 ;    ; uTco ; 1      ; FF_X34_Y31_N38       ; zhao_hps_bridge:u_bridge|hps_err_count[13]~DUPLICATE ;
;   3.263 ;   0.000 ; FF ; CELL ; 1      ; FF_X34_Y31_N38       ; u_bridge|hps_err_count[13]~DUPLICATE|q               ;
;   3.503 ;   0.240 ; FF ; IC   ; 2      ; MLABCELL_X34_Y31_N36 ; u_bridge|Add0~49|datac                               ;
;   3.729 ;   0.226 ; FR ; CELL ; 2      ; MLABCELL_X34_Y31_N36 ; u_bridge|Add0~49|sumout                              ;
;   3.729 ;   0.000 ; RR ; IC   ; 1      ; FF_X34_Y31_N37       ; u_bridge|hps_err_count[13]|d                         ;
;   3.800 ;   0.071 ; RR ; CELL ; 1      ; FF_X34_Y31_N37       ; zhao_hps_bridge:u_bridge|hps_err_count[13]           ;
+---------+---------+----+------+--------+----------------------+------------------------------------------------------+

+----------------------------------------------------------------------------------------------------------+
; Data Required Path                                                                                       ;
+---------+----------+----+------+--------+-------------------+--------------------------------------------+
; Total   ; Incr     ; RF ; Type ; Fanout ; Location          ; Element                                    ;
+---------+----------+----+------+--------+-------------------+--------------------------------------------+
; 0.000   ; 0.000    ;    ;      ;        ;                   ; latch edge time                            ;
; 3.385   ; 3.385    ;    ;      ;        ;                   ; clock path                                 ;
;   0.000 ;   0.000  ;    ;      ;        ;                   ; source latency                             ;
;   0.000 ;   0.000  ;    ;      ; 1      ; LABCELL_X1_Y36_N9 ; gpu_clk                                    ;
;   2.734 ;   2.734  ; RR ; IC   ; 1      ; CLKCTRL_G2        ; gpu_clk~CLKENA0|inclk                      ;
;   3.055 ;   0.321  ; RR ; CELL ; 9078   ; CLKCTRL_G2        ; gpu_clk~CLKENA0|outclk                     ;
;   5.409 ;   2.354  ; RR ; IC   ; 1      ; FF_X34_Y31_N37    ; u_bridge|hps_err_count[13]|clk             ;
;   5.984 ;   0.575  ; RR ; CELL ; 1      ; FF_X34_Y31_N37    ; zhao_hps_bridge:u_bridge|hps_err_count[13] ;
;   3.385 ;   -2.599 ;    ;      ;        ;                   ; clock pessimism removed                    ;
; 3.385   ; 0.000    ;    ;      ;        ;                   ; clock uncertainty                          ;
; 3.385   ; 0.000    ;    ; uTh  ; 1      ; FF_X34_Y31_N37    ; zhao_hps_bridge:u_bridge|hps_err_count[13] ;
+---------+----------+----+------+--------+-------------------+--------------------------------------------+

----------------------------
; Extra Fitter Information ;
----------------------------
HTML report is unavailable in plain text report export.


Path #57: Hold slack is 0.416 
===============================================================================
+-----------------------------------------------------+
; Path Summary                                        ;
+--------------------+--------------------------------+
; Property           ; Value                          ;
+--------------------+--------------------------------+
; From Node          ; zhao_cmd_dma:u_dma|fetched[18] ;
; To Node            ; zhao_cmd_dma:u_dma|fetched[18] ;
; Launch Clock       ; gpu_clk                        ;
; Latch Clock        ; gpu_clk                        ;
; Data Arrival Time  ; 3.909                          ;
; Data Required Time ; 3.493                          ;
; Slack              ; 0.416                          ;
+--------------------+--------------------------------+

+-----------------------------------------------------------------------------------+
; Statistics                                                                        ;
+------------------------+-------+-------+-------------+------------+-------+-------+
; Property               ; Value ; Count ; Total Delay ; % of Total ; Min   ; Max   ;
+------------------------+-------+-------+-------------+------------+-------+-------+
; Hold Relationship      ; 0.000 ;       ;             ;            ;       ;       ;
; Clock Skew             ; 0.113 ;       ;             ;            ;       ;       ;
; Data Delay             ; 0.529 ;       ;             ;            ;       ;       ;
; Number of Logic Levels ;       ; 1     ;             ;            ;       ;       ;
; Physical Delays        ;       ;       ;             ;            ;       ;       ;
;  Arrival Path          ;       ;       ;             ;            ;       ;       ;
;   Clock                ;       ;       ;             ;            ;       ;       ;
;    IC                  ;       ; 2     ; 2.595       ; 77         ; 0.576 ; 2.019 ;
;    Cell                ;       ; 2     ; 0.785       ; 23         ; 0.295 ; 0.490 ;
;   Data                 ;       ;       ;             ;            ;       ;       ;
;    IC                  ;       ; 2     ; 0.226       ; 43         ; 0.000 ; 0.226 ;
;    Cell                ;       ; 3     ; 0.303       ; 57         ; 0.000 ; 0.233 ;
;    uTco                ;       ; 1     ; 0.000       ; 0          ; 0.000 ; 0.000 ;
;  Required Path         ;       ;       ;             ;            ;       ;       ;
;   Clock                ;       ;       ;             ;            ;       ;       ;
;    IC                  ;       ; 2     ; 5.204       ; 85         ; 2.470 ; 2.734 ;
;    Cell                ;       ; 2     ; 0.891       ; 15         ; 0.321 ; 0.570 ;
+------------------------+-------+-------+-------------+------------+-------+-------+
Note: Negative delays are omitted from totals when calculating percentages

+-----------------------------------------------------------------------------------------------+
; Data Arrival Path                                                                             ;
+---------+---------+----+------+--------+---------------------+--------------------------------+
; Total   ; Incr    ; RF ; Type ; Fanout ; Location            ; Element                        ;
+---------+---------+----+------+--------+---------------------+--------------------------------+
; 0.000   ; 0.000   ;    ;      ;        ;                     ; launch edge time               ;
; 3.380   ; 3.380   ;    ;      ;        ;                     ; clock path                     ;
;   0.000 ;   0.000 ;    ;      ;        ;                     ; source latency                 ;
;   0.000 ;   0.000 ;    ;      ; 1      ; LABCELL_X1_Y36_N9   ; gpu_clk                        ;
;   0.576 ;   0.576 ; RR ; IC   ; 1      ; CLKCTRL_G2          ; gpu_clk~CLKENA0|inclk          ;
;   0.871 ;   0.295 ; RR ; CELL ; 9078   ; CLKCTRL_G2          ; gpu_clk~CLKENA0|outclk         ;
;   2.890 ;   2.019 ; RR ; IC   ; 1      ; FF_X45_Y38_N17      ; u_dma|fetched[18]|clk          ;
;   3.380 ;   0.490 ; RR ; CELL ; 1      ; FF_X45_Y38_N17      ; zhao_cmd_dma:u_dma|fetched[18] ;
; 3.909   ; 0.529   ;    ;      ;        ;                     ; data path                      ;
;   3.380 ;   0.000 ;    ; uTco ; 1      ; FF_X45_Y38_N17      ; zhao_cmd_dma:u_dma|fetched[18] ;
;   3.380 ;   0.000 ; FF ; CELL ; 8      ; FF_X45_Y38_N17      ; u_dma|fetched[18]|q            ;
;   3.606 ;   0.226 ; FF ; IC   ; 2      ; LABCELL_X45_Y38_N15 ; u_dma|Add25~45|datac           ;
;   3.839 ;   0.233 ; FR ; CELL ; 3      ; LABCELL_X45_Y38_N15 ; u_dma|Add25~45|sumout          ;
;   3.839 ;   0.000 ; RR ; IC   ; 1      ; FF_X45_Y38_N17      ; u_dma|fetched[18]|d            ;
;   3.909 ;   0.070 ; RR ; CELL ; 1      ; FF_X45_Y38_N17      ; zhao_cmd_dma:u_dma|fetched[18] ;
+---------+---------+----+------+--------+---------------------+--------------------------------+

+----------------------------------------------------------------------------------------------+
; Data Required Path                                                                           ;
+---------+----------+----+------+--------+-------------------+--------------------------------+
; Total   ; Incr     ; RF ; Type ; Fanout ; Location          ; Element                        ;
+---------+----------+----+------+--------+-------------------+--------------------------------+
; 0.000   ; 0.000    ;    ;      ;        ;                   ; latch edge time                ;
; 3.493   ; 3.493    ;    ;      ;        ;                   ; clock path                     ;
;   0.000 ;   0.000  ;    ;      ;        ;                   ; source latency                 ;
;   0.000 ;   0.000  ;    ;      ; 1      ; LABCELL_X1_Y36_N9 ; gpu_clk                        ;
;   2.734 ;   2.734  ; RR ; IC   ; 1      ; CLKCTRL_G2        ; gpu_clk~CLKENA0|inclk          ;
;   3.055 ;   0.321  ; RR ; CELL ; 9078   ; CLKCTRL_G2        ; gpu_clk~CLKENA0|outclk         ;
;   5.525 ;   2.470  ; RR ; IC   ; 1      ; FF_X45_Y38_N17    ; u_dma|fetched[18]|clk          ;
;   6.095 ;   0.570  ; RR ; CELL ; 1      ; FF_X45_Y38_N17    ; zhao_cmd_dma:u_dma|fetched[18] ;
;   3.493 ;   -2.602 ;    ;      ;        ;                   ; clock pessimism removed        ;
; 3.493   ; 0.000    ;    ;      ;        ;                   ; clock uncertainty              ;
; 3.493   ; 0.000    ;    ; uTh  ; 1      ; FF_X45_Y38_N17    ; zhao_cmd_dma:u_dma|fetched[18] ;
+---------+----------+----+------+--------+-------------------+--------------------------------+

----------------------------
; Extra Fitter Information ;
----------------------------
HTML report is unavailable in plain text report export.


Path #58: Hold slack is 0.416 
===============================================================================
+-----------------------------------------------------------------+
; Path Summary                                                    ;
+--------------------+--------------------------------------------+
; Property           ; Value                                      ;
+--------------------+--------------------------------------------+
; From Node          ; zhao_cmd_scheduler:u_sched|dead_cnt[1][25] ;
; To Node            ; zhao_cmd_scheduler:u_sched|dead_cnt[1][25] ;
; Launch Clock       ; gpu_clk                                    ;
; Latch Clock        ; gpu_clk                                    ;
; Data Arrival Time  ; 3.937                                      ;
; Data Required Time ; 3.521                                      ;
; Slack              ; 0.416                                      ;
+--------------------+--------------------------------------------+

+-----------------------------------------------------------------------------------+
; Statistics                                                                        ;
+------------------------+-------+-------+-------------+------------+-------+-------+
; Property               ; Value ; Count ; Total Delay ; % of Total ; Min   ; Max   ;
+------------------------+-------+-------+-------------+------------+-------+-------+
; Hold Relationship      ; 0.000 ;       ;             ;            ;       ;       ;
; Clock Skew             ; 0.116 ;       ;             ;            ;       ;       ;
; Data Delay             ; 0.532 ;       ;             ;            ;       ;       ;
; Number of Logic Levels ;       ; 1     ;             ;            ;       ;       ;
; Physical Delays        ;       ;       ;             ;            ;       ;       ;
;  Arrival Path          ;       ;       ;             ;            ;       ;       ;
;   Clock                ;       ;       ;             ;            ;       ;       ;
;    IC                  ;       ; 2     ; 2.597       ; 76         ; 0.576 ; 2.021 ;
;    Cell                ;       ; 2     ; 0.808       ; 24         ; 0.295 ; 0.513 ;
;   Data                 ;       ;       ;             ;            ;       ;       ;
;    IC                  ;       ; 2     ; 0.232       ; 44         ; 0.000 ; 0.232 ;
;    Cell                ;       ; 3     ; 0.300       ; 56         ; 0.000 ; 0.231 ;
;    uTco                ;       ; 1     ; 0.000       ; 0          ; 0.000 ; 0.000 ;
;  Required Path         ;       ;       ;             ;            ;       ;       ;
;   Clock                ;       ;       ;             ;            ;       ;       ;
;    IC                  ;       ; 2     ; 5.207       ; 85         ; 2.473 ; 2.734 ;
;    Cell                ;       ; 2     ; 0.917       ; 15         ; 0.321 ; 0.596 ;
+------------------------+-------+-------+-------------+------------+-------+-------+
Note: Negative delays are omitted from totals when calculating percentages

+-----------------------------------------------------------------------------------------------------------+
; Data Arrival Path                                                                                         ;
+---------+---------+----+------+--------+---------------------+--------------------------------------------+
; Total   ; Incr    ; RF ; Type ; Fanout ; Location            ; Element                                    ;
+---------+---------+----+------+--------+---------------------+--------------------------------------------+
; 0.000   ; 0.000   ;    ;      ;        ;                     ; launch edge time                           ;
; 3.405   ; 3.405   ;    ;      ;        ;                     ; clock path                                 ;
;   0.000 ;   0.000 ;    ;      ;        ;                     ; source latency                             ;
;   0.000 ;   0.000 ;    ;      ; 1      ; LABCELL_X1_Y36_N9   ; gpu_clk                                    ;
;   0.576 ;   0.576 ; RR ; IC   ; 1      ; CLKCTRL_G2          ; gpu_clk~CLKENA0|inclk                      ;
;   0.871 ;   0.295 ; RR ; CELL ; 9078   ; CLKCTRL_G2          ; gpu_clk~CLKENA0|outclk                     ;
;   2.892 ;   2.021 ; RR ; IC   ; 1      ; FF_X43_Y46_N17      ; u_sched|dead_cnt[1][25]|clk                ;
;   3.405 ;   0.513 ; RR ; CELL ; 1      ; FF_X43_Y46_N17      ; zhao_cmd_scheduler:u_sched|dead_cnt[1][25] ;
; 3.937   ; 0.532   ;    ;      ;        ;                     ; data path                                  ;
;   3.405 ;   0.000 ;    ; uTco ; 1      ; FF_X43_Y46_N17      ; zhao_cmd_scheduler:u_sched|dead_cnt[1][25] ;
;   3.405 ;   0.000 ; FF ; CELL ; 3      ; FF_X43_Y46_N17      ; u_sched|dead_cnt[1][25]|q                  ;
;   3.637 ;   0.232 ; FF ; IC   ; 2      ; LABCELL_X43_Y46_N15 ; u_sched|Add1~97|datac                      ;
;   3.868 ;   0.231 ; FR ; CELL ; 1      ; LABCELL_X43_Y46_N15 ; u_sched|Add1~97|sumout                     ;
;   3.868 ;   0.000 ; RR ; IC   ; 1      ; FF_X43_Y46_N17      ; u_sched|dead_cnt[1][25]|d                  ;
;   3.937 ;   0.069 ; RR ; CELL ; 1      ; FF_X43_Y46_N17      ; zhao_cmd_scheduler:u_sched|dead_cnt[1][25] ;
+---------+---------+----+------+--------+---------------------+--------------------------------------------+

+----------------------------------------------------------------------------------------------------------+
; Data Required Path                                                                                       ;
+---------+----------+----+------+--------+-------------------+--------------------------------------------+
; Total   ; Incr     ; RF ; Type ; Fanout ; Location          ; Element                                    ;
+---------+----------+----+------+--------+-------------------+--------------------------------------------+
; 0.000   ; 0.000    ;    ;      ;        ;                   ; latch edge time                            ;
; 3.521   ; 3.521    ;    ;      ;        ;                   ; clock path                                 ;
;   0.000 ;   0.000  ;    ;      ;        ;                   ; source latency                             ;
;   0.000 ;   0.000  ;    ;      ; 1      ; LABCELL_X1_Y36_N9 ; gpu_clk                                    ;
;   2.734 ;   2.734  ; RR ; IC   ; 1      ; CLKCTRL_G2        ; gpu_clk~CLKENA0|inclk                      ;
;   3.055 ;   0.321  ; RR ; CELL ; 9078   ; CLKCTRL_G2        ; gpu_clk~CLKENA0|outclk                     ;
;   5.528 ;   2.473  ; RR ; IC   ; 1      ; FF_X43_Y46_N17    ; u_sched|dead_cnt[1][25]|clk                ;
;   6.124 ;   0.596  ; RR ; CELL ; 1      ; FF_X43_Y46_N17    ; zhao_cmd_scheduler:u_sched|dead_cnt[1][25] ;
;   3.521 ;   -2.603 ;    ;      ;        ;                   ; clock pessimism removed                    ;
; 3.521   ; 0.000    ;    ;      ;        ;                   ; clock uncertainty                          ;
; 3.521   ; 0.000    ;    ; uTh  ; 1      ; FF_X43_Y46_N17    ; zhao_cmd_scheduler:u_sched|dead_cnt[1][25] ;
+---------+----------+----+------+--------+-------------------+--------------------------------------------+

----------------------------
; Extra Fitter Information ;
----------------------------
HTML report is unavailable in plain text report export.


Path #59: Hold slack is 0.416 
===============================================================================
+-----------------------------------------------------------------------+
; Path Summary                                                          ;
+--------------------+--------------------------------------------------+
; Property           ; Value                                            ;
+--------------------+--------------------------------------------------+
; From Node          ; zhao_mem_guard:u_guard_scan|guard_violations[21] ;
; To Node            ; zhao_mem_guard:u_guard_scan|guard_violations[21] ;
; Launch Clock       ; gpu_clk                                          ;
; Latch Clock        ; gpu_clk                                          ;
; Data Arrival Time  ; 3.915                                            ;
; Data Required Time ; 3.499                                            ;
; Slack              ; 0.416                                            ;
+--------------------+--------------------------------------------------+

+-----------------------------------------------------------------------------------+
; Statistics                                                                        ;
+------------------------+-------+-------+-------------+------------+-------+-------+
; Property               ; Value ; Count ; Total Delay ; % of Total ; Min   ; Max   ;
+------------------------+-------+-------+-------------+------------+-------+-------+
; Hold Relationship      ; 0.000 ;       ;             ;            ;       ;       ;
; Clock Skew             ; 0.111 ;       ;             ;            ;       ;       ;
; Data Delay             ; 0.527 ;       ;             ;            ;       ;       ;
; Number of Logic Levels ;       ; 1     ;             ;            ;       ;       ;
; Physical Delays        ;       ;       ;             ;            ;       ;       ;
;  Arrival Path          ;       ;       ;             ;            ;       ;       ;
;   Clock                ;       ;       ;             ;            ;       ;       ;
;    IC                  ;       ; 2     ; 2.609       ; 77         ; 0.576 ; 2.033 ;
;    Cell                ;       ; 2     ; 0.779       ; 23         ; 0.295 ; 0.484 ;
;   Data                 ;       ;       ;             ;            ;       ;       ;
;    IC                  ;       ; 2     ; 0.231       ; 44         ; 0.000 ; 0.231 ;
;    Cell                ;       ; 3     ; 0.296       ; 56         ; 0.000 ; 0.227 ;
;    uTco                ;       ; 1     ; 0.000       ; 0          ; 0.000 ; 0.000 ;
;  Required Path         ;       ;       ;             ;            ;       ;       ;
;   Clock                ;       ;       ;             ;            ;       ;       ;
;    IC                  ;       ; 2     ; 5.225       ; 86         ; 2.491 ; 2.734 ;
;    Cell                ;       ; 2     ; 0.885       ; 14         ; 0.321 ; 0.564 ;
+------------------------+-------+-------+-------------+------------+-------+-------+
Note: Negative delays are omitted from totals when calculating percentages

+----------------------------------------------------------------------------------------------------------------+
; Data Arrival Path                                                                                              ;
+---------+---------+----+------+--------+--------------------+--------------------------------------------------+
; Total   ; Incr    ; RF ; Type ; Fanout ; Location           ; Element                                          ;
+---------+---------+----+------+--------+--------------------+--------------------------------------------------+
; 0.000   ; 0.000   ;    ;      ;        ;                    ; launch edge time                                 ;
; 3.388   ; 3.388   ;    ;      ;        ;                    ; clock path                                       ;
;   0.000 ;   0.000 ;    ;      ;        ;                    ; source latency                                   ;
;   0.000 ;   0.000 ;    ;      ; 1      ; LABCELL_X1_Y36_N9  ; gpu_clk                                          ;
;   0.576 ;   0.576 ; RR ; IC   ; 1      ; CLKCTRL_G2         ; gpu_clk~CLKENA0|inclk                            ;
;   0.871 ;   0.295 ; RR ; CELL ; 9078   ; CLKCTRL_G2         ; gpu_clk~CLKENA0|outclk                           ;
;   2.904 ;   2.033 ; RR ; IC   ; 1      ; FF_X35_Y62_N2      ; u_guard_scan|guard_violations[21]|clk            ;
;   3.388 ;   0.484 ; RR ; CELL ; 1      ; FF_X35_Y62_N2      ; zhao_mem_guard:u_guard_scan|guard_violations[21] ;
; 3.915   ; 0.527   ;    ;      ;        ;                    ; data path                                        ;
;   3.388 ;   0.000 ;    ; uTco ; 1      ; FF_X35_Y62_N2      ; zhao_mem_guard:u_guard_scan|guard_violations[21] ;
;   3.388 ;   0.000 ; FF ; CELL ; 2      ; FF_X35_Y62_N2      ; u_guard_scan|guard_violations[21]|q              ;
;   3.619 ;   0.231 ; FF ; IC   ; 2      ; LABCELL_X35_Y62_N0 ; u_guard_scan|Add2~81|datac                       ;
;   3.846 ;   0.227 ; FR ; CELL ; 1      ; LABCELL_X35_Y62_N0 ; u_guard_scan|Add2~81|sumout                      ;
;   3.846 ;   0.000 ; RR ; IC   ; 1      ; FF_X35_Y62_N2      ; u_guard_scan|guard_violations[21]|d              ;
;   3.915 ;   0.069 ; RR ; CELL ; 1      ; FF_X35_Y62_N2      ; zhao_mem_guard:u_guard_scan|guard_violations[21] ;
+---------+---------+----+------+--------+--------------------+--------------------------------------------------+

+----------------------------------------------------------------------------------------------------------------+
; Data Required Path                                                                                             ;
+---------+----------+----+------+--------+-------------------+--------------------------------------------------+
; Total   ; Incr     ; RF ; Type ; Fanout ; Location          ; Element                                          ;
+---------+----------+----+------+--------+-------------------+--------------------------------------------------+
; 0.000   ; 0.000    ;    ;      ;        ;                   ; latch edge time                                  ;
; 3.499   ; 3.499    ;    ;      ;        ;                   ; clock path                                       ;
;   0.000 ;   0.000  ;    ;      ;        ;                   ; source latency                                   ;
;   0.000 ;   0.000  ;    ;      ; 1      ; LABCELL_X1_Y36_N9 ; gpu_clk                                          ;
;   2.734 ;   2.734  ; RR ; IC   ; 1      ; CLKCTRL_G2        ; gpu_clk~CLKENA0|inclk                            ;
;   3.055 ;   0.321  ; RR ; CELL ; 9078   ; CLKCTRL_G2        ; gpu_clk~CLKENA0|outclk                           ;
;   5.546 ;   2.491  ; RR ; IC   ; 1      ; FF_X35_Y62_N2     ; u_guard_scan|guard_violations[21]|clk            ;
;   6.110 ;   0.564  ; RR ; CELL ; 1      ; FF_X35_Y62_N2     ; zhao_mem_guard:u_guard_scan|guard_violations[21] ;
;   3.499 ;   -2.611 ;    ;      ;        ;                   ; clock pessimism removed                          ;
; 3.499   ; 0.000    ;    ;      ;        ;                   ; clock uncertainty                                ;
; 3.499   ; 0.000    ;    ; uTh  ; 1      ; FF_X35_Y62_N2     ; zhao_mem_guard:u_guard_scan|guard_violations[21] ;
+---------+----------+----+------+--------+-------------------+--------------------------------------------------+

----------------------------
; Extra Fitter Information ;
----------------------------
HTML report is unavailable in plain text report export.


Path #60: Hold slack is 0.416 
===============================================================================
+--------------------------------------------------------------------------------------------------------+
; Path Summary                                                                                           ;
+--------------------+-----------------------------------------------------------------------------------+
; Property           ; Value                                                                             ;
+--------------------+-----------------------------------------------------------------------------------+
; From Node          ; zhao_video_scanout:u_scanout|zhao_scanout_serializer:u_ser|starve_q[23]~DUPLICATE ;
; To Node            ; zhao_video_scanout:u_scanout|zhao_scanout_serializer:u_ser|starve_q[23]           ;
; Launch Clock       ; vid_clk                                                                           ;
; Latch Clock        ; vid_clk                                                                           ;
; Data Arrival Time  ; 3.792                                                                             ;
; Data Required Time ; 3.376                                                                             ;
; Slack              ; 0.416                                                                             ;
+--------------------+-----------------------------------------------------------------------------------+

+-----------------------------------------------------------------------------------+
; Statistics                                                                        ;
+------------------------+-------+-------+-------------+------------+-------+-------+
; Property               ; Value ; Count ; Total Delay ; % of Total ; Min   ; Max   ;
+------------------------+-------+-------+-------------+------------+-------+-------+
; Hold Relationship      ; 0.000 ;       ;             ;            ;       ;       ;
; Clock Skew             ; 0.121 ;       ;             ;            ;       ;       ;
; Data Delay             ; 0.537 ;       ;             ;            ;       ;       ;
; Number of Logic Levels ;       ; 1     ;             ;            ;       ;       ;
; Physical Delays        ;       ;       ;             ;            ;       ;       ;
;  Arrival Path          ;       ;       ;             ;            ;       ;       ;
;   Clock                ;       ;       ;             ;            ;       ;       ;
;    IC                  ;       ; 2     ; 2.482       ; 76         ; 0.581 ; 1.901 ;
;    Cell                ;       ; 2     ; 0.773       ; 24         ; 0.295 ; 0.478 ;
;   Data                 ;       ;       ;             ;            ;       ;       ;
;    IC                  ;       ; 2     ; 0.240       ; 45         ; 0.000 ; 0.240 ;
;    Cell                ;       ; 3     ; 0.297       ; 55         ; 0.000 ; 0.226 ;
;    uTco                ;       ; 1     ; 0.000       ; 0          ; 0.000 ; 0.000 ;
;  Required Path         ;       ;       ;             ;            ;       ;       ;
;   Clock                ;       ;       ;             ;            ;       ;       ;
;    IC                  ;       ; 2     ; 5.084       ; 85         ; 2.344 ; 2.740 ;
;    Cell                ;       ; 2     ; 0.891       ; 15         ; 0.321 ; 0.570 ;
+------------------------+-------+-------+-------------+------------+-------+-------+
Note: Negative delays are omitted from totals when calculating percentages

+---------------------------------------------------------------------------------------------------------------------------------------------------+
; Data Arrival Path                                                                                                                                 ;
+---------+---------+----+------+--------+----------------------+-----------------------------------------------------------------------------------+
; Total   ; Incr    ; RF ; Type ; Fanout ; Location             ; Element                                                                           ;
+---------+---------+----+------+--------+----------------------+-----------------------------------------------------------------------------------+
; 0.000   ; 0.000   ;    ;      ;        ;                      ; launch edge time                                                                  ;
; 3.255   ; 3.255   ;    ;      ;        ;                      ; clock path                                                                        ;
;   0.000 ;   0.000 ;    ;      ;        ;                      ; source latency                                                                    ;
;   0.000 ;   0.000 ;    ;      ; 1      ; LABCELL_X1_Y36_N3    ; vid_clk                                                                           ;
;   0.581 ;   0.581 ; RR ; IC   ; 1      ; CLKCTRL_G3           ; vid_clk~CLKENA0|inclk                                                             ;
;   0.876 ;   0.295 ; RR ; CELL ; 746    ; CLKCTRL_G3           ; vid_clk~CLKENA0|outclk                                                            ;
;   2.777 ;   1.901 ; RR ; IC   ; 1      ; FF_X39_Y27_N38       ; u_scanout|u_ser|starve_q[23]~DUPLICATE|clk                                        ;
;   3.255 ;   0.478 ; RR ; CELL ; 1      ; FF_X39_Y27_N38       ; zhao_video_scanout:u_scanout|zhao_scanout_serializer:u_ser|starve_q[23]~DUPLICATE ;
; 3.792   ; 0.537   ;    ;      ;        ;                      ; data path                                                                         ;
;   3.255 ;   0.000 ;    ; uTco ; 1      ; FF_X39_Y27_N38       ; zhao_video_scanout:u_scanout|zhao_scanout_serializer:u_ser|starve_q[23]~DUPLICATE ;
;   3.255 ;   0.000 ; FF ; CELL ; 4      ; FF_X39_Y27_N38       ; u_scanout|u_ser|starve_q[23]~DUPLICATE|q                                          ;
;   3.495 ;   0.240 ; FF ; IC   ; 2      ; MLABCELL_X39_Y27_N36 ; u_scanout|u_ser|Add5~89|datac                                                     ;
;   3.721 ;   0.226 ; FR ; CELL ; 2      ; MLABCELL_X39_Y27_N36 ; u_scanout|u_ser|Add5~89|sumout                                                    ;
;   3.721 ;   0.000 ; RR ; IC   ; 1      ; FF_X39_Y27_N37       ; u_scanout|u_ser|starve_q[23]|d                                                    ;
;   3.792 ;   0.071 ; RR ; CELL ; 1      ; FF_X39_Y27_N37       ; zhao_video_scanout:u_scanout|zhao_scanout_serializer:u_ser|starve_q[23]           ;
+---------+---------+----+------+--------+----------------------+-----------------------------------------------------------------------------------+

+---------------------------------------------------------------------------------------------------------------------------------------+
; Data Required Path                                                                                                                    ;
+---------+----------+----+------+--------+-------------------+-------------------------------------------------------------------------+
; Total   ; Incr     ; RF ; Type ; Fanout ; Location          ; Element                                                                 ;
+---------+----------+----+------+--------+-------------------+-------------------------------------------------------------------------+
; 0.000   ; 0.000    ;    ;      ;        ;                   ; latch edge time                                                         ;
; 3.376   ; 3.376    ;    ;      ;        ;                   ; clock path                                                              ;
;   0.000 ;   0.000  ;    ;      ;        ;                   ; source latency                                                          ;
;   0.000 ;   0.000  ;    ;      ; 1      ; LABCELL_X1_Y36_N3 ; vid_clk                                                                 ;
;   2.740 ;   2.740  ; RR ; IC   ; 1      ; CLKCTRL_G3        ; vid_clk~CLKENA0|inclk                                                   ;
;   3.061 ;   0.321  ; RR ; CELL ; 746    ; CLKCTRL_G3        ; vid_clk~CLKENA0|outclk                                                  ;
;   5.405 ;   2.344  ; RR ; IC   ; 1      ; FF_X39_Y27_N37    ; u_scanout|u_ser|starve_q[23]|clk                                        ;
;   5.975 ;   0.570  ; RR ; CELL ; 1      ; FF_X39_Y27_N37    ; zhao_video_scanout:u_scanout|zhao_scanout_serializer:u_ser|starve_q[23] ;
;   3.376 ;   -2.599 ;    ;      ;        ;                   ; clock pessimism removed                                                 ;
; 3.376   ; 0.000    ;    ;      ;        ;                   ; clock uncertainty                                                       ;
; 3.376   ; 0.000    ;    ; uTh  ; 1      ; FF_X39_Y27_N37    ; zhao_video_scanout:u_scanout|zhao_scanout_serializer:u_ser|starve_q[23] ;
+---------+----------+----+------+--------+-------------------+-------------------------------------------------------------------------+

----------------------------
; Extra Fitter Information ;
----------------------------
HTML report is unavailable in plain text report export.


Path #61: Hold slack is 0.416 
===============================================================================
+--------------------------------------------------------------------------------------------------------+
; Path Summary                                                                                           ;
+--------------------+-----------------------------------------------------------------------------------+
; Property           ; Value                                                                             ;
+--------------------+-----------------------------------------------------------------------------------+
; From Node          ; zhao_video_scanout:u_scanout|zhao_scanout_serializer:u_ser|starve_q[27]~DUPLICATE ;
; To Node            ; zhao_video_scanout:u_scanout|zhao_scanout_serializer:u_ser|starve_q[27]           ;
; Launch Clock       ; vid_clk                                                                           ;
; Latch Clock        ; vid_clk                                                                           ;
; Data Arrival Time  ; 3.792                                                                             ;
; Data Required Time ; 3.376                                                                             ;
; Slack              ; 0.416                                                                             ;
+--------------------+-----------------------------------------------------------------------------------+

+-----------------------------------------------------------------------------------+
; Statistics                                                                        ;
+------------------------+-------+-------+-------------+------------+-------+-------+
; Property               ; Value ; Count ; Total Delay ; % of Total ; Min   ; Max   ;
+------------------------+-------+-------+-------------+------------+-------+-------+
; Hold Relationship      ; 0.000 ;       ;             ;            ;       ;       ;
; Clock Skew             ; 0.121 ;       ;             ;            ;       ;       ;
; Data Delay             ; 0.537 ;       ;             ;            ;       ;       ;
; Number of Logic Levels ;       ; 1     ;             ;            ;       ;       ;
; Physical Delays        ;       ;       ;             ;            ;       ;       ;
;  Arrival Path          ;       ;       ;             ;            ;       ;       ;
;   Clock                ;       ;       ;             ;            ;       ;       ;
;    IC                  ;       ; 2     ; 2.482       ; 76         ; 0.581 ; 1.901 ;
;    Cell                ;       ; 2     ; 0.773       ; 24         ; 0.295 ; 0.478 ;
;   Data                 ;       ;       ;             ;            ;       ;       ;
;    IC                  ;       ; 2     ; 0.240       ; 45         ; 0.000 ; 0.240 ;
;    Cell                ;       ; 3     ; 0.297       ; 55         ; 0.000 ; 0.226 ;
;    uTco                ;       ; 1     ; 0.000       ; 0          ; 0.000 ; 0.000 ;
;  Required Path         ;       ;       ;             ;            ;       ;       ;
;   Clock                ;       ;       ;             ;            ;       ;       ;
;    IC                  ;       ; 2     ; 5.084       ; 85         ; 2.344 ; 2.740 ;
;    Cell                ;       ; 2     ; 0.891       ; 15         ; 0.321 ; 0.570 ;
+------------------------+-------+-------+-------------+------------+-------+-------+
Note: Negative delays are omitted from totals when calculating percentages

+---------------------------------------------------------------------------------------------------------------------------------------------------+
; Data Arrival Path                                                                                                                                 ;
+---------+---------+----+------+--------+----------------------+-----------------------------------------------------------------------------------+
; Total   ; Incr    ; RF ; Type ; Fanout ; Location             ; Element                                                                           ;
+---------+---------+----+------+--------+----------------------+-----------------------------------------------------------------------------------+
; 0.000   ; 0.000   ;    ;      ;        ;                      ; launch edge time                                                                  ;
; 3.255   ; 3.255   ;    ;      ;        ;                      ; clock path                                                                        ;
;   0.000 ;   0.000 ;    ;      ;        ;                      ; source latency                                                                    ;
;   0.000 ;   0.000 ;    ;      ; 1      ; LABCELL_X1_Y36_N3    ; vid_clk                                                                           ;
;   0.581 ;   0.581 ; RR ; IC   ; 1      ; CLKCTRL_G3           ; vid_clk~CLKENA0|inclk                                                             ;
;   0.876 ;   0.295 ; RR ; CELL ; 746    ; CLKCTRL_G3           ; vid_clk~CLKENA0|outclk                                                            ;
;   2.777 ;   1.901 ; RR ; IC   ; 1      ; FF_X39_Y27_N50       ; u_scanout|u_ser|starve_q[27]~DUPLICATE|clk                                        ;
;   3.255 ;   0.478 ; RR ; CELL ; 1      ; FF_X39_Y27_N50       ; zhao_video_scanout:u_scanout|zhao_scanout_serializer:u_ser|starve_q[27]~DUPLICATE ;
; 3.792   ; 0.537   ;    ;      ;        ;                      ; data path                                                                         ;
;   3.255 ;   0.000 ;    ; uTco ; 1      ; FF_X39_Y27_N50       ; zhao_video_scanout:u_scanout|zhao_scanout_serializer:u_ser|starve_q[27]~DUPLICATE ;
;   3.255 ;   0.000 ; FF ; CELL ; 4      ; FF_X39_Y27_N50       ; u_scanout|u_ser|starve_q[27]~DUPLICATE|q                                          ;
;   3.495 ;   0.240 ; FF ; IC   ; 2      ; MLABCELL_X39_Y27_N48 ; u_scanout|u_ser|Add5~105|datac                                                    ;
;   3.721 ;   0.226 ; FR ; CELL ; 2      ; MLABCELL_X39_Y27_N48 ; u_scanout|u_ser|Add5~105|sumout                                                   ;
;   3.721 ;   0.000 ; RR ; IC   ; 1      ; FF_X39_Y27_N49       ; u_scanout|u_ser|starve_q[27]|d                                                    ;
;   3.792 ;   0.071 ; RR ; CELL ; 1      ; FF_X39_Y27_N49       ; zhao_video_scanout:u_scanout|zhao_scanout_serializer:u_ser|starve_q[27]           ;
+---------+---------+----+------+--------+----------------------+-----------------------------------------------------------------------------------+

+---------------------------------------------------------------------------------------------------------------------------------------+
; Data Required Path                                                                                                                    ;
+---------+----------+----+------+--------+-------------------+-------------------------------------------------------------------------+
; Total   ; Incr     ; RF ; Type ; Fanout ; Location          ; Element                                                                 ;
+---------+----------+----+------+--------+-------------------+-------------------------------------------------------------------------+
; 0.000   ; 0.000    ;    ;      ;        ;                   ; latch edge time                                                         ;
; 3.376   ; 3.376    ;    ;      ;        ;                   ; clock path                                                              ;
;   0.000 ;   0.000  ;    ;      ;        ;                   ; source latency                                                          ;
;   0.000 ;   0.000  ;    ;      ; 1      ; LABCELL_X1_Y36_N3 ; vid_clk                                                                 ;
;   2.740 ;   2.740  ; RR ; IC   ; 1      ; CLKCTRL_G3        ; vid_clk~CLKENA0|inclk                                                   ;
;   3.061 ;   0.321  ; RR ; CELL ; 746    ; CLKCTRL_G3        ; vid_clk~CLKENA0|outclk                                                  ;
;   5.405 ;   2.344  ; RR ; IC   ; 1      ; FF_X39_Y27_N49    ; u_scanout|u_ser|starve_q[27]|clk                                        ;
;   5.975 ;   0.570  ; RR ; CELL ; 1      ; FF_X39_Y27_N49    ; zhao_video_scanout:u_scanout|zhao_scanout_serializer:u_ser|starve_q[27] ;
;   3.376 ;   -2.599 ;    ;      ;        ;                   ; clock pessimism removed                                                 ;
; 3.376   ; 0.000    ;    ;      ;        ;                   ; clock uncertainty                                                       ;
; 3.376   ; 0.000    ;    ; uTh  ; 1      ; FF_X39_Y27_N49    ; zhao_video_scanout:u_scanout|zhao_scanout_serializer:u_ser|starve_q[27] ;
+---------+----------+----+------+--------+-------------------+-------------------------------------------------------------------------+

----------------------------
; Extra Fitter Information ;
----------------------------
HTML report is unavailable in plain text report export.


Path #62: Hold slack is 0.416 
===============================================================================
+-----------------------------------------------------------+
; Path Summary                                              ;
+--------------------+--------------------------------------+
; Property           ; Value                                ;
+--------------------+--------------------------------------+
; From Node          ; zhao_audio_fifo:u_fifo|underruns[19] ;
; To Node            ; zhao_audio_fifo:u_fifo|underruns[19] ;
; Launch Clock       ; audio_clk                            ;
; Latch Clock        ; audio_clk                            ;
; Data Arrival Time  ; 3.734                                ;
; Data Required Time ; 3.318                                ;
; Slack              ; 0.416                                ;
+--------------------+--------------------------------------+

+-----------------------------------------------------------------------------------+
; Statistics                                                                        ;
+------------------------+-------+-------+-------------+------------+-------+-------+
; Property               ; Value ; Count ; Total Delay ; % of Total ; Min   ; Max   ;
+------------------------+-------+-------+-------------+------------+-------+-------+
; Hold Relationship      ; 0.000 ;       ;             ;            ;       ;       ;
; Clock Skew             ; 0.109 ;       ;             ;            ;       ;       ;
; Data Delay             ; 0.525 ;       ;             ;            ;       ;       ;
; Number of Logic Levels ;       ; 1     ;             ;            ;       ;       ;
; Physical Delays        ;       ;       ;             ;            ;       ;       ;
;  Arrival Path          ;       ;       ;             ;            ;       ;       ;
;   Clock                ;       ;       ;             ;            ;       ;       ;
;    IC                  ;       ; 2     ; 2.430       ; 76         ; 0.568 ; 1.862 ;
;    Cell                ;       ; 2     ; 0.779       ; 24         ; 0.295 ; 0.484 ;
;   Data                 ;       ;       ;             ;            ;       ;       ;
;    IC                  ;       ; 2     ; 0.229       ; 44         ; 0.000 ; 0.229 ;
;    Cell                ;       ; 3     ; 0.296       ; 56         ; 0.000 ; 0.227 ;
;    uTco                ;       ; 1     ; 0.000       ; 0          ; 0.000 ; 0.000 ;
;  Required Path         ;       ;       ;             ;            ;       ;       ;
;   Clock                ;       ;       ;             ;            ;       ;       ;
;    IC                  ;       ; 2     ; 5.011       ; 85         ; 2.291 ; 2.720 ;
;    Cell                ;       ; 2     ; 0.885       ; 15         ; 0.321 ; 0.564 ;
+------------------------+-------+-------+-------------+------------+-------+-------+
Note: Negative delays are omitted from totals when calculating percentages

+-----------------------------------------------------------------------------------------------------+
; Data Arrival Path                                                                                   ;
+---------+---------+----+------+--------+---------------------+--------------------------------------+
; Total   ; Incr    ; RF ; Type ; Fanout ; Location            ; Element                              ;
+---------+---------+----+------+--------+---------------------+--------------------------------------+
; 0.000   ; 0.000   ;    ;      ;        ;                     ; launch edge time                     ;
; 3.209   ; 3.209   ;    ;      ;        ;                     ; clock path                           ;
;   0.000 ;   0.000 ;    ;      ;        ;                     ; source latency                       ;
;   0.000 ;   0.000 ;    ;      ; 1      ; LABCELL_X88_Y34_N12 ; audio_clk                            ;
;   0.568 ;   0.568 ; RR ; IC   ; 1      ; CLKCTRL_G10         ; audio_clk~CLKENA0|inclk              ;
;   0.863 ;   0.295 ; RR ; CELL ; 124    ; CLKCTRL_G10         ; audio_clk~CLKENA0|outclk             ;
;   2.725 ;   1.862 ; RR ; IC   ; 1      ; FF_X31_Y28_N56      ; u_fifo|underruns[19]|clk             ;
;   3.209 ;   0.484 ; RR ; CELL ; 1      ; FF_X31_Y28_N56      ; zhao_audio_fifo:u_fifo|underruns[19] ;
; 3.734   ; 0.525   ;    ;      ;        ;                     ; data path                            ;
;   3.209 ;   0.000 ;    ; uTco ; 1      ; FF_X31_Y28_N56      ; zhao_audio_fifo:u_fifo|underruns[19] ;
;   3.209 ;   0.000 ; FF ; CELL ; 5      ; FF_X31_Y28_N56      ; u_fifo|underruns[19]|q               ;
;   3.438 ;   0.229 ; FF ; IC   ; 2      ; LABCELL_X31_Y28_N54 ; u_fifo|Add3~73|datac                 ;
;   3.665 ;   0.227 ; FR ; CELL ; 1      ; LABCELL_X31_Y28_N54 ; u_fifo|Add3~73|sumout                ;
;   3.665 ;   0.000 ; RR ; IC   ; 1      ; FF_X31_Y28_N56      ; u_fifo|underruns[19]|d               ;
;   3.734 ;   0.069 ; RR ; CELL ; 1      ; FF_X31_Y28_N56      ; zhao_audio_fifo:u_fifo|underruns[19] ;
+---------+---------+----+------+--------+---------------------+--------------------------------------+

+------------------------------------------------------------------------------------------------------+
; Data Required Path                                                                                   ;
+---------+----------+----+------+--------+---------------------+--------------------------------------+
; Total   ; Incr     ; RF ; Type ; Fanout ; Location            ; Element                              ;
+---------+----------+----+------+--------+---------------------+--------------------------------------+
; 0.000   ; 0.000    ;    ;      ;        ;                     ; latch edge time                      ;
; 3.318   ; 3.318    ;    ;      ;        ;                     ; clock path                           ;
;   0.000 ;   0.000  ;    ;      ;        ;                     ; source latency                       ;
;   0.000 ;   0.000  ;    ;      ; 1      ; LABCELL_X88_Y34_N12 ; audio_clk                            ;
;   2.720 ;   2.720  ; RR ; IC   ; 1      ; CLKCTRL_G10         ; audio_clk~CLKENA0|inclk              ;
;   3.041 ;   0.321  ; RR ; CELL ; 124    ; CLKCTRL_G10         ; audio_clk~CLKENA0|outclk             ;
;   5.332 ;   2.291  ; RR ; IC   ; 1      ; FF_X31_Y28_N56      ; u_fifo|underruns[19]|clk             ;
;   5.896 ;   0.564  ; RR ; CELL ; 1      ; FF_X31_Y28_N56      ; zhao_audio_fifo:u_fifo|underruns[19] ;
;   3.318 ;   -2.578 ;    ;      ;        ;                     ; clock pessimism removed              ;
; 3.318   ; 0.000    ;    ;      ;        ;                     ; clock uncertainty                    ;
; 3.318   ; 0.000    ;    ; uTh  ; 1      ; FF_X31_Y28_N56      ; zhao_audio_fifo:u_fifo|underruns[19] ;
+---------+----------+----+------+--------+---------------------+--------------------------------------+

----------------------------
; Extra Fitter Information ;
----------------------------
HTML report is unavailable in plain text report export.


Path #63: Hold slack is 0.417 
===============================================================================
+----------------------------------------------------------------+
; Path Summary                                                   ;
+--------------------+-------------------------------------------+
; Property           ; Value                                     ;
+--------------------+-------------------------------------------+
; From Node          ; zhao_cmd_scheduler:u_sched|dead_cnt[1][8] ;
; To Node            ; zhao_cmd_scheduler:u_sched|dead_cnt[1][8] ;
; Launch Clock       ; gpu_clk                                   ;
; Latch Clock        ; gpu_clk                                   ;
; Data Arrival Time  ; 3.904                                     ;
; Data Required Time ; 3.487                                     ;
; Slack              ; 0.417                                     ;
+--------------------+-------------------------------------------+

+-----------------------------------------------------------------------------------+
; Statistics                                                                        ;
+------------------------+-------+-------+-------------+------------+-------+-------+
; Property               ; Value ; Count ; Total Delay ; % of Total ; Min   ; Max   ;
+------------------------+-------+-------+-------------+------------+-------+-------+
; Hold Relationship      ; 0.000 ;       ;             ;            ;       ;       ;
; Clock Skew             ; 0.113 ;       ;             ;            ;       ;       ;
; Data Delay             ; 0.530 ;       ;             ;            ;       ;       ;
; Number of Logic Levels ;       ; 1     ;             ;            ;       ;       ;
; Physical Delays        ;       ;       ;             ;            ;       ;       ;
;  Arrival Path          ;       ;       ;             ;            ;       ;       ;
;   Clock                ;       ;       ;             ;            ;       ;       ;
;    IC                  ;       ; 2     ; 2.595       ; 77         ; 0.576 ; 2.019 ;
;    Cell                ;       ; 2     ; 0.779       ; 23         ; 0.295 ; 0.484 ;
;   Data                 ;       ;       ;             ;            ;       ;       ;
;    IC                  ;       ; 2     ; 0.234       ; 44         ; 0.000 ; 0.234 ;
;    Cell                ;       ; 3     ; 0.296       ; 56         ; 0.000 ; 0.227 ;
;    uTco                ;       ; 1     ; 0.000       ; 0          ; 0.000 ; 0.000 ;
;  Required Path         ;       ;       ;             ;            ;       ;       ;
;   Clock                ;       ;       ;             ;            ;       ;       ;
;    IC                  ;       ; 2     ; 5.205       ; 85         ; 2.471 ; 2.734 ;
;    Cell                ;       ; 2     ; 0.885       ; 15         ; 0.321 ; 0.564 ;
+------------------------+-------+-------+-------------+------------+-------+-------+
Note: Negative delays are omitted from totals when calculating percentages

+----------------------------------------------------------------------------------------------------------+
; Data Arrival Path                                                                                        ;
+---------+---------+----+------+--------+---------------------+-------------------------------------------+
; Total   ; Incr    ; RF ; Type ; Fanout ; Location            ; Element                                   ;
+---------+---------+----+------+--------+---------------------+-------------------------------------------+
; 0.000   ; 0.000   ;    ;      ;        ;                     ; launch edge time                          ;
; 3.374   ; 3.374   ;    ;      ;        ;                     ; clock path                                ;
;   0.000 ;   0.000 ;    ;      ;        ;                     ; source latency                            ;
;   0.000 ;   0.000 ;    ;      ; 1      ; LABCELL_X1_Y36_N9   ; gpu_clk                                   ;
;   0.576 ;   0.576 ; RR ; IC   ; 1      ; CLKCTRL_G2          ; gpu_clk~CLKENA0|inclk                     ;
;   0.871 ;   0.295 ; RR ; CELL ; 9078   ; CLKCTRL_G2          ; gpu_clk~CLKENA0|outclk                    ;
;   2.890 ;   2.019 ; RR ; IC   ; 1      ; FF_X43_Y47_N26      ; u_sched|dead_cnt[1][8]|clk                ;
;   3.374 ;   0.484 ; RR ; CELL ; 1      ; FF_X43_Y47_N26      ; zhao_cmd_scheduler:u_sched|dead_cnt[1][8] ;
; 3.904   ; 0.530   ;    ;      ;        ;                     ; data path                                 ;
;   3.374 ;   0.000 ;    ; uTco ; 1      ; FF_X43_Y47_N26      ; zhao_cmd_scheduler:u_sched|dead_cnt[1][8] ;
;   3.374 ;   0.000 ; FF ; CELL ; 3      ; FF_X43_Y47_N26      ; u_sched|dead_cnt[1][8]|q                  ;
;   3.608 ;   0.234 ; FF ; IC   ; 2      ; LABCELL_X43_Y47_N24 ; u_sched|Add1~37|datac                     ;
;   3.835 ;   0.227 ; FR ; CELL ; 1      ; LABCELL_X43_Y47_N24 ; u_sched|Add1~37|sumout                    ;
;   3.835 ;   0.000 ; RR ; IC   ; 1      ; FF_X43_Y47_N26      ; u_sched|dead_cnt[1][8]|d                  ;
;   3.904 ;   0.069 ; RR ; CELL ; 1      ; FF_X43_Y47_N26      ; zhao_cmd_scheduler:u_sched|dead_cnt[1][8] ;
+---------+---------+----+------+--------+---------------------+-------------------------------------------+

+---------------------------------------------------------------------------------------------------------+
; Data Required Path                                                                                      ;
+---------+----------+----+------+--------+-------------------+-------------------------------------------+
; Total   ; Incr     ; RF ; Type ; Fanout ; Location          ; Element                                   ;
+---------+----------+----+------+--------+-------------------+-------------------------------------------+
; 0.000   ; 0.000    ;    ;      ;        ;                   ; latch edge time                           ;
; 3.487   ; 3.487    ;    ;      ;        ;                   ; clock path                                ;
;   0.000 ;   0.000  ;    ;      ;        ;                   ; source latency                            ;
;   0.000 ;   0.000  ;    ;      ; 1      ; LABCELL_X1_Y36_N9 ; gpu_clk                                   ;
;   2.734 ;   2.734  ; RR ; IC   ; 1      ; CLKCTRL_G2        ; gpu_clk~CLKENA0|inclk                     ;
;   3.055 ;   0.321  ; RR ; CELL ; 9078   ; CLKCTRL_G2        ; gpu_clk~CLKENA0|outclk                    ;
;   5.526 ;   2.471  ; RR ; IC   ; 1      ; FF_X43_Y47_N26    ; u_sched|dead_cnt[1][8]|clk                ;
;   6.090 ;   0.564  ; RR ; CELL ; 1      ; FF_X43_Y47_N26    ; zhao_cmd_scheduler:u_sched|dead_cnt[1][8] ;
;   3.487 ;   -2.603 ;    ;      ;        ;                   ; clock pessimism removed                   ;
; 3.487   ; 0.000    ;    ;      ;        ;                   ; clock uncertainty                         ;
; 3.487   ; 0.000    ;    ; uTh  ; 1      ; FF_X43_Y47_N26    ; zhao_cmd_scheduler:u_sched|dead_cnt[1][8] ;
+---------+----------+----+------+--------+-------------------+-------------------------------------------+

----------------------------
; Extra Fitter Information ;
----------------------------
HTML report is unavailable in plain text report export.


Path #64: Hold slack is 0.417 
===============================================================================
+----------------------------------------------------------------+
; Path Summary                                                   ;
+--------------------+-------------------------------------------+
; Property           ; Value                                     ;
+--------------------+-------------------------------------------+
; From Node          ; zhao_cmd_scheduler:u_sched|dead_cnt[0][0] ;
; To Node            ; zhao_cmd_scheduler:u_sched|dead_cnt[0][0] ;
; Launch Clock       ; gpu_clk                                   ;
; Latch Clock        ; gpu_clk                                   ;
; Data Arrival Time  ; 3.906                                     ;
; Data Required Time ; 3.489                                     ;
; Slack              ; 0.417                                     ;
+--------------------+-------------------------------------------+

+-----------------------------------------------------------------------------------+
; Statistics                                                                        ;
+------------------------+-------+-------+-------------+------------+-------+-------+
; Property               ; Value ; Count ; Total Delay ; % of Total ; Min   ; Max   ;
+------------------------+-------+-------+-------------+------------+-------+-------+
; Hold Relationship      ; 0.000 ;       ;             ;            ;       ;       ;
; Clock Skew             ; 0.112 ;       ;             ;            ;       ;       ;
; Data Delay             ; 0.529 ;       ;             ;            ;       ;       ;
; Number of Logic Levels ;       ; 1     ;             ;            ;       ;       ;
; Physical Delays        ;       ;       ;             ;            ;       ;       ;
;  Arrival Path          ;       ;       ;             ;            ;       ;       ;
;   Clock                ;       ;       ;             ;            ;       ;       ;
;    IC                  ;       ; 2     ; 2.598       ; 77         ; 0.576 ; 2.022 ;
;    Cell                ;       ; 2     ; 0.779       ; 23         ; 0.295 ; 0.484 ;
;   Data                 ;       ;       ;             ;            ;       ;       ;
;    IC                  ;       ; 2     ; 0.233       ; 44         ; 0.000 ; 0.233 ;
;    Cell                ;       ; 3     ; 0.296       ; 56         ; 0.000 ; 0.227 ;
;    uTco                ;       ; 1     ; 0.000       ; 0          ; 0.000 ; 0.000 ;
;  Required Path         ;       ;       ;             ;            ;       ;       ;
;   Clock                ;       ;       ;             ;            ;       ;       ;
;    IC                  ;       ; 2     ; 5.207       ; 85         ; 2.473 ; 2.734 ;
;    Cell                ;       ; 2     ; 0.885       ; 15         ; 0.321 ; 0.564 ;
+------------------------+-------+-------+-------------+------------+-------+-------+
Note: Negative delays are omitted from totals when calculating percentages

+----------------------------------------------------------------------------------------------------------+
; Data Arrival Path                                                                                        ;
+---------+---------+----+------+--------+---------------------+-------------------------------------------+
; Total   ; Incr    ; RF ; Type ; Fanout ; Location            ; Element                                   ;
+---------+---------+----+------+--------+---------------------+-------------------------------------------+
; 0.000   ; 0.000   ;    ;      ;        ;                     ; launch edge time                          ;
; 3.377   ; 3.377   ;    ;      ;        ;                     ; clock path                                ;
;   0.000 ;   0.000 ;    ;      ;        ;                     ; source latency                            ;
;   0.000 ;   0.000 ;    ;      ; 1      ; LABCELL_X1_Y36_N9   ; gpu_clk                                   ;
;   0.576 ;   0.576 ; RR ; IC   ; 1      ; CLKCTRL_G2          ; gpu_clk~CLKENA0|inclk                     ;
;   0.871 ;   0.295 ; RR ; CELL ; 9078   ; CLKCTRL_G2          ; gpu_clk~CLKENA0|outclk                    ;
;   2.893 ;   2.022 ; RR ; IC   ; 1      ; FF_X47_Y47_N2       ; u_sched|dead_cnt[0][0]|clk                ;
;   3.377 ;   0.484 ; RR ; CELL ; 1      ; FF_X47_Y47_N2       ; zhao_cmd_scheduler:u_sched|dead_cnt[0][0] ;
; 3.906   ; 0.529   ;    ;      ;        ;                     ; data path                                 ;
;   3.377 ;   0.000 ;    ; uTco ; 1      ; FF_X47_Y47_N2       ; zhao_cmd_scheduler:u_sched|dead_cnt[0][0] ;
;   3.377 ;   0.000 ; FF ; CELL ; 2      ; FF_X47_Y47_N2       ; u_sched|dead_cnt[0][0]|q                  ;
;   3.610 ;   0.233 ; FF ; IC   ; 2      ; MLABCELL_X47_Y47_N0 ; u_sched|Add0~17|datac                     ;
;   3.837 ;   0.227 ; FR ; CELL ; 1      ; MLABCELL_X47_Y47_N0 ; u_sched|Add0~17|sumout                    ;
;   3.837 ;   0.000 ; RR ; IC   ; 1      ; FF_X47_Y47_N2       ; u_sched|dead_cnt[0][0]|d                  ;
;   3.906 ;   0.069 ; RR ; CELL ; 1      ; FF_X47_Y47_N2       ; zhao_cmd_scheduler:u_sched|dead_cnt[0][0] ;
+---------+---------+----+------+--------+---------------------+-------------------------------------------+

+---------------------------------------------------------------------------------------------------------+
; Data Required Path                                                                                      ;
+---------+----------+----+------+--------+-------------------+-------------------------------------------+
; Total   ; Incr     ; RF ; Type ; Fanout ; Location          ; Element                                   ;
+---------+----------+----+------+--------+-------------------+-------------------------------------------+
; 0.000   ; 0.000    ;    ;      ;        ;                   ; latch edge time                           ;
; 3.489   ; 3.489    ;    ;      ;        ;                   ; clock path                                ;
;   0.000 ;   0.000  ;    ;      ;        ;                   ; source latency                            ;
;   0.000 ;   0.000  ;    ;      ; 1      ; LABCELL_X1_Y36_N9 ; gpu_clk                                   ;
;   2.734 ;   2.734  ; RR ; IC   ; 1      ; CLKCTRL_G2        ; gpu_clk~CLKENA0|inclk                     ;
;   3.055 ;   0.321  ; RR ; CELL ; 9078   ; CLKCTRL_G2        ; gpu_clk~CLKENA0|outclk                    ;
;   5.528 ;   2.473  ; RR ; IC   ; 1      ; FF_X47_Y47_N2     ; u_sched|dead_cnt[0][0]|clk                ;
;   6.092 ;   0.564  ; RR ; CELL ; 1      ; FF_X47_Y47_N2     ; zhao_cmd_scheduler:u_sched|dead_cnt[0][0] ;
;   3.489 ;   -2.603 ;    ;      ;        ;                   ; clock pessimism removed                   ;
; 3.489   ; 0.000    ;    ;      ;        ;                   ; clock uncertainty                         ;
; 3.489   ; 0.000    ;    ; uTh  ; 1      ; FF_X47_Y47_N2     ; zhao_cmd_scheduler:u_sched|dead_cnt[0][0] ;
+---------+----------+----+------+--------+-------------------+-------------------------------------------+

----------------------------
; Extra Fitter Information ;
----------------------------
HTML report is unavailable in plain text report export.


Path #65: Hold slack is 0.417 
===============================================================================
+-------------------------------------------------------------------+
; Path Summary                                                      ;
+--------------------+----------------------------------------------+
; Property           ; Value                                        ;
+--------------------+----------------------------------------------+
; From Node          ; zhao_debug_frameblit:u_frameblit|retired[19] ;
; To Node            ; zhao_debug_frameblit:u_frameblit|retired[19] ;
; Launch Clock       ; gpu_clk                                      ;
; Latch Clock        ; gpu_clk                                      ;
; Data Arrival Time  ; 3.826                                        ;
; Data Required Time ; 3.409                                        ;
; Slack              ; 0.417                                        ;
+--------------------+----------------------------------------------+

+-----------------------------------------------------------------------------------+
; Statistics                                                                        ;
+------------------------+-------+-------+-------------+------------+-------+-------+
; Property               ; Value ; Count ; Total Delay ; % of Total ; Min   ; Max   ;
+------------------------+-------+-------+-------------+------------+-------+-------+
; Hold Relationship      ; 0.000 ;       ;             ;            ;       ;       ;
; Clock Skew             ; 0.108 ;       ;             ;            ;       ;       ;
; Data Delay             ; 0.525 ;       ;             ;            ;       ;       ;
; Number of Logic Levels ;       ; 1     ;             ;            ;       ;       ;
; Physical Delays        ;       ;       ;             ;            ;       ;       ;
;  Arrival Path          ;       ;       ;             ;            ;       ;       ;
;   Clock                ;       ;       ;             ;            ;       ;       ;
;    IC                  ;       ; 2     ; 2.522       ; 76         ; 0.576 ; 1.946 ;
;    Cell                ;       ; 2     ; 0.779       ; 24         ; 0.295 ; 0.484 ;
;   Data                 ;       ;       ;             ;            ;       ;       ;
;    IC                  ;       ; 2     ; 0.229       ; 44         ; 0.000 ; 0.229 ;
;    Cell                ;       ; 3     ; 0.296       ; 56         ; 0.000 ; 0.227 ;
;    uTco                ;       ; 1     ; 0.000       ; 0          ; 0.000 ; 0.000 ;
;  Required Path         ;       ;       ;             ;            ;       ;       ;
;   Clock                ;       ;       ;             ;            ;       ;       ;
;    IC                  ;       ; 2     ; 5.126       ; 85         ; 2.392 ; 2.734 ;
;    Cell                ;       ; 2     ; 0.885       ; 15         ; 0.321 ; 0.564 ;
+------------------------+-------+-------+-------------+------------+-------+-------+
Note: Negative delays are omitted from totals when calculating percentages

+-------------------------------------------------------------------------------------------------------------+
; Data Arrival Path                                                                                           ;
+---------+---------+----+------+--------+---------------------+----------------------------------------------+
; Total   ; Incr    ; RF ; Type ; Fanout ; Location            ; Element                                      ;
+---------+---------+----+------+--------+---------------------+----------------------------------------------+
; 0.000   ; 0.000   ;    ;      ;        ;                     ; launch edge time                             ;
; 3.301   ; 3.301   ;    ;      ;        ;                     ; clock path                                   ;
;   0.000 ;   0.000 ;    ;      ;        ;                     ; source latency                               ;
;   0.000 ;   0.000 ;    ;      ; 1      ; LABCELL_X1_Y36_N9   ; gpu_clk                                      ;
;   0.576 ;   0.576 ; RR ; IC   ; 1      ; CLKCTRL_G2          ; gpu_clk~CLKENA0|inclk                        ;
;   0.871 ;   0.295 ; RR ; CELL ; 9078   ; CLKCTRL_G2          ; gpu_clk~CLKENA0|outclk                       ;
;   2.817 ;   1.946 ; RR ; IC   ; 1      ; FF_X17_Y50_N56      ; u_frameblit|retired[19]|clk                  ;
;   3.301 ;   0.484 ; RR ; CELL ; 1      ; FF_X17_Y50_N56      ; zhao_debug_frameblit:u_frameblit|retired[19] ;
; 3.826   ; 0.525   ;    ;      ;        ;                     ; data path                                    ;
;   3.301 ;   0.000 ;    ; uTco ; 1      ; FF_X17_Y50_N56      ; zhao_debug_frameblit:u_frameblit|retired[19] ;
;   3.301 ;   0.000 ; FF ; CELL ; 4      ; FF_X17_Y50_N56      ; u_frameblit|retired[19]|q                    ;
;   3.530 ;   0.229 ; FF ; IC   ; 2      ; LABCELL_X17_Y50_N54 ; u_frameblit|Add5~85|datac                    ;
;   3.757 ;   0.227 ; FR ; CELL ; 1      ; LABCELL_X17_Y50_N54 ; u_frameblit|Add5~85|sumout                   ;
;   3.757 ;   0.000 ; RR ; IC   ; 1      ; FF_X17_Y50_N56      ; u_frameblit|retired[19]|d                    ;
;   3.826 ;   0.069 ; RR ; CELL ; 1      ; FF_X17_Y50_N56      ; zhao_debug_frameblit:u_frameblit|retired[19] ;
+---------+---------+----+------+--------+---------------------+----------------------------------------------+

+------------------------------------------------------------------------------------------------------------+
; Data Required Path                                                                                         ;
+---------+----------+----+------+--------+-------------------+----------------------------------------------+
; Total   ; Incr     ; RF ; Type ; Fanout ; Location          ; Element                                      ;
+---------+----------+----+------+--------+-------------------+----------------------------------------------+
; 0.000   ; 0.000    ;    ;      ;        ;                   ; latch edge time                              ;
; 3.409   ; 3.409    ;    ;      ;        ;                   ; clock path                                   ;
;   0.000 ;   0.000  ;    ;      ;        ;                   ; source latency                               ;
;   0.000 ;   0.000  ;    ;      ; 1      ; LABCELL_X1_Y36_N9 ; gpu_clk                                      ;
;   2.734 ;   2.734  ; RR ; IC   ; 1      ; CLKCTRL_G2        ; gpu_clk~CLKENA0|inclk                        ;
;   3.055 ;   0.321  ; RR ; CELL ; 9078   ; CLKCTRL_G2        ; gpu_clk~CLKENA0|outclk                       ;
;   5.447 ;   2.392  ; RR ; IC   ; 1      ; FF_X17_Y50_N56    ; u_frameblit|retired[19]|clk                  ;
;   6.011 ;   0.564  ; RR ; CELL ; 1      ; FF_X17_Y50_N56    ; zhao_debug_frameblit:u_frameblit|retired[19] ;
;   3.409 ;   -2.602 ;    ;      ;        ;                   ; clock pessimism removed                      ;
; 3.409   ; 0.000    ;    ;      ;        ;                   ; clock uncertainty                            ;
; 3.409   ; 0.000    ;    ; uTh  ; 1      ; FF_X17_Y50_N56    ; zhao_debug_frameblit:u_frameblit|retired[19] ;
+---------+----------+----+------+--------+-------------------+----------------------------------------------+

----------------------------
; Extra Fitter Information ;
----------------------------
HTML report is unavailable in plain text report export.


Path #66: Hold slack is 0.417 
===============================================================================
+-----------------------------------------------------------------+
; Path Summary                                                    ;
+--------------------+--------------------------------------------+
; Property           ; Value                                      ;
+--------------------+--------------------------------------------+
; From Node          ; zhao_cmd_scheduler:u_sched|dead_cnt[2][28] ;
; To Node            ; zhao_cmd_scheduler:u_sched|dead_cnt[2][28] ;
; Launch Clock       ; gpu_clk                                    ;
; Latch Clock        ; gpu_clk                                    ;
; Data Arrival Time  ; 3.903                                      ;
; Data Required Time ; 3.486                                      ;
; Slack              ; 0.417                                      ;
+--------------------+--------------------------------------------+

+-----------------------------------------------------------------------------------+
; Statistics                                                                        ;
+------------------------+-------+-------+-------------+------------+-------+-------+
; Property               ; Value ; Count ; Total Delay ; % of Total ; Min   ; Max   ;
+------------------------+-------+-------+-------------+------------+-------+-------+
; Hold Relationship      ; 0.000 ;       ;             ;            ;       ;       ;
; Clock Skew             ; 0.113 ;       ;             ;            ;       ;       ;
; Data Delay             ; 0.530 ;       ;             ;            ;       ;       ;
; Number of Logic Levels ;       ; 1     ;             ;            ;       ;       ;
; Physical Delays        ;       ;       ;             ;            ;       ;       ;
;  Arrival Path          ;       ;       ;             ;            ;       ;       ;
;   Clock                ;       ;       ;             ;            ;       ;       ;
;    IC                  ;       ; 2     ; 2.594       ; 77         ; 0.576 ; 2.018 ;
;    Cell                ;       ; 2     ; 0.779       ; 23         ; 0.295 ; 0.484 ;
;   Data                 ;       ;       ;             ;            ;       ;       ;
;    IC                  ;       ; 2     ; 0.234       ; 44         ; 0.000 ; 0.234 ;
;    Cell                ;       ; 3     ; 0.296       ; 56         ; 0.000 ; 0.227 ;
;    uTco                ;       ; 1     ; 0.000       ; 0          ; 0.000 ; 0.000 ;
;  Required Path         ;       ;       ;             ;            ;       ;       ;
;   Clock                ;       ;       ;             ;            ;       ;       ;
;    IC                  ;       ; 2     ; 5.204       ; 85         ; 2.470 ; 2.734 ;
;    Cell                ;       ; 2     ; 0.885       ; 15         ; 0.321 ; 0.564 ;
+------------------------+-------+-------+-------------+------------+-------+-------+
Note: Negative delays are omitted from totals when calculating percentages

+-----------------------------------------------------------------------------------------------------------+
; Data Arrival Path                                                                                         ;
+---------+---------+----+------+--------+---------------------+--------------------------------------------+
; Total   ; Incr    ; RF ; Type ; Fanout ; Location            ; Element                                    ;
+---------+---------+----+------+--------+---------------------+--------------------------------------------+
; 0.000   ; 0.000   ;    ;      ;        ;                     ; launch edge time                           ;
; 3.373   ; 3.373   ;    ;      ;        ;                     ; clock path                                 ;
;   0.000 ;   0.000 ;    ;      ;        ;                     ; source latency                             ;
;   0.000 ;   0.000 ;    ;      ; 1      ; LABCELL_X1_Y36_N9   ; gpu_clk                                    ;
;   0.576 ;   0.576 ; RR ; IC   ; 1      ; CLKCTRL_G2          ; gpu_clk~CLKENA0|inclk                      ;
;   0.871 ;   0.295 ; RR ; CELL ; 9078   ; CLKCTRL_G2          ; gpu_clk~CLKENA0|outclk                     ;
;   2.889 ;   2.018 ; RR ; IC   ; 1      ; FF_X40_Y44_N26      ; u_sched|dead_cnt[2][28]|clk                ;
;   3.373 ;   0.484 ; RR ; CELL ; 1      ; FF_X40_Y44_N26      ; zhao_cmd_scheduler:u_sched|dead_cnt[2][28] ;
; 3.903   ; 0.530   ;    ;      ;        ;                     ; data path                                  ;
;   3.373 ;   0.000 ;    ; uTco ; 1      ; FF_X40_Y44_N26      ; zhao_cmd_scheduler:u_sched|dead_cnt[2][28] ;
;   3.373 ;   0.000 ; FF ; CELL ; 3      ; FF_X40_Y44_N26      ; u_sched|dead_cnt[2][28]|q                  ;
;   3.607 ;   0.234 ; FF ; IC   ; 2      ; LABCELL_X40_Y44_N24 ; u_sched|Add2~105|datac                     ;
;   3.834 ;   0.227 ; FR ; CELL ; 1      ; LABCELL_X40_Y44_N24 ; u_sched|Add2~105|sumout                    ;
;   3.834 ;   0.000 ; RR ; IC   ; 1      ; FF_X40_Y44_N26      ; u_sched|dead_cnt[2][28]|d                  ;
;   3.903 ;   0.069 ; RR ; CELL ; 1      ; FF_X40_Y44_N26      ; zhao_cmd_scheduler:u_sched|dead_cnt[2][28] ;
+---------+---------+----+------+--------+---------------------+--------------------------------------------+

+----------------------------------------------------------------------------------------------------------+
; Data Required Path                                                                                       ;
+---------+----------+----+------+--------+-------------------+--------------------------------------------+
; Total   ; Incr     ; RF ; Type ; Fanout ; Location          ; Element                                    ;
+---------+----------+----+------+--------+-------------------+--------------------------------------------+
; 0.000   ; 0.000    ;    ;      ;        ;                   ; latch edge time                            ;
; 3.486   ; 3.486    ;    ;      ;        ;                   ; clock path                                 ;
;   0.000 ;   0.000  ;    ;      ;        ;                   ; source latency                             ;
;   0.000 ;   0.000  ;    ;      ; 1      ; LABCELL_X1_Y36_N9 ; gpu_clk                                    ;
;   2.734 ;   2.734  ; RR ; IC   ; 1      ; CLKCTRL_G2        ; gpu_clk~CLKENA0|inclk                      ;
;   3.055 ;   0.321  ; RR ; CELL ; 9078   ; CLKCTRL_G2        ; gpu_clk~CLKENA0|outclk                     ;
;   5.525 ;   2.470  ; RR ; IC   ; 1      ; FF_X40_Y44_N26    ; u_sched|dead_cnt[2][28]|clk                ;
;   6.089 ;   0.564  ; RR ; CELL ; 1      ; FF_X40_Y44_N26    ; zhao_cmd_scheduler:u_sched|dead_cnt[2][28] ;
;   3.486 ;   -2.603 ;    ;      ;        ;                   ; clock pessimism removed                    ;
; 3.486   ; 0.000    ;    ;      ;        ;                   ; clock uncertainty                          ;
; 3.486   ; 0.000    ;    ; uTh  ; 1      ; FF_X40_Y44_N26    ; zhao_cmd_scheduler:u_sched|dead_cnt[2][28] ;
+---------+----------+----+------+--------+-------------------+--------------------------------------------+

----------------------------
; Extra Fitter Information ;
----------------------------
HTML report is unavailable in plain text report export.


Path #67: Hold slack is 0.417 
===============================================================================
+----------------------------------------------------------------+
; Path Summary                                                   ;
+--------------------+-------------------------------------------+
; Property           ; Value                                     ;
+--------------------+-------------------------------------------+
; From Node          ; zhao_cmd_scheduler:u_sched|dead_cnt[2][8] ;
; To Node            ; zhao_cmd_scheduler:u_sched|dead_cnt[2][8] ;
; Launch Clock       ; gpu_clk                                   ;
; Latch Clock        ; gpu_clk                                   ;
; Data Arrival Time  ; 3.902                                     ;
; Data Required Time ; 3.485                                     ;
; Slack              ; 0.417                                     ;
+--------------------+-------------------------------------------+

+-----------------------------------------------------------------------------------+
; Statistics                                                                        ;
+------------------------+-------+-------+-------------+------------+-------+-------+
; Property               ; Value ; Count ; Total Delay ; % of Total ; Min   ; Max   ;
+------------------------+-------+-------+-------------+------------+-------+-------+
; Hold Relationship      ; 0.000 ;       ;             ;            ;       ;       ;
; Clock Skew             ; 0.113 ;       ;             ;            ;       ;       ;
; Data Delay             ; 0.530 ;       ;             ;            ;       ;       ;
; Number of Logic Levels ;       ; 1     ;             ;            ;       ;       ;
; Physical Delays        ;       ;       ;             ;            ;       ;       ;
;  Arrival Path          ;       ;       ;             ;            ;       ;       ;
;   Clock                ;       ;       ;             ;            ;       ;       ;
;    IC                  ;       ; 2     ; 2.593       ; 77         ; 0.576 ; 2.017 ;
;    Cell                ;       ; 2     ; 0.779       ; 23         ; 0.295 ; 0.484 ;
;   Data                 ;       ;       ;             ;            ;       ;       ;
;    IC                  ;       ; 2     ; 0.234       ; 44         ; 0.000 ; 0.234 ;
;    Cell                ;       ; 3     ; 0.296       ; 56         ; 0.000 ; 0.227 ;
;    uTco                ;       ; 1     ; 0.000       ; 0          ; 0.000 ; 0.000 ;
;  Required Path         ;       ;       ;             ;            ;       ;       ;
;   Clock                ;       ;       ;             ;            ;       ;       ;
;    IC                  ;       ; 2     ; 5.203       ; 85         ; 2.469 ; 2.734 ;
;    Cell                ;       ; 2     ; 0.885       ; 15         ; 0.321 ; 0.564 ;
+------------------------+-------+-------+-------------+------------+-------+-------+
Note: Negative delays are omitted from totals when calculating percentages

+----------------------------------------------------------------------------------------------------------+
; Data Arrival Path                                                                                        ;
+---------+---------+----+------+--------+---------------------+-------------------------------------------+
; Total   ; Incr    ; RF ; Type ; Fanout ; Location            ; Element                                   ;
+---------+---------+----+------+--------+---------------------+-------------------------------------------+
; 0.000   ; 0.000   ;    ;      ;        ;                     ; launch edge time                          ;
; 3.372   ; 3.372   ;    ;      ;        ;                     ; clock path                                ;
;   0.000 ;   0.000 ;    ;      ;        ;                     ; source latency                            ;
;   0.000 ;   0.000 ;    ;      ; 1      ; LABCELL_X1_Y36_N9   ; gpu_clk                                   ;
;   0.576 ;   0.576 ; RR ; IC   ; 1      ; CLKCTRL_G2          ; gpu_clk~CLKENA0|inclk                     ;
;   0.871 ;   0.295 ; RR ; CELL ; 9078   ; CLKCTRL_G2          ; gpu_clk~CLKENA0|outclk                    ;
;   2.888 ;   2.017 ; RR ; IC   ; 1      ; FF_X40_Y45_N26      ; u_sched|dead_cnt[2][8]|clk                ;
;   3.372 ;   0.484 ; RR ; CELL ; 1      ; FF_X40_Y45_N26      ; zhao_cmd_scheduler:u_sched|dead_cnt[2][8] ;
; 3.902   ; 0.530   ;    ;      ;        ;                     ; data path                                 ;
;   3.372 ;   0.000 ;    ; uTco ; 1      ; FF_X40_Y45_N26      ; zhao_cmd_scheduler:u_sched|dead_cnt[2][8] ;
;   3.372 ;   0.000 ; FF ; CELL ; 3      ; FF_X40_Y45_N26      ; u_sched|dead_cnt[2][8]|q                  ;
;   3.606 ;   0.234 ; FF ; IC   ; 2      ; LABCELL_X40_Y45_N24 ; u_sched|Add2~37|datac                     ;
;   3.833 ;   0.227 ; FR ; CELL ; 1      ; LABCELL_X40_Y45_N24 ; u_sched|Add2~37|sumout                    ;
;   3.833 ;   0.000 ; RR ; IC   ; 1      ; FF_X40_Y45_N26      ; u_sched|dead_cnt[2][8]|d                  ;
;   3.902 ;   0.069 ; RR ; CELL ; 1      ; FF_X40_Y45_N26      ; zhao_cmd_scheduler:u_sched|dead_cnt[2][8] ;
+---------+---------+----+------+--------+---------------------+-------------------------------------------+

+---------------------------------------------------------------------------------------------------------+
; Data Required Path                                                                                      ;
+---------+----------+----+------+--------+-------------------+-------------------------------------------+
; Total   ; Incr     ; RF ; Type ; Fanout ; Location          ; Element                                   ;
+---------+----------+----+------+--------+-------------------+-------------------------------------------+
; 0.000   ; 0.000    ;    ;      ;        ;                   ; latch edge time                           ;
; 3.485   ; 3.485    ;    ;      ;        ;                   ; clock path                                ;
;   0.000 ;   0.000  ;    ;      ;        ;                   ; source latency                            ;
;   0.000 ;   0.000  ;    ;      ; 1      ; LABCELL_X1_Y36_N9 ; gpu_clk                                   ;
;   2.734 ;   2.734  ; RR ; IC   ; 1      ; CLKCTRL_G2        ; gpu_clk~CLKENA0|inclk                     ;
;   3.055 ;   0.321  ; RR ; CELL ; 9078   ; CLKCTRL_G2        ; gpu_clk~CLKENA0|outclk                    ;
;   5.524 ;   2.469  ; RR ; IC   ; 1      ; FF_X40_Y45_N26    ; u_sched|dead_cnt[2][8]|clk                ;
;   6.088 ;   0.564  ; RR ; CELL ; 1      ; FF_X40_Y45_N26    ; zhao_cmd_scheduler:u_sched|dead_cnt[2][8] ;
;   3.485 ;   -2.603 ;    ;      ;        ;                   ; clock pessimism removed                   ;
; 3.485   ; 0.000    ;    ;      ;        ;                   ; clock uncertainty                         ;
; 3.485   ; 0.000    ;    ; uTh  ; 1      ; FF_X40_Y45_N26    ; zhao_cmd_scheduler:u_sched|dead_cnt[2][8] ;
+---------+----------+----+------+--------+-------------------+-------------------------------------------+

----------------------------
; Extra Fitter Information ;
----------------------------
HTML report is unavailable in plain text report export.


Path #68: Hold slack is 0.417 
===============================================================================
+----------------------------------------------------------------+
; Path Summary                                                   ;
+--------------------+-------------------------------------------+
; Property           ; Value                                     ;
+--------------------+-------------------------------------------+
; From Node          ; zhao_cmd_scheduler:u_sched|dead_cnt[2][3] ;
; To Node            ; zhao_cmd_scheduler:u_sched|dead_cnt[2][3] ;
; Launch Clock       ; gpu_clk                                   ;
; Latch Clock        ; gpu_clk                                   ;
; Data Arrival Time  ; 3.908                                     ;
; Data Required Time ; 3.491                                     ;
; Slack              ; 0.417                                     ;
+--------------------+-------------------------------------------+

+-----------------------------------------------------------------------------------+
; Statistics                                                                        ;
+------------------------+-------+-------+-------------+------------+-------+-------+
; Property               ; Value ; Count ; Total Delay ; % of Total ; Min   ; Max   ;
+------------------------+-------+-------+-------------+------------+-------+-------+
; Hold Relationship      ; 0.000 ;       ;             ;            ;       ;       ;
; Clock Skew             ; 0.113 ;       ;             ;            ;       ;       ;
; Data Delay             ; 0.530 ;       ;             ;            ;       ;       ;
; Number of Logic Levels ;       ; 1     ;             ;            ;       ;       ;
; Physical Delays        ;       ;       ;             ;            ;       ;       ;
;  Arrival Path          ;       ;       ;             ;            ;       ;       ;
;   Clock                ;       ;       ;             ;            ;       ;       ;
;    IC                  ;       ; 2     ; 2.593       ; 77         ; 0.576 ; 2.017 ;
;    Cell                ;       ; 2     ; 0.785       ; 23         ; 0.295 ; 0.490 ;
;   Data                 ;       ;       ;             ;            ;       ;       ;
;    IC                  ;       ; 2     ; 0.230       ; 43         ; 0.000 ; 0.230 ;
;    Cell                ;       ; 3     ; 0.300       ; 57         ; 0.000 ; 0.231 ;
;    uTco                ;       ; 1     ; 0.000       ; 0          ; 0.000 ; 0.000 ;
;  Required Path         ;       ;       ;             ;            ;       ;       ;
;   Clock                ;       ;       ;             ;            ;       ;       ;
;    IC                  ;       ; 2     ; 5.203       ; 85         ; 2.469 ; 2.734 ;
;    Cell                ;       ; 2     ; 0.891       ; 15         ; 0.321 ; 0.570 ;
+------------------------+-------+-------+-------------+------------+-------+-------+
Note: Negative delays are omitted from totals when calculating percentages

+---------------------------------------------------------------------------------------------------------+
; Data Arrival Path                                                                                       ;
+---------+---------+----+------+--------+--------------------+-------------------------------------------+
; Total   ; Incr    ; RF ; Type ; Fanout ; Location           ; Element                                   ;
+---------+---------+----+------+--------+--------------------+-------------------------------------------+
; 0.000   ; 0.000   ;    ;      ;        ;                    ; launch edge time                          ;
; 3.378   ; 3.378   ;    ;      ;        ;                    ; clock path                                ;
;   0.000 ;   0.000 ;    ;      ;        ;                    ; source latency                            ;
;   0.000 ;   0.000 ;    ;      ; 1      ; LABCELL_X1_Y36_N9  ; gpu_clk                                   ;
;   0.576 ;   0.576 ; RR ; IC   ; 1      ; CLKCTRL_G2         ; gpu_clk~CLKENA0|inclk                     ;
;   0.871 ;   0.295 ; RR ; CELL ; 9078   ; CLKCTRL_G2         ; gpu_clk~CLKENA0|outclk                    ;
;   2.888 ;   2.017 ; RR ; IC   ; 1      ; FF_X40_Y45_N11     ; u_sched|dead_cnt[2][3]|clk                ;
;   3.378 ;   0.490 ; RR ; CELL ; 1      ; FF_X40_Y45_N11     ; zhao_cmd_scheduler:u_sched|dead_cnt[2][3] ;
; 3.908   ; 0.530   ;    ;      ;        ;                    ; data path                                 ;
;   3.378 ;   0.000 ;    ; uTco ; 1      ; FF_X40_Y45_N11     ; zhao_cmd_scheduler:u_sched|dead_cnt[2][3] ;
;   3.378 ;   0.000 ; FF ; CELL ; 2      ; FF_X40_Y45_N11     ; u_sched|dead_cnt[2][3]|q                  ;
;   3.608 ;   0.230 ; FF ; IC   ; 2      ; LABCELL_X40_Y45_N9 ; u_sched|Add2~5|datac                      ;
;   3.839 ;   0.231 ; FR ; CELL ; 1      ; LABCELL_X40_Y45_N9 ; u_sched|Add2~5|sumout                     ;
;   3.839 ;   0.000 ; RR ; IC   ; 1      ; FF_X40_Y45_N11     ; u_sched|dead_cnt[2][3]|d                  ;
;   3.908 ;   0.069 ; RR ; CELL ; 1      ; FF_X40_Y45_N11     ; zhao_cmd_scheduler:u_sched|dead_cnt[2][3] ;
+---------+---------+----+------+--------+--------------------+-------------------------------------------+

+---------------------------------------------------------------------------------------------------------+
; Data Required Path                                                                                      ;
+---------+----------+----+------+--------+-------------------+-------------------------------------------+
; Total   ; Incr     ; RF ; Type ; Fanout ; Location          ; Element                                   ;
+---------+----------+----+------+--------+-------------------+-------------------------------------------+
; 0.000   ; 0.000    ;    ;      ;        ;                   ; latch edge time                           ;
; 3.491   ; 3.491    ;    ;      ;        ;                   ; clock path                                ;
;   0.000 ;   0.000  ;    ;      ;        ;                   ; source latency                            ;
;   0.000 ;   0.000  ;    ;      ; 1      ; LABCELL_X1_Y36_N9 ; gpu_clk                                   ;
;   2.734 ;   2.734  ; RR ; IC   ; 1      ; CLKCTRL_G2        ; gpu_clk~CLKENA0|inclk                     ;
;   3.055 ;   0.321  ; RR ; CELL ; 9078   ; CLKCTRL_G2        ; gpu_clk~CLKENA0|outclk                    ;
;   5.524 ;   2.469  ; RR ; IC   ; 1      ; FF_X40_Y45_N11    ; u_sched|dead_cnt[2][3]|clk                ;
;   6.094 ;   0.570  ; RR ; CELL ; 1      ; FF_X40_Y45_N11    ; zhao_cmd_scheduler:u_sched|dead_cnt[2][3] ;
;   3.491 ;   -2.603 ;    ;      ;        ;                   ; clock pessimism removed                   ;
; 3.491   ; 0.000    ;    ;      ;        ;                   ; clock uncertainty                         ;
; 3.491   ; 0.000    ;    ; uTh  ; 1      ; FF_X40_Y45_N11    ; zhao_cmd_scheduler:u_sched|dead_cnt[2][3] ;
+---------+----------+----+------+--------+-------------------+-------------------------------------------+

----------------------------
; Extra Fitter Information ;
----------------------------
HTML report is unavailable in plain text report export.


Path #69: Hold slack is 0.417 
===============================================================================
+---------------------------------------------------------------+
; Path Summary                                                  ;
+--------------------+------------------------------------------+
; Property           ; Value                                    ;
+--------------------+------------------------------------------+
; From Node          ; zhao_cmd_scheduler:u_sched|sh_faults[30] ;
; To Node            ; zhao_cmd_scheduler:u_sched|sh_faults[30] ;
; Launch Clock       ; gpu_clk                                  ;
; Latch Clock        ; gpu_clk                                  ;
; Data Arrival Time  ; 3.800                                    ;
; Data Required Time ; 3.383                                    ;
; Slack              ; 0.417                                    ;
+--------------------+------------------------------------------+

+-----------------------------------------------------------------------------------+
; Statistics                                                                        ;
+------------------------+-------+-------+-------------+------------+-------+-------+
; Property               ; Value ; Count ; Total Delay ; % of Total ; Min   ; Max   ;
+------------------------+-------+-------+-------------+------------+-------+-------+
; Hold Relationship      ; 0.000 ;       ;             ;            ;       ;       ;
; Clock Skew             ; 0.110 ;       ;             ;            ;       ;       ;
; Data Delay             ; 0.527 ;       ;             ;            ;       ;       ;
; Number of Logic Levels ;       ; 1     ;             ;            ;       ;       ;
; Physical Delays        ;       ;       ;             ;            ;       ;       ;
;  Arrival Path          ;       ;       ;             ;            ;       ;       ;
;   Clock                ;       ;       ;             ;            ;       ;       ;
;    IC                  ;       ; 2     ; 2.494       ; 76         ; 0.576 ; 1.918 ;
;    Cell                ;       ; 2     ; 0.779       ; 24         ; 0.295 ; 0.484 ;
;   Data                 ;       ;       ;             ;            ;       ;       ;
;    IC                  ;       ; 2     ; 0.231       ; 44         ; 0.000 ; 0.231 ;
;    Cell                ;       ; 3     ; 0.296       ; 56         ; 0.000 ; 0.227 ;
;    uTco                ;       ; 1     ; 0.000       ; 0          ; 0.000 ; 0.000 ;
;  Required Path         ;       ;       ;             ;            ;       ;       ;
;   Clock                ;       ;       ;             ;            ;       ;       ;
;    IC                  ;       ; 2     ; 5.100       ; 85         ; 2.366 ; 2.734 ;
;    Cell                ;       ; 2     ; 0.885       ; 15         ; 0.321 ; 0.564 ;
+------------------------+-------+-------+-------------+------------+-------+-------+
Note: Negative delays are omitted from totals when calculating percentages

+--------------------------------------------------------------------------------------------------------+
; Data Arrival Path                                                                                      ;
+---------+---------+----+------+--------+--------------------+------------------------------------------+
; Total   ; Incr    ; RF ; Type ; Fanout ; Location           ; Element                                  ;
+---------+---------+----+------+--------+--------------------+------------------------------------------+
; 0.000   ; 0.000   ;    ;      ;        ;                    ; launch edge time                         ;
; 3.273   ; 3.273   ;    ;      ;        ;                    ; clock path                               ;
;   0.000 ;   0.000 ;    ;      ;        ;                    ; source latency                           ;
;   0.000 ;   0.000 ;    ;      ; 1      ; LABCELL_X1_Y36_N9  ; gpu_clk                                  ;
;   0.576 ;   0.576 ; RR ; IC   ; 1      ; CLKCTRL_G2         ; gpu_clk~CLKENA0|inclk                    ;
;   0.871 ;   0.295 ; RR ; CELL ; 9078   ; CLKCTRL_G2         ; gpu_clk~CLKENA0|outclk                   ;
;   2.789 ;   1.918 ; RR ; IC   ; 1      ; FF_X45_Y28_N2      ; u_sched|sh_faults[30]|clk                ;
;   3.273 ;   0.484 ; RR ; CELL ; 1      ; FF_X45_Y28_N2      ; zhao_cmd_scheduler:u_sched|sh_faults[30] ;
; 3.800   ; 0.527   ;    ;      ;        ;                    ; data path                                ;
;   3.273 ;   0.000 ;    ; uTco ; 1      ; FF_X45_Y28_N2      ; zhao_cmd_scheduler:u_sched|sh_faults[30] ;
;   3.273 ;   0.000 ; FF ; CELL ; 2      ; FF_X45_Y28_N2      ; u_sched|sh_faults[30]|q                  ;
;   3.504 ;   0.231 ; FF ; IC   ; 2      ; LABCELL_X45_Y28_N0 ; u_sched|Add4~121|datac                   ;
;   3.731 ;   0.227 ; FR ; CELL ; 1      ; LABCELL_X45_Y28_N0 ; u_sched|Add4~121|sumout                  ;
;   3.731 ;   0.000 ; RR ; IC   ; 1      ; FF_X45_Y28_N2      ; u_sched|sh_faults[30]|d                  ;
;   3.800 ;   0.069 ; RR ; CELL ; 1      ; FF_X45_Y28_N2      ; zhao_cmd_scheduler:u_sched|sh_faults[30] ;
+---------+---------+----+------+--------+--------------------+------------------------------------------+

+--------------------------------------------------------------------------------------------------------+
; Data Required Path                                                                                     ;
+---------+----------+----+------+--------+-------------------+------------------------------------------+
; Total   ; Incr     ; RF ; Type ; Fanout ; Location          ; Element                                  ;
+---------+----------+----+------+--------+-------------------+------------------------------------------+
; 0.000   ; 0.000    ;    ;      ;        ;                   ; latch edge time                          ;
; 3.383   ; 3.383    ;    ;      ;        ;                   ; clock path                               ;
;   0.000 ;   0.000  ;    ;      ;        ;                   ; source latency                           ;
;   0.000 ;   0.000  ;    ;      ; 1      ; LABCELL_X1_Y36_N9 ; gpu_clk                                  ;
;   2.734 ;   2.734  ; RR ; IC   ; 1      ; CLKCTRL_G2        ; gpu_clk~CLKENA0|inclk                    ;
;   3.055 ;   0.321  ; RR ; CELL ; 9078   ; CLKCTRL_G2        ; gpu_clk~CLKENA0|outclk                   ;
;   5.421 ;   2.366  ; RR ; IC   ; 1      ; FF_X45_Y28_N2     ; u_sched|sh_faults[30]|clk                ;
;   5.985 ;   0.564  ; RR ; CELL ; 1      ; FF_X45_Y28_N2     ; zhao_cmd_scheduler:u_sched|sh_faults[30] ;
;   3.383 ;   -2.602 ;    ;      ;        ;                   ; clock pessimism removed                  ;
; 3.383   ; 0.000    ;    ;      ;        ;                   ; clock uncertainty                        ;
; 3.383   ; 0.000    ;    ; uTh  ; 1      ; FF_X45_Y28_N2     ; zhao_cmd_scheduler:u_sched|sh_faults[30] ;
+---------+----------+----+------+--------+-------------------+------------------------------------------+

----------------------------
; Extra Fitter Information ;
----------------------------
HTML report is unavailable in plain text report export.


Path #70: Hold slack is 0.417 
===============================================================================
+---------------------------------------------------------------+
; Path Summary                                                  ;
+--------------------+------------------------------------------+
; Property           ; Value                                    ;
+--------------------+------------------------------------------+
; From Node          ; zhao_cmd_scheduler:u_sched|sh_cycles[31] ;
; To Node            ; zhao_cmd_scheduler:u_sched|sh_cycles[31] ;
; Launch Clock       ; gpu_clk                                  ;
; Latch Clock        ; gpu_clk                                  ;
; Data Arrival Time  ; 3.800                                    ;
; Data Required Time ; 3.383                                    ;
; Slack              ; 0.417                                    ;
+--------------------+------------------------------------------+

+-----------------------------------------------------------------------------------+
; Statistics                                                                        ;
+------------------------+-------+-------+-------------+------------+-------+-------+
; Property               ; Value ; Count ; Total Delay ; % of Total ; Min   ; Max   ;
+------------------------+-------+-------+-------------+------------+-------+-------+
; Hold Relationship      ; 0.000 ;       ;             ;            ;       ;       ;
; Clock Skew             ; 0.110 ;       ;             ;            ;       ;       ;
; Data Delay             ; 0.527 ;       ;             ;            ;       ;       ;
; Number of Logic Levels ;       ; 1     ;             ;            ;       ;       ;
; Physical Delays        ;       ;       ;             ;            ;       ;       ;
;  Arrival Path          ;       ;       ;             ;            ;       ;       ;
;   Clock                ;       ;       ;             ;            ;       ;       ;
;    IC                  ;       ; 2     ; 2.494       ; 76         ; 0.576 ; 1.918 ;
;    Cell                ;       ; 2     ; 0.779       ; 24         ; 0.295 ; 0.484 ;
;   Data                 ;       ;       ;             ;            ;       ;       ;
;    IC                  ;       ; 2     ; 0.231       ; 44         ; 0.000 ; 0.231 ;
;    Cell                ;       ; 3     ; 0.296       ; 56         ; 0.000 ; 0.227 ;
;    uTco                ;       ; 1     ; 0.000       ; 0          ; 0.000 ; 0.000 ;
;  Required Path         ;       ;       ;             ;            ;       ;       ;
;   Clock                ;       ;       ;             ;            ;       ;       ;
;    IC                  ;       ; 2     ; 5.100       ; 85         ; 2.366 ; 2.734 ;
;    Cell                ;       ; 2     ; 0.885       ; 15         ; 0.321 ; 0.564 ;
+------------------------+-------+-------+-------------+------------+-------+-------+
Note: Negative delays are omitted from totals when calculating percentages

+--------------------------------------------------------------------------------------------------------+
; Data Arrival Path                                                                                      ;
+---------+---------+----+------+--------+--------------------+------------------------------------------+
; Total   ; Incr    ; RF ; Type ; Fanout ; Location           ; Element                                  ;
+---------+---------+----+------+--------+--------------------+------------------------------------------+
; 0.000   ; 0.000   ;    ;      ;        ;                    ; launch edge time                         ;
; 3.273   ; 3.273   ;    ;      ;        ;                    ; clock path                               ;
;   0.000 ;   0.000 ;    ;      ;        ;                    ; source latency                           ;
;   0.000 ;   0.000 ;    ;      ; 1      ; LABCELL_X1_Y36_N9  ; gpu_clk                                  ;
;   0.576 ;   0.576 ; RR ; IC   ; 1      ; CLKCTRL_G2         ; gpu_clk~CLKENA0|inclk                    ;
;   0.871 ;   0.295 ; RR ; CELL ; 9078   ; CLKCTRL_G2         ; gpu_clk~CLKENA0|outclk                   ;
;   2.789 ;   1.918 ; RR ; IC   ; 1      ; FF_X46_Y28_N2      ; u_sched|sh_cycles[31]|clk                ;
;   3.273 ;   0.484 ; RR ; CELL ; 1      ; FF_X46_Y28_N2      ; zhao_cmd_scheduler:u_sched|sh_cycles[31] ;
; 3.800   ; 0.527   ;    ;      ;        ;                    ; data path                                ;
;   3.273 ;   0.000 ;    ; uTco ; 1      ; FF_X46_Y28_N2      ; zhao_cmd_scheduler:u_sched|sh_cycles[31] ;
;   3.273 ;   0.000 ; FF ; CELL ; 2      ; FF_X46_Y28_N2      ; u_sched|sh_cycles[31]|q                  ;
;   3.504 ;   0.231 ; FF ; IC   ; 2      ; LABCELL_X46_Y28_N0 ; u_sched|Add3~121|datac                   ;
;   3.731 ;   0.227 ; FR ; CELL ; 1      ; LABCELL_X46_Y28_N0 ; u_sched|Add3~121|sumout                  ;
;   3.731 ;   0.000 ; RR ; IC   ; 1      ; FF_X46_Y28_N2      ; u_sched|sh_cycles[31]|d                  ;
;   3.800 ;   0.069 ; RR ; CELL ; 1      ; FF_X46_Y28_N2      ; zhao_cmd_scheduler:u_sched|sh_cycles[31] ;
+---------+---------+----+------+--------+--------------------+------------------------------------------+

+--------------------------------------------------------------------------------------------------------+
; Data Required Path                                                                                     ;
+---------+----------+----+------+--------+-------------------+------------------------------------------+
; Total   ; Incr     ; RF ; Type ; Fanout ; Location          ; Element                                  ;
+---------+----------+----+------+--------+-------------------+------------------------------------------+
; 0.000   ; 0.000    ;    ;      ;        ;                   ; latch edge time                          ;
; 3.383   ; 3.383    ;    ;      ;        ;                   ; clock path                               ;
;   0.000 ;   0.000  ;    ;      ;        ;                   ; source latency                           ;
;   0.000 ;   0.000  ;    ;      ; 1      ; LABCELL_X1_Y36_N9 ; gpu_clk                                  ;
;   2.734 ;   2.734  ; RR ; IC   ; 1      ; CLKCTRL_G2        ; gpu_clk~CLKENA0|inclk                    ;
;   3.055 ;   0.321  ; RR ; CELL ; 9078   ; CLKCTRL_G2        ; gpu_clk~CLKENA0|outclk                   ;
;   5.421 ;   2.366  ; RR ; IC   ; 1      ; FF_X46_Y28_N2     ; u_sched|sh_cycles[31]|clk                ;
;   5.985 ;   0.564  ; RR ; CELL ; 1      ; FF_X46_Y28_N2     ; zhao_cmd_scheduler:u_sched|sh_cycles[31] ;
;   3.383 ;   -2.602 ;    ;      ;        ;                   ; clock pessimism removed                  ;
; 3.383   ; 0.000    ;    ;      ;        ;                   ; clock uncertainty                        ;
; 3.383   ; 0.000    ;    ; uTh  ; 1      ; FF_X46_Y28_N2     ; zhao_cmd_scheduler:u_sched|sh_cycles[31] ;
+---------+----------+----+------+--------+-------------------+------------------------------------------+

----------------------------
; Extra Fitter Information ;
----------------------------
HTML report is unavailable in plain text report export.


Path #71: Hold slack is 0.417 
===============================================================================
+---------------------------------------------------------------+
; Path Summary                                                  ;
+--------------------+------------------------------------------+
; Property           ; Value                                    ;
+--------------------+------------------------------------------+
; From Node          ; zhao_cmd_scheduler:u_sched|sh_faults[49] ;
; To Node            ; zhao_cmd_scheduler:u_sched|sh_faults[49] ;
; Launch Clock       ; gpu_clk                                  ;
; Latch Clock        ; gpu_clk                                  ;
; Data Arrival Time  ; 3.806                                    ;
; Data Required Time ; 3.389                                    ;
; Slack              ; 0.417                                    ;
+--------------------+------------------------------------------+

+-----------------------------------------------------------------------------------+
; Statistics                                                                        ;
+------------------------+-------+-------+-------------+------------+-------+-------+
; Property               ; Value ; Count ; Total Delay ; % of Total ; Min   ; Max   ;
+------------------------+-------+-------+-------------+------------+-------+-------+
; Hold Relationship      ; 0.000 ;       ;             ;            ;       ;       ;
; Clock Skew             ; 0.110 ;       ;             ;            ;       ;       ;
; Data Delay             ; 0.527 ;       ;             ;            ;       ;       ;
; Number of Logic Levels ;       ; 1     ;             ;            ;       ;       ;
; Physical Delays        ;       ;       ;             ;            ;       ;       ;
;  Arrival Path          ;       ;       ;             ;            ;       ;       ;
;   Clock                ;       ;       ;             ;            ;       ;       ;
;    IC                  ;       ; 2     ; 2.494       ; 76         ; 0.576 ; 1.918 ;
;    Cell                ;       ; 2     ; 0.785       ; 24         ; 0.295 ; 0.490 ;
;   Data                 ;       ;       ;             ;            ;       ;       ;
;    IC                  ;       ; 2     ; 0.227       ; 43         ; 0.000 ; 0.227 ;
;    Cell                ;       ; 3     ; 0.300       ; 57         ; 0.000 ; 0.231 ;
;    uTco                ;       ; 1     ; 0.000       ; 0          ; 0.000 ; 0.000 ;
;  Required Path         ;       ;       ;             ;            ;       ;       ;
;   Clock                ;       ;       ;             ;            ;       ;       ;
;    IC                  ;       ; 2     ; 5.100       ; 85         ; 2.366 ; 2.734 ;
;    Cell                ;       ; 2     ; 0.891       ; 15         ; 0.321 ; 0.570 ;
+------------------------+-------+-------+-------------+------------+-------+-------+
Note: Negative delays are omitted from totals when calculating percentages

+---------------------------------------------------------------------------------------------------------+
; Data Arrival Path                                                                                       ;
+---------+---------+----+------+--------+---------------------+------------------------------------------+
; Total   ; Incr    ; RF ; Type ; Fanout ; Location            ; Element                                  ;
+---------+---------+----+------+--------+---------------------+------------------------------------------+
; 0.000   ; 0.000   ;    ;      ;        ;                     ; launch edge time                         ;
; 3.279   ; 3.279   ;    ;      ;        ;                     ; clock path                               ;
;   0.000 ;   0.000 ;    ;      ;        ;                     ; source latency                           ;
;   0.000 ;   0.000 ;    ;      ; 1      ; LABCELL_X1_Y36_N9   ; gpu_clk                                  ;
;   0.576 ;   0.576 ; RR ; IC   ; 1      ; CLKCTRL_G2          ; gpu_clk~CLKENA0|inclk                    ;
;   0.871 ;   0.295 ; RR ; CELL ; 9078   ; CLKCTRL_G2          ; gpu_clk~CLKENA0|outclk                   ;
;   2.789 ;   1.918 ; RR ; IC   ; 1      ; FF_X45_Y28_N59      ; u_sched|sh_faults[49]|clk                ;
;   3.279 ;   0.490 ; RR ; CELL ; 1      ; FF_X45_Y28_N59      ; zhao_cmd_scheduler:u_sched|sh_faults[49] ;
; 3.806   ; 0.527   ;    ;      ;        ;                     ; data path                                ;
;   3.279 ;   0.000 ;    ; uTco ; 1      ; FF_X45_Y28_N59      ; zhao_cmd_scheduler:u_sched|sh_faults[49] ;
;   3.279 ;   0.000 ; FF ; CELL ; 2      ; FF_X45_Y28_N59      ; u_sched|sh_faults[49]|q                  ;
;   3.506 ;   0.227 ; FF ; IC   ; 2      ; LABCELL_X45_Y28_N57 ; u_sched|Add4~197|datac                   ;
;   3.737 ;   0.231 ; FR ; CELL ; 1      ; LABCELL_X45_Y28_N57 ; u_sched|Add4~197|sumout                  ;
;   3.737 ;   0.000 ; RR ; IC   ; 1      ; FF_X45_Y28_N59      ; u_sched|sh_faults[49]|d                  ;
;   3.806 ;   0.069 ; RR ; CELL ; 1      ; FF_X45_Y28_N59      ; zhao_cmd_scheduler:u_sched|sh_faults[49] ;
+---------+---------+----+------+--------+---------------------+------------------------------------------+

+--------------------------------------------------------------------------------------------------------+
; Data Required Path                                                                                     ;
+---------+----------+----+------+--------+-------------------+------------------------------------------+
; Total   ; Incr     ; RF ; Type ; Fanout ; Location          ; Element                                  ;
+---------+----------+----+------+--------+-------------------+------------------------------------------+
; 0.000   ; 0.000    ;    ;      ;        ;                   ; latch edge time                          ;
; 3.389   ; 3.389    ;    ;      ;        ;                   ; clock path                               ;
;   0.000 ;   0.000  ;    ;      ;        ;                   ; source latency                           ;
;   0.000 ;   0.000  ;    ;      ; 1      ; LABCELL_X1_Y36_N9 ; gpu_clk                                  ;
;   2.734 ;   2.734  ; RR ; IC   ; 1      ; CLKCTRL_G2        ; gpu_clk~CLKENA0|inclk                    ;
;   3.055 ;   0.321  ; RR ; CELL ; 9078   ; CLKCTRL_G2        ; gpu_clk~CLKENA0|outclk                   ;
;   5.421 ;   2.366  ; RR ; IC   ; 1      ; FF_X45_Y28_N59    ; u_sched|sh_faults[49]|clk                ;
;   5.991 ;   0.570  ; RR ; CELL ; 1      ; FF_X45_Y28_N59    ; zhao_cmd_scheduler:u_sched|sh_faults[49] ;
;   3.389 ;   -2.602 ;    ;      ;        ;                   ; clock pessimism removed                  ;
; 3.389   ; 0.000    ;    ;      ;        ;                   ; clock uncertainty                        ;
; 3.389   ; 0.000    ;    ; uTh  ; 1      ; FF_X45_Y28_N59    ; zhao_cmd_scheduler:u_sched|sh_faults[49] ;
+---------+----------+----+------+--------+-------------------+------------------------------------------+

----------------------------
; Extra Fitter Information ;
----------------------------
HTML report is unavailable in plain text report export.


Path #72: Hold slack is 0.417 
===============================================================================
+----------------------------------------------------------------------------------+
; Path Summary                                                                     ;
+--------------------+-------------------------------------------------------------+
; Property           ; Value                                                       ;
+--------------------+-------------------------------------------------------------+
; From Node          ; zhao_video_framectl:u_framectl|frame_cycles_q[59]~DUPLICATE ;
; To Node            ; zhao_video_framectl:u_framectl|frame_cycles_q[59]           ;
; Launch Clock       ; vid_clk                                                     ;
; Latch Clock        ; vid_clk                                                     ;
; Data Arrival Time  ; 3.929                                                       ;
; Data Required Time ; 3.512                                                       ;
; Slack              ; 0.417                                                       ;
+--------------------+-------------------------------------------------------------+

+-----------------------------------------------------------------------------------+
; Statistics                                                                        ;
+------------------------+-------+-------+-------------+------------+-------+-------+
; Property               ; Value ; Count ; Total Delay ; % of Total ; Min   ; Max   ;
+------------------------+-------+-------+-------------+------------+-------+-------+
; Hold Relationship      ; 0.000 ;       ;             ;            ;       ;       ;
; Clock Skew             ; 0.130 ;       ;             ;            ;       ;       ;
; Data Delay             ; 0.547 ;       ;             ;            ;       ;       ;
; Number of Logic Levels ;       ; 1     ;             ;            ;       ;       ;
; Physical Delays        ;       ;       ;             ;            ;       ;       ;
;  Arrival Path          ;       ;       ;             ;            ;       ;       ;
;   Clock                ;       ;       ;             ;            ;       ;       ;
;    IC                  ;       ; 2     ; 2.610       ; 77         ; 0.581 ; 2.029 ;
;    Cell                ;       ; 2     ; 0.772       ; 23         ; 0.295 ; 0.477 ;
;   Data                 ;       ;       ;             ;            ;       ;       ;
;    IC                  ;       ; 2     ; 0.250       ; 46         ; 0.000 ; 0.250 ;
;    Cell                ;       ; 3     ; 0.297       ; 54         ; 0.000 ; 0.226 ;
;    uTco                ;       ; 1     ; 0.000       ; 0          ; 0.000 ; 0.000 ;
;  Required Path         ;       ;       ;             ;            ;       ;       ;
;   Clock                ;       ;       ;             ;            ;       ;       ;
;    IC                  ;       ; 2     ; 5.222       ; 85         ; 2.482 ; 2.740 ;
;    Cell                ;       ; 2     ; 0.894       ; 15         ; 0.321 ; 0.573 ;
+------------------------+-------+-------+-------------+------------+-------+-------+
Note: Negative delays are omitted from totals when calculating percentages

+-----------------------------------------------------------------------------------------------------------------------------+
; Data Arrival Path                                                                                                           ;
+---------+---------+----+------+--------+----------------------+-------------------------------------------------------------+
; Total   ; Incr    ; RF ; Type ; Fanout ; Location             ; Element                                                     ;
+---------+---------+----+------+--------+----------------------+-------------------------------------------------------------+
; 0.000   ; 0.000   ;    ;      ;        ;                      ; launch edge time                                            ;
; 3.382   ; 3.382   ;    ;      ;        ;                      ; clock path                                                  ;
;   0.000 ;   0.000 ;    ;      ;        ;                      ; source latency                                              ;
;   0.000 ;   0.000 ;    ;      ; 1      ; LABCELL_X1_Y36_N3    ; vid_clk                                                     ;
;   0.581 ;   0.581 ; RR ; IC   ; 1      ; CLKCTRL_G3           ; vid_clk~CLKENA0|inclk                                       ;
;   0.876 ;   0.295 ; RR ; CELL ; 746    ; CLKCTRL_G3           ; vid_clk~CLKENA0|outclk                                      ;
;   2.905 ;   2.029 ; RR ; IC   ; 1      ; FF_X47_Y40_N26       ; u_framectl|frame_cycles_q[59]~DUPLICATE|clk                 ;
;   3.382 ;   0.477 ; RR ; CELL ; 1      ; FF_X47_Y40_N26       ; zhao_video_framectl:u_framectl|frame_cycles_q[59]~DUPLICATE ;
; 3.929   ; 0.547   ;    ;      ;        ;                      ; data path                                                   ;
;   3.382 ;   0.000 ;    ; uTco ; 1      ; FF_X47_Y40_N26       ; zhao_video_framectl:u_framectl|frame_cycles_q[59]~DUPLICATE ;
;   3.382 ;   0.000 ; FF ; CELL ; 2      ; FF_X47_Y40_N26       ; u_framectl|frame_cycles_q[59]~DUPLICATE|q                   ;
;   3.632 ;   0.250 ; FF ; IC   ; 2      ; MLABCELL_X47_Y40_N24 ; u_framectl|Add2~233|datac                                   ;
;   3.858 ;   0.226 ; FR ; CELL ; 2      ; MLABCELL_X47_Y40_N24 ; u_framectl|Add2~233|sumout                                  ;
;   3.858 ;   0.000 ; RR ; IC   ; 1      ; FF_X47_Y40_N25       ; u_framectl|frame_cycles_q[59]|d                             ;
;   3.929 ;   0.071 ; RR ; CELL ; 1      ; FF_X47_Y40_N25       ; zhao_video_framectl:u_framectl|frame_cycles_q[59]           ;
+---------+---------+----+------+--------+----------------------+-------------------------------------------------------------+

+-----------------------------------------------------------------------------------------------------------------+
; Data Required Path                                                                                              ;
+---------+----------+----+------+--------+-------------------+---------------------------------------------------+
; Total   ; Incr     ; RF ; Type ; Fanout ; Location          ; Element                                           ;
+---------+----------+----+------+--------+-------------------+---------------------------------------------------+
; 0.000   ; 0.000    ;    ;      ;        ;                   ; latch edge time                                   ;
; 3.512   ; 3.512    ;    ;      ;        ;                   ; clock path                                        ;
;   0.000 ;   0.000  ;    ;      ;        ;                   ; source latency                                    ;
;   0.000 ;   0.000  ;    ;      ; 1      ; LABCELL_X1_Y36_N3 ; vid_clk                                           ;
;   2.740 ;   2.740  ; RR ; IC   ; 1      ; CLKCTRL_G3        ; vid_clk~CLKENA0|inclk                             ;
;   3.061 ;   0.321  ; RR ; CELL ; 746    ; CLKCTRL_G3        ; vid_clk~CLKENA0|outclk                            ;
;   5.543 ;   2.482  ; RR ; IC   ; 1      ; FF_X47_Y40_N25    ; u_framectl|frame_cycles_q[59]|clk                 ;
;   6.116 ;   0.573  ; RR ; CELL ; 1      ; FF_X47_Y40_N25    ; zhao_video_framectl:u_framectl|frame_cycles_q[59] ;
;   3.512 ;   -2.604 ;    ;      ;        ;                   ; clock pessimism removed                           ;
; 3.512   ; 0.000    ;    ;      ;        ;                   ; clock uncertainty                                 ;
; 3.512   ; 0.000    ;    ; uTh  ; 1      ; FF_X47_Y40_N25    ; zhao_video_framectl:u_framectl|frame_cycles_q[59] ;
+---------+----------+----+------+--------+-------------------+---------------------------------------------------+

----------------------------
; Extra Fitter Information ;
----------------------------
HTML report is unavailable in plain text report export.


Path #73: Hold slack is 0.418 
===============================================================================
+-----------------------------------------------------+
; Path Summary                                        ;
+--------------------+--------------------------------+
; Property           ; Value                          ;
+--------------------+--------------------------------+
; From Node          ; zhao_cmd_dma:u_dma|fetched[13] ;
; To Node            ; zhao_cmd_dma:u_dma|fetched[13] ;
; Launch Clock       ; gpu_clk                        ;
; Latch Clock        ; gpu_clk                        ;
; Data Arrival Time  ; 3.905                          ;
; Data Required Time ; 3.487                          ;
; Slack              ; 0.418                          ;
+--------------------+--------------------------------+

+-----------------------------------------------------------------------------------+
; Statistics                                                                        ;
+------------------------+-------+-------+-------------+------------+-------+-------+
; Property               ; Value ; Count ; Total Delay ; % of Total ; Min   ; Max   ;
+------------------------+-------+-------+-------------+------------+-------+-------+
; Hold Relationship      ; 0.000 ;       ;             ;            ;       ;       ;
; Clock Skew             ; 0.113 ;       ;             ;            ;       ;       ;
; Data Delay             ; 0.531 ;       ;             ;            ;       ;       ;
; Number of Logic Levels ;       ; 1     ;             ;            ;       ;       ;
; Physical Delays        ;       ;       ;             ;            ;       ;       ;
;  Arrival Path          ;       ;       ;             ;            ;       ;       ;
;   Clock                ;       ;       ;             ;            ;       ;       ;
;    IC                  ;       ; 2     ; 2.595       ; 77         ; 0.576 ; 2.019 ;
;    Cell                ;       ; 2     ; 0.779       ; 23         ; 0.295 ; 0.484 ;
;   Data                 ;       ;       ;             ;            ;       ;       ;
;    IC                  ;       ; 2     ; 0.231       ; 44         ; 0.000 ; 0.231 ;
;    Cell                ;       ; 3     ; 0.300       ; 56         ; 0.000 ; 0.230 ;
;    uTco                ;       ; 1     ; 0.000       ; 0          ; 0.000 ; 0.000 ;
;  Required Path         ;       ;       ;             ;            ;       ;       ;
;   Clock                ;       ;       ;             ;            ;       ;       ;
;    IC                  ;       ; 2     ; 5.204       ; 85         ; 2.470 ; 2.734 ;
;    Cell                ;       ; 2     ; 0.885       ; 15         ; 0.321 ; 0.564 ;
+------------------------+-------+-------+-------------+------------+-------+-------+
Note: Negative delays are omitted from totals when calculating percentages

+----------------------------------------------------------------------------------------------+
; Data Arrival Path                                                                            ;
+---------+---------+----+------+--------+--------------------+--------------------------------+
; Total   ; Incr    ; RF ; Type ; Fanout ; Location           ; Element                        ;
+---------+---------+----+------+--------+--------------------+--------------------------------+
; 0.000   ; 0.000   ;    ;      ;        ;                    ; launch edge time               ;
; 3.374   ; 3.374   ;    ;      ;        ;                    ; clock path                     ;
;   0.000 ;   0.000 ;    ;      ;        ;                    ; source latency                 ;
;   0.000 ;   0.000 ;    ;      ; 1      ; LABCELL_X1_Y36_N9  ; gpu_clk                        ;
;   0.576 ;   0.576 ; RR ; IC   ; 1      ; CLKCTRL_G2         ; gpu_clk~CLKENA0|inclk          ;
;   0.871 ;   0.295 ; RR ; CELL ; 9078   ; CLKCTRL_G2         ; gpu_clk~CLKENA0|outclk         ;
;   2.890 ;   2.019 ; RR ; IC   ; 1      ; FF_X45_Y38_N2      ; u_dma|fetched[13]|clk          ;
;   3.374 ;   0.484 ; RR ; CELL ; 1      ; FF_X45_Y38_N2      ; zhao_cmd_dma:u_dma|fetched[13] ;
; 3.905   ; 0.531   ;    ;      ;        ;                    ; data path                      ;
;   3.374 ;   0.000 ;    ; uTco ; 1      ; FF_X45_Y38_N2      ; zhao_cmd_dma:u_dma|fetched[13] ;
;   3.374 ;   0.000 ; FF ; CELL ; 8      ; FF_X45_Y38_N2      ; u_dma|fetched[13]|q            ;
;   3.605 ;   0.231 ; FF ; IC   ; 2      ; LABCELL_X45_Y38_N0 ; u_dma|Add25~17|datac           ;
;   3.835 ;   0.230 ; FR ; CELL ; 3      ; LABCELL_X45_Y38_N0 ; u_dma|Add25~17|sumout          ;
;   3.835 ;   0.000 ; RR ; IC   ; 1      ; FF_X45_Y38_N2      ; u_dma|fetched[13]|d            ;
;   3.905 ;   0.070 ; RR ; CELL ; 1      ; FF_X45_Y38_N2      ; zhao_cmd_dma:u_dma|fetched[13] ;
+---------+---------+----+------+--------+--------------------+--------------------------------+

+----------------------------------------------------------------------------------------------+
; Data Required Path                                                                           ;
+---------+----------+----+------+--------+-------------------+--------------------------------+
; Total   ; Incr     ; RF ; Type ; Fanout ; Location          ; Element                        ;
+---------+----------+----+------+--------+-------------------+--------------------------------+
; 0.000   ; 0.000    ;    ;      ;        ;                   ; latch edge time                ;
; 3.487   ; 3.487    ;    ;      ;        ;                   ; clock path                     ;
;   0.000 ;   0.000  ;    ;      ;        ;                   ; source latency                 ;
;   0.000 ;   0.000  ;    ;      ; 1      ; LABCELL_X1_Y36_N9 ; gpu_clk                        ;
;   2.734 ;   2.734  ; RR ; IC   ; 1      ; CLKCTRL_G2        ; gpu_clk~CLKENA0|inclk          ;
;   3.055 ;   0.321  ; RR ; CELL ; 9078   ; CLKCTRL_G2        ; gpu_clk~CLKENA0|outclk         ;
;   5.525 ;   2.470  ; RR ; IC   ; 1      ; FF_X45_Y38_N2     ; u_dma|fetched[13]|clk          ;
;   6.089 ;   0.564  ; RR ; CELL ; 1      ; FF_X45_Y38_N2     ; zhao_cmd_dma:u_dma|fetched[13] ;
;   3.487 ;   -2.602 ;    ;      ;        ;                   ; clock pessimism removed        ;
; 3.487   ; 0.000    ;    ;      ;        ;                   ; clock uncertainty              ;
; 3.487   ; 0.000    ;    ; uTh  ; 1      ; FF_X45_Y38_N2     ; zhao_cmd_dma:u_dma|fetched[13] ;
+---------+----------+----+------+--------+-------------------+--------------------------------+

----------------------------
; Extra Fitter Information ;
----------------------------
HTML report is unavailable in plain text report export.


Path #74: Hold slack is 0.418 
===============================================================================
+--------------------------------+
; Path Summary                   ;
+--------------------+-----------+
; Property           ; Value     ;
+--------------------+-----------+
; From Node          ; f_rpos[0] ;
; To Node            ; f_rpos[0] ;
; Launch Clock       ; gpu_clk   ;
; Latch Clock        ; gpu_clk   ;
; Data Arrival Time  ; 3.903     ;
; Data Required Time ; 3.485     ;
; Slack              ; 0.418     ;
+--------------------+-----------+

+-----------------------------------------------------------------------------------+
; Statistics                                                                        ;
+------------------------+-------+-------+-------------+------------+-------+-------+
; Property               ; Value ; Count ; Total Delay ; % of Total ; Min   ; Max   ;
+------------------------+-------+-------+-------------+------------+-------+-------+
; Hold Relationship      ; 0.000 ;       ;             ;            ;       ;       ;
; Clock Skew             ; 0.113 ;       ;             ;            ;       ;       ;
; Data Delay             ; 0.531 ;       ;             ;            ;       ;       ;
; Number of Logic Levels ;       ; 1     ;             ;            ;       ;       ;
; Physical Delays        ;       ;       ;             ;            ;       ;       ;
;  Arrival Path          ;       ;       ;             ;            ;       ;       ;
;   Clock                ;       ;       ;             ;            ;       ;       ;
;    IC                  ;       ; 2     ; 2.585       ; 77         ; 0.576 ; 2.009 ;
;    Cell                ;       ; 2     ; 0.787       ; 23         ; 0.295 ; 0.492 ;
;   Data                 ;       ;       ;             ;            ;       ;       ;
;    IC                  ;       ; 2     ; 0.231       ; 44         ; 0.000 ; 0.231 ;
;    Cell                ;       ; 3     ; 0.300       ; 56         ; 0.000 ; 0.230 ;
;    uTco                ;       ; 1     ; 0.000       ; 0          ; 0.000 ; 0.000 ;
;  Required Path         ;       ;       ;             ;            ;       ;       ;
;   Clock                ;       ;       ;             ;            ;       ;       ;
;    IC                  ;       ; 2     ; 5.194       ; 85         ; 2.460 ; 2.734 ;
;    Cell                ;       ; 2     ; 0.894       ; 15         ; 0.321 ; 0.573 ;
+------------------------+-------+-------+-------------+------------+-------+-------+
Note: Negative delays are omitted from totals when calculating percentages

+--------------------------------------------------------------------------------------+
; Data Arrival Path                                                                    ;
+---------+---------+----+------+--------+--------------------+------------------------+
; Total   ; Incr    ; RF ; Type ; Fanout ; Location           ; Element                ;
+---------+---------+----+------+--------+--------------------+------------------------+
; 0.000   ; 0.000   ;    ;      ;        ;                    ; launch edge time       ;
; 3.372   ; 3.372   ;    ;      ;        ;                    ; clock path             ;
;   0.000 ;   0.000 ;    ;      ;        ;                    ; source latency         ;
;   0.000 ;   0.000 ;    ;      ; 1      ; LABCELL_X1_Y36_N9  ; gpu_clk                ;
;   0.576 ;   0.576 ; RR ; IC   ; 1      ; CLKCTRL_G2         ; gpu_clk~CLKENA0|inclk  ;
;   0.871 ;   0.295 ; RR ; CELL ; 9078   ; CLKCTRL_G2         ; gpu_clk~CLKENA0|outclk ;
;   2.880 ;   2.009 ; RR ; IC   ; 1      ; FF_X37_Y47_N2      ; f_rpos[0]|clk          ;
;   3.372 ;   0.492 ; RR ; CELL ; 1      ; FF_X37_Y47_N2      ; f_rpos[0]              ;
; 3.903   ; 0.531   ;    ;      ;        ;                    ; data path              ;
;   3.372 ;   0.000 ;    ; uTco ; 1      ; FF_X37_Y47_N2      ; f_rpos[0]              ;
;   3.372 ;   0.000 ; FF ; CELL ; 9      ; FF_X37_Y47_N2      ; f_rpos[0]|q            ;
;   3.603 ;   0.231 ; FF ; IC   ; 2      ; LABCELL_X37_Y47_N0 ; Add15~41|datac         ;
;   3.833 ;   0.230 ; FR ; CELL ; 2      ; LABCELL_X37_Y47_N0 ; Add15~41|sumout        ;
;   3.833 ;   0.000 ; RR ; IC   ; 1      ; FF_X37_Y47_N2      ; f_rpos[0]|d            ;
;   3.903 ;   0.070 ; RR ; CELL ; 1      ; FF_X37_Y47_N2      ; f_rpos[0]              ;
+---------+---------+----+------+--------+--------------------+------------------------+

+---------------------------------------------------------------------------------------+
; Data Required Path                                                                    ;
+---------+----------+----+------+--------+-------------------+-------------------------+
; Total   ; Incr     ; RF ; Type ; Fanout ; Location          ; Element                 ;
+---------+----------+----+------+--------+-------------------+-------------------------+
; 0.000   ; 0.000    ;    ;      ;        ;                   ; latch edge time         ;
; 3.485   ; 3.485    ;    ;      ;        ;                   ; clock path              ;
;   0.000 ;   0.000  ;    ;      ;        ;                   ; source latency          ;
;   0.000 ;   0.000  ;    ;      ; 1      ; LABCELL_X1_Y36_N9 ; gpu_clk                 ;
;   2.734 ;   2.734  ; RR ; IC   ; 1      ; CLKCTRL_G2        ; gpu_clk~CLKENA0|inclk   ;
;   3.055 ;   0.321  ; RR ; CELL ; 9078   ; CLKCTRL_G2        ; gpu_clk~CLKENA0|outclk  ;
;   5.515 ;   2.460  ; RR ; IC   ; 1      ; FF_X37_Y47_N2     ; f_rpos[0]|clk           ;
;   6.088 ;   0.573  ; RR ; CELL ; 1      ; FF_X37_Y47_N2     ; f_rpos[0]               ;
;   3.485 ;   -2.603 ;    ;      ;        ;                   ; clock pessimism removed ;
; 3.485   ; 0.000    ;    ;      ;        ;                   ; clock uncertainty       ;
; 3.485   ; 0.000    ;    ; uTh  ; 1      ; FF_X37_Y47_N2     ; f_rpos[0]               ;
+---------+----------+----+------+--------+-------------------+-------------------------+

----------------------------
; Extra Fitter Information ;
----------------------------
HTML report is unavailable in plain text report export.


Path #75: Hold slack is 0.418 
===============================================================================
+-----------------------------------------------------------------+
; Path Summary                                                    ;
+--------------------+--------------------------------------------+
; Property           ; Value                                      ;
+--------------------+--------------------------------------------+
; From Node          ; zhao_cmd_scheduler:u_sched|dead_cnt[1][20] ;
; To Node            ; zhao_cmd_scheduler:u_sched|dead_cnt[1][20] ;
; Launch Clock       ; gpu_clk                                    ;
; Latch Clock        ; gpu_clk                                    ;
; Data Arrival Time  ; 3.933                                      ;
; Data Required Time ; 3.515                                      ;
; Slack              ; 0.418                                      ;
+--------------------+--------------------------------------------+

+-----------------------------------------------------------------------------------+
; Statistics                                                                        ;
+------------------------+-------+-------+-------------+------------+-------+-------+
; Property               ; Value ; Count ; Total Delay ; % of Total ; Min   ; Max   ;
+------------------------+-------+-------+-------------+------------+-------+-------+
; Hold Relationship      ; 0.000 ;       ;             ;            ;       ;       ;
; Clock Skew             ; 0.115 ;       ;             ;            ;       ;       ;
; Data Delay             ; 0.533 ;       ;             ;            ;       ;       ;
; Number of Logic Levels ;       ; 1     ;             ;            ;       ;       ;
; Physical Delays        ;       ;       ;             ;            ;       ;       ;
;  Arrival Path          ;       ;       ;             ;            ;       ;       ;
;   Clock                ;       ;       ;             ;            ;       ;       ;
;    IC                  ;       ; 2     ; 2.597       ; 76         ; 0.576 ; 2.021 ;
;    Cell                ;       ; 2     ; 0.803       ; 24         ; 0.295 ; 0.508 ;
;   Data                 ;       ;       ;             ;            ;       ;       ;
;    IC                  ;       ; 2     ; 0.237       ; 44         ; 0.000 ; 0.237 ;
;    Cell                ;       ; 3     ; 0.296       ; 56         ; 0.000 ; 0.227 ;
;    uTco                ;       ; 1     ; 0.000       ; 0          ; 0.000 ; 0.000 ;
;  Required Path         ;       ;       ;             ;            ;       ;       ;
;   Clock                ;       ;       ;             ;            ;       ;       ;
;    IC                  ;       ; 2     ; 5.207       ; 85         ; 2.473 ; 2.734 ;
;    Cell                ;       ; 2     ; 0.911       ; 15         ; 0.321 ; 0.590 ;
+------------------------+-------+-------+-------------+------------+-------+-------+
Note: Negative delays are omitted from totals when calculating percentages

+----------------------------------------------------------------------------------------------------------+
; Data Arrival Path                                                                                        ;
+---------+---------+----+------+--------+--------------------+--------------------------------------------+
; Total   ; Incr    ; RF ; Type ; Fanout ; Location           ; Element                                    ;
+---------+---------+----+------+--------+--------------------+--------------------------------------------+
; 0.000   ; 0.000   ;    ;      ;        ;                    ; launch edge time                           ;
; 3.400   ; 3.400   ;    ;      ;        ;                    ; clock path                                 ;
;   0.000 ;   0.000 ;    ;      ;        ;                    ; source latency                             ;
;   0.000 ;   0.000 ;    ;      ; 1      ; LABCELL_X1_Y36_N9  ; gpu_clk                                    ;
;   0.576 ;   0.576 ; RR ; IC   ; 1      ; CLKCTRL_G2         ; gpu_clk~CLKENA0|inclk                      ;
;   0.871 ;   0.295 ; RR ; CELL ; 9078   ; CLKCTRL_G2         ; gpu_clk~CLKENA0|outclk                     ;
;   2.892 ;   2.021 ; RR ; IC   ; 1      ; FF_X43_Y46_N2      ; u_sched|dead_cnt[1][20]|clk                ;
;   3.400 ;   0.508 ; RR ; CELL ; 1      ; FF_X43_Y46_N2      ; zhao_cmd_scheduler:u_sched|dead_cnt[1][20] ;
; 3.933   ; 0.533   ;    ;      ;        ;                    ; data path                                  ;
;   3.400 ;   0.000 ;    ; uTco ; 1      ; FF_X43_Y46_N2      ; zhao_cmd_scheduler:u_sched|dead_cnt[1][20] ;
;   3.400 ;   0.000 ; FF ; CELL ; 3      ; FF_X43_Y46_N2      ; u_sched|dead_cnt[1][20]|q                  ;
;   3.637 ;   0.237 ; FF ; IC   ; 2      ; LABCELL_X43_Y46_N0 ; u_sched|Add1~85|datac                      ;
;   3.864 ;   0.227 ; FR ; CELL ; 1      ; LABCELL_X43_Y46_N0 ; u_sched|Add1~85|sumout                     ;
;   3.864 ;   0.000 ; RR ; IC   ; 1      ; FF_X43_Y46_N2      ; u_sched|dead_cnt[1][20]|d                  ;
;   3.933 ;   0.069 ; RR ; CELL ; 1      ; FF_X43_Y46_N2      ; zhao_cmd_scheduler:u_sched|dead_cnt[1][20] ;
+---------+---------+----+------+--------+--------------------+--------------------------------------------+

+----------------------------------------------------------------------------------------------------------+
; Data Required Path                                                                                       ;
+---------+----------+----+------+--------+-------------------+--------------------------------------------+
; Total   ; Incr     ; RF ; Type ; Fanout ; Location          ; Element                                    ;
+---------+----------+----+------+--------+-------------------+--------------------------------------------+
; 0.000   ; 0.000    ;    ;      ;        ;                   ; latch edge time                            ;
; 3.515   ; 3.515    ;    ;      ;        ;                   ; clock path                                 ;
;   0.000 ;   0.000  ;    ;      ;        ;                   ; source latency                             ;
;   0.000 ;   0.000  ;    ;      ; 1      ; LABCELL_X1_Y36_N9 ; gpu_clk                                    ;
;   2.734 ;   2.734  ; RR ; IC   ; 1      ; CLKCTRL_G2        ; gpu_clk~CLKENA0|inclk                      ;
;   3.055 ;   0.321  ; RR ; CELL ; 9078   ; CLKCTRL_G2        ; gpu_clk~CLKENA0|outclk                     ;
;   5.528 ;   2.473  ; RR ; IC   ; 1      ; FF_X43_Y46_N2     ; u_sched|dead_cnt[1][20]|clk                ;
;   6.118 ;   0.590  ; RR ; CELL ; 1      ; FF_X43_Y46_N2     ; zhao_cmd_scheduler:u_sched|dead_cnt[1][20] ;
;   3.515 ;   -2.603 ;    ;      ;        ;                   ; clock pessimism removed                    ;
; 3.515   ; 0.000    ;    ;      ;        ;                   ; clock uncertainty                          ;
; 3.515   ; 0.000    ;    ; uTh  ; 1      ; FF_X43_Y46_N2     ; zhao_cmd_scheduler:u_sched|dead_cnt[1][20] ;
+---------+----------+----+------+--------+-------------------+--------------------------------------------+

----------------------------
; Extra Fitter Information ;
----------------------------
HTML report is unavailable in plain text report export.


Path #76: Hold slack is 0.418 
===============================================================================
+-----------------------------------------------------------------+
; Path Summary                                                    ;
+--------------------+--------------------------------------------+
; Property           ; Value                                      ;
+--------------------+--------------------------------------------+
; From Node          ; zhao_cmd_scheduler:u_sched|dead_cnt[1][18] ;
; To Node            ; zhao_cmd_scheduler:u_sched|dead_cnt[1][18] ;
; Launch Clock       ; gpu_clk                                    ;
; Latch Clock        ; gpu_clk                                    ;
; Data Arrival Time  ; 3.905                                      ;
; Data Required Time ; 3.487                                      ;
; Slack              ; 0.418                                      ;
+--------------------+--------------------------------------------+

+-----------------------------------------------------------------------------------+
; Statistics                                                                        ;
+------------------------+-------+-------+-------------+------------+-------+-------+
; Property               ; Value ; Count ; Total Delay ; % of Total ; Min   ; Max   ;
+------------------------+-------+-------+-------------+------------+-------+-------+
; Hold Relationship      ; 0.000 ;       ;             ;            ;       ;       ;
; Clock Skew             ; 0.113 ;       ;             ;            ;       ;       ;
; Data Delay             ; 0.531 ;       ;             ;            ;       ;       ;
; Number of Logic Levels ;       ; 1     ;             ;            ;       ;       ;
; Physical Delays        ;       ;       ;             ;            ;       ;       ;
;  Arrival Path          ;       ;       ;             ;            ;       ;       ;
;   Clock                ;       ;       ;             ;            ;       ;       ;
;    IC                  ;       ; 2     ; 2.595       ; 77         ; 0.576 ; 2.019 ;
;    Cell                ;       ; 2     ; 0.779       ; 23         ; 0.295 ; 0.484 ;
;   Data                 ;       ;       ;             ;            ;       ;       ;
;    IC                  ;       ; 2     ; 0.235       ; 44         ; 0.000 ; 0.235 ;
;    Cell                ;       ; 3     ; 0.296       ; 56         ; 0.000 ; 0.227 ;
;    uTco                ;       ; 1     ; 0.000       ; 0          ; 0.000 ; 0.000 ;
;  Required Path         ;       ;       ;             ;            ;       ;       ;
;   Clock                ;       ;       ;             ;            ;       ;       ;
;    IC                  ;       ; 2     ; 5.205       ; 85         ; 2.471 ; 2.734 ;
;    Cell                ;       ; 2     ; 0.885       ; 15         ; 0.321 ; 0.564 ;
+------------------------+-------+-------+-------------+------------+-------+-------+
Note: Negative delays are omitted from totals when calculating percentages

+-----------------------------------------------------------------------------------------------------------+
; Data Arrival Path                                                                                         ;
+---------+---------+----+------+--------+---------------------+--------------------------------------------+
; Total   ; Incr    ; RF ; Type ; Fanout ; Location            ; Element                                    ;
+---------+---------+----+------+--------+---------------------+--------------------------------------------+
; 0.000   ; 0.000   ;    ;      ;        ;                     ; launch edge time                           ;
; 3.374   ; 3.374   ;    ;      ;        ;                     ; clock path                                 ;
;   0.000 ;   0.000 ;    ;      ;        ;                     ; source latency                             ;
;   0.000 ;   0.000 ;    ;      ; 1      ; LABCELL_X1_Y36_N9   ; gpu_clk                                    ;
;   0.576 ;   0.576 ; RR ; IC   ; 1      ; CLKCTRL_G2          ; gpu_clk~CLKENA0|inclk                      ;
;   0.871 ;   0.295 ; RR ; CELL ; 9078   ; CLKCTRL_G2          ; gpu_clk~CLKENA0|outclk                     ;
;   2.890 ;   2.019 ; RR ; IC   ; 1      ; FF_X43_Y47_N56      ; u_sched|dead_cnt[1][18]|clk                ;
;   3.374 ;   0.484 ; RR ; CELL ; 1      ; FF_X43_Y47_N56      ; zhao_cmd_scheduler:u_sched|dead_cnt[1][18] ;
; 3.905   ; 0.531   ;    ;      ;        ;                     ; data path                                  ;
;   3.374 ;   0.000 ;    ; uTco ; 1      ; FF_X43_Y47_N56      ; zhao_cmd_scheduler:u_sched|dead_cnt[1][18] ;
;   3.374 ;   0.000 ; FF ; CELL ; 3      ; FF_X43_Y47_N56      ; u_sched|dead_cnt[1][18]|q                  ;
;   3.609 ;   0.235 ; FF ; IC   ; 2      ; LABCELL_X43_Y47_N54 ; u_sched|Add1~77|datac                      ;
;   3.836 ;   0.227 ; FR ; CELL ; 1      ; LABCELL_X43_Y47_N54 ; u_sched|Add1~77|sumout                     ;
;   3.836 ;   0.000 ; RR ; IC   ; 1      ; FF_X43_Y47_N56      ; u_sched|dead_cnt[1][18]|d                  ;
;   3.905 ;   0.069 ; RR ; CELL ; 1      ; FF_X43_Y47_N56      ; zhao_cmd_scheduler:u_sched|dead_cnt[1][18] ;
+---------+---------+----+------+--------+---------------------+--------------------------------------------+

+----------------------------------------------------------------------------------------------------------+
; Data Required Path                                                                                       ;
+---------+----------+----+------+--------+-------------------+--------------------------------------------+
; Total   ; Incr     ; RF ; Type ; Fanout ; Location          ; Element                                    ;
+---------+----------+----+------+--------+-------------------+--------------------------------------------+
; 0.000   ; 0.000    ;    ;      ;        ;                   ; latch edge time                            ;
; 3.487   ; 3.487    ;    ;      ;        ;                   ; clock path                                 ;
;   0.000 ;   0.000  ;    ;      ;        ;                   ; source latency                             ;
;   0.000 ;   0.000  ;    ;      ; 1      ; LABCELL_X1_Y36_N9 ; gpu_clk                                    ;
;   2.734 ;   2.734  ; RR ; IC   ; 1      ; CLKCTRL_G2        ; gpu_clk~CLKENA0|inclk                      ;
;   3.055 ;   0.321  ; RR ; CELL ; 9078   ; CLKCTRL_G2        ; gpu_clk~CLKENA0|outclk                     ;
;   5.526 ;   2.471  ; RR ; IC   ; 1      ; FF_X43_Y47_N56    ; u_sched|dead_cnt[1][18]|clk                ;
;   6.090 ;   0.564  ; RR ; CELL ; 1      ; FF_X43_Y47_N56    ; zhao_cmd_scheduler:u_sched|dead_cnt[1][18] ;
;   3.487 ;   -2.603 ;    ;      ;        ;                   ; clock pessimism removed                    ;
; 3.487   ; 0.000    ;    ;      ;        ;                   ; clock uncertainty                          ;
; 3.487   ; 0.000    ;    ; uTh  ; 1      ; FF_X43_Y47_N56    ; zhao_cmd_scheduler:u_sched|dead_cnt[1][18] ;
+---------+----------+----+------+--------+-------------------+--------------------------------------------+

----------------------------
; Extra Fitter Information ;
----------------------------
HTML report is unavailable in plain text report export.


Path #77: Hold slack is 0.418 
===============================================================================
+--------------------------------------------------------------+
; Path Summary                                                 ;
+--------------------+-----------------------------------------+
; Property           ; Value                                   ;
+--------------------+-----------------------------------------+
; From Node          ; zhao_vram_arbiter:u_arb|pend_addr[1][7] ;
; To Node            ; zhao_vram_arbiter:u_arb|pend_addr[1][7] ;
; Launch Clock       ; gpu_clk                                 ;
; Latch Clock        ; gpu_clk                                 ;
; Data Arrival Time  ; 3.844                                   ;
; Data Required Time ; 3.426                                   ;
; Slack              ; 0.418                                   ;
+--------------------+-----------------------------------------+

+-----------------------------------------------------------------------------------+
; Statistics                                                                        ;
+------------------------+-------+-------+-------------+------------+-------+-------+
; Property               ; Value ; Count ; Total Delay ; % of Total ; Min   ; Max   ;
+------------------------+-------+-------+-------------+------------+-------+-------+
; Hold Relationship      ; 0.000 ;       ;             ;            ;       ;       ;
; Clock Skew             ; 0.111 ;       ;             ;            ;       ;       ;
; Data Delay             ; 0.529 ;       ;             ;            ;       ;       ;
; Number of Logic Levels ;       ; 1     ;             ;            ;       ;       ;
; Physical Delays        ;       ;       ;             ;            ;       ;       ;
;  Arrival Path          ;       ;       ;             ;            ;       ;       ;
;   Clock                ;       ;       ;             ;            ;       ;       ;
;    IC                  ;       ; 2     ; 2.528       ; 76         ; 0.576 ; 1.952 ;
;    Cell                ;       ; 2     ; 0.787       ; 24         ; 0.295 ; 0.492 ;
;   Data                 ;       ;       ;             ;            ;       ;       ;
;    IC                  ;       ; 2     ; 0.233       ; 44         ; 0.000 ; 0.233 ;
;    Cell                ;       ; 3     ; 0.296       ; 56         ; 0.000 ; 0.227 ;
;    uTco                ;       ; 1     ; 0.000       ; 0          ; 0.000 ; 0.000 ;
;  Required Path         ;       ;       ;             ;            ;       ;       ;
;   Clock                ;       ;       ;             ;            ;       ;       ;
;    IC                  ;       ; 2     ; 5.133       ; 85         ; 2.399 ; 2.734 ;
;    Cell                ;       ; 2     ; 0.894       ; 15         ; 0.321 ; 0.573 ;
+------------------------+-------+-------+-------------+------------+-------+-------+
Note: Negative delays are omitted from totals when calculating percentages

+--------------------------------------------------------------------------------------------------------+
; Data Arrival Path                                                                                      ;
+---------+---------+----+------+--------+---------------------+-----------------------------------------+
; Total   ; Incr    ; RF ; Type ; Fanout ; Location            ; Element                                 ;
+---------+---------+----+------+--------+---------------------+-----------------------------------------+
; 0.000   ; 0.000   ;    ;      ;        ;                     ; launch edge time                        ;
; 3.315   ; 3.315   ;    ;      ;        ;                     ; clock path                              ;
;   0.000 ;   0.000 ;    ;      ;        ;                     ; source latency                          ;
;   0.000 ;   0.000 ;    ;      ; 1      ; LABCELL_X1_Y36_N9   ; gpu_clk                                 ;
;   0.576 ;   0.576 ; RR ; IC   ; 1      ; CLKCTRL_G2          ; gpu_clk~CLKENA0|inclk                   ;
;   0.871 ;   0.295 ; RR ; CELL ; 9078   ; CLKCTRL_G2          ; gpu_clk~CLKENA0|outclk                  ;
;   2.823 ;   1.952 ; RR ; IC   ; 1      ; FF_X23_Y52_N50      ; u_arb|pend_addr[1][7]|clk               ;
;   3.315 ;   0.492 ; RR ; CELL ; 1      ; FF_X23_Y52_N50      ; zhao_vram_arbiter:u_arb|pend_addr[1][7] ;
; 3.844   ; 0.529   ;    ;      ;        ;                     ; data path                               ;
;   3.315 ;   0.000 ;    ; uTco ; 1      ; FF_X23_Y52_N50      ; zhao_vram_arbiter:u_arb|pend_addr[1][7] ;
;   3.315 ;   0.000 ; FF ; CELL ; 2      ; FF_X23_Y52_N50      ; u_arb|pend_addr[1][7]|q                 ;
;   3.548 ;   0.233 ; FF ; IC   ; 2      ; LABCELL_X23_Y52_N48 ; u_arb|Add22~85|datac                    ;
;   3.775 ;   0.227 ; FR ; CELL ; 1      ; LABCELL_X23_Y52_N48 ; u_arb|Add22~85|sumout                   ;
;   3.775 ;   0.000 ; RR ; IC   ; 1      ; FF_X23_Y52_N50      ; u_arb|pend_addr[1][7]|d                 ;
;   3.844 ;   0.069 ; RR ; CELL ; 1      ; FF_X23_Y52_N50      ; zhao_vram_arbiter:u_arb|pend_addr[1][7] ;
+---------+---------+----+------+--------+---------------------+-----------------------------------------+

+-------------------------------------------------------------------------------------------------------+
; Data Required Path                                                                                    ;
+---------+----------+----+------+--------+-------------------+-----------------------------------------+
; Total   ; Incr     ; RF ; Type ; Fanout ; Location          ; Element                                 ;
+---------+----------+----+------+--------+-------------------+-----------------------------------------+
; 0.000   ; 0.000    ;    ;      ;        ;                   ; latch edge time                         ;
; 3.426   ; 3.426    ;    ;      ;        ;                   ; clock path                              ;
;   0.000 ;   0.000  ;    ;      ;        ;                   ; source latency                          ;
;   0.000 ;   0.000  ;    ;      ; 1      ; LABCELL_X1_Y36_N9 ; gpu_clk                                 ;
;   2.734 ;   2.734  ; RR ; IC   ; 1      ; CLKCTRL_G2        ; gpu_clk~CLKENA0|inclk                   ;
;   3.055 ;   0.321  ; RR ; CELL ; 9078   ; CLKCTRL_G2        ; gpu_clk~CLKENA0|outclk                  ;
;   5.454 ;   2.399  ; RR ; IC   ; 1      ; FF_X23_Y52_N50    ; u_arb|pend_addr[1][7]|clk               ;
;   6.027 ;   0.573  ; RR ; CELL ; 1      ; FF_X23_Y52_N50    ; zhao_vram_arbiter:u_arb|pend_addr[1][7] ;
;   3.426 ;   -2.601 ;    ;      ;        ;                   ; clock pessimism removed                 ;
; 3.426   ; 0.000    ;    ;      ;        ;                   ; clock uncertainty                       ;
; 3.426   ; 0.000    ;    ; uTh  ; 1      ; FF_X23_Y52_N50    ; zhao_vram_arbiter:u_arb|pend_addr[1][7] ;
+---------+----------+----+------+--------+-------------------+-----------------------------------------+

----------------------------
; Extra Fitter Information ;
----------------------------
HTML report is unavailable in plain text report export.


Path #78: Hold slack is 0.418 
===============================================================================
+------------------------------------------------------------------+
; Path Summary                                                     ;
+--------------------+---------------------------------------------+
; Property           ; Value                                       ;
+--------------------+---------------------------------------------+
; From Node          ; zhao_debug_frameblit:u_frameblit|issued[25] ;
; To Node            ; zhao_debug_frameblit:u_frameblit|issued[25] ;
; Launch Clock       ; gpu_clk                                     ;
; Latch Clock        ; gpu_clk                                     ;
; Data Arrival Time  ; 3.830                                       ;
; Data Required Time ; 3.412                                       ;
; Slack              ; 0.418                                       ;
+--------------------+---------------------------------------------+

+-----------------------------------------------------------------------------------+
; Statistics                                                                        ;
+------------------------+-------+-------+-------------+------------+-------+-------+
; Property               ; Value ; Count ; Total Delay ; % of Total ; Min   ; Max   ;
+------------------------+-------+-------+-------------+------------+-------+-------+
; Hold Relationship      ; 0.000 ;       ;             ;            ;       ;       ;
; Clock Skew             ; 0.108 ;       ;             ;            ;       ;       ;
; Data Delay             ; 0.526 ;       ;             ;            ;       ;       ;
; Number of Logic Levels ;       ; 1     ;             ;            ;       ;       ;
; Physical Delays        ;       ;       ;             ;            ;       ;       ;
;  Arrival Path          ;       ;       ;             ;            ;       ;       ;
;   Clock                ;       ;       ;             ;            ;       ;       ;
;    IC                  ;       ; 2     ; 2.519       ; 76         ; 0.576 ; 1.943 ;
;    Cell                ;       ; 2     ; 0.785       ; 24         ; 0.295 ; 0.490 ;
;   Data                 ;       ;       ;             ;            ;       ;       ;
;    IC                  ;       ; 2     ; 0.226       ; 43         ; 0.000 ; 0.226 ;
;    Cell                ;       ; 3     ; 0.300       ; 57         ; 0.000 ; 0.231 ;
;    uTco                ;       ; 1     ; 0.000       ; 0          ; 0.000 ; 0.000 ;
;  Required Path         ;       ;       ;             ;            ;       ;       ;
;   Clock                ;       ;       ;             ;            ;       ;       ;
;    IC                  ;       ; 2     ; 5.123       ; 85         ; 2.389 ; 2.734 ;
;    Cell                ;       ; 2     ; 0.891       ; 15         ; 0.321 ; 0.570 ;
+------------------------+-------+-------+-------------+------------+-------+-------+
Note: Negative delays are omitted from totals when calculating percentages

+------------------------------------------------------------------------------------------------------------+
; Data Arrival Path                                                                                          ;
+---------+---------+----+------+--------+---------------------+---------------------------------------------+
; Total   ; Incr    ; RF ; Type ; Fanout ; Location            ; Element                                     ;
+---------+---------+----+------+--------+---------------------+---------------------------------------------+
; 0.000   ; 0.000   ;    ;      ;        ;                     ; launch edge time                            ;
; 3.304   ; 3.304   ;    ;      ;        ;                     ; clock path                                  ;
;   0.000 ;   0.000 ;    ;      ;        ;                     ; source latency                              ;
;   0.000 ;   0.000 ;    ;      ; 1      ; LABCELL_X1_Y36_N9   ; gpu_clk                                     ;
;   0.576 ;   0.576 ; RR ; IC   ; 1      ; CLKCTRL_G2          ; gpu_clk~CLKENA0|inclk                       ;
;   0.871 ;   0.295 ; RR ; CELL ; 9078   ; CLKCTRL_G2          ; gpu_clk~CLKENA0|outclk                      ;
;   2.814 ;   1.943 ; RR ; IC   ; 1      ; FF_X18_Y47_N17      ; u_frameblit|issued[25]|clk                  ;
;   3.304 ;   0.490 ; RR ; CELL ; 1      ; FF_X18_Y47_N17      ; zhao_debug_frameblit:u_frameblit|issued[25] ;
; 3.830   ; 0.526   ;    ;      ;        ;                     ; data path                                   ;
;   3.304 ;   0.000 ;    ; uTco ; 1      ; FF_X18_Y47_N17      ; zhao_debug_frameblit:u_frameblit|issued[25] ;
;   3.304 ;   0.000 ; FF ; CELL ; 4      ; FF_X18_Y47_N17      ; u_frameblit|issued[25]|q                    ;
;   3.530 ;   0.226 ; FF ; IC   ; 2      ; LABCELL_X18_Y47_N15 ; u_frameblit|Add6~25|datac                   ;
;   3.761 ;   0.231 ; FR ; CELL ; 1      ; LABCELL_X18_Y47_N15 ; u_frameblit|Add6~25|sumout                  ;
;   3.761 ;   0.000 ; RR ; IC   ; 1      ; FF_X18_Y47_N17      ; u_frameblit|issued[25]|d                    ;
;   3.830 ;   0.069 ; RR ; CELL ; 1      ; FF_X18_Y47_N17      ; zhao_debug_frameblit:u_frameblit|issued[25] ;
+---------+---------+----+------+--------+---------------------+---------------------------------------------+

+-----------------------------------------------------------------------------------------------------------+
; Data Required Path                                                                                        ;
+---------+----------+----+------+--------+-------------------+---------------------------------------------+
; Total   ; Incr     ; RF ; Type ; Fanout ; Location          ; Element                                     ;
+---------+----------+----+------+--------+-------------------+---------------------------------------------+
; 0.000   ; 0.000    ;    ;      ;        ;                   ; latch edge time                             ;
; 3.412   ; 3.412    ;    ;      ;        ;                   ; clock path                                  ;
;   0.000 ;   0.000  ;    ;      ;        ;                   ; source latency                              ;
;   0.000 ;   0.000  ;    ;      ; 1      ; LABCELL_X1_Y36_N9 ; gpu_clk                                     ;
;   2.734 ;   2.734  ; RR ; IC   ; 1      ; CLKCTRL_G2        ; gpu_clk~CLKENA0|inclk                       ;
;   3.055 ;   0.321  ; RR ; CELL ; 9078   ; CLKCTRL_G2        ; gpu_clk~CLKENA0|outclk                      ;
;   5.444 ;   2.389  ; RR ; IC   ; 1      ; FF_X18_Y47_N17    ; u_frameblit|issued[25]|clk                  ;
;   6.014 ;   0.570  ; RR ; CELL ; 1      ; FF_X18_Y47_N17    ; zhao_debug_frameblit:u_frameblit|issued[25] ;
;   3.412 ;   -2.602 ;    ;      ;        ;                   ; clock pessimism removed                     ;
; 3.412   ; 0.000    ;    ;      ;        ;                   ; clock uncertainty                           ;
; 3.412   ; 0.000    ;    ; uTh  ; 1      ; FF_X18_Y47_N17    ; zhao_debug_frameblit:u_frameblit|issued[25] ;
+---------+----------+----+------+--------+-------------------+---------------------------------------------+

----------------------------
; Extra Fitter Information ;
----------------------------
HTML report is unavailable in plain text report export.


Path #79: Hold slack is 0.418 
===============================================================================
+-----------------------------------------------------------------+
; Path Summary                                                    ;
+--------------------+--------------------------------------------+
; Property           ; Value                                      ;
+--------------------+--------------------------------------------+
; From Node          ; zhao_cmd_scheduler:u_sched|dead_cnt[2][18] ;
; To Node            ; zhao_cmd_scheduler:u_sched|dead_cnt[2][18] ;
; Launch Clock       ; gpu_clk                                    ;
; Latch Clock        ; gpu_clk                                    ;
; Data Arrival Time  ; 3.903                                      ;
; Data Required Time ; 3.485                                      ;
; Slack              ; 0.418                                      ;
+--------------------+--------------------------------------------+

+-----------------------------------------------------------------------------------+
; Statistics                                                                        ;
+------------------------+-------+-------+-------------+------------+-------+-------+
; Property               ; Value ; Count ; Total Delay ; % of Total ; Min   ; Max   ;
+------------------------+-------+-------+-------------+------------+-------+-------+
; Hold Relationship      ; 0.000 ;       ;             ;            ;       ;       ;
; Clock Skew             ; 0.113 ;       ;             ;            ;       ;       ;
; Data Delay             ; 0.531 ;       ;             ;            ;       ;       ;
; Number of Logic Levels ;       ; 1     ;             ;            ;       ;       ;
; Physical Delays        ;       ;       ;             ;            ;       ;       ;
;  Arrival Path          ;       ;       ;             ;            ;       ;       ;
;   Clock                ;       ;       ;             ;            ;       ;       ;
;    IC                  ;       ; 2     ; 2.593       ; 77         ; 0.576 ; 2.017 ;
;    Cell                ;       ; 2     ; 0.779       ; 23         ; 0.295 ; 0.484 ;
;   Data                 ;       ;       ;             ;            ;       ;       ;
;    IC                  ;       ; 2     ; 0.235       ; 44         ; 0.000 ; 0.235 ;
;    Cell                ;       ; 3     ; 0.296       ; 56         ; 0.000 ; 0.227 ;
;    uTco                ;       ; 1     ; 0.000       ; 0          ; 0.000 ; 0.000 ;
;  Required Path         ;       ;       ;             ;            ;       ;       ;
;   Clock                ;       ;       ;             ;            ;       ;       ;
;    IC                  ;       ; 2     ; 5.203       ; 85         ; 2.469 ; 2.734 ;
;    Cell                ;       ; 2     ; 0.885       ; 15         ; 0.321 ; 0.564 ;
+------------------------+-------+-------+-------------+------------+-------+-------+
Note: Negative delays are omitted from totals when calculating percentages

+-----------------------------------------------------------------------------------------------------------+
; Data Arrival Path                                                                                         ;
+---------+---------+----+------+--------+---------------------+--------------------------------------------+
; Total   ; Incr    ; RF ; Type ; Fanout ; Location            ; Element                                    ;
+---------+---------+----+------+--------+---------------------+--------------------------------------------+
; 0.000   ; 0.000   ;    ;      ;        ;                     ; launch edge time                           ;
; 3.372   ; 3.372   ;    ;      ;        ;                     ; clock path                                 ;
;   0.000 ;   0.000 ;    ;      ;        ;                     ; source latency                             ;
;   0.000 ;   0.000 ;    ;      ; 1      ; LABCELL_X1_Y36_N9   ; gpu_clk                                    ;
;   0.576 ;   0.576 ; RR ; IC   ; 1      ; CLKCTRL_G2          ; gpu_clk~CLKENA0|inclk                      ;
;   0.871 ;   0.295 ; RR ; CELL ; 9078   ; CLKCTRL_G2          ; gpu_clk~CLKENA0|outclk                     ;
;   2.888 ;   2.017 ; RR ; IC   ; 1      ; FF_X40_Y45_N56      ; u_sched|dead_cnt[2][18]|clk                ;
;   3.372 ;   0.484 ; RR ; CELL ; 1      ; FF_X40_Y45_N56      ; zhao_cmd_scheduler:u_sched|dead_cnt[2][18] ;
; 3.903   ; 0.531   ;    ;      ;        ;                     ; data path                                  ;
;   3.372 ;   0.000 ;    ; uTco ; 1      ; FF_X40_Y45_N56      ; zhao_cmd_scheduler:u_sched|dead_cnt[2][18] ;
;   3.372 ;   0.000 ; FF ; CELL ; 3      ; FF_X40_Y45_N56      ; u_sched|dead_cnt[2][18]|q                  ;
;   3.607 ;   0.235 ; FF ; IC   ; 2      ; LABCELL_X40_Y45_N54 ; u_sched|Add2~77|datac                      ;
;   3.834 ;   0.227 ; FR ; CELL ; 1      ; LABCELL_X40_Y45_N54 ; u_sched|Add2~77|sumout                     ;
;   3.834 ;   0.000 ; RR ; IC   ; 1      ; FF_X40_Y45_N56      ; u_sched|dead_cnt[2][18]|d                  ;
;   3.903 ;   0.069 ; RR ; CELL ; 1      ; FF_X40_Y45_N56      ; zhao_cmd_scheduler:u_sched|dead_cnt[2][18] ;
+---------+---------+----+------+--------+---------------------+--------------------------------------------+

+----------------------------------------------------------------------------------------------------------+
; Data Required Path                                                                                       ;
+---------+----------+----+------+--------+-------------------+--------------------------------------------+
; Total   ; Incr     ; RF ; Type ; Fanout ; Location          ; Element                                    ;
+---------+----------+----+------+--------+-------------------+--------------------------------------------+
; 0.000   ; 0.000    ;    ;      ;        ;                   ; latch edge time                            ;
; 3.485   ; 3.485    ;    ;      ;        ;                   ; clock path                                 ;
;   0.000 ;   0.000  ;    ;      ;        ;                   ; source latency                             ;
;   0.000 ;   0.000  ;    ;      ; 1      ; LABCELL_X1_Y36_N9 ; gpu_clk                                    ;
;   2.734 ;   2.734  ; RR ; IC   ; 1      ; CLKCTRL_G2        ; gpu_clk~CLKENA0|inclk                      ;
;   3.055 ;   0.321  ; RR ; CELL ; 9078   ; CLKCTRL_G2        ; gpu_clk~CLKENA0|outclk                     ;
;   5.524 ;   2.469  ; RR ; IC   ; 1      ; FF_X40_Y45_N56    ; u_sched|dead_cnt[2][18]|clk                ;
;   6.088 ;   0.564  ; RR ; CELL ; 1      ; FF_X40_Y45_N56    ; zhao_cmd_scheduler:u_sched|dead_cnt[2][18] ;
;   3.485 ;   -2.603 ;    ;      ;        ;                   ; clock pessimism removed                    ;
; 3.485   ; 0.000    ;    ;      ;        ;                   ; clock uncertainty                          ;
; 3.485   ; 0.000    ;    ; uTh  ; 1      ; FF_X40_Y45_N56    ; zhao_cmd_scheduler:u_sched|dead_cnt[2][18] ;
+---------+----------+----+------+--------+-------------------+--------------------------------------------+

----------------------------
; Extra Fitter Information ;
----------------------------
HTML report is unavailable in plain text report export.


Path #80: Hold slack is 0.418 
===============================================================================
+-----------------------------------------------------------------------+
; Path Summary                                                          ;
+--------------------+--------------------------------------------------+
; Property           ; Value                                            ;
+--------------------+--------------------------------------------------+
; From Node          ; zhao_mem_guard:u_guard_scan|guard_violations[17] ;
; To Node            ; zhao_mem_guard:u_guard_scan|guard_violations[17] ;
; Launch Clock       ; gpu_clk                                          ;
; Latch Clock        ; gpu_clk                                          ;
; Data Arrival Time  ; 3.916                                            ;
; Data Required Time ; 3.498                                            ;
; Slack              ; 0.418                                            ;
+--------------------+--------------------------------------------------+

+-----------------------------------------------------------------------------------+
; Statistics                                                                        ;
+------------------------+-------+-------+-------------+------------+-------+-------+
; Property               ; Value ; Count ; Total Delay ; % of Total ; Min   ; Max   ;
+------------------------+-------+-------+-------------+------------+-------+-------+
; Hold Relationship      ; 0.000 ;       ;             ;            ;       ;       ;
; Clock Skew             ; 0.111 ;       ;             ;            ;       ;       ;
; Data Delay             ; 0.529 ;       ;             ;            ;       ;       ;
; Number of Logic Levels ;       ; 1     ;             ;            ;       ;       ;
; Physical Delays        ;       ;       ;             ;            ;       ;       ;
;  Arrival Path          ;       ;       ;             ;            ;       ;       ;
;   Clock                ;       ;       ;             ;            ;       ;       ;
;    IC                  ;       ; 2     ; 2.608       ; 77         ; 0.576 ; 2.032 ;
;    Cell                ;       ; 2     ; 0.779       ; 23         ; 0.295 ; 0.484 ;
;   Data                 ;       ;       ;             ;            ;       ;       ;
;    IC                  ;       ; 2     ; 0.233       ; 44         ; 0.000 ; 0.233 ;
;    Cell                ;       ; 3     ; 0.296       ; 56         ; 0.000 ; 0.227 ;
;    uTco                ;       ; 1     ; 0.000       ; 0          ; 0.000 ; 0.000 ;
;  Required Path         ;       ;       ;             ;            ;       ;       ;
;   Clock                ;       ;       ;             ;            ;       ;       ;
;    IC                  ;       ; 2     ; 5.225       ; 86         ; 2.491 ; 2.734 ;
;    Cell                ;       ; 2     ; 0.885       ; 14         ; 0.321 ; 0.564 ;
+------------------------+-------+-------+-------------+------------+-------+-------+
Note: Negative delays are omitted from totals when calculating percentages

+-----------------------------------------------------------------------------------------------------------------+
; Data Arrival Path                                                                                               ;
+---------+---------+----+------+--------+---------------------+--------------------------------------------------+
; Total   ; Incr    ; RF ; Type ; Fanout ; Location            ; Element                                          ;
+---------+---------+----+------+--------+---------------------+--------------------------------------------------+
; 0.000   ; 0.000   ;    ;      ;        ;                     ; launch edge time                                 ;
; 3.387   ; 3.387   ;    ;      ;        ;                     ; clock path                                       ;
;   0.000 ;   0.000 ;    ;      ;        ;                     ; source latency                                   ;
;   0.000 ;   0.000 ;    ;      ; 1      ; LABCELL_X1_Y36_N9   ; gpu_clk                                          ;
;   0.576 ;   0.576 ; RR ; IC   ; 1      ; CLKCTRL_G2          ; gpu_clk~CLKENA0|inclk                            ;
;   0.871 ;   0.295 ; RR ; CELL ; 9078   ; CLKCTRL_G2          ; gpu_clk~CLKENA0|outclk                           ;
;   2.903 ;   2.032 ; RR ; IC   ; 1      ; FF_X35_Y63_N50      ; u_guard_scan|guard_violations[17]|clk            ;
;   3.387 ;   0.484 ; RR ; CELL ; 1      ; FF_X35_Y63_N50      ; zhao_mem_guard:u_guard_scan|guard_violations[17] ;
; 3.916   ; 0.529   ;    ;      ;        ;                     ; data path                                        ;
;   3.387 ;   0.000 ;    ; uTco ; 1      ; FF_X35_Y63_N50      ; zhao_mem_guard:u_guard_scan|guard_violations[17] ;
;   3.387 ;   0.000 ; FF ; CELL ; 2      ; FF_X35_Y63_N50      ; u_guard_scan|guard_violations[17]|q              ;
;   3.620 ;   0.233 ; FF ; IC   ; 2      ; LABCELL_X35_Y63_N48 ; u_guard_scan|Add2~65|datac                       ;
;   3.847 ;   0.227 ; FR ; CELL ; 1      ; LABCELL_X35_Y63_N48 ; u_guard_scan|Add2~65|sumout                      ;
;   3.847 ;   0.000 ; RR ; IC   ; 1      ; FF_X35_Y63_N50      ; u_guard_scan|guard_violations[17]|d              ;
;   3.916 ;   0.069 ; RR ; CELL ; 1      ; FF_X35_Y63_N50      ; zhao_mem_guard:u_guard_scan|guard_violations[17] ;
+---------+---------+----+------+--------+---------------------+--------------------------------------------------+

+----------------------------------------------------------------------------------------------------------------+
; Data Required Path                                                                                             ;
+---------+----------+----+------+--------+-------------------+--------------------------------------------------+
; Total   ; Incr     ; RF ; Type ; Fanout ; Location          ; Element                                          ;
+---------+----------+----+------+--------+-------------------+--------------------------------------------------+
; 0.000   ; 0.000    ;    ;      ;        ;                   ; latch edge time                                  ;
; 3.498   ; 3.498    ;    ;      ;        ;                   ; clock path                                       ;
;   0.000 ;   0.000  ;    ;      ;        ;                   ; source latency                                   ;
;   0.000 ;   0.000  ;    ;      ; 1      ; LABCELL_X1_Y36_N9 ; gpu_clk                                          ;
;   2.734 ;   2.734  ; RR ; IC   ; 1      ; CLKCTRL_G2        ; gpu_clk~CLKENA0|inclk                            ;
;   3.055 ;   0.321  ; RR ; CELL ; 9078   ; CLKCTRL_G2        ; gpu_clk~CLKENA0|outclk                           ;
;   5.546 ;   2.491  ; RR ; IC   ; 1      ; FF_X35_Y63_N50    ; u_guard_scan|guard_violations[17]|clk            ;
;   6.110 ;   0.564  ; RR ; CELL ; 1      ; FF_X35_Y63_N50    ; zhao_mem_guard:u_guard_scan|guard_violations[17] ;
;   3.498 ;   -2.612 ;    ;      ;        ;                   ; clock pessimism removed                          ;
; 3.498   ; 0.000    ;    ;      ;        ;                   ; clock uncertainty                                ;
; 3.498   ; 0.000    ;    ; uTh  ; 1      ; FF_X35_Y63_N50    ; zhao_mem_guard:u_guard_scan|guard_violations[17] ;
+---------+----------+----+------+--------+-------------------+--------------------------------------------------+

----------------------------
; Extra Fitter Information ;
----------------------------
HTML report is unavailable in plain text report export.


Path #81: Hold slack is 0.418 
===============================================================================
+---------------------------------------------------------------------------+
; Path Summary                                                              ;
+--------------------+------------------------------------------------------+
; Property           ; Value                                                ;
+--------------------+------------------------------------------------------+
; From Node          ; zhao_video_framectl:u_framectl|deadline_faults_q[49] ;
; To Node            ; zhao_video_framectl:u_framectl|deadline_faults_q[49] ;
; Launch Clock       ; vid_clk                                              ;
; Latch Clock        ; vid_clk                                              ;
; Data Arrival Time  ; 3.777                                                ;
; Data Required Time ; 3.359                                                ;
; Slack              ; 0.418                                                ;
+--------------------+------------------------------------------------------+

+-----------------------------------------------------------------------------------+
; Statistics                                                                        ;
+------------------------+-------+-------+-------------+------------+-------+-------+
; Property               ; Value ; Count ; Total Delay ; % of Total ; Min   ; Max   ;
+------------------------+-------+-------+-------------+------------+-------+-------+
; Hold Relationship      ; 0.000 ;       ;             ;            ;       ;       ;
; Clock Skew             ; 0.109 ;       ;             ;            ;       ;       ;
; Data Delay             ; 0.527 ;       ;             ;            ;       ;       ;
; Number of Logic Levels ;       ; 1     ;             ;            ;       ;       ;
; Physical Delays        ;       ;       ;             ;            ;       ;       ;
;  Arrival Path          ;       ;       ;             ;            ;       ;       ;
;   Clock                ;       ;       ;             ;            ;       ;       ;
;    IC                  ;       ; 2     ; 2.471       ; 76         ; 0.581 ; 1.890 ;
;    Cell                ;       ; 2     ; 0.779       ; 24         ; 0.295 ; 0.484 ;
;   Data                 ;       ;       ;             ;            ;       ;       ;
;    IC                  ;       ; 2     ; 0.227       ; 43         ; 0.000 ; 0.227 ;
;    Cell                ;       ; 3     ; 0.300       ; 57         ; 0.000 ; 0.231 ;
;    uTco                ;       ; 1     ; 0.000       ; 0          ; 0.000 ; 0.000 ;
;  Required Path         ;       ;       ;             ;            ;       ;       ;
;   Clock                ;       ;       ;             ;            ;       ;       ;
;    IC                  ;       ; 2     ; 5.073       ; 85         ; 2.333 ; 2.740 ;
;    Cell                ;       ; 2     ; 0.885       ; 15         ; 0.321 ; 0.564 ;
+------------------------+-------+-------+-------------+------------+-------+-------+
Note: Negative delays are omitted from totals when calculating percentages

+---------------------------------------------------------------------------------------------------------------------+
; Data Arrival Path                                                                                                   ;
+---------+---------+----+------+--------+---------------------+------------------------------------------------------+
; Total   ; Incr    ; RF ; Type ; Fanout ; Location            ; Element                                              ;
+---------+---------+----+------+--------+---------------------+------------------------------------------------------+
; 0.000   ; 0.000   ;    ;      ;        ;                     ; launch edge time                                     ;
; 3.250   ; 3.250   ;    ;      ;        ;                     ; clock path                                           ;
;   0.000 ;   0.000 ;    ;      ;        ;                     ; source latency                                       ;
;   0.000 ;   0.000 ;    ;      ; 1      ; LABCELL_X1_Y36_N3   ; vid_clk                                              ;
;   0.581 ;   0.581 ; RR ; IC   ; 1      ; CLKCTRL_G3          ; vid_clk~CLKENA0|inclk                                ;
;   0.876 ;   0.295 ; RR ; CELL ; 746    ; CLKCTRL_G3          ; vid_clk~CLKENA0|outclk                               ;
;   2.766 ;   1.890 ; RR ; IC   ; 1      ; FF_X30_Y21_N59      ; u_framectl|deadline_faults_q[49]|clk                 ;
;   3.250 ;   0.484 ; RR ; CELL ; 1      ; FF_X30_Y21_N59      ; zhao_video_framectl:u_framectl|deadline_faults_q[49] ;
; 3.777   ; 0.527   ;    ;      ;        ;                     ; data path                                            ;
;   3.250 ;   0.000 ;    ; uTco ; 1      ; FF_X30_Y21_N59      ; zhao_video_framectl:u_framectl|deadline_faults_q[49] ;
;   3.250 ;   0.000 ; FF ; CELL ; 3      ; FF_X30_Y21_N59      ; u_framectl|deadline_faults_q[49]|q                   ;
;   3.477 ;   0.227 ; FF ; IC   ; 2      ; LABCELL_X30_Y21_N57 ; u_framectl|Add1~197|datac                            ;
;   3.708 ;   0.231 ; FR ; CELL ; 1      ; LABCELL_X30_Y21_N57 ; u_framectl|Add1~197|sumout                           ;
;   3.708 ;   0.000 ; RR ; IC   ; 1      ; FF_X30_Y21_N59      ; u_framectl|deadline_faults_q[49]|d                   ;
;   3.777 ;   0.069 ; RR ; CELL ; 1      ; FF_X30_Y21_N59      ; zhao_video_framectl:u_framectl|deadline_faults_q[49] ;
+---------+---------+----+------+--------+---------------------+------------------------------------------------------+

+--------------------------------------------------------------------------------------------------------------------+
; Data Required Path                                                                                                 ;
+---------+----------+----+------+--------+-------------------+------------------------------------------------------+
; Total   ; Incr     ; RF ; Type ; Fanout ; Location          ; Element                                              ;
+---------+----------+----+------+--------+-------------------+------------------------------------------------------+
; 0.000   ; 0.000    ;    ;      ;        ;                   ; latch edge time                                      ;
; 3.359   ; 3.359    ;    ;      ;        ;                   ; clock path                                           ;
;   0.000 ;   0.000  ;    ;      ;        ;                   ; source latency                                       ;
;   0.000 ;   0.000  ;    ;      ; 1      ; LABCELL_X1_Y36_N3 ; vid_clk                                              ;
;   2.740 ;   2.740  ; RR ; IC   ; 1      ; CLKCTRL_G3        ; vid_clk~CLKENA0|inclk                                ;
;   3.061 ;   0.321  ; RR ; CELL ; 746    ; CLKCTRL_G3        ; vid_clk~CLKENA0|outclk                               ;
;   5.394 ;   2.333  ; RR ; IC   ; 1      ; FF_X30_Y21_N59    ; u_framectl|deadline_faults_q[49]|clk                 ;
;   5.958 ;   0.564  ; RR ; CELL ; 1      ; FF_X30_Y21_N59    ; zhao_video_framectl:u_framectl|deadline_faults_q[49] ;
;   3.359 ;   -2.599 ;    ;      ;        ;                   ; clock pessimism removed                              ;
; 3.359   ; 0.000    ;    ;      ;        ;                   ; clock uncertainty                                    ;
; 3.359   ; 0.000    ;    ; uTh  ; 1      ; FF_X30_Y21_N59    ; zhao_video_framectl:u_framectl|deadline_faults_q[49] ;
+---------+----------+----+------+--------+-------------------+------------------------------------------------------+

----------------------------
; Extra Fitter Information ;
----------------------------
HTML report is unavailable in plain text report export.


Path #82: Hold slack is 0.418 
===============================================================================
+------------------------------------------------------------------------+
; Path Summary                                                           ;
+--------------------+---------------------------------------------------+
; Property           ; Value                                             ;
+--------------------+---------------------------------------------------+
; From Node          ; zhao_video_framectl:u_framectl|frame_cycles_q[37] ;
; To Node            ; zhao_video_framectl:u_framectl|frame_cycles_q[37] ;
; Launch Clock       ; vid_clk                                           ;
; Latch Clock        ; vid_clk                                           ;
; Data Arrival Time  ; 3.916                                             ;
; Data Required Time ; 3.498                                             ;
; Slack              ; 0.418                                             ;
+--------------------+---------------------------------------------------+

+-----------------------------------------------------------------------------------+
; Statistics                                                                        ;
+------------------------+-------+-------+-------------+------------+-------+-------+
; Property               ; Value ; Count ; Total Delay ; % of Total ; Min   ; Max   ;
+------------------------+-------+-------+-------------+------------+-------+-------+
; Hold Relationship      ; 0.000 ;       ;             ;            ;       ;       ;
; Clock Skew             ; 0.111 ;       ;             ;            ;       ;       ;
; Data Delay             ; 0.529 ;       ;             ;            ;       ;       ;
; Number of Logic Levels ;       ; 1     ;             ;            ;       ;       ;
; Physical Delays        ;       ;       ;             ;            ;       ;       ;
;  Arrival Path          ;       ;       ;             ;            ;       ;       ;
;   Clock                ;       ;       ;             ;            ;       ;       ;
;    IC                  ;       ; 2     ; 2.610       ; 77         ; 0.581 ; 2.029 ;
;    Cell                ;       ; 2     ; 0.777       ; 23         ; 0.295 ; 0.482 ;
;   Data                 ;       ;       ;             ;            ;       ;       ;
;    IC                  ;       ; 2     ; 0.240       ; 45         ; 0.000 ; 0.240 ;
;    Cell                ;       ; 3     ; 0.289       ; 55         ; 0.000 ; 0.226 ;
;    uTco                ;       ; 1     ; 0.000       ; 0          ; 0.000 ; 0.000 ;
;  Required Path         ;       ;       ;             ;            ;       ;       ;
;   Clock                ;       ;       ;             ;            ;       ;       ;
;    IC                  ;       ; 2     ; 5.221       ; 86         ; 2.481 ; 2.740 ;
;    Cell                ;       ; 2     ; 0.882       ; 14         ; 0.321 ; 0.561 ;
+------------------------+-------+-------+-------------+------------+-------+-------+
Note: Negative delays are omitted from totals when calculating percentages

+-------------------------------------------------------------------------------------------------------------------+
; Data Arrival Path                                                                                                 ;
+---------+---------+----+------+--------+----------------------+---------------------------------------------------+
; Total   ; Incr    ; RF ; Type ; Fanout ; Location             ; Element                                           ;
+---------+---------+----+------+--------+----------------------+---------------------------------------------------+
; 0.000   ; 0.000   ;    ;      ;        ;                      ; launch edge time                                  ;
; 3.387   ; 3.387   ;    ;      ;        ;                      ; clock path                                        ;
;   0.000 ;   0.000 ;    ;      ;        ;                      ; source latency                                    ;
;   0.000 ;   0.000 ;    ;      ; 1      ; LABCELL_X1_Y36_N3    ; vid_clk                                           ;
;   0.581 ;   0.581 ; RR ; IC   ; 1      ; CLKCTRL_G3           ; vid_clk~CLKENA0|inclk                             ;
;   0.876 ;   0.295 ; RR ; CELL ; 746    ; CLKCTRL_G3           ; vid_clk~CLKENA0|outclk                            ;
;   2.905 ;   2.029 ; RR ; IC   ; 1      ; FF_X47_Y41_N20       ; u_framectl|frame_cycles_q[37]|clk                 ;
;   3.387 ;   0.482 ; RR ; CELL ; 1      ; FF_X47_Y41_N20       ; zhao_video_framectl:u_framectl|frame_cycles_q[37] ;
; 3.916   ; 0.529   ;    ;      ;        ;                      ; data path                                         ;
;   3.387 ;   0.000 ;    ; uTco ; 1      ; FF_X47_Y41_N20       ; zhao_video_framectl:u_framectl|frame_cycles_q[37] ;
;   3.387 ;   0.000 ; FF ; CELL ; 3      ; FF_X47_Y41_N20       ; u_framectl|frame_cycles_q[37]|q                   ;
;   3.627 ;   0.240 ; FF ; IC   ; 2      ; MLABCELL_X47_Y41_N18 ; u_framectl|Add2~145|datac                         ;
;   3.853 ;   0.226 ; FR ; CELL ; 1      ; MLABCELL_X47_Y41_N18 ; u_framectl|Add2~145|sumout                        ;
;   3.853 ;   0.000 ; RR ; IC   ; 1      ; FF_X47_Y41_N20       ; u_framectl|frame_cycles_q[37]|d                   ;
;   3.916 ;   0.063 ; RR ; CELL ; 1      ; FF_X47_Y41_N20       ; zhao_video_framectl:u_framectl|frame_cycles_q[37] ;
+---------+---------+----+------+--------+----------------------+---------------------------------------------------+

+-----------------------------------------------------------------------------------------------------------------+
; Data Required Path                                                                                              ;
+---------+----------+----+------+--------+-------------------+---------------------------------------------------+
; Total   ; Incr     ; RF ; Type ; Fanout ; Location          ; Element                                           ;
+---------+----------+----+------+--------+-------------------+---------------------------------------------------+
; 0.000   ; 0.000    ;    ;      ;        ;                   ; latch edge time                                   ;
; 3.498   ; 3.498    ;    ;      ;        ;                   ; clock path                                        ;
;   0.000 ;   0.000  ;    ;      ;        ;                   ; source latency                                    ;
;   0.000 ;   0.000  ;    ;      ; 1      ; LABCELL_X1_Y36_N3 ; vid_clk                                           ;
;   2.740 ;   2.740  ; RR ; IC   ; 1      ; CLKCTRL_G3        ; vid_clk~CLKENA0|inclk                             ;
;   3.061 ;   0.321  ; RR ; CELL ; 746    ; CLKCTRL_G3        ; vid_clk~CLKENA0|outclk                            ;
;   5.542 ;   2.481  ; RR ; IC   ; 1      ; FF_X47_Y41_N20    ; u_framectl|frame_cycles_q[37]|clk                 ;
;   6.103 ;   0.561  ; RR ; CELL ; 1      ; FF_X47_Y41_N20    ; zhao_video_framectl:u_framectl|frame_cycles_q[37] ;
;   3.498 ;   -2.605 ;    ;      ;        ;                   ; clock pessimism removed                           ;
; 3.498   ; 0.000    ;    ;      ;        ;                   ; clock uncertainty                                 ;
; 3.498   ; 0.000    ;    ; uTh  ; 1      ; FF_X47_Y41_N20    ; zhao_video_framectl:u_framectl|frame_cycles_q[37] ;
+---------+----------+----+------+--------+-------------------+---------------------------------------------------+

----------------------------
; Extra Fitter Information ;
----------------------------
HTML report is unavailable in plain text report export.


Path #83: Hold slack is 0.418 
===============================================================================
+------------------------------------------------------------------------+
; Path Summary                                                           ;
+--------------------+---------------------------------------------------+
; Property           ; Value                                             ;
+--------------------+---------------------------------------------------+
; From Node          ; zhao_video_framectl:u_framectl|frame_cycles_q[23] ;
; To Node            ; zhao_video_framectl:u_framectl|frame_cycles_q[23] ;
; Launch Clock       ; vid_clk                                           ;
; Latch Clock        ; vid_clk                                           ;
; Data Arrival Time  ; 3.911                                             ;
; Data Required Time ; 3.493                                             ;
; Slack              ; 0.418                                             ;
+--------------------+---------------------------------------------------+

+-----------------------------------------------------------------------------------+
; Statistics                                                                        ;
+------------------------+-------+-------+-------------+------------+-------+-------+
; Property               ; Value ; Count ; Total Delay ; % of Total ; Min   ; Max   ;
+------------------------+-------+-------+-------------+------------+-------+-------+
; Hold Relationship      ; 0.000 ;       ;             ;            ;       ;       ;
; Clock Skew             ; 0.111 ;       ;             ;            ;       ;       ;
; Data Delay             ; 0.529 ;       ;             ;            ;       ;       ;
; Number of Logic Levels ;       ; 1     ;             ;            ;       ;       ;
; Physical Delays        ;       ;       ;             ;            ;       ;       ;
;  Arrival Path          ;       ;       ;             ;            ;       ;       ;
;   Clock                ;       ;       ;             ;            ;       ;       ;
;    IC                  ;       ; 2     ; 2.609       ; 77         ; 0.581 ; 2.028 ;
;    Cell                ;       ; 2     ; 0.773       ; 23         ; 0.295 ; 0.478 ;
;   Data                 ;       ;       ;             ;            ;       ;       ;
;    IC                  ;       ; 2     ; 0.240       ; 45         ; 0.000 ; 0.240 ;
;    Cell                ;       ; 3     ; 0.289       ; 55         ; 0.000 ; 0.226 ;
;    uTco                ;       ; 1     ; 0.000       ; 0          ; 0.000 ; 0.000 ;
;  Required Path         ;       ;       ;             ;            ;       ;       ;
;   Clock                ;       ;       ;             ;            ;       ;       ;
;    IC                  ;       ; 2     ; 5.220       ; 86         ; 2.480 ; 2.740 ;
;    Cell                ;       ; 2     ; 0.877       ; 14         ; 0.321 ; 0.556 ;
+------------------------+-------+-------+-------------+------------+-------+-------+
Note: Negative delays are omitted from totals when calculating percentages

+-------------------------------------------------------------------------------------------------------------------+
; Data Arrival Path                                                                                                 ;
+---------+---------+----+------+--------+----------------------+---------------------------------------------------+
; Total   ; Incr    ; RF ; Type ; Fanout ; Location             ; Element                                           ;
+---------+---------+----+------+--------+----------------------+---------------------------------------------------+
; 0.000   ; 0.000   ;    ;      ;        ;                      ; launch edge time                                  ;
; 3.382   ; 3.382   ;    ;      ;        ;                      ; clock path                                        ;
;   0.000 ;   0.000 ;    ;      ;        ;                      ; source latency                                    ;
;   0.000 ;   0.000 ;    ;      ; 1      ; LABCELL_X1_Y36_N3    ; vid_clk                                           ;
;   0.581 ;   0.581 ; RR ; IC   ; 1      ; CLKCTRL_G3           ; vid_clk~CLKENA0|inclk                             ;
;   0.876 ;   0.295 ; RR ; CELL ; 746    ; CLKCTRL_G3           ; vid_clk~CLKENA0|outclk                            ;
;   2.904 ;   2.028 ; RR ; IC   ; 1      ; FF_X47_Y42_N38       ; u_framectl|frame_cycles_q[23]|clk                 ;
;   3.382 ;   0.478 ; RR ; CELL ; 1      ; FF_X47_Y42_N38       ; zhao_video_framectl:u_framectl|frame_cycles_q[23] ;
; 3.911   ; 0.529   ;    ;      ;        ;                      ; data path                                         ;
;   3.382 ;   0.000 ;    ; uTco ; 1      ; FF_X47_Y42_N38       ; zhao_video_framectl:u_framectl|frame_cycles_q[23] ;
;   3.382 ;   0.000 ; FF ; CELL ; 3      ; FF_X47_Y42_N38       ; u_framectl|frame_cycles_q[23]|q                   ;
;   3.622 ;   0.240 ; FF ; IC   ; 2      ; MLABCELL_X47_Y42_N36 ; u_framectl|Add2~89|datac                          ;
;   3.848 ;   0.226 ; FR ; CELL ; 1      ; MLABCELL_X47_Y42_N36 ; u_framectl|Add2~89|sumout                         ;
;   3.848 ;   0.000 ; RR ; IC   ; 1      ; FF_X47_Y42_N38       ; u_framectl|frame_cycles_q[23]|d                   ;
;   3.911 ;   0.063 ; RR ; CELL ; 1      ; FF_X47_Y42_N38       ; zhao_video_framectl:u_framectl|frame_cycles_q[23] ;
+---------+---------+----+------+--------+----------------------+---------------------------------------------------+

+-----------------------------------------------------------------------------------------------------------------+
; Data Required Path                                                                                              ;
+---------+----------+----+------+--------+-------------------+---------------------------------------------------+
; Total   ; Incr     ; RF ; Type ; Fanout ; Location          ; Element                                           ;
+---------+----------+----+------+--------+-------------------+---------------------------------------------------+
; 0.000   ; 0.000    ;    ;      ;        ;                   ; latch edge time                                   ;
; 3.493   ; 3.493    ;    ;      ;        ;                   ; clock path                                        ;
;   0.000 ;   0.000  ;    ;      ;        ;                   ; source latency                                    ;
;   0.000 ;   0.000  ;    ;      ; 1      ; LABCELL_X1_Y36_N3 ; vid_clk                                           ;
;   2.740 ;   2.740  ; RR ; IC   ; 1      ; CLKCTRL_G3        ; vid_clk~CLKENA0|inclk                             ;
;   3.061 ;   0.321  ; RR ; CELL ; 746    ; CLKCTRL_G3        ; vid_clk~CLKENA0|outclk                            ;
;   5.541 ;   2.480  ; RR ; IC   ; 1      ; FF_X47_Y42_N38    ; u_framectl|frame_cycles_q[23]|clk                 ;
;   6.097 ;   0.556  ; RR ; CELL ; 1      ; FF_X47_Y42_N38    ; zhao_video_framectl:u_framectl|frame_cycles_q[23] ;
;   3.493 ;   -2.604 ;    ;      ;        ;                   ; clock pessimism removed                           ;
; 3.493   ; 0.000    ;    ;      ;        ;                   ; clock uncertainty                                 ;
; 3.493   ; 0.000    ;    ; uTh  ; 1      ; FF_X47_Y42_N38    ; zhao_video_framectl:u_framectl|frame_cycles_q[23] ;
+---------+----------+----+------+--------+-------------------+---------------------------------------------------+

----------------------------
; Extra Fitter Information ;
----------------------------
HTML report is unavailable in plain text report export.


Path #84: Hold slack is 0.418 
===============================================================================
+----------------------------------------------------------------------------------------------+
; Path Summary                                                                                 ;
+--------------------+-------------------------------------------------------------------------+
; Property           ; Value                                                                   ;
+--------------------+-------------------------------------------------------------------------+
; From Node          ; zhao_video_scanout:u_scanout|zhao_scanout_serializer:u_ser|starve_q[19] ;
; To Node            ; zhao_video_scanout:u_scanout|zhao_scanout_serializer:u_ser|starve_q[19] ;
; Launch Clock       ; vid_clk                                                                 ;
; Latch Clock        ; vid_clk                                                                 ;
; Data Arrival Time  ; 3.779                                                                   ;
; Data Required Time ; 3.361                                                                   ;
; Slack              ; 0.418                                                                   ;
+--------------------+-------------------------------------------------------------------------+

+-----------------------------------------------------------------------------------+
; Statistics                                                                        ;
+------------------------+-------+-------+-------------+------------+-------+-------+
; Property               ; Value ; Count ; Total Delay ; % of Total ; Min   ; Max   ;
+------------------------+-------+-------+-------------+------------+-------+-------+
; Hold Relationship      ; 0.000 ;       ;             ;            ;       ;       ;
; Clock Skew             ; 0.107 ;       ;             ;            ;       ;       ;
; Data Delay             ; 0.525 ;       ;             ;            ;       ;       ;
; Number of Logic Levels ;       ; 1     ;             ;            ;       ;       ;
; Physical Delays        ;       ;       ;             ;            ;       ;       ;
;  Arrival Path          ;       ;       ;             ;            ;       ;       ;
;   Clock                ;       ;       ;             ;            ;       ;       ;
;    IC                  ;       ; 2     ; 2.482       ; 76         ; 0.581 ; 1.901 ;
;    Cell                ;       ; 2     ; 0.772       ; 24         ; 0.295 ; 0.477 ;
;   Data                 ;       ;       ;             ;            ;       ;       ;
;    IC                  ;       ; 2     ; 0.236       ; 45         ; 0.000 ; 0.236 ;
;    Cell                ;       ; 3     ; 0.289       ; 55         ; 0.000 ; 0.226 ;
;    uTco                ;       ; 1     ; 0.000       ; 0          ; 0.000 ; 0.000 ;
;  Required Path         ;       ;       ;             ;            ;       ;       ;
;   Clock                ;       ;       ;             ;            ;       ;       ;
;    IC                  ;       ; 2     ; 5.084       ; 85         ; 2.344 ; 2.740 ;
;    Cell                ;       ; 2     ; 0.876       ; 15         ; 0.321 ; 0.555 ;
+------------------------+-------+-------+-------------+------------+-------+-------+
Note: Negative delays are omitted from totals when calculating percentages

+-----------------------------------------------------------------------------------------------------------------------------------------+
; Data Arrival Path                                                                                                                       ;
+---------+---------+----+------+--------+----------------------+-------------------------------------------------------------------------+
; Total   ; Incr    ; RF ; Type ; Fanout ; Location             ; Element                                                                 ;
+---------+---------+----+------+--------+----------------------+-------------------------------------------------------------------------+
; 0.000   ; 0.000   ;    ;      ;        ;                      ; launch edge time                                                        ;
; 3.254   ; 3.254   ;    ;      ;        ;                      ; clock path                                                              ;
;   0.000 ;   0.000 ;    ;      ;        ;                      ; source latency                                                          ;
;   0.000 ;   0.000 ;    ;      ; 1      ; LABCELL_X1_Y36_N3    ; vid_clk                                                                 ;
;   0.581 ;   0.581 ; RR ; IC   ; 1      ; CLKCTRL_G3           ; vid_clk~CLKENA0|inclk                                                   ;
;   0.876 ;   0.295 ; RR ; CELL ; 746    ; CLKCTRL_G3           ; vid_clk~CLKENA0|outclk                                                  ;
;   2.777 ;   1.901 ; RR ; IC   ; 1      ; FF_X39_Y27_N26       ; u_scanout|u_ser|starve_q[19]|clk                                        ;
;   3.254 ;   0.477 ; RR ; CELL ; 1      ; FF_X39_Y27_N26       ; zhao_video_scanout:u_scanout|zhao_scanout_serializer:u_ser|starve_q[19] ;
; 3.779   ; 0.525   ;    ;      ;        ;                      ; data path                                                               ;
;   3.254 ;   0.000 ;    ; uTco ; 1      ; FF_X39_Y27_N26       ; zhao_video_scanout:u_scanout|zhao_scanout_serializer:u_ser|starve_q[19] ;
;   3.254 ;   0.000 ; FF ; CELL ; 6      ; FF_X39_Y27_N26       ; u_scanout|u_ser|starve_q[19]|q                                          ;
;   3.490 ;   0.236 ; FF ; IC   ; 2      ; MLABCELL_X39_Y27_N24 ; u_scanout|u_ser|Add5~73|datac                                           ;
;   3.716 ;   0.226 ; FR ; CELL ; 1      ; MLABCELL_X39_Y27_N24 ; u_scanout|u_ser|Add5~73|sumout                                          ;
;   3.716 ;   0.000 ; RR ; IC   ; 1      ; FF_X39_Y27_N26       ; u_scanout|u_ser|starve_q[19]|d                                          ;
;   3.779 ;   0.063 ; RR ; CELL ; 1      ; FF_X39_Y27_N26       ; zhao_video_scanout:u_scanout|zhao_scanout_serializer:u_ser|starve_q[19] ;
+---------+---------+----+------+--------+----------------------+-------------------------------------------------------------------------+

+---------------------------------------------------------------------------------------------------------------------------------------+
; Data Required Path                                                                                                                    ;
+---------+----------+----+------+--------+-------------------+-------------------------------------------------------------------------+
; Total   ; Incr     ; RF ; Type ; Fanout ; Location          ; Element                                                                 ;
+---------+----------+----+------+--------+-------------------+-------------------------------------------------------------------------+
; 0.000   ; 0.000    ;    ;      ;        ;                   ; latch edge time                                                         ;
; 3.361   ; 3.361    ;    ;      ;        ;                   ; clock path                                                              ;
;   0.000 ;   0.000  ;    ;      ;        ;                   ; source latency                                                          ;
;   0.000 ;   0.000  ;    ;      ; 1      ; LABCELL_X1_Y36_N3 ; vid_clk                                                                 ;
;   2.740 ;   2.740  ; RR ; IC   ; 1      ; CLKCTRL_G3        ; vid_clk~CLKENA0|inclk                                                   ;
;   3.061 ;   0.321  ; RR ; CELL ; 746    ; CLKCTRL_G3        ; vid_clk~CLKENA0|outclk                                                  ;
;   5.405 ;   2.344  ; RR ; IC   ; 1      ; FF_X39_Y27_N26    ; u_scanout|u_ser|starve_q[19]|clk                                        ;
;   5.960 ;   0.555  ; RR ; CELL ; 1      ; FF_X39_Y27_N26    ; zhao_video_scanout:u_scanout|zhao_scanout_serializer:u_ser|starve_q[19] ;
;   3.361 ;   -2.599 ;    ;      ;        ;                   ; clock pessimism removed                                                 ;
; 3.361   ; 0.000    ;    ;      ;        ;                   ; clock uncertainty                                                       ;
; 3.361   ; 0.000    ;    ; uTh  ; 1      ; FF_X39_Y27_N26    ; zhao_video_scanout:u_scanout|zhao_scanout_serializer:u_ser|starve_q[19] ;
+---------+----------+----+------+--------+-------------------+-------------------------------------------------------------------------+

----------------------------
; Extra Fitter Information ;
----------------------------
HTML report is unavailable in plain text report export.


Path #85: Hold slack is 0.418 
===============================================================================
+-----------------------------------------------------------------+
; Path Summary                                                    ;
+--------------------+--------------------------------------------+
; Property           ; Value                                      ;
+--------------------+--------------------------------------------+
; From Node          ; zhao_hps_bridge:u_bridge|hps_err_count[19] ;
; To Node            ; zhao_hps_bridge:u_bridge|hps_err_count[19] ;
; Launch Clock       ; gpu_clk                                    ;
; Latch Clock        ; gpu_clk                                    ;
; Data Arrival Time  ; 3.788                                      ;
; Data Required Time ; 3.370                                      ;
; Slack              ; 0.418                                      ;
+--------------------+--------------------------------------------+

+-----------------------------------------------------------------------------------+
; Statistics                                                                        ;
+------------------------+-------+-------+-------------+------------+-------+-------+
; Property               ; Value ; Count ; Total Delay ; % of Total ; Min   ; Max   ;
+------------------------+-------+-------+-------------+------------+-------+-------+
; Hold Relationship      ; 0.000 ;       ;             ;            ;       ;       ;
; Clock Skew             ; 0.108 ;       ;             ;            ;       ;       ;
; Data Delay             ; 0.526 ;       ;             ;            ;       ;       ;
; Number of Logic Levels ;       ; 1     ;             ;            ;       ;       ;
; Physical Delays        ;       ;       ;             ;            ;       ;       ;
;  Arrival Path          ;       ;       ;             ;            ;       ;       ;
;   Clock                ;       ;       ;             ;            ;       ;       ;
;    IC                  ;       ; 2     ; 2.486       ; 76         ; 0.576 ; 1.910 ;
;    Cell                ;       ; 2     ; 0.776       ; 24         ; 0.295 ; 0.481 ;
;   Data                 ;       ;       ;             ;            ;       ;       ;
;    IC                  ;       ; 2     ; 0.237       ; 45         ; 0.000 ; 0.237 ;
;    Cell                ;       ; 3     ; 0.289       ; 55         ; 0.000 ; 0.226 ;
;    uTco                ;       ; 1     ; 0.000       ; 0          ; 0.000 ; 0.000 ;
;  Required Path         ;       ;       ;             ;            ;       ;       ;
;   Clock                ;       ;       ;             ;            ;       ;       ;
;    IC                  ;       ; 2     ; 5.088       ; 85         ; 2.354 ; 2.734 ;
;    Cell                ;       ; 2     ; 0.881       ; 15         ; 0.321 ; 0.560 ;
+------------------------+-------+-------+-------------+------------+-------+-------+
Note: Negative delays are omitted from totals when calculating percentages

+------------------------------------------------------------------------------------------------------------+
; Data Arrival Path                                                                                          ;
+---------+---------+----+------+--------+----------------------+--------------------------------------------+
; Total   ; Incr    ; RF ; Type ; Fanout ; Location             ; Element                                    ;
+---------+---------+----+------+--------+----------------------+--------------------------------------------+
; 0.000   ; 0.000   ;    ;      ;        ;                      ; launch edge time                           ;
; 3.262   ; 3.262   ;    ;      ;        ;                      ; clock path                                 ;
;   0.000 ;   0.000 ;    ;      ;        ;                      ; source latency                             ;
;   0.000 ;   0.000 ;    ;      ; 1      ; LABCELL_X1_Y36_N9    ; gpu_clk                                    ;
;   0.576 ;   0.576 ; RR ; IC   ; 1      ; CLKCTRL_G2           ; gpu_clk~CLKENA0|inclk                      ;
;   0.871 ;   0.295 ; RR ; CELL ; 9078   ; CLKCTRL_G2           ; gpu_clk~CLKENA0|outclk                     ;
;   2.781 ;   1.910 ; RR ; IC   ; 1      ; FF_X34_Y31_N56       ; u_bridge|hps_err_count[19]|clk             ;
;   3.262 ;   0.481 ; RR ; CELL ; 1      ; FF_X34_Y31_N56       ; zhao_hps_bridge:u_bridge|hps_err_count[19] ;
; 3.788   ; 0.526   ;    ;      ;        ;                      ; data path                                  ;
;   3.262 ;   0.000 ;    ; uTco ; 1      ; FF_X34_Y31_N56       ; zhao_hps_bridge:u_bridge|hps_err_count[19] ;
;   3.262 ;   0.000 ; FF ; CELL ; 2      ; FF_X34_Y31_N56       ; u_bridge|hps_err_count[19]|q               ;
;   3.499 ;   0.237 ; FF ; IC   ; 2      ; MLABCELL_X34_Y31_N54 ; u_bridge|Add0~73|datac                     ;
;   3.725 ;   0.226 ; FR ; CELL ; 1      ; MLABCELL_X34_Y31_N54 ; u_bridge|Add0~73|sumout                    ;
;   3.725 ;   0.000 ; RR ; IC   ; 1      ; FF_X34_Y31_N56       ; u_bridge|hps_err_count[19]|d               ;
;   3.788 ;   0.063 ; RR ; CELL ; 1      ; FF_X34_Y31_N56       ; zhao_hps_bridge:u_bridge|hps_err_count[19] ;
+---------+---------+----+------+--------+----------------------+--------------------------------------------+

+----------------------------------------------------------------------------------------------------------+
; Data Required Path                                                                                       ;
+---------+----------+----+------+--------+-------------------+--------------------------------------------+
; Total   ; Incr     ; RF ; Type ; Fanout ; Location          ; Element                                    ;
+---------+----------+----+------+--------+-------------------+--------------------------------------------+
; 0.000   ; 0.000    ;    ;      ;        ;                   ; latch edge time                            ;
; 3.370   ; 3.370    ;    ;      ;        ;                   ; clock path                                 ;
;   0.000 ;   0.000  ;    ;      ;        ;                   ; source latency                             ;
;   0.000 ;   0.000  ;    ;      ; 1      ; LABCELL_X1_Y36_N9 ; gpu_clk                                    ;
;   2.734 ;   2.734  ; RR ; IC   ; 1      ; CLKCTRL_G2        ; gpu_clk~CLKENA0|inclk                      ;
;   3.055 ;   0.321  ; RR ; CELL ; 9078   ; CLKCTRL_G2        ; gpu_clk~CLKENA0|outclk                     ;
;   5.409 ;   2.354  ; RR ; IC   ; 1      ; FF_X34_Y31_N56    ; u_bridge|hps_err_count[19]|clk             ;
;   5.969 ;   0.560  ; RR ; CELL ; 1      ; FF_X34_Y31_N56    ; zhao_hps_bridge:u_bridge|hps_err_count[19] ;
;   3.370 ;   -2.599 ;    ;      ;        ;                   ; clock pessimism removed                    ;
; 3.370   ; 0.000    ;    ;      ;        ;                   ; clock uncertainty                          ;
; 3.370   ; 0.000    ;    ; uTh  ; 1      ; FF_X34_Y31_N56    ; zhao_hps_bridge:u_bridge|hps_err_count[19] ;
+---------+----------+----+------+--------+-------------------+--------------------------------------------+

----------------------------
; Extra Fitter Information ;
----------------------------
HTML report is unavailable in plain text report export.


Path #86: Hold slack is 0.419 
===============================================================================
+-------------------------------+
; Path Summary                  ;
+--------------------+----------+
; Property           ; Value    ;
+--------------------+----------+
; From Node          ; f_pos[0] ;
; To Node            ; f_pos[0] ;
; Launch Clock       ; gpu_clk  ;
; Latch Clock        ; gpu_clk  ;
; Data Arrival Time  ; 3.885    ;
; Data Required Time ; 3.466    ;
; Slack              ; 0.419    ;
+--------------------+----------+

+-----------------------------------------------------------------------------------+
; Statistics                                                                        ;
+------------------------+-------+-------+-------------+------------+-------+-------+
; Property               ; Value ; Count ; Total Delay ; % of Total ; Min   ; Max   ;
+------------------------+-------+-------+-------------+------------+-------+-------+
; Hold Relationship      ; 0.000 ;       ;             ;            ;       ;       ;
; Clock Skew             ; 0.112 ;       ;             ;            ;       ;       ;
; Data Delay             ; 0.531 ;       ;             ;            ;       ;       ;
; Number of Logic Levels ;       ; 1     ;             ;            ;       ;       ;
; Physical Delays        ;       ;       ;             ;            ;       ;       ;
;  Arrival Path          ;       ;       ;             ;            ;       ;       ;
;   Clock                ;       ;       ;             ;            ;       ;       ;
;    IC                  ;       ; 2     ; 2.575       ; 77         ; 0.576 ; 1.999 ;
;    Cell                ;       ; 2     ; 0.779       ; 23         ; 0.295 ; 0.484 ;
;   Data                 ;       ;       ;             ;            ;       ;       ;
;    IC                  ;       ; 2     ; 0.231       ; 44         ; 0.000 ; 0.231 ;
;    Cell                ;       ; 3     ; 0.300       ; 56         ; 0.000 ; 0.230 ;
;    uTco                ;       ; 1     ; 0.000       ; 0          ; 0.000 ; 0.000 ;
;  Required Path         ;       ;       ;             ;            ;       ;       ;
;   Clock                ;       ;       ;             ;            ;       ;       ;
;    IC                  ;       ; 2     ; 5.184       ; 85         ; 2.450 ; 2.734 ;
;    Cell                ;       ; 2     ; 0.885       ; 15         ; 0.321 ; 0.564 ;
+------------------------+-------+-------+-------------+------------+-------+-------+
Note: Negative delays are omitted from totals when calculating percentages

+--------------------------------------------------------------------------------------+
; Data Arrival Path                                                                    ;
+---------+---------+----+------+--------+--------------------+------------------------+
; Total   ; Incr    ; RF ; Type ; Fanout ; Location           ; Element                ;
+---------+---------+----+------+--------+--------------------+------------------------+
; 0.000   ; 0.000   ;    ;      ;        ;                    ; launch edge time       ;
; 3.354   ; 3.354   ;    ;      ;        ;                    ; clock path             ;
;   0.000 ;   0.000 ;    ;      ;        ;                    ; source latency         ;
;   0.000 ;   0.000 ;    ;      ; 1      ; LABCELL_X1_Y36_N9  ; gpu_clk                ;
;   0.576 ;   0.576 ; RR ; IC   ; 1      ; CLKCTRL_G2         ; gpu_clk~CLKENA0|inclk  ;
;   0.871 ;   0.295 ; RR ; CELL ; 9078   ; CLKCTRL_G2         ; gpu_clk~CLKENA0|outclk ;
;   2.870 ;   1.999 ; RR ; IC   ; 1      ; FF_X35_Y47_N2      ; f_pos[0]|clk           ;
;   3.354 ;   0.484 ; RR ; CELL ; 1      ; FF_X35_Y47_N2      ; f_pos[0]               ;
; 3.885   ; 0.531   ;    ;      ;        ;                    ; data path              ;
;   3.354 ;   0.000 ;    ; uTco ; 1      ; FF_X35_Y47_N2      ; f_pos[0]               ;
;   3.354 ;   0.000 ; FF ; CELL ; 2      ; FF_X35_Y47_N2      ; f_pos[0]|q             ;
;   3.585 ;   0.231 ; FF ; IC   ; 2      ; LABCELL_X35_Y47_N0 ; Add19~45|datac         ;
;   3.815 ;   0.230 ; FR ; CELL ; 2      ; LABCELL_X35_Y47_N0 ; Add19~45|sumout        ;
;   3.815 ;   0.000 ; RR ; IC   ; 1      ; FF_X35_Y47_N2      ; f_pos[0]|d             ;
;   3.885 ;   0.070 ; RR ; CELL ; 1      ; FF_X35_Y47_N2      ; f_pos[0]               ;
+---------+---------+----+------+--------+--------------------+------------------------+

+---------------------------------------------------------------------------------------+
; Data Required Path                                                                    ;
+---------+----------+----+------+--------+-------------------+-------------------------+
; Total   ; Incr     ; RF ; Type ; Fanout ; Location          ; Element                 ;
+---------+----------+----+------+--------+-------------------+-------------------------+
; 0.000   ; 0.000    ;    ;      ;        ;                   ; latch edge time         ;
; 3.466   ; 3.466    ;    ;      ;        ;                   ; clock path              ;
;   0.000 ;   0.000  ;    ;      ;        ;                   ; source latency          ;
;   0.000 ;   0.000  ;    ;      ; 1      ; LABCELL_X1_Y36_N9 ; gpu_clk                 ;
;   2.734 ;   2.734  ; RR ; IC   ; 1      ; CLKCTRL_G2        ; gpu_clk~CLKENA0|inclk   ;
;   3.055 ;   0.321  ; RR ; CELL ; 9078   ; CLKCTRL_G2        ; gpu_clk~CLKENA0|outclk  ;
;   5.505 ;   2.450  ; RR ; IC   ; 1      ; FF_X35_Y47_N2     ; f_pos[0]|clk            ;
;   6.069 ;   0.564  ; RR ; CELL ; 1      ; FF_X35_Y47_N2     ; f_pos[0]                ;
;   3.466 ;   -2.603 ;    ;      ;        ;                   ; clock pessimism removed ;
; 3.466   ; 0.000    ;    ;      ;        ;                   ; clock uncertainty       ;
; 3.466   ; 0.000    ;    ; uTh  ; 1      ; FF_X35_Y47_N2     ; f_pos[0]                ;
+---------+----------+----+------+--------+-------------------+-------------------------+

----------------------------
; Extra Fitter Information ;
----------------------------
HTML report is unavailable in plain text report export.


Path #87: Hold slack is 0.419 
===============================================================================
+--------------------------------+
; Path Summary                   ;
+--------------------+-----------+
; Property           ; Value     ;
+--------------------+-----------+
; From Node          ; f_rpos[3] ;
; To Node            ; f_rpos[3] ;
; Launch Clock       ; gpu_clk   ;
; Latch Clock        ; gpu_clk   ;
; Data Arrival Time  ; 3.910     ;
; Data Required Time ; 3.491     ;
; Slack              ; 0.419     ;
+--------------------+-----------+

+-----------------------------------------------------------------------------------+
; Statistics                                                                        ;
+------------------------+-------+-------+-------------+------------+-------+-------+
; Property               ; Value ; Count ; Total Delay ; % of Total ; Min   ; Max   ;
+------------------------+-------+-------+-------------+------------+-------+-------+
; Hold Relationship      ; 0.000 ;       ;             ;            ;       ;       ;
; Clock Skew             ; 0.114 ;       ;             ;            ;       ;       ;
; Data Delay             ; 0.533 ;       ;             ;            ;       ;       ;
; Number of Logic Levels ;       ; 1     ;             ;            ;       ;       ;
; Physical Delays        ;       ;       ;             ;            ;       ;       ;
;  Arrival Path          ;       ;       ;             ;            ;       ;       ;
;   Clock                ;       ;       ;             ;            ;       ;       ;
;    IC                  ;       ; 2     ; 2.585       ; 77         ; 0.576 ; 2.009 ;
;    Cell                ;       ; 2     ; 0.792       ; 23         ; 0.295 ; 0.497 ;
;   Data                 ;       ;       ;             ;            ;       ;       ;
;    IC                  ;       ; 2     ; 0.230       ; 43         ; 0.000 ; 0.230 ;
;    Cell                ;       ; 3     ; 0.303       ; 57         ; 0.000 ; 0.233 ;
;    uTco                ;       ; 1     ; 0.000       ; 0          ; 0.000 ; 0.000 ;
;  Required Path         ;       ;       ;             ;            ;       ;       ;
;   Clock                ;       ;       ;             ;            ;       ;       ;
;    IC                  ;       ; 2     ; 5.194       ; 85         ; 2.460 ; 2.734 ;
;    Cell                ;       ; 2     ; 0.900       ; 15         ; 0.321 ; 0.579 ;
+------------------------+-------+-------+-------------+------------+-------+-------+
Note: Negative delays are omitted from totals when calculating percentages

+--------------------------------------------------------------------------------------+
; Data Arrival Path                                                                    ;
+---------+---------+----+------+--------+--------------------+------------------------+
; Total   ; Incr    ; RF ; Type ; Fanout ; Location           ; Element                ;
+---------+---------+----+------+--------+--------------------+------------------------+
; 0.000   ; 0.000   ;    ;      ;        ;                    ; launch edge time       ;
; 3.377   ; 3.377   ;    ;      ;        ;                    ; clock path             ;
;   0.000 ;   0.000 ;    ;      ;        ;                    ; source latency         ;
;   0.000 ;   0.000 ;    ;      ; 1      ; LABCELL_X1_Y36_N9  ; gpu_clk                ;
;   0.576 ;   0.576 ; RR ; IC   ; 1      ; CLKCTRL_G2         ; gpu_clk~CLKENA0|inclk  ;
;   0.871 ;   0.295 ; RR ; CELL ; 9078   ; CLKCTRL_G2         ; gpu_clk~CLKENA0|outclk ;
;   2.880 ;   2.009 ; RR ; IC   ; 1      ; FF_X37_Y47_N11     ; f_rpos[3]|clk          ;
;   3.377 ;   0.497 ; RR ; CELL ; 1      ; FF_X37_Y47_N11     ; f_rpos[3]              ;
; 3.910   ; 0.533   ;    ;      ;        ;                    ; data path              ;
;   3.377 ;   0.000 ;    ; uTco ; 1      ; FF_X37_Y47_N11     ; f_rpos[3]              ;
;   3.377 ;   0.000 ; FF ; CELL ; 18     ; FF_X37_Y47_N11     ; f_rpos[3]|q            ;
;   3.607 ;   0.230 ; FF ; IC   ; 2      ; LABCELL_X37_Y47_N9 ; Add15~29|datac         ;
;   3.840 ;   0.233 ; FR ; CELL ; 2      ; LABCELL_X37_Y47_N9 ; Add15~29|sumout        ;
;   3.840 ;   0.000 ; RR ; IC   ; 1      ; FF_X37_Y47_N11     ; f_rpos[3]|d            ;
;   3.910 ;   0.070 ; RR ; CELL ; 1      ; FF_X37_Y47_N11     ; f_rpos[3]              ;
+---------+---------+----+------+--------+--------------------+------------------------+

+---------------------------------------------------------------------------------------+
; Data Required Path                                                                    ;
+---------+----------+----+------+--------+-------------------+-------------------------+
; Total   ; Incr     ; RF ; Type ; Fanout ; Location          ; Element                 ;
+---------+----------+----+------+--------+-------------------+-------------------------+
; 0.000   ; 0.000    ;    ;      ;        ;                   ; latch edge time         ;
; 3.491   ; 3.491    ;    ;      ;        ;                   ; clock path              ;
;   0.000 ;   0.000  ;    ;      ;        ;                   ; source latency          ;
;   0.000 ;   0.000  ;    ;      ; 1      ; LABCELL_X1_Y36_N9 ; gpu_clk                 ;
;   2.734 ;   2.734  ; RR ; IC   ; 1      ; CLKCTRL_G2        ; gpu_clk~CLKENA0|inclk   ;
;   3.055 ;   0.321  ; RR ; CELL ; 9078   ; CLKCTRL_G2        ; gpu_clk~CLKENA0|outclk  ;
;   5.515 ;   2.460  ; RR ; IC   ; 1      ; FF_X37_Y47_N11    ; f_rpos[3]|clk           ;
;   6.094 ;   0.579  ; RR ; CELL ; 1      ; FF_X37_Y47_N11    ; f_rpos[3]               ;
;   3.491 ;   -2.603 ;    ;      ;        ;                   ; clock pessimism removed ;
; 3.491   ; 0.000    ;    ;      ;        ;                   ; clock uncertainty       ;
; 3.491   ; 0.000    ;    ; uTh  ; 1      ; FF_X37_Y47_N11    ; f_rpos[3]               ;
+---------+----------+----+------+--------+-------------------+-------------------------+

----------------------------
; Extra Fitter Information ;
----------------------------
HTML report is unavailable in plain text report export.


Path #88: Hold slack is 0.419 
===============================================================================
+----------------------------------------------------------------+
; Path Summary                                                   ;
+--------------------+-------------------------------------------+
; Property           ; Value                                     ;
+--------------------+-------------------------------------------+
; From Node          ; zhao_cmd_scheduler:u_sched|dead_cnt[1][5] ;
; To Node            ; zhao_cmd_scheduler:u_sched|dead_cnt[1][5] ;
; Launch Clock       ; gpu_clk                                   ;
; Latch Clock        ; gpu_clk                                   ;
; Data Arrival Time  ; 3.912                                     ;
; Data Required Time ; 3.493                                     ;
; Slack              ; 0.419                                     ;
+--------------------+-------------------------------------------+

+-----------------------------------------------------------------------------------+
; Statistics                                                                        ;
+------------------------+-------+-------+-------------+------------+-------+-------+
; Property               ; Value ; Count ; Total Delay ; % of Total ; Min   ; Max   ;
+------------------------+-------+-------+-------------+------------+-------+-------+
; Hold Relationship      ; 0.000 ;       ;             ;            ;       ;       ;
; Clock Skew             ; 0.113 ;       ;             ;            ;       ;       ;
; Data Delay             ; 0.532 ;       ;             ;            ;       ;       ;
; Number of Logic Levels ;       ; 1     ;             ;            ;       ;       ;
; Physical Delays        ;       ;       ;             ;            ;       ;       ;
;  Arrival Path          ;       ;       ;             ;            ;       ;       ;
;   Clock                ;       ;       ;             ;            ;       ;       ;
;    IC                  ;       ; 2     ; 2.595       ; 77         ; 0.576 ; 2.019 ;
;    Cell                ;       ; 2     ; 0.785       ; 23         ; 0.295 ; 0.490 ;
;   Data                 ;       ;       ;             ;            ;       ;       ;
;    IC                  ;       ; 2     ; 0.232       ; 44         ; 0.000 ; 0.232 ;
;    Cell                ;       ; 3     ; 0.300       ; 56         ; 0.000 ; 0.231 ;
;    uTco                ;       ; 1     ; 0.000       ; 0          ; 0.000 ; 0.000 ;
;  Required Path         ;       ;       ;             ;            ;       ;       ;
;   Clock                ;       ;       ;             ;            ;       ;       ;
;    IC                  ;       ; 2     ; 5.205       ; 85         ; 2.471 ; 2.734 ;
;    Cell                ;       ; 2     ; 0.891       ; 15         ; 0.321 ; 0.570 ;
+------------------------+-------+-------+-------------+------------+-------+-------+
Note: Negative delays are omitted from totals when calculating percentages

+----------------------------------------------------------------------------------------------------------+
; Data Arrival Path                                                                                        ;
+---------+---------+----+------+--------+---------------------+-------------------------------------------+
; Total   ; Incr    ; RF ; Type ; Fanout ; Location            ; Element                                   ;
+---------+---------+----+------+--------+---------------------+-------------------------------------------+
; 0.000   ; 0.000   ;    ;      ;        ;                     ; launch edge time                          ;
; 3.380   ; 3.380   ;    ;      ;        ;                     ; clock path                                ;
;   0.000 ;   0.000 ;    ;      ;        ;                     ; source latency                            ;
;   0.000 ;   0.000 ;    ;      ; 1      ; LABCELL_X1_Y36_N9   ; gpu_clk                                   ;
;   0.576 ;   0.576 ; RR ; IC   ; 1      ; CLKCTRL_G2          ; gpu_clk~CLKENA0|inclk                     ;
;   0.871 ;   0.295 ; RR ; CELL ; 9078   ; CLKCTRL_G2          ; gpu_clk~CLKENA0|outclk                    ;
;   2.890 ;   2.019 ; RR ; IC   ; 1      ; FF_X43_Y47_N17      ; u_sched|dead_cnt[1][5]|clk                ;
;   3.380 ;   0.490 ; RR ; CELL ; 1      ; FF_X43_Y47_N17      ; zhao_cmd_scheduler:u_sched|dead_cnt[1][5] ;
; 3.912   ; 0.532   ;    ;      ;        ;                     ; data path                                 ;
;   3.380 ;   0.000 ;    ; uTco ; 1      ; FF_X43_Y47_N17      ; zhao_cmd_scheduler:u_sched|dead_cnt[1][5] ;
;   3.380 ;   0.000 ; FF ; CELL ; 3      ; FF_X43_Y47_N17      ; u_sched|dead_cnt[1][5]|q                  ;
;   3.612 ;   0.232 ; FF ; IC   ; 2      ; LABCELL_X43_Y47_N15 ; u_sched|Add1~29|datac                     ;
;   3.843 ;   0.231 ; FR ; CELL ; 1      ; LABCELL_X43_Y47_N15 ; u_sched|Add1~29|sumout                    ;
;   3.843 ;   0.000 ; RR ; IC   ; 1      ; FF_X43_Y47_N17      ; u_sched|dead_cnt[1][5]|d                  ;
;   3.912 ;   0.069 ; RR ; CELL ; 1      ; FF_X43_Y47_N17      ; zhao_cmd_scheduler:u_sched|dead_cnt[1][5] ;
+---------+---------+----+------+--------+---------------------+-------------------------------------------+

+---------------------------------------------------------------------------------------------------------+
; Data Required Path                                                                                      ;
+---------+----------+----+------+--------+-------------------+-------------------------------------------+
; Total   ; Incr     ; RF ; Type ; Fanout ; Location          ; Element                                   ;
+---------+----------+----+------+--------+-------------------+-------------------------------------------+
; 0.000   ; 0.000    ;    ;      ;        ;                   ; latch edge time                           ;
; 3.493   ; 3.493    ;    ;      ;        ;                   ; clock path                                ;
;   0.000 ;   0.000  ;    ;      ;        ;                   ; source latency                            ;
;   0.000 ;   0.000  ;    ;      ; 1      ; LABCELL_X1_Y36_N9 ; gpu_clk                                   ;
;   2.734 ;   2.734  ; RR ; IC   ; 1      ; CLKCTRL_G2        ; gpu_clk~CLKENA0|inclk                     ;
;   3.055 ;   0.321  ; RR ; CELL ; 9078   ; CLKCTRL_G2        ; gpu_clk~CLKENA0|outclk                    ;
;   5.526 ;   2.471  ; RR ; IC   ; 1      ; FF_X43_Y47_N17    ; u_sched|dead_cnt[1][5]|clk                ;
;   6.096 ;   0.570  ; RR ; CELL ; 1      ; FF_X43_Y47_N17    ; zhao_cmd_scheduler:u_sched|dead_cnt[1][5] ;
;   3.493 ;   -2.603 ;    ;      ;        ;                   ; clock pessimism removed                   ;
; 3.493   ; 0.000    ;    ;      ;        ;                   ; clock uncertainty                         ;
; 3.493   ; 0.000    ;    ; uTh  ; 1      ; FF_X43_Y47_N17    ; zhao_cmd_scheduler:u_sched|dead_cnt[1][5] ;
+---------+----------+----+------+--------+-------------------+-------------------------------------------+

----------------------------
; Extra Fitter Information ;
----------------------------
HTML report is unavailable in plain text report export.


Path #89: Hold slack is 0.419 
===============================================================================
+----------------------------------------------------------------+
; Path Summary                                                   ;
+--------------------+-------------------------------------------+
; Property           ; Value                                     ;
+--------------------+-------------------------------------------+
; From Node          ; zhao_cmd_scheduler:u_sched|dead_cnt[0][3] ;
; To Node            ; zhao_cmd_scheduler:u_sched|dead_cnt[0][3] ;
; Launch Clock       ; gpu_clk                                   ;
; Latch Clock        ; gpu_clk                                   ;
; Data Arrival Time  ; 3.914                                     ;
; Data Required Time ; 3.495                                     ;
; Slack              ; 0.419                                     ;
+--------------------+-------------------------------------------+

+-----------------------------------------------------------------------------------+
; Statistics                                                                        ;
+------------------------+-------+-------+-------------+------------+-------+-------+
; Property               ; Value ; Count ; Total Delay ; % of Total ; Min   ; Max   ;
+------------------------+-------+-------+-------------+------------+-------+-------+
; Hold Relationship      ; 0.000 ;       ;             ;            ;       ;       ;
; Clock Skew             ; 0.112 ;       ;             ;            ;       ;       ;
; Data Delay             ; 0.531 ;       ;             ;            ;       ;       ;
; Number of Logic Levels ;       ; 1     ;             ;            ;       ;       ;
; Physical Delays        ;       ;       ;             ;            ;       ;       ;
;  Arrival Path          ;       ;       ;             ;            ;       ;       ;
;   Clock                ;       ;       ;             ;            ;       ;       ;
;    IC                  ;       ; 2     ; 2.598       ; 77         ; 0.576 ; 2.022 ;
;    Cell                ;       ; 2     ; 0.785       ; 23         ; 0.295 ; 0.490 ;
;   Data                 ;       ;       ;             ;            ;       ;       ;
;    IC                  ;       ; 2     ; 0.231       ; 44         ; 0.000 ; 0.231 ;
;    Cell                ;       ; 3     ; 0.300       ; 56         ; 0.000 ; 0.231 ;
;    uTco                ;       ; 1     ; 0.000       ; 0          ; 0.000 ; 0.000 ;
;  Required Path         ;       ;       ;             ;            ;       ;       ;
;   Clock                ;       ;       ;             ;            ;       ;       ;
;    IC                  ;       ; 2     ; 5.207       ; 85         ; 2.473 ; 2.734 ;
;    Cell                ;       ; 2     ; 0.891       ; 15         ; 0.321 ; 0.570 ;
+------------------------+-------+-------+-------------+------------+-------+-------+
Note: Negative delays are omitted from totals when calculating percentages

+----------------------------------------------------------------------------------------------------------+
; Data Arrival Path                                                                                        ;
+---------+---------+----+------+--------+---------------------+-------------------------------------------+
; Total   ; Incr    ; RF ; Type ; Fanout ; Location            ; Element                                   ;
+---------+---------+----+------+--------+---------------------+-------------------------------------------+
; 0.000   ; 0.000   ;    ;      ;        ;                     ; launch edge time                          ;
; 3.383   ; 3.383   ;    ;      ;        ;                     ; clock path                                ;
;   0.000 ;   0.000 ;    ;      ;        ;                     ; source latency                            ;
;   0.000 ;   0.000 ;    ;      ; 1      ; LABCELL_X1_Y36_N9   ; gpu_clk                                   ;
;   0.576 ;   0.576 ; RR ; IC   ; 1      ; CLKCTRL_G2          ; gpu_clk~CLKENA0|inclk                     ;
;   0.871 ;   0.295 ; RR ; CELL ; 9078   ; CLKCTRL_G2          ; gpu_clk~CLKENA0|outclk                    ;
;   2.893 ;   2.022 ; RR ; IC   ; 1      ; FF_X47_Y47_N11      ; u_sched|dead_cnt[0][3]|clk                ;
;   3.383 ;   0.490 ; RR ; CELL ; 1      ; FF_X47_Y47_N11      ; zhao_cmd_scheduler:u_sched|dead_cnt[0][3] ;
; 3.914   ; 0.531   ;    ;      ;        ;                     ; data path                                 ;
;   3.383 ;   0.000 ;    ; uTco ; 1      ; FF_X47_Y47_N11      ; zhao_cmd_scheduler:u_sched|dead_cnt[0][3] ;
;   3.383 ;   0.000 ; FF ; CELL ; 2      ; FF_X47_Y47_N11      ; u_sched|dead_cnt[0][3]|q                  ;
;   3.614 ;   0.231 ; FF ; IC   ; 2      ; MLABCELL_X47_Y47_N9 ; u_sched|Add0~5|datac                      ;
;   3.845 ;   0.231 ; FR ; CELL ; 1      ; MLABCELL_X47_Y47_N9 ; u_sched|Add0~5|sumout                     ;
;   3.845 ;   0.000 ; RR ; IC   ; 1      ; FF_X47_Y47_N11      ; u_sched|dead_cnt[0][3]|d                  ;
;   3.914 ;   0.069 ; RR ; CELL ; 1      ; FF_X47_Y47_N11      ; zhao_cmd_scheduler:u_sched|dead_cnt[0][3] ;
+---------+---------+----+------+--------+---------------------+-------------------------------------------+

+---------------------------------------------------------------------------------------------------------+
; Data Required Path                                                                                      ;
+---------+----------+----+------+--------+-------------------+-------------------------------------------+
; Total   ; Incr     ; RF ; Type ; Fanout ; Location          ; Element                                   ;
+---------+----------+----+------+--------+-------------------+-------------------------------------------+
; 0.000   ; 0.000    ;    ;      ;        ;                   ; latch edge time                           ;
; 3.495   ; 3.495    ;    ;      ;        ;                   ; clock path                                ;
;   0.000 ;   0.000  ;    ;      ;        ;                   ; source latency                            ;
;   0.000 ;   0.000  ;    ;      ; 1      ; LABCELL_X1_Y36_N9 ; gpu_clk                                   ;
;   2.734 ;   2.734  ; RR ; IC   ; 1      ; CLKCTRL_G2        ; gpu_clk~CLKENA0|inclk                     ;
;   3.055 ;   0.321  ; RR ; CELL ; 9078   ; CLKCTRL_G2        ; gpu_clk~CLKENA0|outclk                    ;
;   5.528 ;   2.473  ; RR ; IC   ; 1      ; FF_X47_Y47_N11    ; u_sched|dead_cnt[0][3]|clk                ;
;   6.098 ;   0.570  ; RR ; CELL ; 1      ; FF_X47_Y47_N11    ; zhao_cmd_scheduler:u_sched|dead_cnt[0][3] ;
;   3.495 ;   -2.603 ;    ;      ;        ;                   ; clock pessimism removed                   ;
; 3.495   ; 0.000    ;    ;      ;        ;                   ; clock uncertainty                         ;
; 3.495   ; 0.000    ;    ; uTh  ; 1      ; FF_X47_Y47_N11    ; zhao_cmd_scheduler:u_sched|dead_cnt[0][3] ;
+---------+----------+----+------+--------+-------------------+-------------------------------------------+

----------------------------
; Extra Fitter Information ;
----------------------------
HTML report is unavailable in plain text report export.


Path #90: Hold slack is 0.419 
===============================================================================
+----------------------------------------------------+
; Path Summary                                       ;
+--------------------+-------------------------------+
; Property           ; Value                         ;
+--------------------+-------------------------------+
; From Node          ; zhao_cmd_dma:u_dma|rd_off[18] ;
; To Node            ; zhao_cmd_dma:u_dma|rd_off[18] ;
; Launch Clock       ; gpu_clk                       ;
; Latch Clock        ; gpu_clk                       ;
; Data Arrival Time  ; 3.838                         ;
; Data Required Time ; 3.419                         ;
; Slack              ; 0.419                         ;
+--------------------+-------------------------------+

+-----------------------------------------------------------------------------------+
; Statistics                                                                        ;
+------------------------+-------+-------+-------------+------------+-------+-------+
; Property               ; Value ; Count ; Total Delay ; % of Total ; Min   ; Max   ;
+------------------------+-------+-------+-------------+------------+-------+-------+
; Hold Relationship      ; 0.000 ;       ;             ;            ;       ;       ;
; Clock Skew             ; 0.110 ;       ;             ;            ;       ;       ;
; Data Delay             ; 0.529 ;       ;             ;            ;       ;       ;
; Number of Logic Levels ;       ; 1     ;             ;            ;       ;       ;
; Physical Delays        ;       ;       ;             ;            ;       ;       ;
;  Arrival Path          ;       ;       ;             ;            ;       ;       ;
;   Clock                ;       ;       ;             ;            ;       ;       ;
;    IC                  ;       ; 2     ; 2.530       ; 76         ; 0.576 ; 1.954 ;
;    Cell                ;       ; 2     ; 0.779       ; 24         ; 0.295 ; 0.484 ;
;   Data                 ;       ;       ;             ;            ;       ;       ;
;    IC                  ;       ; 2     ; 0.229       ; 43         ; 0.000 ; 0.229 ;
;    Cell                ;       ; 3     ; 0.300       ; 57         ; 0.000 ; 0.230 ;
;    uTco                ;       ; 1     ; 0.000       ; 0          ; 0.000 ; 0.000 ;
;  Required Path         ;       ;       ;             ;            ;       ;       ;
;   Clock                ;       ;       ;             ;            ;       ;       ;
;    IC                  ;       ; 2     ; 5.137       ; 85         ; 2.403 ; 2.734 ;
;    Cell                ;       ; 2     ; 0.885       ; 15         ; 0.321 ; 0.564 ;
+------------------------+-------+-------+-------------+------------+-------+-------+
Note: Negative delays are omitted from totals when calculating percentages

+----------------------------------------------------------------------------------------------+
; Data Arrival Path                                                                            ;
+---------+---------+----+------+--------+---------------------+-------------------------------+
; Total   ; Incr    ; RF ; Type ; Fanout ; Location            ; Element                       ;
+---------+---------+----+------+--------+---------------------+-------------------------------+
; 0.000   ; 0.000   ;    ;      ;        ;                     ; launch edge time              ;
; 3.309   ; 3.309   ;    ;      ;        ;                     ; clock path                    ;
;   0.000 ;   0.000 ;    ;      ;        ;                     ; source latency                ;
;   0.000 ;   0.000 ;    ;      ; 1      ; LABCELL_X1_Y36_N9   ; gpu_clk                       ;
;   0.576 ;   0.576 ; RR ; IC   ; 1      ; CLKCTRL_G2          ; gpu_clk~CLKENA0|inclk         ;
;   0.871 ;   0.295 ; RR ; CELL ; 9078   ; CLKCTRL_G2          ; gpu_clk~CLKENA0|outclk        ;
;   2.825 ;   1.954 ; RR ; IC   ; 1      ; FF_X33_Y43_N56      ; u_dma|rd_off[18]|clk          ;
;   3.309 ;   0.484 ; RR ; CELL ; 1      ; FF_X33_Y43_N56      ; zhao_cmd_dma:u_dma|rd_off[18] ;
; 3.838   ; 0.529   ;    ;      ;        ;                     ; data path                     ;
;   3.309 ;   0.000 ;    ; uTco ; 1      ; FF_X33_Y43_N56      ; zhao_cmd_dma:u_dma|rd_off[18] ;
;   3.309 ;   0.000 ; FF ; CELL ; 1      ; FF_X33_Y43_N56      ; u_dma|rd_off[18]|q            ;
;   3.538 ;   0.229 ; FF ; IC   ; 2      ; LABCELL_X33_Y43_N54 ; u_dma|Add30~73|datac          ;
;   3.768 ;   0.230 ; FR ; CELL ; 4      ; LABCELL_X33_Y43_N54 ; u_dma|Add30~73|sumout         ;
;   3.768 ;   0.000 ; RR ; IC   ; 1      ; FF_X33_Y43_N56      ; u_dma|rd_off[18]|d            ;
;   3.838 ;   0.070 ; RR ; CELL ; 1      ; FF_X33_Y43_N56      ; zhao_cmd_dma:u_dma|rd_off[18] ;
+---------+---------+----+------+--------+---------------------+-------------------------------+

+---------------------------------------------------------------------------------------------+
; Data Required Path                                                                          ;
+---------+----------+----+------+--------+-------------------+-------------------------------+
; Total   ; Incr     ; RF ; Type ; Fanout ; Location          ; Element                       ;
+---------+----------+----+------+--------+-------------------+-------------------------------+
; 0.000   ; 0.000    ;    ;      ;        ;                   ; latch edge time               ;
; 3.419   ; 3.419    ;    ;      ;        ;                   ; clock path                    ;
;   0.000 ;   0.000  ;    ;      ;        ;                   ; source latency                ;
;   0.000 ;   0.000  ;    ;      ; 1      ; LABCELL_X1_Y36_N9 ; gpu_clk                       ;
;   2.734 ;   2.734  ; RR ; IC   ; 1      ; CLKCTRL_G2        ; gpu_clk~CLKENA0|inclk         ;
;   3.055 ;   0.321  ; RR ; CELL ; 9078   ; CLKCTRL_G2        ; gpu_clk~CLKENA0|outclk        ;
;   5.458 ;   2.403  ; RR ; IC   ; 1      ; FF_X33_Y43_N56    ; u_dma|rd_off[18]|clk          ;
;   6.022 ;   0.564  ; RR ; CELL ; 1      ; FF_X33_Y43_N56    ; zhao_cmd_dma:u_dma|rd_off[18] ;
;   3.419 ;   -2.603 ;    ;      ;        ;                   ; clock pessimism removed       ;
; 3.419   ; 0.000    ;    ;      ;        ;                   ; clock uncertainty             ;
; 3.419   ; 0.000    ;    ; uTh  ; 1      ; FF_X33_Y43_N56    ; zhao_cmd_dma:u_dma|rd_off[18] ;
+---------+----------+----+------+--------+-------------------+-------------------------------+

----------------------------
; Extra Fitter Information ;
----------------------------
HTML report is unavailable in plain text report export.


Path #91: Hold slack is 0.419 
===============================================================================
+-----------------------------------------------------------------------------+
; Path Summary                                                                ;
+--------------------+--------------------------------------------------------+
; Property           ; Value                                                  ;
+--------------------+--------------------------------------------------------+
; From Node          ; zhao_debug_frameblit:u_frameblit|retired[21]           ;
; To Node            ; zhao_debug_frameblit:u_frameblit|retired[21]~DUPLICATE ;
; Launch Clock       ; gpu_clk                                                ;
; Latch Clock        ; gpu_clk                                                ;
; Data Arrival Time  ; 3.858                                                  ;
; Data Required Time ; 3.439                                                  ;
; Slack              ; 0.419                                                  ;
+--------------------+--------------------------------------------------------+

+-----------------------------------------------------------------------------------+
; Statistics                                                                        ;
+------------------------+-------+-------+-------------+------------+-------+-------+
; Property               ; Value ; Count ; Total Delay ; % of Total ; Min   ; Max   ;
+------------------------+-------+-------+-------------+------------+-------+-------+
; Hold Relationship      ; 0.000 ;       ;             ;            ;       ;       ;
; Clock Skew             ; 0.116 ;       ;             ;            ;       ;       ;
; Data Delay             ; 0.535 ;       ;             ;            ;       ;       ;
; Number of Logic Levels ;       ; 1     ;             ;            ;       ;       ;
; Physical Delays        ;       ;       ;             ;            ;       ;       ;
;  Arrival Path          ;       ;       ;             ;            ;       ;       ;
;   Clock                ;       ;       ;             ;            ;       ;       ;
;    IC                  ;       ; 2     ; 2.520       ; 76         ; 0.576 ; 1.944 ;
;    Cell                ;       ; 2     ; 0.803       ; 24         ; 0.295 ; 0.508 ;
;   Data                 ;       ;       ;             ;            ;       ;       ;
;    IC                  ;       ; 2     ; 0.231       ; 43         ; 0.000 ; 0.231 ;
;    Cell                ;       ; 3     ; 0.304       ; 57         ; 0.000 ; 0.227 ;
;    uTco                ;       ; 1     ; 0.000       ; 0          ; 0.000 ; 0.000 ;
;  Required Path         ;       ;       ;             ;            ;       ;       ;
;   Clock                ;       ;       ;             ;            ;       ;       ;
;    IC                  ;       ; 2     ; 5.125       ; 85         ; 2.391 ; 2.734 ;
;    Cell                ;       ; 2     ; 0.916       ; 15         ; 0.321 ; 0.595 ;
+------------------------+-------+-------+-------------+------------+-------+-------+
Note: Negative delays are omitted from totals when calculating percentages

+----------------------------------------------------------------------------------------------------------------------+
; Data Arrival Path                                                                                                    ;
+---------+---------+----+------+--------+--------------------+--------------------------------------------------------+
; Total   ; Incr    ; RF ; Type ; Fanout ; Location           ; Element                                                ;
+---------+---------+----+------+--------+--------------------+--------------------------------------------------------+
; 0.000   ; 0.000   ;    ;      ;        ;                    ; launch edge time                                       ;
; 3.323   ; 3.323   ;    ;      ;        ;                    ; clock path                                             ;
;   0.000 ;   0.000 ;    ;      ;        ;                    ; source latency                                         ;
;   0.000 ;   0.000 ;    ;      ; 1      ; LABCELL_X1_Y36_N9  ; gpu_clk                                                ;
;   0.576 ;   0.576 ; RR ; IC   ; 1      ; CLKCTRL_G2         ; gpu_clk~CLKENA0|inclk                                  ;
;   0.871 ;   0.295 ; RR ; CELL ; 9078   ; CLKCTRL_G2         ; gpu_clk~CLKENA0|outclk                                 ;
;   2.815 ;   1.944 ; RR ; IC   ; 1      ; FF_X17_Y49_N2      ; u_frameblit|retired[21]|clk                            ;
;   3.323 ;   0.508 ; RR ; CELL ; 1      ; FF_X17_Y49_N2      ; zhao_debug_frameblit:u_frameblit|retired[21]           ;
; 3.858   ; 0.535   ;    ;      ;        ;                    ; data path                                              ;
;   3.323 ;   0.000 ;    ; uTco ; 1      ; FF_X17_Y49_N2      ; zhao_debug_frameblit:u_frameblit|retired[21]           ;
;   3.323 ;   0.000 ; FF ; CELL ; 1      ; FF_X17_Y49_N2      ; u_frameblit|retired[21]|q                              ;
;   3.554 ;   0.231 ; FF ; IC   ; 2      ; LABCELL_X17_Y49_N0 ; u_frameblit|Add5~93|datac                              ;
;   3.781 ;   0.227 ; FR ; CELL ; 2      ; LABCELL_X17_Y49_N0 ; u_frameblit|Add5~93|sumout                             ;
;   3.781 ;   0.000 ; RR ; IC   ; 1      ; FF_X17_Y49_N1      ; u_frameblit|retired[21]~DUPLICATE|d                    ;
;   3.858 ;   0.077 ; RR ; CELL ; 1      ; FF_X17_Y49_N1      ; zhao_debug_frameblit:u_frameblit|retired[21]~DUPLICATE ;
+---------+---------+----+------+--------+--------------------+--------------------------------------------------------+

+----------------------------------------------------------------------------------------------------------------------+
; Data Required Path                                                                                                   ;
+---------+----------+----+------+--------+-------------------+--------------------------------------------------------+
; Total   ; Incr     ; RF ; Type ; Fanout ; Location          ; Element                                                ;
+---------+----------+----+------+--------+-------------------+--------------------------------------------------------+
; 0.000   ; 0.000    ;    ;      ;        ;                   ; latch edge time                                        ;
; 3.439   ; 3.439    ;    ;      ;        ;                   ; clock path                                             ;
;   0.000 ;   0.000  ;    ;      ;        ;                   ; source latency                                         ;
;   0.000 ;   0.000  ;    ;      ; 1      ; LABCELL_X1_Y36_N9 ; gpu_clk                                                ;
;   2.734 ;   2.734  ; RR ; IC   ; 1      ; CLKCTRL_G2        ; gpu_clk~CLKENA0|inclk                                  ;
;   3.055 ;   0.321  ; RR ; CELL ; 9078   ; CLKCTRL_G2        ; gpu_clk~CLKENA0|outclk                                 ;
;   5.446 ;   2.391  ; RR ; IC   ; 1      ; FF_X17_Y49_N1     ; u_frameblit|retired[21]~DUPLICATE|clk                  ;
;   6.041 ;   0.595  ; RR ; CELL ; 1      ; FF_X17_Y49_N1     ; zhao_debug_frameblit:u_frameblit|retired[21]~DUPLICATE ;
;   3.439 ;   -2.602 ;    ;      ;        ;                   ; clock pessimism removed                                ;
; 3.439   ; 0.000    ;    ;      ;        ;                   ; clock uncertainty                                      ;
; 3.439   ; 0.000    ;    ; uTh  ; 1      ; FF_X17_Y49_N1     ; zhao_debug_frameblit:u_frameblit|retired[21]~DUPLICATE ;
+---------+----------+----+------+--------+-------------------+--------------------------------------------------------+

----------------------------
; Extra Fitter Information ;
----------------------------
HTML report is unavailable in plain text report export.


Path #92: Hold slack is 0.419 
===============================================================================
+----------------------------------------------------------------+
; Path Summary                                                   ;
+--------------------+-------------------------------------------+
; Property           ; Value                                     ;
+--------------------+-------------------------------------------+
; From Node          ; zhao_cmd_scheduler:u_sched|dead_cnt[2][5] ;
; To Node            ; zhao_cmd_scheduler:u_sched|dead_cnt[2][5] ;
; Launch Clock       ; gpu_clk                                   ;
; Latch Clock        ; gpu_clk                                   ;
; Data Arrival Time  ; 3.910                                     ;
; Data Required Time ; 3.491                                     ;
; Slack              ; 0.419                                     ;
+--------------------+-------------------------------------------+

+-----------------------------------------------------------------------------------+
; Statistics                                                                        ;
+------------------------+-------+-------+-------------+------------+-------+-------+
; Property               ; Value ; Count ; Total Delay ; % of Total ; Min   ; Max   ;
+------------------------+-------+-------+-------------+------------+-------+-------+
; Hold Relationship      ; 0.000 ;       ;             ;            ;       ;       ;
; Clock Skew             ; 0.113 ;       ;             ;            ;       ;       ;
; Data Delay             ; 0.532 ;       ;             ;            ;       ;       ;
; Number of Logic Levels ;       ; 1     ;             ;            ;       ;       ;
; Physical Delays        ;       ;       ;             ;            ;       ;       ;
;  Arrival Path          ;       ;       ;             ;            ;       ;       ;
;   Clock                ;       ;       ;             ;            ;       ;       ;
;    IC                  ;       ; 2     ; 2.593       ; 77         ; 0.576 ; 2.017 ;
;    Cell                ;       ; 2     ; 0.785       ; 23         ; 0.295 ; 0.490 ;
;   Data                 ;       ;       ;             ;            ;       ;       ;
;    IC                  ;       ; 2     ; 0.232       ; 44         ; 0.000 ; 0.232 ;
;    Cell                ;       ; 3     ; 0.300       ; 56         ; 0.000 ; 0.231 ;
;    uTco                ;       ; 1     ; 0.000       ; 0          ; 0.000 ; 0.000 ;
;  Required Path         ;       ;       ;             ;            ;       ;       ;
;   Clock                ;       ;       ;             ;            ;       ;       ;
;    IC                  ;       ; 2     ; 5.203       ; 85         ; 2.469 ; 2.734 ;
;    Cell                ;       ; 2     ; 0.891       ; 15         ; 0.321 ; 0.570 ;
+------------------------+-------+-------+-------------+------------+-------+-------+
Note: Negative delays are omitted from totals when calculating percentages

+----------------------------------------------------------------------------------------------------------+
; Data Arrival Path                                                                                        ;
+---------+---------+----+------+--------+---------------------+-------------------------------------------+
; Total   ; Incr    ; RF ; Type ; Fanout ; Location            ; Element                                   ;
+---------+---------+----+------+--------+---------------------+-------------------------------------------+
; 0.000   ; 0.000   ;    ;      ;        ;                     ; launch edge time                          ;
; 3.378   ; 3.378   ;    ;      ;        ;                     ; clock path                                ;
;   0.000 ;   0.000 ;    ;      ;        ;                     ; source latency                            ;
;   0.000 ;   0.000 ;    ;      ; 1      ; LABCELL_X1_Y36_N9   ; gpu_clk                                   ;
;   0.576 ;   0.576 ; RR ; IC   ; 1      ; CLKCTRL_G2          ; gpu_clk~CLKENA0|inclk                     ;
;   0.871 ;   0.295 ; RR ; CELL ; 9078   ; CLKCTRL_G2          ; gpu_clk~CLKENA0|outclk                    ;
;   2.888 ;   2.017 ; RR ; IC   ; 1      ; FF_X40_Y45_N17      ; u_sched|dead_cnt[2][5]|clk                ;
;   3.378 ;   0.490 ; RR ; CELL ; 1      ; FF_X40_Y45_N17      ; zhao_cmd_scheduler:u_sched|dead_cnt[2][5] ;
; 3.910   ; 0.532   ;    ;      ;        ;                     ; data path                                 ;
;   3.378 ;   0.000 ;    ; uTco ; 1      ; FF_X40_Y45_N17      ; zhao_cmd_scheduler:u_sched|dead_cnt[2][5] ;
;   3.378 ;   0.000 ; FF ; CELL ; 3      ; FF_X40_Y45_N17      ; u_sched|dead_cnt[2][5]|q                  ;
;   3.610 ;   0.232 ; FF ; IC   ; 2      ; LABCELL_X40_Y45_N15 ; u_sched|Add2~29|datac                     ;
;   3.841 ;   0.231 ; FR ; CELL ; 1      ; LABCELL_X40_Y45_N15 ; u_sched|Add2~29|sumout                    ;
;   3.841 ;   0.000 ; RR ; IC   ; 1      ; FF_X40_Y45_N17      ; u_sched|dead_cnt[2][5]|d                  ;
;   3.910 ;   0.069 ; RR ; CELL ; 1      ; FF_X40_Y45_N17      ; zhao_cmd_scheduler:u_sched|dead_cnt[2][5] ;
+---------+---------+----+------+--------+---------------------+-------------------------------------------+

+---------------------------------------------------------------------------------------------------------+
; Data Required Path                                                                                      ;
+---------+----------+----+------+--------+-------------------+-------------------------------------------+
; Total   ; Incr     ; RF ; Type ; Fanout ; Location          ; Element                                   ;
+---------+----------+----+------+--------+-------------------+-------------------------------------------+
; 0.000   ; 0.000    ;    ;      ;        ;                   ; latch edge time                           ;
; 3.491   ; 3.491    ;    ;      ;        ;                   ; clock path                                ;
;   0.000 ;   0.000  ;    ;      ;        ;                   ; source latency                            ;
;   0.000 ;   0.000  ;    ;      ; 1      ; LABCELL_X1_Y36_N9 ; gpu_clk                                   ;
;   2.734 ;   2.734  ; RR ; IC   ; 1      ; CLKCTRL_G2        ; gpu_clk~CLKENA0|inclk                     ;
;   3.055 ;   0.321  ; RR ; CELL ; 9078   ; CLKCTRL_G2        ; gpu_clk~CLKENA0|outclk                    ;
;   5.524 ;   2.469  ; RR ; IC   ; 1      ; FF_X40_Y45_N17    ; u_sched|dead_cnt[2][5]|clk                ;
;   6.094 ;   0.570  ; RR ; CELL ; 1      ; FF_X40_Y45_N17    ; zhao_cmd_scheduler:u_sched|dead_cnt[2][5] ;
;   3.491 ;   -2.603 ;    ;      ;        ;                   ; clock pessimism removed                   ;
; 3.491   ; 0.000    ;    ;      ;        ;                   ; clock uncertainty                         ;
; 3.491   ; 0.000    ;    ; uTh  ; 1      ; FF_X40_Y45_N17    ; zhao_cmd_scheduler:u_sched|dead_cnt[2][5] ;
+---------+----------+----+------+--------+-------------------+-------------------------------------------+

----------------------------
; Extra Fitter Information ;
----------------------------
HTML report is unavailable in plain text report export.


Path #93: Hold slack is 0.419 
===============================================================================
+----------------------------------------------------------------------+
; Path Summary                                                         ;
+--------------------+-------------------------------------------------+
; Property           ; Value                                           ;
+--------------------+-------------------------------------------------+
; From Node          ; zhao_mem_guard:u_guard_scan|guard_violations[9] ;
; To Node            ; zhao_mem_guard:u_guard_scan|guard_violations[9] ;
; Launch Clock       ; gpu_clk                                         ;
; Latch Clock        ; gpu_clk                                         ;
; Data Arrival Time  ; 3.917                                           ;
; Data Required Time ; 3.498                                           ;
; Slack              ; 0.419                                           ;
+--------------------+-------------------------------------------------+

+-----------------------------------------------------------------------------------+
; Statistics                                                                        ;
+------------------------+-------+-------+-------------+------------+-------+-------+
; Property               ; Value ; Count ; Total Delay ; % of Total ; Min   ; Max   ;
+------------------------+-------+-------+-------------+------------+-------+-------+
; Hold Relationship      ; 0.000 ;       ;             ;            ;       ;       ;
; Clock Skew             ; 0.111 ;       ;             ;            ;       ;       ;
; Data Delay             ; 0.530 ;       ;             ;            ;       ;       ;
; Number of Logic Levels ;       ; 1     ;             ;            ;       ;       ;
; Physical Delays        ;       ;       ;             ;            ;       ;       ;
;  Arrival Path          ;       ;       ;             ;            ;       ;       ;
;   Clock                ;       ;       ;             ;            ;       ;       ;
;    IC                  ;       ; 2     ; 2.608       ; 77         ; 0.576 ; 2.032 ;
;    Cell                ;       ; 2     ; 0.779       ; 23         ; 0.295 ; 0.484 ;
;   Data                 ;       ;       ;             ;            ;       ;       ;
;    IC                  ;       ; 2     ; 0.234       ; 44         ; 0.000 ; 0.234 ;
;    Cell                ;       ; 3     ; 0.296       ; 56         ; 0.000 ; 0.227 ;
;    uTco                ;       ; 1     ; 0.000       ; 0          ; 0.000 ; 0.000 ;
;  Required Path         ;       ;       ;             ;            ;       ;       ;
;   Clock                ;       ;       ;             ;            ;       ;       ;
;    IC                  ;       ; 2     ; 5.225       ; 86         ; 2.491 ; 2.734 ;
;    Cell                ;       ; 2     ; 0.885       ; 14         ; 0.321 ; 0.564 ;
+------------------------+-------+-------+-------------+------------+-------+-------+
Note: Negative delays are omitted from totals when calculating percentages

+----------------------------------------------------------------------------------------------------------------+
; Data Arrival Path                                                                                              ;
+---------+---------+----+------+--------+---------------------+-------------------------------------------------+
; Total   ; Incr    ; RF ; Type ; Fanout ; Location            ; Element                                         ;
+---------+---------+----+------+--------+---------------------+-------------------------------------------------+
; 0.000   ; 0.000   ;    ;      ;        ;                     ; launch edge time                                ;
; 3.387   ; 3.387   ;    ;      ;        ;                     ; clock path                                      ;
;   0.000 ;   0.000 ;    ;      ;        ;                     ; source latency                                  ;
;   0.000 ;   0.000 ;    ;      ; 1      ; LABCELL_X1_Y36_N9   ; gpu_clk                                         ;
;   0.576 ;   0.576 ; RR ; IC   ; 1      ; CLKCTRL_G2          ; gpu_clk~CLKENA0|inclk                           ;
;   0.871 ;   0.295 ; RR ; CELL ; 9078   ; CLKCTRL_G2          ; gpu_clk~CLKENA0|outclk                          ;
;   2.903 ;   2.032 ; RR ; IC   ; 1      ; FF_X35_Y63_N26      ; u_guard_scan|guard_violations[9]|clk            ;
;   3.387 ;   0.484 ; RR ; CELL ; 1      ; FF_X35_Y63_N26      ; zhao_mem_guard:u_guard_scan|guard_violations[9] ;
; 3.917   ; 0.530   ;    ;      ;        ;                     ; data path                                       ;
;   3.387 ;   0.000 ;    ; uTco ; 1      ; FF_X35_Y63_N26      ; zhao_mem_guard:u_guard_scan|guard_violations[9] ;
;   3.387 ;   0.000 ; FF ; CELL ; 2      ; FF_X35_Y63_N26      ; u_guard_scan|guard_violations[9]|q              ;
;   3.621 ;   0.234 ; FF ; IC   ; 2      ; LABCELL_X35_Y63_N24 ; u_guard_scan|Add2~33|datac                      ;
;   3.848 ;   0.227 ; FR ; CELL ; 1      ; LABCELL_X35_Y63_N24 ; u_guard_scan|Add2~33|sumout                     ;
;   3.848 ;   0.000 ; RR ; IC   ; 1      ; FF_X35_Y63_N26      ; u_guard_scan|guard_violations[9]|d              ;
;   3.917 ;   0.069 ; RR ; CELL ; 1      ; FF_X35_Y63_N26      ; zhao_mem_guard:u_guard_scan|guard_violations[9] ;
+---------+---------+----+------+--------+---------------------+-------------------------------------------------+

+---------------------------------------------------------------------------------------------------------------+
; Data Required Path                                                                                            ;
+---------+----------+----+------+--------+-------------------+-------------------------------------------------+
; Total   ; Incr     ; RF ; Type ; Fanout ; Location          ; Element                                         ;
+---------+----------+----+------+--------+-------------------+-------------------------------------------------+
; 0.000   ; 0.000    ;    ;      ;        ;                   ; latch edge time                                 ;
; 3.498   ; 3.498    ;    ;      ;        ;                   ; clock path                                      ;
;   0.000 ;   0.000  ;    ;      ;        ;                   ; source latency                                  ;
;   0.000 ;   0.000  ;    ;      ; 1      ; LABCELL_X1_Y36_N9 ; gpu_clk                                         ;
;   2.734 ;   2.734  ; RR ; IC   ; 1      ; CLKCTRL_G2        ; gpu_clk~CLKENA0|inclk                           ;
;   3.055 ;   0.321  ; RR ; CELL ; 9078   ; CLKCTRL_G2        ; gpu_clk~CLKENA0|outclk                          ;
;   5.546 ;   2.491  ; RR ; IC   ; 1      ; FF_X35_Y63_N26    ; u_guard_scan|guard_violations[9]|clk            ;
;   6.110 ;   0.564  ; RR ; CELL ; 1      ; FF_X35_Y63_N26    ; zhao_mem_guard:u_guard_scan|guard_violations[9] ;
;   3.498 ;   -2.612 ;    ;      ;        ;                   ; clock pessimism removed                         ;
; 3.498   ; 0.000    ;    ;      ;        ;                   ; clock uncertainty                               ;
; 3.498   ; 0.000    ;    ; uTh  ; 1      ; FF_X35_Y63_N26    ; zhao_mem_guard:u_guard_scan|guard_violations[9] ;
+---------+----------+----+------+--------+-------------------+-------------------------------------------------+

----------------------------
; Extra Fitter Information ;
----------------------------
HTML report is unavailable in plain text report export.


Path #94: Hold slack is 0.419 
===============================================================================
+-----------------------------------------------------------------------+
; Path Summary                                                          ;
+--------------------+--------------------------------------------------+
; Property           ; Value                                            ;
+--------------------+--------------------------------------------------+
; From Node          ; zhao_mem_guard:u_guard_scan|guard_violations[24] ;
; To Node            ; zhao_mem_guard:u_guard_scan|guard_violations[24] ;
; Launch Clock       ; gpu_clk                                          ;
; Latch Clock        ; gpu_clk                                          ;
; Data Arrival Time  ; 3.924                                            ;
; Data Required Time ; 3.505                                            ;
; Slack              ; 0.419                                            ;
+--------------------+--------------------------------------------------+

+-----------------------------------------------------------------------------------+
; Statistics                                                                        ;
+------------------------+-------+-------+-------------+------------+-------+-------+
; Property               ; Value ; Count ; Total Delay ; % of Total ; Min   ; Max   ;
+------------------------+-------+-------+-------------+------------+-------+-------+
; Hold Relationship      ; 0.000 ;       ;             ;            ;       ;       ;
; Clock Skew             ; 0.111 ;       ;             ;            ;       ;       ;
; Data Delay             ; 0.530 ;       ;             ;            ;       ;       ;
; Number of Logic Levels ;       ; 1     ;             ;            ;       ;       ;
; Physical Delays        ;       ;       ;             ;            ;       ;       ;
;  Arrival Path          ;       ;       ;             ;            ;       ;       ;
;   Clock                ;       ;       ;             ;            ;       ;       ;
;    IC                  ;       ; 2     ; 2.609       ; 77         ; 0.576 ; 2.033 ;
;    Cell                ;       ; 2     ; 0.785       ; 23         ; 0.295 ; 0.490 ;
;   Data                 ;       ;       ;             ;            ;       ;       ;
;    IC                  ;       ; 2     ; 0.230       ; 43         ; 0.000 ; 0.230 ;
;    Cell                ;       ; 3     ; 0.300       ; 57         ; 0.000 ; 0.231 ;
;    uTco                ;       ; 1     ; 0.000       ; 0          ; 0.000 ; 0.000 ;
;  Required Path         ;       ;       ;             ;            ;       ;       ;
;   Clock                ;       ;       ;             ;            ;       ;       ;
;    IC                  ;       ; 2     ; 5.225       ; 85         ; 2.491 ; 2.734 ;
;    Cell                ;       ; 2     ; 0.891       ; 15         ; 0.321 ; 0.570 ;
+------------------------+-------+-------+-------------+------------+-------+-------+
Note: Negative delays are omitted from totals when calculating percentages

+----------------------------------------------------------------------------------------------------------------+
; Data Arrival Path                                                                                              ;
+---------+---------+----+------+--------+--------------------+--------------------------------------------------+
; Total   ; Incr    ; RF ; Type ; Fanout ; Location           ; Element                                          ;
+---------+---------+----+------+--------+--------------------+--------------------------------------------------+
; 0.000   ; 0.000   ;    ;      ;        ;                    ; launch edge time                                 ;
; 3.394   ; 3.394   ;    ;      ;        ;                    ; clock path                                       ;
;   0.000 ;   0.000 ;    ;      ;        ;                    ; source latency                                   ;
;   0.000 ;   0.000 ;    ;      ; 1      ; LABCELL_X1_Y36_N9  ; gpu_clk                                          ;
;   0.576 ;   0.576 ; RR ; IC   ; 1      ; CLKCTRL_G2         ; gpu_clk~CLKENA0|inclk                            ;
;   0.871 ;   0.295 ; RR ; CELL ; 9078   ; CLKCTRL_G2         ; gpu_clk~CLKENA0|outclk                           ;
;   2.904 ;   2.033 ; RR ; IC   ; 1      ; FF_X35_Y62_N11     ; u_guard_scan|guard_violations[24]|clk            ;
;   3.394 ;   0.490 ; RR ; CELL ; 1      ; FF_X35_Y62_N11     ; zhao_mem_guard:u_guard_scan|guard_violations[24] ;
; 3.924   ; 0.530   ;    ;      ;        ;                    ; data path                                        ;
;   3.394 ;   0.000 ;    ; uTco ; 1      ; FF_X35_Y62_N11     ; zhao_mem_guard:u_guard_scan|guard_violations[24] ;
;   3.394 ;   0.000 ; FF ; CELL ; 2      ; FF_X35_Y62_N11     ; u_guard_scan|guard_violations[24]|q              ;
;   3.624 ;   0.230 ; FF ; IC   ; 2      ; LABCELL_X35_Y62_N9 ; u_guard_scan|Add2~93|datac                       ;
;   3.855 ;   0.231 ; FR ; CELL ; 1      ; LABCELL_X35_Y62_N9 ; u_guard_scan|Add2~93|sumout                      ;
;   3.855 ;   0.000 ; RR ; IC   ; 1      ; FF_X35_Y62_N11     ; u_guard_scan|guard_violations[24]|d              ;
;   3.924 ;   0.069 ; RR ; CELL ; 1      ; FF_X35_Y62_N11     ; zhao_mem_guard:u_guard_scan|guard_violations[24] ;
+---------+---------+----+------+--------+--------------------+--------------------------------------------------+

+----------------------------------------------------------------------------------------------------------------+
; Data Required Path                                                                                             ;
+---------+----------+----+------+--------+-------------------+--------------------------------------------------+
; Total   ; Incr     ; RF ; Type ; Fanout ; Location          ; Element                                          ;
+---------+----------+----+------+--------+-------------------+--------------------------------------------------+
; 0.000   ; 0.000    ;    ;      ;        ;                   ; latch edge time                                  ;
; 3.505   ; 3.505    ;    ;      ;        ;                   ; clock path                                       ;
;   0.000 ;   0.000  ;    ;      ;        ;                   ; source latency                                   ;
;   0.000 ;   0.000  ;    ;      ; 1      ; LABCELL_X1_Y36_N9 ; gpu_clk                                          ;
;   2.734 ;   2.734  ; RR ; IC   ; 1      ; CLKCTRL_G2        ; gpu_clk~CLKENA0|inclk                            ;
;   3.055 ;   0.321  ; RR ; CELL ; 9078   ; CLKCTRL_G2        ; gpu_clk~CLKENA0|outclk                           ;
;   5.546 ;   2.491  ; RR ; IC   ; 1      ; FF_X35_Y62_N11    ; u_guard_scan|guard_violations[24]|clk            ;
;   6.116 ;   0.570  ; RR ; CELL ; 1      ; FF_X35_Y62_N11    ; zhao_mem_guard:u_guard_scan|guard_violations[24] ;
;   3.505 ;   -2.611 ;    ;      ;        ;                   ; clock pessimism removed                          ;
; 3.505   ; 0.000    ;    ;      ;        ;                   ; clock uncertainty                                ;
; 3.505   ; 0.000    ;    ; uTh  ; 1      ; FF_X35_Y62_N11    ; zhao_mem_guard:u_guard_scan|guard_violations[24] ;
+---------+----------+----+------+--------+-------------------+--------------------------------------------------+

----------------------------
; Extra Fitter Information ;
----------------------------
HTML report is unavailable in plain text report export.


Path #95: Hold slack is 0.419 
===============================================================================
+-----------------------------------------------------------------------+
; Path Summary                                                          ;
+--------------------+--------------------------------------------------+
; Property           ; Value                                            ;
+--------------------+--------------------------------------------------+
; From Node          ; zhao_mem_guard:u_guard_scan|guard_violations[29] ;
; To Node            ; zhao_mem_guard:u_guard_scan|guard_violations[29] ;
; Launch Clock       ; gpu_clk                                          ;
; Latch Clock        ; gpu_clk                                          ;
; Data Arrival Time  ; 3.918                                            ;
; Data Required Time ; 3.499                                            ;
; Slack              ; 0.419                                            ;
+--------------------+--------------------------------------------------+

+-----------------------------------------------------------------------------------+
; Statistics                                                                        ;
+------------------------+-------+-------+-------------+------------+-------+-------+
; Property               ; Value ; Count ; Total Delay ; % of Total ; Min   ; Max   ;
+------------------------+-------+-------+-------------+------------+-------+-------+
; Hold Relationship      ; 0.000 ;       ;             ;            ;       ;       ;
; Clock Skew             ; 0.111 ;       ;             ;            ;       ;       ;
; Data Delay             ; 0.530 ;       ;             ;            ;       ;       ;
; Number of Logic Levels ;       ; 1     ;             ;            ;       ;       ;
; Physical Delays        ;       ;       ;             ;            ;       ;       ;
;  Arrival Path          ;       ;       ;             ;            ;       ;       ;
;   Clock                ;       ;       ;             ;            ;       ;       ;
;    IC                  ;       ; 2     ; 2.609       ; 77         ; 0.576 ; 2.033 ;
;    Cell                ;       ; 2     ; 0.779       ; 23         ; 0.295 ; 0.484 ;
;   Data                 ;       ;       ;             ;            ;       ;       ;
;    IC                  ;       ; 2     ; 0.234       ; 44         ; 0.000 ; 0.234 ;
;    Cell                ;       ; 3     ; 0.296       ; 56         ; 0.000 ; 0.227 ;
;    uTco                ;       ; 1     ; 0.000       ; 0          ; 0.000 ; 0.000 ;
;  Required Path         ;       ;       ;             ;            ;       ;       ;
;   Clock                ;       ;       ;             ;            ;       ;       ;
;    IC                  ;       ; 2     ; 5.225       ; 86         ; 2.491 ; 2.734 ;
;    Cell                ;       ; 2     ; 0.885       ; 14         ; 0.321 ; 0.564 ;
+------------------------+-------+-------+-------------+------------+-------+-------+
Note: Negative delays are omitted from totals when calculating percentages

+-----------------------------------------------------------------------------------------------------------------+
; Data Arrival Path                                                                                               ;
+---------+---------+----+------+--------+---------------------+--------------------------------------------------+
; Total   ; Incr    ; RF ; Type ; Fanout ; Location            ; Element                                          ;
+---------+---------+----+------+--------+---------------------+--------------------------------------------------+
; 0.000   ; 0.000   ;    ;      ;        ;                     ; launch edge time                                 ;
; 3.388   ; 3.388   ;    ;      ;        ;                     ; clock path                                       ;
;   0.000 ;   0.000 ;    ;      ;        ;                     ; source latency                                   ;
;   0.000 ;   0.000 ;    ;      ; 1      ; LABCELL_X1_Y36_N9   ; gpu_clk                                          ;
;   0.576 ;   0.576 ; RR ; IC   ; 1      ; CLKCTRL_G2          ; gpu_clk~CLKENA0|inclk                            ;
;   0.871 ;   0.295 ; RR ; CELL ; 9078   ; CLKCTRL_G2          ; gpu_clk~CLKENA0|outclk                           ;
;   2.904 ;   2.033 ; RR ; IC   ; 1      ; FF_X35_Y62_N26      ; u_guard_scan|guard_violations[29]|clk            ;
;   3.388 ;   0.484 ; RR ; CELL ; 1      ; FF_X35_Y62_N26      ; zhao_mem_guard:u_guard_scan|guard_violations[29] ;
; 3.918   ; 0.530   ;    ;      ;        ;                     ; data path                                        ;
;   3.388 ;   0.000 ;    ; uTco ; 1      ; FF_X35_Y62_N26      ; zhao_mem_guard:u_guard_scan|guard_violations[29] ;
;   3.388 ;   0.000 ; FF ; CELL ; 2      ; FF_X35_Y62_N26      ; u_guard_scan|guard_violations[29]|q              ;
;   3.622 ;   0.234 ; FF ; IC   ; 2      ; LABCELL_X35_Y62_N24 ; u_guard_scan|Add2~113|datac                      ;
;   3.849 ;   0.227 ; FR ; CELL ; 1      ; LABCELL_X35_Y62_N24 ; u_guard_scan|Add2~113|sumout                     ;
;   3.849 ;   0.000 ; RR ; IC   ; 1      ; FF_X35_Y62_N26      ; u_guard_scan|guard_violations[29]|d              ;
;   3.918 ;   0.069 ; RR ; CELL ; 1      ; FF_X35_Y62_N26      ; zhao_mem_guard:u_guard_scan|guard_violations[29] ;
+---------+---------+----+------+--------+---------------------+--------------------------------------------------+

+----------------------------------------------------------------------------------------------------------------+
; Data Required Path                                                                                             ;
+---------+----------+----+------+--------+-------------------+--------------------------------------------------+
; Total   ; Incr     ; RF ; Type ; Fanout ; Location          ; Element                                          ;
+---------+----------+----+------+--------+-------------------+--------------------------------------------------+
; 0.000   ; 0.000    ;    ;      ;        ;                   ; latch edge time                                  ;
; 3.499   ; 3.499    ;    ;      ;        ;                   ; clock path                                       ;
;   0.000 ;   0.000  ;    ;      ;        ;                   ; source latency                                   ;
;   0.000 ;   0.000  ;    ;      ; 1      ; LABCELL_X1_Y36_N9 ; gpu_clk                                          ;
;   2.734 ;   2.734  ; RR ; IC   ; 1      ; CLKCTRL_G2        ; gpu_clk~CLKENA0|inclk                            ;
;   3.055 ;   0.321  ; RR ; CELL ; 9078   ; CLKCTRL_G2        ; gpu_clk~CLKENA0|outclk                           ;
;   5.546 ;   2.491  ; RR ; IC   ; 1      ; FF_X35_Y62_N26    ; u_guard_scan|guard_violations[29]|clk            ;
;   6.110 ;   0.564  ; RR ; CELL ; 1      ; FF_X35_Y62_N26    ; zhao_mem_guard:u_guard_scan|guard_violations[29] ;
;   3.499 ;   -2.611 ;    ;      ;        ;                   ; clock pessimism removed                          ;
; 3.499   ; 0.000    ;    ;      ;        ;                   ; clock uncertainty                                ;
; 3.499   ; 0.000    ;    ; uTh  ; 1      ; FF_X35_Y62_N26    ; zhao_mem_guard:u_guard_scan|guard_violations[29] ;
+---------+----------+----+------+--------+-------------------+--------------------------------------------------+

----------------------------
; Extra Fitter Information ;
----------------------------
HTML report is unavailable in plain text report export.


Path #96: Hold slack is 0.419 
===============================================================================
+-------------------------------------------------------------+
; Path Summary                                                ;
+--------------------+----------------------------------------+
; Property           ; Value                                  ;
+--------------------+----------------------------------------+
; From Node          ; zhao_input_snapshot:u_snapshot|gaps[5] ;
; To Node            ; zhao_input_snapshot:u_snapshot|gaps[5] ;
; Launch Clock       ; gpu_clk                                ;
; Latch Clock        ; gpu_clk                                ;
; Data Arrival Time  ; 3.800                                  ;
; Data Required Time ; 3.381                                  ;
; Slack              ; 0.419                                  ;
+--------------------+----------------------------------------+

+-----------------------------------------------------------------------------------+
; Statistics                                                                        ;
+------------------------+-------+-------+-------------+------------+-------+-------+
; Property               ; Value ; Count ; Total Delay ; % of Total ; Min   ; Max   ;
+------------------------+-------+-------+-------------+------------+-------+-------+
; Hold Relationship      ; 0.000 ;       ;             ;            ;       ;       ;
; Clock Skew             ; 0.109 ;       ;             ;            ;       ;       ;
; Data Delay             ; 0.528 ;       ;             ;            ;       ;       ;
; Number of Logic Levels ;       ; 1     ;             ;            ;       ;       ;
; Physical Delays        ;       ;       ;             ;            ;       ;       ;
;  Arrival Path          ;       ;       ;             ;            ;       ;       ;
;   Clock                ;       ;       ;             ;            ;       ;       ;
;    IC                  ;       ; 2     ; 2.493       ; 76         ; 0.576 ; 1.917 ;
;    Cell                ;       ; 2     ; 0.779       ; 24         ; 0.295 ; 0.484 ;
;   Data                 ;       ;       ;             ;            ;       ;       ;
;    IC                  ;       ; 2     ; 0.228       ; 43         ; 0.000 ; 0.228 ;
;    Cell                ;       ; 3     ; 0.300       ; 57         ; 0.000 ; 0.231 ;
;    uTco                ;       ; 1     ; 0.000       ; 0          ; 0.000 ; 0.000 ;
;  Required Path         ;       ;       ;             ;            ;       ;       ;
;   Clock                ;       ;       ;             ;            ;       ;       ;
;    IC                  ;       ; 2     ; 5.099       ; 85         ; 2.365 ; 2.734 ;
;    Cell                ;       ; 2     ; 0.885       ; 15         ; 0.321 ; 0.564 ;
+------------------------+-------+-------+-------------+------------+-------+-------+
Note: Negative delays are omitted from totals when calculating percentages

+--------------------------------------------------------------------------------------------------------+
; Data Arrival Path                                                                                      ;
+---------+---------+----+------+--------+----------------------+----------------------------------------+
; Total   ; Incr    ; RF ; Type ; Fanout ; Location             ; Element                                ;
+---------+---------+----+------+--------+----------------------+----------------------------------------+
; 0.000   ; 0.000   ;    ;      ;        ;                      ; launch edge time                       ;
; 3.272   ; 3.272   ;    ;      ;        ;                      ; clock path                             ;
;   0.000 ;   0.000 ;    ;      ;        ;                      ; source latency                         ;
;   0.000 ;   0.000 ;    ;      ; 1      ; LABCELL_X1_Y36_N9    ; gpu_clk                                ;
;   0.576 ;   0.576 ; RR ; IC   ; 1      ; CLKCTRL_G2           ; gpu_clk~CLKENA0|inclk                  ;
;   0.871 ;   0.295 ; RR ; CELL ; 9078   ; CLKCTRL_G2           ; gpu_clk~CLKENA0|outclk                 ;
;   2.788 ;   1.917 ; RR ; IC   ; 1      ; FF_X59_Y32_N17       ; u_snapshot|gaps[5]|clk                 ;
;   3.272 ;   0.484 ; RR ; CELL ; 1      ; FF_X59_Y32_N17       ; zhao_input_snapshot:u_snapshot|gaps[5] ;
; 3.800   ; 0.528   ;    ;      ;        ;                      ; data path                              ;
;   3.272 ;   0.000 ;    ; uTco ; 1      ; FF_X59_Y32_N17       ; zhao_input_snapshot:u_snapshot|gaps[5] ;
;   3.272 ;   0.000 ; FF ; CELL ; 4      ; FF_X59_Y32_N17       ; u_snapshot|gaps[5]|q                   ;
;   3.500 ;   0.228 ; FF ; IC   ; 2      ; MLABCELL_X59_Y32_N15 ; u_snapshot|Add11~21|datac              ;
;   3.731 ;   0.231 ; FR ; CELL ; 1      ; MLABCELL_X59_Y32_N15 ; u_snapshot|Add11~21|sumout             ;
;   3.731 ;   0.000 ; RR ; IC   ; 1      ; FF_X59_Y32_N17       ; u_snapshot|gaps[5]|d                   ;
;   3.800 ;   0.069 ; RR ; CELL ; 1      ; FF_X59_Y32_N17       ; zhao_input_snapshot:u_snapshot|gaps[5] ;
+---------+---------+----+------+--------+----------------------+----------------------------------------+

+------------------------------------------------------------------------------------------------------+
; Data Required Path                                                                                   ;
+---------+----------+----+------+--------+-------------------+----------------------------------------+
; Total   ; Incr     ; RF ; Type ; Fanout ; Location          ; Element                                ;
+---------+----------+----+------+--------+-------------------+----------------------------------------+
; 0.000   ; 0.000    ;    ;      ;        ;                   ; latch edge time                        ;
; 3.381   ; 3.381    ;    ;      ;        ;                   ; clock path                             ;
;   0.000 ;   0.000  ;    ;      ;        ;                   ; source latency                         ;
;   0.000 ;   0.000  ;    ;      ; 1      ; LABCELL_X1_Y36_N9 ; gpu_clk                                ;
;   2.734 ;   2.734  ; RR ; IC   ; 1      ; CLKCTRL_G2        ; gpu_clk~CLKENA0|inclk                  ;
;   3.055 ;   0.321  ; RR ; CELL ; 9078   ; CLKCTRL_G2        ; gpu_clk~CLKENA0|outclk                 ;
;   5.420 ;   2.365  ; RR ; IC   ; 1      ; FF_X59_Y32_N17    ; u_snapshot|gaps[5]|clk                 ;
;   5.984 ;   0.564  ; RR ; CELL ; 1      ; FF_X59_Y32_N17    ; zhao_input_snapshot:u_snapshot|gaps[5] ;
;   3.381 ;   -2.603 ;    ;      ;        ;                   ; clock pessimism removed                ;
; 3.381   ; 0.000    ;    ;      ;        ;                   ; clock uncertainty                      ;
; 3.381   ; 0.000    ;    ; uTh  ; 1      ; FF_X59_Y32_N17    ; zhao_input_snapshot:u_snapshot|gaps[5] ;
+---------+----------+----+------+--------+-------------------+----------------------------------------+

----------------------------
; Extra Fitter Information ;
----------------------------
HTML report is unavailable in plain text report export.


Path #97: Hold slack is 0.419 
===============================================================================
+----------------------------------------------------------------------------------------------+
; Path Summary                                                                                 ;
+--------------------+-------------------------------------------------------------------------+
; Property           ; Value                                                                   ;
+--------------------+-------------------------------------------------------------------------+
; From Node          ; zhao_video_scanout:u_scanout|zhao_scanout_serializer:u_ser|starve_q[29] ;
; To Node            ; zhao_video_scanout:u_scanout|zhao_scanout_serializer:u_ser|starve_q[29] ;
; Launch Clock       ; vid_clk                                                                 ;
; Latch Clock        ; vid_clk                                                                 ;
; Data Arrival Time  ; 3.780                                                                   ;
; Data Required Time ; 3.361                                                                   ;
; Slack              ; 0.419                                                                   ;
+--------------------+-------------------------------------------------------------------------+

+-----------------------------------------------------------------------------------+
; Statistics                                                                        ;
+------------------------+-------+-------+-------------+------------+-------+-------+
; Property               ; Value ; Count ; Total Delay ; % of Total ; Min   ; Max   ;
+------------------------+-------+-------+-------------+------------+-------+-------+
; Hold Relationship      ; 0.000 ;       ;             ;            ;       ;       ;
; Clock Skew             ; 0.107 ;       ;             ;            ;       ;       ;
; Data Delay             ; 0.526 ;       ;             ;            ;       ;       ;
; Number of Logic Levels ;       ; 1     ;             ;            ;       ;       ;
; Physical Delays        ;       ;       ;             ;            ;       ;       ;
;  Arrival Path          ;       ;       ;             ;            ;       ;       ;
;   Clock                ;       ;       ;             ;            ;       ;       ;
;    IC                  ;       ; 2     ; 2.482       ; 76         ; 0.581 ; 1.901 ;
;    Cell                ;       ; 2     ; 0.772       ; 24         ; 0.295 ; 0.477 ;
;   Data                 ;       ;       ;             ;            ;       ;       ;
;    IC                  ;       ; 2     ; 0.237       ; 45         ; 0.000 ; 0.237 ;
;    Cell                ;       ; 3     ; 0.289       ; 55         ; 0.000 ; 0.226 ;
;    uTco                ;       ; 1     ; 0.000       ; 0          ; 0.000 ; 0.000 ;
;  Required Path         ;       ;       ;             ;            ;       ;       ;
;   Clock                ;       ;       ;             ;            ;       ;       ;
;    IC                  ;       ; 2     ; 5.084       ; 85         ; 2.344 ; 2.740 ;
;    Cell                ;       ; 2     ; 0.876       ; 15         ; 0.321 ; 0.555 ;
+------------------------+-------+-------+-------------+------------+-------+-------+
Note: Negative delays are omitted from totals when calculating percentages

+-----------------------------------------------------------------------------------------------------------------------------------------+
; Data Arrival Path                                                                                                                       ;
+---------+---------+----+------+--------+----------------------+-------------------------------------------------------------------------+
; Total   ; Incr    ; RF ; Type ; Fanout ; Location             ; Element                                                                 ;
+---------+---------+----+------+--------+----------------------+-------------------------------------------------------------------------+
; 0.000   ; 0.000   ;    ;      ;        ;                      ; launch edge time                                                        ;
; 3.254   ; 3.254   ;    ;      ;        ;                      ; clock path                                                              ;
;   0.000 ;   0.000 ;    ;      ;        ;                      ; source latency                                                          ;
;   0.000 ;   0.000 ;    ;      ; 1      ; LABCELL_X1_Y36_N3    ; vid_clk                                                                 ;
;   0.581 ;   0.581 ; RR ; IC   ; 1      ; CLKCTRL_G3           ; vid_clk~CLKENA0|inclk                                                   ;
;   0.876 ;   0.295 ; RR ; CELL ; 746    ; CLKCTRL_G3           ; vid_clk~CLKENA0|outclk                                                  ;
;   2.777 ;   1.901 ; RR ; IC   ; 1      ; FF_X39_Y27_N56       ; u_scanout|u_ser|starve_q[29]|clk                                        ;
;   3.254 ;   0.477 ; RR ; CELL ; 1      ; FF_X39_Y27_N56       ; zhao_video_scanout:u_scanout|zhao_scanout_serializer:u_ser|starve_q[29] ;
; 3.780   ; 0.526   ;    ;      ;        ;                      ; data path                                                               ;
;   3.254 ;   0.000 ;    ; uTco ; 1      ; FF_X39_Y27_N56       ; zhao_video_scanout:u_scanout|zhao_scanout_serializer:u_ser|starve_q[29] ;
;   3.254 ;   0.000 ; FF ; CELL ; 6      ; FF_X39_Y27_N56       ; u_scanout|u_ser|starve_q[29]|q                                          ;
;   3.491 ;   0.237 ; FF ; IC   ; 2      ; MLABCELL_X39_Y27_N54 ; u_scanout|u_ser|Add5~113|datac                                          ;
;   3.717 ;   0.226 ; FR ; CELL ; 1      ; MLABCELL_X39_Y27_N54 ; u_scanout|u_ser|Add5~113|sumout                                         ;
;   3.717 ;   0.000 ; RR ; IC   ; 1      ; FF_X39_Y27_N56       ; u_scanout|u_ser|starve_q[29]|d                                          ;
;   3.780 ;   0.063 ; RR ; CELL ; 1      ; FF_X39_Y27_N56       ; zhao_video_scanout:u_scanout|zhao_scanout_serializer:u_ser|starve_q[29] ;
+---------+---------+----+------+--------+----------------------+-------------------------------------------------------------------------+

+---------------------------------------------------------------------------------------------------------------------------------------+
; Data Required Path                                                                                                                    ;
+---------+----------+----+------+--------+-------------------+-------------------------------------------------------------------------+
; Total   ; Incr     ; RF ; Type ; Fanout ; Location          ; Element                                                                 ;
+---------+----------+----+------+--------+-------------------+-------------------------------------------------------------------------+
; 0.000   ; 0.000    ;    ;      ;        ;                   ; latch edge time                                                         ;
; 3.361   ; 3.361    ;    ;      ;        ;                   ; clock path                                                              ;
;   0.000 ;   0.000  ;    ;      ;        ;                   ; source latency                                                          ;
;   0.000 ;   0.000  ;    ;      ; 1      ; LABCELL_X1_Y36_N3 ; vid_clk                                                                 ;
;   2.740 ;   2.740  ; RR ; IC   ; 1      ; CLKCTRL_G3        ; vid_clk~CLKENA0|inclk                                                   ;
;   3.061 ;   0.321  ; RR ; CELL ; 746    ; CLKCTRL_G3        ; vid_clk~CLKENA0|outclk                                                  ;
;   5.405 ;   2.344  ; RR ; IC   ; 1      ; FF_X39_Y27_N56    ; u_scanout|u_ser|starve_q[29]|clk                                        ;
;   5.960 ;   0.555  ; RR ; CELL ; 1      ; FF_X39_Y27_N56    ; zhao_video_scanout:u_scanout|zhao_scanout_serializer:u_ser|starve_q[29] ;
;   3.361 ;   -2.599 ;    ;      ;        ;                   ; clock pessimism removed                                                 ;
; 3.361   ; 0.000    ;    ;      ;        ;                   ; clock uncertainty                                                       ;
; 3.361   ; 0.000    ;    ; uTh  ; 1      ; FF_X39_Y27_N56    ; zhao_video_scanout:u_scanout|zhao_scanout_serializer:u_ser|starve_q[29] ;
+---------+----------+----+------+--------+-------------------+-------------------------------------------------------------------------+

----------------------------
; Extra Fitter Information ;
----------------------------
HTML report is unavailable in plain text report export.


Path #98: Hold slack is 0.419 
===============================================================================
+----------------------------------------------------------------+
; Path Summary                                                   ;
+--------------------+-------------------------------------------+
; Property           ; Value                                     ;
+--------------------+-------------------------------------------+
; From Node          ; zhao_sdram_ctrl:u_ctrl|refresh_stalls[27] ;
; To Node            ; zhao_sdram_ctrl:u_ctrl|refresh_stalls[27] ;
; Launch Clock       ; gpu_clk                                   ;
; Latch Clock        ; gpu_clk                                   ;
; Data Arrival Time  ; 3.827                                     ;
; Data Required Time ; 3.408                                     ;
; Slack              ; 0.419                                     ;
+--------------------+-------------------------------------------+

+-----------------------------------------------------------------------------------+
; Statistics                                                                        ;
+------------------------+-------+-------+-------------+------------+-------+-------+
; Property               ; Value ; Count ; Total Delay ; % of Total ; Min   ; Max   ;
+------------------------+-------+-------+-------------+------------+-------+-------+
; Hold Relationship      ; 0.000 ;       ;             ;            ;       ;       ;
; Clock Skew             ; 0.109 ;       ;             ;            ;       ;       ;
; Data Delay             ; 0.528 ;       ;             ;            ;       ;       ;
; Number of Logic Levels ;       ; 1     ;             ;            ;       ;       ;
; Physical Delays        ;       ;       ;             ;            ;       ;       ;
;  Arrival Path          ;       ;       ;             ;            ;       ;       ;
;   Clock                ;       ;       ;             ;            ;       ;       ;
;    IC                  ;       ; 2     ; 2.520       ; 76         ; 0.576 ; 1.944 ;
;    Cell                ;       ; 2     ; 0.779       ; 24         ; 0.295 ; 0.484 ;
;   Data                 ;       ;       ;             ;            ;       ;       ;
;    IC                  ;       ; 2     ; 0.232       ; 44         ; 0.000 ; 0.232 ;
;    Cell                ;       ; 3     ; 0.296       ; 56         ; 0.000 ; 0.227 ;
;    uTco                ;       ; 1     ; 0.000       ; 0          ; 0.000 ; 0.000 ;
;  Required Path         ;       ;       ;             ;            ;       ;       ;
;   Clock                ;       ;       ;             ;            ;       ;       ;
;    IC                  ;       ; 2     ; 5.122       ; 85         ; 2.388 ; 2.734 ;
;    Cell                ;       ; 2     ; 0.885       ; 15         ; 0.321 ; 0.564 ;
+------------------------+-------+-------+-------------+------------+-------+-------+
Note: Negative delays are omitted from totals when calculating percentages

+----------------------------------------------------------------------------------------------------------+
; Data Arrival Path                                                                                        ;
+---------+---------+----+------+--------+---------------------+-------------------------------------------+
; Total   ; Incr    ; RF ; Type ; Fanout ; Location            ; Element                                   ;
+---------+---------+----+------+--------+---------------------+-------------------------------------------+
; 0.000   ; 0.000   ;    ;      ;        ;                     ; launch edge time                          ;
; 3.299   ; 3.299   ;    ;      ;        ;                     ; clock path                                ;
;   0.000 ;   0.000 ;    ;      ;        ;                     ; source latency                            ;
;   0.000 ;   0.000 ;    ;      ; 1      ; LABCELL_X1_Y36_N9   ; gpu_clk                                   ;
;   0.576 ;   0.576 ; RR ; IC   ; 1      ; CLKCTRL_G2          ; gpu_clk~CLKENA0|inclk                     ;
;   0.871 ;   0.295 ; RR ; CELL ; 9078   ; CLKCTRL_G2          ; gpu_clk~CLKENA0|outclk                    ;
;   2.815 ;   1.944 ; RR ; IC   ; 1      ; FF_X22_Y59_N20      ; u_ctrl|refresh_stalls[27]|clk             ;
;   3.299 ;   0.484 ; RR ; CELL ; 1      ; FF_X22_Y59_N20      ; zhao_sdram_ctrl:u_ctrl|refresh_stalls[27] ;
; 3.827   ; 0.528   ;    ;      ;        ;                     ; data path                                 ;
;   3.299 ;   0.000 ;    ; uTco ; 1      ; FF_X22_Y59_N20      ; zhao_sdram_ctrl:u_ctrl|refresh_stalls[27] ;
;   3.299 ;   0.000 ; FF ; CELL ; 2      ; FF_X22_Y59_N20      ; u_ctrl|refresh_stalls[27]|q               ;
;   3.531 ;   0.232 ; FF ; IC   ; 2      ; LABCELL_X22_Y59_N18 ; u_ctrl|Add3~105|datac                     ;
;   3.758 ;   0.227 ; FR ; CELL ; 1      ; LABCELL_X22_Y59_N18 ; u_ctrl|Add3~105|sumout                    ;
;   3.758 ;   0.000 ; RR ; IC   ; 1      ; FF_X22_Y59_N20      ; u_ctrl|refresh_stalls[27]|d               ;
;   3.827 ;   0.069 ; RR ; CELL ; 1      ; FF_X22_Y59_N20      ; zhao_sdram_ctrl:u_ctrl|refresh_stalls[27] ;
+---------+---------+----+------+--------+---------------------+-------------------------------------------+

+---------------------------------------------------------------------------------------------------------+
; Data Required Path                                                                                      ;
+---------+----------+----+------+--------+-------------------+-------------------------------------------+
; Total   ; Incr     ; RF ; Type ; Fanout ; Location          ; Element                                   ;
+---------+----------+----+------+--------+-------------------+-------------------------------------------+
; 0.000   ; 0.000    ;    ;      ;        ;                   ; latch edge time                           ;
; 3.408   ; 3.408    ;    ;      ;        ;                   ; clock path                                ;
;   0.000 ;   0.000  ;    ;      ;        ;                   ; source latency                            ;
;   0.000 ;   0.000  ;    ;      ; 1      ; LABCELL_X1_Y36_N9 ; gpu_clk                                   ;
;   2.734 ;   2.734  ; RR ; IC   ; 1      ; CLKCTRL_G2        ; gpu_clk~CLKENA0|inclk                     ;
;   3.055 ;   0.321  ; RR ; CELL ; 9078   ; CLKCTRL_G2        ; gpu_clk~CLKENA0|outclk                    ;
;   5.443 ;   2.388  ; RR ; IC   ; 1      ; FF_X22_Y59_N20    ; u_ctrl|refresh_stalls[27]|clk             ;
;   6.007 ;   0.564  ; RR ; CELL ; 1      ; FF_X22_Y59_N20    ; zhao_sdram_ctrl:u_ctrl|refresh_stalls[27] ;
;   3.408 ;   -2.599 ;    ;      ;        ;                   ; clock pessimism removed                   ;
; 3.408   ; 0.000    ;    ;      ;        ;                   ; clock uncertainty                         ;
; 3.408   ; 0.000    ;    ; uTh  ; 1      ; FF_X22_Y59_N20    ; zhao_sdram_ctrl:u_ctrl|refresh_stalls[27] ;
+---------+----------+----+------+--------+-------------------+-------------------------------------------+

----------------------------
; Extra Fitter Information ;
----------------------------
HTML report is unavailable in plain text report export.


Path #99: Hold slack is 0.419 
===============================================================================
+---------------------------------------------------------------+
; Path Summary                                                  ;
+--------------------+------------------------------------------+
; Property           ; Value                                    ;
+--------------------+------------------------------------------+
; From Node          ; zhao_cmd_scheduler:u_sched|sh_faults[42] ;
; To Node            ; zhao_cmd_scheduler:u_sched|sh_faults[42] ;
; Launch Clock       ; gpu_clk                                  ;
; Latch Clock        ; gpu_clk                                  ;
; Data Arrival Time  ; 3.802                                    ;
; Data Required Time ; 3.383                                    ;
; Slack              ; 0.419                                    ;
+--------------------+------------------------------------------+

+-----------------------------------------------------------------------------------+
; Statistics                                                                        ;
+------------------------+-------+-------+-------------+------------+-------+-------+
; Property               ; Value ; Count ; Total Delay ; % of Total ; Min   ; Max   ;
+------------------------+-------+-------+-------------+------------+-------+-------+
; Hold Relationship      ; 0.000 ;       ;             ;            ;       ;       ;
; Clock Skew             ; 0.110 ;       ;             ;            ;       ;       ;
; Data Delay             ; 0.529 ;       ;             ;            ;       ;       ;
; Number of Logic Levels ;       ; 1     ;             ;            ;       ;       ;
; Physical Delays        ;       ;       ;             ;            ;       ;       ;
;  Arrival Path          ;       ;       ;             ;            ;       ;       ;
;   Clock                ;       ;       ;             ;            ;       ;       ;
;    IC                  ;       ; 2     ; 2.494       ; 76         ; 0.576 ; 1.918 ;
;    Cell                ;       ; 2     ; 0.779       ; 24         ; 0.295 ; 0.484 ;
;   Data                 ;       ;       ;             ;            ;       ;       ;
;    IC                  ;       ; 2     ; 0.233       ; 44         ; 0.000 ; 0.233 ;
;    Cell                ;       ; 3     ; 0.296       ; 56         ; 0.000 ; 0.227 ;
;    uTco                ;       ; 1     ; 0.000       ; 0          ; 0.000 ; 0.000 ;
;  Required Path         ;       ;       ;             ;            ;       ;       ;
;   Clock                ;       ;       ;             ;            ;       ;       ;
;    IC                  ;       ; 2     ; 5.100       ; 85         ; 2.366 ; 2.734 ;
;    Cell                ;       ; 2     ; 0.885       ; 15         ; 0.321 ; 0.564 ;
+------------------------+-------+-------+-------------+------------+-------+-------+
Note: Negative delays are omitted from totals when calculating percentages

+---------------------------------------------------------------------------------------------------------+
; Data Arrival Path                                                                                       ;
+---------+---------+----+------+--------+---------------------+------------------------------------------+
; Total   ; Incr    ; RF ; Type ; Fanout ; Location            ; Element                                  ;
+---------+---------+----+------+--------+---------------------+------------------------------------------+
; 0.000   ; 0.000   ;    ;      ;        ;                     ; launch edge time                         ;
; 3.273   ; 3.273   ;    ;      ;        ;                     ; clock path                               ;
;   0.000 ;   0.000 ;    ;      ;        ;                     ; source latency                           ;
;   0.000 ;   0.000 ;    ;      ; 1      ; LABCELL_X1_Y36_N9   ; gpu_clk                                  ;
;   0.576 ;   0.576 ; RR ; IC   ; 1      ; CLKCTRL_G2          ; gpu_clk~CLKENA0|inclk                    ;
;   0.871 ;   0.295 ; RR ; CELL ; 9078   ; CLKCTRL_G2          ; gpu_clk~CLKENA0|outclk                   ;
;   2.789 ;   1.918 ; RR ; IC   ; 1      ; FF_X45_Y28_N38      ; u_sched|sh_faults[42]|clk                ;
;   3.273 ;   0.484 ; RR ; CELL ; 1      ; FF_X45_Y28_N38      ; zhao_cmd_scheduler:u_sched|sh_faults[42] ;
; 3.802   ; 0.529   ;    ;      ;        ;                     ; data path                                ;
;   3.273 ;   0.000 ;    ; uTco ; 1      ; FF_X45_Y28_N38      ; zhao_cmd_scheduler:u_sched|sh_faults[42] ;
;   3.273 ;   0.000 ; FF ; CELL ; 2      ; FF_X45_Y28_N38      ; u_sched|sh_faults[42]|q                  ;
;   3.506 ;   0.233 ; FF ; IC   ; 2      ; LABCELL_X45_Y28_N36 ; u_sched|Add4~169|datac                   ;
;   3.733 ;   0.227 ; FR ; CELL ; 1      ; LABCELL_X45_Y28_N36 ; u_sched|Add4~169|sumout                  ;
;   3.733 ;   0.000 ; RR ; IC   ; 1      ; FF_X45_Y28_N38      ; u_sched|sh_faults[42]|d                  ;
;   3.802 ;   0.069 ; RR ; CELL ; 1      ; FF_X45_Y28_N38      ; zhao_cmd_scheduler:u_sched|sh_faults[42] ;
+---------+---------+----+------+--------+---------------------+------------------------------------------+

+--------------------------------------------------------------------------------------------------------+
; Data Required Path                                                                                     ;
+---------+----------+----+------+--------+-------------------+------------------------------------------+
; Total   ; Incr     ; RF ; Type ; Fanout ; Location          ; Element                                  ;
+---------+----------+----+------+--------+-------------------+------------------------------------------+
; 0.000   ; 0.000    ;    ;      ;        ;                   ; latch edge time                          ;
; 3.383   ; 3.383    ;    ;      ;        ;                   ; clock path                               ;
;   0.000 ;   0.000  ;    ;      ;        ;                   ; source latency                           ;
;   0.000 ;   0.000  ;    ;      ; 1      ; LABCELL_X1_Y36_N9 ; gpu_clk                                  ;
;   2.734 ;   2.734  ; RR ; IC   ; 1      ; CLKCTRL_G2        ; gpu_clk~CLKENA0|inclk                    ;
;   3.055 ;   0.321  ; RR ; CELL ; 9078   ; CLKCTRL_G2        ; gpu_clk~CLKENA0|outclk                   ;
;   5.421 ;   2.366  ; RR ; IC   ; 1      ; FF_X45_Y28_N38    ; u_sched|sh_faults[42]|clk                ;
;   5.985 ;   0.564  ; RR ; CELL ; 1      ; FF_X45_Y28_N38    ; zhao_cmd_scheduler:u_sched|sh_faults[42] ;
;   3.383 ;   -2.602 ;    ;      ;        ;                   ; clock pessimism removed                  ;
; 3.383   ; 0.000    ;    ;      ;        ;                   ; clock uncertainty                        ;
; 3.383   ; 0.000    ;    ; uTh  ; 1      ; FF_X45_Y28_N38    ; zhao_cmd_scheduler:u_sched|sh_faults[42] ;
+---------+----------+----+------+--------+-------------------+------------------------------------------+

----------------------------
; Extra Fitter Information ;
----------------------------
HTML report is unavailable in plain text report export.


Path #100: Hold slack is 0.419 
===============================================================================
+---------------------------------------------------------------+
; Path Summary                                                  ;
+--------------------+------------------------------------------+
; Property           ; Value                                    ;
+--------------------+------------------------------------------+
; From Node          ; zhao_cmd_scheduler:u_sched|sh_faults[46] ;
; To Node            ; zhao_cmd_scheduler:u_sched|sh_faults[46] ;
; Launch Clock       ; gpu_clk                                  ;
; Latch Clock        ; gpu_clk                                  ;
; Data Arrival Time  ; 3.802                                    ;
; Data Required Time ; 3.383                                    ;
; Slack              ; 0.419                                    ;
+--------------------+------------------------------------------+

+-----------------------------------------------------------------------------------+
; Statistics                                                                        ;
+------------------------+-------+-------+-------------+------------+-------+-------+
; Property               ; Value ; Count ; Total Delay ; % of Total ; Min   ; Max   ;
+------------------------+-------+-------+-------------+------------+-------+-------+
; Hold Relationship      ; 0.000 ;       ;             ;            ;       ;       ;
; Clock Skew             ; 0.110 ;       ;             ;            ;       ;       ;
; Data Delay             ; 0.529 ;       ;             ;            ;       ;       ;
; Number of Logic Levels ;       ; 1     ;             ;            ;       ;       ;
; Physical Delays        ;       ;       ;             ;            ;       ;       ;
;  Arrival Path          ;       ;       ;             ;            ;       ;       ;
;   Clock                ;       ;       ;             ;            ;       ;       ;
;    IC                  ;       ; 2     ; 2.494       ; 76         ; 0.576 ; 1.918 ;
;    Cell                ;       ; 2     ; 0.779       ; 24         ; 0.295 ; 0.484 ;
;   Data                 ;       ;       ;             ;            ;       ;       ;
;    IC                  ;       ; 2     ; 0.233       ; 44         ; 0.000 ; 0.233 ;
;    Cell                ;       ; 3     ; 0.296       ; 56         ; 0.000 ; 0.227 ;
;    uTco                ;       ; 1     ; 0.000       ; 0          ; 0.000 ; 0.000 ;
;  Required Path         ;       ;       ;             ;            ;       ;       ;
;   Clock                ;       ;       ;             ;            ;       ;       ;
;    IC                  ;       ; 2     ; 5.100       ; 85         ; 2.366 ; 2.734 ;
;    Cell                ;       ; 2     ; 0.885       ; 15         ; 0.321 ; 0.564 ;
+------------------------+-------+-------+-------------+------------+-------+-------+
Note: Negative delays are omitted from totals when calculating percentages

+---------------------------------------------------------------------------------------------------------+
; Data Arrival Path                                                                                       ;
+---------+---------+----+------+--------+---------------------+------------------------------------------+
; Total   ; Incr    ; RF ; Type ; Fanout ; Location            ; Element                                  ;
+---------+---------+----+------+--------+---------------------+------------------------------------------+
; 0.000   ; 0.000   ;    ;      ;        ;                     ; launch edge time                         ;
; 3.273   ; 3.273   ;    ;      ;        ;                     ; clock path                               ;
;   0.000 ;   0.000 ;    ;      ;        ;                     ; source latency                           ;
;   0.000 ;   0.000 ;    ;      ; 1      ; LABCELL_X1_Y36_N9   ; gpu_clk                                  ;
;   0.576 ;   0.576 ; RR ; IC   ; 1      ; CLKCTRL_G2          ; gpu_clk~CLKENA0|inclk                    ;
;   0.871 ;   0.295 ; RR ; CELL ; 9078   ; CLKCTRL_G2          ; gpu_clk~CLKENA0|outclk                   ;
;   2.789 ;   1.918 ; RR ; IC   ; 1      ; FF_X45_Y28_N50      ; u_sched|sh_faults[46]|clk                ;
;   3.273 ;   0.484 ; RR ; CELL ; 1      ; FF_X45_Y28_N50      ; zhao_cmd_scheduler:u_sched|sh_faults[46] ;
; 3.802   ; 0.529   ;    ;      ;        ;                     ; data path                                ;
;   3.273 ;   0.000 ;    ; uTco ; 1      ; FF_X45_Y28_N50      ; zhao_cmd_scheduler:u_sched|sh_faults[46] ;
;   3.273 ;   0.000 ; FF ; CELL ; 2      ; FF_X45_Y28_N50      ; u_sched|sh_faults[46]|q                  ;
;   3.506 ;   0.233 ; FF ; IC   ; 2      ; LABCELL_X45_Y28_N48 ; u_sched|Add4~185|datac                   ;
;   3.733 ;   0.227 ; FR ; CELL ; 1      ; LABCELL_X45_Y28_N48 ; u_sched|Add4~185|sumout                  ;
;   3.733 ;   0.000 ; RR ; IC   ; 1      ; FF_X45_Y28_N50      ; u_sched|sh_faults[46]|d                  ;
;   3.802 ;   0.069 ; RR ; CELL ; 1      ; FF_X45_Y28_N50      ; zhao_cmd_scheduler:u_sched|sh_faults[46] ;
+---------+---------+----+------+--------+---------------------+------------------------------------------+

+--------------------------------------------------------------------------------------------------------+
; Data Required Path                                                                                     ;
+---------+----------+----+------+--------+-------------------+------------------------------------------+
; Total   ; Incr     ; RF ; Type ; Fanout ; Location          ; Element                                  ;
+---------+----------+----+------+--------+-------------------+------------------------------------------+
; 0.000   ; 0.000    ;    ;      ;        ;                   ; latch edge time                          ;
; 3.383   ; 3.383    ;    ;      ;        ;                   ; clock path                               ;
;   0.000 ;   0.000  ;    ;      ;        ;                   ; source latency                           ;
;   0.000 ;   0.000  ;    ;      ; 1      ; LABCELL_X1_Y36_N9 ; gpu_clk                                  ;
;   2.734 ;   2.734  ; RR ; IC   ; 1      ; CLKCTRL_G2        ; gpu_clk~CLKENA0|inclk                    ;
;   3.055 ;   0.321  ; RR ; CELL ; 9078   ; CLKCTRL_G2        ; gpu_clk~CLKENA0|outclk                   ;
;   5.421 ;   2.366  ; RR ; IC   ; 1      ; FF_X45_Y28_N50    ; u_sched|sh_faults[46]|clk                ;
;   5.985 ;   0.564  ; RR ; CELL ; 1      ; FF_X45_Y28_N50    ; zhao_cmd_scheduler:u_sched|sh_faults[46] ;
;   3.383 ;   -2.602 ;    ;      ;        ;                   ; clock pessimism removed                  ;
; 3.383   ; 0.000    ;    ;      ;        ;                   ; clock uncertainty                        ;
; 3.383   ; 0.000    ;    ; uTh  ; 1      ; FF_X45_Y28_N50    ; zhao_cmd_scheduler:u_sched|sh_faults[46] ;
+---------+----------+----+------+--------+-------------------+------------------------------------------+

----------------------------
; Extra Fitter Information ;
----------------------------
HTML report is unavailable in plain text report export.


