----------------
; Command Info ;
----------------
Report Timing: Found 100 setup paths (100 violated).  Worst case slack is -1.991 

Tcl Command:
    report_timing -setup -file output_files/characterization/setup_paths.rpt -nworst 1 -npaths 100 -detail full_path

Options:
    -setup 
    -nworst 1 
    -npaths 100 
    -detail full_path 
    -file {output_files/characterization/setup_paths.rpt} 

Delay Model:
    Slow 1100mV 100C Model

+------------------------------------------------------------------------------------------------------------------------------------------------------------------------------------------------------+
; Summary of Paths                                                                                                                                                                                     ;
+--------+-------------------------------------------------------------------------+---------------------------------------------+--------------+-------------+--------------+------------+------------+
; Slack  ; From Node                                                               ; To Node                                     ; Launch Clock ; Latch Clock ; Relationship ; Clock Skew ; Data Delay ;
+--------+-------------------------------------------------------------------------+---------------------------------------------+--------------+-------------+--------------+------------+------------+
; -1.991 ; zhao_video_scanout:u_scanout|zhao_scanout_serializer:u_ser|starve_q[57] ; cdc_err                                     ; vid_clk      ; gpu_clk     ; 10.000       ; -2.669     ; 9.262      ;
; -0.875 ; zhao_cmd_dma:u_dma|hdr_win[28][5]                                       ; zhao_cmd_dma:u_dma|crc_pay_r[8]             ; gpu_clk      ; gpu_clk     ; 10.000       ; -0.698     ; 10.117     ;
; -0.765 ; f_pos[1]                                                                ; recq[2][101]                                ; gpu_clk      ; gpu_clk     ; 10.000       ; -0.098     ; 10.607     ;
; -0.765 ; f_pos[1]                                                                ; recq[2][100]                                ; gpu_clk      ; gpu_clk     ; 10.000       ; -0.098     ; 10.607     ;
; -0.764 ; f_pos[1]                                                                ; recq[2][99]                                 ; gpu_clk      ; gpu_clk     ; 10.000       ; -0.102     ; 10.602     ;
; -0.721 ; f_pos[1]                                                                ; recq[2][76]                                 ; gpu_clk      ; gpu_clk     ; 10.000       ; -0.159     ; 10.502     ;
; -0.704 ; f_pos[1]                                                                ; recq[2][55]                                 ; gpu_clk      ; gpu_clk     ; 10.000       ; -0.179     ; 10.465     ;
; -0.704 ; f_pos[1]                                                                ; recq[2][50]                                 ; gpu_clk      ; gpu_clk     ; 10.000       ; -0.184     ; 10.460     ;
; -0.704 ; f_pos[1]                                                                ; recq[2][63]                                 ; gpu_clk      ; gpu_clk     ; 10.000       ; -0.179     ; 10.465     ;
; -0.704 ; f_pos[1]                                                                ; recq[2][62]                                 ; gpu_clk      ; gpu_clk     ; 10.000       ; -0.179     ; 10.465     ;
; -0.704 ; f_pos[1]                                                                ; recq[2][59]                                 ; gpu_clk      ; gpu_clk     ; 10.000       ; -0.184     ; 10.460     ;
; -0.704 ; f_pos[1]                                                                ; recq[2][34]                                 ; gpu_clk      ; gpu_clk     ; 10.000       ; -0.179     ; 10.465     ;
; -0.704 ; f_pos[1]                                                                ; recq[2][33]                                 ; gpu_clk      ; gpu_clk     ; 10.000       ; -0.184     ; 10.460     ;
; -0.704 ; f_pos[1]                                                                ; recq[2][38]                                 ; gpu_clk      ; gpu_clk     ; 10.000       ; -0.184     ; 10.460     ;
; -0.686 ; zhao_cmd_dma:u_dma|hdr_win[28][5]                                       ; zhao_cmd_dma:u_dma|crc_pay_r[28]            ; gpu_clk      ; gpu_clk     ; 10.000       ; -0.699     ; 9.927      ;
; -0.686 ; zhao_cmd_dma:u_dma|hdr_win[28][5]                                       ; zhao_cmd_dma:u_dma|crc_pay_r[28]~DUPLICATE  ; gpu_clk      ; gpu_clk     ; 10.000       ; -0.696     ; 9.930      ;
; -0.684 ; zhao_cmd_dma:u_dma|hdr_win[28][5]                                       ; zhao_cmd_dma:u_dma|crc_pay_r[25]            ; gpu_clk      ; gpu_clk     ; 10.000       ; -0.695     ; 9.929      ;
; -0.684 ; zhao_cmd_dma:u_dma|hdr_win[28][5]                                       ; zhao_cmd_dma:u_dma|crc_pay_r[25]~DUPLICATE  ; gpu_clk      ; gpu_clk     ; 10.000       ; -0.701     ; 9.923      ;
; -0.683 ; zhao_cmd_dma:u_dma|hdr_win[28][5]                                       ; zhao_cmd_dma:u_dma|crc_pay_r[31]            ; gpu_clk      ; gpu_clk     ; 10.000       ; -0.699     ; 9.924      ;
; -0.683 ; zhao_cmd_dma:u_dma|hdr_win[28][5]                                       ; zhao_cmd_dma:u_dma|crc_pay_r[17]            ; gpu_clk      ; gpu_clk     ; 10.000       ; -0.699     ; 9.924      ;
; -0.683 ; zhao_cmd_dma:u_dma|hdr_win[28][5]                                       ; zhao_cmd_dma:u_dma|crc_pay_r[17]~DUPLICATE  ; gpu_clk      ; gpu_clk     ; 10.000       ; -0.696     ; 9.927      ;
; -0.683 ; zhao_cmd_dma:u_dma|hdr_win[28][5]                                       ; zhao_cmd_dma:u_dma|crc_pay_r[31]~DUPLICATE  ; gpu_clk      ; gpu_clk     ; 10.000       ; -0.696     ; 9.927      ;
; -0.679 ; f_pos[1]                                                                ; recq[2][75]                                 ; gpu_clk      ; gpu_clk     ; 10.000       ; -0.163     ; 10.456     ;
; -0.679 ; f_pos[1]                                                                ; recq[2][8]                                  ; gpu_clk      ; gpu_clk     ; 10.000       ; -0.162     ; 10.457     ;
; -0.678 ; zhao_cmd_dma:u_dma|hdr_win[28][5]                                       ; zhao_cmd_dma:u_dma|crc_pay_r[16]            ; gpu_clk      ; gpu_clk     ; 10.000       ; -0.696     ; 9.922      ;
; -0.678 ; zhao_cmd_dma:u_dma|hdr_win[28][5]                                       ; zhao_cmd_dma:u_dma|crc_pay_r[11]            ; gpu_clk      ; gpu_clk     ; 10.000       ; -0.696     ; 9.922      ;
; -0.678 ; zhao_cmd_dma:u_dma|hdr_win[28][5]                                       ; zhao_cmd_dma:u_dma|crc_pay_r[11]~DUPLICATE  ; gpu_clk      ; gpu_clk     ; 10.000       ; -0.702     ; 9.916      ;
; -0.678 ; f_pos[1]                                                                ; recq[2][79]                                 ; gpu_clk      ; gpu_clk     ; 10.000       ; -0.166     ; 10.452     ;
; -0.677 ; zhao_cmd_dma:u_dma|hdr_win[28][5]                                       ; zhao_cmd_dma:u_dma|crc_pay_r[9]~DUPLICATE   ; gpu_clk      ; gpu_clk     ; 10.000       ; -0.700     ; 9.917      ;
; -0.677 ; zhao_cmd_dma:u_dma|hdr_win[28][5]                                       ; zhao_cmd_dma:u_dma|crc_pay_r[9]             ; gpu_clk      ; gpu_clk     ; 10.000       ; -0.697     ; 9.920      ;
; -0.664 ; f_pos[1]                                                                ; recq[1][14]                                 ; gpu_clk      ; gpu_clk     ; 10.000       ; -0.095     ; 10.509     ;
; -0.663 ; f_pos[1]                                                                ; recq[1][101]                                ; gpu_clk      ; gpu_clk     ; 10.000       ; -0.099     ; 10.504     ;
; -0.663 ; f_pos[1]                                                                ; recq[1][100]                                ; gpu_clk      ; gpu_clk     ; 10.000       ; -0.099     ; 10.504     ;
; -0.663 ; f_pos[1]                                                                ; recq[1][99]                                 ; gpu_clk      ; gpu_clk     ; 10.000       ; -0.099     ; 10.504     ;
; -0.660 ; zhao_cmd_dma:u_dma|hdr_win[28][5]                                       ; zhao_cmd_dma:u_dma|crc_pay_r[0]             ; gpu_clk      ; gpu_clk     ; 10.000       ; -0.700     ; 9.900      ;
; -0.659 ; zhao_cmd_dma:u_dma|hdr_win[28][5]                                       ; zhao_cmd_dma:u_dma|crc_pay_r[21]            ; gpu_clk      ; gpu_clk     ; 10.000       ; -0.695     ; 9.904      ;
; -0.654 ; f_pos[1]                                                                ; recq[2][141]                                ; gpu_clk      ; gpu_clk     ; 10.000       ; -0.154     ; 10.440     ;
; -0.640 ; f_pos[1]                                                                ; recq[1][58]                                 ; gpu_clk      ; gpu_clk     ; 10.000       ; -0.158     ; 10.422     ;
; -0.639 ; f_pos[1]                                                                ; recq[1][55]                                 ; gpu_clk      ; gpu_clk     ; 10.000       ; -0.162     ; 10.417     ;
; -0.639 ; f_pos[1]                                                                ; recq[1][63]                                 ; gpu_clk      ; gpu_clk     ; 10.000       ; -0.162     ; 10.417     ;
; -0.639 ; f_pos[1]                                                                ; recq[1][62]                                 ; gpu_clk      ; gpu_clk     ; 10.000       ; -0.162     ; 10.417     ;
; -0.639 ; f_pos[1]                                                                ; recq[1][59]                                 ; gpu_clk      ; gpu_clk     ; 10.000       ; -0.162     ; 10.417     ;
; -0.622 ; zhao_cmd_dma:u_dma|hdr_win[28][5]                                       ; zhao_cmd_dma:u_dma|crc_pay_r[2]             ; gpu_clk      ; gpu_clk     ; 10.000       ; -0.695     ; 9.867      ;
; -0.621 ; zhao_cmd_dma:u_dma|hdr_win[28][5]                                       ; zhao_cmd_dma:u_dma|crc_pay_r[7]~DUPLICATE   ; gpu_clk      ; gpu_clk     ; 10.000       ; -0.699     ; 9.862      ;
; -0.621 ; zhao_cmd_dma:u_dma|hdr_win[28][5]                                       ; zhao_cmd_dma:u_dma|crc_pay_r[7]             ; gpu_clk      ; gpu_clk     ; 10.000       ; -0.696     ; 9.865      ;
; -0.601 ; zhao_cmd_dma:u_dma|hdr_win[28][5]                                       ; zhao_cmd_dma:u_dma|crc_pay_r[1]             ; gpu_clk      ; gpu_clk     ; 10.000       ; -0.701     ; 9.840      ;
; -0.600 ; zhao_cmd_dma:u_dma|hdr_win[28][5]                                       ; zhao_cmd_dma:u_dma|crc_pay_r[5]~DUPLICATE   ; gpu_clk      ; gpu_clk     ; 10.000       ; -0.699     ; 9.841      ;
; -0.600 ; zhao_cmd_dma:u_dma|hdr_win[28][5]                                       ; zhao_cmd_dma:u_dma|crc_pay_r[5]             ; gpu_clk      ; gpu_clk     ; 10.000       ; -0.696     ; 9.844      ;
; -0.591 ; f_pos[1]                                                                ; recq[2][110]                                ; gpu_clk      ; gpu_clk     ; 10.000       ; -0.156     ; 10.375     ;
; -0.591 ; f_pos[1]                                                                ; recq[2][81]                                 ; gpu_clk      ; gpu_clk     ; 10.000       ; -0.150     ; 10.381     ;
; -0.580 ; f_pos[1]                                                                ; f_w[76]                                     ; gpu_clk      ; gpu_clk     ; 10.000       ; -0.153     ; 10.367     ;
; -0.580 ; f_pos[1]                                                                ; recq[1][76]                                 ; gpu_clk      ; gpu_clk     ; 10.000       ; -0.163     ; 10.357     ;
; -0.580 ; f_pos[1]                                                                ; f_w[73]                                     ; gpu_clk      ; gpu_clk     ; 10.000       ; -0.153     ; 10.367     ;
; -0.580 ; f_pos[1]                                                                ; recq[1][73]                                 ; gpu_clk      ; gpu_clk     ; 10.000       ; -0.163     ; 10.357     ;
; -0.580 ; f_pos[1]                                                                ; recq[1][72]                                 ; gpu_clk      ; gpu_clk     ; 10.000       ; -0.159     ; 10.361     ;
; -0.580 ; f_pos[1]                                                                ; recq[1][8]                                  ; gpu_clk      ; gpu_clk     ; 10.000       ; -0.163     ; 10.357     ;
; -0.579 ; f_pos[1]                                                                ; f_w[78]                                     ; gpu_clk      ; gpu_clk     ; 10.000       ; -0.160     ; 10.359     ;
; -0.579 ; f_pos[1]                                                                ; f_w[77]                                     ; gpu_clk      ; gpu_clk     ; 10.000       ; -0.154     ; 10.365     ;
; -0.579 ; f_pos[1]                                                                ; recq[1][77]                                 ; gpu_clk      ; gpu_clk     ; 10.000       ; -0.164     ; 10.355     ;
; -0.579 ; f_pos[1]                                                                ; recq[1][75]                                 ; gpu_clk      ; gpu_clk     ; 10.000       ; -0.164     ; 10.355     ;
; -0.579 ; f_pos[1]                                                                ; f_w[75]                                     ; gpu_clk      ; gpu_clk     ; 10.000       ; -0.154     ; 10.365     ;
; -0.579 ; f_pos[1]                                                                ; f_w[72]                                     ; gpu_clk      ; gpu_clk     ; 10.000       ; -0.154     ; 10.365     ;
; -0.579 ; f_pos[1]                                                                ; f_w[79]                                     ; gpu_clk      ; gpu_clk     ; 10.000       ; -0.158     ; 10.361     ;
; -0.579 ; f_pos[1]                                                                ; recq[1][79]                                 ; gpu_clk      ; gpu_clk     ; 10.000       ; -0.164     ; 10.355     ;
; -0.579 ; f_pos[1]                                                                ; f_w[8]                                      ; gpu_clk      ; gpu_clk     ; 10.000       ; -0.160     ; 10.359     ;
; -0.574 ; zhao_hps_arbiter:u_hps_arb|state.A_IDLE~DUPLICATE                       ; zhao_cmd_dma:u_dma|crc_hdr_r[10]            ; gpu_clk      ; gpu_clk     ; 10.000       ; -0.602     ; 9.912      ;
; -0.569 ; zhao_cmd_dma:u_dma|hdr_win[28][5]                                       ; zhao_cmd_dma:u_dma|crc_pay_r[4]             ; gpu_clk      ; gpu_clk     ; 10.000       ; -0.684     ; 9.825      ;
; -0.567 ; zhao_cmd_dma:u_dma|hdr_win[28][5]                                       ; zhao_cmd_dma:u_dma|crc_pay_r[4]~DUPLICATE   ; gpu_clk      ; gpu_clk     ; 10.000       ; -0.689     ; 9.818      ;
; -0.551 ; zhao_cmd_dma:u_dma|hdr_win[28][5]                                       ; zhao_cmd_dma:u_dma|crc_pay_r[29]            ; gpu_clk      ; gpu_clk     ; 10.000       ; -0.694     ; 9.797      ;
; -0.549 ; f_pos[1]                                                                ; recq[2][71]                                 ; gpu_clk      ; gpu_clk     ; 10.000       ; -0.156     ; 10.333     ;
; -0.549 ; f_pos[1]                                                                ; recq[2][66]                                 ; gpu_clk      ; gpu_clk     ; 10.000       ; -0.152     ; 10.337     ;
; -0.549 ; f_pos[1]                                                                ; recq[2][64]                                 ; gpu_clk      ; gpu_clk     ; 10.000       ; -0.156     ; 10.333     ;
; -0.539 ; f_pos[1]                                                                ; recq[2][82]                                 ; gpu_clk      ; gpu_clk     ; 10.000       ; -0.148     ; 10.331     ;
; -0.539 ; f_pos[1]                                                                ; recq[2][67]                                 ; gpu_clk      ; gpu_clk     ; 10.000       ; -0.148     ; 10.331     ;
; -0.538 ; f_pos[1]                                                                ; recq[2][69]                                 ; gpu_clk      ; gpu_clk     ; 10.000       ; -0.149     ; 10.329     ;
; -0.538 ; f_pos[1]                                                                ; recq[2][80]                                 ; gpu_clk      ; gpu_clk     ; 10.000       ; -0.155     ; 10.323     ;
; -0.538 ; f_pos[1]                                                                ; recq[2][85]                                 ; gpu_clk      ; gpu_clk     ; 10.000       ; -0.149     ; 10.329     ;
; -0.538 ; f_pos[1]                                                                ; recq[2][65]                                 ; gpu_clk      ; gpu_clk     ; 10.000       ; -0.153     ; 10.325     ;
; -0.519 ; f_pos[1]                                                                ; recq[7][10]                                 ; gpu_clk      ; gpu_clk     ; 10.000       ; -0.173     ; 10.286     ;
; -0.513 ; f_pos[1]                                                                ; recq[4][121]                                ; gpu_clk      ; gpu_clk     ; 10.000       ; -0.099     ; 10.354     ;
; -0.512 ; f_pos[1]                                                                ; recq[4][106]                                ; gpu_clk      ; gpu_clk     ; 10.000       ; -0.104     ; 10.348     ;
; -0.512 ; f_pos[1]                                                                ; recq[4][107]                                ; gpu_clk      ; gpu_clk     ; 10.000       ; -0.106     ; 10.346     ;
; -0.512 ; f_pos[1]                                                                ; recq[4][113]                                ; gpu_clk      ; gpu_clk     ; 10.000       ; -0.100     ; 10.352     ;
; -0.512 ; f_pos[1]                                                                ; recq[4][108]                                ; gpu_clk      ; gpu_clk     ; 10.000       ; -0.106     ; 10.346     ;
; -0.512 ; f_pos[1]                                                                ; recq[4][119]                                ; gpu_clk      ; gpu_clk     ; 10.000       ; -0.104     ; 10.348     ;
; -0.512 ; f_pos[1]                                                                ; recq[4][17]                                 ; gpu_clk      ; gpu_clk     ; 10.000       ; -0.100     ; 10.352     ;
; -0.512 ; f_pos[1]                                                                ; recq[4][20]                                 ; gpu_clk      ; gpu_clk     ; 10.000       ; -0.104     ; 10.348     ;
; -0.512 ; f_pos[1]                                                                ; recq[4][23]                                 ; gpu_clk      ; gpu_clk     ; 10.000       ; -0.106     ; 10.346     ;
; -0.511 ; f_pos[1]                                                                ; recq[1][125]                                ; gpu_clk      ; gpu_clk     ; 10.000       ; -0.163     ; 10.288     ;
; -0.508 ; f_pos[1]                                                                ; recq[2][5]                                  ; gpu_clk      ; gpu_clk     ; 10.000       ; -0.164     ; 10.284     ;
; -0.508 ; zhao_cmd_dma:u_dma|cb[2]                                                ; zhao_cmd_dma:u_dma|done_status[3]           ; gpu_clk      ; gpu_clk     ; 10.000       ; -0.625     ; 9.823      ;
; -0.507 ; f_pos[1]                                                                ; recq[2][7]                                  ; gpu_clk      ; gpu_clk     ; 10.000       ; -0.168     ; 10.279     ;
; -0.503 ; f_pos[1]                                                                ; recq[4][140]                                ; gpu_clk      ; gpu_clk     ; 10.000       ; -0.156     ; 10.287     ;
; -0.503 ; f_pos[1]                                                                ; recq[4][141]                                ; gpu_clk      ; gpu_clk     ; 10.000       ; -0.156     ; 10.287     ;
; -0.502 ; f_pos[1]                                                                ; recq[4][143]                                ; gpu_clk      ; gpu_clk     ; 10.000       ; -0.161     ; 10.281     ;
; -0.502 ; f_pos[1]                                                                ; recq[4][101]                                ; gpu_clk      ; gpu_clk     ; 10.000       ; -0.163     ; 10.279     ;
; -0.502 ; f_pos[1]                                                                ; recq[4][96]                                 ; gpu_clk      ; gpu_clk     ; 10.000       ; -0.163     ; 10.279     ;
; -0.502 ; zhao_cmd_dma:u_dma|cb[2]                                                ; zhao_cmd_dma:u_dma|done_status[3]~DUPLICATE ; gpu_clk      ; gpu_clk     ; 10.000       ; -0.621     ; 9.821      ;
; -0.502 ; f_pos[1]                                                                ; recq[4][21]                                 ; gpu_clk      ; gpu_clk     ; 10.000       ; -0.161     ; 10.281     ;
; -0.501 ; f_pos[1]                                                                ; f_w[58]                                     ; gpu_clk      ; gpu_clk     ; 10.000       ; -0.176     ; 10.265     ;
+--------+-------------------------------------------------------------------------+---------------------------------------------+--------------+-------------+--------------+------------+------------+

Path #1: Setup slack is -1.991 (VIOLATED)
===============================================================================
+----------------------------------------------------------------------------------------------+
; Path Summary                                                                                 ;
+--------------------+-------------------------------------------------------------------------+
; Property           ; Value                                                                   ;
+--------------------+-------------------------------------------------------------------------+
; From Node          ; zhao_video_scanout:u_scanout|zhao_scanout_serializer:u_ser|starve_q[57] ;
; To Node            ; cdc_err                                                                 ;
; Launch Clock       ; vid_clk                                                                 ;
; Latch Clock        ; gpu_clk                                                                 ;
; Data Arrival Time  ; 15.210                                                                  ;
; Data Required Time ; 13.219                                                                  ;
; Slack              ; -1.991 (VIOLATED)                                                       ;
+--------------------+-------------------------------------------------------------------------+

+------------------------------------------------------------------------------------+
; Statistics                                                                         ;
+------------------------+--------+-------+-------------+------------+-------+-------+
; Property               ; Value  ; Count ; Total Delay ; % of Total ; Min   ; Max   ;
+------------------------+--------+-------+-------------+------------+-------+-------+
; Setup Relationship     ; 10.000 ;       ;             ;            ;       ;       ;
; Clock Skew             ; -2.669 ;       ;             ;            ;       ;       ;
; Data Delay             ; 9.262  ;       ;             ;            ;       ;       ;
; Number of Logic Levels ;        ; 3     ;             ;            ;       ;       ;
; Physical Delays        ;        ;       ;             ;            ;       ;       ;
;  Arrival Path          ;        ;       ;             ;            ;       ;       ;
;   Clock                ;        ;       ;             ;            ;       ;       ;
;    IC                  ;        ; 2     ; 5.077       ; 85         ; 2.337 ; 2.740 ;
;    Cell                ;        ; 2     ; 0.871       ; 15         ; 0.321 ; 0.550 ;
;   Data                 ;        ;       ;             ;            ;       ;       ;
;    IC                  ;        ; 4     ; 7.457       ; 81         ; 0.000 ; 4.988 ;
;    Cell                ;        ; 5     ; 1.805       ; 19         ; 0.000 ; 0.563 ;
;    uTco                ;        ; 1     ; 0.000       ; 0          ; 0.000 ; 0.000 ;
;  Required Path         ;        ;       ;             ;            ;       ;       ;
;   Clock                ;        ;       ;             ;            ;       ;       ;
;    IC                  ;        ; 2     ; 2.477       ; 76         ; 0.576 ; 1.901 ;
;    Cell                ;        ; 2     ; 0.802       ; 24         ; 0.295 ; 0.507 ;
+------------------------+--------+-------+-------------+------------+-------+-------+
Note: Negative delays are omitted from totals when calculating percentages

+-----------------------------------------------------------------------------------------------------------------------------------------+
; Data Arrival Path                                                                                                                       ;
+----------+---------+----+------+--------+---------------------+-------------------------------------------------------------------------+
; Total    ; Incr    ; RF ; Type ; Fanout ; Location            ; Element                                                                 ;
+----------+---------+----+------+--------+---------------------+-------------------------------------------------------------------------+
; 0.000    ; 0.000   ;    ;      ;        ;                     ; launch edge time                                                        ;
; 5.948    ; 5.948   ;    ;      ;        ;                     ; clock path                                                              ;
;   0.000  ;   0.000 ;    ;      ;        ;                     ; source latency                                                          ;
;   0.000  ;   0.000 ;    ;      ; 1      ; LABCELL_X1_Y36_N3   ; vid_clk                                                                 ;
;   2.740  ;   2.740 ; RR ; IC   ; 1      ; CLKCTRL_G3          ; vid_clk~CLKENA0|inclk                                                   ;
;   3.061  ;   0.321 ; RR ; CELL ; 746    ; CLKCTRL_G3          ; vid_clk~CLKENA0|outclk                                                  ;
;   5.398  ;   2.337 ; RR ; IC   ; 1      ; FF_X39_Y25_N20      ; u_scanout|u_ser|starve_q[57]|clk                                        ;
;   5.948  ;   0.550 ; RR ; CELL ; 1      ; FF_X39_Y25_N20      ; zhao_video_scanout:u_scanout|zhao_scanout_serializer:u_ser|starve_q[57] ;
; 15.210   ; 9.262   ;    ;      ;        ;                     ; data path                                                               ;
;   5.948  ;   0.000 ;    ; uTco ; 1      ; FF_X39_Y25_N20      ; zhao_video_scanout:u_scanout|zhao_scanout_serializer:u_ser|starve_q[57] ;
;   5.948  ;   0.000 ; FF ; CELL ; 6      ; FF_X39_Y25_N20      ; u_scanout|u_ser|starve_q[57]|q                                          ;
;   10.936 ;   4.988 ; FF ; IC   ; 1      ; LABCELL_X40_Y25_N18 ; Equal24~2|datab                                                         ;
;   11.495 ;   0.559 ; FF ; CELL ; 1      ; LABCELL_X40_Y25_N18 ; Equal24~2|combout                                                       ;
;   12.072 ;   0.577 ; FF ; IC   ; 1      ; LABCELL_X40_Y25_N0  ; Equal24~3|dataa                                                         ;
;   12.635 ;   0.563 ; FF ; CELL ; 1      ; LABCELL_X40_Y25_N0  ; Equal24~3|combout                                                       ;
;   14.527 ;   1.892 ; FF ; IC   ; 1      ; LABCELL_X40_Y27_N48 ; cdc_err~0|datad                                                         ;
;   14.950 ;   0.423 ; FR ; CELL ; 1      ; LABCELL_X40_Y27_N48 ; cdc_err~0|combout                                                       ;
;   14.950 ;   0.000 ; RR ; IC   ; 1      ; FF_X40_Y27_N49      ; cdc_err|d                                                               ;
;   15.210 ;   0.260 ; RR ; CELL ; 1      ; FF_X40_Y27_N49      ; cdc_err                                                                 ;
+----------+---------+----+------+--------+---------------------+-------------------------------------------------------------------------+

+--------------------------------------------------------------------------------------+
; Data Required Path                                                                   ;
+----------+---------+----+------+--------+-------------------+------------------------+
; Total    ; Incr    ; RF ; Type ; Fanout ; Location          ; Element                ;
+----------+---------+----+------+--------+-------------------+------------------------+
; 10.000   ; 10.000  ;    ;      ;        ;                   ; latch edge time        ;
; 13.279   ; 3.279   ;    ;      ;        ;                   ; clock path             ;
;   10.000 ;   0.000 ;    ;      ;        ;                   ; source latency         ;
;   10.000 ;   0.000 ;    ;      ; 1      ; LABCELL_X1_Y36_N9 ; gpu_clk                ;
;   10.576 ;   0.576 ; RR ; IC   ; 1      ; CLKCTRL_G2        ; gpu_clk~CLKENA0|inclk  ;
;   10.871 ;   0.295 ; RR ; CELL ; 9078   ; CLKCTRL_G2        ; gpu_clk~CLKENA0|outclk ;
;   12.772 ;   1.901 ; RR ; IC   ; 1      ; FF_X40_Y27_N49    ; cdc_err|clk            ;
;   13.279 ;   0.507 ; RR ; CELL ; 1      ; FF_X40_Y27_N49    ; cdc_err                ;
; 13.219   ; -0.060  ;    ;      ;        ;                   ; clock uncertainty      ;
; 13.219   ; 0.000   ;    ; uTsu ; 1      ; FF_X40_Y27_N49    ; cdc_err                ;
+----------+---------+----+------+--------+-------------------+------------------------+

----------------------------
; Extra Fitter Information ;
----------------------------
HTML report is unavailable in plain text report export.


Path #2: Setup slack is -0.875 (VIOLATED)
===============================================================================
+--------------------------------------------------------+
; Path Summary                                           ;
+--------------------+-----------------------------------+
; Property           ; Value                             ;
+--------------------+-----------------------------------+
; From Node          ; zhao_cmd_dma:u_dma|hdr_win[28][5] ;
; To Node            ; zhao_cmd_dma:u_dma|crc_pay_r[8]   ;
; Launch Clock       ; gpu_clk                           ;
; Latch Clock        ; gpu_clk                           ;
; Data Arrival Time  ; 16.235                            ;
; Data Required Time ; 15.360                            ;
; Slack              ; -0.875 (VIOLATED)                 ;
+--------------------+-----------------------------------+

+------------------------------------------------------------------------------------+
; Statistics                                                                         ;
+------------------------+--------+-------+-------------+------------+-------+-------+
; Property               ; Value  ; Count ; Total Delay ; % of Total ; Min   ; Max   ;
+------------------------+--------+-------+-------------+------------+-------+-------+
; Setup Relationship     ; 10.000 ;       ;             ;            ;       ;       ;
; Clock Skew             ; -0.698 ;       ;             ;            ;       ;       ;
; Data Delay             ; 10.117 ;       ;             ;            ;       ;       ;
; Number of Logic Levels ;        ; 6     ;             ;            ;       ;       ;
; Physical Delays        ;        ;       ;             ;            ;       ;       ;
;  Arrival Path          ;        ;       ;             ;            ;       ;       ;
;   Clock                ;        ;       ;             ;            ;       ;       ;
;    IC                  ;        ; 2     ; 5.207       ; 85         ; 2.473 ; 2.734 ;
;    Cell                ;        ; 2     ; 0.911       ; 15         ; 0.321 ; 0.590 ;
;   Data                 ;        ;       ;             ;            ;       ;       ;
;    IC                  ;        ; 7     ; 6.930       ; 68         ; 0.214 ; 2.064 ;
;    Cell                ;        ; 8     ; 3.187       ; 32         ; 0.000 ; 0.726 ;
;    uTco                ;        ; 1     ; 0.000       ; 0          ; 0.000 ; 0.000 ;
;  Required Path         ;        ;       ;             ;            ;       ;       ;
;   Clock                ;        ;       ;             ;            ;       ;       ;
;    IC                  ;        ; 2     ; 2.446       ; 76         ; 0.576 ; 1.870 ;
;    Cell                ;        ; 2     ; 0.790       ; 24         ; 0.295 ; 0.495 ;
+------------------------+--------+-------+-------------+------------+-------+-------+
Note: Negative delays are omitted from totals when calculating percentages

+---------------------------------------------------------------------------------------------------+
; Data Arrival Path                                                                                 ;
+----------+---------+----+------+--------+---------------------+-----------------------------------+
; Total    ; Incr    ; RF ; Type ; Fanout ; Location            ; Element                           ;
+----------+---------+----+------+--------+---------------------+-----------------------------------+
; 0.000    ; 0.000   ;    ;      ;        ;                     ; launch edge time                  ;
; 6.118    ; 6.118   ;    ;      ;        ;                     ; clock path                        ;
;   0.000  ;   0.000 ;    ;      ;        ;                     ; source latency                    ;
;   0.000  ;   0.000 ;    ;      ; 1      ; LABCELL_X1_Y36_N9   ; gpu_clk                           ;
;   2.734  ;   2.734 ; RR ; IC   ; 1      ; CLKCTRL_G2          ; gpu_clk~CLKENA0|inclk             ;
;   3.055  ;   0.321 ; RR ; CELL ; 9078   ; CLKCTRL_G2          ; gpu_clk~CLKENA0|outclk            ;
;   5.528  ;   2.473 ; RR ; IC   ; 1      ; FF_X39_Y39_N35      ; u_dma|hdr_win[28][5]|clk          ;
;   6.118  ;   0.590 ; RR ; CELL ; 1      ; FF_X39_Y39_N35      ; zhao_cmd_dma:u_dma|hdr_win[28][5] ;
; 16.235   ; 10.117  ;    ;      ;        ;                     ; data path                         ;
;   6.118  ;   0.000 ;    ; uTco ; 1      ; FF_X39_Y39_N35      ; zhao_cmd_dma:u_dma|hdr_win[28][5] ;
;   6.118  ;   0.000 ; FF ; CELL ; 4      ; FF_X39_Y39_N35      ; u_dma|hdr_win[28][5]|q            ;
;   8.182  ;   2.064 ; FF ; IC   ; 1      ; LABCELL_X27_Y36_N51 ; u_dma|LessThan25~0|datad          ;
;   8.623  ;   0.441 ; FR ; CELL ; 1      ; LABCELL_X27_Y36_N51 ; u_dma|LessThan25~0|combout        ;
;   8.837  ;   0.214 ; RR ; IC   ; 1      ; LABCELL_X27_Y36_N45 ; u_dma|LessThan25~4|dataa          ;
;   9.438  ;   0.601 ; RR ; CELL ; 1      ; LABCELL_X27_Y36_N45 ; u_dma|LessThan25~4|combout        ;
;   10.622 ;   1.184 ; RR ; IC   ; 1      ; LABCELL_X35_Y38_N39 ; u_dma|LessThan25~12|datae         ;
;   10.890 ;   0.268 ; RF ; CELL ; 1      ; LABCELL_X35_Y38_N39 ; u_dma|LessThan25~12|combout       ;
;   11.116 ;   0.226 ; FF ; IC   ; 1      ; LABCELL_X35_Y38_N54 ; u_dma|LessThan25~22|dataf         ;
;   11.207 ;   0.091 ; FR ; CELL ; 1      ; LABCELL_X35_Y38_N54 ; u_dma|LessThan25~22|combout       ;
;   11.577 ;   0.370 ; RR ; IC   ; 1      ; LABCELL_X36_Y38_N6  ; u_dma|ok_v~5|datac                ;
;   12.071 ;   0.494 ; RF ; CELL ; 10     ; LABCELL_X36_Y38_N6  ; u_dma|ok_v~5|combout              ;
;   13.635 ;   1.564 ; FF ; IC   ; 1      ; LABCELL_X24_Y35_N48 ; u_dma|crc_pay_r[14]~0|dataa       ;
;   14.201 ;   0.566 ; FF ; CELL ; 49     ; LABCELL_X24_Y35_N48 ; u_dma|crc_pay_r[14]~0|combout     ;
;   15.509 ;   1.308 ; FF ; IC   ; 1      ; FF_X16_Y33_N43      ; u_dma|crc_pay_r[8]|ena            ;
;   16.235 ;   0.726 ; FF ; CELL ; 1      ; FF_X16_Y33_N43      ; zhao_cmd_dma:u_dma|crc_pay_r[8]   ;
+----------+---------+----+------+--------+---------------------+-----------------------------------+

+-----------------------------------------------------------------------------------------------+
; Data Required Path                                                                            ;
+----------+---------+----+------+--------+-------------------+---------------------------------+
; Total    ; Incr    ; RF ; Type ; Fanout ; Location          ; Element                         ;
+----------+---------+----+------+--------+-------------------+---------------------------------+
; 10.000   ; 10.000  ;    ;      ;        ;                   ; latch edge time                 ;
; 15.420   ; 5.420   ;    ;      ;        ;                   ; clock path                      ;
;   10.000 ;   0.000 ;    ;      ;        ;                   ; source latency                  ;
;   10.000 ;   0.000 ;    ;      ; 1      ; LABCELL_X1_Y36_N9 ; gpu_clk                         ;
;   10.576 ;   0.576 ; RR ; IC   ; 1      ; CLKCTRL_G2        ; gpu_clk~CLKENA0|inclk           ;
;   10.871 ;   0.295 ; RR ; CELL ; 9078   ; CLKCTRL_G2        ; gpu_clk~CLKENA0|outclk          ;
;   12.741 ;   1.870 ; RR ; IC   ; 1      ; FF_X16_Y33_N43    ; u_dma|crc_pay_r[8]|clk          ;
;   13.236 ;   0.495 ; RR ; CELL ; 1      ; FF_X16_Y33_N43    ; zhao_cmd_dma:u_dma|crc_pay_r[8] ;
;   15.420 ;   2.184 ;    ;      ;        ;                   ; clock pessimism removed         ;
; 15.360   ; -0.060  ;    ;      ;        ;                   ; clock uncertainty               ;
; 15.360   ; 0.000   ;    ; uTsu ; 1      ; FF_X16_Y33_N43    ; zhao_cmd_dma:u_dma|crc_pay_r[8] ;
+----------+---------+----+------+--------+-------------------+---------------------------------+

----------------------------
; Extra Fitter Information ;
----------------------------
HTML report is unavailable in plain text report export.


Path #3: Setup slack is -0.765 (VIOLATED)
===============================================================================
+----------------------------------------+
; Path Summary                           ;
+--------------------+-------------------+
; Property           ; Value             ;
+--------------------+-------------------+
; From Node          ; f_pos[1]          ;
; To Node            ; recq[2][101]      ;
; Launch Clock       ; gpu_clk           ;
; Latch Clock        ; gpu_clk           ;
; Data Arrival Time  ; 16.682            ;
; Data Required Time ; 15.917            ;
; Slack              ; -0.765 (VIOLATED) ;
+--------------------+-------------------+

+------------------------------------------------------------------------------------+
; Statistics                                                                         ;
+------------------------+--------+-------+-------------+------------+-------+-------+
; Property               ; Value  ; Count ; Total Delay ; % of Total ; Min   ; Max   ;
+------------------------+--------+-------+-------------+------------+-------+-------+
; Setup Relationship     ; 10.000 ;       ;             ;            ;       ;       ;
; Clock Skew             ; -0.098 ;       ;             ;            ;       ;       ;
; Data Delay             ; 10.607 ;       ;             ;            ;       ;       ;
; Number of Logic Levels ;        ; 7     ;             ;            ;       ;       ;
; Physical Delays        ;        ;       ;             ;            ;       ;       ;
;  Arrival Path          ;        ;       ;             ;            ;       ;       ;
;   Clock                ;        ;       ;             ;            ;       ;       ;
;    IC                  ;        ; 2     ; 5.184       ; 85         ; 2.450 ; 2.734 ;
;    Cell                ;        ; 2     ; 0.891       ; 15         ; 0.321 ; 0.570 ;
;   Data                 ;        ;       ;             ;            ;       ;       ;
;    IC                  ;        ; 8     ; 6.577       ; 62         ; 0.218 ; 1.759 ;
;    Cell                ;        ; 9     ; 4.030       ; 38         ; 0.000 ; 0.710 ;
;    uTco                ;        ; 1     ; 0.000       ; 0          ; 0.000 ; 0.000 ;
;  Required Path         ;        ;       ;             ;            ;       ;       ;
;   Clock                ;        ;       ;             ;            ;       ;       ;
;    IC                  ;        ; 2     ; 2.596       ; 76         ; 0.576 ; 2.020 ;
;    Cell                ;        ; 2     ; 0.799       ; 24         ; 0.295 ; 0.504 ;
+------------------------+--------+-------+-------------+------------+-------+-------+
Note: Negative delays are omitted from totals when calculating percentages

+------------------------------------------------------------------------------------------+
; Data Arrival Path                                                                        ;
+----------+---------+----+------+--------+----------------------+-------------------------+
; Total    ; Incr    ; RF ; Type ; Fanout ; Location             ; Element                 ;
+----------+---------+----+------+--------+----------------------+-------------------------+
; 0.000    ; 0.000   ;    ;      ;        ;                      ; launch edge time        ;
; 6.075    ; 6.075   ;    ;      ;        ;                      ; clock path              ;
;   0.000  ;   0.000 ;    ;      ;        ;                      ; source latency          ;
;   0.000  ;   0.000 ;    ;      ; 1      ; LABCELL_X1_Y36_N9    ; gpu_clk                 ;
;   2.734  ;   2.734 ; RR ; IC   ; 1      ; CLKCTRL_G2           ; gpu_clk~CLKENA0|inclk   ;
;   3.055  ;   0.321 ; RR ; CELL ; 9078   ; CLKCTRL_G2           ; gpu_clk~CLKENA0|outclk  ;
;   5.505  ;   2.450 ; RR ; IC   ; 1      ; FF_X35_Y47_N5        ; f_pos[1]|clk            ;
;   6.075  ;   0.570 ; RR ; CELL ; 1      ; FF_X35_Y47_N5        ; f_pos[1]                ;
; 16.682   ; 10.607  ;    ;      ;        ;                      ; data path               ;
;   6.075  ;   0.000 ;    ; uTco ; 1      ; FF_X35_Y47_N5        ; f_pos[1]                ;
;   6.075  ;   0.000 ; RR ; CELL ; 2      ; FF_X35_Y47_N5        ; f_pos[1]|q              ;
;   7.245  ;   1.170 ; RR ; IC   ; 1      ; LABCELL_X33_Y45_N27  ; LessThan5~4|datad       ;
;   7.738  ;   0.493 ; RF ; CELL ; 1      ; LABCELL_X33_Y45_N27  ; LessThan5~4|combout     ;
;   8.344  ;   0.606 ; FF ; IC   ; 1      ; MLABCELL_X34_Y45_N0  ; LessThan5~5|dataa       ;
;   8.898  ;   0.554 ; FF ; CELL ; 2      ; MLABCELL_X34_Y45_N0  ; LessThan5~5|combout     ;
;   9.450  ;   0.552 ; FF ; IC   ; 1      ; LABCELL_X33_Y45_N54  ; LessThan5~30|dataa      ;
;   9.990  ;   0.540 ; FR ; CELL ; 1      ; LABCELL_X33_Y45_N54  ; LessThan5~30|combout    ;
;   10.560 ;   0.570 ; RR ; IC   ; 1      ; MLABCELL_X34_Y45_N42 ; LessThan5~31|datae      ;
;   10.861 ;   0.301 ; RF ; CELL ; 1      ; MLABCELL_X34_Y45_N42 ; LessThan5~31|combout    ;
;   11.079 ;   0.218 ; FF ; IC   ; 1      ; MLABCELL_X34_Y45_N54 ; LessThan5~33|datad      ;
;   11.649 ;   0.570 ; FF ; CELL ; 1      ; MLABCELL_X34_Y45_N54 ; LessThan5~33|combout    ;
;   12.398 ;   0.749 ; FF ; IC   ; 1      ; MLABCELL_X34_Y46_N0  ; in_rec_region~0|dataa   ;
;   12.960 ;   0.562 ; FF ; CELL ; 14     ; MLABCELL_X34_Y46_N0  ; in_rec_region~0|combout ;
;   13.913 ;   0.953 ; FF ; IC   ; 1      ; LABCELL_X33_Y48_N9   ; recq[2][132]~5|datae    ;
;   14.213 ;   0.300 ; FF ; CELL ; 136    ; LABCELL_X33_Y48_N9   ; recq[2][132]~5|combout  ;
;   15.972 ;   1.759 ; FF ; IC   ; 1      ; FF_X39_Y51_N23       ; recq[2][101]|ena        ;
;   16.682 ;   0.710 ; FF ; CELL ; 1      ; FF_X39_Y51_N23       ; recq[2][101]            ;
+----------+---------+----+------+--------+----------------------+-------------------------+

+---------------------------------------------------------------------------------------+
; Data Required Path                                                                    ;
+----------+---------+----+------+--------+-------------------+-------------------------+
; Total    ; Incr    ; RF ; Type ; Fanout ; Location          ; Element                 ;
+----------+---------+----+------+--------+-------------------+-------------------------+
; 10.000   ; 10.000  ;    ;      ;        ;                   ; latch edge time         ;
; 15.977   ; 5.977   ;    ;      ;        ;                   ; clock path              ;
;   10.000 ;   0.000 ;    ;      ;        ;                   ; source latency          ;
;   10.000 ;   0.000 ;    ;      ; 1      ; LABCELL_X1_Y36_N9 ; gpu_clk                 ;
;   10.576 ;   0.576 ; RR ; IC   ; 1      ; CLKCTRL_G2        ; gpu_clk~CLKENA0|inclk   ;
;   10.871 ;   0.295 ; RR ; CELL ; 9078   ; CLKCTRL_G2        ; gpu_clk~CLKENA0|outclk  ;
;   12.891 ;   2.020 ; RR ; IC   ; 1      ; FF_X39_Y51_N23    ; recq[2][101]|clk        ;
;   13.395 ;   0.504 ; RR ; CELL ; 1      ; FF_X39_Y51_N23    ; recq[2][101]            ;
;   15.977 ;   2.582 ;    ;      ;        ;                   ; clock pessimism removed ;
; 15.917   ; -0.060  ;    ;      ;        ;                   ; clock uncertainty       ;
; 15.917   ; 0.000   ;    ; uTsu ; 1      ; FF_X39_Y51_N23    ; recq[2][101]            ;
+----------+---------+----+------+--------+-------------------+-------------------------+

----------------------------
; Extra Fitter Information ;
----------------------------
HTML report is unavailable in plain text report export.


Path #4: Setup slack is -0.765 (VIOLATED)
===============================================================================
+----------------------------------------+
; Path Summary                           ;
+--------------------+-------------------+
; Property           ; Value             ;
+--------------------+-------------------+
; From Node          ; f_pos[1]          ;
; To Node            ; recq[2][100]      ;
; Launch Clock       ; gpu_clk           ;
; Latch Clock        ; gpu_clk           ;
; Data Arrival Time  ; 16.682            ;
; Data Required Time ; 15.917            ;
; Slack              ; -0.765 (VIOLATED) ;
+--------------------+-------------------+

+------------------------------------------------------------------------------------+
; Statistics                                                                         ;
+------------------------+--------+-------+-------------+------------+-------+-------+
; Property               ; Value  ; Count ; Total Delay ; % of Total ; Min   ; Max   ;
+------------------------+--------+-------+-------------+------------+-------+-------+
; Setup Relationship     ; 10.000 ;       ;             ;            ;       ;       ;
; Clock Skew             ; -0.098 ;       ;             ;            ;       ;       ;
; Data Delay             ; 10.607 ;       ;             ;            ;       ;       ;
; Number of Logic Levels ;        ; 7     ;             ;            ;       ;       ;
; Physical Delays        ;        ;       ;             ;            ;       ;       ;
;  Arrival Path          ;        ;       ;             ;            ;       ;       ;
;   Clock                ;        ;       ;             ;            ;       ;       ;
;    IC                  ;        ; 2     ; 5.184       ; 85         ; 2.450 ; 2.734 ;
;    Cell                ;        ; 2     ; 0.891       ; 15         ; 0.321 ; 0.570 ;
;   Data                 ;        ;       ;             ;            ;       ;       ;
;    IC                  ;        ; 8     ; 6.577       ; 62         ; 0.218 ; 1.759 ;
;    Cell                ;        ; 9     ; 4.030       ; 38         ; 0.000 ; 0.710 ;
;    uTco                ;        ; 1     ; 0.000       ; 0          ; 0.000 ; 0.000 ;
;  Required Path         ;        ;       ;             ;            ;       ;       ;
;   Clock                ;        ;       ;             ;            ;       ;       ;
;    IC                  ;        ; 2     ; 2.596       ; 76         ; 0.576 ; 2.020 ;
;    Cell                ;        ; 2     ; 0.799       ; 24         ; 0.295 ; 0.504 ;
+------------------------+--------+-------+-------------+------------+-------+-------+
Note: Negative delays are omitted from totals when calculating percentages

+------------------------------------------------------------------------------------------+
; Data Arrival Path                                                                        ;
+----------+---------+----+------+--------+----------------------+-------------------------+
; Total    ; Incr    ; RF ; Type ; Fanout ; Location             ; Element                 ;
+----------+---------+----+------+--------+----------------------+-------------------------+
; 0.000    ; 0.000   ;    ;      ;        ;                      ; launch edge time        ;
; 6.075    ; 6.075   ;    ;      ;        ;                      ; clock path              ;
;   0.000  ;   0.000 ;    ;      ;        ;                      ; source latency          ;
;   0.000  ;   0.000 ;    ;      ; 1      ; LABCELL_X1_Y36_N9    ; gpu_clk                 ;
;   2.734  ;   2.734 ; RR ; IC   ; 1      ; CLKCTRL_G2           ; gpu_clk~CLKENA0|inclk   ;
;   3.055  ;   0.321 ; RR ; CELL ; 9078   ; CLKCTRL_G2           ; gpu_clk~CLKENA0|outclk  ;
;   5.505  ;   2.450 ; RR ; IC   ; 1      ; FF_X35_Y47_N5        ; f_pos[1]|clk            ;
;   6.075  ;   0.570 ; RR ; CELL ; 1      ; FF_X35_Y47_N5        ; f_pos[1]                ;
; 16.682   ; 10.607  ;    ;      ;        ;                      ; data path               ;
;   6.075  ;   0.000 ;    ; uTco ; 1      ; FF_X35_Y47_N5        ; f_pos[1]                ;
;   6.075  ;   0.000 ; RR ; CELL ; 2      ; FF_X35_Y47_N5        ; f_pos[1]|q              ;
;   7.245  ;   1.170 ; RR ; IC   ; 1      ; LABCELL_X33_Y45_N27  ; LessThan5~4|datad       ;
;   7.738  ;   0.493 ; RF ; CELL ; 1      ; LABCELL_X33_Y45_N27  ; LessThan5~4|combout     ;
;   8.344  ;   0.606 ; FF ; IC   ; 1      ; MLABCELL_X34_Y45_N0  ; LessThan5~5|dataa       ;
;   8.898  ;   0.554 ; FF ; CELL ; 2      ; MLABCELL_X34_Y45_N0  ; LessThan5~5|combout     ;
;   9.450  ;   0.552 ; FF ; IC   ; 1      ; LABCELL_X33_Y45_N54  ; LessThan5~30|dataa      ;
;   9.990  ;   0.540 ; FR ; CELL ; 1      ; LABCELL_X33_Y45_N54  ; LessThan5~30|combout    ;
;   10.560 ;   0.570 ; RR ; IC   ; 1      ; MLABCELL_X34_Y45_N42 ; LessThan5~31|datae      ;
;   10.861 ;   0.301 ; RF ; CELL ; 1      ; MLABCELL_X34_Y45_N42 ; LessThan5~31|combout    ;
;   11.079 ;   0.218 ; FF ; IC   ; 1      ; MLABCELL_X34_Y45_N54 ; LessThan5~33|datad      ;
;   11.649 ;   0.570 ; FF ; CELL ; 1      ; MLABCELL_X34_Y45_N54 ; LessThan5~33|combout    ;
;   12.398 ;   0.749 ; FF ; IC   ; 1      ; MLABCELL_X34_Y46_N0  ; in_rec_region~0|dataa   ;
;   12.960 ;   0.562 ; FF ; CELL ; 14     ; MLABCELL_X34_Y46_N0  ; in_rec_region~0|combout ;
;   13.913 ;   0.953 ; FF ; IC   ; 1      ; LABCELL_X33_Y48_N9   ; recq[2][132]~5|datae    ;
;   14.213 ;   0.300 ; FF ; CELL ; 136    ; LABCELL_X33_Y48_N9   ; recq[2][132]~5|combout  ;
;   15.972 ;   1.759 ; FF ; IC   ; 1      ; FF_X39_Y51_N35       ; recq[2][100]|ena        ;
;   16.682 ;   0.710 ; FF ; CELL ; 1      ; FF_X39_Y51_N35       ; recq[2][100]            ;
+----------+---------+----+------+--------+----------------------+-------------------------+

+---------------------------------------------------------------------------------------+
; Data Required Path                                                                    ;
+----------+---------+----+------+--------+-------------------+-------------------------+
; Total    ; Incr    ; RF ; Type ; Fanout ; Location          ; Element                 ;
+----------+---------+----+------+--------+-------------------+-------------------------+
; 10.000   ; 10.000  ;    ;      ;        ;                   ; latch edge time         ;
; 15.977   ; 5.977   ;    ;      ;        ;                   ; clock path              ;
;   10.000 ;   0.000 ;    ;      ;        ;                   ; source latency          ;
;   10.000 ;   0.000 ;    ;      ; 1      ; LABCELL_X1_Y36_N9 ; gpu_clk                 ;
;   10.576 ;   0.576 ; RR ; IC   ; 1      ; CLKCTRL_G2        ; gpu_clk~CLKENA0|inclk   ;
;   10.871 ;   0.295 ; RR ; CELL ; 9078   ; CLKCTRL_G2        ; gpu_clk~CLKENA0|outclk  ;
;   12.891 ;   2.020 ; RR ; IC   ; 1      ; FF_X39_Y51_N35    ; recq[2][100]|clk        ;
;   13.395 ;   0.504 ; RR ; CELL ; 1      ; FF_X39_Y51_N35    ; recq[2][100]            ;
;   15.977 ;   2.582 ;    ;      ;        ;                   ; clock pessimism removed ;
; 15.917   ; -0.060  ;    ;      ;        ;                   ; clock uncertainty       ;
; 15.917   ; 0.000   ;    ; uTsu ; 1      ; FF_X39_Y51_N35    ; recq[2][100]            ;
+----------+---------+----+------+--------+-------------------+-------------------------+

----------------------------
; Extra Fitter Information ;
----------------------------
HTML report is unavailable in plain text report export.


Path #5: Setup slack is -0.764 (VIOLATED)
===============================================================================
+----------------------------------------+
; Path Summary                           ;
+--------------------+-------------------+
; Property           ; Value             ;
+--------------------+-------------------+
; From Node          ; f_pos[1]          ;
; To Node            ; recq[2][99]       ;
; Launch Clock       ; gpu_clk           ;
; Latch Clock        ; gpu_clk           ;
; Data Arrival Time  ; 16.677            ;
; Data Required Time ; 15.913            ;
; Slack              ; -0.764 (VIOLATED) ;
+--------------------+-------------------+

+------------------------------------------------------------------------------------+
; Statistics                                                                         ;
+------------------------+--------+-------+-------------+------------+-------+-------+
; Property               ; Value  ; Count ; Total Delay ; % of Total ; Min   ; Max   ;
+------------------------+--------+-------+-------------+------------+-------+-------+
; Setup Relationship     ; 10.000 ;       ;             ;            ;       ;       ;
; Clock Skew             ; -0.102 ;       ;             ;            ;       ;       ;
; Data Delay             ; 10.602 ;       ;             ;            ;       ;       ;
; Number of Logic Levels ;        ; 7     ;             ;            ;       ;       ;
; Physical Delays        ;        ;       ;             ;            ;       ;       ;
;  Arrival Path          ;        ;       ;             ;            ;       ;       ;
;   Clock                ;        ;       ;             ;            ;       ;       ;
;    IC                  ;        ; 2     ; 5.184       ; 85         ; 2.450 ; 2.734 ;
;    Cell                ;        ; 2     ; 0.891       ; 15         ; 0.321 ; 0.570 ;
;   Data                 ;        ;       ;             ;            ;       ;       ;
;    IC                  ;        ; 8     ; 6.577       ; 62         ; 0.218 ; 1.759 ;
;    Cell                ;        ; 9     ; 4.025       ; 38         ; 0.000 ; 0.705 ;
;    uTco                ;        ; 1     ; 0.000       ; 0          ; 0.000 ; 0.000 ;
;  Required Path         ;        ;       ;             ;            ;       ;       ;
;   Clock                ;        ;       ;             ;            ;       ;       ;
;    IC                  ;        ; 2     ; 2.596       ; 77         ; 0.576 ; 2.020 ;
;    Cell                ;        ; 2     ; 0.795       ; 23         ; 0.295 ; 0.500 ;
+------------------------+--------+-------+-------------+------------+-------+-------+
Note: Negative delays are omitted from totals when calculating percentages

+------------------------------------------------------------------------------------------+
; Data Arrival Path                                                                        ;
+----------+---------+----+------+--------+----------------------+-------------------------+
; Total    ; Incr    ; RF ; Type ; Fanout ; Location             ; Element                 ;
+----------+---------+----+------+--------+----------------------+-------------------------+
; 0.000    ; 0.000   ;    ;      ;        ;                      ; launch edge time        ;
; 6.075    ; 6.075   ;    ;      ;        ;                      ; clock path              ;
;   0.000  ;   0.000 ;    ;      ;        ;                      ; source latency          ;
;   0.000  ;   0.000 ;    ;      ; 1      ; LABCELL_X1_Y36_N9    ; gpu_clk                 ;
;   2.734  ;   2.734 ; RR ; IC   ; 1      ; CLKCTRL_G2           ; gpu_clk~CLKENA0|inclk   ;
;   3.055  ;   0.321 ; RR ; CELL ; 9078   ; CLKCTRL_G2           ; gpu_clk~CLKENA0|outclk  ;
;   5.505  ;   2.450 ; RR ; IC   ; 1      ; FF_X35_Y47_N5        ; f_pos[1]|clk            ;
;   6.075  ;   0.570 ; RR ; CELL ; 1      ; FF_X35_Y47_N5        ; f_pos[1]                ;
; 16.677   ; 10.602  ;    ;      ;        ;                      ; data path               ;
;   6.075  ;   0.000 ;    ; uTco ; 1      ; FF_X35_Y47_N5        ; f_pos[1]                ;
;   6.075  ;   0.000 ; RR ; CELL ; 2      ; FF_X35_Y47_N5        ; f_pos[1]|q              ;
;   7.245  ;   1.170 ; RR ; IC   ; 1      ; LABCELL_X33_Y45_N27  ; LessThan5~4|datad       ;
;   7.738  ;   0.493 ; RF ; CELL ; 1      ; LABCELL_X33_Y45_N27  ; LessThan5~4|combout     ;
;   8.344  ;   0.606 ; FF ; IC   ; 1      ; MLABCELL_X34_Y45_N0  ; LessThan5~5|dataa       ;
;   8.898  ;   0.554 ; FF ; CELL ; 2      ; MLABCELL_X34_Y45_N0  ; LessThan5~5|combout     ;
;   9.450  ;   0.552 ; FF ; IC   ; 1      ; LABCELL_X33_Y45_N54  ; LessThan5~30|dataa      ;
;   9.990  ;   0.540 ; FR ; CELL ; 1      ; LABCELL_X33_Y45_N54  ; LessThan5~30|combout    ;
;   10.560 ;   0.570 ; RR ; IC   ; 1      ; MLABCELL_X34_Y45_N42 ; LessThan5~31|datae      ;
;   10.861 ;   0.301 ; RF ; CELL ; 1      ; MLABCELL_X34_Y45_N42 ; LessThan5~31|combout    ;
;   11.079 ;   0.218 ; FF ; IC   ; 1      ; MLABCELL_X34_Y45_N54 ; LessThan5~33|datad      ;
;   11.649 ;   0.570 ; FF ; CELL ; 1      ; MLABCELL_X34_Y45_N54 ; LessThan5~33|combout    ;
;   12.398 ;   0.749 ; FF ; IC   ; 1      ; MLABCELL_X34_Y46_N0  ; in_rec_region~0|dataa   ;
;   12.960 ;   0.562 ; FF ; CELL ; 14     ; MLABCELL_X34_Y46_N0  ; in_rec_region~0|combout ;
;   13.913 ;   0.953 ; FF ; IC   ; 1      ; LABCELL_X33_Y48_N9   ; recq[2][132]~5|datae    ;
;   14.213 ;   0.300 ; FF ; CELL ; 136    ; LABCELL_X33_Y48_N9   ; recq[2][132]~5|combout  ;
;   15.972 ;   1.759 ; FF ; IC   ; 1      ; FF_X39_Y51_N26       ; recq[2][99]|ena         ;
;   16.677 ;   0.705 ; FF ; CELL ; 1      ; FF_X39_Y51_N26       ; recq[2][99]             ;
+----------+---------+----+------+--------+----------------------+-------------------------+

+---------------------------------------------------------------------------------------+
; Data Required Path                                                                    ;
+----------+---------+----+------+--------+-------------------+-------------------------+
; Total    ; Incr    ; RF ; Type ; Fanout ; Location          ; Element                 ;
+----------+---------+----+------+--------+-------------------+-------------------------+
; 10.000   ; 10.000  ;    ;      ;        ;                   ; latch edge time         ;
; 15.973   ; 5.973   ;    ;      ;        ;                   ; clock path              ;
;   10.000 ;   0.000 ;    ;      ;        ;                   ; source latency          ;
;   10.000 ;   0.000 ;    ;      ; 1      ; LABCELL_X1_Y36_N9 ; gpu_clk                 ;
;   10.576 ;   0.576 ; RR ; IC   ; 1      ; CLKCTRL_G2        ; gpu_clk~CLKENA0|inclk   ;
;   10.871 ;   0.295 ; RR ; CELL ; 9078   ; CLKCTRL_G2        ; gpu_clk~CLKENA0|outclk  ;
;   12.891 ;   2.020 ; RR ; IC   ; 1      ; FF_X39_Y51_N26    ; recq[2][99]|clk         ;
;   13.391 ;   0.500 ; RR ; CELL ; 1      ; FF_X39_Y51_N26    ; recq[2][99]             ;
;   15.973 ;   2.582 ;    ;      ;        ;                   ; clock pessimism removed ;
; 15.913   ; -0.060  ;    ;      ;        ;                   ; clock uncertainty       ;
; 15.913   ; 0.000   ;    ; uTsu ; 1      ; FF_X39_Y51_N26    ; recq[2][99]             ;
+----------+---------+----+------+--------+-------------------+-------------------------+

----------------------------
; Extra Fitter Information ;
----------------------------
HTML report is unavailable in plain text report export.


Path #6: Setup slack is -0.721 (VIOLATED)
===============================================================================
+----------------------------------------+
; Path Summary                           ;
+--------------------+-------------------+
; Property           ; Value             ;
+--------------------+-------------------+
; From Node          ; f_pos[1]          ;
; To Node            ; recq[2][76]       ;
; Launch Clock       ; gpu_clk           ;
; Latch Clock        ; gpu_clk           ;
; Data Arrival Time  ; 16.577            ;
; Data Required Time ; 15.856            ;
; Slack              ; -0.721 (VIOLATED) ;
+--------------------+-------------------+

+------------------------------------------------------------------------------------+
; Statistics                                                                         ;
+------------------------+--------+-------+-------------+------------+-------+-------+
; Property               ; Value  ; Count ; Total Delay ; % of Total ; Min   ; Max   ;
+------------------------+--------+-------+-------------+------------+-------+-------+
; Setup Relationship     ; 10.000 ;       ;             ;            ;       ;       ;
; Clock Skew             ; -0.159 ;       ;             ;            ;       ;       ;
; Data Delay             ; 10.502 ;       ;             ;            ;       ;       ;
; Number of Logic Levels ;        ; 7     ;             ;            ;       ;       ;
; Physical Delays        ;        ;       ;             ;            ;       ;       ;
;  Arrival Path          ;        ;       ;             ;            ;       ;       ;
;   Clock                ;        ;       ;             ;            ;       ;       ;
;    IC                  ;        ; 2     ; 5.184       ; 85         ; 2.450 ; 2.734 ;
;    Cell                ;        ; 2     ; 0.891       ; 15         ; 0.321 ; 0.570 ;
;   Data                 ;        ;       ;             ;            ;       ;       ;
;    IC                  ;        ; 8     ; 6.457       ; 61         ; 0.218 ; 1.639 ;
;    Cell                ;        ; 9     ; 4.045       ; 39         ; 0.000 ; 0.725 ;
;    uTco                ;        ; 1     ; 0.000       ; 0          ; 0.000 ; 0.000 ;
;  Required Path         ;        ;       ;             ;            ;       ;       ;
;   Clock                ;        ;       ;             ;            ;       ;       ;
;    IC                  ;        ; 2     ; 2.537       ; 76         ; 0.576 ; 1.961 ;
;    Cell                ;        ; 2     ; 0.797       ; 24         ; 0.295 ; 0.502 ;
+------------------------+--------+-------+-------------+------------+-------+-------+
Note: Negative delays are omitted from totals when calculating percentages

+------------------------------------------------------------------------------------------+
; Data Arrival Path                                                                        ;
+----------+---------+----+------+--------+----------------------+-------------------------+
; Total    ; Incr    ; RF ; Type ; Fanout ; Location             ; Element                 ;
+----------+---------+----+------+--------+----------------------+-------------------------+
; 0.000    ; 0.000   ;    ;      ;        ;                      ; launch edge time        ;
; 6.075    ; 6.075   ;    ;      ;        ;                      ; clock path              ;
;   0.000  ;   0.000 ;    ;      ;        ;                      ; source latency          ;
;   0.000  ;   0.000 ;    ;      ; 1      ; LABCELL_X1_Y36_N9    ; gpu_clk                 ;
;   2.734  ;   2.734 ; RR ; IC   ; 1      ; CLKCTRL_G2           ; gpu_clk~CLKENA0|inclk   ;
;   3.055  ;   0.321 ; RR ; CELL ; 9078   ; CLKCTRL_G2           ; gpu_clk~CLKENA0|outclk  ;
;   5.505  ;   2.450 ; RR ; IC   ; 1      ; FF_X35_Y47_N5        ; f_pos[1]|clk            ;
;   6.075  ;   0.570 ; RR ; CELL ; 1      ; FF_X35_Y47_N5        ; f_pos[1]                ;
; 16.577   ; 10.502  ;    ;      ;        ;                      ; data path               ;
;   6.075  ;   0.000 ;    ; uTco ; 1      ; FF_X35_Y47_N5        ; f_pos[1]                ;
;   6.075  ;   0.000 ; RR ; CELL ; 2      ; FF_X35_Y47_N5        ; f_pos[1]|q              ;
;   7.245  ;   1.170 ; RR ; IC   ; 1      ; LABCELL_X33_Y45_N27  ; LessThan5~4|datad       ;
;   7.738  ;   0.493 ; RF ; CELL ; 1      ; LABCELL_X33_Y45_N27  ; LessThan5~4|combout     ;
;   8.344  ;   0.606 ; FF ; IC   ; 1      ; MLABCELL_X34_Y45_N0  ; LessThan5~5|dataa       ;
;   8.898  ;   0.554 ; FF ; CELL ; 2      ; MLABCELL_X34_Y45_N0  ; LessThan5~5|combout     ;
;   9.450  ;   0.552 ; FF ; IC   ; 1      ; LABCELL_X33_Y45_N54  ; LessThan5~30|dataa      ;
;   9.990  ;   0.540 ; FR ; CELL ; 1      ; LABCELL_X33_Y45_N54  ; LessThan5~30|combout    ;
;   10.560 ;   0.570 ; RR ; IC   ; 1      ; MLABCELL_X34_Y45_N42 ; LessThan5~31|datae      ;
;   10.861 ;   0.301 ; RF ; CELL ; 1      ; MLABCELL_X34_Y45_N42 ; LessThan5~31|combout    ;
;   11.079 ;   0.218 ; FF ; IC   ; 1      ; MLABCELL_X34_Y45_N54 ; LessThan5~33|datad      ;
;   11.649 ;   0.570 ; FF ; CELL ; 1      ; MLABCELL_X34_Y45_N54 ; LessThan5~33|combout    ;
;   12.398 ;   0.749 ; FF ; IC   ; 1      ; MLABCELL_X34_Y46_N0  ; in_rec_region~0|dataa   ;
;   12.960 ;   0.562 ; FF ; CELL ; 14     ; MLABCELL_X34_Y46_N0  ; in_rec_region~0|combout ;
;   13.913 ;   0.953 ; FF ; IC   ; 1      ; LABCELL_X33_Y48_N9   ; recq[2][132]~5|datae    ;
;   14.213 ;   0.300 ; FF ; CELL ; 136    ; LABCELL_X33_Y48_N9   ; recq[2][132]~5|combout  ;
;   15.852 ;   1.639 ; FF ; IC   ; 1      ; FF_X27_Y53_N53       ; recq[2][76]|ena         ;
;   16.577 ;   0.725 ; FF ; CELL ; 1      ; FF_X27_Y53_N53       ; recq[2][76]             ;
+----------+---------+----+------+--------+----------------------+-------------------------+

+---------------------------------------------------------------------------------------+
; Data Required Path                                                                    ;
+----------+---------+----+------+--------+-------------------+-------------------------+
; Total    ; Incr    ; RF ; Type ; Fanout ; Location          ; Element                 ;
+----------+---------+----+------+--------+-------------------+-------------------------+
; 10.000   ; 10.000  ;    ;      ;        ;                   ; latch edge time         ;
; 15.916   ; 5.916   ;    ;      ;        ;                   ; clock path              ;
;   10.000 ;   0.000 ;    ;      ;        ;                   ; source latency          ;
;   10.000 ;   0.000 ;    ;      ; 1      ; LABCELL_X1_Y36_N9 ; gpu_clk                 ;
;   10.576 ;   0.576 ; RR ; IC   ; 1      ; CLKCTRL_G2        ; gpu_clk~CLKENA0|inclk   ;
;   10.871 ;   0.295 ; RR ; CELL ; 9078   ; CLKCTRL_G2        ; gpu_clk~CLKENA0|outclk  ;
;   12.832 ;   1.961 ; RR ; IC   ; 1      ; FF_X27_Y53_N53    ; recq[2][76]|clk         ;
;   13.334 ;   0.502 ; RR ; CELL ; 1      ; FF_X27_Y53_N53    ; recq[2][76]             ;
;   15.916 ;   2.582 ;    ;      ;        ;                   ; clock pessimism removed ;
; 15.856   ; -0.060  ;    ;      ;        ;                   ; clock uncertainty       ;
; 15.856   ; 0.000   ;    ; uTsu ; 1      ; FF_X27_Y53_N53    ; recq[2][76]             ;
+----------+---------+----+------+--------+-------------------+-------------------------+

----------------------------
; Extra Fitter Information ;
----------------------------
HTML report is unavailable in plain text report export.


Path #7: Setup slack is -0.704 (VIOLATED)
===============================================================================
+----------------------------------------+
; Path Summary                           ;
+--------------------+-------------------+
; Property           ; Value             ;
+--------------------+-------------------+
; From Node          ; f_pos[1]          ;
; To Node            ; recq[2][55]       ;
; Launch Clock       ; gpu_clk           ;
; Latch Clock        ; gpu_clk           ;
; Data Arrival Time  ; 16.540            ;
; Data Required Time ; 15.836            ;
; Slack              ; -0.704 (VIOLATED) ;
+--------------------+-------------------+

+------------------------------------------------------------------------------------+
; Statistics                                                                         ;
+------------------------+--------+-------+-------------+------------+-------+-------+
; Property               ; Value  ; Count ; Total Delay ; % of Total ; Min   ; Max   ;
+------------------------+--------+-------+-------------+------------+-------+-------+
; Setup Relationship     ; 10.000 ;       ;             ;            ;       ;       ;
; Clock Skew             ; -0.179 ;       ;             ;            ;       ;       ;
; Data Delay             ; 10.465 ;       ;             ;            ;       ;       ;
; Number of Logic Levels ;        ; 7     ;             ;            ;       ;       ;
; Physical Delays        ;        ;       ;             ;            ;       ;       ;
;  Arrival Path          ;        ;       ;             ;            ;       ;       ;
;   Clock                ;        ;       ;             ;            ;       ;       ;
;    IC                  ;        ; 2     ; 5.184       ; 85         ; 2.450 ; 2.734 ;
;    Cell                ;        ; 2     ; 0.891       ; 15         ; 0.321 ; 0.570 ;
;   Data                 ;        ;       ;             ;            ;       ;       ;
;    IC                  ;        ; 8     ; 6.444       ; 62         ; 0.218 ; 1.626 ;
;    Cell                ;        ; 9     ; 4.021       ; 38         ; 0.000 ; 0.701 ;
;    uTco                ;        ; 1     ; 0.000       ; 0          ; 0.000 ; 0.000 ;
;  Required Path         ;        ;       ;             ;            ;       ;       ;
;   Clock                ;        ;       ;             ;            ;       ;       ;
;    IC                  ;        ; 2     ; 2.532       ; 76         ; 0.576 ; 1.956 ;
;    Cell                ;        ; 2     ; 0.782       ; 24         ; 0.295 ; 0.487 ;
+------------------------+--------+-------+-------------+------------+-------+-------+
Note: Negative delays are omitted from totals when calculating percentages

+------------------------------------------------------------------------------------------+
; Data Arrival Path                                                                        ;
+----------+---------+----+------+--------+----------------------+-------------------------+
; Total    ; Incr    ; RF ; Type ; Fanout ; Location             ; Element                 ;
+----------+---------+----+------+--------+----------------------+-------------------------+
; 0.000    ; 0.000   ;    ;      ;        ;                      ; launch edge time        ;
; 6.075    ; 6.075   ;    ;      ;        ;                      ; clock path              ;
;   0.000  ;   0.000 ;    ;      ;        ;                      ; source latency          ;
;   0.000  ;   0.000 ;    ;      ; 1      ; LABCELL_X1_Y36_N9    ; gpu_clk                 ;
;   2.734  ;   2.734 ; RR ; IC   ; 1      ; CLKCTRL_G2           ; gpu_clk~CLKENA0|inclk   ;
;   3.055  ;   0.321 ; RR ; CELL ; 9078   ; CLKCTRL_G2           ; gpu_clk~CLKENA0|outclk  ;
;   5.505  ;   2.450 ; RR ; IC   ; 1      ; FF_X35_Y47_N5        ; f_pos[1]|clk            ;
;   6.075  ;   0.570 ; RR ; CELL ; 1      ; FF_X35_Y47_N5        ; f_pos[1]                ;
; 16.540   ; 10.465  ;    ;      ;        ;                      ; data path               ;
;   6.075  ;   0.000 ;    ; uTco ; 1      ; FF_X35_Y47_N5        ; f_pos[1]                ;
;   6.075  ;   0.000 ; RR ; CELL ; 2      ; FF_X35_Y47_N5        ; f_pos[1]|q              ;
;   7.245  ;   1.170 ; RR ; IC   ; 1      ; LABCELL_X33_Y45_N27  ; LessThan5~4|datad       ;
;   7.738  ;   0.493 ; RF ; CELL ; 1      ; LABCELL_X33_Y45_N27  ; LessThan5~4|combout     ;
;   8.344  ;   0.606 ; FF ; IC   ; 1      ; MLABCELL_X34_Y45_N0  ; LessThan5~5|dataa       ;
;   8.898  ;   0.554 ; FF ; CELL ; 2      ; MLABCELL_X34_Y45_N0  ; LessThan5~5|combout     ;
;   9.450  ;   0.552 ; FF ; IC   ; 1      ; LABCELL_X33_Y45_N54  ; LessThan5~30|dataa      ;
;   9.990  ;   0.540 ; FR ; CELL ; 1      ; LABCELL_X33_Y45_N54  ; LessThan5~30|combout    ;
;   10.560 ;   0.570 ; RR ; IC   ; 1      ; MLABCELL_X34_Y45_N42 ; LessThan5~31|datae      ;
;   10.861 ;   0.301 ; RF ; CELL ; 1      ; MLABCELL_X34_Y45_N42 ; LessThan5~31|combout    ;
;   11.079 ;   0.218 ; FF ; IC   ; 1      ; MLABCELL_X34_Y45_N54 ; LessThan5~33|datad      ;
;   11.649 ;   0.570 ; FF ; CELL ; 1      ; MLABCELL_X34_Y45_N54 ; LessThan5~33|combout    ;
;   12.398 ;   0.749 ; FF ; IC   ; 1      ; MLABCELL_X34_Y46_N0  ; in_rec_region~0|dataa   ;
;   12.960 ;   0.562 ; FF ; CELL ; 14     ; MLABCELL_X34_Y46_N0  ; in_rec_region~0|combout ;
;   13.913 ;   0.953 ; FF ; IC   ; 1      ; LABCELL_X33_Y48_N9   ; recq[2][132]~5|datae    ;
;   14.213 ;   0.300 ; FF ; CELL ; 136    ; LABCELL_X33_Y48_N9   ; recq[2][132]~5|combout  ;
;   15.839 ;   1.626 ; FF ; IC   ; 1      ; FF_X27_Y45_N19       ; recq[2][55]|ena         ;
;   16.540 ;   0.701 ; FF ; CELL ; 1      ; FF_X27_Y45_N19       ; recq[2][55]             ;
+----------+---------+----+------+--------+----------------------+-------------------------+

+---------------------------------------------------------------------------------------+
; Data Required Path                                                                    ;
+----------+---------+----+------+--------+-------------------+-------------------------+
; Total    ; Incr    ; RF ; Type ; Fanout ; Location          ; Element                 ;
+----------+---------+----+------+--------+-------------------+-------------------------+
; 10.000   ; 10.000  ;    ;      ;        ;                   ; latch edge time         ;
; 15.896   ; 5.896   ;    ;      ;        ;                   ; clock path              ;
;   10.000 ;   0.000 ;    ;      ;        ;                   ; source latency          ;
;   10.000 ;   0.000 ;    ;      ; 1      ; LABCELL_X1_Y36_N9 ; gpu_clk                 ;
;   10.576 ;   0.576 ; RR ; IC   ; 1      ; CLKCTRL_G2        ; gpu_clk~CLKENA0|inclk   ;
;   10.871 ;   0.295 ; RR ; CELL ; 9078   ; CLKCTRL_G2        ; gpu_clk~CLKENA0|outclk  ;
;   12.827 ;   1.956 ; RR ; IC   ; 1      ; FF_X27_Y45_N19    ; recq[2][55]|clk         ;
;   13.314 ;   0.487 ; RR ; CELL ; 1      ; FF_X27_Y45_N19    ; recq[2][55]             ;
;   15.896 ;   2.582 ;    ;      ;        ;                   ; clock pessimism removed ;
; 15.836   ; -0.060  ;    ;      ;        ;                   ; clock uncertainty       ;
; 15.836   ; 0.000   ;    ; uTsu ; 1      ; FF_X27_Y45_N19    ; recq[2][55]             ;
+----------+---------+----+------+--------+-------------------+-------------------------+

----------------------------
; Extra Fitter Information ;
----------------------------
HTML report is unavailable in plain text report export.


Path #8: Setup slack is -0.704 (VIOLATED)
===============================================================================
+----------------------------------------+
; Path Summary                           ;
+--------------------+-------------------+
; Property           ; Value             ;
+--------------------+-------------------+
; From Node          ; f_pos[1]          ;
; To Node            ; recq[2][50]       ;
; Launch Clock       ; gpu_clk           ;
; Latch Clock        ; gpu_clk           ;
; Data Arrival Time  ; 16.535            ;
; Data Required Time ; 15.831            ;
; Slack              ; -0.704 (VIOLATED) ;
+--------------------+-------------------+

+------------------------------------------------------------------------------------+
; Statistics                                                                         ;
+------------------------+--------+-------+-------------+------------+-------+-------+
; Property               ; Value  ; Count ; Total Delay ; % of Total ; Min   ; Max   ;
+------------------------+--------+-------+-------------+------------+-------+-------+
; Setup Relationship     ; 10.000 ;       ;             ;            ;       ;       ;
; Clock Skew             ; -0.184 ;       ;             ;            ;       ;       ;
; Data Delay             ; 10.460 ;       ;             ;            ;       ;       ;
; Number of Logic Levels ;        ; 7     ;             ;            ;       ;       ;
; Physical Delays        ;        ;       ;             ;            ;       ;       ;
;  Arrival Path          ;        ;       ;             ;            ;       ;       ;
;   Clock                ;        ;       ;             ;            ;       ;       ;
;    IC                  ;        ; 2     ; 5.184       ; 85         ; 2.450 ; 2.734 ;
;    Cell                ;        ; 2     ; 0.891       ; 15         ; 0.321 ; 0.570 ;
;   Data                 ;        ;       ;             ;            ;       ;       ;
;    IC                  ;        ; 8     ; 6.444       ; 62         ; 0.218 ; 1.626 ;
;    Cell                ;        ; 9     ; 4.016       ; 38         ; 0.000 ; 0.696 ;
;    uTco                ;        ; 1     ; 0.000       ; 0          ; 0.000 ; 0.000 ;
;  Required Path         ;        ;       ;             ;            ;       ;       ;
;   Clock                ;        ;       ;             ;            ;       ;       ;
;    IC                  ;        ; 2     ; 2.532       ; 77         ; 0.576 ; 1.956 ;
;    Cell                ;        ; 2     ; 0.777       ; 23         ; 0.295 ; 0.482 ;
+------------------------+--------+-------+-------------+------------+-------+-------+
Note: Negative delays are omitted from totals when calculating percentages

+------------------------------------------------------------------------------------------+
; Data Arrival Path                                                                        ;
+----------+---------+----+------+--------+----------------------+-------------------------+
; Total    ; Incr    ; RF ; Type ; Fanout ; Location             ; Element                 ;
+----------+---------+----+------+--------+----------------------+-------------------------+
; 0.000    ; 0.000   ;    ;      ;        ;                      ; launch edge time        ;
; 6.075    ; 6.075   ;    ;      ;        ;                      ; clock path              ;
;   0.000  ;   0.000 ;    ;      ;        ;                      ; source latency          ;
;   0.000  ;   0.000 ;    ;      ; 1      ; LABCELL_X1_Y36_N9    ; gpu_clk                 ;
;   2.734  ;   2.734 ; RR ; IC   ; 1      ; CLKCTRL_G2           ; gpu_clk~CLKENA0|inclk   ;
;   3.055  ;   0.321 ; RR ; CELL ; 9078   ; CLKCTRL_G2           ; gpu_clk~CLKENA0|outclk  ;
;   5.505  ;   2.450 ; RR ; IC   ; 1      ; FF_X35_Y47_N5        ; f_pos[1]|clk            ;
;   6.075  ;   0.570 ; RR ; CELL ; 1      ; FF_X35_Y47_N5        ; f_pos[1]                ;
; 16.535   ; 10.460  ;    ;      ;        ;                      ; data path               ;
;   6.075  ;   0.000 ;    ; uTco ; 1      ; FF_X35_Y47_N5        ; f_pos[1]                ;
;   6.075  ;   0.000 ; RR ; CELL ; 2      ; FF_X35_Y47_N5        ; f_pos[1]|q              ;
;   7.245  ;   1.170 ; RR ; IC   ; 1      ; LABCELL_X33_Y45_N27  ; LessThan5~4|datad       ;
;   7.738  ;   0.493 ; RF ; CELL ; 1      ; LABCELL_X33_Y45_N27  ; LessThan5~4|combout     ;
;   8.344  ;   0.606 ; FF ; IC   ; 1      ; MLABCELL_X34_Y45_N0  ; LessThan5~5|dataa       ;
;   8.898  ;   0.554 ; FF ; CELL ; 2      ; MLABCELL_X34_Y45_N0  ; LessThan5~5|combout     ;
;   9.450  ;   0.552 ; FF ; IC   ; 1      ; LABCELL_X33_Y45_N54  ; LessThan5~30|dataa      ;
;   9.990  ;   0.540 ; FR ; CELL ; 1      ; LABCELL_X33_Y45_N54  ; LessThan5~30|combout    ;
;   10.560 ;   0.570 ; RR ; IC   ; 1      ; MLABCELL_X34_Y45_N42 ; LessThan5~31|datae      ;
;   10.861 ;   0.301 ; RF ; CELL ; 1      ; MLABCELL_X34_Y45_N42 ; LessThan5~31|combout    ;
;   11.079 ;   0.218 ; FF ; IC   ; 1      ; MLABCELL_X34_Y45_N54 ; LessThan5~33|datad      ;
;   11.649 ;   0.570 ; FF ; CELL ; 1      ; MLABCELL_X34_Y45_N54 ; LessThan5~33|combout    ;
;   12.398 ;   0.749 ; FF ; IC   ; 1      ; MLABCELL_X34_Y46_N0  ; in_rec_region~0|dataa   ;
;   12.960 ;   0.562 ; FF ; CELL ; 14     ; MLABCELL_X34_Y46_N0  ; in_rec_region~0|combout ;
;   13.913 ;   0.953 ; FF ; IC   ; 1      ; LABCELL_X33_Y48_N9   ; recq[2][132]~5|datae    ;
;   14.213 ;   0.300 ; FF ; CELL ; 136    ; LABCELL_X33_Y48_N9   ; recq[2][132]~5|combout  ;
;   15.839 ;   1.626 ; FF ; IC   ; 1      ; FF_X27_Y45_N10       ; recq[2][50]|ena         ;
;   16.535 ;   0.696 ; FF ; CELL ; 1      ; FF_X27_Y45_N10       ; recq[2][50]             ;
+----------+---------+----+------+--------+----------------------+-------------------------+

+---------------------------------------------------------------------------------------+
; Data Required Path                                                                    ;
+----------+---------+----+------+--------+-------------------+-------------------------+
; Total    ; Incr    ; RF ; Type ; Fanout ; Location          ; Element                 ;
+----------+---------+----+------+--------+-------------------+-------------------------+
; 10.000   ; 10.000  ;    ;      ;        ;                   ; latch edge time         ;
; 15.891   ; 5.891   ;    ;      ;        ;                   ; clock path              ;
;   10.000 ;   0.000 ;    ;      ;        ;                   ; source latency          ;
;   10.000 ;   0.000 ;    ;      ; 1      ; LABCELL_X1_Y36_N9 ; gpu_clk                 ;
;   10.576 ;   0.576 ; RR ; IC   ; 1      ; CLKCTRL_G2        ; gpu_clk~CLKENA0|inclk   ;
;   10.871 ;   0.295 ; RR ; CELL ; 9078   ; CLKCTRL_G2        ; gpu_clk~CLKENA0|outclk  ;
;   12.827 ;   1.956 ; RR ; IC   ; 1      ; FF_X27_Y45_N10    ; recq[2][50]|clk         ;
;   13.309 ;   0.482 ; RR ; CELL ; 1      ; FF_X27_Y45_N10    ; recq[2][50]             ;
;   15.891 ;   2.582 ;    ;      ;        ;                   ; clock pessimism removed ;
; 15.831   ; -0.060  ;    ;      ;        ;                   ; clock uncertainty       ;
; 15.831   ; 0.000   ;    ; uTsu ; 1      ; FF_X27_Y45_N10    ; recq[2][50]             ;
+----------+---------+----+------+--------+-------------------+-------------------------+

----------------------------
; Extra Fitter Information ;
----------------------------
HTML report is unavailable in plain text report export.


Path #9: Setup slack is -0.704 (VIOLATED)
===============================================================================
+----------------------------------------+
; Path Summary                           ;
+--------------------+-------------------+
; Property           ; Value             ;
+--------------------+-------------------+
; From Node          ; f_pos[1]          ;
; To Node            ; recq[2][63]       ;
; Launch Clock       ; gpu_clk           ;
; Latch Clock        ; gpu_clk           ;
; Data Arrival Time  ; 16.540            ;
; Data Required Time ; 15.836            ;
; Slack              ; -0.704 (VIOLATED) ;
+--------------------+-------------------+

+------------------------------------------------------------------------------------+
; Statistics                                                                         ;
+------------------------+--------+-------+-------------+------------+-------+-------+
; Property               ; Value  ; Count ; Total Delay ; % of Total ; Min   ; Max   ;
+------------------------+--------+-------+-------------+------------+-------+-------+
; Setup Relationship     ; 10.000 ;       ;             ;            ;       ;       ;
; Clock Skew             ; -0.179 ;       ;             ;            ;       ;       ;
; Data Delay             ; 10.465 ;       ;             ;            ;       ;       ;
; Number of Logic Levels ;        ; 7     ;             ;            ;       ;       ;
; Physical Delays        ;        ;       ;             ;            ;       ;       ;
;  Arrival Path          ;        ;       ;             ;            ;       ;       ;
;   Clock                ;        ;       ;             ;            ;       ;       ;
;    IC                  ;        ; 2     ; 5.184       ; 85         ; 2.450 ; 2.734 ;
;    Cell                ;        ; 2     ; 0.891       ; 15         ; 0.321 ; 0.570 ;
;   Data                 ;        ;       ;             ;            ;       ;       ;
;    IC                  ;        ; 8     ; 6.444       ; 62         ; 0.218 ; 1.626 ;
;    Cell                ;        ; 9     ; 4.021       ; 38         ; 0.000 ; 0.701 ;
;    uTco                ;        ; 1     ; 0.000       ; 0          ; 0.000 ; 0.000 ;
;  Required Path         ;        ;       ;             ;            ;       ;       ;
;   Clock                ;        ;       ;             ;            ;       ;       ;
;    IC                  ;        ; 2     ; 2.532       ; 76         ; 0.576 ; 1.956 ;
;    Cell                ;        ; 2     ; 0.782       ; 24         ; 0.295 ; 0.487 ;
+------------------------+--------+-------+-------------+------------+-------+-------+
Note: Negative delays are omitted from totals when calculating percentages

+------------------------------------------------------------------------------------------+
; Data Arrival Path                                                                        ;
+----------+---------+----+------+--------+----------------------+-------------------------+
; Total    ; Incr    ; RF ; Type ; Fanout ; Location             ; Element                 ;
+----------+---------+----+------+--------+----------------------+-------------------------+
; 0.000    ; 0.000   ;    ;      ;        ;                      ; launch edge time        ;
; 6.075    ; 6.075   ;    ;      ;        ;                      ; clock path              ;
;   0.000  ;   0.000 ;    ;      ;        ;                      ; source latency          ;
;   0.000  ;   0.000 ;    ;      ; 1      ; LABCELL_X1_Y36_N9    ; gpu_clk                 ;
;   2.734  ;   2.734 ; RR ; IC   ; 1      ; CLKCTRL_G2           ; gpu_clk~CLKENA0|inclk   ;
;   3.055  ;   0.321 ; RR ; CELL ; 9078   ; CLKCTRL_G2           ; gpu_clk~CLKENA0|outclk  ;
;   5.505  ;   2.450 ; RR ; IC   ; 1      ; FF_X35_Y47_N5        ; f_pos[1]|clk            ;
;   6.075  ;   0.570 ; RR ; CELL ; 1      ; FF_X35_Y47_N5        ; f_pos[1]                ;
; 16.540   ; 10.465  ;    ;      ;        ;                      ; data path               ;
;   6.075  ;   0.000 ;    ; uTco ; 1      ; FF_X35_Y47_N5        ; f_pos[1]                ;
;   6.075  ;   0.000 ; RR ; CELL ; 2      ; FF_X35_Y47_N5        ; f_pos[1]|q              ;
;   7.245  ;   1.170 ; RR ; IC   ; 1      ; LABCELL_X33_Y45_N27  ; LessThan5~4|datad       ;
;   7.738  ;   0.493 ; RF ; CELL ; 1      ; LABCELL_X33_Y45_N27  ; LessThan5~4|combout     ;
;   8.344  ;   0.606 ; FF ; IC   ; 1      ; MLABCELL_X34_Y45_N0  ; LessThan5~5|dataa       ;
;   8.898  ;   0.554 ; FF ; CELL ; 2      ; MLABCELL_X34_Y45_N0  ; LessThan5~5|combout     ;
;   9.450  ;   0.552 ; FF ; IC   ; 1      ; LABCELL_X33_Y45_N54  ; LessThan5~30|dataa      ;
;   9.990  ;   0.540 ; FR ; CELL ; 1      ; LABCELL_X33_Y45_N54  ; LessThan5~30|combout    ;
;   10.560 ;   0.570 ; RR ; IC   ; 1      ; MLABCELL_X34_Y45_N42 ; LessThan5~31|datae      ;
;   10.861 ;   0.301 ; RF ; CELL ; 1      ; MLABCELL_X34_Y45_N42 ; LessThan5~31|combout    ;
;   11.079 ;   0.218 ; FF ; IC   ; 1      ; MLABCELL_X34_Y45_N54 ; LessThan5~33|datad      ;
;   11.649 ;   0.570 ; FF ; CELL ; 1      ; MLABCELL_X34_Y45_N54 ; LessThan5~33|combout    ;
;   12.398 ;   0.749 ; FF ; IC   ; 1      ; MLABCELL_X34_Y46_N0  ; in_rec_region~0|dataa   ;
;   12.960 ;   0.562 ; FF ; CELL ; 14     ; MLABCELL_X34_Y46_N0  ; in_rec_region~0|combout ;
;   13.913 ;   0.953 ; FF ; IC   ; 1      ; LABCELL_X33_Y48_N9   ; recq[2][132]~5|datae    ;
;   14.213 ;   0.300 ; FF ; CELL ; 136    ; LABCELL_X33_Y48_N9   ; recq[2][132]~5|combout  ;
;   15.839 ;   1.626 ; FF ; IC   ; 1      ; FF_X27_Y45_N7        ; recq[2][63]|ena         ;
;   16.540 ;   0.701 ; FF ; CELL ; 1      ; FF_X27_Y45_N7        ; recq[2][63]             ;
+----------+---------+----+------+--------+----------------------+-------------------------+

+---------------------------------------------------------------------------------------+
; Data Required Path                                                                    ;
+----------+---------+----+------+--------+-------------------+-------------------------+
; Total    ; Incr    ; RF ; Type ; Fanout ; Location          ; Element                 ;
+----------+---------+----+------+--------+-------------------+-------------------------+
; 10.000   ; 10.000  ;    ;      ;        ;                   ; latch edge time         ;
; 15.896   ; 5.896   ;    ;      ;        ;                   ; clock path              ;
;   10.000 ;   0.000 ;    ;      ;        ;                   ; source latency          ;
;   10.000 ;   0.000 ;    ;      ; 1      ; LABCELL_X1_Y36_N9 ; gpu_clk                 ;
;   10.576 ;   0.576 ; RR ; IC   ; 1      ; CLKCTRL_G2        ; gpu_clk~CLKENA0|inclk   ;
;   10.871 ;   0.295 ; RR ; CELL ; 9078   ; CLKCTRL_G2        ; gpu_clk~CLKENA0|outclk  ;
;   12.827 ;   1.956 ; RR ; IC   ; 1      ; FF_X27_Y45_N7     ; recq[2][63]|clk         ;
;   13.314 ;   0.487 ; RR ; CELL ; 1      ; FF_X27_Y45_N7     ; recq[2][63]             ;
;   15.896 ;   2.582 ;    ;      ;        ;                   ; clock pessimism removed ;
; 15.836   ; -0.060  ;    ;      ;        ;                   ; clock uncertainty       ;
; 15.836   ; 0.000   ;    ; uTsu ; 1      ; FF_X27_Y45_N7     ; recq[2][63]             ;
+----------+---------+----+------+--------+-------------------+-------------------------+

----------------------------
; Extra Fitter Information ;
----------------------------
HTML report is unavailable in plain text report export.


Path #10: Setup slack is -0.704 (VIOLATED)
===============================================================================
+----------------------------------------+
; Path Summary                           ;
+--------------------+-------------------+
; Property           ; Value             ;
+--------------------+-------------------+
; From Node          ; f_pos[1]          ;
; To Node            ; recq[2][62]       ;
; Launch Clock       ; gpu_clk           ;
; Latch Clock        ; gpu_clk           ;
; Data Arrival Time  ; 16.540            ;
; Data Required Time ; 15.836            ;
; Slack              ; -0.704 (VIOLATED) ;
+--------------------+-------------------+

+------------------------------------------------------------------------------------+
; Statistics                                                                         ;
+------------------------+--------+-------+-------------+------------+-------+-------+
; Property               ; Value  ; Count ; Total Delay ; % of Total ; Min   ; Max   ;
+------------------------+--------+-------+-------------+------------+-------+-------+
; Setup Relationship     ; 10.000 ;       ;             ;            ;       ;       ;
; Clock Skew             ; -0.179 ;       ;             ;            ;       ;       ;
; Data Delay             ; 10.465 ;       ;             ;            ;       ;       ;
; Number of Logic Levels ;        ; 7     ;             ;            ;       ;       ;
; Physical Delays        ;        ;       ;             ;            ;       ;       ;
;  Arrival Path          ;        ;       ;             ;            ;       ;       ;
;   Clock                ;        ;       ;             ;            ;       ;       ;
;    IC                  ;        ; 2     ; 5.184       ; 85         ; 2.450 ; 2.734 ;
;    Cell                ;        ; 2     ; 0.891       ; 15         ; 0.321 ; 0.570 ;
;   Data                 ;        ;       ;             ;            ;       ;       ;
;    IC                  ;        ; 8     ; 6.444       ; 62         ; 0.218 ; 1.626 ;
;    Cell                ;        ; 9     ; 4.021       ; 38         ; 0.000 ; 0.701 ;
;    uTco                ;        ; 1     ; 0.000       ; 0          ; 0.000 ; 0.000 ;
;  Required Path         ;        ;       ;             ;            ;       ;       ;
;   Clock                ;        ;       ;             ;            ;       ;       ;
;    IC                  ;        ; 2     ; 2.532       ; 76         ; 0.576 ; 1.956 ;
;    Cell                ;        ; 2     ; 0.782       ; 24         ; 0.295 ; 0.487 ;
+------------------------+--------+-------+-------------+------------+-------+-------+
Note: Negative delays are omitted from totals when calculating percentages

+------------------------------------------------------------------------------------------+
; Data Arrival Path                                                                        ;
+----------+---------+----+------+--------+----------------------+-------------------------+
; Total    ; Incr    ; RF ; Type ; Fanout ; Location             ; Element                 ;
+----------+---------+----+------+--------+----------------------+-------------------------+
; 0.000    ; 0.000   ;    ;      ;        ;                      ; launch edge time        ;
; 6.075    ; 6.075   ;    ;      ;        ;                      ; clock path              ;
;   0.000  ;   0.000 ;    ;      ;        ;                      ; source latency          ;
;   0.000  ;   0.000 ;    ;      ; 1      ; LABCELL_X1_Y36_N9    ; gpu_clk                 ;
;   2.734  ;   2.734 ; RR ; IC   ; 1      ; CLKCTRL_G2           ; gpu_clk~CLKENA0|inclk   ;
;   3.055  ;   0.321 ; RR ; CELL ; 9078   ; CLKCTRL_G2           ; gpu_clk~CLKENA0|outclk  ;
;   5.505  ;   2.450 ; RR ; IC   ; 1      ; FF_X35_Y47_N5        ; f_pos[1]|clk            ;
;   6.075  ;   0.570 ; RR ; CELL ; 1      ; FF_X35_Y47_N5        ; f_pos[1]                ;
; 16.540   ; 10.465  ;    ;      ;        ;                      ; data path               ;
;   6.075  ;   0.000 ;    ; uTco ; 1      ; FF_X35_Y47_N5        ; f_pos[1]                ;
;   6.075  ;   0.000 ; RR ; CELL ; 2      ; FF_X35_Y47_N5        ; f_pos[1]|q              ;
;   7.245  ;   1.170 ; RR ; IC   ; 1      ; LABCELL_X33_Y45_N27  ; LessThan5~4|datad       ;
;   7.738  ;   0.493 ; RF ; CELL ; 1      ; LABCELL_X33_Y45_N27  ; LessThan5~4|combout     ;
;   8.344  ;   0.606 ; FF ; IC   ; 1      ; MLABCELL_X34_Y45_N0  ; LessThan5~5|dataa       ;
;   8.898  ;   0.554 ; FF ; CELL ; 2      ; MLABCELL_X34_Y45_N0  ; LessThan5~5|combout     ;
;   9.450  ;   0.552 ; FF ; IC   ; 1      ; LABCELL_X33_Y45_N54  ; LessThan5~30|dataa      ;
;   9.990  ;   0.540 ; FR ; CELL ; 1      ; LABCELL_X33_Y45_N54  ; LessThan5~30|combout    ;
;   10.560 ;   0.570 ; RR ; IC   ; 1      ; MLABCELL_X34_Y45_N42 ; LessThan5~31|datae      ;
;   10.861 ;   0.301 ; RF ; CELL ; 1      ; MLABCELL_X34_Y45_N42 ; LessThan5~31|combout    ;
;   11.079 ;   0.218 ; FF ; IC   ; 1      ; MLABCELL_X34_Y45_N54 ; LessThan5~33|datad      ;
;   11.649 ;   0.570 ; FF ; CELL ; 1      ; MLABCELL_X34_Y45_N54 ; LessThan5~33|combout    ;
;   12.398 ;   0.749 ; FF ; IC   ; 1      ; MLABCELL_X34_Y46_N0  ; in_rec_region~0|dataa   ;
;   12.960 ;   0.562 ; FF ; CELL ; 14     ; MLABCELL_X34_Y46_N0  ; in_rec_region~0|combout ;
;   13.913 ;   0.953 ; FF ; IC   ; 1      ; LABCELL_X33_Y48_N9   ; recq[2][132]~5|datae    ;
;   14.213 ;   0.300 ; FF ; CELL ; 136    ; LABCELL_X33_Y48_N9   ; recq[2][132]~5|combout  ;
;   15.839 ;   1.626 ; FF ; IC   ; 1      ; FF_X27_Y45_N1        ; recq[2][62]|ena         ;
;   16.540 ;   0.701 ; FF ; CELL ; 1      ; FF_X27_Y45_N1        ; recq[2][62]             ;
+----------+---------+----+------+--------+----------------------+-------------------------+

+---------------------------------------------------------------------------------------+
; Data Required Path                                                                    ;
+----------+---------+----+------+--------+-------------------+-------------------------+
; Total    ; Incr    ; RF ; Type ; Fanout ; Location          ; Element                 ;
+----------+---------+----+------+--------+-------------------+-------------------------+
; 10.000   ; 10.000  ;    ;      ;        ;                   ; latch edge time         ;
; 15.896   ; 5.896   ;    ;      ;        ;                   ; clock path              ;
;   10.000 ;   0.000 ;    ;      ;        ;                   ; source latency          ;
;   10.000 ;   0.000 ;    ;      ; 1      ; LABCELL_X1_Y36_N9 ; gpu_clk                 ;
;   10.576 ;   0.576 ; RR ; IC   ; 1      ; CLKCTRL_G2        ; gpu_clk~CLKENA0|inclk   ;
;   10.871 ;   0.295 ; RR ; CELL ; 9078   ; CLKCTRL_G2        ; gpu_clk~CLKENA0|outclk  ;
;   12.827 ;   1.956 ; RR ; IC   ; 1      ; FF_X27_Y45_N1     ; recq[2][62]|clk         ;
;   13.314 ;   0.487 ; RR ; CELL ; 1      ; FF_X27_Y45_N1     ; recq[2][62]             ;
;   15.896 ;   2.582 ;    ;      ;        ;                   ; clock pessimism removed ;
; 15.836   ; -0.060  ;    ;      ;        ;                   ; clock uncertainty       ;
; 15.836   ; 0.000   ;    ; uTsu ; 1      ; FF_X27_Y45_N1     ; recq[2][62]             ;
+----------+---------+----+------+--------+-------------------+-------------------------+

----------------------------
; Extra Fitter Information ;
----------------------------
HTML report is unavailable in plain text report export.


Path #11: Setup slack is -0.704 (VIOLATED)
===============================================================================
+----------------------------------------+
; Path Summary                           ;
+--------------------+-------------------+
; Property           ; Value             ;
+--------------------+-------------------+
; From Node          ; f_pos[1]          ;
; To Node            ; recq[2][59]       ;
; Launch Clock       ; gpu_clk           ;
; Latch Clock        ; gpu_clk           ;
; Data Arrival Time  ; 16.535            ;
; Data Required Time ; 15.831            ;
; Slack              ; -0.704 (VIOLATED) ;
+--------------------+-------------------+

+------------------------------------------------------------------------------------+
; Statistics                                                                         ;
+------------------------+--------+-------+-------------+------------+-------+-------+
; Property               ; Value  ; Count ; Total Delay ; % of Total ; Min   ; Max   ;
+------------------------+--------+-------+-------------+------------+-------+-------+
; Setup Relationship     ; 10.000 ;       ;             ;            ;       ;       ;
; Clock Skew             ; -0.184 ;       ;             ;            ;       ;       ;
; Data Delay             ; 10.460 ;       ;             ;            ;       ;       ;
; Number of Logic Levels ;        ; 7     ;             ;            ;       ;       ;
; Physical Delays        ;        ;       ;             ;            ;       ;       ;
;  Arrival Path          ;        ;       ;             ;            ;       ;       ;
;   Clock                ;        ;       ;             ;            ;       ;       ;
;    IC                  ;        ; 2     ; 5.184       ; 85         ; 2.450 ; 2.734 ;
;    Cell                ;        ; 2     ; 0.891       ; 15         ; 0.321 ; 0.570 ;
;   Data                 ;        ;       ;             ;            ;       ;       ;
;    IC                  ;        ; 8     ; 6.444       ; 62         ; 0.218 ; 1.626 ;
;    Cell                ;        ; 9     ; 4.016       ; 38         ; 0.000 ; 0.696 ;
;    uTco                ;        ; 1     ; 0.000       ; 0          ; 0.000 ; 0.000 ;
;  Required Path         ;        ;       ;             ;            ;       ;       ;
;   Clock                ;        ;       ;             ;            ;       ;       ;
;    IC                  ;        ; 2     ; 2.532       ; 77         ; 0.576 ; 1.956 ;
;    Cell                ;        ; 2     ; 0.777       ; 23         ; 0.295 ; 0.482 ;
+------------------------+--------+-------+-------------+------------+-------+-------+
Note: Negative delays are omitted from totals when calculating percentages

+------------------------------------------------------------------------------------------+
; Data Arrival Path                                                                        ;
+----------+---------+----+------+--------+----------------------+-------------------------+
; Total    ; Incr    ; RF ; Type ; Fanout ; Location             ; Element                 ;
+----------+---------+----+------+--------+----------------------+-------------------------+
; 0.000    ; 0.000   ;    ;      ;        ;                      ; launch edge time        ;
; 6.075    ; 6.075   ;    ;      ;        ;                      ; clock path              ;
;   0.000  ;   0.000 ;    ;      ;        ;                      ; source latency          ;
;   0.000  ;   0.000 ;    ;      ; 1      ; LABCELL_X1_Y36_N9    ; gpu_clk                 ;
;   2.734  ;   2.734 ; RR ; IC   ; 1      ; CLKCTRL_G2           ; gpu_clk~CLKENA0|inclk   ;
;   3.055  ;   0.321 ; RR ; CELL ; 9078   ; CLKCTRL_G2           ; gpu_clk~CLKENA0|outclk  ;
;   5.505  ;   2.450 ; RR ; IC   ; 1      ; FF_X35_Y47_N5        ; f_pos[1]|clk            ;
;   6.075  ;   0.570 ; RR ; CELL ; 1      ; FF_X35_Y47_N5        ; f_pos[1]                ;
; 16.535   ; 10.460  ;    ;      ;        ;                      ; data path               ;
;   6.075  ;   0.000 ;    ; uTco ; 1      ; FF_X35_Y47_N5        ; f_pos[1]                ;
;   6.075  ;   0.000 ; RR ; CELL ; 2      ; FF_X35_Y47_N5        ; f_pos[1]|q              ;
;   7.245  ;   1.170 ; RR ; IC   ; 1      ; LABCELL_X33_Y45_N27  ; LessThan5~4|datad       ;
;   7.738  ;   0.493 ; RF ; CELL ; 1      ; LABCELL_X33_Y45_N27  ; LessThan5~4|combout     ;
;   8.344  ;   0.606 ; FF ; IC   ; 1      ; MLABCELL_X34_Y45_N0  ; LessThan5~5|dataa       ;
;   8.898  ;   0.554 ; FF ; CELL ; 2      ; MLABCELL_X34_Y45_N0  ; LessThan5~5|combout     ;
;   9.450  ;   0.552 ; FF ; IC   ; 1      ; LABCELL_X33_Y45_N54  ; LessThan5~30|dataa      ;
;   9.990  ;   0.540 ; FR ; CELL ; 1      ; LABCELL_X33_Y45_N54  ; LessThan5~30|combout    ;
;   10.560 ;   0.570 ; RR ; IC   ; 1      ; MLABCELL_X34_Y45_N42 ; LessThan5~31|datae      ;
;   10.861 ;   0.301 ; RF ; CELL ; 1      ; MLABCELL_X34_Y45_N42 ; LessThan5~31|combout    ;
;   11.079 ;   0.218 ; FF ; IC   ; 1      ; MLABCELL_X34_Y45_N54 ; LessThan5~33|datad      ;
;   11.649 ;   0.570 ; FF ; CELL ; 1      ; MLABCELL_X34_Y45_N54 ; LessThan5~33|combout    ;
;   12.398 ;   0.749 ; FF ; IC   ; 1      ; MLABCELL_X34_Y46_N0  ; in_rec_region~0|dataa   ;
;   12.960 ;   0.562 ; FF ; CELL ; 14     ; MLABCELL_X34_Y46_N0  ; in_rec_region~0|combout ;
;   13.913 ;   0.953 ; FF ; IC   ; 1      ; LABCELL_X33_Y48_N9   ; recq[2][132]~5|datae    ;
;   14.213 ;   0.300 ; FF ; CELL ; 136    ; LABCELL_X33_Y48_N9   ; recq[2][132]~5|combout  ;
;   15.839 ;   1.626 ; FF ; IC   ; 1      ; FF_X27_Y45_N4        ; recq[2][59]|ena         ;
;   16.535 ;   0.696 ; FF ; CELL ; 1      ; FF_X27_Y45_N4        ; recq[2][59]             ;
+----------+---------+----+------+--------+----------------------+-------------------------+

+---------------------------------------------------------------------------------------+
; Data Required Path                                                                    ;
+----------+---------+----+------+--------+-------------------+-------------------------+
; Total    ; Incr    ; RF ; Type ; Fanout ; Location          ; Element                 ;
+----------+---------+----+------+--------+-------------------+-------------------------+
; 10.000   ; 10.000  ;    ;      ;        ;                   ; latch edge time         ;
; 15.891   ; 5.891   ;    ;      ;        ;                   ; clock path              ;
;   10.000 ;   0.000 ;    ;      ;        ;                   ; source latency          ;
;   10.000 ;   0.000 ;    ;      ; 1      ; LABCELL_X1_Y36_N9 ; gpu_clk                 ;
;   10.576 ;   0.576 ; RR ; IC   ; 1      ; CLKCTRL_G2        ; gpu_clk~CLKENA0|inclk   ;
;   10.871 ;   0.295 ; RR ; CELL ; 9078   ; CLKCTRL_G2        ; gpu_clk~CLKENA0|outclk  ;
;   12.827 ;   1.956 ; RR ; IC   ; 1      ; FF_X27_Y45_N4     ; recq[2][59]|clk         ;
;   13.309 ;   0.482 ; RR ; CELL ; 1      ; FF_X27_Y45_N4     ; recq[2][59]             ;
;   15.891 ;   2.582 ;    ;      ;        ;                   ; clock pessimism removed ;
; 15.831   ; -0.060  ;    ;      ;        ;                   ; clock uncertainty       ;
; 15.831   ; 0.000   ;    ; uTsu ; 1      ; FF_X27_Y45_N4     ; recq[2][59]             ;
+----------+---------+----+------+--------+-------------------+-------------------------+

----------------------------
; Extra Fitter Information ;
----------------------------
HTML report is unavailable in plain text report export.


Path #12: Setup slack is -0.704 (VIOLATED)
===============================================================================
+----------------------------------------+
; Path Summary                           ;
+--------------------+-------------------+
; Property           ; Value             ;
+--------------------+-------------------+
; From Node          ; f_pos[1]          ;
; To Node            ; recq[2][34]       ;
; Launch Clock       ; gpu_clk           ;
; Latch Clock        ; gpu_clk           ;
; Data Arrival Time  ; 16.540            ;
; Data Required Time ; 15.836            ;
; Slack              ; -0.704 (VIOLATED) ;
+--------------------+-------------------+

+------------------------------------------------------------------------------------+
; Statistics                                                                         ;
+------------------------+--------+-------+-------------+------------+-------+-------+
; Property               ; Value  ; Count ; Total Delay ; % of Total ; Min   ; Max   ;
+------------------------+--------+-------+-------------+------------+-------+-------+
; Setup Relationship     ; 10.000 ;       ;             ;            ;       ;       ;
; Clock Skew             ; -0.179 ;       ;             ;            ;       ;       ;
; Data Delay             ; 10.465 ;       ;             ;            ;       ;       ;
; Number of Logic Levels ;        ; 7     ;             ;            ;       ;       ;
; Physical Delays        ;        ;       ;             ;            ;       ;       ;
;  Arrival Path          ;        ;       ;             ;            ;       ;       ;
;   Clock                ;        ;       ;             ;            ;       ;       ;
;    IC                  ;        ; 2     ; 5.184       ; 85         ; 2.450 ; 2.734 ;
;    Cell                ;        ; 2     ; 0.891       ; 15         ; 0.321 ; 0.570 ;
;   Data                 ;        ;       ;             ;            ;       ;       ;
;    IC                  ;        ; 8     ; 6.444       ; 62         ; 0.218 ; 1.626 ;
;    Cell                ;        ; 9     ; 4.021       ; 38         ; 0.000 ; 0.701 ;
;    uTco                ;        ; 1     ; 0.000       ; 0          ; 0.000 ; 0.000 ;
;  Required Path         ;        ;       ;             ;            ;       ;       ;
;   Clock                ;        ;       ;             ;            ;       ;       ;
;    IC                  ;        ; 2     ; 2.532       ; 76         ; 0.576 ; 1.956 ;
;    Cell                ;        ; 2     ; 0.782       ; 24         ; 0.295 ; 0.487 ;
+------------------------+--------+-------+-------------+------------+-------+-------+
Note: Negative delays are omitted from totals when calculating percentages

+------------------------------------------------------------------------------------------+
; Data Arrival Path                                                                        ;
+----------+---------+----+------+--------+----------------------+-------------------------+
; Total    ; Incr    ; RF ; Type ; Fanout ; Location             ; Element                 ;
+----------+---------+----+------+--------+----------------------+-------------------------+
; 0.000    ; 0.000   ;    ;      ;        ;                      ; launch edge time        ;
; 6.075    ; 6.075   ;    ;      ;        ;                      ; clock path              ;
;   0.000  ;   0.000 ;    ;      ;        ;                      ; source latency          ;
;   0.000  ;   0.000 ;    ;      ; 1      ; LABCELL_X1_Y36_N9    ; gpu_clk                 ;
;   2.734  ;   2.734 ; RR ; IC   ; 1      ; CLKCTRL_G2           ; gpu_clk~CLKENA0|inclk   ;
;   3.055  ;   0.321 ; RR ; CELL ; 9078   ; CLKCTRL_G2           ; gpu_clk~CLKENA0|outclk  ;
;   5.505  ;   2.450 ; RR ; IC   ; 1      ; FF_X35_Y47_N5        ; f_pos[1]|clk            ;
;   6.075  ;   0.570 ; RR ; CELL ; 1      ; FF_X35_Y47_N5        ; f_pos[1]                ;
; 16.540   ; 10.465  ;    ;      ;        ;                      ; data path               ;
;   6.075  ;   0.000 ;    ; uTco ; 1      ; FF_X35_Y47_N5        ; f_pos[1]                ;
;   6.075  ;   0.000 ; RR ; CELL ; 2      ; FF_X35_Y47_N5        ; f_pos[1]|q              ;
;   7.245  ;   1.170 ; RR ; IC   ; 1      ; LABCELL_X33_Y45_N27  ; LessThan5~4|datad       ;
;   7.738  ;   0.493 ; RF ; CELL ; 1      ; LABCELL_X33_Y45_N27  ; LessThan5~4|combout     ;
;   8.344  ;   0.606 ; FF ; IC   ; 1      ; MLABCELL_X34_Y45_N0  ; LessThan5~5|dataa       ;
;   8.898  ;   0.554 ; FF ; CELL ; 2      ; MLABCELL_X34_Y45_N0  ; LessThan5~5|combout     ;
;   9.450  ;   0.552 ; FF ; IC   ; 1      ; LABCELL_X33_Y45_N54  ; LessThan5~30|dataa      ;
;   9.990  ;   0.540 ; FR ; CELL ; 1      ; LABCELL_X33_Y45_N54  ; LessThan5~30|combout    ;
;   10.560 ;   0.570 ; RR ; IC   ; 1      ; MLABCELL_X34_Y45_N42 ; LessThan5~31|datae      ;
;   10.861 ;   0.301 ; RF ; CELL ; 1      ; MLABCELL_X34_Y45_N42 ; LessThan5~31|combout    ;
;   11.079 ;   0.218 ; FF ; IC   ; 1      ; MLABCELL_X34_Y45_N54 ; LessThan5~33|datad      ;
;   11.649 ;   0.570 ; FF ; CELL ; 1      ; MLABCELL_X34_Y45_N54 ; LessThan5~33|combout    ;
;   12.398 ;   0.749 ; FF ; IC   ; 1      ; MLABCELL_X34_Y46_N0  ; in_rec_region~0|dataa   ;
;   12.960 ;   0.562 ; FF ; CELL ; 14     ; MLABCELL_X34_Y46_N0  ; in_rec_region~0|combout ;
;   13.913 ;   0.953 ; FF ; IC   ; 1      ; LABCELL_X33_Y48_N9   ; recq[2][132]~5|datae    ;
;   14.213 ;   0.300 ; FF ; CELL ; 136    ; LABCELL_X33_Y48_N9   ; recq[2][132]~5|combout  ;
;   15.839 ;   1.626 ; FF ; IC   ; 1      ; FF_X27_Y45_N25       ; recq[2][34]|ena         ;
;   16.540 ;   0.701 ; FF ; CELL ; 1      ; FF_X27_Y45_N25       ; recq[2][34]             ;
+----------+---------+----+------+--------+----------------------+-------------------------+

+---------------------------------------------------------------------------------------+
; Data Required Path                                                                    ;
+----------+---------+----+------+--------+-------------------+-------------------------+
; Total    ; Incr    ; RF ; Type ; Fanout ; Location          ; Element                 ;
+----------+---------+----+------+--------+-------------------+-------------------------+
; 10.000   ; 10.000  ;    ;      ;        ;                   ; latch edge time         ;
; 15.896   ; 5.896   ;    ;      ;        ;                   ; clock path              ;
;   10.000 ;   0.000 ;    ;      ;        ;                   ; source latency          ;
;   10.000 ;   0.000 ;    ;      ; 1      ; LABCELL_X1_Y36_N9 ; gpu_clk                 ;
;   10.576 ;   0.576 ; RR ; IC   ; 1      ; CLKCTRL_G2        ; gpu_clk~CLKENA0|inclk   ;
;   10.871 ;   0.295 ; RR ; CELL ; 9078   ; CLKCTRL_G2        ; gpu_clk~CLKENA0|outclk  ;
;   12.827 ;   1.956 ; RR ; IC   ; 1      ; FF_X27_Y45_N25    ; recq[2][34]|clk         ;
;   13.314 ;   0.487 ; RR ; CELL ; 1      ; FF_X27_Y45_N25    ; recq[2][34]             ;
;   15.896 ;   2.582 ;    ;      ;        ;                   ; clock pessimism removed ;
; 15.836   ; -0.060  ;    ;      ;        ;                   ; clock uncertainty       ;
; 15.836   ; 0.000   ;    ; uTsu ; 1      ; FF_X27_Y45_N25    ; recq[2][34]             ;
+----------+---------+----+------+--------+-------------------+-------------------------+

----------------------------
; Extra Fitter Information ;
----------------------------
HTML report is unavailable in plain text report export.


Path #13: Setup slack is -0.704 (VIOLATED)
===============================================================================
+----------------------------------------+
; Path Summary                           ;
+--------------------+-------------------+
; Property           ; Value             ;
+--------------------+-------------------+
; From Node          ; f_pos[1]          ;
; To Node            ; recq[2][33]       ;
; Launch Clock       ; gpu_clk           ;
; Latch Clock        ; gpu_clk           ;
; Data Arrival Time  ; 16.535            ;
; Data Required Time ; 15.831            ;
; Slack              ; -0.704 (VIOLATED) ;
+--------------------+-------------------+

+------------------------------------------------------------------------------------+
; Statistics                                                                         ;
+------------------------+--------+-------+-------------+------------+-------+-------+
; Property               ; Value  ; Count ; Total Delay ; % of Total ; Min   ; Max   ;
+------------------------+--------+-------+-------------+------------+-------+-------+
; Setup Relationship     ; 10.000 ;       ;             ;            ;       ;       ;
; Clock Skew             ; -0.184 ;       ;             ;            ;       ;       ;
; Data Delay             ; 10.460 ;       ;             ;            ;       ;       ;
; Number of Logic Levels ;        ; 7     ;             ;            ;       ;       ;
; Physical Delays        ;        ;       ;             ;            ;       ;       ;
;  Arrival Path          ;        ;       ;             ;            ;       ;       ;
;   Clock                ;        ;       ;             ;            ;       ;       ;
;    IC                  ;        ; 2     ; 5.184       ; 85         ; 2.450 ; 2.734 ;
;    Cell                ;        ; 2     ; 0.891       ; 15         ; 0.321 ; 0.570 ;
;   Data                 ;        ;       ;             ;            ;       ;       ;
;    IC                  ;        ; 8     ; 6.444       ; 62         ; 0.218 ; 1.626 ;
;    Cell                ;        ; 9     ; 4.016       ; 38         ; 0.000 ; 0.696 ;
;    uTco                ;        ; 1     ; 0.000       ; 0          ; 0.000 ; 0.000 ;
;  Required Path         ;        ;       ;             ;            ;       ;       ;
;   Clock                ;        ;       ;             ;            ;       ;       ;
;    IC                  ;        ; 2     ; 2.532       ; 77         ; 0.576 ; 1.956 ;
;    Cell                ;        ; 2     ; 0.777       ; 23         ; 0.295 ; 0.482 ;
+------------------------+--------+-------+-------------+------------+-------+-------+
Note: Negative delays are omitted from totals when calculating percentages

+------------------------------------------------------------------------------------------+
; Data Arrival Path                                                                        ;
+----------+---------+----+------+--------+----------------------+-------------------------+
; Total    ; Incr    ; RF ; Type ; Fanout ; Location             ; Element                 ;
+----------+---------+----+------+--------+----------------------+-------------------------+
; 0.000    ; 0.000   ;    ;      ;        ;                      ; launch edge time        ;
; 6.075    ; 6.075   ;    ;      ;        ;                      ; clock path              ;
;   0.000  ;   0.000 ;    ;      ;        ;                      ; source latency          ;
;   0.000  ;   0.000 ;    ;      ; 1      ; LABCELL_X1_Y36_N9    ; gpu_clk                 ;
;   2.734  ;   2.734 ; RR ; IC   ; 1      ; CLKCTRL_G2           ; gpu_clk~CLKENA0|inclk   ;
;   3.055  ;   0.321 ; RR ; CELL ; 9078   ; CLKCTRL_G2           ; gpu_clk~CLKENA0|outclk  ;
;   5.505  ;   2.450 ; RR ; IC   ; 1      ; FF_X35_Y47_N5        ; f_pos[1]|clk            ;
;   6.075  ;   0.570 ; RR ; CELL ; 1      ; FF_X35_Y47_N5        ; f_pos[1]                ;
; 16.535   ; 10.460  ;    ;      ;        ;                      ; data path               ;
;   6.075  ;   0.000 ;    ; uTco ; 1      ; FF_X35_Y47_N5        ; f_pos[1]                ;
;   6.075  ;   0.000 ; RR ; CELL ; 2      ; FF_X35_Y47_N5        ; f_pos[1]|q              ;
;   7.245  ;   1.170 ; RR ; IC   ; 1      ; LABCELL_X33_Y45_N27  ; LessThan5~4|datad       ;
;   7.738  ;   0.493 ; RF ; CELL ; 1      ; LABCELL_X33_Y45_N27  ; LessThan5~4|combout     ;
;   8.344  ;   0.606 ; FF ; IC   ; 1      ; MLABCELL_X34_Y45_N0  ; LessThan5~5|dataa       ;
;   8.898  ;   0.554 ; FF ; CELL ; 2      ; MLABCELL_X34_Y45_N0  ; LessThan5~5|combout     ;
;   9.450  ;   0.552 ; FF ; IC   ; 1      ; LABCELL_X33_Y45_N54  ; LessThan5~30|dataa      ;
;   9.990  ;   0.540 ; FR ; CELL ; 1      ; LABCELL_X33_Y45_N54  ; LessThan5~30|combout    ;
;   10.560 ;   0.570 ; RR ; IC   ; 1      ; MLABCELL_X34_Y45_N42 ; LessThan5~31|datae      ;
;   10.861 ;   0.301 ; RF ; CELL ; 1      ; MLABCELL_X34_Y45_N42 ; LessThan5~31|combout    ;
;   11.079 ;   0.218 ; FF ; IC   ; 1      ; MLABCELL_X34_Y45_N54 ; LessThan5~33|datad      ;
;   11.649 ;   0.570 ; FF ; CELL ; 1      ; MLABCELL_X34_Y45_N54 ; LessThan5~33|combout    ;
;   12.398 ;   0.749 ; FF ; IC   ; 1      ; MLABCELL_X34_Y46_N0  ; in_rec_region~0|dataa   ;
;   12.960 ;   0.562 ; FF ; CELL ; 14     ; MLABCELL_X34_Y46_N0  ; in_rec_region~0|combout ;
;   13.913 ;   0.953 ; FF ; IC   ; 1      ; LABCELL_X33_Y48_N9   ; recq[2][132]~5|datae    ;
;   14.213 ;   0.300 ; FF ; CELL ; 136    ; LABCELL_X33_Y48_N9   ; recq[2][132]~5|combout  ;
;   15.839 ;   1.626 ; FF ; IC   ; 1      ; FF_X27_Y45_N22       ; recq[2][33]|ena         ;
;   16.535 ;   0.696 ; FF ; CELL ; 1      ; FF_X27_Y45_N22       ; recq[2][33]             ;
+----------+---------+----+------+--------+----------------------+-------------------------+

+---------------------------------------------------------------------------------------+
; Data Required Path                                                                    ;
+----------+---------+----+------+--------+-------------------+-------------------------+
; Total    ; Incr    ; RF ; Type ; Fanout ; Location          ; Element                 ;
+----------+---------+----+------+--------+-------------------+-------------------------+
; 10.000   ; 10.000  ;    ;      ;        ;                   ; latch edge time         ;
; 15.891   ; 5.891   ;    ;      ;        ;                   ; clock path              ;
;   10.000 ;   0.000 ;    ;      ;        ;                   ; source latency          ;
;   10.000 ;   0.000 ;    ;      ; 1      ; LABCELL_X1_Y36_N9 ; gpu_clk                 ;
;   10.576 ;   0.576 ; RR ; IC   ; 1      ; CLKCTRL_G2        ; gpu_clk~CLKENA0|inclk   ;
;   10.871 ;   0.295 ; RR ; CELL ; 9078   ; CLKCTRL_G2        ; gpu_clk~CLKENA0|outclk  ;
;   12.827 ;   1.956 ; RR ; IC   ; 1      ; FF_X27_Y45_N22    ; recq[2][33]|clk         ;
;   13.309 ;   0.482 ; RR ; CELL ; 1      ; FF_X27_Y45_N22    ; recq[2][33]             ;
;   15.891 ;   2.582 ;    ;      ;        ;                   ; clock pessimism removed ;
; 15.831   ; -0.060  ;    ;      ;        ;                   ; clock uncertainty       ;
; 15.831   ; 0.000   ;    ; uTsu ; 1      ; FF_X27_Y45_N22    ; recq[2][33]             ;
+----------+---------+----+------+--------+-------------------+-------------------------+

----------------------------
; Extra Fitter Information ;
----------------------------
HTML report is unavailable in plain text report export.


Path #14: Setup slack is -0.704 (VIOLATED)
===============================================================================
+----------------------------------------+
; Path Summary                           ;
+--------------------+-------------------+
; Property           ; Value             ;
+--------------------+-------------------+
; From Node          ; f_pos[1]          ;
; To Node            ; recq[2][38]       ;
; Launch Clock       ; gpu_clk           ;
; Latch Clock        ; gpu_clk           ;
; Data Arrival Time  ; 16.535            ;
; Data Required Time ; 15.831            ;
; Slack              ; -0.704 (VIOLATED) ;
+--------------------+-------------------+

+------------------------------------------------------------------------------------+
; Statistics                                                                         ;
+------------------------+--------+-------+-------------+------------+-------+-------+
; Property               ; Value  ; Count ; Total Delay ; % of Total ; Min   ; Max   ;
+------------------------+--------+-------+-------------+------------+-------+-------+
; Setup Relationship     ; 10.000 ;       ;             ;            ;       ;       ;
; Clock Skew             ; -0.184 ;       ;             ;            ;       ;       ;
; Data Delay             ; 10.460 ;       ;             ;            ;       ;       ;
; Number of Logic Levels ;        ; 7     ;             ;            ;       ;       ;
; Physical Delays        ;        ;       ;             ;            ;       ;       ;
;  Arrival Path          ;        ;       ;             ;            ;       ;       ;
;   Clock                ;        ;       ;             ;            ;       ;       ;
;    IC                  ;        ; 2     ; 5.184       ; 85         ; 2.450 ; 2.734 ;
;    Cell                ;        ; 2     ; 0.891       ; 15         ; 0.321 ; 0.570 ;
;   Data                 ;        ;       ;             ;            ;       ;       ;
;    IC                  ;        ; 8     ; 6.444       ; 62         ; 0.218 ; 1.626 ;
;    Cell                ;        ; 9     ; 4.016       ; 38         ; 0.000 ; 0.696 ;
;    uTco                ;        ; 1     ; 0.000       ; 0          ; 0.000 ; 0.000 ;
;  Required Path         ;        ;       ;             ;            ;       ;       ;
;   Clock                ;        ;       ;             ;            ;       ;       ;
;    IC                  ;        ; 2     ; 2.532       ; 77         ; 0.576 ; 1.956 ;
;    Cell                ;        ; 2     ; 0.777       ; 23         ; 0.295 ; 0.482 ;
+------------------------+--------+-------+-------------+------------+-------+-------+
Note: Negative delays are omitted from totals when calculating percentages

+------------------------------------------------------------------------------------------+
; Data Arrival Path                                                                        ;
+----------+---------+----+------+--------+----------------------+-------------------------+
; Total    ; Incr    ; RF ; Type ; Fanout ; Location             ; Element                 ;
+----------+---------+----+------+--------+----------------------+-------------------------+
; 0.000    ; 0.000   ;    ;      ;        ;                      ; launch edge time        ;
; 6.075    ; 6.075   ;    ;      ;        ;                      ; clock path              ;
;   0.000  ;   0.000 ;    ;      ;        ;                      ; source latency          ;
;   0.000  ;   0.000 ;    ;      ; 1      ; LABCELL_X1_Y36_N9    ; gpu_clk                 ;
;   2.734  ;   2.734 ; RR ; IC   ; 1      ; CLKCTRL_G2           ; gpu_clk~CLKENA0|inclk   ;
;   3.055  ;   0.321 ; RR ; CELL ; 9078   ; CLKCTRL_G2           ; gpu_clk~CLKENA0|outclk  ;
;   5.505  ;   2.450 ; RR ; IC   ; 1      ; FF_X35_Y47_N5        ; f_pos[1]|clk            ;
;   6.075  ;   0.570 ; RR ; CELL ; 1      ; FF_X35_Y47_N5        ; f_pos[1]                ;
; 16.535   ; 10.460  ;    ;      ;        ;                      ; data path               ;
;   6.075  ;   0.000 ;    ; uTco ; 1      ; FF_X35_Y47_N5        ; f_pos[1]                ;
;   6.075  ;   0.000 ; RR ; CELL ; 2      ; FF_X35_Y47_N5        ; f_pos[1]|q              ;
;   7.245  ;   1.170 ; RR ; IC   ; 1      ; LABCELL_X33_Y45_N27  ; LessThan5~4|datad       ;
;   7.738  ;   0.493 ; RF ; CELL ; 1      ; LABCELL_X33_Y45_N27  ; LessThan5~4|combout     ;
;   8.344  ;   0.606 ; FF ; IC   ; 1      ; MLABCELL_X34_Y45_N0  ; LessThan5~5|dataa       ;
;   8.898  ;   0.554 ; FF ; CELL ; 2      ; MLABCELL_X34_Y45_N0  ; LessThan5~5|combout     ;
;   9.450  ;   0.552 ; FF ; IC   ; 1      ; LABCELL_X33_Y45_N54  ; LessThan5~30|dataa      ;
;   9.990  ;   0.540 ; FR ; CELL ; 1      ; LABCELL_X33_Y45_N54  ; LessThan5~30|combout    ;
;   10.560 ;   0.570 ; RR ; IC   ; 1      ; MLABCELL_X34_Y45_N42 ; LessThan5~31|datae      ;
;   10.861 ;   0.301 ; RF ; CELL ; 1      ; MLABCELL_X34_Y45_N42 ; LessThan5~31|combout    ;
;   11.079 ;   0.218 ; FF ; IC   ; 1      ; MLABCELL_X34_Y45_N54 ; LessThan5~33|datad      ;
;   11.649 ;   0.570 ; FF ; CELL ; 1      ; MLABCELL_X34_Y45_N54 ; LessThan5~33|combout    ;
;   12.398 ;   0.749 ; FF ; IC   ; 1      ; MLABCELL_X34_Y46_N0  ; in_rec_region~0|dataa   ;
;   12.960 ;   0.562 ; FF ; CELL ; 14     ; MLABCELL_X34_Y46_N0  ; in_rec_region~0|combout ;
;   13.913 ;   0.953 ; FF ; IC   ; 1      ; LABCELL_X33_Y48_N9   ; recq[2][132]~5|datae    ;
;   14.213 ;   0.300 ; FF ; CELL ; 136    ; LABCELL_X33_Y48_N9   ; recq[2][132]~5|combout  ;
;   15.839 ;   1.626 ; FF ; IC   ; 1      ; FF_X27_Y45_N28       ; recq[2][38]|ena         ;
;   16.535 ;   0.696 ; FF ; CELL ; 1      ; FF_X27_Y45_N28       ; recq[2][38]             ;
+----------+---------+----+------+--------+----------------------+-------------------------+

+---------------------------------------------------------------------------------------+
; Data Required Path                                                                    ;
+----------+---------+----+------+--------+-------------------+-------------------------+
; Total    ; Incr    ; RF ; Type ; Fanout ; Location          ; Element                 ;
+----------+---------+----+------+--------+-------------------+-------------------------+
; 10.000   ; 10.000  ;    ;      ;        ;                   ; latch edge time         ;
; 15.891   ; 5.891   ;    ;      ;        ;                   ; clock path              ;
;   10.000 ;   0.000 ;    ;      ;        ;                   ; source latency          ;
;   10.000 ;   0.000 ;    ;      ; 1      ; LABCELL_X1_Y36_N9 ; gpu_clk                 ;
;   10.576 ;   0.576 ; RR ; IC   ; 1      ; CLKCTRL_G2        ; gpu_clk~CLKENA0|inclk   ;
;   10.871 ;   0.295 ; RR ; CELL ; 9078   ; CLKCTRL_G2        ; gpu_clk~CLKENA0|outclk  ;
;   12.827 ;   1.956 ; RR ; IC   ; 1      ; FF_X27_Y45_N28    ; recq[2][38]|clk         ;
;   13.309 ;   0.482 ; RR ; CELL ; 1      ; FF_X27_Y45_N28    ; recq[2][38]             ;
;   15.891 ;   2.582 ;    ;      ;        ;                   ; clock pessimism removed ;
; 15.831   ; -0.060  ;    ;      ;        ;                   ; clock uncertainty       ;
; 15.831   ; 0.000   ;    ; uTsu ; 1      ; FF_X27_Y45_N28    ; recq[2][38]             ;
+----------+---------+----+------+--------+-------------------+-------------------------+

----------------------------
; Extra Fitter Information ;
----------------------------
HTML report is unavailable in plain text report export.


Path #15: Setup slack is -0.686 (VIOLATED)
===============================================================================
+--------------------------------------------------------+
; Path Summary                                           ;
+--------------------+-----------------------------------+
; Property           ; Value                             ;
+--------------------+-----------------------------------+
; From Node          ; zhao_cmd_dma:u_dma|hdr_win[28][5] ;
; To Node            ; zhao_cmd_dma:u_dma|crc_pay_r[28]  ;
; Launch Clock       ; gpu_clk                           ;
; Latch Clock        ; gpu_clk                           ;
; Data Arrival Time  ; 16.045                            ;
; Data Required Time ; 15.359                            ;
; Slack              ; -0.686 (VIOLATED)                 ;
+--------------------+-----------------------------------+

+------------------------------------------------------------------------------------+
; Statistics                                                                         ;
+------------------------+--------+-------+-------------+------------+-------+-------+
; Property               ; Value  ; Count ; Total Delay ; % of Total ; Min   ; Max   ;
+------------------------+--------+-------+-------------+------------+-------+-------+
; Setup Relationship     ; 10.000 ;       ;             ;            ;       ;       ;
; Clock Skew             ; -0.699 ;       ;             ;            ;       ;       ;
; Data Delay             ; 9.927  ;       ;             ;            ;       ;       ;
; Number of Logic Levels ;        ; 6     ;             ;            ;       ;       ;
; Physical Delays        ;        ;       ;             ;            ;       ;       ;
;  Arrival Path          ;        ;       ;             ;            ;       ;       ;
;   Clock                ;        ;       ;             ;            ;       ;       ;
;    IC                  ;        ; 2     ; 5.207       ; 85         ; 2.473 ; 2.734 ;
;    Cell                ;        ; 2     ; 0.911       ; 15         ; 0.321 ; 0.590 ;
;   Data                 ;        ;       ;             ;            ;       ;       ;
;    IC                  ;        ; 7     ; 6.743       ; 68         ; 0.214 ; 2.064 ;
;    Cell                ;        ; 8     ; 3.184       ; 32         ; 0.000 ; 0.723 ;
;    uTco                ;        ; 1     ; 0.000       ; 0          ; 0.000 ; 0.000 ;
;  Required Path         ;        ;       ;             ;            ;       ;       ;
;   Clock                ;        ;       ;             ;            ;       ;       ;
;    IC                  ;        ; 2     ; 2.448       ; 76         ; 0.576 ; 1.872 ;
;    Cell                ;        ; 2     ; 0.787       ; 24         ; 0.295 ; 0.492 ;
+------------------------+--------+-------+-------------+------------+-------+-------+
Note: Negative delays are omitted from totals when calculating percentages

+---------------------------------------------------------------------------------------------------+
; Data Arrival Path                                                                                 ;
+----------+---------+----+------+--------+---------------------+-----------------------------------+
; Total    ; Incr    ; RF ; Type ; Fanout ; Location            ; Element                           ;
+----------+---------+----+------+--------+---------------------+-----------------------------------+
; 0.000    ; 0.000   ;    ;      ;        ;                     ; launch edge time                  ;
; 6.118    ; 6.118   ;    ;      ;        ;                     ; clock path                        ;
;   0.000  ;   0.000 ;    ;      ;        ;                     ; source latency                    ;
;   0.000  ;   0.000 ;    ;      ; 1      ; LABCELL_X1_Y36_N9   ; gpu_clk                           ;
;   2.734  ;   2.734 ; RR ; IC   ; 1      ; CLKCTRL_G2          ; gpu_clk~CLKENA0|inclk             ;
;   3.055  ;   0.321 ; RR ; CELL ; 9078   ; CLKCTRL_G2          ; gpu_clk~CLKENA0|outclk            ;
;   5.528  ;   2.473 ; RR ; IC   ; 1      ; FF_X39_Y39_N35      ; u_dma|hdr_win[28][5]|clk          ;
;   6.118  ;   0.590 ; RR ; CELL ; 1      ; FF_X39_Y39_N35      ; zhao_cmd_dma:u_dma|hdr_win[28][5] ;
; 16.045   ; 9.927   ;    ;      ;        ;                     ; data path                         ;
;   6.118  ;   0.000 ;    ; uTco ; 1      ; FF_X39_Y39_N35      ; zhao_cmd_dma:u_dma|hdr_win[28][5] ;
;   6.118  ;   0.000 ; FF ; CELL ; 4      ; FF_X39_Y39_N35      ; u_dma|hdr_win[28][5]|q            ;
;   8.182  ;   2.064 ; FF ; IC   ; 1      ; LABCELL_X27_Y36_N51 ; u_dma|LessThan25~0|datad          ;
;   8.623  ;   0.441 ; FR ; CELL ; 1      ; LABCELL_X27_Y36_N51 ; u_dma|LessThan25~0|combout        ;
;   8.837  ;   0.214 ; RR ; IC   ; 1      ; LABCELL_X27_Y36_N45 ; u_dma|LessThan25~4|dataa          ;
;   9.438  ;   0.601 ; RR ; CELL ; 1      ; LABCELL_X27_Y36_N45 ; u_dma|LessThan25~4|combout        ;
;   10.622 ;   1.184 ; RR ; IC   ; 1      ; LABCELL_X35_Y38_N39 ; u_dma|LessThan25~12|datae         ;
;   10.890 ;   0.268 ; RF ; CELL ; 1      ; LABCELL_X35_Y38_N39 ; u_dma|LessThan25~12|combout       ;
;   11.116 ;   0.226 ; FF ; IC   ; 1      ; LABCELL_X35_Y38_N54 ; u_dma|LessThan25~22|dataf         ;
;   11.207 ;   0.091 ; FR ; CELL ; 1      ; LABCELL_X35_Y38_N54 ; u_dma|LessThan25~22|combout       ;
;   11.577 ;   0.370 ; RR ; IC   ; 1      ; LABCELL_X36_Y38_N6  ; u_dma|ok_v~5|datac                ;
;   12.071 ;   0.494 ; RF ; CELL ; 10     ; LABCELL_X36_Y38_N6  ; u_dma|ok_v~5|combout              ;
;   13.635 ;   1.564 ; FF ; IC   ; 1      ; LABCELL_X24_Y35_N48 ; u_dma|crc_pay_r[14]~0|dataa       ;
;   14.201 ;   0.566 ; FF ; CELL ; 49     ; LABCELL_X24_Y35_N48 ; u_dma|crc_pay_r[14]~0|combout     ;
;   15.322 ;   1.121 ; FF ; IC   ; 1      ; FF_X22_Y31_N20      ; u_dma|crc_pay_r[28]|ena           ;
;   16.045 ;   0.723 ; FF ; CELL ; 1      ; FF_X22_Y31_N20      ; zhao_cmd_dma:u_dma|crc_pay_r[28]  ;
+----------+---------+----+------+--------+---------------------+-----------------------------------+

+------------------------------------------------------------------------------------------------+
; Data Required Path                                                                             ;
+----------+---------+----+------+--------+-------------------+----------------------------------+
; Total    ; Incr    ; RF ; Type ; Fanout ; Location          ; Element                          ;
+----------+---------+----+------+--------+-------------------+----------------------------------+
; 10.000   ; 10.000  ;    ;      ;        ;                   ; latch edge time                  ;
; 15.419   ; 5.419   ;    ;      ;        ;                   ; clock path                       ;
;   10.000 ;   0.000 ;    ;      ;        ;                   ; source latency                   ;
;   10.000 ;   0.000 ;    ;      ; 1      ; LABCELL_X1_Y36_N9 ; gpu_clk                          ;
;   10.576 ;   0.576 ; RR ; IC   ; 1      ; CLKCTRL_G2        ; gpu_clk~CLKENA0|inclk            ;
;   10.871 ;   0.295 ; RR ; CELL ; 9078   ; CLKCTRL_G2        ; gpu_clk~CLKENA0|outclk           ;
;   12.743 ;   1.872 ; RR ; IC   ; 1      ; FF_X22_Y31_N20    ; u_dma|crc_pay_r[28]|clk          ;
;   13.235 ;   0.492 ; RR ; CELL ; 1      ; FF_X22_Y31_N20    ; zhao_cmd_dma:u_dma|crc_pay_r[28] ;
;   15.419 ;   2.184 ;    ;      ;        ;                   ; clock pessimism removed          ;
; 15.359   ; -0.060  ;    ;      ;        ;                   ; clock uncertainty                ;
; 15.359   ; 0.000   ;    ; uTsu ; 1      ; FF_X22_Y31_N20    ; zhao_cmd_dma:u_dma|crc_pay_r[28] ;
+----------+---------+----+------+--------+-------------------+----------------------------------+

----------------------------
; Extra Fitter Information ;
----------------------------
HTML report is unavailable in plain text report export.


Path #16: Setup slack is -0.686 (VIOLATED)
===============================================================================
+-----------------------------------------------------------------+
; Path Summary                                                    ;
+--------------------+--------------------------------------------+
; Property           ; Value                                      ;
+--------------------+--------------------------------------------+
; From Node          ; zhao_cmd_dma:u_dma|hdr_win[28][5]          ;
; To Node            ; zhao_cmd_dma:u_dma|crc_pay_r[28]~DUPLICATE ;
; Launch Clock       ; gpu_clk                                    ;
; Latch Clock        ; gpu_clk                                    ;
; Data Arrival Time  ; 16.048                                     ;
; Data Required Time ; 15.362                                     ;
; Slack              ; -0.686 (VIOLATED)                          ;
+--------------------+--------------------------------------------+

+------------------------------------------------------------------------------------+
; Statistics                                                                         ;
+------------------------+--------+-------+-------------+------------+-------+-------+
; Property               ; Value  ; Count ; Total Delay ; % of Total ; Min   ; Max   ;
+------------------------+--------+-------+-------------+------------+-------+-------+
; Setup Relationship     ; 10.000 ;       ;             ;            ;       ;       ;
; Clock Skew             ; -0.696 ;       ;             ;            ;       ;       ;
; Data Delay             ; 9.930  ;       ;             ;            ;       ;       ;
; Number of Logic Levels ;        ; 6     ;             ;            ;       ;       ;
; Physical Delays        ;        ;       ;             ;            ;       ;       ;
;  Arrival Path          ;        ;       ;             ;            ;       ;       ;
;   Clock                ;        ;       ;             ;            ;       ;       ;
;    IC                  ;        ; 2     ; 5.207       ; 85         ; 2.473 ; 2.734 ;
;    Cell                ;        ; 2     ; 0.911       ; 15         ; 0.321 ; 0.590 ;
;   Data                 ;        ;       ;             ;            ;       ;       ;
;    IC                  ;        ; 7     ; 6.743       ; 68         ; 0.214 ; 2.064 ;
;    Cell                ;        ; 8     ; 3.187       ; 32         ; 0.000 ; 0.726 ;
;    uTco                ;        ; 1     ; 0.000       ; 0          ; 0.000 ; 0.000 ;
;  Required Path         ;        ;       ;             ;            ;       ;       ;
;   Clock                ;        ;       ;             ;            ;       ;       ;
;    IC                  ;        ; 2     ; 2.448       ; 76         ; 0.576 ; 1.872 ;
;    Cell                ;        ; 2     ; 0.790       ; 24         ; 0.295 ; 0.495 ;
+------------------------+--------+-------+-------------+------------+-------+-------+
Note: Negative delays are omitted from totals when calculating percentages

+------------------------------------------------------------------------------------------------------------+
; Data Arrival Path                                                                                          ;
+----------+---------+----+------+--------+---------------------+--------------------------------------------+
; Total    ; Incr    ; RF ; Type ; Fanout ; Location            ; Element                                    ;
+----------+---------+----+------+--------+---------------------+--------------------------------------------+
; 0.000    ; 0.000   ;    ;      ;        ;                     ; launch edge time                           ;
; 6.118    ; 6.118   ;    ;      ;        ;                     ; clock path                                 ;
;   0.000  ;   0.000 ;    ;      ;        ;                     ; source latency                             ;
;   0.000  ;   0.000 ;    ;      ; 1      ; LABCELL_X1_Y36_N9   ; gpu_clk                                    ;
;   2.734  ;   2.734 ; RR ; IC   ; 1      ; CLKCTRL_G2          ; gpu_clk~CLKENA0|inclk                      ;
;   3.055  ;   0.321 ; RR ; CELL ; 9078   ; CLKCTRL_G2          ; gpu_clk~CLKENA0|outclk                     ;
;   5.528  ;   2.473 ; RR ; IC   ; 1      ; FF_X39_Y39_N35      ; u_dma|hdr_win[28][5]|clk                   ;
;   6.118  ;   0.590 ; RR ; CELL ; 1      ; FF_X39_Y39_N35      ; zhao_cmd_dma:u_dma|hdr_win[28][5]          ;
; 16.048   ; 9.930   ;    ;      ;        ;                     ; data path                                  ;
;   6.118  ;   0.000 ;    ; uTco ; 1      ; FF_X39_Y39_N35      ; zhao_cmd_dma:u_dma|hdr_win[28][5]          ;
;   6.118  ;   0.000 ; FF ; CELL ; 4      ; FF_X39_Y39_N35      ; u_dma|hdr_win[28][5]|q                     ;
;   8.182  ;   2.064 ; FF ; IC   ; 1      ; LABCELL_X27_Y36_N51 ; u_dma|LessThan25~0|datad                   ;
;   8.623  ;   0.441 ; FR ; CELL ; 1      ; LABCELL_X27_Y36_N51 ; u_dma|LessThan25~0|combout                 ;
;   8.837  ;   0.214 ; RR ; IC   ; 1      ; LABCELL_X27_Y36_N45 ; u_dma|LessThan25~4|dataa                   ;
;   9.438  ;   0.601 ; RR ; CELL ; 1      ; LABCELL_X27_Y36_N45 ; u_dma|LessThan25~4|combout                 ;
;   10.622 ;   1.184 ; RR ; IC   ; 1      ; LABCELL_X35_Y38_N39 ; u_dma|LessThan25~12|datae                  ;
;   10.890 ;   0.268 ; RF ; CELL ; 1      ; LABCELL_X35_Y38_N39 ; u_dma|LessThan25~12|combout                ;
;   11.116 ;   0.226 ; FF ; IC   ; 1      ; LABCELL_X35_Y38_N54 ; u_dma|LessThan25~22|dataf                  ;
;   11.207 ;   0.091 ; FR ; CELL ; 1      ; LABCELL_X35_Y38_N54 ; u_dma|LessThan25~22|combout                ;
;   11.577 ;   0.370 ; RR ; IC   ; 1      ; LABCELL_X36_Y38_N6  ; u_dma|ok_v~5|datac                         ;
;   12.071 ;   0.494 ; RF ; CELL ; 10     ; LABCELL_X36_Y38_N6  ; u_dma|ok_v~5|combout                       ;
;   13.635 ;   1.564 ; FF ; IC   ; 1      ; LABCELL_X24_Y35_N48 ; u_dma|crc_pay_r[14]~0|dataa                ;
;   14.201 ;   0.566 ; FF ; CELL ; 49     ; LABCELL_X24_Y35_N48 ; u_dma|crc_pay_r[14]~0|combout              ;
;   15.322 ;   1.121 ; FF ; IC   ; 1      ; FF_X22_Y31_N19      ; u_dma|crc_pay_r[28]~DUPLICATE|ena          ;
;   16.048 ;   0.726 ; FF ; CELL ; 1      ; FF_X22_Y31_N19      ; zhao_cmd_dma:u_dma|crc_pay_r[28]~DUPLICATE ;
+----------+---------+----+------+--------+---------------------+--------------------------------------------+

+----------------------------------------------------------------------------------------------------------+
; Data Required Path                                                                                       ;
+----------+---------+----+------+--------+-------------------+--------------------------------------------+
; Total    ; Incr    ; RF ; Type ; Fanout ; Location          ; Element                                    ;
+----------+---------+----+------+--------+-------------------+--------------------------------------------+
; 10.000   ; 10.000  ;    ;      ;        ;                   ; latch edge time                            ;
; 15.422   ; 5.422   ;    ;      ;        ;                   ; clock path                                 ;
;   10.000 ;   0.000 ;    ;      ;        ;                   ; source latency                             ;
;   10.000 ;   0.000 ;    ;      ; 1      ; LABCELL_X1_Y36_N9 ; gpu_clk                                    ;
;   10.576 ;   0.576 ; RR ; IC   ; 1      ; CLKCTRL_G2        ; gpu_clk~CLKENA0|inclk                      ;
;   10.871 ;   0.295 ; RR ; CELL ; 9078   ; CLKCTRL_G2        ; gpu_clk~CLKENA0|outclk                     ;
;   12.743 ;   1.872 ; RR ; IC   ; 1      ; FF_X22_Y31_N19    ; u_dma|crc_pay_r[28]~DUPLICATE|clk          ;
;   13.238 ;   0.495 ; RR ; CELL ; 1      ; FF_X22_Y31_N19    ; zhao_cmd_dma:u_dma|crc_pay_r[28]~DUPLICATE ;
;   15.422 ;   2.184 ;    ;      ;        ;                   ; clock pessimism removed                    ;
; 15.362   ; -0.060  ;    ;      ;        ;                   ; clock uncertainty                          ;
; 15.362   ; 0.000   ;    ; uTsu ; 1      ; FF_X22_Y31_N19    ; zhao_cmd_dma:u_dma|crc_pay_r[28]~DUPLICATE ;
+----------+---------+----+------+--------+-------------------+--------------------------------------------+

----------------------------
; Extra Fitter Information ;
----------------------------
HTML report is unavailable in plain text report export.


Path #17: Setup slack is -0.684 (VIOLATED)
===============================================================================
+--------------------------------------------------------+
; Path Summary                                           ;
+--------------------+-----------------------------------+
; Property           ; Value                             ;
+--------------------+-----------------------------------+
; From Node          ; zhao_cmd_dma:u_dma|hdr_win[28][5] ;
; To Node            ; zhao_cmd_dma:u_dma|crc_pay_r[25]  ;
; Launch Clock       ; gpu_clk                           ;
; Latch Clock        ; gpu_clk                           ;
; Data Arrival Time  ; 16.047                            ;
; Data Required Time ; 15.363                            ;
; Slack              ; -0.684 (VIOLATED)                 ;
+--------------------+-----------------------------------+

+------------------------------------------------------------------------------------+
; Statistics                                                                         ;
+------------------------+--------+-------+-------------+------------+-------+-------+
; Property               ; Value  ; Count ; Total Delay ; % of Total ; Min   ; Max   ;
+------------------------+--------+-------+-------------+------------+-------+-------+
; Setup Relationship     ; 10.000 ;       ;             ;            ;       ;       ;
; Clock Skew             ; -0.695 ;       ;             ;            ;       ;       ;
; Data Delay             ; 9.929  ;       ;             ;            ;       ;       ;
; Number of Logic Levels ;        ; 6     ;             ;            ;       ;       ;
; Physical Delays        ;        ;       ;             ;            ;       ;       ;
;  Arrival Path          ;        ;       ;             ;            ;       ;       ;
;   Clock                ;        ;       ;             ;            ;       ;       ;
;    IC                  ;        ; 2     ; 5.207       ; 85         ; 2.473 ; 2.734 ;
;    Cell                ;        ; 2     ; 0.911       ; 15         ; 0.321 ; 0.590 ;
;   Data                 ;        ;       ;             ;            ;       ;       ;
;    IC                  ;        ; 7     ; 6.740       ; 68         ; 0.214 ; 2.064 ;
;    Cell                ;        ; 8     ; 3.189       ; 32         ; 0.000 ; 0.728 ;
;    uTco                ;        ; 1     ; 0.000       ; 0          ; 0.000 ; 0.000 ;
;  Required Path         ;        ;       ;             ;            ;       ;       ;
;   Clock                ;        ;       ;             ;            ;       ;       ;
;    IC                  ;        ; 2     ; 2.448       ; 76         ; 0.576 ; 1.872 ;
;    Cell                ;        ; 2     ; 0.791       ; 24         ; 0.295 ; 0.496 ;
+------------------------+--------+-------+-------------+------------+-------+-------+
Note: Negative delays are omitted from totals when calculating percentages

+---------------------------------------------------------------------------------------------------+
; Data Arrival Path                                                                                 ;
+----------+---------+----+------+--------+---------------------+-----------------------------------+
; Total    ; Incr    ; RF ; Type ; Fanout ; Location            ; Element                           ;
+----------+---------+----+------+--------+---------------------+-----------------------------------+
; 0.000    ; 0.000   ;    ;      ;        ;                     ; launch edge time                  ;
; 6.118    ; 6.118   ;    ;      ;        ;                     ; clock path                        ;
;   0.000  ;   0.000 ;    ;      ;        ;                     ; source latency                    ;
;   0.000  ;   0.000 ;    ;      ; 1      ; LABCELL_X1_Y36_N9   ; gpu_clk                           ;
;   2.734  ;   2.734 ; RR ; IC   ; 1      ; CLKCTRL_G2          ; gpu_clk~CLKENA0|inclk             ;
;   3.055  ;   0.321 ; RR ; CELL ; 9078   ; CLKCTRL_G2          ; gpu_clk~CLKENA0|outclk            ;
;   5.528  ;   2.473 ; RR ; IC   ; 1      ; FF_X39_Y39_N35      ; u_dma|hdr_win[28][5]|clk          ;
;   6.118  ;   0.590 ; RR ; CELL ; 1      ; FF_X39_Y39_N35      ; zhao_cmd_dma:u_dma|hdr_win[28][5] ;
; 16.047   ; 9.929   ;    ;      ;        ;                     ; data path                         ;
;   6.118  ;   0.000 ;    ; uTco ; 1      ; FF_X39_Y39_N35      ; zhao_cmd_dma:u_dma|hdr_win[28][5] ;
;   6.118  ;   0.000 ; FF ; CELL ; 4      ; FF_X39_Y39_N35      ; u_dma|hdr_win[28][5]|q            ;
;   8.182  ;   2.064 ; FF ; IC   ; 1      ; LABCELL_X27_Y36_N51 ; u_dma|LessThan25~0|datad          ;
;   8.623  ;   0.441 ; FR ; CELL ; 1      ; LABCELL_X27_Y36_N51 ; u_dma|LessThan25~0|combout        ;
;   8.837  ;   0.214 ; RR ; IC   ; 1      ; LABCELL_X27_Y36_N45 ; u_dma|LessThan25~4|dataa          ;
;   9.438  ;   0.601 ; RR ; CELL ; 1      ; LABCELL_X27_Y36_N45 ; u_dma|LessThan25~4|combout        ;
;   10.622 ;   1.184 ; RR ; IC   ; 1      ; LABCELL_X35_Y38_N39 ; u_dma|LessThan25~12|datae         ;
;   10.890 ;   0.268 ; RF ; CELL ; 1      ; LABCELL_X35_Y38_N39 ; u_dma|LessThan25~12|combout       ;
;   11.116 ;   0.226 ; FF ; IC   ; 1      ; LABCELL_X35_Y38_N54 ; u_dma|LessThan25~22|dataf         ;
;   11.207 ;   0.091 ; FR ; CELL ; 1      ; LABCELL_X35_Y38_N54 ; u_dma|LessThan25~22|combout       ;
;   11.577 ;   0.370 ; RR ; IC   ; 1      ; LABCELL_X36_Y38_N6  ; u_dma|ok_v~5|datac                ;
;   12.071 ;   0.494 ; RF ; CELL ; 10     ; LABCELL_X36_Y38_N6  ; u_dma|ok_v~5|combout              ;
;   13.635 ;   1.564 ; FF ; IC   ; 1      ; LABCELL_X24_Y35_N48 ; u_dma|crc_pay_r[14]~0|dataa       ;
;   14.201 ;   0.566 ; FF ; CELL ; 49     ; LABCELL_X24_Y35_N48 ; u_dma|crc_pay_r[14]~0|combout     ;
;   15.319 ;   1.118 ; FF ; IC   ; 1      ; FF_X18_Y33_N35      ; u_dma|crc_pay_r[25]|ena           ;
;   16.047 ;   0.728 ; FF ; CELL ; 1      ; FF_X18_Y33_N35      ; zhao_cmd_dma:u_dma|crc_pay_r[25]  ;
+----------+---------+----+------+--------+---------------------+-----------------------------------+

+------------------------------------------------------------------------------------------------+
; Data Required Path                                                                             ;
+----------+---------+----+------+--------+-------------------+----------------------------------+
; Total    ; Incr    ; RF ; Type ; Fanout ; Location          ; Element                          ;
+----------+---------+----+------+--------+-------------------+----------------------------------+
; 10.000   ; 10.000  ;    ;      ;        ;                   ; latch edge time                  ;
; 15.423   ; 5.423   ;    ;      ;        ;                   ; clock path                       ;
;   10.000 ;   0.000 ;    ;      ;        ;                   ; source latency                   ;
;   10.000 ;   0.000 ;    ;      ; 1      ; LABCELL_X1_Y36_N9 ; gpu_clk                          ;
;   10.576 ;   0.576 ; RR ; IC   ; 1      ; CLKCTRL_G2        ; gpu_clk~CLKENA0|inclk            ;
;   10.871 ;   0.295 ; RR ; CELL ; 9078   ; CLKCTRL_G2        ; gpu_clk~CLKENA0|outclk           ;
;   12.743 ;   1.872 ; RR ; IC   ; 1      ; FF_X18_Y33_N35    ; u_dma|crc_pay_r[25]|clk          ;
;   13.239 ;   0.496 ; RR ; CELL ; 1      ; FF_X18_Y33_N35    ; zhao_cmd_dma:u_dma|crc_pay_r[25] ;
;   15.423 ;   2.184 ;    ;      ;        ;                   ; clock pessimism removed          ;
; 15.363   ; -0.060  ;    ;      ;        ;                   ; clock uncertainty                ;
; 15.363   ; 0.000   ;    ; uTsu ; 1      ; FF_X18_Y33_N35    ; zhao_cmd_dma:u_dma|crc_pay_r[25] ;
+----------+---------+----+------+--------+-------------------+----------------------------------+

----------------------------
; Extra Fitter Information ;
----------------------------
HTML report is unavailable in plain text report export.


Path #18: Setup slack is -0.684 (VIOLATED)
===============================================================================
+-----------------------------------------------------------------+
; Path Summary                                                    ;
+--------------------+--------------------------------------------+
; Property           ; Value                                      ;
+--------------------+--------------------------------------------+
; From Node          ; zhao_cmd_dma:u_dma|hdr_win[28][5]          ;
; To Node            ; zhao_cmd_dma:u_dma|crc_pay_r[25]~DUPLICATE ;
; Launch Clock       ; gpu_clk                                    ;
; Latch Clock        ; gpu_clk                                    ;
; Data Arrival Time  ; 16.041                                     ;
; Data Required Time ; 15.357                                     ;
; Slack              ; -0.684 (VIOLATED)                          ;
+--------------------+--------------------------------------------+

+------------------------------------------------------------------------------------+
; Statistics                                                                         ;
+------------------------+--------+-------+-------------+------------+-------+-------+
; Property               ; Value  ; Count ; Total Delay ; % of Total ; Min   ; Max   ;
+------------------------+--------+-------+-------------+------------+-------+-------+
; Setup Relationship     ; 10.000 ;       ;             ;            ;       ;       ;
; Clock Skew             ; -0.701 ;       ;             ;            ;       ;       ;
; Data Delay             ; 9.923  ;       ;             ;            ;       ;       ;
; Number of Logic Levels ;        ; 6     ;             ;            ;       ;       ;
; Physical Delays        ;        ;       ;             ;            ;       ;       ;
;  Arrival Path          ;        ;       ;             ;            ;       ;       ;
;   Clock                ;        ;       ;             ;            ;       ;       ;
;    IC                  ;        ; 2     ; 5.207       ; 85         ; 2.473 ; 2.734 ;
;    Cell                ;        ; 2     ; 0.911       ; 15         ; 0.321 ; 0.590 ;
;   Data                 ;        ;       ;             ;            ;       ;       ;
;    IC                  ;        ; 7     ; 6.740       ; 68         ; 0.214 ; 2.064 ;
;    Cell                ;        ; 8     ; 3.183       ; 32         ; 0.000 ; 0.722 ;
;    uTco                ;        ; 1     ; 0.000       ; 0          ; 0.000 ; 0.000 ;
;  Required Path         ;        ;       ;             ;            ;       ;       ;
;   Clock                ;        ;       ;             ;            ;       ;       ;
;    IC                  ;        ; 2     ; 2.448       ; 76         ; 0.576 ; 1.872 ;
;    Cell                ;        ; 2     ; 0.785       ; 24         ; 0.295 ; 0.490 ;
+------------------------+--------+-------+-------------+------------+-------+-------+
Note: Negative delays are omitted from totals when calculating percentages

+------------------------------------------------------------------------------------------------------------+
; Data Arrival Path                                                                                          ;
+----------+---------+----+------+--------+---------------------+--------------------------------------------+
; Total    ; Incr    ; RF ; Type ; Fanout ; Location            ; Element                                    ;
+----------+---------+----+------+--------+---------------------+--------------------------------------------+
; 0.000    ; 0.000   ;    ;      ;        ;                     ; launch edge time                           ;
; 6.118    ; 6.118   ;    ;      ;        ;                     ; clock path                                 ;
;   0.000  ;   0.000 ;    ;      ;        ;                     ; source latency                             ;
;   0.000  ;   0.000 ;    ;      ; 1      ; LABCELL_X1_Y36_N9   ; gpu_clk                                    ;
;   2.734  ;   2.734 ; RR ; IC   ; 1      ; CLKCTRL_G2          ; gpu_clk~CLKENA0|inclk                      ;
;   3.055  ;   0.321 ; RR ; CELL ; 9078   ; CLKCTRL_G2          ; gpu_clk~CLKENA0|outclk                     ;
;   5.528  ;   2.473 ; RR ; IC   ; 1      ; FF_X39_Y39_N35      ; u_dma|hdr_win[28][5]|clk                   ;
;   6.118  ;   0.590 ; RR ; CELL ; 1      ; FF_X39_Y39_N35      ; zhao_cmd_dma:u_dma|hdr_win[28][5]          ;
; 16.041   ; 9.923   ;    ;      ;        ;                     ; data path                                  ;
;   6.118  ;   0.000 ;    ; uTco ; 1      ; FF_X39_Y39_N35      ; zhao_cmd_dma:u_dma|hdr_win[28][5]          ;
;   6.118  ;   0.000 ; FF ; CELL ; 4      ; FF_X39_Y39_N35      ; u_dma|hdr_win[28][5]|q                     ;
;   8.182  ;   2.064 ; FF ; IC   ; 1      ; LABCELL_X27_Y36_N51 ; u_dma|LessThan25~0|datad                   ;
;   8.623  ;   0.441 ; FR ; CELL ; 1      ; LABCELL_X27_Y36_N51 ; u_dma|LessThan25~0|combout                 ;
;   8.837  ;   0.214 ; RR ; IC   ; 1      ; LABCELL_X27_Y36_N45 ; u_dma|LessThan25~4|dataa                   ;
;   9.438  ;   0.601 ; RR ; CELL ; 1      ; LABCELL_X27_Y36_N45 ; u_dma|LessThan25~4|combout                 ;
;   10.622 ;   1.184 ; RR ; IC   ; 1      ; LABCELL_X35_Y38_N39 ; u_dma|LessThan25~12|datae                  ;
;   10.890 ;   0.268 ; RF ; CELL ; 1      ; LABCELL_X35_Y38_N39 ; u_dma|LessThan25~12|combout                ;
;   11.116 ;   0.226 ; FF ; IC   ; 1      ; LABCELL_X35_Y38_N54 ; u_dma|LessThan25~22|dataf                  ;
;   11.207 ;   0.091 ; FR ; CELL ; 1      ; LABCELL_X35_Y38_N54 ; u_dma|LessThan25~22|combout                ;
;   11.577 ;   0.370 ; RR ; IC   ; 1      ; LABCELL_X36_Y38_N6  ; u_dma|ok_v~5|datac                         ;
;   12.071 ;   0.494 ; RF ; CELL ; 10     ; LABCELL_X36_Y38_N6  ; u_dma|ok_v~5|combout                       ;
;   13.635 ;   1.564 ; FF ; IC   ; 1      ; LABCELL_X24_Y35_N48 ; u_dma|crc_pay_r[14]~0|dataa                ;
;   14.201 ;   0.566 ; FF ; CELL ; 49     ; LABCELL_X24_Y35_N48 ; u_dma|crc_pay_r[14]~0|combout              ;
;   15.319 ;   1.118 ; FF ; IC   ; 1      ; FF_X18_Y33_N34      ; u_dma|crc_pay_r[25]~DUPLICATE|ena          ;
;   16.041 ;   0.722 ; FF ; CELL ; 1      ; FF_X18_Y33_N34      ; zhao_cmd_dma:u_dma|crc_pay_r[25]~DUPLICATE ;
+----------+---------+----+------+--------+---------------------+--------------------------------------------+

+----------------------------------------------------------------------------------------------------------+
; Data Required Path                                                                                       ;
+----------+---------+----+------+--------+-------------------+--------------------------------------------+
; Total    ; Incr    ; RF ; Type ; Fanout ; Location          ; Element                                    ;
+----------+---------+----+------+--------+-------------------+--------------------------------------------+
; 10.000   ; 10.000  ;    ;      ;        ;                   ; latch edge time                            ;
; 15.417   ; 5.417   ;    ;      ;        ;                   ; clock path                                 ;
;   10.000 ;   0.000 ;    ;      ;        ;                   ; source latency                             ;
;   10.000 ;   0.000 ;    ;      ; 1      ; LABCELL_X1_Y36_N9 ; gpu_clk                                    ;
;   10.576 ;   0.576 ; RR ; IC   ; 1      ; CLKCTRL_G2        ; gpu_clk~CLKENA0|inclk                      ;
;   10.871 ;   0.295 ; RR ; CELL ; 9078   ; CLKCTRL_G2        ; gpu_clk~CLKENA0|outclk                     ;
;   12.743 ;   1.872 ; RR ; IC   ; 1      ; FF_X18_Y33_N34    ; u_dma|crc_pay_r[25]~DUPLICATE|clk          ;
;   13.233 ;   0.490 ; RR ; CELL ; 1      ; FF_X18_Y33_N34    ; zhao_cmd_dma:u_dma|crc_pay_r[25]~DUPLICATE ;
;   15.417 ;   2.184 ;    ;      ;        ;                   ; clock pessimism removed                    ;
; 15.357   ; -0.060  ;    ;      ;        ;                   ; clock uncertainty                          ;
; 15.357   ; 0.000   ;    ; uTsu ; 1      ; FF_X18_Y33_N34    ; zhao_cmd_dma:u_dma|crc_pay_r[25]~DUPLICATE ;
+----------+---------+----+------+--------+-------------------+--------------------------------------------+

----------------------------
; Extra Fitter Information ;
----------------------------
HTML report is unavailable in plain text report export.


Path #19: Setup slack is -0.683 (VIOLATED)
===============================================================================
+--------------------------------------------------------+
; Path Summary                                           ;
+--------------------+-----------------------------------+
; Property           ; Value                             ;
+--------------------+-----------------------------------+
; From Node          ; zhao_cmd_dma:u_dma|hdr_win[28][5] ;
; To Node            ; zhao_cmd_dma:u_dma|crc_pay_r[31]  ;
; Launch Clock       ; gpu_clk                           ;
; Latch Clock        ; gpu_clk                           ;
; Data Arrival Time  ; 16.042                            ;
; Data Required Time ; 15.359                            ;
; Slack              ; -0.683 (VIOLATED)                 ;
+--------------------+-----------------------------------+

+------------------------------------------------------------------------------------+
; Statistics                                                                         ;
+------------------------+--------+-------+-------------+------------+-------+-------+
; Property               ; Value  ; Count ; Total Delay ; % of Total ; Min   ; Max   ;
+------------------------+--------+-------+-------------+------------+-------+-------+
; Setup Relationship     ; 10.000 ;       ;             ;            ;       ;       ;
; Clock Skew             ; -0.699 ;       ;             ;            ;       ;       ;
; Data Delay             ; 9.924  ;       ;             ;            ;       ;       ;
; Number of Logic Levels ;        ; 6     ;             ;            ;       ;       ;
; Physical Delays        ;        ;       ;             ;            ;       ;       ;
;  Arrival Path          ;        ;       ;             ;            ;       ;       ;
;   Clock                ;        ;       ;             ;            ;       ;       ;
;    IC                  ;        ; 2     ; 5.207       ; 85         ; 2.473 ; 2.734 ;
;    Cell                ;        ; 2     ; 0.911       ; 15         ; 0.321 ; 0.590 ;
;   Data                 ;        ;       ;             ;            ;       ;       ;
;    IC                  ;        ; 7     ; 6.740       ; 68         ; 0.214 ; 2.064 ;
;    Cell                ;        ; 8     ; 3.184       ; 32         ; 0.000 ; 0.723 ;
;    uTco                ;        ; 1     ; 0.000       ; 0          ; 0.000 ; 0.000 ;
;  Required Path         ;        ;       ;             ;            ;       ;       ;
;   Clock                ;        ;       ;             ;            ;       ;       ;
;    IC                  ;        ; 2     ; 2.448       ; 76         ; 0.576 ; 1.872 ;
;    Cell                ;        ; 2     ; 0.787       ; 24         ; 0.295 ; 0.492 ;
+------------------------+--------+-------+-------------+------------+-------+-------+
Note: Negative delays are omitted from totals when calculating percentages

+---------------------------------------------------------------------------------------------------+
; Data Arrival Path                                                                                 ;
+----------+---------+----+------+--------+---------------------+-----------------------------------+
; Total    ; Incr    ; RF ; Type ; Fanout ; Location            ; Element                           ;
+----------+---------+----+------+--------+---------------------+-----------------------------------+
; 0.000    ; 0.000   ;    ;      ;        ;                     ; launch edge time                  ;
; 6.118    ; 6.118   ;    ;      ;        ;                     ; clock path                        ;
;   0.000  ;   0.000 ;    ;      ;        ;                     ; source latency                    ;
;   0.000  ;   0.000 ;    ;      ; 1      ; LABCELL_X1_Y36_N9   ; gpu_clk                           ;
;   2.734  ;   2.734 ; RR ; IC   ; 1      ; CLKCTRL_G2          ; gpu_clk~CLKENA0|inclk             ;
;   3.055  ;   0.321 ; RR ; CELL ; 9078   ; CLKCTRL_G2          ; gpu_clk~CLKENA0|outclk            ;
;   5.528  ;   2.473 ; RR ; IC   ; 1      ; FF_X39_Y39_N35      ; u_dma|hdr_win[28][5]|clk          ;
;   6.118  ;   0.590 ; RR ; CELL ; 1      ; FF_X39_Y39_N35      ; zhao_cmd_dma:u_dma|hdr_win[28][5] ;
; 16.042   ; 9.924   ;    ;      ;        ;                     ; data path                         ;
;   6.118  ;   0.000 ;    ; uTco ; 1      ; FF_X39_Y39_N35      ; zhao_cmd_dma:u_dma|hdr_win[28][5] ;
;   6.118  ;   0.000 ; FF ; CELL ; 4      ; FF_X39_Y39_N35      ; u_dma|hdr_win[28][5]|q            ;
;   8.182  ;   2.064 ; FF ; IC   ; 1      ; LABCELL_X27_Y36_N51 ; u_dma|LessThan25~0|datad          ;
;   8.623  ;   0.441 ; FR ; CELL ; 1      ; LABCELL_X27_Y36_N51 ; u_dma|LessThan25~0|combout        ;
;   8.837  ;   0.214 ; RR ; IC   ; 1      ; LABCELL_X27_Y36_N45 ; u_dma|LessThan25~4|dataa          ;
;   9.438  ;   0.601 ; RR ; CELL ; 1      ; LABCELL_X27_Y36_N45 ; u_dma|LessThan25~4|combout        ;
;   10.622 ;   1.184 ; RR ; IC   ; 1      ; LABCELL_X35_Y38_N39 ; u_dma|LessThan25~12|datae         ;
;   10.890 ;   0.268 ; RF ; CELL ; 1      ; LABCELL_X35_Y38_N39 ; u_dma|LessThan25~12|combout       ;
;   11.116 ;   0.226 ; FF ; IC   ; 1      ; LABCELL_X35_Y38_N54 ; u_dma|LessThan25~22|dataf         ;
;   11.207 ;   0.091 ; FR ; CELL ; 1      ; LABCELL_X35_Y38_N54 ; u_dma|LessThan25~22|combout       ;
;   11.577 ;   0.370 ; RR ; IC   ; 1      ; LABCELL_X36_Y38_N6  ; u_dma|ok_v~5|datac                ;
;   12.071 ;   0.494 ; RF ; CELL ; 10     ; LABCELL_X36_Y38_N6  ; u_dma|ok_v~5|combout              ;
;   13.635 ;   1.564 ; FF ; IC   ; 1      ; LABCELL_X24_Y35_N48 ; u_dma|crc_pay_r[14]~0|dataa       ;
;   14.201 ;   0.566 ; FF ; CELL ; 49     ; LABCELL_X24_Y35_N48 ; u_dma|crc_pay_r[14]~0|combout     ;
;   15.319 ;   1.118 ; FF ; IC   ; 1      ; FF_X18_Y33_N32      ; u_dma|crc_pay_r[31]|ena           ;
;   16.042 ;   0.723 ; FF ; CELL ; 1      ; FF_X18_Y33_N32      ; zhao_cmd_dma:u_dma|crc_pay_r[31]  ;
+----------+---------+----+------+--------+---------------------+-----------------------------------+

+------------------------------------------------------------------------------------------------+
; Data Required Path                                                                             ;
+----------+---------+----+------+--------+-------------------+----------------------------------+
; Total    ; Incr    ; RF ; Type ; Fanout ; Location          ; Element                          ;
+----------+---------+----+------+--------+-------------------+----------------------------------+
; 10.000   ; 10.000  ;    ;      ;        ;                   ; latch edge time                  ;
; 15.419   ; 5.419   ;    ;      ;        ;                   ; clock path                       ;
;   10.000 ;   0.000 ;    ;      ;        ;                   ; source latency                   ;
;   10.000 ;   0.000 ;    ;      ; 1      ; LABCELL_X1_Y36_N9 ; gpu_clk                          ;
;   10.576 ;   0.576 ; RR ; IC   ; 1      ; CLKCTRL_G2        ; gpu_clk~CLKENA0|inclk            ;
;   10.871 ;   0.295 ; RR ; CELL ; 9078   ; CLKCTRL_G2        ; gpu_clk~CLKENA0|outclk           ;
;   12.743 ;   1.872 ; RR ; IC   ; 1      ; FF_X18_Y33_N32    ; u_dma|crc_pay_r[31]|clk          ;
;   13.235 ;   0.492 ; RR ; CELL ; 1      ; FF_X18_Y33_N32    ; zhao_cmd_dma:u_dma|crc_pay_r[31] ;
;   15.419 ;   2.184 ;    ;      ;        ;                   ; clock pessimism removed          ;
; 15.359   ; -0.060  ;    ;      ;        ;                   ; clock uncertainty                ;
; 15.359   ; 0.000   ;    ; uTsu ; 1      ; FF_X18_Y33_N32    ; zhao_cmd_dma:u_dma|crc_pay_r[31] ;
+----------+---------+----+------+--------+-------------------+----------------------------------+

----------------------------
; Extra Fitter Information ;
----------------------------
HTML report is unavailable in plain text report export.


Path #20: Setup slack is -0.683 (VIOLATED)
===============================================================================
+--------------------------------------------------------+
; Path Summary                                           ;
+--------------------+-----------------------------------+
; Property           ; Value                             ;
+--------------------+-----------------------------------+
; From Node          ; zhao_cmd_dma:u_dma|hdr_win[28][5] ;
; To Node            ; zhao_cmd_dma:u_dma|crc_pay_r[17]  ;
; Launch Clock       ; gpu_clk                           ;
; Latch Clock        ; gpu_clk                           ;
; Data Arrival Time  ; 16.042                            ;
; Data Required Time ; 15.359                            ;
; Slack              ; -0.683 (VIOLATED)                 ;
+--------------------+-----------------------------------+

+------------------------------------------------------------------------------------+
; Statistics                                                                         ;
+------------------------+--------+-------+-------------+------------+-------+-------+
; Property               ; Value  ; Count ; Total Delay ; % of Total ; Min   ; Max   ;
+------------------------+--------+-------+-------------+------------+-------+-------+
; Setup Relationship     ; 10.000 ;       ;             ;            ;       ;       ;
; Clock Skew             ; -0.699 ;       ;             ;            ;       ;       ;
; Data Delay             ; 9.924  ;       ;             ;            ;       ;       ;
; Number of Logic Levels ;        ; 6     ;             ;            ;       ;       ;
; Physical Delays        ;        ;       ;             ;            ;       ;       ;
;  Arrival Path          ;        ;       ;             ;            ;       ;       ;
;   Clock                ;        ;       ;             ;            ;       ;       ;
;    IC                  ;        ; 2     ; 5.207       ; 85         ; 2.473 ; 2.734 ;
;    Cell                ;        ; 2     ; 0.911       ; 15         ; 0.321 ; 0.590 ;
;   Data                 ;        ;       ;             ;            ;       ;       ;
;    IC                  ;        ; 7     ; 6.740       ; 68         ; 0.214 ; 2.064 ;
;    Cell                ;        ; 8     ; 3.184       ; 32         ; 0.000 ; 0.723 ;
;    uTco                ;        ; 1     ; 0.000       ; 0          ; 0.000 ; 0.000 ;
;  Required Path         ;        ;       ;             ;            ;       ;       ;
;   Clock                ;        ;       ;             ;            ;       ;       ;
;    IC                  ;        ; 2     ; 2.448       ; 76         ; 0.576 ; 1.872 ;
;    Cell                ;        ; 2     ; 0.787       ; 24         ; 0.295 ; 0.492 ;
+------------------------+--------+-------+-------------+------------+-------+-------+
Note: Negative delays are omitted from totals when calculating percentages

+---------------------------------------------------------------------------------------------------+
; Data Arrival Path                                                                                 ;
+----------+---------+----+------+--------+---------------------+-----------------------------------+
; Total    ; Incr    ; RF ; Type ; Fanout ; Location            ; Element                           ;
+----------+---------+----+------+--------+---------------------+-----------------------------------+
; 0.000    ; 0.000   ;    ;      ;        ;                     ; launch edge time                  ;
; 6.118    ; 6.118   ;    ;      ;        ;                     ; clock path                        ;
;   0.000  ;   0.000 ;    ;      ;        ;                     ; source latency                    ;
;   0.000  ;   0.000 ;    ;      ; 1      ; LABCELL_X1_Y36_N9   ; gpu_clk                           ;
;   2.734  ;   2.734 ; RR ; IC   ; 1      ; CLKCTRL_G2          ; gpu_clk~CLKENA0|inclk             ;
;   3.055  ;   0.321 ; RR ; CELL ; 9078   ; CLKCTRL_G2          ; gpu_clk~CLKENA0|outclk            ;
;   5.528  ;   2.473 ; RR ; IC   ; 1      ; FF_X39_Y39_N35      ; u_dma|hdr_win[28][5]|clk          ;
;   6.118  ;   0.590 ; RR ; CELL ; 1      ; FF_X39_Y39_N35      ; zhao_cmd_dma:u_dma|hdr_win[28][5] ;
; 16.042   ; 9.924   ;    ;      ;        ;                     ; data path                         ;
;   6.118  ;   0.000 ;    ; uTco ; 1      ; FF_X39_Y39_N35      ; zhao_cmd_dma:u_dma|hdr_win[28][5] ;
;   6.118  ;   0.000 ; FF ; CELL ; 4      ; FF_X39_Y39_N35      ; u_dma|hdr_win[28][5]|q            ;
;   8.182  ;   2.064 ; FF ; IC   ; 1      ; LABCELL_X27_Y36_N51 ; u_dma|LessThan25~0|datad          ;
;   8.623  ;   0.441 ; FR ; CELL ; 1      ; LABCELL_X27_Y36_N51 ; u_dma|LessThan25~0|combout        ;
;   8.837  ;   0.214 ; RR ; IC   ; 1      ; LABCELL_X27_Y36_N45 ; u_dma|LessThan25~4|dataa          ;
;   9.438  ;   0.601 ; RR ; CELL ; 1      ; LABCELL_X27_Y36_N45 ; u_dma|LessThan25~4|combout        ;
;   10.622 ;   1.184 ; RR ; IC   ; 1      ; LABCELL_X35_Y38_N39 ; u_dma|LessThan25~12|datae         ;
;   10.890 ;   0.268 ; RF ; CELL ; 1      ; LABCELL_X35_Y38_N39 ; u_dma|LessThan25~12|combout       ;
;   11.116 ;   0.226 ; FF ; IC   ; 1      ; LABCELL_X35_Y38_N54 ; u_dma|LessThan25~22|dataf         ;
;   11.207 ;   0.091 ; FR ; CELL ; 1      ; LABCELL_X35_Y38_N54 ; u_dma|LessThan25~22|combout       ;
;   11.577 ;   0.370 ; RR ; IC   ; 1      ; LABCELL_X36_Y38_N6  ; u_dma|ok_v~5|datac                ;
;   12.071 ;   0.494 ; RF ; CELL ; 10     ; LABCELL_X36_Y38_N6  ; u_dma|ok_v~5|combout              ;
;   13.635 ;   1.564 ; FF ; IC   ; 1      ; LABCELL_X24_Y35_N48 ; u_dma|crc_pay_r[14]~0|dataa       ;
;   14.201 ;   0.566 ; FF ; CELL ; 49     ; LABCELL_X24_Y35_N48 ; u_dma|crc_pay_r[14]~0|combout     ;
;   15.319 ;   1.118 ; FF ; IC   ; 1      ; FF_X18_Y33_N2       ; u_dma|crc_pay_r[17]|ena           ;
;   16.042 ;   0.723 ; FF ; CELL ; 1      ; FF_X18_Y33_N2       ; zhao_cmd_dma:u_dma|crc_pay_r[17]  ;
+----------+---------+----+------+--------+---------------------+-----------------------------------+

+------------------------------------------------------------------------------------------------+
; Data Required Path                                                                             ;
+----------+---------+----+------+--------+-------------------+----------------------------------+
; Total    ; Incr    ; RF ; Type ; Fanout ; Location          ; Element                          ;
+----------+---------+----+------+--------+-------------------+----------------------------------+
; 10.000   ; 10.000  ;    ;      ;        ;                   ; latch edge time                  ;
; 15.419   ; 5.419   ;    ;      ;        ;                   ; clock path                       ;
;   10.000 ;   0.000 ;    ;      ;        ;                   ; source latency                   ;
;   10.000 ;   0.000 ;    ;      ; 1      ; LABCELL_X1_Y36_N9 ; gpu_clk                          ;
;   10.576 ;   0.576 ; RR ; IC   ; 1      ; CLKCTRL_G2        ; gpu_clk~CLKENA0|inclk            ;
;   10.871 ;   0.295 ; RR ; CELL ; 9078   ; CLKCTRL_G2        ; gpu_clk~CLKENA0|outclk           ;
;   12.743 ;   1.872 ; RR ; IC   ; 1      ; FF_X18_Y33_N2     ; u_dma|crc_pay_r[17]|clk          ;
;   13.235 ;   0.492 ; RR ; CELL ; 1      ; FF_X18_Y33_N2     ; zhao_cmd_dma:u_dma|crc_pay_r[17] ;
;   15.419 ;   2.184 ;    ;      ;        ;                   ; clock pessimism removed          ;
; 15.359   ; -0.060  ;    ;      ;        ;                   ; clock uncertainty                ;
; 15.359   ; 0.000   ;    ; uTsu ; 1      ; FF_X18_Y33_N2     ; zhao_cmd_dma:u_dma|crc_pay_r[17] ;
+----------+---------+----+------+--------+-------------------+----------------------------------+

----------------------------
; Extra Fitter Information ;
----------------------------
HTML report is unavailable in plain text report export.


Path #21: Setup slack is -0.683 (VIOLATED)
===============================================================================
+-----------------------------------------------------------------+
; Path Summary                                                    ;
+--------------------+--------------------------------------------+
; Property           ; Value                                      ;
+--------------------+--------------------------------------------+
; From Node          ; zhao_cmd_dma:u_dma|hdr_win[28][5]          ;
; To Node            ; zhao_cmd_dma:u_dma|crc_pay_r[17]~DUPLICATE ;
; Launch Clock       ; gpu_clk                                    ;
; Latch Clock        ; gpu_clk                                    ;
; Data Arrival Time  ; 16.045                                     ;
; Data Required Time ; 15.362                                     ;
; Slack              ; -0.683 (VIOLATED)                          ;
+--------------------+--------------------------------------------+

+------------------------------------------------------------------------------------+
; Statistics                                                                         ;
+------------------------+--------+-------+-------------+------------+-------+-------+
; Property               ; Value  ; Count ; Total Delay ; % of Total ; Min   ; Max   ;
+------------------------+--------+-------+-------------+------------+-------+-------+
; Setup Relationship     ; 10.000 ;       ;             ;            ;       ;       ;
; Clock Skew             ; -0.696 ;       ;             ;            ;       ;       ;
; Data Delay             ; 9.927  ;       ;             ;            ;       ;       ;
; Number of Logic Levels ;        ; 6     ;             ;            ;       ;       ;
; Physical Delays        ;        ;       ;             ;            ;       ;       ;
;  Arrival Path          ;        ;       ;             ;            ;       ;       ;
;   Clock                ;        ;       ;             ;            ;       ;       ;
;    IC                  ;        ; 2     ; 5.207       ; 85         ; 2.473 ; 2.734 ;
;    Cell                ;        ; 2     ; 0.911       ; 15         ; 0.321 ; 0.590 ;
;   Data                 ;        ;       ;             ;            ;       ;       ;
;    IC                  ;        ; 7     ; 6.740       ; 68         ; 0.214 ; 2.064 ;
;    Cell                ;        ; 8     ; 3.187       ; 32         ; 0.000 ; 0.726 ;
;    uTco                ;        ; 1     ; 0.000       ; 0          ; 0.000 ; 0.000 ;
;  Required Path         ;        ;       ;             ;            ;       ;       ;
;   Clock                ;        ;       ;             ;            ;       ;       ;
;    IC                  ;        ; 2     ; 2.448       ; 76         ; 0.576 ; 1.872 ;
;    Cell                ;        ; 2     ; 0.790       ; 24         ; 0.295 ; 0.495 ;
+------------------------+--------+-------+-------------+------------+-------+-------+
Note: Negative delays are omitted from totals when calculating percentages

+------------------------------------------------------------------------------------------------------------+
; Data Arrival Path                                                                                          ;
+----------+---------+----+------+--------+---------------------+--------------------------------------------+
; Total    ; Incr    ; RF ; Type ; Fanout ; Location            ; Element                                    ;
+----------+---------+----+------+--------+---------------------+--------------------------------------------+
; 0.000    ; 0.000   ;    ;      ;        ;                     ; launch edge time                           ;
; 6.118    ; 6.118   ;    ;      ;        ;                     ; clock path                                 ;
;   0.000  ;   0.000 ;    ;      ;        ;                     ; source latency                             ;
;   0.000  ;   0.000 ;    ;      ; 1      ; LABCELL_X1_Y36_N9   ; gpu_clk                                    ;
;   2.734  ;   2.734 ; RR ; IC   ; 1      ; CLKCTRL_G2          ; gpu_clk~CLKENA0|inclk                      ;
;   3.055  ;   0.321 ; RR ; CELL ; 9078   ; CLKCTRL_G2          ; gpu_clk~CLKENA0|outclk                     ;
;   5.528  ;   2.473 ; RR ; IC   ; 1      ; FF_X39_Y39_N35      ; u_dma|hdr_win[28][5]|clk                   ;
;   6.118  ;   0.590 ; RR ; CELL ; 1      ; FF_X39_Y39_N35      ; zhao_cmd_dma:u_dma|hdr_win[28][5]          ;
; 16.045   ; 9.927   ;    ;      ;        ;                     ; data path                                  ;
;   6.118  ;   0.000 ;    ; uTco ; 1      ; FF_X39_Y39_N35      ; zhao_cmd_dma:u_dma|hdr_win[28][5]          ;
;   6.118  ;   0.000 ; FF ; CELL ; 4      ; FF_X39_Y39_N35      ; u_dma|hdr_win[28][5]|q                     ;
;   8.182  ;   2.064 ; FF ; IC   ; 1      ; LABCELL_X27_Y36_N51 ; u_dma|LessThan25~0|datad                   ;
;   8.623  ;   0.441 ; FR ; CELL ; 1      ; LABCELL_X27_Y36_N51 ; u_dma|LessThan25~0|combout                 ;
;   8.837  ;   0.214 ; RR ; IC   ; 1      ; LABCELL_X27_Y36_N45 ; u_dma|LessThan25~4|dataa                   ;
;   9.438  ;   0.601 ; RR ; CELL ; 1      ; LABCELL_X27_Y36_N45 ; u_dma|LessThan25~4|combout                 ;
;   10.622 ;   1.184 ; RR ; IC   ; 1      ; LABCELL_X35_Y38_N39 ; u_dma|LessThan25~12|datae                  ;
;   10.890 ;   0.268 ; RF ; CELL ; 1      ; LABCELL_X35_Y38_N39 ; u_dma|LessThan25~12|combout                ;
;   11.116 ;   0.226 ; FF ; IC   ; 1      ; LABCELL_X35_Y38_N54 ; u_dma|LessThan25~22|dataf                  ;
;   11.207 ;   0.091 ; FR ; CELL ; 1      ; LABCELL_X35_Y38_N54 ; u_dma|LessThan25~22|combout                ;
;   11.577 ;   0.370 ; RR ; IC   ; 1      ; LABCELL_X36_Y38_N6  ; u_dma|ok_v~5|datac                         ;
;   12.071 ;   0.494 ; RF ; CELL ; 10     ; LABCELL_X36_Y38_N6  ; u_dma|ok_v~5|combout                       ;
;   13.635 ;   1.564 ; FF ; IC   ; 1      ; LABCELL_X24_Y35_N48 ; u_dma|crc_pay_r[14]~0|dataa                ;
;   14.201 ;   0.566 ; FF ; CELL ; 49     ; LABCELL_X24_Y35_N48 ; u_dma|crc_pay_r[14]~0|combout              ;
;   15.319 ;   1.118 ; FF ; IC   ; 1      ; FF_X18_Y33_N1       ; u_dma|crc_pay_r[17]~DUPLICATE|ena          ;
;   16.045 ;   0.726 ; FF ; CELL ; 1      ; FF_X18_Y33_N1       ; zhao_cmd_dma:u_dma|crc_pay_r[17]~DUPLICATE ;
+----------+---------+----+------+--------+---------------------+--------------------------------------------+

+----------------------------------------------------------------------------------------------------------+
; Data Required Path                                                                                       ;
+----------+---------+----+------+--------+-------------------+--------------------------------------------+
; Total    ; Incr    ; RF ; Type ; Fanout ; Location          ; Element                                    ;
+----------+---------+----+------+--------+-------------------+--------------------------------------------+
; 10.000   ; 10.000  ;    ;      ;        ;                   ; latch edge time                            ;
; 15.422   ; 5.422   ;    ;      ;        ;                   ; clock path                                 ;
;   10.000 ;   0.000 ;    ;      ;        ;                   ; source latency                             ;
;   10.000 ;   0.000 ;    ;      ; 1      ; LABCELL_X1_Y36_N9 ; gpu_clk                                    ;
;   10.576 ;   0.576 ; RR ; IC   ; 1      ; CLKCTRL_G2        ; gpu_clk~CLKENA0|inclk                      ;
;   10.871 ;   0.295 ; RR ; CELL ; 9078   ; CLKCTRL_G2        ; gpu_clk~CLKENA0|outclk                     ;
;   12.743 ;   1.872 ; RR ; IC   ; 1      ; FF_X18_Y33_N1     ; u_dma|crc_pay_r[17]~DUPLICATE|clk          ;
;   13.238 ;   0.495 ; RR ; CELL ; 1      ; FF_X18_Y33_N1     ; zhao_cmd_dma:u_dma|crc_pay_r[17]~DUPLICATE ;
;   15.422 ;   2.184 ;    ;      ;        ;                   ; clock pessimism removed                    ;
; 15.362   ; -0.060  ;    ;      ;        ;                   ; clock uncertainty                          ;
; 15.362   ; 0.000   ;    ; uTsu ; 1      ; FF_X18_Y33_N1     ; zhao_cmd_dma:u_dma|crc_pay_r[17]~DUPLICATE ;
+----------+---------+----+------+--------+-------------------+--------------------------------------------+

----------------------------
; Extra Fitter Information ;
----------------------------
HTML report is unavailable in plain text report export.


Path #22: Setup slack is -0.683 (VIOLATED)
===============================================================================
+-----------------------------------------------------------------+
; Path Summary                                                    ;
+--------------------+--------------------------------------------+
; Property           ; Value                                      ;
+--------------------+--------------------------------------------+
; From Node          ; zhao_cmd_dma:u_dma|hdr_win[28][5]          ;
; To Node            ; zhao_cmd_dma:u_dma|crc_pay_r[31]~DUPLICATE ;
; Launch Clock       ; gpu_clk                                    ;
; Latch Clock        ; gpu_clk                                    ;
; Data Arrival Time  ; 16.045                                     ;
; Data Required Time ; 15.362                                     ;
; Slack              ; -0.683 (VIOLATED)                          ;
+--------------------+--------------------------------------------+

+------------------------------------------------------------------------------------+
; Statistics                                                                         ;
+------------------------+--------+-------+-------------+------------+-------+-------+
; Property               ; Value  ; Count ; Total Delay ; % of Total ; Min   ; Max   ;
+------------------------+--------+-------+-------------+------------+-------+-------+
; Setup Relationship     ; 10.000 ;       ;             ;            ;       ;       ;
; Clock Skew             ; -0.696 ;       ;             ;            ;       ;       ;
; Data Delay             ; 9.927  ;       ;             ;            ;       ;       ;
; Number of Logic Levels ;        ; 6     ;             ;            ;       ;       ;
; Physical Delays        ;        ;       ;             ;            ;       ;       ;
;  Arrival Path          ;        ;       ;             ;            ;       ;       ;
;   Clock                ;        ;       ;             ;            ;       ;       ;
;    IC                  ;        ; 2     ; 5.207       ; 85         ; 2.473 ; 2.734 ;
;    Cell                ;        ; 2     ; 0.911       ; 15         ; 0.321 ; 0.590 ;
;   Data                 ;        ;       ;             ;            ;       ;       ;
;    IC                  ;        ; 7     ; 6.740       ; 68         ; 0.214 ; 2.064 ;
;    Cell                ;        ; 8     ; 3.187       ; 32         ; 0.000 ; 0.726 ;
;    uTco                ;        ; 1     ; 0.000       ; 0          ; 0.000 ; 0.000 ;
;  Required Path         ;        ;       ;             ;            ;       ;       ;
;   Clock                ;        ;       ;             ;            ;       ;       ;
;    IC                  ;        ; 2     ; 2.448       ; 76         ; 0.576 ; 1.872 ;
;    Cell                ;        ; 2     ; 0.790       ; 24         ; 0.295 ; 0.495 ;
+------------------------+--------+-------+-------------+------------+-------+-------+
Note: Negative delays are omitted from totals when calculating percentages

+------------------------------------------------------------------------------------------------------------+
; Data Arrival Path                                                                                          ;
+----------+---------+----+------+--------+---------------------+--------------------------------------------+
; Total    ; Incr    ; RF ; Type ; Fanout ; Location            ; Element                                    ;
+----------+---------+----+------+--------+---------------------+--------------------------------------------+
; 0.000    ; 0.000   ;    ;      ;        ;                     ; launch edge time                           ;
; 6.118    ; 6.118   ;    ;      ;        ;                     ; clock path                                 ;
;   0.000  ;   0.000 ;    ;      ;        ;                     ; source latency                             ;
;   0.000  ;   0.000 ;    ;      ; 1      ; LABCELL_X1_Y36_N9   ; gpu_clk                                    ;
;   2.734  ;   2.734 ; RR ; IC   ; 1      ; CLKCTRL_G2          ; gpu_clk~CLKENA0|inclk                      ;
;   3.055  ;   0.321 ; RR ; CELL ; 9078   ; CLKCTRL_G2          ; gpu_clk~CLKENA0|outclk                     ;
;   5.528  ;   2.473 ; RR ; IC   ; 1      ; FF_X39_Y39_N35      ; u_dma|hdr_win[28][5]|clk                   ;
;   6.118  ;   0.590 ; RR ; CELL ; 1      ; FF_X39_Y39_N35      ; zhao_cmd_dma:u_dma|hdr_win[28][5]          ;
; 16.045   ; 9.927   ;    ;      ;        ;                     ; data path                                  ;
;   6.118  ;   0.000 ;    ; uTco ; 1      ; FF_X39_Y39_N35      ; zhao_cmd_dma:u_dma|hdr_win[28][5]          ;
;   6.118  ;   0.000 ; FF ; CELL ; 4      ; FF_X39_Y39_N35      ; u_dma|hdr_win[28][5]|q                     ;
;   8.182  ;   2.064 ; FF ; IC   ; 1      ; LABCELL_X27_Y36_N51 ; u_dma|LessThan25~0|datad                   ;
;   8.623  ;   0.441 ; FR ; CELL ; 1      ; LABCELL_X27_Y36_N51 ; u_dma|LessThan25~0|combout                 ;
;   8.837  ;   0.214 ; RR ; IC   ; 1      ; LABCELL_X27_Y36_N45 ; u_dma|LessThan25~4|dataa                   ;
;   9.438  ;   0.601 ; RR ; CELL ; 1      ; LABCELL_X27_Y36_N45 ; u_dma|LessThan25~4|combout                 ;
;   10.622 ;   1.184 ; RR ; IC   ; 1      ; LABCELL_X35_Y38_N39 ; u_dma|LessThan25~12|datae                  ;
;   10.890 ;   0.268 ; RF ; CELL ; 1      ; LABCELL_X35_Y38_N39 ; u_dma|LessThan25~12|combout                ;
;   11.116 ;   0.226 ; FF ; IC   ; 1      ; LABCELL_X35_Y38_N54 ; u_dma|LessThan25~22|dataf                  ;
;   11.207 ;   0.091 ; FR ; CELL ; 1      ; LABCELL_X35_Y38_N54 ; u_dma|LessThan25~22|combout                ;
;   11.577 ;   0.370 ; RR ; IC   ; 1      ; LABCELL_X36_Y38_N6  ; u_dma|ok_v~5|datac                         ;
;   12.071 ;   0.494 ; RF ; CELL ; 10     ; LABCELL_X36_Y38_N6  ; u_dma|ok_v~5|combout                       ;
;   13.635 ;   1.564 ; FF ; IC   ; 1      ; LABCELL_X24_Y35_N48 ; u_dma|crc_pay_r[14]~0|dataa                ;
;   14.201 ;   0.566 ; FF ; CELL ; 49     ; LABCELL_X24_Y35_N48 ; u_dma|crc_pay_r[14]~0|combout              ;
;   15.319 ;   1.118 ; FF ; IC   ; 1      ; FF_X18_Y33_N31      ; u_dma|crc_pay_r[31]~DUPLICATE|ena          ;
;   16.045 ;   0.726 ; FF ; CELL ; 1      ; FF_X18_Y33_N31      ; zhao_cmd_dma:u_dma|crc_pay_r[31]~DUPLICATE ;
+----------+---------+----+------+--------+---------------------+--------------------------------------------+

+----------------------------------------------------------------------------------------------------------+
; Data Required Path                                                                                       ;
+----------+---------+----+------+--------+-------------------+--------------------------------------------+
; Total    ; Incr    ; RF ; Type ; Fanout ; Location          ; Element                                    ;
+----------+---------+----+------+--------+-------------------+--------------------------------------------+
; 10.000   ; 10.000  ;    ;      ;        ;                   ; latch edge time                            ;
; 15.422   ; 5.422   ;    ;      ;        ;                   ; clock path                                 ;
;   10.000 ;   0.000 ;    ;      ;        ;                   ; source latency                             ;
;   10.000 ;   0.000 ;    ;      ; 1      ; LABCELL_X1_Y36_N9 ; gpu_clk                                    ;
;   10.576 ;   0.576 ; RR ; IC   ; 1      ; CLKCTRL_G2        ; gpu_clk~CLKENA0|inclk                      ;
;   10.871 ;   0.295 ; RR ; CELL ; 9078   ; CLKCTRL_G2        ; gpu_clk~CLKENA0|outclk                     ;
;   12.743 ;   1.872 ; RR ; IC   ; 1      ; FF_X18_Y33_N31    ; u_dma|crc_pay_r[31]~DUPLICATE|clk          ;
;   13.238 ;   0.495 ; RR ; CELL ; 1      ; FF_X18_Y33_N31    ; zhao_cmd_dma:u_dma|crc_pay_r[31]~DUPLICATE ;
;   15.422 ;   2.184 ;    ;      ;        ;                   ; clock pessimism removed                    ;
; 15.362   ; -0.060  ;    ;      ;        ;                   ; clock uncertainty                          ;
; 15.362   ; 0.000   ;    ; uTsu ; 1      ; FF_X18_Y33_N31    ; zhao_cmd_dma:u_dma|crc_pay_r[31]~DUPLICATE ;
+----------+---------+----+------+--------+-------------------+--------------------------------------------+

----------------------------
; Extra Fitter Information ;
----------------------------
HTML report is unavailable in plain text report export.


Path #23: Setup slack is -0.679 (VIOLATED)
===============================================================================
+----------------------------------------+
; Path Summary                           ;
+--------------------+-------------------+
; Property           ; Value             ;
+--------------------+-------------------+
; From Node          ; f_pos[1]          ;
; To Node            ; recq[2][75]       ;
; Launch Clock       ; gpu_clk           ;
; Latch Clock        ; gpu_clk           ;
; Data Arrival Time  ; 16.531            ;
; Data Required Time ; 15.852            ;
; Slack              ; -0.679 (VIOLATED) ;
+--------------------+-------------------+

+------------------------------------------------------------------------------------+
; Statistics                                                                         ;
+------------------------+--------+-------+-------------+------------+-------+-------+
; Property               ; Value  ; Count ; Total Delay ; % of Total ; Min   ; Max   ;
+------------------------+--------+-------+-------------+------------+-------+-------+
; Setup Relationship     ; 10.000 ;       ;             ;            ;       ;       ;
; Clock Skew             ; -0.163 ;       ;             ;            ;       ;       ;
; Data Delay             ; 10.456 ;       ;             ;            ;       ;       ;
; Number of Logic Levels ;        ; 7     ;             ;            ;       ;       ;
; Physical Delays        ;        ;       ;             ;            ;       ;       ;
;  Arrival Path          ;        ;       ;             ;            ;       ;       ;
;   Clock                ;        ;       ;             ;            ;       ;       ;
;    IC                  ;        ; 2     ; 5.184       ; 85         ; 2.450 ; 2.734 ;
;    Cell                ;        ; 2     ; 0.891       ; 15         ; 0.321 ; 0.570 ;
;   Data                 ;        ;       ;             ;            ;       ;       ;
;    IC                  ;        ; 8     ; 6.431       ; 62         ; 0.218 ; 1.613 ;
;    Cell                ;        ; 9     ; 4.025       ; 38         ; 0.000 ; 0.705 ;
;    uTco                ;        ; 1     ; 0.000       ; 0          ; 0.000 ; 0.000 ;
;  Required Path         ;        ;       ;             ;            ;       ;       ;
;   Clock                ;        ;       ;             ;            ;       ;       ;
;    IC                  ;        ; 2     ; 2.537       ; 76         ; 0.576 ; 1.961 ;
;    Cell                ;        ; 2     ; 0.793       ; 24         ; 0.295 ; 0.498 ;
+------------------------+--------+-------+-------------+------------+-------+-------+
Note: Negative delays are omitted from totals when calculating percentages

+------------------------------------------------------------------------------------------+
; Data Arrival Path                                                                        ;
+----------+---------+----+------+--------+----------------------+-------------------------+
; Total    ; Incr    ; RF ; Type ; Fanout ; Location             ; Element                 ;
+----------+---------+----+------+--------+----------------------+-------------------------+
; 0.000    ; 0.000   ;    ;      ;        ;                      ; launch edge time        ;
; 6.075    ; 6.075   ;    ;      ;        ;                      ; clock path              ;
;   0.000  ;   0.000 ;    ;      ;        ;                      ; source latency          ;
;   0.000  ;   0.000 ;    ;      ; 1      ; LABCELL_X1_Y36_N9    ; gpu_clk                 ;
;   2.734  ;   2.734 ; RR ; IC   ; 1      ; CLKCTRL_G2           ; gpu_clk~CLKENA0|inclk   ;
;   3.055  ;   0.321 ; RR ; CELL ; 9078   ; CLKCTRL_G2           ; gpu_clk~CLKENA0|outclk  ;
;   5.505  ;   2.450 ; RR ; IC   ; 1      ; FF_X35_Y47_N5        ; f_pos[1]|clk            ;
;   6.075  ;   0.570 ; RR ; CELL ; 1      ; FF_X35_Y47_N5        ; f_pos[1]                ;
; 16.531   ; 10.456  ;    ;      ;        ;                      ; data path               ;
;   6.075  ;   0.000 ;    ; uTco ; 1      ; FF_X35_Y47_N5        ; f_pos[1]                ;
;   6.075  ;   0.000 ; RR ; CELL ; 2      ; FF_X35_Y47_N5        ; f_pos[1]|q              ;
;   7.245  ;   1.170 ; RR ; IC   ; 1      ; LABCELL_X33_Y45_N27  ; LessThan5~4|datad       ;
;   7.738  ;   0.493 ; RF ; CELL ; 1      ; LABCELL_X33_Y45_N27  ; LessThan5~4|combout     ;
;   8.344  ;   0.606 ; FF ; IC   ; 1      ; MLABCELL_X34_Y45_N0  ; LessThan5~5|dataa       ;
;   8.898  ;   0.554 ; FF ; CELL ; 2      ; MLABCELL_X34_Y45_N0  ; LessThan5~5|combout     ;
;   9.450  ;   0.552 ; FF ; IC   ; 1      ; LABCELL_X33_Y45_N54  ; LessThan5~30|dataa      ;
;   9.990  ;   0.540 ; FR ; CELL ; 1      ; LABCELL_X33_Y45_N54  ; LessThan5~30|combout    ;
;   10.560 ;   0.570 ; RR ; IC   ; 1      ; MLABCELL_X34_Y45_N42 ; LessThan5~31|datae      ;
;   10.861 ;   0.301 ; RF ; CELL ; 1      ; MLABCELL_X34_Y45_N42 ; LessThan5~31|combout    ;
;   11.079 ;   0.218 ; FF ; IC   ; 1      ; MLABCELL_X34_Y45_N54 ; LessThan5~33|datad      ;
;   11.649 ;   0.570 ; FF ; CELL ; 1      ; MLABCELL_X34_Y45_N54 ; LessThan5~33|combout    ;
;   12.398 ;   0.749 ; FF ; IC   ; 1      ; MLABCELL_X34_Y46_N0  ; in_rec_region~0|dataa   ;
;   12.960 ;   0.562 ; FF ; CELL ; 14     ; MLABCELL_X34_Y46_N0  ; in_rec_region~0|combout ;
;   13.913 ;   0.953 ; FF ; IC   ; 1      ; LABCELL_X33_Y48_N9   ; recq[2][132]~5|datae    ;
;   14.213 ;   0.300 ; FF ; CELL ; 136    ; LABCELL_X33_Y48_N9   ; recq[2][132]~5|combout  ;
;   15.826 ;   1.613 ; FF ; IC   ; 1      ; FF_X28_Y53_N55       ; recq[2][75]|ena         ;
;   16.531 ;   0.705 ; FF ; CELL ; 1      ; FF_X28_Y53_N55       ; recq[2][75]             ;
+----------+---------+----+------+--------+----------------------+-------------------------+

+---------------------------------------------------------------------------------------+
; Data Required Path                                                                    ;
+----------+---------+----+------+--------+-------------------+-------------------------+
; Total    ; Incr    ; RF ; Type ; Fanout ; Location          ; Element                 ;
+----------+---------+----+------+--------+-------------------+-------------------------+
; 10.000   ; 10.000  ;    ;      ;        ;                   ; latch edge time         ;
; 15.912   ; 5.912   ;    ;      ;        ;                   ; clock path              ;
;   10.000 ;   0.000 ;    ;      ;        ;                   ; source latency          ;
;   10.000 ;   0.000 ;    ;      ; 1      ; LABCELL_X1_Y36_N9 ; gpu_clk                 ;
;   10.576 ;   0.576 ; RR ; IC   ; 1      ; CLKCTRL_G2        ; gpu_clk~CLKENA0|inclk   ;
;   10.871 ;   0.295 ; RR ; CELL ; 9078   ; CLKCTRL_G2        ; gpu_clk~CLKENA0|outclk  ;
;   12.832 ;   1.961 ; RR ; IC   ; 1      ; FF_X28_Y53_N55    ; recq[2][75]|clk         ;
;   13.330 ;   0.498 ; RR ; CELL ; 1      ; FF_X28_Y53_N55    ; recq[2][75]             ;
;   15.912 ;   2.582 ;    ;      ;        ;                   ; clock pessimism removed ;
; 15.852   ; -0.060  ;    ;      ;        ;                   ; clock uncertainty       ;
; 15.852   ; 0.000   ;    ; uTsu ; 1      ; FF_X28_Y53_N55    ; recq[2][75]             ;
+----------+---------+----+------+--------+-------------------+-------------------------+

----------------------------
; Extra Fitter Information ;
----------------------------
HTML report is unavailable in plain text report export.


Path #24: Setup slack is -0.679 (VIOLATED)
===============================================================================
+----------------------------------------+
; Path Summary                           ;
+--------------------+-------------------+
; Property           ; Value             ;
+--------------------+-------------------+
; From Node          ; f_pos[1]          ;
; To Node            ; recq[2][8]        ;
; Launch Clock       ; gpu_clk           ;
; Latch Clock        ; gpu_clk           ;
; Data Arrival Time  ; 16.532            ;
; Data Required Time ; 15.853            ;
; Slack              ; -0.679 (VIOLATED) ;
+--------------------+-------------------+

+------------------------------------------------------------------------------------+
; Statistics                                                                         ;
+------------------------+--------+-------+-------------+------------+-------+-------+
; Property               ; Value  ; Count ; Total Delay ; % of Total ; Min   ; Max   ;
+------------------------+--------+-------+-------------+------------+-------+-------+
; Setup Relationship     ; 10.000 ;       ;             ;            ;       ;       ;
; Clock Skew             ; -0.162 ;       ;             ;            ;       ;       ;
; Data Delay             ; 10.457 ;       ;             ;            ;       ;       ;
; Number of Logic Levels ;        ; 7     ;             ;            ;       ;       ;
; Physical Delays        ;        ;       ;             ;            ;       ;       ;
;  Arrival Path          ;        ;       ;             ;            ;       ;       ;
;   Clock                ;        ;       ;             ;            ;       ;       ;
;    IC                  ;        ; 2     ; 5.184       ; 85         ; 2.450 ; 2.734 ;
;    Cell                ;        ; 2     ; 0.891       ; 15         ; 0.321 ; 0.570 ;
;   Data                 ;        ;       ;             ;            ;       ;       ;
;    IC                  ;        ; 8     ; 6.431       ; 61         ; 0.218 ; 1.613 ;
;    Cell                ;        ; 9     ; 4.026       ; 39         ; 0.000 ; 0.706 ;
;    uTco                ;        ; 1     ; 0.000       ; 0          ; 0.000 ; 0.000 ;
;  Required Path         ;        ;       ;             ;            ;       ;       ;
;   Clock                ;        ;       ;             ;            ;       ;       ;
;    IC                  ;        ; 2     ; 2.537       ; 76         ; 0.576 ; 1.961 ;
;    Cell                ;        ; 2     ; 0.794       ; 24         ; 0.295 ; 0.499 ;
+------------------------+--------+-------+-------------+------------+-------+-------+
Note: Negative delays are omitted from totals when calculating percentages

+------------------------------------------------------------------------------------------+
; Data Arrival Path                                                                        ;
+----------+---------+----+------+--------+----------------------+-------------------------+
; Total    ; Incr    ; RF ; Type ; Fanout ; Location             ; Element                 ;
+----------+---------+----+------+--------+----------------------+-------------------------+
; 0.000    ; 0.000   ;    ;      ;        ;                      ; launch edge time        ;
; 6.075    ; 6.075   ;    ;      ;        ;                      ; clock path              ;
;   0.000  ;   0.000 ;    ;      ;        ;                      ; source latency          ;
;   0.000  ;   0.000 ;    ;      ; 1      ; LABCELL_X1_Y36_N9    ; gpu_clk                 ;
;   2.734  ;   2.734 ; RR ; IC   ; 1      ; CLKCTRL_G2           ; gpu_clk~CLKENA0|inclk   ;
;   3.055  ;   0.321 ; RR ; CELL ; 9078   ; CLKCTRL_G2           ; gpu_clk~CLKENA0|outclk  ;
;   5.505  ;   2.450 ; RR ; IC   ; 1      ; FF_X35_Y47_N5        ; f_pos[1]|clk            ;
;   6.075  ;   0.570 ; RR ; CELL ; 1      ; FF_X35_Y47_N5        ; f_pos[1]                ;
; 16.532   ; 10.457  ;    ;      ;        ;                      ; data path               ;
;   6.075  ;   0.000 ;    ; uTco ; 1      ; FF_X35_Y47_N5        ; f_pos[1]                ;
;   6.075  ;   0.000 ; RR ; CELL ; 2      ; FF_X35_Y47_N5        ; f_pos[1]|q              ;
;   7.245  ;   1.170 ; RR ; IC   ; 1      ; LABCELL_X33_Y45_N27  ; LessThan5~4|datad       ;
;   7.738  ;   0.493 ; RF ; CELL ; 1      ; LABCELL_X33_Y45_N27  ; LessThan5~4|combout     ;
;   8.344  ;   0.606 ; FF ; IC   ; 1      ; MLABCELL_X34_Y45_N0  ; LessThan5~5|dataa       ;
;   8.898  ;   0.554 ; FF ; CELL ; 2      ; MLABCELL_X34_Y45_N0  ; LessThan5~5|combout     ;
;   9.450  ;   0.552 ; FF ; IC   ; 1      ; LABCELL_X33_Y45_N54  ; LessThan5~30|dataa      ;
;   9.990  ;   0.540 ; FR ; CELL ; 1      ; LABCELL_X33_Y45_N54  ; LessThan5~30|combout    ;
;   10.560 ;   0.570 ; RR ; IC   ; 1      ; MLABCELL_X34_Y45_N42 ; LessThan5~31|datae      ;
;   10.861 ;   0.301 ; RF ; CELL ; 1      ; MLABCELL_X34_Y45_N42 ; LessThan5~31|combout    ;
;   11.079 ;   0.218 ; FF ; IC   ; 1      ; MLABCELL_X34_Y45_N54 ; LessThan5~33|datad      ;
;   11.649 ;   0.570 ; FF ; CELL ; 1      ; MLABCELL_X34_Y45_N54 ; LessThan5~33|combout    ;
;   12.398 ;   0.749 ; FF ; IC   ; 1      ; MLABCELL_X34_Y46_N0  ; in_rec_region~0|dataa   ;
;   12.960 ;   0.562 ; FF ; CELL ; 14     ; MLABCELL_X34_Y46_N0  ; in_rec_region~0|combout ;
;   13.913 ;   0.953 ; FF ; IC   ; 1      ; LABCELL_X33_Y48_N9   ; recq[2][132]~5|datae    ;
;   14.213 ;   0.300 ; FF ; CELL ; 136    ; LABCELL_X33_Y48_N9   ; recq[2][132]~5|combout  ;
;   15.826 ;   1.613 ; FF ; IC   ; 1      ; FF_X28_Y53_N59       ; recq[2][8]|ena          ;
;   16.532 ;   0.706 ; FF ; CELL ; 1      ; FF_X28_Y53_N59       ; recq[2][8]              ;
+----------+---------+----+------+--------+----------------------+-------------------------+

+---------------------------------------------------------------------------------------+
; Data Required Path                                                                    ;
+----------+---------+----+------+--------+-------------------+-------------------------+
; Total    ; Incr    ; RF ; Type ; Fanout ; Location          ; Element                 ;
+----------+---------+----+------+--------+-------------------+-------------------------+
; 10.000   ; 10.000  ;    ;      ;        ;                   ; latch edge time         ;
; 15.913   ; 5.913   ;    ;      ;        ;                   ; clock path              ;
;   10.000 ;   0.000 ;    ;      ;        ;                   ; source latency          ;
;   10.000 ;   0.000 ;    ;      ; 1      ; LABCELL_X1_Y36_N9 ; gpu_clk                 ;
;   10.576 ;   0.576 ; RR ; IC   ; 1      ; CLKCTRL_G2        ; gpu_clk~CLKENA0|inclk   ;
;   10.871 ;   0.295 ; RR ; CELL ; 9078   ; CLKCTRL_G2        ; gpu_clk~CLKENA0|outclk  ;
;   12.832 ;   1.961 ; RR ; IC   ; 1      ; FF_X28_Y53_N59    ; recq[2][8]|clk          ;
;   13.331 ;   0.499 ; RR ; CELL ; 1      ; FF_X28_Y53_N59    ; recq[2][8]              ;
;   15.913 ;   2.582 ;    ;      ;        ;                   ; clock pessimism removed ;
; 15.853   ; -0.060  ;    ;      ;        ;                   ; clock uncertainty       ;
; 15.853   ; 0.000   ;    ; uTsu ; 1      ; FF_X28_Y53_N59    ; recq[2][8]              ;
+----------+---------+----+------+--------+-------------------+-------------------------+

----------------------------
; Extra Fitter Information ;
----------------------------
HTML report is unavailable in plain text report export.


Path #25: Setup slack is -0.678 (VIOLATED)
===============================================================================
+--------------------------------------------------------+
; Path Summary                                           ;
+--------------------+-----------------------------------+
; Property           ; Value                             ;
+--------------------+-----------------------------------+
; From Node          ; zhao_cmd_dma:u_dma|hdr_win[28][5] ;
; To Node            ; zhao_cmd_dma:u_dma|crc_pay_r[16]  ;
; Launch Clock       ; gpu_clk                           ;
; Latch Clock        ; gpu_clk                           ;
; Data Arrival Time  ; 16.040                            ;
; Data Required Time ; 15.362                            ;
; Slack              ; -0.678 (VIOLATED)                 ;
+--------------------+-----------------------------------+

+------------------------------------------------------------------------------------+
; Statistics                                                                         ;
+------------------------+--------+-------+-------------+------------+-------+-------+
; Property               ; Value  ; Count ; Total Delay ; % of Total ; Min   ; Max   ;
+------------------------+--------+-------+-------------+------------+-------+-------+
; Setup Relationship     ; 10.000 ;       ;             ;            ;       ;       ;
; Clock Skew             ; -0.696 ;       ;             ;            ;       ;       ;
; Data Delay             ; 9.922  ;       ;             ;            ;       ;       ;
; Number of Logic Levels ;        ; 6     ;             ;            ;       ;       ;
; Physical Delays        ;        ;       ;             ;            ;       ;       ;
;  Arrival Path          ;        ;       ;             ;            ;       ;       ;
;   Clock                ;        ;       ;             ;            ;       ;       ;
;    IC                  ;        ; 2     ; 5.207       ; 85         ; 2.473 ; 2.734 ;
;    Cell                ;        ; 2     ; 0.911       ; 15         ; 0.321 ; 0.590 ;
;   Data                 ;        ;       ;             ;            ;       ;       ;
;    IC                  ;        ; 7     ; 6.733       ; 68         ; 0.214 ; 2.064 ;
;    Cell                ;        ; 8     ; 3.189       ; 32         ; 0.000 ; 0.728 ;
;    uTco                ;        ; 1     ; 0.000       ; 0          ; 0.000 ; 0.000 ;
;  Required Path         ;        ;       ;             ;            ;       ;       ;
;   Clock                ;        ;       ;             ;            ;       ;       ;
;    IC                  ;        ; 2     ; 2.447       ; 76         ; 0.576 ; 1.871 ;
;    Cell                ;        ; 2     ; 0.791       ; 24         ; 0.295 ; 0.496 ;
+------------------------+--------+-------+-------------+------------+-------+-------+
Note: Negative delays are omitted from totals when calculating percentages

+---------------------------------------------------------------------------------------------------+
; Data Arrival Path                                                                                 ;
+----------+---------+----+------+--------+---------------------+-----------------------------------+
; Total    ; Incr    ; RF ; Type ; Fanout ; Location            ; Element                           ;
+----------+---------+----+------+--------+---------------------+-----------------------------------+
; 0.000    ; 0.000   ;    ;      ;        ;                     ; launch edge time                  ;
; 6.118    ; 6.118   ;    ;      ;        ;                     ; clock path                        ;
;   0.000  ;   0.000 ;    ;      ;        ;                     ; source latency                    ;
;   0.000  ;   0.000 ;    ;      ; 1      ; LABCELL_X1_Y36_N9   ; gpu_clk                           ;
;   2.734  ;   2.734 ; RR ; IC   ; 1      ; CLKCTRL_G2          ; gpu_clk~CLKENA0|inclk             ;
;   3.055  ;   0.321 ; RR ; CELL ; 9078   ; CLKCTRL_G2          ; gpu_clk~CLKENA0|outclk            ;
;   5.528  ;   2.473 ; RR ; IC   ; 1      ; FF_X39_Y39_N35      ; u_dma|hdr_win[28][5]|clk          ;
;   6.118  ;   0.590 ; RR ; CELL ; 1      ; FF_X39_Y39_N35      ; zhao_cmd_dma:u_dma|hdr_win[28][5] ;
; 16.040   ; 9.922   ;    ;      ;        ;                     ; data path                         ;
;   6.118  ;   0.000 ;    ; uTco ; 1      ; FF_X39_Y39_N35      ; zhao_cmd_dma:u_dma|hdr_win[28][5] ;
;   6.118  ;   0.000 ; FF ; CELL ; 4      ; FF_X39_Y39_N35      ; u_dma|hdr_win[28][5]|q            ;
;   8.182  ;   2.064 ; FF ; IC   ; 1      ; LABCELL_X27_Y36_N51 ; u_dma|LessThan25~0|datad          ;
;   8.623  ;   0.441 ; FR ; CELL ; 1      ; LABCELL_X27_Y36_N51 ; u_dma|LessThan25~0|combout        ;
;   8.837  ;   0.214 ; RR ; IC   ; 1      ; LABCELL_X27_Y36_N45 ; u_dma|LessThan25~4|dataa          ;
;   9.438  ;   0.601 ; RR ; CELL ; 1      ; LABCELL_X27_Y36_N45 ; u_dma|LessThan25~4|combout        ;
;   10.622 ;   1.184 ; RR ; IC   ; 1      ; LABCELL_X35_Y38_N39 ; u_dma|LessThan25~12|datae         ;
;   10.890 ;   0.268 ; RF ; CELL ; 1      ; LABCELL_X35_Y38_N39 ; u_dma|LessThan25~12|combout       ;
;   11.116 ;   0.226 ; FF ; IC   ; 1      ; LABCELL_X35_Y38_N54 ; u_dma|LessThan25~22|dataf         ;
;   11.207 ;   0.091 ; FR ; CELL ; 1      ; LABCELL_X35_Y38_N54 ; u_dma|LessThan25~22|combout       ;
;   11.577 ;   0.370 ; RR ; IC   ; 1      ; LABCELL_X36_Y38_N6  ; u_dma|ok_v~5|datac                ;
;   12.071 ;   0.494 ; RF ; CELL ; 10     ; LABCELL_X36_Y38_N6  ; u_dma|ok_v~5|combout              ;
;   13.635 ;   1.564 ; FF ; IC   ; 1      ; LABCELL_X24_Y35_N48 ; u_dma|crc_pay_r[14]~0|dataa       ;
;   14.201 ;   0.566 ; FF ; CELL ; 49     ; LABCELL_X24_Y35_N48 ; u_dma|crc_pay_r[14]~0|combout     ;
;   15.312 ;   1.111 ; FF ; IC   ; 1      ; FF_X21_Y32_N47      ; u_dma|crc_pay_r[16]|ena           ;
;   16.040 ;   0.728 ; FF ; CELL ; 1      ; FF_X21_Y32_N47      ; zhao_cmd_dma:u_dma|crc_pay_r[16]  ;
+----------+---------+----+------+--------+---------------------+-----------------------------------+

+------------------------------------------------------------------------------------------------+
; Data Required Path                                                                             ;
+----------+---------+----+------+--------+-------------------+----------------------------------+
; Total    ; Incr    ; RF ; Type ; Fanout ; Location          ; Element                          ;
+----------+---------+----+------+--------+-------------------+----------------------------------+
; 10.000   ; 10.000  ;    ;      ;        ;                   ; latch edge time                  ;
; 15.422   ; 5.422   ;    ;      ;        ;                   ; clock path                       ;
;   10.000 ;   0.000 ;    ;      ;        ;                   ; source latency                   ;
;   10.000 ;   0.000 ;    ;      ; 1      ; LABCELL_X1_Y36_N9 ; gpu_clk                          ;
;   10.576 ;   0.576 ; RR ; IC   ; 1      ; CLKCTRL_G2        ; gpu_clk~CLKENA0|inclk            ;
;   10.871 ;   0.295 ; RR ; CELL ; 9078   ; CLKCTRL_G2        ; gpu_clk~CLKENA0|outclk           ;
;   12.742 ;   1.871 ; RR ; IC   ; 1      ; FF_X21_Y32_N47    ; u_dma|crc_pay_r[16]|clk          ;
;   13.238 ;   0.496 ; RR ; CELL ; 1      ; FF_X21_Y32_N47    ; zhao_cmd_dma:u_dma|crc_pay_r[16] ;
;   15.422 ;   2.184 ;    ;      ;        ;                   ; clock pessimism removed          ;
; 15.362   ; -0.060  ;    ;      ;        ;                   ; clock uncertainty                ;
; 15.362   ; 0.000   ;    ; uTsu ; 1      ; FF_X21_Y32_N47    ; zhao_cmd_dma:u_dma|crc_pay_r[16] ;
+----------+---------+----+------+--------+-------------------+----------------------------------+

----------------------------
; Extra Fitter Information ;
----------------------------
HTML report is unavailable in plain text report export.


Path #26: Setup slack is -0.678 (VIOLATED)
===============================================================================
+--------------------------------------------------------+
; Path Summary                                           ;
+--------------------+-----------------------------------+
; Property           ; Value                             ;
+--------------------+-----------------------------------+
; From Node          ; zhao_cmd_dma:u_dma|hdr_win[28][5] ;
; To Node            ; zhao_cmd_dma:u_dma|crc_pay_r[11]  ;
; Launch Clock       ; gpu_clk                           ;
; Latch Clock        ; gpu_clk                           ;
; Data Arrival Time  ; 16.040                            ;
; Data Required Time ; 15.362                            ;
; Slack              ; -0.678 (VIOLATED)                 ;
+--------------------+-----------------------------------+

+------------------------------------------------------------------------------------+
; Statistics                                                                         ;
+------------------------+--------+-------+-------------+------------+-------+-------+
; Property               ; Value  ; Count ; Total Delay ; % of Total ; Min   ; Max   ;
+------------------------+--------+-------+-------------+------------+-------+-------+
; Setup Relationship     ; 10.000 ;       ;             ;            ;       ;       ;
; Clock Skew             ; -0.696 ;       ;             ;            ;       ;       ;
; Data Delay             ; 9.922  ;       ;             ;            ;       ;       ;
; Number of Logic Levels ;        ; 6     ;             ;            ;       ;       ;
; Physical Delays        ;        ;       ;             ;            ;       ;       ;
;  Arrival Path          ;        ;       ;             ;            ;       ;       ;
;   Clock                ;        ;       ;             ;            ;       ;       ;
;    IC                  ;        ; 2     ; 5.207       ; 85         ; 2.473 ; 2.734 ;
;    Cell                ;        ; 2     ; 0.911       ; 15         ; 0.321 ; 0.590 ;
;   Data                 ;        ;       ;             ;            ;       ;       ;
;    IC                  ;        ; 7     ; 6.733       ; 68         ; 0.214 ; 2.064 ;
;    Cell                ;        ; 8     ; 3.189       ; 32         ; 0.000 ; 0.728 ;
;    uTco                ;        ; 1     ; 0.000       ; 0          ; 0.000 ; 0.000 ;
;  Required Path         ;        ;       ;             ;            ;       ;       ;
;   Clock                ;        ;       ;             ;            ;       ;       ;
;    IC                  ;        ; 2     ; 2.447       ; 76         ; 0.576 ; 1.871 ;
;    Cell                ;        ; 2     ; 0.791       ; 24         ; 0.295 ; 0.496 ;
+------------------------+--------+-------+-------------+------------+-------+-------+
Note: Negative delays are omitted from totals when calculating percentages

+---------------------------------------------------------------------------------------------------+
; Data Arrival Path                                                                                 ;
+----------+---------+----+------+--------+---------------------+-----------------------------------+
; Total    ; Incr    ; RF ; Type ; Fanout ; Location            ; Element                           ;
+----------+---------+----+------+--------+---------------------+-----------------------------------+
; 0.000    ; 0.000   ;    ;      ;        ;                     ; launch edge time                  ;
; 6.118    ; 6.118   ;    ;      ;        ;                     ; clock path                        ;
;   0.000  ;   0.000 ;    ;      ;        ;                     ; source latency                    ;
;   0.000  ;   0.000 ;    ;      ; 1      ; LABCELL_X1_Y36_N9   ; gpu_clk                           ;
;   2.734  ;   2.734 ; RR ; IC   ; 1      ; CLKCTRL_G2          ; gpu_clk~CLKENA0|inclk             ;
;   3.055  ;   0.321 ; RR ; CELL ; 9078   ; CLKCTRL_G2          ; gpu_clk~CLKENA0|outclk            ;
;   5.528  ;   2.473 ; RR ; IC   ; 1      ; FF_X39_Y39_N35      ; u_dma|hdr_win[28][5]|clk          ;
;   6.118  ;   0.590 ; RR ; CELL ; 1      ; FF_X39_Y39_N35      ; zhao_cmd_dma:u_dma|hdr_win[28][5] ;
; 16.040   ; 9.922   ;    ;      ;        ;                     ; data path                         ;
;   6.118  ;   0.000 ;    ; uTco ; 1      ; FF_X39_Y39_N35      ; zhao_cmd_dma:u_dma|hdr_win[28][5] ;
;   6.118  ;   0.000 ; FF ; CELL ; 4      ; FF_X39_Y39_N35      ; u_dma|hdr_win[28][5]|q            ;
;   8.182  ;   2.064 ; FF ; IC   ; 1      ; LABCELL_X27_Y36_N51 ; u_dma|LessThan25~0|datad          ;
;   8.623  ;   0.441 ; FR ; CELL ; 1      ; LABCELL_X27_Y36_N51 ; u_dma|LessThan25~0|combout        ;
;   8.837  ;   0.214 ; RR ; IC   ; 1      ; LABCELL_X27_Y36_N45 ; u_dma|LessThan25~4|dataa          ;
;   9.438  ;   0.601 ; RR ; CELL ; 1      ; LABCELL_X27_Y36_N45 ; u_dma|LessThan25~4|combout        ;
;   10.622 ;   1.184 ; RR ; IC   ; 1      ; LABCELL_X35_Y38_N39 ; u_dma|LessThan25~12|datae         ;
;   10.890 ;   0.268 ; RF ; CELL ; 1      ; LABCELL_X35_Y38_N39 ; u_dma|LessThan25~12|combout       ;
;   11.116 ;   0.226 ; FF ; IC   ; 1      ; LABCELL_X35_Y38_N54 ; u_dma|LessThan25~22|dataf         ;
;   11.207 ;   0.091 ; FR ; CELL ; 1      ; LABCELL_X35_Y38_N54 ; u_dma|LessThan25~22|combout       ;
;   11.577 ;   0.370 ; RR ; IC   ; 1      ; LABCELL_X36_Y38_N6  ; u_dma|ok_v~5|datac                ;
;   12.071 ;   0.494 ; RF ; CELL ; 10     ; LABCELL_X36_Y38_N6  ; u_dma|ok_v~5|combout              ;
;   13.635 ;   1.564 ; FF ; IC   ; 1      ; LABCELL_X24_Y35_N48 ; u_dma|crc_pay_r[14]~0|dataa       ;
;   14.201 ;   0.566 ; FF ; CELL ; 49     ; LABCELL_X24_Y35_N48 ; u_dma|crc_pay_r[14]~0|combout     ;
;   15.312 ;   1.111 ; FF ; IC   ; 1      ; FF_X21_Y32_N41      ; u_dma|crc_pay_r[11]|ena           ;
;   16.040 ;   0.728 ; FF ; CELL ; 1      ; FF_X21_Y32_N41      ; zhao_cmd_dma:u_dma|crc_pay_r[11]  ;
+----------+---------+----+------+--------+---------------------+-----------------------------------+

+------------------------------------------------------------------------------------------------+
; Data Required Path                                                                             ;
+----------+---------+----+------+--------+-------------------+----------------------------------+
; Total    ; Incr    ; RF ; Type ; Fanout ; Location          ; Element                          ;
+----------+---------+----+------+--------+-------------------+----------------------------------+
; 10.000   ; 10.000  ;    ;      ;        ;                   ; latch edge time                  ;
; 15.422   ; 5.422   ;    ;      ;        ;                   ; clock path                       ;
;   10.000 ;   0.000 ;    ;      ;        ;                   ; source latency                   ;
;   10.000 ;   0.000 ;    ;      ; 1      ; LABCELL_X1_Y36_N9 ; gpu_clk                          ;
;   10.576 ;   0.576 ; RR ; IC   ; 1      ; CLKCTRL_G2        ; gpu_clk~CLKENA0|inclk            ;
;   10.871 ;   0.295 ; RR ; CELL ; 9078   ; CLKCTRL_G2        ; gpu_clk~CLKENA0|outclk           ;
;   12.742 ;   1.871 ; RR ; IC   ; 1      ; FF_X21_Y32_N41    ; u_dma|crc_pay_r[11]|clk          ;
;   13.238 ;   0.496 ; RR ; CELL ; 1      ; FF_X21_Y32_N41    ; zhao_cmd_dma:u_dma|crc_pay_r[11] ;
;   15.422 ;   2.184 ;    ;      ;        ;                   ; clock pessimism removed          ;
; 15.362   ; -0.060  ;    ;      ;        ;                   ; clock uncertainty                ;
; 15.362   ; 0.000   ;    ; uTsu ; 1      ; FF_X21_Y32_N41    ; zhao_cmd_dma:u_dma|crc_pay_r[11] ;
+----------+---------+----+------+--------+-------------------+----------------------------------+

----------------------------
; Extra Fitter Information ;
----------------------------
HTML report is unavailable in plain text report export.


Path #27: Setup slack is -0.678 (VIOLATED)
===============================================================================
+-----------------------------------------------------------------+
; Path Summary                                                    ;
+--------------------+--------------------------------------------+
; Property           ; Value                                      ;
+--------------------+--------------------------------------------+
; From Node          ; zhao_cmd_dma:u_dma|hdr_win[28][5]          ;
; To Node            ; zhao_cmd_dma:u_dma|crc_pay_r[11]~DUPLICATE ;
; Launch Clock       ; gpu_clk                                    ;
; Latch Clock        ; gpu_clk                                    ;
; Data Arrival Time  ; 16.034                                     ;
; Data Required Time ; 15.356                                     ;
; Slack              ; -0.678 (VIOLATED)                          ;
+--------------------+--------------------------------------------+

+------------------------------------------------------------------------------------+
; Statistics                                                                         ;
+------------------------+--------+-------+-------------+------------+-------+-------+
; Property               ; Value  ; Count ; Total Delay ; % of Total ; Min   ; Max   ;
+------------------------+--------+-------+-------------+------------+-------+-------+
; Setup Relationship     ; 10.000 ;       ;             ;            ;       ;       ;
; Clock Skew             ; -0.702 ;       ;             ;            ;       ;       ;
; Data Delay             ; 9.916  ;       ;             ;            ;       ;       ;
; Number of Logic Levels ;        ; 6     ;             ;            ;       ;       ;
; Physical Delays        ;        ;       ;             ;            ;       ;       ;
;  Arrival Path          ;        ;       ;             ;            ;       ;       ;
;   Clock                ;        ;       ;             ;            ;       ;       ;
;    IC                  ;        ; 2     ; 5.207       ; 85         ; 2.473 ; 2.734 ;
;    Cell                ;        ; 2     ; 0.911       ; 15         ; 0.321 ; 0.590 ;
;   Data                 ;        ;       ;             ;            ;       ;       ;
;    IC                  ;        ; 7     ; 6.733       ; 68         ; 0.214 ; 2.064 ;
;    Cell                ;        ; 8     ; 3.183       ; 32         ; 0.000 ; 0.722 ;
;    uTco                ;        ; 1     ; 0.000       ; 0          ; 0.000 ; 0.000 ;
;  Required Path         ;        ;       ;             ;            ;       ;       ;
;   Clock                ;        ;       ;             ;            ;       ;       ;
;    IC                  ;        ; 2     ; 2.447       ; 76         ; 0.576 ; 1.871 ;
;    Cell                ;        ; 2     ; 0.785       ; 24         ; 0.295 ; 0.490 ;
+------------------------+--------+-------+-------------+------------+-------+-------+
Note: Negative delays are omitted from totals when calculating percentages

+------------------------------------------------------------------------------------------------------------+
; Data Arrival Path                                                                                          ;
+----------+---------+----+------+--------+---------------------+--------------------------------------------+
; Total    ; Incr    ; RF ; Type ; Fanout ; Location            ; Element                                    ;
+----------+---------+----+------+--------+---------------------+--------------------------------------------+
; 0.000    ; 0.000   ;    ;      ;        ;                     ; launch edge time                           ;
; 6.118    ; 6.118   ;    ;      ;        ;                     ; clock path                                 ;
;   0.000  ;   0.000 ;    ;      ;        ;                     ; source latency                             ;
;   0.000  ;   0.000 ;    ;      ; 1      ; LABCELL_X1_Y36_N9   ; gpu_clk                                    ;
;   2.734  ;   2.734 ; RR ; IC   ; 1      ; CLKCTRL_G2          ; gpu_clk~CLKENA0|inclk                      ;
;   3.055  ;   0.321 ; RR ; CELL ; 9078   ; CLKCTRL_G2          ; gpu_clk~CLKENA0|outclk                     ;
;   5.528  ;   2.473 ; RR ; IC   ; 1      ; FF_X39_Y39_N35      ; u_dma|hdr_win[28][5]|clk                   ;
;   6.118  ;   0.590 ; RR ; CELL ; 1      ; FF_X39_Y39_N35      ; zhao_cmd_dma:u_dma|hdr_win[28][5]          ;
; 16.034   ; 9.916   ;    ;      ;        ;                     ; data path                                  ;
;   6.118  ;   0.000 ;    ; uTco ; 1      ; FF_X39_Y39_N35      ; zhao_cmd_dma:u_dma|hdr_win[28][5]          ;
;   6.118  ;   0.000 ; FF ; CELL ; 4      ; FF_X39_Y39_N35      ; u_dma|hdr_win[28][5]|q                     ;
;   8.182  ;   2.064 ; FF ; IC   ; 1      ; LABCELL_X27_Y36_N51 ; u_dma|LessThan25~0|datad                   ;
;   8.623  ;   0.441 ; FR ; CELL ; 1      ; LABCELL_X27_Y36_N51 ; u_dma|LessThan25~0|combout                 ;
;   8.837  ;   0.214 ; RR ; IC   ; 1      ; LABCELL_X27_Y36_N45 ; u_dma|LessThan25~4|dataa                   ;
;   9.438  ;   0.601 ; RR ; CELL ; 1      ; LABCELL_X27_Y36_N45 ; u_dma|LessThan25~4|combout                 ;
;   10.622 ;   1.184 ; RR ; IC   ; 1      ; LABCELL_X35_Y38_N39 ; u_dma|LessThan25~12|datae                  ;
;   10.890 ;   0.268 ; RF ; CELL ; 1      ; LABCELL_X35_Y38_N39 ; u_dma|LessThan25~12|combout                ;
;   11.116 ;   0.226 ; FF ; IC   ; 1      ; LABCELL_X35_Y38_N54 ; u_dma|LessThan25~22|dataf                  ;
;   11.207 ;   0.091 ; FR ; CELL ; 1      ; LABCELL_X35_Y38_N54 ; u_dma|LessThan25~22|combout                ;
;   11.577 ;   0.370 ; RR ; IC   ; 1      ; LABCELL_X36_Y38_N6  ; u_dma|ok_v~5|datac                         ;
;   12.071 ;   0.494 ; RF ; CELL ; 10     ; LABCELL_X36_Y38_N6  ; u_dma|ok_v~5|combout                       ;
;   13.635 ;   1.564 ; FF ; IC   ; 1      ; LABCELL_X24_Y35_N48 ; u_dma|crc_pay_r[14]~0|dataa                ;
;   14.201 ;   0.566 ; FF ; CELL ; 49     ; LABCELL_X24_Y35_N48 ; u_dma|crc_pay_r[14]~0|combout              ;
;   15.312 ;   1.111 ; FF ; IC   ; 1      ; FF_X21_Y32_N40      ; u_dma|crc_pay_r[11]~DUPLICATE|ena          ;
;   16.034 ;   0.722 ; FF ; CELL ; 1      ; FF_X21_Y32_N40      ; zhao_cmd_dma:u_dma|crc_pay_r[11]~DUPLICATE ;
+----------+---------+----+------+--------+---------------------+--------------------------------------------+

+----------------------------------------------------------------------------------------------------------+
; Data Required Path                                                                                       ;
+----------+---------+----+------+--------+-------------------+--------------------------------------------+
; Total    ; Incr    ; RF ; Type ; Fanout ; Location          ; Element                                    ;
+----------+---------+----+------+--------+-------------------+--------------------------------------------+
; 10.000   ; 10.000  ;    ;      ;        ;                   ; latch edge time                            ;
; 15.416   ; 5.416   ;    ;      ;        ;                   ; clock path                                 ;
;   10.000 ;   0.000 ;    ;      ;        ;                   ; source latency                             ;
;   10.000 ;   0.000 ;    ;      ; 1      ; LABCELL_X1_Y36_N9 ; gpu_clk                                    ;
;   10.576 ;   0.576 ; RR ; IC   ; 1      ; CLKCTRL_G2        ; gpu_clk~CLKENA0|inclk                      ;
;   10.871 ;   0.295 ; RR ; CELL ; 9078   ; CLKCTRL_G2        ; gpu_clk~CLKENA0|outclk                     ;
;   12.742 ;   1.871 ; RR ; IC   ; 1      ; FF_X21_Y32_N40    ; u_dma|crc_pay_r[11]~DUPLICATE|clk          ;
;   13.232 ;   0.490 ; RR ; CELL ; 1      ; FF_X21_Y32_N40    ; zhao_cmd_dma:u_dma|crc_pay_r[11]~DUPLICATE ;
;   15.416 ;   2.184 ;    ;      ;        ;                   ; clock pessimism removed                    ;
; 15.356   ; -0.060  ;    ;      ;        ;                   ; clock uncertainty                          ;
; 15.356   ; 0.000   ;    ; uTsu ; 1      ; FF_X21_Y32_N40    ; zhao_cmd_dma:u_dma|crc_pay_r[11]~DUPLICATE ;
+----------+---------+----+------+--------+-------------------+--------------------------------------------+

----------------------------
; Extra Fitter Information ;
----------------------------
HTML report is unavailable in plain text report export.


Path #28: Setup slack is -0.678 (VIOLATED)
===============================================================================
+----------------------------------------+
; Path Summary                           ;
+--------------------+-------------------+
; Property           ; Value             ;
+--------------------+-------------------+
; From Node          ; f_pos[1]          ;
; To Node            ; recq[2][79]       ;
; Launch Clock       ; gpu_clk           ;
; Latch Clock        ; gpu_clk           ;
; Data Arrival Time  ; 16.527            ;
; Data Required Time ; 15.849            ;
; Slack              ; -0.678 (VIOLATED) ;
+--------------------+-------------------+

+------------------------------------------------------------------------------------+
; Statistics                                                                         ;
+------------------------+--------+-------+-------------+------------+-------+-------+
; Property               ; Value  ; Count ; Total Delay ; % of Total ; Min   ; Max   ;
+------------------------+--------+-------+-------------+------------+-------+-------+
; Setup Relationship     ; 10.000 ;       ;             ;            ;       ;       ;
; Clock Skew             ; -0.166 ;       ;             ;            ;       ;       ;
; Data Delay             ; 10.452 ;       ;             ;            ;       ;       ;
; Number of Logic Levels ;        ; 7     ;             ;            ;       ;       ;
; Physical Delays        ;        ;       ;             ;            ;       ;       ;
;  Arrival Path          ;        ;       ;             ;            ;       ;       ;
;   Clock                ;        ;       ;             ;            ;       ;       ;
;    IC                  ;        ; 2     ; 5.184       ; 85         ; 2.450 ; 2.734 ;
;    Cell                ;        ; 2     ; 0.891       ; 15         ; 0.321 ; 0.570 ;
;   Data                 ;        ;       ;             ;            ;       ;       ;
;    IC                  ;        ; 8     ; 6.431       ; 62         ; 0.218 ; 1.613 ;
;    Cell                ;        ; 9     ; 4.021       ; 38         ; 0.000 ; 0.701 ;
;    uTco                ;        ; 1     ; 0.000       ; 0          ; 0.000 ; 0.000 ;
;  Required Path         ;        ;       ;             ;            ;       ;       ;
;   Clock                ;        ;       ;             ;            ;       ;       ;
;    IC                  ;        ; 2     ; 2.537       ; 76         ; 0.576 ; 1.961 ;
;    Cell                ;        ; 2     ; 0.790       ; 24         ; 0.295 ; 0.495 ;
+------------------------+--------+-------+-------------+------------+-------+-------+
Note: Negative delays are omitted from totals when calculating percentages

+------------------------------------------------------------------------------------------+
; Data Arrival Path                                                                        ;
+----------+---------+----+------+--------+----------------------+-------------------------+
; Total    ; Incr    ; RF ; Type ; Fanout ; Location             ; Element                 ;
+----------+---------+----+------+--------+----------------------+-------------------------+
; 0.000    ; 0.000   ;    ;      ;        ;                      ; launch edge time        ;
; 6.075    ; 6.075   ;    ;      ;        ;                      ; clock path              ;
;   0.000  ;   0.000 ;    ;      ;        ;                      ; source latency          ;
;   0.000  ;   0.000 ;    ;      ; 1      ; LABCELL_X1_Y36_N9    ; gpu_clk                 ;
;   2.734  ;   2.734 ; RR ; IC   ; 1      ; CLKCTRL_G2           ; gpu_clk~CLKENA0|inclk   ;
;   3.055  ;   0.321 ; RR ; CELL ; 9078   ; CLKCTRL_G2           ; gpu_clk~CLKENA0|outclk  ;
;   5.505  ;   2.450 ; RR ; IC   ; 1      ; FF_X35_Y47_N5        ; f_pos[1]|clk            ;
;   6.075  ;   0.570 ; RR ; CELL ; 1      ; FF_X35_Y47_N5        ; f_pos[1]                ;
; 16.527   ; 10.452  ;    ;      ;        ;                      ; data path               ;
;   6.075  ;   0.000 ;    ; uTco ; 1      ; FF_X35_Y47_N5        ; f_pos[1]                ;
;   6.075  ;   0.000 ; RR ; CELL ; 2      ; FF_X35_Y47_N5        ; f_pos[1]|q              ;
;   7.245  ;   1.170 ; RR ; IC   ; 1      ; LABCELL_X33_Y45_N27  ; LessThan5~4|datad       ;
;   7.738  ;   0.493 ; RF ; CELL ; 1      ; LABCELL_X33_Y45_N27  ; LessThan5~4|combout     ;
;   8.344  ;   0.606 ; FF ; IC   ; 1      ; MLABCELL_X34_Y45_N0  ; LessThan5~5|dataa       ;
;   8.898  ;   0.554 ; FF ; CELL ; 2      ; MLABCELL_X34_Y45_N0  ; LessThan5~5|combout     ;
;   9.450  ;   0.552 ; FF ; IC   ; 1      ; LABCELL_X33_Y45_N54  ; LessThan5~30|dataa      ;
;   9.990  ;   0.540 ; FR ; CELL ; 1      ; LABCELL_X33_Y45_N54  ; LessThan5~30|combout    ;
;   10.560 ;   0.570 ; RR ; IC   ; 1      ; MLABCELL_X34_Y45_N42 ; LessThan5~31|datae      ;
;   10.861 ;   0.301 ; RF ; CELL ; 1      ; MLABCELL_X34_Y45_N42 ; LessThan5~31|combout    ;
;   11.079 ;   0.218 ; FF ; IC   ; 1      ; MLABCELL_X34_Y45_N54 ; LessThan5~33|datad      ;
;   11.649 ;   0.570 ; FF ; CELL ; 1      ; MLABCELL_X34_Y45_N54 ; LessThan5~33|combout    ;
;   12.398 ;   0.749 ; FF ; IC   ; 1      ; MLABCELL_X34_Y46_N0  ; in_rec_region~0|dataa   ;
;   12.960 ;   0.562 ; FF ; CELL ; 14     ; MLABCELL_X34_Y46_N0  ; in_rec_region~0|combout ;
;   13.913 ;   0.953 ; FF ; IC   ; 1      ; LABCELL_X33_Y48_N9   ; recq[2][132]~5|datae    ;
;   14.213 ;   0.300 ; FF ; CELL ; 136    ; LABCELL_X33_Y48_N9   ; recq[2][132]~5|combout  ;
;   15.826 ;   1.613 ; FF ; IC   ; 1      ; FF_X28_Y53_N56       ; recq[2][79]|ena         ;
;   16.527 ;   0.701 ; FF ; CELL ; 1      ; FF_X28_Y53_N56       ; recq[2][79]             ;
+----------+---------+----+------+--------+----------------------+-------------------------+

+---------------------------------------------------------------------------------------+
; Data Required Path                                                                    ;
+----------+---------+----+------+--------+-------------------+-------------------------+
; Total    ; Incr    ; RF ; Type ; Fanout ; Location          ; Element                 ;
+----------+---------+----+------+--------+-------------------+-------------------------+
; 10.000   ; 10.000  ;    ;      ;        ;                   ; latch edge time         ;
; 15.909   ; 5.909   ;    ;      ;        ;                   ; clock path              ;
;   10.000 ;   0.000 ;    ;      ;        ;                   ; source latency          ;
;   10.000 ;   0.000 ;    ;      ; 1      ; LABCELL_X1_Y36_N9 ; gpu_clk                 ;
;   10.576 ;   0.576 ; RR ; IC   ; 1      ; CLKCTRL_G2        ; gpu_clk~CLKENA0|inclk   ;
;   10.871 ;   0.295 ; RR ; CELL ; 9078   ; CLKCTRL_G2        ; gpu_clk~CLKENA0|outclk  ;
;   12.832 ;   1.961 ; RR ; IC   ; 1      ; FF_X28_Y53_N56    ; recq[2][79]|clk         ;
;   13.327 ;   0.495 ; RR ; CELL ; 1      ; FF_X28_Y53_N56    ; recq[2][79]             ;
;   15.909 ;   2.582 ;    ;      ;        ;                   ; clock pessimism removed ;
; 15.849   ; -0.060  ;    ;      ;        ;                   ; clock uncertainty       ;
; 15.849   ; 0.000   ;    ; uTsu ; 1      ; FF_X28_Y53_N56    ; recq[2][79]             ;
+----------+---------+----+------+--------+-------------------+-------------------------+

----------------------------
; Extra Fitter Information ;
----------------------------
HTML report is unavailable in plain text report export.


Path #29: Setup slack is -0.677 (VIOLATED)
===============================================================================
+----------------------------------------------------------------+
; Path Summary                                                   ;
+--------------------+-------------------------------------------+
; Property           ; Value                                     ;
+--------------------+-------------------------------------------+
; From Node          ; zhao_cmd_dma:u_dma|hdr_win[28][5]         ;
; To Node            ; zhao_cmd_dma:u_dma|crc_pay_r[9]~DUPLICATE ;
; Launch Clock       ; gpu_clk                                   ;
; Latch Clock        ; gpu_clk                                   ;
; Data Arrival Time  ; 16.035                                    ;
; Data Required Time ; 15.358                                    ;
; Slack              ; -0.677 (VIOLATED)                         ;
+--------------------+-------------------------------------------+

+------------------------------------------------------------------------------------+
; Statistics                                                                         ;
+------------------------+--------+-------+-------------+------------+-------+-------+
; Property               ; Value  ; Count ; Total Delay ; % of Total ; Min   ; Max   ;
+------------------------+--------+-------+-------------+------------+-------+-------+
; Setup Relationship     ; 10.000 ;       ;             ;            ;       ;       ;
; Clock Skew             ; -0.700 ;       ;             ;            ;       ;       ;
; Data Delay             ; 9.917  ;       ;             ;            ;       ;       ;
; Number of Logic Levels ;        ; 6     ;             ;            ;       ;       ;
; Physical Delays        ;        ;       ;             ;            ;       ;       ;
;  Arrival Path          ;        ;       ;             ;            ;       ;       ;
;   Clock                ;        ;       ;             ;            ;       ;       ;
;    IC                  ;        ; 2     ; 5.207       ; 85         ; 2.473 ; 2.734 ;
;    Cell                ;        ; 2     ; 0.911       ; 15         ; 0.321 ; 0.590 ;
;   Data                 ;        ;       ;             ;            ;       ;       ;
;    IC                  ;        ; 7     ; 6.733       ; 68         ; 0.214 ; 2.064 ;
;    Cell                ;        ; 8     ; 3.184       ; 32         ; 0.000 ; 0.723 ;
;    uTco                ;        ; 1     ; 0.000       ; 0          ; 0.000 ; 0.000 ;
;  Required Path         ;        ;       ;             ;            ;       ;       ;
;   Clock                ;        ;       ;             ;            ;       ;       ;
;    IC                  ;        ; 2     ; 2.447       ; 76         ; 0.576 ; 1.871 ;
;    Cell                ;        ; 2     ; 0.787       ; 24         ; 0.295 ; 0.492 ;
+------------------------+--------+-------+-------------+------------+-------+-------+
Note: Negative delays are omitted from totals when calculating percentages

+-----------------------------------------------------------------------------------------------------------+
; Data Arrival Path                                                                                         ;
+----------+---------+----+------+--------+---------------------+-------------------------------------------+
; Total    ; Incr    ; RF ; Type ; Fanout ; Location            ; Element                                   ;
+----------+---------+----+------+--------+---------------------+-------------------------------------------+
; 0.000    ; 0.000   ;    ;      ;        ;                     ; launch edge time                          ;
; 6.118    ; 6.118   ;    ;      ;        ;                     ; clock path                                ;
;   0.000  ;   0.000 ;    ;      ;        ;                     ; source latency                            ;
;   0.000  ;   0.000 ;    ;      ; 1      ; LABCELL_X1_Y36_N9   ; gpu_clk                                   ;
;   2.734  ;   2.734 ; RR ; IC   ; 1      ; CLKCTRL_G2          ; gpu_clk~CLKENA0|inclk                     ;
;   3.055  ;   0.321 ; RR ; CELL ; 9078   ; CLKCTRL_G2          ; gpu_clk~CLKENA0|outclk                    ;
;   5.528  ;   2.473 ; RR ; IC   ; 1      ; FF_X39_Y39_N35      ; u_dma|hdr_win[28][5]|clk                  ;
;   6.118  ;   0.590 ; RR ; CELL ; 1      ; FF_X39_Y39_N35      ; zhao_cmd_dma:u_dma|hdr_win[28][5]         ;
; 16.035   ; 9.917   ;    ;      ;        ;                     ; data path                                 ;
;   6.118  ;   0.000 ;    ; uTco ; 1      ; FF_X39_Y39_N35      ; zhao_cmd_dma:u_dma|hdr_win[28][5]         ;
;   6.118  ;   0.000 ; FF ; CELL ; 4      ; FF_X39_Y39_N35      ; u_dma|hdr_win[28][5]|q                    ;
;   8.182  ;   2.064 ; FF ; IC   ; 1      ; LABCELL_X27_Y36_N51 ; u_dma|LessThan25~0|datad                  ;
;   8.623  ;   0.441 ; FR ; CELL ; 1      ; LABCELL_X27_Y36_N51 ; u_dma|LessThan25~0|combout                ;
;   8.837  ;   0.214 ; RR ; IC   ; 1      ; LABCELL_X27_Y36_N45 ; u_dma|LessThan25~4|dataa                  ;
;   9.438  ;   0.601 ; RR ; CELL ; 1      ; LABCELL_X27_Y36_N45 ; u_dma|LessThan25~4|combout                ;
;   10.622 ;   1.184 ; RR ; IC   ; 1      ; LABCELL_X35_Y38_N39 ; u_dma|LessThan25~12|datae                 ;
;   10.890 ;   0.268 ; RF ; CELL ; 1      ; LABCELL_X35_Y38_N39 ; u_dma|LessThan25~12|combout               ;
;   11.116 ;   0.226 ; FF ; IC   ; 1      ; LABCELL_X35_Y38_N54 ; u_dma|LessThan25~22|dataf                 ;
;   11.207 ;   0.091 ; FR ; CELL ; 1      ; LABCELL_X35_Y38_N54 ; u_dma|LessThan25~22|combout               ;
;   11.577 ;   0.370 ; RR ; IC   ; 1      ; LABCELL_X36_Y38_N6  ; u_dma|ok_v~5|datac                        ;
;   12.071 ;   0.494 ; RF ; CELL ; 10     ; LABCELL_X36_Y38_N6  ; u_dma|ok_v~5|combout                      ;
;   13.635 ;   1.564 ; FF ; IC   ; 1      ; LABCELL_X24_Y35_N48 ; u_dma|crc_pay_r[14]~0|dataa               ;
;   14.201 ;   0.566 ; FF ; CELL ; 49     ; LABCELL_X24_Y35_N48 ; u_dma|crc_pay_r[14]~0|combout             ;
;   15.312 ;   1.111 ; FF ; IC   ; 1      ; FF_X21_Y32_N20      ; u_dma|crc_pay_r[9]~DUPLICATE|ena          ;
;   16.035 ;   0.723 ; FF ; CELL ; 1      ; FF_X21_Y32_N20      ; zhao_cmd_dma:u_dma|crc_pay_r[9]~DUPLICATE ;
+----------+---------+----+------+--------+---------------------+-------------------------------------------+

+---------------------------------------------------------------------------------------------------------+
; Data Required Path                                                                                      ;
+----------+---------+----+------+--------+-------------------+-------------------------------------------+
; Total    ; Incr    ; RF ; Type ; Fanout ; Location          ; Element                                   ;
+----------+---------+----+------+--------+-------------------+-------------------------------------------+
; 10.000   ; 10.000  ;    ;      ;        ;                   ; latch edge time                           ;
; 15.418   ; 5.418   ;    ;      ;        ;                   ; clock path                                ;
;   10.000 ;   0.000 ;    ;      ;        ;                   ; source latency                            ;
;   10.000 ;   0.000 ;    ;      ; 1      ; LABCELL_X1_Y36_N9 ; gpu_clk                                   ;
;   10.576 ;   0.576 ; RR ; IC   ; 1      ; CLKCTRL_G2        ; gpu_clk~CLKENA0|inclk                     ;
;   10.871 ;   0.295 ; RR ; CELL ; 9078   ; CLKCTRL_G2        ; gpu_clk~CLKENA0|outclk                    ;
;   12.742 ;   1.871 ; RR ; IC   ; 1      ; FF_X21_Y32_N20    ; u_dma|crc_pay_r[9]~DUPLICATE|clk          ;
;   13.234 ;   0.492 ; RR ; CELL ; 1      ; FF_X21_Y32_N20    ; zhao_cmd_dma:u_dma|crc_pay_r[9]~DUPLICATE ;
;   15.418 ;   2.184 ;    ;      ;        ;                   ; clock pessimism removed                   ;
; 15.358   ; -0.060  ;    ;      ;        ;                   ; clock uncertainty                         ;
; 15.358   ; 0.000   ;    ; uTsu ; 1      ; FF_X21_Y32_N20    ; zhao_cmd_dma:u_dma|crc_pay_r[9]~DUPLICATE ;
+----------+---------+----+------+--------+-------------------+-------------------------------------------+

----------------------------
; Extra Fitter Information ;
----------------------------
HTML report is unavailable in plain text report export.


Path #30: Setup slack is -0.677 (VIOLATED)
===============================================================================
+--------------------------------------------------------+
; Path Summary                                           ;
+--------------------+-----------------------------------+
; Property           ; Value                             ;
+--------------------+-----------------------------------+
; From Node          ; zhao_cmd_dma:u_dma|hdr_win[28][5] ;
; To Node            ; zhao_cmd_dma:u_dma|crc_pay_r[9]   ;
; Launch Clock       ; gpu_clk                           ;
; Latch Clock        ; gpu_clk                           ;
; Data Arrival Time  ; 16.038                            ;
; Data Required Time ; 15.361                            ;
; Slack              ; -0.677 (VIOLATED)                 ;
+--------------------+-----------------------------------+

+------------------------------------------------------------------------------------+
; Statistics                                                                         ;
+------------------------+--------+-------+-------------+------------+-------+-------+
; Property               ; Value  ; Count ; Total Delay ; % of Total ; Min   ; Max   ;
+------------------------+--------+-------+-------------+------------+-------+-------+
; Setup Relationship     ; 10.000 ;       ;             ;            ;       ;       ;
; Clock Skew             ; -0.697 ;       ;             ;            ;       ;       ;
; Data Delay             ; 9.920  ;       ;             ;            ;       ;       ;
; Number of Logic Levels ;        ; 6     ;             ;            ;       ;       ;
; Physical Delays        ;        ;       ;             ;            ;       ;       ;
;  Arrival Path          ;        ;       ;             ;            ;       ;       ;
;   Clock                ;        ;       ;             ;            ;       ;       ;
;    IC                  ;        ; 2     ; 5.207       ; 85         ; 2.473 ; 2.734 ;
;    Cell                ;        ; 2     ; 0.911       ; 15         ; 0.321 ; 0.590 ;
;   Data                 ;        ;       ;             ;            ;       ;       ;
;    IC                  ;        ; 7     ; 6.733       ; 68         ; 0.214 ; 2.064 ;
;    Cell                ;        ; 8     ; 3.187       ; 32         ; 0.000 ; 0.726 ;
;    uTco                ;        ; 1     ; 0.000       ; 0          ; 0.000 ; 0.000 ;
;  Required Path         ;        ;       ;             ;            ;       ;       ;
;   Clock                ;        ;       ;             ;            ;       ;       ;
;    IC                  ;        ; 2     ; 2.447       ; 76         ; 0.576 ; 1.871 ;
;    Cell                ;        ; 2     ; 0.790       ; 24         ; 0.295 ; 0.495 ;
+------------------------+--------+-------+-------------+------------+-------+-------+
Note: Negative delays are omitted from totals when calculating percentages

+---------------------------------------------------------------------------------------------------+
; Data Arrival Path                                                                                 ;
+----------+---------+----+------+--------+---------------------+-----------------------------------+
; Total    ; Incr    ; RF ; Type ; Fanout ; Location            ; Element                           ;
+----------+---------+----+------+--------+---------------------+-----------------------------------+
; 0.000    ; 0.000   ;    ;      ;        ;                     ; launch edge time                  ;
; 6.118    ; 6.118   ;    ;      ;        ;                     ; clock path                        ;
;   0.000  ;   0.000 ;    ;      ;        ;                     ; source latency                    ;
;   0.000  ;   0.000 ;    ;      ; 1      ; LABCELL_X1_Y36_N9   ; gpu_clk                           ;
;   2.734  ;   2.734 ; RR ; IC   ; 1      ; CLKCTRL_G2          ; gpu_clk~CLKENA0|inclk             ;
;   3.055  ;   0.321 ; RR ; CELL ; 9078   ; CLKCTRL_G2          ; gpu_clk~CLKENA0|outclk            ;
;   5.528  ;   2.473 ; RR ; IC   ; 1      ; FF_X39_Y39_N35      ; u_dma|hdr_win[28][5]|clk          ;
;   6.118  ;   0.590 ; RR ; CELL ; 1      ; FF_X39_Y39_N35      ; zhao_cmd_dma:u_dma|hdr_win[28][5] ;
; 16.038   ; 9.920   ;    ;      ;        ;                     ; data path                         ;
;   6.118  ;   0.000 ;    ; uTco ; 1      ; FF_X39_Y39_N35      ; zhao_cmd_dma:u_dma|hdr_win[28][5] ;
;   6.118  ;   0.000 ; FF ; CELL ; 4      ; FF_X39_Y39_N35      ; u_dma|hdr_win[28][5]|q            ;
;   8.182  ;   2.064 ; FF ; IC   ; 1      ; LABCELL_X27_Y36_N51 ; u_dma|LessThan25~0|datad          ;
;   8.623  ;   0.441 ; FR ; CELL ; 1      ; LABCELL_X27_Y36_N51 ; u_dma|LessThan25~0|combout        ;
;   8.837  ;   0.214 ; RR ; IC   ; 1      ; LABCELL_X27_Y36_N45 ; u_dma|LessThan25~4|dataa          ;
;   9.438  ;   0.601 ; RR ; CELL ; 1      ; LABCELL_X27_Y36_N45 ; u_dma|LessThan25~4|combout        ;
;   10.622 ;   1.184 ; RR ; IC   ; 1      ; LABCELL_X35_Y38_N39 ; u_dma|LessThan25~12|datae         ;
;   10.890 ;   0.268 ; RF ; CELL ; 1      ; LABCELL_X35_Y38_N39 ; u_dma|LessThan25~12|combout       ;
;   11.116 ;   0.226 ; FF ; IC   ; 1      ; LABCELL_X35_Y38_N54 ; u_dma|LessThan25~22|dataf         ;
;   11.207 ;   0.091 ; FR ; CELL ; 1      ; LABCELL_X35_Y38_N54 ; u_dma|LessThan25~22|combout       ;
;   11.577 ;   0.370 ; RR ; IC   ; 1      ; LABCELL_X36_Y38_N6  ; u_dma|ok_v~5|datac                ;
;   12.071 ;   0.494 ; RF ; CELL ; 10     ; LABCELL_X36_Y38_N6  ; u_dma|ok_v~5|combout              ;
;   13.635 ;   1.564 ; FF ; IC   ; 1      ; LABCELL_X24_Y35_N48 ; u_dma|crc_pay_r[14]~0|dataa       ;
;   14.201 ;   0.566 ; FF ; CELL ; 49     ; LABCELL_X24_Y35_N48 ; u_dma|crc_pay_r[14]~0|combout     ;
;   15.312 ;   1.111 ; FF ; IC   ; 1      ; FF_X21_Y32_N19      ; u_dma|crc_pay_r[9]|ena            ;
;   16.038 ;   0.726 ; FF ; CELL ; 1      ; FF_X21_Y32_N19      ; zhao_cmd_dma:u_dma|crc_pay_r[9]   ;
+----------+---------+----+------+--------+---------------------+-----------------------------------+

+-----------------------------------------------------------------------------------------------+
; Data Required Path                                                                            ;
+----------+---------+----+------+--------+-------------------+---------------------------------+
; Total    ; Incr    ; RF ; Type ; Fanout ; Location          ; Element                         ;
+----------+---------+----+------+--------+-------------------+---------------------------------+
; 10.000   ; 10.000  ;    ;      ;        ;                   ; latch edge time                 ;
; 15.421   ; 5.421   ;    ;      ;        ;                   ; clock path                      ;
;   10.000 ;   0.000 ;    ;      ;        ;                   ; source latency                  ;
;   10.000 ;   0.000 ;    ;      ; 1      ; LABCELL_X1_Y36_N9 ; gpu_clk                         ;
;   10.576 ;   0.576 ; RR ; IC   ; 1      ; CLKCTRL_G2        ; gpu_clk~CLKENA0|inclk           ;
;   10.871 ;   0.295 ; RR ; CELL ; 9078   ; CLKCTRL_G2        ; gpu_clk~CLKENA0|outclk          ;
;   12.742 ;   1.871 ; RR ; IC   ; 1      ; FF_X21_Y32_N19    ; u_dma|crc_pay_r[9]|clk          ;
;   13.237 ;   0.495 ; RR ; CELL ; 1      ; FF_X21_Y32_N19    ; zhao_cmd_dma:u_dma|crc_pay_r[9] ;
;   15.421 ;   2.184 ;    ;      ;        ;                   ; clock pessimism removed         ;
; 15.361   ; -0.060  ;    ;      ;        ;                   ; clock uncertainty               ;
; 15.361   ; 0.000   ;    ; uTsu ; 1      ; FF_X21_Y32_N19    ; zhao_cmd_dma:u_dma|crc_pay_r[9] ;
+----------+---------+----+------+--------+-------------------+---------------------------------+

----------------------------
; Extra Fitter Information ;
----------------------------
HTML report is unavailable in plain text report export.


Path #31: Setup slack is -0.664 (VIOLATED)
===============================================================================
+----------------------------------------+
; Path Summary                           ;
+--------------------+-------------------+
; Property           ; Value             ;
+--------------------+-------------------+
; From Node          ; f_pos[1]          ;
; To Node            ; recq[1][14]       ;
; Launch Clock       ; gpu_clk           ;
; Latch Clock        ; gpu_clk           ;
; Data Arrival Time  ; 16.584            ;
; Data Required Time ; 15.920            ;
; Slack              ; -0.664 (VIOLATED) ;
+--------------------+-------------------+

+------------------------------------------------------------------------------------+
; Statistics                                                                         ;
+------------------------+--------+-------+-------------+------------+-------+-------+
; Property               ; Value  ; Count ; Total Delay ; % of Total ; Min   ; Max   ;
+------------------------+--------+-------+-------------+------------+-------+-------+
; Setup Relationship     ; 10.000 ;       ;             ;            ;       ;       ;
; Clock Skew             ; -0.095 ;       ;             ;            ;       ;       ;
; Data Delay             ; 10.509 ;       ;             ;            ;       ;       ;
; Number of Logic Levels ;        ; 7     ;             ;            ;       ;       ;
; Physical Delays        ;        ;       ;             ;            ;       ;       ;
;  Arrival Path          ;        ;       ;             ;            ;       ;       ;
;   Clock                ;        ;       ;             ;            ;       ;       ;
;    IC                  ;        ; 2     ; 5.184       ; 85         ; 2.450 ; 2.734 ;
;    Cell                ;        ; 2     ; 0.891       ; 15         ; 0.321 ; 0.570 ;
;   Data                 ;        ;       ;             ;            ;       ;       ;
;    IC                  ;        ; 8     ; 6.536       ; 62         ; 0.218 ; 1.707 ;
;    Cell                ;        ; 9     ; 3.973       ; 38         ; 0.000 ; 0.732 ;
;    uTco                ;        ; 1     ; 0.000       ; 0          ; 0.000 ; 0.000 ;
;  Required Path         ;        ;       ;             ;            ;       ;       ;
;   Clock                ;        ;       ;             ;            ;       ;       ;
;    IC                  ;        ; 2     ; 2.596       ; 76         ; 0.576 ; 2.020 ;
;    Cell                ;        ; 2     ; 0.802       ; 24         ; 0.295 ; 0.507 ;
+------------------------+--------+-------+-------------+------------+-------+-------+
Note: Negative delays are omitted from totals when calculating percentages

+------------------------------------------------------------------------------------------+
; Data Arrival Path                                                                        ;
+----------+---------+----+------+--------+----------------------+-------------------------+
; Total    ; Incr    ; RF ; Type ; Fanout ; Location             ; Element                 ;
+----------+---------+----+------+--------+----------------------+-------------------------+
; 0.000    ; 0.000   ;    ;      ;        ;                      ; launch edge time        ;
; 6.075    ; 6.075   ;    ;      ;        ;                      ; clock path              ;
;   0.000  ;   0.000 ;    ;      ;        ;                      ; source latency          ;
;   0.000  ;   0.000 ;    ;      ; 1      ; LABCELL_X1_Y36_N9    ; gpu_clk                 ;
;   2.734  ;   2.734 ; RR ; IC   ; 1      ; CLKCTRL_G2           ; gpu_clk~CLKENA0|inclk   ;
;   3.055  ;   0.321 ; RR ; CELL ; 9078   ; CLKCTRL_G2           ; gpu_clk~CLKENA0|outclk  ;
;   5.505  ;   2.450 ; RR ; IC   ; 1      ; FF_X35_Y47_N5        ; f_pos[1]|clk            ;
;   6.075  ;   0.570 ; RR ; CELL ; 1      ; FF_X35_Y47_N5        ; f_pos[1]                ;
; 16.584   ; 10.509  ;    ;      ;        ;                      ; data path               ;
;   6.075  ;   0.000 ;    ; uTco ; 1      ; FF_X35_Y47_N5        ; f_pos[1]                ;
;   6.075  ;   0.000 ; RR ; CELL ; 2      ; FF_X35_Y47_N5        ; f_pos[1]|q              ;
;   7.245  ;   1.170 ; RR ; IC   ; 1      ; LABCELL_X33_Y45_N27  ; LessThan5~4|datad       ;
;   7.738  ;   0.493 ; RF ; CELL ; 1      ; LABCELL_X33_Y45_N27  ; LessThan5~4|combout     ;
;   8.344  ;   0.606 ; FF ; IC   ; 1      ; MLABCELL_X34_Y45_N0  ; LessThan5~5|dataa       ;
;   8.898  ;   0.554 ; FF ; CELL ; 2      ; MLABCELL_X34_Y45_N0  ; LessThan5~5|combout     ;
;   9.450  ;   0.552 ; FF ; IC   ; 1      ; LABCELL_X33_Y45_N54  ; LessThan5~30|dataa      ;
;   9.990  ;   0.540 ; FR ; CELL ; 1      ; LABCELL_X33_Y45_N54  ; LessThan5~30|combout    ;
;   10.560 ;   0.570 ; RR ; IC   ; 1      ; MLABCELL_X34_Y45_N42 ; LessThan5~31|datae      ;
;   10.861 ;   0.301 ; RF ; CELL ; 1      ; MLABCELL_X34_Y45_N42 ; LessThan5~31|combout    ;
;   11.079 ;   0.218 ; FF ; IC   ; 1      ; MLABCELL_X34_Y45_N54 ; LessThan5~33|datad      ;
;   11.649 ;   0.570 ; FF ; CELL ; 1      ; MLABCELL_X34_Y45_N54 ; LessThan5~33|combout    ;
;   12.398 ;   0.749 ; FF ; IC   ; 1      ; MLABCELL_X34_Y46_N0  ; in_rec_region~0|dataa   ;
;   12.960 ;   0.562 ; FF ; CELL ; 14     ; MLABCELL_X34_Y46_N0  ; in_rec_region~0|combout ;
;   13.924 ;   0.964 ; FF ; IC   ; 1      ; LABCELL_X33_Y48_N18  ; recq[1][143]~8|datae    ;
;   14.145 ;   0.221 ; FF ; CELL ; 136    ; LABCELL_X33_Y48_N18  ; recq[1][143]~8|combout  ;
;   15.852 ;   1.707 ; FF ; IC   ; 1      ; FF_X39_Y51_N11       ; recq[1][14]|ena         ;
;   16.584 ;   0.732 ; FF ; CELL ; 1      ; FF_X39_Y51_N11       ; recq[1][14]             ;
+----------+---------+----+------+--------+----------------------+-------------------------+

+---------------------------------------------------------------------------------------+
; Data Required Path                                                                    ;
+----------+---------+----+------+--------+-------------------+-------------------------+
; Total    ; Incr    ; RF ; Type ; Fanout ; Location          ; Element                 ;
+----------+---------+----+------+--------+-------------------+-------------------------+
; 10.000   ; 10.000  ;    ;      ;        ;                   ; latch edge time         ;
; 15.980   ; 5.980   ;    ;      ;        ;                   ; clock path              ;
;   10.000 ;   0.000 ;    ;      ;        ;                   ; source latency          ;
;   10.000 ;   0.000 ;    ;      ; 1      ; LABCELL_X1_Y36_N9 ; gpu_clk                 ;
;   10.576 ;   0.576 ; RR ; IC   ; 1      ; CLKCTRL_G2        ; gpu_clk~CLKENA0|inclk   ;
;   10.871 ;   0.295 ; RR ; CELL ; 9078   ; CLKCTRL_G2        ; gpu_clk~CLKENA0|outclk  ;
;   12.891 ;   2.020 ; RR ; IC   ; 1      ; FF_X39_Y51_N11    ; recq[1][14]|clk         ;
;   13.398 ;   0.507 ; RR ; CELL ; 1      ; FF_X39_Y51_N11    ; recq[1][14]             ;
;   15.980 ;   2.582 ;    ;      ;        ;                   ; clock pessimism removed ;
; 15.920   ; -0.060  ;    ;      ;        ;                   ; clock uncertainty       ;
; 15.920   ; 0.000   ;    ; uTsu ; 1      ; FF_X39_Y51_N11    ; recq[1][14]             ;
+----------+---------+----+------+--------+-------------------+-------------------------+

----------------------------
; Extra Fitter Information ;
----------------------------
HTML report is unavailable in plain text report export.


Path #32: Setup slack is -0.663 (VIOLATED)
===============================================================================
+----------------------------------------+
; Path Summary                           ;
+--------------------+-------------------+
; Property           ; Value             ;
+--------------------+-------------------+
; From Node          ; f_pos[1]          ;
; To Node            ; recq[1][101]      ;
; Launch Clock       ; gpu_clk           ;
; Latch Clock        ; gpu_clk           ;
; Data Arrival Time  ; 16.579            ;
; Data Required Time ; 15.916            ;
; Slack              ; -0.663 (VIOLATED) ;
+--------------------+-------------------+

+------------------------------------------------------------------------------------+
; Statistics                                                                         ;
+------------------------+--------+-------+-------------+------------+-------+-------+
; Property               ; Value  ; Count ; Total Delay ; % of Total ; Min   ; Max   ;
+------------------------+--------+-------+-------------+------------+-------+-------+
; Setup Relationship     ; 10.000 ;       ;             ;            ;       ;       ;
; Clock Skew             ; -0.099 ;       ;             ;            ;       ;       ;
; Data Delay             ; 10.504 ;       ;             ;            ;       ;       ;
; Number of Logic Levels ;        ; 7     ;             ;            ;       ;       ;
; Physical Delays        ;        ;       ;             ;            ;       ;       ;
;  Arrival Path          ;        ;       ;             ;            ;       ;       ;
;   Clock                ;        ;       ;             ;            ;       ;       ;
;    IC                  ;        ; 2     ; 5.184       ; 85         ; 2.450 ; 2.734 ;
;    Cell                ;        ; 2     ; 0.891       ; 15         ; 0.321 ; 0.570 ;
;   Data                 ;        ;       ;             ;            ;       ;       ;
;    IC                  ;        ; 8     ; 6.536       ; 62         ; 0.218 ; 1.707 ;
;    Cell                ;        ; 9     ; 3.968       ; 38         ; 0.000 ; 0.727 ;
;    uTco                ;        ; 1     ; 0.000       ; 0          ; 0.000 ; 0.000 ;
;  Required Path         ;        ;       ;             ;            ;       ;       ;
;   Clock                ;        ;       ;             ;            ;       ;       ;
;    IC                  ;        ; 2     ; 2.596       ; 76         ; 0.576 ; 2.020 ;
;    Cell                ;        ; 2     ; 0.798       ; 24         ; 0.295 ; 0.503 ;
+------------------------+--------+-------+-------------+------------+-------+-------+
Note: Negative delays are omitted from totals when calculating percentages

+------------------------------------------------------------------------------------------+
; Data Arrival Path                                                                        ;
+----------+---------+----+------+--------+----------------------+-------------------------+
; Total    ; Incr    ; RF ; Type ; Fanout ; Location             ; Element                 ;
+----------+---------+----+------+--------+----------------------+-------------------------+
; 0.000    ; 0.000   ;    ;      ;        ;                      ; launch edge time        ;
; 6.075    ; 6.075   ;    ;      ;        ;                      ; clock path              ;
;   0.000  ;   0.000 ;    ;      ;        ;                      ; source latency          ;
;   0.000  ;   0.000 ;    ;      ; 1      ; LABCELL_X1_Y36_N9    ; gpu_clk                 ;
;   2.734  ;   2.734 ; RR ; IC   ; 1      ; CLKCTRL_G2           ; gpu_clk~CLKENA0|inclk   ;
;   3.055  ;   0.321 ; RR ; CELL ; 9078   ; CLKCTRL_G2           ; gpu_clk~CLKENA0|outclk  ;
;   5.505  ;   2.450 ; RR ; IC   ; 1      ; FF_X35_Y47_N5        ; f_pos[1]|clk            ;
;   6.075  ;   0.570 ; RR ; CELL ; 1      ; FF_X35_Y47_N5        ; f_pos[1]                ;
; 16.579   ; 10.504  ;    ;      ;        ;                      ; data path               ;
;   6.075  ;   0.000 ;    ; uTco ; 1      ; FF_X35_Y47_N5        ; f_pos[1]                ;
;   6.075  ;   0.000 ; RR ; CELL ; 2      ; FF_X35_Y47_N5        ; f_pos[1]|q              ;
;   7.245  ;   1.170 ; RR ; IC   ; 1      ; LABCELL_X33_Y45_N27  ; LessThan5~4|datad       ;
;   7.738  ;   0.493 ; RF ; CELL ; 1      ; LABCELL_X33_Y45_N27  ; LessThan5~4|combout     ;
;   8.344  ;   0.606 ; FF ; IC   ; 1      ; MLABCELL_X34_Y45_N0  ; LessThan5~5|dataa       ;
;   8.898  ;   0.554 ; FF ; CELL ; 2      ; MLABCELL_X34_Y45_N0  ; LessThan5~5|combout     ;
;   9.450  ;   0.552 ; FF ; IC   ; 1      ; LABCELL_X33_Y45_N54  ; LessThan5~30|dataa      ;
;   9.990  ;   0.540 ; FR ; CELL ; 1      ; LABCELL_X33_Y45_N54  ; LessThan5~30|combout    ;
;   10.560 ;   0.570 ; RR ; IC   ; 1      ; MLABCELL_X34_Y45_N42 ; LessThan5~31|datae      ;
;   10.861 ;   0.301 ; RF ; CELL ; 1      ; MLABCELL_X34_Y45_N42 ; LessThan5~31|combout    ;
;   11.079 ;   0.218 ; FF ; IC   ; 1      ; MLABCELL_X34_Y45_N54 ; LessThan5~33|datad      ;
;   11.649 ;   0.570 ; FF ; CELL ; 1      ; MLABCELL_X34_Y45_N54 ; LessThan5~33|combout    ;
;   12.398 ;   0.749 ; FF ; IC   ; 1      ; MLABCELL_X34_Y46_N0  ; in_rec_region~0|dataa   ;
;   12.960 ;   0.562 ; FF ; CELL ; 14     ; MLABCELL_X34_Y46_N0  ; in_rec_region~0|combout ;
;   13.924 ;   0.964 ; FF ; IC   ; 1      ; LABCELL_X33_Y48_N18  ; recq[1][143]~8|datae    ;
;   14.145 ;   0.221 ; FF ; CELL ; 136    ; LABCELL_X33_Y48_N18  ; recq[1][143]~8|combout  ;
;   15.852 ;   1.707 ; FF ; IC   ; 1      ; FF_X39_Y51_N2        ; recq[1][101]|ena        ;
;   16.579 ;   0.727 ; FF ; CELL ; 1      ; FF_X39_Y51_N2        ; recq[1][101]            ;
+----------+---------+----+------+--------+----------------------+-------------------------+

+---------------------------------------------------------------------------------------+
; Data Required Path                                                                    ;
+----------+---------+----+------+--------+-------------------+-------------------------+
; Total    ; Incr    ; RF ; Type ; Fanout ; Location          ; Element                 ;
+----------+---------+----+------+--------+-------------------+-------------------------+
; 10.000   ; 10.000  ;    ;      ;        ;                   ; latch edge time         ;
; 15.976   ; 5.976   ;    ;      ;        ;                   ; clock path              ;
;   10.000 ;   0.000 ;    ;      ;        ;                   ; source latency          ;
;   10.000 ;   0.000 ;    ;      ; 1      ; LABCELL_X1_Y36_N9 ; gpu_clk                 ;
;   10.576 ;   0.576 ; RR ; IC   ; 1      ; CLKCTRL_G2        ; gpu_clk~CLKENA0|inclk   ;
;   10.871 ;   0.295 ; RR ; CELL ; 9078   ; CLKCTRL_G2        ; gpu_clk~CLKENA0|outclk  ;
;   12.891 ;   2.020 ; RR ; IC   ; 1      ; FF_X39_Y51_N2     ; recq[1][101]|clk        ;
;   13.394 ;   0.503 ; RR ; CELL ; 1      ; FF_X39_Y51_N2     ; recq[1][101]            ;
;   15.976 ;   2.582 ;    ;      ;        ;                   ; clock pessimism removed ;
; 15.916   ; -0.060  ;    ;      ;        ;                   ; clock uncertainty       ;
; 15.916   ; 0.000   ;    ; uTsu ; 1      ; FF_X39_Y51_N2     ; recq[1][101]            ;
+----------+---------+----+------+--------+-------------------+-------------------------+

----------------------------
; Extra Fitter Information ;
----------------------------
HTML report is unavailable in plain text report export.


Path #33: Setup slack is -0.663 (VIOLATED)
===============================================================================
+----------------------------------------+
; Path Summary                           ;
+--------------------+-------------------+
; Property           ; Value             ;
+--------------------+-------------------+
; From Node          ; f_pos[1]          ;
; To Node            ; recq[1][100]      ;
; Launch Clock       ; gpu_clk           ;
; Latch Clock        ; gpu_clk           ;
; Data Arrival Time  ; 16.579            ;
; Data Required Time ; 15.916            ;
; Slack              ; -0.663 (VIOLATED) ;
+--------------------+-------------------+

+------------------------------------------------------------------------------------+
; Statistics                                                                         ;
+------------------------+--------+-------+-------------+------------+-------+-------+
; Property               ; Value  ; Count ; Total Delay ; % of Total ; Min   ; Max   ;
+------------------------+--------+-------+-------------+------------+-------+-------+
; Setup Relationship     ; 10.000 ;       ;             ;            ;       ;       ;
; Clock Skew             ; -0.099 ;       ;             ;            ;       ;       ;
; Data Delay             ; 10.504 ;       ;             ;            ;       ;       ;
; Number of Logic Levels ;        ; 7     ;             ;            ;       ;       ;
; Physical Delays        ;        ;       ;             ;            ;       ;       ;
;  Arrival Path          ;        ;       ;             ;            ;       ;       ;
;   Clock                ;        ;       ;             ;            ;       ;       ;
;    IC                  ;        ; 2     ; 5.184       ; 85         ; 2.450 ; 2.734 ;
;    Cell                ;        ; 2     ; 0.891       ; 15         ; 0.321 ; 0.570 ;
;   Data                 ;        ;       ;             ;            ;       ;       ;
;    IC                  ;        ; 8     ; 6.536       ; 62         ; 0.218 ; 1.707 ;
;    Cell                ;        ; 9     ; 3.968       ; 38         ; 0.000 ; 0.727 ;
;    uTco                ;        ; 1     ; 0.000       ; 0          ; 0.000 ; 0.000 ;
;  Required Path         ;        ;       ;             ;            ;       ;       ;
;   Clock                ;        ;       ;             ;            ;       ;       ;
;    IC                  ;        ; 2     ; 2.596       ; 76         ; 0.576 ; 2.020 ;
;    Cell                ;        ; 2     ; 0.798       ; 24         ; 0.295 ; 0.503 ;
+------------------------+--------+-------+-------------+------------+-------+-------+
Note: Negative delays are omitted from totals when calculating percentages

+------------------------------------------------------------------------------------------+
; Data Arrival Path                                                                        ;
+----------+---------+----+------+--------+----------------------+-------------------------+
; Total    ; Incr    ; RF ; Type ; Fanout ; Location             ; Element                 ;
+----------+---------+----+------+--------+----------------------+-------------------------+
; 0.000    ; 0.000   ;    ;      ;        ;                      ; launch edge time        ;
; 6.075    ; 6.075   ;    ;      ;        ;                      ; clock path              ;
;   0.000  ;   0.000 ;    ;      ;        ;                      ; source latency          ;
;   0.000  ;   0.000 ;    ;      ; 1      ; LABCELL_X1_Y36_N9    ; gpu_clk                 ;
;   2.734  ;   2.734 ; RR ; IC   ; 1      ; CLKCTRL_G2           ; gpu_clk~CLKENA0|inclk   ;
;   3.055  ;   0.321 ; RR ; CELL ; 9078   ; CLKCTRL_G2           ; gpu_clk~CLKENA0|outclk  ;
;   5.505  ;   2.450 ; RR ; IC   ; 1      ; FF_X35_Y47_N5        ; f_pos[1]|clk            ;
;   6.075  ;   0.570 ; RR ; CELL ; 1      ; FF_X35_Y47_N5        ; f_pos[1]                ;
; 16.579   ; 10.504  ;    ;      ;        ;                      ; data path               ;
;   6.075  ;   0.000 ;    ; uTco ; 1      ; FF_X35_Y47_N5        ; f_pos[1]                ;
;   6.075  ;   0.000 ; RR ; CELL ; 2      ; FF_X35_Y47_N5        ; f_pos[1]|q              ;
;   7.245  ;   1.170 ; RR ; IC   ; 1      ; LABCELL_X33_Y45_N27  ; LessThan5~4|datad       ;
;   7.738  ;   0.493 ; RF ; CELL ; 1      ; LABCELL_X33_Y45_N27  ; LessThan5~4|combout     ;
;   8.344  ;   0.606 ; FF ; IC   ; 1      ; MLABCELL_X34_Y45_N0  ; LessThan5~5|dataa       ;
;   8.898  ;   0.554 ; FF ; CELL ; 2      ; MLABCELL_X34_Y45_N0  ; LessThan5~5|combout     ;
;   9.450  ;   0.552 ; FF ; IC   ; 1      ; LABCELL_X33_Y45_N54  ; LessThan5~30|dataa      ;
;   9.990  ;   0.540 ; FR ; CELL ; 1      ; LABCELL_X33_Y45_N54  ; LessThan5~30|combout    ;
;   10.560 ;   0.570 ; RR ; IC   ; 1      ; MLABCELL_X34_Y45_N42 ; LessThan5~31|datae      ;
;   10.861 ;   0.301 ; RF ; CELL ; 1      ; MLABCELL_X34_Y45_N42 ; LessThan5~31|combout    ;
;   11.079 ;   0.218 ; FF ; IC   ; 1      ; MLABCELL_X34_Y45_N54 ; LessThan5~33|datad      ;
;   11.649 ;   0.570 ; FF ; CELL ; 1      ; MLABCELL_X34_Y45_N54 ; LessThan5~33|combout    ;
;   12.398 ;   0.749 ; FF ; IC   ; 1      ; MLABCELL_X34_Y46_N0  ; in_rec_region~0|dataa   ;
;   12.960 ;   0.562 ; FF ; CELL ; 14     ; MLABCELL_X34_Y46_N0  ; in_rec_region~0|combout ;
;   13.924 ;   0.964 ; FF ; IC   ; 1      ; LABCELL_X33_Y48_N18  ; recq[1][143]~8|datae    ;
;   14.145 ;   0.221 ; FF ; CELL ; 136    ; LABCELL_X33_Y48_N18  ; recq[1][143]~8|combout  ;
;   15.852 ;   1.707 ; FF ; IC   ; 1      ; FF_X39_Y51_N14       ; recq[1][100]|ena        ;
;   16.579 ;   0.727 ; FF ; CELL ; 1      ; FF_X39_Y51_N14       ; recq[1][100]            ;
+----------+---------+----+------+--------+----------------------+-------------------------+

+---------------------------------------------------------------------------------------+
; Data Required Path                                                                    ;
+----------+---------+----+------+--------+-------------------+-------------------------+
; Total    ; Incr    ; RF ; Type ; Fanout ; Location          ; Element                 ;
+----------+---------+----+------+--------+-------------------+-------------------------+
; 10.000   ; 10.000  ;    ;      ;        ;                   ; latch edge time         ;
; 15.976   ; 5.976   ;    ;      ;        ;                   ; clock path              ;
;   10.000 ;   0.000 ;    ;      ;        ;                   ; source latency          ;
;   10.000 ;   0.000 ;    ;      ; 1      ; LABCELL_X1_Y36_N9 ; gpu_clk                 ;
;   10.576 ;   0.576 ; RR ; IC   ; 1      ; CLKCTRL_G2        ; gpu_clk~CLKENA0|inclk   ;
;   10.871 ;   0.295 ; RR ; CELL ; 9078   ; CLKCTRL_G2        ; gpu_clk~CLKENA0|outclk  ;
;   12.891 ;   2.020 ; RR ; IC   ; 1      ; FF_X39_Y51_N14    ; recq[1][100]|clk        ;
;   13.394 ;   0.503 ; RR ; CELL ; 1      ; FF_X39_Y51_N14    ; recq[1][100]            ;
;   15.976 ;   2.582 ;    ;      ;        ;                   ; clock pessimism removed ;
; 15.916   ; -0.060  ;    ;      ;        ;                   ; clock uncertainty       ;
; 15.916   ; 0.000   ;    ; uTsu ; 1      ; FF_X39_Y51_N14    ; recq[1][100]            ;
+----------+---------+----+------+--------+-------------------+-------------------------+

----------------------------
; Extra Fitter Information ;
----------------------------
HTML report is unavailable in plain text report export.


Path #34: Setup slack is -0.663 (VIOLATED)
===============================================================================
+----------------------------------------+
; Path Summary                           ;
+--------------------+-------------------+
; Property           ; Value             ;
+--------------------+-------------------+
; From Node          ; f_pos[1]          ;
; To Node            ; recq[1][99]       ;
; Launch Clock       ; gpu_clk           ;
; Latch Clock        ; gpu_clk           ;
; Data Arrival Time  ; 16.579            ;
; Data Required Time ; 15.916            ;
; Slack              ; -0.663 (VIOLATED) ;
+--------------------+-------------------+

+------------------------------------------------------------------------------------+
; Statistics                                                                         ;
+------------------------+--------+-------+-------------+------------+-------+-------+
; Property               ; Value  ; Count ; Total Delay ; % of Total ; Min   ; Max   ;
+------------------------+--------+-------+-------------+------------+-------+-------+
; Setup Relationship     ; 10.000 ;       ;             ;            ;       ;       ;
; Clock Skew             ; -0.099 ;       ;             ;            ;       ;       ;
; Data Delay             ; 10.504 ;       ;             ;            ;       ;       ;
; Number of Logic Levels ;        ; 7     ;             ;            ;       ;       ;
; Physical Delays        ;        ;       ;             ;            ;       ;       ;
;  Arrival Path          ;        ;       ;             ;            ;       ;       ;
;   Clock                ;        ;       ;             ;            ;       ;       ;
;    IC                  ;        ; 2     ; 5.184       ; 85         ; 2.450 ; 2.734 ;
;    Cell                ;        ; 2     ; 0.891       ; 15         ; 0.321 ; 0.570 ;
;   Data                 ;        ;       ;             ;            ;       ;       ;
;    IC                  ;        ; 8     ; 6.536       ; 62         ; 0.218 ; 1.707 ;
;    Cell                ;        ; 9     ; 3.968       ; 38         ; 0.000 ; 0.727 ;
;    uTco                ;        ; 1     ; 0.000       ; 0          ; 0.000 ; 0.000 ;
;  Required Path         ;        ;       ;             ;            ;       ;       ;
;   Clock                ;        ;       ;             ;            ;       ;       ;
;    IC                  ;        ; 2     ; 2.596       ; 76         ; 0.576 ; 2.020 ;
;    Cell                ;        ; 2     ; 0.798       ; 24         ; 0.295 ; 0.503 ;
+------------------------+--------+-------+-------------+------------+-------+-------+
Note: Negative delays are omitted from totals when calculating percentages

+------------------------------------------------------------------------------------------+
; Data Arrival Path                                                                        ;
+----------+---------+----+------+--------+----------------------+-------------------------+
; Total    ; Incr    ; RF ; Type ; Fanout ; Location             ; Element                 ;
+----------+---------+----+------+--------+----------------------+-------------------------+
; 0.000    ; 0.000   ;    ;      ;        ;                      ; launch edge time        ;
; 6.075    ; 6.075   ;    ;      ;        ;                      ; clock path              ;
;   0.000  ;   0.000 ;    ;      ;        ;                      ; source latency          ;
;   0.000  ;   0.000 ;    ;      ; 1      ; LABCELL_X1_Y36_N9    ; gpu_clk                 ;
;   2.734  ;   2.734 ; RR ; IC   ; 1      ; CLKCTRL_G2           ; gpu_clk~CLKENA0|inclk   ;
;   3.055  ;   0.321 ; RR ; CELL ; 9078   ; CLKCTRL_G2           ; gpu_clk~CLKENA0|outclk  ;
;   5.505  ;   2.450 ; RR ; IC   ; 1      ; FF_X35_Y47_N5        ; f_pos[1]|clk            ;
;   6.075  ;   0.570 ; RR ; CELL ; 1      ; FF_X35_Y47_N5        ; f_pos[1]                ;
; 16.579   ; 10.504  ;    ;      ;        ;                      ; data path               ;
;   6.075  ;   0.000 ;    ; uTco ; 1      ; FF_X35_Y47_N5        ; f_pos[1]                ;
;   6.075  ;   0.000 ; RR ; CELL ; 2      ; FF_X35_Y47_N5        ; f_pos[1]|q              ;
;   7.245  ;   1.170 ; RR ; IC   ; 1      ; LABCELL_X33_Y45_N27  ; LessThan5~4|datad       ;
;   7.738  ;   0.493 ; RF ; CELL ; 1      ; LABCELL_X33_Y45_N27  ; LessThan5~4|combout     ;
;   8.344  ;   0.606 ; FF ; IC   ; 1      ; MLABCELL_X34_Y45_N0  ; LessThan5~5|dataa       ;
;   8.898  ;   0.554 ; FF ; CELL ; 2      ; MLABCELL_X34_Y45_N0  ; LessThan5~5|combout     ;
;   9.450  ;   0.552 ; FF ; IC   ; 1      ; LABCELL_X33_Y45_N54  ; LessThan5~30|dataa      ;
;   9.990  ;   0.540 ; FR ; CELL ; 1      ; LABCELL_X33_Y45_N54  ; LessThan5~30|combout    ;
;   10.560 ;   0.570 ; RR ; IC   ; 1      ; MLABCELL_X34_Y45_N42 ; LessThan5~31|datae      ;
;   10.861 ;   0.301 ; RF ; CELL ; 1      ; MLABCELL_X34_Y45_N42 ; LessThan5~31|combout    ;
;   11.079 ;   0.218 ; FF ; IC   ; 1      ; MLABCELL_X34_Y45_N54 ; LessThan5~33|datad      ;
;   11.649 ;   0.570 ; FF ; CELL ; 1      ; MLABCELL_X34_Y45_N54 ; LessThan5~33|combout    ;
;   12.398 ;   0.749 ; FF ; IC   ; 1      ; MLABCELL_X34_Y46_N0  ; in_rec_region~0|dataa   ;
;   12.960 ;   0.562 ; FF ; CELL ; 14     ; MLABCELL_X34_Y46_N0  ; in_rec_region~0|combout ;
;   13.924 ;   0.964 ; FF ; IC   ; 1      ; LABCELL_X33_Y48_N18  ; recq[1][143]~8|datae    ;
;   14.145 ;   0.221 ; FF ; CELL ; 136    ; LABCELL_X33_Y48_N18  ; recq[1][143]~8|combout  ;
;   15.852 ;   1.707 ; FF ; IC   ; 1      ; FF_X39_Y51_N56       ; recq[1][99]|ena         ;
;   16.579 ;   0.727 ; FF ; CELL ; 1      ; FF_X39_Y51_N56       ; recq[1][99]             ;
+----------+---------+----+------+--------+----------------------+-------------------------+

+---------------------------------------------------------------------------------------+
; Data Required Path                                                                    ;
+----------+---------+----+------+--------+-------------------+-------------------------+
; Total    ; Incr    ; RF ; Type ; Fanout ; Location          ; Element                 ;
+----------+---------+----+------+--------+-------------------+-------------------------+
; 10.000   ; 10.000  ;    ;      ;        ;                   ; latch edge time         ;
; 15.976   ; 5.976   ;    ;      ;        ;                   ; clock path              ;
;   10.000 ;   0.000 ;    ;      ;        ;                   ; source latency          ;
;   10.000 ;   0.000 ;    ;      ; 1      ; LABCELL_X1_Y36_N9 ; gpu_clk                 ;
;   10.576 ;   0.576 ; RR ; IC   ; 1      ; CLKCTRL_G2        ; gpu_clk~CLKENA0|inclk   ;
;   10.871 ;   0.295 ; RR ; CELL ; 9078   ; CLKCTRL_G2        ; gpu_clk~CLKENA0|outclk  ;
;   12.891 ;   2.020 ; RR ; IC   ; 1      ; FF_X39_Y51_N56    ; recq[1][99]|clk         ;
;   13.394 ;   0.503 ; RR ; CELL ; 1      ; FF_X39_Y51_N56    ; recq[1][99]             ;
;   15.976 ;   2.582 ;    ;      ;        ;                   ; clock pessimism removed ;
; 15.916   ; -0.060  ;    ;      ;        ;                   ; clock uncertainty       ;
; 15.916   ; 0.000   ;    ; uTsu ; 1      ; FF_X39_Y51_N56    ; recq[1][99]             ;
+----------+---------+----+------+--------+-------------------+-------------------------+

----------------------------
; Extra Fitter Information ;
----------------------------
HTML report is unavailable in plain text report export.


Path #35: Setup slack is -0.660 (VIOLATED)
===============================================================================
+--------------------------------------------------------+
; Path Summary                                           ;
+--------------------+-----------------------------------+
; Property           ; Value                             ;
+--------------------+-----------------------------------+
; From Node          ; zhao_cmd_dma:u_dma|hdr_win[28][5] ;
; To Node            ; zhao_cmd_dma:u_dma|crc_pay_r[0]   ;
; Launch Clock       ; gpu_clk                           ;
; Latch Clock        ; gpu_clk                           ;
; Data Arrival Time  ; 16.018                            ;
; Data Required Time ; 15.358                            ;
; Slack              ; -0.660 (VIOLATED)                 ;
+--------------------+-----------------------------------+

+------------------------------------------------------------------------------------+
; Statistics                                                                         ;
+------------------------+--------+-------+-------------+------------+-------+-------+
; Property               ; Value  ; Count ; Total Delay ; % of Total ; Min   ; Max   ;
+------------------------+--------+-------+-------------+------------+-------+-------+
; Setup Relationship     ; 10.000 ;       ;             ;            ;       ;       ;
; Clock Skew             ; -0.700 ;       ;             ;            ;       ;       ;
; Data Delay             ; 9.900  ;       ;             ;            ;       ;       ;
; Number of Logic Levels ;        ; 6     ;             ;            ;       ;       ;
; Physical Delays        ;        ;       ;             ;            ;       ;       ;
;  Arrival Path          ;        ;       ;             ;            ;       ;       ;
;   Clock                ;        ;       ;             ;            ;       ;       ;
;    IC                  ;        ; 2     ; 5.207       ; 85         ; 2.473 ; 2.734 ;
;    Cell                ;        ; 2     ; 0.911       ; 15         ; 0.321 ; 0.590 ;
;   Data                 ;        ;       ;             ;            ;       ;       ;
;    IC                  ;        ; 7     ; 6.717       ; 68         ; 0.214 ; 2.064 ;
;    Cell                ;        ; 8     ; 3.183       ; 32         ; 0.000 ; 0.722 ;
;    uTco                ;        ; 1     ; 0.000       ; 0          ; 0.000 ; 0.000 ;
;  Required Path         ;        ;       ;             ;            ;       ;       ;
;   Clock                ;        ;       ;             ;            ;       ;       ;
;    IC                  ;        ; 2     ; 2.449       ; 76         ; 0.576 ; 1.873 ;
;    Cell                ;        ; 2     ; 0.785       ; 24         ; 0.295 ; 0.490 ;
+------------------------+--------+-------+-------------+------------+-------+-------+
Note: Negative delays are omitted from totals when calculating percentages

+---------------------------------------------------------------------------------------------------+
; Data Arrival Path                                                                                 ;
+----------+---------+----+------+--------+---------------------+-----------------------------------+
; Total    ; Incr    ; RF ; Type ; Fanout ; Location            ; Element                           ;
+----------+---------+----+------+--------+---------------------+-----------------------------------+
; 0.000    ; 0.000   ;    ;      ;        ;                     ; launch edge time                  ;
; 6.118    ; 6.118   ;    ;      ;        ;                     ; clock path                        ;
;   0.000  ;   0.000 ;    ;      ;        ;                     ; source latency                    ;
;   0.000  ;   0.000 ;    ;      ; 1      ; LABCELL_X1_Y36_N9   ; gpu_clk                           ;
;   2.734  ;   2.734 ; RR ; IC   ; 1      ; CLKCTRL_G2          ; gpu_clk~CLKENA0|inclk             ;
;   3.055  ;   0.321 ; RR ; CELL ; 9078   ; CLKCTRL_G2          ; gpu_clk~CLKENA0|outclk            ;
;   5.528  ;   2.473 ; RR ; IC   ; 1      ; FF_X39_Y39_N35      ; u_dma|hdr_win[28][5]|clk          ;
;   6.118  ;   0.590 ; RR ; CELL ; 1      ; FF_X39_Y39_N35      ; zhao_cmd_dma:u_dma|hdr_win[28][5] ;
; 16.018   ; 9.900   ;    ;      ;        ;                     ; data path                         ;
;   6.118  ;   0.000 ;    ; uTco ; 1      ; FF_X39_Y39_N35      ; zhao_cmd_dma:u_dma|hdr_win[28][5] ;
;   6.118  ;   0.000 ; FF ; CELL ; 4      ; FF_X39_Y39_N35      ; u_dma|hdr_win[28][5]|q            ;
;   8.182  ;   2.064 ; FF ; IC   ; 1      ; LABCELL_X27_Y36_N51 ; u_dma|LessThan25~0|datad          ;
;   8.623  ;   0.441 ; FR ; CELL ; 1      ; LABCELL_X27_Y36_N51 ; u_dma|LessThan25~0|combout        ;
;   8.837  ;   0.214 ; RR ; IC   ; 1      ; LABCELL_X27_Y36_N45 ; u_dma|LessThan25~4|dataa          ;
;   9.438  ;   0.601 ; RR ; CELL ; 1      ; LABCELL_X27_Y36_N45 ; u_dma|LessThan25~4|combout        ;
;   10.622 ;   1.184 ; RR ; IC   ; 1      ; LABCELL_X35_Y38_N39 ; u_dma|LessThan25~12|datae         ;
;   10.890 ;   0.268 ; RF ; CELL ; 1      ; LABCELL_X35_Y38_N39 ; u_dma|LessThan25~12|combout       ;
;   11.116 ;   0.226 ; FF ; IC   ; 1      ; LABCELL_X35_Y38_N54 ; u_dma|LessThan25~22|dataf         ;
;   11.207 ;   0.091 ; FR ; CELL ; 1      ; LABCELL_X35_Y38_N54 ; u_dma|LessThan25~22|combout       ;
;   11.577 ;   0.370 ; RR ; IC   ; 1      ; LABCELL_X36_Y38_N6  ; u_dma|ok_v~5|datac                ;
;   12.071 ;   0.494 ; RF ; CELL ; 10     ; LABCELL_X36_Y38_N6  ; u_dma|ok_v~5|combout              ;
;   13.635 ;   1.564 ; FF ; IC   ; 1      ; LABCELL_X24_Y35_N48 ; u_dma|crc_pay_r[14]~0|dataa       ;
;   14.201 ;   0.566 ; FF ; CELL ; 49     ; LABCELL_X24_Y35_N48 ; u_dma|crc_pay_r[14]~0|combout     ;
;   15.296 ;   1.095 ; FF ; IC   ; 1      ; FF_X19_Y33_N34      ; u_dma|crc_pay_r[0]|ena            ;
;   16.018 ;   0.722 ; FF ; CELL ; 1      ; FF_X19_Y33_N34      ; zhao_cmd_dma:u_dma|crc_pay_r[0]   ;
+----------+---------+----+------+--------+---------------------+-----------------------------------+

+-----------------------------------------------------------------------------------------------+
; Data Required Path                                                                            ;
+----------+---------+----+------+--------+-------------------+---------------------------------+
; Total    ; Incr    ; RF ; Type ; Fanout ; Location          ; Element                         ;
+----------+---------+----+------+--------+-------------------+---------------------------------+
; 10.000   ; 10.000  ;    ;      ;        ;                   ; latch edge time                 ;
; 15.418   ; 5.418   ;    ;      ;        ;                   ; clock path                      ;
;   10.000 ;   0.000 ;    ;      ;        ;                   ; source latency                  ;
;   10.000 ;   0.000 ;    ;      ; 1      ; LABCELL_X1_Y36_N9 ; gpu_clk                         ;
;   10.576 ;   0.576 ; RR ; IC   ; 1      ; CLKCTRL_G2        ; gpu_clk~CLKENA0|inclk           ;
;   10.871 ;   0.295 ; RR ; CELL ; 9078   ; CLKCTRL_G2        ; gpu_clk~CLKENA0|outclk          ;
;   12.744 ;   1.873 ; RR ; IC   ; 1      ; FF_X19_Y33_N34    ; u_dma|crc_pay_r[0]|clk          ;
;   13.234 ;   0.490 ; RR ; CELL ; 1      ; FF_X19_Y33_N34    ; zhao_cmd_dma:u_dma|crc_pay_r[0] ;
;   15.418 ;   2.184 ;    ;      ;        ;                   ; clock pessimism removed         ;
; 15.358   ; -0.060  ;    ;      ;        ;                   ; clock uncertainty               ;
; 15.358   ; 0.000   ;    ; uTsu ; 1      ; FF_X19_Y33_N34    ; zhao_cmd_dma:u_dma|crc_pay_r[0] ;
+----------+---------+----+------+--------+-------------------+---------------------------------+

----------------------------
; Extra Fitter Information ;
----------------------------
HTML report is unavailable in plain text report export.


Path #36: Setup slack is -0.659 (VIOLATED)
===============================================================================
+--------------------------------------------------------+
; Path Summary                                           ;
+--------------------+-----------------------------------+
; Property           ; Value                             ;
+--------------------+-----------------------------------+
; From Node          ; zhao_cmd_dma:u_dma|hdr_win[28][5] ;
; To Node            ; zhao_cmd_dma:u_dma|crc_pay_r[21]  ;
; Launch Clock       ; gpu_clk                           ;
; Latch Clock        ; gpu_clk                           ;
; Data Arrival Time  ; 16.022                            ;
; Data Required Time ; 15.363                            ;
; Slack              ; -0.659 (VIOLATED)                 ;
+--------------------+-----------------------------------+

+------------------------------------------------------------------------------------+
; Statistics                                                                         ;
+------------------------+--------+-------+-------------+------------+-------+-------+
; Property               ; Value  ; Count ; Total Delay ; % of Total ; Min   ; Max   ;
+------------------------+--------+-------+-------------+------------+-------+-------+
; Setup Relationship     ; 10.000 ;       ;             ;            ;       ;       ;
; Clock Skew             ; -0.695 ;       ;             ;            ;       ;       ;
; Data Delay             ; 9.904  ;       ;             ;            ;       ;       ;
; Number of Logic Levels ;        ; 6     ;             ;            ;       ;       ;
; Physical Delays        ;        ;       ;             ;            ;       ;       ;
;  Arrival Path          ;        ;       ;             ;            ;       ;       ;
;   Clock                ;        ;       ;             ;            ;       ;       ;
;    IC                  ;        ; 2     ; 5.207       ; 85         ; 2.473 ; 2.734 ;
;    Cell                ;        ; 2     ; 0.911       ; 15         ; 0.321 ; 0.590 ;
;   Data                 ;        ;       ;             ;            ;       ;       ;
;    IC                  ;        ; 7     ; 6.717       ; 68         ; 0.214 ; 2.064 ;
;    Cell                ;        ; 8     ; 3.187       ; 32         ; 0.000 ; 0.726 ;
;    uTco                ;        ; 1     ; 0.000       ; 0          ; 0.000 ; 0.000 ;
;  Required Path         ;        ;       ;             ;            ;       ;       ;
;   Clock                ;        ;       ;             ;            ;       ;       ;
;    IC                  ;        ; 2     ; 2.449       ; 76         ; 0.576 ; 1.873 ;
;    Cell                ;        ; 2     ; 0.790       ; 24         ; 0.295 ; 0.495 ;
+------------------------+--------+-------+-------------+------------+-------+-------+
Note: Negative delays are omitted from totals when calculating percentages

+---------------------------------------------------------------------------------------------------+
; Data Arrival Path                                                                                 ;
+----------+---------+----+------+--------+---------------------+-----------------------------------+
; Total    ; Incr    ; RF ; Type ; Fanout ; Location            ; Element                           ;
+----------+---------+----+------+--------+---------------------+-----------------------------------+
; 0.000    ; 0.000   ;    ;      ;        ;                     ; launch edge time                  ;
; 6.118    ; 6.118   ;    ;      ;        ;                     ; clock path                        ;
;   0.000  ;   0.000 ;    ;      ;        ;                     ; source latency                    ;
;   0.000  ;   0.000 ;    ;      ; 1      ; LABCELL_X1_Y36_N9   ; gpu_clk                           ;
;   2.734  ;   2.734 ; RR ; IC   ; 1      ; CLKCTRL_G2          ; gpu_clk~CLKENA0|inclk             ;
;   3.055  ;   0.321 ; RR ; CELL ; 9078   ; CLKCTRL_G2          ; gpu_clk~CLKENA0|outclk            ;
;   5.528  ;   2.473 ; RR ; IC   ; 1      ; FF_X39_Y39_N35      ; u_dma|hdr_win[28][5]|clk          ;
;   6.118  ;   0.590 ; RR ; CELL ; 1      ; FF_X39_Y39_N35      ; zhao_cmd_dma:u_dma|hdr_win[28][5] ;
; 16.022   ; 9.904   ;    ;      ;        ;                     ; data path                         ;
;   6.118  ;   0.000 ;    ; uTco ; 1      ; FF_X39_Y39_N35      ; zhao_cmd_dma:u_dma|hdr_win[28][5] ;
;   6.118  ;   0.000 ; FF ; CELL ; 4      ; FF_X39_Y39_N35      ; u_dma|hdr_win[28][5]|q            ;
;   8.182  ;   2.064 ; FF ; IC   ; 1      ; LABCELL_X27_Y36_N51 ; u_dma|LessThan25~0|datad          ;
;   8.623  ;   0.441 ; FR ; CELL ; 1      ; LABCELL_X27_Y36_N51 ; u_dma|LessThan25~0|combout        ;
;   8.837  ;   0.214 ; RR ; IC   ; 1      ; LABCELL_X27_Y36_N45 ; u_dma|LessThan25~4|dataa          ;
;   9.438  ;   0.601 ; RR ; CELL ; 1      ; LABCELL_X27_Y36_N45 ; u_dma|LessThan25~4|combout        ;
;   10.622 ;   1.184 ; RR ; IC   ; 1      ; LABCELL_X35_Y38_N39 ; u_dma|LessThan25~12|datae         ;
;   10.890 ;   0.268 ; RF ; CELL ; 1      ; LABCELL_X35_Y38_N39 ; u_dma|LessThan25~12|combout       ;
;   11.116 ;   0.226 ; FF ; IC   ; 1      ; LABCELL_X35_Y38_N54 ; u_dma|LessThan25~22|dataf         ;
;   11.207 ;   0.091 ; FR ; CELL ; 1      ; LABCELL_X35_Y38_N54 ; u_dma|LessThan25~22|combout       ;
;   11.577 ;   0.370 ; RR ; IC   ; 1      ; LABCELL_X36_Y38_N6  ; u_dma|ok_v~5|datac                ;
;   12.071 ;   0.494 ; RF ; CELL ; 10     ; LABCELL_X36_Y38_N6  ; u_dma|ok_v~5|combout              ;
;   13.635 ;   1.564 ; FF ; IC   ; 1      ; LABCELL_X24_Y35_N48 ; u_dma|crc_pay_r[14]~0|dataa       ;
;   14.201 ;   0.566 ; FF ; CELL ; 49     ; LABCELL_X24_Y35_N48 ; u_dma|crc_pay_r[14]~0|combout     ;
;   15.296 ;   1.095 ; FF ; IC   ; 1      ; FF_X19_Y33_N31      ; u_dma|crc_pay_r[21]|ena           ;
;   16.022 ;   0.726 ; FF ; CELL ; 1      ; FF_X19_Y33_N31      ; zhao_cmd_dma:u_dma|crc_pay_r[21]  ;
+----------+---------+----+------+--------+---------------------+-----------------------------------+

+------------------------------------------------------------------------------------------------+
; Data Required Path                                                                             ;
+----------+---------+----+------+--------+-------------------+----------------------------------+
; Total    ; Incr    ; RF ; Type ; Fanout ; Location          ; Element                          ;
+----------+---------+----+------+--------+-------------------+----------------------------------+
; 10.000   ; 10.000  ;    ;      ;        ;                   ; latch edge time                  ;
; 15.423   ; 5.423   ;    ;      ;        ;                   ; clock path                       ;
;   10.000 ;   0.000 ;    ;      ;        ;                   ; source latency                   ;
;   10.000 ;   0.000 ;    ;      ; 1      ; LABCELL_X1_Y36_N9 ; gpu_clk                          ;
;   10.576 ;   0.576 ; RR ; IC   ; 1      ; CLKCTRL_G2        ; gpu_clk~CLKENA0|inclk            ;
;   10.871 ;   0.295 ; RR ; CELL ; 9078   ; CLKCTRL_G2        ; gpu_clk~CLKENA0|outclk           ;
;   12.744 ;   1.873 ; RR ; IC   ; 1      ; FF_X19_Y33_N31    ; u_dma|crc_pay_r[21]|clk          ;
;   13.239 ;   0.495 ; RR ; CELL ; 1      ; FF_X19_Y33_N31    ; zhao_cmd_dma:u_dma|crc_pay_r[21] ;
;   15.423 ;   2.184 ;    ;      ;        ;                   ; clock pessimism removed          ;
; 15.363   ; -0.060  ;    ;      ;        ;                   ; clock uncertainty                ;
; 15.363   ; 0.000   ;    ; uTsu ; 1      ; FF_X19_Y33_N31    ; zhao_cmd_dma:u_dma|crc_pay_r[21] ;
+----------+---------+----+------+--------+-------------------+----------------------------------+

----------------------------
; Extra Fitter Information ;
----------------------------
HTML report is unavailable in plain text report export.


Path #37: Setup slack is -0.654 (VIOLATED)
===============================================================================
+----------------------------------------+
; Path Summary                           ;
+--------------------+-------------------+
; Property           ; Value             ;
+--------------------+-------------------+
; From Node          ; f_pos[1]          ;
; To Node            ; recq[2][141]      ;
; Launch Clock       ; gpu_clk           ;
; Latch Clock        ; gpu_clk           ;
; Data Arrival Time  ; 16.515            ;
; Data Required Time ; 15.861            ;
; Slack              ; -0.654 (VIOLATED) ;
+--------------------+-------------------+

+------------------------------------------------------------------------------------+
; Statistics                                                                         ;
+------------------------+--------+-------+-------------+------------+-------+-------+
; Property               ; Value  ; Count ; Total Delay ; % of Total ; Min   ; Max   ;
+------------------------+--------+-------+-------------+------------+-------+-------+
; Setup Relationship     ; 10.000 ;       ;             ;            ;       ;       ;
; Clock Skew             ; -0.154 ;       ;             ;            ;       ;       ;
; Data Delay             ; 10.440 ;       ;             ;            ;       ;       ;
; Number of Logic Levels ;        ; 7     ;             ;            ;       ;       ;
; Physical Delays        ;        ;       ;             ;            ;       ;       ;
;  Arrival Path          ;        ;       ;             ;            ;       ;       ;
;   Clock                ;        ;       ;             ;            ;       ;       ;
;    IC                  ;        ; 2     ; 5.184       ; 85         ; 2.450 ; 2.734 ;
;    Cell                ;        ; 2     ; 0.891       ; 15         ; 0.321 ; 0.570 ;
;   Data                 ;        ;       ;             ;            ;       ;       ;
;    IC                  ;        ; 8     ; 6.397       ; 61         ; 0.218 ; 1.579 ;
;    Cell                ;        ; 9     ; 4.043       ; 39         ; 0.000 ; 0.723 ;
;    uTco                ;        ; 1     ; 0.000       ; 0          ; 0.000 ; 0.000 ;
;  Required Path         ;        ;       ;             ;            ;       ;       ;
;   Clock                ;        ;       ;             ;            ;       ;       ;
;    IC                  ;        ; 2     ; 2.536       ; 76         ; 0.576 ; 1.960 ;
;    Cell                ;        ; 2     ; 0.803       ; 24         ; 0.295 ; 0.508 ;
+------------------------+--------+-------+-------------+------------+-------+-------+
Note: Negative delays are omitted from totals when calculating percentages

+------------------------------------------------------------------------------------------+
; Data Arrival Path                                                                        ;
+----------+---------+----+------+--------+----------------------+-------------------------+
; Total    ; Incr    ; RF ; Type ; Fanout ; Location             ; Element                 ;
+----------+---------+----+------+--------+----------------------+-------------------------+
; 0.000    ; 0.000   ;    ;      ;        ;                      ; launch edge time        ;
; 6.075    ; 6.075   ;    ;      ;        ;                      ; clock path              ;
;   0.000  ;   0.000 ;    ;      ;        ;                      ; source latency          ;
;   0.000  ;   0.000 ;    ;      ; 1      ; LABCELL_X1_Y36_N9    ; gpu_clk                 ;
;   2.734  ;   2.734 ; RR ; IC   ; 1      ; CLKCTRL_G2           ; gpu_clk~CLKENA0|inclk   ;
;   3.055  ;   0.321 ; RR ; CELL ; 9078   ; CLKCTRL_G2           ; gpu_clk~CLKENA0|outclk  ;
;   5.505  ;   2.450 ; RR ; IC   ; 1      ; FF_X35_Y47_N5        ; f_pos[1]|clk            ;
;   6.075  ;   0.570 ; RR ; CELL ; 1      ; FF_X35_Y47_N5        ; f_pos[1]                ;
; 16.515   ; 10.440  ;    ;      ;        ;                      ; data path               ;
;   6.075  ;   0.000 ;    ; uTco ; 1      ; FF_X35_Y47_N5        ; f_pos[1]                ;
;   6.075  ;   0.000 ; RR ; CELL ; 2      ; FF_X35_Y47_N5        ; f_pos[1]|q              ;
;   7.245  ;   1.170 ; RR ; IC   ; 1      ; LABCELL_X33_Y45_N27  ; LessThan5~4|datad       ;
;   7.738  ;   0.493 ; RF ; CELL ; 1      ; LABCELL_X33_Y45_N27  ; LessThan5~4|combout     ;
;   8.344  ;   0.606 ; FF ; IC   ; 1      ; MLABCELL_X34_Y45_N0  ; LessThan5~5|dataa       ;
;   8.898  ;   0.554 ; FF ; CELL ; 2      ; MLABCELL_X34_Y45_N0  ; LessThan5~5|combout     ;
;   9.450  ;   0.552 ; FF ; IC   ; 1      ; LABCELL_X33_Y45_N54  ; LessThan5~30|dataa      ;
;   9.990  ;   0.540 ; FR ; CELL ; 1      ; LABCELL_X33_Y45_N54  ; LessThan5~30|combout    ;
;   10.560 ;   0.570 ; RR ; IC   ; 1      ; MLABCELL_X34_Y45_N42 ; LessThan5~31|datae      ;
;   10.861 ;   0.301 ; RF ; CELL ; 1      ; MLABCELL_X34_Y45_N42 ; LessThan5~31|combout    ;
;   11.079 ;   0.218 ; FF ; IC   ; 1      ; MLABCELL_X34_Y45_N54 ; LessThan5~33|datad      ;
;   11.649 ;   0.570 ; FF ; CELL ; 1      ; MLABCELL_X34_Y45_N54 ; LessThan5~33|combout    ;
;   12.398 ;   0.749 ; FF ; IC   ; 1      ; MLABCELL_X34_Y46_N0  ; in_rec_region~0|dataa   ;
;   12.960 ;   0.562 ; FF ; CELL ; 14     ; MLABCELL_X34_Y46_N0  ; in_rec_region~0|combout ;
;   13.913 ;   0.953 ; FF ; IC   ; 1      ; LABCELL_X33_Y48_N9   ; recq[2][132]~5|datae    ;
;   14.213 ;   0.300 ; FF ; CELL ; 136    ; LABCELL_X33_Y48_N9   ; recq[2][132]~5|combout  ;
;   15.792 ;   1.579 ; FF ; IC   ; 1      ; FF_X31_Y53_N26       ; recq[2][141]|ena        ;
;   16.515 ;   0.723 ; FF ; CELL ; 1      ; FF_X31_Y53_N26       ; recq[2][141]            ;
+----------+---------+----+------+--------+----------------------+-------------------------+

+---------------------------------------------------------------------------------------+
; Data Required Path                                                                    ;
+----------+---------+----+------+--------+-------------------+-------------------------+
; Total    ; Incr    ; RF ; Type ; Fanout ; Location          ; Element                 ;
+----------+---------+----+------+--------+-------------------+-------------------------+
; 10.000   ; 10.000  ;    ;      ;        ;                   ; latch edge time         ;
; 15.921   ; 5.921   ;    ;      ;        ;                   ; clock path              ;
;   10.000 ;   0.000 ;    ;      ;        ;                   ; source latency          ;
;   10.000 ;   0.000 ;    ;      ; 1      ; LABCELL_X1_Y36_N9 ; gpu_clk                 ;
;   10.576 ;   0.576 ; RR ; IC   ; 1      ; CLKCTRL_G2        ; gpu_clk~CLKENA0|inclk   ;
;   10.871 ;   0.295 ; RR ; CELL ; 9078   ; CLKCTRL_G2        ; gpu_clk~CLKENA0|outclk  ;
;   12.831 ;   1.960 ; RR ; IC   ; 1      ; FF_X31_Y53_N26    ; recq[2][141]|clk        ;
;   13.339 ;   0.508 ; RR ; CELL ; 1      ; FF_X31_Y53_N26    ; recq[2][141]            ;
;   15.921 ;   2.582 ;    ;      ;        ;                   ; clock pessimism removed ;
; 15.861   ; -0.060  ;    ;      ;        ;                   ; clock uncertainty       ;
; 15.861   ; 0.000   ;    ; uTsu ; 1      ; FF_X31_Y53_N26    ; recq[2][141]            ;
+----------+---------+----+------+--------+-------------------+-------------------------+

----------------------------
; Extra Fitter Information ;
----------------------------
HTML report is unavailable in plain text report export.


Path #38: Setup slack is -0.640 (VIOLATED)
===============================================================================
+----------------------------------------+
; Path Summary                           ;
+--------------------+-------------------+
; Property           ; Value             ;
+--------------------+-------------------+
; From Node          ; f_pos[1]          ;
; To Node            ; recq[1][58]       ;
; Launch Clock       ; gpu_clk           ;
; Latch Clock        ; gpu_clk           ;
; Data Arrival Time  ; 16.497            ;
; Data Required Time ; 15.857            ;
; Slack              ; -0.640 (VIOLATED) ;
+--------------------+-------------------+

+------------------------------------------------------------------------------------+
; Statistics                                                                         ;
+------------------------+--------+-------+-------------+------------+-------+-------+
; Property               ; Value  ; Count ; Total Delay ; % of Total ; Min   ; Max   ;
+------------------------+--------+-------+-------------+------------+-------+-------+
; Setup Relationship     ; 10.000 ;       ;             ;            ;       ;       ;
; Clock Skew             ; -0.158 ;       ;             ;            ;       ;       ;
; Data Delay             ; 10.422 ;       ;             ;            ;       ;       ;
; Number of Logic Levels ;        ; 7     ;             ;            ;       ;       ;
; Physical Delays        ;        ;       ;             ;            ;       ;       ;
;  Arrival Path          ;        ;       ;             ;            ;       ;       ;
;   Clock                ;        ;       ;             ;            ;       ;       ;
;    IC                  ;        ; 2     ; 5.184       ; 85         ; 2.450 ; 2.734 ;
;    Cell                ;        ; 2     ; 0.891       ; 15         ; 0.321 ; 0.570 ;
;   Data                 ;        ;       ;             ;            ;       ;       ;
;    IC                  ;        ; 8     ; 6.449       ; 62         ; 0.218 ; 1.620 ;
;    Cell                ;        ; 9     ; 3.973       ; 38         ; 0.000 ; 0.732 ;
;    uTco                ;        ; 1     ; 0.000       ; 0          ; 0.000 ; 0.000 ;
;  Required Path         ;        ;       ;             ;            ;       ;       ;
;   Clock                ;        ;       ;             ;            ;       ;       ;
;    IC                  ;        ; 2     ; 2.533       ; 76         ; 0.576 ; 1.957 ;
;    Cell                ;        ; 2     ; 0.802       ; 24         ; 0.295 ; 0.507 ;
+------------------------+--------+-------+-------------+------------+-------+-------+
Note: Negative delays are omitted from totals when calculating percentages

+------------------------------------------------------------------------------------------+
; Data Arrival Path                                                                        ;
+----------+---------+----+------+--------+----------------------+-------------------------+
; Total    ; Incr    ; RF ; Type ; Fanout ; Location             ; Element                 ;
+----------+---------+----+------+--------+----------------------+-------------------------+
; 0.000    ; 0.000   ;    ;      ;        ;                      ; launch edge time        ;
; 6.075    ; 6.075   ;    ;      ;        ;                      ; clock path              ;
;   0.000  ;   0.000 ;    ;      ;        ;                      ; source latency          ;
;   0.000  ;   0.000 ;    ;      ; 1      ; LABCELL_X1_Y36_N9    ; gpu_clk                 ;
;   2.734  ;   2.734 ; RR ; IC   ; 1      ; CLKCTRL_G2           ; gpu_clk~CLKENA0|inclk   ;
;   3.055  ;   0.321 ; RR ; CELL ; 9078   ; CLKCTRL_G2           ; gpu_clk~CLKENA0|outclk  ;
;   5.505  ;   2.450 ; RR ; IC   ; 1      ; FF_X35_Y47_N5        ; f_pos[1]|clk            ;
;   6.075  ;   0.570 ; RR ; CELL ; 1      ; FF_X35_Y47_N5        ; f_pos[1]                ;
; 16.497   ; 10.422  ;    ;      ;        ;                      ; data path               ;
;   6.075  ;   0.000 ;    ; uTco ; 1      ; FF_X35_Y47_N5        ; f_pos[1]                ;
;   6.075  ;   0.000 ; RR ; CELL ; 2      ; FF_X35_Y47_N5        ; f_pos[1]|q              ;
;   7.245  ;   1.170 ; RR ; IC   ; 1      ; LABCELL_X33_Y45_N27  ; LessThan5~4|datad       ;
;   7.738  ;   0.493 ; RF ; CELL ; 1      ; LABCELL_X33_Y45_N27  ; LessThan5~4|combout     ;
;   8.344  ;   0.606 ; FF ; IC   ; 1      ; MLABCELL_X34_Y45_N0  ; LessThan5~5|dataa       ;
;   8.898  ;   0.554 ; FF ; CELL ; 2      ; MLABCELL_X34_Y45_N0  ; LessThan5~5|combout     ;
;   9.450  ;   0.552 ; FF ; IC   ; 1      ; LABCELL_X33_Y45_N54  ; LessThan5~30|dataa      ;
;   9.990  ;   0.540 ; FR ; CELL ; 1      ; LABCELL_X33_Y45_N54  ; LessThan5~30|combout    ;
;   10.560 ;   0.570 ; RR ; IC   ; 1      ; MLABCELL_X34_Y45_N42 ; LessThan5~31|datae      ;
;   10.861 ;   0.301 ; RF ; CELL ; 1      ; MLABCELL_X34_Y45_N42 ; LessThan5~31|combout    ;
;   11.079 ;   0.218 ; FF ; IC   ; 1      ; MLABCELL_X34_Y45_N54 ; LessThan5~33|datad      ;
;   11.649 ;   0.570 ; FF ; CELL ; 1      ; MLABCELL_X34_Y45_N54 ; LessThan5~33|combout    ;
;   12.398 ;   0.749 ; FF ; IC   ; 1      ; MLABCELL_X34_Y46_N0  ; in_rec_region~0|dataa   ;
;   12.960 ;   0.562 ; FF ; CELL ; 14     ; MLABCELL_X34_Y46_N0  ; in_rec_region~0|combout ;
;   13.924 ;   0.964 ; FF ; IC   ; 1      ; LABCELL_X33_Y48_N18  ; recq[1][143]~8|datae    ;
;   14.145 ;   0.221 ; FF ; CELL ; 136    ; LABCELL_X33_Y48_N18  ; recq[1][143]~8|combout  ;
;   15.765 ;   1.620 ; FF ; IC   ; 1      ; FF_X25_Y45_N59       ; recq[1][58]|ena         ;
;   16.497 ;   0.732 ; FF ; CELL ; 1      ; FF_X25_Y45_N59       ; recq[1][58]             ;
+----------+---------+----+------+--------+----------------------+-------------------------+

+---------------------------------------------------------------------------------------+
; Data Required Path                                                                    ;
+----------+---------+----+------+--------+-------------------+-------------------------+
; Total    ; Incr    ; RF ; Type ; Fanout ; Location          ; Element                 ;
+----------+---------+----+------+--------+-------------------+-------------------------+
; 10.000   ; 10.000  ;    ;      ;        ;                   ; latch edge time         ;
; 15.917   ; 5.917   ;    ;      ;        ;                   ; clock path              ;
;   10.000 ;   0.000 ;    ;      ;        ;                   ; source latency          ;
;   10.000 ;   0.000 ;    ;      ; 1      ; LABCELL_X1_Y36_N9 ; gpu_clk                 ;
;   10.576 ;   0.576 ; RR ; IC   ; 1      ; CLKCTRL_G2        ; gpu_clk~CLKENA0|inclk   ;
;   10.871 ;   0.295 ; RR ; CELL ; 9078   ; CLKCTRL_G2        ; gpu_clk~CLKENA0|outclk  ;
;   12.828 ;   1.957 ; RR ; IC   ; 1      ; FF_X25_Y45_N59    ; recq[1][58]|clk         ;
;   13.335 ;   0.507 ; RR ; CELL ; 1      ; FF_X25_Y45_N59    ; recq[1][58]             ;
;   15.917 ;   2.582 ;    ;      ;        ;                   ; clock pessimism removed ;
; 15.857   ; -0.060  ;    ;      ;        ;                   ; clock uncertainty       ;
; 15.857   ; 0.000   ;    ; uTsu ; 1      ; FF_X25_Y45_N59    ; recq[1][58]             ;
+----------+---------+----+------+--------+-------------------+-------------------------+

----------------------------
; Extra Fitter Information ;
----------------------------
HTML report is unavailable in plain text report export.


Path #39: Setup slack is -0.639 (VIOLATED)
===============================================================================
+----------------------------------------+
; Path Summary                           ;
+--------------------+-------------------+
; Property           ; Value             ;
+--------------------+-------------------+
; From Node          ; f_pos[1]          ;
; To Node            ; recq[1][55]       ;
; Launch Clock       ; gpu_clk           ;
; Latch Clock        ; gpu_clk           ;
; Data Arrival Time  ; 16.492            ;
; Data Required Time ; 15.853            ;
; Slack              ; -0.639 (VIOLATED) ;
+--------------------+-------------------+

+------------------------------------------------------------------------------------+
; Statistics                                                                         ;
+------------------------+--------+-------+-------------+------------+-------+-------+
; Property               ; Value  ; Count ; Total Delay ; % of Total ; Min   ; Max   ;
+------------------------+--------+-------+-------------+------------+-------+-------+
; Setup Relationship     ; 10.000 ;       ;             ;            ;       ;       ;
; Clock Skew             ; -0.162 ;       ;             ;            ;       ;       ;
; Data Delay             ; 10.417 ;       ;             ;            ;       ;       ;
; Number of Logic Levels ;        ; 7     ;             ;            ;       ;       ;
; Physical Delays        ;        ;       ;             ;            ;       ;       ;
;  Arrival Path          ;        ;       ;             ;            ;       ;       ;
;   Clock                ;        ;       ;             ;            ;       ;       ;
;    IC                  ;        ; 2     ; 5.184       ; 85         ; 2.450 ; 2.734 ;
;    Cell                ;        ; 2     ; 0.891       ; 15         ; 0.321 ; 0.570 ;
;   Data                 ;        ;       ;             ;            ;       ;       ;
;    IC                  ;        ; 8     ; 6.449       ; 62         ; 0.218 ; 1.620 ;
;    Cell                ;        ; 9     ; 3.968       ; 38         ; 0.000 ; 0.727 ;
;    uTco                ;        ; 1     ; 0.000       ; 0          ; 0.000 ; 0.000 ;
;  Required Path         ;        ;       ;             ;            ;       ;       ;
;   Clock                ;        ;       ;             ;            ;       ;       ;
;    IC                  ;        ; 2     ; 2.533       ; 76         ; 0.576 ; 1.957 ;
;    Cell                ;        ; 2     ; 0.798       ; 24         ; 0.295 ; 0.503 ;
+------------------------+--------+-------+-------------+------------+-------+-------+
Note: Negative delays are omitted from totals when calculating percentages

+------------------------------------------------------------------------------------------+
; Data Arrival Path                                                                        ;
+----------+---------+----+------+--------+----------------------+-------------------------+
; Total    ; Incr    ; RF ; Type ; Fanout ; Location             ; Element                 ;
+----------+---------+----+------+--------+----------------------+-------------------------+
; 0.000    ; 0.000   ;    ;      ;        ;                      ; launch edge time        ;
; 6.075    ; 6.075   ;    ;      ;        ;                      ; clock path              ;
;   0.000  ;   0.000 ;    ;      ;        ;                      ; source latency          ;
;   0.000  ;   0.000 ;    ;      ; 1      ; LABCELL_X1_Y36_N9    ; gpu_clk                 ;
;   2.734  ;   2.734 ; RR ; IC   ; 1      ; CLKCTRL_G2           ; gpu_clk~CLKENA0|inclk   ;
;   3.055  ;   0.321 ; RR ; CELL ; 9078   ; CLKCTRL_G2           ; gpu_clk~CLKENA0|outclk  ;
;   5.505  ;   2.450 ; RR ; IC   ; 1      ; FF_X35_Y47_N5        ; f_pos[1]|clk            ;
;   6.075  ;   0.570 ; RR ; CELL ; 1      ; FF_X35_Y47_N5        ; f_pos[1]                ;
; 16.492   ; 10.417  ;    ;      ;        ;                      ; data path               ;
;   6.075  ;   0.000 ;    ; uTco ; 1      ; FF_X35_Y47_N5        ; f_pos[1]                ;
;   6.075  ;   0.000 ; RR ; CELL ; 2      ; FF_X35_Y47_N5        ; f_pos[1]|q              ;
;   7.245  ;   1.170 ; RR ; IC   ; 1      ; LABCELL_X33_Y45_N27  ; LessThan5~4|datad       ;
;   7.738  ;   0.493 ; RF ; CELL ; 1      ; LABCELL_X33_Y45_N27  ; LessThan5~4|combout     ;
;   8.344  ;   0.606 ; FF ; IC   ; 1      ; MLABCELL_X34_Y45_N0  ; LessThan5~5|dataa       ;
;   8.898  ;   0.554 ; FF ; CELL ; 2      ; MLABCELL_X34_Y45_N0  ; LessThan5~5|combout     ;
;   9.450  ;   0.552 ; FF ; IC   ; 1      ; LABCELL_X33_Y45_N54  ; LessThan5~30|dataa      ;
;   9.990  ;   0.540 ; FR ; CELL ; 1      ; LABCELL_X33_Y45_N54  ; LessThan5~30|combout    ;
;   10.560 ;   0.570 ; RR ; IC   ; 1      ; MLABCELL_X34_Y45_N42 ; LessThan5~31|datae      ;
;   10.861 ;   0.301 ; RF ; CELL ; 1      ; MLABCELL_X34_Y45_N42 ; LessThan5~31|combout    ;
;   11.079 ;   0.218 ; FF ; IC   ; 1      ; MLABCELL_X34_Y45_N54 ; LessThan5~33|datad      ;
;   11.649 ;   0.570 ; FF ; CELL ; 1      ; MLABCELL_X34_Y45_N54 ; LessThan5~33|combout    ;
;   12.398 ;   0.749 ; FF ; IC   ; 1      ; MLABCELL_X34_Y46_N0  ; in_rec_region~0|dataa   ;
;   12.960 ;   0.562 ; FF ; CELL ; 14     ; MLABCELL_X34_Y46_N0  ; in_rec_region~0|combout ;
;   13.924 ;   0.964 ; FF ; IC   ; 1      ; LABCELL_X33_Y48_N18  ; recq[1][143]~8|datae    ;
;   14.145 ;   0.221 ; FF ; CELL ; 136    ; LABCELL_X33_Y48_N18  ; recq[1][143]~8|combout  ;
;   15.765 ;   1.620 ; FF ; IC   ; 1      ; FF_X25_Y45_N44       ; recq[1][55]|ena         ;
;   16.492 ;   0.727 ; FF ; CELL ; 1      ; FF_X25_Y45_N44       ; recq[1][55]             ;
+----------+---------+----+------+--------+----------------------+-------------------------+

+---------------------------------------------------------------------------------------+
; Data Required Path                                                                    ;
+----------+---------+----+------+--------+-------------------+-------------------------+
; Total    ; Incr    ; RF ; Type ; Fanout ; Location          ; Element                 ;
+----------+---------+----+------+--------+-------------------+-------------------------+
; 10.000   ; 10.000  ;    ;      ;        ;                   ; latch edge time         ;
; 15.913   ; 5.913   ;    ;      ;        ;                   ; clock path              ;
;   10.000 ;   0.000 ;    ;      ;        ;                   ; source latency          ;
;   10.000 ;   0.000 ;    ;      ; 1      ; LABCELL_X1_Y36_N9 ; gpu_clk                 ;
;   10.576 ;   0.576 ; RR ; IC   ; 1      ; CLKCTRL_G2        ; gpu_clk~CLKENA0|inclk   ;
;   10.871 ;   0.295 ; RR ; CELL ; 9078   ; CLKCTRL_G2        ; gpu_clk~CLKENA0|outclk  ;
;   12.828 ;   1.957 ; RR ; IC   ; 1      ; FF_X25_Y45_N44    ; recq[1][55]|clk         ;
;   13.331 ;   0.503 ; RR ; CELL ; 1      ; FF_X25_Y45_N44    ; recq[1][55]             ;
;   15.913 ;   2.582 ;    ;      ;        ;                   ; clock pessimism removed ;
; 15.853   ; -0.060  ;    ;      ;        ;                   ; clock uncertainty       ;
; 15.853   ; 0.000   ;    ; uTsu ; 1      ; FF_X25_Y45_N44    ; recq[1][55]             ;
+----------+---------+----+------+--------+-------------------+-------------------------+

----------------------------
; Extra Fitter Information ;
----------------------------
HTML report is unavailable in plain text report export.


Path #40: Setup slack is -0.639 (VIOLATED)
===============================================================================
+----------------------------------------+
; Path Summary                           ;
+--------------------+-------------------+
; Property           ; Value             ;
+--------------------+-------------------+
; From Node          ; f_pos[1]          ;
; To Node            ; recq[1][63]       ;
; Launch Clock       ; gpu_clk           ;
; Latch Clock        ; gpu_clk           ;
; Data Arrival Time  ; 16.492            ;
; Data Required Time ; 15.853            ;
; Slack              ; -0.639 (VIOLATED) ;
+--------------------+-------------------+

+------------------------------------------------------------------------------------+
; Statistics                                                                         ;
+------------------------+--------+-------+-------------+------------+-------+-------+
; Property               ; Value  ; Count ; Total Delay ; % of Total ; Min   ; Max   ;
+------------------------+--------+-------+-------------+------------+-------+-------+
; Setup Relationship     ; 10.000 ;       ;             ;            ;       ;       ;
; Clock Skew             ; -0.162 ;       ;             ;            ;       ;       ;
; Data Delay             ; 10.417 ;       ;             ;            ;       ;       ;
; Number of Logic Levels ;        ; 7     ;             ;            ;       ;       ;
; Physical Delays        ;        ;       ;             ;            ;       ;       ;
;  Arrival Path          ;        ;       ;             ;            ;       ;       ;
;   Clock                ;        ;       ;             ;            ;       ;       ;
;    IC                  ;        ; 2     ; 5.184       ; 85         ; 2.450 ; 2.734 ;
;    Cell                ;        ; 2     ; 0.891       ; 15         ; 0.321 ; 0.570 ;
;   Data                 ;        ;       ;             ;            ;       ;       ;
;    IC                  ;        ; 8     ; 6.449       ; 62         ; 0.218 ; 1.620 ;
;    Cell                ;        ; 9     ; 3.968       ; 38         ; 0.000 ; 0.727 ;
;    uTco                ;        ; 1     ; 0.000       ; 0          ; 0.000 ; 0.000 ;
;  Required Path         ;        ;       ;             ;            ;       ;       ;
;   Clock                ;        ;       ;             ;            ;       ;       ;
;    IC                  ;        ; 2     ; 2.533       ; 76         ; 0.576 ; 1.957 ;
;    Cell                ;        ; 2     ; 0.798       ; 24         ; 0.295 ; 0.503 ;
+------------------------+--------+-------+-------------+------------+-------+-------+
Note: Negative delays are omitted from totals when calculating percentages

+------------------------------------------------------------------------------------------+
; Data Arrival Path                                                                        ;
+----------+---------+----+------+--------+----------------------+-------------------------+
; Total    ; Incr    ; RF ; Type ; Fanout ; Location             ; Element                 ;
+----------+---------+----+------+--------+----------------------+-------------------------+
; 0.000    ; 0.000   ;    ;      ;        ;                      ; launch edge time        ;
; 6.075    ; 6.075   ;    ;      ;        ;                      ; clock path              ;
;   0.000  ;   0.000 ;    ;      ;        ;                      ; source latency          ;
;   0.000  ;   0.000 ;    ;      ; 1      ; LABCELL_X1_Y36_N9    ; gpu_clk                 ;
;   2.734  ;   2.734 ; RR ; IC   ; 1      ; CLKCTRL_G2           ; gpu_clk~CLKENA0|inclk   ;
;   3.055  ;   0.321 ; RR ; CELL ; 9078   ; CLKCTRL_G2           ; gpu_clk~CLKENA0|outclk  ;
;   5.505  ;   2.450 ; RR ; IC   ; 1      ; FF_X35_Y47_N5        ; f_pos[1]|clk            ;
;   6.075  ;   0.570 ; RR ; CELL ; 1      ; FF_X35_Y47_N5        ; f_pos[1]                ;
; 16.492   ; 10.417  ;    ;      ;        ;                      ; data path               ;
;   6.075  ;   0.000 ;    ; uTco ; 1      ; FF_X35_Y47_N5        ; f_pos[1]                ;
;   6.075  ;   0.000 ; RR ; CELL ; 2      ; FF_X35_Y47_N5        ; f_pos[1]|q              ;
;   7.245  ;   1.170 ; RR ; IC   ; 1      ; LABCELL_X33_Y45_N27  ; LessThan5~4|datad       ;
;   7.738  ;   0.493 ; RF ; CELL ; 1      ; LABCELL_X33_Y45_N27  ; LessThan5~4|combout     ;
;   8.344  ;   0.606 ; FF ; IC   ; 1      ; MLABCELL_X34_Y45_N0  ; LessThan5~5|dataa       ;
;   8.898  ;   0.554 ; FF ; CELL ; 2      ; MLABCELL_X34_Y45_N0  ; LessThan5~5|combout     ;
;   9.450  ;   0.552 ; FF ; IC   ; 1      ; LABCELL_X33_Y45_N54  ; LessThan5~30|dataa      ;
;   9.990  ;   0.540 ; FR ; CELL ; 1      ; LABCELL_X33_Y45_N54  ; LessThan5~30|combout    ;
;   10.560 ;   0.570 ; RR ; IC   ; 1      ; MLABCELL_X34_Y45_N42 ; LessThan5~31|datae      ;
;   10.861 ;   0.301 ; RF ; CELL ; 1      ; MLABCELL_X34_Y45_N42 ; LessThan5~31|combout    ;
;   11.079 ;   0.218 ; FF ; IC   ; 1      ; MLABCELL_X34_Y45_N54 ; LessThan5~33|datad      ;
;   11.649 ;   0.570 ; FF ; CELL ; 1      ; MLABCELL_X34_Y45_N54 ; LessThan5~33|combout    ;
;   12.398 ;   0.749 ; FF ; IC   ; 1      ; MLABCELL_X34_Y46_N0  ; in_rec_region~0|dataa   ;
;   12.960 ;   0.562 ; FF ; CELL ; 14     ; MLABCELL_X34_Y46_N0  ; in_rec_region~0|combout ;
;   13.924 ;   0.964 ; FF ; IC   ; 1      ; LABCELL_X33_Y48_N18  ; recq[1][143]~8|datae    ;
;   14.145 ;   0.221 ; FF ; CELL ; 136    ; LABCELL_X33_Y48_N18  ; recq[1][143]~8|combout  ;
;   15.765 ;   1.620 ; FF ; IC   ; 1      ; FF_X25_Y45_N2        ; recq[1][63]|ena         ;
;   16.492 ;   0.727 ; FF ; CELL ; 1      ; FF_X25_Y45_N2        ; recq[1][63]             ;
+----------+---------+----+------+--------+----------------------+-------------------------+

+---------------------------------------------------------------------------------------+
; Data Required Path                                                                    ;
+----------+---------+----+------+--------+-------------------+-------------------------+
; Total    ; Incr    ; RF ; Type ; Fanout ; Location          ; Element                 ;
+----------+---------+----+------+--------+-------------------+-------------------------+
; 10.000   ; 10.000  ;    ;      ;        ;                   ; latch edge time         ;
; 15.913   ; 5.913   ;    ;      ;        ;                   ; clock path              ;
;   10.000 ;   0.000 ;    ;      ;        ;                   ; source latency          ;
;   10.000 ;   0.000 ;    ;      ; 1      ; LABCELL_X1_Y36_N9 ; gpu_clk                 ;
;   10.576 ;   0.576 ; RR ; IC   ; 1      ; CLKCTRL_G2        ; gpu_clk~CLKENA0|inclk   ;
;   10.871 ;   0.295 ; RR ; CELL ; 9078   ; CLKCTRL_G2        ; gpu_clk~CLKENA0|outclk  ;
;   12.828 ;   1.957 ; RR ; IC   ; 1      ; FF_X25_Y45_N2     ; recq[1][63]|clk         ;
;   13.331 ;   0.503 ; RR ; CELL ; 1      ; FF_X25_Y45_N2     ; recq[1][63]             ;
;   15.913 ;   2.582 ;    ;      ;        ;                   ; clock pessimism removed ;
; 15.853   ; -0.060  ;    ;      ;        ;                   ; clock uncertainty       ;
; 15.853   ; 0.000   ;    ; uTsu ; 1      ; FF_X25_Y45_N2     ; recq[1][63]             ;
+----------+---------+----+------+--------+-------------------+-------------------------+

----------------------------
; Extra Fitter Information ;
----------------------------
HTML report is unavailable in plain text report export.


Path #41: Setup slack is -0.639 (VIOLATED)
===============================================================================
+----------------------------------------+
; Path Summary                           ;
+--------------------+-------------------+
; Property           ; Value             ;
+--------------------+-------------------+
; From Node          ; f_pos[1]          ;
; To Node            ; recq[1][62]       ;
; Launch Clock       ; gpu_clk           ;
; Latch Clock        ; gpu_clk           ;
; Data Arrival Time  ; 16.492            ;
; Data Required Time ; 15.853            ;
; Slack              ; -0.639 (VIOLATED) ;
+--------------------+-------------------+

+------------------------------------------------------------------------------------+
; Statistics                                                                         ;
+------------------------+--------+-------+-------------+------------+-------+-------+
; Property               ; Value  ; Count ; Total Delay ; % of Total ; Min   ; Max   ;
+------------------------+--------+-------+-------------+------------+-------+-------+
; Setup Relationship     ; 10.000 ;       ;             ;            ;       ;       ;
; Clock Skew             ; -0.162 ;       ;             ;            ;       ;       ;
; Data Delay             ; 10.417 ;       ;             ;            ;       ;       ;
; Number of Logic Levels ;        ; 7     ;             ;            ;       ;       ;
; Physical Delays        ;        ;       ;             ;            ;       ;       ;
;  Arrival Path          ;        ;       ;             ;            ;       ;       ;
;   Clock                ;        ;       ;             ;            ;       ;       ;
;    IC                  ;        ; 2     ; 5.184       ; 85         ; 2.450 ; 2.734 ;
;    Cell                ;        ; 2     ; 0.891       ; 15         ; 0.321 ; 0.570 ;
;   Data                 ;        ;       ;             ;            ;       ;       ;
;    IC                  ;        ; 8     ; 6.449       ; 62         ; 0.218 ; 1.620 ;
;    Cell                ;        ; 9     ; 3.968       ; 38         ; 0.000 ; 0.727 ;
;    uTco                ;        ; 1     ; 0.000       ; 0          ; 0.000 ; 0.000 ;
;  Required Path         ;        ;       ;             ;            ;       ;       ;
;   Clock                ;        ;       ;             ;            ;       ;       ;
;    IC                  ;        ; 2     ; 2.533       ; 76         ; 0.576 ; 1.957 ;
;    Cell                ;        ; 2     ; 0.798       ; 24         ; 0.295 ; 0.503 ;
+------------------------+--------+-------+-------------+------------+-------+-------+
Note: Negative delays are omitted from totals when calculating percentages

+------------------------------------------------------------------------------------------+
; Data Arrival Path                                                                        ;
+----------+---------+----+------+--------+----------------------+-------------------------+
; Total    ; Incr    ; RF ; Type ; Fanout ; Location             ; Element                 ;
+----------+---------+----+------+--------+----------------------+-------------------------+
; 0.000    ; 0.000   ;    ;      ;        ;                      ; launch edge time        ;
; 6.075    ; 6.075   ;    ;      ;        ;                      ; clock path              ;
;   0.000  ;   0.000 ;    ;      ;        ;                      ; source latency          ;
;   0.000  ;   0.000 ;    ;      ; 1      ; LABCELL_X1_Y36_N9    ; gpu_clk                 ;
;   2.734  ;   2.734 ; RR ; IC   ; 1      ; CLKCTRL_G2           ; gpu_clk~CLKENA0|inclk   ;
;   3.055  ;   0.321 ; RR ; CELL ; 9078   ; CLKCTRL_G2           ; gpu_clk~CLKENA0|outclk  ;
;   5.505  ;   2.450 ; RR ; IC   ; 1      ; FF_X35_Y47_N5        ; f_pos[1]|clk            ;
;   6.075  ;   0.570 ; RR ; CELL ; 1      ; FF_X35_Y47_N5        ; f_pos[1]                ;
; 16.492   ; 10.417  ;    ;      ;        ;                      ; data path               ;
;   6.075  ;   0.000 ;    ; uTco ; 1      ; FF_X35_Y47_N5        ; f_pos[1]                ;
;   6.075  ;   0.000 ; RR ; CELL ; 2      ; FF_X35_Y47_N5        ; f_pos[1]|q              ;
;   7.245  ;   1.170 ; RR ; IC   ; 1      ; LABCELL_X33_Y45_N27  ; LessThan5~4|datad       ;
;   7.738  ;   0.493 ; RF ; CELL ; 1      ; LABCELL_X33_Y45_N27  ; LessThan5~4|combout     ;
;   8.344  ;   0.606 ; FF ; IC   ; 1      ; MLABCELL_X34_Y45_N0  ; LessThan5~5|dataa       ;
;   8.898  ;   0.554 ; FF ; CELL ; 2      ; MLABCELL_X34_Y45_N0  ; LessThan5~5|combout     ;
;   9.450  ;   0.552 ; FF ; IC   ; 1      ; LABCELL_X33_Y45_N54  ; LessThan5~30|dataa      ;
;   9.990  ;   0.540 ; FR ; CELL ; 1      ; LABCELL_X33_Y45_N54  ; LessThan5~30|combout    ;
;   10.560 ;   0.570 ; RR ; IC   ; 1      ; MLABCELL_X34_Y45_N42 ; LessThan5~31|datae      ;
;   10.861 ;   0.301 ; RF ; CELL ; 1      ; MLABCELL_X34_Y45_N42 ; LessThan5~31|combout    ;
;   11.079 ;   0.218 ; FF ; IC   ; 1      ; MLABCELL_X34_Y45_N54 ; LessThan5~33|datad      ;
;   11.649 ;   0.570 ; FF ; CELL ; 1      ; MLABCELL_X34_Y45_N54 ; LessThan5~33|combout    ;
;   12.398 ;   0.749 ; FF ; IC   ; 1      ; MLABCELL_X34_Y46_N0  ; in_rec_region~0|dataa   ;
;   12.960 ;   0.562 ; FF ; CELL ; 14     ; MLABCELL_X34_Y46_N0  ; in_rec_region~0|combout ;
;   13.924 ;   0.964 ; FF ; IC   ; 1      ; LABCELL_X33_Y48_N18  ; recq[1][143]~8|datae    ;
;   14.145 ;   0.221 ; FF ; CELL ; 136    ; LABCELL_X33_Y48_N18  ; recq[1][143]~8|combout  ;
;   15.765 ;   1.620 ; FF ; IC   ; 1      ; FF_X25_Y45_N50       ; recq[1][62]|ena         ;
;   16.492 ;   0.727 ; FF ; CELL ; 1      ; FF_X25_Y45_N50       ; recq[1][62]             ;
+----------+---------+----+------+--------+----------------------+-------------------------+

+---------------------------------------------------------------------------------------+
; Data Required Path                                                                    ;
+----------+---------+----+------+--------+-------------------+-------------------------+
; Total    ; Incr    ; RF ; Type ; Fanout ; Location          ; Element                 ;
+----------+---------+----+------+--------+-------------------+-------------------------+
; 10.000   ; 10.000  ;    ;      ;        ;                   ; latch edge time         ;
; 15.913   ; 5.913   ;    ;      ;        ;                   ; clock path              ;
;   10.000 ;   0.000 ;    ;      ;        ;                   ; source latency          ;
;   10.000 ;   0.000 ;    ;      ; 1      ; LABCELL_X1_Y36_N9 ; gpu_clk                 ;
;   10.576 ;   0.576 ; RR ; IC   ; 1      ; CLKCTRL_G2        ; gpu_clk~CLKENA0|inclk   ;
;   10.871 ;   0.295 ; RR ; CELL ; 9078   ; CLKCTRL_G2        ; gpu_clk~CLKENA0|outclk  ;
;   12.828 ;   1.957 ; RR ; IC   ; 1      ; FF_X25_Y45_N50    ; recq[1][62]|clk         ;
;   13.331 ;   0.503 ; RR ; CELL ; 1      ; FF_X25_Y45_N50    ; recq[1][62]             ;
;   15.913 ;   2.582 ;    ;      ;        ;                   ; clock pessimism removed ;
; 15.853   ; -0.060  ;    ;      ;        ;                   ; clock uncertainty       ;
; 15.853   ; 0.000   ;    ; uTsu ; 1      ; FF_X25_Y45_N50    ; recq[1][62]             ;
+----------+---------+----+------+--------+-------------------+-------------------------+

----------------------------
; Extra Fitter Information ;
----------------------------
HTML report is unavailable in plain text report export.


Path #42: Setup slack is -0.639 (VIOLATED)
===============================================================================
+----------------------------------------+
; Path Summary                           ;
+--------------------+-------------------+
; Property           ; Value             ;
+--------------------+-------------------+
; From Node          ; f_pos[1]          ;
; To Node            ; recq[1][59]       ;
; Launch Clock       ; gpu_clk           ;
; Latch Clock        ; gpu_clk           ;
; Data Arrival Time  ; 16.492            ;
; Data Required Time ; 15.853            ;
; Slack              ; -0.639 (VIOLATED) ;
+--------------------+-------------------+

+------------------------------------------------------------------------------------+
; Statistics                                                                         ;
+------------------------+--------+-------+-------------+------------+-------+-------+
; Property               ; Value  ; Count ; Total Delay ; % of Total ; Min   ; Max   ;
+------------------------+--------+-------+-------------+------------+-------+-------+
; Setup Relationship     ; 10.000 ;       ;             ;            ;       ;       ;
; Clock Skew             ; -0.162 ;       ;             ;            ;       ;       ;
; Data Delay             ; 10.417 ;       ;             ;            ;       ;       ;
; Number of Logic Levels ;        ; 7     ;             ;            ;       ;       ;
; Physical Delays        ;        ;       ;             ;            ;       ;       ;
;  Arrival Path          ;        ;       ;             ;            ;       ;       ;
;   Clock                ;        ;       ;             ;            ;       ;       ;
;    IC                  ;        ; 2     ; 5.184       ; 85         ; 2.450 ; 2.734 ;
;    Cell                ;        ; 2     ; 0.891       ; 15         ; 0.321 ; 0.570 ;
;   Data                 ;        ;       ;             ;            ;       ;       ;
;    IC                  ;        ; 8     ; 6.449       ; 62         ; 0.218 ; 1.620 ;
;    Cell                ;        ; 9     ; 3.968       ; 38         ; 0.000 ; 0.727 ;
;    uTco                ;        ; 1     ; 0.000       ; 0          ; 0.000 ; 0.000 ;
;  Required Path         ;        ;       ;             ;            ;       ;       ;
;   Clock                ;        ;       ;             ;            ;       ;       ;
;    IC                  ;        ; 2     ; 2.533       ; 76         ; 0.576 ; 1.957 ;
;    Cell                ;        ; 2     ; 0.798       ; 24         ; 0.295 ; 0.503 ;
+------------------------+--------+-------+-------------+------------+-------+-------+
Note: Negative delays are omitted from totals when calculating percentages

+------------------------------------------------------------------------------------------+
; Data Arrival Path                                                                        ;
+----------+---------+----+------+--------+----------------------+-------------------------+
; Total    ; Incr    ; RF ; Type ; Fanout ; Location             ; Element                 ;
+----------+---------+----+------+--------+----------------------+-------------------------+
; 0.000    ; 0.000   ;    ;      ;        ;                      ; launch edge time        ;
; 6.075    ; 6.075   ;    ;      ;        ;                      ; clock path              ;
;   0.000  ;   0.000 ;    ;      ;        ;                      ; source latency          ;
;   0.000  ;   0.000 ;    ;      ; 1      ; LABCELL_X1_Y36_N9    ; gpu_clk                 ;
;   2.734  ;   2.734 ; RR ; IC   ; 1      ; CLKCTRL_G2           ; gpu_clk~CLKENA0|inclk   ;
;   3.055  ;   0.321 ; RR ; CELL ; 9078   ; CLKCTRL_G2           ; gpu_clk~CLKENA0|outclk  ;
;   5.505  ;   2.450 ; RR ; IC   ; 1      ; FF_X35_Y47_N5        ; f_pos[1]|clk            ;
;   6.075  ;   0.570 ; RR ; CELL ; 1      ; FF_X35_Y47_N5        ; f_pos[1]                ;
; 16.492   ; 10.417  ;    ;      ;        ;                      ; data path               ;
;   6.075  ;   0.000 ;    ; uTco ; 1      ; FF_X35_Y47_N5        ; f_pos[1]                ;
;   6.075  ;   0.000 ; RR ; CELL ; 2      ; FF_X35_Y47_N5        ; f_pos[1]|q              ;
;   7.245  ;   1.170 ; RR ; IC   ; 1      ; LABCELL_X33_Y45_N27  ; LessThan5~4|datad       ;
;   7.738  ;   0.493 ; RF ; CELL ; 1      ; LABCELL_X33_Y45_N27  ; LessThan5~4|combout     ;
;   8.344  ;   0.606 ; FF ; IC   ; 1      ; MLABCELL_X34_Y45_N0  ; LessThan5~5|dataa       ;
;   8.898  ;   0.554 ; FF ; CELL ; 2      ; MLABCELL_X34_Y45_N0  ; LessThan5~5|combout     ;
;   9.450  ;   0.552 ; FF ; IC   ; 1      ; LABCELL_X33_Y45_N54  ; LessThan5~30|dataa      ;
;   9.990  ;   0.540 ; FR ; CELL ; 1      ; LABCELL_X33_Y45_N54  ; LessThan5~30|combout    ;
;   10.560 ;   0.570 ; RR ; IC   ; 1      ; MLABCELL_X34_Y45_N42 ; LessThan5~31|datae      ;
;   10.861 ;   0.301 ; RF ; CELL ; 1      ; MLABCELL_X34_Y45_N42 ; LessThan5~31|combout    ;
;   11.079 ;   0.218 ; FF ; IC   ; 1      ; MLABCELL_X34_Y45_N54 ; LessThan5~33|datad      ;
;   11.649 ;   0.570 ; FF ; CELL ; 1      ; MLABCELL_X34_Y45_N54 ; LessThan5~33|combout    ;
;   12.398 ;   0.749 ; FF ; IC   ; 1      ; MLABCELL_X34_Y46_N0  ; in_rec_region~0|dataa   ;
;   12.960 ;   0.562 ; FF ; CELL ; 14     ; MLABCELL_X34_Y46_N0  ; in_rec_region~0|combout ;
;   13.924 ;   0.964 ; FF ; IC   ; 1      ; LABCELL_X33_Y48_N18  ; recq[1][143]~8|datae    ;
;   14.145 ;   0.221 ; FF ; CELL ; 136    ; LABCELL_X33_Y48_N18  ; recq[1][143]~8|combout  ;
;   15.765 ;   1.620 ; FF ; IC   ; 1      ; FF_X25_Y45_N38       ; recq[1][59]|ena         ;
;   16.492 ;   0.727 ; FF ; CELL ; 1      ; FF_X25_Y45_N38       ; recq[1][59]             ;
+----------+---------+----+------+--------+----------------------+-------------------------+

+---------------------------------------------------------------------------------------+
; Data Required Path                                                                    ;
+----------+---------+----+------+--------+-------------------+-------------------------+
; Total    ; Incr    ; RF ; Type ; Fanout ; Location          ; Element                 ;
+----------+---------+----+------+--------+-------------------+-------------------------+
; 10.000   ; 10.000  ;    ;      ;        ;                   ; latch edge time         ;
; 15.913   ; 5.913   ;    ;      ;        ;                   ; clock path              ;
;   10.000 ;   0.000 ;    ;      ;        ;                   ; source latency          ;
;   10.000 ;   0.000 ;    ;      ; 1      ; LABCELL_X1_Y36_N9 ; gpu_clk                 ;
;   10.576 ;   0.576 ; RR ; IC   ; 1      ; CLKCTRL_G2        ; gpu_clk~CLKENA0|inclk   ;
;   10.871 ;   0.295 ; RR ; CELL ; 9078   ; CLKCTRL_G2        ; gpu_clk~CLKENA0|outclk  ;
;   12.828 ;   1.957 ; RR ; IC   ; 1      ; FF_X25_Y45_N38    ; recq[1][59]|clk         ;
;   13.331 ;   0.503 ; RR ; CELL ; 1      ; FF_X25_Y45_N38    ; recq[1][59]             ;
;   15.913 ;   2.582 ;    ;      ;        ;                   ; clock pessimism removed ;
; 15.853   ; -0.060  ;    ;      ;        ;                   ; clock uncertainty       ;
; 15.853   ; 0.000   ;    ; uTsu ; 1      ; FF_X25_Y45_N38    ; recq[1][59]             ;
+----------+---------+----+------+--------+-------------------+-------------------------+

----------------------------
; Extra Fitter Information ;
----------------------------
HTML report is unavailable in plain text report export.


Path #43: Setup slack is -0.622 (VIOLATED)
===============================================================================
+--------------------------------------------------------+
; Path Summary                                           ;
+--------------------+-----------------------------------+
; Property           ; Value                             ;
+--------------------+-----------------------------------+
; From Node          ; zhao_cmd_dma:u_dma|hdr_win[28][5] ;
; To Node            ; zhao_cmd_dma:u_dma|crc_pay_r[2]   ;
; Launch Clock       ; gpu_clk                           ;
; Latch Clock        ; gpu_clk                           ;
; Data Arrival Time  ; 15.985                            ;
; Data Required Time ; 15.363                            ;
; Slack              ; -0.622 (VIOLATED)                 ;
+--------------------+-----------------------------------+

+------------------------------------------------------------------------------------+
; Statistics                                                                         ;
+------------------------+--------+-------+-------------+------------+-------+-------+
; Property               ; Value  ; Count ; Total Delay ; % of Total ; Min   ; Max   ;
+------------------------+--------+-------+-------------+------------+-------+-------+
; Setup Relationship     ; 10.000 ;       ;             ;            ;       ;       ;
; Clock Skew             ; -0.695 ;       ;             ;            ;       ;       ;
; Data Delay             ; 9.867  ;       ;             ;            ;       ;       ;
; Number of Logic Levels ;        ; 6     ;             ;            ;       ;       ;
; Physical Delays        ;        ;       ;             ;            ;       ;       ;
;  Arrival Path          ;        ;       ;             ;            ;       ;       ;
;   Clock                ;        ;       ;             ;            ;       ;       ;
;    IC                  ;        ; 2     ; 5.207       ; 85         ; 2.473 ; 2.734 ;
;    Cell                ;        ; 2     ; 0.911       ; 15         ; 0.321 ; 0.590 ;
;   Data                 ;        ;       ;             ;            ;       ;       ;
;    IC                  ;        ; 7     ; 6.678       ; 68         ; 0.214 ; 2.064 ;
;    Cell                ;        ; 8     ; 3.189       ; 32         ; 0.000 ; 0.728 ;
;    uTco                ;        ; 1     ; 0.000       ; 0          ; 0.000 ; 0.000 ;
;  Required Path         ;        ;       ;             ;            ;       ;       ;
;   Clock                ;        ;       ;             ;            ;       ;       ;
;    IC                  ;        ; 2     ; 2.448       ; 76         ; 0.576 ; 1.872 ;
;    Cell                ;        ; 2     ; 0.791       ; 24         ; 0.295 ; 0.496 ;
+------------------------+--------+-------+-------------+------------+-------+-------+
Note: Negative delays are omitted from totals when calculating percentages

+---------------------------------------------------------------------------------------------------+
; Data Arrival Path                                                                                 ;
+----------+---------+----+------+--------+---------------------+-----------------------------------+
; Total    ; Incr    ; RF ; Type ; Fanout ; Location            ; Element                           ;
+----------+---------+----+------+--------+---------------------+-----------------------------------+
; 0.000    ; 0.000   ;    ;      ;        ;                     ; launch edge time                  ;
; 6.118    ; 6.118   ;    ;      ;        ;                     ; clock path                        ;
;   0.000  ;   0.000 ;    ;      ;        ;                     ; source latency                    ;
;   0.000  ;   0.000 ;    ;      ; 1      ; LABCELL_X1_Y36_N9   ; gpu_clk                           ;
;   2.734  ;   2.734 ; RR ; IC   ; 1      ; CLKCTRL_G2          ; gpu_clk~CLKENA0|inclk             ;
;   3.055  ;   0.321 ; RR ; CELL ; 9078   ; CLKCTRL_G2          ; gpu_clk~CLKENA0|outclk            ;
;   5.528  ;   2.473 ; RR ; IC   ; 1      ; FF_X39_Y39_N35      ; u_dma|hdr_win[28][5]|clk          ;
;   6.118  ;   0.590 ; RR ; CELL ; 1      ; FF_X39_Y39_N35      ; zhao_cmd_dma:u_dma|hdr_win[28][5] ;
; 15.985   ; 9.867   ;    ;      ;        ;                     ; data path                         ;
;   6.118  ;   0.000 ;    ; uTco ; 1      ; FF_X39_Y39_N35      ; zhao_cmd_dma:u_dma|hdr_win[28][5] ;
;   6.118  ;   0.000 ; FF ; CELL ; 4      ; FF_X39_Y39_N35      ; u_dma|hdr_win[28][5]|q            ;
;   8.182  ;   2.064 ; FF ; IC   ; 1      ; LABCELL_X27_Y36_N51 ; u_dma|LessThan25~0|datad          ;
;   8.623  ;   0.441 ; FR ; CELL ; 1      ; LABCELL_X27_Y36_N51 ; u_dma|LessThan25~0|combout        ;
;   8.837  ;   0.214 ; RR ; IC   ; 1      ; LABCELL_X27_Y36_N45 ; u_dma|LessThan25~4|dataa          ;
;   9.438  ;   0.601 ; RR ; CELL ; 1      ; LABCELL_X27_Y36_N45 ; u_dma|LessThan25~4|combout        ;
;   10.622 ;   1.184 ; RR ; IC   ; 1      ; LABCELL_X35_Y38_N39 ; u_dma|LessThan25~12|datae         ;
;   10.890 ;   0.268 ; RF ; CELL ; 1      ; LABCELL_X35_Y38_N39 ; u_dma|LessThan25~12|combout       ;
;   11.116 ;   0.226 ; FF ; IC   ; 1      ; LABCELL_X35_Y38_N54 ; u_dma|LessThan25~22|dataf         ;
;   11.207 ;   0.091 ; FR ; CELL ; 1      ; LABCELL_X35_Y38_N54 ; u_dma|LessThan25~22|combout       ;
;   11.577 ;   0.370 ; RR ; IC   ; 1      ; LABCELL_X36_Y38_N6  ; u_dma|ok_v~5|datac                ;
;   12.071 ;   0.494 ; RF ; CELL ; 10     ; LABCELL_X36_Y38_N6  ; u_dma|ok_v~5|combout              ;
;   13.635 ;   1.564 ; FF ; IC   ; 1      ; LABCELL_X24_Y35_N48 ; u_dma|crc_pay_r[14]~0|dataa       ;
;   14.201 ;   0.566 ; FF ; CELL ; 49     ; LABCELL_X24_Y35_N48 ; u_dma|crc_pay_r[14]~0|combout     ;
;   15.257 ;   1.056 ; FF ; IC   ; 1      ; FF_X23_Y32_N41      ; u_dma|crc_pay_r[2]|ena            ;
;   15.985 ;   0.728 ; FF ; CELL ; 1      ; FF_X23_Y32_N41      ; zhao_cmd_dma:u_dma|crc_pay_r[2]   ;
+----------+---------+----+------+--------+---------------------+-----------------------------------+

+-----------------------------------------------------------------------------------------------+
; Data Required Path                                                                            ;
+----------+---------+----+------+--------+-------------------+---------------------------------+
; Total    ; Incr    ; RF ; Type ; Fanout ; Location          ; Element                         ;
+----------+---------+----+------+--------+-------------------+---------------------------------+
; 10.000   ; 10.000  ;    ;      ;        ;                   ; latch edge time                 ;
; 15.423   ; 5.423   ;    ;      ;        ;                   ; clock path                      ;
;   10.000 ;   0.000 ;    ;      ;        ;                   ; source latency                  ;
;   10.000 ;   0.000 ;    ;      ; 1      ; LABCELL_X1_Y36_N9 ; gpu_clk                         ;
;   10.576 ;   0.576 ; RR ; IC   ; 1      ; CLKCTRL_G2        ; gpu_clk~CLKENA0|inclk           ;
;   10.871 ;   0.295 ; RR ; CELL ; 9078   ; CLKCTRL_G2        ; gpu_clk~CLKENA0|outclk          ;
;   12.743 ;   1.872 ; RR ; IC   ; 1      ; FF_X23_Y32_N41    ; u_dma|crc_pay_r[2]|clk          ;
;   13.239 ;   0.496 ; RR ; CELL ; 1      ; FF_X23_Y32_N41    ; zhao_cmd_dma:u_dma|crc_pay_r[2] ;
;   15.423 ;   2.184 ;    ;      ;        ;                   ; clock pessimism removed         ;
; 15.363   ; -0.060  ;    ;      ;        ;                   ; clock uncertainty               ;
; 15.363   ; 0.000   ;    ; uTsu ; 1      ; FF_X23_Y32_N41    ; zhao_cmd_dma:u_dma|crc_pay_r[2] ;
+----------+---------+----+------+--------+-------------------+---------------------------------+

----------------------------
; Extra Fitter Information ;
----------------------------
HTML report is unavailable in plain text report export.


Path #44: Setup slack is -0.621 (VIOLATED)
===============================================================================
+----------------------------------------------------------------+
; Path Summary                                                   ;
+--------------------+-------------------------------------------+
; Property           ; Value                                     ;
+--------------------+-------------------------------------------+
; From Node          ; zhao_cmd_dma:u_dma|hdr_win[28][5]         ;
; To Node            ; zhao_cmd_dma:u_dma|crc_pay_r[7]~DUPLICATE ;
; Launch Clock       ; gpu_clk                                   ;
; Latch Clock        ; gpu_clk                                   ;
; Data Arrival Time  ; 15.980                                    ;
; Data Required Time ; 15.359                                    ;
; Slack              ; -0.621 (VIOLATED)                         ;
+--------------------+-------------------------------------------+

+------------------------------------------------------------------------------------+
; Statistics                                                                         ;
+------------------------+--------+-------+-------------+------------+-------+-------+
; Property               ; Value  ; Count ; Total Delay ; % of Total ; Min   ; Max   ;
+------------------------+--------+-------+-------------+------------+-------+-------+
; Setup Relationship     ; 10.000 ;       ;             ;            ;       ;       ;
; Clock Skew             ; -0.699 ;       ;             ;            ;       ;       ;
; Data Delay             ; 9.862  ;       ;             ;            ;       ;       ;
; Number of Logic Levels ;        ; 6     ;             ;            ;       ;       ;
; Physical Delays        ;        ;       ;             ;            ;       ;       ;
;  Arrival Path          ;        ;       ;             ;            ;       ;       ;
;   Clock                ;        ;       ;             ;            ;       ;       ;
;    IC                  ;        ; 2     ; 5.207       ; 85         ; 2.473 ; 2.734 ;
;    Cell                ;        ; 2     ; 0.911       ; 15         ; 0.321 ; 0.590 ;
;   Data                 ;        ;       ;             ;            ;       ;       ;
;    IC                  ;        ; 7     ; 6.678       ; 68         ; 0.214 ; 2.064 ;
;    Cell                ;        ; 8     ; 3.184       ; 32         ; 0.000 ; 0.723 ;
;    uTco                ;        ; 1     ; 0.000       ; 0          ; 0.000 ; 0.000 ;
;  Required Path         ;        ;       ;             ;            ;       ;       ;
;   Clock                ;        ;       ;             ;            ;       ;       ;
;    IC                  ;        ; 2     ; 2.448       ; 76         ; 0.576 ; 1.872 ;
;    Cell                ;        ; 2     ; 0.787       ; 24         ; 0.295 ; 0.492 ;
+------------------------+--------+-------+-------------+------------+-------+-------+
Note: Negative delays are omitted from totals when calculating percentages

+-----------------------------------------------------------------------------------------------------------+
; Data Arrival Path                                                                                         ;
+----------+---------+----+------+--------+---------------------+-------------------------------------------+
; Total    ; Incr    ; RF ; Type ; Fanout ; Location            ; Element                                   ;
+----------+---------+----+------+--------+---------------------+-------------------------------------------+
; 0.000    ; 0.000   ;    ;      ;        ;                     ; launch edge time                          ;
; 6.118    ; 6.118   ;    ;      ;        ;                     ; clock path                                ;
;   0.000  ;   0.000 ;    ;      ;        ;                     ; source latency                            ;
;   0.000  ;   0.000 ;    ;      ; 1      ; LABCELL_X1_Y36_N9   ; gpu_clk                                   ;
;   2.734  ;   2.734 ; RR ; IC   ; 1      ; CLKCTRL_G2          ; gpu_clk~CLKENA0|inclk                     ;
;   3.055  ;   0.321 ; RR ; CELL ; 9078   ; CLKCTRL_G2          ; gpu_clk~CLKENA0|outclk                    ;
;   5.528  ;   2.473 ; RR ; IC   ; 1      ; FF_X39_Y39_N35      ; u_dma|hdr_win[28][5]|clk                  ;
;   6.118  ;   0.590 ; RR ; CELL ; 1      ; FF_X39_Y39_N35      ; zhao_cmd_dma:u_dma|hdr_win[28][5]         ;
; 15.980   ; 9.862   ;    ;      ;        ;                     ; data path                                 ;
;   6.118  ;   0.000 ;    ; uTco ; 1      ; FF_X39_Y39_N35      ; zhao_cmd_dma:u_dma|hdr_win[28][5]         ;
;   6.118  ;   0.000 ; FF ; CELL ; 4      ; FF_X39_Y39_N35      ; u_dma|hdr_win[28][5]|q                    ;
;   8.182  ;   2.064 ; FF ; IC   ; 1      ; LABCELL_X27_Y36_N51 ; u_dma|LessThan25~0|datad                  ;
;   8.623  ;   0.441 ; FR ; CELL ; 1      ; LABCELL_X27_Y36_N51 ; u_dma|LessThan25~0|combout                ;
;   8.837  ;   0.214 ; RR ; IC   ; 1      ; LABCELL_X27_Y36_N45 ; u_dma|LessThan25~4|dataa                  ;
;   9.438  ;   0.601 ; RR ; CELL ; 1      ; LABCELL_X27_Y36_N45 ; u_dma|LessThan25~4|combout                ;
;   10.622 ;   1.184 ; RR ; IC   ; 1      ; LABCELL_X35_Y38_N39 ; u_dma|LessThan25~12|datae                 ;
;   10.890 ;   0.268 ; RF ; CELL ; 1      ; LABCELL_X35_Y38_N39 ; u_dma|LessThan25~12|combout               ;
;   11.116 ;   0.226 ; FF ; IC   ; 1      ; LABCELL_X35_Y38_N54 ; u_dma|LessThan25~22|dataf                 ;
;   11.207 ;   0.091 ; FR ; CELL ; 1      ; LABCELL_X35_Y38_N54 ; u_dma|LessThan25~22|combout               ;
;   11.577 ;   0.370 ; RR ; IC   ; 1      ; LABCELL_X36_Y38_N6  ; u_dma|ok_v~5|datac                        ;
;   12.071 ;   0.494 ; RF ; CELL ; 10     ; LABCELL_X36_Y38_N6  ; u_dma|ok_v~5|combout                      ;
;   13.635 ;   1.564 ; FF ; IC   ; 1      ; LABCELL_X24_Y35_N48 ; u_dma|crc_pay_r[14]~0|dataa               ;
;   14.201 ;   0.566 ; FF ; CELL ; 49     ; LABCELL_X24_Y35_N48 ; u_dma|crc_pay_r[14]~0|combout             ;
;   15.257 ;   1.056 ; FF ; IC   ; 1      ; FF_X23_Y32_N38      ; u_dma|crc_pay_r[7]~DUPLICATE|ena          ;
;   15.980 ;   0.723 ; FF ; CELL ; 1      ; FF_X23_Y32_N38      ; zhao_cmd_dma:u_dma|crc_pay_r[7]~DUPLICATE ;
+----------+---------+----+------+--------+---------------------+-------------------------------------------+

+---------------------------------------------------------------------------------------------------------+
; Data Required Path                                                                                      ;
+----------+---------+----+------+--------+-------------------+-------------------------------------------+
; Total    ; Incr    ; RF ; Type ; Fanout ; Location          ; Element                                   ;
+----------+---------+----+------+--------+-------------------+-------------------------------------------+
; 10.000   ; 10.000  ;    ;      ;        ;                   ; latch edge time                           ;
; 15.419   ; 5.419   ;    ;      ;        ;                   ; clock path                                ;
;   10.000 ;   0.000 ;    ;      ;        ;                   ; source latency                            ;
;   10.000 ;   0.000 ;    ;      ; 1      ; LABCELL_X1_Y36_N9 ; gpu_clk                                   ;
;   10.576 ;   0.576 ; RR ; IC   ; 1      ; CLKCTRL_G2        ; gpu_clk~CLKENA0|inclk                     ;
;   10.871 ;   0.295 ; RR ; CELL ; 9078   ; CLKCTRL_G2        ; gpu_clk~CLKENA0|outclk                    ;
;   12.743 ;   1.872 ; RR ; IC   ; 1      ; FF_X23_Y32_N38    ; u_dma|crc_pay_r[7]~DUPLICATE|clk          ;
;   13.235 ;   0.492 ; RR ; CELL ; 1      ; FF_X23_Y32_N38    ; zhao_cmd_dma:u_dma|crc_pay_r[7]~DUPLICATE ;
;   15.419 ;   2.184 ;    ;      ;        ;                   ; clock pessimism removed                   ;
; 15.359   ; -0.060  ;    ;      ;        ;                   ; clock uncertainty                         ;
; 15.359   ; 0.000   ;    ; uTsu ; 1      ; FF_X23_Y32_N38    ; zhao_cmd_dma:u_dma|crc_pay_r[7]~DUPLICATE ;
+----------+---------+----+------+--------+-------------------+-------------------------------------------+

----------------------------
; Extra Fitter Information ;
----------------------------
HTML report is unavailable in plain text report export.


Path #45: Setup slack is -0.621 (VIOLATED)
===============================================================================
+--------------------------------------------------------+
; Path Summary                                           ;
+--------------------+-----------------------------------+
; Property           ; Value                             ;
+--------------------+-----------------------------------+
; From Node          ; zhao_cmd_dma:u_dma|hdr_win[28][5] ;
; To Node            ; zhao_cmd_dma:u_dma|crc_pay_r[7]   ;
; Launch Clock       ; gpu_clk                           ;
; Latch Clock        ; gpu_clk                           ;
; Data Arrival Time  ; 15.983                            ;
; Data Required Time ; 15.362                            ;
; Slack              ; -0.621 (VIOLATED)                 ;
+--------------------+-----------------------------------+

+------------------------------------------------------------------------------------+
; Statistics                                                                         ;
+------------------------+--------+-------+-------------+------------+-------+-------+
; Property               ; Value  ; Count ; Total Delay ; % of Total ; Min   ; Max   ;
+------------------------+--------+-------+-------------+------------+-------+-------+
; Setup Relationship     ; 10.000 ;       ;             ;            ;       ;       ;
; Clock Skew             ; -0.696 ;       ;             ;            ;       ;       ;
; Data Delay             ; 9.865  ;       ;             ;            ;       ;       ;
; Number of Logic Levels ;        ; 6     ;             ;            ;       ;       ;
; Physical Delays        ;        ;       ;             ;            ;       ;       ;
;  Arrival Path          ;        ;       ;             ;            ;       ;       ;
;   Clock                ;        ;       ;             ;            ;       ;       ;
;    IC                  ;        ; 2     ; 5.207       ; 85         ; 2.473 ; 2.734 ;
;    Cell                ;        ; 2     ; 0.911       ; 15         ; 0.321 ; 0.590 ;
;   Data                 ;        ;       ;             ;            ;       ;       ;
;    IC                  ;        ; 7     ; 6.678       ; 68         ; 0.214 ; 2.064 ;
;    Cell                ;        ; 8     ; 3.187       ; 32         ; 0.000 ; 0.726 ;
;    uTco                ;        ; 1     ; 0.000       ; 0          ; 0.000 ; 0.000 ;
;  Required Path         ;        ;       ;             ;            ;       ;       ;
;   Clock                ;        ;       ;             ;            ;       ;       ;
;    IC                  ;        ; 2     ; 2.448       ; 76         ; 0.576 ; 1.872 ;
;    Cell                ;        ; 2     ; 0.790       ; 24         ; 0.295 ; 0.495 ;
+------------------------+--------+-------+-------------+------------+-------+-------+
Note: Negative delays are omitted from totals when calculating percentages

+---------------------------------------------------------------------------------------------------+
; Data Arrival Path                                                                                 ;
+----------+---------+----+------+--------+---------------------+-----------------------------------+
; Total    ; Incr    ; RF ; Type ; Fanout ; Location            ; Element                           ;
+----------+---------+----+------+--------+---------------------+-----------------------------------+
; 0.000    ; 0.000   ;    ;      ;        ;                     ; launch edge time                  ;
; 6.118    ; 6.118   ;    ;      ;        ;                     ; clock path                        ;
;   0.000  ;   0.000 ;    ;      ;        ;                     ; source latency                    ;
;   0.000  ;   0.000 ;    ;      ; 1      ; LABCELL_X1_Y36_N9   ; gpu_clk                           ;
;   2.734  ;   2.734 ; RR ; IC   ; 1      ; CLKCTRL_G2          ; gpu_clk~CLKENA0|inclk             ;
;   3.055  ;   0.321 ; RR ; CELL ; 9078   ; CLKCTRL_G2          ; gpu_clk~CLKENA0|outclk            ;
;   5.528  ;   2.473 ; RR ; IC   ; 1      ; FF_X39_Y39_N35      ; u_dma|hdr_win[28][5]|clk          ;
;   6.118  ;   0.590 ; RR ; CELL ; 1      ; FF_X39_Y39_N35      ; zhao_cmd_dma:u_dma|hdr_win[28][5] ;
; 15.983   ; 9.865   ;    ;      ;        ;                     ; data path                         ;
;   6.118  ;   0.000 ;    ; uTco ; 1      ; FF_X39_Y39_N35      ; zhao_cmd_dma:u_dma|hdr_win[28][5] ;
;   6.118  ;   0.000 ; FF ; CELL ; 4      ; FF_X39_Y39_N35      ; u_dma|hdr_win[28][5]|q            ;
;   8.182  ;   2.064 ; FF ; IC   ; 1      ; LABCELL_X27_Y36_N51 ; u_dma|LessThan25~0|datad          ;
;   8.623  ;   0.441 ; FR ; CELL ; 1      ; LABCELL_X27_Y36_N51 ; u_dma|LessThan25~0|combout        ;
;   8.837  ;   0.214 ; RR ; IC   ; 1      ; LABCELL_X27_Y36_N45 ; u_dma|LessThan25~4|dataa          ;
;   9.438  ;   0.601 ; RR ; CELL ; 1      ; LABCELL_X27_Y36_N45 ; u_dma|LessThan25~4|combout        ;
;   10.622 ;   1.184 ; RR ; IC   ; 1      ; LABCELL_X35_Y38_N39 ; u_dma|LessThan25~12|datae         ;
;   10.890 ;   0.268 ; RF ; CELL ; 1      ; LABCELL_X35_Y38_N39 ; u_dma|LessThan25~12|combout       ;
;   11.116 ;   0.226 ; FF ; IC   ; 1      ; LABCELL_X35_Y38_N54 ; u_dma|LessThan25~22|dataf         ;
;   11.207 ;   0.091 ; FR ; CELL ; 1      ; LABCELL_X35_Y38_N54 ; u_dma|LessThan25~22|combout       ;
;   11.577 ;   0.370 ; RR ; IC   ; 1      ; LABCELL_X36_Y38_N6  ; u_dma|ok_v~5|datac                ;
;   12.071 ;   0.494 ; RF ; CELL ; 10     ; LABCELL_X36_Y38_N6  ; u_dma|ok_v~5|combout              ;
;   13.635 ;   1.564 ; FF ; IC   ; 1      ; LABCELL_X24_Y35_N48 ; u_dma|crc_pay_r[14]~0|dataa       ;
;   14.201 ;   0.566 ; FF ; CELL ; 49     ; LABCELL_X24_Y35_N48 ; u_dma|crc_pay_r[14]~0|combout     ;
;   15.257 ;   1.056 ; FF ; IC   ; 1      ; FF_X23_Y32_N37      ; u_dma|crc_pay_r[7]|ena            ;
;   15.983 ;   0.726 ; FF ; CELL ; 1      ; FF_X23_Y32_N37      ; zhao_cmd_dma:u_dma|crc_pay_r[7]   ;
+----------+---------+----+------+--------+---------------------+-----------------------------------+

+-----------------------------------------------------------------------------------------------+
; Data Required Path                                                                            ;
+----------+---------+----+------+--------+-------------------+---------------------------------+
; Total    ; Incr    ; RF ; Type ; Fanout ; Location          ; Element                         ;
+----------+---------+----+------+--------+-------------------+---------------------------------+
; 10.000   ; 10.000  ;    ;      ;        ;                   ; latch edge time                 ;
; 15.422   ; 5.422   ;    ;      ;        ;                   ; clock path                      ;
;   10.000 ;   0.000 ;    ;      ;        ;                   ; source latency                  ;
;   10.000 ;   0.000 ;    ;      ; 1      ; LABCELL_X1_Y36_N9 ; gpu_clk                         ;
;   10.576 ;   0.576 ; RR ; IC   ; 1      ; CLKCTRL_G2        ; gpu_clk~CLKENA0|inclk           ;
;   10.871 ;   0.295 ; RR ; CELL ; 9078   ; CLKCTRL_G2        ; gpu_clk~CLKENA0|outclk          ;
;   12.743 ;   1.872 ; RR ; IC   ; 1      ; FF_X23_Y32_N37    ; u_dma|crc_pay_r[7]|clk          ;
;   13.238 ;   0.495 ; RR ; CELL ; 1      ; FF_X23_Y32_N37    ; zhao_cmd_dma:u_dma|crc_pay_r[7] ;
;   15.422 ;   2.184 ;    ;      ;        ;                   ; clock pessimism removed         ;
; 15.362   ; -0.060  ;    ;      ;        ;                   ; clock uncertainty               ;
; 15.362   ; 0.000   ;    ; uTsu ; 1      ; FF_X23_Y32_N37    ; zhao_cmd_dma:u_dma|crc_pay_r[7] ;
+----------+---------+----+------+--------+-------------------+---------------------------------+

----------------------------
; Extra Fitter Information ;
----------------------------
HTML report is unavailable in plain text report export.


Path #46: Setup slack is -0.601 (VIOLATED)
===============================================================================
+--------------------------------------------------------+
; Path Summary                                           ;
+--------------------+-----------------------------------+
; Property           ; Value                             ;
+--------------------+-----------------------------------+
; From Node          ; zhao_cmd_dma:u_dma|hdr_win[28][5] ;
; To Node            ; zhao_cmd_dma:u_dma|crc_pay_r[1]   ;
; Launch Clock       ; gpu_clk                           ;
; Latch Clock        ; gpu_clk                           ;
; Data Arrival Time  ; 15.958                            ;
; Data Required Time ; 15.357                            ;
; Slack              ; -0.601 (VIOLATED)                 ;
+--------------------+-----------------------------------+

+------------------------------------------------------------------------------------+
; Statistics                                                                         ;
+------------------------+--------+-------+-------------+------------+-------+-------+
; Property               ; Value  ; Count ; Total Delay ; % of Total ; Min   ; Max   ;
+------------------------+--------+-------+-------------+------------+-------+-------+
; Setup Relationship     ; 10.000 ;       ;             ;            ;       ;       ;
; Clock Skew             ; -0.701 ;       ;             ;            ;       ;       ;
; Data Delay             ; 9.840  ;       ;             ;            ;       ;       ;
; Number of Logic Levels ;        ; 6     ;             ;            ;       ;       ;
; Physical Delays        ;        ;       ;             ;            ;       ;       ;
;  Arrival Path          ;        ;       ;             ;            ;       ;       ;
;   Clock                ;        ;       ;             ;            ;       ;       ;
;    IC                  ;        ; 2     ; 5.207       ; 85         ; 2.473 ; 2.734 ;
;    Cell                ;        ; 2     ; 0.911       ; 15         ; 0.321 ; 0.590 ;
;   Data                 ;        ;       ;             ;            ;       ;       ;
;    IC                  ;        ; 7     ; 6.657       ; 68         ; 0.214 ; 2.064 ;
;    Cell                ;        ; 8     ; 3.183       ; 32         ; 0.000 ; 0.722 ;
;    uTco                ;        ; 1     ; 0.000       ; 0          ; 0.000 ; 0.000 ;
;  Required Path         ;        ;       ;             ;            ;       ;       ;
;   Clock                ;        ;       ;             ;            ;       ;       ;
;    IC                  ;        ; 2     ; 2.448       ; 76         ; 0.576 ; 1.872 ;
;    Cell                ;        ; 2     ; 0.785       ; 24         ; 0.295 ; 0.490 ;
+------------------------+--------+-------+-------------+------------+-------+-------+
Note: Negative delays are omitted from totals when calculating percentages

+---------------------------------------------------------------------------------------------------+
; Data Arrival Path                                                                                 ;
+----------+---------+----+------+--------+---------------------+-----------------------------------+
; Total    ; Incr    ; RF ; Type ; Fanout ; Location            ; Element                           ;
+----------+---------+----+------+--------+---------------------+-----------------------------------+
; 0.000    ; 0.000   ;    ;      ;        ;                     ; launch edge time                  ;
; 6.118    ; 6.118   ;    ;      ;        ;                     ; clock path                        ;
;   0.000  ;   0.000 ;    ;      ;        ;                     ; source latency                    ;
;   0.000  ;   0.000 ;    ;      ; 1      ; LABCELL_X1_Y36_N9   ; gpu_clk                           ;
;   2.734  ;   2.734 ; RR ; IC   ; 1      ; CLKCTRL_G2          ; gpu_clk~CLKENA0|inclk             ;
;   3.055  ;   0.321 ; RR ; CELL ; 9078   ; CLKCTRL_G2          ; gpu_clk~CLKENA0|outclk            ;
;   5.528  ;   2.473 ; RR ; IC   ; 1      ; FF_X39_Y39_N35      ; u_dma|hdr_win[28][5]|clk          ;
;   6.118  ;   0.590 ; RR ; CELL ; 1      ; FF_X39_Y39_N35      ; zhao_cmd_dma:u_dma|hdr_win[28][5] ;
; 15.958   ; 9.840   ;    ;      ;        ;                     ; data path                         ;
;   6.118  ;   0.000 ;    ; uTco ; 1      ; FF_X39_Y39_N35      ; zhao_cmd_dma:u_dma|hdr_win[28][5] ;
;   6.118  ;   0.000 ; FF ; CELL ; 4      ; FF_X39_Y39_N35      ; u_dma|hdr_win[28][5]|q            ;
;   8.182  ;   2.064 ; FF ; IC   ; 1      ; LABCELL_X27_Y36_N51 ; u_dma|LessThan25~0|datad          ;
;   8.623  ;   0.441 ; FR ; CELL ; 1      ; LABCELL_X27_Y36_N51 ; u_dma|LessThan25~0|combout        ;
;   8.837  ;   0.214 ; RR ; IC   ; 1      ; LABCELL_X27_Y36_N45 ; u_dma|LessThan25~4|dataa          ;
;   9.438  ;   0.601 ; RR ; CELL ; 1      ; LABCELL_X27_Y36_N45 ; u_dma|LessThan25~4|combout        ;
;   10.622 ;   1.184 ; RR ; IC   ; 1      ; LABCELL_X35_Y38_N39 ; u_dma|LessThan25~12|datae         ;
;   10.890 ;   0.268 ; RF ; CELL ; 1      ; LABCELL_X35_Y38_N39 ; u_dma|LessThan25~12|combout       ;
;   11.116 ;   0.226 ; FF ; IC   ; 1      ; LABCELL_X35_Y38_N54 ; u_dma|LessThan25~22|dataf         ;
;   11.207 ;   0.091 ; FR ; CELL ; 1      ; LABCELL_X35_Y38_N54 ; u_dma|LessThan25~22|combout       ;
;   11.577 ;   0.370 ; RR ; IC   ; 1      ; LABCELL_X36_Y38_N6  ; u_dma|ok_v~5|datac                ;
;   12.071 ;   0.494 ; RF ; CELL ; 10     ; LABCELL_X36_Y38_N6  ; u_dma|ok_v~5|combout              ;
;   13.635 ;   1.564 ; FF ; IC   ; 1      ; LABCELL_X24_Y35_N48 ; u_dma|crc_pay_r[14]~0|dataa       ;
;   14.201 ;   0.566 ; FF ; CELL ; 49     ; LABCELL_X24_Y35_N48 ; u_dma|crc_pay_r[14]~0|combout     ;
;   15.236 ;   1.035 ; FF ; IC   ; 1      ; FF_X24_Y31_N58      ; u_dma|crc_pay_r[1]|ena            ;
;   15.958 ;   0.722 ; FF ; CELL ; 1      ; FF_X24_Y31_N58      ; zhao_cmd_dma:u_dma|crc_pay_r[1]   ;
+----------+---------+----+------+--------+---------------------+-----------------------------------+

+-----------------------------------------------------------------------------------------------+
; Data Required Path                                                                            ;
+----------+---------+----+------+--------+-------------------+---------------------------------+
; Total    ; Incr    ; RF ; Type ; Fanout ; Location          ; Element                         ;
+----------+---------+----+------+--------+-------------------+---------------------------------+
; 10.000   ; 10.000  ;    ;      ;        ;                   ; latch edge time                 ;
; 15.417   ; 5.417   ;    ;      ;        ;                   ; clock path                      ;
;   10.000 ;   0.000 ;    ;      ;        ;                   ; source latency                  ;
;   10.000 ;   0.000 ;    ;      ; 1      ; LABCELL_X1_Y36_N9 ; gpu_clk                         ;
;   10.576 ;   0.576 ; RR ; IC   ; 1      ; CLKCTRL_G2        ; gpu_clk~CLKENA0|inclk           ;
;   10.871 ;   0.295 ; RR ; CELL ; 9078   ; CLKCTRL_G2        ; gpu_clk~CLKENA0|outclk          ;
;   12.743 ;   1.872 ; RR ; IC   ; 1      ; FF_X24_Y31_N58    ; u_dma|crc_pay_r[1]|clk          ;
;   13.233 ;   0.490 ; RR ; CELL ; 1      ; FF_X24_Y31_N58    ; zhao_cmd_dma:u_dma|crc_pay_r[1] ;
;   15.417 ;   2.184 ;    ;      ;        ;                   ; clock pessimism removed         ;
; 15.357   ; -0.060  ;    ;      ;        ;                   ; clock uncertainty               ;
; 15.357   ; 0.000   ;    ; uTsu ; 1      ; FF_X24_Y31_N58    ; zhao_cmd_dma:u_dma|crc_pay_r[1] ;
+----------+---------+----+------+--------+-------------------+---------------------------------+

----------------------------
; Extra Fitter Information ;
----------------------------
HTML report is unavailable in plain text report export.


Path #47: Setup slack is -0.600 (VIOLATED)
===============================================================================
+----------------------------------------------------------------+
; Path Summary                                                   ;
+--------------------+-------------------------------------------+
; Property           ; Value                                     ;
+--------------------+-------------------------------------------+
; From Node          ; zhao_cmd_dma:u_dma|hdr_win[28][5]         ;
; To Node            ; zhao_cmd_dma:u_dma|crc_pay_r[5]~DUPLICATE ;
; Launch Clock       ; gpu_clk                                   ;
; Latch Clock        ; gpu_clk                                   ;
; Data Arrival Time  ; 15.959                                    ;
; Data Required Time ; 15.359                                    ;
; Slack              ; -0.600 (VIOLATED)                         ;
+--------------------+-------------------------------------------+

+------------------------------------------------------------------------------------+
; Statistics                                                                         ;
+------------------------+--------+-------+-------------+------------+-------+-------+
; Property               ; Value  ; Count ; Total Delay ; % of Total ; Min   ; Max   ;
+------------------------+--------+-------+-------------+------------+-------+-------+
; Setup Relationship     ; 10.000 ;       ;             ;            ;       ;       ;
; Clock Skew             ; -0.699 ;       ;             ;            ;       ;       ;
; Data Delay             ; 9.841  ;       ;             ;            ;       ;       ;
; Number of Logic Levels ;        ; 6     ;             ;            ;       ;       ;
; Physical Delays        ;        ;       ;             ;            ;       ;       ;
;  Arrival Path          ;        ;       ;             ;            ;       ;       ;
;   Clock                ;        ;       ;             ;            ;       ;       ;
;    IC                  ;        ; 2     ; 5.207       ; 85         ; 2.473 ; 2.734 ;
;    Cell                ;        ; 2     ; 0.911       ; 15         ; 0.321 ; 0.590 ;
;   Data                 ;        ;       ;             ;            ;       ;       ;
;    IC                  ;        ; 7     ; 6.657       ; 68         ; 0.214 ; 2.064 ;
;    Cell                ;        ; 8     ; 3.184       ; 32         ; 0.000 ; 0.723 ;
;    uTco                ;        ; 1     ; 0.000       ; 0          ; 0.000 ; 0.000 ;
;  Required Path         ;        ;       ;             ;            ;       ;       ;
;   Clock                ;        ;       ;             ;            ;       ;       ;
;    IC                  ;        ; 2     ; 2.448       ; 76         ; 0.576 ; 1.872 ;
;    Cell                ;        ; 2     ; 0.787       ; 24         ; 0.295 ; 0.492 ;
+------------------------+--------+-------+-------------+------------+-------+-------+
Note: Negative delays are omitted from totals when calculating percentages

+-----------------------------------------------------------------------------------------------------------+
; Data Arrival Path                                                                                         ;
+----------+---------+----+------+--------+---------------------+-------------------------------------------+
; Total    ; Incr    ; RF ; Type ; Fanout ; Location            ; Element                                   ;
+----------+---------+----+------+--------+---------------------+-------------------------------------------+
; 0.000    ; 0.000   ;    ;      ;        ;                     ; launch edge time                          ;
; 6.118    ; 6.118   ;    ;      ;        ;                     ; clock path                                ;
;   0.000  ;   0.000 ;    ;      ;        ;                     ; source latency                            ;
;   0.000  ;   0.000 ;    ;      ; 1      ; LABCELL_X1_Y36_N9   ; gpu_clk                                   ;
;   2.734  ;   2.734 ; RR ; IC   ; 1      ; CLKCTRL_G2          ; gpu_clk~CLKENA0|inclk                     ;
;   3.055  ;   0.321 ; RR ; CELL ; 9078   ; CLKCTRL_G2          ; gpu_clk~CLKENA0|outclk                    ;
;   5.528  ;   2.473 ; RR ; IC   ; 1      ; FF_X39_Y39_N35      ; u_dma|hdr_win[28][5]|clk                  ;
;   6.118  ;   0.590 ; RR ; CELL ; 1      ; FF_X39_Y39_N35      ; zhao_cmd_dma:u_dma|hdr_win[28][5]         ;
; 15.959   ; 9.841   ;    ;      ;        ;                     ; data path                                 ;
;   6.118  ;   0.000 ;    ; uTco ; 1      ; FF_X39_Y39_N35      ; zhao_cmd_dma:u_dma|hdr_win[28][5]         ;
;   6.118  ;   0.000 ; FF ; CELL ; 4      ; FF_X39_Y39_N35      ; u_dma|hdr_win[28][5]|q                    ;
;   8.182  ;   2.064 ; FF ; IC   ; 1      ; LABCELL_X27_Y36_N51 ; u_dma|LessThan25~0|datad                  ;
;   8.623  ;   0.441 ; FR ; CELL ; 1      ; LABCELL_X27_Y36_N51 ; u_dma|LessThan25~0|combout                ;
;   8.837  ;   0.214 ; RR ; IC   ; 1      ; LABCELL_X27_Y36_N45 ; u_dma|LessThan25~4|dataa                  ;
;   9.438  ;   0.601 ; RR ; CELL ; 1      ; LABCELL_X27_Y36_N45 ; u_dma|LessThan25~4|combout                ;
;   10.622 ;   1.184 ; RR ; IC   ; 1      ; LABCELL_X35_Y38_N39 ; u_dma|LessThan25~12|datae                 ;
;   10.890 ;   0.268 ; RF ; CELL ; 1      ; LABCELL_X35_Y38_N39 ; u_dma|LessThan25~12|combout               ;
;   11.116 ;   0.226 ; FF ; IC   ; 1      ; LABCELL_X35_Y38_N54 ; u_dma|LessThan25~22|dataf                 ;
;   11.207 ;   0.091 ; FR ; CELL ; 1      ; LABCELL_X35_Y38_N54 ; u_dma|LessThan25~22|combout               ;
;   11.577 ;   0.370 ; RR ; IC   ; 1      ; LABCELL_X36_Y38_N6  ; u_dma|ok_v~5|datac                        ;
;   12.071 ;   0.494 ; RF ; CELL ; 10     ; LABCELL_X36_Y38_N6  ; u_dma|ok_v~5|combout                      ;
;   13.635 ;   1.564 ; FF ; IC   ; 1      ; LABCELL_X24_Y35_N48 ; u_dma|crc_pay_r[14]~0|dataa               ;
;   14.201 ;   0.566 ; FF ; CELL ; 49     ; LABCELL_X24_Y35_N48 ; u_dma|crc_pay_r[14]~0|combout             ;
;   15.236 ;   1.035 ; FF ; IC   ; 1      ; FF_X24_Y31_N26      ; u_dma|crc_pay_r[5]~DUPLICATE|ena          ;
;   15.959 ;   0.723 ; FF ; CELL ; 1      ; FF_X24_Y31_N26      ; zhao_cmd_dma:u_dma|crc_pay_r[5]~DUPLICATE ;
+----------+---------+----+------+--------+---------------------+-------------------------------------------+

+---------------------------------------------------------------------------------------------------------+
; Data Required Path                                                                                      ;
+----------+---------+----+------+--------+-------------------+-------------------------------------------+
; Total    ; Incr    ; RF ; Type ; Fanout ; Location          ; Element                                   ;
+----------+---------+----+------+--------+-------------------+-------------------------------------------+
; 10.000   ; 10.000  ;    ;      ;        ;                   ; latch edge time                           ;
; 15.419   ; 5.419   ;    ;      ;        ;                   ; clock path                                ;
;   10.000 ;   0.000 ;    ;      ;        ;                   ; source latency                            ;
;   10.000 ;   0.000 ;    ;      ; 1      ; LABCELL_X1_Y36_N9 ; gpu_clk                                   ;
;   10.576 ;   0.576 ; RR ; IC   ; 1      ; CLKCTRL_G2        ; gpu_clk~CLKENA0|inclk                     ;
;   10.871 ;   0.295 ; RR ; CELL ; 9078   ; CLKCTRL_G2        ; gpu_clk~CLKENA0|outclk                    ;
;   12.743 ;   1.872 ; RR ; IC   ; 1      ; FF_X24_Y31_N26    ; u_dma|crc_pay_r[5]~DUPLICATE|clk          ;
;   13.235 ;   0.492 ; RR ; CELL ; 1      ; FF_X24_Y31_N26    ; zhao_cmd_dma:u_dma|crc_pay_r[5]~DUPLICATE ;
;   15.419 ;   2.184 ;    ;      ;        ;                   ; clock pessimism removed                   ;
; 15.359   ; -0.060  ;    ;      ;        ;                   ; clock uncertainty                         ;
; 15.359   ; 0.000   ;    ; uTsu ; 1      ; FF_X24_Y31_N26    ; zhao_cmd_dma:u_dma|crc_pay_r[5]~DUPLICATE ;
+----------+---------+----+------+--------+-------------------+-------------------------------------------+

----------------------------
; Extra Fitter Information ;
----------------------------
HTML report is unavailable in plain text report export.


Path #48: Setup slack is -0.600 (VIOLATED)
===============================================================================
+--------------------------------------------------------+
; Path Summary                                           ;
+--------------------+-----------------------------------+
; Property           ; Value                             ;
+--------------------+-----------------------------------+
; From Node          ; zhao_cmd_dma:u_dma|hdr_win[28][5] ;
; To Node            ; zhao_cmd_dma:u_dma|crc_pay_r[5]   ;
; Launch Clock       ; gpu_clk                           ;
; Latch Clock        ; gpu_clk                           ;
; Data Arrival Time  ; 15.962                            ;
; Data Required Time ; 15.362                            ;
; Slack              ; -0.600 (VIOLATED)                 ;
+--------------------+-----------------------------------+

+------------------------------------------------------------------------------------+
; Statistics                                                                         ;
+------------------------+--------+-------+-------------+------------+-------+-------+
; Property               ; Value  ; Count ; Total Delay ; % of Total ; Min   ; Max   ;
+------------------------+--------+-------+-------------+------------+-------+-------+
; Setup Relationship     ; 10.000 ;       ;             ;            ;       ;       ;
; Clock Skew             ; -0.696 ;       ;             ;            ;       ;       ;
; Data Delay             ; 9.844  ;       ;             ;            ;       ;       ;
; Number of Logic Levels ;        ; 6     ;             ;            ;       ;       ;
; Physical Delays        ;        ;       ;             ;            ;       ;       ;
;  Arrival Path          ;        ;       ;             ;            ;       ;       ;
;   Clock                ;        ;       ;             ;            ;       ;       ;
;    IC                  ;        ; 2     ; 5.207       ; 85         ; 2.473 ; 2.734 ;
;    Cell                ;        ; 2     ; 0.911       ; 15         ; 0.321 ; 0.590 ;
;   Data                 ;        ;       ;             ;            ;       ;       ;
;    IC                  ;        ; 7     ; 6.657       ; 68         ; 0.214 ; 2.064 ;
;    Cell                ;        ; 8     ; 3.187       ; 32         ; 0.000 ; 0.726 ;
;    uTco                ;        ; 1     ; 0.000       ; 0          ; 0.000 ; 0.000 ;
;  Required Path         ;        ;       ;             ;            ;       ;       ;
;   Clock                ;        ;       ;             ;            ;       ;       ;
;    IC                  ;        ; 2     ; 2.448       ; 76         ; 0.576 ; 1.872 ;
;    Cell                ;        ; 2     ; 0.790       ; 24         ; 0.295 ; 0.495 ;
+------------------------+--------+-------+-------------+------------+-------+-------+
Note: Negative delays are omitted from totals when calculating percentages

+---------------------------------------------------------------------------------------------------+
; Data Arrival Path                                                                                 ;
+----------+---------+----+------+--------+---------------------+-----------------------------------+
; Total    ; Incr    ; RF ; Type ; Fanout ; Location            ; Element                           ;
+----------+---------+----+------+--------+---------------------+-----------------------------------+
; 0.000    ; 0.000   ;    ;      ;        ;                     ; launch edge time                  ;
; 6.118    ; 6.118   ;    ;      ;        ;                     ; clock path                        ;
;   0.000  ;   0.000 ;    ;      ;        ;                     ; source latency                    ;
;   0.000  ;   0.000 ;    ;      ; 1      ; LABCELL_X1_Y36_N9   ; gpu_clk                           ;
;   2.734  ;   2.734 ; RR ; IC   ; 1      ; CLKCTRL_G2          ; gpu_clk~CLKENA0|inclk             ;
;   3.055  ;   0.321 ; RR ; CELL ; 9078   ; CLKCTRL_G2          ; gpu_clk~CLKENA0|outclk            ;
;   5.528  ;   2.473 ; RR ; IC   ; 1      ; FF_X39_Y39_N35      ; u_dma|hdr_win[28][5]|clk          ;
;   6.118  ;   0.590 ; RR ; CELL ; 1      ; FF_X39_Y39_N35      ; zhao_cmd_dma:u_dma|hdr_win[28][5] ;
; 15.962   ; 9.844   ;    ;      ;        ;                     ; data path                         ;
;   6.118  ;   0.000 ;    ; uTco ; 1      ; FF_X39_Y39_N35      ; zhao_cmd_dma:u_dma|hdr_win[28][5] ;
;   6.118  ;   0.000 ; FF ; CELL ; 4      ; FF_X39_Y39_N35      ; u_dma|hdr_win[28][5]|q            ;
;   8.182  ;   2.064 ; FF ; IC   ; 1      ; LABCELL_X27_Y36_N51 ; u_dma|LessThan25~0|datad          ;
;   8.623  ;   0.441 ; FR ; CELL ; 1      ; LABCELL_X27_Y36_N51 ; u_dma|LessThan25~0|combout        ;
;   8.837  ;   0.214 ; RR ; IC   ; 1      ; LABCELL_X27_Y36_N45 ; u_dma|LessThan25~4|dataa          ;
;   9.438  ;   0.601 ; RR ; CELL ; 1      ; LABCELL_X27_Y36_N45 ; u_dma|LessThan25~4|combout        ;
;   10.622 ;   1.184 ; RR ; IC   ; 1      ; LABCELL_X35_Y38_N39 ; u_dma|LessThan25~12|datae         ;
;   10.890 ;   0.268 ; RF ; CELL ; 1      ; LABCELL_X35_Y38_N39 ; u_dma|LessThan25~12|combout       ;
;   11.116 ;   0.226 ; FF ; IC   ; 1      ; LABCELL_X35_Y38_N54 ; u_dma|LessThan25~22|dataf         ;
;   11.207 ;   0.091 ; FR ; CELL ; 1      ; LABCELL_X35_Y38_N54 ; u_dma|LessThan25~22|combout       ;
;   11.577 ;   0.370 ; RR ; IC   ; 1      ; LABCELL_X36_Y38_N6  ; u_dma|ok_v~5|datac                ;
;   12.071 ;   0.494 ; RF ; CELL ; 10     ; LABCELL_X36_Y38_N6  ; u_dma|ok_v~5|combout              ;
;   13.635 ;   1.564 ; FF ; IC   ; 1      ; LABCELL_X24_Y35_N48 ; u_dma|crc_pay_r[14]~0|dataa       ;
;   14.201 ;   0.566 ; FF ; CELL ; 49     ; LABCELL_X24_Y35_N48 ; u_dma|crc_pay_r[14]~0|combout     ;
;   15.236 ;   1.035 ; FF ; IC   ; 1      ; FF_X24_Y31_N25      ; u_dma|crc_pay_r[5]|ena            ;
;   15.962 ;   0.726 ; FF ; CELL ; 1      ; FF_X24_Y31_N25      ; zhao_cmd_dma:u_dma|crc_pay_r[5]   ;
+----------+---------+----+------+--------+---------------------+-----------------------------------+

+-----------------------------------------------------------------------------------------------+
; Data Required Path                                                                            ;
+----------+---------+----+------+--------+-------------------+---------------------------------+
; Total    ; Incr    ; RF ; Type ; Fanout ; Location          ; Element                         ;
+----------+---------+----+------+--------+-------------------+---------------------------------+
; 10.000   ; 10.000  ;    ;      ;        ;                   ; latch edge time                 ;
; 15.422   ; 5.422   ;    ;      ;        ;                   ; clock path                      ;
;   10.000 ;   0.000 ;    ;      ;        ;                   ; source latency                  ;
;   10.000 ;   0.000 ;    ;      ; 1      ; LABCELL_X1_Y36_N9 ; gpu_clk                         ;
;   10.576 ;   0.576 ; RR ; IC   ; 1      ; CLKCTRL_G2        ; gpu_clk~CLKENA0|inclk           ;
;   10.871 ;   0.295 ; RR ; CELL ; 9078   ; CLKCTRL_G2        ; gpu_clk~CLKENA0|outclk          ;
;   12.743 ;   1.872 ; RR ; IC   ; 1      ; FF_X24_Y31_N25    ; u_dma|crc_pay_r[5]|clk          ;
;   13.238 ;   0.495 ; RR ; CELL ; 1      ; FF_X24_Y31_N25    ; zhao_cmd_dma:u_dma|crc_pay_r[5] ;
;   15.422 ;   2.184 ;    ;      ;        ;                   ; clock pessimism removed         ;
; 15.362   ; -0.060  ;    ;      ;        ;                   ; clock uncertainty               ;
; 15.362   ; 0.000   ;    ; uTsu ; 1      ; FF_X24_Y31_N25    ; zhao_cmd_dma:u_dma|crc_pay_r[5] ;
+----------+---------+----+------+--------+-------------------+---------------------------------+

----------------------------
; Extra Fitter Information ;
----------------------------
HTML report is unavailable in plain text report export.


Path #49: Setup slack is -0.591 (VIOLATED)
===============================================================================
+----------------------------------------+
; Path Summary                           ;
+--------------------+-------------------+
; Property           ; Value             ;
+--------------------+-------------------+
; From Node          ; f_pos[1]          ;
; To Node            ; recq[2][110]      ;
; Launch Clock       ; gpu_clk           ;
; Latch Clock        ; gpu_clk           ;
; Data Arrival Time  ; 16.450            ;
; Data Required Time ; 15.859            ;
; Slack              ; -0.591 (VIOLATED) ;
+--------------------+-------------------+

+------------------------------------------------------------------------------------+
; Statistics                                                                         ;
+------------------------+--------+-------+-------------+------------+-------+-------+
; Property               ; Value  ; Count ; Total Delay ; % of Total ; Min   ; Max   ;
+------------------------+--------+-------+-------------+------------+-------+-------+
; Setup Relationship     ; 10.000 ;       ;             ;            ;       ;       ;
; Clock Skew             ; -0.156 ;       ;             ;            ;       ;       ;
; Data Delay             ; 10.375 ;       ;             ;            ;       ;       ;
; Number of Logic Levels ;        ; 7     ;             ;            ;       ;       ;
; Physical Delays        ;        ;       ;             ;            ;       ;       ;
;  Arrival Path          ;        ;       ;             ;            ;       ;       ;
;   Clock                ;        ;       ;             ;            ;       ;       ;
;    IC                  ;        ; 2     ; 5.184       ; 85         ; 2.450 ; 2.734 ;
;    Cell                ;        ; 2     ; 0.891       ; 15         ; 0.321 ; 0.570 ;
;   Data                 ;        ;       ;             ;            ;       ;       ;
;    IC                  ;        ; 8     ; 6.334       ; 61         ; 0.218 ; 1.516 ;
;    Cell                ;        ; 9     ; 4.041       ; 39         ; 0.000 ; 0.721 ;
;    uTco                ;        ; 1     ; 0.000       ; 0          ; 0.000 ; 0.000 ;
;  Required Path         ;        ;       ;             ;            ;       ;       ;
;   Clock                ;        ;       ;             ;            ;       ;       ;
;    IC                  ;        ; 2     ; 2.536       ; 76         ; 0.576 ; 1.960 ;
;    Cell                ;        ; 2     ; 0.801       ; 24         ; 0.295 ; 0.506 ;
+------------------------+--------+-------+-------------+------------+-------+-------+
Note: Negative delays are omitted from totals when calculating percentages

+------------------------------------------------------------------------------------------+
; Data Arrival Path                                                                        ;
+----------+---------+----+------+--------+----------------------+-------------------------+
; Total    ; Incr    ; RF ; Type ; Fanout ; Location             ; Element                 ;
+----------+---------+----+------+--------+----------------------+-------------------------+
; 0.000    ; 0.000   ;    ;      ;        ;                      ; launch edge time        ;
; 6.075    ; 6.075   ;    ;      ;        ;                      ; clock path              ;
;   0.000  ;   0.000 ;    ;      ;        ;                      ; source latency          ;
;   0.000  ;   0.000 ;    ;      ; 1      ; LABCELL_X1_Y36_N9    ; gpu_clk                 ;
;   2.734  ;   2.734 ; RR ; IC   ; 1      ; CLKCTRL_G2           ; gpu_clk~CLKENA0|inclk   ;
;   3.055  ;   0.321 ; RR ; CELL ; 9078   ; CLKCTRL_G2           ; gpu_clk~CLKENA0|outclk  ;
;   5.505  ;   2.450 ; RR ; IC   ; 1      ; FF_X35_Y47_N5        ; f_pos[1]|clk            ;
;   6.075  ;   0.570 ; RR ; CELL ; 1      ; FF_X35_Y47_N5        ; f_pos[1]                ;
; 16.450   ; 10.375  ;    ;      ;        ;                      ; data path               ;
;   6.075  ;   0.000 ;    ; uTco ; 1      ; FF_X35_Y47_N5        ; f_pos[1]                ;
;   6.075  ;   0.000 ; RR ; CELL ; 2      ; FF_X35_Y47_N5        ; f_pos[1]|q              ;
;   7.245  ;   1.170 ; RR ; IC   ; 1      ; LABCELL_X33_Y45_N27  ; LessThan5~4|datad       ;
;   7.738  ;   0.493 ; RF ; CELL ; 1      ; LABCELL_X33_Y45_N27  ; LessThan5~4|combout     ;
;   8.344  ;   0.606 ; FF ; IC   ; 1      ; MLABCELL_X34_Y45_N0  ; LessThan5~5|dataa       ;
;   8.898  ;   0.554 ; FF ; CELL ; 2      ; MLABCELL_X34_Y45_N0  ; LessThan5~5|combout     ;
;   9.450  ;   0.552 ; FF ; IC   ; 1      ; LABCELL_X33_Y45_N54  ; LessThan5~30|dataa      ;
;   9.990  ;   0.540 ; FR ; CELL ; 1      ; LABCELL_X33_Y45_N54  ; LessThan5~30|combout    ;
;   10.560 ;   0.570 ; RR ; IC   ; 1      ; MLABCELL_X34_Y45_N42 ; LessThan5~31|datae      ;
;   10.861 ;   0.301 ; RF ; CELL ; 1      ; MLABCELL_X34_Y45_N42 ; LessThan5~31|combout    ;
;   11.079 ;   0.218 ; FF ; IC   ; 1      ; MLABCELL_X34_Y45_N54 ; LessThan5~33|datad      ;
;   11.649 ;   0.570 ; FF ; CELL ; 1      ; MLABCELL_X34_Y45_N54 ; LessThan5~33|combout    ;
;   12.398 ;   0.749 ; FF ; IC   ; 1      ; MLABCELL_X34_Y46_N0  ; in_rec_region~0|dataa   ;
;   12.960 ;   0.562 ; FF ; CELL ; 14     ; MLABCELL_X34_Y46_N0  ; in_rec_region~0|combout ;
;   13.913 ;   0.953 ; FF ; IC   ; 1      ; LABCELL_X33_Y48_N9   ; recq[2][132]~5|datae    ;
;   14.213 ;   0.300 ; FF ; CELL ; 136    ; LABCELL_X33_Y48_N9   ; recq[2][132]~5|combout  ;
;   15.729 ;   1.516 ; FF ; IC   ; 1      ; FF_X27_Y51_N28       ; recq[2][110]|ena        ;
;   16.450 ;   0.721 ; FF ; CELL ; 1      ; FF_X27_Y51_N28       ; recq[2][110]            ;
+----------+---------+----+------+--------+----------------------+-------------------------+

+---------------------------------------------------------------------------------------+
; Data Required Path                                                                    ;
+----------+---------+----+------+--------+-------------------+-------------------------+
; Total    ; Incr    ; RF ; Type ; Fanout ; Location          ; Element                 ;
+----------+---------+----+------+--------+-------------------+-------------------------+
; 10.000   ; 10.000  ;    ;      ;        ;                   ; latch edge time         ;
; 15.919   ; 5.919   ;    ;      ;        ;                   ; clock path              ;
;   10.000 ;   0.000 ;    ;      ;        ;                   ; source latency          ;
;   10.000 ;   0.000 ;    ;      ; 1      ; LABCELL_X1_Y36_N9 ; gpu_clk                 ;
;   10.576 ;   0.576 ; RR ; IC   ; 1      ; CLKCTRL_G2        ; gpu_clk~CLKENA0|inclk   ;
;   10.871 ;   0.295 ; RR ; CELL ; 9078   ; CLKCTRL_G2        ; gpu_clk~CLKENA0|outclk  ;
;   12.831 ;   1.960 ; RR ; IC   ; 1      ; FF_X27_Y51_N28    ; recq[2][110]|clk        ;
;   13.337 ;   0.506 ; RR ; CELL ; 1      ; FF_X27_Y51_N28    ; recq[2][110]            ;
;   15.919 ;   2.582 ;    ;      ;        ;                   ; clock pessimism removed ;
; 15.859   ; -0.060  ;    ;      ;        ;                   ; clock uncertainty       ;
; 15.859   ; 0.000   ;    ; uTsu ; 1      ; FF_X27_Y51_N28    ; recq[2][110]            ;
+----------+---------+----+------+--------+-------------------+-------------------------+

----------------------------
; Extra Fitter Information ;
----------------------------
HTML report is unavailable in plain text report export.


Path #50: Setup slack is -0.591 (VIOLATED)
===============================================================================
+----------------------------------------+
; Path Summary                           ;
+--------------------+-------------------+
; Property           ; Value             ;
+--------------------+-------------------+
; From Node          ; f_pos[1]          ;
; To Node            ; recq[2][81]       ;
; Launch Clock       ; gpu_clk           ;
; Latch Clock        ; gpu_clk           ;
; Data Arrival Time  ; 16.456            ;
; Data Required Time ; 15.865            ;
; Slack              ; -0.591 (VIOLATED) ;
+--------------------+-------------------+

+------------------------------------------------------------------------------------+
; Statistics                                                                         ;
+------------------------+--------+-------+-------------+------------+-------+-------+
; Property               ; Value  ; Count ; Total Delay ; % of Total ; Min   ; Max   ;
+------------------------+--------+-------+-------------+------------+-------+-------+
; Setup Relationship     ; 10.000 ;       ;             ;            ;       ;       ;
; Clock Skew             ; -0.150 ;       ;             ;            ;       ;       ;
; Data Delay             ; 10.381 ;       ;             ;            ;       ;       ;
; Number of Logic Levels ;        ; 7     ;             ;            ;       ;       ;
; Physical Delays        ;        ;       ;             ;            ;       ;       ;
;  Arrival Path          ;        ;       ;             ;            ;       ;       ;
;   Clock                ;        ;       ;             ;            ;       ;       ;
;    IC                  ;        ; 2     ; 5.184       ; 85         ; 2.450 ; 2.734 ;
;    Cell                ;        ; 2     ; 0.891       ; 15         ; 0.321 ; 0.570 ;
;   Data                 ;        ;       ;             ;            ;       ;       ;
;    IC                  ;        ; 8     ; 6.334       ; 61         ; 0.218 ; 1.516 ;
;    Cell                ;        ; 9     ; 4.047       ; 39         ; 0.000 ; 0.727 ;
;    uTco                ;        ; 1     ; 0.000       ; 0          ; 0.000 ; 0.000 ;
;  Required Path         ;        ;       ;             ;            ;       ;       ;
;   Clock                ;        ;       ;             ;            ;       ;       ;
;    IC                  ;        ; 2     ; 2.536       ; 76         ; 0.576 ; 1.960 ;
;    Cell                ;        ; 2     ; 0.807       ; 24         ; 0.295 ; 0.512 ;
+------------------------+--------+-------+-------------+------------+-------+-------+
Note: Negative delays are omitted from totals when calculating percentages

+------------------------------------------------------------------------------------------+
; Data Arrival Path                                                                        ;
+----------+---------+----+------+--------+----------------------+-------------------------+
; Total    ; Incr    ; RF ; Type ; Fanout ; Location             ; Element                 ;
+----------+---------+----+------+--------+----------------------+-------------------------+
; 0.000    ; 0.000   ;    ;      ;        ;                      ; launch edge time        ;
; 6.075    ; 6.075   ;    ;      ;        ;                      ; clock path              ;
;   0.000  ;   0.000 ;    ;      ;        ;                      ; source latency          ;
;   0.000  ;   0.000 ;    ;      ; 1      ; LABCELL_X1_Y36_N9    ; gpu_clk                 ;
;   2.734  ;   2.734 ; RR ; IC   ; 1      ; CLKCTRL_G2           ; gpu_clk~CLKENA0|inclk   ;
;   3.055  ;   0.321 ; RR ; CELL ; 9078   ; CLKCTRL_G2           ; gpu_clk~CLKENA0|outclk  ;
;   5.505  ;   2.450 ; RR ; IC   ; 1      ; FF_X35_Y47_N5        ; f_pos[1]|clk            ;
;   6.075  ;   0.570 ; RR ; CELL ; 1      ; FF_X35_Y47_N5        ; f_pos[1]                ;
; 16.456   ; 10.381  ;    ;      ;        ;                      ; data path               ;
;   6.075  ;   0.000 ;    ; uTco ; 1      ; FF_X35_Y47_N5        ; f_pos[1]                ;
;   6.075  ;   0.000 ; RR ; CELL ; 2      ; FF_X35_Y47_N5        ; f_pos[1]|q              ;
;   7.245  ;   1.170 ; RR ; IC   ; 1      ; LABCELL_X33_Y45_N27  ; LessThan5~4|datad       ;
;   7.738  ;   0.493 ; RF ; CELL ; 1      ; LABCELL_X33_Y45_N27  ; LessThan5~4|combout     ;
;   8.344  ;   0.606 ; FF ; IC   ; 1      ; MLABCELL_X34_Y45_N0  ; LessThan5~5|dataa       ;
;   8.898  ;   0.554 ; FF ; CELL ; 2      ; MLABCELL_X34_Y45_N0  ; LessThan5~5|combout     ;
;   9.450  ;   0.552 ; FF ; IC   ; 1      ; LABCELL_X33_Y45_N54  ; LessThan5~30|dataa      ;
;   9.990  ;   0.540 ; FR ; CELL ; 1      ; LABCELL_X33_Y45_N54  ; LessThan5~30|combout    ;
;   10.560 ;   0.570 ; RR ; IC   ; 1      ; MLABCELL_X34_Y45_N42 ; LessThan5~31|datae      ;
;   10.861 ;   0.301 ; RF ; CELL ; 1      ; MLABCELL_X34_Y45_N42 ; LessThan5~31|combout    ;
;   11.079 ;   0.218 ; FF ; IC   ; 1      ; MLABCELL_X34_Y45_N54 ; LessThan5~33|datad      ;
;   11.649 ;   0.570 ; FF ; CELL ; 1      ; MLABCELL_X34_Y45_N54 ; LessThan5~33|combout    ;
;   12.398 ;   0.749 ; FF ; IC   ; 1      ; MLABCELL_X34_Y46_N0  ; in_rec_region~0|dataa   ;
;   12.960 ;   0.562 ; FF ; CELL ; 14     ; MLABCELL_X34_Y46_N0  ; in_rec_region~0|combout ;
;   13.913 ;   0.953 ; FF ; IC   ; 1      ; LABCELL_X33_Y48_N9   ; recq[2][132]~5|datae    ;
;   14.213 ;   0.300 ; FF ; CELL ; 136    ; LABCELL_X33_Y48_N9   ; recq[2][132]~5|combout  ;
;   15.729 ;   1.516 ; FF ; IC   ; 1      ; FF_X27_Y51_N13       ; recq[2][81]|ena         ;
;   16.456 ;   0.727 ; FF ; CELL ; 1      ; FF_X27_Y51_N13       ; recq[2][81]             ;
+----------+---------+----+------+--------+----------------------+-------------------------+

+---------------------------------------------------------------------------------------+
; Data Required Path                                                                    ;
+----------+---------+----+------+--------+-------------------+-------------------------+
; Total    ; Incr    ; RF ; Type ; Fanout ; Location          ; Element                 ;
+----------+---------+----+------+--------+-------------------+-------------------------+
; 10.000   ; 10.000  ;    ;      ;        ;                   ; latch edge time         ;
; 15.925   ; 5.925   ;    ;      ;        ;                   ; clock path              ;
;   10.000 ;   0.000 ;    ;      ;        ;                   ; source latency          ;
;   10.000 ;   0.000 ;    ;      ; 1      ; LABCELL_X1_Y36_N9 ; gpu_clk                 ;
;   10.576 ;   0.576 ; RR ; IC   ; 1      ; CLKCTRL_G2        ; gpu_clk~CLKENA0|inclk   ;
;   10.871 ;   0.295 ; RR ; CELL ; 9078   ; CLKCTRL_G2        ; gpu_clk~CLKENA0|outclk  ;
;   12.831 ;   1.960 ; RR ; IC   ; 1      ; FF_X27_Y51_N13    ; recq[2][81]|clk         ;
;   13.343 ;   0.512 ; RR ; CELL ; 1      ; FF_X27_Y51_N13    ; recq[2][81]             ;
;   15.925 ;   2.582 ;    ;      ;        ;                   ; clock pessimism removed ;
; 15.865   ; -0.060  ;    ;      ;        ;                   ; clock uncertainty       ;
; 15.865   ; 0.000   ;    ; uTsu ; 1      ; FF_X27_Y51_N13    ; recq[2][81]             ;
+----------+---------+----+------+--------+-------------------+-------------------------+

----------------------------
; Extra Fitter Information ;
----------------------------
HTML report is unavailable in plain text report export.


Path #51: Setup slack is -0.580 (VIOLATED)
===============================================================================
+----------------------------------------+
; Path Summary                           ;
+--------------------+-------------------+
; Property           ; Value             ;
+--------------------+-------------------+
; From Node          ; f_pos[1]          ;
; To Node            ; f_w[76]           ;
; Launch Clock       ; gpu_clk           ;
; Latch Clock        ; gpu_clk           ;
; Data Arrival Time  ; 16.442            ;
; Data Required Time ; 15.862            ;
; Slack              ; -0.580 (VIOLATED) ;
+--------------------+-------------------+

+------------------------------------------------------------------------------------+
; Statistics                                                                         ;
+------------------------+--------+-------+-------------+------------+-------+-------+
; Property               ; Value  ; Count ; Total Delay ; % of Total ; Min   ; Max   ;
+------------------------+--------+-------+-------------+------------+-------+-------+
; Setup Relationship     ; 10.000 ;       ;             ;            ;       ;       ;
; Clock Skew             ; -0.153 ;       ;             ;            ;       ;       ;
; Data Delay             ; 10.367 ;       ;             ;            ;       ;       ;
; Number of Logic Levels ;        ; 7     ;             ;            ;       ;       ;
; Physical Delays        ;        ;       ;             ;            ;       ;       ;
;  Arrival Path          ;        ;       ;             ;            ;       ;       ;
;   Clock                ;        ;       ;             ;            ;       ;       ;
;    IC                  ;        ; 2     ; 5.184       ; 85         ; 2.450 ; 2.734 ;
;    Cell                ;        ; 2     ; 0.891       ; 15         ; 0.321 ; 0.570 ;
;   Data                 ;        ;       ;             ;            ;       ;       ;
;    IC                  ;        ; 8     ; 6.322       ; 61         ; 0.218 ; 1.478 ;
;    Cell                ;        ; 9     ; 4.045       ; 39         ; 0.000 ; 0.725 ;
;    uTco                ;        ; 1     ; 0.000       ; 0          ; 0.000 ; 0.000 ;
;  Required Path         ;        ;       ;             ;            ;       ;       ;
;   Clock                ;        ;       ;             ;            ;       ;       ;
;    IC                  ;        ; 2     ; 2.537       ; 76         ; 0.576 ; 1.961 ;
;    Cell                ;        ; 2     ; 0.803       ; 24         ; 0.295 ; 0.508 ;
+------------------------+--------+-------+-------------+------------+-------+-------+
Note: Negative delays are omitted from totals when calculating percentages

+------------------------------------------------------------------------------------------+
; Data Arrival Path                                                                        ;
+----------+---------+----+------+--------+----------------------+-------------------------+
; Total    ; Incr    ; RF ; Type ; Fanout ; Location             ; Element                 ;
+----------+---------+----+------+--------+----------------------+-------------------------+
; 0.000    ; 0.000   ;    ;      ;        ;                      ; launch edge time        ;
; 6.075    ; 6.075   ;    ;      ;        ;                      ; clock path              ;
;   0.000  ;   0.000 ;    ;      ;        ;                      ; source latency          ;
;   0.000  ;   0.000 ;    ;      ; 1      ; LABCELL_X1_Y36_N9    ; gpu_clk                 ;
;   2.734  ;   2.734 ; RR ; IC   ; 1      ; CLKCTRL_G2           ; gpu_clk~CLKENA0|inclk   ;
;   3.055  ;   0.321 ; RR ; CELL ; 9078   ; CLKCTRL_G2           ; gpu_clk~CLKENA0|outclk  ;
;   5.505  ;   2.450 ; RR ; IC   ; 1      ; FF_X35_Y47_N5        ; f_pos[1]|clk            ;
;   6.075  ;   0.570 ; RR ; CELL ; 1      ; FF_X35_Y47_N5        ; f_pos[1]                ;
; 16.442   ; 10.367  ;    ;      ;        ;                      ; data path               ;
;   6.075  ;   0.000 ;    ; uTco ; 1      ; FF_X35_Y47_N5        ; f_pos[1]                ;
;   6.075  ;   0.000 ; RR ; CELL ; 2      ; FF_X35_Y47_N5        ; f_pos[1]|q              ;
;   7.245  ;   1.170 ; RR ; IC   ; 1      ; LABCELL_X33_Y45_N27  ; LessThan5~4|datad       ;
;   7.738  ;   0.493 ; RF ; CELL ; 1      ; LABCELL_X33_Y45_N27  ; LessThan5~4|combout     ;
;   8.344  ;   0.606 ; FF ; IC   ; 1      ; MLABCELL_X34_Y45_N0  ; LessThan5~5|dataa       ;
;   8.898  ;   0.554 ; FF ; CELL ; 2      ; MLABCELL_X34_Y45_N0  ; LessThan5~5|combout     ;
;   9.450  ;   0.552 ; FF ; IC   ; 1      ; LABCELL_X33_Y45_N54  ; LessThan5~30|dataa      ;
;   9.990  ;   0.540 ; FR ; CELL ; 1      ; LABCELL_X33_Y45_N54  ; LessThan5~30|combout    ;
;   10.560 ;   0.570 ; RR ; IC   ; 1      ; MLABCELL_X34_Y45_N42 ; LessThan5~31|datae      ;
;   10.861 ;   0.301 ; RF ; CELL ; 1      ; MLABCELL_X34_Y45_N42 ; LessThan5~31|combout    ;
;   11.079 ;   0.218 ; FF ; IC   ; 1      ; MLABCELL_X34_Y45_N54 ; LessThan5~33|datad      ;
;   11.649 ;   0.570 ; FF ; CELL ; 1      ; MLABCELL_X34_Y45_N54 ; LessThan5~33|combout    ;
;   12.398 ;   0.749 ; FF ; IC   ; 1      ; MLABCELL_X34_Y46_N0  ; in_rec_region~0|dataa   ;
;   12.960 ;   0.562 ; FF ; CELL ; 14     ; MLABCELL_X34_Y46_N0  ; in_rec_region~0|combout ;
;   13.939 ;   0.979 ; FF ; IC   ; 1      ; LABCELL_X33_Y48_N39  ; f_w[127]~1|datae        ;
;   14.239 ;   0.300 ; FF ; CELL ; 120    ; LABCELL_X33_Y48_N39  ; f_w[127]~1|combout      ;
;   15.717 ;   1.478 ; FF ; IC   ; 1      ; FF_X28_Y53_N41       ; f_w[76]|ena             ;
;   16.442 ;   0.725 ; FF ; CELL ; 1      ; FF_X28_Y53_N41       ; f_w[76]                 ;
+----------+---------+----+------+--------+----------------------+-------------------------+

+---------------------------------------------------------------------------------------+
; Data Required Path                                                                    ;
+----------+---------+----+------+--------+-------------------+-------------------------+
; Total    ; Incr    ; RF ; Type ; Fanout ; Location          ; Element                 ;
+----------+---------+----+------+--------+-------------------+-------------------------+
; 10.000   ; 10.000  ;    ;      ;        ;                   ; latch edge time         ;
; 15.922   ; 5.922   ;    ;      ;        ;                   ; clock path              ;
;   10.000 ;   0.000 ;    ;      ;        ;                   ; source latency          ;
;   10.000 ;   0.000 ;    ;      ; 1      ; LABCELL_X1_Y36_N9 ; gpu_clk                 ;
;   10.576 ;   0.576 ; RR ; IC   ; 1      ; CLKCTRL_G2        ; gpu_clk~CLKENA0|inclk   ;
;   10.871 ;   0.295 ; RR ; CELL ; 9078   ; CLKCTRL_G2        ; gpu_clk~CLKENA0|outclk  ;
;   12.832 ;   1.961 ; RR ; IC   ; 1      ; FF_X28_Y53_N41    ; f_w[76]|clk             ;
;   13.340 ;   0.508 ; RR ; CELL ; 1      ; FF_X28_Y53_N41    ; f_w[76]                 ;
;   15.922 ;   2.582 ;    ;      ;        ;                   ; clock pessimism removed ;
; 15.862   ; -0.060  ;    ;      ;        ;                   ; clock uncertainty       ;
; 15.862   ; 0.000   ;    ; uTsu ; 1      ; FF_X28_Y53_N41    ; f_w[76]                 ;
+----------+---------+----+------+--------+-------------------+-------------------------+

----------------------------
; Extra Fitter Information ;
----------------------------
HTML report is unavailable in plain text report export.


Path #52: Setup slack is -0.580 (VIOLATED)
===============================================================================
+----------------------------------------+
; Path Summary                           ;
+--------------------+-------------------+
; Property           ; Value             ;
+--------------------+-------------------+
; From Node          ; f_pos[1]          ;
; To Node            ; recq[1][76]       ;
; Launch Clock       ; gpu_clk           ;
; Latch Clock        ; gpu_clk           ;
; Data Arrival Time  ; 16.432            ;
; Data Required Time ; 15.852            ;
; Slack              ; -0.580 (VIOLATED) ;
+--------------------+-------------------+

+------------------------------------------------------------------------------------+
; Statistics                                                                         ;
+------------------------+--------+-------+-------------+------------+-------+-------+
; Property               ; Value  ; Count ; Total Delay ; % of Total ; Min   ; Max   ;
+------------------------+--------+-------+-------------+------------+-------+-------+
; Setup Relationship     ; 10.000 ;       ;             ;            ;       ;       ;
; Clock Skew             ; -0.163 ;       ;             ;            ;       ;       ;
; Data Delay             ; 10.357 ;       ;             ;            ;       ;       ;
; Number of Logic Levels ;        ; 7     ;             ;            ;       ;       ;
; Physical Delays        ;        ;       ;             ;            ;       ;       ;
;  Arrival Path          ;        ;       ;             ;            ;       ;       ;
;   Clock                ;        ;       ;             ;            ;       ;       ;
;    IC                  ;        ; 2     ; 5.184       ; 85         ; 2.450 ; 2.734 ;
;    Cell                ;        ; 2     ; 0.891       ; 15         ; 0.321 ; 0.570 ;
;   Data                 ;        ;       ;             ;            ;       ;       ;
;    IC                  ;        ; 8     ; 6.398       ; 62         ; 0.218 ; 1.569 ;
;    Cell                ;        ; 9     ; 3.959       ; 38         ; 0.000 ; 0.718 ;
;    uTco                ;        ; 1     ; 0.000       ; 0          ; 0.000 ; 0.000 ;
;  Required Path         ;        ;       ;             ;            ;       ;       ;
;   Clock                ;        ;       ;             ;            ;       ;       ;
;    IC                  ;        ; 2     ; 2.537       ; 76         ; 0.576 ; 1.961 ;
;    Cell                ;        ; 2     ; 0.793       ; 24         ; 0.295 ; 0.498 ;
+------------------------+--------+-------+-------------+------------+-------+-------+
Note: Negative delays are omitted from totals when calculating percentages

+------------------------------------------------------------------------------------------+
; Data Arrival Path                                                                        ;
+----------+---------+----+------+--------+----------------------+-------------------------+
; Total    ; Incr    ; RF ; Type ; Fanout ; Location             ; Element                 ;
+----------+---------+----+------+--------+----------------------+-------------------------+
; 0.000    ; 0.000   ;    ;      ;        ;                      ; launch edge time        ;
; 6.075    ; 6.075   ;    ;      ;        ;                      ; clock path              ;
;   0.000  ;   0.000 ;    ;      ;        ;                      ; source latency          ;
;   0.000  ;   0.000 ;    ;      ; 1      ; LABCELL_X1_Y36_N9    ; gpu_clk                 ;
;   2.734  ;   2.734 ; RR ; IC   ; 1      ; CLKCTRL_G2           ; gpu_clk~CLKENA0|inclk   ;
;   3.055  ;   0.321 ; RR ; CELL ; 9078   ; CLKCTRL_G2           ; gpu_clk~CLKENA0|outclk  ;
;   5.505  ;   2.450 ; RR ; IC   ; 1      ; FF_X35_Y47_N5        ; f_pos[1]|clk            ;
;   6.075  ;   0.570 ; RR ; CELL ; 1      ; FF_X35_Y47_N5        ; f_pos[1]                ;
; 16.432   ; 10.357  ;    ;      ;        ;                      ; data path               ;
;   6.075  ;   0.000 ;    ; uTco ; 1      ; FF_X35_Y47_N5        ; f_pos[1]                ;
;   6.075  ;   0.000 ; RR ; CELL ; 2      ; FF_X35_Y47_N5        ; f_pos[1]|q              ;
;   7.245  ;   1.170 ; RR ; IC   ; 1      ; LABCELL_X33_Y45_N27  ; LessThan5~4|datad       ;
;   7.738  ;   0.493 ; RF ; CELL ; 1      ; LABCELL_X33_Y45_N27  ; LessThan5~4|combout     ;
;   8.344  ;   0.606 ; FF ; IC   ; 1      ; MLABCELL_X34_Y45_N0  ; LessThan5~5|dataa       ;
;   8.898  ;   0.554 ; FF ; CELL ; 2      ; MLABCELL_X34_Y45_N0  ; LessThan5~5|combout     ;
;   9.450  ;   0.552 ; FF ; IC   ; 1      ; LABCELL_X33_Y45_N54  ; LessThan5~30|dataa      ;
;   9.990  ;   0.540 ; FR ; CELL ; 1      ; LABCELL_X33_Y45_N54  ; LessThan5~30|combout    ;
;   10.560 ;   0.570 ; RR ; IC   ; 1      ; MLABCELL_X34_Y45_N42 ; LessThan5~31|datae      ;
;   10.861 ;   0.301 ; RF ; CELL ; 1      ; MLABCELL_X34_Y45_N42 ; LessThan5~31|combout    ;
;   11.079 ;   0.218 ; FF ; IC   ; 1      ; MLABCELL_X34_Y45_N54 ; LessThan5~33|datad      ;
;   11.649 ;   0.570 ; FF ; CELL ; 1      ; MLABCELL_X34_Y45_N54 ; LessThan5~33|combout    ;
;   12.398 ;   0.749 ; FF ; IC   ; 1      ; MLABCELL_X34_Y46_N0  ; in_rec_region~0|dataa   ;
;   12.960 ;   0.562 ; FF ; CELL ; 14     ; MLABCELL_X34_Y46_N0  ; in_rec_region~0|combout ;
;   13.924 ;   0.964 ; FF ; IC   ; 1      ; LABCELL_X33_Y48_N18  ; recq[1][143]~8|datae    ;
;   14.145 ;   0.221 ; FF ; CELL ; 136    ; LABCELL_X33_Y48_N18  ; recq[1][143]~8|combout  ;
;   15.714 ;   1.569 ; FF ; IC   ; 1      ; FF_X28_Y53_N2        ; recq[1][76]|ena         ;
;   16.432 ;   0.718 ; FF ; CELL ; 1      ; FF_X28_Y53_N2        ; recq[1][76]             ;
+----------+---------+----+------+--------+----------------------+-------------------------+

+---------------------------------------------------------------------------------------+
; Data Required Path                                                                    ;
+----------+---------+----+------+--------+-------------------+-------------------------+
; Total    ; Incr    ; RF ; Type ; Fanout ; Location          ; Element                 ;
+----------+---------+----+------+--------+-------------------+-------------------------+
; 10.000   ; 10.000  ;    ;      ;        ;                   ; latch edge time         ;
; 15.912   ; 5.912   ;    ;      ;        ;                   ; clock path              ;
;   10.000 ;   0.000 ;    ;      ;        ;                   ; source latency          ;
;   10.000 ;   0.000 ;    ;      ; 1      ; LABCELL_X1_Y36_N9 ; gpu_clk                 ;
;   10.576 ;   0.576 ; RR ; IC   ; 1      ; CLKCTRL_G2        ; gpu_clk~CLKENA0|inclk   ;
;   10.871 ;   0.295 ; RR ; CELL ; 9078   ; CLKCTRL_G2        ; gpu_clk~CLKENA0|outclk  ;
;   12.832 ;   1.961 ; RR ; IC   ; 1      ; FF_X28_Y53_N2     ; recq[1][76]|clk         ;
;   13.330 ;   0.498 ; RR ; CELL ; 1      ; FF_X28_Y53_N2     ; recq[1][76]             ;
;   15.912 ;   2.582 ;    ;      ;        ;                   ; clock pessimism removed ;
; 15.852   ; -0.060  ;    ;      ;        ;                   ; clock uncertainty       ;
; 15.852   ; 0.000   ;    ; uTsu ; 1      ; FF_X28_Y53_N2     ; recq[1][76]             ;
+----------+---------+----+------+--------+-------------------+-------------------------+

----------------------------
; Extra Fitter Information ;
----------------------------
HTML report is unavailable in plain text report export.


Path #53: Setup slack is -0.580 (VIOLATED)
===============================================================================
+----------------------------------------+
; Path Summary                           ;
+--------------------+-------------------+
; Property           ; Value             ;
+--------------------+-------------------+
; From Node          ; f_pos[1]          ;
; To Node            ; f_w[73]           ;
; Launch Clock       ; gpu_clk           ;
; Latch Clock        ; gpu_clk           ;
; Data Arrival Time  ; 16.442            ;
; Data Required Time ; 15.862            ;
; Slack              ; -0.580 (VIOLATED) ;
+--------------------+-------------------+

+------------------------------------------------------------------------------------+
; Statistics                                                                         ;
+------------------------+--------+-------+-------------+------------+-------+-------+
; Property               ; Value  ; Count ; Total Delay ; % of Total ; Min   ; Max   ;
+------------------------+--------+-------+-------------+------------+-------+-------+
; Setup Relationship     ; 10.000 ;       ;             ;            ;       ;       ;
; Clock Skew             ; -0.153 ;       ;             ;            ;       ;       ;
; Data Delay             ; 10.367 ;       ;             ;            ;       ;       ;
; Number of Logic Levels ;        ; 7     ;             ;            ;       ;       ;
; Physical Delays        ;        ;       ;             ;            ;       ;       ;
;  Arrival Path          ;        ;       ;             ;            ;       ;       ;
;   Clock                ;        ;       ;             ;            ;       ;       ;
;    IC                  ;        ; 2     ; 5.184       ; 85         ; 2.450 ; 2.734 ;
;    Cell                ;        ; 2     ; 0.891       ; 15         ; 0.321 ; 0.570 ;
;   Data                 ;        ;       ;             ;            ;       ;       ;
;    IC                  ;        ; 8     ; 6.322       ; 61         ; 0.218 ; 1.478 ;
;    Cell                ;        ; 9     ; 4.045       ; 39         ; 0.000 ; 0.725 ;
;    uTco                ;        ; 1     ; 0.000       ; 0          ; 0.000 ; 0.000 ;
;  Required Path         ;        ;       ;             ;            ;       ;       ;
;   Clock                ;        ;       ;             ;            ;       ;       ;
;    IC                  ;        ; 2     ; 2.537       ; 76         ; 0.576 ; 1.961 ;
;    Cell                ;        ; 2     ; 0.803       ; 24         ; 0.295 ; 0.508 ;
+------------------------+--------+-------+-------------+------------+-------+-------+
Note: Negative delays are omitted from totals when calculating percentages

+------------------------------------------------------------------------------------------+
; Data Arrival Path                                                                        ;
+----------+---------+----+------+--------+----------------------+-------------------------+
; Total    ; Incr    ; RF ; Type ; Fanout ; Location             ; Element                 ;
+----------+---------+----+------+--------+----------------------+-------------------------+
; 0.000    ; 0.000   ;    ;      ;        ;                      ; launch edge time        ;
; 6.075    ; 6.075   ;    ;      ;        ;                      ; clock path              ;
;   0.000  ;   0.000 ;    ;      ;        ;                      ; source latency          ;
;   0.000  ;   0.000 ;    ;      ; 1      ; LABCELL_X1_Y36_N9    ; gpu_clk                 ;
;   2.734  ;   2.734 ; RR ; IC   ; 1      ; CLKCTRL_G2           ; gpu_clk~CLKENA0|inclk   ;
;   3.055  ;   0.321 ; RR ; CELL ; 9078   ; CLKCTRL_G2           ; gpu_clk~CLKENA0|outclk  ;
;   5.505  ;   2.450 ; RR ; IC   ; 1      ; FF_X35_Y47_N5        ; f_pos[1]|clk            ;
;   6.075  ;   0.570 ; RR ; CELL ; 1      ; FF_X35_Y47_N5        ; f_pos[1]                ;
; 16.442   ; 10.367  ;    ;      ;        ;                      ; data path               ;
;   6.075  ;   0.000 ;    ; uTco ; 1      ; FF_X35_Y47_N5        ; f_pos[1]                ;
;   6.075  ;   0.000 ; RR ; CELL ; 2      ; FF_X35_Y47_N5        ; f_pos[1]|q              ;
;   7.245  ;   1.170 ; RR ; IC   ; 1      ; LABCELL_X33_Y45_N27  ; LessThan5~4|datad       ;
;   7.738  ;   0.493 ; RF ; CELL ; 1      ; LABCELL_X33_Y45_N27  ; LessThan5~4|combout     ;
;   8.344  ;   0.606 ; FF ; IC   ; 1      ; MLABCELL_X34_Y45_N0  ; LessThan5~5|dataa       ;
;   8.898  ;   0.554 ; FF ; CELL ; 2      ; MLABCELL_X34_Y45_N0  ; LessThan5~5|combout     ;
;   9.450  ;   0.552 ; FF ; IC   ; 1      ; LABCELL_X33_Y45_N54  ; LessThan5~30|dataa      ;
;   9.990  ;   0.540 ; FR ; CELL ; 1      ; LABCELL_X33_Y45_N54  ; LessThan5~30|combout    ;
;   10.560 ;   0.570 ; RR ; IC   ; 1      ; MLABCELL_X34_Y45_N42 ; LessThan5~31|datae      ;
;   10.861 ;   0.301 ; RF ; CELL ; 1      ; MLABCELL_X34_Y45_N42 ; LessThan5~31|combout    ;
;   11.079 ;   0.218 ; FF ; IC   ; 1      ; MLABCELL_X34_Y45_N54 ; LessThan5~33|datad      ;
;   11.649 ;   0.570 ; FF ; CELL ; 1      ; MLABCELL_X34_Y45_N54 ; LessThan5~33|combout    ;
;   12.398 ;   0.749 ; FF ; IC   ; 1      ; MLABCELL_X34_Y46_N0  ; in_rec_region~0|dataa   ;
;   12.960 ;   0.562 ; FF ; CELL ; 14     ; MLABCELL_X34_Y46_N0  ; in_rec_region~0|combout ;
;   13.939 ;   0.979 ; FF ; IC   ; 1      ; LABCELL_X33_Y48_N39  ; f_w[127]~1|datae        ;
;   14.239 ;   0.300 ; FF ; CELL ; 120    ; LABCELL_X33_Y48_N39  ; f_w[127]~1|combout      ;
;   15.717 ;   1.478 ; FF ; IC   ; 1      ; FF_X28_Y53_N47       ; f_w[73]|ena             ;
;   16.442 ;   0.725 ; FF ; CELL ; 1      ; FF_X28_Y53_N47       ; f_w[73]                 ;
+----------+---------+----+------+--------+----------------------+-------------------------+

+---------------------------------------------------------------------------------------+
; Data Required Path                                                                    ;
+----------+---------+----+------+--------+-------------------+-------------------------+
; Total    ; Incr    ; RF ; Type ; Fanout ; Location          ; Element                 ;
+----------+---------+----+------+--------+-------------------+-------------------------+
; 10.000   ; 10.000  ;    ;      ;        ;                   ; latch edge time         ;
; 15.922   ; 5.922   ;    ;      ;        ;                   ; clock path              ;
;   10.000 ;   0.000 ;    ;      ;        ;                   ; source latency          ;
;   10.000 ;   0.000 ;    ;      ; 1      ; LABCELL_X1_Y36_N9 ; gpu_clk                 ;
;   10.576 ;   0.576 ; RR ; IC   ; 1      ; CLKCTRL_G2        ; gpu_clk~CLKENA0|inclk   ;
;   10.871 ;   0.295 ; RR ; CELL ; 9078   ; CLKCTRL_G2        ; gpu_clk~CLKENA0|outclk  ;
;   12.832 ;   1.961 ; RR ; IC   ; 1      ; FF_X28_Y53_N47    ; f_w[73]|clk             ;
;   13.340 ;   0.508 ; RR ; CELL ; 1      ; FF_X28_Y53_N47    ; f_w[73]                 ;
;   15.922 ;   2.582 ;    ;      ;        ;                   ; clock pessimism removed ;
; 15.862   ; -0.060  ;    ;      ;        ;                   ; clock uncertainty       ;
; 15.862   ; 0.000   ;    ; uTsu ; 1      ; FF_X28_Y53_N47    ; f_w[73]                 ;
+----------+---------+----+------+--------+-------------------+-------------------------+

----------------------------
; Extra Fitter Information ;
----------------------------
HTML report is unavailable in plain text report export.


Path #54: Setup slack is -0.580 (VIOLATED)
===============================================================================
+----------------------------------------+
; Path Summary                           ;
+--------------------+-------------------+
; Property           ; Value             ;
+--------------------+-------------------+
; From Node          ; f_pos[1]          ;
; To Node            ; recq[1][73]       ;
; Launch Clock       ; gpu_clk           ;
; Latch Clock        ; gpu_clk           ;
; Data Arrival Time  ; 16.432            ;
; Data Required Time ; 15.852            ;
; Slack              ; -0.580 (VIOLATED) ;
+--------------------+-------------------+

+------------------------------------------------------------------------------------+
; Statistics                                                                         ;
+------------------------+--------+-------+-------------+------------+-------+-------+
; Property               ; Value  ; Count ; Total Delay ; % of Total ; Min   ; Max   ;
+------------------------+--------+-------+-------------+------------+-------+-------+
; Setup Relationship     ; 10.000 ;       ;             ;            ;       ;       ;
; Clock Skew             ; -0.163 ;       ;             ;            ;       ;       ;
; Data Delay             ; 10.357 ;       ;             ;            ;       ;       ;
; Number of Logic Levels ;        ; 7     ;             ;            ;       ;       ;
; Physical Delays        ;        ;       ;             ;            ;       ;       ;
;  Arrival Path          ;        ;       ;             ;            ;       ;       ;
;   Clock                ;        ;       ;             ;            ;       ;       ;
;    IC                  ;        ; 2     ; 5.184       ; 85         ; 2.450 ; 2.734 ;
;    Cell                ;        ; 2     ; 0.891       ; 15         ; 0.321 ; 0.570 ;
;   Data                 ;        ;       ;             ;            ;       ;       ;
;    IC                  ;        ; 8     ; 6.398       ; 62         ; 0.218 ; 1.569 ;
;    Cell                ;        ; 9     ; 3.959       ; 38         ; 0.000 ; 0.718 ;
;    uTco                ;        ; 1     ; 0.000       ; 0          ; 0.000 ; 0.000 ;
;  Required Path         ;        ;       ;             ;            ;       ;       ;
;   Clock                ;        ;       ;             ;            ;       ;       ;
;    IC                  ;        ; 2     ; 2.537       ; 76         ; 0.576 ; 1.961 ;
;    Cell                ;        ; 2     ; 0.793       ; 24         ; 0.295 ; 0.498 ;
+------------------------+--------+-------+-------------+------------+-------+-------+
Note: Negative delays are omitted from totals when calculating percentages

+------------------------------------------------------------------------------------------+
; Data Arrival Path                                                                        ;
+----------+---------+----+------+--------+----------------------+-------------------------+
; Total    ; Incr    ; RF ; Type ; Fanout ; Location             ; Element                 ;
+----------+---------+----+------+--------+----------------------+-------------------------+
; 0.000    ; 0.000   ;    ;      ;        ;                      ; launch edge time        ;
; 6.075    ; 6.075   ;    ;      ;        ;                      ; clock path              ;
;   0.000  ;   0.000 ;    ;      ;        ;                      ; source latency          ;
;   0.000  ;   0.000 ;    ;      ; 1      ; LABCELL_X1_Y36_N9    ; gpu_clk                 ;
;   2.734  ;   2.734 ; RR ; IC   ; 1      ; CLKCTRL_G2           ; gpu_clk~CLKENA0|inclk   ;
;   3.055  ;   0.321 ; RR ; CELL ; 9078   ; CLKCTRL_G2           ; gpu_clk~CLKENA0|outclk  ;
;   5.505  ;   2.450 ; RR ; IC   ; 1      ; FF_X35_Y47_N5        ; f_pos[1]|clk            ;
;   6.075  ;   0.570 ; RR ; CELL ; 1      ; FF_X35_Y47_N5        ; f_pos[1]                ;
; 16.432   ; 10.357  ;    ;      ;        ;                      ; data path               ;
;   6.075  ;   0.000 ;    ; uTco ; 1      ; FF_X35_Y47_N5        ; f_pos[1]                ;
;   6.075  ;   0.000 ; RR ; CELL ; 2      ; FF_X35_Y47_N5        ; f_pos[1]|q              ;
;   7.245  ;   1.170 ; RR ; IC   ; 1      ; LABCELL_X33_Y45_N27  ; LessThan5~4|datad       ;
;   7.738  ;   0.493 ; RF ; CELL ; 1      ; LABCELL_X33_Y45_N27  ; LessThan5~4|combout     ;
;   8.344  ;   0.606 ; FF ; IC   ; 1      ; MLABCELL_X34_Y45_N0  ; LessThan5~5|dataa       ;
;   8.898  ;   0.554 ; FF ; CELL ; 2      ; MLABCELL_X34_Y45_N0  ; LessThan5~5|combout     ;
;   9.450  ;   0.552 ; FF ; IC   ; 1      ; LABCELL_X33_Y45_N54  ; LessThan5~30|dataa      ;
;   9.990  ;   0.540 ; FR ; CELL ; 1      ; LABCELL_X33_Y45_N54  ; LessThan5~30|combout    ;
;   10.560 ;   0.570 ; RR ; IC   ; 1      ; MLABCELL_X34_Y45_N42 ; LessThan5~31|datae      ;
;   10.861 ;   0.301 ; RF ; CELL ; 1      ; MLABCELL_X34_Y45_N42 ; LessThan5~31|combout    ;
;   11.079 ;   0.218 ; FF ; IC   ; 1      ; MLABCELL_X34_Y45_N54 ; LessThan5~33|datad      ;
;   11.649 ;   0.570 ; FF ; CELL ; 1      ; MLABCELL_X34_Y45_N54 ; LessThan5~33|combout    ;
;   12.398 ;   0.749 ; FF ; IC   ; 1      ; MLABCELL_X34_Y46_N0  ; in_rec_region~0|dataa   ;
;   12.960 ;   0.562 ; FF ; CELL ; 14     ; MLABCELL_X34_Y46_N0  ; in_rec_region~0|combout ;
;   13.924 ;   0.964 ; FF ; IC   ; 1      ; LABCELL_X33_Y48_N18  ; recq[1][143]~8|datae    ;
;   14.145 ;   0.221 ; FF ; CELL ; 136    ; LABCELL_X33_Y48_N18  ; recq[1][143]~8|combout  ;
;   15.714 ;   1.569 ; FF ; IC   ; 1      ; FF_X28_Y53_N20       ; recq[1][73]|ena         ;
;   16.432 ;   0.718 ; FF ; CELL ; 1      ; FF_X28_Y53_N20       ; recq[1][73]             ;
+----------+---------+----+------+--------+----------------------+-------------------------+

+---------------------------------------------------------------------------------------+
; Data Required Path                                                                    ;
+----------+---------+----+------+--------+-------------------+-------------------------+
; Total    ; Incr    ; RF ; Type ; Fanout ; Location          ; Element                 ;
+----------+---------+----+------+--------+-------------------+-------------------------+
; 10.000   ; 10.000  ;    ;      ;        ;                   ; latch edge time         ;
; 15.912   ; 5.912   ;    ;      ;        ;                   ; clock path              ;
;   10.000 ;   0.000 ;    ;      ;        ;                   ; source latency          ;
;   10.000 ;   0.000 ;    ;      ; 1      ; LABCELL_X1_Y36_N9 ; gpu_clk                 ;
;   10.576 ;   0.576 ; RR ; IC   ; 1      ; CLKCTRL_G2        ; gpu_clk~CLKENA0|inclk   ;
;   10.871 ;   0.295 ; RR ; CELL ; 9078   ; CLKCTRL_G2        ; gpu_clk~CLKENA0|outclk  ;
;   12.832 ;   1.961 ; RR ; IC   ; 1      ; FF_X28_Y53_N20    ; recq[1][73]|clk         ;
;   13.330 ;   0.498 ; RR ; CELL ; 1      ; FF_X28_Y53_N20    ; recq[1][73]             ;
;   15.912 ;   2.582 ;    ;      ;        ;                   ; clock pessimism removed ;
; 15.852   ; -0.060  ;    ;      ;        ;                   ; clock uncertainty       ;
; 15.852   ; 0.000   ;    ; uTsu ; 1      ; FF_X28_Y53_N20    ; recq[1][73]             ;
+----------+---------+----+------+--------+-------------------+-------------------------+

----------------------------
; Extra Fitter Information ;
----------------------------
HTML report is unavailable in plain text report export.


Path #55: Setup slack is -0.580 (VIOLATED)
===============================================================================
+----------------------------------------+
; Path Summary                           ;
+--------------------+-------------------+
; Property           ; Value             ;
+--------------------+-------------------+
; From Node          ; f_pos[1]          ;
; To Node            ; recq[1][72]       ;
; Launch Clock       ; gpu_clk           ;
; Latch Clock        ; gpu_clk           ;
; Data Arrival Time  ; 16.436            ;
; Data Required Time ; 15.856            ;
; Slack              ; -0.580 (VIOLATED) ;
+--------------------+-------------------+

+------------------------------------------------------------------------------------+
; Statistics                                                                         ;
+------------------------+--------+-------+-------------+------------+-------+-------+
; Property               ; Value  ; Count ; Total Delay ; % of Total ; Min   ; Max   ;
+------------------------+--------+-------+-------------+------------+-------+-------+
; Setup Relationship     ; 10.000 ;       ;             ;            ;       ;       ;
; Clock Skew             ; -0.159 ;       ;             ;            ;       ;       ;
; Data Delay             ; 10.361 ;       ;             ;            ;       ;       ;
; Number of Logic Levels ;        ; 7     ;             ;            ;       ;       ;
; Physical Delays        ;        ;       ;             ;            ;       ;       ;
;  Arrival Path          ;        ;       ;             ;            ;       ;       ;
;   Clock                ;        ;       ;             ;            ;       ;       ;
;    IC                  ;        ; 2     ; 5.184       ; 85         ; 2.450 ; 2.734 ;
;    Cell                ;        ; 2     ; 0.891       ; 15         ; 0.321 ; 0.570 ;
;   Data                 ;        ;       ;             ;            ;       ;       ;
;    IC                  ;        ; 8     ; 6.398       ; 62         ; 0.218 ; 1.569 ;
;    Cell                ;        ; 9     ; 3.963       ; 38         ; 0.000 ; 0.722 ;
;    uTco                ;        ; 1     ; 0.000       ; 0          ; 0.000 ; 0.000 ;
;  Required Path         ;        ;       ;             ;            ;       ;       ;
;   Clock                ;        ;       ;             ;            ;       ;       ;
;    IC                  ;        ; 2     ; 2.537       ; 76         ; 0.576 ; 1.961 ;
;    Cell                ;        ; 2     ; 0.797       ; 24         ; 0.295 ; 0.502 ;
+------------------------+--------+-------+-------------+------------+-------+-------+
Note: Negative delays are omitted from totals when calculating percentages

+------------------------------------------------------------------------------------------+
; Data Arrival Path                                                                        ;
+----------+---------+----+------+--------+----------------------+-------------------------+
; Total    ; Incr    ; RF ; Type ; Fanout ; Location             ; Element                 ;
+----------+---------+----+------+--------+----------------------+-------------------------+
; 0.000    ; 0.000   ;    ;      ;        ;                      ; launch edge time        ;
; 6.075    ; 6.075   ;    ;      ;        ;                      ; clock path              ;
;   0.000  ;   0.000 ;    ;      ;        ;                      ; source latency          ;
;   0.000  ;   0.000 ;    ;      ; 1      ; LABCELL_X1_Y36_N9    ; gpu_clk                 ;
;   2.734  ;   2.734 ; RR ; IC   ; 1      ; CLKCTRL_G2           ; gpu_clk~CLKENA0|inclk   ;
;   3.055  ;   0.321 ; RR ; CELL ; 9078   ; CLKCTRL_G2           ; gpu_clk~CLKENA0|outclk  ;
;   5.505  ;   2.450 ; RR ; IC   ; 1      ; FF_X35_Y47_N5        ; f_pos[1]|clk            ;
;   6.075  ;   0.570 ; RR ; CELL ; 1      ; FF_X35_Y47_N5        ; f_pos[1]                ;
; 16.436   ; 10.361  ;    ;      ;        ;                      ; data path               ;
;   6.075  ;   0.000 ;    ; uTco ; 1      ; FF_X35_Y47_N5        ; f_pos[1]                ;
;   6.075  ;   0.000 ; RR ; CELL ; 2      ; FF_X35_Y47_N5        ; f_pos[1]|q              ;
;   7.245  ;   1.170 ; RR ; IC   ; 1      ; LABCELL_X33_Y45_N27  ; LessThan5~4|datad       ;
;   7.738  ;   0.493 ; RF ; CELL ; 1      ; LABCELL_X33_Y45_N27  ; LessThan5~4|combout     ;
;   8.344  ;   0.606 ; FF ; IC   ; 1      ; MLABCELL_X34_Y45_N0  ; LessThan5~5|dataa       ;
;   8.898  ;   0.554 ; FF ; CELL ; 2      ; MLABCELL_X34_Y45_N0  ; LessThan5~5|combout     ;
;   9.450  ;   0.552 ; FF ; IC   ; 1      ; LABCELL_X33_Y45_N54  ; LessThan5~30|dataa      ;
;   9.990  ;   0.540 ; FR ; CELL ; 1      ; LABCELL_X33_Y45_N54  ; LessThan5~30|combout    ;
;   10.560 ;   0.570 ; RR ; IC   ; 1      ; MLABCELL_X34_Y45_N42 ; LessThan5~31|datae      ;
;   10.861 ;   0.301 ; RF ; CELL ; 1      ; MLABCELL_X34_Y45_N42 ; LessThan5~31|combout    ;
;   11.079 ;   0.218 ; FF ; IC   ; 1      ; MLABCELL_X34_Y45_N54 ; LessThan5~33|datad      ;
;   11.649 ;   0.570 ; FF ; CELL ; 1      ; MLABCELL_X34_Y45_N54 ; LessThan5~33|combout    ;
;   12.398 ;   0.749 ; FF ; IC   ; 1      ; MLABCELL_X34_Y46_N0  ; in_rec_region~0|dataa   ;
;   12.960 ;   0.562 ; FF ; CELL ; 14     ; MLABCELL_X34_Y46_N0  ; in_rec_region~0|combout ;
;   13.924 ;   0.964 ; FF ; IC   ; 1      ; LABCELL_X33_Y48_N18  ; recq[1][143]~8|datae    ;
;   14.145 ;   0.221 ; FF ; CELL ; 136    ; LABCELL_X33_Y48_N18  ; recq[1][143]~8|combout  ;
;   15.714 ;   1.569 ; FF ; IC   ; 1      ; FF_X28_Y53_N53       ; recq[1][72]|ena         ;
;   16.436 ;   0.722 ; FF ; CELL ; 1      ; FF_X28_Y53_N53       ; recq[1][72]             ;
+----------+---------+----+------+--------+----------------------+-------------------------+

+---------------------------------------------------------------------------------------+
; Data Required Path                                                                    ;
+----------+---------+----+------+--------+-------------------+-------------------------+
; Total    ; Incr    ; RF ; Type ; Fanout ; Location          ; Element                 ;
+----------+---------+----+------+--------+-------------------+-------------------------+
; 10.000   ; 10.000  ;    ;      ;        ;                   ; latch edge time         ;
; 15.916   ; 5.916   ;    ;      ;        ;                   ; clock path              ;
;   10.000 ;   0.000 ;    ;      ;        ;                   ; source latency          ;
;   10.000 ;   0.000 ;    ;      ; 1      ; LABCELL_X1_Y36_N9 ; gpu_clk                 ;
;   10.576 ;   0.576 ; RR ; IC   ; 1      ; CLKCTRL_G2        ; gpu_clk~CLKENA0|inclk   ;
;   10.871 ;   0.295 ; RR ; CELL ; 9078   ; CLKCTRL_G2        ; gpu_clk~CLKENA0|outclk  ;
;   12.832 ;   1.961 ; RR ; IC   ; 1      ; FF_X28_Y53_N53    ; recq[1][72]|clk         ;
;   13.334 ;   0.502 ; RR ; CELL ; 1      ; FF_X28_Y53_N53    ; recq[1][72]             ;
;   15.916 ;   2.582 ;    ;      ;        ;                   ; clock pessimism removed ;
; 15.856   ; -0.060  ;    ;      ;        ;                   ; clock uncertainty       ;
; 15.856   ; 0.000   ;    ; uTsu ; 1      ; FF_X28_Y53_N53    ; recq[1][72]             ;
+----------+---------+----+------+--------+-------------------+-------------------------+

----------------------------
; Extra Fitter Information ;
----------------------------
HTML report is unavailable in plain text report export.


Path #56: Setup slack is -0.580 (VIOLATED)
===============================================================================
+----------------------------------------+
; Path Summary                           ;
+--------------------+-------------------+
; Property           ; Value             ;
+--------------------+-------------------+
; From Node          ; f_pos[1]          ;
; To Node            ; recq[1][8]        ;
; Launch Clock       ; gpu_clk           ;
; Latch Clock        ; gpu_clk           ;
; Data Arrival Time  ; 16.432            ;
; Data Required Time ; 15.852            ;
; Slack              ; -0.580 (VIOLATED) ;
+--------------------+-------------------+

+------------------------------------------------------------------------------------+
; Statistics                                                                         ;
+------------------------+--------+-------+-------------+------------+-------+-------+
; Property               ; Value  ; Count ; Total Delay ; % of Total ; Min   ; Max   ;
+------------------------+--------+-------+-------------+------------+-------+-------+
; Setup Relationship     ; 10.000 ;       ;             ;            ;       ;       ;
; Clock Skew             ; -0.163 ;       ;             ;            ;       ;       ;
; Data Delay             ; 10.357 ;       ;             ;            ;       ;       ;
; Number of Logic Levels ;        ; 7     ;             ;            ;       ;       ;
; Physical Delays        ;        ;       ;             ;            ;       ;       ;
;  Arrival Path          ;        ;       ;             ;            ;       ;       ;
;   Clock                ;        ;       ;             ;            ;       ;       ;
;    IC                  ;        ; 2     ; 5.184       ; 85         ; 2.450 ; 2.734 ;
;    Cell                ;        ; 2     ; 0.891       ; 15         ; 0.321 ; 0.570 ;
;   Data                 ;        ;       ;             ;            ;       ;       ;
;    IC                  ;        ; 8     ; 6.398       ; 62         ; 0.218 ; 1.569 ;
;    Cell                ;        ; 9     ; 3.959       ; 38         ; 0.000 ; 0.718 ;
;    uTco                ;        ; 1     ; 0.000       ; 0          ; 0.000 ; 0.000 ;
;  Required Path         ;        ;       ;             ;            ;       ;       ;
;   Clock                ;        ;       ;             ;            ;       ;       ;
;    IC                  ;        ; 2     ; 2.537       ; 76         ; 0.576 ; 1.961 ;
;    Cell                ;        ; 2     ; 0.793       ; 24         ; 0.295 ; 0.498 ;
+------------------------+--------+-------+-------------+------------+-------+-------+
Note: Negative delays are omitted from totals when calculating percentages

+------------------------------------------------------------------------------------------+
; Data Arrival Path                                                                        ;
+----------+---------+----+------+--------+----------------------+-------------------------+
; Total    ; Incr    ; RF ; Type ; Fanout ; Location             ; Element                 ;
+----------+---------+----+------+--------+----------------------+-------------------------+
; 0.000    ; 0.000   ;    ;      ;        ;                      ; launch edge time        ;
; 6.075    ; 6.075   ;    ;      ;        ;                      ; clock path              ;
;   0.000  ;   0.000 ;    ;      ;        ;                      ; source latency          ;
;   0.000  ;   0.000 ;    ;      ; 1      ; LABCELL_X1_Y36_N9    ; gpu_clk                 ;
;   2.734  ;   2.734 ; RR ; IC   ; 1      ; CLKCTRL_G2           ; gpu_clk~CLKENA0|inclk   ;
;   3.055  ;   0.321 ; RR ; CELL ; 9078   ; CLKCTRL_G2           ; gpu_clk~CLKENA0|outclk  ;
;   5.505  ;   2.450 ; RR ; IC   ; 1      ; FF_X35_Y47_N5        ; f_pos[1]|clk            ;
;   6.075  ;   0.570 ; RR ; CELL ; 1      ; FF_X35_Y47_N5        ; f_pos[1]                ;
; 16.432   ; 10.357  ;    ;      ;        ;                      ; data path               ;
;   6.075  ;   0.000 ;    ; uTco ; 1      ; FF_X35_Y47_N5        ; f_pos[1]                ;
;   6.075  ;   0.000 ; RR ; CELL ; 2      ; FF_X35_Y47_N5        ; f_pos[1]|q              ;
;   7.245  ;   1.170 ; RR ; IC   ; 1      ; LABCELL_X33_Y45_N27  ; LessThan5~4|datad       ;
;   7.738  ;   0.493 ; RF ; CELL ; 1      ; LABCELL_X33_Y45_N27  ; LessThan5~4|combout     ;
;   8.344  ;   0.606 ; FF ; IC   ; 1      ; MLABCELL_X34_Y45_N0  ; LessThan5~5|dataa       ;
;   8.898  ;   0.554 ; FF ; CELL ; 2      ; MLABCELL_X34_Y45_N0  ; LessThan5~5|combout     ;
;   9.450  ;   0.552 ; FF ; IC   ; 1      ; LABCELL_X33_Y45_N54  ; LessThan5~30|dataa      ;
;   9.990  ;   0.540 ; FR ; CELL ; 1      ; LABCELL_X33_Y45_N54  ; LessThan5~30|combout    ;
;   10.560 ;   0.570 ; RR ; IC   ; 1      ; MLABCELL_X34_Y45_N42 ; LessThan5~31|datae      ;
;   10.861 ;   0.301 ; RF ; CELL ; 1      ; MLABCELL_X34_Y45_N42 ; LessThan5~31|combout    ;
;   11.079 ;   0.218 ; FF ; IC   ; 1      ; MLABCELL_X34_Y45_N54 ; LessThan5~33|datad      ;
;   11.649 ;   0.570 ; FF ; CELL ; 1      ; MLABCELL_X34_Y45_N54 ; LessThan5~33|combout    ;
;   12.398 ;   0.749 ; FF ; IC   ; 1      ; MLABCELL_X34_Y46_N0  ; in_rec_region~0|dataa   ;
;   12.960 ;   0.562 ; FF ; CELL ; 14     ; MLABCELL_X34_Y46_N0  ; in_rec_region~0|combout ;
;   13.924 ;   0.964 ; FF ; IC   ; 1      ; LABCELL_X33_Y48_N18  ; recq[1][143]~8|datae    ;
;   14.145 ;   0.221 ; FF ; CELL ; 136    ; LABCELL_X33_Y48_N18  ; recq[1][143]~8|combout  ;
;   15.714 ;   1.569 ; FF ; IC   ; 1      ; FF_X28_Y53_N14       ; recq[1][8]|ena          ;
;   16.432 ;   0.718 ; FF ; CELL ; 1      ; FF_X28_Y53_N14       ; recq[1][8]              ;
+----------+---------+----+------+--------+----------------------+-------------------------+

+---------------------------------------------------------------------------------------+
; Data Required Path                                                                    ;
+----------+---------+----+------+--------+-------------------+-------------------------+
; Total    ; Incr    ; RF ; Type ; Fanout ; Location          ; Element                 ;
+----------+---------+----+------+--------+-------------------+-------------------------+
; 10.000   ; 10.000  ;    ;      ;        ;                   ; latch edge time         ;
; 15.912   ; 5.912   ;    ;      ;        ;                   ; clock path              ;
;   10.000 ;   0.000 ;    ;      ;        ;                   ; source latency          ;
;   10.000 ;   0.000 ;    ;      ; 1      ; LABCELL_X1_Y36_N9 ; gpu_clk                 ;
;   10.576 ;   0.576 ; RR ; IC   ; 1      ; CLKCTRL_G2        ; gpu_clk~CLKENA0|inclk   ;
;   10.871 ;   0.295 ; RR ; CELL ; 9078   ; CLKCTRL_G2        ; gpu_clk~CLKENA0|outclk  ;
;   12.832 ;   1.961 ; RR ; IC   ; 1      ; FF_X28_Y53_N14    ; recq[1][8]|clk          ;
;   13.330 ;   0.498 ; RR ; CELL ; 1      ; FF_X28_Y53_N14    ; recq[1][8]              ;
;   15.912 ;   2.582 ;    ;      ;        ;                   ; clock pessimism removed ;
; 15.852   ; -0.060  ;    ;      ;        ;                   ; clock uncertainty       ;
; 15.852   ; 0.000   ;    ; uTsu ; 1      ; FF_X28_Y53_N14    ; recq[1][8]              ;
+----------+---------+----+------+--------+-------------------+-------------------------+

----------------------------
; Extra Fitter Information ;
----------------------------
HTML report is unavailable in plain text report export.


Path #57: Setup slack is -0.579 (VIOLATED)
===============================================================================
+----------------------------------------+
; Path Summary                           ;
+--------------------+-------------------+
; Property           ; Value             ;
+--------------------+-------------------+
; From Node          ; f_pos[1]          ;
; To Node            ; f_w[78]           ;
; Launch Clock       ; gpu_clk           ;
; Latch Clock        ; gpu_clk           ;
; Data Arrival Time  ; 16.434            ;
; Data Required Time ; 15.855            ;
; Slack              ; -0.579 (VIOLATED) ;
+--------------------+-------------------+

+------------------------------------------------------------------------------------+
; Statistics                                                                         ;
+------------------------+--------+-------+-------------+------------+-------+-------+
; Property               ; Value  ; Count ; Total Delay ; % of Total ; Min   ; Max   ;
+------------------------+--------+-------+-------------+------------+-------+-------+
; Setup Relationship     ; 10.000 ;       ;             ;            ;       ;       ;
; Clock Skew             ; -0.160 ;       ;             ;            ;       ;       ;
; Data Delay             ; 10.359 ;       ;             ;            ;       ;       ;
; Number of Logic Levels ;        ; 7     ;             ;            ;       ;       ;
; Physical Delays        ;        ;       ;             ;            ;       ;       ;
;  Arrival Path          ;        ;       ;             ;            ;       ;       ;
;   Clock                ;        ;       ;             ;            ;       ;       ;
;    IC                  ;        ; 2     ; 5.184       ; 85         ; 2.450 ; 2.734 ;
;    Cell                ;        ; 2     ; 0.891       ; 15         ; 0.321 ; 0.570 ;
;   Data                 ;        ;       ;             ;            ;       ;       ;
;    IC                  ;        ; 8     ; 6.322       ; 61         ; 0.218 ; 1.478 ;
;    Cell                ;        ; 9     ; 4.037       ; 39         ; 0.000 ; 0.717 ;
;    uTco                ;        ; 1     ; 0.000       ; 0          ; 0.000 ; 0.000 ;
;  Required Path         ;        ;       ;             ;            ;       ;       ;
;   Clock                ;        ;       ;             ;            ;       ;       ;
;    IC                  ;        ; 2     ; 2.537       ; 76         ; 0.576 ; 1.961 ;
;    Cell                ;        ; 2     ; 0.796       ; 24         ; 0.295 ; 0.501 ;
+------------------------+--------+-------+-------------+------------+-------+-------+
Note: Negative delays are omitted from totals when calculating percentages

+------------------------------------------------------------------------------------------+
; Data Arrival Path                                                                        ;
+----------+---------+----+------+--------+----------------------+-------------------------+
; Total    ; Incr    ; RF ; Type ; Fanout ; Location             ; Element                 ;
+----------+---------+----+------+--------+----------------------+-------------------------+
; 0.000    ; 0.000   ;    ;      ;        ;                      ; launch edge time        ;
; 6.075    ; 6.075   ;    ;      ;        ;                      ; clock path              ;
;   0.000  ;   0.000 ;    ;      ;        ;                      ; source latency          ;
;   0.000  ;   0.000 ;    ;      ; 1      ; LABCELL_X1_Y36_N9    ; gpu_clk                 ;
;   2.734  ;   2.734 ; RR ; IC   ; 1      ; CLKCTRL_G2           ; gpu_clk~CLKENA0|inclk   ;
;   3.055  ;   0.321 ; RR ; CELL ; 9078   ; CLKCTRL_G2           ; gpu_clk~CLKENA0|outclk  ;
;   5.505  ;   2.450 ; RR ; IC   ; 1      ; FF_X35_Y47_N5        ; f_pos[1]|clk            ;
;   6.075  ;   0.570 ; RR ; CELL ; 1      ; FF_X35_Y47_N5        ; f_pos[1]                ;
; 16.434   ; 10.359  ;    ;      ;        ;                      ; data path               ;
;   6.075  ;   0.000 ;    ; uTco ; 1      ; FF_X35_Y47_N5        ; f_pos[1]                ;
;   6.075  ;   0.000 ; RR ; CELL ; 2      ; FF_X35_Y47_N5        ; f_pos[1]|q              ;
;   7.245  ;   1.170 ; RR ; IC   ; 1      ; LABCELL_X33_Y45_N27  ; LessThan5~4|datad       ;
;   7.738  ;   0.493 ; RF ; CELL ; 1      ; LABCELL_X33_Y45_N27  ; LessThan5~4|combout     ;
;   8.344  ;   0.606 ; FF ; IC   ; 1      ; MLABCELL_X34_Y45_N0  ; LessThan5~5|dataa       ;
;   8.898  ;   0.554 ; FF ; CELL ; 2      ; MLABCELL_X34_Y45_N0  ; LessThan5~5|combout     ;
;   9.450  ;   0.552 ; FF ; IC   ; 1      ; LABCELL_X33_Y45_N54  ; LessThan5~30|dataa      ;
;   9.990  ;   0.540 ; FR ; CELL ; 1      ; LABCELL_X33_Y45_N54  ; LessThan5~30|combout    ;
;   10.560 ;   0.570 ; RR ; IC   ; 1      ; MLABCELL_X34_Y45_N42 ; LessThan5~31|datae      ;
;   10.861 ;   0.301 ; RF ; CELL ; 1      ; MLABCELL_X34_Y45_N42 ; LessThan5~31|combout    ;
;   11.079 ;   0.218 ; FF ; IC   ; 1      ; MLABCELL_X34_Y45_N54 ; LessThan5~33|datad      ;
;   11.649 ;   0.570 ; FF ; CELL ; 1      ; MLABCELL_X34_Y45_N54 ; LessThan5~33|combout    ;
;   12.398 ;   0.749 ; FF ; IC   ; 1      ; MLABCELL_X34_Y46_N0  ; in_rec_region~0|dataa   ;
;   12.960 ;   0.562 ; FF ; CELL ; 14     ; MLABCELL_X34_Y46_N0  ; in_rec_region~0|combout ;
;   13.939 ;   0.979 ; FF ; IC   ; 1      ; LABCELL_X33_Y48_N39  ; f_w[127]~1|datae        ;
;   14.239 ;   0.300 ; FF ; CELL ; 120    ; LABCELL_X33_Y48_N39  ; f_w[127]~1|combout      ;
;   15.717 ;   1.478 ; FF ; IC   ; 1      ; FF_X28_Y53_N10       ; f_w[78]|ena             ;
;   16.434 ;   0.717 ; FF ; CELL ; 1      ; FF_X28_Y53_N10       ; f_w[78]                 ;
+----------+---------+----+------+--------+----------------------+-------------------------+

+---------------------------------------------------------------------------------------+
; Data Required Path                                                                    ;
+----------+---------+----+------+--------+-------------------+-------------------------+
; Total    ; Incr    ; RF ; Type ; Fanout ; Location          ; Element                 ;
+----------+---------+----+------+--------+-------------------+-------------------------+
; 10.000   ; 10.000  ;    ;      ;        ;                   ; latch edge time         ;
; 15.915   ; 5.915   ;    ;      ;        ;                   ; clock path              ;
;   10.000 ;   0.000 ;    ;      ;        ;                   ; source latency          ;
;   10.000 ;   0.000 ;    ;      ; 1      ; LABCELL_X1_Y36_N9 ; gpu_clk                 ;
;   10.576 ;   0.576 ; RR ; IC   ; 1      ; CLKCTRL_G2        ; gpu_clk~CLKENA0|inclk   ;
;   10.871 ;   0.295 ; RR ; CELL ; 9078   ; CLKCTRL_G2        ; gpu_clk~CLKENA0|outclk  ;
;   12.832 ;   1.961 ; RR ; IC   ; 1      ; FF_X28_Y53_N10    ; f_w[78]|clk             ;
;   13.333 ;   0.501 ; RR ; CELL ; 1      ; FF_X28_Y53_N10    ; f_w[78]                 ;
;   15.915 ;   2.582 ;    ;      ;        ;                   ; clock pessimism removed ;
; 15.855   ; -0.060  ;    ;      ;        ;                   ; clock uncertainty       ;
; 15.855   ; 0.000   ;    ; uTsu ; 1      ; FF_X28_Y53_N10    ; f_w[78]                 ;
+----------+---------+----+------+--------+-------------------+-------------------------+

----------------------------
; Extra Fitter Information ;
----------------------------
HTML report is unavailable in plain text report export.


Path #58: Setup slack is -0.579 (VIOLATED)
===============================================================================
+----------------------------------------+
; Path Summary                           ;
+--------------------+-------------------+
; Property           ; Value             ;
+--------------------+-------------------+
; From Node          ; f_pos[1]          ;
; To Node            ; f_w[77]           ;
; Launch Clock       ; gpu_clk           ;
; Latch Clock        ; gpu_clk           ;
; Data Arrival Time  ; 16.440            ;
; Data Required Time ; 15.861            ;
; Slack              ; -0.579 (VIOLATED) ;
+--------------------+-------------------+

+------------------------------------------------------------------------------------+
; Statistics                                                                         ;
+------------------------+--------+-------+-------------+------------+-------+-------+
; Property               ; Value  ; Count ; Total Delay ; % of Total ; Min   ; Max   ;
+------------------------+--------+-------+-------------+------------+-------+-------+
; Setup Relationship     ; 10.000 ;       ;             ;            ;       ;       ;
; Clock Skew             ; -0.154 ;       ;             ;            ;       ;       ;
; Data Delay             ; 10.365 ;       ;             ;            ;       ;       ;
; Number of Logic Levels ;        ; 7     ;             ;            ;       ;       ;
; Physical Delays        ;        ;       ;             ;            ;       ;       ;
;  Arrival Path          ;        ;       ;             ;            ;       ;       ;
;   Clock                ;        ;       ;             ;            ;       ;       ;
;    IC                  ;        ; 2     ; 5.184       ; 85         ; 2.450 ; 2.734 ;
;    Cell                ;        ; 2     ; 0.891       ; 15         ; 0.321 ; 0.570 ;
;   Data                 ;        ;       ;             ;            ;       ;       ;
;    IC                  ;        ; 8     ; 6.322       ; 61         ; 0.218 ; 1.478 ;
;    Cell                ;        ; 9     ; 4.043       ; 39         ; 0.000 ; 0.723 ;
;    uTco                ;        ; 1     ; 0.000       ; 0          ; 0.000 ; 0.000 ;
;  Required Path         ;        ;       ;             ;            ;       ;       ;
;   Clock                ;        ;       ;             ;            ;       ;       ;
;    IC                  ;        ; 2     ; 2.537       ; 76         ; 0.576 ; 1.961 ;
;    Cell                ;        ; 2     ; 0.802       ; 24         ; 0.295 ; 0.507 ;
+------------------------+--------+-------+-------------+------------+-------+-------+
Note: Negative delays are omitted from totals when calculating percentages

+------------------------------------------------------------------------------------------+
; Data Arrival Path                                                                        ;
+----------+---------+----+------+--------+----------------------+-------------------------+
; Total    ; Incr    ; RF ; Type ; Fanout ; Location             ; Element                 ;
+----------+---------+----+------+--------+----------------------+-------------------------+
; 0.000    ; 0.000   ;    ;      ;        ;                      ; launch edge time        ;
; 6.075    ; 6.075   ;    ;      ;        ;                      ; clock path              ;
;   0.000  ;   0.000 ;    ;      ;        ;                      ; source latency          ;
;   0.000  ;   0.000 ;    ;      ; 1      ; LABCELL_X1_Y36_N9    ; gpu_clk                 ;
;   2.734  ;   2.734 ; RR ; IC   ; 1      ; CLKCTRL_G2           ; gpu_clk~CLKENA0|inclk   ;
;   3.055  ;   0.321 ; RR ; CELL ; 9078   ; CLKCTRL_G2           ; gpu_clk~CLKENA0|outclk  ;
;   5.505  ;   2.450 ; RR ; IC   ; 1      ; FF_X35_Y47_N5        ; f_pos[1]|clk            ;
;   6.075  ;   0.570 ; RR ; CELL ; 1      ; FF_X35_Y47_N5        ; f_pos[1]                ;
; 16.440   ; 10.365  ;    ;      ;        ;                      ; data path               ;
;   6.075  ;   0.000 ;    ; uTco ; 1      ; FF_X35_Y47_N5        ; f_pos[1]                ;
;   6.075  ;   0.000 ; RR ; CELL ; 2      ; FF_X35_Y47_N5        ; f_pos[1]|q              ;
;   7.245  ;   1.170 ; RR ; IC   ; 1      ; LABCELL_X33_Y45_N27  ; LessThan5~4|datad       ;
;   7.738  ;   0.493 ; RF ; CELL ; 1      ; LABCELL_X33_Y45_N27  ; LessThan5~4|combout     ;
;   8.344  ;   0.606 ; FF ; IC   ; 1      ; MLABCELL_X34_Y45_N0  ; LessThan5~5|dataa       ;
;   8.898  ;   0.554 ; FF ; CELL ; 2      ; MLABCELL_X34_Y45_N0  ; LessThan5~5|combout     ;
;   9.450  ;   0.552 ; FF ; IC   ; 1      ; LABCELL_X33_Y45_N54  ; LessThan5~30|dataa      ;
;   9.990  ;   0.540 ; FR ; CELL ; 1      ; LABCELL_X33_Y45_N54  ; LessThan5~30|combout    ;
;   10.560 ;   0.570 ; RR ; IC   ; 1      ; MLABCELL_X34_Y45_N42 ; LessThan5~31|datae      ;
;   10.861 ;   0.301 ; RF ; CELL ; 1      ; MLABCELL_X34_Y45_N42 ; LessThan5~31|combout    ;
;   11.079 ;   0.218 ; FF ; IC   ; 1      ; MLABCELL_X34_Y45_N54 ; LessThan5~33|datad      ;
;   11.649 ;   0.570 ; FF ; CELL ; 1      ; MLABCELL_X34_Y45_N54 ; LessThan5~33|combout    ;
;   12.398 ;   0.749 ; FF ; IC   ; 1      ; MLABCELL_X34_Y46_N0  ; in_rec_region~0|dataa   ;
;   12.960 ;   0.562 ; FF ; CELL ; 14     ; MLABCELL_X34_Y46_N0  ; in_rec_region~0|combout ;
;   13.939 ;   0.979 ; FF ; IC   ; 1      ; LABCELL_X33_Y48_N39  ; f_w[127]~1|datae        ;
;   14.239 ;   0.300 ; FF ; CELL ; 120    ; LABCELL_X33_Y48_N39  ; f_w[127]~1|combout      ;
;   15.717 ;   1.478 ; FF ; IC   ; 1      ; FF_X28_Y53_N7        ; f_w[77]|ena             ;
;   16.440 ;   0.723 ; FF ; CELL ; 1      ; FF_X28_Y53_N7        ; f_w[77]                 ;
+----------+---------+----+------+--------+----------------------+-------------------------+

+---------------------------------------------------------------------------------------+
; Data Required Path                                                                    ;
+----------+---------+----+------+--------+-------------------+-------------------------+
; Total    ; Incr    ; RF ; Type ; Fanout ; Location          ; Element                 ;
+----------+---------+----+------+--------+-------------------+-------------------------+
; 10.000   ; 10.000  ;    ;      ;        ;                   ; latch edge time         ;
; 15.921   ; 5.921   ;    ;      ;        ;                   ; clock path              ;
;   10.000 ;   0.000 ;    ;      ;        ;                   ; source latency          ;
;   10.000 ;   0.000 ;    ;      ; 1      ; LABCELL_X1_Y36_N9 ; gpu_clk                 ;
;   10.576 ;   0.576 ; RR ; IC   ; 1      ; CLKCTRL_G2        ; gpu_clk~CLKENA0|inclk   ;
;   10.871 ;   0.295 ; RR ; CELL ; 9078   ; CLKCTRL_G2        ; gpu_clk~CLKENA0|outclk  ;
;   12.832 ;   1.961 ; RR ; IC   ; 1      ; FF_X28_Y53_N7     ; f_w[77]|clk             ;
;   13.339 ;   0.507 ; RR ; CELL ; 1      ; FF_X28_Y53_N7     ; f_w[77]                 ;
;   15.921 ;   2.582 ;    ;      ;        ;                   ; clock pessimism removed ;
; 15.861   ; -0.060  ;    ;      ;        ;                   ; clock uncertainty       ;
; 15.861   ; 0.000   ;    ; uTsu ; 1      ; FF_X28_Y53_N7     ; f_w[77]                 ;
+----------+---------+----+------+--------+-------------------+-------------------------+

----------------------------
; Extra Fitter Information ;
----------------------------
HTML report is unavailable in plain text report export.


Path #59: Setup slack is -0.579 (VIOLATED)
===============================================================================
+----------------------------------------+
; Path Summary                           ;
+--------------------+-------------------+
; Property           ; Value             ;
+--------------------+-------------------+
; From Node          ; f_pos[1]          ;
; To Node            ; recq[1][77]       ;
; Launch Clock       ; gpu_clk           ;
; Latch Clock        ; gpu_clk           ;
; Data Arrival Time  ; 16.430            ;
; Data Required Time ; 15.851            ;
; Slack              ; -0.579 (VIOLATED) ;
+--------------------+-------------------+

+------------------------------------------------------------------------------------+
; Statistics                                                                         ;
+------------------------+--------+-------+-------------+------------+-------+-------+
; Property               ; Value  ; Count ; Total Delay ; % of Total ; Min   ; Max   ;
+------------------------+--------+-------+-------------+------------+-------+-------+
; Setup Relationship     ; 10.000 ;       ;             ;            ;       ;       ;
; Clock Skew             ; -0.164 ;       ;             ;            ;       ;       ;
; Data Delay             ; 10.355 ;       ;             ;            ;       ;       ;
; Number of Logic Levels ;        ; 7     ;             ;            ;       ;       ;
; Physical Delays        ;        ;       ;             ;            ;       ;       ;
;  Arrival Path          ;        ;       ;             ;            ;       ;       ;
;   Clock                ;        ;       ;             ;            ;       ;       ;
;    IC                  ;        ; 2     ; 5.184       ; 85         ; 2.450 ; 2.734 ;
;    Cell                ;        ; 2     ; 0.891       ; 15         ; 0.321 ; 0.570 ;
;   Data                 ;        ;       ;             ;            ;       ;       ;
;    IC                  ;        ; 8     ; 6.398       ; 62         ; 0.218 ; 1.569 ;
;    Cell                ;        ; 9     ; 3.957       ; 38         ; 0.000 ; 0.716 ;
;    uTco                ;        ; 1     ; 0.000       ; 0          ; 0.000 ; 0.000 ;
;  Required Path         ;        ;       ;             ;            ;       ;       ;
;   Clock                ;        ;       ;             ;            ;       ;       ;
;    IC                  ;        ; 2     ; 2.537       ; 76         ; 0.576 ; 1.961 ;
;    Cell                ;        ; 2     ; 0.792       ; 24         ; 0.295 ; 0.497 ;
+------------------------+--------+-------+-------------+------------+-------+-------+
Note: Negative delays are omitted from totals when calculating percentages

+------------------------------------------------------------------------------------------+
; Data Arrival Path                                                                        ;
+----------+---------+----+------+--------+----------------------+-------------------------+
; Total    ; Incr    ; RF ; Type ; Fanout ; Location             ; Element                 ;
+----------+---------+----+------+--------+----------------------+-------------------------+
; 0.000    ; 0.000   ;    ;      ;        ;                      ; launch edge time        ;
; 6.075    ; 6.075   ;    ;      ;        ;                      ; clock path              ;
;   0.000  ;   0.000 ;    ;      ;        ;                      ; source latency          ;
;   0.000  ;   0.000 ;    ;      ; 1      ; LABCELL_X1_Y36_N9    ; gpu_clk                 ;
;   2.734  ;   2.734 ; RR ; IC   ; 1      ; CLKCTRL_G2           ; gpu_clk~CLKENA0|inclk   ;
;   3.055  ;   0.321 ; RR ; CELL ; 9078   ; CLKCTRL_G2           ; gpu_clk~CLKENA0|outclk  ;
;   5.505  ;   2.450 ; RR ; IC   ; 1      ; FF_X35_Y47_N5        ; f_pos[1]|clk            ;
;   6.075  ;   0.570 ; RR ; CELL ; 1      ; FF_X35_Y47_N5        ; f_pos[1]                ;
; 16.430   ; 10.355  ;    ;      ;        ;                      ; data path               ;
;   6.075  ;   0.000 ;    ; uTco ; 1      ; FF_X35_Y47_N5        ; f_pos[1]                ;
;   6.075  ;   0.000 ; RR ; CELL ; 2      ; FF_X35_Y47_N5        ; f_pos[1]|q              ;
;   7.245  ;   1.170 ; RR ; IC   ; 1      ; LABCELL_X33_Y45_N27  ; LessThan5~4|datad       ;
;   7.738  ;   0.493 ; RF ; CELL ; 1      ; LABCELL_X33_Y45_N27  ; LessThan5~4|combout     ;
;   8.344  ;   0.606 ; FF ; IC   ; 1      ; MLABCELL_X34_Y45_N0  ; LessThan5~5|dataa       ;
;   8.898  ;   0.554 ; FF ; CELL ; 2      ; MLABCELL_X34_Y45_N0  ; LessThan5~5|combout     ;
;   9.450  ;   0.552 ; FF ; IC   ; 1      ; LABCELL_X33_Y45_N54  ; LessThan5~30|dataa      ;
;   9.990  ;   0.540 ; FR ; CELL ; 1      ; LABCELL_X33_Y45_N54  ; LessThan5~30|combout    ;
;   10.560 ;   0.570 ; RR ; IC   ; 1      ; MLABCELL_X34_Y45_N42 ; LessThan5~31|datae      ;
;   10.861 ;   0.301 ; RF ; CELL ; 1      ; MLABCELL_X34_Y45_N42 ; LessThan5~31|combout    ;
;   11.079 ;   0.218 ; FF ; IC   ; 1      ; MLABCELL_X34_Y45_N54 ; LessThan5~33|datad      ;
;   11.649 ;   0.570 ; FF ; CELL ; 1      ; MLABCELL_X34_Y45_N54 ; LessThan5~33|combout    ;
;   12.398 ;   0.749 ; FF ; IC   ; 1      ; MLABCELL_X34_Y46_N0  ; in_rec_region~0|dataa   ;
;   12.960 ;   0.562 ; FF ; CELL ; 14     ; MLABCELL_X34_Y46_N0  ; in_rec_region~0|combout ;
;   13.924 ;   0.964 ; FF ; IC   ; 1      ; LABCELL_X33_Y48_N18  ; recq[1][143]~8|datae    ;
;   14.145 ;   0.221 ; FF ; CELL ; 136    ; LABCELL_X33_Y48_N18  ; recq[1][143]~8|combout  ;
;   15.714 ;   1.569 ; FF ; IC   ; 1      ; FF_X28_Y53_N4        ; recq[1][77]|ena         ;
;   16.430 ;   0.716 ; FF ; CELL ; 1      ; FF_X28_Y53_N4        ; recq[1][77]             ;
+----------+---------+----+------+--------+----------------------+-------------------------+

+---------------------------------------------------------------------------------------+
; Data Required Path                                                                    ;
+----------+---------+----+------+--------+-------------------+-------------------------+
; Total    ; Incr    ; RF ; Type ; Fanout ; Location          ; Element                 ;
+----------+---------+----+------+--------+-------------------+-------------------------+
; 10.000   ; 10.000  ;    ;      ;        ;                   ; latch edge time         ;
; 15.911   ; 5.911   ;    ;      ;        ;                   ; clock path              ;
;   10.000 ;   0.000 ;    ;      ;        ;                   ; source latency          ;
;   10.000 ;   0.000 ;    ;      ; 1      ; LABCELL_X1_Y36_N9 ; gpu_clk                 ;
;   10.576 ;   0.576 ; RR ; IC   ; 1      ; CLKCTRL_G2        ; gpu_clk~CLKENA0|inclk   ;
;   10.871 ;   0.295 ; RR ; CELL ; 9078   ; CLKCTRL_G2        ; gpu_clk~CLKENA0|outclk  ;
;   12.832 ;   1.961 ; RR ; IC   ; 1      ; FF_X28_Y53_N4     ; recq[1][77]|clk         ;
;   13.329 ;   0.497 ; RR ; CELL ; 1      ; FF_X28_Y53_N4     ; recq[1][77]             ;
;   15.911 ;   2.582 ;    ;      ;        ;                   ; clock pessimism removed ;
; 15.851   ; -0.060  ;    ;      ;        ;                   ; clock uncertainty       ;
; 15.851   ; 0.000   ;    ; uTsu ; 1      ; FF_X28_Y53_N4     ; recq[1][77]             ;
+----------+---------+----+------+--------+-------------------+-------------------------+

----------------------------
; Extra Fitter Information ;
----------------------------
HTML report is unavailable in plain text report export.


Path #60: Setup slack is -0.579 (VIOLATED)
===============================================================================
+----------------------------------------+
; Path Summary                           ;
+--------------------+-------------------+
; Property           ; Value             ;
+--------------------+-------------------+
; From Node          ; f_pos[1]          ;
; To Node            ; recq[1][75]       ;
; Launch Clock       ; gpu_clk           ;
; Latch Clock        ; gpu_clk           ;
; Data Arrival Time  ; 16.430            ;
; Data Required Time ; 15.851            ;
; Slack              ; -0.579 (VIOLATED) ;
+--------------------+-------------------+

+------------------------------------------------------------------------------------+
; Statistics                                                                         ;
+------------------------+--------+-------+-------------+------------+-------+-------+
; Property               ; Value  ; Count ; Total Delay ; % of Total ; Min   ; Max   ;
+------------------------+--------+-------+-------------+------------+-------+-------+
; Setup Relationship     ; 10.000 ;       ;             ;            ;       ;       ;
; Clock Skew             ; -0.164 ;       ;             ;            ;       ;       ;
; Data Delay             ; 10.355 ;       ;             ;            ;       ;       ;
; Number of Logic Levels ;        ; 7     ;             ;            ;       ;       ;
; Physical Delays        ;        ;       ;             ;            ;       ;       ;
;  Arrival Path          ;        ;       ;             ;            ;       ;       ;
;   Clock                ;        ;       ;             ;            ;       ;       ;
;    IC                  ;        ; 2     ; 5.184       ; 85         ; 2.450 ; 2.734 ;
;    Cell                ;        ; 2     ; 0.891       ; 15         ; 0.321 ; 0.570 ;
;   Data                 ;        ;       ;             ;            ;       ;       ;
;    IC                  ;        ; 8     ; 6.398       ; 62         ; 0.218 ; 1.569 ;
;    Cell                ;        ; 9     ; 3.957       ; 38         ; 0.000 ; 0.716 ;
;    uTco                ;        ; 1     ; 0.000       ; 0          ; 0.000 ; 0.000 ;
;  Required Path         ;        ;       ;             ;            ;       ;       ;
;   Clock                ;        ;       ;             ;            ;       ;       ;
;    IC                  ;        ; 2     ; 2.537       ; 76         ; 0.576 ; 1.961 ;
;    Cell                ;        ; 2     ; 0.792       ; 24         ; 0.295 ; 0.497 ;
+------------------------+--------+-------+-------------+------------+-------+-------+
Note: Negative delays are omitted from totals when calculating percentages

+------------------------------------------------------------------------------------------+
; Data Arrival Path                                                                        ;
+----------+---------+----+------+--------+----------------------+-------------------------+
; Total    ; Incr    ; RF ; Type ; Fanout ; Location             ; Element                 ;
+----------+---------+----+------+--------+----------------------+-------------------------+
; 0.000    ; 0.000   ;    ;      ;        ;                      ; launch edge time        ;
; 6.075    ; 6.075   ;    ;      ;        ;                      ; clock path              ;
;   0.000  ;   0.000 ;    ;      ;        ;                      ; source latency          ;
;   0.000  ;   0.000 ;    ;      ; 1      ; LABCELL_X1_Y36_N9    ; gpu_clk                 ;
;   2.734  ;   2.734 ; RR ; IC   ; 1      ; CLKCTRL_G2           ; gpu_clk~CLKENA0|inclk   ;
;   3.055  ;   0.321 ; RR ; CELL ; 9078   ; CLKCTRL_G2           ; gpu_clk~CLKENA0|outclk  ;
;   5.505  ;   2.450 ; RR ; IC   ; 1      ; FF_X35_Y47_N5        ; f_pos[1]|clk            ;
;   6.075  ;   0.570 ; RR ; CELL ; 1      ; FF_X35_Y47_N5        ; f_pos[1]                ;
; 16.430   ; 10.355  ;    ;      ;        ;                      ; data path               ;
;   6.075  ;   0.000 ;    ; uTco ; 1      ; FF_X35_Y47_N5        ; f_pos[1]                ;
;   6.075  ;   0.000 ; RR ; CELL ; 2      ; FF_X35_Y47_N5        ; f_pos[1]|q              ;
;   7.245  ;   1.170 ; RR ; IC   ; 1      ; LABCELL_X33_Y45_N27  ; LessThan5~4|datad       ;
;   7.738  ;   0.493 ; RF ; CELL ; 1      ; LABCELL_X33_Y45_N27  ; LessThan5~4|combout     ;
;   8.344  ;   0.606 ; FF ; IC   ; 1      ; MLABCELL_X34_Y45_N0  ; LessThan5~5|dataa       ;
;   8.898  ;   0.554 ; FF ; CELL ; 2      ; MLABCELL_X34_Y45_N0  ; LessThan5~5|combout     ;
;   9.450  ;   0.552 ; FF ; IC   ; 1      ; LABCELL_X33_Y45_N54  ; LessThan5~30|dataa      ;
;   9.990  ;   0.540 ; FR ; CELL ; 1      ; LABCELL_X33_Y45_N54  ; LessThan5~30|combout    ;
;   10.560 ;   0.570 ; RR ; IC   ; 1      ; MLABCELL_X34_Y45_N42 ; LessThan5~31|datae      ;
;   10.861 ;   0.301 ; RF ; CELL ; 1      ; MLABCELL_X34_Y45_N42 ; LessThan5~31|combout    ;
;   11.079 ;   0.218 ; FF ; IC   ; 1      ; MLABCELL_X34_Y45_N54 ; LessThan5~33|datad      ;
;   11.649 ;   0.570 ; FF ; CELL ; 1      ; MLABCELL_X34_Y45_N54 ; LessThan5~33|combout    ;
;   12.398 ;   0.749 ; FF ; IC   ; 1      ; MLABCELL_X34_Y46_N0  ; in_rec_region~0|dataa   ;
;   12.960 ;   0.562 ; FF ; CELL ; 14     ; MLABCELL_X34_Y46_N0  ; in_rec_region~0|combout ;
;   13.924 ;   0.964 ; FF ; IC   ; 1      ; LABCELL_X33_Y48_N18  ; recq[1][143]~8|datae    ;
;   14.145 ;   0.221 ; FF ; CELL ; 136    ; LABCELL_X33_Y48_N18  ; recq[1][143]~8|combout  ;
;   15.714 ;   1.569 ; FF ; IC   ; 1      ; FF_X28_Y53_N16       ; recq[1][75]|ena         ;
;   16.430 ;   0.716 ; FF ; CELL ; 1      ; FF_X28_Y53_N16       ; recq[1][75]             ;
+----------+---------+----+------+--------+----------------------+-------------------------+

+---------------------------------------------------------------------------------------+
; Data Required Path                                                                    ;
+----------+---------+----+------+--------+-------------------+-------------------------+
; Total    ; Incr    ; RF ; Type ; Fanout ; Location          ; Element                 ;
+----------+---------+----+------+--------+-------------------+-------------------------+
; 10.000   ; 10.000  ;    ;      ;        ;                   ; latch edge time         ;
; 15.911   ; 5.911   ;    ;      ;        ;                   ; clock path              ;
;   10.000 ;   0.000 ;    ;      ;        ;                   ; source latency          ;
;   10.000 ;   0.000 ;    ;      ; 1      ; LABCELL_X1_Y36_N9 ; gpu_clk                 ;
;   10.576 ;   0.576 ; RR ; IC   ; 1      ; CLKCTRL_G2        ; gpu_clk~CLKENA0|inclk   ;
;   10.871 ;   0.295 ; RR ; CELL ; 9078   ; CLKCTRL_G2        ; gpu_clk~CLKENA0|outclk  ;
;   12.832 ;   1.961 ; RR ; IC   ; 1      ; FF_X28_Y53_N16    ; recq[1][75]|clk         ;
;   13.329 ;   0.497 ; RR ; CELL ; 1      ; FF_X28_Y53_N16    ; recq[1][75]             ;
;   15.911 ;   2.582 ;    ;      ;        ;                   ; clock pessimism removed ;
; 15.851   ; -0.060  ;    ;      ;        ;                   ; clock uncertainty       ;
; 15.851   ; 0.000   ;    ; uTsu ; 1      ; FF_X28_Y53_N16    ; recq[1][75]             ;
+----------+---------+----+------+--------+-------------------+-------------------------+

----------------------------
; Extra Fitter Information ;
----------------------------
HTML report is unavailable in plain text report export.


Path #61: Setup slack is -0.579 (VIOLATED)
===============================================================================
+----------------------------------------+
; Path Summary                           ;
+--------------------+-------------------+
; Property           ; Value             ;
+--------------------+-------------------+
; From Node          ; f_pos[1]          ;
; To Node            ; f_w[75]           ;
; Launch Clock       ; gpu_clk           ;
; Latch Clock        ; gpu_clk           ;
; Data Arrival Time  ; 16.440            ;
; Data Required Time ; 15.861            ;
; Slack              ; -0.579 (VIOLATED) ;
+--------------------+-------------------+

+------------------------------------------------------------------------------------+
; Statistics                                                                         ;
+------------------------+--------+-------+-------------+------------+-------+-------+
; Property               ; Value  ; Count ; Total Delay ; % of Total ; Min   ; Max   ;
+------------------------+--------+-------+-------------+------------+-------+-------+
; Setup Relationship     ; 10.000 ;       ;             ;            ;       ;       ;
; Clock Skew             ; -0.154 ;       ;             ;            ;       ;       ;
; Data Delay             ; 10.365 ;       ;             ;            ;       ;       ;
; Number of Logic Levels ;        ; 7     ;             ;            ;       ;       ;
; Physical Delays        ;        ;       ;             ;            ;       ;       ;
;  Arrival Path          ;        ;       ;             ;            ;       ;       ;
;   Clock                ;        ;       ;             ;            ;       ;       ;
;    IC                  ;        ; 2     ; 5.184       ; 85         ; 2.450 ; 2.734 ;
;    Cell                ;        ; 2     ; 0.891       ; 15         ; 0.321 ; 0.570 ;
;   Data                 ;        ;       ;             ;            ;       ;       ;
;    IC                  ;        ; 8     ; 6.322       ; 61         ; 0.218 ; 1.478 ;
;    Cell                ;        ; 9     ; 4.043       ; 39         ; 0.000 ; 0.723 ;
;    uTco                ;        ; 1     ; 0.000       ; 0          ; 0.000 ; 0.000 ;
;  Required Path         ;        ;       ;             ;            ;       ;       ;
;   Clock                ;        ;       ;             ;            ;       ;       ;
;    IC                  ;        ; 2     ; 2.537       ; 76         ; 0.576 ; 1.961 ;
;    Cell                ;        ; 2     ; 0.802       ; 24         ; 0.295 ; 0.507 ;
+------------------------+--------+-------+-------------+------------+-------+-------+
Note: Negative delays are omitted from totals when calculating percentages

+------------------------------------------------------------------------------------------+
; Data Arrival Path                                                                        ;
+----------+---------+----+------+--------+----------------------+-------------------------+
; Total    ; Incr    ; RF ; Type ; Fanout ; Location             ; Element                 ;
+----------+---------+----+------+--------+----------------------+-------------------------+
; 0.000    ; 0.000   ;    ;      ;        ;                      ; launch edge time        ;
; 6.075    ; 6.075   ;    ;      ;        ;                      ; clock path              ;
;   0.000  ;   0.000 ;    ;      ;        ;                      ; source latency          ;
;   0.000  ;   0.000 ;    ;      ; 1      ; LABCELL_X1_Y36_N9    ; gpu_clk                 ;
;   2.734  ;   2.734 ; RR ; IC   ; 1      ; CLKCTRL_G2           ; gpu_clk~CLKENA0|inclk   ;
;   3.055  ;   0.321 ; RR ; CELL ; 9078   ; CLKCTRL_G2           ; gpu_clk~CLKENA0|outclk  ;
;   5.505  ;   2.450 ; RR ; IC   ; 1      ; FF_X35_Y47_N5        ; f_pos[1]|clk            ;
;   6.075  ;   0.570 ; RR ; CELL ; 1      ; FF_X35_Y47_N5        ; f_pos[1]                ;
; 16.440   ; 10.365  ;    ;      ;        ;                      ; data path               ;
;   6.075  ;   0.000 ;    ; uTco ; 1      ; FF_X35_Y47_N5        ; f_pos[1]                ;
;   6.075  ;   0.000 ; RR ; CELL ; 2      ; FF_X35_Y47_N5        ; f_pos[1]|q              ;
;   7.245  ;   1.170 ; RR ; IC   ; 1      ; LABCELL_X33_Y45_N27  ; LessThan5~4|datad       ;
;   7.738  ;   0.493 ; RF ; CELL ; 1      ; LABCELL_X33_Y45_N27  ; LessThan5~4|combout     ;
;   8.344  ;   0.606 ; FF ; IC   ; 1      ; MLABCELL_X34_Y45_N0  ; LessThan5~5|dataa       ;
;   8.898  ;   0.554 ; FF ; CELL ; 2      ; MLABCELL_X34_Y45_N0  ; LessThan5~5|combout     ;
;   9.450  ;   0.552 ; FF ; IC   ; 1      ; LABCELL_X33_Y45_N54  ; LessThan5~30|dataa      ;
;   9.990  ;   0.540 ; FR ; CELL ; 1      ; LABCELL_X33_Y45_N54  ; LessThan5~30|combout    ;
;   10.560 ;   0.570 ; RR ; IC   ; 1      ; MLABCELL_X34_Y45_N42 ; LessThan5~31|datae      ;
;   10.861 ;   0.301 ; RF ; CELL ; 1      ; MLABCELL_X34_Y45_N42 ; LessThan5~31|combout    ;
;   11.079 ;   0.218 ; FF ; IC   ; 1      ; MLABCELL_X34_Y45_N54 ; LessThan5~33|datad      ;
;   11.649 ;   0.570 ; FF ; CELL ; 1      ; MLABCELL_X34_Y45_N54 ; LessThan5~33|combout    ;
;   12.398 ;   0.749 ; FF ; IC   ; 1      ; MLABCELL_X34_Y46_N0  ; in_rec_region~0|dataa   ;
;   12.960 ;   0.562 ; FF ; CELL ; 14     ; MLABCELL_X34_Y46_N0  ; in_rec_region~0|combout ;
;   13.939 ;   0.979 ; FF ; IC   ; 1      ; LABCELL_X33_Y48_N39  ; f_w[127]~1|datae        ;
;   14.239 ;   0.300 ; FF ; CELL ; 120    ; LABCELL_X33_Y48_N39  ; f_w[127]~1|combout      ;
;   15.717 ;   1.478 ; FF ; IC   ; 1      ; FF_X28_Y53_N25       ; f_w[75]|ena             ;
;   16.440 ;   0.723 ; FF ; CELL ; 1      ; FF_X28_Y53_N25       ; f_w[75]                 ;
+----------+---------+----+------+--------+----------------------+-------------------------+

+---------------------------------------------------------------------------------------+
; Data Required Path                                                                    ;
+----------+---------+----+------+--------+-------------------+-------------------------+
; Total    ; Incr    ; RF ; Type ; Fanout ; Location          ; Element                 ;
+----------+---------+----+------+--------+-------------------+-------------------------+
; 10.000   ; 10.000  ;    ;      ;        ;                   ; latch edge time         ;
; 15.921   ; 5.921   ;    ;      ;        ;                   ; clock path              ;
;   10.000 ;   0.000 ;    ;      ;        ;                   ; source latency          ;
;   10.000 ;   0.000 ;    ;      ; 1      ; LABCELL_X1_Y36_N9 ; gpu_clk                 ;
;   10.576 ;   0.576 ; RR ; IC   ; 1      ; CLKCTRL_G2        ; gpu_clk~CLKENA0|inclk   ;
;   10.871 ;   0.295 ; RR ; CELL ; 9078   ; CLKCTRL_G2        ; gpu_clk~CLKENA0|outclk  ;
;   12.832 ;   1.961 ; RR ; IC   ; 1      ; FF_X28_Y53_N25    ; f_w[75]|clk             ;
;   13.339 ;   0.507 ; RR ; CELL ; 1      ; FF_X28_Y53_N25    ; f_w[75]                 ;
;   15.921 ;   2.582 ;    ;      ;        ;                   ; clock pessimism removed ;
; 15.861   ; -0.060  ;    ;      ;        ;                   ; clock uncertainty       ;
; 15.861   ; 0.000   ;    ; uTsu ; 1      ; FF_X28_Y53_N25    ; f_w[75]                 ;
+----------+---------+----+------+--------+-------------------+-------------------------+

----------------------------
; Extra Fitter Information ;
----------------------------
HTML report is unavailable in plain text report export.


Path #62: Setup slack is -0.579 (VIOLATED)
===============================================================================
+----------------------------------------+
; Path Summary                           ;
+--------------------+-------------------+
; Property           ; Value             ;
+--------------------+-------------------+
; From Node          ; f_pos[1]          ;
; To Node            ; f_w[72]           ;
; Launch Clock       ; gpu_clk           ;
; Latch Clock        ; gpu_clk           ;
; Data Arrival Time  ; 16.440            ;
; Data Required Time ; 15.861            ;
; Slack              ; -0.579 (VIOLATED) ;
+--------------------+-------------------+

+------------------------------------------------------------------------------------+
; Statistics                                                                         ;
+------------------------+--------+-------+-------------+------------+-------+-------+
; Property               ; Value  ; Count ; Total Delay ; % of Total ; Min   ; Max   ;
+------------------------+--------+-------+-------------+------------+-------+-------+
; Setup Relationship     ; 10.000 ;       ;             ;            ;       ;       ;
; Clock Skew             ; -0.154 ;       ;             ;            ;       ;       ;
; Data Delay             ; 10.365 ;       ;             ;            ;       ;       ;
; Number of Logic Levels ;        ; 7     ;             ;            ;       ;       ;
; Physical Delays        ;        ;       ;             ;            ;       ;       ;
;  Arrival Path          ;        ;       ;             ;            ;       ;       ;
;   Clock                ;        ;       ;             ;            ;       ;       ;
;    IC                  ;        ; 2     ; 5.184       ; 85         ; 2.450 ; 2.734 ;
;    Cell                ;        ; 2     ; 0.891       ; 15         ; 0.321 ; 0.570 ;
;   Data                 ;        ;       ;             ;            ;       ;       ;
;    IC                  ;        ; 8     ; 6.322       ; 61         ; 0.218 ; 1.478 ;
;    Cell                ;        ; 9     ; 4.043       ; 39         ; 0.000 ; 0.723 ;
;    uTco                ;        ; 1     ; 0.000       ; 0          ; 0.000 ; 0.000 ;
;  Required Path         ;        ;       ;             ;            ;       ;       ;
;   Clock                ;        ;       ;             ;            ;       ;       ;
;    IC                  ;        ; 2     ; 2.537       ; 76         ; 0.576 ; 1.961 ;
;    Cell                ;        ; 2     ; 0.802       ; 24         ; 0.295 ; 0.507 ;
+------------------------+--------+-------+-------------+------------+-------+-------+
Note: Negative delays are omitted from totals when calculating percentages

+------------------------------------------------------------------------------------------+
; Data Arrival Path                                                                        ;
+----------+---------+----+------+--------+----------------------+-------------------------+
; Total    ; Incr    ; RF ; Type ; Fanout ; Location             ; Element                 ;
+----------+---------+----+------+--------+----------------------+-------------------------+
; 0.000    ; 0.000   ;    ;      ;        ;                      ; launch edge time        ;
; 6.075    ; 6.075   ;    ;      ;        ;                      ; clock path              ;
;   0.000  ;   0.000 ;    ;      ;        ;                      ; source latency          ;
;   0.000  ;   0.000 ;    ;      ; 1      ; LABCELL_X1_Y36_N9    ; gpu_clk                 ;
;   2.734  ;   2.734 ; RR ; IC   ; 1      ; CLKCTRL_G2           ; gpu_clk~CLKENA0|inclk   ;
;   3.055  ;   0.321 ; RR ; CELL ; 9078   ; CLKCTRL_G2           ; gpu_clk~CLKENA0|outclk  ;
;   5.505  ;   2.450 ; RR ; IC   ; 1      ; FF_X35_Y47_N5        ; f_pos[1]|clk            ;
;   6.075  ;   0.570 ; RR ; CELL ; 1      ; FF_X35_Y47_N5        ; f_pos[1]                ;
; 16.440   ; 10.365  ;    ;      ;        ;                      ; data path               ;
;   6.075  ;   0.000 ;    ; uTco ; 1      ; FF_X35_Y47_N5        ; f_pos[1]                ;
;   6.075  ;   0.000 ; RR ; CELL ; 2      ; FF_X35_Y47_N5        ; f_pos[1]|q              ;
;   7.245  ;   1.170 ; RR ; IC   ; 1      ; LABCELL_X33_Y45_N27  ; LessThan5~4|datad       ;
;   7.738  ;   0.493 ; RF ; CELL ; 1      ; LABCELL_X33_Y45_N27  ; LessThan5~4|combout     ;
;   8.344  ;   0.606 ; FF ; IC   ; 1      ; MLABCELL_X34_Y45_N0  ; LessThan5~5|dataa       ;
;   8.898  ;   0.554 ; FF ; CELL ; 2      ; MLABCELL_X34_Y45_N0  ; LessThan5~5|combout     ;
;   9.450  ;   0.552 ; FF ; IC   ; 1      ; LABCELL_X33_Y45_N54  ; LessThan5~30|dataa      ;
;   9.990  ;   0.540 ; FR ; CELL ; 1      ; LABCELL_X33_Y45_N54  ; LessThan5~30|combout    ;
;   10.560 ;   0.570 ; RR ; IC   ; 1      ; MLABCELL_X34_Y45_N42 ; LessThan5~31|datae      ;
;   10.861 ;   0.301 ; RF ; CELL ; 1      ; MLABCELL_X34_Y45_N42 ; LessThan5~31|combout    ;
;   11.079 ;   0.218 ; FF ; IC   ; 1      ; MLABCELL_X34_Y45_N54 ; LessThan5~33|datad      ;
;   11.649 ;   0.570 ; FF ; CELL ; 1      ; MLABCELL_X34_Y45_N54 ; LessThan5~33|combout    ;
;   12.398 ;   0.749 ; FF ; IC   ; 1      ; MLABCELL_X34_Y46_N0  ; in_rec_region~0|dataa   ;
;   12.960 ;   0.562 ; FF ; CELL ; 14     ; MLABCELL_X34_Y46_N0  ; in_rec_region~0|combout ;
;   13.939 ;   0.979 ; FF ; IC   ; 1      ; LABCELL_X33_Y48_N39  ; f_w[127]~1|datae        ;
;   14.239 ;   0.300 ; FF ; CELL ; 120    ; LABCELL_X33_Y48_N39  ; f_w[127]~1|combout      ;
;   15.717 ;   1.478 ; FF ; IC   ; 1      ; FF_X28_Y53_N43       ; f_w[72]|ena             ;
;   16.440 ;   0.723 ; FF ; CELL ; 1      ; FF_X28_Y53_N43       ; f_w[72]                 ;
+----------+---------+----+------+--------+----------------------+-------------------------+

+---------------------------------------------------------------------------------------+
; Data Required Path                                                                    ;
+----------+---------+----+------+--------+-------------------+-------------------------+
; Total    ; Incr    ; RF ; Type ; Fanout ; Location          ; Element                 ;
+----------+---------+----+------+--------+-------------------+-------------------------+
; 10.000   ; 10.000  ;    ;      ;        ;                   ; latch edge time         ;
; 15.921   ; 5.921   ;    ;      ;        ;                   ; clock path              ;
;   10.000 ;   0.000 ;    ;      ;        ;                   ; source latency          ;
;   10.000 ;   0.000 ;    ;      ; 1      ; LABCELL_X1_Y36_N9 ; gpu_clk                 ;
;   10.576 ;   0.576 ; RR ; IC   ; 1      ; CLKCTRL_G2        ; gpu_clk~CLKENA0|inclk   ;
;   10.871 ;   0.295 ; RR ; CELL ; 9078   ; CLKCTRL_G2        ; gpu_clk~CLKENA0|outclk  ;
;   12.832 ;   1.961 ; RR ; IC   ; 1      ; FF_X28_Y53_N43    ; f_w[72]|clk             ;
;   13.339 ;   0.507 ; RR ; CELL ; 1      ; FF_X28_Y53_N43    ; f_w[72]                 ;
;   15.921 ;   2.582 ;    ;      ;        ;                   ; clock pessimism removed ;
; 15.861   ; -0.060  ;    ;      ;        ;                   ; clock uncertainty       ;
; 15.861   ; 0.000   ;    ; uTsu ; 1      ; FF_X28_Y53_N43    ; f_w[72]                 ;
+----------+---------+----+------+--------+-------------------+-------------------------+

----------------------------
; Extra Fitter Information ;
----------------------------
HTML report is unavailable in plain text report export.


Path #63: Setup slack is -0.579 (VIOLATED)
===============================================================================
+----------------------------------------+
; Path Summary                           ;
+--------------------+-------------------+
; Property           ; Value             ;
+--------------------+-------------------+
; From Node          ; f_pos[1]          ;
; To Node            ; f_w[79]           ;
; Launch Clock       ; gpu_clk           ;
; Latch Clock        ; gpu_clk           ;
; Data Arrival Time  ; 16.436            ;
; Data Required Time ; 15.857            ;
; Slack              ; -0.579 (VIOLATED) ;
+--------------------+-------------------+

+------------------------------------------------------------------------------------+
; Statistics                                                                         ;
+------------------------+--------+-------+-------------+------------+-------+-------+
; Property               ; Value  ; Count ; Total Delay ; % of Total ; Min   ; Max   ;
+------------------------+--------+-------+-------------+------------+-------+-------+
; Setup Relationship     ; 10.000 ;       ;             ;            ;       ;       ;
; Clock Skew             ; -0.158 ;       ;             ;            ;       ;       ;
; Data Delay             ; 10.361 ;       ;             ;            ;       ;       ;
; Number of Logic Levels ;        ; 7     ;             ;            ;       ;       ;
; Physical Delays        ;        ;       ;             ;            ;       ;       ;
;  Arrival Path          ;        ;       ;             ;            ;       ;       ;
;   Clock                ;        ;       ;             ;            ;       ;       ;
;    IC                  ;        ; 2     ; 5.184       ; 85         ; 2.450 ; 2.734 ;
;    Cell                ;        ; 2     ; 0.891       ; 15         ; 0.321 ; 0.570 ;
;   Data                 ;        ;       ;             ;            ;       ;       ;
;    IC                  ;        ; 8     ; 6.322       ; 61         ; 0.218 ; 1.478 ;
;    Cell                ;        ; 9     ; 4.039       ; 39         ; 0.000 ; 0.719 ;
;    uTco                ;        ; 1     ; 0.000       ; 0          ; 0.000 ; 0.000 ;
;  Required Path         ;        ;       ;             ;            ;       ;       ;
;   Clock                ;        ;       ;             ;            ;       ;       ;
;    IC                  ;        ; 2     ; 2.537       ; 76         ; 0.576 ; 1.961 ;
;    Cell                ;        ; 2     ; 0.798       ; 24         ; 0.295 ; 0.503 ;
+------------------------+--------+-------+-------------+------------+-------+-------+
Note: Negative delays are omitted from totals when calculating percentages

+------------------------------------------------------------------------------------------+
; Data Arrival Path                                                                        ;
+----------+---------+----+------+--------+----------------------+-------------------------+
; Total    ; Incr    ; RF ; Type ; Fanout ; Location             ; Element                 ;
+----------+---------+----+------+--------+----------------------+-------------------------+
; 0.000    ; 0.000   ;    ;      ;        ;                      ; launch edge time        ;
; 6.075    ; 6.075   ;    ;      ;        ;                      ; clock path              ;
;   0.000  ;   0.000 ;    ;      ;        ;                      ; source latency          ;
;   0.000  ;   0.000 ;    ;      ; 1      ; LABCELL_X1_Y36_N9    ; gpu_clk                 ;
;   2.734  ;   2.734 ; RR ; IC   ; 1      ; CLKCTRL_G2           ; gpu_clk~CLKENA0|inclk   ;
;   3.055  ;   0.321 ; RR ; CELL ; 9078   ; CLKCTRL_G2           ; gpu_clk~CLKENA0|outclk  ;
;   5.505  ;   2.450 ; RR ; IC   ; 1      ; FF_X35_Y47_N5        ; f_pos[1]|clk            ;
;   6.075  ;   0.570 ; RR ; CELL ; 1      ; FF_X35_Y47_N5        ; f_pos[1]                ;
; 16.436   ; 10.361  ;    ;      ;        ;                      ; data path               ;
;   6.075  ;   0.000 ;    ; uTco ; 1      ; FF_X35_Y47_N5        ; f_pos[1]                ;
;   6.075  ;   0.000 ; RR ; CELL ; 2      ; FF_X35_Y47_N5        ; f_pos[1]|q              ;
;   7.245  ;   1.170 ; RR ; IC   ; 1      ; LABCELL_X33_Y45_N27  ; LessThan5~4|datad       ;
;   7.738  ;   0.493 ; RF ; CELL ; 1      ; LABCELL_X33_Y45_N27  ; LessThan5~4|combout     ;
;   8.344  ;   0.606 ; FF ; IC   ; 1      ; MLABCELL_X34_Y45_N0  ; LessThan5~5|dataa       ;
;   8.898  ;   0.554 ; FF ; CELL ; 2      ; MLABCELL_X34_Y45_N0  ; LessThan5~5|combout     ;
;   9.450  ;   0.552 ; FF ; IC   ; 1      ; LABCELL_X33_Y45_N54  ; LessThan5~30|dataa      ;
;   9.990  ;   0.540 ; FR ; CELL ; 1      ; LABCELL_X33_Y45_N54  ; LessThan5~30|combout    ;
;   10.560 ;   0.570 ; RR ; IC   ; 1      ; MLABCELL_X34_Y45_N42 ; LessThan5~31|datae      ;
;   10.861 ;   0.301 ; RF ; CELL ; 1      ; MLABCELL_X34_Y45_N42 ; LessThan5~31|combout    ;
;   11.079 ;   0.218 ; FF ; IC   ; 1      ; MLABCELL_X34_Y45_N54 ; LessThan5~33|datad      ;
;   11.649 ;   0.570 ; FF ; CELL ; 1      ; MLABCELL_X34_Y45_N54 ; LessThan5~33|combout    ;
;   12.398 ;   0.749 ; FF ; IC   ; 1      ; MLABCELL_X34_Y46_N0  ; in_rec_region~0|dataa   ;
;   12.960 ;   0.562 ; FF ; CELL ; 14     ; MLABCELL_X34_Y46_N0  ; in_rec_region~0|combout ;
;   13.939 ;   0.979 ; FF ; IC   ; 1      ; LABCELL_X33_Y48_N39  ; f_w[127]~1|datae        ;
;   14.239 ;   0.300 ; FF ; CELL ; 120    ; LABCELL_X33_Y48_N39  ; f_w[127]~1|combout      ;
;   15.717 ;   1.478 ; FF ; IC   ; 1      ; FF_X28_Y53_N38       ; f_w[79]|ena             ;
;   16.436 ;   0.719 ; FF ; CELL ; 1      ; FF_X28_Y53_N38       ; f_w[79]                 ;
+----------+---------+----+------+--------+----------------------+-------------------------+

+---------------------------------------------------------------------------------------+
; Data Required Path                                                                    ;
+----------+---------+----+------+--------+-------------------+-------------------------+
; Total    ; Incr    ; RF ; Type ; Fanout ; Location          ; Element                 ;
+----------+---------+----+------+--------+-------------------+-------------------------+
; 10.000   ; 10.000  ;    ;      ;        ;                   ; latch edge time         ;
; 15.917   ; 5.917   ;    ;      ;        ;                   ; clock path              ;
;   10.000 ;   0.000 ;    ;      ;        ;                   ; source latency          ;
;   10.000 ;   0.000 ;    ;      ; 1      ; LABCELL_X1_Y36_N9 ; gpu_clk                 ;
;   10.576 ;   0.576 ; RR ; IC   ; 1      ; CLKCTRL_G2        ; gpu_clk~CLKENA0|inclk   ;
;   10.871 ;   0.295 ; RR ; CELL ; 9078   ; CLKCTRL_G2        ; gpu_clk~CLKENA0|outclk  ;
;   12.832 ;   1.961 ; RR ; IC   ; 1      ; FF_X28_Y53_N38    ; f_w[79]|clk             ;
;   13.335 ;   0.503 ; RR ; CELL ; 1      ; FF_X28_Y53_N38    ; f_w[79]                 ;
;   15.917 ;   2.582 ;    ;      ;        ;                   ; clock pessimism removed ;
; 15.857   ; -0.060  ;    ;      ;        ;                   ; clock uncertainty       ;
; 15.857   ; 0.000   ;    ; uTsu ; 1      ; FF_X28_Y53_N38    ; f_w[79]                 ;
+----------+---------+----+------+--------+-------------------+-------------------------+

----------------------------
; Extra Fitter Information ;
----------------------------
HTML report is unavailable in plain text report export.


Path #64: Setup slack is -0.579 (VIOLATED)
===============================================================================
+----------------------------------------+
; Path Summary                           ;
+--------------------+-------------------+
; Property           ; Value             ;
+--------------------+-------------------+
; From Node          ; f_pos[1]          ;
; To Node            ; recq[1][79]       ;
; Launch Clock       ; gpu_clk           ;
; Latch Clock        ; gpu_clk           ;
; Data Arrival Time  ; 16.430            ;
; Data Required Time ; 15.851            ;
; Slack              ; -0.579 (VIOLATED) ;
+--------------------+-------------------+

+------------------------------------------------------------------------------------+
; Statistics                                                                         ;
+------------------------+--------+-------+-------------+------------+-------+-------+
; Property               ; Value  ; Count ; Total Delay ; % of Total ; Min   ; Max   ;
+------------------------+--------+-------+-------------+------------+-------+-------+
; Setup Relationship     ; 10.000 ;       ;             ;            ;       ;       ;
; Clock Skew             ; -0.164 ;       ;             ;            ;       ;       ;
; Data Delay             ; 10.355 ;       ;             ;            ;       ;       ;
; Number of Logic Levels ;        ; 7     ;             ;            ;       ;       ;
; Physical Delays        ;        ;       ;             ;            ;       ;       ;
;  Arrival Path          ;        ;       ;             ;            ;       ;       ;
;   Clock                ;        ;       ;             ;            ;       ;       ;
;    IC                  ;        ; 2     ; 5.184       ; 85         ; 2.450 ; 2.734 ;
;    Cell                ;        ; 2     ; 0.891       ; 15         ; 0.321 ; 0.570 ;
;   Data                 ;        ;       ;             ;            ;       ;       ;
;    IC                  ;        ; 8     ; 6.398       ; 62         ; 0.218 ; 1.569 ;
;    Cell                ;        ; 9     ; 3.957       ; 38         ; 0.000 ; 0.716 ;
;    uTco                ;        ; 1     ; 0.000       ; 0          ; 0.000 ; 0.000 ;
;  Required Path         ;        ;       ;             ;            ;       ;       ;
;   Clock                ;        ;       ;             ;            ;       ;       ;
;    IC                  ;        ; 2     ; 2.537       ; 76         ; 0.576 ; 1.961 ;
;    Cell                ;        ; 2     ; 0.792       ; 24         ; 0.295 ; 0.497 ;
+------------------------+--------+-------+-------------+------------+-------+-------+
Note: Negative delays are omitted from totals when calculating percentages

+------------------------------------------------------------------------------------------+
; Data Arrival Path                                                                        ;
+----------+---------+----+------+--------+----------------------+-------------------------+
; Total    ; Incr    ; RF ; Type ; Fanout ; Location             ; Element                 ;
+----------+---------+----+------+--------+----------------------+-------------------------+
; 0.000    ; 0.000   ;    ;      ;        ;                      ; launch edge time        ;
; 6.075    ; 6.075   ;    ;      ;        ;                      ; clock path              ;
;   0.000  ;   0.000 ;    ;      ;        ;                      ; source latency          ;
;   0.000  ;   0.000 ;    ;      ; 1      ; LABCELL_X1_Y36_N9    ; gpu_clk                 ;
;   2.734  ;   2.734 ; RR ; IC   ; 1      ; CLKCTRL_G2           ; gpu_clk~CLKENA0|inclk   ;
;   3.055  ;   0.321 ; RR ; CELL ; 9078   ; CLKCTRL_G2           ; gpu_clk~CLKENA0|outclk  ;
;   5.505  ;   2.450 ; RR ; IC   ; 1      ; FF_X35_Y47_N5        ; f_pos[1]|clk            ;
;   6.075  ;   0.570 ; RR ; CELL ; 1      ; FF_X35_Y47_N5        ; f_pos[1]                ;
; 16.430   ; 10.355  ;    ;      ;        ;                      ; data path               ;
;   6.075  ;   0.000 ;    ; uTco ; 1      ; FF_X35_Y47_N5        ; f_pos[1]                ;
;   6.075  ;   0.000 ; RR ; CELL ; 2      ; FF_X35_Y47_N5        ; f_pos[1]|q              ;
;   7.245  ;   1.170 ; RR ; IC   ; 1      ; LABCELL_X33_Y45_N27  ; LessThan5~4|datad       ;
;   7.738  ;   0.493 ; RF ; CELL ; 1      ; LABCELL_X33_Y45_N27  ; LessThan5~4|combout     ;
;   8.344  ;   0.606 ; FF ; IC   ; 1      ; MLABCELL_X34_Y45_N0  ; LessThan5~5|dataa       ;
;   8.898  ;   0.554 ; FF ; CELL ; 2      ; MLABCELL_X34_Y45_N0  ; LessThan5~5|combout     ;
;   9.450  ;   0.552 ; FF ; IC   ; 1      ; LABCELL_X33_Y45_N54  ; LessThan5~30|dataa      ;
;   9.990  ;   0.540 ; FR ; CELL ; 1      ; LABCELL_X33_Y45_N54  ; LessThan5~30|combout    ;
;   10.560 ;   0.570 ; RR ; IC   ; 1      ; MLABCELL_X34_Y45_N42 ; LessThan5~31|datae      ;
;   10.861 ;   0.301 ; RF ; CELL ; 1      ; MLABCELL_X34_Y45_N42 ; LessThan5~31|combout    ;
;   11.079 ;   0.218 ; FF ; IC   ; 1      ; MLABCELL_X34_Y45_N54 ; LessThan5~33|datad      ;
;   11.649 ;   0.570 ; FF ; CELL ; 1      ; MLABCELL_X34_Y45_N54 ; LessThan5~33|combout    ;
;   12.398 ;   0.749 ; FF ; IC   ; 1      ; MLABCELL_X34_Y46_N0  ; in_rec_region~0|dataa   ;
;   12.960 ;   0.562 ; FF ; CELL ; 14     ; MLABCELL_X34_Y46_N0  ; in_rec_region~0|combout ;
;   13.924 ;   0.964 ; FF ; IC   ; 1      ; LABCELL_X33_Y48_N18  ; recq[1][143]~8|datae    ;
;   14.145 ;   0.221 ; FF ; CELL ; 136    ; LABCELL_X33_Y48_N18  ; recq[1][143]~8|combout  ;
;   15.714 ;   1.569 ; FF ; IC   ; 1      ; FF_X28_Y53_N22       ; recq[1][79]|ena         ;
;   16.430 ;   0.716 ; FF ; CELL ; 1      ; FF_X28_Y53_N22       ; recq[1][79]             ;
+----------+---------+----+------+--------+----------------------+-------------------------+

+---------------------------------------------------------------------------------------+
; Data Required Path                                                                    ;
+----------+---------+----+------+--------+-------------------+-------------------------+
; Total    ; Incr    ; RF ; Type ; Fanout ; Location          ; Element                 ;
+----------+---------+----+------+--------+-------------------+-------------------------+
; 10.000   ; 10.000  ;    ;      ;        ;                   ; latch edge time         ;
; 15.911   ; 5.911   ;    ;      ;        ;                   ; clock path              ;
;   10.000 ;   0.000 ;    ;      ;        ;                   ; source latency          ;
;   10.000 ;   0.000 ;    ;      ; 1      ; LABCELL_X1_Y36_N9 ; gpu_clk                 ;
;   10.576 ;   0.576 ; RR ; IC   ; 1      ; CLKCTRL_G2        ; gpu_clk~CLKENA0|inclk   ;
;   10.871 ;   0.295 ; RR ; CELL ; 9078   ; CLKCTRL_G2        ; gpu_clk~CLKENA0|outclk  ;
;   12.832 ;   1.961 ; RR ; IC   ; 1      ; FF_X28_Y53_N22    ; recq[1][79]|clk         ;
;   13.329 ;   0.497 ; RR ; CELL ; 1      ; FF_X28_Y53_N22    ; recq[1][79]             ;
;   15.911 ;   2.582 ;    ;      ;        ;                   ; clock pessimism removed ;
; 15.851   ; -0.060  ;    ;      ;        ;                   ; clock uncertainty       ;
; 15.851   ; 0.000   ;    ; uTsu ; 1      ; FF_X28_Y53_N22    ; recq[1][79]             ;
+----------+---------+----+------+--------+-------------------+-------------------------+

----------------------------
; Extra Fitter Information ;
----------------------------
HTML report is unavailable in plain text report export.


Path #65: Setup slack is -0.579 (VIOLATED)
===============================================================================
+----------------------------------------+
; Path Summary                           ;
+--------------------+-------------------+
; Property           ; Value             ;
+--------------------+-------------------+
; From Node          ; f_pos[1]          ;
; To Node            ; f_w[8]            ;
; Launch Clock       ; gpu_clk           ;
; Latch Clock        ; gpu_clk           ;
; Data Arrival Time  ; 16.434            ;
; Data Required Time ; 15.855            ;
; Slack              ; -0.579 (VIOLATED) ;
+--------------------+-------------------+

+------------------------------------------------------------------------------------+
; Statistics                                                                         ;
+------------------------+--------+-------+-------------+------------+-------+-------+
; Property               ; Value  ; Count ; Total Delay ; % of Total ; Min   ; Max   ;
+------------------------+--------+-------+-------------+------------+-------+-------+
; Setup Relationship     ; 10.000 ;       ;             ;            ;       ;       ;
; Clock Skew             ; -0.160 ;       ;             ;            ;       ;       ;
; Data Delay             ; 10.359 ;       ;             ;            ;       ;       ;
; Number of Logic Levels ;        ; 7     ;             ;            ;       ;       ;
; Physical Delays        ;        ;       ;             ;            ;       ;       ;
;  Arrival Path          ;        ;       ;             ;            ;       ;       ;
;   Clock                ;        ;       ;             ;            ;       ;       ;
;    IC                  ;        ; 2     ; 5.184       ; 85         ; 2.450 ; 2.734 ;
;    Cell                ;        ; 2     ; 0.891       ; 15         ; 0.321 ; 0.570 ;
;   Data                 ;        ;       ;             ;            ;       ;       ;
;    IC                  ;        ; 8     ; 6.322       ; 61         ; 0.218 ; 1.478 ;
;    Cell                ;        ; 9     ; 4.037       ; 39         ; 0.000 ; 0.717 ;
;    uTco                ;        ; 1     ; 0.000       ; 0          ; 0.000 ; 0.000 ;
;  Required Path         ;        ;       ;             ;            ;       ;       ;
;   Clock                ;        ;       ;             ;            ;       ;       ;
;    IC                  ;        ; 2     ; 2.537       ; 76         ; 0.576 ; 1.961 ;
;    Cell                ;        ; 2     ; 0.796       ; 24         ; 0.295 ; 0.501 ;
+------------------------+--------+-------+-------------+------------+-------+-------+
Note: Negative delays are omitted from totals when calculating percentages

+------------------------------------------------------------------------------------------+
; Data Arrival Path                                                                        ;
+----------+---------+----+------+--------+----------------------+-------------------------+
; Total    ; Incr    ; RF ; Type ; Fanout ; Location             ; Element                 ;
+----------+---------+----+------+--------+----------------------+-------------------------+
; 0.000    ; 0.000   ;    ;      ;        ;                      ; launch edge time        ;
; 6.075    ; 6.075   ;    ;      ;        ;                      ; clock path              ;
;   0.000  ;   0.000 ;    ;      ;        ;                      ; source latency          ;
;   0.000  ;   0.000 ;    ;      ; 1      ; LABCELL_X1_Y36_N9    ; gpu_clk                 ;
;   2.734  ;   2.734 ; RR ; IC   ; 1      ; CLKCTRL_G2           ; gpu_clk~CLKENA0|inclk   ;
;   3.055  ;   0.321 ; RR ; CELL ; 9078   ; CLKCTRL_G2           ; gpu_clk~CLKENA0|outclk  ;
;   5.505  ;   2.450 ; RR ; IC   ; 1      ; FF_X35_Y47_N5        ; f_pos[1]|clk            ;
;   6.075  ;   0.570 ; RR ; CELL ; 1      ; FF_X35_Y47_N5        ; f_pos[1]                ;
; 16.434   ; 10.359  ;    ;      ;        ;                      ; data path               ;
;   6.075  ;   0.000 ;    ; uTco ; 1      ; FF_X35_Y47_N5        ; f_pos[1]                ;
;   6.075  ;   0.000 ; RR ; CELL ; 2      ; FF_X35_Y47_N5        ; f_pos[1]|q              ;
;   7.245  ;   1.170 ; RR ; IC   ; 1      ; LABCELL_X33_Y45_N27  ; LessThan5~4|datad       ;
;   7.738  ;   0.493 ; RF ; CELL ; 1      ; LABCELL_X33_Y45_N27  ; LessThan5~4|combout     ;
;   8.344  ;   0.606 ; FF ; IC   ; 1      ; MLABCELL_X34_Y45_N0  ; LessThan5~5|dataa       ;
;   8.898  ;   0.554 ; FF ; CELL ; 2      ; MLABCELL_X34_Y45_N0  ; LessThan5~5|combout     ;
;   9.450  ;   0.552 ; FF ; IC   ; 1      ; LABCELL_X33_Y45_N54  ; LessThan5~30|dataa      ;
;   9.990  ;   0.540 ; FR ; CELL ; 1      ; LABCELL_X33_Y45_N54  ; LessThan5~30|combout    ;
;   10.560 ;   0.570 ; RR ; IC   ; 1      ; MLABCELL_X34_Y45_N42 ; LessThan5~31|datae      ;
;   10.861 ;   0.301 ; RF ; CELL ; 1      ; MLABCELL_X34_Y45_N42 ; LessThan5~31|combout    ;
;   11.079 ;   0.218 ; FF ; IC   ; 1      ; MLABCELL_X34_Y45_N54 ; LessThan5~33|datad      ;
;   11.649 ;   0.570 ; FF ; CELL ; 1      ; MLABCELL_X34_Y45_N54 ; LessThan5~33|combout    ;
;   12.398 ;   0.749 ; FF ; IC   ; 1      ; MLABCELL_X34_Y46_N0  ; in_rec_region~0|dataa   ;
;   12.960 ;   0.562 ; FF ; CELL ; 14     ; MLABCELL_X34_Y46_N0  ; in_rec_region~0|combout ;
;   13.939 ;   0.979 ; FF ; IC   ; 1      ; LABCELL_X33_Y48_N39  ; f_w[127]~1|datae        ;
;   14.239 ;   0.300 ; FF ; CELL ; 120    ; LABCELL_X33_Y48_N39  ; f_w[127]~1|combout      ;
;   15.717 ;   1.478 ; FF ; IC   ; 1      ; FF_X28_Y53_N28       ; f_w[8]|ena              ;
;   16.434 ;   0.717 ; FF ; CELL ; 1      ; FF_X28_Y53_N28       ; f_w[8]                  ;
+----------+---------+----+------+--------+----------------------+-------------------------+

+---------------------------------------------------------------------------------------+
; Data Required Path                                                                    ;
+----------+---------+----+------+--------+-------------------+-------------------------+
; Total    ; Incr    ; RF ; Type ; Fanout ; Location          ; Element                 ;
+----------+---------+----+------+--------+-------------------+-------------------------+
; 10.000   ; 10.000  ;    ;      ;        ;                   ; latch edge time         ;
; 15.915   ; 5.915   ;    ;      ;        ;                   ; clock path              ;
;   10.000 ;   0.000 ;    ;      ;        ;                   ; source latency          ;
;   10.000 ;   0.000 ;    ;      ; 1      ; LABCELL_X1_Y36_N9 ; gpu_clk                 ;
;   10.576 ;   0.576 ; RR ; IC   ; 1      ; CLKCTRL_G2        ; gpu_clk~CLKENA0|inclk   ;
;   10.871 ;   0.295 ; RR ; CELL ; 9078   ; CLKCTRL_G2        ; gpu_clk~CLKENA0|outclk  ;
;   12.832 ;   1.961 ; RR ; IC   ; 1      ; FF_X28_Y53_N28    ; f_w[8]|clk              ;
;   13.333 ;   0.501 ; RR ; CELL ; 1      ; FF_X28_Y53_N28    ; f_w[8]                  ;
;   15.915 ;   2.582 ;    ;      ;        ;                   ; clock pessimism removed ;
; 15.855   ; -0.060  ;    ;      ;        ;                   ; clock uncertainty       ;
; 15.855   ; 0.000   ;    ; uTsu ; 1      ; FF_X28_Y53_N28    ; f_w[8]                  ;
+----------+---------+----+------+--------+-------------------+-------------------------+

----------------------------
; Extra Fitter Information ;
----------------------------
HTML report is unavailable in plain text report export.


Path #66: Setup slack is -0.574 (VIOLATED)
===============================================================================
+------------------------------------------------------------------------+
; Path Summary                                                           ;
+--------------------+---------------------------------------------------+
; Property           ; Value                                             ;
+--------------------+---------------------------------------------------+
; From Node          ; zhao_hps_arbiter:u_hps_arb|state.A_IDLE~DUPLICATE ;
; To Node            ; zhao_cmd_dma:u_dma|crc_hdr_r[10]                  ;
; Launch Clock       ; gpu_clk                                           ;
; Latch Clock        ; gpu_clk                                           ;
; Data Arrival Time  ; 15.950                                            ;
; Data Required Time ; 15.376                                            ;
; Slack              ; -0.574 (VIOLATED)                                 ;
+--------------------+---------------------------------------------------+

+------------------------------------------------------------------------------------+
; Statistics                                                                         ;
+------------------------+--------+-------+-------------+------------+-------+-------+
; Property               ; Value  ; Count ; Total Delay ; % of Total ; Min   ; Max   ;
+------------------------+--------+-------+-------------+------------+-------+-------+
; Setup Relationship     ; 10.000 ;       ;             ;            ;       ;       ;
; Clock Skew             ; -0.602 ;       ;             ;            ;       ;       ;
; Data Delay             ; 9.912  ;       ;             ;            ;       ;       ;
; Number of Logic Levels ;        ; 8     ;             ;            ;       ;       ;
; Physical Delays        ;        ;       ;             ;            ;       ;       ;
;  Arrival Path          ;        ;       ;             ;            ;       ;       ;
;   Clock                ;        ;       ;             ;            ;       ;       ;
;    IC                  ;        ; 2     ; 5.131       ; 85         ; 2.397 ; 2.734 ;
;    Cell                ;        ; 2     ; 0.907       ; 15         ; 0.321 ; 0.586 ;
;   Data                 ;        ;       ;             ;            ;       ;       ;
;    IC                  ;        ; 9     ; 6.690       ; 67         ; 0.000 ; 1.502 ;
;    Cell                ;        ; 10    ; 3.222       ; 33         ; 0.000 ; 0.579 ;
;    uTco                ;        ; 1     ; 0.000       ; 0          ; 0.000 ; 0.000 ;
;  Required Path         ;        ;       ;             ;            ;       ;       ;
;   Clock                ;        ;       ;             ;            ;       ;       ;
;    IC                  ;        ; 2     ; 2.450       ; 75         ; 0.576 ; 1.874 ;
;    Cell                ;        ; 2     ; 0.802       ; 25         ; 0.295 ; 0.507 ;
+------------------------+--------+-------+-------------+------------+-------+-------+
Note: Negative delays are omitted from totals when calculating percentages

+--------------------------------------------------------------------------------------------------------------------+
; Data Arrival Path                                                                                                  ;
+----------+---------+----+------+--------+----------------------+---------------------------------------------------+
; Total    ; Incr    ; RF ; Type ; Fanout ; Location             ; Element                                           ;
+----------+---------+----+------+--------+----------------------+---------------------------------------------------+
; 0.000    ; 0.000   ;    ;      ;        ;                      ; launch edge time                                  ;
; 6.038    ; 6.038   ;    ;      ;        ;                      ; clock path                                        ;
;   0.000  ;   0.000 ;    ;      ;        ;                      ; source latency                                    ;
;   0.000  ;   0.000 ;    ;      ; 1      ; LABCELL_X1_Y36_N9    ; gpu_clk                                           ;
;   2.734  ;   2.734 ; RR ; IC   ; 1      ; CLKCTRL_G2           ; gpu_clk~CLKENA0|inclk                             ;
;   3.055  ;   0.321 ; RR ; CELL ; 9078   ; CLKCTRL_G2           ; gpu_clk~CLKENA0|outclk                            ;
;   5.452  ;   2.397 ; RR ; IC   ; 1      ; FF_X18_Y39_N35       ; u_hps_arb|state.A_IDLE~DUPLICATE|clk              ;
;   6.038  ;   0.586 ; RR ; CELL ; 1      ; FF_X18_Y39_N35       ; zhao_hps_arbiter:u_hps_arb|state.A_IDLE~DUPLICATE ;
; 15.950   ; 9.912   ;    ;      ;        ;                      ; data path                                         ;
;   6.038  ;   0.000 ;    ; uTco ; 1      ; FF_X18_Y39_N35       ; zhao_hps_arbiter:u_hps_arb|state.A_IDLE~DUPLICATE ;
;   6.038  ;   0.000 ; FF ; CELL ; 43     ; FF_X18_Y39_N35       ; u_hps_arb|state.A_IDLE~DUPLICATE|q                ;
;   7.239  ;   1.201 ; FF ; IC   ; 1      ; LABCELL_X16_Y37_N42  ; u_hps_arb|c0_rsp_o.data[24]~12|datad              ;
;   7.753  ;   0.514 ; FF ; CELL ; 10     ; LABCELL_X16_Y37_N42  ; u_hps_arb|c0_rsp_o.data[24]~12|combout            ;
;   9.255  ;   1.502 ; FF ; IC   ; 1      ; MLABCELL_X21_Y36_N45 ; u_dma|fold_d[24]~38|dataf                         ;
;   9.334  ;   0.079 ; FF ; CELL ; 5      ; MLABCELL_X21_Y36_N45 ; u_dma|fold_d[24]~38|combout                       ;
;   10.689 ;   1.355 ; FF ; IC   ; 1      ; LABCELL_X22_Y31_N51  ; u_dma|u_fold4|acc~1|dataf                         ;
;   10.786 ;   0.097 ; FR ; CELL ; 8      ; LABCELL_X22_Y31_N51  ; u_dma|u_fold4|acc~1|combout                       ;
;   11.008 ;   0.222 ; RR ; IC   ; 1      ; LABCELL_X22_Y31_N54  ; u_dma|u_fold8|g_fold[8].acc[10]~68|dataa          ;
;   11.572 ;   0.564 ; RF ; CELL ; 2      ; LABCELL_X22_Y31_N54  ; u_dma|u_fold8|g_fold[8].acc[10]~68|combout        ;
;   11.931 ;   0.359 ; FF ; IC   ; 1      ; MLABCELL_X21_Y31_N3  ; u_dma|u_fold8|g_fold[8].acc[10]~69|datac          ;
;   12.510 ;   0.579 ; FF ; CELL ; 2      ; MLABCELL_X21_Y31_N3  ; u_dma|u_fold8|g_fold[8].acc[10]~69|combout        ;
;   13.248 ;   0.738 ; FF ; IC   ; 1      ; LABCELL_X19_Y31_N30  ; u_dma|u_fold8|g_fold[8].acc[10]~71|datad          ;
;   13.599 ;   0.351 ; FF ; CELL ; 1      ; LABCELL_X19_Y31_N30  ; u_dma|u_fold8|g_fold[8].acc[10]~71|combout        ;
;   14.685 ;   1.086 ; FF ; IC   ; 1      ; LABCELL_X23_Y34_N30  ; u_dma|u_fold8|g_fold[8].acc[10]~72|datae          ;
;   14.917 ;   0.232 ; FR ; CELL ; 2      ; LABCELL_X23_Y34_N30  ; u_dma|u_fold8|g_fold[8].acc[10]~72|combout        ;
;   15.144 ;   0.227 ; RR ; IC   ; 1      ; LABCELL_X23_Y34_N36  ; u_dma|Selector892~0|datab                         ;
;   15.690 ;   0.546 ; RF ; CELL ; 1      ; LABCELL_X23_Y34_N36  ; u_dma|Selector892~0|combout                       ;
;   15.690 ;   0.000 ; FF ; IC   ; 1      ; FF_X23_Y34_N37       ; u_dma|crc_hdr_r[10]|d                             ;
;   15.950 ;   0.260 ; FF ; CELL ; 1      ; FF_X23_Y34_N37       ; zhao_cmd_dma:u_dma|crc_hdr_r[10]                  ;
+----------+---------+----+------+--------+----------------------+---------------------------------------------------+

+------------------------------------------------------------------------------------------------+
; Data Required Path                                                                             ;
+----------+---------+----+------+--------+-------------------+----------------------------------+
; Total    ; Incr    ; RF ; Type ; Fanout ; Location          ; Element                          ;
+----------+---------+----+------+--------+-------------------+----------------------------------+
; 10.000   ; 10.000  ;    ;      ;        ;                   ; latch edge time                  ;
; 15.436   ; 5.436   ;    ;      ;        ;                   ; clock path                       ;
;   10.000 ;   0.000 ;    ;      ;        ;                   ; source latency                   ;
;   10.000 ;   0.000 ;    ;      ; 1      ; LABCELL_X1_Y36_N9 ; gpu_clk                          ;
;   10.576 ;   0.576 ; RR ; IC   ; 1      ; CLKCTRL_G2        ; gpu_clk~CLKENA0|inclk            ;
;   10.871 ;   0.295 ; RR ; CELL ; 9078   ; CLKCTRL_G2        ; gpu_clk~CLKENA0|outclk           ;
;   12.745 ;   1.874 ; RR ; IC   ; 1      ; FF_X23_Y34_N37    ; u_dma|crc_hdr_r[10]|clk          ;
;   13.252 ;   0.507 ; RR ; CELL ; 1      ; FF_X23_Y34_N37    ; zhao_cmd_dma:u_dma|crc_hdr_r[10] ;
;   15.436 ;   2.184 ;    ;      ;        ;                   ; clock pessimism removed          ;
; 15.376   ; -0.060  ;    ;      ;        ;                   ; clock uncertainty                ;
; 15.376   ; 0.000   ;    ; uTsu ; 1      ; FF_X23_Y34_N37    ; zhao_cmd_dma:u_dma|crc_hdr_r[10] ;
+----------+---------+----+------+--------+-------------------+----------------------------------+

----------------------------
; Extra Fitter Information ;
----------------------------
HTML report is unavailable in plain text report export.


Path #67: Setup slack is -0.569 (VIOLATED)
===============================================================================
+--------------------------------------------------------+
; Path Summary                                           ;
+--------------------+-----------------------------------+
; Property           ; Value                             ;
+--------------------+-----------------------------------+
; From Node          ; zhao_cmd_dma:u_dma|hdr_win[28][5] ;
; To Node            ; zhao_cmd_dma:u_dma|crc_pay_r[4]   ;
; Launch Clock       ; gpu_clk                           ;
; Latch Clock        ; gpu_clk                           ;
; Data Arrival Time  ; 15.943                            ;
; Data Required Time ; 15.374                            ;
; Slack              ; -0.569 (VIOLATED)                 ;
+--------------------+-----------------------------------+

+------------------------------------------------------------------------------------+
; Statistics                                                                         ;
+------------------------+--------+-------+-------------+------------+-------+-------+
; Property               ; Value  ; Count ; Total Delay ; % of Total ; Min   ; Max   ;
+------------------------+--------+-------+-------------+------------+-------+-------+
; Setup Relationship     ; 10.000 ;       ;             ;            ;       ;       ;
; Clock Skew             ; -0.684 ;       ;             ;            ;       ;       ;
; Data Delay             ; 9.825  ;       ;             ;            ;       ;       ;
; Number of Logic Levels ;        ; 6     ;             ;            ;       ;       ;
; Physical Delays        ;        ;       ;             ;            ;       ;       ;
;  Arrival Path          ;        ;       ;             ;            ;       ;       ;
;   Clock                ;        ;       ;             ;            ;       ;       ;
;    IC                  ;        ; 2     ; 5.207       ; 85         ; 2.473 ; 2.734 ;
;    Cell                ;        ; 2     ; 0.911       ; 15         ; 0.321 ; 0.590 ;
;   Data                 ;        ;       ;             ;            ;       ;       ;
;    IC                  ;        ; 7     ; 6.632       ; 68         ; 0.214 ; 2.064 ;
;    Cell                ;        ; 8     ; 3.193       ; 32         ; 0.000 ; 0.732 ;
;    uTco                ;        ; 1     ; 0.000       ; 0          ; 0.000 ; 0.000 ;
;  Required Path         ;        ;       ;             ;            ;       ;       ;
;   Clock                ;        ;       ;             ;            ;       ;       ;
;    IC                  ;        ; 2     ; 2.448       ; 75         ; 0.576 ; 1.872 ;
;    Cell                ;        ; 2     ; 0.802       ; 25         ; 0.295 ; 0.507 ;
+------------------------+--------+-------+-------------+------------+-------+-------+
Note: Negative delays are omitted from totals when calculating percentages

+---------------------------------------------------------------------------------------------------+
; Data Arrival Path                                                                                 ;
+----------+---------+----+------+--------+---------------------+-----------------------------------+
; Total    ; Incr    ; RF ; Type ; Fanout ; Location            ; Element                           ;
+----------+---------+----+------+--------+---------------------+-----------------------------------+
; 0.000    ; 0.000   ;    ;      ;        ;                     ; launch edge time                  ;
; 6.118    ; 6.118   ;    ;      ;        ;                     ; clock path                        ;
;   0.000  ;   0.000 ;    ;      ;        ;                     ; source latency                    ;
;   0.000  ;   0.000 ;    ;      ; 1      ; LABCELL_X1_Y36_N9   ; gpu_clk                           ;
;   2.734  ;   2.734 ; RR ; IC   ; 1      ; CLKCTRL_G2          ; gpu_clk~CLKENA0|inclk             ;
;   3.055  ;   0.321 ; RR ; CELL ; 9078   ; CLKCTRL_G2          ; gpu_clk~CLKENA0|outclk            ;
;   5.528  ;   2.473 ; RR ; IC   ; 1      ; FF_X39_Y39_N35      ; u_dma|hdr_win[28][5]|clk          ;
;   6.118  ;   0.590 ; RR ; CELL ; 1      ; FF_X39_Y39_N35      ; zhao_cmd_dma:u_dma|hdr_win[28][5] ;
; 15.943   ; 9.825   ;    ;      ;        ;                     ; data path                         ;
;   6.118  ;   0.000 ;    ; uTco ; 1      ; FF_X39_Y39_N35      ; zhao_cmd_dma:u_dma|hdr_win[28][5] ;
;   6.118  ;   0.000 ; FF ; CELL ; 4      ; FF_X39_Y39_N35      ; u_dma|hdr_win[28][5]|q            ;
;   8.182  ;   2.064 ; FF ; IC   ; 1      ; LABCELL_X27_Y36_N51 ; u_dma|LessThan25~0|datad          ;
;   8.623  ;   0.441 ; FR ; CELL ; 1      ; LABCELL_X27_Y36_N51 ; u_dma|LessThan25~0|combout        ;
;   8.837  ;   0.214 ; RR ; IC   ; 1      ; LABCELL_X27_Y36_N45 ; u_dma|LessThan25~4|dataa          ;
;   9.438  ;   0.601 ; RR ; CELL ; 1      ; LABCELL_X27_Y36_N45 ; u_dma|LessThan25~4|combout        ;
;   10.622 ;   1.184 ; RR ; IC   ; 1      ; LABCELL_X35_Y38_N39 ; u_dma|LessThan25~12|datae         ;
;   10.890 ;   0.268 ; RF ; CELL ; 1      ; LABCELL_X35_Y38_N39 ; u_dma|LessThan25~12|combout       ;
;   11.116 ;   0.226 ; FF ; IC   ; 1      ; LABCELL_X35_Y38_N54 ; u_dma|LessThan25~22|dataf         ;
;   11.207 ;   0.091 ; FR ; CELL ; 1      ; LABCELL_X35_Y38_N54 ; u_dma|LessThan25~22|combout       ;
;   11.577 ;   0.370 ; RR ; IC   ; 1      ; LABCELL_X36_Y38_N6  ; u_dma|ok_v~5|datac                ;
;   12.071 ;   0.494 ; RF ; CELL ; 10     ; LABCELL_X36_Y38_N6  ; u_dma|ok_v~5|combout              ;
;   13.635 ;   1.564 ; FF ; IC   ; 1      ; LABCELL_X24_Y35_N48 ; u_dma|crc_pay_r[14]~0|dataa       ;
;   14.201 ;   0.566 ; FF ; CELL ; 49     ; LABCELL_X24_Y35_N48 ; u_dma|crc_pay_r[14]~0|combout     ;
;   15.211 ;   1.010 ; FF ; IC   ; 1      ; FF_X24_Y32_N47      ; u_dma|crc_pay_r[4]|ena            ;
;   15.943 ;   0.732 ; FF ; CELL ; 1      ; FF_X24_Y32_N47      ; zhao_cmd_dma:u_dma|crc_pay_r[4]   ;
+----------+---------+----+------+--------+---------------------+-----------------------------------+

+-----------------------------------------------------------------------------------------------+
; Data Required Path                                                                            ;
+----------+---------+----+------+--------+-------------------+---------------------------------+
; Total    ; Incr    ; RF ; Type ; Fanout ; Location          ; Element                         ;
+----------+---------+----+------+--------+-------------------+---------------------------------+
; 10.000   ; 10.000  ;    ;      ;        ;                   ; latch edge time                 ;
; 15.434   ; 5.434   ;    ;      ;        ;                   ; clock path                      ;
;   10.000 ;   0.000 ;    ;      ;        ;                   ; source latency                  ;
;   10.000 ;   0.000 ;    ;      ; 1      ; LABCELL_X1_Y36_N9 ; gpu_clk                         ;
;   10.576 ;   0.576 ; RR ; IC   ; 1      ; CLKCTRL_G2        ; gpu_clk~CLKENA0|inclk           ;
;   10.871 ;   0.295 ; RR ; CELL ; 9078   ; CLKCTRL_G2        ; gpu_clk~CLKENA0|outclk          ;
;   12.743 ;   1.872 ; RR ; IC   ; 1      ; FF_X24_Y32_N47    ; u_dma|crc_pay_r[4]|clk          ;
;   13.250 ;   0.507 ; RR ; CELL ; 1      ; FF_X24_Y32_N47    ; zhao_cmd_dma:u_dma|crc_pay_r[4] ;
;   15.434 ;   2.184 ;    ;      ;        ;                   ; clock pessimism removed         ;
; 15.374   ; -0.060  ;    ;      ;        ;                   ; clock uncertainty               ;
; 15.374   ; 0.000   ;    ; uTsu ; 1      ; FF_X24_Y32_N47    ; zhao_cmd_dma:u_dma|crc_pay_r[4] ;
+----------+---------+----+------+--------+-------------------+---------------------------------+

----------------------------
; Extra Fitter Information ;
----------------------------
HTML report is unavailable in plain text report export.


Path #68: Setup slack is -0.567 (VIOLATED)
===============================================================================
+----------------------------------------------------------------+
; Path Summary                                                   ;
+--------------------+-------------------------------------------+
; Property           ; Value                                     ;
+--------------------+-------------------------------------------+
; From Node          ; zhao_cmd_dma:u_dma|hdr_win[28][5]         ;
; To Node            ; zhao_cmd_dma:u_dma|crc_pay_r[4]~DUPLICATE ;
; Launch Clock       ; gpu_clk                                   ;
; Latch Clock        ; gpu_clk                                   ;
; Data Arrival Time  ; 15.936                                    ;
; Data Required Time ; 15.369                                    ;
; Slack              ; -0.567 (VIOLATED)                         ;
+--------------------+-------------------------------------------+

+------------------------------------------------------------------------------------+
; Statistics                                                                         ;
+------------------------+--------+-------+-------------+------------+-------+-------+
; Property               ; Value  ; Count ; Total Delay ; % of Total ; Min   ; Max   ;
+------------------------+--------+-------+-------------+------------+-------+-------+
; Setup Relationship     ; 10.000 ;       ;             ;            ;       ;       ;
; Clock Skew             ; -0.689 ;       ;             ;            ;       ;       ;
; Data Delay             ; 9.818  ;       ;             ;            ;       ;       ;
; Number of Logic Levels ;        ; 6     ;             ;            ;       ;       ;
; Physical Delays        ;        ;       ;             ;            ;       ;       ;
;  Arrival Path          ;        ;       ;             ;            ;       ;       ;
;   Clock                ;        ;       ;             ;            ;       ;       ;
;    IC                  ;        ; 2     ; 5.207       ; 85         ; 2.473 ; 2.734 ;
;    Cell                ;        ; 2     ; 0.911       ; 15         ; 0.321 ; 0.590 ;
;   Data                 ;        ;       ;             ;            ;       ;       ;
;    IC                  ;        ; 7     ; 6.632       ; 68         ; 0.214 ; 2.064 ;
;    Cell                ;        ; 8     ; 3.186       ; 32         ; 0.000 ; 0.725 ;
;    uTco                ;        ; 1     ; 0.000       ; 0          ; 0.000 ; 0.000 ;
;  Required Path         ;        ;       ;             ;            ;       ;       ;
;   Clock                ;        ;       ;             ;            ;       ;       ;
;    IC                  ;        ; 2     ; 2.448       ; 75         ; 0.576 ; 1.872 ;
;    Cell                ;        ; 2     ; 0.797       ; 25         ; 0.295 ; 0.502 ;
+------------------------+--------+-------+-------------+------------+-------+-------+
Note: Negative delays are omitted from totals when calculating percentages

+-----------------------------------------------------------------------------------------------------------+
; Data Arrival Path                                                                                         ;
+----------+---------+----+------+--------+---------------------+-------------------------------------------+
; Total    ; Incr    ; RF ; Type ; Fanout ; Location            ; Element                                   ;
+----------+---------+----+------+--------+---------------------+-------------------------------------------+
; 0.000    ; 0.000   ;    ;      ;        ;                     ; launch edge time                          ;
; 6.118    ; 6.118   ;    ;      ;        ;                     ; clock path                                ;
;   0.000  ;   0.000 ;    ;      ;        ;                     ; source latency                            ;
;   0.000  ;   0.000 ;    ;      ; 1      ; LABCELL_X1_Y36_N9   ; gpu_clk                                   ;
;   2.734  ;   2.734 ; RR ; IC   ; 1      ; CLKCTRL_G2          ; gpu_clk~CLKENA0|inclk                     ;
;   3.055  ;   0.321 ; RR ; CELL ; 9078   ; CLKCTRL_G2          ; gpu_clk~CLKENA0|outclk                    ;
;   5.528  ;   2.473 ; RR ; IC   ; 1      ; FF_X39_Y39_N35      ; u_dma|hdr_win[28][5]|clk                  ;
;   6.118  ;   0.590 ; RR ; CELL ; 1      ; FF_X39_Y39_N35      ; zhao_cmd_dma:u_dma|hdr_win[28][5]         ;
; 15.936   ; 9.818   ;    ;      ;        ;                     ; data path                                 ;
;   6.118  ;   0.000 ;    ; uTco ; 1      ; FF_X39_Y39_N35      ; zhao_cmd_dma:u_dma|hdr_win[28][5]         ;
;   6.118  ;   0.000 ; FF ; CELL ; 4      ; FF_X39_Y39_N35      ; u_dma|hdr_win[28][5]|q                    ;
;   8.182  ;   2.064 ; FF ; IC   ; 1      ; LABCELL_X27_Y36_N51 ; u_dma|LessThan25~0|datad                  ;
;   8.623  ;   0.441 ; FR ; CELL ; 1      ; LABCELL_X27_Y36_N51 ; u_dma|LessThan25~0|combout                ;
;   8.837  ;   0.214 ; RR ; IC   ; 1      ; LABCELL_X27_Y36_N45 ; u_dma|LessThan25~4|dataa                  ;
;   9.438  ;   0.601 ; RR ; CELL ; 1      ; LABCELL_X27_Y36_N45 ; u_dma|LessThan25~4|combout                ;
;   10.622 ;   1.184 ; RR ; IC   ; 1      ; LABCELL_X35_Y38_N39 ; u_dma|LessThan25~12|datae                 ;
;   10.890 ;   0.268 ; RF ; CELL ; 1      ; LABCELL_X35_Y38_N39 ; u_dma|LessThan25~12|combout               ;
;   11.116 ;   0.226 ; FF ; IC   ; 1      ; LABCELL_X35_Y38_N54 ; u_dma|LessThan25~22|dataf                 ;
;   11.207 ;   0.091 ; FR ; CELL ; 1      ; LABCELL_X35_Y38_N54 ; u_dma|LessThan25~22|combout               ;
;   11.577 ;   0.370 ; RR ; IC   ; 1      ; LABCELL_X36_Y38_N6  ; u_dma|ok_v~5|datac                        ;
;   12.071 ;   0.494 ; RF ; CELL ; 10     ; LABCELL_X36_Y38_N6  ; u_dma|ok_v~5|combout                      ;
;   13.635 ;   1.564 ; FF ; IC   ; 1      ; LABCELL_X24_Y35_N48 ; u_dma|crc_pay_r[14]~0|dataa               ;
;   14.201 ;   0.566 ; FF ; CELL ; 49     ; LABCELL_X24_Y35_N48 ; u_dma|crc_pay_r[14]~0|combout             ;
;   15.211 ;   1.010 ; FF ; IC   ; 1      ; FF_X24_Y32_N46      ; u_dma|crc_pay_r[4]~DUPLICATE|ena          ;
;   15.936 ;   0.725 ; FF ; CELL ; 1      ; FF_X24_Y32_N46      ; zhao_cmd_dma:u_dma|crc_pay_r[4]~DUPLICATE ;
+----------+---------+----+------+--------+---------------------+-------------------------------------------+

+---------------------------------------------------------------------------------------------------------+
; Data Required Path                                                                                      ;
+----------+---------+----+------+--------+-------------------+-------------------------------------------+
; Total    ; Incr    ; RF ; Type ; Fanout ; Location          ; Element                                   ;
+----------+---------+----+------+--------+-------------------+-------------------------------------------+
; 10.000   ; 10.000  ;    ;      ;        ;                   ; latch edge time                           ;
; 15.429   ; 5.429   ;    ;      ;        ;                   ; clock path                                ;
;   10.000 ;   0.000 ;    ;      ;        ;                   ; source latency                            ;
;   10.000 ;   0.000 ;    ;      ; 1      ; LABCELL_X1_Y36_N9 ; gpu_clk                                   ;
;   10.576 ;   0.576 ; RR ; IC   ; 1      ; CLKCTRL_G2        ; gpu_clk~CLKENA0|inclk                     ;
;   10.871 ;   0.295 ; RR ; CELL ; 9078   ; CLKCTRL_G2        ; gpu_clk~CLKENA0|outclk                    ;
;   12.743 ;   1.872 ; RR ; IC   ; 1      ; FF_X24_Y32_N46    ; u_dma|crc_pay_r[4]~DUPLICATE|clk          ;
;   13.245 ;   0.502 ; RR ; CELL ; 1      ; FF_X24_Y32_N46    ; zhao_cmd_dma:u_dma|crc_pay_r[4]~DUPLICATE ;
;   15.429 ;   2.184 ;    ;      ;        ;                   ; clock pessimism removed                   ;
; 15.369   ; -0.060  ;    ;      ;        ;                   ; clock uncertainty                         ;
; 15.369   ; 0.000   ;    ; uTsu ; 1      ; FF_X24_Y32_N46    ; zhao_cmd_dma:u_dma|crc_pay_r[4]~DUPLICATE ;
+----------+---------+----+------+--------+-------------------+-------------------------------------------+

----------------------------
; Extra Fitter Information ;
----------------------------
HTML report is unavailable in plain text report export.


Path #69: Setup slack is -0.551 (VIOLATED)
===============================================================================
+--------------------------------------------------------+
; Path Summary                                           ;
+--------------------+-----------------------------------+
; Property           ; Value                             ;
+--------------------+-----------------------------------+
; From Node          ; zhao_cmd_dma:u_dma|hdr_win[28][5] ;
; To Node            ; zhao_cmd_dma:u_dma|crc_pay_r[29]  ;
; Launch Clock       ; gpu_clk                           ;
; Latch Clock        ; gpu_clk                           ;
; Data Arrival Time  ; 15.915                            ;
; Data Required Time ; 15.364                            ;
; Slack              ; -0.551 (VIOLATED)                 ;
+--------------------+-----------------------------------+

+------------------------------------------------------------------------------------+
; Statistics                                                                         ;
+------------------------+--------+-------+-------------+------------+-------+-------+
; Property               ; Value  ; Count ; Total Delay ; % of Total ; Min   ; Max   ;
+------------------------+--------+-------+-------------+------------+-------+-------+
; Setup Relationship     ; 10.000 ;       ;             ;            ;       ;       ;
; Clock Skew             ; -0.694 ;       ;             ;            ;       ;       ;
; Data Delay             ; 9.797  ;       ;             ;            ;       ;       ;
; Number of Logic Levels ;        ; 6     ;             ;            ;       ;       ;
; Physical Delays        ;        ;       ;             ;            ;       ;       ;
;  Arrival Path          ;        ;       ;             ;            ;       ;       ;
;   Clock                ;        ;       ;             ;            ;       ;       ;
;    IC                  ;        ; 2     ; 5.207       ; 85         ; 2.473 ; 2.734 ;
;    Cell                ;        ; 2     ; 0.911       ; 15         ; 0.321 ; 0.590 ;
;   Data                 ;        ;       ;             ;            ;       ;       ;
;    IC                  ;        ; 7     ; 6.610       ; 67         ; 0.214 ; 2.064 ;
;    Cell                ;        ; 8     ; 3.187       ; 33         ; 0.000 ; 0.726 ;
;    uTco                ;        ; 1     ; 0.000       ; 0          ; 0.000 ; 0.000 ;
;  Required Path         ;        ;       ;             ;            ;       ;       ;
;   Clock                ;        ;       ;             ;            ;       ;       ;
;    IC                  ;        ; 2     ; 2.450       ; 76         ; 0.576 ; 1.874 ;
;    Cell                ;        ; 2     ; 0.790       ; 24         ; 0.295 ; 0.495 ;
+------------------------+--------+-------+-------------+------------+-------+-------+
Note: Negative delays are omitted from totals when calculating percentages

+---------------------------------------------------------------------------------------------------+
; Data Arrival Path                                                                                 ;
+----------+---------+----+------+--------+---------------------+-----------------------------------+
; Total    ; Incr    ; RF ; Type ; Fanout ; Location            ; Element                           ;
+----------+---------+----+------+--------+---------------------+-----------------------------------+
; 0.000    ; 0.000   ;    ;      ;        ;                     ; launch edge time                  ;
; 6.118    ; 6.118   ;    ;      ;        ;                     ; clock path                        ;
;   0.000  ;   0.000 ;    ;      ;        ;                     ; source latency                    ;
;   0.000  ;   0.000 ;    ;      ; 1      ; LABCELL_X1_Y36_N9   ; gpu_clk                           ;
;   2.734  ;   2.734 ; RR ; IC   ; 1      ; CLKCTRL_G2          ; gpu_clk~CLKENA0|inclk             ;
;   3.055  ;   0.321 ; RR ; CELL ; 9078   ; CLKCTRL_G2          ; gpu_clk~CLKENA0|outclk            ;
;   5.528  ;   2.473 ; RR ; IC   ; 1      ; FF_X39_Y39_N35      ; u_dma|hdr_win[28][5]|clk          ;
;   6.118  ;   0.590 ; RR ; CELL ; 1      ; FF_X39_Y39_N35      ; zhao_cmd_dma:u_dma|hdr_win[28][5] ;
; 15.915   ; 9.797   ;    ;      ;        ;                     ; data path                         ;
;   6.118  ;   0.000 ;    ; uTco ; 1      ; FF_X39_Y39_N35      ; zhao_cmd_dma:u_dma|hdr_win[28][5] ;
;   6.118  ;   0.000 ; FF ; CELL ; 4      ; FF_X39_Y39_N35      ; u_dma|hdr_win[28][5]|q            ;
;   8.182  ;   2.064 ; FF ; IC   ; 1      ; LABCELL_X27_Y36_N51 ; u_dma|LessThan25~0|datad          ;
;   8.623  ;   0.441 ; FR ; CELL ; 1      ; LABCELL_X27_Y36_N51 ; u_dma|LessThan25~0|combout        ;
;   8.837  ;   0.214 ; RR ; IC   ; 1      ; LABCELL_X27_Y36_N45 ; u_dma|LessThan25~4|dataa          ;
;   9.438  ;   0.601 ; RR ; CELL ; 1      ; LABCELL_X27_Y36_N45 ; u_dma|LessThan25~4|combout        ;
;   10.622 ;   1.184 ; RR ; IC   ; 1      ; LABCELL_X35_Y38_N39 ; u_dma|LessThan25~12|datae         ;
;   10.890 ;   0.268 ; RF ; CELL ; 1      ; LABCELL_X35_Y38_N39 ; u_dma|LessThan25~12|combout       ;
;   11.116 ;   0.226 ; FF ; IC   ; 1      ; LABCELL_X35_Y38_N54 ; u_dma|LessThan25~22|dataf         ;
;   11.207 ;   0.091 ; FR ; CELL ; 1      ; LABCELL_X35_Y38_N54 ; u_dma|LessThan25~22|combout       ;
;   11.577 ;   0.370 ; RR ; IC   ; 1      ; LABCELL_X36_Y38_N6  ; u_dma|ok_v~5|datac                ;
;   12.071 ;   0.494 ; RF ; CELL ; 10     ; LABCELL_X36_Y38_N6  ; u_dma|ok_v~5|combout              ;
;   13.635 ;   1.564 ; FF ; IC   ; 1      ; LABCELL_X24_Y35_N48 ; u_dma|crc_pay_r[14]~0|dataa       ;
;   14.201 ;   0.566 ; FF ; CELL ; 49     ; LABCELL_X24_Y35_N48 ; u_dma|crc_pay_r[14]~0|combout     ;
;   15.189 ;   0.988 ; FF ; IC   ; 1      ; FF_X21_Y34_N19      ; u_dma|crc_pay_r[29]|ena           ;
;   15.915 ;   0.726 ; FF ; CELL ; 1      ; FF_X21_Y34_N19      ; zhao_cmd_dma:u_dma|crc_pay_r[29]  ;
+----------+---------+----+------+--------+---------------------+-----------------------------------+

+------------------------------------------------------------------------------------------------+
; Data Required Path                                                                             ;
+----------+---------+----+------+--------+-------------------+----------------------------------+
; Total    ; Incr    ; RF ; Type ; Fanout ; Location          ; Element                          ;
+----------+---------+----+------+--------+-------------------+----------------------------------+
; 10.000   ; 10.000  ;    ;      ;        ;                   ; latch edge time                  ;
; 15.424   ; 5.424   ;    ;      ;        ;                   ; clock path                       ;
;   10.000 ;   0.000 ;    ;      ;        ;                   ; source latency                   ;
;   10.000 ;   0.000 ;    ;      ; 1      ; LABCELL_X1_Y36_N9 ; gpu_clk                          ;
;   10.576 ;   0.576 ; RR ; IC   ; 1      ; CLKCTRL_G2        ; gpu_clk~CLKENA0|inclk            ;
;   10.871 ;   0.295 ; RR ; CELL ; 9078   ; CLKCTRL_G2        ; gpu_clk~CLKENA0|outclk           ;
;   12.745 ;   1.874 ; RR ; IC   ; 1      ; FF_X21_Y34_N19    ; u_dma|crc_pay_r[29]|clk          ;
;   13.240 ;   0.495 ; RR ; CELL ; 1      ; FF_X21_Y34_N19    ; zhao_cmd_dma:u_dma|crc_pay_r[29] ;
;   15.424 ;   2.184 ;    ;      ;        ;                   ; clock pessimism removed          ;
; 15.364   ; -0.060  ;    ;      ;        ;                   ; clock uncertainty                ;
; 15.364   ; 0.000   ;    ; uTsu ; 1      ; FF_X21_Y34_N19    ; zhao_cmd_dma:u_dma|crc_pay_r[29] ;
+----------+---------+----+------+--------+-------------------+----------------------------------+

----------------------------
; Extra Fitter Information ;
----------------------------
HTML report is unavailable in plain text report export.


Path #70: Setup slack is -0.549 (VIOLATED)
===============================================================================
+----------------------------------------+
; Path Summary                           ;
+--------------------+-------------------+
; Property           ; Value             ;
+--------------------+-------------------+
; From Node          ; f_pos[1]          ;
; To Node            ; recq[2][71]       ;
; Launch Clock       ; gpu_clk           ;
; Latch Clock        ; gpu_clk           ;
; Data Arrival Time  ; 16.408            ;
; Data Required Time ; 15.859            ;
; Slack              ; -0.549 (VIOLATED) ;
+--------------------+-------------------+

+------------------------------------------------------------------------------------+
; Statistics                                                                         ;
+------------------------+--------+-------+-------------+------------+-------+-------+
; Property               ; Value  ; Count ; Total Delay ; % of Total ; Min   ; Max   ;
+------------------------+--------+-------+-------------+------------+-------+-------+
; Setup Relationship     ; 10.000 ;       ;             ;            ;       ;       ;
; Clock Skew             ; -0.156 ;       ;             ;            ;       ;       ;
; Data Delay             ; 10.333 ;       ;             ;            ;       ;       ;
; Number of Logic Levels ;        ; 7     ;             ;            ;       ;       ;
; Physical Delays        ;        ;       ;             ;            ;       ;       ;
;  Arrival Path          ;        ;       ;             ;            ;       ;       ;
;   Clock                ;        ;       ;             ;            ;       ;       ;
;    IC                  ;        ; 2     ; 5.184       ; 85         ; 2.450 ; 2.734 ;
;    Cell                ;        ; 2     ; 0.891       ; 15         ; 0.321 ; 0.570 ;
;   Data                 ;        ;       ;             ;            ;       ;       ;
;    IC                  ;        ; 8     ; 6.290       ; 61         ; 0.218 ; 1.472 ;
;    Cell                ;        ; 9     ; 4.043       ; 39         ; 0.000 ; 0.723 ;
;    uTco                ;        ; 1     ; 0.000       ; 0          ; 0.000 ; 0.000 ;
;  Required Path         ;        ;       ;             ;            ;       ;       ;
;   Clock                ;        ;       ;             ;            ;       ;       ;
;    IC                  ;        ; 2     ; 2.534       ; 76         ; 0.576 ; 1.958 ;
;    Cell                ;        ; 2     ; 0.803       ; 24         ; 0.295 ; 0.508 ;
+------------------------+--------+-------+-------------+------------+-------+-------+
Note: Negative delays are omitted from totals when calculating percentages

+------------------------------------------------------------------------------------------+
; Data Arrival Path                                                                        ;
+----------+---------+----+------+--------+----------------------+-------------------------+
; Total    ; Incr    ; RF ; Type ; Fanout ; Location             ; Element                 ;
+----------+---------+----+------+--------+----------------------+-------------------------+
; 0.000    ; 0.000   ;    ;      ;        ;                      ; launch edge time        ;
; 6.075    ; 6.075   ;    ;      ;        ;                      ; clock path              ;
;   0.000  ;   0.000 ;    ;      ;        ;                      ; source latency          ;
;   0.000  ;   0.000 ;    ;      ; 1      ; LABCELL_X1_Y36_N9    ; gpu_clk                 ;
;   2.734  ;   2.734 ; RR ; IC   ; 1      ; CLKCTRL_G2           ; gpu_clk~CLKENA0|inclk   ;
;   3.055  ;   0.321 ; RR ; CELL ; 9078   ; CLKCTRL_G2           ; gpu_clk~CLKENA0|outclk  ;
;   5.505  ;   2.450 ; RR ; IC   ; 1      ; FF_X35_Y47_N5        ; f_pos[1]|clk            ;
;   6.075  ;   0.570 ; RR ; CELL ; 1      ; FF_X35_Y47_N5        ; f_pos[1]                ;
; 16.408   ; 10.333  ;    ;      ;        ;                      ; data path               ;
;   6.075  ;   0.000 ;    ; uTco ; 1      ; FF_X35_Y47_N5        ; f_pos[1]                ;
;   6.075  ;   0.000 ; RR ; CELL ; 2      ; FF_X35_Y47_N5        ; f_pos[1]|q              ;
;   7.245  ;   1.170 ; RR ; IC   ; 1      ; LABCELL_X33_Y45_N27  ; LessThan5~4|datad       ;
;   7.738  ;   0.493 ; RF ; CELL ; 1      ; LABCELL_X33_Y45_N27  ; LessThan5~4|combout     ;
;   8.344  ;   0.606 ; FF ; IC   ; 1      ; MLABCELL_X34_Y45_N0  ; LessThan5~5|dataa       ;
;   8.898  ;   0.554 ; FF ; CELL ; 2      ; MLABCELL_X34_Y45_N0  ; LessThan5~5|combout     ;
;   9.450  ;   0.552 ; FF ; IC   ; 1      ; LABCELL_X33_Y45_N54  ; LessThan5~30|dataa      ;
;   9.990  ;   0.540 ; FR ; CELL ; 1      ; LABCELL_X33_Y45_N54  ; LessThan5~30|combout    ;
;   10.560 ;   0.570 ; RR ; IC   ; 1      ; MLABCELL_X34_Y45_N42 ; LessThan5~31|datae      ;
;   10.861 ;   0.301 ; RF ; CELL ; 1      ; MLABCELL_X34_Y45_N42 ; LessThan5~31|combout    ;
;   11.079 ;   0.218 ; FF ; IC   ; 1      ; MLABCELL_X34_Y45_N54 ; LessThan5~33|datad      ;
;   11.649 ;   0.570 ; FF ; CELL ; 1      ; MLABCELL_X34_Y45_N54 ; LessThan5~33|combout    ;
;   12.398 ;   0.749 ; FF ; IC   ; 1      ; MLABCELL_X34_Y46_N0  ; in_rec_region~0|dataa   ;
;   12.960 ;   0.562 ; FF ; CELL ; 14     ; MLABCELL_X34_Y46_N0  ; in_rec_region~0|combout ;
;   13.913 ;   0.953 ; FF ; IC   ; 1      ; LABCELL_X33_Y48_N9   ; recq[2][132]~5|datae    ;
;   14.213 ;   0.300 ; FF ; CELL ; 136    ; LABCELL_X33_Y48_N9   ; recq[2][132]~5|combout  ;
;   15.685 ;   1.472 ; FF ; IC   ; 1      ; FF_X33_Y54_N14       ; recq[2][71]|ena         ;
;   16.408 ;   0.723 ; FF ; CELL ; 1      ; FF_X33_Y54_N14       ; recq[2][71]             ;
+----------+---------+----+------+--------+----------------------+-------------------------+

+---------------------------------------------------------------------------------------+
; Data Required Path                                                                    ;
+----------+---------+----+------+--------+-------------------+-------------------------+
; Total    ; Incr    ; RF ; Type ; Fanout ; Location          ; Element                 ;
+----------+---------+----+------+--------+-------------------+-------------------------+
; 10.000   ; 10.000  ;    ;      ;        ;                   ; latch edge time         ;
; 15.919   ; 5.919   ;    ;      ;        ;                   ; clock path              ;
;   10.000 ;   0.000 ;    ;      ;        ;                   ; source latency          ;
;   10.000 ;   0.000 ;    ;      ; 1      ; LABCELL_X1_Y36_N9 ; gpu_clk                 ;
;   10.576 ;   0.576 ; RR ; IC   ; 1      ; CLKCTRL_G2        ; gpu_clk~CLKENA0|inclk   ;
;   10.871 ;   0.295 ; RR ; CELL ; 9078   ; CLKCTRL_G2        ; gpu_clk~CLKENA0|outclk  ;
;   12.829 ;   1.958 ; RR ; IC   ; 1      ; FF_X33_Y54_N14    ; recq[2][71]|clk         ;
;   13.337 ;   0.508 ; RR ; CELL ; 1      ; FF_X33_Y54_N14    ; recq[2][71]             ;
;   15.919 ;   2.582 ;    ;      ;        ;                   ; clock pessimism removed ;
; 15.859   ; -0.060  ;    ;      ;        ;                   ; clock uncertainty       ;
; 15.859   ; 0.000   ;    ; uTsu ; 1      ; FF_X33_Y54_N14    ; recq[2][71]             ;
+----------+---------+----+------+--------+-------------------+-------------------------+

----------------------------
; Extra Fitter Information ;
----------------------------
HTML report is unavailable in plain text report export.


Path #71: Setup slack is -0.549 (VIOLATED)
===============================================================================
+----------------------------------------+
; Path Summary                           ;
+--------------------+-------------------+
; Property           ; Value             ;
+--------------------+-------------------+
; From Node          ; f_pos[1]          ;
; To Node            ; recq[2][66]       ;
; Launch Clock       ; gpu_clk           ;
; Latch Clock        ; gpu_clk           ;
; Data Arrival Time  ; 16.412            ;
; Data Required Time ; 15.863            ;
; Slack              ; -0.549 (VIOLATED) ;
+--------------------+-------------------+

+------------------------------------------------------------------------------------+
; Statistics                                                                         ;
+------------------------+--------+-------+-------------+------------+-------+-------+
; Property               ; Value  ; Count ; Total Delay ; % of Total ; Min   ; Max   ;
+------------------------+--------+-------+-------------+------------+-------+-------+
; Setup Relationship     ; 10.000 ;       ;             ;            ;       ;       ;
; Clock Skew             ; -0.152 ;       ;             ;            ;       ;       ;
; Data Delay             ; 10.337 ;       ;             ;            ;       ;       ;
; Number of Logic Levels ;        ; 7     ;             ;            ;       ;       ;
; Physical Delays        ;        ;       ;             ;            ;       ;       ;
;  Arrival Path          ;        ;       ;             ;            ;       ;       ;
;   Clock                ;        ;       ;             ;            ;       ;       ;
;    IC                  ;        ; 2     ; 5.184       ; 85         ; 2.450 ; 2.734 ;
;    Cell                ;        ; 2     ; 0.891       ; 15         ; 0.321 ; 0.570 ;
;   Data                 ;        ;       ;             ;            ;       ;       ;
;    IC                  ;        ; 8     ; 6.290       ; 61         ; 0.218 ; 1.472 ;
;    Cell                ;        ; 9     ; 4.047       ; 39         ; 0.000 ; 0.727 ;
;    uTco                ;        ; 1     ; 0.000       ; 0          ; 0.000 ; 0.000 ;
;  Required Path         ;        ;       ;             ;            ;       ;       ;
;   Clock                ;        ;       ;             ;            ;       ;       ;
;    IC                  ;        ; 2     ; 2.534       ; 76         ; 0.576 ; 1.958 ;
;    Cell                ;        ; 2     ; 0.807       ; 24         ; 0.295 ; 0.512 ;
+------------------------+--------+-------+-------------+------------+-------+-------+
Note: Negative delays are omitted from totals when calculating percentages

+------------------------------------------------------------------------------------------+
; Data Arrival Path                                                                        ;
+----------+---------+----+------+--------+----------------------+-------------------------+
; Total    ; Incr    ; RF ; Type ; Fanout ; Location             ; Element                 ;
+----------+---------+----+------+--------+----------------------+-------------------------+
; 0.000    ; 0.000   ;    ;      ;        ;                      ; launch edge time        ;
; 6.075    ; 6.075   ;    ;      ;        ;                      ; clock path              ;
;   0.000  ;   0.000 ;    ;      ;        ;                      ; source latency          ;
;   0.000  ;   0.000 ;    ;      ; 1      ; LABCELL_X1_Y36_N9    ; gpu_clk                 ;
;   2.734  ;   2.734 ; RR ; IC   ; 1      ; CLKCTRL_G2           ; gpu_clk~CLKENA0|inclk   ;
;   3.055  ;   0.321 ; RR ; CELL ; 9078   ; CLKCTRL_G2           ; gpu_clk~CLKENA0|outclk  ;
;   5.505  ;   2.450 ; RR ; IC   ; 1      ; FF_X35_Y47_N5        ; f_pos[1]|clk            ;
;   6.075  ;   0.570 ; RR ; CELL ; 1      ; FF_X35_Y47_N5        ; f_pos[1]                ;
; 16.412   ; 10.337  ;    ;      ;        ;                      ; data path               ;
;   6.075  ;   0.000 ;    ; uTco ; 1      ; FF_X35_Y47_N5        ; f_pos[1]                ;
;   6.075  ;   0.000 ; RR ; CELL ; 2      ; FF_X35_Y47_N5        ; f_pos[1]|q              ;
;   7.245  ;   1.170 ; RR ; IC   ; 1      ; LABCELL_X33_Y45_N27  ; LessThan5~4|datad       ;
;   7.738  ;   0.493 ; RF ; CELL ; 1      ; LABCELL_X33_Y45_N27  ; LessThan5~4|combout     ;
;   8.344  ;   0.606 ; FF ; IC   ; 1      ; MLABCELL_X34_Y45_N0  ; LessThan5~5|dataa       ;
;   8.898  ;   0.554 ; FF ; CELL ; 2      ; MLABCELL_X34_Y45_N0  ; LessThan5~5|combout     ;
;   9.450  ;   0.552 ; FF ; IC   ; 1      ; LABCELL_X33_Y45_N54  ; LessThan5~30|dataa      ;
;   9.990  ;   0.540 ; FR ; CELL ; 1      ; LABCELL_X33_Y45_N54  ; LessThan5~30|combout    ;
;   10.560 ;   0.570 ; RR ; IC   ; 1      ; MLABCELL_X34_Y45_N42 ; LessThan5~31|datae      ;
;   10.861 ;   0.301 ; RF ; CELL ; 1      ; MLABCELL_X34_Y45_N42 ; LessThan5~31|combout    ;
;   11.079 ;   0.218 ; FF ; IC   ; 1      ; MLABCELL_X34_Y45_N54 ; LessThan5~33|datad      ;
;   11.649 ;   0.570 ; FF ; CELL ; 1      ; MLABCELL_X34_Y45_N54 ; LessThan5~33|combout    ;
;   12.398 ;   0.749 ; FF ; IC   ; 1      ; MLABCELL_X34_Y46_N0  ; in_rec_region~0|dataa   ;
;   12.960 ;   0.562 ; FF ; CELL ; 14     ; MLABCELL_X34_Y46_N0  ; in_rec_region~0|combout ;
;   13.913 ;   0.953 ; FF ; IC   ; 1      ; LABCELL_X33_Y48_N9   ; recq[2][132]~5|datae    ;
;   14.213 ;   0.300 ; FF ; CELL ; 136    ; LABCELL_X33_Y48_N9   ; recq[2][132]~5|combout  ;
;   15.685 ;   1.472 ; FF ; IC   ; 1      ; FF_X33_Y54_N19       ; recq[2][66]|ena         ;
;   16.412 ;   0.727 ; FF ; CELL ; 1      ; FF_X33_Y54_N19       ; recq[2][66]             ;
+----------+---------+----+------+--------+----------------------+-------------------------+

+---------------------------------------------------------------------------------------+
; Data Required Path                                                                    ;
+----------+---------+----+------+--------+-------------------+-------------------------+
; Total    ; Incr    ; RF ; Type ; Fanout ; Location          ; Element                 ;
+----------+---------+----+------+--------+-------------------+-------------------------+
; 10.000   ; 10.000  ;    ;      ;        ;                   ; latch edge time         ;
; 15.923   ; 5.923   ;    ;      ;        ;                   ; clock path              ;
;   10.000 ;   0.000 ;    ;      ;        ;                   ; source latency          ;
;   10.000 ;   0.000 ;    ;      ; 1      ; LABCELL_X1_Y36_N9 ; gpu_clk                 ;
;   10.576 ;   0.576 ; RR ; IC   ; 1      ; CLKCTRL_G2        ; gpu_clk~CLKENA0|inclk   ;
;   10.871 ;   0.295 ; RR ; CELL ; 9078   ; CLKCTRL_G2        ; gpu_clk~CLKENA0|outclk  ;
;   12.829 ;   1.958 ; RR ; IC   ; 1      ; FF_X33_Y54_N19    ; recq[2][66]|clk         ;
;   13.341 ;   0.512 ; RR ; CELL ; 1      ; FF_X33_Y54_N19    ; recq[2][66]             ;
;   15.923 ;   2.582 ;    ;      ;        ;                   ; clock pessimism removed ;
; 15.863   ; -0.060  ;    ;      ;        ;                   ; clock uncertainty       ;
; 15.863   ; 0.000   ;    ; uTsu ; 1      ; FF_X33_Y54_N19    ; recq[2][66]             ;
+----------+---------+----+------+--------+-------------------+-------------------------+

----------------------------
; Extra Fitter Information ;
----------------------------
HTML report is unavailable in plain text report export.


Path #72: Setup slack is -0.549 (VIOLATED)
===============================================================================
+----------------------------------------+
; Path Summary                           ;
+--------------------+-------------------+
; Property           ; Value             ;
+--------------------+-------------------+
; From Node          ; f_pos[1]          ;
; To Node            ; recq[2][64]       ;
; Launch Clock       ; gpu_clk           ;
; Latch Clock        ; gpu_clk           ;
; Data Arrival Time  ; 16.408            ;
; Data Required Time ; 15.859            ;
; Slack              ; -0.549 (VIOLATED) ;
+--------------------+-------------------+

+------------------------------------------------------------------------------------+
; Statistics                                                                         ;
+------------------------+--------+-------+-------------+------------+-------+-------+
; Property               ; Value  ; Count ; Total Delay ; % of Total ; Min   ; Max   ;
+------------------------+--------+-------+-------------+------------+-------+-------+
; Setup Relationship     ; 10.000 ;       ;             ;            ;       ;       ;
; Clock Skew             ; -0.156 ;       ;             ;            ;       ;       ;
; Data Delay             ; 10.333 ;       ;             ;            ;       ;       ;
; Number of Logic Levels ;        ; 7     ;             ;            ;       ;       ;
; Physical Delays        ;        ;       ;             ;            ;       ;       ;
;  Arrival Path          ;        ;       ;             ;            ;       ;       ;
;   Clock                ;        ;       ;             ;            ;       ;       ;
;    IC                  ;        ; 2     ; 5.184       ; 85         ; 2.450 ; 2.734 ;
;    Cell                ;        ; 2     ; 0.891       ; 15         ; 0.321 ; 0.570 ;
;   Data                 ;        ;       ;             ;            ;       ;       ;
;    IC                  ;        ; 8     ; 6.290       ; 61         ; 0.218 ; 1.472 ;
;    Cell                ;        ; 9     ; 4.043       ; 39         ; 0.000 ; 0.723 ;
;    uTco                ;        ; 1     ; 0.000       ; 0          ; 0.000 ; 0.000 ;
;  Required Path         ;        ;       ;             ;            ;       ;       ;
;   Clock                ;        ;       ;             ;            ;       ;       ;
;    IC                  ;        ; 2     ; 2.534       ; 76         ; 0.576 ; 1.958 ;
;    Cell                ;        ; 2     ; 0.803       ; 24         ; 0.295 ; 0.508 ;
+------------------------+--------+-------+-------------+------------+-------+-------+
Note: Negative delays are omitted from totals when calculating percentages

+------------------------------------------------------------------------------------------+
; Data Arrival Path                                                                        ;
+----------+---------+----+------+--------+----------------------+-------------------------+
; Total    ; Incr    ; RF ; Type ; Fanout ; Location             ; Element                 ;
+----------+---------+----+------+--------+----------------------+-------------------------+
; 0.000    ; 0.000   ;    ;      ;        ;                      ; launch edge time        ;
; 6.075    ; 6.075   ;    ;      ;        ;                      ; clock path              ;
;   0.000  ;   0.000 ;    ;      ;        ;                      ; source latency          ;
;   0.000  ;   0.000 ;    ;      ; 1      ; LABCELL_X1_Y36_N9    ; gpu_clk                 ;
;   2.734  ;   2.734 ; RR ; IC   ; 1      ; CLKCTRL_G2           ; gpu_clk~CLKENA0|inclk   ;
;   3.055  ;   0.321 ; RR ; CELL ; 9078   ; CLKCTRL_G2           ; gpu_clk~CLKENA0|outclk  ;
;   5.505  ;   2.450 ; RR ; IC   ; 1      ; FF_X35_Y47_N5        ; f_pos[1]|clk            ;
;   6.075  ;   0.570 ; RR ; CELL ; 1      ; FF_X35_Y47_N5        ; f_pos[1]                ;
; 16.408   ; 10.333  ;    ;      ;        ;                      ; data path               ;
;   6.075  ;   0.000 ;    ; uTco ; 1      ; FF_X35_Y47_N5        ; f_pos[1]                ;
;   6.075  ;   0.000 ; RR ; CELL ; 2      ; FF_X35_Y47_N5        ; f_pos[1]|q              ;
;   7.245  ;   1.170 ; RR ; IC   ; 1      ; LABCELL_X33_Y45_N27  ; LessThan5~4|datad       ;
;   7.738  ;   0.493 ; RF ; CELL ; 1      ; LABCELL_X33_Y45_N27  ; LessThan5~4|combout     ;
;   8.344  ;   0.606 ; FF ; IC   ; 1      ; MLABCELL_X34_Y45_N0  ; LessThan5~5|dataa       ;
;   8.898  ;   0.554 ; FF ; CELL ; 2      ; MLABCELL_X34_Y45_N0  ; LessThan5~5|combout     ;
;   9.450  ;   0.552 ; FF ; IC   ; 1      ; LABCELL_X33_Y45_N54  ; LessThan5~30|dataa      ;
;   9.990  ;   0.540 ; FR ; CELL ; 1      ; LABCELL_X33_Y45_N54  ; LessThan5~30|combout    ;
;   10.560 ;   0.570 ; RR ; IC   ; 1      ; MLABCELL_X34_Y45_N42 ; LessThan5~31|datae      ;
;   10.861 ;   0.301 ; RF ; CELL ; 1      ; MLABCELL_X34_Y45_N42 ; LessThan5~31|combout    ;
;   11.079 ;   0.218 ; FF ; IC   ; 1      ; MLABCELL_X34_Y45_N54 ; LessThan5~33|datad      ;
;   11.649 ;   0.570 ; FF ; CELL ; 1      ; MLABCELL_X34_Y45_N54 ; LessThan5~33|combout    ;
;   12.398 ;   0.749 ; FF ; IC   ; 1      ; MLABCELL_X34_Y46_N0  ; in_rec_region~0|dataa   ;
;   12.960 ;   0.562 ; FF ; CELL ; 14     ; MLABCELL_X34_Y46_N0  ; in_rec_region~0|combout ;
;   13.913 ;   0.953 ; FF ; IC   ; 1      ; LABCELL_X33_Y48_N9   ; recq[2][132]~5|datae    ;
;   14.213 ;   0.300 ; FF ; CELL ; 136    ; LABCELL_X33_Y48_N9   ; recq[2][132]~5|combout  ;
;   15.685 ;   1.472 ; FF ; IC   ; 1      ; FF_X33_Y54_N56       ; recq[2][64]|ena         ;
;   16.408 ;   0.723 ; FF ; CELL ; 1      ; FF_X33_Y54_N56       ; recq[2][64]             ;
+----------+---------+----+------+--------+----------------------+-------------------------+

+---------------------------------------------------------------------------------------+
; Data Required Path                                                                    ;
+----------+---------+----+------+--------+-------------------+-------------------------+
; Total    ; Incr    ; RF ; Type ; Fanout ; Location          ; Element                 ;
+----------+---------+----+------+--------+-------------------+-------------------------+
; 10.000   ; 10.000  ;    ;      ;        ;                   ; latch edge time         ;
; 15.919   ; 5.919   ;    ;      ;        ;                   ; clock path              ;
;   10.000 ;   0.000 ;    ;      ;        ;                   ; source latency          ;
;   10.000 ;   0.000 ;    ;      ; 1      ; LABCELL_X1_Y36_N9 ; gpu_clk                 ;
;   10.576 ;   0.576 ; RR ; IC   ; 1      ; CLKCTRL_G2        ; gpu_clk~CLKENA0|inclk   ;
;   10.871 ;   0.295 ; RR ; CELL ; 9078   ; CLKCTRL_G2        ; gpu_clk~CLKENA0|outclk  ;
;   12.829 ;   1.958 ; RR ; IC   ; 1      ; FF_X33_Y54_N56    ; recq[2][64]|clk         ;
;   13.337 ;   0.508 ; RR ; CELL ; 1      ; FF_X33_Y54_N56    ; recq[2][64]             ;
;   15.919 ;   2.582 ;    ;      ;        ;                   ; clock pessimism removed ;
; 15.859   ; -0.060  ;    ;      ;        ;                   ; clock uncertainty       ;
; 15.859   ; 0.000   ;    ; uTsu ; 1      ; FF_X33_Y54_N56    ; recq[2][64]             ;
+----------+---------+----+------+--------+-------------------+-------------------------+

----------------------------
; Extra Fitter Information ;
----------------------------
HTML report is unavailable in plain text report export.


Path #73: Setup slack is -0.539 (VIOLATED)
===============================================================================
+----------------------------------------+
; Path Summary                           ;
+--------------------+-------------------+
; Property           ; Value             ;
+--------------------+-------------------+
; From Node          ; f_pos[1]          ;
; To Node            ; recq[2][82]       ;
; Launch Clock       ; gpu_clk           ;
; Latch Clock        ; gpu_clk           ;
; Data Arrival Time  ; 16.406            ;
; Data Required Time ; 15.867            ;
; Slack              ; -0.539 (VIOLATED) ;
+--------------------+-------------------+

+------------------------------------------------------------------------------------+
; Statistics                                                                         ;
+------------------------+--------+-------+-------------+------------+-------+-------+
; Property               ; Value  ; Count ; Total Delay ; % of Total ; Min   ; Max   ;
+------------------------+--------+-------+-------------+------------+-------+-------+
; Setup Relationship     ; 10.000 ;       ;             ;            ;       ;       ;
; Clock Skew             ; -0.148 ;       ;             ;            ;       ;       ;
; Data Delay             ; 10.331 ;       ;             ;            ;       ;       ;
; Number of Logic Levels ;        ; 7     ;             ;            ;       ;       ;
; Physical Delays        ;        ;       ;             ;            ;       ;       ;
;  Arrival Path          ;        ;       ;             ;            ;       ;       ;
;   Clock                ;        ;       ;             ;            ;       ;       ;
;    IC                  ;        ; 2     ; 5.184       ; 85         ; 2.450 ; 2.734 ;
;    Cell                ;        ; 2     ; 0.891       ; 15         ; 0.321 ; 0.570 ;
;   Data                 ;        ;       ;             ;            ;       ;       ;
;    IC                  ;        ; 8     ; 6.282       ; 61         ; 0.218 ; 1.464 ;
;    Cell                ;        ; 9     ; 4.049       ; 39         ; 0.000 ; 0.729 ;
;    uTco                ;        ; 1     ; 0.000       ; 0          ; 0.000 ; 0.000 ;
;  Required Path         ;        ;       ;             ;            ;       ;       ;
;   Clock                ;        ;       ;             ;            ;       ;       ;
;    IC                  ;        ; 2     ; 2.537       ; 76         ; 0.576 ; 1.961 ;
;    Cell                ;        ; 2     ; 0.808       ; 24         ; 0.295 ; 0.513 ;
+------------------------+--------+-------+-------------+------------+-------+-------+
Note: Negative delays are omitted from totals when calculating percentages

+------------------------------------------------------------------------------------------+
; Data Arrival Path                                                                        ;
+----------+---------+----+------+--------+----------------------+-------------------------+
; Total    ; Incr    ; RF ; Type ; Fanout ; Location             ; Element                 ;
+----------+---------+----+------+--------+----------------------+-------------------------+
; 0.000    ; 0.000   ;    ;      ;        ;                      ; launch edge time        ;
; 6.075    ; 6.075   ;    ;      ;        ;                      ; clock path              ;
;   0.000  ;   0.000 ;    ;      ;        ;                      ; source latency          ;
;   0.000  ;   0.000 ;    ;      ; 1      ; LABCELL_X1_Y36_N9    ; gpu_clk                 ;
;   2.734  ;   2.734 ; RR ; IC   ; 1      ; CLKCTRL_G2           ; gpu_clk~CLKENA0|inclk   ;
;   3.055  ;   0.321 ; RR ; CELL ; 9078   ; CLKCTRL_G2           ; gpu_clk~CLKENA0|outclk  ;
;   5.505  ;   2.450 ; RR ; IC   ; 1      ; FF_X35_Y47_N5        ; f_pos[1]|clk            ;
;   6.075  ;   0.570 ; RR ; CELL ; 1      ; FF_X35_Y47_N5        ; f_pos[1]                ;
; 16.406   ; 10.331  ;    ;      ;        ;                      ; data path               ;
;   6.075  ;   0.000 ;    ; uTco ; 1      ; FF_X35_Y47_N5        ; f_pos[1]                ;
;   6.075  ;   0.000 ; RR ; CELL ; 2      ; FF_X35_Y47_N5        ; f_pos[1]|q              ;
;   7.245  ;   1.170 ; RR ; IC   ; 1      ; LABCELL_X33_Y45_N27  ; LessThan5~4|datad       ;
;   7.738  ;   0.493 ; RF ; CELL ; 1      ; LABCELL_X33_Y45_N27  ; LessThan5~4|combout     ;
;   8.344  ;   0.606 ; FF ; IC   ; 1      ; MLABCELL_X34_Y45_N0  ; LessThan5~5|dataa       ;
;   8.898  ;   0.554 ; FF ; CELL ; 2      ; MLABCELL_X34_Y45_N0  ; LessThan5~5|combout     ;
;   9.450  ;   0.552 ; FF ; IC   ; 1      ; LABCELL_X33_Y45_N54  ; LessThan5~30|dataa      ;
;   9.990  ;   0.540 ; FR ; CELL ; 1      ; LABCELL_X33_Y45_N54  ; LessThan5~30|combout    ;
;   10.560 ;   0.570 ; RR ; IC   ; 1      ; MLABCELL_X34_Y45_N42 ; LessThan5~31|datae      ;
;   10.861 ;   0.301 ; RF ; CELL ; 1      ; MLABCELL_X34_Y45_N42 ; LessThan5~31|combout    ;
;   11.079 ;   0.218 ; FF ; IC   ; 1      ; MLABCELL_X34_Y45_N54 ; LessThan5~33|datad      ;
;   11.649 ;   0.570 ; FF ; CELL ; 1      ; MLABCELL_X34_Y45_N54 ; LessThan5~33|combout    ;
;   12.398 ;   0.749 ; FF ; IC   ; 1      ; MLABCELL_X34_Y46_N0  ; in_rec_region~0|dataa   ;
;   12.960 ;   0.562 ; FF ; CELL ; 14     ; MLABCELL_X34_Y46_N0  ; in_rec_region~0|combout ;
;   13.913 ;   0.953 ; FF ; IC   ; 1      ; LABCELL_X33_Y48_N9   ; recq[2][132]~5|datae    ;
;   14.213 ;   0.300 ; FF ; CELL ; 136    ; LABCELL_X33_Y48_N9   ; recq[2][132]~5|combout  ;
;   15.677 ;   1.464 ; FF ; IC   ; 1      ; FF_X27_Y52_N35       ; recq[2][82]|ena         ;
;   16.406 ;   0.729 ; FF ; CELL ; 1      ; FF_X27_Y52_N35       ; recq[2][82]             ;
+----------+---------+----+------+--------+----------------------+-------------------------+

+---------------------------------------------------------------------------------------+
; Data Required Path                                                                    ;
+----------+---------+----+------+--------+-------------------+-------------------------+
; Total    ; Incr    ; RF ; Type ; Fanout ; Location          ; Element                 ;
+----------+---------+----+------+--------+-------------------+-------------------------+
; 10.000   ; 10.000  ;    ;      ;        ;                   ; latch edge time         ;
; 15.927   ; 5.927   ;    ;      ;        ;                   ; clock path              ;
;   10.000 ;   0.000 ;    ;      ;        ;                   ; source latency          ;
;   10.000 ;   0.000 ;    ;      ; 1      ; LABCELL_X1_Y36_N9 ; gpu_clk                 ;
;   10.576 ;   0.576 ; RR ; IC   ; 1      ; CLKCTRL_G2        ; gpu_clk~CLKENA0|inclk   ;
;   10.871 ;   0.295 ; RR ; CELL ; 9078   ; CLKCTRL_G2        ; gpu_clk~CLKENA0|outclk  ;
;   12.832 ;   1.961 ; RR ; IC   ; 1      ; FF_X27_Y52_N35    ; recq[2][82]|clk         ;
;   13.345 ;   0.513 ; RR ; CELL ; 1      ; FF_X27_Y52_N35    ; recq[2][82]             ;
;   15.927 ;   2.582 ;    ;      ;        ;                   ; clock pessimism removed ;
; 15.867   ; -0.060  ;    ;      ;        ;                   ; clock uncertainty       ;
; 15.867   ; 0.000   ;    ; uTsu ; 1      ; FF_X27_Y52_N35    ; recq[2][82]             ;
+----------+---------+----+------+--------+-------------------+-------------------------+

----------------------------
; Extra Fitter Information ;
----------------------------
HTML report is unavailable in plain text report export.


Path #74: Setup slack is -0.539 (VIOLATED)
===============================================================================
+----------------------------------------+
; Path Summary                           ;
+--------------------+-------------------+
; Property           ; Value             ;
+--------------------+-------------------+
; From Node          ; f_pos[1]          ;
; To Node            ; recq[2][67]       ;
; Launch Clock       ; gpu_clk           ;
; Latch Clock        ; gpu_clk           ;
; Data Arrival Time  ; 16.406            ;
; Data Required Time ; 15.867            ;
; Slack              ; -0.539 (VIOLATED) ;
+--------------------+-------------------+

+------------------------------------------------------------------------------------+
; Statistics                                                                         ;
+------------------------+--------+-------+-------------+------------+-------+-------+
; Property               ; Value  ; Count ; Total Delay ; % of Total ; Min   ; Max   ;
+------------------------+--------+-------+-------------+------------+-------+-------+
; Setup Relationship     ; 10.000 ;       ;             ;            ;       ;       ;
; Clock Skew             ; -0.148 ;       ;             ;            ;       ;       ;
; Data Delay             ; 10.331 ;       ;             ;            ;       ;       ;
; Number of Logic Levels ;        ; 7     ;             ;            ;       ;       ;
; Physical Delays        ;        ;       ;             ;            ;       ;       ;
;  Arrival Path          ;        ;       ;             ;            ;       ;       ;
;   Clock                ;        ;       ;             ;            ;       ;       ;
;    IC                  ;        ; 2     ; 5.184       ; 85         ; 2.450 ; 2.734 ;
;    Cell                ;        ; 2     ; 0.891       ; 15         ; 0.321 ; 0.570 ;
;   Data                 ;        ;       ;             ;            ;       ;       ;
;    IC                  ;        ; 8     ; 6.282       ; 61         ; 0.218 ; 1.464 ;
;    Cell                ;        ; 9     ; 4.049       ; 39         ; 0.000 ; 0.729 ;
;    uTco                ;        ; 1     ; 0.000       ; 0          ; 0.000 ; 0.000 ;
;  Required Path         ;        ;       ;             ;            ;       ;       ;
;   Clock                ;        ;       ;             ;            ;       ;       ;
;    IC                  ;        ; 2     ; 2.537       ; 76         ; 0.576 ; 1.961 ;
;    Cell                ;        ; 2     ; 0.808       ; 24         ; 0.295 ; 0.513 ;
+------------------------+--------+-------+-------------+------------+-------+-------+
Note: Negative delays are omitted from totals when calculating percentages

+------------------------------------------------------------------------------------------+
; Data Arrival Path                                                                        ;
+----------+---------+----+------+--------+----------------------+-------------------------+
; Total    ; Incr    ; RF ; Type ; Fanout ; Location             ; Element                 ;
+----------+---------+----+------+--------+----------------------+-------------------------+
; 0.000    ; 0.000   ;    ;      ;        ;                      ; launch edge time        ;
; 6.075    ; 6.075   ;    ;      ;        ;                      ; clock path              ;
;   0.000  ;   0.000 ;    ;      ;        ;                      ; source latency          ;
;   0.000  ;   0.000 ;    ;      ; 1      ; LABCELL_X1_Y36_N9    ; gpu_clk                 ;
;   2.734  ;   2.734 ; RR ; IC   ; 1      ; CLKCTRL_G2           ; gpu_clk~CLKENA0|inclk   ;
;   3.055  ;   0.321 ; RR ; CELL ; 9078   ; CLKCTRL_G2           ; gpu_clk~CLKENA0|outclk  ;
;   5.505  ;   2.450 ; RR ; IC   ; 1      ; FF_X35_Y47_N5        ; f_pos[1]|clk            ;
;   6.075  ;   0.570 ; RR ; CELL ; 1      ; FF_X35_Y47_N5        ; f_pos[1]                ;
; 16.406   ; 10.331  ;    ;      ;        ;                      ; data path               ;
;   6.075  ;   0.000 ;    ; uTco ; 1      ; FF_X35_Y47_N5        ; f_pos[1]                ;
;   6.075  ;   0.000 ; RR ; CELL ; 2      ; FF_X35_Y47_N5        ; f_pos[1]|q              ;
;   7.245  ;   1.170 ; RR ; IC   ; 1      ; LABCELL_X33_Y45_N27  ; LessThan5~4|datad       ;
;   7.738  ;   0.493 ; RF ; CELL ; 1      ; LABCELL_X33_Y45_N27  ; LessThan5~4|combout     ;
;   8.344  ;   0.606 ; FF ; IC   ; 1      ; MLABCELL_X34_Y45_N0  ; LessThan5~5|dataa       ;
;   8.898  ;   0.554 ; FF ; CELL ; 2      ; MLABCELL_X34_Y45_N0  ; LessThan5~5|combout     ;
;   9.450  ;   0.552 ; FF ; IC   ; 1      ; LABCELL_X33_Y45_N54  ; LessThan5~30|dataa      ;
;   9.990  ;   0.540 ; FR ; CELL ; 1      ; LABCELL_X33_Y45_N54  ; LessThan5~30|combout    ;
;   10.560 ;   0.570 ; RR ; IC   ; 1      ; MLABCELL_X34_Y45_N42 ; LessThan5~31|datae      ;
;   10.861 ;   0.301 ; RF ; CELL ; 1      ; MLABCELL_X34_Y45_N42 ; LessThan5~31|combout    ;
;   11.079 ;   0.218 ; FF ; IC   ; 1      ; MLABCELL_X34_Y45_N54 ; LessThan5~33|datad      ;
;   11.649 ;   0.570 ; FF ; CELL ; 1      ; MLABCELL_X34_Y45_N54 ; LessThan5~33|combout    ;
;   12.398 ;   0.749 ; FF ; IC   ; 1      ; MLABCELL_X34_Y46_N0  ; in_rec_region~0|dataa   ;
;   12.960 ;   0.562 ; FF ; CELL ; 14     ; MLABCELL_X34_Y46_N0  ; in_rec_region~0|combout ;
;   13.913 ;   0.953 ; FF ; IC   ; 1      ; LABCELL_X33_Y48_N9   ; recq[2][132]~5|datae    ;
;   14.213 ;   0.300 ; FF ; CELL ; 136    ; LABCELL_X33_Y48_N9   ; recq[2][132]~5|combout  ;
;   15.677 ;   1.464 ; FF ; IC   ; 1      ; FF_X27_Y52_N17       ; recq[2][67]|ena         ;
;   16.406 ;   0.729 ; FF ; CELL ; 1      ; FF_X27_Y52_N17       ; recq[2][67]             ;
+----------+---------+----+------+--------+----------------------+-------------------------+

+---------------------------------------------------------------------------------------+
; Data Required Path                                                                    ;
+----------+---------+----+------+--------+-------------------+-------------------------+
; Total    ; Incr    ; RF ; Type ; Fanout ; Location          ; Element                 ;
+----------+---------+----+------+--------+-------------------+-------------------------+
; 10.000   ; 10.000  ;    ;      ;        ;                   ; latch edge time         ;
; 15.927   ; 5.927   ;    ;      ;        ;                   ; clock path              ;
;   10.000 ;   0.000 ;    ;      ;        ;                   ; source latency          ;
;   10.000 ;   0.000 ;    ;      ; 1      ; LABCELL_X1_Y36_N9 ; gpu_clk                 ;
;   10.576 ;   0.576 ; RR ; IC   ; 1      ; CLKCTRL_G2        ; gpu_clk~CLKENA0|inclk   ;
;   10.871 ;   0.295 ; RR ; CELL ; 9078   ; CLKCTRL_G2        ; gpu_clk~CLKENA0|outclk  ;
;   12.832 ;   1.961 ; RR ; IC   ; 1      ; FF_X27_Y52_N17    ; recq[2][67]|clk         ;
;   13.345 ;   0.513 ; RR ; CELL ; 1      ; FF_X27_Y52_N17    ; recq[2][67]             ;
;   15.927 ;   2.582 ;    ;      ;        ;                   ; clock pessimism removed ;
; 15.867   ; -0.060  ;    ;      ;        ;                   ; clock uncertainty       ;
; 15.867   ; 0.000   ;    ; uTsu ; 1      ; FF_X27_Y52_N17    ; recq[2][67]             ;
+----------+---------+----+------+--------+-------------------+-------------------------+

----------------------------
; Extra Fitter Information ;
----------------------------
HTML report is unavailable in plain text report export.


Path #75: Setup slack is -0.538 (VIOLATED)
===============================================================================
+----------------------------------------+
; Path Summary                           ;
+--------------------+-------------------+
; Property           ; Value             ;
+--------------------+-------------------+
; From Node          ; f_pos[1]          ;
; To Node            ; recq[2][69]       ;
; Launch Clock       ; gpu_clk           ;
; Latch Clock        ; gpu_clk           ;
; Data Arrival Time  ; 16.404            ;
; Data Required Time ; 15.866            ;
; Slack              ; -0.538 (VIOLATED) ;
+--------------------+-------------------+

+------------------------------------------------------------------------------------+
; Statistics                                                                         ;
+------------------------+--------+-------+-------------+------------+-------+-------+
; Property               ; Value  ; Count ; Total Delay ; % of Total ; Min   ; Max   ;
+------------------------+--------+-------+-------------+------------+-------+-------+
; Setup Relationship     ; 10.000 ;       ;             ;            ;       ;       ;
; Clock Skew             ; -0.149 ;       ;             ;            ;       ;       ;
; Data Delay             ; 10.329 ;       ;             ;            ;       ;       ;
; Number of Logic Levels ;        ; 7     ;             ;            ;       ;       ;
; Physical Delays        ;        ;       ;             ;            ;       ;       ;
;  Arrival Path          ;        ;       ;             ;            ;       ;       ;
;   Clock                ;        ;       ;             ;            ;       ;       ;
;    IC                  ;        ; 2     ; 5.184       ; 85         ; 2.450 ; 2.734 ;
;    Cell                ;        ; 2     ; 0.891       ; 15         ; 0.321 ; 0.570 ;
;   Data                 ;        ;       ;             ;            ;       ;       ;
;    IC                  ;        ; 8     ; 6.282       ; 61         ; 0.218 ; 1.464 ;
;    Cell                ;        ; 9     ; 4.047       ; 39         ; 0.000 ; 0.727 ;
;    uTco                ;        ; 1     ; 0.000       ; 0          ; 0.000 ; 0.000 ;
;  Required Path         ;        ;       ;             ;            ;       ;       ;
;   Clock                ;        ;       ;             ;            ;       ;       ;
;    IC                  ;        ; 2     ; 2.537       ; 76         ; 0.576 ; 1.961 ;
;    Cell                ;        ; 2     ; 0.807       ; 24         ; 0.295 ; 0.512 ;
+------------------------+--------+-------+-------------+------------+-------+-------+
Note: Negative delays are omitted from totals when calculating percentages

+------------------------------------------------------------------------------------------+
; Data Arrival Path                                                                        ;
+----------+---------+----+------+--------+----------------------+-------------------------+
; Total    ; Incr    ; RF ; Type ; Fanout ; Location             ; Element                 ;
+----------+---------+----+------+--------+----------------------+-------------------------+
; 0.000    ; 0.000   ;    ;      ;        ;                      ; launch edge time        ;
; 6.075    ; 6.075   ;    ;      ;        ;                      ; clock path              ;
;   0.000  ;   0.000 ;    ;      ;        ;                      ; source latency          ;
;   0.000  ;   0.000 ;    ;      ; 1      ; LABCELL_X1_Y36_N9    ; gpu_clk                 ;
;   2.734  ;   2.734 ; RR ; IC   ; 1      ; CLKCTRL_G2           ; gpu_clk~CLKENA0|inclk   ;
;   3.055  ;   0.321 ; RR ; CELL ; 9078   ; CLKCTRL_G2           ; gpu_clk~CLKENA0|outclk  ;
;   5.505  ;   2.450 ; RR ; IC   ; 1      ; FF_X35_Y47_N5        ; f_pos[1]|clk            ;
;   6.075  ;   0.570 ; RR ; CELL ; 1      ; FF_X35_Y47_N5        ; f_pos[1]                ;
; 16.404   ; 10.329  ;    ;      ;        ;                      ; data path               ;
;   6.075  ;   0.000 ;    ; uTco ; 1      ; FF_X35_Y47_N5        ; f_pos[1]                ;
;   6.075  ;   0.000 ; RR ; CELL ; 2      ; FF_X35_Y47_N5        ; f_pos[1]|q              ;
;   7.245  ;   1.170 ; RR ; IC   ; 1      ; LABCELL_X33_Y45_N27  ; LessThan5~4|datad       ;
;   7.738  ;   0.493 ; RF ; CELL ; 1      ; LABCELL_X33_Y45_N27  ; LessThan5~4|combout     ;
;   8.344  ;   0.606 ; FF ; IC   ; 1      ; MLABCELL_X34_Y45_N0  ; LessThan5~5|dataa       ;
;   8.898  ;   0.554 ; FF ; CELL ; 2      ; MLABCELL_X34_Y45_N0  ; LessThan5~5|combout     ;
;   9.450  ;   0.552 ; FF ; IC   ; 1      ; LABCELL_X33_Y45_N54  ; LessThan5~30|dataa      ;
;   9.990  ;   0.540 ; FR ; CELL ; 1      ; LABCELL_X33_Y45_N54  ; LessThan5~30|combout    ;
;   10.560 ;   0.570 ; RR ; IC   ; 1      ; MLABCELL_X34_Y45_N42 ; LessThan5~31|datae      ;
;   10.861 ;   0.301 ; RF ; CELL ; 1      ; MLABCELL_X34_Y45_N42 ; LessThan5~31|combout    ;
;   11.079 ;   0.218 ; FF ; IC   ; 1      ; MLABCELL_X34_Y45_N54 ; LessThan5~33|datad      ;
;   11.649 ;   0.570 ; FF ; CELL ; 1      ; MLABCELL_X34_Y45_N54 ; LessThan5~33|combout    ;
;   12.398 ;   0.749 ; FF ; IC   ; 1      ; MLABCELL_X34_Y46_N0  ; in_rec_region~0|dataa   ;
;   12.960 ;   0.562 ; FF ; CELL ; 14     ; MLABCELL_X34_Y46_N0  ; in_rec_region~0|combout ;
;   13.913 ;   0.953 ; FF ; IC   ; 1      ; LABCELL_X33_Y48_N9   ; recq[2][132]~5|datae    ;
;   14.213 ;   0.300 ; FF ; CELL ; 136    ; LABCELL_X33_Y48_N9   ; recq[2][132]~5|combout  ;
;   15.677 ;   1.464 ; FF ; IC   ; 1      ; FF_X27_Y52_N13       ; recq[2][69]|ena         ;
;   16.404 ;   0.727 ; FF ; CELL ; 1      ; FF_X27_Y52_N13       ; recq[2][69]             ;
+----------+---------+----+------+--------+----------------------+-------------------------+

+---------------------------------------------------------------------------------------+
; Data Required Path                                                                    ;
+----------+---------+----+------+--------+-------------------+-------------------------+
; Total    ; Incr    ; RF ; Type ; Fanout ; Location          ; Element                 ;
+----------+---------+----+------+--------+-------------------+-------------------------+
; 10.000   ; 10.000  ;    ;      ;        ;                   ; latch edge time         ;
; 15.926   ; 5.926   ;    ;      ;        ;                   ; clock path              ;
;   10.000 ;   0.000 ;    ;      ;        ;                   ; source latency          ;
;   10.000 ;   0.000 ;    ;      ; 1      ; LABCELL_X1_Y36_N9 ; gpu_clk                 ;
;   10.576 ;   0.576 ; RR ; IC   ; 1      ; CLKCTRL_G2        ; gpu_clk~CLKENA0|inclk   ;
;   10.871 ;   0.295 ; RR ; CELL ; 9078   ; CLKCTRL_G2        ; gpu_clk~CLKENA0|outclk  ;
;   12.832 ;   1.961 ; RR ; IC   ; 1      ; FF_X27_Y52_N13    ; recq[2][69]|clk         ;
;   13.344 ;   0.512 ; RR ; CELL ; 1      ; FF_X27_Y52_N13    ; recq[2][69]             ;
;   15.926 ;   2.582 ;    ;      ;        ;                   ; clock pessimism removed ;
; 15.866   ; -0.060  ;    ;      ;        ;                   ; clock uncertainty       ;
; 15.866   ; 0.000   ;    ; uTsu ; 1      ; FF_X27_Y52_N13    ; recq[2][69]             ;
+----------+---------+----+------+--------+-------------------+-------------------------+

----------------------------
; Extra Fitter Information ;
----------------------------
HTML report is unavailable in plain text report export.


Path #76: Setup slack is -0.538 (VIOLATED)
===============================================================================
+----------------------------------------+
; Path Summary                           ;
+--------------------+-------------------+
; Property           ; Value             ;
+--------------------+-------------------+
; From Node          ; f_pos[1]          ;
; To Node            ; recq[2][80]       ;
; Launch Clock       ; gpu_clk           ;
; Latch Clock        ; gpu_clk           ;
; Data Arrival Time  ; 16.398            ;
; Data Required Time ; 15.860            ;
; Slack              ; -0.538 (VIOLATED) ;
+--------------------+-------------------+

+------------------------------------------------------------------------------------+
; Statistics                                                                         ;
+------------------------+--------+-------+-------------+------------+-------+-------+
; Property               ; Value  ; Count ; Total Delay ; % of Total ; Min   ; Max   ;
+------------------------+--------+-------+-------------+------------+-------+-------+
; Setup Relationship     ; 10.000 ;       ;             ;            ;       ;       ;
; Clock Skew             ; -0.155 ;       ;             ;            ;       ;       ;
; Data Delay             ; 10.323 ;       ;             ;            ;       ;       ;
; Number of Logic Levels ;        ; 7     ;             ;            ;       ;       ;
; Physical Delays        ;        ;       ;             ;            ;       ;       ;
;  Arrival Path          ;        ;       ;             ;            ;       ;       ;
;   Clock                ;        ;       ;             ;            ;       ;       ;
;    IC                  ;        ; 2     ; 5.184       ; 85         ; 2.450 ; 2.734 ;
;    Cell                ;        ; 2     ; 0.891       ; 15         ; 0.321 ; 0.570 ;
;   Data                 ;        ;       ;             ;            ;       ;       ;
;    IC                  ;        ; 8     ; 6.282       ; 61         ; 0.218 ; 1.464 ;
;    Cell                ;        ; 9     ; 4.041       ; 39         ; 0.000 ; 0.721 ;
;    uTco                ;        ; 1     ; 0.000       ; 0          ; 0.000 ; 0.000 ;
;  Required Path         ;        ;       ;             ;            ;       ;       ;
;   Clock                ;        ;       ;             ;            ;       ;       ;
;    IC                  ;        ; 2     ; 2.537       ; 76         ; 0.576 ; 1.961 ;
;    Cell                ;        ; 2     ; 0.801       ; 24         ; 0.295 ; 0.506 ;
+------------------------+--------+-------+-------------+------------+-------+-------+
Note: Negative delays are omitted from totals when calculating percentages

+------------------------------------------------------------------------------------------+
; Data Arrival Path                                                                        ;
+----------+---------+----+------+--------+----------------------+-------------------------+
; Total    ; Incr    ; RF ; Type ; Fanout ; Location             ; Element                 ;
+----------+---------+----+------+--------+----------------------+-------------------------+
; 0.000    ; 0.000   ;    ;      ;        ;                      ; launch edge time        ;
; 6.075    ; 6.075   ;    ;      ;        ;                      ; clock path              ;
;   0.000  ;   0.000 ;    ;      ;        ;                      ; source latency          ;
;   0.000  ;   0.000 ;    ;      ; 1      ; LABCELL_X1_Y36_N9    ; gpu_clk                 ;
;   2.734  ;   2.734 ; RR ; IC   ; 1      ; CLKCTRL_G2           ; gpu_clk~CLKENA0|inclk   ;
;   3.055  ;   0.321 ; RR ; CELL ; 9078   ; CLKCTRL_G2           ; gpu_clk~CLKENA0|outclk  ;
;   5.505  ;   2.450 ; RR ; IC   ; 1      ; FF_X35_Y47_N5        ; f_pos[1]|clk            ;
;   6.075  ;   0.570 ; RR ; CELL ; 1      ; FF_X35_Y47_N5        ; f_pos[1]                ;
; 16.398   ; 10.323  ;    ;      ;        ;                      ; data path               ;
;   6.075  ;   0.000 ;    ; uTco ; 1      ; FF_X35_Y47_N5        ; f_pos[1]                ;
;   6.075  ;   0.000 ; RR ; CELL ; 2      ; FF_X35_Y47_N5        ; f_pos[1]|q              ;
;   7.245  ;   1.170 ; RR ; IC   ; 1      ; LABCELL_X33_Y45_N27  ; LessThan5~4|datad       ;
;   7.738  ;   0.493 ; RF ; CELL ; 1      ; LABCELL_X33_Y45_N27  ; LessThan5~4|combout     ;
;   8.344  ;   0.606 ; FF ; IC   ; 1      ; MLABCELL_X34_Y45_N0  ; LessThan5~5|dataa       ;
;   8.898  ;   0.554 ; FF ; CELL ; 2      ; MLABCELL_X34_Y45_N0  ; LessThan5~5|combout     ;
;   9.450  ;   0.552 ; FF ; IC   ; 1      ; LABCELL_X33_Y45_N54  ; LessThan5~30|dataa      ;
;   9.990  ;   0.540 ; FR ; CELL ; 1      ; LABCELL_X33_Y45_N54  ; LessThan5~30|combout    ;
;   10.560 ;   0.570 ; RR ; IC   ; 1      ; MLABCELL_X34_Y45_N42 ; LessThan5~31|datae      ;
;   10.861 ;   0.301 ; RF ; CELL ; 1      ; MLABCELL_X34_Y45_N42 ; LessThan5~31|combout    ;
;   11.079 ;   0.218 ; FF ; IC   ; 1      ; MLABCELL_X34_Y45_N54 ; LessThan5~33|datad      ;
;   11.649 ;   0.570 ; FF ; CELL ; 1      ; MLABCELL_X34_Y45_N54 ; LessThan5~33|combout    ;
;   12.398 ;   0.749 ; FF ; IC   ; 1      ; MLABCELL_X34_Y46_N0  ; in_rec_region~0|dataa   ;
;   12.960 ;   0.562 ; FF ; CELL ; 14     ; MLABCELL_X34_Y46_N0  ; in_rec_region~0|combout ;
;   13.913 ;   0.953 ; FF ; IC   ; 1      ; LABCELL_X33_Y48_N9   ; recq[2][132]~5|datae    ;
;   14.213 ;   0.300 ; FF ; CELL ; 136    ; LABCELL_X33_Y48_N9   ; recq[2][132]~5|combout  ;
;   15.677 ;   1.464 ; FF ; IC   ; 1      ; FF_X27_Y52_N34       ; recq[2][80]|ena         ;
;   16.398 ;   0.721 ; FF ; CELL ; 1      ; FF_X27_Y52_N34       ; recq[2][80]             ;
+----------+---------+----+------+--------+----------------------+-------------------------+

+---------------------------------------------------------------------------------------+
; Data Required Path                                                                    ;
+----------+---------+----+------+--------+-------------------+-------------------------+
; Total    ; Incr    ; RF ; Type ; Fanout ; Location          ; Element                 ;
+----------+---------+----+------+--------+-------------------+-------------------------+
; 10.000   ; 10.000  ;    ;      ;        ;                   ; latch edge time         ;
; 15.920   ; 5.920   ;    ;      ;        ;                   ; clock path              ;
;   10.000 ;   0.000 ;    ;      ;        ;                   ; source latency          ;
;   10.000 ;   0.000 ;    ;      ; 1      ; LABCELL_X1_Y36_N9 ; gpu_clk                 ;
;   10.576 ;   0.576 ; RR ; IC   ; 1      ; CLKCTRL_G2        ; gpu_clk~CLKENA0|inclk   ;
;   10.871 ;   0.295 ; RR ; CELL ; 9078   ; CLKCTRL_G2        ; gpu_clk~CLKENA0|outclk  ;
;   12.832 ;   1.961 ; RR ; IC   ; 1      ; FF_X27_Y52_N34    ; recq[2][80]|clk         ;
;   13.338 ;   0.506 ; RR ; CELL ; 1      ; FF_X27_Y52_N34    ; recq[2][80]             ;
;   15.920 ;   2.582 ;    ;      ;        ;                   ; clock pessimism removed ;
; 15.860   ; -0.060  ;    ;      ;        ;                   ; clock uncertainty       ;
; 15.860   ; 0.000   ;    ; uTsu ; 1      ; FF_X27_Y52_N34    ; recq[2][80]             ;
+----------+---------+----+------+--------+-------------------+-------------------------+

----------------------------
; Extra Fitter Information ;
----------------------------
HTML report is unavailable in plain text report export.


Path #77: Setup slack is -0.538 (VIOLATED)
===============================================================================
+----------------------------------------+
; Path Summary                           ;
+--------------------+-------------------+
; Property           ; Value             ;
+--------------------+-------------------+
; From Node          ; f_pos[1]          ;
; To Node            ; recq[2][85]       ;
; Launch Clock       ; gpu_clk           ;
; Latch Clock        ; gpu_clk           ;
; Data Arrival Time  ; 16.404            ;
; Data Required Time ; 15.866            ;
; Slack              ; -0.538 (VIOLATED) ;
+--------------------+-------------------+

+------------------------------------------------------------------------------------+
; Statistics                                                                         ;
+------------------------+--------+-------+-------------+------------+-------+-------+
; Property               ; Value  ; Count ; Total Delay ; % of Total ; Min   ; Max   ;
+------------------------+--------+-------+-------------+------------+-------+-------+
; Setup Relationship     ; 10.000 ;       ;             ;            ;       ;       ;
; Clock Skew             ; -0.149 ;       ;             ;            ;       ;       ;
; Data Delay             ; 10.329 ;       ;             ;            ;       ;       ;
; Number of Logic Levels ;        ; 7     ;             ;            ;       ;       ;
; Physical Delays        ;        ;       ;             ;            ;       ;       ;
;  Arrival Path          ;        ;       ;             ;            ;       ;       ;
;   Clock                ;        ;       ;             ;            ;       ;       ;
;    IC                  ;        ; 2     ; 5.184       ; 85         ; 2.450 ; 2.734 ;
;    Cell                ;        ; 2     ; 0.891       ; 15         ; 0.321 ; 0.570 ;
;   Data                 ;        ;       ;             ;            ;       ;       ;
;    IC                  ;        ; 8     ; 6.282       ; 61         ; 0.218 ; 1.464 ;
;    Cell                ;        ; 9     ; 4.047       ; 39         ; 0.000 ; 0.727 ;
;    uTco                ;        ; 1     ; 0.000       ; 0          ; 0.000 ; 0.000 ;
;  Required Path         ;        ;       ;             ;            ;       ;       ;
;   Clock                ;        ;       ;             ;            ;       ;       ;
;    IC                  ;        ; 2     ; 2.537       ; 76         ; 0.576 ; 1.961 ;
;    Cell                ;        ; 2     ; 0.807       ; 24         ; 0.295 ; 0.512 ;
+------------------------+--------+-------+-------------+------------+-------+-------+
Note: Negative delays are omitted from totals when calculating percentages

+------------------------------------------------------------------------------------------+
; Data Arrival Path                                                                        ;
+----------+---------+----+------+--------+----------------------+-------------------------+
; Total    ; Incr    ; RF ; Type ; Fanout ; Location             ; Element                 ;
+----------+---------+----+------+--------+----------------------+-------------------------+
; 0.000    ; 0.000   ;    ;      ;        ;                      ; launch edge time        ;
; 6.075    ; 6.075   ;    ;      ;        ;                      ; clock path              ;
;   0.000  ;   0.000 ;    ;      ;        ;                      ; source latency          ;
;   0.000  ;   0.000 ;    ;      ; 1      ; LABCELL_X1_Y36_N9    ; gpu_clk                 ;
;   2.734  ;   2.734 ; RR ; IC   ; 1      ; CLKCTRL_G2           ; gpu_clk~CLKENA0|inclk   ;
;   3.055  ;   0.321 ; RR ; CELL ; 9078   ; CLKCTRL_G2           ; gpu_clk~CLKENA0|outclk  ;
;   5.505  ;   2.450 ; RR ; IC   ; 1      ; FF_X35_Y47_N5        ; f_pos[1]|clk            ;
;   6.075  ;   0.570 ; RR ; CELL ; 1      ; FF_X35_Y47_N5        ; f_pos[1]                ;
; 16.404   ; 10.329  ;    ;      ;        ;                      ; data path               ;
;   6.075  ;   0.000 ;    ; uTco ; 1      ; FF_X35_Y47_N5        ; f_pos[1]                ;
;   6.075  ;   0.000 ; RR ; CELL ; 2      ; FF_X35_Y47_N5        ; f_pos[1]|q              ;
;   7.245  ;   1.170 ; RR ; IC   ; 1      ; LABCELL_X33_Y45_N27  ; LessThan5~4|datad       ;
;   7.738  ;   0.493 ; RF ; CELL ; 1      ; LABCELL_X33_Y45_N27  ; LessThan5~4|combout     ;
;   8.344  ;   0.606 ; FF ; IC   ; 1      ; MLABCELL_X34_Y45_N0  ; LessThan5~5|dataa       ;
;   8.898  ;   0.554 ; FF ; CELL ; 2      ; MLABCELL_X34_Y45_N0  ; LessThan5~5|combout     ;
;   9.450  ;   0.552 ; FF ; IC   ; 1      ; LABCELL_X33_Y45_N54  ; LessThan5~30|dataa      ;
;   9.990  ;   0.540 ; FR ; CELL ; 1      ; LABCELL_X33_Y45_N54  ; LessThan5~30|combout    ;
;   10.560 ;   0.570 ; RR ; IC   ; 1      ; MLABCELL_X34_Y45_N42 ; LessThan5~31|datae      ;
;   10.861 ;   0.301 ; RF ; CELL ; 1      ; MLABCELL_X34_Y45_N42 ; LessThan5~31|combout    ;
;   11.079 ;   0.218 ; FF ; IC   ; 1      ; MLABCELL_X34_Y45_N54 ; LessThan5~33|datad      ;
;   11.649 ;   0.570 ; FF ; CELL ; 1      ; MLABCELL_X34_Y45_N54 ; LessThan5~33|combout    ;
;   12.398 ;   0.749 ; FF ; IC   ; 1      ; MLABCELL_X34_Y46_N0  ; in_rec_region~0|dataa   ;
;   12.960 ;   0.562 ; FF ; CELL ; 14     ; MLABCELL_X34_Y46_N0  ; in_rec_region~0|combout ;
;   13.913 ;   0.953 ; FF ; IC   ; 1      ; LABCELL_X33_Y48_N9   ; recq[2][132]~5|datae    ;
;   14.213 ;   0.300 ; FF ; CELL ; 136    ; LABCELL_X33_Y48_N9   ; recq[2][132]~5|combout  ;
;   15.677 ;   1.464 ; FF ; IC   ; 1      ; FF_X27_Y52_N31       ; recq[2][85]|ena         ;
;   16.404 ;   0.727 ; FF ; CELL ; 1      ; FF_X27_Y52_N31       ; recq[2][85]             ;
+----------+---------+----+------+--------+----------------------+-------------------------+

+---------------------------------------------------------------------------------------+
; Data Required Path                                                                    ;
+----------+---------+----+------+--------+-------------------+-------------------------+
; Total    ; Incr    ; RF ; Type ; Fanout ; Location          ; Element                 ;
+----------+---------+----+------+--------+-------------------+-------------------------+
; 10.000   ; 10.000  ;    ;      ;        ;                   ; latch edge time         ;
; 15.926   ; 5.926   ;    ;      ;        ;                   ; clock path              ;
;   10.000 ;   0.000 ;    ;      ;        ;                   ; source latency          ;
;   10.000 ;   0.000 ;    ;      ; 1      ; LABCELL_X1_Y36_N9 ; gpu_clk                 ;
;   10.576 ;   0.576 ; RR ; IC   ; 1      ; CLKCTRL_G2        ; gpu_clk~CLKENA0|inclk   ;
;   10.871 ;   0.295 ; RR ; CELL ; 9078   ; CLKCTRL_G2        ; gpu_clk~CLKENA0|outclk  ;
;   12.832 ;   1.961 ; RR ; IC   ; 1      ; FF_X27_Y52_N31    ; recq[2][85]|clk         ;
;   13.344 ;   0.512 ; RR ; CELL ; 1      ; FF_X27_Y52_N31    ; recq[2][85]             ;
;   15.926 ;   2.582 ;    ;      ;        ;                   ; clock pessimism removed ;
; 15.866   ; -0.060  ;    ;      ;        ;                   ; clock uncertainty       ;
; 15.866   ; 0.000   ;    ; uTsu ; 1      ; FF_X27_Y52_N31    ; recq[2][85]             ;
+----------+---------+----+------+--------+-------------------+-------------------------+

----------------------------
; Extra Fitter Information ;
----------------------------
HTML report is unavailable in plain text report export.


Path #78: Setup slack is -0.538 (VIOLATED)
===============================================================================
+----------------------------------------+
; Path Summary                           ;
+--------------------+-------------------+
; Property           ; Value             ;
+--------------------+-------------------+
; From Node          ; f_pos[1]          ;
; To Node            ; recq[2][65]       ;
; Launch Clock       ; gpu_clk           ;
; Latch Clock        ; gpu_clk           ;
; Data Arrival Time  ; 16.400            ;
; Data Required Time ; 15.862            ;
; Slack              ; -0.538 (VIOLATED) ;
+--------------------+-------------------+

+------------------------------------------------------------------------------------+
; Statistics                                                                         ;
+------------------------+--------+-------+-------------+------------+-------+-------+
; Property               ; Value  ; Count ; Total Delay ; % of Total ; Min   ; Max   ;
+------------------------+--------+-------+-------------+------------+-------+-------+
; Setup Relationship     ; 10.000 ;       ;             ;            ;       ;       ;
; Clock Skew             ; -0.153 ;       ;             ;            ;       ;       ;
; Data Delay             ; 10.325 ;       ;             ;            ;       ;       ;
; Number of Logic Levels ;        ; 7     ;             ;            ;       ;       ;
; Physical Delays        ;        ;       ;             ;            ;       ;       ;
;  Arrival Path          ;        ;       ;             ;            ;       ;       ;
;   Clock                ;        ;       ;             ;            ;       ;       ;
;    IC                  ;        ; 2     ; 5.184       ; 85         ; 2.450 ; 2.734 ;
;    Cell                ;        ; 2     ; 0.891       ; 15         ; 0.321 ; 0.570 ;
;   Data                 ;        ;       ;             ;            ;       ;       ;
;    IC                  ;        ; 8     ; 6.282       ; 61         ; 0.218 ; 1.464 ;
;    Cell                ;        ; 9     ; 4.043       ; 39         ; 0.000 ; 0.723 ;
;    uTco                ;        ; 1     ; 0.000       ; 0          ; 0.000 ; 0.000 ;
;  Required Path         ;        ;       ;             ;            ;       ;       ;
;   Clock                ;        ;       ;             ;            ;       ;       ;
;    IC                  ;        ; 2     ; 2.537       ; 76         ; 0.576 ; 1.961 ;
;    Cell                ;        ; 2     ; 0.803       ; 24         ; 0.295 ; 0.508 ;
+------------------------+--------+-------+-------------+------------+-------+-------+
Note: Negative delays are omitted from totals when calculating percentages

+------------------------------------------------------------------------------------------+
; Data Arrival Path                                                                        ;
+----------+---------+----+------+--------+----------------------+-------------------------+
; Total    ; Incr    ; RF ; Type ; Fanout ; Location             ; Element                 ;
+----------+---------+----+------+--------+----------------------+-------------------------+
; 0.000    ; 0.000   ;    ;      ;        ;                      ; launch edge time        ;
; 6.075    ; 6.075   ;    ;      ;        ;                      ; clock path              ;
;   0.000  ;   0.000 ;    ;      ;        ;                      ; source latency          ;
;   0.000  ;   0.000 ;    ;      ; 1      ; LABCELL_X1_Y36_N9    ; gpu_clk                 ;
;   2.734  ;   2.734 ; RR ; IC   ; 1      ; CLKCTRL_G2           ; gpu_clk~CLKENA0|inclk   ;
;   3.055  ;   0.321 ; RR ; CELL ; 9078   ; CLKCTRL_G2           ; gpu_clk~CLKENA0|outclk  ;
;   5.505  ;   2.450 ; RR ; IC   ; 1      ; FF_X35_Y47_N5        ; f_pos[1]|clk            ;
;   6.075  ;   0.570 ; RR ; CELL ; 1      ; FF_X35_Y47_N5        ; f_pos[1]                ;
; 16.400   ; 10.325  ;    ;      ;        ;                      ; data path               ;
;   6.075  ;   0.000 ;    ; uTco ; 1      ; FF_X35_Y47_N5        ; f_pos[1]                ;
;   6.075  ;   0.000 ; RR ; CELL ; 2      ; FF_X35_Y47_N5        ; f_pos[1]|q              ;
;   7.245  ;   1.170 ; RR ; IC   ; 1      ; LABCELL_X33_Y45_N27  ; LessThan5~4|datad       ;
;   7.738  ;   0.493 ; RF ; CELL ; 1      ; LABCELL_X33_Y45_N27  ; LessThan5~4|combout     ;
;   8.344  ;   0.606 ; FF ; IC   ; 1      ; MLABCELL_X34_Y45_N0  ; LessThan5~5|dataa       ;
;   8.898  ;   0.554 ; FF ; CELL ; 2      ; MLABCELL_X34_Y45_N0  ; LessThan5~5|combout     ;
;   9.450  ;   0.552 ; FF ; IC   ; 1      ; LABCELL_X33_Y45_N54  ; LessThan5~30|dataa      ;
;   9.990  ;   0.540 ; FR ; CELL ; 1      ; LABCELL_X33_Y45_N54  ; LessThan5~30|combout    ;
;   10.560 ;   0.570 ; RR ; IC   ; 1      ; MLABCELL_X34_Y45_N42 ; LessThan5~31|datae      ;
;   10.861 ;   0.301 ; RF ; CELL ; 1      ; MLABCELL_X34_Y45_N42 ; LessThan5~31|combout    ;
;   11.079 ;   0.218 ; FF ; IC   ; 1      ; MLABCELL_X34_Y45_N54 ; LessThan5~33|datad      ;
;   11.649 ;   0.570 ; FF ; CELL ; 1      ; MLABCELL_X34_Y45_N54 ; LessThan5~33|combout    ;
;   12.398 ;   0.749 ; FF ; IC   ; 1      ; MLABCELL_X34_Y46_N0  ; in_rec_region~0|dataa   ;
;   12.960 ;   0.562 ; FF ; CELL ; 14     ; MLABCELL_X34_Y46_N0  ; in_rec_region~0|combout ;
;   13.913 ;   0.953 ; FF ; IC   ; 1      ; LABCELL_X33_Y48_N9   ; recq[2][132]~5|datae    ;
;   14.213 ;   0.300 ; FF ; CELL ; 136    ; LABCELL_X33_Y48_N9   ; recq[2][132]~5|combout  ;
;   15.677 ;   1.464 ; FF ; IC   ; 1      ; FF_X27_Y52_N32       ; recq[2][65]|ena         ;
;   16.400 ;   0.723 ; FF ; CELL ; 1      ; FF_X27_Y52_N32       ; recq[2][65]             ;
+----------+---------+----+------+--------+----------------------+-------------------------+

+---------------------------------------------------------------------------------------+
; Data Required Path                                                                    ;
+----------+---------+----+------+--------+-------------------+-------------------------+
; Total    ; Incr    ; RF ; Type ; Fanout ; Location          ; Element                 ;
+----------+---------+----+------+--------+-------------------+-------------------------+
; 10.000   ; 10.000  ;    ;      ;        ;                   ; latch edge time         ;
; 15.922   ; 5.922   ;    ;      ;        ;                   ; clock path              ;
;   10.000 ;   0.000 ;    ;      ;        ;                   ; source latency          ;
;   10.000 ;   0.000 ;    ;      ; 1      ; LABCELL_X1_Y36_N9 ; gpu_clk                 ;
;   10.576 ;   0.576 ; RR ; IC   ; 1      ; CLKCTRL_G2        ; gpu_clk~CLKENA0|inclk   ;
;   10.871 ;   0.295 ; RR ; CELL ; 9078   ; CLKCTRL_G2        ; gpu_clk~CLKENA0|outclk  ;
;   12.832 ;   1.961 ; RR ; IC   ; 1      ; FF_X27_Y52_N32    ; recq[2][65]|clk         ;
;   13.340 ;   0.508 ; RR ; CELL ; 1      ; FF_X27_Y52_N32    ; recq[2][65]             ;
;   15.922 ;   2.582 ;    ;      ;        ;                   ; clock pessimism removed ;
; 15.862   ; -0.060  ;    ;      ;        ;                   ; clock uncertainty       ;
; 15.862   ; 0.000   ;    ; uTsu ; 1      ; FF_X27_Y52_N32    ; recq[2][65]             ;
+----------+---------+----+------+--------+-------------------+-------------------------+

----------------------------
; Extra Fitter Information ;
----------------------------
HTML report is unavailable in plain text report export.


Path #79: Setup slack is -0.519 (VIOLATED)
===============================================================================
+----------------------------------------+
; Path Summary                           ;
+--------------------+-------------------+
; Property           ; Value             ;
+--------------------+-------------------+
; From Node          ; f_pos[1]          ;
; To Node            ; recq[7][10]       ;
; Launch Clock       ; gpu_clk           ;
; Latch Clock        ; gpu_clk           ;
; Data Arrival Time  ; 16.361            ;
; Data Required Time ; 15.842            ;
; Slack              ; -0.519 (VIOLATED) ;
+--------------------+-------------------+

+------------------------------------------------------------------------------------+
; Statistics                                                                         ;
+------------------------+--------+-------+-------------+------------+-------+-------+
; Property               ; Value  ; Count ; Total Delay ; % of Total ; Min   ; Max   ;
+------------------------+--------+-------+-------------+------------+-------+-------+
; Setup Relationship     ; 10.000 ;       ;             ;            ;       ;       ;
; Clock Skew             ; -0.173 ;       ;             ;            ;       ;       ;
; Data Delay             ; 10.286 ;       ;             ;            ;       ;       ;
; Number of Logic Levels ;        ; 7     ;             ;            ;       ;       ;
; Physical Delays        ;        ;       ;             ;            ;       ;       ;
;  Arrival Path          ;        ;       ;             ;            ;       ;       ;
;   Clock                ;        ;       ;             ;            ;       ;       ;
;    IC                  ;        ; 2     ; 5.184       ; 85         ; 2.450 ; 2.734 ;
;    Cell                ;        ; 2     ; 0.891       ; 15         ; 0.321 ; 0.570 ;
;   Data                 ;        ;       ;             ;            ;       ;       ;
;    IC                  ;        ; 8     ; 6.401       ; 62         ; 0.205 ; 1.943 ;
;    Cell                ;        ; 9     ; 3.885       ; 38         ; 0.000 ; 0.719 ;
;    uTco                ;        ; 1     ; 0.000       ; 0          ; 0.000 ; 0.000 ;
;  Required Path         ;        ;       ;             ;            ;       ;       ;
;   Clock                ;        ;       ;             ;            ;       ;       ;
;    IC                  ;        ; 2     ; 2.537       ; 76         ; 0.576 ; 1.961 ;
;    Cell                ;        ; 2     ; 0.783       ; 24         ; 0.295 ; 0.488 ;
+------------------------+--------+-------+-------------+------------+-------+-------+
Note: Negative delays are omitted from totals when calculating percentages

+-----------------------------------------------------------------------------------------+
; Data Arrival Path                                                                       ;
+----------+---------+----+------+--------+----------------------+------------------------+
; Total    ; Incr    ; RF ; Type ; Fanout ; Location             ; Element                ;
+----------+---------+----+------+--------+----------------------+------------------------+
; 0.000    ; 0.000   ;    ;      ;        ;                      ; launch edge time       ;
; 6.075    ; 6.075   ;    ;      ;        ;                      ; clock path             ;
;   0.000  ;   0.000 ;    ;      ;        ;                      ; source latency         ;
;   0.000  ;   0.000 ;    ;      ; 1      ; LABCELL_X1_Y36_N9    ; gpu_clk                ;
;   2.734  ;   2.734 ; RR ; IC   ; 1      ; CLKCTRL_G2           ; gpu_clk~CLKENA0|inclk  ;
;   3.055  ;   0.321 ; RR ; CELL ; 9078   ; CLKCTRL_G2           ; gpu_clk~CLKENA0|outclk ;
;   5.505  ;   2.450 ; RR ; IC   ; 1      ; FF_X35_Y47_N5        ; f_pos[1]|clk           ;
;   6.075  ;   0.570 ; RR ; CELL ; 1      ; FF_X35_Y47_N5        ; f_pos[1]               ;
; 16.361   ; 10.286  ;    ;      ;        ;                      ; data path              ;
;   6.075  ;   0.000 ;    ; uTco ; 1      ; FF_X35_Y47_N5        ; f_pos[1]               ;
;   6.075  ;   0.000 ; FF ; CELL ; 2      ; FF_X35_Y47_N5        ; f_pos[1]|q             ;
;   7.441  ;   1.366 ; FF ; IC   ; 1      ; LABCELL_X33_Y45_N27  ; LessThan5~4|datad      ;
;   7.880  ;   0.439 ; FR ; CELL ; 1      ; LABCELL_X33_Y45_N27  ; LessThan5~4|combout    ;
;   8.425  ;   0.545 ; RR ; IC   ; 1      ; MLABCELL_X34_Y45_N0  ; LessThan5~5|dataa      ;
;   9.000  ;   0.575 ; RR ; CELL ; 2      ; MLABCELL_X34_Y45_N0  ; LessThan5~5|combout    ;
;   9.550  ;   0.550 ; RR ; IC   ; 1      ; LABCELL_X33_Y45_N0   ; LessThan5~8|datac      ;
;   9.978  ;   0.428 ; RR ; CELL ; 2      ; LABCELL_X33_Y45_N0   ; LessThan5~8|combout    ;
;   10.248 ;   0.270 ; RR ; IC   ; 1      ; LABCELL_X33_Y45_N15  ; LessThan5~34|datad     ;
;   10.741 ;   0.493 ; RF ; CELL ; 2      ; LABCELL_X33_Y45_N15  ; LessThan5~34|combout   ;
;   11.670 ;   0.929 ; FF ; IC   ; 1      ; LABCELL_X35_Y46_N45  ; LessThan5~35|datab     ;
;   12.243 ;   0.573 ; FR ; CELL ; 1      ; LABCELL_X35_Y46_N45  ; LessThan5~35|combout   ;
;   12.836 ;   0.593 ; RR ; IC   ; 1      ; MLABCELL_X34_Y46_N6  ; LessThan5~36|dataf     ;
;   12.936 ;   0.100 ; RF ; CELL ; 3      ; MLABCELL_X34_Y46_N6  ; LessThan5~36|combout   ;
;   13.141 ;   0.205 ; FF ; IC   ; 1      ; MLABCELL_X34_Y46_N12 ; recq[7][143]~4|datab   ;
;   13.699 ;   0.558 ; FF ; CELL ; 136    ; MLABCELL_X34_Y46_N12 ; recq[7][143]~4|combout ;
;   15.642 ;   1.943 ; FF ; IC   ; 1      ; FF_X25_Y52_N1        ; recq[7][10]|ena        ;
;   16.361 ;   0.719 ; FF ; CELL ; 1      ; FF_X25_Y52_N1        ; recq[7][10]            ;
+----------+---------+----+------+--------+----------------------+------------------------+

+---------------------------------------------------------------------------------------+
; Data Required Path                                                                    ;
+----------+---------+----+------+--------+-------------------+-------------------------+
; Total    ; Incr    ; RF ; Type ; Fanout ; Location          ; Element                 ;
+----------+---------+----+------+--------+-------------------+-------------------------+
; 10.000   ; 10.000  ;    ;      ;        ;                   ; latch edge time         ;
; 15.902   ; 5.902   ;    ;      ;        ;                   ; clock path              ;
;   10.000 ;   0.000 ;    ;      ;        ;                   ; source latency          ;
;   10.000 ;   0.000 ;    ;      ; 1      ; LABCELL_X1_Y36_N9 ; gpu_clk                 ;
;   10.576 ;   0.576 ; RR ; IC   ; 1      ; CLKCTRL_G2        ; gpu_clk~CLKENA0|inclk   ;
;   10.871 ;   0.295 ; RR ; CELL ; 9078   ; CLKCTRL_G2        ; gpu_clk~CLKENA0|outclk  ;
;   12.832 ;   1.961 ; RR ; IC   ; 1      ; FF_X25_Y52_N1     ; recq[7][10]|clk         ;
;   13.320 ;   0.488 ; RR ; CELL ; 1      ; FF_X25_Y52_N1     ; recq[7][10]             ;
;   15.902 ;   2.582 ;    ;      ;        ;                   ; clock pessimism removed ;
; 15.842   ; -0.060  ;    ;      ;        ;                   ; clock uncertainty       ;
; 15.842   ; 0.000   ;    ; uTsu ; 1      ; FF_X25_Y52_N1     ; recq[7][10]             ;
+----------+---------+----+------+--------+-------------------+-------------------------+

----------------------------
; Extra Fitter Information ;
----------------------------
HTML report is unavailable in plain text report export.


Path #80: Setup slack is -0.513 (VIOLATED)
===============================================================================
+----------------------------------------+
; Path Summary                           ;
+--------------------+-------------------+
; Property           ; Value             ;
+--------------------+-------------------+
; From Node          ; f_pos[1]          ;
; To Node            ; recq[4][121]      ;
; Launch Clock       ; gpu_clk           ;
; Latch Clock        ; gpu_clk           ;
; Data Arrival Time  ; 16.429            ;
; Data Required Time ; 15.916            ;
; Slack              ; -0.513 (VIOLATED) ;
+--------------------+-------------------+

+------------------------------------------------------------------------------------+
; Statistics                                                                         ;
+------------------------+--------+-------+-------------+------------+-------+-------+
; Property               ; Value  ; Count ; Total Delay ; % of Total ; Min   ; Max   ;
+------------------------+--------+-------+-------------+------------+-------+-------+
; Setup Relationship     ; 10.000 ;       ;             ;            ;       ;       ;
; Clock Skew             ; -0.099 ;       ;             ;            ;       ;       ;
; Data Delay             ; 10.354 ;       ;             ;            ;       ;       ;
; Number of Logic Levels ;        ; 7     ;             ;            ;       ;       ;
; Physical Delays        ;        ;       ;             ;            ;       ;       ;
;  Arrival Path          ;        ;       ;             ;            ;       ;       ;
;   Clock                ;        ;       ;             ;            ;       ;       ;
;    IC                  ;        ; 2     ; 5.184       ; 85         ; 2.450 ; 2.734 ;
;    Cell                ;        ; 2     ; 0.891       ; 15         ; 0.321 ; 0.570 ;
;   Data                 ;        ;       ;             ;            ;       ;       ;
;    IC                  ;        ; 8     ; 6.305       ; 61         ; 0.218 ; 1.627 ;
;    Cell                ;        ; 9     ; 4.049       ; 39         ; 0.000 ; 0.729 ;
;    uTco                ;        ; 1     ; 0.000       ; 0          ; 0.000 ; 0.000 ;
;  Required Path         ;        ;       ;             ;            ;       ;       ;
;   Clock                ;        ;       ;             ;            ;       ;       ;
;    IC                  ;        ; 2     ; 2.586       ; 76         ; 0.576 ; 2.010 ;
;    Cell                ;        ; 2     ; 0.808       ; 24         ; 0.295 ; 0.513 ;
+------------------------+--------+-------+-------------+------------+-------+-------+
Note: Negative delays are omitted from totals when calculating percentages

+------------------------------------------------------------------------------------------+
; Data Arrival Path                                                                        ;
+----------+---------+----+------+--------+----------------------+-------------------------+
; Total    ; Incr    ; RF ; Type ; Fanout ; Location             ; Element                 ;
+----------+---------+----+------+--------+----------------------+-------------------------+
; 0.000    ; 0.000   ;    ;      ;        ;                      ; launch edge time        ;
; 6.075    ; 6.075   ;    ;      ;        ;                      ; clock path              ;
;   0.000  ;   0.000 ;    ;      ;        ;                      ; source latency          ;
;   0.000  ;   0.000 ;    ;      ; 1      ; LABCELL_X1_Y36_N9    ; gpu_clk                 ;
;   2.734  ;   2.734 ; RR ; IC   ; 1      ; CLKCTRL_G2           ; gpu_clk~CLKENA0|inclk   ;
;   3.055  ;   0.321 ; RR ; CELL ; 9078   ; CLKCTRL_G2           ; gpu_clk~CLKENA0|outclk  ;
;   5.505  ;   2.450 ; RR ; IC   ; 1      ; FF_X35_Y47_N5        ; f_pos[1]|clk            ;
;   6.075  ;   0.570 ; RR ; CELL ; 1      ; FF_X35_Y47_N5        ; f_pos[1]                ;
; 16.429   ; 10.354  ;    ;      ;        ;                      ; data path               ;
;   6.075  ;   0.000 ;    ; uTco ; 1      ; FF_X35_Y47_N5        ; f_pos[1]                ;
;   6.075  ;   0.000 ; RR ; CELL ; 2      ; FF_X35_Y47_N5        ; f_pos[1]|q              ;
;   7.245  ;   1.170 ; RR ; IC   ; 1      ; LABCELL_X33_Y45_N27  ; LessThan5~4|datad       ;
;   7.738  ;   0.493 ; RF ; CELL ; 1      ; LABCELL_X33_Y45_N27  ; LessThan5~4|combout     ;
;   8.344  ;   0.606 ; FF ; IC   ; 1      ; MLABCELL_X34_Y45_N0  ; LessThan5~5|dataa       ;
;   8.898  ;   0.554 ; FF ; CELL ; 2      ; MLABCELL_X34_Y45_N0  ; LessThan5~5|combout     ;
;   9.450  ;   0.552 ; FF ; IC   ; 1      ; LABCELL_X33_Y45_N54  ; LessThan5~30|dataa      ;
;   9.990  ;   0.540 ; FR ; CELL ; 1      ; LABCELL_X33_Y45_N54  ; LessThan5~30|combout    ;
;   10.560 ;   0.570 ; RR ; IC   ; 1      ; MLABCELL_X34_Y45_N42 ; LessThan5~31|datae      ;
;   10.861 ;   0.301 ; RF ; CELL ; 1      ; MLABCELL_X34_Y45_N42 ; LessThan5~31|combout    ;
;   11.079 ;   0.218 ; FF ; IC   ; 1      ; MLABCELL_X34_Y45_N54 ; LessThan5~33|datad      ;
;   11.649 ;   0.570 ; FF ; CELL ; 1      ; MLABCELL_X34_Y45_N54 ; LessThan5~33|combout    ;
;   12.398 ;   0.749 ; FF ; IC   ; 1      ; MLABCELL_X34_Y46_N0  ; in_rec_region~0|dataa   ;
;   12.960 ;   0.562 ; FF ; CELL ; 14     ; MLABCELL_X34_Y46_N0  ; in_rec_region~0|combout ;
;   13.773 ;   0.813 ; FF ; IC   ; 1      ; LABCELL_X30_Y46_N15  ; recq[4][143]~0|datae    ;
;   14.073 ;   0.300 ; FF ; CELL ; 136    ; LABCELL_X30_Y46_N15  ; recq[4][143]~0|combout  ;
;   15.700 ;   1.627 ; FF ; IC   ; 1      ; FF_X36_Y50_N5        ; recq[4][121]|ena        ;
;   16.429 ;   0.729 ; FF ; CELL ; 1      ; FF_X36_Y50_N5        ; recq[4][121]            ;
+----------+---------+----+------+--------+----------------------+-------------------------+

+---------------------------------------------------------------------------------------+
; Data Required Path                                                                    ;
+----------+---------+----+------+--------+-------------------+-------------------------+
; Total    ; Incr    ; RF ; Type ; Fanout ; Location          ; Element                 ;
+----------+---------+----+------+--------+-------------------+-------------------------+
; 10.000   ; 10.000  ;    ;      ;        ;                   ; latch edge time         ;
; 15.976   ; 5.976   ;    ;      ;        ;                   ; clock path              ;
;   10.000 ;   0.000 ;    ;      ;        ;                   ; source latency          ;
;   10.000 ;   0.000 ;    ;      ; 1      ; LABCELL_X1_Y36_N9 ; gpu_clk                 ;
;   10.576 ;   0.576 ; RR ; IC   ; 1      ; CLKCTRL_G2        ; gpu_clk~CLKENA0|inclk   ;
;   10.871 ;   0.295 ; RR ; CELL ; 9078   ; CLKCTRL_G2        ; gpu_clk~CLKENA0|outclk  ;
;   12.881 ;   2.010 ; RR ; IC   ; 1      ; FF_X36_Y50_N5     ; recq[4][121]|clk        ;
;   13.394 ;   0.513 ; RR ; CELL ; 1      ; FF_X36_Y50_N5     ; recq[4][121]            ;
;   15.976 ;   2.582 ;    ;      ;        ;                   ; clock pessimism removed ;
; 15.916   ; -0.060  ;    ;      ;        ;                   ; clock uncertainty       ;
; 15.916   ; 0.000   ;    ; uTsu ; 1      ; FF_X36_Y50_N5     ; recq[4][121]            ;
+----------+---------+----+------+--------+-------------------+-------------------------+

----------------------------
; Extra Fitter Information ;
----------------------------
HTML report is unavailable in plain text report export.


Path #81: Setup slack is -0.512 (VIOLATED)
===============================================================================
+----------------------------------------+
; Path Summary                           ;
+--------------------+-------------------+
; Property           ; Value             ;
+--------------------+-------------------+
; From Node          ; f_pos[1]          ;
; To Node            ; recq[4][106]      ;
; Launch Clock       ; gpu_clk           ;
; Latch Clock        ; gpu_clk           ;
; Data Arrival Time  ; 16.423            ;
; Data Required Time ; 15.911            ;
; Slack              ; -0.512 (VIOLATED) ;
+--------------------+-------------------+

+------------------------------------------------------------------------------------+
; Statistics                                                                         ;
+------------------------+--------+-------+-------------+------------+-------+-------+
; Property               ; Value  ; Count ; Total Delay ; % of Total ; Min   ; Max   ;
+------------------------+--------+-------+-------------+------------+-------+-------+
; Setup Relationship     ; 10.000 ;       ;             ;            ;       ;       ;
; Clock Skew             ; -0.104 ;       ;             ;            ;       ;       ;
; Data Delay             ; 10.348 ;       ;             ;            ;       ;       ;
; Number of Logic Levels ;        ; 7     ;             ;            ;       ;       ;
; Physical Delays        ;        ;       ;             ;            ;       ;       ;
;  Arrival Path          ;        ;       ;             ;            ;       ;       ;
;   Clock                ;        ;       ;             ;            ;       ;       ;
;    IC                  ;        ; 2     ; 5.184       ; 85         ; 2.450 ; 2.734 ;
;    Cell                ;        ; 2     ; 0.891       ; 15         ; 0.321 ; 0.570 ;
;   Data                 ;        ;       ;             ;            ;       ;       ;
;    IC                  ;        ; 8     ; 6.305       ; 61         ; 0.218 ; 1.627 ;
;    Cell                ;        ; 9     ; 4.043       ; 39         ; 0.000 ; 0.723 ;
;    uTco                ;        ; 1     ; 0.000       ; 0          ; 0.000 ; 0.000 ;
;  Required Path         ;        ;       ;             ;            ;       ;       ;
;   Clock                ;        ;       ;             ;            ;       ;       ;
;    IC                  ;        ; 2     ; 2.586       ; 76         ; 0.576 ; 2.010 ;
;    Cell                ;        ; 2     ; 0.803       ; 24         ; 0.295 ; 0.508 ;
+------------------------+--------+-------+-------------+------------+-------+-------+
Note: Negative delays are omitted from totals when calculating percentages

+------------------------------------------------------------------------------------------+
; Data Arrival Path                                                                        ;
+----------+---------+----+------+--------+----------------------+-------------------------+
; Total    ; Incr    ; RF ; Type ; Fanout ; Location             ; Element                 ;
+----------+---------+----+------+--------+----------------------+-------------------------+
; 0.000    ; 0.000   ;    ;      ;        ;                      ; launch edge time        ;
; 6.075    ; 6.075   ;    ;      ;        ;                      ; clock path              ;
;   0.000  ;   0.000 ;    ;      ;        ;                      ; source latency          ;
;   0.000  ;   0.000 ;    ;      ; 1      ; LABCELL_X1_Y36_N9    ; gpu_clk                 ;
;   2.734  ;   2.734 ; RR ; IC   ; 1      ; CLKCTRL_G2           ; gpu_clk~CLKENA0|inclk   ;
;   3.055  ;   0.321 ; RR ; CELL ; 9078   ; CLKCTRL_G2           ; gpu_clk~CLKENA0|outclk  ;
;   5.505  ;   2.450 ; RR ; IC   ; 1      ; FF_X35_Y47_N5        ; f_pos[1]|clk            ;
;   6.075  ;   0.570 ; RR ; CELL ; 1      ; FF_X35_Y47_N5        ; f_pos[1]                ;
; 16.423   ; 10.348  ;    ;      ;        ;                      ; data path               ;
;   6.075  ;   0.000 ;    ; uTco ; 1      ; FF_X35_Y47_N5        ; f_pos[1]                ;
;   6.075  ;   0.000 ; RR ; CELL ; 2      ; FF_X35_Y47_N5        ; f_pos[1]|q              ;
;   7.245  ;   1.170 ; RR ; IC   ; 1      ; LABCELL_X33_Y45_N27  ; LessThan5~4|datad       ;
;   7.738  ;   0.493 ; RF ; CELL ; 1      ; LABCELL_X33_Y45_N27  ; LessThan5~4|combout     ;
;   8.344  ;   0.606 ; FF ; IC   ; 1      ; MLABCELL_X34_Y45_N0  ; LessThan5~5|dataa       ;
;   8.898  ;   0.554 ; FF ; CELL ; 2      ; MLABCELL_X34_Y45_N0  ; LessThan5~5|combout     ;
;   9.450  ;   0.552 ; FF ; IC   ; 1      ; LABCELL_X33_Y45_N54  ; LessThan5~30|dataa      ;
;   9.990  ;   0.540 ; FR ; CELL ; 1      ; LABCELL_X33_Y45_N54  ; LessThan5~30|combout    ;
;   10.560 ;   0.570 ; RR ; IC   ; 1      ; MLABCELL_X34_Y45_N42 ; LessThan5~31|datae      ;
;   10.861 ;   0.301 ; RF ; CELL ; 1      ; MLABCELL_X34_Y45_N42 ; LessThan5~31|combout    ;
;   11.079 ;   0.218 ; FF ; IC   ; 1      ; MLABCELL_X34_Y45_N54 ; LessThan5~33|datad      ;
;   11.649 ;   0.570 ; FF ; CELL ; 1      ; MLABCELL_X34_Y45_N54 ; LessThan5~33|combout    ;
;   12.398 ;   0.749 ; FF ; IC   ; 1      ; MLABCELL_X34_Y46_N0  ; in_rec_region~0|dataa   ;
;   12.960 ;   0.562 ; FF ; CELL ; 14     ; MLABCELL_X34_Y46_N0  ; in_rec_region~0|combout ;
;   13.773 ;   0.813 ; FF ; IC   ; 1      ; LABCELL_X30_Y46_N15  ; recq[4][143]~0|datae    ;
;   14.073 ;   0.300 ; FF ; CELL ; 136    ; LABCELL_X30_Y46_N15  ; recq[4][143]~0|combout  ;
;   15.700 ;   1.627 ; FF ; IC   ; 1      ; FF_X36_Y50_N56       ; recq[4][106]|ena        ;
;   16.423 ;   0.723 ; FF ; CELL ; 1      ; FF_X36_Y50_N56       ; recq[4][106]            ;
+----------+---------+----+------+--------+----------------------+-------------------------+

+---------------------------------------------------------------------------------------+
; Data Required Path                                                                    ;
+----------+---------+----+------+--------+-------------------+-------------------------+
; Total    ; Incr    ; RF ; Type ; Fanout ; Location          ; Element                 ;
+----------+---------+----+------+--------+-------------------+-------------------------+
; 10.000   ; 10.000  ;    ;      ;        ;                   ; latch edge time         ;
; 15.971   ; 5.971   ;    ;      ;        ;                   ; clock path              ;
;   10.000 ;   0.000 ;    ;      ;        ;                   ; source latency          ;
;   10.000 ;   0.000 ;    ;      ; 1      ; LABCELL_X1_Y36_N9 ; gpu_clk                 ;
;   10.576 ;   0.576 ; RR ; IC   ; 1      ; CLKCTRL_G2        ; gpu_clk~CLKENA0|inclk   ;
;   10.871 ;   0.295 ; RR ; CELL ; 9078   ; CLKCTRL_G2        ; gpu_clk~CLKENA0|outclk  ;
;   12.881 ;   2.010 ; RR ; IC   ; 1      ; FF_X36_Y50_N56    ; recq[4][106]|clk        ;
;   13.389 ;   0.508 ; RR ; CELL ; 1      ; FF_X36_Y50_N56    ; recq[4][106]            ;
;   15.971 ;   2.582 ;    ;      ;        ;                   ; clock pessimism removed ;
; 15.911   ; -0.060  ;    ;      ;        ;                   ; clock uncertainty       ;
; 15.911   ; 0.000   ;    ; uTsu ; 1      ; FF_X36_Y50_N56    ; recq[4][106]            ;
+----------+---------+----+------+--------+-------------------+-------------------------+

----------------------------
; Extra Fitter Information ;
----------------------------
HTML report is unavailable in plain text report export.


Path #82: Setup slack is -0.512 (VIOLATED)
===============================================================================
+----------------------------------------+
; Path Summary                           ;
+--------------------+-------------------+
; Property           ; Value             ;
+--------------------+-------------------+
; From Node          ; f_pos[1]          ;
; To Node            ; recq[4][107]      ;
; Launch Clock       ; gpu_clk           ;
; Latch Clock        ; gpu_clk           ;
; Data Arrival Time  ; 16.421            ;
; Data Required Time ; 15.909            ;
; Slack              ; -0.512 (VIOLATED) ;
+--------------------+-------------------+

+------------------------------------------------------------------------------------+
; Statistics                                                                         ;
+------------------------+--------+-------+-------------+------------+-------+-------+
; Property               ; Value  ; Count ; Total Delay ; % of Total ; Min   ; Max   ;
+------------------------+--------+-------+-------------+------------+-------+-------+
; Setup Relationship     ; 10.000 ;       ;             ;            ;       ;       ;
; Clock Skew             ; -0.106 ;       ;             ;            ;       ;       ;
; Data Delay             ; 10.346 ;       ;             ;            ;       ;       ;
; Number of Logic Levels ;        ; 7     ;             ;            ;       ;       ;
; Physical Delays        ;        ;       ;             ;            ;       ;       ;
;  Arrival Path          ;        ;       ;             ;            ;       ;       ;
;   Clock                ;        ;       ;             ;            ;       ;       ;
;    IC                  ;        ; 2     ; 5.184       ; 85         ; 2.450 ; 2.734 ;
;    Cell                ;        ; 2     ; 0.891       ; 15         ; 0.321 ; 0.570 ;
;   Data                 ;        ;       ;             ;            ;       ;       ;
;    IC                  ;        ; 8     ; 6.305       ; 61         ; 0.218 ; 1.627 ;
;    Cell                ;        ; 9     ; 4.041       ; 39         ; 0.000 ; 0.721 ;
;    uTco                ;        ; 1     ; 0.000       ; 0          ; 0.000 ; 0.000 ;
;  Required Path         ;        ;       ;             ;            ;       ;       ;
;   Clock                ;        ;       ;             ;            ;       ;       ;
;    IC                  ;        ; 2     ; 2.586       ; 76         ; 0.576 ; 2.010 ;
;    Cell                ;        ; 2     ; 0.801       ; 24         ; 0.295 ; 0.506 ;
+------------------------+--------+-------+-------------+------------+-------+-------+
Note: Negative delays are omitted from totals when calculating percentages

+------------------------------------------------------------------------------------------+
; Data Arrival Path                                                                        ;
+----------+---------+----+------+--------+----------------------+-------------------------+
; Total    ; Incr    ; RF ; Type ; Fanout ; Location             ; Element                 ;
+----------+---------+----+------+--------+----------------------+-------------------------+
; 0.000    ; 0.000   ;    ;      ;        ;                      ; launch edge time        ;
; 6.075    ; 6.075   ;    ;      ;        ;                      ; clock path              ;
;   0.000  ;   0.000 ;    ;      ;        ;                      ; source latency          ;
;   0.000  ;   0.000 ;    ;      ; 1      ; LABCELL_X1_Y36_N9    ; gpu_clk                 ;
;   2.734  ;   2.734 ; RR ; IC   ; 1      ; CLKCTRL_G2           ; gpu_clk~CLKENA0|inclk   ;
;   3.055  ;   0.321 ; RR ; CELL ; 9078   ; CLKCTRL_G2           ; gpu_clk~CLKENA0|outclk  ;
;   5.505  ;   2.450 ; RR ; IC   ; 1      ; FF_X35_Y47_N5        ; f_pos[1]|clk            ;
;   6.075  ;   0.570 ; RR ; CELL ; 1      ; FF_X35_Y47_N5        ; f_pos[1]                ;
; 16.421   ; 10.346  ;    ;      ;        ;                      ; data path               ;
;   6.075  ;   0.000 ;    ; uTco ; 1      ; FF_X35_Y47_N5        ; f_pos[1]                ;
;   6.075  ;   0.000 ; RR ; CELL ; 2      ; FF_X35_Y47_N5        ; f_pos[1]|q              ;
;   7.245  ;   1.170 ; RR ; IC   ; 1      ; LABCELL_X33_Y45_N27  ; LessThan5~4|datad       ;
;   7.738  ;   0.493 ; RF ; CELL ; 1      ; LABCELL_X33_Y45_N27  ; LessThan5~4|combout     ;
;   8.344  ;   0.606 ; FF ; IC   ; 1      ; MLABCELL_X34_Y45_N0  ; LessThan5~5|dataa       ;
;   8.898  ;   0.554 ; FF ; CELL ; 2      ; MLABCELL_X34_Y45_N0  ; LessThan5~5|combout     ;
;   9.450  ;   0.552 ; FF ; IC   ; 1      ; LABCELL_X33_Y45_N54  ; LessThan5~30|dataa      ;
;   9.990  ;   0.540 ; FR ; CELL ; 1      ; LABCELL_X33_Y45_N54  ; LessThan5~30|combout    ;
;   10.560 ;   0.570 ; RR ; IC   ; 1      ; MLABCELL_X34_Y45_N42 ; LessThan5~31|datae      ;
;   10.861 ;   0.301 ; RF ; CELL ; 1      ; MLABCELL_X34_Y45_N42 ; LessThan5~31|combout    ;
;   11.079 ;   0.218 ; FF ; IC   ; 1      ; MLABCELL_X34_Y45_N54 ; LessThan5~33|datad      ;
;   11.649 ;   0.570 ; FF ; CELL ; 1      ; MLABCELL_X34_Y45_N54 ; LessThan5~33|combout    ;
;   12.398 ;   0.749 ; FF ; IC   ; 1      ; MLABCELL_X34_Y46_N0  ; in_rec_region~0|dataa   ;
;   12.960 ;   0.562 ; FF ; CELL ; 14     ; MLABCELL_X34_Y46_N0  ; in_rec_region~0|combout ;
;   13.773 ;   0.813 ; FF ; IC   ; 1      ; LABCELL_X30_Y46_N15  ; recq[4][143]~0|datae    ;
;   14.073 ;   0.300 ; FF ; CELL ; 136    ; LABCELL_X30_Y46_N15  ; recq[4][143]~0|combout  ;
;   15.700 ;   1.627 ; FF ; IC   ; 1      ; FF_X36_Y50_N58       ; recq[4][107]|ena        ;
;   16.421 ;   0.721 ; FF ; CELL ; 1      ; FF_X36_Y50_N58       ; recq[4][107]            ;
+----------+---------+----+------+--------+----------------------+-------------------------+

+---------------------------------------------------------------------------------------+
; Data Required Path                                                                    ;
+----------+---------+----+------+--------+-------------------+-------------------------+
; Total    ; Incr    ; RF ; Type ; Fanout ; Location          ; Element                 ;
+----------+---------+----+------+--------+-------------------+-------------------------+
; 10.000   ; 10.000  ;    ;      ;        ;                   ; latch edge time         ;
; 15.969   ; 5.969   ;    ;      ;        ;                   ; clock path              ;
;   10.000 ;   0.000 ;    ;      ;        ;                   ; source latency          ;
;   10.000 ;   0.000 ;    ;      ; 1      ; LABCELL_X1_Y36_N9 ; gpu_clk                 ;
;   10.576 ;   0.576 ; RR ; IC   ; 1      ; CLKCTRL_G2        ; gpu_clk~CLKENA0|inclk   ;
;   10.871 ;   0.295 ; RR ; CELL ; 9078   ; CLKCTRL_G2        ; gpu_clk~CLKENA0|outclk  ;
;   12.881 ;   2.010 ; RR ; IC   ; 1      ; FF_X36_Y50_N58    ; recq[4][107]|clk        ;
;   13.387 ;   0.506 ; RR ; CELL ; 1      ; FF_X36_Y50_N58    ; recq[4][107]            ;
;   15.969 ;   2.582 ;    ;      ;        ;                   ; clock pessimism removed ;
; 15.909   ; -0.060  ;    ;      ;        ;                   ; clock uncertainty       ;
; 15.909   ; 0.000   ;    ; uTsu ; 1      ; FF_X36_Y50_N58    ; recq[4][107]            ;
+----------+---------+----+------+--------+-------------------+-------------------------+

----------------------------
; Extra Fitter Information ;
----------------------------
HTML report is unavailable in plain text report export.


Path #83: Setup slack is -0.512 (VIOLATED)
===============================================================================
+----------------------------------------+
; Path Summary                           ;
+--------------------+-------------------+
; Property           ; Value             ;
+--------------------+-------------------+
; From Node          ; f_pos[1]          ;
; To Node            ; recq[4][113]      ;
; Launch Clock       ; gpu_clk           ;
; Latch Clock        ; gpu_clk           ;
; Data Arrival Time  ; 16.427            ;
; Data Required Time ; 15.915            ;
; Slack              ; -0.512 (VIOLATED) ;
+--------------------+-------------------+

+------------------------------------------------------------------------------------+
; Statistics                                                                         ;
+------------------------+--------+-------+-------------+------------+-------+-------+
; Property               ; Value  ; Count ; Total Delay ; % of Total ; Min   ; Max   ;
+------------------------+--------+-------+-------------+------------+-------+-------+
; Setup Relationship     ; 10.000 ;       ;             ;            ;       ;       ;
; Clock Skew             ; -0.100 ;       ;             ;            ;       ;       ;
; Data Delay             ; 10.352 ;       ;             ;            ;       ;       ;
; Number of Logic Levels ;        ; 7     ;             ;            ;       ;       ;
; Physical Delays        ;        ;       ;             ;            ;       ;       ;
;  Arrival Path          ;        ;       ;             ;            ;       ;       ;
;   Clock                ;        ;       ;             ;            ;       ;       ;
;    IC                  ;        ; 2     ; 5.184       ; 85         ; 2.450 ; 2.734 ;
;    Cell                ;        ; 2     ; 0.891       ; 15         ; 0.321 ; 0.570 ;
;   Data                 ;        ;       ;             ;            ;       ;       ;
;    IC                  ;        ; 8     ; 6.305       ; 61         ; 0.218 ; 1.627 ;
;    Cell                ;        ; 9     ; 4.047       ; 39         ; 0.000 ; 0.727 ;
;    uTco                ;        ; 1     ; 0.000       ; 0          ; 0.000 ; 0.000 ;
;  Required Path         ;        ;       ;             ;            ;       ;       ;
;   Clock                ;        ;       ;             ;            ;       ;       ;
;    IC                  ;        ; 2     ; 2.586       ; 76         ; 0.576 ; 2.010 ;
;    Cell                ;        ; 2     ; 0.807       ; 24         ; 0.295 ; 0.512 ;
+------------------------+--------+-------+-------------+------------+-------+-------+
Note: Negative delays are omitted from totals when calculating percentages

+------------------------------------------------------------------------------------------+
; Data Arrival Path                                                                        ;
+----------+---------+----+------+--------+----------------------+-------------------------+
; Total    ; Incr    ; RF ; Type ; Fanout ; Location             ; Element                 ;
+----------+---------+----+------+--------+----------------------+-------------------------+
; 0.000    ; 0.000   ;    ;      ;        ;                      ; launch edge time        ;
; 6.075    ; 6.075   ;    ;      ;        ;                      ; clock path              ;
;   0.000  ;   0.000 ;    ;      ;        ;                      ; source latency          ;
;   0.000  ;   0.000 ;    ;      ; 1      ; LABCELL_X1_Y36_N9    ; gpu_clk                 ;
;   2.734  ;   2.734 ; RR ; IC   ; 1      ; CLKCTRL_G2           ; gpu_clk~CLKENA0|inclk   ;
;   3.055  ;   0.321 ; RR ; CELL ; 9078   ; CLKCTRL_G2           ; gpu_clk~CLKENA0|outclk  ;
;   5.505  ;   2.450 ; RR ; IC   ; 1      ; FF_X35_Y47_N5        ; f_pos[1]|clk            ;
;   6.075  ;   0.570 ; RR ; CELL ; 1      ; FF_X35_Y47_N5        ; f_pos[1]                ;
; 16.427   ; 10.352  ;    ;      ;        ;                      ; data path               ;
;   6.075  ;   0.000 ;    ; uTco ; 1      ; FF_X35_Y47_N5        ; f_pos[1]                ;
;   6.075  ;   0.000 ; RR ; CELL ; 2      ; FF_X35_Y47_N5        ; f_pos[1]|q              ;
;   7.245  ;   1.170 ; RR ; IC   ; 1      ; LABCELL_X33_Y45_N27  ; LessThan5~4|datad       ;
;   7.738  ;   0.493 ; RF ; CELL ; 1      ; LABCELL_X33_Y45_N27  ; LessThan5~4|combout     ;
;   8.344  ;   0.606 ; FF ; IC   ; 1      ; MLABCELL_X34_Y45_N0  ; LessThan5~5|dataa       ;
;   8.898  ;   0.554 ; FF ; CELL ; 2      ; MLABCELL_X34_Y45_N0  ; LessThan5~5|combout     ;
;   9.450  ;   0.552 ; FF ; IC   ; 1      ; LABCELL_X33_Y45_N54  ; LessThan5~30|dataa      ;
;   9.990  ;   0.540 ; FR ; CELL ; 1      ; LABCELL_X33_Y45_N54  ; LessThan5~30|combout    ;
;   10.560 ;   0.570 ; RR ; IC   ; 1      ; MLABCELL_X34_Y45_N42 ; LessThan5~31|datae      ;
;   10.861 ;   0.301 ; RF ; CELL ; 1      ; MLABCELL_X34_Y45_N42 ; LessThan5~31|combout    ;
;   11.079 ;   0.218 ; FF ; IC   ; 1      ; MLABCELL_X34_Y45_N54 ; LessThan5~33|datad      ;
;   11.649 ;   0.570 ; FF ; CELL ; 1      ; MLABCELL_X34_Y45_N54 ; LessThan5~33|combout    ;
;   12.398 ;   0.749 ; FF ; IC   ; 1      ; MLABCELL_X34_Y46_N0  ; in_rec_region~0|dataa   ;
;   12.960 ;   0.562 ; FF ; CELL ; 14     ; MLABCELL_X34_Y46_N0  ; in_rec_region~0|combout ;
;   13.773 ;   0.813 ; FF ; IC   ; 1      ; LABCELL_X30_Y46_N15  ; recq[4][143]~0|datae    ;
;   14.073 ;   0.300 ; FF ; CELL ; 136    ; LABCELL_X30_Y46_N15  ; recq[4][143]~0|combout  ;
;   15.700 ;   1.627 ; FF ; IC   ; 1      ; FF_X36_Y50_N1        ; recq[4][113]|ena        ;
;   16.427 ;   0.727 ; FF ; CELL ; 1      ; FF_X36_Y50_N1        ; recq[4][113]            ;
+----------+---------+----+------+--------+----------------------+-------------------------+

+---------------------------------------------------------------------------------------+
; Data Required Path                                                                    ;
+----------+---------+----+------+--------+-------------------+-------------------------+
; Total    ; Incr    ; RF ; Type ; Fanout ; Location          ; Element                 ;
+----------+---------+----+------+--------+-------------------+-------------------------+
; 10.000   ; 10.000  ;    ;      ;        ;                   ; latch edge time         ;
; 15.975   ; 5.975   ;    ;      ;        ;                   ; clock path              ;
;   10.000 ;   0.000 ;    ;      ;        ;                   ; source latency          ;
;   10.000 ;   0.000 ;    ;      ; 1      ; LABCELL_X1_Y36_N9 ; gpu_clk                 ;
;   10.576 ;   0.576 ; RR ; IC   ; 1      ; CLKCTRL_G2        ; gpu_clk~CLKENA0|inclk   ;
;   10.871 ;   0.295 ; RR ; CELL ; 9078   ; CLKCTRL_G2        ; gpu_clk~CLKENA0|outclk  ;
;   12.881 ;   2.010 ; RR ; IC   ; 1      ; FF_X36_Y50_N1     ; recq[4][113]|clk        ;
;   13.393 ;   0.512 ; RR ; CELL ; 1      ; FF_X36_Y50_N1     ; recq[4][113]            ;
;   15.975 ;   2.582 ;    ;      ;        ;                   ; clock pessimism removed ;
; 15.915   ; -0.060  ;    ;      ;        ;                   ; clock uncertainty       ;
; 15.915   ; 0.000   ;    ; uTsu ; 1      ; FF_X36_Y50_N1     ; recq[4][113]            ;
+----------+---------+----+------+--------+-------------------+-------------------------+

----------------------------
; Extra Fitter Information ;
----------------------------
HTML report is unavailable in plain text report export.


Path #84: Setup slack is -0.512 (VIOLATED)
===============================================================================
+----------------------------------------+
; Path Summary                           ;
+--------------------+-------------------+
; Property           ; Value             ;
+--------------------+-------------------+
; From Node          ; f_pos[1]          ;
; To Node            ; recq[4][108]      ;
; Launch Clock       ; gpu_clk           ;
; Latch Clock        ; gpu_clk           ;
; Data Arrival Time  ; 16.421            ;
; Data Required Time ; 15.909            ;
; Slack              ; -0.512 (VIOLATED) ;
+--------------------+-------------------+

+------------------------------------------------------------------------------------+
; Statistics                                                                         ;
+------------------------+--------+-------+-------------+------------+-------+-------+
; Property               ; Value  ; Count ; Total Delay ; % of Total ; Min   ; Max   ;
+------------------------+--------+-------+-------------+------------+-------+-------+
; Setup Relationship     ; 10.000 ;       ;             ;            ;       ;       ;
; Clock Skew             ; -0.106 ;       ;             ;            ;       ;       ;
; Data Delay             ; 10.346 ;       ;             ;            ;       ;       ;
; Number of Logic Levels ;        ; 7     ;             ;            ;       ;       ;
; Physical Delays        ;        ;       ;             ;            ;       ;       ;
;  Arrival Path          ;        ;       ;             ;            ;       ;       ;
;   Clock                ;        ;       ;             ;            ;       ;       ;
;    IC                  ;        ; 2     ; 5.184       ; 85         ; 2.450 ; 2.734 ;
;    Cell                ;        ; 2     ; 0.891       ; 15         ; 0.321 ; 0.570 ;
;   Data                 ;        ;       ;             ;            ;       ;       ;
;    IC                  ;        ; 8     ; 6.305       ; 61         ; 0.218 ; 1.627 ;
;    Cell                ;        ; 9     ; 4.041       ; 39         ; 0.000 ; 0.721 ;
;    uTco                ;        ; 1     ; 0.000       ; 0          ; 0.000 ; 0.000 ;
;  Required Path         ;        ;       ;             ;            ;       ;       ;
;   Clock                ;        ;       ;             ;            ;       ;       ;
;    IC                  ;        ; 2     ; 2.586       ; 76         ; 0.576 ; 2.010 ;
;    Cell                ;        ; 2     ; 0.801       ; 24         ; 0.295 ; 0.506 ;
+------------------------+--------+-------+-------------+------------+-------+-------+
Note: Negative delays are omitted from totals when calculating percentages

+------------------------------------------------------------------------------------------+
; Data Arrival Path                                                                        ;
+----------+---------+----+------+--------+----------------------+-------------------------+
; Total    ; Incr    ; RF ; Type ; Fanout ; Location             ; Element                 ;
+----------+---------+----+------+--------+----------------------+-------------------------+
; 0.000    ; 0.000   ;    ;      ;        ;                      ; launch edge time        ;
; 6.075    ; 6.075   ;    ;      ;        ;                      ; clock path              ;
;   0.000  ;   0.000 ;    ;      ;        ;                      ; source latency          ;
;   0.000  ;   0.000 ;    ;      ; 1      ; LABCELL_X1_Y36_N9    ; gpu_clk                 ;
;   2.734  ;   2.734 ; RR ; IC   ; 1      ; CLKCTRL_G2           ; gpu_clk~CLKENA0|inclk   ;
;   3.055  ;   0.321 ; RR ; CELL ; 9078   ; CLKCTRL_G2           ; gpu_clk~CLKENA0|outclk  ;
;   5.505  ;   2.450 ; RR ; IC   ; 1      ; FF_X35_Y47_N5        ; f_pos[1]|clk            ;
;   6.075  ;   0.570 ; RR ; CELL ; 1      ; FF_X35_Y47_N5        ; f_pos[1]                ;
; 16.421   ; 10.346  ;    ;      ;        ;                      ; data path               ;
;   6.075  ;   0.000 ;    ; uTco ; 1      ; FF_X35_Y47_N5        ; f_pos[1]                ;
;   6.075  ;   0.000 ; RR ; CELL ; 2      ; FF_X35_Y47_N5        ; f_pos[1]|q              ;
;   7.245  ;   1.170 ; RR ; IC   ; 1      ; LABCELL_X33_Y45_N27  ; LessThan5~4|datad       ;
;   7.738  ;   0.493 ; RF ; CELL ; 1      ; LABCELL_X33_Y45_N27  ; LessThan5~4|combout     ;
;   8.344  ;   0.606 ; FF ; IC   ; 1      ; MLABCELL_X34_Y45_N0  ; LessThan5~5|dataa       ;
;   8.898  ;   0.554 ; FF ; CELL ; 2      ; MLABCELL_X34_Y45_N0  ; LessThan5~5|combout     ;
;   9.450  ;   0.552 ; FF ; IC   ; 1      ; LABCELL_X33_Y45_N54  ; LessThan5~30|dataa      ;
;   9.990  ;   0.540 ; FR ; CELL ; 1      ; LABCELL_X33_Y45_N54  ; LessThan5~30|combout    ;
;   10.560 ;   0.570 ; RR ; IC   ; 1      ; MLABCELL_X34_Y45_N42 ; LessThan5~31|datae      ;
;   10.861 ;   0.301 ; RF ; CELL ; 1      ; MLABCELL_X34_Y45_N42 ; LessThan5~31|combout    ;
;   11.079 ;   0.218 ; FF ; IC   ; 1      ; MLABCELL_X34_Y45_N54 ; LessThan5~33|datad      ;
;   11.649 ;   0.570 ; FF ; CELL ; 1      ; MLABCELL_X34_Y45_N54 ; LessThan5~33|combout    ;
;   12.398 ;   0.749 ; FF ; IC   ; 1      ; MLABCELL_X34_Y46_N0  ; in_rec_region~0|dataa   ;
;   12.960 ;   0.562 ; FF ; CELL ; 14     ; MLABCELL_X34_Y46_N0  ; in_rec_region~0|combout ;
;   13.773 ;   0.813 ; FF ; IC   ; 1      ; LABCELL_X30_Y46_N15  ; recq[4][143]~0|datae    ;
;   14.073 ;   0.300 ; FF ; CELL ; 136    ; LABCELL_X30_Y46_N15  ; recq[4][143]~0|combout  ;
;   15.700 ;   1.627 ; FF ; IC   ; 1      ; FF_X36_Y50_N4        ; recq[4][108]|ena        ;
;   16.421 ;   0.721 ; FF ; CELL ; 1      ; FF_X36_Y50_N4        ; recq[4][108]            ;
+----------+---------+----+------+--------+----------------------+-------------------------+

+---------------------------------------------------------------------------------------+
; Data Required Path                                                                    ;
+----------+---------+----+------+--------+-------------------+-------------------------+
; Total    ; Incr    ; RF ; Type ; Fanout ; Location          ; Element                 ;
+----------+---------+----+------+--------+-------------------+-------------------------+
; 10.000   ; 10.000  ;    ;      ;        ;                   ; latch edge time         ;
; 15.969   ; 5.969   ;    ;      ;        ;                   ; clock path              ;
;   10.000 ;   0.000 ;    ;      ;        ;                   ; source latency          ;
;   10.000 ;   0.000 ;    ;      ; 1      ; LABCELL_X1_Y36_N9 ; gpu_clk                 ;
;   10.576 ;   0.576 ; RR ; IC   ; 1      ; CLKCTRL_G2        ; gpu_clk~CLKENA0|inclk   ;
;   10.871 ;   0.295 ; RR ; CELL ; 9078   ; CLKCTRL_G2        ; gpu_clk~CLKENA0|outclk  ;
;   12.881 ;   2.010 ; RR ; IC   ; 1      ; FF_X36_Y50_N4     ; recq[4][108]|clk        ;
;   13.387 ;   0.506 ; RR ; CELL ; 1      ; FF_X36_Y50_N4     ; recq[4][108]            ;
;   15.969 ;   2.582 ;    ;      ;        ;                   ; clock pessimism removed ;
; 15.909   ; -0.060  ;    ;      ;        ;                   ; clock uncertainty       ;
; 15.909   ; 0.000   ;    ; uTsu ; 1      ; FF_X36_Y50_N4     ; recq[4][108]            ;
+----------+---------+----+------+--------+-------------------+-------------------------+

----------------------------
; Extra Fitter Information ;
----------------------------
HTML report is unavailable in plain text report export.


Path #85: Setup slack is -0.512 (VIOLATED)
===============================================================================
+----------------------------------------+
; Path Summary                           ;
+--------------------+-------------------+
; Property           ; Value             ;
+--------------------+-------------------+
; From Node          ; f_pos[1]          ;
; To Node            ; recq[4][119]      ;
; Launch Clock       ; gpu_clk           ;
; Latch Clock        ; gpu_clk           ;
; Data Arrival Time  ; 16.423            ;
; Data Required Time ; 15.911            ;
; Slack              ; -0.512 (VIOLATED) ;
+--------------------+-------------------+

+------------------------------------------------------------------------------------+
; Statistics                                                                         ;
+------------------------+--------+-------+-------------+------------+-------+-------+
; Property               ; Value  ; Count ; Total Delay ; % of Total ; Min   ; Max   ;
+------------------------+--------+-------+-------------+------------+-------+-------+
; Setup Relationship     ; 10.000 ;       ;             ;            ;       ;       ;
; Clock Skew             ; -0.104 ;       ;             ;            ;       ;       ;
; Data Delay             ; 10.348 ;       ;             ;            ;       ;       ;
; Number of Logic Levels ;        ; 7     ;             ;            ;       ;       ;
; Physical Delays        ;        ;       ;             ;            ;       ;       ;
;  Arrival Path          ;        ;       ;             ;            ;       ;       ;
;   Clock                ;        ;       ;             ;            ;       ;       ;
;    IC                  ;        ; 2     ; 5.184       ; 85         ; 2.450 ; 2.734 ;
;    Cell                ;        ; 2     ; 0.891       ; 15         ; 0.321 ; 0.570 ;
;   Data                 ;        ;       ;             ;            ;       ;       ;
;    IC                  ;        ; 8     ; 6.305       ; 61         ; 0.218 ; 1.627 ;
;    Cell                ;        ; 9     ; 4.043       ; 39         ; 0.000 ; 0.723 ;
;    uTco                ;        ; 1     ; 0.000       ; 0          ; 0.000 ; 0.000 ;
;  Required Path         ;        ;       ;             ;            ;       ;       ;
;   Clock                ;        ;       ;             ;            ;       ;       ;
;    IC                  ;        ; 2     ; 2.586       ; 76         ; 0.576 ; 2.010 ;
;    Cell                ;        ; 2     ; 0.803       ; 24         ; 0.295 ; 0.508 ;
+------------------------+--------+-------+-------------+------------+-------+-------+
Note: Negative delays are omitted from totals when calculating percentages

+------------------------------------------------------------------------------------------+
; Data Arrival Path                                                                        ;
+----------+---------+----+------+--------+----------------------+-------------------------+
; Total    ; Incr    ; RF ; Type ; Fanout ; Location             ; Element                 ;
+----------+---------+----+------+--------+----------------------+-------------------------+
; 0.000    ; 0.000   ;    ;      ;        ;                      ; launch edge time        ;
; 6.075    ; 6.075   ;    ;      ;        ;                      ; clock path              ;
;   0.000  ;   0.000 ;    ;      ;        ;                      ; source latency          ;
;   0.000  ;   0.000 ;    ;      ; 1      ; LABCELL_X1_Y36_N9    ; gpu_clk                 ;
;   2.734  ;   2.734 ; RR ; IC   ; 1      ; CLKCTRL_G2           ; gpu_clk~CLKENA0|inclk   ;
;   3.055  ;   0.321 ; RR ; CELL ; 9078   ; CLKCTRL_G2           ; gpu_clk~CLKENA0|outclk  ;
;   5.505  ;   2.450 ; RR ; IC   ; 1      ; FF_X35_Y47_N5        ; f_pos[1]|clk            ;
;   6.075  ;   0.570 ; RR ; CELL ; 1      ; FF_X35_Y47_N5        ; f_pos[1]                ;
; 16.423   ; 10.348  ;    ;      ;        ;                      ; data path               ;
;   6.075  ;   0.000 ;    ; uTco ; 1      ; FF_X35_Y47_N5        ; f_pos[1]                ;
;   6.075  ;   0.000 ; RR ; CELL ; 2      ; FF_X35_Y47_N5        ; f_pos[1]|q              ;
;   7.245  ;   1.170 ; RR ; IC   ; 1      ; LABCELL_X33_Y45_N27  ; LessThan5~4|datad       ;
;   7.738  ;   0.493 ; RF ; CELL ; 1      ; LABCELL_X33_Y45_N27  ; LessThan5~4|combout     ;
;   8.344  ;   0.606 ; FF ; IC   ; 1      ; MLABCELL_X34_Y45_N0  ; LessThan5~5|dataa       ;
;   8.898  ;   0.554 ; FF ; CELL ; 2      ; MLABCELL_X34_Y45_N0  ; LessThan5~5|combout     ;
;   9.450  ;   0.552 ; FF ; IC   ; 1      ; LABCELL_X33_Y45_N54  ; LessThan5~30|dataa      ;
;   9.990  ;   0.540 ; FR ; CELL ; 1      ; LABCELL_X33_Y45_N54  ; LessThan5~30|combout    ;
;   10.560 ;   0.570 ; RR ; IC   ; 1      ; MLABCELL_X34_Y45_N42 ; LessThan5~31|datae      ;
;   10.861 ;   0.301 ; RF ; CELL ; 1      ; MLABCELL_X34_Y45_N42 ; LessThan5~31|combout    ;
;   11.079 ;   0.218 ; FF ; IC   ; 1      ; MLABCELL_X34_Y45_N54 ; LessThan5~33|datad      ;
;   11.649 ;   0.570 ; FF ; CELL ; 1      ; MLABCELL_X34_Y45_N54 ; LessThan5~33|combout    ;
;   12.398 ;   0.749 ; FF ; IC   ; 1      ; MLABCELL_X34_Y46_N0  ; in_rec_region~0|dataa   ;
;   12.960 ;   0.562 ; FF ; CELL ; 14     ; MLABCELL_X34_Y46_N0  ; in_rec_region~0|combout ;
;   13.773 ;   0.813 ; FF ; IC   ; 1      ; LABCELL_X30_Y46_N15  ; recq[4][143]~0|datae    ;
;   14.073 ;   0.300 ; FF ; CELL ; 136    ; LABCELL_X30_Y46_N15  ; recq[4][143]~0|combout  ;
;   15.700 ;   1.627 ; FF ; IC   ; 1      ; FF_X36_Y50_N8        ; recq[4][119]|ena        ;
;   16.423 ;   0.723 ; FF ; CELL ; 1      ; FF_X36_Y50_N8        ; recq[4][119]            ;
+----------+---------+----+------+--------+----------------------+-------------------------+

+---------------------------------------------------------------------------------------+
; Data Required Path                                                                    ;
+----------+---------+----+------+--------+-------------------+-------------------------+
; Total    ; Incr    ; RF ; Type ; Fanout ; Location          ; Element                 ;
+----------+---------+----+------+--------+-------------------+-------------------------+
; 10.000   ; 10.000  ;    ;      ;        ;                   ; latch edge time         ;
; 15.971   ; 5.971   ;    ;      ;        ;                   ; clock path              ;
;   10.000 ;   0.000 ;    ;      ;        ;                   ; source latency          ;
;   10.000 ;   0.000 ;    ;      ; 1      ; LABCELL_X1_Y36_N9 ; gpu_clk                 ;
;   10.576 ;   0.576 ; RR ; IC   ; 1      ; CLKCTRL_G2        ; gpu_clk~CLKENA0|inclk   ;
;   10.871 ;   0.295 ; RR ; CELL ; 9078   ; CLKCTRL_G2        ; gpu_clk~CLKENA0|outclk  ;
;   12.881 ;   2.010 ; RR ; IC   ; 1      ; FF_X36_Y50_N8     ; recq[4][119]|clk        ;
;   13.389 ;   0.508 ; RR ; CELL ; 1      ; FF_X36_Y50_N8     ; recq[4][119]            ;
;   15.971 ;   2.582 ;    ;      ;        ;                   ; clock pessimism removed ;
; 15.911   ; -0.060  ;    ;      ;        ;                   ; clock uncertainty       ;
; 15.911   ; 0.000   ;    ; uTsu ; 1      ; FF_X36_Y50_N8     ; recq[4][119]            ;
+----------+---------+----+------+--------+-------------------+-------------------------+

----------------------------
; Extra Fitter Information ;
----------------------------
HTML report is unavailable in plain text report export.


Path #86: Setup slack is -0.512 (VIOLATED)
===============================================================================
+----------------------------------------+
; Path Summary                           ;
+--------------------+-------------------+
; Property           ; Value             ;
+--------------------+-------------------+
; From Node          ; f_pos[1]          ;
; To Node            ; recq[4][17]       ;
; Launch Clock       ; gpu_clk           ;
; Latch Clock        ; gpu_clk           ;
; Data Arrival Time  ; 16.427            ;
; Data Required Time ; 15.915            ;
; Slack              ; -0.512 (VIOLATED) ;
+--------------------+-------------------+

+------------------------------------------------------------------------------------+
; Statistics                                                                         ;
+------------------------+--------+-------+-------------+------------+-------+-------+
; Property               ; Value  ; Count ; Total Delay ; % of Total ; Min   ; Max   ;
+------------------------+--------+-------+-------------+------------+-------+-------+
; Setup Relationship     ; 10.000 ;       ;             ;            ;       ;       ;
; Clock Skew             ; -0.100 ;       ;             ;            ;       ;       ;
; Data Delay             ; 10.352 ;       ;             ;            ;       ;       ;
; Number of Logic Levels ;        ; 7     ;             ;            ;       ;       ;
; Physical Delays        ;        ;       ;             ;            ;       ;       ;
;  Arrival Path          ;        ;       ;             ;            ;       ;       ;
;   Clock                ;        ;       ;             ;            ;       ;       ;
;    IC                  ;        ; 2     ; 5.184       ; 85         ; 2.450 ; 2.734 ;
;    Cell                ;        ; 2     ; 0.891       ; 15         ; 0.321 ; 0.570 ;
;   Data                 ;        ;       ;             ;            ;       ;       ;
;    IC                  ;        ; 8     ; 6.305       ; 61         ; 0.218 ; 1.627 ;
;    Cell                ;        ; 9     ; 4.047       ; 39         ; 0.000 ; 0.727 ;
;    uTco                ;        ; 1     ; 0.000       ; 0          ; 0.000 ; 0.000 ;
;  Required Path         ;        ;       ;             ;            ;       ;       ;
;   Clock                ;        ;       ;             ;            ;       ;       ;
;    IC                  ;        ; 2     ; 2.586       ; 76         ; 0.576 ; 2.010 ;
;    Cell                ;        ; 2     ; 0.807       ; 24         ; 0.295 ; 0.512 ;
+------------------------+--------+-------+-------------+------------+-------+-------+
Note: Negative delays are omitted from totals when calculating percentages

+------------------------------------------------------------------------------------------+
; Data Arrival Path                                                                        ;
+----------+---------+----+------+--------+----------------------+-------------------------+
; Total    ; Incr    ; RF ; Type ; Fanout ; Location             ; Element                 ;
+----------+---------+----+------+--------+----------------------+-------------------------+
; 0.000    ; 0.000   ;    ;      ;        ;                      ; launch edge time        ;
; 6.075    ; 6.075   ;    ;      ;        ;                      ; clock path              ;
;   0.000  ;   0.000 ;    ;      ;        ;                      ; source latency          ;
;   0.000  ;   0.000 ;    ;      ; 1      ; LABCELL_X1_Y36_N9    ; gpu_clk                 ;
;   2.734  ;   2.734 ; RR ; IC   ; 1      ; CLKCTRL_G2           ; gpu_clk~CLKENA0|inclk   ;
;   3.055  ;   0.321 ; RR ; CELL ; 9078   ; CLKCTRL_G2           ; gpu_clk~CLKENA0|outclk  ;
;   5.505  ;   2.450 ; RR ; IC   ; 1      ; FF_X35_Y47_N5        ; f_pos[1]|clk            ;
;   6.075  ;   0.570 ; RR ; CELL ; 1      ; FF_X35_Y47_N5        ; f_pos[1]                ;
; 16.427   ; 10.352  ;    ;      ;        ;                      ; data path               ;
;   6.075  ;   0.000 ;    ; uTco ; 1      ; FF_X35_Y47_N5        ; f_pos[1]                ;
;   6.075  ;   0.000 ; RR ; CELL ; 2      ; FF_X35_Y47_N5        ; f_pos[1]|q              ;
;   7.245  ;   1.170 ; RR ; IC   ; 1      ; LABCELL_X33_Y45_N27  ; LessThan5~4|datad       ;
;   7.738  ;   0.493 ; RF ; CELL ; 1      ; LABCELL_X33_Y45_N27  ; LessThan5~4|combout     ;
;   8.344  ;   0.606 ; FF ; IC   ; 1      ; MLABCELL_X34_Y45_N0  ; LessThan5~5|dataa       ;
;   8.898  ;   0.554 ; FF ; CELL ; 2      ; MLABCELL_X34_Y45_N0  ; LessThan5~5|combout     ;
;   9.450  ;   0.552 ; FF ; IC   ; 1      ; LABCELL_X33_Y45_N54  ; LessThan5~30|dataa      ;
;   9.990  ;   0.540 ; FR ; CELL ; 1      ; LABCELL_X33_Y45_N54  ; LessThan5~30|combout    ;
;   10.560 ;   0.570 ; RR ; IC   ; 1      ; MLABCELL_X34_Y45_N42 ; LessThan5~31|datae      ;
;   10.861 ;   0.301 ; RF ; CELL ; 1      ; MLABCELL_X34_Y45_N42 ; LessThan5~31|combout    ;
;   11.079 ;   0.218 ; FF ; IC   ; 1      ; MLABCELL_X34_Y45_N54 ; LessThan5~33|datad      ;
;   11.649 ;   0.570 ; FF ; CELL ; 1      ; MLABCELL_X34_Y45_N54 ; LessThan5~33|combout    ;
;   12.398 ;   0.749 ; FF ; IC   ; 1      ; MLABCELL_X34_Y46_N0  ; in_rec_region~0|dataa   ;
;   12.960 ;   0.562 ; FF ; CELL ; 14     ; MLABCELL_X34_Y46_N0  ; in_rec_region~0|combout ;
;   13.773 ;   0.813 ; FF ; IC   ; 1      ; LABCELL_X30_Y46_N15  ; recq[4][143]~0|datae    ;
;   14.073 ;   0.300 ; FF ; CELL ; 136    ; LABCELL_X30_Y46_N15  ; recq[4][143]~0|combout  ;
;   15.700 ;   1.627 ; FF ; IC   ; 1      ; FF_X36_Y50_N7        ; recq[4][17]|ena         ;
;   16.427 ;   0.727 ; FF ; CELL ; 1      ; FF_X36_Y50_N7        ; recq[4][17]             ;
+----------+---------+----+------+--------+----------------------+-------------------------+

+---------------------------------------------------------------------------------------+
; Data Required Path                                                                    ;
+----------+---------+----+------+--------+-------------------+-------------------------+
; Total    ; Incr    ; RF ; Type ; Fanout ; Location          ; Element                 ;
+----------+---------+----+------+--------+-------------------+-------------------------+
; 10.000   ; 10.000  ;    ;      ;        ;                   ; latch edge time         ;
; 15.975   ; 5.975   ;    ;      ;        ;                   ; clock path              ;
;   10.000 ;   0.000 ;    ;      ;        ;                   ; source latency          ;
;   10.000 ;   0.000 ;    ;      ; 1      ; LABCELL_X1_Y36_N9 ; gpu_clk                 ;
;   10.576 ;   0.576 ; RR ; IC   ; 1      ; CLKCTRL_G2        ; gpu_clk~CLKENA0|inclk   ;
;   10.871 ;   0.295 ; RR ; CELL ; 9078   ; CLKCTRL_G2        ; gpu_clk~CLKENA0|outclk  ;
;   12.881 ;   2.010 ; RR ; IC   ; 1      ; FF_X36_Y50_N7     ; recq[4][17]|clk         ;
;   13.393 ;   0.512 ; RR ; CELL ; 1      ; FF_X36_Y50_N7     ; recq[4][17]             ;
;   15.975 ;   2.582 ;    ;      ;        ;                   ; clock pessimism removed ;
; 15.915   ; -0.060  ;    ;      ;        ;                   ; clock uncertainty       ;
; 15.915   ; 0.000   ;    ; uTsu ; 1      ; FF_X36_Y50_N7     ; recq[4][17]             ;
+----------+---------+----+------+--------+-------------------+-------------------------+

----------------------------
; Extra Fitter Information ;
----------------------------
HTML report is unavailable in plain text report export.


Path #87: Setup slack is -0.512 (VIOLATED)
===============================================================================
+----------------------------------------+
; Path Summary                           ;
+--------------------+-------------------+
; Property           ; Value             ;
+--------------------+-------------------+
; From Node          ; f_pos[1]          ;
; To Node            ; recq[4][20]       ;
; Launch Clock       ; gpu_clk           ;
; Latch Clock        ; gpu_clk           ;
; Data Arrival Time  ; 16.423            ;
; Data Required Time ; 15.911            ;
; Slack              ; -0.512 (VIOLATED) ;
+--------------------+-------------------+

+------------------------------------------------------------------------------------+
; Statistics                                                                         ;
+------------------------+--------+-------+-------------+------------+-------+-------+
; Property               ; Value  ; Count ; Total Delay ; % of Total ; Min   ; Max   ;
+------------------------+--------+-------+-------------+------------+-------+-------+
; Setup Relationship     ; 10.000 ;       ;             ;            ;       ;       ;
; Clock Skew             ; -0.104 ;       ;             ;            ;       ;       ;
; Data Delay             ; 10.348 ;       ;             ;            ;       ;       ;
; Number of Logic Levels ;        ; 7     ;             ;            ;       ;       ;
; Physical Delays        ;        ;       ;             ;            ;       ;       ;
;  Arrival Path          ;        ;       ;             ;            ;       ;       ;
;   Clock                ;        ;       ;             ;            ;       ;       ;
;    IC                  ;        ; 2     ; 5.184       ; 85         ; 2.450 ; 2.734 ;
;    Cell                ;        ; 2     ; 0.891       ; 15         ; 0.321 ; 0.570 ;
;   Data                 ;        ;       ;             ;            ;       ;       ;
;    IC                  ;        ; 8     ; 6.305       ; 61         ; 0.218 ; 1.627 ;
;    Cell                ;        ; 9     ; 4.043       ; 39         ; 0.000 ; 0.723 ;
;    uTco                ;        ; 1     ; 0.000       ; 0          ; 0.000 ; 0.000 ;
;  Required Path         ;        ;       ;             ;            ;       ;       ;
;   Clock                ;        ;       ;             ;            ;       ;       ;
;    IC                  ;        ; 2     ; 2.586       ; 76         ; 0.576 ; 2.010 ;
;    Cell                ;        ; 2     ; 0.803       ; 24         ; 0.295 ; 0.508 ;
+------------------------+--------+-------+-------------+------------+-------+-------+
Note: Negative delays are omitted from totals when calculating percentages

+------------------------------------------------------------------------------------------+
; Data Arrival Path                                                                        ;
+----------+---------+----+------+--------+----------------------+-------------------------+
; Total    ; Incr    ; RF ; Type ; Fanout ; Location             ; Element                 ;
+----------+---------+----+------+--------+----------------------+-------------------------+
; 0.000    ; 0.000   ;    ;      ;        ;                      ; launch edge time        ;
; 6.075    ; 6.075   ;    ;      ;        ;                      ; clock path              ;
;   0.000  ;   0.000 ;    ;      ;        ;                      ; source latency          ;
;   0.000  ;   0.000 ;    ;      ; 1      ; LABCELL_X1_Y36_N9    ; gpu_clk                 ;
;   2.734  ;   2.734 ; RR ; IC   ; 1      ; CLKCTRL_G2           ; gpu_clk~CLKENA0|inclk   ;
;   3.055  ;   0.321 ; RR ; CELL ; 9078   ; CLKCTRL_G2           ; gpu_clk~CLKENA0|outclk  ;
;   5.505  ;   2.450 ; RR ; IC   ; 1      ; FF_X35_Y47_N5        ; f_pos[1]|clk            ;
;   6.075  ;   0.570 ; RR ; CELL ; 1      ; FF_X35_Y47_N5        ; f_pos[1]                ;
; 16.423   ; 10.348  ;    ;      ;        ;                      ; data path               ;
;   6.075  ;   0.000 ;    ; uTco ; 1      ; FF_X35_Y47_N5        ; f_pos[1]                ;
;   6.075  ;   0.000 ; RR ; CELL ; 2      ; FF_X35_Y47_N5        ; f_pos[1]|q              ;
;   7.245  ;   1.170 ; RR ; IC   ; 1      ; LABCELL_X33_Y45_N27  ; LessThan5~4|datad       ;
;   7.738  ;   0.493 ; RF ; CELL ; 1      ; LABCELL_X33_Y45_N27  ; LessThan5~4|combout     ;
;   8.344  ;   0.606 ; FF ; IC   ; 1      ; MLABCELL_X34_Y45_N0  ; LessThan5~5|dataa       ;
;   8.898  ;   0.554 ; FF ; CELL ; 2      ; MLABCELL_X34_Y45_N0  ; LessThan5~5|combout     ;
;   9.450  ;   0.552 ; FF ; IC   ; 1      ; LABCELL_X33_Y45_N54  ; LessThan5~30|dataa      ;
;   9.990  ;   0.540 ; FR ; CELL ; 1      ; LABCELL_X33_Y45_N54  ; LessThan5~30|combout    ;
;   10.560 ;   0.570 ; RR ; IC   ; 1      ; MLABCELL_X34_Y45_N42 ; LessThan5~31|datae      ;
;   10.861 ;   0.301 ; RF ; CELL ; 1      ; MLABCELL_X34_Y45_N42 ; LessThan5~31|combout    ;
;   11.079 ;   0.218 ; FF ; IC   ; 1      ; MLABCELL_X34_Y45_N54 ; LessThan5~33|datad      ;
;   11.649 ;   0.570 ; FF ; CELL ; 1      ; MLABCELL_X34_Y45_N54 ; LessThan5~33|combout    ;
;   12.398 ;   0.749 ; FF ; IC   ; 1      ; MLABCELL_X34_Y46_N0  ; in_rec_region~0|dataa   ;
;   12.960 ;   0.562 ; FF ; CELL ; 14     ; MLABCELL_X34_Y46_N0  ; in_rec_region~0|combout ;
;   13.773 ;   0.813 ; FF ; IC   ; 1      ; LABCELL_X30_Y46_N15  ; recq[4][143]~0|datae    ;
;   14.073 ;   0.300 ; FF ; CELL ; 136    ; LABCELL_X30_Y46_N15  ; recq[4][143]~0|combout  ;
;   15.700 ;   1.627 ; FF ; IC   ; 1      ; FF_X36_Y50_N2        ; recq[4][20]|ena         ;
;   16.423 ;   0.723 ; FF ; CELL ; 1      ; FF_X36_Y50_N2        ; recq[4][20]             ;
+----------+---------+----+------+--------+----------------------+-------------------------+

+---------------------------------------------------------------------------------------+
; Data Required Path                                                                    ;
+----------+---------+----+------+--------+-------------------+-------------------------+
; Total    ; Incr    ; RF ; Type ; Fanout ; Location          ; Element                 ;
+----------+---------+----+------+--------+-------------------+-------------------------+
; 10.000   ; 10.000  ;    ;      ;        ;                   ; latch edge time         ;
; 15.971   ; 5.971   ;    ;      ;        ;                   ; clock path              ;
;   10.000 ;   0.000 ;    ;      ;        ;                   ; source latency          ;
;   10.000 ;   0.000 ;    ;      ; 1      ; LABCELL_X1_Y36_N9 ; gpu_clk                 ;
;   10.576 ;   0.576 ; RR ; IC   ; 1      ; CLKCTRL_G2        ; gpu_clk~CLKENA0|inclk   ;
;   10.871 ;   0.295 ; RR ; CELL ; 9078   ; CLKCTRL_G2        ; gpu_clk~CLKENA0|outclk  ;
;   12.881 ;   2.010 ; RR ; IC   ; 1      ; FF_X36_Y50_N2     ; recq[4][20]|clk         ;
;   13.389 ;   0.508 ; RR ; CELL ; 1      ; FF_X36_Y50_N2     ; recq[4][20]             ;
;   15.971 ;   2.582 ;    ;      ;        ;                   ; clock pessimism removed ;
; 15.911   ; -0.060  ;    ;      ;        ;                   ; clock uncertainty       ;
; 15.911   ; 0.000   ;    ; uTsu ; 1      ; FF_X36_Y50_N2     ; recq[4][20]             ;
+----------+---------+----+------+--------+-------------------+-------------------------+

----------------------------
; Extra Fitter Information ;
----------------------------
HTML report is unavailable in plain text report export.


Path #88: Setup slack is -0.512 (VIOLATED)
===============================================================================
+----------------------------------------+
; Path Summary                           ;
+--------------------+-------------------+
; Property           ; Value             ;
+--------------------+-------------------+
; From Node          ; f_pos[1]          ;
; To Node            ; recq[4][23]       ;
; Launch Clock       ; gpu_clk           ;
; Latch Clock        ; gpu_clk           ;
; Data Arrival Time  ; 16.421            ;
; Data Required Time ; 15.909            ;
; Slack              ; -0.512 (VIOLATED) ;
+--------------------+-------------------+

+------------------------------------------------------------------------------------+
; Statistics                                                                         ;
+------------------------+--------+-------+-------------+------------+-------+-------+
; Property               ; Value  ; Count ; Total Delay ; % of Total ; Min   ; Max   ;
+------------------------+--------+-------+-------------+------------+-------+-------+
; Setup Relationship     ; 10.000 ;       ;             ;            ;       ;       ;
; Clock Skew             ; -0.106 ;       ;             ;            ;       ;       ;
; Data Delay             ; 10.346 ;       ;             ;            ;       ;       ;
; Number of Logic Levels ;        ; 7     ;             ;            ;       ;       ;
; Physical Delays        ;        ;       ;             ;            ;       ;       ;
;  Arrival Path          ;        ;       ;             ;            ;       ;       ;
;   Clock                ;        ;       ;             ;            ;       ;       ;
;    IC                  ;        ; 2     ; 5.184       ; 85         ; 2.450 ; 2.734 ;
;    Cell                ;        ; 2     ; 0.891       ; 15         ; 0.321 ; 0.570 ;
;   Data                 ;        ;       ;             ;            ;       ;       ;
;    IC                  ;        ; 8     ; 6.305       ; 61         ; 0.218 ; 1.627 ;
;    Cell                ;        ; 9     ; 4.041       ; 39         ; 0.000 ; 0.721 ;
;    uTco                ;        ; 1     ; 0.000       ; 0          ; 0.000 ; 0.000 ;
;  Required Path         ;        ;       ;             ;            ;       ;       ;
;   Clock                ;        ;       ;             ;            ;       ;       ;
;    IC                  ;        ; 2     ; 2.586       ; 76         ; 0.576 ; 2.010 ;
;    Cell                ;        ; 2     ; 0.801       ; 24         ; 0.295 ; 0.506 ;
+------------------------+--------+-------+-------------+------------+-------+-------+
Note: Negative delays are omitted from totals when calculating percentages

+------------------------------------------------------------------------------------------+
; Data Arrival Path                                                                        ;
+----------+---------+----+------+--------+----------------------+-------------------------+
; Total    ; Incr    ; RF ; Type ; Fanout ; Location             ; Element                 ;
+----------+---------+----+------+--------+----------------------+-------------------------+
; 0.000    ; 0.000   ;    ;      ;        ;                      ; launch edge time        ;
; 6.075    ; 6.075   ;    ;      ;        ;                      ; clock path              ;
;   0.000  ;   0.000 ;    ;      ;        ;                      ; source latency          ;
;   0.000  ;   0.000 ;    ;      ; 1      ; LABCELL_X1_Y36_N9    ; gpu_clk                 ;
;   2.734  ;   2.734 ; RR ; IC   ; 1      ; CLKCTRL_G2           ; gpu_clk~CLKENA0|inclk   ;
;   3.055  ;   0.321 ; RR ; CELL ; 9078   ; CLKCTRL_G2           ; gpu_clk~CLKENA0|outclk  ;
;   5.505  ;   2.450 ; RR ; IC   ; 1      ; FF_X35_Y47_N5        ; f_pos[1]|clk            ;
;   6.075  ;   0.570 ; RR ; CELL ; 1      ; FF_X35_Y47_N5        ; f_pos[1]                ;
; 16.421   ; 10.346  ;    ;      ;        ;                      ; data path               ;
;   6.075  ;   0.000 ;    ; uTco ; 1      ; FF_X35_Y47_N5        ; f_pos[1]                ;
;   6.075  ;   0.000 ; RR ; CELL ; 2      ; FF_X35_Y47_N5        ; f_pos[1]|q              ;
;   7.245  ;   1.170 ; RR ; IC   ; 1      ; LABCELL_X33_Y45_N27  ; LessThan5~4|datad       ;
;   7.738  ;   0.493 ; RF ; CELL ; 1      ; LABCELL_X33_Y45_N27  ; LessThan5~4|combout     ;
;   8.344  ;   0.606 ; FF ; IC   ; 1      ; MLABCELL_X34_Y45_N0  ; LessThan5~5|dataa       ;
;   8.898  ;   0.554 ; FF ; CELL ; 2      ; MLABCELL_X34_Y45_N0  ; LessThan5~5|combout     ;
;   9.450  ;   0.552 ; FF ; IC   ; 1      ; LABCELL_X33_Y45_N54  ; LessThan5~30|dataa      ;
;   9.990  ;   0.540 ; FR ; CELL ; 1      ; LABCELL_X33_Y45_N54  ; LessThan5~30|combout    ;
;   10.560 ;   0.570 ; RR ; IC   ; 1      ; MLABCELL_X34_Y45_N42 ; LessThan5~31|datae      ;
;   10.861 ;   0.301 ; RF ; CELL ; 1      ; MLABCELL_X34_Y45_N42 ; LessThan5~31|combout    ;
;   11.079 ;   0.218 ; FF ; IC   ; 1      ; MLABCELL_X34_Y45_N54 ; LessThan5~33|datad      ;
;   11.649 ;   0.570 ; FF ; CELL ; 1      ; MLABCELL_X34_Y45_N54 ; LessThan5~33|combout    ;
;   12.398 ;   0.749 ; FF ; IC   ; 1      ; MLABCELL_X34_Y46_N0  ; in_rec_region~0|dataa   ;
;   12.960 ;   0.562 ; FF ; CELL ; 14     ; MLABCELL_X34_Y46_N0  ; in_rec_region~0|combout ;
;   13.773 ;   0.813 ; FF ; IC   ; 1      ; LABCELL_X30_Y46_N15  ; recq[4][143]~0|datae    ;
;   14.073 ;   0.300 ; FF ; CELL ; 136    ; LABCELL_X30_Y46_N15  ; recq[4][143]~0|combout  ;
;   15.700 ;   1.627 ; FF ; IC   ; 1      ; FF_X36_Y50_N10       ; recq[4][23]|ena         ;
;   16.421 ;   0.721 ; FF ; CELL ; 1      ; FF_X36_Y50_N10       ; recq[4][23]             ;
+----------+---------+----+------+--------+----------------------+-------------------------+

+---------------------------------------------------------------------------------------+
; Data Required Path                                                                    ;
+----------+---------+----+------+--------+-------------------+-------------------------+
; Total    ; Incr    ; RF ; Type ; Fanout ; Location          ; Element                 ;
+----------+---------+----+------+--------+-------------------+-------------------------+
; 10.000   ; 10.000  ;    ;      ;        ;                   ; latch edge time         ;
; 15.969   ; 5.969   ;    ;      ;        ;                   ; clock path              ;
;   10.000 ;   0.000 ;    ;      ;        ;                   ; source latency          ;
;   10.000 ;   0.000 ;    ;      ; 1      ; LABCELL_X1_Y36_N9 ; gpu_clk                 ;
;   10.576 ;   0.576 ; RR ; IC   ; 1      ; CLKCTRL_G2        ; gpu_clk~CLKENA0|inclk   ;
;   10.871 ;   0.295 ; RR ; CELL ; 9078   ; CLKCTRL_G2        ; gpu_clk~CLKENA0|outclk  ;
;   12.881 ;   2.010 ; RR ; IC   ; 1      ; FF_X36_Y50_N10    ; recq[4][23]|clk         ;
;   13.387 ;   0.506 ; RR ; CELL ; 1      ; FF_X36_Y50_N10    ; recq[4][23]             ;
;   15.969 ;   2.582 ;    ;      ;        ;                   ; clock pessimism removed ;
; 15.909   ; -0.060  ;    ;      ;        ;                   ; clock uncertainty       ;
; 15.909   ; 0.000   ;    ; uTsu ; 1      ; FF_X36_Y50_N10    ; recq[4][23]             ;
+----------+---------+----+------+--------+-------------------+-------------------------+

----------------------------
; Extra Fitter Information ;
----------------------------
HTML report is unavailable in plain text report export.


Path #89: Setup slack is -0.511 (VIOLATED)
===============================================================================
+----------------------------------------+
; Path Summary                           ;
+--------------------+-------------------+
; Property           ; Value             ;
+--------------------+-------------------+
; From Node          ; f_pos[1]          ;
; To Node            ; recq[1][125]      ;
; Launch Clock       ; gpu_clk           ;
; Latch Clock        ; gpu_clk           ;
; Data Arrival Time  ; 16.363            ;
; Data Required Time ; 15.852            ;
; Slack              ; -0.511 (VIOLATED) ;
+--------------------+-------------------+

+------------------------------------------------------------------------------------+
; Statistics                                                                         ;
+------------------------+--------+-------+-------------+------------+-------+-------+
; Property               ; Value  ; Count ; Total Delay ; % of Total ; Min   ; Max   ;
+------------------------+--------+-------+-------------+------------+-------+-------+
; Setup Relationship     ; 10.000 ;       ;             ;            ;       ;       ;
; Clock Skew             ; -0.163 ;       ;             ;            ;       ;       ;
; Data Delay             ; 10.288 ;       ;             ;            ;       ;       ;
; Number of Logic Levels ;        ; 7     ;             ;            ;       ;       ;
; Physical Delays        ;        ;       ;             ;            ;       ;       ;
;  Arrival Path          ;        ;       ;             ;            ;       ;       ;
;   Clock                ;        ;       ;             ;            ;       ;       ;
;    IC                  ;        ; 2     ; 5.184       ; 85         ; 2.450 ; 2.734 ;
;    Cell                ;        ; 2     ; 0.891       ; 15         ; 0.321 ; 0.570 ;
;   Data                 ;        ;       ;             ;            ;       ;       ;
;    IC                  ;        ; 8     ; 6.319       ; 61         ; 0.218 ; 1.490 ;
;    Cell                ;        ; 9     ; 3.969       ; 39         ; 0.000 ; 0.728 ;
;    uTco                ;        ; 1     ; 0.000       ; 0          ; 0.000 ; 0.000 ;
;  Required Path         ;        ;       ;             ;            ;       ;       ;
;   Clock                ;        ;       ;             ;            ;       ;       ;
;    IC                  ;        ; 2     ; 2.533       ; 76         ; 0.576 ; 1.957 ;
;    Cell                ;        ; 2     ; 0.797       ; 24         ; 0.295 ; 0.502 ;
+------------------------+--------+-------+-------------+------------+-------+-------+
Note: Negative delays are omitted from totals when calculating percentages

+------------------------------------------------------------------------------------------+
; Data Arrival Path                                                                        ;
+----------+---------+----+------+--------+----------------------+-------------------------+
; Total    ; Incr    ; RF ; Type ; Fanout ; Location             ; Element                 ;
+----------+---------+----+------+--------+----------------------+-------------------------+
; 0.000    ; 0.000   ;    ;      ;        ;                      ; launch edge time        ;
; 6.075    ; 6.075   ;    ;      ;        ;                      ; clock path              ;
;   0.000  ;   0.000 ;    ;      ;        ;                      ; source latency          ;
;   0.000  ;   0.000 ;    ;      ; 1      ; LABCELL_X1_Y36_N9    ; gpu_clk                 ;
;   2.734  ;   2.734 ; RR ; IC   ; 1      ; CLKCTRL_G2           ; gpu_clk~CLKENA0|inclk   ;
;   3.055  ;   0.321 ; RR ; CELL ; 9078   ; CLKCTRL_G2           ; gpu_clk~CLKENA0|outclk  ;
;   5.505  ;   2.450 ; RR ; IC   ; 1      ; FF_X35_Y47_N5        ; f_pos[1]|clk            ;
;   6.075  ;   0.570 ; RR ; CELL ; 1      ; FF_X35_Y47_N5        ; f_pos[1]                ;
; 16.363   ; 10.288  ;    ;      ;        ;                      ; data path               ;
;   6.075  ;   0.000 ;    ; uTco ; 1      ; FF_X35_Y47_N5        ; f_pos[1]                ;
;   6.075  ;   0.000 ; RR ; CELL ; 2      ; FF_X35_Y47_N5        ; f_pos[1]|q              ;
;   7.245  ;   1.170 ; RR ; IC   ; 1      ; LABCELL_X33_Y45_N27  ; LessThan5~4|datad       ;
;   7.738  ;   0.493 ; RF ; CELL ; 1      ; LABCELL_X33_Y45_N27  ; LessThan5~4|combout     ;
;   8.344  ;   0.606 ; FF ; IC   ; 1      ; MLABCELL_X34_Y45_N0  ; LessThan5~5|dataa       ;
;   8.898  ;   0.554 ; FF ; CELL ; 2      ; MLABCELL_X34_Y45_N0  ; LessThan5~5|combout     ;
;   9.450  ;   0.552 ; FF ; IC   ; 1      ; LABCELL_X33_Y45_N54  ; LessThan5~30|dataa      ;
;   9.990  ;   0.540 ; FR ; CELL ; 1      ; LABCELL_X33_Y45_N54  ; LessThan5~30|combout    ;
;   10.560 ;   0.570 ; RR ; IC   ; 1      ; MLABCELL_X34_Y45_N42 ; LessThan5~31|datae      ;
;   10.861 ;   0.301 ; RF ; CELL ; 1      ; MLABCELL_X34_Y45_N42 ; LessThan5~31|combout    ;
;   11.079 ;   0.218 ; FF ; IC   ; 1      ; MLABCELL_X34_Y45_N54 ; LessThan5~33|datad      ;
;   11.649 ;   0.570 ; FF ; CELL ; 1      ; MLABCELL_X34_Y45_N54 ; LessThan5~33|combout    ;
;   12.398 ;   0.749 ; FF ; IC   ; 1      ; MLABCELL_X34_Y46_N0  ; in_rec_region~0|dataa   ;
;   12.960 ;   0.562 ; FF ; CELL ; 14     ; MLABCELL_X34_Y46_N0  ; in_rec_region~0|combout ;
;   13.924 ;   0.964 ; FF ; IC   ; 1      ; LABCELL_X33_Y48_N18  ; recq[1][143]~8|datae    ;
;   14.145 ;   0.221 ; FF ; CELL ; 136    ; LABCELL_X33_Y48_N18  ; recq[1][143]~8|combout  ;
;   15.635 ;   1.490 ; FF ; IC   ; 1      ; FF_X25_Y49_N35       ; recq[1][125]|ena        ;
;   16.363 ;   0.728 ; FF ; CELL ; 1      ; FF_X25_Y49_N35       ; recq[1][125]            ;
+----------+---------+----+------+--------+----------------------+-------------------------+

+---------------------------------------------------------------------------------------+
; Data Required Path                                                                    ;
+----------+---------+----+------+--------+-------------------+-------------------------+
; Total    ; Incr    ; RF ; Type ; Fanout ; Location          ; Element                 ;
+----------+---------+----+------+--------+-------------------+-------------------------+
; 10.000   ; 10.000  ;    ;      ;        ;                   ; latch edge time         ;
; 15.912   ; 5.912   ;    ;      ;        ;                   ; clock path              ;
;   10.000 ;   0.000 ;    ;      ;        ;                   ; source latency          ;
;   10.000 ;   0.000 ;    ;      ; 1      ; LABCELL_X1_Y36_N9 ; gpu_clk                 ;
;   10.576 ;   0.576 ; RR ; IC   ; 1      ; CLKCTRL_G2        ; gpu_clk~CLKENA0|inclk   ;
;   10.871 ;   0.295 ; RR ; CELL ; 9078   ; CLKCTRL_G2        ; gpu_clk~CLKENA0|outclk  ;
;   12.828 ;   1.957 ; RR ; IC   ; 1      ; FF_X25_Y49_N35    ; recq[1][125]|clk        ;
;   13.330 ;   0.502 ; RR ; CELL ; 1      ; FF_X25_Y49_N35    ; recq[1][125]            ;
;   15.912 ;   2.582 ;    ;      ;        ;                   ; clock pessimism removed ;
; 15.852   ; -0.060  ;    ;      ;        ;                   ; clock uncertainty       ;
; 15.852   ; 0.000   ;    ; uTsu ; 1      ; FF_X25_Y49_N35    ; recq[1][125]            ;
+----------+---------+----+------+--------+-------------------+-------------------------+

----------------------------
; Extra Fitter Information ;
----------------------------
HTML report is unavailable in plain text report export.


Path #90: Setup slack is -0.508 (VIOLATED)
===============================================================================
+----------------------------------------+
; Path Summary                           ;
+--------------------+-------------------+
; Property           ; Value             ;
+--------------------+-------------------+
; From Node          ; f_pos[1]          ;
; To Node            ; recq[2][5]        ;
; Launch Clock       ; gpu_clk           ;
; Latch Clock        ; gpu_clk           ;
; Data Arrival Time  ; 16.359            ;
; Data Required Time ; 15.851            ;
; Slack              ; -0.508 (VIOLATED) ;
+--------------------+-------------------+

+------------------------------------------------------------------------------------+
; Statistics                                                                         ;
+------------------------+--------+-------+-------------+------------+-------+-------+
; Property               ; Value  ; Count ; Total Delay ; % of Total ; Min   ; Max   ;
+------------------------+--------+-------+-------------+------------+-------+-------+
; Setup Relationship     ; 10.000 ;       ;             ;            ;       ;       ;
; Clock Skew             ; -0.164 ;       ;             ;            ;       ;       ;
; Data Delay             ; 10.284 ;       ;             ;            ;       ;       ;
; Number of Logic Levels ;        ; 7     ;             ;            ;       ;       ;
; Physical Delays        ;        ;       ;             ;            ;       ;       ;
;  Arrival Path          ;        ;       ;             ;            ;       ;       ;
;   Clock                ;        ;       ;             ;            ;       ;       ;
;    IC                  ;        ; 2     ; 5.184       ; 85         ; 2.450 ; 2.734 ;
;    Cell                ;        ; 2     ; 0.891       ; 15         ; 0.321 ; 0.570 ;
;   Data                 ;        ;       ;             ;            ;       ;       ;
;    IC                  ;        ; 8     ; 6.258       ; 61         ; 0.218 ; 1.440 ;
;    Cell                ;        ; 9     ; 4.026       ; 39         ; 0.000 ; 0.706 ;
;    uTco                ;        ; 1     ; 0.000       ; 0          ; 0.000 ; 0.000 ;
;  Required Path         ;        ;       ;             ;            ;       ;       ;
;   Clock                ;        ;       ;             ;            ;       ;       ;
;    IC                  ;        ; 2     ; 2.535       ; 76         ; 0.576 ; 1.959 ;
;    Cell                ;        ; 2     ; 0.794       ; 24         ; 0.295 ; 0.499 ;
+------------------------+--------+-------+-------------+------------+-------+-------+
Note: Negative delays are omitted from totals when calculating percentages

+------------------------------------------------------------------------------------------+
; Data Arrival Path                                                                        ;
+----------+---------+----+------+--------+----------------------+-------------------------+
; Total    ; Incr    ; RF ; Type ; Fanout ; Location             ; Element                 ;
+----------+---------+----+------+--------+----------------------+-------------------------+
; 0.000    ; 0.000   ;    ;      ;        ;                      ; launch edge time        ;
; 6.075    ; 6.075   ;    ;      ;        ;                      ; clock path              ;
;   0.000  ;   0.000 ;    ;      ;        ;                      ; source latency          ;
;   0.000  ;   0.000 ;    ;      ; 1      ; LABCELL_X1_Y36_N9    ; gpu_clk                 ;
;   2.734  ;   2.734 ; RR ; IC   ; 1      ; CLKCTRL_G2           ; gpu_clk~CLKENA0|inclk   ;
;   3.055  ;   0.321 ; RR ; CELL ; 9078   ; CLKCTRL_G2           ; gpu_clk~CLKENA0|outclk  ;
;   5.505  ;   2.450 ; RR ; IC   ; 1      ; FF_X35_Y47_N5        ; f_pos[1]|clk            ;
;   6.075  ;   0.570 ; RR ; CELL ; 1      ; FF_X35_Y47_N5        ; f_pos[1]                ;
; 16.359   ; 10.284  ;    ;      ;        ;                      ; data path               ;
;   6.075  ;   0.000 ;    ; uTco ; 1      ; FF_X35_Y47_N5        ; f_pos[1]                ;
;   6.075  ;   0.000 ; RR ; CELL ; 2      ; FF_X35_Y47_N5        ; f_pos[1]|q              ;
;   7.245  ;   1.170 ; RR ; IC   ; 1      ; LABCELL_X33_Y45_N27  ; LessThan5~4|datad       ;
;   7.738  ;   0.493 ; RF ; CELL ; 1      ; LABCELL_X33_Y45_N27  ; LessThan5~4|combout     ;
;   8.344  ;   0.606 ; FF ; IC   ; 1      ; MLABCELL_X34_Y45_N0  ; LessThan5~5|dataa       ;
;   8.898  ;   0.554 ; FF ; CELL ; 2      ; MLABCELL_X34_Y45_N0  ; LessThan5~5|combout     ;
;   9.450  ;   0.552 ; FF ; IC   ; 1      ; LABCELL_X33_Y45_N54  ; LessThan5~30|dataa      ;
;   9.990  ;   0.540 ; FR ; CELL ; 1      ; LABCELL_X33_Y45_N54  ; LessThan5~30|combout    ;
;   10.560 ;   0.570 ; RR ; IC   ; 1      ; MLABCELL_X34_Y45_N42 ; LessThan5~31|datae      ;
;   10.861 ;   0.301 ; RF ; CELL ; 1      ; MLABCELL_X34_Y45_N42 ; LessThan5~31|combout    ;
;   11.079 ;   0.218 ; FF ; IC   ; 1      ; MLABCELL_X34_Y45_N54 ; LessThan5~33|datad      ;
;   11.649 ;   0.570 ; FF ; CELL ; 1      ; MLABCELL_X34_Y45_N54 ; LessThan5~33|combout    ;
;   12.398 ;   0.749 ; FF ; IC   ; 1      ; MLABCELL_X34_Y46_N0  ; in_rec_region~0|dataa   ;
;   12.960 ;   0.562 ; FF ; CELL ; 14     ; MLABCELL_X34_Y46_N0  ; in_rec_region~0|combout ;
;   13.913 ;   0.953 ; FF ; IC   ; 1      ; LABCELL_X33_Y48_N9   ; recq[2][132]~5|datae    ;
;   14.213 ;   0.300 ; FF ; CELL ; 136    ; LABCELL_X33_Y48_N9   ; recq[2][132]~5|combout  ;
;   15.653 ;   1.440 ; FF ; IC   ; 1      ; FF_X29_Y51_N11       ; recq[2][5]|ena          ;
;   16.359 ;   0.706 ; FF ; CELL ; 1      ; FF_X29_Y51_N11       ; recq[2][5]              ;
+----------+---------+----+------+--------+----------------------+-------------------------+

+---------------------------------------------------------------------------------------+
; Data Required Path                                                                    ;
+----------+---------+----+------+--------+-------------------+-------------------------+
; Total    ; Incr    ; RF ; Type ; Fanout ; Location          ; Element                 ;
+----------+---------+----+------+--------+-------------------+-------------------------+
; 10.000   ; 10.000  ;    ;      ;        ;                   ; latch edge time         ;
; 15.911   ; 5.911   ;    ;      ;        ;                   ; clock path              ;
;   10.000 ;   0.000 ;    ;      ;        ;                   ; source latency          ;
;   10.000 ;   0.000 ;    ;      ; 1      ; LABCELL_X1_Y36_N9 ; gpu_clk                 ;
;   10.576 ;   0.576 ; RR ; IC   ; 1      ; CLKCTRL_G2        ; gpu_clk~CLKENA0|inclk   ;
;   10.871 ;   0.295 ; RR ; CELL ; 9078   ; CLKCTRL_G2        ; gpu_clk~CLKENA0|outclk  ;
;   12.830 ;   1.959 ; RR ; IC   ; 1      ; FF_X29_Y51_N11    ; recq[2][5]|clk          ;
;   13.329 ;   0.499 ; RR ; CELL ; 1      ; FF_X29_Y51_N11    ; recq[2][5]              ;
;   15.911 ;   2.582 ;    ;      ;        ;                   ; clock pessimism removed ;
; 15.851   ; -0.060  ;    ;      ;        ;                   ; clock uncertainty       ;
; 15.851   ; 0.000   ;    ; uTsu ; 1      ; FF_X29_Y51_N11    ; recq[2][5]              ;
+----------+---------+----+------+--------+-------------------+-------------------------+

----------------------------
; Extra Fitter Information ;
----------------------------
HTML report is unavailable in plain text report export.


Path #91: Setup slack is -0.508 (VIOLATED)
===============================================================================
+--------------------------------------------------------+
; Path Summary                                           ;
+--------------------+-----------------------------------+
; Property           ; Value                             ;
+--------------------+-----------------------------------+
; From Node          ; zhao_cmd_dma:u_dma|cb[2]          ;
; To Node            ; zhao_cmd_dma:u_dma|done_status[3] ;
; Launch Clock       ; gpu_clk                           ;
; Latch Clock        ; gpu_clk                           ;
; Data Arrival Time  ; 15.919                            ;
; Data Required Time ; 15.411                            ;
; Slack              ; -0.508 (VIOLATED)                 ;
+--------------------+-----------------------------------+

+------------------------------------------------------------------------------------+
; Statistics                                                                         ;
+------------------------+--------+-------+-------------+------------+-------+-------+
; Property               ; Value  ; Count ; Total Delay ; % of Total ; Min   ; Max   ;
+------------------------+--------+-------+-------------+------------+-------+-------+
; Setup Relationship     ; 10.000 ;       ;             ;            ;       ;       ;
; Clock Skew             ; -0.625 ;       ;             ;            ;       ;       ;
; Data Delay             ; 9.823  ;       ;             ;            ;       ;       ;
; Number of Logic Levels ;        ; 7     ;             ;            ;       ;       ;
; Physical Delays        ;        ;       ;             ;            ;       ;       ;
;  Arrival Path          ;        ;       ;             ;            ;       ;       ;
;   Clock                ;        ;       ;             ;            ;       ;       ;
;    IC                  ;        ; 2     ; 5.211       ; 85         ; 2.477 ; 2.734 ;
;    Cell                ;        ; 2     ; 0.885       ; 15         ; 0.321 ; 0.564 ;
;   Data                 ;        ;       ;             ;            ;       ;       ;
;    IC                  ;        ; 8     ; 5.957       ; 61         ; 0.000 ; 1.531 ;
;    Cell                ;        ; 9     ; 3.866       ; 39         ; 0.000 ; 0.804 ;
;    uTco                ;        ; 1     ; 0.000       ; 0          ; 0.000 ; 0.000 ;
;  Required Path         ;        ;       ;             ;            ;       ;       ;
;   Clock                ;        ;       ;             ;            ;       ;       ;
;    IC                  ;        ; 2     ; 2.489       ; 76         ; 0.576 ; 1.913 ;
;    Cell                ;        ; 2     ; 0.798       ; 24         ; 0.295 ; 0.503 ;
+------------------------+--------+-------+-------------+------------+-------+-------+
Note: Negative delays are omitted from totals when calculating percentages

+----------------------------------------------------------------------------------------------------+
; Data Arrival Path                                                                                  ;
+----------+---------+----+------+--------+----------------------+-----------------------------------+
; Total    ; Incr    ; RF ; Type ; Fanout ; Location             ; Element                           ;
+----------+---------+----+------+--------+----------------------+-----------------------------------+
; 0.000    ; 0.000   ;    ;      ;        ;                      ; launch edge time                  ;
; 6.096    ; 6.096   ;    ;      ;        ;                      ; clock path                        ;
;   0.000  ;   0.000 ;    ;      ;        ;                      ; source latency                    ;
;   0.000  ;   0.000 ;    ;      ; 1      ; LABCELL_X1_Y36_N9    ; gpu_clk                           ;
;   2.734  ;   2.734 ; RR ; IC   ; 1      ; CLKCTRL_G2           ; gpu_clk~CLKENA0|inclk             ;
;   3.055  ;   0.321 ; RR ; CELL ; 9078   ; CLKCTRL_G2           ; gpu_clk~CLKENA0|outclk            ;
;   5.532  ;   2.477 ; RR ; IC   ; 1      ; FF_X42_Y39_N8        ; u_dma|cb[2]|clk                   ;
;   6.096  ;   0.564 ; RR ; CELL ; 1      ; FF_X42_Y39_N8        ; zhao_cmd_dma:u_dma|cb[2]          ;
; 15.919   ; 9.823   ;    ;      ;        ;                      ; data path                         ;
;   6.096  ;   0.000 ;    ; uTco ; 1      ; FF_X42_Y39_N8        ; zhao_cmd_dma:u_dma|cb[2]          ;
;   6.096  ;   0.000 ; FF ; CELL ; 9      ; FF_X42_Y39_N8        ; u_dma|cb[2]|q                     ;
;   7.627  ;   1.531 ; FF ; IC   ; 2      ; LABCELL_X33_Y38_N0   ; u_dma|Add26~1|datad               ;
;   8.431  ;   0.804 ; FR ; CELL ; 27     ; LABCELL_X33_Y38_N0   ; u_dma|Add26~1|sumout              ;
;   9.746  ;   1.315 ; RR ; IC   ; 1      ; MLABCELL_X25_Y40_N24 ; u_dma|Equal11~16|datac            ;
;   10.243 ;   0.497 ; RF ; CELL ; 1      ; MLABCELL_X25_Y40_N24 ; u_dma|Equal11~16|combout          ;
;   10.434 ;   0.191 ; FF ; IC   ; 1      ; MLABCELL_X25_Y40_N36 ; u_dma|Equal11~29|dataa            ;
;   11.018 ;   0.584 ; FF ; CELL ; 1      ; MLABCELL_X25_Y40_N36 ; u_dma|Equal11~29|combout          ;
;   11.629 ;   0.611 ; FF ; IC   ; 1      ; MLABCELL_X28_Y40_N48 ; u_dma|Equal11~14|datac            ;
;   12.106 ;   0.477 ; FF ; CELL ; 3      ; MLABCELL_X28_Y40_N48 ; u_dma|Equal11~14|combout          ;
;   13.166 ;   1.060 ; FF ; IC   ; 1      ; MLABCELL_X34_Y39_N18 ; u_dma|Equal11~15|datac            ;
;   13.683 ;   0.517 ; FF ; CELL ; 7      ; MLABCELL_X34_Y39_N18 ; u_dma|Equal11~15|combout          ;
;   14.679 ;   0.996 ; FF ; IC   ; 1      ; LABCELL_X35_Y36_N54  ; u_dma|Selector110~3|datae         ;
;   14.911 ;   0.232 ; FR ; CELL ; 1      ; LABCELL_X35_Y36_N54  ; u_dma|Selector110~3|combout       ;
;   15.164 ;   0.253 ; RR ; IC   ; 1      ; LABCELL_X35_Y36_N12  ; u_dma|Selector110~7|datac         ;
;   15.653 ;   0.489 ; RF ; CELL ; 2      ; LABCELL_X35_Y36_N12  ; u_dma|Selector110~7|combout       ;
;   15.653 ;   0.000 ; FF ; IC   ; 1      ; FF_X35_Y36_N14       ; u_dma|done_status[3]|d            ;
;   15.919 ;   0.266 ; FF ; CELL ; 1      ; FF_X35_Y36_N14       ; zhao_cmd_dma:u_dma|done_status[3] ;
+----------+---------+----+------+--------+----------------------+-----------------------------------+

+-------------------------------------------------------------------------------------------------+
; Data Required Path                                                                              ;
+----------+---------+----+------+--------+-------------------+-----------------------------------+
; Total    ; Incr    ; RF ; Type ; Fanout ; Location          ; Element                           ;
+----------+---------+----+------+--------+-------------------+-----------------------------------+
; 10.000   ; 10.000  ;    ;      ;        ;                   ; latch edge time                   ;
; 15.471   ; 5.471   ;    ;      ;        ;                   ; clock path                        ;
;   10.000 ;   0.000 ;    ;      ;        ;                   ; source latency                    ;
;   10.000 ;   0.000 ;    ;      ; 1      ; LABCELL_X1_Y36_N9 ; gpu_clk                           ;
;   10.576 ;   0.576 ; RR ; IC   ; 1      ; CLKCTRL_G2        ; gpu_clk~CLKENA0|inclk             ;
;   10.871 ;   0.295 ; RR ; CELL ; 9078   ; CLKCTRL_G2        ; gpu_clk~CLKENA0|outclk            ;
;   12.784 ;   1.913 ; RR ; IC   ; 1      ; FF_X35_Y36_N14    ; u_dma|done_status[3]|clk          ;
;   13.287 ;   0.503 ; RR ; CELL ; 1      ; FF_X35_Y36_N14    ; zhao_cmd_dma:u_dma|done_status[3] ;
;   15.471 ;   2.184 ;    ;      ;        ;                   ; clock pessimism removed           ;
; 15.411   ; -0.060  ;    ;      ;        ;                   ; clock uncertainty                 ;
; 15.411   ; 0.000   ;    ; uTsu ; 1      ; FF_X35_Y36_N14    ; zhao_cmd_dma:u_dma|done_status[3] ;
+----------+---------+----+------+--------+-------------------+-----------------------------------+

----------------------------
; Extra Fitter Information ;
----------------------------
HTML report is unavailable in plain text report export.


Path #92: Setup slack is -0.507 (VIOLATED)
===============================================================================
+----------------------------------------+
; Path Summary                           ;
+--------------------+-------------------+
; Property           ; Value             ;
+--------------------+-------------------+
; From Node          ; f_pos[1]          ;
; To Node            ; recq[2][7]        ;
; Launch Clock       ; gpu_clk           ;
; Latch Clock        ; gpu_clk           ;
; Data Arrival Time  ; 16.354            ;
; Data Required Time ; 15.847            ;
; Slack              ; -0.507 (VIOLATED) ;
+--------------------+-------------------+

+------------------------------------------------------------------------------------+
; Statistics                                                                         ;
+------------------------+--------+-------+-------------+------------+-------+-------+
; Property               ; Value  ; Count ; Total Delay ; % of Total ; Min   ; Max   ;
+------------------------+--------+-------+-------------+------------+-------+-------+
; Setup Relationship     ; 10.000 ;       ;             ;            ;       ;       ;
; Clock Skew             ; -0.168 ;       ;             ;            ;       ;       ;
; Data Delay             ; 10.279 ;       ;             ;            ;       ;       ;
; Number of Logic Levels ;        ; 7     ;             ;            ;       ;       ;
; Physical Delays        ;        ;       ;             ;            ;       ;       ;
;  Arrival Path          ;        ;       ;             ;            ;       ;       ;
;   Clock                ;        ;       ;             ;            ;       ;       ;
;    IC                  ;        ; 2     ; 5.184       ; 85         ; 2.450 ; 2.734 ;
;    Cell                ;        ; 2     ; 0.891       ; 15         ; 0.321 ; 0.570 ;
;   Data                 ;        ;       ;             ;            ;       ;       ;
;    IC                  ;        ; 8     ; 6.258       ; 61         ; 0.218 ; 1.440 ;
;    Cell                ;        ; 9     ; 4.021       ; 39         ; 0.000 ; 0.701 ;
;    uTco                ;        ; 1     ; 0.000       ; 0          ; 0.000 ; 0.000 ;
;  Required Path         ;        ;       ;             ;            ;       ;       ;
;   Clock                ;        ;       ;             ;            ;       ;       ;
;    IC                  ;        ; 2     ; 2.535       ; 76         ; 0.576 ; 1.959 ;
;    Cell                ;        ; 2     ; 0.790       ; 24         ; 0.295 ; 0.495 ;
+------------------------+--------+-------+-------------+------------+-------+-------+
Note: Negative delays are omitted from totals when calculating percentages

+------------------------------------------------------------------------------------------+
; Data Arrival Path                                                                        ;
+----------+---------+----+------+--------+----------------------+-------------------------+
; Total    ; Incr    ; RF ; Type ; Fanout ; Location             ; Element                 ;
+----------+---------+----+------+--------+----------------------+-------------------------+
; 0.000    ; 0.000   ;    ;      ;        ;                      ; launch edge time        ;
; 6.075    ; 6.075   ;    ;      ;        ;                      ; clock path              ;
;   0.000  ;   0.000 ;    ;      ;        ;                      ; source latency          ;
;   0.000  ;   0.000 ;    ;      ; 1      ; LABCELL_X1_Y36_N9    ; gpu_clk                 ;
;   2.734  ;   2.734 ; RR ; IC   ; 1      ; CLKCTRL_G2           ; gpu_clk~CLKENA0|inclk   ;
;   3.055  ;   0.321 ; RR ; CELL ; 9078   ; CLKCTRL_G2           ; gpu_clk~CLKENA0|outclk  ;
;   5.505  ;   2.450 ; RR ; IC   ; 1      ; FF_X35_Y47_N5        ; f_pos[1]|clk            ;
;   6.075  ;   0.570 ; RR ; CELL ; 1      ; FF_X35_Y47_N5        ; f_pos[1]                ;
; 16.354   ; 10.279  ;    ;      ;        ;                      ; data path               ;
;   6.075  ;   0.000 ;    ; uTco ; 1      ; FF_X35_Y47_N5        ; f_pos[1]                ;
;   6.075  ;   0.000 ; RR ; CELL ; 2      ; FF_X35_Y47_N5        ; f_pos[1]|q              ;
;   7.245  ;   1.170 ; RR ; IC   ; 1      ; LABCELL_X33_Y45_N27  ; LessThan5~4|datad       ;
;   7.738  ;   0.493 ; RF ; CELL ; 1      ; LABCELL_X33_Y45_N27  ; LessThan5~4|combout     ;
;   8.344  ;   0.606 ; FF ; IC   ; 1      ; MLABCELL_X34_Y45_N0  ; LessThan5~5|dataa       ;
;   8.898  ;   0.554 ; FF ; CELL ; 2      ; MLABCELL_X34_Y45_N0  ; LessThan5~5|combout     ;
;   9.450  ;   0.552 ; FF ; IC   ; 1      ; LABCELL_X33_Y45_N54  ; LessThan5~30|dataa      ;
;   9.990  ;   0.540 ; FR ; CELL ; 1      ; LABCELL_X33_Y45_N54  ; LessThan5~30|combout    ;
;   10.560 ;   0.570 ; RR ; IC   ; 1      ; MLABCELL_X34_Y45_N42 ; LessThan5~31|datae      ;
;   10.861 ;   0.301 ; RF ; CELL ; 1      ; MLABCELL_X34_Y45_N42 ; LessThan5~31|combout    ;
;   11.079 ;   0.218 ; FF ; IC   ; 1      ; MLABCELL_X34_Y45_N54 ; LessThan5~33|datad      ;
;   11.649 ;   0.570 ; FF ; CELL ; 1      ; MLABCELL_X34_Y45_N54 ; LessThan5~33|combout    ;
;   12.398 ;   0.749 ; FF ; IC   ; 1      ; MLABCELL_X34_Y46_N0  ; in_rec_region~0|dataa   ;
;   12.960 ;   0.562 ; FF ; CELL ; 14     ; MLABCELL_X34_Y46_N0  ; in_rec_region~0|combout ;
;   13.913 ;   0.953 ; FF ; IC   ; 1      ; LABCELL_X33_Y48_N9   ; recq[2][132]~5|datae    ;
;   14.213 ;   0.300 ; FF ; CELL ; 136    ; LABCELL_X33_Y48_N9   ; recq[2][132]~5|combout  ;
;   15.653 ;   1.440 ; FF ; IC   ; 1      ; FF_X29_Y51_N8        ; recq[2][7]|ena          ;
;   16.354 ;   0.701 ; FF ; CELL ; 1      ; FF_X29_Y51_N8        ; recq[2][7]              ;
+----------+---------+----+------+--------+----------------------+-------------------------+

+---------------------------------------------------------------------------------------+
; Data Required Path                                                                    ;
+----------+---------+----+------+--------+-------------------+-------------------------+
; Total    ; Incr    ; RF ; Type ; Fanout ; Location          ; Element                 ;
+----------+---------+----+------+--------+-------------------+-------------------------+
; 10.000   ; 10.000  ;    ;      ;        ;                   ; latch edge time         ;
; 15.907   ; 5.907   ;    ;      ;        ;                   ; clock path              ;
;   10.000 ;   0.000 ;    ;      ;        ;                   ; source latency          ;
;   10.000 ;   0.000 ;    ;      ; 1      ; LABCELL_X1_Y36_N9 ; gpu_clk                 ;
;   10.576 ;   0.576 ; RR ; IC   ; 1      ; CLKCTRL_G2        ; gpu_clk~CLKENA0|inclk   ;
;   10.871 ;   0.295 ; RR ; CELL ; 9078   ; CLKCTRL_G2        ; gpu_clk~CLKENA0|outclk  ;
;   12.830 ;   1.959 ; RR ; IC   ; 1      ; FF_X29_Y51_N8     ; recq[2][7]|clk          ;
;   13.325 ;   0.495 ; RR ; CELL ; 1      ; FF_X29_Y51_N8     ; recq[2][7]              ;
;   15.907 ;   2.582 ;    ;      ;        ;                   ; clock pessimism removed ;
; 15.847   ; -0.060  ;    ;      ;        ;                   ; clock uncertainty       ;
; 15.847   ; 0.000   ;    ; uTsu ; 1      ; FF_X29_Y51_N8     ; recq[2][7]              ;
+----------+---------+----+------+--------+-------------------+-------------------------+

----------------------------
; Extra Fitter Information ;
----------------------------
HTML report is unavailable in plain text report export.


Path #93: Setup slack is -0.503 (VIOLATED)
===============================================================================
+----------------------------------------+
; Path Summary                           ;
+--------------------+-------------------+
; Property           ; Value             ;
+--------------------+-------------------+
; From Node          ; f_pos[1]          ;
; To Node            ; recq[4][140]      ;
; Launch Clock       ; gpu_clk           ;
; Latch Clock        ; gpu_clk           ;
; Data Arrival Time  ; 16.362            ;
; Data Required Time ; 15.859            ;
; Slack              ; -0.503 (VIOLATED) ;
+--------------------+-------------------+

+------------------------------------------------------------------------------------+
; Statistics                                                                         ;
+------------------------+--------+-------+-------------+------------+-------+-------+
; Property               ; Value  ; Count ; Total Delay ; % of Total ; Min   ; Max   ;
+------------------------+--------+-------+-------------+------------+-------+-------+
; Setup Relationship     ; 10.000 ;       ;             ;            ;       ;       ;
; Clock Skew             ; -0.156 ;       ;             ;            ;       ;       ;
; Data Delay             ; 10.287 ;       ;             ;            ;       ;       ;
; Number of Logic Levels ;        ; 7     ;             ;            ;       ;       ;
; Physical Delays        ;        ;       ;             ;            ;       ;       ;
;  Arrival Path          ;        ;       ;             ;            ;       ;       ;
;   Clock                ;        ;       ;             ;            ;       ;       ;
;    IC                  ;        ; 2     ; 5.184       ; 85         ; 2.450 ; 2.734 ;
;    Cell                ;        ; 2     ; 0.891       ; 15         ; 0.321 ; 0.570 ;
;   Data                 ;        ;       ;             ;            ;       ;       ;
;    IC                  ;        ; 8     ; 6.242       ; 61         ; 0.218 ; 1.564 ;
;    Cell                ;        ; 9     ; 4.045       ; 39         ; 0.000 ; 0.725 ;
;    uTco                ;        ; 1     ; 0.000       ; 0          ; 0.000 ; 0.000 ;
;  Required Path         ;        ;       ;             ;            ;       ;       ;
;   Clock                ;        ;       ;             ;            ;       ;       ;
;    IC                  ;        ; 2     ; 2.534       ; 76         ; 0.576 ; 1.958 ;
;    Cell                ;        ; 2     ; 0.803       ; 24         ; 0.295 ; 0.508 ;
+------------------------+--------+-------+-------------+------------+-------+-------+
Note: Negative delays are omitted from totals when calculating percentages

+------------------------------------------------------------------------------------------+
; Data Arrival Path                                                                        ;
+----------+---------+----+------+--------+----------------------+-------------------------+
; Total    ; Incr    ; RF ; Type ; Fanout ; Location             ; Element                 ;
+----------+---------+----+------+--------+----------------------+-------------------------+
; 0.000    ; 0.000   ;    ;      ;        ;                      ; launch edge time        ;
; 6.075    ; 6.075   ;    ;      ;        ;                      ; clock path              ;
;   0.000  ;   0.000 ;    ;      ;        ;                      ; source latency          ;
;   0.000  ;   0.000 ;    ;      ; 1      ; LABCELL_X1_Y36_N9    ; gpu_clk                 ;
;   2.734  ;   2.734 ; RR ; IC   ; 1      ; CLKCTRL_G2           ; gpu_clk~CLKENA0|inclk   ;
;   3.055  ;   0.321 ; RR ; CELL ; 9078   ; CLKCTRL_G2           ; gpu_clk~CLKENA0|outclk  ;
;   5.505  ;   2.450 ; RR ; IC   ; 1      ; FF_X35_Y47_N5        ; f_pos[1]|clk            ;
;   6.075  ;   0.570 ; RR ; CELL ; 1      ; FF_X35_Y47_N5        ; f_pos[1]                ;
; 16.362   ; 10.287  ;    ;      ;        ;                      ; data path               ;
;   6.075  ;   0.000 ;    ; uTco ; 1      ; FF_X35_Y47_N5        ; f_pos[1]                ;
;   6.075  ;   0.000 ; RR ; CELL ; 2      ; FF_X35_Y47_N5        ; f_pos[1]|q              ;
;   7.245  ;   1.170 ; RR ; IC   ; 1      ; LABCELL_X33_Y45_N27  ; LessThan5~4|datad       ;
;   7.738  ;   0.493 ; RF ; CELL ; 1      ; LABCELL_X33_Y45_N27  ; LessThan5~4|combout     ;
;   8.344  ;   0.606 ; FF ; IC   ; 1      ; MLABCELL_X34_Y45_N0  ; LessThan5~5|dataa       ;
;   8.898  ;   0.554 ; FF ; CELL ; 2      ; MLABCELL_X34_Y45_N0  ; LessThan5~5|combout     ;
;   9.450  ;   0.552 ; FF ; IC   ; 1      ; LABCELL_X33_Y45_N54  ; LessThan5~30|dataa      ;
;   9.990  ;   0.540 ; FR ; CELL ; 1      ; LABCELL_X33_Y45_N54  ; LessThan5~30|combout    ;
;   10.560 ;   0.570 ; RR ; IC   ; 1      ; MLABCELL_X34_Y45_N42 ; LessThan5~31|datae      ;
;   10.861 ;   0.301 ; RF ; CELL ; 1      ; MLABCELL_X34_Y45_N42 ; LessThan5~31|combout    ;
;   11.079 ;   0.218 ; FF ; IC   ; 1      ; MLABCELL_X34_Y45_N54 ; LessThan5~33|datad      ;
;   11.649 ;   0.570 ; FF ; CELL ; 1      ; MLABCELL_X34_Y45_N54 ; LessThan5~33|combout    ;
;   12.398 ;   0.749 ; FF ; IC   ; 1      ; MLABCELL_X34_Y46_N0  ; in_rec_region~0|dataa   ;
;   12.960 ;   0.562 ; FF ; CELL ; 14     ; MLABCELL_X34_Y46_N0  ; in_rec_region~0|combout ;
;   13.773 ;   0.813 ; FF ; IC   ; 1      ; LABCELL_X30_Y46_N15  ; recq[4][143]~0|datae    ;
;   14.073 ;   0.300 ; FF ; CELL ; 136    ; LABCELL_X30_Y46_N15  ; recq[4][143]~0|combout  ;
;   15.637 ;   1.564 ; FF ; IC   ; 1      ; FF_X31_Y51_N35       ; recq[4][140]|ena        ;
;   16.362 ;   0.725 ; FF ; CELL ; 1      ; FF_X31_Y51_N35       ; recq[4][140]            ;
+----------+---------+----+------+--------+----------------------+-------------------------+

+---------------------------------------------------------------------------------------+
; Data Required Path                                                                    ;
+----------+---------+----+------+--------+-------------------+-------------------------+
; Total    ; Incr    ; RF ; Type ; Fanout ; Location          ; Element                 ;
+----------+---------+----+------+--------+-------------------+-------------------------+
; 10.000   ; 10.000  ;    ;      ;        ;                   ; latch edge time         ;
; 15.919   ; 5.919   ;    ;      ;        ;                   ; clock path              ;
;   10.000 ;   0.000 ;    ;      ;        ;                   ; source latency          ;
;   10.000 ;   0.000 ;    ;      ; 1      ; LABCELL_X1_Y36_N9 ; gpu_clk                 ;
;   10.576 ;   0.576 ; RR ; IC   ; 1      ; CLKCTRL_G2        ; gpu_clk~CLKENA0|inclk   ;
;   10.871 ;   0.295 ; RR ; CELL ; 9078   ; CLKCTRL_G2        ; gpu_clk~CLKENA0|outclk  ;
;   12.829 ;   1.958 ; RR ; IC   ; 1      ; FF_X31_Y51_N35    ; recq[4][140]|clk        ;
;   13.337 ;   0.508 ; RR ; CELL ; 1      ; FF_X31_Y51_N35    ; recq[4][140]            ;
;   15.919 ;   2.582 ;    ;      ;        ;                   ; clock pessimism removed ;
; 15.859   ; -0.060  ;    ;      ;        ;                   ; clock uncertainty       ;
; 15.859   ; 0.000   ;    ; uTsu ; 1      ; FF_X31_Y51_N35    ; recq[4][140]            ;
+----------+---------+----+------+--------+-------------------+-------------------------+

----------------------------
; Extra Fitter Information ;
----------------------------
HTML report is unavailable in plain text report export.


Path #94: Setup slack is -0.503 (VIOLATED)
===============================================================================
+----------------------------------------+
; Path Summary                           ;
+--------------------+-------------------+
; Property           ; Value             ;
+--------------------+-------------------+
; From Node          ; f_pos[1]          ;
; To Node            ; recq[4][141]      ;
; Launch Clock       ; gpu_clk           ;
; Latch Clock        ; gpu_clk           ;
; Data Arrival Time  ; 16.362            ;
; Data Required Time ; 15.859            ;
; Slack              ; -0.503 (VIOLATED) ;
+--------------------+-------------------+

+------------------------------------------------------------------------------------+
; Statistics                                                                         ;
+------------------------+--------+-------+-------------+------------+-------+-------+
; Property               ; Value  ; Count ; Total Delay ; % of Total ; Min   ; Max   ;
+------------------------+--------+-------+-------------+------------+-------+-------+
; Setup Relationship     ; 10.000 ;       ;             ;            ;       ;       ;
; Clock Skew             ; -0.156 ;       ;             ;            ;       ;       ;
; Data Delay             ; 10.287 ;       ;             ;            ;       ;       ;
; Number of Logic Levels ;        ; 7     ;             ;            ;       ;       ;
; Physical Delays        ;        ;       ;             ;            ;       ;       ;
;  Arrival Path          ;        ;       ;             ;            ;       ;       ;
;   Clock                ;        ;       ;             ;            ;       ;       ;
;    IC                  ;        ; 2     ; 5.184       ; 85         ; 2.450 ; 2.734 ;
;    Cell                ;        ; 2     ; 0.891       ; 15         ; 0.321 ; 0.570 ;
;   Data                 ;        ;       ;             ;            ;       ;       ;
;    IC                  ;        ; 8     ; 6.242       ; 61         ; 0.218 ; 1.564 ;
;    Cell                ;        ; 9     ; 4.045       ; 39         ; 0.000 ; 0.725 ;
;    uTco                ;        ; 1     ; 0.000       ; 0          ; 0.000 ; 0.000 ;
;  Required Path         ;        ;       ;             ;            ;       ;       ;
;   Clock                ;        ;       ;             ;            ;       ;       ;
;    IC                  ;        ; 2     ; 2.534       ; 76         ; 0.576 ; 1.958 ;
;    Cell                ;        ; 2     ; 0.803       ; 24         ; 0.295 ; 0.508 ;
+------------------------+--------+-------+-------------+------------+-------+-------+
Note: Negative delays are omitted from totals when calculating percentages

+------------------------------------------------------------------------------------------+
; Data Arrival Path                                                                        ;
+----------+---------+----+------+--------+----------------------+-------------------------+
; Total    ; Incr    ; RF ; Type ; Fanout ; Location             ; Element                 ;
+----------+---------+----+------+--------+----------------------+-------------------------+
; 0.000    ; 0.000   ;    ;      ;        ;                      ; launch edge time        ;
; 6.075    ; 6.075   ;    ;      ;        ;                      ; clock path              ;
;   0.000  ;   0.000 ;    ;      ;        ;                      ; source latency          ;
;   0.000  ;   0.000 ;    ;      ; 1      ; LABCELL_X1_Y36_N9    ; gpu_clk                 ;
;   2.734  ;   2.734 ; RR ; IC   ; 1      ; CLKCTRL_G2           ; gpu_clk~CLKENA0|inclk   ;
;   3.055  ;   0.321 ; RR ; CELL ; 9078   ; CLKCTRL_G2           ; gpu_clk~CLKENA0|outclk  ;
;   5.505  ;   2.450 ; RR ; IC   ; 1      ; FF_X35_Y47_N5        ; f_pos[1]|clk            ;
;   6.075  ;   0.570 ; RR ; CELL ; 1      ; FF_X35_Y47_N5        ; f_pos[1]                ;
; 16.362   ; 10.287  ;    ;      ;        ;                      ; data path               ;
;   6.075  ;   0.000 ;    ; uTco ; 1      ; FF_X35_Y47_N5        ; f_pos[1]                ;
;   6.075  ;   0.000 ; RR ; CELL ; 2      ; FF_X35_Y47_N5        ; f_pos[1]|q              ;
;   7.245  ;   1.170 ; RR ; IC   ; 1      ; LABCELL_X33_Y45_N27  ; LessThan5~4|datad       ;
;   7.738  ;   0.493 ; RF ; CELL ; 1      ; LABCELL_X33_Y45_N27  ; LessThan5~4|combout     ;
;   8.344  ;   0.606 ; FF ; IC   ; 1      ; MLABCELL_X34_Y45_N0  ; LessThan5~5|dataa       ;
;   8.898  ;   0.554 ; FF ; CELL ; 2      ; MLABCELL_X34_Y45_N0  ; LessThan5~5|combout     ;
;   9.450  ;   0.552 ; FF ; IC   ; 1      ; LABCELL_X33_Y45_N54  ; LessThan5~30|dataa      ;
;   9.990  ;   0.540 ; FR ; CELL ; 1      ; LABCELL_X33_Y45_N54  ; LessThan5~30|combout    ;
;   10.560 ;   0.570 ; RR ; IC   ; 1      ; MLABCELL_X34_Y45_N42 ; LessThan5~31|datae      ;
;   10.861 ;   0.301 ; RF ; CELL ; 1      ; MLABCELL_X34_Y45_N42 ; LessThan5~31|combout    ;
;   11.079 ;   0.218 ; FF ; IC   ; 1      ; MLABCELL_X34_Y45_N54 ; LessThan5~33|datad      ;
;   11.649 ;   0.570 ; FF ; CELL ; 1      ; MLABCELL_X34_Y45_N54 ; LessThan5~33|combout    ;
;   12.398 ;   0.749 ; FF ; IC   ; 1      ; MLABCELL_X34_Y46_N0  ; in_rec_region~0|dataa   ;
;   12.960 ;   0.562 ; FF ; CELL ; 14     ; MLABCELL_X34_Y46_N0  ; in_rec_region~0|combout ;
;   13.773 ;   0.813 ; FF ; IC   ; 1      ; LABCELL_X30_Y46_N15  ; recq[4][143]~0|datae    ;
;   14.073 ;   0.300 ; FF ; CELL ; 136    ; LABCELL_X30_Y46_N15  ; recq[4][143]~0|combout  ;
;   15.637 ;   1.564 ; FF ; IC   ; 1      ; FF_X31_Y51_N41       ; recq[4][141]|ena        ;
;   16.362 ;   0.725 ; FF ; CELL ; 1      ; FF_X31_Y51_N41       ; recq[4][141]            ;
+----------+---------+----+------+--------+----------------------+-------------------------+

+---------------------------------------------------------------------------------------+
; Data Required Path                                                                    ;
+----------+---------+----+------+--------+-------------------+-------------------------+
; Total    ; Incr    ; RF ; Type ; Fanout ; Location          ; Element                 ;
+----------+---------+----+------+--------+-------------------+-------------------------+
; 10.000   ; 10.000  ;    ;      ;        ;                   ; latch edge time         ;
; 15.919   ; 5.919   ;    ;      ;        ;                   ; clock path              ;
;   10.000 ;   0.000 ;    ;      ;        ;                   ; source latency          ;
;   10.000 ;   0.000 ;    ;      ; 1      ; LABCELL_X1_Y36_N9 ; gpu_clk                 ;
;   10.576 ;   0.576 ; RR ; IC   ; 1      ; CLKCTRL_G2        ; gpu_clk~CLKENA0|inclk   ;
;   10.871 ;   0.295 ; RR ; CELL ; 9078   ; CLKCTRL_G2        ; gpu_clk~CLKENA0|outclk  ;
;   12.829 ;   1.958 ; RR ; IC   ; 1      ; FF_X31_Y51_N41    ; recq[4][141]|clk        ;
;   13.337 ;   0.508 ; RR ; CELL ; 1      ; FF_X31_Y51_N41    ; recq[4][141]            ;
;   15.919 ;   2.582 ;    ;      ;        ;                   ; clock pessimism removed ;
; 15.859   ; -0.060  ;    ;      ;        ;                   ; clock uncertainty       ;
; 15.859   ; 0.000   ;    ; uTsu ; 1      ; FF_X31_Y51_N41    ; recq[4][141]            ;
+----------+---------+----+------+--------+-------------------+-------------------------+

----------------------------
; Extra Fitter Information ;
----------------------------
HTML report is unavailable in plain text report export.


Path #95: Setup slack is -0.502 (VIOLATED)
===============================================================================
+----------------------------------------+
; Path Summary                           ;
+--------------------+-------------------+
; Property           ; Value             ;
+--------------------+-------------------+
; From Node          ; f_pos[1]          ;
; To Node            ; recq[4][143]      ;
; Launch Clock       ; gpu_clk           ;
; Latch Clock        ; gpu_clk           ;
; Data Arrival Time  ; 16.356            ;
; Data Required Time ; 15.854            ;
; Slack              ; -0.502 (VIOLATED) ;
+--------------------+-------------------+

+------------------------------------------------------------------------------------+
; Statistics                                                                         ;
+------------------------+--------+-------+-------------+------------+-------+-------+
; Property               ; Value  ; Count ; Total Delay ; % of Total ; Min   ; Max   ;
+------------------------+--------+-------+-------------+------------+-------+-------+
; Setup Relationship     ; 10.000 ;       ;             ;            ;       ;       ;
; Clock Skew             ; -0.161 ;       ;             ;            ;       ;       ;
; Data Delay             ; 10.281 ;       ;             ;            ;       ;       ;
; Number of Logic Levels ;        ; 7     ;             ;            ;       ;       ;
; Physical Delays        ;        ;       ;             ;            ;       ;       ;
;  Arrival Path          ;        ;       ;             ;            ;       ;       ;
;   Clock                ;        ;       ;             ;            ;       ;       ;
;    IC                  ;        ; 2     ; 5.184       ; 85         ; 2.450 ; 2.734 ;
;    Cell                ;        ; 2     ; 0.891       ; 15         ; 0.321 ; 0.570 ;
;   Data                 ;        ;       ;             ;            ;       ;       ;
;    IC                  ;        ; 8     ; 6.242       ; 61         ; 0.218 ; 1.564 ;
;    Cell                ;        ; 9     ; 4.039       ; 39         ; 0.000 ; 0.719 ;
;    uTco                ;        ; 1     ; 0.000       ; 0          ; 0.000 ; 0.000 ;
;  Required Path         ;        ;       ;             ;            ;       ;       ;
;   Clock                ;        ;       ;             ;            ;       ;       ;
;    IC                  ;        ; 2     ; 2.534       ; 76         ; 0.576 ; 1.958 ;
;    Cell                ;        ; 2     ; 0.798       ; 24         ; 0.295 ; 0.503 ;
+------------------------+--------+-------+-------------+------------+-------+-------+
Note: Negative delays are omitted from totals when calculating percentages

+------------------------------------------------------------------------------------------+
; Data Arrival Path                                                                        ;
+----------+---------+----+------+--------+----------------------+-------------------------+
; Total    ; Incr    ; RF ; Type ; Fanout ; Location             ; Element                 ;
+----------+---------+----+------+--------+----------------------+-------------------------+
; 0.000    ; 0.000   ;    ;      ;        ;                      ; launch edge time        ;
; 6.075    ; 6.075   ;    ;      ;        ;                      ; clock path              ;
;   0.000  ;   0.000 ;    ;      ;        ;                      ; source latency          ;
;   0.000  ;   0.000 ;    ;      ; 1      ; LABCELL_X1_Y36_N9    ; gpu_clk                 ;
;   2.734  ;   2.734 ; RR ; IC   ; 1      ; CLKCTRL_G2           ; gpu_clk~CLKENA0|inclk   ;
;   3.055  ;   0.321 ; RR ; CELL ; 9078   ; CLKCTRL_G2           ; gpu_clk~CLKENA0|outclk  ;
;   5.505  ;   2.450 ; RR ; IC   ; 1      ; FF_X35_Y47_N5        ; f_pos[1]|clk            ;
;   6.075  ;   0.570 ; RR ; CELL ; 1      ; FF_X35_Y47_N5        ; f_pos[1]                ;
; 16.356   ; 10.281  ;    ;      ;        ;                      ; data path               ;
;   6.075  ;   0.000 ;    ; uTco ; 1      ; FF_X35_Y47_N5        ; f_pos[1]                ;
;   6.075  ;   0.000 ; RR ; CELL ; 2      ; FF_X35_Y47_N5        ; f_pos[1]|q              ;
;   7.245  ;   1.170 ; RR ; IC   ; 1      ; LABCELL_X33_Y45_N27  ; LessThan5~4|datad       ;
;   7.738  ;   0.493 ; RF ; CELL ; 1      ; LABCELL_X33_Y45_N27  ; LessThan5~4|combout     ;
;   8.344  ;   0.606 ; FF ; IC   ; 1      ; MLABCELL_X34_Y45_N0  ; LessThan5~5|dataa       ;
;   8.898  ;   0.554 ; FF ; CELL ; 2      ; MLABCELL_X34_Y45_N0  ; LessThan5~5|combout     ;
;   9.450  ;   0.552 ; FF ; IC   ; 1      ; LABCELL_X33_Y45_N54  ; LessThan5~30|dataa      ;
;   9.990  ;   0.540 ; FR ; CELL ; 1      ; LABCELL_X33_Y45_N54  ; LessThan5~30|combout    ;
;   10.560 ;   0.570 ; RR ; IC   ; 1      ; MLABCELL_X34_Y45_N42 ; LessThan5~31|datae      ;
;   10.861 ;   0.301 ; RF ; CELL ; 1      ; MLABCELL_X34_Y45_N42 ; LessThan5~31|combout    ;
;   11.079 ;   0.218 ; FF ; IC   ; 1      ; MLABCELL_X34_Y45_N54 ; LessThan5~33|datad      ;
;   11.649 ;   0.570 ; FF ; CELL ; 1      ; MLABCELL_X34_Y45_N54 ; LessThan5~33|combout    ;
;   12.398 ;   0.749 ; FF ; IC   ; 1      ; MLABCELL_X34_Y46_N0  ; in_rec_region~0|dataa   ;
;   12.960 ;   0.562 ; FF ; CELL ; 14     ; MLABCELL_X34_Y46_N0  ; in_rec_region~0|combout ;
;   13.773 ;   0.813 ; FF ; IC   ; 1      ; LABCELL_X30_Y46_N15  ; recq[4][143]~0|datae    ;
;   14.073 ;   0.300 ; FF ; CELL ; 136    ; LABCELL_X30_Y46_N15  ; recq[4][143]~0|combout  ;
;   15.637 ;   1.564 ; FF ; IC   ; 1      ; FF_X31_Y51_N32       ; recq[4][143]|ena        ;
;   16.356 ;   0.719 ; FF ; CELL ; 1      ; FF_X31_Y51_N32       ; recq[4][143]            ;
+----------+---------+----+------+--------+----------------------+-------------------------+

+---------------------------------------------------------------------------------------+
; Data Required Path                                                                    ;
+----------+---------+----+------+--------+-------------------+-------------------------+
; Total    ; Incr    ; RF ; Type ; Fanout ; Location          ; Element                 ;
+----------+---------+----+------+--------+-------------------+-------------------------+
; 10.000   ; 10.000  ;    ;      ;        ;                   ; latch edge time         ;
; 15.914   ; 5.914   ;    ;      ;        ;                   ; clock path              ;
;   10.000 ;   0.000 ;    ;      ;        ;                   ; source latency          ;
;   10.000 ;   0.000 ;    ;      ; 1      ; LABCELL_X1_Y36_N9 ; gpu_clk                 ;
;   10.576 ;   0.576 ; RR ; IC   ; 1      ; CLKCTRL_G2        ; gpu_clk~CLKENA0|inclk   ;
;   10.871 ;   0.295 ; RR ; CELL ; 9078   ; CLKCTRL_G2        ; gpu_clk~CLKENA0|outclk  ;
;   12.829 ;   1.958 ; RR ; IC   ; 1      ; FF_X31_Y51_N32    ; recq[4][143]|clk        ;
;   13.332 ;   0.503 ; RR ; CELL ; 1      ; FF_X31_Y51_N32    ; recq[4][143]            ;
;   15.914 ;   2.582 ;    ;      ;        ;                   ; clock pessimism removed ;
; 15.854   ; -0.060  ;    ;      ;        ;                   ; clock uncertainty       ;
; 15.854   ; 0.000   ;    ; uTsu ; 1      ; FF_X31_Y51_N32    ; recq[4][143]            ;
+----------+---------+----+------+--------+-------------------+-------------------------+

----------------------------
; Extra Fitter Information ;
----------------------------
HTML report is unavailable in plain text report export.


Path #96: Setup slack is -0.502 (VIOLATED)
===============================================================================
+----------------------------------------+
; Path Summary                           ;
+--------------------+-------------------+
; Property           ; Value             ;
+--------------------+-------------------+
; From Node          ; f_pos[1]          ;
; To Node            ; recq[4][101]      ;
; Launch Clock       ; gpu_clk           ;
; Latch Clock        ; gpu_clk           ;
; Data Arrival Time  ; 16.354            ;
; Data Required Time ; 15.852            ;
; Slack              ; -0.502 (VIOLATED) ;
+--------------------+-------------------+

+------------------------------------------------------------------------------------+
; Statistics                                                                         ;
+------------------------+--------+-------+-------------+------------+-------+-------+
; Property               ; Value  ; Count ; Total Delay ; % of Total ; Min   ; Max   ;
+------------------------+--------+-------+-------------+------------+-------+-------+
; Setup Relationship     ; 10.000 ;       ;             ;            ;       ;       ;
; Clock Skew             ; -0.163 ;       ;             ;            ;       ;       ;
; Data Delay             ; 10.279 ;       ;             ;            ;       ;       ;
; Number of Logic Levels ;        ; 7     ;             ;            ;       ;       ;
; Physical Delays        ;        ;       ;             ;            ;       ;       ;
;  Arrival Path          ;        ;       ;             ;            ;       ;       ;
;   Clock                ;        ;       ;             ;            ;       ;       ;
;    IC                  ;        ; 2     ; 5.184       ; 85         ; 2.450 ; 2.734 ;
;    Cell                ;        ; 2     ; 0.891       ; 15         ; 0.321 ; 0.570 ;
;   Data                 ;        ;       ;             ;            ;       ;       ;
;    IC                  ;        ; 8     ; 6.242       ; 61         ; 0.218 ; 1.564 ;
;    Cell                ;        ; 9     ; 4.037       ; 39         ; 0.000 ; 0.717 ;
;    uTco                ;        ; 1     ; 0.000       ; 0          ; 0.000 ; 0.000 ;
;  Required Path         ;        ;       ;             ;            ;       ;       ;
;   Clock                ;        ;       ;             ;            ;       ;       ;
;    IC                  ;        ; 2     ; 2.534       ; 76         ; 0.576 ; 1.958 ;
;    Cell                ;        ; 2     ; 0.796       ; 24         ; 0.295 ; 0.501 ;
+------------------------+--------+-------+-------------+------------+-------+-------+
Note: Negative delays are omitted from totals when calculating percentages

+------------------------------------------------------------------------------------------+
; Data Arrival Path                                                                        ;
+----------+---------+----+------+--------+----------------------+-------------------------+
; Total    ; Incr    ; RF ; Type ; Fanout ; Location             ; Element                 ;
+----------+---------+----+------+--------+----------------------+-------------------------+
; 0.000    ; 0.000   ;    ;      ;        ;                      ; launch edge time        ;
; 6.075    ; 6.075   ;    ;      ;        ;                      ; clock path              ;
;   0.000  ;   0.000 ;    ;      ;        ;                      ; source latency          ;
;   0.000  ;   0.000 ;    ;      ; 1      ; LABCELL_X1_Y36_N9    ; gpu_clk                 ;
;   2.734  ;   2.734 ; RR ; IC   ; 1      ; CLKCTRL_G2           ; gpu_clk~CLKENA0|inclk   ;
;   3.055  ;   0.321 ; RR ; CELL ; 9078   ; CLKCTRL_G2           ; gpu_clk~CLKENA0|outclk  ;
;   5.505  ;   2.450 ; RR ; IC   ; 1      ; FF_X35_Y47_N5        ; f_pos[1]|clk            ;
;   6.075  ;   0.570 ; RR ; CELL ; 1      ; FF_X35_Y47_N5        ; f_pos[1]                ;
; 16.354   ; 10.279  ;    ;      ;        ;                      ; data path               ;
;   6.075  ;   0.000 ;    ; uTco ; 1      ; FF_X35_Y47_N5        ; f_pos[1]                ;
;   6.075  ;   0.000 ; RR ; CELL ; 2      ; FF_X35_Y47_N5        ; f_pos[1]|q              ;
;   7.245  ;   1.170 ; RR ; IC   ; 1      ; LABCELL_X33_Y45_N27  ; LessThan5~4|datad       ;
;   7.738  ;   0.493 ; RF ; CELL ; 1      ; LABCELL_X33_Y45_N27  ; LessThan5~4|combout     ;
;   8.344  ;   0.606 ; FF ; IC   ; 1      ; MLABCELL_X34_Y45_N0  ; LessThan5~5|dataa       ;
;   8.898  ;   0.554 ; FF ; CELL ; 2      ; MLABCELL_X34_Y45_N0  ; LessThan5~5|combout     ;
;   9.450  ;   0.552 ; FF ; IC   ; 1      ; LABCELL_X33_Y45_N54  ; LessThan5~30|dataa      ;
;   9.990  ;   0.540 ; FR ; CELL ; 1      ; LABCELL_X33_Y45_N54  ; LessThan5~30|combout    ;
;   10.560 ;   0.570 ; RR ; IC   ; 1      ; MLABCELL_X34_Y45_N42 ; LessThan5~31|datae      ;
;   10.861 ;   0.301 ; RF ; CELL ; 1      ; MLABCELL_X34_Y45_N42 ; LessThan5~31|combout    ;
;   11.079 ;   0.218 ; FF ; IC   ; 1      ; MLABCELL_X34_Y45_N54 ; LessThan5~33|datad      ;
;   11.649 ;   0.570 ; FF ; CELL ; 1      ; MLABCELL_X34_Y45_N54 ; LessThan5~33|combout    ;
;   12.398 ;   0.749 ; FF ; IC   ; 1      ; MLABCELL_X34_Y46_N0  ; in_rec_region~0|dataa   ;
;   12.960 ;   0.562 ; FF ; CELL ; 14     ; MLABCELL_X34_Y46_N0  ; in_rec_region~0|combout ;
;   13.773 ;   0.813 ; FF ; IC   ; 1      ; LABCELL_X30_Y46_N15  ; recq[4][143]~0|datae    ;
;   14.073 ;   0.300 ; FF ; CELL ; 136    ; LABCELL_X30_Y46_N15  ; recq[4][143]~0|combout  ;
;   15.637 ;   1.564 ; FF ; IC   ; 1      ; FF_X31_Y51_N40       ; recq[4][101]|ena        ;
;   16.354 ;   0.717 ; FF ; CELL ; 1      ; FF_X31_Y51_N40       ; recq[4][101]            ;
+----------+---------+----+------+--------+----------------------+-------------------------+

+---------------------------------------------------------------------------------------+
; Data Required Path                                                                    ;
+----------+---------+----+------+--------+-------------------+-------------------------+
; Total    ; Incr    ; RF ; Type ; Fanout ; Location          ; Element                 ;
+----------+---------+----+------+--------+-------------------+-------------------------+
; 10.000   ; 10.000  ;    ;      ;        ;                   ; latch edge time         ;
; 15.912   ; 5.912   ;    ;      ;        ;                   ; clock path              ;
;   10.000 ;   0.000 ;    ;      ;        ;                   ; source latency          ;
;   10.000 ;   0.000 ;    ;      ; 1      ; LABCELL_X1_Y36_N9 ; gpu_clk                 ;
;   10.576 ;   0.576 ; RR ; IC   ; 1      ; CLKCTRL_G2        ; gpu_clk~CLKENA0|inclk   ;
;   10.871 ;   0.295 ; RR ; CELL ; 9078   ; CLKCTRL_G2        ; gpu_clk~CLKENA0|outclk  ;
;   12.829 ;   1.958 ; RR ; IC   ; 1      ; FF_X31_Y51_N40    ; recq[4][101]|clk        ;
;   13.330 ;   0.501 ; RR ; CELL ; 1      ; FF_X31_Y51_N40    ; recq[4][101]            ;
;   15.912 ;   2.582 ;    ;      ;        ;                   ; clock pessimism removed ;
; 15.852   ; -0.060  ;    ;      ;        ;                   ; clock uncertainty       ;
; 15.852   ; 0.000   ;    ; uTsu ; 1      ; FF_X31_Y51_N40    ; recq[4][101]            ;
+----------+---------+----+------+--------+-------------------+-------------------------+

----------------------------
; Extra Fitter Information ;
----------------------------
HTML report is unavailable in plain text report export.


Path #97: Setup slack is -0.502 (VIOLATED)
===============================================================================
+----------------------------------------+
; Path Summary                           ;
+--------------------+-------------------+
; Property           ; Value             ;
+--------------------+-------------------+
; From Node          ; f_pos[1]          ;
; To Node            ; recq[4][96]       ;
; Launch Clock       ; gpu_clk           ;
; Latch Clock        ; gpu_clk           ;
; Data Arrival Time  ; 16.354            ;
; Data Required Time ; 15.852            ;
; Slack              ; -0.502 (VIOLATED) ;
+--------------------+-------------------+

+------------------------------------------------------------------------------------+
; Statistics                                                                         ;
+------------------------+--------+-------+-------------+------------+-------+-------+
; Property               ; Value  ; Count ; Total Delay ; % of Total ; Min   ; Max   ;
+------------------------+--------+-------+-------------+------------+-------+-------+
; Setup Relationship     ; 10.000 ;       ;             ;            ;       ;       ;
; Clock Skew             ; -0.163 ;       ;             ;            ;       ;       ;
; Data Delay             ; 10.279 ;       ;             ;            ;       ;       ;
; Number of Logic Levels ;        ; 7     ;             ;            ;       ;       ;
; Physical Delays        ;        ;       ;             ;            ;       ;       ;
;  Arrival Path          ;        ;       ;             ;            ;       ;       ;
;   Clock                ;        ;       ;             ;            ;       ;       ;
;    IC                  ;        ; 2     ; 5.184       ; 85         ; 2.450 ; 2.734 ;
;    Cell                ;        ; 2     ; 0.891       ; 15         ; 0.321 ; 0.570 ;
;   Data                 ;        ;       ;             ;            ;       ;       ;
;    IC                  ;        ; 8     ; 6.242       ; 61         ; 0.218 ; 1.564 ;
;    Cell                ;        ; 9     ; 4.037       ; 39         ; 0.000 ; 0.717 ;
;    uTco                ;        ; 1     ; 0.000       ; 0          ; 0.000 ; 0.000 ;
;  Required Path         ;        ;       ;             ;            ;       ;       ;
;   Clock                ;        ;       ;             ;            ;       ;       ;
;    IC                  ;        ; 2     ; 2.534       ; 76         ; 0.576 ; 1.958 ;
;    Cell                ;        ; 2     ; 0.796       ; 24         ; 0.295 ; 0.501 ;
+------------------------+--------+-------+-------------+------------+-------+-------+
Note: Negative delays are omitted from totals when calculating percentages

+------------------------------------------------------------------------------------------+
; Data Arrival Path                                                                        ;
+----------+---------+----+------+--------+----------------------+-------------------------+
; Total    ; Incr    ; RF ; Type ; Fanout ; Location             ; Element                 ;
+----------+---------+----+------+--------+----------------------+-------------------------+
; 0.000    ; 0.000   ;    ;      ;        ;                      ; launch edge time        ;
; 6.075    ; 6.075   ;    ;      ;        ;                      ; clock path              ;
;   0.000  ;   0.000 ;    ;      ;        ;                      ; source latency          ;
;   0.000  ;   0.000 ;    ;      ; 1      ; LABCELL_X1_Y36_N9    ; gpu_clk                 ;
;   2.734  ;   2.734 ; RR ; IC   ; 1      ; CLKCTRL_G2           ; gpu_clk~CLKENA0|inclk   ;
;   3.055  ;   0.321 ; RR ; CELL ; 9078   ; CLKCTRL_G2           ; gpu_clk~CLKENA0|outclk  ;
;   5.505  ;   2.450 ; RR ; IC   ; 1      ; FF_X35_Y47_N5        ; f_pos[1]|clk            ;
;   6.075  ;   0.570 ; RR ; CELL ; 1      ; FF_X35_Y47_N5        ; f_pos[1]                ;
; 16.354   ; 10.279  ;    ;      ;        ;                      ; data path               ;
;   6.075  ;   0.000 ;    ; uTco ; 1      ; FF_X35_Y47_N5        ; f_pos[1]                ;
;   6.075  ;   0.000 ; RR ; CELL ; 2      ; FF_X35_Y47_N5        ; f_pos[1]|q              ;
;   7.245  ;   1.170 ; RR ; IC   ; 1      ; LABCELL_X33_Y45_N27  ; LessThan5~4|datad       ;
;   7.738  ;   0.493 ; RF ; CELL ; 1      ; LABCELL_X33_Y45_N27  ; LessThan5~4|combout     ;
;   8.344  ;   0.606 ; FF ; IC   ; 1      ; MLABCELL_X34_Y45_N0  ; LessThan5~5|dataa       ;
;   8.898  ;   0.554 ; FF ; CELL ; 2      ; MLABCELL_X34_Y45_N0  ; LessThan5~5|combout     ;
;   9.450  ;   0.552 ; FF ; IC   ; 1      ; LABCELL_X33_Y45_N54  ; LessThan5~30|dataa      ;
;   9.990  ;   0.540 ; FR ; CELL ; 1      ; LABCELL_X33_Y45_N54  ; LessThan5~30|combout    ;
;   10.560 ;   0.570 ; RR ; IC   ; 1      ; MLABCELL_X34_Y45_N42 ; LessThan5~31|datae      ;
;   10.861 ;   0.301 ; RF ; CELL ; 1      ; MLABCELL_X34_Y45_N42 ; LessThan5~31|combout    ;
;   11.079 ;   0.218 ; FF ; IC   ; 1      ; MLABCELL_X34_Y45_N54 ; LessThan5~33|datad      ;
;   11.649 ;   0.570 ; FF ; CELL ; 1      ; MLABCELL_X34_Y45_N54 ; LessThan5~33|combout    ;
;   12.398 ;   0.749 ; FF ; IC   ; 1      ; MLABCELL_X34_Y46_N0  ; in_rec_region~0|dataa   ;
;   12.960 ;   0.562 ; FF ; CELL ; 14     ; MLABCELL_X34_Y46_N0  ; in_rec_region~0|combout ;
;   13.773 ;   0.813 ; FF ; IC   ; 1      ; LABCELL_X30_Y46_N15  ; recq[4][143]~0|datae    ;
;   14.073 ;   0.300 ; FF ; CELL ; 136    ; LABCELL_X30_Y46_N15  ; recq[4][143]~0|combout  ;
;   15.637 ;   1.564 ; FF ; IC   ; 1      ; FF_X31_Y51_N34       ; recq[4][96]|ena         ;
;   16.354 ;   0.717 ; FF ; CELL ; 1      ; FF_X31_Y51_N34       ; recq[4][96]             ;
+----------+---------+----+------+--------+----------------------+-------------------------+

+---------------------------------------------------------------------------------------+
; Data Required Path                                                                    ;
+----------+---------+----+------+--------+-------------------+-------------------------+
; Total    ; Incr    ; RF ; Type ; Fanout ; Location          ; Element                 ;
+----------+---------+----+------+--------+-------------------+-------------------------+
; 10.000   ; 10.000  ;    ;      ;        ;                   ; latch edge time         ;
; 15.912   ; 5.912   ;    ;      ;        ;                   ; clock path              ;
;   10.000 ;   0.000 ;    ;      ;        ;                   ; source latency          ;
;   10.000 ;   0.000 ;    ;      ; 1      ; LABCELL_X1_Y36_N9 ; gpu_clk                 ;
;   10.576 ;   0.576 ; RR ; IC   ; 1      ; CLKCTRL_G2        ; gpu_clk~CLKENA0|inclk   ;
;   10.871 ;   0.295 ; RR ; CELL ; 9078   ; CLKCTRL_G2        ; gpu_clk~CLKENA0|outclk  ;
;   12.829 ;   1.958 ; RR ; IC   ; 1      ; FF_X31_Y51_N34    ; recq[4][96]|clk         ;
;   13.330 ;   0.501 ; RR ; CELL ; 1      ; FF_X31_Y51_N34    ; recq[4][96]             ;
;   15.912 ;   2.582 ;    ;      ;        ;                   ; clock pessimism removed ;
; 15.852   ; -0.060  ;    ;      ;        ;                   ; clock uncertainty       ;
; 15.852   ; 0.000   ;    ; uTsu ; 1      ; FF_X31_Y51_N34    ; recq[4][96]             ;
+----------+---------+----+------+--------+-------------------+-------------------------+

----------------------------
; Extra Fitter Information ;
----------------------------
HTML report is unavailable in plain text report export.


Path #98: Setup slack is -0.502 (VIOLATED)
===============================================================================
+------------------------------------------------------------------+
; Path Summary                                                     ;
+--------------------+---------------------------------------------+
; Property           ; Value                                       ;
+--------------------+---------------------------------------------+
; From Node          ; zhao_cmd_dma:u_dma|cb[2]                    ;
; To Node            ; zhao_cmd_dma:u_dma|done_status[3]~DUPLICATE ;
; Launch Clock       ; gpu_clk                                     ;
; Latch Clock        ; gpu_clk                                     ;
; Data Arrival Time  ; 15.917                                      ;
; Data Required Time ; 15.415                                      ;
; Slack              ; -0.502 (VIOLATED)                           ;
+--------------------+---------------------------------------------+

+------------------------------------------------------------------------------------+
; Statistics                                                                         ;
+------------------------+--------+-------+-------------+------------+-------+-------+
; Property               ; Value  ; Count ; Total Delay ; % of Total ; Min   ; Max   ;
+------------------------+--------+-------+-------------+------------+-------+-------+
; Setup Relationship     ; 10.000 ;       ;             ;            ;       ;       ;
; Clock Skew             ; -0.621 ;       ;             ;            ;       ;       ;
; Data Delay             ; 9.821  ;       ;             ;            ;       ;       ;
; Number of Logic Levels ;        ; 7     ;             ;            ;       ;       ;
; Physical Delays        ;        ;       ;             ;            ;       ;       ;
;  Arrival Path          ;        ;       ;             ;            ;       ;       ;
;   Clock                ;        ;       ;             ;            ;       ;       ;
;    IC                  ;        ; 2     ; 5.211       ; 85         ; 2.477 ; 2.734 ;
;    Cell                ;        ; 2     ; 0.885       ; 15         ; 0.321 ; 0.564 ;
;   Data                 ;        ;       ;             ;            ;       ;       ;
;    IC                  ;        ; 8     ; 5.957       ; 61         ; 0.000 ; 1.531 ;
;    Cell                ;        ; 9     ; 3.864       ; 39         ; 0.000 ; 0.804 ;
;    uTco                ;        ; 1     ; 0.000       ; 0          ; 0.000 ; 0.000 ;
;  Required Path         ;        ;       ;             ;            ;       ;       ;
;   Clock                ;        ;       ;             ;            ;       ;       ;
;    IC                  ;        ; 2     ; 2.489       ; 76         ; 0.576 ; 1.913 ;
;    Cell                ;        ; 2     ; 0.802       ; 24         ; 0.295 ; 0.507 ;
+------------------------+--------+-------+-------------+------------+-------+-------+
Note: Negative delays are omitted from totals when calculating percentages

+--------------------------------------------------------------------------------------------------------------+
; Data Arrival Path                                                                                            ;
+----------+---------+----+------+--------+----------------------+---------------------------------------------+
; Total    ; Incr    ; RF ; Type ; Fanout ; Location             ; Element                                     ;
+----------+---------+----+------+--------+----------------------+---------------------------------------------+
; 0.000    ; 0.000   ;    ;      ;        ;                      ; launch edge time                            ;
; 6.096    ; 6.096   ;    ;      ;        ;                      ; clock path                                  ;
;   0.000  ;   0.000 ;    ;      ;        ;                      ; source latency                              ;
;   0.000  ;   0.000 ;    ;      ; 1      ; LABCELL_X1_Y36_N9    ; gpu_clk                                     ;
;   2.734  ;   2.734 ; RR ; IC   ; 1      ; CLKCTRL_G2           ; gpu_clk~CLKENA0|inclk                       ;
;   3.055  ;   0.321 ; RR ; CELL ; 9078   ; CLKCTRL_G2           ; gpu_clk~CLKENA0|outclk                      ;
;   5.532  ;   2.477 ; RR ; IC   ; 1      ; FF_X42_Y39_N8        ; u_dma|cb[2]|clk                             ;
;   6.096  ;   0.564 ; RR ; CELL ; 1      ; FF_X42_Y39_N8        ; zhao_cmd_dma:u_dma|cb[2]                    ;
; 15.917   ; 9.821   ;    ;      ;        ;                      ; data path                                   ;
;   6.096  ;   0.000 ;    ; uTco ; 1      ; FF_X42_Y39_N8        ; zhao_cmd_dma:u_dma|cb[2]                    ;
;   6.096  ;   0.000 ; FF ; CELL ; 9      ; FF_X42_Y39_N8        ; u_dma|cb[2]|q                               ;
;   7.627  ;   1.531 ; FF ; IC   ; 2      ; LABCELL_X33_Y38_N0   ; u_dma|Add26~1|datad                         ;
;   8.431  ;   0.804 ; FR ; CELL ; 27     ; LABCELL_X33_Y38_N0   ; u_dma|Add26~1|sumout                        ;
;   9.746  ;   1.315 ; RR ; IC   ; 1      ; MLABCELL_X25_Y40_N24 ; u_dma|Equal11~16|datac                      ;
;   10.243 ;   0.497 ; RF ; CELL ; 1      ; MLABCELL_X25_Y40_N24 ; u_dma|Equal11~16|combout                    ;
;   10.434 ;   0.191 ; FF ; IC   ; 1      ; MLABCELL_X25_Y40_N36 ; u_dma|Equal11~29|dataa                      ;
;   11.018 ;   0.584 ; FF ; CELL ; 1      ; MLABCELL_X25_Y40_N36 ; u_dma|Equal11~29|combout                    ;
;   11.629 ;   0.611 ; FF ; IC   ; 1      ; MLABCELL_X28_Y40_N48 ; u_dma|Equal11~14|datac                      ;
;   12.106 ;   0.477 ; FF ; CELL ; 3      ; MLABCELL_X28_Y40_N48 ; u_dma|Equal11~14|combout                    ;
;   13.166 ;   1.060 ; FF ; IC   ; 1      ; MLABCELL_X34_Y39_N18 ; u_dma|Equal11~15|datac                      ;
;   13.683 ;   0.517 ; FF ; CELL ; 7      ; MLABCELL_X34_Y39_N18 ; u_dma|Equal11~15|combout                    ;
;   14.679 ;   0.996 ; FF ; IC   ; 1      ; LABCELL_X35_Y36_N54  ; u_dma|Selector110~3|datae                   ;
;   14.911 ;   0.232 ; FR ; CELL ; 1      ; LABCELL_X35_Y36_N54  ; u_dma|Selector110~3|combout                 ;
;   15.164 ;   0.253 ; RR ; IC   ; 1      ; LABCELL_X35_Y36_N12  ; u_dma|Selector110~7|datac                   ;
;   15.653 ;   0.489 ; RF ; CELL ; 2      ; LABCELL_X35_Y36_N12  ; u_dma|Selector110~7|combout                 ;
;   15.653 ;   0.000 ; FF ; IC   ; 1      ; FF_X35_Y36_N13       ; u_dma|done_status[3]~DUPLICATE|d            ;
;   15.917 ;   0.264 ; FF ; CELL ; 1      ; FF_X35_Y36_N13       ; zhao_cmd_dma:u_dma|done_status[3]~DUPLICATE ;
+----------+---------+----+------+--------+----------------------+---------------------------------------------+

+-----------------------------------------------------------------------------------------------------------+
; Data Required Path                                                                                        ;
+----------+---------+----+------+--------+-------------------+---------------------------------------------+
; Total    ; Incr    ; RF ; Type ; Fanout ; Location          ; Element                                     ;
+----------+---------+----+------+--------+-------------------+---------------------------------------------+
; 10.000   ; 10.000  ;    ;      ;        ;                   ; latch edge time                             ;
; 15.475   ; 5.475   ;    ;      ;        ;                   ; clock path                                  ;
;   10.000 ;   0.000 ;    ;      ;        ;                   ; source latency                              ;
;   10.000 ;   0.000 ;    ;      ; 1      ; LABCELL_X1_Y36_N9 ; gpu_clk                                     ;
;   10.576 ;   0.576 ; RR ; IC   ; 1      ; CLKCTRL_G2        ; gpu_clk~CLKENA0|inclk                       ;
;   10.871 ;   0.295 ; RR ; CELL ; 9078   ; CLKCTRL_G2        ; gpu_clk~CLKENA0|outclk                      ;
;   12.784 ;   1.913 ; RR ; IC   ; 1      ; FF_X35_Y36_N13    ; u_dma|done_status[3]~DUPLICATE|clk          ;
;   13.291 ;   0.507 ; RR ; CELL ; 1      ; FF_X35_Y36_N13    ; zhao_cmd_dma:u_dma|done_status[3]~DUPLICATE ;
;   15.475 ;   2.184 ;    ;      ;        ;                   ; clock pessimism removed                     ;
; 15.415   ; -0.060  ;    ;      ;        ;                   ; clock uncertainty                           ;
; 15.415   ; 0.000   ;    ; uTsu ; 1      ; FF_X35_Y36_N13    ; zhao_cmd_dma:u_dma|done_status[3]~DUPLICATE ;
+----------+---------+----+------+--------+-------------------+---------------------------------------------+

----------------------------
; Extra Fitter Information ;
----------------------------
HTML report is unavailable in plain text report export.


Path #99: Setup slack is -0.502 (VIOLATED)
===============================================================================
+----------------------------------------+
; Path Summary                           ;
+--------------------+-------------------+
; Property           ; Value             ;
+--------------------+-------------------+
; From Node          ; f_pos[1]          ;
; To Node            ; recq[4][21]       ;
; Launch Clock       ; gpu_clk           ;
; Latch Clock        ; gpu_clk           ;
; Data Arrival Time  ; 16.356            ;
; Data Required Time ; 15.854            ;
; Slack              ; -0.502 (VIOLATED) ;
+--------------------+-------------------+

+------------------------------------------------------------------------------------+
; Statistics                                                                         ;
+------------------------+--------+-------+-------------+------------+-------+-------+
; Property               ; Value  ; Count ; Total Delay ; % of Total ; Min   ; Max   ;
+------------------------+--------+-------+-------------+------------+-------+-------+
; Setup Relationship     ; 10.000 ;       ;             ;            ;       ;       ;
; Clock Skew             ; -0.161 ;       ;             ;            ;       ;       ;
; Data Delay             ; 10.281 ;       ;             ;            ;       ;       ;
; Number of Logic Levels ;        ; 7     ;             ;            ;       ;       ;
; Physical Delays        ;        ;       ;             ;            ;       ;       ;
;  Arrival Path          ;        ;       ;             ;            ;       ;       ;
;   Clock                ;        ;       ;             ;            ;       ;       ;
;    IC                  ;        ; 2     ; 5.184       ; 85         ; 2.450 ; 2.734 ;
;    Cell                ;        ; 2     ; 0.891       ; 15         ; 0.321 ; 0.570 ;
;   Data                 ;        ;       ;             ;            ;       ;       ;
;    IC                  ;        ; 8     ; 6.242       ; 61         ; 0.218 ; 1.564 ;
;    Cell                ;        ; 9     ; 4.039       ; 39         ; 0.000 ; 0.719 ;
;    uTco                ;        ; 1     ; 0.000       ; 0          ; 0.000 ; 0.000 ;
;  Required Path         ;        ;       ;             ;            ;       ;       ;
;   Clock                ;        ;       ;             ;            ;       ;       ;
;    IC                  ;        ; 2     ; 2.534       ; 76         ; 0.576 ; 1.958 ;
;    Cell                ;        ; 2     ; 0.798       ; 24         ; 0.295 ; 0.503 ;
+------------------------+--------+-------+-------------+------------+-------+-------+
Note: Negative delays are omitted from totals when calculating percentages

+------------------------------------------------------------------------------------------+
; Data Arrival Path                                                                        ;
+----------+---------+----+------+--------+----------------------+-------------------------+
; Total    ; Incr    ; RF ; Type ; Fanout ; Location             ; Element                 ;
+----------+---------+----+------+--------+----------------------+-------------------------+
; 0.000    ; 0.000   ;    ;      ;        ;                      ; launch edge time        ;
; 6.075    ; 6.075   ;    ;      ;        ;                      ; clock path              ;
;   0.000  ;   0.000 ;    ;      ;        ;                      ; source latency          ;
;   0.000  ;   0.000 ;    ;      ; 1      ; LABCELL_X1_Y36_N9    ; gpu_clk                 ;
;   2.734  ;   2.734 ; RR ; IC   ; 1      ; CLKCTRL_G2           ; gpu_clk~CLKENA0|inclk   ;
;   3.055  ;   0.321 ; RR ; CELL ; 9078   ; CLKCTRL_G2           ; gpu_clk~CLKENA0|outclk  ;
;   5.505  ;   2.450 ; RR ; IC   ; 1      ; FF_X35_Y47_N5        ; f_pos[1]|clk            ;
;   6.075  ;   0.570 ; RR ; CELL ; 1      ; FF_X35_Y47_N5        ; f_pos[1]                ;
; 16.356   ; 10.281  ;    ;      ;        ;                      ; data path               ;
;   6.075  ;   0.000 ;    ; uTco ; 1      ; FF_X35_Y47_N5        ; f_pos[1]                ;
;   6.075  ;   0.000 ; RR ; CELL ; 2      ; FF_X35_Y47_N5        ; f_pos[1]|q              ;
;   7.245  ;   1.170 ; RR ; IC   ; 1      ; LABCELL_X33_Y45_N27  ; LessThan5~4|datad       ;
;   7.738  ;   0.493 ; RF ; CELL ; 1      ; LABCELL_X33_Y45_N27  ; LessThan5~4|combout     ;
;   8.344  ;   0.606 ; FF ; IC   ; 1      ; MLABCELL_X34_Y45_N0  ; LessThan5~5|dataa       ;
;   8.898  ;   0.554 ; FF ; CELL ; 2      ; MLABCELL_X34_Y45_N0  ; LessThan5~5|combout     ;
;   9.450  ;   0.552 ; FF ; IC   ; 1      ; LABCELL_X33_Y45_N54  ; LessThan5~30|dataa      ;
;   9.990  ;   0.540 ; FR ; CELL ; 1      ; LABCELL_X33_Y45_N54  ; LessThan5~30|combout    ;
;   10.560 ;   0.570 ; RR ; IC   ; 1      ; MLABCELL_X34_Y45_N42 ; LessThan5~31|datae      ;
;   10.861 ;   0.301 ; RF ; CELL ; 1      ; MLABCELL_X34_Y45_N42 ; LessThan5~31|combout    ;
;   11.079 ;   0.218 ; FF ; IC   ; 1      ; MLABCELL_X34_Y45_N54 ; LessThan5~33|datad      ;
;   11.649 ;   0.570 ; FF ; CELL ; 1      ; MLABCELL_X34_Y45_N54 ; LessThan5~33|combout    ;
;   12.398 ;   0.749 ; FF ; IC   ; 1      ; MLABCELL_X34_Y46_N0  ; in_rec_region~0|dataa   ;
;   12.960 ;   0.562 ; FF ; CELL ; 14     ; MLABCELL_X34_Y46_N0  ; in_rec_region~0|combout ;
;   13.773 ;   0.813 ; FF ; IC   ; 1      ; LABCELL_X30_Y46_N15  ; recq[4][143]~0|datae    ;
;   14.073 ;   0.300 ; FF ; CELL ; 136    ; LABCELL_X30_Y46_N15  ; recq[4][143]~0|combout  ;
;   15.637 ;   1.564 ; FF ; IC   ; 1      ; FF_X31_Y51_N38       ; recq[4][21]|ena         ;
;   16.356 ;   0.719 ; FF ; CELL ; 1      ; FF_X31_Y51_N38       ; recq[4][21]             ;
+----------+---------+----+------+--------+----------------------+-------------------------+

+---------------------------------------------------------------------------------------+
; Data Required Path                                                                    ;
+----------+---------+----+------+--------+-------------------+-------------------------+
; Total    ; Incr    ; RF ; Type ; Fanout ; Location          ; Element                 ;
+----------+---------+----+------+--------+-------------------+-------------------------+
; 10.000   ; 10.000  ;    ;      ;        ;                   ; latch edge time         ;
; 15.914   ; 5.914   ;    ;      ;        ;                   ; clock path              ;
;   10.000 ;   0.000 ;    ;      ;        ;                   ; source latency          ;
;   10.000 ;   0.000 ;    ;      ; 1      ; LABCELL_X1_Y36_N9 ; gpu_clk                 ;
;   10.576 ;   0.576 ; RR ; IC   ; 1      ; CLKCTRL_G2        ; gpu_clk~CLKENA0|inclk   ;
;   10.871 ;   0.295 ; RR ; CELL ; 9078   ; CLKCTRL_G2        ; gpu_clk~CLKENA0|outclk  ;
;   12.829 ;   1.958 ; RR ; IC   ; 1      ; FF_X31_Y51_N38    ; recq[4][21]|clk         ;
;   13.332 ;   0.503 ; RR ; CELL ; 1      ; FF_X31_Y51_N38    ; recq[4][21]             ;
;   15.914 ;   2.582 ;    ;      ;        ;                   ; clock pessimism removed ;
; 15.854   ; -0.060  ;    ;      ;        ;                   ; clock uncertainty       ;
; 15.854   ; 0.000   ;    ; uTsu ; 1      ; FF_X31_Y51_N38    ; recq[4][21]             ;
+----------+---------+----+------+--------+-------------------+-------------------------+

----------------------------
; Extra Fitter Information ;
----------------------------
HTML report is unavailable in plain text report export.


Path #100: Setup slack is -0.501 (VIOLATED)
===============================================================================
+----------------------------------------+
; Path Summary                           ;
+--------------------+-------------------+
; Property           ; Value             ;
+--------------------+-------------------+
; From Node          ; f_pos[1]          ;
; To Node            ; f_w[58]           ;
; Launch Clock       ; gpu_clk           ;
; Latch Clock        ; gpu_clk           ;
; Data Arrival Time  ; 16.340            ;
; Data Required Time ; 15.839            ;
; Slack              ; -0.501 (VIOLATED) ;
+--------------------+-------------------+

+------------------------------------------------------------------------------------+
; Statistics                                                                         ;
+------------------------+--------+-------+-------------+------------+-------+-------+
; Property               ; Value  ; Count ; Total Delay ; % of Total ; Min   ; Max   ;
+------------------------+--------+-------+-------------+------------+-------+-------+
; Setup Relationship     ; 10.000 ;       ;             ;            ;       ;       ;
; Clock Skew             ; -0.176 ;       ;             ;            ;       ;       ;
; Data Delay             ; 10.265 ;       ;             ;            ;       ;       ;
; Number of Logic Levels ;        ; 7     ;             ;            ;       ;       ;
; Physical Delays        ;        ;       ;             ;            ;       ;       ;
;  Arrival Path          ;        ;       ;             ;            ;       ;       ;
;   Clock                ;        ;       ;             ;            ;       ;       ;
;    IC                  ;        ; 2     ; 5.184       ; 85         ; 2.450 ; 2.734 ;
;    Cell                ;        ; 2     ; 0.891       ; 15         ; 0.321 ; 0.570 ;
;   Data                 ;        ;       ;             ;            ;       ;       ;
;    IC                  ;        ; 8     ; 6.231       ; 61         ; 0.218 ; 1.387 ;
;    Cell                ;        ; 9     ; 4.034       ; 39         ; 0.000 ; 0.714 ;
;    uTco                ;        ; 1     ; 0.000       ; 0          ; 0.000 ; 0.000 ;
;  Required Path         ;        ;       ;             ;            ;       ;       ;
;   Clock                ;        ;       ;             ;            ;       ;       ;
;    IC                  ;        ; 2     ; 2.532       ; 76         ; 0.576 ; 1.956 ;
;    Cell                ;        ; 2     ; 0.785       ; 24         ; 0.295 ; 0.490 ;
+------------------------+--------+-------+-------------+------------+-------+-------+
Note: Negative delays are omitted from totals when calculating percentages

+------------------------------------------------------------------------------------------+
; Data Arrival Path                                                                        ;
+----------+---------+----+------+--------+----------------------+-------------------------+
; Total    ; Incr    ; RF ; Type ; Fanout ; Location             ; Element                 ;
+----------+---------+----+------+--------+----------------------+-------------------------+
; 0.000    ; 0.000   ;    ;      ;        ;                      ; launch edge time        ;
; 6.075    ; 6.075   ;    ;      ;        ;                      ; clock path              ;
;   0.000  ;   0.000 ;    ;      ;        ;                      ; source latency          ;
;   0.000  ;   0.000 ;    ;      ; 1      ; LABCELL_X1_Y36_N9    ; gpu_clk                 ;
;   2.734  ;   2.734 ; RR ; IC   ; 1      ; CLKCTRL_G2           ; gpu_clk~CLKENA0|inclk   ;
;   3.055  ;   0.321 ; RR ; CELL ; 9078   ; CLKCTRL_G2           ; gpu_clk~CLKENA0|outclk  ;
;   5.505  ;   2.450 ; RR ; IC   ; 1      ; FF_X35_Y47_N5        ; f_pos[1]|clk            ;
;   6.075  ;   0.570 ; RR ; CELL ; 1      ; FF_X35_Y47_N5        ; f_pos[1]                ;
; 16.340   ; 10.265  ;    ;      ;        ;                      ; data path               ;
;   6.075  ;   0.000 ;    ; uTco ; 1      ; FF_X35_Y47_N5        ; f_pos[1]                ;
;   6.075  ;   0.000 ; RR ; CELL ; 2      ; FF_X35_Y47_N5        ; f_pos[1]|q              ;
;   7.245  ;   1.170 ; RR ; IC   ; 1      ; LABCELL_X33_Y45_N27  ; LessThan5~4|datad       ;
;   7.738  ;   0.493 ; RF ; CELL ; 1      ; LABCELL_X33_Y45_N27  ; LessThan5~4|combout     ;
;   8.344  ;   0.606 ; FF ; IC   ; 1      ; MLABCELL_X34_Y45_N0  ; LessThan5~5|dataa       ;
;   8.898  ;   0.554 ; FF ; CELL ; 2      ; MLABCELL_X34_Y45_N0  ; LessThan5~5|combout     ;
;   9.450  ;   0.552 ; FF ; IC   ; 1      ; LABCELL_X33_Y45_N54  ; LessThan5~30|dataa      ;
;   9.990  ;   0.540 ; FR ; CELL ; 1      ; LABCELL_X33_Y45_N54  ; LessThan5~30|combout    ;
;   10.560 ;   0.570 ; RR ; IC   ; 1      ; MLABCELL_X34_Y45_N42 ; LessThan5~31|datae      ;
;   10.861 ;   0.301 ; RF ; CELL ; 1      ; MLABCELL_X34_Y45_N42 ; LessThan5~31|combout    ;
;   11.079 ;   0.218 ; FF ; IC   ; 1      ; MLABCELL_X34_Y45_N54 ; LessThan5~33|datad      ;
;   11.649 ;   0.570 ; FF ; CELL ; 1      ; MLABCELL_X34_Y45_N54 ; LessThan5~33|combout    ;
;   12.398 ;   0.749 ; FF ; IC   ; 1      ; MLABCELL_X34_Y46_N0  ; in_rec_region~0|dataa   ;
;   12.960 ;   0.562 ; FF ; CELL ; 14     ; MLABCELL_X34_Y46_N0  ; in_rec_region~0|combout ;
;   13.939 ;   0.979 ; FF ; IC   ; 1      ; LABCELL_X33_Y48_N39  ; f_w[127]~1|datae        ;
;   14.239 ;   0.300 ; FF ; CELL ; 120    ; LABCELL_X33_Y48_N39  ; f_w[127]~1|combout      ;
;   15.626 ;   1.387 ; FF ; IC   ; 1      ; FF_X27_Y45_N46       ; f_w[58]|ena             ;
;   16.340 ;   0.714 ; FF ; CELL ; 1      ; FF_X27_Y45_N46       ; f_w[58]                 ;
+----------+---------+----+------+--------+----------------------+-------------------------+

+---------------------------------------------------------------------------------------+
; Data Required Path                                                                    ;
+----------+---------+----+------+--------+-------------------+-------------------------+
; Total    ; Incr    ; RF ; Type ; Fanout ; Location          ; Element                 ;
+----------+---------+----+------+--------+-------------------+-------------------------+
; 10.000   ; 10.000  ;    ;      ;        ;                   ; latch edge time         ;
; 15.899   ; 5.899   ;    ;      ;        ;                   ; clock path              ;
;   10.000 ;   0.000 ;    ;      ;        ;                   ; source latency          ;
;   10.000 ;   0.000 ;    ;      ; 1      ; LABCELL_X1_Y36_N9 ; gpu_clk                 ;
;   10.576 ;   0.576 ; RR ; IC   ; 1      ; CLKCTRL_G2        ; gpu_clk~CLKENA0|inclk   ;
;   10.871 ;   0.295 ; RR ; CELL ; 9078   ; CLKCTRL_G2        ; gpu_clk~CLKENA0|outclk  ;
;   12.827 ;   1.956 ; RR ; IC   ; 1      ; FF_X27_Y45_N46    ; f_w[58]|clk             ;
;   13.317 ;   0.490 ; RR ; CELL ; 1      ; FF_X27_Y45_N46    ; f_w[58]                 ;
;   15.899 ;   2.582 ;    ;      ;        ;                   ; clock pessimism removed ;
; 15.839   ; -0.060  ;    ;      ;        ;                   ; clock uncertainty       ;
; 15.839   ; 0.000   ;    ; uTsu ; 1      ; FF_X27_Y45_N46    ; f_w[58]                 ;
+----------+---------+----+------+--------+-------------------+-------------------------+

----------------------------
; Extra Fitter Information ;
----------------------------
HTML report is unavailable in plain text report export.


